1,-576454214121,2.000034775034163,2.8999945454024787,6.432148860400879e-4,1.4348523225767246e-4,0,6752156,0.076,0.008844499799999975,0.001873023299999938,0,0.02030000000000015,0.047133333333333916,0,1,76,1
2,-576454214120,2.0000734542761185,2.900044608668008,0.0011129307850807546,9.022189205686054e-4,0,6752166,0.01,0.0010651697999999538,-0.002914256700000068,0,-0.11094999999999985,-0.15411666666666612,0,1,77,2
3,-576454214119,2.0000844079506344,2.9000534148312034,0.0010778041180807539,8.590137185686051e-4,0,6752176,0.01,-0.004320520200000038,-0.0035126667000000707,0,-0.11094999999999985,0.029633333333333844,0,0,77,-1
4,-576454214119,2.00009459147148,2.9000622078293787,9.589000510807533e-4,8.995859165686047e-4,0,6752186,0.01,0.004057219799999968,-0.01189040670000006,0,0.08155000000000015,0.029633333333333844,0,0,77,-1
5,-576454214119,2.000103735554156,2.9000711671855344,0.0,0.0,1,6752196,0.01,-7.300602000000378e-4,-0.008898356700000063,0,-0.12844999999999987,-0.03161666666666607,0,0,77,-1
6,-576454214119,2.000103859125821,2.9000712204440244,0.0,0.0,1,6752206,0.01,0.0010651697999999538,0.002471433299999941,0,-0.02344999999999986,-0.15411666666666612,0,0,77,-1
7,-576454214118,2.0001038031744858,2.9000713335435147,0.0,0.0,1,6752216,0.01,0.0022619897999999593,-0.0011190267000000594,0,0.055300000000000155,-0.07536666666666614,0,0,77,-1
8,-576454214118,2.0001035377796508,2.9000714765635047,0.0,0.0,1,6752226,0.01,0.0028603997999999626,-0.005307896700000063,0,-0.11094999999999985,-0.04036666666666611,0,0,77,-1
9,-576454214117,2.000103990476816,2.900071799106495,0.0,0.0,1,6752236,0.01,0.006450859799999979,0.009053943299999938,0,-0.19844999999999988,0.1258833333333338,0,0,77,-1
10,-576454214110,2.000223871724272,2.899945399538948,0.0,0.0,1,6752246,0.01,0.005254039799999974,-0.002914256700000068,0,0.02030000000000015,-0.0666166666666661,0,1,78,1
11,-576454214019,2.0002239488383764,2.899945826019771,0.0,0.0,1,6752257,0.011,0.007049269799999965,0.0012746132999999521,0,-0.10219999999999987,-0.014116666666666111,0,0,78,-1
12,-576454214019,2.000224371615041,2.899945998960261,0.0,0.0,1,6752267,0.01,0.0034588097999999822,0.008455533299999936,0,0.15155000000000016,0.2396333333333338,0,0,78,-1
13,-576454214018,2.0002244474724846,2.899945775507983,0.0,0.0,1,6752276,0.009,-0.005517340200000027,0.001873023299999938,0,0.06405000000000015,-0.022866666666666147,0,0,78,-1
14,-576454214018,2.0002243616006496,2.8999459783689727,0.0,0.0,1,6752286,0.01,0.004057219799999968,-0.0017174367000000453,0,0.03780000000000014,-0.022866666666666147,0,0,78,-1
15,-576454214018,2.0002245749338146,2.8999461812299625,0.0,0.0,1,6752296,0.01,0.004057219799999968,0.00426666329999995,0,-0.03219999999999984,0.02088333333333381,0,0,78,-1
16,-576454214017,2.0002246685849796,2.8999462344884526,0.0,0.0,1,6752306,0.01,0.0010651697999999538,0.001873023299999938,0,-0.02344999999999986,0.047133333333333916,0,0,78,-1
17,-576454214017,2.0002242535876444,2.8999462877469426,0.0,0.0,1,6752316,0.01,0.0010651697999999538,-0.00829994670000006,0,-0.049699999999999855,0.0996333333333339,0,0,78,-1
18,-576454214017,2.0002240181133093,2.899946041800433,0.0,0.0,1,6752326,0.01,-0.004918930200000041,-0.004709486700000059,0,-0.13719999999999985,-0.11036666666666606,0,0,78,-1
19,-576454214017,2.0002238125594745,2.8999461249794227,0.0,0.0,1,6752336,0.01,0.0016635797999999566,-0.0041110767000000735,0,-0.09344999999999984,-0.022866666666666147,0,0,78,-1
20,-576454214010,2.0003037110085686,2.9000656248449075,0.0,0.0,1,6752346,0.01,0.0016635797999999566,0.004865073299999936,0,-0.005949999999999844,-0.0666166666666661,0,1,79,2
21,-576454213999,2.000303864500734,2.9000658277058973,0.0,0.0,1,6752356,0.01,0.004057219799999968,0.0030698432999999438,0,-0.18969999999999984,-0.04036666666666611,0,0,79,-1
22,-576454213991,2.000303778628899,2.9000657912028873,-1.7174367000000453e-5,-7.300602000000378e-6,0,6752366,0.01,-7.300602000000378e-4,-0.0017174367000000453,0,-0.2859499999999998,-0.07536666666666614,0,0,79,-1
23,-576454213981,2.000303850138894,2.9000660706603574,3.1476365999998905e-5,6.319209599999928e-5,0,6752376,0.01,0.007049269799999965,0.004865073299999936,0,0.055300000000000155,0.02088333333333381,0,0,79,-1
24,-576454213971,2.000304288474219,2.9000668456013075,5.6190698999998314e-5,9.17960939999989e-5,0,6752386,0.01,0.0028603997999999626,0.002471433299999941,0,0.08155000000000015,0.09088333333333387,0,0,79,-1
25,-576454213961,2.000304914111874,2.900067876661738,6.893683199999783e-5,1.144159919999985e-4,0,6752396,0.01,0.0022619897999999593,0.0012746132999999521,0,-0.02344999999999986,-0.19786666666666608,0,0,79,-1
26,-576454213951,2.000306026256859,2.900069074080148,1.534921649999972e-4,1.2506768999999803e-4,0,6752406,0.01,0.0010651697999999538,0.008455533299999936,0,0.07280000000000016,0.09088333333333387,0,0,79,-1
27,-576454213941,2.000307295783674,2.9000705276180376,0.0,0.0,1,6752416,0.01,0.004057219799999968,-0.005307896700000063,0,0.06405000000000015,-0.05786666666666607,0,0,79,-1
28,-576454213932,2.000306731183839,2.900070640717528,0.0,0.0,1,6752426,0.01,0.0022619897999999593,-0.011291996700000057,0,-0.11094999999999985,-0.005366666666666076,0,0,79,-1
29,-576454213921,2.000370920157079,2.900167304499287,0.0,0.0,1,6752436,0.01,0.00824608979999997,-0.0011190267000000594,0,-0.12844999999999987,0.03838333333333388,0,1,80,2
30,-576454213911,2.000371133490244,2.900167627042277,0.0,0.0,1,6752446,0.01,0.006450859799999979,0.00426666329999995,0,0.0028000000000001357,-0.15411666666666612,0,0,80,-1
31,-576454213901,2.0003711074594093,2.900167440936767,0.0,0.0,1,6752456,0.01,-0.0037221102000000355,-5.206167000000564e-4,0,-0.02344999999999986,-0.022866666666666147,0,0,80,-1
32,-576454213891,2.0003708420645743,2.900167853241257,0.0,0.0,1,6752466,0.01,0.00824608979999997,-0.005307896700000063,0,-0.14594999999999983,0.029633333333333844,0,0,80,-1
33,-576454213881,2.0003712050002393,2.900167667135747,0.0,0.0,1,6752476,0.01,-0.0037221102000000355,0.007258713299999947,0,-0.08469999999999986,0.02088333333333381,0,0,80,-1
34,-576454213871,2.0003712986514044,2.900167600712237,0.0,0.0,1,6752486,0.01,-0.0013284702000000408,0.001873023299999938,0,-0.16344999999999985,0.012133333333333995,0,0,80,-1
35,-576454213861,2.0003711828590696,2.900167235083727,0.0,0.0,1,6752496,0.01,-0.007312570200000036,-0.002315846700000065,0,-0.13719999999999985,0.11713333333333398,0,0,80,-1
36,-576454213850,2.0004934840243624,2.90003839703181,0.0,0.0,1,6752506,0.01,0.0010651697999999538,7.779329999994643e-5,0,-0.05844999999999986,0.03838333333333388,0,1,81,1
37,-576454213841,2.0004933981525275,2.9000379117213,0.0,0.0,1,6752516,0.01,-0.00970621020000003,-0.0017174367000000453,0,-0.10219999999999987,-0.18036666666666612,0,0,81,-1
40,-576454213811,2.000493140537022,2.9000380415762703,0.0,0.0,1,6752546,0.01,0.00824608979999997,-0.002914256700000068,0,0.011550000000000143,0.14338333333333386,0,0,81,-1
41,-576454213801,2.000492905062687,2.9000380050732604,0.0,0.0,1,6752556,0.01,-7.300602000000378e-4,-0.004709486700000059,0,-0.11969999999999983,0.03838333333333388,0,0,81,-1
42,-576454213790,2.000492400303852,2.90003820793425,0.0,0.0,1,6752566,0.01,0.004057219799999968,-0.01009517670000007,0,-0.02344999999999986,0.0733833333333338,0,0,81,-1
43,-576454213781,2.000522945022444,2.900084305475356,0.0,0.0,1,6752576,0.01,0.0022619897999999593,-0.0035126667000000707,0,-0.04094999999999985,-0.022866666666666147,0,1,82,2
44,-576454213771,2.000523218196609,2.9000840296083457,5.463483299999938e-5,-5.517340200000027e-5,0,6752586,0.01,-0.005517340200000027,0.005463483299999938,0,-0.3034499999999999,-0.05786666666666607,0,0,82,-1
45,-576454213761,2.0005238581961042,2.900083531132816,7.336506599999876e-5,-4.4521704000000734e-5,0,6752596,0.01,0.0010651697999999538,0.001873023299999938,0,-0.09344999999999984,0.16088333333333393,0,0,82,-1
46,-576454213751,2.000524685497929,2.900082839969266,9.209529899999815e-5,-9.371100600000115e-5,0,6752606,0.01,-0.004918930200000041,0.001873023299999938,0,-0.11969999999999983,0.06463333333333399,0,0,82,-1
47,-576454213741,2.000525520579084,2.900081956117696,7.492093199999769e-5,-8.305930800000161e-5,0,6752616,0.01,0.0010651697999999538,-0.0017174367000000453,0,-0.09344999999999984,0.06463333333333399,0,0,82,-1
48,-576454213731,2.000526423280569,2.9000814779881057,1.0561936499999712e-4,-1.2566610000001955e-5,0,6752626,0.01,0.007049269799999965,0.0030698432999999438,0,-0.17219999999999988,-0.0928666666666661,0,0,82,-1
49,-576454213719,2.000527483363884,2.9000815851034956,0.0,0.0,1,6752636,0.01,0.004655629799999971,7.779329999994643e-5,0,-0.09344999999999984,0.00338333333333396,0,0,82,-1
50,-576454213710,2.0006570766928866,2.899944825104969,0.0,0.0,1,6752646,0.01,-0.004320520200000038,-0.0011190267000000594,0,0.17780000000000015,0.13463333333333383,0,1,83,1
51,-576454213701,2.0006574396285517,2.899944848442959,0.0,0.0,1,6752656,0.01,4.667597999999679e-4,0.007258713299999947,0,0.15155000000000016,-0.04911666666666614,0,0,83,-1
52,-576454213691,2.0006578025642168,2.899944482814449,0.0,0.0,1,6752666,0.01,-0.007312570200000036,0.007258713299999947,0,-0.10219999999999987,0.0733833333333338,0,0,83,-1
53,-576454213681,2.0006577466128816,2.899944805357439,0.0,0.0,1,6752676,0.01,0.006450859799999979,-0.0011190267000000594,0,0.02030000000000015,0.012133333333333995,0,0,83,-1
54,-576454213671,2.0006580497075466,2.899945008218429,0.0,0.0,1,6752686,0.01,0.004057219799999968,0.006061893299999941,0,-0.05844999999999986,0.05588333333333395,0,0,83,-1
55,-576454213660,2.0006581630254563,2.8999442399736868,0.0,0.0,1,6752697,0.011,-0.012698260200000028,0.001873023299999938,0,-0.06719999999999984,0.05588333333333395,0,0,83,-1
56,-576454213649,2.000706603060349,2.9000164653452387,0.0,0.0,1,6752707,0.01,-0.0025252902000000295,0.0012746132999999521,0,-0.005949999999999844,0.10838333333333394,0,1,84,2
57,-576454213640,2.000706397506514,2.900016398921729,0.0,0.0,1,6752717,0.01,-0.0013284702000000408,-0.0041110767000000735,0,-0.05844999999999986,-0.04911666666666614,0,0,84,-1
58,-576454213630,2.000706461237179,2.900016751385219,0.0,0.0,1,6752727,0.01,0.007049269799999965,0.0012746132999999521,0,-0.11094999999999985,0.047133333333333916,0,0,84,-1
59,-576454213620,2.0007065548883443,2.9000169542462086,0.0,0.0,1,6752737,0.01,0.004057219799999968,0.001873023299999938,0,-0.04094999999999985,0.03838333333333388,0,0,84,-1
60,-576454213608,2.0007062894935093,2.9000172468686984,0.0,0.0,1,6752747,0.01,0.005852449799999977,-0.005307896700000063,0,-0.13719999999999985,-0.03161666666666607,0,0,84,-1
61,-576454213599,2.000706413065174,2.9000178087756883,0.0,0.0,1,6752757,0.01,0.011238139799999968,0.002471433299999941,0,-0.14594999999999983,0.13463333333333383,0,0,84,-1
62,-576454213590,2.000706177590839,2.9000178321136785,0.0,0.0,1,6752767,0.01,4.667597999999679e-4,-0.004709486700000059,0,-0.09344999999999984,0.16088333333333393,0,0,84,-1
63,-576454213580,2.00081458315562,2.8999037436450084,0.0,0.0,1,6752777,0.01,-1.31650200000035e-4,7.779329999994643e-5,0,-0.11094999999999985,0.03838333333333388,0,1,85,1
64,-576454213570,2.0008146169657848,2.8999038866649984,0.0,0.0,1,6752787,0.01,0.0028603997999999626,6.762032999999493e-4,0,-0.03219999999999984,0.029633333333333844,0,0,85,-1
65,-576454213559,2.00081450117345,2.8999037005594883,0.0,0.0,1,6752797,0.01,-0.0037221102000000355,-0.002315846700000065,0,0.19530000000000014,0.029633333333333844,0,0,85,-1
66,-576454213550,2.000814325540115,2.8999036341359785,0.0,0.0,1,6752807,0.01,-0.0013284702000000408,-0.0035126667000000707,0,0.02030000000000015,0.012133333333333995,0,0,85,-1
67,-576454213540,2.00081403022478,2.8999038070764684,0.0,0.0,1,6752817,0.01,0.0034588097999999822,-0.005906306700000065,0,-0.13719999999999985,0.09088333333333387,0,0,85,-1
68,-576454213530,2.000814123875945,2.8999039800169584,0.0,0.0,1,6752827,0.01,0.0034588097999999822,0.001873023299999938,0,-0.18969999999999984,0.0996333333333339,0,0,85,-1
69,-576454213520,2.0008143671296104,2.8999043324804483,0.0,0.0,1,6752837,0.01,0.007049269799999965,0.004865073299999936,0,-0.08469999999999986,-0.0928666666666661,0,0,85,-1
70,-576454213508,2.0008973944848845,2.9000276417655764,0.0,0.0,1,6752847,0.01,0.0010651697999999538,0.010849173299999938,0,-0.20719999999999986,-0.10161666666666613,0,1,86,2
71,-576454213500,2.0008977275000497,2.9000277249445663,0.0,0.0,1,6752857,0.01,0.0016635797999999566,0.006660303299999944,0,0.06405000000000015,-0.0666166666666661,0,0,86,-1
73,-576454213466,2.00089779512038,2.900028519633046,0.0,0.0,1,6752877,0.01,0.005852449799999977,0.0036682532999999466,0,0.18655000000000016,0.047133333333333916,0,0,86,-1
74,-576454213465,2.000897948612545,2.9000284532095364,0.0,0.0,1,6752887,0.01,-0.0013284702000000408,0.0030698432999999438,0,-0.014699999999999852,-0.005366666666666076,0,0,86,-1
75,-576454213460,2.00089807218421,2.9000288056730263,0.0,0.0,1,6752897,0.01,0.007049269799999965,0.002471433299999941,0,0.09030000000000014,0.06463333333333399,0,0,86,-1
76,-576454213450,2.000898195755875,2.9000293077390165,0.0,0.0,1,6752907,0.01,0.010041319799999962,0.002471433299999941,0,-0.20719999999999986,0.05588333333333395,0,0,86,-1
77,-576454213439,2.001001526442391,2.8999211325677416,0.0,0.0,1,6752917,0.01,0.0028603997999999626,0.006660303299999944,0,-0.02344999999999986,0.0996333333333339,0,1,87,1
78,-576454213430,2.001001470491056,2.8999212157467316,0.0,0.0,1,6752927,0.01,0.0016635797999999566,-0.0011190267000000594,0,-0.13719999999999985,-0.05786666666666607,0,0,87,-1
79,-576454213421,2.001001623983221,2.8999214186077213,0.0,0.0,1,6752937,0.01,0.004057219799999968,0.0030698432999999438,0,0.07280000000000016,0.00338333333333396,0,0,87,-1
80,-576454213410,2.001001388508886,2.899921052979211,0.0,0.0,1,6752947,0.01,-0.007312570200000036,-0.004709486700000059,0,-0.17219999999999988,-0.1453666666666661,0,0,87,-1
81,-576454213400,2.001001182955051,2.899920866873701,0.0,0.0,1,6752957,0.01,-0.0037221102000000355,-0.0041110767000000735,0,-0.16344999999999985,0.10838333333333394,0,0,87,-1
82,-576454213390,2.0010008876397163,2.899920770529691,0.0,0.0,1,6752967,0.01,-0.0019268802000000436,-0.005906306700000065,0,-0.04094999999999985,-0.08411666666666606,0,0,87,-1
83,-576454213380,2.0010706364763355,2.9000244443478813,0.0,0.0,1,6752977,0.01,-0.0037221102000000355,0.0036682532999999466,0,0.0028000000000001357,0.11713333333333398,0,1,88,2
84,-576454213369,2.0010701915585005,2.9000245574473715,0.0,0.0,1,6752987,0.01,0.0022619897999999593,-0.008898356700000063,0,0.02030000000000015,-0.1191166666666661,0,0,88,-1
85,-576454213360,2.0010704348121657,2.9000245209443616,0.0,0.0,1,6752997,0.01,-7.300602000000378e-4,0.004865073299999936,0,-0.09344999999999984,-0.04036666666666611,0,0,88,-1
86,-576454213349,2.001070498542831,2.9000247836463515,0.0,0.0,1,6753007,0.01,0.005254039799999974,0.0012746132999999521,0,-0.03219999999999984,-0.04911666666666614,0,0,88,-1
87,-576454213340,2.0010710110809957,2.9000244479383417,0.0,0.0,1,6753017,0.01,-0.006714160200000032,0.010250763299999936,0,0.03780000000000014,0.09088333333333387,0,0,88,-1
88,-576454213330,2.0010706559246607,2.9000248901633316,0.0,0.0,1,6753027,0.01,0.008844499799999975,-0.007103126700000071,0,-0.14594999999999983,0.03838333333333388,0,0,88,-1
89,-576454213320,2.0010704802913257,2.9000250930243214,0.0,0.0,1,6753037,0.01,0.004057219799999968,-0.0035126667000000707,0,-0.20719999999999986,-0.0666166666666661,0,0,88,-1
90,-576454213310,2.001205268973245,2.8998843175011992,0.0,0.0,1,6753047,0.01,0.013631779799999962,0.0036682532999999466,0,-0.049699999999999855,0.029633333333333844,0,1,89,1
91,-576454213299,2.00120500357841,2.8998838022701894,0.0,0.0,1,6753057,0.01,-0.010304620200000033,-0.005307896700000063,0,-0.04094999999999985,0.029633333333333844,0,0,89,-1
92,-576454213290,2.001205216911575,2.8998838256081796,0.0,0.0,1,6753067,0.01,4.667597999999679e-4,0.00426666329999995,0,0.09030000000000014,-0.10161666666666613,0,0,89,-1
93,-576454213280,2.00120522080124,2.8998842678331695,0.0,0.0,1,6753077,0.01,0.008844499799999975,7.779329999994643e-5,0,0.02030000000000015,-0.0666166666666661,0,0,89,-1
94,-576454213270,2.001204985326905,2.8998840518071596,0.0,0.0,1,6753087,0.01,-0.004320520200000038,-0.004709486700000059,0,0.011550000000000143,0.13463333333333383,0,0,89,-1
95,-576454213261,2.00120466009107,2.89988416490665,0.0,0.0,1,6753097,0.01,0.0022619897999999593,-0.006504716700000068,0,-0.005949999999999844,-0.0666166666666661,0,0,89,-1
96,-576454213250,2.001204484457735,2.8998839788011397,0.0,0.0,1,6753107,0.01,-0.0037221102000000355,-0.0035126667000000707,0,-0.12844999999999987,0.03838333333333388,0,0,89,-1
97,-576454213240,2.001248648027981,2.8999495454938358,0.0,0.0,1,6753117,0.01,0.0010651697999999538,0.004865073299999936,0,-0.07594999999999988,0.09088333333333387,0,1,90,2
98,-576454213230,2.001248173189646,2.8999491499448258,0.0,0.0,1,6753127,0.01,-0.007910980200000039,-0.009496766700000065,0,-0.049699999999999855,-0.1453666666666661,0,0,90,-1
99,-576454213220,2.0012478778743112,2.899949113441816,0.0,0.0,1,6753137,0.01,-7.300602000000378e-4,-0.005906306700000065,0,-0.08469999999999986,0.09088333333333387,0,0,90,-1
100,-576454213210,2.0012477920024763,2.8999493163028056,0.0,0.0,1,6753147,0.01,0.004057219799999968,-0.0017174367000000453,0,-0.07594999999999988,0.02088333333333381,0,0,90,-1
101,-576454213198,2.0012478557331415,2.8999491002767956,0.0,0.0,1,6753157,0.01,-0.004320520200000038,0.0012746132999999521,0,0.011550000000000143,-0.20661666666666612,0,0,90,-1
102,-576454213189,2.0012481289073065,2.8999491535352857,0.0,0.0,1,6753167,0.01,0.0010651697999999538,0.005463483299999938,0,-0.19844999999999988,-0.1191166666666661,0,0,90,-1
103,-576454213179,2.0012482524789714,2.899949565839776,0.0,0.0,1,6753177,0.01,0.00824608979999997,0.002471433299999941,0,-0.08469999999999986,-0.1453666666666661,0,0,90,-1
104,-576454213169,2.0013570452609923,2.899835788835546,0.0,0.0,1,6753188,0.011,-0.005517340200000027,0.012644403299999938,0,-0.17219999999999988,0.02088333333333381,0,1,91,1
105,-576454213159,2.001356899548157,2.8998358121735364,0.0,0.0,1,6753198,0.01,4.667597999999679e-4,-0.002914256700000068,0,-0.13719999999999985,0.03838333333333388,0,0,91,-1
106,-576454213148,2.001357023119822,2.8998359252730266,0.0,0.0,1,6753208,0.01,0.0022619897999999593,0.002471433299999941,0,0.011550000000000143,0.08213333333333384,0,0,91,-1
107,-576454213139,2.001357326214487,2.8998360682930167,0.0,0.0,1,6753218,0.01,0.0028603997999999626,0.006061893299999941,0,-0.16344999999999985,-0.22411666666666608,0,0,91,-1
108,-576454213129,2.0013576592296523,2.8998361215515067,0.0,0.0,1,6753228,0.01,0.0010651697999999538,0.006660303299999944,0,-0.11969999999999983,-0.022866666666666147,0,0,91,-1
109,-576454213119,2.001358171767817,2.899836055127997,0.0,0.0,1,6753238,0.01,-0.0013284702000000408,0.010250763299999936,0,0.055300000000000155,0.2046333333333339,0,0,91,-1
110,-576454213108,2.001402371745975,2.8999013801500024,0.0,0.0,1,6753248,0.01,-0.0019268802000000436,0.006061893299999941,0,0.0028000000000001357,0.00338333333333396,0,1,92,2
111,-576454213098,2.00140240555614,2.8999014633289923,0.0,0.0,1,6753258,0.01,0.0016635797999999566,6.762032999999493e-4,0,0.055300000000000155,-0.0666166666666661,0,0,92,-1
112,-576454213089,2.0014021700818048,2.8999017260309823,0.0,0.0,1,6753268,0.01,0.005254039799999974,-0.004709486700000059,0,0.02905000000000016,-0.022866666666666147,0,0,92,-1
113,-576454213079,2.00140199444847,2.899901539925472,-3.5126667000000705e-5,-3.722110200000035e-5,0,6753278,0.01,-0.0037221102000000355,-0.0035126667000000707,0,-0.2596999999999998,0.00338333333333396,0,0,92,-1
114,-576454213069,2.001401258104965,2.8999010414499424,-1.1214203400000127e-4,-6.247400400000065e-5,0,6753288,0.01,-0.0025252902000000295,-0.007701536700000057,0,-0.13719999999999985,-0.1191166666666661,0,0,92,-1
115,-576454213060,2.00139984136929,2.8999003802068923,-1.712051010000019e-4,-6.977460600000102e-5,0,6753298,0.01,-7.300602000000378e-4,-0.005906306700000065,0,-0.02344999999999986,0.029633333333333844,0,0,92,-1
116,-576454213051,2.0013985217944543,2.899899722668,-1.2203375130000248e-4,-7.634514780000137e-5,0,6753307,0.009,-7.300602000000378e-4,0.005463483299999938,0,0.07280000000000016,-0.16286666666666616,0,0,92,-1
117,-576454213041,2.0015114583374984,2.8997793660424707,-9.366931602222063e-5,-6.524157925703774e-5,0,6753317,0.01,0.004655629799999971,-5.206167000000564e-4,0,-0.19844999999999988,-0.04911666666666614,0,1,93,1
118,-576454213031,2.001510346011003,2.8997787668851682,-1.2879598302222134e-4,-5.4589881257038204e-5,0,6753327,0.01,0.0010651697999999538,-0.0035126667000000707,0,-0.2509499999999999,-0.18911666666666616,0,0,93,-1
119,-576454213021,2.0015091816228376,2.899778663211346,-1.0408165002222193e-4,3.3855116742961544e-5,0,6753337,0.01,0.008844499799999975,0.002471433299999941,0,-0.049699999999999855,0.029633333333333844,0,0,93,-1
120,-576454213011,2.0015081746165024,2.8997789652595034,-9.731961702222244e-5,2.6554514742961166e-5,0,6753347,0.01,-7.300602000000378e-4,6.762032999999493e-4,0,0.06405000000000015,0.029633333333333844,0,0,93,-1
121,-576454213000,2.001507624196997,2.899778625812141,-1.2764284022223087e-5,-9.444398725703908e-5,0,6753357,0.01,-0.012099850200000024,0.008455533299999936,0,-0.16344999999999985,0.012133333333333995,0,0,93,-1
122,-576454212990,2.0015077098873215,2.8997773157437585,2.990234897777641e-5,-1.6756968925703942e-4,0,6753367,0.01,-0.007312570200000036,0.00426666329999995,0,-0.14594999999999983,0.02088333333333381,0,0,93,-1
123,-576454212980,2.0015080726414767,2.899775543702856,0.0,0.0,1,6753377,0.01,-0.0019268802000000436,0.0012746132999999521,0,-0.04094999999999985,-0.03161666666666607,0,0,93,-1
124,-576454212970,2.0015374247254814,2.899819621847519,0.0,0.0,1,6753387,0.01,0.005254039799999974,-0.0011190267000000594,0,0.02030000000000015,-0.04036666666666611,0,1,94,2
125,-576454212960,2.0015376679791466,2.8998190168550093,0.0,0.0,1,6753397,0.01,-0.012099850200000024,0.004865073299999936,0,-0.09344999999999984,0.029633333333333844,0,0,94,-1
126,-576454212950,2.0015375821073116,2.8998195189209994,0.0,0.0,1,6753407,0.01,0.010041319799999962,-0.0017174367000000453,0,-0.06719999999999984,-0.03161666666666607,0,0,94,-1
127,-576454212939,2.0015375859969766,2.8998202304304894,0.0,0.0,1,6753417,0.01,0.014230189799999966,7.779329999994643e-5,0,-0.03219999999999984,-0.0666166666666661,0,0,94,-1
128,-576454212930,2.0015376796481417,2.8998202238479793,0.0,0.0,1,6753427,0.01,-1.31650200000035e-4,0.001873023299999938,0,0.09905000000000015,-0.1191166666666661,0,0,94,-1
129,-576454212919,2.001538012663307,2.899819947980969,0.0,0.0,1,6753437,0.01,-0.005517340200000027,0.006660303299999944,0,-0.06719999999999984,0.047133333333333916,0,0,94,-1
130,-576454212910,2.0015376874274717,2.8998198815574594,0.0,0.0,1,6753447,0.01,-0.0013284702000000408,-0.006504716700000068,0,0.11655000000000015,0.1258833333333338,0,0,94,-1
131,-576454212900,2.001656722039175,2.8996957128935468,0.0,0.0,1,6753457,0.01,0.0028603997999999626,0.010849173299999938,0,-0.19844999999999988,-0.15411666666666612,0,1,95,1
132,-576454212890,2.00165732433884,2.8996953472650366,0.0,0.0,1,6753467,0.01,-0.007312570200000036,0.012045993299999936,0,-0.07594999999999988,-0.08411666666666606,0,0,95,-1
133,-576454212880,2.001657208546505,2.899695280841527,0.0,0.0,1,6753477,0.01,-0.0013284702000000408,-0.002315846700000065,0,-0.005949999999999844,-0.13661666666666616,0,0,95,-1
134,-576454212870,2.0016575714821703,2.899695812828017,0.0,0.0,1,6753487,0.01,0.010639729799999966,0.007258713299999947,0,-0.014699999999999852,0.029633333333333844,0,0,95,-1
135,-576454212860,2.0016577548948353,2.899696135371007,0.0,0.0,1,6753497,0.01,0.006450859799999979,0.0036682532999999466,0,-0.03219999999999984,-0.12786666666666613,0,0,95,-1
136,-576454212849,2.0016579981485005,2.899696816959997,0.0,0.0,1,6753507,0.01,0.013631779799999962,0.004865073299999936,0,-0.07594999999999988,-0.04911666666666614,0,0,95,-1
137,-576454212840,2.0016581516406657,2.899696870218487,0.0,0.0,1,6753517,0.01,0.0010651697999999538,0.0030698432999999438,0,-0.11094999999999985,-0.005366666666666076,0,0,95,-1
138,-576454212830,2.0016594622639485,2.899698706383776,4.268589087469272e-5,4.060105655322764e-5,0,6753527,0.01,0.004057219799999968,0.00426666329999995,0,-0.29469999999999985,-0.20661666666666612,0,1,96,2
139,-576454212820,2.001659833171522,2.8996987766863316,3.1495623874692124e-5,-2.654054544677269e-5,0,6753537,0.01,-0.006714160200000032,-0.0011190267000000594,0,0.10780000000000015,0.029633333333333844,0,0,96,-1
140,-576454212810,2.001660361460926,2.899697996049867,7.416225687469161e-5,-1.2958674744677302e-4,0,6753547,0.01,-0.010304620200000033,0.00426666329999995,0,0.011550000000000143,-0.014116666666666111,0,0,96,-1
141,-576454212800,2.0016609573706594,2.8996962747128827,4.501968987469094e-5,-2.1468064944677324e-4,0,6753557,0.01,-0.008509390200000024,-0.002914256700000068,0,-0.10219999999999987,0.00338333333333396,0,0,96,-1
142,-576454212789,2.0016613216957233,2.8996941811648784,2.7845322874690487e-5,-2.040289514467737e-4,0,6753567,0.01,0.0010651697999999538,-0.0017174367000000453,0,0.011550000000000143,0.11713333333333398,0,0,96,-1
143,-576454212780,2.0016612150721174,2.899692014610854,0.0,0.0,1,6753577,0.01,-0.0025252902000000295,-0.007701536700000057,0,0.03780000000000014,-0.04911666666666614,0,0,96,-1
144,-576454212770,2.001810800170785,2.8995352492427244,0.0,0.0,1,6753587,0.01,0.0034588097999999822,-0.002315846700000065,0,-0.11969999999999983,-0.05786666666666607,0,1,97,1
145,-576454212760,2.00181020565045,2.8995350930577146,0.0,0.0,1,6753597,0.01,-0.0031237002000000322,-0.01189040670000006,0,-0.17219999999999988,-0.014116666666666111,0,0,97,-1
146,-576454212751,2.0018099701761147,2.8995354455212046,0.0,0.0,1,6753607,0.01,0.007049269799999965,-0.004709486700000059,0,-0.11094999999999985,-0.04036666666666611,0,0,97,-1
147,-576454212740,2.00180994414528,2.8995359475871947,0.0,0.0,1,6753617,0.01,0.010041319799999962,-5.206167000000564e-4,0,-0.22469999999999987,0.13463333333333383,0,0,97,-1
148,-576454212730,2.001810097637445,2.8995359110841847,0.0,0.0,1,6753627,0.01,-7.300602000000378e-4,0.0030698432999999438,0,-0.09344999999999984,0.012133333333333995,0,0,97,-1
149,-576454212721,2.00180965271961,2.899536413150175,0.0,0.0,1,6753637,0.01,0.010041319799999962,-0.008898356700000063,0,-0.15469999999999987,-0.03161666666666607,0,0,97,-1
150,-576454212711,2.0018094471657752,2.899536556170165,0.0,0.0,1,6753647,0.01,0.0028603997999999626,-0.0041110767000000735,0,0.02905000000000016,0.0996333333333339,0,0,97,-1
151,-576454212700,2.001858816597105,2.8996093858500496,0.0,0.0,1,6753657,0.01,-0.0037221102000000355,0.005463483299999938,0,-0.06719999999999984,0.0733833333333338,0,1,98,2
152,-576454212688,2.00185867088427,2.8996095887110394,0.0,0.0,1,6753667,0.01,0.004057219799999968,-0.002914256700000068,0,-0.23344999999999985,-0.08411666666666606,0,0,98,-1
153,-576454212680,2.0018591834224346,2.8996098514130293,0.0,0.0,1,6753677,0.01,0.005254039799999974,0.010250763299999936,0,-0.005949999999999844,-0.0928666666666661,0,0,98,-1
154,-576454212670,2.0018596660400996,2.8996096054665195,0.0,0.0,1,6753687,0.01,-0.004918930200000041,0.009652353299999942,0,-0.14594999999999983,0.1258833333333338,0,0,98,-1
155,-576454212660,2.0018597297707648,2.8996095988840094,0.0,0.0,1,6753697,0.01,-1.31650200000035e-4,0.0012746132999999521,0,0.055300000000000155,-0.13661666666666616,0,0,98,-1
156,-576454212650,2.0018597635809297,2.8996095923014993,0.0,0.0,1,6753707,0.01,-1.31650200000035e-4,6.762032999999493e-4,0,0.02030000000000015,-0.03161666666666607,0,0,98,-1
157,-576454212639,2.0018594981860947,2.899610064446989,0.0,0.0,1,6753717,0.01,0.009442909799999977,-0.005307896700000063,0,-0.21594999999999984,0.012133333333333995,0,0,98,-1
158,-576454212630,2.0019556416440834,2.899509472048931,0.0,0.0,1,6753727,0.01,0.0022619897999999593,7.779329999994643e-5,0,0.055300000000000155,-0.0928666666666661,0,1,99,1
159,-576454212620,2.0019551069647483,2.899509555227921,-1.0693586700000054e-4,1.6635797999999565e-5,0,6753737,0.01,0.0016635797999999566,-0.010693586700000054,0,-0.2509499999999999,0.03838333333333388,0,0,99,-1
160,-576454212607,2.0019538619727433,2.8995099244468907,-1.4206253400000124e-4,5.720799599999924e-5,0,6753747,0.01,0.004057219799999968,-0.0035126667000000707,0,0.02030000000000015,0.178383333333334,0,0,99,-1
161,-576454212601,2.001951936588568,2.8995108190698407,-2.4301430100000194e-4,1.2171659399999903e-4,0,6753757,0.01,0.006450859799999979,-0.01009517670000007,0,-2.0447,0.16963333333333397,0,0,99,-1
162,-576454212590,2.001949330812223,2.8995115509252707,-2.7814096800000265e-4,2.4654491999998723e-5,0,6753767,0.01,-0.00970621020000003,-0.0035126667000000707,0,-0.08469999999999986,0.0996333333333339,0,0,99,-1
163,-576454212580,2.0019462840077082,2.899511820808181,-3.3121993500000326e-4,2.9322089999998402e-5,0,6753777,0.01,4.667597999999679e-4,-0.005307896700000063,0,0.0028000000000001357,0.029633333333333844,0,0,99,-1
164,-576454212569,2.0019431851415233,2.899512466492571,-2.8855330200000377e-4,9.981478799999806e-5,0,6753787,0.01,0.007049269799999965,0.00426666329999995,0,0.12530000000000016,-0.014116666666666111,0,0,99,-1
165,-576454212560,2.0020743766252678,2.8997116063089106,-1.53676020381656e-4,1.1102618257617222e-4,0,6753797,0.01,-0.009107800200000028,0.006660303299999944,0,-0.23344999999999985,0.10838333333333394,0,1,100,2
166,-576454212550,2.0020734122442287,2.899712889511226,0.0,0.0,1,6753807,0.01,0.0034588097999999822,0.011447583299999934,0,-0.08469999999999986,0.1258833333333338,0,0,100,-1
167,-576454212540,2.002073505895394,2.899712882928716,0.0,0.0,1,6753817,0.01,-1.31650200000035e-4,0.001873023299999938,0,-0.11969999999999983,0.16963333333333397,0,0,100,-1
168,-576454212530,2.002073569626059,2.899712966107706,0.0,0.0,1,6753827,0.01,0.0016635797999999566,0.0012746132999999521,0,-0.11094999999999985,-0.11036666666666606,0,0,100,-1
169,-576454212520,2.002073723118224,2.899712780002196,0.0,0.0,1,6753837,0.01,-0.0037221102000000355,0.0030698432999999438,0,-0.21594999999999984,0.0996333333333339,0,0,100,-1
170,-576454212510,2.0020740860538893,2.8997130427041857,0.0,0.0,1,6753847,0.01,0.005254039799999974,0.007258713299999947,0,-0.11094999999999985,0.06463333333333399,0,0,100,-1
171,-576454212499,2.002216414447476,2.899563715369652,0.0,0.0,1,6753857,0.01,-0.0031237002000000322,-0.002914256700000068,0,0.03780000000000014,0.03838333333333388,0,1,101,1
172,-576454212490,2.0022163884166413,2.8995635591846423,0.0,0.0,1,6753867,0.01,-0.0031237002000000322,-5.206167000000564e-4,0,0.011550000000000143,-0.1191166666666661,0,0,101,-1
173,-576454212480,2.0022161230218063,2.8995634927611325,0.0,0.0,1,6753877,0.01,-0.0013284702000000408,-0.005307896700000063,0,0.12530000000000016,0.1521333333333339,0,0,101,-1
174,-576454212470,2.0022154985809713,2.8995633066556223,0.0,0.0,1,6753887,0.01,-0.0037221102000000355,-0.012488816700000063,0,0.09030000000000014,-0.18036666666666612,0,0,101,-1
175,-576454212460,2.0022158615166363,2.8995633000731122,0.0,0.0,1,6753897,0.01,-1.31650200000035e-4,0.007258713299999947,0,0.15155000000000016,0.047133333333333916,0,0,101,-1
176,-576454212450,2.0022160150088015,2.899563652536602,3.069843299999944e-5,7.049269799999965e-5,0,6753907,0.01,0.007049269799999965,0.0030698432999999438,0,-0.2509499999999999,-0.0666166666666661,0,0,101,-1
177,-576454212441,2.0022164754852967,2.899564919370572,6.139686599999888e-5,1.8287409599999934e-4,0,6753917,0.01,0.011238139799999968,0.0030698432999999438,0,-0.09344999999999984,0.16088333333333393,0,0,101,-1
178,-576454212431,2.0021784610353826,2.899509331546123,1.0675104400777894e-4,2.567563797326031e-4,0,6753926,0.009,0.008844499799999975,0.005463483299999938,0,-0.14594999999999983,-0.07536666666666614,0,1,102,2
179,-576454212421,2.002179861560988,2.8995118326864104,1.7335407700777838e-4,2.4347167773260266e-4,0,6753936,0.01,-0.0013284702000000408,0.006660303299999944,0,0.23030000000000014,-0.1453666666666661,0,0,102,-1
180,-576454212411,2.0021817186734228,2.899513722251678,1.9806841000777779e-4,1.3444137573260232e-4,0,6753946,0.01,-0.010903030200000035,0.002471433299999941,0,0.06405000000000015,0.06463333333333399,0,0,102,-1
181,-576454212401,2.0021839426111883,2.899515000241925,0.0,0.0,1,6753956,0.01,-0.0013284702000000408,0.004865073299999936,0,-0.07594999999999988,-0.07536666666666614,0,0,102,-1
182,-576454212391,2.0021839465008533,2.899514514931415,0.0,0.0,1,6753966,0.01,-0.00970621020000003,7.779329999994643e-5,0,0.09905000000000015,0.012133333333333995,0,0,102,-1
183,-576454212379,2.0021844889595184,2.8995146280309054,0.0,0.0,1,6753976,0.01,0.0022619897999999593,0.010849173299999938,0,-0.06719999999999984,0.0733833333333338,0,0,102,-1
184,-576454212371,2.0021845227696833,2.8995144419253953,0.0,0.0,1,6753986,0.01,-0.0037221102000000355,6.762032999999493e-4,0,-0.014699999999999852,0.00338333333333396,0,0,102,-1
185,-576454212361,2.002328350497066,2.8993632943214354,0.0,0.0,1,6753996,0.01,-0.00611575020000003,-0.007103126700000071,0,-0.18094999999999986,0.06463333333333399,0,1,103,1
186,-576454212350,2.0023288258530254,2.8993632501527933,0.0,0.0,1,6754007,0.011,-7.300602000000378e-4,0.007857123299999942,0,0.17780000000000015,0.029633333333333844,0,0,103,-1
188,-576454212294,2.0023287438708555,2.8993631771467734,0.0,0.0,1,6754027,0.01,0.0022619897999999593,7.779329999994643e-5,0,-0.22469999999999987,0.13463333333333383,0,0,103,-1
189,-576454212294,2.0023281792710206,2.8993629312002636,0.0,0.0,1,6754037,0.01,-0.004918930200000041,-0.011291996700000057,0,-0.03219999999999984,-0.08411666666666606,0,0,103,-1
190,-576454212293,2.0023286020476854,2.8993627450947534,0.0,0.0,1,6754047,0.01,-0.0037221102000000355,0.008455533299999936,0,0.04655000000000015,-0.005366666666666076,0,0,103,-1
191,-576454212293,2.0023286059373504,2.8993624991482436,0.0,0.0,1,6754057,0.01,-0.004918930200000041,7.779329999994643e-5,0,0.14280000000000015,0.029633333333333844,0,0,103,-1
192,-576454212289,2.0023287893500155,2.8993630012142337,0.0,0.0,1,6754067,0.01,0.010041319799999962,0.0036682532999999466,0,-0.03219999999999984,0.06463333333333399,0,0,103,-1
193,-576454212279,2.0023652553011364,2.899417235475876,0.0,0.0,1,6754077,0.01,0.006450859799999979,0.002471433299999941,0,-0.12844999999999987,-0.04036666666666611,0,1,104,2
194,-576454212270,2.0023653489523014,2.899417288734366,0.0,0.0,1,6754087,0.01,0.0010651697999999538,0.001873023299999938,0,0.12530000000000016,-0.08411666666666606,0,0,104,-1
195,-576454212260,2.0023654725239663,2.899417132549356,0.0,0.0,1,6754097,0.01,-0.0031237002000000322,0.002471433299999941,0,0.02030000000000015,0.1258833333333338,0,0,104,-1
196,-576454212250,2.0023655661751314,2.899417335410346,0.0,0.0,1,6754107,0.01,0.004057219799999968,0.001873023299999938,0,-0.11094999999999985,0.14338333333333386,0,0,104,-1
197,-576454212240,2.0023659590312963,2.899417268986836,0.0,0.0,1,6754117,0.01,-0.0013284702000000408,0.007857123299999942,0,-0.12844999999999987,0.012133333333333995,0,0,104,-1
198,-576454212230,2.0024978113548215,2.8992797631061205,0.0,0.0,1,6754127,0.01,-0.0031237002000000322,0.009053943299999938,0,0.0028000000000001357,0.03838333333333388,0,1,105,1
199,-576454212220,2.0024976955624867,2.8992792478751106,0.0,0.0,1,6754137,0.01,-0.010304620200000033,-0.002315846700000065,0,0.13405000000000014,0.05588333333333395,0,0,105,-1
200,-576454212190,2.0024981482596518,2.899279091690101,0.0,0.0,1,6754147,0.01,-0.0031237002000000322,0.009053943299999938,0,-0.05844999999999986,0.047133333333333916,0,0,105,-1
201,-576454212181,2.002498391513317,2.8992794441535907,0.0,0.0,1,6754157,0.01,0.007049269799999965,0.004865073299999936,0,0.07280000000000016,0.02088333333333381,0,0,105,-1
202,-576454212176,2.002498305641482,2.899279407650581,0.0,0.0,1,6754167,0.01,-7.300602000000378e-4,-0.0017174367000000453,0,-0.02344999999999986,0.11713333333333398,0,0,105,-1
203,-576454212176,2.002497860723647,2.8992800593190706,0.0,0.0,1,6754177,0.01,0.013033369799999969,-0.008898356700000063,0,0.055300000000000155,0.0733833333333338,0,0,105,-1
204,-576454212170,2.002497355964812,2.8992802921005607,0.0,0.0,1,6754187,0.01,0.004655629799999971,-0.01009517670000007,0,0.06405000000000015,-0.014116666666666111,0,0,105,-1
205,-576454212160,2.0025334584434487,2.899333702769363,0.0,0.0,1,6754197,0.01,-0.007910980200000039,-0.0041110767000000735,0,0.15155000000000016,-0.12786666666666613,0,1,106,2
206,-576454212150,2.002532983605114,2.899333576504853,0.0,0.0,1,6754207,0.01,-0.0025252902000000295,-0.009496766700000065,0,-0.005949999999999844,-0.0928666666666661,0,0,106,-1
207,-576454212140,2.002533226858779,2.899333839206843,0.0,0.0,1,6754217,0.01,0.005254039799999974,0.004865073299999936,0,-0.11094999999999985,-0.1191166666666661,0,0,106,-1
208,-576454212130,2.002533500032944,2.899334191670333,0.0,0.0,1,6754227,0.01,0.007049269799999965,0.005463483299999938,0,-0.05844999999999986,-0.022866666666666147,0,0,106,-1
209,-576454212121,2.002533952730109,2.899334663815823,0.0,0.0,1,6754237,0.01,0.009442909799999977,0.009053943299999938,0,0.12530000000000016,0.03838333333333388,0,0,106,-1
210,-576454212110,2.0025342857452744,2.8993352257228127,0.0,0.0,1,6754247,0.01,0.011238139799999968,0.006660303299999944,0,-0.16344999999999985,-0.11036666666666606,0,0,106,-1
211,-576454212100,2.0025339305889394,2.8993351892198027,0.0,0.0,1,6754257,0.01,-7.300602000000378e-4,-0.007103126700000071,0,0.04655000000000015,-0.10161666666666613,0,0,106,-1
212,-576454212090,2.0026648951137136,2.899198072035499,0.0,0.0,1,6754267,0.01,-0.0031237002000000322,-0.0035126667000000707,0,-0.05844999999999986,-0.04911666666666614,0,1,107,1
213,-576454212080,2.0026653478108787,2.899198035532489,0.0,0.0,1,6754277,0.01,-7.300602000000378e-4,0.009053943299999938,0,-0.049699999999999855,0.1258833333333338,0,0,107,-1
214,-576454212070,2.002666069792544,2.899197729744979,0.0,0.0,1,6754287,0.01,-0.00611575020000003,0.014439633299999938,0,-0.07594999999999988,0.230883333333334,0,0,107,-1
215,-576454212060,2.002667360263709,2.899197693241969,0.0,0.0,1,6754297,0.01,-7.300602000000378e-4,0.025809423299999943,0,-0.15469999999999987,-0.005366666666666076,0,0,107,-1
216,-576454212050,2.002668890098874,2.899197686659459,0.0,0.0,1,6754307,0.01,-1.31650200000035e-4,0.03059670329999994,0,-0.12844999999999987,0.029633333333333844,0,0,107,-1
217,-576454212040,2.002670838821039,2.899197680076949,0.0,0.0,1,6754317,0.01,-1.31650200000035e-4,0.03897444329999994,0,-0.11969999999999983,0.11713333333333398,0,0,107,-1
218,-576454212030,2.002677574823204,2.899197613653439,0.0013472004329999996,-1.3284702000000409e-5,0,6754327,0.01,-0.0013284702000000408,0.13472004329999995,0,-0.02344999999999986,0.178383333333334,0,0,107,-1
219,-576454212020,2.0028263055723694,2.899324914717962,0.012099586760057913,0.001344041833460334,0,6754337,0.01,0.13510900979999996,1.0748221533000002,0,-0.11094999999999985,-0.08411666666666606,0,1,108,2
220,-576454212010,2.003016182320635,2.8993525308707864,0.025875762893057916,0.004179188731460334,0,6754347,0.01,0.28351468979999994,1.3776176133,0,-0.05844999999999986,0.11713333333333398,0,0,108,-1
221,-576454212000,2.003324252823231,2.899412059032091,0.035738337626057916,0.007726443529460333,0,6754357,0.01,0.35472547979999997,0.9862574733,0,-0.23344999999999985,0.09088333333333387,0,0,108,-1
222,-576454211990,2.0037049780791567,2.899504247214376,0.040406713559057915,0.010711192927460332,0,6754367,0.01,0.29847493979999995,0.46683759329999996,0,-0.11094999999999985,0.02088333333333381,0,0,108,-1
223,-576454211980,2.0041191323129124,2.8996181744351404,0.042424133192057914,0.012074251225460332,0,6754377,0.01,0.13630582979999997,0.20174196329999997,0,-0.20719999999999986,0.08213333333333384,0,0,108,-1
224,-576454211966,2.004570485507498,2.899731520001385,0.047846505725057914,0.010594862023460331,0,6754387,0.01,-0.14793892020000002,0.5422372532999999,0,-0.20719999999999986,0.21338333333333392,0,0,108,-1
225,-576454211960,2.0052129206943934,2.8996942535195007,0.05526275601998745,0.00846946843563862,0,6754397,0.01,-0.2041894602000001,0.7337284533000001,0,0.11655000000000015,-0.0928666666666661,0,1,109,1
226,-576454211950,2.0057979859662582,2.899765896283347,0.061750298352987454,0.005859084333638619,0,6754407,0.01,-0.2610384102,0.6487542332999999,0,0.055300000000000155,-0.03161666666666607,0,0,109,-1
227,-576454211940,2.006432547524453,2.8998089518046735,0.06516201328598746,0.002752019931638619,0,6754417,0.01,-0.3107064402,0.3411714933,0,-0.049699999999999855,0.012133333333333995,0,0,109,-1
228,-576454211931,2.007095720859978,2.89982135556898,0.06747265381898745,-2.7126707036138117e-4,0,6754427,0.01,-0.3023287002,0.23106405329999996,0,-0.05844999999999986,0.1521333333333339,0,0,109,-1
229,-576454211921,2.0077121389536674,2.8998097477748237,0.06950914477868746,-0.0023082427421613812,0,6754436,0.009,-0.22633063020000002,0.22627677329999993,0,-0.014699999999999852,0.10838333333333394,0,0,109,-1
230,-576454211911,2.0084337737746196,2.8997804652213923,0.07481781941168746,-0.003548267944161382,0,6754446,0.01,-0.12400252020000005,0.5308674632999999,0,0.09905000000000015,0.1258833333333338,0,0,109,-1
231,-576454211902,2.0092224382949015,2.8997375257549405,0.08291508464468746,-0.005039625346161382,0,6754456,0.01,-0.14913574020000003,0.8097265233,0,-0.18969999999999984,0.06463333333333399,0,0,109,-1
232,-576454211891,2.010191199261791,2.8998031414848096,0.0936654994945814,-0.007190237338015617,0,6754466,0.01,-0.23770042020000004,1.0598619032999999,0,-0.07594999999999988,0.0733833333333338,0,1,110,2
233,-576454211882,2.0111770773689015,2.8997111558734194,0.10351012192758141,-0.011206884940015618,0,6754476,0.01,-0.40166476019999997,0.9844622433000001,0,-0.17219999999999988,0.21338333333333392,0,0,110,-1
234,-576454211869,2.0122591875833424,2.8995752637235093,0.1129119209605814,-0.015971545042015617,0,6754486,0.01,-0.47646601020000007,0.9401799032999999,0,0.07280000000000016,0.1258833333333338,0,0,110,-1
235,-576454211861,2.0134346874576132,2.899392921792579,0.12218805389358141,-0.020496841144015617,0,6754496,0.01,-0.45252961020000004,0.9276132932999999,0,0.10780000000000015,-0.11036666666666606,0,0,110,-1
236,-576454211850,2.014706868246714,2.899171819649129,0.1322481039265814,-0.02372358754601562,0,6754506,0.01,-0.32267464020000003,1.0060050032999999,0,-0.15469999999999987,-0.11036666666666606,0,0,110,-1
237,-576454211841,2.0160817140506446,2.8989212924891588,0.1427210568595814,-0.02638184444801562,0,6754516,0.01,-0.2658256902000001,1.0472952933000002,0,0.02905000000000016,0.09088333333333387,0,0,110,-1
238,-576454211831,2.0175602122459058,2.8986432851451687,0.1529785821925814,-0.02921962435001562,0,6754526,0.01,-0.28377799020000005,1.0257525333,0,0.09905000000000015,0.178383333333334,0,0,110,-1
239,-576454211820,2.0193054566582473,2.8981527491311994,0.1629484238568487,-0.033993981291814884,0,6754536,0.01,-0.42919162020000007,0.9515496932999998,0,0.02030000000000015,0.178383333333334,0,1,111,1
240,-576454211810,2.0211480000932873,2.897746368762872,0.1720594734231487,-0.03989335840401488,0,6754547,0.011,-0.5363070102,0.8282772332999999,0,-0.02344999999999986,-0.03161666666666607,0,0,111,-1
241,-576454211799,2.0229147062076835,2.897312720816322,0.1812817494561487,-0.04683623090601488,0,6754557,0.01,-0.6942872502,0.9222276033,0,0.18655000000000016,0.2571333333333339,0,0,111,-1
242,-576454211766,2.02477333587741,2.896810541759752,0.19044418448914868,-0.05359958040801488,0,6754567,0.01,-0.6763349502000001,0.9162435032999999,0,-0.11969999999999983,0.10838333333333394,0,0,111,-1
243,-576454211766,2.0267180845254664,2.896241746505162,0.19850554512214869,-0.060159470510014884,0,6754577,0.01,-0.6559890102000001,0.8061360633000001,0,0.08155000000000015,0.09088333333333387,0,0,111,-1
244,-576454211765,2.0287324958768527,2.8956107932070516,0.20437672515514868,-0.06603118911201489,0,6754587,0.01,-0.5871718602,0.5871180033,0,-0.02344999999999986,0.2658833333333339,0,0,111,-1
245,-576454211664,2.030800771907569,2.8949276154714214,0.2092784809881487,-0.07060435801401489,0,6754597,0.01,-0.4573168902,0.49017558329999994,0,0.07280000000000016,-0.05786666666666607,0,0,111,-1
247,-576454211663,2.0351321908265803,2.8935311792907386,0.218442084968623,-0.07673322646619268,0,6754617,0.01,-0.2969430102,0.4488852933,0,0.04655000000000015,0.24838333333333384,0,0,112,-1
248,-576454211662,2.0373381284054317,2.892749628206067,0.22274543080162298,-0.07957699046819268,0,6754627,0.01,-0.28437640020000005,0.4303345833,0,0.23030000000000014,0.13463333333333383,0,0,112,-1
249,-576454211661,2.039586261668613,2.891935540372875,0.22688122183462298,-0.08324057617019268,0,6754637,0.01,-0.36635857020000007,0.4135791032999999,0,0.10780000000000015,0.230883333333334,0,0,112,-1
250,-576454211661,2.041875064670624,2.891077635762663,0.23087937856762297,-0.08834034587219268,0,6754647,0.01,-0.5099769702000001,0.39981567329999995,0,0.12530000000000016,0.08213333333333384,0,0,112,-1
251,-576454211660,2.044201186315465,2.890167985442931,0.23434495040062298,-0.09358971807419268,0,6754657,0.01,-0.5249372202,0.34655718329999996,0,0.09030000000000014,0.178383333333334,0,0,112,-1
252,-576454211656,2.046559929084636,2.889212603434179,0.23740360343362296,-0.09748668367619268,0,6754667,0.01,-0.3896965602,0.30586530329999995,0,0.08155000000000015,0.21338333333333392,0,0,112,-1
253,-576454211655,2.0489452490371374,2.8882234878569073,0.23966038706662296,-0.10033643177819268,0,6754677,0.01,-0.2849748102,0.22567836329999993,0,0.07280000000000016,0.19588333333333385,0,0,112,-1
254,-576454211655,2.0513547824534686,2.887216436735115,0.24224629619962296,-0.10107379258019268,0,6754687,0.01,-0.07373608020000001,0.2585909133,0,-0.03219999999999984,0.21338333333333392,0,0,112,-1
255,-576454211654,2.0545243688325323,2.885913843577256,0.24538237750252295,-0.09932515478279268,0,6754700,0.013,0.1345105998,0.24123702329999994,0,-0.07594999999999988,0.00338333333333396,0,0,112,-1
256,-576454211647,2.0574837479047563,2.8844032369954493,0.24936421710784204,-0.0991632697062632,0,6754710,0.01,0.17460406979999996,0.2502131732999999,0,0.07280000000000016,0.0996333333333339,0,1,113,1
257,-576454211637,2.0599887338349996,2.883413841753377,0.25163296894084203,-0.0987157787082632,0,6754720,0.01,0.04474909979999997,0.22687518329999995,0,-0.06719999999999984,-0.04911666666666614,0,0,113,-1
258,-576454211626,2.062513385313073,2.882420364158284,0.253297326673842,-0.0999797403102632,0,6754730,0.01,-0.12639616020000005,0.16643577329999995,0,0.22155000000000016,0.16088333333333393,0,0,113,-1
259,-576454211617,2.0654165185665265,2.8819245983661625,0.25594513067531643,-0.10122074644934294,0,6754740,0.01,-0.27540025020000003,0.15925485329999994,0,-0.03219999999999984,-0.18036666666666612,0,1,114,2
260,-576454211607,2.0679833342059446,2.8808998476296592,0.25741799720831643,-0.10372940085134294,0,6754750,0.01,-0.2508654402,0.14728665329999996,0,0.12530000000000016,-0.1453666666666661,0,0,114,-1
261,-576454211597,2.0705641304981928,2.879853391365636,0.2587412612413164,-0.10556185195334294,0,6754760,0.01,-0.18324511020000003,0.13232640329999992,0,-0.049699999999999855,0.029633333333333844,0,0,114,-1
262,-576454211587,2.073157949987271,2.8787971379330926,0.2600226365743164,-0.10568883455534295,0,6754770,0.01,-0.012698260200000028,0.12813753329999994,0,0.0028000000000001357,-0.0928666666666661,0,0,114,-1
263,-576454211577,2.0757666477441794,2.8777446413185293,0.2617169148073164,-0.10481048835734295,0,6754780,0.01,0.08783461979999996,0.16942782329999995,0,0.09030000000000014,-0.0666166666666661,0,0,114,-1
264,-576454211566,2.0783955795384177,2.876700090391946,0.2640694440403164,-0.10409969695934296,0,6754790,0.01,0.07107913979999997,0.23525292329999994,0,-0.07594999999999988,-0.03161666666666607,0,0,114,-1
265,-576454211556,2.081047887022486,2.875653521626843,0.2663920527733164,-0.10521405606134296,0,6754800,0.01,-0.11143591020000004,0.23226087329999995,0,0.19530000000000014,-0.18911666666666616,0,0,114,-1
266,-576454211546,2.084929121388763,2.873294881708904,0.2717290376153592,-0.11162607986637932,0,6754810,0.01,-0.29454937020000005,0.21071811329999995,0,0.03780000000000014,0.1258833333333338,0,1,115,1
267,-576454211536,2.0879258931232965,2.872041318367792,0.2731385504816592,-0.11629452760857932,0,6754821,0.011,-0.42440434020000006,0.12813753329999994,0,0.08155000000000015,0.1521333333333339,0,0,115,-1
268,-576454211526,2.090661261944278,2.870858708740696,0.2739352137146592,-0.12022739781057933,0,6754831,0.01,-0.39328702020000006,0.07966632329999994,0,-0.03219999999999984,0.0733833333333338,0,0,115,-1
269,-576454211516,2.09339903218459,2.86964173721458,0.27361883434765916,-0.12316690741257932,0,6754841,0.01,-0.2939509602,-0.03163793670000005,0,-0.07594999999999988,0.178383333333334,0,0,115,-1
270,-576454211503,2.0961302276942315,2.8684027011149444,0.27262026758065916,-0.12464031251457933,0,6754851,0.01,-0.14734051020000005,-0.09985667670000006,0,-0.005949999999999844,0.02088333333333381,0,0,115,-1
271,-576454211495,2.0988502706367034,2.867148332554289,0.27138832091365916,-0.12623339961657934,0,6754861,0.01,-0.15930871020000006,-0.12319466670000005,0,0.04655000000000015,0.00338333333333396,0,0,115,-1
272,-576454211486,2.102643403107208,2.8673819537223126,0.27256079208572936,-0.12503378171219903,0,6754871,0.01,-0.2538574902,-0.15131993670000007,0,0.10780000000000015,0.11713333333333398,0,1,116,2
273,-576454211476,2.10536102614423,2.8661159908216804,0.2709638153187294,-0.12815879841419903,0,6754881,0.01,-0.3125016702,-0.15969767670000004,0,0.055300000000000155,0.02088333333333381,0,0,116,-1
274,-576454211466,2.108062081003583,2.8648159652270286,0.26924715655172937,-0.13184632051619902,0,6754891,0.01,-0.3687522102,-0.1716658767000001,0,0.011550000000000143,0.029633333333333844,0,0,116,-1
275,-576454211455,2.1107473755387653,2.8634715543658564,0.2678117504847294,-0.13703585171819901,0,6754901,0.01,-0.5189531202000001,-0.14354060670000007,0,0.02030000000000015,0.02088333333333381,0,0,116,-1
276,-576454211446,2.1134164609422776,2.8620730939166648,0.2660053302177294,-0.142656238120199,0,6754911,0.01,-0.5620386402,-0.1806420267000001,0,0.09905000000000015,0.047133333333333916,0,0,116,-1
277,-576454211436,2.11606601603862,2.8606234562474526,0.26390568905072936,-0.14727129572219902,0,6754921,0.01,-0.46150576020000006,-0.20996411670000006,0,-0.014699999999999852,0.10838333333333394,0,0,116,-1
278,-576454211426,2.1186945747232926,2.8591347591607206,0.26180604788372935,-0.150468121624199,0,6754931,0.01,-0.3196825902,-0.20996411670000006,0,0.15155000000000016,-0.21536666666666615,0,0,116,-1
279,-576454211416,2.1236271751627775,2.8551295262412846,0.26541964963191156,-0.1586180708984017,0,6754941,0.01,-0.25206226019999994,-0.16268972670000004,0,-0.07594999999999988,-0.04036666666666611,0,1,117,1
280,-576454211406,2.1262741946287615,2.853528408620291,0.26398424356491157,-0.16160545330040169,0,6754951,0.01,-0.2987382402,-0.14354060670000007,0,-0.14594999999999983,-0.022866666666666147,0,0,117,-1
281,-576454211396,2.1289081466155757,2.8518920015647766,0.26280615379791156,-0.16567595780240169,0,6754961,0.01,-0.40705045019999997,-0.11780897670000004,0,0.03780000000000014,-0.05786666666666607,0,0,117,-1
282,-576454211386,2.13152933032822,2.8502138123262424,0.2614305887309116,-0.1699618899044017,0,6754971,0.01,-0.4285932102000001,-0.13755650670000008,0,-0.07594999999999988,-0.11036666666666606,0,0,117,-1
283,-576454211377,2.133873895964912,2.848668033307945,0.2595839972006116,-0.1735445586062017,0,6754980,0.009,-0.3980743002,-0.2051768367000001,0,0.055300000000000155,0.08213333333333384,0,0,117,-1
284,-576454211367,2.1364587590030832,2.846911576948373,0.2573886104336116,-0.1777467133082017,0,6754990,0.01,-0.4202154702000001,-0.2195386767000001,0,0.18655000000000016,0.16963333333333397,0,0,117,-1
285,-576454211355,2.139023403562584,2.845112590393281,0.2555403014666116,-0.18205059771020168,0,6755000,0.01,-0.43038844020000006,-0.18483089670000005,0,0.19530000000000014,0.18713333333333382,0,0,117,-1
286,-576454211347,2.142466281484051,2.844467639976957,0.2557175797184329,-0.18368742983802347,0,6755010,0.01,-0.4118377302000001,-0.1674770067000001,0,0.0028000000000001357,0.029633333333333844,0,1,118,2
287,-576454211337,2.1450162204099,2.842611969022067,0.2542702054514329,-0.18744676114002348,0,6755020,0.01,-0.3759331302,-0.14473742670000006,0,-0.04094999999999985,0.19588333333333385,0,0,118,-1
288,-576454211327,2.1475563531910793,2.8407184055491568,0.2537563507844329,-0.19126593344202347,0,6755030,0.01,-0.3819172302,-0.05138546670000006,0,-0.014699999999999852,0.14338333333333386,0,0,118,-1
289,-576454211317,2.1500929332120884,2.8387859322612266,0.2535596534174329,-0.19522872414402348,0,6755040,0.01,-0.3962790702,-0.019669736700000048,0,0.08155000000000015,-0.005366666666666076,0,0,118,-1
290,-576454211307,2.1526291320459277,2.8368134121792763,0.2536801133504329,-0.19927529224602347,0,6755050,0.01,-0.4046568102,0.012045993299999936,0,-0.049699999999999855,0.2396333333333338,0,0,118,-1
291,-576454211297,2.1551650992950973,2.834799319357806,0.2535133364834329,-0.20354327204802347,0,6755060,0.01,-0.42679798020000004,-0.016677686700000048,0,0.18655000000000016,0.06463333333333399,0,0,118,-1
292,-576454211287,2.1576939532445967,2.8327403326213156,0.2522574534164329,-0.20825407525002348,0,6755070,0.01,-0.4710803202,-0.12558830670000007,0,0.02030000000000015,-0.08411666666666606,0,0,118,-1
293,-576454211277,2.161142916504686,2.829641103416447,0.25233888444177177,-0.21491081417873759,0,6755080,0.01,-0.47586760019999996,-0.16987064670000007,0,0.19530000000000014,0.00338333333333396,0,1,119,1
294,-576454211268,2.1636565551557685,2.82747050577315,0.2503888457747718,-0.2192087144807376,0,6755090,0.01,-0.42979003020000006,-0.19500386670000006,0,0.11655000000000015,0.1521333333333339,0,0,119,-1
295,-576454211255,2.166147521847181,2.8252601006998326,0.24780449250777178,-0.2228723001827376,0,6755100,0.01,-0.36635857020000007,-0.2584353267000001,0,0.011550000000000143,0.2046333333333339,0,0,119,-1
296,-576454211247,2.1686126450059238,2.823013807781995,0.2452201392407718,-0.2263862833847376,0,6755110,0.01,-0.35139832020000006,-0.2584353267000001,0,0.14280000000000015,0.3533833333333338,0,0,119,-1
297,-576454211237,2.1710493215484963,2.820732823839638,0.2421151692737718,-0.2298105050867376,0,6755120,0.01,-0.3424221702000001,-0.3104969967,0,0.02030000000000015,0.0733833333333338,0,0,119,-1
298,-576454211227,2.1734530035588993,2.8184197818767607,0.2386212328067718,-0.2327978874887376,0,6755130,0.01,-0.2987382402,-0.34939364670000006,0,-0.16344999999999985,-0.15411666666666612,0,0,119,-1
299,-576454211217,2.175819801372132,2.816075489746863,0.2347383298397718,-0.23606053849073758,0,6755140,0.01,-0.3262651002,-0.38829029670000004,0,0.02905000000000016,0.1258833333333338,0,0,119,-1
300,-576454211206,2.179696922501195,2.815675755823262,0.23357010341721712,-0.23549321841088278,0,6755150,0.01,-0.2927541402,-0.3894871167000001,0,0.24780000000000016,-0.04911666666666614,0,1,120,2
301,-576454211196,2.1820123413260317,2.813309387425643,0.22951366155021713,-0.23778046111288278,0,6755160,0.01,-0.22872427020000005,-0.4056441867,0,0.02030000000000015,-0.1191166666666661,0,0,120,-1
302,-576454211187,2.184286597322199,2.810920745011004,0.22533753768321713,-0.23994802181488278,0,6755170,0.01,-0.21675607020000007,-0.4176123867000001,0,0.07280000000000016,0.047133333333333916,0,0,120,-1
303,-576454211177,2.1865175661341962,2.808512700947345,0.22085622471621713,-0.24166079091688278,0,6755180,0.01,-0.17127691020000005,-0.44813129670000007,0,0.055300000000000155,0.08213333333333384,0,0,120,-1
304,-576454211168,2.1887056068080235,2.806090281878666,0.21675191004921712,-0.24282302281888277,0,6755190,0.01,-0.11622319020000003,-0.4104314667000001,0,0.16905000000000014,-0.014116666666666111,0,0,120,-1
305,-576454211157,2.1908533523476805,2.8036592624614673,0.21279719788221713,-0.24338086062088277,0,6755200,0.01,-0.05578378020000005,-0.39547121670000007,0,-0.07594999999999988,-0.03161666666666607,0,0,120,-1
306,-576454211145,2.197063824245181,2.796945239039715,0.21565426468628301,-0.2511650807510398,0,6755210,0.01,-0.06595675020000002,-0.39367598670000004,0,0.06405000000000015,0.09088333333333387,0,1,121,1
307,-576454211050,2.199202448402209,2.794424186612695,0.212070566719283,-0.2530454046530398,0,6755220,0.01,-0.18803239020000007,-0.3583697967000001,0,-0.04094999999999985,-0.022866666666666147,0,0,121,-1
308,-576454211050,2.2013062229560667,2.7918848994361545,0.208684344052283,-0.2548120306550398,0,6755230,0.01,-0.17666260020000005,-0.3386222667000001,0,0.13405000000000014,-0.10161666666666613,0,0,121,-1
309,-576454211049,2.2033765242497547,2.789329771150094,0.20537591468528302,-0.25621362655703983,0,6755240,0.01,-0.14015959020000004,-0.33084293670000003,0,0.10780000000000015,-0.12786666666666613,0,0,121,-1
310,-576454211049,2.2054159852872726,2.7867673889380136,0.202516292818283,-0.2562628158590398,0,6755250,0.01,-0.004918930200000041,-0.28596218670000007,0,0.02905000000000016,-0.21536666666666615,0,0,121,-1
311,-576454211049,2.2074291839051203,2.7842071179164134,0.200123430751283,-0.2557913884610398,0,6755260,0.01,0.04714273979999997,-0.23928620670000003,0,-0.03219999999999984,-0.03161666666666607,0,0,121,-1
312,-576454211049,2.2094181546972984,2.781653476080793,0.197670727684283,-0.2549369786630398,0,6755270,0.01,0.08544097979999997,-0.24527030670000002,0,-0.11094999999999985,-0.15411666666666612,0,0,121,-1
313,-576454211049,2.211385710190806,2.7791061642261528,0.19584037101728302,-0.25452539226503984,0,6755280,0.01,0.041158639799999966,-0.18303566670000007,0,0.03780000000000014,-0.26786666666666614,0,0,121,-1
314,-576454211048,2.213340078523144,2.776558240796492,0.19503329545028303,-0.25505929366703983,0,6755290,0.01,-0.05339014020000003,-0.08070755670000007,0,-0.17219999999999988,-0.17161666666666608,0,0,121,-1
315,-576454211048,2.215287961886312,2.774000041470312,0.19454337718328302,-0.25658057156903985,0,6755300,0.01,-0.15212779020000003,-0.04899182670000007,0,0.02030000000000015,-0.05786666666666607,0,0,121,-1
316,-576454211046,2.2172323822508098,2.771424265645612,0.194340695716283,-0.25857459337103983,0,6755310,0.01,-0.19940218020000006,-0.02026814670000005,0,0.23030000000000014,0.03838333333333388,0,0,121,-1
317,-576454211037,2.227530488296056,2.7788894664405333,0.2063430399602465,-0.24567647572523185,0,6755320,0.01,-0.22034653020000003,-0.043606136700000075,0,0.10780000000000015,-0.17161666666666608,0,1,122,2
318,-576454211027,2.229586502301323,2.776425903147271,0.2048597610932465,-0.24703618292723184,0,6755330,0.01,-0.13597072020000003,-0.14832788670000008,0,-0.005949999999999844,-0.11036666666666606,0,0,122,-1
319,-576454211015,2.2316275638359206,2.7739523930829884,0.20335254582624648,-0.24766582992923183,0,6755340,0.01,-0.06296470020000003,-0.15072152670000005,0,0.08155000000000015,-0.10161666666666613,0,0,122,-1
320,-576454211006,2.2367457944221707,2.7682876103100336,0.20667149240204186,-0.25147324465568693,0,6755351,0.011,0.045945919799999964,-0.07951073670000006,0,0.09905000000000015,-0.0928666666666661,0,1,123,1
321,-576454210996,2.2388099101523564,2.765775384602967,0.20615165363504184,-0.25097189675768694,0,6755361,0.01,0.05013478979999997,-0.05198387670000006,0,0.06405000000000015,-0.014116666666666111,0,0,123,-1
322,-576454210986,2.240869575507372,2.76326194891088,0.20578141736804184,-0.25171524165968695,0,6755371,0.01,-0.07433449020000003,-0.03702362670000006,0,0.10780000000000015,0.06463333333333399,0,0,123,-1
323,-576454210973,2.2429211401862172,2.7607347366237733,0.20453151840104183,-0.25372721576168694,0,6755381,0.01,-0.2011974102000001,-0.12498989670000005,0,0.11655000000000015,-0.15411666666666612,0,0,123,-1
324,-576454210966,2.2449561067668924,2.7581843826251466,0.20246179773404183,-0.25634358396368695,0,6755391,0.01,-0.26163682020000006,-0.20697206670000007,0,-0.04094999999999985,-0.07536666666666614,0,0,123,-1
325,-576454210954,2.2469721115298977,2.755607835024,0.20073915486704183,-0.2589659362656869,0,6755401,0.01,-0.26223523020000006,-0.17226428670000007,0,0.12530000000000016,-0.05786666666666607,0,0,123,-1
326,-576454210946,2.248975587382733,2.753009881100333,0.19995601570004182,-0.2606248484676869,0,6755411,0.01,-0.16589122020000002,-0.07831391670000006,0,-0.22469999999999987,-0.35536666666666616,0,0,123,-1
327,-576454210936,2.2509714712078983,2.7503957868621463,0.19922074933304182,-0.2621939991696869,0,6755421,0.01,-0.15691507020000003,-0.07352663670000006,0,-0.005949999999999844,-0.25036666666666607,0,0,123,-1
328,-576454210861,2.2529554544533936,2.7477663601629394,0.1975758997660418,-0.26369134067168687,0,6755431,0.01,-0.14973415020000003,-0.16448495670000007,0,0.011550000000000143,-0.13661666666666616,0,0,123,-1
329,-576454210860,2.2549157484422193,2.7451176814172125,0.1944828979990418,-0.2660444084736869,0,6755441,0.01,-0.23530678020000004,-0.3093001767000001,0,0.3178000000000002,0.012133333333333995,0,0,123,-1
330,-576454210860,2.2568400259283745,2.7424435870019654,0.1903725992320418,-0.2687744745756869,0,6755451,0.01,-0.2730066102,-0.4110298767000001,0,0.15155000000000016,0.029633333333333844,0,0,123,-1
331,-576454210860,2.2585346241138216,2.740010772868496,0.18620477531174182,-0.2718508884174869,0,6755460,0.009,-0.34182376020000005,-0.4630915467,0,0.03780000000000014,-0.10161666666666613,0,0,123,-1
332,-576454210860,2.260372021264604,2.737272120905311,0.1812746548447418,-0.27587950421948687,0,6755470,0.01,-0.4028615802,-0.4930120467000001,0,0.14280000000000015,-0.11036666666666606,0,0,123,-1
333,-576454210859,2.2621616132357163,2.7344928835791062,0.1766437393777418,-0.27996796102148686,0,6755480,0.01,-0.40884568020000006,-0.4630915467,0,0.011550000000000143,0.00338333333333396,0,0,123,-1
334,-576454210859,2.2637319003787195,2.731956710622285,0.1723089590674418,-0.28362602938328685,0,6755489,0.009,-0.4064520402,-0.4816422567000001,0,0.011550000000000143,-0.25036666666666607,0,0,123,-1
335,-576454210858,2.265429441752059,2.729102311922942,0.16719931560044182,-0.28725371048528686,0,6755499,0.01,-0.3627681102,-0.5109643467000001,0,-0.014699999999999852,-0.1453666666666661,0,0,123,-1
336,-576454210845,2.2670773527952286,2.726209841182579,0.16238289303344183,-0.29124043758728685,0,6755509,0.01,-0.3986727102,-0.4816422567000001,0,0.0028000000000001357,-0.12786666666666613,0,0,123,-1
337,-576454210838,2.268675154780228,2.723278011819696,0.15717750396644184,-0.29512543498928684,0,6755519,0.01,-0.3884997402,-0.5205389067000001,0,-0.07594999999999988,-0.12786666666666613,0,0,123,-1
338,-576454210828,2.2702174919375575,2.720303652261293,0.15128992749944184,-0.29974647669128685,0,6755529,0.01,-0.46210417020000005,-0.5887576467000002,0,0.09905000000000015,-0.2853666666666661,0,0,123,-1
339,-576454210815,2.2718432736094414,2.7169743926854264,0.14430674011574185,-0.30557344619348686,0,6755540,0.011,-0.5297245002000001,-0.6348352167000001,0,-0.11969999999999983,-0.46036666666666615,0,0,123,-1
340,-576454210808,2.2731160326169464,2.714203941136467,0.13852859488544184,-0.31008245357528685,0,6755549,0.009,-0.5010008202,-0.6420161367000002,0,-0.014699999999999852,-0.15411666666666612,0,0,123,-1
341,-576454210798,2.274476458519966,2.711079831869204,0.13355658571844184,-0.31473939987728683,0,6755559,0.01,-0.4656946302,-0.4972009167000001,0,0.12530000000000016,-0.16286666666666616,0,0,123,-1
342,-576454210788,2.2757878525028152,2.707906490214421,0.12872221085144184,-0.3199289310792868,0,6755569,0.01,-0.5189531202000001,-0.48343748670000003,0,-0.07594999999999988,-0.20661666666666612,0,0,123,-1
343,-576454210778,2.280281300020706,2.7083024523880996,0.12772007933818996,-0.32081198901601105,0,6755579,0.01,-0.5321181402000001,-0.4906184067000002,0,0.06405000000000015,-0.03161666666666607,0,1,124,2
344,-576454210767,2.281529362136753,2.7050705091974296,0.12189234387118997,-0.32557664911801104,0,6755589,0.01,-0.47646601020000007,-0.5827735467000001,0,0.03780000000000014,-0.13661666666666616,0,0,124,-1
345,-576454210758,2.28271818944213,2.7017956767652396,0.11587311720418997,-0.32938983732001104,0,6755599,0.01,-0.3813188202,-0.6019226667,0,-0.02344999999999986,-0.27661666666666607,0,0,124,-1
346,-576454210747,2.283847392970337,2.6984888461535297,0.10996758843718997,-0.33197628502201104,0,6755609,0.01,-0.2586447702000001,-0.5905528767,0,0.011550000000000143,-0.1453666666666661,0,0,124,-1
347,-576454210737,2.284919306520374,2.6951591730352997,0.10441512157018996,-0.33395833862401103,0,6755619,0.01,-0.1982053602000001,-0.5552466867000001,0,-0.09344999999999984,-0.10161666666666613,0,0,124,-1
348,-576454210728,2.2859369221422408,2.6918072259000496,0.09910800280318996,-0.33643108842601105,0,6755629,0.01,-0.24727498020000002,-0.5307118767000001,0,0.10780000000000015,-0.0666166666666661,0,0,124,-1
349,-576454210718,2.2869024539529375,2.6884276190577796,0.09399835933618995,-0.33949028002801107,0,6755639,0.01,-0.3059191602,-0.5109643467000001,0,0.13405000000000014,-0.11036666666666606,0,0,124,-1
350,-576454210708,2.289142129658692,2.683715447055599,0.09123146495228926,-0.3452686733553295,0,6755649,0.01,-0.4256011602000001,-0.4295805867000001,0,-0.19844999999999988,-0.05786666666666607,0,1,125,1
351,-576454210698,2.2900323369483795,2.6802379197245356,0.08680999298528926,-0.3502367928573295,0,6755659,0.01,-0.4968119502,-0.4421471967000001,0,0.011550000000000143,-0.12786666666666613,0,0,125,-1
352,-576454210683,2.2909572748271723,2.676362571048728,0.08136053043158925,-0.35437205728952953,0,6755670,0.011,-0.3759331302,-0.4954056867000001,0,-0.049699999999999855,-0.04911666666666614,0,0,125,-1
353,-576454210677,2.291747186985153,2.672802507300323,0.07662190116458925,-0.3576406923915295,0,6755680,0.01,-0.3268635102,-0.4738629267000001,0,0.04655000000000015,-0.20661666666666612,0,0,125,-1
354,-576454210667,2.2924894435659637,2.6692131382173976,0.07182941499758926,-0.36023312419352954,0,6755690,0.01,-0.2592431802000001,-0.4792486167000001,0,0.10780000000000015,-0.17161666666666608,0,0,125,-1
355,-576454210657,2.2931841941721047,2.6655994306029527,0.06712070623058926,-0.36250839869552953,0,6755700,0.01,-0.2275274502,-0.47087087670000005,0,0.10780000000000015,-0.0928666666666661,0,0,125,-1
356,-576454210646,2.3054490573553688,2.674263742368102,0.074802115030701,-0.3520790666916544,0,6755710,0.01,-0.3484062702000001,-0.5235309567000002,0,-0.06719999999999984,-0.12786666666666613,0,1,126,2
357,-576454210635,2.3061676705438408,2.6707209236306757,0.068920522663701,-0.3564846807936544,0,6755720,0.01,-0.44056141020000006,-0.5881592367000001,0,-0.18094999999999986,-0.11036666666666606,0,0,126,-1
358,-576454210627,2.3068262709886427,2.6671344077982293,0.062799566296701,-0.36081848569565445,0,6755730,0.01,-0.4333804902,-0.6120956367000002,0,0.09030000000000014,-0.04911666666666614,0,0,126,-1
359,-576454210616,2.307481084342231,2.6631419364251,0.056257407083001,-0.36508540032785447,0,6755741,0.011,-0.3879013302,-0.5947417467000001,0,-0.04094999999999985,0.012133333333333995,0,0,126,-1
360,-576454210606,2.308021521132726,2.6594773423298115,0.051829951016001,-0.3678334187298545,0,6755751,0.01,-0.27480184020000004,-0.4427456067000001,0,-0.14594999999999983,-0.19786666666666608,0,0,126,-1
361,-576454210596,2.3085202565255507,2.655786674314003,0.047917127549001,-0.3703001844318545,0,6755761,0.01,-0.24667657020000003,-0.39128234670000006,0,-0.014699999999999852,-0.1191166666666661,0,0,126,-1
362,-576454210585,2.308977739328206,2.652073433076174,0.043579432982001,-0.3723480631338545,0,6755771,0.01,-0.20478787020000006,-0.4337694567000001,0,0.13405000000000014,-0.1191166666666661,0,0,126,-1
363,-576454210577,2.3141046685871935,2.644185147195375,0.04420443925983453,-0.37917596241162005,0,6755780,0.009,-0.20957515020000003,-0.49600409670000006,0,0.03780000000000014,0.012133333333333995,0,1,127,1
364,-576454210567,2.314520416749957,2.640383028495749,0.03894519329283452,-0.38124777751362005,0,6755790,0.01,-0.20718151020000009,-0.5259245967,0,0.13405000000000014,-0.0666166666666661,0,0,127,-1
365,-576454210557,2.3148841409425502,2.6365607002936025,0.03379964522583452,-0.38321786291562004,0,6755800,0.01,-0.19700854020000005,-0.5145548067000001,0,0.02030000000000015,0.13463333333333383,0,0,127,-1
366,-576454210548,2.3151694128927063,2.633106402362429,0.029594121475534522,-0.38440389956742005,0,6755809,0.009,-0.13178185020000005,-0.4672804167000001,0,-0.005949999999999844,0.0733833333333338,0,0,127,-1
367,-576454210536,2.3154452514211266,2.6292633740812446,0.025573584208534523,-0.38420175666942,0,6755819,0.01,0.02021428979999997,-0.40205372670000006,0,0.0028000000000001357,0.03838333333333388,0,0,127,-1
368,-576454210527,2.315682679806877,2.6254282914880407,0.02191209294153452,-0.38281476197142,0,6755829,0.01,0.13869946979999997,-0.3661491267000001,0,0.08155000000000015,0.178383333333334,0,0,127,-1
369,-576454210517,2.315885647555957,2.6216058820218167,0.01868145687453452,-0.38166713127342,0,6755839,0.01,0.11476306979999998,-0.3230636067,0,-0.05844999999999986,-0.11036666666666606,0,0,127,-1
370,-576454210507,2.319320662866795,2.6210888785684467,0.0188566723200607,-0.37709657992930246,0,6755849,0.01,0.10877896979999997,-0.32007155670000004,0,-0.005949999999999844,-0.05786666666666607,0,1,128,2
371,-576454210498,2.3194896953931603,2.617321317123644,0.014949832953060701,-0.37641570903130245,0,6755859,0.01,0.06808708979999997,-0.39068393670000007,0,-0.03219999999999984,-0.0666166666666661,0,0,128,-1
372,-576454210486,2.319615380894356,2.6135601155803205,0.0101872672860607,-0.37582459963330245,0,6755869,0.01,0.05911093979999998,-0.4762565667000001,0,0.02905000000000016,-0.04911666666666614,0,0,128,-1
373,-576454210477,2.3196941588308815,2.6098026708549775,0.005568320019060698,-0.37566434543530247,0,6755879,0.01,0.016025419799999965,-0.4618947267000001,0,0.08155000000000015,-0.10161666666666613,0,0,128,-1
374,-576454210468,2.319727794512237,2.6060450334416143,0.001158816252060697,-0.37586313723730247,0,6755889,0.01,-0.019879180200000044,-0.4409503767000001,0,0.11655000000000015,-0.15411666666666612,0,0,128,-1
375,-576454210458,2.3197224216409227,2.602287981273231,-0.0022333905149393043,-0.37554729643930246,0,6755899,0.01,0.03158407979999997,-0.3392206767000001,0,-0.03219999999999984,0.08213333333333384,0,0,128,-1
376,-576454210448,2.3196866274004386,2.5985401015333283,-0.004925457581939305,-0.37402865154130244,0,6755909,0.01,0.15186448979999997,-0.2692067067000001,0,-0.18969999999999984,-0.16286666666666616,0,0,128,-1
377,-576454210436,2.3213482333631577,2.5932138703293375,-0.00605685180782554,-0.37365840326950706,0,6755919,0.01,0.20093410979999998,-0.28596218670000007,0,-0.18094999999999986,-0.005366666666666076,0,1,129,1
378,-576454210428,2.3212702849242444,2.5894934367841325,-0.009532835974825541,-0.37042830577150704,0,6755929,0.01,0.32300974979999997,-0.34759841670000013,0,-0.03219999999999984,-0.18036666666666612,0,0,129,-1
379,-576454210418,2.321157786087161,2.5858039278709075,-0.012966931441825542,-0.36747347687350707,0,6755939,0.01,0.2954828898,-0.34340954670000007,0,0.10780000000000015,-0.25036666666666607,0,0,129,-1
380,-576454210405,2.321013758822408,2.582139239807663,-0.015838521508825542,-0.36546413577550707,0,6755949,0.01,0.20093410979999998,-0.28715900670000005,0,0.06405000000000015,-0.19786666666666608,0,0,129,-1
381,-576454210398,2.3208477477694847,2.5784959018163978,-0.017363689075825542,-0.36320346247750707,0,6755959,0.01,0.22606732979999997,-0.15251675670000006,0,0.09030000000000014,-0.13661666666666616,0,0,129,-1
382,-576454210388,2.3206683999528916,2.5748801074406127,-0.018505874242825543,-0.3599554126795071,0,6755969,0.01,0.32480497979999995,-0.11421851670000006,0,-0.02344999999999986,-0.3378666666666661,0,0,129,-1
383,-576454210378,2.3177901264186835,2.569002641270424,-0.022237644688103284,-0.35890612000629923,0,6755978,0.009,0.4139680698,-0.11960420670000006,0,-0.005949999999999844,-0.04036666666666611,0,1,130,2
384,-576454210369,2.317554828205467,2.565438018536351,-0.024821997955103283,-0.35401842680829926,0,6755988,0.01,0.4887693198,-0.2584353267000001,0,0.16030000000000016,0.03838333333333388,0,0,130,-1
385,-576454210359,2.3172880913260814,2.5619245167717577,-0.028525377922103284,-0.34868192611029925,0,6755998,0.01,0.5336500698000001,-0.37033799670000006,0,0.06405000000000015,-0.014116666666666111,0,0,130,-1
386,-576454210349,2.3169786357520255,2.5584618367716447,-0.033365736889103284,-0.3438540739122992,0,6756008,0.01,0.4827852198,-0.4840358967,0,-0.19844999999999988,-0.04911666666666614,0,0,130,-1
387,-576454210337,2.3166152412957994,2.5550464778375117,-0.03931315435610329,-0.3392177129142992,0,6756018,0.01,0.4636360998,-0.5947417467000001,0,-0.04094999999999985,-0.005366666666666076,0,0,130,-1
388,-576454210328,2.3161944970204034,2.5516759864883585,-0.04483570072310329,-0.3348805569162992,0,6756028,0.01,0.43371559979999996,-0.5522546367000001,0,0.011550000000000143,-0.03161666666666607,0,0,130,-1
389,-576454210319,2.3157160139593373,2.5483474305151854,-0.05086091149010329,-0.3308306377182992,0,6756038,0.01,0.40499191980000004,-0.6025210767,0,-0.13719999999999985,-0.04036666666666611,0,0,130,-1
390,-576454210308,2.308158266701076,2.5514133610183554,-0.06193891537206067,-0.32031984882543335,0,6756048,0.01,0.42533785979999994,-0.4361630967000001,0,-0.12844999999999987,-0.26786666666666614,0,1,131,1
391,-576454210299,2.3075022587450205,2.548227719281091,-0.06926267583906068,-0.3168084986274334,0,6756058,0.01,0.3511350198,-0.7323760467000002,0,0.0028000000000001357,-0.1453666666666661,0,0,131,-1
392,-576454210289,2.306761314268795,2.5450749769288064,-0.07892621940606068,-0.31373997182943336,0,6756068,0.01,0.30685267979999997,-0.9663543567,0,0.16030000000000016,-0.022866666666666147,0,0,131,-1
393,-576454210279,2.3059251705408994,2.541949718351002,-0.08830252617306068,-0.3113117437314334,0,6756078,0.01,0.24282280979999998,-0.9376306767000002,0,-0.09344999999999984,-0.27661666666666607,0,0,131,-1
394,-576454210269,2.305005376874334,2.5388479940416775,-0.09565620714006068,-0.30903311813343337,0,6756088,0.01,0.22786255979999998,-0.7353680966999999,0,0.055300000000000155,-0.3378666666666661,0,0,131,-1
395,-576454210259,2.3040292506855984,2.535771748833333,-0.09956903060706068,-0.30621592353543337,0,6756098,0.01,0.2817194598,-0.39128234670000006,0,0.16905000000000014,-0.04911666666666614,0,0,131,-1
396,-576454210249,2.3030125301576927,2.532728253407469,-0.10377507497406069,-0.3024831616374334,0,6756108,0.01,0.37327618979999994,-0.4206044367000001,0,0.02905000000000016,-0.17161666666666608,0,0,131,-1
397,-576454210238,2.303335756661917,2.5310682575928576,-0.10662382346257229,-0.29767630624783936,0,6756118,0.01,0.34993819979999996,-0.4146203367000001,0,0.06405000000000015,-0.07536666666666614,0,1,132,2
398,-576454210228,2.3022478000339563,2.528107136369369,-0.11096750212957229,-0.29454793844983934,0,6756128,0.01,0.31283677979999996,-0.4343678667000001,0,-0.18094999999999986,-0.05786666666666607,0,0,132,-1
399,-576454210219,2.3011150901173254,2.5251749949453606,-0.11557448119657229,-0.29188034635183935,0,6756138,0.01,0.2667592098,-0.4606979067000001,0,-0.014699999999999852,0.09088333333333387,0,0,132,-1
400,-576454210209,2.299939571744525,2.522268123178832,-0.11952919336357229,-0.28949400695383937,0,6756148,0.01,0.2386339398,-0.39547121670000007,0,-0.014699999999999852,0.02088333333333381,0,0,132,-1
401,-576454210199,2.298727318777054,2.519387358843783,-0.12292140013057229,-0.28665886005583935,0,6756158,0.01,0.28351468979999994,-0.3392206767000001,0,-0.12844999999999987,0.06463333333333399,0,0,132,-1
402,-576454210189,2.297482759448913,2.5165359034337147,-0.12599046549757228,-0.2836322219578393,0,6756168,0.01,0.3026638098,-0.30690653670000007,0,-0.10219999999999987,0.05588333333333395,0,0,132,-1
403,-576454210178,2.2962046370991023,2.513718723751626,-0.1296340044645723,-0.2798037144598393,0,6756178,0.01,0.3828507498,-0.36435389670000007,0,0.06405000000000015,0.02088333333333381,0,0,132,-1
404,-576454210168,2.294410949469774,2.5113746034772495,-0.13381399788984255,-0.27381566770535326,0,6756188,0.01,0.5581848798,-0.3739284567,0,0.10780000000000015,-0.014116666666666111,0,1,133,1
405,-576454210158,2.2930526170430405,2.508666779604686,-0.13785248745684256,-0.26774910680735325,0,6756198,0.01,0.6066560898000001,-0.40384895670000004,0,0.011550000000000143,0.03838333333333388,0,0,133,-1
406,-576454210149,2.2916547374946368,2.506022134663102,-0.14172342222384257,-0.26117988150935323,0,6756208,0.01,0.6569225298,-0.38709347670000005,0,0.07280000000000016,0.05588333333333395,0,0,133,-1
407,-576454210139,2.290217669870563,2.5034406985729984,-0.14569010259084259,-0.25510733651135326,0,6756218,0.01,0.6072544998,-0.39666803670000006,0,-0.15469999999999987,-0.08411666666666606,0,0,133,-1
408,-576454210126,2.28874246138832,2.500918402146375,-0.14935159385784258,-0.24935194881335326,0,6756228,0.01,0.5755387698,-0.3661491267000001,0,0.04655000000000015,0.09088333333333387,0,0,133,-1
409,-576454210119,2.2872353055914068,2.498451565161731,-0.15207956552484259,-0.24401544811535325,0,6756238,0.01,0.5336500698000001,-0.27279716670000015,0,-0.13719999999999985,0.08213333333333384,0,0,133,-1
410,-576454210109,2.2801203215582735,2.4905808944889203,-0.15883308974085938,-0.24313654195645243,0,6756248,0.01,0.6048608598,-0.1656817767000001,0,-0.03219999999999984,-0.0666166666666661,0,1,134,2
411,-576454210099,2.27852729703203,2.4881849184383458,-0.15977181550785938,-0.23605866815845242,0,6756258,0.01,0.7077873798,-0.09387257670000006,0,-0.17219999999999988,-0.04036666666666611,0,0,134,-1
412,-576454210089,2.276931198473616,2.485858464464751,-0.15944789617485938,-0.22923212656045241,0,6756268,0.01,0.6826541598,0.032391933299999946,0,0.10780000000000015,-0.10161666666666613,0,0,134,-1
414,-576454210026,2.2738906794765787,2.4816132194202063,-0.16082216269215938,-0.21773498294425242,0,6756287,0.009,0.5940894798,-0.09626621670000007,0,-0.08469999999999986,0.05588333333333395,0,0,134,-1
415,-576454210025,2.272276597321322,2.479465424462254,-0.16199426835915937,-0.21182400864625242,0,6756297,0.01,0.5910974298,-0.11721056670000006,0,-0.14594999999999983,0.012133333333333995,0,0,134,-1
416,-576454210025,2.2706536066363956,2.4773763203602814,-0.16260386862615936,-0.20599681174825243,0,6756307,0.01,0.5827196898,-0.06096002670000007,0,0.011550000000000143,0.1258833333333338,0,0,134,-1
417,-576454210024,2.269187169754369,2.475545706845934,-0.16327099404645937,-0.20080619144005243,0,6756316,0.009,0.5767355898,-0.07412504670000006,0,-0.11094999999999985,0.2046333333333339,0,0,134,-1
418,-576454210024,2.2675514118125695,2.4735682171000235,-0.16388059431345936,-0.19469175774205244,0,6756326,0.01,0.6114433698,-0.06096002670000007,0,0.011550000000000143,0.06463333333333399,0,0,134,-1
419,-576454209924,2.2659089893786,2.471652081134593,-0.16460389248045937,-0.18853543534405243,0,6756336,0.01,0.6156322397999999,-0.07232981670000006,0,-0.07594999999999988,0.1258833333333338,0,0,134,-1
420,-576454209923,2.2558407775780416,2.4771733620568313,-0.17356538139571445,-0.1753925051322134,0,6756346,0.01,0.6293956698,-0.14413901670000007,0,0.02905000000000016,0.029633333333333844,0,1,135,1
421,-576454209923,2.2540939074662494,2.475449979253499,-0.17580864096271445,-0.1692840555342134,0,6756356,0.01,0.6108449598000001,-0.22432595670000005,0,-0.09344999999999984,0.03838333333333388,0,0,135,-1
422,-576454209922,2.2523197277172873,2.473781457482147,-0.17902730882971446,-0.16442029873621342,0,6756366,0.01,0.4863756798,-0.3218667867000001,0,-0.12844999999999987,0.05588333333333395,0,0,135,-1
423,-576454209922,2.2505127928001554,2.472158102500775,-0.18235967459671446,-0.16025069753821342,0,6756376,0.01,0.41696011980000003,-0.33323657670000006,0,-0.13719999999999985,-0.022866666666666147,0,0,135,-1
424,-576454209921,2.2486781293588534,2.4705773112258824,-0.18457301366371445,-0.15590755744021342,0,6756386,0.01,0.43431400979999996,-0.22133390670000008,0,-0.2859499999999998,-0.04036666666666611,0,0,135,-1
425,-576454209921,2.246830577961381,2.46904222530997,-0.18493726583071446,-0.15110962574221343,0,6756396,0.01,0.47979316980000003,-0.03642521670000006,0,0.03780000000000014,-0.25036666666666607,0,0,135,-1
426,-576454209921,2.2449807903057386,2.467557422589538,-0.18502026529771445,-0.14585091834421343,0,6756406,0.01,0.5258707398,-0.00829994670000006,0,-0.07594999999999988,-0.005366666666666076,0,0,135,-1
427,-576454209920,2.2431258940239265,2.466125266784086,-0.18595899106471445,-0.14058024274621342,0,6756416,0.01,0.5270675598,-0.09387257670000006,0,-0.32094999999999985,0.19588333333333385,0,0,135,-1
428,-576454209920,2.2412577507399445,2.4647421075926137,-0.18766966573171445,-0.13605159554821342,0,6756426,0.01,0.45286471980000004,-0.1710674667000001,0,-0.11094999999999985,0.1521333333333339,0,0,135,-1
429,-576454209920,2.2393676835087923,2.463398819262622,-0.19034378049871445,-0.13260607045021341,0,6756436,0.01,0.3445525098,-0.2674114767000001,0,0.07280000000000016,0.2396333333333338,0,0,135,-1
430,-576454209820,2.237520189594724,2.4621550676959005,-0.19305205234739228,-0.130089599735767,0,6756446,0.01,0.24521644979999999,-0.2769860367000001,0,0.02030000000000015,0.05588333333333395,0,1,136,2
431,-576454209819,2.235573306447415,2.460860538182533,-0.19632457711439227,-0.128816302937767,0,6756456,0.01,0.12732967979999998,-0.3272524767000001,0,-0.02344999999999986,0.047133333333333916,0,0,136,-1
432,-576454209819,2.2335949547134364,2.4595786817961454,-0.19934576968139228,-0.127554974339767,0,6756466,0.01,0.12613285979999997,-0.30211925670000006,0,-0.014699999999999852,-0.07536666666666614,0,0,136,-1
433,-576454209819,2.2315908492082874,2.458309438695738,-0.2014753313483923,-0.12629364574176702,0,6756476,0.01,0.12613285979999997,-0.21295616670000006,0,-0.11969999999999983,0.02088333333333381,0,0,136,-1
434,-576454209818,2.2295706542534686,2.4570550828393105,-0.2025636596153923,-0.12457752554376703,0,6756486,0.01,0.17161201979999996,-0.10883282670000005,0,-0.02344999999999986,-0.1453666666666661,0,0,136,-1
435,-576454209818,2.22754352552198,2.455818995243363,-0.2028620866823923,-0.12263999364576703,0,6756496,0.01,0.19375318979999998,-0.02984270670000006,0,-0.16344999999999985,0.0996333333333339,0,0,136,-1
436,-576454209818,2.2255134125198213,2.4546018341588955,-0.2031605137493923,-0.12079222324776702,0,6756506,0.01,0.1847770398,-0.02984270670000006,0,-0.08469999999999986,-0.10161666666666613,0,0,136,-1
437,-576454209818,2.223478998744992,2.4533973462014083,-0.20372224121639232,-0.12010536824976702,0,6756516,0.01,0.06868549979999997,-0.056172746700000054,0,0.02905000000000016,0.05588333333333395,0,0,136,-1
438,-576454209818,2.221438399205993,2.4521964355389008,-0.2043976665833923,-0.12007676425176701,0,6756526,0.01,0.0028603997999999626,-0.06754253670000007,0,-0.08469999999999986,0.22213333333333396,0,0,136,-1
439,-576454209817,2.219398046810324,2.450997486464373,-0.20367281255039232,-0.11971305065376701,0,6756536,0.01,0.03637135979999996,0.07248540329999995,0,-0.04094999999999985,0.1258833333333338,0,0,136,-1
440,-576454209718,2.2123542765813005,2.444709735683679,-0.2065188046844996,-0.12310717218249932,0,6756546,0.01,0.12433762979999997,0.15386916329999994,0,-0.22469999999999987,-0.0666166666666661,0,1,138,2
441,-576454209718,2.2102998638041202,2.4434908649433438,-0.2043637507514996,-0.12066697588449932,0,6756556,0.01,0.24401962979999994,0.2155053933,0,-0.06719999999999984,0.0996333333333339,0,0,138,-1
442,-576454209717,2.2082610473867703,2.4422975929859887,-0.2033995327184996,-0.11798741558649932,0,6756566,0.01,0.2679560298,0.09642180329999996,0,-0.05844999999999986,0.1258833333333338,0,0,138,-1
443,-576454209717,2.20622424342225,2.441126030146614,-0.2039612601854996,-0.11632515228849932,0,6756576,0.01,0.1662263298,-0.056172746700000054,0,0.02905000000000016,0.10838333333333394,0,0,138,-1
444,-576454209717,2.20417188857706,2.4399651656812185,-0.20650970885249958,-0.11584774079049932,0,6756586,0.01,0.04774114979999997,-0.25484486670000006,0,0.02030000000000015,0.00338333333333396,0,0,138,-1
445,-576454209717,2.2020847140492,2.4387991118043035,-0.21092519671949958,-0.11736303459249932,0,6756596,0.01,-0.1515293802,-0.4415487867000001,0,0.011550000000000143,0.00338333333333396,0,0,138,-1
446,-576454209716,2.19995553891867,2.4376146436548685,-0.21490982938649958,-0.11953059529449932,0,6756606,0.01,-0.21675607020000007,-0.3984632667000001,0,-0.06719999999999984,-0.04911666666666614,0,0,138,-1
447,-576454209716,2.19779064649047,2.4364108336974137,-0.21806865625349958,-0.12123139619649932,0,6756616,0.01,-0.17008009020000006,-0.3158826867000001,0,-0.16344999999999985,-0.13661666666666616,0,0,138,-1
448,-576454209716,2.195822287896432,2.435316158930272,-0.21934436464379958,-0.12202966316829932,0,6756625,0.009,-0.08869633020000003,-0.14174537670000006,0,-0.10219999999999987,-0.005366666666666076,0,0,138,-1
449,-576454209715,2.1936192735796594,2.434096364364579,-0.22125849871079958,-0.12192924997029932,0,6756635,0.01,0.010041319799999962,-0.19141340670000007,0,-0.26844999999999986,-0.022866666666666147,0,0,138,-1
461,-576454209555,2.1503319185374044,2.4049805108811433,-0.28364835564223184,-0.13416859105526152,0,6756755,0.01,0.1781945298,-0.19620068670000007,0,-0.005949999999999844,0.11713333333333398,0,0,140,-1
462,-576454209554,2.147492985389647,2.4036503078600804,-0.28413827390923185,-0.13187201315726152,0,6756765,0.01,0.22965778979999998,-0.04899182670000007,0,-0.04094999999999985,0.00338333333333396,0,0,140,-1
463,-576454209553,2.1446557654897194,2.402342472207998,-0.28330570607623184,-0.12969511725926153,0,6756775,0.01,0.2176895898,0.08325678329999994,0,-0.08469999999999986,-0.16286666666666616,0,0,140,-1
464,-576454209552,2.1418271106321223,2.4010514387118955,-0.2824252654432318,-0.12851158196126153,0,6756785,0.01,0.11835352979999997,0.08804406329999995,0,-0.18094999999999986,-0.26786666666666614,0,0,140,-1
465,-576454209551,2.139000288704355,2.399769398121273,-0.2829391201102318,-0.12789653616326152,0,6756795,0.01,0.06150457979999997,-0.05138546670000006,0,-0.014699999999999852,0.029633333333333844,0,0,140,-1
466,-576454209550,2.1361652763389176,2.3984916529176306,-0.2840633529772318,-0.12765250456526153,0,6756805,0.01,0.024403159799999963,-0.11242328670000007,0,0.02030000000000015,-0.12786666666666613,0,0,140,-1
467,-576454209541,2.113750189148483,2.376197384482015,-0.3023552466603419,-0.1463327093924221,0,6756815,0.01,0.04175704979999997,-0.11182487670000005,0,-0.049699999999999855,-0.014116666666666111,0,1,142,2
468,-576454209531,2.110421498448729,2.3745964418308665,-0.3028612442040419,-0.1447477726346221,0,6756826,0.011,0.14408515979999997,-0.04599977670000007,0,0.03780000000000014,-0.07536666666666614,0,0,142,-1
469,-576454209514,2.107393338703854,2.37315928009451,-0.3027707047710419,-0.1426845746366221,0,6756836,0.01,0.20631979979999995,0.009053943299999938,0,0.02030000000000015,0.09088333333333387,0,0,142,-1
470,-576454209411,2.1043650371358082,2.371743707794134,-0.3028896088380419,-0.1404298854386221,0,6756846,0.01,0.22546891979999997,-0.01189040670000006,0,-0.10219999999999987,-0.05786666666666607,0,0,142,-1
471,-576454209411,2.1013298317115927,2.370346373833738,-0.3041514760050419,-0.1390369066406221,0,6756856,0.01,0.13929787979999997,-0.1261867167000001,0,-0.12844999999999987,0.029633333333333844,0,0,142,-1
472,-576454209410,2.0982792848502076,2.3689607555443217,-0.3059578962720419,-0.1380867512426221,0,6756866,0.01,0.09501553979999997,-0.1806420267000001,0,-0.02344999999999986,0.14338333333333386,0,0,142,-1
473,-576454209410,2.09490803249652,2.3674414674815707,-0.3069970771257419,-0.1381474419848221,0,6756877,0.011,-0.005517340200000027,-0.09447098670000008,0,0.07280000000000016,-0.10161666666666613,0,0,142,-1
474,-576454209410,2.0918390829119273,2.3660569345882125,-0.3067928397927419,-0.1387591366868221,0,6756887,0.01,-0.06116947020000004,0.020423733299999934,0,0.13405000000000014,0.047133333333333916,0,0,142,-1
475,-576454209410,2.0887834856496648,2.3646692468773343,-0.3043266126597419,-0.13877840548882212,0,6756897,0.01,-0.0019268802000000436,0.24662271329999996,0,0.08155000000000015,-0.17161666666666608,0,0,142,-1
476,-576454209409,2.085755602549732,2.363284208925936,-0.3012500073267419,-0.1382291847908221,0,6756907,0.01,0.05492206979999997,0.3076605333,0,0.011550000000000143,-0.21536666666666615,0,0,142,-1
477,-576454209409,2.08276031065363,2.3619057702400177,-0.2978083718937419,-0.13745855239282212,0,6756917,0.01,0.07706323979999997,0.3441635433,0,0.07280000000000016,-0.04911666666666614,0,0,142,-1
478,-576454209409,2.0797915660203574,2.3605294726650796,-0.2959405547607419,-0.1378009625948221,0,6756927,0.01,-0.03424102020000003,0.18678171329999993,0,-0.11969999999999983,-0.30286666666666606,0,0,142,-1
479,-576454209409,2.0768357548224152,2.359145771561621,-0.29522168482774186,-0.13893925809682212,0,6756937,0.01,-0.11382955020000002,0.07188699329999994,0,0.08155000000000015,-0.12786666666666613,0,0,142,-1
480,-576454209367,2.073882404884803,2.3577503284571426,-0.29544830269474187,-0.14014936279882212,0,6756947,0.01,-0.12101047020000005,-0.02266178670000006,0,-0.17219999999999988,0.00338333333333396,0,0,142,-1
481,-576454209367,2.0636683734209478,2.348201762219535,-0.30153694442409973,-0.1474416830023453,0,6756957,0.01,0.009442909799999977,0.032391933299999946,0,-0.22469999999999987,-0.12786666666666613,0,1,144,2
482,-576454209366,2.060657047133872,2.3467326347355018,-0.30072831299109976,-0.14638381380434531,0,6756967,0.01,0.10578691979999998,0.08086314329999994,0,0.0028000000000001357,-0.022866666666666147,0,0,144,-1
483,-576454209365,2.057653717399626,2.3452771976754483,-0.29993763385809974,-0.14470359820634532,0,6756977,0.01,0.16802155979999997,0.07906791329999995,0,0.02030000000000015,-0.1453666666666661,0,0,144,-1
484,-576454209365,2.05465413550721,2.343839460386375,-0.2999787446250997,-0.1428438596083453,0,6756987,0.01,0.18597385979999995,-0.0041110767000000735,0,-0.05844999999999986,-0.005366666666666076,0,0,144,-1
485,-576454209360,2.0519497736624728,2.342559264857982,-0.3009905542053997,-0.1416440355901453,0,6756996,0.009,0.13331377979999998,-0.11242328670000007,0,-0.03219999999999984,0.0996333333333339,0,0,144,-1
486,-576454209350,2.0303350846268904,2.356895690443308,-0.3169785035473654,-0.1280976259106052,0,6757006,0.01,0.13391218979999997,-0.19261022670000008,0,0.09905000000000015,-0.11036666666666606,0,1,145,1
487,-576454209341,2.0271580627200816,2.3556208113836923,-0.3184258778143654,-0.1268781860126052,0,6757016,0.01,0.12194398979999997,-0.14473742670000006,0,0.08155000000000015,0.00338333333333396,0,0,145,-1
488,-576454209331,2.023967763890603,2.354357438551556,-0.3196338880813654,-0.1257963804146052,0,6757026,0.01,0.10818055979999998,-0.12080102670000004,0,0.16030000000000016,-0.08411666666666606,0,0,145,-1
489,-576454209320,2.0207672699499546,2.3531037767169,-0.32046490004836536,-0.1249359865166052,0,6757036,0.01,0.08603938979999998,-0.08310119670000005,0,0.0028000000000001357,-0.21536666666666615,0,0,145,-1
490,-576454209307,2.013604011719041,2.3471371607127707,-0.32409221095386126,-0.1291603994992238,0,6757046,0.01,0.005254039799999974,-0.008898356700000063,0,0.16030000000000016,-0.0928666666666661,0,1,146,2
491,-576454209301,2.010362405327667,2.3458427675287683,-0.32422906732086126,-0.1297182373012238,0,6757056,0.01,-0.05578378020000005,-0.013685636700000052,0,-0.14594999999999983,-0.25036666666666607,0,0,146,-1
492,-576454209291,2.0071178745066236,2.344540312565246,-0.3246770968878613,-0.1307727554032238,0,6757066,0.01,-0.10545181020000005,-0.04480295670000006,0,-0.005949999999999844,-0.10161666666666613,0,0,146,-1
493,-576454209280,2.0038715861554097,2.3432315012907035,-0.3245805733548613,-0.13098949950522382,0,6757076,0.01,-0.021674410200000035,0.009652353299999942,0,-0.05844999999999986,-0.13661666666666616,0,0,146,-1
494,-576454209271,2.0006335636415264,2.341925549219141,-0.3230239294218613,-0.13020091480722382,0,6757086,0.01,0.07885846979999997,0.15566439329999995,0,-0.11969999999999983,-0.0666166666666661,0,0,146,-1
495,-576454209260,1.997414189378473,2.340629906555059,-0.3208509231888613,-0.1289276180092238,0,6757096,0.01,0.12732967979999998,0.21730062329999994,0,-0.12844999999999987,-0.05786666666666607,0,0,146,-1
496,-576454209251,1.9942139420942493,2.3393411025204562,-0.3191985336558613,-0.1288331889112238,0,6757106,0.01,0.009442909799999977,0.16523895329999994,0,0.02030000000000015,-0.1191166666666661,0,0,146,-1
497,-576454209241,1.9910248330153557,2.338045254003334,-0.31862328212286134,-0.1303365145132238,0,6757116,0.01,-0.15033256020000005,0.057525153299999944,0,-0.12844999999999987,-0.30286666666666606,0,0,146,-1
498,-576454209230,1.9882874108631632,2.3363493760318255,-0.3185551936194661,-0.1338318835739587,0,6757126,0.01,-0.3208794102,-0.026850656700000065,0,-0.11094999999999985,-0.30286666666666606,0,1,147,1
499,-576454209222,1.9851018628166335,2.334987473259576,-0.3185544156864661,-0.1385486708759587,0,6757136,0.01,-0.4716787302,7.779329999994643e-5,0,-0.02344999999999986,-0.22411666666666608,0,0,147,-1
500,-576454209211,1.9819157839804338,2.3335768467483065,-0.3186613515534661,-0.1435766313779587,0,6757146,0.01,-0.5027960502000001,-0.010693586700000054,0,-0.20719999999999986,-0.30286666666666606,0,0,147,-1
501,-576454209201,1.978731029425564,2.332114025720017,-0.3182895594204661,-0.1489875742799587,0,6757156,0.01,-0.5410942902000001,0.03717921329999994,0,-0.10219999999999987,-0.0666166666666661,0,0,147,-1
502,-576454209191,1.9755458637630243,2.3306002369152075,-0.3187435730874661,-0.15377018668195871,0,6757166,0.01,-0.4782612402,-0.04540136670000007,0,-0.014699999999999852,-0.2853666666666661,0,0,147,-1
503,-576454209181,1.9723538540853145,2.329042421889878,-0.3196583624544661,-0.15779281838395873,0,6757176,0.01,-0.4022631702,-0.09147893670000008,0,-0.005949999999999844,-0.16286666666666616,0,0,147,-1
504,-576454209170,1.96882581436438,2.3272829794305423,-0.3218034049881661,-0.16210581058615872,0,6757187,0.011,-0.3920902002,-0.19500386670000006,0,0.02030000000000015,-0.2328666666666661,0,0,147,-1
505,-576454209161,1.9659417709277367,2.3258321186493176,-0.3245217688555423,-0.16693221196105504,0,6757196,0.009,-0.5392990602000001,-0.30451289670000004,0,-0.17219999999999988,0.02088333333333381,0,1,148,2
506,-576454209151,1.9626759119838464,2.324128530974697,-0.3286500199225423,-0.17378532296305504,0,6757206,0.01,-0.6853111002000002,-0.4128251067,0,-0.014699999999999852,-0.11036666666666606,0,0,148,-1
507,-576454209140,1.9593669453787859,2.322351804433057,-0.33314330108954227,-0.18155998536505505,0,6757216,0.01,-0.7774662402000001,-0.4493281167000001,0,-0.17219999999999988,-0.005366666666666076,0,0,148,-1
508,-576454209131,1.9560200174385556,2.3204984981668964,-0.3362422869565423,-0.18910126786705506,0,6757226,0.01,-0.7541282502000002,-0.3098985867000001,0,-0.18094999999999986,-0.18911666666666616,0,0,148,-1
509,-576454209121,1.952653349747655,2.3185745364352157,-0.3370912512235423,-0.19569107846905506,0,6757236,0.01,-0.6589810602,-0.08489642670000004,0,-0.21594999999999984,-0.014116666666666111,0,0,148,-1
510,-576454209112,1.9496246453499269,2.3167929050177514,-0.3359541704938423,-0.20022701430085507,0,6757245,0.009,-0.5039928702,0.12634230329999993,0,-0.19844999999999988,-0.17161666666666608,0,0,148,-1
511,-576454209101,1.9364961789923962,2.3228070743038463,-0.3420007709143161,-0.1984874576481015,0,6757255,0.01,-0.4399630002,0.13472004329999995,0,-0.05844999999999986,-0.1191166666666661,0,1,149,1
512,-576454209092,1.933079556189418,2.320791913598855,-0.3413237896813161,-0.2045446833501015,0,6757265,0.01,-0.6057225702000001,0.06769812329999994,0,0.11655000000000015,-0.15411666666666612,0,0,149,-1
513,-576454209083,1.9300103111494649,2.318922795872651,-0.3407306636416161,-0.2108148113619015,0,6757274,0.009,-0.6966808902000001,0.06590289329999995,0,-0.02344999999999986,-0.2853666666666661,0,0,149,-1
514,-576454209073,1.9266099798792136,2.316775535083022,-0.3393355904086161,-0.2186373465639015,0,6757284,0.01,-0.7822535202,0.13950732329999993,0,-0.005949999999999844,-0.014116666666666111,0,0,149,-1
515,-576454209063,1.9232288653492924,2.314554297652373,-0.33688731557561613,-0.22561013956590148,0,6757294,0.01,-0.6972793002000002,0.24482748329999993,0,-0.049699999999999855,-0.11036666666666606,0,0,149,-1
516,-576454209052,1.9198768712452012,2.3122620157897043,-0.33351150524261614,-0.23284623296790147,0,6757304,0.01,-0.7236093402000001,0.33758103329999994,0,-0.16344999999999985,0.03838333333333388,0,0,149,-1
517,-576454209042,1.9165607895204402,2.3098966848215152,-0.3297048397096161,-0.24021996066990148,0,6757314,0.01,-0.7373727702,0.38066655329999993,0,-0.05844999999999986,-0.20661666666666612,0,0,149,-1
519,-576454209009,1.9157848001555022,2.3121321897583877,-0.31771042247388687,-0.24920795765922646,0,6757334,0.01,-0.8109772002000001,0.31663668329999994,0,0.055300000000000155,-0.12786666666666613,0,0,150,-1
520,-576454209006,1.9126228695139285,2.3095919315942854,-0.3146757058408869,-0.25884367516122647,0,6757344,0.01,-0.9635717502000001,0.30347166329999997,0,-0.18969999999999984,-0.11036666666666606,0,0,150,-1
521,-576454209001,1.9094975095026845,2.306952204523163,-0.3103962964078869,-0.2691017390632265,0,6757354,0.01,-1.0258063902,0.42794094329999993,0,-0.05844999999999986,0.0733833333333338,0,0,150,-1
522,-576454208899,1.9064210772882708,2.3042133975115213,-0.3048901464748869,-0.2786596632652265,0,6757364,0.01,-0.9557924202000001,0.5506149933,0,-0.24219999999999983,-0.11036666666666606,0,0,150,-1
523,-576454208898,1.903401771087687,2.301385863052359,-0.2989710936418869,-0.2868472285672265,0,6757374,0.01,-0.8187565302000002,0.5919052833,0,-0.04094999999999985,0.06463333333333399,0,0,150,-1
524,-576454208898,1.900446951343933,2.298481509504677,-0.2919928551088869,-0.2940234809692265,0,6757384,0.01,-0.7176252402000002,0.6978238532999999,0,-0.21594999999999984,-0.04036666666666611,0,0,150,-1
525,-576454208897,1.8975646666715091,2.2955101807129745,-0.2844640793758869,-0.3002422773712265,0,6757394,0.01,-0.6218796402000001,0.7528775732999999,0,-0.05844999999999986,0.24838333333333384,0,0,150,-1
526,-576454208897,1.8947582681664152,2.292479626086752,-0.2768156216428869,-0.3058686478732265,0,6757404,0.01,-0.5626370502,0.7648457732999999,0,-0.21594999999999984,-0.0928666666666661,0,0,150,-1
527,-576454208896,1.892293711065783,2.2897035852144696,-0.2708637340531869,-0.3110293237450265,0,6757413,0.009,-0.5734084302,0.6613208433,0,0.02030000000000015,-0.0666166666666661,0,0,150,-1
528,-576454208896,1.889608535286916,2.286558727217009,-0.26617142172018693,-0.3179422757470265,0,6757423,0.01,-0.6912952002000002,0.4692312333,0,0.055300000000000155,-0.022866666666666147,0,0,150,-1
529,-576454208896,1.8869593616488793,2.283345308189029,-0.26366330588718695,-0.3247415298490265,0,6757433,0.01,-0.6799254102000002,0.2508115832999999,0,0.02905000000000016,-0.08411666666666606,0,0,150,-1
530,-576454208895,1.8845962347021534,2.28039904784489,-0.26147601560748696,-0.3299829910708265,0,6757442,0.009,-0.5823845802000002,0.24303225329999995,0,0.15155000000000016,0.0996333333333339,0,0,150,-1
531,-576454208895,1.8819956607527435,2.2770724025836717,-0.25863877427448695,-0.3353460611728265,0,6757452,0.01,-0.5363070102,0.28372413329999996,0,0.07280000000000016,-0.0928666666666661,0,0,150,-1
532,-576454208891,1.8794267504716637,2.2736924856674334,-0.25514328194148694,-0.3406373220748265,0,6757462,0.01,-0.5291260902000001,0.34954923329999993,0,-0.19844999999999988,-0.05786666666666607,0,0,150,-1
533,-576454208884,1.882074284628719,2.2767444764827296,-0.24596369435442741,-0.33990705643169783,0,6757473,0.011,-0.5021976402,0.3800681433,0,-0.005949999999999844,-0.12786666666666613,0,1,152,2
534,-576454208874,1.8796392761463396,2.273321702299903,-0.24103800212142742,-0.34464778013369785,0,6757483,0.01,-0.47407237020000004,0.49256922329999997,0,-0.05844999999999986,-0.1453666666666661,0,0,152,-1
535,-576454208864,1.8772565764772904,2.2698567569675556,-0.23550193168842742,-0.34834128633569783,0,6757493,0.01,-0.36935062020000003,0.5536070433,0,0.055300000000000155,0.0733833333333338,0,0,152,-1
536,-576454208797,1.8749319004370713,2.2663604417861887,-0.22943327635542743,-0.3509217499376978,0,6757503,0.01,-0.25804636020000005,0.6068655333,0,-0.16344999999999985,-0.022866666666666147,0,0,152,-1
537,-576454208796,1.872681853903182,2.2628414636213017,-0.22057603042242743,-0.3528738830396978,0,6757513,0.01,-0.19521331020000002,0.8857245933,0,-0.09344999999999984,-0.04911666666666614,0,0,152,-1
538,-576454208796,1.8705255859956227,2.2593094568738947,-0.21067755108942743,-0.3535274664416978,0,6757523,0.01,-0.06535834020000005,0.9898479333000001,0,-0.16344999999999985,-0.10161666666666613,0,0,152,-1
539,-576454208795,1.8684687816093934,2.255773577216968,-0.20068332615642742,-0.3536484649436978,0,6757533,0.01,-0.012099850200000024,0.9994224932999999,0,0.0028000000000001357,-0.2328666666666661,0,0,152,-1
540,-576454208795,1.8665039306989941,2.252238222964021,-0.19228685592342742,-0.3534223856456978,0,6757543,0.01,0.022607929799999964,0.8396470232999999,0,0.11655000000000015,-0.17161666666666608,0,0,152,-1
541,-576454208795,1.864616731265425,2.248705907437054,-0.18515303079042741,-0.3530407197476978,0,6757553,0.01,0.03816658979999997,0.7133825132999999,0,-0.07594999999999988,-0.0666166666666661,0,0,152,-1
542,-576454208693,1.8627932702761856,2.245179233719567,-0.17953916705742742,-0.3522940237496978,0,6757563,0.01,0.07466959979999997,0.5613863733,0,0.09030000000000014,-0.24161666666666615,0,0,152,-1
543,-576454208692,1.8529239146420229,2.247546469969125,-0.1806225015047791,-0.3458846520414366,0,6757574,0.011,0.14588038979999998,0.45905826329999994,0,0.011550000000000143,0.00338333333333396,0,1,153,1
544,-576454208692,1.85114393379514,2.244093002556201,-0.1753736678717791,-0.3448088305434366,0,6757584,0.01,0.10758214979999997,0.5248833633,0,-0.11094999999999985,0.02088333333333381,0,0,153,-1
545,-576454208691,1.8494232332380873,2.2406477501157567,-0.1687664435387791,-0.34424165754543656,0,6757594,0.01,0.05671729979999997,0.6607224333,0,-0.06719999999999984,-0.12786666666666613,0,0,153,-1
546,-576454208691,1.8477688442883644,2.2372062245727924,-0.1621113464057791,-0.3440634510474366,0,6757604,0.01,0.017820649799999966,0.6655097133,0,0.02030000000000015,-0.15411666666666612,0,0,153,-1
547,-576454208691,1.8461842377239717,2.233760616676808,-0.1548099664727791,-0.3450581281494366,0,6757614,0.01,-0.09946771020000006,0.7301379933000001,0,-0.049699999999999855,-0.17161666666666608,0,0,153,-1
548,-576454208690,1.8445201432782257,2.2299564976119575,-0.14775266002647908,-0.3465998836416366,0,6757625,0.011,-0.14015959020000004,0.6415733133,0,-0.10219999999999987,0.012133333333333995,0,0,153,-1
549,-576454208690,1.8430749646281257,2.2264844482520307,-0.1412830699934791,-0.3478099883436366,0,6757635,0.01,-0.12101047020000005,0.6469590032999999,0,-0.11969999999999983,-0.022866666666666147,0,0,153,-1
550,-576454208690,1.8416978928153558,2.223004037907584,-0.1341312925604791,-0.3482720805456366,0,6757645,0.01,-0.04620922020000003,0.7151777433000001,0,-0.05844999999999986,-0.15411666666666612,0,0,153,-1
551,-576454208689,1.840395480429416,2.219523105749618,-0.1263511846274791,-0.34791435104763657,0,6757655,0.01,0.03577294979999997,0.7780107933,0,-0.10219999999999987,-0.13661666666666616,0,0,153,-1
552,-576454208689,1.8391701510308063,2.2160468878656316,-0.1187146950944791,-0.3473292257496366,0,6757665,0.01,0.05851252979999998,0.7636489533,0,-0.04094999999999985,-0.21536666666666615,0,0,153,-1
553,-576454208681,1.828623859335476,2.219822510174908,-0.11966350343330923,-0.34195691862071326,0,6757675,0.01,-0.026461690200000026,0.6415733133,0,0.13405000000000014,-0.24161666666666615,0,1,155,1
554,-576454208672,1.827450386657808,2.216393329925691,-0.11503103210030922,-0.34387913122271324,0,6757685,0.01,-0.19222126020000002,0.4632471333,0,0.02905000000000016,-0.20661666666666612,0,0,155,-1
555,-576454208662,1.8263182718904698,2.2129369686974534,-0.11139192136730923,-0.34739311442471327,0,6757695,0.01,-0.35139832020000006,0.36391107329999994,0,-0.10219999999999987,-0.3116166666666661,0,0,155,-1
556,-576454208652,1.8252237450504618,2.2094431338381963,-0.10751344663430923,-0.3513738574267133,0,6757705,0.01,-0.3980743002,0.38784747329999997,0,0.02030000000000015,-0.25036666666666607,0,0,155,-1
557,-576454208641,1.8241709950077838,2.2059126332014194,-0.10303656190130923,-0.3547262699287133,0,6757715,0.01,-0.33524125020000006,0.4476884733,0,-0.03219999999999984,-0.22411666666666608,0,0,155,-1
558,-576454208592,1.8292852116367593,2.2101968308742985,-0.09247483376128164,-0.350021891857806,0,6757725,0.01,-0.2335115502,0.5015453732999999,0,0.0028000000000001357,-0.1453666666666661,0,1,156,2
559,-576454208592,1.8283849720783114,2.2066887662022103,-0.08757307792828165,-0.351591042559806,0,6757735,0.01,-0.15691507020000003,0.49017558329999994,0,-0.12844999999999987,-0.04036666666666611,0,0,156,-1
560,-576454208591,1.8275336303961935,2.203167493424602,-0.08269525849528164,-0.352663512961806,0,6757745,0.01,-0.10724704020000005,0.48778194329999996,0,-0.12844999999999987,-0.0928666666666661,0,0,156,-1
561,-576454208591,1.8268086677619446,2.1999899538421777,-0.07840754911558165,-0.353456394243606,0,6757754,0.009,-0.08809792020000005,0.4764121532999999,0,-0.04094999999999985,-0.26786666666666614,0,0,156,-1
562,-576454208490,1.8260529607944538,2.1964447914602316,-0.07273384438258165,-0.355576082145606,0,6757764,0.01,-0.21196879020000003,0.5673704733,0,0.02030000000000015,0.012133333333333995,0,0,156,-1
563,-576454208489,1.825350759460293,2.192870383584766,-0.06770642244958165,-0.359305492947606,0,6757774,0.01,-0.37294108020000005,0.5027421932999999,0,0.02905000000000016,-0.022866666666666147,0,0,156,-1
564,-576454208489,1.8247637258010803,2.189618137049789,-0.06274550181988166,-0.363415959269406,0,6757783,0.009,-0.45671848020000005,0.5512134032999999,0,0.055300000000000155,0.00338333333333396,0,0,156,-1
565,-576454208488,1.8241651180345464,2.185961799784085,-0.05697605148688166,-0.36785149387140603,0,6757793,0.01,-0.4435534602000001,0.5769450332999999,0,0.12530000000000016,-0.10161666666666613,0,0,156,-1
566,-576454208488,1.8236233969178426,2.1822693053893607,-0.051368171853881664,-0.37064738507340605,0,6757803,0.01,-0.27958912020000004,0.5607879632999999,0,-0.11969999999999983,-0.0928666666666661,0,0,156,-1
567,-576454208488,1.823134074375969,2.1785548062621167,-0.04649633652088166,-0.37225244037540606,0,6757813,0.01,-0.16050553020000008,0.48718353329999997,0,-0.05844999999999986,-0.03161666666666607,0,0,156,-1
568,-576454208487,1.8226822799204252,2.1748308989328526,-0.043862554587881665,-0.3725290254774061,0,6757823,0.01,-0.02765851020000003,0.26337819329999995,0,-0.08469999999999986,-0.07536666666666614,0,0,156,-1
569,-576454208487,1.8222520958452113,2.1711044052755684,-0.042174260454881665,-0.37276970597940606,0,6757833,0.01,-0.02406805020000003,0.16882941329999993,0,0.19530000000000014,-0.014116666666666111,0,0,156,-1
570,-576454208487,1.8218357428203276,2.1673735001397643,-0.04109634452188166,-0.3734113211814061,0,6757843,0.01,-0.06416152020000003,0.10779159329999993,0,0.16905000000000014,-0.03161666666666607,0,0,156,-1
571,-576454208486,1.8214308272057738,2.16363022467244,-0.03988677838888166,-0.37524377228340605,0,6757853,0.01,-0.18324511020000003,0.12095661329999995,0,0.09905000000000015,-0.1453666666666661,0,0,156,-1
572,-576454208486,1.82103752852455,2.1598651539160962,-0.03877295785588166,-0.37777037898540605,0,6757863,0.01,-0.25266067020000005,0.11138205329999995,0,-0.014699999999999852,0.047133333333333916,0,0,156,-1
573,-576454208480,1.820658778985656,2.1560719746452324,-0.03697694992288166,-0.38086547518740604,0,6757873,0.01,-0.30950962020000006,0.17960079329999995,0,0.011550000000000143,-0.12786666666666613,0,0,156,-1
574,-576454208472,1.8271130408980978,2.1604166224400894,-0.0284605531500335,-0.37502960325454227,0,6757884,0.011,-0.15631666020000004,0.21909585329999995,0,0.10780000000000015,0.1521333333333339,0,1,158,2
575,-576454208463,1.8268421129247625,2.156664015946534,-0.0257250415170335,-0.37549169545654226,0,6757894,0.01,-0.04620922020000003,0.27355116329999996,0,-0.13719999999999985,-0.08411666666666606,0,0,158,-1
576,-576454208453,1.826596984201757,2.1529114860494585,-0.0233007030840335,-0.37501428395854225,0,6757904,0.01,0.04774114979999997,0.24243384329999995,0,0.011550000000000143,0.08213333333333384,0,0,158,-1
577,-576454208442,1.8263756799760817,2.1491655853383627,-0.0209601420510335,-0.3741658582605423,0,6757914,0.01,0.08484256979999996,0.23405610329999996,0,0.011550000000000143,-0.15411666666666612,0,0,158,-1
578,-576454208432,1.8034146758050222,2.162912453205345,-0.03683037704379793,-0.3592801074290774,0,6757924,0.01,0.09202348979999997,0.25140999329999997,0,0.03780000000000014,0.0996333333333339,0,1,159,1
579,-576454208423,1.803059181898249,2.1593242533055443,-0.03426840431079793,-0.3583598725310774,0,6757934,0.01,0.09202348979999997,0.2561972732999999,0,0.011550000000000143,0.06463333333333399,0,0,159,-1
580,-576454208413,1.802727003840306,2.155742263704724,-0.032167207277797934,-0.3580380476330774,0,6757944,0.01,0.032182489799999964,0.21011970329999996,0,0.22155000000000016,-0.35536666666666616,0,0,159,-1
581,-576454208404,1.8024422765396193,2.152512596791483,-0.031105526208097933,-0.3596657108648774,0,6757953,0.009,-0.18085147020000003,0.11796456329999995,0,-0.02344999999999986,-0.19786666666666608,0,0,159,-1
582,-576454208392,1.80209907054748,2.148533711036617,-0.03129556327179793,-0.3637680627470774,0,6757964,0.011,-0.37294108020000005,-0.017276096700000052,0,-0.03219999999999984,-0.32036666666666613,0,0,159,-1
583,-576454208383,1.801787315624427,2.1448797470746364,-0.03105542133879793,-0.3670247296490774,0,6757974,0.01,-0.3256666902,0.02401419329999994,0,-0.07594999999999988,-0.1191166666666661,0,0,159,-1
584,-576454208373,1.8014841257437042,2.1411991107821353,-0.029582554805797932,-0.3691025288510774,0,6757984,0.01,-0.20777992020000005,0.14728665329999996,0,-0.06719999999999984,-0.27661666666666607,0,0,159,-1
585,-576454208285,1.802789657488135,2.1395504576298294,-0.025931771299244243,-0.3677772567702916,0,6757994,0.01,-0.04740604020000004,0.22328472329999993,0,-0.09344999999999984,-0.18036666666666612,0,1,160,2
586,-576454208284,1.8025411748858076,2.1358745335506164,-0.023764749166244242,-0.3674075590722916,0,6758004,0.01,0.03696976979999996,0.21670221329999995,0,0.10780000000000015,-0.0666166666666661,0,0,160,-1
587,-576454208284,1.80231268695681,2.132203892234884,-0.021932836633244242,-0.36672070407429164,0,6758014,0.01,0.06868549979999997,0.1831912532999999,0,0.055300000000000155,-0.08411666666666606,0,0,160,-1
588,-576454208284,1.8021021291866426,2.128534464494631,-0.020178717400244243,-0.3671648439762916,0,6758024,0.01,-0.044413990200000045,0.17541192329999997,0,-0.06719999999999984,-0.005366666666666076,0,0,160,-1
589,-576454208283,1.801910698395305,2.1248580521128577,-0.018107440867244244,-0.36811763237829165,0,6758034,0.01,-0.09527884020000005,0.20712765329999994,0,-0.23344999999999985,0.029633333333333844,0,0,160,-1
590,-576454208283,1.8017378260932975,2.1211676536925648,-0.016467019534244245,-0.36996205168029167,0,6758044,0.01,-0.18444193020000008,0.16404213329999998,0,-0.014699999999999852,-0.2591166666666661,0,0,160,-1
591,-576454208283,1.8015777974651201,2.117455669426752,-0.015538706101244247,-0.3724348014822917,0,6758054,0.01,-0.24727498020000002,0.09283134329999995,0,-0.049699999999999855,-0.30286666666666606,0,0,160,-1
592,-576454208283,1.8014304329877726,2.113722757566419,-0.013934189368244247,-0.3741475705842917,0,6758064,0.01,-0.17127691020000005,0.16045167329999996,0,-0.02344999999999986,-0.2591166666666661,0,0,160,-1
593,-576454208183,1.8013071024512552,2.109978163546066,-0.010731917935244247,-0.3747712334862917,0,6758074,0.01,-0.06236629020000004,0.32022714329999996,0,-0.08469999999999986,-0.32036666666666613,0,0,160,-1
594,-576454208182,1.7928931174304805,2.1125635909257334,-0.014399128085381057,-0.36954461135051114,0,6758084,0.01,0.010639729799999966,0.31663668329999994,0,-0.02344999999999986,-0.2591166666666661,0,1,161,1
595,-576454208182,1.7927647186197917,2.108869335049718,-0.011280634052381057,-0.36930656385251115,0,6758094,0.01,0.02380474979999997,0.31184940329999994,0,0.16905000000000014,-0.32911666666666617,0,0,161,-1
596,-576454208181,1.792662448184933,2.105176143146683,-0.009173452919381058,-0.36933181675451116,0,6758104,0.01,-0.0025252902000000295,0.21071811329999995,0,-0.05844999999999986,-0.014116666666666111,0,0,161,-1
597,-576454208180,1.7925808007539041,2.101483566409128,-0.007156033286381059,-0.36918353075651117,0,6758114,0.01,0.014828599799999969,0.20174196329999997,0,0.07280000000000016,-0.014116666666666111,0,0,161,-1
598,-576454208180,1.7925251971295704,2.098161490955006,-0.0052003276766810595,-0.36905545904831116,0,6758123,0.009,0.014230189799999966,0.21730062329999994,0,-0.08469999999999986,-0.0666166666666661,0,0,161,-1
599,-576454208180,1.7924812762774687,2.094468955029013,-0.0035838427436810597,-0.3694517261503112,0,6758133,0.01,-0.03962671020000004,0.16164849329999995,0,0.08155000000000015,-0.0928666666666661,0,0,161,-1
600,-576454208180,1.792454806856197,2.090769464382,-0.0017100415106810602,-0.3704464032523112,0,6758143,0.01,-0.09946771020000006,0.18738012329999995,0,-0.014699999999999852,-0.022866666666666147,0,0,161,-1
601,-576454208180,1.7924456093427552,2.0870591293489666,-1.2946117768106082e-4,-0.3716206033543112,0,6758153,0.01,-0.11742001020000004,0.15805803329999993,0,-0.02344999999999986,-0.20661666666666612,0,0,161,-1
602,-576454208180,1.7924593985526434,2.0833472552054135,0.0028873031553189386,-0.3707542253563112,0,6758163,0.01,0.08663779979999997,0.30167643329999994,0,-0.16344999999999985,-0.11036666666666606,0,0,161,-1
603,-576454208080,1.7925050608743616,2.0796437157163403,0.006245161188318938,-0.3699536724583112,0,6758173,0.01,0.08005528979999997,0.3357858032999999,0,-0.049699999999999855,-0.17161666666666608,0,0,161,-1
604,-576454208080,1.8009428537886458,2.086658816590835,0.01688327620178611,-0.35951641589936906,0,6758183,0.01,0.10578691979999998,0.3184319133,0,-0.16344999999999985,-0.04911666666666614,0,1,162,2
605,-576454208079,1.791883271750454,2.0901801885971003,0.010727233284322398,-0.35277197080316663,0,6758193,0.01,0.09022825979999997,0.15626280329999995,0,0.011550000000000143,-0.19786666666666608,0,1,163,1
606,-576454208079,1.7919976989724622,2.0866570700635587,0.012158211117322397,-0.3518517359051666,0,6758203,0.01,0.09202348979999997,0.14309778329999995,0,0.12530000000000016,-0.18036666666666612,0,0,163,-1
607,-576454208078,1.7921318216628006,2.083143842050497,0.014666326950322396,-0.3507938667071666,0,6758213,0.01,0.10578691979999998,0.2508115832999999,0,0.02030000000000015,-0.3641166666666661,0,0,163,-1
608,-576454208078,1.7922991938079689,2.0796357771189156,0.018808102083322394,-0.3508191196091666,0,6758223,0.01,-0.0025252902000000295,0.4141775132999999,0,0.055300000000000155,-0.3116166666666661,0,0,163,-1
609,-576454208078,1.7925099883779672,2.076118363826314,0.023350811916322396,-0.35266353891116664,0,6758233,0.01,-0.18444193020000008,0.4542709833,0,-0.02344999999999986,-0.17161666666666608,0,0,163,-1
610,-576454208078,1.7927683942427952,2.0725797835751925,0.028330361049322395,-0.3550525113131666,0,6758243,0.01,-0.2388972402,0.4979549132999999,0,-0.18969999999999984,-0.0928666666666661,0,0,163,-1
611,-576454208077,1.7930813828789534,2.0690206048550506,0.034267366182322394,-0.3567832327151666,0,6758253,0.01,-0.17307214020000006,0.5937005133000001,0,0.16030000000000016,-0.005366666666666076,0,0,163,-1
612,-576454208077,1.7934518864954416,2.065450970715389,0.03983335711532239,-0.3571435952171666,0,6758263,0.01,-0.036036250200000036,0.5565990932999999,0,-0.07594999999999988,-0.1191166666666661,0,0,163,-1
613,-576454208077,1.79387586582476,2.0618829989587075,0.04496250874832239,-0.3564507561191666,0,6758273,0.01,0.06928390979999997,0.5129151633,0,-0.20719999999999986,-0.13661666666666616,0,0,163,-1
614,-576454207978,1.7943491918379082,2.058325336609506,0.04970269388132239,-0.3550817137211666,0,6758283,0.01,0.13690423979999997,0.47401851329999994,0,0.09030000000000014,-0.04911666666666614,0,0,163,-1
615,-576454207977,1.7988415919181502,2.059925659868426,0.05772140697283955,-0.34946162746651926,0,6758293,0.01,0.11177101979999998,0.44589324329999996,0,-0.005949999999999844,-0.0928666666666661,0,1,164,2
616,-576454207977,1.7994370913030435,2.0564264890952506,0.06137847000583955,-0.35037252716851924,0,6758303,0.01,-0.09108997020000005,0.3657063032999999,0,0.12530000000000016,-0.25036666666666607,0,0,164,-1
617,-576454207977,1.800066947201267,2.0529056127945555,0.06459270963883955,-0.35380273297051923,0,6758313,0.01,-0.3430205802000001,0.3214239633,0,0.07280000000000016,-0.18036666666666612,0,0,164,-1
618,-576454207977,1.8007287360523203,2.0493499557078407,0.06776506057183955,-0.35732868437251925,0,6758323,0.01,-0.35259514020000005,0.31723509329999994,0,-0.04094999999999985,0.06463333333333399,0,0,164,-1
619,-576454207976,1.8014275443412038,2.045765382253106,0.07199659720483954,-0.3595860065745192,0,6758333,0.01,-0.22573222020000006,0.4231536632999999,0,0.0028000000000001357,-0.16286666666666616,0,0,164,-1
620,-576454207975,1.8021693860884174,2.042169934491851,0.07637175223783954,-0.3595035456765192,0,6758343,0.01,0.00824608979999997,0.4375155033,0,0.08155000000000015,0.06463333333333399,0,0,164,-1
621,-576454207975,1.8029570139799609,2.0385794104480754,0.08115382607083954,-0.3586012630785192,0,6758353,0.01,0.09022825979999997,0.47820738329999996,0,-0.03219999999999984,-0.24161666666666615,0,0,164,-1
622,-576454207975,1.8037898296058343,2.03500066191628,0.08540929910383954,-0.3571484432805192,0,6758363,0.01,0.14528197979999996,0.4255473032999999,0,0.21280000000000016,-0.18911666666666616,0,0,164,-1
623,-576454207975,1.8046625071170377,2.0314388651429653,0.08912620313683954,-0.3552109113825192,0,6758373,0.01,0.19375318979999998,0.37169040329999997,0,0.21280000000000016,-0.19786666666666608,0,0,164,-1
624,-576454207974,1.805576632300071,2.02789237450063,0.09369883346983954,-0.3540872170845192,0,6758383,0.01,0.11236942979999998,0.4572630333,0,0.07280000000000016,-0.03161666666666607,0,0,164,-1
625,-576454207962,1.8082174531205422,2.0259724177329623,0.10158749451157574,-0.35202092990110423,0,6758394,0.011,0.02978884979999997,0.5877164133,0,0.23030000000000014,0.0733833333333338,0,1,166,2
626,-576454207953,1.8092624146813228,2.0224561214369414,0.10740481764457574,-0.3512383293031042,0,6758404,0.01,0.07826005979999996,0.5817323132999999,0,0.16905000000000014,-0.13661666666666616,0,0,166,-1
627,-576454207943,1.8103666565319334,2.0189460653604008,0.11344355247757575,-0.3507728860051042,0,6758414,0.01,0.04654432979999998,0.6038734833,0,-0.005949999999999844,-0.13661666666666616,0,0,166,-1
629,-576454207924,1.812621404210198,2.012313214017408,0.12382744405027575,-0.34691743808890424,0,6758433,0.009,0.2589798797999999,0.5386467933,0,0.12530000000000016,-0.17161666666666608,0,0,166,-1
630,-576454207914,1.8138877479693658,2.0088588437015087,0.12944130778327576,-0.34395662509090424,0,6758443,0.01,0.2960812997999999,0.5613863733,0,-0.03219999999999984,-0.1453666666666661,0,0,166,-1
631,-576454207903,1.8075317184344515,2.011432369004794,0.12852596053088433,-0.3350801253065488,0,6758453,0.01,0.3882364398,0.5661736532999999,0,0.20405000000000015,0.047133333333333916,0,1,167,1
632,-576454207893,1.8088446883124252,2.0081018771887185,0.13406801506388433,-0.3310182379085488,0,6758463,0.01,0.4061887398,0.5542054532999999,0,0.10780000000000015,0.047133333333333916,0,0,167,-1
633,-576454207884,1.810213826748229,2.0048045839626227,0.13975967209688434,-0.3284404073105488,0,6758473,0.01,0.25778305979999994,0.5691657032999999,0,0.16030000000000016,-0.04911666666666614,0,0,167,-1
634,-576454207873,1.811638774695863,2.0015345949880072,0.14522991742988434,-0.3255573876125488,0,6758483,0.01,0.2883019698,0.5470245333,0,0.13405000000000014,0.13463333333333383,0,0,167,-1
635,-576454207864,1.813116929071827,1.9982913417753718,0.15040095776288434,-0.3230932549145488,0,6758493,0.01,0.24641326979999995,0.5171040333,0,0.15155000000000016,-0.12786666666666613,0,0,167,-1
636,-576454207854,1.8146480505121207,1.9950709346597162,0.15582333029588433,-0.3209881682165488,0,6758503,0.01,0.2105086698,0.5422372532999999,0,-0.09344999999999984,-0.04036666666666611,0,0,167,-1
639,-576454207773,1.8168768377173612,1.982241334143203,0.16787274116862866,-0.3105646481786721,0,6758533,0.01,0.5414293998,0.4183663832999999,0,0.14280000000000015,-0.04036666666666611,0,0,168,-1
640,-576454207772,1.8185735512392125,1.9791645842819063,0.17146996320162866,-0.30478532408067205,0,6758543,0.01,0.5779324097999999,0.35972220329999993,0,0.23030000000000014,-0.0928666666666661,0,0,168,-1
641,-576454207772,1.820303693738894,1.9761414387915897,0.17455853673462865,-0.29984377398267203,0,6758553,0.01,0.49415500979999993,0.30885735329999997,0,0.11655000000000015,0.13463333333333383,0,0,168,-1
642,-576454207772,1.8220597252504052,1.973163370329753,0.17664776556762865,-0.29576991838467204,0,6758563,0.01,0.40738555979999996,0.20892288329999992,0,0.30905000000000016,0.05588333333333395,0,0,168,-1
643,-576454207771,1.8238362900042464,1.9702231979763964,0.17866518520062866,-0.29226455228667203,0,6758573,0.01,0.3505366098,0.20174196329999997,0,-0.06719999999999984,-0.03161666666666607,0,0,168,-1
644,-576454207725,1.8256420649454177,1.9673167029410197,0.18248980303362866,-0.289034454788672,0,6758583,0.01,0.32300974979999997,0.38246178329999997,0,0.06405000000000015,0.09088333333333387,0,0,168,-1
645,-576454207724,1.8213479281160816,1.9692708545555988,0.17978725403281728,-0.2823504602615997,0,6758593,0.01,0.26556238979999996,0.25918932329999994,0,-0.14594999999999983,-0.014116666666666111,0,1,169,1
646,-576454207724,1.8229756138525854,1.9667433639626313,0.1819206874125173,-0.2793141159533997,0,6758602,0.009,0.3373715898,0.23704815329999995,0,0.02030000000000015,-0.1191166666666661,0,0,169,-1
647,-576454207724,1.8248047283018756,1.9639681685205872,0.1839022024455173,-0.27572497245539973,0,6758612,0.01,0.3589143498,0.19815150329999995,0,-0.04094999999999985,-0.1191166666666661,0,0,169,-1
648,-576454207723,1.8266535382194957,1.961236434400023,0.1858597810785173,-0.2706218516573997,0,6758622,0.01,0.5103120798,0.19575786329999997,0,-0.02344999999999986,-0.0666166666666661,0,0,169,-1
649,-576454207723,1.828524407324946,1.958560788051939,0.1883140400115173,-0.2645074179593997,0,6758632,0.01,0.6114433698,0.24542589329999995,0,0.11655000000000015,-0.0928666666666661,0,0,169,-1
650,-576454207715,1.8304199985427263,1.9559456277898348,0.1908042035445173,-0.25852463446139967,0,6758642,0.01,0.5982783498,0.24901635329999994,0,0.10780000000000015,0.13463333333333383,0,0,169,-1
651,-576454207705,1.8258529408350799,1.9451243542572436,0.18672642771637285,-0.2607775988271929,0,6758652,0.01,0.5156977698,0.19755309329999993,0,-0.06719999999999984,-0.2591166666666661,0,1,170,2
652,-576454207670,1.8277251159639087,1.9425384734924618,0.18770859804937284,-0.25639855412919293,0,6758662,0.01,0.4379044698000001,0.09821703329999994,0,0.13405000000000014,0.0733833333333338,0,0,170,-1
653,-576454207669,1.8297995454610765,1.9397369436146086,0.18946040143567283,-0.2529705145713929,0,6758673,0.011,0.3116399598,0.15925485329999994,0,0.08155000000000015,0.21338333333333392,0,0,170,-1
654,-576454207669,1.8317030098330982,1.9372246156968846,0.19123247296867282,-0.2494950689733929,0,6758683,0.01,0.34754455980000004,0.17720715329999992,0,-0.05844999999999986,-0.05786666666666607,0,0,170,-1
655,-576454207567,1.8342119953580547,1.9340234921206536,0.19476530010157284,-0.24298548121599292,0,6758696,0.013,0.5007375198,0.2717559332999999,0,-0.11969999999999983,-0.07536666666666614,0,0,170,-1
656,-576454207565,1.8361724283022354,1.9316211276654836,0.19732128873457283,-0.23748740981799293,0,6758706,0.01,0.5498071398,0.2555988632999999,0,0.20405000000000015,-0.014116666666666111,0,0,170,-1
657,-576454207565,1.8381507914052462,1.9292758682797937,0.19835133186757284,-0.23156446731999294,0,6758716,0.01,0.5922942498,0.10300431329999994,0,-0.17219999999999988,-0.005366666666666076,0,0,170,-1
658,-576454207564,1.8403385981863043,1.9267660497050016,0.19943171923387285,-0.22476618264219295,0,6758727,0.011,0.6180258798,0.09821703329999994,0,-0.005949999999999844,-0.03161666666666607,0,0,170,-1
659,-576454207564,1.842336928615308,1.9245502466285695,0.20023436656687285,-0.21839443264419295,0,6758737,0.01,0.6371749998,0.08026473329999995,0,-0.014699999999999852,0.10838333333333394,0,0,170,-1
660,-576454207564,1.8443471452621416,1.9223957374916176,0.20180896279987284,-0.21250739474619296,0,6758747,0.01,0.5887037898,0.15745962329999996,0,-0.17219999999999988,0.22213333333333396,0,0,170,-1
661,-576454207564,1.8463762196033053,1.9203029112606458,0.20400590543287284,-0.20605785144819297,0,6758757,0.01,0.6449543298,0.21969426329999994,0,0.055300000000000155,0.16088333333333393,0,0,170,-1
662,-576454207563,1.8484305247052992,1.918269942785154,0.20685511496587283,-0.20053584365019297,0,6758767,0.01,0.5522007798,0.28492095329999995,0,0.09030000000000014,0.00338333333333396,0,0,170,-1
663,-576454207563,1.8502982827918708,1.9164842609884192,0.20820223760557283,-0.19628233340199297,0,6758776,0.009,0.4726122498,0.14968029329999996,0,-0.08469999999999986,0.10838333333333394,0,0,170,-1
664,-576454207563,1.8523874002160916,1.9145415376478894,0.20962124723857284,-0.19226233470399298,0,6758786,0.01,0.4019998698,0.14190096329999996,0,0.10780000000000015,-0.1453666666666661,0,0,170,-1
665,-576454207558,1.8544937596276423,1.9126468833858394,0.21165063507157283,-0.186668517705993,0,6758796,0.01,0.5593816998,0.20293878329999993,0,0.02905000000000016,-0.014116666666666111,0,0,170,-1
666,-576454207549,1.855207018337237,1.9086795145160487,0.21263188009675071,-0.18202440424616526,0,6758807,0.011,0.5821212798,0.22867041329999993,0,0.02030000000000015,-0.18911666666666616,0,1,172,2
667,-576454207539,1.8575636411816359,1.9067075768930937,0.2158450007030507,-0.17650970901836527,0,6758818,0.011,0.5013359298,0.2921018732999999,0,0.09030000000000014,0.012133333333333995,0,0,172,-1
668,-576454207529,1.8597362773953312,1.9049632679679,0.21868224203605072,-0.17235207602036526,0,6758828,0.01,0.4157632998,0.28372413329999996,0,0.02030000000000015,0.02088333333333381,0,0,172,-1
669,-576454207517,1.8621556166177324,1.903087480278614,0.2211976165823507,-0.16870023112256527,0,6758839,0.011,0.3319858998,0.22867041329999993,0,0.08155000000000015,0.06463333333333399,0,0,172,-1
670,-576454207507,1.8535127509121656,1.9103153205449548,0.2150570656832805,-0.15848353619853123,0,6758849,0.01,0.28650673979999997,0.32680965329999995,0,-0.13719999999999985,-0.022866666666666147,0,1,173,1
671,-576454207498,1.8556816068841633,1.9087462766244594,0.21871412871628051,-0.15532524790053123,0,6758859,0.01,0.31582882979999993,0.3657063032999999,0,0.07280000000000016,-0.03161666666666607,0,0,173,-1
672,-576454207488,1.857882156444991,1.907207229800444,0.22139578344928051,-0.15248411690253122,0,6758869,0.01,0.28411309979999994,0.26816547329999996,0,0.03780000000000014,0.1258833333333338,0,0,173,-1
673,-576454207478,1.8601032093276488,1.9057042240139086,0.22281479308228053,-0.14811704040453122,0,6758879,0.01,0.43670764980000004,0.14190096329999996,0,-0.18969999999999984,-0.0666166666666661,0,0,173,-1
674,-576454207466,1.8623378239761366,1.9042462653353531,0.22410813661528053,-0.14347469530653123,0,6758889,0.01,0.4642345098,0.12933435329999993,0,-0.03219999999999984,0.230883333333334,0,0,173,-1
675,-576454207458,1.8645885436329543,1.9028399661952777,0.22603579474828053,-0.13778513270853124,0,6758899,0.01,0.5689562598,0.19276581329999998,0,-0.014699999999999852,-0.08411666666666606,0,0,173,-1
676,-576454207447,1.8668574028921023,1.9014895753046825,0.22773605708128053,-0.13229304541053125,0,6758909,0.01,0.5492087298,0.17002623329999997,0,0.04655000000000015,0.2571333333333339,0,0,173,-1
677,-576454207437,1.8693231248943323,1.9004231706369878,0.22851172113920706,-0.12716596526721685,0,6758919,0.01,0.4917613698,0.059918793299999946,0,0.03780000000000014,0.30088333333333384,0,1,174,2
678,-576454207428,1.8716060019578893,1.8991684394048058,0.22806369157220707,-0.12378028116921685,0,6758929,0.01,0.33856840979999997,-0.04480295670000006,0,0.09905000000000015,0.02088333333333381,0,0,174,-1
679,-576454207417,1.8738817956422762,1.8979429273361037,0.22709504530520708,-0.12132213257121685,0,6758939,0.01,0.24581485979999998,-0.09686462670000005,0,0.12530000000000016,-0.05786666666666607,0,0,174,-1
680,-576454207408,1.8761532586334932,1.8967424754813815,0.22719755293820706,-0.11876823837321684,0,6758949,0.01,0.25538941979999996,0.010250763299999936,0,-0.12844999999999987,0.012133333333333995,0,0,174,-1
681,-576454207397,1.8784289481945404,1.8955763292751393,0.22794035927120707,-0.11446100287521685,0,6758959,0.01,0.43072354979999994,0.07428063329999994,0,0.13405000000000014,0.22213333333333396,0,0,174,-1
682,-576454207387,1.8807165538939175,1.8944580726243772,0.22958078060420706,-0.10919032727721685,0,6758969,0.01,0.5270675598,0.16404213329999998,0,0.02030000000000015,-0.03161666666666607,0,0,174,-1
683,-576454207378,1.8776538706206871,1.8978961030433885,0.2265918774897522,-0.10005401654267256,0,6758979,0.01,0.5432246298,0.16703418329999997,0,0.19530000000000014,-0.005366666666666076,0,1,175,1
684,-576454207367,1.8799259868287497,1.896921587130452,0.2278313641227522,-0.09484916604467256,0,6758989,0.01,0.5204850498,0.12394866329999994,0,-0.06719999999999984,-0.24161666666666615,0,0,175,-1
685,-576454207357,1.882206997204642,1.895997863061495,0.2283707110557522,-0.08989564774667255,0,6758999,0.01,0.4953518298,0.05393469329999995,0,0.12530000000000016,0.2046333333333339,0,0,175,-1
686,-576454207348,1.8844933711293645,1.8951205624435186,0.22890407388875222,-0.08556447584867255,0,6759009,0.01,0.43311718979999997,0.05333628329999995,0,0.19530000000000014,0.283383333333334,0,0,175,-1
687,-576454207338,1.8867834330549171,1.894290253766022,0.22910831122175224,-0.08049725965067255,0,6759019,0.01,0.5067216198,0.020423733299999934,0,-0.04094999999999985,0.03838333333333388,0,0,175,-1
688,-576454207328,1.8890722460987996,1.8935106770915053,0.22865429755475222,-0.07541807525267255,0,6759029,0.01,0.5079184398,-0.04540136670000007,0,0.02030000000000015,0.06463333333333399,0,0,175,-1
689,-576454207317,1.8915866153908816,1.892708512783079,0.22850375555105223,-0.07042998082487255,0,6759040,0.011,0.45346312980000003,-0.013685636700000052,0,0.08155000000000015,-0.16286666666666616,0,0,175,-1
690,-576454207307,1.8887095014114956,1.8858047746566102,0.22351410541878985,-0.07177546380058851,0,6759049,0.009,0.48218680979999995,-0.02625224670000006,0,0.08155000000000015,-0.05786666666666607,0,1,176,2
691,-576454207297,1.8909424322383486,1.8851151686265943,0.22307205995178986,-0.06614574220258851,0,6759059,0.01,0.5629721597999999,-0.04420454670000006,0,0.15155000000000016,-0.15411666666666612,0,0,176,-1
692,-576454207288,1.8931694765060314,1.8844828771095585,0.22233679358478986,-0.060312561204588507,0,6759069,0.01,0.5833180997999999,-0.07352663670000006,0,0.21280000000000016,-0.0928666666666661,0,0,176,-1
693,-576454207278,1.8953872831185443,1.8839087079590027,0.22122452891778985,-0.0545212689065885,0,6759079,0.01,0.5791292298,-0.11122646670000007,0,0.18655000000000016,-0.022866666666666147,0,0,176,-1
694,-576454207268,1.8975890002813873,1.8833904470579268,0.21911890365078984,-0.0491309113085885,0,6759089,0.01,0.5390357598,-0.21056252670000009,0,0.0028000000000001357,0.09088333333333387,0,0,176,-1
695,-576454207257,1.8997741193460602,1.882926059812331,0.21790490928378983,-0.0437465378105885,0,6759099,0.01,0.5384373498,-0.12139943670000006,0,0.16030000000000016,-0.17161666666666608,0,0,176,-1
696,-576454207247,1.9019510180525632,1.8825158753477151,0.21747483201678983,-0.0382903551125885,0,6759109,0.01,0.5456182698,-0.043007726700000075,0,0.12530000000000016,-0.005366666666666076,0,0,176,-1
697,-576454207237,1.9034266315705244,1.8827504532701613,0.21676039186679696,-0.033831461159949096,0,6759119,0.01,0.3966141798,-0.01009517670000007,0,0.12530000000000016,-0.04911666666666614,0,1,177,1
698,-576454207227,1.9055912473288574,1.8824317599240519,0.21616275979979696,-0.029907208061949096,0,6759129,0.01,0.39242530979999996,-0.05976320670000007,0,0.14280000000000015,0.03838333333333388,0,0,177,-1
699,-576454207217,1.9077471640010204,1.8821511721299224,0.21502057463279697,-0.026210350763949095,0,6759139,0.01,0.3696857298,-0.11421851670000006,0,0.04655000000000015,-0.04036666666666611,0,0,177,-1
700,-576454207208,1.9098887864535135,1.8819067151347728,0.21330391586579697,-0.022681048265949095,0,6759149,0.01,0.3529302498,-0.1716658767000001,0,-0.005949999999999844,-0.04911666666666614,0,0,177,-1
701,-576454207198,1.9120098912223364,1.8817022486831034,0.21091703789879698,-0.018212242067949094,0,6759159,0.01,0.44688061980000005,-0.23868779670000004,0,0.08155000000000015,-0.13661666666666616,0,0,177,-1
702,-576454207188,1.9141109869559894,1.881545970991914,0.20930210883179698,-0.013043296169949094,0,6759169,0.01,0.5168945898,-0.16149290670000008,0,-0.06719999999999984,0.00338333333333396,0,0,177,-1
703,-576454207177,1.9162011096454723,1.8814415622827045,0.208722429064797,-0.007838445671949093,0,6759179,0.01,0.5204850498,-0.05796797670000006,0,-0.15469999999999987,0.047133333333333916,0,0,177,-1
704,-576454207168,1.9193640318393228,1.8827760857233986,0.2085542765852331,-0.0021749923618878545,0,6759189,0.01,0.44089651980000005,-0.12199784670000005,0,-0.02344999999999986,-0.22411666666666608,0,1,178,2
705,-576454207157,1.9214394952863403,1.8827702469232699,0.2065384128182331,0.0010072323361121453,0,6759199,0.01,0.31822246979999996,-0.20158637670000007,0,0.24780000000000016,0.02088333333333381,0,0,178,-1
706,-576454207148,1.9234952489031876,1.882789258893621,0.2046123105512331,0.002795161734112145,0,6759209,0.01,0.1787929398,-0.19261022670000008,0,0.07280000000000016,-0.04036666666666611,0,0,178,-1
707,-576454207136,1.9257401602131408,1.8828320535749241,0.2035533821675331,0.004985689411912145,0,6759220,0.011,0.19913887979999997,-0.09626621670000007,0,-0.10219999999999987,-0.03161666666666607,0,0,178,-1
708,-576454207127,1.9277796474304811,1.8829003648350333,0.2043440613005331,0.008676562609912144,0,6759230,0.01,0.3690873198,0.07906791329999995,0,0.23905000000000015,-0.05786666666666607,0,0,178,-1
709,-576454207117,1.9298334145056515,1.8830104319481225,0.20640935373353309,0.013336860007912144,0,6759240,0.01,0.4660297398,0.20652924329999992,0,-0.23344999999999985,-0.1191166666666661,0,0,178,-1
710,-576454207106,1.9302227874987152,1.8846417810104779,0.20643174656302182,0.01893486449033899,0,6759250,0.01,0.43730605980000004,0.15207393329999994,0,0.02905000000000016,-0.022866666666666147,0,1,179,1
711,-576454207096,1.9322835782350105,1.8848491950548711,0.20572640069602183,0.02254794438833899,0,6759260,0.01,0.36130798979999995,-0.07053458670000007,0,0.04655000000000015,0.03838333333333388,0,0,179,-1
712,-576454207060,1.9343316605381358,1.8850871148442445,0.20389005992902182,0.02503601348633899,0,6759270,0.01,0.24880690979999998,-0.1836340767000001,0,-0.014699999999999852,-0.022866666666666147,0,0,179,-1
713,-576454207056,1.936361618797591,1.885346354785098,0.20210159196202182,0.02681197468433899,0,6759280,0.01,0.17759611979999998,-0.17884679670000006,0,0.0028000000000001357,0.0996333333333339,0,0,179,-1
714,-576454207054,1.938375517527876,1.8856229952919314,0.20067815409502182,0.02851612668233899,0,6759290,0.01,0.17041519979999997,-0.14234378670000009,0,-0.02344999999999986,0.16088333333333393,0,0,179,-1
715,-576454207054,1.940177819075375,1.8858871239021844,0.19983330090472182,0.03017912004053899,0,6759299,0.009,0.1847770398,-0.09387257670000006,0,0.16905000000000014,0.230883333333334,0,0,179,-1
716,-576454207048,1.9421714584555871,1.8862031207575798,0.19889457513772182,0.03302025103853899,0,6759309,0.01,0.28411309979999994,-0.09387257670000006,0,-0.18969999999999984,-0.10161666666666613,0,0,179,-1
717,-576454207037,1.943542484940259,1.8857614009142134,0.19637335330907402,0.035947355673458234,0,6759319,0.01,0.3637016298,-0.19261022670000008,0,0.02030000000000015,-0.04911666666666614,0,1,180,2
718,-576454207027,1.9454970966105145,1.886137952493938,0.19454898074207402,0.03936296027145823,0,6759329,0.01,0.34156045980000005,-0.18243725670000008,0,-0.05844999999999986,-0.1453666666666661,0,0,180,-1
720,-576454206950,1.949374448036016,1.8869878089758272,0.19356914420807403,0.045517966167458235,0,6759349,0.01,0.29727811979999996,-0.010693586700000054,0,0.0028000000000001357,-0.26786666666666614,0,0,180,-1
721,-576454206948,1.9511157737095524,1.8874064082777462,0.19339211657777403,0.04750410092565824,0,6759358,0.009,0.2206816398,-0.019669736700000048,0,-0.12844999999999987,-0.005366666666666076,0,0,180,-1
722,-576454206947,1.9530476043299951,1.8878926030509928,0.19297400751077404,0.04973485372365824,0,6759368,0.01,0.22307527979999997,-0.04181090670000007,0,-0.02344999999999986,-0.005366666666666076,0,0,180,-1
729,-576454206859,1.971640381779906,1.8872988099244477,0.19793071731568998,0.06130857898728669,0,6759438,0.01,0.22307527979999997,-0.005906306700000065,0,-0.2509499999999999,0.0733833333333338,0,0,181,-1
730,-576454206858,1.9736172094412279,1.8879208054408105,0.19743481494868997,0.06309052428528669,0,6759448,0.01,0.1781945298,-0.04959023670000007,0,-0.12844999999999987,0.08213333333333384,0,0,181,-1
731,-576454206858,1.9755886591918799,1.8885591243851534,0.19685513518168998,0.06457326458328669,0,6759458,0.01,0.14827402979999996,-0.05796797670000006,0,0.10780000000000015,-0.0928666666666661,0,0,181,-1
732,-576454206857,1.9773637515438438,1.8891467735767098,0.19760983192138998,0.06601544465148669,0,6759467,0.009,0.16024222979999994,0.08385519329999994,0,-0.07594999999999988,-0.0928666666666661,0,0,181,-1
733,-576454206857,1.9795426415455888,1.8898830001608289,0.19855198657768997,0.06784393427928669,0,6759478,0.011,0.1662263298,0.08565042329999994,0,-0.11094999999999985,-0.0666166666666661,0,0,181,-1
734,-576454206856,1.9815305589410308,1.8905682248746116,0.19903149251068997,0.06920100847728669,0,6759488,0.01,0.13570741979999998,0.04795059329999994,0,0.03780000000000014,0.10838333333333394,0,0,181,-1
735,-576454206855,1.9835189927643027,1.8912626220168745,0.19865527214368997,0.06967841997528669,0,6759498,0.01,0.04774114979999997,-0.03762203670000005,0,0.04655000000000015,-0.022866666666666147,0,0,181,-1
736,-576454206848,1.9913610239518502,1.899484611553596,0.2043405752479193,0.07752177123403597,0,6759508,0.01,0.11715670979999997,-0.0017174367000000453,0,0.02030000000000015,0.047133333333333916,0,1,182,2
737,-576454206837,1.993610186934467,1.9003504126459383,0.2045981488642193,0.07989660919183597,0,6759519,0.011,0.2158943598,0.023415783299999948,0,-0.12844999999999987,0.012133333333333995,0,0,182,-1
738,-576454206828,2.002622563209988,1.894735629022421,0.21147571912883406,0.07654874092023237,0,6759529,0.01,0.20392615979999998,0.05333628329999995,0,-0.03219999999999984,0.029633333333333844,0,1,183,1
739,-576454206817,2.00494720785948,1.8955943471618115,0.21118694441513405,0.07958182987803236,0,6759540,0.011,0.2757353598,-0.02625224670000006,0,-0.09344999999999984,0.08213333333333384,0,0,183,-1
740,-576454206808,2.0068446944099847,1.8963229869286409,0.21047673347483406,0.08233811830623236,0,6759549,0.009,0.3062542698,-0.07891232670000004,0,0.04655000000000015,0.13463333333333383,0,0,183,-1
741,-576454206798,2.008944678354398,1.897160184800193,0.20952005540783405,0.08510145600423236,0,6759559,0.01,0.2763337698,-0.0956678067000001,0,-0.06719999999999984,-0.08411666666666606,0,0,183,-1
742,-576454206788,2.0110335097316416,1.8980257042202253,0.20824622004083404,0.08800242800223236,0,6759569,0.01,0.2900971997999999,-0.12738353670000008,0,0.21280000000000016,0.1258833333333338,0,0,183,-1
743,-576454206778,2.0131104106087148,1.8989215498622378,0.20713395537383403,0.09116670040023236,0,6759579,0.01,0.3164272398,-0.11122646670000007,0,0.11655000000000015,0.0996333333333339,0,0,183,-1
744,-576454206768,2.0169759792116135,1.9021692372114491,0.20826443154669966,0.09621542136953128,0,6759589,0.01,0.2996717598,-0.06215684670000007,0,-0.005949999999999844,0.16963333333333397,0,1,184,2
745,-576454206758,2.0190564132997455,1.9031486190506344,0.20782238607969966,0.09966094646753128,0,6759599,0.01,0.3445525098,-0.04420454670000006,0,0.0028000000000001357,0.11713333333333398,0,0,184,-1
746,-576454206747,2.0209253637887916,1.904062454453694,0.20749994481939965,0.10341358754573128,0,6759608,0.009,0.41696011980000003,-0.035826806700000054,0,0.09905000000000015,0.00338333333333396,0,0,184,-1
747,-576454206739,2.0229992301476507,1.9051168100046412,0.20727332695239964,0.10745752264373128,0,6759618,0.01,0.4043935098,-0.02266178670000006,0,0.06405000000000015,0.012133333333333995,0,0,184,-1
748,-576454206729,2.0250680477213394,1.9062102285635685,0.20649018778539963,0.11122618914173128,0,6759628,0.01,0.3768666498,-0.07831391670000006,0,-0.08469999999999986,-0.04911666666666614,0,0,184,-1
749,-576454206720,2.0269181012783117,1.907226648543186,0.20463282487509962,0.11464491743993128,0,6759637,0.009,0.3798586998,-0.2063736567000001,0,-0.04094999999999985,-0.04036666666666611,0,0,184,-1
750,-576454206709,2.0289508495097275,1.9083911032760752,0.20191682140809963,0.11824602913793128,0,6759647,0.01,0.3601111698,-0.2716003467000001,0,0.10780000000000015,0.06463333333333399,0,0,184,-1
751,-576454206699,2.0406790570671047,1.9004367746215327,0.2074111234327571,0.11424049694702887,0,6759657,0.01,0.3744730098,-0.3505904667000001,0,0.03780000000000014,-0.014116666666666111,0,1,185,1
752,-576454206690,2.042737553690097,1.901599907914993,0.2042882011657571,0.11838616174502886,0,6759667,0.01,0.4145664798,-0.31229222670000006,0,0.09030000000000014,0.14338333333333386,0,0,185,-1
753,-576454206679,2.0447640132369194,1.9028032112749331,0.2010037081987571,0.12227451024302886,0,6759677,0.01,0.3888348498,-0.32844929670000006,0,0.03780000000000014,0.029633333333333844,0,0,185,-1
754,-576454206670,2.046757867218072,1.9040449792328533,0.1977670880317571,0.12607908134102885,0,6759687,0.01,0.38045710979999997,-0.32366201670000005,0,-0.18094999999999986,-0.22411666666666608,0,0,185,-1
755,-576454206661,2.048719504600055,1.9053240748097537,0.19456038836475711,0.12974003403902884,0,6759697,0.01,0.3660952698,-0.3206699667000001,0,-0.11969999999999983,0.012133333333333995,0,0,185,-1
756,-576454206647,2.0506512292613674,1.906635860328134,0.19178454389775712,0.13261706963702885,0,6759707,0.01,0.2877035598,-0.2775844467000001,0,0.08155000000000015,0.03838333333333388,0,0,185,-1
757,-576454206640,2.05255537500101,1.9079744115289943,0.18904460403075712,0.13509317053502884,0,6759717,0.01,0.2476100898,-0.2739939867000001,0,0.11655000000000015,0.13463333333333383,0,0,185,-1
758,-576454206630,2.0664038947443406,1.9246088759208868,0.19703508377108106,0.1515207519995089,0,6759727,0.01,0.2942860698,-0.3733300467000001,0,-0.06719999999999984,-0.05786666666666607,0,1,186,2
759,-576454206620,2.0683543523392167,1.926141281145872,0.19305643520408106,0.1549602929975089,0,6759737,0.01,0.34395409979999997,-0.39786485670000005,0,0.09905000000000015,0.09088333333333387,0,0,186,-1
760,-576454206610,2.0702674170884228,1.9277089195548371,0.18955651463708106,0.1585673887955089,0,6759747,0.01,0.36070957979999996,-0.34999205670000005,0,-0.049699999999999855,0.1258833333333338,0,0,186,-1
761,-576454206600,2.0721490431714584,1.9293145139132823,0.18676870197008105,0.1625514828935089,0,6759757,0.01,0.39840940979999995,-0.27878126670000014,0,0.07280000000000016,0.178383333333334,0,0,186,-1
762,-576454206589,2.0740038682658244,1.9309603680997074,0.18419631690308105,0.1666193543915089,0,6759767,0.01,0.40678714979999997,-0.25723850670000004,0,-0.07594999999999988,0.05588333333333395,0,0,186,-1
763,-576454206580,2.07583641036702,1.9326472600471125,0.18231210333608106,0.1707590350895089,0,6759777,0.01,0.4139680698,-0.18842135670000007,0,0.19530000000000014,-0.04911666666666614,0,0,186,-1
764,-576454206569,2.0776518756420463,1.9343753991989976,0.18078095166908106,0.1748687952875089,0,6759787,0.01,0.41097601980000004,-0.15311516670000005,0,-0.18969999999999984,0.14338333333333386,0,0,186,-1
765,-576454206560,2.0858383473240614,1.92995587632743,0.18530117215450642,0.17319419153845603,0,6759797,0.01,0.36070957979999996,-0.14653265670000007,0,0.11655000000000015,0.029633333333333844,0,1,187,1
766,-576454206544,2.0876838828102717,1.9316945437728046,0.18380592508750643,0.17453929753645603,0,6759807,0.01,0.1345105998,-0.14952470670000007,0,0.12530000000000016,0.047133333333333916,0,0,187,-1
767,-576454206539,2.0895133288468117,1.9334524668551591,0.18208328222050643,0.17704531893445602,0,6759817,0.01,0.2506021398,-0.17226428670000007,0,0.10780000000000015,-0.08411666666666606,0,0,187,-1
768,-576454206530,2.0913233044171817,1.9352389807704937,0.17991183185350643,0.18025746413245602,0,6759827,0.01,0.3212145198,-0.21714503670000007,0,0.03780000000000014,-0.05786666666666607,0,0,187,-1
769,-576454206520,2.0931081246263816,1.9370591720038084,0.17705220998650642,0.18378078253045602,0,6759837,0.01,0.3523318398,-0.28596218670000007,0,-0.08469999999999986,-0.04911666666666614,0,0,187,-1
770,-576454206510,2.0948603991109116,1.9389156436386028,0.17340268691950642,0.18751354442845602,0,6759847,0.01,0.37327618979999994,-0.36495230670000006,0,0.09030000000000014,0.178383333333334,0,0,187,-1
771,-576454206499,2.0965736650427718,1.9408097720178774,0.16925049945250642,0.19131213142645603,0,6759857,0.01,0.3798586998,-0.4152187467000001,0,0.07280000000000016,0.00338333333333396,0,0,187,-1
772,-576454206488,2.1079691546911428,1.9550442976968958,0.174016050556445,0.2060288716475192,0,6759867,0.01,0.3876380298,-0.4762565667000001,0,-0.05844999999999986,0.0733833333333338,0,1,188,2
773,-576454206479,2.109687925928872,1.957125524180861,0.169738196989445,0.21021642514551922,0,6759877,0.01,0.41875534979999995,-0.4277853567000001,0,-0.22469999999999987,0.08213333333333384,0,0,188,-1
774,-576454206470,2.111361913957431,1.959250301747806,0.165059408722445,0.21473908824351923,0,6759887,0.01,0.4522663098,-0.4678788267000001,0,0.18655000000000016,-0.10161666666666613,0,0,188,-1
775,-576454206460,2.1129868102248204,1.9614173737367313,0.15991984475544502,0.21867530954151923,0,6759897,0.01,0.3936221298,-0.5139563967,0,-0.02344999999999986,-0.014116666666666111,0,0,188,-1
776,-576454206450,2.11455863530454,1.9636226111186366,0.15444517118844503,0.22237216683951924,0,6759907,0.01,0.3696857298,-0.5474673567000001,0,-0.18969999999999984,-0.21536666666666615,0,0,188,-1
777,-576454206439,2.116074157782589,1.9658653257220218,0.14865932442144503,0.22617075383751925,0,6759917,0.01,0.3798586998,-0.5785846767,0,0.11655000000000015,-0.03161666666666607,0,0,188,-1
778,-576454206429,2.122574850407279,1.9631454123744878,0.14796389601193466,0.22618374396980626,0,6759927,0.01,0.43132195979999993,-0.5462705367000001,0,-0.014699999999999852,0.029633333333333844,0,1,189,1
779,-576454206420,2.1240302277315632,1.9654277986151758,0.14311156884493464,0.23029350416780625,0,6759937,0.01,0.41097601980000004,-0.48523271670000007,0,-0.02344999999999986,0.06463333333333399,0,0,189,-1
780,-576454206411,2.1252992827586863,1.967518538817788,0.13890065940463464,0.23431542974600625,0,6759946,0.009,0.44688061980000005,-0.4678788267000001,0,-0.02344999999999986,0.2658833333333339,0,0,189,-1
781,-576454206400,2.1266643867628976,1.9698792797867382,0.13412014143763465,0.23783276404400625,0,6759956,0.01,0.3517334298,-0.47805179670000003,0,-0.03219999999999984,-0.05786666666666607,0,0,189,-1
782,-576454206391,2.127983331214939,1.9722726508561683,0.12966874897063466,0.24084144984200626,0,6759966,0.01,0.3008685798,-0.44513924670000005,0,0.011550000000000143,-0.04036666666666611,0,0,189,-1
783,-576454206381,2.1291332185335685,1.9744530149723531,0.12586176628033466,0.24368390931020625,0,6759975,0.009,0.31582882979999993,-0.4229980767000001,0,0.12530000000000016,-0.005366666666666076,0,0,189,-1
784,-576454206371,2.130367933606537,1.976908517874945,0.12108124831333465,0.24741667120820626,0,6759985,0.01,0.37327618979999994,-0.47805179670000003,0,-0.07594999999999988,-0.0666166666666661,0,0,189,-1
785,-576454206361,2.140150494947843,1.9902229364737363,0.12462010033408198,0.2621442524187462,0,6759995,0.01,0.5210834598,-0.4876263567000001,0,-0.06719999999999984,0.13463333333333383,0,1,190,2
786,-576454206352,2.1413713571773485,1.9928775542499138,0.11955234556708198,0.2687793028167462,0,6760005,0.01,0.6635050397999999,-0.5067754767000001,0,-0.02344999999999986,0.029633333333333844,0,0,190,-1
787,-576454206339,2.1425382506041846,1.9956016641825711,0.11382633980008199,0.2760426837147462,0,6760015,0.01,0.7263380898,-0.5726005767000001,0,-0.014699999999999852,0.18713333333333382,0,0,190,-1
788,-576454206332,2.1436456399358503,1.9983929324727085,0.10765152653308198,0.2822109743127462,0,6760025,0.01,0.6168290598,-0.6174813267000002,0,-0.3121999999999998,-0.15411666666666612,0,0,190,-1
789,-576454206321,2.144689276461346,2.0012405278993257,0.10107577856608198,0.2873081110107462,0,6760035,0.01,0.5097136698,-0.6575747967,0,0.03780000000000014,-0.03161666666666607,0,0,190,-1
790,-576454206312,2.1456673350301716,2.0041358632789232,0.09453593519908197,0.2917589649087462,0,6760045,0.01,0.4450853898,-0.6539843367000002,0,0.14280000000000015,0.05588333333333395,0,0,190,-1
791,-576454206301,2.1465831068973276,2.0070766945740006,0.08861843823208197,0.2964072941067462,0,6760055,0.01,0.4648329198,-0.5917496967,0,-0.03219999999999984,-0.0666166666666661,0,0,190,-1
792,-576454206291,2.1493238672476447,2.0081622305207394,0.08485082281995902,0.2995845664459376,0,6760065,0.01,0.48218680979999995,-0.5558450967,0,0.02905000000000016,-0.014116666666666111,0,1,191,1
793,-576454206282,2.1501388085645092,2.0111867334416886,0.07813744055295901,0.30531601774393763,0,6760075,0.01,0.5731451298,-0.6713382267000002,0,0.055300000000000155,0.03838333333333388,0,0,191,-1
794,-576454206272,2.150879165854204,2.014265768269118,0.06993401738595902,0.31049094774193764,0,6760085,0.01,0.5174929998,-0.8203423167,0,-0.049699999999999855,0.0996333333333339,0,0,191,-1
795,-576454206261,2.151534347259729,2.0173910470245278,0.061102263718959014,0.31456480333993764,0,6760095,0.01,0.40738555979999996,-0.8831753667000002,0,0.02030000000000015,0.22213333333333396,0,0,191,-1
796,-576454206253,2.1520992962165835,2.020555269105917,0.05188752765195901,0.31827961293793766,0,6760105,0.01,0.3714809598,-0.9214736067000001,0,-0.07594999999999988,0.178383333333334,0,0,191,-1
797,-576454206241,2.1525716190847684,2.0237532582667863,0.04257704598495901,0.3213182192359377,0,6760115,0.01,0.30386062979999995,-0.9310481667000001,0,-0.03219999999999984,0.06463333333333399,0,0,191,-1
798,-576454206231,2.152951315864283,2.0269801374656358,0.03336230991795901,0.32405762053393766,0,6760125,0.01,0.2739401298,-0.9214736067000001,0,-0.18094999999999986,0.1521333333333339,0,0,191,-1
799,-576454206221,2.16192359874757,2.041144255980106,0.03336593927572802,0.33760545984120577,0,6760135,0.01,0.3960157698,-0.8472707667000002,0,-0.014699999999999852,0.1521333333333339,0,1,192,2
800,-576454206211,2.1622172583214923,2.044541338107508,0.02536597550872802,0.34181096563920577,0,6760145,0.01,0.4205505798,-0.7999963767,0,-0.04094999999999985,-0.005366666666666076,0,0,192,-1
801,-576454206201,2.162450309926233,2.048328657045087,0.01700704353502802,0.34679247755700576,0,6760156,0.011,0.45286471980000004,-0.7599029066999999,0,0.09030000000000014,0.0996333333333339,0,0,192,-1
802,-576454206191,2.162581786806248,2.051815933801647,0.009288332468028022,0.35066287375500577,0,6760166,0.01,0.38703961979999996,-0.7718711066999999,0,-0.049699999999999855,0.0733833333333338,0,0,192,-1
803,-576454206181,2.1626337726970934,2.0553433806246875,0.001108845701028021,0.35482649085300577,0,6760176,0.01,0.4163617098,-0.8179486767,0,-0.02344999999999986,0.1258833333333338,0,0,192,-1
804,-576454206171,2.1626067463267686,2.0589135108362075,-0.006514119765971982,0.3591995514510058,0,6760186,0.01,0.43730605980000004,-0.7622965467000002,0,0.02030000000000015,0.2571333333333339,0,0,192,-1
805,-576454206161,2.1748157543062385,2.049940305138262,-0.0015092639673506044,0.35336996975720525,0,6760196,0.01,0.5109104898000001,-0.6743302767000001,0,0.07280000000000016,0.24838333333333384,0,1,193,1
806,-576454206151,2.17477080489723,2.053501465272324,-0.007480617834350605,0.35886205705520524,0,6760206,0.01,0.5492087298,-0.5971353867000001,0,0.011550000000000143,0.03838333333333388,0,0,193,-1
807,-576454206141,2.1746724850955514,2.057112310191866,-0.012183342501350607,0.36330692685320526,0,6760216,0.01,0.44448697980000007,-0.47027246670000006,0,0.02905000000000016,0.012133333333333995,0,0,193,-1
808,-576454206130,2.1745300104152028,2.060767723491388,-0.01631159356835061,0.36777573305120526,0,6760226,0.01,0.44688061980000005,-0.4128251067,0,0.03780000000000014,0.06463333333333399,0,0,193,-1
809,-576454206120,2.1743452658476845,2.06447012873139,-0.02063731993535061,0.3727053149492053,0,6760236,0.01,0.4929581898,-0.43257263670000007,0,0.011550000000000143,0.19588333333333385,0,0,193,-1
810,-576454206111,2.174115738070996,2.068220244003872,-0.02526823540235061,0.37731773954720527,0,6760246,0.01,0.4612424598,-0.4630915467,0,0.09030000000000014,0.178383333333334,0,0,193,-1
811,-576454206101,2.1738409782776373,2.072014329246334,-0.029683723269350613,0.3814993089452053,0,6760256,0.01,0.41815693979999996,-0.4415487867000001,0,-0.16344999999999985,0.19588333333333385,0,0,193,-1
812,-576454206090,2.179633023518632,2.0834551169366593,-0.02793272469082422,0.39198499090035877,0,6760266,0.01,0.37926028980000004,-0.41940761670000015,0,0.16905000000000014,0.10838333333333394,0,1,194,2
813,-576454206080,2.179331319627389,2.087394229065153,-0.032408053557824223,0.39583743479835876,0,6760276,0.01,0.38524438980000003,-0.4475328867000001,0,0.09030000000000014,0.21338333333333392,0,0,194,-1
814,-576454206032,2.1789854010164755,2.0913716262686264,-0.036775668624824225,0.39964200589635873,0,6760286,0.01,0.38045710979999997,-0.43676150670000013,0,0.03780000000000014,-0.04036666666666611,0,0,194,-1
815,-576454206032,2.1785966141083923,2.09538620148858,-0.04098171299182422,0.4032730380943587,0,6760296,0.01,0.3631032198,-0.4206044367000001,0,0.22155000000000016,0.30088333333333384,0,0,194,-1
816,-576454206031,2.178165228187639,2.0994366681435137,-0.04529547115882422,0.4068202928923587,0,6760306,0.01,0.35472547979999997,-0.43137581670000014,0,0.13405000000000014,0.30088333333333384,0,0,194,-1
817,-576454206031,2.177739565043323,2.103110187485817,-0.049296338689124225,0.40951733873055873,0,6760315,0.009,0.2996717598,-0.44454083670000005,0,0.08155000000000015,0.22213333333333396,0,0,194,-1
818,-576454205930,2.177224703740097,2.107211458072613,-0.05367592195612422,0.41073677862855873,0,6760325,0.01,0.12194398979999997,-0.4379583267000001,0,-0.08469999999999986,-0.07536666666666614,0,0,194,-1
819,-576454205929,2.1841177273688124,2.1036686618351084,-0.050870098768326794,0.4042513553674881,0,6760335,0.01,0.019615879799999965,-0.43137581670000014,0,0.055300000000000155,0.06463333333333399,0,1,195,1
820,-576454205929,2.183587188305794,2.1077114979317733,-0.055237713835326795,0.4043158639654881,0,6760345,0.01,0.006450859799999979,-0.43676150670000013,0,0.03780000000000014,0.02088333333333381,0,0,195,-1
821,-576454205928,2.1830103400881056,2.1117521067464184,-0.060131929702326795,0.40380589896348806,0,6760355,0.01,-0.050996500200000024,-0.4894215867,0,-0.005949999999999844,0.0733833333333338,0,0,195,-1
822,-576454205928,2.1823806002057475,2.1157924929525436,-0.0658160467693268,0.4042713422614881,0,6760365,0.01,0.04654432979999998,-0.5684117067000001,0,-0.2509499999999999,-0.005366666666666076,0,0,195,-1
823,-576454205928,2.1816914160692193,2.1198380422401484,-0.0720207805363268,0.4048385152594881,0,6760375,0.01,0.05671729979999997,-0.6204733767000002,0,-0.07594999999999988,0.029633333333333844,0,0,195,-1
824,-576454205928,2.180945151398021,2.123891118328733,-0.0772321537033268,0.4057767024574881,0,6760385,0.01,0.09381871979999998,-0.5211373167000001,0,-0.14594999999999983,0.1258833333333338,0,0,195,-1
825,-576454205927,2.1801484784636527,2.127953695971298,-0.0821024331703268,0.4067388260554881,0,6760395,0.01,0.09621235979999997,-0.48702794670000005,0,-0.21594999999999984,0.16088333333333393,0,0,195,-1
826,-576454205927,2.1792993626721144,2.132021197331343,-0.0877207251373268,0.4067614459534881,0,6760405,0.01,0.0022619897999999593,-0.5618291967,0,-0.16344999999999985,0.0733833333333338,0,0,195,-1
827,-576454205927,2.178393076584406,2.136073306389368,-0.09353649240432681,0.4036603656514881,0,6760415,0.01,-0.31010803020000005,-0.5815767267000002,0,-0.05844999999999986,0.05588333333333395,0,0,195,-1
828,-576454205927,2.177429590280028,2.140092280288873,-0.09916076847132681,0.4001344142494881,0,6760425,0.01,-0.35259514020000005,-0.5624276067000001,0,0.055300000000000155,-0.05786666666666607,0,0,195,-1
829,-576454205827,2.1764145587334798,2.144077071812358,-0.10384554083832681,0.3968238904474881,0,6760435,0.01,-0.3310523802,-0.4684772367000001,0,-0.18969999999999984,0.0996333333333339,0,0,195,-1
830,-576454205826,2.1796091790184335,2.1533196110075976,-0.1032464787037927,0.39855452379392065,0,6760445,0.01,-0.2909589102,-0.3487952367000001,0,-0.16344999999999985,0.10838333333333394,0,1,196,2
831,-576454205826,2.1785626255655606,2.157294827090527,-0.1060642118707927,0.39648869279192067,0,6760455,0.01,-0.20658310020000004,-0.2817733167000001,0,-0.12844999999999987,0.30088333333333384,0,0,196,-1
832,-576454205825,2.177486338915018,2.1612514792984365,-0.1091931182377927,0.3948417487899207,0,6760465,0.01,-0.16469440020000006,-0.31289063670000006,0,-0.16344999999999985,0.1521333333333339,0,0,196,-1
833,-576454205825,2.176372061008805,2.165192110873826,-0.1136624630047927,0.3932845662879207,0,6760475,0.01,-0.1557182502,-0.4469344767000001,0,0.04655000000000015,-0.05786666666666607,0,0,196,-1
834,-576454205825,2.1752071653959217,2.169108583440695,-0.1193166595717927,0.3900099470859207,0,6760485,0.01,-0.32746192020000003,-0.5654196567,0,-0.11969999999999983,-0.04036666666666611,0,0,196,-1
835,-576454205825,2.173982346800869,2.1729881508660442,-0.1256470594387927,0.3859035379839207,0,6760495,0.01,-0.4106409102000001,-0.6330399867,0,-0.04094999999999985,0.012133333333333995,0,0,196,-1
836,-576454205825,2.1726949422991457,2.1768235125478737,-0.1318338409057927,0.3811687983819207,0,6760505,0.01,-0.47347396020000004,-0.6186781467000001,0,0.02905000000000016,-0.05786666666666607,0,0,196,-1
837,-576454205824,2.1713497690912527,2.1806126338921827,-0.1372008006727927,0.3766554704799207,0,6760515,0.01,-0.4513327902,-0.5366959767000001,0,0.02905000000000016,-0.08411666666666606,0,0,196,-1
838,-576454205824,2.1699539781766894,2.1843595242459717,-0.1419573822397927,0.3727226002779207,0,6760525,0.01,-0.39328702020000006,-0.4756581567000001,0,0.10780000000000015,0.012133333333333995,0,0,196,-1
839,-576454205772,2.1685081081244566,2.188060712831241,-0.1472166282067927,0.3675151167759207,0,6760535,0.01,-0.5207483502,-0.5259245967,0,-0.15469999999999987,-0.15411666666666612,0,0,196,-1
840,-576454205771,2.18094201182244,2.209807960521723,-0.13976219991684521,0.37585986408931626,0,6760546,0.011,-0.6577842402,-0.5474673567000001,0,-0.15469999999999987,-0.11036666666666606,0,1,198,2
841,-576454205770,2.1795174353424365,2.2135284637836063,-0.14515309608384522,0.36824078828731627,0,6760556,0.01,-0.7619075802000002,-0.5390896167,0,-0.07594999999999988,-0.05786666666666607,0,0,198,-1
842,-576454205770,2.1781915509662855,2.216812161390874,-0.1494878763941452,0.36146979110551625,0,6760565,0.009,-0.7523330202000001,-0.4816422567000001,0,0.02905000000000016,0.19588333333333385,0,0,198,-1
843,-576454205770,2.1766747742860093,2.220391666211419,-0.1538674596611452,0.35443117300351623,0,6760575,0.01,-0.7038618102000002,-0.4379583267000001,0,-0.15469999999999987,0.06463333333333399,0,0,198,-1
844,-576454205769,2.175120096111563,2.2239023706374446,-0.1570681752281452,0.34770971220151625,0,6760585,0.01,-0.6721460802000001,-0.32007155670000004,0,-0.15469999999999987,0.0733833333333338,0,0,198,-1
845,-576454205762,2.173691677730483,2.22700846229902,-0.1603581316784452,0.34253287925971626,0,6760594,0.009,-0.5752036602,-0.3655507167000001,0,0.04655000000000015,0.09088333333333387,0,0,198,-1
846,-576454205714,2.176871442469677,2.225710059378227,-0.16024256063817482,0.33108899413017434,0,6760605,0.011,-0.6470128602,-0.40863623670000004,0,-0.014699999999999852,0.08213333333333384,0,1,199,1
847,-576454205714,2.1752418230184603,2.228981896484519,-0.16568132960517482,0.32327842712817434,0,6760615,0.01,-0.7810567002000002,-0.5438768967000001,0,0.08155000000000015,0.06463333333333399,0,0,199,-1
848,-576454205713,2.1735550332710734,2.232168237557291,-0.1716766198721748,0.31398978742617434,0,6760625,0.01,-0.9288639702000002,-0.5995290267000002,0,0.011550000000000143,0.05588333333333395,0,0,199,-1
849,-576454205623,2.1718110732275164,2.2352604654925425,-0.1771153888391748,0.30445579962417435,0,6760635,0.01,-0.9533987802000001,-0.5438768967000001,0,0.02030000000000015,0.029633333333333844,0,0,199,-1
850,-576454205622,2.17001344358629,2.2382660604152744,-0.1824105394061748,0.29666318492217436,0,6760645,0.01,-0.7792614702000001,-0.5295150567000001,0,0.011550000000000143,0.05588333333333395,0,0,199,-1
851,-576454205621,2.168161845142393,2.241198486550486,-0.1879091493731748,0.2898220421201744,0,6760655,0.01,-0.6841142802000002,-0.5498609967,0,-0.05844999999999986,0.13463333333333383,0,0,199,-1
852,-576454205621,2.166250981967326,2.2440658224331775,-0.1942634856401748,0.28364513441817435,0,6760665,0.01,-0.6176907702000001,-0.6354336267000003,0,-0.06719999999999984,-0.11036666666666606,0,0,199,-1
853,-576454205620,2.164271877911089,2.246866422435849,-0.2015573256071748,0.27647486611617433,0,6760675,0.01,-0.7170268302000001,-0.7293839967,0,-0.04094999999999985,0.30963333333333387,0,0,199,-1
854,-576454205620,2.1622175315766823,2.2495879892330013,-0.2093119412741748,0.2678384933141743,0,6760685,0.01,-0.8636372802000002,-0.7754615667,0,0.02030000000000015,0.11713333333333398,0,0,199,-1
855,-576454205620,2.15965753810011,2.2527417650314767,-0.21735363815457479,0.2577908064317743,0,6760697,0.012,-0.8373072402000001,-0.6701414067000001,0,-0.07594999999999988,0.047133333333333916,0,0,199,-1
856,-576454205620,2.1574608172207292,2.2552840611182843,-0.2219905377215748,0.2506684109297743,0,6760707,0.01,-0.7122395502000001,-0.4636899567000001,0,-0.03219999999999984,0.1258833333333338,0,0,199,-1
857,-576454205619,2.155458397709334,2.2575144544503343,-0.2229915759218748,0.24497455174797433,0,6760716,0.009,-0.6326510202000001,-0.11122646670000007,0,0.15155000000000016,0.1258833333333338,0,0,199,-1
858,-576454205619,2.1532228308652797,2.259934063441804,-0.2241217928888748,0.23894724654597432,0,6760726,0.01,-0.6027305202000001,-0.11302169670000005,0,-0.13719999999999985,-0.11036666666666606,0,0,199,-1
859,-576454205618,2.150977009069056,2.262287056235254,-0.2250425663558748,0.23165131214397433,0,6760736,0.01,-0.7295934402000002,-0.09207734670000008,0,-0.15469999999999987,0.09088333333333387,0,0,199,-1
860,-576454205609,2.1545390233541615,2.2587357712262697,-0.22216117234311766,0.21783457796277425,0,6760746,0.01,-0.8845816302,-0.24287666670000008,0,-0.08469999999999986,-0.04911666666666614,0,1,201,1
861,-576454205599,2.1518468127199615,2.2612810983641283,-0.22654060002351767,0.20638661168037425,0,6760758,0.012,-0.9539971902000002,-0.36495230670000006,0,-0.014699999999999852,-0.04911666666666614,0,0,201,-1
862,-576454205589,2.1497899918870735,2.2631011285276936,-0.23053069617381766,0.19806453577857425,0,6760767,0.009,-0.9246751002000001,-0.4433440167000001,0,0.10780000000000015,0.0733833333333338,0,0,201,-1
863,-576454205579,2.1474587776620004,2.265040357330969,-0.23571214884081768,0.18978122487657426,0,6760777,0.01,-0.8283310902000002,-0.5181452667000002,0,-0.18969999999999984,0.11713333333333398,0,0,201,-1
864,-576454205570,2.145073085985757,2.266901779669225,-0.24142618640781768,0.18250324277457425,0,6760787,0.01,-0.7277982102000001,-0.5714037567000001,0,-0.04094999999999985,0.1521333333333339,0,0,201,-1
865,-576454205560,2.142631031866844,2.2686962566839606,-0.24698463737481768,0.17639216017257425,0,6760797,0.01,-0.6111082602,-0.5558450967,0,-0.15469999999999987,0.012133333333333995,0,0,201,-1
866,-576454205549,2.156343681222631,2.290306382945176,-0.23717530925266003,0.18751031446986852,0,6760807,0.01,-0.6158955402,-0.5247277767,0,0.12530000000000016,0.012133333333333995,0,1,202,2
867,-576454205539,2.153703296420801,2.2923210908054923,-0.24289465471636004,0.17880020558766851,0,6760818,0.011,-0.7918280802000002,-0.5199404967000001,0,-0.19844999999999988,0.09088333333333387,0,0,202,-1
868,-576454205529,2.1512502378403027,2.294074079293859,-0.24771706138336005,0.17179749208566852,0,6760828,0.01,-0.7002713502000001,-0.4822406667000001,0,-0.11969999999999983,-0.05786666666666607,0,0,202,-1
869,-576454205518,2.148753592870634,2.295755843827206,-0.2516119325503601,0.1645554145836685,0,6760838,0.01,-0.7242077502,-0.3894871167000001,0,-0.03219999999999984,-0.08411666666666606,0,0,202,-1
870,-576454205508,2.1462259281217952,2.2973702441500325,-0.2539210172173601,0.1583246499816685,0,6760848,0.01,-0.6230764602000001,-0.2309084667000001,0,-0.2771999999999999,0.09088333333333387,0,0,202,-1
871,-576454205498,2.1436804086137866,2.298928829575339,-0.2551828843843601,0.15339243507966852,0,6760858,0.01,-0.49322149020000006,-0.1261867167000001,0,0.011550000000000143,-0.005366666666666076,0,0,202,-1
872,-576454205488,2.144398155059134,2.2972390440470476,-0.25307859164243635,0.1460461984058894,0,6760868,0.01,-0.4609073502,-0.08609324670000004,0,-0.11094999999999985,-0.0928666666666661,0,1,203,1
873,-576454205478,2.141862735354874,2.2986758323330965,-0.25400534920943635,0.1413114588038894,0,6760878,0.01,-0.47347396020000004,-0.0926757567000001,0,-0.18094999999999986,0.1258833333333338,0,0,203,-1
874,-576454205468,2.1393121537364443,2.3000605757046255,-0.2561109744764363,0.1356372155018894,0,6760888,0.01,-0.5674243302,-0.21056252670000009,0,-0.20719999999999986,0.029633333333333844,0,0,203,-1
875,-576454205459,2.136739199363345,2.301382652384134,-0.2584799001434363,0.1287781203998894,0,6760898,0.01,-0.6859095102000001,-0.23689256670000008,0,-0.11094999999999985,-0.10161666666666613,0,0,203,-1
876,-576454205450,2.134402195510878,2.302511719163725,-0.26085428929373633,0.12212560839808939,0,6760907,0.009,-0.7391680002000002,-0.26382101670000013,0,-0.32094999999999985,-0.08411666666666606,0,0,203,-1
877,-576454205440,2.1317807308516055,2.3036995175461956,-0.26343864256073635,0.11543406809608939,0,6760917,0.01,-0.6691540302000001,-0.2584353267000001,0,-0.005949999999999844,-0.04036666666666611,0,0,203,-1
878,-576454205428,2.129132734488163,2.3048250082826467,-0.26616063012773633,0.10966407919408938,0,6760927,0.01,-0.5769988902000001,-0.27219875670000004,0,-0.09344999999999984,0.012133333333333995,0,0,203,-1
879,-576454205418,2.131810382811936,2.3123961811203304,-0.26573431052580354,0.10991978476022302,0,6760937,0.01,-0.5369054202,-0.4475328867000001,0,-0.049699999999999855,-0.12786666666666613,0,1,204,2
880,-576454205409,2.129122255401843,2.313465900692923,-0.27189117149280356,0.10402412975822302,0,6760947,0.01,-0.5895655002000001,-0.6156860967000001,0,-0.005949999999999844,-0.04911666666666614,0,0,204,-1
881,-576454205398,2.1260876144140615,2.3145607761654063,-0.27986173537650355,0.09504413796602301,0,6760958,0.011,-0.8163628902000002,-0.7245967167,0,-0.02344999999999986,-0.03161666666666607,0,0,204,-1
882,-576454205388,2.1232561183204615,2.3154727631200567,-0.28643748334350355,0.087353252964023,0,6760968,0.01,-0.7690885002000002,-0.6575747967,0,0.06405000000000015,-0.0666166666666661,0,0,204,-1
883,-576454205379,2.1203650882111913,2.3163115513666868,-0.29176853851050355,0.08040439636202301,0,6760978,0.01,-0.6948856602000001,-0.5331055167000001,0,-0.3121999999999998,-0.04036666666666611,0,0,204,-1
884,-576454205369,2.117440525000751,2.317086625703797,-0.29314410357750353,0.07461047106002301,0,6760988,0.01,-0.5793925302,-0.13755650670000008,0,-0.05844999999999986,0.05588333333333395,0,0,204,-1
885,-576454205315,2.114510284674641,2.317807052042887,-0.29290396164450355,0.06947479675802301,0,6760998,0.01,-0.5135674302000001,0.02401419329999994,0,-0.19844999999999988,0.047133333333333916,0,0,204,-1
886,-576454205315,2.1115881306628608,2.318481926215957,-0.29152684071150353,0.06550003785602301,0,6761008,0.01,-0.3974758902,0.13771209329999995,0,0.0028000000000001357,-0.19786666666666608,0,0,204,-1
887,-576454205314,2.1086804360319107,2.319120852703507,-0.29001208547850355,0.06228525965402301,0,6761018,0.01,-0.32147782020000004,0.15147552329999997,0,0.07280000000000016,-0.0666166666666661,0,0,204,-1
888,-576454205314,2.1057875299072903,2.3197282298190376,-0.28856913944550355,0.05919016345202301,0,6761028,0.01,-0.30950962020000006,0.14429460329999994,0,0.03780000000000014,0.13463333333333383,0,0,204,-1
889,-576454205314,2.10290408644,2.320309383411548,-0.28811955401250355,0.05704055505002301,0,6761038,0.01,-0.21496084020000003,0.04495854329999994,0,0.02905000000000016,0.06463333333333399,0,0,204,-1
890,-576454205213,2.10001879568104,2.3208676645770376,-0.28893859777950354,0.05461567804802302,0,6761048,0.01,-0.2424877002,-0.08190437670000004,0,-0.03219999999999984,0.047133333333333916,0,0,204,-1
891,-576454205212,2.1029986775344747,2.31590016454874,-0.28465049980118534,0.04680087530951603,0,6761058,0.01,-0.3089112102,-0.09806144670000007,0,0.02905000000000016,0.21338333333333392,0,1,205,1
892,-576454205211,2.100137994109128,2.3163556898708255,-0.28748618526818537,0.04430418910751603,0,6761068,0.01,-0.24966862020000002,-0.2835685467000001,0,-0.07594999999999988,0.13463333333333383,0,0,205,-1
893,-576454205211,2.097249881364611,2.3167857396823908,-0.29013636363518536,0.04170577320551603,0,6761078,0.01,-0.2598415902000001,-0.2650178367000001,0,0.04655000000000015,0.08213333333333384,0,0,205,-1
894,-576454205211,2.094042492600724,2.3172293982361296,-0.29302522979888534,0.03895941838331603,0,6761089,0.011,-0.24966862020000002,-0.2626241967000001,0,-0.07594999999999988,0.38838333333333397,0,0,205,-1
895,-576454205210,2.0911036570089006,2.3176046539179525,-0.29474188856588535,0.036091717981316024,0,6761099,0.01,-0.2867700402,-0.1716658767000001,0,-0.14594999999999983,0.16088333333333393,0,0,205,-1
896,-576454205210,2.0881480138754065,2.3179489586377557,-0.29638673813288535,0.03276922597931602,0,6761109,0.01,-0.33224920020000004,-0.16448495670000007,0,0.10780000000000015,0.1258833333333338,0,0,205,-1
897,-576454205210,2.085178974137243,2.3182571660695386,-0.2974212094998854,0.028872260377316022,0,6761119,0.01,-0.3896965602,-0.10344713670000008,0,0.02905000000000016,0.06463333333333399,0,0,205,-1
899,-576454205209,2.0792442391744053,2.3187579585465445,-0.2958099307338854,0.02185027807331602,0,6761139,0.01,-0.2867700402,0.10479954329999994,0,-0.18969999999999984,0.14338333333333386,0,0,205,-1
900,-576454205206,2.0762969749777316,2.3189688250172678,-0.2936429086008854,0.020323016071316022,0,6761149,0.01,-0.15272620020000002,0.21670221329999995,0,-0.014699999999999852,0.05588333333333395,0,0,205,-1
901,-576454205198,2.0722149240018575,2.3202351273110158,-0.2921247362064294,0.021306588053866638,0,6761159,0.01,0.006450859799999979,0.2555988632999999,0,0.0028000000000001357,0.03838333333333388,0,1,207,1
902,-576454205188,2.069304840875958,2.3204501912825446,-0.28989188897342943,0.021706206251866637,0,6761169,0.01,0.03996181979999997,0.22328472329999993,0,0.03780000000000014,0.05588333333333395,0,0,207,-1
903,-576454205176,2.066412717829389,2.320671315950553,-0.2885327203404294,0.022518727349866638,0,6761179,0.01,0.08125210979999996,0.13591686329999994,0,-0.11969999999999983,0.14338333333333386,0,0,207,-1
904,-576454205167,2.0635302070426498,2.320897005290042,-0.28796943700742944,0.022619140547866637,0,6761189,0.01,0.010041319799999962,0.05632833329999994,0,-0.005949999999999844,0.11713333333333398,0,0,207,-1
905,-576454205157,2.0606480331607404,2.3211258829580106,-0.2884653393744294,0.023156393045866638,0,6761199,0.01,0.05372524979999997,-0.04959023670000007,0,-0.04094999999999985,0.27463333333333395,0,0,207,-1
906,-576454205148,2.0701583925004545,2.336265025068579,-0.27923456569142424,0.03734331048856083,0,6761209,0.01,0.15126607979999995,-0.1680754167000001,0,0.12530000000000016,0.0996333333333339,0,1,208,2
907,-576454205137,2.0673568052987052,2.3366482655149543,-0.28108287465842424,0.03930477878656083,0,6761219,0.01,0.19614682979999998,-0.18483089670000005,0,-0.04094999999999985,0.2921333333333338,0,0,208,-1
908,-576454205111,2.0645382011117857,2.3370531851588097,-0.28263796272542424,0.04167914998456083,0,6761229,0.01,0.23743711979999996,-0.15550880670000006,0,-0.014699999999999852,0.1521333333333339,0,0,208,-1
909,-576454205110,2.0617098805416965,2.3374883113426455,-0.28302615129242426,0.04534608678256083,0,6761239,0.01,0.36669367979999995,-0.03881885670000006,0,0.02030000000000015,-0.04036666666666611,0,0,208,-1
910,-576454205023,2.059166041315393,2.3379113014533255,-0.28227145455272423,0.04865171559076083,0,6761248,0.009,0.36729208979999994,0.08385519329999994,0,0.02030000000000015,0.10838333333333394,0,0,208,-1
911,-576454205023,2.056357602738031,2.338411874661723,-0.2794162609197242,0.051462926088760824,0,6761258,0.01,0.28112104979999997,0.28551936329999994,0,-0.21594999999999984,-0.04036666666666611,0,0,208,-1
912,-576454205022,2.0535845080504984,2.3389385852221007,-0.2752026765867242,0.05387918598676082,0,6761268,0.01,0.2416259898,0.42135843329999995,0,-0.06719999999999984,-0.022866666666666147,0,0,208,-1
913,-576454205022,2.0511285297321464,2.339431005601699,-0.2705702830470242,0.05554756503496082,0,6761277,0.009,0.18537544979999998,0.5147103933,0,0.10780000000000015,-0.03161666666666607,0,0,208,-1
914,-576454205022,2.048448203375341,2.3399908430625387,-0.2654949883140242,0.05641992713296082,0,6761287,0.01,0.08723620979999998,0.5075294733,0,-0.08469999999999986,-0.1191166666666661,0,0,208,-1
915,-576454205022,2.0458142615728656,2.340559045098358,-0.26129337218102416,0.057220480030960814,0,6761297,0.01,0.08005528979999997,0.4201616132999999,0,-0.13719999999999985,-0.04911666666666614,0,0,208,-1
916,-576454205021,2.0432108464597203,2.3411402793071576,-0.25938965044802414,0.059026361728960815,0,6761307,0.01,0.18058816979999998,0.19037217329999995,0,0.02030000000000015,0.14338333333333386,0,0,208,-1
917,-576454205021,2.0406203647819052,2.3417436415209374,-0.25870668511502415,0.061646081026960814,0,6761317,0.01,0.26197192979999995,0.06829653329999995,0,-0.049699999999999855,0.0996333333333339,0,0,208,-1
918,-576454205021,2.0380335711049202,2.3423779582871966,-0.25865205028202415,0.06521727222496082,0,6761327,0.01,0.3571191198,0.005463483299999938,0,-0.19844999999999988,0.3533833333333338,0,0,208,-1
919,-576454205016,2.035449537893265,2.343052864006936,-0.25815459204902413,0.06976387172296082,0,6761337,0.01,0.4546599498,0.04974582329999995,0,0.011550000000000143,0.00338333333333396,0,0,208,-1
920,-576454205006,2.0396283257903436,2.3523934146409875,-0.2514793934150703,0.08164764286378383,0,6761348,0.011,0.4229442198,0.05453310329999994,0,0.02030000000000015,0.21338333333333392,0,1,210,2
921,-576454204999,2.037123529192858,2.3532280462306154,-0.2494799260820703,0.08527867506178383,0,6761358,0.01,0.3631032198,0.19994673329999993,0,-0.05844999999999986,0.16088333333333393,0,0,210,-1
922,-576454204989,2.0346444420842027,2.354091777301723,-0.24633749564907031,0.08746753915978382,0,6761368,0.01,0.2188864098,0.31424304329999997,0,-0.10219999999999987,0.18713333333333382,0,0,210,-1
923,-576454204979,2.0322013271958768,2.3549744348843107,-0.2422854820160703,0.08906397735778382,0,6761378,0.01,0.15964381979999998,0.4052013632999999,0,-0.014699999999999852,0.1258833333333338,0,0,210,-1
924,-576454204968,2.029800737117381,2.3558733859743786,-0.2378325336830703,0.09072624065578382,0,6761388,0.01,0.1662263298,0.44529483329999997,0,-0.11094999999999985,0.10838333333333394,0,0,210,-1
925,-576454204958,2.019410480673304,2.363832810591431,-0.24059236570805412,0.09881865424982018,0,6761398,0.01,0.19674523979999997,0.4357202733,0,-0.15469999999999987,0.09088333333333387,0,1,211,1
926,-576454204949,2.0170233509798883,2.364833497320419,-0.2368335729750541,0.10131869154782018,0,6761408,0.01,0.25000372979999996,0.3758792733,0,-0.20719999999999986,0.06463333333333399,0,0,211,-1
927,-576454204939,2.0149004313779115,2.3657578900203013,-0.2349263385753541,0.10410190842602018,0,6761417,0.009,0.30924631979999995,0.21191493329999997,0,0.09905000000000015,0.1521333333333339,0,0,211,-1
928,-576454204929,2.0125608960443233,2.366812636031552,-0.2329807281423541,0.10684729382402018,0,6761427,0.01,0.2745385398,0.19456104329999993,0,-0.12844999999999987,0.11713333333333398,0,0,211,-1
929,-576454204921,2.010237256275565,2.367889031319782,-0.2317472256093541,0.10843176382202017,0,6761437,0.01,0.15844699979999996,0.12335025329999995,0,-0.02344999999999986,0.178383333333334,0,0,211,-1
930,-576454204905,2.007922779959136,2.368972953408992,-0.23114803767635408,0.10835265402002017,0,6761447,0.01,-0.007910980200000039,0.059918793299999946,0,0.06405000000000015,0.2046333333333339,0,0,211,-1
931,-576454204897,2.0056113333925376,2.370052075053182,-0.23114127564335407,0.10747167481802017,0,6761457,0.01,-0.08809792020000005,6.762032999999493e-4,0,0.011550000000000143,0.16963333333333397,0,0,211,-1
932,-576454204889,2.003300971743269,2.3711237333278525,-0.23093105421035406,0.10685998011602017,0,6761467,0.01,-0.06116947020000004,0.021022143299999938,0,2.25155,0.22213333333333396,0,0,211,-1
933,-576454204879,1.999111101168585,2.3698812708349215,-0.23212990141475148,0.10571608172233797,0,6761477,0.01,0.08244892979999997,0.04256490329999995,0,-0.18969999999999984,0.16963333333333397,0,1,212,2
934,-576454204870,1.9967938153911025,2.370947879947635,-0.23132725408175148,0.10760574082033797,0,6761487,0.01,0.18896590979999994,0.08026473329999995,0,-0.05844999999999986,0.012133333333333995,0,0,212,-1
935,-576454204860,1.99448991185645,2.372036617065328,-0.2294534528487515,0.11014168271833796,0,6761497,0.01,0.2535941898,0.18738012329999995,0,-0.08469999999999986,0.047133333333333916,0,0,212,-1
936,-576454204849,1.9922102517061275,2.3731545733465014,-0.2264785772157515,0.11344957351633796,0,6761507,0.01,0.33078907979999994,0.2974875633,0,-0.15469999999999987,0.230883333333334,0,0,212,-1
938,-576454204804,1.9877826647844723,2.375492624921288,-0.2156936731497515,0.12032267141233795,0,6761527,0.01,0.3403636398,0.5978893833,0,-0.16344999999999985,0.178383333333334,0,0,212,-1
939,-576454204803,1.9856588539361397,2.376706347148401,-0.2090684965167515,0.12242177401033795,0,6761537,0.01,0.20991025979999997,0.6625176633,0,-0.06719999999999984,-0.04911666666666614,0,0,212,-1
940,-576454204802,1.9836004870006372,2.3779367219289944,-0.2026048905837515,0.12365318210833795,0,6761547,0.01,0.12314080979999997,0.6463605932999998,0,-0.005949999999999844,-0.0666166666666661,0,0,212,-1
941,-576454204701,1.9815934415019647,2.3791736062135675,-0.1988042091507515,0.12372367480633795,0,6761557,0.01,0.007049269799999965,0.3800681433,0,0.3178000000000002,-0.005366666666666076,0,0,212,-1
942,-576454204700,1.9782528158751964,2.3815190706439195,-0.19831214457081664,0.12327914838755856,0,6761568,0.011,-0.11861683020000001,0.13711368329999996,0,-0.04094999999999985,-0.08411666666666606,0,1,213,1
943,-576454204700,1.976263654378153,2.382748893415785,-0.19952015483781663,0.12268540598555856,0,6761578,0.01,-0.059374240200000046,-0.12080102670000004,0,-0.02344999999999986,0.09088333333333387,0,0,213,-1
944,-576454204700,1.97426639220494,2.383978164453631,-0.19993227980481662,0.12316880158355856,0,6761588,0.01,0.048339559799999966,-0.041212496700000066,0,-0.07594999999999988,0.18713333333333382,0,0,213,-1
945,-576454204699,1.9722656071920568,2.3852172960914566,-0.20022472277181663,0.12465752598155856,0,6761598,0.01,0.14887243979999998,-0.029244296700000057,0,-0.09344999999999984,0.24838333333333384,0,0,213,-1
946,-576454204699,1.9702759903050036,2.386482894206762,-0.19769865463881664,0.12846209707955855,0,6761608,0.01,0.38045710979999997,0.25260681329999995,0,0.07280000000000016,0.09088333333333387,0,0,213,-1
947,-576454204699,1.9683127112372805,2.387786298669048,-0.19495715890581664,0.13221879537755854,0,6761618,0.01,0.37566982979999997,0.27414957329999995,0,-0.04094999999999985,0.30963333333333387,0,0,213,-1
948,-576454204698,1.9663825918628874,2.389123320608314,-0.19106671597281663,0.13518559247555853,0,6761628,0.01,0.29667970979999997,0.38904429329999995,0,-0.005949999999999844,0.36213333333333386,0,0,213,-1
949,-576454204698,1.9644879959013242,2.3904839964980593,-0.18785247633981664,0.13694958547355854,0,6761638,0.01,0.1763992998,0.3214239633,0,0.03780000000000014,0.09088333333333387,0,0,213,-1
950,-576454204698,1.962625063608091,2.3918585423347847,-0.18473398230681665,0.13795958187155855,0,6761648,0.01,0.10099963979999997,0.31184940329999994,0,-0.13719999999999985,0.00338333333333396,0,0,213,-1
951,-576454204694,1.960792957209188,2.3932474966874904,-0.18168729747381665,0.13983128866955855,0,6761658,0.01,0.1871706798,0.30466848329999996,0,-0.07594999999999988,-0.014116666666666111,0,0,213,-1
952,-576454204688,1.96136757838535,2.3976272391917686,-0.17747679348867,0.14572309063091304,0,6761668,0.01,0.33497794979999995,0.21610380329999995,0,-0.11969999999999983,0.06463333333333399,0,1,214,2
953,-576454204677,1.9493068117739303,2.4077236283820245,-0.18458677863942716,0.1573341488680294,0,6761679,0.011,0.38464597980000004,0.15686121329999994,0,-0.3121999999999998,-0.16286666666666616,0,1,215,1
954,-576454204668,1.9474643887347012,2.4093209894496947,-0.18389782920642717,0.1621380646660294,0,6761689,0.01,0.4803915798,0.06889494329999994,0,-0.22469999999999987,0.02088333333333381,0,0,215,-1
955,-576454204658,1.945622661646302,2.4109662400728453,-0.18444758847342715,0.16691205996402939,0,6761699,0.01,0.4773995298,-0.054975926700000066,0,-0.03219999999999984,0.19588333333333385,0,0,215,-1
956,-576454204648,1.9437759456137327,2.4126595597744753,-0.18489561804042715,0.17175188036202937,0,6761709,0.01,0.4839820398,-0.04480295670000006,0,-0.07594999999999988,0.02088333333333381,0,0,215,-1
957,-576454204638,1.9419304641009933,2.4143993627680858,-0.18420068450742716,0.17620871836002938,0,6761719,0.01,0.4456837998,0.06949335329999994,0,-0.12844999999999987,0.05588333333333395,0,0,215,-1
958,-576454204626,1.940102553701084,2.416181669627176,-0.18138139547442717,0.18025265345802938,0,6761729,0.01,0.4043935098,0.2819289032999999,0,-0.09344999999999984,0.178383333333334,0,0,215,-1
959,-576454204617,1.938997684116879,2.418868903691564,-0.17735403166975294,0.18506166257778692,0,6761739,0.01,0.4061887398,0.34296672329999994,0,-0.18094999999999986,0.02088333333333381,0,1,216,2
960,-576454204608,1.9372359962078465,2.4207360597713317,-0.17498355013675293,0.18836955337578692,0,6761749,0.01,0.33078907979999994,0.23704815329999995,0,0.0028000000000001357,0.2046333333333339,0,0,216,-1
961,-576454204596,1.9356653644025144,2.4224429892746757,-0.17404573993705294,0.19094811403398693,0,6761758,0.009,0.28650673979999997,0.10420113329999996,0,0.06405000000000015,0.02088333333333381,0,0,216,-1
962,-576454204589,1.933922337729809,2.424368501220506,-0.17455959460405293,0.19415427513198694,0,6761768,0.01,0.3206161098,-0.05138546670000006,0,0.10780000000000015,0.30088333333333384,0,0,216,-1
963,-576454204579,1.9321722875189333,2.426340346855816,-0.17545044757105294,0.20021485192998695,0,6761778,0.01,0.6060576798,-0.08908529670000008,0,0.04655000000000015,0.029633333333333844,0,0,216,-1
964,-576454204570,1.9305962903276526,2.4281707277916227,-0.17477115049135294,0.20653646713818694,0,6761787,0.009,0.7024016898,0.07547745329999994,0,0.0028000000000001357,0.24838333333333384,0,0,216,-1
965,-576454204558,1.928857469100904,2.430267382723495,-0.17299309485835296,0.21279451923618695,0,6761797,0.01,0.6258052098000001,0.17780556329999994,0,-0.005949999999999844,0.14338333333333386,0,0,216,-1
966,-576454204549,1.9225346296780244,2.4362188487371834,-0.1745737828828835,0.2210996562235163,0,6761807,0.01,0.4953518298,0.24602430329999994,0,-0.18969999999999984,0.0996333333333339,0,1,217,1
967,-576454204539,1.9208023300433605,2.4384415376324085,-0.1718861440498835,0.2234381228215163,0,6761817,0.01,0.2338466598,0.26876388329999995,0,-0.02344999999999986,0.178383333333334,0,0,217,-1
968,-576454204494,1.9190989713115267,2.440682494788114,-0.1687856023168835,0.2247533083195163,0,6761827,0.01,0.13151854979999997,0.3100541732999999,0,-0.10219999999999987,-0.05786666666666607,0,0,217,-1
970,-576454204394,1.9157913439613492,2.4452143667599637,-0.1620998067508835,0.2292806390155163,0,6761847,0.01,0.3110415498,0.3220223732999999,0,0.10780000000000015,0.012133333333333995,0,0,217,-1
971,-576454204393,1.9141854297155054,2.447529577022109,-0.1590830424178835,0.23376141341351628,0,6761857,0.01,0.44807743980000003,0.30167643329999994,0,-0.10219999999999987,0.178383333333334,0,0,217,-1
972,-576454204393,1.9126099823179916,2.4498946216722346,-0.15600643708488351,0.23924751661151628,0,6761867,0.01,0.5486103198000001,0.3076605333,0,-0.22469999999999987,0.047133333333333916,0,0,217,-1
973,-576454204393,1.9110656300993076,2.4523204815338397,-0.15286400665188352,0.24592445570951627,0,6761877,0.01,0.6676939098,0.31424304329999997,0,-0.11969999999999983,0.16963333333333397,0,0,217,-1
974,-576454204392,1.9095543478124537,2.4548116446819246,-0.14939245071888352,0.25230817390751625,0,6761887,0.01,0.6383718197999999,0.3471555933,0,0.11655000000000015,0.09088333333333387,0,0,217,-1
975,-576454204392,1.90807763148243,2.45735479649399,-0.14595081528588352,0.25632218850551625,0,6761897,0.01,0.40140145979999997,0.3441635433,0,-0.04094999999999985,0.09088333333333387,0,0,217,-1
976,-576454204392,1.9066362291217362,2.459941529309535,-0.1423296568528835,0.26102437460351624,0,6761907,0.01,0.47021860979999996,0.36211584329999996,0,0.0028000000000001357,0.012133333333333995,0,0,217,-1
977,-576454204392,1.9052344193618724,2.4625747154965603,-0.13803229511988352,0.26561286280151625,0,6761917,0.01,0.45884881980000003,0.4297361733,0,-0.11969999999999983,0.13463333333333383,0,0,217,-1
978,-576454204391,1.9040124170578072,2.464984953712411,-0.13352377245018351,0.26999562960971624,0,6761926,0.009,0.4869740898,0.5009469632999999,0,-0.07594999999999988,0.08213333333333384,0,0,217,-1
979,-576454204391,1.902576931564145,2.4679840779401108,-0.1274735900338835,0.27529968451751624,0,6761937,0.011,0.48218680979999995,0.5500165832999999,0,0.14280000000000015,0.2396333333333338,0,0,217,-1
980,-576454204391,1.901325058815471,2.4707629494352763,-0.12290095970088351,0.28047461451551625,0,6761947,0.01,0.5174929998,0.4572630333,0,-0.10219999999999987,-0.19786666666666608,0,0,217,-1
981,-576454204391,1.9001114322451271,2.4735949166529214,-0.11982435436788351,0.28591882901351623,0,6761957,0.01,0.5444214498,0.3076605333,0,-0.049699999999999855,-0.0928666666666661,0,0,217,-1
982,-576454204291,1.8989266268956133,2.4764803386390466,-0.11713671553488351,0.29116556821151623,0,6761967,0.01,0.5246739198,0.26876388329999995,0,-0.14594999999999983,-0.04036666666666611,0,0,217,-1
983,-576454204291,1.8871457627660262,2.48849222388707,-0.12385669262498566,0.30459497600686386,0,6761978,0.011,0.5085168498,0.23106405329999996,0,-0.07594999999999988,0.1521333333333339,0,1,219,1
984,-576454204291,1.8859202450674415,2.4915591114146287,-0.12124684709198566,0.30878252950486385,0,6761988,0.01,0.41875534979999995,0.2609845533,0,0.02030000000000015,0.18713333333333382,0,0,219,-1
985,-576454204290,1.8847231895436867,2.4946661091676674,-0.11816425765898567,0.3126170211028638,0,6761998,0.01,0.3834491598,0.3082589433,0,-0.04094999999999985,0.05588333333333395,0,0,219,-1
986,-576454204290,1.8835664447127618,2.4978099857321863,-0.11318470852598567,0.3161582918008638,0,6762008,0.01,0.3541270698,0.4979549132999999,0,-0.03219999999999984,0.09088333333333387,0,0,219,-1
987,-576454204289,1.8824632055151669,2.5009926260996846,-0.10746313099298567,0.3203697816988638,0,6762018,0.01,0.4211489898,0.5721577533,0,-0.005949999999999844,-0.10161666666666613,0,0,219,-1
988,-576454204289,1.881423974046402,2.504212983052663,-0.10038316275998567,0.32370160889686383,0,6762028,0.01,0.33318271979999997,0.7079968233,0,0.0028000000000001357,0.11713333333333398,0,0,219,-1
989,-576454204288,1.8804556619419672,2.5074659102651218,-0.09327925812698568,0.32688383359486384,0,6762038,0.01,0.31822246979999996,0.7103904632999999,0,-0.04094999999999985,0.02088333333333381,0,0,219,-1
990,-576454204288,1.8795560251643624,2.5107505998835604,-0.08664809739398567,0.33005409009286385,0,6762048,0.01,0.3170256498,0.6631160733,0,-0.11094999999999985,-0.0666166666666661,0,0,219,-1
991,-576454204288,1.8787191992955876,2.514064388983479,-0.08071707636098567,0.33270372989086383,0,6762058,0.01,0.26496397979999997,0.5931021033,0,-0.005949999999999844,0.1521333333333339,0,0,219,-1
992,-576454204287,1.8779355499346426,2.5173960274568774,-0.07601279582798567,0.3336239647888638,0,6762068,0.01,0.09202348979999997,0.4704280532999999,0,0.16905000000000014,0.047133333333333916,0,0,219,-1
993,-576454204189,1.8682031396706822,2.528370494291336,-0.08001635783135604,0.3407423664103187,0,6762078,0.01,0.025001569799999967,0.3968236233,0,-0.2509499999999999,0.0733833333333338,0,1,221,1
994,-576454204188,1.8674170126965337,2.531777911372929,-0.07720903699835603,0.34074104990831866,0,6762088,0.01,-1.31650200000035e-4,0.28073208329999993,0,-0.12844999999999987,0.22213333333333396,0,0,221,-1
995,-576454204188,1.8667328708871922,2.5348373048087707,-0.07482247618865603,0.3391241580565187,0,6762097,0.009,-0.17965465020000004,0.2651734233,0,0.03780000000000014,0.05588333333333395,0,0,221,-1
996,-576454204188,1.8660000889929707,2.538215883435326,-0.07173390265565603,0.33659156725451866,0,6762107,0.01,-0.2532590802,0.30885735329999997,0,-0.06719999999999984,0.09088333333333387,0,0,221,-1
997,-576454204187,1.8653025313065792,2.5415671614008613,-0.06777763462265603,0.33366402585251864,0,6762117,0.01,-0.2927541402,0.39562680329999994,0,0.08155000000000015,0.13463333333333383,0,0,221,-1
998,-576454204187,1.8646486354090177,2.5448862018228766,-0.06300154488965602,0.33014405855051865,0,6762127,0.01,-0.35199673020000005,0.47760897329999996,0,0.055300000000000155,0.16088333333333393,0,0,221,-1
999,-576454204187,1.8640445050822863,2.5481798864163716,-0.05782452045665602,0.32859286014851863,0,6762137,0.01,-0.15511984020000003,0.5177024433,0,-0.09344999999999984,0.13463333333333383,0,0,221,-1
1000,-576454204186,1.8634916363513847,2.5514647612178467,-0.05274922572365602,0.32838210014651864,0,6762147,0.01,-0.021076000200000035,0.5075294733,0,-0.03219999999999984,0.178383333333334,0,0,221,-1
1001,-576454204186,1.862943874388004,2.5550820248873216,-0.04684385852735602,0.32930220339431865,0,6762158,0.011,0.08364574979999997,0.5368515633,0,0.06405000000000015,0.22213333333333396,0,0,221,-1
1002,-576454204186,1.8625032657573954,2.5583791095267547,-0.041277867594356026,0.33011472449231866,0,6762168,0.01,0.08125210979999996,0.5565990932999999,0,-0.04094999999999985,0.24838333333333384,0,0,221,-1
1003,-576454204087,1.858342403780435,2.556888333910398,-0.03804790264567478,0.32730513393649424,0,6762178,0.01,0.12433762979999997,0.6355892133,0,-0.13719999999999985,0.16088333333333393,0,1,222,2
1004,-576454204086,1.8579939136581431,2.5601702650557527,-0.03165012181267478,0.32908109513449424,0,6762188,0.01,0.17759611979999998,0.6397780833,0,-0.08469999999999986,0.19588333333333385,0,0,222,-1
1005,-576454204085,1.8577087131726815,2.5634688786750877,-0.02538997527967478,0.33064162873249425,0,6762198,0.01,0.15605335979999999,0.6260146533,0,0.13405000000000014,0.230883333333334,0,0,222,-1
1006,-576454204085,1.8574851866170496,2.5667784300324024,-0.01931533584667478,0.3312686427304943,0,6762208,0.01,0.06270139979999997,0.6074639433,0,0.10780000000000015,0.16088333333333393,0,0,222,-1
1007,-576454204085,1.8573182175857479,2.570094341291197,-0.014078470413674778,0.33191360902849426,0,6762218,0.01,0.06449662979999997,0.5236865433,0,-0.12844999999999987,0.012133333333333995,0,0,222,-1
1008,-576454204085,1.8571931151132761,2.5734177494304724,-0.010942024080674777,0.33276801882649426,0,6762228,0.01,0.08544097979999997,0.3136446333,0,0.24780000000000016,0.21338333333333392,0,0,222,-1
1009,-576454204084,1.8570928245146343,2.5767462308897273,-0.009116095647674778,0.33292827302449424,0,6762238,0.01,0.016025419799999965,0.18259284329999995,0,0.08155000000000015,0.1521333333333339,0,0,222,-1
1010,-576454204084,1.8570062452843226,2.580074429899462,-0.008199750414674778,0.3327115289224942,0,6762248,0.01,-0.021674410200000035,0.09163452329999995,0,0.11655000000000015,0.178383333333334,0,0,222,-1
1011,-576454204084,1.8569239225443408,2.583397798543677,-0.008264797581674779,0.33196219992049425,0,6762258,0.01,-0.07493290020000001,-0.006504716700000068,0,0.22155000000000016,0.2571333333333339,0,0,222,-1
1012,-576454204084,1.8568436122571892,2.586708647253872,-0.007797259848674779,0.33020754211849423,0,6762268,0.01,-0.1754657802000001,0.04675377329999994,0,0.16905000000000014,0.30088333333333384,0,0,222,-1
1013,-576454203984,1.862187333175742,2.585533412774134,-0.0016727416040285279,0.32332553637843636,0,6762278,0.01,-0.28258117020000006,0.13112958329999994,0,0.11655000000000015,0.05588333333333395,0,1,223,1
1014,-576454203984,1.8661370526401069,2.5939693898856366,0.005826776674307047,0.3224431167329017,0,6762289,0.011,-0.4543248402,0.38844588329999996,0,0.04655000000000015,0.0996333333333339,0,1,224,2
1016,-576454203982,1.8664073814960649,2.600634866821749,0.020558272483607046,0.3126431835587017,0,6762310,0.01,-0.4387661802000001,0.7654441833,0,0.06405000000000015,0.13463333333333383,0,0,224,-1
1017,-576454203982,1.8666551260950661,2.603741005975826,0.028990647316607047,0.3085846472567017,0,6762320,0.01,-0.40585363020000004,0.8432374832999999,0,0.0028000000000001357,-0.005366666666666076,0,0,224,-1
1018,-576454203981,1.8669823473213971,2.606807188097383,0.03645359794960704,0.3046517770547017,0,6762330,0.01,-0.39328702020000006,0.7462950632999998,0,-0.04094999999999985,-0.13661666666666616,0,0,224,-1
1019,-576454203981,1.8673786627615583,2.60983885871742,0.042809490082607045,0.3016823469527017,0,6762340,0.01,-0.2969430102,0.6355892133,0,-0.03219999999999984,0.30088333333333384,0,0,224,-1
1020,-576454203981,1.8678362930855494,2.612843497960937,0.048716574715607044,0.2992455017507017,0,6762350,0.01,-0.24368452020000003,0.5907084633,0,0.055300000000000155,0.49338333333333395,0,0,224,-1
1021,-576454203981,1.8683509297413705,2.6158230506604343,0.054210756448607046,0.2966650381487017,0,6762360,0.01,-0.25804636020000005,0.5494181733,0,0.055300000000000155,0.22213333333333396,0,0,224,-1
1022,-576454203980,1.8689225727290215,2.6187769483264116,0.060117841081607046,0.29411449504670173,0,6762370,0.01,-0.25505431019999997,0.5907084633,0,0.03780000000000014,0.30088333333333384,0,0,224,-1
1023,-576454203976,1.8695555605210026,2.621706178335369,0.06647971731460704,0.2917315067447017,0,6762380,0.01,-0.23829883020000003,0.6361876233,0,0.07280000000000016,0.3446333333333338,0,0,224,-1
1024,-576454203967,1.8649848947204284,2.628860761332715,0.0690055045425699,0.2923826326706134,0,6762390,0.01,-0.3244698702,0.7205634333000001,0,0.17780000000000015,0.32713333333333394,0,1,225,1
1025,-576454203956,1.8626680672921752,2.62803510436487,0.07330736390042648,0.28540904680914164,0,6762400,0.01,-0.3819172302,0.6792731433,0,-0.10219999999999987,0.03838333333333388,0,1,226,2
1026,-576454203947,1.8634283425553444,2.6308745571259515,0.07874768873342648,0.2824815054071416,0,6762410,0.01,-0.2927541402,0.5440324833,0,-0.049699999999999855,0.230883333333334,0,0,226,-1
1027,-576454203937,1.8642362590338435,2.6336951468070127,0.08283560696642649,0.2816364308051416,0,6762420,0.01,-0.08450746020000006,0.40879182329999997,0,0.06405000000000015,0.0996333333333339,0,0,226,-1
1028,-576454203926,1.8650835287491727,2.636512073022054,0.08661833609942649,0.28174881220314163,0,6762430,0.01,0.011238139799999968,0.37827291329999996,0,-0.07594999999999988,0.178383333333334,0,0,226,-1
1029,-576454203917,1.865964975454832,2.6393314096325753,0.08967100503242649,0.2821185099011416,0,6762440,0.01,0.03696976979999996,0.30526689329999995,0,0.0028000000000001357,0.0733833333333338,0,0,226,-1
1030,-576454203907,1.8668791629668213,2.642152259023577,0.0931664973654265,0.2820513682991416,0,6762450,0.01,-0.006714160200000032,0.34954923329999993,0,-0.014699999999999852,0.2571333333333339,0,0,226,-1
1031,-576454203897,1.8678305793601404,2.6449719283500586,0.09711678129842649,0.28188249699714163,0,6762460,0.01,-0.016887130200000048,0.39502839329999995,0,-0.02344999999999986,0.18713333333333382,0,0,226,-1
1032,-576454203886,1.8688177884507897,2.64778715627752,0.10032503683142649,0.28116308849514166,0,6762470,0.01,-0.07194085020000002,0.32082555329999995,0,-0.06719999999999984,-0.022866666666666147,0,0,226,-1
1033,-576454203876,1.869833818762269,2.650595758609461,0.10288102546442648,0.28055737789314167,0,6762480,0.01,-0.06057106020000003,0.2555988632999999,0,0.15155000000000016,0.21338333333333392,0,0,226,-1
1034,-576454203867,1.8708738530940783,2.6533987825633827,0.10512584089742648,0.28004741289114166,0,6762490,0.01,-0.050996500200000024,0.22448154329999997,0,-0.03219999999999984,0.22213333333333396,0,0,226,-1
1035,-576454203856,1.8720416824528245,2.656479694382203,0.10720676978372648,0.28011837234894166,0,6762501,0.011,0.006450859799999979,0.18917535329999993,0,0.12530000000000016,-0.08411666666666606,0,0,226,-1
1036,-576454203845,1.873119947583827,2.6592804825566825,0.10844625641672648,0.28003926254694167,0,6762511,0.01,-0.007910980200000039,0.12394866329999994,0,0.15155000000000016,0.178383333333334,0,0,226,-1
1037,-576454203835,1.8742094706021593,2.662083770888142,0.10945834724972647,0.2806184037449417,0,6762521,0.01,0.05791411979999997,0.10120908329999993,0,0.02030000000000015,0.18713333333333382,0,0,226,-1
1038,-576454203825,1.8753185993273216,2.6649011984510818,0.11236739778272647,0.2828671088429417,0,6762531,0.01,0.22487050979999998,0.29090505329999994,0,-0.06719999999999984,0.30088333333333384,0,0,226,-1
1039,-576454203815,1.876461725519814,2.667741561872501,0.11625784071572648,0.2852055754409417,0,6762541,0.01,0.2338466598,0.38904429329999995,0,-0.03219999999999984,0.1521333333333339,0,0,226,-1
1040,-576454203806,1.8791911350225239,2.6725202309748903,0.12420808334732794,0.2889457668982648,0,6762551,0.01,0.20871343979999996,0.6685017633,0,-0.06719999999999984,0.16963333333333397,0,1,227,2
1041,-576454203794,1.880468406253662,2.6754059719193632,0.13124616288032795,0.2882024219962648,0,6762561,0.01,-0.07433449020000003,0.7038079532999999,0,-0.07594999999999988,0.335883333333334,0,0,227,-1
1042,-576454203785,1.8818136646401304,2.678284159732816,0.13780551441332795,0.2874351406942648,0,6762571,0.01,-0.07672813020000001,0.6559351533,0,0.055300000000000155,0.18713333333333382,0,0,227,-1
1043,-576454203775,1.8832126381034289,2.6811490795997486,0.14198917824632795,0.2855488326922648,0,6762581,0.01,-0.18863080020000003,0.4183663832999999,0,0.0028000000000001357,0.00338333333333396,0,0,227,-1
1044,-576454203765,1.884649797904057,2.6839999535871613,0.14544278187932796,0.28462596479026475,0,6762591,0.01,-0.09228679020000005,0.3453603633,0,0.10780000000000015,0.19588333333333385,0,0,227,-1
1045,-576454203756,1.8861220921510153,2.686847164108554,0.14901606751232796,0.28481613948826473,0,6762601,0.01,0.01901746979999997,0.35732856329999996,0,0.16905000000000014,0.283383333333334,0,0,227,-1
1046,-576454203745,1.8876407111113036,2.6896983408914266,0.15470772454532797,0.2854192170862647,0,6762611,0.01,0.060307759799999965,0.5691657032999999,0,-0.10219999999999987,0.00338333333333396,0,0,227,-1
1047,-576454203735,1.8888538190598056,2.6928399437366104,0.1610234072762995,0.2858253242419177,0,6762621,0.01,0.014230189799999966,0.6637144833,0,0.07280000000000016,0.16088333333333393,0,1,228,1
1048,-576454203725,1.8905002907477337,2.6956910393970195,0.1682709303092995,0.2843938078399177,0,6762631,0.01,-0.14315164020000004,0.7247523032999998,0,-0.19844999999999988,0.283383333333334,0,0,228,-1
1049,-576454203716,1.8922216911469916,2.698514535191409,0.1760091495422995,0.2803053510379177,0,6762641,0.01,-0.40884568020000006,0.7738219232999999,0,0.15155000000000016,0.1258833333333338,0,0,228,-1
1050,-576454203705,1.8940181100190796,2.701290623748778,0.1832746248752995,0.2749123604359177,0,6762651,0.01,-0.5392990602000001,0.7265475333,0,0.08155000000000015,0.06463333333333399,0,0,228,-1
1051,-576454203695,1.8958858372219978,2.7040091021786274,0.19027081570829948,0.2687833255339177,0,6762661,0.01,-0.6129034902000001,0.6996190833,0,-0.09344999999999984,0.06463333333333399,0,0,228,-1
1052,-576454203686,1.8978250821992457,2.7066701799244566,0.1975781797412995,0.2634322236319177,0,6762671,0.01,-0.5351101902000001,0.7307364032999999,0,-0.11094999999999985,-0.24161666666666615,0,0,228,-1
1053,-576454203673,1.8998365630428238,2.7092795119607658,0.2047179889742995,0.2584341836299177,0,6762681,0.01,-0.49980400020000004,0.7139809233,0,-0.05844999999999986,-0.5128666666666661,0,0,228,-1
1054,-576454203575,1.892326683912809,2.7002038046938344,0.20158767740955602,0.24383405615215656,0,6762691,0.01,-0.4381677702000001,0.48598671329999993,0,0.0028000000000001357,-0.24161666666666615,0,1,229,2
1055,-576454203574,1.8943571059395696,2.7026225706658455,0.20449672794255602,0.23991913825015657,0,6762701,0.01,-0.3914917902,0.29090505329999994,0,0.055300000000000155,-0.18036666666666612,0,0,229,-1
1056,-576454203573,1.8964146437186602,2.705000571751837,0.20701082787555602,0.23568107894815657,0,6762711,0.01,-0.42380593020000007,0.25140999329999997,0,0.28280000000000016,-0.3116166666666661,0,0,229,-1
1057,-576454203573,1.8984993570910806,2.7073323325003087,0.20993184660855602,0.23067107074615656,0,6762721,0.01,-0.5010008202,0.2921018732999999,0,0.0028000000000001357,0.14338333333333386,0,0,229,-1
1058,-576454203573,1.9008334479204994,2.7098369780739593,0.21444830419485603,0.22471903355395656,0,6762732,0.011,-0.5410942902000001,0.41058705329999995,0,0.21280000000000016,-0.05786666666666607,0,0,229,-1
1059,-576454203573,1.903007945113613,2.7120519075279885,0.22045113442785602,0.21826685725195655,0,6762742,0.01,-0.6452176302000001,0.6002830233,0,0.22155000000000016,-0.08411666666666606,0,0,229,-1
1060,-576454203573,1.9052438170315567,2.714194386286498,0.226723249160856,0.21022889444995654,0,6762752,0.01,-0.8037962802000002,0.6272114733,0,0.02905000000000016,-0.1191166666666661,0,0,229,-1
1061,-576454203572,1.9075387897163303,2.7162524162289876,0.232271287793856,0.20137709404795653,0,6762762,0.01,-0.8851800402000001,0.5548038633,0,0.03780000000000014,0.06463333333333399,0,0,229,-1
1062,-576454203572,1.909887746762434,2.7182252194224574,0.237520121426856,0.19318354464595652,0,6762772,0.01,-0.8193549402,0.5248833633,0,0.02030000000000015,-0.005366666666666076,0,0,229,-1
1063,-576454203570,1.9122910172953675,2.7201234176444067,0.243133985159856,0.18645609974395652,0,6762782,0.01,-0.6727444902000002,0.5613863733,0,0.0028000000000001357,-0.08411666666666606,0,0,229,-1
1064,-576454203565,1.9101806707409221,2.7251492479624067,0.24559304450668915,0.18473148497338512,0,6762791,0.009,-0.5345117802,0.6876508833,0,0.09905000000000015,0.11713333333333398,0,1,230,1
1065,-576454203555,1.912673676575154,2.726969089210631,0.25300812233968917,0.17923676467138513,0,6762801,0.01,-0.5494720302,0.7415077833,0,-0.21594999999999984,0.03838333333333388,0,0,230,-1
1066,-576454203545,1.9152438252377157,2.7287233016373347,0.26102161017268916,0.17160572066938512,0,6762811,0.01,-0.7631044002000001,0.8013487832999999,0,0.08155000000000015,-0.014116666666666111,0,0,230,-1
1067,-576454203534,1.91816104648846,2.730559945438616,0.26938225359898915,0.16232951592718511,0,6762822,0.011,-0.8432913402000002,0.7600584933000001,0,0.17780000000000015,0.2046333333333339,0,0,230,-1
1068,-576454203523,1.9157437964579975,2.725903893463939,0.2721827144768637,0.14772156215334167,0,6762833,0.011,-0.8085835602,0.6696985833000001,0,0.12530000000000016,0.36213333333333386,0,1,231,2
1069,-576454203513,1.9184940519674312,2.7273486686809627,0.2778683874098637,0.14123348125134166,0,6762843,0.01,-0.6488080902000002,0.5685672932999999,0,0.09905000000000015,0.21338333333333392,0,0,231,-1
1070,-576454203503,1.9212914699641948,2.7287270969844664,0.2816152119428637,0.13445217944934165,0,6762853,0.01,-0.6781301802000003,0.37468245329999994,0,0.0028000000000001357,0.36213333333333386,0,0,231,-1
1071,-576454203493,1.9241237830432882,2.73003340371795,0.2848474038758637,0.12680916724734165,0,6762863,0.01,-0.7643012202000001,0.32321919329999993,0,0.02030000000000015,0.05588333333333395,0,0,231,-1
1072,-576454203484,1.926982134736712,2.731264357467413,0.2868229348088637,0.11938158264534164,0,6762873,0.01,-0.7427584602000001,0.19755309329999993,0,0.055300000000000155,-0.022866666666666147,0,0,231,-1
1073,-576454203472,1.9298543174804657,2.732427528119356,0.28761361394186374,0.11325254774334165,0,6762883,0.01,-0.6129034902000001,0.07906791329999995,0,0.07280000000000016,0.24838333333333384,0,0,231,-1
1074,-576454203464,1.9262480527285823,2.738520579445791,0.28223508943244036,0.11220682377818306,0,6762893,0.01,-0.5632354602,0.019226913299999936,0,0.18655000000000016,0.2571333333333339,0,1,232,1
1075,-576454203454,1.928788801809833,2.7395120164681614,0.28237581751214036,0.10811251452638306,0,6762902,0.009,-0.4549232502,0.015636453299999943,0,0.24780000000000016,0.3533833333333338,0,0,232,-1
1076,-576454203444,1.9316204329661193,2.7405791920779157,0.28395041374514035,0.10532260742438306,0,6762912,0.01,-0.2789907102,0.15745962329999996,0,-0.03219999999999984,0.08213333333333384,0,0,232,-1
1077,-576454203435,1.9344801373307356,2.74162379446565,0.28799045917814037,0.10359787012238306,0,6762922,0.01,-0.1724737302000001,0.40400454329999996,0,0.0028000000000001357,0.02088333333333381,0,0,232,-1
1078,-576454203426,1.9370905706161874,2.7425474693827234,0.2921058264778404,0.10166322256058305,0,6762931,0.009,-0.21496084020000003,0.4572630333,0,0.22155000000000016,-0.0666166666666661,0,0,232,-1
1079,-576454203416,1.940034611714631,2.7435522465078193,0.2967023932108404,0.09929220245858306,0,6762941,0.01,-0.2371020102,0.4596566733,0,0.2740500000000001,0.02088333333333381,0,0,232,-1
1080,-576454203406,1.9430215665894044,2.744536604686895,0.3006885817438404,0.09757943335658306,0,6762951,0.01,-0.17127691020000005,0.39861885329999996,0,0.26530000000000015,0.230883333333334,0,0,232,-1
1081,-576454203395,1.926829857895156,2.7234226688505276,0.28846959105804426,0.07642195365517765,0,6762961,0.01,-0.10904227020000003,0.40998864329999996,0,0.011550000000000143,-0.13661666666666616,0,1,233,2
1082,-576454203385,1.9297328989619014,2.7241895148085695,0.29213862229104426,0.07694723795317765,0,6762971,0.01,0.052528429799999964,0.36690312329999997,0,2.23405,0.09088333333333387,0,0,233,-1
1083,-576454203375,1.932674515332477,2.7249741502990914,0.29618465182404424,0.07997986015117765,0,6762981,0.01,0.30326221979999995,0.40460295329999996,0,0.10780000000000015,-0.11036666666666606,0,0,233,-1
1084,-576454203365,1.9356608706298823,2.7257885136015934,0.30108640765704425,0.08289280034917765,0,6762991,0.01,0.29129401979999997,0.49017558329999994,0,0.08155000000000015,-0.20661666666666612,0,0,233,-1
1085,-576454203356,1.9386987568076177,2.726627967038575,0.3064908278900442,0.08499788704717764,0,6763001,0.01,0.2105086698,0.5404420233,0,0.18655000000000016,0.05588333333333395,0,0,233,-1
1086,-576454203345,1.9417210023431832,2.727458820127037,0.29795827922304424,0.08117273064517765,0,6763011,0.01,-0.3825156402,-0.8532548667000002,0,0.4228000000000002,0.09088333333333387,0,0,233,-1
1087,-576454203336,1.9446616624545787,2.7282325418159785,0.29017374305604426,0.07357160714317765,0,6763021,0.01,-0.7601123502000001,-0.7784536167,0,0.16030000000000016,-0.30286666666666606,0,0,233,-1
1088,-576454203325,1.9464691050481369,2.729806644306712,0.2949943950789082,0.07048369077982376,0,6763031,0.01,-0.3884997402,0.5787402633,0,-0.11094999999999985,-0.4428666666666661,0,1,234,1
1089,-576454203315,1.949437483916591,2.7304985489760005,0.2986813786119082,0.06789724307782376,0,6763041,0.01,-0.2586447702000001,0.3686983532999999,0,0.18655000000000016,-0.3728666666666661,0,0,234,-1
1090,-576454203306,1.9524509308373752,2.731157049202269,0.3040080055449082,0.06380280217582376,0,6763051,0.01,-0.40944409020000005,0.5326626932999999,0,0.02905000000000016,-0.19786666666666608,0,0,234,-1
1091,-576454203296,1.9555215037719893,2.731766257200017,0.3101065813779082,0.05803879737382376,0,6763061,0.01,-0.5764004802000001,0.6098575833,0,0.16030000000000016,-0.16286666666666616,0,0,234,-1
1092,-576454203286,1.9586521349294335,2.7323188723672454,0.3160196501109082,0.05248423607182376,0,6763071,0.01,-0.5554561302000001,0.5913068733,0,0.22155000000000016,-0.20661666666666612,0,0,234,-1
1093,-576454203275,1.9618440211297075,2.732819083573953,0.32235758994390823,0.04755800526982376,0,6763081,0.01,-0.49262308020000006,0.6337939832999999,0,-0.21594999999999984,-0.005366666666666076,0,0,234,-1
1094,-576454203265,2.0247990537117215,2.8002778158455857,0.3788357697448619,0.10556299345994585,0,6763091,0.01,-0.3831140502,0.5374499733,0,0.03780000000000014,0.00338333333333396,0,1,235,2
1095,-576454203255,2.0286097359918354,2.8013063611451754,0.3833006862778619,0.10014606645794585,0,6763101,0.01,-0.5416927002000002,0.44649165329999996,0,0.29155000000000014,0.230883333333334,0,0,235,-1
1098,-576454203225,2.039748760172466,2.8040105830120465,0.3841538813035619,0.08886222010214585,0,6763130,0.009,-0.17965465020000004,-0.013087226700000065,0,0.11655000000000015,0.012133333333333995,0,0,235,-1
1099,-576454203215,2.0435956885651665,2.804898091572058,0.38523179723656187,0.08863949190014585,0,6763140,0.01,-0.02227282020000004,0.10779159329999993,0,0.04655000000000015,0.06463333333333399,0,0,235,-1
1100,-576454203204,2.047460277832197,2.8057851082390495,0.38768605616956187,0.08876384149814585,0,6763150,0.01,0.012434959799999975,0.24542589329999995,0,0.011550000000000143,-0.18911666666666616,0,0,235,-1
1101,-576454203196,2.0471262092054654,2.810077328248891,0.3858841010257754,0.09089768627039067,0,6763160,0.01,-0.10664863020000002,0.18438807329999995,0,0.13405000000000014,-0.022866666666666147,0,1,236,1
1102,-576454203186,2.050989841385388,2.810972475258085,0.3868423349587754,0.08813171556839067,0,6763170,0.01,-0.2765970702000001,0.09582339329999995,0,0.29155000000000014,-0.12786666666666613,0,0,236,-1
1103,-576454203177,2.0548508184201406,2.811832033627759,0.3853530719917754,0.08377995836639067,0,6763180,0.01,-0.43517572020000006,-0.14892629670000004,0,0.15155000000000016,0.029633333333333844,0,0,236,-1
1104,-576454203165,2.058692713955223,2.812649420847913,0.3830260350247754,0.07969748566439067,0,6763190,0.01,-0.4082472702,-0.23270369670000005,0,0.07280000000000016,-0.022866666666666147,0,0,236,-1
1105,-576454203157,2.062510291903136,2.813427329763547,0.3804895545577754,0.07588429746239067,0,6763200,0.01,-0.3813188202,-0.2536480467,0,0.25655000000000017,0.029633333333333844,0,0,236,-1
1106,-576454203147,2.066303971150879,2.814172881453661,0.3782462949907754,0.07322604056039067,0,6763210,0.01,-0.2658256902000001,-0.22432595670000005,0,0.12530000000000016,0.13463333333333383,0,0,236,-1
1107,-576454203137,2.0700743201879517,2.8148943040557546,0.3758235124237754,0.07105847985839067,0,6763220,0.01,-0.21675607020000007,-0.24227825670000003,0,0.06405000000000015,0.02088333333333381,0,0,236,-1
1108,-576454203126,2.0976979450364683,2.841349673081914,0.39333757899104727,0.09304498877545456,0,6763230,0.01,-0.20957515020000003,-0.3057097167000001,0,-0.014699999999999852,0.00338333333333396,0,1,237,2
1109,-576454203116,2.1019970034048447,2.8423524876209516,0.38830939707734724,0.08928492741325456,0,6763241,0.011,-0.34182376020000005,-0.45710744670000003,0,-0.049699999999999855,0.21338333333333392,0,0,237,-1
1110,-576454203106,2.105852005915783,2.8432217529585744,0.38269110511034726,0.08456814011125456,0,6763251,0.01,-0.4716787302,-0.5618291967,0,-0.014699999999999852,0.2571333333333339,0,0,237,-1
1111,-576454203096,2.1096390368300515,2.8440448976406767,0.3747150777433473,0.08006079630925456,0,6763261,0.01,-0.45073438020000006,-0.7976027367000001,0,0.07280000000000016,-0.0666166666666661,0,0,237,-1
1112,-576454203087,2.1129740316706456,2.844751867536827,0.3663948868330473,0.07704362505745456,0,6763270,0.009,-0.33524125020000006,-0.9244656567000001,0,-0.11094999999999985,0.18713333333333382,0,0,237,-1
1113,-576454203077,2.116588735285641,2.845509431389891,0.3565458361660473,0.07446914555545456,0,6763280,0.01,-0.25744795020000005,-0.9849050667000001,0,-0.049699999999999855,0.21338333333333392,0,0,237,-1
1114,-576454203063,2.1201027941179666,2.846244212577436,0.3462659302990473,0.07248709195345455,0,6763290,0.01,-0.1982053602000001,-1.0279905867,0,-0.02344999999999986,0.19588333333333385,0,0,237,-1
1115,-576454203056,2.112235699240117,2.8563483613783576,0.3271634500149637,0.07796895877056213,0,6763300,0.01,-0.3424221702000001,-0.9316465767000002,0,0.23030000000000014,0.0733833333333338,0,1,238,1
1116,-576454203046,2.1154689795489316,2.8571085960585534,0.31949261174796373,0.07407797726856213,0,6763310,0.01,-0.3890981502,-0.7670838267000001,0,0.055300000000000155,0.21338333333333392,0,0,238,-1
1117,-576454203037,2.1186242050525763,2.8578296217187287,0.3115524889809637,0.07012715476656213,0,6763320,0.01,-0.3950822502,-0.7940122767000001,0,0.10780000000000015,0.047133333333333916,0,0,238,-1
1118,-576454203027,2.121689856358551,2.8585107801078844,0.3015777722139637,0.06610452306456213,0,6763330,0.01,-0.4022631702,-0.9974716767000001,0,0.04655000000000015,0.09088333333333387,0,0,238,-1
1119,-576454203017,2.1246391546193557,2.85915102400852,0.2882818799469637,0.06194425706256213,0,6763340,0.01,-0.41602660020000004,-1.3295892267000002,0,0.08155000000000015,0.24838333333333384,0,0,238,-1
1120,-576454203006,2.1274307197834905,2.8597514903996353,0.2700311528799637,0.05814902116056213,0,6763350,0.01,-0.37952359020000004,-1.8250727067,0,0.09030000000000014,0.230883333333334,0,0,238,-1
1121,-576454202996,2.130025834723955,2.860317744494231,0.2489918352129637,0.05510179775856213,0,6763360,0.01,-0.3047223402,-2.1039317667,0,0.15155000000000016,0.30088333333333384,0,0,238,-1
1122,-576454202986,2.136465957215586,2.8651251299885527,0.22857452716378274,0.05594879373837679,0,6763370,0.01,-0.3184857702,-2.3935622067000004,0,0.23905000000000015,0.24838333333333384,0,1,239,2
1123,-576454202977,2.138615179135389,2.8656637567549264,0.20126985679678272,0.05177655953637678,0,6763380,0.01,-0.4172234202000001,-2.7304670367000003,0,0.06405000000000015,0.178383333333334,0,0,239,-1
1124,-576454202960,2.140481480586522,2.8661636532292802,0.1719904334297827,0.04820273533437678,0,6763390,0.01,-0.35738242020000005,-2.9279423367,0,0.09030000000000014,0.05588333333333395,0,0,239,-1
1125,-576454202956,2.1420504997289846,2.866631790888114,0.1418133950627827,0.04542479643237678,0,6763400,0.01,-0.27779389020000006,-3.0177038367,0,0.14280000000000015,0.30963333333333387,0,0,239,-1
1126,-576454202946,2.1433241813952773,2.867074482956928,0.11292293819578271,0.043113617330376774,0,6763410,0.01,-0.2311179102,-2.8890456867,0,0.14280000000000015,0.283383333333334,0,0,239,-1
1127,-576454202936,2.1443202385214004,2.8674876303272216,0.08628848702878271,0.03951585672837678,0,6763420,0.01,-0.3597760602,-2.6634451166999997,0,0.09030000000000014,0.13463333333333383,0,0,239,-1
1128,-576454202926,2.1398553137804877,2.872199662282569,0.05807779347054213,0.037552202568159145,0,6763430,0.01,-0.6117066702,-2.3678305767000003,0,0.09030000000000014,0.029633333333333844,0,1,240,1
1129,-576454202916,2.140350522974858,2.872518209093741,0.04096404540354212,0.02615715966615914,0,6763440,0.01,-1.1395042902,-1.7113748067000003,0,-0.03219999999999984,-0.24161666666666615,0,0,240,-1
1130,-576454202906,2.140763428653058,2.8727797142668927,0.04161709023654212,0.02614387496415914,0,6763450,0.01,-0.0013284702000000408,0.06530448329999995,0,-0.3384499999999998,-0.1453666666666661,0,0,240,-1
1131,-576454202897,2.1411796333655886,2.8730417448440244,0.04162385226954212,0.02626224046215914,0,6763460,0.01,0.01183654979999997,6.762032999999493e-4,0,0.04655000000000015,-0.24161666666666615,0,0,240,-1
1132,-576454202887,2.141598538702449,2.873305138599136,0.04215721510254212,0.02641651056015914,0,6763470,0.01,0.015427009799999964,0.05333628329999995,0,0.21280000000000016,-0.18911666666666616,0,0,240,-1
1133,-576454202876,2.1420211021196396,2.8735685491097276,0.042355468335542115,0.02626559155815914,0,6763480,0.01,-0.015091900200000022,0.01982532329999994,0,0.02030000000000015,-0.29411666666666614,0,0,240,-1
1134,-576454202867,2.14244537878466,2.8738307795557994,0.042499864668542116,0.026180497656159138,0,6763490,0.01,-0.008509390200000024,0.014439633299999938,0,-0.03219999999999984,-0.1191166666666661,0,0,240,-1
1135,-576454202854,2.1456304418443684,2.8769490841882566,0.045213233488151726,0.02880412136190306,0,6763500,0.01,-0.009107800200000028,0.032391933299999946,0,-0.049699999999999855,-0.13661666666666616,0,1,241,2
1136,-576454202846,2.146083954411915,2.8772369991373656,0.045489280021151726,0.028778868459903063,0,6763510,0.01,-0.0025252902000000295,0.02760465329999994,0,-0.02344999999999986,-0.20661666666666612,0,0,241,-1
1137,-576454202837,2.1465375645202913,2.8775247812394547,0.045232741654151726,0.02877755195790306,0,6763520,0.01,-1.31650200000035e-4,-0.025653836700000057,0,-0.16344999999999985,0.13463333333333383,0,0,241,-1
1138,-576454202826,2.146989237575498,2.8778129989840235,0.0,0.0,1,6763530,0.01,0.008844499799999975,-0.013087226700000065,0,-0.04094999999999985,0.00338333333333396,0,0,241,-1
1139,-576454202817,2.146989241465163,2.8778140096985134,0.0,0.0,1,6763540,0.01,0.02021428979999997,7.779329999994643e-5,0,0.09030000000000014,-0.15411666666666612,0,0,241,-1
1140,-576454202806,2.146989843764828,2.8778143920825032,0.0,0.0,1,6763550,0.01,0.007647679799999968,0.012045993299999936,0,0.03780000000000014,-0.17161666666666608,0,0,241,-1
1141,-576454202796,2.146990685428493,2.877814684704993,0.0,0.0,1,6763560,0.01,0.005852449799999977,0.01683327329999994,0,-0.049699999999999855,0.19588333333333385,0,0,241,-1
1142,-576454202786,2.1437999682203928,2.880433726630309,0.0,0.0,1,6763570,0.01,-0.0031237002000000322,-0.004709486700000059,0,-0.07594999999999988,0.08213333333333384,0,1,242,1
1143,-576454202777,2.1437993437795577,2.880433959411799,0.0,0.0,1,6763580,0.01,0.004655629799999971,-0.012488816700000063,0,0.02905000000000016,0.05588333333333395,0,0,242,-1
1144,-576454202766,2.1437978815647227,2.880433294578289,0.0,0.0,1,6763590,0.01,-0.01329667020000003,-0.029244296700000057,0,-0.13719999999999985,0.1521333333333339,0,0,242,-1
1145,-576454202755,2.143797316964888,2.880433228154779,0.0,0.0,1,6763600,0.01,-0.0013284702000000408,-0.011291996700000057,0,0.06405000000000015,-0.03161666666666607,0,0,242,-1
1146,-576454202747,2.1437968111678116,2.880432956231291,0.0,0.0,1,6763609,0.009,-0.006714160200000032,-0.012488816700000063,0,0.16030000000000016,0.047133333333333916,0,0,242,-1
1147,-576454202737,2.1437973237059764,2.880432770125781,0.0,0.0,1,6763619,0.01,-0.0037221102000000355,0.010250763299999936,0,0.09030000000000014,0.029633333333333844,0,0,242,-1
1148,-576454202726,2.1437986141771415,2.8804336013172707,0.0,0.0,1,6763629,0.01,0.016623829799999962,0.025809423299999943,0,0.055300000000000155,-0.05786666666666607,0,0,242,-1
1149,-576454202717,2.1394479435404863,2.875918946220135,0.0,0.0,1,6763639,0.01,0.006450859799999979,0.03179352329999994,0,0.09030000000000014,0.1258833333333338,0,1,243,2
1150,-576454202707,2.139449084409151,2.875918909717125,0.0,0.0,1,6763649,0.01,-7.300602000000378e-4,0.022817373299999943,0,0.03780000000000014,-0.24161666666666615,0,0,243,-1
1151,-576454202697,2.139449567026816,2.875919471624115,0.0,0.0,1,6763659,0.01,0.011238139799999968,0.009652353299999942,0,0.13405000000000014,-0.08411666666666606,0,0,243,-1
1152,-576454202687,2.139448792983481,2.875919405200605,0.0,0.0,1,6763669,0.01,-0.0013284702000000408,-0.01548086670000006,0,-0.06719999999999984,-0.0666166666666661,0,0,243,-1
1153,-576454202678,2.1394479291786457,2.875919219095095,0.0,0.0,1,6763679,0.01,-0.0037221102000000355,-0.017276096700000052,0,0.04655000000000015,0.11713333333333398,0,0,243,-1
1154,-576454202668,2.1394473944993107,2.875919003069085,0.0,0.0,1,6763689,0.01,-0.004320520200000038,-0.010693586700000054,0,-0.13719999999999985,0.19588333333333385,0,0,243,-1
1155,-576454202657,2.1394466503764757,2.875919475214575,0.0,0.0,1,6763699,0.01,0.009442909799999977,-0.014882456700000057,0,-0.18094999999999986,-0.04036666666666611,0,0,243,-1
1156,-576454202647,2.1371930737895704,2.8777182274736224,0.0,0.0,1,6763709,0.01,0.0034588097999999822,0.009053943299999938,0,-0.15469999999999987,-0.0928666666666661,0,1,244,1
1157,-576454202637,2.1371932572022354,2.8777189988241125,0.0,0.0,1,6763719,0.01,0.015427009799999964,0.0036682532999999466,0,-0.10219999999999987,-0.022866666666666147,0,0,244,-1
1158,-576454202627,2.1371930516484006,2.8777190520826026,0.0,0.0,1,6763729,0.01,0.0010651697999999538,-0.0041110767000000735,0,-0.11094999999999985,-0.0928666666666661,0,0,244,-1
1159,-576454202617,2.1371926964920656,2.8777192549435924,0.0,0.0,1,6763739,0.01,0.004057219799999968,-0.007103126700000071,0,-0.06719999999999984,-0.05786666666666607,0,0,244,-1
1160,-576454202607,2.1371917429257308,2.877718709792082,0.0,0.0,1,6763749,0.01,-0.010903030200000035,-0.01907132670000006,0,0.02905000000000016,-0.03161666666666607,0,0,244,-1
1161,-576454202597,2.137191447610396,2.877718164640572,-5.906306700000065e-5,-1.0903030200000036e-4,0,6763759,0.01,-0.010903030200000035,-0.005906306700000065,0,0.02905000000000016,-0.2591166666666661,0,0,244,-1
1162,-576454202587,2.140112076573498,2.880683938911452,-1.1069700481584981e-4,-1.2030923506613861e-4,0,6763769,0.01,-0.0013284702000000408,-0.005307896700000063,0,0.15155000000000016,0.08213333333333384,0,1,245,2
1163,-576454202578,2.140111811267115,2.8806829985210913,5.76357281841496e-5,-6.776883706613888e-5,0,6763779,0.01,0.005254039799999974,0.01683327329999994,0,-0.18969999999999984,0.09088333333333387,0,0,245,-1
1164,-576454202568,2.140113917459562,2.8806826433757107,3.63602761184149e-4,-3.2602390661390834e-6,0,6763789,0.01,0.006450859799999979,0.03059670329999994,0,-0.005949999999999844,0.0733833333333338,0,0,245,-1
1165,-576454202557,2.140118664435339,2.88068239474731,5.857923941841484e-4,-4.646544106613946e-5,0,6763799,0.01,-0.004320520200000038,0.022218963299999943,0,-0.09344999999999984,-0.08411666666666606,0,0,245,-1
1166,-576454202547,2.140124975056446,2.88068204319239,0.0,0.0,1,6763809,0.01,0.0022619897999999593,0.009053943299999938,0,-0.06719999999999984,-0.1453666666666661,0,0,245,-1
1167,-576454202537,2.1401249797629407,2.8806821438389676,0.0,0.0,1,6763820,0.011,0.0016635797999999566,7.779329999994643e-5,0,0.02905000000000016,-0.15411666666666612,0,0,245,-1
1168,-576454202527,2.1401241757991056,2.8806819577334575,0.0,0.0,1,6763830,0.01,-0.0037221102000000355,-0.016079276700000065,0,-0.005949999999999844,0.09088333333333387,0,0,245,-1
1169,-576454202516,2.135010743556317,2.8847035325203207,0.0,0.0,1,6763840,0.01,0.010041319799999962,-0.011291996700000057,0,0.0028000000000001357,-0.0928666666666661,0,1,246,1
1170,-576454202506,2.135010208876982,2.8847033464148106,0.0,0.0,1,6763850,0.01,-0.0037221102000000355,-0.010693586700000054,0,-0.049699999999999855,-0.04911666666666614,0,0,246,-1
1171,-576454202496,2.135010482051147,2.8847034894348007,0.0,0.0,1,6763860,0.01,0.0028603997999999626,0.005463483299999938,0,-0.21594999999999984,-0.005366666666666076,0,0,246,-1
1172,-576454202487,2.135010755225312,2.884703722216291,0.0,0.0,1,6763870,0.01,0.004655629799999971,0.005463483299999938,0,0.02905000000000016,-0.1191166666666661,0,0,246,-1
1173,-576454202476,2.1350106513203917,2.8847038228628685,0.0,0.0,1,6763881,0.011,0.0016635797999999566,-0.0017174367000000453,0,0.011550000000000143,0.029633333333333844,0,0,246,-1
1174,-576454202466,2.1350106544710203,2.8847037205886155,0.0,0.0,1,6763890,0.009,-0.0025252902000000295,7.779329999994643e-5,0,-0.12844999999999987,-0.05786666666666607,0,0,246,-1
1175,-576454202456,2.135010598519685,2.8847040132111053,0.0,0.0,1,6763900,0.01,0.005852449799999977,-0.0011190267000000594,0,-0.02344999999999986,0.03838333333333388,0,0,246,-1
1176,-576454202446,2.1359312704509246,2.8856256787821386,0.0,0.0,1,6763910,0.01,-0.00970621020000003,0.00426666329999995,0,0.09905000000000015,-0.022866666666666147,0,1,247,2
1177,-576454202436,2.1359315735455895,2.8856252233921285,0.0,0.0,1,6763920,0.01,-0.009107800200000028,0.006061893299999941,0,-0.13719999999999985,-0.022866666666666147,0,0,247,-1
1178,-576454202426,2.1359318167992547,2.8856253664121185,0.0,0.0,1,6763930,0.01,0.0028603997999999626,0.004865073299999936,0,-0.07594999999999988,-0.13661666666666616,0,0,247,-1
1179,-576454202411,2.1359325986219195,2.8856252102271087,0.0,0.0,1,6763940,0.01,-0.0031237002000000322,0.015636453299999943,0,-0.005949999999999844,-0.005366666666666076,0,0,247,-1
1180,-576454202407,2.1359333206035847,2.885625532770099,0.0,0.0,1,6763950,0.01,0.006450859799999979,0.014439633299999938,0,0.055300000000000155,0.012133333333333995,0,0,247,-1
1181,-576454202396,2.1359334441752496,2.885625645869589,0.0,0.0,1,6763960,0.01,0.0022619897999999593,0.002471433299999941,0,-0.09344999999999984,-0.1453666666666661,0,0,247,-1
1182,-576454202386,2.1359333283829147,2.885625429843579,0.0,0.0,1,6763970,0.01,-0.004320520200000038,-0.002315846700000065,0,-0.12844999999999987,0.03838333333333388,0,0,247,-1
1183,-576454202376,2.1316325725969802,2.888966196876404,0.0,0.0,1,6763980,0.01,0.005852449799999977,0.0036682532999999466,0,-0.16344999999999985,0.21338333333333392,0,1,248,1
1184,-576454202367,2.1316319182356454,2.888966010770894,0.0,0.0,1,6763990,0.01,-0.0037221102000000355,-0.013087226700000065,0,0.0028000000000001357,0.11713333333333398,0,0,248,-1
1185,-576454202356,2.13163141347681,2.888965764824384,0.0,0.0,1,6764000,0.01,-0.004918930200000041,-0.01009517670000007,0,0.23030000000000014,-0.17161666666666608,0,0,248,-1
1186,-576454202344,2.131631537048475,2.888966207049374,0.0,0.0,1,6764010,0.01,0.008844499799999975,0.002471433299999941,0,-0.10219999999999987,0.1258833333333338,0,0,248,-1
1187,-576454202336,2.1316316905406403,2.888966469751364,0.0,0.0,1,6764020,0.01,0.005254039799999974,0.0030698432999999438,0,0.011550000000000143,-0.10161666666666613,0,0,248,-1
1188,-576454202325,2.1316317676547447,2.8889662445636968,0.0,0.0,1,6764031,0.011,-0.0037221102000000355,0.0012746132999999521,0,0.0028000000000001357,-0.022866666666666147,0,0,248,-1
1189,-576454202315,2.1312302908410614,2.888567781946883,0.0,0.0,1,6764041,0.01,-0.008509390200000024,-0.0035126667000000707,0,-0.049699999999999855,-0.10161666666666613,0,1,249,2
1190,-576454202305,2.1312301451282263,2.888567805284873,0.0,0.0,1,6764051,0.01,4.667597999999679e-4,-0.002914256700000068,0,0.06405000000000015,0.047133333333333916,0,0,249,-1
1191,-576454202295,2.1312300592563913,2.888567140451363,0.0,0.0,1,6764061,0.01,-0.01329667020000003,-0.0017174367000000453,0,0.18655000000000016,-0.12786666666666613,0,0,249,-1
1192,-576454202285,2.1312303025100565,2.888567403153353,0.0,0.0,1,6764071,0.01,0.005254039799999974,0.004865073299999936,0,0.02905000000000016,0.09088333333333387,0,0,249,-1
1193,-576454202275,2.1312306056047214,2.8885673367298432,0.0,0.0,1,6764081,0.01,-0.0013284702000000408,0.006061893299999941,0,0.0028000000000001357,0.13463333333333383,0,0,249,-1
1194,-576454202266,2.1312309984608864,2.8885671805448334,0.0,0.0,1,6764091,0.01,-0.0031237002000000322,0.007857123299999942,0,0.06405000000000015,-0.15411666666666612,0,0,249,-1
1195,-576454202254,2.1312310621915516,2.8885675030878235,0.0,0.0,1,6764101,0.01,0.006450859799999979,0.0012746132999999521,0,-0.005949999999999844,-0.03161666666666607,0,0,249,-1
1196,-576454202241,2.127472124484388,2.8914565881521463,0.0,0.0,1,6764112,0.011,0.004655629799999971,0.004865073299999936,0,-0.08469999999999986,-0.0666166666666661,0,1,250,1
1197,-576454202234,2.1274719189305533,2.8914567311721364,0.0,0.0,1,6764122,0.01,0.0028603997999999626,-0.0041110767000000735,0,0.02905000000000016,-0.0928666666666661,0,0,250,-1
1198,-576454202224,2.1274713842512183,2.8914566348281263,0.0,0.0,1,6764132,0.01,-0.0019268802000000436,-0.010693586700000054,0,-0.04094999999999985,-0.0928666666666661,0,0,250,-1
1199,-576454202214,2.1274711786973834,2.891457017212116,0.0,0.0,1,6764142,0.01,0.007647679799999968,-0.0041110767000000735,0,-0.005949999999999844,-0.0666166666666661,0,0,250,-1
1200,-576454202205,2.1274712424280486,2.891457579119106,0.0,0.0,1,6764152,0.01,0.011238139799999968,0.0012746132999999521,0,-0.08469999999999986,-0.11036666666666606,0,0,250,-1
1201,-576454202194,2.127471485681714,2.891457333172596,0.0,0.0,1,6764162,0.01,-0.004918930200000041,0.004865073299999936,0,-0.18094999999999986,0.08213333333333384,0,0,250,-1
1202,-576454202184,2.1225514690103524,2.886613394866624,0.0,0.0,1,6764172,0.01,0.005254039799999974,0.006061893299999941,0,0.02030000000000015,0.1258833333333338,0,1,251,2
1203,-576454202174,2.1225517721050173,2.886613388284114,0.0,0.0,1,6764182,0.01,-1.31650200000035e-4,0.006061893299999941,0,-0.05844999999999986,0.09088333333333387,0,0,251,-1
1204,-576454202165,2.1225521051201826,2.8866134714631038,0.0,0.0,1,6764192,0.01,0.0016635797999999566,0.006660303299999944,0,-0.13719999999999985,0.13463333333333383,0,0,251,-1
1205,-576454202156,2.1225521389303474,2.8866134648805937,0.0,0.0,1,6764202,0.01,-1.31650200000035e-4,6.762032999999493e-4,0,0.011550000000000143,0.00338333333333396,0,0,251,-1
1206,-576454202144,2.1225518436150126,2.886613308695584,0.0,0.0,1,6764212,0.01,-0.0031237002000000322,-0.005906306700000065,0,-0.10219999999999987,0.029633333333333844,0,0,251,-1
1208,-576454202112,2.1225512529843424,2.8866130262460636,0.0,0.0,1,6764232,0.01,0.005254039799999974,-0.006504716700000068,0,-0.02344999999999986,-0.11036666666666606,0,0,251,-1
1209,-576454202111,2.1225512269535076,2.8866131991865536,0.0,0.0,1,6764242,0.01,0.0034588097999999822,-5.206167000000564e-4,0,-0.14594999999999983,-0.10161666666666613,0,0,251,-1
1210,-576454202104,2.1225510513201726,2.8866129831605436,0.0,0.0,1,6764252,0.01,-0.004320520200000038,-0.0035126667000000707,0,-0.09344999999999984,-0.08411666666666606,0,0,251,-1
1211,-576454202094,2.119875679507722,2.888644698444302,0.0,0.0,1,6764262,0.01,-0.004918930200000041,0.011447583299999934,0,-0.06719999999999984,-0.10161666666666613,0,1,252,1
1212,-576454202085,2.119875414112887,2.888644781623292,0.0,0.0,1,6764272,0.01,0.0016635797999999566,-0.005307896700000063,0,-0.049699999999999855,0.0733833333333338,0,0,252,-1
1213,-576454202074,2.119875777048552,2.8886444459152822,0.0,0.0,1,6764282,0.01,-0.006714160200000032,0.007258713299999947,0,0.09905000000000015,0.21338333333333392,0,0,252,-1
1214,-576454202039,2.1198755714947173,2.8886447684582723,0.0,0.0,1,6764292,0.01,0.006450859799999979,-0.0041110767000000735,0,-0.11969999999999983,-0.0666166666666661,0,0,252,-1
1215,-576454202038,2.119875994271382,2.8886447917962625,0.0,0.0,1,6764302,0.01,4.667597999999679e-4,0.008455533299999936,0,-0.10219999999999987,0.00338333333333396,0,0,252,-1
1216,-576454202038,2.119876207604547,2.8886447552932526,0.0,0.0,1,6764312,0.01,-7.300602000000378e-4,0.00426666329999995,0,-0.05844999999999986,0.02088333333333381,0,0,252,-1
1217,-576454201936,2.119876779983712,2.8886451376772424,0.0,0.0,1,6764322,0.01,0.007647679799999968,0.011447583299999934,0,-0.11969999999999983,-0.07536666666666614,0,0,252,-1
1218,-576454201935,2.1191581867588685,2.8879405750100187,0.0,0.0,1,6764333,0.011,0.0028603997999999626,0.01623486329999994,0,-0.06719999999999984,0.00338333333333396,0,1,253,2
1219,-576454201935,2.1191583402510337,2.8879410471555085,0.0,0.0,1,6764343,0.01,0.009442909799999977,0.0030698432999999438,0,-0.12844999999999987,0.178383333333334,0,0,253,-1
1220,-576454201935,2.119158224458699,2.8879408610499984,0.0,0.0,1,6764353,0.01,-0.0037221102000000355,-0.002315846700000065,0,-0.06719999999999984,-0.18911666666666616,0,0,253,-1
1221,-576454201934,2.1191581685073637,2.8879409442289883,0.0,0.0,1,6764363,0.01,0.0016635797999999566,-0.0011190267000000594,0,-0.07594999999999988,-0.005366666666666076,0,0,253,-1
1222,-576454201934,2.119158232238029,2.8879404289979784,0.0,0.0,1,6764373,0.01,-0.010304620200000033,0.0012746132999999521,0,-0.07594999999999988,-0.04911666666666614,0,0,253,-1
1223,-576454201934,2.119158056604694,2.8879409609844684,0.0,0.0,1,6764383,0.01,0.010639729799999966,-0.0035126667000000707,0,0.15155000000000016,-0.04036666666666611,0,0,253,-1
1224,-576454201934,2.119158419540359,2.8879414032094584,0.0,0.0,1,6764393,0.01,0.008844499799999975,0.007258713299999947,0,0.09030000000000014,0.08213333333333384,0,0,253,-1
1225,-576454201933,2.119158752555524,2.887942054877948,0.0,0.0,1,6764403,0.01,0.013033369799999969,0.006660303299999944,0,-0.20719999999999986,-0.022866666666666147,0,0,253,-1
1226,-576454201933,2.1191589060476894,2.8879423774209383,0.0,0.0,1,6764413,0.01,0.006450859799999979,0.0030698432999999438,0,-0.03219999999999984,-0.2328666666666661,0,0,253,-1
1227,-576454201933,2.1191589398578543,2.8879425204409284,0.0,0.0,1,6764423,0.01,0.0028603997999999626,6.762032999999493e-4,0,0.055300000000000155,-0.1191166666666661,0,0,253,-1
1228,-576454201784,2.1173007187912427,2.8893443816460627,0.0,0.0,1,6764432,0.009,0.013033369799999969,0.002471433299999941,0,-0.02344999999999986,-0.04911666666666614,0,1,254,1
1229,-576454201783,2.1173007226809077,2.889344315222553,0.0,0.0,1,6764442,0.01,-0.0013284702000000408,7.779329999994643e-5,0,-0.18094999999999986,-0.022866666666666147,0,0,254,-1
1230,-576454201782,2.1173007564910726,2.889344488163043,0.0,0.0,1,6764452,0.01,0.0034588097999999822,6.762032999999493e-4,0,-0.049699999999999855,-0.15411666666666612,0,0,254,-1
1231,-576454201782,2.1173009698242375,2.889344541421533,0.0,0.0,1,6764462,0.01,0.0010651697999999538,0.00426666329999995,0,-0.10219999999999987,-0.08411666666666606,0,0,254,-1
1232,-576454201782,2.1173010634754026,2.889344564759523,0.0,0.0,1,6764472,0.01,4.667597999999679e-4,0.001873023299999938,0,0.13405000000000014,-0.0928666666666661,0,0,254,-1
1238,-576454201782,2.117301176574893,2.8893456622434632,0.0,0.0,1,6764532,0.01,0.014828599799999969,-0.005906306700000065,0,0.04655000000000015,0.047133333333333916,0,0,254,-1
1239,-576454201782,2.1173009411005577,2.889345745422453,0.0,0.0,1,6764542,0.01,0.0016635797999999566,-0.004709486700000059,0,0.10780000000000015,-0.08411666666666606,0,0,254,-1
1240,-576454201781,2.1173014237182226,2.8893457687604434,0.0,0.0,1,6764552,0.01,4.667597999999679e-4,0.009652353299999942,0,0.09030000000000014,-0.03161666666666607,0,0,254,-1
1241,-576454201780,2.1173019960973876,2.8893457023369336,0.0,0.0,1,6764562,0.01,-0.0013284702000000408,0.011447583299999934,0,0.04655000000000015,-0.08411666666666606,0,0,254,-1
1242,-576454201779,2.117302329112553,2.8893457855159235,0.0,0.0,1,6764572,0.01,0.0016635797999999566,0.006660303299999944,0,0.13405000000000014,0.08213333333333384,0,0,254,-1
1243,-576454201775,2.1175169145961728,2.8895541863513605,0.0,0.0,1,6764582,0.01,-0.005517340200000027,0.008455533299999936,0,-0.049699999999999855,0.00338333333333396,0,1,255,2
1244,-576454201764,2.11982017110705,2.891765692199454,0.0,0.0,1,6764593,0.011,0.0016635797999999566,0.009053943299999938,0,-0.02344999999999986,0.0996333333333339,0,1,257,2
1245,-576454201731,2.119820115155715,2.891765924980944,0.0,0.0,1,6764603,0.01,0.004655629799999971,-0.0011190267000000594,0,0.03780000000000014,0.08213333333333384,0,0,257,-1
1246,-576454201731,2.11982008912488,2.891765529431934,0.0,0.0,1,6764613,0.01,-0.007910980200000039,-5.206167000000564e-4,0,-0.16344999999999985,-0.13661666666666616,0,0,257,-1
1247,-576454201730,2.119819674127545,2.8917652834854244,0.0,0.0,1,6764623,0.01,-0.004918930200000041,-0.00829994670000006,0,-0.02344999999999986,-0.08411666666666606,0,0,257,-1
1248,-576454201629,2.11981970793771,2.8917653666644143,0.0,0.0,1,6764633,0.01,0.0016635797999999566,6.762032999999493e-4,0,0.08155000000000015,-0.21536666666666615,0,0,257,-1
1249,-576454201629,2.119819143337875,2.8917654199229044,0.0,0.0,1,6764643,0.01,0.0010651697999999538,-0.011291996700000057,0,-0.05844999999999986,0.029633333333333844,0,0,257,-1
1250,-576454201628,2.11981863857904,2.8917651739763945,0.0,0.0,1,6764653,0.01,-0.004918930200000041,-0.01009517670000007,0,-0.03219999999999984,-0.16286666666666616,0,0,257,-1
1251,-576454201628,2.1198183133432047,2.8917646886658845,0.0,0.0,1,6764663,0.01,-0.00970621020000003,-0.006504716700000068,0,-0.05844999999999986,-0.005366666666666076,0,0,257,-1
1252,-576454201628,2.1198178684253697,2.8917644127988744,0.0,0.0,1,6764673,0.01,-0.005517340200000027,-0.008898356700000063,0,-0.02344999999999986,0.1258833333333338,0,0,257,-1
1253,-576454201628,2.1198176030305347,2.8917643762958645,0.0,0.0,1,6764683,0.01,-7.300602000000378e-4,-0.005307896700000063,0,0.03780000000000014,-0.0666166666666661,0,0,257,-1
1254,-576454201627,2.1198178762046997,2.8917647586798543,0.0,0.0,1,6764693,0.01,0.007647679799999968,0.005463483299999938,0,0.06405000000000015,0.012133333333333995,0,0,257,-1
1255,-576454201627,2.1198192986162936,2.8917655060400875,0.0,0.0,1,6764706,0.013,0.008844499799999975,0.01683327329999994,0,-0.014699999999999852,0.047133333333333916,0,0,257,-1
1256,-576454201627,2.1198194221879585,2.8917653498550777,0.0,0.0,1,6764716,0.01,-0.0031237002000000322,0.002471433299999941,0,0.02905000000000016,0.05588333333333395,0,0,257,-1
1257,-576454201627,2.1198199347261233,2.8917648645445677,0.0,0.0,1,6764726,0.01,-0.00970621020000003,0.010250763299999936,0,-0.11094999999999985,-0.07536666666666614,0,0,257,-1
1258,-576454201619,2.11930288396532,2.8912742229059702,0.0,0.0,1,6764737,0.011,-0.005517340200000027,0.007857123299999942,0,-0.18969999999999984,0.09088333333333387,0,1,259,2
1259,-576454201610,2.1193029598227633,2.891274338752162,0.0,0.0,1,6764746,0.009,0.0028603997999999626,0.001873023299999938,0,-0.04094999999999985,-0.12786666666666613,0,0,259,-1
1260,-576454201601,2.1193033227584284,2.891274392010652,0.0,0.0,1,6764756,0.01,0.0010651697999999538,0.007258713299999947,0,-0.03219999999999984,0.09088333333333387,0,0,259,-1
1261,-576454201591,2.1193029676020934,2.8912741460641422,0.0,0.0,1,6764766,0.01,-0.004918930200000041,-0.007103126700000071,0,-0.07594999999999988,-0.11036666666666606,0,0,259,-1
1262,-576454201577,2.1195726137362465,2.891076555400959,0.0,0.0,1,6764776,0.01,0.005254039799999974,-0.009496766700000065,0,0.04655000000000015,0.11713333333333398,0,1,260,1
1263,-576454201570,2.1195721089774113,2.891076159851949,0.0,0.0,1,6764786,0.01,-0.007910980200000039,-0.01009517670000007,0,-0.02344999999999986,0.02088333333333381,0,0,260,-1
1264,-576454201560,2.119572053026076,2.891076213110439,-1.1190267000000595e-5,1.0651697999999539e-5,0,6764796,0.01,0.0010651697999999538,-0.0011190267000000594,0,-0.2771999999999999,0.13463333333333383,0,0,260,-1
1265,-576454201549,2.1195717654900714,2.8910759839194093,-4.63169340000013e-5,-5.648990400000079e-5,0,6764806,0.01,-0.006714160200000032,-0.0035126667000000707,0,0.16905000000000014,-0.1453666666666661,0,0,260,-1
1266,-576454201541,2.119571425892396,2.8910752329148592,-2.160260100000189e-5,-9.371100600000115e-5,0,6764816,0.01,-0.0037221102000000355,0.002471433299999941,0,-0.10219999999999987,-0.19786666666666608,0,0,260,-1
1267,-576454201531,2.1195716625635512,2.891074199460789,6.893683199999751e-5,-1.1297980800000159e-4,0,6764826,0.01,-0.0019268802000000436,0.009053943299999938,0,0.02030000000000015,0.029633333333333844,0,0,260,-1
1268,-576454201520,2.1195727148675365,2.891073093000699,1.4152396499999696e-4,-1.083122100000019e-4,0,6764836,0.01,4.667597999999679e-4,0.007258713299999947,0,-0.10219999999999987,0.029633333333333844,0,0,260,-1
1269,-576454201510,2.120320322320395,2.8917762573016743,0.0,0.0,1,6764846,0.01,-0.0037221102000000355,0.009652353299999942,0,-0.10219999999999987,-0.10161666666666613,0,1,261,2
1270,-576454201500,2.1203207151765597,2.8917766097651643,0.0,0.0,1,6764856,0.01,0.007049269799999965,0.007857123299999942,0,-0.049699999999999855,0.03838333333333388,0,0,261,-1
1271,-576454201490,2.120320988350725,2.891776782705654,0.0,0.0,1,6764866,0.01,0.0034588097999999822,0.005463483299999938,0,0.10780000000000015,-0.10161666666666613,0,0,261,-1
1272,-576454201480,2.1203214709683897,2.891776985566644,0.0,0.0,1,6764876,0.01,0.004057219799999968,0.009652353299999942,0,-0.11094999999999985,0.047133333333333916,0,0,261,-1
1273,-576454201471,2.1203213850965548,2.891776919143134,0.0,0.0,1,6764886,0.01,-0.0013284702000000408,-0.0017174367000000453,0,0.055300000000000155,-0.0666166666666661,0,0,261,-1
1274,-576454201461,2.12032138898622,2.891776703117124,0.0,0.0,1,6764896,0.01,-0.004320520200000038,7.779329999994643e-5,0,-0.12844999999999987,-0.04911666666666614,0,0,261,-1
1275,-576454201450,2.119493638054307,2.8923816890414753,0.0,0.0,1,6764906,0.01,-0.008509390200000024,-0.004709486700000059,0,-0.02344999999999986,-0.022866666666666147,0,1,262,1
1276,-576454201441,2.119493342738972,2.8923813832539653,0.0,0.0,1,6764916,0.01,-0.00611575020000003,-0.005906306700000065,0,0.02030000000000015,0.14338333333333386,0,0,262,-1
1277,-576454201430,2.119493077344137,2.892381675876455,0.0,0.0,1,6764926,0.01,0.005852449799999977,-0.005307896700000063,0,-0.08469999999999986,-0.04911666666666614,0,0,262,-1
1278,-576454201419,2.1194927820288023,2.8923815196914453,0.0,0.0,1,6764936,0.01,-0.0031237002000000322,-0.005906306700000065,0,-0.014699999999999852,0.02088333333333381,0,0,262,-1
1279,-576454201410,2.1194923371109673,2.8923815430294355,0.0,0.0,1,6764946,0.01,4.667597999999679e-4,-0.008898356700000063,0,0.03780000000000014,0.05588333333333395,0,0,262,-1
1280,-576454201400,2.1194924307621323,2.8923821647774255,0.0,0.0,1,6764956,0.01,0.012434959799999975,0.001873023299999938,0,-0.049699999999999855,-0.04911666666666614,0,0,262,-1
1281,-576454201390,2.1194923149697975,2.8923821282744155,0.0,0.0,1,6764966,0.01,-7.300602000000378e-4,-0.002315846700000065,0,-0.07594999999999988,0.0996333333333339,0,0,262,-1
1282,-576454201380,2.11991312934712,2.892778324127272,0.0,0.0,1,6764976,0.01,-0.008509390200000024,0.001873023299999938,0,0.02905000000000016,-0.17161666666666608,0,1,263,2
1283,-576454201370,2.119913312759785,2.892778736431762,0.0,0.0,1,6764986,0.01,0.00824608979999997,0.0036682532999999466,0,0.15155000000000016,-0.022866666666666147,0,0,263,-1
1284,-576454201360,2.11991376545695,2.892778939292752,0.0,0.0,1,6764996,0.01,0.004057219799999968,0.009053943299999938,0,-0.05844999999999986,-0.19786666666666608,0,0,263,-1
1285,-576454201350,2.1199143976771153,2.892778962630742,0.0,0.0,1,6765006,0.01,4.667597999999679e-4,0.012644403299999938,0,0.10780000000000015,-0.11036666666666606,0,0,263,-1
1286,-576454201340,2.1199146110102802,2.892779135571232,0.0,0.0,1,6765016,0.01,0.0034588097999999822,0.00426666329999995,0,-0.18969999999999984,0.0996333333333339,0,0,263,-1
1287,-576454201330,2.1199145251384452,2.892779218750222,0.0,0.0,1,6765026,0.01,0.0016635797999999566,-0.0017174367000000453,0,-0.08469999999999986,-0.05786666666666607,0,0,263,-1
1288,-576454201320,2.1199143495051103,2.892779212167712,0.0,0.0,1,6765036,0.01,-1.31650200000035e-4,-0.0035126667000000707,0,-0.14594999999999983,-0.04911666666666614,0,0,263,-1
1289,-576454201310,2.1214327007928664,2.8916692705256444,0.0,0.0,1,6765046,0.01,-0.009107800200000028,-0.008898356700000063,0,-0.06719999999999984,-0.10161666666666613,0,1,264,1
1290,-576454201300,2.1214318968290313,2.891668276566634,0.0,0.0,1,6765056,0.01,-0.019879180200000044,-0.016079276700000065,0,0.055300000000000155,-0.04911666666666614,0,0,264,-1
1291,-576454201290,2.1214315416726963,2.8916685093481242,0.0,0.0,1,6765066,0.01,0.004655629799999971,-0.007103126700000071,0,-0.04094999999999985,0.06463333333333399,0,0,264,-1
1292,-576454201280,2.1214316054033615,2.8916684728451143,0.0,0.0,1,6765076,0.01,-7.300602000000378e-4,0.0012746132999999521,0,0.055300000000000155,0.012133333333333995,0,0,264,-1
1293,-576454201270,2.1214314896110267,2.8916680473756045,0.0,0.0,1,6765086,0.01,-0.008509390200000024,-0.002315846700000065,0,-0.05844999999999986,-0.10161666666666613,0,0,264,-1
1294,-576454201259,2.1214317029441916,2.8916685195210943,0.0,0.0,1,6765096,0.01,0.009442909799999977,0.00426666329999995,0,-0.12844999999999987,-0.005366666666666076,0,0,264,-1
1295,-576454201249,2.120561164030829,2.8908502696213323,0.0,0.0,1,6765106,0.01,0.0010651697999999538,0.009652353299999942,0,-0.17219999999999988,-0.014116666666666111,0,1,265,2
1296,-576454201240,2.1205613859601535,2.89085037026791,0.0,0.0,1,6765117,0.011,0.0016635797999999566,0.0036682532999999466,0,-0.049699999999999855,-0.11036666666666606,0,0,265,-1
1297,-576454201229,2.1205618087368183,2.8908509620954,0.0,0.0,1,6765127,0.01,0.01183654979999997,0.008455533299999936,0,-0.02344999999999986,0.05588333333333395,0,0,265,-1
1298,-576454201217,2.1205621417519835,2.89085125471789,0.0,0.0,1,6765137,0.01,0.005852449799999977,0.006660303299999944,0,0.11655000000000015,-0.05786666666666607,0,0,265,-1
1299,-576454201209,2.1205622653236484,2.89085115837388,0.0,0.0,1,6765147,0.01,-0.0019268802000000436,0.002471433299999941,0,0.06405000000000015,0.047133333333333916,0,0,265,-1
1300,-576454201199,2.1205622692133135,2.89085082266587,0.0,0.0,1,6765157,0.01,-0.006714160200000032,7.779329999994643e-5,0,0.0028000000000001357,-0.07536666666666614,0,0,265,-1
1301,-576454201190,2.1205622132619784,2.89085087592436,0.0,0.0,1,6765167,0.01,0.0010651697999999538,-0.0011190267000000594,0,0.07280000000000016,-0.03161666666666607,0,0,265,-1
1302,-576454201179,2.1200237893143137,2.8912433781135407,0.0,0.0,1,6765177,0.01,-0.0025252902000000295,6.762032999999493e-4,0,-0.03219999999999984,-0.07536666666666614,0,1,266,1
1303,-576454201117,2.1200238829654787,2.8912427132800307,0.0,0.0,1,6765187,0.01,-0.01329667020000003,0.001873023299999938,0,0.06405000000000015,0.03838333333333388,0,0,266,-1
1304,-576454201116,2.1200233482861437,2.8912425870155207,0.0,0.0,1,6765197,0.01,-0.0025252902000000295,-0.010693586700000054,0,-0.014699999999999852,0.02088333333333381,0,0,266,-1
1305,-576454201116,2.120023142732309,2.891242999320011,0.0,0.0,1,6765207,0.01,0.00824608979999997,-0.0041110767000000735,0,-0.10219999999999987,-0.03161666666666607,0,0,266,-1
1306,-576454201116,2.120023116701474,2.891243112419501,0.0,0.0,1,6765217,0.01,0.0022619897999999593,-5.206167000000564e-4,0,0.19530000000000014,-0.022866666666666147,0,0,266,-1
1307,-576454201116,2.120023090670639,2.891243016075491,0.0,0.0,1,6765227,0.01,-0.0019268802000000436,-5.206167000000564e-4,0,0.06405000000000015,0.06463333333333399,0,0,266,-1
1308,-576454201115,2.1200234236858044,2.891242949651981,0.0,0.0,1,6765237,0.01,-0.0013284702000000408,0.006660303299999944,0,-0.049699999999999855,-0.1453666666666661,0,0,266,-1
1309,-576454201109,2.1200236370189693,2.8912430627514714,0.0,0.0,1,6765247,0.01,0.0022619897999999593,0.00426666329999995,0,0.08155000000000015,-0.005366666666666076,0,0,266,-1
1310,-576454201099,2.1198392065571716,2.891069368698802,0.0,0.0,1,6765257,0.01,0.0022619897999999593,0.01623486329999994,0,0.11655000000000015,-0.022866666666666147,0,1,267,2
1311,-576454201090,2.1198395994133366,2.891069721162292,0.0,0.0,1,6765267,0.01,0.007049269799999965,0.007857123299999942,0,-0.04094999999999985,-0.10161666666666613,0,0,267,-1
1312,-576454201080,2.1198402914745014,2.891069924023282,0.0,0.0,1,6765277,0.01,0.004057219799999968,0.013841223299999945,0,-0.02344999999999986,0.047133333333333916,0,0,267,-1
1313,-576454201070,2.11984024615392,2.891070257989919,0.0,0.0,1,6765286,0.009,0.00824608979999997,-0.0011190267000000594,0,0.06405000000000015,0.00338333333333396,0,0,267,-1
1314,-576454201060,2.1198401902025847,2.891070760055909,0.0,0.0,1,6765296,0.01,0.010041319799999962,-0.0011190267000000594,0,0.02030000000000015,0.0733833333333338,0,0,267,-1
1315,-576454201051,2.11983989488725,2.891070484188899,0.0,0.0,1,6765306,0.01,-0.005517340200000027,-0.005906306700000065,0,-0.10219999999999987,-0.03161666666666607,0,0,267,-1
1317,-576454201031,2.120679699559138,2.890458570942477,0.0,0.0,1,6765326,0.01,-7.300602000000378e-4,6.762032999999493e-4,0,0.055300000000000155,-0.0928666666666661,0,0,268,-1
1318,-576454201020,2.120679972733303,2.890458444677967,0.0,0.0,1,6765336,0.01,-0.0025252902000000295,0.005463483299999938,0,-0.18969999999999984,-0.03161666666666607,0,0,268,-1
1319,-576454201009,2.1206798569409684,2.890457989287957,0.0,0.0,1,6765346,0.01,-0.009107800200000028,-0.002315846700000065,0,-0.11969999999999983,0.03838333333333388,0,0,268,-1
1320,-576454201000,2.1206796813076334,2.890457653579947,0.0,0.0,1,6765356,0.01,-0.006714160200000032,-0.0035126667000000707,0,0.02030000000000015,-0.04036666666666611,0,0,268,-1
1321,-576454200990,2.1206795056742984,2.8904573178719373,0.0,0.0,1,6765366,0.01,-0.006714160200000032,-0.0035126667000000707,0,-0.02344999999999986,0.11713333333333398,0,0,268,-1
1322,-576454200980,2.1206788812334634,2.890457520732927,0.0,0.0,1,6765376,0.01,0.004057219799999968,-0.012488816700000063,0,0.16030000000000016,-0.15411666666666612,0,0,268,-1
1323,-576454200970,2.119417047435088,2.889276502996957,0.0,0.0,1,6765386,0.01,0.006450859799999979,6.762032999999493e-4,0,0.06405000000000015,-0.014116666666666111,0,1,269,2
1324,-576454200960,2.1194174103707533,2.889276885380947,0.0,0.0,1,6765396,0.01,0.007647679799999968,0.007258713299999947,0,-0.04094999999999985,0.16088333333333393,0,0,269,-1
1325,-576454200950,2.119418102431918,2.8892771780034368,0.0,0.0,1,6765406,0.01,0.005852449799999977,0.013841223299999945,0,-0.07594999999999988,0.03838333333333388,0,0,269,-1
1326,-576454200941,2.119417837037083,2.8892768123749266,0.0,0.0,1,6765416,0.01,-0.007312570200000036,-0.005307896700000063,0,-0.05844999999999986,0.029633333333333844,0,0,269,-1
1327,-576454200930,2.1194177212447483,2.889276745951417,0.0,0.0,1,6765426,0.01,-0.0013284702000000408,-0.002315846700000065,0,-0.005949999999999844,-0.04036666666666611,0,0,269,-1
1328,-576454200921,2.1194171566449134,2.8892769488124066,0.0,0.0,1,6765436,0.01,0.004057219799999968,-0.011291996700000057,0,-0.06719999999999984,0.16963333333333397,0,0,269,-1
1329,-576454200908,2.1182960502480612,2.89009191446934,0.0,0.0,1,6765446,0.01,0.0016635797999999566,0.0012746132999999521,0,0.011550000000000143,-0.12786666666666613,0,1,270,1
1330,-576454200900,2.1182957549327264,2.89009145907933,0.0,0.0,1,6765456,0.01,-0.009107800200000028,-0.005906306700000065,0,0.09030000000000014,-0.11036666666666606,0,0,270,-1
1331,-576454200890,2.1182957887428913,2.89009145249682,0.0,0.0,1,6765466,0.01,-1.31650200000035e-4,6.762032999999493e-4,0,-0.15469999999999987,0.029633333333333844,0,0,270,-1
1332,-576454200880,2.1182960619170563,2.89009159551681,0.0,0.0,1,6765476,0.01,0.0028603997999999626,0.005463483299999938,0,-0.12844999999999987,-0.07536666666666614,0,0,270,-1
1333,-576454200870,2.118295826442721,2.8900912897293,0.0,0.0,1,6765486,0.01,-0.00611575020000003,-0.004709486700000059,0,0.08155000000000015,-0.10161666666666613,0,0,270,-1
1334,-576454200860,2.1182958004118864,2.89009074457779,0.0,0.0,1,6765496,0.01,-0.010903030200000035,-5.206167000000564e-4,0,-0.02344999999999986,-0.05786666666666607,0,0,270,-1
1335,-576454200850,2.1182961932680513,2.89009055847228,0.0,0.0,1,6765506,0.01,-0.0037221102000000355,0.007857123299999942,0,0.04655000000000015,-0.022866666666666147,0,0,270,-1
1336,-576454200840,2.118036598231441,2.889847835668049,0.0,0.0,1,6765516,0.01,0.005852449799999977,0.0012746132999999521,0,-0.014699999999999852,0.05588333333333395,0,1,271,2
1337,-576454200830,2.118036841485106,2.889848457416039,4.865073299999936e-5,1.2434959799999975e-4,0,6765526,0.01,0.012434959799999975,0.004865073299999936,0,0.2740500000000001,-0.05786666666666607,0,0,271,-1
1338,-576454200821,2.1180374814846012,2.889849724250009,7.93491659999988e-5,1.2901719599999942e-4,0,6765536,0.01,4.667597999999679e-4,0.0030698432999999438,0,0.25655000000000017,-0.3116166666666661,0,0,271,-1
1339,-576454200808,2.1180384284684264,2.889851217282959,1.1004759899999823e-4,1.695893939999991e-4,0,6765546,0.01,0.004057219799999968,0.0030698432999999438,0,-0.05844999999999986,0.00338333333333396,0,0,271,-1
1340,-576454200800,2.1180395926750815,2.889853235719889,1.2279373199999775e-4,2.340979919999989e-4,0,6765556,0.01,0.006450859799999979,0.0012746132999999521,0,-0.16344999999999985,0.03838333333333388,0,0,271,-1
1341,-576454200790,2.1180410638660665,2.889855869322299,1.7144446499999712e-4,2.9262248999999867e-4,0,6765566,0.01,0.005852449799999977,0.004865073299999936,0,0.11655000000000015,0.1521333333333339,0,0,271,-1
1342,-576454200780,2.1180427822003813,2.889858788964689,1.7222239799999657e-4,2.9130598799999833e-4,0,6765576,0.01,-1.31650200000035e-4,7.779329999994643e-5,0,0.16905000000000014,-0.04036666666666611,0,0,271,-1
1343,-576454200770,2.1172410209000354,2.8904452573988797,0.0,0.0,1,6765586,0.01,0.0016635797999999566,7.779329999994643e-5,0,-0.03219999999999984,-0.03161666666666607,0,1,272,1
1344,-576454200760,2.1172409649487003,2.8904456098623696,0.0,0.0,1,6765596,0.01,0.007049269799999965,-0.0011190267000000594,0,0.02905000000000016,0.00338333333333396,0,0,272,-1
1345,-576454200751,2.1172409389178655,2.89044563320036,0.0,0.0,1,6765606,0.01,4.667597999999679e-4,-5.206167000000564e-4,0,0.14280000000000015,0.03838333333333388,0,0,272,-1
1346,-576454200739,2.1172412719330307,2.89044538725385,0.0,0.0,1,6765616,0.01,-0.004918930200000041,0.006660303299999944,0,-0.11969999999999983,0.08213333333333384,0,0,272,-1
1347,-576454200730,2.1172411262201956,2.89044529090984,0.0,0.0,1,6765626,0.01,-0.0019268802000000436,-0.002914256700000068,0,-0.11094999999999985,-0.0928666666666661,0,0,272,-1
1348,-576454200721,2.1172411001893607,2.89044561345283,0.0,0.0,1,6765636,0.01,0.006450859799999979,-5.206167000000564e-4,0,-0.10219999999999987,-0.005366666666666076,0,0,272,-1
1349,-576454200707,2.1172415229660255,2.89044524782432,0.0,0.0,1,6765646,0.01,-0.007312570200000036,0.008455533299999936,0,-0.03219999999999984,-0.04911666666666614,0,0,272,-1
1350,-576454200700,2.117501775620798,2.890689268918412,0.0,0.0,1,6765656,0.01,0.004057219799999968,-0.006504716700000068,0,0.0028000000000001357,-0.16286666666666616,0,1,273,2
1352,-576454200605,2.117501903082128,2.890688477820392,0.0,0.0,1,6765676,0.01,-0.010304620200000033,-0.0017174367000000453,0,0.08155000000000015,-0.014116666666666111,0,0,273,-1
1353,-576454200604,2.117502415620293,2.890688531078882,0.0,0.0,1,6765686,0.01,0.0010651697999999538,0.010250763299999936,0,0.0028000000000001357,0.06463333333333399,0,0,273,-1
1354,-576454200604,2.117502509271458,2.890689063065372,0.0,0.0,1,6765696,0.01,0.010639729799999966,0.001873023299999938,0,-0.11094999999999985,-0.0928666666666661,0,0,273,-1
1355,-576454200604,2.117502124194623,2.890689116323862,0.0,0.0,1,6765706,0.01,0.0010651697999999538,-0.007701536700000057,0,0.0028000000000001357,0.05588333333333395,0,0,273,-1
1356,-576454200603,2.1175022776867882,2.890688930218352,0.0,0.0,1,6765716,0.01,-0.0037221102000000355,0.0030698432999999438,0,0.10780000000000015,0.16963333333333397,0,0,273,-1
1357,-576454200603,2.117502221735453,2.890688355146342,0.0,0.0,1,6765726,0.01,-0.011501440200000022,-0.0011190267000000594,0,-0.06719999999999984,0.2396333333333338,0,0,273,-1
1358,-576454200603,2.1175020161816183,2.890688677689332,0.0,0.0,1,6765736,0.01,0.006450859799999979,-0.0041110767000000735,0,-0.005949999999999844,-0.11036666666666606,0,0,273,-1
1359,-576454200603,2.1175021696737835,2.890688730947822,0.0,0.0,1,6765746,0.01,0.0010651697999999538,0.0030698432999999438,0,-0.08469999999999986,0.00338333333333396,0,0,273,-1
1360,-576454200503,2.1175024129274487,2.890688245637312,0.0,0.0,1,6765756,0.01,-0.00970621020000003,0.004865073299999936,0,0.14280000000000015,0.00338333333333396,0,0,273,-1
1361,-576454200502,2.1164088428130747,2.8914823272647854,0.0,0.0,1,6765767,0.011,4.667597999999679e-4,0.012045993299999936,0,0.18655000000000016,-0.07536666666666614,0,1,274,1
1362,-576454200501,2.1164093254307397,2.8914819616362752,0.0,0.0,1,6765777,0.01,-0.007312570200000036,0.009652353299999942,0,0.0028000000000001357,0.0996333333333339,0,0,274,-1
1363,-576454200501,2.1164096883664048,2.891481865292265,0.0,0.0,1,6765787,0.01,-0.0019268802000000436,0.007258713299999947,0,-0.014699999999999852,-0.1191166666666661,0,0,274,-1
1364,-576454200500,2.1164102607455697,2.891481379981755,0.0,0.0,1,6765797,0.01,-0.00970621020000003,0.011447583299999934,0,-0.03219999999999984,0.0733833333333338,0,0,274,-1
1365,-576454200500,2.116410503999235,2.891481343478745,0.0,0.0,1,6765807,0.01,-7.300602000000378e-4,0.004865073299999936,0,0.055300000000000155,0.03838333333333388,0,0,274,-1
1366,-576454200500,2.1164104779684,2.8914813668167354,0.0,0.0,1,6765817,0.01,4.667597999999679e-4,-5.206167000000564e-4,0,0.0028000000000001357,-0.005366666666666076,0,0,274,-1
1367,-576454200500,2.116410422017065,2.8914814799162256,0.0,0.0,1,6765827,0.01,0.0022619897999999593,-0.0011190267000000594,0,0.04655000000000015,0.18713333333333382,0,0,274,-1
1368,-576454200499,2.11641045582723,2.8914814434132157,0.0,0.0,1,6765837,0.01,-7.300602000000378e-4,6.762032999999493e-4,0,0.07280000000000016,0.11713333333333398,0,0,274,-1
1369,-576454200499,2.116410549478395,2.8914813470692056,0.0,0.0,1,6765847,0.01,-0.0019268802000000436,0.001873023299999938,0,-0.11969999999999983,0.1521333333333339,0,0,274,-1
1370,-576454200400,2.11640998487856,2.8914814302481955,0.0,0.0,1,6765857,0.01,0.0016635797999999566,-0.011291996700000057,0,-0.07594999999999988,-0.022866666666666147,0,0,274,-1
1371,-576454200399,2.1168530896553936,2.891157992199749,0.0,0.0,1,6765867,0.01,-0.0025252902000000295,0.00426666329999995,0,0.06405000000000015,0.02088333333333381,0,1,276,1
1372,-576454200399,2.116853332909059,2.8911578060942387,0.0,0.0,1,6765877,0.01,-0.0037221102000000355,0.004865073299999936,0,-0.005949999999999844,-0.014116666666666111,0,0,276,-1
1373,-576454200399,2.116853516321724,2.891157380624729,0.0,0.0,1,6765887,0.01,-0.008509390200000024,0.0036682532999999466,0,-0.08469999999999986,-0.005366666666666076,0,0,276,-1
1374,-576454200398,2.1168531589901685,2.8911569382142317,0.0,0.0,1,6765898,0.011,-0.007312570200000036,-0.005906306700000065,0,0.055300000000000155,0.1521333333333339,0,0,276,-1
1375,-576454200398,2.1168527439928333,2.8911563033012215,0.0,0.0,1,6765908,0.01,-0.012698260200000028,-0.00829994670000006,0,0.011550000000000143,-0.1191166666666661,0,0,276,-1
1376,-576454200398,2.1168532266104982,2.8911560573547117,0.0,0.0,1,6765918,0.01,-0.004918930200000041,0.009652353299999942,0,-0.04094999999999985,0.05588333333333395,0,0,276,-1
1377,-576454200398,2.116853350182163,2.8911563499772015,0.0,0.0,1,6765928,0.01,0.005852449799999977,0.002471433299999941,0,-0.014699999999999852,0.09088333333333387,0,0,276,-1
1378,-576454200397,2.116853533594828,2.8911570614866915,0.0,0.0,1,6765938,0.01,0.014230189799999966,0.0036682532999999466,0,0.12530000000000016,-0.05786666666666607,0,0,276,-1
1379,-576454200397,2.1168537170074933,2.8911567856196814,0.0,0.0,1,6765948,0.01,-0.005517340200000027,0.0036682532999999466,0,0.055300000000000155,0.047133333333333916,0,0,276,-1
1380,-576454200397,2.116853481533158,2.8911564798321714,0.0,0.0,1,6765958,0.01,-0.00611575020000003,-0.004709486700000059,0,-0.049699999999999855,-0.08411666666666606,0,0,276,-1
1381,-576454200297,2.116322916817247,2.8906572727849977,0.0,0.0,1,6765968,0.01,-7.300602000000378e-4,0.0036682532999999466,0,-0.04094999999999985,0.19588333333333385,0,1,277,2
1382,-576454200296,2.116322830945412,2.890657206361488,0.0,0.0,1,6765978,0.01,-0.0013284702000000408,-0.0017174367000000453,0,-0.05844999999999986,0.05588333333333395,0,0,277,-1
1383,-576454200296,2.116323014358077,2.890657349381478,0.0,0.0,1,6765988,0.01,0.0028603997999999626,0.0036682532999999466,0,0.02030000000000015,0.06463333333333399,0,0,277,-1
1384,-576454200296,2.116323078088742,2.890657432560468,0.0,0.0,1,6765998,0.01,0.0016635797999999566,0.0012746132999999521,0,0.12530000000000016,-0.0666166666666661,0,0,277,-1
1385,-576454200296,2.1163226930119072,2.890657665341958,0.0,0.0,1,6766008,0.01,0.004655629799999971,-0.007701536700000057,0,-0.06719999999999984,-0.11036666666666606,0,0,277,-1
1386,-576454200295,2.1163224874580724,2.890657628838948,0.0,0.0,1,6766018,0.01,-7.300602000000378e-4,-0.0041110767000000735,0,0.0028000000000001357,0.1258833333333338,0,0,277,-1
1387,-576454200295,2.1163223417452373,2.890657532494938,0.0,0.0,1,6766028,0.01,-0.0019268802000000436,-0.002914256700000068,0,-0.21594999999999984,0.02088333333333381,0,0,277,-1
1388,-576454200295,2.1163225251579023,2.890657226707428,0.0,0.0,1,6766038,0.01,-0.00611575020000003,0.0036682532999999466,0,0.08155000000000015,0.0733833333333338,0,0,277,-1
1389,-576454200295,2.1163226022720067,2.890657146334981,0.0,0.0,1,6766049,0.011,-0.0013284702000000408,0.0012746132999999521,0,-0.06719999999999984,0.18713333333333382,0,0,277,-1
1390,-576454200295,2.116322785684672,2.890657289354971,0.0,0.0,1,6766059,0.01,0.0028603997999999626,0.0036682532999999466,0,-0.12844999999999987,-0.10161666666666613,0,0,277,-1
1391,-576454200195,2.1172426995172215,2.8899867284396423,0.0,0.0,1,6766069,0.01,0.0010651697999999538,7.779329999994643e-5,0,0.09030000000000014,-0.005366666666666076,0,1,278,1
1392,-576454200195,2.1172427333273864,2.889987380108132,0.0,0.0,1,6766079,0.01,0.013033369799999969,6.762032999999493e-4,0,-0.03219999999999984,0.19588333333333385,0,0,278,-1
1393,-576454200195,2.1172430757764853,2.889987132420249,0.0,0.0,1,6766088,0.009,-0.00611575020000003,0.008455533299999936,0,-0.15469999999999987,-0.1191166666666661,0,0,278,-1
1394,-576454200194,2.1172430497456505,2.889986527427739,0.0,0.0,1,6766098,0.01,-0.012099850200000024,-5.206167000000564e-4,0,0.02030000000000015,-0.1191166666666661,0,0,278,-1
1395,-576454200194,2.1172434126813156,2.8899866704477293,0.0,0.0,1,6766108,0.01,0.0028603997999999626,0.007258713299999947,0,0.19530000000000014,-0.03161666666666607,0,0,278,-1
1396,-576454200194,2.1172431173659807,2.889986574103719,0.0,0.0,1,6766118,0.01,-0.0019268802000000436,-0.005906306700000065,0,-0.06719999999999984,-0.07536666666666614,0,0,278,-1
1397,-576454200193,2.1172427921301455,2.889986747044209,0.0,0.0,1,6766128,0.01,0.0034588097999999822,-0.006504716700000068,0,-0.049699999999999855,0.0733833333333338,0,0,278,-1
1398,-576454200193,2.1172421976098104,2.889986620779699,0.0,0.0,1,6766138,0.01,-0.0025252902000000295,-0.01189040670000006,0,0.16905000000000014,-0.07536666666666614,0,0,278,-1
1399,-576454200193,2.1172418125329755,2.8899864645946893,0.0,0.0,1,6766148,0.01,-0.0031237002000000322,-0.007701536700000057,0,-0.04094999999999985,0.08213333333333384,0,0,278,-1
1400,-576454200192,2.1172416967406407,2.889986757217179,0.0,0.0,1,6766158,0.01,0.005852449799999977,-0.002315846700000065,0,-0.11094999999999985,0.012133333333333995,0,0,278,-1
1401,-576454200093,2.1172416407893055,2.8899866010321693,0.0,0.0,1,6766168,0.01,-0.0031237002000000322,-0.0011190267000000594,0,-0.02344999999999986,0.012133333333333995,0,0,278,-1
1402,-576454200092,2.1167468985271145,2.890349397134911,0.0,0.0,1,6766178,0.01,-0.0037221102000000355,0.006660303299999944,0,-0.04094999999999985,-0.014116666666666111,0,1,279,1
1403,-576454200092,2.1167472913832794,2.890349181108901,0.0,0.0,1,6766188,0.01,-0.004320520200000038,0.007857123299999942,0,0.09030000000000014,0.10838333333333394,0,0,279,-1
1404,-576454200091,2.1167476243984447,2.8903491745263907,0.0,0.0,1,6766198,0.01,-1.31650200000035e-4,0.006660303299999944,0,-0.13719999999999985,-0.07536666666666614,0,0,279,-1
1405,-576454200091,2.116747991142989,2.8903493113767738,0.0,0.0,1,6766209,0.011,0.0022619897999999593,0.006061893299999941,0,0.13405000000000014,-0.0666166666666661,0,0,279,-1
1406,-576454200091,2.1167482643171542,2.8903492150327637,0.0,0.0,1,6766219,0.01,-0.0019268802000000436,0.005463483299999938,0,0.12530000000000016,0.0996333333333339,0,0,279,-1
1407,-576454200091,2.1167488965373193,2.890348610040254,0.0,0.0,1,6766229,0.01,-0.012099850200000024,0.012644403299999938,0,0.055300000000000155,0.06463333333333399,0,0,279,-1
1408,-576454200091,2.1167491996319843,2.890348184570744,0.0,0.0,1,6766239,0.01,-0.008509390200000024,0.006061893299999941,0,-0.03219999999999984,0.0996333333333339,0,0,279,-1
1409,-576454200090,2.1167493830446493,2.890348447272734,0.0,0.0,1,6766249,0.01,0.005254039799999974,0.0036682532999999466,0,0.0028000000000001357,0.0733833333333338,0,0,279,-1
1410,-576454200090,2.116749416854814,2.8903480816442237,0.0,0.0,1,6766259,0.01,-0.007312570200000036,6.762032999999493e-4,0,-0.08469999999999986,0.00338333333333396,0,0,279,-1
1411,-576454199991,2.116749181380479,2.890347835697714,0.0,0.0,1,6766269,0.01,-0.004918930200000041,-0.004709486700000059,0,-0.03219999999999984,-0.17161666666666608,0,0,279,-1
1412,-576454199990,2.117930934850101,2.889476598206826,0.0,0.0,1,6766280,0.011,-0.0019268802000000436,-0.002315846700000065,0,-0.05844999999999986,0.00338333333333396,0,1,281,1
1413,-576454199985,2.1179309387397662,2.889476292419316,0.0,0.0,1,6766290,0.01,-0.00611575020000003,7.779329999994643e-5,0,0.16905000000000014,0.09088333333333387,0,0,281,-1
1414,-576454199985,2.117931062311431,2.889476465359806,0.0,0.0,1,6766300,0.01,0.0034588097999999822,0.002471433299999941,0,-0.21594999999999984,0.03838333333333388,0,0,281,-1
1415,-576454199985,2.117931724452096,2.889476189492796,0.0,0.0,1,6766310,0.01,-0.005517340200000027,0.013242813299999942,0,0.16905000000000014,-0.10161666666666613,0,0,281,-1
1416,-576454199984,2.117931848023761,2.889475883705286,0.0,0.0,1,6766320,0.01,-0.00611575020000003,0.002471433299999941,0,0.03780000000000014,-0.07536666666666614,0,0,281,-1
1417,-576454199984,2.117932061356926,2.889475817281776,0.0,0.0,1,6766330,0.01,-0.0013284702000000408,0.00426666329999995,0,-0.22469999999999987,0.05588333333333395,0,0,281,-1
1418,-576454199984,2.117931795962091,2.889475960301766,0.0,0.0,1,6766340,0.01,0.0028603997999999626,-0.005307896700000063,0,0.09030000000000014,-0.0666166666666661,0,0,281,-1
1419,-576454199984,2.117931620328756,2.889476013560256,0.0,0.0,1,6766350,0.01,0.0010651697999999538,-0.0035126667000000707,0,-0.049699999999999855,-0.10161666666666613,0,0,281,-1
1420,-576454199984,2.117931773820921,2.8894762463417463,0.0,0.0,1,6766360,0.01,0.004655629799999971,0.0030698432999999438,0,-0.02344999999999986,0.012133333333333995,0,0,281,-1
1421,-576454199984,2.117931717869586,2.889476449202736,0.0,0.0,1,6766370,0.01,0.004057219799999968,-0.0011190267000000594,0,-0.02344999999999986,0.09088333333333387,0,0,281,-1
1422,-576454199975,2.118578393965052,2.8900889088182082,0.0,0.0,1,6766381,0.011,-0.008509390200000024,0.001873023299999938,0,-0.10219999999999987,-0.04911666666666614,0,1,282,2
1423,-576454199964,2.1185787245057917,2.8900893352990313,6.0098316299999314e-5,7.754196779999961e-5,0,6766392,0.011,0.007049269799999965,0.005463483299999938,0,-0.2771999999999999,-0.022866666666666147,0,0,282,-1
1424,-576454199954,2.117596190258419,2.8908174826347133,5.27933944453318e-5,7.255042485019605e-5,0,6766402,0.01,-7.300602000000378e-4,-5.206167000000564e-4,0,0.08155000000000015,0.02088333333333381,0,1,283,1
1425,-576454199945,2.1175966622410285,2.890818321238452,4.1603127445331206e-5,9.517032285019565e-5,0,6766412,0.01,0.0022619897999999593,-0.0011190267000000594,0,-0.17219999999999988,-0.022866666666666147,0,0,283,-1
1426,-576454199932,2.117597052241468,2.890819056915671,3.639696044533064e-5,5.196512085019527e-5,0,6766422,0.01,-0.004320520200000038,-5.206167000000564e-4,0,0.06405000000000015,-0.0928666666666661,0,0,283,-1
1427,-576454199925,2.117597838987737,2.890819540063869,1.2095229344533e-4,4.466451885019489e-5,0,6766432,0.01,-7.300602000000378e-4,0.008455533299999936,0,-0.02344999999999986,-0.005366666666666076,0,0,283,-1
1428,-576454199914,2.117599441366836,2.8908205186955476,0.0,0.0,1,6766442,0.01,0.010639729799999966,0.007857123299999942,0,-0.049699999999999855,0.05588333333333395,0,0,283,-1
1429,-576454199905,2.1175997743820014,2.8908204522720378,0.0,0.0,1,6766452,0.01,-0.0013284702000000408,0.006660303299999944,0,0.055300000000000155,0.13463333333333383,0,0,283,-1
1430,-576454199895,2.1175998260038402,2.8908208589454896,0.0,0.0,1,6766461,0.009,0.010041319799999962,0.0012746132999999521,0,-0.20719999999999986,0.10838333333333394,0,0,283,-1
1431,-576454199885,2.1181911358577117,2.891380937999527,0.0,0.0,1,6766471,0.01,0.0010651697999999538,0.00426666329999995,0,0.011550000000000143,0.178383333333334,0,1,284,2
1432,-576454199875,2.118191212971816,2.8913810386461045,1.4020746299999473e-5,1.8299377799999522e-5,0,6766482,0.011,0.0016635797999999566,0.0012746132999999521,0,-0.2771999999999999,0.13463333333333383,0,0,284,-1
1433,-576454199864,2.118191207466444,2.891381514262372,-1.5121820700001205e-5,7.682387579999929e-5,0,6766492,0.01,0.005852449799999977,-0.002914256700000068,0,0.04655000000000015,-0.20661666666666612,0,0,284,-1
1434,-576454199855,2.1181911199789023,2.89138248536212,-2.375687700001683e-6,1.1739607379999896e-4,0,6766502,0.01,0.004057219799999968,0.0012746132999999521,0,0.16030000000000016,0.06463333333333399,0,0,284,-1
1435,-576454199844,2.1181910402706903,2.891383323614848,-1.3565954700002277e-5,5.025447179999863e-5,0,6766512,0.01,-0.006714160200000032,-0.0011190267000000594,0,0.055300000000000155,0.00338333333333396,0,0,284,-1
1436,-576454199834,2.118190848659808,2.891383610133556,-2.475622170000287e-5,7.0492697999982536e-6,0,6766522,0.01,-0.004320520200000038,-0.0011190267000000594,0,0.02905000000000016,-0.014116666666666111,0,0,284,-1
1437,-576454199823,2.118190964033256,2.8913829559517437,0.0,0.0,1,6766532,0.01,-0.01449349020000002,0.007258713299999947,0,0.13405000000000014,0.09088333333333387,0,0,284,-1
1438,-576454199813,2.118214821372876,2.8913653451656574,0.0,0.0,1,6766543,0.011,0.0022619897999999593,-0.0041110767000000735,0,-0.03219999999999984,0.08213333333333384,0,1,285,1
1439,-576454199803,2.118215094547041,2.891365548026647,0.0,0.0,1,6766553,0.01,0.004057219799999968,0.005463483299999938,0,-0.11094999999999985,-0.0666166666666661,0,0,285,-1
1440,-576454199793,2.118214649629206,2.8913653918416373,0.0,0.0,1,6766563,0.01,-0.0031237002000000322,-0.008898356700000063,0,-0.09344999999999984,-0.1191166666666661,0,0,285,-1
1441,-576454199783,2.118214922803371,2.891365863987127,0.0,0.0,1,6766573,0.01,0.009442909799999977,0.005463483299999938,0,-0.049699999999999855,-0.07536666666666614,0,0,285,-1
1442,-576454199773,2.1182148967725363,2.891365588120117,0.0,0.0,1,6766583,0.01,-0.005517340200000027,-5.206167000000564e-4,0,-0.20719999999999986,0.047133333333333916,0,0,285,-1
1443,-576454199762,2.1182149605032015,2.891366000424607,0.0,0.0,1,6766593,0.01,0.00824608979999997,0.0012746132999999521,0,0.02905000000000016,0.05588333333333395,0,0,285,-1
1444,-576454199753,2.1181224872033937,2.8912784173093873,0.0,0.0,1,6766603,0.01,0.004057219799999968,0.006061893299999941,0,-0.14594999999999983,-0.0928666666666661,0,1,286,2
1445,-576454199743,2.1181228501390588,2.8912782910448773,0.0,0.0,1,6766613,0.01,-0.0025252902000000295,0.007258713299999947,0,0.0028000000000001357,0.047133333333333916,0,0,286,-1
1446,-576454199733,2.1181227941877236,2.8912784639853673,0.0,0.0,1,6766623,0.01,0.0034588097999999822,-0.0011190267000000594,0,0.11655000000000015,0.1521333333333339,0,0,286,-1
1447,-576454199724,2.1181230075208886,2.8912786070053573,0.0,0.0,1,6766633,0.01,0.0028603997999999626,0.00426666329999995,0,0.02905000000000016,0.05588333333333395,0,0,286,-1
1448,-576454199713,2.1181234901385535,2.8912784807408474,0.0,0.0,1,6766643,0.01,-0.0025252902000000295,0.009652353299999942,0,-0.13719999999999985,-0.04911666666666614,0,0,286,-1
1449,-576454199703,2.1181235239487184,2.8912782647148374,0.0,0.0,1,6766653,0.01,-0.004320520200000038,6.762032999999493e-4,0,0.07280000000000016,-0.07536666666666614,0,0,286,-1
1450,-576454199693,2.1181238270433833,2.8912778691658274,0.0,0.0,1,6766663,0.01,-0.007910980200000039,0.006061893299999941,0,0.0028000000000001357,0.13463333333333383,0,0,286,-1
1451,-576454199681,2.119158943684338,2.8905169791665903,0.0,0.0,1,6766673,0.01,0.005254039799999974,-0.0011190267000000594,0,-0.10219999999999987,0.00338333333333396,0,1,287,1
1452,-576454199673,2.1191585286870027,2.89051727178908,0.0,0.0,1,6766683,0.01,0.005852449799999977,-0.00829994670000006,0,-0.07594999999999988,0.0996333333333339,0,0,287,-1
1453,-576454199579,2.119158502656168,2.89051762425257,0.0,0.0,1,6766693,0.01,0.007049269799999965,-5.206167000000564e-4,0,-0.15469999999999987,0.2046333333333339,0,0,287,-1
1454,-576454199578,2.119158566386833,2.89051725862406,0.0,0.0,1,6766703,0.01,-0.007312570200000036,0.0012746132999999521,0,0.09905000000000015,0.06463333333333399,0,0,287,-1
1455,-576454199578,2.1191587159085477,2.8905175764934676,0.0,0.0,1,6766714,0.011,0.005254039799999974,0.002471433299999941,0,-0.04094999999999985,0.02088333333333381,0,0,287,-1
1456,-576454199578,2.1191592284467125,2.890517599831458,0.0,0.0,1,6766724,0.01,4.667597999999679e-4,0.010250763299999936,0,-0.09344999999999984,0.05588333333333395,0,0,287,-1
1457,-576454199577,2.1191598307463773,2.890517832612948,0.0,0.0,1,6766734,0.01,0.004655629799999971,0.012045993299999936,0,-0.05844999999999986,0.06463333333333399,0,0,287,-1
1458,-576454199577,2.1191602834435423,2.890518155155938,0.0,0.0,1,6766744,0.01,0.006450859799999979,0.009053943299999938,0,0.19530000000000014,0.00338333333333396,0,0,287,-1
1459,-576454199577,2.1191601676512075,2.890518358016928,0.0,0.0,1,6766754,0.01,0.004057219799999968,-0.002315846700000065,0,-0.03219999999999984,0.16088333333333393,0,0,287,-1
1460,-576454199576,2.1191604707458724,2.890518411275418,0.0,0.0,1,6766764,0.01,0.0010651697999999538,0.006061893299999941,0,0.11655000000000015,-0.022866666666666147,0,0,287,-1
1461,-576454199576,2.119160692675197,2.890518222291556,0.0,0.0,1,6766775,0.011,-0.0031237002000000322,0.0036682532999999466,0,0.06405000000000015,-0.16286666666666616,0,0,287,-1
1462,-576454199571,2.119161384736362,2.890518305470546,0.0,0.0,1,6766785,0.01,0.0016635797999999566,0.013841223299999945,0,0.055300000000000155,-0.1191166666666661,0,0,287,-1
1463,-576454199561,2.118588653513016,2.889977460186545,0.0,0.0,1,6766795,0.01,-0.0019268802000000436,-5.206167000000564e-4,0,0.02030000000000015,-0.0928666666666661,0,1,288,2
1464,-576454199551,2.1189837993672413,2.8896872583483812,0.0,0.0,1,6766805,0.01,0.004655629799999971,-0.007701536700000057,0,-0.03219999999999984,-0.13661666666666616,0,1,289,1
1465,-576454199539,2.1189833544494063,2.889686982481371,0.0,0.0,1,6766815,0.01,-0.005517340200000027,-0.008898356700000063,0,-0.08469999999999986,0.012133333333333995,0,0,289,-1
1466,-576454199531,2.1189831788160713,2.889687334944861,0.0,0.0,1,6766825,0.01,0.007049269799999965,-0.0035126667000000707,0,-0.03219999999999984,-0.15411666666666612,0,0,289,-1
1467,-576454199521,2.1189832126262362,2.889687208680351,0.0,0.0,1,6766835,0.01,-0.0025252902000000295,6.762032999999493e-4,0,-0.049699999999999855,-0.08411666666666606,0,0,289,-1
1468,-576454199511,2.118982977151901,2.889687531223341,0.0,0.0,1,6766845,0.01,0.006450859799999979,-0.004709486700000059,0,-0.14594999999999983,0.029633333333333844,0,0,289,-1
1469,-576454199501,2.118983340087566,2.889688242732831,0.0,0.0,1,6766855,0.01,0.014230189799999966,0.007258713299999947,0,0.14280000000000015,-0.08411666666666606,0,0,289,-1
1470,-576454199492,2.1189834935797314,2.8896881763093214,0.0,0.0,1,6766865,0.01,-0.0013284702000000408,0.0030698432999999438,0,-0.18094999999999986,0.09088333333333387,0,0,289,-1
1471,-576454199478,2.119041100662986,2.8897429557386562,0.0,0.0,1,6766875,0.01,0.00824608979999997,-0.0011190267000000594,0,-0.014699999999999852,0.00338333333333396,0,1,290,2
1472,-576454199472,2.1190412541551513,2.889743517645646,0.0,0.0,1,6766885,0.01,0.011238139799999968,0.0030698432999999438,0,-0.005949999999999844,0.0733833333333338,0,0,290,-1
1473,-576454199461,2.119041676931816,2.8897430921761362,0.0,0.0,1,6766895,0.01,-0.008509390200000024,0.008455533299999936,0,0.12530000000000016,0.047133333333333916,0,0,290,-1
1474,-576454199451,2.119041620980481,2.8897428462296264,0.0,0.0,1,6766905,0.01,-0.004918930200000041,-0.0011190267000000594,0,-0.07594999999999988,0.09088333333333387,0,0,290,-1
1475,-576454199441,2.119041624870146,2.8897427798061166,0.0,0.0,1,6766915,0.01,-0.0013284702000000408,7.779329999994643e-5,0,-0.02344999999999986,0.22213333333333396,0,0,290,-1
1476,-576454199431,2.119042346851811,2.889742892905607,0.0,0.0,1,6766925,0.01,0.0022619897999999593,0.014439633299999938,0,-0.02344999999999986,-0.0928666666666661,0,0,290,-1
1477,-576454199421,2.119042620025976,2.889742946164097,0.0,0.0,1,6766935,0.01,0.0010651697999999538,0.005463483299999938,0,0.09030000000000014,-0.05786666666666607,0,0,290,-1
1478,-576454199389,2.118738357896038,2.8899665112601007,0.0,0.0,1,6766945,0.01,0.004655629799999971,0.0030698432999999438,0,-0.03219999999999984,-0.0666166666666661,0,1,291,1
1480,-576454199384,2.118738934164868,2.8899655406390807,0.0,0.0,1,6766965,0.01,-0.010304620200000033,6.762032999999493e-4,0,-0.049699999999999855,-0.07536666666666614,0,0,291,-1
1481,-576454199382,2.118739106964732,2.8899654626004327,0.0,0.0,1,6766974,0.009,-0.0019268802000000436,0.00426666329999995,0,0.02030000000000015,-0.10161666666666613,0,0,291,-1
1482,-576454199371,2.118739110854397,2.8899656355409227,0.0,0.0,1,6766984,0.01,0.0034588097999999822,7.779329999994643e-5,0,-0.03219999999999984,-0.04036666666666611,0,0,291,-1
1483,-576454199273,2.118739294267062,2.8899656289584126,0.0,0.0,1,6766994,0.01,-1.31650200000035e-4,0.0036682532999999466,0,0.16905000000000014,0.012133333333333995,0,0,291,-1
1484,-576454199272,2.118739986328227,2.8899659515014027,0.0,0.0,1,6767004,0.01,0.006450859799999979,0.013841223299999945,0,-0.18969999999999984,-0.03161666666666607,0,0,291,-1
1485,-576454199272,2.118740618548392,2.8899656457138927,0.0,0.0,1,6767014,0.01,-0.00611575020000003,0.012644403299999938,0,0.08155000000000015,-0.1191166666666661,0,0,291,-1
1486,-576454199272,2.118740861802057,2.8899655493698826,0.0,0.0,1,6767024,0.01,-0.0019268802000000436,0.004865073299999936,0,-0.16344999999999985,0.05588333333333395,0,0,291,-1
1487,-576454199272,2.1187411050557223,2.8899651538208726,0.0,0.0,1,6767034,0.01,-0.007910980200000039,0.004865073299999936,0,-0.049699999999999855,-0.005366666666666076,0,0,291,-1
1488,-576454199271,2.1187411687863875,2.889965177158863,0.0,0.0,1,6767044,0.01,4.667597999999679e-4,0.0012746132999999521,0,0.09030000000000014,-0.0666166666666661,0,0,291,-1
1489,-576454199271,2.1187411128350524,2.889965409940353,0.0,0.0,1,6767054,0.01,0.004655629799999971,-0.0011190267000000594,0,0.02030000000000015,0.047133333333333916,0,0,291,-1
1490,-576454199271,2.1187410568837173,2.8899657025628427,0.0,0.0,1,6767064,0.01,0.005852449799999977,-0.0011190267000000594,0,0.24780000000000016,0.06463333333333399,0,0,291,-1
1491,-576454199271,2.1187413300578823,2.8899654865368327,0.0,0.0,1,6767074,0.01,-0.004320520200000038,0.005463483299999938,0,0.04655000000000015,0.02088333333333381,0,0,291,-1
1492,-576454199270,2.1187415134705474,2.889965539795323,0.0,0.0,1,6767084,0.01,0.0010651697999999538,0.0036682532999999466,0,0.06405000000000015,-0.04036666666666611,0,0,291,-1
1493,-576454199171,2.119375283673509,2.889498591948764,0.0,0.0,1,6767094,0.01,-0.0025252902000000295,0.002471433299999941,0,0.09905000000000015,-0.022866666666666147,0,1,293,1
1494,-576454199170,2.119375556847674,2.889498525525254,0.0,0.0,1,6767104,0.01,-0.0013284702000000408,0.005463483299999938,0,-0.03219999999999984,-0.04911666666666614,0,0,293,-1
1495,-576454199170,2.119375959796024,2.889499350247932,0.0,0.0,1,6767115,0.011,0.013631779799999962,0.006660303299999944,0,-0.09344999999999984,0.1258833333333338,0,0,293,-1
1496,-576454199170,2.1193759038446887,2.889499403506422,0.0,0.0,1,6767125,0.01,0.0010651697999999538,-0.0011190267000000594,0,-0.03219999999999984,-0.15411666666666612,0,0,293,-1
1497,-576454199170,2.1193759974958537,2.889499456764912,0.0,0.0,1,6767135,0.01,0.0010651697999999538,0.001873023299999938,0,0.02030000000000015,-0.005366666666666076,0,0,293,-1
1498,-576454199169,2.119375791942019,2.889499390341402,0.0,0.0,1,6767145,0.01,-0.0013284702000000408,-0.0041110767000000735,0,-0.005949999999999844,0.029633333333333844,0,0,293,-1
1499,-576454199169,2.1193760052751838,2.889500101850892,0.0,0.0,1,6767155,0.01,0.014230189799999966,0.00426666329999995,0,-0.16344999999999985,0.00338333333333396,0,0,293,-1
1500,-576454199168,2.1193755902778486,2.889500544075882,0.0,0.0,1,6767165,0.01,0.008844499799999975,-0.00829994670000006,0,-0.08469999999999986,-0.21536666666666615,0,0,293,-1
1501,-576454199168,2.119375833531514,2.889500746936872,0.0,0.0,1,6767175,0.01,0.004057219799999968,0.004865073299999936,0,0.0028000000000001357,0.029633333333333844,0,0,293,-1
1502,-576454199167,2.1193756427973023,2.8895009839610886,0.0,0.0,1,6767184,0.009,0.005852449799999977,-0.004709486700000059,0,-0.08469999999999986,0.09088333333333387,0,0,293,-1
1503,-576454199162,2.119095756984959,2.889236485250995,0.0,0.0,1,6767194,0.01,-7.300602000000378e-4,-0.002914256700000068,0,-0.08469999999999986,-0.11036666666666606,0,1,294,2
1504,-576454199153,2.119095461669624,2.889236269224985,0.0,0.0,1,6767204,0.01,-0.004320520200000038,-0.005906306700000065,0,-0.19844999999999988,0.1521333333333339,0,0,294,-1
1505,-576454199142,2.1177764960627865,2.890207036769627,0.0,0.0,1,6767214,0.01,4.667597999999679e-4,0.00426666329999995,0,-0.10219999999999987,0.06463333333333399,0,1,295,1
1506,-576454199131,2.1177766794754516,2.890206760902617,0.0,0.0,1,6767224,0.01,-0.005517340200000027,0.0036682532999999466,0,-0.03219999999999984,0.047133333333333916,0,0,295,-1
1507,-576454199122,2.1177768928086165,2.890206694479107,0.0,0.0,1,6767234,0.01,-0.0013284702000000408,0.00426666329999995,0,0.10780000000000015,-0.1453666666666661,0,0,295,-1
1508,-576454199112,2.1177766573342813,2.890207076863097,0.0,0.0,1,6767244,0.01,0.007647679799999968,-0.004709486700000059,0,0.09030000000000014,0.03838333333333388,0,0,295,-1
1509,-576454199103,2.117777411788665,2.890207216944894,0.0,0.0,1,6767253,0.009,0.0034588097999999822,0.018628503299999943,0,-0.08469999999999986,-0.005366666666666076,0,0,295,-1
1510,-576454199093,2.11777801408833,2.890207150521384,0.0,0.0,1,6767263,0.01,-0.0013284702000000408,0.012045993299999936,0,-0.005949999999999844,0.0996333333333339,0,0,295,-1
1511,-576454199083,2.117778047898495,2.890207143938874,0.0,0.0,1,6767273,0.01,-1.31650200000035e-4,6.762032999999493e-4,0,-0.04094999999999985,0.11713333333333398,0,0,295,-1
1512,-576454199073,2.118161085958516,2.8905688641719065,0.0,0.0,1,6767283,0.01,-0.0013284702000000408,0.006061893299999941,0,-0.03219999999999984,0.19588333333333385,0,1,296,2
1513,-576454199064,2.118160910325181,2.8905686481458965,0.0,0.0,1,6767293,0.01,-0.004320520200000038,-0.0035126667000000707,0,0.011550000000000143,0.11713333333333398,0,0,296,-1
1514,-576454199053,2.118161033896846,2.8905687313248865,0.0,0.0,1,6767303,0.01,0.0016635797999999566,0.002471433299999941,0,0.0028000000000001357,0.029633333333333844,0,0,296,-1
1515,-576454199043,2.118161307071011,2.8905688145038764,0.0,0.0,1,6767313,0.01,0.0016635797999999566,0.005463483299999938,0,0.02905000000000016,-0.005366666666666076,0,0,296,-1
1516,-576454199033,2.118161370801676,2.890569376410866,0.0,0.0,1,6767323,0.01,0.011238139799999968,0.0012746132999999521,0,-0.13719999999999985,0.029633333333333844,0,0,296,-1
1517,-576454199024,2.1181617337373413,2.8905697887153563,0.0,0.0,1,6767333,0.01,0.00824608979999997,0.007258713299999947,0,-0.23344999999999985,0.047133333333333916,0,0,296,-1
1518,-576454199009,2.1181618273885063,2.890569692371346,0.0,0.0,1,6767343,0.01,-0.0019268802000000436,0.001873023299999938,0,-0.17219999999999988,-0.07536666666666614,0,0,296,-1
1519,-576454199003,2.1169333886611654,2.8914733266272346,0.0,0.0,1,6767354,0.011,0.007049269799999965,6.762032999999493e-4,0,-0.005949999999999844,0.02088333333333381,0,1,297,1
1520,-576454198993,2.1169333191049793,2.8914731516461663,0.0,0.0,1,6767363,0.009,-0.004320520200000038,-0.0017174367000000453,0,-0.10219999999999987,-0.0928666666666661,0,0,297,-1
1521,-576454198983,2.1169332033126445,2.891473324586656,0.0,0.0,1,6767373,0.01,0.0034588097999999822,-0.002315846700000065,0,-0.14594999999999983,-0.17161666666666608,0,0,297,-1
1522,-576454198974,2.1169333867253095,2.891472929037646,0.0,0.0,1,6767383,0.01,-0.007910980200000039,0.0036682532999999466,0,-0.049699999999999855,-0.15411666666666612,0,0,297,-1
1523,-576454198963,2.1169335402174747,2.891473730308636,0.0,0.0,1,6767393,0.01,0.016025419799999965,0.0030698432999999438,0,-0.005949999999999844,-0.04911666666666614,0,0,297,-1
1524,-576454198953,2.11693426219914,2.891473454441626,0.0,0.0,1,6767403,0.01,-0.005517340200000027,0.014439633299999938,0,-0.11094999999999985,-0.04036666666666611,0,0,297,-1
1525,-576454198943,2.116668649015952,2.8912220860264037,0.0,0.0,1,6767413,0.01,-0.0019268802000000436,0.005463483299999938,0,0.09905000000000015,0.02088333333333381,0,1,298,2
1526,-576454198933,2.116669041872117,2.891222199125894,0.0,0.0,1,6767423,0.01,0.0022619897999999593,0.007857123299999942,0,0.11655000000000015,0.0996333333333339,0,0,298,-1
1527,-576454198923,2.116669105602782,2.891222551589384,0.0,0.0,1,6767433,0.01,0.007049269799999965,0.0012746132999999521,0,0.12530000000000016,-0.005366666666666076,0,0,298,-1
1528,-576454198914,2.116669438617947,2.891222365483874,0.0,0.0,1,6767443,0.01,-0.0037221102000000355,0.006660303299999944,0,-0.06719999999999984,0.14338333333333386,0,0,298,-1
1529,-576454198904,2.1166697716331124,2.8912221793783637,0.0,0.0,1,6767453,0.01,-0.0037221102000000355,0.006660303299999944,0,0.0028000000000001357,-0.022866666666666147,0,0,298,-1
1530,-576454198893,2.1166694463972773,2.8912222326368537,0.0,0.0,1,6767463,0.01,0.0010651697999999538,-0.006504716700000068,0,0.08155000000000015,0.012133333333333995,0,0,298,-1
1531,-576454198883,2.116669121161442,2.8912223158158437,0.0,0.0,1,6767473,0.01,0.0016635797999999566,-0.006504716700000068,0,0.06405000000000015,-0.04911666666666614,0,0,298,-1
1532,-576454198873,2.1162368358230492,2.8915394327093216,0.0,0.0,1,6767483,0.01,-0.007312570200000036,0.001873023299999938,0,0.07280000000000016,-0.022866666666666147,0,1,299,1
1533,-576454198862,2.1162371987587143,2.8915394859678116,0.0,0.0,1,6767493,0.01,0.0010651697999999538,0.007258713299999947,0,0.20405000000000015,0.05588333333333395,0,0,299,-1
1534,-576454198852,2.116237232568879,2.8915392699418017,0.0,0.0,1,6767503,0.01,-0.004320520200000038,6.762032999999493e-4,0,-0.09344999999999984,-0.07536666666666614,0,0,299,-1
1535,-576454198844,2.116237146697044,2.8915394428822916,0.0,0.0,1,6767513,0.01,0.0034588097999999822,-0.0017174367000000453,0,-0.014699999999999852,-0.022866666666666147,0,0,299,-1
1537,-576454198761,2.1162369151123746,2.8915393100352715,-5.906306700000065e-5,-1.3165020000003501e-6,0,6767533,0.01,-1.31650200000035e-4,-0.005906306700000065,0,-0.2509499999999999,0.012133333333333995,0,0,299,-1
1538,-576454198761,2.1162366275763693,2.8915392902877413,1.5558659999987635e-6,-2.6330040000007002e-6,0,6767543,0.01,-1.31650200000035e-4,0.006061893299999941,0,0.02905000000000016,-0.03161666666666607,0,0,299,-1
1539,-576454198761,2.1162369462296944,2.891539556580191,6.217479899999818e-5,5.589149399999907e-5,0,6767553,0.01,0.005852449799999977,0.006061893299999941,0,0.011550000000000143,-0.022866666666666147,0,0,299,-1
1540,-576454198760,2.116237920958799,2.891540296627854,1.544316686999976e-4,1.0856354219999886e-4,0,6767562,0.009,0.005852449799999977,0.010250763299999936,0,0.055300000000000155,-0.10161666666666613,0,0,299,-1
1541,-576454198760,2.116239696821259,2.891541157027736,1.6845241499999707e-4,4.7872799999998564e-5,0,6767573,0.011,-0.005517340200000027,0.0012746132999999521,0,0.055300000000000155,0.0996333333333339,0,0,299,-1
1542,-576454198760,2.116241445892904,2.8915414584408685,0.0,0.0,1,6767584,0.011,-0.0037221102000000355,-0.0017174367000000453,0,0.21280000000000016,0.09088333333333387,0,0,299,-1
1543,-576454198659,2.116241509623569,2.8915416313813584,0.0,0.0,1,6767594,0.01,0.0034588097999999822,0.0012746132999999521,0,0.02905000000000016,0.10838333333333394,0,0,299,-1
1544,-576454198659,2.116393446754923,2.8916848339371946,0.0,0.0,1,6767604,0.01,-0.008509390200000024,-0.0017174367000000453,0,-0.03219999999999984,-0.05786666666666607,0,1,300,2
1545,-576454198658,2.1163937498495877,2.8916847076726846,0.0,0.0,1,6767614,0.01,-0.0025252902000000295,0.006061893299999941,0,-0.04094999999999985,-0.03161666666666607,0,0,300,-1
1546,-576454198658,2.116393903341753,2.8916850302156747,0.0,0.0,1,6767624,0.01,0.006450859799999979,0.0030698432999999438,0,-0.16344999999999985,-0.10161666666666613,0,0,300,-1
1547,-576454198658,2.116394056833918,2.8916844551436647,0.0,0.0,1,6767634,0.01,-0.011501440200000022,0.0030698432999999438,0,-0.14594999999999983,-0.022866666666666147,0,0,300,-1
1548,-576454198657,2.1163942103260833,2.8916842391176547,0.0,0.0,1,6767644,0.01,-0.004320520200000038,0.0030698432999999438,0,-0.014699999999999852,-0.15411666666666612,0,0,300,-1
1549,-576454198657,2.1163946929437483,2.891684561660645,0.0,0.0,1,6767654,0.01,0.006450859799999979,0.009652353299999942,0,0.08155000000000015,-0.1453666666666661,0,0,300,-1
1550,-576454198657,2.1163946968334133,2.8916845550781347,0.0,0.0,1,6767664,0.01,-1.31650200000035e-4,7.779329999994643e-5,0,-0.05844999999999986,0.03838333333333388,0,0,300,-1
1551,-576454198657,2.116394551120578,2.8916848477006245,0.0,0.0,1,6767674,0.01,0.005852449799999977,-0.002914256700000068,0,0.07280000000000016,0.10838333333333394,0,0,300,-1
1552,-576454198657,2.1163947046127434,2.8916846017541147,0.0,0.0,1,6767684,0.01,-0.004918930200000041,0.0030698432999999438,0,-0.12844999999999987,0.012133333333333995,0,0,300,-1
1553,-576454198657,2.1163948281844083,2.8916847447741048,0.0,0.0,1,6767694,0.01,0.0028603997999999626,0.002471433299999941,0,-0.03219999999999984,-0.04036666666666611,0,0,300,-1
1554,-576454198652,2.1163947423125733,2.8916848279530947,0.0,0.0,1,6767704,0.01,0.0016635797999999566,-0.0017174367000000453,0,-0.21594999999999984,0.10838333333333394,0,0,300,-1
1555,-576454198642,2.116937969293458,2.892195305931304,0.0,0.0,1,6767714,0.01,-0.012698260200000028,-0.005307896700000063,0,-0.22469999999999987,0.0733833333333338,0,1,302,2
1556,-576454198633,2.116937943262623,2.892195269428294,0.0,0.0,1,6767724,0.01,-7.300602000000378e-4,-5.206167000000564e-4,0,0.011550000000000143,-0.05786666666666607,0,0,302,-1
1557,-576454198623,2.1169376313503867,2.8921953852744857,0.0,0.0,1,6767733,0.009,0.0028603997999999626,-0.007701536700000057,0,-0.06719999999999984,-0.022866666666666147,0,0,302,-1
1558,-576454198613,2.116652563188005,2.8924038235305276,0.0,0.0,1,6767743,0.01,-1.31650200000035e-4,0.001873023299999938,0,-0.21594999999999984,0.029633333333333844,0,1,303,1
1559,-576454198603,2.1166522379521697,2.8924036374250175,0.0,0.0,1,6767753,0.01,-0.0037221102000000355,-0.006504716700000068,0,-0.049699999999999855,0.00338333333333396,0,0,303,-1
1560,-576454198594,2.1166522653384034,2.8924039713916545,0.0,0.0,1,6767762,0.009,0.00824608979999997,6.762032999999493e-4,0,0.02905000000000016,0.00338333333333396,0,0,303,-1
1561,-576454198584,2.1166523889100683,2.8924040844911447,0.0,0.0,1,6767772,0.01,0.0022619897999999593,0.002471433299999941,0,-0.11094999999999985,0.08213333333333384,0,0,303,-1
1562,-576454198574,2.1166526321637336,2.8924036889421347,0.0,0.0,1,6767782,0.01,-0.007910980200000039,0.004865073299999936,0,-0.005949999999999844,0.0996333333333339,0,0,303,-1
1563,-576454198564,2.1166525762123984,2.892403742200625,0.0,0.0,1,6767792,0.01,0.0010651697999999538,-0.0011190267000000594,0,-0.16344999999999985,-0.05786666666666607,0,0,303,-1
1564,-576454198554,2.1166526399430636,2.8924039151411147,0.0,0.0,1,6767802,0.01,0.0034588097999999822,0.0012746132999999521,0,-0.17219999999999988,-0.0928666666666661,0,0,303,-1
1565,-576454198544,2.117452389674257,2.8931555072158295,0.0,0.0,1,6767812,0.01,-0.0013284702000000408,-0.002315846700000065,0,0.011550000000000143,0.029633333333333844,0,1,304,2
1566,-576454198534,2.117452453404922,2.8931555305538197,0.0,0.0,1,6767822,0.01,4.667597999999679e-4,0.0012746132999999521,0,-0.14594999999999983,-0.17161666666666608,0,0,304,-1
1567,-576454198524,2.1174529958635873,2.8931556137328096,0.0,0.0,1,6767832,0.01,0.0016635797999999566,0.010849173299999938,0,-0.08469999999999986,-0.022866666666666147,0,0,304,-1
1568,-576454198514,2.1174532690377523,2.8931553378657995,0.0,0.0,1,6767842,0.01,-0.005517340200000027,0.005463483299999938,0,-0.10219999999999987,-0.18911666666666616,0,0,304,-1
1569,-576454198504,2.1174531532454175,2.8931559596137895,-2.3158467000000652e-5,1.2434959799999975e-4,0,6767852,0.01,0.012434959799999975,-0.002315846700000065,0,-2.0622000000000003,0.03838333333333388,0,0,304,-1
1570,-576454198495,2.1174533145169123,2.8931571067657593,5.541276599999877e-5,1.0508079599999932e-4,0,6767862,0.01,-0.0019268802000000436,0.007857123299999942,0,0.17780000000000015,-0.18036666666666612,0,0,304,-1
1571,-576454198484,2.1174537827727375,2.8931582706732097,3.823839899999832e-5,1.2770069399999892e-4,0,6767872,0.01,0.0022619897999999593,-0.0017174367000000453,0,0.08155000000000015,-0.04911666666666614,0,0,304,-1
1572,-576454198474,2.1176269864112105,2.893032978458621,-1.2490154976773663e-6,1.0664472153424914e-4,0,6767882,0.01,-0.0019268802000000436,-0.0041110767000000735,0,0.03780000000000014,-0.1191166666666661,0,1,305,1
1573,-576454198464,2.1176266786057205,2.8930341580053267,-6.0312082497678015e-5,1.2926461953424875e-4,0,6767892,0.01,0.0022619897999999593,-0.005906306700000065,0,0.10780000000000015,0.012133333333333995,0,0,305,-1
1574,-576454198453,2.1176264055392617,2.8930358007671697,0.0,0.0,1,6767901,0.009,0.01183654979999997,0.006660303299999944,0,-0.03219999999999984,0.10838333333333394,0,0,305,-1
1575,-576454198445,2.117626588951927,2.8930355847411597,0.0,0.0,1,6767911,0.01,-0.004320520200000038,0.0036682532999999466,0,-0.11969999999999983,0.012133333333333995,0,0,305,-1
1576,-576454198436,2.1176268920465917,2.8930353687151498,0.0,0.0,1,6767921,0.01,-0.004320520200000038,0.006061893299999941,0,0.02905000000000016,-0.04036666666666611,0,0,305,-1
1577,-576454198425,2.117627254982257,2.89303551173514,0.0,0.0,1,6767931,0.01,0.0028603997999999626,0.007258713299999947,0,0.055300000000000155,-0.022866666666666147,0,0,305,-1
1578,-576454198415,2.1176271092694217,2.89303562483463,0.0,0.0,1,6767941,0.01,0.0022619897999999593,-0.002914256700000068,0,-0.05844999999999986,-0.10161666666666613,0,0,305,-1
1579,-576454198405,2.1182867889277595,2.8936551538035906,0.0,0.0,1,6767951,0.01,0.005254039799999974,0.004865073299999936,0,-0.014699999999999852,0.06463333333333399,0,1,306,2
1580,-576454198395,2.1182871219429247,2.8936551472210805,0.0,0.0,1,6767961,0.01,-1.31650200000035e-4,0.006660303299999944,0,-0.04094999999999985,0.02088333333333381,0,0,306,-1
1581,-576454198385,2.1182874250375896,2.8936546020695704,0.0,0.0,1,6767971,0.01,-0.010903030200000035,0.006061893299999941,0,0.16905000000000014,0.10838333333333394,0,0,306,-1
1582,-576454198375,2.1182874289272546,2.8936552238175604,0.0,0.0,1,6767981,0.01,0.012434959799999975,7.779329999994643e-5,0,-0.11094999999999985,0.00338333333333396,0,0,306,-1
1583,-576454198366,2.1182875524989195,2.8936552172350503,0.0,0.0,1,6767991,0.01,-1.31650200000035e-4,0.002471433299999941,0,0.06405000000000015,-0.04036666666666611,0,0,306,-1
1584,-576454198355,2.1182874367065847,2.89365530041404,0.0,0.0,1,6768001,0.01,0.0016635797999999566,-0.002315846700000065,0,-0.09344999999999984,-0.07536666666666614,0,0,306,-1
1585,-576454198345,2.118023017259698,2.893848629132125,0.0,0.0,1,6768011,0.01,0.0028603997999999626,-0.002914256700000068,0,-0.02344999999999986,0.012133333333333995,0,1,307,1
1586,-576454198335,2.118023021149363,2.8938490115161146,0.0,0.0,1,6768021,0.01,0.007647679799999968,7.779329999994643e-5,0,0.22155000000000016,-0.07536666666666614,0,0,307,-1
1589,-576454198250,2.118023840671858,2.8938495901785846,0.0,0.0,1,6768051,0.01,-0.0019268802000000436,0.013242813299999942,0,0.20405000000000015,0.03838333333333388,0,0,307,-1
1590,-576454198249,2.118024592574023,2.8938493741525746,0.0,0.0,1,6768061,0.01,-0.004320520200000038,0.015038043299999942,0,-0.03219999999999984,-0.08411666666666606,0,0,307,-1
1591,-576454198248,2.118024925589188,2.8938487691600647,0.0,0.0,1,6768071,0.01,-0.012099850200000024,0.006660303299999944,0,-0.06719999999999984,-0.0666166666666661,0,0,307,-1
1592,-576454198248,2.1180248097968533,2.8938482240085546,0.0,0.0,1,6768081,0.01,-0.010903030200000035,-0.002315846700000065,0,-0.04094999999999985,0.02088333333333381,0,0,307,-1
1593,-576454198248,2.118025023130018,2.8938483969490445,0.0,0.0,1,6768091,0.01,0.0034588097999999822,0.00426666329999995,0,0.02030000000000015,-0.0666166666666661,0,0,307,-1
1594,-576454198248,2.1180252963041832,2.8938482706845345,0.0,0.0,1,6768101,0.01,-0.0025252902000000295,0.005463483299999938,0,-0.08469999999999986,0.05588333333333395,0,0,307,-1
