1,-576459484186,0.9000003246867101,3.1499998271746414,3.818881210529173e-6,3.3553436085101856e-5,1.2839681737062653e-4,0.001735381734711521,0,1414861,0.026,0.0017972246999997925,1.2965550000002132e-4,0,-0.08805416666666678,-0.05970416666666678,0,1,31,1
2,-576459484175,0.9000001771105416,3.1500003053319348,-5.98157321296114e-6,5.287448387164236e-5,-0.0024985066613244537,0.0017897003003114957,0,1414872,0.011,0.0017972246999997925,-0.0028623944999999844,0,-0.07930416666666679,-0.07720416666666674,0,0,31,-1
3,-576459484163,0.9000001536791729,3.150000959959075,-1.728136148445554e-5,6.961169558959682e-5,0.00610379852871513,2.2192984945447534e-4,0,1414883,0.011,1.9946999997669246e-6,0.007310575500000022,0,-0.02680416666666678,0.0715458333333332,0,0,31,-1
4,-576459484152,0.9000001175227872,3.1500012864341973,4.380786822148602e-5,8.61833332049628e-5,-1.8484973480355012e-4,0.011573962837612323,0,1414895,0.012,0.013167014699999762,-0.0010671644999999759,0,0.043195833333333225,-0.05970416666666678,0,1,32,2
5,-576459484141,0.9000006277067102,3.150002799530686,0.0,0.0,0.0,0.0,1,1414906,0.011,-0.0017932353000002248,0.0037201155000000214,0,-0.16680416666666678,-0.033454166666666785,0,0,32,-1
6,-576459484116,0.9000006586830447,3.1500028194784027,4.641961965496564e-6,2.989273852518615e-6,0.003262365140331561,0.002100858194926274,0,1414916,0.01,0.0023956346999997784,0.0037201155000000214,0,-0.2543041666666668,-0.015954166666666714,0,0,32,-1
7,-576459484115,0.9000008052150184,3.1500029948433332,2.750339010637725e-5,3.0262026854327284e-5,-0.0036830907500310364,0.0065575811063517744,0,1414926,0.01,0.007182914699999768,-0.004657624499999985,0,-0.3505541666666668,-0.05970416666666678,0,0,32,-1
8,-576459484111,0.9000009120144058,3.1500035830571567,-6.844487798464224e-6,8.924261195415385e-5,-0.0019138245313852483,0.0018581967141682977,0,1414936,0.01,0.0011988146999997726,-0.0016655744999999789,0,-0.1493041666666668,-0.007204166666666678,0,0,32,-1
9,-576459484101,0.9000007262552985,3.1500045490491067,-2.93589948781071e-5,1.0480416478477839e-4,-0.004320007180529516,-2.9438179244027076e-4,0,1414946,0.01,-5.964153000002189e-4,-0.004657624499999985,0,-0.15805416666666677,-0.05970416666666678,0,0,32,-1
10,-576459484090,0.9000047197493496,3.1499958328197817,-3.2998903654021496e-5,4.874028906159241e-5,0.0016815476194166712,0.010985178698096535,0,1414956,0.01,0.012568604699999776,0.002523295500000016,0,-0.2718041666666668,0.08029583333333323,0,1,33,1
11,-576459484080,0.9000044113735627,3.1499969713084677,-2.1384307044390846e-5,1.6048388117097698e-4,-0.00282805169069094,0.005026887043440958,0,1414967,0.011,0.00419086469999977,-0.003460804499999987,0,-0.28055416666666677,-0.11220416666666677,0,0,33,-1
12,-576459484070,0.9000040851802984,3.149998820661635,-4.524189905027853e-5,2.097129481531607e-4,2.904946976903509e-4,0.004293735035242422,0,1414977,0.01,0.00419086469999977,7.280655000000242e-4,0,-0.3155541666666668,-0.050954166666666745,0,0,33,-1
13,-576459484060,0.9000036365184452,3.1500010984400952,-4.400973391248877e-5,2.473624139687286e-4,-9.001081313427326e-4,5.300819820254553e-4,0,1414987,0.01,1.9946999997669246e-6,-0.0010671644999999759,0,-0.14055416666666679,-0.07720416666666674,0,0,33,-1
14,-576459484045,0.9000031359385617,3.1500036368816957,-5.5425751112001804e-5,2.586413618105772e-4,-0.0026209403592471576,0.004789969550406361,0,1414997,0.01,0.005387684699999775,-0.0028623944999999844,0,-0.2105541666666668,-0.015954166666666714,0,0,33,-1
15,-576459484036,0.9000024345846381,3.1500063873392636,-8.414129098183676e-5,2.9475872295518785e-4,-0.004407015910425525,-0.0036070755497198403,0,1415007,0.01,-0.004785285300000222,-0.004657624499999985,0,-0.13180416666666678,-0.08595416666666678,0,0,33,-1
16,-576459484024,0.9000013661314618,3.1500091500044363,-1.2925614755941264e-4,2.5797453745588986e-4,-0.00515156501108988,-0.004115532476267271,0,1415017,0.01,-0.004186875300000202,-0.005256034499999979,0,-0.20180416666666678,0.19404583333333325,0,0,33,-1
17,-576459484013,0.8999998528871395,3.1500114762629483,0.0,0.0,0.0,0.0,1,1415027,0.01,-0.010170975300000197,-4.6875449999998157e-4,0,-0.22805416666666678,-0.050954166666666745,0,0,33,-1
18,-576459484007,0.8999998680530785,3.150011443275066,2.3685207178750205e-6,-5.151839364580115e-6,0.0016880334370831735,-0.003671691382837008,0,1415037,0.01,-0.004186875300000202,0.0019248855000000215,0,-0.3243041666666668,-0.21720416666666675,0,0,33,-1
19,-576459483999,0.8999999655027064,3.1500112090974235,1.6448485988501018e-5,-3.902185556054919e-5,-0.0012529219250221677,5.995118255332473e-4,0,1415048,0.011,0.0011988146999997726,-0.0016655744999999789,0,-0.16680416666666678,-0.050954166666666745,0,0,33,-1
20,-576459483989,0.9000000541925676,3.1500108293064413,1.917483371445101e-6,-3.6002719295465494e-5,-0.002664353162168938,-0.0014988141031441237,0,1415058,0.01,-0.0017932353000002248,-0.0028623944999999844,0,-0.09680416666666679,-0.033454166666666785,0,0,33,-1
21,-576459483979,0.8999999480710541,3.150010434717383,-2.349544577569354e-5,-4.471787089985389e-5,-0.0017884715692189246,0.0029659875574664677,0,1415068,0.01,0.003592454699999784,-0.0016655744999999789,0,-0.28055416666666677,-0.18220416666666683,0,0,33,-1
22,-576459483969,0.8999996105028286,3.1500100841411243,-4.343825904169546e-5,-2.312439363340251e-5,-0.0032550283618664366,-0.002781957234672593,0,1415078,0.01,-0.0035884653000002164,-0.003460804499999987,0,-0.1493041666666668,-0.05970416666666678,0,0,33,-1
23,-576459483959,0.8999990919118894,3.150009735737309,-6.37239280309737e-5,-4.7518317989461526e-5,0.005485728692369034,-3.405632125558066e-4,0,1415088,0.01,1.9946999997669246e-6,0.0067121655000000275,0,-0.2105541666666668,0.04529583333333331,0,0,33,-1
24,-576459483948,0.9000122858643655,3.149979019368838,3.6918814878621884e-5,-1.6128654346387635e-4,-0.003409273856973654,0.005731866662206149,0,1415099,0.011,0.006584504699999782,-0.004657624499999985,0,-0.2630541666666668,0.0715458333333332,0,1,35,1
25,-576459483938,0.9000125078849164,3.1499776227267007,2.5825372405160513e-6,-9.384815932320293e-5,-0.0013553548535417798,0.008578698784873395,0,1415110,0.011,0.008978144699999758,-0.0010671644999999759,0,-0.2368041666666668,0.027795833333333242,0,0,35,-1
26,-576459483927,0.9000125126013733,3.149977121386054,-3.904846260942005e-6,-6.818456047455899e-6,0.0036203695491760454,0.009453771172360667,0,1415120,0.01,0.00957655469999978,0.004318525500000016,0,-0.2630541666666668,-0.10345416666666674,0,0,35,-1
27,-576459483917,0.9000126173541347,3.14997750786031,2.6522361964661573e-5,8.492086033388929e-5,-4.90375849693091e-4,0.007462337574797645,0,1415130,0.01,0.007182914699999768,-0.0010671644999999759,0,-0.28055416666666677,0.019045833333333206,0,0,35,-1
28,-576459483907,0.9000129195976133,3.1499788412764316,3.1219228748463626e-5,1.7687545670404318e-4,0.006350689096424972,0.019811950568554254,0,1415140,0.01,0.021544754699999804,0.007310575500000022,0,-0.20180416666666678,0.04529583333333331,0,0,35,-1
29,-576459483897,0.9000134720063476,3.1499813643525787,8.265306411411789e-5,3.381009332603881e-4,-0.002253526197675682,-0.006481655678521429,0,1415150,0.01,-0.010170975300000197,-0.003460804499999987,0,-0.18430416666666677,-0.15595416666666684,0,0,35,-1
30,-576459483886,0.9000108753423576,3.149971699683062,4.704197353945532e-5,2.348750580113642e-4,-0.0038370610410106967,-0.003944587565656073,0,1415160,0.01,-0.0035884653000002164,-0.004059214499999982,0,-0.10555416666666678,0.0977958333333333,0,1,36,2
31,-576459483876,0.9000112408744062,3.1499741082295794,1.6550471228100658e-5,2.0077108591453832e-4,0.003839779409670249,0.002140264375939104,0,1415171,0.011,0.0029940446999997643,0.004916935500000019,0,-0.2368041666666668,-0.1734541666666668,0,0,36,-1
32,-576459483866,0.900011553391235,3.149976190819071,4.8100975524677995e-5,2.1728143758721692e-4,-9.88155281769711e-4,-0.001309228582338724,0,1415181,0.01,-0.0017932353000002248,-0.0016655744999999789,0,-0.4205541666666668,0.08029583333333323,0,0,36,-1
33,-576459483856,0.9000119606366042,3.149978384506921,3.443554805355469e-5,2.1760160414936283e-4,-0.003681328796576255,0.008237087896967813,0,1415191,0.01,0.00957655469999978,-0.004059214499999982,0,-0.2193041666666668,-0.07720416666666674,0,0,36,-1
34,-576459483846,0.9000121415443443,3.1499809168644117,8.394455674015764e-7,2.913106594792176e-4,-0.0013888304933526484,0.0020648555767554125,0,1415201,0.01,0.0011988146999997726,-0.0010671644999999759,0,-0.3155541666666668,-0.033454166666666785,0,0,36,-1
35,-576459483836,0.9000121254721458,3.14998396411377,-6.025967790737577e-6,3.167842931305727e-4,0.003616250460354074,0.0055035966108767116,0,1415211,0.01,0.005986094699999761,0.004318525500000016,0,-0.018054166666666788,0.0015458333333331353,0,0,36,-1
36,-576459483825,0.9000121808346072,3.1499873637890627,1.9955727615513245e-5,3.650506670475239e-4,-0.003639546098621882,6.789522447152646e-4,0,1415221,0.01,1.9946999997669246e-6,-0.004657624499999985,0,-0.22805416666666678,-0.19095416666666676,0,0,36,-1
37,-576459483816,0.9000487087189722,3.149910620231414,9.478425143111142e-5,1.6685705221753522e-4,0.00386431163247069,0.01320421735253489,0,1415231,0.01,0.014962244699999754,0.004916935500000019,0,-0.18430416666666677,-0.015954166666666714,0,1,37,1
38,-576459483805,0.9000499399463001,3.149913215793033,1.3069148458857567e-4,3.0644736076147153e-4,-4.603594224000581e-4,0.00949815174758505,0,1415242,0.011,0.008978144699999758,-0.0010671644999999759,0,-0.15805416666666677,-0.015954166666666714,0,0,37,-1
39,-576459483795,0.900051243329419,3.1499167264828567,0.0,0.0,0.0,0.0,1,1415252,0.01,0.005986094699999761,0.0019248855000000215,0,-0.2105541666666668,-0.1997041666666668,0,0,37,-1
40,-576459483784,0.9000512206278325,3.1499167502284915,0.0,0.0,0.0,0.0,1,1415262,0.01,0.0029940446999997643,-0.0028623944999999844,0,-0.2368041666666668,-0.12095416666666681,0,0,37,-1
41,-576459483774,0.9000511779084562,3.1499168051324826,-6.2346087868955195e-6,8.012874045643095e-6,-0.004084516140506894,0.0052495216007112395,0,1415273,0.011,0.005986094699999761,-0.004657624499999985,0,-0.2980541666666668,-0.02470416666666675,0,0,37,-1
42,-576459483764,0.9000509213225218,3.1499170901909044,-4.555972476930664e-5,5.174847885537477e-5,-0.0030127733312028697,-9.266427153735764e-4,0,1415283,0.01,-0.0017932353000002248,-0.0028623944999999844,0,-0.2193041666666668,-0.04220416666666682,0,0,37,-1
43,-576459483754,0.9000502972948798,3.149917625661988,-7.845140335648246e-5,5.2473921224165755e-5,-0.0049800071542223465,0.006185055137353688,0,1415293,0.01,0.007182914699999768,-0.005256034499999979,0,-0.3418041666666668,0.04529583333333331,0,0,37,-1
44,-576459483743,0.9000453450922238,3.1499037159757157,-1.2919090080417404e-4,9.520244284549481e-5,0.0036991235102941788,0.01283260510513397,0,1415304,0.011,0.013765424699999782,0.004916935500000019,0,-0.2893041666666668,0.0715458333333332,0,1,38,2
45,-576459483733,0.9000442285305751,3.149905322137798,-9.366213486638958e-5,2.2543299045845125e-4,0.002667978022608395,0.014175420953650548,0,1415314,0.01,0.014363834699999767,0.002523295500000016,0,-0.13180416666666678,0.06279583333333316,0,0,38,-1
46,-576459483722,0.9000433956855987,3.149908182324964,-7.158445876338748e-5,3.511986031200218e-4,-6.075651047276632e-4,0.0027955517323259467,0,1415324,0.01,0.0011988146999997726,-0.0010671644999999759,0,-0.12305416666666678,0.10654583333333312,0,0,38,-1
47,-576459483709,0.9000426552775012,3.1499118073352093,-7.675283079741894e-5,3.749797120690611e-4,3.894245704003465e-5,-1.7904273994281007e-4,0,1415334,0.01,-5.964153000002189e-4,1.2965550000002132e-4,0,-0.1755541666666668,-0.11220416666666677,0,0,38,-1
48,-576459483703,0.9000418574021705,3.1499155684690594,-8.140618139629874e-5,3.7635742085619534e-4,-0.003554947139976775,0.0020788274597790674,0,1415344,0.01,0.0023956346999997784,-0.004059214499999982,0,-0.061804166666666785,0.06279583333333316,0,0,38,-1
49,-576459483693,0.9000409323435031,3.1499194101913233,-1.0653119974154187e-4,3.931175424515751e-4,0.0038744927780469916,-7.920109978367023e-4,0,1415354,0.01,-0.0011948253000002049,0.004916935500000019,0,-0.2893041666666668,-0.23470416666666682,0,0,38,-1
50,-576459483683,0.9000872393332522,3.149819634809808,3.835256471314673e-5,1.7831244316180578e-4,0.007937484276494856,0.009349940990621815,0,1415364,0.01,0.010773374699999784,0.00850739550000002,0,-0.22805416666666678,0.10654583333333312,0,1,39,1
51,-576459483672,0.900088047958654,3.1498221694592035,1.1201146512258176e-4,2.8226595024855993e-4,-0.0010087207845732027,0.010073447717542405,0,1415375,0.011,0.010174964699999765,-0.002263984499999973,0,-0.1755541666666668,-0.050954166666666745,0,0,39,-1
52,-576459483662,0.9000890780463063,3.1498253597395673,9.589737696328668e-5,3.622870545417144e-4,-0.005258191030209882,-0.00453128925697251,0,1415385,0.01,-0.006580515300000213,-0.005854444499999982,0,-0.20180416666666678,-0.12095416666666681,0,0,39,-1
53,-576459483651,0.9000897982701066,3.149829090475228,3.565453223349132e-5,3.153100252395365e-4,-0.00683063155831007,-0.0026549228222821604,0,1415396,0.011,-0.0023916453000002104,-0.00705126449999998,0,-0.2543041666666668,-0.015954166666666714,0,0,39,-1
54,-576459483641,0.9000898799953058,3.149832171710353,-2.2504732203367e-5,2.9802102271648157e-4,3.2276507972083673e-4,0.003873285910062442,0,1415406,0.01,0.0047892746999997895,0.0013264755000000185,0,-5.54166666666786e-4,0.019045833333333206,0,0,39,-1
55,-576459483631,0.9000896553141176,3.149835295889529,-2.172697829325097e-5,3.2903465941519055e-4,-0.0014209145806249883,-0.0016207621066178157,0,1415416,0.01,-0.0023916453000002104,-0.0016655744999999789,0,-0.12305416666666678,-0.007204166666666678,0,0,39,-1
56,-576459483620,0.9000894830676767,3.149838508557591,-1.7825977137488032e-5,3.133512292337147e-4,0.011483961113282105,-0.001247235696005367,0,1415426,0.01,-0.0011948253000002049,0.013294675500000016,0,-0.1930541666666668,0.06279583333333316,0,0,39,-1
57,-576459483610,0.9001373573253173,3.1500235394173917,1.706601445943258e-4,6.53035598957463e-4,-0.006869528034672825,0.004571798277465711,0,1415437,0.011,0.005387684699999775,-0.009444904499999983,0,-0.02680416666666678,-0.050954166666666745,0,1,40,2
58,-576459483582,0.900138998536497,3.1500310693731803,0.0,0.0,0.0,0.0,1,1415448,0.011,0.011970194699999756,0.01209785550000002,0,-0.22805416666666678,-0.11220416666666677,0,0,40,-1
59,-576459483582,0.9001389799188988,3.150031064469469,-2.819532603985892e-6,-7.427652123907814e-7,-0.0019854072032013973,-5.23027976878769e-4,0,1415458,0.01,-5.964153000002189e-4,-0.002263984499999973,0,-0.33305416666666676,0.054045833333333126,0,0,40,-1
60,-576459483579,0.900138821734335,3.150031092072083,-2.744145199034459e-5,3.5230515516777275e-6,-0.00537836970737,0.006234718861994002,0,1415468,0.01,0.007182914699999768,-0.005854444499999982,0,-0.2543041666666668,-0.09470416666666681,0,0,40,-1
61,-576459483569,0.900138402102564,3.150031375709207,-6.19265593696476e-5,5.5990242765786e-5,0.008373120569210758,-8.05416801564757e-4,0,1415478,0.01,-0.0017932353000002248,0.01030262550000002,0,-0.14055416666666679,-0.007204166666666678,0,0,40,-1
62,-576459483559,0.9001381412472869,3.1500319205661995,1.2397396143591246e-5,5.187497277129122e-5,0.0016687692791367307,0.002001753790382751,0,1415488,0.01,0.0023956346999997784,7.280655000000242e-4,0,-0.018054166666666788,-0.07720416666666674,0,0,40,-1
63,-576459483549,0.9001383365328959,3.1500324717831436,2.7191244931041016e-5,6.133222651733125e-5,3.1903937434073996e-4,-0.0055244898176716895,0,1415498,0.01,-0.006580515300000213,1.2965550000002132e-4,0,-0.28055416666666677,0.019045833333333206,0,0,40,-1
64,-576459483537,0.9003482552791182,3.1495749342093338,3.9981230468354834e-4,-7.738830528354985e-4,0.006975524505749117,0.001420061739028801,0,1415509,0.011,0.0023956346999997784,0.007908985500000024,0,-0.16680416666666678,-0.06845416666666682,0,1,41,1
65,-576459483527,0.9003530274237672,3.1495665053006205,4.697163490714554e-4,-7.585614479610326e-4,0.0025463532535694123,0.0012260385621987871,0,1415520,0.011,0.0011988146999997726,0.0019248855000000215,0,-5.54166666666786e-4,-0.05970416666666678,0,0,41,-1
66,-576459483516,0.9003578271106134,3.1495589758425617,4.914249123183378e-4,-7.470802183779799e-4,-9.775347612115673e-5,6.773872898174287e-4,0,1415530,0.01,6.004046999997868e-4,-4.6875449999998157e-4,0,-0.22805416666666678,-0.015954166666666714,0,0,41,-1
67,-576459483506,0.9003632179270263,3.149550820315005,4.89050405080813e-4,-7.365241396004776e-4,-9.478810408955094e-4,0.0027089861411019574,0,1415541,0.011,0.0029940446999997643,-0.0010671644999999759,0,-0.1493041666666668,-0.02470416666666675,0,0,41,-1
68,-576459483496,0.9003680404821766,3.14954357817024,0.0,0.0,0.0,0.0,1,1415551,0.01,0.0011988146999997726,-0.003460804499999987,0,-0.1930541666666668,-0.08595416666666678,0,0,41,-1
69,-576459483486,0.900368008282466,3.1495436731237927,0.0,0.0,0.0,0.0,1,1415561,0.01,0.011970194699999756,-0.004059214499999982,0,-0.12305416666666678,-0.02470416666666675,0,0,41,-1
70,-576459483475,0.9003680895446083,3.1495437297791598,0.0,0.0,0.0,0.0,1,1415571,0.01,0.007182914699999768,0.01030262550000002,0,-0.09680416666666679,-0.007204166666666678,0,0,41,-1
71,-576459483465,0.9002381221346747,3.1490548544275883,-2.0273331202061618e-4,-7.641215986651282e-4,-2.2304260438373971e-7,-8.637655061806869e-7,1,1415582,0.011,-0.008974155300000225,-0.008248084499999976,0,-0.2368041666666668,0.1502958333333333,0,1,42,2
72,-576459483455,0.9002361300727585,3.1490472082977243,0.0,0.0,0.0,0.0,1,1415592,0.01,-5.964153000002189e-4,0.004318525500000016,0,-0.09680416666666679,-0.13845416666666677,0,0,42,-1
73,-576459483445,0.9002361738132747,3.149047241528697,0.0,0.0,0.0,0.0,1,1415602,0.01,0.00419086469999977,0.005515345500000013,0,-0.16680416666666678,-0.05970416666666678,0,0,42,-1
75,-576459483411,0.9002361003659662,3.1490471991078213,0.0,0.0,0.0,0.0,1,1415622,0.01,-0.0035884653000002164,-0.003460804499999987,0,-0.1755541666666668,0.10654583333333312,0,0,42,-1
76,-576459483410,0.9002360495235199,3.1490471802639064,0.0,0.0,0.0,0.0,1,1415632,0.01,-0.0023916453000002104,-0.006452854499999985,0,-0.10555416666666678,0.03654583333333328,0,0,42,-1
77,-576459483404,0.900235984537673,3.1490471614203694,-1.0149052624680606e-5,-2.9428570954397415e-6,-0.007233179546465103,-0.002097359679857907,0,1415642,0.01,-0.0023916453000002104,-0.008248084499999976,0,-0.2630541666666668,0.08029583333333323,0,0,42,-1
78,-576459483394,0.900458267755783,3.1485658238611762,2.336856726140314e-4,-7.041694337864883e-4,-0.005499003654665106,0.008139416797989936,0,1415653,0.011,0.00957655469999978,-0.005256034499999979,0,-0.13180416666666678,0.0015458333333331353,0,1,43,1
79,-576459483383,0.9004605815244632,3.1485585387891235,1.8403998744897978e-4,-6.191639896838629e-4,0.0015361728352338514,0.005201500812669062,0,1415664,0.011,0.0047892746999997895,0.002523295500000016,0,-0.07930416666666679,0.01029583333333317,0,0,43,-1
80,-576459483373,0.9004625412855306,3.1485524660723243,2.0584780231320453e-4,-5.885293477906022e-4,0.006075273310676141,-0.009853764529711855,0,1415674,0.01,-0.011966205300000223,0.0067121655000000275,0,-0.2630541666666668,-0.11220416666666677,0,0,43,-1
81,-576459483362,0.9004650796677626,3.148545591916922,2.5909341860405486e-4,-6.684739634843028e-4,-0.0028121926150285028,0.008760037080933456,0,1415685,0.011,0.011371784699999771,-0.004059214499999982,0,0.043195833333333225,-0.13845416666666677,0,0,43,-1
82,-576459483352,0.9004675295815544,3.1485392343833607,2.309090422918859e-4,-5.977236606875576e-4,-0.0028562172910086914,-0.0031185692543975845,0,1415695,0.01,-0.004785285300000222,-0.0028623944999999844,0,-0.2193041666666668,-0.20845416666666683,0,0,43,-1
83,-576459483342,0.9004696720776748,3.148533097490838,1.9865264847940774e-4,-6.294883286334792e-4,-0.005485520582425143,-0.0035306458360593995,0,1415705,0.01,-0.0035884653000002164,-0.005854444499999982,0,-0.2980541666666668,0.054045833333333126,0,0,43,-1
84,-576459483332,0.9004738302550627,3.148535599467516,1.49561595424716e-4,-6.483665163078188e-4,-0.003709938021949289,-4.3267795689234327e-4,0,1415715,0.01,1.9946999997669246e-6,-0.003460804499999987,0,-0.08805416666666678,0.12404583333333319,0,1,44,2
85,-576459483321,0.900475291611327,3.148528549285115,1.1469206821880856e-4,-6.373270270023417e-4,1.8198092020766917e-4,0.009919276832935274,0,1415726,0.011,0.011371784699999771,7.280655000000242e-4,0,-0.07055416666666678,0.027795833333333242,0,0,44,-1
86,-576459483311,0.9004764569844272,3.1485226105222917,1.1793535130892473e-4,-5.474918061341471e-4,0.0011856484730309435,0.0033213989388774633,0,1415736,0.01,0.0023956346999997784,0.0013264755000000185,0,-0.16680416666666678,0.04529583333333331,0,0,44,-1
87,-576459483301,0.900477663515825,3.148517218398021,1.2480421199074414e-4,-5.27215343999097e-4,-0.0023642935329874445,-0.005886888211418081,0,1415746,0.01,-0.007178925300000199,-0.0028623944999999844,0,-0.12305416666666678,0.0015458333333331353,0,0,44,-1
88,-576459483291,0.9004787705351842,3.148511717226757,0.0,0.0,0.0,0.0,1,1415756,0.01,0.0023956346999997784,-0.005256034499999979,0,-0.07055416666666678,0.04529583333333331,0,0,44,-1
89,-576459483281,0.9004788187125617,3.148511599353363,0.0,0.0,0.0,0.0,1,1415766,0.01,-0.01495825530000022,0.0061137555000000164,0,-0.2455541666666668,0.12404583333333319,0,0,44,-1
90,-576459483271,0.9004788433086763,3.1485116370883595,0.0,0.0,0.0,0.0,1,1415776,0.01,0.0047892746999997895,0.0031217055000000186,0,-0.2105541666666668,0.054045833333333126,0,0,44,-1
91,-576459483260,0.9006501038751672,3.1481477299136214,2.1516474098810527e-4,-4.582196283223585e-4,1.6873562613774352e-7,-3.7357726475129436e-7,1,1415787,0.011,-0.011966205300000223,0.0019248855000000215,0,-0.20180416666666678,-0.13845416666666677,0,1,45,1
92,-576459483249,0.9006523925713513,3.1481426045944896,0.0,0.0,0.0,0.0,1,1415798,0.011,-0.008974155300000225,-0.008248084499999976,0,-0.05305416666666678,-0.02470416666666675,0,0,45,-1
93,-576459483240,0.9006524330015316,3.1481425849354245,6.123472480503258e-6,-2.9785085688835978e-6,0.0043119196087149595,-0.002097359679857778,0,1415808,0.01,-0.0023916453000002104,0.004916935500000019,0,-2.345554166666667,-0.11220416666666677,0,0,45,-1
94,-576459483229,0.9006526386177209,3.1481424384429504,3.81894250134615e-5,-2.5789607952683764e-5,-0.0035539458523231385,-0.00340498870247915,0,1415818,0.01,-0.0035884653000002164,-0.004657624499999985,0,-0.3593041666666668,0.2377958333333332,0,0,45,-1
95,-576459483220,0.900652805784593,3.148142070217862,-3.1271064287465267e-6,-5.049128396248056e-5,-0.007670483171339155,0.0032562150556489393,0,1415828,0.01,0.00419086469999977,-0.008248084499999976,0,-0.1493041666666668,-0.11220416666666677,0,0,45,-1
96,-576459483210,0.9006524241630893,3.148141636451903,-7.465192310701464e-5,-3.224227564461482e-5,-0.003978794311614095,-0.006944463384269395,0,1415838,0.01,-0.008375745300000206,-0.003460804499999987,0,-0.061804166666666785,0.21154583333333332,0,0,45,-1
97,-576459483199,0.9005125883640996,3.147644622516224,-2.654305605119241e-4,-6.738497715460107e-4,0.005921349889516963,0.00701852858796232,0,1415848,0.01,0.008978144699999758,0.007310575500000022,0,-0.3418041666666668,0.0015458333333331353,0,1,46,2
98,-576459483188,0.9005099628777599,3.1476375596932162,-2.0964894991845804e-4,-6.076383565380403e-4,-2.072463127162083e-4,-1.841938562807295e-4,0,1415859,0.011,-0.0011948253000002049,-0.0010671644999999759,0,-0.2105541666666668,0.019045833333333206,0,0,46,-1
99,-576459483178,0.9005078489955343,3.147631548935172,-2.1279094326986535e-4,-5.980846468509813e-4,-9.613538444582457e-4,0.007850743206145717,0,1415869,0.01,0.008978144699999758,-0.0010671644999999759,0,-0.28055416666666677,0.14154583333333326,0,0,46,-1
100,-576459483164,0.9005056959094618,3.147625922108448,-2.1884832481195948e-4,-5.255611872659252e-4,0.001569741392567811,0.0035916485887224096,0,1415879,0.01,0.0029940446999997643,0.0019248855000000215,0,-0.1755541666666668,-0.09470416666666681,0,0,46,-1
101,-576459483156,0.9005032934989402,3.1476203033520664,-2.1472312706063976e-4,-4.940621774930188e-4,-0.007040027025405722,-0.0016554168331216852,0,1415890,0.011,-0.0023916453000002104,-0.008248084499999976,0,-0.18430416666666677,0.0977958333333333,0,0,46,-1
102,-576459483146,0.9005008724082583,3.1476153864047185,-2.732287673833134e-4,-4.94413426759501e-4,0.0013465539907094714,0.00976882205253149,0,1415900,0.01,0.011371784699999771,0.002523295500000016,0,-0.2893041666666668,-0.04220416666666682,0,0,46,-1
103,-576459483137,0.9004981455897032,3.1476108912178264,-2.69372959302801e-4,-4.028605579993946e-4,-0.005493157941136772,0.005401994813917864,0,1415910,0.01,0.0047892746999997895,-0.006452854499999985,0,-0.07930416666666679,-0.04220416666666682,0,0,46,-1
104,-576459483126,0.9007574226769529,3.147061556633106,-3.304871156968868e-5,-9.64387313784634e-4,-0.0031859131359707462,-9.083014702178146e-4,0,1415921,0.011,-0.0017932353000002248,-0.0028623944999999844,0,-0.16680416666666678,-0.050954166666666745,0,1,47,1
105,-576459483115,0.900756829852505,3.1470509359141237,-7.331841914322801e-5,-9.682951720007917e-4,-0.006575643251630261,0.003038648573025532,0,1415932,0.011,0.003592454699999784,-0.00705126449999998,0,-0.10555416666666678,-0.050954166666666745,0,0,47,-1
106,-576459483105,0.9007558328703645,3.1470414340547643,-1.292336480054626e-4,-9.33492719616989e-4,3.541407155478937e-4,0.006148196494405119,0,1415942,0.01,0.006584504699999782,0.0013264755000000185,0,-0.1930541666666668,0.15904583333333333,0,0,47,-1
107,-576459483095,0.9007544994435707,3.1470323244826655,0.0,0.0,0.0,0.0,1,1415952,0.01,-0.004186875300000202,-0.00705126449999998,0,-0.1930541666666668,-0.050954166666666745,0,0,47,-1
108,-576459483085,0.9007544438189666,3.1470323339394826,0.0,0.0,0.0,0.0,1,1415962,0.01,0.0011988146999997726,-0.00705126449999998,0,-0.07930416666666679,0.054045833333333126,0,0,47,-1
109,-576459483072,0.9007544778504739,3.1470323905433446,0.0,0.0,0.0,0.0,1,1415972,0.01,0.007182914699999768,0.004318525500000016,0,-0.05305416666666678,-0.08595416666666678,0,0,47,-1
110,-576459483064,0.9006006953721459,3.1465044792205887,-1.683918549590347e-4,-5.477598608679628e-4,-0.003559831884562754,0.010496934336818598,0,1415983,0.011,0.011970194699999756,-0.004059214499999982,0,-0.3855541666666668,-0.11220416666666677,0,1,48,2
111,-576459483054,0.9005988734966756,3.1464993873451372,-1.9791270084032494e-4,-4.6403020548072227e-4,7.252283172126646e-4,-0.004479180349998231,0,1415993,0.01,-0.006580515300000213,0.0013264755000000185,0,-0.2630541666666668,0.027795833333333242,0,0,48,-1
112,-576459483044,0.9005968831867027,3.1464945965682416,-1.9802998275945992e-4,-4.97402302476776e-4,-0.004520055951091737,0.0036488158526322197,0,1416003,0.01,0.0047892746999997895,-0.005256034499999979,0,-0.12305416666666678,0.0715458333333332,0,0,48,-1
113,-576459483034,0.9005947041193157,3.1464897101489915,-2.389811553382533e-4,-4.7571246094675504e-4,-0.0014920336484345303,-0.006896154895962792,0,1416013,0.01,-0.008375745300000206,-0.0010671644999999759,0,-0.22805416666666678,-0.11220416666666677,0,0,48,-1
114,-576459483024,0.90059234208078,3.146484705014494,-2.3791549964488306e-4,-5.295587675080548e-4,0.009900878397360459,0.0038761907701824663,0,1416023,0.01,0.005387684699999775,0.011499445500000021,0,-0.1755541666666668,-0.007204166666666678,0,0,48,-1
115,-576459483014,0.9005903432623404,3.1464796245753406,-1.568206122318241e-4,-4.874643429923687e-4,-0.0028662392751537848,0.0062512538436222675,0,1416033,0.01,0.006584504699999782,-0.004657624499999985,0,-0.3418041666666668,-0.02470416666666675,0,0,48,-1
116,-576459483003,0.9005886506337989,3.1464751452720763,-1.8253296256685685e-4,-4.12024174111951e-4,-7.637586520946944e-4,0.015464712048250883,0,1416043,0.01,0.016757474699999778,-4.6875449999998157e-4,0,-0.07055416666666678,0.0977958333333333,0,0,48,-1
117,-576459482993,0.9010173280048582,3.145603119312169,2.3466048629397507e-4,-0.001144431356495106,-0.0062773666209929024,8.545623827039749e-4,0,1416054,0.011,-0.0011948253000002049,-0.00705126449999998,0,-0.4030541666666668,-0.08595416666666678,0,1,49,1
118,-576459482983,0.9010193349591764,3.1455917692347235,1.6794728655253186e-4,-0.0011280150305736493,-0.009055147352874916,0.006404227707322339,0,1416064,0.01,0.007182914699999768,-0.009444904499999983,0,-0.12305416666666678,-0.06845416666666682,0,0,49,-1
119,-576459482973,0.9010206772078325,3.1455807300949488,9.534819848229403e-5,-0.001076284772603309,0.0037224849428816945,-0.002358890890052214,0,1416074,0.01,-0.0035884653000002164,0.005515345500000013,0,-0.22805416666666678,0.0015458333333331353,0,0,49,-1
120,-576459482963,0.901021736558195,3.145569816005321,1.200505167101602e-4,-0.001105069127359255,-0.005200805929876895,-0.0060610555968873304,0,1416084,0.01,-0.006580515300000213,-0.006452854499999985,0,-0.3680541666666668,0.08904583333333327,0,0,49,-1
121,-576459482951,0.9010227364750694,3.1455574039579055,6.196681866413243e-5,-0.0011556167738666773,-0.0057740160050398035,0.004503724761586803,0,1416095,0.011,0.005986094699999761,-0.005854444499999982,0,-0.00930416666666678,0.0015458333333331353,0,0,49,-1
122,-576459482942,0.9010230276738126,3.14554602641991,-1.827574249774345e-6,-0.0011176671217671503,-0.010042765861312551,-4.936338069364363e-4,0,1416105,0.01,-0.0011948253000002049,-0.010641724499999979,0,-0.2718041666666668,-0.007204166666666678,0,0,49,-1
123,-576459482932,0.9011985382359913,3.1461098696531553,8.44624721503579e-5,-5.744705606083162e-4,0.0025514766107495447,-0.007930379160166949,0,1416115,0.01,-0.008974155300000225,0.004318525500000016,0,-0.2368041666666668,-0.050954166666666745,0,1,50,2
124,-576459482921,0.9011994676012438,3.1461032746870887,9.006227961195632e-5,-6.318625778120184e-4,-0.01216699945010248,0.011620590728374946,0,1416126,0.011,0.014363834699999767,-0.014232184499999988,0,-0.2193041666666668,0.0015458333333331353,0,0,50,-1
125,-576459482911,0.9011998261331662,3.1460974372994412,-2.1523437690603376e-5,-5.308518559073003e-4,-0.00505685596548861,9.068549363274222e-4,0,1416136,0.01,-5.964153000002189e-4,-0.004059214499999982,0,-0.3155541666666668,-0.11220416666666677,0,0,50,-1
126,-576459482901,0.9011993802070334,3.1460921527095245,-6.865087130547452e-5,-5.251101148641612e-4,-0.0026076399372000434,-0.0014609963473270209,0,1416146,0.01,-0.0017932353000002248,-0.002263984499999973,0,-0.28055416666666677,0.0715458333333332,0,0,50,-1
127,-576459482888,0.9011985801864633,3.146086797619127,-9.209499795833998e-5,-5.445476454053969e-4,-7.319386884328174e-4,-0.004901017582732146,0,1416156,0.01,-0.005383695300000208,-4.6875449999998157e-4,0,-2.336804166666667,-0.050954166666666745,0,0,50,-1
128,-576459482881,0.9011976860158357,3.1460812211773104,-8.951808484705663e-5,-5.757431932691425e-4,0.0063209654288719904,0.0077951277729473405,0,1416166,0.01,0.00957655469999978,0.007310575500000022,0,-0.11430416666666679,-0.015954166666666714,0,0,50,-1
129,-576459482870,0.9011970675313572,3.1460757685246312,-3.245403336963497e-5,-5.110628305564497e-4,0.0019410342583629104,-0.0016629670863046765,0,1416176,0.01,-0.0029900553000002305,0.0013264755000000185,0,-0.05305416666666678,-0.050954166666666745,0,0,50,-1
130,-576459482860,0.9015429345765409,3.1453978819154385,3.007390607067699e-4,-0.001149087008712228,-0.0012216622990398151,3.216182782778988e-4,0,1416186,0.01,6.004046999997868e-4,-0.0016655744999999789,0,-0.3155541666666668,0.0715458333333332,0,1,51,1
131,-576459482850,0.9015461976692465,3.1453853022753897,2.91512090049644e-4,-0.0011395698573648022,0.0015377111266331443,0.004239541409424121,0,1416197,0.011,0.0047892746999997895,0.0019248855000000215,0,-0.1493041666666668,-0.02470416666666675,0,0,51,-1
132,-576459482840,0.9015491830646595,3.145374132815864,3.0588220680328397e-4,-0.0010950021718170479,8.276902500953902e-4,0.005771185943158314,0,1416207,0.01,0.005986094699999761,7.280655000000242e-4,0,-0.2455541666666668,-0.06845416666666682,0,0,51,-1
133,-576459482830,0.9015522824798099,3.1453634208545536,3.140363597550744e-4,-0.0010451358780343418,7.403240616535153e-4,1.8710116904376971e-4,0,1416217,0.01,-5.964153000002189e-4,7.280655000000242e-4,0,-0.14055416666666679,-0.1472041666666668,0,0,51,-1
134,-576459482820,0.9015553984051099,3.1453529773906754,3.1185069071495866e-4,-0.0010434926723127378,-0.006092530162696838,2.477156078048616e-5,0,1416227,0.01,1.9946999997669246e-6,-0.00705126449999998,0,-0.02680416666666678,0.0977958333333333,0,0,51,-1
135,-576459482810,0.901558303757385,3.1453425199452676,0.0,0.0,0.0,0.0,1,1416237,0.01,-0.0029900553000002305,0.005515345500000013,0,-0.09680416666666679,-0.015954166666666714,0,0,51,-1
136,-576459482799,0.9015583236385931,3.145342595399541,3.1048559691059197e-6,1.178372607631234e-5,0.0022128106714095377,0.00839818500666947,0,1416247,0.01,0.00957655469999978,0.002523295500000016,0,-0.4643041666666668,0.03654583333333328,0,0,51,-1
137,-576459482789,0.9019295879821229,3.1464878094674313,3.4310432995011134e-4,0.001108164749449322,-0.0032873281963622224,0.001035626534468385,0,1416258,0.011,1.9946999997669246e-6,-0.004059214499999982,0,-0.22805416666666678,0.10654583333333312,0,1,52,2
138,-576459482778,0.9019332068955628,3.146500074713417,3.1317997667933156e-4,0.0011213948215410467,7.587591743383817e-4,0.0022282892970654725,0,1416269,0.011,0.0023956346999997784,0.0013264755000000185,0,-0.2718041666666668,0.027795833333333242,0,0,52,-1
139,-576459482768,0.9019364403431579,3.146511440787281,3.3041759419840083e-4,0.0011498481016503804,0.0075539463215811104,0.00657326116597626,0,1416279,0.01,0.007182914699999768,0.00850739550000002,0,-0.2455541666666668,-0.08595416666666678,0,0,52,-1
140,-576459482758,0.9019401392880634,3.146523291774281,4.086068514506109e-4,0.0012192816951335373,0.009439630572358857,0.009207007384547355,0,1416289,0.01,0.00957655469999978,0.009704215500000024,0,-0.15805416666666677,-0.05970416666666678,0,0,52,-1
141,-576459482747,0.9019450922116274,3.146537203904438,4.959752235384724e-4,0.0013122420679129523,-0.001348662895474445,0.003758533303950742,0,1416300,0.011,0.0029940446999997643,-0.0028623944999999844,0,-0.05305416666666678,0.0015458333333331353,0,0,52,-1
142,-576459482736,0.9019499721617114,3.1465505275638925,4.806058471052668e-4,0.001351853705123196,-0.002676133835023132,0.005187221935353217,0,1416310,0.01,0.005387684699999775,-0.0028623944999999844,0,-0.13180416666666678,-0.12095416666666681,0,0,52,-1
143,-576459482726,0.9025433090686776,3.1454720401389054,4.970140803682122e-4,-9.362757544677355e-4,2.0451565031384278e-7,-4.529869214042805e-7,1,1416321,0.011,0.014962244699999754,-0.004657624499999985,0,-0.11430416666666679,0.10654583333333312,0,1,53,1
144,-576459482716,0.9025486870937628,3.145461876524484,0.0,0.0,0.0,0.0,1,1416332,0.011,0.014363834699999767,-0.009444904499999983,0,-0.2193041666666668,-0.09470416666666681,0,0,53,-1
145,-576459482705,0.9025486931028114,3.1454619503290444,9.067571672469312e-7,1.1181436010776844e-5,6.384789684305451e-4,0.007873407772342843,0,1416342,0.01,0.008978144699999758,7.280655000000242e-4,0,-0.4293041666666668,0.0015458333333331353,0,0,53,-1
146,-576459482695,0.9025487110498451,3.1454624598329253,3.714808549039024e-6,9.053946532380444e-5,-0.0019068440570808743,0.008317432512505558,0,1416352,0.01,0.008379734699999773,-0.002263984499999973,0,-0.12305416666666678,0.03654583333333328,0,0,53,-1
147,-576459482685,0.902548654759058,3.14546379103188,-1.5056701625072028e-5,1.752633916309978e-4,-0.0016952620800215665,0.00942162304948219,0,1416362,0.01,0.00957655469999978,-0.0016655744999999789,0,-0.2368041666666668,0.0715458333333332,0,0,53,-1
148,-576459482672,0.9025484196628043,3.1454658744975377,-3.197279188466157e-5,2.4757993660508347e-4,-0.0016692274780971811,-0.0061858262590671845,0,1416372,0.01,-0.008375745300000206,-0.0016655744999999789,0,-0.15805416666666677,-0.05970416666666678,0,0,53,-1
149,-576459482663,0.9027675779622245,3.1461003484601884,1.3349754608006918e-4,7.116910649386657e-4,0.0014826928135512503,-0.003907857732821141,0,1416382,0.01,-0.0035884653000002164,0.0019248855000000215,0,-0.15805416666666677,0.0015458333333331353,0,1,54,2
150,-576459482655,0.9027689339737163,3.1461072866249946,0.0,0.0,0.0,0.0,1,1416392,0.01,-0.0017932353000002248,-0.005256034499999979,0,-0.20180416666666678,0.0977958333333333,0,0,54,-1
151,-576459482644,0.9027689774105752,3.146107362025992,0.0,0.0,0.0,0.0,1,1416402,0.01,0.00957655469999978,0.005515345500000013,0,-0.13180416666666678,0.08029583333333323,0,0,54,-1
152,-576459482635,0.9027690350089445,3.1461073761839575,0.0,0.0,0.0,0.0,1,1416412,0.01,0.0017972246999997925,0.007310575500000022,0,-0.16680416666666678,-0.050954166666666745,0,0,54,-1
153,-576459482625,0.9027689700232674,3.1461074092031085,0.0,0.0,0.0,0.0,1,1416422,0.01,0.00419086469999977,-0.008248084499999976,0,-0.035554166666666775,0.08904583333333327,0,0,54,-1
154,-576459482615,0.9027689333264085,3.146107465796341,0.0,0.0,0.0,0.0,1,1416432,0.01,0.007182914699999768,-0.004657624499999985,0,0.01694583333333323,0.06279583333333316,0,0,54,-1
155,-576459482605,0.9027688636259841,3.146107522389621,-1.0885377193640964e-5,8.838386302176056e-6,-0.007757956780791474,0.006299076069363982,0,1416442,0.01,0.007182914699999768,-0.008846494499999979,0,-0.2630541666666668,0.019045833333333206,0,0,54,-1
156,-576459482595,0.9030821077234569,3.145553659424306,1.5769338003340905e-4,-3.791389721096869e-4,-0.007662921590852013,2.518865660961387e-4,0,1416452,0.01,-5.964153000002189e-4,-0.007649674499999982,0,-0.2630541666666668,-0.07720416666666674,0,1,55,1
157,-576459482584,0.9030834938382041,3.1455494747435795,9.023773546128409e-5,-3.8070692086218536e-4,0.003369017401402632,-0.0025911429393096017,0,1416463,0.011,-0.0029900553000002305,0.004916935500000019,0,-0.15805416666666677,0.04529583333333331,0,0,55,-1
158,-576459482574,0.9030845919935224,3.1455455983872183,1.280859650214564e-4,-3.974389675719978e-4,0.006300799980446152,0.0038811338557477393,0,1416473,0.01,0.0047892746999997895,0.0067121655000000275,0,-0.13180416666666678,0.027795833333333242,0,0,55,-1
159,-576459482563,0.9030863362859968,3.1455413539155157,1.907290981687681e-4,-3.7036900298976957e-4,0.0019385529533401938,-0.006342791546623033,0,1416484,0.011,-0.00777733530000022,0.0013264755000000185,0,-0.2193041666666668,0.03654583333333328,0,0,55,-1
160,-576459482553,0.9030882865591405,3.145537345823389,2.0190929849898885e-4,-4.3185945539897676e-4,-0.0038459823336533605,-0.0049769323187545764,0,1416494,0.01,-0.004785285300000222,-0.004657624499999985,0,-0.1493041666666668,-0.07720416666666674,0,0,55,-1
161,-576459482541,0.9030903170448275,3.145532257417059,1.6573289406187928e-4,-4.919621444778179e-4,1.6524102795681308e-4,-0.008482307598385426,0,1416505,0.011,-0.008974155300000225,7.280655000000242e-4,0,-0.3593041666666668,0.03654583333333328,0,0,55,-1
162,-576459482532,0.9030920019212101,3.1455269879633327,1.7031861852766586e-4,-5.654867330420132e-4,0.002233143142276024,-5.171989937018603e-4,0,1416515,0.01,6.004046999997868e-4,0.002523295500000016,0,-0.33305416666666676,-0.06845416666666682,0,0,55,-1
163,-576459482520,0.9029250891547723,3.145069513223785,6.031473243759818e-5,-9.029137521979766e-4,-0.0032849947485602783,0.009383952298871269,0,1416526,0.011,0.010773374699999784,-0.004059214499999982,0,-0.20180416666666678,-0.050954166666666745,0,1,56,2
164,-576459482510,0.9029256090214839,3.145060082958011,3.203187470191734e-5,-8.091373038168158e-4,0.001808600767567504,0.0032555286727229925,0,1416537,0.011,0.0023956346999997784,0.002523295500000016,0,-0.20180416666666678,0.03654583333333328,0,0,56,-1
165,-576459482499,0.902926014902041,3.145051411101436,4.3985467332343606e-5,-7.688213380906141e-4,-0.0033371953716215454,0.006174883016288549,0,1416548,0.011,0.006584504699999782,-0.004059214499999982,0,-0.07930416666666679,-0.07720416666666674,0,0,56,-1
166,-576459482489,0.9029262721031625,3.145043951263715,8.223430813750704e-6,-7.192336216193229e-4,-0.005019926427097982,-0.002387111146888921,0,1416558,0.01,-0.0035884653000002164,-0.005256034499999979,0,-0.07930416666666679,-0.1472041666666668,0,0,56,-1
167,-576459482478,0.9029261727452745,3.1450367108143045,0.0,0.0,0.0,0.0,1,1416568,0.01,0.006584504699999782,0.0037201155000000214,0,-0.18430416666666677,0.15904583333333333,0,0,56,-1
168,-576459482468,0.902926178488814,3.145036758037368,0.0,0.0,0.0,0.0,1,1416578,0.01,0.005986094699999761,7.280655000000242e-4,0,-0.2105541666666668,0.2027958333333333,0,0,56,-1
169,-576459482456,0.9038397948950496,3.1435166535857055,6.67337199045557e-4,-0.0011376507176144599,1.859028669948491e-7,-4.118437195382543e-7,1,1416588,0.01,0.0011988146999997726,0.004318525500000016,0,-0.22805416666666678,0.1502958333333333,0,1,57,1
170,-576459482448,0.903847087492491,3.1435041338706555,0.0,0.0,0.0,0.0,1,1416599,0.011,-5.964153000002189e-4,-0.005256034499999979,0,-0.1493041666666668,0.14154583333333326,0,0,57,-1
171,-576459482438,0.9038471057314021,3.143504190518328,0.0,0.0,0.0,0.0,1,1416610,0.011,0.005986094699999761,0.0019248855000000215,0,-0.04430416666666678,-0.10345416666666674,0,0,57,-1
172,-576459482427,0.9038470969553581,3.14350418069317,0.0,0.0,0.0,0.0,1,1416620,0.01,-0.0011948253000002049,-0.0010671644999999759,0,-0.05305416666666678,-0.12970416666666673,0,0,57,-1
173,-576459482417,0.9038471312427607,3.1435041854602592,0.0,0.0,0.0,0.0,1,1416630,0.01,6.004046999997868e-4,0.004318525500000016,0,-0.061804166666666785,-0.12095416666666681,0,0,57,-1
174,-576459482407,0.903847075618108,3.143504166593501,0.0,0.0,0.0,0.0,1,1416640,0.01,-0.0023916453000002104,-0.00705126449999998,0,-0.1755541666666668,-0.10345416666666674,0,0,57,-1
175,-576459482397,0.9042949939021557,3.1446060097202997,3.0452925842582913e-4,7.997629427650904e-4,-0.00670833011805972,-5.227501471384179e-4,0,1416650,0.01,-5.964153000002189e-4,-0.007649674499999982,0,-0.2893041666666668,0.10654583333333312,0,1,58,2
176,-576459482387,0.9042977716525059,3.1446140227029766,2.4806882720365307e-4,8.010715034019909e-4,8.625911823645195e-4,0.00413564411089111,0,1416660,0.01,0.0047892746999997895,0.0019248855000000215,0,-0.2105541666666668,-0.08595416666666678,0,0,58,-1
177,-576459482375,0.9043003698660306,3.144622160529085,2.6831046803971735e-4,8.299783502611213e-4,0.009141054278159713,-0.004737143030792194,0,1416670,0.01,-0.0059821053000002275,0.01030262550000002,0,-0.2630541666666668,-0.08595416666666678,0,0,58,-1
178,-576459482367,0.9043034013062136,3.14463022779317,3.427421019390987e-4,7.832840114444377e-4,-0.0029597336207066345,-0.004254584286947557,0,1416680,0.01,-0.004186875300000202,-0.004657624499999985,0,-0.2193041666666668,-0.02470416666666675,0,0,58,-1
179,-576459482356,0.9043066862220854,3.1446378861554627,3.140008664757428e-4,7.467121036497466e-4,-0.0023495945866840663,3.011163087050621e-6,0,1416690,0.01,6.004046999997868e-4,-0.002263984499999973,0,-0.2455541666666668,0.0015458333333331353,0,0,58,-1
180,-576459482347,0.9043096858514983,3.144645438285291,2.8692862323609797e-4,7.599948622998049e-4,-0.004898404766068931,0.009448109990965323,0,1416700,0.01,0.010773374699999784,-0.005256034499999979,0,-0.12305416666666678,0.0015458333333331353,0,0,58,-1
181,-576459482335,0.9043126850044948,3.1446542832818345,2.5339092899770503e-4,8.512815783727866e-4,0.008432178984100848,0.0011643141695035619,0,1416711,0.011,1.9946999997669246e-6,0.01030262550000002,0,-0.3505541666666668,0.0015458333333331353,0,0,58,-1
182,-576459482326,0.905088599748593,3.1434562720989545,8.474469015015596e-4,2.192600589082604e-5,-0.005670706437183758,0.010115475204051512,0,1416721,0.01,0.011371784699999771,-0.007649674499999982,0,-0.37680416666666683,0.01029583333333317,0,1,59,1
184,-576459482302,0.9051066546683926,3.143458545614853,8.34503847465989e-4,1.5068358814306887e-4,-0.0030504543547283476,0.0050072593827177585,0,1416743,0.011,0.005387684699999775,-0.004059214499999982,0,-0.12305416666666678,-0.1734541666666668,0,0,59,-1
185,-576459482294,0.9051148634931259,3.1434602518078165,8.064693101522086e-4,1.930320491830464e-4,-0.0013112030640883166,-4.316752053651106e-4,0,1416753,0.01,-0.0011948253000002049,-0.0010671644999999759,0,-0.18430416666666677,0.04529583333333331,0,0,59,-1
186,-576459482284,0.9051228645636475,3.1434621544853516,7.936580109763772e-4,1.877748586428304e-4,-0.001097192799000404,-0.0011009217019786561,0,1416763,0.01,-0.0011948253000002049,-0.0010671644999999759,0,-0.30680416666666677,0.027795833333333242,0,0,59,-1
187,-576459482273,0.9051308126099468,3.14346402365344,7.930335205747493e-4,1.840147043113762e-4,0.006276021877904003,0.004064501632306166,0,1416773,0.01,0.0047892746999997895,0.007310575500000022,0,-0.13180416666666678,-0.02470416666666675,0,0,59,-1
188,-576459482264,0.9051389894479691,3.1434660020017993,8.45285250039725e-4,2.145063902470096e-4,-0.001213159332513608,-0.0031715652213896908,0,1416783,0.01,-0.004186875300000202,-0.002263984499999973,0,-0.15805416666666677,0.12404583333333319,0,0,59,-1
189,-576459482251,0.9051528965181439,3.143478753356602,8.3758995662732e-4,1.9588131544039447e-4,4.892036447076851e-4,0.002760162725784921,0,1416794,0.011,0.003592454699999784,7.280655000000242e-4,0,-5.54166666666786e-4,0.11529583333333315,0,1,60,2
190,-576459482243,0.9051613087710383,3.143480798681412,8.442677312332431e-4,2.1558707846577288e-4,0.0017482286499628,-0.002807283435093565,0,1416804,0.01,-0.0035884653000002164,0.0019248855000000215,0,-0.2893041666666668,0.019045833333333206,0,0,60,-1
191,-576459482233,0.9051706534507008,3.1434830702686583,8.565180550937338e-4,1.9488642291714615e-4,-0.002819846766477227,0.0038545383401669756,0,1416815,0.011,0.0047892746999997895,-0.003460804499999987,0,-0.2630541666666668,-0.05970416666666678,0,0,60,-1
192,-576459482222,0.9051790430328348,3.143485224397958,8.230559059635121e-4,2.3533896681237867e-4,-0.006530599754357817,0.005199035100800315,0,1416825,0.01,0.005387684699999775,-0.00705126449999998,0,0.008195833333333222,0.0015458333333331353,0,0,60,-1
193,-576459482212,0.905186933438805,3.1434877632886256,7.556337407789656e-4,2.7576463774802226e-4,-0.008036752550627633,-0.0030319638827848543,0,1416835,0.01,-0.004186875300000202,-0.008248084499999976,0,-0.2893041666666668,0.054045833333333126,0,0,60,-1
194,-576459482202,0.9051941759508211,3.14349033662771,6.889986795609715e-4,2.4034142644149015e-4,0.0017486867888807118,-0.006668652680405933,0,1416845,0.01,-0.007178925300000199,0.0031217055000000186,0,-0.2543041666666668,0.0977958333333333,0,0,60,-1
195,-576459482192,0.9068105467055716,3.1411520963331916,0.0017442158954222326,-0.001388053094281963,8.53889735340215e-4,0.002329321455837889,0,1416855,0.01,0.003592454699999784,7.280655000000242e-4,0,-0.09680416666666679,-0.007204166666666678,0,1,61,1
196,-576459482182,0.9068279973578927,3.141138267080744,0.0017474455307359955,-0.0013749866963134031,-0.0029298928013620396,-0.004959406249631532,0,1416865,0.01,-0.0059821053000002275,-0.003460804499999987,0,-0.12305416666666678,-0.12970416666666673,0,0,61,-1
197,-576459482171,0.9068453635919113,3.1411243318744257,0.0017241202953708166,-0.001414794267270284,0.0013275178873906244,0.0020153936245314663,0,1416875,0.01,0.0029940446999997643,0.0019248855000000215,0,-0.04430416666666678,-0.07720416666666674,0,0,61,-1
198,-576459482161,0.9068643543869395,3.1411088781018996,0.0017307125960875614,-0.0013945187312597032,-0.003921168580255917,7.745153397130662e-4,0,1416886,0.011,6.004046999997868e-4,-0.004657624499999985,0,-0.2105541666666668,-0.015954166666666714,0,0,61,-1
199,-576459482149,0.906883193345636,3.141093611932509,0.0,0.0,0.0,0.0,1,1416897,0.011,0.003592454699999784,1.2965550000002132e-4,0,-0.1930541666666668,0.12404583333333319,0,0,61,-1
200,-576459482140,0.9068832780688111,3.1410936710008417,0.0,0.0,0.0,0.0,1,1416907,0.01,0.007182914699999768,0.01030262550000002,0,-0.18430416666666677,-0.16470416666666676,0,0,61,-1
201,-576459482131,0.9068833171074164,3.1410936425097904,6.0591805507681576e-6,-4.422095660962378e-6,0.004311919608715018,-0.003146914148510651,0,1416917,0.01,-0.0035884653000002164,0.004916935500000019,0,-0.2630541666666668,-0.050954166666666745,0,0,61,-1
202,-576459482119,0.9068193145455445,3.14096075302382,2.7406507884011656e-5,-1.1983095338985123e-4,0.013238917217073638,6.640519835379499e-4,0,1416928,0.011,0.0011988146999997726,0.014491495500000022,0,-0.12305416666666678,-0.050954166666666745,0,1,62,2
203,-576459482108,0.906820287098888,3.14095953096281,1.5450608801659166e-4,-1.0452389182487171e-4,0.001217938201448207,0.005856008672935027,0,1416939,0.011,0.006584504699999782,-4.6875449999998157e-4,0,-0.1930541666666668,0.03654583333333328,0,0,62,-1
204,-576459482098,0.9068219382403444,3.140958764832628,1.735279172401501e-4,-4.803755476654086e-5,0.0060361153818002476,0.004395756255909605,0,1416949,0.01,0.00419086469999977,0.0067121655000000275,0,-0.2105541666666668,0.01029583333333317,0,0,62,-1
205,-576459482088,0.9068239996990465,3.140958474114174,2.3767187793665668e-4,-8.757035168186618e-6,0.00872808826070913,0.0010674126573623948,0,1416959,0.01,6.004046999997868e-4,0.009105805500000022,0,-0.28055416666666677,-0.11220416666666677,0,0,62,-1
206,-576459482078,0.9068267355513686,3.1409584503924384,3.1289774951783416e-4,3.551733490554825e-6,1.3811541050164945e-4,0.0022322004953105696,0,1416969,0.01,0.0023956346999997784,-0.0010671644999999759,0,-0.28055416666666677,0.15904583333333333,0,0,62,-1
207,-576459482064,0.9068298807993614,3.1409585610823387,3.1574118228053997e-4,2.0184090212080883e-5,0.0011802509382347936,-0.0018226933206597568,0,1416979,0.01,-0.0023916453000002104,0.0013264755000000185,0,-0.2193041666666668,0.2377958333333332,0,0,62,-1
208,-576459482057,0.9073231071405374,3.1402977272843025,6.302825800836701e-4,-4.1695932351548876e-4,0.002882888462885699,0.003450748563964683,0,1416990,0.011,0.00419086469999977,0.0031217055000000186,0,-0.1930541666666668,-0.10345416666666674,0,1,63,1
209,-576459482046,0.9073302170030163,3.140293367734025,6.623171997230482e-4,-3.7638308114559013e-4,0.0030923196960665187,0.00514934983823046,0,1417001,0.011,0.005387684699999775,0.0031217055000000186,0,-0.2105541666666668,-0.05970416666666678,0,0,63,-1
210,-576459482036,0.9073369408646417,3.1402897797236653,6.850792119267055e-4,-3.3726199640324506e-4,-0.002654459922938918,-0.0035628547570840455,0,1417011,0.01,-0.004785285300000222,-0.003460804499999987,0,-0.2980541666666668,-0.02470416666666675,0,0,63,-1
211,-576459482026,0.9073436952942043,3.1402862715150492,6.641777795140561e-4,-3.662852752421282e-4,0.001361409173625336,0.0011376811184161013,0,1417021,0.01,0.0017972246999997925,0.0019248855000000215,0,-0.2893041666666668,0.12404583333333319,0,0,63,-1
212,-576459482016,0.9073503671019922,3.140282656587255,6.718571763788402e-4,-3.563061525928677e-4,-0.0028674438785895313,1.4173790603906242e-4,0,1417031,0.01,1.9946999997669246e-6,-0.003460804499999987,0,-0.2718041666666668,0.054045833333333126,0,0,63,-1
213,-576459482005,0.9073569800668208,3.140279137236808,6.490797051206679e-4,-3.4916997350372406e-4,0.0013352020619482826,0.004217407606018594,0,1417041,0.01,0.0047892746999997895,0.0019248855000000215,0,-0.2893041666666668,0.0015458333333331353,0,0,63,-1
214,-576459481996,0.9077404572186073,3.140984423731864,8.934871474047814e-4,1.271953625493351e-4,0.008674467425958047,-0.003152609441175276,0,1417051,0.01,-0.004186875300000202,0.009704215500000024,0,-0.1755541666666668,0.04529583333333331,0,1,64,2
215,-576459481985,0.9077507262904644,3.1409857427235672,9.766689976662497e-4,1.0875186222085339e-4,6.562947431173662e-4,0.007485487529949044,0,1417062,0.011,0.008978144699999758,-4.6875449999998157e-4,0,-0.22805416666666678,-0.11220416666666677,0,0,64,-1
216,-576459481974,0.9077614590740982,3.140987338065383,9.767056550123567e-4,1.8340367208476702e-4,-0.0040037608104943265,0.0024971503764553496,0,1417073,0.011,0.0017972246999997925,-0.004657624499999985,0,-0.15805416666666677,0.19404583333333325,0,0,64,-1
217,-576459481964,0.9077710894635672,3.1409892124754415,9.462872484081505e-4,1.9557949084206679e-4,0.002769712975873191,-0.006513087048414299,0,1417083,0.01,-0.00777733530000022,0.0037201155000000214,0,-0.1930541666666668,-0.02470416666666675,0,0,64,-1
218,-576459481954,0.9077805843397332,3.140990899094026,0.0,0.0,0.0,0.0,1,1417093,0.01,6.004046999997868e-4,-0.010641724499999979,0,-0.2193041666666668,-0.007204166666666678,0,0,64,-1
219,-576459481944,0.9077805712006242,3.1409909510365113,0.0,0.0,0.0,0.0,1,1417103,0.01,0.006584504699999782,-0.0016655744999999789,0,-0.2193041666666668,0.0015458333333331353,0,0,64,-1
220,-576459481933,0.9077805109185119,3.1409909557679128,0.0,0.0,0.0,0.0,1,1417113,0.01,6.004046999997868e-4,-0.007649674499999982,0,-0.1493041666666668,0.0015458333333331353,0,0,64,-1
221,-576459481924,0.9083151746025238,3.14032164993861,3.0698428866205503e-4,-4.0772500889287396e-4,-0.0019853360208360706,0.004199809093729934,0,1417124,0.011,0.0047892746999997895,-0.002263984499999973,0,-0.2630541666666668,0.0977958333333333,0,1,65,1
222,-576459481913,0.9083181961959934,3.1403177245451848,2.9497108742835166e-4,-3.7466895079360085e-4,0.0035428520349719394,-0.0021053615279389764,0,1417134,0.01,-0.0029900553000002305,0.004318525500000016,0,-0.09680416666666679,-0.050954166666666745,0,0,65,-1
223,-576459481902,0.908321601716003,3.140313478667347,3.261612273015582e-4,-3.974096874434241e-4,-0.001549468643171569,-0.0018316416057144584,0,1417145,0.011,-0.0017932353000002248,-0.002263984499999973,0,-0.2718041666666668,0.2902958333333332,0,0,65,-1
224,-576459481892,0.9083248485281732,3.140309452453137,3.201992258894489e-4,-4.0972318123333516e-4,0.005170816064431321,0.002400256780407671,0,1417155,0.01,0.0029940446999997643,0.0061137555000000164,0,-0.2630541666666668,-0.050954166666666745,0,0,65,-1
225,-576459481882,0.9083282833135442,3.1403054657039275,3.6790797152855856e-4,-3.872009487178864e-4,0.0023242886594452947,0.001346648966100129,0,1417165,0.01,0.0011988146999997726,0.0019248855000000215,0,-0.11430416666666679,0.10654583333333312,0,0,65,-1
226,-576459481872,0.908332056577598,3.1403016551408873,3.8771352249669904e-4,-3.746528451576226e-4,-1.250779363132599e-4,6.92228080593455e-4,0,1417175,0.01,6.004046999997868e-4,-4.6875449999998157e-4,0,-0.14055416666666679,0.08029583333333323,0,0,65,-1
227,-576459481861,0.9079397565835916,3.1396170237806325,1.664798913096391e-4,-7.737670250801031e-4,9.827752697430587e-5,0.0042850151342187885,0,1417185,0.01,0.0047892746999997895,1.2965550000002132e-4,0,-0.07055416666666678,0.03654583333333328,0,1,66,2
228,-576459481851,0.9079416269658065,3.139608770670575,1.7240833441119045e-4,-7.267579000272881e-4,0.003274457929478383,0.004202449661581595,0,1417196,0.011,0.00419086469999977,0.0037201155000000214,0,-0.07055416666666678,0.0715458333333332,0,0,66,-1
229,-576459481841,0.9079435184556267,3.139601634971329,0.0,0.0,0.0,0.0,1,1417206,0.01,-0.005383695300000208,0.0037201155000000214,0,-0.035554166666666775,0.10654583333333312,0,0,66,-1
230,-576459481831,0.9079435099920983,3.139601634987415,0.0,0.0,0.0,0.0,1,1417216,0.01,1.9946999997669246e-6,-0.0010671644999999759,0,-0.09680416666666679,-0.10345416666666674,0,0,66,-1
231,-576459481822,0.9079435062949822,3.139601625563627,-5.768841857226506e-7,-1.4704410007574942e-6,-4.1107550022230645e-4,-0.001047805211205164,0,1417226,0.01,-0.0011948253000002049,-4.6875449999998157e-4,0,-0.2543041666666668,-0.02470416666666675,0,0,66,-1
232,-576459481811,0.9079434465088754,3.139601576172661,-9.913010319585328e-6,-9.184031246226654e-6,-0.004135097892118732,9.223740698641365e-4,0,1417236,0.01,0.0011988146999997726,-0.004657624499999985,0,-0.16680416666666678,0.0715458333333332,0,0,66,-1
233,-576459481801,0.9079431742261376,3.139601532629143,-4.6016310158860815e-5,3.7986316652202223e-7,-3.9511111014636953e-4,0.001164799412585712,0,1417246,0.01,0.0011988146999997726,1.2965550000002132e-4,0,-0.30680416666666677,-0.04220416666666682,0,0,66,-1
234,-576459481789,0.9095652938415543,3.137722465757437,8.551245316772319e-4,-0.0011056714855779493,0.005313049804670041,0.004867641266812304,0,1417257,0.011,0.005387684699999775,0.0061137555000000164,0,-0.15805416666666677,0.08904583333333327,0,1,67,1
235,-576459481779,0.9095749727953346,3.137710613865369,9.065620232826304e-4,-0.0010498069695965354,7.674584415145276e-4,0.0063732492014724725,0,1417268,0.011,0.006584504699999782,1.2965550000002132e-4,0,-0.2193041666666668,0.13279583333333322,0,0,67,-1
236,-576459481769,0.9095841009944682,3.1377003526254494,9.179137613032643e-4,-9.98480595308098e-4,0.003356798868757004,-0.002362702713153866,0,1417278,0.01,-0.0035884653000002164,0.0037201155000000214,0,-0.2105541666666668,0.01029583333333317,0,0,67,-1
237,-576459481759,0.9095933938468069,3.1376902637034014,9.430803627551339e-4,-0.0010199310144644736,-0.0026219164611847277,-8.13752288361087e-4,0,1417288,0.01,-5.964153000002189e-4,-0.003460804499999987,0,-0.47305416666666683,0.06279583333333316,0,0,67,-1
238,-576459481748,0.9096035794525063,3.1376790246702186,9.099122005576901e-4,-0.0010245861853258342,-0.005456690485836574,0.0020007281308081284,0,1417299,0.011,0.0023956346999997784,-0.005854444499999982,0,-0.3418041666666668,0.08904583333333327,0,0,67,-1
239,-576459481738,0.9096124318282197,3.1376688869613667,8.593163161312765e-4,-0.0010033434377943657,-0.0026568385160089044,0.0028718197268558956,0,1417309,0.01,0.0029940446999997643,-0.002263984499999973,0,-0.13180416666666678,-0.05970416666666678,0,0,67,-1
240,-576459481726,0.9101977092038706,3.1385643074317975,0.0011291227499829527,-4.404100857229242e-4,-0.006510491603665767,0.004553529219900501,0,1417320,0.011,0.0047892746999997895,-0.00705126449999998,0,-0.22805416666666678,0.054045833333333126,0,1,68,2
241,-576459481716,0.9102098208897663,3.1385597910717085,0.0010697195482738306,-3.827222268458735e-4,0.001411711921931194,0.009483261951942382,0,1417331,0.011,0.010174964699999765,0.002523295500000016,0,-0.18430416666666677,0.11529583333333315,0,0,68,-1
242,-576459481706,0.9102206175302932,3.138556389608689,0.0010882021225511293,-2.95226048930864e-4,0.0044856270219371455,0.004317302931163873,0,1417341,0.01,0.003592454699999784,0.004916935500000019,0,-0.2455541666666668,0.0977958333333333,0,0,68,-1
243,-576459481696,0.910231655988811,3.1385536664639146,0.0,0.0,0.0,0.0,1,1417351,0.01,0.005986094699999761,-0.004059214499999982,0,-0.07055416666666678,-0.050954166666666745,0,0,68,-1
244,-576459481686,0.9102316806154975,3.1385536003918064,0.0,0.0,0.0,0.0,1,1417361,0.01,-0.008375745300000206,0.0031217055000000186,0,-0.1493041666666668,-0.08595416666666678,0,0,68,-1
245,-576459481676,0.9102317193627296,3.1385535626821266,0.0,0.0,0.0,0.0,1,1417371,0.01,-0.004785285300000222,0.004916935500000019,0,-0.22805416666666678,0.03654583333333328,0,0,68,-1
246,-576459481666,0.9102316873798038,3.1385536004172496,0.0,0.0,0.0,0.0,1,1417381,0.01,0.0047892746999997895,-0.004059214499999982,0,-0.16680416666666678,0.1502958333333333,0,0,68,-1
247,-576459481655,0.9114273584477881,3.1372699111757947,6.316870495705639e-4,-7.463887013348417e-4,1.1037444133997689e-7,-2.452907772708236e-7,1,1417391,0.01,-0.0017932353000002248,-0.00705126449999998,0,-0.20180416666666678,0.0715458333333332,0,1,69,1
248,-576459481645,0.9114342533163253,3.137261668057495,6.238526174326179e-4,-7.511937722271321e-4,-0.0051340570278774885,-0.003146944330889948,0,1417402,0.011,-0.0035884653000002164,-0.005854444499999982,0,-0.37680416666666683,0.027795833333333242,0,0,69,-1
249,-576459481635,0.9114402684034191,3.137254063567694,5.775702695486469e-4,-7.72792557703651e-4,-0.0015675848548152575,0.003812743966495698,0,1417412,0.01,0.0047892746999997895,-0.0010671644999999759,0,-0.4293041666666668,0.027795833333333242,0,0,69,-1
250,-576459481624,0.9114464983522031,3.1372457308233135,5.561861375814617e-4,-7.399682177052554e-4,-0.00427740330530719,-0.002152988866761076,0,1417423,0.011,-0.0029900553000002305,-0.004657624499999985,0,-0.2455541666666668,0.10654583333333312,0,0,69,-1
251,-576459481614,0.9114518823857157,3.1372382362218962,5.188942749238287e-4,-7.595618032630477e-4,-4.12621414358189e-4,-7.879475549676651e-4,0,1417433,0.01,-5.964153000002189e-4,1.2965550000002132e-4,0,-0.18430416666666677,0.0715458333333332,0,0,69,-1
252,-576459481604,0.911457007531241,3.137230616966035,5.080630162810503e-4,-7.649933254341766e-4,-0.005184842581411695,9.543488662583054e-4,0,1417443,0.01,0.0011988146999997726,-0.005854444499999982,0,-0.30680416666666677,-0.16470416666666676,0,0,69,-1
253,-576459481594,0.9114618094779384,3.1372230119584916,4.531811770577014e-4,-7.55885427926436e-4,-0.0073463834602675296,6.439565922737496e-4,0,1417453,0.01,6.004046999997868e-4,-0.007649674499999982,0,-0.061804166666666785,-0.05970416666666678,0,0,69,-1
254,-576459481583,0.9127437077001306,3.1390637373370054,0.001022645730382795,2.9767297899201096e-4,-0.008137048119644639,0.0021804166581225666,0,1417463,0.01,0.0023956346999997784,-0.008248084499999976,0,-0.061804166666666785,-0.12095416666666681,0,1,70,2
255,-576459481572,0.912754523612018,3.139067167270212,9.41799412542587e-4,3.251490507556877e-4,-0.002461872189877071,0.004468261627228588,0,1417474,0.011,0.0047892746999997895,-0.0016655744999999789,0,-0.15805416666666677,0.01029583333333317,0,0,70,-1
256,-576459481563,0.9127638298684209,3.1390706936290895,9.189153412693306e-4,3.7767362991041005e-4,-0.0012387795875017785,0.009997547234828425,0,1417484,0.01,0.010773374699999784,-0.0010671644999999759,0,-0.12305416666666678,-0.08595416666666678,0,0,70,-1
257,-576459481553,0.9127729821817048,3.1390748767413696,0.0,0.0,0.0,0.0,1,1417494,0.01,-0.0017932353000002248,0.0019248855000000215,0,-0.13180416666666678,-0.11220416666666677,0,0,70,-1
258,-576459481542,0.9127730068035631,3.139074867317473,0.0,0.0,0.0,0.0,1,1417504,0.01,-0.0011948253000002049,0.0031217055000000186,0,-0.061804166666666785,0.06279583333333316,0,0,70,-1
259,-576459481532,0.9127730644119006,3.139074966359844,0.0,0.0,0.0,0.0,1,1417514,0.01,0.012568604699999776,0.007310575500000022,0,-0.14055416666666679,-0.007204166666666678,0,0,70,-1
260,-576459481519,0.9156403414592973,3.136217967772169,0.0014543921348362462,-0.0016218021957278516,0.0016883558983456024,-5.237460330222042e-4,0,1417526,0.012,-5.964153000002189e-4,0.0019248855000000215,0,-0.4643041666666668,-0.11220416666666677,0,1,71,1
261,-576459481509,0.9156563864033568,3.1362001650924363,0.0014651193492426333,-0.0016178615027513624,-0.0033519911843133488,0.0057098532727387135,0,1417537,0.011,0.006584504699999782,-0.004059214499999982,0,-0.28055416666666677,0.027795833333333242,0,0,71,-1
262,-576459481499,0.9156723217577732,3.1361826708981653,0.0014313431904154482,-0.001561165209111195,-0.0013483063723800444,0.0017538860493610973,0,1417548,0.011,0.0011988146999997726,-0.0010671644999999759,0,-0.18430416666666677,-0.007204166666666678,0,0,71,-1
263,-576459481489,0.9156865848853589,3.1361671472985586,0.001420446843265205,-0.0015435723573247154,4.72573440157643e-4,0.0017918919938165903,0,1417558,0.01,0.0017972246999997925,7.280655000000242e-4,0,-0.2193041666666668,-0.1472041666666668,0,0,71,-1
264,-576459481479,0.9157007532274439,3.136151867748919,0.001415900518124479,-0.0015153224932750225,-0.006125476167562358,0.009143449805196211,0,1417568,0.01,0.010174964699999765,-0.00705126449999998,0,-0.2543041666666668,-0.02470416666666675,0,0,71,-1
265,-576459481469,0.9157146364218378,3.136137057092122,0.0013593981148482808,-0.0014417666305889317,-0.0027391308229362515,-0.003596168568431953,0,1417578,0.01,-0.005383695300000208,-0.002263984499999973,0,-0.11430416666666679,0.0015458333333331353,0,0,71,-1
266,-576459481459,0.9173591560922445,3.138290541483022,0.0021217490103321726,-2.91144969212684e-4,-0.0028471290200852723,-0.010935922888854149,0,1417588,0.01,-0.011966205300000223,-0.0028623944999999844,0,-0.1755541666666668,0.054045833333333126,0,1,72,2
267,-576459481448,0.9173823221638636,3.138286814847075,0.002090409786083717,-3.9119524127745407e-4,-0.002860516123131229,0.0023295535488862904,0,1417599,0.011,0.00419086469999977,-0.0028623944999999844,0,-0.1930541666666668,0.1502958333333333,0,0,72,-1
268,-576459481438,0.9174030978798884,3.1382830247914333,0.002064035105306113,-3.6707324911746097e-4,-0.0012878316677218604,0.002912280823690621,0,1417609,0.01,0.0029940446999997643,-0.0010671644999999759,0,-0.20180416666666678,0.03654583333333328,0,0,72,-1
269,-576459481428,0.9174237040650298,3.138279495574949,0.0,0.0,0.0,0.0,1,1417619,0.01,0.0023956346999997784,0.002523295500000016,0,-0.2105541666666668,0.03654583333333328,0,0,72,-1
270,-576459481417,0.9174235680396964,3.1382795504787064,0.0,0.0,0.0,0.0,1,1417630,0.011,0.005986094699999761,-0.014830594499999983,0,-0.09680416666666679,0.19404583333333325,0,0,72,-1
271,-576459481407,0.9174236277743085,3.1382796287286,0.0,0.0,0.0,0.0,1,1417640,0.01,0.00957655469999978,0.007310575500000022,0,-0.10555416666666678,0.0015458333333331353,0,0,72,-1
272,-576459481397,0.9174236145643108,3.138279695189843,0.0,0.0,0.0,0.0,1,1417650,0.01,0.008379734699999773,-0.0016655744999999789,0,-0.11430416666666679,0.0977958333333333,0,0,72,-1
273,-576459481387,0.919486024245973,3.1363637851412323,9.985971792084362e-4,-0.001067131806387593,-0.0035595796716669727,-0.0010481608954849718,0,1417660,0.01,-0.0011948253000002049,-0.004059214499999982,0,-0.28055416666666677,0.0715458333333332,0,1,73,1
274,-576459481376,0.919495837379588,3.136353018147535,9.638590966585226e-4,-0.001084420786447393,-0.0029481812889548533,-0.005899773742379834,0,1417670,0.01,-0.006580515300000213,-0.0028623944999999844,0,-0.3418041666666668,-0.04220416666666682,0,0,73,-1
275,-576459481367,0.9195054234812796,3.1363418642081053,9.492094058456893e-4,-0.0011457287915608298,0.007622594349343798,-0.007546306322860528,0,1417680,0.01,-0.00777733530000022,0.009105805500000022,0,-0.3243041666666668,0.11529583333333315,0,0,73,-1
276,-576459481357,0.9195152141067185,3.136330093780969,0.0010125338499981078,-0.0012111675456162518,-0.0015722443904858325,-4.0202651565011873e-4,0,1417690,0.01,6.004046999997868e-4,-0.0028623944999999844,0,-0.061804166666666785,0.054045833333333126,0,0,73,-1
277,-576459481348,0.9195252789571315,3.1363179887611676,9.996418767273768e-4,-0.0012110090350634566,4.4501846010617163e-4,0.002576167131053875,0,1417700,0.01,0.0029940446999997643,7.280655000000242e-4,0,-0.2105541666666668,0.14154583333333326,0,0,73,-1
278,-576459481337,0.919535233849777,3.136305996627156,9.941317559895952e-4,-0.0011869421594654143,-0.006653643969207574,0.001368294268866958,0,1417710,0.01,0.0011988146999997726,-0.007649674499999982,0,-0.14055416666666679,-0.02470416666666675,0,0,73,-1
279,-576459481326,0.9195448817855146,3.1362942178589535,9.337330036795439e-4,-0.0011697861186126084,-0.002279343237805086,0.0038435548837317908,0,1417720,0.01,0.00419086469999977,-0.0016655744999999789,0,-0.20180416666666678,0.054045833333333126,0,0,73,-1
280,-576459481317,0.9179815297547341,3.1343457196879405,1.8066738300786048e-4,-0.002179295280587085,-0.002790737241517451,0.0015239204144157962,0,1417730,0.01,0.0011988146999997726,-0.0028623944999999844,0,-0.3243041666666668,0.08029583333333323,0,1,74,2
281,-576459481307,0.9179831964823891,3.134323981701886,1.526719099328822e-4,-0.0021674013183713356,-0.002853577264119436,-8.602908401514138e-4,0,1417740,0.01,-0.0011948253000002049,-0.0028623944999999844,0,-0.16680416666666678,-0.015954166666666714,0,0,74,-1
282,-576459481297,0.9179845191650468,3.1343022761880506,1.1455303033628616e-4,-0.0021742068767927666,-0.009683413608719205,4.206699822837342e-4,0,1417750,0.01,6.004046999997868e-4,-0.010641724499999979,0,-0.10555416666666678,-0.09470416666666681,0,0,74,-1
283,-576459481287,0.9179852578428658,3.134280514138493,2.9793616929477635e-5,-0.0021764059655941586,-0.0010778166649395137,-0.004144706289943881,0,1417760,0.01,-0.004785285300000222,1.2965550000002132e-4,0,-0.30680416666666677,-0.18220416666666683,0,0,74,-1
284,-576459481277,0.9179855679788029,3.134258561369862,2.9337144457827953e-5,-0.0022149596060366374,0.006278406059884528,-0.002082577577687532,0,1417770,0.01,-0.0017932353000002248,0.007310575500000022,0,-0.16680416666666678,0.08029583333333323,0,0,74,-1
285,-576459481267,0.9179861645435844,3.134236375931643,9.044595153999843e-5,-0.002225120766680839,0.005084460846681262,0.005518043179592323,0,1417780,0.01,0.006584504699999782,0.004916935500000019,0,-0.13180416666666678,0.06279583333333316,0,0,74,-1
286,-576459481257,0.9179872700434609,3.1342144043138576,1.3298482028133255e-4,-0.002169364409883509,-8.350005273542937e-4,0.005928502199999181,0,1417790,0.01,0.005986094699999761,-0.0016655744999999789,0,-0.1493041666666668,0.03654583333333328,0,0,74,-1
287,-576459481244,0.9221192969528185,3.13061791743993,0.002060325605536049,-0.004059442024537845,0.0015856294795725358,0.004928693417936882,0,1417801,0.011,0.0047892746999997895,0.0019248855000000215,0,-0.4205541666666668,-0.20845416666666683,0,1,75,1
288,-576459481235,0.9221420310652839,3.1305735153670713,0.0020741817274577373,-0.004011885473959633,-7.407452264641715e-4,6.082119294014794e-4,0,1417812,0.011,1.9946999997669246e-6,-0.0010671644999999759,0,-0.2105541666666668,-0.007204166666666678,0,0,75,-1
289,-576459481224,0.9221628265625568,3.130533382654129,0.002080527477521102,-0.004012520289209391,0.008943767979322155,-0.00412162975003603,0,1417822,0.01,-0.004785285300000222,0.01030262550000002,0,-0.2980541666666668,0.19404583333333325,0,0,75,-1
290,-576459481214,0.9221861279863183,3.1304890060048254,0.002160680138589787,-0.004056341667299745,-0.002984009177286445,-0.0031292925392204228,0,1417833,0.011,-0.0029900553000002305,-0.004657624499999985,0,-0.14055416666666679,0.18529583333333322,0,0,75,-1
291,-576459481204,0.9222076159525824,3.1304484047357266,0.0021354577828824606,-0.004069595588173426,2.713045420019073e-4,0.009587465550301872,0,1417843,0.01,0.011371784699999771,7.280655000000242e-4,0,-0.11430416666666679,-0.12970416666666673,0,0,75,-1
292,-576459481194,0.9222288975280204,3.130408145344591,0.0021247245024529245,-0.003980370273853889,-0.009298905178398984,0.0048549021422958725,0,1417853,0.01,0.00419086469999977,-0.010641724499999979,0,-0.13180416666666678,-0.06845416666666682,0,0,75,-1
293,-576459481184,0.9216958230698904,3.1297343702154223,0.0017921828306610285,-0.004259527640511105,-0.003654417944711881,0.010569795218917863,0,1417863,0.01,0.011371784699999771,-0.0028623944999999844,0,-0.09680416666666679,0.08029583333333323,0,1,76,2
294,-576459481173,0.9217152912250327,3.129688031624789,0.0,0.0,0.0,0.0,1,1417874,0.011,-0.0029900553000002305,-0.006452854499999985,0,-0.1930541666666668,-0.050954166666666745,0,0,76,-1
295,-576459481162,0.9217153411293417,3.129688065812756,0.0,0.0,0.0,0.0,1,1417884,0.01,0.00419086469999977,0.0061137555000000164,0,-0.16680416666666678,0.06279583333333316,0,0,76,-1
296,-576459481152,0.9217153374078051,3.1296880990462097,-5.775577060136167e-7,5.1635942686962975e-6,-4.1107550022230683e-4,0.0036751898977321366,0,1417894,0.01,0.00419086469999977,-4.6875449999998157e-4,0,-0.30680416666666677,0.054045833333333126,0,0,76,-1
297,-576459481142,0.9217153221211156,3.129688388412833,-2.7735350197298335e-6,4.708197611257117e-5,0.0011126744511449642,0.004652189515617966,0,1417905,0.011,0.0047892746999997895,0.0013264755000000185,0,-0.2630541666666668,0.054045833333333126,0,0,76,-1
298,-576459481132,0.9217154402801362,3.129689115409734,2.1078920458419266e-5,8.792617154207198e-5,0.008647049127737321,-0.0020496973151254228,0,1417916,0.011,-0.0029900553000002305,0.009704215500000024,0,-0.22805416666666678,-0.06845416666666682,0,0,76,-1
299,-576459481120,0.9217160625888853,3.129689889374526,1.0439447832319921e-4,6.700334048449395e-5,0.006425470571729571,-0.0023495695060748827,0,1417926,0.01,-0.0023916453000002104,0.0061137555000000164,0,-0.08805416666666678,0.13279583333333322,0,0,76,-1
300,-576459481109,0.9216931236095396,3.129710253305832,1.5400922311851366e-4,5.017688046677312e-5,-1.4521748688849372e-4,-0.003436018232777328,0,1417937,0.011,-0.0035884653000002164,-0.0010671644999999759,0,-0.18430416666666677,-0.16470416666666676,0,1,77,1
301,-576459481099,0.9216948232976006,3.1297106522983302,1.5440157910370116e-4,2.026421157242276e-5,0.001145387575592535,0.001678065251136137,0,1417948,0.011,0.0023956346999997784,0.0013264755000000185,0,-0.10555416666666678,-0.015954166666666714,0,0,77,-1
302,-576459481089,0.921696376807839,3.129710880797577,0.0,0.0,0.0,0.0,1,1417958,0.01,-0.005383695300000208,-0.004657624499999985,0,0.02569583333333321,0.0015458333333331353,0,0,77,-1
303,-576459481079,0.9216963778537042,3.129710985328288,0.0,0.0,0.0,0.0,1,1417968,0.01,0.013167014699999762,1.2965550000002132e-4,0,-0.15805416666666677,0.03654583333333328,0,0,77,-1
304,-576459481069,0.9216964119210641,3.129711004226527,0.0,0.0,0.0,0.0,1,1417978,0.01,0.0023956346999997784,0.004318525500000016,0,-0.15805416666666677,0.10654583333333312,0,0,77,-1
305,-576459481059,0.9216964223743676,3.1297110938400547,1.6322299819203007e-6,1.399299631456991e-5,0.0011632562027568015,0.00997251670964857,0,1417988,0.01,0.011371784699999771,0.0013264755000000185,0,-0.4468041666666668,-0.007204166666666678,0,0,77,-1
306,-576459481048,0.9223492346629366,3.1304138109048347,2.8890649266614645e-4,4.701954308596395e-4,-0.0028917956536713284,0.003328063990548897,0,1417998,0.01,0.0023956346999997784,-0.003460804499999987,0,-0.1930541666666668,-0.033454166666666785,0,1,78,2
307,-576459481003,0.9223523422334646,3.1304191430634,2.7235323931437786e-4,5.007508420513474e-4,0.007104755218108223,-6.382957511958192e-4,0,1418009,0.011,-0.0011948253000002049,0.00850739550000002,0,-0.28055416666666677,0.0015458333333331353,0,0,78,-1
308,-576459481002,0.9223553542638899,3.130424114134503,3.3323696609801766e-4,4.936757126899388e-4,-6.163142116240132e-5,-0.001126345812930136,0,1418019,0.01,-0.0011948253000002049,-0.0010671644999999759,0,-0.09680416666666679,-0.02470416666666675,0,0,78,-1
309,-576459481001,0.9223586613339039,3.130429041485473,3.291698090270023e-4,4.89700930887267e-4,-0.00251776802067744,0.004061373262786687,0,1418029,0.01,0.0047892746999997895,-0.0028623944999999844,0,-0.3943041666666668,-0.12095416666666681,0,0,78,-1
310,-576459481000,0.9223617441885024,3.130434142585144,2.910483906598398e-4,5.304740255154972e-4,-0.01174120210797485,0.004174931121595243,0,1418039,0.01,0.00419086469999977,-0.013035364499999983,0,-0.2193041666666668,0.10654583333333312,0,0,78,-1
311,-576459480995,0.9223641941655225,3.1304396137574404,1.933978363459785e-4,5.656158608469887e-4,0.0023424185503495253,-5.340909935617902e-4,0,1418049,0.01,-0.0011948253000002049,0.004318525500000016,0,-0.08805416666666678,-0.015954166666666714,0,0,78,-1
312,-576459480984,0.9223670765261301,3.1304475527782225,2.1952999731846256e-4,5.669865709559405e-4,-0.001172401569905352,0.004134248649784946,0,1418063,0.014,0.0047892746999997895,-0.0016655744999999789,0,-0.37680416666666683,-0.09470416666666681,0,0,78,-1
313,-576459480972,0.9223794767418345,3.130446300439402,2.0370307746359466e-4,6.04256201042046e-4,-0.005803107919345746,0.0015600102121883857,0,1418074,0.011,0.0011988146999997726,-0.006452854499999985,0,-0.07930416666666679,-0.07720416666666674,0,1,79,1
314,-576459480962,0.9223814299398494,3.1304530902110104,1.4873957478561082e-4,6.282404623181423e-4,-7.557809211788512e-5,0.005966253960118648,0,1418085,0.011,0.006584504699999782,7.280655000000242e-4,0,-0.08805416666666678,0.08029583333333323,0,0,79,-1
315,-576459480952,0.9223829547165014,3.130459636552018,1.5420537585271837e-4,6.827076348399942e-4,0.004302619924640497,0.0023102127092191746,0,1418095,0.01,0.0017972246999997925,0.004916935500000019,0,-0.15805416666666677,0.15904583333333333,0,0,79,-1
316,-576459480942,0.9223846407309007,3.1304666511190566,1.8618891320888685e-4,7.169773012189204e-4,-0.0035550901538192563,0.010256782265160972,0,1418105,0.01,0.011371784699999771,-0.004657624499999985,0,-0.035554166666666775,0.0015458333333331353,0,0,79,-1
317,-576459480931,0.922386452632069,3.1304751741232684,1.4400496425108887e-4,8.320955109326006e-4,-0.005571515037302218,0.011759363837686679,0,1418116,0.011,0.011970194699999756,-0.005854444499999982,0,-0.30680416666666677,0.01029583333333317,0,0,79,-1
318,-576459480920,0.9223876460223013,3.130483982083867,9.314794613294492e-5,9.34321273173272e-4,-0.0021461901386395587,9.239305999019128e-4,0,1418126,0.01,-5.964153000002189e-4,-0.0016655744999999789,0,-0.20180416666666678,-0.007204166666666678,0,0,79,-1
319,-576459480910,0.9220589259990808,3.1301586938474313,-6.786823530747357e-5,7.725822934468878e-4,-0.0038238363473530883,0.0016897141274499934,0,1418136,0.01,0.0017972246999997925,-0.004059214499999982,0,-0.061804166666666785,0.0015458333333331353,0,1,80,2
320,-576459480900,0.9220580067484183,3.130167224548264,-1.0143410392673604e-4,7.809000134303078e-4,0.0017422977359011194,-0.005038108237456195,0,1418147,0.011,-0.0059821053000002275,0.002523295500000016,0,-0.2543041666666668,0.08029583333333323,0,0,80,-1
321,-576459480890,0.9220570028213367,3.1301747641920423,-9.569261876251584e-5,7.27856255504606e-4,-0.006494017190029615,-0.0069155034301843984,0,1418157,0.01,-0.007178925300000199,-0.007649674499999982,0,-2.328054166666667,0.0977958333333333,0,0,80,-1
322,-576459480880,0.9220557879607832,3.130181718615172,-1.502597757992016e-4,6.620631893540357e-4,8.889618205761294e-4,-0.004522625764932826,0,1418167,0.01,-0.004186875300000202,0.0019248855000000215,0,-0.1930541666666668,0.04529583333333331,0,0,80,-1
323,-576459480870,0.9220543332609827,3.130188167681388,-1.408317208670004e-4,6.253510608866063e-4,0.001272640600456182,0.001544361072079916,0,1418177,0.01,0.0023956346999997784,0.0013264755000000185,0,-0.1755541666666668,-0.033454166666666785,0,0,80,-1
324,-576459480859,0.9220528506318227,3.1301951258417406,-1.283624512223294e-4,6.402747218316494e-4,2.702967895345206e-4,1.9177879728802323e-4,0,1418188,0.011,1.9946999997669246e-6,1.2965550000002132e-4,0,-0.04430416666666678,0.06279583333333316,0,0,80,-1
325,-576459480849,0.9220516233735846,3.130201639295157,-1.191359319795848e-4,6.57586238979949e-4,0.004869956147140795,0.011045669051401495,0,1418198,0.01,0.012568604699999776,0.005515345500000013,0,-0.2193041666666668,0.12404583333333319,0,0,80,-1
326,-576459480838,0.9220529854392449,3.130207609916002,-7.40907357279716e-5,7.529314329424149e-4,-0.0013861718291560215,-0.005461214840212153,0,1418209,0.011,-0.00777733530000022,-0.002263984499999973,0,-0.30680416666666677,-0.06845416666666682,0,1,81,1
327,-576459480828,0.9220522608809599,3.1302148913809096,-7.490099836098242e-5,7.021377391751056e-4,0.007814795476551981,-0.0027693477024862364,0,1418219,0.01,-0.0023916453000002104,0.009105805500000022,0,-0.22805416666666678,0.027795833333333242,0,0,81,-1
328,-576459480816,0.9220518369426368,3.1302217725116934,-6.959454279922611e-6,6.741723062602985e-4,5.505143864980456e-4,-0.0029628978146472394,0,1418229,0.01,-0.0029900553000002305,-4.6875449999998157e-4,0,-0.16680416666666678,0.019045833333333206,0,0,81,-1
329,-576459480808,0.9220516877296835,3.1302283989049733,-1.8174141129313767e-5,6.496650490332638e-4,-0.011363658083797318,6.867269969332759e-4,0,1418239,0.01,0.0011988146999997726,-0.013035364499999983,0,-0.14055416666666679,0.04529583333333331,0,0,81,-1
330,-576459480799,0.9220509812183466,3.1302349197808823,-1.250316424864296e-4,6.549534144118724e-4,-0.006532338640909613,-4.3852803863087637e-4,0,1418249,0.01,-5.964153000002189e-4,-0.005854444499999982,0,-0.33305416666666676,0.0715458333333332,0,0,81,-1
331,-576459480788,0.92204942848587,3.130241479148966,-1.8657557796733282e-4,6.555281639629275e-4,-0.0038387486414016266,0.0030964529496479492,0,1418259,0.01,0.003592454699999784,-0.003460804499999987,0,-0.035554166666666775,0.06279583333333316,0,0,81,-1
332,-576459480778,0.9230742254016746,3.131238211364088,2.001768002897758e-4,0.0011856413954919888,0.0038396139388549187,-1.418595770318186e-4,0,1418269,0.01,-5.964153000002189e-4,0.004916935500000019,0,-0.28055416666666677,0.33404583333333315,0,1,82,2
333,-576459480768,0.9230763051082239,3.1312500854451293,2.2075405750358656e-4,0.001188081473683284,-0.008859834157410606,0.0026081799838269283,0,1418279,0.01,0.0029940446999997643,-0.010641724499999979,0,-0.1755541666666668,0.1502958333333333,0,0,82,-1
334,-576459480758,0.9230780933362636,3.131262090279529,1.3585376835847734e-4,0.001213165414557456,-0.006224249737883823,0.0018970105999443726,0,1418289,0.01,0.0017972246999997925,-0.005854444499999982,0,-0.3155541666666668,0.16779583333333314,0,0,82,-1
335,-576459480748,0.9230791341554514,3.1312742500004505,7.259365517904539e-5,0.0012217041542657656,-0.006949502523783785,-0.0055373781898537325,0,1418299,0.01,-0.006580515300000213,-0.00705126449999998,0,-0.2455541666666668,0.0977958333333333,0,0,82,-1
336,-576459480737,0.923079568391375,3.131286247960241,1.1809345888990743e-5,0.0011753554063460882,-7.414161464161075e-4,8.947212393328264e-4,0,1418309,0.01,0.0017972246999997925,1.2965550000002132e-4,0,-0.1930541666666668,0.06279583333333316,0,0,82,-1
337,-576459480728,0.9230796939952617,3.131298128797635,1.135763618760081e-5,0.0011971943677533039,0.004220690315461724,0.010082609788572745,0,1418319,0.01,0.011371784699999771,0.004916935500000019,0,-0.13180416666666678,0.13279583333333322,0,0,82,-1
338,-576459480715,0.9230799655093084,3.131311859429164,4.18981682282989e-5,0.0013010185804722917,-0.00618905754687854,0.005440605563803703,0,1418330,0.011,0.0047892746999997895,-0.007649674499999982,0,-0.10555416666666678,0.019045833333333206,0,0,82,-1
339,-576459480706,0.9250859451772333,3.129956967385463,8.262242078047236e-4,-7.251820737351277e-4,1.3498647578615605e-7,-3.020781586170174e-7,1,1418341,0.011,0.00957655469999978,0.00850739550000002,0,-0.11430416666666679,-0.007204166666666678,0,1,83,1
340,-576459480696,0.9250950464600052,3.1299490130587815,0.0,0.0,0.0,0.0,1,1418352,0.011,0.0023956346999997784,0.0013264755000000185,0,-0.13180416666666678,-0.1472041666666668,0,0,83,-1
341,-576459480685,0.9250950180396132,3.129949047511291,-4.310700940604257e-6,5.220057167102868e-6,-0.003034961671854087,0.00367518989773198,0,1418362,0.01,0.00419086469999977,-0.003460804499999987,0,-0.2630541666666668,0.027795833333333242,0,0,83,-1
342,-576459480675,0.9250948007824892,3.1299492067918684,-3.813486470884677e-5,3.0070956494408087e-5,-0.005507514605102351,-0.004793800702256712,0,1418372,0.01,-0.0059821053000002275,-0.005854444499999982,0,-0.20180416666666678,0.03654583333333328,0,0,83,-1
343,-576459480665,0.925094197970652,3.1299493150855784,-8.47994030046893e-5,-1.0491924994518142e-5,4.85571116676021e-4,4.6143924556795845e-4,0,1418382,0.01,0.0011988146999997726,0.0013264755000000185,0,-0.22805416666666678,0.01029583333333317,0,0,83,-1
344,-576459480655,0.9250934091760161,3.12994925319617,-7.449089055527724e-5,-2.76115730022057e-6,0.004371667848637626,0.002682414306172896,0,1418392,0.01,0.0029940446999997643,0.004916935500000019,0,-0.02680416666666678,0.08029583333333323,0,0,83,-1
345,-576459480645,0.9229435880553829,3.1279767579992135,-8.754047333377064e-4,-9.729756591089476e-4,0.0027506487783961905,0.0013810539791540425,0,1418402,0.01,0.0011988146999997726,0.002523295500000016,0,0.09569583333333322,0.15904583333333333,0,1,84,2
346,-576459480635,0.9229349845820672,3.1279670257697774,0.0,0.0,0.0,0.0,1,1418412,0.01,-0.00777733530000022,0.004318525500000016,0,-0.08805416666666678,-0.15595416666666684,0,0,84,-1
347,-576459480625,0.9229349620661679,3.1279670022451236,0.0,0.0,0.0,0.0,1,1418422,0.01,-0.0029900553000002305,-0.0028623944999999844,0,-0.11430416666666679,-0.015954166666666714,0,0,84,-1
348,-576459480613,0.9229350338160917,3.127966940974377,1.1204455054475724e-5,-9.56980222542255e-6,0.007985360248999606,-0.006820354788795237,0,1418432,0.01,-0.00777733530000022,0.009105805500000022,0,-0.2893041666666668,0.027795833333333242,0,0,84,-1
349,-576459480605,0.9229354973772718,3.1279666051574972,8.360080322558812e-5,-6.20153539297333e-5,0.0026706108673301837,0.004410295006947126,0,1418442,0.01,0.005986094699999761,0.0019248855000000215,0,-0.11430416666666679,-0.015954166666666714,0,0,84,-1
350,-576459480595,0.9229364893292004,3.127966180215899,1.1380728254211276e-4,-2.1864045305170114e-5,0.005165308437432477,0.0015939788464995538,0,1418452,0.01,0.0011988146999997726,0.005515345500000013,0,-0.035554166666666775,0.08029583333333323,0,0,84,-1
351,-576459480585,0.9229378742809267,3.1279661371716614,1.6368209527111127e-4,9.052384922597129e-6,0.003897942663508569,0.012267760522529375,0,1418462,0.01,0.013765424699999782,0.0037201155000000214,0,-0.2105541666666668,0.01029583333333317,0,0,84,-1
352,-576459480574,0.9235172726161988,3.127591680048451,4.260167909653532e-4,-6.360016026047145e-5,-0.004129625762479919,0.006234179139412009,0,1418473,0.011,0.005387684699999775,-0.005256034499999979,0,-0.15805416666666677,-0.05970416666666678,0,1,85,1
353,-576459480563,0.9235217440844778,3.1275914172811823,0.0,0.0,0.0,0.0,1,1418484,0.011,0.012568604699999776,-4.6875449999998157e-4,0,-0.13180416666666678,-0.16470416666666676,0,0,85,-1
354,-576459480552,0.9235216599045284,3.127591428655951,0.0,0.0,0.0,0.0,1,1418495,0.011,0.0011988146999997726,-0.008846494499999979,0,-0.1493041666666668,0.08904583333333327,0,0,85,-1
355,-576459480541,0.9235216855929849,3.127591384342586,0.0,0.0,0.0,0.0,1,1418505,0.01,-0.005383695300000208,0.0031217055000000186,0,-0.18430416666666677,0.0977958333333333,0,0,85,-1
356,-576459480532,0.9235217674054866,3.1275914128702342,0.0,0.0,0.0,0.0,1,1418515,0.01,0.003592454699999784,0.01030262550000002,0,-0.15805416666666677,0.06279583333333316,0,0,85,-1
357,-576459480522,0.9235217589868902,3.127591427048149,0.0,0.0,0.0,0.0,1,1418525,0.01,0.0017972246999997925,-0.0010671644999999759,0,-0.2193041666666668,0.14154583333333326,0,0,85,-1
358,-576459480510,0.9215140318130178,3.1258207309322206,-7.65349156542299e-4,-8.8763753166761e-4,-8.732776352700941e-8,-3.263533765018694e-7,1,1418536,0.011,0.010773374699999784,-0.0028623944999999844,0,-0.11430416666666679,0.24654583333333324,0,1,86,2
359,-576459480500,0.9215056030058733,3.1258109557155684,0.0,0.0,0.0,0.0,1,1418547,0.011,-0.0011948253000002049,-0.0010671644999999759,0,-0.16680416666666678,-0.23470416666666682,0,0,86,-1
360,-576459480491,0.9215056776817979,3.125811078575631,0.0,0.0,0.0,0.0,1,1418557,0.01,0.014962244699999754,0.009105805500000022,0,-0.14055416666666679,0.08904583333333327,0,0,86,-1
361,-576459480480,0.9215056692067045,3.125811092842972,0.0,0.0,0.0,0.0,1,1418567,0.01,0.0017972246999997925,-0.0010671644999999759,0,-0.08805416666666678,-0.050954166666666745,0,0,86,-1
362,-576459480470,0.9215056655098769,3.1258110503739904,0.0,0.0,0.0,0.0,1,1418577,0.01,-0.005383695300000208,-4.6875449999998157e-4,0,-0.1755541666666668,-0.08595416666666678,0,0,86,-1
363,-576459480460,0.9215057042570214,3.125811050389683,6.050295499301417e-6,2.454468217638364e-9,0.004311919608715018,1.749257447550168e-6,0,1418587,0.01,1.9946999997669246e-6,0.004916935500000019,0,-0.2630541666666668,0.0015458333333331353,0,0,86,-1
364,-576459480450,0.9215059709781266,3.1258111259424273,4.7704960569172377e-5,1.180152428035697e-5,0.003268158193919674,0.008398400248165665,0,1418597,0.01,0.00957655469999978,0.0031217055000000186,0,-0.2193041666666668,-0.10345416666666674,0,0,86,-1
365,-576459480438,0.9198592500070846,3.126835991860608,-5.597178862833619e-4,6.561614243054159e-4,0.004189181520478279,0.015204356533214064,0,1418608,0.011,0.01615906469999976,0.004318525500000016,0,-0.2455541666666668,0.0715458333333332,0,1,87,1
366,-576459480409,0.9198532730993518,3.126844003210959,-5.239774553780025e-4,8.052878279463529e-4,-0.0025194939803765163,0.003446936764705732,0,1418619,0.011,0.0017972246999997925,-0.003460804499999987,0,-0.2193041666666668,-0.1472041666666668,0,0,87,-1
367,-576459480408,0.9198479192715391,3.1268522198042863,-5.473636943608903e-4,8.384479269245141e-4,-0.0012458697962174246,0.0025249946347982,0,1418629,0.01,0.0023956346999997784,-0.0010671644999999759,0,-0.28055416666666677,0.027795833333333242,0,0,87,-1
368,-576459480407,0.9198423989919973,3.1268606297454453,-5.573899037002508e-4,8.48052530762525e-4,4.851779895618802e-4,-0.008608769823473278,0,1418639,0.01,-0.010170975300000197,7.280655000000242e-4,0,-0.12305416666666678,0.12404583333333319,0,0,87,-1
369,-576459480398,0.9198368607095327,3.1268687005527456,-5.507662766528575e-4,7.651974665529098e-4,0.001747733303755544,-0.006305309413167003,0,1418649,0.01,-0.0059821053000002275,0.0019248855000000215,0,-0.20180416666666678,0.11529583333333315,0,0,87,-1
370,-576459480388,0.9198313805257269,3.1268760492401886,-5.426434332118162e-4,7.040147640246539e-4,-0.004919016654821581,-0.004972320241500327,0,1418659,0.01,-0.004785285300000222,-0.005854444499999982,0,-0.05305416666666678,0.19404583333333325,0,0,87,-1
371,-576459480376,0.9178964088138869,3.1252362808065133,-0.001301665117263583,-1.6030001166536577e-4,3.313761508231865e-5,-8.556474035169481e-5,0,1418669,0.01,6.004046999997868e-4,7.280655000000242e-4,0,-0.1930541666666668,-0.12095416666666681,0,1,88,2
372,-576459480367,0.917882148075824,3.1252345130078556,0.0,0.0,0.0,0.0,1,1418680,0.011,1.9946999997669246e-6,0.0061137555000000164,0,-0.20180416666666678,0.0715458333333332,0,0,88,-1
373,-576459480357,0.9178821491912889,3.125234469072783,1.612799081563297e-7,-6.695953747455025e-6,1.1370173410409576e-4,-0.004721245851489637,0,1418690,0.01,-0.005383695300000208,1.2965550000002132e-4,0,-0.2543041666666668,-0.015954166666666714,0,0,88,-1
374,-576459480347,0.9178821233735627,3.1252342984134094,-3.843190732617875e-6,-3.334277502175443e-5,-0.0035457482089261794,0.009916357145675531,0,1418700,0.01,0.011970194699999756,-0.004059214499999982,0,-0.2630541666666668,-0.06845416666666682,0,0,88,-1
375,-576459480337,0.9178819744026118,3.125234410925568,-2.88858631277032e-5,5.8038130919284395e-5,0.0038756246821503586,0.004370594147745212,0,1418710,0.01,0.003592454699999784,0.004916935500000019,0,0.008195833333333222,-0.08595416666666678,0,0,88,-1
376,-576459480327,0.9178818356598606,3.125235151833649,3.0519478466511266e-6,9.268680618639798e-5,-9.83744615923527e-4,-0.0020843468793662516,0,1418720,0.01,-0.0029900553000002305,-0.0016655744999999789,0,-0.2193041666666668,0.027795833333333242,0,0,88,-1
377,-576459480316,0.9178819059180916,3.1252360805060437,7.102115545801644e-6,8.84007918701355e-5,0.008913867548007796,0.009716043346317513,0,1418730,0.01,0.011371784699999771,0.01030262550000002,0,-0.2893041666666668,0.0977958333333333,0,0,88,-1
378,-576459480306,0.9171545137188376,3.1256718558251957,-1.8984926131873162e-4,4.195073981149172e-4,-0.001938176262980239,0.005920372076669422,0,1418741,0.011,0.005387684699999775,-0.003460804499999987,0,-0.07930416666666679,-0.12095416666666681,0,1,89,1
379,-576459480295,0.917152210126267,3.125676907687115,-2.2535942146126368e-4,4.960437217046711e-4,-0.011145107642842034,0.013324888985805333,0,1418752,0.011,0.014363834699999767,-0.012436954499999979,0,-0.3418041666666668,0.0715458333333332,0,0,89,-1
380,-576459480286,0.9171494276590976,3.12568232168434,-3.3245747553072155e-4,5.970503265160589e-4,-0.0080797782909375,-0.009378980363278562,0,1418762,0.01,-0.012564615300000208,-0.007649674499999982,0,-0.2718041666666668,-0.050954166666666745,0,0,89,-1
381,-576459480274,0.9171456360221164,3.125687930961301,-4.2304918616126755e-4,5.199827472237541e-4,-0.015049478912959052,0.002521131203280378,0,1418772,0.01,0.00419086469999977,-0.01602741449999998,0,-0.22805416666666678,-0.007204166666666678,0,0,89,-1
382,-576459480265,0.9171408483276652,3.1256933125032904,-5.43079621593886e-4,5.538771641612632e-4,0.006658338960059051,0.008708403524280511,0,1418782,0.01,0.00957655469999978,0.009704215500000024,0,-0.2980541666666668,0.12404583333333319,0,0,89,-1
383,-576459480256,0.9171356565587454,3.125699175644566,-4.91156884061572e-4,6.236208536009463e-4,-0.003790002399713133,-0.0036496998611240047,0,1418792,0.01,-0.005383695300000208,-0.005256034499999979,0,-0.2193041666666668,0.027795833333333242,0,0,89,-1
384,-576459480245,0.9180708019111566,3.1264844330656305,-1.8175518275608e-4,9.760406069474314e-4,6.969391225604621e-4,-0.002546322582213604,0,1418802,0.01,-0.0023916453000002104,0.0013264755000000185,0,-0.11430416666666679,0.027795833333333242,0,1,90,2
385,-576459480235,0.9180689717986673,3.1264941235332135,-1.8211095280864446e-4,9.596034352001668e-4,-0.004523536861574802,0.0038866488819783917,0,1418812,0.01,0.0047892746999997895,-0.005256034499999979,0,-0.13180416666666678,0.0977958333333333,0,0,90,-1
386,-576459480225,0.9180669139036154,3.126504005776196,-2.2898401224795902e-4,0.0010128344294525124,-0.005690679839861669,0.014124199201476829,0,1418822,0.01,0.015560654699999774,-0.005854444499999982,0,-0.2980541666666668,0.027795833333333242,0,0,90,-1
387,-576459480205,0.9180644891312966,3.126514691360411,-2.625298269328616e-4,0.0011308088090250024,0.010958577806160259,-0.0024585233118877003,0,1418832,0.01,-0.004785285300000222,0.013294675500000016,0,-0.2368041666666668,0.027795833333333242,0,0,90,-1
388,-576459480103,0.9180622745804705,3.126525862905741,-1.7436835483880338e-4,0.0011040968849832442,-0.004310423867086464,-0.0039742061652226395,0,1418842,0.01,-0.004186875300000202,-0.006452854499999985,0,-0.2368041666666668,0.06279583333333316,0,0,90,-1
389,-576459480102,0.9180603786475602,3.1265366044781233,-2.075912274207834e-4,0.0010486302588881738,0.0027319788989245957,-0.015181028847051574,0,1418852,0.01,-0.01675348530000021,0.0037201155000000214,0,-0.1755541666666668,0.054045833333333126,0,0,90,-1
390,-576459480101,0.9180584235455886,3.1265465220763238,-1.827372008185099e-4,9.265471936131216e-4,9.746417365824036e-4,0.006005422378082333,0,1418862,0.01,0.008978144699999758,7.280655000000242e-4,0,-0.2105541666666668,0.13279583333333322,0,0,90,-1
391,-576459480101,0.9180566523925184,3.126556097096693,0.0,0.0,0.0,0.0,1,1418872,0.01,0.007182914699999768,0.0019248855000000215,0,-0.2455541666666668,0.21154583333333332,0,0,90,-1
393,-576459480101,0.9180567393019514,3.126556101842922,-7.203738908397075e-6,-2.942856201415619e-6,-0.005134070609159631,-0.002097359679857907,0,1418892,0.01,-0.0023916453000002104,-0.005854444499999982,0,-0.2980541666666668,-0.06845416666666682,0,0,90,-1
395,-576459480099,0.9180558895261979,3.1265565423419943,-5.1693219157448273e-5,9.392521460001996e-5,-0.004019113715471934,0.002311212554537716,0,1418913,0.011,0.0011988146999997726,-0.004657624499999985,0,-0.2193041666666668,0.054045833333333126,0,0,90,-1
396,-576459480099,0.9180552250878179,3.126557661399236,-8.37472273279176e-5,1.2681789091811144e-4,0.0017182693729235164,0.009207350824826693,0,1418923,0.01,0.010174964699999765,0.002523295500000016,0,-0.28055416666666677,0.04529583333333331,0,0,90,-1
397,-576459480099,0.918054408723851,3.1265593359219834,-7.66322349203578e-5,2.1049863404626508e-4,-0.005447419347804691,0.0032337983290411914,0,1418933,0.01,0.0023956346999997784,-0.006452854499999985,0,-0.15805416666666677,-0.09470416666666681,0,0,90,-1
398,-576459480098,0.9180533432210135,3.1265616290262623,-1.3528958367515497e-4,2.469602463854386e-4,-0.00842824730461779,0.0061722091550491034,0,1418943,0.01,0.006584504699999782,-0.008846494499999979,0,-0.2193041666666668,0.0015458333333331353,0,0,90,-1
399,-576459480093,0.9225900356780862,3.1238776710845726,0.0014574870022562927,-0.001126595584997061,-0.009844376294859144,-0.0034374587204977765,0,1418953,0.01,-0.004785285300000222,-0.010043314499999977,0,-0.28055416666666677,-0.050954166666666745,0,1,91,1
400,-576459480083,0.9257211928194369,3.126370929265593,0.002469098434672844,8.235151522747249e-5,0.0031007155365989493,0.0011535563008391824,0,1418964,0.011,0.0017972246999997925,0.004916935500000019,0,-0.2893041666666668,0.0977958333333333,0,1,92,2
401,-576459480073,0.925745976515248,3.126371743320686,0.0024904565145788507,8.352400354631169e-5,-0.0037029813056443056,-0.006153635506704236,0,1418974,0.01,-0.007178925300000199,-0.004657624499999985,0,-0.30680416666666677,-0.05970416666666678,0,0,92,-1
402,-576459480063,0.9257707405820947,3.1263722437890444,0.002460360843046826,1.7775172709934114e-5,0.0012323913943827953,-0.009151875043613467,0,1418984,0.01,-0.00957256530000021,0.0019248855000000215,0,-0.2455541666666668,0.054045833333333126,0,0,92,-1
403,-576459480053,0.925795368782662,3.1263720361346583,0.002466908956488322,-6.247814889232981e-5,-0.002883319174635216,-0.001124364728884131,0,1418994,0.01,1.9946999997669246e-6,-0.003460804499999987,0,-0.1755541666666668,0.0977958333333333,0,0,92,-1
404,-576459480042,0.9279987088179379,3.1251447777741146,0.003252248069274073,-7.34038164165587e-4,0.007630680103787701,-0.00800849362008399,0,1419004,0.01,-0.008974155300000225,0.009105805500000022,0,-0.3680541666666668,0.11529583333333315,0,1,93,1
405,-576459480032,0.9280349001801175,3.125136368010198,0.0033293505624033743,-8.001983928647885e-4,0.003151745649132006,0.006363206607700657,0,1419015,0.011,0.008379734699999773,0.002523295500000016,0,2.1081958333333333,0.11529583333333315,0,0,93,-1
406,-576459480020,0.9280683509529188,3.1251286322594702,0.0033608306292188623,-7.444780716474413e-4,0.003125401860792459,7.84724978237299e-4,0,1419025,0.01,1.9946999997669246e-6,0.0031217055000000186,0,-0.2543041666666668,0.24654583333333324,0,0,93,-1
407,-576459480011,0.9281020348253602,3.125121229995071,0.0033795459051245385,-7.361206210078179e-4,-0.005799052656142172,0.001147862056410267,0,1419035,0.01,0.0011988146999997726,-0.00705126449999998,0,-0.30680416666666677,0.08904583333333327,0,0,93,-1
408,-576459479998,0.9281389133643064,3.1251131751389325,0.0033236923831461503,-7.274310358813603e-4,-5.998563370490937e-4,-0.001431341059483007,0,1419046,0.011,-0.0017932353000002248,1.2965550000002132e-4,0,-0.08805416666666678,-0.02470416666666675,0,0,93,-1
409,-576459479991,0.9281721653732052,3.125105904538175,0.003324555472489821,-7.302859549937812e-4,0.004238108875097968,0.00664773057707825,0,1419056,0.01,0.007781324699999787,0.004916935500000019,0,-0.2893041666666668,0.1502958333333333,0,0,93,-1
410,-576459479980,0.9282055617718569,3.1250989620403034,0.0033574506504902364,-6.594627076027367e-4,-0.002513473598961955,0.009740947882685359,0,1419066,0.01,0.010174964699999765,-0.003460804499999987,0,-0.22805416666666678,0.0977958333333333,0,0,93,-1
411,-576459479970,0.9269066432315796,3.124052584147299,0.002863478008726117,-0.0010779366449286086,-0.004393843457561772,0.0017249348025301383,0,1419077,0.011,6.004046999997868e-4,-0.004657624499999985,0,-0.05305416666666678,-0.050954166666666745,0,1,94,2
412,-576459479959,0.9269378552389863,3.1240409161574343,0.0028123622808236015,-0.001046732097958042,-0.006199498644307947,0.009659988134447805,0,1419088,0.011,0.010773374699999784,-0.006452854499999985,0,-0.33305416666666676,0.01029583333333317,0,0,94,-1
413,-576459479949,0.9269657357915244,3.1240308574053235,0.002760485336607277,-9.61414877568369e-4,9.252015476256346e-4,0.0017151624482485382,0,1419098,0.01,6.004046999997868e-4,0.0019248855000000215,0,-0.16680416666666678,0.13279583333333322,0,0,94,-1
414,-576459479939,0.9269934091091513,3.1240212584093157,0.0027731815535151955,-9.552235096543624e-4,0.003376208740197973,-0.006084531357640427,0,1419108,0.01,-0.007178925300000199,0.0037201155000000214,0,-0.4380541666666668,0.054045833333333126,0,0,94,-1
415,-576459479928,0.9270213030072174,3.1240113885940883,0.0028058939612984365,-0.0010181521557599492,0.0026282442153547614,-0.007569040258107242,0,1419118,0.01,-0.00777733530000022,0.002523295500000016,0,-0.02680416666666678,-0.007204166666666678,0,0,94,-1
416,-576459479918,0.9270523971833506,3.1239998661919004,0.002845076100849855,-0.001081667464187273,0.009358313207721512,0.005367725711416274,0,1419129,0.011,0.007182914699999768,0.01030262550000002,0,-0.2893041666666668,-0.033454166666666785,0,0,94,-1
417,-576459479908,0.9308718468924448,3.1219059898397576,0.004284534742157439,-0.0021526693776688813,-0.005031924993592642,-0.004585951591490279,0,1419139,0.01,-0.0059821053000002275,-0.00705126449999998,0,-0.3855541666666668,0.019045833333333206,0,1,95,1
418,-576459479896,0.9309144676536625,3.121884270064088,0.004238363310478887,-0.0021928761404775557,-0.0020797950128070976,-5.625399404757892e-4,0,1419149,0.01,1.9946999997669246e-6,-0.0016655744999999789,0,-0.3418041666666668,0.18529583333333322,0,0,95,-1
419,-576459479888,0.9309568919447138,3.121862242229237,0.00424016849383185,-0.002209589886809131,0.014026773792709779,-0.00846390554162127,0,1419159,0.01,-0.00957256530000021,0.01628672550000002,0,-0.3155541666666668,0.054045833333333126,0,0,95,-1
420,-576459479878,0.9309998807725647,3.1218398322705423,0.0043625995205924415,-0.002277184593620978,0.001314881866525619,0.0036832832052579832,0,1419169,0.01,0.005387684699999775,-4.6875449999998157e-4,0,-0.16680416666666678,0.08029583333333323,0,0,95,-1
421,-576459479867,0.9310436008942835,3.1218173240257063,0.004380180582396071,-0.002227945923243913,0.004473712340063737,0.012524843890570276,0,1419179,0.01,0.013765424699999782,0.004916935500000019,0,-0.09680416666666679,0.0015458333333331353,0,0,95,-1
422,-576459479858,0.9310875827292537,3.1217955014204137,0.004418099801355469,-0.0021291514413891406,-3.853742792635931e-4,-0.006328760387453889,0,1419189,0.01,-0.008974155300000225,-0.0010671644999999759,0,-0.1755541666666668,0.08904583333333327,0,0,95,-1
423,-576459479848,0.9311317343719983,3.1217738537660438,0.0044126708060324,-0.002198639444498559,-0.0015080492533149092,-0.01074775539936892,0,1419199,0.01,-0.011367795300000203,-0.0016655744999999789,0,-0.20180416666666678,0.0015458333333331353,0,0,95,-1
424,-576459479836,0.9304981239233164,3.12122977849424,-2.3215679800335013e-4,-2.5631283495827615e-4,-2.5570631295217885e-8,-9.450004401923605e-8,1,1419210,0.011,0.005986094699999761,-0.002263984499999973,0,-0.2455541666666668,-0.1734541666666668,0,1,96,2
425,-576459479795,0.9304954481120855,3.1212268807630634,0.0,0.0,0.0,0.0,1,1419221,0.011,-0.008375745300000206,-0.013035364499999983,0,-0.2105541666666668,0.04529583333333331,0,0,96,-1
426,-576459479794,0.9304954151025618,3.1212269263298267,0.0,0.0,0.0,0.0,1,1419232,0.011,0.0047892746999997895,-0.003460804499999987,0,-0.18430416666666677,0.13279583333333322,0,0,96,-1
427,-576459479794,0.9304953915510252,3.12122687216675,0.0,0.0,0.0,0.0,1,1419242,0.01,-0.006580515300000213,-0.0028623944999999844,0,-0.2455541666666668,0.03654583333333328,0,0,96,-1
428,-576459479692,0.9304953165501182,3.121226867431149,-1.1639267862738246e-5,-7.349820480793027e-7,-0.008282734015117848,-5.230279768788067e-4,0,1419252,0.01,-5.964153000002189e-4,-0.009444904499999983,0,-0.2980541666666668,-0.007204166666666678,0,0,96,-1
429,-576459479690,0.9304948098978452,3.1212268050266214,-9.074164184904436e-5,-1.0474367220671477e-5,-0.005628461859437765,-0.003736048590206989,0,1419262,0.01,-0.004186875300000202,-0.005256034499999979,0,-0.1930541666666668,0.01029583333333317,0,0,96,-1
430,-576459479690,0.9304936239932051,3.12122650521214,-1.4656798795437777e-4,-4.912594064607346e-5,-0.005301860700243844,-0.004656179501653977,0,1419272,0.01,-0.004785285300000222,-0.005256034499999979,0,-0.28055416666666677,-0.07720416666666674,0,0,96,-1
431,-576459479690,0.9304919265858577,3.121225850850452,-1.943758987646935e-4,-8.480165142924855e-5,-0.0015882326522894952,0.003102259341458597,0,1419282,0.01,0.00419086469999977,-0.0010671644999999759,0,-0.2980541666666668,0.0715458333333332,0,0,96,-1
432,-576459479690,0.9304899263799494,3.1212251052313134,-2.0667175285661653e-4,-6.201182034114941e-5,9.678283811608364e-4,-0.0027651893525539447,0,1419292,0.01,-0.0035884653000002164,0.0013264755000000185,0,-0.2368041666666668,-0.007204166666666678,0,0,96,-1
433,-576459479689,0.9304879674571782,3.121224363941151,-1.8771623098737242e-4,-8.699509471898761e-5,0.0075796717337827165,-8.632772033954478e-4,0,1419302,0.01,-5.964153000002189e-4,0.00850739550000002,0,-0.2543041666666668,-0.20845416666666683,0,0,96,-1
434,-576459479689,0.930486265464968,3.121223395596057,-1.1831529685414047e-4,-9.052768049621077e-5,-0.0015775259046545646,0.003044188689827458,0,1419313,0.011,0.003592454699999784,-0.0028623944999999844,0,-0.08805416666666678,0.054045833333333126,0,0,96,-1
435,-576459479689,0.9304850320493426,3.1212226176748845,-1.2973442768626886e-4,-6.386952587313576e-5,0.0014939230524279846,3.763286135150994e-4,0,1419323,0.01,1.9946999997669246e-6,0.0019248855000000215,0,-0.2105541666666668,-0.02470416666666675,0,0,96,-1
436,-576459479688,0.9304838745170265,3.121221994827215,-1.0467923595300246e-4,-6.056745928314837e-5,0.008693960758428106,4.8055496673565204e-5,0,1419333,0.01,1.9946999997669246e-6,0.009704215500000024,0,-0.09680416666666679,0.03654583333333328,0,0,96,-1
437,-576459479688,0.9304831948734714,3.1212214006317787,-2.8279500872189127e-5,-5.8670694253919394e-5,0.001183470580381831,0.0010572168276960134,0,1419343,0.01,0.0011988146999997726,1.2965550000002132e-4,0,-0.2630541666666668,-0.08595416666666678,0,0,96,-1
438,-576459479687,0.9304829393699328,3.121220915057149,-2.1423224979644606e-5,-4.056086544972655e-5,-0.002364561516909997,0.0064291638000836555,0,1419353,0.01,0.007182914699999768,-0.0028623944999999844,0,-0.09680416666666679,-0.050954166666666745,0,0,96,-1
439,-576459479683,0.9304825746976882,3.1212206765385875,-5.00993888340333e-5,-3.769568917203011e-7,-0.005949800875847625,-0.010752258319100918,0,1419363,0.01,-0.013163025300000195,-0.006452854499999985,0,-0.2193041666666668,0.08029583333333323,0,0,96,-1
440,-576459479672,0.9315960164297004,3.122115364262754,2.575058844434184e-4,3.3763550589078096e-4,-0.004291804470637693,-0.0013211335300830581,0,1419374,0.011,1.9946999997669246e-6,-0.004059214499999982,0,-0.18430416666666677,-0.033454166666666785,0,1,98,2
441,-576459479662,0.9315985854084193,3.1221190388012494,2.0980141653250705e-4,3.289354966920633e-4,-0.0046126113142252335,0.002463073447078866,0,1419385,0.011,0.0029940446999997643,-0.004657624499999985,0,-0.3155541666666668,-0.04220416666666682,0,0,98,-1
442,-576459479652,0.9316004328545495,3.122122386876407,1.606382799837633e-4,3.4379402954114044e-4,-0.006751194684008529,-0.0044181711870191626,0,1419395,0.01,-0.005383695300000208,-0.00705126449999998,0,-0.2630541666666668,-0.1734541666666668,0,0,98,-1
443,-576459479641,0.9344078616829985,3.1206441980484407,0.0010858528969357553,-4.6903495696461894e-4,0.004006095494529162,0.012052499845805724,0,1419405,0.01,0.014363834699999767,0.005515345500000013,0,-0.07930416666666679,-0.2259541666666668,0,1,99,1
444,-576459479631,0.9344199689146152,3.1206397286849334,0.0011183226244736678,-3.4217486584549474e-4,-0.0035915766996307144,0.00830688148993056,0,1419416,0.011,0.007781324699999787,-0.004657624499999985,0,-0.035554166666666775,-0.007204166666666678,0,0,99,-1
445,-576459479621,0.9344310028485537,3.120636664262945,0.0010870352060354433,-2.6794688081972046e-4,-3.282322668698894e-4,0.0020734434935286055,0,1419426,0.01,0.0011988146999997726,1.2965550000002132e-4,0,-0.2105541666666668,-0.12970416666666673,0,0,99,-1
446,-576459479611,0.9344418319214532,3.1206339723806784,0.0010798931998272678,-2.652481486298546e-4,-0.003075349783003631,-0.010763440932825965,0,1419436,0.01,-0.012564615300000208,-0.003460804499999987,0,-0.14055416666666679,-0.007204166666666678,0,0,99,-1
447,-576459479601,0.9344525778845435,3.1206308996756476,0.0,0.0,0.0,0.0,1,1419446,0.01,0.00419086469999977,0.009704215500000024,0,-0.16680416666666678,-0.2259541666666668,0,0,99,-1
448,-576459479588,0.9344525223194646,3.1206308855446427,0.0,0.0,0.0,0.0,1,1419456,0.01,-0.0017932353000002248,-0.00705126449999998,0,-0.2105541666666668,-0.08595416666666678,0,0,99,-1
449,-576459479580,0.9344524950515681,3.120630880845447,-4.2584388363068856e-6,-7.338750511859901e-7,-0.003034961671854158,-5.230279768788067e-4,0,1419466,0.01,-5.964153000002189e-4,-0.003460804499999987,0,-0.2980541666666668,0.03654583333333328,0,0,99,-1
450,-576459479570,0.9350898787106151,3.1211242017528336,1.8263330450860954e-4,2.3969082517807353e-4,0.003938499555119322,0.001511811856480005,0,1419477,0.011,0.0017972246999997925,0.004916935500000019,0,-0.2193041666666668,-0.07720416666666674,0,1,100,2
451,-576459479559,0.9350920551420172,3.121127488409705,2.16762211658439e-4,3.3677980901831647e-4,-0.0020255624980045654,0.05371505160369245,0,1419488,0.011,0.061039814699999785,-0.0028623944999999844,0,-0.2368041666666668,-0.05970416666666678,0,0,100,-1
452,-576459479548,0.9350940071007392,3.1211331205263395,1.790691387926423e-4,8.100181836001056e-4,-0.014304523693596274,0.008710353035886395,0,1419498,0.01,0.0023956346999997784,-0.01602741449999998,0,-5.54166666666786e-4,-0.2784541666666668,0,0,100,-1
453,-576459479538,0.9350950166306231,3.121141644103542,2.5789089380518062e-5,8.952394414051396e-4,-0.021587966926758382,0.007370861941969757,0,1419508,0.01,0.007182914699999768,-0.022609924499999986,0,-0.1930541666666668,0.019045833333333206,0,0,100,-1
454,-576459479488,0.9350943522830091,3.1211509257933674,-1.6557210580971115e-4,9.628250521828054e-4,-0.004116972125737542,0.0030078232357545935,0,1419518,0.01,0.0023956346999997784,-0.0016655744999999789,0,-0.14055416666666679,-0.015954166666666714,0,0,100,-1
455,-576459479487,0.9350923811599656,3.1211616712944164,-1.96364994791929e-4,9.918880828264447e-4,0.005379668794992704,3.7185394070153935e-4,0,1419529,0.011,1.9946999997669246e-6,0.0067121655000000275,0,-0.14055416666666679,0.03654583333333328,0,0,100,-1
456,-576459479486,0.9350906533792323,3.1211715617456073,-1.4760948451093833e-4,9.884481315816597e-4,0.0018252102004898624,-0.0046754902089027415,0,1419539,0.01,-0.005383695300000208,0.0013264755000000185,0,-0.3593041666666668,0.01029583333333317,0,0,100,-1
457,-576459479486,0.9350892550973999,3.1211813065017573,-1.314464885340181e-4,9.563040616588102e-4,3.38289015395806e-4,0.00572376938170587,0,1419549,0.01,0.007182914699999768,1.2965550000002132e-4,0,-0.3155541666666668,0.08904583333333327,0,0,100,-1
458,-576459479385,0.9350879370220458,3.1211911011617905,-1.3126615029711037e-4,0.0010050272167348151,-0.0019437816357800691,-3.4351054759150425e-4,0,1419559,0.01,-0.0011948253000002049,-0.002263984499999973,0,-0.2718041666666668,0.027795833333333242,0,0,100,-1
459,-576459479385,0.9365864384303901,3.120411518451861,3.7445843901451803e-4,5.830993064965615e-4,0.007221465562288407,0.0015336784984178475,0,1419569,0.01,0.0017972246999997925,0.00850739550000002,0,-0.20180416666666678,-0.02470416666666675,0,1,101,1
460,-576459479384,0.9365909395311555,3.1204179349605368,4.4600452444108887e-4,5.867073929854854e-4,0.002051838414895258,-0.007156416945669531,0,1419580,0.011,-0.008375745300000206,0.0013264755000000185,0,-0.2455541666666668,-0.08595416666666678,0,0,101,-1
461,-576459479384,0.9365954816327146,3.120423468443856,4.633879366209884e-4,5.188365796029656e-4,-1.5860221734909823e-4,-0.004552269534979068,0,1419590,0.01,-0.004186875300000202,-4.6875449999998157e-4,0,-0.18430416666666677,0.18529583333333322,0,0,101,-1
462,-576459479383,0.9366001098891235,3.1204285270028147,4.6215708598836724e-4,4.885101904068611e-4,9.41861513006639e-5,0.006263708593621481,0,1419600,0.01,0.007781324699999787,1.2965550000002132e-4,0,-0.13180416666666678,0.08029583333333323,0,0,101,-1
463,-576459479383,0.9366047883658289,3.1204336947822586,4.7124352579613324e-4,5.463869366304124e-4,0.005897840668169498,0.0028715909484203174,0,1419610,0.01,0.0023956346999997784,0.0067121655000000275,0,-0.2718041666666668,0.17654583333333318,0,0,101,-1
464,-576459479383,0.9366098256879173,3.1204393031961493,5.349056700456149e-4,5.752535252533792e-4,0.00923585115772937,0.0029789770901738817,0,1419620,0.01,0.0029940446999997643,0.009704215500000024,0,-0.07930416666666679,-0.033454166666666785,0,0,101,-1
465,-576459479383,0.9366155506441888,3.1204452519480586,6.138502328934697e-4,6.124251312681877e-4,-3.2418294410336765e-4,0.008239963013779368,0,1419630,0.01,0.008978144699999758,-0.0016655744999999789,0,-0.2543041666666668,0.0015458333333331353,0,0,101,-1
466,-576459479382,0.936622238191504,3.1204524610059003,6.036835261059255e-4,6.992472904832598e-4,-0.004649183227540517,0.005738649992549217,0,1419641,0.011,0.005387684699999775,-0.005256034499999979,0,-0.1493041666666668,0.06279583333333316,0,0,101,-1
467,-576459479382,0.9366285293701123,3.1204604625993517,5.42824953666386e-4,7.570449817801466e-4,-0.0109539126356961,0.0022822066437948713,0,1419652,0.011,0.0017972246999997925,-0.011838544499999977,0,-0.08805416666666678,0.01029583333333317,0,0,101,-1
468,-576459479382,0.9366334174122785,3.1204680890403114,4.3441987250775817e-4,7.710653002361634e-4,-0.010155361188973352,-0.00391564913383031,0,1419662,0.01,-0.004785285300000222,-0.010043314499999977,0,-0.1930541666666668,-0.06845416666666682,0,0,101,-1
469,-576459479325,0.9379119004997353,3.119776608661339,7.758906897336576e-4,3.613521806053898e-4,-0.0016606120676741537,-0.003104068180320623,0,1419672,0.01,-0.0029900553000002305,-4.6875449999998157e-4,0,-0.20180416666666678,-0.007204166666666678,0,1,103,1
470,-576459479324,0.9379204276269675,3.1197803970472786,0.0,0.0,0.0,0.0,1,1419683,0.011,-0.0029900553000002305,0.00850739550000002,0,-0.2105541666666668,0.15904583333333333,0,0,103,-1
471,-576459479323,0.9379204823774798,3.1197803628883083,0.0,0.0,0.0,0.0,1,1419693,0.01,-0.004186875300000202,0.0067121655000000275,0,-0.10555416666666678,0.24654583333333324,0,0,103,-1
472,-576459479323,0.9379205451134007,3.119780429345361,0.0,0.0,0.0,0.0,1,1419703,0.01,0.008379734699999773,0.007908985500000024,0,-0.061804166666666785,0.027795833333333242,0,0,103,-1
473,-576459479323,0.9379206216517717,3.1197803868834733,0.0,0.0,0.0,0.0,1,1419713,0.01,-0.005383695300000208,0.009704215500000024,0,-0.1755541666666668,0.03654583333333328,0,0,103,-1
474,-576459479322,0.9379206556821673,3.119780311450258,0.0,0.0,0.0,0.0,1,1419723,0.01,-0.00957256530000021,0.004318525500000016,0,-0.18430416666666677,-0.007204166666666678,0,0,103,-1
475,-576459479314,0.9379206425590372,3.1197804010492542,0.0,0.0,0.0,0.0,1,1419733,0.01,0.011371784699999771,-0.0016655744999999789,0,-0.1930541666666668,0.10654583333333312,0,0,103,-1
476,-576459479304,0.9406067469197407,3.121772589019399,8.579411596546184e-4,9.753266675151508e-4,7.553617468956803e-8,2.7673198663882486e-7,1,1419743,0.01,-0.004785285300000222,0.0061137555000000164,0,-0.02680416666666678,0.18529583333333322,0,1,104,2
477,-576459479293,0.9406161967180003,3.1217832904412166,0.0,0.0,0.0,0.0,1,1419754,0.011,-0.0029900553000002305,0.0013264755000000185,0,-0.16680416666666678,-0.09470416666666681,0,0,104,-1
478,-576459479281,0.940616192906231,3.1217832806931143,0.0,0.0,0.0,0.0,1,1419764,0.01,-0.0011948253000002049,-4.6875449999998157e-4,0,-0.018054166666666788,0.16779583333333314,0,0,104,-1
479,-576459479273,0.9406161559667434,3.1217832902010003,0.0,0.0,0.0,0.0,1,1419774,0.01,0.0011988146999997726,-0.004657624499999985,0,-0.22805416666666678,0.03654583333333328,0,0,104,-1
480,-576459479263,0.940616138115182,3.1217830967072127,0.0,0.0,0.0,0.0,1,1419784,0.01,-0.024532815300000232,-0.002263984499999973,0,-0.16680416666666678,-0.033454166666666785,0,0,104,-1
481,-576459479253,0.9406161108436687,3.1217830495674046,0.0,0.0,0.0,0.0,1,1419794,0.01,-0.0059821053000002275,-0.003460804499999987,0,-0.15805416666666677,-0.033454166666666785,0,0,104,-1
482,-576459479242,0.939787999607704,3.1222287615061397,-2.7672440116840525e-4,2.3715973290420496e-4,-3.451999991064143e-8,7.800440076533603e-8,1,1419804,0.01,0.0023956346999997784,-0.007649674499999982,0,-0.15805416666666677,0.19404583333333325,0,1,105,1
483,-576459479232,0.9397852805630035,3.122231156679771,0.0,0.0,0.0,0.0,1,1419814,0.01,0.0029940446999997643,0.0061137555000000164,0,-0.1755541666666668,0.0715458333333332,0,0,105,-1
484,-576459479222,0.9397852269594271,3.1222311621585,0.0,0.0,0.0,0.0,1,1419825,0.011,6.004046999997868e-4,-0.005854444499999982,0,-0.08805416666666678,0.19404583333333325,0,0,105,-1
485,-576459479211,0.9397852671237599,3.12223115240014,0.0,0.0,0.0,0.0,1,1419835,0.01,-0.0011948253000002049,0.004916935500000019,0,-0.11430416666666679,-0.13845416666666677,0,0,105,-1
486,-576459479201,0.9397853234741723,3.122231157934337,0.0,0.0,0.0,0.0,1,1419846,0.011,6.004046999997868e-4,0.0061137555000000164,0,-0.15805416666666677,0.08029583333333323,0,0,105,-1
487,-576459479191,0.939785412626343,3.122231197102565,1.3560366894995436e-5,5.957628713067619e-6,0.009559691951978713,0.0041999671320585245,0,1419856,0.01,0.0047892746999997895,0.010901035500000022,0,2.1081958333333333,-0.20845416666666683,0,0,105,-1
488,-576459479179,0.9397859893868638,3.1222314998323935,1.0343679748827827e-4,5.310732552741901e-5,0.005488214385560561,0.007865425370442347,0,1419866,0.01,0.008379734699999773,0.004916935500000019,0,-0.1493041666666668,-0.007204166666666678,0,0,105,-1
489,-576459479170,0.9411582287381853,3.1232336336402025,5.971297853956594e-4,6.1410280714853e-4,0.006561606479182944,-0.0011293755774770666,0,1419877,0.011,-0.0023916453000002104,0.0067121655000000275,0,-0.15805416666666677,-0.10345416666666674,0,1,106,2
490,-576459479160,0.9411648821068302,3.123240539473714,6.250230602740932e-4,6.331361257509116e-4,-0.02216910827672932,0.01927954025372115,0,1419888,0.011,0.022143164699999787,-0.026200384499999986,0,-0.2368041666666668,-0.02470416666666675,0,0,106,-1
491,-576459479147,0.9411702023973573,3.1232477550614064,4.3035735659174704e-4,8.138475672921701e-4,-0.0031389255611065474,0.010770481375041729,0,1419898,0.01,0.00957655469999978,-4.6875449999998157e-4,0,-0.2980541666666668,0.03654583333333328,0,0,106,-1
492,-576459479138,0.9411743845177374,3.123256261071041,4.0447086586191947e-4,8.950086297002725e-4,7.770197255790694e-4,-0.008118961751722924,0,1419908,0.01,-0.010769385300000217,0.0013264755000000185,0,-0.05305416666666678,0.04529583333333331,0,0,106,-1
493,-576459479129,0.9411784488102152,3.12326476069908,4.09234964506833e-4,8.06874824290915e-4,-0.0013650197494981062,-0.013067143873386419,0,1419918,0.01,-0.013761435300000215,-0.0016655744999999789,0,-0.07930416666666679,-0.02470416666666675,0,0,106,-1
494,-576459479119,0.9411824139520438,3.1232722413539435,3.863788025333162e-4,6.863942232501647e-4,-0.007925918845855013,-0.005804346063818165,0,1419928,0.01,-0.004785285300000222,-0.008846494499999979,0,-0.12305416666666678,0.03654583333333328,0,0,106,-1
495,-576459479107,0.9446218018355682,3.121461732776998,0.0014471988145274308,-3.555955883205094e-4,1.8815860570751253e-4,-0.01173315690284136,0,1419939,0.011,-0.012564615300000208,0.0013264755000000185,0,-0.2105541666666668,-0.15595416666666684,0,1,107,1
496,-576459479096,0.9446377611932875,3.1214571992719846,0.0014532340460823672,-4.7203406782503983e-4,0.002760740323855806,-0.003541093562725802,0,1419950,0.011,-0.0023916453000002104,0.0031217055000000186,0,-0.3155541666666668,0.04529583333333331,0,0,107,-1
497,-576459479087,0.9446524443417531,3.1214522867450007,0.0014827814786491287,-5.097397409437067e-4,0.00412684415970674,-0.005156968036166732,0,1419960,0.01,-0.005383695300000208,0.004318525500000016,0,-0.1755541666666668,-0.24345416666666675,0,0,107,-1
498,-576459479077,0.9446674182869783,3.121447034207692,0.0015146996078231082,-5.453654641030455e-4,-0.0025271644275178667,0.006189302044531145,0,1419970,0.01,0.007781324699999787,-0.003460804499999987,0,-0.3855541666666668,0.0715458333333332,0,0,107,-1
499,-576459479066,0.9446824693248029,3.1214419072975548,0.001494170635490167,-4.8077667978626605e-4,8.522953128817022e-4,0.008110207762876413,0,1419980,0.01,0.008379734699999773,0.0013264755000000185,0,-0.4030541666666668,0.08904583333333327,0,0,107,-1
500,-576459479057,0.9446973960782916,3.121437346832243,0.0014937045921438476,-4.243786543206867e-4,-0.005553975162451007,-0.009495855842895876,0,1419990,0.01,-0.011966205300000223,-0.006452854499999985,0,-0.3855541666666668,-0.05970416666666678,0,0,107,-1
501,-576459479047,0.944712043628207,3.1214326889425363,0.0014363224605352483,-5.098593158460121e-4,-0.006867027012428968,-0.002741022358217717,0,1420000,0.01,-0.0017932353000002248,-0.00705126449999998,0,-0.2630541666666668,-0.02470416666666675,0,0,107,-1
502,-576459479033,0.9480179942511503,3.1237930498928947,0.002403904208980125,6.168433014246071e-4,0.0018927114411269519,-3.351880536616225e-4,0,1420010,0.01,1.9946999997669246e-6,0.0031217055000000186,0,-0.1930541666666668,0.03654583333333328,0,1,108,2
503,-576459479025,0.9480445170742423,3.123799991990151,0.002419961066899335,6.39235609925461e-4,-0.0012277368386999156,0.01675337675357334,0,1420021,0.011,0.01915111469999979,-0.0016655744999999789,0,-0.035554166666666775,-0.12095416666666681,0,0,108,-1
504,-576459479016,0.9480687302399037,3.123807021821231,0.00241904759944934,7.762593793338293e-4,0.006784736013877728,-0.004758896148835692,0,1420031,0.01,-0.00777733530000022,0.007908985500000024,0,-0.035554166666666775,0.0015458333333331353,0,0,108,-1
505,-576459479004,0.9480957385446012,3.1238152504589762,0.002491978695971007,7.206686503642855e-4,0.005671540640884503,-0.006881147122143793,0,1420042,0.011,-0.007178925300000199,0.005515345500000013,0,-0.10555416666666678,-0.12970416666666673,0,0,108,-1
506,-576459478976,0.9481233275096094,3.1238227756954178,0.0,0.0,0.0,0.0,1,1420053,0.011,-0.005383695300000208,-0.011838544499999977,0,-0.14055416666666679,-0.007204166666666678,0,0,108,-1
507,-576459478975,0.9481233293341396,3.123822598915552,0.0,0.0,0.0,0.0,1,1420067,0.014,-0.012564615300000208,1.2965550000002132e-4,0,-0.2455541666666668,-0.02470416666666675,0,0,108,-1
508,-576459478969,0.9481232590327107,3.1238226099328057,0.0,0.0,0.0,0.0,1,1420077,0.01,0.0011988146999997726,-0.007649674499999982,0,-0.061804166666666785,-0.02470416666666675,0,0,108,-1
509,-576459478957,0.9502618936513216,3.1226936551150897,6.98110766398131e-4,-6.087537825971269e-4,-9.357482189776146e-4,-0.003671929024556075,0,1420088,0.011,-0.004186875300000202,-0.0010671644999999759,0,-0.3243041666666668,-0.07720416666666674,0,1,109,1
510,-576459478948,0.95026943766557,3.1226868670811467,6.76309736170534e-4,-6.304178635691212e-4,-0.008397875355217905,0.00847114109921338,0,1420099,0.011,0.010174964699999765,-0.009444904499999983,0,-0.018054166666666788,0.0015458333333331353,0,0,109,-1
511,-576459478938,0.9502758558442597,3.122680956226507,6.036971857984553e-4,-5.502921357220413e-4,-3.948573531336614e-4,0.005242318609384714,0,1420109,0.01,0.0047892746999997895,7.280655000000242e-4,0,-0.1755541666666668,0.0015458333333331353,0,0,109,-1
512,-576459478928,0.9502819152350461,3.122675669067521,6.062944404750401e-4,-5.050641390492566e-4,0.004263333457150369,1.2202544427281255e-4,0,1420119,0.01,-5.964153000002189e-4,0.004916935500000019,0,-0.04430416666666678,0.0715458333333332,0,0,109,-1
513,-576459478917,0.9502882059448327,3.1226706707867726,6.512050913985262e-4,-4.966269700248026e-4,0.005886065968276835,0.005264536508457367,0,1420129,0.01,0.005986094699999761,0.0061137555000000164,0,-0.2105541666666668,-0.02470416666666675,0,0,109,-1
514,-576459478907,0.9512956118321728,3.123373612942818,3.0809732000100325e-4,3.4384476095379937e-4,2.8479548173140442e-8,1.0291477951273626e-7,1,1420139,0.01,0.007781324699999787,-0.004059214499999982,0,-0.1755541666666668,0.01029583333333317,0,1,110,2
515,-576459478896,0.9512990281704948,3.1233774984969793,0.0,0.0,0.0,0.0,1,1420150,0.011,0.011371784699999771,0.0031217055000000186,0,-0.1930541666666668,0.04529583333333331,0,0,110,-1
516,-576459478886,0.95129911224499,3.1233775326676674,0.0,0.0,0.0,0.0,1,1420160,0.01,0.00419086469999977,0.01030262550000002,0,-0.2368041666666668,0.054045833333333126,0,0,110,-1
517,-576459478877,0.9512991370047916,3.1233775184466173,0.0,0.0,0.0,0.0,1,1420170,0.01,-0.0017932353000002248,0.0031217055000000186,0,-0.1755541666666668,0.08029583333333323,0,0,110,-1
518,-576459478866,0.9512991875923027,3.1233774526028664,7.382738456771061e-6,-9.609574445228221e-6,0.004836696843041382,-0.006295577554468854,0,1420181,0.011,-0.007178925300000199,0.005515345500000013,0,-0.33305416666666676,0.03654583333333328,0,0,110,-1
519,-576459478855,0.9512993425528162,3.123377142081728,3.12880040984041e-5,-5.728970224590551e-5,-0.012410586387005231,0.004474867455813302,0,1420191,0.01,0.005986094699999761,-0.014830594499999983,0,-0.2980541666666668,0.12404583333333319,0,0,110,-1
520,-576459478845,0.9512991058859471,3.1233767764372895,-8.179074099007313e-5,-1.5102871860839032e-5,-0.0045620514586336355,0.0026514787839718957,0,1420201,0.01,0.0023956346999997784,-0.003460804499999987,0,-0.14055416666666679,0.0715458333333332,0,0,110,-1
521,-576459478835,0.9568268521809704,3.1204976597341676,0.0016653308339579628,-0.0015294067967820577,-0.0025464904222798957,0.002426511465860895,0,1420212,0.011,0.0023956346999997784,-0.002263984499999973,0,-0.20180416666666678,0.21154583333333332,0,1,111,1
522,-576459478824,0.9568449955181737,3.1204808814317886,0.0016344654519923963,-0.001517316046021712,-0.00439785504286193,-0.007046556213592791,0,1420223,0.011,-0.008375745300000206,-0.004657624499999985,0,-0.15805416666666677,0.17654583333333318,0,0,111,-1
523,-576459478814,0.956861147608086,3.1204653352030842,0.001594634883445875,-0.0015909274522380235,-0.0014769971503132378,-0.009261746571788848,0,1420233,0.01,-0.00957256530000021,-0.0010671644999999759,0,-0.2455541666666668,-0.11220416666666677,0,0,111,-1
524,-576459478804,0.9568769900996582,3.1204489366192734,0.0,0.0,0.0,0.0,1,1420243,0.01,-0.012564615300000208,-0.005256034499999979,0,-0.08805416666666678,0.14154583333333326,0,0,111,-1
525,-576459478794,0.956876995840587,3.1204488563857153,0.0,0.0,0.0,0.0,1,1420253,0.01,-0.010170975300000197,7.280655000000242e-4,0,-0.04430416666666678,0.18529583333333322,0,0,111,-1
526,-576459478783,0.9568770675972346,3.120448809244782,1.1204705429365084e-5,-7.36098827949658e-6,0.007985360248999606,-0.005246023085816138,0,1420263,0.01,-0.0059821053000002275,0.009105805500000022,0,-0.3418041666666668,0.24654583333333324,0,0,111,-1
527,-576459478771,0.9564361930884518,3.120140299084211,-4.293328313856892e-5,-2.0978111147568e-4,0.00844314781885533,-0.005366800341606136,0,1420273,0.01,-0.005383695300000208,0.00850739550000002,0,-0.2980541666666668,0.2727958333333331,0,1,112,2
528,-576459478763,0.9564362486167041,3.1201376666072114,5.243001504606745e-5,-2.68838545750963e-4,0.010073821695967353,-0.005381616420115042,0,1420284,0.011,-0.005383695300000208,0.01030262550000002,0,-0.02680416666666678,0.3165458333333333,0,0,112,-1
529,-576459478752,0.9564372297403414,3.120134631008799,1.460101213483317e-4,-3.3456561499647653e-4,0.00502669945461314,-0.013779875248557723,0,1420294,0.01,-0.01495825530000022,0.004318525500000016,0,-0.2893041666666668,0.6140458333333332,0,0,112,-1
530,-576459478743,0.956438949780425,3.120130677174623,1.9761648028299663e-4,-4.5980746278364594e-4,0.005979996132569532,-0.004842491303285663,0,1420304,0.01,-0.0035884653000002164,0.0061137555000000164,0,-0.2368041666666668,0.5527958333333332,0,0,112,-1
531,-576459478732,0.9564412448745399,3.120126016777082,2.6052684622435694e-4,-4.8017695311185796e-4,0.008196405701390887,0.015149210557201637,0,1420314,0.01,0.01795429469999975,0.00850739550000002,0,-0.2893041666666668,0.4215458333333333,0,0,112,-1
532,-576459478723,0.9564442576983467,3.120121980425873,3.421372331755839e-4,-3.2744222378965884e-4,0.007944351794578794,0.016034804822221648,0,1420324,0.01,0.01615906469999976,0.007908985500000024,0,-0.3155541666666668,0.41279583333333325,0,0,112,-1
533,-576459478713,0.9564479439921488,3.1201194945782116,4.009200083424664e-4,-1.6915026512832787e-4,-0.006780425332254338,0.014569443148149366,0,1420334,0.01,0.014363834699999767,-0.008846494499999979,0,-0.3418041666666668,0.28154583333333316,0,0,112,-1
534,-576459478702,0.9572385642118896,3.1197113762717947,5.818294477004147e-4,-2.329632524965824e-4,-0.005443569091888906,0.011240384806371377,0,1420345,0.011,0.010773374699999784,-0.005256034499999979,0,-0.2718041666666668,0.3515458333333332,0,1,113,1
535,-576459478690,0.9572447604656256,3.1197094784590926,5.399979690713822e-4,-1.1156768564775092e-4,0.006265989020308427,0.00978128458812131,0,1420356,0.011,0.00957655469999978,0.007908985500000024,0,-0.15805416666666677,0.06279583333333316,0,0,113,-1
536,-576459478681,0.9572503446229904,3.119708835360366,5.830917735290543e-4,-1.6245580701337362e-5,-0.007511720660986157,0.008027414467548188,0,1420366,0.01,0.007781324699999787,-0.009444904499999983,0,-0.09680416666666679,0.03654583333333328,0,0,113,-1
537,-576459478669,0.9572557845783018,3.1197089535570868,5.055922795596094e-4,4.528967248352039e-5,-0.009207031348444772,-0.00530782546400564,0,1420376,0.01,-0.007178925300000199,-0.009444904499999983,0,-0.09680416666666679,0.04529583333333331,0,0,113,-1
538,-576459478660,0.9572603829938926,3.1197091499051544,4.1396567858939266e-4,-6.409029654501835e-6,-0.008890857604356933,-0.004324805248961667,0,1420386,0.01,-0.004186875300000202,-0.008846494499999979,0,0.12194583333333321,0.019045833333333206,0,0,113,-1
539,-576459478650,0.9572642576528367,3.1197088376519844,3.530927739394627e-4,-5.464176901538269e-5,0.011089581641901979,-0.007877287855211438,0,1420396,0.01,-0.008375745300000206,0.01389308550000002,0,-0.30680416666666677,0.12404583333333319,0,0,113,-1
540,-576459478640,0.9578885073959968,3.120138492339466,6.491790815699569e-4,6.525959530105925e-5,0.009349921735448706,-0.01566122884848067,0,1420406,0.01,-0.01675348530000021,0.009105805500000022,0,-0.07055416666666678,0.054045833333333126,0,1,114,2
541,-576459478629,0.9578962180453817,3.120138198378374,7.525026305624392e-4,-1.164845235774296e-4,0.009660620590584697,-0.021866858379621924,0,1420417,0.011,-0.02273758530000024,0.009704215500000024,0,-0.1755541666666668,-0.007204166666666678,0,0,114,-1
542,-576459478619,0.9579042167538171,3.120135898905438,8.476745332034664e-4,-3.41445962740144e-4,0.00864929679320032,-0.026303885298761445,0,1420427,0.01,-0.026926455300000242,0.00850739550000002,0,-0.1493041666666668,-0.06845416666666682,0,0,114,-1
543,-576459478610,0.9579131960482428,3.120131055170067,9.450522494061289e-4,-6.222099047036026e-4,0.016396514593213108,-0.03891972609966586,0,1420437,0.01,-0.04068988530000019,0.01748354550000002,0,-0.09680416666666679,-0.11220416666666677,0,0,114,-1
544,-576459478600,0.9579234324911616,3.120122915601139,0.0011037271448497833,-0.0010069576241302203,0.01262679411687036,-0.03574907678954346,0,1420447,0.01,-0.035304195300000216,0.01209785550000002,0,-0.22805416666666678,0.2727958333333331,0,0,114,-1
545,-576459478589,0.9579350309163874,3.1201110432146106,0.001219035433577494,-0.0013668463359300638,0.004816058715398078,-0.03745804572637185,0,1420457,0.01,-0.037697835300000225,0.0037201155000000214,0,-0.4205541666666668,0.019045833333333206,0,0,114,-1
546,-576459478580,0.9579474345789992,3.120095542393831,0.0012629021703775354,-0.0017350948833443373,0.0017558594728581596,-0.03294533471908556,0,1420467,0.01,-0.03231214530000022,0.0013264755000000185,0,-0.2980541666666668,-0.007204166666666678,0,0,114,-1
547,-576459478570,0.9535175140003542,3.122360950750823,-1.4865543251746057e-4,-7.780898178722281e-4,-0.0028190907361560534,0.004869544512569192,0,1420477,0.01,0.010174964699999765,-0.003460804499999987,0,-0.09680416666666679,-0.033454166666666785,0,1,115,1
548,-576459478558,0.953515732705771,3.122352941843437,-1.7651885091657214e-4,-6.869907650297643e-4,-7.579571492241943e-4,0.029463681701155736,0,1420488,0.011,0.032914544699999805,-4.6875449999998157e-4,0,-0.28055416666666677,0.0715458333333332,0,0,115,-1
549,-576459478548,0.9535137081871118,3.1223471265366003,-1.9012740675550054e-4,-3.687408630477081e-4,-0.004177780760348627,0.025667821100999418,0,1420499,0.011,0.025135214699999787,-0.004657624499999985,0,-0.3243041666666668,-0.02470416666666675,0,0,115,-1
550,-576459478538,0.9535116678641671,3.1223446098921563,-2.2132405173088163e-4,-1.291214615908581e-4,0.00327307751624364,0.013655651351910233,0,1420509,0.01,0.011970194699999756,0.004318525500000016,0,0.06069583333333321,0.0715458333333332,0,0,115,-1
551,-576459478528,0.9535096360770527,3.1223438835546093,-1.8583011208517765e-4,-1.0865313206371004e-5,0.005239440363011298,6.324865220813831e-4,0,1420519,0.01,-0.0011948253000002049,0.005515345500000013,0,-0.2543041666666668,-0.04220416666666682,0,0,115,-1
552,-576459478518,0.9535080938502517,3.1223435041534886,-1.2499506218122385e-4,-5.1713547343139655e-5,0.01125394568118955,-0.03298139071364607,0,1420529,0.01,-0.037697835300000225,0.01209785550000002,0,-0.10555416666666678,0.0015458333333331353,0,0,115,-1
553,-576459478507,0.9535073849531222,3.122341291349892,-1.5835238932127006e-5,-3.888037342142365e-4,0.008845351225844168,-0.038167043753312854,0,1420539,0.01,-0.03889465530000023,0.00850739550000002,0,-0.2455541666666668,0.17654583333333318,0,0,115,-1
554,-576459478496,0.9564161389796279,3.124362684943422,9.707514930879391e-4,1.1793907188265115e-4,0.019569399004337056,-0.07921262240749542,0,1420550,0.011,-0.08497222530000023,0.02107400550000002,0,-0.15805416666666677,0.15904583333333333,0,1,116,2
555,-576459478462,0.9564279010033158,3.12435888360878,0.0011710641910222845,-7.97581313385648e-4,0.009868545734666619,-0.10787849696240384,0,1420561,0.011,-0.11190067530000021,0.00850739550000002,0,-0.2893041666666668,-0.007204166666666678,0,0,116,-1
556,-576459478362,0.9564401443970362,3.1243448173754875,0.0012755073906726125,-0.001981983862844268,0.0139226537747759,-0.18225068354193563,0,1420571,0.01,-0.1926860253000002,0.014491495500000022,0,-0.018054166666666788,0.21154583333333332,0,0,116,-1
557,-576459478361,0.9564535812302409,3.1243154173874172,0.0014124852484474102,-0.003877081694115386,0.012322392094923603,-0.23390894011401878,0,1420581,0.01,-0.24115723530000027,0.01209785550000002,0,-0.07055416666666678,0.019045833333333206,0,0,116,-1
558,-576459478360,0.9564682401948892,3.12426449742243,0.0015229129697328595,-0.006286954433902607,0.0032042711497953756,-0.2843466394571328,0,1420591,0.01,-0.2914236753000002,0.0019248855000000215,0,2.055695833333333,0.0977958333333333,0,0,116,-1
559,-576459478359,0.9564836147411208,3.1241872368850565,0.0015526450514457486,-0.009157537737049252,0.0015575332815617314,-0.30367229564048476,0,1420601,0.01,-0.30638392530000025,0.0013264755000000185,0,-0.20180416666666678,0.019045833333333206,0,0,116,-1
560,-576459478359,0.9564992785419717,3.1240801311979034,0.0015775083591651271,-0.012248404040610889,0.008177010594331596,-0.3422598956203842,0,1420611,0.01,-0.34767421530000026,0.009105805500000022,0,-0.2193041666666668,-0.06845416666666682,0,0,116,-1
567,-576459478359,0.9566270196911725,3.1224220827758677,0.0022539389425557635,-0.03269204774143073,0.02940781089343494,-0.21279356404907984,0,1420681,0.01,-0.2166224253000002,0.03005015550000002,0,-0.2105541666666668,0.22029583333333314,0,0,116,-1
568,-576459478355,0.9566509779545258,3.122084992221664,0.0025399715076358286,-0.03474664396267334,0.02367378988542834,-0.16052490722481838,0,1420691,0.01,-0.15319096530000026,0.02286923550000002,0,-0.13180416666666678,0.19404583333333325,0,0,116,-1
569,-576459478344,0.959008928064122,3.1234113124446736,0.0034763586340585714,-0.03567185921310897,0.012472768890285802,-0.16039042814772028,0,1420702,0.011,-0.1603718853000002,0.010901035500000022,0,-0.15805416666666677,0.21154583333333332,0,1,118,2
570,-576459478335,0.9590441505078944,3.123046009432107,0.003574573251250909,-0.037362817008750125,-0.00622321560162771,-0.22177310336434708,0,1420712,0.01,-0.23038585530000028,-0.008846494499999979,0,0.13069583333333323,-0.015954166666666714,0,0,118,-1
571,-576459478325,0.959079318808306,3.12266067949209,0.0034707694493366853,-0.03967594951389545,-0.035812123164005914,-0.28967546093182184,0,1420722,0.01,-0.2992030053000002,-0.039963814499999986,0,-0.13180416666666678,0.019045833333333206,0,0,118,-1
572,-576459478315,0.9591117406904626,3.1222492242640487,0.0030353669617851744,-0.04260578639039931,-0.09088112884041089,-0.31324920599366657,0,1420732,0.01,-0.3165568953000003,-0.09860799449999999,0,-0.04430416666666678,0.06279583333333316,0,0,118,-1
573,-576459478305,0.9591375601619595,3.121807034621778,0.002128092919626574,-0.04581156474251157,-0.08978556562948849,-0.3654789529176041,0,1420742,0.01,-0.3728074353000002,-0.08963184449999999,0,-0.035554166666666775,0.03654583333333328,0,0,118,-1
574,-576459478294,0.9591545180482348,3.1213299602038034,0.001256197945995161,-0.049573303617245525,-0.07128355627644627,-0.44170105711697355,0,1420752,0.01,-0.4523959653000003,-0.06868749449999999,0,-0.11430416666666679,-0.02470416666666675,0,0,118,-1
575,-576459478286,0.9591634844413263,3.1208115297917316,5.384571628570955e-4,-0.05408594271625351,-0.07477948260378336,-0.5098550354169792,0,1420762,0.01,-0.5194178853000002,-0.0752700045,0,0.06944583333333322,0.10654583333333312,0,0,118,-1
576,-576459478275,0.9591652063256713,3.1202449089614865,-1.9742366676834652e-4,-0.05922644933943498,-0.06628843409621825,-0.5397570685554846,0,1420772,0.01,-0.5439526953000002,-0.06509703449999998,0,0.06069583333333321,-0.02470416666666675,0,0,118,-1
577,-576459478265,0.959159912909795,3.1196255716950696,-8.610510050538175e-4,-0.06463728223686717,-0.06681796476799638,-0.5492089841183566,0,1420782,0.01,-0.5505352053000001,-0.06689226449999998,0,-0.11430416666666679,0.13279583333333322,0,0,118,-1
578,-576459478254,0.9591475271547375,3.1189513130721838,-0.001597064221044333,-0.07019580079192146,-0.11516262767277799,-0.5965524139166778,0,1420792,0.01,-0.6031952853000003,-0.12194598449999998,0,-0.15805416666666677,0.08029583333333323,0,0,118,-1
579,-576459478244,0.9591226448139966,3.1181426011993563,-0.0029145786415212707,-0.07682603464046679,-0.14839972659239342,-0.6412114129093845,0,1420803,0.011,-0.6474776253000002,-0.1530633045,0,-0.07055416666666678,0.10654583333333312,0,0,118,-1
580,-576459478234,0.959086045830064,3.117341994425506,-0.004403631964704491,-0.08328166748845345,-0.15196468635514152,-0.6718958917084096,0,1420813,0.01,-0.6762013053000002,-0.15246489449999998,0,-0.22805416666666678,0.21154583333333332,0,0,118,-1
581,-576459478223,0.9590342269613997,3.1164761373123437,-0.0059519127407336005,-0.08991450527664777,-0.17234488011692622,-0.6105991585035234,0,1420823,0.01,-0.6019984653000003,-0.1752044745,0,0.06944583333333322,-0.007204166666666678,0,0,118,-1
582,-576459478209,0.9594742709066608,3.115850489846806,-0.0076723846296135,-0.09646357836609773,-0.1575349417839545,-0.6292955536292028,0,1420834,0.011,-0.6319189653000002,-0.15545694449999997,0,-0.15805416666666677,-0.033454166666666785,0,1,119,2
583,-576459478202,0.9593806754129498,3.1147512028262225,-0.009357972791650234,-0.10340231713394596,-0.12684988867448027,-0.6399925971909577,0,1420845,0.011,-0.6414935253000001,-0.12254439449999996,0,-0.07930416666666679,0.054045833333333126,0,0,119,-1
584,-576459478190,0.9592814627732464,3.1136849905088577,-0.010519010064272827,-0.10983094144413823,-0.051179693052805675,-0.6602008205069831,0,1420855,0.01,-0.6630362853000002,-0.04056222449999999,0,-0.08805416666666678,0.0715458333333332,0,0,119,-1
585,-576459478181,0.959163263027669,3.1124374503845926,-0.010993973190622345,-0.11701434483132164,0.006410829671859512,-0.6086353337310358,0,1420866,0.011,-0.6014000553000003,0.014491495500000022,0,-0.1493041666666668,0.21154583333333332,0,0,119,-1
586,-576459478171,0.9590542972755194,3.111237918178126,-0.010830483750941498,-0.12294207160222809,0.07647045908981093,-0.49681011304945977,0,1420876,0.01,-0.4811196453000002,0.08630069550000004,0,-0.2105541666666668,0.1502958333333333,0,0,119,-1
587,-576459478157,0.9589500933024274,3.1099853573830543,-0.010022699460702217,-0.1276460490709215,0.10713175478578793,-0.30882427400565193,0,1420886,0.01,-0.28244752530000017,0.11143391550000002,0,-0.07930416666666679,0.12404583333333319,0,0,119,-1
588,-576459478148,0.9536139862505304,3.1111973719716297,-0.010494632638906739,-0.12954830273331458,0.09516103154767805,-0.25053258940028544,0,1420897,0.011,-0.24235405530000026,0.09348161550000003,0,-0.035554166666666775,0.01029583333333317,0,1,120,1
589,-576459478138,0.9535040212108727,3.109757113089772,-0.00948814750271637,-0.13231413704595646,0.0690237331835736,-0.25700461035354216,0,1420908,0.011,-0.2579127153000002,0.06535634550000002,0,-0.2105541666666668,0.14154583333333326,0,0,120,-1
590,-576459478128,0.9534124912005181,3.1084207944857374,-0.008812911235355866,-0.13493375533649588,0.05846072656120105,-0.29191149562257274,0,1420918,0.01,-0.2968093653000002,0.05697860550000002,0,-0.3593041666666668,0.0015458333333331353,0,0,120,-1
591,-576459478119,0.9533268029134572,3.107056390153644,-0.008303135584004364,-0.13792601171203414,0.005208030373027452,-0.3439614237313885,0,1420928,0.01,-0.35126467530000016,-0.002263984499999973,0,-0.3505541666666668,0.04529583333333331,0,0,120,-1
592,-576459478109,0.9532440155038054,3.105660001808208,-0.008253622918014734,-0.14135472956168718,0.0033784222502125758,-0.33619704420956936,0,1420938,0.01,-0.3351076053000002,0.0031217055000000186,0,-0.2980541666666668,0.019045833333333206,0,0,120,-1
593,-576459478099,0.9531614905532682,3.104229143953043,-0.008244453947795724,-0.1447948846299475,-0.014164354916544008,-0.39191759917980545,0,1420948,0.01,-0.3997358853000002,-0.016625824499999983,0,-0.061804166666666785,-0.08595416666666678,0,0,120,-1
594,-576459478088,0.952797107293658,3.1025486075807005,-0.008473774449014567,-0.14881895342856188,-0.017372510298709523,-0.3924765700173583,0,1420958,0.01,-0.3925549653000002,-0.01782264449999998,0,-0.04430416666666678,-0.007204166666666678,0,1,121,2
595,-576459478078,0.9527029437439419,3.100887434679823,-0.008651057000953597,-0.15319796831452434,-0.008321266460773252,-0.43295316601116346,0,1420969,0.011,-0.4386325353000001,-0.00705126449999998,0,-0.33305416666666676,-0.18220416666666683,0,0,121,-1
596,-576459478068,0.952616028808183,3.0993329503991145,-0.008732689710470053,-0.15765811255455858,-0.007207534877805003,-0.5250467248484003,0,1420979,0.01,-0.5379685953000003,-0.00705126449999998,0,-0.3418041666666668,0.0715458333333332,0,0,121,-1
597,-576459478057,0.952528323894834,3.0977295873950887,-0.00880752170789566,-0.16299085837505853,-0.009169602093428592,-0.583608544452528,0,1420989,0.01,-0.5918254953000002,-0.009444904499999983,0,-0.2980541666666668,-0.06845416666666682,0,0,121,-1
598,-576459478048,0.9524396558840992,3.0960699899199216,-0.008920177075392655,-0.1689062823149261,-0.02410479182911938,-0.6401434812866333,0,1420999,0.01,-0.6480760353000001,-0.026200384499999986,0,-0.1930541666666668,0.13279583333333322,0,0,121,-1
599,-576459478036,0.9523401770431685,3.0941733346030165,-0.009170514409197101,-0.17594165836565884,-0.014397428216626262,-0.6360796336163422,0,1421010,0.011,-0.6355094253000002,-0.013035364499999983,0,-0.3593041666666668,0.0977958333333333,0,0,121,-1
600,-576459478026,0.952248080936568,3.092382793370088,-0.00926441674743076,-0.1821990355602554,0.020907557398166625,-0.5631603295861498,0,1421020,0.01,-0.5529288453000001,0.025861285500000022,0,-0.018054166666666788,-0.09470416666666681,0,0,121,-1
601,-576459478015,0.9474314246313944,3.0926778226877234,-0.010456442273339573,-0.18696384991012283,0.044143538678409464,-0.43663728650522127,0,1421031,0.011,-0.4188850053000001,0.04740404550000002,0,-0.20180416666666678,-0.050954166666666745,0,1,122,1
602,-576459478005,0.9473189934315278,3.0905952009523716,-0.00998344167890272,-0.19170969575293173,0.03598252684989556,-0.39955350987993676,0,1421042,0.011,-0.39435019530000026,0.03483743550000002,0,-0.2105541666666668,-0.04220416666666682,0,0,122,-1
603,-576459477994,0.947220635803144,3.0886588768231804,-0.009672738879527291,-0.19559143288756292,0.0013925929610634213,-0.3194225276356319,0,1421052,0.01,-0.30817915530000023,-0.003460804499999987,0,-0.07930416666666679,0.054045833333333126,0,0,122,-1
604,-576459477985,0.947123673435504,3.08668684782747,-0.009706089784596972,-0.198807936772601,-0.03225113191840896,-0.3352767069709948,0,1421062,0.01,-0.3375012453000003,-0.03697176449999999,0,-0.02680416666666678,0.08904583333333327,0,0,122,-1
605,-576459477975,0.947024693661357,3.084681760487187,-0.010076389175939254,-0.2021987918030265,-0.06630320551954048,-0.36241682899773914,0,1421072,0.01,-0.36622492530000017,-0.07108113449999998,0,-0.1930541666666668,-0.07720416666666674,0,0,122,-1
606,-576459477964,0.9469205769566957,3.0826414472387285,-0.01074530047941863,-0.2058548906998014,-0.0704932229928002,-0.38517310680542793,0,1421082,0.01,-0.38836609530000027,-0.07108113449999998,0,-0.12305416666666678,0.0715458333333332,0,0,122,-1
607,-576459477952,0.946809952993093,3.0805639869977126,-0.011394995063236072,-0.20965238061984798,-0.031125723737257194,-0.34651580501025636,0,1421092,0.01,-0.3410917053000002,-0.025601974499999982,0,-0.1930541666666668,0.06279583333333316,0,0,122,-1
608,-576459477943,0.9473262550878031,3.078717867948271,-0.011477613783894117,-0.21310908559752956,0.014650989780985325,-0.2677654551108676,0,1421103,0.011,-0.2567158953000003,0.02107400550000002,0,-0.14055416666666679,0.019045833333333206,0,1,123,2
609,-576459477933,0.9472015838126175,3.0763576541162396,-0.011216373067285809,-0.21602743948054404,0.07958349790531985,-0.25020385585630317,0,1421114,0.011,-0.24773974530000026,0.08869433550000001,0,-0.20180416666666678,0.027795833333333242,0,0,123,-1
610,-576459477922,0.9470936368516435,3.0741846488727536,-0.010384598230024139,-0.2185629264606916,0.10489091979584653,-0.27375703206000557,0,1421124,0.01,-0.2770618353000003,0.10844186550000003,0,-0.33305416666666676,0.08029583333333323,0,0,123,-1
611,-576459477912,0.9469950968719342,3.0719852912682524,-0.009326151191151297,-0.22130678159276976,0.11167837167569725,-0.2782295197167241,0,1421134,0.01,-0.2788570653000002,0.11263073550000002,0,-0.37680416666666683,0.03654583333333328,0,0,123,-1
612,-576459477903,0.9469071860519106,3.0697579529884296,-0.008245754998068398,-0.22414508381236278,0.08574991070301083,-0.3181381400524448,0,1421144,0.01,-0.3237378153000003,0.08211182550000003,0,-0.2718041666666668,0.054045833333333126,0,0,123,-1
613,-576459477893,0.9468290250525998,3.0675008529187475,-0.007386841805619367,-0.2272862295869051,0.08675770012375286,-0.28946304709405574,0,1421154,0.01,-0.2854395753000002,0.08689910550000002,0,-0.3680541666666668,0.03654583333333328,0,0,123,-1
614,-576459477882,0.9465016730491235,3.0653388102463497,-0.006606289637121628,-0.23010092691354644,0.08110914751773637,-0.2796373063228301,0,1421164,0.01,-0.2782586553000002,0.08031659550000002,0,-0.11430416666666679,-0.033454166666666785,0,1,124,1
615,-576459477872,0.9464337593924563,3.062790592587825,-0.005735973692890082,-0.23320472499084086,0.06676990883429831,-0.29784505232720554,0,1421175,0.011,-0.3003998253000002,0.06475793550000002,0,-0.3243041666666668,-0.02470416666666675,0,0,124,-1
616,-576459477861,0.9463797073500748,3.0604437933972157,-0.00507300972594126,-0.2361617920791113,0.06343117178730528,-0.2827678185189773,0,1421185,0.01,-0.28065229530000024,0.06296270550000002,0,-0.07930416666666679,-0.050954166666666745,0,0,124,-1
617,-576459477850,0.9463319456990908,3.058067683708583,-0.004470242052513985,-0.23904437351177393,0.040979705194261404,-0.3218452291068099,0,1421195,0.01,-0.3273282753000002,0.037829485500000024,0,-0.28055416666666677,-0.05970416666666678,0,0,124,-1
618,-576459477841,0.9462892438068752,3.055660769362465,-0.004068004138900091,-0.24232186145037674,0.03559322551871928,-0.3639127846243754,0,1421205,0.01,-0.3698153853000002,0.03483743550000002,0,-0.2105541666666668,-0.033454166666666785,0,0,124,-1
619,-576459477830,0.9462461705836755,3.052972823532425,-0.0037463688935771367,-0.2463816579604835,-0.010200408691895244,-0.4011004972131944,0,1421216,0.011,-0.40631839530000025,-0.016625824499999983,0,-0.20180416666666678,-0.02470416666666675,0,0,124,-1
620,-576459477821,0.9462079439325335,3.050488405737323,-0.0038868798912382253,-0.2504758130347316,-0.03735106070923634,-0.4597284018950928,0,1421226,0.01,-0.4679546253000002,-0.04116063449999999,0,-0.2630541666666668,0.019045833333333206,0,0,124,-1
621,-576459477810,0.9467746847027911,3.048404519133048,-0.004088104757248689,-0.25484031996094214,-0.042266189681113585,-0.44857514135059595,0,1421236,0.01,-0.4470102753000002,-0.04295586449999998,0,-0.10555416666666678,0.01029583333333317,0,1,125,2
622,-576459477800,0.9467271438695914,3.0455739061801137,-0.004555557268852027,-0.2598085967636732,-0.04392055630871025,-0.4708178034677922,0,1421247,0.011,-0.4739387253000002,-0.04415268449999999,0,-0.12305416666666678,-0.2784541666666668,0,0,125,-1
623,-576459477790,0.9466794630252682,3.042952693379288,-0.004983887431053652,-0.26445367085736854,-0.03625246322593382,-0.42632475304461026,0,1421257,0.01,-0.4200818253000001,-0.03517653449999998,0,-0.2980541666666668,0.2027958333333333,0,0,125,-1
624,-576459477780,0.9466277013310127,3.0402872553397886,-0.0053635191017767725,-0.2686524537891287,-0.04842835553840055,-0.38044215398210224,0,1421267,0.01,-0.3740042553000003,-0.05013678449999998,0,-0.3418041666666668,0.1502958333333333,0,0,125,-1
625,-576459477770,0.9465716170836792,3.0375818774653993,-0.005852114523559342,-0.27243054116540105,-0.0515008985438499,-0.3616769908245715,0,1421277,0.01,-0.3590440053000002,-0.05193201449999997,0,-0.2105541666666668,-0.18220416666666683,0,0,125,-1
626,-576459477760,0.9465106306688634,3.0348397871703185,-0.0063499817770607675,-0.2760006269830736,-0.03928431319952843,-0.3284061303703559,0,1421287,0.01,-0.3237378153000003,-0.03757017449999999,0,-0.3680541666666668,0.0015458333333331353,0,0,125,-1
627,-576459477747,0.9464454866099855,3.0320644205111815,-0.006692854285383403,-0.2791191605371422,-0.0036705744960456796,-0.2104355792570406,0,1421297,0.01,-0.19388284530000024,0.0013264755000000185,0,-0.3593041666666668,-0.15595416666666684,0,0,125,-1
628,-576459477738,0.9487132236687044,3.02785565986137,-0.00595529076712136,-0.28200528116749196,0.03797088071308795,-0.19591982520194776,0,1421308,0.011,-0.19388284530000024,0.043813585500000016,0,-0.2368041666666668,0.06279583333333316,0,1,126,1
629,-576459477728,0.9486556044343223,3.025026200789505,-0.005571290066796347,-0.28390463864736804,0.04099554721249299,-0.15372564323915233,0,1421318,0.01,-0.14780527530000018,0.04141994550000003,0,-0.4468041666666668,0.01029583333333317,0,0,126,-1
630,-576459477718,0.9486019832397318,3.022179742595385,-0.005154913067379488,-0.2853992100453086,0.045565942289308124,-0.123344453647772,0,1421328,0.01,-0.11908159530000025,0.04620722550000002,0,-0.4293041666666668,-0.050954166666666745,0,0,126,-1
631,-576459477708,0.9485482887815394,3.019032917077345,-0.004616783380772317,-0.2867518948885843,0.06974329284398259,-0.12065568319861128,0,1421339,0.011,-0.12027841530000022,0.07313567550000002,0,-0.37680416666666683,-0.1734541666666668,0,0,126,-1
632,-576459477698,0.9485055185015469,3.0161599258326026,-0.003932993992635379,-0.28787313366522016,0.06012359817471528,-0.06050023240256355,0,1421349,0.01,-0.05205967530000019,0.058773835500000024,0,-0.33305416666666676,-0.007204166666666678,0,0,126,-1
633,-576459477686,0.9484660295288359,3.012989942977325,-0.00325179236835714,-0.2884976561864752,0.07310890554923027,-0.03368150582746129,0,1421360,0.011,-0.02991850530000024,0.07493090550000002,0,-0.2105541666666668,0.027795833333333242,0,0,126,-1
634,-576459477675,0.9449962492925735,3.007356654210735,-0.003502815346237408,-0.290170973946533,0.04584383978518116,-0.09807823379458341,0,1421371,0.011,-0.10711339530000026,0.04201835550000002,0,-0.2193041666666668,0.03654583333333328,0,1,127,2
635,-576459477660,0.9449605157171679,3.0041585907814192,-0.0029956108544426673,-0.2912855461095112,0.04773684355317447,-0.12122018240085343,0,1421382,0.011,-0.12446728530000019,0.04800245550000002,0,-0.4905541666666668,0.0015458333333331353,0,0,127,-1
636,-576459477655,0.9449328992997938,3.001239726348973,-0.002525365326358894,-0.29248986654813697,0.042722000310124894,-0.11567130213865123,0,1421392,0.01,-0.1148927253000002,0.04201835550000002,0,-0.3243041666666668,-0.16470416666666676,0,0,127,-1
637,-576459477643,0.9449094958614526,2.9983088460157847,-0.0021425214267889684,-0.29367733002756474,0.011143080305100334,-0.13755394819405065,0,1421402,0.01,-0.1406243553000002,0.0067121655000000275,0,-0.4380541666666668,-0.20845416666666683,0,0,127,-1
638,-576459477635,0.9448881632728687,2.995364878120196,-0.00210356203645125,-0.29510230906778684,-0.040497350491746964,-0.17278273836550048,0,1421412,0.01,-0.17772577530000022,-0.04774314449999999,0,-0.4468041666666668,-0.1997041666666668,0,0,127,-1
639,-576459477625,0.9448648429121694,2.992404818547886,-0.0025491143163828634,-0.2968921810486908,-0.0694169898130468,-0.21700061750513097,0,1421422,0.01,-0.22320493530000016,-0.07347477449999998,0,-0.2368041666666668,-0.04220416666666682,0,0,127,-1
640,-576459477615,0.9493365658779045,2.987297936525526,-0.00186981573338682,-0.30023029661361506,-0.06615320798336974,-0.2502550569925873,0,1421432,0.01,-0.25492066530000024,-0.06569544449999999,0,-0.3943041666666668,-0.10345416666666674,0,1,128,1
641,-576459477605,0.9493146114459278,2.9842828926733644,-0.0025226861785175034,-0.3027687765228474,-0.05997922150671794,-0.27586244116149106,0,1421442,0.01,-0.2794554753000002,-0.05911293449999999,0,-0.5605541666666668,0.10654583333333312,0,0,128,-1
642,-576459477595,0.9492862607337131,2.981241505919555,-0.0031420295349909133,-0.30551267762233014,-0.07391329138304417,-0.26536915387254695,0,1421452,0.01,-0.2638968153000002,-0.07586841449999998,0,-0.5605541666666668,0.0015458333333331353,0,0,128,-1
643,-576459477585,0.94925104445079,2.9781728488526973,-0.003896822089755966,-0.3082072644787841,-0.08507383199627255,-0.2945150622529466,0,1421462,0.01,-0.2986045953000002,-0.08663979449999999,0,-0.3943041666666668,-0.007204166666666678,0,0,128,-1
644,-576459477575,0.9492077771892675,2.975075782497539,-0.004754641580938011,-0.31119426354445817,-0.09012054760148898,-0.3243402508055798,0,1421472,0.01,-0.3285250953000003,-0.09082866449999996,0,-0.3155541666666668,-0.12095416666666681,0,0,128,-1
645,-576459477565,0.9491556578751152,2.9719477454657333,-0.005666290635410786,-0.3144185165802989,-0.09756363663725465,-0.3106925125353151,0,1421482,0.01,-0.3087775653000003,-0.09860799449999999,0,-0.4293041666666668,-0.015954166666666714,0,0,128,-1
646,-576459477554,0.9490937879525165,2.9687882670721253,-0.006693282337079584,-0.31748774168631466,-0.134164340965055,-0.2838238872381023,0,1421492,0.01,-0.28005388530000025,-0.1392998745,0,-0.3680541666666668,-0.09470416666666681,0,0,128,-1
647,-576459477542,0.9445711967211944,2.9624755954295234,-0.009355870446676079,-0.3218079761659474,-0.14181676009276004,-0.24745727528236588,0,1421502,0.01,-0.24235405530000026,-0.1428903345,0,-0.5168041666666667,0.03654583333333328,0,1,129,2
648,-576459477534,0.9444599889410175,2.9589210813288958,-0.01087324363255416,-0.32447912837117693,-0.11389548612450737,-0.2141192451155999,0,1421513,0.011,-0.20944150530000022,-0.1099777845,0,-0.4205541666666668,-0.05970416666666678,0,0,129,-1
649,-576459477524,0.944345875858967,2.9556663790588416,-0.011964158425132274,-0.3264991410332876,-0.08002276771834341,-0.12867661747521958,0,1421523,0.01,-0.11668795530000023,-0.0752700045,0,-0.07930416666666679,0.10654583333333312,0,0,129,-1
650,-576459477513,0.9442224891559043,2.9523948305912686,-0.012724614140201368,-0.32780505193150755,-0.05171506664780729,-0.1423028812089546,0,1421533,0.01,-0.1442148153000002,-0.04774314449999999,0,-0.37680416666666683,-0.1997041666666668,0,0,129,-1
651,-576459477503,0.9440797005035981,2.948780002383738,-0.013248112110825308,-0.3294234071874262,-0.02199301728474834,-0.17704052263621606,0,1421544,0.011,-0.18191464530000026,-0.01782264449999998,0,-0.6130541666666668,-0.12970416666666673,0,0,129,-1
652,-576459477492,0.9439464129578599,2.9454765977519153,-0.013423408014172423,-0.3312422991416864,0.009477395592930954,-0.21122719977142929,0,1421554,0.01,-0.2160240153000002,0.01389308550000002,0,-0.6918041666666668,-0.07720416666666674,0,0,129,-1
653,-576459477481,0.9437994467724535,2.941819993172722,-0.013302013248583891,-0.33358906562521023,0.020696627831997758,-0.2264541017739281,0,1421565,0.011,-0.22859062530000018,0.02227082550000002,0,-0.3855541666666668,-0.13845416666666677,0,0,129,-1
654,-576459477470,0.9440137655957018,2.9379686743461457,-0.012930840670872907,-0.33617574998130945,0.04306822993603807,-0.23095165180286079,0,1421576,0.011,-0.23158267530000023,0.04620722550000002,0,-0.6568041666666669,-0.21720416666666675,0,1,130,1
655,-576459477459,0.943874156258854,2.9342567852686408,-0.012453651899512579,-0.33871383279440886,0.04529620317483042,-0.22940592059257248,0,1421587,0.011,-0.22918903530000015,0.04560881550000002,0,-0.4993041666666668,-0.09470416666666681,0,0,130,-1
656,-576459477450,0.9437521877723606,2.9308583803472614,-0.01195483269143741,-0.3409770615947576,0.07758176067521762,-0.20769985585347223,0,1421597,0.01,-0.2046542253000002,0.08211182550000003,0,-0.6393041666666668,-0.16470416666666676,0,0,130,-1
657,-576459477438,0.9436370486528914,2.9274382727109907,-0.01109673872394172,-0.34304661970345496,0.13613124539065638,-0.20240509590193873,0,1421607,0.01,-0.2016621753000002,0.14434646550000002,0,-0.5955541666666668,0.04529583333333331,0,0,130,-1
658,-576459477429,0.9435327165995705,2.923997616587892,-0.009762139009419038,-0.3450815397821458,0.11709674270637903,-0.21015002546174302,0,1421617,0.01,-0.21123673530000017,0.11442596550000002,0,-0.5168041666666667,-0.3134541666666668,0,0,130,-1
659,-576459477420,0.9434410704685202,2.920535837134952,-0.00857236764361831,-0.34725432996276806,0.13049791459176163,-0.2609568557934453,0,1421627,0.01,-0.26808568530000026,0.13237826550000004,0,-0.28055416666666677,-0.16470416666666676,0,0,130,-1
660,-576459477409,0.9433729655429922,2.917057586705413,-0.007235354929629583,-0.34990132869375956,0.1510388740717856,-0.2902986988793918,0,1421637,0.01,-0.2944157253000002,0.1539210255,0,-0.5780541666666668,-0.07720416666666674,0,1,131,2
661,-576459477399,0.9433026565188981,2.913191027750979,-0.005553250854793553,-0.35310653157349886,0.1645867063206907,-0.2981073539770637,0,1421648,0.011,-0.2992030053000002,0.1664876355,0,-0.5080541666666668,-0.12970416666666673,0,0,131,-1
662,-576459477387,0.9432552417703908,2.9096450872300568,-0.003924370609456871,-0.3560830136441992,0.15260952310641274,-0.29486997043182,0,1421658,0.01,-0.2944157253000002,0.1509289755,0,-0.2718041666666668,-0.19095416666666676,0,0,131,-1
663,-576459477378,0.9432236863362459,2.9060698161489733,-0.0023892864325681107,-0.3589847034563084,0.15900742094710987,-0.26141065319788864,0,1421668,0.01,-0.2567158953000003,0.15990512550000002,0,-0.4380541666666668,-0.10345416666666674,0,0,131,-1
664,-576459477368,0.9432074771679655,2.902467166879394,-8.408214238516011e-4,-0.3615569463209855,0.1293575857413142,-0.23157948834376743,0,1421678,0.01,-0.2273938053000002,0.12519734550000003,0,-0.4205541666666668,0.027795833333333242,0,0,131,-1
665,-576459477358,0.9432047354130929,2.8988400467105078,3.2761144453146774e-4,-0.36386832707099076,0.040170562848533875,-0.22843361974751786,0,1421688,0.01,-0.2279922153000002,0.027656515500000017,0,-0.3855541666666668,-0.13845416666666677,0,0,131,-1
666,-576459477348,0.9432098460183047,2.895189586903599,7.021375594811468e-4,-0.36620808117092674,0.020799900134868137,-0.26792959875705774,0,1421698,0.01,-0.2734713753000002,0.018081955500000017,0,-0.22805416666666678,-0.02470416666666675,0,0,131,-1
667,-576459477336,0.9453614534349167,2.8901514960507972,0.001575081532572018,-0.3697579416667334,0.01684215394688098,-0.3184452911446768,0,1421709,0.011,-0.3255330453000003,0.01628672550000002,0,-0.2630541666666668,-0.19095416666666676,0,1,132,1
668,-576459477327,0.945380133930902,2.886064748509363,0.00180893264260308,-0.37328174278219617,0.04836648079327778,-0.3320077972028804,0,1421720,0.011,-0.33391078530000023,0.05278973550000002,0,-0.2193041666666668,-0.06845416666666682,0,0,132,-1
669,-576459477318,0.9454012046528233,2.882315669284288,0.002377847986014699,-0.3765505326861343,0.10839662979578747,-0.2958926667830164,0,1421730,0.01,-0.2908252653000002,0.11681960550000003,0,-0.4818041666666668,-0.13845416666666677,0,0,132,-1
670,-576459477307,0.9454308166352554,2.8785354285797076,0.0035260260462909136,-0.3795002650411699,0.15409191875279282,-0.28934968669469646,0,1421740,0.01,-0.2884316253000002,0.16050353550000002,0,-0.37680416666666683,-0.033454166666666785,0,0,132,-1
671,-576459477297,0.9454741153116695,2.874726234760743,0.005119023772694642,-0.3823506536743262,0.19120123709933548,-0.25863228796662485,0,1421750,0.01,-0.25432225530000024,0.19640813550000003,0,-0.4993041666666668,-0.12970416666666673,0,0,132,-1
672,-576459477286,0.9455418260791554,2.8705043914005057,0.007197970582512287,-0.3852451035138825,0.1753011283029963,-0.29106222257347664,0,1421761,0.011,-0.29561254530000025,0.17307014550000002,0,-0.2105541666666668,-0.08595416666666678,0,0,132,-1
673,-576459477276,0.9448304273498336,2.8660912950298307,0.008653995202866176,-0.3885692423122957,0.13031290332430812,-0.3931860678495314,0,1421771,0.01,-0.4075152153000002,0.12400052550000003,0,-0.3155541666666668,-0.2609541666666668,0,1,133,2
674,-576459477265,0.9449328643728645,2.8617928263800874,0.0099931797139576,-0.3929559873225655,0.068626082800716,-0.43356524507466904,0,1421782,0.011,-0.4392309453000002,0.05997065550000002,0,-0.2193041666666668,-0.08595416666666678,0,0,133,-1
675,-576459477254,0.9450359175865125,2.8578412634384787,0.010632198530819488,-0.39734111782302334,0.03532159842436639,-0.4684460982488902,0,1421792,0.01,-0.47334031530000015,0.030648565500000023,0,-0.4555541666666668,-0.15595416666666684,0,0,133,-1
676,-576459477245,0.9451439162857416,2.8538448467650794,0.010971546175643117,-0.4019608264225721,0.025451020247713722,-0.4223594803583523,0,1421802,0.01,-0.41589295530000026,0.02406605550000002,0,-0.3855541666666668,-0.12970416666666673,0,0,133,-1
677,-576459477233,0.9452550208002644,2.8498045774383685,0.01124423607324292,-0.4061131283421266,0.03840545707108371,-0.37155780193044663,0,1421812,0.01,-0.36442969530000024,0.04022312550000002,0,-0.07930416666666679,-0.2522041666666668,0,0,133,-1
678,-576459477225,0.9453693553177168,2.845724712234838,0.011623900198465755,-0.4098530706565832,0.035276471104789486,-0.38892176548751745,0,1421822,0.01,-0.3913581453000001,0.03483743550000002,0,-0.15805416666666677,-0.07720416666666674,0,0,133,-1
679,-576459477215,0.9454875338508094,2.8416065135024082,0.012004105207710558,-0.41377694838854445,0.05483299257283147,-0.4136237762926055,0,1421832,0.01,-0.41708977530000024,0.05757701550000002,0,-0.22805416666666678,-0.1472041666666668,0,0,133,-1
680,-576459477183,0.9473291899225642,2.8366571809118395,0.01311470014515149,-0.41835117453750614,0.08347829917003292,-0.4266341980436475,0,1421842,0.01,-0.42845956530000034,0.08749751550000003,0,-0.28055416666666677,-0.23470416666666682,0,1,134,1
681,-576459477182,0.947478575778378,2.8320298389958154,0.014043147283852185,-0.42299533711352216,0.09015162498104934,-0.39464921569655187,0,1421853,0.011,-0.39016132530000014,0.09108797550000003,0,-0.3155541666666668,-0.1734541666666668,0,0,134,-1
682,-576459477182,0.9476234100832728,2.827780126253416,0.014928709852065278,-0.42694592301301465,0.0789028836589632,-0.39753565237382993,0,1421863,0.01,-0.3979406553000003,0.07732454550000002,0,-0.15805416666666677,-0.07720416666666674,0,0,134,-1
683,-576459477174,0.947776525400093,2.8234907490589918,0.015699573290622337,-0.4309276769873049,0.0659736566752166,-0.40208903863715384,0,1421873,0.01,-0.4027279353000002,0.06415952550000002,0,-0.28055416666666677,-0.08595416666666678,0,0,134,-1
684,-576459477164,0.9479367205513999,2.819161362797437,0.016343821189471527,-0.43494935364784043,0.05493675931869888,-0.402649320757688,0,1421883,0.01,-0.4027279353000002,0.053388145500000025,0,-0.2193041666666668,-0.16470416666666676,0,0,134,-1
685,-576459477153,0.9481027377833414,2.8147913966551217,0.01686698391462726,-0.4390289602473201,0.03626104959627881,-0.44050222286026974,0,1421893,0.01,-0.44581345530000027,0.03364061550000002,0,0.008195833333333222,-0.15595416666666684,0,0,134,-1
686,-576459477143,0.9482736762341714,2.8103789363660203,0.017300739305102925,-0.4434567170714239,0.08696555364256447,-0.45670502136971575,0,1421903,0.01,-0.4589784753000002,0.09408002550000003,0,-0.15805416666666677,-0.21720416666666675,0,0,134,-1
687,-576459477131,0.9474918145060568,2.804806160786077,0.01808266969423917,-0.4487019610607289,0.16142561344120465,-0.3857548128609305,0,1421914,0.011,-0.3757994853000002,0.17187332550000003,0,-0.2193041666666668,-0.04220416666666682,0,1,135,2
688,-576459477122,0.94770141466362,2.799847764377373,0.019992178548631473,-0.452849309871346,0.24825479288108449,-0.3234971840896243,0,1421925,0.011,-0.31476166530000027,0.2604380055,0,-0.2630541666666668,-0.05970416666666678,0,0,135,-1
689,-576459477111,0.9479364688972262,2.7948473375804035,0.022740278280805406,-0.45633846003008527,0.2594636706875342,-0.27857736411478384,0,1421936,0.011,-0.2722745553000002,0.2610364155,0,-5.54166666666786e-4,-0.05970416666666678,0,0,135,-1
690,-576459477101,0.9481762420966746,2.790269908553417,0.02524370261034293,-0.4591417255747028,0.19524573912528026,-0.2908925251994252,0,1421946,0.01,-0.2926204953000002,0.18623516550000002,0,-2.336804166666667,-0.12970416666666673,0,0,135,-1
691,-576459477091,0.9484376476036743,2.785662773503789,0.02707296504115469,-0.462232715711614,0.10757775310341972,-0.4204535183311068,0,1421956,0.01,-0.4386325353000001,0.09527684550000003,0,-0.07930416666666679,0.10654583333333312,0,0,135,-1
692,-576459477081,0.9487129415527704,2.781018973413932,0.028021661201118486,-0.4665074940502852,0.017024299985323954,-0.47050617563841923,0,1421966,0.01,-0.47752918530000027,0.004318525500000016,0,-5.54166666666786e-4,-0.05970416666666678,0,0,135,-1
693,-576459477070,0.9489930604280238,2.7763306903607248,0.028043727713369028,-0.47116302641591534,-0.08857796477824369,-0.4352076210490669,0,1421976,0.01,-0.4302547953000002,-0.10339527449999997,0,-0.2105541666666668,-0.08595416666666678,0,0,135,-1
694,-576459477060,0.9495691492191192,2.770996970583217,0.027130308876957387,-0.47592945167302364,-0.10314636293244563,-0.3778617520103477,0,1421987,0.011,-0.3698153853000002,-0.1051905045,0,0.05194583333333323,-0.06845416666666682,0,1,136,1
695,-576459477049,0.9498615715771566,2.765739710729608,0.026026910682647127,-0.47996748111965615,-0.08289833445203987,-0.3010100972484614,0,1421998,0.011,-0.2902268553000002,-0.08005728449999998,0,-0.30680416666666677,0.06279583333333316,0,0,136,-1
696,-576459477039,0.9501179067293092,2.760925373993298,0.0252297852522541,-0.4829186926499231,-0.06046533326797204,-0.2595422933695609,0,1422008,0.01,-0.25372384530000025,-0.05731770449999998,0,-0.2368041666666668,-0.13845416666666677,0,0,136,-1
697,-576459477027,0.9503673108881435,2.7560834841774313,0.024645234149675004,-0.4854715490450957,-0.04615991272855286,-0.22925048267774206,0,1422018,0.01,-0.2250001653000002,-0.04415268449999999,0,-0.12305416666666678,-0.07720416666666674,0,0,136,-1
698,-576459477018,0.9506358537828284,2.75072975740681,0.02417220340754831,-0.4879451599897045,-0.023408579244534367,-0.1977099621775122,0,1422029,0.011,-0.1932844353000002,-0.020216284499999983,0,-0.11430416666666679,0.14154583333333326,0,0,136,-1
699,-576459477008,0.9508765977232019,2.7458404271324666,0.023967393975424134,-0.489921220972807,-0.0027666619467592475,-0.1969776480676907,0,1422039,0.01,-0.19687489530000024,1.2965550000002132e-4,0,-0.10555416666666678,-0.06845416666666682,0,0,136,-1
700,-576459476990,0.9514784185799149,2.740668157839936,0.02406391538775092,-0.49197873549611854,0.01499182368347462,-0.199511385164819,0,1422050,0.011,-0.19986694530000024,0.01748354550000002,0,-0.15805416666666677,-0.050954166666666745,0,1,137,2
701,-576459476984,0.9517441389999081,2.7352437501815294,0.024243521592026702,-0.494255544530476,0.02452382701014417,-0.2528256952338874,0,1422061,0.011,-0.26030635530000024,0.025861285500000022,0,-0.16680416666666678,-0.2259541666666668,0,0,137,-1
702,-576459476974,0.9520371542857613,2.729295274096739,0.024581733165544867,-0.4971832132081142,0.05088602202260735,-0.18906573049088052,0,1422073,0.012,-0.18011941530000022,0.05458496550000002,0,-0.00930416666666678,0.0715458333333332,0,0,137,-1
703,-576459476964,0.9522856396290489,2.724313262985179,0.025108809639187914,-0.49918087923019266,0.06357581051924689,-0.26361026148009686,0,1422083,0.01,-0.27406978530000026,0.06535634550000002,0,-0.14055416666666679,-0.19095416666666676,0,0,137,-1
704,-576459476954,0.9525395045335366,2.719307950852119,0.02568252247617559,-0.5018668094660587,0.0194816359997851,-0.29902163031123574,0,1422093,0.01,-0.3039902853000002,0.013294675500000016,0,-0.2368041666666668,-0.2259541666666668,0,0,137,-1
705,-576459476944,0.9527970517652303,2.7142741790147595,0.025838050134651704,-0.5048808197410134,-0.008509456472053839,-0.3159735590864292,0,1422103,0.01,-0.3183521253000002,-0.012436954499999979,0,-0.1755541666666668,-0.1472041666666668,0,0,137,-1
706,-576459476933,0.9569810381666385,2.707422847842186,0.02684033560131595,-0.5091006850319025,-0.0885710023710324,-0.39152857792947565,0,1422113,0.01,-0.4021295253000001,-0.09980481449999999,0,-0.3155541666666668,-0.2259541666666668,0,1,138,1
707,-576459476923,0.957270086711458,2.7017982996191354,0.025744497839431404,-0.5135177949876712,-0.16821789583453717,-0.4637983749206803,0,1422124,0.011,-0.4739387253000002,-0.1793933445,0,-0.08805416666666678,-0.05970416666666678,0,0,138,-1
708,-576459476912,0.9575426922872584,2.696120921480666,0.023836126556126914,-0.5187085059309117,-0.20583142855802108,-0.5214952648338351,0,1422135,0.011,-0.5295908553000003,-0.21110907450000002,0,-5.54166666666786e-4,-0.033454166666666785,0,0,138,-1
709,-576459476902,0.957770408612938,2.6909078328471128,0.02172428878224006,-0.5239126736957691,-0.2435206399066947,-0.513900951772326,0,1422145,0.01,-0.5128353753000003,-0.2488089045,0,-0.22805416666666678,-0.12095416666666681,0,0,138,-1
710,-576459476892,0.9579754905126275,2.685643618159996,0.019291414723306758,-0.5289574544690836,-0.24186087073529366,-0.4468445601377294,0,1422155,0.01,-0.4374357153000002,-0.2416279845,0,-0.018054166666666788,-0.20845416666666683,0,0,138,-1
711,-576459476882,0.9581565022783068,2.6803317897718597,0.01690255113925833,-0.5334121112235508,-0.22066555116142325,-0.43701911703596114,0,1422165,0.01,-0.43564048530000027,-0.2176915845,0,-0.1755541666666668,-0.13845416666666677,0,0,138,-1
712,-576459476871,0.9583299244934494,2.6744390909180624,0.014598547050061137,-0.5380332654914568,-0.1398657153068191,-0.31511135838888316,0,1422176,0.011,-0.2980061853000002,-0.1285284945,0,-0.20180416666666678,0.0015458333333331353,0,0,138,-1
713,-576459476860,0.95748728753537,2.66783714030943,0.012860919000131695,-0.541594896805073,-0.07797060210267201,-0.16314419175281433,0,1422187,0.011,-0.14182117530000019,-0.06928590449999997,0,-0.1493041666666668,0.027795833333333242,0,1,139,2
714,-576459476849,0.9576242332591668,2.6618703388748592,0.01203199879039185,-0.5433015126782829,-0.05933421161868631,-0.10613617789705168,0,1422198,0.011,-0.09813724530000026,-0.056719294499999996,0,-0.20180416666666678,0.027795833333333242,0,0,139,-1
715,-576459476839,0.9577415940298261,2.656431639924341,0.0114396778841965,-0.5444199942546253,-0.058615384829098206,-0.14635144386110197,0,1422208,0.01,-0.15199414530000022,-0.05851452449999999,0,0.008195833333333222,-0.08595416666666678,0,0,139,-1
718,-576459476809,0.9580492741228385,2.6400363436434056,0.00861451318322404,-0.54846913434755,-0.11920347994008425,-0.08790847025138745,0,1422238,0.01,-0.08198017530000024,-0.11715870449999999,0,0.02569583333333321,-0.2784541666666668,0,0,139,-1
719,-576459476798,0.9607322746098015,2.6333699373993578,0.00828944985608268,-0.5499098406313846,-0.0707050260985105,-0.03810378083462997,0,1422248,0.01,-0.03111532530000021,-0.06390021449999998,0,-0.1493041666666668,-0.033454166666666785,0,1,140,1
720,-576459476788,0.9608199344322613,2.6273186135125863,0.007622514745100432,-0.5503308403490081,0.0019091802140580733,-0.03932211752585963,0,1422259,0.011,-0.03949306530000022,0.01209785550000002,0,-0.035554166666666775,-0.12970416666666673,0,0,140,-1
721,-576459476778,0.9608962888418867,2.621813049414341,0.007646835825968686,-0.5507681861251474,0.005596393646442911,-0.07043388745438466,0,1422269,0.01,-0.0747992553000002,0.0061137555000000164,0,-0.12305416666666678,-0.10345416666666674,0,0,140,-1
722,-576459476768,0.9609724904901878,2.616301127859388,0.007617909759675162,-0.551584075545131,-0.054824063687760195,-0.14983003009081514,0,1422279,0.01,-0.1609702953000003,-0.06330180449999998,0,-0.09680416666666679,-0.050954166666666745,0,0,140,-1
723,-576459476757,0.9610453753819437,2.610777764370615,0.006983381645575963,-0.5530872485131383,-0.1163106960810808,-0.15330218835792217,0,1422289,0.01,-0.15378937530000025,-0.1249380345,0,-0.10555416666666678,-0.21720416666666675,0,0,140,-1
724,-576459476748,0.9611091794971718,2.6052393785502086,0.005786832143952034,-0.5545965705784579,-0.14014455762027395,-0.13641177950427108,0,1422299,0.01,-0.13404184530000024,-0.1434887445,0,-0.1493041666666668,-0.15595416666666684,0,0,140,-1
725,-576459476738,0.9611598350756662,2.5996878509494294,0.004353291104188175,-0.5557641175723977,-0.16301878606558134,0.003682953200522532,0,1422309,0.01,0.023339984699999795,-0.16622832450000002,0,-0.20180416666666678,-0.007204166666666678,0,0,140,-1
726,-576459476727,0.9626113575205263,2.5945161861016026,0.0030480107842892467,-0.555088238754193,-0.1180786162647918,0.1148565255576423,0,1422320,0.011,0.1304553746999998,-0.11177301449999998,0,-0.2368041666666668,0.019045833333333206,0,1,141,2
727,-576459476716,0.9626387836851751,2.588418317960697,0.0019008285793240885,-0.5536581472470017,-0.01966333162176087,0.22299587980341165,0,1422331,0.011,0.2381691746999998,-0.005854444499999982,0,0.043195833333333225,-0.16470416666666676,0,0,141,-1
728,-576459476706,0.9626572804026566,2.582893344890843,0.0017757955999852606,-0.5513586151920318,0.030755146616886553,0.2719869928820521,0,1422341,0.01,0.2788610546999998,0.037829485500000024,0,-0.3243041666666668,-0.1997041666666668,0,0,141,-1
729,-576459476696,0.9626765798553676,2.5773940302046,0.002083953102298464,-0.5485344090223317,0.03118645725849031,0.34623626006096386,0,1422351,0.01,0.3566543546999998,0.031246975500000017,0,-0.4030541666666668,-0.10345416666666674,0,0,141,-1
730,-576459476686,0.962698474066147,2.571926627694333,0.002317090635329759,-0.5449737952046326,-0.02491163518226303,0.4162465949277605,0,1422361,0.01,0.4260699146999998,-0.032782894499999986,0,-0.09680416666666679,-0.19095416666666676,0,0,141,-1
731,-576459476676,0.962719912950262,2.5664981237272455,0.0019920177031671053,-0.5407454885154652,-0.0790443079765337,0.46316991932388685,0,1422371,0.01,0.46975384469999976,-0.08663979449999999,0,-0.061804166666666785,-0.05970416666666678,0,0,141,-1
732,-576459476663,0.966711294494277,2.5593195893762033,0.0023227282406207694,-0.5370812831484635,-0.15497561419635694,0.4615965082349826,0,1422381,0.01,0.46137610469999984,-0.1656299145,0,-0.09680416666666679,-0.09470416666666681,0,1,142,1
733,-576459476655,0.9667274917230272,2.5534396526244105,6.213568557738212e-4,-0.531999211196709,-0.15277383190925664,0.4645518881772196,0,1422392,0.011,0.4649665646999998,-0.15246489449999998,0,-0.2105541666666668,-0.08595416666666678,0,0,142,-1
734,-576459476644,0.9667253685477165,2.547614944139848,-0.001018295890621064,-0.5270066710278917,-0.12626404671370303,0.38829806364045105,0,1422403,0.011,0.37759870469999984,-0.12254439449999996,0,-0.07930416666666679,-0.1734541666666668,0,0,142,-1
735,-576459476634,0.9667094047846193,2.5423639632781874,-0.00220028841784167,-0.5231735324693164,-0.06947480995249619,0.3532011479994958,0,1422413,0.01,0.34827661469999976,-0.06150657449999999,0,-0.20180416666666678,-0.12970416666666673,0,0,142,-1
736,-576459476621,0.9666848513743097,2.5371500722198372,-0.00275174315880409,-0.5196129305262762,0.03249763464368237,0.37354709549373016,0,1422423,0.01,0.3764018846999998,0.046805635500000026,0,-0.07055416666666678,-0.10345416666666674,0,0,142,-1
737,-576459476614,0.9666594115782674,2.5319725294952624,-0.002356132647652756,-0.5158916212902477,0.08282903475937423,0.3634559568249464,0,1422433,0.01,0.3620400446999998,0.08989115550000001,0,-0.035554166666666775,-0.20845416666666683,0,0,142,-1
738,-576459476604,0.9666397408362175,2.5268314778344902,-0.0015670147296011434,-0.5123051936933699,0.05491166001494101,0.32915330317451785,0,1422443,0.01,0.3243402146999998,0.050994505500000016,0,0.1744458333333332,0.0715458333333332,0,0,142,-1
739,-576459476593,0.967307366051596,2.521668585588764,-7.275679549691061e-4,-0.508330981936013,0.07614105813936989,0.4141446597078936,0,1422454,0.011,0.4260699146999998,0.07911977550000002,0,0.043195833333333225,-0.007204166666666678,0,1,143,2
740,-576459476582,0.9673043665439535,2.5161026332966445,1.6819942138362342e-4,-0.5036840526111269,0.11391332691741131,0.4734068264482182,0,1422465,0.011,0.4817220446999998,0.11921324550000002,0,-0.018054166666666788,-0.08595416666666678,0,0,143,-1
741,-576459476572,0.9673119388665306,2.511090160399323,0.0013370354690614688,-0.49884423707382763,0.13482919881880975,0.5478703651098777,0,1422475,0.01,0.5583185246999999,0.13776395550000003,0,-0.1493041666666668,-0.18220416666666683,0,0,143,-1
742,-576459476562,0.9673318554768823,2.5061289854825435,0.002655022417523429,-0.4933851047807459,0.11326308868376306,0.5339427080229342,0,1422485,0.01,0.5319884846999998,0.11023709550000002,0,0.01694583333333323,-0.15595416666666684,0,0,143,-1
743,-576459476552,0.9673632094592272,2.501221325225848,0.0036535753155613635,-0.48812467488074196,0.01772386547146787,0.47765211433438814,0,1422495,0.01,0.46975384469999976,0.004318525500000016,0,-0.05305416666666678,-0.11220416666666677,0,0,143,-1
744,-576459476539,0.9674040465897733,2.4958801870651706,0.0037865456021684532,-0.4829675717362528,-0.022894730807103636,0.4140497645535214,0,1422506,0.011,0.4051255646999998,-0.02859402449999998,0,-0.2718041666666668,-0.050954166666666745,0,0,143,-1
745,-576459476530,0.9688659359553876,2.4899480228732283,0.003960141101356749,-0.4789476439619798,-0.0336652157691789,0.2923468660708409,0,1422517,0.011,0.2752705946999998,-0.03517653449999998,0,-0.2718041666666668,-0.19095416666666676,0,1,144,1
746,-576459476519,0.9689039174653318,2.4851727365790817,0.0036342735981703842,-0.4760894097362645,-0.026069357749245074,0.24640992784229887,0,1422527,0.01,0.23996440469999977,-0.02500356449999998,0,-0.3243041666666668,-0.10345416666666674,0,0,144,-1
747,-576459476509,0.968938541517033,2.4804235515424855,0.0033092622680422085,-0.4737202693570893,-0.07183988139172506,0.1788337956018546,0,1422537,0.01,0.16935202469999977,-0.07826205449999998,0,-0.11430416666666679,-0.40095416666666683,0,0,144,-1
748,-576459476499,0.9689700167581365,2.4752234433534333,0.002434328490246526,-0.47175377444991806,-0.12732566036848642,0.17839039001288887,0,1422548,0.011,0.1783281746999998,-0.13511100450000002,0,-0.1493041666666668,-0.2609541666666668,0,0,144,-1
749,-576459476489,0.9689879497245478,2.4705154700544156,0.0011543658050758114,-0.46987170169000103,-0.13205392958598236,0.24760642506056083,0,1422558,0.01,0.25731829469999984,-0.1327173645,0,-0.20180416666666678,-0.2872041666666668,0,0,144,-1
750,-576459476479,0.9689932983357974,2.465829143940431,-1.0284517501359758e-4,-0.46739399364376993,-0.08698011120447406,0.24877639358116982,0,1422568,0.01,0.24894055469999982,-0.0806556945,0,-0.2368041666666668,-0.29595416666666674,0,0,144,-1
751,-576459476468,0.9703287964288476,2.4620572077911724,-4.803376314929221e-4,-0.46449351770586694,-0.022134022120536223,0.22845417511881225,0,1422578,0.01,0.2256025646999998,-0.013035364499999983,0,-0.09680416666666679,-0.13845416666666677,0,1,145,2
752,-576459476458,0.9703229372700429,2.456961762896403,-6.115213843712262e-4,-0.46195630808796534,0.051442224067410516,0.24432065101120184,0,1422589,0.011,0.2465469146999998,0.06176588550000002,0,-0.28055416666666677,-0.1472041666666668,0,0,145,-1
753,-576459476448,0.9703200940896551,2.4523544239734076,9.51947009777859e-6,-0.45951182134287094,0.12661751782698097,0.24522342438046665,0,1422599,0.01,0.2453500946999998,0.1371655455,0,-0.22805416666666678,-0.15595416666666684,0,0,145,-1
754,-576459476437,0.9703265610234004,2.447771933325096,0.0012820551806272168,-0.4570026585261504,0.13114464352124702,0.2857423552957848,0,1422609,0.01,0.2914276646999998,0.13177985550000001,0,-0.2543041666666668,-0.35720416666666677,0,0,145,-1
755,-576459476428,0.9703459674084299,2.4432165030049022,0.002597965592558846,-0.4540969971229357,0.13432558051993887,0.3201156275570358,0,1422619,0.01,0.3249386246999998,0.1347719055,0,-0.07055416666666678,-0.08595416666666678,0,0,145,-1
756,-576459476416,0.9703786149901653,2.4386912750254095,0.003933670833044349,-0.4509370320751018,0.1289444368156585,0.2907594246778745,0,1422629,0.01,0.2866403846999998,0.12818939550000003,0,-0.30680416666666677,-0.3047041666666668,0,0,145,-1
757,-576459476407,0.9704236810199931,2.434196386647248,0.005111000389332478,-0.4480381878578203,0.049040938950961996,0.2845233354887984,0,1422639,0.01,0.2836483346999998,0.037829485500000024,0,-0.2718041666666668,-0.2259541666666668,0,0,145,-1
758,-576459476396,0.9693978378930821,2.429777327149238,0.005229190436806546,-0.4448725208138633,-0.004347542545371169,0.13314503743362643,0,1422650,0.011,0.11190466469999978,-0.011838544499999977,0,-0.4468041666666668,-0.29595416666666674,0,1,146,1
759,-576459476386,0.9694543640206117,2.4248898934945715,0.005079836139425123,-0.44367928369019016,-0.07021662402763362,-0.04291493398570509,0,1422661,0.011,-0.06761833530000017,-0.0794588745,0,-0.2718041666666668,-0.11220416666666677,0,0,146,-1
760,-576459476376,0.9695016881636209,2.420450688050057,0.004383300331558011,-0.4441488863955861,-0.06625176366700411,-0.0714007512388958,0,1422671,0.01,-0.0753976653000002,-0.06569544449999999,0,-0.4030541666666668,-0.050954166666666745,0,0,146,-1
761,-576459476366,0.9695422414840139,2.4160055736673307,0.0037258927996117624,-0.4448715064620464,-0.06261523469418843,-0.07752974178182252,0,1422681,0.01,-0.07838971530000025,-0.06210498449999999,0,-0.2193041666666668,-0.2609541666666668,0,0,146,-1
762,-576459476356,0.9695765955627809,2.4115536881371433,0.0031349821724959803,-0.4455366563764709,-0.03750323942171117,9.574645471432941e-4,0,1422691,0.01,0.011970194699999756,-0.03397971449999997,0,-0.4030541666666668,-0.02470416666666675,0,0,146,-1
763,-576459476346,0.9696061309989474,2.407098413789634,0.002769439890239735,-0.44552015765080694,-0.030739834269644307,0.0058921123118187806,0,1422701,0.01,0.006584504699999782,-0.029790844499999986,0,-0.33305416666666676,-0.06845416666666682,0,0,146,-1
764,-576459476336,0.9688442011047943,2.402115899670504,0.0022478353354049904,-0.4457112749654813,-0.014164326996183493,0.014370888121553748,0,1422711,0.01,0.015560654699999774,-0.011838544499999977,0,-0.2455541666666668,-0.18220416666666683,0,1,147,2
765,-576459476325,0.9688660153676394,2.397659327740549,0.0021127361886624308,-0.4455955544859602,-0.009500839704921545,-0.005576832299533225,0,1422721,0.01,-0.008375745300000206,-0.008846494499999979,0,-0.2368041666666668,-0.16470416666666676,0,0,147,-1
766,-576459476314,0.9688869565233069,2.3932025154878107,0.002062712844600414,-0.44574165320287207,0.022559624115081927,-0.06995506011843185,0,1422731,0.01,-0.07898812530000024,0.02705810550000002,0,-0.22805416666666678,-0.2609541666666668,0,0,147,-1
767,-576459476306,0.9689087612107605,2.3887416290366943,0.0022960533281120806,-0.4464368558738674,0.028078910982322954,-0.0668563086316839,0,1422741,0.01,-0.06642151530000019,0.028853335500000025,0,-0.3418041666666668,-0.3922041666666668,0,0,147,-1
768,-576459476295,0.9689333957973126,2.384274699014595,0.00261902968889118,-0.4469833899024641,0.05814556973635897,0.020113228195891772,0,1422751,0.01,0.032316134699999784,0.06236429550000002,0,-0.14055416666666679,-0.32220416666666674,0,0,147,-1
769,-576459476286,0.9689626774825078,2.379806598703316,0.003229238900850701,-0.4466685743620439,0.07863806396608228,0.10113474877252585,0,1422761,0.01,0.1125030746999998,0.08151341550000003,0,-0.2105541666666668,-0.16470416666666676,0,0,147,-1
770,-576459476271,0.9689999051065151,2.3753461578141493,0.004172313736846328,-0.44547167410651994,0.19031327584870442,0.23337732790049173,0,1422771,0.01,0.2519326046999998,0.20598269550000003,0,-0.1755541666666668,-0.08595416666666678,0,0,147,-1
771,-576459476265,0.9690518142815315,2.370903821909846,0.006180141309394008,-0.4430267097320369,0.2649287740925879,0.3126226951506968,0,1422781,0.01,0.3237418046999998,0.2753982555,0,-0.07930416666666679,-0.23470416666666682,0,0,147,-1
772,-576459476254,0.9692995976335312,2.3659746642537822,0.009230437529522692,-0.4396294782188735,0.32029041897845295,0.3118780676863323,0,1422792,0.011,0.3117736046999998,0.3280583355,0,-0.2543041666666668,-0.1472041666666668,0,1,148,1
773,-576459476244,0.9694208688400928,2.3611563310687154,0.012807802859652793,-0.4363825635134038,0.3554404845980262,0.19266202640196095,0,1422803,0.011,0.17593453469999978,0.3603724755,0,-0.2105541666666668,-0.20845416666666683,0,0,148,-1
774,-576459476234,0.9695666290896375,2.3568008505758313,0.016348972653609583,-0.4346511635061248,0.3461213989888873,0.05519493542054485,0,1422813,0.01,0.0359065946999998,0.34481381550000006,0,-0.3243041666666668,-0.24345416666666675,0,0,148,-1
775,-576459476224,0.9697480269904265,2.352455791206283,0.019903703074076115,-0.4343021776604333,0.41267097341341097,-0.08924089399880017,0,1422823,0.01,-0.1095070353000002,0.4220087055000001,0,-0.16680416666666678,-0.3659541666666668,0,0,148,-1
776,-576459476212,0.9699684415315165,2.3481078218035383,0.024146482451340788,-0.43527034404945697,0.49537808957109764,-0.14322296945416504,0,1422833,0.01,-0.15079732530000017,0.5069829255,0,-0.20180416666666678,-0.12095416666666681,0,0,148,-1
777,-576459476203,0.9702352807181679,2.3437478692326854,0.029194804638781855,-0.4367163120639623,0.5627556997147185,-0.15301398427901858,0,1422843,0.01,-0.15438778530000022,0.5722096155,0,-0.035554166666666775,-0.16470416666666676,0,0,148,-1
778,-576459476193,0.9666118259984983,2.3362400891243933,0.034246202865322,-0.4398749466561887,0.6077805688041379,-0.24343132950583576,0,1422854,0.011,-0.2561174853000003,0.6140983155,0,-0.05305416666666678,-0.2784541666666668,0,1,149,2
779,-576459476183,0.9669844403013191,2.331828302008737,0.04028572577128002,-0.4424426286314977,0.5807847449728104,-0.3374712904508453,0,1422864,0.01,-0.3506662653000002,0.5769968955000001,0,-0.1755541666666668,-0.033454166666666785,0,0,149,-1
780,-576459476173,0.9674159485706537,2.3273858503510234,0.04603287173425351,-0.4459965428062829,0.5375799105371033,-0.4650184273764474,0,1422874,0.01,-0.4829148753000002,0.5315177355,0,-0.16680416666666678,-0.23470416666666682,0,0,149,-1
781,-576459476164,0.9679021599254403,2.322902412707526,0.05125318427829557,-0.45068127135057956,0.4267834459836781,-0.48963397776342793,0,1422884,0.01,-0.49308784530000016,0.41123732550000003,0,0.03444583333333322,-0.02470416666666675,0,0,149,-1
782,-576459476153,0.9684350266183499,2.31837168523567,0.0553641932224193,-0.45548908195807225,0.31501689163420954,-0.4265409245217098,0,1422894,0.01,-0.4176881853000002,0.29933465550000005,0,-0.035554166666666775,-0.08595416666666678,0,0,149,-1
783,-576459476142,0.9690042439680302,2.3137960227556893,0.05848696588999809,-0.4596677561795212,0.29549176354596035,-0.3647254362800605,0,1422904,0.01,-0.35605195530000017,0.2927521455,0,-0.14055416666666679,-0.1734541666666668,0,0,149,-1
784,-576459476131,0.9722314533328182,2.30753864181355,0.062499821483136035,-0.4642177014880791,0.2589788718814324,-0.2983443981859597,0,1422915,0.011,-0.28903003530000027,0.25385549550000003,0,-0.2368041666666668,0.03654583333333328,0,1,150,1
785,-576459476121,0.9729336785837311,2.302414253294809,0.0652130602061986,-0.4674909463230079,0.1710463331371725,-0.29280002915672915,0,1422926,0.011,-0.29202208530000023,0.15870830550000004,0,-0.07930416666666679,-0.16470416666666676,0,0,150,-1
786,-576459476109,0.9735923575777476,2.297724551849452,0.06661974650649259,-0.4704418262860839,-0.04286232255952643,-0.30891068072971434,0,1422936,0.01,-0.31117120530000025,-0.07287636449999997,0,0.08694583333333321,-0.1997041666666668,0,0,150,-1
787,-576459476101,0.9742568955169395,2.2930038055272246,0.06626622533244865,-0.47366793015036757,0.010582923489328877,-0.4064025103857888,0,1422946,0.01,-0.4200818253000001,0.018081955500000017,0,-0.1755541666666668,-0.15595416666666684,0,0,150,-1
788,-576459476090,0.9749205048057495,2.2882459004205846,0.06643725477938461,-0.47787325257499114,0.05704228928029386,-0.5070859744291994,0,1422956,0.01,-0.5212131153000003,0.06356111550000001,0,-0.33305416666666676,-0.26970416666666674,0,0,150,-1
789,-576459476080,0.9756554561020961,2.282957702213841,0.06716555023318112,-0.48358463726331824,0.12310837314562789,-0.5945179525387757,0,1422967,0.011,-0.6067857453000002,0.13237826550000004,0,-0.02680416666666678,-0.3134541666666668,0,0,150,-1
790,-576459476070,0.9763335040928329,2.27809194660451,0.06843272451619989,-0.48955772758986654,0.1485552785289062,-0.6141974388742473,0,1422977,0.01,-0.6169587153000001,0.15212579550000002,0,-0.2368041666666668,-0.26970416666666674,0,0,150,-1
791,-576459476060,0.9719895716079399,2.269745872219889,0.06846844264262518,-0.4974002383730958,0.21308519200857615,-0.6166194475573292,0,1422987,0.01,-0.6169587153000001,0.2221397655,0,-0.2630541666666668,-0.4709541666666668,0,1,151,2
792,-576459476049,0.9727556553596722,2.2642385439642605,0.07082048994283498,-0.5039800527430076,0.21840173804026175,-0.4836235517840813,0,1422998,0.011,-0.4649625753000002,0.2191477155,0,-0.2368041666666668,-0.2609541666666668,0,0,151,-1
793,-576459476039,0.9734750443849213,2.2591752077668725,0.07304488204590848,-0.5087179055108091,0.24686911836851944,-0.41425625836775815,0,1423008,0.01,-0.4045231653000002,0.2508634455,0,-0.4380541666666668,-0.2259541666666668,0,0,151,-1
794,-576459476029,0.9742184234073078,2.254068199775746,0.07560475954858693,-0.5127231337108542,0.3117708905412147,-0.31650866678942485,0,1423018,0.01,-0.3027934653000002,0.3208774155000001,0,-0.3680541666666668,-0.3047041666666668,0,0,151,-1
795,-576459476019,0.9749905419756687,2.2489259449830037,0.07879774661000441,-0.5157630835500536,0.3654125011078956,-0.22733883107401928,0,1423028,0.01,-0.21482719530000022,0.3729390855,0,-0.2630541666666668,-0.05970416666666678,0,0,151,-1
796,-576459476007,0.9758785284021305,2.2432399592090766,0.08268639671102655,-0.5180940903039941,0.27965216598248305,-0.11613426718989646,0,1423039,0.011,-0.1005308853000002,0.26761892550000005,0,-0.2543041666666668,0.08029583333333323,0,0,151,-1
797,-576459475997,0.9767182744338953,2.238053935521532,0.08531537561261389,-0.5191452246602366,0.16152025083568355,-0.03842801752980805,0,1423049,0.01,-0.02752486530000023,0.14494487550000001,0,-0.2455541666666668,-0.07720416666666674,0,0,151,-1
798,-576459475988,0.9812067385536366,2.2311749895615733,0.08792755176600091,-0.5203003464321513,0.03888050133359218,0.06349402670546248,0,1423059,0.01,0.0777952946999998,0.021672415500000018,0,-0.5255541666666668,-0.07720416666666674,0,1,152,1
799,-576459475978,0.9820869394090461,2.225975869105911,0.08815452361195532,-0.5195535452684129,-0.07644262686821784,0.14320704754227534,0,1423069,0.01,0.1543917746999998,-0.09262389449999998,0,-0.3855541666666668,0.06279583333333316,0,0,152,-1
800,-576459475968,0.982964540235704,2.2207877233685296,0.08737092282973298,-0.5180856218613018,-0.0901080551379793,0.16875884067461364,0,1423079,0.01,0.17234407469999977,-0.09202548449999998,0,-0.2105541666666668,-0.16470416666666676,0,0,152,-1
801,-576459475958,0.98383389875398,2.2156157010735216,0.08649399080796735,-0.5163361882246422,-0.07289756945936539,0.2128355454257506,0,1423089,0.01,0.2190200546999998,-0.07048272449999998,0,-0.4993041666666668,-0.42720416666666683,0,0,152,-1
802,-576459475947,0.9846960756130994,2.210463218291841,0.08590273451680255,-0.5141707697760449,0.025254369104940277,0.23925015658588494,0,1423099,0.01,0.24295645469999982,0.03902630550000002,0,-0.2893041666666668,-0.42720416666666683,0,0,152,-1
803,-576459475896,0.9855570211005126,2.2053337474731527,0.0862576382227421,-0.5117354186686612,0.09820586438198156,0.2697888207177725,0,1423109,0.01,0.2740737746999998,0.10844186550000003,0,-0.4905541666666668,-0.29595416666666674,0,0,152,-1
804,-576459475895,0.986513074788444,2.199722329891074,0.08752459681600368,-0.5085705916170994,0.22053423528590324,0.39896828146474195,0,1423120,0.011,0.41709376469999976,0.23769842550000003,0,-0.37680416666666683,-0.2259541666666668,0,0,152,-1
806,-576459475893,0.9883121840863535,2.189634696625116,0.09263600522055898,-0.4999721567161777,0.3314936119912333,0.460762269532874,0,1423140,0.01,0.4619745146999998,0.33942812550000007,0,-0.30680416666666677,-0.12095416666666681,0,0,152,-1
807,-576459475893,0.989255091724107,2.184658003853417,0.09594671363312797,-0.495365987933401,0.32848103717427535,0.45972624220538416,0,1423150,0.01,0.4595808746999998,0.3280583355,0,-0.2368041666666668,-0.02470416666666675,0,0,152,-1
808,-576459475885,0.9902308805544597,2.1797274564609497,0.09921554067955432,-0.49074902313940794,0.31709002590068464,0.4737677471133586,0,1423160,0.01,0.47573794469999975,0.31549172550000004,0,-0.28055416666666677,-0.08595416666666678,0,0,152,-1
809,-576459475877,0.9912385714002764,2.1748435098332752,0.10233661285130284,-0.48603395658858295,0.2815778719001586,0.45765309113772956,0,1423170,0.01,0.45539200469999985,0.2765950755,0,-0.2105541666666668,-0.18220416666666683,0,0,152,-1
810,-576459475866,0.9922756376968436,2.1700060633959497,0.10509324476201033,-0.4814557899177465,0.23942423452912523,0.45881888880386945,0,1423180,0.01,0.4589824646999998,0.23350955550000002,0,-0.3155541666666668,-0.16470416666666676,0,0,152,-1
811,-576459475857,0.9933378771163884,2.1652145231668025,0.10738375032448268,-0.4768556185109432,0.16549152339337003,0.46735877286841654,0,1423190,0.01,0.46855702469999977,0.15511784550000005,0,-0.2980541666666668,-0.2609541666666668,0,0,152,-1
812,-576459475847,0.9901494528282729,2.1625295109262237,0.10753304647003843,-0.4710340382169286,0.08449960029191451,0.49202491043644314,0,1423200,0.01,0.49548547469999976,0.07313567550000002,0,-0.12305416666666678,-0.033454166666666785,0,1,153,1
813,-576459475836,0.991228554574789,2.157843408270092,0.10830736186966386,-0.4661706458833282,0.03412612930634001,0.4515031509832348,0,1423210,0.01,0.4458174446999998,0.02705810550000002,0,-0.10555416666666678,-0.10345416666666674,0,0,153,-1
814,-576459475826,0.9923127642318175,2.15320352056065,0.1085596662159519,-0.46177379578783906,-0.02927291143112728,0.36727569341687183,0,1423220,0.01,0.3554575346999998,-0.03816858449999999,0,-0.15805416666666677,-0.18220416666666683,0,0,153,-1
815,-576459475817,0.9933960162910617,2.1486039730853315,0.10812934287900647,-0.4581280983746966,-0.12733567979227153,0.3479905148474039,0,1423230,0.01,0.3452845646999998,-0.1410951045,0,-0.09680416666666679,-0.06845416666666682,0,0,153,-1
816,-576459475807,0.9944701791757644,2.144039839279716,0.10673670593087947,-0.4546876028828194,-0.21234607930147825,0.31990344021721945,0,1423240,0.01,0.3159624746999998,-0.22427409450000002,0,0.01694583333333323,-0.42720416666666683,0,0,153,-1
817,-576459475797,0.9955261843101016,2.1395086209105036,0.10449695481455688,-0.4515412790321297,-0.295225642156963,0.2823368798384442,0,1423250,0.01,0.2770658246999998,-0.3068546745,0,2.046945833333333,-0.07720416666666674,0,0,153,-1
818,-576459475785,0.9966559832442345,2.134558760239455,0.10098562965138273,-0.4484338181287599,-0.46810469550964107,0.28348696365253656,0,1423261,0.011,0.2836483346999998,-0.4923617745,0,-0.05305416666666678,-0.11220416666666677,0,0,153,-1
819,-576459475775,0.9963508002863871,2.1292068270752007,0.09577674122854021,-0.4460732530938037,-0.5581228720578776,0.2542408393139939,0,1423271,0.01,0.2501373746999998,-0.5707534845,0,-0.12305416666666678,-0.1997041666666668,0,1,154,2
820,-576459475765,0.9973699913393713,2.1243149358821576,0.08955070403994397,-0.44334544769550777,-0.6148549404762035,0.20918489364147527,0,1423282,0.011,0.2028629846999998,-0.6228151544999999,0,0.03444583333333322,-0.050954166666666745,0,0,154,-1
821,-576459475755,0.9982349638177783,2.1198922750396867,0.08343393830200332,-0.4412026560898463,-0.5924481461238909,0.24509828036411513,0,1423292,0.01,0.2501373746999998,-0.5893041945,0,-0.04430416666666678,0.027795833333333242,0,0,154,-1
822,-576459475745,0.9990403700438112,2.1154932219903677,0.07761655534960157,-0.438640027756871,-0.5162222366152007,0.3245604719961549,0,1423302,0.01,0.3357100046999998,-0.5055267945,0,-0.1493041666666668,0.08029583333333323,0,0,154,-1
823,-576459475735,0.9997921304007182,2.1111235435723197,0.07267370155242683,-0.4353173668864914,-0.359905214715131,0.37946892638123203,0,1423312,0.01,0.3871732646999998,-0.33797199450000004,0,-0.035554166666666775,-0.09470416666666681,0,0,154,-1
824,-576459475723,1.0005022380343402,2.1067891164099932,0.06928793290114199,-0.43155811434907,-0.20790217887505802,0.35421385498010205,0,1423322,0.01,0.3506702546999998,-0.18657426449999998,0,0.03444583333333322,-0.07720416666666674,0,0,154,-1
825,-576459475714,1.0011855126667437,2.1024913170520243,0.06733235010678303,-0.4280048731969537,-0.11992801294801703,0.362126607250465,0,1423332,0.01,0.36323686469999983,-0.10758414449999998,0,-0.018054166666666788,-0.11220416666666677,0,0,154,-1
826,-576459475703,0.9996743293327465,2.098903726024654,0.06524938510170744,-0.4235276857947261,-0.13534202287461097,0.29750331125092894,0,1423343,0.011,0.2884356146999998,-0.1375046445,0,-0.18430416666666677,-0.02470416666666675,0,1,155,1
827,-576459475692,1.000383420580727,2.0942620789000244,0.06369541628540464,-0.42037578924164065,-0.17764638667965651,0.21923122134609438,0,1423354,0.011,0.2082486746999998,-0.18358221449999998,0,-0.1493041666666668,0.08029583333333323,0,0,155,-1
828,-576459475682,1.0010731120339813,2.0896509902177254,0.06171140785444631,-0.41799530482530106,-0.1970208119339387,0.19910450329214707,0,1423365,0.011,0.1962804746999998,-0.1997392845,0,0.23569583333333322,0.027795833333333242,0,0,155,-1
829,-576459475672,1.001681229273069,2.0854802057198385,0.05987048960168715,-0.4161233098047775,-0.10599443594024302,0.11528749261853163,0,1423375,0.01,0.1035269246999998,-0.09322230449999998,0,0.043195833333333225,-0.04220416666666682,0,0,155,-1
830,-576459475661,1.0022752633194287,2.0813245438237478,0.058908140644109014,-0.41500041405984284,-0.03654360843783905,0.09395370951488584,0,1423385,0.01,0.09096031469999977,-0.02679879449999998,0,-0.09680416666666679,-0.07720416666666674,0,0,155,-1
831,-576459475651,1.0028629437512933,2.0771784773210293,0.058609195902684326,-0.414179449416233,0.010835647293221923,0.009463395449364448,0,1423395,0.01,-0.0023916453000002104,0.01748354550000002,0,-0.2105541666666668,-0.3047041666666668,0,0,155,-1
832,-576459475641,0.997641026401674,2.068576994828692,0.056886944419963004,-0.41611074801956405,0.0030210654809087354,-0.03189536546960157,0,1423406,0.011,-0.037697835300000225,0.0019248855000000215,0,0.02569583333333321,-0.18220416666666683,0,1,156,2
834,-576459475615,0.9987657905690089,2.0602423609126777,0.054833988343582926,-0.41768963029060097,-0.14416704449480805,-0.12306568619376834,0,1423426,0.01,-0.12446728530000019,-0.13810305450000002,0,0.06944583333333322,-0.1472041666666668,0,0,156,-1
835,-576459475610,0.9993598369011824,2.055640563627947,0.053188982277508234,-0.41900918307730206,-0.18293050009243214,-0.10067984669728057,0,1423437,0.011,-0.09753883530000021,-0.18836949449999998,0,-0.00930416666666678,0.0015458333333331353,0,0,156,-1
836,-576459475600,0.9998825308485193,2.05144607954808,0.0513521680927489,-0.4199182945568223,-0.18822501787708362,-0.03180339690867247,0,1423447,0.01,-0.02213917530000022,-0.1889679045,0,0.09569583333333322,0.0715458333333332,0,0,156,-1
837,-576459475590,1.0003870530409202,2.047245824467112,0.04953388562384192,-0.42015585157472873,-0.14269609764778726,0.02547595061808633,0,1423457,0.01,0.03351295469999979,-0.1363078245,0,-0.05305416666666678,-0.033454166666666785,0,0,156,-1
838,-576459475578,1.0020696267969595,2.042458710199133,0.04851426017289556,-0.4201503782414805,-0.13604426530834163,0.07293177024013953,0,1423467,0.01,0.07959052469999979,-0.13511100450000002,0,-0.11430416666666679,0.15904583333333333,0,1,157,1
839,-576459475569,1.0025945795170217,2.037841701935076,0.04694774292382337,-0.4193135889820138,-0.1819310136258291,0.09556405409711134,0,1423478,0.011,0.09873964469999981,-0.18836949449999998,0,-0.08805416666666678,-0.18220416666666683,0,0,157,-1
840,-576459475559,1.0030547757393957,2.033653189327493,0.04510032945872441,-0.4183815369461233,-0.20174624180688927,0.07893213901645874,0,1423488,0.01,0.0765984746999998,-0.2045265645,0,-0.13180416666666678,0.22904583333333317,0,0,157,-1
841,-576459475549,1.0034957741098143,2.0294735108676565,0.043095662114630576,-0.4175626494444238,-0.19263935400082677,0.09997582422403416,0,1423498,0.01,0.10292851469999978,-0.19136154449999998,0,-0.00930416666666678,0.06279583333333316,0,0,157,-1
842,-576459475538,1.003917344836614,2.0253031613231705,0.041207663542444636,-0.4165194892106411,-0.1652799138586133,0.13090316461044843,0,1423508,0.01,0.1352426546999998,-0.1614410445,0,-0.08805416666666678,0.10654583333333312,0,0,157,-1
843,-576459475527,1.0043219893719482,2.021144541070363,0.0396847663440708,-0.415205854171604,-0.07270127737225011,0.13418391470284027,0,1423518,0.01,0.13464424469999978,-0.05971134449999999,0,-0.13180416666666678,0.04529583333333331,0,0,157,-1
844,-576459475518,1.004755437815898,2.0165850700081744,0.03907703442175679,-0.4137772691274587,0.053091715745698334,0.10310096825340308,0,1423529,0.011,0.09873964469999981,0.07074203550000002,0,-0.12305416666666678,-0.12095416666666681,0,0,157,-1
845,-576459475507,1.0051005947321672,2.011977313541226,0.039716142756872505,-0.41277120834094855,0.10687894412510786,0.03945167980572536,0,1423540,0.011,0.030520904699999796,0.11442596550000002,0,-0.02680416666666678,-0.09470416666666681,0,1,158,2
846,-576459475495,1.0055032486704567,2.007851028691858,0.04080625759057465,-0.4124601005059917,0.12189376025658628,-0.019283578805021205,0,1423550,0.01,-0.02752486530000023,0.12400052550000003,0,0.09569583333333322,-0.015954166666666714,0,0,158,-1
847,-576459475487,1.0059174418824144,2.003725341212987,0.04203074114762707,-0.4126719411347727,0.12584040255365125,-0.03280812363489546,0,1423560,0.01,-0.03470578530000023,0.12639416550000002,0,0.12194583333333321,0.06279583333333316,0,0,158,-1
848,-576459475476,1.0063444423069052,1.999596433060035,0.04335168958932344,-0.4130855780828406,0.17040731411945015,-0.09377211053674747,0,1423570,0.01,-0.10232611530000023,0.17666060550000004,0,-0.035554166666666775,-0.033454166666666785,0,0,158,-1
849,-576459475467,1.0067868023582665,1.9954606703648854,0.04510616538262673,-0.4140573879184145,0.2063282341477417,-0.11806643916671375,0,1423580,0.01,-0.12147523530000019,0.2113683855,0,0.08694583333333321,-0.007204166666666678,0,0,158,-1
850,-576459475457,1.0072483144337672,1.9913142275993123,0.04719037610801889,-0.4152326744690921,0.22124375291094633,-0.11423368791739698,0,1423590,0.01,-0.11369590530000023,0.22333658550000002,0,0.12194583333333321,0.08029583333333323,0,0,158,-1
851,-576459475447,1.007731150712577,1.987155943522226,0.049382562647966526,-0.41641337499987036,0.20681097372844798,-0.14157527144610735,0,1423600,0.01,-0.14541163530000017,0.20478587550000002,0,0.10444583333333322,-0.050954166666666745,0,0,158,-1
852,-576459475437,1.0049762669866324,1.9846158896486112,0.05030412012299592,-0.4169570090086057,0.17354824337984262,-0.1433649782869844,0,1423610,0.01,-0.14361640530000022,0.1688812755,0,0.06944583333333322,-0.015954166666666714,0,1,159,1
853,-576459475425,1.0055394683231043,1.9800204661809502,0.05211880637950914,-0.4185663968904996,0.11173003776175273,-0.16457655724500492,0,1423621,0.011,-0.16755280530000025,0.10305617550000003,0,-0.08805416666666678,-0.033454166666666785,0,0,159,-1
854,-576459475392,1.0060655080562972,1.9758266854984572,0.05312409779111759,-0.4201950247701388,0.03275376741110518,-0.15249282329797786,0,1423631,0.01,-0.15079732530000017,0.021672415500000018,0,0.13069583333333323,-0.033454166666666785,0,0,159,-1
855,-576459475391,1.0065979239825067,1.971617214190488,0.05337973495642743,-0.42170385518750836,-0.01842145500692454,-0.14103518438610102,0,1423641,0.01,-0.13942753530000018,-0.025601974499999982,0,0.1919458333333332,0.0015458333333331353,0,0,159,-1
856,-576459475391,1.0071305123710363,1.9673937170900895,0.053150597580141894,-0.42302164544488075,-0.05043251507522488,-0.07507775244021082,0,1423651,0.01,-0.06582310530000021,-0.054924064499999974,0,-5.54166666666786e-4,-0.02470416666666675,0,0,159,-1
857,-576459475385,1.007659621655584,1.9631596216226548,0.05266578122908338,-0.4237919615252772,-0.036528965271584266,-0.08900250896234453,0,1423661,0.01,-0.09095632530000022,-0.034578124499999974,0,0.1656958333333332,-0.11220416666666677,0,0,159,-1
858,-576459475373,1.0082369779478302,1.9584928365018337,0.05229941056275191,-0.424725549963335,-0.013302303682964301,-0.05922927931454797,0,1423672,0.011,-0.055051725300000194,-0.010043314499999977,0,-0.07930416666666679,0.01029583333333317,0,0,159,-1
859,-576459475363,1.0094116376581286,1.9542421787005106,0.052344725570162606,-0.4251308562985639,-0.012543402219521837,-0.03247549857635993,0,1423683,0.011,-0.028721685300000233,-0.012436954499999979,0,0.06944583333333322,0.11529583333333315,0,1,160,2
860,-576459475352,1.0099860270520167,1.9495637225624018,0.052114573899842066,-0.42549596228058195,-0.0722746573231463,-0.03758001783123033,0,1423694,0.011,-0.03829624530000021,-0.0806556945,0,-0.04430416666666678,-0.12095416666666681,0,0,160,-1
861,-576459475343,1.0105032886384853,1.94530672572034,0.05135082798360886,-0.42589576089824815,-0.10114029667907026,-0.054476209670938254,0,1423704,0.01,-0.05684695530000022,-0.1051905045,0,-0.07055416666666678,0.027795833333333242,0,0,160,-1
862,-576459475332,1.0110112849118278,1.9410448782314875,0.05026880164329903,-0.4264663051646019,-0.1513973110092337,-0.07282333559313368,0,1423714,0.01,-0.0753976653000002,-0.15844899449999997,0,0.1744458333333332,-0.08595416666666678,0,0,160,-1
863,-576459475321,1.0115549461340172,1.9363496707697316,0.048583578291465444,-0.427219541509574,-0.16440340756835106,-0.04149515785052594,0,1423725,0.011,-0.03709942530000021,-0.16622832450000002,0,0.10444583333333322,0.12404583333333319,0,0,160,-1
864,-576459475310,1.0120332754051002,1.9320754854116136,0.047048173627458764,-0.42762158286768825,-0.0878119653900334,-0.03239253620544027,0,1423735,0.01,-0.03111532530000021,-0.07706523449999998,0,-0.11430416666666679,-0.06845416666666682,0,0,160,-1
865,-576459475300,1.0061998374711518,1.9305931943434074,0.044053421996114075,-0.4262049113116525,0.003477232367543504,7.395481843389991e-4,0,1423746,0.011,0.005387684699999775,0.01628672550000002,0,0.13069583333333323,0.13279583333333322,0,1,161,1
866,-576459475288,1.006685326051699,1.9259047049061955,0.04419149958814788,-0.4262374101949273,0.06823782919586953,-0.025621335778967264,0,1423757,0.011,-0.02932009530000022,0.07732454550000002,0,0.01694583333333323,-0.04220416666666682,0,0,161,-1
867,-576459475280,1.0071310461541951,1.9216404835732865,0.04493363634293677,-0.42657946358978704,0.11031696935520818,-0.08606569127828743,0,1423767,0.01,-0.09454678530000021,0.11622119550000003,0,0.07819583333333323,0.08029583333333323,0,0,161,-1
868,-576459475270,1.0075862158079683,1.9173694252086464,0.04608611515872739,-0.4275892081424117,0.14540699846621252,-0.19216132919527734,0,1423777,0.01,-0.20704786530000022,0.1503305655,0,0.008195833333333222,0.14154583333333326,0,0,161,-1
869,-576459475260,1.0080541595499788,1.9130834630243847,0.047510894349393755,-0.42958290408464206,0.12453542636837965,-0.24352485456357478,0,1423787,0.01,-0.2507317953000003,0.12160688550000001,0,-0.035554166666666775,0.027795833333333242,0,0,161,-1
870,-576459475250,1.0085352269714174,1.9087752924868322,0.048714355135595716,-0.4320439566996373,0.09467881851294838,-0.26191487671871916,0,1423797,0.01,-0.2644952253000002,0.09048956550000002,0,-0.16680416666666678,-0.13845416666666677,0,0,161,-1
871,-576459475239,1.009470948361612,1.9047606392838587,0.04970938744055969,-0.4344870359605434,0.02750701704846363,-0.24581047539524978,0,1423807,0.01,-0.24355087530000022,0.018081955500000017,0,-0.08805416666666678,-0.10345416666666674,0,1,162,2
872,-576459475228,1.0100189162589157,1.8999668244898238,0.04993928216897122,-0.437130262818723,-0.020116608212240907,-0.20604495223592934,0,1423818,0.011,-0.20046535530000023,-0.02679879449999998,0,-0.00930416666666678,-0.05970416666666678,0,0,162,-1
873,-576459475218,1.0105167886869106,1.895585743999594,0.04965984329859544,-0.4391108340860051,-0.07530562920104253,-0.14972374096200308,0,1423828,0.01,-0.14182117530000019,-0.08304933449999997,0,0.03444583333333322,0.03654583333333328,0,0,162,-1
874,-576459475208,1.01100880120364,1.8911868468057467,0.048779277122068636,-0.4406551071497353,-0.16606084956357686,-0.18320141211872054,0,1423838,0.01,-0.18789874530000025,-0.1787949345,0,0.05194583333333323,-0.19095416666666676,0,0,162,-1
875,-576459475198,1.011487864828199,1.8867712543706305,0.047052182203877926,-0.4424685993759924,-0.21343766824198626,-0.1700031021596698,0,1423848,0.01,-0.16815121530000024,-0.2200852245,0,-0.1930541666666668,-0.15595416666666684,0,0,162,-1
876,-576459475187,1.01194778027223,1.8823380167970463,0.04492803427660034,-0.4441766604484552,-0.2061478294496505,-0.17572596635412285,0,1423858,0.01,-0.17652895530000023,-0.20512497450000003,0,-0.22805416666666678,-0.1472041666666668,0,0,162,-1
877,-576459475179,1.0123871714796737,1.8778877357470176,0.042931875245687305,-0.445891464731921,-0.1595952147062359,-0.14546829281158652,0,1423868,0.01,-0.1412227653000002,-0.1530633045,0,-0.09680416666666679,-0.1734541666666668,0,0,162,-1
878,-576459475168,1.014888678636463,1.8723552561681145,0.04214553741059338,-0.4478590400191838,-0.09509186560322365,-0.10606048838688745,0,1423878,0.01,-0.1005308853000002,-0.08604138449999997,0,-0.18430416666666677,-0.08595416666666678,0,1,163,1
879,-576459475158,1.0153472084091335,1.867422993897187,0.0411989384347273,-0.44893741411873345,-0.029954303688914316,-0.04820878764831557,0,1423889,0.011,-0.04009147530000021,-0.020814694499999977,0,-0.1930541666666668,-0.10345416666666674,0,0,163,-1
880,-576459475147,1.0157579849122458,1.8629313734367186,0.04094276652350292,-0.44939452060151097,6.261218706380654e-4,-0.030594744400079227,0,1423899,0.01,-0.028123275300000215,0.004916935500000019,0,-0.20180416666666678,-0.10345416666666674,0,0,163,-1
882,-576459475084,1.016618111387892,1.8534930700322947,0.040983674842298666,-0.4492010870013117,0.014435302548464785,0.04531429810201838,0,1423920,0.011,0.046677974699999784,0.01628672550000002,0,-0.2193041666666668,-0.09470416666666681,0,0,163,-1
883,-576459475083,1.0170701003189901,1.8485540912144303,0.04118459986439667,-0.4487752016185072,0.04177299729110597,-0.0017693276518527881,0,1423931,0.011,-0.008375745300000206,0.04560881550000002,0,-0.22805416666666678,-0.050954166666666745,0,0,163,-1
884,-576459475083,1.0174842584350599,1.844065645238511,0.041636171771097436,-0.4488845907410065,0.0656031403668878,-0.066337893349356,0,1423941,0.01,-0.0753976653000002,0.06894680550000001,0,-0.20180416666666678,-0.10345416666666674,0,0,163,-1
885,-576459475082,1.0179037890735076,1.839573405753849,0.042274938252770324,-0.4495598715361465,0.05331683656525365,-0.07480766158965932,0,1423951,0.01,-0.07599607530000017,0.051592915500000024,0,-0.2718041666666668,0.019045833333333206,0,0,163,-1
886,-576459475082,1.0183291198891617,1.835073698513066,0.04279493804812491,-0.4503653819037688,0.0439333809065591,-0.11573291394913637,0,1423961,0.01,-0.12147523530000019,0.04261676550000002,0,-0.4118041666666668,-0.34845416666666684,0,0,163,-1
887,-576459475075,1.0187589914851802,1.8305635667485751,0.04319141648030963,-0.45163065614407827,0.013391246416582077,-0.19266313896842724,0,1423971,0.01,-0.20345740530000023,0.009105805500000022,0,-0.2193041666666668,-0.13845416666666677,0,0,163,-1
888,-576459475065,1.0284706036410198,1.832744605369446,0.04634637906443635,-0.4503364259202727,0.012782219161765316,-0.18953369930522357,0,1423981,0.01,-0.1890955653000002,0.012696265500000017,0,-0.47305416666666683,-0.32220416666666674,0,1,164,2
889,-576459475056,1.0289346947684774,1.8282322535980364,0.046473357092686435,-0.45215464790347737,0.012182064636077619,-0.1345726441591198,0,1423991,0.01,-0.1268609253000002,0.01209785550000002,0,-0.3505541666666668,-0.05970416666666678,0,0,164,-1
890,-576459475045,1.0294000738019002,1.8237043923521299,0.04660096451834196,-0.4534356609418552,0.01630643508578573,-0.08845153930745639,0,1424001,0.01,-0.08198017530000024,0.01688513550000002,0,-0.2630541666666668,-0.15595416666666684,0,0,164,-1
891,-576459475034,1.0244536231663541,1.8215915064410302,0.04499366062320171,-0.45274639012875384,0.09920356605815439,1.3888339722005935e-4,0,1424012,0.011,0.012568604699999776,0.11083550550000001,0,-0.3943041666666668,-0.18220416666666683,0,1,165,1
892,-576459475024,1.0249554101552731,1.8166121459837714,0.04620658193624401,-0.45262453019242715,0.17815004385443473,0.07821064640625432,0,1424023,0.011,0.08916508469999977,0.18922721550000002,0,-0.3943041666666668,-0.12970416666666673,0,0,165,-1
893,-576459475012,1.0254270263149812,1.8120906391283689,0.048085346013041666,-0.4517169937837993,0.24663924911029908,0.16653375522859432,0,1424033,0.01,0.17892658469999978,0.2562491355,0,-0.2455541666666668,0.06279583333333316,0,0,165,-1
894,-576459475000,1.0260230798683185,1.8066827546444302,0.0512183822538219,-0.44961918475848894,0.3516256755465794,0.22673073988133627,0,1424045,0.012,0.2351771246999998,0.3663565755,0,-0.3155541666666668,-0.24345416666666675,0,0,165,-1
895,-576459474987,1.0265536350093676,1.8021978186941212,0.05485171782916323,-0.44736382871051766,0.4332897949707356,0.21839450238764,0,1424055,0.01,0.21722482469999982,0.4447482855,0,-0.3243041666666668,-0.05970416666666678,0,0,165,-1
896,-576459474978,1.0273034015387923,1.7964006892775972,0.060494875500555524,-0.44450601756637503,0.43914013071237823,0.22891384959687489,0,1424068,0.013,0.2303898446999998,0.43996100550000006,0,-0.3680541666666668,-0.02470416666666675,0,0,165,-1
897,-576459474967,1.0273073542711995,1.7910260328512664,0.06504097599118314,-0.4421714368006998,0.40207599300981844,0.2643186629117445,0,1424079,0.011,0.2692864946999998,0.39687548550000007,0,-0.47305416666666683,-0.18220416666666683,0,1,166,2
898,-576459474956,1.028046472690273,1.7861782005179754,0.06937070640634284,-0.43925556717279135,0.3418890073375177,0.2697247706239485,0,1424090,0.011,0.2704833146999998,0.3334440255000001,0,-0.3680541666666668,-0.12095416666666681,0,0,166,-1
899,-576459474946,1.028756271899663,1.7817993698058696,0.07263815295766067,-0.4365223302121135,0.23530026086177114,0.2950545078737068,0,1424100,0.01,0.2986085846999998,0.2203445355,0,-0.33305416666666676,-0.19095416666666676,0,0,166,-1
900,-576459474935,1.0295686103820725,1.777016093234435,0.07509332275577224,-0.4331869505901183,0.14819120785707168,0.35379765179772077,0,1424111,0.011,0.3620400446999998,0.13596872550000003,0,-0.3593041666666668,-0.21720416666666675,0,0,166,-1
901,-576459474926,1.0303265007348652,1.7727021915268537,0.07650643244549885,-0.429606710858808,0.09968870871257145,0.38359126115852477,0,1424121,0.01,0.3877716746999998,0.09288320550000001,0,-0.3155541666666668,-0.02470416666666675,0,0,166,-1
902,-576459474916,1.0310962344274184,1.7684255887302915,0.07745438148097467,-0.4257265693091498,0.06485785675869232,0.4150704793044074,0,1424131,0.01,0.4194874046999998,0.05997065550000002,0,-0.3505541666666668,-0.13845416666666677,0,0,166,-1
903,-576459474902,1.0255030784746493,1.7672065255390432,0.07590118314756333,-0.4192766049438026,0.07893874216068707,0.45882762375955766,0,1424142,0.011,0.4649665646999998,0.08091500550000003,0,-0.30680416666666677,-0.050954166666666745,0,1,167,1
904,-576459474894,1.0262659828039935,1.7630372408011548,0.07668112269108904,-0.4146055222768762,0.07227539578087151,0.5172136849424924,0,1424152,0.01,0.5254059746999998,0.07134044550000002,0,-0.3243041666666668,-0.19095416666666676,0,0,167,-1
905,-576459474884,1.027036452707679,1.7589171491445366,0.07741083510646113,-0.40941739319688447,0.07722803823353332,0.5285961530163729,0,1424162,0.01,0.5301932546999998,0.07792295550000003,0,-0.2630541666666668,-0.2259541666666668,0,0,167,-1
906,-576459474873,1.027814479936125,1.7548498187640245,0.07819207166277115,-0.40406686807924436,0.08360999734836716,0.5746028004853279,0,1424172,0.01,0.5810581046999999,0.08450546550000003,0,-0.2718041666666668,-0.20845416666666683,0,0,167,-1
907,-576459474863,1.0286794180409127,1.7504401197234245,0.07907773987885272,-0.3977063617826478,0.06130508220513519,0.6007301087513116,0,1424183,0.011,0.6043960946999998,0.058175425500000016,0,-0.2980541666666668,-0.12970416666666673,0,0,167,-1
908,-576459474853,1.0294729515669243,1.7464931127834424,0.07964373023037155,-0.39169598965982483,0.02812344187806865,0.6028954503693418,0,1424193,0.01,0.6031992746999998,0.02346764550000002,0,-0.3243041666666668,-0.1997041666666668,0,0,167,-1
909,-576459474843,1.03027072963971,1.7426053413762712,0.07991480437330778,-0.38581559653288333,0.020891865507972833,0.4971568885868327,0,1424203,0.01,0.4823204546999998,0.019877185500000023,0,-0.2893041666666668,-0.3047041666666668,0,0,167,-1
910,-576459474833,1.0353580555109456,1.7419240028812744,0.08150514393171945,-0.3794004070017149,-0.015157805401453379,0.4500359357395693,0,1424213,0.01,0.4434238046999998,-0.020216284499999983,0,-0.3243041666666668,-0.07720416666666674,0,1,168,2
911,-576459474823,1.0362533611377953,1.7377771845024792,0.08128839123424204,-0.3745445562971189,-0.04793182269734464,0.38808624584006157,0,1424224,0.011,0.37939393469999977,-0.05253042449999998,0,-0.22805416666666678,-0.1997041666666668,0,0,168,-1
912,-576459474812,1.0370642221966244,1.7340504909218188,0.08086587278367968,-0.3707630734333246,-0.007883291043684161,0.31801500968026936,0,1424234,0.01,0.30818314469999974,-0.002263984499999973,0,-0.33305416666666676,-0.1997041666666668,0,0,168,-1
913,-576459474802,1.0378724792292573,1.7303581657268732,0.0807858531387586,-0.36767540351985833,-0.008727974865644035,0.2521922111055805,0,1424244,0.01,0.24295645469999982,-0.008846494499999979,0,-0.22805416666666678,0.027795833333333242,0,0,168,-1
914,-576459474793,1.0386795464544203,1.7266935331224127,0.08064319393727186,-0.3652296550368117,-0.04819020354735705,0.19791249344505002,0,1424254,0.01,0.1902963746999998,-0.05372724449999998,0,-0.2980541666666668,-0.19095416666666676,0,0,168,-1
915,-576459474782,1.0394832328868808,1.7230509118520763,0.08010882535023477,-0.36328493736655193,-0.08558211480328666,0.17339109197398683,0,1424264,0.01,0.1699504346999998,-0.09082866449999996,0,-0.1755541666666668,0.019045833333333206,0,0,168,-1
916,-576459474772,1.040280198722916,1.7194268227965646,0.07927747428385656,-0.3615368518579972,-0.06814244661305068,0.18349322932350182,0,1424274,0.01,0.18491068469999983,-0.06569544449999999,0,-0.035554166666666775,-0.09470416666666681,0,0,168,-1
917,-576459474761,1.033872358169435,1.7194455660347796,0.07600135454221979,-0.35726124915450524,-0.007746815586027246,0.28969244107319314,0,1424285,0.011,0.3045926846999998,7.280655000000242e-4,0,-0.1755541666666668,-0.2259541666666668,0,1,169,1
918,-576459474751,1.0347082031459869,1.7155342443360448,0.07595752518998852,-0.3539275060649707,0.019102011497359257,0.3851492749725913,0,1424296,0.011,0.3985430546999998,0.02286923550000002,0,-0.16680416666666678,-0.08595416666666678,0,0,169,-1
919,-576459474741,1.035468858002038,1.712014336868507,0.07616739672308062,-0.3500593329109323,0.03237645601577534,0.3968949855765685,0,1424306,0.01,0.3985430546999998,0.03423902550000003,0,-0.07930416666666679,-0.007204166666666678,0,0,169,-1
920,-576459474730,1.036231994672093,1.7085341381802597,0.07646690926804632,-0.34600502306812764,0.015117860822037588,0.45764009163798025,0,1424316,0.01,0.46616338469999985,0.012696265500000017,0,-0.28055416666666677,0.027795833333333242,0,0,169,-1
921,-576459474721,1.0369967396955493,1.7050975753266246,0.07651200284423552,-0.34133417579443603,-0.060474576414657186,0.5249392207749757,0,1424326,0.01,0.5343821246999998,-0.07108113449999998,0,-0.11430416666666679,0.0015458333333331353,0,0,169,-1
922,-576459474710,1.0377583657301572,1.7017114839298357,0.07583382546707078,-0.33592810425904596,-0.11280775883272187,0.6366013155428649,0,1424336,0.01,0.6522688946999998,-0.12015075449999998,0,-0.13180416666666678,-0.08595416666666678,0,0,169,-1
923,-576459474700,1.0470160958247123,1.7047211320005162,0.07748095155107294,-0.32630040779961056,-0.1921907757437036,0.7978042832538412,0,1424346,0.01,0.8204221046999998,-0.20332974450000002,0,-0.05305416666666678,-0.050954166666666745,0,1,170,2
924,-576459474690,1.0478555709898398,1.7011807680417463,0.07519336657692036,-0.31742621288881373,-0.3058650162915537,0.862245106589729,0,1424357,0.011,0.8712869546999998,-0.3218149245,0,-0.20180416666666678,-0.007204166666666678,0,0,170,-1
925,-576459474680,1.0485916401203568,1.69805065440215,0.07204789378094256,-0.3086458945502102,-0.3670822816259904,0.9735554943987145,0,1424367,0.01,0.9891737246999999,-0.37567182450000003,0,-0.11430416666666679,-0.07720416666666674,0,0,170,-1
926,-576459474670,1.0492932978630558,1.695014814592932,0.06830455397967768,-0.2986087084334308,-0.41869619168127514,1.1882416235716773,0,1424377,0.01,1.2183647546999998,-0.4259382645,0,-0.035554166666666775,0.01029583333333317,0,0,170,-1
927,-576459474656,1.0500194095681865,1.6918026953380767,0.06371243135541396,-0.2854376517900973,-0.40982860682406447,1.2540164757671033,0,1424388,0.011,1.2632455046999997,-0.40858437449999996,0,-0.1755541666666668,0.0015458333333331353,0,0,170,-1
928,-576459474649,1.050637006091968,1.689010562086612,0.059760828979246644,-0.2729671355730371,-0.3064059132986148,1.2049091785903516,0,1424398,0.01,1.1980188147,-0.29189442449999997,0,-0.2193041666666668,-0.02470416666666675,0,0,170,-1
930,-576459474616,1.0517770150601338,1.6837848488844749,0.05458038190757428,-0.2500161499109827,-0.18184016597939,1.010214927282217,0,1424418,0.01,0.9951578246999999,-0.1752044745,0,-0.10555416666666678,0.08904583333333327,0,0,170,-1
931,-576459474616,1.0523131661374,1.6813338581471953,0.05267442093156707,-0.24012324108136265,-0.2442420192250313,0.8610932576050488,0,1424428,0.01,0.8401696346999998,-0.2529977745,0,-0.15805416666666677,0.01029583333333317,0,0,170,-1
932,-576459474608,1.0451343700953712,1.68334889103772,0.047354975777073226,-0.22929794268895015,-0.2923287546983301,0.8112582574757476,0,1424438,0.01,0.8042650346999998,-0.29907534450000006,0,-0.061804166666666785,0.11529583333333315,0,1,171,1
933,-576459474598,1.0456382631080203,1.6808752085604057,0.04423924886659065,-0.2204459287907352,-0.22687549062423518,0.7641929079643814,0,1424449,0.011,0.7575890546999998,-0.2176915845,0,-0.1930541666666668,-0.02470416666666675,0,0,171,-1
934,-576459474588,1.046069835568828,1.6787085682391387,0.042050389202124304,-0.21286356779803223,-0.1705421342679463,0.7221920121860483,0,1424459,0.01,0.7162987646999998,-0.1626378645,0,-0.13180416666666678,-0.19095416666666676,0,0,171,-1
935,-576459474576,1.0465227899517786,1.6764094168037327,0.040278837157659966,-0.2051149920171062,-0.10221152754512787,0.5942260403631374,0,1424470,0.011,0.5762708246999998,-0.09262389449999998,0,-0.2980541666666668,-0.21720416666666675,0,0,171,-1
936,-576459474566,1.0512396405463635,1.6776631620156939,0.040812064331217514,-0.1977514777042399,-0.05601940346066207,0.48874371056433275,0,1424480,0.01,0.4739427146999998,-0.04953837449999998,0,-0.16680416666666678,0.03654583333333328,0,1,172,2
937,-576459474556,1.0516858427322306,1.6755173154768868,0.04029194119673411,-0.1923967354415376,0.006864870592275196,0.47471438357353146,0,1424491,0.011,0.4727458946999998,0.01568831550000002,0,-0.20180416666666678,-0.09470416666666681,0,0,172,-1
938,-576459474546,1.0520892560762207,1.6736168378869634,0.04038347627238796,-0.18768702681484853,0.02299904972129865,0.44832358202921174,0,1424501,0.01,0.4446206246999998,0.025262875500000025,0,-0.018054166666666788,0.054045833333333126,0,0,172,-1
939,-576459474536,1.0524941590522225,1.6717625110580818,0.04060077237049571,-0.1831840219617233,0.01396399581258313,0.4623939125252339,0,1424511,0.01,0.4643681546999998,0.012696265500000017,0,-0.15805416666666677,0.06279583333333316,0,0,172,-1
940,-576459474526,1.0529008172408783,1.6699527252544804,0.04073296057100221,-0.17872630017756996,0.008654038482901128,0.34395124276823036,0,1424521,0.01,0.32733226469999976,0.007908985500000024,0,-0.2718041666666668,-0.05970416666666678,0,0,172,-1
941,-576459474516,1.0533086821365978,1.668182288360139,0.04083552005123754,-0.17534479085640128,0.0200705386858575,0.30261354698702353,0,1424531,0.01,0.2968133546999998,0.021672415500000018,0,0.06069583333333321,0.11529583333333315,0,0,172,-1
942,-576459474505,1.0537183128055532,1.666443741547249,0.04107869463288856,-0.17235450923818507,0.05033805668837349,0.2770607408609863,0,1424541,0.01,0.2734753646999998,0.05458496550000002,0,-0.2193041666666668,0.0715458333333332,0,0,172,-1
943,-576459474494,1.0484196467743319,1.6679281090025806,0.03956785710159949,-0.16764918539118234,0.08974678640568481,0.21776596800839193,0,1424552,0.011,0.2094454946999998,0.09527684550000003,0,-0.061804166666666785,-0.02470416666666675,0,1,173,1
944,-576459474484,1.0488605356833123,1.6660969416479026,0.040586001606200996,-0.1652827996144383,0.1098149261696553,0.1989242077495619,0,1424563,0.011,0.1962804746999998,0.11263073550000002,0,0.05194583333333323,0.019045833333333206,0,0,173,-1
945,-576459474474,1.049271991846438,1.6644531876171424,0.04170032638064542,-0.1634257779646383,0.12120547060282454,0.10581931751163791,0,1424573,0.01,0.09275554469999979,0.12280370550000003,0,0.07819583333333323,0.0715458333333332,0,0,173,-1
946,-576459474463,1.0496949730973495,1.6628244068743512,0.04289960210955774,-0.1623387004365418,0.11211150224213336,0.12637441864034288,0,1424583,0.01,0.1292585546999998,0.11083550550000001,0,-0.061804166666666785,0.13279583333333322,0,0,173,-1
947,-576459474452,1.0501729865470808,1.6610468418205562,0.0440357973951758,-0.16087342898243073,0.048544022634937525,0.17560884325123893,0,1424594,0.011,0.1825170446999998,0.039624715500000025,0,-0.08805416666666678,0.03654583333333328,0,0,173,-1
948,-576459474442,1.0506153418930717,1.6594474333924945,0.04445581082441573,-0.15903431930029263,0.0024134745152759665,0.23414473224001656,0,1424604,0.01,0.2423580446999998,-0.004059214499999982,0,-0.05305416666666678,0.12404583333333319,0,0,173,-1
949,-576459474432,1.0530796163441611,1.6594367843675277,0.04519416989024681,-0.15593092446531515,0.006708124151501247,0.2408228506842006,0,1424614,0.01,0.2417596346999998,0.007310575500000022,0,-0.02680416666666678,-0.07720416666666674,0,1,174,2
950,-576459474421,1.053577065888432,1.657735480043995,0.045253548596320074,-0.15337513713653925,-0.0027343219950547223,0.17972065225740258,0,1424625,0.011,0.1711472546999998,-0.004059214499999982,0,0.03444583333333322,0.17654583333333318,0,0,174,-1
951,-576459474412,1.054029727993692,1.6562102977561606,0.045266237751966,-0.15164143831786348,0.02549133513617114,0.13494300492651873,0,1424635,0.01,0.12866014469999978,0.029451745500000022,0,0.1481958333333332,0.11529583333333315,0,0,174,-1
952,-576459474401,1.054483648834321,1.654700960339312,0.04551865767587637,-0.15024076489328214,0.023716655150200282,0.17141541275748354,0,1424645,0.01,0.17653294469999978,0.02346764550000002,0,-0.13180416666666678,0.027795833333333242,0,0,174,-1
953,-576459474392,1.0549398682393496,1.6532074611715197,0.045731951433889514,-0.1484739165139587,0.006705413979537299,0.20896421171028318,0,1424655,0.01,0.21423277469999982,0.004318525500000016,0,0.02569583333333321,-0.007204166666666678,0,0,174,-1
954,-576459474381,1.0553973816108013,1.651733155147479,0.04577692360689885,-0.1463866275488111,-0.009031982286503294,0.20728716516543744,0,1424665,0.01,0.20705185469999982,-0.011240134499999974,0,-0.018054166666666788,0.0977958333333333,0,0,174,-1
955,-576459474371,1.0558545592618251,1.6502800049944466,0.045664742137932625,-0.14425882073008475,-0.024612635310675268,0.2464391016040544,0,1424675,0.01,0.2519326046999998,-0.02679879449999998,0,-0.10555416666666678,0.04529583333333331,0,0,174,-1
956,-576459474361,1.0462719579598971,1.6547819424052286,0.041564068552193544,-0.13837774586703136,-0.0622154721710829,0.26647624638702266,0,1424686,0.011,0.2692864946999998,-0.06749067449999999,0,-0.1493041666666668,0.2552958333333333,0,1,175,1
957,-576459474348,1.0467253688097202,1.6532750851244,0.04087660924236946,-0.13556484178915942,-0.06421768865270008,0.18969933870456185,0,1424697,0.011,0.17892658469999978,-0.06449862449999998,0,-0.061804166666666785,0.12404583333333319,0,0,175,-1
958,-576459474339,1.0471308492722426,1.6519298164499672,0.040222904232809116,-0.1335322148943487,-0.07233571460291281,0.2852075904150193,0,1424707,0.01,0.2986085846999998,-0.07347477449999998,0,-0.00930416666666678,0.027795833333333242,0,0,175,-1
959,-576459474330,1.0475294147184173,1.650610029715439,0.039492244098462186,-0.1304822182040942,-0.07753283407095546,0.4260548274886531,0,1424717,0.01,0.4458174446999998,-0.07826205449999998,0,0.043195833333333225,0.13279583333333322,0,0,175,-1
960,-576459474319,1.047920450057315,1.649327057978146,0.03871528184863971,-0.12613622168527192,-0.07869710309179655,0.4869422174404593,0,1424727,0.01,0.49548547469999976,-0.07886046449999998,0,-5.54166666666786e-4,0.10654583333333312,0,0,175,-1
961,-576459474309,1.0483035346941085,1.6480898885591355,0.03790749216138483,-0.12129089520288408,-0.09353412587250452,0.46976971950679836,0,1424737,0.01,0.46736020469999984,-0.0956159445,0,-0.2193041666666668,0.01029583333333317,0,0,175,-1
962,-576459474299,1.0550397992259164,1.65198011182181,0.03926660229632962,-0.11428876329657668,-0.07384351421896698,0.37214790814894183,0,1424747,0.01,0.3584495846999998,-0.07108113449999998,0,-0.22805416666666678,0.04529583333333331,0,1,176,2
963,-576459474289,1.0554673405117982,1.6507440517226815,0.03846363149342002,-0.1104008757842916,-0.06774759736816353,0.23733725428960573,0,1424758,0.011,0.21842164469999978,-0.06689226449999998,0,-0.15805416666666677,-0.06845416666666682,0,0,176,-1
964,-576459474279,1.0558486413996615,1.6496511156289342,0.03779391814090878,-0.10814852896927303,-0.06227451583522953,0.1520033426672321,0,1424768,0.01,0.14002993469999978,-0.06150657449999999,0,-0.16680416666666678,0.027795833333333242,0,0,176,-1
965,-576459474269,1.056223757780288,1.6485765898168714,0.03721635751493593,-0.10672803815032172,-0.030114433587905415,0.08115384889251512,0,1424778,0.01,0.07121278469999978,-0.025601974499999982,0,-0.2543041666666668,0.03654583333333328,0,0,176,-1
966,-576459474258,1.0565945597891995,1.647512878100182,0.03693770485344,-0.10599280484528326,-0.01408734425048377,0.026780386934624686,0,1424788,0.01,0.01915111469999979,-0.011838544499999977,0,-0.2368041666666668,0.0015458333333331353,0,0,176,-1
967,-576459474248,1.0569632171835486,1.6464538564223787,0.036794444158264224,-0.10579255983596761,-0.015788693993870388,-0.021367525068643284,0,1424798,0.01,-0.028123275300000215,-0.01602741449999998,0,-0.2193041666666668,-0.033454166666666785,0,0,176,-1
968,-576459474237,1.0573669438305695,1.6452887287874183,0.03661244000554578,-0.1060446534140011,-0.021245812917210748,-0.03253977046919415,0,1424809,0.011,-0.03410737530000021,-0.022011514499999982,0,-0.16680416666666678,0.16779583333333314,0,0,176,-1
969,-576459474226,1.0493382476477566,1.6493616582785842,0.033189797786929535,-0.10373937785373039,-0.01771980925334469,-0.05333030632849811,0,1424820,0.011,-0.05624854530000023,-0.017224234499999984,0,-0.13180416666666678,0.11529583333333315,0,1,177,1
970,-576459474216,1.049669311446181,1.6483215158526454,0.0,0.0,0.0,0.0,1,1424830,0.01,-0.0634294653000002,-0.011240134499999974,0,-0.1755541666666668,0.14154583333333326,0,0,177,-1
971,-576459474207,1.0496691504353477,1.6483210600705527,0.0,0.0,0.0,0.0,1,1424840,0.01,-0.0574453653000002,-0.020216284499999983,0,-0.2368041666666668,0.16779583333333314,0,0,177,-1
972,-576459474196,1.0496691230522481,1.6483206022372958,0.0,0.0,0.0,0.0,1,1424850,0.01,-0.05804377530000019,-0.003460804499999987,0,-0.07055416666666678,0.0015458333333331353,0,0,177,-1
973,-576459474186,1.0496691626166825,1.6483199331784113,5.779943838259408e-6,-9.770916687971385e-5,0.003787142374388646,-0.06402107333036948,0,1424861,0.011,-0.07300402530000018,0.004318525500000016,0,-0.28055416666666677,0.03654583333333328,0,0,177,-1
974,-576459474175,1.0496694190035745,1.648315769644369,4.5056552950779223e-5,-7.35695534657373e-4,0.004777917448032604,-0.06245270663267236,0,1424871,0.01,-0.06223264530000023,0.004916935500000019,0,-0.16680416666666678,-0.033454166666666785,0,0,177,-1
975,-576459474163,1.0496701570275628,1.6483052206089253,1.0038006840464749e-4,-0.0013710110453666099,0.010147602040143911,-0.07013138177907162,0,1424881,0.01,-0.07120879530000022,0.010901035500000022,0,-0.18430416666666677,0.11529583333333315,0,0,177,-1
976,-576459474154,1.058613796044062,1.6556452176292846,0.003470240482166976,0.0013923331735496182,0.022354096820230877,-0.07317420349146941,0,1424892,0.011,-0.07360243530000016,0.02406605550000002,0,-0.2105541666666668,0.2027958333333333,0,1,178,2
977,-576459474144,1.0586496108912644,1.6556554594467465,0.0036929337026041123,6.570814838106867e-4,0.02175629458109549,-0.0756488514473884,0,1424902,0.01,-0.07599607530000017,0.021672415500000018,0,-0.2893041666666668,-0.09470416666666681,0,0,178,-1
978,-576459474134,1.0586875704089855,1.6556582925133223,0.0039015456087723856,-9.246178339343838e-5,0.015385409786867386,-0.07070557798125873,0,1424912,0.01,-0.07001197530000018,0.014491495500000022,0,-0.20180416666666678,-0.04220416666666682,0,0,178,-1
979,-576459474125,1.0587272914587664,1.6556538050582326,0.004045462214899645,-8.038190963231736e-4,0.008304162473644018,-0.07377076191327943,0,1424922,0.01,-0.07420084530000022,0.007310575500000022,0,0.05194583333333323,-0.13845416666666677,0,0,178,-1
980,-576459474114,1.0587681581746702,1.6556420938020624,0.0041280175749315575,-0.0015391105625051963,0.007957610980021988,-0.07204881574098966,0,1424932,0.01,-0.0718072053000002,0.007908985500000024,0,-0.07055416666666678,0.0015458333333331353,0,0,178,-1
981,-576459474104,1.0588098405628095,1.655623078584806,0.004208270181718787,-0.002262983071316317,0.008439745970863588,-0.07446082099651578,0,1424942,0.01,-0.0747992553000002,0.00850739550000002,0,-0.061804166666666785,-0.02470416666666675,0,0,178,-1
982,-576459474094,1.0519567099473868,1.660039886201994,0.0016227222121745787,-7.218631629828474e-4,-0.00986863894226487,-0.06531096557445647,0,1424952,0.01,-0.06402787530000019,-0.012436954499999979,0,-0.30680416666666677,-0.13845416666666677,0,1,179,1
983,-576459474083,1.0519739182996695,1.6600280658695512,0.001507526554996106,-0.0014297569249129497,-0.014220039009833232,-0.05841320658256226,0,1424963,0.011,-0.0574453653000002,-0.014830594499999983,0,-0.15805416666666677,-0.15595416666666684,0,0,179,-1
984,-576459474071,1.0519881946384348,1.6600109238785754,0.00135191420853566,-0.0020022654698874415,-0.023676680247475483,-0.05021757432602401,0,1424973,0.01,-0.049067625300000195,-0.02500356449999998,0,-0.30680416666666677,-0.05970416666666678,0,0,179,-1
985,-576459474064,1.0520004482311631,1.6599883140389131,0.0011024529616435626,-0.0025162958477799135,-0.032711953421736696,-0.05865511370000723,0,1424983,0.01,-0.05983900530000021,-0.03397971449999997,0,-0.15805416666666677,0.08029583333333323,0,0,179,-1
986,-576459474053,1.0520099121206088,1.6599602561856743,7.870292892047124e-4,-0.003096939490352748,-0.024377729638977816,-0.05444555823077061,0,1424993,0.01,-0.05385490530000022,-0.02320833449999999,0,-0.2543041666666668,-0.05970416666666678,0,0,179,-1
987,-576459474043,1.0520166104664128,1.659926536158436,5.505816711072501e-4,-0.0036458226724273234,-0.01915400760021939,-0.0576010242191335,0,1425003,0.01,-0.05804377530000019,-0.01842105449999998,0,-0.2630541666666668,0.17654583333333318,0,0,179,-1
988,-576459474033,1.052021183217355,1.6598871708174947,3.6288879462191174e-4,-0.004226059356831947,-0.016412133500526786,-0.06061318212371137,0,1425013,0.01,-0.061035825300000186,-0.01602741449999998,0,-0.30680416666666677,0.03654583333333328,0,0,179,-1
989,-576459474023,1.0548833861958962,1.6622558971317583,0.001276394800803675,-0.0036696490170530947,0.0028174161729364144,-0.05993394629876724,0,1425023,0.01,-0.05983900530000021,0.005515345500000013,0,-0.12305416666666678,-0.02470416666666675,0,1,180,2
990,-576459474012,1.0548977209662784,1.662211769238813,0.0013254136379371609,-0.00434881763976316,0.014629362659367918,-0.07297011839660886,0,1425034,0.011,-0.0747992553000002,0.01628672550000002,0,-0.12305416666666678,0.08904583333333327,0,0,180,-1
991,-576459474002,1.0549133825907777,1.6621593869401392,0.0015144598785482946,-0.005170138215017851,0.03287566289025641,-0.0850697295348433,0,1425045,0.011,-0.08676745530000025,0.03543584550000002,0,-0.1493041666666668,-0.12095416666666681,0,0,180,-1
992,-576459473991,1.0549302166242018,1.6621034525513636,0.0018501311717078078,-0.006017733079704829,0.037744707981879094,-0.08288511400056241,0,1425055,0.01,-0.08257858530000022,0.03842789550000002,0,-0.1493041666666668,0.04529583333333331,0,0,180,-1
993,-576459473982,1.0549506723609718,1.6620390668828882,0.002238006682488366,-0.006856530440409729,0.04516593513148881,-0.08996318412536433,0,1425065,0.01,-0.09095632530000022,0.04620722550000002,0,-0.11430416666666679,0.08904583333333327,0,0,180,-1
994,-576459473972,1.0549756399410615,1.6619658445248178,0.0027410270166864812,-0.00778095134811335,0.08176394941209658,-0.10762699340713577,0,1425075,0.01,-0.11010544530000026,0.08689910550000002,0,-0.20180416666666678,0.0015458333333331353,0,0,180,-1
995,-576459473958,1.0508077932047009,1.664648711970934,0.0019399157231197448,-0.007428046355991551,0.0883660335579318,-0.09300720094462683,0,1425085,0.01,-0.09095632530000022,0.08929274550000003,0,-0.2893041666666668,-0.033454166666666785,0,1,181,1
996,-576459473950,1.0508348393198186,1.6645611895986219,0.002965239474371685,-0.008478813645272188,0.12328923628100548,-0.111150215020896,0,1425096,0.011,-0.11369590530000023,0.12818939550000003,0,-0.1493041666666668,0.04529583333333331,0,0,181,-1
997,-576459473940,1.0508709842976705,1.6644707989430934,0.004248138411176868,-0.009597203250985833,0.1585483007109179,-0.11600655102478255,0,1425106,0.01,-0.11668795530000023,0.1634955855,0,-0.13180416666666678,0.18529583333333322,0,0,181,-1
998,-576459473930,1.0509219163531482,1.664368954782312,0.005914922123140368,-0.010768430575689233,0.21641411311036007,-0.1239509915891319,0,1425116,0.01,-0.12506569530000025,0.22453340550000003,0,-0.2630541666666668,-0.033454166666666785,0,0,181,-1
999,-576459473920,1.0509926913237195,1.6642551443790423,0.008204677786599793,-0.011996792710354103,0.30592437386379256,-0.1160073209770059,0,1425126,0.01,-0.1148927253000002,0.31848377550000007,0,-0.11430416666666679,0.0015458333333331353,0,0,181,-1
1000,-576459473911,1.0510908830639798,1.6641294508878917,0.011396454297603146,-0.013145185617212512,0.4003779546488206,-0.10768299206559637,0,1425136,0.01,-0.1065149853000002,0.41363096550000006,0,0.03444583333333322,0.0977958333333333,0,0,181,-1
1001,-576459473899,1.0512260694997642,1.6639924354887163,0.015588106131594328,-0.014250031511946207,0.5342733132120212,-0.12764979481221767,0,1425146,0.01,-0.13045138530000017,0.5530604955000001,0,-0.2455541666666668,0.01029583333333317,0,0,181,-1
1002,-576459473889,1.0586246870764628,1.6700282186617326,0.02427437889715065,-0.012659390460582263,0.6189703862471786,-0.12118448853462743,0,1425157,0.011,-0.12027841530000022,0.6308537955000002,0,-0.2455541666666668,0.12404583333333319,0,1,182,2
1003,-576459473878,1.0589305542682117,1.6698816858821781,0.03128433791537838,-0.013983919061808637,0.7495655601240648,-0.11566691010308285,0,1425168,0.011,-0.1148927253000002,0.7678896855000001,0,-0.3155541666666668,-0.07720416666666674,0,0,182,-1
1004,-576459473869,1.0592815823023913,1.6697359266726057,0.03888702730478285,-0.015161236435652753,0.8249347778809024,-0.13020652648513742,0,1425178,0.01,-0.1322466153000002,0.8355100155000003,0,-0.13180416666666678,0.0015458333333331353,0,0,182,-1
1005,-576459473856,1.059712581345337,1.6695780014775954,0.04727329449585035,-0.016432631617260225,0.9223713358852121,-0.10838061222960686,0,1425188,0.01,-0.10531816530000022,0.9360428955000001,0,-0.2630541666666668,-0.007204166666666678,0,0,182,-1
1006,-576459473848,1.060288829346498,1.6693910155012388,0.05748333902492583,-0.01757666201006335,0.964272948653701,-0.0768322433961672,0,1425199,0.011,-0.07240561530000018,0.9701522655000001,0,-0.1755541666666668,0.21154583333333332,0,0,182,-1
1007,-576459473837,1.0609127947963357,1.6692110278126244,0.0672658646571402,-0.018402743326148,1.0628391788429132,-0.11755636508151289,0,1425209,0.01,-0.12327046530000021,1.0766692455000002,0,-0.07930416666666679,-0.05970416666666678,0,0,182,-1
1008,-576459473826,1.0616384915157997,1.6690209870651325,0.0778781177871663,-0.0195993562210776,1.0513525168806455,-0.13253812785351385,0,1425219,0.01,-0.1346402553000002,1.0497407955,0,-0.22805416666666678,0.04529583333333331,0,0,182,-1
1009,-576459473816,1.0589360279265772,1.6712563467634962,0.08792961757571116,-0.019762094317270617,0.9895894160270007,-0.1002706610273831,0,1425230,0.011,-0.09574360530000026,0.9809236455000001,0,-0.10555416666666678,0.03654583333333328,0,1,183,1
1010,-576459473807,1.0598637731513325,1.6710541166587434,0.09766662539237808,-0.02070186470974407,0.8775592759821554,-0.05589280047487751,0,1425240,0.01,-0.04966603530000018,0.8618400555000002,0,-0.3243041666666668,-0.04220416666666682,0,0,183,-1
1011,-576459473796,1.0608833776382258,1.6708444847834405,0.10629603400220337,-0.021232476486296812,0.7735125796454823,-0.035738459702695666,0,1425250,0.01,-0.03291055530000024,0.7589135355000002,0,-0.1493041666666668,0.027795833333333242,0,0,183,-1
1012,-576459473786,1.061985318466007,1.6706302585658719,0.11407873698564842,-0.021607737828838073,0.8074150830731053,-0.04847706124280723,0,1425260,0.01,-0.05026444530000024,0.8121720255000001,0,-0.16680416666666678,0.04529583333333331,0,0,183,-1
1013,-576459473776,1.0631668252948707,1.6704116489438185,0.12220733982694768,-0.022109434661296636,0.8462219937981761,-0.06054005711198997,0,1425270,0.01,-0.06223264530000023,0.8516670855,0,-0.12305416666666678,0.16779583333333314,0,0,183,-1
1014,-576459473767,1.0644307623447717,1.6701873398063682,0.13059968155674273,-0.022744162113473448,0.7964202490169048,-0.08144113447618424,0,1425280,0.01,-0.08437381530000025,0.7894324455000001,0,-0.1755541666666668,-0.06845416666666682,0,0,183,-1
1015,-576459473753,1.067489053167134,1.671437143761096,0.1390921356060265,-0.022857708958363723,0.7121005855647461,-0.09031008681080112,0,1425290,0.01,-0.09155473530000022,0.7002693555000001,0,-0.3943041666666668,0.0977958333333333,0,1,184,2
1016,-576459473745,1.0690619399890082,1.671180561381789,0.14689499054344105,-0.023804732398519615,0.6922791668078019,-0.05991495054016664,0,1425301,0.011,-0.055650135300000174,0.6894979755000001,0,-0.28055416666666677,0.12404583333333319,0,0,184,-1
1017,-576459473735,1.070565837472712,1.6709397824568732,0.15386865483669668,-0.02436359692230177,0.7281489318305547,-0.03151037950704667,0,1425311,0.01,-0.02752486530000023,0.7331819055,0,-0.07930416666666679,0.0715458333333332,0,0,184,-1
1018,-576459473725,1.0721415836112902,1.6706942181480855,0.1612514577036341,-0.024733511869861117,0.8002588746473813,-0.07052222824839516,0,1425321,0.01,-0.07599607530000017,0.8103767955,0,-0.061804166666666785,0.019045833333333206,0,0,184,-1
1019,-576459473716,1.0737946062752792,1.6704433656574482,0.16933130573585117,-0.02543736975137726,0.8553122087560622,-0.06954998333962219,0,1425331,0.01,-0.06941356530000019,0.8630368755000001,0,-0.2543041666666668,-0.18220416666666683,0,0,184,-1
1020,-576459473706,1.0755308212634422,1.670185557975607,0.17790571449158438,-0.026126074640597106,0.8704828114643535,-0.06470735606954943,0,1425341,0.01,-0.06402787530000019,0.8726114355000002,0,-0.4293041666666668,0.04529583333333331,0,0,184,-1
1021,-576459473695,1.0773528299566806,1.669921533991149,0.18652112064342594,-0.026699415497810935,0.806752359659056,-0.012158537410848852,0,1425351,0.01,-0.004785285300000222,0.7978101855000002,0,-0.4118041666666668,0.22904583333333317,0,0,184,-1
1022,-576459473684,1.070918734737212,1.6755824249890017,0.1919022198651825,-0.023781658609970634,0.7270152639604085,0.01844820526485901,0,1425362,0.011,0.02274157469999981,0.7158280155000002,0,-0.5430541666666667,0.0015458333333331353,0,1,185,1
1023,-576459473674,1.0730738167282878,1.6753222261000607,0.19992390044452069,-0.023538145336042062,0.7429186612768024,0.04477870803755912,0,1425373,0.011,0.04847320469999978,0.7451501055000002,0,-0.4380541666666668,0.06279583333333316,0,0,185,-1
1024,-576459473664,1.0751106482139097,1.6750894731465735,0.20742070291162132,-0.023031353901815405,0.7905311515844766,0.08632734477599974,0,1425383,0.01,0.09215713469999977,0.7972117755,0,-0.3155541666666668,0.0715458333333332,0,0,185,-1
1025,-576459473651,1.077225237777506,1.6748640686495988,0.21545887194316599,-0.02207609240531981,0.885077095021286,0.15178917643697365,0,1425393,0.01,0.16097428469999978,0.8983430655000002,0,-0.4205541666666668,-0.04220416666666682,0,0,185,-1
1026,-576459473643,1.0794240717283097,1.6746518995894422,0.22430829421590373,-0.020401813378730024,0.8841160693422984,0.26322519661632887,0,1425403,0.01,0.2788610546999998,0.8839812255000001,0,-0.4118041666666668,0.17654583333333318,0,0,185,-1
1027,-576459473634,1.0817111896473544,1.6744611140586687,0.233122780589903,-0.017758421256196227,0.8651058372419257,0.2711645541951507,0,1425413,0.01,0.2722785446999998,0.8624384655,0,-0.4030541666666668,0.10654583333333312,0,0,185,-1
1028,-576459473623,1.0896047750085651,1.6790506973438202,0.24376954443367088,-0.01277734221908381,0.7851000310586354,0.25692356383704956,0,1425423,0.01,0.2549246546999998,0.7738737855000001,0,-0.2980541666666668,-0.02470416666666675,0,1,186,2
1029,-576459473613,1.0920808730763318,1.6789353474659272,0.2514859769036185,-0.010275359198716368,0.6891916788550062,0.2089902185548219,0,1425433,0.01,0.20226457469999978,0.6757345455000001,0,-0.5255541666666668,0.15904583333333333,0,0,186,-1
1030,-576459473604,1.0946305055982914,1.6788432021969646,0.25842686804988907,-0.008160598167542419,0.7240955839745683,0.22670712290885642,0,1425443,0.01,0.2291930246999998,0.7289930355000002,0,-0.3593041666666668,-0.033454166666666785,0,0,186,-1
1031,-576459473593,1.0972509941630562,1.6787723005954702,0.2656701684707412,-0.005992081281284788,0.7257665308885526,0.15646788273121184,0,1425453,0.01,0.1466124446999998,0.7260009855,0,-0.3593041666666668,0.019045833333333206,0,0,186,-1
1032,-576459473582,1.0999435098375303,1.6787199180850467,0.2728537531804011,-0.0044719277220810014,0.6729696358140268,0.12473493193828214,0,1425463,0.01,0.12028240469999979,0.6655615755000002,0,-0.4818041666666668,0.10654583333333312,0,0,186,-1
1033,-576459473574,1.102704274909319,1.6786814853414678,0.2793615354243962,-0.0032168032209723644,0.5148124969818465,0.13027626660249184,0,1425473,0.01,0.1310537846999998,0.49262108550000006,0,-0.4643041666666668,0.054045833333333126,0,0,186,-1
1034,-576459473563,1.1055230552875988,1.6786550263036721,0.2844197665994,-0.0020397321963488016,0.4507456149934648,0.040696428853141356,0,1425483,0.01,0.028127264699999783,0.4417562355,0,-0.4205541666666668,0.03654583333333328,0,0,186,-1
1035,-576459473553,1.104367875997059,1.6815597749332378,0.28748846303174225,-1.5122010940564782e-4,0.5667094746508855,0.04961582222769691,0,1425493,0.01,0.05086684469999979,0.5829809955,0,-0.33305416666666676,0.14154583333333326,0,1,187,1
1036,-576459473543,1.1072708305900771,1.681560789403079,0.29311372885468345,3.5236723644090274e-4,0.5368975402695464,0.054911127572566346,0,1425503,0.01,0.05565412469999978,0.5327145555,0,-0.2368041666666668,0.08029583333333323,0,0,187,-1
1038,-576459473469,1.1135405161565504,1.6815719034233445,0.30376623888776566,2.2757928809697694e-4,0.41596368668835476,-0.15886704025022652,0,1425524,0.01,-0.17533213530000022,0.40525322550000004,0,-0.4030541666666668,-0.05970416666666678,0,0,187,-1
1039,-576459473469,1.1165988300903475,1.6815662998628604,0.3079030943492697,-0.0013511483608603862,0.3997490153374467,-0.15179028235282852,0,1425534,0.01,-0.15079732530000017,0.3974738955,0,-0.4380541666666668,-0.09470416666666681,0,0,187,-1
1040,-576459473468,1.1200098896570037,1.6815425374543091,0.31229168094263626,-0.0029794612930151274,0.394080402330296,-0.12468064431928924,0,1425545,0.011,-0.1208768253000002,0.3932850255,0,-0.3243041666666668,0.03654583333333328,0,0,187,-1
1041,-576459473468,1.123469272451743,1.6815029984886423,0.31667402189392335,-0.004239846115255585,0.4248695285720777,-0.052599057459552054,0,1425556,0.011,-0.042485115300000216,0.42918962550000006,0,-0.3593041666666668,-0.05970416666666678,0,0,187,-1
1042,-576459473467,1.12665717848849,1.6814585305960383,0.32091095656623564,-0.004680951404212085,0.4165881726248381,0.007173782632643955,0,1425566,0.01,0.015560654699999774,0.41542619550000004,0,-0.3418041666666668,-0.12095416666666681,0,0,187,-1
1043,-576459473467,1.1298865998623366,1.6814119705668158,0.3249965018120867,-0.004626163118894356,0.3594180096349148,-0.004888085366209516,0,1425576,0.01,-0.006580515300000213,0.35139632550000005,0,-0.3418041666666668,0.0715458333333332,0,0,187,-1
1044,-576459473461,1.133014082569392,1.6812484161254282,0.32843838401228814,-0.0046996621248393345,0.2894100947428636,0.017767471300256323,0,1425586,0.01,0.020946344699999817,0.27958712550000003,0,-0.4643041666666668,-0.015954166666666714,0,1,188,2
1045,-576459473451,1.1363134978526548,1.6812017826458072,0.33141980492778345,-0.004604227389942919,0.351640742484301,-0.04084374366908669,0,1425596,0.01,-0.049067625300000195,0.3603724755,0,-0.2368041666666668,0.15904583333333333,0,0,188,-1
1046,-576459473441,1.1396455352768229,1.6811535814755878,0.33497640971478915,-0.005030883773012636,0.3802891482505556,-0.05382824802299778,0,1425606,0.01,-0.055650135300000174,0.3843088755,0,-0.2455541666666668,0.06279583333333316,0,0,188,-1
1047,-576459473342,1.1430142513088866,1.6810999493165208,0.33876952084800943,-0.005667866953076495,0.37331871402125616,-0.12417177459239757,0,1425616,0.01,-0.13404184530000024,0.3723406755,0,-0.4555541666666668,0.1502958333333333,0,0,188,-1
1048,-576459473341,1.146421052628396,1.6810380969650782,0.34257145565855457,-0.006747956235682847,0.42231485781081285,-0.008979931938257676,0,1425626,0.01,0.007182914699999768,0.42918962550000006,0,-0.14055416666666679,0.1502958333333333,0,0,188,-1
1049,-576459473341,1.1498681681167155,1.6809707106519656,0.3468391435110039,-0.006753070766769878,0.4540577880249417,0.05137451584749353,0,1425636,0.01,0.05984299469999982,0.4585117155,0,-0.4643041666666668,-0.2259541666666668,0,0,188,-1
1050,-576459473341,1.1533592032372002,1.6809058342513539,0.35137047527790793,-0.006225960058715758,0.44746812683342835,0.06090007974238591,0,1425646,0.01,0.06223663469999979,0.44654351550000004,0,-0.11430416666666679,0.054045833333333126,0,0,188,-1
1051,-576459473340,1.156895264681832,1.680846545318951,0.3558425461811713,-0.005628568563634792,0.4456077320071891,0.05262618493431692,0,1425656,0.01,0.051465254699999775,0.4453466955,0,-0.2893041666666668,0.019045833333333206,0,0,188,-1
1052,-576459473340,1.1604757751668746,1.6807928582217506,0.36026811286880817,-0.005107416846482388,0.4238629487435006,0.04898421791909821,0,1425666,0.01,0.04847320469999978,0.42081188550000004,0,-0.22805416666666678,-0.11220416666666677,0,0,188,-1
1053,-576459473340,1.1640989370436252,1.6807434654407838,0.3643954842658429,-0.0047374885359150205,0.34456983454004064,-0.03647782843762709,0,1425676,0.01,-0.04846921530000021,0.3334440255000001,0,-0.2630541666666668,0.04529583333333331,0,0,188,-1
1054,-576459473324,1.1677598394124582,1.6806938280051522,0.3677973031639488,-0.005170773823187833,0.31329716022945303,-0.08530244501034558,0,1425686,0.01,-0.09215314530000027,0.3089092155000001,0,-0.12305416666666678,0.0715458333333332,0,0,188,-1
1055,-576459473324,1.1714525799221056,1.6806374711330374,0.3707901275552811,-0.006083770814535609,0.21341490659622042,-0.1280445911755681,0,1425696,0.01,-0.13404184530000024,0.19940018550000002,0,-0.11430416666666679,-0.06845416666666682,0,0,188,-1
1056,-576459473323,1.175170277725566,1.680568552623796,0.3727877467977084,-0.0076263655578911555,0.11611074785349342,-0.31487682214001367,0,1425706,0.01,-0.3410917053000002,0.10245776550000003,0,-0.18430416666666677,0.019045833333333206,0,0,188,-1
1057,-576459473323,1.185488229685909,1.6858984105449915,0.3765380423122793,-0.008151246372031625,0.132476164568123,-0.3016557013195143,0,1425716,0.01,-0.2998014153000002,0.1347719055,0,-0.1930541666666668,0.054045833333333126,0,1,190,2
1058,-576459473319,1.1896383905964738,1.6857905505820654,0.3780287862142356,-0.01146137174309865,0.1544309555627493,-0.2963561396435572,0,1425727,0.011,-0.29561254530000025,0.15751148550000002,0,-0.3505541666666668,-0.007204166666666678,0,0,190,-1
1059,-576459473309,1.1938069563316018,1.6856472034450842,0.3798570611150803,-0.014627267457414907,0.23847290577026892,-0.23535466066711255,0,1425738,0.011,-0.22679539530000023,0.2502650355,0,-5.54166666666786e-4,0.03654583333333328,0,0,190,-1
1060,-576459473298,1.197617365359656,1.6854900698915607,0.38222890158645856,-0.016843461897233673,0.2293972874969046,-0.13863646039962052,0,1425748,0.01,-0.12506569530000025,0.22812386550000002,0,0.008195833333333222,-0.02470416666666675,0,0,190,-1
1061,-576459473287,1.1978122014941448,1.688513022897991,0.38311564099546846,-0.01675436761481503,0.2130616956406962,-0.1256855091324034,0,1425759,0.011,-0.1238688753000002,0.2107699755,0,0.02569583333333321,0.027795833333333242,0,1,191,1
1062,-576459473277,1.2016537063877397,1.6883388246865134,0.38520023064649195,-0.01806777033178725,0.1806148860029827,-0.16554980879366715,0,1425769,0.01,-0.17114326530000024,0.17606219550000002,0,0.1744458333333332,0.1502958333333333,0,0,191,-1
1063,-576459473267,1.205513673211329,1.6881491273615483,0.3868407710985704,-0.01983854662486914,0.06274573216024464,-0.2475972587365574,0,1425779,0.01,-0.25910953530000025,0.04620722550000002,0,0.20944583333333322,0.0977958333333333,0,0,191,-1
1064,-576459473258,1.2093848565019596,1.6879382240139225,0.3874117888019827,-0.022336051624912607,0.02252816046204391,-0.2629407525011941,0,1425789,0.01,-0.26509363530000024,0.01688513550000002,0,-0.04430416666666678,0.06279583333333316,0,0,191,-1
1067,-576459473139,1.221024459725812,1.6871754994492953,0.38905431940638197,-0.027077542399317377,0.13812158730880245,0.054431107959120054,0,1425819,0.01,0.0688191446999998,0.14434646550000002,0,0.12194583333333321,-0.04220416666666682,0,0,191,-1
1068,-576459473139,1.2249210858063417,1.6869068564371306,0.3903069742058312,-0.026625240045926313,0.04649672237413442,-0.011143073030382311,0,1425829,0.01,-0.020343945300000228,0.03364061550000002,0,0.10444583333333322,0.054045833333333126,0,0,191,-1
1069,-576459473138,1.22882640738164,1.6866395736326845,0.3907605402964306,-0.02681058005705053,0.03837118880876449,-0.06381786725251412,0,1425839,0.01,-0.07120879530000022,0.03723107550000002,0,-0.07055416666666678,0.027795833333333242,0,0,191,-1
1070,-576459473138,1.233126431808666,1.6863408875647143,0.3910857903556116,-0.027499242365642138,-0.02507712746166544,-0.055080821382393154,0,1425850,0.011,-0.05385490530000022,-0.03397971449999997,0,0.05194583333333323,0.2027958333333333,0,0,191,-1
1071,-576459473138,1.2370360071238677,1.686062994672853,0.39083064493625946,-0.028072342584948375,-0.028161279633567314,-0.07079862252567178,0,1425860,0.01,-0.07300402530000018,-0.02859402449999998,0,-0.11430416666666679,0.13279583333333322,0,0,191,-1
1072,-576459473137,1.2409430397108068,1.6857784148275796,0.3905698808062611,-0.028829496338564152,-0.013322236594800295,-0.10579362209195924,0,1425870,0.01,-0.11070385530000024,-0.011240134499999974,0,0.06069583333333321,0.0977958333333333,0,0,191,-1
1074,-576459473137,1.2487578934716417,1.685178540894013,0.39125917543046657,-0.031277234717707894,0.08257228328812846,-0.10217569192096013,0,1425890,0.01,-0.09694042530000022,0.08450546550000003,0,-0.11430416666666679,0.01029583333333317,0,0,191,-1
1076,-576459473132,1.2569814036325124,1.6845049870334454,0.39129729352633985,-0.032540270995415475,0.015452538932456364,0.042383516587571265,0,1425911,0.01,0.05326048469999977,0.028254925500000024,0,-0.18430416666666677,0.13279583333333322,0,0,191,-1
1077,-576459473124,1.2550610802408526,1.689566962879876,0.3889331682183124,-0.02940847341000427,-0.012679163457146406,0.048774220480635025,0,1425922,0.011,0.04967002469999979,-0.016625824499999983,0,0.043195833333333225,0.0015458333333331353,0,1,193,1
1078,-576459473113,1.2593383153388307,1.6892464106278862,0.3887560040791728,-0.028873173545423646,-0.03713128768403582,0.04798546666024771,0,1425933,0.011,0.04787479469999979,-0.04056222449999999,0,-0.11430416666666679,-0.06845416666666682,0,0,193,-1
1079,-576459473104,1.2632245796126578,1.6889592911626554,0.38846984951754804,-0.028512698529774692,0.022833211307889095,-0.03607594490061092,0,1425943,0.01,-0.04787080530000022,0.031246975500000017,0,1.9681958333333334,-0.033454166666666785,0,0,193,-1
1080,-576459473093,1.2640809219770053,1.6863685339170877,0.38743576342633096,-0.03003326434669382,-0.028038787565756274,-0.07843116916369226,0,1425953,0.01,-0.08437381530000025,-0.03517653449999998,0,-0.30680416666666677,-0.015954166666666714,0,1,194,2
1081,-576459473083,1.267953428225751,1.6860642967766806,0.3870847295668109,-0.03081531440914377,-0.07837954132670617,-0.0768204843851239,0,1425963,0.01,-0.07659448530000015,-0.08544297449999999,0,0.1744458333333332,-0.12095416666666681,0,0,194,-1
1082,-576459473072,1.2718202781716723,1.6857517203083134,0.3862885612066432,-0.031674547541034055,-0.08719772392642201,-0.1416946709453583,0,1425973,0.01,-0.15079732530000017,-0.08843502449999999,0,-2.284304166666667,-0.06845416666666682,0,0,194,-1
1083,-576459473063,1.2756790487192766,1.685427926795024,0.38545482328786107,-0.033085759286251896,-0.059944807287658594,-0.13760739139958417,0,1425983,0.01,-0.13703389530000024,-0.056120884499999996,0,-0.1930541666666668,-0.09470416666666681,0,0,194,-1
1084,-576459473054,1.2795305166915314,1.6850899104675114,0.3848424085852085,-0.03450530720026607,-0.06918606169559421,-0.16859109653579174,0,1425993,0.01,-0.17293849530000027,-0.07048272449999998,0,-0.15805416666666677,-0.08595416666666678,0,0,194,-1
1085,-576459473043,1.283375744715515,1.6847366057533393,0.3841916594644741,-0.03616343277927703,-0.03988609398506441,-0.1487885838510092,0,1426003,0.01,-0.14601004530000022,-0.03577494449999998,0,-0.04430416666666678,-0.10345416666666674,0,0,194,-1
1086,-576459473032,1.2872159021330456,1.6843672238522998,0.3838295192746323,-0.03769944263589188,-0.013715389480153353,-0.18308634351287867,0,1426013,0.01,-0.18789874530000025,-0.010043314499999977,0,-5.54166666666786e-4,-0.09470416666666681,0,0,194,-1
1087,-576459473022,1.287492638536089,1.687444042465974,0.3821292507838323,-0.03806711595218483,0.004723062228535268,-0.224040473561254,0,1426024,0.011,-0.22978744530000023,0.007310575500000022,0,-0.11430416666666679,-0.12970416666666673,0,1,195,1
1088,-576459473011,1.291696860550846,1.6870123613682433,0.3822542637314492,-0.040443886526546784,0.052123030996800705,-0.16715658199733568,0,1426035,0.011,-0.15917506530000025,0.058773835500000024,0,-0.1930541666666668,-0.02470416666666675,0,0,195,-1
1089,-576459473000,1.2959055976555487,1.686557601464454,0.3829394649883268,-0.04224913243444321,0.1246021803792908,-0.14546340723025525,0,1426046,0.011,-0.14241958530000018,0.1347719055,0,0.008195833333333222,0.12404583333333319,0,0,195,-1
1090,-576459472985,1.2997413850242832,1.6861283595196355,0.38421008002383866,-0.043624692714061414,0.14191698350657322,-0.08979161886031042,0,1426056,0.01,-0.08198017530000024,0.14434646550000002,0,-0.08805416666666678,-0.06845416666666682,0,0,195,-1
1091,-576459472973,1.3051342262827126,1.6855087900293686,0.386195981702253,-0.044884709132999114,0.14142363800330626,-0.09133778849152609,0,1426070,0.014,-0.09155473530000022,0.14135441550000002,0,-5.54166666666786e-4,0.0977958333333333,0,0,195,-1
1092,-576459472967,1.3090024587504887,1.6850561337110102,0.3874979652321442,-0.04569157928089692,0.06474545693405338,-0.01858400499841309,0,1426080,0.01,-0.008375745300000206,0.053986555500000026,0,0.10444583333333322,-0.02470416666666675,0,0,195,-1
1093,-576459472954,1.3086262811744434,1.6814875051857694,0.38633349365086017,-0.047322483140175564,-0.03180290200764814,0.006635857547730398,0,1426090,0.01,0.010174964699999765,-0.04534950449999998,0,0.09569583333333322,-0.04220416666666682,0,1,196,2
1094,-576459472946,1.3124878631771482,1.6810146221268263,0.3859899437140916,-0.04725471373952637,-0.049979957751983536,0.007640378000577238,0,1426100,0.01,0.007781324699999787,-0.05253042449999998,0,0.01694583333333323,-0.050954166666666745,0,0,196,-1
1095,-576459472935,1.3163453474696551,1.680542274240063,0.385503206182942,-0.047206855554730295,-0.04067149716612099,-0.012702330556809716,0,1426110,0.01,-0.015556665300000206,-0.03936540449999998,0,0.25319583333333323,0.19404583333333325,0,0,196,-1
1096,-576459472926,1.3201982478221657,1.6800694962272817,0.38508116264502873,-0.04734549075461304,-0.05159599213302268,-0.020977996546848066,0,1426120,0.01,-0.02213917530000022,-0.05312883449999998,0,-0.02680416666666678,0.11529583333333315,0,0,196,-1
1097,-576459472916,1.3240455293373103,1.679594582524765,0.38441678722567607,-0.04761928744086109,-0.15737089193726383,-0.06660236024742683,0,1426130,0.01,-0.07300402530000018,-0.17221242450000002,0,0.15694583333333323,0.19404583333333325,0,0,196,-1
1098,-576459472907,1.3278817164449752,1.6791151411089187,0.38282555251856903,-0.0482725709463342,-0.16986143599007744,-0.057522554808283846,0,1426140,0.01,-0.05624854530000023,-0.1716140145,0,0.03444583333333322,0.01029583333333317,0,0,196,-1
1099,-576459472896,1.3317012859277937,1.678629261706855,0.381096801205765,-0.048891144847275504,-0.19133989926027714,-0.08841672008982199,0,1426150,0.01,-0.09275155530000026,-0.19435359449999998,0,0.05194583333333323,-0.05970416666666678,0,0,196,-1
1100,-576459472886,1.3269678734062729,1.6860152751911777,0.3758597914834023,-0.04598636076623822,-0.12733666252511644,-0.11478256678698574,0,1426160,0.01,-0.1184831853000002,-0.11835552449999999,0,-0.00930416666666678,0.1502958333333333,0,1,197,1
1101,-576459472875,1.3310945006509178,1.6855030071733625,0.37443987524487277,-0.047171431339321994,-0.13992694188707014,-0.06397577885713189,0,1426171,0.011,-0.05684695530000022,-0.14169351449999998,0,-0.05305416666666678,0.0715458333333332,0,0,197,-1
1102,-576459472864,1.3352043644949425,1.6849803689948413,0.37282792167988066,-0.047858249748373945,-0.18713176180495567,-0.05300114304982423,0,1426182,0.011,-0.05146126530000021,-0.19375518449999998,0,0.02569583333333321,0.06279583333333316,0,0,197,-1
1103,-576459472854,1.338922809552283,1.684499586977832,0.3708842638228838,-0.0483200161626491,-0.23807103203088564,-0.004945569323863849,0,1426192,0.01,0.0017972246999997925,-0.24521844450000002,0,-0.07055416666666678,-0.07720416666666674,0,0,197,-1
1104,-576459472844,1.342619696636635,1.6840157892305316,0.3684954831100774,-0.04842384383031637,-0.24381419709052435,-0.043638523164792456,0,1426202,0.01,-0.049067625300000195,-0.2446200345,0,0.18319583333333322,0.0015458333333331353,0,0,197,-1
1105,-576459472835,1.346292223091324,1.6835296045539137,0.3660202627207907,-0.048823459351670324,-0.27023496282293225,-0.01743773183541694,0,1426212,0.01,-0.013761435300000215,-0.27394212449999994,0,-0.2105541666666668,0.10654583333333312,0,0,197,-1
1106,-576459472824,1.3499383283063926,1.6830402016623531,0.3632264628001958,-0.04904412073774611,-0.3354096817241788,-0.0504234230209154,0,1426222,0.01,-0.055051725300000194,-0.34455450449999997,0,-0.15805416666666677,-0.06845416666666682,0,0,197,-1
1107,-576459472813,1.3495715287576078,1.6794241531030636,0.35798840770776413,-0.0511304155056765,-0.22640427656859374,-0.097514402843704,0,1426233,0.011,-0.10412134530000025,-0.21110907450000002,0,-0.2368041666666668,0.12404583333333319,0,1,198,2
1108,-576459472804,1.3531401268169811,1.678907376667898,0.35572850566531244,-0.052197133198738525,-0.22348665329325543,-0.16208342877301518,0,1426243,0.01,-0.17114326530000024,-0.2230772745,0,-0.10555416666666678,0.01029583333333317,0,0,198,-1
1109,-576459472793,1.3566856380773,1.6783777418994195,0.35340050576260873,-0.05374950118896078,-0.2897743562357621,-0.11335253510213733,0,1426253,0.01,-0.1065149853000002,-0.29907534450000006,0,-0.12305416666666678,-0.050954166666666745,0,0,198,-1
1110,-576459472784,1.3602051611184405,1.677835496796061,0.3505038352572048,-0.05473984182327241,-0.289009669543233,-0.011322093812891315,0,1426263,0.01,0.0029940446999997643,-0.28890237449999995,0,-0.1930541666666668,-0.18220416666666683,0,0,198,-1
1111,-576459472774,1.36369544332169,1.6772877488293354,0.3475660083284194,-0.05481924724371057,-0.3230260971021241,0.012777580925965894,0,1426273,0.01,0.01615906469999976,-0.3277990245,0,-0.2455541666666668,0.0015458333333331353,0,0,198,-1
1112,-576459472763,1.3671555557183845,1.6767408725341157,0.3444300151898605,-0.05458569713103359,-0.25584202455590477,0.08816224041415041,0,1426283,0.01,0.09873964469999981,-0.2464152645,0,2.1081958333333333,0.0015458333333331353,0,0,198,-1
1113,-576459472753,1.360964684031737,1.6853642232888348,0.33809118015705303,-0.049342843778505015,-0.20821759184455718,0.0355156028697286,0,1426293,0.01,0.028127264699999783,-0.2015345145,0,-0.3593041666666668,-0.23470416666666682,0,1,199,1
1114,-576459472742,1.3646714665543291,1.6848228223518642,0.33585698104698264,-0.049066974773947225,-0.17139499264262975,-0.0397094375520889,0,1426304,0.011,-0.05026444530000024,-0.16622832450000002,0,-0.18430416666666677,-0.23470416666666682,0,0,199,-1
1115,-576459472733,1.3680212885141716,1.68432978298194,0.3341159647547991,-0.049522597469974824,-0.19047904487625672,-0.08097709084436305,0,1426314,0.01,-0.08676745530000025,-0.1931567745,0,-0.2893041666666668,-0.13845416666666677,0,0,199,-1
1116,-576459472722,1.3713529741356336,1.6838303483510142,0.33221893462522145,-0.0503571980444177,-0.18495562844659003,-0.09864961991274229,0,1426324,0.01,-0.10112929530000025,-0.1841806245,0,-0.4643041666666668,-0.015954166666666714,0,0,199,-1
1117,-576459472711,1.3749954093718293,1.6832711306481516,0.3300701131863968,-0.05134313250627752,-0.25984390842610805,-0.03365269181698406,0,1426335,0.011,-0.024532815300000232,-0.2703516645,0,-0.2455541666666668,-0.13845416666666677,0,0,199,-1
1118,-576459472697,1.3786104682241556,1.6827050808311612,0.3272129953904916,-0.05160473055373608,-0.2590879454916008,0.03679349893246307,0,1426346,0.011,0.046677974699999784,-0.2589818745,0,-0.2718041666666668,-0.12970416666666673,0,0,199,-1
1119,-576459472690,1.3777186305110973,1.6793286884861092,0.3228455734011502,-0.0525982948285214,-0.35345513046311333,0.03549056411110586,0,1426356,0.01,0.03530818469999979,-0.36669567449999996,0,-0.4818041666666668,-0.015954166666666714,0,1,200,2
1120,-576459472680,1.3812480045221467,1.6787522610232868,0.31887806949338693,-0.05220733974702426,-0.4054743076655535,0.0358554032378954,0,1426367,0.011,0.0359065946999998,-0.4127732445,0,-0.28055416666666677,-0.05970416666666678,0,0,200,-1
1121,-576459472669,1.3844172742231906,1.6782313054026075,0.31493930733344605,-0.051951450340483464,-0.3237125542861629,-0.036518962610875734,0,1426377,0.01,-0.046673985300000186,-0.31224036450000003,0,-0.5080541666666668,-0.11220416666666677,0,0,200,-1
1122,-576459472659,1.3878620946896825,1.6776573158023231,0.311389031097946,-0.052398842848015444,-0.3168006504762494,-0.06641552602567487,0,1426388,0.011,-0.07061038530000016,-0.3158308245,0,-0.3505541666666668,-0.18220416666666683,0,0,200,-1
1123,-576459472647,1.3909606276241662,1.6771299086622196,0.30829443737214496,-0.053077893469896074,-0.26504676728823684,-0.07691632302218386,0,1426398,0.01,-0.07838971530000025,-0.2577850545,0,-0.3505541666666668,-0.12095416666666681,0,0,200,-1
1124,-576459472639,1.394030344035225,1.676594920962058,0.30564775584891785,-0.053903433822389664,-0.2623520296669894,-0.11704193362249177,0,1426408,0.01,-0.12267205530000022,-0.26197392449999996,0,-0.4468041666666668,-0.1734541666666668,0,0,200,-1
1125,-576459472525,1.397073848572993,1.6760505801139052,0.3030467943720042,-0.054988725797473464,-0.24627713230963497,-0.05638212944757573,0,1426418,0.01,-0.04787080530000022,-0.24402162450000003,0,-0.4905541666666668,-0.3047041666666668,0,0,200,-1
1126,-576459472523,1.400392758426044,1.6754426232882214,0.3003808104570787,-0.05556069552350248,-0.21806029704618032,-0.02477834841599358,0,1426429,0.011,-0.020343945300000228,-0.21410112450000002,0,-0.2980541666666668,-0.04220416666666682,0,0,200,-1
1127,-576459472522,1.3974442256712483,1.6807233298305708,0.2959353810852999,-0.0529730627644985,-0.1416446863452612,-0.011442814257460179,0,1426439,0.01,-0.00957256530000021,-0.1309221345,0,-0.3593041666666668,-0.09470416666666681,0,1,201,1
1128,-576459472522,1.400397844946844,1.6801933026284532,0.29472900434291277,-0.05304536992281479,0.007874005458099353,0.0185352761726403,0,1426449,0.01,0.02274157469999981,0.028853335500000025,0,-0.2455541666666668,0.0715458333333332,0,0,201,-1
1129,-576459472522,1.4036399888837767,1.6796102011430794,0.29476439970490165,-0.05294719299867086,-0.02568106169840309,-0.05072003476521384,0,1426460,0.011,-0.0604374153000002,-0.030389254499999973,0,-0.10555416666666678,-0.04220416666666682,0,0,201,-1
1130,-576459472521,1.4065859925757866,1.6790783044626263,0.29445335445281146,-0.05343745238098414,-0.06392044407613424,-0.038775405221933526,0,1426470,0.01,-0.03709942530000021,-0.06928590449999997,0,-0.37680416666666683,0.08029583333333323,0,0,201,-1
1131,-576459472521,1.4095268319339405,1.6785426166923825,0.2937367576929922,-0.053728028826535316,-0.11900431330003618,0.03039061303736526,0,1426480,0.01,0.04009546469999977,-0.1267332645,0,-0.3418041666666668,-0.20845416666666683,0,0,201,-1
1132,-576459472521,1.4124577399482767,1.6780065879306731,0.29246724015643755,-0.053465939895780544,-0.17563607478516932,5.925702993734121e-4,0,1426490,0.01,-0.0035884653000002164,-0.18358221449999998,0,-0.3243041666666668,0.01029583333333317,0,0,201,-1
1133,-576459472521,1.4153735302045103,1.6774712697492036,0.29069521095722334,-0.0535675105555714,-0.18680268092722194,-0.07601803551389866,0,1426500,0.01,-0.08676745530000025,-0.18836949449999998,0,-0.10555416666666678,0.13279583333333322,0,0,201,-1
1134,-576459472521,1.4182715164576758,1.6769320013709614,0.288885635238054,-0.054295265391993884,-0.14514496902464943,-0.05290857913580081,0,1426510,0.01,-0.04966603530000018,-0.1392998745,0,-0.2193041666666668,0.054045833333333126,0,0,201,-1
1135,-576459472521,1.4211535718033164,1.676386725869027,0.287505438309683,-0.05477397266130051,-0.09436347851474175,-0.01700405596889562,0,1426520,0.01,-0.011966205300000223,-0.08723820449999999,0,-0.15805416666666677,-0.06845416666666682,0,0,201,-1
1136,-576459472422,1.42402354924928,1.675837972895841,0.28650577414961015,-0.054969476369358714,-0.13429534721769062,-0.03515152055862049,0,1426530,0.01,-0.037697835300000225,-0.1398982845,0,-0.07930416666666679,0.06279583333333316,0,0,201,-1
1137,-576459472422,1.4243791602996003,1.673371963037617,0.2838111388202381,-0.05622243370800094,-0.20743011948274326,-0.023740580695833,0,1426541,0.011,-0.02213917530000022,-0.2176915845,0,-0.018054166666666788,-0.1734541666666668,0,1,202,2
1138,-576459472421,1.4274883024533815,1.6727515225502831,0.281495319510587,-0.05656391528766013,-0.22954836926412678,-0.07586350189399785,0,1426552,0.011,-0.08317699530000028,-0.2326518345,0,-0.08805416666666678,-0.12970416666666673,0,0,202,-1
1139,-576459472421,1.4302918815430128,1.6721814106281643,0.27921534767929024,-0.05742555974183826,-0.2186257532294426,-0.14839902083053613,0,1426562,0.01,-0.15857665530000026,-0.2170931745,0,-0.00930416666666678,0.14154583333333326,0,0,202,-1
1140,-576459472420,1.4330729354705691,1.6715992742574193,0.2770029566274484,-0.05898108594814413,-0.2372232891581853,-0.19930650307904382,0,1426572,0.01,-0.20644945530000022,-0.23983275450000002,0,-0.13180416666666678,0.08904583333333327,0,0,202,-1
1141,-576459472420,1.435830955842136,1.6709991301715688,0.2746076277787686,-0.061031548343593874,-0.25368065202739803,-0.24020583141211468,0,1426582,0.01,-0.24594451530000025,-0.2559898245,0,-0.12305416666666678,0.10654583333333312,0,0,202,-1
1142,-576459472420,1.4388366986811927,1.6703129951734408,0.27187652149639385,-0.06371112710858927,-0.2147730626653916,-0.2646551431159764,0,1426593,0.011,-0.26808568530000026,-0.2093138445,0,0.02569583333333321,-0.050954166666666745,0,0,202,-1
1143,-576459472419,1.4415441880581552,1.669663307572195,0.26964701205188224,-0.06625774676833238,-0.2724340777219204,-0.19419475336399694,0,1426603,0.01,-0.1843082853000002,-0.28052463450000004,0,0.06069583333333321,-0.07720416666666674,0,0,202,-1
1144,-576459472419,1.444226744499989,1.6689920432320362,0.2668773121695183,-0.06804078929852546,-0.30471842016311745,-0.0810941193810497,0,1426613,0.01,-0.06522469530000022,-0.3092483145,0,0.043195833333333225,0.0977958333333333,0,0,202,-1
1145,-576459472419,1.4468795002371455,1.6683088527213987,0.26370819435999604,-0.06865324353429887,-0.3916057260223649,0.060343482036646204,0,1426623,0.01,0.08018893469999978,-0.4037970945,0,-0.061804166666666785,0.06279583333333316,0,0,202,-1
1146,-576459472320,1.4435813195725884,1.6737292526564937,0.25748363661794843,-0.065064931211051,-0.35926563928600147,0.10031317400583617,0,1426633,0.01,0.10592056469999979,-0.3547274745,0,0.07819583333333323,0.17654583333333318,0,1,203,1
1147,-576459472319,1.4465252603417675,1.6731052670040358,0.25363869075364337,-0.06402102925960204,-0.32379923853355425,0.03438567679419335,0,1426644,0.011,0.025135214699999787,-0.31882287449999996,0,0.09569583333333322,0.22904583333333317,0,1,204,2
1148,-576459472319,1.4492959545842574,1.6724020607683914,0.2501127468632411,-0.06379440854497152,-0.3005432224791129,-0.06398822474222027,0,1426655,0.011,-0.07779130530000027,-0.2972801145,0,-0.08805416666666678,0.11529583333333315,0,0,204,-1
1149,-576459472319,1.4517825541414873,1.6717604299411926,0.24718292254306418,-0.06450811992165982,-0.2473030167994977,-0.11597594260218613,0,1426665,0.01,-0.12327046530000021,-0.23983275450000002,0,0.07819583333333323,-0.015954166666666714,0,0,204,-1
1150,-576459472318,1.4542420632390312,1.6711097153063426,0.24471688575104247,-0.0656422094567897,-0.24232628219472302,-0.09770836358747619,0,1426675,0.01,-0.09514519530000026,-0.2416279845,0,0.008195833333333222,0.03654583333333328,0,0,204,-1
1151,-576459472318,1.4566772865012585,1.6704488009338951,0.2423202585156365,-0.06655795804933075,-0.22334670498054426,-0.05400318485770752,0,1426685,0.01,-0.04787080530000022,-0.2206836345,0,-0.00930416666666678,-0.02470416666666675,0,0,204,-1
1152,-576459472318,1.4593291073878274,1.6697135127321618,0.23983577328328234,-0.06713497537289213,-0.24147763040849546,-0.04285282878601945,0,1426696,0.011,-0.04128829530000024,-0.24402162450000003,0,-0.11430416666666679,0.01029583333333317,0,0,204,-1
1153,-576459472318,1.4617150722285723,1.6690398033381253,0.2373724320895502,-0.06759653869807408,-0.2757200040584515,-0.06614533701529073,0,1426706,0.01,-0.06941356530000019,-0.28052463450000004,0,-0.05305416666666678,0.06279583333333316,0,0,204,-1
1154,-576459472317,1.4640747778573564,1.6683599257510753,0.23457908269807604,-0.06835197015793183,-0.3014493040561104,-0.13303424105294492,0,1426716,0.01,-0.14241958530000018,-0.30505944450000005,0,0.008195833333333222,-0.015954166666666714,0,0,204,-1
1155,-576459472316,1.4664059633281699,1.667668840180694,0.23163747378803362,-0.06982495061497057,-0.24951361667519045,-0.23467509125659758,0,1426726,0.01,-0.24893656530000025,-0.24222639450000003,0,0.03444583333333322,-0.050954166666666745,0,0,204,-1
1156,-576459472311,1.4591087429502445,1.6769475350623686,0.22541845585699097,-0.06744386811410964,-0.18802211373300418,-0.27394409271409437,0,1426736,0.01,-0.2794554753000002,-0.1793933445,0,-0.035554166666666775,0.019045833333333206,0,1,205,1
1157,-576459472300,1.4613540810789172,1.6762592888407293,0.22362542903649948,-0.07020113379380069,-0.1258782593318155,-0.28664897278396145,0,1426746,0.01,-0.2884316253000002,-0.11715870449999999,0,-2.170554166666667,-0.02470416666666675,0,0,205,-1
1158,-576459472290,1.4635841204077493,1.6755437128120492,0.2223788486068435,-0.07294758700667976,-0.11718206816057126,-0.20109925373089493,0,1426756,0.01,-0.1890955653000002,-0.11596188449999999,0,-0.018054166666666788,0.19404583333333325,0,0,205,-1
1159,-576459472279,1.4680900502427887,1.6760455240725494,0.22184654608093282,-0.07433397802399128,-0.16124269082972223,-0.07144794562850622,0,1426767,0.011,-0.053256495300000234,-0.16742514449999998,0,-0.11430416666666679,-0.09470416666666681,0,1,206,2
1160,-576459472268,1.4703003475596836,1.675299269611263,0.2202189843824364,-0.0749476851739094,-0.17191218229278785,-3.9329548058066044e-4,0,1426777,0.01,0.00957655469999978,-0.17340924449999998,0,-0.11430416666666679,0.13279583333333322,0,0,206,-1
1161,-576459472259,1.4724942385739042,1.6745494108946837,0.21854594292908208,-0.07500790354879376,-0.1391145147290012,-0.04045449175296607,0,1426787,0.01,-0.0460755753000002,-0.1345125945,0,-0.018054166666666788,0.14154583333333326,0,0,206,-1
1162,-576459472249,1.4746732599967984,1.6737968777724312,0.2172355789390871,-0.07547975492332391,-0.08155157069518394,-0.08841564907115254,0,1426797,0.01,-0.09514519530000026,-0.07347477449999998,0,-0.07055416666666678,-0.09470416666666681,0,0,206,-1
1163,-576459472237,1.4770573937500615,1.6729610964238426,0.2162620219649827,-0.07647494947112839,-0.13166932142284068,-0.10323835544258896,0,1426808,0.011,-0.10531816530000022,-0.13870146449999998,0,-0.07055416666666678,-0.09470416666666681,0,0,206,-1
1164,-576459472228,1.479212884157982,1.6721914858010845,0.21486215499878142,-0.07746154192610832,-0.19031390135088874,-0.07095172997399087,0,1426818,0.01,-0.06642151530000019,-0.19854246449999996,0,-0.07930416666666679,-0.08595416666666678,0,0,206,-1
1165,-576459472216,1.4749843581588244,1.6780596281221305,0.21021861830365252,-0.07489164831203472,-0.3449928153235098,-0.0013808989143070255,0,1426828,0.01,0.008379734699999773,-0.36669567449999996,0,-0.035554166666666775,-0.09470416666666681,0,1,207,1
1166,-576459472208,1.4772751184895987,1.6772357295798246,0.20631054031327292,-0.0749073916148928,-0.41912680476033126,-0.0017424983998212524,0,1426839,0.011,-0.0017932353000002248,-0.42952872449999996,0,-0.09680416666666679,0.06279583333333316,0,0,207,-1
1167,-576459472198,1.4793174510012599,1.6764862019112365,0.20214727025398677,-0.07498070105833893,-0.3993860479364817,-0.041145284833281226,0,1426849,0.01,-0.046673985300000186,-0.3966161745,0,-0.22805416666666678,0.06279583333333316,0,0,207,-1
1168,-576459472187,1.4815164979759736,1.6756592985887124,0.19769438694247263,-0.07537896304857719,-0.4384144016024218,-0.005585846306625633,0,1426860,0.011,-5.964153000002189e-4,-0.4438905645,0,-0.02680416666666678,-0.007204166666666678,0,0,207,-1
1169,-576459472177,1.483472464906458,1.6749043357392202,0.19345379834816626,-0.07557079407235322,-0.33721173582457176,-0.10144280332771526,0,1426870,0.01,-0.1148927253000002,-0.32301174450000003,0,-0.05305416666666678,-0.007204166666666678,0,0,207,-1
1170,-576459472167,1.4853904068372072,1.6741429932806144,0.19012277149914425,-0.07667257692016957,-0.3079661443268512,-0.16361636251735523,0,1426880,0.01,-0.17234008530000022,-0.3038626245,0,-0.1755541666666668,-0.06845416666666682,0,0,207,-1
1171,-576459472155,1.487275414300046,1.6733681972430894,0.18691486275546793,-0.07829149154392145,-0.39935223116002333,-0.15132511941106214,0,1426890,0.01,-0.1496005053000002,-0.41217483450000003,0,-0.11430416666666679,0.03654583333333328,0,0,207,-1
1172,-576459472144,1.4864996499298875,1.6707511241891657,0.18132870308571275,-0.08073073172046712,-0.44575736440839553,-0.10940515076407589,0,1426901,0.011,-0.1035229353000002,-0.45226830450000005,0,-0.20180416666666678,0.0715458333333332,0,1,208,2
1173,-576459472133,1.4884671838472643,1.6698572212747158,0.1764100981152077,-0.08182594247947297,-0.4556653684399528,-0.03917434927803251,0,1426912,0.011,-0.02932009530000022,-0.45705558450000006,0,-0.2455541666666668,0.2552958333333333,0,0,208,-1
1174,-576459472124,1.490208868028249,1.6690374181633891,0.171909097001438,-0.08215473686104054,-0.41647667505252406,0.005152216780156656,0,1426922,0.01,0.011371784699999771,-0.4109780145,0,-0.14055416666666679,-0.015954166666666714,0,0,208,-1
1175,-576459472113,1.4919069365862547,1.6682158880120599,0.16771349761693666,-0.08214053321087003,-0.43841824906900484,-0.02140492795456955,0,1426932,0.01,-0.02513122530000022,-0.44149692449999994,0,-0.018054166666666788,0.17654583333333318,0,0,208,-1
1176,-576459472104,1.493562201905166,1.6673928401740572,0.1633373096113819,-0.08244386165613601,-0.4327216658925444,-0.0850220962278867,0,1426942,0.01,-0.09394837530000022,-0.4319223645,0,-0.22805416666666678,0.15904583333333333,0,0,208,-1
1177,-576459472095,1.4951743083251037,1.6665634859353473,0.15906777500387662,-0.08339784579553158,-0.391612869376356,-0.1589719518256168,0,1426952,0.01,-0.16934803530000023,-0.38584479450000003,0,-0.09680416666666679,0.11529583333333315,0,0,208,-1
1179,-576459472013,1.4921080450913546,1.6714356429599768,0.14780837561185667,-0.08366927655220212,-0.4711224062745125,-0.1871705944425192,0,1426973,0.011,-0.1902923853000002,-0.4768031145,0,-0.04430416666666678,0.03654583333333328,0,0,209,-1
1180,-576459472012,1.4935624140430157,1.6705896735369663,0.14307296794504307,-0.08552849130274373,-0.48817399478712237,-0.17836315804754438,0,1426983,0.01,-0.17712736530000023,-0.49056654450000003,0,-0.13180416666666678,-0.09470416666666681,0,0,209,-1
1181,-576459472011,1.4949688917019095,1.6697259453181035,0.13821556043708771,-0.08723834435805547,-0.47085538992417275,-0.12585125736073333,0,1426993,0.01,-0.1184831853000002,-0.46842537450000005,0,-0.12305416666666678,0.019045833333333206,0,0,209,-1
1182,-576459472011,1.496461275894755,1.6687579318837722,0.13310909269060534,-0.08873620256112898,-0.4230687620759083,-0.20020550113976515,0,1427004,0.011,-0.21063832530000018,-0.4163637045,0,-0.28055416666666677,-0.015954166666666714,0,0,209,-1
1183,-576459472011,1.4977713072858747,1.667859780013385,0.12889269896156821,-0.09085692255263504,-0.41299052620246,-0.28387296119167266,0,1427014,0.01,-0.29561254530000025,-0.4115764245,0,-0.00930416666666678,0.08904583333333327,0,0,209,-1
1184,-576459472011,1.4990395627419946,1.6669371091289193,0.1247593748788501,-0.09368136164876707,-0.4154238666096717,-0.27370170842780417,0,1427024,0.01,-0.2722745553000002,-0.4157652945,0,-0.08805416666666678,0.3427958333333332,0,0,209,-1
1185,-576459471910,1.5002661938103294,1.6659871267078685,0.1205752580988012,-0.09633782241618385,-0.436714372075386,-0.21629899863978896,0,1427034,0.01,-0.20824468530000018,-0.4397016945,0,-0.14055416666666679,-0.015954166666666714,0,0,209,-1
1186,-576459471910,1.5015657549688393,1.6649151168163194,0.11572094869243313,-0.0986014116114022,-0.46977119197819206,-0.14048992952869938,0,1427045,0.011,-0.1298529753000002,-0.47440947450000004,0,-0.2455541666666668,0.0015458333333331353,0,0,209,-1
1187,-576459471909,1.5028090135815788,1.6638226802356628,0.11037491169950905,-0.10004992084636968,-0.585616297031215,-0.07763454644568994,0,1427056,0.011,-0.06881515530000021,-0.6018708045000001,0,-0.15805416666666677,0.054045833333333126,0,0,209,-1
1188,-576459471909,1.5038821917770349,1.6628185243773725,0.10432337161503022,-0.10079217998912633,-0.7231933804710277,-0.05363226375912382,0,1427066,0.01,-0.05026444530000024,-0.7424971545,0,-0.1930541666666668,-0.015954166666666714,0,0,209,-1
1189,-576459471909,1.5048886421953933,1.6618078241735685,0.0969946444683447,-0.1013435255028089,-0.7920748224280744,-0.06432305453456562,0,1427076,0.01,-0.06582310530000021,-0.8017397445,0,-0.08805416666666678,0.054045833333333126,0,0,209,-1
1190,-576459471908,1.505819451527684,1.6607913072717775,0.0891466948489887,-0.10196577181393715,-0.7402011194880534,-0.04937043376192381,0,1427086,0.01,-0.04727239530000024,-0.7329225945,0,0.06944583333333322,0.08029583333333323,0,0,209,-1
1191,-576459471908,1.5066736592583008,1.6597687259971898,0.08170577751027364,-0.10253052894061909,-0.767928717954581,-0.1000082768089412,0,1427096,0.01,-0.10711339530000026,-0.7718192445000001,0,-0.2543041666666668,-0.09470416666666681,0,0,209,-1
1192,-576459471908,1.5074524502511981,1.6587382841583196,0.0740467383374299,-0.10355187199806748,-0.7534980995451427,-0.11516034227038774,0,1427106,0.01,-0.11728636530000022,-0.7514733044999999,0,-0.061804166666666785,0.12404583333333319,0,0,209,-1
1193,-576459471908,1.5081545561751997,1.6576971132557032,0.06640453594115103,-0.1046869469110786,-0.8299142580824757,-0.10338055570427071,0,1427116,0.01,-0.10172770530000025,-0.8406363944999999,0,0.008195833333333222,0.03654583333333328,0,0,209,-1
1194,-576459471907,1.5087766583036877,1.65664557812062,0.05803550282292065,-0.10564214059986571,-0.8797249110534123,-0.047354251794901665,0,1427126,0.01,-0.03949306530000022,-0.8867139645000001,0,-0.05305416666666678,-0.05970416666666678,0,0,209,-1
1195,-576459471829,1.5093128400061442,1.6555866906362144,0.04920903669267845,-0.1061310452764366,-0.9005477425443137,-0.05830278944576322,0,1427136,0.01,-0.05983900530000021,-0.9034694445000001,0,-0.10555416666666678,0.13279583333333322,0,0,209,-1
1196,-576459471828,1.504452130268151,1.6603398819029551,0.03816964911155409,-0.10393287929292482,-0.8569299002200542,-0.06122357869955988,0,1427146,0.01,-0.06163423530000017,-0.8508093644999999,0,-0.11430416666666679,-0.015954166666666714,0,1,210,1
1197,-576459471828,1.5047918441190284,1.6592973948871552,0.029736000414087884,-0.10456108078386286,-0.7602512414380044,-0.07260402701367084,0,1427156,0.01,-0.07420084530000022,-0.7466860245,0,-0.02680416666666678,-0.050954166666666745,0,0,210,-1
1198,-576459471828,1.505052367559324,1.6582477040715191,0.02231732557175777,-0.10535756377548149,-0.6292307563260768,-0.12280864383122378,0,1427166,0.01,-0.1298529753000002,-0.6108469545,0,-0.3943041666666668,0.11529583333333315,0,0,210,-1
1199,-576459471827,1.5052468453366497,1.657187800718361,0.016457036884358272,-0.1066149351417411,-0.3213328903416589,-0.14367995153008153,0,1427176,0.01,-0.14660845530000022,-0.2781309945,0,-0.035554166666666775,0.1502958333333333,0,0,210,-1
1200,-576459471827,1.5053964579413956,1.6561141897122684,0.013416888172266515,-0.10809509978965824,-0.19790818417241007,-0.17458608132057202,0,1427186,0.01,-0.17892259530000026,-0.18059016449999998,0,-0.11430416666666679,0.027795833333333242,0,0,210,-1
1201,-576459471827,1.505532464741918,1.6549141301652983,0.01129751494538912,-0.11008141809603031,-0.16015567987969026,-0.21774729131411352,0,1427197,0.011,-0.2238033453000002,-0.15485853449999998,0,-0.07930416666666679,-0.02470416666666675,0,0,210,-1
1202,-576459471826,1.505637196720287,1.6538024671425122,0.009660122909106995,-0.11225302631703932,-0.1854226365666378,-0.21361217367798851,0,1427207,0.01,-0.2130319653000002,-0.1889679045,0,-0.1493041666666668,0.01029583333333317,0,0,210,-1
1203,-576459471826,1.5057241380049764,1.6526702480377846,0.007745493188228083,-0.11423507366713248,-0.22841473847887556,-0.1039496936644056,0,1427217,0.01,-0.08856268530000022,-0.23444706449999997,0,0.05194583333333323,-0.007204166666666678,0,0,210,-1
1204,-576459471819,1.507704192310638,1.6526906887524875,0.006003181504027145,-0.11453031631226147,-0.3864148553670657,0.02709422420932006,0,1427227,0.01,0.04548115469999978,-0.40858437449999996,0,-0.08805416666666678,-0.06845416666666682,0,1,211,2
1205,-576459471806,1.507744969691677,1.6514339638474804,0.001477867061922573,-0.11401785332326449,-0.5664383075882025,0.167590896134352,0,1427238,0.011,0.1873043246999998,-0.5916978344999999,0,-0.05305416666666678,0.11529583333333315,0,0,211,-1
1206,-576459471798,1.5025947384891363,1.655814089490001,-0.006368637287532243,-0.10966557764162993,-0.6772774380288809,0.19589970608917257,0,1427248,0.01,0.1998709346999998,-0.6928291244999999,0,-0.11430416666666679,0.12404583333333319,0,1,212,1
1207,-576459471788,1.502483983925301,1.654619039541353,-0.01377778619284708,-0.10759596866739884,-0.6505076836236654,0.14008245805804276,0,1427259,0.011,0.1322506046999998,-0.6467515545000001,0,-0.2455541666666668,0.22029583333333314,0,0,212,-1
1208,-576459471778,1.5023146457786198,1.6535502405199132,-0.020136011579844806,-0.1061713886604018,-0.5469812844846154,0.15682926905854894,0,1427269,0.01,0.1591790546999998,-0.5324552445,0,-0.13180416666666678,0.0715458333333332,0,0,212,-1
1209,-576459471768,1.5020871007063175,1.6524958457672514,-0.025424978736306204,-0.10468425514171498,-0.41826686646328,0.09906531508677496,0,1427279,0.01,0.09096031469999977,-0.40020663450000005,0,-0.1930541666666668,-0.10345416666666674,0,0,212,-1
1210,-576459471757,1.5018123915348724,1.6514537462429697,-0.029536815395722723,-0.10372640657256327,-0.3677936007469036,0.07568951926822823,0,1427289,0.01,0.0724096046999998,-0.36071157449999997,0,-0.2105541666666668,0.0977958333333333,0,0,212,-1
1211,-576459471748,1.501499137487756,1.6504200003133631,-0.033136084425117514,-0.10301110078655926,-0.31172916181266974,0.04604955055046439,0,1427299,0.01,0.0418906946999998,-0.3038626245,0,-0.14055416666666679,-0.21720416666666675,0,0,212,-1
1212,-576459471736,1.5011525256312763,1.6493922203090217,-0.03620098934179359,-0.10254615037229367,-0.27439350149169234,0.04922453494434701,0,1427309,0.01,0.04967002469999979,-0.2691548445,0,-0.3943041666666668,-0.23470416666666682,0,0,212,-1
1213,-576459471726,1.507503279170926,1.6523630756836645,-0.036670288352439726,-0.10001086070395951,-0.3679322520942404,0.06798302554187889,0,1427320,0.011,0.0706143746999998,-0.3810575145,0,-0.3505541666666668,-0.12095416666666681,0,1,213,2
1214,-576459471717,1.5071172088129028,1.6513659038621284,-0.04049989812065127,-0.09940292456165768,-0.47390238790044464,0.017288093488164936,0,1427330,0.01,0.010174964699999765,-0.4887713145,0,-0.4468041666666668,0.019045833333333206,0,0,213,-1
1215,-576459471704,1.5066879845942778,1.6503727494802973,-0.04532138739670028,-0.0992284852859552,-0.5325973518471168,0.01839709763957514,0,1427340,0.01,0.01855270469999977,-0.5408329845000001,0,-0.3680541666666668,-0.07720416666666674,0,0,213,-1
1216,-576459471696,1.5062082316741052,1.649381182770914,-0.050633193506815465,-0.09907599006327275,-0.5225019629805052,-0.004031863412710286,0,1427350,0.01,-0.007178925300000199,-0.5210854545,0,-0.2193041666666668,0.1502958333333333,0,0,213,-1
1217,-576459471687,1.5056769741071006,1.6483899512570044,-0.05567091183297085,-0.09915847096477647,-0.38901588906680634,-0.03408010385440503,0,1427360,0.01,-0.03829624530000021,-0.3702861345,0,-0.2980541666666668,-0.04220416666666682,0,0,213,-1
1218,-576459471677,1.5051020980578491,1.6473964690142995,-0.05936056879651085,-0.09952949506958293,-0.24611946772299223,-0.05561988622822641,0,1427370,0.01,-0.05864218530000018,-0.2260693245,0,-0.16680416666666678,-0.04220416666666682,0,0,213,-1
1219,-576459471665,1.49881485702283,1.6524198529877239,-0.0638954864693374,-0.09721695618323685,-0.12935393630249548,-0.0640420621886781,0,1427380,0.01,-0.06522469530000022,-0.11296983449999999,0,-0.4118041666666668,0.10654583333333312,0,1,214,1
1220,-576459471655,1.4981046096633084,1.6513466916916957,-0.06525560604913883,-0.0979069832323766,-0.08822221588457768,-0.054583630741189944,0,1427391,0.011,-0.053256495300000234,-0.0824509245,0,-0.2980541666666668,0.06279583333333316,0,0,214,-1
1221,-576459471645,1.4974477432320366,1.6503647668312338,-0.06612246322619156,-0.09847200846724251,-0.07738851704262009,-0.06811355836239696,0,1427401,0.01,-0.07001197530000018,-0.07586841449999998,0,-0.15805416666666677,0.04529583333333331,0,0,214,-1
1222,-576459471635,1.4967829507013313,1.6493765406204266,-0.06684949985544707,-0.09916875458316411,-0.04404404779812808,-0.07922437034146175,0,1427411,0.01,-0.08078335530000026,-0.03936540449999998,0,-0.18430416666666677,-0.05970416666666678,0,0,214,-1
1223,-576459471625,1.496112417837331,1.6483809409183816,-0.06726429835159288,-0.0999533430659813,-0.02577211384012468,-0.07376942228341801,0,1427421,0.01,-0.07300402530000018,-0.02320833449999999,0,-0.18430416666666677,-0.033454166666666785,0,0,214,-1
1224,-576459471615,1.4954384781577277,1.6473777203324798,-0.06752328281874773,-0.10069083181162969,-0.026672464163858794,-0.07362298260606215,0,1427431,0.01,-0.07360243530000016,-0.02679879449999998,0,-0.3155541666666668,0.0977958333333333,0,0,214,-1
1225,-576459471598,1.4947621228819088,1.6463671640315176,-0.06775702808039402,-0.10142188204835566,-0.003168274342023887,-0.06993152295130914,0,1427441,0.01,-0.06941356530000019,1.2965550000002132e-4,0,-0.14055416666666679,-0.04220416666666682,0,0,214,-1
1226,-576459471595,1.4962150367118003,1.6466422538147234,-0.06692151348739828,-0.10149940201237162,0.011269102915269905,-0.06947712719860381,0,1427451,0.01,-0.06941356530000019,0.013294675500000016,0,-0.28055416666666677,0.03654583333333328,0,1,215,2
1227,-576459471584,1.4954795279813669,1.6455217269026545,-0.06680525452165079,-0.10223873776817682,0.006223330111713737,-0.053153292159180125,0,1427462,0.011,-0.050862855300000225,0.005515345500000013,0,-0.2193041666666668,0.06279583333333316,0,0,215,-1
1228,-576459471575,1.494811922203264,1.644496871443623,-0.06672231801077592,-0.10274137250993338,0.020821000926912407,-0.03277748428811712,0,1427472,0.01,-0.02991850530000024,0.02286923550000002,0,-0.13180416666666678,0.22029583333333314,0,0,215,-1
1229,-576459471564,1.494145789506055,1.643467983878065,-0.06650642323266392,-0.10304350563384661,0.026290646300601458,-0.014526978062989759,0,1427482,0.01,-0.011966205300000223,0.02705810550000002,0,-0.12305416666666678,0.0977958333333333,0,0,215,-1
1230,-576459471554,1.4934821072162938,1.6424368049111913,-0.066232998454046,-0.1031915155205021,0.033785775724292345,-0.01647951948115789,0,1427492,0.01,-0.01675348530000021,0.03483743550000002,0,-0.1930541666666668,0.08904583333333327,0,0,215,-1
1231,-576459471545,1.4928214983856791,1.6414040117499342,0.0,0.0,0.0,0.0,1,1427502,0.01,-0.023335995300000228,0.037829485500000024,0,-0.061804166666666785,-0.033454166666666785,0,0,215,-1
1232,-576459471501,1.4928214946923886,1.6414038325990965,0.0,0.0,0.0,0.0,1,1427512,0.01,-0.02273758530000024,-4.6875449999998157e-4,0,-0.22805416666666678,-0.1472041666666668,0,0,215,-1
1233,-576459471500,1.4850197919370487,1.6495149030286507,-0.0030670997354757825,0.003880534578548806,-5.334155078987737e-7,1.0516625634817577e-6,1,1427522,0.01,-0.04368193530000019,0.015089905500000021,0,-0.12305416666666678,-0.12970416666666673,0,1,216,1
1234,-576459471500,1.4849859988379008,1.6495566967904067,-0.003074142128428157,0.0037492031607818848,-0.004609359010255871,-0.08606158776767131,0,1427533,0.011,-0.09813724530000026,-0.005256034499999979,0,-0.00930416666666678,0.03654583333333328,0,0,216,-1
1235,-576459471499,1.4849549922503362,1.6495897920626228,-0.003125505692748958,0.0028743124837841143,-0.008325126199597743,-0.09612659038743804,0,1427543,0.01,-0.09753883530000021,-0.008846494499999979,0,-0.061804166666666785,-0.12095416666666681,0,0,216,-1
1236,-576459471492,1.4849197998565022,1.6496154484492243,-0.0032618839988834457,0.001795782494343284,-0.03764508939937529,-0.10995971592752542,0,1427554,0.011,-0.11190067530000021,-0.041759044499999995,0,-0.20180416666666678,-0.05970416666666678,0,0,216,-1
1237,-576459471482,1.4848851966025842,1.6496279560347338,-0.003653873963619894,7.034479881474693e-4,-0.048599714500817584,-0.10483974134340254,0,1427564,0.01,-0.10412134530000025,-0.05013678449999998,0,-0.10555416666666678,0.06279583333333316,0,0,216,-1
1238,-576459471472,1.4848461919512652,1.6496299251094246,-0.004145451582290368,-3.175207420955269e-4,-0.052571538279001746,-0.0853177615947947,0,1427574,0.01,-0.08257858530000022,-0.05312883449999998,0,-0.2543041666666668,0.08904583333333327,0,0,216,-1
1239,-576459471461,1.4831411169398192,1.6486035928028857,-0.005332399411114113,-0.001655175448751759,-0.05306038029752451,-0.08081666292947011,0,1427584,0.01,-0.08018494530000028,-0.05312883449999998,0,-0.08805416666666678,-0.050954166666666745,0,1,217,2
1240,-576459471451,1.4830794727271521,1.6485805120613681,-0.005883318442348108,-0.002541711972921441,-0.03160454478431472,-0.0792131220126349,0,1427595,0.011,-0.07898812530000024,-0.02859402449999998,0,-0.05305416666666678,0.027795833333333242,0,0,217,-1
1241,-576459471441,1.4830192984667059,1.6485513753391436,-0.0061628716640081665,-0.0032970940421905262,-0.0058742627375767895,-0.053301726067618196,0,1427605,0.01,-0.04966603530000018,-0.002263984499999973,0,-0.2105541666666668,-0.09470416666666681,0,0,217,-1
1242,-576459471431,1.4829574046669098,1.6485157349231554,-0.006217166041130086,-0.0038307928801858287,-0.002708219675689053,-0.05378683806049302,0,1427615,0.01,-0.05385490530000022,-0.002263984499999973,0,-0.20180416666666678,-0.05970416666666678,0,0,217,-1
1243,-576459471419,1.482895105818209,1.648474779593557,-0.006242965081335006,-0.00436211699783472,-0.0017938692275316962,-0.0491235346975105,0,1427625,0.01,-0.04846921530000021,-0.0016655744999999789,0,-0.13180416666666678,-0.033454166666666785,0,0,217,-1
1244,-576459471411,1.4828262216496195,1.648423759034981,0.0,0.0,0.0,0.0,1,1427636,0.011,-0.05624854530000023,-0.013035364499999983,0,-0.12305416666666678,0.01029583333333317,0,0,217,-1
1245,-576459471399,1.482826056485014,1.648423299490774,-2.5144088571734272e-5,-6.995936408818983e-5,-0.017728724232992495,-0.049327310769231164,0,1427646,0.01,-0.05624854530000023,-0.020216284499999983,0,-0.3155541666666668,0.0715458333333332,0,0,217,-1
1246,-576459471390,1.4845122746082549,1.6466821777186598,4.4499950380933915e-4,-0.0013796515155001256,-0.028306516457865485,-0.03860426129553728,0,1427656,0.01,-0.03709942530000021,-0.029790844499999986,0,-0.12305416666666678,-0.05970416666666678,0,1,218,1
1247,-576459471379,1.4845154598345012,1.6466646579200943,1.340439607659221e-4,-0.0018054880890644503,-0.02803387016252461,-0.03938370032115436,0,1427667,0.011,-0.03949306530000022,-0.027995614499999977,0,-0.2630541666666668,-0.09470416666666681,0,0,218,-1
1248,-576459471370,1.4845154427779603,1.6466445450731648,-1.395486153917235e-4,-0.0022128582410746713,-0.023277326649020318,-0.048925598446869376,0,1427677,0.01,-0.05026444530000024,-0.022609924499999986,0,-0.10555416666666678,0.0977958333333333,0,0,218,-1
1249,-576459471359,1.4845127890611056,1.6466199975501659,-3.8698301482058717e-4,-0.0026978653805230517,-0.03371236848774582,-0.04590148586590753,0,1427687,0.01,-0.04547716530000021,-0.03517653449999998,0,-0.15805416666666677,0.11529583333333315,0,0,218,-1
1250,-576459471348,1.484506369450409,1.646587602766958,-7.757993857928567e-4,-0.0031942035319184056,-0.04549191743641022,-0.04028160447860273,0,1427698,0.011,-0.03949306530000022,-0.047144734499999986,0,-0.16680416666666678,0.19404583333333325,0,0,218,-1
1251,-576459471338,1.4844962940187185,1.6465540638211726,-0.0012372400216278977,-0.003533518622811205,-0.0500900231435968,0.004491194725851404,0,1427708,0.01,0.010773374699999784,-0.05073519449999998,0,-0.16680416666666678,0.0977958333333333,0,0,218,-1
1252,-576459471326,1.4844814214925526,1.646518870128978,0.0,0.0,0.0,0.0,1,1427718,0.01,-0.0059821053000002275,-0.04953837449999998,0,-0.12305416666666678,-0.10345416666666674,0,0,218,-1
1253,-576459471296,1.4901699183704271,1.6500157369310058,0.0022126055434354436,0.0016659213487858944,-0.03399633729249515,-0.015741012869729218,0,1427729,0.011,-0.01795030530000022,-0.0387669945,0,-0.3593041666666668,-0.050954166666666745,0,1,219,2
1254,-576459471295,1.4901922089571231,1.6500328186107136,0.0018394783039906342,0.0014509594975641435,-0.033456982656236554,-0.042867764965166845,0,1427740,0.011,-0.046673985300000186,-0.03338130449999997,0,-0.2193041666666668,-0.09470416666666681,0,0,219,-1
1255,-576459471256,1.4902089413101915,1.6500452076207026,0.0015064932134045003,0.0010257393923024341,-0.03234106202804652,-0.04043309039058589,0,1427750,0.01,-0.04009147530000021,-0.03218448449999998,0,-0.2193041666666668,-0.09470416666666681,0,0,219,-1
1256,-576459471255,1.4902222668646532,1.6500537548751335,0.0011641024581648405,6.697621328956753e-4,-0.045847959042632495,-0.00602298990095089,0,1427760,0.01,-0.0011948253000002049,-0.04774314449999999,0,-0.2105541666666668,-0.04220416666666682,0,0,219,-1
1257,-576459471255,1.490231421149354,1.650060666212648,6.753048753067536e-4,6.898569919707835e-4,-0.06745148185307365,0.051213582499705666,0,1427770,0.01,0.0592445846999998,-0.07048272449999998,0,-0.14055416666666679,-0.12095416666666681,0,0,219,-1
1258,-576459471254,1.4902343250310628,1.6500706650323345,-7.362894265839409e-5,0.001286245748221616,-0.12048835261555665,0.11125889181548723,0,1427780,0.01,0.11968399469999978,-0.1279300845,0,-0.2193041666666668,-0.12970416666666673,0,0,219,-1
1259,-576459471254,1.490227142640461,1.650089793331575,-0.0013443667354067633,0.0025086060709802118,-0.16742224614339915,0.1894922347371252,0,1427790,0.01,0.2004693446999998,-0.1740076545,0,-0.2105541666666668,0.03654583333333328,0,0,219,-1
1260,-576459471246,1.4882764931039671,1.6521305321355952,-0.003839570517777033,0.005463276757394796,-0.21413009239262518,0.26104261224566716,0,1427800,0.01,0.2710817246999998,-0.2206836345,0,-0.4205541666666668,-0.007204166666666678,0,1,220,1
1261,-576459471236,1.4882211248671062,1.652207349284008,-0.006222190216947932,0.00847151626069377,-0.23194711488949854,0.3506621325861631,0,1427811,0.011,0.36323686469999983,-0.23444706449999997,0,-0.5430541666666667,-0.09470416666666681,0,0,220,-1
1262,-576459471225,1.488147705187065,1.6523093976334928,-0.008480763361941071,0.01194763270603321,-0.18900861016921583,0.3291533886880225,0,1427821,0.01,0.32613544469999983,-0.18298380449999999,0,-0.3593041666666668,0.01029583333333317,0,0,220,-1
1263,-576459471215,1.488053955131236,1.6524446101754742,-0.01029190769234623,0.015127064345664862,-0.1328217491518708,0.24936454126904037,0,1427831,0.01,0.2381691746999998,-0.1249380345,0,-0.3943041666666668,-0.07720416666666674,0,0,220,-1
1264,-576459471205,1.4879446412257258,1.65260870440547,-0.01158170142507262,0.017676158011620095,-0.10544179256998965,0.28887579493324017,0,1427841,0.01,0.2944197146999998,-0.10160004449999999,0,-0.22805416666666678,-0.1472041666666668,0,0,220,-1
1265,-576459471194,1.487823266453845,1.6528003872929717,-0.012680727030750901,0.020639481250147963,-0.13723283612541054,0.3420170556132183,0,1427851,0.01,0.3494734346999998,-0.14169351449999998,0,-0.4818041666666668,-0.2784541666666668,0,0,220,-1
1266,-576459471184,1.491512880241056,1.6554138816555566,-0.012618779121426405,0.025715905756522862,-0.109657675615007,0.4519374435712378,0,1427862,0.011,0.46736020469999984,-0.10578891449999998,0,-0.2893041666666668,-0.11220416666666677,0,1,221,2
1267,-576459471174,1.491367998745267,1.6557251644278228,-0.013742950101435253,0.030840710044630855,-0.05641111804835001,0.5515259412180133,0,1427873,0.011,0.5654994446999998,-0.048939964499999974,0,-0.3243041666666668,-0.24345416666666675,0,0,221,-1
1268,-576459471163,1.4912279328985785,1.656061169080388,-0.014279125649186458,0.03635921200735859,-0.03673983929939588,0.5538092746517042,0,1427883,0.01,0.5541296546999999,-0.03397971449999997,0,-0.4118041666666668,-0.21720416666666675,0,0,221,-1
1269,-576459471153,1.491083150770657,1.656452591990444,-0.014670407466154523,0.04191908490373107,-0.05373609821673914,0.5693087725790149,0,1427893,0.01,0.5714835446999998,-0.056120884499999996,0,-0.5343041666666668,-0.08595416666666678,0,0,221,-1
1270,-576459471144,1.4909334955903393,1.6569011859454732,-0.015248999472767687,0.04775845935343279,-0.08311585904867327,0.6735475054438115,0,1427903,0.01,0.6881734946999999,-0.08723820449999999,0,-0.5605541666666668,-0.11220416666666677,0,0,221,-1
1271,-576459471132,1.490776746580442,1.6574130771804338,-0.01609627577946811,0.05459219323277683,-0.09460261932471106,0.7435745239990046,0,1427913,0.01,0.7534001846999997,-0.0962143545,0,-0.4205541666666668,-0.16470416666666676,0,0,221,-1
1272,-576459471122,1.4861742199416808,1.6626613901494374,-0.018812184338297275,0.0649163523258881,-0.059281979428797905,0.7060114640409602,0,1427924,0.011,0.7007401046999999,-0.054325654499999966,0,-0.6305541666666669,0.019045833333333206,0,1,222,1
1273,-576459471111,1.4859642673777649,1.6634178169123819,-0.019382366445229116,0.07262925201058433,-0.0061312343638837,0.6714764291497692,0,1427935,0.011,0.6666307346999998,0.0013264755000000185,0,-0.4030541666666668,-0.35720416666666677,0,0,222,-1
1274,-576459471101,1.485751943869139,1.6642553424474658,-0.019271275431601394,0.07972792782576776,0.10956248879209604,0.485129284257485,0,1427946,0.011,0.4589824646999998,0.12579575550000002,0,-0.4555541666666668,-0.1997041666666668,0,0,222,-1
1275,-576459471089,1.4855649756603724,1.6650755449120027,-0.018135305681855344,0.08437745342844996,0.13796728035051536,0.34307532940734253,0,1427956,0.01,0.3231433946999998,0.14195282550000002,0,-0.4643041666666668,-0.26970416666666674,0,0,222,-1
1276,-576459471080,1.4853907379457958,1.6659367473579665,-0.016721961181341016,0.08785075101775348,0.16192872686338433,0.37335069480179117,0,1427966,0.01,0.37759870469999984,0.16529081550000005,0,-0.3680541666666668,-0.20845416666666683,0,0,222,-1
1277,-576459471071,1.4852316885013885,1.6668343005275872,-0.01509117153627131,0.0916432479154006,0.1701248917406687,0.4153847364382606,0,1427976,0.01,0.4212826346999998,0.17127491550000004,0,-0.4905541666666668,-0.24345416666666675,0,0,222,-1
1278,-576459471060,1.4850888441022252,1.6677719306924734,-0.013458460240590346,0.09586399655824351,0.121279570861127,0.46306386991929605,0,1427986,0.01,0.46975384469999976,0.11442596550000002,0,-0.4468041666666668,-0.1472041666666668,0,0,222,-1
1279,-576459471050,1.4866690475968918,1.6698194898220857,-0.011612107459920026,0.10087032401186778,0.08640666392263967,0.3608267007334776,0,1427996,0.01,0.34648138469999984,0.08151341550000003,0,-0.20180416666666678,0.01029583333333317,0,1,223,2
1280,-576459471040,1.4865569920558235,1.670844999048691,-0.0107901360243503,0.10428422525448339,0.05640143227729248,0.2223000016076787,0,1428006,0.01,0.2028629846999998,0.052191325500000024,0,-0.11430416666666679,0.0715458333333332,0,0,223,-1
1281,-576459471029,1.4864518508692202,1.671897748020636,-0.0102357194740864,0.10631837160350813,0.04956070458296144,0.08770455766447632,0,1428016,0.01,0.0688191446999998,0.04860086550000003,0,-0.13180416666666678,-0.06845416666666682,0,0,223,-1
1282,-576459471020,1.4863418910773134,1.6730735017451484,-0.009743894893278754,0.10742122947194366,0.01460845092591087,0.17819750055181469,0,1428027,0.011,0.19089478469999982,0.009704215500000024,0,-0.12305416666666678,-0.033454166666666785,0,0,223,-1
1283,-576459471009,1.4862449126999135,1.674157402299883,-0.009638890873317046,0.10932170642764101,-0.014356861332536195,0.26175167585003517,0,1428037,0.01,0.2734753646999998,-0.01842105449999998,0,-0.18430416666666677,0.12404583333333319,0,0,223,-1
1284,-576459470998,1.4861380119405454,1.675377396371717,-0.009797451158310676,0.11243639927838847,-0.014772302888376367,0.415821758041402,0,1428048,0.011,0.43743970469999977,-0.014830594499999983,0,-0.14055416666666679,-0.04220416666666682,0,0,223,-1
1285,-576459470984,1.4831342668662735,1.6798774460884978,-0.01108490965568008,0.11937585071486109,9.195876466177692e-4,0.46994036292182023,0,1428061,0.013,0.4775331746999998,0.0031217055000000186,0,-0.13180416666666678,0.01029583333333317,0,1,224,1
1286,-576459470974,1.483012791989158,1.6812173571683635,-0.011017265529258068,0.12431787221397102,0.037486038195488305,0.3254630558340138,0,1428072,0.011,0.30519109469999983,0.04261676550000002,0,-0.18430416666666677,-0.23470416666666682,0,0,224,-1
1287,-576459470963,1.4829044570793626,1.6824771087421935,-0.010647954652015476,0.12761743459441552,0.03358900734415406,0.35701456585604596,0,1428082,0.01,0.3614416346999998,0.03304220550000002,0,0.07819583333333323,-0.18220416666666683,0,0,224,-1
1288,-576459470954,1.4827995715167708,1.6837703976532123,-0.010325279279402678,0.13107353336881172,0.024188275035227302,0.27588298364250885,0,1428092,0.01,0.26449921469999976,0.02286923550000002,0,-0.11430416666666679,-0.04220416666666682,0,0,224,-1
1289,-576459470945,1.4826973477197283,1.6850946861899117,-0.010111533732610896,0.13379478479775161,0.004139559385722025,0.24910708582120894,0,1428102,0.01,0.2453500946999998,0.0013264755000000185,0,-0.07930416666666679,-0.04220416666666682,0,0,224,-1
1290,-576459470934,1.4825965020780394,1.6864451682504706,-0.010060345393536925,0.1362981686566167,0.01111860823985397,0.2578822588969726,0,1428112,0.01,0.2591135246999998,0.01209785550000002,0,-0.1493041666666668,0.019045833333333206,0,0,224,-1
1291,-576459470924,1.4824963255361807,1.6878208227182236,-0.009969307944393576,0.13884242611202147,-0.003241178077391594,0.23324793622182402,0,1428122,0.01,0.22979143469999977,-0.005256034499999979,0,-0.05305416666666678,-0.02470416666666675,0,0,224,-1
1292,-576459470914,1.4854857461037734,1.6911765352990702,-0.008813292176430024,0.1420477611970412,-0.037544065959740906,0.17406586183973935,0,1428132,0.01,0.1657615646999998,-0.04235745449999998,0,-0.00930416666666678,-0.007204166666666678,0,1,225,2
1293,-576459470903,1.4853861414737757,1.6927496213703757,-0.009283174734596255,0.14396658926154618,-0.07482614555041527,0.17675415392221056,0,1428143,0.011,0.1771313546999998,-0.08005728449999998,0,-0.28055416666666677,-0.12095416666666681,0,0,225,-1
1294,-576459470893,1.4852894552839127,1.6941998721241138,-0.010048363024915626,0.14600030485240348,-0.08676048798694999,0.36443041379778085,0,1428153,0.01,0.3907637246999998,-0.08843502449999999,0,-0.035554166666666775,0.027795833333333242,0,0,225,-1
1295,-576459470883,1.4851852703325812,1.6956789983196954,-0.010817020369266864,0.14978470096635446,-0.01633449611419162,0.4641409567461546,0,1428163,0.01,0.47813158469999983,-0.006452854499999985,0,-0.3680541666666668,-0.015954166666666714,0,0,225,-1
1296,-576459470872,1.4850664557504176,1.6973553767425378,-0.010827273477730244,0.15498747907447466,0.09466279636351123,0.5278382439469799,0,1428174,0.011,0.5367757646999998,0.11023709550000002,0,-0.3243041666666668,0.08029583333333323,0,0,225,-1
1297,-576459470860,1.484953649606711,1.6990923428451128,-0.009705075541373847,0.16081791335434284,0.14715423457831062,0.5435476849563263,0,1428185,0.011,0.5457519146999998,0.15451943550000002,0,-0.30680416666666677,-0.10345416666666674,0,0,225,-1
1298,-576459470849,1.4817474846572085,1.704002386551166,-0.009531289308671578,0.1677642194276578,0.08959012422055661,0.5029741800616517,0,1428195,0.01,0.4972807046999998,0.08151341550000003,0,-0.1930541666666668,-0.07720416666666674,0,1,226,1
1299,-576459470840,1.4816475476676751,1.7058783602649907,-0.008620781101522512,0.17331737327376165,0.040525054371663184,0.5163484749660436,0,1428206,0.011,0.5182250546999998,0.03364061550000002,0,-0.08805416666666678,0.03654583333333328,0,0,226,-1
1300,-576459470830,1.4815631885066158,1.7076382271176562,-0.008242704429763003,0.17861420775941902,0.021368296612282945,0.6103549397751007,0,1428216,0.01,0.6235452146999999,0.01868036550000002,0,-0.3418041666666668,0.01029583333333317,0,0,226,-1
1301,-576459470820,1.4814820648509697,1.7094547495208834,-0.007992517986319116,0.1846964059559734,0.04734907895828563,0.5951585473529113,0,1428226,0.01,0.5930263046999998,0.050994505500000016,0,-0.05305416666666678,0.01029583333333317,0,0,226,-1
1302,-576459470810,1.4814052108271223,1.7113314263772204,-0.007409228502957197,0.19064094862887807,0.12558908992724427,0.5901400081054604,0,1428236,0.01,0.5894358446999998,0.13656713550000005,0,-0.28055416666666677,0.0015458333333331353,0,0,226,-1
1303,-576459470682,1.4813378806156028,1.7132679644868158,-0.006077976345125883,0.19663941581794941,0.17929760374989429,0.6593178623075456,0,1428246,0.01,0.6690243746999998,0.18683357550000004,0,-0.1493041666666668,-0.06845416666666682,0,0,226,-1
1304,-576459470681,1.48128590350768,1.7152665523322672,-0.004310334957643293,0.20311199876595276,0.16124176412104407,0.573370111878046,0,1428256,0.01,0.5613105746999999,0.15870830550000004,0,-0.08805416666666678,-0.06845416666666682,0,0,226,-1
1305,-576459470681,1.4812502953670315,1.7173264155428944,-0.002786448705752027,0.2088573687428687,0.09814588169186017,0.5816864492470833,0,1428266,0.01,0.5828533346999998,0.08929274550000003,0,-0.14055416666666679,0.06279583333333316,0,0,226,-1
1306,-576459470680,1.4812263584649168,1.7194436018369577,-0.001957994682029421,0.21460056363319244,-0.010899905763187182,0.5291824746341031,0,1428276,0.01,0.5218155146999999,-0.026200384499999986,0,-0.13180416666666678,0.019045833333333206,0,0,226,-1
1307,-576459470680,1.4812058065103881,1.721616428170665,-0.0021336818715300514,0.21994885669215483,-0.058428221344368675,0.5694271734643144,0,1428286,0.01,0.5750740046999998,-0.06509703449999998,0,-0.11430416666666679,0.14154583333333326,0,0,226,-1
1308,-576459470680,1.4811815428858364,1.7238441214103009,-0.002718806606378322,0.22560147907771447,-0.05902868235959082,0.539743879605951,0,1428296,0.01,0.5355789446999999,-0.05911293449999999,0,-0.2368041666666668,0.019045833333333206,0,0,226,-1
1309,-576459470679,1.481151789335235,1.7261274913378426,-0.0032488182321450186,0.2310563808825028,-0.01607083428249334,0.5806974938275234,0,1428306,0.01,0.5864437946999997,-0.010043314499999977,0,-0.1755541666666668,-0.050954166666666745,0,0,226,-1
1310,-576459470679,1.4811182763578177,1.7284670079962126,-0.0034440805479444294,0.23685054564508484,-0.040697287202582394,0.5715677422693072,0,1428316,0.01,0.5702867246999999,-0.04415268449999999,0,-0.2980541666666668,0.04529583333333331,0,0,226,-1
1311,-576459470679,1.4810780072912935,1.731107381748096,-0.0038803573404452107,0.2432017501301344,-0.03323196232728412,0.6134760837340243,0,1428327,0.011,0.6193563446999999,-0.03218448449999998,0,-0.2980541666666668,0.1502958333333333,0,0,226,-1
1312,-576459470679,1.4810376924533621,1.733570888639536,-0.004189790241324846,0.24946067542952452,-0.01709483407704699,0.7010228199506334,0,1428337,0.01,0.7133067146999998,-0.014830594499999983,0,-0.3505541666666668,-0.08595416666666678,0,0,226,-1
1313,-576459470679,1.4809946445317048,1.736099827648403,-0.004406610947489419,0.2563592221893381,-0.049744500648894,0.6215335296795668,0,1428347,0.01,0.6103801946999998,-0.054325654499999966,0,-0.14055416666666679,0.0715458333333332,0,0,226,-1
1314,-576459470678,1.48094761139946,1.7386938705155195,-0.004978919971316299,0.2624768762936297,-0.10309101567800749,0.5519279783175869,0,1428357,0.01,0.5421614546999998,-0.11057619449999997,0,-0.11430416666666679,0.0015458333333331353,0,0,226,-1
1315,-576459470579,1.4808923021527913,1.7413464605118245,-0.006066902887409673,0.26803126430395496,-0.14376568330088194,0.576948942562414,0,1428367,0.01,0.5804596946999998,-0.14947284449999998,0,-0.13180416666666678,0.17654583333333318,0,0,226,-1
1316,-576459470579,1.4786281314813061,1.7464871197423035,-0.008443931093344244,0.27497121297266336,-0.2043971255047879,0.5821271152345044,0,1428377,0.01,0.5828533346999998,-0.2129043045,0,-0.2543041666666668,0.15904583333333333,0,1,228,1
1317,-576459470578,1.4785339897156633,1.7492661657764734,-0.010407065633449262,0.2808279852393075,-0.14678514159854583,0.6074285053314299,0,1428387,0.01,0.6109786046999999,-0.13870146449999998,0,-0.2893041666666668,0.01029583333333317,0,0,228,-1
1318,-576459470578,1.4784231942107136,1.752104299121415,-0.011778820312049782,0.28682122506479724,-0.07829720314201745,0.5496676151929076,0,1428397,0.01,0.5415630446999998,-0.06868749449999999,0,-0.11430416666666679,0.16779583333333314,0,0,228,-1
1319,-576459470577,1.4783017977402815,1.7549990871111547,-0.012513887852214101,0.2921761261825866,-0.044155859216098735,0.4486251656906238,0,1428407,0.01,0.4344476546999998,-0.03936540449999998,0,-0.12305416666666678,0.1502958333333333,0,0,228,-1
1320,-576459470576,1.47817511584808,1.7579417158065576,-0.01285162035064072,0.2964181438860683,0.029840514899610045,0.27456077170721754,0,1428417,0.01,0.2501373746999998,0.04022312550000002,0,-0.3593041666666668,0.054045833333333126,0,0,228,-1
1321,-576459470576,1.4780481829031709,1.7609196544506327,-0.012538967018970998,0.2991683066598345,0.03999512723153428,0.27780713903226184,0,1428427,0.01,0.2782626446999998,0.04141994550000003,0,-0.1493041666666668,0.22904583333333317,0,0,228,-1
1322,-576459470576,1.4779243893130694,1.763924797701756,-0.012202059379327732,0.30187919639342903,-0.004935771235172845,0.22992709037591785,0,1428437,0.01,0.2232089246999998,-0.011240134499999974,0,-0.20180416666666678,0.0977958333333333,0,0,228,-1
1323,-576459470576,1.477802034541088,1.766956362661461,-0.012265065064950191,0.3043778451714256,-0.014662617171321448,0.3720227572740977,0,1428447,0.01,0.39196054469999986,-0.01602741449999998,0,-0.3943041666666668,0.027795833333333242,0,0,228,-1
1324,-576459470575,1.4776786447213097,1.7700186070209276,-0.012412634255974577,0.3080769533488453,-0.015334702568902868,0.35697106423215474,0,1428457,0.01,0.3548591246999998,-0.015429004499999985,0,-0.2630541666666668,0.17654583333333318,0,0,228,-1
1325,-576459470477,1.477553633030692,1.773117925117135,-0.012584505509110602,0.3117559871093287,-0.02853683175528652,0.4348851328837884,0,1428467,0.01,0.4458174446999998,-0.030389254499999973,0,-0.18430416666666677,0.13279583333333322,0,0,228,-1
1326,-576459470476,1.4773760994365122,1.7763149116544807,-0.012896089236076028,0.3161494864658131,-0.03330998567700609,0.4470961461669302,0,1428477,0.01,0.44880949469999976,-0.03397971449999997,0,-0.3418041666666668,0.14154583333333326,0,1,230,1
1327,-576459470476,1.4772191907494752,1.780142514052603,-0.013263885958608196,0.3217378084022689,-0.013955771237552594,0.5824168664536806,0,1428489,0.012,0.6014040446999998,-0.011240134499999974,0,-0.47305416666666683,0.19404583333333325,0,0,230,-1
1328,-576459470475,1.4770858173164754,1.7833900600545374,-0.013409056254762491,0.3277174821783301,-0.017871613220390967,0.6909037387094605,0,1428499,0.01,0.7061257946999998,-0.01842105449999998,0,-0.2455541666666668,-0.007204166666666678,0,0,230,-1
1329,-576459470475,1.4769509100740166,1.7867022742357248,-0.013575899421590076,0.33470288568260453,-0.00943223422213363,0.7451853853018457,0,1428509,0.01,0.7528017746999998,-0.008248084499999976,0,-0.1493041666666668,0.28154583333333316,0,0,230,-1
1330,-576459470475,1.476814740798813,1.7900869485185769,-0.013660661969813423,0.3422149375698852,-0.0026212414096216307,0.7880742273242881,0,1428519,0.01,0.7940920646999998,-0.0016655744999999789,0,-0.2193041666666668,0.1502958333333333,0,0,230,-1
1331,-576459470474,1.4766777088014702,1.793547709526435,-0.013732825279061122,0.3499720133384587,-0.035368909779132596,0.6999412380384384,0,1428529,0.01,0.6875750846999998,-0.039963814499999986,0,-0.3243041666666668,0.12404583333333319,0,0,230,-1
1332,-576459470474,1.476538311857134,1.7970812966955025,-0.014133402866259932,0.35679495286491175,-0.06878594876549905,0.5741704928003546,0,1428539,0.01,0.5565232946999998,-0.07347477449999998,0,-0.4643041666666668,0.0715458333333332,0,0,230,-1
1333,-576459470474,1.47639308668309,1.800678230612786,-0.014891828706547018,0.3625797402430317,-0.11907822353195528,0.6048751323102084,0,1428549,0.01,0.6091833746999998,-0.1261348545,0,-0.2368041666666668,0.04529583333333331,0,0,230,-1
1334,-576459470474,1.4762380551608367,1.8043337635137375,-0.016107493149697873,0.36854911505782556,-0.13681165390331215,0.5483038749363334,0,1428559,0.01,0.5403662246999998,-0.1392998745,0,-0.3943041666666668,0.11529583333333315,0,0,230,-1
1335,-576459470375,1.4760703604969658,1.8080462631380412,-0.017441118667465935,0.3739686348192664,-0.11223006659472501,0.5030341934337182,0,1428569,0.01,0.4966822946999998,-0.10878096449999998,0,-0.37680416666666683,0.027795833333333242,0,0,230,-1
1336,-576459470374,1.4802091397235864,1.8146878300854472,-0.016745824625500345,0.38024639266031807,-0.030488532325735323,0.4030042968361749,0,1428579,0.01,0.38896849469999983,-0.01901946449999998,0,-0.3593041666666668,0.29904583333333323,0,1,231,2
1337,-576459470373,1.4800391979488987,1.8185095459944791,-0.01720373577444303,0.3841339959008482,-0.1395551351132671,0.30148343314520654,0,1428589,0.01,0.2872387946999998,-0.15485853449999998,0,-0.22805416666666678,0.2377958333333332,0,0,231,-1
1338,-576459470373,1.479862073792056,1.8223655827383642,-0.01830370630400078,0.3870900676951379,0.0711043873224412,0.25960403461296716,0,1428599,0.01,0.2537278346999998,0.10066253550000002,0,-0.5343041666666668,0.06279583333333316,0,0,231,-1
1339,-576459470372,1.4796827588834067,1.826249030744056,-0.01756660047714493,0.38961849868322845,0.08967860236784977,0.21141915232202657,0,1428609,0.01,0.20465821469999979,0.09228479550000003,0,-0.37680416666666683,0.027795833333333242,0,0,231,-1
1340,-576459470372,1.4795115407708122,1.830155568405863,-0.016675443531484722,0.39169859958559744,0.08566678352540275,0.18712292696733027,0,1428619,0.01,0.18371386469999978,0.08510387550000002,0,-0.3505541666666668,0.15904583333333333,0,0,231,-1
1341,-576459470372,1.4793490086649046,1.8340809595901184,-0.015828304270413988,0.3934213138746244,0.0788758130298063,0.08127700285548115,0,1428629,0.01,0.06642550469999979,0.07792295550000003,0,-0.3418041666666668,0.12404583333333319,0,0,231,-1
1342,-576459470372,1.4791798141087766,1.838413523264735,-0.014939520409811446,0.3943171082575511,0.0927339646566374,0.0824219275422024,0,1428640,0.011,0.08258257469999979,0.09467843550000002,0,-0.2718041666666668,0.11529583333333315,0,0,231,-1
1343,-576459470371,1.4790350812663196,1.84236043053872,-0.014008273779140814,0.3950827297611463,0.09548872798110487,0.04110540598090686,0,1428650,0.01,0.03530818469999979,0.09587525550000002,0,-0.14055416666666679,0.18529583333333322,0,0,231,-1
1344,-576459470371,1.4788999468860478,1.8463135518881717,-0.01302636726423254,0.39553087934186915,0.11471967474822702,0.06750815148486262,0,1428660,0.01,0.07121278469999978,0.11741801550000001,0,-0.4555541666666668,0.0015458333333331353,0,0,231,-1
1345,-576459470371,1.478775322483802,1.850272765611583,-0.011894260936372802,0.39628858353789376,0.10396656095860872,0.12638332623280635,0,1428670,0.01,0.13464424469999978,0.10245776550000003,0,-0.3243041666666668,0.027795833333333242,0,0,231,-1
1346,-576459470272,1.4788728891383864,1.8539936387246876,-0.010820777412045337,0.39748686142180706,0.06958246666113135,0.16406481019212693,0,1428680,0.01,0.16935202469999977,0.06475793550000002,0,-0.18430416666666677,0.14154583333333326,0,1,232,1
1347,-576459470271,1.478757545220294,1.8583751889307996,-0.010131507296898094,0.399184123811734,0.019695961895686086,0.09365830244883691,0,1428691,0.011,0.0837793946999998,0.012696265500000017,0,-0.1930541666666668,0.19404583333333325,0,0,232,-1
1348,-576459470271,1.4786469808088063,1.8627722228048527,-0.009959093111644356,0.40026329311154896,-0.00900786147250891,0.12540281517836857,0,1428702,0.011,0.1298569646999998,-0.013035364499999983,0,-0.07930416666666679,0.054045833333333126,0,0,232,-1
1349,-576459470270,1.4785468572003302,1.8667814380273127,-0.010061640008837042,0.4015646024149899,-0.01778756326215191,0.15869641851998942,0,1428712,0.01,0.16336792469999978,-0.01901946449999998,0,-0.2455541666666668,0.08904583333333327,0,0,232,-1
1350,-576459470270,1.478445821479229,1.8708035498811155,-0.010166553745866435,0.4029235594274062,0.0341346183517188,-0.00356127504491352,0,1428722,0.01,-0.026328045300000224,0.04141994550000003,0,-0.09680416666666679,0.14154583333333326,0,0,232,-1
1351,-576459470269,1.4783459343047163,1.8748321965041586,-0.00981403212750791,0.4028238409543792,0.04209783699181098,-0.049240738997516444,0,1428732,0.01,-0.055650135300000174,0.04321517550000002,0,-5.54166666666786e-4,0.11529583333333315,0,0,232,-1
1352,-576459470268,1.4782494219654492,1.87885859199482,-0.009467522331942348,0.4024281076816933,-0.01097436517989437,0.019656891214748333,0,1428742,0.01,0.029324084699999788,-0.01842105449999998,0,-0.2193041666666668,0.1502958333333333,0,0,232,-1
1353,-576459470268,1.478153285949041,1.8828839556595038,-0.009719704639292736,0.4026402535009466,-0.11248943851401255,0.03075844831582346,0,1428752,0.01,0.032316134699999784,-0.1267332645,0,-0.13180416666666678,0.08904583333333327,0,0,232,-1
1354,-576459470268,1.4780497015603768,1.8869125307454828,-0.010963738932429419,0.4030469499605133,-0.1973998577727483,0.1013950604468773,0,1428762,0.01,0.11130625469999979,-0.2093138445,0,-0.14055416666666679,-0.06845416666666682,0,0,232,-1
1355,-576459470267,1.4779294638112979,1.8909483461088128,-0.013051801593752254,0.40410402179041943,-0.27869278662022073,0.13212735233762313,0,1428772,0.01,0.13643947469999979,-0.2900991945,0,-0.20180416666666678,0.12404583333333319,0,0,232,-1
1356,-576459470263,1.477785397480943,1.8949959748062328,-0.01577839564912111,0.40542250166192195,-0.2356931655521095,0.13013632988592488,0,1428782,0.01,0.1298569646999998,-0.2296597845,0,-0.09680416666666679,0.12404583333333319,0,0,232,-1
1357,-576459470253,1.4790049761850186,1.897727016100006,-0.017775012196000528,0.40602215142420867,-0.2020640954520771,0.12569287470102794,0,1428793,0.011,0.1250696846999998,-0.19734564449999997,0,-0.10555416666666678,0.06279583333333316,0,1,233,1
1358,-576459470243,1.478796315974637,1.9022007701160686,-0.020128033422059294,0.4073917965158654,-0.2866135899944604,0.11727470806422158,0,1428804,0.011,0.11609353469999978,-0.29847693450000007,0,-0.18430416666666677,0.2377958333333332,0,0,233,-1
1361,-576459470170,1.4801481502123761,1.9167660120675232,-0.02945409070601014,0.4161185926540765,-0.14663656576791714,0.4507283164306316,0,1428836,0.011,0.4619745146999998,-0.11955234449999996,0,-0.3418041666666668,0.12404583333333319,0,0,234,-1
1362,-576459470169,1.4798462639676766,1.9209498711898474,-0.03092249817593795,0.4206465893754134,-0.14807429344495238,0.4653136948962726,0,1428846,0.01,0.46736020469999984,-0.1482760245,0,-0.4643041666666668,0.10654583333333312,0,0,234,-1
1363,-576459470169,1.4795301135579442,1.9251788873261826,-0.03232900950780554,0.42518868440411794,-0.09524870136097667,0.3862926930023577,0,1428856,0.01,0.3752050646999998,-0.08783661449999997,0,-0.1755541666666668,0.08904583333333327,0,0,234,-1
1364,-576459470168,1.4792018032195828,1.9294491893907482,-0.03332171748870978,0.42891129415651985,-0.12390872685797222,0.2863076836940442,0,1428866,0.01,0.2722785446999998,-0.1279300845,0,-0.2980541666666668,0.054045833333333126,0,0,234,-1
1365,-576459470067,1.4788625381150506,1.9337512905160248,-0.034537771959268056,0.4315671312867563,-0.10749373218789206,0.13861226664230467,0,1428876,0.01,0.11788876469999979,-0.1051905045,0,-0.3505541666666668,0.18529583333333322,0,0,234,-1
1366,-576459470066,1.4794570113901346,1.9369492739254721,-0.03533170034134319,0.43231702727333227,-0.16792233780194815,0.06586175806964015,0,1428886,0.01,0.05565412469999978,-0.17640129449999997,0,-0.4993041666666668,0.10654583333333312,0,1,235,1
1367,-576459470066,1.4790583681787899,1.9417074795014209,-0.03715335646665189,0.432854855918343,-0.1512182285550031,-0.05644173566202755,0,1428897,0.011,-0.07360243530000016,-0.14887443449999999,0,-0.4818041666666668,0.08029583333333323,0,0,235,-1
1368,-576459470066,1.4786411038746405,1.9464652382309058,-0.038735131107535965,0.4322010955146185,-0.09825944042151699,-0.07778818346978342,0,1428908,0.011,-0.08078335530000026,-0.09082866449999996,0,-0.3243041666666668,0.0715458333333332,0,0,235,-1
1369,-576459470066,1.4782091834694944,1.9512155645582154,-0.03980026015134199,0.43146203577372283,-0.08806956115722432,-0.0022229994240627188,0,1428919,0.011,0.008379734699999773,-0.08663979449999999,0,-0.3155541666666668,-0.12095416666666681,0,0,235,-1
1370,-576459470065,1.4778070699602313,1.9555303482465554,-0.0406366887124072,0.4314813364966023,-0.056903421143980754,0.02701663125066959,0,1428929,0.01,0.03111931469999978,-0.05253042449999998,0,-0.2193041666666668,-0.09470416666666681,0,0,235,-1
1371,-576459470065,1.4773978165956967,1.959845993797582,-0.041212132982713465,0.43167101559247906,-0.06146494590483896,-0.03025966881477063,0,1428939,0.01,-0.03829624530000021,-0.06210498449999999,0,-0.3418041666666668,0.0015458333333331353,0,0,235,-1
1372,-576459470064,1.4769826877804317,1.9641609151379895,-0.04181652317007474,0.43132538736486786,-0.05415457093104523,-0.06092234139221258,0,1428949,0.01,-0.06522469530000022,-0.05312883449999998,0,-0.4293041666666668,0.2027958333333333,0,0,235,-1
1373,-576459470064,1.4765619502272056,1.968471659589702,-0.04233692540735767,0.4307999675823486,-0.039086063324472356,-0.0011972566924911346,0,1428959,0.01,0.007182914699999768,-0.03697176449999999,0,-0.3155541666666668,0.11529583333333315,0,0,235,-1
1374,-576459470064,1.4761370016633215,1.9727801887879548,-0.04266922338510016,0.43088003922342627,0.0026511464379523203,0.06440202981438925,0,1428969,0.01,0.0736064246999998,0.00850739550000002,0,-0.37680416666666683,0.04529583333333331,0,0,235,-1
1375,-576459470060,1.475711275501932,1.977092932446876,-0.04251253919757482,0.4316369985414638,0.09542459769508257,0.14489310662324267,0,1428979,0.01,0.1561870046999998,0.10844186550000003,0,-0.4905541666666668,0.14154583333333326,0,0,235,-1
1376,-576459470057,1.4752911323417228,1.9814172442800908,-0.04152534027982911,0.4331948127225331,0.1189100015609853,0.22249358368046565,0,1428989,0.01,0.2333818946999998,0.12220529550000003,0,-0.2543041666666668,-0.050954166666666745,0,0,235,-1
1377,-576459470047,1.4782657177953495,1.9885131527445068,-0.03895123537305657,0.43677373270433284,0.09031339967837702,0.24883529175511793,0,1429000,0.011,0.2525310146999998,0.08630069550000004,0,-0.2193041666666668,0.06279583333333316,0,1,236,2
1378,-576459470035,1.4778420145914524,1.9933329875936567,-0.03805865444156433,0.4395490798649904,0.024870734471432496,0.27359213238678115,0,1429011,0.011,0.2770658246999998,0.01568831550000002,0,-0.2543041666666668,0.12404583333333319,0,0,236,-1
1379,-576459470024,1.480845721618552,1.9942146261737626,-0.036474092608748315,0.44060504260145694,0.017868010401979384,0.23203169684966413,0,1429022,0.011,0.2262009746999998,0.01688513550000002,0,-0.1930541666666668,0.04529583333333331,0,1,237,1
1380,-576459470013,1.4804453516208194,1.9990760710356041,-0.0363120797086158,0.443265317277752,-0.004509790953663519,0.3019615741269614,0,1429033,0.011,0.3117736046999998,-0.007649674499999982,0,-0.14055416666666679,-0.033454166666666785,0,0,237,-1
1381,-576459470003,1.4800823835497443,2.0035240311019193,-0.036299967029140866,0.44631653498578355,0.03576841306948553,0.3242104684166107,0,1429043,0.01,0.32733226469999976,0.04141994550000003,0,-0.1930541666666668,0.2902958333333332,0,0,237,-1
1382,-576459469993,1.4797214973658281,2.0080023342603357,-0.03589180928924933,0.44939213771659825,0.07168639622717421,0.20572459480568883,0,1429053,0.01,0.18909955469999978,0.07672613550000003,0,-0.33305416666666676,0.13279583333333322,0,0,237,-1
1383,-576459469983,1.4793661891595613,2.012505046451473,-0.035170952311516554,0.4512160848704737,0.07453167722672266,0.03948460113500213,0,1429063,0.01,0.01615906469999976,0.07493090550000002,0,0.043195833333333225,0.2552958333333333,0,0,237,-1
1384,-576459469974,1.4790181857877494,2.017019115608747,-0.03442882601088604,0.4516006373825791,0.07225789534665578,0.032148641041239615,0,1429073,0.01,0.03111931469999978,0.07193885550000002,0,-0.2543041666666668,0.2027958333333333,0,0,237,-1
1385,-576459469959,1.4797015634305288,2.022689286864098,-0.03310630294982945,0.4522634147836592,0.15436820987023134,0.018651419332822473,0,1429084,0.011,0.016757474699999778,0.16588922550000001,0,-0.2893041666666668,-0.1472041666666668,0,1,238,2
1386,-576459469951,1.4793468939104069,2.0276656370500286,-0.03138459367561656,0.4525153584125729,0.1697193673821839,0.049001930865000994,0,1429095,0.011,0.05326048469999977,0.17187332550000003,0,-0.3680541666666668,0.16779583333333314,0,0,238,-1
1387,-576459469942,1.4790415496917053,2.032194406276307,-0.029684718236249834,0.4531820883424647,0.17160828665813382,0.17343524482400025,0,1429105,0.01,0.19089478469999982,0.17187332550000003,0,-0.33305416666666676,0.15904583333333333,0,0,238,-1
1388,-576459469931,1.4787531661450033,2.0367354698294577,-0.027986744440044415,0.45500506202727253,0.15872128231427682,0.236501162881725,0,1429115,0.01,0.2453500946999998,0.15691307550000003,0,-0.2368041666666668,0.1502958333333333,0,0,238,-1
1389,-576459469921,1.478481083587037,2.0412980337047824,-0.02642311440153771,0.45747744064688767,0.14191703076418524,0.31300707477198697,0,1429125,0.01,0.3237418046999998,0.13955918550000004,0,-0.061804166666666785,0.027795833333333242,0,0,238,-1
1390,-576459469911,1.478223552461381,2.045888156373895,-0.025065752967302558,0.4605603402632582,0.0978671333691416,0.2793891913974063,0,1429135,0.01,0.2746721846999998,0.09168638550000001,0,-0.1755541666666668,0.027795833333333242,0,0,238,-1
1391,-576459469901,1.4802411972928657,2.047939420473998,-0.02319844888796928,0.46205095660279827,0.10976470195783825,0.2243488599737789,0,1429145,0.01,0.2166264146999998,0.11143391550000002,0,-0.3243041666666668,0.33404583333333315,0,1,239,1
1392,-576459469890,1.4799929364239885,2.0530360449478318,-0.021950358830425388,0.46459094971539616,0.13641783044206213,0.27162869627441194,0,1429156,0.011,0.2782626446999998,0.1401575955,0,-0.28055416666666677,0.3690458333333333,0,0,239,-1
1393,-576459469880,1.479779674046176,2.0576961464148713,-0.020674563000791644,0.46740033433178224,0.07410027302320249,0.3372709596287547,0,1429166,0.01,0.34648138469999984,0.06535634550000002,0,-0.18430416666666677,0.13279583333333322,0,0,239,-1
1394,-576459469870,1.479576692320037,2.0623877791584495,-0.019924426446821446,0.47089203868642376,0.08060124795116351,0.4219655424994816,0,1429176,0.01,0.4338492446999998,0.08151341550000003,0,-0.20180416666666678,0.019045833333333206,0,0,239,-1
1395,-576459469860,1.4793815183659047,2.0671187127880892,-0.01911213624471463,0.475254461017992,0.08507461633918073,0.5236982253897581,0,1429186,0.01,0.5379725846999998,0.08570228550000002,0,-0.2980541666666668,-0.02470416666666675,0,0,239,-1
1396,-576459469850,1.4791953724448763,2.071896974780907,-0.0181486936822752,0.48041843772439097,0.16539119208968556,0.47166856276888053,0,1429196,0.01,0.4643681546999998,0.17666060550000004,0,-0.15805416666666677,0.2552958333333333,0,0,239,-1
1397,-576459469841,1.479022663486859,2.0767240249787426,-0.01641538168886427,0.48502305424425307,0.2219791078807718,0.3917976377728158,0,1429206,0.01,0.3805907546999998,0.22991909550000003,0,-0.15805416666666677,-0.11220416666666677,0,0,239,-1
1398,-576459469830,1.4826093107061655,2.0840779198750647,-0.012825346149153457,0.4898764338052383,0.18853447699316642,0.22243778128670677,0,1429216,0.01,0.1986741146999998,0.18384152550000005,0,-0.00930416666666678,0.0715458333333332,0,1,240,2
1399,-576459469820,1.4824904699174224,2.0889874754163706,-0.01094282908675683,0.49204874616654654,0.18651808968977757,0.18533007667383203,0,1429226,0.01,0.1801234046999998,0.18623516550000002,0,-0.12305416666666678,0.11529583333333315,0,0,240,-1
1400,-576459469809,1.482379364248531,2.094411320014088,-0.009186239400940852,0.4941012324022048,-0.006848043659845482,0.19440827998954074,0,1429237,0.011,0.19568206469999977,-0.03397971449999997,0,-0.20180416666666678,0.17654583333333318,0,0,240,-1
1401,-576459469798,1.48228634625404,2.0993625618239546,-0.009378521929826184,0.4961228153344484,-0.09413927961200548,0.2490526067661532,0,1429247,0.01,0.2567198846999998,-0.1063873245,0,-0.14055416666666679,0.17654583333333318,0,0,240,-1
1402,-576459469789,1.4821879088004908,2.1043363271449524,-0.01031141186196538,0.49862647483697675,-0.08808736351575577,0.25840033262785644,0,1429257,0.01,0.2597119346999998,-0.08723820449999999,0,-0.035554166666666775,0.16779583333333314,0,0,240,-1
1403,-576459469778,1.4820807368397722,2.109335224905226,-0.011138216205827925,0.5011656960973387,-0.049558730396481204,0.22648957977610235,0,1429267,0.01,0.2220121046999998,-0.04415268449999999,0,-0.33305416666666676,0.2727958333333331,0,0,240,-1
1404,-576459469768,1.4819676125298635,2.1143576995053994,-0.01151890903824902,0.5033514481239157,0.032324369315762075,0.1700853227173523,0,1429277,0.01,0.1621711046999998,0.043813585500000016,0,-0.4118041666666668,0.17654583333333318,0,0,240,-1
1405,-576459469758,1.4792293960571716,2.122848894992095,-0.012127006352803674,0.5064427156064253,0.05761822341956501,0.04454573946039028,0,1429288,0.011,0.026930444699999813,0.061167475500000026,0,-0.1755541666666668,0.3165458333333333,0,1,241,1
1406,-576459469747,1.4790999609855529,2.128422717347,-0.011425318321098258,0.5069695719989019,0.10166337370878775,0.06845625264246272,0,1429299,0.011,0.0718111946999998,0.10784345550000002,0,0.07819583333333323,0.08029583333333323,0,0,241,-1
1407,-576459469738,1.478991314943807,2.133496654919426,-0.01032944364440169,0.507778297708082,0.1574616272982246,0.1558875126915769,0,1429309,0.01,0.1681552046999998,0.16529081550000005,0,-5.54166666666786e-4,0.22904583333333317,0,0,241,-1
1408,-576459469727,1.4788961362876114,2.138582291670128,-0.008717157225808408,0.5093463910120312,0.1842689895309606,0.1624474798134531,0,1429319,0.01,0.16336792469999978,0.1880303955,0,-0.2368041666666668,0.2902958333333332,0,0,241,-1
1409,-576459469717,1.4788171409600843,2.1436826012249117,-0.007036278760696925,0.5107716807393022,0.06896790949944101,0.020515258657639868,0,1429329,0.01,6.004046999997868e-4,0.05278973550000002,0,0.11319583333333323,0.16779583333333314,0,0,241,-1
1410,-576459469707,1.4787506838170936,2.1487891732699875,-0.006275200241054473,0.5106379090673272,0.11985279402089732,-0.22102900432028252,0,1429339,0.01,-0.25492066530000024,0.12699257550000004,0,-0.2630541666666668,0.2027958333333333,0,0,241,-1
1411,-576459469697,1.4862534722152203,2.1589394851369934,-0.0022491889188093984,0.5106552003476259,0.10040041786353537,-0.34311048043706355,0,1429349,0.01,-0.3602408253000002,0.09767048550000003,0,-0.2105541666666668,0.08029583333333323,0,1,242,2
1412,-576459469684,1.4862326412109497,2.164536316020268,-0.0014623870517636948,0.5069357487521003,-0.10770627940846747,-0.3072295900027693,0,1429360,0.011,-0.3021950553000002,-0.1369062345,0,-0.07055416666666678,0.3690458333333333,0,0,242,-1
1413,-576459469676,1.486211333596838,2.169590432051408,-0.0027372742248138486,0.5038816232464692,-0.24718991720783873,-0.2944181057125135,0,1429370,0.01,-0.2926204953000002,-0.2667612045,0,-0.1493041666666668,0.0977958333333333,0,0,242,-1
1414,-576459469666,1.4861712943146639,2.174614456239439,-0.005256881075683831,0.5009263855571955,-0.2811458809296531,-0.3022876767183512,0,1429380,0.01,-0.30339187530000017,-0.2859103244999999,0,-0.14055416666666679,0.16779583333333314,0,0,242,-1
1415,-576459469656,1.4861041020203267,2.1796084695737528,-0.008156685531504115,0.49788226578951317,-0.3440991225813532,-0.31742499191569495,0,1429390,0.01,-0.31954894530000033,-0.3529322445,0,-0.18430416666666677,0.17654583333333318,0,0,242,-1
1416,-576459469646,1.4860056142730884,2.1845700461641546,-0.011553320212776629,0.49449333572212784,-0.31248705966703344,-0.47042344194712443,0,1429400,0.01,-0.4918910253000002,-0.3080514945,0,-0.3155541666666668,0.36029583333333326,0,0,242,-1
1417,-576459469637,1.4858752743413617,2.189490346222917,-0.014550502257035117,0.4896154200489726,-0.2214842581484952,-0.5942049428883546,0,1429410,0.01,-0.6115730253000002,-0.2087154345,0,-0.1930541666666668,0.38654583333333314,0,0,242,-1
1418,-576459469626,1.4879209674341152,2.1918992935736297,-0.01579606044396527,0.4825428765351592,-0.12894600424325048,-0.5569585446932338,0,1429420,0.01,-0.5517320253000001,-0.11596188449999999,0,-0.15805416666666677,0.3427958333333332,0,1,243,1
1419,-576459469615,1.4877405871007132,2.1971747731482947,-0.017043313783766115,0.47659311535408705,-0.01680231705661793,-0.4411223609923658,0,1429431,0.011,-0.42486910530000027,-0.0010671644999999759,0,-0.2455541666666668,0.16779583333333314,0,0,243,-1
1420,-576459469605,1.4875704255833455,2.2019195772535864,-0.01704216724059972,0.4723234229870312,0.10247689075041658,-0.3413303361726991,0,1429441,0.01,-0.3273282753000002,0.11921324550000002,0,-0.3418041666666668,0.3515458333333332,0,0,243,-1
1421,-576459469595,1.4874058016391434,2.2066267908590183,-0.01591272450157758,0.46907262076010714,0.176978486085757,-0.22567007664509564,0,1429451,0.01,-0.20944150530000022,0.18743198550000004,0,-0.18430416666666677,0.054045833333333126,0,0,243,-1
1422,-576459469586,1.4872558087213672,2.211306342683009,-0.014098407522923927,0.46683294629153144,0.2087111311581124,-0.21353749696164387,0,1429461,0.01,-0.21183514530000022,0.2131636155,0,-0.15805416666666677,0.054045833333333126,0,0,243,-1
1423,-576459469575,1.487124106967876,2.215964277471477,-0.01219137573633115,0.4647416375820646,0.08037188604342532,-0.18213231280686187,0,1429471,0.01,-0.17772577530000022,0.06236429550000002,0,-0.1930541666666668,0.08904583333333327,0,0,243,-1
1424,-576459469565,1.4870046507342793,2.220603517783555,-0.01163144996673939,0.4630656391957551,-0.09337786570709097,-0.07856031354795512,0,1429481,0.01,-0.06402787530000019,-0.11775711449999998,0,-0.02680416666666678,0.2552958333333333,0,0,243,-1
1425,-576459469553,1.493682095558427,2.2302502114204836,-0.010315020088215913,0.46452887395499265,-0.23860425846761404,0.019198613731445897,0,1429492,0.011,0.032914544699999805,-0.2589818745,0,-0.33305416666666676,0.36029583333333326,0,1,244,2
1426,-576459469544,1.4935667036142306,2.2348965341154545,-0.01274873494650709,0.46473196562659363,-0.2722177798449792,0.02702861784494047,0,1429502,0.01,0.028127264699999783,-0.27693417449999996,0,-0.2980541666666668,0.30779583333333327,0,0,244,-1
1427,-576459469535,1.4934271895073459,2.239545174881913,-0.015224566021229851,0.46499770650839867,-0.09688002048896152,0.02379386123952256,0,1429512,0.01,0.023339984699999795,-0.07227795449999996,0,-0.3155541666666668,0.13279583333333322,0,0,244,-1
1429,-576459469453,1.4931013575491277,2.2492911113572824,-0.015032561176266928,0.46195412422422827,0.16472215139354168,-0.33893508275915585,0,1429533,0.011,-0.35126467530000016,0.17785742550000005,0,-0.12305416666666678,0.2727958333333331,0,0,244,-1
1430,-576459469452,1.4929588766858894,2.2538941624530446,-0.01344491865489633,0.45863428575797155,0.1227138869073119,-0.289922946878281,0,1429543,0.01,-0.2830459353000003,0.11681960550000003,0,-0.1755541666666668,0.10654583333333312,0,0,244,-1
1431,-576459469452,1.4928298662432244,2.2584668610336815,-0.012326053035516656,0.45586739684019933,0.04565040011406862,-0.19572955799483094,0,1429553,0.01,-0.18251305530000025,0.03483743550000002,0,-0.10555416666666678,0.10654583333333312,0,0,244,-1
1432,-576459469452,1.4927078636994335,2.263016905291194,-0.012029409424015087,0.45409059437473936,-0.0682627274721935,-0.06711398769929211,0,1429563,0.01,-0.049067625300000195,-0.08424615449999999,0,-0.30680416666666677,0.16779583333333314,0,0,244,-1
1433,-576459469451,1.492583874903188,2.267554866531031,-0.012756003579123059,0.4534836320356171,-0.09959708486743529,-0.021375880042724525,0,1429573,0.01,-0.01495825530000022,-0.10399368449999999,0,-0.3155541666666668,0.1502958333333333,0,0,244,-1
1434,-576459469451,1.4924508948897843,2.2720886940520773,-0.013820708675747933,0.453279242630967,-0.14858353671121546,-0.014698372559531018,0,1429583,0.01,-0.013761435300000215,-0.15545694449999997,0,-0.20180416666666678,0.2727958333333331,0,0,244,-1
1435,-576459469451,1.4923057561044764,2.276619896130909,-0.01522885122961779,0.45299866378000064,-0.09321225345890731,-0.10991095683013061,0,1429593,0.01,-0.12327046530000021,-0.08544297449999999,0,0.01694583333333323,0.1502958333333333,0,0,244,-1
1436,-576459469401,1.48991703113109,2.283650996369077,-0.016975448182316107,0.4531061633310372,-0.07327965381857718,-0.11270506606310134,0,1429603,0.01,-0.11309749530000025,-0.07048272449999998,0,-0.20180416666666678,0.21154583333333332,0,1,245,1
1437,-576459469401,1.4897263496073625,2.288627963033303,-0.01771050706807067,0.45180982175931333,-0.02674559156189007,-0.14978361432447265,0,1429614,0.011,-0.15498619530000027,-0.020216284499999983,0,-0.1930541666666668,0.04529583333333331,0,0,245,-1
1438,-576459469400,1.4895480303380602,2.2931398089821724,-0.01795942184184148,0.45050051376221145,-0.01367281716120769,-0.016854396095947882,0,1429624,0.01,0.0017972246999997925,-0.011838544499999977,0,-0.28055416666666677,-0.007204166666666678,0,0,245,-1
1439,-576459469400,1.4893499588215282,2.2980952223809603,-0.018064865321410387,0.45044996604126114,0.015748946526215512,0.07139667326064016,0,1429635,0.011,0.0837793946999998,0.019877185500000023,0,-0.2193041666666668,0.3515458333333332,0,0,245,-1
1440,-576459469400,1.4891699845925708,2.3026053409136815,-0.01792457231418856,0.45147560485197796,0.0036258995976944045,0.2911170728831257,0,1429645,0.01,0.32194657469999977,0.0019248855000000215,0,-0.37680416666666683,-0.04220416666666682,0,0,245,-1
1441,-576459469390,1.4950071435378451,2.3116617613438395,-0.015716305962945647,0.45681859720903084,-0.05978910150359974,0.4078906780953736,0,1429656,0.011,0.4242746846999998,-0.06868749449999999,0,-0.12305416666666678,0.14154583333333326,0,1,246,2
1442,-576459469381,1.4948467300661756,2.3162502965806833,-0.016354296589535387,0.46089034320750905,-0.08805888294696256,0.4028419184085922,0,1429666,0.01,0.4021335146999998,-0.09202548449999998,0,-0.14055416666666679,0.19404583333333325,0,0,246,-1
1443,-576459469350,1.4946789140152879,2.320879303216426,-0.01721470393038299,0.4649127282802705,-0.07369497871693206,0.39854724125992425,0,1429676,0.01,0.39794464469999985,-0.07167954449999998,0,-0.4205541666666668,0.12404583333333319,0,0,246,-1
1444,-576459469350,1.4945029330063504,2.325548051086006,-0.017974949080845303,0.4688503263292692,-0.09029474154414942,0.36443304961389683,0,1429686,0.01,0.35964640469999976,-0.09262389449999998,0,-0.1493041666666668,0.16779583333333314,0,0,246,-1
1445,-576459469320,1.494318862629151,2.3302545119366327,-0.018847627093563527,0.4724534224175857,-0.06872232285261423,0.3350460814320601,0,1429696,0.01,0.3309227246999998,-0.06569544449999999,0,-0.30680416666666677,0.24654583333333324,0,0,246,-1
1446,-576459469320,1.491553661647889,2.3377934074985784,-0.02046619202890291,0.477099652796101,-0.04455216504268237,0.2936465226330547,0,1429706,0.01,0.2878372046999998,-0.04116063449999999,0,-0.2105541666666668,0.18529583333333322,0,1,247,1
1447,-576459469319,1.4913470446038688,2.3425777068954843,-0.020867047519831802,0.4798183871364839,-0.012715205463301349,0.1384657368692011,0,1429716,0.01,0.11669194469999979,-0.008248084499999976,0,-0.4118041666666668,0.1502958333333333,0,0,247,-1
1448,-576459469319,1.4911383381983645,2.3473820072468885,-0.02090034400316139,0.48107684878838636,0.05417551621533237,0.0485262255267489,0,1429726,0.01,0.0359065946999998,0.06356111550000001,0,-0.3505541666666668,0.16779583333333314,0,0,247,-1
1449,-576459469310,1.4909316789493214,2.352194664203095,-0.020415518602990075,0.48147810447911543,0.013601959572448509,-0.01134487594089497,0,1429736,0.01,-0.01974553530000024,0.007908985500000024,0,0.043195833333333225,0.0015458333333331353,0,0,247,-1
1450,-576459469300,1.4907275507921889,2.3570082979099394,-0.020381490331073945,0.48127405921930744,-0.0590867723457339,-0.0759125749557053,0,1429746,0.01,-0.08497222530000023,-0.06928590449999997,0,-0.33305416666666676,0.13279583333333322,0,0,247,-1
1451,-576459469289,1.5008440877302789,2.369163160992741,-0.01718279395196792,0.4836424134286816,-0.07747618005216775,-0.15994893028489063,0,1429757,0.011,-0.17174167530000023,-0.08005728449999998,0,-0.1493041666666668,0.11529583333333315,0,1,248,2
1452,-576459469278,1.5006506216618367,2.3744732756629103,-0.01800212210395012,0.4818435793883807,-0.056124710888780245,-0.18550914905318752,0,1429768,0.011,-0.1890955653000002,-0.05312883449999998,0,-0.3243041666666668,0.3427958333333332,0,0,248,-1
1453,-576459469268,1.500468542905647,2.379281540862028,-0.018450086074845596,0.47985285750580786,0.02364478429060326,-0.2810150595205185,0,1429778,0.01,-0.2944157253000002,0.03483743550000002,0,-0.10555416666666678,0.2027958333333333,0,0,248,-1
1454,-576459469258,1.5002859260076893,2.384065802984733,-0.018104717543878372,0.4770092323564418,0.10115647263935282,-0.30483668525560487,0,1429788,0.01,-0.30817915530000023,0.11203232550000003,0,-0.3943041666666668,0.28154583333333316,0,0,248,-1
1455,-576459469247,1.5001099138919205,2.388820046480159,-0.01709670655106775,0.4738661670138136,0.098624204219551,-0.3723154730353635,0,1429798,0.01,-0.38178358530000017,0.09826889550000002,0,-0.2630541666666668,0.0977958333333333,0,0,248,-1
1456,-576459469238,1.49994401670678,2.3935401073623357,-0.01608881138839951,0.47014535230028554,0.11405593232673383,-0.37064779170894185,0,1429808,0.01,-0.37041379530000024,0.11622119550000003,0,-0.14055416666666679,0.11529583333333315,0,0,248,-1
1457,-576459469227,1.495023998362039,2.403308561846645,-0.01659482134896603,0.4691127596581601,0.20569142286746403,-0.2250785609801116,0,1429818,0.01,-0.2046542253000002,0.2185493055,0,-0.3505541666666668,0.19404583333333325,0,1,249,1
1458,-576459469218,1.494868635828924,2.4079882176700544,-0.01449042481955247,0.4668274646152542,0.23953259817084038,-0.24967434169409922,0,1429828,0.01,-0.25312543530000026,0.24428093550000002,0,-0.12305416666666678,0.12404583333333319,0,0,249,-1
1459,-576459469206,1.494735409996255,2.4126431242505317,-0.012141535723670589,0.46419246352985927,0.2064374815299494,-0.34821024401905226,0,1429838,0.01,-0.3620360553000003,0.20179382550000002,0,-0.2980541666666668,0.19404583333333325,0,0,249,-1
1460,-576459469197,1.4946142615583917,2.41772749419782,-0.009882544733513693,0.4602627557818775,0.1986917744359628,-0.4133373265050597,0,1429849,0.011,-0.4224754653000003,0.1976049555,0,-0.2105541666666668,0.36029583333333326,0,0,249,-1
1461,-576459469188,1.4945252297926084,2.4223075909543765,-0.007917074106803167,0.4558456129972876,0.18356970036493186,-0.6134195092861399,0,1429859,0.01,-0.6414935253000001,0.18144788550000004,0,-0.18430416666666677,0.29904583333333323,0,0,249,-1
1462,-576459469177,1.494454489823573,2.4268338293261356,-0.006197536427868173,0.44947111952003466,0.10089327511346402,-0.7844519403576502,0,1429869,0.01,-0.8084499153000002,0.08929274550000003,0,-0.2543041666666668,0.3690458333333333,0,0,249,-1
1463,-576459469168,1.494396065834517,2.431290011254567,-0.005421605196183938,0.44173478218716355,-0.0651386786487857,-0.7073636852204425,0,1429879,0.01,-0.6965472453000001,-0.08843502449999999,0,-0.13180416666666678,0.5790458333333333,0,0,249,-1
1464,-576459469157,1.5067092980478218,2.443875660454166,-0.001582499507273476,0.43889363317946284,-0.16428429727268654,-0.5582861371109997,0,1429889,0.01,-0.5373701853000002,-0.1781965245,0,-0.10555416666666678,0.14154583333333326,0,1,250,2
1465,-576459469142,1.5066813561862848,2.4486702282484076,-0.0034763239229376294,0.43282773193213386,-0.22109072670251276,-0.508981980951395,0,1429900,0.011,-0.5020639953000002,-0.2290613745,0,-0.22805416666666678,0.14154583333333326,0,0,250,-1
1466,-576459469136,1.5066360974940158,2.4529739332686145,-0.005601878289782109,0.42787155379371417,-0.16090912140417335,-0.4147526597460145,0,1429910,0.01,-0.4015311153000002,-0.15246489449999998,0,-0.09680416666666679,0.33404583333333315,0,0,250,-1
1467,-576459469126,1.5065718061352265,2.4572310764342737,-0.007246278182435186,0.42359433114984296,-0.1860401227851406,-0.5070638837248242,0,1429920,0.01,-0.5200162953000003,-0.18956631449999997,0,-0.08805416666666678,0.44779583333333317,0,0,250,-1
1468,-576459469043,1.5064807763923231,2.4618589617079643,-0.009302245743042234,0.4178743313955423,-0.19228108935419513,-0.6002877839136974,0,1429931,0.011,-0.6133682553000003,-0.1931567745,0,-0.2455541666666668,0.12404583333333319,0,0,250,-1
1469,-576459469042,1.506366090788667,2.466418463812552,-0.011521246641278488,0.4111572307429965,-0.2596957325214182,-0.6742072288230154,0,1429942,0.011,-0.6845790453000001,-0.2691548445,0,-0.3943041666666668,0.1502958333333333,0,0,250,-1
1470,-576459469041,1.506237436821536,2.470496604626726,-0.014187368682197036,0.40445739021286187,-0.30839877286563583,-0.6444693054110283,0,1429952,0.01,-0.6402967053000003,-0.3152324145,0,-0.3855541666666668,0.08029583333333323,0,0,250,-1
1471,-576459469041,1.5060806495768573,2.4745105465749506,-0.01719276131669989,0.39825971476872724,-0.25246783934456585,-0.4686831998339176,0,1429962,0.01,-0.44401822530000024,-0.2446200345,0,-0.30680416666666677,0.11529583333333315,0,0,250,-1
1472,-576459469041,1.5058962171274808,2.478471480823386,-0.019698943868542727,0.3938492165086998,-0.2392883592901161,-0.27177758882878317,0,1429972,0.01,-0.2441492853000003,-0.2374391145,0,-0.3505541666666668,0.3515458333333332,0,0,250,-1
1473,-576459469041,1.5056868817263527,2.482397214868237,-0.022151404883185483,0.3912611620408054,-0.28174794685730714,-0.17932783441611336,0,1429982,0.01,-0.1663559853000002,-0.28770555449999996,0,-0.30680416666666677,0.10654583333333312,0,0,250,-1
1475,-576459469041,1.5051856728766762,2.4901813536504482,-0.028072342359974918,0.3868595543027002,-0.2949858179559052,-0.38125702907200804,0,1430002,0.01,-0.4021295253000001,-0.29309124449999996,0,-0.5255541666666668,0.22029583333333314,0,0,250,-1
1476,-576459469035,1.5019840069982848,2.497161028392796,-0.03194120936603184,0.3845688875000986,-0.18889383674765015,-0.3853918053843624,0,1430012,0.01,-0.3859724553000003,-0.1740076545,0,-0.4205541666666668,-0.05970416666666678,0,1,251,1
1477,-576459469024,1.5129118447448504,2.5083509395087926,-0.029289117192198275,0.38427601804967837,0.049290760747760794,-0.44782352916151613,0,1430022,0.01,-0.4565848353000001,0.08271023550000002,0,-0.4555541666666668,0.0015458333333331353,0,1,252,2
1478,-576459469014,1.5126230943215804,2.5121707990490783,-0.02853345549969164,0.37971852275236867,0.23655600517192327,-0.5043110625754786,0,1430032,0.01,-0.5122369653000003,0.26283164550000004,0,-0.3680541666666668,-0.08595416666666678,0,0,252,-1
1479,-576459469004,1.512350421127133,2.515942640021464,-0.026037632586364247,0.3746553508039284,0.3293938697113252,-0.5186085852412431,0,1430042,0.01,-0.5206147053000002,0.34242017550000003,0,-0.5518041666666668,-0.20845416666666683,0,0,252,-1
1480,-576459468994,1.512105273592568,2.5196628796592613,-0.022937518679695783,0.3694093629748819,0.1912558112884984,-0.5613004818172262,0,1430052,0.01,-0.5672906853000002,0.17187332550000003,0,-0.4468041666666668,-0.050954166666666745,0,0,252,-1
1481,-576459468941,1.5118833518693395,2.5233289223757214,-0.02135438617018267,0.3637985596365656,-0.043524263201657254,-0.5597315025796302,0,1430062,0.01,-0.5595113553000003,-0.07646682449999999,0,-0.4293041666666668,0.14154583333333326,0,0,252,-1
1482,-576459468940,1.5116205857896614,2.5276577882547864,-0.02233974855098331,0.35757282293865333,-0.3243064020538282,-0.2619897519766702,0,1430074,0.012,-0.22021288530000016,-0.36370362449999993,0,-0.33305416666666676,0.24654583333333324,0,0,252,-1
1483,-576459468940,1.511379903872887,2.531223265840299,-0.02574140771051481,0.35537553169096264,-0.43494859959475,0.03283698118567624,0,1430084,0.01,0.07420483469999978,-0.45047307450000007,0,-0.4118041666666668,0.15904583333333333,0,0,252,-1
1484,-576459468940,1.5111007187479106,2.534780694342054,-0.030094542945904516,0.35601776746875824,-0.43754250705700515,0.2559353253036881,0,1430094,0.01,0.2872387946999998,-0.4379064645,0,-0.2543041666666668,0.2027958333333333,0,0,252,-1
1485,-576459468940,1.510778644594252,2.538354615252748,-0.03435330165012178,0.3587246634997136,-0.35442210024265003,0.36105401637505474,0,1430104,0.01,0.3758034746999998,-0.3427592745,0,-0.035554166666666775,0.2640458333333333,0,0,252,-1
1486,-576459468838,1.5045099366510069,2.5481500223815456,-0.0398937671600835,0.3655021991919447,-0.2423878517214193,0.4605777229909749,0,1430114,0.01,0.47454112469999976,-0.2266677345,0,-0.3505541666666668,0.0977958333333333,0,1,253,1
1487,-576459468838,1.5040572449210854,2.5521989211516285,-0.042442884733621004,0.37064330477005886,-0.165628785171831,0.5095573715031225,0,1430125,0.011,0.5164298246999998,-0.15485853449999998,0,-0.2543041666666668,0.3252958333333331,0,0,253,-1
1488,-576459468837,1.5036246046513755,2.555932265211391,-0.04408875358767859,0.3759573104551619,-0.1582828942585894,0.663571367615131,0,1430135,0.01,0.6851814446999999,-0.1572521745,0,-0.3593041666666668,0.13279583333333322,0,0,253,-1
1489,-576459468837,1.503174985303959,2.5597244859077524,-0.0457986037230524,0.38251052889016546,-0.24869024060932907,0.6048553512664356,0,1430145,0.01,0.5966167646999998,-0.26137551449999996,0,-0.4380541666666668,-0.15595416666666684,0,0,253,-1
1490,-576459468837,1.5026557366570699,2.5639668251749717,-0.048595232771814593,0.38889097607513906,-0.2886773730313259,0.4260283453332411,0,1430156,0.011,0.4009366946999998,-0.29428806449999995,0,-0.5430541666666667,-0.050954166666666745,0,0,253,-1
1491,-576459468837,1.5021559647062404,2.5678739171280465,-0.05138850607698319,0.3926764555363015,-0.22275275714005,0.0912569241992886,0,1430166,0.01,0.044284334699999775,-0.2135027145,0,-0.3855541666666668,-0.1472041666666668,0,0,253,-1
1492,-576459468836,1.5016318127156978,2.5718017490466027,-0.05348076897486296,0.39304600126286987,-0.12647833238225653,-0.2952392327508597,0,1430176,0.01,-0.3494694453000001,-0.11296983449999999,0,-0.6743041666666668,-0.15595416666666684,0,0,253,-1
1493,-576459468836,1.5010917127466932,2.575715041747193,-0.05458458388576633,0.38971829738517155,-0.011775681460597862,-0.5626782224516298,0,1430186,0.01,-0.6002032353000002,0.004318525500000016,0,-0.5518041666666668,-0.19095416666666676,0,0,253,-1
1494,-576459468836,1.5005464187958493,2.5795819277417857,-0.054524223171419244,0.38375374907140003,0.11516528133749364,-0.8033976666433268,0,1430196,0.01,-0.8371735953000002,0.13297667550000003,0,-0.37680416666666683,-0.16470416666666676,0,0,253,-1
1495,-576459468835,1.5000072166126277,2.5833791329545046,-0.05332856397048272,0.37569441116487173,0.14652834764971137,-0.8214724575756349,0,1430206,0.01,-0.8240085753000003,0.1509289755,0,-0.4905541666666668,0.15904583333333333,0,0,253,-1
1496,-576459468736,1.4994802972367456,2.5870952097725057,-0.05201323081925944,0.3675119097007715,0.039659493454761205,-0.7985072054829941,0,1430216,0.01,-0.7952848953000001,0.02466446550000002,0,-0.4118041666666668,-0.1734541666666668,0,0,253,-1
1497,-576459468735,1.4924893428970523,2.5980375498030153,-0.05427220619371705,0.3625208325703885,-0.2054423378411814,-0.5458862730935449,0,1430227,0.011,-0.5104417353000003,-0.23983275450000002,0,-0.30680416666666677,0.054045833333333126,0,1,255,1
1498,-576459468735,1.4918785719714895,2.601994769424538,-0.05672818294967776,0.3568794283311591,-0.3326848931597536,-0.3101399704176364,0,1430238,0.011,-0.2770618353000003,-0.35053860449999996,0,-0.2893041666666668,0.19404583333333325,0,0,255,-1
1499,-576459468735,1.4912948114232567,2.6055498272815436,-0.06003180554903218,0.35404652399021264,-0.3163303413093616,-0.12107495575270336,0,1430248,0.01,-0.09454678530000021,-0.3140355945,0,-0.22805416666666678,0.0977958333333333,0,0,255,-1
1500,-576459468735,1.4906799494741505,2.6090852664857356,-0.06299760072548853,0.35299530247274724,-0.17577676715533322,-0.007549322112981774,0,1430258,0.01,0.008379734699999773,-0.1560553545,0,-0.2105541666666668,0.0715458333333332,0,0,255,-1
1501,-576459468735,1.4900442292027758,2.6126147694587316,-0.06428038206751785,0.3529084817053414,0.1626816453106004,-0.015620937396102237,0,1430268,0.01,-0.01675348530000021,0.2101715655,0,-0.4905541666666668,0.37779583333333333,0,0,255,-1
1502,-576459468734,1.4894112588093746,2.616144271516428,-0.06238821646260435,0.35293938286472265,0.3517904594384965,0.11772884370769016,0,1430278,0.01,0.13643947469999979,0.3783247755,0,-0.04430416666666678,0.14154583333333326,0,0,255,-1
1503,-576459468734,1.4888052601026531,2.619679567192098,-0.058824408069705035,0.35411907707001095,0.3845057883998707,0.11944341854840923,0,1430288,0.01,0.11968399469999978,0.38909615550000004,0,-0.12305416666666678,0.22029583333333314,0,0,255,-1
1504,-576459468734,1.4882360087339128,2.6232259210809032,-0.05501567254942043,0.35518715887794305,0.3586190206288338,0.02939270813755185,0,1430298,0.01,0.016757474699999778,0.3549867855,0,-5.54166666666786e-4,0.30779583333333327,0,0,255,-1
1505,-576459468733,1.4877027218002927,2.6267773522704054,-0.05159520747606056,0.35518278880647497,0.24050750809553287,-0.183202251269931,0,1430308,0.01,-0.2130319653000002,0.22393499550000004,0,-0.07930416666666679,0.28154583333333316,0,0,255,-1
1506,-576459468634,1.487198089322841,2.63031934654511,-0.049300356407640744,0.35324558314804977,0.16195137669649498,-0.2581657807818339,0,1430318,0.01,-0.26868409530000026,0.1509289755,0,0.01694583333333323,0.24654583333333324,0,0,255,-1
1507,-576459468633,1.4978304271229732,2.641569550439781,-0.043489828413813186,0.353927105434923,0.09823386929559506,-0.3802156982381619,0,1430329,0.011,-0.3973422453000001,0.08929274550000003,0,-0.15805416666666677,0.2902958333333332,0,1,256,2
1508,-576459468633,1.4973581662225297,2.645438504767844,-0.04238493807273767,0.3495662897261057,0.11400790264820383,-0.49599209803238553,0,1430340,0.011,-0.5122369653000003,0.11622119550000003,0,0.12194583333333321,0.3165458333333333,0,0,256,-1
1509,-576459468632,1.4969397905023167,2.648908831688282,-0.04127936477579479,0.3445250274349561,0.08970999395994395,-0.5532698106203146,0,1430350,0.01,-0.5613065853000002,0.08630069550000004,0,0.07819583333333323,0.19404583333333325,0,0,256,-1
1510,-576459468632,1.4965309708925958,2.65232565639295,-0.04046168347495599,0.33887402405107675,0.03319292274503568,-0.6374599349061993,0,1430360,0.01,-0.6492728553000002,0.025262875500000025,0,-0.035554166666666775,0.2377958333333332,0,0,256,-1
1511,-576459468632,1.4961273469204086,2.6556823974135186,-0.04023378097937441,0.33247973131428016,-0.04093283918217531,-0.6514927473711131,0,1430370,0.01,-0.6534617253000001,-0.05133360449999997,0,-0.1493041666666668,0.2377958333333332,0,0,256,-1
1512,-576459468632,1.4957219420899077,2.65897417073267,-0.040802440037058726,0.32589463733793067,-0.15448448750392954,-0.7014989533385089,0,1430380,0.01,-0.7085154453000001,-0.17041719449999998,0,-0.2543041666666668,-0.050954166666666745,0,0,256,-1
1513,-576459468632,1.4953048609089636,2.662198170757103,-0.04255539014425228,0.31889973103149377,-0.3027996890877941,-0.6871857724078563,0,1430390,0.01,-0.6851774553000003,-0.3236101545,0,0.043195833333333225,0.08029583333333323,0,0,256,-1
1514,-576459468631,1.4948640219186162,2.665353333802237,-0.045606048458804026,0.31210986790337647,-0.31895037290806616,-0.628748632094056,0,1430400,0.01,-0.6205491753000002,-0.3212165145,0,-0.20180416666666678,0.04529583333333331,0,0,256,-1
1515,-576459468631,1.4943924675407256,2.6684436112837964,-0.048724707846445676,0.3059186211367513,-0.26845994834611486,-0.5601591603269187,0,1430410,0.01,-0.5505352053000001,-0.26137551449999996,0,-0.22805416666666678,0.027795833333333242,0,0,256,-1
1516,-576459468531,1.4938924803503246,2.671475374561254,-0.05130265854278538,0.30040839494266247,-0.19245186315697438,-0.49504346617077516,0,1430420,0.01,-0.4859069253000002,-0.1817869845,0,-0.3680541666666668,-0.04220416666666682,0,0,256,-1
1517,-576459468531,1.50603522195176,2.683508509535366,-0.04856397016492391,0.2994654440678609,-0.07709346159016268,-0.43035369157195164,0,1430431,0.011,-0.4212786453000001,-0.06090816449999998,0,-0.4118041666666668,-0.05970416666666678,0,1,258,2
1518,-576459468531,1.505498124868028,2.6867768901496563,-0.04915717890846794,0.2947753599251454,0.08823612104400856,-0.4019289935709303,0,1430442,0.011,-0.3979406553000003,0.11143391550000002,0,-0.3943041666666668,0.0715458333333332,0,0,258,-1
1519,-576459468530,1.5050119404016895,2.6897056559938237,-0.04812668833990115,0.29092424603337663,0.192543845821342,-0.2835051954440707,0,1430452,0.01,-0.2668888653000002,0.2071795155,0,-0.3943041666666668,0.0977958333333333,0,0,258,-1
1520,-576459468530,1.50449482186617,2.6928897567887877,-0.04591771335380155,0.2879634959277608,0.2520838089621302,-0.18024610811645725,0,1430463,0.011,-0.16575757530000024,0.2604380055,0,-0.3505541666666668,0.08904583333333327,0,0,258,-1
1521,-576459468530,1.50404953114248,2.695760605623755,-0.04320186960412304,0.28619543522041563,0.3895547978541716,-0.15599525173651957,0,1430473,0.01,-0.1525925553000002,0.40884368550000005,0,-0.6218041666666668,-0.007204166666666678,0,0,258,-1
1522,-576459468529,1.5036370102844303,2.69861416061737,-0.039303200124499525,0.2845423487879557,0.3917764763986463,-0.22228184301590864,0,1430483,0.01,-0.23158267530000023,0.3920882055,0,-0.3943041666666668,-0.007204166666666678,0,0,258,-1
1523,-576459468529,1.5032637583644086,2.7014487459302625,-0.03535559372235574,0.2823625813285224,0.41304093743271525,-0.19160471717957406,0,1430493,0.01,-0.1873003353000002,0.4160246055000001,0,-0.33305416666666676,0.01029583333333317,0,0,258,-1
1524,-576459468529,1.5029297651080797,2.7042618162920222,-0.03139528982819466,0.28029425335279406,0.2918100457452307,-0.30013230623641907,0,1430503,0.01,-0.3153600753000002,0.27479984550000003,0,-0.2630541666666668,0.019045833333333206,0,0,258,-1
1525,-576459468529,1.5026307354639188,2.7070527252124155,-0.028425223402905694,0.27775722503472794,0.3288458517887479,0.03076752707221614,0,1430513,0.01,0.07719688469999977,0.3340424355,0,-0.061804166666666785,0.21154583333333332,0,0,258,-1
1526,-576459468429,1.5023620659363928,2.709831810321933,-0.02527100925037959,0.27806091520363546,0.23317055788060298,0.02792736475811558,0,1430523,0.01,0.027528854699999796,0.2197461255,0,-0.14055416666666679,-0.033454166666666785,0,0,258,-1
1527,-576459468429,1.495918409968874,2.719230456183195,-0.024903551200328576,0.28144187928134995,0.22349679558107197,0.01236028399839778,0,1430534,0.011,0.010174964699999765,0.2221397655,0,-0.2105541666666668,-0.015954166666666714,0,1,259,1
1528,-576459468428,1.4956573440224297,2.72232783790657,-0.022539125474550975,0.2816897395493388,0.16248213974437434,0.08496222972623223,0,1430545,0.011,0.09514918469999976,0.1539210255,0,-0.30680416666666677,0.027795833333333242,0,0,259,-1
1529,-576459468428,1.4954394012133487,2.7251487965068644,-0.02101663179940486,0.28251105972154705,0.09042684811241017,0.06503295898161335,0,1430555,0.01,0.06223663469999979,0.08031659550000002,0,-0.3418041666666668,0.08904583333333327,0,0,259,-1
1530,-576459468427,1.495233462027005,2.7279763480010337,-0.020158006467907306,0.283035530792025,0.05794565976332263,-0.024532305901097645,0,1430565,0.01,-0.03709942530000021,0.053388145500000025,0,-0.3243041666666668,0.11529583333333315,0,0,259,-1
1531,-576459468427,1.4950351681641272,2.730806241414524,-0.01951787714618692,0.28290951406546266,0.10117888664937469,0.06048115934105752,0,1430575,0.01,0.0724096046999998,0.10724504550000001,0,-0.22805416666666678,0.36029583333333326,0,0,259,-1
1532,-576459468427,1.4948459591097083,2.7336385489273343,-0.01836387286008287,0.2835437305120853,0.20253285460074413,0.0814373857763507,0,1430585,0.01,0.08437780469999978,0.2167540755,0,-0.13180416666666678,-0.04220416666666682,0,0,259,-1
1533,-576459468427,1.4946738651083311,2.736477237298182,-0.016117082102407435,0.2842299194710257,0.36036748584016876,-0.009919131005583032,0,1430595,0.01,-0.02273758530000024,0.3825136455,0,0.008195833333333222,0.21154583333333332,0,0,259,-1
1534,-576459468426,1.4945322120123021,2.73931824174826,-0.012279248829496563,0.28400597885663137,0.5272510220513579,-0.0988273391277119,0,1430605,0.01,-0.11130226530000022,0.5506668555,0,-0.10555416666666678,0.19404583333333325,0,0,259,-1
1535,-576459468426,1.494436409756833,2.7421533278886367,-0.006908711242212385,0.2830126639860675,0.5971146592352119,-0.10242037739246969,0,1430615,0.01,-0.10292452530000022,0.6069173955,0,0.08694583333333321,0.13279583333333322,0,0,259,-1
1536,-576459468326,1.4943974913518012,2.744978499270231,-8.886862594118713e-4,0.2820143476672709,0.6319500564804593,-0.0839705107994124,0,1430625,0.01,-0.08138176530000026,0.6368378955000001,0,0.043195833333333225,0.29904583333333323,0,0,259,-1
1537,-576459468322,1.4885054069912966,2.754332109122575,0.0038071278377076185,0.2841616261349725,0.5108144190860905,-0.07015426072524607,0,1430636,0.011,-0.06821674530000021,0.4938179055000001,0,0.2619458333333332,0.28154583333333316,0,1,261,1
1538,-576459468321,1.4885761629368381,2.757455095056251,0.009133774632884168,0.2836004107852727,0.32115846245271795,0.0664125977797018,0,1430647,0.011,0.08557462469999978,0.29454737550000004,0,0.2181958333333332,0.2640458333333333,0,0,261,-1
1539,-576459468321,1.4886824258012676,2.7602950237672617,0.012173602026784806,0.28435621800186683,0.20021323368814448,0.13097151635977997,0,1430657,0.01,0.14002993469999978,0.18324311550000003,0,0.2444458333333332,0.24654583333333324,0,0,261,-1
1540,-576459468320,1.4888135057050071,2.763145415401911,0.014072230305768037,0.2857095426130445,0.1265561933549127,0.1620055186238706,0,1430667,0.01,0.16635997469999977,0.11622119550000003,0,0.2181958333333332,0.29904583333333323,0,0,261,-1
1541,-576459468320,1.4889610974056202,2.766010532165401,0.015422286047153719,0.28731728172179627,0.18676348454596567,0.15322951678832125,0,1430677,0.01,0.1519981346999998,0.19521131550000004,0,0.1481958333333332,0.2902958333333332,0,0,261,-1
1542,-576459468320,1.4891254653732622,2.7688913426084785,0.01741592201136886,0.288845852639954,0.2765618580635438,0.15057532130180182,0,1430687,0.01,0.15020290469999978,0.2891616855,0,0.15694583333333323,0.2377958333333332,0,0,261,-1
1543,-576459468319,1.4893135943958546,2.7717875344233485,0.020203671356380844,0.2903835461098053,0.2923343052122081,0.1733389278869053,0,1430697,0.01,0.17653294469999978,0.29454737550000004,0,0.09569583333333322,0.10654583333333312,0,0,261,-1
1544,-576459468319,1.4895295721833264,2.7747000242776623,0.023021497331275002,0.2921149749198446,0.2171328096161964,0.17194171151555743,0,1430707,0.01,0.1717456646999998,0.20658110550000003,0,0.1656958333333332,0.18529583333333322,0,0,261,-1
1545,-576459468319,1.4897691886547122,2.7776302551922063,0.024965570477305635,0.293909992556407,0.05516928955743852,0.2258218428770607,0,1430717,0.01,0.2333818946999998,0.032443795500000025,0,0.2881958333333332,0.3252958333333331,0,0,261,-1
1546,-576459468318,1.490019193673259,2.7805807623521934,0.02514101727071996,0.2961863493607001,-0.2129795244787018,0.23874897715711102,0,1430727,0.01,0.2405628146999998,-0.2506041345,0,0.1394458333333332,0.4040458333333332,0,0,261,-1
1547,-576459468308,1.5043282323543155,2.792900859606014,0.0279393375758085,0.3032649662360489,-0.3241656828568255,0.2345683571066372,0,1430737,0.01,0.23398030469999978,-0.33976722449999996,0,0.37569583333333323,0.3427958333333332,0,1,262,2
1548,-576459468297,1.4961838836954608,2.8051289185709476,0.021204314808876443,0.3103919414523951,-0.2675278027445313,0.3222167971206339,0,1430749,0.012,0.3345131846999998,-0.25958028450000004,0,0.4281958333333332,0.41279583333333325,0,1,263,1
1549,-576459468287,1.4963829091995835,2.808249297729302,0.01858190430935519,0.31366642322007554,-0.2306459032151943,0.35871423125597596,0,1430759,0.01,0.3638352746999998,-0.22547091449999998,0,0.20944583333333322,0.3952958333333332,0,0,263,-1
1550,-576459468277,1.4965569517507469,2.811404591788962,0.016237533296548933,0.3173610276780856,-0.25759431721556875,0.43509962496947024,0,1430769,0.01,0.4458174446999998,-0.26137551449999996,0,0.08694583333333321,0.19404583333333325,0,0,263,-1
1551,-576459468268,1.4967057090932154,2.814601458789584,0.0135464508162165,0.32194618652266155,-0.33962683333721205,0.6019318156650948,0,1430779,0.01,0.6253404446999999,-0.35113701449999996,0,-0.12305416666666678,0.18529583333333322,0,0,263,-1
1552,-576459468223,1.4968234506857088,2.8178506876623346,0.010034401637956797,0.3279140465960693,-0.4221399755284702,0.5652593563509891,0,1430789,0.01,0.5601137546999999,-0.43371759449999997,0,-5.54166666666786e-4,0.12404583333333319,0,0,263,-1
1553,-576459468222,1.4969031528511565,2.8211575413322456,0.00588564295131207,0.333480784822447,-0.370369285497156,0.5040709660483177,0,1430799,0.01,0.49548547469999976,-0.36310521449999994,0,-0.09680416666666679,0.06279583333333316,0,0,263,-1
1554,-576459468121,1.496944330710539,2.8245158113205164,0.002313118813943348,0.33824953377990463,-0.27688601829988957,0.31024597848677227,0,1430809,0.01,0.2830499246999998,-0.2637691545,0,-0.16680416666666678,0.03654583333333328,0,0,263,-1
1555,-576459468121,1.4969548619259863,2.827912199671834,-2.614101080803723e-4,0.34109910388024495,-0.13838705914495156,0.13001271126329683,0,1430819,0.01,0.10472374469999982,-0.11895393449999998,0,-0.11430416666666679,-0.08595416666666678,0,0,263,-1
1556,-576459468120,1.4969470987588496,2.8313264651972205,-0.0013688083655185414,0.3418953912290164,0.05865346235298388,-0.22907149937710158,0,1430829,0.01,-0.2794554753000002,0.08630069550000004,0,0.03444583333333322,0.027795833333333242,0,0,263,-1
1557,-576459468120,1.4969364433074648,2.8347327293315336,-7.666627452103692e-4,0.33941161376412166,0.06977934582390914,-0.366666208209478,0,1430839,0.01,-0.3859724553000003,0.07134044550000002,0,-0.08805416666666678,0.0977958333333333,0,0,263,-1
1558,-576459468119,1.4969313208431252,2.8381078084159554,-2.1642290950201214e-4,0.3356350455204343,-0.035381422248986535,-0.44499580914227516,0,1430849,0.01,-0.4559864253000002,-0.05013678449999998,0,0.02569583333333321,0.2377958333333332,0,0,263,-1
1559,-576459468119,1.4969266819375826,2.8414415820323433,-6.804341715553261e-4,0.33113401105641005,-0.1139183305438444,-0.4813976980399356,0,1430859,0.01,-0.4865053353000001,-0.1249380345,0,0.01694583333333323,0.22029583333333314,0,0,263,-1
1560,-576459468119,1.4969142740187757,2.844728661142052,-0.0018051964799104625,0.326290186778617,-0.10364055420832773,-0.5026697255606368,0,1430869,0.01,-0.5056544553000003,-0.10219845450000001,0,0.05194583333333323,0.08904583333333327,0,0,263,-1
1561,-576459468119,1.4968915747309077,2.847965694072831,-0.002758095186597395,0.3211486314159465,-0.04412562803963229,-0.5845285545935983,0,1430879,0.01,-0.5960143653000003,-0.03577494449999998,0,0.06069583333333321,0.10654583333333312,0,0,263,-1
1562,-576459468118,1.496863809932578,2.8511473872694526,-0.0028835001945117524,0.3152148437907956,0.18098007825180445,-0.6476035673785105,0,1430889,0.01,-0.6564537753000003,0.21256520550000002,0,-0.11430416666666679,0.13279583333333322,0,0,263,-1
1563,-576459468118,1.4968451450273397,2.854267175380463,-8.986141329176839e-4,0.3087419083960296,0.3057625275923977,-0.645394013201911,0,1430899,0.01,-0.6450839853000002,0.3232710555,0,0.08694583333333321,0.2640458333333333,0,0,263,-1
1564,-576459468118,1.4968513916531931,2.8573219500226372,0.0021503654889753385,0.3022294435325941,0.2996008109030954,-0.6871043121583633,0,1430909,0.01,-0.6929567853000002,0.2987362455,0,-0.018054166666666788,0.22904583333333317,0,0,263,-1
1565,-576459468118,1.496886798277801,2.860309843131452,0.004978163395095754,0.2953511990978063,0.17971819579105391,-0.6922366539795854,0,1430919,0.01,-0.6929567853000002,0.16289717550000002,0,-0.14055416666666679,0.06279583333333316,0,0,263,-1
1566,-576459468116,1.4969447260712088,2.8632294542651215,0.0066441983845148544,0.28853986825931655,0.08625037234914386,-0.6131020354306077,0,1430929,0.01,-0.6019984653000003,0.07313567550000002,0,0.008195833333333222,0.19404583333333325,0,0,263,-1
1567,-576459468107,1.4884361231488676,2.8753949328962225,0.004416800856713774,0.2870641962332171,-0.02443383042899118,-0.5152009717184394,0,1430939,0.01,-0.5014655853000002,-0.039963814499999986,0,0.07819583333333323,0.14154583333333326,0,1,265,1
1568,-576459468096,1.488482767914818,2.878521788279281,0.0040799919659415,0.2814441990027895,-0.06901474791483912,-0.48426370778637196,0,1430950,0.011,-0.4799228253000002,-0.0752700045,0,0.1481958333333332,0.03654583333333328,0,0,265,-1
1569,-576459468084,1.5058126251194648,2.8923804678221345,0.009624352634635227,0.2813150335962811,0.04252589189059111,-0.6205706874148086,0,1430961,0.011,-0.6396982953000001,0.058175425500000016,0,0.5681958333333332,0.0715458333333332,0,1,266,2
1570,-576459468074,1.5059220036445486,2.895435538116849,0.010222648859675746,0.27422397925197717,0.12709471846970039,-0.7921539779332261,0,1430972,0.011,-0.8162292453000003,0.13896077550000002,0,0.20069583333333318,0.0977958333333333,0,0,266,-1
1571,-576459468064,1.5060290894143062,2.898137417220007,0.011266877051251342,0.2661882256526586,-0.03252713531330734,-0.8725666748902242,0,1430982,0.01,-0.8838495753000002,-0.054924064499999974,0,0.3144458333333332,0.2902958333333332,0,0,266,-1
1572,-576459468055,1.5061390657027636,2.9007548547143376,0.010776103981756303,0.25733582633388313,-0.15030152449853568,-0.9627521611380948,0,1430992,0.01,-0.9754063053000003,-0.16682673450000002,0,0.1481958333333332,0.15904583333333333,0,0,266,-1
1573,-576459468044,1.5062379539530248,2.903279399640479,0.009061270346381935,0.24760288257224075,-0.30123543209946824,-1.0378720689618737,0,1431002,0.01,-1.0484123253000002,-0.32241333450000004,0,0.1656958333333332,0.2552958333333333,0,0,266,-1
1574,-576459468034,1.5063121826546602,2.9057028104701836,0.005842452179298192,0.23711104922859919,-0.44837787210703717,-1.1184850785407479,0,1431012,0.01,-1.1297960853000004,-0.46902378450000004,0,0.09569583333333322,0.14154583333333326,0,0,266,-1
1575,-576459468024,1.501833951441739,2.9126374007999827,-5.2653073606576725e-5,0.22835645929693044,-0.3583794261640342,-0.9819908109064637,0,1431022,0.01,-0.9628396953000002,-0.34575132449999996,0,-0.061804166666666785,0.03654583333333328,0,1,267,1
1576,-576459468013,1.5018135596262456,2.9150903073496055,-0.0037216378088457836,0.2176122284120137,-0.17937646398111845,-0.944205099982573,0,1431033,0.011,-0.9389032953000002,-0.15426012449999998,0,-0.2193041666666668,-0.015954166666666714,0,0,267,-1
1577,-576459468003,1.5017683331340295,2.9172200100313184,-0.005369545689953784,0.2082906450179454,-0.07653492946888914,-0.8592647514729818,0,1431043,0.01,-0.8473465653000002,-0.06210498449999999,0,0.008195833333333222,0.0015458333333331353,0,0,267,-1
1578,-576459467992,1.5017053891204204,2.9194639970181546,-0.006102283070629259,0.1995330915915283,-0.005105500767666624,-0.40485152630440635,0,1431054,0.011,-0.3410917053000002,0.004916935500000019,0,-0.3155541666666668,0.13279583333333322,0,0,267,-1
1579,-576459467982,1.5016448683956598,2.9214416671305576,-0.006038144339413625,0.1958772801077755,0.07610295959767802,-0.1280059667619659,0,1431064,0.01,-0.08916109530000027,0.08749751550000003,0,-0.07930416666666679,-0.13845416666666677,0,0,267,-1
1580,-576459467972,1.5015889520983736,2.923394423710561,-0.005174596730593082,0.19465687957231784,0.14906871369267455,-0.08554441810758923,0,1431074,0.01,-0.07958653530000022,0.15930671550000006,0,-0.3505541666666668,-0.04220416666666682,0,0,267,-1
1581,-576459467962,1.501545122635485,2.925338230183076,-0.0036116574821263925,0.19403780350478436,0.20055391247232277,0.08288608287485702,0,1431084,0.01,0.1065189746999998,0.20777792550000002,0,-0.4905541666666668,0.0015458333333331353,0,0,267,-1
1582,-576459467950,1.523838298547668,2.9409775058925245,0.006435043083172211,0.20161698447146023,0.20741492026029884,0.017549829042138285,0,1431095,0.011,0.008379734699999773,0.2083763355,0,-0.3505541666666668,-0.08595416666666678,0,1,268,2
1583,-576459467941,1.523913570359948,2.942993662955582,0.008591517478109779,0.20165604220913108,0.26545875444259737,-0.07865448484394294,0,1431105,0.01,-0.09215314530000027,0.27360302550000004,0,-0.2893041666666668,0.14154583333333326,0,0,268,-1
1584,-576459467931,1.524013243173383,2.945007202599496,0.011321759039316688,0.201011385563268,0.3193060683706829,0.022334934499491504,0,1431115,0.01,0.03650500469999979,0.3268615155000001,0,-0.28055416666666677,-0.12095416666666681,0,0,268,-1
1585,-576459467920,1.5241569336581842,2.9472205663905138,0.014809795433605938,0.2013865784021581,0.3033664166645161,0.10718067342681675,0,1431126,0.011,0.11908558469999977,0.3011298855,0,-0.4205541666666668,0.019045833333333206,0,0,268,-1
1586,-576459467910,1.5243200056552764,2.94923911593847,0.017813883499002637,0.2023555946916487,0.2825131043008253,0.03470591387318206,0,1431136,0.01,0.0245368046999998,0.27958712550000003,0,-0.18430416666666677,0.019045833333333206,0,0,268,-1
1587,-576459467899,1.5245327255977157,2.9514678387471704,0.020874305286046644,0.20284080738522411,0.25160918878866845,0.1024055628635865,0,1431147,0.011,0.11190466469999978,0.24727298550000001,0,-0.14055416666666679,0.027795833333333242,0,0,268,-1
1588,-576459467889,1.5184538275129342,2.959783099121038,0.02116861735318749,0.2067859368674088,0.18483303070437457,0.0115538457039754,0,1431157,0.01,-0.0011948253000002049,0.17546378550000005,0,-0.3155541666666668,0.13279583333333322,0,1,269,1
1589,-576459467878,1.518697501327418,2.9620576209944747,0.02314993054661778,0.2067925045438189,0.15090256182690714,-0.0673223983244663,0,1431168,0.011,-0.07838971530000025,0.14614169550000003,0,-0.20180416666666678,-0.12970416666666673,0,0,269,-1
1590,-576459467868,1.5189371760169754,2.964121327225416,0.024755015573801047,0.20598938827956037,0.21862198859558069,-0.15889315981170435,0,1431178,0.01,-0.17174167530000023,0.22812386550000002,0,-0.3155541666666668,-0.06845416666666682,0,0,269,-1
1591,-576459467858,1.5191959176943441,2.966172885052169,0.02698169849903584,0.2043396491033701,0.24742099685036792,-0.20217211079102487,0,1431188,0.01,-0.20824468530000018,0.2514618555,0,-0.30680416666666677,-0.02470416666666675,0,0,269,-1
1592,-576459467847,1.5195073327387896,2.9684097117181585,0.029651865922591204,0.20230868380566086,0.21370545490778256,-0.07577838527333125,0,1431199,0.011,-0.05804377530000019,0.20897474550000003,0,-0.3593041666666668,-0.18220416666666683,0,0,269,-1
1593,-576459467837,1.519814229090666,2.9704306947756214,0.03174210068042926,0.20180740860691393,0.1806940988758877,0.10507885672384953,0,1431209,0.01,0.1304553746999998,0.17606219550000002,0,-0.22805416666666678,-0.12970416666666673,0,0,269,-1
1595,-576459467712,1.534761961787657,2.9828492476438315,0.0391793481920345,0.2086268827554787,-0.09759683970477596,0.032583804451319254,0,1431229,0.01,0.013765424699999782,-0.1261348545,0,-0.2980541666666668,-0.02470416666666675,0,1,270,2
1596,-576459467711,1.5351857953090946,2.9851432792301615,0.03791943260606319,0.20856768181355118,-0.21970711570955698,-0.24105986832958143,0,1431240,0.011,-0.2794554753000002,-0.2368407045,0,-0.1755541666666668,-0.007204166666666678,0,0,270,-1
1597,-576459467711,1.5355533426737344,2.9872133615208525,0.0356206719819385,0.20561736455441113,-0.29140840308309973,-0.6216087494387657,0,1431250,0.01,-0.6750044853000002,-0.30146898450000004,0,-0.4468041666666668,0.027795833333333242,0,0,270,-1
1598,-576459467710,1.5358946572281704,2.9892381736800826,0.03265658968006093,0.199357606957589,-0.3269946955516941,-0.6526909643855124,0,1431260,0.01,-0.6570521853000002,-0.3319878945,0,-0.15805416666666677,-0.12970416666666673,0,0,270,-1
1599,-576459467710,1.5362043714464633,2.9911999917227234,0.029308325813385695,0.19296746452607452,-0.3828016635573609,-0.5552335423917212,0,1431270,0.01,-0.5415590553000003,-0.3906320745,0,-0.3943041666666668,-0.18220416666666683,0,0,270,-1
1600,-576459467710,1.5364787433323568,2.9931026443320565,0.02554725348586381,0.18753062542382248,-0.3350917308015912,-0.47292151532145243,0,1431280,0.01,-0.46137211530000016,-0.32839743450000003,0,-0.28055416666666677,-0.20845416666666683,0,0,270,-1
1601,-576459467709,1.536718108104113,2.9949540890397923,0.022297350866822316,0.18276776012050394,-0.2630992184056439,-0.4969037586164746,0,1431290,0.01,-0.5002687653000003,-0.2529977745,0,-0.5430541666666667,-0.2522041666666668,0,0,270,-1
1602,-576459467709,1.5369287276066095,2.9967568195034837,0.019791446411523844,0.17778280073537467,-0.17394981356803607,-0.5082511458886829,0,1431300,0.01,-0.5098433253000002,-0.1614410445,0,-0.30680416666666677,-0.07720416666666674,0,0,270,-1
1603,-576459467708,1.5371178781171375,2.998507798539443,0.018041568516528415,0.17247595918115394,-0.18134741860707668,-0.6681301366067218,0,1431310,0.01,-0.6905631453000001,-0.1823853945,0,-0.3593041666666668,-0.06845416666666682,0,0,270,-1
1604,-576459467708,1.5372892512568745,3.000198871151995,0.016231971422226207,0.1657508553833544,-0.17858423367506193,-0.6993479221469524,0,1431320,0.01,-0.7037281653000003,-0.1781965245,0,-0.30680416666666677,-0.02470416666666675,0,0,270,-1
1605,-576459467708,1.5374428616948104,3.001820863885405,0.014480477223576795,0.15867172667405838,-0.15410447830817112,-0.7603899065222083,0,1431330,0.01,-0.7689548553000002,-0.15066966449999997,0,-0.2455541666666668,-0.15595416666666684,0,0,270,-1
1606,-576459467705,1.537580341915409,3.003367598826077,0.012998883462177962,0.15076128494816957,-0.11173401666787221,-0.9788614092354653,0,1431340,0.01,-1.0095156753,-0.10578891449999998,0,-0.30680416666666677,-0.05970416666666678,0,0,270,-1
1607,-576459467694,1.5364682395403473,3.0062017903596856,0.011379223580896611,0.14047440123066712,-0.09550017173857643,-1.057696501099928,0,1431351,0.011,-1.0687582653000003,-0.09322230449999998,0,-0.2893041666666668,0.054045833333333126,0,1,271,1
1608,-576459467684,1.5457243373167386,3.012829205588881,0.013433510284621008,0.13137518258696257,-0.12446396756559426,-1.099407576999675,0,1431362,0.011,-1.1052612753000004,-0.1285284945,0,-0.3680541666666668,0.03654583333333328,0,1,272,2
1609,-576459467673,1.5458637331541987,3.014209697449551,0.011947144463635935,0.11955072998010896,-0.20044762356236429,-0.9250671790877083,0,1431373,0.011,-0.9006050553000002,-0.21110907450000002,0,-0.3243041666666668,-0.07720416666666674,0,0,272,-1
1610,-576459467663,1.5459730735233725,3.01535970359906,0.009926406570286494,0.11041400897609842,-0.21189632013516949,-0.8448400046021473,0,1431383,0.01,-0.8335831353000002,-0.2135027145,0,-0.2893041666666668,-0.15595416666666684,0,0,272,-1
1611,-576459467653,1.5460617485292445,3.016423791079001,0.00780841334817226,0.10230542963308502,-0.21120594299046985,-0.6030167256827319,0,1431393,0.01,-0.5690859153000002,-0.21110907450000002,0,-0.33305416666666676,-0.12970416666666673,0,0,272,-1
1612,-576459467643,1.5461297876209352,3.0174188693420176,0.005776747750180019,0.09661455277010503,-0.153920275369632,-0.3612510089875356,0,1431403,0.01,-0.3273282753000002,-0.1458823845,0,-0.4380541666666668,0.11529583333333315,0,0,272,-1
1613,-576459467634,1.546180252521682,3.0183677053577176,0.004298979748815111,0.09311962814358214,-0.11013701928114811,-0.27745032270381914,0,1431413,0.01,-0.26569204530000023,-0.10399368449999999,0,-0.28055416666666677,0.04529583333333331,0,0,272,-1
1614,-576459467623,1.546217727292702,3.019285668699145,0.003196332831184433,0.09044500745478377,-0.11104693238675632,-0.20626471101211197,0,1431423,0.01,-0.1962764853000002,-0.1111746045,0,-0.7355541666666668,-0.07720416666666674,0,0,272,-1
1615,-576459467610,1.5450109569495103,3.0214320731376754,0.001563609516885984,0.08892830329811025,-0.11273327612539476,-0.08415343180203279,0,1431434,0.011,-0.06701992530000019,-0.11296983449999999,0,-0.5868041666666668,0.019045833333333206,0,1,273,1
1616,-576459467601,1.545021838107827,3.0224069258382027,3.9279000416868977e-4,0.08825224327413089,-0.06780988446635426,0.07780946771228335,0,1431445,0.011,0.1005348746999998,-0.06150657449999999,0,-0.6480541666666668,-0.3047041666666668,0,0,273,-1
1617,-576459467591,1.5450226807846859,3.023295088174522,-2.3945019258065766e-4,0.08929562846305711,-0.03551854114705559,0.26461773407180716,0,1431455,0.01,0.2908292546999998,-0.030987664499999974,0,-0.8143041666666668,-0.2784541666666668,0,0,273,-1
1618,-576459467581,1.545018679631171,3.024202751757116,-5.684041611517178e-4,0.09217099899859403,-0.016851414310728355,0.4277195180703153,0,1431465,0.01,0.4506047246999998,-0.014232184499999988,0,-0.7793041666666668,-0.1472041666666668,0,0,273,-1
1619,-576459467571,1.5450133585251735,3.02514479620327,-5.488426778798373e-4,0.09628414222099672,0.11716461202446514,0.3108219024741137,0,1431475,0.01,0.2944197146999998,0.13596872550000003,0,-0.6568041666666669,-0.1472041666666668,0,0,273,-1
1620,-576459467560,1.5450155088908377,3.026219598197199,9.004905547865052e-4,0.09924633254858375,0.22234228173872195,0.011483922226905197,0,1431486,0.011,-0.030516915300000228,0.2371000155,0,-0.4993041666666668,-0.32220416666666674,0,0,273,-1
1621,-576459467550,1.5520365667993319,3.0310403807308317,0.005562258651552808,0.10074391864274863,0.25260208188976446,-0.3884940150487994,0,1431496,0.01,-0.4446166353000001,0.2568475455,0,-0.6043041666666668,-0.35720416666666677,0,1,274,2
1622,-576459467539,1.5521123792366602,3.032124849591659,0.008244734246827227,0.09643938445683736,0.18967844368701475,-0.4088481476249616,0,1431507,0.011,-0.4117040853000002,0.18084947550000005,0,-0.4993041666666668,-0.16470416666666676,0,0,274,-1
1623,-576459467529,1.552203128392337,3.033071648325015,0.0099623016363476,0.09278430822154968,0.06333620169505019,-0.1033084331831659,0,1431517,0.01,-0.0604374153000002,0.04560881550000002,0,-0.37680416666666683,-0.11220416666666677,0,0,274,-1
1624,-576459467519,1.5523057396077478,3.03399449515806,0.01056792260576,0.09177750311463286,0.04359190554755962,-0.08460456094686092,0,1431527,0.01,-0.08198017530000024,0.04082153550000002,0,-0.5168041666666667,-0.08595416666666678,0,0,274,-1
1625,-576459467507,1.5524138361712063,3.034908074818616,0.011040936965336765,0.09093689662600293,0.0700251700852669,-0.08072876730045615,0,1431537,0.01,-0.08018494530000028,0.07373408550000003,0,-0.4380541666666668,-0.13845416666666677,0,0,274,-1
1626,-576459467498,1.5525388275907865,3.0359040554799765,0.011709656155615882,0.09013050046815296,0.0034823411154849965,-0.027249360489937285,0,1431548,0.011,-0.01974553530000024,-0.005854444499999982,0,-0.18430416666666677,-0.11220416666666677,0,0,274,-1
1627,-576459467488,1.5457968927967904,3.0430492287968334,0.009363638802580525,0.0928188193513351,-0.08867017435486632,-0.08993850045146035,0,1431558,0.01,-0.09873565530000025,-0.10160004449999999,0,-0.30680416666666677,-0.11220416666666677,0,1,275,1
1628,-576459467405,1.5458944061347721,3.0440638938459403,0.008371739777597951,0.09169742959082676,-0.09948428098776149,-0.17636977384304348,0,1431569,0.011,-0.18849715530000025,-0.10100163449999999,0,-0.28055416666666677,0.027795833333333242,0,0,275,-1
1629,-576459467404,1.545973340637598,3.0449707433177644,0.007406273384713137,0.08973478158968064,-0.07877428432716474,-0.31662489000843397,0,1431579,0.01,-0.3363044253000002,-0.07586841449999998,0,-0.2193041666666668,-0.07720416666666674,0,0,275,-1
1630,-576459467403,1.5460440713846453,3.045851382436603,0.006712801275859712,0.08643221232106515,-0.011678374264196517,-0.4136490502191744,0,1431589,0.01,-0.4272627453000002,-0.002263984499999973,0,-0.13180416666666678,0.03654583333333328,0,0,275,-1
1631,-576459467403,1.5461110248283094,3.0466940415591472,0.00665989153856555,0.08214272455050048,0.03383678340971563,-0.5226714045251322,0,1431599,0.01,-0.5379685953000003,0.04022312550000002,0,-0.12305416666666678,-0.1472041666666668,0,0,275,-1
1632,-576459467403,1.5461795733912111,3.047488318731715,0.007038516834995514,0.07675728222438416,0.06252750132971063,-0.6357939910101746,0,1431609,0.01,-0.6516664953000003,0.06655316550000002,0,-0.20180416666666678,-0.07720416666666674,0,0,275,-1
1633,-576459467402,1.5462536258633657,3.048223340280962,0.007748268920403339,0.07028040708592914,0.12273375949264478,-0.7205583523178666,0,1431619,0.01,-0.7324518453000004,0.13118144550000002,0,-0.2193041666666668,-0.12970416666666673,0,0,275,-1
1634,-576459467402,1.5463372457916449,3.0488901877450205,0.008975692582066893,0.06308596040604834,0.12279509882903966,-0.7126211792857994,0,1431629,0.01,-0.7115074953000002,0.12280370550000003,0,-0.14055416666666679,0.027795833333333242,0,0,275,-1
1635,-576459467402,1.5464329586630345,3.0494869102266176,0.010174937380936272,0.0561930621925793,0.10233633433320383,-0.5463397023521708,0,1431639,0.01,-0.5230083453000002,0.09946571550000004,0,-0.1755541666666668,0.06279583333333316,0,0,275,-1
1636,-576459467321,1.546539731514347,3.050023584177796,0.011183723588900556,0.05105143219488948,0.09194727902999612,-0.31701786773271307,0,1431649,0.01,-0.2848411653000002,0.09048956550000002,0,-0.1493041666666668,0.17654583333333318,0,0,275,-1
1637,-576459467321,1.5594665348510597,3.057521709501283,0.01654696717151642,0.051313258573736704,0.09696690154226603,-0.2006365175235925,0,1431660,0.011,-0.1843082853000002,0.09767048550000003,0,0.08694583333333321,0.03654583333333328,0,1,276,2
1638,-576459467321,1.559654299144901,3.0580745531130704,0.017597566127729086,0.04918332674769404,0.08656358943647559,-0.15063257909738612,0,1431671,0.011,-0.14361640530000022,0.08510387550000002,0,-0.2368041666666668,-0.02470416666666675,0,0,276,-1
1639,-576459467320,1.5598346360524118,3.0585584306174267,0.01846809163696311,0.04761270443254958,0.09000648454292139,-0.19590789586814816,0,1431681,0.01,-0.20226058530000018,0.09048956550000002,0,-0.28055416666666677,0.0715458333333332,0,0,276,-1
1640,-576459467320,1.5600234555295966,3.0590239565271515,0.019311970094422967,0.04552854639355224,0.050022276624490526,-0.2849184839477378,0,1431691,0.01,-0.2974077753000002,0.04441199550000002,0,-0.1493041666666668,-0.04220416666666682,0,0,276,-1
1641,-576459467320,1.560218876277069,3.059466063521147,0.01978098501078778,0.042845897285462814,0.027784677001354938,-0.16625102419707447,0,1431701,0.01,-0.1496005053000002,0.02466446550000002,0,-0.13180416666666678,0.054045833333333126,0,0,276,-1
1642,-576459467319,1.5604178244166633,3.0598872229850986,0.0200196478299139,0.041341571908149514,-1.409079859781802e-4,-0.053515964734094326,0,1431711,0.01,-0.037697835300000225,-0.004059214499999982,0,-0.14055416666666679,0.03654583333333328,0,0,276,-1
1643,-576459467319,1.560618143284139,3.0602984081532933,0.02003845257406594,0.04087594652391146,0.0142653487064215,-0.003959362300009109,0,1431721,0.01,0.0029940446999997643,0.01628672550000002,0,0.01694583333333323,0.14154583333333326,0,0,276,-1
1644,-576459467314,1.5608193418701877,3.060707788235798,0.020196847214926174,0.040964194008148595,0.025483990656830095,0.08715235834489253,0,1431731,0.01,0.09993646469999978,0.02705810550000002,0,-0.12305416666666678,0.21154583333333332,0,0,276,-1
1645,-576459467302,1.555920440066966,3.0657920277562045,0.018823691919899712,0.04420045487405786,0.028438559395150418,0.0936411817566403,0,1431742,0.011,0.09455077469999978,0.028853335500000025,0,0.10444583333333322,0.03654583333333328,0,1,277,1
1646,-576459467293,1.5561289888129781,3.0662824645744493,0.01910552677257063,0.04502387080014264,0.008335986259992184,-0.040428897524315,0,1431753,0.011,-0.059240595300000226,0.005515345500000013,0,-0.09680416666666679,0.11529583333333315,0,0,277,-1
1647,-576459467284,1.5639950156781834,3.070737313277411,0.02168472401243242,0.04653834122329045,-0.060259159564116906,-0.14823637173755946,0,1431763,0.01,-0.1633639353000002,-0.06988431449999997,0,-0.15805416666666677,0.19404583333333325,0,1,278,2
1648,-576459467273,1.564208383904787,3.071194507228648,0.021007594868047683,0.04493410001402692,-0.11330602959401712,-0.2349713414729374,0,1431773,0.01,-0.2471413353000003,-0.12074916449999998,0,-0.18430416666666677,0.12404583333333319,0,0,278,-1
1649,-576459467263,1.5644123928494127,3.071631362523948,0.0198116130734329,0.0424692505066547,-0.15814204456800784,-0.31701355365892137,0,1431783,0.01,-0.3285250953000003,-0.1644330945,0,-0.09680416666666679,0.04529583333333331,0,0,278,-1
1650,-576459467253,1.5646022694359705,3.0720400193623356,0.018178270850755407,0.03927022313768581,-0.19514563152663905,-0.3376041752747083,0,1431793,0.01,-0.3404932953000003,-0.20033769450000002,0,-0.30680416666666677,0.06279583333333316,0,0,278,-1
1651,-576459467243,1.5647743246785266,3.072415809191721,0.016231470767446566,0.035889153730115746,-0.19182716638686875,-0.3411873512010734,0,1431803,0.01,-0.34169011530000026,-0.19136154449999998,0,-0.33305416666666676,-0.11220416666666677,0,0,278,-1
1652,-576459467233,1.5649271318481437,3.072757660974206,0.014326289613551422,0.032480343219474496,-0.18249762505648,-0.33900436533751366,0,1431813,0.01,-0.33869806530000024,-0.1811885745,0,-0.12305416666666678,0.03654583333333328,0,0,278,-1
1653,-576459467199,1.565061563065012,3.0730650404067053,0.012547103776401534,0.0290163073637781,-0.14986301564450905,-0.39173825537537593,0,1431823,0.01,-0.39913747530000027,-0.1452839745,0,-0.22805416666666678,-0.06845416666666682,0,0,278,-1
1654,-576459467198,1.5651798410583617,3.0733355582700406,0.011095342357831973,0.02508982026581947,-0.11645988826344303,-0.3982270208843362,0,1431833,0.01,-0.39913747530000027,-0.11177301449999998,0,-0.3943041666666668,0.22904583333333317,0,0,278,-1
1655,-576459467198,1.5572172163990188,3.08060970124954,0.00741033739431363,0.024487955316941836,-0.06459524631537454,-0.4525516841172582,0,1431843,0.01,-0.4601752953000002,-0.05731770449999998,0,-0.22805416666666678,0.019045833333333206,0,1,279,1
1656,-576459467192,1.5572953128536697,3.0808531052878516,0.0067696014146176745,0.01971832375977974,-0.018854894172045687,-0.3159730451634053,0,1431854,0.011,-0.2968093653000002,-0.012436954499999979,0,-0.4468041666666668,-0.015954166666666714,0,0,279,-1
1657,-576459467181,1.5573622910071558,3.0810355350252343,0.006615084780717634,0.016717885294578367,0.0051405382220210995,-0.20365794870679152,0,1431864,0.01,-0.18789874530000025,0.00850739550000002,0,-0.09680416666666679,-0.08595416666666678,0,0,279,-1
1658,-576459467171,1.5574355038446495,3.0812076417368677,0.006691378038227099,0.014554896824826958,0.018063880080915504,-0.1531034671397562,0,1431875,0.011,-0.14601004530000022,0.019877185500000023,0,-0.37680416666666683,-0.1734541666666668,0,0,279,-1
1659,-576459467161,1.557503325866963,3.0813458333441446,0.006872783719356425,0.013069161306251287,0.0186045086018789,-0.12116878758920341,0,1431885,0.01,-0.11668795530000023,0.01868036550000002,0,-0.2105541666666668,-0.02470416666666675,0,0,279,-1
1660,-576459467151,1.5681673412393353,3.0869107336721338,0.010600700170070351,0.014692637792118846,0.0034529645167698034,-0.12510998502428664,0,1431895,0.01,-0.12566410530000022,0.0013264755000000185,0,-0.3155541666666668,-0.13845416666666677,0,1,280,2
1661,-576459467141,1.56828403234654,3.0870654498559382,0.010621415482882882,0.013414210030942161,-0.0078578558761845,-0.06104832244554177,0,1431906,0.011,-0.05205967530000019,-0.009444904499999983,0,0.043195833333333225,0.01029583333333317,0,0,280,-1
1662,-576459467130,1.5683898306881954,3.087196656903965,0.010539374356538275,0.012821605219649004,-0.01029917683862482,-0.04844270941682907,0,1431916,0.01,-0.046673985300000186,-0.010641724499999979,0,-0.1493041666666668,0.04529583333333331,0,0,280,-1
1663,-576459467120,1.5685052202703962,3.0873348021359885,0.010437652581405535,0.012294313051471096,-0.0027279164025739225,-0.04479251318098951,0,1431927,0.011,-0.04428034530000024,-0.0016655744999999789,0,-0.33305416666666676,-0.08595416666666678,0,0,280,-1
1664,-576459467110,1.568609376098404,3.0874557104816778,0.010397551439560612,0.011877545170890309,-0.011767060309811176,-0.022827499593951698,0,1431937,0.01,-0.01974553530000024,-0.013035364499999983,0,-0.07055416666666678,-0.10345416666666674,0,0,280,-1
1665,-576459467098,1.5687122785212109,3.0875737772277074,0.010204586102361309,0.011716477095282066,-0.06535702646100532,0.02500607930795728,0,1431947,0.01,0.0317177246999998,-0.07287636449999997,0,-0.1493041666666668,-0.06845416666666682,0,0,280,-1
1666,-576459467088,1.568810671545435,3.0876923537995964,0.009490946921980886,0.011991736104957653,-0.10816075903700242,0.0429617508991071,0,1431957,0.01,0.04548115469999978,-0.11416665449999999,0,-0.30680416666666677,0.01029583333333317,0,0,280,-1
1667,-576459467078,1.561590768368242,3.0940742817255957,0.005901473753371297,0.015571683898000552,-0.1522614218543578,0.06406421593974271,0,1431968,0.011,0.06702391469999978,-0.15844899449999997,0,-0.2630541666666668,-0.10345416666666674,0,1,281,1
1668,-576459467068,1.5616418327141937,3.0942332489645263,0.004327252025117776,0.016219727866751358,-0.18864948689834188,0.06928361777760438,0,1431978,0.01,0.07001596469999978,-0.19375518449999998,0,-0.1930541666666668,-0.07720416666666674,0,0,281,-1
1669,-576459467057,1.5616751298344203,3.0943991719646773,0.002356312202358619,0.016953280605623833,-0.24875332877061748,0.09826382200436587,0,1431988,0.01,0.1023301046999998,-0.2571866445,0,-0.07930416666666679,-0.21720416666666675,0,0,281,-1
1670,-576459467047,1.561685186943992,3.094591810393491,-4.985998085866396e-4,0.018064457301694734,-0.3264690967339887,0.11809785364754438,0,1431999,0.011,0.12088081469999978,-0.33737358450000005,0,-0.30680416666666677,-0.08595416666666678,0,0,281,-1
1671,-576459467037,1.5616629082691909,3.094778490162651,-0.003910825339827803,0.019265271548871112,-0.43049171833853545,0.13208347786805688,0,1432009,0.01,0.13404583469999978,-0.4450873845,0,-0.3243041666666668,-0.06845416666666682,0,0,281,-1
1672,-576459467026,1.5616010348433838,3.0949777246463004,-0.008408467788066368,0.02058262571015948,-0.5676636309692784,0.12960615401431533,0,1432019,0.01,0.1292585546999998,-0.5869105545000001,0,-0.2105541666666668,-0.13845416666666677,0,0,281,-1
1673,-576459467016,1.5626235779753626,3.0957646184653314,-0.013896882718082974,0.022193137994175518,-0.7047162077421262,0.13769786674645873,0,1432029,0.01,0.1388331146999998,-0.7239464445000001,0,-0.13180416666666678,-0.13845416666666677,0,1,282,2
1674,-576459467006,1.5624265793913685,3.0960172954819445,-0.021868318303994123,0.02373977027750141,-0.8485763055031661,0.15863496035037075,0,1432040,0.011,0.16157269469999977,-0.8687616644999999,0,-0.4293041666666668,-0.10345416666666674,0,0,282,-1
1675,-576459466995,1.5621652932266739,3.09626238519661,-0.030380675359787886,0.025289582991826223,-0.8673274640029065,0.13287324361493724,0,1432050,0.01,0.1292585546999998,-0.8699584845,0,-0.4468041666666668,-0.37470416666666684,0,0,282,-1
1676,-576459466982,1.5616983788469907,3.096601956843554,-0.04148592453446193,0.026962898127163237,-0.7715014015767845,0.10241491641288568,0,1432063,0.013,0.0981412346999998,-0.7580558144999999,0,-0.2368041666666668,0.019045833333333206,0,0,282,-1
1677,-576459466973,1.56119636642172,3.0969045379680753,-0.04983512698066927,0.028061300168050585,-0.6841423366375685,0.08449811458955886,0,1432074,0.011,0.08198416469999976,-0.6718847745000001,0,-0.4468041666666668,0.054045833333333126,0,0,282,-1
1678,-576459466893,1.5606643492686463,3.0971894746537645,-0.05659548916616199,0.028921075504210497,-0.6272126384374345,0.09488815319980926,0,1432084,0.01,0.09634600469999981,-0.6192246945,0,-0.3418041666666668,-0.19095416666666676,0,0,282,-1
1679,-576459466892,1.560067459218802,3.0974835985619458,-0.06280170593327127,0.029896097194823945,-0.5803245200374623,0.11348426866663892,0,1432094,0.01,0.11609353469999978,-0.5737455345,0,-0.4030541666666668,-0.06845416666666682,0,0,282,-1
1680,-576459466891,1.5594109075750202,3.0977889343417497,-0.0685298332274029,0.031140206166071785,-0.5268003329229293,0.19134039316796042,0,1432104,0.01,0.20226457469999978,-0.5192902245000001,0,-0.15805416666666677,-0.11220416666666677,0,0,282,-1
1681,-576459466891,1.5586993519909467,3.09810951792204,-0.07378491357266251,0.03299341758918182,-0.517590437280072,0.14844265966139894,0,1432114,0.01,0.14242357469999978,-0.5162981745,0,-0.3593041666666668,0.10654583333333312,0,0,282,-1
1684,-576459466891,1.556156234409796,3.0991875631046724,-0.09040593294790047,0.0360998308091009,-0.5421026990525792,0.037963378744834124,0,1432145,0.01,0.032316134699999784,-0.5426282145,0,-0.2543041666666668,-0.18220416666666683,0,0,282,-1
1685,-576459466790,1.5551289341826486,3.0995868568347174,-0.09637457220506582,0.036502659496575225,-0.5457122146219259,0.028288018014643465,0,1432156,0.011,0.026930444699999813,-0.5462186745000001,0,-0.18430416666666677,-0.12095416666666681,0,0,282,-1
1686,-576459466790,1.5541377813609114,3.0999530178092285,-0.10185018718415738,0.03674291532369083,-0.558751009577142,-0.0017652573869747328,0,1432166,0.01,-0.0059821053000002275,-0.5605805145,0,-0.30680416666666677,-0.09470416666666681,0,0,282,-1
1687,-576459466789,1.5530906107669284,3.100319974043376,-0.10755128481107144,0.036665506399028824,-0.6395967611477766,-0.044296748672334935,0,1432176,0.01,-0.05026444530000024,-0.6509404244999999,0,-0.2718041666666668,0.08029583333333323,0,0,282,-1
1688,-576459466789,1.5518680938442886,3.1007203623358213,-0.11469735505788975,0.036141417171938126,-0.7119931076518542,-0.06842211647053636,0,1432187,0.011,-0.0718072053000002,-0.7221512145,0,-0.2980541666666668,-0.007204166666666678,0,0,282,-1
1689,-576459466789,1.5506858777015573,3.101077594300105,-0.12176293462721326,0.03534134252186616,-0.6736713352656472,-0.15010726423354426,0,1432197,0.01,-0.16156870530000025,-0.6682943145,0,-0.3418041666666668,-0.20845416666666683,0,0,282,-1
1690,-576459466788,1.549434237238654,3.1014233307755004,-0.12855053285470333,0.03381361389788797,-0.7098885669421918,-0.16907961831475038,0,1432207,0.01,-0.17174167530000023,-0.7149702944999999,0,0.008195833333333222,-0.02470416666666675,0,0,282,-1
1691,-576459466788,1.5481130274857458,3.1017532515290647,-0.13568218461330792,0.032160046237910696,-0.7332369818181856,-0.14255136835019472,0,1432217,0.01,-0.1388291253000002,-0.7365130545,0,2.090695833333333,-0.13845416666666677,0,0,282,-1
1692,-576459466787,1.546721083543131,3.1020679612399005,-0.1427741199276975,0.030771511837573227,-0.5618839006364844,-0.11619693913899452,0,1432227,0.01,-0.11249908530000019,-0.5378409345,0,-0.12305416666666678,0.14154583333333326,0,0,282,-1
1693,-576459466787,1.5452663617073494,3.1023700700986354,-0.148219054049283,0.029641336759492078,-0.4379430198798419,-0.09353733875143325,0,1432237,0.01,-0.09035791530000024,-0.42055257449999994,0,-0.16680416666666678,0.13279583333333322,0,0,282,-1
1694,-576459466787,1.543763198407349,3.1026617892163353,-0.1524541190029111,0.028703248618592553,-0.33505462461470803,-0.09547213004426555,0,1432247,0.01,-0.09574360530000026,-0.3206181045,0,-0.30680416666666677,-0.04220416666666682,0,0,282,-1
1695,-576459466688,1.5422217353416945,3.1029437112063176,-0.15583108115378855,0.027695914009434993,-0.35388111412608164,-0.1329693846259281,0,1432257,0.01,-0.1382307153000002,-0.3565227045,0,0.05194583333333323,-0.05970416666666678,0,0,282,-1
1696,-576459466687,1.5346579998112024,3.108379002823062,-0.16141743056129995,0.028879319220359304,-0.4847682494016361,-0.1491277654911395,0,1432267,0.01,-0.15139573530000017,-0.5031331545,0,-0.02680416666666678,-0.15595416666666684,0,1,285,1
1697,-576459466687,1.5328587591982499,3.108682563993397,-0.16590951143854757,0.02648626721658345,0.06588601150705198,-0.6423081589499854,0,1432278,0.011,-0.7115074953000002,0.14314964550000003,0,-0.02680416666666678,-0.02470416666666675,0,0,285,-1
1698,-576459466686,1.5311957815589174,3.1089194067920145,-0.16634464447498248,0.020687895840429186,-0.7054762377260301,-0.20183044144767648,0,1432288,0.01,-0.14002594530000023,-0.8137079445,0,-0.15805416666666677,-0.033454166666666785,0,0,285,-1
1699,-576459466686,1.5294961317120055,3.1091158870867064,-0.17354381951210232,0.018621873908055128,-0.8082619781367271,-0.23579340023505047,0,1432298,0.01,-0.24055882530000022,-0.8226840945,0,-0.1755541666666668,-0.08595416666666678,0,0,285,-1
1700,-576459466686,1.5277192038236782,3.109290221927671,-0.18179442360678003,0.01624923784110409,-0.9279640470795469,-0.24626977917840506,0,1432308,0.01,-0.24773974530000026,-0.9447597344999998,0,-0.15805416666666677,-0.015954166666666714,0,0,285,-1
1701,-576459466686,1.5256630323085325,3.1094540562346635,-0.19204453042854588,0.01353910377504114,-0.955812500502696,-0.24703409262746334,0,1432319,0.011,-0.2471413353000003,-0.9597199845,0,-0.3155541666666668,0.01029583333333317,0,0,285,-1
1702,-576459466685,1.5236955809087505,3.109576781799454,-0.20148322146709313,0.011020995868713338,-0.8716013808101912,-0.2807138823700532,0,1432329,0.01,-0.2854395753000002,-0.8597855145,0,-0.02680416666666678,0.01029583333333317,0,0,285,-1
1703,-576459466685,1.5216374379391315,3.1096729897745043,-0.210157396550367,0.008219094065762982,-0.8418226678863059,-0.2769864327855787,0,1432339,0.01,-0.2764634253000002,-0.8376443445,0,-5.54166666666786e-4,-0.033454166666666785,0,0,285,-1
1704,-576459466685,1.5194945420910815,3.1097417933431855,-0.21845559518730634,0.005521308844368162,-0.7562932275719183,-0.22562438825631215,0,1432349,0.01,-0.2184176553000002,-0.7442923845,0,-0.18430416666666677,-0.12970416666666673,0,0,285,-1
1705,-576459466586,1.5172714361067539,3.1097855084995865,-0.22613335671995938,0.0032312249713198765,-0.8381298496984614,-0.2497415042949245,0,1432359,0.01,-0.25312543530000026,-0.8496125445,0,-0.02680416666666678,-0.11220416666666677,0,0,285,-1
1706,-576459466585,1.5145462019520577,3.110174553554231,-0.23462614929852194,9.990653709631972e-4,-0.8245846660792611,-0.18921095822344067,0,1432369,0.01,-0.18071782530000022,-0.8226840945,0,-0.2630541666666668,-0.10345416666666674,0,1,287,1
1707,-576459466584,1.5121604824854709,3.110175355361156,-0.24259500777728302,-8.509305374575675e-4,-0.6271760463956355,-0.15919746173698784,0,1432379,0.01,-0.15498619530000027,-0.5994771645000001,0,-0.1755541666666668,-0.07720416666666674,0,0,287,-1
1708,-576459466584,1.5097040517756795,3.1101590232091194,-0.24872959966589722,-0.0024215240352588627,-0.5294166257539713,-0.14395928132679195,0,1432389,0.01,-0.14182117530000019,-0.5156997645,0,-0.4205541666666668,0.01029583333333317,0,0,287,-1
1709,-576459466583,1.507191171006652,3.110128065288265,-0.25388539361151063,-0.0037900075118405398,-0.43079934428577615,-0.09327998079169421,0,1432399,0.01,-0.08616904530000027,-0.4169621145,0,-0.2893041666666668,-0.18220416666666683,0,0,287,-1
1711,-576459466583,1.50202568499015,3.110032025138691,-0.2627541121224921,-0.005902987332450955,-0.5328399122936336,-0.1195467791883367,0,1432419,0.01,-0.12027841530000022,-0.5456202645,0,-0.1755541666666668,0.027795833333333242,0,0,287,-1
1712,-576459466582,1.4993709344139767,3.1099680069838413,-0.26817113356823724,-0.006943990247792478,-0.5960006222067449,-0.009460392971257933,0,1432429,0.01,0.005986094699999761,-0.6048628545,0,-0.3505541666666668,-0.18220416666666683,0,0,287,-1
1713,-576459466582,1.496658853454258,3.109898479791294,-0.2742200952640415,-0.006978353334742291,-0.6593987671256065,0.033472970422737114,0,1432439,0.01,0.039497054699999784,-0.6682943145,0,-0.5255541666666668,-0.1472041666666668,0,0,287,-1
1714,-576459466582,1.4938837020575093,3.109830412654676,-0.28081103844527444,-0.006636947482010149,-0.6572289735023077,0.038231029849514125,0,1432449,0.01,0.0388986446999998,-0.6569245244999999,0,-0.6043041666666668,-0.15595416666666684,0,0,287,-1
1715,-576459466581,1.4910417849488065,3.1097658798398453,-0.2875309554228671,-0.0062663332712871314,-0.7624422102430327,0.02989528347720745,0,1432459,0.01,0.028725674699999804,-0.7772049344999998,0,-0.4118041666666668,-0.07720416666666674,0,0,287,-1
1716,-576459466483,1.488128251114802,3.109704155139599,-0.2951713336835501,-0.006054233617320938,-0.7738140886747339,-0.032004567219410286,0,1432469,0.01,-0.04068988530000019,-0.7754097044999999,0,-0.2630541666666668,-0.18220416666666683,0,0,287,-1
1717,-576459466483,1.4968680263577063,3.1162601757427097,-0.2997411450007407,-0.002958758508567442,-0.7736385486303142,-0.04434309713817019,0,1432480,0.011,-0.0460755753000002,-0.7736144745,0,-0.4380541666666668,-0.2872041666666668,0,1,288,2
1718,-576459466482,1.4935266343305624,3.116225268468062,-0.3078815017744546,-0.003398732645844128,-0.5337942406709439,-0.013326209922498847,0,1432491,0.011,-0.008974155300000225,-0.5001411045,0,-0.4205541666666668,-0.12970416666666673,0,0,288,-1
1719,-576459466482,1.4904225906532782,3.1161906939954753,-0.3129979281688126,-0.003519867977491141,-0.3778107203063652,-0.004786668986401564,0,1432501,0.01,-0.0035884653000002164,-0.3559242945,0,-0.2893041666666668,0.04529583333333331,0,0,288,-1
1720,-576459466482,1.4872750110391626,3.1161549756275324,-0.3165757695532541,-0.0036112410987725577,-0.23529471116486417,-0.03574731238420315,0,1432511,0.01,-0.04009147530000021,-0.2152979445,0,-0.18430416666666677,0.03654583333333328,0,0,288,-1
1721,-576459466481,1.4840974528260455,3.1161166167349266,-0.31893430162615305,-0.004040342224323525,-0.23927436028614524,-0.08678688864764628,0,1432521,0.01,-0.09394837530000022,-0.23983275450000002,0,-0.5255541666666668,-0.02470416666666675,0,0,288,-1
1722,-576459466481,1.4808950901011515,3.116070879116421,-0.3214919371063386,-0.005063555839442581,-0.3567893688256143,-0.1974978429648248,0,1432531,0.01,-0.2130319653000002,-0.37327818450000005,0,-0.5255541666666668,-0.10345416666666674,0,0,288,-1
1723,-576459466480,1.4776621541958916,3.1160097417741937,-0.3250874831988566,-0.007136435926354402,-0.3764970517434363,-0.2672716967600786,0,1432541,0.01,-0.2770618353000003,-0.37926228450000005,0,-0.37680416666666683,-0.15595416666666684,0,0,288,-1
1724,-576459466480,1.474392734472484,3.115925478898318,-0.32880873127699956,-0.009736521694806015,-0.3453362869358473,-0.2155078027332895,0,1432551,0.01,-0.20824468530000018,-0.3409640445,0,-0.37680416666666683,-0.12095416666666681,0,0,288,-1
1725,-576459466480,1.4710874808009298,3.11581821589166,-0.33224640562998325,-0.011754541630458531,-0.3341551560717345,-0.1178271538917705,0,1432561,0.01,-0.10412134530000025,-0.3325863045,0,-0.4555541666666668,-0.007204166666666678,0,0,288,-1
1726,-576459466381,1.4664032429059721,3.1167955636195495,-0.3361400627470521,-0.012397649182948597,-0.4340613910886727,-0.11630321591612093,0,1432571,0.01,-0.11608954530000025,-0.4480794345,0,-0.5693041666666668,-0.18220416666666683,0,1,289,1
1727,-576459466380,1.4626782252146593,3.1166516468740753,-0.3410920783894953,-0.01375118145754057,-0.550260443780188,-0.16492011969575535,0,1432582,0.011,-0.17174167530000023,-0.5665646145,0,-0.6218041666666668,-0.1472041666666668,0,0,289,-1
1728,-576459466380,1.4592390038725627,3.11650614068914,-0.3467146935236411,-0.015361978067447877,-0.6348785788725533,-0.1378413351865152,0,1432592,0.01,-0.13404184530000024,-0.6467515545000001,0,-0.28055416666666677,-0.21720416666666675,0,0,289,-1
1729,-576459466379,1.4557409824011658,3.1163464467092568,-0.3529284350741785,-0.016613317403871234,-0.5387608377251254,-0.047396341569806585,0,1432602,0.01,-0.03470578530000023,-0.5252743245000001,0,-0.28055416666666677,0.11529583333333315,0,0,289,-1
1730,-576459466379,1.4521872546161934,3.1161785157984374,-0.3579268032777969,-0.016998018078267937,-0.26139652366558747,0.016210398793249564,0,1432612,0.01,0.025135214699999787,-0.22247886449999998,0,-0.33305416666666676,-0.09470416666666681,0,0,289,-1
1731,-576459466379,1.4485979160231766,3.1160103360014184,-0.3600724288584394,-0.016681345340618648,0.07238022140938594,0.12636860043275874,0,1432622,0.01,0.14182516469999978,0.11921324550000002,0,-0.37680416666666683,0.0015458333333331353,0,0,289,-1
1732,-576459466379,1.4450013070487788,3.1158504389670614,-0.3592711188100123,-0.015324271119043394,0.1276195512448336,0.1929257760689748,0,1432632,0.01,0.20226457469999978,0.13537031550000003,0,-0.3155541666666668,0.11529583333333315,0,0,289,-1
1733,-576459466378,1.4414134631580224,3.115706586087194,-0.3582313196967198,-0.013435065162131752,-0.04085899177951616,0.16438105385843885,0,1432642,0.01,0.16037587469999978,-0.06449862449999998,0,-0.4118041666666668,0.04529583333333331,0,0,289,-1
1734,-576459466378,1.4378284539924973,3.115580163617962,-0.3587418939983432,-0.011836680913250403,-0.11354277649915266,0.13200595350019684,0,1432652,0.01,0.1274633246999998,-0.1237412145,0,-0.4468041666666668,0.0977958333333333,0,0,289,-1
1735,-576459466378,1.434234311027923,3.115467988846674,-0.36004081784158426,-0.010580380847856263,-0.23006565675039906,0.08656488163140305,0,1432662,0.01,0.08018893469999978,-0.2464152645,0,-0.1930541666666668,0.06279583333333316,0,0,289,-1
1736,-576459466279,1.4306220208658882,3.1153665149097614,-0.36240061753426245,-0.00971447786115679,-0.2722166819859373,0.08674602766146967,0,1432672,0.01,0.0867714446999998,-0.2781309945,0,-0.1493041666666668,-0.09470416666666681,0,0,289,-1
1737,-576459466276,1.4241002047944888,3.117324567771986,-0.3660876150156917,-0.007926559108986547,-0.22282650867445403,-0.01818682419886113,0,1432683,0.011,-0.03291055530000024,-0.2158963545,0,-0.2368041666666668,0.08904583333333327,0,1,290,1
1738,-576459466275,1.4200593425898742,3.117235188978588,-0.3685964774910014,-0.008283205484092462,-0.2603056020665202,-0.11978619178323452,0,1432694,0.011,-0.13404184530000024,-0.26556438450000003,0,-0.11430416666666679,0.04529583333333331,0,0,290,-1
1739,-576459466273,1.4159884122425472,3.1171362298725733,-0.371547938308503,-0.00968574106872761,-0.3173950286815335,-0.17479468086980599,0,1432705,0.011,-0.18251305530000025,-0.32540538450000006,0,-0.08805416666666678,0.19404583333333325,0,0,290,-1
1740,-576459466272,1.4122565784851875,3.117030731710568,-0.37479522270866594,-0.01141870455134351,-0.36902579634886973,-0.164245681034903,0,1432715,0.01,-0.16276552530000024,-0.3762702345000001,0,-0.05305416666666678,0.0715458333333332,0,0,290,-1
1741,-576459466272,1.408490079425806,3.116908334630248,-0.3785003077559675,-0.013060812198034849,-0.37957704344625204,-0.16399720901179496,0,1432725,0.01,-0.16396234530000028,-0.3810575145,0,-0.00930416666666678,0.08904583333333327,0,0,290,-1
1742,-576459466272,1.4046869874784575,3.116769942347297,-0.38215723547459585,-0.014635932498467499,-0.2806428947013727,-0.11778623856668316,0,1432735,0.01,-0.11130226530000022,-0.2667612045,0,-0.2455541666666668,0.12404583333333319,0,0,290,-1
1743,-576459466271,1.4008536380141814,3.116618673798707,-0.38461154622888793,-0.015660756476806845,-0.02969566809657459,-0.008718985876044985,0,1432745,0.01,0.006584504699999782,0.005515345500000013,0,-0.04430416666666678,0.0715458333333332,0,0,290,-1
1744,-576459466271,1.3970070224387137,3.1164618404459437,-0.3847547271086902,-0.01571512547782493,0.07989930867858794,0.014672218166514504,0,1432755,0.01,0.01795429469999975,0.09527684550000003,0,-0.13180416666666678,0.11529583333333315,0,0,290,-1
1745,-576459466271,1.3931626341835417,3.116304906457387,-0.38408628692964986,-0.015649042496368,-0.013145098248327922,-0.04279893807274124,0,1432765,0.01,-0.050862855300000225,-0.026200384499999986,0,-0.035554166666666775,0.1502958333333333,0,0,290,-1
1746,-576459466270,1.3893196627654862,3.1161459532368854,-0.3844443918155986,-0.016127452336948987,-0.17468025511963509,-0.07873335952957869,0,1432775,0.01,-0.08377540530000026,-0.19734564449999997,0,0.06069583333333321,0.1502958333333333,0,0,290,-1
1747,-576459466259,1.3849253622243627,3.1160891982016095,-0.38646320216881813,-0.016957465836839266,-0.2076761649356727,-0.09470007492893161,0,1432786,0.011,-0.09694042530000022,-0.2123058945,0,0.05194583333333323,0.17654583333333318,0,1,292,1
1748,-576459466249,1.3806623537681555,3.1158974279438714,-0.38865521747283094,-0.01792859139370332,-0.14771339595063018,-0.048910027796532723,0,1432797,0.011,-0.042485115300000216,-0.1392998745,0,0.05194583333333323,-0.007204166666666678,0,0,292,-1
1749,-576459466238,1.376377111229364,3.1156975597940435,-0.39043631199252193,-0.01842308490433323,-0.24896402353772534,-0.020710262690956962,0,1432808,0.011,-0.01675348530000021,-0.2631707445,0,0.12194583333333321,0.28154583333333316,0,0,292,-1
1750,-576459466228,1.3724604293604379,3.1155127446636155,-0.3929063793376692,-0.01856190251750716,-0.23518378339428994,0.027365708638895477,0,1432818,0.01,0.03411136469999978,-0.2332502445,0,-0.07930416666666679,0.10654583333333312,0,0,292,-1
1751,-576459466218,1.368520405814731,3.1153291319710186,-0.39513415673370866,-0.018189227367913712,-0.14689991767631566,0.09782892940898971,0,1432828,0.01,0.10771579469999981,-0.1345125945,0,0.05194583333333323,0.0977958333333333,0,0,292,-1
1752,-576459466208,1.364563511719877,3.115153323231563,-0.396323520017987,-0.017024964645645256,0.05235820531285229,0.23034666941129403,0,1432838,0.01,0.24894055469999982,0.08031659550000002,0,0.043195833333333225,0.08904583333333327,0,0,292,-1
1753,-576459466198,1.3594287706428514,3.114345532072036,-0.39601450684482753,-0.015187300665054455,0.16503893123124633,0.13382543887673065,0,1432848,0.01,0.12028240469999979,0.18084947550000005,0,0.06944583333333322,0.24654583333333324,0,1,293,2
1754,-576459466187,1.355082157718687,3.1141858270600444,-0.39426521174332463,-0.013824645365308882,0.1217033113587819,0.06212423447505448,0,1432859,0.011,0.05206366469999976,0.11562278550000002,0,-0.14055416666666679,0.08904583333333327,0,0,293,-1
1755,-576459466176,1.3511446304795012,3.1140516745715523,-0.3931941765471479,-0.013052920358729602,0.01876241251858035,0.1682278054839258,0,1432869,0.01,0.1831154546999998,0.004318525500000016,0,-0.16680416666666678,0.11529583333333315,0,0,293,-1
1756,-576459466167,1.3472130376591125,3.1139298788976277,-0.39309807938386593,-0.011320594997688269,-0.046381915888126415,0.2038489899683794,0,1432879,0.01,0.2088470846999998,-0.05552247449999999,0,-0.1755541666666668,-0.04220416666666682,0,0,293,-1
1757,-576459466157,1.343279094574942,3.113827121931353,-0.3936622577987395,-0.009242077463753674,-0.11789579832411423,0.23237183515921866,0,1432889,0.01,0.2363739446999998,-0.1279300845,0,-0.1493041666666668,-0.015954166666666714,0,0,293,-1
1758,-576459466148,1.3393367197676767,3.1137460683522367,-0.39481895485773083,-0.006957615070722329,-0.10203086214747654,0.20439486166059354,0,1432899,0.01,0.2004693446999998,-0.09980481449999999,0,-0.16680416666666678,0.027795833333333242,0,0,293,-1
1759,-576459466136,1.3349886171155148,3.1136824457576426,-0.3957837409646564,-0.004629629834497946,0.0012032824574219475,0.2565787560042744,0,1432910,0.011,0.26390080469999977,0.01568831550000002,0,-0.3505541666666668,0.04529583333333331,0,0,293,-1
1760,-576459466125,1.3316034937696617,3.1129411801184226,-0.3951724924449067,-0.002078815714044029,0.19862759352966028,0.3002589142776829,0,1432921,0.011,0.3063879146999998,0.22632863550000004,0,-0.02680416666666678,0.06279583333333316,0,1,294,1
1761,-576459466115,1.3276624335434148,3.1129355547117057,-0.39307495762040595,9.463118796437017e-4,0.27697215078447524,0.31612930211659807,0,1432931,0.01,0.3183561146999998,0.2879648655,0,-0.1493041666666668,-0.015954166666666714,0,0,294,-1
1762,-576459466104,1.3237463979299013,3.1129605577219266,-0.39017075223133213,0.0040661038702078725,0.37267570749683515,0.28659547724951256,0,1432941,0.01,0.2824515146999998,0.3861041055,0,-0.035554166666666775,-0.007204166666666678,0,0,294,-1
1763,-576459466095,1.3198627834476973,3.113015567735579,-0.3865283642199423,0.00693505974444324,0.31255729558670725,0.28873396789445555,0,1432951,0.01,0.28903402469999984,0.30412193550000005,0,-0.11430416666666679,0.0015458333333331353,0,0,294,-1
1764,-576459466085,1.3160108872853995,3.113099197050067,-0.38375262569380947,0.009797732932118627,0.06323757919404316,0.2711546775376501,0,1432961,0.01,0.2686880846999998,0.028254925500000024,0,-0.22805416666666678,-0.11220416666666677,0,0,294,-1
1765,-576459466073,1.3121748422264863,3.1132098592780277,-0.38338272150201685,0.012372968946247995,-0.12382416744010974,0.17400691300308635,0,1432971,0.01,0.16037587469999978,-0.1500712545,0,-0.061804166666666785,-0.12095416666666681,0,0,294,-1
1766,-576459466065,1.311013994790478,3.114849323767915,-0.3840000392450636,0.014844051505538169,-0.2801349576335784,0.1520825728072858,0,1432981,0.01,0.1490060846999998,-0.30206739450000003,0,-0.2980541666666668,-0.02470416666666675,0,1,295,2
1767,-576459466055,1.3067726469098677,3.115022027381623,-0.3871397104081642,0.016548882544577852,-0.3182606466651072,0.1729996139585222,0,1432992,0.011,0.17593453469999978,-0.3236101545,0,-0.3505541666666668,-0.10345416666666674,0,0,295,-1
1768,-576459466044,1.3028858007537867,3.115196351070882,-0.3902515661607061,0.018307089795633984,-0.26837507935858695,0.19289104920836125,0,1433002,0.01,0.19568206469999977,-0.26137551449999996,0,-0.04430416666666678,-0.18220416666666683,0,0,295,-1
1769,-576459466032,1.2985787474537045,3.1154096286419755,-0.39292007038916,0.020462300751482997,-0.08276297827861454,0.21475539530554225,0,1433013,0.011,0.21782323469999978,-0.056719294499999996,0,-0.2105541666666668,0.06279583333333316,0,0,295,-1
1770,-576459466023,1.2946463703531388,3.11562530813607,-0.39360141088735684,0.022658334549460746,0.020367016036951707,0.2489323792469461,0,1433023,0.01,0.2537278346999998,0.03483743550000002,0,-0.2893041666666668,-0.007204166666666678,0,0,295,-1
1771,-576459466013,1.2907108675548584,3.115863773301318,-0.3934765001955339,0.025059927320761503,-0.03568892898828824,0.18649105784731543,0,1433033,0.01,0.1777297646999998,-0.04355427449999998,0,-0.20180416666666678,0.03654583333333328,0,0,295,-1
1772,-576459466002,1.2867735103165538,3.1161229908294414,-0.39395942825461455,0.026814634852231345,-0.12550126758889613,0.10796289198434751,0,1433043,0.01,0.09694441469999979,-0.13810305450000002,0,-0.1493041666666668,0.04529583333333331,0,0,295,-1
1773,-576459465991,1.285603728675998,3.114284722156074,-0.3943630621275114,0.026935627952787027,-0.11608600973888823,0.08203176496617028,0,1433054,0.011,0.07839370469999979,-0.11476506449999997,0,-0.2105541666666668,0.1502958333333333,0,1,296,1
1774,-576459465981,1.2812597298261201,3.1145865072426,-0.3954950559428654,0.02791394380256436,-0.022042032837480033,0.13131908181332944,0,1433065,0.011,0.1382347046999998,-0.008846494499999979,0,0.008195833333333222,0.15904583333333333,0,0,296,-1
1775,-576459465969,1.2773049520524948,3.1148726828066535,-0.39552241822110296,0.02929834829141857,0.11390203398992745,0.18146504330251464,0,1433075,0.01,0.18850114469999982,0.13297667550000003,0,2.090695833333333,-0.015954166666666714,0,0,296,-1
1776,-576459465961,1.2733563394530558,3.115175436743323,-0.3942411664805003,0.031221221802165737,0.21511872610592642,0.2584802976914786,0,1433085,0.01,0.2692864946999998,0.22932068550000004,0,-0.2193041666666668,0.10654583333333312,0,0,296,-1
1777,-576459465951,1.2694251875568114,3.1155003277874154,-0.39201137447273426,0.03376777156888143,0.2711296824580537,0.23122241437433927,0,1433095,0.01,0.2273977946999998,0.2789887155,0,-0.2718041666666668,0.04529583333333331,0,0,296,-1
1778,-576459465941,1.265518711089312,3.1158491969565474,-0.3892874617211413,0.036022272725408824,0.28012079123532196,0.19008444315032302,0,1433105,0.01,0.1843122746999998,0.2813823555,0,-2.328054166666667,-0.09470416666666681,0,0,296,-1
1779,-576459465930,1.2544098865545565,3.1123213391058036,-0.38855931300465724,0.03606917618647004,0.1295662594381612,0.14776269894066388,0,1433116,0.011,0.14182516469999978,0.10844186550000003,0,-0.2193041666666668,0.054045833333333126,0,1,297,2
1780,-576459465919,1.2501400736653454,3.1127263730848735,-0.38763822854626157,0.037596767710920506,-0.19752784755542524,0.08430548955351622,0,1433127,0.011,0.07540165469999979,-0.2434232145,0,-0.18430416666666677,-0.12970416666666673,0,0,297,-1
1781,-576459465909,1.246253203301243,3.1131059278636934,-0.3897064358637827,0.03834452111870082,-0.26296521839421944,0.01719742051897155,0,1433137,0.01,0.007781324699999787,-0.2721468945,0,0.008195833333333222,0.22904583333333317,0,0,297,-1
1782,-576459465899,1.2423421196717757,3.1134902770120103,-0.3924712901840702,0.03852332745486334,-0.3591796889387237,0.022059381211137447,0,1433147,0.01,0.02274157469999981,-0.3726797745,0,-0.061804166666666785,0.0715458333333332,0,0,297,-1
1783,-576459465889,1.2383996103586088,3.113876703605215,-0.3960377232434929,0.03875801717012964,-0.34110632236864813,0.032103622815788116,0,1433157,0.01,0.03351295469999979,-0.3385704045,0,-0.14055416666666679,0.15904583333333333,0,0,297,-1
1784,-576459465880,1.234423329554928,3.1142659802292982,-0.3992689433902863,0.039093305435107105,-0.21293590623929498,0.042260753127664086,0,1433167,0.01,0.04368592469999979,-0.1949520045,0,-0.035554166666666775,0.08904583333333327,0,0,297,-1
1785,-576459465866,1.2304206913838018,3.1146588253786462,-0.40128928677154146,0.03948453177051868,-0.1352411623300237,0.019895585567755274,0,1433177,0.01,0.016757474699999778,-0.12433962450000002,0,-2.231804166666667,0.1502958333333333,0,0,297,-1
1786,-576459465859,1.2286026331461644,3.113679486460597,-0.4017708539389569,0.039068251473439675,0.010236343680148774,0.05335304068806504,0,1433187,0.01,0.05804776469999979,0.030648565500000023,0,-0.1930541666666668,0.054045833333333126,0,1,298,1
1787,-576459465847,1.2241839537107673,3.114112459318508,-0.401631736015763,0.03965421041598569,0.027612118430374477,0.05274709623488999,0,1433198,0.011,0.052662074699999784,0.03005015550000002,0,-0.15805416666666677,0.1502958333333333,0,0,298,-1
1788,-576459465838,1.2201682795483944,3.1145116280277323,-0.40146794472192765,0.04018008695419087,-0.05159030982511799,0.05162298190604402,0,1433208,0.01,0.051465254699999775,-0.0627033945,0,-0.07930416666666679,0.12404583333333319,0,0,298,-1
1789,-576459465828,1.2161515586880098,3.1149151831382267,-0.40190021609895205,0.04056783137832439,0.007934636068481209,-0.03982657615780868,0,1433218,0.01,-0.05265808530000018,0.01628672550000002,0,-0.14055416666666679,0.12404583333333319,0,0,298,-1
1790,-576459465817,1.2121327925616165,3.1153180892733645,-0.40184594054238737,0.040047725705374876,-0.009930284232577778,-0.1266471238259622,0,1433228,0.01,-0.1388291253000002,-0.012436954499999979,0,-0.13180416666666678,-0.007204166666666678,0,0,298,-1
1791,-576459465807,1.2077129767505006,3.115750741747453,-0.4017959428830213,0.03862388642435218,0.09440126320600496,-0.14677615249925274,0,1433239,0.011,-0.1496005053000002,0.10904027550000002,0,-0.15805416666666677,0.14154583333333326,0,0,298,-1
1792,-576459465797,1.2078559748648796,3.118605164029776,-0.3995737330260213,0.03846277480757294,0.09359491004958014,-0.10149787465541676,0,1433249,0.01,-0.09514519530000026,0.09348161550000003,0,-0.3418041666666668,-0.08595416666666678,0,1,299,2
1793,-576459465786,1.2038673324550209,3.1189855762945715,-0.3982582197872542,0.0375839060317695,0.36375583177224585,-0.004615636897798078,0,1433259,0.01,0.008978144699999758,0.4016627655000001,0,-0.4030541666666668,-0.04220416666666682,0,0,299,-1
1794,-576459465777,1.1999032886082062,3.119361230228794,-0.3945659095461266,0.037544905258974075,0.40277096727494366,4.833618298579088e-4,0,1433269,0.01,0.0011988146999997726,0.40824527550000006,0,-0.3680541666666668,0.13279583333333322,0,0,299,-1
1795,-576459465764,1.1959776132217483,3.1197364497767404,-0.3905623901068958,0.03751012042784561,0.3855310325293328,-0.0277519677688193,0,1433279,0.01,-0.03171373530000023,0.38311205550000005,0,-0.3505541666666668,0.01029583333333317,0,0,299,-1
1796,-576459465757,1.1920905396258092,3.1201087978776028,-0.38682050568292736,0.03701934466020025,0.30469311906809604,-0.1797382076119784,0,1433289,0.01,-0.20106376530000022,0.2933505555,0,-0.37680416666666683,0.04529583333333331,0,0,299,-1
1797,-576459465747,1.1882373195557687,3.1204697090927502,-0.3838125663680841,0.035175841189781405,0.276903801940363,-0.21260869723181272,0,1433299,0.01,-0.21722083530000016,0.2730046155,0,-0.37680416666666683,0.3165458333333333,0,0,299,-1
1798,-576459465737,1.184413819306306,3.120811022326768,-0.3809216778328712,0.033078686504605305,0.3637460843690343,-0.19198879391213622,0,1433309,0.01,-0.1890955653000002,0.3759311355,0,-0.2980541666666668,-0.07720416666666674,0,0,299,-1
1799,-576459465727,1.1806365459903145,3.1211250768639394,-0.3771320735001582,0.031224226314911674,0.4694164770547195,-0.1427463966949392,0,1433319,0.01,-0.1358370753000002,0.48424334550000003,0,-0.1755541666666668,-0.07720416666666674,0,1,300,1
1800,-576459465717,1.1768893172031203,3.1214303966537713,-0.37234087765515705,0.02983029927621085,0.5385701026781412,-0.11884482303193304,0,1433329,0.01,-0.11549113530000019,0.5482732155000001,0,-0.3593041666666668,0.01029583333333317,0,0,300,-1
1801,-576459465707,1.1731927341795212,3.121722698985755,-0.366971217667858,0.028632723783239084,0.5271377382605489,-0.12534978791139753,0,1433339,0.01,-0.1262625153000002,0.5255336355,0,-0.3418041666666668,0.054045833333333126,0,0,300,-1
1802,-576459465697,1.1695492767208095,3.1220029401046565,-0.3617158043014836,0.02740755590912657,0.515760248644186,-0.10515911723904103,0,1433349,0.01,-0.10232611530000023,0.5141638455,0,-0.22805416666666678,0.0015458333333331353,0,0,300,-1
1803,-576459465688,1.1659571963307993,3.122271794168107,-0.35666914263750027,0.026361659651171453,0.43669324799868253,-0.1011003769827104,0,1433359,0.01,-0.1005308853000002,0.42559916550000004,0,-0.4643041666666668,0.12404583333333319,0,0,300,-1
1804,-576459465660,1.1624119456952922,3.1225299830494087,-0.3523637224301421,0.02529245041346692,0.3928537427387304,-0.142583138489428,0,1433369,0.01,-0.14840368530000017,0.3867025155,0,-0.09680416666666679,-0.015954166666666714,0,0,300,-1
1805,-576459465659,1.1589088126488154,3.122775006458733,-0.34830064268735383,0.023746062540869077,0.48874141394583226,-0.22850317651633034,0,1433379,0.01,-0.24055882530000022,0.5021956455,0,-0.5430541666666667,0.1502958333333333,0,0,300,-1
1806,-576459465657,1.1554518344580216,3.1230011591062694,-0.3431647302604248,0.021479331363718844,0.6658449667521928,-0.21546043410060933,0,1433389,0.01,-0.21363037530000017,0.6906947955000001,0,-0.3680541666666668,0.019045833333333206,0,0,300,-1
1807,-576459465647,1.1524950726088046,3.1234787587766735,-0.3361043080762695,0.019558180555854707,0.856615373066127,-0.14668403309262906,0,1433399,0.01,-0.13703389530000024,0.8833828155000002,0,-0.47305416666666683,0.12404583333333319,0,1,301,2
1808,-576459465636,1.149176951521532,3.123667403681651,-0.32752289156409725,0.018154019049285545,0.8674944989754291,-0.10201169002955482,0,1433409,0.01,-0.09574360530000026,0.8690209755000001,0,-0.3155541666666668,0.0015458333333331353,0,0,301,-1
1809,-576459465626,1.1456247185082777,3.123861033532205,-0.3182675337342718,0.01704748791914674,0.6793885650145464,-0.09179188141666579,0,1433420,0.011,-0.09035791530000024,0.6529949655000001,0,-0.37680416666666683,-0.13845416666666677,0,0,301,-1
1810,-576459465616,1.142475494014826,3.124026412410683,-0.3115526200420834,0.016052459697149336,0.6237064394913391,-0.1461607478715416,0,1433430,0.01,-0.15378937530000025,0.6158935455000001,0,-0.5518041666666668,0.1502958333333333,0,0,301,-1
1811,-576459465606,1.139390849141119,3.124179226765357,-0.30536278453817406,0.014528366951852213,0.590091262463356,-0.1906346537700498,0,1433440,0.01,-0.19687489530000024,0.5853746355,0,-0.3243041666666668,-0.04220416666666682,0,0,301,-1
1812,-576459465595,1.129237848335337,3.128323088626868,-0.30183950432411955,0.014568135760830563,0.43114548603947217,-0.19453210073124402,0,1433450,0.01,-0.1950796653000002,0.40884368550000005,0,-0.2105541666666668,0.019045833333333206,0,1,302,1
1813,-576459465585,1.125943232817439,3.128471976290482,-0.29716599528619153,0.012488417182874032,0.3858737785104326,-0.1551292191212616,0,1433461,0.011,-0.1496005053000002,0.3795215955,0,-0.37680416666666683,-0.06845416666666682,0,0,302,-1
1814,-576459465574,1.122991029461407,3.1285889977875154,-0.2932824100504818,0.010920928913367602,0.40339341310670074,-0.16654889315760252,0,1433471,0.01,-0.16815121530000024,0.40585163550000003,0,-0.3155541666666668,0.019045833333333206,0,0,302,-1
1815,-576459465565,1.1200796425786657,3.128689724627666,-0.2890515358095819,0.009231346622128085,0.5435655703726849,-0.18369737083375204,0,1433481,0.01,-0.18610351530000022,0.5632334655000001,0,-0.2368041666666668,0.08029583333333323,0,0,302,-1
1816,-576459465555,1.1172168004660596,3.1287734478199565,-0.2835386510686375,0.007487149967637874,0.598597343964448,-0.11758640513342261,0,1433491,0.01,-0.10831021530000022,0.6063189855,0,-0.2543041666666668,0.16779583333333314,0,0,302,-1
1817,-576459465544,1.114134824798504,3.128849452059874,-0.2768468348969679,0.006304627343363726,0.6688669033125021,-0.044904026069839745,0,1433502,0.011,-0.03470578530000023,0.6787265955000001,0,-0.2718041666666668,0.11529583333333315,0,0,302,-1
1818,-576459465534,1.1113993621195386,3.128910512452322,-0.2702247959746998,0.00589506508545413,0.621886999650098,-0.017068671382004384,0,1433512,0.01,-0.013163025300000195,0.6152951355,0,-0.30680416666666677,0.22904583333333317,0,0,302,-1
1819,-576459465524,1.1065319067947685,3.1275704531520563,-0.26478214932366784,0.0050027012441792775,0.5436869186632975,-0.030961466875017125,0,1433522,0.01,-0.03291055530000024,0.5327145555,0,-0.12305416666666678,0.01029583333333317,0,1,303,2
1820,-576459465512,1.1036515524030615,3.1276242415850177,-0.2588947822209151,0.004754835840722168,0.48263650676408143,0.029777765753511775,0,1433533,0.011,0.03830023469999978,0.4740703755000001,0,-0.2455541666666668,-0.015954166666666714,0,0,303,-1
1821,-576459465502,1.1008328339061244,3.1276783420658543,-0.25359655046366114,0.005081778044911931,0.47564919249986787,0.029379908952107625,0,1433544,0.011,0.029324084699999788,0.4746687855,0,-0.14055416666666679,0.12404583333333319,0,0,303,-1
1822,-576459465492,1.098321326743046,3.127730835011595,-0.24873768943920602,0.005406808192885735,0.5477334575561936,0.05137159756808444,0,1433554,0.01,0.05445730469999977,0.5578477755000001,0,-0.22805416666666678,-0.007204166666666678,0,0,303,-1
1823,-576459465482,1.0958599724813363,3.1277875436909874,-0.2434720683568231,0.005931700973998259,0.3970709562285128,0.05932538895285429,0,1433564,0.01,0.060441404699999805,0.3759311355,0,0.008195833333333222,0.08904583333333327,0,0,303,-1
1824,-576459465472,1.0934454106442286,3.1278496988759596,-0.23945372927908656,0.006504970922582857,0.4310100578866737,0.04508554212249992,0,1433574,0.01,0.04308751469999977,0.4357721355,0,-0.2543041666666668,-0.02470416666666675,0,0,303,-1
1825,-576459465459,1.09280888118123,3.126982527966056,-0.23461086322390162,0.006453661732068323,0.4367605640808908,0.013945694106065163,0,1433584,0.01,0.00957655469999978,0.4375673655,0,-0.14055416666666679,0.08904583333333327,0,1,304,1
1826,-576459465357,1.0902546980666055,3.127054464071113,-0.22979019983151444,0.0066220400315748825,0.4474388581743121,0.023758373825184274,0,1433595,0.011,0.025135214699999787,0.4489371555,0,-0.07930416666666679,0.22029583333333314,0,0,304,-1
1827,-576459465356,1.087979795284261,3.1271216006051885,-0.22522016958352944,0.006818168614424053,0.5148747255072801,-0.005471281514155234,0,1433605,0.01,-0.00957256530000021,0.5243368155,0,-0.2368041666666668,0.2027958333333333,0,0,304,-1
1828,-576459465356,1.0857550876409705,3.1271899318488043,-0.21979949524564754,0.006829183907940653,0.708418894102961,0.04131070130335784,0,1433615,0.01,0.04787479469999979,0.7355755455,0,-0.13180416666666678,0.06279583333333316,0,0,304,-1
1829,-576459465356,1.0835934971448176,3.1272601710897217,-0.2125618442916651,0.0072238570609743065,0.8177726806623469,0.028175119956109315,0,1433625,0.01,0.02633203469999979,0.8331163755000002,0,-0.04430416666666678,-0.06845416666666682,0,0,304,-1
1830,-576459465355,1.0813053604898921,3.1273412225060624,-0.2034833373646349,0.007516900117972476,0.8721609987638566,0.01711283124167065,0,1433636,0.011,0.015560654699999774,0.8797923555000001,0,-0.07930416666666679,0.24654583333333324,0,0,304,-1
1831,-576459465355,1.0793129850562524,3.1274179873645824,-0.1949368160317631,0.007800716246015488,0.7487085831515291,0.09656733999893587,0,1433646,0.01,0.10771579469999981,0.7313866755000001,0,-0.08805416666666678,-0.04220416666666682,0,0,304,-1
1832,-576459465355,1.0774001935519448,3.1275007357105387,-0.18758314309905333,0.008752845437186574,0.6537519507436498,0.08692724920447581,0,1433656,0.01,0.08557462469999978,0.6404283555000001,0,-5.54166666666786e-4,0.15904583333333333,0,0,304,-1
1833,-576459465355,1.0755574590938959,3.1275922081120378,-0.18098174777154377,0.009559328105956957,0.6992685071501554,0.04218455111390223,0,1433666,0.01,0.0359065946999998,0.7056550455000001,0,-0.061804166666666785,0.15904583333333333,0,0,304,-1
1834,-576459465355,1.0737826129283825,3.1276901440833216,-0.173987831157891,0.010017629150424121,0.7001462037611941,0.06816571466980095,0,1433676,0.01,0.0718111946999998,0.7002693555000001,0,-0.061804166666666785,0.03654583333333328,0,0,304,-1
1835,-576459465355,1.0720775354412604,3.127793002997886,-0.16701861608200805,0.010585959258280254,0.6771640036943343,-0.012601729455262278,0,1433686,0.01,-0.023934405300000246,0.6739393155000001,0,-0.02680416666666678,0.3252958333333331,0,0,304,-1
1836,-576459465317,1.0704412716550815,3.127897855611328,-0.1602369537099561,0.01040108140125403,0.684306872294264,-0.05455136084462178,0,1433696,0.01,-0.0604374153000002,0.6853091055,0,-0.04430416666666678,0.33404583333333315,0,0,304,-1
1837,-576459465317,1.0712265395043994,3.129680448783462,-0.15207222292957742,0.010631158631070796,0.607518842107587,-0.06128719943737922,0,1433707,0.011,-0.06223264530000023,0.5967444255000001,0,-0.14055416666666679,0.2377958333333332,0,1,305,2
1838,-576459465316,1.0695901603492137,3.129793361465509,-0.14543885754404684,0.009910428178288373,0.5755047678526393,-0.09150383581271228,0,1433718,0.011,-0.09574360530000026,0.5710127955000001,0,-0.02680416666666678,0.0715458333333332,0,0,305,-1
1839,-576459465315,1.0681642889823277,3.1298877919543533,-0.13972294027993318,0.008980421532898424,0.5479505452567863,-0.10204401693941818,0,1433728,0.01,-0.1035229353000002,0.5440843455,0,-0.07055416666666678,0.11529583333333315,0,0,305,-1
1840,-576459465307,1.0613446952592933,3.1328492917168407,-0.13592783677546216,0.009432530550706109,0.5214696886153992,-0.06765564635083278,0,1433738,0.01,-0.06283105530000022,0.5177543055,0,0.043195833333333225,0.11529583333333315,0,1,306,1
1841,-576459465294,1.0598813090655677,3.132948903012318,-0.1301517863343236,0.008680358613404422,0.5475989986748134,-0.07287069866923133,0,1433749,0.011,-0.07360243530000016,0.5512652655000001,0,-0.018054166666666788,0.027795833333333242,0,0,306,-1
1842,-576459465287,1.0586078755513286,3.1330321648376436,-0.12456852443913936,0.007967115970453385,0.6232333994139243,-0.061967297890331556,0,1433759,0.01,-0.0604374153000002,0.6338458455000001,0,-0.11430416666666679,0.01029583333333317,0,0,306,-1
1843,-576459465278,1.0573955054173796,3.1331094474647525,-0.11800164873379039,0.00745771216907137,0.8613428862813604,0.016516590144970027,0,1433769,0.01,0.027528854699999796,0.8947526055000001,0,-0.07930416666666679,-0.06845416666666682,0,0,306,-1
1844,-576459465267,1.0562573092528147,3.133184998621238,-0.1095827667866409,0.007646004410603312,0.7227129130478593,0.03299592875757841,0,1433779,0.01,0.03530818469999979,0.7032614055,0,-0.035554166666666775,0.01029583333333317,0,0,306,-1
1845,-576459465257,1.0629063944257182,3.1383185235079436,-0.10051507740772728,0.010466662166891311,0.3855409939168891,-0.005908166143621707,0,1433789,0.01,-0.011367795300000203,0.3382313055000001,0,-0.02680416666666678,0.10654583333333312,0,1,307,2
1846,-576459465247,1.0619160869211297,3.1384220048653853,-0.0973570054941599,0.010265388306332212,-0.11145400203023492,-0.10725501350722093,0,1433799,0.01,-0.12147523530000019,-0.1811885745,0,0.03444583333333322,0.2377958333333332,0,0,307,-1
1847,-576459465237,1.0609342365469574,3.13851942991642,-0.09889458989777293,0.009213630002238248,-0.41295589336380206,-0.09243705848419753,0,1433809,0.01,-0.09035791530000024,-0.4552603545,0,0.07819583333333323,0.04529583333333331,0,0,307,-1
1848,-576459465228,1.0599234421964798,3.138606465808284,-0.10321168759339168,0.008214503399492994,-0.5466139137121886,-0.14571535796669097,0,1433819,0.01,-0.15319096530000026,-0.5653677945,0,-0.00930416666666678,-0.02470416666666675,0,0,307,-1
1849,-576459465216,1.0588649123934968,3.1386816669221256,-0.10853449283785634,0.006810739128780604,-0.4444605241789944,-0.10766504669826017,0,1433829,0.01,-0.10232611530000023,-0.4301271345,0,-0.07055416666666678,0.06279583333333316,0,0,307,-1
1850,-576459465206,1.0576479373649537,3.1387509372640467,-0.11286937380945938,0.005752903249244191,-0.08133962760950036,-0.024791248754325007,0,1433840,0.011,-0.013163025300000195,-0.030389254499999973,0,0.08694583333333321,0.01029583333333317,0,0,307,-1
1851,-576459465196,1.0565175288698592,3.1388081186117236,-0.11332466834285264,0.0056407698972681455,0.17115322181885867,0.07094484179527834,0,1433850,0.01,0.08437780469999978,0.20658110550000003,0,-0.13180416666666678,0.027795833333333242,0,0,307,-1
1852,-576459465185,1.0567342296947184,3.1381188338578787,-0.11069675056248579,0.006133001422732693,0.37172490343792114,0.1294299428466043,0,1433861,0.011,0.13763629469999977,0.39986753550000004,0,-0.11430416666666679,-0.015954166666666714,0,1,308,1
1853,-576459465174,1.055543332556382,3.138194482521758,-0.10599456328166129,0.007605851406729372,0.7695212727635281,0.16129105485169937,0,1433872,0.011,0.1657615646999998,0.8253370455000001,0,-0.12305416666666678,0.054045833333333126,0,0,308,-1
1854,-576459465165,1.0545239540543592,3.1382784908503667,-0.09798240948650754,0.009201226865758465,0.9926951042833736,0.14894338603873034,0,1433882,0.01,0.14721085469999978,1.0240091655,0,-0.10555416666666678,0.10654583333333312,0,0,308,-1
1855,-576459465152,1.0535967592085511,3.1383778131912026,-0.08759063681543258,0.010669352688742629,1.3234772946399553,0.1337798300003168,0,1433892,0.01,0.13165219469999978,1.3698901455,0,-0.1493041666666668,0.17654583333333318,0,0,308,-1
1856,-576459465144,1.0527879168101237,3.1384909665071783,-0.07421699620412983,0.01197139167958036,1.4224294401314852,0.10829901904419738,0,1433902,0.01,0.10472374469999982,1.4363136555,0,-0.22805416666666678,-0.16470416666666676,0,0,308,-1
1857,-576459465133,1.0521156290486815,3.138615906866605,-0.06018621172894551,0.013024946783328724,1.2845189505524566,0.08732124677221614,0,1433912,0.01,0.08437780469999978,1.2651683955,0,-0.3680541666666668,0.03654583333333328,0,0,308,-1
1858,-576459465123,1.051570197519035,3.1387500277117226,-0.048558423087664684,0.013820904442541958,0.4168855332082365,0.032262264018950264,0,1433922,0.01,0.0245368046999998,0.2951457855,0,-0.20180416666666678,-0.13845416666666677,0,0,308,-1
1859,-576459465113,1.0592913349843165,3.144310905332978,-0.04250397696355952,0.01685860326710745,-0.23301859699789626,2.9907396055587205e-4,0,1433933,0.011,-0.004186875300000202,-0.3242085645,0,-0.09680416666666679,-0.02470416666666675,0,1,309,2
1860,-576459465102,1.0588045775007908,3.1444957053102067,-0.04580191743991917,0.016764440059311724,-0.7097194696565677,-0.06293471860249537,0,1433944,0.011,-0.0718072053000002,-0.7766065244999999,0,-0.2368041666666668,-0.05970416666666678,0,0,309,-1
1861,-576459465092,1.0583107499925195,3.1446596092545893,-0.05294813033936051,0.016045047061231665,-0.7442364967658791,-0.12634185614831914,0,1433954,0.01,-0.1352386653000002,-0.7490796645000001,0,-0.4293041666666668,-0.033454166666666785,0,0,309,-1
1862,-576459465082,1.0577463843122403,3.1448137336467057,-0.06002922567213552,0.014780251364518073,-0.48714466284240837,-0.12732183244991266,0,1433964,0.01,-0.12745933530000017,-0.45107148450000006,0,-0.3243041666666668,0.08904583333333327,0,0,309,-1
1863,-576459465072,1.0571231759231998,3.1449553436347166,-0.06467584369533201,0.013534112931351093,-0.3269397711490286,-0.10802565826838322,0,1433974,0.01,-0.10531816530000022,-0.30446103450000006,0,-0.09680416666666679,0.18529583333333322,0,0,309,-1
1864,-576459465062,1.0564610775953542,3.145085616050426,-0.06778798469953716,0.012505786644020004,-0.2148661902706363,-0.07101601767370709,0,1433984,0.01,-0.06582310530000021,-0.19914087449999998,0,-0.2980541666666668,-0.02470416666666675,0,0,309,-1
1865,-576459465050,1.055773210140084,3.145207121597,-0.06981862878382954,0.011795389258825765,-0.1307556835589873,-0.07118507452363626,0,1433994,0.01,-0.07120879530000022,-0.11895393449999998,0,-0.3155541666666668,-0.050954166666666745,0,0,309,-1
1866,-576459465042,1.0550690411048986,3.145321171867417,-0.07103950373976597,0.011029757388479843,-0.06897793950202472,-0.10951461462711558,0,1434004,0.01,-0.1148927253000002,-0.06030975449999998,0,-0.2630541666666668,-0.07720416666666674,0,0,309,-1
1867,-576459465032,1.054357321118919,3.1454261493586846,-0.07139757829042181,0.009958919382062862,0.1674265224585803,-0.09219031918335854,0,1434014,0.01,-0.08975950530000025,0.20059700550000004,0,-0.20180416666666678,0.0977958333333333,0,0,309,-1
1868,-576459465018,1.0536557875648773,3.1455217281087564,-0.06908754491500624,0.009130575544597449,0.6205354707460187,-0.025511010688447397,0,1434024,0.01,-0.016155075300000193,0.6841122855,0,-0.3593041666666668,0.0015458333333331353,0,0,309,-1
1869,-576459465011,1.0529357864831472,3.14562086577379,-0.06190826325009529,0.008885702328942507,0.8520897003204085,-0.002087758575866478,0,1434035,0.011,0.0011988146999997726,0.8845796355000002,0,-0.2630541666666668,-0.007204166666666678,0,0,309,-1
1870,-576459465000,1.0523078330100912,3.1457187455862057,-0.05232312139112247,0.008900341975732104,0.9897354997622354,0.022310277169931576,0,1434046,0.011,0.025733624699999805,1.0090489155000002,0,-0.061804166666666785,0.14154583333333326,0,0,309,-1
1871,-576459464990,1.051834178500182,3.1458092174573222,-0.0424121472677644,0.009176894685281184,0.999325569562463,0.05994768831834357,0,1434056,0.01,0.06522868469999979,1.0006711755000002,0,-0.20180416666666678,-0.033454166666666785,0,0,309,-1
1872,-576459464979,1.05146192969819,3.145904306035521,-0.03212300054628458,0.009826387496160754,1.2098917187493043,0.09554072890666002,0,1434066,0.01,0.1005348746999998,1.2394367655000003,0,-0.3680541666666668,0.0977958333333333,0,0,309,-1
1873,-576459464967,1.051164364910286,3.1460291480625067,-0.01749491084679543,0.010979234730631154,1.2762091727874272,0.09939558105227635,0,1434078,0.012,0.09993646469999978,1.2855143355,0,-0.10555416666666678,-0.050954166666666745,0,0,309,-1
1874,-576459464958,1.0510532949813107,3.1461440517094776,-0.004722626473492928,0.011994180813388508,1.2833198054033166,0.11403889572643322,0,1434088,0.01,0.11609353469999978,1.2843175155000002,0,-0.02680416666666678,0.054045833333333126,0,0,309,-1
1875,-576459464947,1.0510685702721425,3.1462696354160062,0.007853402735852883,0.013125292109523753,1.1005227179007049,0.10744428106657719,0,1434098,0.01,0.1065189746999998,1.0748740155,0,-0.08805416666666678,-0.02470416666666675,0,0,309,-1
1876,-576459464938,1.0511981526245906,3.1464059508437914,0.01823854130507733,0.01415145559830511,0.6587330101757289,0.07304708820094225,0,1434108,0.01,0.06822073469999979,0.5967444255000001,0,-0.1493041666666668,-0.02470416666666675,0,0,309,-1
1877,-576459464928,1.05141096752843,3.146550820316083,0.024434432103814234,0.014835487890025346,0.3797673003823719,0.0399518568282474,0,1434118,0.01,0.03530818469999979,0.3406249455000001,0,-0.07055416666666678,0.22904583333333317,0,0,309,-1
1878,-576459464918,1.0516730487968504,3.1467008485826122,0.02803667497739585,0.015184376304932985,0.2404858617385643,0.003868164963191631,0,1434128,0.01,-0.0011948253000002049,0.22094294550000002,0,-0.1930541666666668,-0.26970416666666674,0,0,309,-1
1879,-576459464908,1.0519653707293992,3.1468530061671873,0.0304307404451677,0.015241863230922787,0.232793639803658,0.01727058821018132,0,1434138,0.01,0.01915111469999979,0.23171432550000004,0,-0.1930541666666668,-0.08595416666666678,0,0,309,-1
1880,-576459464897,1.0522809981351176,3.147006232423324,0.03270875114644994,0.01540583813556082,0.19721183480107357,0.011048062380910016,0,1434148,0.01,0.010174964699999765,0.19221926550000001,0,-0.2455541666666668,-0.10345416666666674,0,0,309,-1
1881,-576459464887,1.0530277834080446,3.1469668230153633,0.03489440980102042,0.015441487862457862,0.1335337743516345,0.023926570635201556,0,1434159,0.011,0.025733624699999805,0.12459893550000002,0,-0.2105541666666668,-0.015954166666666714,0,1,310,1
1882,-576459464876,1.0534189423414342,3.147138197307325,0.036254144832069804,0.015715209415140777,0.06272507563856958,0.03075904382631561,0,1434170,0.011,0.0317177246999998,0.05278973550000002,0,-0.05305416666666678,-0.02470416666666675,0,0,310,-1
1883,-576459464865,1.053821409944868,3.1473130029057312,0.036926626209683615,0.016064574081741553,0.051388366619708886,0.03789708836937519,0,1434181,0.011,0.0388986446999998,0.04979768550000002,0,-0.018054166666666788,-0.04220416666666682,0,0,310,-1
1885,-576459464740,1.0546091807453473,3.1476601360225405,0.03814819536075347,0.01706677725058235,0.07223345269537797,0.05446486204387542,0,1434202,0.011,0.05445730469999977,0.07373408550000003,0,-0.3505541666666668,-0.06845416666666682,0,0,310,-1
1886,-576459464740,1.0549942523821603,3.147833507396735,0.0388671857744893,0.017608438829653173,0.0698759959673759,0.05235912567384335,0,1434212,0.01,0.05206366469999976,0.06954521550000002,0,-0.2105541666666668,-0.050954166666666745,0,0,310,-1
1887,-576459464739,1.0553862492740627,3.1480120317621325,0.039539731891726,0.01810438511804135,0.05121871395905019,0.032683262720258066,0,1434222,0.01,0.02992249469999981,0.04860086550000003,0,-0.1930541666666668,0.027795833333333242,0,0,310,-1
1888,-576459464739,1.055784050001147,3.148194499201962,0.04002734025192209,0.018398362127570084,0.03370444502432327,0.009271110520232089,0,1434232,0.01,0.005986094699999761,0.031246975500000017,0,-0.10555416666666678,-0.1472041666666668,0,0,310,-1
1889,-576459464739,1.056226241204098,3.1483973516552064,0.040376379008003456,0.018487137593651056,0.019479484227110197,6.177576190680885e-4,0,1434243,0.011,-5.964153000002189e-4,0.01748354550000002,0,-0.2193041666666668,0.13279583333333322,0,0,310,-1
1890,-576459464739,1.0566307133255737,3.148582082664167,0.0,0.0,0.0,0.0,1,1434253,0.01,-0.020343945300000228,-0.013035364499999983,0,-0.20180416666666678,-0.08595416666666678,0,0,310,-1
1891,-576459464738,1.0566305197676753,3.1485818928397924,-3.006977816156969e-5,-2.9489764459385525e-5,-0.021402164873277084,-0.020989340115607234,0,1434263,0.01,-0.023934405300000246,-0.024405154499999988,0,-0.18430416666666677,-0.2784541666666668,0,0,310,-1
1892,-576459464738,1.0566290403190293,3.148580591324292,-2.610431936552434e-4,-2.3269731073732733e-4,-0.03348163479741068,-0.01622514154818895,0,1434273,0.01,-0.015556665300000206,-0.03517653449999998,0,-0.20180416666666678,-0.16470416666666676,0,0,310,-1
1893,-576459464737,1.0566247047247446,3.1485774112061455,-6.0383585246318e-4,-4.014895919874396e-4,-0.03916619945497212,-0.02088669187521404,0,1434283,0.01,-0.021540765300000233,-0.039963814499999986,0,-0.2718041666666668,-0.08595416666666678,0,0,310,-1
1894,-576459464737,1.0566166829121468,3.1485724788396334,-9.994246115444172e-4,-5.905441073575378e-4,-0.0419647790184149,-0.006766520736187076,0,1434293,0.01,-0.004785285300000222,-0.04235745449999998,0,-0.07055416666666678,0.0715458333333332,0,0,310,-1
1895,-576459464737,1.056604620336924,3.1485662223936006,-0.0014144012834897972,-6.601894235293863e-4,-0.03863569618166635,-0.008177734479286143,0,1434303,0.01,-0.008375745300000206,-0.03816858449999999,0,-0.15805416666666677,-0.09470416666666681,0,0,310,-1
1896,-576459464638,1.0283115654547756,3.128589227289524,-0.010150190841168465,-0.010692032953761088,-0.03560305806638958,-0.001532136364331679,0,1434314,0.011,-5.964153000002189e-4,-0.03517653449999998,0,-0.2105541666666668,-0.04220416666666682,0,1,311,2
1897,-576459464637,1.0273880793379075,3.128892010455148,-0.010813484452977489,-0.010478744991289953,-0.0326051662048447,0.007684967265577515,0,1434326,0.012,0.008978144699999758,-0.03218448449999998,0,-0.16680416666666678,-0.16470416666666676,0,1,312,1
1898,-576459464637,1.02726726658895,3.128777146491282,0.0,0.0,0.0,0.0,1,1434337,0.011,0.0011988146999997726,-0.02141310449999998,0,-0.15805416666666677,-0.07720416666666674,0,0,312,-1
1899,-576459464636,1.0272671838116718,3.128777295003713,-1.2526081797828963e-5,2.2392806636537047e-5,-0.008807511249443886,0.015745066287237826,0,1434347,0.01,0.01795429469999975,-0.010043314499999977,0,-0.2980541666666668,-0.15595416666666684,0,0,312,-1
1900,-576459464636,1.0272667272735716,3.1287783332644747,-8.36853482461385e-5,1.8404154127975192e-4,0.0032281786752443725,0.018732009463372824,0,1434357,0.01,0.01915111469999979,0.004916935500000019,0,-0.22805416666666678,0.0715458333333332,0,0,312,-1
1901,-576459464635,1.0272660037753418,3.1287811324723003,-5.8899394208638625e-5,3.748233571063364e-4,-0.0021129656010329427,0.021198653847894766,0,1434367,0.01,0.021544754699999804,-0.0028623944999999844,0,-0.1930541666666668,-0.26970416666666674,0,0,312,-1
1902,-576459464634,1.0272653126583482,3.1287858443342715,-7.947853349981625e-5,5.717725016205834e-4,-0.0017206247901134929,0.010481845985906433,0,1434377,0.01,0.008978144699999758,-0.0016655744999999789,0,-0.18430416666666677,-0.23470416666666682,0,0,312,-1
1903,-576459464634,1.0272645124295359,3.1287920271543213,-8.409943406547288e-5,6.673773915759712e-4,0.007248864691144772,0.003915398817571122,0,1434387,0.01,0.0029940446999997643,0.00850739550000002,0,-0.08805416666666678,-0.29595416666666674,0,0,312,-1
1904,-576459464634,1.027264048509096,3.1287988611500026,-9.325869791635504e-6,7.009797098404478e-4,0.008877313851384122,-4.124852190140731e-5,0,1434397,0.01,-5.964153000002189e-4,0.009105805500000022,0,-0.2543041666666668,-0.06845416666666682,0,0,312,-1
1905,-576459464633,1.0272643820571477,3.128805883369784,7.678311089173502e-5,7.028294173377387e-4,0.006978581270468624,0.0015710054390491134,0,1434407,0.01,0.0017972246999997925,0.0067121655000000275,0,-0.04430416666666678,-0.33095416666666677,0,0,312,-1
1906,-576459464628,1.0286532639700012,3.129782716660654,5.598647425755434e-4,0.0011981764526110446,0.011992758160364261,7.199625887566949e-4,0,1434417,0.01,6.004046999997868e-4,0.012696265500000017,0,-0.035554166666666775,-0.6022041666666669,0,1,313,2
1907,-576459464618,1.0274447867887,3.130434396730093,3.126706258950153e-4,0.0015337839336323467,0.0036884404297458807,0.005338225109439995,0,1434428,0.011,0.005986094699999761,0.002523295500000016,0,-0.09680416666666679,-0.43595416666666675,0,1,314,1
1908,-576459464607,1.0274484249096785,3.130451434543815,3.500502851612385e-4,0.0015699242790856963,0.0016171090291769935,-0.00931216373274155,0,1434439,0.011,-0.011367795300000203,0.0013264755000000185,0,-0.035554166666666775,-0.6722041666666667,0,0,314,-1
1909,-576459464597,1.027451999251525,3.1304668134727076,3.651142626015305e-4,0.0014988357690818765,8.374599517265311e-4,0.006202793452995223,0,1434449,0.01,0.008379734699999773,7.280655000000242e-4,0,-0.14055416666666679,-0.4797041666666668,0,0,314,-1
1910,-576459464587,1.0274558718953724,3.1304820152528468,4.013762141599427e-4,0.0015458481644145617,0.02068306110196722,-0.004482785778875523,0,1434459,0.01,-0.0059821053000002275,0.02346764550000002,0,0.10444583333333322,-0.4184541666666668,0,0,314,-1
1911,-576459464577,1.0274607057550127,3.1304974313078544,5.748106759556374e-4,0.001529370065677832,-0.003113851951815509,0.01571824860366419,0,1434469,0.01,0.01855270469999977,-0.006452854499999985,0,-0.07930416666666679,-0.08595416666666678,0,0,314,-1
1912,-576459464566,1.027466361453753,3.130513325768047,5.535540505570956e-4,0.001657641205525722,0.00392876837275571,-0.004886265926253706,0,1434479,0.01,-0.00777733530000022,0.004916935500000019,0,-0.02680416666666678,-0.09470416666666681,0,0,314,-1
1913,-576459464556,1.032230840538622,3.1337341949645863,0.0019807236014624053,0.0032166667555298244,-4.522666438437493e-4,0.012520474601593385,0,1434490,0.011,0.014962244699999754,-0.0010671644999999759,0,-0.05305416666666678,0.03654583333333328,0,1,315,2
1914,-576459464546,1.0322505428725561,3.1337669544721756,0.001963528059503103,0.00333672176767345,-0.009387938696510613,0.00888924177858705,0,1434500,0.01,0.008379734699999773,-0.010641724499999979,0,-0.2718041666666668,0.019045833333333206,0,0,315,-1
1915,-576459464536,1.0322696801585094,3.1338006152083704,0.0018651547483092515,0.0034021300613733645,-0.012586558414706642,-0.007825666067473194,0,1434510,0.01,-0.010170975300000197,-0.013035364499999983,0,-0.2630541666666668,0.10654583333333312,0,0,315,-1
1916,-576459464526,1.0322878545145497,3.1338345051449665,0.0017630395899221358,0.0033644374920640758,0.004337508632949523,0.02107946561501152,0,1434520,0.01,0.025135214699999787,0.0067121655000000275,0,-0.30680416666666677,0.027795833333333242,0,0,315,-1
1917,-576459464517,1.0323057393688473,3.1338689383779172,0.0018122820595375243,0.0035338331680609915,0.008519079198845567,-0.00842480024624153,0,1434530,0.01,-0.012564615300000208,0.009105805500000022,0,-0.2630541666666668,0.0015458333333331353,0,0,315,-1
1918,-576459464506,1.0323264993411239,3.13390398787146,0.002242796999390074,0.003470262750925857,0.25462935604726705,0.006311981179920021,0,1434540,0.01,0.008379734699999773,0.2891616855,0,-0.07055416666666678,0.12404583333333319,0,0,315,-1
1919,-576459464496,1.0366991648489072,3.1316741589357324,0.005822961896873097,0.002349614333013671,0.0582089580880982,-0.02283691742839657,0,1434550,0.01,-0.026926455300000242,0.030648565500000023,0,-0.00930416666666678,0.0015458333333331353,0,1,316,1
1920,-576459464485,1.0367658832078446,3.131698665044734,0.006337475841510134,0.0021049469849220427,-0.024210474193059495,-0.018551589980772554,0,1434561,0.011,-0.01795030530000022,-0.03577494449999998,0,-0.30680416666666677,0.2377958333333332,0,0,316,-1
1921,-576459464474,1.0368283683789095,3.131718845695698,0.006144250951500642,0.001928365973599085,0.010254097861718901,-0.012251742209939347,0,1434571,0.01,-0.011367795300000203,0.015089905500000021,0,-0.12305416666666678,0.04529583333333331,0,0,316,-1
1922,-576459464464,1.0368968737743145,3.131739308105611,0.006300412447597795,0.001792375684126619,0.038634624956253846,-0.013050894329206267,0,1434582,0.011,-0.013163025300000195,0.04261676550000002,0,-0.2455541666666668,0.08904583333333327,0,0,316,-1
1923,-576459464454,1.0369616366579057,3.1317567986258994,0.006660447768162339,0.0016952249572709517,0.02008612981066776,0.010465747663675442,0,1434592,0.01,0.013765424699999782,0.01748354550000002,0,-0.2543041666666668,-0.06845416666666682,0,0,316,-1
1924,-576459464444,1.0370287406270544,3.1317741057192077,0.006782895685745744,0.0017737179463816269,-0.03572349129453464,-0.008156458427851152,0,1434602,0.01,-0.010769385300000217,-0.04355427449999998,0,-0.2980541666666668,-0.08595416666666678,0,0,316,-1
1925,-576459464433,1.037094787723527,3.1317915796646356,0.00642633390028997,0.0017147134337562266,-0.03524383608500954,0.007919331632976787,0,1434612,0.01,0.010174964699999765,-0.03517653449999998,0,-0.2893041666666668,-0.07720416666666674,0,0,316,-1
1926,-576459464423,1.0362397590757664,3.1312027912705696,0.005848277821538277,0.0014991272389352195,-0.005272540465115939,0.011996435042392216,0,1434622,0.01,0.012568604699999776,-0.0010671644999999759,0,-0.3243041666666668,0.01029583333333317,0,1,317,2
1927,-576459464414,1.0363037876167147,3.131220012612687,0.005792704636316523,0.001631853764870546,-0.0036837338123145357,0.012498200738961206,0,1434633,0.011,0.012568604699999776,-0.003460804499999987,0,-0.2980541666666668,-0.033454166666666785,0,0,317,-1
1928,-576459464333,1.0363613566341077,3.131236815081232,0.005729350823221957,0.001735339519026007,-0.02238021579722444,-0.002658598116412704,0,1434643,0.01,-0.004785285300000222,-0.02500356449999998,0,-0.18430416666666677,-0.050954166666666745,0,0,317,-1
1929,-576459464332,1.0364176194626287,3.1312541040936783,0.005519274435143049,0.0017194047205490082,-0.01261089200028193,0.004922388143506019,0,1434653,0.01,0.005986094699999761,-0.011240134499999974,0,-0.15805416666666677,0.11529583333333315,0,0,317,-1
1930,-576459464331,1.0364723718279503,3.1312714818525653,0.00542283749402166,0.0017588909592199421,0.008532732324300397,-0.0020164500895566385,0,1434663,0.01,-0.0029900553000002305,0.011499445500000021,0,-0.2368041666666668,-0.07720416666666674,0,0,317,-1
1931,-576459464331,1.0365270407864309,3.131288999991939,0.005510342667692619,0.0017434191784540627,0.010084844832107358,0.0013279621172641405,0,1434673,0.01,0.0017972246999997925,0.01030262550000002,0,-0.3680541666666668,-0.06845416666666682,0,0,317,-1
1932,-576459464331,1.0365825417283865,3.1313063769766463,0.005594523512040624,0.0017373953203445513,-0.0017940482239213254,-0.012429502144824866,0,1434683,0.01,-0.0143598453000002,-0.003460804499999987,0,-0.2630541666666668,0.054045833333333126,0,0,317,-1
1933,-576459464330,1.0366385302881131,3.1313229822309814,0.0055973582940300436,0.0015901078813815891,0.013012379709659076,-0.02881608424820641,0,1434693,0.01,-0.03111532530000021,0.015089905500000021,0,-0.035554166666666775,0.10654583333333312,0,0,317,-1
1934,-576459464330,1.0367009513826317,3.1313388515446854,0.005749682191415183,0.001290877099270176,0.01903248932821954,-0.0171882016853911,0,1434704,0.011,-0.015556665300000206,0.019877185500000023,0,-0.14055416666666679,0.03654583333333328,0,0,317,-1
1935,-576459464329,1.036759338286327,3.1313509680118634,0.005930637852731757,0.0011292113120992297,0.012426366592582828,-0.00998487195367884,0,1434714,0.01,-0.008974155300000225,0.011499445500000021,0,-0.3243041666666668,0.054045833333333126,0,0,317,-1
1936,-576459464322,1.026740713566585,3.136706761177704,0.0029914983479328618,0.003739114461810711,5.928310270109734e-4,-0.013820668156448248,0,1434724,0.01,-0.0143598453000002,-0.0010671644999999759,0,-0.11430416666666679,-0.1472041666666668,0,1,318,1
1937,-576459464312,1.026770609598945,3.1367435832714423,0.0029894928411344094,0.0036201277167585014,-0.005061124321327413,-1.2451565365182576e-4,0,1434734,0.01,0.0017972246999997925,-0.005854444499999982,0,-0.1930541666666668,-0.033454166666666785,0,0,318,-1
1938,-576459464302,1.0268002266076661,3.1367798970756176,0.002934960124196301,0.003637446725453244,-0.00785593749034528,0.013105858794191298,0,1434744,0.01,0.014962244699999754,-0.008248084499999976,0,-0.2630541666666668,0.01029583333333317,0,0,318,-1
1939,-576459464291,1.0154764322066332,3.1293121643366995,-4.406259471658176e-4,4.531993332370157e-5,-8.532869552948105e-4,0.013158369434835287,0,1434754,0.01,0.013167014699999762,1.2965550000002132e-4,0,-0.1493041666666668,-0.050954166666666745,0,1,319,2
1940,-576459464281,1.0154714274735537,3.129313497345802,-4.6551548236867387e-4,1.956798430610014e-4,-0.011011614886757655,0.016839391563300964,0,1434765,0.011,0.017355884699999765,-0.012436954499999979,0,-0.10555416666666678,0.027795833333333242,0,0,319,-1
1941,-576459464271,1.0154662736061535,3.129316305194384,-5.67728860262246e-4,3.654604071287778e-4,-0.005439466189210795,0.017817108821733388,0,1434775,0.01,0.01795429469999975,-0.004657624499999985,0,-0.2368041666666668,-0.02470416666666675,0,0,319,-1
1942,-576459464260,1.0154603163093965,3.129320842251497,-6.233721246150142e-4,5.42325913170483e-4,-0.006328159752210448,0.016887859872348827,0,1434785,0.01,0.016757474699999778,-0.006452854499999985,0,-0.11430416666666679,0.03654583333333328,0,0,319,-1
1943,-576459464249,1.0154531301055663,3.129327762494095,0.0,0.0,0.0,0.0,1,1434796,0.011,0.00957655469999978,-4.6875449999998157e-4,0,-0.2105541666666668,-0.015954166666666714,0,0,319,-1
1944,-576459464239,1.0154531143347592,3.1293277398482915,0.0,0.0,0.0,0.0,1,1434807,0.011,-0.0023916453000002104,-0.0016655744999999789,0,-0.1755541666666668,0.01029583333333317,0,0,319,-1
1945,-576459464228,1.0154531646121494,3.12932767096913,0.0,0.0,0.0,0.0,1,1434817,0.01,-0.008375745300000206,0.0061137555000000164,0,-0.00930416666666678,-0.1472041666666668,0,0,319,-1
1946,-576459464218,1.0166194511202815,3.1287306484985504,3.5277628634656816e-4,-3.047778380749743e-4,4.8553230380282706e-8,-1.1639226217015652e-7,1,1434828,0.011,-0.013163025300000195,0.01389308550000002,0,-0.22805416666666678,0.08029583333333323,0,1,320,1
1947,-576459464208,1.0166234456087095,3.1287272963204145,3.6913143344468273e-4,-3.047760790506003e-4,0.010609252394974228,1.7349356966543872e-6,0,1434839,0.011,1.9946999997669246e-6,0.01209785550000002,0,-0.33305416666666676,-0.15595416666666684,0,0,320,-1
1948,-576459464197,1.0166276154297382,3.128724125711107,4.6738934157510963e-4,-3.2339003594174405e-4,0.005092582784093467,-0.01311746812146867,0,1434849,0.01,-0.01495825530000022,0.004318525500000016,0,-0.13180416666666678,-0.033454166666666785,0,0,320,-1
1949,-576459464186,1.0166325710725053,3.128720273582213,5.225232853683136e-4,-4.487214382791732e-4,0.008087211839082453,-0.008959201735224374,0,1434859,0.01,-0.008375745300000206,0.00850739550000002,0,-0.33305416666666676,-0.07720416666666674,0,0,320,-1
1950,-576459464177,1.0166381992631777,3.1287154327009414,6.031760616093451e-4,-5.236025995907331e-4,0.007930915779010277,0.0015232293830698667,0,1434869,0.01,0.0029940446999997643,0.007908985500000024,0,-0.2893041666666668,-0.1997041666666668,0,0,320,-1
1951,-576459464168,1.0166445708091068,3.128710378740342,6.736221025818678e-4,-4.918335794349846e-4,0.0016143571508357513,0.013308609457079628,0,1434879,0.01,0.014962244699999754,7.280655000000242e-4,0,-0.3593041666666668,-0.09470416666666681,0,0,320,-1
1952,-576459464156,1.0112559242186945,3.125129792701521,-8.768407054910363e-4,-0.0021423645292686414,0.003985624217443052,0.00951045776023662,0,1434889,0.01,0.008978144699999758,0.004318525500000016,0,-0.2630541666666668,-0.1734541666666668,0,1,321,2
1953,-576459464146,1.0112464197922182,3.1251067648445927,-8.477701577752231e-4,-0.0020432670622709697,-0.00569320457336235,0.005894981006338294,0,1434900,0.011,0.005387684699999775,-0.00705126449999998,0,-0.16680416666666678,0.027795833333333242,0,0,321,-1
1954,-576459464136,1.0112376659346771,3.125086598363623,-9.034141868560837e-4,-0.0019886695540043946,-0.004785049885401567,0.002826219995341682,0,1434910,0.01,0.0023956346999997784,-0.004657624499999985,0,-0.2718041666666668,-0.06845416666666682,0,0,321,-1
1955,-576459464126,1.0112283460744178,3.1250669444727945,-9.58480742050281e-4,-0.0019461917801771548,-0.009921076199464517,0.0129441617667588,0,1434920,0.01,0.014363834699999767,-0.010641724499999979,0,-0.2893041666666668,-0.033454166666666785,0,0,321,-1
1956,-576459464116,1.0112182217740666,3.1250480088073656,-0.0010644699701989576,-0.0018356235487946404,-0.014751268509791788,-5.046148557184063e-4,0,1434930,0.01,-0.0023916453000002104,-0.015429004499999985,0,-0.30680416666666677,-0.12095416666666681,0,0,321,-1
1957,-576459464107,1.0112069567746071,3.1250297067820996,-0.0011936717044133112,-0.001828264835951171,-0.0017014027888322264,0.008336093485093048,0,1434940,0.01,0.00957655469999978,1.2965550000002132e-4,0,-0.2368041666666668,0.0977958333333333,0,0,321,-1
1958,-576459464096,1.0111948928355643,3.1250117564139086,-0.0012172686117242278,-0.00175810413220236,-0.006392978184990631,-0.0010716254537899341,0,1434950,0.01,-0.0023916453000002104,-0.00705126449999998,0,-0.1755541666666668,-0.12970416666666673,0,0,321,-1
1959,-576459464086,1.0064026031244964,3.1274254698948156,-0.0027199227538750826,-5.213999566515751e-4,0.0014259986415039656,-0.003278362072264518,0,1434960,0.01,-0.0035884653000002164,0.002523295500000016,0,-0.2543041666666668,-0.08595416666666678,0,1,322,1
1960,-576459464075,1.0063727920430734,3.127419604202441,-0.002701166134048353,-5.474654756447518e-4,0.003437830496294353,0.0032717961271312495,0,1434971,0.011,0.00419086469999977,0.0037201155000000214,0,-0.08805416666666678,0.0015458333333331353,0,0,322,-1
1961,-576459464065,1.0063460521007945,3.127414193222169,-0.002651551351121288,-5.299783642637906e-4,0.014180925764423626,-0.007467323409014392,0,1434981,0.01,-0.008974155300000225,0.01568831550000002,0,-0.2455541666666668,-0.05970416666666678,0,0,322,-1
1962,-576459464055,1.0063202433503677,3.127408517613828,-0.00251009674366959,-6.050335661772233e-4,0.013928503482222476,-0.00773918915784852,0,1434991,0.01,-0.00777733530000022,0.01389308550000002,0,-0.035554166666666775,-0.12970416666666673,0,0,322,-1
1963,-576459464044,1.0062958574097507,3.1274021460947328,-0.0023679095045386614,-6.721621322778568e-4,0.015996552526217143,-4.257602376653473e-4,0,1435001,0.01,6.004046999997868e-4,0.01628672550000002,0,-0.2980541666666668,0.0015458333333331353,0,0,322,-1
1964,-576459464035,1.0062728578241054,3.1273953169604902,-0.0022267318259182084,-6.898838896453363e-4,0.002606812391583245,-0.01002140686441665,0,1435011,0.01,-0.011367795300000203,7.280655000000242e-4,0,-0.1930541666666668,-0.06845416666666682,0,0,322,-1
1965,-576459464024,1.006250724903403,3.1273880620349757,-0.002200030138083217,-7.674557849368124e-4,0.0030583492666499414,0.006115522963999406,0,1435021,0.01,0.008379734699999773,0.0031217055000000186,0,-0.20180416666666678,0.0977958333333333,0,0,322,-1
1966,-576459464014,1.0018671655292941,3.1244635394500153,-0.0034289415740300947,-0.0021564853212086206,0.006262422517343554,0.004427177487580614,0,1435032,0.011,0.00419086469999977,0.0067121655000000275,0,-0.14055416666666679,-0.05970416666666678,0,1,323,2
1967,-576459464004,1.0018297571957089,3.1244400670839028,-0.0033699618642123287,-0.002110532140425499,-1.6527822915906633e-4,0.0026456106596905206,0,1435043,0.011,0.0023956346999997784,-0.0010671644999999759,0,-0.2105541666666668,-0.04220416666666682,0,0,323,-1
1968,-576459463993,1.0017960465757791,3.124419219770854,0.0,0.0,0.0,0.0,1,1435053,0.01,0.01795429469999975,-4.6875449999998157e-4,0,-0.1930541666666668,-0.050954166666666745,0,0,323,-1
1969,-576459463983,1.0017960523371519,3.124419295792161,0.0,0.0,0.0,0.0,1,1435063,0.01,0.00957655469999978,7.280655000000242e-4,0,-0.1930541666666668,0.17654583333333318,0,0,323,-1
1970,-576459463972,1.0017960108732862,3.124419343013387,-6.46859820744492e-6,7.36708211107487e-6,-0.004609293374833259,0.0052495216007112395,0,1435073,0.01,0.005986094699999761,-0.005256034499999979,0,-0.2543041666666668,-0.007204166666666678,0,0,323,-1
1971,-576459463962,1.0017956604132399,3.1244198251780637,-5.723551217286253e-5,7.731048917012727e-5,-0.004651677483048155,0.013242342611438388,0,1435084,0.011,0.014363834699999767,-0.004657624499999985,0,-0.05305416666666678,-0.06845416666666682,0,0,323,-1
1972,-576459463951,1.0013647767016032,3.124638465717578,-2.3275598075172754e-4,3.248211420189543e-4,-4.586938203228387e-4,0.0063542244540979965,0,1435095,0.011,0.005387684699999775,1.2965550000002132e-4,0,-0.10555416666666678,0.01029583333333317,0,1,324,1
1973,-576459463941,1.00136238716119,3.124642038250101,-2.43317333934245e-4,3.8939531966763796e-4,-0.00466573443461913,0.007080946559935911,0,1435105,0.01,0.007182914699999768,-0.005256034499999979,0,-0.04430416666666678,0.08904583333333327,0,0,324,-1
1974,-576459463931,1.0013597681402238,3.1246462443692016,-2.825904691470189e-4,4.5369364611962413e-4,5.891499372870489e-4,0.00244737268147979,0,1435115,0.01,0.0017972246999997925,0.0013264755000000185,0,-0.2543041666666668,-0.015954166666666714,0,0,324,-1
1975,-576459463921,1.0013569821874124,3.124650752227953,-2.7505509383981614e-4,4.545369017014254e-4,0.0017605267765642806,-0.014390870576845544,0,1435125,0.01,-0.01675348530000021,0.0019248855000000215,0,-0.30680416666666677,-0.11220416666666677,0,0,324,-1
1976,-576459463911,1.0013543586862625,3.1246546773257933,-2.513568273603168e-4,3.261296017567347e-4,0.0061028794689791215,-0.003343340957295082,0,1435135,0.01,-0.0017932353000002248,0.0067121655000000275,0,-0.2893041666666668,0.08029583333333323,0,0,324,-1
1977,-576459463902,1.0013521739221598,3.124657750663766,-1.8663300149210997e-4,2.8944925355783526e-4,0.008736303404818778,-0.00565741233612205,0,1435145,0.01,-0.0059821053000002275,0.009105805500000022,0,-0.05305416666666678,0.0015458333333331353,0,0,324,-1
1978,-576459463890,1.001350647407961,3.1246606387076983,-9.084002994043197e-5,2.339912582948771e-4,0.008535562011449296,-0.0012191575817730805,0,1435156,0.011,-5.964153000002189e-4,0.00850739550000002,0,-0.02680416666666678,-0.23470416666666682,0,0,324,-1
1979,-576459463879,1.00397000880789,3.126418754686286,7.596650948978565e-4,0.001093491833125281,0.005362291722546833,-0.003821385478944793,0,1435167,0.011,-0.004186875300000202,0.004916935500000019,0,0.008195833333333222,-0.08595416666666678,0,1,325,2
1980,-576459463868,1.0039778545716773,3.1264295394316677,8.104974527478254e-4,0.001061529867632905,0.003397403700723334,5.810923634477203e-4,0,1435177,0.01,0.0011988146999997726,0.0031217055000000186,0,-0.14055416666666679,-0.015954166666666714,0,0,325,-1
1981,-576459463859,1.00398610808897,3.126440255115446,8.411820033740599e-4,0.001078425929851391,0.0010565204961355957,0.008469686883029048,0,1435187,0.01,0.00957655469999978,7.280655000000242e-4,0,-0.2543041666666668,-0.13845416666666677,0,0,325,-1
1982,-576459463849,1.003994518215377,3.1264514857514105,8.43241888150833e-4,0.00116669440780408,-0.0050040685601943045,0.01101468924952441,0,1435197,0.01,0.011371784699999771,-0.005854444499999982,0,-0.09680416666666679,0.08904583333333327,0,0,325,-1
1983,-576459463839,1.004002717307282,3.126463720390563,7.958365350578485e-4,0.001279489739327775,-0.003125921821106887,0.012902176753527873,0,1435207,0.01,0.013167014699999762,-0.0028623944999999844,0,-0.12305416666666678,0.06279583333333316,0,0,325,-1
1984,-576459463829,1.0040105733170015,3.1264771671983427,7.730012078367586e-4,0.0014095737135207853,0.0028777287386524577,0.013659204326408417,0,1435217,0.01,0.013765424699999782,0.0037201155000000214,0,-0.22805416666666678,0.054045833333333126,0,0,325,-1
1985,-576459463818,1.002630488137105,3.1271948524194415,3.776601144661133e-4,0.0019107662192006142,0.002566855866282313,0.012178145602423668,0,1435227,0.01,0.011970194699999756,0.002523295500000016,0,-0.2893041666666668,-0.04220416666666682,0,1,326,1
1986,-576459463808,1.0026347521773074,3.127216491202693,3.9942964746620687e-4,0.0020276289295407066,-0.0016695623869106809,9.754605869665943e-4,0,1435238,0.011,-5.964153000002189e-4,-0.002263984499999973,0,-0.3243041666666668,0.12404583333333319,0,0,326,-1
1987,-576459463799,1.0026386581719924,3.1272368327396647,3.819947202880914e-4,0.002039894143182786,-0.002190842433249185,0.002745663270900132,0,1435248,0.01,0.0029940446999997643,-0.002263984499999973,0,-0.09680416666666679,0.08029583333333323,0,0,326,-1
1988,-576459463788,1.0026423774949242,3.1272573994070614,3.614707895372823e-4,0.002072080638858166,-0.0012054300937426746,0.006112145428919552,0,1435258,0.01,0.006584504699999782,-0.0010671644999999759,0,-0.10555416666666678,0.08904583333333327,0,0,326,-1
1989,-576459463777,1.0026463643396624,3.127280506038146,3.6041144365965707e-4,0.0021311353059496265,0.006787480799767505,7.538325650974656e-4,0,1435269,0.011,1.9946999997669246e-6,0.007908985500000024,0,-0.2543041666666668,-0.13845416666666677,0,0,326,-1
1990,-576459463767,1.0026503658874693,3.1273016973619248,4.3712403125999405e-4,0.002114665588178867,0.013018759660088138,-0.016173587905981425,0,1435279,0.01,-0.018548715300000202,0.01389308550000002,0,-5.54166666666786e-4,-0.033454166666666785,0,0,326,-1
1991,-576459463757,1.002655352285336,3.127322144645574,5.617531294587878e-4,0.001969910583060774,0.009062506912022185,-0.004087476837631002,0,1435289,0.01,-0.0023916453000002104,0.00850739550000002,0,-0.18430416666666677,0.06279583333333316,0,0,326,-1
1992,-576459463745,1.0019526164447266,3.1268692359847243,4.4561274894613456e-4,0.0016818341906931263,0.002803126180191809,-0.007848169536402952,0,1435300,0.011,-0.008375745300000206,0.0019248855000000215,0,-0.20180416666666678,-0.06845416666666682,0,1,327,2
1993,-576459463735,1.0019577286737296,3.1268873798142507,4.8253926190208117e-4,0.0016125855459046554,0.006755945798698641,0.0032342706556353143,0,1435311,0.011,0.0047892746999997895,0.007310575500000022,0,-0.2368041666666668,-0.06845416666666682,0,0,327,-1
1994,-576459463725,1.001962886429141,3.1269037489636555,0.0,0.0,0.0,0.0,1,1435321,0.01,0.013167014699999762,0.0061137555000000164,0,-0.1930541666666668,-0.1472041666666668,0,0,327,-1
1995,-576459463715,1.0019629206979885,3.1269038154832107,0.0,0.0,0.0,0.0,1,1435331,0.01,0.008379734699999773,0.004318525500000016,0,-0.2105541666666668,-0.007204166666666678,0,0,327,-1
1996,-576459463704,1.0019628230786723,3.1269038429483933,0.0,0.0,0.0,0.0,1,1435342,0.011,0.0029940446999997643,-0.010641724499999979,0,-0.20180416666666678,0.027795833333333242,0,0,327,-1
1997,-576459463693,1.0019627752407614,3.126903877192738,0.0,0.0,0.0,0.0,1,1435352,0.01,0.00419086469999977,-0.005854444499999982,0,-0.02680416666666678,-0.09470416666666681,0,0,327,-1
1998,-576459463683,1.0007376855812455,3.127525087888704,-3.753196402737354e-4,3.2623736435833647e-4,-5.39383042288845e-8,1.2785684624810482e-7,1,1435363,0.011,6.004046999997868e-4,-0.0028623944999999844,0,-0.2105541666666668,0.06279583333333316,0,1,328,1
1999,-576459463672,1.0007335311508212,3.1275287496274333,0.0,0.0,0.0,0.0,1,1435374,0.011,0.007781324699999787,-0.0028623944999999844,0,-0.2368041666666668,0.01029583333333317,0,0,328,-1
2000,-576459463662,1.0007336010526489,3.127528744757557,1.0595171787695672e-5,-7.427629613898415e-7,0.007460583014673188,-5.230279768786972e-4,0,1435384,0.01,-5.964153000002189e-4,0.00850739550000002,0,-0.28055416666666677,0.019045833333333206,0,0,328,-1
2001,-576459463652,1.0007339885893416,3.127528753346566,7.100503075641467e-5,5.733627736455736e-7,-0.0026417339247996937,0.0041356099246885525,0,1435394,0.01,0.0047892746999997895,-0.004059214499999982,0,-0.07930416666666679,-0.08595416666666678,0,0,328,-1
2002,-576459463642,1.0007345742522133,3.1275289285321377,4.5789050185537575e-5,3.610576052948972e-5,-0.0017856883319653262,-1.415212837671976e-5,0,1435404,0.01,-5.964153000002189e-4,-0.0016655744999999789,0,-0.20180416666666678,0.03654583333333328,0,0,328,-1
2003,-576459463633,1.0007349956770908,3.127529246568367,3.6179754411537615e-5,2.9357009232071688e-5,0.004092195388675681,-0.004722987233406074,0,1435414,0.01,-0.005383695300000208,0.004916935500000019,0,-0.08805416666666678,-0.06845416666666682,0,0,328,-1
2004,-576459463622,1.0007356251617043,3.127529279923624,8.695248844735036e-5,-2.1631167958194733e-5,0.011112780225456018,-0.007401505859527578,0,1435424,0.01,-0.00777733530000022,0.01209785550000002,0,-0.33305416666666676,0.10654583333333312,0,0,328,-1
2005,-576459463611,1.0000737920784646,3.1270847216609745,7.018461174271182e-6,-3.070162311507318e-4,0.012501401892549986,6.652771444122643e-4,0,1435434,0.01,0.0017972246999997925,0.012696265500000017,0,-0.1755541666666668,-0.09470416666666681,0,1,329,2
2006,-576459463601,1.0000745458293088,3.127081351692105,1.3278137838307737e-4,-3.0459018028195574e-4,0.004800629534286164,-0.0025402763234728333,0,1435445,0.011,-0.0029900553000002305,0.0037201155000000214,0,-0.10555416666666678,-0.21720416666666675,0,0,329,-1
2007,-576459463591,1.0000761390949056,3.127078155564104,1.8465370257490744e-4,-3.3352944047669673e-4,0.007526510530574992,-0.005033820125436583,0,1435455,0.01,-0.005383695300000208,0.007908985500000024,0,-0.2980541666666668,0.019045833333333206,0,0,329,-1
2008,-576459463580,1.0000786015877716,3.1270741844854775,2.639484515949514e-4,-3.885684214275015e-4,0.005238036796325422,-0.004815866852051645,0,1435466,0.011,-0.004785285300000222,0.004916935500000019,0,-0.33305416666666676,-0.07720416666666674,0,0,329,-1
2009,-576459463569,1.0000816997927895,3.1270697609278653,3.041444886989758e-4,-4.212774687685218e-4,-0.006063875756744136,0.00833038257917112,0,1435477,0.011,0.010174964699999765,-0.007649674499999982,0,-0.13180416666666678,0.10654583333333312,0,0,329,-1
2010,-576459463559,1.0000844742191997,3.127065881407865,2.4898341808567376e-4,-3.505816944437316e-4,-0.0022067738212009575,-5.475509313125331e-4,0,1435487,0.01,-0.0017932353000002248,-0.0016655744999999789,0,-0.3505541666666668,0.06279583333333316,0,0,329,-1
2011,-576459463547,0.9979003379269136,3.1281723973964546,-4.485553729388294e-4,2.4206322368265794e-4,-0.002781819412208104,0.007281486168631304,0,1435498,0.011,0.008379734699999773,-0.0028623944999999844,0,-0.3155541666666668,-0.08595416666666678,0,1,330,1
2012,-576459463537,0.9978952295890905,3.12817553345879,-4.8007314032584423e-4,3.268800643100083e-4,-0.003377257183165504,0.010343707064110329,0,1435509,0.011,0.010773374699999784,-0.003460804499999987,0,-0.16680416666666678,-0.09470416666666681,0,0,330,-1
2013,-576459463524,0.997890229620846,3.128179229541641,-5.184214151784857e-4,4.166922084358803e-4,-0.006599187629888157,7.497377831326615e-4,0,1435519,0.01,-5.964153000002189e-4,-0.00705126449999998,0,-0.4030541666666668,-0.07720416666666674,0,0,330,-1
2014,-576459463517,0.9978846738750602,3.1281835230252852,-5.908698041542068e-4,4.3801667987231123e-4,-0.011193855513022032,0.010589547192587201,0,1435529,0.01,0.011970194699999756,-0.011838544499999977,0,-0.28055416666666677,-0.21720416666666675,0,0,330,-1
2015,-576459463507,0.9978782334411683,3.1281883869141303,-6.984465373127699e-4,5.367737586351482e-4,-0.008085776587259192,0.005502982868796927,0,1435539,0.01,0.0047892746999997895,-0.007649674499999982,0,-0.30680416666666677,-0.007204166666666678,0,0,330,-1
2016,-576459463496,0.997870092758123,3.1281946342678864,-7.828018134294077e-4,5.987540877189415e-4,-0.005079449535234565,0.0064514263029678545,0,1435550,0.011,0.006584504699999782,-0.004657624499999985,0,-0.2543041666666668,-0.2609541666666668,0,0,330,-1
2017,-576459463486,0.9982040324895242,3.128429805782312,-7.200472528725823e-4,7.791763298817752e-4,0.004736472008010223,0.007092943822880103,0,1435560,0.01,0.007182914699999768,0.0061137555000000164,0,-0.15805416666666677,-0.07720416666666674,0,1,331,2
2018,-576459463475,0.9981964450800311,3.1284387299695386,-6.612889905332271e-4,8.460932384988425e-4,0.00909294781986329,-1.7503725871036938e-4,0,1435571,0.011,-0.0011948253000002049,0.009704215500000024,0,-0.11430416666666679,-0.1734541666666668,0,0,331,-1
2019,-576459463465,0.9981903065560982,3.128447154259117,-5.673659333219477e-4,8.40096736997256e-4,0.011203332333816913,-0.0031684520196270083,0,1435581,0.01,-0.0035884653000002164,0.011499445500000021,0,-0.1755541666666668,0.03654583333333328,0,0,331,-1
2020,-576459463455,0.99818513371783,3.128455350760442,-4.6455291724856407e-4,8.012588283339042e-4,0.004640905512883176,-0.008259778887148916,0,1435591,0.01,-0.008974155300000225,0.0037201155000000214,0,-0.20180416666666678,-0.12970416666666673,0,0,331,-1
2021,-576459463444,0.998180736568985,3.128463020243048,0.0,0.0,0.0,0.0,1,1435601,0.01,6.004046999997868e-4,0.0067121655000000275,0,-0.07930416666666679,0.03654583333333328,0,0,331,-1
2022,-576459463435,0.9981808177554656,3.1284630344054287,0.0,0.0,0.0,0.0,1,1435611,0.01,0.0017972246999997925,0.01030262550000002,0,-0.14055416666666679,-0.06845416666666682,0,0,331,-1
2023,-576459463424,0.9981808706410593,3.128463039136052,0.0,0.0,0.0,0.0,1,1435621,0.01,6.004046999997868e-4,0.0067121655000000275,0,-0.16680416666666678,0.019045833333333206,0,0,331,-1
2024,-576459463411,0.995731088506161,3.1297095601911797,-7.559549268242955e-4,6.624076913611416e-4,-1.0926490425801267e-7,2.58383015807598e-7,1,1435632,0.011,0.003592454699999784,-0.005854444499999982,0,-0.1493041666666668,-0.08595416666666678,0,1,332,1
2025,-576459463403,0.995722689737464,3.129716846455667,-7.679132631495839e-4,6.624127472414588e-4,-0.007757970225545863,1.7810507869498464e-6,0,1435643,0.011,1.9946999997669246e-6,-0.008846494499999979,0,-0.2543041666666668,0.054045833333333126,0,0,332,-1
2026,-576459463392,0.9957146188548981,3.129723559160382,-8.461032914537974e-4,6.758452900943556e-4,-0.008187777236544732,0.009447958628904336,0,1435653,0.01,0.010773374699999784,-0.008248084499999976,0,-0.09680416666666679,-0.050954166666666745,0,0,332,-1
2027,-576459463383,0.9957058429517632,3.129730729280355,-9.133068762533394e-4,7.608968200974572e-4,0.0022548808355780884,0.0027386272477819586,0,1435663,0.01,0.0017972246999997925,0.0037201155000000214,0,-0.14055416666666679,0.019045833333333206,0,0,332,-1
2028,-576459463373,0.9956967728168642,3.1297384299889814,-8.9852882074148e-4,7.812328072648512e-4,-0.003282281791178965,-0.0022851560843128865,0,1435673,0.01,-0.0029900553000002305,-0.004059214499999982,0,-0.20180416666666678,-0.05970416666666678,0,0,332,-1
2029,-576459463360,0.9956876031449629,3.1297461036417076,-9.345166882194138e-4,7.545684899166919e-4,-0.005537946690783778,-0.005002428255667293,0,1435683,0.01,-0.005383695300000208,-0.005854444499999982,0,-0.07930416666666679,0.027795833333333242,0,0,332,-1
2030,-576459463353,0.9956780210213856,3.1297534480653404,0.0,0.0,0.0,0.0,1,1435693,0.01,0.0011988146999997726,-4.6875449999998157e-4,0,-0.11430416666666679,0.13279583333333322,0,0,332,-1
2031,-576459463342,0.9944473235808065,3.1289239678580323,-3.5914201372416884e-4,-4.1771434206227864e-4,-4.320150234451429e-8,-1.485466419452329e-7,1,1435704,0.011,0.010773374699999784,0.01030262550000002,0,-0.10555416666666678,0.019045833333333206,0,1,333,2
2032,-576459463331,0.9944434424876049,3.1289193335288017,0.0,0.0,0.0,0.0,1,1435715,0.011,-0.004186875300000202,0.007310575500000022,0,-0.16680416666666678,0.10654583333333312,0,0,333,-1
2033,-576459463317,0.9944435420212481,3.1289192794463925,0.0,0.0,0.0,0.0,1,1435725,0.01,-0.006580515300000213,0.01209785550000002,0,-0.018054166666666788,0.13279583333333322,0,0,333,-1
2034,-576459463309,0.9944436570621629,3.128919312709362,0.0,0.0,0.0,0.0,1,1435735,0.01,0.00419086469999977,0.014491495500000022,0,-0.05305416666666678,0.01029583333333317,0,0,333,-1
2035,-576459463300,0.9944436253170961,3.1289192523458036,0.0,0.0,0.0,0.0,1,1435746,0.011,-0.006580515300000213,-0.003460804499999987,0,0.008195833333333222,-0.007204166666666678,0,0,333,-1
2036,-576459463290,0.9944436997221812,3.1289193061489224,0.0,0.0,0.0,0.0,1,1435756,0.01,0.006584504699999782,0.009105805500000022,0,-0.07930416666666679,-0.04220416666666682,0,0,333,-1
2037,-576459463279,0.9917064630947476,3.130312019749549,-8.477101404994589e-4,7.438603187258258e-4,-1.2367238884660104e-7,2.9165900997986816e-7,1,1435767,0.011,-0.00777733530000022,0.009704215500000024,0,-0.22805416666666678,-0.050954166666666745,0,1,334,1
2038,-576459463268,0.9916979235390487,3.1303194387477884,0.0,0.0,0.0,0.0,1,1435777,0.01,-0.0023916453000002104,-0.007649674499999982,0,-0.1755541666666668,-0.12095416666666681,0,0,334,-1
2039,-576459463258,0.9916979247333996,3.1303194387666187,0.0,0.0,0.0,0.0,1,1435788,0.011,1.9946999997669246e-6,1.2965550000002132e-4,0,-0.10555416666666678,-0.04220416666666682,0,0,334,-1
2040,-576459463248,0.9916978426085999,3.130319463245976,0.0,0.0,0.0,0.0,1,1435798,0.01,0.0029940446999997643,-0.010043314499999977,0,-0.16680416666666678,0.13279583333333322,0,0,334,-1
2041,-576459463238,0.9916977961710003,3.130319501235173,0.0,0.0,0.0,0.0,1,1435808,0.01,0.0047892746999997895,-0.005854444499999982,0,-0.12305416666666678,-0.06845416666666682,0,0,334,-1
2042,-576459463228,0.9916977594344246,3.130319590929846,0.0,0.0,0.0,0.0,1,1435818,0.01,0.011371784699999771,-0.004657624499999985,0,-0.1930541666666668,0.11529583333333315,0,0,334,-1
2043,-576459463207,0.993444804518937,3.1314976643968087,5.144903347351096e-4,5.896390046413689e-4,0.002737641075255277,-0.003146730477462358,0,1435828,0.01,-0.0035884653000002164,0.0031217055000000186,0,-0.4030541666666668,-0.033454166666666785,0,1,335,2
2044,-576459463203,0.9934506523312149,3.1315041790260687,5.483212441449949e-4,5.872698366812723e-4,0.0051735563269852194,0.01798175560737138,0,1435839,0.011,0.020946344699999817,0.005515345500000013,0,-0.2455541666666668,0.10654583333333312,0,0,335,-1
2045,-576459463197,0.9934563383504575,3.1315109652562967,5.91550628797225e-4,7.692860592143233e-4,-8.240375644629622e-4,0.01953200539490365,0,1435849,0.01,0.01974952469999981,-0.0016655744999999789,0,-0.2630541666666668,0.08029583333333323,0,0,335,-1
2046,-576459463187,0.9934622819363745,3.1315195178060424,5.940702807367377e-4,9.464414931577912e-4,0.006834410140417106,0.006603328667425634,0,1435859,0.01,0.0047892746999997895,0.007908985500000024,0,-0.1755541666666668,-0.02470416666666675,0,0,335,-1
2047,-576459463177,0.9934685681155642,3.1315293027994073,6.630003867949136e-4,0.0010109787178076094,0.007251984613577555,0.0055372664706854775,0,1435869,0.01,0.005387684699999775,0.007310575500000022,0,-0.14055416666666679,0.08029583333333323,0,0,335,-1
2048,-576459463167,0.9934755800425433,3.1315397118489496,7.385376987275301e-4,0.001069849034675927,0.009402474983903059,0.008029976512362803,0,1435879,0.01,0.008379734699999773,0.009704215500000024,0,-0.33305416666666676,-0.16470416666666676,0,0,335,-1
2049,-576459463157,0.9934833907716453,3.1315507344404394,8.25570438426842e-4,0.0011380615679333574,0.0044193147853588315,-5.845151022392126e-4,0,1435889,0.01,-0.0017932353000002248,0.0037201155000000214,0,-0.3155541666666668,-0.05970416666666678,0,0,335,-1
2050,-576459463147,0.9934918996513579,3.1315620150144015,8.747938628632299e-4,0.0011211568558163664,0.008004367994918113,-0.00846660952707769,0,1435899,0.01,-0.00957256530000021,0.00850739550000002,0,-0.2980541666666668,-0.04220416666666682,0,0,335,-1
2051,-576459463136,0.9935010612012778,3.131572888834786,9.569291602269167e-4,0.0010498564648922367,0.009495053766368229,0.0010590643153769556,0,1435909,0.01,0.0023956346999997784,0.009704215500000024,0,-0.2105541666666668,-0.050954166666666745,0,0,335,-1
2052,-576459463103,0.9935110173123698,3.1315834178797375,0.001038146840323134,0.0010569374288932972,-2.9228874958138647e-4,-0.0014422673863456153,0,1435919,0.01,-0.0017932353000002248,-0.0016655744999999789,0,-0.1493041666666668,-0.09470416666666681,0,0,335,-1
2053,-576459463002,0.9935223518261984,3.1315949701684875,0.0010250846845360525,0.0010430054594489043,-0.00674436766867851,-1.7571792474777828e-4,0,1435930,0.011,1.9946999997669246e-6,-0.007649674499999982,0,-0.2893041666666668,-0.26970416666666674,0,0,335,-1
2054,-576459463001,0.9935322825027186,3.131605407555528,9.60236397064842e-4,0.0010437021298596286,-0.004914392720384597,0.0015544593351570328,0,1435940,0.01,0.0017972246999997925,-0.004657624499999985,0,-0.07930416666666679,-0.16470416666666676,0,0,335,-1
2055,-576459463001,0.9935416221995288,3.1316158862572596,9.084596145555762e-4,0.0010536473935827803,-0.006788328086799977,-0.0024308648098163767,0,1435950,0.01,-0.0029900553000002305,-0.00705126449999998,0,-0.02680416666666678,-0.12095416666666681,0,0,335,-1
2056,-576459463000,0.9935513174098303,3.1316273680909945,8.502574723570098e-4,0.0010325675220114335,0.004001411050138409,0.0012769694834702727,0,1435961,0.011,0.0017972246999997925,0.005515345500000013,0,-0.1755541666666668,0.06279583333333316,0,0,335,-1
2057,-576459463000,0.9935599688605274,3.1316377227488075,8.824788349552255e-4,0.0010400299943143644,-0.0014930441708010155,-0.0024650092011635496,0,1435971,0.01,-0.0029900553000002305,-0.002263984499999973,0,-0.00930416666666678,0.01029583333333317,0,0,335,-1
2058,-576459462999,0.993568660675065,3.131648062079489,8.584881310805353e-4,0.001025055287635342,-0.00794167191183703,0.004421431512501057,0,1435981,0.01,0.005387684699999775,-0.008846494499999979,0,-0.2630541666666668,0.06279583333333316,0,0,335,-1
2059,-576459462999,0.9935768979744064,3.13165853660524,7.867952476586208e-4,0.0010697222981466514,-0.0024378316649381945,0.004744012569972324,0,1435991,0.01,0.0047892746999997895,-0.0016655744999999789,0,-0.12305416666666678,-0.06845416666666682,0,0,335,-1
2060,-576459462999,0.9935847067076282,3.1316695845591562,7.7220330197905e-4,0.0011348903385049315,0.004536728113013222,0.017378358938604798,0,1436001,0.01,0.01915111469999979,0.005515345500000013,0,-0.02680416666666678,0.28154583333333316,0,0,335,-1
2061,-576459462999,0.9935927010069266,3.13168169376047,8.246653847227788e-4,0.0012917106957915515,0.009593147096908162,0.005288773706032963,0,1436011,0.01,0.003592454699999784,0.01030262550000002,0,-0.07930416666666679,0.11529583333333315,0,0,335,-1
2062,-576459462998,0.9936013716154622,3.131694800648405,9.11897587886722e-4,0.001332938894147133,0.003393222015236194,-0.0030209217850742966,0,1436021,0.01,-0.004186875300000202,0.002523295500000016,0,0.043195833333333225,-0.015954166666666714,0,0,335,-1
2063,-576459462998,0.9936107146907929,3.13170798394925,9.543316463577619e-4,0.0013035039843745974,0.009452441700033138,-0.0024690761049155465,0,1436031,0.01,-0.0023916453000002104,0.01030262550000002,0,-0.4030541666666668,-0.015954166666666714,0,0,335,-1
2064,-576459462997,0.9936207184686424,3.131720882000963,0.001046956881372009,0.0012766995169002481,0.008098903697731598,-0.003975504658456745,0,1436041,0.01,-0.004186875300000202,0.007908985500000024,0,-0.05305416666666678,0.03654583333333328,0,0,335,-1
2065,-576459462994,0.9936315160495391,3.1317334485555364,0.0011159309865221945,0.0012366843843390444,-4.640813179695221e-4,-0.004160866702351342,0,1436051,0.01,-0.004186875300000202,-0.0016655744999999789,0,-0.22805416666666678,0.04529583333333331,0,0,335,-1
2066,-576459462899,0.9905066475734453,3.1334775558466594,1.4432667033053334e-4,0.0021111882736226484,0.00530417870185232,0.0036884350222081727,0,1436065,0.014,0.0047892746999997895,0.0061137555000000164,0,-0.1493041666666668,-0.12095416666666681,0,1,337,1
2067,-576459462898,0.9905085205002012,3.133500976151717,1.9797031138046406e-4,0.002148296840507417,0.0023406985787812603,0.0015051558871521345,0,1436076,0.011,0.0011988146999997726,0.0019248855000000215,0,-0.2105541666666668,-0.02470416666666675,0,0,337,-1
2068,-576459462898,0.9905106037734793,3.133522551859731,0.0,0.0,0.0,0.0,1,1436086,0.01,0.003592454699999784,7.280655000000242e-4,0,-0.2368041666666668,0.027795833333333242,0,0,337,-1
2069,-576459462897,0.9905105496282767,3.1335226127736684,0.0,0.0,0.0,0.0,1,1436097,0.011,0.006584504699999782,-0.005854444499999982,0,-0.18430416666666677,0.01029583333333317,0,0,337,-1
2070,-576459462897,0.9905104527473919,3.133522642171705,0.0,0.0,0.0,0.0,1,1436107,0.01,0.003592454699999784,-0.011838544499999977,0,-0.2368041666666668,-0.007204166666666678,0,0,337,-1
2071,-576459462896,0.9905104318752253,3.133522625639533,0.0,0.0,0.0,0.0,1,1436118,0.011,-0.0017932353000002248,-0.002263984499999973,0,-0.1755541666666668,-0.20845416666666683,0,0,337,-1
2072,-576459462896,0.9905104623007451,3.1335227333276396,0.0,0.0,0.0,0.0,1,1436128,0.01,0.013167014699999762,0.0037201155000000214,0,-0.1493041666666668,-0.13845416666666677,0,0,337,-1
2073,-576459462896,0.9905104728228121,3.1335227333434625,0.0,0.0,0.0,0.0,1,1436138,0.01,1.9946999997669246e-6,0.0013264755000000185,0,-0.22805416666666678,0.06279583333333316,0,0,337,-1
2074,-576459462896,0.9905105116051226,3.133522794718631,0.0,0.0,0.0,0.0,1,1436148,0.01,0.007781324699999787,0.004916935500000019,0,-0.10555416666666678,0.11529583333333315,0,0,337,-1
2075,-576459462797,0.9937078172299207,3.1358311343665037,9.329702059376645e-4,0.0011523724923791362,8.601123499781289e-8,2.9782647296447896e-7,1,1436158,0.01,0.006584504699999782,0.0013264755000000185,0,-0.061804166666666785,-0.07720416666666674,0,1,338,2
2076,-576459462796,0.9937181246528475,3.135843821240174,0.0,0.0,0.0,0.0,1,1436169,0.011,0.0011988146999997726,0.004916935500000019,0,-0.2455541666666668,0.0015458333333331353,0,0,338,-1
2077,-576459462795,0.9937181646271771,3.1358439188914833,0.0,0.0,0.0,0.0,1,1436179,0.01,0.011970194699999756,0.004916935500000019,0,-0.13180416666666678,0.027795833333333242,0,0,338,-1
2078,-576459462795,0.9937181751715821,3.1358438097670507,0.0,0.0,0.0,0.0,1,1436189,0.01,-0.013761435300000215,0.0013264755000000185,0,-0.14055416666666679,0.019045833333333206,0,0,338,-1
2079,-576459462795,0.9937181431565355,3.135843776744781,0.0,0.0,0.0,0.0,1,1436199,0.01,-0.004186875300000202,-0.004059214499999982,0,-0.16680416666666678,-0.033454166666666785,0,0,338,-1
2080,-576459462794,0.9937182526363255,3.135843724889327,0.0,0.0,0.0,0.0,1,1436209,0.01,-0.006580515300000213,0.01389308550000002,0,-0.2368041666666668,0.03654583333333328,0,0,338,-1
2081,-576459462794,0.9937182159386446,3.135843649466507,-5.73109776139999e-6,-1.1778817206540051e-5,-0.004084516140506894,-0.008394686491774338,0,1436219,0.01,-0.00957256530000021,-0.004657624499999985,0,-0.3680541666666668,0.06279583333333316,0,0,338,-1
2082,-576459462794,0.9937179640308313,3.135843201674701,-4.5072470398114285e-5,-8.171214574768828e-5,-0.0030127733312028697,0.0015926914887167461,0,1436229,0.01,0.0029940446999997643,-0.0028623944999999844,0,-0.16680416666666678,0.03654583333333328,0,0,338,-1
2083,-576459462794,0.993717401570675,3.135842479943709,-6.912454505957824e-5,-6.33245750985782e-5,0.001317319657694085,0.0033463891330153565,0,1436239,0.01,0.003592454699999784,0.0019248855000000215,0,-0.2980541666666668,0.12404583333333319,0,0,338,-1
2084,-576459462695,0.993716738544963,3.1358419122305836,-6.18307037421229e-5,-4.575711512646647e-5,-0.0028728689767583944,-0.007982922171518823,0,1436249,0.01,-0.00957256530000021,-0.003460804499999987,0,-0.28055416666666677,-0.16470416666666676,0,0,338,-1
2085,-576459462694,0.9878085528166957,3.131405898947134,-0.0018167099571275084,-0.0023102547097368057,-0.006537294844930181,0.005840985964785222,0,1436259,0.01,0.007781324699999787,-0.00705126449999998,0,-0.13180416666666678,0.027795833333333242,0,1,340,2
2086,-576459462693,0.9877882354902864,3.1313807483125355,-0.001879697025139871,-0.0022594246212156582,-6.906950832189602e-4,-0.002952973529100308,0,1436270,0.011,-0.004186875300000202,1.2965550000002132e-4,0,-0.1493041666666668,0.15904583333333333,0,0,340,-1
2087,-576459462693,0.9877676434854735,3.131355879713103,-0.001869200164694348,-0.0022685010378320812,0.01104903545420137,0.01223304730916608,0,1436281,0.011,0.014363834699999767,0.012696265500000017,0,-0.3418041666666668,0.08029583333333323,0,0,340,-1
2088,-576459462692,0.987749424011045,3.1313336910321232,-0.0017708181315613345,-0.0021636386751702867,0.0025228107531801696,-6.73383720864746e-5,0,1436291,0.01,-0.0017932353000002248,0.0013264755000000185,0,-0.33305416666666676,0.027795833333333242,0,0,340,-1
2089,-576459462692,0.9877318182189094,3.1313120375758925,-0.0017492765546424163,-0.0021664388958455285,-1.0065031844420924e-4,-0.001580868253878148,0,1436301,0.01,-0.0017932353000002248,-4.6875449999998157e-4,0,-0.2630541666666668,-0.10345416666666674,0,0,340,-1
2090,-576459462692,0.9877143411198493,3.1312903727185972,-0.0017470537696646542,-0.0021699890715570005,0.0022004259162868313,0.007154108886141438,0,1436311,0.01,0.008379734699999773,0.002523295500000016,0,-0.2980541666666668,0.054045833333333126,0,0,340,-1
2091,-576459462691,0.9876970680300496,3.1312689317310616,-0.0017113980219995515,-0.0021138757669880025,0.011929557470685118,-0.003840951699960046,0,1436321,0.01,-0.005383695300000208,0.013294675500000016,0,-0.07055416666666678,-0.1734541666666668,0,0,340,-1
2092,-576459462691,0.987680547138812,3.13124760291517,-0.0015926316901518202,-0.0021519746052962394,0.0115523696388862,-0.0036195330828314204,0,1436331,0.01,-0.0035884653000002164,0.011499445500000021,0,-0.2368041666666668,-0.12095416666666681,0,0,340,-1
2093,-576459462691,0.9876652074530403,3.1312258270001894,-0.0014757004597194833,-0.002199912954562289,0.012555512143778648,-0.01198872385761971,0,1436341,0.01,-0.013163025300000195,0.012696265500000017,0,-0.12305416666666678,-0.04220416666666682,0,0,340,-1
2094,-576459462592,0.9876509520334279,3.1312032993338725,-0.0013698529925653842,-0.0023087275693329545,-0.0014900391545244387,-0.004097317633981719,0,1436351,0.01,-0.0029900553000002305,-0.003460804499999987,0,-0.2630541666666668,0.10654583333333312,0,0,340,-1
2095,-576459462592,0.9831458155266293,3.1335875221783036,-0.002774273684603857,-0.0010921109820192748,-0.004268001969261994,-0.003650748465546469,0,1436361,0.01,-0.0035884653000002164,-0.004657624499999985,0,-0.13180416666666678,-0.04220416666666682,0,1,341,1
2096,-576459462591,0.9831150755549629,3.1335753322891815,-0.0028161367335305834,-0.0011257787782728268,-9.362418391809704e-4,6.020887960367649e-4,0,1436372,0.011,0.0011988146999997726,-4.6875449999998157e-4,0,-0.12305416666666678,-0.09470416666666681,0,0,341,-1
2097,-576459462591,0.9830867977524201,3.1335640215411886,-0.0028360818445853776,-0.0011324125974783944,-0.008397936093890418,-0.00832060105999117,0,1436382,0.01,-0.00957256530000021,-0.009444904499999983,0,-0.3243041666666668,-0.10345416666666674,0,0,341,-1
2098,-576459462591,0.983058117885019,3.133552299935204,-0.002904393162392075,-0.0012127373286289294,0.002753798579091844,-0.006269851010005394,0,1436392,0.01,-0.0059821053000002275,0.004318525500000016,0,-0.37680416666666683,-0.033454166666666785,0,0,341,-1
2099,-576459462590,0.9830292192650754,3.133539866058676,-0.002875665954924274,-0.0012743452694845884,0.0036012127620716843,-0.005492734413225524,0,1436402,0.01,-0.005383695300000208,0.0037201155000000214,0,-0.3855541666666668,-0.08595416666666678,0,0,341,-1
2100,-576459462590,0.9830006105945553,3.133526928992919,-0.0028446619147921336,-0.0013166206194752629,3.2044192714831676e-5,0.0035241007094443926,0,1436412,0.01,0.0047892746999997895,-4.6875449999998157e-4,0,-0.15805416666666677,0.14154583333333326,0,0,341,-1
2101,-576459462590,0.9829721522020007,3.133513991394322,-0.0028464303528651547,-0.0012731958801459088,-0.0014566870158271795,0.009356593500080392,0,1436422,0.01,0.010174964699999765,-0.0016655744999999789,0,-0.18430416666666677,-0.04220416666666682,0,0,341,-1
2102,-576459462589,0.9829436794257047,3.1335017101389955,-0.002850945663287598,-0.0011823046001543473,0.00570700983227998,0.00745038011958847,0,1436432,0.01,0.007182914699999768,0.0067121655000000275,0,-0.14055416666666679,-0.10345416666666674,0,0,341,-1
2103,-576459462589,0.9829154349502638,3.1334901584938786,-0.0027970567135959363,-0.001123592789456448,0.0034398203511786297,-0.003804496309327798,0,1436442,0.01,-0.005383695300000208,0.0031217055000000186,0,-0.15805416666666677,-0.10345416666666674,0,0,341,-1
2104,-576459462589,0.9828848670371514,3.13347762013143,0.0,0.0,0.0,0.0,1,1436453,0.011,0.0017972246999997925,0.002523295500000016,0,-0.1493041666666668,0.03654583333333328,0,0,341,-1
2105,-576459462490,0.9836511631835441,3.1340591364581174,2.2329159626907678e-4,2.860204989927107e-4,2.204519963173034e-8,7.699291418404853e-8,1,1436463,0.01,-0.0023916453000002104,7.280655000000242e-4,0,-0.15805416666666677,0.24654583333333324,0,1,342,2
2106,-576459462489,0.9793112254034431,3.1363205051338,-0.0013351551821056827,0.0011720778807028558,-1.4331799952210522e-7,3.329992843739868e-7,1,1436473,0.01,0.007182914699999768,0.0031217055000000186,0,-0.20180416666666678,0.0015458333333331353,0,1,343,1
2107,-576459462488,0.9792966210239814,3.1363333492973777,0.0,0.0,0.0,0.0,1,1436484,0.011,-0.005383695300000208,0.009105805500000022,0,-0.14055416666666679,-0.15595416666666684,0,0,343,-1
2108,-576459462488,0.9792966708991371,3.1363333297987035,7.604117091651792e-6,-2.974648460712875e-6,0.005361474077367714,-0.002097359679857813,0,1436494,0.01,-0.0023916453000002104,0.0061137555000000164,0,-0.2893041666666668,-0.033454166666666785,0,0,343,-1
2109,-576459462488,0.9792969640199027,3.1363331359034885,5.329806354142198e-5,-3.31585200931994e-5,-2.7613754863255614e-4,-0.00865276104574284,0,1436504,0.01,-0.00957256530000021,-0.0010671644999999759,0,-0.22805416666666678,-0.12095416666666681,0,0,343,-1
2110,-576459462487,0.9792975855127048,3.1363324777005728,6.650149962770381e-5,-1.031433549407947e-4,0.01110004566092003,0.003135267801313549,0,1436514,0.01,0.0047892746999997895,0.012696265500000017,0,-0.2455541666666668,-0.08595416666666678,0,0,343,-1
2111,-576459462487,0.9792987332282591,3.1363315736241577,1.6621193727780147e-4,-7.638250662856034e-5,0.0030538646583480687,-1.3724157735640593e-4,0,1436524,0.01,-5.964153000002189e-4,0.0019248855000000215,0,-0.15805416666666677,0.15904583333333333,0,0,343,-1
2112,-576459462487,0.9793004872815642,3.1363308040340576,1.872617771712303e-4,-7.758359542890924e-5,-0.0037087461821386763,-1.5137955176175541e-5,0,1436534,0.01,1.9946999997669246e-6,-0.004657624499999985,0,-0.3243041666666668,0.0715458333333332,0,0,343,-1
2113,-576459462487,0.9793021717007194,3.1363299898576846,1.497430732344237e-4,-8.360451674532208e-5,-0.0040160903016658745,-0.00419833130245653,0,1436544,0.01,-0.004785285300000222,-0.004059214499999982,0,-0.07930416666666679,-0.15595416666666684,0,0,343,-1
2114,-576459462487,0.9793035009907646,3.1363289958490097,1.1468340082244739e-4,-1.1747412893381106e-4,-3.8046754132031605e-4,0.0015842646468276177,0,1436554,0.01,0.0023956346999997784,1.2965550000002132e-4,0,-0.1930541666666668,-0.18220416666666683,0,0,343,-1
2115,-576459462387,0.9793046611093782,3.1363279491468163,1.1592438426523463e-4,-9.400616415757201e-5,0.0032155496167313525,0.007018792872723098,0,1436564,0.01,0.007781324699999787,0.0037201155000000214,0,-0.1493041666666668,0.10654583333333312,0,0,343,-1
2116,-576459462386,0.9762987874234521,3.134107168910086,-7.302246151302686e-4,-0.0011037193523292907,-1.5509636342157383e-5,0.007162372456541349,0,1436575,0.011,0.007182914699999768,-4.6875449999998157e-4,0,-0.10555416666666678,-0.015954166666666714,0,1,344,2
2117,-576459462386,0.9762907567823815,3.1340953605693938,0.0,0.0,0.0,0.0,1,1436586,0.011,-0.0035884653000002164,1.2965550000002132e-4,0,-0.08805416666666678,0.06279583333333316,0,0,344,-1
2118,-576459462385,0.9762907479634045,3.1340953851587545,0.0,0.0,0.0,0.0,1,1436596,0.01,0.0029940446999997643,-0.0010671644999999759,0,-0.00930416666666678,-0.007204166666666678,0,0,344,-1
2119,-576459462385,0.976290806007225,3.134095366170449,0.0,0.0,0.0,0.0,1,1436606,0.01,-0.0023916453000002104,0.007310575500000022,0,-0.12305416666666678,0.054045833333333126,0,0,344,-1
2120,-576459462384,0.976290811751621,3.1340953331425583,0.0,0.0,0.0,0.0,1,1436616,0.01,-0.004186875300000202,7.280655000000242e-4,0,-0.22805416666666678,0.06279583333333316,0,0,344,-1
2121,-576459462384,0.9762908457833478,3.1340952624232465,0.0,0.0,0.0,0.0,1,1436626,0.01,-0.008974155300000225,0.004318525500000016,0,-0.20180416666666678,-0.16470416666666676,0,0,344,-1
2122,-576459462384,0.9762908279451846,3.1340953190180634,-2.7857807138953078e-6,8.838410850934929e-6,-0.001985407203201407,0.006299076069363982,0,1436636,0.01,0.007182914699999768,-0.002263984499999973,0,-0.33305416666666676,0.15904583333333333,0,0,344,-1
2123,-576459462384,0.9762907504851088,3.1340956868863143,-1.4883027855836586e-5,6.628976076831702e-5,0.003542843276178276,0.002351165588317011,0,1436646,0.01,0.0017972246999997925,0.004318525500000016,0,-0.2193041666666668,0.08029583333333323,0,0,344,-1
2124,-576459462384,0.9762907141865002,3.1340964535481683,1.0454946063831596e-5,8.76471516549571e-5,-0.0036485786582234545,8.158311905999099e-4,0,1436656,0.01,6.004046999997868e-4,-0.004657624499999985,0,-0.1930541666666668,-0.04220416666666682,0,0,344,-1
2125,-576459462284,0.9762907273676357,3.134097345539937,-1.1809563838119472e-5,9.185874866551032e-5,0.006486857839331884,-0.001996973812498267,0,1436666,0.01,-0.0023916453000002104,0.007908985500000024,0,-0.22805416666666678,-0.04220416666666682,0,0,344,-1
2127,-576459462284,0.973322350448018,3.1318017794086446,-7.400928532636088e-4,-0.0010065457196530047,0.0034955055205393858,4.2369103797314017e-4,0,1436688,0.011,1.9946999997669246e-6,0.0031217055000000186,0,-0.3593041666666668,0.027795833333333242,0,0,346,-1
2128,-576459462283,0.9733151211477197,3.1317917759004894,-7.0560334415076e-4,-9.96126753828167e-4,0.0031677006025570453,0.004776878426505888,0,1436698,0.01,0.005387684699999775,0.0031217055000000186,0,-0.07930416666666679,-0.07720416666666674,0,0,346,-1
2129,-576459462282,0.973308223141906,3.1317820203232922,-6.73983016025261e-4,-9.535046699963418e-4,0.0031273650755564374,0.0011143087310920142,0,1436708,0.01,6.004046999997868e-4,0.0031217055000000186,0,-0.10555416666666678,-0.06845416666666682,0,0,346,-1
2130,-576459462282,0.9733015546637517,3.1317725794233127,-6.559726602840188e-4,-9.363658793339472e-4,-0.006323588322091206,0.005386634338941848,0,1436718,0.01,0.005986094699999761,-0.007649674499999982,0,-0.08805416666666678,-0.10345416666666674,0,0,346,-1
2131,-576459462282,0.9732948050624288,3.1317634520947433,-6.994863101286639e-4,-8.876526534425927e-4,0.007732036687655701,0.0017141148155687814,0,1436728,0.01,0.0011988146999997726,0.009704215500000024,0,-0.2543041666666668,0.0015458333333331353,0,0,346,-1
2132,-576459462281,0.9732881604759558,3.1317546477840086,-6.278388494351017e-4,-8.726182295939951e-4,0.00368899454266054,2.126665458492727e-4,0,1436738,0.01,1.9946999997669246e-6,0.0031217055000000186,0,-0.1930541666666668,-0.12970416666666673,0,0,346,-1
2133,-576459462281,0.9732820384934887,3.131746010727043,-5.953285779333103e-4,-8.582332159090583e-4,5.676227426617865e-4,0.008949130296237449,0,1436748,0.01,0.010174964699999765,1.2965550000002132e-4,0,0.02569583333333321,-0.050954166666666745,0,0,346,-1
2134,-576459462280,0.9732761855749568,3.1317377582099994,-5.784100146188508e-4,-7.871144036822025e-4,0.008579981958520975,-0.004144856303700796,0,1436758,0.01,-0.0059821053000002275,0.009704215500000024,0,-0.3155541666666668,-0.11220416666666677,0,0,346,-1
2135,-576459462276,0.9732708346168066,3.131729721925265,-4.919631830883999e-4,-8.21987721036684e-4,0.009041104305809742,5.412901351488199e-4,0,1436768,0.01,0.0011988146999997726,0.009105805500000022,0,-0.11430416666666679,-0.015954166666666714,0,0,346,-1
2136,-576459462264,0.9748278060932288,3.132985216165397,5.968225532240729e-5,-1.8864798729316921e-4,0.006474016662956042,0.006365887343446067,0,1436779,0.011,0.007182914699999768,0.0061137555000000164,0,-0.11430416666666679,0.027795833333333242,0,1,348,2
2137,-576459462183,0.9748288473297981,3.1329833543444674,1.2960126320880091e-4,-1.434011027261857e-4,0.005633307447671139,-0.009710489850821763,0,1436790,0.011,-0.011966205300000223,0.005515345500000013,0,-0.4118041666666668,0.027795833333333242,0,0,348,-1
2138,-576459462182,0.9748306410470197,3.1329812362834444,1.9545710089683563e-4,-2.4355128491502666e-4,0.008153746576882857,-0.005391318676089256,0,1436801,0.011,-0.004785285300000222,0.00850739550000002,0,-0.18430416666666677,-0.08595416666666678,0,0,348,-1
2139,-576459462182,0.9748329520244399,3.1329785608224823,2.6923598383975147e-4,-2.929827507957765e-4,0.0026913303590226176,-0.0022359699302800496,0,1436811,0.01,-0.0017932353000002248,0.0019248855000000215,0,-0.1493041666666668,0.12404583333333319,0,0,348,-1
2140,-576459462182,0.9748357300964732,3.132975551223495,2.8856780809799584e-4,-3.103722112022365e-4,-0.002703800598883718,0.00130095078223849,0,1436821,0.01,0.0017972246999997925,-0.003460804499999987,0,-0.2193041666666668,-0.10345416666666674,0,0,348,-1
2141,-576459462181,0.9748385595860068,3.1329724739773317,2.7385451810592776e-4,-3.033801191149025e-4,0.006078333043061277,-0.0029868356001884412,0,1436831,0.01,-0.0035884653000002164,0.007310575500000022,0,-0.2105541666666668,-0.05970416666666678,0,0,348,-1
2142,-576459462180,0.9748415268758056,3.132969375691511,3.228999238443897e-4,-3.199982358864229e-4,-0.0022870388887355313,0.006456331093409236,0,1436841,0.01,0.007781324699999787,-0.003460804499999987,0,-0.3243041666666668,-0.1997041666666668,0,0,348,-1
2143,-576459462180,0.9748446322748877,3.1329665372550286,2.9858524339144564e-4,-2.493865724418629e-4,-0.0033163757501294944,0.010766951151774166,0,1436851,0.01,0.011371784699999771,-0.003460804499999987,0,-0.18430416666666677,-0.1734541666666668,0,0,348,-1
2144,-576459462180,0.9748474747446749,3.1329645252096783,2.689254096361388e-4,-1.5054509185721533e-4,-8.191467532010274e-4,0.004475257487486286,0,1436861,0.01,0.003592454699999784,-4.6875449999998157e-4,0,-0.15805416666666677,-0.12095416666666681,0,0,348,-1
2145,-576459462080,0.9748501635205326,3.1329632837141386,2.670557120152837e-4,-9.951550559732045e-5,0.0036863485358318597,0.008948853588252731,0,1436871,0.01,0.00957655469999978,0.004318525500000016,0,-0.2193041666666668,-0.09470416666666681,0,0,348,-1
2146,-576459462078,0.9737965419787483,3.1334905524296652,-9.011333443508331e-6,2.622249451278686e-4,0.00529025924791404,0.006350731154854982,0,1436882,0.011,0.005986094699999761,0.005515345500000013,0,-0.061804166666666785,0.054045833333333126,0,1,349,1
2147,-576459462078,0.9737967365421767,3.133493800763396,4.544147685712484e-5,3.2916363190277456e-4,0.002863763061165737,0.004456630547090614,0,1436893,0.011,0.00419086469999977,0.002523295500000016,0,-0.28055416666666677,0.11529583333333315,0,0,349,-1
2148,-576459462077,0.9737973460479313,3.133497298313006,7.589082858123267e-5,3.7116321937336624e-4,0.004139520834687771,0.0026492347806521825,0,1436903,0.01,0.0023956346999997784,0.004318525500000016,0,-0.18430416666666677,-0.10345416666666674,0,0,349,-1
2149,-576459462077,0.9737983038201813,3.1335010501371965,1.160317653420188e-4,3.8333197457955355e-4,0.0032469449813557617,-0.00754392793391028,0,1436913,0.01,-0.008974155300000225,0.0031217055000000186,0,-0.2718041666666668,0.0715458333333332,0,0,349,-1
2150,-576459462076,0.9737995499701592,3.1335045421827554,1.3656367976390036e-4,3.1349714228727006e-4,-0.005259319862724751,-0.0035503972671469316,0,1436923,0.01,-0.0029900553000002305,-0.006452854499999985,0,-0.09680416666666679,0.13279583333333322,0,0,349,-1
2151,-576459462076,0.9738007658432983,3.133507570069472,1.0164678655108126e-4,2.889914910333684e-4,0.007338214868650541,0.0042878773855187045,0,1436933,0.01,0.005387684699999775,0.009105805500000022,0,-0.2718041666666668,0.06279583333333316,0,0,349,-1
2152,-576459462075,0.9738021395742646,3.133510645324329,1.7352226622255917e-4,3.2733291480715673e-4,0.006264421982459745,0.0010541384480667114,0,1436943,0.01,6.004046999997868e-4,0.0061137555000000164,0,-0.2718041666666668,0.06279583333333316,0,0,349,-1
2153,-576459462075,0.9738042386939084,3.13351393006695,2.440807018586129e-4,3.3142536847045065e-4,0.01190484418923231,-0.003541982438577953,0,1436953,0.01,-0.004186875300000202,0.012696265500000017,0,-0.22805416666666678,-0.050954166666666745,0,0,349,-1
2154,-576459462075,0.9738071631086489,3.1335170762848796,3.456947745623228e-4,2.974210035276075e-4,-5.205476544525127e-4,-0.0025331912383544652,0,1436963,0.01,-0.0023916453000002104,-0.002263984499999973,0,-0.2193041666666668,-0.06845416666666682,0,0,349,-1
2155,-576459462072,0.973810636870264,3.1335199532393627,3.4717997706792237e-4,2.7668122563669247e-4,0.004247867598450718,7.396012531131302e-4,0,1436973,0.01,0.0011988146999997726,0.004916935500000019,0,-0.2893041666666668,-0.02470416666666675,0,0,349,-1
2156,-576459462061,0.974355217358699,3.133242780096405,5.468515251145884e-4,1.607241125186513e-4,-0.004086583054164894,0.010588250016287345,0,1436985,0.012,0.011970194699999756,-0.005256034499999979,0,-0.07055416666666678,-0.15595416666666684,0,1,351,1
2157,-576459462050,0.9743611054120901,3.1332450750765903,5.190880893717787e-4,2.6111258517870213e-4,0.0069577397927304396,2.550509114624122e-4,0,1436996,0.011,-0.0011948253000002049,0.00850739550000002,0,-0.3418041666666668,-0.033454166666666785,0,0,351,-1
2158,-576459462040,0.9743665533198949,3.133247780899063,5.749272430778266e-4,2.760333221463878e-4,-0.0027036074515318035,0.0089543455801751,0,1437006,0.01,0.010174964699999765,-0.004059214499999982,0,-0.2630541666666668,0.01029583333333317,0,0,351,-1
2159,-576459462030,0.9743722422427076,3.1332509939004036,5.59496193847647e-4,3.663436591058055e-4,0.005553579575005036,0.009499993515661206,0,1437016,0.01,0.00957655469999978,0.0067121655000000275,0,-0.1930541666666668,-0.12970416666666673,0,0,351,-1
2160,-576459462020,0.9743780768111661,3.13325512821902,6.090931136786935e-4,4.607013422449321e-4,0.0013218322270594825,0.00904235681470483,0,1437026,0.01,0.008978144699999758,7.280655000000242e-4,0,-0.22805416666666678,-0.04220416666666682,0,0,351,-1
2161,-576459462008,0.9743842102917633,3.1332602198547073,6.186354190776624e-4,5.562003197588921e-4,-0.0012979820140699354,0.01265948647093973,0,1437036,0.01,0.013167014699999762,-0.0016655744999999789,0,-0.07930416666666679,-0.2259541666666668,0,0,351,-1
2162,-576459461998,0.9728907073971551,3.13214776318204,1.6011747318115494e-4,1.5492622537762162e-4,-0.002669953440018075,0.007331818521729542,0,1437048,0.012,0.006584504699999782,-0.0028623944999999844,0,-0.2630541666666668,-0.05970416666666678,0,1,352,2
2163,-576459461987,0.9728921559316892,3.132149532791693,1.3016797064611257e-4,2.0624388918811918e-4,-0.004937824074522095,-0.008017302874512739,0,1437058,0.01,-0.010170975300000197,-0.005256034499999979,0,-0.2368041666666668,-0.06845416666666682,0,0,352,-1
2164,-576459461976,0.9728932939353336,3.1321512773222886,9.368616189183744e-5,1.3891763932201456e-4,0.00422911066798251,0.0011143503090328515,0,1437068,0.01,0.0023956346999997784,0.005515345500000013,0,2.1081958333333333,0.027795833333333242,0,0,352,-1
2165,-576459461968,0.9728944051655417,3.1321527087134076,1.301947830747227e-4,1.4795540532138812e-4,1.0930536711515129e-4,-3.859101225926905e-4,0,1437078,0.01,-5.964153000002189e-4,-4.6875449999998157e-4,0,-0.2105541666666668,-0.050954166666666745,0,0,352,-1
2166,-576459461957,0.9728956891553641,3.132154228623956,1.2763109118297522e-4,1.534099163568635e-4,-0.0024967347015881127,0.006251590850821597,0,1437088,0.01,0.007182914699999768,-0.0028623944999999844,0,-0.2455541666666668,0.17654583333333318,0,0,352,-1
2167,-576459461947,0.9728969226189135,3.132156040205617,1.1546777065190351e-4,2.1044481818819133e-4,0.006628589187657475,0.0023453226579350115,0,1437098,0.01,0.0017972246999997925,0.007908985500000024,0,-0.13180416666666678,0.19404583333333325,0,0,352,-1
2168,-576459461937,0.9687162786153495,3.1342840129131657,-0.0010780272265561168,0.0012900402951345007,0.0025035336343018472,-0.0039075806121365245,0,1437108,0.01,-0.004785285300000222,0.0019248855000000215,0,-0.2105541666666668,-0.04220416666666682,0,1,353,1
2169,-576459461927,0.9687046211170938,3.1342979754543734,0.0,0.0,0.0,0.0,1,1437119,0.011,-0.0029900553000002305,0.007908985500000024,0,-0.15805416666666677,0.04529583333333331,0,0,353,-1
2170,-576459461917,0.9687046614546105,3.1342980731616708,6.115494189806128e-6,1.4887901136103618e-5,0.004311919608715096,0.010497293943974747,0,1437129,0.01,0.011970194699999756,0.004916935500000019,0,-0.2980541666666668,-0.11220416666666677,0,0,353,-1
2171,-576459461907,0.9687049144784876,3.134298549788783,4.555628810706207e-5,8.923419046520514e-5,0.0016938264909405719,-0.011301240147565547,0,1437139,0.01,-0.0143598453000002,0.0013264755000000185,0,-0.2718041666666668,0.10654583333333312,0,0,353,-1
2172,-576459461896,0.9687054660006726,3.1342990606144294,6.425180910997122e-5,4.861350080387686e-6,0.002946008769523639,0.009106706273970887,0,1437149,0.01,0.011970194699999756,0.0031217055000000186,0,-0.2193041666666668,-0.16470416666666676,0,0,353,-1
2173,-576459461887,0.9687061770390637,3.1342995211100866,8.141026950563974e-5,8.914313590405647e-5,-0.005821126500918941,0.004270968752257707,0,1437159,0.01,0.003592454699999784,-0.00705126449999998,0,-0.13180416666666678,-0.15595416666666684,0,0,353,-1
2174,-576459461875,0.9687067375422113,3.1343006631780144,2.9048643307866128e-5,1.3764489309057222e-4,-0.0016521269338413405,0.00839893916609384,0,1437169,0.01,0.008978144699999758,-0.0010671644999999759,0,-0.3418041666666668,-0.08595416666666678,0,0,353,-1
2175,-576459461866,0.9703457993207417,3.135499028424197,4.836055584858211e-4,7.997849441767848e-4,-0.006911639133243992,0.001560181966732051,0,1437180,0.011,6.004046999997868e-4,-0.007649674499999982,0,-0.15805416666666677,0.027795833333333242,0,1,354,2
2176,-576459461855,0.9703507957296413,3.1355078999679744,4.2113915184854357e-4,8.140319330988793e-4,0.0018871290151440756,-3.310517178526126e-4,0,1437191,0.011,-5.964153000002189e-4,0.0031217055000000186,0,-0.22805416666666678,-0.11220416666666677,0,0,354,-1
2177,-576459461795,0.9703551411093027,3.135516036281225,4.4601945610434e-4,8.126266720508738e-4,0.00611845753914354,0.001010568688974339,0,1437201,0.01,0.0011988146999997726,0.0067121655000000275,0,-0.1493041666666668,-0.11220416666666677,0,0,354,-1
2178,-576459461772,0.9703598644376985,3.1355241908215756,5.005614090134584e-4,8.192772109687434e-4,0.0013913389645264507,-0.0014482346447388555,0,1437211,0.01,-0.0017932353000002248,7.280655000000242e-4,0,-0.3680541666666668,0.0015458333333331353,0,0,354,-1
2179,-576459461771,0.9703649815939864,3.1355322565345265,5.210231364574055e-4,7.962691825820679e-4,0.006057451886463218,-0.007523333460658554,0,1437221,0.01,-0.008375745300000206,0.0067121655000000275,0,-0.07930416666666679,0.22904583333333317,0,0,354,-1
2180,-576459461771,0.9703704479849837,3.1355398174797644,5.743034942277093e-4,7.170415770315867e-4,8.590551462048634e-4,-0.010369967217998408,0,1437231,0.01,-0.010769385300000217,1.2965550000002132e-4,0,-0.22805416666666678,-0.007204166666666678,0,0,354,-1
2181,-576459461771,0.9703762235107292,3.135546518114299,5.812602065406395e-4,6.20950056831941e-4,-3.053710395996075e-4,-0.004947688385236882,0,1437241,0.01,-0.004186875300000202,-4.6875449999998157e-4,0,-0.15805416666666677,-0.12970416666666673,0,0,354,-1
2182,-576459461771,0.9703820148421445,3.135552472080376,5.772691291466726e-4,5.702003499265211e-4,-9.734278322281061e-4,-0.005854823038183732,0,1437251,0.01,-0.0059821053000002275,-0.0010671644999999759,0,-0.1930541666666668,-0.033454166666666785,0,0,354,-1
2183,-576459461771,0.9703877475531041,3.1355579369174817,0.0,0.0,0.0,0.0,1,1437261,0.01,0.0011988146999997726,1.2965550000002132e-4,0,-0.2105541666666668,-0.05970416666666678,0,0,354,-1
2184,-576459461771,0.9703877322909416,3.135557909518701,0.0,0.0,0.0,0.0,1,1437272,0.011,-0.0029900553000002305,-0.0016655744999999789,0,-0.20180416666666678,-0.1734541666666668,0,0,354,-1
2185,-576459461670,0.9688033432988268,3.1363650417888653,-4.716460847301236e-4,4.1482511934159126e-4,0.0016879817445698809,0.007873527732313966,0,1437282,0.01,0.008978144699999758,0.0019248855000000215,0,-0.2543041666666668,-0.007204166666666678,0,1,355,1
2186,-576459461669,0.9687987451228035,3.1363695313994784,-4.4931360161196924e-4,4.853367426924227e-4,0.005569175760588908,0.0020201204613571585,0,1437292,0.01,0.0011988146999997726,0.0061137555000000164,0,-0.13180416666666678,-0.07720416666666674,0,0,355,-1
2187,-576459461668,0.9687940787550035,3.13637497380331,-3.9693594450635643e-4,5.048566387409958e-4,-2.505804065883917e-4,2.503197301395308e-4,0,1437303,0.011,1.9946999997669246e-6,-0.0010671644999999759,0,-0.22805416666666678,-0.08595416666666678,0,0,355,-1
2188,-576459461668,0.9687901342049787,3.1363800670817175,-3.937588035630371e-4,5.122609897810423e-4,0.0037563091189939737,0.003705991077580152,0,1437313,0.01,0.00419086469999977,0.004318525500000016,0,-0.2893041666666668,0.1502958333333333,0,0,355,-1
2189,-576459461668,0.9687863604125952,3.136385298154193,-3.599268433000621e-4,5.373840974213065e-4,0.0011006828573303642,-0.004790010698650108,0,1437323,0.01,-0.0059821053000002275,7.280655000000242e-4,0,-0.2980541666666668,-0.13845416666666677,0,0,355,-1
2190,-576459461668,0.9687828037999191,3.1363904938898717,-3.508514818430828e-4,4.990636321401949e-4,-2.756393896713649e-4,0.002036237298453423,0,1437333,0.01,0.0029940446999997643,-4.6875449999998157e-4,0,-0.2543041666666668,-0.15595416666666684,0,0,355,-1
2191,-576459461667,0.9687793224214648,3.1363956033168723,-3.472184211728731e-4,5.220772704765033e-4,0.004278002911818084,0.003925743504545071,0,1437343,0.01,0.00419086469999977,0.004916935500000019,0,-0.10555416666666678,0.0715458333333332,0,0,355,-1
2192,-576459461667,0.9687760267373986,3.1364010696147626,-3.102791658106933e-4,5.690242257543691e-4,1.1532142823311806e-4,0.009406014582308546,0,1437353,0.01,0.010174964699999765,-4.6875449999998157e-4,0,-0.2718041666666668,-0.1472041666666668,0,0,355,-1
2193,-576459461667,0.9687730052617657,3.1364071560644002,-2.9732706772715777e-4,6.515129706395116e-4,0.008524327479653305,0.001159134440953639,0,1437363,0.01,1.9946999997669246e-6,0.009704215500000024,0,-0.2543041666666668,0.06279583333333316,0,0,355,-1
2194,-576459461666,0.9687703967816609,3.1364136445970696,-2.2167688718070636e-4,6.498992422401887e-4,0.0016873748890109796,-0.008252058068661467,0,1437373,0.01,-0.00957256530000021,7.280655000000242e-4,0,-0.33305416666666676,0.14154583333333326,0,0,355,-1
2195,-576459461662,0.9687682473936589,3.1364197488712633,-2.0745619841318856e-4,5.701717783309793e-4,-2.0344848896561947e-4,-0.006261416976451226,0,1437383,0.01,-0.0059821053000002275,-4.6875449999998157e-4,0,-0.16680416666666678,-0.05970416666666678,0,0,355,-1
2196,-576459461651,0.970517391275811,3.1354913084861824,3.270786560197026e-4,4.109115601371908e-5,0.007960395583310562,-0.0018184162680537198,0,1437394,0.011,-0.0011948253000002049,0.009105805500000022,0,-0.07055416666666678,0.06279583333333316,0,1,357,1
2197,-576459461641,0.9705214034499041,3.135491695407248,4.048677227043754e-4,2.7593065086943693e-5,0.0016179845626864142,0.0024018841231676974,0,1437405,0.011,0.0029940446999997643,7.280655000000242e-4,0,-0.20180416666666678,0.027795833333333242,0,0,357,-1
2198,-576459461631,0.9705255750201686,3.1354921552989916,4.273918148497387e-4,6.129235666745835e-5,0.006085340027069674,0.009218507721212296,0,1437415,0.01,0.010174964699999765,0.0067121655000000275,0,-0.2980541666666668,0.11529583333333315,0,0,357,-1
2199,-576459461621,0.9705301058922519,3.1354931132265578,4.8090596742981855e-4,1.3548302470348087e-4,8.624867080476587e-4,-0.0035869328906492203,0,1437425,0.01,-0.005383695300000208,1.2965550000002132e-4,0,-0.2368041666666668,-0.04220416666666682,0,0,357,-1
2200,-576459461610,0.9705349617364307,3.135494288698102,4.901018651679496e-4,9.961180987670443e-5,0.0012693829079761234,-0.003588276741088002,0,1437435,0.01,-0.0035884653000002164,0.0013264755000000185,0,-0.3943041666666668,0.019045833333333206,0,0,357,-1
2201,-576459461600,0.9755483331571524,3.1389815146160274,0.0019641415772146164,0.0017484415610917944,2.700400740848725e-4,0.0027093955763913616,0,1437446,0.011,0.003592454699999784,1.2965550000002132e-4,0,-0.12305416666666678,-0.10345416666666674,0,1,358,2
2202,-576459461588,0.9755698804436369,3.1390009086809627,0.0019564073549732525,0.0017778209384943916,-0.006675174596194204,0.002434242144881522,0,1437457,0.011,0.0023956346999997784,-0.007649674499999982,0,-0.13180416666666678,0.019045833333333206,0,0,358,-1
2203,-576459461579,0.9755891369709737,3.1390189016299286,0.0018936586743809817,0.0018162749751057126,-0.003856324227413386,0.012371152696045374,0,1437467,0.01,0.013765424699999782,-0.003460804499999987,0,-0.061804166666666785,-0.02470416666666675,0,0,358,-1
2204,-576459461568,0.9756079314328259,3.139037527744667,0.0018629571023730947,0.0019158947903008428,0.0017383001882981708,-0.004773339978925963,0,1437477,0.01,-0.007178925300000199,0.002523295500000016,0,-0.16680416666666678,0.18529583333333322,0,0,358,-1
2205,-576459461559,0.9756265833013743,3.1390564856958387,0.0,0.0,0.0,0.0,1,1437487,0.01,1.9946999997669246e-6,-0.006452854499999985,0,-0.1930541666666668,0.019045833333333206,0,0,358,-1
2206,-576459461549,0.9756265701759783,3.1390565092898997,0.0,0.0,0.0,0.0,1,1437497,0.01,0.0029940446999997643,-0.0016655744999999789,0,-0.22805416666666678,-0.007204166666666678,0,0,358,-1
2207,-576459461538,0.9756265664826147,3.139056518735466,0.0,0.0,0.0,0.0,1,1437507,0.01,0.0011988146999997726,-4.6875449999998157e-4,0,-0.07055416666666678,-0.13845416666666677,0,0,358,-1
2208,-576459461527,0.9766987775386303,3.1384938308883767,3.215573996334352e-4,-2.820263125915366e-4,4.362288291147183e-8,-1.0174890252428466e-7,1,1437518,0.011,-0.018548715300000202,0.0037201155000000214,0,-0.2455541666666668,0.0015458333333331353,0,1,359,1
2209,-576459461517,0.9767023881990728,3.138490672668967,0.0,0.0,0.0,0.0,1,1437529,0.011,-0.0059821053000002275,0.007908985500000024,0,-0.20180416666666678,0.06279583333333316,0,0,359,-1
2210,-576459461506,0.9767024482189672,3.1384906530531644,0.0,0.0,0.0,0.0,1,1437539,0.01,-0.0023916453000002104,0.007310575500000022,0,-0.07930416666666679,0.019045833333333206,0,0,359,-1
2211,-576459461466,0.9767025157564733,3.1384906530732257,0.0,0.0,0.0,0.0,1,1437549,0.01,1.9946999997669246e-6,0.00850739550000002,0,-0.20180416666666678,0.01029583333333317,0,0,359,-1
2212,-576459461465,0.9767025498231241,3.1384906530892263,0.0,0.0,0.0,0.0,1,1437559,0.01,1.9946999997669246e-6,0.004318525500000016,0,-0.061804166666666785,0.03654583333333328,0,0,359,-1
2213,-576459461465,0.9767025744232719,3.138490667251978,3.841262668852019e-6,2.211487319062391e-6,0.0027375879057359095,0.0015760809604266806,0,1437569,0.01,0.0017972246999997925,0.0031217055000000186,0,-0.10555416666666678,-0.3047041666666668,0,0,359,-1
2214,-576459461464,0.9767027055925092,3.1384907180491273,2.432649253849932e-5,1.0144782473284088e-5,-0.0021733314959425567,-0.0040025360290686625,0,1437579,0.01,-0.004785285300000222,-0.0028623944999999844,0,-5.54166666666786e-4,0.21154583333333332,0,0,359,-1
2215,-576459461363,0.9737317312277325,3.136456817319567,-8.521617403939802e-4,-9.963735511586992e-4,0.004044422331140481,0.002657648426131023,0,1437589,0.01,0.003592454699999784,0.004916935500000019,0,-0.061804166666666785,-0.09470416666666681,0,1,360,2
2216,-576459461363,0.9737233152990556,3.136446994050333,-8.268430294432504e-4,-9.686467080889605e-4,-0.006735524089847309,0.0034774292637404494,0,1437599,0.01,0.003592454699999784,-0.008248084499999976,0,-0.12305416666666678,0.0977958333333333,0,0,360,-1
2217,-576459461362,0.9737147972280963,3.136437435241908,-8.805965428530327e-4,-9.410941425689048e-4,0.0029583539734648447,-0.0016694712185627084,0,1437609,0.01,-0.0023916453000002104,0.004318525500000016,0,-0.13180416666666678,-0.007204166666666678,0,0,360,-1
2218,-576459461362,0.9737061593106551,3.1364280011332033,0.0,0.0,0.0,0.0,1,1437619,0.01,0.005986094699999761,0.005515345500000013,0,-0.12305416666666678,0.0015458333333331353,0,0,360,-1
2219,-576459461362,0.9737060943250172,3.1364280200081005,0.0,0.0,0.0,0.0,1,1437629,0.01,0.0023956346999997784,-0.008248084499999976,0,-0.08805416666666678,-0.09470416666666681,0,0,360,-1
2220,-576459461361,0.9737061472093083,3.1364280105942073,0.0,0.0,0.0,0.0,1,1437639,0.01,-0.0011948253000002049,0.0067121655000000275,0,-0.07055416666666678,0.0015458333333331353,0,0,360,-1
2221,-576459461361,0.9737061812344107,3.1364280436134924,0.0,0.0,0.0,0.0,1,1437649,0.01,0.00419086469999977,0.004318525500000016,0,-0.22805416666666678,-0.08595416666666678,0,0,360,-1
2222,-576459461361,0.9737061879058957,3.1364280162147145,0.0,0.0,0.0,0.0,1,1437660,0.011,-0.0029900553000002305,7.280655000000242e-4,0,-0.02680416666666678,-0.08595416666666678,0,0,360,-1
2223,-576459461361,0.9737062671863906,3.1364280015645263,0.0,0.0,0.0,0.0,1,1437670,0.01,-0.0017932353000002248,0.009704215500000024,0,-0.061804166666666785,-0.05970416666666678,0,0,360,-1
2224,-576459461360,0.9737063061825932,3.136428053786216,6.0581920922596185e-6,8.112816266351348e-6,0.004311919608715018,0.005774298835037626,0,1437680,0.01,0.006584504699999782,0.004916935500000019,0,-0.2630541666666668,0.0715458333333332,0,0,360,-1
2225,-576459461317,0.9737066296109811,3.1364283969807873,5.654999744472835e-5,6.169776865929346e-5,0.009565485005836106,0.0028113703737771916,0,1437690,0.01,0.0023956346999997784,0.01030262550000002,0,-0.2105541666666668,-0.04220416666666682,0,0,360,-1
2226,-576459461316,0.9739655550264202,3.1362937599981087,2.290893023603283e-4,1.819349474742912e-5,0.002865051414412735,-0.001226674923348701,0,1437701,0.011,-0.0017932353000002248,0.0019248855000000215,0,-0.2193041666666668,-0.2259541666666668,0,1,361,1
2227,-576459461316,0.9739681958767473,3.1362939759368658,2.528638301777991e-4,1.7684214936310326e-5,-0.00215764744876498,0.007197691437398853,0,1437712,0.011,0.008379734699999773,-0.0028623944999999844,0,-0.2630541666666668,0.08904583333333327,0,0,361,-1
2228,-576459461315,0.9739706550253625,3.13629448306926,2.371169030604781e-4,8.51712470340447e-5,0.0019473178671428047,0.004036069532444021,0,1437722,0.01,0.003592454699999784,0.002523295500000016,0,-0.18430416666666677,0.13279583333333322,0,0,361,-1
2229,-576459461314,0.9739730758953185,3.1362956043173127,2.4918818895764734e-4,1.3604665041005043e-4,-0.0033201265998965336,0.011518698845160037,0,1437732,0.01,0.012568604699999776,-0.004059214499999982,0,-0.2193041666666668,0.027795833333333242,0,0,361,-1
2230,-576459461304,0.9702767795281195,3.1337817694609957,-8.531390143623103e-4,-9.589864591451707e-4,-0.0018692562324229727,0.007191314125554606,0,1437742,0.01,0.006584504699999782,-0.0016655744999999789,0,-0.10555416666666678,-0.12095416666666681,0,1,362,2
2231,-576459461293,0.9702671916375903,3.133771601510916,-8.870434918916731e-4,-8.879020574564625e-4,-0.010611849981289723,0.0019361758838175903,0,1437753,0.011,0.0011988146999997726,-0.011838544499999977,0,-0.1755541666666668,0.13279583333333322,0,0,362,-1
2232,-576459461283,0.9702578586856779,3.1337628669675577,0.0,0.0,0.0,0.0,1,1437763,0.01,0.007781324699999787,-0.002263984499999973,0,-0.14055416666666679,0.027795833333333242,0,0,362,-1
2233,-576459461273,0.970257797998482,3.133762957145588,0.0,0.0,0.0,0.0,1,1437773,0.01,0.011371784699999771,-0.007649674499999982,0,-0.1930541666666668,-0.19095416666666676,0,0,362,-1
2234,-576459461259,0.9709302744827302,3.133423936381121,1.8670832383275358e-4,-1.5894215869049097e-4,-0.010381814444179873,0.008398118894819206,0,1437784,0.011,0.00957655469999978,-0.011838544499999977,0,-0.3243041666666668,0.03654583333333328,0,1,363,1
2235,-576459461251,0.9709317580649675,3.133422589271102,8.10539199340494e-5,-8.19555444171652e-5,-0.00483719367839616,-0.0015887706256935037,0,1437795,0.011,-0.0029900553000002305,-0.004059214499999982,0,-0.4118041666666668,0.03654583333333328,0,0,363,-1
2236,-576459461241,0.9709323921121156,3.1334216787957563,4.2593875454214707e-5,-9.958837255253436e-5,0.002142384034411326,-0.002817630931982732,0,1437805,0.01,-0.0029900553000002305,0.0031217055000000186,0,-0.2630541666666668,-0.09470416666666681,0,0,363,-1
2237,-576459461231,0.9709329187166766,3.1334206309211443,6.301227196260233e-5,-1.1396607701827826e-4,0.0014268708843108162,0.007001928514037414,0,1437815,0.01,0.008379734699999773,0.0013264755000000185,0,-0.14055416666666679,0.08029583333333323,0,0,363,-1
2238,-576459461220,0.9709336288311861,3.1334198144613064,7.863034954228791e-5,-4.814282876069012e-5,0.0023883833548055114,0.004011981423181904,0,1437825,0.01,0.003592454699999784,0.002523295500000016,0,-0.14055416666666679,-0.02470416666666675,0,0,363,-1
2239,-576459461209,0.9709347053100326,3.1334194524743286,1.1469413462598989e-4,-1.4984448464985257e-5,0.008804021729750994,-0.003178027694028143,0,1437836,0.011,-0.004186875300000202,0.009704215500000024,0,-0.3593041666666668,-0.12095416666666681,0,0,363,-1
2240,-576459461198,0.9710818343526517,3.133516441074984,2.442799916973845e-4,3.375669313306724e-6,0.0027713495682385337,0.0011850492623424584,0,1437847,0.011,0.0017972246999997925,0.0019248855000000215,0,-0.3943041666666668,-0.050954166666666745,0,1,364,2
2241,-576459461188,0.9710848118356875,3.1335165327575374,2.9224518656568755e-4,1.4000283283927996e-5,0.014098917051330569,-3.772108036304183e-4,0,1437858,0.011,-5.964153000002189e-4,0.01568831550000002,0,-0.15805416666666677,0.04529583333333331,0,0,364,-1
2242,-576459461178,0.9710883587182694,3.1335166767265563,4.2105203812545624e-4,1.3681992759808574e-5,0.005521976778045969,0.0020544434043697204,0,1437868,0.01,0.0023956346999997784,0.004318525500000016,0,-0.2893041666666668,0.18529583333333322,0,0,364,-1
2243,-576459461168,0.9710928310319873,3.1335169094761626,4.740513135275724e-4,3.3172008209356e-5,0.00394182975822222,0.001304097546029259,0,1437878,0.01,0.0011988146999997726,0.0037201155000000214,0,-0.15805416666666677,0.054045833333333126,0,0,364,-1
2244,-576459461156,0.9710977952123979,3.1335172866878978,5.176155344601328e-4,4.313755363583412e-5,0.006896060258245429,-8.873394619323763e-4,0,1437888,0.01,-0.0011948253000002049,0.007310575500000022,0,-0.061804166666666785,-0.05970416666666678,0,0,364,-1
2245,-576459461148,0.971103319436958,3.1335177514399777,5.870861986449672e-4,4.64036536562889e-5,0.007259570497302433,0.00776422300157817,0,1437898,0.01,0.008978144699999758,0.007310575500000022,0,-0.035554166666666775,0.06279583333333316,0,0,364,-1
2246,-576459461138,0.971109492385296,3.1335185661029987,6.50172377619746e-4,1.1817628908851044e-4,4.821954232567009e-4,0.003581002506690094,0,1437908,0.01,0.0029940446999997643,-4.6875449999998157e-4,0,-0.2368041666666668,0.08029583333333323,0,0,364,-1
