1,-576452111192,0.9000000926163095,3.150011352974039,-8.010672158739052e-5,3.5589350853802964e-4,-0.0033813127282033987,0.012136311996689122,0,8855163,0.033,0.012434959799999975,-0.0035126667000000707,0,0.09030000000000014,0.13463333333333383,0,1,32,2
2,-576452111180,0.8999988168949395,3.1500173987431337,-1.2398662369546084e-4,5.435171279012179e-4,-0.004022286835302189,0.02028265019367851,0,8855175,0.012,0.021411109799999967,-0.0041110767000000735,0,-0.20719999999999986,-0.07536666666666614,0,0,32,-1
3,-576452111168,0.8999971161669753,3.150025094932541,-1.6687234812822523e-4,7.668158627934974e-4,-0.0014762046091904481,0.010776485044371526,0,8855187,0.012,0.009442909799999977,-0.0011190267000000594,0,-0.04094999999999985,0.03838333333333388,0,0,32,-1
4,-576452111157,0.8999951000538029,3.1500341728514014,-1.9361358729394682e-4,8.843168813828243e-4,-0.007985082886095136,0.010131779704153994,0,8855198,0.011,0.010041319799999962,-0.008898356700000063,0,-0.005949999999999844,-0.04911666666666614,0,0,32,-1
5,-576452111146,0.899992543648466,3.1500445064514913,0.0,0.0,0.0,0.0,1,8855209,0.011,0.009442909799999977,-0.002315846700000065,0,0.0028000000000001357,0.06463333333333399,0,0,32,-1
6,-576452111135,0.8999925903320194,3.150044688936527,0.0,0.0,0.0,0.0,1,8855220,0.011,0.01901746979999997,0.004865073299999936,0,-0.014699999999999852,0.08213333333333384,0,0,32,-1
7,-576452111123,0.9000209316115805,3.149982150091743,2.353152585313158e-4,-4.950352166299863e-4,-9.782804117848657e-4,0.017720214663644922,0,8855232,0.012,0.02021428979999997,-0.0011190267000000594,0,-0.05844999999999986,0.41463333333333385,0,1,33,1
8,-576452111111,0.9000236833787947,3.149977574350791,2.233683868262009e-4,-2.707723194869548e-4,-0.0011017082419006179,0.024630395568515043,0,8855244,0.012,0.02559997979999996,-0.0011190267000000594,0,-0.03219999999999984,0.012133333333333995,0,0,33,-1
9,-576452111100,0.9000261210549619,3.1499759947756507,2.1777696420344035e-4,-1.2432173147976956e-5,0.0030813221650120392,0.01655946204461415,0,8855255,0.011,0.015427009799999964,0.0036682532999999466,0,0.06405000000000015,0.012133333333333995,0,0,33,-1
10,-576452111088,0.9000289099900165,3.149976985874122,2.486066165228831e-4,1.7937051122509192e-4,-6.021848963454878e-4,0.012417691643560082,0,8855267,0.012,0.01183654979999997,-0.0011190267000000594,0,0.14280000000000015,-0.014116666666666111,0,0,33,-1
11,-576452111077,0.9000316975722941,3.149979645463224,2.543647033692011e-4,3.069902744954098e-4,0.0073410050643600185,0.006660285421492893,0,8855278,0.011,0.005852449799999977,0.008455533299999936,0,0.17780000000000015,0.06463333333333399,0,0,33,-1
12,-576452111066,0.9000349044845518,3.1499834806961533,0.0,0.0,0.0,0.0,1,8855289,0.011,0.012434959799999975,0.0036682532999999466,0,-0.04094999999999985,0.047133333333333916,0,0,33,-1
13,-576452111055,0.8999948983653996,3.149829007211302,-2.3523804463128475e-4,-9.089692176389582e-4,-1.4285783998995694e-6,-5.5354702915863904e-6,1,8855300,0.011,0.016623829799999962,0.002471433299999941,0,0.06405000000000015,0.14338333333333386,0,1,34,2
14,-576452111043,0.899991984581669,3.1498182810745035,0.0,0.0,0.0,0.0,1,8855312,0.012,0.016623829799999962,-0.00829994670000006,0,0.055300000000000155,0.1258833333333338,0,0,34,-1
15,-576452111031,0.899992126851307,3.1498183917929237,0.0,0.0,0.0,0.0,1,8855323,0.011,0.011238139799999968,0.014439633299999938,0,0.13405000000000014,0.05588333333333395,0,0,34,-1
16,-576452111021,0.899992190727997,3.149818562704168,0.0,0.0,0.0,0.0,1,8855334,0.011,0.017820649799999966,0.006660303299999944,0,-0.05844999999999986,0.10838333333333394,0,0,34,-1
17,-576452111011,0.8999921172345036,3.1498187384715304,0.0,0.0,0.0,0.0,1,8855345,0.011,0.01841905979999997,-0.007701536700000057,0,0.07280000000000016,0.0733833333333338,0,0,34,-1
18,-576452110999,0.8999921326593313,3.149818781739895,0.0,0.0,0.0,0.0,1,8855355,0.01,0.005254039799999974,0.001873023299999938,0,-0.15469999999999987,0.03838333333333388,0,0,34,-1
19,-576452110987,0.9000797035922734,3.149626306608784,3.864258600794505e-4,-8.510873760228895e-4,1.754386205469009e-6,-3.884463721492003e-6,1,8855367,0.012,0.019615879799999965,0.005463483299999938,0,0.02030000000000015,0.00338333333333396,0,1,35,1
20,-576452110976,0.9000842746147173,3.149616172285809,0.0,0.0,0.0,0.0,1,8855379,0.012,0.007049269799999965,-0.005906306700000065,0,-0.014699999999999852,0.00338333333333396,0,0,35,-1
21,-576452110965,0.9000842220672913,3.14961636057259,0.0,0.0,0.0,0.0,1,8855390,0.011,0.01901746979999997,-0.005307896700000063,0,0.16905000000000014,0.029633333333333844,0,0,35,-1
22,-576452110954,0.9000842687663431,3.149616462698976,0.0,0.0,0.0,0.0,1,8855401,0.011,0.010639729799999966,0.004865073299999936,0,0.10780000000000015,0.03838333333333388,0,0,35,-1
23,-576452110943,0.9000842923535715,3.1496165413988564,0.0,0.0,0.0,0.0,1,8855412,0.011,0.00824608979999997,0.002471433299999941,0,-0.014699999999999852,0.16088333333333393,0,0,35,-1
24,-576452110932,0.9000843159187755,3.149616665672394,0.0,0.0,0.0,0.0,1,8855423,0.011,0.013033369799999969,0.002471433299999941,0,-0.13719999999999985,-0.03161666666666607,0,0,35,-1
25,-576452110920,0.9001943171269414,3.1500348517095587,3.84666504233191e-4,0.001488240505134573,-9.800150093043658e-4,0.01143475586667761,0,8855435,0.012,0.013033369799999969,-0.0011190267000000594,0,0.2740500000000001,-0.18036666666666612,0,1,36,2
26,-576452110910,0.9001985114119823,3.1500518474798254,3.7696806476060317e-4,0.0016047575058181186,9.97187257730469e-4,0.005489783308863586,0,8855446,0.011,0.004655629799999971,0.0012746132999999521,0,0.20405000000000015,-0.014116666666666111,0,0,36,-1
27,-576452110898,0.9002026808681508,3.1500699788678914,3.826364839301355e-4,0.0016859099341033368,-0.0024329638800535194,0.01892725550690338,0,8855457,0.011,0.020812699799999973,-0.002914256700000068,0,0.08155000000000015,-0.05786666666666607,0,0,36,-1
28,-576452110885,0.9002072034600475,3.150091540773442,3.6760655008369076e-4,0.0019087955944843658,0.0060661780903888945,0.016382482998525717,0,8855469,0.012,0.016025419799999965,0.007258713299999947,0,0.23905000000000015,0.012133333333333995,0,0,36,-1
29,-576452110875,0.9002115964032749,3.1501135074563598,4.318748905245057e-4,0.002086061103413509,0.004488088829130382,0.014495023777954873,0,8855480,0.011,0.014230189799999966,0.00426666329999995,0,-0.10219999999999987,0.1258833333333338,0,0,36,-1
30,-576452110864,0.9002164901683614,3.1501373514946116,0.0,0.0,0.0,0.0,1,8855491,0.011,0.016623829799999962,-0.008898356700000063,0,0.07280000000000016,-0.05786666666666607,0,0,36,-1
31,-576452110852,0.900483824266636,3.149559261032095,7.800120191867889e-4,-0.0016889268449830483,2.091785095054272e-6,-4.632731379104043e-6,1,8855503,0.012,0.01183654979999997,0.002471433299999941,0,0.13405000000000014,0.06463333333333399,0,1,37,1
32,-576452110840,0.9004932598499279,3.1495392413124748,0.0,0.0,0.0,0.0,1,8855515,0.012,0.02200951979999997,0.006660303299999944,0,0.02030000000000015,-0.022866666666666147,0,0,37,-1
33,-576452110828,0.9004933014439838,3.1495393957795907,0.0,0.0,0.0,0.0,1,8855527,0.012,0.013631779799999962,0.0036682532999999466,0,-0.014699999999999852,0.0733833333333338,0,0,37,-1
34,-576452110814,0.900493379398256,3.149539525083178,0.0,0.0,0.0,0.0,1,8855538,0.011,0.013033369799999969,0.007857123299999942,0,0.09905000000000015,0.029633333333333844,0,0,37,-1
35,-576452110805,0.9004933934333046,3.1495396949484205,0.0,0.0,0.0,0.0,1,8855550,0.012,0.015427009799999964,0.0012746132999999521,0,-0.10219999999999987,-0.12786666666666613,0,0,37,-1
36,-576452110794,0.9004678252319955,3.149446536264171,-6.548727561663808e-5,-2.390814415143543e-4,-1.1212148930702791e-7,-4.3413771399787317e-7,1,8855560,0.01,0.016025419799999965,0.005463483299999938,0,-0.02344999999999986,0.09088333333333387,0,1,38,2
38,-576452110772,0.9004671682113545,3.149444181649194,0.0,0.0,0.0,0.0,1,8855583,0.011,0.03637135979999996,0.007857123299999942,0,0.15155000000000016,0.00338333333333396,0,0,38,-1
39,-576452110761,0.9004672779096189,3.1494443466785182,0.0,0.0,0.0,0.0,1,8855594,0.011,0.017222239799999962,0.011447583299999934,0,0.02905000000000016,0.05588333333333395,0,0,38,-1
40,-576452110750,0.9004672786515583,3.1494445395518915,0.0,0.0,0.0,0.0,1,8855605,0.011,0.02021428979999997,7.779329999994643e-5,0,-0.11969999999999983,0.0996333333333339,0,0,38,-1
41,-576452110737,0.9004673820948296,3.14944472658272,0.0,0.0,0.0,0.0,1,8855616,0.011,0.019615879799999965,0.010849173299999938,0,-0.07594999999999988,-0.11036666666666606,0,0,38,-1
42,-576452110728,0.900467434181599,3.1494449192980625,0.0,0.0,0.0,0.0,1,8855627,0.011,0.02021428979999997,0.005463483299999938,0,0.09905000000000015,0.00338333333333396,0,0,38,-1
43,-576452110717,0.9014857380439456,3.1473214936250558,0.002233811746127168,-0.004671247336309202,3.534925068519579e-6,-7.828546463075146e-6,1,8855638,0.011,0.01183654979999997,-5.206167000000564e-4,0,-0.07594999999999988,-0.04036666666666611,0,1,39,1
44,-576452110681,0.9015126430359695,3.1472654695228073,0.0,0.0,0.0,0.0,1,8855650,0.012,0.0028603997999999626,0.009053943299999938,0,0.06405000000000015,0.047133333333333916,0,0,39,-1
45,-576452110681,0.9015126615008406,3.1472655212671214,0.0,0.0,0.0,0.0,1,8855661,0.011,0.005254039799999974,0.001873023299999938,0,-0.16344999999999985,-0.005366666666666076,0,0,39,-1
46,-576452110680,0.9015126335570615,3.1472656979062186,0.0,0.0,0.0,0.0,1,8855672,0.011,0.01841905979999997,-0.002914256700000068,0,-0.03219999999999984,0.0733833333333338,0,0,39,-1
47,-576452110672,0.9015126628519904,3.1472657994371787,0.0,0.0,0.0,0.0,1,8855683,0.011,0.010639729799999966,0.0030698432999999438,0,-0.05844999999999986,0.012133333333333995,0,0,39,-1
48,-576452110660,0.9015126807110497,3.1472659351197643,0.0,0.0,0.0,0.0,1,8855694,0.011,0.014230189799999966,0.001873023299999938,0,-0.17219999999999988,0.012133333333333995,0,0,39,-1
49,-576452110649,0.9014918791119868,3.1471961270439124,-4.0469043209160325e-5,-1.3718117266620065e-4,-5.9421781067033255e-8,-2.29622100327913e-7,1,8855706,0.012,0.011238139799999968,-0.0041110767000000735,0,-0.18969999999999984,-0.0666166666666661,0,1,40,2
50,-576452110637,0.9014914548268902,3.1471946067219507,0.0,0.0,0.0,0.0,1,8855718,0.012,0.011238139799999968,0.005463483299999938,0,0.055300000000000155,0.0996333333333339,0,0,40,-1
51,-576452110626,0.9014914733600193,3.147194729865861,0.0,0.0,0.0,0.0,1,8855729,0.011,0.012434959799999975,0.001873023299999938,0,-0.11969999999999983,0.012133333333333995,0,0,40,-1
52,-576452110614,0.9014915071529109,3.147194879929475,0.0,0.0,0.0,0.0,1,8855741,0.012,0.013631779799999962,0.0030698432999999438,0,0.02030000000000015,0.08213333333333384,0,0,40,-1
53,-576452110604,0.901491478407318,3.147195026190972,0.0,0.0,0.0,0.0,1,8855752,0.011,0.014828599799999969,-0.002914256700000068,0,0.02905000000000016,0.012133333333333995,0,0,40,-1
54,-576452110591,0.9016365645840019,3.146911952153225,2.600200146950655e-4,-5.10692815792255e-4,3.1351202405938213e-7,-6.943151885159073e-7,1,8855763,0.011,0.017820649799999966,0.002471433299999941,0,0.12530000000000016,-0.04036666666666611,0,1,41,1
55,-576452110580,0.9016396011495885,3.1469060176887336,0.0,0.0,0.0,0.0,1,8855775,0.012,0.017820649799999966,-0.007701536700000057,0,0.23905000000000015,-0.19786666666666608,0,0,41,-1
56,-576452110569,0.9016396137479141,3.146906122459807,0.0,0.0,0.0,0.0,1,8855786,0.011,0.010639729799999966,0.0012746132999999521,0,0.16030000000000016,0.16088333333333393,0,0,41,-1
57,-576452110558,0.9016396489351887,3.1469062474510934,0.0,0.0,0.0,0.0,1,8855797,0.011,0.013033369799999969,0.0036682532999999466,0,-0.07594999999999988,0.16088333333333393,0,0,41,-1
58,-576452110547,0.9016396211257349,3.146906314719367,0.0,0.0,0.0,0.0,1,8855808,0.011,0.007049269799999965,-0.002914256700000068,0,-0.05844999999999986,0.06463333333333399,0,0,41,-1
59,-576452110535,0.9016396593691931,3.1469064845406094,0.0,0.0,0.0,0.0,1,8855821,0.013,0.013631779799999962,0.0030698432999999438,0,-0.03219999999999984,0.10838333333333394,0,0,41,-1
60,-576452110498,0.9016145307770053,3.1468305059533184,-4.09427564709166e-5,-1.2508370751481242e-4,-4.2131709430278006e-8,-1.6276377775970155e-7,1,8855832,0.011,0.009442909799999977,0.007857123299999942,0,0.06405000000000015,-0.04911666666666614,0,1,42,2
61,-576452110497,0.9016140925677244,3.146829266105604,0.0,0.0,0.0,0.0,1,8855844,0.012,0.02380474979999997,0.004865073299999936,0,0.055300000000000155,-0.022866666666666147,0,0,42,-1
62,-576452110497,0.9016140992261018,3.1468293120138213,0.0,0.0,0.0,0.0,1,8855855,0.011,0.004655629799999971,6.762032999999493e-4,0,0.10780000000000015,0.047133333333333916,0,0,42,-1
63,-576452110488,0.901614059781388,3.1468294255545106,-5.57135538611452e-6,1.6040918834474468e-5,-0.0036052195998222364,0.010380093694975506,0,8855866,0.011,0.01183654979999997,-0.0041110767000000735,0,-0.2771999999999999,-0.04911666666666614,0,0,42,-1
64,-576452110477,0.9016137998937482,3.146830302725517,-3.9952143568529216e-5,1.322349692267658e-4,0.0017237172540572007,0.005360009921632118,0,8855878,0.012,0.004655629799999971,0.002471433299999941,0,0.02905000000000016,0.06463333333333399,0,0,42,-1
65,-576452110466,0.901613448485736,3.1468322338639814,-2.3240942269028423e-5,2.1231618508395718e-4,2.803198834890484e-4,0.018911287235301614,0,8855889,0.011,0.020812699799999973,7.779329999994643e-5,0,-0.16344999999999985,0.012133333333333995,0,0,42,-1
66,-576452110455,0.9030280109129656,3.1443157340797074,0.0021063781242392026,-0.003410277649132834,0.002728600938976205,0.016900863773273916,0,8855900,0.011,0.016623829799999962,0.0030698432999999438,0,0.08155000000000015,-0.08411666666666606,0,1,43,1
67,-576452110444,0.9030513778280745,3.1442792297007363,0.002140904889946656,-0.003226362981792622,0.005651740502829736,0.015608363628113596,0,8855911,0.011,0.015427009799999964,0.006061893299999941,0,0.02905000000000016,0.00338333333333396,0,0,43,-1
68,-576452110433,0.9030752279701985,3.1442446537679287,0.0,0.0,0.0,0.0,1,8855922,0.011,0.012434959799999975,0.0012746132999999521,0,-0.11969999999999983,0.05588333333333395,0,0,43,-1
69,-576452110422,0.9030752686652918,3.1442449206166976,0.0,0.0,0.0,0.0,1,8855933,0.011,0.027993619799999973,0.00426666329999995,0,0.0028000000000001357,0.029633333333333844,0,0,43,-1
70,-576452110411,0.9030753093419954,3.144245004934377,0.0,0.0,0.0,0.0,1,8855944,0.011,0.008844499799999975,0.00426666329999995,0,0.055300000000000155,0.00338333333333396,0,0,43,-1
71,-576452110400,0.9030753100838146,3.1442451634163824,0.0,0.0,0.0,0.0,1,8855955,0.011,0.016623829799999962,7.779329999994643e-5,0,0.23905000000000015,-0.04036666666666611,0,0,43,-1
72,-576452110387,0.9045437234654765,3.148076700675747,0.0020317082031138935,0.005419657995790488,1.5112931853811208e-6,5.823001242792997e-6,1,8855966,0.011,0.013631779799999962,0.009053943299999938,0,-0.09344999999999984,0.012133333333333995,0,1,44,2
73,-576452110375,0.9045681895267201,3.1481418520472118,0.0,0.0,0.0,0.0,1,8855978,0.012,0.010639729799999966,0.007857123299999942,0,0.10780000000000015,0.05588333333333395,0,0,44,-1
74,-576452110365,0.9045681961307055,3.148141968516364,0.0,0.0,0.0,0.0,1,8855989,0.011,0.01183654979999997,6.762032999999493e-4,0,-0.14594999999999983,0.08213333333333384,0,0,44,-1
75,-576452110355,0.9045682198240645,3.148142110708351,0.0,0.0,0.0,0.0,1,8856000,0.011,0.014828599799999969,0.002471433299999941,0,-0.04094999999999985,0.06463333333333399,0,0,44,-1
76,-576452110344,0.904568271958823,3.1481422978925364,0.0,0.0,0.0,0.0,1,8856011,0.011,0.019615879799999965,0.005463483299999938,0,-0.10219999999999987,0.05588333333333395,0,0,44,-1
77,-576452110333,0.9045683012291691,3.148142439280618,0.0,0.0,0.0,0.0,1,8856022,0.011,0.014828599799999969,0.0030698432999999438,0,0.03780000000000014,-0.022866666666666147,0,0,44,-1
78,-576452110322,0.9076783576461207,3.143206584312035,0.004045177894746798,-0.0065635326266194555,3.133178517685604e-6,-6.956291295155975e-6,1,8856033,0.011,0.016623829799999962,-0.005307896700000063,0,-0.12844999999999987,-0.16286666666666616,0,1,45,1
79,-576452110307,0.9077270263130255,3.143128073658902,0.0,0.0,0.0,0.0,1,8856045,0.012,0.023206339799999965,0.011447583299999934,0,-0.17219999999999988,0.11713333333333398,0,0,45,-1
80,-576452110299,0.9077270272093626,3.143128243137924,0.0,0.0,0.0,0.0,1,8856056,0.011,0.017222239799999962,7.779329999994643e-5,0,-0.014699999999999852,-0.08411666666666606,0,0,45,-1
81,-576452110286,0.9077269189306337,3.1431283910629095,0.0,0.0,0.0,0.0,1,8856067,0.011,0.015427009799999964,-0.011291996700000057,0,-0.02344999999999986,-0.005366666666666076,0,0,45,-1
82,-576452110277,0.907726862570819,3.14312854969544,0.0,0.0,0.0,0.0,1,8856078,0.011,0.016623829799999962,-0.005906306700000065,0,0.16905000000000014,0.00338333333333396,0,0,45,-1
83,-576452110266,0.9077267777265062,3.1431286283203805,0.0,0.0,0.0,0.0,1,8856089,0.011,0.00824608979999997,-0.008898356700000063,0,-0.02344999999999986,0.230883333333334,0,0,45,-1
84,-576452110255,0.9077268126983704,3.143128838151283,0.0,0.0,0.0,0.0,1,8856100,0.011,0.02200951979999997,0.0036682532999999466,0,-0.05844999999999986,0.03838333333333388,0,0,45,-1
85,-576452110244,0.9079813959051118,3.143690591777264,3.043468511238493e-4,6.969117524311721e-4,1.794172698023081e-7,6.870648300157574e-7,1,8856111,0.011,0.024403159799999963,0.006061893299999941,0,-0.014699999999999852,-0.04036666666666611,0,1,46,2
86,-576452110233,0.9079847886494948,3.14369849296777,0.0,0.0,0.0,0.0,1,8856122,0.011,0.025001569799999967,0.004865073299999936,0,-0.09344999999999984,0.08213333333333384,0,0,46,-1
87,-576452110221,0.907984861408469,3.143698648414294,0.0,0.0,0.0,0.0,1,8856134,0.012,0.014230189799999966,0.006660303299999944,0,0.14280000000000015,-0.04036666666666611,0,0,46,-1
88,-576452110210,0.9079848032071423,3.1436987591215453,0.0,0.0,0.0,0.0,1,8856145,0.011,0.011238139799999968,-0.005906306700000065,0,0.011550000000000143,0.14338333333333386,0,0,46,-1
89,-576452110198,0.9079848303920999,3.1436987840022868,0.0,0.0,0.0,0.0,1,8856157,0.012,0.0022619897999999593,0.002471433299999941,0,0.0028000000000001357,0.00338333333333396,0,0,46,-1
90,-576452110189,0.9113146325410084,3.1391054863650343,0.0038404126829647655,-0.0054752727914556395,0.005318268413696201,0.005652042443530239,0,8856167,0.01,0.006450859799999979,0.006061893299999941,0,0.25655000000000017,-0.03161666666666607,0,1,47,1
91,-576452110177,0.91135719004335,3.1390457230638016,0.003897503588752759,-0.005395166813753036,0.0043960605242546235,0.01737288936054524,0,8856178,0.011,0.01901746979999997,0.00426666329999995,0,0.09030000000000014,0.08213333333333384,0,0,47,-1
92,-576452110166,0.9114002705836751,3.138987442837859,0.003937594292077312,-0.005201841469831611,-9.651870575138437e-4,0.01881510853242369,0,8856189,0.011,0.01901746979999997,-0.0017174367000000453,0,0.08155000000000015,-0.21536666666666615,0,0,47,-1
93,-576452110155,0.9114435356359307,3.1389311348464863,0.003928388717406946,-0.005026995575529887,-5.054267076764053e-5,-0.001998519591097328,0,8856200,0.011,-0.004918930200000041,7.779329999994643e-5,0,-0.04094999999999985,-0.03161666666666607,0,0,47,-1
94,-576452110144,0.9114866491102804,3.1388759800547814,0.003914237348467885,-0.005011624750434043,-0.008859211084866885,0.02220405754166787,0,8856211,0.011,0.02559997979999996,-0.01009517670000007,0,-0.14594999999999983,0.10838333333333394,0,0,47,-1
95,-576452110133,0.9115292777567097,3.138822153740045,0.0,0.0,0.0,0.0,1,8856222,0.011,0.017820649799999966,0.002471433299999941,0,-0.014699999999999852,0.047133333333333916,0,0,47,-1
96,-576452110122,0.9115293583668177,3.13882224946808,0.0,0.0,0.0,0.0,1,8856233,0.011,0.010041319799999962,0.008455533299999936,0,0.0028000000000001357,-0.005366666666666076,0,0,47,-1
97,-576452110109,0.9120698116703846,3.139822354949771,5.75672457522188e-4,0.001126339001061595,3.274417255808131e-7,1.2463003043964488e-6,1,8856245,0.012,0.016025419799999965,-0.0011190267000000594,0,-0.07594999999999988,0.02088333333333381,0,1,48,2
98,-576452110098,0.9120768266092801,3.139836102084713,0.0,0.0,0.0,0.0,1,8856257,0.012,0.020812699799999973,0.009652353299999942,0,0.06405000000000015,0.05588333333333395,0,0,48,-1
99,-576452110087,0.9120766611978244,3.1398362488565286,0.0,0.0,0.0,0.0,1,8856268,0.011,0.014828599799999969,-0.016677686700000048,0,-0.03219999999999984,0.012133333333333995,0,0,48,-1
100,-576452110075,0.9120766554453738,3.1398364252492574,0.0,0.0,0.0,0.0,1,8856280,0.012,0.016025419799999965,-5.206167000000564e-4,0,0.10780000000000015,0.029633333333333844,0,0,48,-1
101,-576452110063,0.9120766621129266,3.1398365597034674,0.0,0.0,0.0,0.0,1,8856291,0.011,0.013631779799999962,6.762032999999493e-4,0,-0.02344999999999986,-0.11036666666666606,0,0,48,-1
102,-576452110054,0.9127015292638815,3.139093833542726,6.47267528275263e-4,-8.142275655927858e-4,3.2845849704666227e-7,-7.312201822070014e-7,1,8856301,0.01,0.004655629799999971,-0.002914256700000068,0,0.09905000000000015,0.00338333333333396,0,1,49,1
103,-576452110042,0.9127093946161806,3.139084339064658,0.0,0.0,0.0,0.0,1,8856313,0.012,0.026198389799999965,0.009053943299999938,0,-0.17219999999999988,0.05588333333333395,0,0,49,-1
104,-576452110030,0.9127093686385831,3.1390843241681257,0.0,0.0,0.0,0.0,1,8856325,0.012,-0.0013284702000000408,-0.002315846700000065,0,0.12530000000000016,-0.0928666666666661,0,0,49,-1
105,-576452110019,0.912709345730205,3.13908449467986,0.0,0.0,0.0,0.0,1,8856336,0.011,0.017222239799999962,-0.002315846700000065,0,0.0028000000000001357,-0.014116666666666111,0,0,49,-1
106,-576452110007,0.9127093637102752,3.139084585318264,0.0,0.0,0.0,0.0,1,8856347,0.011,0.009442909799999977,0.001873023299999938,0,-0.13719999999999985,0.10838333333333394,0,0,49,-1
107,-576452109997,0.9127093815867937,3.139084841064275,0.0,0.0,0.0,0.0,1,8856358,0.011,0.026796799799999965,0.001873023299999938,0,-0.049699999999999855,0.11713333333333398,0,0,49,-1
108,-576452109986,0.9127094336813038,3.139084982455387,0.0,0.0,0.0,0.0,1,8856369,0.011,0.014828599799999969,0.005463483299999938,0,-0.11094999999999985,0.012133333333333995,0,0,49,-1
109,-576452109973,0.9130043232672187,3.139546413675905,2.834953682076016e-4,4.8045521052720403e-4,1.3985649702588904e-7,5.315904567473096e-7,1,8856381,0.012,0.013033369799999969,0.002471433299999941,0,0.011550000000000143,0.13463333333333383,0,1,50,2
110,-576452109961,0.9130076298654808,3.1395523907675598,0.0,0.0,0.0,0.0,1,8856393,0.012,0.01901746979999997,-0.00829994670000006,0,-0.049699999999999855,0.0733833333333338,0,0,50,-1
111,-576452109950,0.9130077052131823,3.1395524907914845,0.0,0.0,0.0,0.0,1,8856405,0.012,0.008844499799999975,0.006660303299999944,0,0.055300000000000155,0.03838333333333388,0,0,50,-1
112,-576452109939,0.9130077178192912,3.139552726901604,0.0,0.0,0.0,0.0,1,8856416,0.011,0.02380474979999997,0.0012746132999999521,0,0.13405000000000014,0.24838333333333384,0,0,50,-1
113,-576452109928,0.9130077875102309,3.1395529152387285,0.0,0.0,0.0,0.0,1,8856427,0.011,0.019615879799999965,0.007258713299999947,0,0.08155000000000015,0.11713333333333398,0,0,50,-1
114,-576452109916,0.9130078225210828,3.13955298823047,0.0,0.0,0.0,0.0,1,8856438,0.011,0.007647679799999968,0.0036682532999999466,0,-0.12844999999999987,-0.022866666666666147,0,0,50,-1
115,-576452109905,0.9160278386431117,3.136458420416885,0.002825653180690968,-0.003156197187879689,1.6805688063074414e-6,-3.743498659765436e-6,1,8856450,0.012,0.016623829799999962,-0.016079276700000065,0,0.055300000000000155,-0.13661666666666616,0,1,51,1
116,-576452109894,0.916058984249057,3.1364239859684075,0.0,0.0,0.0,0.0,1,8856461,0.011,0.02919043979999997,0.006061893299999941,0,-0.03219999999999984,0.10838333333333394,0,0,51,-1
117,-576452109883,0.916059019521804,3.136424053482062,0.0,0.0,0.0,0.0,1,8856472,0.011,0.007049269799999965,0.0036682532999999466,0,0.011550000000000143,0.0996333333333339,0,0,51,-1
118,-576452109871,0.9160590316860938,3.136424063645591,0.0,0.0,0.0,0.0,1,8856483,0.011,0.0010651697999999538,0.0012746132999999521,0,0.06405000000000015,-0.04911666666666614,0,0,51,-1
119,-576452109861,0.9160590666675119,3.136424267791997,0.0,0.0,0.0,0.0,1,8856494,0.011,0.021411109799999967,0.0036682532999999466,0,0.15155000000000016,-0.0666166666666661,0,0,51,-1
120,-576452109850,0.9160591472800851,3.1364244548023157,0.0,0.0,0.0,0.0,1,8856505,0.011,0.019615879799999965,0.008455533299999936,0,-0.13719999999999985,0.0996333333333339,0,0,51,-1
121,-576452109838,0.921582750146442,3.1437664808964088,0.004855527343376754,0.007190746667673016,2.1381576175682088e-6,8.08674006293183e-6,1,8856517,0.012,0.02559997979999996,-0.007701536700000057,0,-0.07594999999999988,0.21338333333333392,0,1,52,2
122,-576452109826,0.9216411101895124,3.1438528947274023,0.0,0.0,0.0,0.0,1,8856529,0.012,0.011238139799999968,0.008455533299999936,0,0.0028000000000001357,-0.014116666666666111,0,0,52,-1
123,-576452109815,0.9216410691740263,3.14385307100056,0.0,0.0,0.0,0.0,1,8856540,0.011,0.017820649799999966,-0.0041110767000000735,0,0.055300000000000155,0.09088333333333387,0,0,52,-1
124,-576452109804,0.9216411158163794,3.1438533626386675,0.0,0.0,0.0,0.0,1,8856551,0.011,0.030387259799999965,0.004865073299999936,0,0.03780000000000014,0.047133333333333916,0,0,52,-1
125,-576452109793,0.921641207934956,3.1438535212923373,0.0,0.0,0.0,0.0,1,8856562,0.011,0.016623829799999962,0.009652353299999942,0,0.14280000000000015,0.1258833333333338,0,0,52,-1
126,-576452109782,0.9250961790744602,3.1407684145788792,0.0030046427242665596,-0.003015215214502568,1.2695007377308701e-6,-2.8494965191381402e-6,1,8856572,0.01,0.01841905979999997,-0.007103126700000071,0,0.11655000000000015,-0.0666166666666661,0,1,53,1
127,-576452109771,0.9251322808511986,3.1407323124588036,0.0,0.0,0.0,0.0,1,8856584,0.012,0.007647679799999968,0.00426666329999995,0,0.055300000000000155,0.1521333333333339,0,0,53,-1
128,-576452109760,0.9251322117038694,3.140732574559874,0.0,0.0,0.0,0.0,1,8856595,0.011,0.026796799799999965,-0.007103126700000071,0,0.15155000000000016,0.08213333333333384,0,0,53,-1
129,-576452109748,0.925132153391499,3.1407326914733535,0.0,0.0,0.0,0.0,1,8856607,0.012,0.010639729799999966,-0.005307896700000063,0,-0.07594999999999988,0.012133333333333995,0,0,53,-1
130,-576452109737,0.9251322249700724,3.140732837691425,0.0,0.0,0.0,0.0,1,8856618,0.011,0.014828599799999969,0.007258713299999947,0,0.14280000000000015,-0.022866666666666147,0,0,53,-1
131,-576452109726,0.9251321568378155,3.140732928266724,0.0,0.0,0.0,0.0,1,8856629,0.011,0.009442909799999977,-0.007103126700000071,0,0.06405000000000015,0.09088333333333387,0,0,53,-1
134,-576452109694,0.9274320450530339,3.143376539192036,0.0,0.0,0.0,0.0,1,8856661,0.011,0.007647679799999968,0.004865073299999936,0,-0.11969999999999983,-0.03161666666666607,0,0,54,-1
135,-576452109683,0.9274320229724752,3.143376674699189,0.0,0.0,0.0,0.0,1,8856672,0.011,0.014230189799999966,-0.002315846700000065,0,0.011550000000000143,-0.03161666666666607,0,0,54,-1
136,-576452109671,0.9274320693438158,3.1433767875226044,0.0,0.0,0.0,0.0,1,8856683,0.011,0.01183654979999997,0.004865073299999936,0,0.10780000000000015,0.0996333333333339,0,0,54,-1
137,-576452109661,0.9274321385424855,3.1433768946580276,0.0,0.0,0.0,0.0,1,8856694,0.011,0.011238139799999968,0.007258713299999947,0,-0.005949999999999844,-0.05786666666666607,0,0,54,-1
138,-576452109650,0.9274322248573488,3.143377115893467,0.0,0.0,0.0,0.0,1,8856705,0.011,0.023206339799999965,0.009053943299999938,0,-0.03219999999999984,-0.03161666666666607,0,0,54,-1
139,-576452109638,0.9309797327715914,3.1405688521908233,0.002858536219434249,-0.0026528439107928706,1.3056414797121333e-6,-2.942544549156829e-6,1,8856716,0.011,0.019615879799999965,0.010849173299999938,0,-0.11094999999999985,0.05588333333333395,0,1,55,1
140,-576452109628,0.9310111289435278,3.1405398213075673,0.0,0.0,0.0,0.0,1,8856727,0.011,0.016025419799999965,-0.005307896700000063,0,0.09905000000000015,0.16088333333333393,0,0,55,-1
141,-576452109616,0.931010998949288,3.140539819789634,0.0,0.0,0.0,0.0,1,8856739,0.012,-1.31650200000035e-4,-0.01189040670000006,0,0.19530000000000014,-0.0666166666666661,0,0,55,-1
142,-576452109605,0.9310109938524842,3.1405399540731973,0.0,0.0,0.0,0.0,1,8856750,0.011,0.013631779799999962,-5.206167000000564e-4,0,-0.03219999999999984,0.06463333333333399,0,0,55,-1
143,-576452109594,0.9310111782531983,3.14054007907118,0.0,0.0,0.0,0.0,1,8856761,0.011,0.013033369799999969,0.019226913299999936,0,0.06405000000000015,0.012133333333333995,0,0,55,-1
144,-576452109583,0.9310112246795891,3.1405402262860407,0.0,0.0,0.0,0.0,1,8856772,0.011,0.015427009799999964,0.004865073299999936,0,0.02905000000000016,0.02088333333333381,0,0,55,-1
145,-576452109569,0.9356885823122714,3.1452966580241326,0.003548231299685516,0.00430816081936111,1.359529543734988e-6,5.0561032364026965e-6,1,8856784,0.012,0.011238139799999968,-0.0011190267000000594,0,-0.06719999999999984,0.029633333333333844,0,1,56,2
146,-576452109558,0.9357309588637628,3.1453484619062886,0.0,0.0,0.0,0.0,1,8856796,0.012,0.009442909799999977,-0.017874506700000056,0,-0.03219999999999984,0.16963333333333397,0,0,56,-1
147,-576452109548,0.9357310006850194,3.1453486677156826,0.0,0.0,0.0,0.0,1,8856807,0.011,0.020812699799999973,0.00426666329999995,0,0.08155000000000015,0.13463333333333383,0,0,56,-1
148,-576452109537,0.9357310530969386,3.145348792798834,0.0,0.0,0.0,0.0,1,8856818,0.011,0.013033369799999969,0.005463483299999938,0,-0.014699999999999852,0.029633333333333844,0,0,56,-1
149,-576452109526,0.9357312708626512,3.1453489171845876,0.0,0.0,0.0,0.0,1,8856829,0.011,0.013033369799999969,0.022817373299999943,0,0.04655000000000015,-0.0666166666666661,0,0,56,-1
150,-576452109515,0.9380297799313574,3.143719354229719,0.0017487777987900608,-0.0015128453358410237,6.716497894843157e-7,-1.5238793407681671e-6,1,8856839,0.01,0.028592029799999974,-0.0017174367000000453,0,0.12530000000000016,0.16963333333333397,0,1,57,1
151,-576452109504,0.9380507491192993,3.1437013433271317,0.0,0.0,0.0,0.0,1,8856851,0.012,0.013631779799999962,-0.0017174367000000453,0,0.07280000000000016,0.08213333333333384,0,0,57,-1
152,-576452109493,0.9380507091019037,3.1437014649535517,0.0,0.0,0.0,0.0,1,8856862,0.011,0.012434959799999975,-0.0041110767000000735,0,0.02030000000000015,0.05588333333333395,0,0,57,-1
153,-576452109482,0.9380507557481471,3.1437016242110825,0.0,0.0,0.0,0.0,1,8856873,0.011,0.016623829799999962,0.004865073299999936,0,-0.10219999999999987,0.047133333333333916,0,0,57,-1
154,-576452109468,0.9380507736218716,3.1437017257258573,0.0,0.0,0.0,0.0,1,8856884,0.011,0.010639729799999966,0.001873023299999938,0,0.011550000000000143,0.08213333333333384,0,0,57,-1
155,-576452109460,0.9380508200087116,3.143701775821173,0.0,0.0,0.0,0.0,1,8856895,0.011,0.005254039799999974,0.004865073299999936,0,-0.03219999999999984,0.10838333333333394,0,0,57,-1
156,-576452109448,0.9380508093403573,3.1437018087961257,0.0,0.0,0.0,0.0,1,8856906,0.011,0.0034588097999999822,-0.0011190267000000594,0,-0.14594999999999983,-0.005366666666666076,0,0,57,-1
157,-576452109437,0.9382193990674165,3.143857006959758,1.2015600802365499e-4,1.3718031866427274e-4,4.442175154166538e-8,1.6398486654836613e-7,1,8856918,0.012,0.016623829799999962,0.001873023299999938,0,0.10780000000000015,0.05588333333333395,0,1,58,2
161,-576452109377,0.9382206683100697,3.1438593158043093,0.0,0.0,0.0,0.0,1,8856963,0.011,0.02978884979999997,0.002471433299999941,0,-0.11969999999999983,0.22213333333333396,0,0,58,-1
162,-576452109376,0.9382207280939752,3.143859445325931,0.0,0.0,0.0,0.0,1,8856975,0.012,0.01183654979999997,0.005463483299999938,0,0.0028000000000001357,-0.13661666666666616,0,0,58,-1
163,-576452109369,0.945347823983407,3.139242482371855,0.005104727774662835,-0.0042416975299908065,2.244752281810394e-6,-5.099905368382012e-6,1,8856986,0.011,0.013033369799999969,0.0036682532999999466,0,0.02030000000000015,-0.014116666666666111,0,1,59,1
164,-576452109357,0.9454090580218515,3.139191723339521,0.0,0.0,0.0,0.0,1,8856998,0.012,0.013033369799999969,-0.002315846700000065,0,0.011550000000000143,-0.1453666666666661,0,0,59,-1
165,-576452109346,0.9454090473429219,3.139191869348876,0.0,0.0,0.0,0.0,1,8857009,0.011,0.014828599799999969,-0.0011190267000000594,0,0.09905000000000015,-0.0666166666666661,0,0,59,-1
166,-576452109335,0.9454091457097474,3.139192046000646,0.0,0.0,0.0,0.0,1,8857020,0.011,0.01841905979999997,0.010250763299999936,0,-0.049699999999999855,-0.08411666666666606,0,0,59,-1
167,-576452109324,0.9454091578798746,3.1391922274782305,0.0,0.0,0.0,0.0,1,8857031,0.011,0.01901746979999997,0.0012746132999999521,0,-0.11969999999999983,0.0733833333333338,0,0,59,-1
168,-576452109314,0.947285403606921,3.1407688282868245,0.0012721346468919713,0.0013756263203613245,3.5014307792435507e-7,1.2794436708240786e-6,1,8857041,0.01,0.017820649799999966,0.012644403299999938,0,0.06405000000000015,-0.005366666666666076,0,1,60,2
169,-576452109302,0.9473007883659618,3.140785472237194,0.0,0.0,0.0,0.0,1,8857053,0.012,0.013033369799999969,0.011447583299999934,0,0.09905000000000015,-0.04036666666666611,0,0,60,-1
170,-576452109290,0.9473006775331063,3.1407856173021913,0.0,0.0,0.0,0.0,1,8857064,0.011,0.014828599799999969,-0.011291996700000057,0,0.24780000000000016,0.047133333333333916,0,0,60,-1
171,-576452109280,0.9473006381108607,3.1407857593542827,0.0,0.0,0.0,0.0,1,8857075,0.011,0.014828599799999969,-0.0041110767000000735,0,0.02905000000000016,0.012133333333333995,0,0,60,-1
172,-576452109269,0.9473006103029391,3.1407858380307303,0.0,0.0,0.0,0.0,1,8857086,0.011,0.00824608979999997,-0.002914256700000068,0,-0.005949999999999844,0.10838333333333394,0,0,60,-1
173,-576452109258,0.9473006966282541,3.1407860250604545,0.0,0.0,0.0,0.0,1,8857097,0.011,0.019615879799999965,0.009053943299999938,0,-0.02344999999999986,0.10838333333333394,0,0,60,-1
174,-576452109246,0.9461742211381844,3.1414642312423346,-7.717692672805257e-4,6.226512346351047e-4,-3.762774642780005e-7,8.59757127464201e-7,1,8857109,0.012,0.010041319799999962,0.001873023299999938,0,-0.03219999999999984,0.2046333333333339,0,1,61,1
176,-576452109221,0.9461657700624374,3.141471240236303,0.0,0.0,0.0,0.0,1,8857131,0.011,0.0028603997999999626,0.006660303299999944,0,0.02905000000000016,-0.04911666666666614,0,0,61,-1
177,-576452109211,0.9461657447940989,3.1414715270631497,0.0,0.0,0.0,0.0,1,8857143,0.012,0.026198389799999965,-0.002315846700000065,0,0.03780000000000014,0.11713333333333398,0,0,61,-1
178,-576452109199,0.9461658045320005,3.1414716319062492,0.0,0.0,0.0,0.0,1,8857154,0.011,0.010639729799999966,0.006061893299999941,0,-0.14594999999999983,0.00338333333333396,0,0,61,-1
179,-576452109190,0.9461659774575506,3.141471837257678,0.0,0.0,0.0,0.0,1,8857165,0.011,0.021411109799999967,0.01803009329999994,0,0.03780000000000014,-0.022866666666666147,0,0,61,-1
180,-576452109179,0.9442622145648072,3.1399638432172488,-0.0012294448848016518,-0.001305963401704812,-3.346008589963613e-7,-1.2224652403338848e-6,1,8857175,0.01,0.020812699799999973,-5.206167000000564e-4,0,-0.13719999999999985,-0.24161666666666615,0,1,62,2
181,-576452109169,0.9442474848468018,3.1399483333883254,0.0,0.0,0.0,0.0,1,8857187,0.012,0.015427009799999964,0.002471433299999941,0,-0.19844999999999988,-0.11036666666666606,0,0,62,-1
182,-576452109157,0.9442474913251875,3.1399484023245803,0.0,0.0,0.0,0.0,1,8857198,0.011,0.007049269799999965,6.762032999999493e-4,0,0.0028000000000001357,0.09088333333333387,0,0,62,-1
183,-576452109144,0.9442475579289272,3.139948466630237,0.0,0.0,0.0,0.0,1,8857210,0.012,0.005852449799999977,0.006061893299999941,0,0.09030000000000014,0.00338333333333396,0,0,62,-1
184,-576452109134,0.9442475232878316,3.1399485951454573,0.0,0.0,0.0,0.0,1,8857221,0.011,0.013033369799999969,-0.0035126667000000707,0,-0.15469999999999987,0.0996333333333339,0,0,62,-1
185,-576452109123,0.9442476101319188,3.1399487201599947,0.0,0.0,0.0,0.0,1,8857232,0.011,0.013033369799999969,0.009053943299999938,0,-0.04094999999999985,-0.03161666666666607,0,0,62,-1
186,-576452109112,0.9442476165847145,3.1399489758784016,0.0,0.0,0.0,0.0,1,8857243,0.011,0.026796799799999965,6.762032999999493e-4,0,-0.12844999999999987,0.029633333333333844,0,0,62,-1
187,-576452109100,0.9494589098688889,3.1369848200289607,0.003410293722058885,-0.002732089735050031,1.6269668931521266e-6,-3.7080846841547915e-6,1,8857255,0.012,0.004057219799999968,0.0012746132999999521,0,-0.18094999999999986,0.18713333333333382,0,1,63,1
188,-576452109088,0.949499883487884,3.1369521468481283,0.0034166041603159378,-0.0027173217317930957,0.0037418618747865388,0.008805305721831939,0,8857267,0.012,0.010041319799999962,0.00426666329999995,0,-0.2596999999999998,-0.03161666666666607,0,0,63,-1
189,-576452109077,0.9495376740693685,3.136922807168511,0.0034552073103587553,-0.002617953122418293,0.002102978937204056,0.010414008775461111,0,8857278,0.011,0.010639729799999966,0.001873023299999938,0,0.08155000000000015,-0.13661666666666616,0,0,63,-1
190,-576452109066,0.9495758178485664,3.136894607437426,0.003479650515182043,-0.0025079594372010993,0.002950873200797159,0.007463292019770813,0,8857289,0.011,0.007049269799999965,0.0030698432999999438,0,-0.005949999999999844,0.00338333333333396,0,0,63,-1
191,-576452109054,0.9496142622467949,3.136867507439348,0.0035106509858982655,-0.002420753038431807,0.002005649875720176,0.01077365477793276,0,8857300,0.011,0.011238139799999968,0.001873023299999938,0,0.0028000000000001357,0.30088333333333384,0,0,63,-1
192,-576452109042,0.9496564151482981,3.1368393112178357,0.003518783066074747,-0.0022811703128511993,-0.007556647568979966,0.016953535725764714,0,8857312,0.012,0.017820649799999966,-0.008898356700000063,0,0.0028000000000001357,0.047133333333333916,0,0,63,-1
193,-576452109031,0.946802733876525,3.134622535597342,0.0016602960019576982,-0.0039765395357744095,-0.00348606084609132,0.02191009997118754,0,8857323,0.011,0.022607929799999964,-0.002914256700000068,0,-0.06719999999999984,0.05588333333333395,0,1,64,2
194,-576452109020,0.9468225127468136,3.13457629798757,0.0016324333066139623,-0.003726604704761332,0.004887042829113536,0.014125627938584847,0,8857335,0.012,0.013033369799999969,0.006061893299999941,0,0.09030000000000014,0.02088333333333381,0,0,64,-1
195,-576452109008,0.9468423119072655,3.1345325768008783,0.001672510925505714,-0.0035595906616957677,-0.006152545328480001,0.012642992036896311,0,8857347,0.012,0.012434959799999975,-0.007701536700000057,0,-0.005949999999999844,0.1521333333333339,0,0,64,-1
196,-576452108997,0.9468603515915633,3.1344942197255627,0.0,0.0,0.0,0.0,1,8857358,0.011,0.016025419799999965,-0.004709486700000059,0,0.04655000000000015,-0.014116666666666111,0,0,64,-1
197,-576452108986,0.9468603753102574,3.1344944080390116,0.0,0.0,0.0,0.0,1,8857369,0.011,0.019615879799999965,0.002471433299999941,0,0.011550000000000143,-0.0666166666666661,0,0,64,-1
198,-576452108974,0.9477966065934695,3.133988677104381,5.921519570032222e-4,-4.6920683546103586e-4,2.8521685394352263e-7,-6.501529721577381e-7,1,8857381,0.012,0.01183654979999997,0.002471433299999941,0,0.11655000000000015,0.03838333333333388,0,1,65,1
199,-576452108962,0.9478036633555142,3.1339832115964517,0.0,0.0,0.0,0.0,1,8857393,0.012,0.014828599799999969,-0.004709486700000059,0,0.04655000000000015,0.029633333333333844,0,0,65,-1
200,-576452108951,0.9478036704687884,3.13398335241988,0.0,0.0,0.0,0.0,1,8857404,0.011,0.014230189799999966,6.762032999999493e-4,0,0.02030000000000015,-0.03161666666666607,0,0,65,-1
201,-576452108939,0.9478036318493869,3.1339834958815946,0.0,0.0,0.0,0.0,1,8857416,0.012,0.013033369799999969,-0.0035126667000000707,0,0.055300000000000155,0.16963333333333397,0,0,65,-1
202,-576452108928,0.9478036798428201,3.133983653946499,0.0,0.0,0.0,0.0,1,8857427,0.011,0.016025419799999965,0.004865073299999936,0,0.17780000000000015,0.03838333333333388,0,0,65,-1
203,-576452108917,0.9478037494716633,3.1339838191476694,0.0,0.0,0.0,0.0,1,8857438,0.011,0.017222239799999962,0.007258713299999947,0,0.011550000000000143,0.00338333333333396,0,0,65,-1
204,-576452108905,0.9530074729596291,3.137793925635298,0.0030971111994810554,0.003281151407421361,9.745859556316595e-7,3.5451671617256452e-6,1,8857449,0.011,0.008844499799999975,-0.005307896700000063,0,-0.07594999999999988,0.13463333333333383,0,1,66,2
205,-576452108894,0.9530446498193298,3.1378334273660657,0.0,0.0,0.0,0.0,1,8857461,0.012,0.01183654979999997,0.0012746132999999521,0,-0.005949999999999844,0.012133333333333995,0,0,66,-1
206,-576452108883,0.9530446032268101,3.1378335143696963,0.0,0.0,0.0,0.0,1,8857472,0.011,0.008844499799999975,-0.004709486700000059,0,0.03780000000000014,0.16088333333333393,0,0,66,-1
207,-576452108870,0.9530445867067632,3.1378336680291574,0.0,0.0,0.0,0.0,1,8857483,0.011,0.016025419799999965,-0.0017174367000000453,0,0.13405000000000014,0.08213333333333384,0,0,66,-1
208,-576452108859,0.9530445810012891,3.1378337976404542,0.0,0.0,0.0,0.0,1,8857495,0.012,0.01183654979999997,-5.206167000000564e-4,0,0.02030000000000015,0.0996333333333339,0,0,66,-1
209,-576452108848,0.9530445522833686,3.1378339083820026,0.0,0.0,0.0,0.0,1,8857506,0.011,0.011238139799999968,-0.002914256700000068,0,0.02030000000000015,0.16963333333333397,0,0,66,-1
210,-576452108837,0.9524512755819705,3.138146834850161,-3.6379785937521033e-4,2.926624274353194e-4,-1.5367616485000033e-7,3.522955013024253e-7,1,8857517,0.011,0.01183654979999997,6.762032999999493e-4,0,-0.11969999999999983,0.2046333333333339,0,1,67,1
211,-576452108826,0.952446961914763,3.138150630954104,0.0,0.0,0.0,0.0,1,8857529,0.012,0.026198389799999965,0.00426666329999995,0,-0.14594999999999983,-0.005366666666666076,0,0,67,-1
212,-576452108815,0.9524470338462799,3.1381508122435036,0.0,0.0,0.0,0.0,1,8857540,0.011,0.01841905979999997,0.007258713299999947,0,0.03780000000000014,0.0996333333333339,0,0,67,-1
213,-576452108803,0.9524470544954787,3.138150975333823,0.0,0.0,0.0,0.0,1,8857552,0.012,0.014828599799999969,0.001873023299999938,0,-0.14594999999999983,0.16088333333333393,0,0,67,-1
214,-576452108792,0.9524471260868488,3.1381511215734057,0.0,0.0,0.0,0.0,1,8857563,0.011,0.014828599799999969,0.007258713299999947,0,-0.14594999999999983,0.1521333333333339,0,0,67,-1
215,-576452108780,0.9524471730261324,3.138151271539903,0.0,0.0,0.0,0.0,1,8857575,0.012,0.013631779799999962,0.00426666329999995,0,0.09030000000000014,0.06463333333333399,0,0,67,-1
216,-576452108769,0.9529465806830911,3.1385083456541962,2.8783077608410376e-4,3.079039794718661e-4,9.421438121368248e-8,3.4130929753760543e-7,1,8857586,0.011,0.016623829799999962,0.001873023299999938,0,-0.049699999999999855,0.14338333333333386,0,1,68,2
217,-576452108756,0.9529500901966954,3.138512253047737,0.0,0.0,0.0,0.0,1,8857598,0.012,0.019615879799999965,0.005463483299999938,0,0.13405000000000014,0.05588333333333395,0,0,68,-1
218,-576452108649,0.9529501582490788,3.138512379602302,0.0,0.0,0.0,0.0,1,8857610,0.012,0.011238139799999968,0.006061893299999941,0,-0.04094999999999985,-0.12786666666666613,0,0,68,-1
219,-576452108648,0.9529501251919074,3.1385124662759387,0.0,0.0,0.0,0.0,1,8857622,0.012,0.007647679799999968,-0.002914256700000068,0,-0.14594999999999983,-0.022866666666666147,0,0,68,-1
220,-576452108648,0.9529501200169168,3.1385127024464,0.0,0.0,0.0,0.0,1,8857633,0.011,0.02380474979999997,-5.206167000000564e-4,0,-0.08469999999999986,0.14338333333333386,0,0,68,-1
221,-576452108647,0.9529501265088143,3.138512844824734,0.0,0.0,0.0,0.0,1,8857644,0.011,0.014828599799999969,6.762032999999493e-4,0,0.23030000000000014,0.1521333333333339,0,0,68,-1
222,-576452108647,0.9529500301568734,3.1385129635082745,0.0,0.0,0.0,0.0,1,8857655,0.011,0.012434959799999975,-0.01009517670000007,0,-0.05844999999999986,-0.04911666666666614,0,0,68,-1
223,-576452108646,0.9529500708398898,3.1385130136060164,0.0,0.0,0.0,0.0,1,8857666,0.011,0.005254039799999974,0.00426666329999995,0,0.02030000000000015,-0.05786666666666607,0,0,68,-1
224,-576452108646,0.9529501058118414,3.1385131264518926,0.0,0.0,0.0,0.0,1,8857677,0.011,0.01183654979999997,0.0036682532999999466,0,0.08155000000000015,0.10838333333333394,0,0,68,-1
225,-576452108645,0.9529501407830346,3.13851325070517,0.0,0.0,0.0,0.0,1,8857688,0.011,0.013033369799999969,0.0036682532999999466,0,0.03780000000000014,0.0996333333333339,0,0,68,-1
226,-576452108645,0.9529502613277366,3.1385134263022323,0.0,0.0,0.0,0.0,1,8857699,0.011,0.01841905979999997,0.012644403299999938,0,-0.18969999999999984,0.18713333333333382,0,0,68,-1
227,-576452108644,0.9529503191184276,3.138513493506017,0.0,0.0,0.0,0.0,1,8857710,0.011,0.007049269799999965,0.006061893299999941,0,-0.18094999999999986,-0.05786666666666607,0,0,68,-1
228,-576452108547,0.9570578647727411,3.1417101349270236,0.0023016091529404273,0.0027676459346961317,8.958543851727205e-7,3.243868044806219e-6,1,8857722,0.012,0.005852449799999977,0.0036682532999999466,0,0.0028000000000001357,0.00338333333333396,0,1,70,2
229,-576452108546,0.9570855596378589,3.141743630530914,0.0,0.0,0.0,0.0,1,8857734,0.012,0.02559997979999996,0.007258713299999947,0,-0.08469999999999986,0.029633333333333844,0,0,70,-1
230,-576452108546,0.957085578055588,3.1417436765604068,0.0,0.0,0.0,0.0,1,8857745,0.011,0.004655629799999971,0.001873023299999938,0,0.03780000000000014,0.00338333333333396,0,0,70,-1
231,-576452108545,0.9570855788871848,3.1417437541494926,0.0,0.0,0.0,0.0,1,8857757,0.012,0.007049269799999965,7.779329999994643e-5,0,0.09030000000000014,0.16963333333333397,0,0,70,-1
232,-576452108545,0.9570856858873823,3.1417439889407284,0.0,0.0,0.0,0.0,1,8857768,0.011,0.02380474979999997,0.010849173299999938,0,0.08155000000000015,-0.005366666666666076,0,0,70,-1
233,-576452108544,0.9570857268138077,3.1417441311810266,0.0,0.0,0.0,0.0,1,8857779,0.011,0.014828599799999969,0.00426666329999995,0,-0.13719999999999985,-0.0666166666666661,0,0,70,-1
234,-576452108544,0.9570857446879132,3.141744175609373,0.0,0.0,0.0,0.0,1,8857790,0.011,0.004655629799999971,0.001873023299999938,0,-0.19844999999999988,-0.022866666666666147,0,0,70,-1
235,-576452108543,0.9570857111950375,3.1417442656464147,0.0,0.0,0.0,0.0,1,8857801,0.011,0.009442909799999977,-0.0035126667000000707,0,0.011550000000000143,-0.022866666666666147,0,0,70,-1
236,-576452108444,0.9570857518719108,3.141744526822765,0.0,0.0,0.0,0.0,1,8857812,0.011,0.02739520979999997,0.00426666329999995,0,-0.11969999999999983,0.029633333333333844,0,0,70,-1
237,-576452108443,0.9609789335730949,3.1397275590021128,0.0022344342723498198,-0.0018654870149223898,9.960268949974637e-7,-2.293118108561877e-6,1,8857825,0.013,0.014230189799999966,0.0036682532999999466,0,-0.05844999999999986,0.029633333333333844,0,1,71,1
238,-576452108443,0.9610056794350054,3.1397054105960485,0.0,0.0,0.0,0.0,1,8857837,0.012,0.020812699799999973,-0.006504716700000068,0,-0.15469999999999987,0.0996333333333339,0,0,71,-1
239,-576452108442,0.9610057051042846,3.1397056593791173,0.0,0.0,0.0,0.0,1,8857848,0.011,0.025001569799999967,0.002471433299999941,0,-0.02344999999999986,-0.16286666666666616,0,0,71,-1
240,-576452108442,0.9610057851681074,3.1397058557097393,0.0,0.0,0.0,0.0,1,8857860,0.012,0.017820649799999966,0.007258713299999947,0,0.07280000000000016,0.09088333333333387,0,0,71,-1
241,-576452108441,0.9610057446240837,3.139706019698816,0.0,0.0,0.0,0.0,1,8857871,0.011,0.016623829799999962,-0.0041110767000000735,0,0.09030000000000014,-0.16286666666666616,0,0,71,-1
242,-576452108441,0.9610057798130878,3.1397061619424353,0.0,0.0,0.0,0.0,1,8857882,0.011,0.014828599799999969,0.0036682532999999466,0,-0.07594999999999988,-0.10161666666666613,0,0,71,-1
243,-576452108440,0.9610058719252554,3.139706286319392,0.0,0.0,0.0,0.0,1,8857893,0.011,0.013033369799999969,0.009652353299999942,0,0.09905000000000015,-0.022866666666666147,0,0,71,-1
244,-576452108440,0.9610057927862105,3.1397063877680154,0.0,0.0,0.0,0.0,1,8857904,0.011,0.010639729799999966,-0.00829994670000006,0,-0.049699999999999855,0.047133333333333916,0,0,71,-1
245,-576452108439,0.9610057707077388,3.139706534843741,0.0,0.0,0.0,0.0,1,8857915,0.011,0.015427009799999964,-0.002315846700000065,0,-0.05844999999999986,-0.1191166666666661,0,0,71,-1
246,-576452108427,0.9600229388180187,3.1402554858913265,-5.698924672278833e-4,5.353881418550089e-4,-0.008853241928430943,0.01982666074980393,0,8857927,0.012,0.022607929799999964,-0.01009517670000007,0,0.03780000000000014,0.2571333333333339,0,1,73,1
247,-576452108415,0.9600154884901159,3.1402633225706187,-6.726683586737073e-4,7.71232609872701e-4,-0.006793696509555315,0.018592261369036692,0,8857939,0.012,0.01841905979999997,-0.006504716700000068,0,-0.16344999999999985,0.08213333333333384,0,0,73,-1
248,-576452108403,0.9600069911675024,3.1402737854431115,-7.458152439159131e-4,9.77298616188525e-4,-0.00181727979129747,0.008469604342166802,0,8857951,0.012,0.007049269799999965,-0.0011190267000000594,0,0.0028000000000001357,-0.17161666666666608,0,0,73,-1
249,-576452108393,0.9599987494918566,3.1402850874782184,-7.558406248430107e-4,0.0010758913798283559,0.004567604683956223,0.01194703331274327,0,8857962,0.011,0.012434959799999975,0.005463483299999938,0,0.08155000000000015,0.1521333333333339,0,0,73,-1
250,-576452108379,0.9599906684778388,3.1402976669996483,-7.116823745268656e-4,0.001210403290763256,6.302526999993644e-4,0.013949253440944465,0,8857973,0.011,0.014230189799999966,7.779329999994643e-5,0,-0.13719999999999985,0.1521333333333339,0,0,73,-1
251,-576452108371,0.9688777737315535,3.1466047493097773,0.0047799503925457084,0.005347301479595793,1.3343328929033411e-6,4.794844404748611e-6,1,8857984,0.011,0.01901746979999997,0.0030698432999999438,0,-0.08469999999999986,0.16963333333333397,0,1,74,2
252,-576452108360,0.9689304197876827,3.146663652301902,0.0,0.0,0.0,0.0,1,8857995,0.011,0.008844499799999975,0.007258713299999947,0,0.12530000000000016,-0.08411666666666606,0,0,74,-1
253,-576452108350,0.9689304427662019,3.146663827487803,0.0,0.0,0.0,0.0,1,8858006,0.011,0.01841905979999997,0.002471433299999941,0,-0.12844999999999987,-0.05786666666666607,0,0,74,-1
254,-576452108337,0.9689304491786368,3.1466639117822095,0.0,0.0,0.0,0.0,1,8858017,0.011,0.008844499799999975,6.762032999999493e-4,0,0.09030000000000014,-0.05786666666666607,0,0,74,-1
255,-576452108325,0.9689304172891157,3.146664034734272,0.0,0.0,0.0,0.0,1,8858029,0.012,0.011238139799999968,-0.002914256700000068,0,0.08155000000000015,0.05588333333333395,0,0,74,-1
256,-576452108315,0.9689304416379714,3.146664263377896,0.0,0.0,0.0,0.0,1,8858040,0.011,0.023206339799999965,0.002471433299999941,0,-0.11094999999999985,0.012133333333333995,0,0,74,-1
257,-576452108303,0.9723135117343684,3.1448488321793904,0.0018828629383149426,-0.0016633720142034938,7.731995894318658e-7,-1.7988081126196578e-6,1,8858051,0.011,0.011238139799999968,-0.002315846700000065,0,0.011550000000000143,0.047133333333333916,0,1,75,1
258,-576452108292,0.9723361951384211,3.1448290454926475,0.0,0.0,0.0,0.0,1,8858063,0.012,0.016025419799999965,0.007857123299999942,0,0.02030000000000015,-0.005366666666666076,0,0,75,-1
259,-576452108281,0.9723362080606582,3.1448291737290783,0.0,0.0,0.0,0.0,1,8858074,0.011,0.013033369799999969,0.0012746132999999521,0,-0.13719999999999985,-0.0666166666666661,0,0,75,-1
260,-576452108269,0.9723361801487019,3.144829264274248,0.0,0.0,0.0,0.0,1,8858085,0.011,0.009442909799999977,-0.002914256700000068,0,0.04655000000000015,-0.03161666666666607,0,0,75,-1
261,-576452108259,0.97233631794651,3.1448294171980384,0.0,0.0,0.0,0.0,1,8858096,0.011,0.016025419799999965,0.014439633299999938,0,-0.13719999999999985,-0.022866666666666147,0,0,75,-1
262,-576452108248,0.9723363449905296,3.1448295729093982,0.0,0.0,0.0,0.0,1,8858108,0.012,0.014230189799999966,0.002471433299999941,0,-0.11969999999999983,0.18713333333333382,0,0,75,-1
263,-576452108235,0.9723363634452672,3.144829648261114,0.0,0.0,0.0,0.0,1,8858119,0.011,0.007647679799999968,0.001873023299999938,0,-0.005949999999999844,0.05588333333333395,0,0,75,-1
264,-576452108222,0.9694527061143761,3.142836571472044,-0.0015148725316776884,-0.0016794341641506246,-5.063942323172304e-7,-1.7965591815416534e-6,1,8858131,0.012,0.01841905979999997,7.779329999994643e-5,0,0.14280000000000015,0.1521333333333339,0,1,76,2
265,-576452108211,0.9694345150173707,3.142816682080348,0.0,0.0,0.0,0.0,1,8858143,0.012,0.02380474979999997,-5.206167000000564e-4,0,-0.014699999999999852,0.16088333333333393,0,0,76,-1
266,-576452108128,0.9694345450022361,3.142816799105469,0.0,0.0,0.0,0.0,1,8858154,0.011,0.01183654979999997,0.0030698432999999438,0,-0.049699999999999855,-0.005366666666666076,0,0,76,-1
267,-576452108128,0.9694345973928523,3.1428169184431134,0.0,0.0,0.0,0.0,1,8858165,0.011,0.012434959799999975,0.005463483299999938,0,0.02905000000000016,-0.04911666666666614,0,0,76,-1
268,-576452108127,0.9694346572225694,3.142817015302926,0.0,0.0,0.0,0.0,1,8858177,0.012,0.008844499799999975,0.005463483299999938,0,0.0028000000000001357,0.11713333333333398,0,0,76,-1
269,-576452108126,0.9694347228544136,3.142817143737376,0.0,0.0,0.0,0.0,1,8858188,0.011,0.013033369799999969,0.006660303299999944,0,-0.005949999999999844,0.06463333333333399,0,0,76,-1
270,-576452108126,0.969434626032198,3.142817234303651,0.0,0.0,0.0,0.0,1,8858199,0.011,0.009442909799999977,-0.01009517670000007,0,-0.014699999999999852,0.0733833333333338,0,0,76,-1
271,-576452108035,0.9694346267745493,3.1428173187043096,0.0,0.0,0.0,0.0,1,8858210,0.011,0.008844499799999975,7.779329999994643e-5,0,0.0028000000000001357,-0.014116666666666111,0,0,76,-1
272,-576452108034,0.9694345555976397,3.142817428579978,0.0,0.0,0.0,0.0,1,8858222,0.012,0.010041319799999962,-0.006504716700000068,0,0.02905000000000016,-0.03161666666666607,0,0,76,-1
273,-576452108034,0.9694345799483981,3.14281752751599,0.0,0.0,0.0,0.0,1,8858233,0.011,0.010041319799999962,0.002471433299999941,0,-0.18969999999999984,0.0996333333333339,0,0,76,-1
274,-576452108033,0.9759632617743401,3.1392793699524466,0.00356801682235904,-0.003239466006528554,1.406991659675545e-6,-3.2704657468846026e-6,1,8858244,0.011,0.006450859799999979,0.002471433299999941,0,0.09905000000000015,0.1258833333333338,0,1,77,1
275,-576452108033,0.97600612265793,3.1392407085521117,0.0,0.0,0.0,0.0,1,8858256,0.012,0.019615879799999965,0.0036682532999999466,0,0.055300000000000155,0.03838333333333388,0,0,77,-1
276,-576452108033,0.9760061766566189,3.139240783825297,0.0,0.0,0.0,0.0,1,8858267,0.011,0.007647679799999968,0.005463483299999938,0,0.055300000000000155,-0.05786666666666607,0,0,77,-1
277,-576452108032,0.976006269696185,3.1392409074292895,1.2371005006898808e-5,1.6442108238328266e-5,0.007415102321031554,0.00985531646064916,0,8858279,0.012,0.011238139799999968,0.008455533299999936,0,-0.2509499999999999,0.14338333333333386,0,0,77,-1
278,-576452108032,0.9760067112099536,3.1392416273572192,7.409071291276196e-5,1.1692459160264347e-4,-0.005316697068974977,0.0047706602384395705,0,8858290,0.011,0.004057219799999968,-0.007103126700000071,0,-0.10219999999999987,-0.04036666666666611,0,0,77,-1
279,-576452108031,0.9760072702602468,3.139243583338368,1.730742726354629e-5,2.0202102640401532e-4,-0.0011107616874846075,0.02146265548924768,0,8858302,0.012,0.02380474979999997,-5.206167000000564e-4,0,-0.05844999999999986,0.19588333333333385,0,0,77,-1
280,-576452108030,0.976007452376606,3.139247085846786,1.3258030547214937e-5,4.3558568966365935e-4,0.004129762631164633,0.019843120657569414,0,8858313,0.011,0.019615879799999965,0.004865073299999936,0,-0.16344999999999985,0.012133333333333995,0,0,77,-1
281,-576452108030,0.9760078665988802,3.1392530469182276,6.130380385843775e-5,6.494972990965495e-4,0.005824149738245984,0.017019955014068364,0,8858324,0.011,0.016623829799999962,0.006061893299999941,0,-0.11094999999999985,0.283383333333334,0,0,77,-1
282,-576452108017,0.9721496872376877,3.1415271525471615,-0.001970344491425362,0.002911524248881104,0.007081114592191166,0.01142731831619103,0,8858336,0.012,0.010639729799999966,0.007258713299999947,0,0.25655000000000017,0.029633333333333844,0,1,79,1
283,-576452108007,0.9721265306919958,3.1415630245600576,-0.0018886376992328436,0.0030633740139970654,0.0051377513121436845,0.020182630698727926,0,8858348,0.012,0.021411109799999967,0.004865073299999936,0,-0.02344999999999986,0.012133333333333995,0,0,79,-1
284,-576452107996,0.9721059983782331,3.141597854177531,-0.0018415034166103384,0.003273143092307334,-8.739239703558273e-4,0.012338735716540539,0,8858359,0.011,0.011238139799999968,-0.0017174367000000453,0,-0.19844999999999988,0.230883333333334,0,0,79,-1
285,-576452107985,0.9720857325645882,3.1416346004295557,-0.0018449603178262762,0.003408188549398303,0.0031093504163646453,0.011898342447043362,0,8858370,0.011,0.01183654979999997,0.0036682532999999466,0,0.13405000000000014,0.10838333333333394,0,0,79,-1
286,-576452107974,0.9720656143224485,3.1416729125638847,-0.0018124311341439234,0.003553568381884307,0.0020251500773854065,0.02129014343944193,0,8858381,0.011,0.022607929799999964,0.001873023299999938,0,-0.09344999999999984,0.05588333333333395,0,0,79,-1
287,-576452107932,0.9726685610770397,3.1421303045406863,3.171126771260398e-4,3.4102299176243044e-4,9.279981714673325e-8,3.29008092790201e-7,1,8858393,0.012,0.012434959799999975,0.0036682532999999466,0,-0.07594999999999988,0.13463333333333383,0,1,80,2
288,-576452107932,0.9726723676580661,3.1421346137278805,0.0,0.0,0.0,0.0,1,8858405,0.012,0.019615879799999965,6.762032999999493e-4,0,-0.02344999999999986,-0.16286666666666616,0,0,80,-1
289,-576452107931,0.9726724627462354,3.142134730659011,0.0,0.0,0.0,0.0,1,8858416,0.011,0.01183654979999997,0.009652353299999942,0,-0.08469999999999986,0.03838333333333388,0,0,80,-1
290,-576452107830,0.9726724898992799,3.142134847759182,0.0,0.0,0.0,0.0,1,8858428,0.012,0.010639729799999966,0.002471433299999941,0,0.02030000000000015,0.10838333333333394,0,0,80,-1
291,-576452107830,0.9726724164916587,3.1421349543152712,-9.594010469723665e-6,1.3927637692196473e-5,-0.005704328537127694,0.008280984757670086,0,8858440,0.012,0.009442909799999977,-0.006504716700000068,0,-0.29469999999999985,-0.04911666666666614,0,0,80,-1
292,-576452107829,0.9726719935040413,3.142135637833667,-6.852352264424496e-5,1.0906521844292141e-4,-0.0032575676503448395,0.010874269703757473,0,8858451,0.011,0.011238139799999968,-0.002914256700000068,0,-0.005949999999999844,-0.08411666666666606,0,0,80,-1
293,-576452107829,0.97267117234761,3.142137585112166,-8.604812763708477e-5,2.4134126631077948e-4,0.008588598951963322,0.019065025063224807,0,8858462,0.011,0.02021428979999997,0.010250763299999936,0,-0.10219999999999987,0.012133333333333995,0,0,80,-1
294,-576452107828,0.972670809121532,3.1421418468146407,2.3817909676635247e-5,4.691773895147922e-4,0.012670124550674513,0.01849854411486827,0,8858474,0.012,0.01841905979999997,0.013242813299999942,0,-0.3559499999999999,0.0733833333333338,0,0,80,-1
295,-576452107828,0.9726717843352303,3.1421480553814085,1.55792820336494e-4,6.627376629704508e-4,0.007924573122838084,0.012131513322522177,0,8858485,0.011,0.011238139799999968,0.007258713299999947,0,0.06405000000000015,0.012133333333333995,0,0,80,-1
296,-576452107828,0.9726742170938517,3.1421568126323467,2.499135017614962e-4,7.991291462071276e-4,0.007340645587740001,0.0066250719370025656,0,8858497,0.012,0.005852449799999977,0.007258713299999947,0,-0.05844999999999986,0.27463333333333395,0,0,80,-1
297,-576452107828,0.9726776963943646,3.142167073027711,3.317022140950422e-4,9.039684306738581e-4,0.0035953542107326686,0.021690835937540204,0,8858509,0.012,0.02380474979999997,0.0030698432999999438,0,0.09030000000000014,-0.1191166666666661,0,0,80,-1
298,-576452107827,0.9726815277679597,3.142178219426067,3.6643747932483677e-4,0.00112744466169041,5.106198541730144e-4,0.011999539142524192,0,8858520,0.011,0.010639729799999966,7.779329999994643e-5,0,0.055300000000000155,-0.1453666666666661,0,0,80,-1
299,-576452107823,0.9726855968073478,3.1421913342348002,3.7308978290527154e-4,0.0012575965627980902,0.0011806059298477747,0.010807050738284587,0,8858531,0.011,0.010639729799999966,0.0012746132999999521,0,0.16030000000000016,0.029633333333333844,0,0,80,-1
300,-576452107811,0.9711947264742615,3.1411204521658416,-3.6017193955670024e-4,5.034334973159543e-4,-3.115321092778475e-4,0.015907217654195654,0,8858543,0.012,0.016623829799999962,-5.206167000000564e-4,0,0.04655000000000015,0.14338333333333386,0,1,82,2
301,-576452107800,0.9711904553912685,3.1411275601850197,0.0,0.0,0.0,0.0,1,8858555,0.012,0.008844499799999975,0.006061893299999941,0,-0.05844999999999986,-0.08411666666666606,0,0,82,-1
302,-576452107788,0.9711903846065806,3.1411276831598913,0.0,0.0,0.0,0.0,1,8858566,0.011,0.012434959799999975,-0.007103126700000071,0,-0.02344999999999986,0.06463333333333399,0,0,82,-1
303,-576452107778,0.9711903967692813,3.1411278369526348,0.0,0.0,0.0,0.0,1,8858577,0.011,0.016025419799999965,0.0012746132999999521,0,0.19530000000000014,0.05588333333333395,0,0,82,-1
304,-576452107766,0.9711904032116842,3.1411280298721693,0.0,0.0,0.0,0.0,1,8858588,0.011,0.02021428979999997,6.762032999999493e-4,0,0.13405000000000014,0.00338333333333396,0,0,82,-1
305,-576452107754,0.9756119835144309,3.1388085610751526,0.0023658713532951894,-0.0021200576274763862,9.962497150503994e-7,-2.317507284646075e-6,1,8858600,0.012,0.023206339799999965,0.008455533299999936,0,-0.12844999999999987,0.09088333333333387,0,1,83,1
306,-576452107743,0.9756403535880257,3.1387833181613733,0.0,0.0,0.0,0.0,1,8858612,0.012,0.017820649799999966,-0.002315846700000065,0,0.03780000000000014,0.13463333333333383,0,0,83,-1
307,-576452107732,0.9756403370116847,3.138783429313191,0.0,0.0,0.0,0.0,1,8858623,0.011,0.011238139799999968,-0.0017174367000000453,0,-0.20719999999999986,0.1258833333333338,0,0,83,-1
308,-576452107720,0.9756403550631768,3.1387835831223962,0.0,0.0,0.0,0.0,1,8858634,0.011,0.016025419799999965,0.001873023299999938,0,0.02905000000000016,0.09088333333333387,0,0,83,-1
309,-576452107709,0.9756402379633287,3.138783811051829,-1.5630309176101456e-5,3.042094545739738e-5,-0.009377769177412267,0.0182517522098711,0,8858646,0.012,0.020812699799999973,-0.010693586700000054,0,0.18655000000000016,0.2571333333333339,0,0,83,-1
310,-576452107697,0.9756396036469002,3.1387852869435413,-1.0422581381739646e-4,2.3632643529834845e-4,-3.6134152123480645e-5,0.021547136450089502,0,8858657,0.011,0.02200951979999997,0.0012746132999999521,0,-0.049699999999999855,0.0733833333333338,0,0,83,-1
311,-576452107685,0.983059187705527,3.1439674461057607,0.003588437277757606,0.004710243920074699,0.007411952902470759,0.008312991059251167,0,8858669,0.012,0.006450859799999979,0.008455533299999936,0,-0.08469999999999986,0.2396333333333338,0,1,84,2
312,-576452107673,0.9831026936000004,3.144024573908938,0.0036656811548344955,0.004810784017105072,4.554649810125863e-4,0.008779099057133206,0,8858681,0.012,0.008844499799999975,-5.206167000000564e-4,0,-0.09344999999999984,0.09088333333333387,0,0,84,-1
313,-576452107662,0.9831429271415701,3.1440780717355654,0.0036546153462743195,0.0049139947616065145,-0.009846502652076601,0.013034670286407701,0,8858692,0.011,0.013631779799999962,-0.011291996700000057,0,-0.09344999999999984,-0.12786666666666613,0,0,84,-1
314,-576452107651,0.9831826102105602,3.144132954457658,0.0,0.0,0.0,0.0,1,8858703,0.011,0.017222239799999962,-0.0017174367000000453,0,-0.05844999999999986,0.11713333333333398,0,0,84,-1
315,-576452107640,0.9831827194573886,3.1441331131105583,0.0,0.0,0.0,0.0,1,8858714,0.011,0.016623829799999962,0.011447583299999934,0,-0.005949999999999844,0.09088333333333387,0,0,84,-1
316,-576452107629,0.9831827658443681,3.144133357206721,6.585112740302674e-6,3.4650818222654814e-5,0.004266438915073326,0.022449970084482046,0,8858725,0.011,0.02559997979999996,0.004865073299999936,0,0.25655000000000017,0.05588333333333395,0,0,84,-1
317,-576452107617,0.9870052012002055,3.1421623887774635,0.002082539671120483,-0.0014971174000691025,0.003217973891847284,0.02311117299529064,0,8858737,0.012,0.023206339799999965,0.0030698432999999438,0,-0.11969999999999983,0.10838333333333394,0,1,85,1
318,-576452107604,0.987030499539648,3.142146002361153,0.0021315250109253787,-0.0012311137433736333,0.009385397188845842,0.01637252573068601,0,8858749,0.012,0.015427009799999964,0.010250763299999936,0,-0.06719999999999984,0.16963333333333397,0,0,85,-1
319,-576452107595,0.9870543743088399,3.142133358302178,0.0022154764223153846,-0.0010637741492627048,-0.0029751485663054855,0.008196471750602534,0,8858760,0.011,0.007049269799999965,-0.004709486700000059,0,-0.07594999999999988,0.08213333333333384,0,0,85,-1
320,-576452107584,0.9870785651831253,3.142122250787633,0.0021828323419505005,-9.597577382933532e-4,-0.0029217492828831834,0.01716119741397807,0,8858771,0.011,0.01841905979999997,-0.002914256700000068,0,-0.07594999999999988,0.0996333333333339,0,0,85,-1
321,-576452107572,0.9871023596542187,3.1421125209752256,0.002145032568410102,-8.008754600699392e-4,-0.006588619282765101,-0.002202028974011311,0,8858782,0.011,-0.004918930200000041,-0.007103126700000071,0,0.02030000000000015,0.2571333333333339,0,0,85,-1
322,-576452107559,0.9871256256721478,3.142103694863144,0.0020823910474066704,-8.085258108912731e-4,-2.177138786856334e-4,0.008534808158588045,0,8858793,0.011,0.010041319799999962,6.762032999999493e-4,0,-0.02344999999999986,0.1258833333333338,0,0,85,-1
323,-576452107523,0.9821671016737151,3.1387144026167264,-3.8469042158388285e-4,-0.003470233335625706,0.0021396426456417395,0.01772447538668662,0,8858805,0.012,0.01901746979999997,0.002471433299999941,0,0.04655000000000015,-0.0928666666666661,0,1,86,2
324,-576452107522,0.9821628819388546,3.138677234590117,-3.7787543339542915e-4,-0.00328494588841386,-0.008589714582094479,0.01151148898146059,0,8858816,0.011,0.010639729799999966,-0.01009517670000007,0,-0.04094999999999985,0.11713333333333398,0,0,86,-1
325,-576452107522,0.9821584086670693,3.1386419083725725,-4.4358708018650604e-4,-0.003142471516502932,0.01003160133094945,0.02176731937936355,0,8858827,0.011,0.023206339799999965,0.012644403299999938,0,-0.18969999999999984,0.16963333333333397,0,0,86,-1
326,-576452107420,0.982154075422237,3.138608620463753,-3.418536571527693e-4,-0.002908373682862291,0.004451246422545808,0.018306277039398612,0,8858838,0.011,0.017820649799999966,0.0036682532999999466,0,-0.34719999999999984,-0.005366666666666076,0,0,86,-1
327,-576452107420,0.9821506168028858,3.138577799718823,-2.8827993879212494e-4,-0.002697942253552698,0.00743803917033831,0.02417773175759139,0,8858849,0.011,0.025001569799999967,0.007857123299999942,0,0.04655000000000015,-0.03161666666666607,0,0,86,-1
328,-576452107419,0.9821478540807516,3.1385495016809744,-2.1237396516366218e-4,-0.002443831515276582,0.0036073382331346616,0.01650376296150867,0,8858860,0.011,0.015427009799999964,0.0030698432999999438,0,0.011550000000000143,-0.04036666666666611,0,0,86,-1
329,-576452107419,0.9821457424966918,3.1385236876156486,-1.7180083414472603e-4,-0.0022524080819578754,0.004185535096675736,0.022906382705424524,0,8858871,0.011,0.02380474979999997,0.00426666329999995,0,0.16905000000000014,0.00338333333333396,0,0,86,-1
330,-576452107418,0.982144158029994,3.1385002199538254,-1.1836049530839925e-4,-0.0020113713202938107,0.008979675798377794,0.01582254959334832,0,8858882,0.011,0.014828599799999969,0.009652353299999942,0,-0.14594999999999983,0.05588333333333395,0,0,86,-1
331,-576452107418,0.9821434057478619,3.138479014133267,0.0,0.0,0.0,0.0,1,8858893,0.011,0.01183654979999997,0.009652353299999942,0,-0.14594999999999983,0.0733833333333338,0,0,86,-1
332,-576452107418,0.9821433950796893,3.138479144091002,0.0,0.0,0.0,0.0,1,8858904,0.011,0.013631779799999962,-0.0011190267000000594,0,-0.02344999999999986,0.0733833333333338,0,0,86,-1
333,-576452107418,0.9821433730017072,3.138479353917406,0.0,0.0,0.0,0.0,1,8858915,0.011,0.02200951979999997,-0.002315846700000065,0,0.04655000000000015,0.11713333333333398,0,0,86,-1
334,-576452107417,0.982143341117079,3.1384795423444283,0.0,0.0,0.0,0.0,1,8858927,0.012,0.017222239799999962,-0.002914256700000068,0,0.04655000000000015,-0.0666166666666661,0,0,86,-1
335,-576452107415,0.9821433890510819,3.1384796943417954,0.0,0.0,0.0,0.0,1,8858938,0.011,0.015427009799999964,0.004865073299999936,0,-0.22469999999999987,0.10838333333333394,0,0,86,-1
336,-576452107403,0.9860395353627233,3.141427786545152,0.0019271356595939257,0.0024507697481953644,7.676948059513734e-7,2.6877829181575867e-6,1,8858950,0.012,0.009442909799999977,-0.0011190267000000594,0,0.15155000000000016,0.14338333333333386,0,1,88,2
337,-576452107392,0.9860626429749426,3.1414574333989824,0.0,0.0,0.0,0.0,1,8858962,0.012,0.021411109799999967,-0.0011190267000000594,0,0.04655000000000015,-0.11036666666666606,0,0,88,-1
338,-576452107380,0.9860626299991955,3.1414575402164746,0.0,0.0,0.0,0.0,1,8858974,0.012,0.009442909799999977,-0.0011190267000000594,0,-0.049699999999999855,0.0733833333333338,0,0,88,-1
339,-576452107370,0.9860625535815302,3.1414575804643254,0.0,0.0,0.0,0.0,1,8858985,0.011,0.004057219799999968,-0.007701536700000057,0,-0.06719999999999984,-0.04036666666666611,0,0,88,-1
340,-576452107360,0.983811481222362,3.1425674366617646,-0.0011717994032793555,0.0010066682887869428,-3.4321288781742e-7,8.074907594720436e-7,1,8858995,0.01,0.027993619799999973,-0.00829994670000006,0,-0.049699999999999855,0.06463333333333399,0,1,89,1
341,-576452107349,0.9837985993485834,3.142578574339251,0.0,0.0,0.0,0.0,1,8859006,0.011,0.007049269799999965,6.762032999999493e-4,0,-0.05844999999999986,-0.022866666666666147,0,0,89,-1
342,-576452107338,0.9837986229805019,3.1425786467334573,0.0,0.0,0.0,0.0,1,8859017,0.011,0.007647679799999968,0.002471433299999941,0,-0.09344999999999984,-0.07536666666666614,0,0,89,-1
343,-576452107328,0.9837986009949389,3.14257881643244,0.0,0.0,0.0,0.0,1,8859028,0.011,0.017820649799999966,-0.002315846700000065,0,-0.11969999999999983,0.029633333333333844,0,0,89,-1
344,-576452107314,0.9837986411336214,3.142579057201513,0.0,0.0,0.0,0.0,1,8859040,0.012,0.02200951979999997,0.0036682532999999466,0,-0.005949999999999844,0.06463333333333399,0,0,89,-1
345,-576452107303,0.9837987833999227,3.142579144341656,0.0,0.0,0.0,0.0,1,8859051,0.011,0.008844499799999975,0.014439633299999938,0,-0.04094999999999985,-0.20661666666666612,0,0,89,-1
346,-576452107294,0.9835045265791231,3.142369095711038,-1.4652429445613272e-4,-1.7568329850531773e-4,-4.509011263136269e-8,-1.5777876464780976e-7,1,8859061,0.01,0.011238139799999968,-5.206167000000564e-4,0,-0.16344999999999985,0.14338333333333386,0,1,90,2
347,-576452107282,0.983502971534679,3.1423673740970566,0.0,0.0,0.0,0.0,1,8859072,0.011,0.023206339799999965,0.006660303299999944,0,-0.06719999999999984,-0.05786666666666607,0,0,90,-1
348,-576452107271,0.9835029491912171,3.142367537068849,0.0,0.0,0.0,0.0,1,8859083,0.011,0.017222239799999962,-0.002315846700000065,0,-0.049699999999999855,0.1258833333333338,0,0,90,-1
349,-576452107261,0.9835029327897048,3.1423676839732453,0.0,0.0,0.0,0.0,1,8859094,0.011,0.015427009799999964,-0.0017174367000000453,0,-0.05844999999999986,0.06463333333333399,0,0,90,-1
350,-576452107247,0.9835029221186725,3.1423678025011217,0.0,0.0,0.0,0.0,1,8859105,0.011,0.012434959799999975,-0.0011190267000000594,0,-0.05844999999999986,0.03838333333333388,0,0,90,-1
351,-576452107238,0.9835029913166679,3.142368006617575,0.0,0.0,0.0,0.0,1,8859116,0.011,0.021411109799999967,0.007258713299999947,0,-0.07594999999999988,-0.10161666666666613,0,0,90,-1
352,-576452107226,0.9860997355085587,3.141100607464142,0.001341596909567201,-0.0011473337342474443,5.587619374205219e-7,-1.3124962884424197e-6,1,8859128,0.012,0.020812699799999973,0.015038043299999942,0,0.0028000000000001357,-0.014116666666666111,0,1,91,1
353,-576452107213,0.986115732056248,3.1410869504158514,0.0,0.0,0.0,0.0,1,8859140,0.012,0.010041319799999962,-0.009496766700000065,0,-0.05844999999999986,-0.04036666666666611,0,0,91,-1
354,-576452107203,0.986115620965523,3.1410871147749293,0.0,0.0,0.0,0.0,1,8859151,0.011,0.016623829799999962,-0.011291996700000057,0,0.11655000000000015,0.047133333333333916,0,0,91,-1
355,-576452107193,0.9861155585950618,3.1410872398597403,0.0,0.0,0.0,0.0,1,8859162,0.011,0.013033369799999969,-0.006504716700000068,0,-0.02344999999999986,0.19588333333333385,0,0,91,-1
356,-576452107181,0.9861156906949935,3.141087255738409,0.0,0.0,0.0,0.0,1,8859173,0.011,0.0016635797999999566,0.013841223299999945,0,-0.07594999999999988,0.11713333333333398,0,0,91,-1
357,-576452107171,0.9861156743206699,3.1410874484821023,0.0,0.0,0.0,0.0,1,8859184,0.011,0.02021428979999997,-0.0017174367000000453,0,0.15155000000000016,-0.04911666666666614,0,0,91,-1
358,-576452107159,0.9861156978826439,3.141087595558144,0.0,0.0,0.0,0.0,1,8859195,0.011,0.015427009799999964,0.002471433299999941,0,-0.13719999999999985,0.029633333333333844,0,0,91,-1
359,-576452107147,0.9859741937676127,3.1409884640613868,-7.10114929950749e-5,-8.405377906526841e-5,-2.843000142359513e-8,-9.917397155642289e-8,1,8859207,0.012,0.017820649799999966,0.011447583299999934,0,0.17780000000000015,-0.18911666666666616,0,1,92,2
360,-576452107136,0.9859733708622357,3.1409876795105522,0.0,0.0,0.0,0.0,1,8859219,0.012,0.02021428979999997,0.0030698432999999438,0,0.07280000000000016,0.13463333333333383,0,0,92,-1
361,-576452107125,0.9859733238344968,3.140987802513553,0.0,0.0,0.0,0.0,1,8859230,0.011,0.012434959799999975,-0.004709486700000059,0,0.03780000000000014,0.18713333333333382,0,0,92,-1
362,-576452107111,0.9859733934509614,3.140987950566719,0.0,0.0,0.0,0.0,1,8859241,0.011,0.015427009799999964,0.007258713299999947,0,0.12530000000000016,0.19588333333333385,0,0,92,-1
363,-576452107103,0.9859734969902546,3.1409880521089666,0.0,0.0,0.0,0.0,1,8859252,0.011,0.010639729799999966,0.010849173299999938,0,-0.014699999999999852,0.2046333333333339,0,0,92,-1
364,-576452107092,0.9859734977314178,3.1409881478531214,0.0,0.0,0.0,0.0,1,8859263,0.011,0.010041319799999962,7.779329999994643e-5,0,0.04655000000000015,0.03838333333333388,0,0,92,-1
365,-576452107080,0.9797029113794259,3.1440713368896334,-0.0032320796544611226,0.0027966264314185337,-1.224957644048218e-6,2.881470412283812e-6,1,8859274,0.011,0.016623829799999962,0.006061893299999941,0,-0.06719999999999984,0.0996333333333339,0,1,93,1
366,-576452107068,0.979664104866732,3.144105043822857,0.0,0.0,0.0,0.0,1,8859286,0.012,0.013631779799999962,-0.002315846700000065,0,0.17780000000000015,-0.08411666666666606,0,0,93,-1
367,-576452107058,0.9796641356130555,3.1441052073641003,0.0,0.0,0.0,0.0,1,8859297,0.011,0.016623829799999962,0.0030698432999999438,0,0.09030000000000014,0.24838333333333384,0,0,93,-1
368,-576452107047,0.9796641822998514,3.1441052921753414,0.0,0.0,0.0,0.0,1,8859308,0.011,0.008844499799999975,0.004865073299999936,0,-0.10219999999999987,0.11713333333333398,0,0,93,-1
369,-576452107036,0.9796642572831253,3.1441054222566827,0.0,0.0,0.0,0.0,1,8859319,0.011,0.013631779799999962,0.007857123299999942,0,0.04655000000000015,0.029633333333333844,0,0,93,-1
370,-576452107026,0.9793076629386112,3.1438601602662035,-1.7985262681814214e-4,-2.0977727439750092e-4,-5.480858919060759e-8,-1.927813533917693e-7,1,8859329,0.01,0.014230189799999966,0.0012746132999999521,0,0.09905000000000015,0.10838333333333394,0,1,94,2
371,-576452107014,0.9793056544629292,3.143858014937543,0.0,0.0,0.0,0.0,1,8859340,0.011,0.017820649799999966,-0.002914256700000068,0,-0.06719999999999984,0.012133333333333995,0,0,94,-1
372,-576452107002,0.9793057529043733,3.143858032974863,0.0,0.0,0.0,0.0,1,8859352,0.012,0.0016635797999999566,0.009053943299999938,0,0.11655000000000015,0.16963333333333397,0,0,94,-1
373,-576452106991,0.9793058478831551,3.1438581200117603,0.0,0.0,0.0,0.0,1,8859363,0.011,0.008844499799999975,0.009652353299999942,0,0.09030000000000014,-0.005366666666666076,0,0,94,-1
374,-576452106969,0.9793058084560071,3.1438582622039655,0.0,0.0,0.0,0.0,1,8859374,0.011,0.014828599799999969,-0.0041110767000000735,0,0.16905000000000014,0.08213333333333384,0,0,94,-1
375,-576452106964,0.9793058605905319,3.1438583979948875,0.0,0.0,0.0,0.0,1,8859385,0.011,0.014230189799999966,0.005463483299999938,0,0.04655000000000015,0.02088333333333381,0,0,94,-1
376,-576452106954,0.9793059400176222,3.1438585013221703,0.0,0.0,0.0,0.0,1,8859397,0.012,0.009442909799999977,0.007258713299999947,0,0.04655000000000015,0.05588333333333395,0,0,94,-1
377,-576452106948,0.9695085738544249,3.148665051024095,-0.0050565273721258144,0.004387599044844997,-1.799665605113136e-6,4.215897553020858e-6,1,8859407,0.01,0.01841905979999997,0.0012746132999999521,0,-0.08469999999999986,-0.07536666666666614,0,1,95,1
378,-576452106937,0.9694529013547167,3.148713461515,0.0,0.0,0.0,0.0,1,8859418,0.011,0.016025419799999965,-0.005906306700000065,0,0.09030000000000014,-0.005366666666666076,0,0,95,-1
379,-576452106925,0.9694528796953836,3.1487135566219795,0.0,0.0,0.0,0.0,1,8859429,0.011,0.010041319799999962,-0.002315846700000065,0,-0.15469999999999987,0.06463333333333399,0,0,95,-1
380,-576452106915,0.9694529260688124,3.1487136579587642,0.0,0.0,0.0,0.0,1,8859440,0.011,0.010639729799999966,0.004865073299999936,0,0.06405000000000015,0.08213333333333384,0,0,95,-1
381,-576452106904,0.9694530637130293,3.1487137593784325,0.0,0.0,0.0,0.0,1,8859451,0.011,0.010639729799999966,0.014439633299999938,0,0.15155000000000016,0.012133333333333995,0,0,95,-1
382,-576452106891,0.9671630766107514,3.147137879647959,-0.0011617917156798367,-0.001363005423924256,-4.6716293646806386e-7,-1.664955267801319e-6,1,8859463,0.012,0.025001569799999967,-0.002315846700000065,0,0.08155000000000015,-0.04036666666666611,0,1,96,2
383,-576452106879,0.9671490892036841,3.1471215155747916,0.0,0.0,0.0,0.0,1,8859475,0.012,-7.300602000000378e-4,-0.0041110767000000735,0,-0.04094999999999985,0.029633333333333844,0,0,96,-1
384,-576452106806,0.9671490838680764,3.147121573459939,0.0,0.0,0.0,0.0,1,8859486,0.011,0.005852449799999977,-5.206167000000564e-4,0,0.23905000000000015,0.16963333333333397,0,0,96,-1
385,-576452106805,0.9671491132838833,3.147121704288638,0.0,0.0,0.0,0.0,1,8859497,0.011,0.013631779799999962,0.0030698432999999438,0,0.10780000000000015,0.0996333333333339,0,0,96,-1
386,-576452106805,0.9671491600049539,3.147121847023206,0.0,0.0,0.0,0.0,1,8859509,0.012,0.013033369799999969,0.00426666329999995,0,-0.11094999999999985,0.02088333333333381,0,0,96,-1
387,-576452106805,0.9671492283524513,3.147122020963692,0.0,0.0,0.0,0.0,1,8859521,0.012,0.015427009799999964,0.006061893299999941,0,-0.13719999999999985,-0.13661666666666616,0,0,96,-1
388,-576452106804,0.9671492156690414,3.147122243293867,0.0,0.0,0.0,0.0,1,8859533,0.012,0.019615879799999965,-0.0011190267000000594,0,0.04655000000000015,-0.022866666666666147,0,0,96,-1
389,-576452106804,0.9671490977012304,3.1471223844752547,0.0,0.0,0.0,0.0,1,8859544,0.011,0.014230189799999966,-0.01189040670000006,0,-0.06719999999999984,0.16963333333333397,0,0,96,-1
390,-576452106743,0.9671489662970244,3.147122463651028,0.0,0.0,0.0,0.0,1,8859555,0.011,0.00824608979999997,-0.013685636700000052,0,-0.014699999999999852,0.02088333333333381,0,0,96,-1
391,-576452106743,0.9661535476463586,3.147619219141657,-5.160742650508176e-4,4.564046381215986e-4,-2.3713083964403245e-7,5.510168042527955e-7,1,8859567,0.012,0.007647679799999968,0.007857123299999942,0,0.06405000000000015,-0.03161666666666607,0,1,97,1
392,-576452106742,0.9661473839221684,3.1476250143680047,0.0,0.0,0.0,0.0,1,8859579,0.012,0.028592029799999974,0.001873023299999938,0,-0.02344999999999986,-0.11036666666666606,0,0,97,-1
393,-576452106742,0.966147343533576,3.14762509592065,0.0,0.0,0.0,0.0,1,8859590,0.011,0.00824608979999997,-0.0041110767000000735,0,0.02030000000000015,0.00338333333333396,0,0,97,-1
394,-576452106742,0.9661473041295965,3.1476252152666446,0.0,0.0,0.0,0.0,1,8859601,0.011,0.012434959799999975,-0.0041110767000000735,0,0.13405000000000014,-0.0666166666666661,0,0,97,-1
395,-576452106741,0.9661472991683782,3.1476253453663294,0.0,0.0,0.0,0.0,1,8859612,0.011,0.013631779799999962,-5.206167000000564e-4,0,-0.005949999999999844,0.09088333333333387,0,0,97,-1
396,-576452106732,0.9724506147157053,3.152003406799341,0.0032146955695439715,0.003816245302789643,1.0855832029167045e-6,3.882383489412888e-6,1,8859623,0.011,0.014828599799999969,0.005463483299999938,0,-0.049699999999999855,0.0733833333333338,0,1,98,2
397,-576452106720,0.9724891878947313,3.1520494006559607,0.0,0.0,0.0,0.0,1,8859635,0.012,0.01841905979999997,7.779329999994643e-5,0,0.055300000000000155,-0.07536666666666614,0,0,98,-1
398,-576452106703,0.9724892531740091,3.152049505246119,0.0,0.0,0.0,0.0,1,8859646,0.011,0.010639729799999966,0.006660303299999944,0,0.09030000000000014,0.09088333333333387,0,0,98,-1
399,-576452106601,0.9724892595819349,3.152049722017546,0.0,0.0,0.0,0.0,1,8859657,0.011,0.022607929799999964,6.762032999999493e-4,0,0.011550000000000143,-0.12786666666666613,0,0,98,-1
400,-576452106600,0.9724892669803052,3.152049884391758,0.0,0.0,0.0,0.0,1,8859669,0.012,0.014828599799999969,6.762032999999493e-4,0,-0.13719999999999985,0.029633333333333844,0,0,98,-1
401,-576452106600,0.972489261849357,3.1520500246171568,0.0,0.0,0.0,0.0,1,8859680,0.011,0.014230189799999966,-5.206167000000564e-4,0,-0.14594999999999983,-0.07536666666666614,0,0,98,-1
402,-576452106600,0.9724893153650989,3.1520502272269613,0.0,0.0,0.0,0.0,1,8859692,0.012,0.01841905979999997,0.004865073299999936,0,-0.014699999999999852,0.08213333333333384,0,0,98,-1
403,-576452106600,0.9724893515420145,3.152050308551263,0.0,0.0,0.0,0.0,1,8859703,0.011,0.00824608979999997,0.0036682532999999466,0,-0.02344999999999986,-0.04911666666666614,0,0,98,-1
404,-576452106600,0.9724893637682722,3.152050404868924,0.0,0.0,0.0,0.0,1,8859714,0.011,0.010041319799999962,0.0012746132999999521,0,0.10780000000000015,-0.04911666666666614,0,0,98,-1
405,-576452106599,0.9724894216163465,3.15205056921913,0.0,0.0,0.0,0.0,1,8859725,0.011,0.017222239799999962,0.006061893299999941,0,-0.09344999999999984,0.029633333333333844,0,0,98,-1
406,-576452106599,0.9724893538888886,3.1520506877849748,0.0,0.0,0.0,0.0,1,8859736,0.011,0.012434959799999975,-0.007103126700000071,0,-0.014699999999999852,0.00338333333333396,0,0,98,-1
407,-576452106599,0.9724893717456368,3.152050880500935,0.0,0.0,0.0,0.0,1,8859747,0.011,0.02021428979999997,0.001873023299999938,0,-0.10219999999999987,0.02088333333333381,0,0,98,-1
408,-576452106498,0.9724893553725078,3.1520509819344658,0.0,0.0,0.0,0.0,1,8859758,0.011,0.010639729799999966,-0.0017174367000000453,0,-0.10219999999999987,-0.17161666666666608,0,0,98,-1
409,-576452106498,0.9734336574124739,3.1527808963651145,4.833046310536643e-4,6.376898392991741e-4,2.241756055694183e-7,7.970345378271987e-7,1,8859771,0.013,0.023206339799999965,0.007258713299999947,0,0.12530000000000016,-0.08411666666666606,0,1,100,2
410,-576452106498,0.973439522654994,3.1527887311217238,0.0,0.0,0.0,0.0,1,8859783,0.012,0.016025419799999965,0.006061893299999941,0,0.055300000000000155,-0.0666166666666661,0,0,100,-1
411,-576452106497,0.9734395466924756,3.152788902389799,0.0,0.0,0.0,0.0,1,8859794,0.011,0.017222239799999962,0.002471433299999941,0,0.14280000000000015,0.03838333333333388,0,0,100,-1
412,-576452106496,0.9734397312388122,3.1527893552499164,0.0,0.0,0.0,0.0,1,8859805,0.011,0.04714273979999997,0.019226913299999936,0,0.16905000000000014,0.02088333333333381,0,0,100,-1
413,-576452106496,0.9734396976986576,3.152789542487487,-4.7553524606525315e-6,2.6555410134281116e-5,-0.0030804423654958502,0.017202197741218356,0,8859816,0.011,0.019615879799999965,-0.0035126667000000707,0,0.3178000000000002,-0.10161666666666613,0,0,100,-1
414,-576452106496,0.9734395519033159,3.1527909040507907,-2.5455615891866037e-5,2.1985660734648774e-4,0.005461730343207969,0.019843659849378036,0,8859827,0.011,0.02021428979999997,0.006660303299999944,0,0.13405000000000014,-0.26786666666666614,0,0,100,-1
415,-576452106495,0.9734397575513836,3.1527948769190455,5.582934261134145e-5,4.454041486873001e-4,0.01490925782118386,0.012297026251255104,0,8859839,0.012,0.011238139799999968,0.01623486329999994,0,0.28280000000000016,-0.27661666666666607,0,0,100,-1
416,-576452106494,0.9734413987684045,3.152800327126978,2.3718323209227552e-4,5.53869061266796e-4,0.026042518508760264,-0.004899661290640683,0,8859850,0.011,-0.007312570200000036,0.02760465329999994,0,0.16905000000000014,-0.17161666666666608,0,0,100,-1
417,-576452106493,0.9734458795575801,3.1528053310670234,5.655038381595159e-4,3.8803721338003395e-4,0.0531265212330808,-0.07733581754877404,0,8859861,0.011,-0.08749951020000006,0.05692674329999995,0,0.15155000000000016,-0.0928666666666661,0,0,100,-1
418,-576452106480,0.972741372751328,3.1522010694311713,7.787064489026205e-4,-0.0012701374418242638,-0.00756387626636359,-0.14817328232624039,0,8859874,0.013,-0.15811189020000002,-0.016079276700000065,0,0.10780000000000015,0.16088333333333393,0,1,102,2
419,-576452106469,0.9727507414489036,3.1521730834352915,7.55429904216669e-4,-0.0033185308052840106,0.03219847186194299,-0.30750003706933793,0,8859886,0.012,-0.32985556019999995,0.03777762329999994,0,0.47530000000000017,-0.2853666666666661,0,0,102,-1
420,-576452106458,0.9727599189936283,3.1521189268157643,9.614819197552172e-4,-0.006570148255981249,-0.06261655103067132,-0.22372365712277303,0,8859897,0.011,-0.21196879020000003,-0.07592027670000004,0,0.14280000000000015,0.047133333333333916,0,0,102,-1
421,-576452106446,0.9727670156830243,3.152034325049439,3.1631523742800294e-4,-0.008861050466727567,-0.03440021868111294,-0.11370752092130094,0,8859908,0.011,-0.09827089020000004,-0.030441116700000066,0,-0.005949999999999844,-0.10161666666666613,0,0,102,-1
422,-576452106435,0.972769005766098,3.151930715569599,2.1853232910363653e-5,-0.01000668408264351,0.01997511801614983,-0.0455934943580099,0,8859919,0.011,-0.036036250200000036,0.02760465329999994,0,0.17780000000000015,-0.2328666666666661,0,0,102,-1
423,-576452106424,0.9696533501579452,3.1533157446507567,-0.0013486397837484312,-0.008982651245245547,0.02614059747989256,0.07561599384197891,0,8859930,0.011,0.09262189979999996,0.02700624329999994,0,0.15155000000000016,0.21338333333333392,0,1,103,1
425,-576452106318,0.9696246840597252,3.1530990371418546,-0.0012122398319359459,-0.010168305118042434,-0.14778946404715612,-0.4311153138413606,0,8859954,0.012,-0.4770644202,-0.16987064670000007,0,0.19530000000000014,0.09088333333333387,0,0,103,-1
426,-576452106317,0.9696015439241213,3.152963025739292,-0.0029573982863228096,-0.014645079965722233,-0.224354334195847,-0.26097483338910393,0,8859965,0.011,-0.2371020102,-0.23509733670000005,0,0.07280000000000016,0.029633333333333844,0,0,103,-1
427,-576452106317,0.9695562435904829,3.1527854739030374,-0.005311709357287436,-0.017609972049481556,-0.1508606356700175,-0.32190474642365463,0,8859976,0.011,-0.3304539702,-0.14054855670000008,0,0.07280000000000016,0.178383333333334,0,0,103,-1
428,-576452106317,0.9694890317082796,3.1525702941000358,-0.006922382308172045,-0.02143387973700755,-0.11925200963076296,-0.5052023843553803,0,8859987,0.011,-0.5309213201999999,-0.11481692670000004,0,0.13405000000000014,0.03838333333333388,0,0,103,-1
429,-576452106317,0.9694071851587054,3.1523023705675013,-0.008019177236695088,-0.02721626240077374,0.020029874547426663,-0.6510793233249311,0,8859998,0.011,-0.6715476702000001,0.03957285329999994,0,0.02030000000000015,0.19588333333333385,0,0,103,-1
430,-576452106317,0.9693206918155695,3.151963959632985,-0.007727038822098459,-0.034327273002552186,0.06655566664431006,-0.6181257025956435,0,8860009,0.011,-0.6135019002000002,0.07308381329999994,0,0.03780000000000014,-0.005366666666666076,0,0,103,-1
431,-576452106316,0.9692408158337387,3.1515508612065086,-0.0068394876215157,-0.040857160097052474,0.1672652215562046,-0.44351824568305637,0,8860020,0.011,-0.41901865020000006,0.18139602329999996,0,-0.005949999999999844,0.2571333333333339,0,0,103,-1
432,-576452106316,0.9691754021580197,3.151078524232399,-0.005042000843082595,-0.045178655671228495,0.13977419576057404,-0.08250238993041004,0,8860031,0.011,-0.03184738020000003,0.13591686329999994,0,0.03780000000000014,0.4321333333333339,0,0,103,-1
433,-576452106311,0.9691269163728977,3.1505739299586657,-0.0037146256575537793,-0.04646066770056194,0.0036228575589601075,-0.3251334921693496,0,8860042,0.011,-0.35917765020000003,-0.01548086670000006,0,0.02030000000000015,0.397133333333334,0,0,103,-1
434,-576452106302,0.9651900935718162,3.1520759929242606,-0.005803348289872182,-0.049000936530229966,-0.08502538922438564,-0.8215139280112019,0,8860053,0.011,-0.8911641402000001,-0.09746303670000007,0,0.04655000000000015,0.36213333333333386,0,1,105,1
435,-576452106289,0.9651143353585127,3.1514329247000603,-0.006837402568021654,-0.05830504202431901,-0.09330873094393544,-0.48901094031221876,0,8860065,0.012,-0.44235664020000004,-0.09447098670000008,0,-0.049699999999999855,0.16963333333333397,0,0,105,-1
436,-576452106277,0.9650274312047522,3.150701235469605,-0.007714371121440929,-0.06375667885321719,0.05103531970109482,-0.24133509794522534,0,8860077,0.012,-0.20658310020000004,0.07128858329999994,0,0.15155000000000016,0.2046333333333339,0,0,105,-1
437,-576452106267,0.964946479414435,3.149988140272298,-0.007040102956837017,-0.06602069745025925,0.12337330522275022,0.009022419697233441,0,8860088,0.011,0.04415068979999996,0.13352322329999994,0,0.08155000000000015,0.047133333333333916,0,0,105,-1
438,-576452106255,0.9648776223103748,3.1492615605964462,-0.005524871494737532,-0.06604821705290724,0.2256846504716858,-0.07299885618276135,0,8860099,0.011,-0.08450746020000006,0.24004020329999995,0,0.055300000000000155,0.00338333333333396,0,0,105,-1
439,-576452106244,0.9648280580518035,3.148464052237765,-0.002751939448361189,-0.06688067282672003,0.2645126522599763,-0.04688172778649477,0,8860111,0.012,-0.04321717020000004,0.26996070329999994,0,-0.05844999999999986,0.00338333333333396,0,0,105,-1
440,-576452106232,0.9648129058085091,3.1477249808080847,3.509658586061136e-5,-0.0674723373476933,0.18585075479022634,-0.09562103050413086,0,8860122,0.011,-0.10245976020000006,0.17481351329999995,0,-0.11094999999999985,0.05588333333333395,0,0,105,-1
441,-576452106220,0.9691488395782828,3.1501081937946944,0.004270588588140355,-0.06558038436004265,0.0502258561937398,0.0715609928114719,0,8860134,0.012,0.09501553979999997,0.031195113299999935,0,0.16905000000000014,0.029633333333333844,0,1,106,2
442,-576452106207,0.9692032828051254,3.1493187749864227,0.004793255950308992,-0.06573458160652178,0.002574938991118998,-0.5307810572202576,0,8860146,0.012,-0.6152971302000002,-0.0041110767000000735,0,-0.005949999999999844,0.30088333333333384,0,0,106,-1
443,-576452106196,0.9692622755212066,3.148495687147423,0.0049936222009953285,-0.07158910604416434,0.10324139839179627,-0.22495893359966573,0,8860158,0.012,-0.18204829020000005,0.11736615329999994,0,-0.03219999999999984,0.0733833333333338,0,0,106,-1
444,-576452106184,0.9693308226115627,3.1476249928525504,0.006387677743534582,-0.07369334094025239,0.1953942792340908,0.12858756383849956,0,8860170,0.012,0.1781945298,0.20832447329999995,0,0.16030000000000016,0.047133333333333916,0,0,106,-1
445,-576452106172,0.969420529246606,3.1467422792503847,0.008600407433282099,-0.07314618754725034,0.11699654009464884,-0.46288992951760255,0,8860182,0.012,-0.5458815701999999,0.10599636329999995,0,-0.04094999999999985,0.02088333333333381,0,0,106,-1
446,-576452106161,0.966910621731576,3.147242854444115,0.008531687567574591,-0.07699464722021979,0.1073493844204757,-0.41916790910286145,0,8860193,0.011,-0.4130345502000001,0.10599636329999995,0,0.09030000000000014,-0.12786666666666613,0,1,107,1
447,-576452106149,0.9670199768775413,3.1462936975710667,0.009701509075887875,-0.08135638580623536,0.03636747680347817,-0.018631986329466388,0,8860205,0.012,0.037568179799999976,0.026407833299999944,0,0.21280000000000016,-0.17161666666666608,0,0,107,-1
448,-576452106135,0.9671283241883684,3.1453959876144055,0.010023308286111936,-0.08179209245113248,-0.013824060455770441,-0.1666633419086424,0,8860216,0.011,-0.18743398020000007,-0.02086655670000007,0,0.08155000000000015,-0.13661666666666616,0,0,107,-1
449,-576452106127,0.967237807877571,3.1444843853983624,0.009880351303549828,-0.08388060425576356,-0.007930119798956995,-0.3318158337784969,0,8860227,0.011,-0.3549887802000001,-0.007103126700000071,0,-0.12844999999999987,-0.005366666666666076,0,0,107,-1
450,-576452106115,0.9673565310010126,3.1434541323590666,0.009882610700222706,-0.08783503871313166,0.05052060976527875,-0.31540300411111594,0,8860239,0.012,-0.3131000802,0.05872197329999994,0,-0.04094999999999985,-0.0666166666666661,0,0,107,-1
451,-576452106105,0.9674674748135966,3.1424676435184637,0.010324405317283385,-0.09147390538524414,-0.02257809961442747,-0.42411144533107337,0,8860250,0.011,-0.4393645902,-0.03283475670000006,0,-0.16344999999999985,-0.17161666666666608,0,0,107,-1
452,-576452106093,0.9631106518263695,3.1382787960486955,0.007636613960876291,-0.09897869812722991,-0.11606255239667373,-0.5083352071477953,0,8860261,0.011,-0.5201499402,-0.12917876670000009,0,-0.2771999999999999,-0.04911666666666614,0,1,108,2
453,-576452106081,0.9631938186986928,3.137055602040054,0.006231676866938659,-0.10492282293497308,-0.12336663339277353,-0.4147902761931208,0,8860273,0.012,-0.40166476019999997,-0.12439148670000005,0,-0.15469999999999987,-0.1453666666666661,0,0,108,-1
454,-576452106069,0.9632555076052436,3.1358758611486155,0.0049583073556942955,-0.10955427472506533,-0.06968854884481801,-0.45890620701998247,0,8860284,0.011,-0.4650962202,-0.06215684670000007,0,0.03780000000000014,0.047133333333333916,0,0,108,-1
455,-576452106059,0.963306966935846,3.134642412991376,0.0043519638985371175,-0.11468523785773013,0.034000185648384765,-0.512614061029828,0,8860295,0.011,-0.5201499402,0.04854900329999994,0,-0.04094999999999985,-0.1191166666666661,0,0,108,-1
456,-576452106048,0.9633577139575948,3.133349053681417,0.004842060645540569,-0.12043869444247124,0.1092073007038303,-0.5869189334542007,0,8860306,0.011,-0.5973448302,0.11975979329999994,0,-0.014699999999999852,0.18713333333333382,0,0,108,-1
457,-576452106037,0.9634248120254854,3.131860559313713,0.006303525114489522,-0.12761152434215975,0.1998018083538028,-0.6648077689140821,0,8860318,0.012,-0.6757365402000001,0.2125133433,0,-0.3121999999999998,0.012133333333333995,0,0,108,-1
458,-576452106025,0.9611721771722459,3.1315764801624093,0.007190159277920095,-0.13401291501974613,0.13223215050789,-0.7410373702901453,0,8860329,0.011,-0.7517346102000001,0.12275184329999994,0,-0.08469999999999986,0.11713333333333398,0,1,109,1
459,-576452106013,0.9612665484420632,3.1299163029752206,0.008580118046908355,-0.14272492112371338,0.014239928021357914,-0.6328682426733696,0,8860341,0.012,-0.6176907702000001,-0.002315846700000065,0,0.0028000000000001357,-0.03161666666666607,0,0,109,-1
460,-576452106002,0.9613612010301796,3.1283089316589554,0.00865441157882035,-0.14956265457833168,-0.038587440572589636,-0.5534363864668033,0,8860352,0.011,-0.5422911102000001,-0.04599977670000007,0,-0.18969999999999984,-0.15411666666666612,0,0,109,-1
461,-576452105991,0.9614544245429879,3.1266307050632904,0.008280726217544922,-0.15558750481357564,-0.005729415795842324,-0.5127006501022747,0,8860363,0.011,-0.5069849202000001,-0.0011190267000000594,0,-0.04094999999999985,0.00338333333333396,0,0,109,-1
462,-576452105980,0.9615450842583367,3.1248880502466077,0.008206122022831193,-0.1612518777371348,-0.013231422023289696,-0.5286793150000161,0,8860374,0.011,-0.5309213201999999,-0.014284046700000054,0,-0.24219999999999983,-0.022866666666666147,0,0,109,-1
463,-576452105968,0.9616347065234133,3.1230813373732826,0.008082640889314322,-0.1672032208300202,0.001064015774167374,-0.6167089138273831,0,8860385,0.011,-0.6290605602,0.0030698432999999438,0,-0.014699999999999852,0.10838333333333394,0,0,109,-1
464,-576452105957,0.961731233703794,3.1210311462138587,0.008023130470816289,-0.17451683470447438,-0.04230781061689687,-0.5645674547067302,0,8860397,0.012,-0.5572513602,-0.048393416700000066,0,0.02905000000000016,-0.26786666666666614,0,0,109,-1
465,-576452105945,0.960418555465105,3.1179164074744072,0.0067353657384881405,-0.18221138437390785,-0.07860672029342666,-0.6122045831822998,0,8860409,0.012,-0.6188875902000002,-0.08369960670000007,0,-0.32094999999999985,-0.04911666666666614,0,1,110,2
466,-576452105933,0.960492933723603,3.115686667883002,0.005691794954994626,-0.18944226484196514,-0.13817455012029908,-0.5435468966127319,0,8860421,0.012,-0.5339133702,-0.14653265670000007,0,-0.17219999999999988,-0.0666166666666661,0,0,110,-1
467,-576452105884,0.9605483368791984,3.113571001968656,0.004331605034758066,-0.19527132520574222,-0.03582577184674267,-0.4474609519792441,0,8860432,0.011,-0.4339789002,-0.02146496670000007,0,-0.02344999999999986,-0.0666166666666661,0,0,110,-1
468,-576452105884,0.9605951330464069,3.111395093090777,0.004123256011756721,-0.2003138157579813,0.0843473072966912,-0.5253747380354392,0,8860443,0.011,-0.5363070102,0.10120908329999993,0,-0.10219999999999987,0.10838333333333394,0,0,110,-1
469,-576452105883,0.9606455414373276,3.109160751070175,0.005043929389607781,-0.20596597042935266,0.07971752874936934,-0.443125807056017,0,8860454,0.011,-0.4315852602000001,0.07906791329999995,0,-0.11094999999999985,-0.03161666666666607,0,0,110,-1
470,-576452105883,0.9607057272566082,3.1068687116171754,0.005903743372847243,-0.21078423474897412,0.06865230207407881,-0.40676643221038167,0,8860465,0.011,-0.40166476019999997,0.06709971329999995,0,-0.014699999999999852,0.09088333333333387,0,0,110,-1
471,-576452105781,0.9607741339004399,3.104525478663216,0.006561241654587291,-0.21525823996595891,0.005367041586269591,-0.4064907253042431,0,8860476,0.011,-0.4064520402,-0.0035126667000000707,0,0.02030000000000015,-0.0666166666666661,0,0,110,-1
472,-576452105780,0.9687249660696181,3.0980150454578825,0.010829778370777119,-0.22372734445335224,0.06475329834752248,-0.4641865224017241,0,8860488,0.012,-0.4722771402,0.07308381329999994,0,-0.21594999999999984,0.03838333333333388,0,1,111,1
473,-576452105780,0.9688585889257976,3.0952967934707925,0.01147526368762321,-0.2293104004420914,-0.013479923697343188,-0.47180638834199445,0,8860500,0.012,-0.4728755502,-0.02445701670000007,0,-0.005949999999999844,0.14338333333333386,0,0,111,-1
474,-576452105779,0.9689833654309618,3.092745776325827,0.0112390829014331,-0.23450828521567474,-0.06981148833275119,-0.47694221053955344,0,8860511,0.011,-0.4776628302,-0.07771550670000008,0,-0.08469999999999986,-0.07536666666666614,0,0,111,-1
475,-576452105779,0.9691133714218534,3.089897632140246,0.01042305340763931,-0.24019236721914575,-0.05680140326847494,-0.4534344070802551,0,8860523,0.012,-0.45013597020000007,-0.054975926700000066,0,-0.09344999999999984,0.05588333333333395,0,0,111,-1
476,-576452105778,0.969224754153052,3.0872292313906535,0.009821184498355671,-0.24502102693245298,-0.04208111589900767,-0.3513589368348662,0,8860534,0.011,-0.3370364802000001,-0.04001567670000006,0,-0.11094999999999985,-0.0928666666666661,0,0,111,-1
477,-576452105778,0.9693309211944029,3.0845115772553044,0.00945435105727625,-0.2490506524119257,0.02007955842419447,-0.457923252749476,0,8860545,0.011,-0.4728755502,0.02880147329999994,0,-0.05844999999999986,-0.08411666666666606,0,0,111,-1
478,-576452105778,0.9694358002295831,3.081744738381115,0.009627897235159505,-0.2540278513020254,-0.010580473332212511,-0.4190827634000003,0,8860556,0.011,-0.4136329602000001,-0.014882456700000057,0,-0.16344999999999985,-0.04911666666666614,0,0,111,-1
479,-576452105777,0.9695501332465974,3.0786672000166817,0.009442171534380062,-0.258927317671486,-0.045839743099529484,-0.3413595084791603,0,8860568,0.012,-0.3304539702,-0.05078705670000006,0,-0.09344999999999984,-0.21536666666666615,0,0,111,-1
480,-576452105774,0.9696503083613914,3.0757987554227015,0.00881093992584975,-0.26262565326270176,-0.12732055630988168,-0.305032228852427,0,8860579,0.011,-0.2999350602,-0.13875332670000007,0,-0.11969999999999983,-0.20661666666666612,0,0,111,-1
481,-576452105763,0.9747265817436169,3.0760818566687256,0.009780443237506924,-0.2633103720140407,-0.14994032073905808,-0.29111317887718835,0,8860591,0.012,-0.28916368020000005,-0.15311516670000005,0,-0.10219999999999987,-0.21536666666666615,0,1,112,2
482,-576452105751,0.9760063132953933,3.0723362753154824,0.008602548260265717,-0.2671219715725471,-0.14747643405319377,-0.17552758683783173,0,8860603,0.012,-0.15930871020000006,-0.14713106670000006,0,-0.04094999999999985,0.1258833333333338,0,1,113,1
483,-576452105741,0.9760856240398006,3.0696563849380722,0.007225523337048778,-0.26886208091997316,-0.079477300010247,-0.16497784065611973,0,8860613,0.01,-0.16349758020000008,-0.06993617670000005,0,-0.19844999999999988,-0.04036666666666611,0,0,113,-1
484,-576452105731,0.9761605562814618,3.0666887128636358,0.006388973938016966,-0.27070697455244436,-0.05484209239054498,-0.18467081170185423,0,8860624,0.011,-0.18743398020000007,-0.05138546670000006,0,-0.2771999999999999,-0.022866666666666147,0,0,113,-1
485,-576452105720,0.9762261474959885,3.0636992433808827,0.005590532552057636,-0.2728124828580916,-0.18143077221532283,-0.23274959902066042,0,8860635,0.011,-0.2394956502,-0.19919273670000007,0,0.07280000000000016,0.05588333333333395,0,0,113,-1
486,-576452105708,0.9762763607720986,3.060683869741756,0.003551319377052477,-0.27542316088823854,-0.20960182763470075,-0.2654292054192389,0,8860646,0.011,-0.27001456020000003,-0.21355457670000008,0,-0.21594999999999984,0.09088333333333387,0,0,113,-1
487,-576452105698,0.9763022731762803,3.05763801582441,0.001178793206505773,-0.2783628575339442,-0.25295127120476196,-0.27837155742160874,0,8860657,0.011,-0.28018753020000003,-0.2590337367,0,-0.14594999999999983,0.00338333333333396,0,0,113,-1
488,-576452105686,0.9754763438507702,3.05401620671191,-0.0019327810675930728,-0.28179279815667974,-0.19426262326864263,-0.21541696121638815,0,8860668,0.011,-0.20658310020000004,-0.18602771670000007,0,0.011550000000000143,0.0996333333333339,0,1,114,2
489,-576452105674,0.9754396979644505,3.0506193730330504,-0.00419155884781328,-0.2843517778360252,-0.1508313709756176,-0.19979842488814556,0,8860680,0.012,-0.19760695020000002,-0.14473742670000006,0,0.04655000000000015,0.09088333333333387,0,0,114,-1
490,-576452105662,0.9753798046253951,3.0471914298359177,-0.005836348628469413,-0.286924386403833,-0.05260169992816638,-0.30388160669038966,0,8860692,0.012,-0.3184857702,-0.03881885670000006,0,-0.20719999999999986,-0.0928666666666661,0,0,114,-1
491,-576452105651,0.9753129620056968,3.0440175918111514,-0.006340422514220617,-0.2901683309430955,-0.0048299471226125115,-0.24059606758042063,0,8860703,0.011,-0.23171632020000005,0.001873023299999938,0,-0.22469999999999987,0.2658833333333339,0,0,114,-1
492,-576452105640,0.9752432824590361,3.0408115795608692,-0.006343103056981879,-0.2927590553299395,0.02781187949225923,-0.2044709789444536,0,8860714,0.011,-0.19940218020000006,0.032391933299999946,0,-0.03219999999999984,-0.04911666666666614,0,0,114,-1
493,-576452105627,0.9751698469860534,3.037284630259751,-0.005918697929345107,-0.2950950900889608,0.08220698430408294,-0.13390395093619858,0,8860726,0.012,-0.12400252020000005,0.08983929329999994,0,-0.14594999999999983,-0.04036666666666611,0,0,114,-1
494,-576452105617,0.9853534029263087,3.0291148218070076,4.206383687598786e-4,-0.3012093069059738,0.07525832758126827,-0.2107649096645356,0,8860737,0.011,-0.22154335020000002,0.07428063329999994,0,-0.18094999999999986,-0.03161666666666607,0,1,115,1
495,-576452105606,0.9853624939307057,3.0257889659169184,0.0012349942802827624,-0.3034993503491157,0.06652927747727277,-0.1924038982187915,0,8860748,0.011,-0.18982762020000002,0.06530448329999995,0,-0.049699999999999855,-0.0928666666666661,0,0,115,-1
496,-576452105595,0.9853797568419715,3.0224391591126687,0.0019173643426701962,-0.30556937205268153,0.03449333415452356,-0.16233143096792374,0,8860759,0.011,-0.15811189020000002,0.029998293299999937,0,-0.10219999999999987,-0.1191166666666661,0,0,115,-1
499,-576452105475,0.9854655930224143,3.0122850706668367,0.0032905931094408198,-0.30922384205561865,0.036750705925269446,0.03964332836349935,0,8860792,0.011,0.05731570979999997,0.036580803299999944,0,-0.08469999999999986,0.11713333333333398,0,0,115,-1
500,-576452105474,0.9855043022951688,3.0088865575328656,0.0037359288909790483,-0.3087095781557323,0.06336534831871485,0.09030124476756132,0,8860803,0.011,0.09740917979999997,0.06709971329999995,0,-0.21594999999999984,-0.005366666666666076,0,0,115,-1
501,-576452105474,0.9855529509460917,3.0051884583731128,0.004396826629808445,-0.307637438808145,0.003666941459964018,0.08341513636072254,0,8860815,0.012,0.08244892979999997,-0.004709486700000059,0,-0.18969999999999984,-0.0666166666666661,0,0,115,-1
502,-576452105473,0.9856011959373067,3.0018095426016624,0.004389726237174613,-0.30671301385894145,-0.026768987709371635,0.08781559130166343,0,8860826,0.011,0.08843302979999997,-0.031039526700000066,0,-0.014699999999999852,-0.014116666666666111,0,0,115,-1
503,-576452105473,0.9856474436597924,2.998440857517507,0.004035958217590457,-0.3057689118965319,-0.06514934565281999,0.07366329306686269,0,8860837,0.011,0.07167754979999998,-0.07053458670000007,0,2.3303,-0.12786666666666613,0,0,115,-1
504,-576452105473,0.985687823433287,2.9950819570858567,0.0033087849737809135,-0.30494429212178226,-0.07197105598869834,0.0829422121708076,0,8860848,0.011,0.08424415979999998,-0.07292822670000004,0,0.02905000000000016,-0.19786666666666608,0,0,115,-1
505,-576452105473,0.985720221860589,2.9917328798719454,0.002567646198093627,-0.30399047675639035,-0.03922470638205337,0.10979804307429222,0,8860859,0.011,0.11356624979999996,-0.03462998670000005,0,0.011550000000000143,-0.32911666666666617,0,0,115,-1
506,-576452105472,0.9857487703951315,2.9880929081019962,0.0021718782915369664,-0.3026717659403,0.005737269489215151,0.11047869577047163,0,8860871,0.012,0.11057419979999997,0.012045993299999936,0,0.11655000000000015,-0.0928666666666661,0,0,115,-1
507,-576452105470,0.9857736481231651,2.9847689890111146,0.0023237658118357824,-0.30162485841178666,0.06269789050706302,0.0024583380108668673,0,8860882,0.011,-0.012698260200000028,0.07069017329999995,0,0.06405000000000015,-0.13661666666666616,0,0,115,-1
508,-576452105461,0.9862181863659342,2.981225783255748,0.003194197286950936,-0.30195396959444926,0.03454676756736354,-0.09374830299536306,0,8860893,0.011,-0.10724704020000005,0.03059670329999994,0,-0.07594999999999988,-0.014116666666666111,0,1,117,1
509,-576452105450,0.9862592827867865,2.9775954475722957,0.0036467145729498526,-0.3030978018896501,0.05732160996292027,-0.105061279102271,0,8860905,0.012,-0.10664863020000002,0.06051720329999995,0,-0.11969999999999983,-0.16286666666666616,0,0,117,-1
510,-576452105437,0.9863080890842161,2.9739506046494317,0.004454892427369441,-0.30437234991253,0.1288698116998171,-0.11327541489759042,0,8860917,0.012,-0.11442796020000004,0.13890891329999994,0,-0.09344999999999984,-0.04911666666666614,0,0,117,-1
511,-576452105425,0.9863715641379627,2.9702901371494206,0.006097429406753212,-0.3057112699697823,0.1859531339936352,-0.10116671169477509,0,8860929,0.012,-0.09946771020000006,0.19396263329999994,0,0.09905000000000015,-0.17161666666666608,0,0,117,-1
512,-576452105413,0.9867035867142315,2.9667803928131287,0.008600772696267009,-0.30578542006122555,0.2737928216279166,0.4959455310444016,0,8860941,0.012,0.5797276398,0.28611777329999993,0,0.03780000000000014,-0.07536666666666614,0,1,118,2
513,-576452105270,0.9868131372417038,2.9634436828619455,0.011372250952009187,-0.3007648461385217,0.1198211690621313,0.21729294898106444,0,8860952,0.011,0.1781945298,0.09821703329999994,0,0.0028000000000001357,-0.16286666666666616,0,0,118,-1
514,-576452105269,0.9869461576236562,2.9601456914391644,0.012784290603490275,-0.29876015208260553,0.18064150460686876,-0.03215317934157122,0,8860963,0.011,-0.06715357020000004,0.18917535329999993,0,-0.04094999999999985,-0.0928666666666661,0,0,118,-1
515,-576452105269,0.9870980623251134,2.9568595855424746,0.014820973841804624,-0.2988015361619955,0.21278981583265585,0.17015422724115772,0,8860974,0.011,0.1985404698,0.21730062329999994,0,0.07280000000000016,0.012133333333333995,0,0,118,-1
516,-576452105269,0.9872732166770453,2.9535838471481104,0.01705518055307658,-0.29681851955253924,0.14380154481618024,0.24227756892050556,0,8860985,0.011,0.25239736979999994,0.13412163329999993,0,0.04655000000000015,-0.05786666666666607,0,0,118,-1
517,-576452105268,0.9874706066236525,2.9503316579959296,0.01879074783093676,-0.29441515614083136,0.24341683104706363,0.07272789543204805,0,8860996,0.011,0.048937969799999974,0.25739409329999996,0,-0.05844999999999986,-0.15411666666666612,0,0,118,-1
518,-576452105268,0.9876914688198096,2.9470968423514834,0.021388436292243452,-0.2937072865517569,0.19165140560927796,0.013031741803739456,0,8861007,0.011,0.004655629799999971,0.18438807329999995,0,0.09905000000000015,-0.18036666666666612,0,0,118,-1
519,-576452105268,0.987938381382481,2.9438682540425223,0.0235029698907076,-0.2933646849168329,0.1957773517910072,0.1421283691236585,0,8861018,0.011,0.16024222979999994,0.19635627329999997,0,-0.13719999999999985,-0.27661666666666607,0,0,118,-1
520,-576452105268,0.9882083989862641,2.940647943081543,0.025605466875488394,-0.2920707710026596,0.16269929554464388,-0.03248076884402826,0,8861029,0.011,-0.05698060020000004,0.15805803329999993,0,-0.05844999999999986,-0.1453666666666661,0,0,118,-1
521,-576452105268,0.9884997726085116,2.9374331427984157,0.02737672767483222,-0.29243611171984807,0.15075746981240964,-0.03769786657277412,0,8861040,0.011,-0.038429890200000046,0.14908188329999994,0,0.13405000000000014,-0.34661666666666613,0,0,118,-1
522,-576452105268,0.9888098103842746,2.934214086394392,0.029002823365827136,-0.29284772925929137,0.12987130211266046,-0.03571593045972615,0,8861051,0.011,-0.03543784020000005,0.12694071329999995,0,0.011550000000000143,0.03838333333333388,0,0,118,-1
523,-576452105267,0.9891363740614317,2.930990477701995,0.030385323133988243,-0.2932580472226719,0.1000128983070683,-0.04701715762514645,0,8861062,0.011,-0.04860286020000003,0.09582339329999995,0,-0.20719999999999986,-0.22411666666666608,0,0,118,-1
524,-576452105267,0.9894766234558648,2.927759839859634,0.03147979443291381,-0.2940527687816932,0.09633890079565337,-0.2268320033686974,0,8861073,0.011,-0.25206226019999994,0.09582339329999995,0,-0.06719999999999984,-0.18911666666666616,0,0,118,-1
525,-576452105265,0.9898277948840619,2.924511500912307,0.03240680104266036,-0.2965529119226594,0.010348135936874156,-0.23006576348085836,0,8861084,0.011,-0.2305195002,-0.0017174367000000453,0,0.011550000000000143,-0.04911666666666614,0,0,118,-1
526,-576452105260,0.9807063394789235,2.926714317847381,0.027284258405359203,-0.2939637683015464,-0.042741563599520055,-0.15016878933659497,0,8861094,0.01,-0.13896277020000003,-0.050188646700000054,0,-0.24219999999999983,-0.04911666666666614,0,1,119,1
527,-576452105248,0.9864453937548768,2.9267151625702312,0.029467723000133207,-0.2928684840368721,-0.06973771514403275,-0.193341242334404,0,8861106,0.012,-0.19940218020000006,-0.07352663670000006,0,0.04655000000000015,-0.16286666666666616,0,1,120,2
528,-576452105237,0.986794369864255,2.9231865013929554,0.028680825708144037,-0.2952310006438472,-0.03999945417443335,-0.21859793275143993,0,8861118,0.012,-0.22214176019999998,-0.035826806700000054,0,-0.18969999999999984,-0.16286666666666616,0,0,120,-1
529,-576452105225,0.9871085805626466,2.9199258531024626,0.02839882987901412,-0.29761913971879705,0.061268325663792124,-0.20806149352543982,0,8861129,0.011,-0.20658310020000004,0.07547745329999994,0,0.06405000000000015,-0.014116666666666111,0,0,120,-1
530,-576452105213,0.9947523956887624,2.912681327862335,0.03304836472671347,-0.30336284742521213,0.02125345446909229,-0.11703273479596005,0,8861141,0.012,-0.10425499020000004,0.015636453299999943,0,-0.14594999999999983,-0.0928666666666661,0,1,121,1
531,-576452105202,0.9951161362897327,2.909336733261374,0.033132952987766105,-0.3047227239792983,-0.0744588511206738,-0.163552753607851,0,8861152,0.011,-0.17008009020000006,-0.08788847670000004,0,-0.11094999999999985,0.06463333333333399,0,0,121,-1
532,-576452105191,0.9954762052649959,2.9059763674367547,0.03232895772100221,-0.30631250542693,-0.0647201302320226,-0.028111842685556748,0,8861163,0.011,-0.009107800200000028,-0.06335366670000007,0,-0.17219999999999988,-0.0666166666666661,0,0,121,-1
533,-576452105180,0.9958274480577518,2.9026068776957827,0.031551649646765295,-0.30638781853064284,-0.10707831686776775,0.12342155192424942,0,8861174,0.011,0.14468356979999997,-0.11302169670000005,0,-0.17219999999999988,-0.16286666666666616,0,0,121,-1
534,-576452105167,0.9961683121860251,2.8992433228803782,0.030412722076656264,-0.30513747819885434,-0.08185329996113504,0.05390475944379193,0,8861185,0.011,0.04415068979999996,-0.07831391670000006,0,-0.014699999999999852,-0.3378666666666661,0,0,121,-1
535,-576452105158,0.9964977740140794,2.895891205444203,0.02949444747743152,-0.304383586326383,-0.09344319099773427,0.15817800761720352,0,8861196,0.011,0.17280883979999997,-0.09506939670000007,0,-0.005949999999999844,-0.05786666666666607,0,0,121,-1
536,-576452105146,0.9885605007557778,2.8869620345431097,0.024228102230462657,-0.30697751375860804,-0.06076034206982834,0.12062497754297086,0,8861208,0.012,0.11536147979999997,-0.056172746700000054,0,0.055300000000000155,-0.022866666666666147,0,1,122,2
537,-576452105134,0.9888474339170112,2.883286569755035,0.023572814983892482,-0.3055854266437343,-0.016854168351541694,0.08767116860428292,0,8861220,0.012,0.08304733979999997,-0.010693586700000054,0,0.011550000000000143,-0.08411666666666606,0,0,122,-1
538,-576452105124,0.9891063800908704,2.8799288967518994,0.023478559103776452,-0.30483372731961744,0.041550870710411476,-0.04862757336156279,0,8861231,0.011,-0.06775198020000002,0.04974582329999995,0,0.0028000000000001357,0.03838333333333388,0,0,122,-1
539,-576452105113,0.9893669838942253,2.876573002275456,0.023911039150563113,-0.3053377769519813,0.02564725777696662,-0.028664366184678155,0,8861242,0.011,-0.02586328020000004,0.023415783299999948,0,0.011550000000000143,-0.05786666666666607,0,0,122,-1
540,-576452105101,0.9896317241510609,2.8732126477989355,0.024216871283173,-0.3056395718773981,0.04100800905733385,-0.01991061960011465,0,8861253,0.011,-0.01868236020000004,0.04316331329999994,0,-0.049699999999999855,-0.05786666666666607,0,0,122,-1
541,-576452105090,0.9899001148537985,2.869850372504729,0.02460040868607945,-0.30572166002039314,-0.0027575105653561277,0.06880430386623623,0,8861264,0.011,0.08125210979999996,-0.008898356700000063,0,0.20405000000000015,-0.014116666666666111,0,0,122,-1
542,-576452105079,0.9931573181877951,2.8650098203469887,0.02622439543563236,-0.3062938789396808,7.792286071458187e-4,0.113304554475619,0,8861275,0.011,0.11955034979999996,0.0012746132999999521,0,0.06405000000000015,-0.005366666666666076,0,1,123,1
543,-576452105065,0.9934706916324175,2.8613424739375355,0.026048202118700858,-0.30493035008439984,-0.11056389338557245,0.11563315781979835,0,8861287,0.012,0.11595988979999998,-0.1261867167000001,0,0.09030000000000014,-0.03161666666666607,0,0,123,-1
544,-576452105056,0.993750109370927,2.857993566729081,0.024773838023921167,-0.3038902221471811,-0.14787934521127744,-0.03311704825350359,0,8861298,0.011,-0.05398855020000004,-0.15311516670000005,0,0.10780000000000015,-0.022866666666666147,0,0,123,-1
545,-576452105045,0.9940129592447102,2.854649322204625,0.02304600123005598,-0.3041765610448586,-0.2133450719141977,0.017325450535277946,0,8861309,0.011,0.024403159799999963,-0.2225307267000001,0,-0.12844999999999987,0.012133333333333995,0,0,123,-1
546,-576452105033,0.9942537842702207,2.851303861919012,0.02073132504068801,-0.304066318785568,-0.19253770831790387,-0.034718006590677496,0,8861320,0.011,-0.042020350200000035,-0.18961817670000009,0,0.15155000000000016,0.10838333333333394,0,0,123,-1
547,-576452105023,0.9944702652069121,2.847956671354119,0.018625461719455633,-0.30449940964863914,-0.18472964499024497,-0.06788545510901191,0,8861331,0.011,-0.07253926020000004,-0.1836340767000001,0,-0.07594999999999988,-0.05786666666666607,0,0,123,-1
548,-576452105011,0.9857559126501433,2.8385375727370805,0.011916112635931392,-0.31016145373603454,-0.15123447244371047,-0.06462529206055204,0,8861343,0.012,-0.06416152020000003,-0.14653265670000007,0,0.09030000000000014,-0.022866666666666147,0,1,124,2
549,-576452104999,0.9858888315324094,2.834810757541933,0.01020795237822145,-0.3109662780757887,-0.08781137519613819,-0.0820610120663553,0,8861355,0.012,-0.08450746020000006,-0.07891232670000004,0,-0.12844999999999987,-0.13661666666666616,0,0,124,-1
550,-576452104988,0.9859959829862504,2.831385281498421,0.009266487945551755,-0.3118526441264898,-0.07213567253435585,-0.07161177761249013,0,8861366,0.011,-0.07014562020000004,-0.06993617670000005,0,-0.03219999999999984,0.047133333333333916,0,0,124,-1
551,-576452104977,0.9860939102704105,2.827950308266452,0.008523829124553949,-0.31267731728375914,-0.039244962012026784,-0.09551533423430786,0,8861377,0.011,-0.09886930020000004,-0.03462998670000005,0,-0.2859499999999998,-0.15411666666666612,0,0,124,-1
552,-576452104966,0.9861858104298089,2.8245051613051055,0.00816480987601998,-0.3137163244771903,0.00783388602489734,-0.08796105888402271,0,8861388,0.011,-0.08690110020000004,0.014439633299999938,0,-0.08469999999999986,-0.0928666666666661,0,0,124,-1
553,-576452104954,0.9862840119439387,2.8207335431661167,0.008213373897152836,-0.3148638848949996,-0.01943415217013115,-0.1431826893818007,0,8861400,0.012,-0.15093097020000004,-0.023260196700000065,0,-0.005949999999999844,-0.24161666666666615,0,0,124,-1
554,-576452104942,0.9936746160817285,2.813352084413687,0.011961410414627425,-0.319997002636832,-0.07159149486195496,-0.13633799061259266,0,8861412,0.012,-0.13537231020000007,-0.07891232670000004,0,-0.12844999999999987,-0.014116666666666111,0,1,125,1
555,-576452104931,0.9938124920041516,2.8095022249162644,0.011035848832035084,-0.3216431195794266,-0.11107248349320632,-0.14231323866380752,0,8861424,0.012,-0.14315164020000004,-0.11661215670000007,0,0.0028000000000001357,-0.25036666666666607,0,0,125,-1
556,-576452104919,0.9939267507107967,2.8059557572557514,0.009756511249172865,-0.32317859115653297,-0.14794192587705218,-0.1231069422070014,0,8861435,0.011,-0.12041206020000003,-0.15311516670000005,0,0.03780000000000014,-0.0666166666666661,0,0,125,-1
557,-576452104909,0.9940253424336397,2.802393945123784,0.008160258909994016,-0.32444800770721804,-0.1278140831041847,-0.06826593486121141,0,8861446,0.011,-0.06057106020000003,-0.12498989670000005,0,-0.06719999999999984,-0.04911666666666614,0,0,125,-1
558,-576452104898,0.9941076450609081,2.798820726231452,0.006792961414891438,-0.3252217300407936,-0.10277198428143847,-0.0830337607553716,0,8861457,0.011,-0.08510587020000006,-0.09925826670000007,0,-0.13719999999999985,0.0996333333333339,0,0,125,-1
559,-576452104886,0.994176594254617,2.7952377474903964,0.005725543937711991,-0.32620837413119713,-0.061906659471183526,-0.13050652200699803,0,8861468,0.011,-0.13716754020000005,-0.056172746700000054,0,-0.2509499999999999,0.047133333333333916,0,0,125,-1
560,-576452104874,0.9922723651902767,2.7900283234507586,0.003970657103686459,-0.32881336548931694,-0.06212647206158675,-0.09961477074086522,0,8861480,0.012,-0.09527884020000005,-0.06215684670000007,0,0.16905000000000014,-0.08411666666666606,0,1,126,2
561,-576452104860,0.9923147848683771,2.786074778872059,0.0031236203581402277,-0.33009058478817893,-0.12250249112818337,-0.1482900884007868,0,8861492,0.012,-0.15511984020000003,-0.13097399670000007,0,0.04655000000000015,-0.18036666666666612,0,0,126,-1
562,-576452104850,0.9923432184218497,2.7821024301684503,0.0016234155200360108,-0.3319464070134696,-0.1404271450618068,-0.19363774990345006,0,8861504,0.012,-0.20000059020000005,-0.14294219670000005,0,0.16030000000000016,-0.16286666666666616,0,0,126,-1
563,-576452104838,0.9923524925064802,2.7781044348439985,-7.425942420111404e-5,-0.3343607438769261,-0.14788049860003546,-0.24749716511085298,0,8861516,0.012,-0.25505431019999997,-0.14892629670000004,0,0.08155000000000015,-0.22411666666666608,0,0,126,-1
564,-576452104827,0.9923435616863548,2.774411097455945,-0.0015860755954733214,-0.33713778284492113,-0.07427924673914199,-0.2824623941647137,0,8861527,0.011,-0.2873684502,-0.06395207670000007,0,-0.23344999999999985,0.09088333333333387,0,0,126,-1
565,-576452104817,0.9930629110152811,2.7706614124065387,-0.0018108053726384908,-0.340442350272573,-0.002249371649006661,-0.37440292040358614,0,8861537,0.01,-0.38730292020000007,0.007857123299999942,0,-0.04094999999999985,0.178383333333334,0,1,127,1
566,-576452104805,0.993042113816981,2.7665483287164125,-0.001685364404699606,-0.34504833077946895,0.09005312611972704,-0.4429163279294991,0,8861549,0.012,-0.45252961020000004,0.10300431329999994,0,-0.05844999999999986,0.09088333333333387,0,0,127,-1
567,-576452104794,0.993029488459613,2.7627280265691985,-6.305308429545395e-4,-0.3496378022918736,0.13132300637395156,-0.26137736245027393,0,8861560,0.011,-0.2359051902,0.13711368329999996,0,-0.03219999999999984,-0.05786666666666607,0,0,127,-1
568,-576452104783,0.9930303865308155,2.7588650483409913,7.983543838556448e-4,-0.35267546865044386,0.12118261604478772,-0.36656034147631655,0,8861571,0.011,-0.3813188202,0.11975979329999994,0,-0.014699999999999852,0.2396333333333338,0,0,127,-1
569,-576452104772,0.9930465263793115,2.7549637229765884,0.0021351075574886145,-0.35666766603155653,0.12360830851083326,-0.3406693131391886,0,8861582,0.011,-0.3370364802000001,0.12394866329999994,0,0.02030000000000015,0.10838333333333394,0,0,127,-1
570,-576452104762,0.9930773229408899,2.7510195745697144,0.003470960432477812,-0.3604425102190533,0.10816346651479601,-0.35847458004504346,0,8861593,0.011,-0.36097288020000007,0.10599636329999995,0,0.07280000000000016,0.00338333333333396,0,0,127,-1
571,-576452104750,0.9931219696848789,2.747032904147214,0.0046497257186580805,-0.3644020714999833,0.10101524726797044,-0.36906190673164146,0,8861604,0.011,-0.3705474402,0.10001226329999995,0,-0.06719999999999984,-0.0666166666666661,0,0,127,-1
572,-576452104738,0.9904417261421311,2.7408144753070944,0.004424962422802693,-0.3703797910426616,0.09331297719144004,-0.366693007086133,0,8861616,0.012,-0.36635857020000007,0.09223293329999994,0,0.14280000000000015,0.029633333333333844,0,1,128,2
573,-576452104726,0.9905012055545135,2.736343740526075,0.005500765058157681,-0.3747504936540254,0.06717652259272121,-0.34908207304056227,0,8861628,0.012,-0.34661104020000005,0.06350925329999994,0,0.055300000000000155,-0.0928666666666661,0,0,128,-1
574,-576452104715,0.9905657436744493,2.732201609233926,0.006235505198665155,-0.3784183272725728,0.06448527830840287,-0.2388109839755666,0,8861639,0.011,-0.22333858020000003,0.06410766329999995,0,-0.15469999999999987,-0.12786666666666613,0,0,128,-1
575,-576452104704,0.9906377266441619,2.7280241969668424,0.006872958432724884,-0.38109646155878407,0.017973731205989593,-0.27194759236258514,0,8861650,0.011,-0.2765970702000001,0.011447583299999934,0,0.08155000000000015,-0.022866666666666147,0,0,128,-1
576,-576452104693,0.9907215951815426,2.7234313165329707,0.007101845611176115,-0.3843788739407954,0.025894816608496626,-0.2833718455463316,0,8861662,0.012,-0.2849748102,0.02700624329999994,0,-0.18094999999999986,-0.26786666666666614,0,0,128,-1
577,-576452104681,0.99127868059868,2.718951574712427,0.007722169313828394,-0.3876596824573595,0.06727746203887638,-0.24279565554711335,0,8861673,0.011,-0.2371020102,0.07308381329999994,0,-0.10219999999999987,-0.0928666666666661,0,1,129,1
578,-576452104670,0.9913763412518881,2.7142816862710077,0.00855111986336724,-0.39063931306662486,0.080241015669331,-0.28240866309786744,0,8861685,0.012,-0.2879668602,0.08205996329999996,0,0.08155000000000015,-0.0666166666666661,0,0,129,-1
579,-576452104655,0.9914754878652088,2.7099674428076126,0.009465706105498748,-0.39376322241199596,0.10072812704708542,-0.29358026557879774,0,8861696,0.011,-0.29514778020000004,0.10360272329999995,0,0.12530000000000016,-0.18911666666666616,0,0,129,-1
580,-576452104647,0.9915854795887471,2.7056178804510056,0.01054192910807481,-0.39704987434559164,0.08015881353378637,-0.3306397536114528,0,8861707,0.011,-0.33583966020000006,0.07727268329999994,0,-0.02344999999999986,-0.18036666666666612,0,0,129,-1
581,-576452104635,0.9917175194253754,2.7008293272141066,0.011472502105569623,-0.4010373969063086,0.061359719717535496,-0.3425467067462578,0,8861719,0.012,-0.3442174002,0.05872197329999994,0,-0.005949999999999844,-0.21536666666666615,0,0,129,-1
582,-576452104623,0.9918467132935832,2.696397305037863,0.01204815694231663,-0.40478969996474184,-0.0023523954053033397,-0.332466726639994,0,8861730,0.011,-0.3310523802,-0.011291996700000057,0,-0.06719999999999984,-0.2853666666666661,0,0,129,-1
583,-576452104613,0.9934480231774059,2.6929069007347306,0.012745280843212354,-0.40756004273193236,-0.03380668332180073,-0.304461900091232,0,8861741,0.011,-0.30053347020000004,-0.03822044670000005,0,-0.05844999999999986,-0.29411666666666614,0,1,130,2
584,-576452104601,0.9935976988020264,2.6879954362118177,0.012230805177843257,-0.4110547899220669,-0.09907628122234641,-0.20918083708831997,0,8861753,0.012,-0.1958117202,-0.10823441670000006,0,-0.014699999999999852,-0.5391166666666661,0,0,130,-1
585,-576452104590,0.9937267582392274,2.6834618683825253,0.011212693104943815,-0.41325980481972485,-0.0530554772482311,-0.1476029173654149,0,8861764,0.011,-0.13896277020000003,-0.04659818670000007,0,0.08155000000000015,-0.3378666666666661,0,0,130,-1
586,-576452104579,0.9938474146153736,2.6789074789419636,0.01070351952935568,-0.4148271265693643,-0.004885783220064631,-0.11116316953822711,0,8861775,0.011,-0.10605022020000003,0.001873023299999938,0,-0.03219999999999984,-0.3116166666666661,0,0,130,-1
587,-576452104568,0.9939654248366252,2.674335699650336,0.010730212624304,-0.41632733828922613,0.04722176667841949,-0.2908761643235123,0,8861786,0.011,-0.31609213020000004,0.05453310329999994,0,-0.014699999999999852,-0.21536666666666615,0,0,130,-1
588,-576452104557,0.994086355277763,2.6697381920227468,0.011255498410212087,-0.41957082675984186,0.05100957652039385,-0.3192866991926659,0,8861797,0.011,-0.32327305019999997,0.05154105329999994,0,-0.04094999999999985,-0.1453666666666661,0,0,130,-1
589,-576452104545,0.9995911221945194,2.662435781912001,0.014907992127502144,-0.42546959378205285,0.057774418391192246,-0.19106632850970756,0,8861808,0.011,-0.17307214020000006,0.05872197329999994,0,0.055300000000000155,-0.21536666666666615,0,1,131,1
590,-576452104534,0.9997741067398597,2.65731557351167,0.015593915488739632,-0.4278725120338279,0.05335760683418542,-0.2571515259696494,0,8861820,0.012,-0.2664241002,0.052737873299999946,0,-0.12844999999999987,-0.26786666666666614,0,0,131,-1
592,-576452104466,1.0001626008834859,2.646967972634717,0.016733208629323794,-0.43462167559272863,-0.040340228996772406,-0.1849822068919242,0,8861844,0.013,-0.16708804020000007,-0.05377910670000006,0,0.36155000000000015,-0.17161666666666608,0,0,131,-1
593,-576452104466,1.000343344412655,2.642178217692952,0.016170148253840718,-0.4363484727314866,-0.11614831097789859,0.010708721353334477,0,8861855,0.011,0.03816658979999997,-0.12678512670000006,0,0.03780000000000014,-0.15411666666666612,0,0,131,-1
594,-576452104465,1.000513942034956,2.637379395545921,0.01485778639891224,-0.43617961878100386,-0.13859572555404992,0.04370918479048212,0,8861866,0.011,0.048339559799999966,-0.14174537670000006,0,0.16905000000000014,0.047133333333333916,0,0,131,-1
595,-576452104465,1.0006690197209847,2.6325860861912216,0.013337071052489156,-0.435412218380263,-0.13611004812474922,0.229342727495067,0,8861877,0.011,0.25538941979999996,-0.13576127670000007,0,-0.014699999999999852,0.02088333333333381,0,0,131,-1
596,-576452104465,1.000808129606244,2.6278112061297936,0.011930241527854244,-0.43277886324450554,-0.07755391908990378,0.3009887260861738,0,8861888,0.011,0.3110415498,-0.06933776670000007,0,-0.14594999999999983,0.0733833333333338,0,0,131,-1
597,-576452104455,0.9992166500470535,2.6219014610987945,0.010105333354186419,-0.4305504143185024,-0.11443037686707266,0.25207809053845515,0,8861899,0.011,0.24521644979999999,-0.11960420670000006,0,-0.10219999999999987,0.03838333333333388,0,1,132,2
598,-576452104339,0.9993315543840606,2.6167493140622073,0.008974757755110042,-0.4280243322034007,0.03111870837750097,-0.04728971746344124,0,8861911,0.012,-0.08929474020000006,0.05154105329999994,0,0.22155000000000016,-0.2328666666666661,0,0,132,-1
600,-576452104275,0.9995541428327295,2.60645184524324,0.009490852894798637,-0.43062701626033717,0.04691368927766477,-0.0544488561712608,0,8861935,0.012,-0.038429890200000046,0.05213946329999994,0,-0.08469999999999986,-0.25036666666666607,0,0,132,-1
604,-576452104100,1.0000949547591746,2.586882551349114,0.015538303343306015,-0.44153912213359936,0.11640464372911778,-0.41623680522632334,0,8861980,0.011,-0.42739639020000003,0.10719318329999995,0,-0.11094999999999985,-0.18036666666666612,0,0,132,-1
605,-576452104099,1.0002721859785226,2.5820010340964146,0.0167147588259601,-0.4460332048292746,0.04902680163133254,-0.36147563300184066,0,8861991,0.011,-0.35379196020000003,0.03957285329999994,0,0.02905000000000016,-0.08411666666666606,0,0,132,-1
606,-576452104098,1.0004579601627852,2.5770733862756496,0.01710437383243437,-0.44992614012925264,-0.047951215996780525,-0.30750746469948853,0,8862002,0.011,-0.2999350602,-0.06155843670000008,0,0.06405000000000015,-0.16286666666666616,0,0,132,-1
607,-576452104098,1.0006428778299088,2.572106693610527,0.016530144169760053,-0.45315267990818026,-0.07825130743119431,-0.20640692234019337,0,8862013,0.011,-0.19222126020000002,-0.08250278670000005,0,-0.005949999999999844,-0.29411666666666614,0,0,132,-1
608,-576452104098,1.0008203682534338,2.5671101010288435,0.015725182316377404,-0.4553415885085025,-0.04209658362676814,-0.1535589213139762,0,8862024,0.011,-0.14614369020000004,-0.03702362670000006,0,-0.23344999999999985,-0.4253666666666661,0,0,132,-1
609,-576452104097,1.0060085664602976,2.5653001809563265,0.017824908852449035,-0.45370311152669207,-0.09642164062312417,0.033995516243261054,0,8862036,0.012,0.060307759799999965,-0.10404554670000006,0,-0.11969999999999983,-0.1453666666666661,0,1,134,2
610,-576452104097,1.0062311482635817,2.5594045024794974,0.016446670748922358,-0.4533132764244633,-0.16555593613274333,0.005117161718526213,0,8862049,0.013,0.0010651697999999538,-0.17525633670000007,0,-0.12844999999999987,-0.1191166666666661,0,0,134,-1
611,-576452104096,1.0064143848462255,2.553965917047664,0.014179020575006713,-0.4531491554422317,-0.33097112116428123,0.065586579262114,0,8862061,0.012,0.07407118979999998,-0.3541809267000001,0,0.18655000000000016,-0.03161666666666607,0,0,134,-1
612,-576452104096,1.0065510657680836,2.5489864456203497,0.01063937132831072,-0.45226274068149425,-0.2663111096367035,0.17116052376294807,0,8862072,0.011,0.18597385979999995,-0.25723850670000004,0,0.09030000000000014,0.1258833333333338,0,0,134,-1
613,-576452104095,1.0066528851217311,2.5440230250110853,0.007836626020844284,-0.45022280257883696,-0.1843612764235023,0.2728384706333701,0,8862083,0.011,0.28710514979999996,-0.17286269670000007,0,0.09030000000000014,0.14338333333333386,0,0,134,-1
614,-576452104094,1.0067364050016148,2.5386403945392892,0.005991846480382847,-0.446895524270025,0.03615810448268425,0.3047664303824311,0,8862095,0.012,0.30924631979999995,0.06709971329999995,0,0.0028000000000001357,0.08213333333333384,0,0,134,-1
615,-576452104092,1.0068045837060329,2.5337425250375243,0.006400796406438576,-0.44360649387738404,0.04335089537624571,0.2640890163539458,0,8862106,0.011,0.25838146979999993,0.044360133299999945,0,-0.03219999999999984,-0.014116666666666111,0,0,134,-1
616,-576452104092,1.006878812916707,2.528878317103019,0.007046888593343332,-0.4407741245587055,0.15286483675190163,0.2171015895415127,0,8862117,0.011,0.2105086698,0.16823100329999993,0,-0.08469999999999986,-0.04036666666666611,0,0,134,-1
617,-576452104091,0.999969303499127,2.5276347714971474,0.00490953968884005,-0.4351195600926624,0.2655216564902009,0.16251845627111713,0,8862128,0.011,0.15485653979999997,0.28133049329999993,0,0.19530000000000014,-0.18036666666666612,0,1,135,1
618,-576452104090,1.0000480573431678,2.5224264081400936,0.008188881402865009,-0.43298464933760594,0.32136743654536126,0.2733494188178585,0,8862140,0.012,0.2889003798,0.3292032932999999,0,-0.13719999999999985,-0.17161666666666608,0,0,135,-1
619,-576452104089,1.000157718149025,2.5176796909151458,0.011743629303573807,-0.4300367048142403,0.3340116614563744,0.235558706272269,0,8862151,0.011,0.23025619979999998,0.3357858032999999,0,-0.08469999999999986,-0.19786666666666608,0,0,135,-1
620,-576452104089,1.0003067270460981,2.5129639408707303,0.01536420721720867,-0.42738868075755637,0.29935787067625175,0.2723660606900612,0,8862162,0.011,0.27753058979999995,0.29449551329999996,0,0.07280000000000016,-0.3116166666666661,0,0,135,-1
621,-576452104088,1.0005117592384687,2.507853213698096,0.018837439063853247,-0.424343647823772,0.22792232750392694,0.1383539183085763,0,8862174,0.012,0.11955034979999996,0.21789903329999996,0,0.09905000000000015,-0.21536666666666615,0,0,135,-1
622,-576452104088,1.000733021307956,2.5031946919068044,0.02138077776008788,-0.4226985943122224,0.25114378440005414,0.2173735357530927,0,8862185,0.011,0.22846096979999997,0.25440204329999994,0,-0.09344999999999984,-0.16286666666666616,0,0,135,-1
623,-576452104087,1.0009832172190412,2.4985583164602905,0.024116959126507114,-0.42028516173830754,0.23405958826711787,0.23181968551337614,0,8862196,0.011,0.2338466598,0.23166246329999993,0,-0.03219999999999984,-0.2591166666666661,0,0,135,-1
624,-576452104087,1.0012617849300722,2.4939481105749666,0.026566857414025615,-0.41789036702188903,0.1532408380297134,0.13126568528861854,0,8862207,0.011,0.11715670979999997,0.14190096329999996,0,-0.08469999999999986,-0.21536666666666615,0,0,135,-1
625,-576452104086,1.0015623445627744,2.489359853920895,0.02811809123212273,-0.4163618647937971,0.06615405140704135,0.18606426786150215,0,8862218,0.011,0.19375318979999998,0.05393469329999995,0,-0.03219999999999984,-0.3991166666666661,0,0,135,-1
626,-576452104084,1.0019035726460455,2.4843769726542666,0.02878476526792788,-0.4141204803576078,-0.010158901337418175,0.19123275661579517,0,8862230,0.012,0.19195795979999994,-0.02086655670000007,0,0.09905000000000015,-0.3378666666666661,0,0,135,-1
627,-576452104084,1.0086547957941345,2.4763428485880192,0.03209622914277276,-0.4153654907978246,-0.16805935572607297,0.09425714613562823,0,8862241,0.011,0.08065369979999996,-0.19021658670000008,0,0.03780000000000014,-0.3378666666666661,0,1,137,1
628,-576452104083,1.009027818041933,2.471363853204204,0.030079475229307363,-0.41442238993739894,-0.16807344044067368,-0.01842966114453641,0,8862253,0.012,-0.03424102020000003,-0.1680754167000001,0,-0.049699999999999855,-0.46036666666666615,0,0,137,-1
629,-576452104083,1.0093757776672296,2.4663884292751925,0.027946087156451496,-0.41477807282995693,-0.2373457684576103,-0.09841740586806982,0,8862265,0.012,-0.10964068020000002,-0.24706553670000006,0,0.12530000000000016,-0.3728666666666661,0,0,137,-1
630,-576452104076,1.0052674410600904,2.4578813661261187,0.022398444426706784,-0.41887782770663134,-0.25059368483552874,-0.19799962663680207,0,8862278,0.013,-0.21196879020000003,-0.2524512267000001,0,0.14280000000000015,-0.18911666666666616,0,1,138,2
631,-576452104064,1.0055176256472602,2.452842258056418,0.01932612300741937,-0.4210357316027537,-0.288957067497268,-0.069609622823502,0,8862290,0.012,-0.051594910200000024,-0.2943399267000001,0,0.12530000000000016,0.02088333333333381,0,0,138,-1
632,-576452104053,1.0057134526250426,2.4482067189982115,0.016246817979890426,-0.421792332775393,-0.22545653966862145,-0.06378234033045263,0,8862301,0.011,-0.06296470020000003,-0.21654662670000008,0,0.02905000000000016,-0.27661666666666607,0,0,138,-1
633,-576452104041,1.0058795278522914,2.4435623760398606,0.013907854352615183,-0.4226023413902721,-0.13420338763592243,-0.13391023528667736,0,8862312,0.011,-0.14375005020000003,-0.12139943670000006,0,-0.20719999999999986,-0.27661666666666607,0,0,138,-1
634,-576452104031,1.0060247056484721,2.4389059603413865,0.012475684448164432,-0.4240311569093522,-0.1056572802199687,-0.1052801033974653,0,8862323,0.011,-0.10126294020000004,-0.10165190670000009,0,-0.16344999999999985,-0.24161666666666615,0,0,138,-1
635,-576452104020,1.0061551447390265,2.4342355945981753,0.011256507454470254,-0.4251400617354257,-0.1425526043469493,-0.07341927083878713,0,8862334,0.011,-0.06894880020000002,-0.14772947670000006,0,-0.08469999999999986,-0.24161666666666615,0,0,138,-1
636,-576452104009,1.0163111058996057,2.424274024665547,0.015368473322902445,-0.4308622075972751,-0.1848737711460086,-0.13510093761462272,0,8862345,0.011,-0.14375005020000003,-0.19081499670000004,0,0.02030000000000015,0.16088333333333393,0,1,139,1
637,-576452103997,1.0164819651157142,2.4190936615667558,0.013116816632409175,-0.4325222933598341,-0.20477770719153973,-0.1584291168322389,0,8862357,0.012,-0.16170235020000007,-0.2075704767000001,0,-0.04094999999999985,-0.1191166666666661,0,0,139,-1
638,-576452103986,1.0166142200506658,2.414327677039388,0.010913610439316096,-0.43407809906428496,-0.17311631357711532,-0.03850171467056718,0,8862368,0.011,-0.021674410200000035,-0.1686738267000001,0,-0.03219999999999984,0.1258833333333338,0,0,139,-1
639,-576452103971,1.0167246879816443,2.409550282807761,0.00913536994455187,-0.43453071424613005,-0.09155343226446418,-0.05733070844663279,0,8862379,0.011,-0.05997265020000003,-0.08010914670000005,0,-0.10219999999999987,-0.022866666666666147,0,0,139,-1
640,-576452103963,1.01682031829969,2.4047668484559206,0.008224782629393565,-0.43517950993597054,-0.029039612297075676,-0.06909355648202956,0,8862390,0.011,-0.07074403020000002,-0.02026814670000005,0,-0.11094999999999985,0.0733833333333338,0,0,139,-1
641,-576452103938,1.0169175250216573,2.3995411224560974,0.007956466534235134,-0.4358212678595756,0.019060394731720505,0.04333571606871117,0,8862402,0.012,0.05911093979999998,0.025809423299999943,0,-0.014699999999999852,-0.04911666666666614,0,0,139,-1
642,-576452103937,1.0170059002487544,2.394749653493534,0.008124645180814226,-0.4353524580603364,-0.007557215319464645,0.03827785986314761,0,8862413,0.011,0.037568179799999976,-0.011291996700000057,0,0.14280000000000015,-0.07536666666666614,0,0,139,-1
643,-576452103836,1.0155500856255286,2.388887814113697,0.007187913290833539,-0.4358540477842001,-0.010307979110339571,0.027683933893649402,0,8862424,0.011,0.026198389799999965,-0.010693586700000054,0,-0.06719999999999984,-0.014116666666666111,0,1,140,2
644,-576452103835,1.0156356894135714,2.3836608391821694,0.007080256344214807,-0.43534822366332976,-6.753712558616384e-4,0.13186140616415565,0,8862436,0.012,0.14647879979999998,6.762032999999493e-4,0,-0.014699999999999852,0.029633333333333844,0,0,140,-1
645,-576452103835,1.0157137668640441,2.3788805300251576,0.00710575457528768,-0.4338221512992408,0.020451430534801425,0.1803650201599276,0,8862447,0.011,0.1871706798,0.023415783299999948,0,0.22155000000000016,-0.21536666666666615,0,0,140,-1
646,-576452103835,1.015793356817809,2.374118769410949,0.007357443908022971,-0.4319270369435057,0.03774479010415929,0.12283521605187714,0,8862458,0.011,0.11476306979999998,0.04017126329999993,0,0.23905000000000015,-0.07536666666666614,0,0,140,-1
647,-576452103834,1.0158767495583707,2.3693757773355886,0.007797793534137723,-0.4304660749729651,0.05404167752632449,0.19394813393268642,0,8862469,0.011,0.20392615979999998,0.05632833329999994,0,-0.049699999999999855,-0.03161666666666607,0,0,140,-1
648,-576452103834,1.0159652232179377,2.364651846176709,0.008311109656020249,-0.4284090470366864,0.0014701339930756965,0.14444811713255917,0,8862480,0.011,0.1375026498,-0.005906306700000065,0,0.09905000000000015,-0.05786666666666607,0,0,140,-1
649,-576452103834,1.0160559337994044,2.359948042375064,0.00821362177353652,-0.42682627875524276,-0.0721701412022249,0.14045638009823222,0,8862491,0.011,0.13989628979999996,-0.08250278670000005,0,-0.06719999999999984,-0.13661666666666616,0,0,140,-1
650,-576452103833,1.016141984282146,2.355261822105022,0.007429253623878416,-0.4252285592656003,-0.06601284224096626,0.17460050489339718,0,8862502,0.011,0.1793913498,-0.06514889670000006,0,-0.049699999999999855,-0.005366666666666076,0,0,140,-1
651,-576452103833,1.016219828924674,2.3505944263348564,0.006719670976138945,-0.42337112580169783,-0.055284435458545424,0.13367100687022698,0,8862513,0.011,0.12792808979999998,-0.05377910670000006,0,0.02905000000000016,-0.16286666666666616,0,0,140,-1
652,-576452103828,1.016290825701206,2.3459454846904033,0.006171896830648994,-0.42189312863616346,-0.01618037254553452,0.13860550798817653,0,8862524,0.011,0.13929787979999997,-0.010693586700000054,0,0.10780000000000015,-0.1191166666666661,0,0,140,-1
653,-576452103816,1.0102179150436175,2.344199147115661,0.002482752574100958,-0.4173173635641599,0.016967420870204333,0.08936211153452164,0,8862536,0.012,0.08244892979999997,0.02162055329999994,0,0.04655000000000015,-0.17161666666666608,0,1,141,1
654,-576452103806,1.008605145981838,2.338050242845059,0.0017191216903245936,-0.4174149859821828,-0.01673639006861749,-0.033726809622036044,0,8862548,0.012,-0.050996500200000024,-0.02146496670000007,0,0.11655000000000015,-0.1191166666666661,0,1,142,2
655,-576452103794,1.0086242570291135,2.3330381314233675,0.0014750923613724046,-0.4179132174396818,-0.04239899447540812,-0.08927935755290053,0,8862560,0.012,-0.09707407020000004,-0.04599977670000007,0,-0.19844999999999988,-0.27661666666666607,0,0,142,-1
656,-576452103783,1.0086375548252315,2.32843616444209,9.587296140424518e-4,-0.41882897288772464,-0.074419457871514,-0.04678589142558885,0,8862571,0.011,-0.04082353020000004,-0.07891232670000004,0,0.055300000000000155,-0.07536666666666614,0,0,142,-1
657,-576452103773,1.0086437850031074,2.323826548108104,1.6646887206283665e-4,-0.4192966050170997,-0.05736840171649389,-0.016367875710452392,0,8862582,0.011,-0.012099850200000024,-0.054975926700000066,0,0.04655000000000015,-0.19786666666666608,0,0,142,-1
658,-576452103760,1.0086429963294805,2.3192135986344846,-3.4388063829776346e-4,-0.4194336093526402,0.020822384562764085,0.01151473334337147,0,8862593,0.011,0.015427009799999964,0.03179352329999994,0,-0.2509499999999999,-0.21536666666666615,0,0,142,-1
659,-576452103750,1.0086409374788172,2.3146002718768672,-4.895586595039919e-5,-0.41934296066823856,0.06350451949685912,-0.011818024407377514,0,8862604,0.011,-0.015091900200000022,0.06949335329999994,0,-0.05844999999999986,-0.21536666666666615,0,0,142,-1
660,-576452103737,1.0182296498880865,2.3049987559316554,0.00628283525210682,-0.4241003281837838,0.10811754683534759,-0.0766176917769307,0,8862615,0.011,-0.08570428020000004,0.11437410329999995,0,0.03780000000000014,-0.32911666666666617,0,1,143,1
661,-576452103727,1.0183117699505406,2.299903062601309,0.0074398399418402,-0.4251502038895867,0.023867343526789486,-0.15490634895869648,0,8862627,0.012,-0.16589122020000002,0.012045993299999936,0,0.07280000000000016,-0.30286666666666606,0,0,143,-1
662,-576452103714,1.0184023899326786,2.2947897134338855,0.007677045596295557,-0.4270605784646687,-0.005391401297955834,-0.1855306502590931,0,8862639,0.012,-0.18982762020000002,-0.009496766700000065,0,0.3003000000000001,-0.3378666666666661,0,0,143,-1
663,-576452103704,1.018486559537748,2.2900808688411813,0.007624405524436975,-0.42909501247931947,-0.0011199538450143527,-0.18142723091395188,0,8862650,0.011,-0.18085147020000003,-5.206167000000564e-4,0,0.08155000000000015,-0.1453666666666661,0,0,143,-1
664,-576452103693,1.0185707968217628,2.285349261185398,0.0076737277066146305,-0.431173470656953,0.03876392902606545,-0.2349743711666257,0,8862661,0.011,-0.2424877002,0.044360133299999945,0,-0.05844999999999986,-0.27661666666666607,0,0,143,-1
665,-576452103682,1.0186578520407175,2.280592219555953,0.008142540875909576,-0.4337464873043163,0.06623695626108857,-0.22739421963389836,0,8862672,0.011,-0.22633063020000002,0.07009176329999994,0,-0.03219999999999984,-0.25036666666666607,0,0,143,-1
666,-576452103671,1.0126264868594936,2.2715301988426253,0.005511774887525559,-0.4397252949376048,0.11107341784657412,-0.14564925580481497,0,8862683,0.011,-0.13417549020000005,0.11736615329999994,0,0.18655000000000016,-0.22411666666666608,0,1,144,2
667,-576452103659,1.0127012825058506,2.266243754684784,0.006935172545825454,-0.44137150009283993,0.16539613165987327,-0.08468391494236832,0,8862695,0.012,-0.07612972020000003,0.17301828329999996,0,0.03780000000000014,-0.21536666666666615,0,0,144,-1
668,-576452103648,1.012787496999672,2.2613838231819225,0.008743682010542824,-0.44226434078183174,0.15843618963466677,-0.05986464247539283,0,8862706,0.011,-0.05638219020000005,0.15745962329999996,0,-0.049699999999999855,-0.30286666666666606,0,0,144,-1
669,-576452103638,1.0128930009201178,2.2565156368790564,0.010449475375773948,-0.44287434197610875,0.1344895888907865,-0.028472726075952214,0,8862717,0.011,-0.02406805020000003,0.13112958329999994,0,0.23030000000000014,-0.32911666666666617,0,0,144,-1
670,-576452103626,1.0130162552290345,2.2516434463387176,0.011953475217683734,-0.44302442362623673,0.15043500352507175,0.07719674955810363,0,8862728,0.011,0.09202348979999997,0.15267234329999996,0,0.14280000000000015,-0.26786666666666614,0,0,144,-1
671,-576452103614,1.0131698717377615,2.246333574295728,0.01367101206573159,-0.44198281745825374,0.09782021219611328,0.14635026275322874,0,8862740,0.012,0.15605335979999999,0.09043770329999994,0,0.07280000000000016,0.047133333333333916,0,0,144,-1
672,-576452103601,1.0110523662106399,2.2422355377207697,0.0134154643483008,-0.43938057516210266,0.04936310210984821,-9.98021778173811e-4,0,8862752,0.012,-0.021674410200000035,0.04256490329999995,0,0.09905000000000015,-0.10161666666666613,0,1,145,1
673,-576452103590,1.0112167213585892,2.236963443719563,0.013981891433818066,-0.439320602781087,0.03395541344199609,0.04174392381682289,0,8862764,0.012,0.04774114979999997,0.03179352329999994,0,0.14280000000000015,-0.17161666666666608,0,0,145,-1
674,-576452103579,1.011373045965716,2.232133129027087,0.014420418411246293,-0.4389048080017998,0.07561604860551129,0.013942241263251855,0,8862775,0.011,0.010041319799999962,0.08146155329999995,0,0.16030000000000016,-0.16286666666666616,0,0,145,-1
675,-576452103568,1.0115362490819835,2.227304316292187,0.015252817781528165,-0.4389919414925089,0.07601928431961386,-0.14166408009977624,0,8862786,0.011,-0.16349758020000008,0.07607586329999995,0,0.08155000000000015,-0.1453666666666661,0,0,145,-1
676,-576452103557,1.0117085155585355,2.2224668257710514,0.016072904557534736,-0.4405514500616025,0.06557335671977957,-0.14244382263498864,0,8862797,0.011,-0.14255323020000002,0.06410766329999995,0,0.02905000000000016,-0.26786666666666614,0,0,145,-1
677,-576452103546,1.0118893962537054,2.2176126715724624,0.016810047095118418,-0.4420431523142364,0.07583311214874805,-0.09373548509652754,0,8862808,0.011,-0.08690110020000004,0.07727268329999994,0,0.08155000000000015,-0.38161666666666616,0,0,145,-1
678,-576452103533,1.010870658800656,2.2114297459527523,0.0168830640127521,-0.4439545938123918,-0.010017817347540937,-0.12342772140127829,0,8862820,0.012,-0.12759298020000004,-0.022063376700000074,0,0.16030000000000016,-0.13661666666666616,0,1,146,2
679,-576452103522,1.0110724737828345,2.206093072578308,0.016753915742647014,-0.4454798108985822,-0.015333430179552786,-0.1496458772114662,0,8862832,0.012,-0.15332461020000004,-0.016079276700000065,0,0.02030000000000015,-0.19786666666666608,0,0,146,-1
680,-576452103510,1.0112725217244143,2.200737209445621,0.016583831156163756,-0.44718823071837616,-0.0070662892774152625,-0.09777034224425098,0,8862844,0.012,-0.09049156020000006,-0.005906306700000065,0,0.0028000000000001357,-0.04911666666666614,0,0,146,-1
681,-576452103499,1.0114544862465076,2.195812396901777,0.016501956504621926,-0.4482398194690857,-0.009722480124342951,-0.08246598206990306,0,8862855,0.011,-0.08031859020000003,-0.01009517670000007,0,0.02030000000000015,0.012133333333333995,0,0,146,-1
682,-576452103487,1.01165201643517,2.1904279016576678,0.016412762032242977,-0.44918686495908633,0.006743554125030415,-0.056967845537761956,0,8862867,0.012,-0.05339014020000003,0.009053943299999938,0,0.11655000000000015,0.029633333333333844,0,0,146,-1
683,-576452103476,1.0158583987756042,2.1833746183367535,0.018847694700243226,-0.4514732047633433,-0.022190878406385017,0.12301736838848698,0,8862878,0.011,0.14827402979999996,-0.02625224670000006,0,0.055300000000000155,-0.25036666666666607,0,1,147,1
684,-576452103464,1.0160831342533605,2.177966646621884,0.018600860999249003,-0.4498830041860321,-0.010533966291527842,0.19134666112268855,0,8862890,0.012,0.20093410979999998,-0.008898356700000063,0,-0.10219999999999987,-0.0666166666666661,0,0,147,-1
685,-576452103452,1.0162859579614119,2.173030316625475,0.018325255989928055,-0.44766610530415285,-0.11300550652509816,0.26325244498507155,0,8862901,0.011,0.2733417198,-0.12738353670000008,0,0.3003000000000001,-0.03161666666666607,0,0,147,-1
686,-576452103442,1.0164796885331477,2.168121284036205,0.016939445718889355,-0.4448596466741236,-0.2053804977832974,0.20545355249496444,0,8862912,0.011,0.19734364979999997,-0.2183418567000001,0,0.07280000000000016,-0.03161666666666607,0,0,147,-1
687,-576452103431,1.016654004270675,2.1632395580392005,0.014738051784228172,-0.44269893515681,-0.16794271301975244,0.14114083330681104,0,8862923,0.011,0.13211695979999996,-0.16268972670000004,0,0.23030000000000014,0.11713333333333398,0,0,147,-1
688,-576452103420,1.0168064175025229,2.1583787335464715,0.01295530035686213,-0.44110028198569984,-0.12607690911748787,0.1710112844077254,0,8862934,0.011,0.17520247979999998,-0.12020261670000006,0,0.2740500000000001,0.06463333333333399,0,0,147,-1
689,-576452103409,1.0125874833335609,2.1504190226294555,0.009260606912457111,-0.44198691391039563,-0.0012773617883018423,0.09491801313607928,0,8862945,0.011,0.08424415979999998,0.01623486329999994,0,0.06405000000000015,-0.12786666666666613,0,1,148,2
690,-576452103398,1.0126902159330446,2.1455622184153054,0.009379607262138457,-0.4410414952796938,0.08492495701643747,0.03098071681492298,0,8862956,0.011,0.02200951979999997,0.09702021329999995,0,0.08155000000000015,-0.19786666666666608,0,0,148,-1
691,-576452103386,1.0128073614468782,2.140269886755501,0.01019425528653106,-0.44094606806751707,-0.03776149347154306,-0.1348445456987728,0,8862968,0.012,-0.15811189020000002,-0.054975926700000066,0,-0.049699999999999855,0.09088333333333387,0,0,148,-1
692,-576452103376,1.01291646687103,2.1354097547184807,0.009675195755183597,-0.4426468241237206,-0.10428590524585037,-0.27437333727234037,0,8862979,0.011,-0.2939509602,-0.11362010670000007,0,0.25655000000000017,0.02088333333333381,0,0,148,-1
693,-576452103364,1.013016523939039,2.130523129195599,0.008519456222508106,-0.4457936397176441,-0.10984767176009251,-0.35766391707316314,0,8862990,0.011,-0.36935062020000003,-0.11062805670000007,0,0.12530000000000016,0.029633333333333844,0,0,148,-1
694,-576452103353,1.0131041500648206,2.1255966153819963,0.0073902734029478835,-0.44989038795944186,-0.05857908620160186,-0.46289728174432787,0,8863001,0.011,-0.4776628302,-0.05138546670000006,0,0.24780000000000016,0.09088333333333387,0,0,148,-1
695,-576452103342,1.0042507141662216,2.1253492217465384,0.0013886818877111018,-0.4506180529648346,-0.016588701935472246,-0.4663952615250906,0,8863012,0.011,-0.4668914502,-0.010693586700000054,0,0.14280000000000015,-0.20661666666666612,0,1,149,1
696,-576452103331,1.0042673218735803,2.119908913416036,0.0013416562501958093,-0.45612282040528873,0.07464450141238282,-0.4112040086590391,0,8863024,0.012,-0.4034599902,0.08744565329999994,0,0.09905000000000015,0.047133333333333916,0,0,149,-1
697,-576452103318,1.0042872419820048,2.1148674560774503,0.0022522186588362476,-0.46053896751044204,0.13205090208346715,-0.34248915751165665,0,8863035,0.011,-0.33284761020000003,0.14010573329999995,0,-0.08469999999999986,0.16963333333333397,0,0,149,-1
698,-576452103307,1.0043246877427832,2.109317152745762,0.003958053059749,-0.46453930060720994,0.20471176194198082,-0.2768332585204944,0,8863047,0.012,-0.26762092020000006,0.21490698329999997,0,0.02030000000000015,-0.1453666666666661,0,0,149,-1
699,-576452103296,1.0043807945553298,2.1041905392748324,0.006235271669673358,-0.467575145292625,0.22099936959344352,-0.2708535829697267,0,8863058,0.011,-0.27001456020000003,0.22328472329999993,0,-0.014699999999999852,0.05588333333333395,0,0,149,-1
700,-576452103285,1.0044624362626478,2.099030047700953,0.008621515577000716,-0.47066449822410683,0.19204165975367293,-0.3420122808324634,0,8863069,0.011,-0.35199673020000005,0.18797853329999994,0,0.11655000000000015,-0.0928666666666661,0,0,149,-1
701,-576452103274,0.9961275583218052,2.0876211459321508,0.005739477501584334,-0.47966196990282933,0.14439489155980517,-0.2919983415198726,0,8863080,0.011,-0.2849748102,0.13771209329999995,0,0.0028000000000001357,-0.11036666666666606,0,1,150,2
702,-576452103263,0.9961994480878463,2.082327837241329,0.007332537506112744,-0.4827818360313231,0.1474556069102671,-0.23231175922756456,0,8863091,0.011,-0.22393699020000002,0.14788506329999995,0,0.15155000000000016,-0.022866666666666147,0,0,150,-1
703,-576452103252,0.9962888654443846,2.0770033588123513,0.008931641401143274,-0.4853121607406276,0.13261368003314788,-0.21604627036559523,0,8863102,0.011,-0.21376402020000007,0.13053117329999994,0,0.055300000000000155,-0.0666166666666661,0,0,150,-1
704,-576452103241,0.9963949058413734,2.0716514824739782,0.010357604705917485,-0.48774146783302275,0.11137066256813667,-0.2502544742070946,0,8863113,0.011,-0.25505431019999997,0.10839000329999994,0,0.09905000000000015,-0.16286666666666616,0,0,150,-1
705,-576452103231,0.9965154006576853,2.066271699241439,0.011557588628135211,-0.4904213876139955,0.09511255743649388,-0.20303553412895303,0,8863124,0.011,-0.19641013020000006,0.09283134329999995,0,0.02905000000000016,-0.2591166666666661,0,0,150,-1
706,-576452103219,0.996648169710621,2.0608649347688717,0.012586969761468217,-0.4926328515003883,0.08419082767438993,-0.18882893285754562,0,8863135,0.011,-0.18683557020000002,0.08265837329999995,0,0.12530000000000016,0.11713333333333398,0,0,150,-1
707,-576452103208,0.9932901742232737,2.0572783629717533,0.011377521985701178,-0.4929174843722281,0.09858906932239578,-0.13460130052488709,0,8863146,0.011,-0.12699457020000005,0.10061067329999994,0,0.011550000000000143,-0.13661666666666616,0,1,151,1
708,-576452103196,0.9934345592978798,2.0513545660445733,0.012660623009724615,-0.4944113958066851,0.15861219329510173,-0.061808626696204405,0,8863158,0.012,-0.051594910200000024,0.16703418329999997,0,0.02030000000000015,-0.08411666666666606,0,0,151,-1
709,-576452103185,0.9935830476809011,2.0459106408698475,0.014353887419394813,-0.4953218827855516,0.12559003269150978,-0.20976007402845404,0,8863169,0.011,-0.2305195002,0.12095661329999995,0,0.04655000000000015,-0.10161666666666613,0,0,151,-1
710,-576452103174,0.9937481097404132,2.040449331066594,0.01567476596493162,-0.4976403461627397,0.08636666858513131,-0.21694478586790908,0,8863180,0.011,-0.21795289020000003,0.08086314329999994,0,0.29155000000000014,-0.25036666666666607,0,0,151,-1
711,-576452103163,0.9939252708837598,2.034963037573236,0.01655578296966498,-0.49990254101036363,0.04165726770201953,-0.13648837431120803,0,8863191,0.011,-0.12519934020000006,0.03538398329999995,0,0.11655000000000015,-0.0666166666666661,0,0,151,-1
712,-576452103152,0.9941096281286076,2.029455834187814,0.016974742679779567,-0.5014064523606092,0.016214359427128046,-0.13813352510473684,0,8863202,0.011,-0.13836436020000006,0.012644403299999938,0,0.16905000000000014,0.012133333333333995,0,0,151,-1
713,-576452103140,0.9981044476456167,2.0267977605964997,0.019413881727918917,-0.5004368715718185,0.020431648432938494,-0.1199663470023974,0,8863213,0.011,-0.11742001020000004,0.021022143299999938,0,0.11655000000000015,-0.32036666666666613,0,1,152,2
714,-576452103129,0.9983390802833241,2.020783868117456,0.01968528514072405,-0.5018779945133189,0.03616802426588947,-0.12088199360589053,0,8863225,0.012,-0.12101047020000005,0.038376033299999945,0,-0.005949999999999844,-0.16286666666666616,0,0,152,-1
715,-576452103117,0.9985577579557027,2.0152557661184107,0.020076336654483933,-0.5032258657408419,0.03180701682411904,-0.1325397606505284,0,8863236,0.011,-0.13417549020000005,0.031195113299999935,0,-0.18094999999999986,0.06463333333333399,0,0,152,-1
716,-576452103107,0.9987800857651273,2.0097121727094374,0.020364564309472987,-0.5046965619141316,-0.008087886166397412,-0.14079632205723908,0,8863247,0.011,-0.14195482020000003,-0.013685636700000052,0,0.04655000000000015,-0.11036666666666606,0,0,152,-1
717,-576452103094,0.9990033762082304,2.0041522496821544,0.02024290725841319,-0.5062088159507679,-0.029264942586015193,-0.11714774005835522,0,8863258,0.011,-0.11382955020000002,-0.03223634670000006,0,-0.049699999999999855,-0.0666166666666661,0,0,152,-1
718,-576452103085,0.9992248712570316,1.9985759155204224,0.020005258260349615,-0.5076322655068118,0.025329995248346653,-0.20449952897832702,0,8863269,0.011,-0.21675607020000007,0.03299034329999994,0,0.02905000000000016,-0.08411666666666606,0,0,152,-1
719,-576452103073,1.0025165020140747,1.9908412087648935,0.02223420637391534,-0.5115073341705195,0.0357224225510686,-0.15070216382671625,0,8863281,0.012,-0.14315164020000004,0.03717921329999994,0,0.06405000000000015,-0.0666166666666661,0,1,153,1
720,-576452103061,1.0027866380295316,1.984693200768494,0.02276033675508103,-0.5131934372259876,0.09367590036416748,-0.07795878061099554,0,8863293,0.012,-0.06775198020000002,0.10180749329999994,0,0.16905000000000014,-0.04911666666666614,0,0,153,-1
721,-576452103050,1.0030432975817043,1.979042421673311,0.023878053060432315,-0.5141803192979998,0.1496112051172501,-0.16084391596600967,0,8863304,0.011,-0.1724737302000001,0.15745962329999996,0,0.03780000000000014,-0.11036666666666606,0,0,153,-1
722,-576452103040,1.003315771969054,1.9733760843821229,0.02563174047765977,-0.5160375489118547,0.21946716434749225,-0.217747886213902,0,8863315,0.011,-0.22573222020000006,0.22926882329999995,0,0.16905000000000014,-0.014116666666666111,0,0,153,-1
723,-576452102914,1.0036111266830363,1.9676863357297736,0.028064008814874482,-0.5184557358531362,0.23121141853052188,-0.23262142756358067,0,8863326,0.011,-0.23470837020000004,0.23285928329999997,0,0.011550000000000143,0.012133333333333995,0,0,153,-1
724,-576452102914,1.0039338176688688,1.961969833960929,0.030607134954626157,-0.5209315387693232,0.23108218620133428,-0.17882519059704305,0,8863337,0.011,-0.17127691020000005,0.23106405329999996,0,-0.02344999999999986,0.08213333333333384,0,0,153,-1
725,-576452102913,1.0042848187553761,1.956228708857321,0.033197612207478966,-0.5229070282217267,0.26255291856506824,-0.18427558250153064,0,8863348,0.011,-0.18504034020000007,0.26696865329999997,0,0.09030000000000014,-0.03161666666666607,0,0,153,-1
726,-576452102913,1.0046660616616554,1.9504658266000456,0.036111920119520434,-0.5248994564754128,0.27954473969363797,-0.16185604048022395,0,8863359,0.011,-0.1587103002,0.2819289032999999,0,0.14280000000000015,0.0733833333333338,0,0,153,-1
727,-576452102913,1.0050816884253897,1.944682404179326,0.039397489147527956,-0.5266424067168268,0.4159785102699959,-0.13758150860293597,0,8863370,0.011,-0.13417549020000005,0.43512186329999997,0,0.03780000000000014,-0.11036666666666606,0,0,153,-1
728,-576452102913,1.0055407237776697,1.938882546885339,0.04404371151186576,-0.5279381736023582,0.46162907229677885,0.003421820883837745,0,8863381,0.011,0.023206339799999965,0.46803441329999995,0,0.055300000000000155,-0.07536666666666614,0,0,153,-1
729,-576452102912,1.0060523784266862,1.9330745215637102,0.0490144767293759,-0.5280300771750267,0.39220310854475926,-0.08051009908039163,0,8863392,0.011,-0.09228679020000005,0.38246178329999997,0,0.11655000000000015,-0.014116666666666111,0,0,153,-1
730,-576452102912,1.0066142546007555,1.9272605800418863,0.053185122208352684,-0.5290207239085658,0.2991712928459399,-0.14856319532296897,0,8863403,0.011,-0.15811189020000002,0.28611777329999993,0,-2.03595,-0.022866666666666147,0,0,153,-1
731,-576452102912,1.007216022694063,1.9214329746769865,0.05628176684646926,-0.5305682182829362,0.17332253722609653,-0.0923893487619588,0,8863414,0.011,-0.08450746020000006,0.15566439329999995,0,0.23030000000000014,-0.022866666666666147,0,0,153,-1
732,-576452102912,1.0078447266869306,1.9155918374013166,0.05806316903686702,-0.5314847371722075,0.09224002685356052,-0.027751809937289998,0,8863425,0.011,-0.01868236020000004,0.08086314329999994,0,0.13405000000000014,-0.15411666666666612,0,0,153,-1
733,-576452102911,1.0084885227883202,1.9097433023461345,0.05900976305550098,-0.5318643971572381,0.04815251845956401,-0.0759494960436049,0,8863436,0.011,-0.0827122302,0.04196649329999994,0,0.12530000000000016,-0.15411666666666612,0,0,153,-1
734,-576452102867,1.0091993059645772,1.9033566835620612,0.05948060516772509,-0.5326125168473834,-0.01604738293171045,0.022025798724170598,0,8863448,0.012,0.03577294979999997,-0.025055426700000074,0,0.26530000000000015,-0.18036666666666612,0,0,153,-1
735,-576452102866,1.0098507347392969,1.8975005223207881,0.05904231047792812,-0.5321976771683773,-0.18400406724071755,0.13273951932137004,0,8863459,0.011,0.14827402979999996,-0.2075704767000001,0,0.16030000000000016,-0.21536666666666615,0,0,153,-1
736,-576452102866,1.0104312959988786,1.8921853658638994,0.057102718279375464,-0.5308426965668342,-0.2539997524558876,0.15213509900472275,0,8863469,0.01,0.15485653979999997,-0.26382101670000013,0,0.02905000000000016,-0.2328666666666661,0,0,153,-1
737,-576452102866,1.0110438079107638,1.8863544632635212,0.054272294222679165,-0.529290695637566,-0.27783107594081907,0.07265642516267913,0,8863480,0.011,0.06150457979999997,-0.28117490670000006,0,0.011550000000000143,-0.10161666666666613,0,0,153,-1
738,-576452102862,1.0116237357722078,1.8805360791286874,0.05117927192073891,-0.5285745070671177,-0.30175454655392403,0.018795497153965203,0,8863491,0.011,0.011238139799999968,-0.30511130670000003,0,0.16905000000000014,-0.1191166666666661,0,0,153,-1
739,-576452102850,1.0347818405470317,1.8913029741024623,0.0608382648569627,-0.5133824183420215,-0.2648078704274795,0.09457272351869563,0,8863504,0.013,0.10518850979999998,-0.2596321467,0,0.21280000000000016,0.09088333333333387,0,1,156,2
742,-576452102787,1.0367311240656856,1.8738985723994679,0.055138122926870516,-0.5107452478597846,-0.02642275919643866,0.028716469939116456,0,8863538,0.011,0.02559997979999996,-0.018472916700000057,0,0.09905000000000015,-0.0928666666666661,0,0,156,-1
743,-576452102786,1.0373907957504471,1.8677719381592108,0.05480992816933694,-0.5103684688565971,-0.0330953318573451,0.0480240994996272,0,8863550,0.012,0.05073319979999997,-0.034031576700000066,0,-0.03219999999999984,-0.04911666666666614,0,0,156,-1
744,-576452102785,1.0379918526836391,1.8621612063598494,0.0544666837870463,-0.5097825178805294,-0.01974738892484605,0.0850351496483486,0,8863561,0.011,0.09022825979999997,-0.017874506700000056,0,0.09905000000000015,-0.08411666666666606,0,0,156,-1
745,-576452102782,1.0385348482217474,1.8570689955265987,0.05416630797726317,-0.5087271554045355,-0.09209854993765253,0.22918000568006322,0,8863571,0.01,0.24940531979999997,-0.10225031670000007,0,-0.005949999999999844,-0.20661666666666612,0,0,156,-1
746,-576452102771,1.0277651183997656,1.8576110824565297,0.04570185743494542,-0.4999691169377062,-0.1828701193036819,0.28208201125331156,0,8863583,0.012,0.2894987898,-0.19560227670000008,0,0.09905000000000015,-0.20661666666666612,0,1,157,1
747,-576452102759,1.0282993220213315,1.8516320739457257,0.04336614452615823,-0.4965414848287748,-0.2669796540225976,0.3074781552768002,0,8863595,0.012,0.3110415498,-0.27878126670000014,0,0.16030000000000016,-0.15411666666666612,0,0,157,-1
748,-576452102749,1.0536098798278772,1.8654250451273782,0.05533450811634758,-0.4772137217279397,-0.3282251352380372,0.2717838068326444,0,8863606,0.011,0.2667592098,-0.3368270367000001,0,-0.014699999999999852,0.178383333333334,0,1,158,2
749,-576452102735,1.0542498836758616,1.8597179129337995,0.05134469664030226,-0.4739710471391399,-0.3588587938164697,0.260555369111955,0,8863618,0.012,0.2589798797999999,-0.3631570767000001,0,0.13405000000000014,-0.04036666666666611,0,0,158,-1
750,-576452102725,1.0547935774751522,1.8545195371122098,0.04748217660989772,-0.47116844448978545,-0.30437791136450626,0.21981544701284267,0,8863629,0.011,0.21409912979999998,-0.2967335667000001,0,0.19530000000000014,-0.19786666666666608,0,0,158,-1
751,-576452102715,1.0552979532739841,1.84934940596047,0.044202767848117885,-0.4688320180107965,-0.25989022219422064,0.1670477791702718,0,8863640,0.011,0.15964381979999998,-0.2536480467,0,-0.03219999999999984,-0.1453666666666661,0,0,158,-1
752,-576452102703,1.0557698904440096,1.8442022495034625,0.041546845436506066,-0.46701018596200433,-0.12846959362448554,0.15688141675161443,0,8863651,0.011,0.15545494979999996,-0.11002964670000005,0,0.04655000000000015,-0.3378666666666661,0,0,158,-1
753,-576452102692,1.0562199767259837,1.8390751971668262,0.04025340635074205,-0.46520380367134667,-0.050899696916599776,0.20915775068183712,0,8863662,0.011,0.21649276979999998,-0.04001567670000006,0,-0.014699999999999852,-0.04036666666666611,0,0,158,-1
754,-576452102682,1.044443111599633,1.841217673164061,0.03186281852324028,-0.45661515322663476,-0.11430308095744823,0.1321565446330317,0,8863673,0.011,0.12134557979999996,-0.12319466670000005,0,-0.04094999999999985,-0.1453666666666661,0,1,159,1
755,-576452102671,1.044785891286459,1.836202167899419,0.03049301217147536,-0.4552659677579148,-0.18717295767944148,0.06442556738099138,0,8863684,0.011,0.05492206979999997,-0.19739750670000006,0,-0.014699999999999852,-0.13661666666666616,0,0,159,-1
756,-576452102659,1.045109496528261,1.8311966990157227,0.028364381467895897,-0.45476210887042323,-0.2323490321902039,-0.06828075452700878,0,8863695,0.011,-0.08690110020000004,-0.23868779670000004,0,0.0028000000000001357,0.05588333333333395,0,0,159,-1
757,-576452102647,1.0454331163260215,1.8257341588673992,0.02557305108734482,-0.4556454205265171,-0.23423438787434075,-0.10665055982068611,0,8863707,0.012,-0.11203432020000002,-0.23449892670000008,0,0.02905000000000016,-0.04911666666666614,0,0,159,-1
758,-576452102636,1.0457006765145522,1.8207161611143996,0.023055818385537726,-0.4567416908982899,-0.19615763779228115,-0.057319807608036344,0,8863718,0.011,-0.05039809020000004,-0.19081499670000004,0,0.08155000000000015,-0.07536666666666614,0,0,159,-1
759,-576452102625,1.0459436909244433,1.8156898234913565,0.021077243351283404,-0.457190098972012,-0.08021962085978816,0.0605277617159032,0,8863729,0.011,0.07706323979999997,-0.06395207670000007,0,0.09905000000000015,0.047133333333333916,0,0,159,-1
760,-576452102616,1.0556470241428637,1.8184768071534432,0.026168728450797873,-0.45049027248822093,-0.015572616437686843,0.057715642322318295,0,8863739,0.01,0.05731570979999997,-0.006504716700000068,0,-0.15469999999999987,0.047133333333333916,0,1,160,2
761,-576452102603,1.055960221309377,1.8130757011839334,0.026023579274481082,-0.4497116116729497,0.009697150985028515,0.10984264386957596,0,8863751,0.012,0.11715670979999997,0.013242813299999942,0,-0.04094999999999985,0.1258833333333338,0,0,160,-1
762,-576452102591,1.0562727474667792,1.8076899472604522,0.02608081550973825,-0.4480151423118736,-0.025502209163385258,0.335088840071861,0,8863763,0.012,0.36669367979999995,-0.030441116700000066,0,0.13405000000000014,-0.13661666666666616,0,0,160,-1
763,-576452102580,1.0565573393005205,1.802783267044554,0.025696100660141896,-0.44416147041133325,-0.09228188809263832,0.4425709275911767,0,8863774,0.011,0.4576519998,-0.10165190670000009,0,0.12530000000000016,0.1521333333333339,0,0,160,-1
764,-576452102568,1.0568573575192903,1.797486421066741,0.024363983961626794,-0.43868757790629065,-0.22697026419853464,0.540285448531894,0,8863786,0.012,0.5539960098,-0.24586871670000007,0,0.16905000000000014,0.30088333333333384,0,0,160,-1
765,-576452102557,1.0571110949957974,1.792695067259721,0.02179321215538703,-0.4325334561409285,-0.2745051689955277,0.6756316116136455,0,8863797,0.011,0.6946223598,-0.28117490670000006,0,0.09905000000000015,0.4321333333333339,0,0,160,-1
766,-576452102548,1.0543940709884432,1.7901594751969303,0.01718619782020559,-0.4239774848174763,-0.2714339084696833,0.8575916979933573,0,8863807,0.01,0.8831215097999999,-0.2710019367000001,0,0.02030000000000015,0.21338333333333392,0,1,161,1
767,-576452102536,1.0545666681192667,1.7855478839375214,0.01419539233254623,-0.41450334049801846,-0.2747285303223066,0.8841783519445556,0,8863818,0.011,0.8879087898,-0.27519080670000007,0,0.06405000000000015,0.24838333333333384,0,0,161,-1
769,-576452102505,1.0548466398730856,1.775086286347898,0.007507095141422209,-0.38949592134002226,-0.1790614169723468,0.9867001111500514,0,8863844,0.013,0.9812607498,-0.1686738267000001,0,-0.06719999999999984,0.03838333333333388,0,0,161,-1
770,-576452102403,1.054919509286227,1.770858769226209,0.005688374542592698,-0.3790123173857943,-0.08336374850871373,0.7520776201735937,0,8863855,0.011,0.7191571697999999,-0.06993617670000005,0,0.09030000000000014,-0.05786666666666607,0,0,161,-1
771,-576452102402,1.0549779256841076,1.766734440042986,0.004895989286343942,-0.3708369328313842,-0.0028425861527867496,0.6890974238008831,0,8863866,0.011,0.6802605198,0.008455533299999936,0,-0.08469999999999986,-0.03161666666666607,0,0,161,-1
772,-576452102401,1.0550317518504824,1.7626956389911093,0.0048848795584700315,-0.3634389744753759,0.01021399302918181,0.571144658225154,0,8863877,0.011,0.5545944198,0.012045993299999936,0,0.055300000000000155,-0.08411666666666606,0,0,161,-1
773,-576452102401,1.0550872680228163,1.7587315675202781,0.005162521956306462,-0.35726950453474376,0.11730079461813732,0.4978558325620844,0,8863888,0.011,0.4875724998,0.13232640329999992,0,-0.14594999999999983,0.06463333333333399,0,0,161,-1
774,-576452102401,1.0551517350149846,1.7548302844879964,0.0065355355419175155,-0.3519973508121635,0.17088538898858208,0.36551518659534515,0,8863899,0.011,0.3469461498,0.17840397329999996,0,0.06405000000000015,0.08213333333333384,0,0,161,-1
775,-576452102401,1.0552339905108872,1.7509806667308498,0.008418971700469203,-0.3479426902064636,0.17328061353805413,0.38753975870533813,0,8863910,0.011,0.39063007980000003,0.17361669329999996,0,0.20405000000000015,0.06463333333333399,0,0,161,-1
776,-576452102400,1.0553363328325083,1.7471771150500333,0.010218598556465905,-0.34362697241723794,0.10430474464428391,0.4217364580332766,0,8863921,0.011,0.4265346798,0.09462657329999995,0,-0.005949999999999844,-0.21536666666666615,0,0,161,-1
777,-576452102400,1.0554546532274134,1.7434213586311893,0.011309923237763331,-0.33918305703259827,0.06800425323299078,0.29527473997192777,0,8863932,0.011,0.27753058979999995,0.06291084329999994,0,-0.02344999999999986,-0.05786666666666607,0,0,161,-1
778,-576452102399,1.055582249527262,1.739707680553814,0.01192634208149102,-0.3360100794771421,-0.017278120183370507,0.24665299472256644,0,8863943,0.011,0.2398307598,-0.029244296700000057,0,0.09030000000000014,-0.16286666666666616,0,0,161,-1
779,-576452102316,1.0557236502348104,1.735692831503681,0.011656041229724773,-0.33311530931356503,-0.05506030655576841,0.20760925197668406,0,8863955,0.012,0.2021309298,-0.06036161670000007,0,0.04655000000000015,-0.12786666666666613,0,0,161,-1
780,-576452102315,1.0396738068852867,1.7414620085263988,3.6161363593276326e-4,-0.3215258439504813,-0.1095711190288738,0.2642147400992582,0,8863968,0.013,0.27214489979999995,-0.11721056670000006,0,-1.9921999999999997,0.10838333333333394,0,1,163,1
781,-576452102315,1.0396707798493003,1.7379410495208536,-8.947368918279801e-4,-0.3186407725583484,-0.14198463737816078,0.25070280251205374,0,8863979,0.011,0.24880690979999998,-0.14653265670000007,0,0.10780000000000015,-0.022866666666666147,0,0,163,-1
782,-576452102314,1.0396530241611217,1.7344528184033794,-0.002362044700631099,-0.3156509379824806,-0.08090065791090495,0.4007008150974286,0,8863990,0.011,0.4217473998,-0.07232981670000006,0,0.11655000000000015,-0.04911666666666614,0,0,163,-1
783,-576452102314,1.039621771628135,1.731004432716983,-0.0033051647811265968,-0.3113095282532791,-0.11536661475813395,0.3577587368758443,0,8864001,0.011,0.3517334298,-0.12020261670000006,0,0.04655000000000015,-0.05786666666666607,0,0,163,-1
784,-576452102314,1.0395780010176143,1.7276025393037122,-0.004635822835683256,-0.3072511191944586,-0.15529241140289246,0.43748873983915815,0,8864012,0.011,0.4486758498,-0.16089449670000006,0,0.02030000000000015,-0.05786666666666607,0,0,163,-1
785,-576452102313,1.039517370105762,1.724250789414847,-0.006378350751608599,-0.30221949000177895,-0.17752282367349886,0.5795431685974555,0,8864023,0.011,0.5994751698,-0.1806420267000001,0,-0.10219999999999987,-0.03161666666666607,0,0,163,-1
786,-576452102313,1.0394378589098985,1.7209615817691872,-0.008133643457642899,-0.2958240164386324,-0.049588685681206474,0.5928243719652388,0,8864034,0.011,0.5946878898,-0.03163793670000005,0,0.055300000000000155,0.2046333333333339,0,0,163,-1
787,-576452102309,1.0393462900772852,1.7177426424756326,-0.008551147343563006,-0.28940815078045473,0.033324757172321126,0.5246632167003578,0,8864045,0.011,0.5150993598,0.04495854329999994,0,0.17780000000000015,0.2658833333333339,0,0,163,-1
788,-576452102296,1.066309076855526,1.7362670970448475,0.00857180404947306,-0.2652284609678124,0.0734473661848343,0.6296422733905023,0,8864057,0.012,0.6443559198,0.07906791329999995,0,-0.10219999999999987,0.0733833333333338,0,1,164,2
789,-576452102285,1.0664170022656823,1.7331302984964707,0.009425272626683556,-0.25759193663570096,0.05686045325512302,0.6777055192760132,0,8864069,0.012,0.6844493898,0.05453310329999994,0,0.12530000000000016,0.1258833333333338,0,0,164,-1
790,-576452102274,1.0584958088979692,1.7354818439779576,0.004854572480216783,-0.2456299382380879,0.09469922586901074,0.7014665230984274,0,8864080,0.011,0.7047953297999999,0.10001226329999995,0,0.0028000000000001357,0.012133333333333995,0,1,165,1
791,-576452102260,1.0585622946415956,1.7325844658911245,0.00618172954479326,-0.23725736755432156,0.20903695008820466,0.6744734265963279,0,8864092,0.012,0.6706859598,0.22507995329999997,0,0.055300000000000155,0.09088333333333387,0,0,165,-1
792,-576452102251,1.058642790032986,1.7300145661325768,0.008460527951980384,-0.22995949826345627,0.19581748805802465,0.5966336302842481,0,8864103,0.011,0.5857117398,0.19396263329999994,0,0.08155000000000015,0.21338333333333392,0,0,165,-1
793,-576452102240,1.0587477025879317,1.7275223920918137,0.01061443974995903,-0.22321507864953935,0.19576519996856526,0.7140517402055817,0,8864114,0.011,0.7305269597999999,0.19575786329999997,0,-0.06719999999999984,0.0733833333333338,0,0,165,-1
794,-576452102230,1.058876179529104,1.7251104806507533,0.012750025204702557,-0.2153244351851498,0.18421366690245639,0.7374209406453529,0,8864125,0.011,0.7406999297999999,0.18259284329999995,0,0.02905000000000016,0.012133333333333995,0,0,165,-1
795,-576452102218,1.05902842654949,1.7227857126456436,0.014897297949720764,-0.20732824294240793,0.26255842096930837,0.6626294281882782,0,8864136,0.011,0.6521352497999999,0.27355116329999996,0,-0.12844999999999987,0.02088333333333381,0,0,165,-1
796,-576452102207,1.0700430512822525,1.729315124023307,0.02447488599509706,-0.1930487907890195,0.2622311095319439,0.6371642559334884,0,8864147,0.011,0.6335845398,0.26218137329999996,0,0.09030000000000014,-0.07536666666666614,0,1,166,2
797,-576452102193,1.070355083380984,1.727045980352099,0.02755160996739068,-0.1851911817265393,0.22020531446464894,0.7641697685011617,0,8864159,0.012,0.7819902197999999,0.21430857329999994,0,-0.04094999999999985,0.029633333333333844,0,0,166,-1
798,-576452102183,1.0707002436811681,1.72487913049178,0.03002211971947089,-0.1759657423516193,0.11795036333303201,0.7971151091960574,0,8864171,0.012,0.8017377498,0.10360272329999995,0,0.02905000000000016,-0.0666166666666661,0,0,166,-1
799,-576452102172,1.0710362173625803,1.722992816496132,0.031125517692783315,-0.16704784580923698,-0.006409388503677935,0.8930049621233802,0,8864182,0.011,0.9064594998000001,-0.023858606700000066,0,0.17780000000000015,-0.16286666666666616,0,0,166,-1
800,-576452102161,1.0713781806229605,1.7212100321081816,0.03105082990749638,-0.1571238276029318,-0.009116872989541244,0.958331232473119,0,8864193,0.011,0.9674973198,-0.009496766700000065,0,0.09030000000000014,-0.03161666666666607,0,0,166,-1
801,-576452102150,1.071718008037893,1.719538045989687,0.030783150353258,-0.1468095637542416,-0.117554132056269,0.8110353956692465,0,8864204,0.011,0.7903679597999999,-0.13276922670000008,0,-0.06719999999999984,-0.18911666666666616,0,0,166,-1
802,-576452102139,1.0667611655183222,1.721443012172755,0.026009012676576463,-0.13501507636330104,-0.09678870336300947,0.7157717326207446,0,8864215,0.011,0.7024016898,-0.09387257670000006,0,0.04655000000000015,-0.005366666666666076,0,1,167,1
803,-576452102127,1.0670670892111385,1.719873242923873,0.02495586200867761,-0.12657826914316606,-0.031782907479328784,0.6242806985441433,0,8864227,0.012,0.6114433698,-0.02266178670000006,0,-0.20719999999999986,-0.03161666666666607,0,0,167,-1
804,-576452102116,1.0673407920579447,1.7185173305735013,0.02476102946643586,-0.11989475990269238,0.06752712231719954,0.5064931905354275,0,8864238,0.011,0.4899661398,0.08146155329999995,0,-0.005949999999999844,-0.21536666666666615,0,0,167,-1
805,-576452102105,1.067616814264172,1.7172289151364812,0.02544242826560411,-0.11435384091409283,0.027794012273140545,0.4867519772795633,0,8864249,0.011,0.4839820398,0.022218963299999943,0,-0.11094999999999985,-0.022866666666666147,0,0,167,-1
806,-576452102093,1.0678979553014105,1.7160012786486691,0.02569039035362824,-0.10888504712367833,-0.009631230217024785,0.5609403494826201,0,8864260,0.011,0.5713498998,-0.014882456700000057,0,0.02030000000000015,0.2046333333333339,0,0,167,-1
807,-576452102083,1.0681791979169355,1.7148381498464758,0.025475282171602862,-0.10261961595857588,-0.08035823871371725,0.6225467556346899,0,8864271,0.011,0.6311908998,-0.09028211670000008,0,0.011550000000000143,-0.08411666666666606,0,0,167,-1
808,-576452102071,1.0844436225529057,1.7267625068129726,0.03442695680531804,-0.08459040660801614,-0.11896720444097478,0.6443067379018064,0,8864283,0.012,0.6473479698,-0.12439148670000005,0,0.0028000000000001357,-0.15411666666666612,0,1,168,2
809,-576452102059,1.084848398241428,1.7257942621862394,0.033029290830709414,-0.07679865193603719,-0.10115862205815612,0.6800347200309835,0,8864295,0.012,0.6850477998,-0.09865985670000009,0,-0.05844999999999986,0.06463333333333399,0,0,168,-1
810,-576452102048,1.0852066832159075,1.724989098981284,0.032065728109204154,-0.06952841257594766,-0.005556975449494975,0.5453649865145759,0,8864306,0.011,0.5264691498,0.007857123299999942,0,-0.03219999999999984,-0.03161666666666607,0,0,168,-1
811,-576452102037,1.085560479592912,1.7242573751184624,0.03220364808724084,-0.06351607770021228,0.1232318772294939,0.5539835397117445,0,8864317,0.011,0.5551928298000001,0.14130255329999994,0,0.0028000000000001357,0.09088333333333387,0,0,168,-1
812,-576452102026,1.0859217822753688,1.7235930367939356,0.03350346238157979,-0.05730558814244813,0.08712605826951136,0.6295623971316631,0,8864328,0.011,0.6401670497999999,0.08205996329999996,0,-0.10219999999999987,0.02088333333333381,0,0,168,-1
813,-576452102015,1.086294002603893,1.723000231619552,0.03423629801860088,-0.05045595530803623,-0.05900652039914467,0.5806119023642489,0,8864339,0.011,0.5737435398,-0.07951073670000006,0,0.10780000000000015,-0.18036666666666612,0,0,168,-1
814,-576452102004,1.0838429699210845,1.724405040825407,0.03172387469486149,-0.04286086420520709,-0.033432428093888626,0.27599206947484056,0,8864350,0.011,0.2332482498,-0.02984270670000006,0,-0.15469999999999987,-0.05786666666666607,0,1,169,1
815,-576452101988,1.0841901503391222,1.7239472469930477,0.0313981973623452,-0.04025940467481363,-0.0061446596343980205,-0.005513650349322996,0,8864361,0.011,-0.04501240020000003,-0.002315846700000065,0,0.07280000000000016,0.06463333333333399,0,0,169,-1
816,-576452101981,1.084566827785641,1.7234631423966018,0.03137028445414083,-0.040405155448965016,0.02135278078763647,-0.053271614497332434,0,8864373,0.012,-0.05997265020000003,0.02521101329999994,0,-0.05844999999999986,0.1521333333333339,0,0,169,-1
817,-576452101968,1.0849128357177253,1.7230151019515996,0.03155563875716495,-0.04104119745369032,-0.010423806692387412,-0.08538696722009823,0,8864384,0.011,-0.08989315020000004,-0.014882456700000057,0,0.055300000000000155,0.047133333333333916,0,0,169,-1
818,-576452101959,1.0852595498193853,1.7225585659142484,0.03147385974985803,-0.041968720028285986,0.010855475622833656,-0.07779357716329784,0,8864395,0.011,-0.07672813020000001,0.013841223299999945,0,-0.11969999999999983,0.012133333333333995,0,0,169,-1
819,-576452101947,1.085638220798159,1.7220493190397472,0.03163123049358907,-0.04290505893200589,0.027118043048251037,-0.07948311679874068,0,8864407,0.012,-0.0797201802,0.029399883299999943,0,-0.10219999999999987,0.02088333333333381,0,0,169,-1
820,-576452101935,1.0919483044844034,1.7264388587588684,0.035707650842082043,-0.03989929457154995,0.019675601127986445,-0.0807363563325406,0,8864419,0.012,-0.08091700020000002,0.018628503299999943,0,0.07280000000000016,0.0996333333333339,0,1,170,2
821,-576452101924,1.0923422833938925,1.7259952200082735,0.035925104309204564,-0.040767990458160756,0.020331677617428087,-0.0683001188269563,0,8864430,0.011,-0.06655516020000005,0.020423733299999934,0,0.04655000000000015,0.02088333333333381,0,0,170,-1
822,-576452101913,1.0927386501870715,1.725542696846575,0.036143200064217576,-0.04151124937440362,0.016738965451774182,-0.06309643209742276,0,8864441,0.011,-0.06236629020000004,0.01623486329999994,0,-0.04094999999999985,0.0996333333333339,0,0,170,-1
823,-576452101902,1.093137010551224,1.725082365548198,0.036295052536123515,-0.04218973997501521,-0.004169420404014537,-0.0530101420088987,0,8864452,0.011,-0.051594910200000024,-0.007103126700000071,0,0.03780000000000014,-0.07536666666666614,0,0,170,-1
824,-576452101888,1.0935360386726514,1.7246150049085318,0.03625412774619399,-0.04278227562946447,-9.695923323036169e-4,-0.05911593200656059,0,8864463,0.011,-0.05997265020000003,-5.206167000000564e-4,0,-0.06719999999999984,0.047133333333333916,0,0,170,-1
825,-576452101880,1.093934557201582,1.7241408551307922,0.0,0.0,0.0,0.0,1,8864474,0.011,-0.05578378020000005,-0.023858606700000066,0,0.08155000000000015,0.012133333333333995,0,0,170,-1
826,-576452101867,1.0929935403113855,1.724797892577816,-6.41292713095732e-4,5.732837928188617e-4,-4.624346059947629e-7,6.419054975808932e-7,1,8864486,0.012,-0.049799680200000036,-0.04061408670000008,0,-0.049699999999999855,-0.07536666666666614,0,1,171,1
827,-576452101855,1.0929855330933222,1.724804414557084,0.0,0.0,0.0,0.0,1,8864498,0.012,-0.03184738020000003,-0.027449066700000066,0,-0.05844999999999986,-0.12786666666666613,0,0,171,-1
828,-576452101844,1.092985444817092,1.7248038643880288,0.0,0.0,0.0,0.0,1,8864510,0.012,-0.04860286020000003,-0.007701536700000057,0,0.12530000000000016,0.22213333333333396,0,0,171,-1
829,-576452101833,1.0929854572897204,1.7248032695077493,0.0,0.0,0.0,0.0,1,8864521,0.011,-0.05997265020000003,0.0012746132999999521,0,-0.049699999999999855,-0.0666166666666661,0,0,171,-1
830,-576452101822,1.0929855212165296,1.7248026936898748,0.0,0.0,0.0,0.0,1,8864532,0.011,-0.05997265020000003,0.006660303299999944,0,0.04655000000000015,0.09088333333333387,0,0,171,-1
831,-576452101811,1.0929857275671173,1.724802098446971,0.0,0.0,0.0,0.0,1,8864543,0.011,-0.06236629020000004,0.02162055329999994,0,-0.03219999999999984,0.03838333333333388,0,0,171,-1
832,-576452101799,1.1056453573424359,1.735403313981925,0.00816779654698683,0.008621890585824047,5.386546827082306e-6,9.085119833740582e-6,1,8864555,0.012,-0.06954721020000004,0.0036682532999999466,0,-0.049699999999999855,-0.05786666666666607,0,1,172,2
833,-576452101786,1.1057434975189484,1.7355060966172908,0.0,0.0,0.0,0.0,1,8864567,0.012,-0.06116947020000004,0.010250763299999936,0,0.21280000000000016,-0.12786666666666613,0,0,172,-1
834,-576452101776,1.1057435410352745,1.7355055684669198,0.0,0.0,0.0,0.0,1,8864578,0.011,-0.05339014020000003,0.00426666329999995,0,0.011550000000000143,0.06463333333333399,0,0,172,-1
835,-576452101765,1.1057434271091182,1.7355049182257734,0.0,0.0,0.0,0.0,1,8864589,0.011,-0.06775198020000002,-0.01189040670000006,0,0.09030000000000014,0.029633333333333844,0,0,172,-1
836,-576452101753,1.1057432969106755,1.735504307310877,0.0,0.0,0.0,0.0,1,8864601,0.012,-0.05578378020000005,-0.01189040670000006,0,0.04655000000000015,-0.0666166666666661,0,0,172,-1
837,-576452101685,1.1057430912882777,1.7355036809421172,0.0,0.0,0.0,0.0,1,8864612,0.011,-0.06356311020000004,-0.02086655670000007,0,0.18655000000000016,-0.05786666666666607,0,0,172,-1
838,-576452101684,1.1057429887272479,1.735503008180598,0.0,0.0,0.0,0.0,1,8864623,0.011,-0.07014562020000004,-0.010693586700000054,0,0.10780000000000015,0.08213333333333384,0,0,172,-1
839,-576452101684,1.1057428981022213,1.7355024701406776,0.0,0.0,0.0,0.0,1,8864634,0.011,-0.05638219020000005,-0.009496766700000065,0,0.04655000000000015,0.1258833333333338,0,0,172,-1
840,-576452101684,1.1051979939709977,1.7358971824309697,-3.7500886856847644e-4,3.4402603383443335e-4,-2.616877942674209e-7,3.6933023548627594e-7,1,8864646,0.012,-0.037831480200000045,-0.014284046700000054,0,0.055300000000000155,-0.1453666666666661,0,1,173,1
841,-576452101684,1.1051934066210019,1.7359008287479014,0.0,0.0,0.0,0.0,1,8864658,0.012,-0.04321717020000004,-0.007103126700000071,0,-0.11094999999999985,-0.11036666666666606,0,0,173,-1
842,-576452101650,1.1051934238461103,1.735900270886049,0.0,0.0,0.0,0.0,1,8864669,0.011,-0.05638219020000005,0.001873023299999938,0,0.03780000000000014,-0.10161666666666613,0,0,173,-1
843,-576452101650,1.105193516731542,1.7358995514758135,0.0,0.0,0.0,0.0,1,8864681,0.012,-0.06535834020000005,0.008455533299999936,0,-0.08469999999999986,0.047133333333333916,0,0,173,-1
844,-576452101650,1.1051935351773612,1.735898765169252,0.0,0.0,0.0,0.0,1,8864692,0.011,-0.0797201802,0.001873023299999938,0,0.02905000000000016,-0.03161666666666607,0,0,173,-1
845,-576452101649,1.105193432598304,1.7358981439717878,0.0,0.0,0.0,0.0,1,8864703,0.011,-0.06475993020000002,-0.010693586700000054,0,-0.049699999999999855,0.047133333333333916,0,0,173,-1
846,-576452101640,1.1093110512354614,1.7393813863840455,0.0027011935383359858,0.0028556377756418405,1.5311694764156353e-6,2.5680573247180648e-6,1,8864714,0.011,-0.06954721020000004,-0.0017174367000000453,0,-0.18969999999999984,0.0996333333333339,0,1,174,2
847,-576452101629,1.1093434522372285,1.7394149098408074,0.0,0.0,0.0,0.0,1,8864726,0.012,-0.06894880020000002,-0.002315846700000065,0,0.03780000000000014,0.08213333333333384,0,0,174,-1
848,-576452101617,1.1093433366802714,1.7394142318526669,0.0,0.0,0.0,0.0,1,8864737,0.011,-0.06894880020000002,-0.01189040670000006,0,0.04655000000000015,-0.005366666666666076,0,0,174,-1
849,-576452101606,1.1060388786122561,1.7418034703150753,-0.002287604271047456,0.0020834552450456883,-1.4749277216096214e-6,2.0926104530829387e-6,1,8864748,0.011,-0.06835039020000004,-0.0041110767000000735,0,-0.05844999999999986,-0.18036666666666612,0,1,175,1
850,-576452101594,1.1060113944848227,1.741827938542014,0.0,0.0,0.0,0.0,1,8864760,0.012,-0.049201270200000036,-0.002315846700000065,0,-0.06719999999999984,0.06463333333333399,0,0,175,-1
851,-576452101581,1.1060113409182353,1.7418272600335916,0.0,0.0,0.0,0.0,1,8864771,0.011,-0.06894880020000002,-0.005307896700000063,0,0.20405000000000015,-0.07536666666666614,0,0,175,-1
852,-576452101572,1.1060113472786737,1.741826765283186,0.0,0.0,0.0,0.0,1,8864782,0.011,-0.051594910200000024,6.762032999999493e-4,0,-0.13719999999999985,0.06463333333333399,0,0,175,-1
853,-576452101531,1.1060112566418963,1.7418263243299326,0.0,0.0,0.0,0.0,1,8864793,0.011,-0.04620922020000003,-0.009496766700000065,0,0.06405000000000015,-0.07536666666666614,0,0,175,-1
854,-576452101531,1.1060112288530803,1.7418258380870855,0.0,0.0,0.0,0.0,1,8864804,0.011,-0.050996500200000024,-0.002914256700000068,0,0.02030000000000015,0.05588333333333395,0,0,175,-1
855,-576452101531,1.1060111839542388,1.7418252606242206,-6.374403058715222e-6,-8.198437850499939e-5,-0.004129996834148579,-0.05311795165851513,0,8864815,0.011,-0.06057106020000003,-0.004709486700000059,0,0.25655000000000017,0.2396333333333338,0,0,175,-1
856,-576452101529,1.107067992916051,1.742717593144239,6.534719604794889e-4,6.619737658802556e-5,-0.0014891001507546652,-0.058078939517167416,0,8864826,0.011,-0.058775830200000045,-0.0011190267000000594,0,-0.005949999999999844,0.0733833333333338,0,1,176,2
857,-576452101517,1.1070750684997357,1.7427146774940387,6.335445912998305e-4,-5.914316208812333e-4,-0.0037884494295265213,-0.07023517880209816,0,8864837,0.011,-0.07194085020000002,-0.0041110767000000735,0,0.15155000000000016,-0.0666166666666661,0,0,176,-1
858,-576452101506,1.1070818052153402,1.7427039233734274,5.914349661625902e-4,-0.0013638973668605539,-0.004071378268812912,-0.07015664014880159,0,8864848,0.011,-0.07014562020000004,-0.0041110767000000735,0,0.04655000000000015,-0.014116666666666111,0,0,176,-1
859,-576452101494,1.1070887266839453,1.7426825512552708,5.582619852848592e-4,-0.002199639231589866,0.005339798304695003,-0.06647353553523032,0,8864860,0.012,-0.06595675020000002,0.006660303299999944,0,-0.04094999999999985,-0.11036666666666606,0,0,176,-1
860,-576452101481,1.107095073922816,1.7426544212092374,0.0,0.0,0.0,0.0,1,8864871,0.011,-0.05757901020000004,-0.006504716700000068,0,0.11655000000000015,0.03838333333333388,0,0,176,-1
861,-576452101472,1.1095967645819746,1.740837758625754,0.0017448999649821166,-0.0015893710619472043,1.1173616544123241e-6,-1.5854610684334769e-6,1,8864882,0.011,-0.05698060020000004,-0.008898356700000063,0,-0.03219999999999984,-0.10161666666666613,0,1,177,1
862,-576452101461,1.1096176946372713,1.7408180167260325,0.0,0.0,0.0,0.0,1,8864894,0.012,-0.06176788020000004,7.779329999994643e-5,0,-0.005949999999999844,0.047133333333333916,0,0,177,-1
863,-576452101449,1.109617747296009,1.7408174560920906,0.0,0.0,0.0,0.0,1,8864905,0.011,-0.05698060020000004,0.005463483299999938,0,0.13405000000000014,0.00338333333333396,0,0,177,-1
864,-576452101437,1.1096177364270692,1.740816903957111,0.0,0.0,0.0,0.0,1,8864916,0.011,-0.05757901020000004,-0.0011190267000000594,0,0.09905000000000015,-0.07536666666666614,0,0,177,-1
865,-576452101426,1.1096176782835023,1.740816129296276,0.0,0.0,0.0,0.0,1,8864928,0.012,-0.07074403020000002,-0.005307896700000063,0,0.03780000000000014,-0.2328666666666661,0,0,177,-1
866,-576452101414,1.1096175981948595,1.7408155745583134,0.0,0.0,0.0,0.0,1,8864940,0.012,-0.049201270200000036,-0.007103126700000071,0,0.12530000000000016,0.012133333333333995,0,0,177,-1
867,-576452101402,1.113725346084652,1.7442987175368845,0.0027613822575599752,0.002904818381495148,1.992124853691482e-6,3.336228385958519e-6,1,8864952,0.012,-0.04800445020000003,-0.017276096700000052,0,0.02905000000000016,-0.03161666666666607,0,1,178,2
868,-576452101391,1.1137555603269944,1.7443302329102588,0.0,0.0,0.0,0.0,1,8864963,0.011,-0.04501240020000003,-0.017276096700000052,0,0.0028000000000001357,0.02088333333333381,0,0,178,-1
869,-576452101379,1.1137554876672038,1.7443297443571462,0.0,0.0,0.0,0.0,1,8864974,0.011,-0.050996500200000024,-0.007701536700000057,0,-0.04094999999999985,0.012133333333333995,0,0,178,-1
870,-576452101369,1.1137553915030731,1.7443291778289738,0.0,0.0,0.0,0.0,1,8864985,0.011,-0.059374240200000046,-0.01009517670000007,0,0.04655000000000015,-0.08411666666666606,0,0,178,-1
871,-576452101358,1.113755472149011,1.7443285489439158,0.0,0.0,0.0,0.0,1,8864996,0.011,-0.06595675020000002,0.008455533299999936,0,-0.06719999999999984,0.03838333333333388,0,0,178,-1
872,-576452101347,1.1137555185345804,1.7443277603950034,6.5849973696684646e-6,-1.119530137389024e-4,0.004266438915073326,-0.07253470932859077,0,8865007,0.011,-0.0827122302,0.004865073299999936,0,-0.16344999999999985,0.16963333333333397,0,0,178,-1
873,-576452101336,1.111438405788113,1.746023996298172,-0.0015625957292452735,5.919768244783645e-4,0.010038159171755793,-0.06676468506880485,0,8865018,0.011,-0.06595675020000002,0.010849173299999938,0,0.04655000000000015,0.05588333333333395,0,1,179,1
874,-576452101325,1.1114217809036604,1.746026436568189,-0.0014583679170893913,-1.4701086002854636e-4,0.006026385050466869,-0.06972960508615783,0,8865029,0.011,-0.07014562020000004,0.005463483299999938,0,0.13405000000000014,-0.005366666666666076,0,0,179,-1
875,-576452101314,1.1114060412559275,1.7460206651393668,-0.0014009390341802814,-9.04880214621456e-4,2.849745263461684e-4,-0.06379710383009994,0,8865040,0.011,-0.06296470020000003,-5.206167000000564e-4,0,0.04655000000000015,0.18713333333333382,0,0,179,-1
876,-576452101302,1.1113892740899514,1.7460036839612854,-0.0013943242199364499,-0.0018747439754211752,0.0022023953385092157,-0.18638977532884615,0,8865052,0.012,-0.2035910502,0.002471433299999941,0,-0.15469999999999987,-0.014116666666666111,0,0,179,-1
877,-576452101291,1.1113739663348783,1.7459731309428936,-0.0013844524275973779,-0.0037383403933160175,-0.007007661326517205,-0.0666067296610071,0,8865063,0.011,-0.049799680200000036,-0.00829994670000006,0,-0.07594999999999988,0.02088333333333381,0,0,179,-1
878,-576452101280,1.1113582436096583,1.7459280775514114,-0.001471397329249716,-0.00445715858778874,-0.01338870675053949,-0.057640292702052356,0,8865074,0.011,-0.05638219020000005,-0.014284046700000054,0,0.02905000000000016,-0.022866666666666147,0,0,179,-1
879,-576452101268,1.0999532166776207,1.736169244041051,-0.009362047414288815,-0.01325754361387981,-0.0099803647749773,-0.053921000091294684,0,8865085,0.011,-0.05339014020000003,-0.009496766700000065,0,-0.014699999999999852,0.0996333333333339,0,1,180,2
880,-576452101256,1.0998400551805065,1.7360062517913895,-0.009495097033097465,-0.013907317171661118,-0.017952707911531723,-0.05555457004090643,0,8865097,0.012,-0.05578378020000005,-0.01907132670000006,0,0.16030000000000016,0.2046333333333339,0,0,180,-1
881,-576452101247,1.0997345591873944,1.7358498549846337,0.0,0.0,0.0,0.0,1,8865108,0.011,-0.06116947020000004,-0.014284046700000054,0,0.13405000000000014,0.10838333333333394,0,0,180,-1
882,-576452101235,1.0997344510457834,1.735849291416357,-1.530230174324599e-5,-7.965025137308359e-5,-0.00990254641173852,-0.05154361995553584,0,8865119,0.011,-0.058775830200000045,-0.011291996700000057,0,-0.2509499999999999,-0.1191166666666661,0,0,180,-1
883,-576452101224,1.0997346696696493,1.7358452164253428,1.5652879134163666e-5,-6.580406450945146e-4,0.08071498748527123,-0.05893548035182474,0,8865130,0.011,-0.05997265020000003,0.09342975329999993,0,0.02030000000000015,0.10838333333333394,0,0,180,-1
884,-576452101214,1.0997393385315137,1.7358341799697243,8.486399627672492e-4,-0.001339323818330667,0.04516006118517965,-0.08031134133574648,0,8865141,0.011,-0.08331064020000006,0.04017126329999993,0,0.055300000000000155,0.1521333333333339,0,0,180,-1
885,-576452101202,1.0975923080446857,1.737378193803669,-2.1853534433601278e-4,-8.473143667544407e-4,0.015594859045057412,-0.07926680190241779,0,8865152,0.011,-0.07912177020000002,0.011447583299999934,0,-0.08469999999999986,0.13463333333333383,0,1,181,1
886,-576452101191,1.0975912744909644,1.7373642969040006,1.3810461562186337e-5,-0.0016882734831387132,0.05498962781148829,-0.05919808106237146,0,8865163,0.011,-0.05638219020000005,0.06051720329999995,0,-0.11094999999999985,0.00338333333333396,0,0,181,-1
887,-576452101180,1.0975951198089786,1.737339753562838,6.362886537224942e-4,-0.0024015316953972165,0.03254863359037567,-0.06092689598763594,0,8865175,0.012,-0.06116947020000004,0.029399883299999943,0,0.16030000000000016,0.10838333333333394,0,0,181,-1
888,-576452101165,1.097603673983628,1.7373096305103701,9.368560788643195e-4,-0.0030745128606337628,-0.004323191547119479,-0.06271395378858027,0,8865186,0.011,-0.06296470020000003,-0.009496766700000065,0,0.10780000000000015,0.08213333333333384,0,0,181,-1
889,-576452101156,1.0976144954196259,1.7372681523691214,0.0,0.0,0.0,0.0,1,8865198,0.012,-0.06894880020000002,-0.014284046700000054,0,0.08155000000000015,0.02088333333333381,0,0,181,-1
890,-576452101145,1.097614266023006,1.7372676140261392,0.0,0.0,0.0,0.0,1,8865209,0.011,-0.05458696020000004,-0.023260196700000065,0,-0.02344999999999986,0.10838333333333394,0,0,181,-1
891,-576452101134,1.0904125881101594,1.7310446329137703,-0.004946351860084985,-0.005279304451635029,-3.0069050437855855e-6,-5.085585411579067e-6,1,8865220,0.011,-0.043815580200000044,-0.022063376700000074,0,-0.06719999999999984,0.24838333333333384,0,1,182,2
892,-576452101123,1.0903531386335972,1.7309805812485666,0.0,0.0,0.0,0.0,1,8865232,0.012,-0.06475993020000002,-0.009496766700000065,0,-0.06719999999999984,0.1258833333333338,0,0,182,-1
893,-576452101110,1.09035328185616,1.7309800205620438,0.0,0.0,0.0,0.0,1,8865243,0.011,-0.05698060020000004,0.014439633299999938,0,-0.11969999999999983,0.18713333333333382,0,0,182,-1
894,-576452101098,1.09035344345182,1.7309793249745258,2.2811840739571954e-5,-9.830203259629985e-5,0.01476198360160083,-0.06361349634504233,0,8865254,0.011,-0.07253926020000004,0.01683327329999994,0,-0.15469999999999987,0.3183833333333339,0,0,182,-1
895,-576452101089,1.0903547328776153,1.7309743212801214,2.0581939200661333e-4,-8.085133361571226e-4,0.028123505743386436,-0.07039141412794785,0,8865265,0.011,-0.07134244020000004,0.029998293299999937,0,0.06405000000000015,0.10838333333333394,0,0,182,-1
896,-576452101078,1.0903587162388444,1.7309611598849695,5.177155657236402e-4,-0.001584106148772331,0.029767605656337633,-0.07122541896052721,0,8865276,0.011,-0.07134244020000004,0.029998293299999937,0,0.11655000000000015,0.09088333333333387,0,0,182,-1
897,-576452101066,1.090692179471001,1.7307046553036565,0.001073592216278745,-0.0026006688419408413,0.02892049756202199,-0.08864589021092284,0,8865287,0.011,-0.09108997020000005,0.02880147329999994,0,-0.049699999999999855,0.16963333333333397,0,1,183,1
898,-576452101054,1.0907068082015008,1.7306671718435307,0.0013749920870887665,-0.0036496293771870565,0.0015277027355227284,-0.07976891070976369,0,8865299,0.012,-0.07852336020000003,-0.002315846700000065,0,-0.049699999999999855,-0.022866666666666147,0,0,183,-1
899,-576452101045,1.0907220055511926,1.7306222827857944,0.0013889973104203575,-0.004515570226953818,-2.6857641821774903e-4,-0.07237929507960138,0,8865310,0.011,-0.07134244020000004,-5.206167000000564e-4,0,0.06405000000000015,0.05588333333333395,0,0,183,-1
900,-576452101033,1.0907371740757077,1.7305683515203325,0.001372726439006888,-0.005294929579273658,-0.008886039560050983,-0.06149925499473219,0,8865321,0.011,-0.05997265020000003,-0.01009517670000007,0,0.03780000000000014,0.335883333333334,0,0,183,-1
901,-576452101021,1.0907528823522026,1.7305000145256044,0.0012494575457330508,-0.0060822938424033935,-0.018867608560750995,-0.0911223517021943,0,8865333,0.012,-0.09527884020000005,-0.02026814670000005,0,0.04655000000000015,0.10838333333333394,0,0,183,-1
902,-576452101009,1.0907658956600046,1.7304269716518088,0.0010988898511035698,-0.007171295042781047,0.017688146680354185,-0.14672034149668117,0,8865344,0.011,-0.15452143020000003,0.022817373299999943,0,-0.15469999999999987,0.14338333333333386,0,0,183,-1
903,-576452100999,1.097588944318302,1.7362708342070954,0.005971597374513048,-0.0035527479660603144,-0.0030002207401931607,-0.03390748230243364,0,8865355,0.011,-0.018083950200000035,-0.005906306700000065,0,0.03780000000000014,0.178383333333334,0,1,184,2
904,-576452100987,1.0976597860100237,1.7362265372621444,0.005856122733533243,-0.0038551713446522925,-0.050679562671490014,0.028773288873591464,0,8865367,0.012,0.037568179799999976,-0.057369566700000055,0,-0.005949999999999844,0.00338333333333396,0,0,184,-1
905,-576452100977,1.0977211957003403,1.7361855573209706,0.005306680197072716,-0.0035822623159205815,-0.04552605750121151,8.011398296678754e-4,0,8865378,0.011,-0.0031237002000000322,-0.04480295670000006,0,0.011550000000000143,0.06463333333333399,0,0,184,-1
906,-576452100965,1.097777189133076,1.736145870581602,0.00485877365316888,-0.0036201264709616824,-0.011306189341644547,-0.02940439797952298,0,8865389,0.011,-0.03364261020000003,-0.006504716700000068,0,0.09030000000000014,0.02088333333333381,0,0,184,-1
907,-576452100953,1.097834811589854,1.7360999903241203,0.0,0.0,0.0,0.0,1,8865401,0.012,-0.058775830200000045,6.762032999999493e-4,0,0.03780000000000014,0.03838333333333388,0,0,184,-1
908,-576452100941,1.0978350216263506,1.736099226429473,0.0,0.0,0.0,0.0,1,8865413,0.012,-0.06775198020000002,0.018628503299999943,0,0.07280000000000016,-0.04911666666666614,0,0,184,-1
909,-576452100930,1.0981344451862292,1.7358799700752718,2.113175373146015e-4,-1.9190221215237797e-4,1.3744678318153068e-7,-1.9277618021769593e-7,1,8865424,0.011,-0.07912177020000002,-0.0011190267000000594,0,0.10780000000000015,-0.15411666666666612,0,1,185,1
910,-576452100918,1.0981368188614833,1.7358772279494192,0.0,0.0,0.0,0.0,1,8865436,0.012,-0.04022512020000004,-0.014284046700000054,0,0.0028000000000001357,0.029633333333333844,0,0,185,-1
911,-576452100907,1.098137083486459,1.7358765609555729,0.0,0.0,0.0,0.0,1,8865447,0.011,-0.06775198020000002,0.02700624329999994,0,0.15155000000000016,-0.19786666666666608,0,0,185,-1
912,-576452100893,1.0981373540615855,1.7358758749809473,0.0,0.0,0.0,0.0,1,8865459,0.012,-0.06236629020000004,0.024612603299999945,0,0.14280000000000015,0.1258833333333338,0,0,185,-1
913,-576452100884,1.098137525952377,1.7358751359841504,0.0,0.0,0.0,0.0,1,8865470,0.011,-0.07493290020000001,0.017431683299999935,0,0.18655000000000016,0.16088333333333393,0,0,185,-1
914,-576452100873,1.0981375668762277,1.7358744975782339,0.0,0.0,0.0,0.0,1,8865481,0.011,-0.06655516020000005,0.00426666329999995,0,-0.13719999999999985,0.0733833333333338,0,0,185,-1
915,-576452100861,1.0980219863494263,1.7357730719228832,-8.04405667394885e-5,-8.619261237409902e-5,-5.5113140300004925e-8,-9.308713861482007e-8,1,8865493,0.012,-0.06416152020000003,0.015636453299999943,0,0.055300000000000155,0.029633333333333844,0,1,186,2
916,-576452100849,1.0980213152105822,1.7357712486028463,0.0,0.0,0.0,0.0,1,8865505,0.012,-0.07074403020000002,0.02521101329999994,0,0.06405000000000015,0.16963333333333397,0,0,186,-1
917,-576452100837,1.0980205218627412,1.735772067197706,0.0,0.0,0.0,0.0,1,8865517,0.012,0.07227595979999997,-0.06993617670000005,0,0.011550000000000143,0.178383333333334,0,0,186,-1
918,-576452100826,1.098020991754369,1.735771430721122,0.0,0.0,0.0,0.0,1,8865528,0.011,-0.06416152020000003,0.047352183299999934,0,0.011550000000000143,-0.0666166666666661,0,0,186,-1
919,-576452100815,1.0980212759621792,1.735770559534389,0.0,0.0,0.0,0.0,1,8865540,0.012,-0.07912177020000002,0.025809423299999943,0,0.0028000000000001357,-0.15411666666666612,0,0,186,-1
920,-576452100803,1.0980202791918943,1.7357705582380243,-1.3814288902942007e-4,-1.79967619775129e-7,-0.08861913156069404,-1.154509915518319e-4,0,8865551,0.011,-1.31650200000035e-4,-0.10105349670000006,0,0.04655000000000015,0.00338333333333396,0,0,186,-1
921,-576452100790,1.095247706954938,1.737794096394344,-0.0030765169927553307,0.001700925891222003,-0.04232416326811689,-0.044208979999265,0,8865563,0.012,-0.05039809020000004,-0.035826806700000054,0,0.03780000000000014,0.19588333333333385,0,1,187,1
922,-576452100780,1.0952079701364896,1.7378110839386915,-0.0035536461665065075,0.0011383463607736912,-0.024031635594714083,-0.06328074467292168,0,8865575,0.012,-0.06595675020000002,-0.02146496670000007,0,0.09905000000000015,-0.13661666666666616,0,0,187,-1
923,-576452100768,1.0951675224865178,1.7378197331285639,-0.0038046551757780402,4.3613963604803216e-4,-0.015483461698025692,-0.0672018065099905,0,8865586,0.011,-0.06775198020000002,-0.014284046700000054,0,-0.014699999999999852,0.10838333333333394,0,0,187,-1
924,-576452100756,1.0951248954190127,1.7378205975485121,-0.003952260046902058,-2.8436047570684603e-4,-7.874234464961775e-4,-0.055089629160689046,0,8865597,0.011,-0.05339014020000003,0.0012746132999999521,0,0.11655000000000015,-0.08411666666666606,0,0,187,-1
925,-576452100745,1.0950773424309839,1.7378130342204066,0.0,0.0,0.0,0.0,1,8865609,0.012,-0.07194085020000002,-0.007103126700000071,0,-0.02344999999999986,-0.10161666666666613,0,0,187,-1
926,-576452100734,1.0950774965135304,1.7378121660774113,2.1372313168519405e-5,-1.204145541897303e-4,0.01371242913294798,-0.07725770443752814,0,8865620,0.011,-0.08809792020000005,0.015636453299999943,0,0.04655000000000015,0.047133333333333916,0,0,187,-1
927,-576452100722,1.105445786978303,1.7468830162863493,0.007423234471898964,0.006776831519450999,0.021701965145838616,-0.05212039897724051,0,8865632,0.012,-0.04860286020000003,0.022817373299999943,0,0.3965500000000002,0.21338333333333392,0,1,188,2
928,-576452100711,1.1055364003601578,1.7469606049876583,0.007680007550741273,0.0061539269414223954,0.01953146187471141,-0.050610015733689236,0,8865644,0.012,-0.05039809020000004,0.019226913299999936,0,0.14280000000000015,0.03838333333333388,0,0,188,-1
929,-576452100699,1.1056220300651993,1.7470249660735881,0.007890342822050148,0.0055598379318914405,0.01664050102392585,-0.07456391985466304,0,8865655,0.011,-0.07792495020000002,0.01623486329999994,0,-0.10219999999999987,0.00338333333333396,0,0,188,-1
930,-576452100688,1.1057097634575586,1.7470817934344167,0.008063916858913956,0.00476508861016332,0.010512226370049792,-0.05809462664726847,0,8865666,0.011,-0.05578378020000005,0.009652353299999942,0,-0.12844999999999987,0.02088333333333381,0,0,188,-1
931,-576452100678,1.105798848742851,1.7471307395878846,0.008143553183696858,0.004132416404229615,-0.012807262672048306,-0.05396901479799553,0,8865677,0.011,-0.05339014020000003,-0.016079276700000065,0,0.0028000000000001357,0.27463333333333395,0,0,188,-1
932,-576452100667,1.1017227475578517,1.7502396545493515,0.005078066099765409,0.006073640779201733,-0.013054379934599281,-0.2045949357058936,0,8865687,0.01,-0.22573222020000006,-0.013087226700000065,0,-0.11969999999999983,0.1258833333333338,0,1,189,1
933,-576452100656,1.1017777797412023,1.750292713535852,0.004932003905299576,0.003621544431857414,-0.014657516696423577,-0.33648321593605585,0,8865698,0.011,-0.3549887802000001,-0.014882456700000057,0,0.011550000000000143,0.029633333333333844,0,0,189,-1
934,-576452100644,1.1018351427468236,1.750314866155141,0.004652709460350288,-2.396521994557486e-5,-0.07677849207877138,-0.10081864705076113,0,8865710,0.012,-0.06775198020000002,-0.08549483670000006,0,0.10780000000000015,-0.022866666666666147,0,0,189,-1
935,-576452100633,1.1018820808039484,1.7503099710539858,0.0038641106895746006,-9.291312580816522e-4,-0.040865803129597165,0.029986037476941896,0,8865721,0.011,0.048339559799999966,-0.035826806700000054,0,0.29155000000000014,0.08213333333333384,0,0,189,-1
936,-576452100623,1.1019230455517532,1.7502980511039201,0.003546297461270303,-0.0010958370463147794,0.044368852220854495,-0.2913505541863214,0,8865732,0.011,-0.3364380702000001,0.05632833329999994,0,-0.19844999999999988,0.3533833333333338,0,0,189,-1
937,-576452100612,1.1019643107899841,1.750270429634542,0.003973587120457373,-0.0040085345670084465,0.005002913565642246,-0.10208729659779575,0,8865743,0.011,-0.07553131020000003,-5.206167000000564e-4,0,0.06405000000000015,0.029633333333333844,0,0,189,-1
938,-576452100601,1.1376134799682494,1.7812480812132054,0.02893896159851927,0.021857098012849706,0.045302811874538905,0.06763583543440163,0,8865753,0.01,0.09142507979999998,0.05094264329999994,0,-0.09344999999999984,0.10838333333333394,0,1,190,2
939,-576452100590,1.1379631802965793,1.7815151456436962,0.02936857866374566,0.022655521521128368,-0.023744913060092833,0.05963512839674089,0,8865765,0.012,0.05851252979999998,-0.03343316670000006,0,-0.03219999999999984,0.19588333333333385,0,0,190,-1
940,-576452100579,1.138285244249753,1.7817666359834596,0.029169317193974684,0.02312616781213182,0.01603845281009849,-0.05942421513917293,0,8865776,0.011,-0.07612972020000003,0.02162055329999994,0,-0.26844999999999986,0.08213333333333384,0,0,190,-1
941,-576452100568,1.1386071133516011,1.7820173947437532,0.029350871210717125,0.022467704254350216,0.01935935891534845,-0.06252905288987007,0,8865787,0.011,-0.06296470020000003,0.01982532329999994,0,-0.014699999999999852,-0.03161666666666607,0,0,190,-1
942,-576452100554,1.1389604672600508,1.7822824610252672,0.029549753679527543,0.021711471048833943,-6.983245222018479e-4,-0.06605975835821315,0,8865799,0.012,-0.06655516020000005,-0.0035126667000000707,0,0.011550000000000143,0.16088333333333393,0,0,190,-1
943,-576452100542,1.1393152521686196,1.7825383244986537,0.02957252305161108,0.020929495752854476,0.017824720024541534,-0.05967209826914539,0,8865811,0.012,-0.058775830200000045,0.020423733299999934,0,0.23905000000000015,0.09088333333333387,0,0,190,-1
944,-576452100533,1.140022138331394,1.7824269760955518,0.030005042817880783,0.020052183078990003,-0.007184320084609521,-0.0609854681894016,0,8865821,0.01,-0.06116947020000004,-0.010693586700000054,0,0.06405000000000015,0.22213333333333396,0,1,191,1
945,-576452100521,1.1403518260208794,1.782643864814205,0.0,0.0,0.0,0.0,1,8865832,0.011,-0.06057106020000003,7.779329999994643e-5,0,-0.049699999999999855,0.06463333333333399,0,0,191,-1
946,-576452100509,1.1403523974544696,1.7826433221284326,0.0,0.0,0.0,0.0,1,8865845,0.013,-0.043815580200000044,0.046155363299999946,0,-0.10219999999999987,0.21338333333333392,0,0,191,-1
947,-576452100498,1.140354243206401,1.7826427059735186,2.5030863030055467e-4,-8.358192529711493e-5,0.15907572304135204,-0.053117951658514725,0,8865856,0.011,-0.06057106020000003,0.18139602329999996,0,-0.05844999999999986,0.03838333333333388,0,0,191,-1
948,-576452100487,1.1403698498493418,1.7826387608837544,0.0024542383639649776,-6.414558555224813e-4,0.45258328578452156,-0.03603899938806299,0,8865867,0.011,-0.03364261020000003,0.49376604329999996,0,0.08155000000000015,-0.04036666666666611,0,0,191,-1
949,-576452100477,1.140426358792693,1.7826287414503057,0.007734713307607198,-0.0011488784465973872,0.6482308932911676,-0.10793106958302283,0,8865878,0.011,-0.11801842020000003,0.6756826833,0,-0.09344999999999984,-0.15411666666666612,0,0,191,-1
951,-576452100447,1.1266061806902177,1.7705606481238712,0.00782292805980001,-0.013754636161610006,0.08411895783945197,-0.09636741675009124,0,8865900,0.011,-0.09468043020000003,0.04974582329999995,0,0.22155000000000016,0.18713333333333382,0,0,192,-1
952,-576452100443,1.1266983219948272,1.770403736946068,0.008890431557845312,-0.014783236974439212,0.1762484420694574,-0.07599602899144897,0,8865911,0.011,-0.07313767020000003,0.18917535329999993,0,0.09905000000000015,0.27463333333333395,0,0,192,-1
953,-576452100433,1.1268081864235016,1.7702364479772648,0.01102890224212351,-0.015629903870605723,0.30565960883208854,-0.08293537389709808,0,8865922,0.011,-0.08390905020000004,0.3238176032999999,0,0.03780000000000014,0.283383333333334,0,0,192,-1
954,-576452100421,1.126948283967353,1.7700591156439573,0.014431934376964755,-0.016596968258322693,0.3320788548568022,-0.11842453937514832,0,8865933,0.011,-0.12340411020000007,0.3357858032999999,0,0.08155000000000015,0.16088333333333393,0,0,192,-1
955,-576452100410,1.1271286046918774,1.7698698730925992,0.01829473919599454,-0.0178302418684122,0.46809831339610164,-0.07346232717119644,0,8865944,0.011,-0.06715357020000004,0.48718353329999997,0,0.07280000000000016,0.19588333333333385,0,0,192,-1
956,-576452100398,1.1278972318947265,1.7692609649774684,0.024356736191587125,-0.019121054763812838,0.5168468188455015,-0.11411062397214092,0,8865956,0.012,-0.11981365020000001,0.5236865433,0,0.08155000000000015,0.14338333333333386,0,1,193,1
957,-576452100386,1.1282268059641607,1.7690235467395294,0.030568986805992956,-0.020457318128881824,0.5228449333203642,-0.09444737791347711,0,8865968,0.012,-0.09168838020000003,0.5236865433,0,0.16030000000000016,0.24838333333333384,0,0,193,-1
958,-576452100375,1.128595238020576,1.768792693910637,0.036395131539173994,-0.02151129741115212,0.5708129365102871,-0.10409774395122093,0,8865979,0.011,-0.10545181020000005,0.5775434433,0,0.02030000000000015,0.16963333333333397,0,0,193,-1
959,-576452100364,1.129073903306148,1.7685277269590045,0.04335455720769443,-0.022672261732520176,0.6365398769777759,-0.05123314079857477,0,8865991,0.012,-0.043815580200000044,0.6457621832999999,0,0.011550000000000143,0.21338333333333392,0,0,193,-1
960,-576452100352,1.129587711155069,1.7682771117181437,0.05013432527582945,-0.02297536581764263,0.49401633667969713,0.11585354231684866,0,8866002,0.011,0.13929787979999997,0.47401851329999994,0,0.03780000000000014,0.2571333333333339,0,0,193,-1
961,-576452100341,1.1301721625114314,1.7680309336499433,0.056004459415303576,-0.021765709101976217,0.7761269933050825,0.07396462527773887,0,8866013,0.011,0.06808708979999997,0.8157106232999999,0,-0.09344999999999984,0.502133333333334,0,0,193,-1
962,-576452100330,1.1308312163682819,1.7677965292310847,0.06398139896717711,-0.020874996103034896,0.4130588188428462,0.12391191457876582,0,8866024,0.011,0.13092013979999997,0.36211584329999996,0,0.14280000000000015,0.21338333333333392,0,0,193,-1
963,-576452100317,1.119465329363202,1.7571940744044827,0.06023354260344759,-0.028470846482174947,0.2849389543386669,0.024043293463645712,0,8866036,0.012,0.010041319799999962,0.26696865329999997,0,0.02030000000000015,0.335883333333334,0,1,194,2
964,-576452100306,1.1202099448235092,1.756853649626129,0.06382309908338467,-0.02824798553559938,0.3862051745048667,-0.014999413374524977,0,8866048,0.012,-0.02047759020000003,0.40041408329999995,0,0.19530000000000014,0.16088333333333393,0,0,194,-1
965,-576452100294,1.1210051190009034,1.756512785544859,0.06865169565316494,-0.028533246454183328,0.5015220526315366,-0.07752901082590699,0,8866060,0.012,-0.08630269020000006,0.5177024433,0,-0.05844999999999986,0.18713333333333382,0,0,194,-1
966,-576452100262,1.1217915378783043,1.7561952758611692,0.07429377744073634,-0.02924164409982911,0.5818334206054421,0.0150093395671448,0,8866071,0.011,0.027993619799999973,0.5931021033,0,0.03780000000000014,0.27463333333333395,0,0,194,-1
968,-576452100261,1.1235646220636424,1.7555608436435706,0.08678453890724963,-0.02816654746874198,0.5277873496606336,0.07978894636660112,0,8866093,0.011,0.08065369979999996,0.5230881333,0,-0.08469999999999986,0.08213333333333384,0,0,194,-1
969,-576452100250,1.1219093583220474,1.7572349457452145,0.0906699714503798,-0.025568272326206423,0.4895547039195148,0.07110295093896243,0,8866104,0.011,0.06988231979999997,0.48419148329999995,0,-0.13719999999999985,0.21338333333333392,0,1,195,1
970,-576452100239,1.122936552771227,1.7569571981510514,0.09608668095097458,-0.024901176341419792,0.5100407206401274,-0.0034362975755377473,0,8866115,0.011,-0.013895080200000033,0.5129151633,0,0.02905000000000016,0.230883333333334,0,0,195,-1
971,-576452100228,1.1240247946190915,1.7566826193692084,0.10175852562348195,-0.025004158314386307,0.549820654380526,-0.04566912045959987,0,8866126,0.011,-0.051594910200000024,0.5554022733,0,-0.03219999999999984,0.05588333333333395,0,0,195,-1
972,-576452100217,1.1251782656916738,1.756404748574318,0.10792912192851602,-0.02551534917260997,0.6292338371486376,-0.051390534700605034,0,8866137,0.011,-0.05219332020000003,0.6403764932999999,0,0.011550000000000143,0.03838333333333388,0,0,195,-1
973,-576452100206,1.1264032444655177,1.7561212538910569,0.11480664885448245,-0.026040423669528,0.6006966808649106,-0.02533090061974817,0,8866148,0.011,-0.021674410200000035,0.5966925633,0,-0.11969999999999983,0.13463333333333383,0,0,195,-1
974,-576452100194,1.1232663643273995,1.7520818264393965,0.11829335161229886,-0.02944068344217484,0.5835392030970274,0.04451930940785435,0,8866159,0.011,0.05432365979999997,0.5811339032999999,0,-0.11969999999999983,0.36213333333333386,0,1,196,2
975,-576452100183,1.12472705803704,1.751731564686339,0.12518212260242695,-0.028931470195109974,0.515307937545221,0.02950228490619512,0,8866171,0.012,0.02739520979999997,0.5057342432999999,0,0.10780000000000015,0.27463333333333395,0,0,196,-1
976,-576452100171,1.126265131776629,1.7513870139849488,0.13120697329683187,-0.028511716500366872,0.4208487945924232,0.06858710408890983,0,8866183,0.012,0.07407118979999998,0.4075950032999999,0,-0.07594999999999988,0.10838333333333394,0,0,196,-1
977,-576452100160,1.12773356065116,1.7510772332081914,0.13579360669467214,-0.02779888668564801,0.39348253018746004,0.0419097535176964,0,8866194,0.011,0.03816658979999997,0.38964270329999995,0,0.12530000000000016,-0.04036666666666611,0,0,196,-1
978,-576452100148,1.1292507489483299,1.7507737382579625,0.1400729130518626,-0.02737215080740298,0.3617772131754976,0.01973519574633515,0,8866205,0.011,0.016623829799999962,0.35732856329999996,0,-0.11094999999999985,0.10838333333333394,0,0,196,-1
979,-576452100138,1.13081412138947,1.7504736432546422,0.14414932218304619,-0.027182768426169075,0.4245226666448444,0.0017881353441041303,0,8866216,0.011,-7.300602000000378e-4,0.4333266333,0,-0.10219999999999987,0.0733833333333338,0,0,196,-1
980,-576452100126,1.1366688340977174,1.7470758762345928,0.151818420559243,-0.029650833844297075,0.24070169460995905,0.12184989759362409,0,8866228,0.012,0.13869946979999997,0.21490698329999997,0,0.13405000000000014,0.06463333333333399,0,1,197,1
981,-576452100115,1.13850834959705,1.7467274505369053,0.15475791314944345,-0.028372917369470698,0.2710834548774236,0.01225397003136433,0,8866240,0.012,-0.0031237002000000322,0.27534639329999994,0,-0.14594999999999983,-0.04911666666666614,0,0,197,-1
982,-576452100103,1.1402266074290013,1.7464157298533614,0.15767360287450874,-0.02828782789499958,0.22864145339632796,-0.019598721805605936,0,8866251,0.011,-0.02406805020000003,0.22268631329999994,0,-0.08469999999999986,0.03838333333333388,0,0,197,-1
983,-576452100092,1.1419756827972412,1.746102732174267,0.16030630134401738,-0.028594632274964418,0.3047595488378737,-0.0786197207818875,0,8866262,0.011,-0.08690110020000004,0.3154398633,0,-0.14594999999999983,0.00338333333333396,0,0,197,-1
984,-576452100082,1.1437563526545433,1.7457828873543588,0.16349732409712664,-0.029537087931788896,0.20024901904231024,-0.1289138316097318,0,8866273,0.011,-0.13597072020000003,0.18558489329999994,0,0.055300000000000155,0.047133333333333916,0,0,197,-1
985,-576452100068,1.145568527337985,1.7454503410505728,0.16592563774140795,-0.030932292837029935,0.34639677713707606,-0.11411129937534495,0,8866284,0.011,-0.11203432020000002,0.36690312329999997,0,-0.02344999999999986,-0.07536666666666614,0,0,197,-1
986,-576452100059,1.1474131503457052,1.7451034871487783,0.16952076938756197,-0.032144207765467614,0.2069467014156569,-0.08605102527054538,0,8866295,0.011,-0.08211382020000002,0.18738012329999995,0,-0.02344999999999986,0.08213333333333384,0,0,197,-1
987,-576452100045,1.1472246300949096,1.7428531416171857,0.17053214374792494,-0.03480787553514577,0.2590572819639498,-0.10569017978826377,0,8866307,0.012,-0.10844386020000005,0.2663702433,0,0.08155000000000015,0.029633333333333844,0,1,198,2
988,-576452100035,1.1492876798951768,1.74242740428937,0.17337718385327947,-0.0361357951819106,0.10226468290129251,-0.14116599287818013,0,8866319,0.012,-0.14614369020000004,0.08026473329999995,0,0.011550000000000143,0.13463333333333383,0,0,198,-1
989,-576452100023,1.1513774274922002,1.7419832749432358,0.174846634367654,-0.03787335870703243,0.24617748870936026,-0.16704706433486102,0,8866331,0.012,-0.17067850020000006,0.2663702433,0,0.10780000000000015,-0.08411666666666606,0,0,198,-1
990,-576452100013,1.1533162916264161,1.741556383080809,0.17764528647335168,-0.039735502656497196,0.30429342536915316,-0.18282631525810616,0,8866342,0.011,-0.18504034020000007,0.3124478133,0,-0.02344999999999986,0.047133333333333916,0,0,198,-1
991,-576452100001,1.1552886077172126,1.7411100086549323,0.1809654459694951,-0.041495727102360346,0.28677990744781445,-0.020512635950360153,0,8866353,0.011,0.0022619897999999593,0.28432254329999995,0,-0.16344999999999985,0.18713333333333382,0,0,198,-1
992,-576452099990,1.1526436346960418,1.744110599646312,0.18060983948131976,-0.03862537737326408,0.22794728553979648,0.041444309140758556,0,8866363,0.01,0.05013478979999997,0.21969426329999994,0,0.02905000000000016,0.24838333333333384,0,1,199,1
993,-576452099979,1.15482663156036,1.7436502852883924,0.18324400112459896,-0.03809900081382974,0.16665772069414056,0.05903621662229469,0,8866375,0.012,0.06150457979999997,0.15805803329999993,0,0.13405000000000014,0.21338333333333392,0,0,199,-1
994,-576452099965,1.1568525182442113,1.7432342360783446,0.1850940878704224,-0.03752384039068819,0.17748340525989234,0.011347016987188964,0,8866386,0.011,0.004655629799999971,0.17900238329999996,0,-0.049699999999999855,-0.08411666666666606,0,0,199,-1
995,-576452099957,1.158899488884333,1.7428218153458983,0.18707440958036664,-0.03744781974281403,0.1956083485734631,-0.020235097210048347,0,8866397,0.011,-0.024666460200000035,0.19815150329999995,0,0.08155000000000015,-0.014116666666666111,0,0,199,-1
996,-576452099943,1.1611593648323293,1.7423706150351066,0.18954175373974608,-0.03773997507360732,0.26763394701158627,-0.049835277202080516,0,8866409,0.012,-0.05398855020000004,0.2777400332999999,0,-0.05844999999999986,0.09088333333333387,0,0,199,-1
997,-576452099933,1.1632605683869608,1.741952089136273,0.19249299700786607,-0.038339643356488144,0.27229828827251346,-0.08286502607939239,0,8866420,0.011,-0.08749951020000006,0.27295275329999996,0,-0.2859499999999998,-0.11036666666666606,0,0,199,-1
998,-576452099922,1.1729431208401793,1.7474946601574666,0.20086313084972335,-0.03408127399179569,0.2644793366798977,-0.03077245104679692,0,8866432,0.012,-0.023469640200000027,0.26337819329999995,0,-0.049699999999999855,-0.014116666666666111,0,1,200,2
999,-576452099911,1.1751693719648288,1.7471177763035213,0.20387805521332786,-0.034436787460957324,0.33225950377300045,-0.04168588046735138,0,8866443,0.011,-0.04321717020000004,0.3417699032999999,0,-0.34719999999999984,0.178383333333334,0,0,200,-1
1000,-576452099900,1.177432595840822,1.7467364802559548,0.20759850947277364,-0.03489092021965683,0.3747101940567108,-0.038830531179256216,0,8866454,0.011,-0.038429890200000046,0.38066655329999993,0,-0.14594999999999983,-0.03161666666666607,0,0,200,-1
1001,-576452099889,1.17973945455341,1.7463496552224549,0.21180615286241533,-0.0354139134689248,0.43031225356523994,-0.10092767889627954,0,8866465,0.011,-0.10964068020000002,0.43811391329999994,0,0.08155000000000015,-0.005366666666666076,0,0,200,-1
1002,-576452099878,1.1820942266485093,1.7459532910858673,0.2163792427715875,-0.036624198673693535,0.3264259432886546,-0.16576928700662516,0,8866476,0.011,-0.1748673702,0.31184940329999994,0,-0.06719999999999984,0.03838333333333388,0,0,200,-1
1003,-576452099866,1.1844931580746012,1.7455402748932178,0.21982951407546195,-0.0384648350757055,0.23545120002653153,-0.17689653856433638,0,8866487,0.011,-0.17845783020000008,0.22268631329999994,0,-0.049699999999999855,0.05588333333333395,0,0,200,-1
1004,-576452099856,1.1747844886587584,1.7546858060495627,0.2139171788933627,-0.032115957834819034,0.24839145619475828,-0.22548760411742377,0,8866498,0.011,-0.23231473020000004,0.2502131732999999,0,-0.08469999999999986,0.0733833333333338,0,1,201,1
1005,-576452099842,1.177368927633694,1.7542848014078278,0.21683583243006282,-0.03473734590651362,0.21115550049537862,-0.17479872911029132,0,8866510,0.012,-0.16768645020000006,0.20593083329999992,0,-0.08469999999999986,0.09088333333333387,0,0,201,-1
1006,-576452099833,1.1797661691557297,1.7538926495754397,0.21905734404961663,-0.0365857976438431,0.14622433281388636,-0.12710419577202,0,8866521,0.011,-0.12041206020000003,0.13711368329999996,0,0.06405000000000015,0.02088333333333381,0,0,201,-1
1007,-576452099821,1.1824045480609564,1.7534442326877098,0.22070064947006152,-0.03814240602917483,0.07945967434952692,-0.14590003977205457,0,8866533,0.012,-0.1485373302,0.07009176329999994,0,0.02905000000000016,0.047133333333333916,0,0,201,-1
1008,-576452099811,1.1848364330884231,1.7530156362066673,0.22148745957876398,-0.03977545243136109,0.02348973162101086,-0.16395613562722067,0,8866544,0.011,-0.1664896302000001,0.015636453299999943,0,-0.13719999999999985,-0.08411666666666606,0,0,201,-1
1009,-576452099793,1.1872739630035856,1.7525684036620053,0.22171006448700742,-0.04154834324229181,3.3468413469567304e-4,-0.14413724656080776,0,8866555,0.011,-0.14135641020000006,-0.002914256700000068,0,-0.06719999999999984,0.047133333333333916,0,0,201,-1
1010,-576452099788,1.1897133454347388,1.7521022326960387,0.22179197625941993,-0.043193274905056984,0.05101279476651853,-0.18263120902689967,0,8866566,0.011,-0.18803239020000007,0.05812356329999994,0,0.11655000000000015,0.27463333333333395,0,0,201,-1
1011,-576452099776,1.203593206032783,1.7606142491190662,0.23022438814637497,-0.03756406153515068,0.067224692014257,-0.15272420097315362,0,8866578,0.012,-0.1485373302,0.06949335329999994,0,-0.05844999999999986,0.029633333333333844,0,1,202,2
1012,-576452099765,1.2061299262750504,1.7601918202252402,0.23098986021680096,-0.03924157851844171,0.08390796309809143,-0.15115162249768369,0,8866589,0.011,-0.15093097020000004,0.08624883329999994,0,0.0028000000000001357,0.1521333333333339,0,0,202,-1
1013,-576452099754,1.208675975760197,1.7597513810714913,0.2319249396963256,-0.04085285890990397,0.09173334499878834,-0.1178971551183051,0,8866600,0.011,-0.11323114020000004,0.09283134329999995,0,0.055300000000000155,-0.1453666666666661,0,0,202,-1
1014,-576452099743,1.2112338521485555,1.7592954250018074,0.23309750876562088,-0.04207050412125115,0.19765168438224323,-0.0665753298888717,0,8866611,0.011,-0.059374240200000046,0.2125133433,0,-0.09344999999999984,0.14338333333333386,0,0,202,-1
1015,-576452099732,1.213809978727104,1.7588286275450729,0.23528531342351508,-0.042801995475868465,0.2064864376551101,-0.066032864792472,0,8866622,0.011,-0.06595675020000002,0.20772606329999996,0,-0.049699999999999855,-0.03161666666666607,0,0,202,-1
1016,-576452099721,1.21289551739809,1.7612189516010106,0.23505999863728247,-0.04106661294636568,0.1855313622092486,-0.09062824228513769,0,8866633,0.011,-0.09408202020000005,0.18259284329999995,0,0.04655000000000015,0.05588333333333395,0,1,203,1
1017,-576452099709,1.215729073352107,1.760718899838465,0.23721736117487927,-0.042251895826168014,0.1441209049289724,-0.1492834288126701,0,8866645,0.012,-0.15751348020000003,0.13831050329999994,0,0.06405000000000015,0.05588333333333395,0,0,203,-1
1018,-576452099698,1.2183463428639425,1.7602448919162896,0.23868596842997064,-0.04392243883247015,0.06923008566680026,-0.16752111609408063,0,8866656,0.011,-0.17008009020000006,0.05872197329999994,0,0.16905000000000014,-0.16286666666666616,0,0,203,-1
1019,-576452099687,1.2209770665749187,1.7597521422375897,0.23958733747690378,-0.04568997790371571,0.15972264321910706,-0.11886182348378438,0,8866667,0.011,-0.11203432020000002,0.17241987329999997,0,0.16030000000000016,0.16088333333333393,0,0,203,-1
1020,-576452099676,1.2236212895155154,1.759242186644509,0.24121647062967616,-0.047022238820011775,0.07692238782141338,-0.13491507023884805,0,8866678,0.011,-0.13716754020000005,0.06530448329999995,0,-0.11094999999999985,-0.005366666666666076,0,0,203,-1
1021,-576452099637,1.2262784320386517,1.7587173686903546,0.2419359249292437,-0.04842268606737303,-0.0051604454201591154,-0.08073921566379014,0,8866689,0.011,-0.07313767020000003,-0.016677686700000048,0,0.07280000000000016,0.08213333333333384,0,0,203,-1
1022,-576452099636,1.2289395961612206,1.7581802035529093,0.24190487924267146,-0.04925841052952773,0.01150311828791888,-0.04678460405244917,0,8866700,0.011,-0.042020350200000035,0.013841223299999945,0,0.10780000000000015,0.012133333333333995,0,0,203,-1
1023,-576452099636,1.2316016502916032,1.757635610217946,0.24208884558194957,-0.04976173289142613,0.04871360037035698,-0.039457915612957084,0,8866711,0.011,-0.038429890200000046,0.05393469329999995,0,-0.014699999999999852,0.2658833333333339,0,0,203,-1
1024,-576452099601,1.2342682064413664,1.7570852262130572,0.2427143780103902,-0.050283474158766064,0.10681952954381621,-0.0962818817803471,0,8866722,0.011,-0.10425499020000004,0.11497251329999994,0,0.16905000000000014,0.029633333333333844,0,0,203,-1
1025,-576452099600,1.2340997750349485,1.7540571647568535,0.24190269675256895,-0.05343310548619912,0.13495896447540948,-0.04974879600538746,0,8866734,0.012,-0.04321717020000004,0.13890891329999994,0,-0.014699999999999852,-0.005366666666666076,0,1,204,2
1026,-576452099600,1.2370124878845536,1.753412423506755,0.24354391221699312,-0.05402487288146626,0.14786887277589286,-0.046644755628870334,0,8866746,0.012,-0.04620922020000003,0.14968029329999996,0,0.04655000000000015,0.0733833333333338,0,0,204,-1
1027,-576452099596,1.2397002395639218,1.7528152969045576,0.24514592570718716,-0.05454228226089558,0.13213975406909884,-0.04941147508700699,0,8866757,0.011,-0.049799680200000036,0.12993276329999995,0,0.055300000000000155,0.13463333333333383,0,0,204,-1
1028,-576452099584,1.245135141687453,1.7500964699342532,0.24848099912017002,-0.056804531797249654,0.13860199627747063,0.025814024632249515,0,8866769,0.012,0.03637135979999996,0.13950732329999993,0,0.011550000000000143,0.21338333333333392,0,1,205,1
1029,-576452099573,1.2478770674195596,1.7494735715848468,0.2500395833052874,-0.05646606449023235,0.16038701458085794,0.06078639214917887,0,8866780,0.011,0.06569344979999997,0.16344372329999995,0,0.18655000000000016,0.3183833333333339,0,0,205,-1
1030,-576452099563,1.2506379162300645,1.7488555056815884,0.25190448480669836,-0.05588483324240582,0.22551609427230324,0.0042154901700659775,0,8866791,0.011,-0.0037221102000000355,0.23465451329999992,0,0.02905000000000016,0.03838333333333388,0,0,205,-1
1031,-576452099550,1.2534227106162368,1.7482408376680751,0.25441373434700487,-0.055865409773203895,0.2440255997273173,-0.013240954182896017,0,8866802,0.011,-0.015690310200000043,0.24662271329999996,0,0.11655000000000015,0.08213333333333384,0,0,205,-1
1032,-576452099541,1.2562355250735044,1.7476251570895907,0.25702701351175844,-0.0560621641371886,0.19802363979503934,-0.046350780254214685,0,8866813,0.011,-0.050996500200000024,0.19156899329999993,0,0.06405000000000015,0.14338333333333386,0,0,205,-1
1033,-576452099529,1.2590740793346906,1.7470057616899861,0.25910258140852227,-0.05655887172030919,0.13148906127489876,-0.03783020304054223,0,8866824,0.011,-0.036634660200000044,0.12215343329999993,0,0.02030000000000015,0.05588333333333395,0,0,205,-1
1036,-576452099432,1.2680793068283216,1.7448423703943543,0.2656382690280076,-0.05930380736505674,0.2328457322438911,0.021300980724482495,0,8866859,0.011,0.025001569799999967,0.23884338329999993,0,0.17780000000000015,0.02088333333333381,0,0,206,-1
1037,-576452099430,1.2710160755796582,1.7441914158206995,0.2682928620560338,-0.05905555942135062,0.2932069978259666,0.030318771692470964,0,8866870,0.011,0.03158407979999997,0.30167643329999994,0,0.19530000000000014,-0.07536666666666614,0,0,206,-1
1038,-576452099429,1.2739850483818371,1.7435436738730397,0.27151988335455585,-0.058717099645023293,0.29433696488341876,0.03352749592571033,0,8866881,0.011,0.033977719799999966,0.29449551329999996,0,0.0028000000000001357,0.22213333333333396,0,0,206,-1
1039,-576452099429,1.276989884115058,1.7428993962493062,0.2748015433323878,-0.05840762609078129,0.3228139749908625,-0.0049111943955118045,0,8866892,0.011,-0.010304620200000033,0.32680965329999995,0,-0.049699999999999855,0.029633333333333844,0,0,206,-1
1040,-576452099428,1.2800316818110549,1.742256677916944,0.2782744791708347,-0.058452750112475964,0.2722659405305812,8.545712478448273e-4,0,8866903,0.011,0.0016635797999999566,0.2651734233,0,0.12530000000000016,0.16088333333333393,0,0,206,-1
1041,-576452099428,1.2831080957833212,1.741613688620868,0.2811164416043313,-0.058451974346507465,0.17316056828566467,-0.004733293371684516,0,8866914,0.011,-0.005517340200000027,0.15925485329999994,0,0.02905000000000016,-0.022866666666666147,0,0,206,-1
1042,-576452099428,1.2862099158940121,1.7409709707352874,0.28288818175541514,-0.05842734559385484,0.0869723246611345,0.04495774918108953,0,8866925,0.011,0.05193001979999997,0.07487904329999993,0,0.25655000000000017,-0.04911666666666614,0,0,206,-1
1043,-576452099415,1.2861437960283175,1.7432937998628368,0.2814273627020691,-0.0552267509675732,0.03228418007057709,0.0725906800526093,0,8866937,0.012,0.07646482979999997,0.024612603299999945,0,-0.014699999999999852,-0.03161666666666607,0,1,207,1
1044,-576452099404,1.289523296544635,1.7426362889814597,0.2818211086082305,-0.05435789133349676,0.03605211519073527,0.07126513082499727,0,8866949,0.012,0.07107913979999997,0.036580803299999944,0,-0.014699999999999852,0.03838333333333388,0,0,207,-1
1045,-576452099393,1.2929086655176936,1.7419888195412176,0.282373779916044,-0.05354273861440743,0.10736067626237825,0.04748704995838118,0,8866961,0.012,0.04415068979999996,0.11736615329999994,0,0.02905000000000016,0.283383333333334,0,0,207,-1
1046,-576452099381,1.2943529436512586,1.7399237346216456,0.2822344447961386,-0.05429221975599033,0.06470583474444244,-0.008442697315376786,0,8866973,0.012,-0.016288720200000044,0.05872197329999994,0,0.14280000000000015,-0.10161666666666613,0,1,208,2
1047,-576452099369,1.2974615085560712,1.7393262597689056,0.2829568524891077,-0.054349966580579216,0.07152814799224365,0.014064237258335187,0,8866984,0.011,0.017222239799999962,0.07248540329999995,0,2.2953,0.047133333333333916,0,0,208,-1
1048,-576452099358,1.3008622639090284,1.7386747323827403,0.2838314773832964,-0.05422648622919048,0.08128882855312364,-0.013078646405709278,0,8866996,0.012,-0.016887130200000048,0.08265837329999995,0,0.13405000000000014,-0.21536666666666615,0,0,208,-1
1049,-576452099348,1.3039877305843097,1.7380773711528366,0.28450420119563286,-0.05438128372541706,-0.0607743305251055,-0.020091946995768127,0,8867007,0.011,-0.021076000200000035,-0.08070755670000007,0,0.16030000000000016,0.1258833333333338,0,0,208,-1
1050,-576452099336,1.307113735924283,1.737478107007655,0.2838548948206753,-0.05458173293581841,-0.04834252365364335,-0.006785929732569439,0,8867018,0.011,-0.004918930200000041,-0.04659818670000007,0,0.08155000000000015,-0.21536666666666615,0,0,208,-1
1051,-576452099324,1.3102338027495393,1.7368769383140952,0.2834064966933396,-0.05470731622310007,0.005664900690185257,-0.039783957013469866,0,8867029,0.011,-0.044413990200000045,0.013242813299999942,0,-0.06719999999999984,-0.16286666666666616,0,0,208,-1
1052,-576452099313,1.3104796988582477,1.738995545865854,0.2811987211984152,-0.05280559669951224,-0.045416671046153906,-0.052762846092892675,0,8867041,0.012,-0.05458696020000004,-0.05258228670000007,0,0.06405000000000015,0.05588333333333395,0,1,209,1
1053,-576452099301,1.3138511729735287,1.73835796918883,0.28070139419584866,-0.05345379183073371,-0.01706527920593806,-0.061709389070152984,0,8867053,0.012,-0.06296470020000003,-0.013087226700000065,0,-0.049699999999999855,-0.014116666666666111,0,0,209,-1
1054,-576452099289,1.3169378308048787,1.7377665808883345,0.2805101126185928,-0.05408599934422363,-0.01934926510298376,-0.031848380664786416,0,8867064,0.011,-0.02765851020000003,-0.019669736700000048,0,0.16905000000000014,0.27463333333333395,0,0,209,-1
1055,-576452099278,1.3203023578783684,1.7371153150796792,0.28025118360611884,-0.05446029780205688,-0.035373620548513784,-0.027124508195605107,0,8867076,0.012,-0.026461690200000026,-0.03762203670000005,0,-0.07594999999999988,0.0996333333333339,0,0,209,-1
1056,-576452099267,1.3233830766667296,1.7365146881379516,0.27987536096103666,-0.05474794481247883,-0.02684983036072757,-0.0202459213870386,0,8867087,0.011,-0.019280770200000043,-0.025653836700000057,0,0.055300000000000155,0.11713333333333398,0,0,209,-1
1057,-576452099257,1.3160304540740282,1.728759578344001,0.2724971772278936,-0.06115328024037312,-0.054142869602868404,-0.006810236061394912,0,8867097,0.01,-0.004918930200000041,-0.05796797670000006,0,0.18655000000000016,0.14338333333333386,0,1,210,2
1058,-576452099246,1.31902521559229,1.7280867282793406,0.2719855086366278,-0.06119117181689617,7.529656076636776e-4,0.017413770698070673,0,8867108,0.011,0.020812699799999973,0.008455533299999936,0,-0.02344999999999986,-0.005366666666666076,0,0,210,-1
1059,-576452099236,1.3220173784459086,1.7274147674964397,0.2720333280187026,-0.060986935620767506,0.026399733180650135,0.02564224291897581,0,8867119,0.011,0.026796799799999965,0.029998293299999937,0,0.25655000000000017,0.03838333333333388,0,0,210,-1
1060,-576452099223,1.325010937675028,1.7267456103707113,0.27226623728752164,-0.0606838722335998,-0.010852347035405933,0.03924938825734613,0,8867130,0.011,0.041158639799999966,-0.016079276700000065,0,0.18655000000000016,-0.03161666666666607,0,0,210,-1
1061,-576452099210,1.3282774707248164,1.7260201132738542,0.27215198246577743,-0.060228454271983346,-0.0012671315209369337,0.029903389533275912,0,8867142,0.012,0.028592029799999974,7.779329999994643e-5,0,0.16030000000000016,0.02088333333333381,0,0,210,-1
1062,-576452099201,1.331270902247814,1.7253591960546932,0.27211534513404095,-0.05992911808639005,-0.015831013167114535,0.010910963175083763,0,8867153,0.011,0.00824608979999997,-0.017874506700000056,0,0.03780000000000014,-0.022866666666666147,0,0,210,-1
1064,-576452099125,1.3372223142525501,1.7240770090058066,0.0,0.0,0.0,0.0,1,8867175,0.011,0.06210298979999997,0.03418716329999994,0,-0.11969999999999983,0.08213333333333384,0,0,211,-1
1065,-576452099125,1.337222378499844,1.724077429311168,0.0,0.0,0.0,0.0,1,8867186,0.011,0.04415068979999996,0.006660303299999944,0,-0.07594999999999988,0.08213333333333384,0,0,211,-1
1066,-576452099124,1.3372226246409469,1.7240779186138846,0.0,0.0,0.0,0.0,1,8867197,0.011,0.051331609799999976,0.025809423299999943,0,-0.005949999999999844,-0.005366666666666076,0,0,211,-1
1067,-576452099124,1.3372230019057276,1.7240780770982116,0.0,0.0,0.0,0.0,1,8867208,0.011,0.016623829799999962,0.03957285329999994,0,0.02030000000000015,0.047133333333333916,0,0,211,-1
1068,-576452099124,1.3372230996334138,1.7240788460032723,1.3874624261008275e-5,1.0916646749947776e-4,0.00898943402401065,0.07072947564250802,0,8867219,0.011,0.08065369979999996,0.010250763299999936,0,-0.04094999999999985,-0.0666166666666661,0,0,211,-1
1069,-576452099123,1.3372239393526482,1.7240843692355463,1.3309472380985653e-4,8.933337002967373e-4,0.02216543646259477,0.07470955519175417,0,8867230,0.011,0.07526800979999997,0.02401419329999994,0,0.06405000000000015,-0.17161666666666608,0,0,211,-1
1070,-576452099023,1.3258997287905507,1.7161153552716841,-0.007600825764568578,-0.0051987901579987165,-0.02082432306773886,0.07939079068189107,0,8867241,0.011,0.08005528979999997,-0.026850656700000065,0,0.09030000000000014,-0.07536666666666614,0,1,212,2
1071,-576452099022,1.3258071463965402,1.716058394099148,-0.007834161206850284,-0.004285356287443686,-0.010890592511043748,0.0558337721645725,0,8867253,0.012,0.052528429799999964,-0.009496766700000065,0,0.16905000000000014,0.1258833333333338,0,0,212,-1
1072,-576452099022,1.3257203491278906,1.7160145711256911,-0.007948780974587802,-0.00367979201870962,-0.007569164337341021,0.05031125725247544,0,8867264,0.011,0.049536379799999974,-0.007103126700000071,0,0.055300000000000155,0.0733833333333338,0,0,212,-1
1073,-576452099022,1.325632349998675,1.7159773306628145,-0.00804681807310904,-0.003099035452139432,-0.017131238849223906,0.067998929619768,0,8867275,0.011,0.07048072979999997,-0.018472916700000057,0,-0.02344999999999986,-0.0666166666666661,0,0,212,-1
1074,-576452099021,1.32553491355627,1.7159445804327225,-0.008204498739682127,-0.0023441451580720517,0.011604475562847376,0.0313418355204596,0,8867287,0.012,0.026198389799999965,0.015636453299999943,0,-0.12844999999999987,-0.0928666666666661,0,0,212,-1
1075,-576452099021,1.3254457596789624,1.7159208054422483,0.0,0.0,0.0,0.0,1,8867298,0.011,0.04295386979999997,0.05154105329999994,0,0.04655000000000015,-0.0666166666666661,0,0,212,-1
1076,-576452099021,1.3254465409683192,1.7159210624474366,1.1039325004886723e-4,3.6313889055712e-5,0.07143792490884861,0.023499524553134785,0,8867309,0.011,0.026796799799999965,0.08146155329999995,0,-0.12844999999999987,0.2396333333333338,0,0,212,-1
1077,-576452099020,1.3254520187587802,1.715922960770135,8.879074475215016e-4,3.05752901653616e-4,0.06605918704618943,0.03058929668797319,0,8867320,0.011,0.03158407979999997,0.06530448329999995,0,-0.049699999999999855,-0.05786666666666607,0,0,212,-1
1078,-576452099020,1.325466871618269,1.7159286925152804,0.0016060527215965917,6.541636928971045e-4,0.021316059913799507,0.019391797983137726,0,8867332,0.012,0.017820649799999966,0.015038043299999942,0,-0.014699999999999852,-0.11036666666666606,0,0,212,-1
1079,-576452098921,1.3230411136612628,1.7181295315442888,1.545846457958295e-4,0.0026545853286473265,0.023681178069329564,-0.044957554022073125,0,8867343,0.011,-0.05398855020000004,0.02401419329999994,0,0.03780000000000014,-0.04911666666666614,0,1,213,1
1080,-576452098920,1.3230443340298996,1.7181559445019476,4.276915567521387e-4,0.002150248224372862,0.03184487517261312,-0.051302978334798424,0,8867354,0.011,-0.05219332020000003,0.03299034329999994,0,-0.12844999999999987,-0.13661666666666616,0,0,213,-1
1081,-576452098920,1.3230514777511853,1.7181763430010208,8.508222875802417e-4,0.0015644588917857836,0.07902979310129227,-0.06520319684961354,0,8867365,0.011,-0.06715357020000004,0.08565042329999994,0,0.04655000000000015,-0.25036666666666607,0,0,213,-1
1082,-576452098920,1.3230661376057302,1.718189605848125,0.00179390930098553,8.470137930671611e-4,0.12681795103420587,-0.06533925022161584,0,8867376,0.011,-0.06535834020000005,0.13352322329999994,0,-0.10219999999999987,-0.12786666666666613,0,0,213,-1
1083,-576452098919,1.3230970324523317,1.7181951112120766,0.0033473873691199775,6.903663654815066e-5,0.14581758816406634,-0.0616825505884331,0,8867388,0.012,-0.06116947020000004,0.14848347329999997,0,-0.09344999999999984,0.012133333333333995,0,0,213,-1
1084,-576452098919,1.3231422125800278,1.7181921202912742,0.004887138360806588,-6.120417674171837e-4,0.10459893274525295,-0.0633317123202624,0,8867399,0.011,-0.06356311020000004,0.09881544329999994,0,-0.005949999999999844,-0.12786666666666613,0,0,213,-1
1085,-576452098919,1.3232019224764524,1.718181617174696,0.005984476563584094,-0.0013000838636573646,0.07013956123699405,-0.057762087726141366,0,8867410,0.011,-0.05698060020000004,0.06530448329999995,0,0.09905000000000015,-0.13661666666666616,0,0,213,-1
1086,-576452098918,1.3232720917835363,1.7181638462347204,0.0067697184044067295,-0.0019319786696844756,0.07901885769310751,-0.05550242846742455,0,8867421,0.011,-0.05518537020000004,0.08026473329999995,0,-0.20719999999999986,-0.24161666666666615,0,0,213,-1
1087,-576452098918,1.3233507349851805,1.7181389543080654,0.007553134864143056,-0.0025825749912707454,0.02343549029889533,-0.08146324509642941,0,8867432,0.011,-0.08510587020000006,0.015636453299999943,0,-0.09344999999999984,-0.005366666666666076,0,0,213,-1
1088,-576452098866,1.3218590932770888,1.7169669515919452,0.0065788587863596605,-0.004386106571544133,-0.05897236283683748,-0.0846583982502556,0,8867442,0.01,-0.08510587020000006,-0.07053458670000007,0,0.08155000000000015,0.029633333333333844,0,1,214,2
1089,-576452098864,1.3143559262284998,1.723615964529811,6.524988944461791e-4,2.8285533364927427e-4,-0.01716297814754554,-0.07559796335204942,0,8867455,0.013,-0.07433449020000003,-0.011291996700000057,0,0.055300000000000155,0.0996333333333339,0,1,215,1
1090,-576452098864,1.3143623636604191,1.7236135885926964,4.268049197733473e-4,-6.669111049960574e-4,-0.028807276917142147,-0.10072881894105111,0,8867467,0.012,-0.10425499020000004,-0.030441116700000066,0,-0.05844999999999986,0.11713333333333398,0,0,215,-1
1091,-576452098863,1.314365643854799,1.7235997966726722,1.5523081364848365e-4,-0.0018248432232217302,1.9700254914541138e-4,-0.13268385205321476,0,8867478,0.011,-0.13716754020000005,0.00426666329999995,0,0.08155000000000015,0.00338333333333396,0,0,215,-1
1092,-576452098863,1.314367304658231,1.7235716127113712,1.4912460312915007e-4,-0.003296121512230705,-0.005155310660869664,-0.14028927488840234,0,8867489,0.011,-0.14135641020000006,-0.005906306700000065,0,0.20405000000000015,0.029633333333333844,0,0,215,-1
1093,-576452098854,1.3167542708671207,1.725244116924045,0.0017629328705974355,-0.003383584232957257,4.845287929410136e-4,-0.15696690232176505,0,8867500,0.011,-0.15930871020000006,0.0012746132999999521,0,-0.049699999999999855,-0.11036666666666606,0,1,216,2
1094,-576452098842,1.3167757620435683,1.7251912253824402,0.0018075151017688117,-0.005400036371967864,0.023742816570509032,-0.23668758762207526,0,8867512,0.012,-0.2478733902,0.02700624329999994,0,0.03780000000000014,-0.15411666666666612,0,0,216,-1
1095,-576452098831,1.316797042488693,1.7251175661118476,0.0020633316025478153,-0.007995169318351945,0.020307360471863985,-0.2312784670217518,0,8867523,0.011,-0.2305195002,0.01982532329999994,0,0.22155000000000016,0.03838333333333388,0,0,216,-1
1096,-576452098818,1.316820635915742,1.725016110490952,0.002239835805485857,-0.010470896089242284,-0.010027665659230373,-0.18705637860828367,0,8867534,0.011,-0.18085147020000003,-0.014284046700000054,0,0.02030000000000015,-0.18036666666666612,0,0,216,-1
1097,-576452098809,1.3168440500669614,1.724889941328299,0.002041951372885667,-0.012482042735461978,-0.0667628109524772,-0.15695043773324827,0,8867545,0.011,-0.15272620020000002,-0.07472345670000008,0,0.15155000000000016,-0.03161666666666607,0,0,216,-1
1098,-576452098798,1.3168622709505367,1.7247436629161572,0.0012789658993134173,-0.01413474193394741,-0.08528901947888609,-0.10916469375759942,0,8867556,0.011,-0.10245976020000006,-0.08788847670000004,0,0.02030000000000015,0.047133333333333916,0,0,216,-1
1099,-576452098787,1.316882229205323,1.7245710305302193,3.8198908179593835e-4,-0.01548773828231847,-0.06342886292465125,-0.20246768975855967,0,8867567,0.011,-0.21555925020000002,-0.06036161670000007,0,0.04655000000000015,-0.17161666666666608,0,1,217,1
1100,-576452098775,1.316882156630905,1.7243715832801219,-3.930300742511159e-4,-0.017784324949598695,-0.0717593551447587,-0.1226371295878125,0,8867579,0.012,-0.11143591020000004,-0.07292822670000004,0,0.09905000000000015,0.06463333333333399,0,0,217,-1
1101,-576452098764,1.3168745466986456,1.724168723885227,-0.0010359401716640206,-0.019107390184871634,0.02220027926230582,-0.10599208653415931,0,8867590,0.011,-0.10365658020000003,0.03538398329999995,0,-0.014699999999999852,0.0996333333333339,0,0,217,-1
1102,-576452098753,1.3168634786027054,1.7239506203067319,-9.352479696154802e-4,-0.020486658474861984,-0.07066890619712314,-0.24405947963421412,0,8867601,0.011,-0.26343205020000005,-0.08369960670000007,0,-0.014699999999999852,0.02088333333333381,0,0,217,-1
1103,-576452098742,1.3168461585830513,1.7237102137753837,-0.0021036930690058334,-0.023212119305865583,-0.3240185185380263,-0.27049429691598403,0,8867612,0.011,-0.27420343020000004,-0.3595666167000001,0,0.5103000000000002,0.2046333333333339,0,0,217,-1
1104,-576452098730,1.3168084963522806,1.7234407567884409,-0.004946536282990553,-0.025869396936226405,0.1433458552434574,-0.06436091467643254,0,8867623,0.011,-0.03543784020000005,0.20892288329999992,0,-0.08469999999999986,-0.12786666666666613,0,0,217,-1
1105,-576452098719,1.3153379185601728,1.722122954426082,-0.004207071284040124,-0.027475442844290893,0.24808309823399557,-0.06681084411327652,0,8867634,0.011,-0.06715357020000004,0.26277978329999996,0,0.14280000000000015,0.00338333333333396,0,1,218,2
1106,-576452098708,1.3153002416057118,1.7217881871155554,-0.0019125564779444804,-0.028316118724399854,-0.16147427850434096,-0.09020159696876853,0,8867646,0.012,-0.09348361020000005,-0.21894026670000008,0,0.3003000000000001,0.02088333333333381,0,0,218,-1
1107,-576452098694,1.315269016206052,1.7214711854158462,-0.0037468698325111875,-0.029317729138655445,-0.19874979818702637,-0.09622843056991769,0,8867657,0.011,-0.09707407020000004,-0.20398001670000007,0,-0.02344999999999986,0.21338333333333392,0,0,218,-1
1108,-576452098686,1.3152162482306486,1.7211431300989934,-0.005866410101592142,-0.03033927384709587,-0.1555817238399665,-0.07230548646976742,0,8867668,0.011,-0.06894880020000002,-0.14952470670000007,0,0.16030000000000016,0.03838333333333388,0,0,218,-1
1109,-576452098675,1.3151410323111767,1.720805318330903,-0.007758358342410661,-0.031092826453692084,-0.27254310221573985,-0.04522207877664902,0,8867679,0.011,-0.04142194020000005,-0.2889542367000001,0,0.06405000000000015,0.1521333333333339,0,0,218,-1
1110,-576452098664,1.3150390735610569,1.7204611110540848,-0.010774495810757484,-0.031512227890155474,-0.2843110038932552,0.005340413901786578,0,8867690,0.011,0.012434959799999975,-0.28596218670000007,0,0.055300000000000155,0.08213333333333384,0,0,218,-1
1111,-576452098654,1.3212118882573023,1.7145986726700861,-0.00930268762567762,-0.03613901420047656,-0.3098964232395268,0.06770918711225127,0,8867700,0.01,0.07646482979999997,-0.31348904670000005,0,0.02905000000000016,-0.04911666666666614,0,1,219,1
1112,-576452098643,1.3210918582918927,1.7142050274657743,-0.012557572388858022,-0.03542658038143328,-0.20914109150179364,0.04652472326863935,0,8867711,0.011,0.04355227979999997,-0.19500386670000006,0,0.16030000000000016,-0.04036666666666611,0,0,219,-1
1113,-576452098632,1.3209418585995747,1.7138155003446252,-0.014745174040813871,-0.03529338193723442,-0.13586925558906812,-0.19905382839644942,0,8867722,0.011,-0.2335115502,-0.12558830670000007,0,0.03780000000000014,0.16088333333333393,0,0,219,-1
1114,-576452098622,1.3207709581405205,1.713414816729504,-0.016308426151105726,-0.03754175395030321,-0.18038062813407052,-0.23714327730464502,0,8867733,0.011,-0.2424877002,-0.1866261267000001,0,0.06405000000000015,0.1258833333333338,0,0,219,-1
1115,-576452098608,1.320580632831699,1.7129879156409586,-0.01829539669218888,-0.04009276801463894,-0.18218419400172833,-0.19984790437076275,0,8867744,0.011,-0.19461490020000002,-0.18243725670000008,0,-0.02344999999999986,-0.04911666666666614,0,0,219,-1
1116,-576452098598,1.3203473002485488,1.712493681824425,-0.020571179016253823,-0.04232150698559647,-0.23593339590647752,-0.09817501915376922,0,8867756,0.012,-0.08390905020000004,-0.24347507670000007,0,0.19530000000000014,0.2571333333333339,0,0,219,-1
1117,-576452098587,1.3201054839233857,1.7120231421656196,-0.023341153365072767,-0.0432715162320485,-0.34802731695131106,-0.014819513263773065,0,8867767,0.011,-0.0031237002000000322,-0.3637554867000001,0,0.07280000000000016,0.012133333333333995,0,0,219,-1
1118,-576452098575,1.3225560535230614,1.7135148952367776,-0.025320500124938073,-0.04171103043419264,-0.3933055661246269,-0.01085846999724893,0,8867778,0.011,-0.010304620200000033,-0.39966008670000003,0,0.16030000000000016,0.11713333333333398,0,1,220,2
1119,-576452098564,1.322223772400315,1.7130137825063028,-0.03005557860163392,-0.041814283996440896,-0.40255162041286163,0.005370547078926537,0,8867790,0.012,0.007647679799999968,-0.40384895670000004,0,0.07280000000000016,0.335883333333334,0,0,220,-1
1120,-576452098553,1.3218676986625437,1.7125541503029515,-0.034637551805018416,-0.04175536623940032,-0.5012978884904212,0.005268375712129242,0,8867801,0.011,0.005254039799999974,-0.5151532167000001,0,0.04655000000000015,0.10838333333333394,0,0,220,-1
1121,-576452098541,1.3214562929389517,1.712095682063564,-0.04016087353498159,-0.04162363807439639,-0.5071510284462843,0.05301053211971979,0,8867812,0.011,0.05970934979999997,-0.5079722967000001,0,0.15155000000000016,0.08213333333333384,0,0,220,-1
1122,-576452098531,1.3209844381847928,1.7116399396082373,-0.04565477802301554,-0.04119509022120872,-0.45224485497782835,-0.04711992330836631,0,8867823,0.011,-0.06116947020000004,-0.44454083670000005,0,0.0028000000000001357,0.06463333333333399,0,0,220,-1
1123,-576452098516,1.3204543548741203,1.7111835920835448,-0.05070328111170491,-0.04176320513857792,-0.5000656281157417,-0.07938224556814374,0,8867834,0.011,-0.08390905020000004,-0.5067754767000001,0,0.20405000000000015,-0.0666166666666661,0,0,220,-1
1124,-576452098504,1.3269455355877042,1.7040490323181707,-0.0533645934377187,-0.04852342140246457,-0.6051276439825668,-0.07338991137980762,0,8867849,0.015,-0.07253926020000004,-0.6198749667000002,0,0.21280000000000016,-0.16286666666666616,0,1,221,1
1125,-576452098493,1.3262611217417133,1.7034615812181795,-0.060684707505102804,-0.04938922350766498,-0.639051437068717,-0.06477227206110699,0,8867861,0.012,-0.06356311020000004,-0.6438113667000002,0,-0.06719999999999984,-0.014116666666666111,0,0,221,-1
1126,-576452098482,1.3255548200623826,1.7029147063922485,-0.06772902762780807,-0.05005732436328768,-0.6484734423082982,-0.03642347817972045,0,8867872,0.011,-0.03244579020000002,-0.6497954667000001,0,-2.0622000000000003,-0.12786666666666613,0,0,221,-1
1127,-576452098471,1.3247704804313685,1.702361720380561,-0.0748745765818002,-0.05047936584893995,-0.6564548991460875,-0.050252882904183664,0,8867883,0.011,-0.05219332020000003,-0.6575747967,0,0.3440500000000002,-0.11036666666666606,0,0,221,-1
1128,-576452098460,1.3239067738644583,1.7018026000270758,-0.08214813544865324,-0.05114657385412852,-0.6904979620344842,-0.12437381286683427,0,8867894,0.011,-0.13477390020000005,-0.6952746267000002,0,0.16030000000000016,-0.022866666666666147,0,0,221,-1
1129,-576452098449,1.3340946141133025,1.7092116469693832,-0.08190806991338574,-0.045564382208867854,-0.700454307604542,-0.14188372958368173,0,8867905,0.011,-0.14434846020000006,-0.7018571367000002,0,0.04655000000000015,-0.12786666666666613,0,1,222,2
1130,-576452098438,1.3331511562767415,1.7087018210856897,-0.08962630438160712,-0.04713005820142766,-0.7090314035755262,-0.14509473609377038,0,8867916,0.011,-0.14554528020000002,-0.7102348767000002,0,0.11655000000000015,-0.19786666666666608,0,0,222,-1
1131,-576452098427,1.3321222437461289,1.7081753144594463,-0.09744347880334628,-0.04862627573288838,-0.7205823372058422,-0.08041746488448887,0,8867927,0.011,-0.07134244020000004,-0.7222030767000002,0,-0.014699999999999852,-0.022866666666666147,0,0,222,-1
1132,-576452098417,1.3310077016064552,1.7076357035873262,-0.10523762492181858,-0.04949048513166377,-0.6348906280994261,-0.06721132560990813,0,8867938,0.011,-0.06535834020000005,-0.6228670167000001,0,-0.10219999999999987,-0.04911666666666614,0,0,222,-1
1133,-576452098403,1.329813109272642,1.707087367998071,-0.11201804678789427,-0.05021191243282229,-0.5031229491100294,-0.05561557769504994,0,8867949,0.011,-0.05398855020000004,-0.4846343067000001,0,-0.05844999999999986,-0.04911666666666614,0,0,222,-1
1134,-576452098394,1.328433197497016,1.7064810480358243,-0.11798477572326384,-0.05084893653165608,-0.4606704234669978,-0.03739588012580976,0,8867961,0.012,-0.034839430200000035,-0.4547138067000001,0,-0.02344999999999986,-0.0666166666666661,0,0,222,-1
1135,-576452098376,1.3319229386681144,1.7016099435623397,-0.11974759605792364,-0.05500109149537421,-0.477485263672408,-0.06402037260608309,0,8867972,0.011,-0.06775198020000002,-0.47984702670000007,0,0.17780000000000015,-0.07536666666666614,0,1,223,1
1136,-576452098354,1.3304504153249734,1.7009454146959975,-0.12563495677912898,-0.055755542859932235,-0.5719172112551717,-0.055747716614194205,0,8867984,0.012,-0.05458696020000004,-0.5851671867000001,0,0.15155000000000016,0.0733833333333338,0,0,223,-1
1137,-576452098354,1.3290310869867974,1.700328280080609,-0.13230654287716684,-0.05643098874085984,-0.8160131271192562,-0.09566241248010673,0,8867995,0.011,-0.10126294020000004,-0.8502628166999999,0,-0.014699999999999852,0.09088333333333387,0,0,223,-1
1138,-576452098348,1.3275293584098902,1.69970360931626,-0.14085712714969936,-0.057220817700526366,-0.5406281327258673,0.07417700893420123,0,8868006,0.011,0.09800758979999998,-0.5019881967000001,0,-0.02344999999999986,-0.12786666666666613,0,0,223,-1
1139,-576452098337,1.3259477335204082,1.6990792837535396,-0.14673147669436923,-0.05631752494480633,-0.49362330763598994,0.1307601518714604,0,8868017,0.011,0.13869946979999997,-0.48702794670000005,0,0.09905000000000015,-0.0666166666666661,0,0,223,-1
1140,-576452098326,1.3243038460082412,1.698466665047787,-0.15215807578491164,-0.05502636225196271,-0.4915129290363338,0.03539099706170527,0,8868028,0.011,0.02200951979999997,-0.4912168167000001,0,-0.12844999999999987,0.02088333333333381,0,0,223,-1
1141,-576452098315,1.335065694662383,1.7067657937925667,-0.14836301811849226,-0.04704720210039192,-0.4870501442156134,-0.05557869636234382,0,8868038,0.01,-0.06835039020000004,-0.48642953670000005,0,-0.005949999999999844,-0.11036666666666606,0,1,224,2
1142,-576452098304,1.3332492513444347,1.7061966886546016,-0.154348830040747,-0.0477889597869955,-0.5725693672399154,-0.10088938732792077,0,8868050,0.012,-0.10724704020000005,-0.5845687767000001,0,0.16905000000000014,-0.0928666666666661,0,0,224,-1
1143,-576452098292,1.3315210922551115,1.7056659701734531,-0.1600442475981113,-0.04874975955836467,-0.18531113752577322,-0.005182741626737708,0,8868061,0.011,0.00824608979999997,-0.13097399670000007,0,-0.09344999999999984,-0.014116666666666111,0,0,224,-1
1144,-576452098281,1.3295874017111011,1.7050805764788528,-0.16224364320085743,-0.048815068112310706,-0.17072100373493188,-0.0070505004346886006,0,8868073,0.012,-0.007312570200000036,-0.1686738267000001,0,0.25655000000000017,-0.04036666666666611,0,0,224,-1
1145,-576452098270,1.3277912684760733,1.704543305518871,-0.16427746999949794,-0.04887580360961657,-0.2707325098717296,0.0037399987114109055,0,8868084,0.011,0.005254039799999974,-0.28476536670000013,0,0.19530000000000014,0.13463333333333383,0,0,224,-1
1146,-576452098258,1.3259672776363935,1.704005786195101,-0.16733455498181876,-0.04885045275369237,-0.32187217617198793,-0.006477358101351395,0,8868095,0.011,-0.007910980200000039,-0.3290477067,0,0.17780000000000015,0.00338333333333396,0,0,224,-1
1147,-576452098248,1.326400950752181,1.70141379334709,-0.1693931353087962,-0.05064165894027195,-0.391137061062919,0.021651281582005424,0,8868106,0.011,0.02559997979999996,-0.4008569067,0,0.13405000000000014,0.00338333333333396,0,1,225,1
1148,-576452098237,1.3245128025834312,1.7008580555067754,-0.1738618769100586,-0.05040058855075073,-0.4988438027234515,0.023539771238019737,0,8868117,0.011,0.02380474979999997,-0.5139563967,0,0.09030000000000014,0.03838333333333388,0,0,225,-1
1149,-576452098226,1.3225698896420646,1.7003050412796015,-0.17938500312519465,-0.0501461523588529,-0.5220675994875117,0.02062348148375565,0,8868128,0.011,0.02021428979999997,-0.5253261867000001,0,-0.11094999999999985,0.029633333333333844,0,0,225,-1
1150,-576452098215,1.320565238065178,1.6997545348536693,-0.18510380870406992,-0.049940096883774335,-0.5065580229721084,0.00714520889482553,0,8868139,0.011,0.005254039799999974,-0.5043818367000001,0,0.13405000000000014,-0.15411666666666612,0,0,225,-1
1151,-576452098199,1.318500267175447,1.6992058305585624,-0.190417863918736,-0.049832470845905356,-0.33934478184457467,0.025953055287282888,0,8868150,0.011,0.028592029799999974,-0.3158826867000001,0,-0.02344999999999986,0.012133333333333995,0,0,225,-1
1152,-576452098192,1.3163859230656811,1.698659023388964,-0.19403952396346968,-0.049578243627095814,-0.26734146640664785,0.005701889899224551,0,8868161,0.011,0.0028603997999999626,-0.25723850670000004,0,0.06405000000000015,0.10838333333333394,0,0,225,-1
1153,-576452098181,1.3346262309010897,1.7129486332661568,-0.18261760859809112,-0.0365945779064098,-0.325118976191347,-0.05397794687400756,0,8868172,0.011,-0.06236629020000004,-0.33323657670000006,0,0.11655000000000015,-0.10161666666666613,0,1,226,2
1154,-576452098170,1.3324128971794718,1.7125061060474394,-0.18631752941910157,-0.037174129465898195,-0.20419208228165853,-0.013054621213079258,0,8868184,0.012,-0.007312570200000036,-0.18722453670000008,0,0.12530000000000016,-0.04911666666666614,0,0,226,-1
1155,-576452098159,1.330351335951102,1.7120961273094246,-0.18852409290568756,-0.037355684726057346,-0.17881680356052304,-0.03740663949221275,0,8868195,0.011,-0.04082353020000004,-0.17525633670000007,0,-0.04094999999999985,-0.022866666666666147,0,0,226,-1
1156,-576452098145,1.3282644225710256,1.7116828331452831,-0.19082035894559116,-0.03778395196831238,-0.3919026632601268,-0.04827474936257992,0,8868206,0.011,-0.049799680200000036,-0.4218012567000001,0,-0.16344999999999985,-0.03161666666666607,0,0,226,-1
1157,-576452098137,1.3261405238192618,1.7112641831537017,-0.1952965150332352,-0.038329999817013946,-0.49893800804678573,-0.05800847724829742,0,8868217,0.011,-0.059374240200000046,-0.5139563967,0,0.14280000000000015,-0.08411666666666606,0,0,226,-1
1158,-576452098126,1.3239618019730388,1.7108395270199097,-0.20082379062658845,-0.0388994738452643,-0.5241783001403619,-0.013550567299479392,0,8868228,0.011,-0.007312570200000036,-0.5277198267000001,0,0.011550000000000143,0.06463333333333399,0,0,226,-1
1159,-576452098115,1.3217202691869356,1.7104107868939118,-0.2066974106737945,-0.03905223624081604,-0.5939307599956485,-0.015951797737302882,0,8868239,0.011,-0.016288720200000044,-0.6037178967,0,0.0028000000000001357,-0.08411666666666606,0,0,226,-1
1160,-576452098104,1.3194100067658823,1.7099801127862657,-0.21332408223515842,-0.039246791142485096,-0.6544665616470492,-0.028317139172775584,0,8868250,0.011,-0.030052150200000027,-0.6629604867,0,0.25655000000000017,0.05588333333333395,0,0,226,-1
1161,-576452098093,1.3172435932805824,1.70958565302744,-0.2199367228814792,-0.03961709792073113,-0.702323178760638,-0.08966326640130162,0,8868260,0.01,-0.09827089020000004,-0.7090380567,0,0.11655000000000015,-0.0666166666666661,0,0,226,-1
1162,-576452098082,1.3145537203700097,1.7091034909180292,-0.22837345858928867,-0.04073411963183091,-0.7076870315188881,-0.11452939362073278,0,8868272,0.012,-0.11801842020000003,-0.7084396467000003,0,-0.10219999999999987,0.03838333333333388,0,0,226,-1
1163,-576452098071,1.3119991181420418,1.7086486985878457,-0.23611329539921871,-0.04196439507231208,-0.6789595142729101,-0.09554846087803609,0,8868283,0.011,-0.09288520020000003,-0.6749286867,0,-0.005949999999999844,-0.0928666666666661,0,0,226,-1
1164,-576452098060,1.3093616419045317,1.7081813465452813,-0.24346206316319371,-0.043010197911707806,-0.6014310793176028,-0.09216335290441195,0,8868294,0.011,-0.09168838020000003,-0.5905528767,0,0.09905000000000015,0.06463333333333399,0,0,226,-1
1165,-576452098049,1.3066471793582621,1.707702651598052,-0.25007685036429345,-0.04402497195629265,-0.6008126237058613,-0.09279637880201506,0,8868305,0.011,-0.09288520020000003,-0.6007258467000002,0,-0.049699999999999855,-0.04911666666666614,0,0,226,-1
1166,-576452098037,1.303859757442893,1.7072125051255926,-0.2567180707048288,-0.04508230114981657,-0.6217276137538063,-0.11648924650689878,0,8868316,0.011,-0.11981365020000001,-0.6246622467,0,0.25655000000000017,0.02088333333333381,0,0,226,-1
1167,-576452098026,1.3206338424302333,1.7220958085438043,-0.24957675484196168,-0.03290284847830631,-0.5954294460994931,-0.09892592759024477,0,8868327,0.011,-0.09647566020000005,-0.5917496967,0,-0.21594999999999984,-0.1191166666666661,0,1,227,2
1168,-576452098015,1.31759719924746,1.7216937978248528,-0.2565669931166069,-0.03409600606667016,-0.5024655730489803,-0.10254970869152903,0,8868339,0.012,-0.10305817020000003,-0.4894215867,0,0.055300000000000155,-0.022866666666666147,0,0,227,-1
1169,-576452098004,1.3147459687498866,1.7213127429013946,-0.2618988019724116,-0.0351953047917705,-0.3771499548258007,-0.08410362492226253,0,8868350,0.011,-0.08151541020000004,-0.3595666167000001,0,-0.049699999999999855,0.18713333333333382,0,0,227,-1
1170,-576452097993,1.3118425764634356,1.7209203130075144,-0.2660033498862717,-0.036147752887641514,-0.3486107690305866,-0.10177541807136017,0,8868361,0.011,-0.10425499020000004,-0.3446063667000001,0,0.09905000000000015,0.02088333333333381,0,0,227,-1
1171,-576452097981,1.3088954469037704,1.7205165009414458,-0.26983831806289327,-0.037271449217626956,-0.34877253844182216,-0.104474662650785,0,8868372,0.011,-0.10485340020000003,-0.3487952367000001,0,-0.09344999999999984,0.0996333333333339,0,0,227,-1
1172,-576452097965,1.3059090514902318,1.7201005330094028,-0.2732593294247733,-0.03837258463791783,-0.07958172253001777,-0.07332016348803379,0,8868383,0.011,-0.06894880020000002,-0.04181090670000007,0,-0.10219999999999987,0.18713333333333382,0,0,227,-1
1173,-576452097958,1.3168225006208745,1.7072893905616386,-0.26457550164180954,-0.04951082346454702,-0.024937939300142827,-0.0553255692426661,0,8868394,0.011,-0.05279173020000003,-0.017276096700000052,0,-0.08469999999999986,-0.022866666666666147,0,1,228,1
1174,-576452097947,1.3133809498644584,1.7066412460605263,-0.2648951822084101,-0.05020823805106294,-0.022417084014877738,-0.043132744931543746,0,8868407,0.013,-0.04142194020000005,-0.022063376700000074,0,0.03780000000000014,0.16963333333333397,0,0,228,-1
1175,-576452097936,1.3104656343696746,1.70608625367703,-0.265156973203327,-0.05069520248850147,-0.03207766690054018,-0.051078440409203056,0,8868418,0.011,-0.05219332020000003,-0.03343316670000006,0,0.011550000000000143,0.10838333333333394,0,0,228,-1
1176,-576452097923,1.3072815651009535,1.7054743205447167,0.0,0.0,0.0,0.0,1,8868430,0.012,-0.04321717020000004,-0.02086655670000007,0,0.03780000000000014,0.16963333333333397,0,0,228,-1
1177,-576452097913,1.3072814240793613,1.7054738821100839,0.0,0.0,0.0,0.0,1,8868441,0.011,-0.044413990200000045,-0.014284046700000054,0,0.09030000000000014,-0.0928666666666661,0,0,228,-1
1178,-576452097886,1.3072813731562023,1.7054735421352876,-7.193284374036785e-6,-4.802550599214175e-5,-0.004654774068474951,-0.031077307816807634,0,8868452,0.011,-0.03543784020000005,-0.005307896700000063,0,0.16905000000000014,-0.27661666666666607,0,0,228,-1
1179,-576452097885,1.307280971919166,1.7054709892720328,-6.414045574504514e-5,-4.1036038522218496e-4,-0.008376195095876171,-0.044347278456537326,0,8868463,0.011,-0.04620922020000003,-0.008898356700000063,0,0.13405000000000014,-0.0666166666666661,0,0,228,-1
1180,-576452097794,1.3072797112987795,1.7054626682239216,-1.4967604538003684e-4,-9.697362145542243e-4,6.118841203715721e-4,-0.060673875760763475,0,8868475,0.012,-0.06296470020000003,0.001873023299999938,0,0.06405000000000015,-0.05786666666666607,0,0,228,-1
1181,-576452097793,1.3072779963857029,1.7054485141473446,-1.5757974831497723e-4,-0.0016116531786455179,-0.008777701222585359,-0.04431561711833826,0,8868486,0.011,-0.042020350200000035,-0.01009517670000007,0,0.055300000000000155,0.02088333333333381,0,0,228,-1
1182,-576452097793,1.307275690626083,1.705428109663259,-2.5997453689614083e-4,-0.0020984473394015956,-0.012556951003332198,-0.04387710841850602,0,8868497,0.011,-0.043815580200000044,-0.013087226700000065,0,0.02905000000000016,0.0996333333333339,0,0,228,-1
1183,-576452097792,1.307270999190285,1.7053997173946291,0.0,0.0,0.0,0.0,1,8868509,0.012,-0.04860286020000003,-0.07352663670000006,0,0.055300000000000155,0.06463333333333399,0,0,228,-1
1184,-576452097792,1.3072707301870847,1.705399162655649,0.0,0.0,0.0,0.0,1,8868521,0.012,-0.049201270200000036,-0.023858606700000066,0,0.0028000000000001357,-0.16286666666666616,0,0,228,-1
1185,-576452097792,1.3072706004693901,1.7053987461592375,0.0,0.0,0.0,0.0,1,8868532,0.011,-0.042020350200000035,-0.013087226700000065,0,0.15155000000000016,-0.04911666666666614,0,0,228,-1
1186,-576452097792,1.3072702507807792,1.7053982795630658,0.0,0.0,0.0,0.0,1,8868543,0.011,-0.04860286020000003,-0.03642521670000006,0,0.02030000000000015,-0.11036666666666606,0,0,228,-1
1187,-576452097791,1.3072701258745243,1.7053978670925705,0.0,0.0,0.0,0.0,1,8868554,0.011,-0.04321717020000004,-0.013087226700000065,0,-0.049699999999999855,-0.03161666666666607,0,0,228,-1
1188,-576452097787,1.3072699154988974,1.70539742648487,0.0,0.0,0.0,0.0,1,8868565,0.011,-0.04620922020000003,-0.022063376700000074,0,0.04655000000000015,-0.0928666666666661,0,0,228,-1
1189,-576452097777,1.3169777898537998,1.6963031244989024,0.0064959253155641265,-0.007437692546571167,3.8033896178292573e-6,-6.3422261936472455e-6,1,8868577,0.012,-0.042618760200000036,-0.012488816700000063,0,0.23905000000000015,-0.18911666666666616,0,1,229,1
1190,-576452097765,1.3170488556481532,1.696220471442968,0.006443713652734779,-0.007555702178058028,-0.03351705396002786,-0.07568415312764791,0,8868588,0.011,-0.08630269020000006,-0.03822044670000005,0,0.07280000000000016,-0.11036666666666606,0,0,229,-1
1191,-576452097754,1.3171242814156532,1.6961246976462705,0.006109921616114334,-0.008418161909290109,0.007489135472277454,-0.04826170093248819,0,8868600,0.012,-0.044413990200000045,0.013242813299999942,0,0.11655000000000015,-0.12786666666666613,0,0,229,-1
1192,-576452097739,1.3171917938575255,1.6960291628421218,0.006171536480063579,-0.008951143054386308,-0.005832364720109576,-0.04961043592431015,0,8868611,0.011,-0.049799680200000036,-0.007701536700000057,0,0.22155000000000016,-0.17161666666666608,0,0,229,-1
1193,-576452097732,1.3172593731093318,1.6959276683239835,0.00611376788512496,-0.009501169072219548,-0.0016989904605911894,-0.05240028036470193,0,8868622,0.011,-0.05279173020000003,-0.0011190267000000594,0,0.13405000000000014,-0.2591166666666661,0,0,229,-1
1195,-576452097600,1.3173911382963615,1.6957052647952797,0.0057461191151495,-0.010752911098386329,-0.028560755399927272,-0.05795260800236641,0,8868644,0.011,-0.05757901020000004,-0.028645886700000057,0,0.04655000000000015,-0.13661666666666616,0,0,229,-1
1196,-576452097600,1.3174526453944784,1.6955835828927222,0.0054358853898575765,-0.011375304791956248,-0.02601152534735561,-0.04817899020227182,0,8868655,0.011,-0.04680763020000004,-0.025653836700000057,0,0.15155000000000016,-0.05786666666666607,0,0,229,-1
1197,-576452097599,1.3175109953548012,1.6954554786209235,0.005168061884518446,-0.011913947007727755,-0.014152750185576024,-0.053798476462618684,0,8868666,0.011,-0.05458696020000004,-0.012488816700000063,0,0.06405000000000015,-0.20661666666666612,0,0,229,-1
1198,-576452097599,1.3175720571344391,1.6953086225926361,0.0,0.0,0.0,0.0,1,8868678,0.012,-0.05518537020000004,-0.00829994670000006,0,0.03780000000000014,0.012133333333333995,0,0,229,-1
1199,-576452097599,1.3175718869186033,1.6953081024526628,0.0,0.0,0.0,0.0,1,8868689,0.011,-0.05279173020000003,-0.017276096700000052,0,0.04655000000000015,0.03838333333333388,0,0,229,-1
1200,-576452097599,1.317571624478707,1.6953074559302999,0.0,0.0,0.0,0.0,1,8868701,0.012,-0.058775830200000045,-0.023858606700000066,0,0.04655000000000015,-0.005366666666666076,0,0,229,-1
1201,-576452097598,1.3175716370491164,1.695307029716703,1.742395786509911e-6,-5.907785150318853e-5,0.0011177755091151247,-0.037899411863050424,0,8868712,0.011,-0.04321717020000004,0.0012746132999999521,0,-0.2596999999999998,-0.04911666666666614,0,0,229,-1
1202,-576452097598,1.3175716940802669,1.6953033228583358,9.25649168591995e-6,-5.496679430405873e-4,-0.0024181258150845243,-0.05935570561860962,0,8868724,0.012,-0.06236629020000004,-0.002914256700000068,0,-0.12844999999999987,0.1258833333333338,0,0,229,-1
1203,-576452097597,1.3175715502843968,1.6952936498976088,-3.1109552673708315e-5,-0.0012075142097390955,-0.011249644857783932,-0.06252062297480505,0,8868735,0.011,-0.06296470020000003,-0.012488816700000063,0,-0.049699999999999855,0.230883333333334,0,0,229,-1
1204,-576452097597,1.3175705442896872,1.695276546043694,-1.5248018111463807e-4,-0.0019007085856355842,-0.009712453715000692,-0.06605872107949015,0,8868746,0.011,-0.06655516020000005,-0.009496766700000065,0,-0.07594999999999988,0.09088333333333387,0,0,229,-1
1205,-576452097596,1.3175682529096657,1.6952516940648756,-2.6307560393237485e-4,-0.0026199257338434838,-0.01214719258760321,-0.061246302337724746,0,8868757,0.011,-0.06057106020000003,-0.012488816700000063,0,-0.05844999999999986,0.13463333333333383,0,0,229,-1
1206,-576452097584,1.345762049957322,1.7170031250037048,0.01895454603621026,0.017708080837068124,9.289038280992417e-6,1.255167662774305e-5,1,8868769,0.012,-0.04321717020000004,0.005463483299999938,0,-0.014699999999999852,0.03838333333333388,0,1,231,2
1207,-576452097572,1.3459892114563503,1.7172151477752253,0.01891417499805251,0.017644490091838414,-0.02407038874635451,-0.03789786741162289,0,8868781,0.012,-0.04321717020000004,-0.027449066700000066,0,0.07280000000000016,0.2571333333333339,0,0,231,-1
1208,-576452097562,1.3461957540767588,1.7174069332701798,0.018641501803874586,0.017226066732341356,-0.029132438263184228,-0.03888920343922226,0,8868792,0.011,-0.03902830020000003,-0.02984270670000006,0,-0.07594999999999988,0.03838333333333388,0,0,231,-1
1209,-576452097549,1.3463991561718258,1.7175939624728411,0.018336303491452675,0.01678349792343977,-0.01925976536339423,-0.04845717492984421,0,8868803,0.011,-0.049799680200000036,-0.017874506700000056,0,0.03780000000000014,0.14338333333333386,0,0,231,-1
1210,-576452097539,1.3466177744055732,1.7177919067039484,0.018101088398971232,0.016206172222580594,-0.02171839975010246,-0.04596104784170773,0,8868815,0.012,-0.04561081020000003,-0.022063376700000074,0,-0.014699999999999852,-0.20661666666666612,0,0,231,-1
1211,-576452097526,1.35306907267756,1.7119343899512365,0.021942990801492316,0.010846494961190825,-0.013097471707313632,-0.058252485631770906,0,8868827,0.012,-0.05997265020000003,-0.01189040670000006,0,0.07280000000000016,0.012133333333333995,0,1,232,1
1212,-576452097515,1.3533313671190426,1.7120604467546816,0.0,0.0,0.0,0.0,1,8868839,0.012,-0.049799680200000036,-0.02026814670000005,0,0.055300000000000155,0.13463333333333383,0,0,232,-1
1213,-576452097504,1.353331123384781,1.7120599240548189,0.0,0.0,0.0,0.0,1,8868850,0.011,-0.05279173020000003,-0.02445701670000007,0,0.09905000000000015,-0.0666166666666661,0,0,232,-1
1214,-576452097493,1.353330922850391,1.7120593081777686,0.0,0.0,0.0,0.0,1,8868861,0.011,-0.06416152020000003,-0.02086655670000007,0,0.13405000000000014,0.08213333333333384,0,0,232,-1
1215,-576452097481,1.3533308264808535,1.7120588614468946,0.0,0.0,0.0,0.0,1,8868872,0.011,-0.04680763020000004,-0.01009517670000007,0,-0.049699999999999855,0.11713333333333398,0,0,232,-1
1216,-576452097469,1.3533306505300293,1.7120583819926636,0.0,0.0,0.0,0.0,1,8868884,0.012,-0.043815580200000044,-0.016079276700000065,0,-0.09344999999999984,0.03838333333333388,0,0,232,-1
1217,-576452097458,1.3760058721208732,1.7285614566240486,0.014995752613098068,0.013181427339716893,8.697523361333698e-6,1.1533895459545868e-5,1,8868896,0.012,-0.04800445020000003,-0.008898356700000063,0,-0.014699999999999852,-0.08411666666666606,0,1,233,2
1218,-576452097446,1.3761856921732796,1.728719173754572,0.0,0.0,0.0,0.0,1,8868908,0.012,-0.04142194020000005,-0.012488816700000063,0,0.04655000000000015,0.11713333333333398,0,0,233,-1
1219,-576452097434,1.3761855793412623,1.7287186100671508,0.0,0.0,0.0,0.0,1,8868920,0.012,-0.049799680200000036,-0.01009517670000007,0,0.11655000000000015,0.13463333333333383,0,0,233,-1
1220,-576452097423,1.3761855684130628,1.7287181397991702,0.0,0.0,0.0,0.0,1,8868931,0.011,-0.04740604020000004,-0.0011190267000000594,0,0.0028000000000001357,0.10838333333333394,0,0,233,-1
1221,-576452097411,1.3761855289614564,1.7287176961225714,0.0,0.0,0.0,0.0,1,8868942,0.011,-0.04620922020000003,-0.0041110767000000735,0,-0.02344999999999986,0.14338333333333386,0,0,233,-1
1222,-576452097400,1.3896630015878608,1.7156779059852814,0.008764985180872162,-0.01023678177903722,4.446375866806096e-6,-8.07974757637169e-6,1,8868953,0.011,-0.042020350200000035,-0.017874506700000056,0,-0.17219999999999988,-0.07536666666666614,0,1,234,1
1223,-576452097389,1.389767947045686,1.7155545580207068,0.0,0.0,0.0,0.0,1,8868965,0.012,-0.04680763020000004,-0.02086655670000007,0,-0.049699999999999855,-0.08411666666666606,0,0,234,-1
1224,-576452097377,1.3897676344180514,1.715553985677941,0.0,0.0,0.0,0.0,1,8868976,0.011,-0.058177420200000045,-0.03163793670000005,0,0.09905000000000015,-0.04036666666666611,0,0,234,-1
1225,-576452097366,1.3897672534227496,1.7155534906181442,0.0,0.0,0.0,0.0,1,8868988,0.012,-0.04501240020000003,-0.03462998670000005,0,0.02030000000000015,-0.0666166666666661,0,0,234,-1
1226,-576452097353,1.3897667348317955,1.7155527103247181,-7.187997491376458e-5,-1.0815941452870285e-4,-0.046112175580258145,-0.06938604592263257,0,8868999,0.011,-0.07912177020000002,-0.05258228670000007,0,-0.13719999999999985,0.397133333333334,0,0,234,-1
1227,-576452097343,1.389762737763724,1.7155466057577735,-6.005469227256017e-4,-9.156375280055585e-4,-0.03131984452340078,-0.05430883956703201,0,8869011,0.012,-0.05219332020000003,-0.029244296700000057,0,-0.2859499999999998,-0.014116666666666111,0,0,234,-1
1228,-576452097332,1.405311882607099,1.7262411776277364,0.009281888127935092,0.007028962723399817,-0.02582050434031865,-0.04509933251023405,0,8869022,0.011,-0.043815580200000044,-0.025055426700000074,0,-0.014699999999999852,-0.0666166666666661,0,1,235,2
1229,-576452097320,1.4054216225874556,1.7263226215106608,0.009002047755820837,0.0065342957384299325,-0.007831918745060423,-0.017209903571784813,0,8869034,0.012,-0.01329667020000003,-0.005307896700000063,0,-0.014699999999999852,0.11713333333333398,0,0,235,-1
1230,-576452097309,1.4055207668998952,1.7263937074175313,0.008998694586792933,0.006379784267953763,0.045284920801612207,0.005113797233128534,0,8869045,0.011,0.00824608979999997,0.052737873299999946,0,-0.049699999999999855,-0.0666166666666661,0,0,235,-1
1231,-576452097298,1.4056225807323692,1.7264649475433176,0.009509361501075052,0.006542460813195128,0.053395138936418354,0.0739826010203184,0,8869056,0.011,0.08364574979999997,0.05453310329999994,0,0.07280000000000016,0.029633333333333844,0,0,235,-1
1232,-576452097287,1.405730287906594,1.7265418482411423,0.010078806529560632,0.007421195947548096,0.04179842617500809,0.11604246793138782,0,8869067,0.011,0.12194398979999997,0.04017126329999993,0,-0.03219999999999984,-0.014116666666666111,0,0,235,-1
1233,-576452097276,1.4058439932938118,1.7266309576375942,0.010582555376386438,0.008762349355929603,0.07028378373900186,0.15795222956647723,0,8869078,0.011,0.16383268979999996,0.07428063329999994,0,-0.21594999999999984,0.0996333333333339,0,0,235,-1
1234,-576452097263,1.4120889043560914,1.7207927573073074,0.015370492207143009,0.00576635362658517,0.05962226406075613,0.03191027149086759,0,8869090,0.012,0.014230189799999966,0.05812356329999994,0,0.03780000000000014,0.10838333333333394,0,1,236,1
1235,-576452097252,1.412276293794556,1.720862962033199,0.015910776919018453,0.00597936766058626,-0.04454836346899903,-0.06913301216606886,0,8869102,0.012,-0.08331064020000006,-0.059164796700000064,0,0.0028000000000001357,0.06463333333333399,0,0,236,-1
1236,-576452097241,1.412448383561549,1.720924524469203,0.01538846021829935,0.005215062012044898,-0.06523794181591597,-0.0715953531661931,0,8869113,0.011,-0.07194085020000002,-0.06814094670000005,0,0.04655000000000015,0.16963333333333397,0,0,236,-1
1237,-576452097229,1.4126278020384646,1.7209813800360323,0.01453305780465135,0.004280108025720788,-0.10871636391477552,-0.11702917985707058,0,8869125,0.012,-0.12340411020000007,-0.11481692670000004,0,0.07280000000000016,0.029633333333333844,0,0,236,-1
1238,-576452097218,1.412781323311928,1.7210222329359328,0.01336974025112184,0.0031108686964597117,-0.08782740688966291,-0.041279220584052354,0,8869136,0.011,-0.030650560200000027,-0.08489642670000004,0,0.02905000000000016,0.047133333333333916,0,0,236,-1
1239,-576452097207,1.412923679029599,1.7210548606710883,0.012488706261463998,0.002784734701867032,-0.03277935261730632,0.041510424094330686,0,8869147,0.011,0.053126839799999964,-0.025055426700000074,0,-0.08469999999999986,0.03838333333333388,0,0,236,-1
1240,-576452097195,1.419978573666366,1.7256971704025401,0.01667839251518616,0.0070254568432554145,-0.029151869657605342,0.09840599040877675,0,8869158,0.011,0.10638532979999997,-0.028645886700000057,0,-0.10219999999999987,0.03838333333333388,0,1,237,2
1241,-576452097184,1.4201768391175835,1.7257890404917802,0.016359911531133496,0.008271331726411472,-0.010340943361979663,0.1374149045136134,0,8869170,0.012,0.14288833979999999,-0.007701536700000057,0,-0.049699999999999855,0.16963333333333397,0,0,237,-1
1242,-576452097172,1.4203563056703112,1.7258877860566562,0.016264491697388177,0.00970613281423202,0.0014196815183165762,0.08816279294822295,0,8869181,0.011,0.08125210979999996,0.0030698432999999438,0,0.09905000000000015,0.2658833333333339,0,0,237,-1
1243,-576452097160,1.4205512182190703,1.7260106564607816,0.016233162577821616,0.010770610309265396,-0.02757028432788448,0.09207321851136752,0,8869193,0.012,0.09262189979999996,-0.03163793670000005,0,0.08155000000000015,0.22213333333333396,0,0,237,-1
1244,-576452097150,1.420728216514931,1.7261349981849088,0.01594396159208529,0.011824249037957361,-0.018542769224530728,0.11826847050255092,0,8869204,0.011,0.12194398979999997,-0.017276096700000052,0,-0.005949999999999844,0.0733833333333338,0,0,237,-1
1245,-576452097138,1.420902909420051,1.7262734149034067,0.01580090725631482,0.01329399568323345,0.020876780706331262,0.22749672821860434,0,8869215,0.011,0.24282280979999998,0.026407833299999944,0,-0.10219999999999987,0.13463333333333383,0,0,237,-1
1246,-576452097127,1.42188886990093,1.7256449636127724,0.016608148276207324,0.015230258098215727,0.05459028919640008,0.26560095410478235,0,8869226,0.011,0.2709480798,0.05932038329999994,0,0.02905000000000016,0.22213333333333396,0,1,238,1
1247,-576452097115,1.42208997557554,1.7258452848219363,0.01698066471873538,0.018207527022940335,-0.1149629068146199,0.13962059879782054,0,8869238,0.012,0.12194398979999997,-0.13875332670000007,0,-0.06719999999999984,0.09088333333333387,0,0,238,-1
1248,-576452097104,1.4222846938649847,1.7260744228343994,0.01549984105322876,0.019961037649494463,-0.1751842711140138,0.18604276337302267,0,8869250,0.012,0.19255636979999996,-0.1836340767000001,0,0.03780000000000014,0.02088333333333381,0,0,238,-1
1249,-576452097093,1.4224450434615006,1.7263052373524532,0.013634950581699065,0.022005776036972152,-0.1353643994116986,0.18493278373352384,0,8869261,0.011,0.1847770398,-0.12977717670000005,0,0.02905000000000016,0.05588333333333395,0,0,238,-1
1250,-576452097082,1.4225875067034432,1.7265587463473446,0.012240298111352941,0.02407632320074222,-0.07431350558457739,0.20841117922323515,0,8869272,0.011,0.21170548979999995,-0.06574730670000006,0,-0.07594999999999988,-0.022866666666666147,0,0,238,-1
1251,-576452097070,1.4227185296438554,1.7268366945469509,0.011547049291387142,0.02643973366724843,0.006142680785300864,0.25433186682292874,0,8869283,0.011,0.26077510979999996,0.017431683299999935,0,0.08155000000000015,0.13463333333333383,0,0,238,-1
1252,-576452097060,1.4240721006401076,1.7279692035211531,0.012549161060355479,0.03022860240763656,0.08268986470404857,0.308262494399127,0,8869295,0.012,0.31582882979999993,0.09342975329999993,0,-0.16344999999999985,0.1258833333333338,0,1,239,2
1253,-576452097048,1.424228920634802,1.7283554034024287,0.013581087044138034,0.03409509531390929,0.10627722377705616,0.407783382741441,0,8869307,0.012,0.4217473998,0.10958682329999994,0,0.14280000000000015,0.21338333333333392,0,0,239,-1
1254,-576452097037,1.4243844019990395,1.7287575624105285,0.014703891141186424,0.038918364290506026,0.07664339731555837,0.6241675086360954,0,8869318,0.011,0.6545288897999999,0.07248540329999995,0,0.0028000000000001357,0.230883333333334,0,0,239,-1
1255,-576452097026,1.4245504146634558,1.729222747353692,0.015495102819969355,0.045688288645189604,0.04308473109499885,0.5621056496555716,0,8869329,0.011,0.5533975998,0.038376033299999945,0,-0.03219999999999984,-0.022866666666666147,0,0,239,-1
1256,-576452097015,1.4247222289330195,1.729757403846161,0.015793350586575324,0.051598811597658806,-0.07072301588103083,0.3854908328192769,0,8869340,0.011,0.36070957979999996,-0.08669165670000006,0,-0.005949999999999844,0.10838333333333394,0,0,239,-1
1257,-576452097003,1.424890994144775,1.7303476145065384,0.014918455218206415,0.05574005998947543,-0.13353104053085524,0.32125189137302634,0,8869351,0.011,0.31223836979999997,-0.14234378670000009,0,0.07280000000000016,-0.10161666666666613,0,0,239,-1
1258,-576452096992,1.435138289085084,1.721269105473281,0.019934807962938922,0.05174256826790563,-0.09402522316390015,0.3038933474040577,0,8869363,0.012,0.30146698980000003,-0.08848688670000009,0,0.09030000000000014,0.0733833333333338,0,1,240,1
1259,-576452096980,1.435371546945826,1.7219138478997462,0.018909114496752193,0.05564778661211921,-0.03301720025993929,0.4576243852696267,0,8869375,0.012,0.4791947598,-0.02445701670000007,0,-0.08469999999999986,0.029633333333333844,0,0,240,-1
1260,-576452096968,1.4355770059792003,1.7225534523398236,0.01847083777732031,0.06065303157913099,-0.08113671145489273,0.4392813987037468,0,8869386,0.011,0.43670764980000004,-0.08788847670000004,0,0.16905000000000014,0.06463333333333399,0,0,240,-1
1261,-576452096957,1.4357899139318386,1.723312960723183,0.01711167225869249,0.06593027392865664,-0.31218712339394666,0.44279689236389047,0,8869398,0.012,0.4432901598,-0.3446063667000001,0,-0.02344999999999986,0.21338333333333392,0,0,240,-1
1262,-576452096946,1.4359584335303635,1.7240647044898016,0.013563762527807655,0.07076244808150403,-0.38522332958791067,0.4180401573006883,0,8869409,0.011,0.4145664798,-0.39547121670000007,0,0.12530000000000016,0.2046333333333339,0,0,240,-1
1263,-576452096934,1.4360857459991274,1.7248676549755648,0.009526510186494775,0.07525805682954274,-0.2556690514691544,0.351495861263297,0,8869420,0.011,0.3421588698,-0.23749097670000008,0,-0.08469999999999986,0.14338333333333386,0,0,240,-1
1264,-576452096922,1.4469906290317993,1.7327664687868383,0.01406655421922995,0.08529296366266602,-0.0014737513662054175,0.38896980873730935,0,8869432,0.012,0.3942205398,0.03418716329999994,0,0.02905000000000016,0.029633333333333844,0,1,241,2
1265,-576452096911,1.4471609822542375,1.7338179870739365,0.01426911779414011,0.08996215500162363,0.12950685671518997,0.3899010106067701,0,8869444,0.012,0.3900316698,0.14788506329999995,0,0.09030000000000014,-0.04911666666666614,0,0,241,-1
1266,-576452096899,1.4473264081452908,1.7348316873469496,0.015781076253739684,0.09432412440216373,0.1855067434612856,0.4367207663873349,0,8869455,0.011,0.4432901598,0.19336422329999994,0,-0.09344999999999984,-0.05786666666666607,0,0,241,-1
1267,-576452096889,1.4475100640281255,1.7358946864680471,0.017657922898029085,0.09898853328180647,0.07957027583539172,0.3464475794571987,0,8869466,0.011,0.3337811297999999,0.06470607329999994,0,-0.10219999999999987,-0.05786666666666607,0,0,241,-1
1268,-576452096878,1.4477076369475064,1.7370037027933172,0.01832351125794578,0.10268347787418705,-0.05626279877667811,0.27131688029673257,0,8869477,0.011,0.26077510979999996,-0.07532186670000006,0,0.03780000000000014,-0.10161666666666613,0,0,241,-1
1269,-576452096770,1.447904719831443,1.7381493754437458,0.017552466679336347,0.10563101540354296,-0.15484194742289925,0.24737848417970668,0,8869488,0.011,0.24401962979999994,-0.1686738267000001,0,-0.20719999999999986,-0.0666166666666661,0,0,241,-1
1270,-576452096770,1.4555343467949693,1.7320751062504507,0.02065057301030905,0.10266181129807254,-0.09140076226518717,0.26279385133961153,0,8869500,0.012,0.26496397979999997,-0.08250278670000005,0,0.02905000000000016,0.02088333333333381,0,1,242,1
1271,-576452096770,1.4557570554947976,1.7332207271265527,0.019795551246867955,0.10561358267731802,0.0050896935731175735,0.3019561348776807,0,8869511,0.011,0.3074510898,0.018628503299999943,0,-0.05844999999999986,-0.04911666666666614,0,0,242,-1
1272,-576452096769,1.455975682844785,1.7344020349205969,0.019931517858849584,0.10911770746049354,0.05684565842804917,0.420126832764089,0,8869522,0.011,0.43670764980000004,0.06410766329999995,0,0.08155000000000015,0.08213333333333384,0,0,242,-1
1273,-576452096769,1.4561983356002526,1.73562906443801,0.020552069630003503,0.11392599452049497,0.0537681026152933,0.5411972027445452,0,8869533,0.011,0.5581848798,0.05333628329999995,0,-0.005949999999999844,-0.05786666666666607,0,0,242,-1
1274,-576452096768,1.456426128078613,1.7369142304516636,0.020925860911467756,0.11977094135948078,-0.08725088127634859,0.4710806791675425,0,8869544,0.011,0.4612424598,-0.10703759670000006,0,0.09030000000000014,0.0733833333333338,0,0,242,-1
1275,-576452096768,1.4566493676279009,1.7382592787547748,0.01972953920354853,0.12482044811563003,-0.2405201974606981,0.3853107731917036,0,8869555,0.011,0.37327618979999994,-0.2620257867000001,0,-0.03219999999999984,0.13463333333333383,0,0,242,-1
1276,-576452096768,1.4568518756707405,1.7396549868118247,0.017088727106551915,0.12896968109856224,-0.2373389370577029,0.327527062324639,0,8869566,0.011,0.3194192898,-0.23689256670000008,0,0.18655000000000016,0.16963333333333397,0,0,242,-1
1277,-576452096767,1.457026221441881,1.7410934313305746,0.01458146794766295,0.1325671744676284,-0.17030078263090123,0.32409037037685284,0,8869577,0.011,0.32360815979999996,-0.16089449670000006,0,-0.02344999999999986,-0.014116666666666111,0,0,242,-1
1278,-576452096668,1.4571765695084722,1.7425724882648157,0.012744379795424867,0.13630403743038183,-0.14683337547676714,0.43544504544591406,0,8869588,0.011,0.4510694898,-0.14354060670000007,0,0.02030000000000015,0.13463333333333383,0,0,242,-1
1279,-576452096667,1.467428529225512,1.75075869747129,0.01787754674611678,0.14708896426906412,-0.07624478848000911,0.4900854610342123,0,8869600,0.012,0.4977454698,-0.06634571670000007,0,-0.07594999999999988,-0.0666166666666661,0,1,243,2
1280,-576452096667,1.4676388959458817,1.7525587509738245,0.017137809503588695,0.1529318599660039,0.02794568538075065,0.46741540088485767,0,8869612,0.012,0.4642345098,0.04256490329999995,0,-0.049699999999999855,-0.0928666666666661,0,0,243,-1
1281,-576452096666,1.4678479500217319,1.7544256600115304,0.017653763889764886,0.15828966541154096,0.13522594943126642,0.31821306164669216,0,8869624,0.012,0.29727811979999996,0.15027870329999996,0,-0.15469999999999987,-0.1191166666666661,0,0,243,-1
1283,-576452096666,1.468271547234071,1.7579764355031762,0.020980152932196554,0.1640756732283574,0.18249781796022324,0.126907162142117,0,8869646,0.011,0.11177101979999998,0.18558489329999994,0,-0.11094999999999985,-0.022866666666666147,0,0,243,-1
1284,-576452096665,1.4685134451893318,1.7597889955157497,0.02299828883543476,0.16547870477355414,0.1894032547298479,0.1314759079958023,0,8869657,0.011,0.13211695979999996,0.19037217329999995,0,-0.06719999999999984,-0.1191166666666661,0,0,243,-1
1285,-576452096665,1.4687777062072522,1.7616180718509924,0.025056306866045115,0.1670464940696313,0.17293530170325216,0.2102298879878812,0,8869668,0.011,0.22128004979999996,0.17062464329999996,0,-0.08469999999999986,-0.18911666666666616,0,0,243,-1
1286,-576452096665,1.4690628875619598,1.763467620245945,0.026830733428165547,0.1692622046760553,0.09009326961072188,0.14750109831717895,0,8869679,0.011,0.13869946979999997,0.07846950329999995,0,0.10780000000000015,0.18713333333333382,0,0,243,-1
1287,-576452096664,1.4693618593572986,1.7653383501086768,0.02759219675981408,0.170873613526609,-0.05864141290195794,0.1403072641131716,0,8869690,0.011,0.13929787979999997,-0.07951073670000006,0,-0.13719999999999985,-0.005366666666666076,0,0,243,-1
1288,-576452096653,1.4730099152744718,1.7696345014752022,0.028942494782458743,0.1741647877664883,-0.17350011949114613,-0.031128371048179986,0,8869702,0.012,-0.05518537020000004,-0.18961817670000009,0,-0.11969999999999983,-0.3116166666666661,0,1,245,2
1289,-576452096641,1.4733447647971163,1.7717223695099797,0.026864961545372157,0.1738087175762544,-0.17084202094915962,-0.02073858610743879,0,8869714,0.012,-0.019280770200000043,-0.1704690567000001,0,0.02905000000000016,-0.022866666666666147,0,0,245,-1
1292,-576452096565,1.4741688399695008,1.7774538014699923,0.02390952338584151,0.1735759712892092,-0.011287065053041036,0.10957864904930746,0,8869747,0.011,0.12912490979999997,-0.006504716700000068,0,-0.005949999999999844,0.16963333333333397,0,0,245,-1
1293,-576452096564,1.4744312816328207,1.7793703067995277,0.023802368511157225,0.17485801181887606,-2.710679530489365e-4,0.15925598270909178,0,8869758,0.011,0.1662263298,0.0012746132999999521,0,0.06405000000000015,0.18713333333333382,0,0,245,-1
1294,-576452096563,1.4746935167855997,1.7813041709100352,0.023859796178075005,0.17672212739583243,0.038868382186886194,0.2320153558101487,0,8869769,0.011,0.2422243998,0.044360133299999945,0,-0.09344999999999984,0.047133333333333916,0,0,245,-1
1295,-576452096563,1.4749584583050903,1.7832620431907484,0.024306121033609795,0.17925895588384932,0.05103126915042957,0.22207622353888598,0,8869780,0.011,0.2206816398,0.052737873299999946,0,-0.06719999999999984,0.2046333333333339,0,0,245,-1
1296,-576452096463,1.4752283588072939,1.7852462700236982,0.024788778873352173,0.1815516839815508,5.015674652116692e-5,0.12481900575393498,0,8869791,0.011,0.11117260979999997,-0.007103126700000071,0,-0.09344999999999984,0.2921333333333338,0,0,245,-1
1297,-576452096462,1.4808949431732379,1.7817323417076607,0.02808296491096015,0.17845033979614222,-0.11957325981008057,0.10865026431970383,0,8869802,0.011,0.10638532979999997,-0.1363596867000001,0,0.0028000000000001357,0.283383333333334,0,1,246,1
1298,-576452096462,1.4811967852565702,1.783701586441232,0.0267919113689517,0.17960436482416686,-0.1038570817376179,0.08199949398140263,0,8869813,0.011,0.07826005979999996,-0.10165190670000009,0,0.10780000000000015,0.08213333333333384,0,0,246,-1
1299,-576452096461,1.4814860660395923,1.785682257606876,0.025770721915848976,0.18051506785593532,-0.02530577143655685,0.08764140025607658,0,8869824,0.011,0.08843302979999997,-0.014284046700000054,0,-0.005949999999999844,0.10838333333333394,0,0,246,-1
1300,-576452096461,1.4817945689687684,1.787854528308326,0.025610841790252994,0.18153731307119017,0.06097723547270298,0.06996841867974563,0,8869836,0.012,0.06748867979999996,0.07308381329999994,0,-0.11094999999999985,0.178383333333334,0,0,246,-1
1301,-576452096460,1.482107242195975,1.7900384648116725,0.026467202128358076,0.18243593317369683,0.13509217631484832,0.10505298873899555,0,8869848,0.012,0.10997578979999997,0.14549142329999992,0,0.011550000000000143,-0.014116666666666111,0,0,246,-1
1302,-576452096460,1.4824067821278046,1.7920526669401726,0.027984643290421732,0.18373664388805547,0.15523214542065,0.1980574047681241,0,8869859,0.011,0.21110707979999999,0.15805803329999993,0,-0.03219999999999984,0.21338333333333392,0,0,246,-1
1303,-576452096460,1.48272432486372,1.7940857226645812,0.029737390951100943,0.18591106371517402,0.1844739542311596,0.19533236652121672,0,8869870,0.011,0.1949500098,0.18857694329999994,0,0.13405000000000014,0.13463333333333383,0,0,246,-1
1304,-576452096460,1.4830623904118874,1.7961431123207166,0.0317373247477672,0.1881377813986251,0.16550666028538316,0.24590044951157164,0,8869881,0.011,0.25299577979999993,0.16284531329999993,0,-0.12844999999999987,0.14338333333333386,0,0,246,-1
1305,-576452096458,1.4834203932329446,1.7982271845481876,0.03339878015539153,0.19079721177881606,0.06241555600758898,0.21643786626505676,0,8869892,0.011,0.21230389979999995,0.04795059329999994,0,0.055300000000000155,0.1258833333333338,0,0,246,-1
1306,-576452096448,1.4815432632421477,1.8027473118609678,0.03256683549156029,0.195018160354947,0.011945765574010473,0.1535143375887299,0,8869903,0.011,0.14468356979999997,0.004865073299999936,0,0.07280000000000016,0.08213333333333384,0,1,248,1
1307,-576452096361,1.4819994772150191,1.805492133094785,0.032627853982043285,0.1971103958982899,-0.04359272629486494,0.12372952854739272,0,8869917,0.014,0.11955034979999996,-0.05138546670000006,0,0.11655000000000015,-0.15411666666666612,0,0,248,-1
1308,-576452096360,1.48235442404841,1.8076679010775143,0.031973218805756834,0.19848060485292549,-0.15380770579369527,0.12951057689460896,0,8869928,0.011,0.13032172979999998,-0.16927223670000008,0,0.07280000000000016,-0.022866666666666147,0,0,248,-1
1309,-576452096360,1.4826953143981958,1.8098589204266091,0.03007010971460992,0.19989087797975733,-0.29016723996054417,0.12025115213104412,0,8869939,0.011,0.11895193979999998,-0.3093001767000001,0,-0.02344999999999986,-0.17161666666666608,0,0,248,-1
1310,-576452096359,1.4830352113217014,1.8122657755997713,0.026581127337012483,0.20126812508302055,-0.2943512658819613,0.08080306633068185,0,8869951,0.012,0.07526800979999997,-0.2949383367000001,0,-0.03219999999999984,0.0733833333333338,0,0,248,-1
1311,-576452096359,1.48331087501669,1.814484358453892,0.023492963814386356,0.20212158278725065,-0.19830708807458416,0.05810665787998484,0,8869962,0.011,0.05492206979999997,-0.18483089670000005,0,0.13405000000000014,-0.04911666666666614,0,0,248,-1
1312,-576452096359,1.483559484051751,1.816710107478489,0.021620166084198814,0.20260479394151026,0.0013811435304826036,-0.0428194178898378,0,8869973,0.011,-0.05698060020000004,0.029399883299999943,0,-0.12844999999999987,0.029633333333333844,0,0,248,-1
1313,-576452096359,1.4837989930712707,1.8189360630524845,0.02186284732238537,0.2021186604332078,0.14875012440843643,-0.05261421804951466,0,8869984,0.011,-0.05398855020000004,0.16942782329999995,0,-0.18969999999999984,0.2658833333333339,0,0,248,-1
1314,-576452096313,1.4840489719269534,1.8211557441212254,0.02356839564286347,0.20147729566516007,0.1936471261647632,-0.09317773484313563,0,8869995,0.011,-0.09886930020000004,0.19994673329999993,0,0.04655000000000015,0.03838333333333388,0,0,248,-1
1315,-576452096313,1.4830809141805157,1.82273991135538,0.024990649747758532,0.19957159047296424,0.16453578231082827,-0.14592434160686124,0,8870007,0.012,-0.15332461020000004,0.16045167329999996,0,0.0028000000000001357,0.09088333333333387,0,1,249,2
1316,-576452096312,1.4833916317175484,1.8251243583761716,0.026830223871468356,0.19783165488403298,0.0843367358864839,-0.13929459588941256,0,8870019,0.012,-0.13836436020000006,0.07308381329999994,0,-0.15469999999999987,0.14338333333333386,0,0,249,-1
1317,-576452096312,1.483691381819199,1.8272922904422637,0.02769093974616599,0.19632852958928576,0.041407489859518413,-0.1206363972708501,0,8870030,0.011,-0.11801842020000003,0.03538398329999995,0,0.23030000000000014,0.16963333333333397,0,0,249,-1
1318,-576452096311,1.48399740088457,1.829446227779679,0.02799307850707091,0.19523055159445038,-0.05780996511489949,0.027547515797601035,0,8870041,0.011,0.048339559799999966,-0.07173140670000007,0,0.04655000000000015,0.11713333333333398,0,0,249,-1
1319,-576452096302,1.4870010643846554,1.8287570771606843,0.029091549793025345,0.1932804015197408,-0.05637331367526673,0.04735354518213339,0,8870052,0.011,0.05013478979999997,-0.056172746700000054,0,-0.03219999999999984,0.19588333333333385,0,1,250,1
1320,-576452096290,1.4873459462773517,1.8310787396762682,0.02839611289480861,0.19369792687614365,-0.06774252509094783,-0.04309300545875845,0,8870064,0.012,-0.05578378020000005,-0.06933776670000007,0,-0.014699999999999852,0.08213333333333384,0,0,250,-1
1321,-576452096279,1.48765375301871,1.8332065786274037,0.027588239520816824,0.19319183573985532,-0.10797499178498851,-0.06366820419615549,0,8870075,0.011,-0.06655516020000005,-0.11362010670000007,0,0.03780000000000014,0.16088333333333393,0,0,250,-1
1322,-576452096268,1.4879522839111052,1.835327574175415,0.026625603745603927,0.1924543249646206,0.037685575991462855,-0.08771579451690915,0,8870086,0.011,-0.09108997020000005,0.05812356329999994,0,-0.09344999999999984,0.11713333333333398,0,0,250,-1
1323,-576452096256,1.4880569414383567,1.8373201046449779,0.027174184808535003,0.19163829693171383,0.20831882317270647,0.07515472252766593,0,8870097,0.011,0.09800758979999998,0.23226087329999995,0,-0.09344999999999984,0.02088333333333381,0,1,251,2
1324,-576452096246,1.4883995941901316,1.8396260259282071,0.029887385763574043,0.1926566159170721,0.3363694232408046,0.1450494422644774,0,8870109,0.012,0.15485653979999997,0.3543365133,0,-0.07594999999999988,0.06463333333333399,0,0,251,-1
1325,-576452096235,1.4887475115270297,1.8417538334927064,0.033421436023693456,0.194225487972287,0.22985261485414746,0.12793571793935385,0,8870120,0.011,0.12553444979999998,0.21490698329999997,0,0.09030000000000014,0.09088333333333387,0,0,251,-1
1326,-576452096223,1.4891275388223004,1.8438977499870601,0.03573574715827572,0.19558979102057128,0.09132424467679204,0.10011583500304794,0,8870131,0.011,0.09621235979999997,0.07188699329999994,0,0.02905000000000016,-0.03161666666666607,0,0,251,-1
1327,-576452096155,1.489524487052697,1.8460539098412962,0.0365033802829388,0.19649460197771582,-0.0621633853204715,-0.027154755215234416,0,8870142,0.011,-0.04501240020000003,-0.08369960670000007,0,0.04655000000000015,-0.0666166666666661,0,0,251,-1
1328,-576452096155,1.4899222006514055,1.848213457450728,0.03581068216807153,0.1961603888808545,-0.06793020083752228,-0.05016194555930095,0,8870153,0.011,-0.05339014020000003,-0.06873935670000006,0,-0.049699999999999855,0.00338333333333396,0,0,251,-1
1329,-576452096155,1.490312519821281,1.8503682474345517,0.03513606131111626,0.19561719743684408,-0.02088506389038733,-0.04459648364977637,0,8870164,0.011,-0.043815580200000044,-0.014284046700000054,0,0.06405000000000015,0.05588333333333395,0,0,251,-1
1330,-576452096155,1.490698557519747,1.8525185439974934,0.03502055510928659,0.19529778482182364,0.05312475607925522,0.06629155090718375,0,8870175,0.011,0.08185051979999997,0.06350925329999994,0,0.04655000000000015,0.11713333333333398,0,0,251,-1
1331,-576452096154,1.4911221666298582,1.8548671064664857,0.0355962694781409,0.19612214346979723,0.016051071798522824,0.0836094705243272,0,8870187,0.012,0.08603938979999998,0.010849173299999938,0,0.09030000000000014,0.2571333333333339,0,0,251,-1
1332,-576452096151,1.4915129415041875,1.8570302103921257,0.03552934651727706,0.1971392280334852,-0.14017136758676227,0.14608977661604824,0,8870198,0.011,0.15485653979999997,-0.16209131670000004,0,-0.12844999999999987,0.21338333333333392,0,0,251,-1
1333,-576452096145,1.4941430272288179,1.8568368849663563,0.03528661973456579,0.19672569450957936,-0.23128787242160082,0.07768347121549102,0,8870209,0.011,0.06808708979999997,-0.24407348670000006,0,-0.005949999999999844,0.30088333333333384,0,1,252,1
1334,-576452096133,1.494518384211183,1.8590057788759604,0.032913080054468656,0.19760935090572995,-0.1207519323609176,0.09655631530364531,0,8870220,0.011,0.09920440979999996,-0.10524236670000006,0,-0.11094999999999985,0.18713333333333382,0,0,252,-1
1335,-576452096124,1.5015218433502318,1.8651077530177131,0.036450588171628544,0.20218693410974398,0.051859040935418384,0.15765662341053638,0,8870230,0.01,0.1662263298,0.07607586329999995,0,-0.22469999999999987,0.14338333333333386,0,1,253,2
1336,-576452096113,1.5019272763518294,1.8673416340630928,0.03721869492409904,0.2039647117827891,0.18120015771406905,0.1861629394966035,0,8870241,0.011,0.19016272979999999,0.19934832329999996,0,-0.3034499999999999,0.09088333333333387,0,0,253,-1
1337,-576452096102,1.5023470114644755,1.8695968927329683,0.03912155550293469,0.20606725943315357,0.12259687231382838,0.2216819774901037,0,8870252,0.011,0.2266657398,0.11437410329999995,0,0.02905000000000016,0.06463333333333399,0,0,253,-1
1338,-576452096091,1.5027838213408558,1.8718765505452912,0.040335897552648645,0.20843557114817432,0.03561975363239889,0.17619866378573623,0,8870263,0.011,0.16981678979999998,0.023415783299999948,0,0.30905000000000016,-0.05786666666666607,0,0,253,-1
1339,-576452096079,1.5032284996633363,1.8741796615379838,0.040561356899939845,0.21032543129143824,-0.07216633882191716,0.14488797801022618,0,8870274,0.011,0.14049469979999998,-0.08729006670000004,0,0.02030000000000015,0.05588333333333395,0,0,253,-1
1340,-576452096069,1.5036701187065615,1.8765029463434664,0.039740577266964616,0.21205256554708388,-0.08962734991282624,0.23129696535276545,0,8870285,0.011,0.24342121979999995,-0.09207734670000008,0,0.07280000000000016,0.06463333333333399,0,0,253,-1
1341,-576452096057,1.5041014655421492,1.878849451060071,0.03870114276487284,0.21458732386655877,-0.12431206961213379,0.22513649090164523,0,8870296,0.011,0.22427209979999996,-0.12917876670000009,0,-0.04094999999999985,0.13463333333333383,0,0,253,-1
1342,-576452096045,1.499448501598731,1.886500942059483,0.03398347362992904,0.22127250440141816,-0.18998061699037963,0.17242953873209377,0,8870307,0.011,0.16502950979999997,-0.19919273670000007,0,0.07280000000000016,-0.005366666666666076,0,1,254,1
1343,-576452096035,1.4998413525959946,1.889167210346031,0.03153544314810206,0.22315070094027664,-0.2909447802433593,0.057835953491864725,0,8870319,0.012,0.04175704979999997,-0.30511130670000003,0,0.22155000000000016,0.029633333333333844,0,0,254,-1
1344,-576452096024,1.5001706824655343,1.8916248501475859,0.02834104220305456,0.22371502841657964,-0.28710005887396367,0.011724105022091057,0,8870330,0.011,0.005254039799999974,-0.28656059670000006,0,0.10780000000000015,0.0996333333333339,0,0,254,-1
1345,-576452096013,1.5004646332172036,1.8940856053097774,0.025122041217214296,0.22372818193419294,-0.3265100459006012,-0.06322043074079403,0,8870341,0.011,-0.07373608020000001,-0.3320397567,0,0.14280000000000015,-0.05786666666666607,0,0,254,-1
1346,-576452096002,1.5007212890007389,1.896544020622055,0.021539956739868752,0.22320727070892085,-0.3203390185101416,0.04983093821440031,0,8870352,0.011,0.06569344979999997,-0.31947314670000004,0,0.16905000000000014,0.11713333333333398,0,0,254,-1
1347,-576452095990,1.5038367150926415,1.9007833440787,0.02033131808619919,0.22540480074125888,-0.08762696501507922,0.11989434092311037,0,8870363,0.011,0.12972331979999996,-0.054975926700000066,0,0.07280000000000016,0.18713333333333382,0,1,255,2
1348,-576452095977,1.5040767291452768,1.9034983692394163,0.01960033130090559,0.22705289065726889,0.1047369466153871,0.24553921323152705,0,8870375,0.012,0.2631687498,0.13172799329999996,0,-0.07594999999999988,0.1521333333333339,0,0,255,-1
1349,-576452095968,1.5042992042352912,1.906011467809042,0.02082695120485286,0.22984580304147276,0.15254656926742471,0.3045559924643054,0,8870386,0.011,0.31283677979999996,0.15925485329999994,0,-0.08469999999999986,0.06463333333333399,0,0,255,-1
1350,-576452095950,1.5045365154709873,1.9085577489002106,0.022361598081959717,0.2331325345719722,0.059771296662623805,0.26353834529111725,0,8870397,0.011,0.25778305979999994,0.04675377329999994,0,-0.005949999999999844,0.09088333333333387,0,0,255,-1
1351,-576452095944,1.504806958117422,1.911373766186025,0.02278518580360165,0.2362218583244897,-0.11642450650425985,0.2196577170972583,0,8870409,0.012,0.2135007198,-0.14114696670000007,0,-0.03219999999999984,0.10838333333333394,0,0,255,-1
1352,-576452095929,1.5050705922977494,1.9142229397249562,0.021204256423920244,0.23868717478055024,-0.22574273158027097,0.1182240881295379,0,8870421,0.012,0.10399168979999997,-0.24108143670000007,0,-0.09344999999999984,-0.014116666666666111,0,0,255,-1
1353,-576452095921,1.5052907532684758,1.9168558838086531,0.018800000366981713,0.24001975341224124,-0.17517122707015845,0.13880391448399076,0,8870432,0.011,0.14169151979999997,-0.1680754167000001,0,-0.15469999999999987,0.1521333333333339,0,0,255,-1
1354,-576452095849,1.5034634422550717,1.9218649738975186,0.01556646925669311,0.24346133425742086,-0.06714255967436296,0.15918052983815625,0,8870444,0.012,0.16203745979999998,-0.05198387670000006,0,-0.02344999999999986,0.03838333333333388,0,1,256,1
1355,-576452095848,1.5036300840473595,1.9245522449160026,0.014755364235815333,0.24515160362618285,-0.11367371720720046,0.12022852062313295,0,8870455,0.011,0.11476306979999998,-0.12020261670000006,0,0.011550000000000143,-0.014116666666666111,0,0,256,-1
1356,-576452095847,1.503784790253868,1.9272571583744065,0.013402036615028017,0.24661186908708257,-0.18027341209036082,0.20937070399349025,0,8870466,0.011,0.22187845979999998,-0.18961817670000009,0,-0.07594999999999988,-0.04036666666666611,0,0,256,-1
1357,-576452095847,1.5039224441675596,1.929981122514245,0.011580546288194075,0.24871153684133074,-0.07564122278324778,0.07760000583672197,0,8870477,0.011,0.05911093979999998,-0.06096002670000007,0,-0.05844999999999986,-0.04036666666666611,0,0,256,-1
1358,-576452095847,1.5040466548229467,1.9327217190019,0.010947369081011803,0.24957575003996557,0.053209259789698066,0.08447616871981901,0,8870488,0.011,0.08544097979999997,0.07128858329999994,0,-0.04094999999999985,0.06463333333333399,0,0,256,-1
1359,-576452095846,1.5041711577128518,1.935472303475488,0.011655147170942773,0.2505249229239386,0.13256201577674756,0.09739213874129155,0,8870499,0.011,0.09920440979999996,0.14369619329999994,0,-0.04094999999999985,0.10838333333333394,0,0,256,-1
1360,-576452095842,1.5043197888002324,1.9384854251030128,0.01314235212393924,0.2516682920331824,0.07043168114075712,0.08218854314739266,0,8870511,0.012,0.08005528979999997,0.061714023299999934,0,-0.07594999999999988,0.2396333333333338,0,0,256,-1
1361,-576452095830,1.5050034415027587,1.9418369598108083,0.014185092960121737,0.2530829670954631,-0.022226956838263378,0.167955911911553,0,8870523,0.012,0.17998975979999995,-0.03522839670000005,0,0.011550000000000143,0.1521333333333339,0,1,257,2
1362,-576452095818,1.5051719823881569,1.9448868609775476,0.013909767071443948,0.2552054256182174,-0.027331277146856355,0.23151152735359576,0,8870535,0.012,0.24042916979999995,-0.02804747670000007,0,0.055300000000000155,-0.005366666666666076,0,0,257,-1
1363,-576452095807,1.5053361700057935,1.947966611910053,0.013482657201402855,0.25806388294016375,-0.08620962325199324,0.27921494732321733,0,8870547,0.012,0.28590832979999997,-0.09447098670000008,0,0.03780000000000014,0.09088333333333387,0,0,257,-1
1364,-576452095796,1.505478178676179,1.9508211338485704,0.01238463060345941,0.2609871570456623,-0.1821418004082368,0.18432749782229385,0,8870558,0.011,0.17101360979999997,-0.19560227670000008,0,0.10780000000000015,0.0733833333333338,0,0,257,-1
1365,-576452095785,1.5073540719907836,1.9521822901920687,0.011173833563311163,0.26149511350774984,-0.27056279000595074,0.04985232920864359,0,8870570,0.012,0.03098566979999997,-0.2829701367000001,0,-0.014699999999999852,0.22213333333333396,0,1,258,1
1366,-576452095773,1.5074604559139635,1.955060966082484,0.008177401065090517,0.2619326325514444,-0.2835425544868008,-0.021269670094559753,0,8870581,0.011,-0.03124897020000003,-0.28536377670000007,0,-0.04094999999999985,0.16088333333333393,0,0,258,-1
1367,-576452095763,1.507534021208405,1.9579409408293365,0.005167065245297005,0.2616989292467866,-0.21324519902727437,-0.021099830767600875,0,8870592,0.011,-0.021076000200000035,-0.2033816067000001,0,-0.07594999999999988,0.02088333333333381,0,0,258,-1
1368,-576452095752,1.5075783542154406,1.9608179360355746,0.0028776549352882187,0.26140772746146373,-0.1767821021938799,-0.05938767059405521,0,8870603,0.011,-0.06475993020000002,-0.1716658767000001,0,-0.11969999999999983,0.19588333333333385,0,0,258,-1
1369,-576452095740,1.5075994189750197,1.963690786747847,9.480766328234271e-4,0.26089055711772563,-0.16704764235396957,0.028786682592410504,0,8870614,0.011,0.041158639799999966,-0.1656817767000001,0,-0.09344999999999984,0.27463333333333395,0,0,258,-1
1370,-576452095728,1.5076001517903388,1.9668241986724162,-8.717211999532527e-4,0.2613231663094518,-0.05617140087715734,0.08109370474322543,0,8870626,0.012,0.08843302979999997,-0.04061408670000008,0,0.0028000000000001357,0.03838333333333388,0,0,258,-1
1371,-576452095716,1.5029835735084591,1.966882485362645,-0.004513272319893097,0.25981330704318284,0.006273927062148627,0.14157929633764912,0,8870637,0.011,0.15006925979999997,0.015038043299999942,0,-0.14594999999999983,0.18713333333333382,0,1,259,2
1372,-576452095705,1.5029286740764507,1.9700099661680257,-0.004599374830893505,0.26144764662589676,-0.09047102762203331,0.10284419566156722,0,8870649,0.012,0.09740917979999997,-0.10404554670000006,0,-0.05844999999999986,0.08213333333333384,0,0,259,-1
1373,-576452095693,1.502870788946471,1.972891966312164,-0.00584706583713452,0.26255841641484123,-0.25246152709547287,0.08968150835850039,0,8870660,0.011,0.08783461979999996,-0.27519080670000007,0,-0.10219999999999987,0.13463333333333383,0,0,259,-1
1374,-576452095683,1.5027911515022059,1.9757854824828858,-0.00863061628373197,0.26353754443669847,-0.2566507120109944,0.08491321113987386,0,8870671,0.011,0.08424415979999998,-0.25723850670000004,0,-0.17219999999999988,0.21338333333333392,0,0,259,-1
1375,-576452095672,1.5026818238408173,1.97868924650669,-0.01129255333190373,0.2644309899931976,-0.15221073325495688,0.058612400313466775,0,8870682,0.011,0.05492206979999997,-0.13755650670000008,0,0.08155000000000015,0.1258833333333338,0,0,259,-1
1376,-576452095660,1.5025504481526926,1.9816024682339486,-0.012675694459653915,0.2652084271855155,0.036440703031934335,0.14458828503171,0,8870693,0.011,0.15665176979999998,0.06291084329999994,0,-0.15469999999999987,0.36213333333333386,0,0,259,-1
1377,-576452095649,1.4960192103458136,1.9910024738300518,-0.016479294010771015,0.2723032861073564,-0.013292427012043808,0.19348135273200048,0,8870704,0.011,0.20033569979999996,-0.02026814670000005,0,0.03780000000000014,0.1521333333333339,0,1,260,1
1378,-576452095637,1.4958213596919454,1.9942842584291796,-0.016523940691813937,0.274653446350827,0.055633341641726855,0.2105126124673576,0,8870716,0.012,0.21290230979999997,0.06530448329999995,0,-0.04094999999999985,0.11713333333333398,0,0,260,-1
1379,-576452095626,1.4956269711950503,1.997595236369767,-0.01587031779098081,0.2771769444174636,0.047321603433514166,0.20893482323179696,0,8870728,0.012,0.20871343979999996,0.046155363299999946,0,0.10780000000000015,0.09088333333333387,0,0,260,-1
1380,-576452095615,1.4954546679302119,2.0006569515163872,-0.015431626607040429,0.27949293988945406,-0.005129302904220437,0.2202857796001517,0,8870739,0.011,0.22187845979999998,-0.012488816700000063,0,-0.08469999999999986,0.10838333333333394,0,0,260,-1
1381,-576452095603,1.495269143507394,2.004027482760511,-0.015489937035695303,0.2822367703914399,-0.003186812269110916,0.28045753496400916,0,8870751,0.012,0.2889003798,-0.002914256700000068,0,0.02030000000000015,0.029633333333333844,0,0,260,-1
1382,-576452095591,1.4950990126692205,2.0071478573607093,-0.015462448268245613,0.28515582995844,0.03693527586785988,0.1739848502541017,0,8870762,0.011,0.15904540979999998,0.04256490329999995,0,0.23905000000000015,0.22213333333333396,0,0,260,-1
1383,-576452095579,1.498658296809615,2.012912454997757,-0.012259096891012171,0.2893057653702786,0.1667709689700767,0.16036141355547162,0,8870774,0.012,0.15844699979999996,0.18498648329999995,0,-0.03219999999999984,0.0996333333333339,0,1,261,2
1384,-576452095567,1.4985249436570416,2.0163957757123705,-0.010026231523386398,0.29124580036251524,0.3044934308659306,0.16970288526140473,0,8870786,0.012,0.17101360979999997,0.3238176032999999,0,0.16905000000000014,0.1258833333333338,0,0,261,-1
1385,-576452095556,1.4984334615665131,2.019610600188207,-0.006623337640878499,0.29323060788357236,0.33875746379279037,0.24537069589115998,0,8870797,0.011,0.25598782979999996,0.34356513329999994,0,-0.14594999999999983,0.1258833333333338,0,0,261,-1
1386,-576452095546,1.4983802785438902,2.0228509229957443,-0.003012959387400784,0.29592136598489227,0.2637321999164666,0.2399876570297491,0,8870808,0.011,0.2392323498,0.25320522329999995,0,-0.11969999999999983,0.02088333333333381,0,0,261,-1
1387,-576452095534,1.498362094675185,2.0261203701918875,-2.5334106146717567e-4,0.2985318543849748,0.17211051410381836,0.22095808515284537,0,8870819,0.011,0.21828799979999997,0.15925485329999994,0,0.011550000000000143,-0.014116666666666111,0,0,261,-1
1388,-576452095521,1.4983706314141936,2.0297175124814655,0.0017031185367278072,0.301029901231529,0.10678465317941915,0.12887963966141636,0,8870831,0.012,0.11595988979999998,0.09761862329999994,0,-0.014699999999999852,-0.04911666666666614,0,0,261,-1
1389,-576452095439,1.507044923496712,2.02462192810961,0.008581180631557075,0.29504815992938876,0.11554271186465692,0.03462651102516955,0,8870843,0.012,0.021411109799999967,0.11676774329999995,0,0.21280000000000016,-0.005366666666666076,0,1,262,1
1390,-576452095438,1.5071460397514163,2.027868485287021,0.009817784257445773,0.29527914230415725,0.09352680811502231,-0.06145190480325476,0,8870854,0.011,-0.07493290020000001,0.09043770329999994,0,0.02905000000000016,0.00338333333333396,0,0,262,-1
1391,-576452095438,1.5072606158377815,2.031112411783019,0.01097702680068007,0.294542726364172,0.1779308303644834,-0.10056251560438242,0,8870865,0.011,-0.10605022020000003,0.18977376329999998,0,0.03780000000000014,0.012133333333333995,0,0,262,-1
1392,-576452095437,1.507406034145567,2.0346384512034605,0.013230093586433213,0.2931713898285564,0.24866590371458752,-0.19931009762754104,0,8870877,0.012,-0.21316561020000008,0.2585909133,0,-0.08469999999999986,-0.07536666666666614,0,0,262,-1
1393,-576452095437,1.5075670846561546,2.0378510827385936,0.016031331323634025,0.29095186146213253,0.2909554101527536,-0.21670849841610018,0,8870888,0.011,-0.2191497102,0.2968891533,0,-0.12844999999999987,-0.022866666666666147,0,0,262,-1
1394,-576452095437,1.5077622368764012,2.0410392166997586,0.01940207002337545,0.2886774804296834,0.40111446878590395,-0.14590528998392022,0,8870899,0.011,-0.13597072020000003,0.41657115329999994,0,0.15155000000000016,-0.15411666666666612,0,0,262,-1
1395,-576452095436,1.508000268725681,2.044204057775657,0.023862795991281913,0.2868194542492596,0.4325116751730512,-0.3098448527946167,0,8870910,0.011,-0.33284761020000003,0.4369170933,0,0.11655000000000015,0.19588333333333385,0,0,262,-1
1396,-576452095431,1.5083176410755084,2.047624077166471,0.029036636161758268,0.2831673970200222,0.422730810174283,-0.27019257710846145,0,8870922,0.012,-0.2646288702000001,0.42135843329999995,0,-0.10219999999999987,0.32713333333333394,0,0,262,-1
1397,-576452095419,1.5101789497940254,2.0519265185073645,0.0350022435965595,0.28060742928654514,0.3538317377020814,-0.3608219315102733,0,8870934,0.012,-0.37353949020000005,0.3441635433,0,-0.05844999999999986,0.13463333333333383,0,1,263,2
1398,-576452095409,1.5105840299442423,2.054991668233636,0.03870593059227922,0.27667831446514535,0.23305086087092325,-0.3352402218803824,0,8870945,0.011,-0.33165079020000005,0.21610380329999995,0,0.0028000000000001357,0.0996333333333339,0,0,263,-1
1399,-576452095397,1.5110237823913408,2.058015449994352,0.04125381937448252,0.2730758310019363,0.2229120889605182,-0.28013951406373944,0,8870956,0.011,-0.2724082002,0.22148949329999998,0,0.011550000000000143,0.2921333333333338,0,0,263,-1
1400,-576452095387,1.5080744306327774,2.0641130534921692,0.041255643691310906,0.2733786151108624,0.18807784560893295,-0.1180230313579856,0,8870966,0.01,-0.09527884020000005,0.1831912532999999,0,-0.19844999999999988,0.10838333333333394,0,1,264,1
1401,-576452095375,1.5085808101246563,2.0673849187757507,0.043207395110800385,0.27193893965672833,0.0032691669340186302,-0.13218797291836681,0,8870978,0.012,-0.13417549020000005,-0.02266178670000006,0,-0.04094999999999985,-0.022866666666666147,0,0,264,-1
1402,-576452095364,1.5090555255141263,2.0703680952044943,0.043136883059867646,0.2704633690595871,-0.06512667091714887,-0.14600080785173605,0,8870989,0.011,-0.14793892020000002,-0.07472345670000008,0,-0.09344999999999984,-0.014116666666666111,0,0,264,-1
1403,-576452095354,1.5095262686071131,2.073334489706945,0.04244559493230666,0.26887581537829935,-0.04887806761216544,-0.13405623251594867,0,8871000,0.011,-0.13238026020000007,-0.04659818670000007,0,-0.22469999999999987,0.0996333333333339,0,0,264,-1
1405,-576452095233,1.5104601432802018,2.0792091890196445,0.04305962409652415,0.26477285691434,0.24971786553433145,-0.21132930719890014,0,8871022,0.011,-0.20897674020000004,0.27594480329999993,0,-0.10219999999999987,0.16963333333333397,0,0,264,-1
1406,-576452095233,1.5109507031714164,2.0821088646962713,0.04606151910226639,0.2624425092079843,0.4149322785696853,-0.21503876691627682,0,8871033,0.011,-0.21555925020000002,0.43811391329999994,0,0.02905000000000016,0.06463333333333399,0,0,264,-1
1407,-576452095232,1.5114826928758667,2.084983453424821,0.050655531079284714,0.26018086320657413,0.43421192007191983,-0.14779894288228188,0,8871044,0.011,-0.13836436020000006,0.4369170933,0,0.06405000000000015,0.230883333333334,0,0,264,-1
1408,-576452095232,1.5120642083159612,2.087838102828456,0.055152847512745275,0.2587824842581258,0.2534369741187505,-4.5929351606033286e-4,0,8871055,0.011,0.02021428979999997,0.22807200329999996,0,0.15155000000000016,0.08213333333333384,0,0,264,-1
1409,-576452095232,1.5126847599104152,2.0906849992613923,0.057732990679582555,0.2588224233249119,0.11889076763692885,0.028690782045638158,0,8871066,0.011,0.03278089979999997,0.10001226329999995,0,0.02905000000000016,0.14338333333333386,0,0,264,-1
1410,-576452095231,1.5133833429023353,2.093793430580682,0.058789273438840065,0.25923303288845,-0.10337746259502423,0.06848725081109482,0,8871078,0.012,0.07407118979999998,-0.13456445670000008,0,0.03780000000000014,0.14338333333333386,0,0,264,-1
1411,-576452095231,1.5140203325534123,2.0966492219175907,0.057175186985219444,0.25999811429627084,-0.4093836910981807,0.0760079870675261,0,8871089,0.011,0.07706323979999997,-0.4523201667000001,0,-0.15469999999999987,0.16963333333333397,0,0,264,-1
1412,-576452095231,1.5146228691424524,2.0995133736020692,0.052442672881507,0.2607740008897164,-0.5577649435328301,0.03705032393719161,0,8871100,0.011,0.03158407979999997,-0.5785846767,0,-0.06719999999999984,0.38838333333333397,0,0,264,-1
1413,-576452095230,1.5151648985490094,2.1023838428655544,0.04615189170056158,0.261140941369027,-0.658412889461908,0.010740820056923717,0,8871111,0.011,0.007049269799999965,-0.6725350467,0,0.13405000000000014,0.24838333333333384,0,0,264,-1
1414,-576452095132,1.5156327148402449,2.1052577324720145,0.038906434437129545,0.2613569605615996,-0.6603018079663835,0.07415021404187813,0,8871122,0.011,0.08304733979999997,-0.6605668467,0,0.011550000000000143,0.27463333333333395,0,0,264,-1
1415,-576452095131,1.5160227141771099,2.108137390967501,0.03183350702845006,0.2623071668605362,-0.5372115841141119,0.16171871111814154,0,8871133,0.011,0.17400565979999996,-0.5199404967000001,0,0.14280000000000015,0.05588333333333395,0,1,266,1
1416,-576452095131,1.5163689905226054,2.1112988880932857,0.025779521749750754,0.26453946295396435,-0.3016592198479838,0.3367490576480364,0,8871145,0.012,0.36130798979999995,-0.2686082967000001,0,0.03780000000000014,0.0733833333333338,0,0,266,-1
1417,-576452095130,1.5166364725254298,2.1142291621793166,0.022760811992996857,0.26823882964101076,-0.10946940538594929,0.3336215482271482,0,8871156,0.011,0.33318271979999997,-0.08250278670000005,0,-0.02344999999999986,0.30088333333333384,0,0,266,-1
1418,-576452095129,1.5168821414082811,2.1172001415276402,0.02182836443400139,0.2719324002602997,0.06636444024361329,0.3489800335055606,0,8871167,0.011,0.3511350198,0.09103611329999994,0,-0.02344999999999986,0.2046333333333339,0,0,266,-1
1419,-576452095129,1.5171275488900278,2.120212297682313,0.02274001661981077,0.27574088459079277,0.1840345631524858,0.3293539878363442,0,8871178,0.011,0.3266002098,0.20054514329999992,0,-0.07594999999999988,0.14338333333333386,0,0,266,-1
1420,-576452095129,1.5173890262361043,2.1232655296558645,0.024793224439652584,0.2793859702997675,0.20271177801400597,0.34373192639272254,0,8871189,0.011,0.3457493298,0.20533242329999996,0,0.08155000000000015,0.4233833333333339,0,0,266,-1
1422,-576452095129,1.517978133028335,2.1294991779662995,0.028486158298062385,0.2875122612989815,0.07479435549077999,0.4161588729553745,0,8871211,0.011,0.4205505798,0.06410766329999995,0,0.10780000000000015,0.19588333333333385,0,0,266,-1
1423,-576452095029,1.518294380736887,2.132688247465752,0.02907817210694357,0.2922684747443872,-0.07469288909365303,0.5317877428152623,0,8871222,0.011,0.5480119098,-0.0956678067000001,0,0.14280000000000015,0.14338333333333386,0,0,266,-1
1424,-576452095028,1.5288298525997162,2.142256323967937,0.03472794373879903,0.30354829502145986,-0.2746566634890752,0.4169250132623987,0,8871233,0.011,0.4008030498,-0.3027176667000001,0,0.03780000000000014,0.19588333333333385,0,1,267,2
1425,-576452095028,1.5292254364947016,2.1459292894964985,0.031246764061687447,0.3085995518584385,-0.38585307823496195,0.4458185479220925,0,8871245,0.012,0.44987266980000007,-0.40145531670000006,0,0.16905000000000014,0.178383333333334,0,0,267,-1
1426,-576452095028,1.5295453252031073,2.1493503083757663,0.02693525386513928,0.3134273077131013,-0.4289230277000418,0.3968960974072204,0,8871256,0.011,0.3900316698,-0.4349662767000001,0,0.055300000000000155,0.029633333333333844,0,0,267,-1
1427,-576452095027,1.5298158004293558,2.1528216165940415,0.022236482986181246,0.3177360171321371,-0.4163802449483722,0.35991446261209337,0,8871267,0.011,0.35472547979999997,-0.4146203367000001,0,0.011550000000000143,0.11713333333333398,0,0,267,-1
1428,-576452095027,1.5300351533057683,2.156338289625237,0.017648151675068897,0.32166698968769586,-0.42165899279527197,0.3417197623000636,0,8871278,0.011,0.3391668198,-0.4223996667000001,0,-0.049699999999999855,0.178383333333334,0,0,267,-1
1429,-576452095027,1.5302050721589013,2.159896534467705,0.01319438454453796,0.32531715476933204,-0.3021345420768822,0.27125991215100326,0,8871289,0.011,0.26137351979999995,-0.28536377670000007,0,0.04655000000000015,0.1521333333333339,0,0,267,-1
1430,-576452095026,1.5303326730487279,2.163490689768297,0.00997622036261021,0.32819529663883346,-0.23390009706271567,0.2027654094825075,0,8871300,0.011,0.19315477979999998,-0.22432595670000005,0,0.0028000000000001357,0.1258833333333338,0,0,267,-1
1431,-576452095026,1.530428768250977,2.1671125402073974,0.00747540522448455,0.3303454812180622,-0.18719529120969675,0.15078083188059518,0,8871311,0.011,0.14348674979999998,-0.1806420267000001,0,0.011550000000000143,-0.005366666666666076,0,0,267,-1
1432,-576452095026,1.5305006134242414,2.1707548512372075,0.005549860911042861,0.3319172514333572,-0.10063269445602095,0.09453043002139774,0,8871322,0.011,0.08663779979999997,-0.08848688670000009,0,-0.005949999999999844,0.16088333333333393,0,0,267,-1
1433,-576452094927,1.5341990935660872,2.170369978851923,0.006833670641082149,0.3294987658525098,-0.0527211857222955,0.06399115648782017,0,8871333,0.011,0.05970934979999997,-0.04599977670000007,0,-0.15469999999999987,0.1521333333333339,0,1,268,1
1434,-576452094926,1.5357382245375195,2.1751857076721515,0.007303210249765983,0.3308985018836048,0.03346464807580875,-0.010083114206193497,0,8871345,0.012,-0.02047759020000003,0.045556953299999946,0,0.10780000000000015,0.0733833333333338,0,1,269,2
1435,-576452094926,1.535829808145433,2.1791562088226444,0.007909683912187031,0.33083805328455285,0.15532180084312414,0.025932264692318796,0,8871357,0.012,0.03098566979999997,0.17241987329999997,0,-0.12844999999999987,0.09088333333333387,0,0,269,-1
1436,-576452094925,1.5359270023965714,2.182796950766096,0.009727603092066953,0.3311171206654662,0.2254176103709008,0.021967425935681777,0,8871368,0.011,0.021411109799999967,0.23525292329999994,0,-0.14594999999999983,0.0996333333333339,0,0,269,-1
1437,-576452094925,1.536047416729267,2.1864400688821433,0.01217510802702946,0.3312882574548626,0.20465518896959659,-0.02365127912491707,0,8871379,0.011,-0.030052150200000027,0.20174196329999997,0,-0.05844999999999986,0.13463333333333383,0,0,269,-1
1438,-576452094925,1.5361916579256696,2.190081782577154,0.014133167303277515,0.33088252213930336,0.014754955348756121,-0.11795189256740583,0,8871390,0.011,-0.13118344020000006,-0.01189040670000006,0,-0.03219999999999984,0.03838333333333388,0,0,269,-1
1439,-576452094925,1.5363455189824362,2.193713235254823,0.01394108504903652,0.3294262057795491,-0.2148492185576215,-0.2208665720789692,0,8871401,0.011,-0.23530678020000004,-0.24706553670000006,0,0.21280000000000016,0.00338333333333396,0,0,269,-1
1440,-576452094924,1.5364834088942663,2.1973229042642166,0.01122797226403737,0.32690342173050063,-0.44146719864950096,-0.28128467915778943,0,8871412,0.011,-0.28976209020000004,-0.4732645167000001,0,-0.11094999999999985,0.06463333333333399,0,0,269,-1
1441,-576452094924,1.5365733238774377,2.2005776172098734,0.006769220745014729,0.32405169059952954,-0.47250060433171936,-0.30866050212719554,0,8871422,0.01,-0.3125016702,-0.47685497670000004,0,-0.22469999999999987,0.03838333333333388,0,0,269,-1
1442,-576452094866,1.5366210086477947,2.204124531068783,0.0018345531988488602,0.32080446183845057,-0.3005188092128498,-0.21179657288523732,0,8871433,0.011,-0.1982053602000001,-0.2763876267000001,0,-0.19844999999999988,0.16088333333333393,0,0,269,-1
1443,-576452094865,1.5519748431112066,2.2175758930029588,0.008653847204445338,0.32673675984764067,-0.0762616138005687,-0.20721483855582326,0,8871445,0.012,-0.20658310020000004,-0.04480295670000006,0,-0.08469999999999986,0.18713333333333382,0,1,271,2
1444,-576452094864,1.5520749069480844,2.221481795159349,0.007965081221054656,0.324249337132866,0.05838069466024051,-0.20771038840186704,0,8871457,0.012,-0.20777992020000005,0.07727268329999994,0,-0.049699999999999855,0.03838333333333388,0,0,271,-1
1445,-576452094864,1.5521661327853982,2.2250346147762503,0.008617564467104478,0.32177690859595504,0.06497730667915606,-0.3279453511570941,0,8871468,0.011,-0.3448158102,0.06590289329999995,0,-0.15469999999999987,0.14338333333333386,0,0,271,-1
1446,-576452094864,1.5522649122629926,2.228553377030812,0.009340057980437457,0.31803634077958753,0.06998722019223577,-0.4141096487628047,0,8871479,0.011,-0.4261995702000001,0.07069017329999995,0,0.12530000000000016,0.19588333333333385,0,0,271,-1
1447,-576452094863,1.5523717396409438,2.2320266020526143,0.010088996455301402,0.31346395786676395,0.056434691454975455,-0.42523671462037343,0,8871490,0.011,-0.42679798020000004,0.05453310329999994,0,0.09030000000000014,0.27463333333333395,0,0,271,-1
1448,-576452094851,1.5454174463200432,2.242555167105286,0.006320364737679722,0.3148960776845749,0.07838031533093312,-0.314298429352323,0,8871501,0.011,-0.2987382402,0.08146155329999995,0,-0.16344999999999985,0.230883333333334,0,1,272,1
1449,-576452094841,1.5454996392734663,2.2463117517391114,0.007354636371009829,0.31118658769554,0.13460969302964332,-0.2770379047212945,0,8871513,0.012,-0.27180979020000007,0.14249937329999993,0,-0.04094999999999985,0.32713333333333394,0,0,272,-1
1450,-576452094830,1.545588654840997,2.249720247824677,0.008830589449632434,0.30844566605717877,0.13155780158554387,-0.08038462808233263,0,8871524,0.011,-0.05279173020000003,0.13112958329999994,0,-0.10219999999999987,0.30963333333333387,0,0,272,-1
1451,-576452094819,1.5456942001458744,2.253109446536705,0.010341209252261818,0.3077253339047985,0.17263967593772805,0.025678285347399618,0,8871535,0.011,0.04056022979999997,0.17840397329999996,0,-0.049699999999999855,0.3183833333333339,0,0,272,-1
1452,-576452094807,1.5458316462689936,2.256804830713478,0.01253589020102064,0.30814443981548967,0.2464405094724661,0.09225632384967233,0,8871547,0.012,0.10159804979999998,0.2567956832999999,0,-0.04094999999999985,0.44088333333333396,0,0,272,-1
1453,-576452094796,1.5459857969768451,2.260200187463471,0.015433470763225616,0.30918511459800785,0.3662495030279819,0.10884501091161933,0,8871558,0.011,0.11117260979999997,0.38306019329999996,0,-0.014699999999999852,0.41463333333333385,0,0,272,-1
1454,-576452094785,1.5552403742650942,2.269099136055471,0.025530960453142553,0.31538314154579294,0.4555134865527408,0.18803371908516447,0,8871569,0.011,0.19913887979999997,0.46803441329999995,0,0.0028000000000001357,0.5283833333333339,0,1,273,2
1455,-576452094773,1.5555787366749674,2.2728977741018594,0.030889473419534984,0.3177065079162116,0.39092582468113807,0.22820949877585608,0,8871581,0.012,0.2338466598,0.3818633733,0,-0.05844999999999986,0.44088333333333396,0,0,273,-1
1456,-576452094761,1.555940627882023,2.2764065623260565,0.034975245463836215,0.32024578429904066,0.2533585070628902,0.24679723015791233,0,8871592,0.011,0.24940531979999997,0.23405610329999996,0,-0.06719999999999984,0.449633333333334,0,0,273,-1
1457,-576452094751,1.5563383756029001,2.279943969974077,0.03743598378951463,0.3229284071087328,0.042263636261867465,0.2259942029664343,0,8871603,0.011,0.22307527979999997,0.012644403299999938,0,0.16030000000000016,0.4058833333333338,0,0,273,-1
1458,-576452094739,1.5567898673842864,2.2838347804036685,0.03783862937982626,0.3255599763343356,-0.020445434930332324,0.17777882617877253,0,8871615,0.012,0.17101360979999997,-0.029244296700000057,0,0.055300000000000155,0.178383333333334,0,0,273,-1
1459,-576452094728,1.5572051991213876,2.287426204527967,0.03766141131983482,0.32744740627568514,0.010147118043716326,0.13406209088694054,0,8871626,0.011,0.12792808979999998,0.014439633299999938,0,0.0028000000000001357,0.24838333333333384,0,0,273,-1
1460,-576452094717,1.5463588746004961,2.3021868968744115,0.03099945582245278,0.3381806571602494,0.12148800840512473,0.11504703214883522,0,8871637,0.011,0.11236942979999998,0.13711368329999996,0,0.21280000000000016,0.24838333333333384,0,1,274,1
1461,-576452094705,1.5467406737820848,2.3062522870239683,0.03260171337442761,0.33941650782425636,0.2081350209578149,0.028209766953252474,0,8871649,0.012,0.016025419799999965,0.22029267329999994,0,0.17780000000000015,0.3708833333333339,0,0,274,-1
1462,-576452094694,1.547112109164432,2.3099869437840432,0.034922537580117895,0.3396390035925274,0.22824269659543506,-0.02813094793813946,0,8871660,0.011,-0.036036250200000036,0.23106405329999996,0,0.055300000000000155,0.24838333333333384,0,0,274,-1
1463,-576452094684,1.5475099893162452,2.3137205524778026,0.03742243358854059,0.3392280251223923,0.221270902611697,-0.09383857393759837,0,8871671,0.011,-0.10305817020000003,0.22029267329999994,0,-0.005949999999999844,0.05588333333333395,0,0,274,-1
1464,-576452094673,1.5479347224021605,2.3174461527834413,0.03981377513540627,0.33816306801630946,0.19364940287542132,-0.11504315415520827,0,8871682,0.011,-0.11801842020000003,0.18977376329999998,0,-0.06719999999999984,0.230883333333334,0,0,274,-1
1465,-576452094660,1.5483842272409873,2.321159768265162,0.04192085325857194,0.33700858264513733,0.1787055513303489,-0.04313395431852525,0,8871693,0.011,-0.033044200200000026,0.17660874329999995,0,-0.08469999999999986,0.178383333333334,0,0,274,-1
1466,-576452094648,1.5492341428473644,2.3254000847359113,0.04419384078347834,0.33659376537958735,0.12438917030314478,-0.08938710157999,0,8871705,0.012,-0.09587725020000004,0.11676774329999995,0,0.011550000000000143,0.08213333333333384,0,1,275,2
1467,-576452094637,1.549769689682474,2.3294322206918507,0.045190825984432484,0.33544450967835143,-0.17039716193414628,-0.13496172440512225,0,8871717,0.012,-0.14135641020000006,-0.21175934670000007,0,-0.03219999999999984,0.10838333333333394,0,0,275,-1
1468,-576452094626,1.5502553467223068,2.3331144514568813,0.043159952409872505,0.3340297931311617,-0.2706926619958006,-0.09019094655326061,0,8871728,0.011,-0.08390905020000004,-0.28476536670000013,0,0.03780000000000014,0.2396333333333338,0,0,275,-1
1469,-576452094614,1.5507150069300237,2.3367840088272795,0.04036277965906583,0.33313461203049183,-0.1539385580119501,-0.027481302367748886,0,8871739,0.011,-0.01868236020000004,-0.13755650670000008,0,-0.014699999999999852,0.22213333333333396,0,0,275,-1
1470,-576452094602,1.5511901927769638,2.3407804758511834,0.03877124880973871,0.3329156601803769,-5.063076312961934e-4,0.03901000351389096,0,8871751,0.012,0.048339559799999966,0.021022143299999938,0,0.02030000000000015,0.21338333333333392,0,0,275,-1
1471,-576452094590,1.5516169052059852,2.344444764277697,0.0388016484583884,0.33332480520109503,0.02257134230336813,0.026200493234294644,0,8871762,0.011,0.024403159799999963,0.025809423299999943,0,0.0028000000000001357,0.18713333333333382,0,0,275,-1
1472,-576452094579,1.545336565921486,2.35498778792226,0.0349890230839177,0.3392740739652307,0.039053309103909584,0.139031546857459,0,8871774,0.012,0.15485653979999997,0.04136808329999995,0,0.09905000000000015,0.06463333333333399,0,1,276,1
1473,-576452094567,1.545760285715501,2.3590701970356003,0.03559171013846509,0.34108934532096735,0.11875028714639843,0.22637812913345565,0,8871786,0.012,0.2386339398,0.12993276329999995,0,0.09030000000000014,0.3533833333333338,0,0,276,-1
1474,-576452094557,1.5461584150808632,2.3628363041469225,0.036819912558226905,0.34363885776387026,0.06873218451171956,0.2644143109406671,0,8871797,0.011,0.26975125980000003,0.061714023299999934,0,0.14280000000000015,0.283383333333334,0,0,276,-1
1475,-576452094546,1.5465661973504656,2.366630019299438,0.03737909919099331,0.34622130339377266,-0.0586459516791564,0.053411119069073726,0,8871808,0.011,0.02380474979999997,-0.07651868670000006,0,-0.10219999999999987,0.09088333333333387,0,0,276,-1
1476,-576452094534,1.5469723579989143,2.3704406257250037,0.03652671690755438,0.3466585731663496,-0.19291914894751627,-0.04392196873920276,0,8871819,0.011,-0.05757901020000004,-0.21175934670000007,0,0.07280000000000016,0.13463333333333383,0,0,276,-1
1477,-576452094517,1.5473625916354292,2.3742516017630835,0.03442041397588804,0.3462306539519335,-0.18267747131220763,-0.008143819093796884,0,8871830,0.011,-0.0031237002000000322,-0.18124043670000006,0,-0.014699999999999852,0.21338333333333392,0,0,276,-1
1478,-576452094415,1.5515795650275803,2.3819738240272255,0.034117069077650476,0.34831375338792536,-0.0859052946485921,0.09597029872923392,0,8871846,0.016,0.11057419979999997,-0.07232981670000006,0,0.15155000000000016,0.2396333333333338,0,1,277,2
1479,-576452094414,1.5520148631898802,2.386511071696893,0.032891335232510754,0.34968313262104755,-0.1443203927089849,0.16125495188131767,0,8871859,0.013,0.17041519979999997,-0.15251675670000006,0,-0.014699999999999852,0.1258833333333338,0,0,277,-1
1480,-576452094414,1.5523678261349203,2.390367187393341,0.031289109958291234,0.35143642463870556,-0.15360732475541594,0.14829696618052535,0,8871870,0.011,0.14647879979999998,-0.15491039670000004,0,0.011550000000000143,0.3533833333333338,0,0,277,-1
1481,-576452094413,1.552702676943793,2.394242551688983,0.02959440982257096,0.3531505367264395,-0.15684916608557475,0.20180412996216807,0,8871881,0.011,0.20931184979999995,-0.15730403670000007,0,0.0028000000000001357,0.2396333333333338,0,0,277,-1
1482,-576452094413,1.5530185215963637,2.3981381957073906,0.02784009351003358,0.3551974258475275,-0.17561526927699525,0.08978838979960699,0,8871892,0.011,0.07407118979999998,-0.17824838670000007,0,0.04655000000000015,0.13463333333333383,0,0,277,-1
1483,-576452094413,1.5533134850034491,2.40204945117144,0.025815661502546456,0.3559937237495958,-0.23564988435053635,-0.034198069573948206,0,8871903,0.011,-0.051594910200000024,-0.24407348670000006,0,-0.15469999999999987,0.06463333333333399,0,0,277,-1
1484,-576452094412,1.5535816596091079,2.4059630331836064,0.023004760099289465,0.35557779855591654,-0.3773799567274799,-0.0599498197212067,0,8871914,0.011,-0.06356311020000004,-0.39726644670000005,0,-0.13719999999999985,0.09088333333333387,0,0,277,-1
1485,-576452094412,1.5538127177862389,2.4098700372568875,0.018972456758199637,0.3548154545893603,-0.3003595645974262,-0.12661654972949757,0,8871925,0.011,-0.13597072020000003,-0.2895526467000001,0,0.18655000000000016,0.02088333333333381,0,0,277,-1
1486,-576452094412,1.554006204244861,2.4137658111550113,0.01608891914555756,0.35348857764422825,-0.027969014928774294,-0.08391632256749014,0,8871936,0.011,-0.07792495020000002,0.010250763299999936,0,-0.02344999999999986,0.06463333333333399,0,0,277,-1
1487,-576452094312,1.5541836174119323,2.417649656311874,0.016083269022562033,0.3526432641406886,0.16770408621688723,-0.033531330550228125,0,8871947,0.011,-0.026461690200000026,0.19515945329999995,0,-0.10219999999999987,0.16088333333333393,0,0,277,-1
1488,-576452094311,1.5482450622121942,2.428282126909938,0.014553296975649641,0.35720946472715703,0.15399538026265494,-0.05356471920194821,0,8871960,0.013,-0.05638219020000005,0.15207393329999994,0,-0.10219999999999987,0.283383333333334,0,1,278,1
1489,-576452094311,1.548429252466295,2.432564680565887,0.016203384436680367,0.3565544753833494,0.0373841479428165,-0.060758502965321946,0,8871972,0.012,-0.06176788020000004,0.021022143299999938,0,-0.04094999999999985,0.283383333333334,0,0,278,-1
1490,-576452094311,1.5486085443328768,2.436482842859481,0.016448717530933923,0.3558503144797325,-0.06880057136887453,-0.08368432284621549,0,8871983,0.011,-0.08690110020000004,-0.08369960670000007,0,0.07280000000000016,0.1521333333333339,0,0,278,-1
1491,-576452094310,1.5487847666096806,2.440392711783346,0.015614121240574224,0.35501141111443824,-0.11912550349821574,-0.030878897427320945,0,8871994,0.011,-0.023469640200000027,-0.1261867167000001,0,0.07280000000000016,0.2658833333333339,0,0,278,-1
1492,-576452094310,1.5489492360413217,2.444296336872643,0.014292561224081176,0.3547238994051312,-0.12636740758505874,0.0029070865057930634,0,8872005,0.011,0.007647679799999968,-0.12738353670000008,0,0.055300000000000155,0.14338333333333386,0,0,278,-1
1493,-576452094310,1.549098177341434,2.448197967367252,0.012812856659712596,0.3546837260460451,-0.18445922324509262,-0.043839029379543926,0,8872016,0.011,-0.05039809020000004,-0.19261022670000008,0,0.09030000000000014,0.00338333333333396,0,0,278,-1
1494,-576452094310,1.549227316471784,2.452097726305375,0.01069258631377956,0.3543278826412447,-0.2435602135102654,0.03804678299547341,0,8872027,0.011,0.049536379799999974,-0.2518528167000001,0,0.07280000000000016,0.2396333333333338,0,0,278,-1
1495,-576452094309,1.5493308678165172,2.4559979383481347,0.008108304601757654,0.35478948733244353,-0.18208661614284208,0.06596504130929635,0,8872038,0.011,0.06988231979999997,-0.1734611067000001,0,-0.08469999999999986,0.1521333333333339,0,0,278,-1
1496,-576452094303,1.5611766739679414,2.467383693004368,0.013935039560358978,0.3621366876503447,0.04588844459950048,0.08410148651971498,0,8872050,0.012,0.08663779979999997,0.07787109329999994,0,-0.11094999999999985,0.27463333333333395,0,1,279,2
1497,-576452094292,1.5613491929437195,2.4717351223789876,0.014749060945492274,0.3631125713469853,0.20250613548919635,0.06428506932486486,0,8872062,0.012,0.06150457979999997,0.22448154329999997,0,0.09030000000000014,0.2046333333333339,0,0,279,-1
1498,-576452094277,1.5615243712191933,2.47573261774289,0.01707139248464911,0.36373237640827477,0.263234929080239,0.008319433770914625,0,8872073,0.011,4.667597999999679e-4,0.2717559332999999,0,0.0028000000000001357,0.283383333333334,0,0,279,-1
1499,-576452094270,1.5617285316073775,2.479734228138719,0.020030433360558535,0.3638310902361677,0.30429318929463534,0.01297810969031436,0,8872084,0.011,0.013631779799999962,0.3100541732999999,0,-0.049699999999999855,0.3446333333333338,0,0,279,-1
1500,-576452094259,1.5619671140471447,2.4837376869737775,0.023354673713467916,0.36404926312436914,0.2894037645711021,0.061830852982206114,0,8872095,0.011,0.06868549979999997,0.2873145933,0,-0.07594999999999988,0.18713333333333382,0,0,279,-1
1501,-576452094248,1.5622396500611144,2.487746160526627,0.026272044791949178,0.3647565001028767,0.1170190591358872,0.07938715281806655,0,8872106,0.011,0.08185051979999997,0.09283134329999995,0,0.03780000000000014,0.19588333333333385,0,0,279,-1
1502,-576452094238,1.5829064178879708,2.5043094550942824,0.04040754935372941,0.3774056312351188,-0.07788701294018252,0.09887619873327111,0,8872116,0.01,0.10159804979999998,-0.10524236670000006,0,-0.014699999999999852,-0.0928666666666661,0,1,280,2
1503,-576452094227,1.5833843183179086,2.508845717199088,0.03928337594112316,0.378629022130678,-0.19266282440579852,0.12120466813970429,0,8872128,0.012,0.12433762979999997,-0.20876729670000008,0,-0.07594999999999988,0.2921333333333338,0,0,280,-1
1504,-576452094216,1.583804164971154,2.513018029691573,0.037078379581742545,0.37997063546188253,-0.24771830831266498,0.12657601333665883,0,8872139,0.011,0.12732967979999998,-0.25544327670000005,0,0.03780000000000014,0.2921333333333338,0,0,280,-1
1505,-576452094203,1.584197734510364,2.517204815610078,0.03445166082116818,0.3812853434835086,-0.1841725903989767,0.07633355140803494,0,8872150,0.011,0.06928390979999997,-0.17525633670000007,0,-0.014699999999999852,0.2571333333333339,0,0,280,-1
1506,-576452094190,1.5845989547749044,2.521785068886382,0.03238319360796833,0.382112324864253,-0.09921120465791639,0.022921398440256098,0,8872162,0.012,0.015427009799999964,-0.08729006670000004,0,-0.08469999999999986,0.19588333333333385,0,0,280,-1
1507,-576452094180,1.5849817654854517,2.526370693975696,0.031369970505084985,0.38220777362765734,0.006227748259239663,-0.08388327728225842,0,8872174,0.012,-0.09886930020000004,0.021022143299999938,0,-0.005949999999999844,0.178383333333334,0,0,280,-1
1508,-576452094168,1.5853265400602654,2.5305701059557624,0.03134571475147976,0.38131286440439255,-0.05321752616539489,-0.06606345294363225,0,8872185,0.011,-0.06356311020000004,-0.06155843670000008,0,-0.02344999999999986,0.19588333333333385,0,0,280,-1
1509,-576452094156,1.5826182952145376,2.5380446584037717,0.028930312816637632,0.3828665614359381,-0.0416407748527289,-0.08853305485423069,0,8872197,0.012,-0.09168838020000003,-0.04001567670000006,0,0.02905000000000016,0.02088333333333381,0,1,281,1
1510,-576452094144,1.5829630449838683,2.5426343385486465,0.02850276561453117,0.3820245524712825,0.0012417607888206075,0.04251806897759053,0,8872209,0.012,0.06090616979999997,0.007258713299999947,0,0.0028000000000001357,0.18713333333333382,0,0,281,-1
1511,-576452094134,1.5832765482010318,2.5468405279880604,0.028501732108894465,0.3826787348005627,-0.00817541933235598,0.1620246778550164,0,8872220,0.011,0.1787929398,-0.009496766700000065,0,0.04655000000000015,0.21338333333333392,0,0,281,-1
1512,-576452094123,1.583588451404726,2.551060072228353,0.02825347706225326,0.3844999543088647,-0.11061618463085109,0.18722519426318682,0,8872231,0.011,0.19076113979999998,-0.12498989670000005,0,-0.05844999999999986,0.44088333333333396,0,0,281,-1
1513,-576452094111,1.5838914164142308,2.5553004985404435,0.02687628399380354,0.3865026509453235,-0.21453248826995433,0.1504429812574734,0,8872242,0.011,0.14528197979999996,-0.22911323670000006,0,0.06405000000000015,0.2396333333333338,0,0,281,-1
1514,-576452094099,1.5841731270582358,2.559560629527644,0.024381674124019002,0.38808654988423646,-0.30183748149561634,0.10445962584918572,0,8872253,0.011,0.09800758979999998,-0.31408745670000005,0,0.02905000000000016,0.1258833333333338,0,0,281,-1
1515,-576452094088,1.590204165379197,2.567688585605601,0.02462056795419959,0.3926223521725687,-0.22336562445763197,0.1460354700866308,0,8872265,0.012,0.15186448979999997,-0.2123577567000001,0,-0.02344999999999986,0.2921333333333338,0,1,282,2
1516,-576452094076,1.5904845803665828,2.5724112735096574,0.022080827362877208,0.39446896059177544,-0.13971865563562014,0.20205063608936152,0,8872277,0.012,0.20991025979999997,-0.12798194670000007,0,-0.005949999999999844,0.22213333333333396,0,0,282,-1
1517,-576452094040,1.5907198465706935,2.5767636806577934,0.02065906545534316,0.3968332921713669,-0.06592807229761405,0.2929075114099765,0,8872288,0.011,0.3056558598,-0.05557433670000007,0,0.03780000000000014,0.178383333333334,0,0,282,-1
1518,-576452094039,1.5909436088004079,2.5811474137813186,0.020004663503094378,0.4001747464951953,-0.020113930041653807,0.3702091408183985,0,8872299,0.011,0.38105551979999996,-0.013685636700000052,0,-0.21594999999999984,0.06463333333333399,0,0,282,-1
1519,-576452094039,1.5911625845322268,2.5855712774666655,0.01980345390013053,0.40418234094013156,-0.00712973989045803,0.3282927326278313,0,8872310,0.011,0.3224113398,-0.005307896700000063,0,-0.005949999999999844,0.16963333333333397,0,0,282,-1
1520,-576452094031,1.5913790100259027,2.5900363927352856,0.019585746735844824,0.40768678305172135,-0.09736808568673919,0.2591122070233931,0,8872321,0.011,0.24940531979999997,-0.11002964670000005,0,0.17780000000000015,0.19588333333333385,0,0,282,-1
1521,-576452094020,1.5854930598162496,2.6006258830125635,0.014889467665056708,0.41536909514257425,-0.10847296605764557,0.22121683910665413,0,8872333,0.012,0.2158943598,-0.11002964670000005,0,0.09030000000000014,0.11713333333333398,0,1,283,1
1522,-576452094003,1.585664250211389,2.6056253820235766,0.013633138922398971,0.4179090832041049,-0.08150013061655412,0.15305123143100802,0,8872345,0.012,0.14348674979999998,-0.07771550670000008,0,-0.15469999999999987,0.11713333333333398,0,0,283,-1
1523,-576452093997,1.5858098861659384,2.610232227694802,0.012819611114209348,0.4196737291110364,-0.028327357388742064,0.20501301588168383,0,8872356,0.011,0.21230389979999995,-0.02086655670000007,0,-0.15469999999999987,0.1258833333333338,0,0,283,-1
1524,-576452093986,1.585949736698989,2.614861657594737,0.012585440164358972,0.4220158044472982,0.021771921983490157,0.2612606131040004,0,8872367,0.011,0.2691528498,0.02880147329999994,0,-0.14594999999999983,0.012133333333333995,0,0,283,-1
1525,-576452093975,1.586089737903421,2.6195201413642613,0.012859560510090892,0.42496111242992474,0.04420459989165314,0.30754002355079935,0,8872378,0.011,0.3140335998,0.047352183299999934,0,0.0028000000000001357,0.13463333333333383,0,0,283,-1
1526,-576452093965,1.5862339830455834,2.624212953750552,0.013362221170603142,0.42829209378351746,0.05483654001254424,0.27387628986561646,0,8872389,0.011,0.2691528498,0.05632833329999994,0,0.03780000000000014,-0.1453666666666661,0,0,283,-1
1527,-576452093952,1.5902598740932856,2.6311931916573745,0.016456110533964483,0.4332679788559561,0.04984880302028044,0.17527651015665588,0,8872400,0.011,0.16143904979999998,0.04914741329999994,0,-0.02344999999999986,0.08213333333333384,0,1,284,2
1528,-576452093941,1.59047813367899,2.636839923139995,0.017118074676454095,0.4354750892905841,0.05763015319706121,0.13532851923106942,0,8872413,0.013,0.12972331979999996,0.05872197329999994,0,-0.07594999999999988,-0.04911666666666614,0,0,284,-1
1529,-576452093931,1.5906718100669461,2.6416388198006544,0.018008699007953575,0.437029466286812,0.2207437931347346,0.177118198600223,0,8872424,0.011,0.18298180979999995,0.24363066329999997,0,-0.08469999999999986,0.2396333333333338,0,0,284,-1
1530,-576452093920,1.5908854675168567,2.6464572450198607,0.020747232091661058,0.43903200109220364,0.42133786314791943,0.21217261032763163,0,8872435,0.011,0.21709117979999998,0.4494837033,0,0.055300000000000155,0.08213333333333384,0,0,284,-1
1531,-576452093908,1.5911395611960217,2.651298937433816,0.02543625991144096,0.44129559007803476,0.4565159768971311,0.16663212559173735,0,8872446,0.011,0.16024222979999994,0.46145190329999997,0,-0.11969999999999983,0.06463333333333399,0,0,284,-1
1532,-576452093897,1.5914451317577067,2.6561621934618076,0.030195700097764518,0.44297571606631336,0.28661850883205775,0.06761814184410807,0,8872457,0.011,0.05372524979999997,0.26277978329999996,0,-0.16344999999999985,0.16088333333333393,0,0,284,-1
1533,-576452093884,1.5746584616471582,2.6771916154974797,0.023595356143585315,0.4565257897895558,0.10565237151527261,0.016089890885407312,0,8872469,0.012,0.008844499799999975,0.08026473329999995,0,-0.049699999999999855,0.1258833333333338,0,1,285,1
1535,-576452093861,1.5752204919924335,2.6876987808316293,0.024834910632784143,0.4572865450262418,-0.05350631622443232,0.13222766394202026,0,8872492,0.011,0.14588038979999998,-0.06395207670000007,0,0.04655000000000015,0.08213333333333384,0,0,285,-1
1536,-576452093849,1.5755145366772694,2.6931950799103195,0.024176674208877896,0.4587855520644617,-0.06319153077231326,0.07965285821885057,0,8872504,0.012,0.07227595979999997,-0.06455048670000008,0,-0.05844999999999986,0.1521333333333339,0,0,285,-1
1537,-576452093839,1.5757763838713377,2.6982459714302562,0.02344371582899526,0.45958293367785347,-0.08747346908251126,0.029102379930079726,0,8872515,0.011,0.02200951979999997,-0.09088052670000006,0,0.09905000000000015,-0.12786666666666613,0,0,285,-1
1538,-576452093826,1.576028360161601,2.7033026343675868,0.022394984057181332,0.45983100422598494,-0.14346379795036754,-0.017525569588823217,0,8872526,0.011,-0.02406805020000003,-0.15131993670000007,0,0.0028000000000001357,0.08213333333333384,0,0,285,-1
1539,-576452093815,1.586134407445559,2.714060936825735,0.026937644061826835,0.4649822673527551,-0.2778707546557548,-0.05789223902777105,0,8872537,0.011,-0.06356311020000004,-0.2967335667000001,0,0.011550000000000143,0.047133333333333916,0,1,286,2
1540,-576452093804,1.5864623763308154,2.7201008639381006,0.023485416847947447,0.46423672751651385,-0.1884075463006875,-0.05394411153826762,0,8872550,0.013,-0.05339014020000003,-0.17585474670000006,0,-0.02344999999999986,0.13463333333333383,0,0,286,-1
1541,-576452093792,1.586710681132255,2.7252040141787117,0.021597905091341678,0.4636176788213218,-0.07086955687783986,-0.0702511764044942,0,8872561,0.011,-0.07253926020000004,-0.05437751670000006,0,-0.06719999999999984,0.16963333333333397,0,0,286,-1
1542,-576452093781,1.5869458961853238,2.730299882596546,0.021089162216465323,0.4628905261740749,0.10417501513743105,-0.04077108348913225,0,8872572,0.011,-0.036634660200000044,0.12873594329999996,0,0.15155000000000016,0.18713333333333382,0,0,286,-1
1543,-576452093771,1.587184848583382,2.735389074041351,0.0223299162623998,0.462422528417118,0.16559685594545226,-0.05341173039496026,0,8872583,0.011,-0.05518537020000004,0.17421510329999992,0,-0.23344999999999985,0.05588333333333395,0,0,286,-1
1544,-576452093760,1.5874404814476866,2.7404720797754263,0.024149377252513562,0.46177670932540393,0.16423343780400237,-0.09117675768780911,0,8872594,0.011,-0.09647566020000005,0.16404213329999998,0,0.0028000000000001357,0.09088333333333387,0,0,286,-1
1545,-576452093748,1.5754137237292951,2.7566418511443276,0.018917537463939583,0.46990350850786206,0.08482203729091516,-0.06695229400891828,0,8872605,0.011,-0.06356311020000004,0.07368222329999995,0,0.055300000000000155,0.19588333333333385,0,1,287,1
1546,-576452093734,1.5756467416573556,2.7622752646008277,0.019923488639299543,0.4690175884527451,0.07767683408034175,-0.11645786372352224,0,8872617,0.012,-0.12340411020000007,0.07667427329999994,0,-0.03219999999999984,0.09088333333333387,0,0,287,-1
1547,-576452093724,1.5758702590354894,2.7674271615173844,0.020730760563594384,0.46770170303536646,0.047410110626565735,-0.13881748723159087,0,8872628,0.011,-0.14195482020000003,0.04316331329999994,0,0.06405000000000015,0.19588333333333385,0,0,287,-1
1548,-576452093715,1.5761010555333994,2.7725615870023486,0.021236785136036444,0.46590690464340345,0.037388543651918175,-0.31212138084320523,0,8872639,0.011,-0.3364380702000001,0.03598239329999994,0,0.06405000000000015,-0.11036666666666606,0,0,287,-1
1549,-576452093704,1.5763365204814728,2.7776684354395416,0.021591070108812085,0.4625807953601936,4.7056444256805136e-4,-0.24265950443639595,0,8872650,0.011,-0.2329131402,-0.004709486700000059,0,0.14280000000000015,0.029633333333333844,0,0,287,-1
1550,-576452093692,1.5765733508725066,2.782741357535838,0.02149689770500065,0.45979999677726774,-0.06389669983893742,-0.31492809859332194,0,8872661,0.011,-0.3250682802,-0.07292822670000004,0,0.12530000000000016,-0.04036666666666611,0,0,287,-1
1551,-576452093599,1.5901446236774015,2.7958109361108385,0.029197281661935987,0.46338913485264766,-0.06918796400556193,-0.24666890182847728,0,8872673,0.012,-0.2371020102,-0.06993617670000005,0,0.06405000000000015,-0.2853666666666661,0,1,288,2
1552,-576452093598,1.5904625280365878,2.800892186492961,0.028561975464398877,0.4605211895692325,0.011496360211708842,-0.3458585239137009,0,8872684,0.011,-0.3597760602,0.022817373299999943,0,0.04655000000000015,0.02088333333333381,0,0,288,-1
1553,-576452093598,1.590777898873452,2.8059365577555058,0.028758110303634402,0.45665490592716185,0.05658442732187563,-0.38587673763840435,0,8872695,0.011,-0.3914917902,0.06291084329999994,0,0.22155000000000016,0.02088333333333381,0,0,288,-1
1554,-576452093598,1.5911261959601688,2.811389063482656,0.029320420252777257,0.4520817769487967,-0.013435527174253642,-0.3514425802786981,0,8872707,0.012,-0.34661104020000005,-0.023260196700000065,0,0.10780000000000015,0.012133333333333995,0,0,288,-1
1555,-576452093596,1.591447734275129,2.816340471221635,0.02914856790650618,0.44818407016145645,-0.028873401180710627,-0.371870078424194,0,8872718,0.011,-0.3747363102,-0.031039526700000066,0,0.04655000000000015,0.10838333333333394,0,0,288,-1
1556,-576452093595,1.5917656367087112,2.821247872797966,0.028691787148648406,0.44407582912606525,-0.11893556605843869,-0.38330484095445083,0,8872729,0.011,-0.38490928020000004,-0.1315724067000001,0,0.16030000000000016,0.178383333333334,0,0,288,-1
1557,-576452093595,1.592073381971593,2.826109535927655,0.027288621378664595,0.43986216439621595,-0.18039609142173968,-0.3815631947940667,0,8872740,0.011,-0.3813188202,-0.18901976670000006,0,-0.11969999999999983,0.18713333333333382,0,0,288,-1
1558,-576452093594,1.592362492148781,2.830924304154385,0.02528287213186871,0.4355753927726491,-0.19425597310782963,-0.4395991628568263,0,8872751,0.011,-0.44774233020000004,-0.19620068670000007,0,0.17780000000000015,-0.07536666666666614,0,0,288,-1
1559,-576452093589,1.5926517545086705,2.836119815638248,0.022932342231361494,0.4303346524831765,-0.20593216229505532,-0.4189271416054529,0,8872763,0.012,-0.41602660020000004,-0.2075704767000001,0,0.09905000000000015,0.0733833333333338,0,0,288,-1
1560,-576452093578,1.585919116149106,2.84764896662633,0.016591463101770034,0.43046293862920193,-0.19949867829123774,-0.48827225991690437,0,8872775,0.012,-0.49800877020000006,-0.19859432670000007,0,-0.12844999999999987,0.02088333333333381,0,1,289,1
1561,-576452093566,1.5861050601998266,2.852780301835074,0.014353426194883253,0.4247271063485582,-0.10686958876077095,-0.4149454698422064,0,8872787,0.012,-0.4046568102,-0.09387257670000006,0,-0.04094999999999985,0.0996333333333339,0,0,289,-1
1562,-576452093556,1.5862575797832745,2.8574277601948204,0.01332914694927184,0.4202406692626322,-0.009933135417648453,-0.3649901782430867,0,8872798,0.011,-0.35798083020000004,0.0036682532999999466,0,-0.07594999999999988,0.2046333333333339,0,0,289,-1
1563,-576452093543,1.598063923296383,2.868849535603273,0.020707434094825675,0.4221167091924928,0.08124030995822205,-0.32472463992975065,0,8872810,0.012,-0.3190841802,0.09402816329999994,0,0.08155000000000015,0.3446333333333338,0,1,290,2
1564,-576452093533,1.5982974665868994,2.873472972280087,0.021719174558786414,0.4185172700002356,0.15700225163547524,-0.34234364490809566,0,8872821,0.011,-0.3448158102,0.16763259329999997,0,0.16030000000000016,-0.005366666666666076,0,0,290,-1
1565,-576452093522,1.5985456617467781,2.878056293749127,0.02341600245221616,0.4148000404391339,0.13746181002357558,-0.31092587381122194,0,8872832,0.011,-0.30651757020000003,0.13472004329999995,0,0.09905000000000015,-0.022866666666666147,0,0,290,-1
1566,-576452093510,1.5988107686347335,2.8826004338001585,0.02481662980994957,0.4114012150816214,0.06526203826864611,-0.29708923283222816,0,8872843,0.011,-0.29514778020000004,0.05513151329999994,0,-0.07594999999999988,-0.005366666666666076,0,0,290,-1
1567,-576452093498,1.599087574766417,2.887108559338777,0.025516750204884666,0.40823062848293845,0.053754161396122956,-0.233987734388476,0,8872854,0.011,-0.2251338102,0.05213946329999994,0,-0.12844999999999987,0.00338333333333396,0,0,290,-1
1568,-576452093488,1.5876593434424842,2.9019000751335366,0.01963225867465754,0.41433689366848375,0.06230676683249377,-0.13490331061789895,0,8872865,0.011,-0.12101047020000005,0.06350925329999994,0,-0.18094999999999986,0.05588333333333395,0,1,291,1
1569,-576452093478,1.5878986442768408,2.906862222784849,0.02027675333305024,0.41269375603232783,3.8802240567206714e-4,-0.14948358637034417,0,8872877,0.012,-0.1515293802,-0.00829994670000006,0,-0.14594999999999983,-0.04911666666666614,0,0,291,-1
1570,-576452093462,1.5881422691683964,2.911801950745501,0.02031801405006409,0.41065955219328487,0.02215661001154027,-0.2924427267210818,0,8872889,0.012,-0.3125016702,0.02521101329999994,0,-0.40844999999999987,0.0733833333333338,0,0,291,-1
1571,-576452093455,1.588367641986954,2.9163008340025325,0.020635521479369888,0.4073489034927906,0.06944124198236432,-0.35254042630937105,0,8872900,0.011,-0.36097288020000007,0.07607586329999995,0,-0.26844999999999986,-0.005366666666666076,0,0,291,-1
1572,-576452093443,1.5885993744381066,2.9207606357007254,0.021475685262514532,0.4035122486203733,0.11881600116705501,-0.3258247688500173,0,8872911,0.011,-0.32207623020000004,0.12574389329999996,0,0.14280000000000015,0.012133333333333995,0,0,291,-1
1573,-576452093432,1.5888430956283397,2.9251796623490893,0.02282525380260564,0.3999429718808076,0.14640730112822078,-0.3162401511413552,0,8872922,0.011,-0.3148953102,0.15027870329999996,0,0.055300000000000155,0.047133333333333916,0,0,291,-1
1574,-576452093421,1.5891027998002336,2.9295605886266514,0.024402905325238273,0.3965617278170645,0.12513780750242737,-0.25313707566565147,0,8872933,0.011,-0.24428293020000003,0.12215343329999993,0,-0.05844999999999986,-0.03161666666666607,0,0,291,-1
1575,-576452093409,1.5977389434031162,2.9388295854734228,0.031039193518961193,0.3978521211454961,0.08264056993392378,-0.30624078387226006,0,8872945,0.012,-0.3136984902,0.07667427329999994,0,-0.05844999999999986,-0.07536666666666614,0,1,292,2
1576,-576452093397,1.5981165827326873,2.94358143594752,0.03192678327131522,0.39413358985794983,0.020732468993087852,-0.3321975968561547,0,8872957,0.012,-0.33583966020000006,0.012045993299999936,0,0.07280000000000016,0.012133333333333995,0,0,292,-1
1577,-576452093385,1.5984672569113436,2.9478971044776614,0.031909572818991996,0.3905202907611864,-0.13644667065419497,-0.30600398882886953,0,8872968,0.011,-0.3023287002,-0.15850085670000005,0,-0.08469999999999986,-0.08411666666666606,0,0,292,-1
1578,-576452093373,1.59883844495392,2.9525611652794845,0.030019282953182586,0.3868282276952035,-0.2880310105655164,-0.31799947452762867,0,8872980,0.012,-0.3196825902,-0.3093001767000001,0,-0.09344999999999984,-0.16286666666666616,0,0,292,-1
1579,-576452093363,1.5991511866763763,2.9567968903639295,0.02684477152289076,0.3833099357173156,-0.291989299575178,-0.33102058642925086,0,8872991,0.011,-0.33284761020000003,-0.29254469670000005,0,2.19905,-0.022866666666666147,0,0,292,-1
1580,-576452093351,1.5994296121008245,2.9609934964703863,0.023745670221185126,0.3797002934123496,-0.21900754374901027,-0.3105821559219834,0,8873002,0.011,-0.3077143902,-0.20876729670000008,0,-0.22469999999999987,0.047133333333333916,0,0,292,-1
1581,-576452093339,1.5933789628366486,2.9710751278382834,0.017751575074562237,0.38051728988701283,-0.1491544536851786,-0.36631220153133853,0,8873014,0.012,-0.3741379002,-0.1393517367000001,0,-0.049699999999999855,0.1521333333333339,0,1,293,1
1582,-576452093328,1.5935657025480592,2.9752387158399034,0.016179892553817535,0.37649597248710753,-0.10487308312939483,-0.3611050923147207,0,8873025,0.011,-0.3603744702000001,-0.09865985670000009,0,0.0028000000000001357,-0.04036666666666611,0,0,293,-1
1583,-576452093317,1.5937379411564037,2.9793583950056886,0.015111747720712877,0.3725337270726571,-0.04957054049605154,-0.35469182173864733,0,8873036,0.011,-0.35379196020000003,-0.04181090670000007,0,-0.014699999999999852,0.00338333333333396,0,0,293,-1
1584,-576452093305,1.5939160864815356,2.9838037958792554,0.014566727763393331,0.36834871264960467,-0.019675510777664433,-0.3119205070330319,0,8873048,0.012,-0.3059191602,-0.01548086670000006,0,0.02905000000000016,-0.10161666666666613,0,0,293,-1
1585,-576452093293,1.5940898821956007,2.9882012119999044,0.014384462224600068,0.36456509732453535,0.01234096410894392,-0.3360451351561412,0,8873060,0.012,-0.3394301202000001,0.01683327329999994,0,0.055300000000000155,0.029633333333333844,0,0,293,-1
1586,-576452093282,1.5981667459448088,2.9942620786089855,0.016936511995530958,0.3627748917496822,0.007360545565006215,-0.4203516128886928,0,8873071,0.011,-0.4321836702000001,0.006660303299999944,0,0.07280000000000016,0.047133333333333916,0,1,294,2
1587,-576452093271,1.598370755721256,2.9985843425711023,0.017055344119681525,0.3576275534454795,0.02563844669241627,-0.48215593584685734,0,8873083,0.012,-0.4908278502,0.02820306329999994,0,0.15155000000000016,-0.10161666666666613,0,0,294,-1
1588,-576452093259,1.5985598895728403,3.0024884003826853,0.01733351163480816,0.35223018023711733,0.023164498909627036,-0.5422385175381254,0,8873094,0.011,-0.5506688502,0.022817373299999943,0,0.02030000000000015,-0.05786666666666607,0,0,294,-1
1589,-576452093248,1.598751606202689,3.0063302182883334,0.017538382483874227,0.3462784605616929,-0.009151325106969869,-0.5338882030630205,0,8873105,0.011,-0.5327165502,-0.013685636700000052,0,0.06405000000000015,-0.18036666666666612,0,0,294,-1
1590,-576452093237,1.5989434974810244,3.0101071864600306,0.01737001340583453,0.3404348192390157,-0.05301077147593232,-0.515018293014698,0,8873116,0.011,-0.5123706102000001,-0.059164796700000064,0,-0.04094999999999985,0.047133333333333916,0,0,294,-1
1591,-576452093226,1.59913028046868,3.0138208475232093,0.01663357955443161,0.3347748217286513,-0.15234268513889154,-0.5116468460895846,0,8873127,0.011,-0.5111737902000001,-0.16628018670000008,0,0.15155000000000016,-0.10161666666666613,0,0,294,-1
1592,-576452093215,1.5908636336416206,3.0247353778445607,0.010213009443574332,0.33531044080042943,-0.22439129821254938,-0.4792143216482318,0,8873138,0.011,-0.47467078020000003,-0.23449892670000008,0,-0.11969999999999983,0.012133333333333995,0,1,295,1
1593,-576452093203,1.5909695635311802,3.0287245244725054,0.007457443317989894,0.3295498924161097,-0.2621179576715542,-0.4852006183943684,0,8873150,0.012,-0.4860405702000001,-0.2674114767000001,0,0.011550000000000143,-0.15411666666666612,0,0,295,-1
1594,-576452093192,1.5910397513436172,3.0326416673323333,0.0042565648788609025,0.32339708549126694,-0.29509809385651914,-0.6816791247585215,0,8873162,0.012,-0.7092475002000002,-0.2997256167000001,0,0.13405000000000014,-0.13661666666666616,0,0,295,-1
1595,-576452093181,1.5910688576617988,3.0361562515683933,0.0010295385367073146,0.31568564890926404,-0.28288811800550323,-0.818157612759731,0,8873173,0.011,-0.8373072402000001,-0.28117490670000006,0,0.07280000000000016,0.00338333333333396,0,0,295,-1
1596,-576452093168,1.5910646008937672,3.039578542630231,-0.0018657893577229633,0.30657966586136515,-0.14284452295171957,-0.8869038754575732,0,8873184,0.011,-0.8965498302,-0.12319466670000005,0,-0.06719999999999984,-0.1191166666666661,0,0,295,-1
1597,-576452093159,1.5910370333499622,3.042897660379971,-0.003210384588765501,0.29688033326758845,0.004007447407430559,-0.8502320788631801,0,8873195,0.011,-0.8450865702,0.024612603299999945,0,0.07280000000000016,-0.16286666666666616,0,0,295,-1
1598,-576452093147,1.5965311725509375,3.0490121465662092,4.765421178369849e-4,0.2905582278694801,0.16901647420105695,-0.7470582653996534,0,8873206,0.011,-0.7325854902000001,0.19216740329999996,0,-0.02344999999999986,0.16963333333333397,0,1,296,2
1599,-576452093136,1.5965501234399309,3.05244710863012,0.0026531082835090205,0.28187089373068497,0.25806456048219834,-0.580606597204571,0,8873218,0.012,-0.5572513602,0.2705591133,0,-0.11969999999999983,0.283383333333334,0,0,296,-1
1600,-576452093125,1.5965945235647971,3.0555132511073597,0.005436919504407312,0.2755799391218736,0.22284129504556127,-0.5191925359820615,0,8873229,0.011,-0.5105753802,0.21789903329999996,0,-0.06719999999999984,0.13463333333333383,0,0,296,-1
1601,-576452093113,1.596666358338428,3.0585131356342856,0.007682796534924429,0.26985698173032524,0.08993674310876698,-0.5268542381928103,0,8873240,0.011,-0.5279292702,0.07128858329999994,0,0.13405000000000014,0.06463333333333399,0,0,296,-1
1602,-576452093103,1.5967545963138832,3.061447918731719,0.008428944633390285,0.2638106250047794,-0.06758188605702772,-0.6894283785311471,0,8873251,0.011,-0.7122395502000001,-0.08968370670000009,0,-0.06719999999999984,0.047133333333333916,0,0,296,-1
1603,-576452093092,1.5968427585062193,3.064308004687445,0.007619179180455089,0.25620980645948493,-0.11057911174893194,-0.7005114829556047,0,8873262,0.011,-0.7020665802000002,-0.11661215670000007,0,0.09905000000000015,-0.0666166666666661,0,0,296,-1
1604,-576452093078,1.5993559555134609,3.065017441630657,0.00771866385641433,0.24681396602313696,-0.12111716106356717,-0.6598948436330712,0,8873273,0.011,-0.6541937802000002,-0.12259625670000006,0,-0.18094999999999986,-0.07536666666666614,0,1,297,1
1605,-576452093068,1.5994410239285441,3.067933580977875,0.006417029783240895,0.23915015736295375,-0.03005346465712322,-0.5069081008793201,0,8873285,0.012,-0.4854421602000001,-0.017276096700000052,0,-0.10219999999999987,-0.0666166666666661,0,0,297,-1
1606,-576452093058,1.5995104037811703,3.070534288016289,0.006170974801814116,0.23367466468928494,0.024183415227166008,-0.4424278679639103,0,8873296,0.011,-0.4333804902,0.03179352329999994,0,-0.03219999999999984,0.00338333333333396,0,0,297,-1
1607,-576452093046,1.5995800901612303,3.0730774783951187,0.006485419243787863,0.22874236879818943,0.055521649669553245,-0.4848723605681456,0,8873307,0.011,-0.4908278502,0.059918793299999946,0,-0.24219999999999983,-0.005366666666666076,0,0,297,-1
1608,-576452093035,1.5996549963422204,3.0755629394869453,0.007125602211930687,0.22321439222694892,0.07459627621711372,-0.6107938068683575,0,8873318,0.011,-0.6284621502000002,0.07727268329999994,0,0.12530000000000016,-0.022866666666666147,0,0,297,-1
1609,-576452093024,1.5997382874287376,3.077980297630365,0.00800243227613703,0.2163470092620457,0.11105387872784936,-0.7071038014320639,0,8873329,0.011,-0.7206172902000001,0.11616933329999994,0,0.02905000000000016,0.16963333333333397,0,0,297,-1
1610,-576452093014,1.5940009561623756,3.0771353478363834,0.005623573955709402,0.20632394331749412,0.14230206062051606,-0.6990159231000814,0,8873339,0.01,-0.6978777102000001,0.14668824329999994,0,-0.17219999999999988,0.30963333333333387,0,1,298,2
1611,-576452093003,1.5940708083205557,3.0793637713990583,0.007101731546342579,0.19880310452647448,0.08527437595527258,-0.5888640995440517,0,8873350,0.011,-0.5734084302,0.07727268329999994,0,-0.10219999999999987,0.05588333333333395,0,0,298,-1
1612,-576452092992,1.5941537399195131,3.081516955558409,0.007990907624821797,0.19260779310972692,0.05359274037622921,-0.40580716269267425,0,8873361,0.011,-0.38012200020000003,0.04914741329999994,0,-0.10219999999999987,0.11713333333333398,0,0,298,-1
1613,-576452092979,1.5942446969652304,3.083612856103099,0.008554165535196381,0.18839490163795286,0.03657496816558614,-0.24316696985511385,0,8873372,0.011,-0.22034653020000003,0.03418716329999994,0,0.16030000000000016,0.02088333333333381,0,0,298,-1
1614,-576452092971,1.5943398876502293,3.0856704207525554,0.008797748754096587,0.18571045507608702,-0.06627625262580433,-0.24939338657832985,0,8873383,0.011,-0.2502670302,-0.08070755670000007,0,0.07280000000000016,-0.005366666666666076,0,0,298,-1
1615,-576452092959,1.594431340419866,3.087696741462697,0.007882325481331496,0.18276750547863457,-0.18703593322470358,-0.3787299530760678,0,8873394,0.011,-0.3968774802,-0.20398001670000007,0,0.13405000000000014,0.029633333333333844,0,0,298,-1
1616,-576452092947,1.5872086920334525,3.095948592255686,0.0016715693386543636,0.18315398423285337,-0.1803806391301556,-0.5337043509668037,0,8873406,0.012,-0.5554561302000001,-0.17944520670000008,0,-0.26844999999999986,0.00338333333333396,0,1,299,1
1617,-576452092937,1.587217785459355,3.09793164410665,-8.886534976917013e-5,0.17737373380030053,-0.0368209014462145,-0.47563737792733446,0,8873417,0.011,-0.46748986020000005,-0.016677686700000048,0,-0.10219999999999987,-0.005366666666666076,0,0,299,-1
1618,-576452092925,1.5872154863234589,3.099854607207342,-3.6604112416443275e-4,0.1722306130009,0.045916121129151444,-0.4181137761831826,0,8873428,0.011,-0.41004250020000005,0.057525153299999944,0,-0.014699999999999852,0.11713333333333398,0,0,299,-1
1619,-576452092914,1.5872145546325218,3.1017252609295234,1.8391477137453781e-4,0.16783184628067502,0.07498867307243542,-0.2882377765014297,0,8873439,0.011,-0.27001456020000003,0.07906791329999995,0,0.011550000000000143,0.06463333333333399,0,0,299,-1
1622,-576452092878,1.5872391024672612,3.1071059366010445,1.267386365465172e-4,0.1580989412235504,-0.15116492359644873,-0.32417775061391985,0,8873472,0.011,-0.3262651002,-0.16029608670000006,0,-0.014699999999999852,-0.19786666666666608,0,0,299,-1
1623,-576452092861,1.5914285872225828,3.1109766601934465,9.240002262764064e-4,0.15664213990157969,-0.19118274633672325,-0.34857123870880025,0,8873483,0.011,-0.35199673020000005,-0.19679909670000004,0,0.21280000000000016,0.012133333333333995,0,1,300,2
1624,-576452092858,1.5914251502259191,3.1128298284992066,-0.001476327491578486,0.1522645230104547,-0.25488306990546505,-0.46545189239040924,0,8873495,0.012,-0.4818517002,-0.26382101670000013,0,-0.06719999999999984,0.029633333333333844,0,0,300,-1
1625,-576452092848,1.591393545631389,3.114475786996164,-0.004272626709971296,0.14703462203677214,-0.2501265723943096,-0.5359849113551117,0,8873506,0.011,-0.5458815701999999,-0.24945917670000006,0,-0.15469999999999987,-0.15411666666666612,0,0,300,-1
1626,-576452092836,1.591332338757148,3.11606026131665,-0.006893364481498422,0.14107104366149006,-0.16557694048043797,-0.5798238872392703,0,8873517,0.011,-0.5859750402,-0.15371357670000005,0,-0.04094999999999985,0.06463333333333399,0,0,300,-1
1627,-576452092826,1.5912476353504292,3.1175783722950845,-0.008552836648790798,0.13489284465665535,-0.060713430015556846,-0.4503504078969914,0,8873528,0.011,-0.4321836702000001,-0.04599977670000007,0,0.16905000000000014,0.029633333333333844,0,0,300,-1
1628,-576452092814,1.588021639518767,3.121722554731792,-0.01077726281921892,0.13184594303094566,0.05714460117632234,-0.3478282283388579,0,8873540,0.012,-0.3334460202000001,0.07368222329999995,0,0.14280000000000015,0.08213333333333384,0,1,301,1
1629,-576452092803,1.5879067765260473,3.123152199470037,-0.010117885305858132,0.12807383687179963,0.07689508503928966,-0.31317506898078273,0,8873551,0.011,-0.3083128002,0.07966632329999994,0,0.14280000000000015,0.047133333333333916,0,0,301,-1
1630,-576452092792,1.5877997274841258,3.124541767356942,-0.009329104605835406,0.12458684435448526,0.03996703719687517,-0.34039772355583925,0,8873562,0.011,-0.3442174002,0.03478557329999994,0,-0.04094999999999985,0.0996333333333339,0,0,301,-1
1632,-576452092767,1.587592207689355,3.1273119865390764,-0.008898312357404141,0.11603043439295069,0.009546580588079548,-0.3866890993240109,0,8873585,0.011,-0.38490928020000004,0.010849173299999938,0,-0.05844999999999986,0.13463333333333383,0,0,301,-1
1633,-576452092673,1.5874956165153427,3.1285663899924665,-0.00869260007922461,0.11198362308918802,0.07471171530439591,-0.2528844191792995,0,8873596,0.011,-0.2341099602,0.08385519329999994,0,0.06405000000000015,0.08213333333333384,0,0,301,-1
1634,-576452092672,1.58740349739793,3.1297835406245715,-0.008015549184290779,0.10929130627586682,-0.019076670911128524,-0.1949627061434264,0,8873607,0.011,-0.18683557020000002,-0.03223634670000006,0,-0.06719999999999984,-0.04036666666666611,0,0,301,-1
1635,-576452092672,1.5873145431431137,3.1309737476591177,-0.008172736939277314,0.10711802817043611,0.015038535940188176,-0.21354967723596027,0,8873618,0.011,-0.21615766020000007,0.01982532329999994,0,0.055300000000000155,0.09088333333333387,0,0,301,-1
1636,-576452092672,1.5872252276768362,3.1321382912357913,-0.008053481558831078,0.10465043711442382,-0.014874198438532656,-0.2903551220775898,0,8873629,0.011,-0.30113188020000003,-0.01907132670000006,0,0.055300000000000155,0.047133333333333916,0,0,301,-1
1637,-576452092671,1.58713592196948,3.1332720905900318,-0.008191190178684821,0.10148649203610431,0.0019114309556461859,-0.2709430807662052,0,8873640,0.011,-0.26821933020000005,0.00426666329999995,0,0.02905000000000016,0.00338333333333396,0,0,301,-1
1638,-576452092671,1.5870461794639494,3.134372577944615,-0.008135388124386179,0.0985810813206348,0.02444317033634243,-0.22237408387288224,0,8873651,0.011,-0.21555925020000002,0.02760465329999994,0,-0.09344999999999984,-0.014116666666666111,0,0,301,-1
1639,-576452092670,1.5869582276707184,3.135443837896607,-0.007858184315375372,0.09618063863681904,0.02983952736581108,-0.19278282189038654,0,8873662,0.011,-0.18863080020000003,0.03059670329999994,0,-0.005949999999999844,0.02088333333333381,0,0,301,-1
1640,-576452092670,1.5868734118912808,3.1364900014722576,-0.007555653354876847,0.09403729882922958,0.013185886073829173,-0.20750889867422934,0,8873673,0.011,-0.20957515020000003,0.010849173299999938,0,0.11655000000000015,0.1521333333333339,0,0,301,-1
1641,-576452092669,1.5867907442890905,3.1375108793484974,-0.007460749102068769,0.09161583087828142,-0.01930037997264946,-0.2974834787888353,0,8873684,0.011,-0.31010803020000005,-0.023858606700000066,0,0.11655000000000015,0.029633333333333844,0,0,301,-1
1642,-576452092656,1.586976431034562,3.1383365429117487,-0.007528023574909109,0.08783346714031452,-0.009653466754513734,-0.2949106388575415,0,8873696,0.012,-0.29454937020000005,-0.00829994670000006,0,0.10780000000000015,0.1258833333333338,0,1,303,1
1643,-576452092645,1.5868855643567152,3.1393700843155132,-0.007624211855035396,0.08439742844723187,0.002029050928822296,-0.23371966417116927,0,8873708,0.012,-0.2251338102,0.0036682532999999466,0,0.08155000000000015,0.00338333333333396,0,0,303,-1
1644,-576452092634,1.5868017756812867,3.1402857379552516,-0.007608654814337724,0.08202332596925276,-0.002305995788095906,-0.10759062183470502,0,8873719,0.011,-0.08989315020000004,-0.002914256700000068,0,-0.005949999999999844,-0.005366666666666076,0,0,303,-1
1645,-576452092623,1.5867178489225304,3.1411813737390823,-0.007647011070223158,0.08082407366066796,-0.010711070320601286,-0.11778486169673776,0,8873730,0.011,-0.11921524020000003,-0.01189040670000006,0,0.24780000000000016,-0.07536666666666614,0,0,303,-1
1646,-576452092611,1.5866792743113867,3.142168714666754,-0.007786712594244784,0.07938284825987657,-0.03640980832429221,-0.15000106326423013,0,8873742,0.012,-0.15452143020000003,-0.04001567670000006,0,-0.05844999999999986,0.13463333333333383,0,1,304,2
1648,-576452092575,1.5864979679606335,3.143872683314222,-0.00875899477881162,0.07521162714539938,-0.04243122984993253,-0.23672005004110816,0,8873764,0.011,-0.2394956502,-0.041212496700000066,0,0.03780000000000014,-0.022866666666666147,0,0,304,-1
1649,-576452092469,1.5863995314530241,3.144686256872478,-0.00915766204924136,0.07268819745406042,0.0016692746283502868,-0.1845772875813934,0,8873775,0.011,-0.17726101020000004,0.007857123299999942,0,0.19530000000000014,-0.014116666666666111,0,0,304,-1
1650,-576452092469,1.5862990940790236,3.1454749352749936,-0.009111485098363972,0.07069690930564113,0.01969037853265708,-0.15926927831963483,0,8873786,0.011,-0.1557182502,0.022218963299999943,0,0.20405000000000015,0.16088333333333393,0,0,304,-1
1651,-576452092468,1.5861912736466686,3.1463124458092957,-0.008861885325393223,0.06886782659845152,0.02768037721866106,-0.1099747981848736,0,8873798,0.012,-0.10305817020000003,0.02880147329999994,0,0.19530000000000014,0.08213333333333384,0,0,304,-1
1652,-576452092468,1.5860957262471747,3.14706304692066,-0.00852151680618025,0.06761766518477777,0.050704169238004554,-0.1359206542494806,0,8873809,0.011,-0.13956118020000002,0.05393469329999995,0,0.07280000000000016,-0.0666166666666661,0,0,304,-1
1653,-576452092468,1.5860051857133335,3.1477990020821975,-0.00794560713672812,0.06617680299487308,0.06245839885342518,-0.10080448501751632,0,8873820,0.011,-0.09587725020000004,0.06410766329999995,0,-0.19844999999999988,0.16088333333333393,0,0,304,-1
1654,-576452092467,1.5859211616439575,3.1485208838420107,-0.007315467996882893,0.06507300360393585,0.02559598757192854,-0.09753308786368149,0,8873831,0.011,-0.09707407020000004,0.020423733299999934,0,-0.08469999999999986,-0.04911666666666614,0,0,304,-1
1655,-576452092467,1.5858419739180967,3.1492312640837,-0.007071692074192824,0.06406798888248215,0.0011186305855836222,-0.053574040658767065,0,8873842,0.011,-0.04740604020000004,-0.002315846700000065,0,0.19530000000000014,0.14338333333333386,0,0,304,-1
1656,-576452092467,1.5857648649076046,3.1499320137163487,-0.006972510051322968,0.06337119837046863,0.05740658411301647,-0.12320814082981729,0,8873853,0.011,-0.13297867020000004,0.06530448329999995,0,0.3003000000000001,-0.03161666666666607,0,0,304,-1
1657,-576452092466,1.5856916244109864,3.150621834905006,-0.006343307022106148,0.062043182234617515,0.05593623197258062,-0.1055375707209069,0,8873864,0.011,-0.10305817020000003,0.05572992329999994,0,0.23030000000000014,0.16963333333333397,0,0,304,-1
1658,-576452092466,1.5856251560451493,3.1512986217028565,-0.005738817199360631,0.06098120021024471,0.04893320498953123,-0.04143954021715278,0,8873875,0.011,-0.03244579020000002,0.04795059329999994,0,0.12530000000000016,-0.07536666666666614,0,0,304,-1
1659,-576452092464,1.5855649173932316,3.1519670563083118,-0.005210791494591772,0.0605464480609175,0.0422989514884623,-0.027779897743013274,0,8873886,0.011,-0.02586328020000004,0.04136808329999995,0,0.23905000000000015,0.047133333333333916,0,0,304,-1
1660,-576452092454,1.5845029915115643,3.1521396474098045,-0.005243197123542758,0.05950928155978191,0.06457254942847464,-0.1342037954818455,0,8873898,0.012,-0.14913574020000003,0.06769812329999994,0,-0.05844999999999986,0.08213333333333384,0,1,306,2
1661,-576452092442,1.5844399981981776,3.15290271719271,-0.004437644518337359,0.057863162975819234,0.04579766310501626,-0.07960214072100094,0,8873911,0.013,-0.07194085020000002,0.04316331329999994,0,-0.05844999999999986,0.2046333333333339,0,0,306,-1
1662,-576452092432,1.5843935210377973,3.1535352703897153,-0.003992082086807672,0.05710561175202342,0.008852165601157702,-0.004662511246072143,0,8873922,0.011,0.005852449799999977,0.0036682532999999466,0,0.03780000000000014,-0.04036666666666611,0,0,306,-1
1663,-576452092420,1.5801994632738758,3.1575257634183873,-0.006121277212187284,0.05989223230393092,-0.004090891145698805,0.004036329103686405,0,8873933,0.011,0.005254039799999974,-0.005906306700000065,0,-0.17219999999999988,0.029633333333333844,0,1,307,1
1664,-576452092408,1.58012570416475,3.15824494792855,-0.006172144824281928,0.0599660648683979,-0.0051581473895856945,0.019273189050308052,0,8873945,0.012,0.021411109799999967,-0.005307896700000063,0,-0.04094999999999985,0.283383333333334,0,0,307,-1
1665,-576452092396,1.580051258411852,3.1589658514217103,-0.006235146047292336,0.0601872585349835,-0.005814247678275749,0.013276385798916327,0,8873957,0.012,0.012434959799999975,-0.005906306700000065,0,0.14280000000000015,0.02088333333333381,0,0,307,-1
1666,-576452092385,1.5799822361370914,3.1596288247375695,-0.006310693148538411,0.06034852505617278,-0.013241860361754742,0.0230340397272651,0,8873968,0.011,0.024403159799999963,-0.014284046700000054,0,0.14280000000000015,-0.03161666666666607,0,0,307,-1
1667,-576452092375,1.5799119270043138,3.1602952888249476,-0.006469120940701059,0.06077651063904762,-0.021502689711769784,0.13601224411253807,0,8873979,0.011,0.15186448979999997,-0.02266178670000006,0,0.02030000000000015,0.08213333333333384,0,0,307,-1
1668,-576452092363,1.5798395460785557,3.160971896357676,-0.00669425812249842,0.062249549993728566,-0.014122727136123704,0.1210511650632241,0,8873990,0.011,0.11895193979999998,-0.013087226700000065,0,-0.11094999999999985,0.178383333333334,0,0,307,-1
1669,-576452092351,1.5685416256105227,3.1559904520650686,-0.013254973573582615,0.0582293926714529,-0.011643516475936111,0.12707516087554832,0,8874002,0.012,0.12792808979999998,-0.011291996700000057,0,-0.22469999999999987,0.012133333333333995,0,1,308,2
1670,-576452092339,1.568381197495643,3.1566975135786697,-0.01346740859860659,0.05964260749860325,-0.054891760725650274,0.060651653162865,0,8874014,0.012,0.051331609799999976,-0.06096002670000007,0,-0.04094999999999985,0.2396333333333338,0,0,308,-1
1671,-576452092328,1.5682297426819456,3.1573564725985777,-0.014070512831323823,0.06020203253244434,-0.05444079306542391,-0.008395742729196742,0,8874025,0.011,-0.018083950200000035,-0.05437751670000006,0,0.17780000000000015,0.11713333333333398,0,0,308,-1
1672,-576452092317,1.5680716166442337,3.1580179446983334,-0.014677386314503755,0.06007546092977197,-0.05963307503244827,-0.030536050021408523,0,8874036,0.011,-0.03364261020000003,-0.06036161670000007,0,0.03780000000000014,0.230883333333334,0,0,308,-1
1673,-576452092264,1.567891297841479,3.158737030483464,-0.01537917874540285,0.05975959168878426,-0.05135075859372602,-1.9939043486317393e-4,0,8874048,0.012,0.004057219799999968,-0.050188646700000054,0,0.16905000000000014,0.11713333333333398,0,0,308,-1
1674,-576452092264,1.5677033604187651,3.1594540037957395,0.0,0.0,0.0,0.0,1,8874060,0.012,-0.011501440200000022,-0.023858606700000066,0,-0.02344999999999986,0.14338333333333386,0,0,308,-1
1675,-576452092263,1.5677034620225179,3.1594537711692143,0.0,0.0,0.0,0.0,1,8874071,0.011,-0.023469640200000027,0.010250763299999936,0,0.06405000000000015,0.09088333333333387,0,0,308,-1
1676,-576452092263,1.5677035431972102,3.1594535228769876,0.0,0.0,0.0,0.0,1,8874082,0.011,-0.02586328020000004,0.008455533299999936,0,0.0028000000000001357,-0.07536666666666614,0,0,308,-1
1677,-576452092162,1.5677038123710676,3.1594530133142666,0.0,0.0,0.0,0.0,1,8874093,0.011,-0.05339014020000003,0.02820306329999994,0,0.0028000000000001357,0.178383333333334,0,0,308,-1
1678,-576452092161,1.5687694042245448,3.1586075391516983,6.619280550179476e-4,-8.154661272217981e-4,0.06304165319998298,-0.06886196523185667,0,8874105,0.012,-0.07852336020000003,0.07188699329999994,0,0.25655000000000017,-0.014116666666666111,0,1,309,1
1679,-576452092161,1.5687821106774602,3.158592431694473,0.0014491164328879211,-0.0016904674334681854,0.08129414231298487,-0.09780086327426753,0,8874117,0.012,-0.10186135020000003,0.08385519329999994,0,0.09905000000000015,0.2396333333333338,0,0,309,-1
1680,-576452092160,1.5688030672527575,3.1585683645624956,0.002356683974337581,-0.002704685896617984,0.08983738957064348,-0.058329984822815886,0,8874128,0.011,-0.05279173020000003,0.09103611329999994,0,0.13405000000000014,0.11713333333333398,0,0,309,-1
1681,-576452092160,1.568833725469827,3.1585357975707384,0.0032459489086790584,-0.0032455379530299346,0.025816236463327494,0.006876184183683284,0,8874139,0.011,0.016025419799999965,0.01683327329999994,0,-0.10219999999999987,0.09088333333333387,0,0,309,-1
1682,-576452092160,1.5688709070567315,3.1585005143134004,0.0035177668541575154,-0.0031696656136972765,0.017938603126807902,0.00702797207331137,0,8874150,0.011,0.007049269799999965,0.01683327329999994,0,0.04655000000000015,-0.03161666666666607,0,0,309,-1
1683,-576452092159,1.5689105745323522,3.1584660277401353,0.0036990157839520495,-0.0030988089096759277,0.0075232909899634395,0.002848431296524778,0,8874161,0.011,0.0022619897999999593,0.006061893299999941,0,-0.07594999999999988,0.1258833333333338,0,0,309,-1
1684,-576452092159,1.5689515680115613,3.1584321931569037,0.0037603548483931015,-0.0030561204912629156,-0.006352939208442026,0.010205808387913849,0,8874172,0.011,0.011238139799999968,-0.00829994670000006,0,-0.04094999999999985,0.05588333333333395,0,0,309,-1
1685,-576452092158,1.5689924377215243,3.1583991403704355,0.0,0.0,0.0,0.0,1,8874183,0.011,0.004655629799999971,-0.017874506700000056,0,-0.07594999999999988,0.09088333333333387,0,0,309,-1
1686,-576452092158,1.5689923015453782,3.1583992760331405,0.0,0.0,0.0,0.0,1,8874194,0.011,0.014230189799999966,-0.014284046700000054,0,-0.20719999999999986,-0.03161666666666607,0,0,309,-1
1687,-576452092149,1.5743734433417935,3.1538406445146983,0.0027888813326451007,-0.003783044104463884,7.110217814686933e-7,-3.0234148026590986e-6,1,8874204,0.01,0.016623829799999962,-0.007701536700000057,0,-0.03219999999999984,0.00338333333333396,0,1,311,1
1688,-576452092139,1.5744040724080055,3.1537990349149796,0.0,0.0,0.0,0.0,1,8874215,0.011,4.667597999999679e-4,-0.005307896700000063,0,0.14280000000000015,0.10838333333333394,0,0,311,-1
1689,-576452092127,1.574404056163629,3.1537990449821685,0.0,0.0,0.0,0.0,1,8874226,0.011,0.0010651697999999538,-0.0017174367000000453,0,0.13405000000000014,0.09088333333333387,0,0,311,-1
1690,-576452092116,1.5744041310408488,3.153799208976615,0.0,0.0,0.0,0.0,1,8874237,0.011,0.017222239799999962,0.007857123299999942,0,-0.14594999999999983,-0.04911666666666614,0,0,311,-1
1691,-576452092104,1.574404164627664,3.1537993515515277,0.0,0.0,0.0,0.0,1,8874249,0.012,0.013033369799999969,0.0030698432999999438,0,0.02905000000000016,0.047133333333333916,0,0,311,-1
1692,-576452092093,1.5744040651658846,3.153799479961862,0.0,0.0,0.0,0.0,1,8874260,0.011,0.013033369799999969,-0.01009517670000007,0,0.03780000000000014,0.08213333333333384,0,0,311,-1
1693,-576452092082,1.5699215142346734,3.1516962563633864,-0.002492423489972801,-0.0019887535762964197,-1.0460319489020048e-6,-2.2020236689451496e-6,1,8874272,0.012,0.0010651697999999538,-0.005307896700000063,0,0.03780000000000014,0.06463333333333399,0,1,312,2
1694,-576452092070,1.5698916257377542,3.15167263611061,0.0,0.0,0.0,0.0,1,8874284,0.012,0.02200951979999997,0.002471433299999941,0,-0.11969999999999983,0.00338333333333396,0,0,312,-1
1695,-576452092057,1.5698919107106455,3.1516727359857026,0.0,0.0,0.0,0.0,1,8874296,0.012,0.008844499799999975,0.02521101329999994,0,-0.04094999999999985,0.06463333333333399,0,0,312,-1
1696,-576452092046,1.5698920895433166,3.151672758403261,0.0,0.0,0.0,0.0,1,8874307,0.011,0.0022619897999999593,0.01803009329999994,0,-0.02344999999999986,-0.0666166666666661,0,0,312,-1
1697,-576452092036,1.5698921937077182,3.1516727973566208,0.0,0.0,0.0,0.0,1,8874318,0.011,0.004057219799999968,0.010849173299999938,0,0.10780000000000015,0.029633333333333844,0,0,312,-1
1698,-576452092025,1.5709265187645114,3.1508456410921295,5.359544908049951e-4,-6.855177046189804e-4,1.3717091933529093e-7,-5.827311182566131e-7,1,8874328,0.01,0.012434959799999975,-5.206167000000564e-4,0,0.011550000000000143,0.08213333333333384,0,1,313,1
1699,-576452092013,1.5709327893909766,3.1508375821790904,0.0,0.0,0.0,0.0,1,8874340,0.012,0.016025419799999965,-0.01548086670000006,0,-0.05844999999999986,0.00338333333333396,0,0,313,-1
1700,-576452092002,1.5709324507863287,3.1508377679691826,0.0,0.0,0.0,0.0,1,8874351,0.011,0.01901746979999997,-0.03462998670000005,0,-0.02344999999999986,-0.03161666666666607,0,0,313,-1
1701,-576452091991,1.5709322336863365,3.1508378297510453,0.0,0.0,0.0,0.0,1,8874362,0.011,0.006450859799999979,-0.02266178670000006,0,0.011550000000000143,0.012133333333333995,0,0,313,-1
1702,-576452091979,1.5709321755715162,3.1508378479646546,0.0,0.0,0.0,0.0,1,8874374,0.012,0.0016635797999999566,-0.005307896700000063,0,-0.09344999999999984,-0.0928666666666661,0,0,313,-1
1703,-576452091967,1.5709321763384652,3.150837935117203,0.0,0.0,0.0,0.0,1,8874385,0.011,0.008844499799999975,7.779329999994643e-5,0,0.0028000000000001357,-0.022866666666666147,0,0,313,-1
1704,-576452091953,1.57093211395267,3.1508381175112308,0.0,0.0,0.0,0.0,1,8874396,0.011,0.01901746979999997,-0.006504716700000068,0,0.04655000000000015,-0.03161666666666607,0,0,313,-1
1705,-576452091945,1.573848643177322,3.1521783635295924,0.0016017456277353183,0.0012625616810809082,7.088544101512515e-7,1.494319855048249e-6,1,8874408,0.012,0.007049269799999965,-0.018472916700000057,0,0.02030000000000015,0.10838333333333394,0,1,314,2
1706,-576452091855,1.57386769457624,3.152193660482431,0.0,0.0,0.0,0.0,1,8874420,0.012,0.013033369799999969,-0.014882456700000057,0,-0.005949999999999844,0.00338333333333396,0,0,314,-1
1707,-576452091854,1.5738676361210404,3.152193665149093,0.0,0.0,0.0,0.0,1,8874431,0.011,4.667597999999679e-4,-0.005906306700000065,0,0.0028000000000001357,-0.022866666666666147,0,0,314,-1
1708,-576452091854,1.5738676081175758,3.152193732811208,0.0,0.0,0.0,0.0,1,8874442,0.011,0.007049269799999965,-0.002914256700000068,0,0.03780000000000014,0.230883333333334,0,0,314,-1
1709,-576452091853,1.5738683170378631,3.1521938000791314,0.0,0.0,0.0,0.0,1,8874453,0.011,0.007049269799999965,0.07428063329999994,0,0.07280000000000016,0.05588333333333395,0,0,314,-1
1710,-576452091853,1.5738687913653377,3.152193838764052,0.0,0.0,0.0,0.0,1,8874464,0.011,0.004057219799999968,0.04974582329999995,0,-0.09344999999999984,-0.005366666666666076,0,0,314,-1
1711,-576452091853,1.5738690146037724,3.152193786163497,0.0,0.0,0.0,0.0,1,8874475,0.011,-0.005517340200000027,0.023415783299999948,0,0.19530000000000014,-0.03161666666666607,0,0,314,-1
1712,-576452091852,1.5738690381651155,3.1521937563837885,0.0,0.0,0.0,0.0,1,8874486,0.011,-0.0031237002000000322,0.002471433299999941,0,-0.08469999999999986,0.06463333333333399,0,0,314,-1
1713,-576452091852,1.5738690902509225,3.1521937950630625,0.0,0.0,0.0,0.0,1,8874497,0.011,0.004057219799999968,0.005463483299999938,0,0.02030000000000015,0.03838333333333388,0,0,314,-1
1714,-576452091844,1.576511919992636,3.1500843835839785,0.0013599529185783956,-0.0017536764138041364,3.832153036597109e-7,-1.6371817201288527e-6,1,8874508,0.011,-0.004320520200000038,0.008455533299999936,0,0.13405000000000014,0.09088333333333387,0,1,315,1
1715,-576452091833,1.5765282229797883,3.1500634473702522,0.0,0.0,0.0,0.0,1,8874520,0.012,0.010041319799999962,-0.0017174367000000453,0,-0.03219999999999984,0.0733833333333338,0,0,315,-1
1716,-576452091823,1.5708979842141007,3.1475769391369464,-0.003072651597566435,-0.0023503801580578468,-1.2918053885452086e-6,-2.7085330136300665e-6,1,8874531,0.011,0.008844499799999975,-0.026850656700000065,0,-0.005949999999999844,0.178383333333334,0,1,316,2
1717,-576452091809,1.5708605743463735,3.147548957041138,0.0,0.0,0.0,0.0,1,8874543,0.012,0.02021428979999997,-0.04899182670000007,0,0.16905000000000014,0.178383333333334,0,0,316,-1
1718,-576452091800,1.5708599734514161,3.1475491565131843,0.0,0.0,0.0,0.0,1,8874554,0.011,0.02021428979999997,-0.06096002670000007,0,0.0028000000000001357,-0.005366666666666076,0,0,316,-1
1719,-576452091787,1.5708596470135372,3.1475493217082624,0.0,0.0,0.0,0.0,1,8874565,0.011,0.017222239799999962,-0.034031576700000066,0,0.02030000000000015,0.029633333333333844,0,0,316,-1
1720,-576452091778,1.5708593393808794,3.147549554583116,0.0,0.0,0.0,0.0,1,8874576,0.011,0.024403159799999963,-0.03223634670000006,0,0.16030000000000016,-0.10161666666666613,0,0,316,-1
1721,-576452091768,1.5708583244963001,3.1475500097892644,-1.4407033299982451e-4,6.461984136527876e-5,-0.09334212666963138,0.04186672775455772,0,8874587,0.011,0.04774114979999997,-0.10643918670000008,0,0.07280000000000016,0.012133333333333995,0,0,316,-1
1722,-576452091756,1.576641308435068,3.1431811153425024,0.0017664686172021446,-0.0031472010860908355,-0.1861673318108939,0.050163719980788286,0,8874597,0.01,0.051331609799999976,-0.19919273670000007,0,0.10780000000000015,-0.18911666666666616,0,1,317,1
1723,-576452091745,1.5766486259577894,3.143146802132586,-5.323316749111803e-4,-0.002566942516012832,-0.22540318854413063,0.03701891872402505,0,8874609,0.012,0.03517453979999997,-0.2309084667000001,0,0.19530000000000014,0.029633333333333844,0,0,317,-1
1724,-576452091733,1.5766291313940377,3.1431204421509316,-0.003011930438707036,-0.0022104505288543103,-0.22550806169413878,0.004439628916707732,0,8874620,0.011,-1.31650200000035e-4,-0.2255227767000001,0,0.0028000000000001357,-0.022866666666666147,0,0,317,-1
1725,-576452091723,1.5765840080015785,3.143096569919556,-0.005259023562572241,-0.002136997366458832,-0.07438512257150562,0.020372368493157773,0,8874631,0.011,0.022607929799999964,-0.05318069670000006,0,-0.09344999999999984,0.02088333333333381,0,0,317,-1
1726,-576452091711,1.5765196511403567,3.143073700173645,-0.006362051052948415,-0.001997362156600587,-0.2588786348300871,-0.034343091405404286,0,8874642,0.011,-0.042020350200000035,-0.28476536670000013,0,0.13405000000000014,0.14338333333333386,0,0,317,-1
1727,-576452091701,1.5764317683395683,3.143049606759415,-0.00952743554617235,-0.002381477792910816,-0.4647273276816152,-0.03845179766611106,0,8874653,0.011,-0.03902830020000003,-0.49361045670000014,0,0.02905000000000016,0.029633333333333844,0,0,317,-1
1728,-576452091689,1.5762969036168477,3.143021586419356,-0.014915849017121579,-0.0027331412575617347,-0.6438161938258636,0.00774781076503514,0,8874664,0.011,0.014230189799999966,-0.6689445866999999,0,-0.02344999999999986,0.06463333333333399,0,0,317,-1
1729,-576452091676,1.5740478402099902,3.1420968904326854,-0.023947442464507123,-0.003305779268307254,-0.7676599122959948,0.11943645286874945,0,8874676,0.012,0.13510900979999996,-0.7850361267000001,0,0.04655000000000015,0.1258833333333338,0,1,318,2
1730,-576452091650,1.573707695096638,3.142066448395339,-0.03282672555721159,-0.001787675753638557,-0.5698384724016701,0.16991494957644135,0,8874688,0.012,0.17699770979999996,-0.5420816667,0,0.08155000000000015,0.00338333333333396,0,0,318,-1
1731,-576452091650,1.5733127700170442,3.1420563991235864,-0.03900619397501087,-1.046005882941579e-5,-0.5129608796023506,0.11105381785598221,0,8874699,0.011,0.10279486979999997,-0.5049802467000001,0,0.11655000000000015,-0.014116666666666111,0,0,318,-1
1732,-576452091599,1.5728527969175263,3.142061085568023,-0.0446306470759311,9.403997912519549e-4,-0.5012392473338241,-0.06411760349910987,0,8874710,0.011,-0.08869633020000003,-0.49959455670000014,0,0.10780000000000015,-0.15411666666666612,0,0,318,-1
1733,-576452091598,1.5722802339785882,3.142065990524919,-0.05076644220283436,-6.436128180132718e-5,-0.573790521566719,-0.20532119240005758,0,8874722,0.012,-0.2251338102,-0.5839703667000001,0,0.08155000000000015,-0.13661666666666616,0,0,318,-1
1734,-576452091598,1.5716855378339505,3.1420527243506413,-0.05729326095552159,-0.0023417955773226366,-0.7118129633608931,-0.2174481477081018,0,8874733,0.011,-0.2191497102,-0.7311792267000001,0,0.11655000000000015,0.09088333333333387,0,0,318,-1
1735,-576452091597,1.5710099839094223,3.142013844320983,-0.06544300822947781,-0.004728732626643419,-0.9187656181117939,-0.21421734233284517,0,8874744,0.011,-0.21376402020000007,-0.9478036467000001,0,0.011550000000000143,-0.11036666666666606,0,0,318,-1
1736,-576452091597,1.5702342312654767,3.141949906032824,-0.07559116969911572,-0.006937885063819008,-0.9458049258893857,-0.11883512087479749,0,8874755,0.011,-0.10545181020000005,-0.9495988767000002,0,0.09905000000000015,-0.005366666666666076,0,0,318,-1
1737,-576452091587,1.570966922135064,3.140562518907573,-0.08588973941694882,-0.009245845055251556,-0.8389285327580726,0.00625206811452326,0,8874767,0.012,0.02380474979999997,-0.8239327767,0,-0.09344999999999984,0.0996333333333339,0,1,319,1
1738,-576452091576,1.5699721109201472,3.1404620188494397,-0.09501892910296851,-0.00906066870685754,-0.775399350272562,0.08094476628240622,0,8874778,0.011,0.09142507979999998,-0.7664854167,0,-0.19844999999999988,-0.1453666666666661,0,0,319,-1
1739,-576452091565,1.5688807248185421,3.140367349349223,-0.10344460628564289,-0.008156073676874778,-0.708282425139603,0.09013550497767811,0,8874789,0.011,0.09142507979999998,-0.6988650867000002,0,0.07280000000000016,0.05588333333333395,0,0,319,-1
1740,-576452091553,1.5719123447760277,3.142126180061325,-0.10883147735943657,-0.0054399733824293936,-0.6339009445880749,0.060306626497050486,0,8874800,0.011,0.05611888979999996,-0.6234654267000002,0,-0.21594999999999984,-0.04036666666666611,0,1,320,2
1741,-576452091542,1.5706774745113938,3.1420676106570813,-0.11572300571698409,-0.0051175758613041375,-0.5811929790881075,-0.16062359529805964,0,8874811,0.011,-0.19162285020000003,-0.5737973967000001,0,0.10780000000000015,-0.04036666666666611,0,0,320,-1
1742,-576452091528,1.5692473535752685,3.141994701300842,-0.12264366151440007,-0.007036141406835064,-0.5489933190444398,-0.15527228545437471,0,8874823,0.012,-0.15452143020000003,-0.5444753067000001,0,0.06405000000000015,-0.05786666666666607,0,0,320,-1
1743,-576452091519,1.567864555620183,3.141907545825555,-0.1287524779572991,-0.008794638270119762,-0.593835518945852,-0.18767478671305018,0,8874834,0.011,-0.19222126020000002,-0.6001274367000001,0,-0.14594999999999983,-0.05786666666666607,0,0,320,-1
1744,-576452091488,1.5664118375241198,3.141800772775095,-0.1353572593262745,-0.010672218847806562,-0.6408106343956224,-0.066764846908615,0,8874845,0.011,-0.049799680200000036,-0.6474018267000002,0,0.07280000000000016,0.11713333333333398,0,0,320,-1
1745,-576452091479,1.564883955799711,3.1416813397458885,-0.14243211064726258,-0.01112282005709374,-0.6576111198638845,0.1170910704200675,0,8874856,0.011,0.14288833979999999,-0.6599684367000003,0,0.07280000000000016,0.0733833333333338,0,0,320,-1
1746,-576452091477,1.5632777483890137,3.1415667637562743,-0.14961880523796264,-0.009736722434563238,-0.6271421865781885,0.180646678401629,0,8874867,0.011,0.18956431979999996,-0.6228670167000001,0,0.09905000000000015,0.24838333333333384,0,0,320,-1
1747,-576452091475,1.5699871728783654,3.1352726053398134,-0.15226450330493416,-0.013135867362158549,-0.6491058648081205,0.08035753872552183,0,8874878,0.011,0.06629185979999996,-0.6521891067000001,0,0.19530000000000014,0.283383333333334,0,1,321,1
1748,-576452091463,1.5681120519986496,3.1351205209233672,-0.16021569506484348,-0.012203502427298037,-0.7462696241295759,0.06120050029398258,0,8874890,0.012,0.05851252979999998,-0.7599029066999999,0,0.15155000000000016,0.05588333333333395,0,0,321,-1
1749,-576452091454,1.5663035282114692,3.1349873044544676,-0.1685627125258901,-0.011902842281890421,-0.8348428435976994,-0.17783125523065282,0,8874901,0.011,-0.21137038020000004,-0.8472707667000002,0,0.26530000000000015,0.0996333333333339,0,0,321,-1
1750,-576452091441,1.5644006165138178,3.134845815057802,-0.17749359415528101,-0.013830641375843543,-0.6715155018799633,-0.1594887513736908,0,8874912,0.011,-0.15691507020000003,-0.6485986467,0,0.02030000000000015,0.02088333333333381,0,0,321,-1
1751,-576452091429,1.5622234995542201,3.134669978096396,-0.18539758208405122,-0.015529078589590512,-0.5789992466999587,-0.03023566414531559,0,8874924,0.012,-0.012099850200000024,-0.5660180667000001,0,-0.049699999999999855,0.16088333333333393,0,0,321,-1
1752,-576452091417,1.56015082855415,3.134499577456438,-0.19152635638583032,-0.015549792285477556,-0.4248759587829234,0.16986539517339314,0,8874935,0.011,0.1979420598,-0.40325054670000005,0,-0.09344999999999984,0.178383333333334,0,0,321,-1
1753,-576452091406,1.5489141830401203,3.1303512632947115,-0.20140190833839083,-0.017299603642069967,-0.3807246138494718,0.20760160145221987,0,8874947,0.012,0.21290230979999997,-0.3745268667000001,0,0.02030000000000015,0.16088333333333393,0,1,322,2
1754,-576452091394,1.5462615992551318,3.1301427583050794,-0.20662753810254572,-0.01474581384142976,-0.5337722078376165,0.12723615971869934,0,8874960,0.013,0.11595988979999998,-0.5552466867000001,0,0.0028000000000001357,0.18713333333333382,0,0,322,-1
1755,-576452091382,1.5439555422252944,3.1299877577672683,-0.2126155214008116,-0.013413059926477351,-0.6077059185531543,0.08481121642126421,0,8874971,0.011,0.07885846979999997,-0.6180797367000003,0,0.02905000000000016,0.05588333333333395,0,0,322,-1
1756,-576452091371,1.5415805464517174,3.1298456343968017,-0.21922422762115026,-0.01243949220691974,-0.5585529928407776,0.11107757356610092,0,8874982,0.011,0.11476306979999998,-0.5516562267000003,0,-0.049699999999999855,0.00338333333333396,0,0,322,-1
1757,-576452091360,1.5391344786290917,3.1297168416861942,-0.22548293576224446,-0.011030350338112904,-0.6327957723601927,0.23238445697250354,0,8874993,0.011,0.24940531979999997,-0.6432129567000001,0,-0.014699999999999852,0.012133333333333995,0,0,322,-1
1758,-576452091349,1.5366143961216645,3.1296086280161752,-0.23265461770223966,-0.008607410751208834,-0.7694520176971189,0.1460289414820643,0,8875004,0.011,0.13391218979999997,-0.7886265867000001,0,-0.02344999999999986,0.22213333333333396,0,0,322,-1
1759,-576452091336,1.5364323870438783,3.127598355830833,-0.24089605053823038,-0.008464263791400549,-0.9919794091071442,0.15744186478172834,0,8875016,0.012,0.15904540979999998,-1.0232033067,0,-0.049699999999999855,-0.022866666666666147,0,1,323,1
1760,-576452091325,1.5334705206826915,3.1275087632201473,-0.2527611248828793,-0.006489651613665279,-0.9689826742988134,0.20817715785785623,0,8875028,0.012,0.21529594979999997,-0.9657559467,0,0.02905000000000016,-0.04036666666666611,0,0,323,-1
1761,-576452091240,1.5303702784626336,3.1274453556102,-0.26404225740353743,-0.004059641561910152,-0.763064197301087,0.16771482744988442,0,8875040,0.012,0.16203745979999998,-0.7341712767000002,0,0.08155000000000015,-0.1453666666666661,0,0,323,-1
1762,-576452091240,1.5274212346655633,3.127410155030932,-0.2722170581284199,-0.0023101818509728015,-0.6228002597426072,0.1065848807804822,0,8875051,0.011,0.09800758979999998,-0.6031194867,0,-0.03219999999999984,0.16963333333333397,0,0,323,-1
1763,-576452091239,1.5243895575846726,3.1273894601117602,-0.2790127985355313,-0.0013821516063063162,-0.5871739504989986,-0.05154806351257876,0,8875062,0.011,-0.07373608020000001,-0.5821751367000001,0,-0.10219999999999987,0.10838333333333394,0,0,323,-1
1764,-576452091239,1.5212844892782056,3.1273700921516556,-0.2855289425417257,-0.002097491534435597,-0.624247629010914,-0.14762337972090703,0,8875073,0.011,-0.16110394020000007,-0.6294495267000002,0,0.0028000000000001357,0.06463333333333399,0,0,323,-1
1765,-576452091238,1.5181054377968062,3.1273365392253476,-0.29246183582567487,-0.003941279650520194,-0.6671181850718655,-0.2901147242821697,0,8875084,0.011,-0.31010803020000005,-0.6731334567,0,0.19530000000000014,-0.15411666666666612,0,0,323,-1
1766,-576452091238,1.5148477228129145,3.1272749063240037,-0.29983905625283874,-0.007235739518203258,-0.6923348283613788,-0.35697696688367175,0,8875095,0.011,-0.36635857020000007,-0.6958730367000002,0,-0.08469999999999986,0.02088333333333381,0,0,323,-1
1767,-576452091238,1.5115076416647164,3.1271742313656454,-0.3074498088770097,-0.011089328521971925,-0.6891403427225915,-0.309577801919527,0,8875106,0.011,-0.3029271102,-0.6886921167000001,0,0.07280000000000016,-0.25036666666666607,0,0,323,-1
1768,-576452091138,1.5080841191476302,3.1270349861062003,-0.31501354675458265,-0.01428643222107806,-0.6782517250384728,-0.1746502605581387,0,8875117,0.011,-0.1557182502,-0.6767239167000001,0,-0.08469999999999986,-0.014116666666666111,0,0,323,-1
1769,-576452091137,1.5123894871727073,3.130820339050674,-0.31855796312882195,-0.012217827581352605,-0.584548980740454,0.023529818190343225,0,8875129,0.012,0.051331609799999976,-0.5714037567000001,0,0.08155000000000015,-0.1453666666666661,0,1,324,2
1770,-576452091137,1.5085261972920367,3.1306781397860144,-0.3253661263353229,-0.011574170568168845,-0.46176846802996874,0.23840480902705463,0,8875141,0.012,0.2685544398,-0.44454083670000005,0,0.04655000000000015,0.335883333333334,0,0,324,-1
1771,-576452091136,1.5049198043983134,3.1305674518773956,-0.33036550626092864,-0.008646783399406725,-0.41045102194108485,0.43382287703455413,0,8875152,0.011,0.4612424598,-0.40325054670000005,0,-0.02344999999999986,0.08213333333333384,0,0,324,-1
1772,-576452091136,1.501261819737966,3.1304969627401,-0.3347579708921507,-0.004103595367582487,-0.3311925105373435,0.2857416198995637,0,8875163,0.011,0.26496397979999997,-0.32007155670000004,0,-0.02344999999999986,0.22213333333333396,0,0,324,-1
1773,-576452091135,1.4975594311493443,3.1304684667905973,-0.33840304554126094,-0.0010517526436059803,-0.3324602825378545,0.2265879891093853,0,8875174,0.011,0.21828799979999997,-0.33263816670000007,0,-0.04094999999999985,0.21338333333333392,0,0,324,-1
1774,-576452091135,1.4938167109424108,3.1304686953648013,-0.34208464872828553,0.001169478171582974,-0.34835959555474677,0.050855799284100695,0,8875185,0.011,0.026198389799999965,-0.3505904667000001,0,0.04655000000000015,-0.04911666666666614,0,0,324,-1
1775,-576452091135,1.4900328938694143,3.1304842929290215,-0.3458896552062341,0.0016801282743504017,-0.33089920624373015,0.019261651282244475,0,8875196,0.011,0.014828599799999969,-0.32844929670000006,0,0.055300000000000155,0.09088333333333387,0,0,324,-1
1776,-576452091133,1.4862075696483035,3.1305053236387987,-0.34960317673429603,0.0020884963773748553,-0.37860458884203163,0.14656838362600877,0,8875207,0.011,0.16443109979999998,-0.38529824670000007,0,-0.04094999999999985,0.012133333333333995,0,0,324,-1
1777,-576452091133,1.482338754231388,3.1305387724160965,-0.35380685575428145,0.003929036191523177,-0.4038913674981063,0.29447700293257306,0,8875218,0.011,0.31523041979999994,-0.40743941670000006,0,-0.13719999999999985,-0.12786666666666613,0,0,324,-1
1778,-576452091035,1.4789696465170092,3.130696604858268,-0.357718874050824,0.007000462650008386,-0.3875860391654311,0.3137264146948862,0,8875228,0.01,0.3164272398,-0.38529824670000007,0,-0.08469999999999986,-0.17161666666666608,0,1,326,2
1779,-576452091035,1.4750103551412443,3.130790615830094,-0.3621251942427984,0.01016075910788095,-0.4810892101499642,0.12350166542885649,0,8875239,0.011,0.09681076979999997,-0.49420886670000014,0,0.02905000000000016,-0.014116666666666111,0,0,326,-1
1780,-576452091034,1.4709982212285753,3.1309085780020807,-0.36736776480385663,0.011336769885433752,-0.44903801725846026,0.005110334406029357,0,8875250,0.011,-0.011501440200000022,-0.44454083670000005,0,0.03780000000000014,0.11713333333333398,0,0,326,-1
1781,-576452091034,1.4665582986637793,3.1310435497555744,-0.3726464687780415,0.011205933262160484,-0.383170489206894,-0.11021463431994041,0,8875262,0.012,-0.12639616020000005,-0.3739284567,0,-0.05844999999999986,0.047133333333333916,0,0,326,-1
1782,-576452091034,1.4624375528398375,3.1311591033700052,-0.37664669328612926,0.009848772142719075,-0.24544568744480252,-0.20312165144449496,0,8875273,0.011,-0.21615766020000007,-0.22612118670000006,0,-0.06719999999999984,-0.19786666666666608,0,0,326,-1
1783,-576452091033,1.458280722014303,3.131256523867169,-0.37918660373989976,0.007808422570778432,-0.14191077167387567,-0.07758675568796006,0,8875284,0.011,-0.05997265020000003,-0.12738353670000008,0,-0.005949999999999844,-0.1191166666666661,0,0,326,-1
1784,-576452091033,1.4541018676774768,3.1313386158259733,-0.3806364173017414,0.007081693074827905,-0.06987124701079156,0.0045066895282736275,0,8875295,0.011,0.016025419799999965,-0.05976320670000007,0,0.02030000000000015,0.09088333333333387,0,0,326,-1
1785,-576452091033,1.4499106335518053,3.131417747090066,-0.38140589887938514,0.007267544090207528,-0.07045296450802883,0.09279987846084685,0,8875306,0.011,0.10518850979999998,-0.07053458670000007,0,0.12530000000000016,0.10838333333333394,0,0,326,-1
1786,-576452091032,1.4457108256112108,3.131504729028044,-0.38219233143793385,0.008490592415006245,-0.077871424586015,0.2238381081844516,0,8875317,0.011,0.2422243998,-0.07891232670000004,0,0.16030000000000016,-0.04036666666666611,0,0,326,-1
1787,-576452090933,1.4417750984554047,3.131426664785662,-0.382799509573434,0.010883356992688505,-0.005315399122825617,0.27879540672897574,0,8875328,0.011,0.28650673979999997,0.004865073299999936,0,-0.005949999999999844,0.18713333333333382,0,1,327,1
1788,-576452090932,1.4371823998335072,3.131578983745645,-0.382697105012558,0.014451789152800305,0.0943988546692805,0.4125539713933505,0,8875340,0.012,0.43132195979999993,0.10839000329999994,0,-0.10219999999999987,0.22213333333333396,0,0,327,-1
1789,-576452090932,1.432979858056941,3.1317627395923413,-0.3814621099595881,0.01896564376939429,0.2205450893639037,0.3970011972377236,0,8875351,0.011,0.3948189498,0.23824497329999994,0,-0.11094999999999985,0.13463333333333383,0,0,327,-1
1790,-576452090931,1.4287978153250005,3.1319950036662383,-0.3789375217200428,0.023279421638096823,0.2843465550159827,0.36255128103952283,0,8875362,0.011,0.3577175298,0.29329869329999997,0,0.13405000000000014,0.21338333333333392,0,0,327,-1
1791,-576452090931,1.424646665278619,3.132271720702605,-0.3758154127205341,0.02708434461699111,0.28065205723777453,0.2439108730051896,0,8875373,0.011,0.22726414979999998,0.28013367329999994,0,0.23905000000000015,-0.1191166666666661,0,0,327,-1
1792,-576452090931,1.4205295504206756,3.1325837899200586,-0.3727459512289216,0.029680034105255465,0.2691771371498037,0.1873303062571817,0,8875384,0.011,0.1793913498,0.26756706329999996,0,0.0028000000000001357,-0.08411666666666606,0,0,327,-1
1793,-576452090931,1.4164459114852639,3.1329213113006724,-0.3697450639572053,0.03169914334159739,0.29505359480807714,0.16042668246215736,0,8875395,0.011,0.15665176979999998,0.29868438329999997,0,-0.02344999999999986,0.08213333333333384,0,0,327,-1
1794,-576452090930,1.4120296388669251,3.1333131711577833,-0.36628132079471465,0.033613499569719846,0.24890856436515416,0.15396759939965843,0,8875407,0.012,0.1530613098,0.24243384329999995,0,0.14280000000000015,-0.16286666666666616,0,0,327,-1
1795,-576452090930,1.408013912232471,3.1336925559362765,-0.36377791825963113,0.035351707179255384,0.09839202390536692,0.1825603514573013,0,8875418,0.011,0.18657226979999997,0.07727268329999994,0,-0.05844999999999986,0.0996333333333339,0,0,327,-1
1796,-576452090861,1.407039001896079,3.1359036128501128,-0.3610987656782538,0.03893358029264816,0.05100933542792531,0.0931947488169253,0,8875429,0.011,0.08065369979999996,0.044360133299999945,0,-0.02344999999999986,0.1521333333333339,0,1,328,2
1797,-576452090861,1.3975105055821688,3.1397341549318063,-0.3632229810509363,0.042685476684401945,-0.018320593790279602,0.019751225351811785,0,8875441,0.012,0.009442909799999977,-0.02804747670000007,0,0.08155000000000015,0.178383333333334,0,1,329,1
1798,-576452090860,1.3931508640966521,3.140246777252558,-0.36339276538663895,0.04278552323772399,0.011458128586608673,-0.06170793760672741,0,8875453,0.012,-0.07313767020000003,0.015636453299999943,0,-0.18094999999999986,0.16963333333333397,0,0,329,-1
1799,-576452090859,1.3891531394264565,3.140713263389583,-0.363418234220533,0.04204851339977666,-0.08563490748079006,-0.09901968805981834,0,8875464,0.011,-0.10425499020000004,-0.09925826670000007,0,0.16030000000000016,0.00338333333333396,0,0,329,-1
1800,-576452090859,1.385150576984745,3.141168538637332,-0.3643292084259033,0.040780257075468916,-0.0655705371342116,-0.21486357381399107,0,8875475,0.011,-0.2311179102,-0.06275525670000007,0,0.09905000000000015,-0.19786666666666608,0,0,329,-1
1801,-576452090858,1.3811385415111546,3.141604058464377,-0.3651139110858633,0.03840771503699232,-0.10665817995054235,-0.22072142140639153,0,8875486,0.011,-0.22154335020000002,-0.11242328670000007,0,-0.005949999999999844,0.11713333333333398,0,0,329,-1
1802,-576452090855,1.3771159689921821,3.1420131818468624,-0.3662682251753477,0.03597866688107612,-0.09439625684999209,-0.22144221403873904,0,8875497,0.011,-0.22154335020000002,-0.0926757567000001,0,0.0028000000000001357,-0.30286666666666606,0,0,329,-1
1803,-576452090844,1.3763874632049757,3.1445276223060836,-0.3654109392438386,0.035344460507370085,-0.11650137382726618,-0.2021115690025544,0,8875509,0.012,-0.19940218020000006,-0.11960420670000006,0,-0.02344999999999986,-0.005366666666666076,0,1,330,2
1804,-576452090831,1.3719941779923652,3.1449368006764216,-0.3668055845717789,0.032865760655633444,-0.11449941622330413,-0.2338460835471125,0,8875521,0.012,-0.23829883020000003,-0.11421851670000006,0,-0.07594999999999988,-0.05786666666666607,0,0,330,-1
1805,-576452090820,1.3675857696218805,3.1453135363122917,-0.36798391879624437,0.02995320363432271,0.001722688143720244,-0.2970507589958708,0,8875533,0.012,-0.3059191602,0.01803009329999994,0,-0.11969999999999983,-0.022866666666666147,0,0,330,-1
1806,-576452090808,1.362779237478911,3.145891971474538,-0.36798362061160766,0.026294553541647732,0.10733467634091867,-0.4711820699692733,0,8875545,0.012,-0.4956151302000001,0.12215343329999993,0,-0.02344999999999986,-0.04036666666666611,0,1,331,1
1807,-576452090796,1.358371860680215,3.1461728381195155,-0.36660128237051515,0.020541570021146167,0.1633617577162806,-0.5298678904822186,0,8875557,0.012,-0.5381022402000001,0.17122305329999993,0,-0.014699999999999852,0.012133333333333995,0,0,331,-1
1808,-576452090785,1.3543497664463524,3.146367012756258,-0.3647165555066646,0.014750894262717047,0.21958480172492295,-0.5056023912154627,0,8875568,0.011,-0.5021976402,0.22747359329999997,0,0.02030000000000015,0.00338333333333396,0,0,331,-1
1809,-576452090774,1.350350659954145,3.146500726718118,-0.36237315949137106,0.009477758503370471,0.17297562048803777,-0.31894455378109726,0,8875579,0.011,-0.2927541402,0.16643577329999995,0,-0.07594999999999988,-0.04911666666666614,0,0,331,-1
1810,-576452090764,1.3463744381586897,3.146587078118134,-0.3605529998193429,0.006166843159155618,0.11948575585268632,-0.19102135436330595,0,8875590,0.011,-0.17307214020000006,0.11198046329999994,0,-0.04094999999999985,-0.0928666666666661,0,0,331,-1
1811,-576452090750,1.3424146737313185,3.14664479444927,-0.3593678819437612,0.004269718357950186,0.03576171622564847,-0.0587801974457223,0,8875601,0.011,-0.04022512020000004,0.02401419329999994,0,0.09905000000000015,0.178383333333334,0,0,331,-1
1812,-576452090740,1.3409720094814572,3.148319240536121,-0.3575175923457461,0.005164338782777512,-0.06322681262709114,-0.032535392158809774,0,8875613,0.012,-0.028855330200000036,-0.07711709670000005,0,0.04655000000000015,0.11713333333333398,0,1,332,2
1813,-576452090726,1.3366765758756494,3.1483782142350942,-0.35836650334578213,0.004686691272863539,-0.11686533554288045,-0.0844097616802959,0,8875625,0.012,-0.09168838020000003,-0.12439148670000005,0,0.09905000000000015,0.24838333333333384,0,0,332,-1
1814,-576452090717,1.3327274006462388,3.14842425747884,-0.35966232037943807,0.003702366789329533,-0.12346541373233604,-0.12018029059007407,0,8875636,0.011,-0.12519934020000006,-0.12439148670000005,0,0.15155000000000016,0.3533833333333338,0,0,332,-1
1815,-576452090706,1.328764957327445,3.1484586924261424,-0.3608351519600194,0.0025187601517087945,-0.003578771978871853,-0.030646634493507838,0,8875647,0.011,-0.018083950200000035,0.013242813299999942,0,0.15155000000000016,0.06463333333333399,0,0,332,-1
1816,-576452090695,1.3247960059602033,3.148484447534583,-0.36081043141758806,0.0021678702319075562,0.03793660073229087,-0.03957129013576128,0,8875658,0.011,-0.04082353020000004,0.043761723299999944,0,0.12530000000000016,-0.0666166666666661,0,0,332,-1
1817,-576452090684,1.320829476155332,3.1485061733966284,-0.3603803843614248,0.001771389923961161,0.04619362080123012,-0.014430583660203979,0,8875669,0.011,-0.010903030200000035,0.047352183299999934,0,-0.02344999999999986,-0.04911666666666614,0,0,332,-1
1818,-576452090672,1.3179306590655477,3.1476642175362683,-0.35930236862801884,9.044739624461119e-4,-0.07348886939756137,-0.0018919443564889547,0,8875681,0.012,-1.31650200000035e-4,-0.09028211670000008,0,-0.09344999999999984,0.14338333333333386,0,1,333,1
1819,-576452090661,1.3139742397822074,3.1476735618623786,-0.3600592789291251,8.141018984904153e-4,-0.04046102377131815,-0.04652864635339279,0,8875692,0.011,-0.05279173020000003,-0.035826806700000054,0,0.04655000000000015,0.14338333333333386,0,0,333,-1
1820,-576452090650,1.3100111389040057,3.147679848207522,-0.36050455733835307,3.2299284054998755e-4,-0.040595252711995385,-0.033129093884053884,0,8875703,0.011,-0.03124897020000003,-0.04061408670000008,0,0.09905000000000015,-0.022866666666666147,0,0,333,-1
1821,-576452090638,1.3056833929351335,3.1476813726092145,-0.36082729317469625,-7.0058865659343e-5,0.058046350825701455,-0.030430759971358797,0,8875715,0.012,-0.030052150200000027,0.07188699329999994,0,-0.06719999999999984,-0.014116666666666111,0,0,333,-1
1822,-576452090626,1.3017186721033127,3.147679006401424,-0.36006844343858313,-3.7074498342901346e-4,0.135256315955503,-0.008582870522276156,0,8875726,0.011,-0.005517340200000027,0.14608983329999994,0,0.06405000000000015,0.16963333333333397,0,0,333,-1
1823,-576452090616,1.2977658216009362,3.147673990680835,-0.3586202758140507,-5.242555942443159e-4,0.10959672298233178,-0.0468271698648761,0,8875737,0.011,-0.05219332020000003,0.10599636329999995,0,0.07280000000000016,0.02088333333333381,0,0,333,-1
1824,-576452090605,1.2870553129184803,3.143702464526352,-0.361276633059385,-0.004823733767706053,0.042939634515808414,-0.02739768309467576,0,8875748,0.011,-0.024666460200000035,0.03358875329999995,0,0.16030000000000016,-0.18911666666666616,0,1,334,2
1825,-576452090593,1.2827220437151736,3.143642796463499,-0.360900955989935,-0.005127523044049765,-0.04082856727410224,-0.01240787631968241,0,8875760,0.012,-0.010304620200000033,-0.05258228670000007,0,0.10780000000000015,0.1521333333333339,0,0,334,-1
1826,-576452090582,1.278750282597477,3.143586063700546,-0.3612638976848423,-0.005205518156126865,0.014461131637648568,0.025121431638903985,0,8875771,0.011,0.030387259799999965,0.022218963299999943,0,0.08155000000000015,-0.12786666666666613,0,0,334,-1
1827,-576452090571,1.2747778566058559,3.1435314061522925,-0.36101970607807393,-0.004776077732008725,0.06954388821778007,0.12419921576951884,0,8875782,0.011,0.13810105979999995,0.07727268329999994,0,0.03780000000000014,0.10838333333333394,0,0,334,-1
1828,-576452090560,1.2708100530379307,3.143485990666509,-0.36036739292693987,-0.0034655945407717796,-0.003444464083569021,0.08811096915160488,0,8875793,0.011,0.08304733979999997,-0.013685636700000052,0,-0.06719999999999984,-0.0666166666666661,0,0,334,-1
1829,-576452090549,1.2668443077742229,3.1434527122196814,-0.3606175878541968,-0.002565595823081021,-0.14099590994218447,0.04326255893809117,0,8875804,0.011,0.03696976979999996,-0.16029608670000006,0,-0.10219999999999987,0.10838333333333394,0,0,334,-1
1830,-576452090537,1.2599467821287935,3.1449316847019633,-0.3637509177916848,-8.621309181036389e-4,-0.21984547559382925,-0.003187020188272015,0,8875816,0.012,-0.00970621020000003,-0.2309084667000001,0,-0.06719999999999984,-0.04911666666666614,0,1,335,1
1831,-576452090524,1.2559330114547824,3.1449209940707057,-0.3660543113741054,-0.0010410342509091074,-0.14610761468660688,-0.09549228479550587,0,8875827,0.011,-0.10844386020000005,-0.13576127670000007,0,0.20405000000000015,-0.014116666666666111,0,0,335,-1
1832,-576452090512,1.250795727488506,3.1448970399131744,-0.36788654075395644,-0.002380581090947479,-0.034702805494419425,-0.09687943569515642,0,8875841,0.014,-0.09707407020000004,-0.01907132670000006,0,-0.19844999999999988,-0.03161666666666607,0,0,335,-1
1833,-576452090500,1.2463806496734704,3.144860771028964,-0.36804499883776165,-0.0036341737506617694,0.11597211939186741,-0.15005262160661093,0,8875853,0.012,-0.15751348020000003,0.13711368329999996,0,0.23905000000000015,-0.17161666666666608,0,0,335,-1
1834,-576452090490,1.242340482133905,3.144811377842399,-0.3665900889156653,-0.005331104373841261,0.23054650373405322,-0.1796856396197483,0,8875864,0.011,-0.18384352020000003,0.24662271329999996,0,0.15155000000000016,-0.13661666666666616,0,0,335,-1
1835,-576452090479,1.2314827503666077,3.140381200371201,-0.3683803813426679,-0.01131866812115551,0.1675007751608184,-0.16286980361943124,0,8875874,0.01,-0.16050553020000008,0.15865644329999995,0,0.06405000000000015,-0.0666166666666661,0,1,336,2
1836,-576452090468,1.2274394380691307,3.140246846452634,-0.3667221926516654,-0.01311027024305968,0.04691760953224529,-0.16289555671941014,0,8875885,0.011,-0.16289917020000003,0.029998293299999937,0,0.011550000000000143,0.05588333333333395,0,0,336,-1
1837,-576452090457,1.223407162231071,3.140093243388896,-0.3663729751111313,-0.01483578804732426,-0.061330177356757734,-0.11986699235602175,0,8875896,0.011,-0.11382955020000002,-0.07651868670000006,0,0.0028000000000001357,0.029633333333333844,0,0,336,-1
1838,-576452090446,1.2193735631572442,3.1399237442442716,-0.3670171421069755,-0.016019819062845636,-0.04158881508793319,-0.03270719291285039,0,8875907,0.011,-0.02047759020000003,-0.03881885670000006,0,-0.12844999999999987,-0.005366666666666076,0,0,336,-1
1839,-576452090435,1.2153359154818346,3.1397463085542845,-0.3671825292218231,-0.01627152159868311,0.14766100267649765,0.037317417053888635,0,8875918,0.011,0.04714273979999997,0.17421510329999992,0,-0.11094999999999985,0.047133333333333916,0,0,336,-1
1840,-576452090421,1.2109418846297533,3.139554054148127,-0.3652065040003321,-0.015781368632835576,0.27013058883172325,0.06272663135587563,0,8875930,0.012,0.06629185979999996,0.2873145933,0,0.11655000000000015,0.029633333333333844,0,0,336,-1
1841,-576452090412,1.2069416736148002,3.139384949524502,-0.3621355152307183,-0.014994897305372491,0.33400442985257145,0.1246282181266389,0,8875941,0.011,0.13331377979999998,0.34296672329999994,0,0.12530000000000016,0.178383333333334,0,0,336,-1
1842,-576452090399,1.1997338644788118,3.1408641230184955,-0.359624938736805,-0.012313419294204311,0.3308430060434337,-0.0026209907857820494,0,8875953,0.012,-0.02047759020000003,0.33040011329999996,0,0.055300000000000155,0.13463333333333383,0,1,337,1
1843,-576452090388,1.1954415468585893,3.140715711993499,-0.3557375607108249,-0.012405626390263493,0.2816503272866139,-0.038746695071702066,0,8875965,0.012,-0.043815580200000044,0.27474798329999994,0,0.08155000000000015,0.08213333333333384,0,0,337,-1
1844,-576452090377,1.1915456909298985,3.1405772821659945,-0.35260954499909736,-0.012779816421908407,0.300786605695085,-0.005407906437886682,0,8875976,0.011,-7.300602000000378e-4,0.30347166329999997,0,-0.04094999999999985,0.09088333333333387,0,0,337,-1
1845,-576452090366,1.1876855199783534,3.140437472982685,-0.34925345564070526,-0.012684539427877891,0.3314792447264338,0.09472857709094021,0,8875987,0.011,0.10877896979999997,0.3357858032999999,0,-0.13719999999999985,0.19588333333333385,0,0,337,-1
1846,-576452090356,1.1838640503663802,3.1403048476517244,-0.34556976019252234,-0.011476067005733594,0.35572220481172157,0.20255956283554666,0,8875998,0.011,0.2176895898,0.3591237933,0,-0.15469999999999987,0.2396333333333338,0,0,337,-1
1847,-576452090344,1.176471023023108,3.1379012264051176,-0.34374608134608814,-0.011308753622104411,0.30412754240287376,0.2982154394027601,0,8876009,0.011,0.3116399598,0.2968891533,0,-0.15469999999999987,0.30088333333333384,0,1,338,2
1848,-576452090332,1.1723675058448881,3.1377862144467628,-0.3401604663712321,-0.007835597389545396,0.2657684066155843,0.23494496361132367,0,8876021,0.012,0.22606732979999997,0.2603861433,0,-0.18969999999999984,0.21338333333333392,0,0,338,-1
1849,-576452090319,1.1683047187148632,3.13770766948159,-0.3369712387353889,-0.0052040786121948495,0.2657714116555689,0.12325380673240816,0,8876033,0.012,0.10758214979999997,0.2657718332999999,0,-0.29469999999999985,0.21338333333333392,0,0,338,-1
1850,-576452090310,1.164614375550845,3.137656753630294,-0.33401172158005327,-0.004004029059940761,0.28886197972812977,0.023447039251262472,0,8876044,0.011,0.009442909799999977,0.2921018732999999,0,-0.10219999999999987,-0.0666166666666661,0,0,338,-1
1851,-576452090298,1.1609588740860866,3.1376142806421083,-0.33067169221962184,-0.003724539297757988,0.394034773670143,0.03740494255682244,0,8876055,0.011,0.03936340979999997,0.40879182329999997,0,-0.03219999999999984,-0.1453666666666661,0,0,338,-1
1852,-576452090287,1.1573463677969271,3.1375767917694253,-0.3261893373141259,-0.003140313605481163,0.4898908104491167,0.14932564480106042,0,8876066,0.011,0.16502950979999997,0.5033406033,0,-0.005949999999999844,0.09088333333333387,0,0,338,-1
1853,-576452090276,1.1533473887423227,3.1377978429276356,-0.3208609436325764,-0.0011045346260895933,0.6003436762940749,0.26805286843498427,0,8876077,0.011,0.2847115098,0.6158416833,0,-0.18094999999999986,0.27463333333333395,0,1,339,1
1854,-576452090264,1.1495401971730965,3.137804177798289,-0.31366914783586164,0.0021513088787412857,0.5929436052098926,0.29158292108178585,0,8876089,0.012,0.2948844798,0.5919052833,0,-0.11094999999999985,0.13463333333333383,0,0,339,-1
1855,-576452090253,1.146124114678591,3.1378453084130027,-0.30736820344326715,0.005334606257849473,0.4508679700273356,0.2761110285421241,0,8876100,0.011,0.2739401298,0.4309329933,0,-0.005949999999999844,0.13463333333333383,0,0,339,-1
1856,-576452090242,1.1427686010905258,3.1379198006791897,-0.3026546240928993,0.008245623118676094,0.29169608612247555,0.19444111352321175,0,8876111,0.011,0.18298180979999995,0.26936229329999994,0,-0.02344999999999986,0.11713333333333398,0,0,339,-1
1857,-576452090231,1.1394583365343625,3.138022196856332,-0.2992631496728573,0.010374633234399794,0.41012681998592365,0.18806528741465703,0,8876122,0.011,0.1871706798,0.42674412329999994,0,-0.18969999999999984,0.06463333333333399,0,0,339,-1
1858,-576452090114,1.1361929706653204,3.1381469512048827,-0.2945081391428299,0.012337653703517536,0.5679635931074936,0.11958449566960708,0,8876133,0.011,0.10997578979999997,0.5901100533,0,0.06405000000000015,0.21338333333333392,0,0,339,-1
1859,-576452090113,1.13298906084352,3.1382894264150853,-0.2880734311802712,0.013585810072719548,0.689191773485214,0.0759980409097347,0,8876144,0.011,0.06988231979999997,0.7062015933000001,0,0.011550000000000143,0.06463333333333399,0,0,339,-1
1860,-576452090112,1.129862054316121,3.1384428565258653,-0.2804773981259842,0.014334944581606597,0.6988608076772577,0.019731451356046557,0,8876155,0.011,0.01183654979999997,0.7002174933,0,0.02905000000000016,0.0996333333333339,0,0,339,-1
1861,-576452090112,1.1265457548528892,3.138616668448663,-0.2722097712760621,0.014621401473647218,0.6276312983901228,0.04954240293049536,0,8876167,0.012,0.05372524979999997,0.6176369133,0,-0.16344999999999985,0.14338333333333386,0,0,339,-1
1862,-576452090112,1.1235878053339308,3.1387795931458915,-0.26552968911930946,0.015040402165705152,0.4839989466943778,-0.03127857315600509,0,8876178,0.011,-0.042618760200000036,0.46384554329999994,0,0.14280000000000015,0.00338333333333396,0,0,339,-1
1863,-576452090111,1.1206954016615738,3.138943179934946,-0.26032708050255404,0.014701243606122773,0.40545120703163584,-0.028103949359377902,0,8876189,0.011,-0.02765851020000003,0.39442998329999995,0,-0.05844999999999986,0.03838333333333388,0,0,339,-1
1864,-576452090110,1.1178563369003327,3.1391028321079544,-0.2558666453634151,0.014340857997704778,0.40575688314381914,-0.06129906330575002,0,8876200,0.011,-0.06595675020000002,0.4057997733,0,0.11655000000000015,0.2571333333333339,0,0,339,-1
1865,-576452090110,1.1150663525017166,3.139256720133018,-0.2514032615950507,0.013644874380446233,0.40579449577987203,-0.07535440161526073,0,8876211,0.011,-0.07732654020000003,0.4057997733,0,0.07280000000000016,0.14338333333333386,0,0,339,-1
1866,-576452090110,1.1123250336592858,3.1394024014540722,-0.2470010721287531,0.012836795531018222,0.3659160541063211,-0.06186533397468617,0,8876222,0.011,-0.05997265020000003,0.3603206133,0,0.21280000000000016,0.18713333333333382,0,0,339,-1
1867,-576452090109,1.1096296101149161,3.1395403149701697,-0.24305403565782238,0.012220395654126727,0.31535349808588325,-0.020322470117095835,0,8876233,0.011,-0.01449349020000002,0.3082589433,0,-0.05844999999999986,0.13463333333333383,0,0,339,-1
1868,-576452090109,1.1069745420566526,3.139673285842705,-0.23966359644540292,0.011965050067012815,0.2645258445594743,-0.040924815223346414,0,8876244,0.011,-0.043815580200000044,0.25739409329999996,0,0.17780000000000015,0.1521333333333339,0,0,339,-1
1869,-576452090096,1.1089156943463,3.1368764395975255,-0.23399272235609642,0.008940692238944524,0.23780643034230323,-0.03139286061620847,0,8876256,0.012,-0.030052150200000027,0.23405610329999996,0,-0.07594999999999988,0.03838333333333388,0,1,341,1
1870,-576452090085,1.1061238994944074,3.1369814566700027,-0.23127164771345468,0.008563302626939705,0.15894964936747585,-0.03179145276965214,0,8876268,0.012,-0.03184738020000003,0.14788506329999995,0,0.28280000000000016,-0.022866666666666147,0,0,341,-1
1871,-576452090074,1.0918176337916887,3.1293961887929087,-0.23604747417451674,9.142343795887718e-4,0.0983408912673726,-0.0916720038742815,0,8876279,0.011,-0.10006612020000004,0.08983929329999994,0,0.13405000000000014,0.08213333333333384,0,1,342,2
1872,-576452090062,1.0889917924146377,3.1294001582286284,-0.23491571817905102,-2.4013564254513794e-4,0.06936952580718041,-0.12422255366389595,0,8876291,0.012,-0.12878980020000005,0.06530448329999995,0,0.10780000000000015,0.230883333333334,0,0,342,-1
1873,-576452090051,1.0864126765446156,3.129390568438143,-0.23404695816297158,-0.0015277525141790063,0.13717437988304723,-0.0736509802396871,0,8876302,0.011,-0.06655516020000005,0.14668824329999994,0,-0.014699999999999852,0.11713333333333398,0,0,342,-1
1874,-576452090021,1.0838471013440993,3.1293691572024667,-0.2324472953247455,-0.002359113457748264,0.1958962020983487,-0.08736981696774752,0,8876313,0.011,-0.08929474020000006,0.20413560329999994,0,0.09030000000000014,0.21338333333333392,0,0,342,-1
1875,-576452090020,1.0813024141086558,3.1293377142645085,-0.23023834882700922,-0.0033495199905108635,0.23093496022262766,-0.10637553222699962,0,8876324,0.011,-0.10904227020000003,0.23585133329999997,0,0.0028000000000001357,0.2046333333333339,0,0,342,-1
1876,-576452090018,1.0787844954079457,3.129293866351107,-0.22759421266913335,-0.00460020806666255,0.2982196547324941,-0.15856797241600434,0,8876335,0.011,-0.16589122020000002,0.3076605333,0,0.09030000000000014,0.0996333333333339,0,0,342,-1
1877,-576452090007,1.0702830088682327,3.1326441714689617,-0.22745470617275224,-0.0032810512956806693,0.3474301733861739,-0.09676577939942647,0,8876346,0.011,-0.08809792020000005,0.3543365133,0,-0.19844999999999988,0.0996333333333339,0,1,343,1
1878,-576452089996,1.0678017414681849,3.1326029130667767,-0.22367626329416304,-0.0042462767081406175,0.319376186233637,-0.03248853601264953,0,8876357,0.011,-0.023469640200000027,0.3154398633,0,-0.04094999999999985,0.16088333333333393,0,0,343,-1
1879,-576452089986,1.0653602136636464,3.1325550359152396,-0.2202219090071796,-0.004490199689587207,0.2812889199465129,0.04101776284662935,0,8876368,0.011,0.051331609799999976,0.27594480329999993,0,0.07280000000000016,0.16088333333333393,0,0,343,-1
1880,-576452089974,1.0629540837051543,3.1325080410210338,-0.21722810967189832,-0.0040509630600789395,0.21625300075248627,0.03326964674908999,0,8876379,0.011,0.032182489799999964,0.20712765329999994,0,0.20405000000000015,0.19588333333333385,0,0,343,-1
1881,-576452089963,1.0605778788645093,3.132465368784151,-0.21481794015407832,-0.003702667639224074,0.23658847379012293,0.021820716896836505,0,8876390,0.011,0.02021428979999997,0.23944179329999996,0,-0.005949999999999844,0.22213333333333396,0,0,343,-1
1882,-576452089943,1.0582297528775817,3.1324251227758695,-0.2121362785987168,-0.00358144838391487,0.28789498268338054,-0.05515596534318582,0,8876401,0.011,-0.06595675020000002,0.29509392329999995,0,0.02030000000000015,0.0996333333333339,0,0,343,-1
1883,-576452089938,1.0557048789056416,3.1323774863933744,-0.20867713980655525,-0.004335188892381942,0.2905346720824825,-0.11028336161451352,0,8876413,0.012,-0.11801842020000003,0.29090505329999994,0,0.09030000000000014,0.1258833333333338,0,0,343,-1
1884,-576452089929,1.049373377567809,3.1295906792654096,-0.20750379237916294,-0.007962405769826302,0.3921407286577905,-0.04307549716792244,0,8876424,0.011,-0.03364261020000003,0.40639818329999994,0,0.22155000000000016,0.02088333333333381,0,1,344,2
1885,-576452089918,1.0469128303183197,3.1294936756962715,-0.20262405360585217,-0.008256291365732912,0.49647985727175226,0.09061845704132493,0,8876436,0.012,0.10937737979999997,0.5111199333,0,-0.04094999999999985,0.22213333333333396,0,0,344,-1
1886,-576452089906,1.044714401442712,3.129410025167676,-0.1971067718994695,-0.00702525151621679,0.5324087090277813,0.24088733878876792,0,8876447,0.011,0.26197192979999995,0.5374499733,0,-0.014699999999999852,0.16088333333333393,0,0,344,-1
1887,-576452089893,1.042577343901409,3.1293473110397394,-0.19140482383932897,-0.0043769225635489645,0.43239898945161775,0.23996076904632896,0,8876458,0.011,0.2398307598,0.4183663832999999,0,-0.06719999999999984,0.21338333333333392,0,0,344,-1
1888,-576452089884,1.0404968606658391,3.1293128761247875,-0.18681729648596354,-0.0018517517060457412,0.3230092699726868,0.1658531670534268,0,8876469,0.011,0.15545494979999996,0.3076605333,0,0.055300000000000155,0.1258833333333338,0,0,344,-1
1889,-576452089873,1.0384617168807244,3.1293010439195013,-0.18322098167233783,-2.3988531372097965e-4,0.3510065562098316,0.02816400048448156,0,8876480,0.011,0.008844499799999975,0.3549349232999999,0,0.0028000000000001357,-0.03161666666666607,0,0,344,-1
1890,-576452089861,1.028816689657938,3.13337935348307,-0.1829229412611888,0.003671672629931493,0.43474058909410196,0.013850170372269622,0,8876492,0.012,0.01183654979999997,0.44649165329999996,0,-0.17219999999999988,0.3446333333333338,0,1,345,1
1891,-576452089849,1.0266530215285625,3.133425021362185,-0.17769401224170767,0.003918734018582294,0.44189705256539685,0.061938157738523764,0,8876504,0.012,0.06868549979999997,0.4429011933,0,-0.03219999999999984,0.2046333333333339,0,0,345,-1
1892,-576452089838,1.0247257838998134,3.1334719537907625,-0.172741693717575,0.004610925110199761,0.5005031322178671,0.06890481169762455,0,8876515,0.011,0.06988231979999997,0.5087262933,0,0.15155000000000016,0.16963333333333397,0,0,345,-1
1893,-576452089827,1.0228562150183853,3.1335283052165988,-0.167192571313904,0.00557540041276202,0.5287055444800816,0.20253068030140156,0,8876526,0.011,0.22128004979999996,0.5326626932999999,0,-0.049699999999999855,-0.0666166666666661,0,0,345,-1
1894,-576452089816,1.0210493495747262,3.1336007930887546,-0.16133904956077785,0.007647968520142971,0.553166865990859,0.10194766628416346,0,8876537,0.011,0.08783461979999996,0.5565990932999999,0,-0.18969999999999984,0.1521333333333339,0,0,345,-1
1895,-576452089803,1.0191541549588123,3.1336992634031593,-0.15456135050291755,0.00878512371903023,0.6369924609057664,0.05021290021846936,0,8876549,0.012,0.04295386979999997,0.6487542332999999,0,-0.11094999999999985,0.13463333333333383,0,0,345,-1
1896,-576452089793,1.0077723955533484,3.1271373204774218,-0.15251006118806,0.003242717006207453,0.7716773832872242,0.02809770857092836,0,8876560,0.011,0.025001569799999967,0.7905774033,0,-0.06719999999999984,0.13463333333333383,0,1,346,2
1897,-576452089781,1.0059990836961672,3.1271784895884447,-0.14308220581703426,0.003612123081413171,0.8722161633840818,0.04742318531668291,0,8876572,0.012,0.05013478979999997,0.8863230033,0,-0.29469999999999985,0.0996333333333339,0,0,346,-1
1898,-576452089770,1.0044776643936753,3.1272206006040646,-0.133527440983978,0.004065499606421625,0.8468032331373441,0.003620737429024086,0,8876583,0.011,-0.0025252902000000295,0.8432374832999999,0,-0.06719999999999984,-0.13661666666666616,0,0,346,-1
1899,-576452089760,1.003058240773844,3.1272649361944356,-0.12447450949607385,0.004019958484100719,0.6773218560925103,-0.05162287503836533,0,8876594,0.011,-0.059374240200000046,0.6535415133,0,0.04655000000000015,0.11713333333333398,0,0,346,-1
1900,-576452089748,1.0017292640120576,3.127305279056573,-0.11712825844551665,0.0033452138467639212,0.609762447645818,-0.12086894613037968,0,8876605,0.011,-0.13058503020000004,0.6002830233,0,0.02905000000000016,-0.0928666666666661,0,0,346,-1
1901,-576452089736,1.000368584854327,3.1273376145858753,-0.10968328604741996,0.00201439272095406,0.6864633533213595,-0.04909857493533237,0,8876617,0.012,-0.03902830020000003,0.6972254432999999,0,-0.09344999999999984,0.24838333333333384,0,0,346,-1
1902,-576452089724,0.9924243830914531,3.130864556558007,-0.10495183948576632,0.004714533455362392,0.778289466596937,0.0452754218747306,0,8876629,0.012,0.05851252979999998,0.7911758132999999,0,0.15155000000000016,0.09088333333333387,0,1,347,1
1903,-576452089704,0.9912217863414567,3.1309238403922754,-0.09550677466659838,0.005184628435249153,0.8410183514296004,0.0017821291243153015,0,8876641,0.012,-0.004320520200000038,0.8498199932999999,0,-0.11969999999999983,-0.005366666666666076,0,0,347,-1
1904,-576452089602,0.990221364262919,3.130979774398296,-0.08635573180526392,0.005037813263329898,0.7768424934753514,-0.10485161158783243,0,8876652,0.011,-0.11981365020000001,0.7678378232999999,0,-0.08469999999999986,0.05588333333333395,0,0,347,-1
1905,-576452089601,0.989239809229716,3.1310331398546594,-0.0771956578574801,0.0038408863279717443,0.6797336942816662,-0.06811877371316433,0,8876664,0.012,-0.06296470020000003,0.6661081233,0,0.06405000000000015,0.13463333333333383,0,0,347,-1
1906,-576452089601,0.9884305427356549,3.131071508118803,-0.06989018773265784,0.003124802927782896,0.5696513709043616,-0.046806023797325846,0,8876675,0.011,-0.043815580200000044,0.5542054532999999,0,0.13405000000000014,0.03838333333333388,0,0,347,-1
1907,-576452089600,0.9876958712505772,3.1311030262100297,-0.06367252716207761,0.0026066906689064984,0.5382636065872209,-0.048906541473710846,0,8876686,0.011,-0.049201270200000036,0.5338595132999999,0,0.15155000000000016,0.2396333333333338,0,0,347,-1
1908,-576452089600,0.9870284703513151,3.1311292920761535,-0.05769035255024847,0.0021468977619263615,0.5779579357643002,0.001738387118869436,0,8876697,0.011,0.008844499799999975,0.5835275433,0,-0.18094999999999986,0.0733833333333338,0,0,347,-1
1909,-576452089600,0.9864294723166858,3.1311529040010644,-0.05124346901320659,0.0021505292309812935,0.6358447185102192,-0.008297982809733527,0,8876708,0.011,-0.00970621020000003,0.6439669533,0,-0.04094999999999985,0.1521333333333339,0,0,347,-1
1910,-576452089599,0.9859047737799745,3.1311763980810667,-0.04417662633724918,0.0021075630116173623,0.6828506036288118,0.023003256979064038,0,8876719,0.011,0.02739520979999997,0.6894461132999999,0,0.17780000000000015,-0.05786666666666607,0,0,347,-1
1911,-576452089599,0.9854614499030938,3.131201117530402,-0.03647977111306157,0.0023811227315605346,0.8030359903856271,0.03630078185488667,0,8876730,0.011,0.03816658979999997,0.8198994933,0,0.02030000000000015,0.029633333333333844,0,0,347,-1
1912,-576452089593,0.9851107481408058,3.131229284259211,-0.027363552810334493,0.0027489384031211565,0.9862779761463767,0.01589636323204369,0,8876741,0.011,0.013033369799999969,1.0119891033,0,0.07280000000000016,0.03838333333333388,0,0,347,-1
1913,-576452089592,0.9848628352212893,3.131260462722353,-0.0174492171551993,0.0029207332377287408,0.3806670677083167,0.013910430793800303,0,8876752,0.011,0.013631779799999962,0.29569233329999994,0,0.08155000000000015,-0.10161666666666613,0,0,347,-1
1914,-576452089589,0.9865524514342429,3.1326456384427246,-0.012713266004882949,0.00423756796601652,0.10725798355090312,-0.013096505981784334,0,8876763,0.011,-0.016887130200000048,0.06889494329999994,0,0.17780000000000015,-0.005366666666666076,0,1,348,2
1915,-576452089577,0.9855336361939931,3.133142532798533,-0.011999344515890844,0.00448536039735932,-0.006675754135183623,-0.002775912177532331,0,8876776,0.013,-0.0013284702000000408,-0.02266178670000006,0,0.16030000000000016,-0.05786666666666607,0,1,349,1
1916,-576452089566,0.985400459912355,3.133191485990023,-0.0121790739435996,0.0044254397098155655,-0.0742220256313932,-0.021448109006630023,0,8876787,0.011,-0.02406805020000003,-0.08369960670000007,0,0.24780000000000016,-0.26786666666666614,0,0,349,-1
1917,-576452089556,0.985261968075422,3.133239442112888,-0.013000254973885465,0.004270393843543498,-0.07728564310661755,0.030831158995122183,0,8876798,0.011,0.03816658979999997,-0.07771550670000008,0,0.23905000000000015,-0.3991166666666661,0,0,349,-1
1918,-576452089543,0.9851150625814913,3.133288243282528,-0.013740791815229865,0.00460407445923132,-0.006292909254897033,0.02729321701438112,0,8876809,0.011,0.026796799799999965,0.0036682532999999466,0,0.11655000000000015,0.012133333333333995,0,0,349,-1
1919,-576452089532,0.9895187346514666,3.136453382835156,-0.011355116111268172,0.007701749354336587,0.04285135744453114,0.03210897103087473,0,8876821,0.012,0.03278089979999997,0.04974582329999995,0,0.25655000000000017,-0.05786666666666607,0,1,350,2
1920,-576452089520,0.989385272584138,3.136548170886052,-0.010878386188643518,0.008094225644523301,0.020559506882148523,0.036371661384830535,0,8876833,0.012,0.03696976979999996,0.017431683299999935,0,-0.03219999999999984,0.00338333333333396,0,0,350,-1
1921,-576452089510,0.9892663909315227,3.136639307517844,-0.010716289989053763,0.008480392912531809,-0.020492184397753372,0.027450183925674256,0,8876844,0.011,0.026198389799999965,-0.02625224670000006,0,-0.03219999999999984,-0.10161666666666613,0,0,350,-1
1922,-576452089498,0.9891471535876794,3.1367339993541377,-0.010958432535756906,0.008746583922241839,-0.03131603586622188,0.004311775910210848,0,8876855,0.011,0.0010651697999999538,-0.03283475670000006,0,0.10780000000000015,-0.04911666666666614,0,0,350,-1
1923,-576452089487,0.9890247245630592,3.1368304073880093,-0.01130172450982009,0.008784757803761006,-0.03054877318627165,-0.001684007322393907,0,8876866,0.011,-0.0025252902000000295,-0.030441116700000066,0,-0.04094999999999985,0.178383333333334,0,0,350,-1
1924,-576452089476,0.988887193651962,3.1369358904704914,0.0,0.0,0.0,0.0,1,8876878,0.012,0.015427009799999964,-0.0041110767000000735,0,0.21280000000000016,0.08213333333333384,0,0,350,-1
1925,-576452089463,0.9859879269925351,3.1384109713020023,-0.0016140027561573843,0.0013486477030256378,-7.956906017409249e-7,1.8734058772699407e-6,1,8876890,0.012,0.03098566979999997,0.047352183299999934,0,-0.13719999999999985,0.047133333333333916,0,1,351,1
1926,-576452089452,0.9859691666492579,3.138427545426107,0.0,0.0,0.0,0.0,1,8876902,0.012,0.03457612979999997,0.05333628329999995,0,0.19530000000000014,-0.05786666666666607,0,0,351,-1
1927,-576452089440,0.9859694110632408,3.1384277161756424,0.0,0.0,0.0,0.0,1,8876913,0.011,0.017222239799999962,0.024612603299999945,0,0.011550000000000143,0.06463333333333399,0,0,351,-1
1928,-576452089429,0.9859693199249452,3.138427783836332,-1.2871706536386345e-5,9.554421286680019e-6,-0.008328214708759515,0.006181875820364545,0,8876924,0.011,0.007049269799999965,-0.009496766700000065,0,0.011550000000000143,0.27463333333333395,0,0,351,-1
1929,-576452089418,0.9859683663327554,3.13842815127658,-1.4818905666951922e-4,6.171724489021816e-5,-0.03664139565723701,-0.004077782652845583,0,8876935,0.011,-0.005517340200000027,-0.04061408670000008,0,0.03780000000000014,0.11713333333333398,0,0,351,-1
1930,-576452089407,0.9859646070990664,3.138428723792874,-5.388021406538653e-4,3.678250999298881e-5,-0.028580158433265147,0.008828778870471518,0,8876946,0.011,0.010639729799999966,-0.027449066700000066,0,-0.07594999999999988,0.0996333333333339,0,0,351,-1
1931,-576452089395,0.9830518923066139,3.136457969241104,-0.002360792686459649,-0.0015872942205665916,-0.01132075028073929,0.023009459108944245,0,8876958,0.012,0.025001569799999967,-0.008898356700000063,0,0.24780000000000016,0.06463333333333399,0,1,352,2
1932,-576452089383,0.9830231653396102,3.136440797988003,-0.002441007104105844,-0.001281773192610531,0.021765431010407767,0.04049976288447625,0,8876970,0.012,0.04295386979999997,0.026407833299999944,0,-0.05844999999999986,0.08213333333333384,0,0,352,-1
1933,-576452089372,0.9829976949291654,3.136429113766423,0.0,0.0,0.0,0.0,1,8876981,0.011,0.03696976979999996,0.02820306329999994,0,0.16030000000000016,-0.03161666666666607,0,0,352,-1
1934,-576452089361,0.9829977472547932,3.1364294111478217,0.0,0.0,0.0,0.0,1,8876992,0.011,0.03098566979999997,0.005463483299999938,0,0.12530000000000016,-0.15411666666666612,0,0,352,-1
1935,-576452089347,0.9829975480946272,3.1364296097820996,0.0,0.0,0.0,0.0,1,8877003,0.011,0.020812699799999973,-0.02086655670000007,0,0.22155000000000016,0.0733833333333338,0,0,352,-1
1936,-576452089339,0.9829973148945634,3.136429831055278,0.0,0.0,0.0,0.0,1,8877014,0.011,0.023206339799999965,-0.02445701670000007,0,-0.09344999999999984,0.029633333333333844,0,0,352,-1
1937,-576452089326,0.9822761639811508,3.1367957992861584,-4.039379646408303e-4,3.395530416428714e-4,-1.9328955586455306e-7,4.529788704728238e-7,1,8877026,0.012,0.008844499799999975,-0.02086655670000007,0,0.03780000000000014,0.047133333333333916,0,1,353,1
1938,-576452089314,0.9822713836144388,3.1368001261140916,0.0,0.0,0.0,0.0,1,8877038,0.012,0.022607929799999964,0.005463483299999938,0,0.04655000000000015,0.22213333333333396,0,0,353,-1
1939,-576452089304,0.9822717311716173,3.1368005447308334,0.0,0.0,0.0,0.0,1,8877050,0.012,0.03696976979999996,0.03059670329999994,0,0.14280000000000015,0.16963333333333397,0,0,353,-1
1940,-576452089292,0.9822720169589174,3.1368007690078894,0.0,0.0,0.0,0.0,1,8877061,0.011,0.022607929799999964,0.02880147329999994,0,0.08155000000000015,0.1258833333333338,0,0,353,-1
1941,-576452089281,0.9822720751713128,3.136800957347542,0.0,0.0,0.0,0.0,1,8877072,0.011,0.019615879799999965,0.006061893299999941,0,0.08155000000000015,-0.03161666666666607,0,0,353,-1
1942,-576452089269,0.9822716589799778,3.1368008761306756,0.0,0.0,0.0,0.0,1,8877083,0.011,-0.008509390200000024,-0.043606136700000075,0,0.055300000000000155,-0.005366666666666076,0,0,353,-1
1943,-576452089258,0.9749533380822551,3.1318158708400663,-0.0037921706823283723,-0.00443315946470652,-1.5032851636709004e-6,-5.259537493904171e-6,1,8877095,0.012,-0.0037221102000000355,-0.014882456700000057,0,-0.049699999999999855,0.06463333333333399,0,1,354,2
1944,-576452089246,0.9749077738207017,3.131762910548348,0.0,0.0,0.0,0.0,1,8877107,0.012,0.021411109799999967,-0.004709486700000059,0,-0.14594999999999983,-0.014116666666666111,0,0,354,-1
1945,-576452089235,0.9749079160745537,3.131763145896625,0.0,0.0,0.0,0.0,1,8877118,0.011,0.02380474979999997,0.014439633299999938,0,-0.06719999999999984,-0.022866666666666147,0,0,354,-1
1946,-576452089223,0.9749082725217858,3.1317635330317546,0.0,0.0,0.0,0.0,1,8877130,0.012,0.03517453979999997,0.032391933299999946,0,0.18655000000000016,-0.014116666666666111,0,0,354,-1
1947,-576452089212,0.9749083972311864,3.131763702898132,0.0,0.0,0.0,0.0,1,8877141,0.011,0.017222239799999962,0.012644403299999938,0,0.07280000000000016,0.09088333333333387,0,0,354,-1
1948,-576452089201,0.9749083061342873,3.131763839398491,0.0,0.0,0.0,0.0,1,8877152,0.011,0.014230189799999966,-0.009496766700000065,0,0.11655000000000015,-0.005366666666666076,0,0,354,-1
1949,-576452089189,0.9721604957502739,3.133153560647572,-0.001546841624165159,0.0013043919593586067,-7.388541512513496e-7,1.7183511817585957e-6,1,8877164,0.012,0.014828599799999969,-0.030441116700000066,0,-0.10219999999999987,-0.07536666666666614,0,1,355,1
1950,-576452089176,0.972141758808651,3.1331694110821164,0.0,0.0,0.0,0.0,1,8877176,0.012,0.017820649799999966,-0.016079276700000065,0,0.16030000000000016,0.10838333333333394,0,0,355,-1
1951,-576452089165,0.972141726086994,3.1331695043870322,-4.302268117980009e-6,1.2173904567405597e-5,-0.002555665131168237,0.007231430289014457,0,8877188,0.012,0.00824608979999997,-0.002914256700000068,0,0.07280000000000016,0.2921333333333338,0,0,355,-1
1952,-576452089154,0.9721417105800376,3.1331701808546844,-6.6972286789299525e-6,1.062123956349496e-4,0.013922738541296211,0.01651767438361481,0,8877199,0.011,0.017820649799999966,0.01623486329999994,0,-0.09344999999999984,0.03838333333333388,0,0,355,-1
1953,-576452089143,0.9721426623149302,3.133172406987158,1.7229675361994713e-4,2.961614275329801e-4,0.030644125033000666,0.021858540000418994,0,8877210,0.011,0.022607929799999964,0.03299034329999994,0,0.20405000000000015,0.09088333333333387,0,0,355,-1
1954,-576452089132,0.96933986260664,3.1312624656741543,-9.986848829350206e-4,-0.0011916182397208282,0.014334006632522208,0.01936550925954806,0,8877220,0.01,0.01901746979999997,0.012045993299999936,0,-0.02344999999999986,0.10838333333333394,0,1,356,2
1955,-576452089121,0.9693287120990298,3.1312493943084476,-8.542531294541076e-4,-9.82265469149972e-4,-0.002366235280060164,0.005416087041533084,0,8877232,0.012,0.0034588097999999822,-0.004709486700000059,0,0.14280000000000015,-0.1191166666666661,0,0,356,-1
1956,-576452089110,0.9693190146146682,3.1312388628780283,0.0,0.0,0.0,0.0,1,8877243,0.011,-1.31650200000035e-4,-0.018472916700000057,0,0.21280000000000016,0.02088333333333381,0,0,356,-1
1957,-576452089099,0.9693189637448025,3.131238918944526,0.0,0.0,0.0,0.0,1,8877254,0.011,0.005852449799999977,-0.005307896700000063,0,0.09030000000000014,-0.005366666666666076,0,0,356,-1
1958,-576452089088,0.9693191186350235,3.1312391803222956,2.197708352631861e-5,3.708481253119001e-5,0.01423720636727435,0.02402430178746116,0,8877265,0.011,0.02739520979999997,0.01623486329999994,0,0.26530000000000015,0.00338333333333396,0,0,356,-1
1959,-576452089074,0.9693202293695693,3.1312410510433564,1.796703204173646e-4,3.026749060163969e-4,0.014939502436361012,0.024881319559249302,0,8877276,0.011,0.025001569799999967,0.015038043299999942,0,0.16030000000000016,-0.03161666666666607,0,0,356,-1
1960,-576452089065,0.9693231561625463,3.131245846998507,3.506179207643966e-4,5.708624485666717e-4,0.01922413598231531,0.02131333268606122,0,8877287,0.011,0.020812699799999973,0.01982532329999994,0,0.0028000000000001357,-0.18036666666666612,0,0,356,-1
1961,-576452089053,0.9669533765328373,3.132455904441625,-7.881528547402848e-4,0.001969714661425495,0.0024330578883142865,0.024549228980250096,0,8877299,0.012,0.025001569799999967,7.779329999994643e-5,0,0.06405000000000015,0.029633333333333844,0,1,357,1
1962,-576452089042,0.9669437884124673,3.132481078727232,-7.986123971340399e-4,0.002234086840965766,-0.0211482642375381,0.006578707258861956,0,8877311,0.012,0.004057219799999968,-0.02445701670000007,0,0.02905000000000016,0.19588333333333385,0,0,357,-1
1963,-576452089031,0.9669337153965284,3.1325061273994534,0.0,0.0,0.0,0.0,1,8877322,0.011,0.014230189799999966,-0.022063376700000074,0,-0.11094999999999985,-0.05786666666666607,0,0,357,-1
1964,-576452089020,0.9669336759841589,3.1325062410041307,0.0,0.0,0.0,0.0,1,8877333,0.011,0.01183654979999997,-0.0041110767000000735,0,0.011550000000000143,0.00338333333333396,0,0,357,-1
1965,-576452089009,0.9669338594874091,3.1325063025724513,0.0,0.0,0.0,0.0,1,8877344,0.011,0.006450859799999979,0.019226913299999936,0,0.011550000000000143,-0.005366666666666076,0,0,357,-1
1966,-576452088999,0.9661323060013284,3.131956956437662,-4.16073304733312e-4,-4.890295924435569e-4,-1.2430717382788505e-7,-4.419896972722215e-7,1,8877354,0.01,0.01183654979999997,0.03358875329999995,0,-0.03219999999999984,-0.0928666666666661,0,1,358,2
1967,-576452088985,0.9661276456202461,3.1319512864770283,0.0,0.0,0.0,0.0,1,8877366,0.012,0.01901746979999997,0.03179352329999994,0,-0.10219999999999987,0.0733833333333338,0,0,358,-1
1968,-576452088976,0.9661276930820862,3.1319513553939466,0.0,0.0,0.0,0.0,1,8877377,0.011,0.007049269799999965,0.004865073299999936,0,-0.005949999999999844,0.19588333333333385,0,0,358,-1
1969,-576452088965,0.9661276422396475,3.1319513197410767,0.0,0.0,0.0,0.0,1,8877388,0.011,-0.0037221102000000355,-0.005307896700000063,0,0.055300000000000155,-0.022866666666666147,0,0,358,-1
1970,-576452088954,0.9661273575068021,3.13195126710198,0.0,0.0,0.0,0.0,1,8877399,0.011,-0.005517340200000027,-0.02984270670000006,0,0.15155000000000016,0.178383333333334,0,0,358,-1
1971,-576452088884,0.9661272612524041,3.1319514027814055,0.0,0.0,0.0,0.0,1,8877410,0.011,0.014230189799999966,-0.01009517670000007,0,0.0028000000000001357,-0.05786666666666607,0,0,358,-1
1972,-576452088884,0.9661271180637614,3.131951604305994,0.0,0.0,0.0,0.0,1,8877422,0.012,0.01841905979999997,-0.013087226700000065,0,0.011550000000000143,-0.04036666666666611,0,0,358,-1
1973,-576452088884,0.9661272485412632,3.131951874222879,0.0,0.0,0.0,0.0,1,8877433,0.011,0.02739520979999997,0.013242813299999942,0,-0.049699999999999855,0.178383333333334,0,0,358,-1
1974,-576452088884,0.9661272607656892,3.1319520795703077,0.0,0.0,0.0,0.0,1,8877444,0.011,0.021411109799999967,0.0012746132999999521,0,0.14280000000000015,-0.1191166666666661,0,0,358,-1
1975,-576452088883,0.966127244376714,3.131952278179558,0.0,0.0,0.0,0.0,1,8877455,0.011,0.020812699799999973,-0.0017174367000000453,0,0.20405000000000015,0.13463333333333383,0,0,358,-1
1976,-576452088883,0.9661271470077932,3.1319525386594282,0.0,0.0,0.0,0.0,1,8877467,0.012,0.02380474979999997,-0.008898356700000063,0,0.055300000000000155,0.19588333333333385,0,0,358,-1
1977,-576452088861,0.9723997753740713,3.1286626816256606,0.00354609824937789,-0.0031171550318364865,1.267604025855469e-6,-2.928836189705227e-6,1,8877477,0.01,-0.0031237002000000322,-0.013087226700000065,0,0.04655000000000015,0.02088333333333381,0,1,359,1
1978,-576452088860,0.9724387854790661,3.1286284903620327,0.0,0.0,0.0,0.0,1,8877488,0.011,0.010639729799999966,7.779329999994643e-5,0,-0.09344999999999984,0.03838333333333388,0,0,359,-1
1979,-576452088853,0.9724389626998752,3.1286287233927634,0.0,0.0,0.0,0.0,1,8877500,0.012,0.021411109799999967,0.01623486329999994,0,-0.05844999999999986,-0.17161666666666608,0,0,359,-1
1980,-576452088842,0.9795095584352984,3.133482467832546,0.003676286219949591,0.004301714205020424,1.2701206291820573e-6,4.481029452126702e-6,1,8877511,0.011,0.014230189799999966,0.026407833299999944,0,0.02030000000000015,0.00338333333333396,0,1,360,2
1981,-576452088830,0.9795538972799921,3.1335340863369066,0.0,0.0,0.0,0.0,1,8877523,0.012,-1.31650200000035e-4,0.020423733299999934,0,0.0028000000000001357,0.047133333333333916,0,0,360,-1
1982,-576452088819,0.9795539218572561,3.1335340084609937,0.0,0.0,0.0,0.0,1,8877534,0.011,-0.007910980200000039,0.002471433299999941,0,0.04655000000000015,0.047133333333333916,0,0,360,-1
1983,-576452088808,0.979553750406785,3.133534047380681,0.0,0.0,0.0,0.0,1,8877545,0.011,0.004057219799999968,-0.017874506700000056,0,0.04655000000000015,-0.08411666666666606,0,0,360,-1
1984,-576452088793,0.9795536711978841,3.1335341432016692,0.0,0.0,0.0,0.0,1,8877556,0.011,0.010041319799999962,-0.00829994670000006,0,0.22155000000000016,0.09088333333333387,0,0,360,-1
1985,-576452088783,0.9785801779061553,3.1340325377779323,-5.499359039119927e-4,4.7318264639038365e-4,-2.688305281663311e-7,6.277773062820903e-7,1,8877568,0.012,0.024403159799999963,-0.014882456700000057,0,0.055300000000000155,0.09088333333333387,0,1,361,1
1986,-576452088773,0.9785736076480958,3.1340385680274805,0.0,0.0,0.0,0.0,1,8877580,0.012,0.03158407979999997,0.001873023299999938,0,0.15155000000000016,0.1258833333333338,0,0,361,-1
1989,-576452088679,0.978573689440849,3.134039151358226,0.0,0.0,0.0,0.0,1,8877613,0.011,0.012434959799999975,-0.01009517670000007,0,-0.02344999999999986,-0.0928666666666661,0,0,361,-1
1990,-576452088678,0.9785735988894944,3.134039252808224,0.0,0.0,0.0,0.0,1,8877624,0.011,0.010639729799999966,-0.009496766700000065,0,0.09905000000000015,0.0733833333333338,0,0,361,-1
1991,-576452088678,0.9785737251421639,3.134039285783403,0.0,0.0,0.0,0.0,1,8877635,0.011,0.0034588097999999822,0.013242813299999942,0,0.09905000000000015,0.13463333333333383,0,0,361,-1
1992,-576452088678,0.9785739255561868,3.134039392921897,0.0,0.0,0.0,0.0,1,8877646,0.011,0.011238139799999968,0.021022143299999938,0,0.09030000000000014,-0.0928666666666661,0,0,361,-1
1993,-576452088677,0.978574183018674,3.134039488650249,0.0,0.0,0.0,0.0,1,8877657,0.011,0.010041319799999962,0.02700624329999994,0,0.011550000000000143,0.00338333333333396,0,0,361,-1
1994,-576452088677,0.9785742351044598,3.1340396071981815,0.0,0.0,0.0,0.0,1,8877668,0.011,0.012434959799999975,0.005463483299999938,0,-0.03219999999999984,0.22213333333333396,0,0,361,-1
1995,-576452088673,0.9785742757804324,3.1340397314510122,0.0,0.0,0.0,0.0,1,8877679,0.011,0.013033369799999969,0.00426666329999995,0,0.011550000000000143,0.06463333333333399,0,0,361,-1
1996,-576452088662,0.9770016379417971,3.1349321035235134,-8.950347297237968e-4,8.467440903696174e-4,-4.026406958451469e-7,9.397121340195785e-7,1,8877690,0.011,0.014230189799999966,-0.01907132670000006,0,0.03780000000000014,0.09088333333333387,0,1,363,1
1997,-576452088651,0.9769907004092936,3.134942436981711,0.0,0.0,0.0,0.0,1,8877702,0.012,0.016025419799999965,-0.018472916700000057,0,0.16030000000000016,0.06463333333333399,0,0,363,-1
1998,-576452088640,0.9769905073066483,3.1349426180599167,0.0,0.0,0.0,0.0,1,8877713,0.011,0.01841905979999997,-0.019669736700000048,0,0.23905000000000015,-0.014116666666666111,0,0,363,-1
1999,-576452088629,0.9769904736837053,3.134942800412705,0.0,0.0,0.0,0.0,1,8877724,0.011,0.01901746979999997,-0.0035126667000000707,0,0.02030000000000015,-0.07536666666666614,0,0,363,-1
2000,-576452088618,0.9769905144043436,3.1349429419145216,0.0,0.0,0.0,0.0,1,8877735,0.011,0.014828599799999969,0.00426666329999995,0,-0.03219999999999984,0.03838333333333388,0,0,363,-1
2001,-576452088607,0.9769905664995407,3.1349432944147266,0.0,0.0,0.0,0.0,1,8877746,0.011,0.03696976979999996,0.005463483299999938,0,-0.24219999999999983,0.02088333333333381,0,0,363,-1
2002,-576452088595,0.9769905672412847,3.1349434357852894,0.0,0.0,0.0,0.0,1,8877757,0.011,0.014828599799999969,7.779329999994643e-5,0,0.06405000000000015,0.0996333333333339,0,0,363,-1
2003,-576452088584,0.974880991097267,3.1335128618229926,-0.0010868999194286022,-0.001241013284765686,-3.5225893392452736e-7,-1.2391225480186226e-6,1,8877769,0.012,0.0016635797999999566,0.0036682532999999466,0,0.07280000000000016,-0.18036666666666612,0,1,364,2
2004,-576452088573,0.9748690933769363,3.1334992436516074,-0.001078618709321862,-0.0012362986198369706,0.005315950039165928,0.0030330599435486475,0,8877780,0.011,0.0034588097999999822,0.006061893299999941,0,0.04655000000000015,0.3183833333333339,0,0,364,-1
2006,-576452088474,0.9748466589078738,3.133472144098859,-8.221679603962993e-4,-0.0010926137433921114,0.015673911511297305,0.010395414970699976,0,8877803,0.011,0.010639729799999966,0.015636453299999943,0,0.08155000000000015,-0.0666166666666661,0,0,364,-1
2007,-576452088474,0.9748385055682027,3.1334608427112696,-6.579152274210443e-4,-9.657687973007645e-4,0.01039329009043223,0.01848132602219244,0,8877814,0.011,0.019615879799999965,0.009652353299999942,0,-0.09344999999999984,0.08213333333333384,0,0,364,-1
2008,-576452088473,0.97483201585619,3.1334513596225215,-5.267702452893991e-4,-7.593181724531366e-4,0.021288622764949076,0.02052583043104065,0,8877825,0.011,0.020812699799999973,0.022817373299999943,0,-0.10219999999999987,0.1521333333333339,0,0,364,-1
2009,-576452088473,0.9748273356314767,3.133444103320803,0.0,0.0,0.0,0.0,1,8877836,0.011,0.005254039799999974,0.0030698432999999438,0,-0.005949999999999844,0.178383333333334,0,0,364,-1
2010,-576452088472,0.9748272187698556,3.133444354232009,0.0,0.0,0.0,0.0,1,8877850,0.014,0.017820649799999966,-0.00829994670000006,0,0.07280000000000016,0.0733833333333338,0,0,364,-1
2011,-576452088471,0.9748271754760124,3.1334445040904577,0.0,0.0,0.0,0.0,1,8877861,0.011,0.014230189799999966,-0.0041110767000000735,0,0.11655000000000015,0.13463333333333383,0,0,364,-1
2012,-576452088471,0.9748271704207699,3.1334446713201927,-7.072173078052072e-7,2.3395073694935336e-5,-4.565561938639908e-4,0.015103088803912876,0,8877872,0.011,0.017222239799999962,-5.206167000000564e-4,0,-0.29469999999999985,0.1521333333333339,0,0,364,-1
2013,-576452088468,0.9748271057977793,3.1334458455001473,-9.867687929960929e-6,1.8996767972298778e-4,-0.0031366203960094307,0.015387152179302366,0,8877883,0.011,0.015427009799999964,-0.0035126667000000707,0,-0.10219999999999987,0.03838333333333388,0,0,364,-1
2014,-576452088458,0.974202506385819,3.132987561523122,-3.599752394713951e-4,-2.134646221699075e-5,7.317070738434495e-4,0.01594647520231499,0,8877895,0.012,0.016025419799999965,0.0012746132999999521,0,-0.07594999999999988,-0.005366666666666076,0,1,366,2
2015,-576452088446,0.9741981849548487,3.132988461287144,-3.583363823271697e-4,1.7101026285476102e-4,-0.0035151849822312956,0.016540483110672636,0,8877907,0.012,0.016623829799999962,-0.0041110767000000735,0,0.09030000000000014,-0.08411666666666606,0,0,366,-1
2016,-576452088435,0.9741942087336867,3.132991237301571,-3.7243335028272603e-4,3.3832983198288494e-4,0.01223034046183239,0.007167583992740414,0,8877918,0.011,0.005852449799999977,0.014439633299999938,0,-0.049699999999999855,0.1258833333333338,0,0,366,-1
2017,-576452088424,0.9741907754325693,3.1329954546129573,0.0,0.0,0.0,0.0,1,8877929,0.011,0.013631779799999962,0.00426666329999995,0,-0.05844999999999986,0.047133333333333916,0,0,366,-1
2018,-576452088413,0.974190781883575,3.1329955047561295,0.0,0.0,0.0,0.0,1,8877940,0.011,0.005254039799999974,6.762032999999493e-4,0,0.13405000000000014,0.09088333333333387,0,0,366,-1
2019,-576452088402,0.9741909195655679,3.132995583382505,1.9544745773590765e-5,1.1161483236473191e-5,0.012662874664295238,0.0072314302890173435,0,8877951,0.011,0.00824608979999997,0.014439633299999938,0,-0.10219999999999987,0.30088333333333384,0,0,366,-1
2020,-576452088390,0.9724548457367294,3.1339166969136443,-8.1259197582058e-4,9.728997283252683e-4,0.00897283160182438,0.015469059156288163,0,8877963,0.012,0.016623829799999962,0.008455533299999936,0,0.28280000000000016,-0.05786666666666607,0,1,367,1
2021,-576452088378,0.972445669771739,3.133929544453129,-7.145043098480073e-4,0.0011664075590744956,0.0032714131428330994,0.02015517897070742,0,8877975,0.012,0.020812699799999973,0.002471433299999941,0,0.07280000000000016,0.06463333333333399,0,0,367,-1
2022,-576452088367,0.9724379113811502,3.13394358890818,-6.918966634407559e-4,0.0013873764681766652,-0.005301789813897564,0.019682239134676927,0,8877986,0.011,0.019615879799999965,-0.006504716700000068,0,0.02905000000000016,0.08213333333333384,0,0,367,-1
2023,-576452088354,0.9724292926572298,3.133961561608647,-7.467707961097603e-4,0.0016112074289608284,-5.9372920574917755e-5,0.012277163859817081,0,8877998,0.012,0.011238139799999968,6.762032999999493e-4,0,0.02030000000000015,-0.03161666666666607,0,0,367,-1
2024,-576452088343,0.9724202814144689,3.1339818291020367,-7.534592526872948e-4,0.0017649444258576888,-0.0036125252804559875,0.016088984067751104,0,8878010,0.012,0.016623829799999962,-0.0041110767000000735,0,0.055300000000000155,-0.0666166666666661,0,0,367,-1
2025,-576452088332,0.9724117105405502,3.134002150990257,0.0,0.0,0.0,0.0,1,8878021,0.011,0.009442909799999977,-0.01009517670000007,0,-0.03219999999999984,0.10838333333333394,0,0,367,-1
2026,-576452088321,0.9752857794113311,3.136071142684899,0.0014719384134151625,0.0017627923946614478,4.73366271963971e-7,1.6733633508066369e-6,1,8878032,0.011,0.01183654979999997,0.0012746132999999521,0,0.16030000000000016,0.02088333333333381,0,1,368,2
2027,-576452088308,0.9753033946302132,3.136092449940619,0.0,0.0,0.0,0.0,1,8878044,0.012,0.014230189799999966,-0.0041110767000000735,0,-0.03219999999999984,0.029633333333333844,0,0,368,-1
2028,-576452088299,0.9753034355795784,3.1360926170497945,0.0,0.0,0.0,0.0,1,8878054,0.01,0.019615879799999965,0.004865073299999936,0,0.16905000000000014,0.0733833333333338,0,0,368,-1
2029,-576452088287,0.9753035449901665,3.1360927625828765,0.0,0.0,0.0,0.0,1,8878066,0.012,0.013631779799999962,0.010250763299999936,0,0.09905000000000015,0.1521333333333339,0,0,368,-1
2030,-576452088277,0.9753035692152721,3.136092902101024,0.0,0.0,0.0,0.0,1,8878077,0.011,0.014230189799999966,0.002471433299999941,0,0.07280000000000016,-0.022866666666666147,0,0,368,-1
2031,-576452088264,0.9753036215705178,3.136092975387234,0.0,0.0,0.0,0.0,1,8878088,0.011,0.007647679799999968,0.005463483299999938,0,0.17780000000000015,0.230883333333334,0,0,368,-1
2032,-576452088253,0.9721917161630363,3.1377067054153547,-0.0017350904938313225,0.0014979281520475383,-7.432577617365765e-7,1.7315378160695804e-6,1,8878100,0.012,0.010041319799999962,-0.002315846700000065,0,-0.049699999999999855,-0.005366666666666076,0,1,369,1
2033,-576452088239,0.9721709622939685,3.137724925859867,0.0,0.0,0.0,0.0,1,8878112,0.012,0.02200951979999997,0.005463483299999938,0,0.02905000000000016,0.13463333333333383,0,0,369,-1
2034,-576452088230,0.9721710818431931,3.137725019376002,1.648424262950171e-5,1.2921935825529037e-5,0.0105637657269903,0.008280984757668822,0,8878123,0.011,0.009442909799999977,0.012045993299999936,0,0.09905000000000015,0.2658833333333339,0,0,369,-1
2035,-576452088219,0.9721718016302241,3.1377256621715284,1.1847345064813453e-4,1.0396546375693034e-4,0.00136806443613861,0.008250383532125453,0,8878134,0.011,0.00824608979999997,7.779329999994643e-5,0,0.06405000000000015,0.029633333333333844,0,0,369,-1
2036,-576452088208,0.9721731296018848,3.1377272934758373,1.252946952077197e-4,1.9309367852531368e-4,-0.0039616601284574605,0.007197063663713766,0,8878145,0.011,0.007049269799999965,-0.004709486700000059,0,0.03780000000000014,0.10838333333333394,0,0,369,-1
2037,-576452088198,0.9721742096800958,3.137729891460318,7.34144209456557e-5,2.777311717760944e-4,-0.009340463729849625,0.010740896083797928,0,8878156,0.011,0.011238139799999968,-0.01009517670000007,0,0.02030000000000015,0.16088333333333393,0,0,369,-1
2038,-576452088185,0.9691542137007185,3.1356061426751807,-0.0016001188124896927,-0.0014055960565273185,-0.015775434980063265,0.008551036514334566,0,8878168,0.012,0.00824608979999997,-0.016677686700000048,0,-0.09344999999999984,0.10838333333333394,0,1,370,2
2039,-576452088173,0.969133999031802,3.1355899469443527,0.0,0.0,0.0,0.0,1,8878180,0.012,0.013631779799999962,-0.004709486700000059,0,0.055300000000000155,0.19588333333333385,0,0,370,-1
2040,-576452088161,0.9691341077605563,3.1355901484465747,0.0,0.0,0.0,0.0,1,8878192,0.012,0.017820649799999966,0.009652353299999942,0,-0.10219999999999987,0.05588333333333395,0,0,370,-1
2041,-576452088148,0.9691340813940755,3.135590425202999,0.0,0.0,0.0,0.0,1,8878204,0.012,0.024403159799999963,-0.002315846700000065,0,0.02030000000000015,0.08213333333333384,0,0,370,-1
2042,-576452088138,0.9691340584036278,3.1355906495270567,0.0,0.0,0.0,0.0,1,8878215,0.011,0.022607929799999964,-0.002315846700000065,0,0.055300000000000155,-0.014116666666666111,0,0,370,-1
2043,-576452088126,0.9691340706417472,3.1355907229583897,0.0,0.0,0.0,0.0,1,8878226,0.011,0.007647679799999968,0.0012746132999999521,0,0.14280000000000015,0.02088333333333381,0,0,370,-1
2044,-576452088114,0.9655582331932733,3.137406228032515,-0.001980001583478319,0.0016824354671630699,-8.720853560616451e-7,2.0219149731270203e-6,1,8878238,0.012,0.013033369799999969,0.001873023299999938,0,0.011550000000000143,0.18713333333333382,0,1,371,1
2045,-576452088103,0.9655345762703875,3.137426503066713,0.0,0.0,0.0,0.0,1,8878250,0.012,0.007647679799999968,0.009053943299999938,0,0.12530000000000016,-0.0928666666666661,0,0,371,-1
2046,-576452088092,0.9655346188918982,3.1374266142875324,0.0,0.0,0.0,0.0,1,8878261,0.011,0.011238139799999968,0.00426666329999995,0,-0.014699999999999852,-0.014116666666666111,0,0,371,-1
2047,-576452088080,0.9655347317695265,3.1374267182379203,0.0,0.0,0.0,0.0,1,8878273,0.012,0.009442909799999977,0.010250763299999936,0,0.12530000000000016,0.012133333333333995,0,0,371,-1
2048,-576452088069,0.9655349214209549,3.1374268881087355,0.0,0.0,0.0,0.0,1,8878284,0.011,0.017222239799999962,0.019226913299999936,0,0.06405000000000015,-0.005366666666666076,0,0,371,-1
2049,-576452088058,0.9655348705071425,3.1374270590497946,0.0,0.0,0.0,0.0,1,8878295,0.011,0.017820649799999966,-0.005307896700000063,0,0.02030000000000015,0.02088333333333381,0,0,371,-1
2050,-576452088045,0.9655170076129534,3.1374146770434055,-9.186537447835044e-6,-1.0622950709483531e-5,-3.4175259625756424e-9,-1.2190563419328476e-8,1,8878307,0.012,0.00824608979999997,-0.0011190267000000594,0,-0.05844999999999986,0.047133333333333916,0,1,372,2
2051,-576452088033,0.9655167911587665,3.1374148273281106,0.0,0.0,0.0,0.0,1,8878319,0.012,0.025001569799999967,-0.008898356700000063,0,-0.06719999999999984,0.09088333333333387,0,0,372,-1
2052,-576452088023,0.9655166667151545,3.1374150628129502,0.0,0.0,0.0,0.0,1,8878330,0.011,0.02380474979999997,-0.012488816700000063,0,0.12530000000000016,0.06463333333333399,0,0,372,-1
2053,-576452088012,0.9655167018507637,3.1374152453273565,0.0,0.0,0.0,0.0,1,8878341,0.011,0.01901746979999997,0.0036682532999999466,0,-0.06719999999999984,-0.08411666666666606,0,0,372,-1
2054,-576452088000,0.9655166961370291,3.1374155125782024,0.0,0.0,0.0,0.0,1,8878353,0.012,0.024403159799999963,-5.206167000000564e-4,0,0.055300000000000155,-0.04911666666666614,0,0,372,-1
2055,-576452087990,0.9645946949055808,3.1378735542149445,-5.087328426112607e-4,4.258738044265861e-4,-1.8129199185239046e-7,4.1942969103599004e-7,1,8878363,0.01,0.014828599799999969,0.010849173299999938,0,0.02030000000000015,0.1521333333333339,0,1,373,1
2056,-576452087979,0.964589131426387,3.137878424463063,0.0,0.0,0.0,0.0,1,8878374,0.011,0.02021428979999997,0.0030698432999999438,0,0.07280000000000016,-0.05786666666666607,0,0,373,-1
2057,-576452087968,0.9645891720274077,3.1378784855998942,0.0,0.0,0.0,0.0,1,8878385,0.011,0.006450859799999979,0.00426666329999995,0,0.011550000000000143,-0.014116666666666111,0,0,373,-1
2058,-576452087956,0.9645892696865349,3.137878564143915,0.0,0.0,0.0,0.0,1,8878396,0.011,0.00824608979999997,0.010250763299999936,0,-0.10219999999999987,-0.0928666666666661,0,0,373,-1
2059,-576452087944,0.9645893294625507,3.1378787787323574,0.0,0.0,0.0,0.0,1,8878408,0.012,0.019615879799999965,0.005463483299999938,0,0.16030000000000016,-0.0666166666666661,0,0,373,-1
2060,-576452087934,0.9645894599375108,3.1378788599769005,0.0,0.0,0.0,0.0,1,8878419,0.011,0.00824608979999997,0.013242813299999942,0,-0.23344999999999985,-0.03161666666666607,0,0,373,-1
2061,-576452087923,0.9645896271189869,3.137878962018988,0.0,0.0,0.0,0.0,1,8878430,0.011,0.010639729799999966,0.017431683299999935,0,0.02905000000000016,-0.014116666666666111,0,0,373,-1
2062,-576452087911,0.9645360394299975,3.137842139618465,-2.760264718002867e-5,-3.171466385341844e-5,-1.0356670069464172e-8,-3.698881670476658e-8,1,8878442,0.012,0.022607929799999964,-0.005906306700000065,0,0.055300000000000155,-0.005366666666666076,0,1,374,2
2063,-576452087900,0.9645357202340238,3.1378419632063883,0.0,0.0,0.0,0.0,1,8878453,0.011,0.017820649799999966,-0.0011190267000000594,0,0.18655000000000016,0.00338333333333396,0,0,374,-1
2064,-576452087889,0.9645357494228454,3.1378420306382004,0.0,0.0,0.0,0.0,1,8878464,0.011,0.007049269799999965,0.0030698432999999438,0,-0.19844999999999988,-0.005366666666666076,0,0,374,-1
2065,-576452087878,0.9645357158403428,3.137842189231353,0.0,0.0,0.0,0.0,1,8878475,0.011,0.016623829799999962,-0.0035126667000000707,0,0.055300000000000155,-0.005366666666666076,0,0,374,-1
2066,-576452087867,0.9645357907473239,3.137842353436186,0.0,0.0,0.0,0.0,1,8878486,0.011,0.017222239799999962,0.007857123299999942,0,0.16030000000000016,0.012133333333333995,0,0,374,-1
2067,-576452087855,0.9645357800780007,3.1378425005111916,0.0,0.0,0.0,0.0,1,8878497,0.011,0.015427009799999964,-0.0011190267000000594,0,0.18655000000000016,0.19588333333333385,0,0,374,-1
2068,-576452087843,0.9600246502213715,3.1400850236357587,-0.0024840013125826273,0.002095675136372837,-1.1403459671019587e-6,2.636691961836965e-6,1,8878509,0.012,0.008844499799999975,6.762032999999493e-4,0,0.10780000000000015,-0.014116666666666111,0,1,375,1
2069,-576452087832,0.9599948793222215,3.1401102905563563,0.0,0.0,0.0,0.0,1,8878521,0.012,0.010639729799999966,0.0030698432999999438,0,-0.09344999999999984,-0.08411666666666606,0,0,375,-1
2070,-576452087821,0.9599950045586391,3.140110318952234,0.0,0.0,0.0,0.0,1,8878532,0.011,0.0028603997999999626,0.012644403299999938,0,-0.19844999999999988,0.11713333333333398,0,0,375,-1
2071,-576452087810,0.9599951030573205,3.14011056467063,0.0,0.0,0.0,0.0,1,8878543,0.011,0.02559997979999996,0.010250763299999936,0,-0.005949999999999844,-0.04911666666666614,0,0,375,-1
2072,-576452087798,0.9599952612060222,3.140110805710971,0.0,0.0,0.0,0.0,1,8878555,0.012,0.02200951979999997,0.014439633299999938,0,0.11655000000000015,0.09088333333333387,0,0,375,-1
2073,-576452087785,0.9614233256270484,3.141089576296869,7.387431787584776e-4,8.416717834244758e-4,2.5327460523900445e-7,9.100557072978894e-7,1,8878566,0.011,0.011238139799999968,7.779329999994643e-5,0,-0.03219999999999984,-0.1191166666666661,0,1,376,2
2074,-576452087775,0.9614322126773294,3.141099908448587,0.0,0.0,0.0,0.0,1,8878578,0.012,0.021411109799999967,0.002471433299999941,0,0.17780000000000015,0.029633333333333844,0,0,376,-1
2075,-576452087764,0.9614323073393205,3.1411000661271493,0.0,0.0,0.0,0.0,1,8878589,0.011,0.016025419799999965,0.009652353299999942,0,0.10780000000000015,0.10838333333333394,0,0,376,-1
2076,-576452087753,0.9614321875008589,3.1411002198145392,0.0,0.0,0.0,0.0,1,8878600,0.011,0.016025419799999965,-0.012488816700000063,0,0.04655000000000015,0.06463333333333399,0,0,376,-1
2077,-576452087741,0.9614322080004593,3.1411004935886018,0.0,0.0,0.0,0.0,1,8878612,0.012,0.025001569799999967,0.001873023299999938,0,0.0028000000000001357,-0.005366666666666076,0,0,376,-1
2078,-576452087647,0.9614322618375989,3.141100627917563,0.0,0.0,0.0,0.0,1,8878623,0.011,0.013631779799999962,0.005463483299999938,0,0.0028000000000001357,0.2046333333333339,0,0,376,-1
2079,-576452087646,0.9614321477977521,3.141100764397926,0.0,0.0,0.0,0.0,1,8878634,0.011,0.014230189799999966,-0.01189040670000006,0,0.10780000000000015,0.13463333333333383,0,0,376,-1
2080,-576452087646,0.9614321713819484,3.141100905903171,0.0,0.0,0.0,0.0,1,8878645,0.011,0.014828599799999969,0.002471433299999941,0,-0.21594999999999984,0.0996333333333339,0,0,376,-1
2081,-576452087646,0.9614322704533894,3.1411009961347944,0.0,0.0,0.0,0.0,1,8878657,0.012,0.00824608979999997,0.009053943299999938,0,0.011550000000000143,0.012133333333333995,0,0,376,-1
2082,-576452087644,0.9614324186215635,3.141101142239345,0.0,0.0,0.0,0.0,1,8878668,0.011,0.014828599799999969,0.015038043299999942,0,-0.18094999999999986,0.02088333333333381,0,0,376,-1
2083,-576452087644,0.9614325456297009,3.1411012614995846,1.794606492973614e-5,1.68512982033377e-5,0.011613320195642502,0.010904870929301933,0,8878679,0.011,0.012434959799999975,0.013242813299999942,0,-2.0097,0.09088333333333387,0,0,376,-1
2084,-576452087643,0.9614334440607096,3.141102178314198,1.4546822540893685e-4,1.4697700080508e-4,0.011467976786071898,0.017494458760004796,0,8878690,0.011,0.01841905979999997,0.011447583299999934,0,0.03780000000000014,0.1258833333333338,0,0,376,-1
2085,-576452087643,0.9614356065970935,3.1411048280573963,2.5295893629006866e-4,3.358076854735055e-4,-6.197837250554207e-4,0.015156626684779607,0,8878701,0.011,0.014828599799999969,-0.002315846700000065,0,-0.06719999999999984,0.0733833333333338,0,0,376,-1
2086,-576452087594,0.9614383697089873,3.1411094186754718,2.487054269868897e-4,4.99656700040993e-4,0.0010415127631795023,0.01329463093644806,0,8878712,0.011,0.013033369799999969,0.0012746132999999521,0,-0.18094999999999986,0.08213333333333384,0,0,376,-1
2087,-576452087593,0.9586785876535756,3.1425701171866645,-0.0012283745857923664,0.0020165474535103686,0.014889489023412732,0.017265236122526877,0,8878724,0.012,0.017820649799999966,0.01683327329999994,0,0.07280000000000016,0.00338333333333396,0,1,377,1
2088,-576452087593,0.9586648416718501,3.142595591174683,0.0,0.0,0.0,0.0,1,8878736,0.012,0.02021428979999997,0.007857123299999942,0,-0.05844999999999986,0.08213333333333384,0,0,377,-1
2089,-576452087593,0.9586648228124895,3.1425957724843085,0.0,0.0,0.0,0.0,1,8878748,0.012,0.016025419799999965,-0.0017174367000000453,0,-0.005949999999999844,0.0733833333333338,0,0,377,-1
2090,-576452087592,0.9586648533080603,3.142595872085718,0.0,0.0,0.0,0.0,1,8878759,0.011,0.010041319799999962,0.0030698432999999438,0,-0.014699999999999852,0.08213333333333384,0,0,377,-1
2091,-576452087584,0.9584824432329896,3.1426953983545647,-9.999880659120942e-5,9.220864080000603e-5,-3.9093015957148454e-8,9.013324715056192e-8,1,8878769,0.01,0.017820649799999966,-0.0011190267000000594,0,0.02905000000000016,-0.08411666666666606,0,1,379,1
2092,-576452087573,0.9584811402487613,3.1426966983297273,0.0,0.0,0.0,0.0,1,8878781,0.012,0.01841905979999997,-0.01009517670000007,0,0.13405000000000014,0.047133333333333916,0,0,379,-1
2093,-576452087562,0.9584810886789406,3.1426968550945715,0.0,0.0,0.0,0.0,1,8878792,0.011,0.016025419799999965,-0.005307896700000063,0,-0.04094999999999985,-0.0666166666666661,0,0,379,-1
2094,-576452087549,0.9584811525428774,3.1426970372878547,0.0,0.0,0.0,0.0,1,8878803,0.011,0.01901746979999997,0.006660303299999944,0,-0.18969999999999984,0.012133333333333995,0,0,379,-1
2095,-576452087538,0.9584812647858111,3.1426973175770034,0.0,0.0,0.0,0.0,1,8878815,0.012,0.02559997979999996,0.010250763299999936,0,-0.03219999999999984,-0.08411666666666606,0,0,379,-1
2096,-576452087526,0.9584812589170181,3.1426975657267984,0.0,0.0,0.0,0.0,1,8878827,0.012,0.02200951979999997,-5.206167000000564e-4,0,0.02905000000000016,0.029633333333333844,0,0,379,-1
2097,-576452087516,0.9587069247543144,3.1428487867038104,1.1618527898577292e-4,1.2866778007136726e-4,3.2826530692348276e-8,1.1825824021784702e-7,1,8878838,0.011,0.013033369799999969,0.010250763299999936,0,-0.08469999999999986,0.05588333333333395,0,1,380,2
2098,-576452087502,0.9587082580473032,3.1428504461842524,0.0,0.0,0.0,0.0,1,8878850,0.012,0.010639729799999966,-0.005307896700000063,0,-0.07594999999999988,0.11713333333333398,0,0,380,-1
2099,-576452087491,0.9587082449706265,3.1428505997100156,0.0,0.0,0.0,0.0,1,8878862,0.012,0.013631779799999962,-0.0011190267000000594,0,0.0028000000000001357,-0.04036666666666611,0,0,380,-1
2100,-576452087459,0.9587082872252749,3.1428506873593514,0.0,0.0,0.0,0.0,1,8878873,0.011,0.008844499799999975,0.00426666329999995,0,-0.03219999999999984,0.00338333333333396,0,0,380,-1
2101,-576452087458,0.9587082879619889,3.142850875672615,0.0,0.0,0.0,0.0,1,8878884,0.011,0.019615879799999965,7.779329999994643e-5,0,-0.06719999999999984,0.178383333333334,0,0,380,-1
2102,-576452087458,0.9587083343941719,3.1428509943533243,6.5860782206524785e-6,1.6833789743077567e-5,0.004266438915073326,0.010904870929301933,0,8878895,0.011,0.012434959799999975,0.004865073299999936,0,-0.18094999999999986,0.27463333333333395,0,0,380,-1
2103,-576452087445,0.9542497987302773,3.1452163534213495,-0.002409096478084765,0.002364945009179779,-4.576066142642228e-4,0.012774339528514082,0,8878907,0.012,0.013033369799999969,-0.0011190267000000594,0,0.17780000000000015,0.012133333333333995,0,1,381,1
2104,-576452087433,0.9542208512810048,3.1452457420102986,-0.0024155620018456413,0.0025300902804926634,-0.0010376407100800246,0.019823600857184473,0,8878919,0.012,0.020812699799999973,-0.0011190267000000594,0,0.17780000000000015,0.08213333333333384,0,0,381,-1
2105,-576452087422,0.9541918766252092,3.145277406196758,-0.002416649157262636,0.0027517648318556285,0.005713091676758234,0.010195449108088697,0,8878931,0.012,0.008844499799999975,0.006660303299999944,0,0.15155000000000016,0.0996333333333339,0,0,381,-1
2106,-576452087410,0.9541632175087542,3.1453112614983345,-0.0023572963530435094,0.0028871362663013904,2.46424606434671e-4,0.017931943518060406,0,8878943,0.012,0.01901746979999997,-5.206167000000564e-4,0,0.13405000000000014,0.16963333333333397,0,0,381,-1
2107,-576452087399,0.9541372589161593,3.145344020647346,0.0,0.0,0.0,0.0,1,8878954,0.011,0.009442909799999977,-0.0041110767000000735,0,0.09905000000000015,0.012133333333333995,0,0,381,-1
2108,-576452087388,0.9541373458507317,3.145344088333106,0.0,0.0,0.0,0.0,1,8878965,0.011,0.007049269799999965,0.009053943299999938,0,0.14280000000000015,0.0733833333333338,0,0,381,-1
2109,-576452087375,0.9531003450525954,3.144647642895918,-5.305779181684393e-4,-5.898681048607776e-4,-1.7317013822967508e-7,-6.275582507184801e-7,1,8878977,0.012,0.030387259799999965,0.004865073299999936,0,-0.08469999999999986,0.08213333333333384,0,1,382,2
2110,-576452087365,0.9530939843234754,3.144640615983731,0.0,0.0,0.0,0.0,1,8878989,0.012,0.004655629799999971,6.762032999999493e-4,0,-0.014699999999999852,-0.16286666666666616,0,0,382,-1
2111,-576452087354,0.9530938956364904,3.1446407744942526,0.0,0.0,0.0,0.0,1,8879000,0.011,0.016025419799999965,-0.008898356700000063,0,0.15155000000000016,0.09088333333333387,0,0,382,-1
2112,-576452087342,0.9530937929578467,3.1446408421561483,0.0,0.0,0.0,0.0,1,8879011,0.011,0.007049269799999965,-0.010693586700000054,0,-0.07594999999999988,-0.0666166666666661,0,0,382,-1
2113,-576452087330,0.9530937741415131,3.1446409914442133,0.0,0.0,0.0,0.0,1,8879023,0.012,0.013631779799999962,-0.0017174367000000453,0,0.11655000000000015,0.08213333333333384,0,0,382,-1
2114,-576452087318,0.9530938515669439,3.1446411493631095,0.0,0.0,0.0,0.0,1,8879034,0.011,0.016025419799999965,0.007857123299999942,0,0.055300000000000155,0.029633333333333844,0,0,382,-1
2115,-576452087306,0.9537543941012252,3.144299563853422,3.657170823661786e-4,-3.231176905709989e-4,1.8369599108853405e-7,-4.220583981316194e-7,1,8879046,0.012,0.016025419799999965,0.005463483299999938,0,0.08155000000000015,-0.005366666666666076,0,1,383,1
2116,-576452087295,0.9537588732366256,3.1442958054946333,0.0,0.0,0.0,0.0,1,8879058,0.012,0.010639729799999966,0.007857123299999942,0,0.055300000000000155,-0.014116666666666111,0,0,383,-1
2117,-576452087284,0.9537588983484165,3.1442960055598084,0.0,0.0,0.0,0.0,1,8879069,0.011,0.02021428979999997,0.002471433299999941,0,-0.08469999999999986,-0.022866666666666147,0,0,383,-1
2118,-576452087273,0.9537589220939934,3.144296061735531,0.0,0.0,0.0,0.0,1,8879080,0.011,0.005852449799999977,0.002471433299999941,0,-0.014699999999999852,-0.07536666666666614,0,0,383,-1
2119,-576452087261,0.9537589491695897,3.144296270007588,0.0,0.0,0.0,0.0,1,8879092,0.012,0.01901746979999997,0.002471433299999941,0,0.07280000000000016,0.047133333333333916,0,0,383,-1
2120,-576452087246,0.9537589322460902,3.1442963748546493,0.0,0.0,0.0,0.0,1,8879103,0.011,0.010639729799999966,-0.0017174367000000453,0,-0.04094999999999985,0.029633333333333844,0,0,383,-1
2121,-576452087237,0.9465472949872822,3.1394467377983455,-0.0036777284490733604,-0.0041002678290199485,-1.2503838925673852e-6,-4.5317905264162135e-6,1,8879115,0.012,0.007049269799999965,0.0012746132999999521,0,-0.05844999999999986,0.03838333333333388,0,1,384,2
2122,-576452087226,0.9465031811513835,3.1393976123939455,0.0,0.0,0.0,0.0,1,8879127,0.012,0.007049269799999965,0.001873023299999938,0,0.23905000000000015,0.06463333333333399,0,0,384,-1
2123,-576452087214,0.9465032881148149,3.1393977471299586,0.0,0.0,0.0,0.0,1,8879138,0.011,0.013631779799999962,0.010849173299999938,0,0.07280000000000016,-0.03161666666666607,0,0,384,-1
2124,-576452087204,0.9465032887735942,3.139397941134588,0.0,0.0,0.0,0.0,1,8879149,0.011,0.02021428979999997,7.779329999994643e-5,0,0.04655000000000015,0.16088333333333393,0,0,384,-1
2125,-576452087193,0.9465033123539665,3.139398065522127,0.0,0.0,0.0,0.0,1,8879160,0.011,0.013033369799999969,0.002471433299999941,0,-0.15469999999999987,0.05588333333333395,0,0,384,-1
2126,-576452087180,0.9465033917819535,3.1393982015918365,0.0,0.0,0.0,0.0,1,8879172,0.012,0.012434959799999975,0.007258713299999947,0,-0.014699999999999852,0.05588333333333395,0,0,384,-1
2127,-576452087169,0.9520616125817457,3.1365843428766915,0.0030853147757741485,-0.002683779084085389,1.5720906420320647e-6,-3.588344950059066e-6,1,8879184,0.012,0.013033369799999969,-0.0017174367000000453,0,-0.04094999999999985,-0.0666166666666661,0,1,385,1
2128,-576452087158,0.9520956363096182,3.1365549080877084,0.0,0.0,0.0,0.0,1,8879195,0.011,0.008844499799999975,0.008455533299999936,0,-0.17219999999999988,-0.005366666666666076,0,0,385,-1
2129,-576452087141,0.9520956719836725,3.1365550559553563,0.0,0.0,0.0,0.0,1,8879206,0.011,0.015427009799999964,0.0036682532999999466,0,-0.03219999999999984,0.14338333333333386,0,0,385,-1
2130,-576452087135,0.9520956466736904,3.1365551855601743,0.0,0.0,0.0,0.0,1,8879218,0.012,0.01183654979999997,-0.002315846700000065,0,-0.11094999999999985,-0.022866666666666147,0,0,385,-1
2131,-576452087124,0.9520957005168365,3.136555290405397,0.0,0.0,0.0,0.0,1,8879229,0.011,0.010639729799999966,0.005463483299999938,0,0.09905000000000015,0.14338333333333386,0,0,385,-1
2132,-576452087113,0.9520957127419747,3.1365553580142547,0.0,0.0,0.0,0.0,1,8879240,0.011,0.007049269799999965,0.0012746132999999521,0,-0.07594999999999988,-0.07536666666666614,0,0,385,-1
2133,-576452087101,0.9512183445579793,3.1359639872041405,-4.4720097952721203e-4,-5.009831413300062e-4,-1.559255553949815e-7,-5.648105328014562e-7,1,8879252,0.012,0.010041319799999962,0.00426666329999995,0,-0.005949999999999844,-0.15411666666666612,0,1,386,2
2134,-576452087090,0.9512133579707901,3.135958608477466,0.0,0.0,0.0,0.0,1,8879263,0.011,0.013631779799999962,-0.006504716700000068,0,-0.09344999999999984,0.09088333333333387,0,0,386,-1
2135,-576452087079,0.9512133180123594,3.135958767555433,0.0,0.0,0.0,0.0,1,8879274,0.011,0.016623829799999962,-0.0041110767000000735,0,0.10780000000000015,0.1258833333333338,0,0,386,-1
2136,-576452087067,0.9512135022281021,3.135959015042687,0.0,0.0,0.0,0.0,1,8879286,0.012,0.022607929799999964,0.01683327329999994,0,0.011550000000000143,0.09088333333333387,0,0,386,-1
2137,-576452087056,0.9512135383700303,3.1359591080904936,0.0,0.0,0.0,0.0,1,8879297,0.011,0.009442909799999977,0.0036682532999999466,0,0.13405000000000014,-0.1191166666666661,0,0,386,-1
2138,-576452087045,0.9512135965087637,3.135959135524107,0.0,0.0,0.0,0.0,1,8879308,0.011,0.0028603997999999626,0.006061893299999941,0,0.11655000000000015,0.13463333333333383,0,0,386,-1
2139,-576452087033,0.9610429727470734,3.1310104411474797,0.00546704428947982,-0.004750953580506162,2.696439098099771e-6,-6.169323401947437e-6,1,8879320,0.012,0.026796799799999965,0.005463483299999938,0,0.04655000000000015,0.06463333333333399,0,1,387,1
2140,-576452087021,0.9611086475609982,3.130953534901456,0.0,0.0,0.0,0.0,1,8879332,0.012,0.009442909799999977,0.006061893299999941,0,-0.11094999999999985,0.06463333333333399,0,0,387,-1
2141,-576452087010,0.9611085953682069,3.1309536401477636,0.0,0.0,0.0,0.0,1,8879343,0.011,0.010639729799999966,-0.005307896700000063,0,0.09905000000000015,-0.0928666666666661,0,0,387,-1
2142,-576452086999,0.9611085502117566,3.130953753752461,0.0,0.0,0.0,0.0,1,8879354,0.011,0.01183654979999997,-0.004709486700000059,0,0.21280000000000016,-0.0666166666666661,0,0,387,-1
2143,-576452086988,0.9611085109892158,3.130954009497489,0.0,0.0,0.0,0.0,1,8879365,0.011,0.026796799799999965,-0.0041110767000000735,0,0.13405000000000014,0.02088333333333381,0,0,387,-1
2144,-576452086976,0.961108518389392,3.1309541521155486,0.0,0.0,0.0,0.0,1,8879377,0.012,0.013033369799999969,6.762032999999493e-4,0,0.08155000000000015,0.0996333333333339,0,0,387,-1
2145,-576452086964,0.9617533264228753,3.1313872037003816,3.29219941504277e-4,3.6784721418131323e-4,1.21215443610108e-7,4.3369571852369713e-7,1,8879389,0.012,0.011238139799999968,0.001873023299999938,0,-0.014699999999999852,0.0996333333333339,0,1,388,2
2146,-576452086952,0.9617572673826046,3.1313917698431855,0.0,0.0,0.0,0.0,1,8879401,0.012,0.013631779799999962,-5.206167000000564e-4,0,0.07280000000000016,-0.04911666666666614,0,0,388,-1
2147,-576452086937,0.9617573355109194,3.1313919579899174,0.0,0.0,0.0,0.0,1,8879413,0.012,0.016623829799999962,0.006061893299999941,0,0.04655000000000015,0.05588333333333395,0,0,388,-1
2148,-576452086929,0.9617573243112623,3.131392182256713,0.0,0.0,0.0,0.0,1,8879424,0.011,0.022607929799999964,-0.0011190267000000594,0,-0.02344999999999986,0.16088333333333393,0,0,388,-1
2149,-576452086918,0.9617573882544088,3.1313923073954566,0.0,0.0,0.0,0.0,1,8879435,0.011,0.013033369799999969,0.006660303299999944,0,-0.11969999999999983,-0.05786666666666607,0,0,388,-1
2150,-576452086907,0.960067416821658,3.132239649702411,-9.41680342135556e-4,8.180075254543337e-4,-4.0828174690687226e-7,9.400932047333194e-7,1,8879446,0.011,0.017820649799999966,0.004865073299999936,0,-0.17219999999999988,0.029633333333333844,0,1,389,1
2151,-576452086896,0.9600570555225155,3.132248736779637,0.0,0.0,0.0,0.0,1,8879457,0.011,0.009442909799999977,-5.206167000000564e-4,0,0.04655000000000015,-0.18036666666666612,0,0,389,-1
2152,-576452086885,0.9600569534665658,3.1322489225423116,0.0,0.0,0.0,0.0,1,8879467,0.01,0.022607929799999964,-0.012488816700000063,0,0.10780000000000015,-0.014116666666666111,0,0,389,-1
2153,-576452086872,0.9600569416209122,3.1322490418900615,0.0,0.0,0.0,0.0,1,8879479,0.012,0.011238139799999968,-0.0011190267000000594,0,0.04655000000000015,0.10838333333333394,0,0,389,-1
2154,-576452086863,0.9600570185878908,3.1322491461092214,0.0,0.0,0.0,0.0,1,8879490,0.011,0.010639729799999966,0.007857123299999942,0,-0.16344999999999985,0.09088333333333387,0,0,389,-1
2155,-576452086837,0.9600570250685385,3.1322494487292207,0.0,0.0,0.0,0.0,1,8879501,0.011,0.03158407979999997,6.762032999999493e-4,0,0.12530000000000016,0.1258833333333338,0,0,389,-1
2156,-576452086836,0.9600569059092839,3.1322495274074575,0.0,0.0,0.0,0.0,1,8879512,0.011,0.00824608979999997,-0.012488816700000063,0,0.02905000000000016,0.0733833333333338,0,0,389,-1
2157,-576452086735,0.9600569180622833,3.1322497372603504,0.0,0.0,0.0,0.0,1,8879523,0.011,0.02200951979999997,0.0012746132999999521,0,-0.03219999999999984,0.02088333333333381,0,0,389,-1
2158,-576452086734,0.957866273596579,3.1307579262486627,-0.0011207358927753188,-0.0012738037984540607,-4.0477501301436204e-7,-1.4506220771706812e-6,1,8879535,0.012,0.016623829799999962,0.012045993299999936,0,-0.03219999999999984,-0.08411666666666606,0,1,390,2
2159,-576452086734,0.9578527743938279,3.130742818440641,0.0,0.0,0.0,0.0,1,8879547,0.012,0.016025419799999965,-0.0041110767000000735,0,0.18655000000000016,0.0733833333333338,0,0,390,-1
2160,-576452086733,0.957852822079248,3.1307430335219015,0.0,0.0,0.0,0.0,1,8879559,0.012,0.01901746979999997,0.00426666329999995,0,0.02030000000000015,-0.014116666666666111,0,0,390,-1
2161,-576452086733,0.957852776329329,3.130743186849774,0.0,0.0,0.0,0.0,1,8879569,0.01,0.017820649799999966,-0.005307896700000063,0,0.16030000000000016,0.029633333333333844,0,0,390,-1
2162,-576452086732,0.9578527214309593,3.130743319097706,0.0,0.0,0.0,0.0,1,8879580,0.011,0.014230189799999966,-0.005906306700000065,0,0.06405000000000015,0.02088333333333381,0,0,390,-1
2163,-576452086732,0.9578527732699013,3.130743499543984,0.0,0.0,0.0,0.0,1,8879591,0.011,0.01901746979999997,0.005463483299999938,0,0.0028000000000001357,0.05588333333333395,0,0,390,-1
2164,-576452086732,0.9578528199185906,3.130743563530582,0.0,0.0,0.0,0.0,1,8879603,0.012,0.005852449799999977,0.00426666329999995,0,0.03780000000000014,-0.005366666666666076,0,0,390,-1
2165,-576452086731,0.9578527558373007,3.13074375088134,0.0,0.0,0.0,0.0,1,8879614,0.011,0.01901746979999997,-0.006504716700000068,0,0.12530000000000016,-0.07536666666666614,0,0,390,-1
2166,-576452086728,0.9578527852786896,3.130743864399994,4.160104372419627e-6,1.6040324463314007e-5,0.0026921072120942254,0.01038009369497556,0,8879625,0.011,0.01183654979999997,0.0030698432999999438,0,0.28280000000000016,-0.05786666666666607,0,0,390,-1
2167,-576452086715,0.9572080308390997,3.1310793278868227,-3.187302375192713e-4,4.7335472133182754e-4,0.005122306001519467,0.016905491971393453,0,8879637,0.012,0.017820649799999966,0.005463483299999938,0,-0.02344999999999986,0.047133333333333916,0,1,391,1
2168,-576452086704,0.9520617750731426,3.127641375298528,-0.002901547346291525,-0.002274091065857944,0.006470029811409741,0.014555742267388733,0,8879649,0.012,0.014230189799999966,0.006660303299999944,0,0.06405000000000015,-0.022866666666666147,0,1,392,2
2169,-576452086692,0.9520273358344251,3.1276151909000824,-0.0028351112750416843,-0.0020919522474201354,-1.85213395112363e-4,0.018993243277787914,0,8879661,0.012,0.019615879799999965,-0.0011190267000000594,0,-0.005949999999999844,-0.04036666666666611,0,0,392,-1
2170,-576452086681,0.9519989366240528,3.127595205865018,-0.002842667230731135,-0.0019042525098734208,-0.004152786851898526,0.01744015708762514,0,8879671,0.01,0.017222239799999962,-0.004709486700000059,0,-0.005949999999999844,0.00338333333333396,0,0,392,-1
2171,-576452086671,0.951967449812545,3.1275752621527824,0.0,0.0,0.0,0.0,1,8879682,0.011,0.01183654979999997,-5.206167000000564e-4,0,0.06405000000000015,-0.08411666666666606,0,0,392,-1
2172,-576452086660,0.9519674391875106,3.127575419881741,0.0,0.0,0.0,0.0,1,8879693,0.011,0.016623829799999962,-0.0011190267000000594,0,0.03780000000000014,0.0733833333333338,0,0,392,-1
2173,-576452086648,0.9519674969320125,3.127575595340905,0.0,0.0,0.0,0.0,1,8879704,0.011,0.01841905979999997,0.006061893299999941,0,0.04655000000000015,0.2046333333333339,0,0,392,-1
2174,-576452086636,0.9503617535385982,3.128366275537552,-8.923736940514403e-4,7.647495453682971e-4,-4.479150636027037e-7,1.0225956403262447e-6,1,8879716,0.012,0.02200951979999997,-0.0017174367000000453,0,0.10780000000000015,0.012133333333333995,0,1,393,1
2175,-576452086625,0.9503510744230453,3.128375531303129,0.0,0.0,0.0,0.0,1,8879728,0.012,0.007049269799999965,0.002471433299999941,0,0.23905000000000015,0.14338333333333386,0,0,393,-1
2176,-576452086613,0.9503511168206027,3.128375841389884,0.0,0.0,0.0,0.0,1,8879740,0.012,0.02739520979999997,0.0036682532999999466,0,0.23905000000000015,0.05588333333333395,0,0,393,-1
2177,-576452086602,0.9503511651239938,3.1283759528680064,0.0,0.0,0.0,0.0,1,8879751,0.011,0.011238139799999968,0.004865073299999936,0,0.0028000000000001357,0.0733833333333338,0,0,393,-1
2178,-576452086591,0.9503512922821783,3.1283761239719743,0.0,0.0,0.0,0.0,1,8879762,0.011,0.017820649799999966,0.013242813299999942,0,-0.014699999999999852,0.029633333333333844,0,0,393,-1
2179,-576452086580,0.9503512930254139,3.128376242655126,0.0,0.0,0.0,0.0,1,8879773,0.011,0.012434959799999975,7.779329999994643e-5,0,0.04655000000000015,-0.11036666666666606,0,0,393,-1
2180,-576452086569,0.9528478376073505,3.130070968335817,0.0012902559429713808,0.001461378565988134,4.225801115594556e-7,1.5297912686742203e-6,1,8879784,0.011,0.014230189799999966,0.0030698432999999438,0,-0.04094999999999985,0.10838333333333394,0,1,394,2
2181,-576452086556,0.9528633893126617,3.1300886904975056,0.0012999917805288424,0.0014865613232807858,0.005840822615327763,0.015103277040357526,0,8879796,0.012,0.017222239799999962,0.006660303299999944,0,0.17780000000000015,0.2571333333333339,0,0,394,-1
2182,-576452086545,0.9528780034369904,3.1301059890477494,0.001358817614069085,0.0016572293435035837,0.002361250497448899,0.018011061512929645,0,8879807,0.011,0.01841905979999997,0.001873023299999938,0,0.04655000000000015,0.24838333333333384,0,0,394,-1
2183,-576452086534,0.9528944673277837,3.1301271046931163,0.0013855628143628798,0.0018643284046723065,0.001408321129300955,0.012596307113726769,0,8879819,0.012,0.01183654979999997,0.0012746132999999521,0,-0.014699999999999852,-0.022866666666666147,0,0,394,-1
2184,-576452086523,0.9529097274839781,3.1301484377071955,0.0013918732791255415,0.002011665508254045,-0.0044814838833058535,0.018227362737232612,0,8879830,0.011,0.01901746979999997,-0.005307896700000063,0,0.02905000000000016,-0.005366666666666076,0,0,394,-1
2185,-576452086508,0.9529287882269751,3.1301783053826817,0.0013307590515750406,0.0022571237244308684,-0.003631877088594749,0.013147699640852401,0,8879844,0.014,0.012434959799999975,-0.0035126667000000707,0,-0.3121999999999998,0.1521333333333339,0,0,394,-1
2186,-576452086427,0.9517522931344833,3.130799143831796,6.249037406202412e-4,0.0029963255854967234,-0.002478142560486318,0.016196928504596586,0,8879856,0.012,0.016623829799999962,-0.002315846700000065,0,0.06405000000000015,0.05588333333333395,0,1,395,1
2187,-576452086427,0.9517602088421927,3.130839431743995,5.929451250798541e-4,0.003202813742524484,-0.0023358167758369577,0.01394741455463553,0,8879869,0.013,0.013631779799999962,-0.002315846700000065,0,-0.11094999999999985,0.06463333333333399,0,0,395,-1
2188,-576452086427,0.9517666335373853,3.13087563222299,5.730692887031948e-4,0.0033731698487742315,0.001355136675343109,0.02469093974148217,0,8879880,0.011,0.026198389799999965,0.001873023299999938,0,0.13405000000000014,-0.08411666666666606,0,0,395,-1
2189,-576452086426,0.9517730358098311,3.130914135608743,5.90302733656732e-4,0.0036313863808458487,0.0028588531910572557,0.016042134610422393,0,8879891,0.011,0.014828599799999969,0.0030698432999999438,0,-0.06719999999999984,-0.1191166666666661,0,0,395,-1
2190,-576452086426,0.9517797898738473,3.1309550340978443,0.0,0.0,0.0,0.0,1,8879902,0.011,0.014230189799999966,0.012045993299999936,0,-0.03219999999999984,-0.05786666666666607,0,0,395,-1
2191,-576452086426,0.9517798020296273,3.130955084203322,0.0,0.0,0.0,0.0,1,8879913,0.011,0.005254039799999974,0.0012746132999999521,0,-0.10219999999999987,0.1521333333333339,0,0,395,-1
2192,-576452086425,0.9517798027714472,3.130955254103526,0.0,0.0,0.0,0.0,1,8879924,0.011,0.017820649799999966,7.779329999994643e-5,0,0.15155000000000016,0.02088333333333381,0,0,395,-1
2193,-576452086313,0.9528833594839144,3.1317166219320725,5.726755094598744e-4,6.603229334335623e-4,1.8521035072531487e-7,6.699204858933482e-7,1,8879935,0.011,0.02200951979999997,0.010250763299999936,0,-0.18094999999999986,0.02088333333333381,0,1,396,2
2194,-576452086312,0.9528902691156743,3.131724660442045,0.0,0.0,0.0,0.0,1,8879947,0.012,0.010639729799999966,0.0036682532999999466,0,-0.03219999999999984,0.02088333333333381,0,0,396,-1
2195,-576452086312,0.952890239879154,3.1317248533472095,0.0,0.0,0.0,0.0,1,8879958,0.011,0.019615879799999965,-0.002914256700000068,0,0.02905000000000016,-0.022866666666666147,0,0,396,-1
2196,-576452086311,0.9528902692506283,3.1317250414279085,0.0,0.0,0.0,0.0,1,8879969,0.011,0.019615879799999965,0.0030698432999999438,0,0.10780000000000015,0.19588333333333385,0,0,396,-1
2202,-576452086293,0.952890222265195,3.1317260438419967,0.0,0.0,0.0,0.0,1,8880035,0.011,0.01901746979999997,0.001873023299999938,0,0.16905000000000014,0.19588333333333385,0,0,396,-1
2203,-576452086293,0.9528902689463862,3.1317261667975043,0.0,0.0,0.0,0.0,1,8880047,0.012,0.011238139799999968,0.00426666329999995,0,0.06405000000000015,-0.04911666666666614,0,0,396,-1
2204,-576452086292,0.9538146385171247,3.1312412810628585,5.14560959410167e-4,-4.6725857846127976e-4,2.4361994370715134e-7,-5.573191465419163e-7,1,8880059,0.012,0.009442909799999977,0.010250763299999936,0,-0.15469999999999987,-0.022866666666666147,0,1,397,1
2205,-576452086282,0.9538207889550027,3.131235739234937,0.0,0.0,0.0,0.0,1,8880071,0.012,0.005852449799999977,-0.002315846700000065,0,0.02905000000000016,0.09088333333333387,0,0,397,-1
2206,-576452086270,0.9589949251912453,3.1347989819533324,0.002699127403028504,0.0030888304717710084,1.024680456025504e-6,3.690408163665663e-6,1,8880083,0.012,0.016025419799999965,0.008455533299999936,0,-0.04094999999999985,0.047133333333333916,0,1,398,2
2207,-576452086258,0.9590274177064668,3.1348362932003155,0.0,0.0,0.0,0.0,1,8880095,0.012,0.02200951979999997,0.009652353299999942,0,0.02030000000000015,0.16088333333333393,0,0,398,-1
2208,-576452086246,0.9590274476125267,3.134836451823996,0.0,0.0,0.0,0.0,1,8880106,0.011,0.016025419799999965,0.0030698432999999438,0,0.17780000000000015,-0.05786666666666607,0,0,398,-1
2209,-576452086236,0.9565212584803684,3.13607451193398,-0.001393405261261046,0.0011971452650953993,-6.241943586216622e-7,1.4356609923258329e-6,1,8880117,0.011,0.017222239799999962,-0.0041110767000000735,0,0.03780000000000014,-0.1453666666666661,0,1,399,1
2210,-576452086222,0.9565046192596101,3.136089019414842,0.0,0.0,0.0,0.0,1,8880129,0.012,0.013033369799999969,0.007258713299999947,0,0.03780000000000014,0.09088333333333387,0,0,399,-1
2211,-576452086213,0.9565046793130209,3.136089159484891,0.0,0.0,0.0,0.0,1,8880140,0.011,0.014230189799999966,0.006061893299999941,0,-0.06719999999999984,-0.16286666666666616,0,0,399,-1
2213,-576452086119,0.9565047612732023,3.136089448787851,0.0,0.0,0.0,0.0,1,8880162,0.011,0.017820649799999966,-0.0017174367000000453,0,-0.049699999999999855,-0.05786666666666607,0,0,399,-1
2214,-576452086119,0.9565048076617213,3.136089607293265,0.0,0.0,0.0,0.0,1,8880173,0.011,0.016623829799999962,0.004865073299999936,0,0.055300000000000155,-0.022866666666666147,0,0,399,-1
2215,-576452086119,0.9565047757765515,3.1360897171565485,0.0,0.0,0.0,0.0,1,8880185,0.012,0.010041319799999962,-0.002914256700000068,0,0.02030000000000015,0.14338333333333386,0,0,399,-1
2216,-576452086118,0.9565047699074134,3.1360899113107856,0.0,0.0,0.0,0.0,1,8880197,0.012,0.017222239799999962,-5.206167000000564e-4,0,0.16030000000000016,0.03838333333333388,0,0,399,-1
2217,-576452086118,0.9565047944031971,3.136089963386567,0.0,0.0,0.0,0.0,1,8880208,0.011,0.005254039799999974,0.002471433299999941,0,-0.10219999999999987,0.08213333333333384,0,0,399,-1
2218,-576452086118,0.9565048468534537,3.1360900712743893,7.404963139781305e-6,1.5231676644422424e-5,0.0047912161493996975,0.009855316460649188,0,8880219,0.011,0.011238139799999968,0.005463483299999938,0,0.2740500000000001,-0.014116666666666111,0,0,399,-1
2219,-576452086117,0.9565052131702244,3.136090922514266,5.9398229127475676e-5,1.3604339198074045e-4,0.004331208138895167,0.01789009109659881,0,8880230,0.011,0.01901746979999997,0.00426666329999995,0,0.12530000000000016,0.029633333333333844,0,0,399,-1
2220,-576452086111,0.957233739318219,3.13660506551905,4.945513846692389e-4,7.735748640594019e-4,0.009522497414142832,0.015730516721459337,0,8880241,0.011,0.015427009799999964,0.010250763299999936,0,-0.06719999999999984,-0.1453666666666661,0,1,400,2
2221,-576452086100,0.9572402365385363,3.136615516950658,5.923949457964491e-4,9.671446965837273e-4,-3.3439257504680117e-4,0.018613018928834612,0,8880253,0.012,0.01901746979999997,-0.0017174367000000453,0,-0.05844999999999986,0.14338333333333386,0,0,400,-1
2222,-576452086088,0.9572473126217282,3.136628359633807,5.872252673937812e-4,0.0011769778723776862,-0.0010224795489454169,0.010571267442229405,0,8880265,0.012,0.009442909799999977,-0.0011190267000000594,0,0.04655000000000015,0.16963333333333397,0,0,400,-1
2223,-576452086075,0.9572543727917935,3.1366431910231105,5.862979096380824e-4,0.0012968665124449075,0.0057149572174849785,0.006433087813580765,0,8880277,0.012,0.005852449799999977,0.006660303299999944,0,0.25655000000000017,0.06463333333333399,0,0,400,-1
2224,-576452086064,0.9572618101942355,3.13665944081138,6.536225043223353e-4,0.001403247820521265,0.0049696492652177016,0.023766321736908517,0,8880289,0.012,0.026198389799999965,0.004865073299999936,0,0.02905000000000016,0.05588333333333395,0,0,400,-1
2225,-576452086049,0.9572699016667596,3.13667788955952,6.989664248516371e-4,0.0016752465565833465,-0.0035184946536604422,0.015928362813713737,0,8880301,0.012,0.014828599799999969,-0.004709486700000059,0,-0.15469999999999987,-0.04036666666666611,0,0,400,-1
2226,-576452086041,0.9572774784320044,3.1366972284588783,6.741943083860606e-4,0.0018432202013112377,0.0054078291692850385,0.011290482085945412,0,8880312,0.011,0.010639729799999966,0.006660303299999944,0,0.13405000000000014,-0.07536666666666614,0,0,400,-1
2227,-576452086030,0.9572851763106651,3.136718226673604,7.272672600443304e-4,0.00197302208703988,0.0012584173319986763,0.014918021019947061,0,8880323,0.011,0.015427009799999964,6.762032999999493e-4,0,0.16030000000000016,-0.05786666666666607,0,0,400,-1
2228,-576452086016,0.962400546016411,3.140587077982371,0.002667246552499449,0.003348279246362078,9.450592828007364e-7,3.4027481561683218e-6,1,8880334,0.011,0.016623829799999962,0.0030698432999999438,0,-0.13719999999999985,-0.05786666666666607,0,1,401,2
2229,-576452086007,0.962432695361709,3.1406273523704846,0.0,0.0,0.0,0.0,1,8880346,0.012,0.008844499799999975,0.013242813299999942,0,0.0028000000000001357,0.05588333333333395,0,0,401,-1
2230,-576452085996,0.9624327723432069,3.1406274981460163,0.0,0.0,0.0,0.0,1,8880357,0.011,0.014828599799999969,0.007857123299999942,0,0.02030000000000015,0.08213333333333384,0,0,401,-1
2231,-576452085984,0.9624328132149242,3.140627634586786,0.0,0.0,0.0,0.0,1,8880368,0.011,0.014230189799999966,0.00426666329999995,0,0.06405000000000015,-0.014116666666666111,0,0,401,-1
2232,-576452085973,0.9624328596314939,3.140627850320309,0.0,0.0,0.0,0.0,1,8880379,0.011,0.022607929799999964,0.004865073299999936,0,-0.15469999999999987,-0.005366666666666076,0,0,401,-1
2233,-576452085962,0.9624328408381813,3.140627973291559,0.0,0.0,0.0,0.0,1,8880391,0.012,0.011238139799999968,-0.0017174367000000453,0,0.04655000000000015,0.10838333333333394,0,0,401,-1
2234,-576452085948,0.9645101670633627,3.1395975273505927,0.0011464444997037638,-9.826690860168235e-4,4.240735579210011e-7,-9.798784516837184e-7,1,8880402,0.011,0.010041319799999962,0.0036682532999999466,0,0.055300000000000155,0.00338333333333396,0,1,402,1
2235,-576452085915,0.9645238575145018,3.1395858894774937,0.001136934711209276,-9.618619464834263e-4,-0.005704276355883666,0.012479082060564995,0,8880414,0.012,0.014230189799999966,-0.006504716700000068,0,-0.2596999999999998,0.06463333333333399,0,0,402,-1
2236,-576452085915,0.964537236216145,3.139575285676563,0.0010876025518796345,-8.068824134540452e-4,0.00566365175396712,0.015589052333268,0,8880426,0.012,0.016025419799999965,0.007258713299999947,0,-0.18969999999999984,0.02088333333333381,0,0,402,-1
2237,-576452085813,0.9645494159426362,3.1395673099745043,0.0011324319362143358,-6.413568768682484e-4,-0.0055322084227184005,0.011773508064281289,0,8880437,0.011,0.011238139799999968,-0.007103126700000071,0,-0.02344999999999986,0.09088333333333387,0,0,402,-1
2238,-576452085812,0.9645615918586455,3.1395610885926653,0.0010791812111662046,-4.947305819603093e-4,-6.125025544770572e-4,0.022849114602232986,0,8880448,0.011,0.024403159799999963,7.779329999994643e-5,0,-0.14594999999999983,0.06463333333333399,0,0,402,-1
2239,-576452085812,0.9645734152492208,3.1395569238223486,0.001070947881409849,-2.582985477082326e-4,-0.001581477479696094,0.013191616733287344,0,8880459,0.011,0.01183654979999997,-0.0017174367000000453,0,-0.014699999999999852,-0.03161666666666607,0,0,402,-1
2240,-576452085812,0.9645850758766175,3.1395548448869866,0.0,0.0,0.0,0.0,1,8880470,0.011,0.009442909799999977,-0.0041110767000000735,0,-0.049699999999999855,0.03838333333333388,0,0,402,-1
2241,-576452085811,0.964585127963712,3.1395550033731894,0.0,0.0,0.0,0.0,1,8880481,0.011,0.016623829799999962,0.005463483299999938,0,0.12530000000000016,0.06463333333333399,0,0,402,-1
2243,-576452085811,0.9645851454920431,3.1395562994426593,2.488603494229764e-6,1.8401086561204867e-4,0.001126169927467722,0.015322579730436188,0,8880503,0.011,0.015427009799999964,0.0012746132999999521,0,-0.005949999999999844,0.09088333333333387,0,0,402,-1
2244,-576452085810,0.9645851796611794,3.139559262983643,6.16782921121374e-6,3.5432051177832836e-4,-0.00451620184144345,0.016463714425165008,0,8880514,0.011,0.016623829799999962,-0.005307896700000063,0,0.04655000000000015,-0.05786666666666607,0,0,402,-1
2245,-576452085809,0.9645850066638498,3.1395640725168703,-3.8912243596996323e-5,5.234886836131462e-4,-0.0015370401040912082,0.00873246951227983,0,8880525,0.011,0.007647679799999968,-0.0011190267000000594,0,0.09030000000000014,-0.03161666666666607,0,0,402,-1
2246,-576452085809,0.9645845866067331,3.139570400209164,-4.1484567694613355e-5,6.253672065377472e-4,0.0077507508412396325,0.012504155410081104,0,8880536,0.011,0.013033369799999969,0.009053943299999938,0,0.22155000000000016,-0.014116666666666111,0,0,402,-1
2247,-576452085804,0.9645846741983993,3.13957872559195,0.0,0.0,0.0,0.0,1,8880548,0.012,0.005254039799999974,0.010250763299999936,0,-0.014699999999999852,-0.10161666666666613,0,0,402,-1
2248,-576452085793,0.9651518886473199,3.139260529951062,3.112002057171947e-4,-2.965449342159614e-4,1.401871155339692e-7,-3.243329383548969e-7,1,8880560,0.012,0.010041319799999962,0.008455533299999936,0,-0.04094999999999985,0.14338333333333386,0,1,404,1
2249,-576452085711,0.9651556305670154,3.1392572238927987,0.0,0.0,0.0,0.0,1,8880572,0.012,0.022607929799999964,7.779329999994643e-5,0,-0.05844999999999986,-0.07536666666666614,0,0,404,-1
2250,-576452085710,0.9651555669777129,3.1392574535928177,0.0,0.0,0.0,0.0,1,8880583,0.011,0.023206339799999965,-0.006504716700000068,0,0.13405000000000014,0.13463333333333383,0,0,404,-1
2251,-576452085709,0.9651555850463416,3.1392576418887495,0.0,0.0,0.0,0.0,1,8880594,0.011,0.019615879799999965,0.001873023299999938,0,-0.09344999999999984,0.08213333333333384,0,0,404,-1
2252,-576452085709,0.965155608639213,3.139257732012465,0.0,0.0,0.0,0.0,1,8880605,0.011,0.009442909799999977,0.002471433299999941,0,-0.08469999999999986,-0.0928666666666661,0,0,404,-1
2253,-576452085709,0.9651555979699592,3.139257833462808,0.0,0.0,0.0,0.0,1,8880616,0.011,0.010639729799999966,-0.0011190267000000594,0,0.13405000000000014,0.029633333333333844,0,0,404,-1
2254,-576452085708,0.9651556511995194,3.1392578909480693,0.0,0.0,0.0,0.0,1,8880628,0.012,0.005254039799999974,0.004865073299999936,0,-0.11969999999999983,-0.04036666666666611,0,0,404,-1
2255,-576452085708,0.9651557227175519,3.1392580311540423,0.0,0.0,0.0,0.0,1,8880639,0.011,0.014230189799999966,0.007258713299999947,0,-0.02344999999999986,0.012133333333333995,0,0,404,-1
2256,-576452085608,0.965155723463647,3.139258265197341,0.0,0.0,0.0,0.0,1,8880650,0.011,0.024403159799999963,7.779329999994643e-5,0,0.12530000000000016,0.02088333333333381,0,0,404,-1
2257,-576452085607,0.969629008099617,3.1425254430037426,0.002324759681773094,0.0027665563168235217,7.115077676725037e-7,2.540619465202369e-6,1,8880662,0.012,0.02021428979999997,-0.002315846700000065,0,-0.09344999999999984,-0.014116666666666111,0,1,405,2
2258,-576452085607,0.9696569807675011,3.142558851610765,0.0,0.0,0.0,0.0,1,8880674,0.012,0.01901746979999997,0.007258713299999947,0,-0.12844999999999987,-0.1453666666666661,0,0,405,-1
2259,-576452085607,0.9696569573967864,3.1425589686255453,0.0,0.0,0.0,0.0,1,8880685,0.011,0.01183654979999997,-0.002315846700000065,0,-0.04094999999999985,0.03838333333333388,0,0,405,-1
2260,-576452085606,0.9696570768079295,3.142559013269305,0.0,0.0,0.0,0.0,1,8880697,0.012,0.004057219799999968,0.010849173299999938,0,-0.014699999999999852,0.19588333333333385,0,0,405,-1
2261,-576452085606,0.9696571306943592,3.142559053285739,0.0,0.0,0.0,0.0,1,8880708,0.011,0.004057219799999968,0.005463483299999938,0,0.011550000000000143,0.1258833333333338,0,0,405,-1
2262,-576452085606,0.9696571371796722,3.14255919552594,0.0,0.0,0.0,0.0,1,8880719,0.011,0.014828599799999969,6.762032999999493e-4,0,-0.10219999999999987,-0.05786666666666607,0,0,405,-1
2263,-576452085605,0.9696570751053897,3.142559422692984,0.0,0.0,0.0,0.0,1,8880730,0.011,0.02380474979999997,-0.006504716700000068,0,-0.049699999999999855,-0.11036666666666606,0,0,405,-1
2264,-576452085605,0.9696571086967614,3.1425597159138126,0.0,0.0,0.0,0.0,1,8880742,0.012,0.026796799799999965,0.0030698432999999438,0,0.0028000000000001357,0.012133333333333995,0,0,405,-1
2265,-576452085594,0.9684031186115456,3.1432588786614057,-6.828520505795359e-4,6.377212948233055e-4,-2.5902529774197905e-7,6.021388909592504e-7,1,8880753,0.011,0.014230189799999966,-0.006504716700000068,0,-0.049699999999999855,-0.0928666666666661,0,1,406,1
2266,-576452085587,0.973481290831818,3.1467620691672855,0.0026382951865764315,0.0029259952641838907,8.861302136904252e-7,3.1031447650973402e-6,1,8880765,0.012,0.016025419799999965,-0.004709486700000059,0,0.12530000000000016,-0.05786666666666607,0,1,407,2
2267,-576452085576,0.9735129038645841,3.1467972065328045,0.0,0.0,0.0,0.0,1,8880777,0.012,0.0022619897999999593,-0.0041110767000000735,0,-0.11969999999999983,-0.005366666666666076,0,0,407,-1
2268,-576452085565,0.9735129099270958,3.1467974063722437,0.0,0.0,0.0,0.0,1,8880788,0.011,0.02021428979999997,6.762032999999493e-4,0,-0.049699999999999855,0.14338333333333386,0,0,407,-1
2269,-576452085553,0.977440539415863,3.144804506844974,0.0021336472174827642,-0.0018277618855024897,9.042505300217612e-7,-2.110623717051072e-6,1,8880799,0.011,0.01183654979999997,-0.0017174367000000453,0,-0.04094999999999985,0.1258833333333338,0,1,408,1
2270,-576452085542,0.9774661041902722,3.1447828312187185,0.0,0.0,0.0,0.0,1,8880811,0.012,0.02380474979999997,-0.0041110767000000735,0,0.04655000000000015,0.10838333333333394,0,0,408,-1
