1,-576452408527,1.9999852624367203,2.9000081162511857,-0.0010626572133709457,2.949241847937623e-4,-0.04205003315863276,0.010710488737090972,0,1665141,0.032,0.011000770499999982,-0.04343060310000005,0,-0.1669791666666667,0.020008333333334738,0,1,52,2
2,-576452408515,1.9999750698801402,2.900008718213621,-0.0014854949220348555,4.182893302909697e-4,-0.04009909683872184,0.018313403956513475,0,1665152,0.011,0.019378510499999974,-0.039840143100000044,0,-0.23697916666666669,-0.07624166666666532,0,1,53,1
3,-576452408507,1.9999559333352757,2.9000138392031927,-0.0019539217786185307,5.762938196737574e-4,-0.05404132362186116,-0.003843273355363469,0,1665163,0.011,-0.0069515295000000185,-0.055997213100000054,0,-0.10572916666666671,0.028758333333334773,0,0,53,-1
4,-576452408494,1.9999337524743557,2.900019681964496,-0.0024868188762318896,5.71694461338975e-4,-0.04893444019424912,0.019145025947555912,0,1665173,0.01,0.02237056049999997,-0.04821788310000007,0,-0.17572916666666671,0.0637583333333347,0,0,53,-1
5,-576452408485,1.9999069278935575,2.900026199914225,0.0,0.0,0.0,0.0,1,1665183,0.01,2.293904999999821e-4,0.01042629689999994,0,-0.2019791666666667,0.11625833333333468,0,0,53,-1
6,-576452408476,1.9999071454112898,2.9000262185817336,0.0,0.0,0.0,0.0,1,1665194,0.011,0.0020246204999999737,0.023591316899999944,0,-0.1844791666666667,0.03750833333333459,0,0,53,-1
7,-576452408465,1.9999076074900104,2.900026205776576,0.0,0.0,0.0,0.0,1,1665204,0.01,-0.0015658395000000265,0.05650386689999995,0,-0.1582291666666667,0.22125833333333467,0,0,53,-1
8,-576452408454,1.9999136238549857,2.900034357668806,4.434813411890776e-5,6.652512424976342e-5,4.780417772975819e-7,7.1710390973744e-7,1,1665215,0.011,-0.011738809500000008,0.05530704689999995,0,0.025520833333333298,0.002508333333334667,0,1,54,2
9,-576452408444,1.999914601791592,2.9000350859792876,0.0,0.0,0.0,0.0,1,1665226,0.011,-3.6901950000002077e-4,0.05171658689999995,0,-0.21947916666666673,0.12500833333333472,0,0,54,-1
10,-576452408434,1.9999150517592266,2.9000350189600734,0.0,0.0,0.0,0.0,1,1665236,0.01,-0.008148349500000025,0.054708636899999954,0,-0.1144791666666667,0.09875833333333461,0,0,54,-1
11,-576452408423,1.9999152485725276,2.900035049288941,0.0,0.0,0.0,0.0,1,1665246,0.01,0.003819850499999965,0.02478813689999994,0,-0.1669791666666667,0.08125833333333476,0,0,54,-1
12,-576452408413,1.9999153969107157,2.900035032215962,0.0,0.0,0.0,0.0,1,1665256,0.01,-0.0021642495000000293,0.018804036899999946,0,-0.23697916666666669,0.07250833333333473,0,0,54,-1
13,-576452408403,1.9999154595598532,2.9000351220672926,0.0,0.0,0.0,0.0,1,1665267,0.011,0.009803950499999978,0.00683583689999994,0,-0.0707291666666667,-0.11999166666666539,0,0,54,-1
14,-576452408390,1.9999422647933216,2.900006699990813,1.583009014889012e-4,-1.6707953731804327e-4,8.733705359763083e-7,-9.218735745196816e-7,1,1665277,0.01,0.001426210499999971,-0.016502153100000052,0,-0.23697916666666669,0.05500833333333466,0,1,55,1
15,-576452408381,1.999943765799869,2.9000047593831386,0.0,0.0,0.0,0.0,1,1665288,0.011,-0.011140399500000021,-0.026076713100000048,0,-0.17572916666666671,0.09875833333333461,0,0,55,-1
16,-576452408371,1.999943577006995,2.9000048493499455,-2.871621288441702e-5,1.3684427397042992e-5,-0.020244156442863172,0.009647154824365938,0,1665298,0.01,0.011000770499999982,-0.02308466310000005,0,-0.3507291666666667,0.12500833333333472,0,0,55,-1
17,-576452408362,1.9999422835858536,2.900005374860333,-2.302337360237985e-4,9.56027662402945e-5,-0.01958648287266628,-7.108874791572142e-4,0,1665308,0.01,-0.0021642495000000293,-0.01949420310000005,0,-0.2807291666666667,-0.032491666666665364,0,0,55,-1
19,-576452408319,1.999934808578553,2.9000074687607844,-4.584789575275255e-4,1.3198146007735396e-4,0.01032753670173797,0.0032910473932170775,0,1665328,0.01,0.0032214404999999792,0.012819936899999952,0,-0.2019791666666667,-0.1287416666666653,0,0,55,-1
20,-576452408318,1.999930835242201,2.9000089337196675,-3.403554782824173e-4,1.6186096633342013e-4,0.020909689405687264,0.0011308965065582712,0,1665338,0.01,8.278004999999679e-4,0.022394496899999946,0,-0.0969791666666667,-0.04124166666666529,0,0,55,-1
21,-576452408317,1.9999285737371917,2.9000106819231144,-1.1617766544634634e-4,1.8457822582289906e-4,0.03165778548805695,0.009261531410110779,0,1665348,0.01,0.01040236049999998,0.033165876899999946,0,-0.1669791666666667,0.03750833333333459,0,0,55,-1
22,-576452408311,1.999928983157882,2.900012957337199,1.9857421762328726e-4,2.7197035079623913e-4,0.030356424074151074,0.0055389893929184445,0,1665358,0.01,0.005016670499999971,0.03017382689999995,0,-0.3507291666666667,0.04625833333333462,0,0,55,-1
23,-576452408301,1.9999326078673438,2.9000159074417113,5.210582965415545e-4,3.200905962161232e-4,0.04384050309117532,3.579453475292512e-4,0,1665368,0.01,-3.6901950000002077e-4,0.04573248689999996,0,-0.1932291666666667,-0.05874166666666536,0,0,55,-1
24,-576452408287,1.9999408556603426,2.9000195037500904,9.834108212775346e-4,3.3186494083439587e-4,0.030805920741907203,0.005492981176788078,0,1665379,0.011,0.006213490499999994,0.028977006899999953,0,-0.2107291666666667,0.11625833333333468,0,0,55,-1
25,-576452408281,1.9999521857899534,2.9000230833795877,0.001284729676249029,3.8471379439909855e-4,0.026053386498601172,0.004025724798666936,0,1665389,0.01,0.003819850499999965,0.025386546899999942,0,-0.3244791666666667,0.09000833333333458,0,0,55,-1
26,-576452408271,1.9999662213096099,2.900027144408948,0.00152748390081218,4.2692929913770445e-4,0.013398723357046335,0.005419514490193494,0,1665399,0.01,0.005615080499999991,0.011623116899999963,0,-0.10572916666666671,-0.06749166666666528,0,0,55,-1
27,-576452408260,2.0000671742490495,2.8999417810854777,0.0019465308095943505,1.52323641354384e-4,0.001346856762996314,-0.0017567100345875788,0,1665409,0.01,-0.002762659500000015,-3.450831000000438e-4,0,0.01677083333333329,0.020008333333334738,0,1,57,1
28,-576452408249,2.000088723352687,2.899943297281026,0.001969493597528161,1.2524617517402592e-4,0.006685209665448827,-0.006837097957033855,0,1665420,0.011,-0.007549939500000021,0.007434246899999943,0,-0.0532291666666667,0.020008333333334738,0,0,57,-1
29,-576452408240,2.000108700002696,2.8999442705078566,0.0020283460173511963,6.640844063196178e-5,0.001044753040119033,-1.1534495545541344e-4,0,1665430,0.01,8.278004999999679e-4,2.5332689999994204e-4,0,-0.2019791666666667,-0.014991666666665293,0,0,57,-1
30,-576452408229,2.0001289819636656,2.8999448840990656,0.0,0.0,0.0,0.0,1,1665440,0.01,-0.005754709500000013,-0.005730773100000052,0,-0.1319791666666667,0.002508333333334667,0,0,57,-1
31,-576452408219,2.000128983961728,2.899944867028979,0.0,0.0,0.0,0.0,1,1665450,0.01,-0.0021642495000000293,2.5332689999994204e-4,0,-0.06197916666666671,0.04625833333333462,0,0,57,-1
32,-576452408209,2.0001290142513795,2.8999448594054815,4.729773082532929e-6,-1.1904203118019023e-6,0.003370819101822995,-8.483898621609844e-4,0,1665460,0.01,-9.674295000000236e-4,0.0038437868999999423,0,-0.3944791666666667,-0.032491666666665364,0,0,57,-1
33,-576452408200,2.0001292432464286,2.899944818288595,4.0492598847431954e-5,-7.611805981847259e-6,0.004835143933692816,6.21549715151126e-4,0,1665470,0.01,8.278004999999679e-4,0.005040606899999948,0,-0.23697916666666669,0.05500833333333466,0,0,57,-1
34,-576452408187,2.0002650754769404,2.9001472479949144,4.967537655736503e-4,5.935852583307142e-4,0.014462118133597811,0.0034275119874795017,0,1665480,0.01,0.003819850499999965,0.01581198689999995,0,-0.28947916666666673,-0.11124166666666535,0,1,58,2
35,-576452408179,2.0002707390344296,2.9001533960279953,6.371452943918994e-4,6.342337485507955e-4,0.011447671248667392,0.007969792159709527,0,1665490,0.01,0.008607130499999989,0.011024706899999943,0,-0.21947916666666673,0.1512583333333346,0,0,58,-1
36,-576452408168,2.0002785514900747,2.9001609538258832,7.793224861492447e-4,7.363697544786867e-4,0.022097073463780117,0.01744992068869919,0,1665501,0.011,0.01878010049999997,0.023591316899999944,0,-0.10572916666666671,0.09875833333333461,0,0,58,-1
37,-576452408158,2.0002874715539862,2.9001690786662335,0.0010036402345825147,8.939165467121286e-4,0.02445700867117347,0.005496994538902442,0,1665511,0.01,0.003819850499999965,0.02478813689999994,0,-0.2107291666666667,0.08125833333333476,0,0,58,-1
38,-576452408148,2.00029871919498,2.90017829361797,0.0012464063908280319,9.490319866824772e-4,0.023173060745422264,0.005600550335225269,0,1665521,0.01,0.005615080499999991,0.02299290689999995,0,-0.21947916666666673,0.04625833333333462,0,0,58,-1
39,-576452408138,2.000312345210836,2.9001880735196335,0.0014786517354852175,0.0010065282678497465,0.02353985158788689,0.006662847070358814,0,1665531,0.01,0.00681190049999998,0.023591316899999944,0,-0.3157291666666667,0.09875833333333461,0,0,58,-1
40,-576452408127,2.000328318557457,2.900198458972533,0.0017155862642593373,0.0010711311211603022,0.02463453869829767,0.005219228167255956,0,1665541,0.01,0.005016670499999971,0.02478813689999994,0,-0.4469791666666667,0.22125833333333467,0,0,58,-1
41,-576452408117,2.0005358838765637,2.900012890444572,0.0024358069053289693,6.202188803298857e-4,0.014799349313689926,-0.00702921048450743,0,1665552,0.011,-0.00874675950000001,0.013418346899999954,0,-0.2107291666666667,0.08125833333333476,0,1,59,1
42,-576452408107,2.000560926665489,2.900018829770388,0.0025753843976985347,5.63420223834592e-4,0.008865280480645962,0.002484902278440459,0,1665562,0.01,0.003819850499999965,0.008032656899999945,0,-0.17572916666666671,0.1512583333333346,0,0,59,-1
43,-576452408096,2.000587050725906,2.9000245133775775,0.0026526890455121684,5.766425502092846e-4,7.882277459126934e-4,-0.005790401561066649,0,1665572,0.01,-0.0069515295000000185,-3.450831000000438e-4,0,-0.026979166666666707,0.14250833333333457,0,0,59,-1
44,-576452408088,2.0006136458474364,2.90002995280608,0.0026650681692296386,5.128908768648532e-4,0.003992585672745082,-0.009957319188198525,0,1665582,0.01,-0.010541989500000019,0.004442196899999945,0,-0.1669791666666667,0.03750833333333459,0,0,59,-1
45,-576452408075,2.000640457261368,2.90003462639721,0.0,0.0,0.0,0.0,1,1665592,0.01,-0.004557889500000024,-9.434931000000467e-4,0,-0.2107291666666667,0.07250833333333473,0,0,59,-1
46,-576452408067,2.0006403885336974,2.900034623489678,-1.0733229351856206e-5,-4.5406985409470436e-7,-0.007649502819030768,-3.236126278346126e-4,0,1665602,0.01,-3.6901950000002077e-4,-0.008722823100000067,0,-0.3769791666666667,0.14250833333333457,0,0,59,-1
47,-576452408057,2.0008479627242792,2.9003457381427027,3.8673513120272016e-4,6.914947241045873e-4,0.0034797563777610517,0.006459622238384872,0,1665612,0.01,0.007410310499999982,0.005040606899999948,0,-0.26322916666666674,0.09000833333333458,0,1,60,2
50,-576452408021,2.0008628735655494,2.900369111804083,7.173587313389191e-4,9.108015760001855e-4,0.015459717079514212,0.009153508518481804,0,1665642,0.01,0.008607130499999989,0.01461516689999996,0,-0.24572916666666672,-0.014991666666665293,0,0,60,-1
51,-576452408017,2.000870752192251,2.900378710908814,8.613444459795805e-4,0.0010075549787767573,0.007896982516643447,0.01287257874276002,0,1665652,0.01,0.013394410499999978,0.00683583689999994,0,-0.2719791666666667,0.1775083333333347,0,0,60,-1
52,-576452408007,2.0008798464211477,2.900389448343371,9.537351126929897e-4,0.0011391318493168662,0.017461952744322006,0.01490453218726761,0,1665662,0.01,0.015189640499999987,0.018804036899999946,0,-0.1319791666666667,0.10750833333333465,0,0,60,-1
53,-576452407997,2.0008903287363924,2.900401521127642,0.0011395782986839144,0.0012782194022236274,0.02546100104525626,0.0078076773966286725,0,1665672,0.01,0.00681190049999998,0.02658336689999995,0,-0.1582291666666667,0.028758333333334773,0,0,60,-1
54,-576452407986,2.0011096262410826,2.9001999196096917,0.0018152721386144547,9.386132950098443e-4,0.02224758830536232,0.005359522614720101,0,1665683,0.011,0.005016670499999971,0.021796086899999942,0,-0.03572916666666671,-0.05874166666666536,0,1,61,1
55,-576452407976,2.001128833868916,2.900209502481794,0.0020289994480566505,9.81362289259088e-4,0.01607909337458311,-0.0022880237358584464,0,1665693,0.01,-0.0033610695000000183,0.015213576899999946,0,-0.26322916666666674,0.08125833333333476,0,0,61,-1
56,-576452407965,2.001152167305433,2.9002200884853795,0.0022119265610931137,9.459354866932208e-4,0.02004307151890457,-0.00900158363816185,0,1665704,0.011,-0.009943579500000016,0.020599266899999955,0,-0.10572916666666671,0.2037583333333346,0,0,61,-1
57,-576452407955,2.001175288379226,2.9002290753753086,0.0024123047630405323,8.525146725175038e-4,0.020006051297055155,-0.01140200110695756,0,1665714,0.01,-0.011738809500000008,0.02000085689999995,0,-0.10572916666666671,-0.014991666666665293,0,0,61,-1
58,-576452407944,2.001202995435217,2.900237754594408,0.00262675111861361,7.258394314323013e-4,0.01632805541651619,-0.01222214335356435,0,1665725,0.011,-0.01233721950000001,0.01581198689999995,0,-0.21947916666666673,0.04625833333333462,0,0,61,-1
59,-576452407935,2.0012300359756683,2.900244493928396,0.0027834345447036567,6.176183579807881e-4,0.011677269889592761,-0.0023522922327472474,0,1665735,0.01,-9.674295000000236e-4,0.011024706899999943,0,-0.1144791666666667,0.07250833333333473,0,0,61,-1
60,-576452407923,2.0016423707063504,2.9008231203101733,6.816136739812512e-4,0.0010167123824299852,6.982431749042038e-7,1.0467635212253432e-6,1,1665745,0.01,0.007410310499999982,0.015213576899999946,0,-0.12322916666666671,-0.006241666666665369,0,1,62,2
61,-576452407913,2.0016499037257396,2.9008343392026146,6.86765613659512e-4,0.0010218356291043968,0.0033709050187914914,0.00334995681392158,0,1665756,0.011,0.003819850499999965,0.0038437868999999423,0,-0.2719791666666667,0.09000833333333458,0,0,62,-1
62,-576452407904,2.001656924226818,2.900844841349161,7.180856606758748e-4,0.0010730382528045593,0.0016864910995898785,0.01583190771589864,0,1665766,0.01,0.017583280499999982,0.0014501468999999479,0,-0.2282291666666667,-0.014991666666665293,0,0,62,-1
63,-576452407894,2.001664159056438,2.9008564436623954,7.302355257728732e-4,0.0012438375139548746,-0.0016694349781316508,0.02471465999781334,0,1665776,0.01,0.025961020499999987,-0.0021403131000000525,0,-0.0707291666666667,0.002508333333334667,0,0,62,-1
64,-576452407883,2.0016713931055126,2.9008699765657973,7.159074710187364e-4,0.0014689516369551933,1.673614312981404e-5,0.009014787642617678,0,1665786,0.01,0.00681190049999998,2.5332689999994204e-4,0,-0.0532291666666667,0.11625833333333468,0,0,62,-1
65,-576452407873,2.0016785218724267,2.9008851419025525,7.112115595622552e-4,0.0015630159468832186,-0.003449225606331598,0.011805955037719957,0,1665796,0.01,0.012197590499999989,-0.003935543100000044,0,-0.10572916666666671,0.18625833333333475,0,0,62,-1
66,-576452407863,2.0016855142739427,2.900901261717464,6.849568550001481e-4,0.001665358146926045,0.002421623791551199,6.043016383919034e-4,0,1665806,0.01,-9.674295000000236e-4,0.0032453768999999395,0,-0.26322916666666674,0.03750833333333459,0,0,62,-1
67,-576452407852,2.00224708765171,2.900338053889129,0.0016097684331878932,7.30423559272696e-4,0.006818373322046704,-0.0028741093349887075,0,1665817,0.011,-0.0033610695000000183,0.007434246899999943,0,-0.2282291666666667,-0.04124166666666529,0,1,63,1
68,-576452407842,2.002265411698947,2.9003460460620722,0.0017139125284925966,7.175625080791505e-4,0.025725668488725262,0.009293503282482074,0,1665828,0.011,0.011000770499999982,0.02837859689999995,0,-0.2807291666666667,0.002508333333334667,0,0,63,-1
69,-576452407832,2.0022837604950086,2.90035350849247,0.0019595681005665105,7.835589792859556e-4,0.01755661639846874,-0.009675616348324895,0,1665838,0.01,-0.01233721950000001,0.01641039689999995,0,-0.4032291666666667,-0.049991666666665324,0,0,63,-1
70,-576452407821,2.0023043341812907,2.9003608249173753,0.0021506825559152597,6.81310625503923e-4,0.02862131256315043,-0.013584047984143388,0,1665848,0.01,-0.014132449500000019,0.03017382689999995,0,-0.3419791666666667,0.07250833333333473,0,0,63,-1
71,-576452407811,2.0023271615836924,2.9003669969804937,0.0024196583283968504,5.514233928266023e-4,0.01633858603003705,-0.009341975036920651,0,1665858,0.01,-0.00874675950000001,0.01461516689999996,0,-0.0707291666666667,-0.02374166666666533,0,0,63,-1
72,-576452407799,2.0023522322503284,2.900372048806186,0.002591968683421497,4.58736055960469e-4,0.02269888757455103,-0.008819999195451927,0,1665868,0.01,-0.00874675950000001,0.023591316899999944,0,-0.3157291666666667,-0.049991666666665324,0,0,63,-1
73,-576452407791,2.002379251478736,2.900376252322965,0.002813428705549918,3.7946214018612075e-4,0.018758510726071966,-0.00245844463864127,0,1665878,0.01,-0.0015658395000000265,0.01820562689999994,0,-0.1144791666666667,0.011258333333334702,0,0,63,-1
74,-576452407780,2.0027543465978974,2.90088951635927,0.003506895232174996,0.0011072908434340775,0.0067290135345682974,4.241183138697847e-4,0,1665889,0.011,8.278004999999679e-4,0.005040606899999948,0,-0.3507291666666667,-0.032491666666665364,0,1,64,2
75,-576452407769,2.0027932625744143,2.900901771358173,0.0035713526180648843,0.00111897254345611,5.253657558771975e-4,0.004976346350716996,0,1665900,0.011,0.005615080499999991,-3.450831000000438e-4,0,-0.3682291666666667,0.11625833333333468,0,0,64,-1
76,-576452407759,2.00283258233647,2.9009144897673913,0.0035775733033971318,0.0011891535455652545,8.115777950753387e-4,0.014982476172425745,0,1665911,0.011,0.016386460499999974,8.51736899999945e-4,0,-0.3332291666666667,-0.014991666666665293,0,0,64,-1
79,-576452407723,2.0029401446579005,2.9009568663747802,0.003597527968799482,0.0016295217933519248,0.0055587662542039,0.005743264331466493,0,1665941,0.01,0.004418260499999968,0.0062374268999999365,0,-0.2719791666666667,0.07250833333333473,0,0,64,-1
80,-576452407717,2.0029801038653487,2.900975071595285,0.0036659900583159754,0.0016829151352421722,0.010352137379507517,-6.6647363093599e-4,0,1665952,0.011,-0.0015658395000000265,0.011024706899999943,0,-0.21947916666666673,0.08125833333333476,0,0,64,-1
81,-576452407706,2.004026299261774,2.899943007951005,0.005168012010037113,2.5532296022182837e-4,0.026161613530277364,0.0032666312346889188,0,1665963,0.011,0.003819850499999965,0.02837859689999995,0,-0.2107291666666667,-0.032491666666665364,0,1,65,1
82,-576452407695,2.004084762578626,2.899945934031214,0.005460409495576978,2.7985736108227866e-4,0.02915535743644334,-0.004119880180334044,0,1665974,0.011,-0.005156299500000027,0.029575416899999946,0,-0.0882291666666667,0.028758333333334773,0,0,65,-1
83,-576452407685,2.0041407096676616,2.8999484097016985,0.005734597381666188,2.2096944663716443e-4,0.01692907607166003,-0.016573870002743525,0,1665984,0.01,-0.018321319500000023,0.015213576899999946,0,-0.2544791666666667,0.11625833333333468,0,0,65,-1
84,-576452407673,2.0041989122339485,2.89994989562323,0.005905461280308049,7.151331537544035e-5,0.01804855070138423,-0.004986869609140816,0,1665994,0.01,-0.0033610695000000183,0.01820562689999994,0,-0.1932291666666667,0.1512583333333346,0,0,65,-1
85,-576452407666,2.004258851630622,2.8999504120042707,0.0060831942432282415,2.9537211716502496e-5,0.01608719015245471,6.370979769428952e-4,0,1666004,0.01,0.001426210499999971,0.01581198689999995,0,-0.17572916666666671,0.24750833333333477,0,0,65,-1
86,-576452407655,2.0051515429576727,2.9011746288805624,0.007304676941841634,0.0016141959890284775,0.009549200171162764,0.0018549027839636306,0,1666014,0.01,0.0020246204999999737,0.008631066899999948,0,-0.1844791666666667,0.03750833333333459,0,1,66,2
87,-576452407645,2.0052249421874633,2.9011908367917485,0.007380631095248117,0.001628536073823687,-0.004375390090712092,-0.0011449262214209314,0,1666024,0.01,-0.0015658395000000265,-0.006329183100000038,0,-0.2282291666666667,0.002508333333334667,0,0,66,-1
88,-576452407635,2.0052985614851537,2.9012070285888245,0.0,0.0,0.0,0.0,1,1666034,0.01,-0.005754709500000013,-3.450831000000438e-4,0,-0.1319791666666667,-0.1287416666666653,0,0,66,-1
89,-576452407625,2.0052985540514623,2.90120703511093,-1.1609433507352723e-6,1.0185865922944286e-6,-8.2739877278795e-4,7.259418408181161e-4,0,1666044,0.01,8.278004999999679e-4,-9.434931000000467e-4,0,-0.26322916666666674,0.13375833333333476,0,0,66,-1
90,-576452407615,2.0052985755939163,2.90120716254762,2.203460193791488e-6,2.0920909169590612e-5,0.007467227748721609,0.009736480045297952,0,1666054,0.01,0.011000770499999982,0.008631066899999948,0,-0.2019791666666667,-0.09374166666666528,0,0,66,-1
91,-576452407604,2.005298928296884,2.9012078543975193,7.020820671446807e-5,1.1763240258671286e-4,0.002715309997151495,0.009270871204910986,0,1666064,0.01,0.009205540499999991,0.002048556899999951,0,-0.0882291666666667,0.011258333333334702,0,0,66,-1
92,-576452407594,2.005299908104458,2.901209577041142,1.0639234848232567e-4,2.0030294598642382e-4,0.006853594211715843,-0.0033810743536151367,0,1666075,0.011,-0.005156299500000027,0.007434246899999943,0,-0.28947916666666673,-0.06749166666666528,0,0,66,-1
93,-576452407583,2.0070420003052782,2.8994030844599004,0.0022680820938192573,-0.002002925088580967,0.0036907981136434917,0.0024074952875627895,0,1666086,0.011,0.0032214404999999792,0.0032453768999999395,0,-0.1582291666666667,-0.09374166666666528,0,1,67,1
94,-576452407570,2.007067299244107,2.8993812513620028,0.002326703925506976,-0.0019688624479695647,0.015370061190185486,0.007319504571878133,0,1666097,0.011,0.008008720499999986,0.017008806899999954,0,-0.3244791666666667,0.020008333333334738,0,0,67,-1
95,-576452407562,2.0070912940844376,2.8993618703486326,0.002474246649875777,-0.0019044987444776255,0.01103461400286398,0.0011018102591182155,0,1666107,0.01,2.293904999999821e-4,0.01042629689999994,0,-0.23697916666666669,0.09875833333333461,0,0,67,-1
96,-576452407552,2.0071166024594302,2.899342921042679,0.002586792903059824,-0.0018871813500738143,0.012600257645748552,0.005584511784110594,0,1666117,0.01,0.006213490499999994,0.012819936899999952,0,-0.3507291666666667,0.011258333333334702,0,0,67,-1
97,-576452407542,2.007143121017232,2.8993243239752515,0.0027160116975291637,-0.0018320350757411194,0.014892014886867344,0.005086541866141464,0,1666127,0.01,0.005016670499999971,0.015213576899999946,0,-0.3332291666666667,-0.006241666666665369,0,0,67,-1
98,-576452407532,2.0071710141218966,2.899306262116666,0.002863118495483955,-0.0017805192894140528,0.013599677842928277,0.005550045220883055,0,1666137,0.01,0.005615080499999991,0.013418346899999954,0,-0.2807291666666667,0.24750833333333477,0,0,67,-1
99,-576452407522,2.007200323862015,2.8992886170652357,0.0029988921503563398,-0.0017433470560315237,0.013440659192291225,-0.0075123527770154415,0,1666147,0.01,-0.009345169500000012,0.013418346899999954,0,-0.1932291666666667,-0.049991666666665324,0,0,67,-1
100,-576452407512,2.007231064792556,2.899270821825343,0.0031457888620856768,-0.0018163078495490124,0.02234230535202289,-0.0059709828503021626,0,1666157,0.01,-0.005754709500000013,0.023591316899999944,0,-0.4032291666666667,0.14250833333333457,0,0,67,-1
101,-576452407501,2.007263630778055,2.899252366616497,0.0033678034805499526,-0.001875015231722804,0.021338520399592494,-0.0052565441286509616,0,1666167,0.01,-0.005156299500000027,0.021197676899999948,0,-0.2019791666666667,0.16875833333333468,0,0,67,-1
102,-576452407491,2.0073018730882346,2.899231418863188,0.0035887234009301322,-0.0019335039518189512,0.012293794336067233,-0.005693411570394455,0,1666178,0.011,-0.005754709500000013,0.011024706899999943,0,-0.12322916666666671,0.002508333333334667,0,0,67,-1
103,-576452407481,2.0073383988656985,2.899211857318243,0.003715292827214201,-0.001981583029380999,0.014854305388247117,5.501598598132056e-4,0,1666188,0.01,0.001426210499999971,0.015213576899999946,0,-0.1669791666666667,-0.08499166666666536,0,0,67,-1
107,-576452407420,2.007414370889113,2.8991728350621706,-1.2942217794286128e-5,9.854542849243017e-6,-0.00922383452200987,0.0070232686527345635,0,1666228,0.01,0.008008720499999986,-0.010518053100000058,0,-0.2807291666666667,0.18625833333333475,0,0,67,-1
108,-576452407419,2.0074138643744597,2.8991733443982595,-9.204650756616422e-5,8.939940883448454e-5,1.3674175494632866e-4,0.013660012837650302,0,1666238,0.01,0.014591230499999983,0.0014501468999999479,0,-0.1319791666666667,0.18625833333333475,0,0,67,-1
109,-576452407419,2.007413003527829,2.8991748485783453,-8.243603055052479e-5,2.1462780529176364e-4,0.006011530984254733,0.005555433649332258,0,1666248,0.01,0.004418260499999968,0.00683583689999994,0,-0.2807291666666667,-0.04124166666666529,0,0,67,-1
110,-576452407411,2.0074125003830696,2.899177249524042,-1.9097451124470825e-5,2.6657389735483837e-4,0.00830873994313471,0.00298385494136192,0,1666258,0.01,0.0026230304999999765,0.008631066899999948,0,-0.21947916666666673,-0.006241666666665369,0,0,67,-1
111,-576452407402,2.0074127509591166,2.8991800474684797,6.80682013768004e-5,2.937594788777068e-4,0.011215291593238811,0.0010930972889246103,0,1666268,0.01,8.278004999999679e-4,0.011623116899999963,0,-0.3594791666666667,-0.032491666666665364,0,0,67,-1
112,-576452407392,2.0074140521964843,2.89918308006107,1.8955886742981812e-4,3.1099096000535584e-4,0.01787026188800214,0.005583439676203662,0,1666278,0.01,0.006213490499999994,0.018804036899999946,0,0.025520833333333298,-0.006241666666665369,0,0,67,-1
113,-576452407381,2.007416928806906,2.8991864788215427,3.8192804189668173e-4,3.683369452765853e-4,0.027610351341327468,0.006660741649081998,0,1666288,0.01,0.00681190049999998,0.028977006899999953,0,-0.3157291666666667,0.011258333333334702,0,0,67,-1
114,-576452407371,2.0074221016542206,2.8991903408307227,6.538225675265633e-4,4.1083154605785194e-4,0.02461062567833882,-0.010524347929047235,0,1666298,0.01,-0.012935629500000012,0.024189726899999948,0,-0.5169791666666668,0.05500833333333466,0,0,67,-1
115,-576452407361,2.0083802792551797,2.9005796609025163,0.001858734647938879,0.0017059853161196486,0.031588801384952,-5.684497358385772e-4,0,1666308,0.01,8.278004999999679e-4,0.032567466899999946,0,-0.26322916666666674,-0.11124166666666535,0,1,68,2
116,-576452407351,2.0084025963154306,2.900598268408023,0.002200313425388306,0.0016815789257325106,0.027724049591341705,-0.01246343525183785,0,1666319,0.011,-0.014132449500000019,0.02718177689999995,0,-0.1407291666666667,0.09875833333333461,0,0,68,-1
117,-576452407340,2.0084258101214205,2.90061454029022,0.002450829917880841,0.0015690099362721728,0.008881298917094094,-0.003956314264772441,0,1666329,0.01,-0.002762659500000015,0.0062374268999999365,0,-0.3244791666666667,-0.014991666666665293,0,0,68,-1
118,-576452407330,2.008453177405664,2.9006315931087046,0.0025297457040075323,0.0015302975063833974,-0.0034080191025164658,-8.10426620229844e-4,0,1666340,0.011,-3.6901950000002077e-4,-0.00513236310000005,0,-0.10572916666666671,0.08125833333333476,0,0,68,-1
119,-576452407320,2.0084784224964727,2.9006469962030157,0.0025136191332659325,0.0015435853443875192,0.009248798188957338,0.014270429084014678,0,1666350,0.01,0.016386460499999974,0.011024706899999943,0,-0.2019791666666667,0.002508333333334667,0,0,68,-1
120,-576452407310,2.0085039687599746,2.9006631671097027,0.002597972787372192,0.0016896341854485083,0.003459304755845682,0.0166508656726775,0,1666360,0.01,0.016984870499999978,0.0026469668999999536,0,-0.2019791666666667,-0.05874166666666536,0,0,68,-1
121,-576452407297,2.008530034806585,2.9006808372699213,0.0026190464627192443,0.001846980047330226,-0.006174290061778468,0.010121668044332049,0,1666370,0.01,0.009205540499999991,-0.007526003100000061,0,-0.10572916666666671,0.08125833333333476,0,0,68,-1
122,-576452407287,2.010388208791388,2.898821863808631,0.0017344281791489176,-0.0017855465225189945,7.929396447630009e-7,-8.398601379176988e-7,1,1666381,0.011,0.009803950499999978,-0.003337133100000041,0,-0.1144791666666667,0.14250833333333457,0,1,69,1
123,-576452407278,2.0104072959023984,2.8988023662586397,0.0,0.0,0.0,0.0,1,1666392,0.011,0.015189640499999987,8.51736899999945e-4,0,-0.10572916666666671,0.08125833333333476,0,0,69,-1
124,-576452407265,2.0104074111785404,2.8988025059235296,0.0,0.0,0.0,0.0,1,1666402,0.01,0.016984870499999978,0.014016756899999957,0,-0.21947916666666673,-0.14624166666666538,0,0,69,-1
125,-576452407255,2.01040757472443,2.898802545758735,0.0,0.0,0.0,0.0,1,1666412,0.01,0.005016670499999971,0.020599266899999955,0,-0.1669791666666667,-0.1287416666666653,0,0,69,-1
126,-576452407248,2.010407893002922,2.898802533408051,0.0,0.0,0.0,0.0,1,1666422,0.01,-0.0015658395000000265,0.04034679689999995,0,-0.23697916666666669,0.002508333333334667,0,0,69,-1
127,-576452407237,2.010408239243654,2.8988024739121308,0.0,0.0,0.0,0.0,1,1666432,0.01,-0.007549939500000021,0.04393725689999995,0,-0.1407291666666667,0.09875833333333461,0,0,69,-1
128,-576452407227,2.0113822458778197,2.90019834449075,8.845719885456029e-4,0.0012714007775479035,3.2703047313901527e-7,4.876680237602464e-7,1,1666442,0.01,-0.008148349500000025,0.033165876899999946,0,-0.1844791666666667,-0.06749166666666528,0,1,70,2
129,-576452407218,2.0113913197356355,2.9002109846270954,0.0,0.0,0.0,0.0,1,1666452,0.01,-0.009345169500000012,0.028977006899999953,0,-0.1932291666666667,0.04625833333333462,0,0,70,-1
130,-576452407207,2.0113914348682234,2.900210972263449,0.0,0.0,0.0,0.0,1,1666462,0.01,-0.0015658395000000265,0.01461516689999996,0,-0.23697916666666669,-0.08499166666666536,0,0,70,-1
131,-576452407197,2.011391441582911,2.9002108562065176,0.0,0.0,0.0,0.0,1,1666472,0.01,-0.014730859500000039,8.51736899999945e-4,0,-0.1582291666666667,0.08125833333333476,0,0,70,-1
132,-576452407187,2.0113914152903134,2.900210815581047,0.0,0.0,0.0,0.0,1,1666482,0.01,-0.005156299500000027,-0.003337133100000041,0,-0.21947916666666673,-0.07624166666666532,0,0,70,-1
133,-576452407177,2.0113913748530576,2.90021085982155,-6.3152368779049174e-6,6.909207834557636e-6,-0.0045008394130725375,0.004924159715429091,0,1666492,0.01,0.005615080499999991,-0.00513236310000005,0,-0.2807291666666667,0.11625833333333468,0,0,70,-1
134,-576452407167,2.011391043964643,2.9002111899948884,-5.79913254333e-5,5.8473620030598784e-5,-0.009252873657459089,0.006579618995942788,0,1666502,0.01,0.00681190049999998,-0.009919643100000056,0,-0.4819791666666667,0.10750833333333465,0,0,70,-1
135,-576452407157,2.013812733251692,2.897758735616629,0.001954209160971062,-0.0019939284085173773,-0.00931208859524863,0.020426749850939657,0,1666512,0.01,0.02237056049999997,-0.009321233100000053,0,-0.2107291666666667,-0.1812416666666653,0,1,71,1
138,-576452407118,2.013873234649894,2.8977062386414496,0.0021064469619561576,-0.0013821164409581574,0.02097423401835247,0.010411325416661435,0,1666543,0.01,0.008607130499999989,0.021796086899999942,0,-0.0882291666666667,-0.10249166666666532,0,0,71,-1
139,-576452407117,2.013895415671076,2.897692956852196,0.0,0.0,0.0,0.0,1,1666553,0.01,0.012796000499999974,0.029575416899999946,0,-0.2282291666666667,-0.014991666666665293,0,0,71,-1
140,-576452407107,2.0138956581610628,2.8976929963844804,0.0,0.0,0.0,0.0,1,1666563,0.01,0.005016670499999971,0.030772236899999944,0,-0.1144791666666667,-0.05874166666666536,0,0,71,-1
141,-576452407096,2.01389591004726,2.897692951042784,0.0,0.0,0.0,0.0,1,1666573,0.01,-0.005754709500000013,0.03196905689999995,0,-0.1407291666666667,0.14250833333333457,0,0,71,-1
142,-576452407085,2.015301263792738,2.899667701120681,0.0011670977988131252,0.0016463366685770843,4.414913574526675e-7,6.568965779037259e-7,1,1666584,0.011,-0.012935629500000012,0.015213576899999946,0,-0.03572916666666671,0.08125833333333476,0,1,72,2
143,-576452407072,2.01531420069301,2.89968571118155,0.0,0.0,0.0,0.0,1,1666595,0.011,-0.010541989500000019,0.01042629689999994,0,-0.23697916666666669,-0.04124166666666529,0,0,72,-1
144,-576452407063,2.0153143113863496,2.8996856108047755,0.0,0.0,0.0,0.0,1,1666606,0.011,-0.010541989500000019,0.011623116899999963,0,-0.17572916666666671,-0.08499166666666536,0,0,72,-1
145,-576452407053,2.0153143085452907,2.8996856176191246,-4.298308576358454e-7,1.031096408137683e-6,-3.026215384615782e-4,7.259418408181161e-4,0,1666616,0.01,8.278004999999679e-4,-3.450831000000438e-4,0,-0.3332291666666667,-0.014991666666665293,0,0,72,-1
146,-576452407043,2.0153142507633577,2.8996856555324446,-9.407896277605027e-6,6.941157998388123e-6,-0.004538076191918706,-2.3428740690306996e-4,0,1666626,0.01,-3.6901950000002077e-4,-0.00513236310000005,0,2.081770833333333,-0.10249166666666532,0,0,72,-1
147,-576452407033,2.015313953416738,2.899685778257021,-5.110126104697265e-5,1.4742972881423201e-5,-0.0019105742639092156,0.006994440207800863,0,1666636,0.01,0.008008720499999986,-0.0015419031000000495,0,-0.0707291666666667,-0.049991666666665324,0,0,72,-1
148,-576452407022,2.019180232605471,2.8958348064636,0.0030169654548356435,-0.0030014659630184285,-0.008408244409250904,0.011031383405602387,0,1666647,0.011,0.011599180499999986,-0.009321233100000053,0,-0.0182291666666667,0.011258333333334702,0,1,73,1
149,-576452407012,2.019210076869671,2.8958053824212597,0.002947377107129636,-0.0028852358534143256,0.0018114296612885498,0.015202755211577294,0,1666657,0.01,0.015788050499999973,0.0032453768999999395,0,-0.1844791666666667,-0.04124166666666529,0,0,73,-1
150,-576452407001,2.0192426870098097,2.8957746306633987,0.0029788468769454107,-0.0027084005808424585,0.009366260301852378,0.021488581042443063,0,1666668,0.011,0.02237056049999997,0.01042629689999994,0,-0.17572916666666671,-0.14624166666666538,0,0,73,-1
151,-576452406991,2.019272947562421,2.895748545106383,0.0,0.0,0.0,0.0,1,1666678,0.01,0.012197590499999989,0.009827886899999937,0,-0.03572916666666671,-0.02374166666666533,0,0,73,-1
152,-576452406981,2.019273120454809,2.895748589647777,0.0,0.0,0.0,0.0,1,1666688,0.01,0.005615080499999991,0.021796086899999942,0,-0.2019791666666667,0.020008333333334738,0,0,73,-1
153,-576452406971,2.0192732357316814,2.8957485725773933,0.0,0.0,0.0,0.0,1,1666698,0.01,-0.0021642495000000293,0.01461516689999996,0,-0.2019791666666667,0.14250833333333457,0,0,73,-1
154,-576452406962,2.019273440497952,2.8957485602383097,0.0,0.0,0.0,0.0,1,1666708,0.01,-0.0015658395000000265,0.025984956899999946,0,-0.0182291666666667,-0.032491666666665364,0,0,73,-1
155,-576452406951,2.021452675704699,2.898740336749738,0.001677397399094723,0.002314989409976249,4.928011320777579e-7,7.306869192216517e-7,1,1666718,0.01,-0.007549939500000021,0.012221526899999948,0,-0.1319791666666667,0.09875833333333461,0,1,74,2
156,-576452406940,2.0214711952276447,2.8987657544271097,0.0,0.0,0.0,0.0,1,1666729,0.011,-0.005156299500000027,0.007434246899999943,0,-0.1407291666666667,-0.006241666666665369,0,0,74,-1
157,-576452406930,2.021471334181445,2.8987656682980196,0.0,0.0,0.0,0.0,1,1666739,0.01,-0.010541989500000019,0.017008806899999954,0,-0.23697916666666669,0.03750833333333459,0,0,74,-1
158,-576452406920,2.0214713599236833,2.898765589439851,0.0,0.0,0.0,0.0,1,1666749,0.01,-0.009943579500000016,0.0032453768999999395,0,-0.10572916666666671,0.16875833333333468,0,0,74,-1
159,-576452406911,2.0214714138397567,2.89876558652899,0.0,0.0,0.0,0.0,1,1666759,0.01,-3.6901950000002077e-4,0.00683583689999994,0,-0.12322916666666671,0.05500833333333466,0,0,74,-1
160,-576452406900,2.02147139697372,2.89876563549224,0.0,0.0,0.0,0.0,1,1666769,0.01,0.006213490499999994,-0.0021403131000000525,0,-0.2019791666666667,0.11625833333333468,0,0,74,-1
161,-576452406889,2.0214714815479646,2.8987656211436756,0.0,0.0,0.0,0.0,1,1666780,0.011,-0.0015658395000000265,0.009229476899999934,0,-0.1844791666666667,0.028758333333334773,0,0,74,-1
162,-576452406878,2.0241926322758017,2.896103235686534,0.002018003762262603,-0.0019862180833703524,6.853953641523054e-7,-7.289565347155056e-7,1,1666791,0.011,0.009803950499999978,0.009827886899999937,0,-0.12322916666666671,0.22125833333333467,0,1,75,1
163,-576452406867,2.024214924071999,2.896081508976038,0.0,0.0,0.0,0.0,1,1666802,0.011,0.012796000499999974,0.009827886899999937,0,-0.0969791666666667,0.16875833333333468,0,0,75,-1
164,-576452406855,2.0242150541766373,2.896081515853404,1.9695142187745848e-5,1.0311427241971346e-6,0.01386636378835015,7.25941840818372e-4,0,1666812,0.01,8.278004999999679e-4,0.01581198689999995,0,-0.3332291666666667,0.08125833333333476,0,0,75,-1
166,-576452406822,2.024218444757628,2.8960823444724855,3.3187442861871714e-4,1.1895275428885633e-4,0.019060337203691442,0.01392929386498213,0,1666832,0.01,0.014591230499999983,0.01940244689999995,0,-0.1582291666666667,0.0637583333333347,0,0,75,-1
167,-576452406821,2.0242226862048556,2.8960842073868447,5.177443556790682e-4,2.546421400409025e-4,0.01568691056762639,0.011361117544172846,0,1666842,0.01,0.011000770499999982,0.015213576899999946,0,-0.10572916666666671,0.011258333333334702,0,0,75,-1
168,-576452406817,2.0242286206898497,2.896087248300987,6.703493865193795e-4,3.5676497079666064e-4,0.012647933182594766,0.0031734517345484037,0,1666852,0.01,0.0020246204999999737,0.012221526899999948,0,-0.3069791666666667,0.05500833333333466,0,0,75,-1
169,-576452406807,2.024235967365207,2.8960909608569323,7.985130202609468e-4,3.8634955333235614e-4,0.013848326766759863,0.0016412039065252797,0,1666862,0.01,0.001426210499999971,0.014016756899999957,0,-0.1669791666666667,0.14250833333333457,0,0,75,-1
170,-576452406796,2.0260631340080404,2.898531045344123,0.002242699744018251,0.002127486353247418,0.01347165179657152,-0.012715733247662044,0,1666873,0.011,-0.014730859500000039,0.013418346899999954,0,-0.3944791666666667,0.11625833333333468,0,1,76,2
171,-576452406786,2.026088578537321,2.898553715913782,0.0023851539162001245,0.0019929779435264284,0.009751465286064954,-0.009235131208239086,0,1666884,0.011,-0.00874675950000001,0.009229476899999934,0,-0.26322916666666674,-0.006241666666665369,0,0,76,-1
172,-576452406775,2.0261129724055067,2.8985731535008896,0.0024909614995730464,0.0018960180831905167,0.015591033000389961,-0.012480292985581985,0,1666894,0.01,-0.012935629500000012,0.01641039689999995,0,-0.26322916666666674,-0.11999166666666539,0,0,76,-1
173,-576452406765,2.026138601559238,2.89859156206723,0.002637557578204475,0.0017824528462356017,0.008962695061583455,-0.00448316579859016,0,1666904,0.01,-0.0033610695000000183,0.008032656899999945,0,-0.28947916666666673,0.09000833333333458,0,0,76,-1
174,-576452406753,2.027418591084065,2.897407700415683,0.0035939918513526042,8.955096616971779e-4,0.0028995554427274054,-0.0019250561012548444,0,1666914,0.01,-0.0015658395000000265,0.002048556899999951,0,-0.4032291666666667,0.09875833333333461,0,1,77,1
175,-576452406745,2.0274548432017223,2.8974165909138136,0.003649184606043317,8.811195529534094e-4,0.021570027686964983,0.0015386232545347486,0,1666924,0.01,0.0020246204999999737,0.024189726899999948,0,-0.2719791666666667,0.14250833333333457,0,0,77,-1
176,-576452406735,2.027492354099258,2.8974255393884336,0.003855590800824237,9.059397083971208e-4,0.014946166866287585,0.008262146637974671,0,1666934,0.01,0.009205540499999991,0.014016756899999957,0,-0.2544791666666667,0.12500833333333472,0,0,77,-1
177,-576452406725,2.0275315981259032,2.897434896744388,0.003995809245019068,9.705774733636618e-4,0.008358568757316373,-0.004554749708727742,0,1666944,0.01,-0.006353119500000015,0.007434246899999943,0,-0.1844791666666667,-0.04124166666666529,0,0,77,-1
178,-576452406714,2.0275760602191912,2.897445467490149,0.00408811820830118,9.452989277795898e-4,0.008597536725225598,0.011710591107118072,0,1666955,0.011,0.01399282049999998,0.008631066899999948,0,-0.23697916666666669,-0.07624166666666532,0,0,77,-1
179,-576452406704,2.0276174888838376,2.8974555295430164,0.004191997833793618,0.0010659876374824431,0.021221594724627993,0.014236775451778356,0,1666965,0.01,0.014591230499999983,0.02299290689999995,0,-0.21947916666666673,-0.09374166666666528,0,0,77,-1
180,-576452406694,2.0276604507682565,2.897466804403603,0.004401235090402601,0.001193308706809076,0.01910151098767109,0.0035272938241997127,0,1666975,0.01,0.0020246204999999737,0.018804036899999946,0,-0.3594791666666667,-0.22499166666666537,0,0,77,-1
181,-576452406684,2.0304891208370903,2.901120656509891,0.006451019269917949,0.0037176994830653513,0.004672127702871658,0.009032322806159634,0,1666985,0.01,0.009803950499999978,0.0026469668999999536,0,-0.0444791666666667,0.05500833333333466,0,1,78,2
182,-576452406673,2.030560335233681,2.9011621047956284,0.006498100392476268,0.0038180878276984297,0.0018466031047147734,0.009709003755849764,0,1666996,0.011,0.009803950499999978,0.0014501468999999479,0,-0.21947916666666673,0.002508333333334667,0,0,78,-1
183,-576452406663,2.0306255471020465,2.901200688779859,0.006537657298893,0.0039026432762538686,0.016717469581481962,8.710545710405287e-4,0,1667006,0.01,-3.6901950000002077e-4,0.018804036899999946,0,-0.4907291666666667,0.05500833333333466,0,0,78,-1
184,-576452406651,2.0306916432156146,2.9012397394469303,0.006686758319277716,0.0039083513118629305,0.003853527756373532,-0.0012659861384178486,0,1667016,0.01,-0.0015658395000000265,0.002048556899999951,0,-0.23697916666666669,0.07250833333333473,0,0,78,-1
185,-576452406643,2.0307586656402714,2.9012787100981265,0.006719390025560294,0.0038879579492730625,-3.5323238803187246e-4,-0.006776715681251331,0,1667026,0.01,-0.007549939500000021,-9.434931000000467e-4,0,-0.3594791666666667,-0.032491666666665364,0,0,78,-1
186,-576452406632,2.0308259126766073,2.901317211739734,0.006726912866298805,0.0038140849446517784,0.00752557266658571,-0.011128236997190073,0,1667036,0.01,-0.011738809500000008,0.008631066899999948,0,-0.3157291666666667,0.08125833333333476,0,0,78,-1
187,-576452406622,2.0343041778837607,2.8981582606504346,0.00904625502490343,0.001564686890578833,0.00482224693918549,-0.010090041588966854,0,1667047,0.011,-0.009943579500000016,0.004442196899999945,0,-0.1407291666666667,0.18625833333333475,0,1,79,1
188,-576452406612,2.034395034184209,2.898173419538768,0.009117821095713054,0.0014662018922258306,0.021281832549226408,-0.008387269569161313,0,1667057,0.01,-0.008148349500000025,0.023591316899999944,0,-0.0444791666666667,0.3087583333333346,0,0,79,-1
189,-576452406603,2.0344872189795993,2.8981877683954393,0.009321688141027623,0.0013988442202669022,0.014910705217843713,0.003367351173424302,0,1667067,0.01,0.005016670499999971,0.014016756899999957,0,-0.26322916666666674,-0.1287416666666653,0,0,79,-1
190,-576452406591,2.0345811885001557,2.89820187686048,0.009471904374543922,0.001424973686790571,0.015701086575961,-0.0020083779213280204,0,1667077,0.01,-0.002762659500000015,0.01581198689999995,0,-0.1407291666666667,0.08125833333333476,0,0,79,-1
191,-576452406582,2.034676707619489,2.898216100398601,0.009631260730754427,0.0014164795868312247,0.017372672611813994,0.006251365834167887,0,1667087,0.01,0.007410310499999982,0.01760721689999996,0,-0.2019791666666667,0.028758333333334773,0,0,79,-1
192,-576452406572,2.0347739095680377,2.8982305821792678,0.00980822137602148,0.0014796829699523363,0.01967746578381019,0.0067429281938868445,0,1667097,0.01,0.00681190049999998,0.02000085689999995,0,-0.2982291666666667,0.002508333333334667,0,0,79,-1
193,-576452406562,2.0348728886216194,2.8982457779913577,0.009991403728463142,0.0015567693829499837,0.009990297027419368,0.01362551768664151,0,1667107,0.01,0.014591230499999983,0.008631066899999948,0,-0.2019791666666667,0.07250833333333473,0,0,79,-1
196,-576452406519,2.0366609486223837,2.900178542616159,0.011114515681110698,0.003109310063214465,0.010273767527329655,0.0030135639358049027,0,1667138,0.01,0.001426210499999971,0.011024706899999943,0,-0.21947916666666673,0.002508333333334667,0,0,80,-1
197,-576452406518,2.0367726086781626,2.900209773806815,0.011217441289488202,0.0031374899135377353,0.010407528564650971,0.0016215301363360238,0,1667148,0.01,0.001426210499999971,0.01042629689999994,0,-0.10572916666666671,0.09875833333333461,0,0,80,-1
198,-576452406510,2.036885275297472,2.900241143286077,0.011317120985722162,0.0031402087775723835,0.0072753241000830075,-0.007995746153907165,0,1667158,0.01,-0.009345169500000012,0.00683583689999994,0,-0.3857291666666667,0.002508333333334667,0,0,80,-1
199,-576452406501,2.037010194273404,2.9002753046410104,0.011395760424010222,0.0030672687079835747,0.006365137401707853,0.0018411953897837022,0,1667169,0.011,0.0032214404999999792,0.0062374268999999365,0,-0.3069791666666667,0.09875833333333461,0,0,80,-1
200,-576452406489,2.0371245473142268,2.9003059388849852,0.011471161356713375,0.0030658133740717993,0.014649577088229095,-0.01216693480084186,0,1667179,0.01,-0.014132449500000019,0.01581198689999995,0,-0.3069791666666667,-0.006241666666665369,0,0,80,-1
201,-576452406478,2.040990170007469,2.896894767868523,0.013961089869492528,7.659048946801828e-4,0.01881825690647632,-0.010217840481346432,0,1667190,0.011,-0.009943579500000016,0.01940244689999995,0,-0.3507291666666667,-0.13749166666666535,0,1,81,1
202,-576452406469,2.0411449086533455,2.8969025886439757,0.014172116260908871,6.554973812825218e-4,0.021429672805767134,-0.008927772118748921,0,1667201,0.011,-0.00874675950000001,0.021796086899999942,0,-0.3594791666666667,-0.05874166666666536,0,0,81,-1
203,-576452406458,2.04128766505875,2.8969088216524193,0.014380907273303751,5.850766663387028e-4,0.017552782741503407,0.00435039823481486,0,1667211,0.01,0.006213490499999994,0.017008806899999954,0,-0.2982291666666667,-0.10249166666666532,0,0,81,-1
204,-576452406446,2.041432266682264,2.8969148334605626,0.014543228487864674,6.198151454932697e-4,0.008154528703085476,-0.0018874165839213577,0,1667221,0.01,-0.002762659500000015,0.00683583689999994,0,-0.2719791666666667,0.011258333333334702,0,0,81,-1
205,-576452406375,2.041578162379349,2.896920949219714,0.014633461342812185,6.028096707013695e-4,0.014344979714521314,-5.558542398604906e-4,0,1667231,0.01,-3.6901950000002077e-4,0.015213576899999946,0,-0.4469791666666667,-0.14624166666666538,0,0,81,-1
206,-576452406375,2.0417251031948203,2.896927026446706,0.01475957134241603,6.092625374812848e-4,0.001987267458556468,0.008004426729294358,0,1667241,0.01,0.009205540499999991,2.5332689999994204e-4,0,-0.2719791666666667,-0.02374166666666533,0,0,81,-1
207,-576452406374,2.0418728270440987,2.8969336277705526,0.014783937410488996,7.062476713818911e-4,0.005189678802507229,0.02007806855239274,0,1667251,0.01,0.021772150499999966,0.005639016899999951,0,-0.23697916666666669,-0.049991666666665324,0,0,81,-1
208,-576452406374,2.042035713614314,2.8969424732054825,0.014833616259148034,9.069485419213474e-4,3.3595469386479143e-4,0.006869935641807618,0,1667262,0.011,0.005016670499999971,-3.450831000000438e-4,0,-0.3682291666666667,0.011258333333334702,0,0,81,-1
209,-576452406374,2.04218416856504,2.896951934601861,0.014852502773956836,9.830184486279135e-4,0.011283815952057696,0.012066813913763087,0,1667272,0.01,0.012796000499999974,0.012819936899999952,0,-0.2982291666666667,0.14250833333333457,0,0,81,-1
210,-576452406373,2.042333246236607,2.8969622505145187,0.014963547072663933,0.0010854150853159235,0.01000703511397965,-9.379320707475717e-4,0,1667282,0.01,-0.002762659500000015,0.009827886899999937,0,-0.12322916666666671,0.12500833333333472,0,0,81,-1
211,-576452406373,2.0424833900857706,2.8969731000146592,0.015064869846569863,0.0010826274944839788,0.010899485081927555,0.003759195189485947,0,1667292,0.01,0.004418260499999968,0.011024706899999943,0,-0.24572916666666672,-0.04124166666666529,0,0,81,-1
212,-576452406366,2.0474645099825484,2.902974662885807,0.01806343200451774,0.004732462042115856,0.025703682851737075,-9.096971071448466e-4,0,1667302,0.01,-0.0015658395000000265,0.027780186899999948,0,-0.3069791666666667,0.22125833333333467,0,1,82,2
213,-576452406356,2.047664650826982,2.903026621273884,0.018329730379707223,0.004715971334237974,0.014930024952441761,-0.005158543556554603,0,1667313,0.011,-0.005754709500000013,0.013418346899999954,0,-0.2019791666666667,0.05500833333333466,0,0,82,-1
214,-576452406343,2.052398544081022,2.898981226348629,0.02118534247749254,0.002203642351719748,0.022526295064406603,6.151919029332739e-4,0,1667324,0.011,0.001426210499999971,0.023591316899999944,0,-0.23697916666666669,0.24750833333333477,0,1,83,1
215,-576452406334,2.052632824914097,2.8990054143733763,0.02141594716081847,0.0021977399469698708,0.01139039239422544,-0.007594796174022202,0,1667335,0.011,-0.00874675950000001,0.009827886899999937,0,-0.2982291666666667,0.028758333333334773,0,0,83,-1
216,-576452406324,2.052847477102663,2.8990270615729687,0.021518215085123606,0.002129301514322929,0.003198045016689275,-0.0023076866516768104,0,1667345,0.01,-0.0015658395000000265,0.002048556899999951,0,-0.3507291666666667,0.05500833333333466,0,0,83,-1
217,-576452406314,2.0530627245150512,2.899048359121098,0.02153550506836458,0.0021248374088127468,-0.007255991849415274,0.01093753179652368,0,1667355,0.01,0.012796000499999974,-0.008722823100000067,0,-0.4119791666666667,0.16875833333333468,0,0,83,-1
218,-576452406304,2.0532777146355463,2.899070112384508,0.021462612846089184,0.002227662373865645,-0.0074927789307121925,0.0062699940360810055,0,1667365,0.01,0.005615080499999991,-0.007526003100000061,0,-0.2107291666666667,0.13375833333333476,0,0,83,-1
219,-576452406294,2.053491923422113,2.8990927492195175,0.021381017073925302,0.002297656231502832,-0.012244910062897248,0.011468215453734738,0,1667375,0.01,0.012197590499999989,-0.012911693100000054,0,-0.3594791666666667,0.0637583333333347,0,0,83,-1
220,-576452406284,2.053705205677323,2.899116238930442,0.021271737776969047,0.002402927249041834,-0.0028588797609887476,0.004760961551661471,0,1667385,0.01,0.003819850499999965,-0.0015419031000000495,0,-0.2107291666666667,-0.11999166666666539,0,0,83,-1
221,-576452406274,2.0539179555060034,2.8991405601286973,0.021270540961735498,0.0024589511147877145,0.01666324961116332,0.01075775576871543,0,1667395,0.01,0.011599180499999986,0.01940244689999995,0,-0.2019791666666667,-0.049991666666665324,0,0,83,-1
222,-576452406264,2.0541315298043057,2.8991657083015174,0.021442752950774295,0.0025697730064309877,0.020639727631065564,0.01306997711822002,0,1667405,0.01,0.013394410499999978,0.021197676899999948,0,-0.2544791666666667,0.0637583333333347,0,0,83,-1
224,-576452406138,2.0545647506335443,2.8992186143662657,0.021892689480584464,0.0026588518576956023,0.0324032684524424,4.3200298063996237e-4,0,1667425,0.01,8.278004999999679e-4,0.03376428689999994,0,-0.17572916666666671,-0.04124166666666529,0,0,83,-1
225,-576452406137,2.0547851999747246,2.899245246462621,0.02220146132615731,0.002666604216494508,0.021526940795036673,0.0028782076007765876,0,1667435,0.01,0.0032214404999999792,0.02000085689999995,0,-0.1669791666666667,-0.02374166666666533,0,0,83,-1
226,-576452406137,2.055008255337215,2.8992719223903287,0.022411171290007834,0.002674455129449046,0.01756475130997861,-0.012039333194697693,0,1667445,0.01,-0.014132449500000019,0.017008806899999954,0,-0.21947916666666673,0.028758333333334773,0,0,83,-1
227,-576452406136,2.055233132467122,2.899298043768765,0.022569199192129793,0.002550749945665653,0.005007337997780631,-0.014399674316358822,0,1667455,0.01,-0.014730859500000039,0.0032453768999999395,0,-0.3419791666666667,-0.09374166666666528,0,0,83,-1
228,-576452406136,2.0554589996513055,2.899322894682304,0.022607532266102907,0.0024166542750989977,-0.003359922499530831,-0.007343226759693155,0,1667465,0.01,-0.006353119500000015,-0.004533953100000047,0,-0.2719791666666667,0.12500833333333472,0,0,83,-1
229,-576452406135,2.055685001453346,2.899346749012623,0.022588687635994892,0.002351803584830525,0.007155607411270415,-0.0012271772328459269,0,1667475,0.01,-3.6901950000002077e-4,0.008631066899999948,0,-0.0707291666666667,-0.06749166666666528,0,0,83,-1
231,-576452406135,2.056137795392745,2.899394320329851,0.022667622550176392,0.002449181925390375,0.004556049793119981,0.024201549711169112,0,1667495,0.01,0.02655943049999999,0.005040606899999948,0,-0.24572916666666672,0.1512583333333346,0,0,83,-1
232,-576452406135,2.0563647503864764,2.8994198899305195,0.022721142559361984,0.002670536247351151,0.010228755774560932,0.009476428015091468,0,1667505,0.01,0.007410310499999982,0.011024706899999943,0,-0.2544791666666667,-0.08499166666666536,0,0,83,-1
233,-576452406135,2.0566153255381283,2.8994497653865636,0.02283712685843888,0.0027640027036531178,0.012501098924987191,0.002416768445071895,0,1667516,0.011,0.001426210499999971,0.012819936899999952,0,-0.1144791666666667,0.13375833333333476,0,0,83,-1
234,-576452406134,2.0568444222430298,2.8994775083818087,0.02297741986529789,0.0027854498342695915,0.023276249418111076,4.985415630991083e-4,0,1667526,0.01,2.293904999999821e-4,0.02478813689999994,0,-0.3594791666666667,0.028758333333334773,0,0,83,-1
235,-576452406132,2.0570754197048107,2.899505447370439,0.02321941822032903,0.0027996885961458404,0.02984987549269326,0.007084612871738662,0,1667536,0.01,0.008008720499999986,0.030772236899999944,0,-0.2019791666666667,-0.05874166666666536,0,0,83,-1
236,-576452406121,2.0624810981608874,2.905731738295885,0.0264011587955408,0.006331376581847488,0.045878005275281845,-0.001025149353802974,0,1667548,0.012,-0.0021642495000000293,0.04812612689999995,0,-0.12322916666666671,0.21250833333333463,0,1,85,2
237,-576452406110,2.0627740753616073,2.9058013232856763,0.026876213801790273,0.006320179448485012,0.02685841211495749,-9.745317751183763e-4,0,1667559,0.011,-9.674295000000236e-4,0.024189726899999948,0,-0.1407291666666667,0.011258333333334702,0,0,85,-1
238,-576452406101,2.0630442720331867,2.9058646346575685,0.02715863318099729,0.00633432219574099,0.03658797793747247,0.01582456808229938,0,1667569,0.01,0.018181690499999983,0.03795315689999995,0,-2.284479166666667,-0.22499166666666537,0,0,85,-1
239,-576452406090,2.063317546448268,2.9059285833640893,0.027502594101224152,0.006463758594779336,0.020992303745750996,-0.004673768246939471,0,1667579,0.01,-0.007549939500000021,0.018804036899999946,0,-0.17572916666666671,-0.11124166666666535,0,0,85,-1
240,-576452406079,2.063621116315457,2.905999474382746,0.027700140260339772,0.00642291591424984,-8.682375644285464e-4,0.0022499559733246367,0,1667590,0.011,0.0032214404999999792,-0.003935543100000044,0,-0.026979166666666707,-0.09374166666666528,0,0,85,-1
241,-576452406069,2.0650344225082398,2.9050519855546795,0.02828658626582106,0.005881480998984842,-0.014053539264207705,-5.716738430719679e-4,0,1667600,0.01,-9.674295000000236e-4,-0.01590374310000005,0,-0.0969791666666667,0.07250833333333473,0,1,86,1
242,-576452406059,2.065316565921006,2.9051107072561764,0.02814303371962224,0.005865691819580851,-0.016200857652408474,-0.007740836860770202,0,1667610,0.01,-0.00874675950000001,-0.016502153100000052,0,-0.1407291666666667,-0.049991666666665324,0,0,86,-1
243,-576452406049,2.065597164948333,2.905168945609101,0.0,0.0,0.0,0.0,1,1667620,0.01,-0.011738809500000008,-0.018895793100000047,0,-0.1319791666666667,0.04625833333333462,0,0,86,-1
244,-576452406039,2.0655971858043016,2.9051689427034506,0.0,0.0,0.0,0.0,1,1667630,0.01,-3.6901950000002077e-4,0.0026469668999999536,0,-0.10572916666666671,-0.16374166666666534,0,0,86,-1
245,-576452406029,2.0655972726664027,2.9051688643593736,0.0,0.0,0.0,0.0,1,1667640,0.01,-0.009943579500000016,0.011024706899999943,0,-0.07947916666666671,0.020008333333334738,0,0,86,-1
246,-576452406019,2.065597533976583,2.9051688190190346,0.0,0.0,0.0,0.0,1,1667650,0.01,-0.005754709500000013,0.033165876899999946,0,-0.0532291666666667,-0.2074916666666653,0,0,86,-1
247,-576452406009,2.065597927300794,2.9051687312452676,0.0,0.0,0.0,0.0,1,1667660,0.01,-0.011140399500000021,0.04992135689999995,0,-0.07947916666666671,-0.1549916666666653,0,0,86,-1
248,-576452405998,2.075608141622702,2.9169292013597774,0.0053751422815993275,0.006299551078399114,0.07369214824006295,-0.033907641972772816,0,1667671,0.011,-0.03866725950000004,0.08403072689999995,0,-0.21947916666666673,-0.06749166666666528,0,1,87,2
249,-576452405988,2.075665660867615,2.9169905980240154,0.0061249217301801995,0.0059753937384380874,0.0827585921765222,-0.02338783860751232,0,1667681,0.01,-0.021911779500000023,0.08403072689999995,0,-0.0969791666666667,0.05500833333333466,0,0,87,-1
250,-576452405977,2.075738174882136,2.9170549203774865,0.007054612188027921,0.0057193035209701405,0.0954192932465719,-0.02261818189831766,0,1667692,0.011,-0.022510189500000024,0.09719574689999995,0,-0.4207291666666667,-0.04124166666666529,0,0,87,-1
251,-576452405967,2.075813491817418,2.917110963813542,0.00800878176480521,0.00549027846710073,0.09540282727971844,-0.024622586615911896,0,1667702,0.01,-0.02490382950000002,0.09540051689999995,0,-0.2982291666666667,0.002508333333334667,0,0,87,-1
252,-576452405957,2.075898387730421,2.9171647281712247,0.008968705750981524,0.005258452473988736,0.09959901906071646,-0.014373678621427978,0,1667712,0.01,-0.012935629500000012,0.10018779689999995,0,-0.17572916666666671,0.028758333333334773,0,0,87,-1
255,-576452405921,2.0762308767160285,2.917306337718865,0.013535068004942943,0.003870201212054444,0.20383645199085432,-0.09986341611604782,0,1667742,0.01,-0.10509076950000003,0.21029523689999996,0,-0.0532291666666667,0.1775083333333347,0,0,87,-1
256,-576452405831,2.0763766775586228,2.917340142103975,0.015613778317990112,0.0028864884376512165,0.2325906988327069,-0.08922901771473934,0,1667752,0.01,-0.08773687950000003,0.23662527689999993,0,-0.2019791666666667,0.2825083333333347,0,0,87,-1
257,-576452405830,2.076543340397951,2.9173656747013865,0.017767194775945832,0.002170543958410345,0.10965751928132306,0.03645172137979799,0,1667762,0.01,0.054086290499999974,0.09240846689999996,0,-0.4294791666666667,0.2650083333333346,0,0,87,-1
258,-576452405830,2.0767260575714834,2.9173896575590628,0.018795420496276093,0.0026060939958112276,0.06094517411632089,0.0870764781729399,0,1667772,0.01,0.09417976049999997,0.05411022689999995,0,-0.4294791666666667,0.2825083333333347,0,0,87,-1
259,-576452405830,2.076918476200281,2.9174201801515744,0.019626196244935182,0.003493698782554851,0.21868174616315184,0.09907826999954647,0,1667782,0.01,0.10076227049999999,0.24081414689999997,0,-0.5694791666666668,0.37875833333333464,0,0,87,-1
260,-576452405829,2.077126846165517,2.917459386530903,0.021996348502760964,0.004377577107362585,0.3493435872818723,0.022888028018015927,0,1667792,0.01,0.012197590499999989,0.36767706689999996,0,-0.7882291666666668,0.5975083333333346,0,0,87,-1
261,-576452405829,2.0773641996816186,2.9175029164758604,0.025477735836840026,0.004389340326384045,0.3407566507739555,-0.1318502733843194,0,1667802,0.01,-0.15356197950000003,0.3395517969,0,-0.5694791666666668,0.7550083333333346,0,0,87,-1
262,-576452405828,2.0776370897830496,2.9175403763374637,0.029053175164846505,0.003095664849148929,0.4603988148733255,-0.11415600516080512,0,1667812,0.01,-0.11167327950000004,0.47718609689999997,0,-0.4644791666666667,0.6325083333333348,0,0,87,-1
263,-576452405828,2.0779499250767914,2.9175648149424274,0.03354528064130741,0.0018275660581284962,0.3806605641272339,-0.20433956555876354,0,1667822,0.01,-0.21699343950000002,0.3694722969,0,-0.3332291666666667,0.4225083333333346,0,0,87,-1
264,-576452405828,2.078304530211543,2.9175733161281507,0.0373705178329626,-1.4672217369452223e-4,0.39393918186171445,-0.1550870318764616,0,1667832,0.01,-0.14817628950000003,0.3958023369,0,-0.5169791666666668,0.32625833333333465,0,0,87,-1
265,-576452405729,2.078696419434152,2.9175651485407568,0.041073632053728076,-0.001532987543760597,0.22554525668516673,-0.037773864369854096,0,1667842,0.01,-0.02131336950000002,0.20191749689999994,0,-0.4294791666666667,0.1512583333333346,0,0,87,-1
266,-576452405728,2.0853491588298625,2.924839851259357,0.04661165187139807,0.0019091925312628409,0.20010251293289447,0.02126825727155913,0,1667853,0.011,0.029551480499999987,0.19653180689999994,0,-0.3857291666666667,0.13375833333333476,0,1,89,2
267,-576452405727,2.0858731148399743,2.9248620424252874,0.04868662891749893,0.002128459566349773,0.11825458767182072,0.011739380320649887,0,1667864,0.011,0.01040236049999998,0.10677030689999994,0,-0.4294791666666667,0.2650083333333346,0,0,89,-1
268,-576452405727,2.086365313234602,2.9248833677798194,0.04978109310812654,0.0021629565282782247,0.0562304710357457,-0.04663384129359826,0,1667874,0.01,-0.054824329500000026,0.04752771689999995,0,-0.3594791666666667,0.2650083333333346,0,0,89,-1
269,-576452405727,2.0868687930648893,2.9249024483088166,0.05078692741105836,0.0016629271471500454,0.37186134409311183,-0.07060938311629852,0,1667884,0.01,-0.07397344950000001,0.4161482769,0,-0.5782291666666667,0.32625833333333465,0,0,89,-1
270,-576452405727,2.087396931231703,2.924916266394538,0.054766990768367996,0.001069054259080486,0.5581612899531371,0.009355292982702434,0,1667894,0.01,0.020575330499999978,0.5843014869,0,-0.3769791666666667,-0.02374166666666533,0,0,89,-1
271,-576452405726,2.087972455836191,2.9249270651309383,0.06034027027908899,0.0011064607534377944,0.552222257007319,-0.030659102662411356,0,1667904,0.01,-0.03627361950000002,0.5513889369,0,-0.3944791666666667,0.37875833333333464,0,0,89,-1
272,-576452405726,2.088602223060649,2.924936264935893,0.06566781275644229,7.480450816894393e-4,0.4134750621044092,-0.06759417936650458,0,1667914,0.01,-0.07277662950000005,0.39400710689999996,0,-0.1669791666666667,0.23875833333333474,0,0,89,-1
274,-576452405726,2.089992439076547,2.9249352307980074,0.07302600125177308,-9.90556354144899e-4,0.27836809253947753,-0.13503289640815763,0,1667934,0.01,-0.14039695950000006,0.26953782689999994,0,-0.1407291666666667,0.0637583333333347,0,0,89,-1
275,-576452405623,2.0907359727157955,2.9249180079843033,0.07570898479451608,-0.0024292180261539916,0.20660154511308454,-0.1979871987529365,0,1667944,0.01,-0.2068204695,0.19653180689999994,0,-0.0707291666666667,-0.11999166666666539,0,0,89,-1
276,-576452405622,2.095766406108537,2.929810743865262,0.07986401539921192,-0.0020940560137058606,0.10068754155427245,-0.1847417934321885,0,1667955,0.011,-0.18288406950000002,0.08582595689999994,0,-0.10572916666666671,0.07250833333333473,0,1,91,2
277,-576452405622,2.0966501674987708,2.929778222960891,0.08085361629969906,-0.0038834824335965356,0.024156590178751353,-0.027253818915097677,0,1667966,0.011,-0.005156299500000027,0.013418346899999954,0,-0.1407291666666667,0.13375833333333476,0,0,91,-1
278,-576452405622,2.0974591676115923,2.92973958868881,0.08098269007667257,-0.003919085869494694,-0.055055712869074125,0.13958706210465102,0,1667976,0.01,0.16299691049999998,-0.06617018310000006,0,-0.3244791666666667,0.16875833333333468,0,0,91,-1
279,-576452405621,2.098267901787654,2.929707116302237,0.08068980906741384,-0.002563685174966551,0.12831544525850597,0.1107873306268114,0,1667986,0.01,0.10674637049999998,0.15404469689999994,0,-0.3419791666666667,0.4137583333333348,0,0,91,-1
280,-576452405621,2.0990834909567293,2.9296863354764238,0.08232793563570182,-0.0015624169447146917,0.3812559864960254,0.034824341604504414,0,1667996,0.01,0.024165790499999996,0.4167466869,0,-0.6219791666666667,0.5800083333333348,0,0,91,-1
281,-576452405621,2.0999272681326557,2.9296717460604484,0.08636457120200564,-0.0013244863350110954,0.5409500726186637,-0.043793297945730614,0,1668006,0.01,-0.054824329500000026,0.5633571369,0,-0.2019791666666667,0.5537583333333347,0,0,91,-1
285,-576452405621,2.103952635114663,2.9295564011942843,0.10921124169071923,-0.0047616679550814365,0.40966489003171297,-0.14607365438345196,0,1668047,0.011,-0.15236515950000004,0.39879438689999996,0,0.025520833333333298,0.05500833333333466,0,0,91,-1
286,-576452405560,2.109733142988069,2.925527036969553,0.11542280124733836,-0.008210255408488253,0.3403077171996727,-0.1678594873191951,0,1668057,0.01,-0.1709158695,0.33057564689999996,0,-0.0444791666666667,0.10750833333333465,0,1,92,1
287,-576452405560,2.111022102897588,2.9254261814812454,0.11897914087907523,-0.01011212848582854,0.21789649252724558,-0.20412553276412007,0,1668068,0.011,-0.2092141095,0.20072067689999998,0,-0.24572916666666672,0.2037583333333346,0,0,92,-1
288,-576452405559,2.1122222396764645,2.925316024216281,0.12107421185371828,-0.011975105065875393,0.1587528278411665,-0.07844321949627686,0,1668078,0.01,-0.060808429500000025,0.15045423689999995,0,-0.1407291666666667,0.3087583333333346,0,0,92,-1
289,-576452405559,2.1134393016833997,2.9251925571155812,0.12241041161580592,-0.012727486500226886,-0.020126799087363423,-0.055631462424573744,0,1668088,0.01,-0.052430689500000016,-0.04522583310000006,0,-0.0182291666666667,0.2825083333333347,0,0,92,-1
290,-576452405559,2.114784148778356,2.925048636619608,0.1221233787629121,-0.013420056437511797,-0.06312855280996937,-0.10845092297005124,0,1668099,0.011,-0.11586214950000001,-0.06916223310000005,0,-0.2544791666666667,0.3350083333333347,0,0,92,-1
291,-576452405558,2.116001238030992,2.9249091974309063,0.12134168536246508,-0.014476569168273688,-0.1691770337105466,-0.08871135598703056,0,1668109,0.01,-0.08594164950000001,-0.18405695310000006,0,-0.0882291666666667,0.22125833333333467,0,0,92,-1
292,-576452405550,2.123192045052359,2.931483284648012,0.12234082005887184,-0.011974623913176283,-0.26304116713052345,-0.02435796366137554,0,1668119,0.01,-0.015329269500000025,-0.27621209310000006,0,-0.2982291666666667,0.2650083333333346,0,1,93,2
293,-576452405539,2.12452328495475,2.931350703808886,0.11965401741742421,-0.0121511809273643,-0.12765381993001815,0.035512719793129664,0,1668130,0.011,0.04391332049999998,-0.10865729310000004,0,-0.3244791666666667,0.028758333333334773,0,0,93,-1
294,-576452405529,2.1257144516948348,2.9312319830126294,0.11853135626470987,-0.01164121429915401,-0.01915874940900464,0.1446864322904454,0,1668140,0.01,0.16000486049999998,-0.003935543100000044,0,-0.1844791666666667,0.16000833333333464,0,0,93,-1
295,-576452405519,2.126900380215156,2.9311229407537915,0.11858414135866954,-0.010173264142701336,0.15477311538461747,0.15969430018105016,0,1668150,0.01,0.16180009049999997,0.17917791689999993,0,-0.1582291666666667,-0.006241666666665369,0,0,93,-1
296,-576452405509,2.128095776377139,2.931029643633802,0.1204152450519143,-0.00850597637899049,0.3566983393153705,0.20982048413624488,0,1668160,0.01,0.2168538105,0.38503095689999994,0,-0.2982291666666667,0.16875833333333468,0,0,93,-1
297,-576452405496,2.1293190527252404,2.930955988547543,0.12418350508328078,-0.006265102710713069,0.5001443582999485,0.3114978349653693,0,1668170,0.01,0.32576443050000004,0.5202716169,0,-0.2544791666666667,0.09875833333333461,0,0,93,-1
298,-576452405486,2.1311052265446877,2.9308978132025003,0.1310140881128628,-0.002024640259722245,0.4096909007629733,0.24791626472572798,0,1668184,0.014,0.23899498049999998,0.3969991569,0,-0.3069791666666667,0.1775083333333347,0,0,93,-1
299,-576452405475,2.132432586580893,2.930888587544075,0.13465150686623728,2.610291537852219e-4,0.09576437816326605,0.11572051636153702,0,1668194,0.01,0.09717181049999998,0.05171658689999995,0,-0.2282291666666667,0.09875833333333461,0,0,93,-1
300,-576452405464,2.133782302467067,2.930894992406507,0.13536664260463366,0.0011139988306046109,-0.07615686655992648,-0.09996116941206792,0,1668204,0.01,-0.13022398950000003,-0.10027955310000007,0,-0.03572916666666671,-0.10249166666666532,0,0,93,-1
301,-576452405454,2.1470665661894364,2.9440916294581965,0.13998918772350472,0.006236097870413317,-0.07946760453106808,-0.203640657227792,0,1668215,0.011,-0.21819025949999998,-0.07993361310000006,0,-0.2282291666666667,-0.2074916666666653,0,1,94,2
302,-576452405443,2.148741125172377,2.9441516864939072,0.13909079826040674,0.0037772861752689633,-0.046290528982895915,-0.21272652883324392,0,1668227,0.012,-0.21400138950000003,-0.04163537310000005,0,-0.24572916666666672,-0.07624166666666532,0,0,94,-1
303,-576452405432,2.1501293437410585,2.944180189080415,0.13857274228900418,0.001851780601807088,-0.08471513368313416,-0.07215466800317388,0,1668237,0.01,-0.052430689500000016,-0.09010658310000007,0,-0.1844791666666667,-0.05874166666666536,0,0,94,-1
304,-576452405420,2.1515104096180404,2.9441954816328724,0.137659865867348,0.001189277189887637,-0.1314253582740548,-0.030193142804579694,0,1668247,0.01,-0.024305419500000015,-0.13797938310000005,0,-0.4382291666666667,0.16875833333333468,0,0,94,-1
305,-576452405412,2.1528798890405447,2.9442062278741177,0.13626020369963557,9.439440359275458e-4,-0.19227453730708635,0.010130186440258288,0,1668257,0.01,0.015788050499999973,-0.20081243310000008,0,-0.3069791666666667,0.13375833333333476,0,0,94,-1
306,-576452405319,2.154233149643033,2.944216175968525,0.1343799700781183,0.0010455808173859596,-0.1619779067629085,0.010368870202773328,0,1668267,0.01,0.01040236049999998,-0.15772691310000006,0,-0.0182291666666667,0.2037583333333346,0,0,94,-1
307,-576452405318,2.1555700862786886,2.9442268864415855,0.1329531863119841,0.0011080761630507638,-0.024431791858684132,-0.018989285514654893,0,1668277,0.01,-0.023108599500000028,-0.00513236310000005,0,-0.3769791666666667,0.16875833333333468,0,0,94,-1
308,-576452405318,2.1570350097628532,2.944237894164208,0.133256480787174,8.944817113095182e-4,0.3503909671143486,-0.022076951589349685,0,1668288,0.011,-0.022510189500000024,0.4029832569,0,-0.3069791666666667,0.1512583333333346,0,0,94,-1
309,-576452405317,2.158522754233448,2.944246631652298,0.1372142220372721,6.850211709456492e-4,0.4175030043001155,-4.162368807723339e-4,0,1668299,0.011,0.0026230304999999765,0.42691965689999994,0,-0.3419791666666667,0.22125833333333467,0,0,94,-1
310,-576452405317,2.1599150173929353,2.9442537370162913,0.14127503205212158,7.22651650845774e-4,0.33707361013544845,0.029012695648622938,0,1668309,0.01,0.03314194049999999,0.3257883669,0,-0.2019791666666667,0.0637583333333347,0,0,94,-1
313,-576452405216,2.164296240768952,2.944286476620408,0.15068195752997787,0.0012412291755534686,0.29654293774942597,-0.08858077579422621,0,1668339,0.01,-0.10209871950000003,0.29407263689999996,0,-0.0532291666666667,0.05500833333333466,0,0,94,-1
314,-576452405215,2.165817137213799,2.9442941270477974,0.1535302161554039,3.0344407397264473e-4,0.21303612955660084,-0.12562467957553194,0,1668349,0.01,-0.1308223995,0.20131908689999994,0,-0.26322916666666674,-0.09374166666666528,0,0,94,-1
315,-576452405214,2.1724919645404044,2.9399666959618136,0.1578505789697995,-0.003024581288150301,0.16287808842560594,-0.17688837368399302,0,1668359,0.01,-0.18408088950000007,0.15583992689999995,0,-0.3069791666666667,0.04625833333333462,0,1,95,1
316,-576452405214,2.174078978399165,2.9399271232497988,0.15953770126483824,-0.004870053712617214,0.20446068235951773,-0.23147537503541069,0,1668369,0.01,-0.23913460950000004,0.21029523689999996,0,-0.3419791666666667,0.13375833333333476,0,0,95,-1
317,-576452405213,2.175684426739814,2.939866958038988,0.1615585617425631,-0.007167724285994195,0.1875366665742946,-0.2193001805480657,0,1668379,0.01,-0.21759184950000002,0.18516201689999998,0,-0.1582291666666667,0.18625833333333475,0,0,95,-1
318,-576452405213,2.1773096062363084,2.939784593262472,0.16346782285434192,-0.009317389692496732,0.2116930729697288,-0.18841452998885155,0,1668389,0.01,-0.18408088950000007,0.21508251689999996,0,-0.2982291666666667,0.07250833333333473,0,0,95,-1
319,-576452405213,2.1791210788037487,2.939671318362889,0.16587226313242304,-0.011300054953738594,0.2613706286560151,-0.12951252288069032,0,1668400,0.011,-0.12124783950000002,0.26834100689999996,0,-0.009479166666666705,0.08125833333333476,0,0,95,-1
320,-576452405212,2.1807928731361885,2.9395521981472434,0.16848645183095284,-0.01254098885902933,0.26171077073980614,-0.09130293007658763,0,1668410,0.01,-0.08594164950000001,0.26175849689999997,0,-0.0532291666666667,0.002508333333334667,0,0,95,-1
321,-576452405212,2.182490073705553,2.9394219618890993,0.170987124100707,-0.013494600027783146,0.17883782129881948,-0.12018708387304525,0,1668420,0.01,-0.12423988950000002,0.16720971689999994,0,-0.12322916666666671,0.020008333333334738,0,0,95,-1
322,-576452405212,2.184208219303005,2.9392803468304356,0.17267134525089886,-0.014799406129434286,0.10461770176263792,-0.19353657466644264,0,1668430,0.01,-0.2038284195,0.09420369689999995,0,-0.1844791666666667,0.12500833333333472,0,0,95,-1
323,-576452405212,2.18593994010962,2.939122703297049,0.1736826175799623,-0.01673050009661842,0.07974179558815254,-0.19049215886060017,0,1668440,0.01,-0.19006498950000006,0.07625139689999995,0,-0.3507291666666667,0.10750833333333465,0,0,95,-1
324,-576452405212,2.1876809097556253,2.9389463249703045,0.17450445753172164,-0.018564944762914957,0.09714719335334923,-0.14026371429750337,0,1668450,0.01,-0.13321603950000002,0.09958938689999994,0,-0.3594791666666667,0.08125833333333476,0,0,95,-1
325,-576452405115,2.189431047813838,2.938753859309305,0.17551280560316943,-0.019936820089636733,0.12342863423099204,-0.11833992018901131,0,1668460,0.01,-0.11526373950000003,0.12711624689999995,0,-0.1582291666666667,0.03750833333333459,0,0,95,-1
326,-576452405113,2.1918598110816916,2.938109988792935,0.1771866186182255,-0.021386487516814302,0.19225968862551332,-0.09097776959715219,0,1668471,0.011,-0.08713846950000001,0.20191749689999994,0,-0.1669791666666667,-0.006241666666665369,0,1,97,1
327,-576452405113,2.1938205351082645,2.9378691797747254,0.17930724923435665,-0.02239499473109707,0.19600613406057432,-0.09600732095818094,0,1668482,0.011,-0.09671302950000002,0.19653180689999994,0,-0.1932291666666667,0.12500833333333472,0,0,97,-1
328,-576452405112,2.1956233176150484,2.937639602803648,0.18125380499838484,-0.023480403273928727,0.18649635679709592,-0.1842639920654267,0,1668492,0.01,-0.19664749950000002,0.18516201689999998,0,-0.2107291666666667,0.09875833333333461,0,0,97,-1
329,-576452405112,2.197444761293427,2.9373952401881303,0.1830537056459318,-0.025376649627769726,0.14019536173841005,-0.22241215789157268,0,1668502,0.01,-0.22776481949999997,0.13369875689999997,0,-0.28947916666666673,0.21250833333333463,0,0,97,-1
330,-576452405112,2.199281699855929,2.9371306884911754,0.1843607612995038,-0.027548441710571654,0.07257443326927551,-0.18512400991893857,0,1668512,0.01,-0.17989201950000003,0.06308637689999995,0,-0.12322916666666671,-0.11124166666666535,0,0,97,-1
331,-576452405112,2.201128154072989,2.9368465172565656,0.18496437892597306,-0.02931077328071668,-0.014462728040842171,-0.121760751820117,0,1668522,0.01,-0.11287009950000002,-0.026675123100000052,0,-0.0707291666666667,-0.08499166666666536,0,0,97,-1
332,-576452405111,2.2029764881512226,2.9365476508571233,0.18472814628622283,-0.03047694292279654,-0.07974925260116558,-0.08510132283407623,0,1668532,0.01,-0.07995754950000002,-0.08890976310000007,0,-0.1932291666666667,0.12500833333333472,0,0,97,-1
333,-576452405111,2.2048207000879514,2.9362385678779575,0.184074010851551,-0.03133708975817639,0.02242063266476403,-0.09161079910686555,0,1668542,0.01,-0.09252415950000002,0.03675633689999996,0,-0.1844791666666667,0.2300083333333347,0,0,97,-1
334,-576452405111,2.2066631645165806,2.935920411222566,0.18439243496285573,-0.03228524737794886,0.0895691988304116,-0.11445241676427192,0,1668552,0.01,-0.11765737950000003,0.09899097689999996,0,-0.2719791666666667,0.27375833333333466,0,0,97,-1
335,-576452405012,2.2085111276462035,2.9355915515625663,0.1852194604846089,-0.033474213188708336,0.040630933519557766,-0.14612576521132797,0,1668562,0.01,-0.15056992950000003,0.03376428689999994,0,-0.4207291666666667,0.22125833333333467,0,0,97,-1
336,-576452405011,2.2158008217635476,2.9306854034786043,0.187823286620003,-0.03713687064325038,-0.0031743072150607443,-0.16209347791691817,0,1668573,0.011,-0.16433335950000005,-0.009321233100000053,0,-0.3682291666666667,0.002508333333334667,0,1,99,1
337,-576452405011,2.2178665011244574,2.930267877729472,0.18776065237685818,-0.03880645631745793,-0.021159523773084606,-0.08848982626041006,0,1668584,0.011,-0.07816231950000002,-0.023683073100000052,0,-0.4382291666666667,0.002508333333334667,0,0,99,-1
338,-576452405011,2.2197425874386703,2.92987599893367,0.18747884236868032,-0.039598751563867184,-0.07060250812805131,-0.023281927782626277,0,1668594,0.01,-0.014132449500000019,-0.07753997310000006,0,-0.1844791666666667,-0.18999166666666534,0,0,99,-1
339,-576452405010,2.2216144224468026,2.929478715762448,0.18686234575281574,-0.03985200512248816,-0.006890964242945871,-0.03782368964727366,0,1668604,0.01,-0.039864079500000024,0.002048556899999951,0,-0.1319791666666667,-0.07624166666666532,0,0,99,-1
340,-576452405010,2.223483135339995,2.9290775803587086,0.18686114559495456,-0.04034322252986151,0.04135641954187874,-0.11832960008133682,0,1668614,0.01,-0.12962557950000003,0.04812612689999995,0,-0.17572916666666671,-0.032491666666665364,0,0,99,-1
342,-576452405010,2.2272241330530713,2.9282357672539594,0.1869860590287193,-0.04447183855448017,-0.08253113521440891,-0.29743560601756097,0,1668634,0.01,-0.3013692495,-0.09250022310000004,0,-0.0444791666666667,-0.18999166666666534,0,0,99,-1
343,-576452405010,2.229089312344722,2.9277763818360767,0.1860741118550197,-0.04741421846502607,-0.1442760539047292,-0.2746463633710113,0,1668644,0.01,-0.27144874950000003,-0.15293963310000008,0,-0.2544791666666667,-0.14624166666666538,0,0,99,-1
344,-576452405010,2.2309430024264905,2.927289433053675,0.1846567710674694,-0.05001610893103735,-0.1261595181426143,-0.17160975566194514,0,1668654,0.01,-0.15715243950000002,-0.12361754310000006,0,-0.1407291666666667,0.16000833333333464,0,0,99,-1
345,-576452405001,2.232783758383743,2.9267814513112755,0.18347267281274315,-0.051613540253419486,-0.0709278257298751,-0.08703689286232327,0,1668664,0.01,-0.07517026950000003,-0.06317813310000006,0,-0.2719791666666667,0.3175083333333346,0,0,99,-1
346,-576452404994,2.2327523300044336,2.924188973726795,0.1819340201181373,-0.053293004318532164,0.004089170054991949,0.0414442385662007,0,1668675,0.011,0.05947198049999999,0.01461516689999996,0,-0.2282291666666667,0.3175083333333346,0,1,100,2
347,-576452404984,2.23457220217308,2.923658113620647,0.1820252159523587,-0.05287846940955471,0.039558832581515456,0.04151039756980872,0,1668685,0.01,0.04151968049999998,0.044535666899999944,0,-0.2719791666666667,0.020008333333334738,0,0,100,-1
348,-576452404974,2.236394691036511,2.92313057019016,0.1824608527297003,-0.05259311929954743,0.06806303339675032,-0.05084225498141469,0,1668695,0.01,-0.06380047950000005,0.07206252689999995,0,-0.24572916666666672,0.16000833333333464,0,0,100,-1
349,-576452404964,2.2382222672589522,2.9226010273714014,0.1830734969013339,-0.053268460921304966,0.019617453618355284,-0.1697853373283977,0,1668705,0.01,-0.18647452950000007,0.012819936899999952,0,-0.1582291666666667,0.020008333333334738,0,0,100,-1
350,-576452404954,2.2400532835166804,2.9220597691513923,0.1831604281940482,-0.054979486885598325,-0.058238127773031924,-0.17917319625960268,0,1668715,0.01,-0.18049042950000008,-0.06916223310000005,0,-0.06197916666666671,0.03750833333333459,0,0,100,-1
351,-576452404944,2.2418810835725878,2.9215010806844224,0.18243869272073043,-0.05676105840041503,-0.1575549579406775,-0.17193191168910182,0,1668725,0.01,-0.1709158695,-0.17149034310000005,0,-0.0444791666666667,-0.02374166666666533,0,0,100,-1
352,-576452404934,2.243697492385896,2.920925225691424,0.1808474686694507,-0.05842537536866132,-0.16872607639390447,-0.13273215269466246,0,1668735,0.01,-0.12723193950000003,-0.17029352310000007,0,-0.23697916666666669,0.05500833333333466,0,0,100,-1
353,-576452404924,2.245497989898975,2.9203350434523307,0.17923191197219204,-0.05964210682521768,-0.11762292950139688,-0.05391513612684512,0,1668745,0.01,-0.04285612950000002,-0.11045252310000003,0,-0.1844791666666667,0.16875833333333468,0,0,100,-1
354,-576452404808,2.2295813907747357,2.902319546973977,0.1706576624397271,-0.06789307944410078,-0.07302737548324337,0.038171389494873496,0,1668755,0.01,0.05109424049999998,-0.06676859310000004,0,-0.28947916666666673,0.4225083333333346,0,1,101,2
355,-576452404807,2.2314552396112344,2.9015749803048645,0.1700060964682818,-0.06747992819743788,0.02639640524783808,0.03376080087877521,0,1668766,0.011,0.03314194049999999,0.04034679689999995,0,-0.1669791666666667,0.19500833333333478,0,0,101,-1
356,-576452404807,2.2331571402737658,2.9009013654788682,0.17034918606198318,-0.06721900569676834,0.08218674860244513,-0.02030918827066827,0,1668776,0.01,-0.027895879500000016,0.09001482689999994,0,-0.2807291666666667,0.1512583333333346,0,0,101,-1
357,-576452404806,2.2350364560533773,2.900159824997342,0.1713262765255875,-0.06757365655458647,0.12998422687479022,-0.10620371962007165,0,1668787,0.011,-0.11825578950000003,0.13669080689999996,0,-0.2019791666666667,0.23875833333333474,0,0,101,-1
358,-576452404806,2.2367561701065575,2.8994787139398017,0.17261882919800345,-0.06864547519465541,0.12484525806872071,-0.11309937357963824,0,1668797,0.01,-0.11406691950000002,0.12412419689999996,0,-0.0444791666666667,0.011258333333334702,0,0,101,-1
359,-576452404806,2.2384886519019225,2.8987870474864956,0.17387524117721523,-0.06970761566306916,0.1305102483790723,-0.0640940282759387,0,1668807,0.01,-0.05721796950000001,0.13130511689999996,0,-0.24572916666666672,0.09875833333333461,0,0,101,-1
360,-576452404805,2.240233907775664,2.8980876657346317,0.17517690318911433,-0.0702082692242691,0.1280586470276678,0.03587107462256417,0,1668817,0.01,0.049897420499999984,0.12771465689999995,0,-0.3419791666666667,0.05500833333333466,0,0,101,-1
361,-576452404805,2.241991454572359,2.897387953968959,0.17635986914580087,-0.06975940115304413,0.05848638904310681,0.1001244619854038,0,1668827,0.01,0.10914001049999998,0.048724536899999955,0,-0.26322916666666674,0.03750833333333459,0,0,101,-1
362,-576452404805,2.2437575894847575,2.8966955032234147,0.17688412355816202,-0.0687367544985732,0.01529040948742328,0.11537755241258649,0,1668837,0.01,0.11751775049999999,0.009229476899999934,0,-0.1932291666666667,0.08125833333333476,0,0,101,-1
363,-576452404804,2.2457043817787574,2.8959459602029516,0.1770730386399405,-0.0675288090490898,0.028867239038884905,0.07527222604732525,0,1668848,0.011,0.06964495049999998,0.030772236899999944,0,-0.28947916666666673,-0.014991666666665293,0,0,101,-1
364,-576452404804,2.247476175095109,2.8952738862010783,0.177303794248261,-0.06685974585412778,-0.01196912402205836,0.016285316717230915,0,1668858,0.01,0.008008720499999986,-0.01769897310000006,0,-0.3157291666666667,0.011258333333334702,0,0,101,-1
365,-576452404798,2.2492484457422686,2.894605738369431,0.17715787328061064,-0.06675354057730132,-0.030638138438351628,-0.024033832017731453,0,1668868,0.01,-0.029691109500000024,-0.033257633100000066,0,-0.2019791666666667,0.020008333333334738,0,0,101,-1
366,-576452404790,2.253140525517828,2.8922274550985363,0.1775661463042397,-0.06782075209635102,-0.05969880416823323,-0.08252244394594424,0,1668879,0.011,-0.09072892950000003,-0.06377654310000004,0,-0.21947916666666673,0.35250833333333476,0,1,102,1
367,-576452404780,2.238341599402572,2.875675222606687,0.17008078895547818,-0.07572899659261206,-0.07324684137001175,-0.09286949817709284,0,1668889,0.01,-0.09431938950000002,-0.07514633310000007,0,-0.1144791666666667,-0.07624166666666532,0,1,103,2
368,-576452404769,2.2402080108826437,2.874835971017098,0.16926771907587196,-0.07684070802606727,-0.07806126907913598,-0.15186647998843114,0,1668900,0.011,-0.16014448950000001,-0.07873679310000006,0,-0.1319791666666667,-0.1287416666666653,0,0,103,-1
369,-576452404758,2.242064942903632,2.873982131184772,0.1683676834950884,-0.07842616325829653,-0.10489253337460641,-0.0966774114682075,0,1668911,0.011,-0.0889336995,-0.10865729310000004,0,-0.2019791666666667,-0.02374166666666533,0,0,103,-1
372,-576452404704,2.2470503605765884,2.871611093077336,0.16348623684668975,-0.0788096670497019,-0.16365995353285306,0.034681375028154944,0,1668941,0.01,0.03314194049999999,-0.15892373310000008,0,-0.1844791666666667,0.2650083333333346,0,0,103,-1
373,-576452404704,2.2486776950247815,2.8708245202855807,0.1619519263413044,-0.07849567403664501,-0.09076069478412321,0.011290719999950419,0,1668951,0.01,0.008008720499999986,-0.08053202310000006,0,-0.26322916666666674,0.16875833333333468,0,0,103,-1
374,-576452404704,2.250293284917894,2.8700397155980406,0.16113937446512958,-0.07844718429721108,-0.023015583816609675,-0.03461917136832622,0,1668961,0.01,-0.04106089950000003,-0.013510103100000056,0,-0.2807291666666667,0.13375833333333476,0,0,103,-1
375,-576452404603,2.2519034471872157,2.8692532593056495,0.16089661605225566,-0.0788329644895519,-0.03199737606067642,-0.06283368298967545,0,1668971,0.01,-0.06679252950000004,-0.033257633100000066,0,-0.2807291666666667,0.1512583333333346,0,0,103,-1
376,-576452404602,2.257442973253534,2.8652469312402076,0.1619453358028924,-0.08089537577890663,-0.10604629135868261,-0.07522696946834564,0,1668982,0.011,-0.07696549950000002,-0.11643662310000005,0,-0.3332291666666667,0.11625833333333468,0,1,104,1
377,-576452404601,2.25921653950244,2.864352565851099,0.16057470894345546,-0.08171632971184548,-0.23848077036350585,-0.07097902840647995,0,1668993,0.011,-0.07038298950000003,-0.2570629731000001,0,-0.1844791666666667,-0.032491666666665364,0,0,104,-1
378,-576452404601,2.2608096707224714,2.8635328309581056,0.15808478256780792,-0.08227781885421202,-0.31250197804219493,0.03344956188772233,0,1669003,0.01,0.04810219049999998,-0.32288807310000006,0,-0.2807291666666667,0.07250833333333473,0,0,104,-1
379,-576452404600,2.2623746639292825,2.8627127536155625,0.15492410381169167,-0.08178368103954677,-0.3378781858737423,0.14705645234587822,0,1669013,0.01,0.16299691049999998,-0.3414387831000001,0,-0.26322916666666674,-0.1287416666666653,0,0,104,-1
380,-576452404600,2.2639074786502764,2.8619033300463177,0.15161826852412325,-0.08014767898470328,-0.2858990514369101,0.2649413717373945,0,1669023,0.01,0.28148209049999995,-0.2786057331000001,0,-0.3507291666666667,-0.04124166666666529,0,0,104,-1
381,-576452404600,2.265409673787343,2.8611151693683374,0.14880727869407714,-0.07748748436690214,-0.2516899631864675,0.27262469481638424,0,1669033,0.01,0.2737027605,-0.2468900031,0,-0.24572916666666672,0.0637583333333347,0,0,104,-1
382,-576452404600,2.2668850301578596,2.860353161005822,0.14626977743301325,-0.07488066895487323,-0.26637260591219636,0.18750664094325084,0,1669043,0.01,0.1755635205,-0.2684327631000001,0,-0.1844791666666667,0.32625833333333465,0,0,104,-1
383,-576452404599,2.2683346146663896,2.8596123814086374,0.1436381238158368,-0.07321616146748877,-0.24351473620081251,0.03744234550962097,0,1669053,0.01,0.016386460499999974,-0.24030749310000002,0,-0.3157291666666667,0.07250833333333473,0,0,104,-1
384,-576452404599,2.269759236765618,2.858881666700467,0.1412680380797678,-0.07290814474516595,-0.1971456254204181,-0.009885416501828226,0,1669063,0.01,-0.01652608950000003,-0.19063946310000007,0,-0.23697916666666669,0.23875833333333474,0,0,104,-1
385,-576452404550,2.271162870208835,2.858152453563364,0.13942313623937944,-0.07295037324835126,-0.10695089441609083,0.03047142434601683,0,1669073,0.01,0.03613399049999998,-0.09429545310000007,0,-0.10572916666666671,0.11625833333333468,0,0,104,-1
386,-576452404549,2.26280647167561,2.8480977102525413,0.13438303235053203,-0.07649782384583192,-0.006641380330221461,0.15718446162534316,0,1669084,0.011,0.17496511049999997,0.007434246899999943,0,-0.3069791666666667,0.011258333333334702,0,1,105,2
387,-576452404549,2.2642849628444677,2.847267286967732,0.13440987899175277,-0.07454579368815151,0.05818000167957667,0.30187244839018035,0,1669095,0.011,0.3221739705,0.06727524689999996,0,-0.2282291666666667,0.04625833333333462,0,0,105,-1
388,-576452404549,2.2656314206542962,2.8465372078857487,0.13490835931634404,-0.07148389989701742,-4.906076960150135e-4,0.33227057559468026,0,1669105,0.01,0.3365358105,-0.008722823100000067,0,-0.1582291666666667,0.011258333333334702,0,0,105,-1
389,-576452404548,2.2669798348239656,2.8458388643441728,0.13480334272878744,-0.06817953563269383,-0.07173269338451922,0.31921811314248566,0,1669115,0.01,0.3173866905,-0.08172884310000006,0,-0.23697916666666669,-0.049991666666665324,0,0,105,-1
390,-576452404543,2.2683237873846362,2.84517164178132,0.13400890483322675,-0.06520391907903679,-0.12667923997198885,0.1649018670168528,0,1669125,0.01,0.1432493805,-0.13438892310000003,0,-0.2544791666666667,-0.14624166666666538,0,0,105,-1
391,-576452404533,2.275805267878866,2.8394299213227305,0.13512635476696,-0.06583373126070995,-0.16387690496005766,0.09815842547841126,0,1669135,0.01,0.08879407049999999,-0.16909670310000008,0,-0.2107291666666667,-0.11999166666666539,0,1,106,1
392,-576452404521,2.2772826671057613,2.838710167176252,0.1334616777973661,-0.0649787533846564,-0.07346974135008053,-0.04911963751669966,0,1669146,0.011,-0.06978457950000005,-0.060784493100000045,0,-0.14947916666666672,0.19500833333333478,0,0,106,-1
393,-576452404500,2.278614627364448,2.838058088006496,0.13288193645636315,-0.06544504091349272,0.03578796351741244,-0.03155696118370069,0,1669156,0.01,-0.029092699500000024,0.05111817689999995,0,-0.1582291666666667,-0.006241666666665369,0,0,106,-1
394,-576452404499,2.2799459747362474,2.837402999977126,0.13335455427454196,-0.06561453706749333,0.11745287520616918,0.0724108630854759,0,1669166,0.01,0.08699884049999998,0.12891147689999996,0,-0.28947916666666673,-0.02374166666666533,0,0,106,-1
395,-576452404481,2.2812855635464495,2.83675109050477,0.13455570445497575,-0.06479441190341563,0.13642273929203189,0.14083021535247212,0,1669176,0.01,0.15043030049999997,0.13908444689999996,0,-0.2107291666666667,-0.05874166666666536,0,0,106,-1
396,-576452404480,2.277630498193157,2.83130597581606,0.13390177283254726,-0.0654016382713068,0.08313008138251086,0.09099817197541343,0,1669187,0.011,0.08400679049999997,0.07565298689999994,0,-0.3419791666666667,-0.05874166666666536,0,1,107,2
397,-576452404471,2.279108238862231,2.830591161953796,0.1347850711690906,-0.06453062263501026,0.0629288154813927,0.006675253560116237,0,1669198,0.011,-0.005156299500000027,0.060094326899999946,0,-0.1932291666666667,-0.08499166666666536,0,0,107,-1
398,-576452404460,2.2804592975353426,2.8299452419401985,0.13542349902962103,-0.06460753289746353,0.06936431619664331,-0.09448691976904486,0,1669208,0.01,-0.10868122950000005,0.07026729689999996,0,-0.28947916666666673,-0.006241666666665369,0,0,107,-1
400,-576452404398,2.283181574543054,2.828610408602293,0.13680043749216117,-0.07020807890102213,0.09374765347489952,-0.4956864642565194,0,1669228,0.01,-0.5078206995,0.09779415689999996,0,-0.0182291666666667,-0.13749166666666535,0,0,107,-1
401,-576452404397,2.284553911503775,2.827883410143576,0.13768251302398773,-0.07518576548962352,0.054264512155520646,-0.5105258318641551,0,1669238,0.01,-0.5126079795,0.048724536899999955,0,-0.1319791666666667,-0.05874166666666536,0,0,107,-1
402,-576452404396,2.2860714594601843,2.827026310779484,0.1382439764701165,-0.08068019651908598,0.031039012981723138,-0.4310113054271726,0,1669249,0.011,-0.41985442950000007,0.027780186899999948,0,-0.1932291666666667,-0.07624166666666532,0,0,107,-1
403,-576452404396,2.2874562067672435,2.8261984991715168,0.13866939717022167,-0.0849079600407111,0.11214553431091466,-0.37294774797699226,0,1669259,0.01,-0.3648007095,0.12352578689999996,0,-0.23697916666666669,-0.1812416666666653,0,0,107,-1
404,-576452404395,2.2889893202642777,2.825243258854516,0.14004334068361188,-0.08881984749404097,0.20399072551323666,-0.24825308051890685,0,1669270,0.011,-0.23075686949999996,0.21687774689999992,0,-0.2719791666666667,-0.06749166666666528,0,0,107,-1
405,-576452404389,2.293289884868761,2.821939541543235,0.14328859522599233,-0.09226701642164613,0.2530762167107116,-0.20352246332172,0,1669280,0.01,-0.1972459095,0.2599632669,0,0.03427083333333329,0.14250833333333457,0,1,108,1
406,-576452404379,2.2947354786242347,2.8210071356063207,0.14582710743683142,-0.09423331139744465,0.25859105637955343,-0.15446171237592166,0,1669290,0.01,-0.14757787950000004,0.25936485689999994,0,-0.1669791666666667,0.09875833333333461,0,0,108,-1
407,-576452404367,2.2889712547806123,2.813238602362176,0.145603201628624,-0.09886236168994453,0.18737446744787864,-0.14265324280304664,0,1669301,0.011,-0.14099536950000002,0.17738268689999998,0,-0.0969791666666667,0.16000833333333464,0,1,109,2
408,-576452404356,2.29073122203737,2.8120412685539398,0.14774802526848507,-0.10067134806711284,0.12508487113305827,-0.2010239711322924,0,1669313,0.012,-0.2092141095,0.11634486689999995,0,-0.2719791666666667,0.1512583333333346,0,0,109,-1
409,-576452404346,2.2922149182693863,2.811024072146348,0.14899314584376566,-0.10274537326556192,0.121093741914175,-0.24546551830175067,0,1669323,0.01,-0.2517012195,0.12053373689999995,0,-0.3069791666666667,0.002508333333334667,0,0,109,-1
410,-576452404336,2.2937103165933808,2.8099833244682952,0.1501133071128917,-0.10535761876597476,0.0565798214460624,-0.35746371155041157,0,1669333,0.01,-0.3731784495,0.04752771689999995,0,-0.3594791666666667,0.028758333333334773,0,0,109,-1
411,-576452404326,2.295213871640559,2.808912025091091,0.15061566569086093,-0.10890887733781482,0.011382370753667492,-0.34080771302321544,0,1669343,0.01,-0.3384706695,0.005040606899999948,0,-0.1669791666666667,0.011258333333334702,0,0,109,-1
412,-576452404316,2.2967202785924163,2.8078067350155047,0.15067971322435128,-0.1121859521946374,-0.024091358209908362,-0.24744699774332773,0,1669353,0.01,-0.23434732949999995,-0.02906876310000006,0,-0.21947916666666673,0.14250833333333457,0,0,109,-1
413,-576452404305,2.297812248418571,2.8070167739507257,0.1501911444270866,-0.11424284256597066,-0.08513228113638832,-0.05438624778000261,0,1669363,0.01,-0.027297469500000015,-0.09369704310000004,0,-0.3507291666666667,0.0637583333333347,0,1,110,1
414,-576452404294,2.299309725249589,2.8058727490250583,0.14931014307911153,-0.11460979328083948,-0.1062873799156216,0.0717008887679505,0,1669373,0.01,0.08939248049999998,-0.10925570310000006,0,-0.12322916666666671,0.12500833333333472,0,0,110,-1
415,-576452404285,2.300946210415915,2.8046160977510586,0.14821469619338057,-0.11386227808852716,-0.05798706706379919,0.04470862101126884,0,1669384,0.011,0.04092127049999998,-0.05120993310000007,0,-0.0969791666666667,0.011258333333334702,0,0,110,-1
416,-576452404275,2.302426060747952,2.8034788289633177,0.14772661310726326,-0.11354940585757542,0.006731208758839105,-0.04992394482277879,0,1669394,0.01,-0.06320206950000003,0.01581198689999995,0,-0.0882291666666667,0.2650083333333346,0,0,110,-1
417,-576452404265,2.3039041530883693,2.802340249322614,0.14786999654975136,-0.11414021051720721,0.06087501781994286,-0.11509550932548367,0,1669404,0.01,-0.12423988950000002,0.06847206689999995,0,-0.009479166666666705,0.09000833333333458,0,0,110,-1
418,-576452404255,2.3053861974351832,2.801192647451554,0.14852565506808468,-0.11536059875442677,0.0943009090813346,-0.16457209924924454,0,1669414,0.01,-0.1715142795,0.09899097689999996,0,-0.4382291666666667,-0.05874166666666536,0,0,110,-1
419,-576452404244,2.3070256675024257,2.7999136606308834,0.1495604322139856,-0.11718018329459953,0.09264132689847777,-0.1706600626057837,0,1669425,0.011,-0.1715142795,0.09240846689999996,0,-0.24572916666666672,0.03750833333333459,0,0,110,-1
420,-576452404233,2.302867508745989,2.7936261699066276,0.1481984296508875,-0.12112073570265292,0.07249509942954199,-0.16406289318759623,0,1669435,0.01,-0.1631365395,0.06966888689999995,0,-0.1319791666666667,-0.049991666666665324,0,1,111,2
421,-576452404223,2.304501477089141,2.7922844810217926,0.1489086930028949,-0.12284319678513317,0.015439812496882067,-0.1102480242009532,0,1669446,0.011,-0.10269712950000005,0.007434246899999943,0,-0.026979166666666707,-0.17249166666666538,0,0,111,-1
422,-576452404213,2.3059905272796772,2.79105061855034,0.1489399850309128,-0.12393330625384845,-0.07134682907281517,-0.10152713815789007,0,1669456,0.01,-0.10030348950000004,-0.08352407310000005,0,-0.26322916666666674,-0.25124166666666536,0,0,111,-1
423,-576452404202,2.307476006956547,2.7898058724018315,0.14817169751505135,-0.12500089427412628,-0.11036366612623755,-0.13876279433247268,0,1669466,0.01,-0.14398741950000002,-0.11583821310000007,0,-0.07947916666666671,-0.17249166666666538,0,0,111,-1
424,-576452404091,2.3089525732115574,2.788548190284054,0.1471253945852189,-0.1265032101609602,-0.06950896520725017,-0.22048679665598603,0,1669476,0.01,-0.2319536895,-0.06377654310000004,0,-0.1407291666666667,0.04625833333333462,0,0,111,-1
425,-576452404089,2.3104203025710337,2.7872717228226604,0.14642263181739162,-0.1287722594255181,-0.07497744714510349,-0.26622757063860497,0,1669486,0.01,-0.2726455695,-0.07574474310000007,0,-0.24572916666666672,-0.06749166666666528,0,0,111,-1
426,-576452404089,2.3118811605940537,2.785970553413564,0.14573229222567072,-0.13145568626048057,-0.032618596150090926,-0.2813018419553795,0,1669496,0.01,-0.2834169495,-0.026675123100000052,0,-0.07947916666666671,0.0637583333333347,0,0,111,-1
427,-576452404089,2.313337092721912,2.7846418535015522,0.14544360899586375,-0.1342808795271525,-0.00589058511076513,-0.28997879516451863,0,1669506,0.01,-0.2911962795,-0.0021403131000000525,0,-0.21947916666666673,0.08125833333333476,0,0,111,-1
431,-576452404089,2.3192256719714535,2.778957109390419,0.1394357403873492,-0.14171854175550352,-0.3251934415022678,-0.11453418679292005,0,1669547,0.011,-0.11346850950000004,-0.3300689931000001,0,-0.2282291666666667,0.08125833333333476,0,0,111,-1
432,-576452404088,2.320603861869833,2.777534665519622,0.13619783737381105,-0.14279259651227147,-0.3153000840614762,-0.06427057824188012,0,1669557,0.01,-0.05721796950000001,-0.31391192310000005,0,-0.17572916666666671,0.04625833333333462,0,0,111,-1
433,-576452404088,2.3219508361149983,2.77610411825647,0.13316304113789174,-0.14334329722222316,-0.23116792960634405,0.0012140531512888353,0,1669567,0.01,0.01040236049999998,-0.21936314310000005,0,-0.3069791666666667,0.14250833333333457,0,0,111,-1
434,-576452403988,2.323271916886422,2.774670733500739,0.13100876059565006,-0.14333310493792994,-0.11900890735654625,-1.7422660286146082e-4,0,1669577,0.01,-3.6901950000002077e-4,-0.10327160310000007,0,-0.3157291666666667,0.05500833333333466,0,0,111,-1
435,-576452403987,2.320343293440306,2.7691770735084202,0.12804304739750014,-0.14507451606563168,-0.06480061332518872,-0.009266782301189175,0,1669588,0.011,-0.010541989500000019,-0.05719403310000006,0,0.1392708333333333,0.020008333333334738,0,1,113,2
436,-576452403987,2.3216202051825596,2.7677249943795723,0.12735091861457762,-0.14530124647801915,-0.09591396352284227,-0.10379542634137061,0,1669598,0.01,-0.11705896950000003,-0.10027955310000007,0,-0.1844791666666667,0.1775083333333347,0,0,113,-1
437,-576452403987,2.322888282298688,2.766266531225223,0.12629276269139186,-0.146379873547657,-0.16638908762378618,-0.13274457437420747,0,1669608,0.01,-0.13680649949999998,-0.17627762310000009,0,-0.2544791666666667,-0.16374166666666534,0,0,113,-1
438,-576452403986,2.3241421800758864,2.7647963134263542,0.12451801823845829,-0.1476732864339584,-0.24538101439813859,-0.10849349695155801,0,1669618,0.01,-0.10509076950000003,-0.2564645631000001,0,-0.3244791666666667,-0.09374166666666528,0,0,113,-1
439,-576452403986,2.3253749472736582,2.76331463067371,0.12204173369481733,-0.1486840818220318,-0.2613980885977733,-0.05565562884014096,0,1669628,0.01,-0.04824181950000001,-0.2636454831000001,0,-0.0882291666666667,0.08125833333333476,0,0,113,-1
440,-576452403985,2.3265827060535473,2.761825541691968,0.11949199342431151,-0.14915714631529492,-0.215614218834791,0.0038484315623584647,0,1669638,0.01,0.012197590499999989,-0.20919017310000007,0,-0.1669791666666667,-0.07624166666666532,0,0,113,-1
441,-576452403985,2.327767315509417,2.760334671624834,0.11740928903780987,-0.14903917375688705,-0.16327546105920523,0.06049930863127712,0,1669648,0.01,0.06844813049999998,-0.15593168310000008,0,-0.2982291666666667,0.07250833333333473,0,0,113,-1
442,-576452403985,2.329048743612851,2.7586995111336865,0.11558464452723666,-0.148284554602593,-0.18202462277631726,0.11889821798466213,0,1669659,0.011,0.12709231049999997,-0.18465536310000005,0,-0.10572916666666671,0.11625833333333468,0,0,113,-1
443,-576452403985,2.3301960491052087,2.757222340112654,0.11384969481550088,-0.1471367358566102,-0.12188316658557385,0.08987441994866617,0,1669669,0.01,0.08580202049999998,-0.11344457310000006,0,-0.2282291666666667,0.14250833333333457,0,0,113,-1
444,-576452403984,2.3313282055862774,2.7557550497518517,0.11259259825071417,-0.14630273102159988,-0.14911821714520704,0.043796162486397935,0,1669679,0.01,0.03733081049999997,-0.15293963310000008,0,-0.1932291666666667,0.2562583333333346,0,0,113,-1
445,-576452403885,2.3302884113033575,2.7561069813001624,0.11031993526723763,-0.14518522467196923,-0.10733872965765194,-0.026421069182307248,0,1669689,0.01,-0.03627361950000002,-0.10147637310000003,0,-0.2282291666666667,-0.014991666666665293,0,1,114,1
446,-576452403885,2.3314955973501075,2.754508191482963,0.1091630727161161,-0.1454986531599706,-0.09170217586207603,-0.04135861608874807,0,1669700,0.011,-0.04345453950000002,-0.08950817310000005,0,-0.1669791666666667,0.1775083333333347,0,0,114,-1
447,-576452403884,2.332582647104673,2.7530518525000773,0.10824654727182985,-0.14580320520635195,-0.09135247103226457,0.03551994347387465,0,1669710,0.01,0.04630696049999997,-0.09130340310000007,0,2.0205208333333333,-0.11124166666666535,0,0,114,-1
448,-576452403884,2.3336604125860747,2.7515963178515355,0.10731243851354316,-0.14533591610827942,-0.10600320334025222,0.11529979602295642,0,1669720,0.01,0.1264939005,-0.10805888310000004,0,-0.026979166666666707,-0.049991666666665324,0,0,114,-1
449,-576452403884,2.3347277533441035,2.7501488686003275,0.10617696826111751,-0.1441603044761817,-0.15975888334812677,0.13141382240243246,0,1669730,0.01,0.13367482049999999,-0.16730147310000007,0,-0.2282291666666667,0.0637583333333347,0,0,114,-1
450,-576452403883,2.3357811031167897,2.7487137786140043,0.10451192722982755,-0.14285516557761188,-0.20783077891857624,0.12500017492288965,0,1669740,0.01,0.12410026049999998,-0.2145758631000001,0,-0.12322916666666671,-0.04124166666666529,0,0,114,-1
451,-576452403883,2.3368157777050684,2.747290998385574,0.10242531977260916,-0.14167990409979836,-0.2137458983551267,0.07173326915377029,0,1669750,0.01,0.06425926049999998,-0.2145758631000001,0,-0.24572916666666672,0.020008333333334738,0,0,114,-1
452,-576452403883,2.3378299829980675,2.74587672286581,0.10038771645877097,-0.14112860581938014,-0.1425792570335057,-0.04659863344080138,0,1669760,0.01,-0.06320206950000003,-0.13259369310000005,0,-0.10572916666666671,-0.049991666666665324,0,0,114,-1
453,-576452403882,2.33892656326394,2.7443199934057843,0.09895684863372646,-0.14185963303097615,-0.05248191897570778,-0.18972948307534193,0,1669771,0.011,-0.2098125195,-0.039840143100000044,0,-0.1582291666666667,0.028758333333334773,0,0,114,-1
454,-576452403882,2.339913654933262,2.742892250078321,0.09845445112548269,-0.14370524602920645,-0.03667268503214584,-0.15328929992015372,0,1669781,0.01,-0.14817628950000003,-0.03445445310000005,0,-0.0707291666666667,0.08125833333333476,0,0,114,-1
455,-576452403783,2.3377249479631868,2.7386212387035513,0.09674220955715539,-0.14638390974759447,-0.09612659491259008,-0.08005992386551813,0,1669791,0.01,-0.06978457950000005,-0.10446842310000003,0,-0.24572916666666672,0.002508333333334667,0,1,115,2
456,-576452403782,2.337168688448528,2.7383675101319422,0.09498176136115512,-0.14666432786593184,-0.14594908211233482,-0.06947443912694767,0,1669802,0.011,-0.06798934950000002,-0.15293963310000008,0,-0.2019791666666667,-0.07624166666666532,0,1,116,1
457,-576452403782,2.338204186188041,2.7367491229464513,0.09330944212693909,-0.14755433719643932,-0.18933864795193067,-0.15108688886900107,0,1669813,0.011,-0.16253812950000002,-0.19542674310000005,0,-0.2719791666666667,-0.1287416666666653,0,0,116,-1
460,-576452403781,2.34102183460859,2.732085795482395,0.08912329685626397,-0.1535632253090861,-0.09702225127416923,-0.1884896782102004,0,1669844,0.011,-0.18647452950000007,-0.09848432310000003,0,-0.21947916666666673,0.020008333333334738,0,0,116,-1
461,-576452403781,2.341908316981811,2.730541004587236,0.08816837451383712,-0.15540765691446679,-0.08623454264446957,-0.15995884926123452,0,1669854,0.01,-0.15595561950000003,-0.08472089310000006,0,-0.1932291666666667,-0.032491666666665364,0,0,116,-1
462,-576452403781,2.342785411491672,2.7289788099502683,0.08726291832156452,-0.1570259068207054,-0.1169185549616129,-0.1732410778184279,0,1669864,0.01,-0.1751047395,-0.12122390310000009,0,0.025520833333333298,0.020008333333334738,0,0,116,-1
463,-576452403781,2.3436520711121487,2.7273996003771543,0.08607444177180755,-0.1588033251567354,-0.1306649088660373,-0.20531250045672522,0,1669874,0.01,-0.2098125195,-0.13259369310000005,0,-0.0882291666666667,0.0637583333333347,0,0,116,-1
464,-576452403780,2.3445065641660934,2.7258009500966023,0.08481180889430305,-0.1609113223739507,-0.09929539554563321,-0.24441887877442214,0,1669884,0.01,-0.24990598950000006,-0.09489386310000006,0,2.064270833333333,0.1512583333333346,0,0,116,-1
465,-576452403681,2.344447601220382,2.723377644459801,0.08341145476255335,-0.16362901787455789,-0.13374427499079086,-0.186257638494596,0,1669894,0.01,-0.17809678950000005,-0.13857779310000004,0,-0.17572916666666671,-0.1812416666666653,0,1,117,2
466,-576452403680,2.345616682577666,2.721346937900544,0.0819972589465416,-0.1656679863360621,-0.16264754696281736,-0.11770205178819433,0,1669905,0.011,-0.10808281950000002,-0.16670306310000005,0,-0.3069791666666667,-0.14624166666666538,0,1,118,1
467,-576452403679,2.3465082566012017,2.719517359403587,0.08012824200270999,-0.16697801763666312,-0.21448354813791604,-0.12763364375899783,0,1669916,0.011,-0.1290271695,-0.22175678310000005,0,-0.1932291666666667,-0.032491666666665364,0,0,118,-1
468,-576452403679,2.3472990445768827,2.717840748847626,0.07801831803485137,-0.16832241655926086,-0.18989997397506395,-0.1755608737032226,0,1669926,0.01,-0.18228565950000003,-0.18645059310000003,0,-0.07947916666666671,0.03750833333333459,0,0,118,-1
469,-576452403679,2.34807072440718,2.716148294326538,0.07627326631271884,-0.1701482559832731,-0.08034525171309884,-0.22553948010101416,0,1669936,0.01,-0.2325520995,-0.06497336310000004,0,-0.2107291666666667,-0.006241666666665369,0,0,118,-1
470,-576452403678,2.3488299103865873,2.7144354936419224,0.0755432302082635,-0.1724100718186635,-0.02803131794284943,-0.23011488355216553,0,1669946,0.01,-0.23075686949999996,-0.020691023100000056,0,-0.12322916666666671,0.16000833333333464,0,0,118,-1
471,-576452403678,2.349584201741147,2.712700179208099,0.07530361207523335,-0.17466562092914714,9.711941356252626e-4,-0.19761690906679047,0,1669956,0.01,-0.19305703950000005,0.005040606899999948,0,-0.24572916666666672,0.0637583333333347,0,0,118,-1
472,-576452403678,2.3503373562046277,2.7109449369660092,0.0753242219728786,-0.17643957917513467,0.008738094311369165,-0.0535025978087148,0,1669966,0.01,-0.033281569500000024,0.009827886899999937,0,-0.12322916666666671,0.2562583333333346,0,0,118,-1
473,-576452403677,2.351090855322846,2.7091787184418368,0.07538349076104513,-0.17684148350239048,-0.011297298564884026,0.04137253996586991,0,1669976,0.01,0.05468470049999998,-0.014108513100000058,0,-0.2019791666666667,0.12500833333333472,0,0,118,-1
474,-576452403677,2.351844173938309,2.707412241378713,0.07527810356553272,-0.17644819422544927,-0.0058909420817664935,0.02680781268582327,0,1669986,0.01,0.024764200499999982,-0.00513236310000005,0,-0.17572916666666671,0.12500833333333472,0,0,118,-1
475,-576452403578,2.3525965391040677,2.705648211488131,0.07520024670923185,-0.17631885132647684,-0.019394689561501192,-0.07206812678320615,0,1669996,0.01,-0.08594164950000001,-0.021289433100000043,0,0.0430208333333333,0.05500833333333466,0,0,118,-1
476,-576452403578,2.350050786863097,2.7007123661927888,0.07366205518747851,-0.17850011805297625,-0.0053133207806340095,-0.11099859790339107,0,1670007,0.011,-0.11646055950000003,-0.003337133100000041,0,-0.0532291666666667,0.011258333333334702,0,1,119,2
477,-576452403577,2.350860109810681,2.6987419784001756,0.0735116472165883,-0.17974627760572587,-0.0649792341764856,-0.12733357874606374,0,1670018,0.011,-0.12962557950000003,-0.07335110310000005,0,-0.03572916666666671,0.14250833333333457,0,0,119,-1
478,-576452403576,2.3515913272860813,2.696939138446784,0.07276348887904868,-0.18086969160357708,-0.13424468045149424,-0.021764221840447948,0,1670028,0.01,-0.0069515295000000185,-0.14396348310000007,0,-0.24572916666666672,0.011258333333334702,0,0,119,-1
479,-576452403576,2.3523115028926784,2.6951298035317404,0.07130508851081227,-0.181017460213407,-0.21676120021335296,0.02796021434022191,0,1670038,0.01,0.034937170499999975,-0.22833929310000003,0,-0.06197916666666671,-0.16374166666666534,0,0,119,-1
480,-576452403576,2.3530826550710304,2.6931404988069865,0.06890761990890108,-0.1806813336161446,-0.2253403077306885,0.046673328146111664,0,1670049,0.011,0.04929901049999999,-0.22654406310000008,0,-0.1144791666666667,0.16875833333333468,0,0,119,-1
481,-576452403576,2.3537608896039237,2.691335854782172,0.06671896141356501,-0.1802396175769447,-0.17969077033477976,0.02903439233579741,0,1670059,0.01,0.02655943049999999,-0.17328557310000006,0,-0.21947916666666673,0.16875833333333468,0,0,119,-1
482,-576452403576,2.354483947316395,2.6893548865686054,0.06474533285697642,-0.17993317831104078,-0.17774715629652854,0.020566641187300554,0,1670070,0.011,0.019378510499999974,-0.17747444310000005,0,-0.1844791666666667,0.19500833333333478,0,0,119,-1
483,-576452403575,2.355122740641886,2.6875559469675676,0.06300244264544129,-0.17982427226805572,-0.15336824695756748,-0.047646779159342935,0,1670080,0.01,-0.05721796950000001,-0.14994758310000006,0,-0.24572916666666672,-0.08499166666666536,0,0,119,-1
484,-576452403560,2.3557449956268703,2.685754182706928,0.06145306724125111,-0.18047769274597678,-0.16453747205521485,-0.1735903603659866,0,1670090,0.01,-0.19126180950000002,-0.16610465310000008,0,-0.1144791666666667,-0.25124166666666536,0,0,119,-1
485,-576452403559,2.350954089736735,2.679159068970483,0.05767406921918184,-0.18435370192487968,-0.1428221221386627,-0.1775428746360656,0,1670100,0.01,-0.17809678950000005,-0.13977461310000006,0,-0.3507291666666667,-0.02374166666666533,0,1,121,2
486,-576452403558,2.351579949167748,2.6771215432230586,0.05611671233357518,-0.18614403150201786,-0.1338522742043772,-0.07097407594051063,0,1670111,0.011,-0.0560211495,-0.13259369310000005,0,-0.21947916666666673,-0.13749166666666535,0,0,121,-1
489,-576452403476,2.353195063512655,2.6715288854188546,0.05125570754086744,-0.18559358716408947,-0.20056660987608899,0.1362931410308859,0,1670141,0.01,0.14085574049999997,-0.20320607310000008,0,-0.0707291666666667,0.14250833333333457,0,0,121,-1
490,-576452403475,2.3536975431677085,2.6696782581707637,0.049242375533580136,-0.18446582546725762,-0.20602995754659864,-0.031307830905829226,0,1670151,0.01,-0.054824329500000026,-0.20679653310000007,0,-0.21947916666666673,0.22125833333333467,0,0,121,-1
491,-576452403475,2.354179975284518,2.6678306516495907,0.04723046678003041,-0.18499486796407832,-0.17154213330848253,-0.18522410414787485,0,1670161,0.01,-0.2068204695,-0.16670306310000005,0,-0.26322916666666674,-0.05874166666666536,0,0,121,-1
492,-576452403474,2.354644297320235,2.6659702107760634,0.045607886486447514,-0.1870393565424524,-0.10537478422287033,-0.32223797166257157,0,1670171,0.01,-0.3414627195,-0.09609068310000006,0,-0.2019791666666667,0.002508333333334667,0,0,121,-1
493,-576452403474,2.3552733028790445,2.663321796534772,0.04423261310097779,-0.19134194417603173,-0.052627002237455936,-0.21210107448635931,0,1670185,0.014,-0.19664749950000002,-0.04522583310000006,0,-0.24572916666666672,-0.05874166666666536,0,0,121,-1
494,-576452403473,2.3557129341659007,2.6613998289702674,0.043697408472459384,-0.19317351251149462,-0.05873118098497358,-0.014352211726336994,0,1670195,0.01,0.013394410499999978,-0.05958767310000004,0,-0.07947916666666671,-0.10249166666666532,0,0,121,-1
495,-576452403463,2.350603349859428,2.6642055289415874,0.04089753199505862,-0.19112519017590565,-0.09464277927874057,0.08922209272782512,0,1670205,0.01,0.10375432049999998,-0.09968114310000005,0,-0.10572916666666671,-0.19874166666666537,0,1,122,1
496,-576452403452,2.35108665118777,2.661918775998607,0.03967139886156875,-0.1900092515029781,-0.14943980027064,0.11665993092078603,0,1670217,0.012,0.12050980049999999,-0.1571285031000001,0,-0.2107291666666667,-0.014991666666665293,0,0,122,-1
497,-576452403441,2.347652595249666,2.65639616938256,0.036506001867083034,-0.1903288820625993,-0.12469625124911628,0.08067726224564813,0,1670228,0.011,0.07562905049999999,-0.12122390310000009,0,-0.2544791666666667,0.07250833333333473,0,1,123,2
498,-576452403431,2.3480116470241974,2.654495176705264,0.035290986040942954,-0.18978585004418702,-0.10223440867330752,-0.1047979262567083,0,1670238,0.01,-0.1308223995,-0.09908273310000006,0,-0.21947916666666673,-0.014991666666665293,0,0,123,-1
499,-576452403420,2.348359504014023,2.6525916055534666,0.03427768945809383,-0.19090720716695478,-0.09579709779212654,-0.15700768211278723,0,1670248,0.01,-0.16433335950000005,-0.09489386310000006,0,-0.28947916666666673,0.07250833333333473,0,0,123,-1
500,-576452403411,2.3486974603421142,2.650675158758341,0.033314938264973205,-0.19240307792695163,-0.09920322161135446,-0.10413212681991502,0,1670258,0.01,-0.09671302950000002,-0.09968114310000005,0,-0.23697916666666669,-0.05874166666666536,0,0,123,-1
501,-576452403401,2.3490259004333462,2.648746630603853,0.032362080647809446,-0.1933336542064355,-0.07128436547292341,-0.02520667143947239,0,1670268,0.01,-0.014132449500000019,-0.06736700310000006,0,-0.17572916666666671,0.05500833333333466,0,0,123,-1
502,-576452403390,2.349346284926943,2.646812356729239,0.03170044600351602,-0.19353527784613606,-0.03478805840270202,0.010743758535586248,0,1670278,0.01,0.015788050499999973,-0.029667173100000065,0,0.01677083333333329,-0.02374166666666533,0,0,123,-1
503,-576452403379,2.3472823949548096,2.646912857542567,0.030427406857637618,-0.19248174529990497,-0.03187180822202924,0.05819930897367842,0,1670288,0.01,0.06485767049999998,-0.03146240310000006,0,-0.2544791666666667,-0.1287416666666653,0,1,124,1
504,-576452403369,2.347645611343129,2.6446074644555715,0.030097465226770016,-0.19175641385574174,-2.6145256427183294e-5,0.07453392143469977,0,1670300,0.012,0.07682587049999998,0.004442196899999945,0,-0.2544791666666667,-0.049991666666665324,0,0,124,-1
505,-576452403359,2.3479471907282288,2.6426944068445297,0.030187069187314664,-0.19089536089587106,0.06266742947614262,0.15526043738645756,0,1670310,0.01,0.1665873705,0.07146411689999994,0,-0.0707291666666667,0.0637583333333347,0,0,124,-1
506,-576452403349,2.34825235578821,2.6407931633792603,0.030838623682861565,-0.18935093049913054,0.08035247526180297,0.14945030434878656,0,1670320,0.01,0.1486350705,0.08283390689999995,0,-0.3157291666666667,0.13375833333333476,0,0,124,-1
507,-576452403339,2.3485650721829763,2.638906893360188,0.031690869997497824,-0.18789278618009211,0.11506476183696718,0.12354607561836575,0,1670330,0.01,0.11991139049999998,0.11993532689999996,0,-0.2019791666666667,0.08125833333333476,0,0,124,-1
508,-576452403329,2.348887786656423,2.637033788728187,0.0328497200296008,-0.1867126066382568,0.12091034847115562,0.08414899970921158,0,1670340,0.01,0.07862110049999999,0.12173055689999995,0,-0.21947916666666673,0.011258333333334702,0,0,124,-1
509,-576452403319,2.3492216945933655,2.6351701570225754,0.03395969170729988,-0.1859824776529171,0.050259928556680766,0.004782926583285468,0,1670350,0.01,-0.006353119500000015,0.04034679689999995,0,-0.3069791666666667,0.011258333333334702,0,0,124,-1
510,-576452403308,2.342866819765976,2.627323565004602,0.03169548282472763,-0.18875525272477803,0.02267395505988826,-0.07215508635769637,0,1670360,0.01,-0.08294959950000001,0.018804036899999946,0,-0.2019791666666667,-0.07624166666666532,0,1,125,2
511,-576452403298,2.3432159875545535,2.625243898962747,0.03182038205150665,-0.18940162473459482,-0.05891158783415014,0.02438363808792217,0,1670371,0.011,0.03792922049999998,-0.07035905310000005,0,-0.1669791666666667,-0.11124166666666535,0,0,125,-1
512,-576452403288,2.343530384262016,2.6233523463525996,0.031100177305254023,-0.18896826984001194,-0.15134049860569374,0.15801079082197067,0,1670381,0.01,0.1767603405,-0.16430942310000007,0,-0.026979166666666707,-0.06749166666666528,0,0,125,-1
513,-576452403278,2.3438340339402637,2.6214720036309953,0.02962019259131274,-0.1871645135038901,-0.12755355658795064,0.3171926658051144,0,1670391,0.01,0.33952786049999994,-0.12421595310000008,0,-0.2019791666666667,0.011258333333334702,0,0,125,-1
514,-576452403268,2.344124521673765,2.619616814343596,0.02844818499622395,-0.18389955562902732,-0.05378170973583833,0.383484747800271,0,1670401,0.01,0.3927863505,-0.04343060310000005,0,-0.2544791666666667,0.19500833333333478,0,0,125,-1
515,-576452403257,2.3444351263778693,2.6176155710155853,0.02799217922803113,-0.17990744673426357,0.03506186025989273,0.2352581970928633,0,1670412,0.011,0.2144601705,0.04752771689999995,0,-0.23697916666666669,0.04625833333333462,0,0,125,-1
519,-576452403169,2.3455564769166632,2.6104562301375593,0.027297485431068563,-0.18130811942541966,-0.09797627810844747,-0.10463993908710348,0,1670452,0.01,-0.0919257495,-0.10267319310000005,0,-0.26322916666666674,-0.17249166666666538,0,0,125,-1
520,-576452403168,2.3458242896340855,2.6086391392708967,0.026276599391209066,-0.18216362788811896,-0.1272845573972439,0.03140678491318566,0,1670462,0.01,0.050495830499999984,-0.13139687310000003,0,-0.2282291666666667,0.020008333333334738,0,0,125,-1
521,-576452403168,2.3460813520771935,2.6068200346799126,0.025106933918627696,-0.18169942307127884,-0.05374861009783814,0.138408658300021,0,1670472,0.01,0.15342235049999997,-0.04343060310000005,0,-0.21947916666666673,0.10750833333333465,0,0,125,-1
522,-576452403167,2.346329994442589,2.6050099943067777,0.024610124304478287,-0.18031011643527423,-0.02475867163051838,0.14212896521911322,0,1670482,0.01,0.14265097049999997,-0.020691023100000056,0,-0.1932291666666667,0.12500833333333472,0,0,125,-1
523,-576452403167,2.34657471535303,2.6032138999779493,0.024340298598560732,-0.17890438367792963,-0.040608294149013804,0.13104163997748322,0,1670492,0.01,0.1294859505,-0.04283219310000004,0,-0.0532291666666667,0.10750833333333465,0,0,125,-1
524,-576452403066,2.3468156602151033,2.6014290479969273,0.0238674187021351,-0.17796257268611979,-0.08821416761023937,-0.13166168872440867,0,1670502,0.01,-0.1685222295,-0.09489386310000006,0,-0.2107291666666667,0.07250833333333473,0,0,125,-1
525,-576452403065,2.345124145001833,2.5979205822927964,0.02212894035106072,-0.18026161806623073,-0.13447997590994626,-0.272090957315894,0,1670512,0.01,-0.29179468950000004,-0.14097143310000004,0,-0.1932291666666667,0.19500833333333478,0,1,127,2
526,-576452403065,2.345338783812187,2.5961040524910786,0.02079529834981707,-0.1830310705738826,-0.12652846839220142,-0.30668784617076605,0,1670522,0.01,-0.31154221950000005,-0.12541277310000004,0,-0.14947916666666672,0.21250833333333463,0,0,127,-1
527,-576452403064,2.3455604839478723,2.5940729112216134,0.01949227608967081,-0.18629420290404,-0.06834933790933032,-0.23432742550649022,0,1670533,0.011,-0.2241743595,-0.06018608310000006,0,-0.23697916666666669,0.12500833333333472,0,0,127,-1
528,-576452403064,2.3457524810175414,2.592199904864448,0.018883687431148755,-0.18838593769643547,-0.015534930598366511,-0.05697017516399949,0,1670543,0.01,-0.03208474950000002,-0.008124413100000064,0,-0.2282291666666667,-0.09374166666666528,0,0,127,-1
529,-576452403063,2.3459411978696147,2.590315511017174,0.018830369131467763,-0.18859613977563025,0.05708567387292994,0.19890381128805568,0,1670553,0.01,0.2348061105,0.06727524689999996,0,-0.26322916666666674,-0.14624166666666538,0,0,127,-1
530,-576452403063,2.34613227101817,2.588439740223149,0.01938799023977951,-0.1865688092006691,0.04765424372361572,0.22619020979084803,0,1670563,0.01,0.23001883049999997,0.04633089689999995,0,-0.0444791666666667,0.19500833333333478,0,0,127,-1
531,-576452403062,2.3463277970078487,2.586584236498522,0.0197495075624952,-0.18448259989403076,-0.03432196286436083,0.10097730645148034,0,1670573,0.01,0.08340838049999999,-0.04582424310000006,0,-0.1407291666666667,-0.14624166666666538,0,0,127,-1
532,-576452403062,2.3465230563013626,2.5847429724739537,0.01932512866514765,-0.18370503521180928,-0.09216364630329182,-0.06451609870847697,0,1670583,0.01,-0.08773687950000003,-0.10027955310000007,0,-0.0532291666666667,-0.049991666666665324,0,0,127,-1
533,-576452403062,2.346711626031645,2.5829010847741407,0.018392033134943687,-0.1846018761112739,-0.1003304667314491,-0.24388712592230505,0,1670593,0.01,-0.2690551095,-0.10147637310000003,0,-0.0882291666666667,0.18625833333333475,0,0,127,-1
534,-576452403061,2.3468909875763737,2.5810420368632827,0.017460214900885146,-0.18717112014628368,-0.049382426157852606,-0.3368031824095997,0,1670603,0.01,-0.34984045950000003,-0.04223378310000006,0,-0.1932291666666667,-0.08499166666666536,0,0,127,-1
535,-576452403055,2.3396509326253034,2.5855470516517047,0.014038519683752245,-0.18773511292833509,-0.06462980758584104,-0.30520394742109114,0,1670613,0.01,-0.3007708395,-0.06676859310000004,0,-0.03572916666666671,0.09875833333333461,0,1,128,1
536,-576452403044,2.345704255819681,2.588804437082223,0.015757599313505788,-0.1884627443587743,-0.07332684635480922,-0.18586456193628173,0,1670624,0.011,-0.1691206395,-0.07454792310000002,0,-0.0707291666666667,-0.14624166666666538,0,1,129,2
537,-576452403034,2.345872856029167,2.5867208006179427,0.014908910284129367,-0.19040697505007978,-0.10063653455676236,-0.1208023203159775,0,1670635,0.011,-0.11167327950000004,-0.10446842310000003,0,-0.0969791666666667,-0.2074916666666653,0,0,129,-1
538,-576452403024,2.3460171169841266,2.5848115619242793,0.013933544380539873,-0.19148289895198337,-0.07880761211544735,-0.027782671834225545,0,1670645,0.01,-0.014730859500000039,-0.07574474310000007,0,-0.28947916666666673,-0.032491666666665364,0,0,129,-1
539,-576452403013,2.3461528070952746,2.582895727664229,0.013191275883984629,-0.1917011337380861,-0.046209318664059196,0.014625006383890742,0,1670655,0.01,0.020575330499999978,-0.04163537310000005,0,-0.2282291666666667,-0.014991666666665293,0,0,129,-1
540,-576452403001,2.3462827570309335,2.5809790602224414,0.01278341839086631,-0.19161531518726288,-0.007562887522500172,-0.028436346681701467,0,1670665,0.01,-0.03447838950000003,-0.0021403131000000525,0,-0.0532291666666667,0.002508333333334667,0,0,129,-1
541,-576452402993,2.346422352535669,2.5788682271724004,0.01261778157264473,-0.1921244171492145,-0.06158259676612019,-0.15705758219962435,0,1670676,0.011,-0.1751047395,-0.06916223310000005,0,-0.07947916666666671,0.2037583333333346,0,0,129,-1
542,-576452402983,2.346545320851355,2.576938278668163,0.011982108545361107,-0.19382461483007438,-0.0755764602035603,-0.24845200633319664,0,1670686,0.01,-0.26127577949999997,-0.07753997310000006,0,-0.26322916666666674,0.08125833333333476,0,0,129,-1
543,-576452402973,2.3466612336369805,2.5749869434390478,0.011206229350091758,-0.19641267452694328,-0.0898930216620848,-0.3221463390590863,0,1670696,0.01,-0.3324865695,-0.09190181310000006,0,-0.2107291666666667,0.028758333333334773,0,0,129,-1
544,-576452402962,2.346778951901743,2.5728080652324277,0.01020109983373745,-0.1997882938567037,-0.10057584961718713,-0.21208979933717984,0,1670707,0.011,-0.19664749950000002,-0.10207478310000005,0,-0.2807291666666667,0.16000833333333464,0,0,129,-1
548,-576452402862,2.3471389046665703,2.564500856399217,0.00792588524457594,-0.20415428925915746,-0.07857314049493273,-0.02743127053944815,0,1670748,0.01,-0.025502239500000023,-0.08531930310000008,0,-0.0532291666666667,0.03750833333333459,0,0,129,-1
549,-576452402861,2.34721451676838,2.5624577825200414,0.007184139422898542,-0.204453476591168,-0.04723002202078118,-0.045156359330642604,0,1670758,0.01,-0.047643409500000025,-0.04283219310000004,0,-0.3944791666666667,-0.10249166666666532,0,0,129,-1
550,-576452402860,2.347284488728687,2.56041144189596,0.006788675965473009,-0.20483446622791315,0.007530057428146102,0.005140338869283792,0,1670768,0.01,0.012197590499999989,0.015213576899999946,0,-0.2807291666666667,0.1775083333333347,0,0,129,-1
551,-576452402860,2.3473593720960513,2.558157815897823,0.0068353377780121,-0.2048886124857731,-0.01616893941294246,-0.06738737077172137,0,1670779,0.011,-0.07756390950000003,-0.01949420310000005,0,-0.0182291666666667,0.22125833333333467,0,0,129,-1
552,-576452402859,2.347426459642038,2.556105511486824,0.006604016527013537,-0.2055699333656323,-0.0652654348306416,-0.07263827272070043,0,1670789,0.01,-0.07337503950000003,-0.07215428310000005,0,-0.2019791666666667,-0.04124166666666529,0,0,129,-1
553,-576452402859,2.3474889113786443,2.5540468483268826,0.005900847973030097,-0.20619252650838124,-0.10121893092145352,0.0012339849752874,0,1670799,0.01,0.011599180499999986,-0.10626365310000006,0,-7.291666666666974e-4,-0.04124166666666529,0,0,129,-1
554,-576452402759,2.3475425170529176,2.5519856328950916,0.004835317583175386,-0.20607905672108082,-0.1392286563932372,0.07329703876098592,0,1670809,0.01,0.08340838049999999,-0.14456189310000003,0,-0.14947916666666672,-0.04124166666666529,0,0,129,-1
555,-576452402759,2.3540333866741925,2.555743257593562,0.006112406228963824,-0.2025129001792121,-0.1575492511902062,0.18344689066717917,0,1670819,0.01,0.19890151050000002,-0.1601205531000001,0,-0.1669791666666667,-0.13749166666666535,0,1,130,2
556,-576452402758,2.3540868819410283,2.5537282111796342,0.004577189379059398,-0.20053497887026075,-0.12884230438467575,0.2856872130605548,0,1670829,0.01,0.30003280050000003,-0.12481436310000006,0,-0.3157291666666667,-0.11124166666666535,0,0,130,-1
557,-576452402758,2.354127067721385,2.551737206170601,0.003422579648507166,-0.1976685548159051,-0.03347397460038423,0.2924950643807746,0,1670839,0.01,0.29345029050000004,-0.020092613100000052,0,-0.17572916666666671,0.12500833333333472,0,0,130,-1
558,-576452402757,2.3541592256539405,2.549774087513581,0.0030262546510986615,-0.19490883877712267,-0.07736554103207946,0.17473309749808646,0,1670849,0.01,0.1582096305,-0.08352407310000005,0,-0.2019791666666667,0.028758333333334773,0,0,130,-1
559,-576452402757,2.3541853356895177,2.5478321251734113,0.0022082049587657396,-0.1934130463644851,-0.1090051437555897,-0.004537252225041588,0,1670859,0.01,-0.029691109500000024,-0.11344457310000006,0,-0.1844791666666667,-0.049991666666665324,0,0,130,-1
560,-576452402757,2.354203045287811,2.5457038847484563,0.0010112157343726898,-0.19352465306737604,-0.10765054073327149,-0.04496319718110249,0,1670870,0.011,-0.05063545950000002,-0.10746047310000004,0,-0.4819791666666667,0.002508333333334667,0,0,130,-1
561,-576452402756,2.3542077569155406,2.543766676157516,-6.803036864959049e-5,-0.19393072934945182,-0.1095829693562053,-0.014252650709860735,0,1670880,0.01,-0.009943579500000016,-0.10985411310000004,0,-0.3069791666666667,-0.05874166666666536,0,0,130,-1
562,-576452402756,2.3542015288691065,2.541826889738217,-0.001174516414956938,-0.19403697979480877,-0.11716763086099119,0.011566844541459068,0,1670890,0.01,0.015189640499999987,-0.11823185310000009,0,-0.24572916666666672,-0.014991666666665293,0,0,130,-1
563,-576452402756,2.3541834543854137,2.539887230693015,-0.0024196743345073954,-0.19390065101157605,-0.16952907233595563,0.02628896420707827,0,1670900,0.01,0.028354660499999983,-0.17687603310000005,0,-0.2807291666666667,-0.16374166666666534,0,0,130,-1
564,-576452402755,2.3541506101196568,2.537949385148757,-0.004141677699270967,-0.19366172786236066,-0.18856666265947533,0.0092085016061875,0,1670910,0.01,0.00681190049999998,-0.1912378731000001,0,-0.1144791666666667,0.011258333333334702,0,0,130,-1
565,-576452402749,2.343567186769628,2.526544561489808,-0.01049499746930918,-0.19790693358054592,-0.22239685588695818,0.033344517144047736,0,1670920,0.01,0.03673240049999998,-0.22714247310000008,0,-0.2719791666666667,0.04625833333333462,0,1,132,2
566,-576452402739,2.34345153424386,2.524567117677383,-0.01265338269138466,-0.1975796293946903,-0.1756551457405808,0.0289686491449008,0,1670930,0.01,0.028354660499999983,-0.16909670310000008,0,-0.2719791666666667,-0.13749166666666535,0,0,132,-1
567,-576452402729,2.3433165847820394,2.5225928965947024,-0.014352530387774343,-0.19727008140694427,-0.13474362739770726,0.04312397273780787,0,1670940,0.01,0.04511014049999998,-0.12900323310000006,0,-0.24572916666666672,0.07250833333333473,0,0,132,-1
568,-576452402719,2.343166688076785,2.5206224760196827,-0.01564283300010031,-0.19681946223871866,-0.09402472148130524,0.05693562420652655,0,1670950,0.01,0.058873570499999986,-0.08831135310000007,0,-0.4119791666666667,0.22125833333333467,0,0,132,-1
569,-576452402709,2.343005160345608,2.518656742699414,-0.01664526486168183,-0.19631030925145118,-0.13834342797473909,0.014029046423294986,0,1670960,0.01,0.008008720499999986,-0.14456189310000003,0,-0.0532291666666667,0.2562583333333346,0,0,132,-1
570,-576452402699,2.3428314775040002,2.516693756140333,-0.0180775851462098,-0.19626136799105914,-0.17318425255756864,-0.05107509905254892,0,1670970,0.01,-0.0602100195,-0.17807285310000007,0,-0.0882291666666667,0.11625833333333468,0,0,132,-1
571,-576452402689,2.330444077128834,2.5254232423704313,-0.024586496986659052,-0.19223470512822524,-0.19636408703818675,-0.04806485130219096,0,1670980,0.01,-0.047643409500000025,-0.19961561310000006,0,2.0292708333333334,-0.19874166666666537,0,1,133,1
572,-576452402678,2.3301624201573596,2.5233060882257283,-0.026647538787089267,-0.19271479931088067,-0.13151925820134328,-0.016208632738007836,0,1670991,0.011,-0.011738809500000008,-0.12242072310000005,0,-0.21947916666666673,-0.11124166666666535,0,0,133,-1
573,-576452402668,2.3298899951634917,2.521378420899441,-0.027867312351735837,-0.1928326239357245,-0.0642404462688213,0.014999606773394618,0,1671001,0.01,0.019378510499999974,-0.05480039310000005,0,-0.1407291666666667,-0.006241666666665369,0,0,133,-1
574,-576452402655,2.3296083652608086,2.519451244787272,-0.028470068043479603,-0.19262046008845043,-0.036020431737026855,0.059247545036640696,0,1671011,0.01,0.06545608049999999,-0.03206081310000006,0,-0.1319791666666667,0.09875833333333461,0,0,133,-1
576,-576452402622,2.32903077233991,2.5156157441480502,-0.029344674575025428,-0.19064552846619537,-0.06594020416499599,0.1309008413216699,0,1671031,0.01,0.13128118049999998,-0.06856382310000003,0,-0.1669791666666667,-0.11124166666666535,0,0,133,-1
577,-576452402621,2.3287338004563125,2.513715832187199,-0.03003970341528881,-0.18933678838403847,-0.09133119204878871,0.13070960353706867,0,1671041,0.01,0.1306827705,-0.09489386310000006,0,-0.14947916666666672,0.1512583333333346,0,0,133,-1
578,-576452402617,2.3284284598964193,2.511828688394423,-0.03101188737266854,-0.18807832300615654,-0.1332890012026619,0.0960507747686064,0,1671051,0.01,0.09118771049999998,-0.13917620310000006,0,-0.23697916666666669,-0.049991666666665324,0,0,133,-1
579,-576452402607,2.3182398577566135,2.5007043793460415,-0.03673920908555163,-0.19121031972504546,-0.1988023114321426,0.09703262142997401,0,1671062,0.011,0.09717181049999998,-0.20799335310000008,0,-0.1144791666666667,0.08125833333333476,0,1,134,2
580,-576452402595,2.317823979592922,2.498606755813122,-0.038885882927681116,-0.1901686560486949,-0.17275189953307774,0.08036181215510849,0,1671073,0.011,0.07802269049999998,-0.16909670310000008,0,-0.0882291666666667,-0.21624166666666533,0,0,134,-1
581,-576452402586,2.3174276280787613,2.4967101290016904,-0.04043967879435557,-0.18920697779707946,-0.050422033148602344,0.19166239583923333,0,1671083,0.01,0.20727925049999998,-0.033257633100000066,0,-0.2019791666666667,-0.11999166666666539,0,0,134,-1
582,-576452402576,2.3170207418185034,2.494828526404796,-0.040938970708368855,-0.18715312101084475,-0.046914766223040354,0.2893219953858198,0,1671093,0.01,0.3030248505,-0.04642265310000006,0,-0.3069791666666667,-0.22499166666666537,0,0,134,-1
583,-576452402566,2.3166094020553705,2.492971777087721,-0.04134638632308903,-0.184210632606388,-0.0029266958673913115,0.32442894877914064,0,1671103,0.01,0.3293548905,0.0032453768999999395,0,-0.3507291666666667,-0.04124166666666529,0,0,134,-1
584,-576452402553,2.309903250493243,2.496650599956773,-0.04387938034105382,-0.17862706045593224,-0.046318802112534314,0.3402943151448707,0,1671113,0.01,0.34251991049999997,-0.05240675310000006,0,-0.2544791666666667,-0.04124166666666529,0,1,135,1
585,-576452402545,2.3094175029371242,2.494706357180195,-0.044429070087570355,-0.1748736372856761,-0.07264873622732336,0.3469690519947188,0,1671124,0.011,0.34790560049999997,-0.07634315310000009,0,-0.17572916666666671,0.09875833333333461,0,0,135,-1
586,-576452402534,2.308924772420739,2.4928043366567767,-0.045173345091791786,-0.1709715919418217,-0.037055049547942746,0.40236719305671814,0,1671135,0.011,0.4101402405,-0.03206081310000006,0,-0.5607291666666667,0.09000833333333458,0,0,135,-1
587,-576452402524,2.3084715766273547,2.4911147882998326,-0.0454847630510964,-0.16694047530872172,0.004583842968966301,0.40760945589522923,0,1671145,0.01,0.40834501050000005,0.01042629689999994,0,-0.3769791666666667,-0.032491666666665364,0,0,135,-1
588,-576452402514,2.308016287120753,2.489463498837591,-0.045543076198764666,-0.16321596375895095,-0.06953396396636666,0.15741098444591795,0,1671155,0.01,0.1223050305,-0.07993361310000006,0,-0.1669791666666667,0.0637583333333347,0,0,135,-1
589,-576452402504,2.3075568963695763,2.487838980017835,-0.04631381401350212,-0.16167769415954233,-0.12326002873423214,0.13187249750185737,0,1671165,0.01,0.1282891305,-0.13079846310000007,0,-0.2807291666666667,-0.14624166666666538,0,0,135,-1
590,-576452402494,2.300799011384504,2.4803318068273335,-0.050284745366098456,-0.1631578716374656,-0.1671307029606218,0.08254895058301559,0,1671175,0.01,0.07562905049999999,-0.17328557310000006,0,-0.23697916666666669,-0.1287416666666653,0,1,136,2
591,-576452402484,2.3002878062040972,2.478705574794473,-0.051954793796898394,-0.16214061923970507,-0.1662309058180795,0.2192199336152273,0,1671185,0.01,0.23839657050000002,-0.16610465310000008,0,-0.2544791666666667,-0.08499166666666536,0,0,136,-1
592,-576452402473,2.299759829536347,2.477095568003624,-0.05363535583246416,-0.15987990768219099,-0.1792396190207523,0.2680483474125562,0,1671195,0.01,0.2748995805,-0.18106490310000006,0,-0.1844791666666667,-0.08499166666666536,0,0,136,-1
593,-576452402463,2.299158338326277,2.4753538431709554,-0.0557031398877052,-0.15682369559462728,-0.24223924314430806,0.3386041542355085,0,1671206,0.011,0.34850401049999996,-0.2510788731000001,0,-0.17572916666666671,0.09000833333333458,0,0,136,-1
594,-576452402451,2.2985890347500444,2.4738026221911382,-0.05814992353511483,-0.15342459682112158,-0.2594371702626633,0.3478106366397158,0,1671216,0.01,0.3491024205,-0.26185025310000004,0,-0.4382291666666667,0.11625833333333468,0,0,136,-1
595,-576452402442,2.297995659825177,2.472284818310203,-0.06057400166310625,-0.15009383451431257,-0.1382306795809668,0.24293846858322005,0,1671226,0.01,0.2282236005,-0.12122390310000009,0,-0.3507291666666667,0.16875833333333468,0,0,136,-1
596,-576452402432,2.2973220444501736,2.4706473884440268,-0.0619396058195201,-0.14758138697729967,-0.036728298241461246,0.1381982100397347,0,1671237,0.011,0.12350185049999998,-0.022486253100000048,0,-0.3157291666666667,-0.006241666666665369,0,0,136,-1
597,-576452402421,2.2909109292917433,2.4740403870233454,-0.06453149222652128,-0.14394310517130668,-0.010595005592903307,0.14945046940370446,0,1671248,0.011,0.1510287105,-0.006927593100000041,0,-0.2807291666666667,-0.006241666666665369,0,1,137,1
598,-576452402411,2.290264966819211,2.4726087081165247,-0.06465597598158342,-0.14240564773966982,-0.023646952758559787,0.17969726000080688,0,1671258,0.01,0.1839412605,-0.025478303100000047,0,-0.2807291666666667,0.05500833333333466,0,0,137,-1
599,-576452402373,2.289617253601873,2.471194125723879,-0.06488806520689981,-0.1405326525831876,-0.02052996518168766,0.23379766197369678,0,1671268,0.01,0.2413886205,-0.020092613100000052,0,-0.1844791666666667,-0.09374166666666528,0,0,137,-1
600,-576452402372,2.2889669110516597,2.469800987834238,-0.06516131758432998,-0.13811684279765205,-0.06895071090772274,0.28925885594955136,0,1671278,0.01,0.2970407505,-0.07574474310000007,0,-0.1582291666666667,-0.1287416666666653,0,0,137,-1
601,-576452402372,2.2883109055639888,2.468434541708317,-0.06599835381832325,-0.13518375215649822,-0.1740916527197086,0.31812385282680955,0,1671288,0.01,0.3221739705,-0.18884423310000004,0,-0.3244791666666667,0.020008333333334738,0,0,137,-1
602,-576452402370,2.287641634429982,2.4670985621356043,-0.06783031969541824,-0.13201004765732113,-0.23898191335318375,0.3127544012630792,0,1671298,0.01,0.3120010005,-0.2480868231000001,0,-0.2544791666666667,-0.09374166666666528,0,0,137,-1
603,-576452402360,2.286951060515288,2.4657934663727037,-0.07027036756228018,-0.12898136229648352,-0.27477968148835413,0.24229833230318654,0,1671308,0.01,0.23241247049999997,-0.2798025531,0,-0.21947916666666673,-0.05874166666666536,0,0,137,-1
604,-576452402246,2.2840901238437215,2.462408276893301,-0.07418455890566307,-0.12724651624732541,-0.27656086128950885,0.23415340581712327,0,1671319,0.011,0.23301088049999996,-0.27681050310000005,0,-0.4382291666666667,-0.02374166666666533,0,1,138,2
605,-576452402246,2.2832574804973453,2.4610207959889983,-0.0772116919972333,-0.12494899233926988,-0.26680901788397315,0.053677651075010324,0,1671330,0.011,0.028354660499999983,-0.2654407131000001,0,-0.4644791666666667,-0.006241666666665369,0,0,138,-1
606,-576452402246,2.2824726837454703,2.4597735895909363,-0.0797797050920635,-0.12447281757024847,-0.19633848444877527,0.011004275286231137,0,1671340,0.01,0.005016670499999971,-0.18645059310000003,0,-0.21947916666666673,0.07250833333333473,0,0,138,-1
607,-576452402245,2.2816656375222117,2.458529824833769,-0.08165495021824913,-0.12429862316060004,-0.13361521680780358,0.05665682114105778,0,1671350,0.01,0.06306244049999998,-0.12481436310000006,0,-0.1844791666666667,-0.10249166666666532,0,0,138,-1
608,-576452402245,2.2808428259834805,2.457291005956696,-0.08292577294969367,-0.12352385369989125,-0.08706376950045233,0.20501365373926828,0,1671360,0.01,0.22582996049999998,-0.08053202310000006,0,-0.4469791666666667,-0.10249166666666532,0,0,138,-1
609,-576452402244,2.2800093985746472,2.4560670120996493,-0.08376775568341709,-0.12131850607766737,-0.06664197463478938,0.3156293623243468,0,1671370,0.01,0.33115012050000003,-0.06377654310000004,0,-0.2019791666666667,-0.06749166666666528,0,0,138,-1
610,-576452402244,2.2791681474602274,2.4548696742173655,-0.08447188404566558,-0.11815195047589615,-0.09351665198383649,0.32294300549967603,0,1671380,0.01,0.3239692005,-0.09728750310000006,0,-0.1407291666666667,0.028758333333334773,0,0,138,-1
611,-576452402244,2.278318803228878,2.4537037205962076,-0.08539917292507108,-0.11501329870324464,-0.08790229687331311,0.2582457756321842,0,1671390,0.01,0.24916795049999999,-0.08711453310000007,0,-0.26322916666666674,-0.11124166666666535,0,0,138,-1
612,-576452402244,2.2773735092475595,2.4524535118214774,-0.0864515410779352,-0.11227284376835128,-0.14388740665324407,0.19255945706494312,0,1671401,0.011,0.1833428505,-0.15174281310000007,0,-0.1407291666666667,-0.07624166666666532,0,0,138,-1
613,-576452402244,2.2765013930721683,2.451339358294081,-0.08795228443437343,-0.11050756698864608,-0.1875106325437959,0.07952148266332273,0,1671411,0.01,0.06366085049999998,-0.19363151310000007,0,-0.17572916666666671,0.1512583333333346,0,0,138,-1
614,-576452402243,2.2756116630634553,2.4502375918650383,-0.08995658772020003,-0.1098159469697721,-0.2794665986219228,0.005787854569263409,0,1671421,0.01,-0.004557889500000024,-0.2923691631000001,0,-0.1932291666666667,-0.049991666666665324,0,0,138,-1
615,-576452402238,2.2715596627484573,2.4518836594458113,-0.09414231904784975,-0.10879311930859292,-0.3962620008073754,-0.12555773128333048,0,1671431,0.01,-0.14398741950000002,-0.4126495731000001,0,-0.28947916666666673,-0.049991666666665324,0,1,139,1
616,-576452402227,2.2704996053790585,2.4506787699779773,-0.09857679571231436,-0.1102573873876409,-0.4457932004300361,-0.18002843327986415,0,1671442,0.011,-0.18767134950000003,-0.4527430431,0,-0.3419791666666667,-0.17249166666666538,0,0,139,-1
617,-576452402215,2.2670868608398123,2.447212934659187,-0.10440288382120341,-0.11321132245803495,-0.3988856669239169,-0.1374021632608465,0,1671453,0.011,-0.1314208095,-0.39230363310000005,0,-0.4994791666666667,-0.17249166666666538,0,1,140,2
618,-576452402204,2.265915538179305,2.445960539358453,-0.10861166344057441,-0.11454378695025617,-0.2829103157219346,-0.02142880279671422,0,1671464,0.011,-0.005156299500000027,-0.2666375331000001,0,-0.14947916666666672,-0.049991666666665324,0,0,140,-1
619,-576452402195,2.264817052166719,2.44481544173232,-0.1111715448637912,-0.11454401111159043,-0.09336425963986289,0.12928349299021374,0,1671474,0.01,0.15043030049999997,-0.06676859310000004,0,-0.21947916666666673,0.08125833333333476,0,0,140,-1
620,-576452402184,2.263588866872392,2.4435636454823806,-0.11214766893906256,-0.11306868853247823,-0.060070351979684786,0.1640963361051487,0,1671485,0.011,0.16898101049999997,-0.05539880310000005,0,-0.5082291666666667,0.05500833333333466,0,0,140,-1
621,-576452402174,2.262463411657065,2.4424405425812687,-0.11289665401550651,-0.11152214408024659,-0.16460251232309459,0.0975350376182035,0,1671495,0.01,0.08819566049999998,-0.17926967310000008,0,-0.3419791666666667,-0.049991666666665324,0,0,140,-1
622,-576452402162,2.261211178975603,2.441219348978656,-0.11476703099530033,-0.11050026476675227,-0.20370377952716337,0.06415553887236458,0,1671506,0.011,0.05947198049999999,-0.20919017310000007,0,-0.2019791666666667,-0.11124166666666535,0,0,140,-1
623,-576452402153,2.259747936837742,2.440384088850213,-0.11697095347549778,-0.10982261072605057,-0.23685308417486867,0.010719246003715105,0,1671516,0.01,0.0032214404999999792,-0.24150431310000006,0,-0.3157291666666667,0.028758333333334773,0,1,141,1
624,-576452402141,2.258446808218028,2.4391760768460435,-0.11959299637444598,-0.10979413232817636,-0.24775409574534138,-0.047808920588191854,0,1671527,0.011,-0.0560211495,-0.2492836431000001,0,-0.1582291666666667,-0.11999166666666539,0,0,141,-1
625,-576452402131,2.257115493765118,2.4379650135491993,-0.12243280553662232,-0.11038209735398656,-0.32203947192022053,-0.0880716222441941,0,1671538,0.011,-0.09372097950000002,-0.33246263310000007,0,-0.3332291666666667,-0.16374166666666534,0,0,141,-1
626,-576452402120,2.2557487684257866,2.436745325716943,-0.12604360471552428,-0.11137310767150961,-0.3663401654213484,-0.10247183126928029,0,1671549,0.011,-0.10449235950000005,-0.37255610310000004,0,-0.1582291666666667,-0.38249166666666534,0,0,141,-1
627,-576452402110,2.254470210526255,2.4356271835142027,-0.1296774802231687,-0.11229002753949022,-0.3455523867145851,-0.02657670817206524,0,1671559,0.01,-0.015927679500000028,-0.3426356031000001,0,-0.3857291666666667,-0.35624166666666535,0,0,141,-1
628,-576452402101,2.253156580431872,2.4345034048683916,-0.13306746462525942,-0.11248588853660388,-0.2989132179155631,0.02316983276787274,0,1671569,0.01,0.03014989049999999,-0.2923691631000001,0,-0.3507291666666667,-0.1812416666666653,0,0,141,-1
629,-576452402090,2.2518114791026322,2.4333796462413537,-0.13597563302445267,-0.11226327498583862,-0.241221445515499,0.016696359258182553,0,1671579,0.01,0.015788050499999973,-0.23312657310000007,0,-0.2019791666666667,-0.07624166666666532,0,0,141,-1
630,-576452402079,2.24541741112746,2.4272850366542547,-0.1404924790334349,-0.11435800100379091,-0.18426930739452413,0.046861097426963094,0,1671589,0.01,0.05109424049999998,-0.17627762310000009,0,-0.2982291666666667,0.028758333333334773,0,1,142,2
631,-576452402069,2.2438610165461235,2.4260299277162343,-0.14249432964893902,-0.11384327101575455,-0.1678149884694377,0.046375145581275645,0,1671600,0.011,0.04630696049999997,-0.16550624310000006,0,-0.4382291666666667,0.020008333333334738,0,0,142,-1
632,-576452402059,2.2424275789564123,2.4248941161320903,-0.144188214941953,-0.11333345949948279,-0.17890975896139794,0.07885153902190448,0,1671610,0.01,0.08340838049999999,-0.18046649310000004,0,-0.2544791666666667,0.18625833333333475,0,0,142,-1
635,-576452401940,2.2379969705190765,2.4215173099826472,-0.15219633011113684,-0.1123419944127491,-0.3671245022195489,-0.014228856402450016,0,1671640,0.01,-0.014730859500000039,-0.37076087310000005,0,-0.21947916666666673,-0.10249166666666532,0,0,142,-1
636,-576452401939,2.2364570231087475,2.4203941553414343,-0.15580946159693462,-0.11233174414847577,-0.32570736237596754,0.09448457539153556,0,1671650,0.01,0.10973842049999998,-0.31989602310000004,0,-0.3332291666666667,-0.24249166666666533,0,0,142,-1
637,-576452401939,2.2347249146118116,2.4191658921248695,-0.1591730271123532,-0.11104854717696658,-0.18206990314502142,0.25427432363467567,0,1671661,0.011,0.27669481049999994,-0.16191578310000007,0,-0.28947916666666673,-0.13749166666666535,0,0,142,-1
638,-576452401939,2.2331249690455373,2.418068723977344,-0.16085850700623325,-0.10841391094210098,-0.08672866351515583,0.3190668711216068,0,1671671,0.01,0.3281580705,-0.07335110310000005,0,-0.4207291666666667,-0.006241666666665369,0,0,142,-1
639,-576452401938,2.2315124716209307,2.4170014171318024,-0.16165991159450485,-0.10508669899183656,-0.03983710178014703,0.4162515523290633,0,1671681,0.01,0.4298877705,-0.033257633100000066,0,-0.26322916666666674,0.028758333333334773,0,0,142,-1
640,-576452401938,2.2298938759060705,2.415971257879697,-0.16205902280313797,-0.10094054187995415,-0.040364546107973125,0.4045948944234789,0,1671691,0.01,0.40295932050000005,-0.04043855310000005,0,-0.3157291666666667,0.12500833333333472,0,0,142,-1
641,-576452401938,2.2282707104307864,2.414981036608133,-0.16254964773989314,-0.09705786450516765,-0.1023531603861425,0.28823435922216256,0,1671701,0.01,0.2719075305,-0.11105093310000005,0,-0.3332291666666667,0.2650083333333346,0,0,142,-1
642,-576452401937,2.226639721295903,2.4140240762385865,-0.1636317431652817,-0.09429943314940474,-0.1440912154339163,0.1999229134943438,0,1671711,0.01,0.18753172049999997,-0.14994758310000006,0,-0.1932291666666667,-0.006241666666665369,0,0,142,-1
643,-576452401937,2.2249950027472196,2.413090508942417,-0.16525952543005673,-0.0923890838419996,-0.2772726177443005,0.13657870054853694,0,1671721,0.01,0.1276907205,-0.29595962310000007,0,-0.2544791666666667,0.09875833333333461,0,0,142,-1
644,-576452401838,2.223328311762991,2.4121737400512875,-0.16806849937186294,-0.09097753602929254,-0.3031062267994373,0.16919220994921627,0,1671731,0.01,0.1737682905,-0.3067310031,0,-0.1144791666666667,-0.1287416666666653,0,0,142,-1
645,-576452401837,2.2178646964318123,2.407570826246108,-0.17295218575156196,-0.09050959040325383,-0.2873934302788891,0.35215377785302715,0,1671742,0.011,0.3778261005,-0.28518824310000007,0,-0.3769791666666667,-0.014991666666665293,0,1,144,2
646,-576452401837,2.2161212550089333,2.406683862483901,-0.1757563962117928,-0.08690700427685104,-0.2382296344528961,0.4093024866541671,0,1671752,0.01,0.4173211605,-0.23133134310000003,0,-0.3594791666666667,-0.1812416666666653,0,0,144,-1
647,-576452401836,2.214351882272892,2.405834662009682,-0.17812281983482725,-0.08290658473624593,-0.22693238723830525,0.34339044834852595,0,1671762,0.01,0.3341421705,-0.22534724310000004,0,-0.3857291666666667,-0.07624166666666532,0,0,144,-1
648,-576452401836,2.2125600467888593,2.405022282090792,-0.18027677993573016,-0.07954813285610896,-0.144726596801869,0.2896245272097692,0,1671772,0.01,0.28208050049999994,-0.13319210310000007,0,-0.3244791666666667,0.2650083333333346,0,0,144,-1
649,-576452401835,2.2107509446153735,2.4042414017166323,-0.18158320183296178,-0.0766331894892065,-0.04434970769797794,0.3029503079114725,0,1671782,0.01,0.3048200805,-0.03026558310000007,0,-0.3682291666666667,0.1512583333333346,0,0,144,-1
650,-576452401835,2.208934802459194,2.4034899680312365,-0.18172882719485284,-0.07364262015087525,0.16794152894689815,0.2752024848126024,0,1671792,0.01,0.2713091205,0.19772862689999998,0,-0.28947916666666673,-0.032491666666665364,0,0,144,-1
651,-576452401835,2.2071273010822443,2.4027676248891563,-0.17983235932843453,-0.07084016139499634,0.32263382579484834,0.31114648124197475,0,1671802,0.01,0.31618987049999997,0.34433907689999993,0,-0.12322916666666671,-0.04124166666666529,0,0,144,-1
652,-576452401835,2.2053452707636856,2.402074721324723,-0.17658078598821153,-0.06773795370680286,0.3406187487669483,0.3045489728878358,0,1671812,0.01,0.3036232605,0.34314225689999994,0,-0.2282291666666667,-0.05874166666666536,0,0,144,-1
653,-576452401834,2.203595740496817,2.4014120668889647,-0.17329225112686183,-0.06477091744681804,0.25676827947795106,0.24863555735340187,0,1671822,0.01,0.2407902105,0.24500301689999995,0,-0.14947916666666672,-0.2074916666666653,0,0,144,-1
654,-576452401723,2.2018744840138615,2.400776661672693,-0.17090766420959003,-0.06230452395201669,0.12627671464040943,0.23440867837216037,0,1671832,0.01,0.23241247049999997,0.10796712689999995,0,-0.23697916666666669,-0.22499166666666537,0,0,144,-1
655,-576452401721,2.1957832683068785,2.4039658570090237,-0.1715420509551923,-0.05845826509891482,0.019433279591824965,0.17073469711174816,0,1671842,0.01,0.16180009049999997,0.004442196899999945,0,-0.2719791666666667,-0.05874166666666536,0,1,145,1
656,-576452401721,2.1938974140922953,2.403332922215582,-0.17133793745592532,-0.05661296427043061,0.013108913969143515,0.14925526208872897,0,1671853,0.011,0.1462414305,0.012221526899999948,0,-0.1669791666666667,0.028758333333334773,0,0,145,-1
665,-576452401633,2.179185834800417,2.3986704769775558,-0.15421824376533533,-0.04987867516825514,-0.0873317896750716,-0.07513760614006328,0,1671943,0.01,-0.07157980950000004,-0.09788591310000005,0,-0.0969791666666667,-0.049991666666665324,0,0,145,-1
666,-576452401632,2.1776389150160176,2.3981682206908617,-0.15514946421851045,-0.05058517543399108,-0.12859866745796442,-0.04315483906615679,0,1671953,0.01,-0.03866725950000004,-0.13438892310000003,0,-0.3594791666666667,0.05500833333333466,0,0,145,-1
667,-576452401632,2.1744192073287496,2.398908357202232,-0.15705687211864203,-0.05045393096500828,-0.05705911304453783,-0.001960128777606764,0,1671964,0.011,0.003819850499999965,-0.047021063100000066,0,-0.12322916666666671,0.11625833333333468,0,1,147,1
668,-576452401631,2.1726886788065896,2.3983533042208687,-0.15760543976518504,-0.05046767810993192,-0.005749262580568064,0.0031086393576130484,0,1671975,0.011,0.003819850499999965,0.0014501468999999479,0,-0.2544791666666667,0.07250833333333473,0,0,147,-1
669,-576452401631,2.1711123069938045,2.3978482921984137,-0.15766738109838682,-0.050510976108238716,-0.008881711587575523,-0.04927016281446487,0,1671985,0.01,-0.05661955950000002,-0.009321233100000053,0,-0.1144791666666667,0.19500833333333478,0,0,147,-1
670,-576452401631,2.1695356653635223,2.3973405466452338,-0.15768225989563647,-0.05103043263487079,0.04373534952504026,-0.06830988932578709,0,1671995,0.01,-0.07098139950000001,0.05111817689999995,0,-0.3682291666666667,-0.02374166666666533,0,0,147,-1
671,-576452401630,2.1679606582090414,2.396827093696332,-0.15730283846583104,-0.05167189513022793,0.002455011220458568,-0.0386412659543702,0,1672005,0.01,-0.03447838950000003,-0.003337133100000041,0,-0.2807291666666667,0.020008333333334738,0,0,147,-1
672,-576452401630,2.1663875843257823,2.3963093337381878,-0.15730456054497982,-0.051919170706749555,-0.016268633173742345,0.06051883622463235,0,1672015,0.01,0.07443223049999999,-0.018895793100000047,0,-0.07947916666666671,-0.1812416666666653,0,0,147,-1
673,-576452401630,2.1648141100728173,2.395793876393419,-0.1574071551819789,-0.051203348361612604,0.02655831412323511,0.13936693294203611,0,1672025,0.01,0.15043030049999997,0.032567466899999946,0,-0.1844791666666667,0.13375833333333476,0,0,147,-1
674,-576452401582,2.163241757963787,2.3952886438236405,-0.15708042599756633,-0.04983582755380817,0.07013679467125736,0.12073101176854178,0,1672035,0.01,0.11811616049999998,0.07625139689999995,0,-0.1844791666666667,-0.014991666666665293,0,0,147,-1
675,-576452401580,2.162990974581979,2.396305230032839,-0.1556583310961041,-0.04782077221098143,0.07392483210217557,0.1053186536347094,0,1672046,0.011,0.10315591049999999,0.07445616689999995,0,-0.026979166666666707,-0.16374166666666534,0,1,148,2
676,-576452401580,2.161282254192734,2.3957848862718865,-0.1549827468852381,-0.04676224575292594,-0.015346119509337633,0.04044876219594343,0,1672057,0.011,0.03134671049999998,-0.027871943100000057,0,-0.26322916666666674,0.07250833333333473,0,0,148,-1
677,-576452401580,2.1597309719564755,2.3953189025883335,-0.15524049190112904,-0.046416043942803735,-0.08877916456534042,-5.942719072064492e-4,0,1672067,0.01,-0.006353119500000015,-0.09908273310000006,0,-0.2107291666666667,0.2562583333333346,0,0,148,-1
678,-576452401580,2.1581749678864455,2.3948547141080385,-0.15599792019599792,-0.04642170913349723,0.003991877179580591,-3.9673621214932704e-4,0,1672077,0.01,-3.6901950000002077e-4,0.017008806899999954,0,-0.28947916666666673,-0.02374166666666533,0,0,148,-1
679,-576452401579,2.156615999042356,2.3943905623542108,-0.15583151209058516,-0.04641238606196916,0.09412369332083623,0.009073560249849474,0,1672087,0.01,0.01040236049999998,0.10677030689999994,0,-0.28947916666666673,0.30000833333333476,0,0,148,-1
680,-576452401570,2.152297514598937,2.396307923645715,-0.1558820640694907,-0.04529932638313007,0.18025708386367095,0.02703194330416448,0,1672097,0.01,0.029551480499999987,0.19234293689999996,0,-0.3769791666666667,0.002508333333334667,0,1,149,1
681,-576452401559,2.1505944699047923,2.395812101024454,-0.15378935503387978,-0.04488006942932378,0.25225474110818547,0.10690848880108486,0,1672108,0.011,0.11811616049999998,0.26235690689999996,0,-0.3069791666666667,0.21250833333333463,0,0,149,-1
682,-576452401550,2.1490698530710564,2.3953690553732097,-0.15116567463605418,-0.04374866709629388,0.3235623530386855,0.1508476064110105,0,1672118,0.01,0.1570128105,0.3335676969,0,-0.07947916666666671,0.05500833333333466,0,0,149,-1
683,-576452401539,2.1420520562630254,2.3891373978836987,-0.14995389747077714,-0.044633691033226404,0.32603863866095395,0.19771091238453592,0,1672129,0.011,0.2042872005,0.32638677689999995,0,-0.10572916666666671,-0.014991666666665293,0,1,150,2
684,-576452401528,2.140422017177507,2.388657507761971,-0.1464074463247732,-0.04258588283792541,0.3001050776954935,0.1153154302973103,0,1672140,0.011,0.10375432049999998,0.29646627689999994,0,-0.0182291666666667,-0.08499166666666536,0,0,150,-1
685,-576452401517,2.138829823301283,2.3881948078852577,-0.1430877291597041,-0.04149259652997683,0.3121325614963682,0.0017957692798747649,0,1672151,0.011,-0.014132449500000019,0.31382016690000003,0,-0.3682291666666667,-0.06749166666666528,0,0,150,-1
686,-576452401507,2.1374137489131937,2.3877794564965513,-0.1400880333152177,-0.041552617860079535,0.22649949062635238,-0.053105148640816634,0,1672161,0.01,-0.060808429500000025,0.21448410689999994,0,-0.2019791666666667,0.10750833333333465,0,0,150,-1
687,-576452401497,2.136023328343254,2.3873608242501443,-0.13795731074473158,-0.042153632480573994,0.13094865608516726,-0.10289229440637437,0,1672171,0.01,-0.10987804950000002,0.11754168689999996,0,-0.1582291666666667,-0.04124166666666529,0,0,150,-1
688,-576452401486,2.1346501780212295,2.3869339937871437,-0.13666727003088325,-0.04320588210191104,0.11709227001397204,-0.11951401552329932,0,1672181,0.01,-0.1218462495,0.11514804689999995,0,-0.24572916666666672,0.12500833333333472,0,0,150,-1
689,-576452401475,2.129413878267462,2.3894930610192464,-0.13669922012177452,-0.04319857553369831,0.13113015401429073,-0.03129718821070454,0,1672193,0.012,-0.018919729500000024,0.13310034689999994,0,-0.2719791666666667,0.09875833333333461,0,1,151,1
690,-576452401464,2.1279183888451745,2.389016657664105,-0.13521979254548824,-0.04344835600566548,0.15489856372502225,0.02941109424701254,0,1672204,0.011,0.03792922049999998,0.15823356689999996,0,-0.1669791666666667,-0.006241666666665369,0,0,151,-1
691,-576452401422,2.1265739784409803,2.388583784434367,-0.13366440936091625,-0.04313317563769458,0.15939753529470577,0.04422796890450634,0,1672214,0.01,0.04630696049999997,0.16002879689999994,0,-0.2019791666666667,0.13375833333333476,0,0,151,-1
693,-576452401325,2.1239293696405808,2.387728592129206,-0.13097564098809317,-0.04246299599127254,0.16628579282345804,-0.0055800999614889005,0,1672234,0.01,-0.010541989500000019,0.17439063689999995,0,-0.10572916666666671,0.08125833333333476,0,0,151,-1
694,-576452401324,2.12262859029455,2.3873034082742635,-0.1292092940600323,-0.042561719921727505,0.24004006606066322,-0.03617030384965077,0,1672244,0.01,-0.040462489500000025,0.2503887069,0,-0.2107291666666667,0.020008333333334738,0,0,151,-1
695,-576452401324,2.121349222127529,2.386876292932195,-0.12669601876175784,-0.04287495231258811,0.32048503792039995,-0.001625609317304877,0,1672254,0.01,0.0032214404999999792,0.3317724669,0,-0.2282291666666667,-0.049991666666665324,0,0,151,-1
696,-576452401324,2.1199755138213465,2.386405338335607,-0.12308910173577196,-0.04278062796642749,0.3739400891067253,0.07189561878796645,0,1672265,0.011,0.08221156049999999,0.3814404969,0,-0.0707291666666667,0.10750833333333465,0,0,151,-1
697,-576452401323,2.118762579316258,2.38598104978362,-0.11946243300168276,-0.04207340232786831,0.2944541251555594,0.063624562460258,0,1672275,0.01,0.06246403049999998,0.28330125689999996,0,-0.12322916666666671,-0.05874166666666536,0,0,151,-1
698,-576452401323,2.1175818203889754,2.385563222008928,-0.11665107674396671,-0.04147987570163907,0.19965967584076827,0.03321930576188539,0,1672285,0.01,0.028953070499999983,0.18635883689999996,0,-0.1844791666666667,0.0637583333333347,0,0,151,-1
699,-576452401323,2.116309875003556,2.385108507860237,-0.11458076231809924,-0.041179449550808274,0.11715054327171924,-0.00935549588985475,0,1672296,0.011,-0.015329269500000025,0.10557348689999996,0,-0.2107291666666667,0.16000833333333464,0,0,151,-1
700,-576452401322,2.115169698291851,2.38469611365481,-0.11344375192299275,-0.041293087440052535,0.09282902769910369,-0.023515425461735254,0,1672306,0.01,-0.025502239500000023,0.08941641689999995,0,0.008020833333333297,-0.08499166666666536,0,0,151,-1
701,-576452401322,2.1140400887325677,2.3842821621110373,-0.11248648753742768,-0.04150414661149116,0.1134513051655731,-0.006365786858711666,0,1672316,0.01,-0.003959479500000021,0.11634486689999995,0,-0.2807291666666667,-0.05874166666666536,0,0,151,-1
702,-576452401322,2.1129204802984263,2.383867104526194,-0.11141690313268804,-0.04152065620713032,0.06718453899952234,0.027231064811946325,0,1672326,0.01,0.03194512049999998,0.06069273689999995,0,-0.24572916666666672,0.011258333333334702,0,0,151,-1
703,-576452401322,2.1118091949364692,2.3834528722637636,-0.11081931671794817,-0.041308815745324405,0.014261584866113272,-0.015864882657104246,0,1672336,0.01,-0.021911779500000023,0.00683583689999994,0,-0.4207291666666667,0.028758333333334773,0,0,151,-1
704,-576452401321,2.11070155732747,2.383038778196423,-0.11070130099725285,-0.041500676668608474,-0.0032707663999412863,-0.039534928059479196,0,1672346,0.01,-0.04285612950000002,-0.005730773100000052,0,-0.14947916666666672,0.05500833333333466,0,0,151,-1
705,-576452401223,2.1027418397181448,2.388312487960544,-0.1135507928296472,-0.03949795862731473,-0.034816321022017115,-0.03142649412961259,0,1672357,0.011,-0.03028951950000001,-0.03924173310000006,0,-0.2282291666666667,-0.05874166666666536,0,1,153,1
706,-576452401222,2.1014903108329657,2.387875835716395,-0.1139858577755277,-0.0398825559173399,-0.06860950022063517,-0.05666828293334612,0,1672368,0.011,-0.0602100195,-0.07335110310000005,0,-0.3507291666666667,-0.02374166666666533,0,0,153,-1
707,-576452401222,2.1003473463760614,2.3874740349158774,-0.11462270956948584,-0.04047079013866456,-0.03393414608318366,-0.07184409458489822,0,1672378,0.01,-0.07397344950000001,-0.02906876310000006,0,-0.10572916666666671,-0.02374166666666533,0,0,153,-1
708,-576452401222,2.0992003305672116,2.3870660790720835,-0.11482110652755052,-0.041135810724833834,0.06636679829110334,-0.0338283682082667,0,1672388,0.01,-0.02849428950000002,0.08044026689999996,0,-0.10572916666666671,-0.014991666666665293,0,0,153,-1
709,-576452401222,2.098054977684198,2.386653496465939,-0.11422923032366497,-0.041401248117950304,0.01521051850629588,0.018079317331071217,0,1672398,0.01,0.025362610499999983,0.008032656899999945,0,-0.009479166666666705,-0.08499166666666536,0,0,153,-1
710,-576452401221,2.096912931922136,2.3862399549145126,-0.11415738290171847,-0.04128807264825422,-0.041987517968819756,-0.030110411805338043,0,1672408,0.01,-0.03687202950000003,-0.05001311310000006,0,-0.26322916666666674,-0.06749166666666528,0,0,153,-1
711,-576452401221,2.095768856008095,2.3858250391844784,-0.11464014912967233,-0.04167186608084111,-0.08680954574555719,-0.08904253101707324,0,1672418,0.01,-0.09731143950000001,-0.09309863310000006,0,-0.23697916666666669,-0.032491666666665364,0,0,153,-1
712,-576452401221,2.0946180031957815,2.3854037938175368,-0.11552555540801188,-0.042573938723202115,-0.0991468816032695,-0.09734352667916887,0,1672428,0.01,-0.09850825950000001,-0.10087796310000005,0,-0.3419791666666667,0.22125833333333467,0,0,153,-1
713,-576452401220,2.0934575692074384,2.38497307435158,-0.11655155269232889,-0.04356500637207313,-0.12375515641677613,-0.10991004136625009,0,1672438,0.01,-0.11167327950000004,-0.12720800310000008,0,-0.26322916666666674,0.05500833333333466,0,0,153,-1
714,-576452401220,2.0922855086822985,2.384532042192998,-0.1178448958291555,-0.04464639555673824,-0.16351754586297895,-0.09728733239058211,0,1672448,0.01,-0.09551620950000002,-0.16909670310000008,0,-0.23697916666666669,-0.11124166666666535,0,0,153,-1
715,-576452401209,2.0871249082095926,2.387295615768181,-0.12136178887409856,-0.044330740884391664,-0.2450281133074974,-0.09783286169778267,0,1672459,0.011,-0.09790984949999999,-0.2564645631000001,0,-0.1407291666666667,0.12500833333333472,0,1,155,1
716,-576452401199,2.0857749541848842,2.38680160097952,-0.12407821911863762,-0.04547252212231406,-0.25873077888159035,-0.1404073323352399,0,1672470,0.011,-0.14638105950000005,-0.2606534331000001,0,-0.3157291666666667,0.0637583333333347,0,0,155,-1
717,-576452401189,2.0845197305858503,2.3863400407789204,-0.1268937315211098,-0.04684826371216028,-0.4194243575912601,-0.12045670094550592,0,1672480,0.01,-0.11765737950000003,-0.4419716631000001,0,-0.21947916666666673,-0.04124166666666529,0,0,155,-1
718,-576452401179,2.0830978525980224,2.3858167027544894,-0.1316049855289742,-0.048277805471210945,-0.4832785645547478,-0.18884675522421895,0,1672491,0.011,-0.1984427295,-0.4922381031000001,0,0.008020833333333297,0.12500833333333472,0,0,155,-1
719,-576452401168,2.0817576976894783,2.3853246486082216,-0.13642881761085218,-0.0501409897831612,-0.4769666702835966,-0.17102310856298206,0,1672501,0.01,-0.1685222295,-0.47608103310000005,0,-0.03572916666666671,0.0637583333333347,0,0,155,-1
720,-576452401157,2.0803699906797752,2.3848159320888453,-0.14113177143488986,-0.05165791038555188,-0.4294848345548772,-0.033437429589179724,0,1672511,0.01,-0.014132449500000019,-0.42282254310000006,0,-0.0182291666666667,0.29125833333333473,0,0,155,-1
723,-576452401018,2.078567738206255,2.386275475041069,-0.1488722377760083,-0.04992095768740503,-0.11415292842656505,-0.006865668394657652,0,1672542,0.01,-0.013534039500000017,-0.10865729310000004,0,-0.3332291666666667,0.1512583333333346,0,0,156,-1
724,-576452401018,2.07707352275125,2.3857748490446666,-0.1499804527918744,-0.05015635115469326,-0.09044153603656854,-0.12554061947614126,0,1672552,0.01,-0.14219218950000004,-0.08711453310000007,0,-0.12322916666666671,-0.1549916666666653,0,0,156,-1
725,-576452401017,2.0754187521362977,2.385214338431543,-0.15090437152336733,-0.05171178132563424,-0.04396740155103644,-0.23985093243051805,0,1672563,0.011,-0.2558900895000001,-0.03744650310000005,0,-0.5519791666666667,-0.049991666666665324,0,0,156,-1
726,-576452401017,2.073907954501643,2.3846851165734417,-0.15127639196830212,-0.0541272626153754,0.0037332963616277665,-0.2518174047633267,0,1672573,0.01,-0.25349644950000005,0.01042629689999994,0,-0.21947916666666673,0.0637583333333347,0,0,156,-1
727,-576452401016,2.072395363884513,2.384132298140837,-0.15124113478971032,-0.05648308593763483,0.002255859628896794,-0.13626452423714658,0,1672583,0.01,-0.12005101950000002,0.002048556899999951,0,-0.3332291666666667,0.07250833333333473,0,0,156,-1
728,-576452401016,2.070882841861366,2.383560678099648,-0.15125344438017133,-0.05784197948628549,-0.02259046506156827,-0.13359114747331255,0,1672593,0.01,-0.13321603950000002,-0.026076713100000048,0,-0.03572916666666671,0.08125833333333476,0,0,156,-1
729,-576452401016,2.0693690183862046,2.382975775041613,-0.15150425644269905,-0.059147239349334385,-0.04034150207297307,-0.11174632893530073,0,1672603,0.01,-0.10868122950000005,-0.04283219310000004,0,-0.2719791666666667,0.13375833333333476,0,0,156,-1
730,-576452401015,2.067850774539459,2.3823792015430194,-0.1520926095823107,-0.06018877081646996,-0.1721456970440726,-0.05763021290393393,0,1672613,0.01,-0.05003704950000001,-0.19063946310000007,0,-0.1844791666666667,0.07250833333333473,0,0,156,-1
731,-576452401015,2.06632033164841,2.381774421427794,-0.15395610776580085,-0.06076677467440771,-0.27337776612649733,-0.05884302666204959,0,1672623,0.01,-0.059013199499999995,-0.28758188310000005,0,-0.28947916666666673,0.24750833333333477,0,0,156,-1
732,-576452401015,2.0646096240271765,2.381101981187412,-0.15705835921566114,-0.061479148634449615,-0.33568794138553554,-0.10149921616341114,0,1672634,0.011,-0.10748440950000004,-0.34443083310000006,0,-0.07947916666666671,0.21250833333333463,0,0,156,-1
733,-576452401015,2.063022253054772,2.3804820022882747,-0.16041569278738327,-0.06251126043788835,-0.3360081621486014,-0.11357005135733485,0,1672644,0.01,-0.11526373950000003,-0.3360530931000001,0,-0.3507291666666667,0.03750833333333459,0,0,156,-1
734,-576452401014,2.0614016513115585,2.379851093336951,-0.1637205318691685,-0.06366526847414984,-0.2966892718909477,-0.1266004348147813,0,1672654,0.01,-0.12842875950000002,-0.29117234310000006,0,-0.1582291666666667,0.13375833333333476,0,0,156,-1
735,-576452401002,2.060524448578925,2.3802033686924995,-0.1663457836659438,-0.06462563764133858,-0.1417648095542229,-0.14709566482329464,0,1672665,0.011,-0.14997151950000004,-0.12002708310000007,0,-0.24572916666666672,0.09875833333333461,0,1,158,2
736,-576452400942,2.058687287491701,2.379483914805938,-0.1677294154865796,-0.06619500721299147,-0.02771717335716052,-0.11550713296738303,0,1672676,0.011,-0.11107486950000002,-0.011714873100000064,0,-0.4207291666666667,0.0637583333333347,0,0,158,-1
737,-576452400941,2.0570096033328187,2.378816833947564,-0.1678554944749017,-0.06725214823891489,0.07867687947521525,-0.04654787072480805,0,1672686,0.01,-0.03687202950000003,0.09360528689999995,0,-0.3857291666666667,0.16875833333333468,0,0,158,-1
738,-576452400941,2.055168653609737,2.3780743278136223,-0.1668882377318483,-0.06775200914889688,0.14529566380399736,-0.03858739337158439,0,1672697,0.011,-0.03747043950000003,0.15464310689999997,0,-0.3594791666666667,0.0637583333333347,0,0,158,-1
739,-576452400941,2.053507572562335,2.377395592313198,-0.16535367872332773,-0.06802929883981293,0.20282198880944205,0.037960044027234345,0,1672707,0.01,0.04870060049999998,0.21089364689999993,0,-0.2107291666666667,0.2300083333333347,0,0,158,-1
740,-576452400941,2.051864630145838,2.376717614806429,-0.16325505306282237,-0.06758485204737028,0.25293218396366235,0.08411340987411378,0,1672717,0.01,0.0905893005,0.2599632669,0,-0.3682291666666667,0.32625833333333465,0,0,158,-1
741,-576452400940,2.0502452253592427,2.376045871996016,-0.16064785192416003,-0.06675931461283784,0.30842717079245097,0.07299958781076066,0,1672727,0.01,0.07144018049999998,0.31621380689999995,0,-0.21947916666666673,0.011258333333334702,0,0,158,-1
742,-576452400932,2.042700114302241,2.3803445906036957,-0.16009748733694598,-0.06398974612129679,0.2837685259693705,0.009184028308454995,0,1672737,0.01,2.293904999999821e-4,0.28030920689999994,0,-0.14947916666666672,-0.02374166666666533,0,1,159,1
743,-576452400921,2.040954793897303,2.37964079154462,-0.15718408900194902,-0.06395597179982018,0.14744144943103402,-0.03487839420169169,0,1672748,0.011,-0.04106089950000003,0.12831306689999994,0,-0.4207291666666667,0.1512583333333346,0,0,159,-1
744,-576452400911,2.039389460567314,2.3789991386413463,-0.1558413848311106,-0.06435784614499299,0.0545740647335982,-0.07231156989067186,0,1672758,0.01,-0.07756390950000003,0.04154361689999995,0,-0.4207291666666667,-0.05874166666666536,0,0,159,-1
745,-576452400900,2.0376763739863635,2.378286304556483,-0.15555121641255967,-0.06522927318815314,-0.1483967115329804,-0.12204846517341272,0,1672769,0.011,-0.1290271695,-0.17687603310000005,0,-0.23697916666666669,0.05500833333333466,0,0,159,-1
746,-576452400889,2.0359555183695637,2.377562392881314,-0.15729974097711358,-0.06642996391843252,-0.22375034250101766,-0.03003511559595172,0,1672780,0.011,-0.017124499500000032,-0.23432339310000003,0,-0.0707291666666667,0.011258333333334702,0,0,159,-1
747,-576452400879,2.034184333924047,2.376682658888998,-0.15952814113414648,-0.06672393868174727,-0.16112794266562055,0.04006191372653586,0,1672790,0.01,0.049897420499999984,-0.1523412231000001,0,-0.4469791666666667,-0.08499166666666536,0,1,160,2
748,-576452400870,2.032582010136281,2.3760177544642818,-0.16098037422447167,-0.06626990851660663,-0.04794218157235672,0.07807471256197437,0,1672800,0.01,0.08340838049999999,-0.03206081310000006,0,-0.1582291666666667,0.19500833333333478,0,0,160,-1
749,-576452400859,2.0309702078884175,2.375359052572683,-0.16139753619322153,-0.0654744963892156,-0.003577893839449474,0.08852463636347757,0,1672810,0.01,0.08999089049999999,0.0026469668999999536,0,-0.1582291666666667,-0.032491666666665364,0,0,160,-1
751,-576452400814,2.027736849640065,2.374056026136749,-0.1622018751059206,-0.06545962372966095,-0.08600347184914703,-0.1620412944795278,0,1672830,0.01,-0.17749837950000008,-0.08890976310000007,0,-0.0707291666666667,0.0637583333333347,0,0,160,-1
752,-576452400813,2.026110295652207,2.3733926214148204,-0.16309862069515554,-0.06719036087449297,-0.11216712720327798,-0.2406688031811756,0,1672840,0.01,-0.2517012195,-0.11583821310000007,0,-0.1932291666666667,-0.05874166666666536,0,0,160,-1
753,-576452400813,2.0244744972547983,2.372708262691967,-0.16409595179601796,-0.06966290326883613,-0.02355047969578125,-0.2876028935273429,0,1672850,0.01,-0.29418832949999996,-0.011116463100000062,0,-0.23697916666666669,0.011258333333334702,0,0,160,-1
754,-576452400807,2.022833622733915,2.3719982954617906,-0.16413428393264842,-0.07237620739149164,0.11697354096669627,-0.1716296906806861,0,1672860,0.01,-0.15535720950000004,0.13669080689999996,0,-0.1582291666666667,0.05500833333333466,0,0,160,-1
755,-576452400797,2.0174750477349535,2.3741326160458227,-0.16405913467281116,-0.07279487796604285,0.30691598461245884,-0.0366604063753356,0,1672871,0.011,-0.017722909500000036,0.3335676969,0,-0.3857291666666667,0.12500833333333472,0,1,161,1
756,-576452400787,2.0156897244900724,2.373330811954964,-0.16057504663425037,-0.07303261593942831,0.37699344814236996,0.07073334320190848,0,1672882,0.011,0.08580202049999998,0.3868261869,0,-0.12322916666666671,0.03750833333333459,0,0,161,-1
757,-576452400776,2.0141024615769028,2.3726035264068783,-0.15685993921670885,-0.07240041777277449,0.33838634334748163,0.017825928141165008,0,1672892,0.01,0.01040236049999998,0.3329692869,0,-0.2807291666666667,0.03750833333333459,0,0,161,-1
758,-576452400766,2.0123960389863544,2.3718071876574505,-0.15334625094350435,-0.07235142343891268,0.2019167555334358,-0.07842109623210716,0,1672903,0.011,-0.0919257495,0.18276837689999995,0,-0.1932291666666667,0.09875833333333461,0,0,161,-1
759,-576452400756,2.0093561826541357,2.3693257858314807,-0.1521434054225156,-0.07394968835363297,0.08016894836372591,-0.11755262264370586,0,1672913,0.01,-0.12304306950000002,0.06308637689999995,0,-0.3857291666666667,0.0637583333333347,0,1,162,2
760,-576452400745,2.0076862939339883,2.3685032438927838,-0.1514335813804464,-0.07553478614819849,-0.03242022350725139,-0.3086634027407681,0,1672924,0.011,-0.3354786195,-0.04821788310000007,0,-0.3244791666666667,0.18625833333333475,0,0,162,-1
761,-576452400735,2.006170980802508,2.3677322969523793,-0.1516598208765581,-0.078646588950832,0.03664078009800248,-0.3264065285174873,0,1672934,0.01,-0.32889610950000003,0.04633089689999995,0,-0.1932291666666667,0.12500833333333472,0,0,162,-1
762,-576452400725,2.0046558594434525,2.3669305399168845,-0.151348569763308,-0.08175077397337392,-0.0026161746329234417,-0.21261400436736932,0,1672944,0.01,-0.19664749950000002,-0.008124413100000064,0,-0.0532291666666667,0.13375833333333476,0,0,162,-1
763,-576452400715,2.003141109201166,2.3661021073597737,-0.15155163027302238,-0.0839228084195867,-0.12867018007401174,-0.2453173094933566,0,1672954,0.01,-0.24990598950000006,-0.14635712310000004,0,-0.0532291666666667,-0.06749166666666528,0,0,162,-1
764,-576452400704,2.001617360131359,2.3652504263557037,-0.15311928845748374,-0.0864051908433399,-0.328902378085555,-0.26613423607626596,0,1672964,0.01,-0.2690551095,-0.35699744310000003,0,-0.14947916666666672,0.16000833333333464,0,0,162,-1
765,-576452400694,1.9999122284086008,2.364284082645109,-0.15687172571897862,-0.089301337002333,-0.41703846511030795,-0.24560550545047743,0,1672975,0.011,-0.24272506950000003,-0.4294050531000001,0,0.0692708333333333,0.22125833333333467,0,0,162,-1
766,-576452400680,1.9942494506033757,2.366480745599725,-0.1632003058399011,-0.09071252879314208,-0.4719651093788791,-0.3018541691869419,0,1672986,0.011,-0.3097469895,-0.47967149310000007,0,-0.3244791666666667,0.2562583333333346,0,1,163,1
767,-576452400672,1.9925941494182628,2.3655588076995455,-0.1678744060623018,-0.09368873229865222,-0.4398897276525261,-0.2720413924609347,0,1672996,0.01,-0.26785828950000007,-0.4353891531000001,0,-0.28947916666666673,-0.049991666666665324,0,0,163,-1
768,-576452400663,1.9908930337615678,2.3646083130954803,-0.17233191305988774,-0.09640989093283732,-0.4815985562657802,-0.2725712271154435,0,1673006,0.01,-0.2726455695,-0.4874508231000001,0,-0.28947916666666673,0.09000833333333458,0,0,163,-1
769,-576452400653,1.9891460178847113,2.3636294522760486,-0.17708808298773207,-0.09931244567979879,-0.4389759888414671,-0.39858295810479694,0,1673016,0.01,-0.4162639695,-0.4329955131000001,0,-0.2282291666666667,0.12500833333333472,0,0,163,-1
770,-576452400641,1.9873534947401084,2.3626164243924532,-0.1814299849600291,-0.10329425971640467,-0.40486864691337204,-0.39572116467270896,0,1673026,0.01,-0.39531961950000005,-0.4000829631000001,0,-0.4469791666666667,0.07250833333333473,0,0,163,-1
771,-576452400631,1.9855194370824307,2.3615639959417214,-0.18540283143414402,-0.10720458849961166,-0.3508179915578468,-0.36230806280749017,0,1673036,0.01,-0.35761978950000006,-0.3432340131000001,0,-0.4119791666666667,-0.07624166666666532,0,0,163,-1
772,-576452400622,1.981822625509888,2.358447801746676,-0.18983000102513778,-0.11177352255196715,-0.2675498985158901,-0.20233804293209728,0,1673047,0.011,-0.17989201950000003,-0.25586615310000005,0,-0.3069791666666667,-0.02374166666666533,0,1,164,2
773,-576452400612,1.9799121579590766,2.357321619733906,-0.19231756309426995,-0.11353827341737871,-0.13503071143252093,-0.019973000596587992,0,1673057,0.01,0.005615080499999991,-0.11643662310000005,0,-0.3594791666666667,0.1775083333333347,0,0,164,-1
774,-576452400601,1.977983391632472,2.3561862501930455,-0.1934871779126362,-0.1135803980892092,-0.006422248278976889,0.09220344195822916,0,1673067,0.01,0.1079431905,0.011623116899999963,0,-0.5694791666666668,0.07250833333333473,0,0,164,-1
775,-576452400591,1.9760477653017932,2.355055048433729,-0.19361903905270963,-0.11265961367853781,-0.05462014008182574,0.09131269356587644,0,1673077,0.01,0.09118771049999998,-0.061382903100000066,0,-0.24572916666666672,0.2562583333333346,0,0,164,-1
776,-576452400580,1.9739152255448797,2.3538206743081838,-0.1941360057786652,-0.11174904837019933,3.2339616077378674e-4,0.02980415291906626,0,1673088,0.011,0.021173740499999982,0.008032656899999945,0,-0.1319791666666667,0.13375833333333476,0,0,164,-1
777,-576452400571,1.971974057087447,2.3527040266286483,-0.19410606506745867,-0.11154956539586117,0.01915392917271634,-0.039688023759091175,0,1673098,0.01,-0.04943863950000002,0.021796086899999942,0,-0.4032291666666667,0.028758333333334773,0,0,164,-1
778,-576452400560,1.9700343452767448,2.3515856908965596,-0.19385376051999434,-0.11207937755196459,0.06240360066659322,-0.13430231848609292,0,1673108,0.01,-0.14757787950000004,0.06847206689999995,0,-0.23697916666666669,0.10750833333333465,0,0,164,-1
781,-576452400522,1.959742520787604,2.3512494645467967,-0.1933159685190216,-0.11457773381578239,0.1260973368497965,-0.041654456894949475,0,1673140,0.01,-0.03387997950000003,0.13310034689999994,0,-0.3157291666666667,-0.02374166666666533,0,0,165,-1
782,-576452400517,1.957816462652153,2.3501018135794056,-0.19193132689006273,-0.11496183759270971,0.21410389361497656,-0.018568514089439908,0,1673150,0.01,-0.015329269500000025,0.22645230689999998,0,-0.1844791666666667,-0.10249166666666532,0,0,165,-1
783,-576452400506,1.9557184437839854,2.348834717957795,-0.18953642438844295,-0.11536922329272714,0.24015140714422512,-0.15164515365845938,0,1673161,0.011,-0.17031745950000005,0.24380619689999997,0,-0.3157291666666667,0.09000833333333458,0,0,165,-1
784,-576452400497,1.9538351023024074,2.347672034234296,-0.18713259743695013,-0.11710018151551121,0.24178215299690162,-0.3028876309397267,0,1673171,0.01,-0.32410882950000003,0.24201096689999996,0,-0.23697916666666669,-0.1549916666666653,0,0,165,-1
785,-576452400486,1.9583814920915716,2.3540834189438775,-0.18196301925167122,-0.1170381428025403,0.2614001714383888,-0.43852219421465366,0,1673181,0.01,-0.4575542595,0.26415213689999995,0,-0.5257291666666667,-0.07624166666666532,0,1,166,2
786,-576452400477,1.9563969310001947,2.35276911343072,-0.17890931297092347,-0.12191299778857657,0.37821495192134025,-0.4720052857695806,0,1673192,0.011,-0.4767033795000001,0.39460551689999995,0,-0.2807291666666667,0.002508333333334667,0,0,166,-1
787,-576452400467,1.9546272774744236,2.3515271453565343,-0.1750464904129535,-0.12651683137060887,0.4350956572685093,-0.3900618250793597,0,1673202,0.01,-0.3785641395,0.44307672690000005,0,-0.3682291666666667,-0.04124166666666529,0,0,166,-1
789,-576452400447,1.9512220017123378,2.348925645869863,-0.16499722236356296,-0.13324928780583464,0.559897217736395,-0.23516138976622547,0,1673222,0.01,-0.22537117949999996,0.5609634968999999,0,-0.3682291666666667,-0.07624166666666532,0,0,166,-1
790,-576452400437,1.949598990612074,2.347581920050409,-0.15955966982087208,-0.13551890232987657,0.44485652528671976,-0.17672200168390487,0,1673232,0.01,-0.1685222295,0.4287148869,0,-0.3507291666666667,-0.3999916666666653,0,0,166,-1
791,-576452400427,1.9480250522131783,2.3462167619467156,-0.1552023904353261,-0.1374630604073311,0.37979768102438505,-0.3028246072698873,0,1673242,0.01,-0.3205183695,0.3706691169,0,-0.0969791666666667,-0.24249166666666533,0,0,166,-1
792,-576452400404,1.9392211609798002,2.3506294580283433,-0.1545809444958595,-0.13812970853214682,0.33925545717883343,-0.4211969394239648,0,1673252,0.01,-0.43780672950000005,0.3335676969,0,-0.1932291666666667,-0.06749166666666528,0,1,167,1
793,-576452400403,1.9375402698173791,2.3490836873123513,-0.15099930603543343,-0.1428884220418947,0.2408572130288072,-0.5034592020485639,0,1673263,0.011,-0.5150016195,0.22705071689999995,0,-7.291666666666974e-4,0.09875833333333461,0,0,167,-1
794,-576452400391,1.9360421335539226,2.3476294771170925,-0.1486190698205633,-0.14794630125687094,0.2208779111686916,-0.5198786824134041,0,1673273,0.01,-0.5221825395,0.21807456689999996,0,-0.4207291666666667,-0.02374166666666533,0,0,167,-1
795,-576452400385,1.9345681698843666,2.346124443366913,-0.14622646922550764,-0.15307935724548613,0.3517129285067958,-0.47309477319466686,0,1673283,0.01,-0.4665304095000001,0.37007070689999993,0,-0.2807291666666667,0.14250833333333457,0,0,167,-1
796,-576452400375,1.9331246079175832,2.3445712692697955,-0.14253503921119978,-0.1576114863610899,0.47591594115860647,-0.3314208333770677,0,1673293,0.01,-0.31154221950000005,0.4933431668999999,0,-0.3857291666666667,-0.05874166666666536,0,0,167,-1
797,-576452400365,1.9317237895288097,2.342979536941663,-0.1376609201364114,-0.16077679221964536,0.5578455016861571,-0.2253008776899846,0,1673303,0.01,-0.21041092949999998,0.5693412368999999,0,-0.24572916666666672,-0.049991666666665324,0,0,167,-1
798,-576452400356,1.9303764031993347,2.341361154079445,-0.13187466523416425,-0.16292827403321972,0.7059431297550254,-0.1529432707114257,0,1673313,0.01,-0.14279059950000006,0.7267230668999999,0,-0.26322916666666674,-0.16374166666666534,0,0,167,-1
799,-576452400344,1.9303674216092062,2.341239351467758,-0.12350830812695672,-0.16376065253293456,0.708947764962941,-0.0716204075717573,0,1673324,0.011,-0.0602100195,0.7093691769,0,-0.4207291666666667,0.04625833333333462,0,1,168,2
800,-576452400333,1.9290506874998878,2.339433165144314,-0.11585894528026795,-0.16461959536508436,0.6122335349269676,-0.11776520160576082,0,1673335,0.011,-0.12423988950000002,0.5986633269,0,-0.14947916666666672,0.05500833333333466,0,0,168,-1
801,-576452400302,1.9279216893226743,2.3377804292177293,-0.1098913807947627,-0.16589623064607806,0.5032493167080643,-0.18746601888996214,0,1673345,0.01,-0.1972459095,0.48795747689999996,0,-0.2019791666666667,-0.032491666666665364,0,0,168,-1
802,-576452400301,1.926847583801234,2.3361120967773514,-0.10491386572868998,-0.16777040642029267,0.46412501280755003,-0.18712130687790518,0,1673355,0.01,-0.18707293950000006,0.4586353869,0,-0.0707291666666667,0.12500833333333472,0,0,168,-1
803,-576452400301,1.925821069923264,2.3344263776678926,-0.10036332844007853,-0.16943240454748115,0.39948626611601723,-0.03804215642906639,0,1673365,0.01,-0.017124499500000032,0.3904166469,0,-0.2719791666666667,0.0637583333333347,0,0,168,-1
804,-576452400285,1.9248366274122424,2.3327309765477997,-0.09649081394368147,-0.16968399870872136,0.3122912771413101,0.05377045101879918,0,1673375,0.01,0.06665290049999997,0.30005673689999995,0,-0.2719791666666667,0.011258333333334702,0,0,168,-1
805,-576452400281,1.9238855825006183,2.3310373556438373,-0.0936414072172403,-0.1690634366385678,0.11736535542623586,0.11282247753285946,0,1673385,0.01,0.12110821049999998,0.09001482689999994,0,-0.1932291666666667,0.05500833333333466,0,0,168,-1
806,-576452400273,1.9212549795410112,2.3304498479776248,-0.09329295981065718,-0.16722996972787063,-0.045685915483823544,0.13793125111599858,0,1673396,0.011,0.1414541505,-0.06856382310000003,0,-0.17572916666666671,0.12500833333333472,0,1,169,1
807,-576452400260,1.9203190537564756,2.3287839285934457,-0.09385865359738448,-0.16592889096037589,-0.12242469846478317,0.08277039405056766,0,1673406,0.01,0.07503064049999998,-0.13319210310000007,0,-0.2107291666666667,-0.049991666666665324,0,0,169,-1
810,-576452400220,1.9173692811987078,2.323638489616085,-0.09538821818765071,-0.16714045970467686,0.24055006709833326,-0.024990027934287104,0,1673437,0.01,-0.012935629500000012,0.27252987689999997,0,-0.0707291666666667,0.020008333333334738,0,0,169,-1
811,-576452400219,1.9163358343864323,2.3217996409653074,-0.09255677782240301,-0.16723900973803305,0.3620051937091839,0.09053655556274975,0,1673448,0.011,0.10674637049999998,0.3790468568999999,0,-0.0532291666666667,0.028758333333334773,0,0,169,-1
812,-576452400210,1.9154280024845747,2.320132765831211,-0.0889921915487224,-0.1661832323728731,0.3228978702418186,0.1965878117090874,0,1673458,0.01,0.2114681205,0.31741062689999994,0,-0.1669791666666667,0.020008333333334738,0,0,169,-1
813,-576452400197,1.9153247508063616,2.3193470417700923,-0.08519507954664587,-0.16361689108644842,0.24356754646870749,0.1687046337498194,0,1673469,0.011,0.16479214050000002,0.23243640689999998,0,-0.2719791666666667,-0.04124166666666529,0,1,170,2
814,-576452400188,1.9144005984611847,2.3175578487127613,-0.08276548117294914,-0.16170737075067312,0.08162066618972735,0.20358230053851734,0,1673480,0.011,0.2084760705,0.05889750689999995,0,-0.0882291666666667,0.07250833333333473,0,0,170,-1
815,-576452400178,1.9134944095820838,2.3157920293156766,-0.0819680515748152,-0.15937630966581934,0.01656268931861951,0.26297551467114666,0,1673491,0.011,0.2713091205,0.007434246899999943,0,-0.1582291666666667,-0.014991666666665293,0,0,170,-1
816,-576452400168,1.912675122483086,2.314211316174365,-0.08186820716739784,-0.15676151692024085,-0.029751260541939974,0.25244126640634745,0,1673501,0.01,0.2509631805,-0.03624968310000006,0,-0.2719791666666667,-0.07624166666666532,0,0,170,-1
817,-576452400158,1.905737838926909,2.317437841045614,-0.08485580655593954,-0.1521502001626364,-0.05329312667277924,0.240125245445761,0,1673511,0.01,0.23839657050000002,-0.05659562310000004,0,-0.4469791666666667,-0.11999166666666539,0,1,171,1
818,-576452400147,1.9048010918424814,2.3157782957733004,-0.08545766701093588,-0.14957041259761145,-0.06353614094153962,0.19977576403372832,0,1673522,0.011,0.19411423049999998,-0.06497336310000004,0,-0.2982291666666667,-0.24249166666666533,0,0,171,-1
819,-576452400134,1.9039433752199693,2.314292285030703,-0.08608737323644088,-0.1476176553424164,-0.059548744376471,0.1680472282567007,0,1673532,0.01,0.1635953205,-0.05898926310000005,0,-0.3244791666666667,0.0637583333333347,0,0,171,-1
820,-576452400127,1.903079030160244,2.312824038874555,-0.08675958860767533,-0.1460105005891743,-0.11415971539361087,0.11586361040102341,0,1673542,0.01,0.10854160049999997,-0.12182231310000007,0,-0.3419791666666667,0.028758333333334773,0,0,171,-1
821,-576452400117,1.9022055289767483,2.311369603218778,-0.08793197292627383,-0.14487118577503016,-0.1360979905412831,0.10209567314617345,0,1673552,0.01,0.10016386049999998,-0.13917620310000006,0,-0.24572916666666672,-0.1812416666666653,0,0,171,-1
822,-576452400107,1.901319597007413,2.3099263062958086,-0.08926286881239859,-0.1438017985039406,-0.11465768441796131,0.13661119409842715,0,1673562,0.01,0.1414541505,-0.11164934310000003,0,-0.2719791666666667,0.002508333333334667,0,0,171,-1
823,-576452400095,1.9004207593574853,2.3084946525329846,-0.09048379488816573,-0.1425085146731767,-0.16764589837049265,0.08470707346792902,0,1673572,0.01,0.07742428049999998,-0.17508080310000007,0,-0.1582291666666667,0.03750833333333459,0,0,171,-1
824,-576452400086,1.9010205736219596,2.308905730910648,-0.09154958185934939,-0.1410202078362019,-0.19515689647259804,-0.025585294535821965,0,1673582,0.01,-0.04106089950000003,-0.19901720310000007,0,-0.3594791666666667,0.2562583333333346,0,1,172,2
825,-576452400077,1.9000955747363273,2.3074943651726043,-0.0934609858702187,-0.14125755165473644,-0.16653079129923792,-0.012393028344072965,0,1673592,0.01,-0.010541989500000019,-0.16251419310000007,0,-0.3069791666666667,-0.1287416666666653,0,0,172,-1
826,-576452400066,1.8990580959415166,2.3059395467662016,-0.0951953454263134,-0.14142823910026667,-0.10265904292334342,-0.034909507706493634,0,1673603,0.011,-0.03806884950000003,-0.09369704310000004,0,-0.28947916666666673,-0.006241666666665369,0,0,172,-1
827,-576452400056,1.8981011756950195,2.304522882052501,-0.09619664814512192,-0.14187429772433177,-0.08482902599114117,-0.10327725515029189,0,1673613,0.01,-0.11287009950000002,-0.08232725310000008,0,-0.23697916666666669,0.011258333333334702,0,0,172,-1
828,-576452400046,1.897134195034197,2.303098846938403,-0.09716498593741198,-0.14292700004253428,-0.17027288776107455,-0.1174622749860046,0,1673623,0.01,-0.11945260950000003,-0.18226172310000008,0,-0.1844791666666667,-0.09374166666666528,0,0,172,-1
829,-576452400036,1.896153054362968,2.3016634238171423,-0.09902018493659377,-0.14414531333103014,-0.27891987148175423,-0.1485952292315226,0,1673633,0.01,-0.15296356950000004,-0.29416439310000003,0,-0.2107291666666667,-0.08499166666666536,0,0,172,-1
830,-576452400026,1.8951492626628832,2.3002144310500583,-0.10175377142025112,-0.1456484223377797,-0.2392860944214345,-0.16082249254827863,0,1673643,0.01,-0.16253812950000002,-0.23372498310000003,0,-0.10572916666666671,-0.10249166666666532,0,0,172,-1
831,-576452400015,1.8923384123522762,2.299903642219134,-0.10513429733216574,-0.1466977754489264,-0.24910322594169643,-0.06629263055433282,0,1673654,0.011,-0.0530290995,-0.2504804631000001,0,-0.2019791666666667,-0.049991666666665324,0,1,173,1
832,-576452400004,1.8911667533103658,2.2982871731590566,-0.10789165823918503,-0.14725215383651744,-0.2602817651671993,0.0471456415900432,0,1673665,0.011,0.06306244049999998,-0.26185025310000004,0,-0.26322916666666674,-0.032491666666665364,0,0,173,-1
833,-576452399993,1.89007531907273,2.296815178216875,-0.11041892423945057,-0.14705822912255404,-0.20708042244390734,-0.14828219594810899,0,1673675,0.01,-0.17570314950000004,-0.19961561310000006,0,-0.3069791666666667,-0.049991666666665324,0,0,173,-1
834,-576452399984,1.8889612434002419,2.2953356102398654,-0.11241711103200785,-0.14878500836239295,-0.15540329596793243,-0.3218905855699859,0,1673685,0.01,-0.3462499995,-0.14815235310000005,0,-0.2719791666666667,0.04625833333333462,0,0,173,-1
835,-576452399974,1.8878301995666997,2.2938309683810147,-0.1138311299027489,-0.15211269483690476,-0.055634214706440685,-0.3994038022021963,0,1673695,0.01,-0.4102798695,-0.04163537310000005,0,-0.3419791666666667,-0.2337416666666653,0,0,173,-1
836,-576452399963,1.8865755818809857,2.2921331086525933,-0.11431304267868041,-0.15657275286311323,0.02958614208616231,-0.4430521184543473,0,1673706,0.011,-0.4491765195,0.04154361689999995,0,-0.1144791666666667,-0.1812416666666653,0,0,173,-1
839,-576452399923,1.8835202788311947,2.287683730167119,-0.1118309728968186,-0.16715090015551337,0.25609305448966857,-0.26188874394482015,0,1673736,0.01,-0.26007895950000004,0.2755219269,0,-0.2019791666666667,-0.04124166666666529,0,0,174,-1
840,-576452399922,1.8824155634011648,2.285998994736794,-0.10914672895034545,-0.16979038730501134,0.34397618223930737,-0.2765697429470276,0,1673746,0.01,-0.2786296695,0.35630727689999997,0,-0.2019791666666667,-0.1287416666666653,0,0,174,-1
841,-576452399913,1.881340533968242,2.2842876139137647,-0.10582580596856261,-0.1725011857245785,0.2592805117122185,-0.2374435767157002,0,1673756,0.01,-0.2319536895,0.24739665689999996,0,-0.26322916666666674,0.020008333333334738,0,0,174,-1
842,-576452399903,1.8802942552053894,2.2825499716169917,-0.10338678959284384,-0.17499404206718577,0.14967603647381167,-0.321841335417982,0,1673766,0.01,-0.33368338950000004,0.13429716689999996,0,-0.1932291666666667,0.2650083333333346,0,0,174,-1
843,-576452399891,1.8792673350408855,2.280783350773743,-0.1019737493566585,-0.17830434116257338,0.09000909945100755,-0.38732786571191963,0,1673776,0.01,-0.3965164395000001,0.08163708689999996,0,-0.26322916666666674,0.002508333333334667,0,0,174,-1
844,-576452399883,1.8734302777722909,2.2826856844233596,-0.10310910785811817,-0.18044604755028698,0.1508877802557116,-0.32716437355106437,0,1673786,0.01,-0.3187231395000001,0.15943038689999997,0,-0.17572916666666671,-0.09374166666666528,0,1,175,1
845,-576452399871,1.8723051259185373,2.2806809408918247,-0.10146113496401199,-0.18405117800421208,0.14316070198116143,-0.33130691014944075,0,1673797,0.011,-0.33188815950000006,0.14207649689999996,0,-0.28947916666666673,-0.18999166666666534,0,0,175,-1
846,-576452399862,1.8712973059813696,2.2788223686015336,-0.1000852087474086,-0.18759197304054945,0.10390116735800664,-0.49187369477633347,0,1673807,0.01,-0.5144032095000001,0.09839256689999995,0,-0.0444791666666667,-0.08499166666666536,0,0,175,-1
847,-576452399852,1.8703008411846211,2.2769210642530746,-0.09917169040714782,-0.19263358116320908,0.014581250870859375,-0.5793272756084207,0,1673817,0.01,-0.5915980995000001,0.002048556899999951,0,-0.23697916666666669,-0.006241666666665369,0,0,175,-1
848,-576452399842,1.8693102217532627,2.274965877690372,-0.0989683932202974,-0.19840881515031933,0.055543617899894066,-0.5664732315734496,0,1673827,0.01,-0.5646696495,0.06129114689999995,0,-0.1582291666666667,-0.16374166666666534,0,0,175,-1
849,-576452399832,1.8683249352907558,2.27295455524003,-0.09815994633619839,-0.2039034420802124,0.23585952494327436,-0.44524236607112705,0,1673837,0.01,-0.4282321695,0.2611600868999999,0,-0.3332291666666667,0.1512583333333346,0,0,175,-1
850,-576452399822,1.8673560023805396,2.2708944158608473,-0.09566492422294813,-0.20817515159601027,0.3330900642657909,-0.31644856928952647,0,1673847,0.01,-0.2983771995,0.3467327169,0,-0.1669791666666667,0.2037583333333346,0,0,175,-1
851,-576452399811,1.865045626396183,2.267017365541877,-0.09242416347400602,-0.21237345265202426,0.4190474631072983,-0.3368106532238276,0,1673858,0.011,-0.33966748950000003,0.43110852689999996,0,-0.3069791666666667,0.14250833333333457,0,1,176,2
852,-576452399801,1.864142638135447,2.2648757196284706,-0.0881889139711345,-0.21590587168613015,0.45061553431593065,-0.4526678459766192,0,1673868,0.01,-0.46892404950000005,0.45504492690000004,0,-0.14947916666666672,0.2650083333333346,0,0,176,-1
853,-576452399775,1.863282423535378,2.262693866447241,-0.08381591416506842,-0.22045774020252093,0.3558417818199579,-0.4705972073495874,0,1673878,0.01,-0.4731129195,0.34254384689999995,0,-0.3244791666666667,0.08125833333333476,0,0,176,-1
854,-576452399774,1.862460762283941,2.260466131193698,-0.08045944662556737,-0.22510568307340126,0.21193625952346437,-0.4292468573334039,0,1673888,0.01,-0.42344488950000003,0.1917445269,0,-0.17572916666666671,0.0637583333333347,0,0,176,-1
855,-576452399771,1.8616660821082363,2.2581929409983497,-0.07844666392674911,-0.22950293637902447,0.13597879311339578,-0.5039249458936029,0,1673898,0.01,-0.5144032095000001,0.12532101689999994,0,-0.07947916666666671,0.020008333333334738,0,0,176,-1
856,-576452399761,1.8608889103674031,2.255873274053841,-0.07700942161441218,-0.2344549382876767,0.19118002785919483,-0.44174418304543317,0,1673908,0.01,-0.43301944950000004,0.19892544689999994,0,-0.0182291666666667,-0.1287416666666653,0,0,176,-1
857,-576452399751,1.8551869535778105,2.257260145245106,-0.07718758127836073,-0.23698068917769693,0.25884603380413385,-0.2876797537948448,0,1673918,0.01,-0.26606305950000003,0.26834100689999996,0,-0.0969791666666667,0.05500833333333466,0,1,177,1
858,-576452399740,1.85435484532616,2.2546378826623723,-0.07415136828822377,-0.23986315121060428,0.3826236671588198,-0.10289333043630736,0,1673929,0.011,-0.07696549950000002,0.39999120689999995,0,-0.1407291666666667,-0.11124166666666535,0,0,177,-1
859,-576452399730,1.8536321029639045,2.2522357786999225,-0.07038019006323701,-0.2406372996840624,0.34380212199534915,0.07675254263402118,0,1673939,0.01,0.10195909049999997,0.33835497689999994,0,-0.17572916666666671,0.002508333333334667,0,0,177,-1
860,-576452399720,1.852945025865482,2.2498353556560495,-0.06701450035787529,-0.23954158313694182,0.2923200598227411,0.31034271697552684,0,1673949,0.01,0.3431183205,0.28509648689999995,0,-0.28947916666666673,0.10750833333333465,0,0,177,-1
861,-576452399710,1.852289468221602,2.2474563337611038,-0.06409577093397463,-0.2363013451878936,0.28913399182322325,0.4078311869858299,0,1673959,0.01,0.4215100305,0.28868694689999996,0,-0.10572916666666671,0.05500833333333466,0,0,177,-1
862,-576452399700,1.8516627986408989,2.2451114477330094,-0.06123075309127032,-0.2325765817808989,0.2703747513924279,0.1558639361664056,0,1673969,0.01,0.12050980049999999,0.26774259689999996,0,-0.1582291666666667,-0.17249166666666538,0,0,177,-1
863,-576452399688,1.851063941959158,2.2427914991871525,-0.05853760767669758,-0.23132652346647192,0.26281870419604336,-0.06405977109547664,0,1673979,0.01,-0.0949177995,0.26175849689999997,0,-0.2719791666666667,-0.25124166666666536,0,0,177,-1
864,-576452399679,1.8484786108832847,2.237835227795475,-0.05645663082231377,-0.2331613143017944,0.2907514648102112,-0.1115874078607408,0,1673990,0.011,-0.11825578950000003,0.29467104689999996,0,-0.3157291666666667,-0.40874166666666534,0,1,178,2
865,-576452399668,1.8478761905952747,2.235264407834613,-0.05311233227828955,-0.23428617421829487,0.3854999914770857,-0.045016004462959724,0,1674001,0.011,-0.03567520950000004,0.39879438689999996,0,-0.03572916666666671,-0.1812416666666653,0,0,178,-1
866,-576452399658,1.8473647939012086,2.2329211163952842,-0.04918860910299509,-0.2344601385042092,0.4338929531548697,0.1494713486037837,0,1674011,0.01,0.1767603405,0.44068308689999997,0,-0.10572916666666671,-0.3737416666666653,0,0,178,-1
868,-576452399622,1.8464617502365324,2.2282633018977727,-0.04145462837139425,-0.2312376426758679,0.26118945084916884,0.2609336651537374,0,1674031,0.01,0.27549799049999996,0.24679824689999996,0,-0.17572916666666671,-0.014991666666665293,0,0,178,-1
869,-576452399620,1.846059730322011,2.22596443588651,-0.03892597689903046,-0.22855589512637978,0.2018638725772981,0.3125394041783878,0,1674041,0.01,0.31978033049999993,0.19353975689999994,0,-0.3507291666666667,0.10750833333333465,0,0,178,-1
870,-576452399618,1.8456793854377451,2.2236945185233052,-0.03709135461523816,-0.22542821825897677,0.07071658998751756,0.3141663585840252,0,1674051,0.01,0.3143946405,0.052314996899999945,0,-0.17572916666666671,0.19500833333333478,0,0,178,-1
871,-576452399608,1.8453111743736663,2.221453098708601,-0.036514335270637244,-0.22273101583482793,-0.022038212016927808,-0.002598898518306969,0,1674061,0.01,-0.047044999500000004,-0.03505286310000006,0,-0.28947916666666673,-0.1287416666666653,0,0,178,-1
872,-576452399597,1.8382892586441886,2.2242140557547723,-0.039622597290598166,-0.220740596724979,0.02742202161456317,-0.15912559858445707,0,1674071,0.01,-0.18108883950000004,0.03436269689999995,0,0.0430208333333333,0.13375833333333476,0,1,179,1
873,-576452399585,1.8378574659132263,2.2217754303470656,-0.03896728964613845,-0.22261807504623188,0.2591628759478049,-0.24240914346026984,0,1674082,0.011,-0.25409485950000005,0.2916789969,0,-0.3857291666666667,-0.14624166666666538,0,0,179,-1
874,-576452399577,1.8374817832220005,2.2195371469619634,-0.03621836854106411,-0.22503958194513438,0.37006800012161994,-0.2405870867002015,0,1674092,0.01,-0.24033142950000003,0.38562936689999994,0,-0.2982291666666667,-0.38249166666666534,0,0,179,-1
875,-576452399567,1.8371384446644552,2.217275127228353,-0.032464599223441214,-0.2273824668607757,0.40785433470958754,-0.19575682252366206,0,1674102,0.01,-0.18946657950000007,0.4131562269,0,2.0292708333333334,-0.2862416666666653,0,0,179,-1
876,-576452399556,1.836834563603475,2.214992621569279,-0.02832797961203965,-0.2291673295045214,0.4492382495103232,-0.0726904767559034,0,1674112,0.01,-0.05542273950000001,0.45504492690000004,0,-0.2107291666666667,-0.1549916666666653,0,0,179,-1
877,-576452399546,1.8348122571905658,2.2103220077481356,-0.024184131048711754,-0.2308067822615007,0.42494269322593325,-0.0029709208096350154,0,1674123,0.011,0.00681190049999998,0.42153396689999995,0,-0.3244791666666667,0.0637583333333347,0,1,180,2
878,-576452399535,1.8345719932652564,2.2077829437631418,-0.01950223625318836,-0.23084079870945193,0.42982506016164257,-0.003837839971249249,0,1674134,0.011,-0.003959479500000021,0.4305101168999999,0,-0.0532291666666667,0.2300083333333347,0,0,180,-1
879,-576452399525,1.8343981141993737,2.205473886122593,-0.01525679025167444,-0.23094863655181816,0.39264186161114906,-0.05274879487048752,0,1674144,0.01,-0.059611609500000017,0.3874245969,0,0.008020833333333297,0.1512583333333346,0,0,180,-1
880,-576452399514,1.8342529420109193,2.2029284522688486,-0.011097903542739531,-0.23179150218709058,0.28783411574898987,-0.2245967643824187,0,1674155,0.011,-0.24870916950000002,0.27312828689999996,0,-0.2544791666666667,0.05500833333333466,0,0,180,-1
881,-576452399504,1.8341560092540041,2.2005981508258783,-0.008272098866345723,-0.23421336910822022,0.2507980474140038,-0.34859853983743594,0,1674165,0.01,-0.3659975295,0.24560142689999998,0,-0.21947916666666673,0.09000833333333458,0,0,180,-1
882,-576452399489,1.8340851176363087,2.1982381358981384,-0.005874483724723364,-0.2377694556596788,0.1722472672515235,-0.39849192736696837,0,1674175,0.01,-0.40549258950000006,0.16122561689999995,0,-0.009479166666666705,-0.13749166666666535,0,0,180,-1
883,-576452399479,1.829696665085013,2.1983433803555044,-0.00548143551945524,-0.2411005084435541,0.21925703606153046,-0.1726791097959016,0,1674188,0.013,-0.14099536950000002,0.2258538969,0,-0.07947916666666671,-0.11999166666666539,0,1,181,1
884,-576452399469,1.8296471517324666,2.1954412637385694,-0.0027916250287651472,-0.2427173784254287,0.2539049185332947,0.0959787807231536,0,1674200,0.012,0.13367482049999999,0.25876644689999995,0,-0.17572916666666671,0.09875833333333461,0,0,181,-1
885,-576452399459,1.8296320889397764,2.193021090918298,-2.2982649650120325e-4,-0.24143590081624866,0.2697133478649128,0.31953055869995006,0,1674210,0.01,0.3508976505,0.2719314669,0,-0.3157291666666667,0.13375833333333476,0,0,181,-1
886,-576452399450,1.82964323186313,2.190623132287494,0.0024604425653825977,-0.23817528626741505,0.26483642918094624,0.3659299933622189,0,1674220,0.01,0.3724404105,0.26415213689999995,0,-0.12322916666666671,0.09000833333333458,0,0,181,-1
887,-576452399439,1.8296798766865072,2.1882593065963167,0.0049216015275007595,-0.23457353087449795,0.1314676969683223,0.3249341470583088,0,1674230,0.01,0.3191819205,0.11275440689999995,0,-0.12322916666666671,0.4225083333333346,0,0,181,-1
888,-576452399429,1.829736405321914,2.185928466132853,0.006351687383212967,-0.23153524017768315,0.2137151477360707,0.17452642283542447,0,1674240,0.01,0.15342235049999997,0.22525548689999997,0,-0.1407291666666667,0.29125833333333473,0,0,181,-1
889,-576452399417,1.8298103641129553,2.1836212446942977,0.008450759455435329,-0.22988295031307368,0.1865762950920889,0.1082644223852435,0,1674250,0.01,0.09896704049999998,0.18276837689999995,0,-0.17572916666666671,0.22125833333333467,0,0,181,-1
890,-576452399409,1.8278948887825524,2.178848826320548,0.009237256984539657,-0.22982485272104272,0.04731941438983111,0.15993540092006925,0,1674260,0.01,0.1671857805,0.027780186899999948,0,-0.2107291666666667,0.1775083333333347,0,1,182,2
891,-576452399398,1.827998150704582,2.1763297567919415,0.009579453044883234,-0.2281655773429582,-0.06952323742685723,0.09439915939201249,0,1674271,0.011,0.08520361049999998,-0.08591771310000007,0,0.03427083333333329,0.1512583333333346,0,0,182,-1
892,-576452399388,1.8280896803460716,2.1740530884572333,0.008764097559418758,-0.22718092343440577,-0.15422056568720893,0.123069504840558,0,1674281,0.01,0.12709231049999997,-0.16610465310000008,0,-0.2019791666666667,-0.09374166666666528,0,0,182,-1
893,-576452399377,1.828169757992649,2.1717881858777943,0.007244851962818157,-0.22583320149852784,-0.13787870866697527,0.20636345453519428,0,1674291,0.01,0.21805063049999998,-0.13558574310000004,0,-0.12322916666666671,-0.1549916666666653,0,0,182,-1
894,-576452399367,1.8282416631139304,2.1693170080080106,0.005808954462802081,-0.22348988580069834,-0.08496449471067878,0.2543965153212938,0,1674302,0.011,0.2611361505,-0.07753997310000006,0,-0.2807291666666667,0.22125833333333467,0,0,182,-1
895,-576452399356,1.8283016191317596,2.1668737907586553,0.005045343832139136,-0.22072285730404897,0.02597712880982328,0.23406799452416144,0,1674313,0.011,0.2312156505,0.04154361689999995,0,-0.1844791666666667,0.14250833333333457,0,0,182,-1
898,-576452399321,1.8224302898415874,2.1648185885675604,0.003345984350872958,-0.21413094929399004,0.019710433059200155,-0.05229910716944458,0,1674343,0.01,-0.06918616950000003,0.01641039689999995,0,-0.23697916666666669,0.19500833333333478,0,0,183,-1
899,-576452399314,1.822463865043989,2.1626730173472715,0.003407222333514621,-0.21491108641641601,-0.0771186673348316,-0.2355617534226101,0,1674353,0.01,-0.26127577949999997,-0.09070499310000005,0,-0.1407291666666667,0.12500833333333472,0,0,183,-1
900,-576452399306,1.8224948088175446,2.160512331283799,0.0027496483524235525,-0.21723502010874965,0.0038523387792068764,-0.21298089454002114,0,1674363,0.01,-0.2098125195,0.015213576899999946,0,-0.009479166666666705,0.002508333333334667,0,0,183,-1
901,-576452399296,1.8225233087978467,2.1583297624763023,0.0029148096171235606,-0.21929760625074823,0.09410652349022312,-0.1650715375054966,0,1674373,0.01,-0.15834925950000006,0.10677030689999994,0,0.0430208333333333,-0.07624166666666532,0,0,183,-1
902,-576452399285,1.8225574458738263,2.156128986558928,0.00390017408260694,-0.2208774621869509,0.1256783740288627,-0.11457035308758398,0,1674383,0.01,-0.10748440950000004,0.13010829689999995,0,-0.3594791666666667,-0.2337416666666653,0,0,183,-1
903,-576452399274,1.8198298556514951,2.1502524334347863,0.004084836757427735,-0.22352958746641036,0.14635573083695622,-0.02596671441543805,0,1674394,0.011,-0.013534039500000017,0.14925741689999997,0,-0.0182291666666667,-0.14624166666666538,0,1,184,2
904,-576452399264,1.8198834241858537,2.14779183500183,0.005663083829111867,-0.2238445193703132,0.12581017380443457,-0.044976149578258184,0,1674405,0.011,-0.047643409500000025,0.12292737689999995,0,-0.23697916666666669,0.0637583333333347,0,0,184,-1
905,-576452399255,1.8199467163854928,2.1455499243536944,0.006977215824480293,-0.22447869809551094,0.1652642761704154,-0.1748360781718947,0,1674415,0.01,-0.19305703950000005,0.17080017689999996,0,-0.1669791666666667,0.1775083333333347,0,0,184,-1
906,-576452399244,1.8200250095789006,2.143295642836733,0.008669864704980166,-0.22634390316345443,0.19373397452116597,-0.25798648445866446,0,1674425,0.01,-0.2696535195,0.19772862689999998,0,-0.2544791666666667,0.0637583333333347,0,0,184,-1
907,-576452399234,1.820121525581955,2.141018414674027,0.010627586389160124,-0.22906258881949515,0.2082574174250577,-0.35690527433824354,0,1674435,0.01,-0.3707848095,0.21029523689999996,0,-0.2807291666666667,0.03750833333333459,0,0,184,-1
908,-576452399224,1.8202375466035339,2.1387095747862466,0.012605898182965805,-0.23268921928339184,0.13395178963323676,-0.39793971734479505,0,1674445,0.01,-0.4036973595,0.12352578689999996,0,-0.0882291666666667,0.020008333333334738,0,0,184,-1
909,-576452399212,1.812282023345398,2.1423463002054395,0.010228313251586997,-0.23398384440073705,0.07652829690482398,-0.40718647973819216,0,1674455,0.01,-0.4084846395000001,0.06847206689999995,0,-2.319479166666667,-0.032491666666665364,0,1,185,1
910,-576452399203,1.8123988607435393,2.1397483809229656,0.011024906005407335,-0.23838374403234724,0.04689794359005043,-0.3553224037124406,0,1674466,0.011,-0.3480452295,0.04274043689999995,0,0.0692708333333333,-0.1549916666666653,0,0,185,-1
911,-576452399193,1.8125118120778752,2.1373475650757747,0.011548256495114812,-0.24181702045304324,0.08523418583359846,-0.2707488585993765,0,1674476,0.01,-0.25888213950000005,0.09061323689999995,0,0.05177083333333331,-0.1287416666666653,0,0,185,-1
912,-576452399183,1.8126325481855987,2.134916976695599,0.012554686976132802,-0.24435063000827006,0.19490680577740793,-0.1469904252429167,0,1674486,0.01,-0.12962557950000003,0.21029523689999996,0,-0.2107291666666667,-0.04124166666666529,0,0,185,-1
913,-576452399173,1.8127684903770673,2.132465941616897,0.014605175349572341,-0.24584850579563497,0.2671767814495706,-0.16692235247955284,0,1674496,0.01,-0.16971904950000005,0.2773171569,0,-0.21947916666666673,0.1512583333333346,0,0,185,-1
914,-576452399162,1.8129461502814759,2.1297506280878813,0.017666616300558144,-0.24781333751083914,0.3474391144249359,-0.2512401718933075,0,1674507,0.011,-0.2630710095,0.3587009169,0,-0.1319791666666667,0.03750833333333459,0,0,185,-1
915,-576452399152,1.810981136105494,2.124570272654272,0.02020812955523978,-0.25154030295140856,0.36676092611048433,-0.26371466353535894,0,1674517,0.01,-0.26546464950000004,0.3694722969,0,-0.1669791666666667,0.04625833333333462,0,1,186,2
916,-576452399141,1.8112262882911654,2.121785367409885,0.024339154815788952,-0.254734586047302,0.4300128290871157,-0.4557434544220271,0,1674528,0.011,-0.48268747950000007,0.43888785689999993,0,-0.10572916666666671,0.14250833333333457,0,0,186,-1
917,-576452399132,1.8114909876596548,2.1192167255111447,0.028610125473622378,-0.25906500058281895,0.4094578375785827,-0.2957000565583641,0,1674538,0.01,-0.2732439795,0.40657371689999994,0,-0.1144791666666667,0.020008333333334738,0,0,186,-1
918,-576452399120,1.8118299701803222,2.1163502157182825,0.03304133406390018,-0.2621585045209514,0.36179775815913945,-0.19151800558291215,0,1674549,0.011,-0.17689996950000003,0.3551104568999999,0,-0.1407291666666667,0.04625833333333462,0,0,186,-1
919,-576452399110,1.812177415418853,2.1137204027395184,0.03649839191383266,-0.2638686571907544,0.2483539785724126,-0.046979594309742245,0,1674559,0.01,-0.026699059500000028,0.23243640689999998,0,-0.2719791666666667,-0.09374166666666528,0,0,186,-1
920,-576452399100,1.8125546575445377,2.1110803350120815,0.03895715790062879,-0.2641881203705735,0.2307215812979801,0.06001760423802173,0,1674569,0.01,0.07503064049999998,0.22824753689999996,0,-0.1932291666666667,-0.10249166666666532,0,0,186,-1
921,-576452399090,1.812954872497034,2.108441398465678,0.0411250857485821,-0.2635967167628972,0.13146817316054496,0.05376656847834602,0,1674579,0.01,0.05288947049999998,0.11754168689999996,0,-0.21947916666666673,-0.04124166666666529,0,0,186,-1
922,-576452399080,1.8049524525421559,2.1120165302691603,0.03865772569733666,-0.2604113833243612,0.14444369267434126,-0.0561556153562319,0,1674589,0.01,-0.07157980950000004,0.14626536689999997,0,-0.2719791666666667,-0.07624166666666532,0,1,187,1
923,-576452399066,1.805387750018263,2.109147945142711,0.04044205524163757,-0.2611274212415505,0.27251252818350685,-0.12058529498949538,0,1674600,0.011,-0.12962557950000003,0.29048217689999994,0,-0.2107291666666667,0.002508333333334667,0,0,187,-1
924,-576452399058,1.8058496254157255,2.106267138005118,0.043514938595473014,-0.2626124795347677,0.321332024978732,-0.22349787584630293,0,1674611,0.011,-0.23793778950000008,0.32818200689999993,0,-0.12322916666666671,0.16000833333333464,0,0,187,-1
927,-576452399018,1.8073556460825637,2.0980225994890516,0.05334019277014258,-0.26899432906329396,0.21460989982221104,-0.0945630851862952,0,1674642,0.01,-0.08115436950000002,0.20431113689999994,0,-0.17572916666666671,-0.032491666666665364,0,0,187,-1
928,-576452399016,1.8078995745215691,2.095329719125995,0.05545446897794348,-0.2696605399224981,0.19193416430989477,0.10454119620089793,0,1674652,0.01,0.1324780005,0.1887524769,0,-0.2544791666666667,0.020008333333334738,0,0,187,-1
929,-576452399005,1.809833838730103,2.09400480609944,0.05814632282881703,-0.2677613986488988,0.18756981126083125,0.11749555221702905,0,1674663,0.011,0.1193129805,0.18695724689999996,0,-0.26322916666666674,-0.014991666666665293,0,1,188,2
930,-576452398996,1.810424883468568,2.091331927602327,0.060051777719231474,-0.2667613159977958,0.20854848792978736,-0.005807631006484695,0,1674673,0.01,-0.023108599500000028,0.21149205689999995,0,-0.06197916666666671,-0.05874166666666536,0,0,188,-1
931,-576452398985,1.8110981089370901,2.08839649696288,0.062351359519009594,-0.266927769098529,0.21217941300260404,-0.07293270734498984,0,1674684,0.011,-0.08235118950000002,0.21268887689999996,0,-0.1582291666666667,-0.1287416666666653,0,0,188,-1
932,-576452398975,1.8117328963268595,2.085723285128167,0.06457428050049822,-0.26770082124981937,0.28347111535074715,-0.10375769129072596,0,1674694,0.01,-0.10808281950000002,0.29347422689999997,0,-0.2982291666666667,0.028758333333334773,0,0,188,-1
933,-576452398963,1.812529262703321,2.082502584050566,0.06812125406359412,-0.26905788482903,0.3714847328993421,-0.17157344651631617,0,1674706,0.012,-0.18108883950000004,0.38383413689999996,0,-0.2019791666666667,0.08125833333333476,0,0,188,-1
934,-576452398952,1.8132272861962966,2.079804340749765,0.07157476608609786,-0.2706381235780993,0.18919655321172146,-0.07706165766591361,0,1674716,0.01,-0.06380047950000005,0.16361925689999995,0,-0.1319791666666667,0.09000833333333458,0,0,188,-1
935,-576452398941,1.8047726200616798,2.083656620130931,0.06932062502324139,-0.2684097772411341,0.09434602537324613,-0.08222426687537236,0,1674727,0.011,-0.08294959950000001,0.08103867689999995,0,-0.14947916666666672,-0.07624166666666532,0,1,189,1
936,-576452398931,1.8055410697605299,2.0806986581236413,0.07038979098533464,-0.2693831865638487,0.11468752218033827,-0.12694163692486546,0,1674738,0.011,-0.13321603950000002,0.11754168689999996,0,-0.1844791666666667,-0.1812416666666653,0,0,189,-1
937,-576452398921,1.806251231638745,2.077998236256706,0.07161698437640099,-0.2706894829340106,0.1712425446258169,-0.1529103030189566,0,1674748,0.01,-0.15655402950000002,0.17917791689999993,0,-0.1582291666666667,-0.07624166666666532,0,0,189,-1
938,-576452398911,1.8069771668083574,2.07528420874324,0.07351617166467757,-0.27213900919489864,0.3041480265959948,-0.09628107389333043,0,1674758,0.01,-0.08833528950000002,0.3227963169,0,-0.2019791666666667,-0.08499166666666536,0,0,189,-1
939,-576452398901,1.8077279521070546,2.0725581380940015,0.07662258078226371,-0.2730809941063119,0.35041399652274385,-0.08144133871112391,0,1674768,0.01,-0.07935913950000002,0.35690568689999996,0,-0.03572916666666671,-0.2687416666666653,0,0,189,-1
940,-576452398891,1.8085109386756317,2.0698232300519015,0.08000805755652506,-0.2738994724440503,0.2658452172875069,-0.08433834370737907,0,1674778,0.01,-0.08474482950000004,0.2539791669,0,-0.2982291666666667,0.020008333333334738,0,0,189,-1
941,-576452398881,1.8093242321633056,2.0670806234330277,0.08265411781715921,-0.2746483695200977,0.257013584677167,-0.016998549271651522,0,1674788,0.01,-0.007549939500000021,0.2557743969,0,-0.2544791666666667,0.028758333333334773,0,0,189,-1
942,-576452398868,1.810380109155081,2.06422281636369,0.0855377749017216,-0.27462154971507846,0.25540211538452456,0.07525181153828339,0,1674799,0.011,0.08819566049999998,0.25517598689999993,0,-0.2282291666666667,0.12500833333333472,0,1,190,2
943,-576452398859,1.8113360408568338,2.061207342111472,0.08828541894136062,-0.2736776065970772,0.21532074160229248,0.1506257767534548,0,1674810,0.011,0.1612016805,0.20969682689999997,0,-0.0182291666666667,0.23875833333333474,0,0,190,-1
944,-576452398849,1.8122289849569593,2.0584786616529644,0.09033623032067174,-0.2720858884258372,0.14321734871599123,0.2108037352828217,0,1674820,0.01,0.21924745050000002,0.13310034689999994,0,-0.06197916666666671,0.011258333333334702,0,0,190,-1
945,-576452398840,1.8131370765111023,2.055766011322216,0.09139091109152557,-0.27033984546368844,-0.1254195138119174,-0.04680402962999253,0,1674830,0.01,-0.08294959950000001,-0.1631126031000001,0,-0.07947916666666671,-0.1287416666666653,0,0,190,-1
946,-576452398829,1.8140448940885527,2.0530597562242066,0.09016470983643315,-0.27088845675918527,-0.10547206762234737,-0.10421606733725342,0,1674840,0.01,-0.11227168950000004,-0.10267319310000005,0,-0.2282291666666667,-0.30374166666666536,0,0,190,-1
947,-576452398819,1.8149430768795662,2.0503457105448044,0.08939250766003567,-0.27192285762492846,0.09587298461224586,-0.0986858129035149,0,1674850,0.01,-0.09790984949999999,0.12412419689999996,0,-0.24572916666666672,-0.08499166666666536,0,0,190,-1
948,-576452398808,1.8119991209066373,2.0504710136008897,0.08881284441363181,-0.2713373822729773,0.24397018602843445,0.10665808537625093,0,1674860,0.01,0.1354700505,0.26475054689999994,0,-0.2019791666666667,-0.1812416666666653,0,1,191,1
949,-576452398798,1.8129896501170752,2.047494441709453,0.09132251025060747,-0.2699157524240762,0.129949715479382,0.2694164498903321,0,1674871,0.011,0.2922534705,0.11395122689999994,0,-0.0182291666666667,0.002508333333334667,0,0,191,-1
950,-576452398788,1.813908724850909,2.0448091901211973,0.09252321679039746,-0.2671552267746259,0.06029341171077386,0.3162070745460873,0,1674881,0.01,0.3227723805,0.05051976689999994,0,-0.009479166666666705,0.16000833333333464,0,0,191,-1
951,-576452398778,1.8148372786060851,2.042153955886782,0.09317383046292566,-0.26391428555824564,0.09422934398992436,0.37234315148522945,0,1674891,0.01,0.3802197405,0.09899097689999996,0,-0.03572916666666671,0.11625833333333468,0,0,191,-1
952,-576452398764,1.8157731382003799,2.0395329495289882,0.09402403634703987,-0.26026585204228486,0.028609698415695328,0.31890116513452316,0,1674901,0.01,0.3114025905,0.01940244689999995,0,-0.2282291666666667,0.16875833333333468,0,0,191,-1
953,-576452398758,1.816714354531756,2.0369445359611498,0.09423916008438574,-0.25734231454925643,-0.021971581165873416,0.12970279270401,0,1674911,0.01,0.10315591049999999,-0.02906876310000006,0,-0.12322916666666671,0.08125833333333476,0,0,191,-1
955,-576452398721,1.8185937481410759,2.03182199423789,0.09364429292775983,-0.2550037567402205,-0.03977151643458072,0.023767115023804866,0,1674931,0.01,0.01040236049999998,-0.04043855310000005,0,-0.17572916666666671,-0.09374166666666528,0,0,191,-1
956,-576452398721,1.819528022791439,2.0292722052074113,0.0932185128681118,-0.2549128605672113,-0.05977323367497278,-0.08083871232676934,0,1674941,0.01,-0.09551620950000002,-0.06257972310000004,0,-0.12322916666666671,-0.1812416666666653,0,0,191,-1
957,-576452398719,1.8204582862647425,2.0267198808426996,0.09278741890992544,-0.25558909711944916,0.05898914912044681,0.013344373457927453,0,1674951,0.01,0.02655943049999999,0.07565298689999994,0,-0.0707291666666667,-0.13749166666666535,0,0,191,-1
958,-576452398708,1.8213899389936217,2.024165110104974,0.09350679130546369,-0.25538490436052796,0.15126957647396208,0.06376686806982229,0,1674961,0.01,0.07084177049999998,0.16421766689999995,0,-0.1319791666666667,-0.11124166666666535,0,0,191,-1
959,-576452398698,1.822332219781326,2.0216149059048276,0.0949647318975054,-0.25467594234893326,0.11224582416940934,0.114577287410848,0,1674971,0.01,0.12170662049999999,0.10677030689999994,0,-0.10572916666666671,0.09000833333333458,0,0,191,-1
960,-576452398688,1.8232871627923415,2.019073379885528,0.0960377456561217,-0.2536075473551103,0.07700697520773589,0.05943043852848852,0,1674981,0.01,0.051692650499999986,0.07206252689999995,0,0.1042708333333333,0.29125833333333473,0,0,191,-1
961,-576452398679,1.8157672059444159,2.0227348252426656,0.0928979315651808,-0.25034299553613437,0.04433201913156429,-0.02712073309288003,0,1674991,0.01,-0.039265669500000024,0.03974838689999995,0,-0.0882291666666667,0.0637583333333347,0,1,193,1
962,-576452398668,1.8166983478782446,2.0202286720145852,0.09333413523679575,-0.250828688920203,0.039262836238055744,-0.17998589774206708,0,1675001,0.01,-0.2014347795,0.038551566899999945,0,-0.0707291666666667,0.16000833333333464,0,0,193,-1
963,-576452398658,1.8176338256271052,2.0177112594923163,0.09375386871501104,-0.2526483131306578,0.05858062161272671,-0.1940725562958713,0,1675011,0.01,-0.19604908950000005,0.06129114689999995,0,-0.21947916666666673,0.11625833333333468,0,0,193,-1
964,-576452398647,1.8186680129056552,2.014921996961155,0.09430337265078217,-0.25454788934199973,-0.003589975880199346,-0.039947043728942006,0,1675022,0.011,-0.018321319500000023,-0.01231328310000005,0,-0.009479166666666705,0.002508333333334667,0,0,193,-1
965,-576452398637,1.819610869212853,2.0123756995908018,0.0942677873716647,-0.25476788677364426,-0.0033682447344758762,0.0865970254440058,0,1675032,0.01,0.10435273049999999,-0.003337133100000041,0,0.03427083333333329,0.11625833333333468,0,0,193,-1
966,-576452398626,1.8205522351405639,2.0098324344410097,0.09405645267488541,-0.2538888872502532,-0.12981227477688137,0.09587061120507337,0,1675042,0.01,0.09717181049999998,-0.14755394310000003,0,-0.009479166666666705,-0.2949916666666653,0,0,193,-1
967,-576452398616,1.82148685349612,2.007298146409098,0.0928432806610538,-0.25296024704741044,-0.06927817882247184,0.07444628029681577,0,1675052,0.01,0.07144018049999998,-0.060784493100000045,0,-0.0532291666666667,0.011258333333334702,0,0,193,-1
968,-576452398605,1.8226702618607828,2.0047232856210724,0.09250288715132318,-0.25216836020832306,0.15857683910938772,-0.002708272226772332,0,1675063,0.011,-0.013534039500000017,0.19054770689999995,0,-0.06197916666666671,0.1512583333333346,0,1,194,2
969,-576452398596,1.823603236058657,2.0022009047948957,0.09409046349554297,-0.25228184392230746,0.15985013733929038,-0.06363012647185148,0,1675073,0.01,-0.07217821950000003,0.16002879689999994,0,-0.2807291666666667,-0.08499166666666536,0,0,194,-1
970,-576452398585,1.8245516986523023,1.9996746575362847,0.09562135318433346,-0.25295669460288867,0.11172730775619102,-0.09106793419601839,0,1675083,0.01,-0.0949177995,0.10497507689999995,0,0.08677083333333331,0.21250833333333463,0,0,194,-1
971,-576452398576,1.8255133697562829,1.9971407947152455,0.09671853328677178,-0.25382718855957964,0.09740948527505433,-0.062432672476402606,0,1675093,0.01,-0.05841478950000001,0.09540051689999995,0,-0.0532291666666667,0.07250833333333473,0,0,194,-1
972,-576452398565,1.826485103209258,1.9946003853877858,0.0976422938423267,-0.25429783011506113,0.06153719490679352,0.0470958219746236,0,1675103,0.01,0.06246403049999998,0.05650386689999995,0,-0.10572916666666671,0.16000833333333464,0,0,194,-1
973,-576452398556,1.827464393611313,1.99206066092323,0.09822496453740011,-0.25368646731176026,0.03823122414524321,0.14716125680589814,0,1675113,0.01,0.1612016805,0.03496110689999995,0,-0.03572916666666671,0.002508333333334667,0,0,194,-1
974,-576452398545,1.8186896027284851,1.9967338123079195,0.0941168056700085,-0.2486536332134749,0.013321751872246332,0.3756830006163116,0,1675123,0.01,0.4077466005,0.009827886899999937,0,-0.06197916666666671,-0.032491666666665364,0,1,195,1
975,-576452398535,1.8197250380158438,1.9940226446609741,0.09416577010669187,-0.24433084543972908,-0.050616361449988635,0.5003602705673427,0,1675134,0.011,0.5178540405,-0.05958767310000004,0,0.03427083333333329,0.03750833333333459,0,0,195,-1
976,-576452398525,1.8206630159306438,1.9916024781509714,0.09348470826441997,-0.23961286959597136,-0.17393476851284936,0.2989684806634182,0,1675144,0.01,0.27071071049999995,-0.1912378731000001,0,-0.0532291666666667,-0.05874166666666536,0,0,195,-1
977,-576452398493,1.8215898926129594,1.9892202955728664,0.09185823077682051,-0.23677891940177703,-0.09359931525861685,0.18812428785133184,0,1675154,0.01,0.1725714705,-0.08232725310000008,0,-0.2019791666666667,-0.07624166666666532,0,0,195,-1
978,-576452398492,1.8225050873848678,1.9868609120594087,0.09112390407741831,-0.23505379628820017,0.05010394425748542,0.07687663790036471,0,1675164,0.01,0.06126721049999999,0.07026729689999996,0,-0.2107291666666667,-0.22499166666666537,0,0,195,-1
979,-576452398492,1.8234191366939978,1.9845134488924852,0.09167258110561295,-0.2344051161986688,0.084054344021989,-0.008706571901035506,0,1675174,0.01,-0.020714959500000032,0.08881800689999995,0,-0.3332291666666667,0.05500833333333466,0,0,195,-1
980,-576452398485,1.824340267777242,1.9821688725020215,0.0925447576530465,-0.2345062216276394,0.10659905400034711,-0.018712581974581123,0,1675184,0.01,-0.020116549500000032,0.10976235689999995,0,-0.0882291666666667,-0.02374166666666533,0,0,195,-1
981,-576452398474,1.8231380684295087,1.9771557368043875,0.09266442000400145,-0.23574872585632695,0.1172445563521788,0.07084241706395739,0,1675194,0.01,0.08340838049999999,0.11873850689999994,0,-0.2544791666666667,0.11625833333333468,0,1,196,2
982,-576452398464,1.8241636835535142,1.974568348300297,0.09383997666315647,-0.2347404056634304,0.04246198126426999,0.22092813907524708,0,1675205,0.011,0.24198703049999998,0.03196905689999995,0,-0.1144791666666667,-0.032491666666665364,0,0,196,-1
983,-576452398423,1.8251033731673116,1.9722321974959975,0.09413767230689786,-0.23249972208636183,-0.04703073339832438,0.24306923032274347,0,1675215,0.01,0.2461759005,-0.05958767310000004,0,-0.1144791666666667,0.10750833333333465,0,0,196,-1
984,-576452398419,1.8261351598473543,1.969689688652113,0.09349204677504006,-0.22978491116763303,-0.13098661049681715,0.269933385741393,0,1675226,0.011,0.2737027605,-0.14276666310000005,0,-0.0532291666666667,0.002508333333334667,0,0,196,-1
985,-576452398418,1.827155632449097,1.9671778485887859,0.09204902151343759,-0.22689225381162115,-0.13239594584186878,0.22023644825178534,0,1675237,0.011,0.21326335049999998,-0.13259369310000005,0,-0.1844791666666667,-0.07624166666666532,0,0,196,-1
986,-576452398417,1.82807004756078,1.9649187681967029,0.09080754026042398,-0.22486700371675825,-0.07431908781337296,0.0955217167530768,0,1675247,0.01,0.07802269049999998,-0.06617018310000006,0,-0.3157291666666667,0.16000833333333464,0,0,196,-1
987,-576452398413,1.8244550392244907,1.9660389123521025,0.08809191643480774,-0.22251433762736714,-0.005774460828500771,0.014579086806266872,0,1675257,0.01,0.0032214404999999792,0.0038437868999999423,0,-0.1144791666666667,-0.014991666666665293,0,1,197,1
988,-576452398402,1.8253377121070362,1.96381358235259,0.08835678474205673,-0.2225143429837225,0.224116279875305,-0.08931615614573717,0,1675267,0.01,-0.10389394950000003,0.25637280689999997,0,-0.2807291666666667,-0.09374166666666528,0,0,197,-1
989,-576452398392,1.8262333469487853,1.9615835621428275,0.09073262705064154,-0.22347183178841065,0.3200999899057526,-0.13516115639808052,0,1675277,0.01,-0.14159377950000004,0.3335676969,0,-0.1844791666666667,-0.11999166666666539,0,0,197,-1
990,-576452398382,1.8271563081682867,1.9593419831870895,0.09387582937210452,-0.22483945818799786,0.2789080305552095,-0.14657481184102916,0,1675287,0.01,-0.14817628950000003,0.27312828689999996,0,-0.2282291666666667,-0.05874166666666536,0,0,197,-1
991,-576452398370,1.828108664584191,1.9570863179638087,0.096610672870672,-0.22629613196657086,0.2402537260528386,-0.1401075734005144,0,1675297,0.01,-0.13920013950000004,0.23483004689999998,0,-0.1319791666666667,-0.10249166666666532,0,0,197,-1
992,-576452398361,1.829185949889427,1.9545893051622587,0.09925821841452269,-0.22773198376486695,0.24336907477060468,-0.07109075637578641,0,1675308,0.011,-0.061406839500000004,0.24380619689999997,0,-0.3419791666666667,0.028758333333334773,0,0,197,-1
993,-576452398351,1.8301899805521245,1.9523088472304229,0.10158230041035285,-0.2283794920999732,0.1660853794993475,-0.026388790656203892,0,1675318,0.01,-0.020116549500000032,0.15524151689999996,0,-0.26322916666666674,-0.1287416666666653,0,0,197,-1
994,-576452398341,1.8319206287144194,1.9509090716193491,0.10347576584009274,-0.228245270702254,0.10462295569325866,-0.020888248293879676,0,1675328,0.01,-0.020116549500000032,0.09599892689999996,0,-0.0182291666666667,0.1775083333333347,0,1,198,2
995,-576452398331,1.833063526783106,1.9483968072126387,0.10438198249211089,-0.22852126248675306,-0.055650084385653775,-0.051173361817915985,0,1675339,0.011,-0.05542273950000001,-0.07813838310000008,0,-0.2544791666666667,0.10750833333333465,0,0,198,-1
996,-576452398320,1.8341039461283126,1.9461084743115562,0.10373127004436718,-0.2291186639540409,-0.12207643135615484,-0.11157580613749864,0,1675349,0.01,-0.12005101950000002,-0.13139687310000003,0,-0.1844791666666667,0.020008333333334738,0,0,198,-1
997,-576452398311,1.8351357075246562,1.9438116321135237,0.10259634644116913,-0.2302463390527033,-0.06097942249655543,-0.12005772141011417,0,1675359,0.01,-0.12124783950000002,-0.05240675310000006,0,0.0780208333333333,0.2562583333333346,0,0,198,-1
998,-576452398300,1.8361595297510376,1.9415035717766609,0.10212819015426342,-0.2313835734843518,0.03994875034466688,-0.07492100200022252,0,1675369,0.01,-0.06858775950000004,0.05411022689999995,0,-0.06197916666666671,-0.08499166666666536,0,0,198,-1
999,-576452398290,1.8371831093063895,1.9391864218582493,0.10257455702947671,-0.2320653467194272,0.0733587840881122,-0.02686009223628536,0,1675379,0.01,-0.020116549500000032,0.07804662689999994,0,-0.1319791666666667,0.05500833333333466,0,0,198,-1
1000,-576452398280,1.8382129935233134,1.9368647614136827,0.1033816554633138,-0.2322814701016762,0.1257493058152851,0.010540309485450663,0,1675389,0.01,0.015788050499999973,0.13310034689999994,0,-0.07947916666666671,-0.049991666666665324,0,0,198,-1
1001,-576452398269,1.831415854964755,1.9402929076607076,0.10112096466624479,-0.22939235706769753,0.1253726767386554,0.07286851067788702,0,1675400,0.011,0.08161315049999998,0.12532101689999994,0,-0.1407291666666667,0.07250833333333473,0,1,199,1
1002,-576452398258,1.832534400098932,1.9377739264882852,0.10230264158050868,-0.22860001780794237,-0.002718271669105793,0.0668929376365383,0,1675411,0.011,0.06605449049999998,-0.020691023100000056,0,-0.10572916666666671,0.2300083333333347,0,0,199,-1
1003,-576452398248,1.8335576482870057,1.9354902169280863,0.1023298360756993,-0.22809087058047342,0.03557253150023026,-0.04561989171190349,0,1675421,0.01,-0.061406839500000004,0.04094520689999995,0,-0.17572916666666671,0.13375833333333476,0,0,199,-1
1004,-576452398237,1.8346844073074904,1.932978642827215,0.10257274691061483,-0.22856572746429787,-0.061522670038287826,-0.02797766332517457,0,1675432,0.011,-0.025502239500000023,-0.07514633310000007,0,-0.06197916666666671,0.011258333333334702,0,0,199,-1
1005,-576452398227,1.8357081562018027,1.9306919789340444,0.10212444151249406,-0.2287858496965607,0.056149999437508515,0.014076235963017724,0,1675442,0.01,0.019976920499999974,0.07266093689999994,0,-0.1932291666666667,-0.07624166666666532,0,0,199,-1
1006,-576452398217,1.836733027384455,1.9284035941464241,0.10281319689284106,-0.22883615649961847,0.14672200875005692,-0.12191421913872245,0,1675452,0.01,-0.14099536950000002,0.15943038689999997,0,-0.14947916666666672,-0.04124166666666529,0,0,199,-1
1007,-576452398205,1.837374921179653,1.9256128615466501,0.10433765554911117,-0.23023665196699725,0.31477500415767284,-0.09561579826451305,0,1675462,0.01,-0.0919257495,0.33835497689999994,0,-0.1407291666666667,-0.3474916666666653,0,1,200,2
1008,-576452398195,1.8385423286281442,1.923074785718657,0.10789581090065127,-0.23124184239601236,0.37743570244918656,-0.06509138404287344,0,1675473,0.011,-0.060808429500000025,0.3862277769,0,-0.0882291666666667,-0.10249166666666532,0,0,200,-1
1009,-576452398185,1.839638813695593,1.9207589780323775,0.11146526387068141,-0.23191347829548567,0.23296053746907283,-0.07970263891496385,0,1675483,0.01,-0.08175277950000004,0.21268887689999996,0,-0.1319791666666667,-0.032491666666665364,0,0,200,-1
1010,-576452398175,1.8408779454148736,1.9182032599447296,0.11387076126395372,-0.23276809628167938,0.1301693390847773,-0.06523242086647703,0,1675494,0.011,-0.06320206950000003,0.11574645689999995,0,-0.03572916666666671,0.020008333333334738,0,0,200,-1
1011,-576452398165,1.8420230288561006,1.9158725492996558,0.11515228009739654,-0.23338514151903977,0.11594682265236096,-0.04036170054811129,0,1675504,0.01,-0.03687202950000003,0.11395122689999994,0,-0.26322916666666674,0.04625833333333462,0,0,200,-1
1012,-576452398154,1.8431806749350934,1.9135369970324012,0.1163623765355025,-0.23373948226153304,0.1519807405436997,-0.00529001298653238,0,1675514,0.01,-3.6901950000002077e-4,0.15703674689999994,0,-0.17572916666666671,0.13375833333333476,0,0,200,-1
1014,-576452398123,1.8385759378925013,1.914027820144156,0.11683613420967548,-0.2319798250304174,0.1714427373551642,-0.06109830186899701,0,1675535,0.011,-0.06320206950000003,0.16780812689999997,0,-0.10572916666666671,0.05500833333333466,0,0,201,-1
1015,-576452398122,1.8398712645048965,1.9114733731474767,0.11868716460782686,-0.23250511345651542,0.1488385984205477,0.03414058188576345,0,1675546,0.011,0.04750378049999998,0.14566695689999995,0,-0.17572916666666671,0.08125833333333476,0,0,201,-1
1016,-576452398113,1.8410633969904835,1.9091510834671186,0.11984518090777885,-0.23200397724285496,-0.08379520964560752,0.14661670329221652,0,1675556,0.01,0.1623985005,-0.11643662310000005,0,-0.0707291666666667,-0.032491666666665364,0,0,201,-1
1017,-576452398103,1.842256416410022,1.9068382052447879,0.11881435742303084,-0.23056408256627003,-0.221049071127369,0.12792040362178853,0,1675566,0.01,0.1252970805,-0.24030749310000002,0,-0.2282291666666667,0.08125833333333476,0,0,201,-1
1018,-576452398093,1.8434333367265503,1.904539034157009,0.11657721953467014,-0.22927337779687013,-0.2400369042174919,0.13611541814906622,0,1675576,0.01,0.13726528049999998,-0.24270113310000002,0,-0.14947916666666672,-0.13749166666666535,0,0,201,-1
1019,-576452398082,1.8445880150701632,1.902251667497771,0.11431863197855595,-0.2281368664024024,-0.13899219162964455,-0.023982817955187502,0,1675586,0.01,-0.046446589500000024,-0.12481436310000006,0,-0.17572916666666671,-0.2687416666666653,0,0,201,-1
1020,-576452398071,1.8450969407560691,1.8988042020541287,0.1128681845144155,-0.229054438262293,0.13320572640698677,-0.18379810648853212,0,1675597,0.011,-0.2062220595,0.17139858689999996,0,-0.1582291666666667,-0.09374166666666528,0,1,202,2
1021,-576452398061,1.8463483441623378,1.8962727195081917,0.11459051525570041,-0.23118417954183704,0.29999247408493457,-0.253841465964872,0,1675608,0.011,-0.2636694195,0.32339472689999993,0,-0.1319791666666667,0.002508333333334667,0,0,202,-1
1022,-576452398049,1.8475095542474111,1.8939482422032023,0.11763672543520479,-0.23371396693980365,0.3325850180590338,-0.2477663532846731,0,1675618,0.01,-0.24691393950000007,0.33715815689999995,0,-0.009479166666666705,-0.14624166666666538,0,0,202,-1
1023,-576452398041,1.8487018411484497,1.8915992388810576,0.12085243531687287,-0.23611020063307062,0.2542054184878596,-0.18981810821710093,0,1675628,0.01,-0.18168724950000004,0.2432077869,0,-0.1319791666666667,0.14250833333333457,0,0,202,-1
1024,-576452398030,1.8500467160409473,1.888991566907905,0.12366601482663944,-0.2380487367241371,0.26555210571386245,-0.09190126859294749,0,1675639,0.011,-0.07816231950000002,0.2671441868999999,0,-0.3069791666666667,0.002508333333334667,0,0,202,-1
1025,-576452398020,1.851296011578913,1.886607828950631,0.126223781253791,-0.23876310017847524,0.19662813612677293,0.052391002250529214,0,1675649,0.01,0.07263700049999998,0.18695724689999996,0,0.0430208333333333,0.14250833333333457,0,0,202,-1
1026,-576452398010,1.8432062284308908,1.8914463673227224,0.1238096168695651,-0.23492750769127022,0.14983739862447476,0.12367376245336915,0,1675659,0.01,0.13367482049999999,0.14327331689999998,0,-0.1407291666666667,0.08125833333333476,0,1,203,1
1027,-576452397999,1.8445766479153507,1.8888693030369403,0.1253769510808804,-0.23361699062988978,0.09685105868257723,0.09098681528231145,0,1675670,0.011,0.08640043049999999,0.08941641689999995,0,-0.1669791666666667,0.24750833333333477,0,0,203,-1
1028,-576452397989,1.8458340412751588,1.8865370037755123,0.12615981879595473,-0.2328103289347743,-0.034040974653873984,0.018218955304147078,0,1675680,0.01,0.008008720499999986,-0.05240675310000006,0,0.1130208333333333,-0.032491666666665364,0,0,203,-1
1029,-576452397979,1.8470929233255802,1.8842094313648916,0.1256618532254388,-0.23268716990553556,-0.14618112658377536,-0.02379590291065123,0,1675690,0.01,-0.029691109500000024,-0.16191578310000007,0,-0.0532291666666667,0.07250833333333473,0,0,203,-1
1030,-576452397969,1.8483428355419587,1.8818811912272229,0.12429409072645853,-0.23295300456230927,-0.07916398120101169,-0.04365948250315778,0,1675700,0.01,-0.046446589500000024,-0.06976064310000003,0,0.01677083333333329,-0.04124166666666529,0,0,203,-1
1031,-576452397959,1.8495828401774836,1.8795498759314793,0.12366202654509179,-0.23332749443585638,0.03456252515002929,6.015304896465762e-4,0,1675710,0.01,0.00681190049999998,0.05051976689999994,0,-0.2107291666666667,-0.1287416666666653,0,0,203,-1
1032,-576452397947,1.8508217810734873,1.8772177078460213,0.12410018342730103,-0.2331533175892304,0.10050921676206435,0.12044916800089069,0,1675720,0.01,0.13726528049999998,0.10976235689999995,0,-0.03572916666666671,0.08125833333333476,0,0,203,-1
1033,-576452397938,1.8541967180641894,1.877187884333445,0.12628688143819186,-0.23057804226391249,0.21148038819986967,0.21548729807854197,0,1675731,0.011,0.22882201049999998,0.22705071689999995,0,0.008020833333333297,0.23875833333333474,0,1,204,2
1034,-576452397928,1.8554699728987756,1.8748933656198408,0.1283734164023314,-0.22834853218677423,0.19154908619291228,0.2681138337295496,0,1675741,0.01,0.27549799049999996,0.1887524769,0,-0.1669791666666667,0.21250833333333463,0,0,204,-1
1035,-576452397918,1.8567626215739004,1.872623980446654,0.13018592529736603,-0.22555949689193877,0.11825166563290528,0.34490953896529725,0,1675751,0.01,0.3556849305,0.10796712689999995,0,-0.2719791666666667,0.30000833333333476,0,0,204,-1
1036,-576452397908,1.8580703876499574,1.870386999537227,0.13136756812890285,-0.22189682674527053,0.11762904790277941,0.497098454845926,0,1675761,0.01,0.5184524505,0.11754168689999996,0,-0.0707291666666667,0.16875833333333468,0,0,204,-1
1037,-576452397899,1.8593902835947749,1.868194016414101,0.13259676775796933,-0.21674935229225228,0.15533639731152407,0.6228794536911723,0,1675771,0.01,0.6405280905,0.16062720689999996,0,-0.07947916666666671,0.19500833333333478,0,0,204,-1
1038,-576452397888,1.8607233808330552,1.8660575654597846,0.13405061050398234,-0.21053639432412813,0.08440826504929728,0.6115928335305998,0,1675781,0.01,0.6100091805000001,0.07445616689999995,0,-0.009479166666666705,0.2650083333333346,0,0,204,-1
1039,-576452397878,1.8552600977499782,1.8693134821103174,0.13153936915328604,-0.20221583343112431,-0.06548512268429728,0.5000013323987079,0,1675791,0.01,0.4843430805,-0.08651612310000005,0,-0.0882291666666667,-0.049991666666665324,0,1,205,1
1040,-576452397867,1.8567022755512177,1.8671185929744063,0.13070278745307878,-0.19682727804081845,-0.14165380997312063,0.42696995944798927,0,1675802,0.011,0.41672275049999996,-0.1523412231000001,0,-0.21947916666666673,0.03750833333333459,0,0,205,-1
1041,-576452397857,1.8580030168870263,1.8651709358677568,0.1294076696605538,-0.19266931126492268,-0.056041485806164304,0.3481882702569822,0,1675812,0.01,0.3371342205,-0.04402901310000005,0,-0.23697916666666669,-0.014991666666665293,0,0,205,-1
1044,-576452397821,1.8620356436242012,1.8593329953636026,0.13232766787585162,-0.18583493282804076,0.22460883356691766,-0.04629263845783445,0,1675843,0.01,-0.06320206950000003,0.22824753689999996,0,-0.1144791666666667,-0.13749166666666535,0,0,205,-1
1045,-576452397816,1.8633711288242594,1.857472880730433,0.13472570092484615,-0.1862125212681755,0.33275525095686365,0.014446512949874042,0,1675853,0.01,0.022968970499999974,0.34792953689999995,0,-0.3244791666666667,0.011258333333334702,0,0,205,-1
1046,-576452397805,1.8675635724049262,1.8588241713326796,0.1398298424679523,-0.1845502139263957,0.47305883927533043,0.027168452819532486,0,1675864,0.011,0.028953070499999983,0.49274475689999997,0,-0.009479166666666705,-0.14624166666666538,0,1,206,2
1047,-576452397795,1.8689839455251982,1.8569806958308863,0.14431920788642308,-0.18417806015701385,0.3029769842179754,0.09800407295198385,0,1675874,0.01,0.1079431905,0.27911238689999995,0,0.08677083333333331,0.22125833333333467,0,0,206,-1
1048,-576452397785,1.8704428255889218,1.8551459604174696,0.1474331180843572,-0.18286430878191465,0.36286455648333976,0.33552308257472296,0,1675884,0.01,0.3688499505,0.3712675269,0,-0.03572916666666671,0.08125833333333476,0,0,206,-1
1049,-576452397776,1.8719346771202883,1.8533351822481672,0.1509645835147355,-0.1793391850140931,0.2936160874329693,0.45658518367163736,0,1675894,0.01,0.4735717005000001,0.28389966689999996,0,-0.2107291666666667,0.14250833333333457,0,0,206,-1
1050,-576452397765,1.8734580406768446,1.8515648053986176,0.15375035596744394,-0.17474433152410704,0.18643712666029966,0.47725410416887537,0,1675904,0.01,0.48015421050000007,0.17139858689999996,0,-0.1582291666666667,0.2300083333333347,0,0,206,-1
1051,-576452397754,1.8750038612025044,1.8498408232998478,0.15545779272185495,-0.17003449162156029,0.07459091933614592,0.4325674090072105,0,1675914,0.01,0.4262973105,0.05889750689999995,0,-0.07947916666666671,-0.24249166666666533,0,0,206,-1
1052,-576452397742,1.8690897733793332,1.8541225387121467,0.15276800565011078,-0.16323505391172996,0.0928390736781004,0.32211394141015,0,1675924,0.01,0.3066153105,0.09540051689999995,0,-0.07947916666666671,-0.24249166666666533,0,1,207,1
1053,-576452397734,1.870777478972434,1.8523447046124528,0.15403212253376014,-0.1599480004712772,0.25199373115852464,0.15423786909524015,0,1675935,0.011,0.1306827705,0.27432510689999995,0,-0.17572916666666671,-0.25124166666666536,0,0,207,-1
1054,-576452397724,1.8723308208796225,1.8507521875324529,0.15661630344528263,-0.15851976525046405,0.2972913747393175,0.07375655828572149,0,1675945,0.01,0.06246403049999998,0.30364719689999997,0,-0.1144791666666667,-0.08499166666666536,0,0,207,-1
1055,-576452397714,1.8739130993483941,1.8491695584886,0.15978358636831963,-0.15795610843299782,0.4356337701004304,-0.05002311371186925,0,1675955,0.01,-0.06739093950000004,0.45504492690000004,0,0.008020833333333297,-0.006241666666665369,0,0,207,-1
1056,-576452397704,1.875533799777813,1.8475862878859632,0.16430889311856436,-0.1586448873861347,0.5560375506265287,-0.18437830672572852,0,1675965,0.01,-0.2032300095,0.5729316969,0,-0.1144791666666667,-0.06749166666666528,0,0,207,-1
1057,-576452397693,1.8773754149848907,1.8458307110348167,0.17050958783231326,-0.1605749390765392,0.6112607639865613,-0.1200946633141304,0,1675976,0.011,-0.11107486950000002,0.6190092669,0,-0.3244791666666667,0.35250833333333476,0,0,207,-1
1058,-576452397682,1.8791106287559947,1.844219558607223,0.17655442811078303,-0.16168428560909967,0.5634790017676594,-0.055508789933599256,0,1675986,0.01,-0.046446589500000024,0.5567746269,0,-0.4032291666666667,0.21250833333333463,0,0,207,-1
1059,-576452397672,1.8832590088120167,1.8451913462854714,0.18363091150592548,-0.16104400796189028,0.4846558508573659,-0.022372056120974183,0,1675997,0.011,-0.017722909500000036,0.4735956369,0,2.099270833333333,0.12500833333333472,0,1,208,2
1060,-576452397661,1.8853112838378139,1.8434192262383449,0.18939533041561782,-0.16118351668913455,0.76568315475204,0.04677740237713438,0,1676008,0.011,0.056479930499999983,0.8051147768999999,0,-0.10572916666666671,0.07250833333333473,0,0,208,-1
1061,-576452397651,1.8872394184285954,1.841811072796324,0.19643053255119816,-0.16051286972139914,0.3279633093314979,0.18962903209816917,0,1676018,0.01,0.20967289049999996,0.2665457768999999,0,-0.1407291666666667,0.22125833333333467,0,0,208,-1
1062,-576452397639,1.8892199859312524,1.840215014621842,0.19968904978012858,-0.15868037038570346,0.31293655694792877,0.1442332786885554,0,1676028,0.01,0.13786369049999997,0.3108281169,0,0.20052083333333331,0.2037583333333346,0,0,208,-1
1063,-576452397630,1.8912302360182738,1.8386362079140766,0.20246158180779752,-0.15711552268945406,0.058669705152930685,0.23153302193318023,0,1676038,0.01,0.2437822605,0.02299290689999995,0,-0.0532291666666667,0.16875833333333468,0,0,208,-1
1064,-576452397620,1.8934614902361668,1.8369204009134168,0.20319855796710545,-0.15479414182867904,0.11869408121153831,0.08379229936861796,0,1676049,0.011,0.06306244049999998,0.12711624689999995,0,-0.24572916666666672,0.1512583333333346,0,0,208,-1
1065,-576452397609,1.8879189514465986,1.8415470652025183,0.20081304797136404,-0.15105827179369816,0.08147292884825078,0.2177991834321911,0,1676059,0.01,0.2366013405,0.07625139689999995,0,-0.1407291666666667,0.1512583333333346,0,1,209,1
1066,-576452397598,1.8901341703201653,1.8398963387571148,0.201908325219839,-0.1489941131090066,0.21176164179908036,7.619155933413502e-4,0,1676070,0.011,-0.029691109500000024,0.23004276689999995,0,-0.1407291666666667,-0.14624166666666538,0,0,209,-1
1067,-576452397588,1.8921638547124748,1.8384072530848383,0.20402783973453878,-0.14886209849370138,0.21309956031084454,0.08845749166922792,0,1676080,0.01,0.10076227049999999,0.21328728689999996,0,-0.2107291666666667,0.12500833333333472,0,0,209,-1
1068,-576452397578,1.8942139543408072,1.8369238549428373,0.20602929838792827,-0.14785323915418352,0.12090339439893766,0.1769152307330974,0,1676090,0.01,0.18932695049999998,0.10796712689999995,0,0.1130208333333333,0.12500833333333472,0,0,209,-1
1069,-576452397568,1.8962797892838061,1.8354551205053127,0.2071598137353826,-0.1459355146186403,0.06495283543764982,0.2827844006668987,0,1676100,0.01,0.2976391605,0.05710227689999995,0,-0.03572916666666671,0.08125833333333476,0,0,209,-1
1070,-576452397557,1.8983541252218548,1.8340112665485997,0.2077297294347271,-0.1428949973830341,0.008214430075668536,0.434352511505978,0,1676110,0.01,0.4556194005000001,2.5332689999994204e-4,0,-0.1844791666666667,-0.05874166666666536,0,0,209,-1
1073,-576452397522,1.9047938313829411,1.8297478678333767,0.20740799831847873,-0.13305253509415943,-0.020933043436093333,0.3334534735663743,0,1676141,0.01,0.34251991049999997,-0.01769897310000006,0,-0.1319791666666667,0.22125833333333467,0,0,209,-1
1074,-576452397518,1.9068665961120737,1.8284338023026971,0.20715693967538318,-0.12975106785511417,-0.050633105417993804,0.30991767538724624,0,1676151,0.01,0.3066153105,-0.05480039310000005,0,-0.10572916666666671,0.1775083333333347,0,0,209,-1
1075,-576452397508,1.9089349732464016,1.8271523325616277,0.20654753246807073,-0.12656684503489504,-0.12408299155276235,0.3705197031068979,0,1676161,0.01,0.37902292049999997,-0.13438892310000003,0,-0.10572916666666671,0.05500833333333466,0,0,209,-1
1076,-576452397497,1.9112004421138555,1.8257818019129541,0.20532180079862333,-0.12259507929922041,-0.03288835376095897,0.30240870037666456,0,1676172,0.011,0.2928518805,-0.020092613100000052,0,-0.1407291666666667,0.14250833333333457,0,0,209,-1
1077,-576452397484,1.9134566204233034,1.824451971182273,0.20490695468608133,-0.11920870490915379,-0.0673227144865428,0.34125777296495774,0,1676183,0.011,0.3467087805,-0.07215428310000005,0,-0.2807291666666667,0.08125833333333476,0,0,209,-1
1078,-576452397473,1.908438307683,1.829085792615922,0.20076656471217266,-0.11257394935088909,0.019225473436882502,0.2809664462725875,0,1676195,0.012,0.2725059405,0.031370646899999945,0,-0.0444791666666667,0.020008333333334738,0,1,211,1
1079,-576452397463,1.9104469024176947,1.8279743187689907,0.20095376997363196,-0.10973199719289488,0.01570723014381573,0.30345928568512803,0,1676205,0.01,0.3066153105,0.015213576899999946,0,-0.1582291666666667,0.011258333333334702,0,0,211,-1
1080,-576452397453,1.9124571793776535,1.8268930000177277,0.20110358777697282,-0.10656945598155995,0.01055132451532731,0.3943895453717607,0,1676215,0.01,0.4071481905,0.009827886899999937,0,-0.03572916666666671,0.05500833333333466,0,0,211,-1
1081,-576452397444,1.9144691859750491,1.8258469603658987,0.2012781860602404,-0.10263563630628364,0.059770741243622104,0.387211069805486,0,1676225,0.01,0.3862038405,0.06667683689999995,0,-0.21947916666666673,0.1775083333333347,0,0,211,-1
1082,-576452397433,1.9164851994571424,1.8248399236075772,0.2019138459750546,-0.09876991954336493,0.0868181494926103,0.38265433675821386,0,1676235,0.01,0.3820149705,0.09061323689999995,0,-0.009479166666666705,0.18625833333333475,0,0,211,-1
1083,-576452397424,1.9185080721972514,1.8238710314672897,0.2026872924903511,-0.09499423344909307,0.01930133481135332,0.34640879089058535,0,1676245,0.01,0.3413230905,0.009827886899999937,0,0.0430208333333333,0.08125833333333476,0,0,211,-1
1084,-576452397413,1.9205359958522585,1.8229373699581715,0.2028936841606139,-0.09169250492862634,0.028835995543151433,0.23069609878692504,0,1676255,0.01,0.2144601705,0.03017382689999995,0,-0.2019791666666667,0.04625833333333462,0,0,211,-1
1085,-576452397403,1.9268937634002024,1.8271786552449742,0.20514038581259048,-0.08699473599748121,0.04732738166147457,0.16398074310437633,0,1676266,0.011,0.15461917049999999,0.04992135689999995,0,-0.1932291666666667,-0.014991666666665293,0,1,212,2
1086,-576452397392,1.929152401587112,1.8262308732511838,0.20554964195072162,-0.08530146601740587,-0.02491619215740873,0.0922730418624901,0,1676277,0.011,0.08221156049999999,-0.03505286310000006,0,-0.1582291666666667,0.011258333333334702,0,0,212,-1
1087,-576452397380,1.9312054445573104,1.825380965747655,0.20511719473927817,-0.08460738731967224,-0.1539795592471618,-0.06873579881977014,0,1676287,0.01,-0.09132733950000002,-0.17208875310000007,0,-0.3682291666666667,-0.05874166666666536,0,0,212,-1
1088,-576452397371,1.9334520631191832,1.8244468174012194,0.20337188142372017,-0.0852630329614473,-0.18770289072381294,-0.0030088210554348876,0,1676298,0.011,0.006213490499999994,-0.19243469310000005,0,-0.21947916666666673,0.10750833333333465,0,0,212,-1
1089,-576452397361,1.9354772684880641,1.8235949637249496,0.20162742618180468,-0.08515212181205783,-0.0942438917645898,0.09638994826022071,0,1676308,0.01,0.11033683049999998,-0.08113043310000008,0,-0.2544791666666667,0.11625833333333468,0,0,212,-1
1090,-576452397351,1.9374890769822894,1.8227491606185149,0.20072326447403882,-0.08404864244419663,-0.06700069242926143,0.19573372447543302,0,1676318,0.01,0.20967289049999996,-0.06317813310000006,0,-0.23697916666666669,0.03750833333333459,0,0,212,-1
1091,-576452397341,1.9336669266909678,1.8267813321384105,0.19739421012845115,-0.07998613740626018,-0.02691477362329642,0.18749184451839676,0,1676328,0.01,0.18633490049999998,-0.021289433100000043,0,-0.1319791666666667,0.020008333333334738,0,1,213,1
1092,-576452397329,1.9358371628564692,1.8259124877222521,0.19717615437194067,-0.07797412924459814,0.024198780267368877,0.15446584810356542,0,1676339,0.011,0.14983189049999998,0.031370646899999945,0,-0.1319791666666667,0.2037583333333346,0,0,213,-1
1093,-576452397319,1.9380073265324818,1.8250637280254496,0.19740835712066007,-0.0763306081439479,0.002150197051170269,0.11839067541665758,0,1676350,0.011,0.11332888049999998,-9.434931000000467e-4,0,-0.1932291666666667,0.04625833333333462,0,0,213,-1
1094,-576452397309,1.9399816545168633,1.8243059849483896,0.19745059951604832,-0.07520070132261958,0.016754826012556463,0.08036597796197203,0,1676360,0.01,0.07503064049999998,0.018804036899999946,0,-0.3157291666666667,0.011258333333334702,0,0,213,-1
1095,-576452397299,1.9419573043396476,1.82355812016704,0.19766565599897215,-0.07437780642477088,0.05056329822132952,0.09405434284603469,0,1676370,0.01,0.09597499049999998,0.05530704689999995,0,-0.1844791666666667,0.12500833333333472,0,0,213,-1
1096,-576452397289,1.9439377113594762,1.8228189702816247,0.1983619792614162,-0.07344889204812417,0.18644242700433106,0.0857678924406132,0,1676380,0.01,0.08460520049999998,0.20550795689999996,0,-0.1932291666666667,0.05500833333333466,0,0,213,-1
1097,-576452397279,1.9459306714774083,1.8220885955445612,0.20022924605083656,-0.0726184158674859,0.18846823137826374,0.06638106346260136,0,1676390,0.01,0.06366085049999998,0.1887524769,0,-0.1844791666666667,0.020008333333334738,0,0,213,-1
1098,-576452397269,1.9531250035343108,1.8279644736943104,0.2044963703461287,-0.0690723178438294,0.1839950875196092,0.10178008366763415,0,1676400,0.01,0.10674637049999998,0.18336678689999997,0,-0.3507291666666667,0.09875833333333461,0,1,214,2
1099,-576452397258,1.955385240157395,1.827210943682804,0.20646821848833674,-0.06793727939815487,0.14985835463038788,0.11190783163557959,0,1676411,0.011,0.11332888049999998,0.14506854689999996,0,-0.23697916666666669,-0.07624166666666532,0,0,214,-1
1104,-576452397199,1.9660314958156389,1.8237971992022888,0.21025875826010415,-0.0677609316424226,0.10817069872693935,-0.006876156262336619,0,1676462,0.01,0.0026230304999999765,0.11454963689999995,0,-0.1669791666666667,0.03750833333333459,0,0,214,-1
1105,-576452397197,1.9681394855726368,1.8231193261623386,0.211339477119414,-0.0678172518786452,0.10746739863983976,0.0019789579608245934,0,1676472,0.01,0.0032214404999999792,0.10736871689999995,0,-0.2544791666666667,-0.02374166666666533,0,0,214,-1
1106,-576452397186,1.970469721772837,1.822374219449354,0.21237570069216127,-0.06768408037790291,0.011871402779339749,0.07496303741685226,0,1676483,0.011,0.08520361049999998,-0.0015419031000000495,0,-0.0707291666666667,-0.11999166666666539,0,0,214,-1
1107,-576452397176,1.9725938013925215,1.821701166466723,0.2124531700717316,-0.06692841161719737,-0.01720908006805681,0.07922053999426931,0,1676493,0.01,0.07981792049999999,-0.021289433100000043,0,-0.2107291666666667,0.1775083333333347,0,0,214,-1
1108,-576452397164,1.9749300991187482,1.8209689800903501,0.21231533589973428,-0.06616844832069003,0.016471827171364053,0.006275601605177983,0,1676504,0.011,-0.003959479500000021,0.021197676899999948,0,-0.17572916666666671,0.2300083333333347,0,0,214,-1
1109,-576452397154,1.9770539385345423,1.8203072760868595,0.21245913473292452,-0.06615638833605843,0.0017241931710613133,-0.029463718827195763,0,1676514,0.01,-0.03447838950000003,-3.450831000000438e-4,0,-0.1932291666666667,0.24750833333333477,0,0,214,-1
1110,-576452397145,1.983721590566563,1.8252774140135715,0.21449495162201174,-0.06409403080661187,-0.05361721845558933,-0.06587226578630838,0,1676524,0.01,-0.07098139950000001,-0.061382903100000066,0,-0.28947916666666673,-0.032491666666665364,0,1,216,2
1111,-576452397135,1.9858642258999986,1.8246323271267555,0.21401550430305455,-0.06488644531948601,-0.01319740508169235,-0.16113919566595739,0,1676534,0.01,-0.1745063295,-0.007526003100000061,0,-0.28947916666666673,-0.17249166666666538,0,0,216,-1
1112,-576452397125,1.988004160964823,1.8239760395989022,0.2139523612746642,-0.0663986801917795,0.03585743358968182,-0.09047151329394008,0,1676544,0.01,-0.08055595950000004,0.04274043689999995,0,-0.1319791666666667,0.028758333333334773,0,0,216,-1
1113,-576452397113,1.990360669750615,1.823241894290286,0.21447293672142476,-0.0671435291681913,0.11851097778323039,0.07355801922656928,0,1676555,0.011,0.09657340049999999,0.13010829689999995,0,-0.2982291666666667,-0.07624166666666532,0,0,216,-1
1114,-576452397104,1.9925115465123806,1.8225748235771775,0.21569182178476082,-0.06630340768406535,0.14232548558945518,0.1472686966894269,0,1676565,0.01,0.15761122049999998,0.14566695689999995,0,-0.3244791666666667,-0.006241666666665369,0,0,216,-1
1115,-576452397094,1.994674235916383,1.8219193441218902,0.21690611244564914,-0.06480101959354076,-0.006404823015545652,0.1684084767257093,0,1676575,0.01,0.17137465049999998,-0.02727353310000007,0,-0.3857291666666667,0.07250833333333473,0,0,216,-1
1116,-576452397084,1.9968427650036897,1.8212792066445902,0.2168090171454909,-0.0632023946347506,-0.029953465935970154,0.10751162531918419,0,1676585,0.01,0.09896704049999998,-0.033257633100000066,0,-0.1144791666666667,0.10750833333333465,0,0,216,-1
1117,-576452397073,1.989218313987721,1.8294420736521482,0.21171109080570263,-0.05815136937331549,-0.10789544796467543,0.15407129668527902,0,1676596,0.011,0.16060327049999998,-0.11883026310000007,0,-0.24572916666666672,0.04625833333333462,0,1,217,1
1118,-576452397061,1.9915417704333362,1.8288129675322184,0.21069064094942996,-0.05628032339212146,6.533743174091944e-5,0.26842841592694133,0,1676607,0.011,0.28447414050000003,0.015213576899999946,0,-0.2982291666666667,-0.006241666666665369,0,0,217,-1
1119,-576452397052,1.9936490156425588,1.8282633836093118,0.2107422052169379,-0.05362673295131757,0.03591504722799306,0.246814904652518,0,1676617,0.01,0.2437822605,0.04094520689999995,0,-0.14947916666666672,-0.08499166666666536,0,0,217,-1
1120,-576452397042,1.995757551262542,1.827738877015461,0.21099546572211195,-0.05124859987874347,-0.03943988054339624,0.1827564829151409,0,1676627,0.01,0.1737682905,-0.05001311310000006,0,-0.0969791666666667,0.09000833333333458,0,0,217,-1
1121,-576452397032,1.9978656487795077,1.8272354060134164,0.2106189858809476,-0.049440197900415934,-0.026671460994304275,0.1691017141948044,0,1676637,0.01,0.1671857805,-0.024879893100000043,0,-0.2019791666666667,-0.08499166666666536,0,0,217,-1
1122,-576452397022,1.9999710850633623,1.8267493638568573,0.2104428371105688,-0.04776405616950068,0.03787292733455054,0.15850031808344717,0,1676647,0.01,0.1570128105,0.046929306899999954,0,-0.07947916666666671,-0.2337416666666653,0,0,217,-1
1123,-576452397010,2.0058230764273612,1.8306500497293108,0.2125685094116731,-0.044162714133684514,0.08727282622447889,0.1425025312452747,0,1676658,0.011,0.14025733049999997,0.09420369689999995,0,-0.1582291666666667,0.04625833333333462,0,1,218,2
1124,-576452396999,2.0081664287632637,1.830171810648146,0.2135014843097848,-0.04274947093701266,0.06973589607451164,0.04240025368662072,0,1676669,0.011,0.028354660499999983,0.06727524689999996,0,-0.1669791666666667,0.1512583333333346,0,0,218,-1
1125,-576452396989,2.010519465315711,1.829704043292192,0.21431140903437412,-0.042295597440075,0.09749032562075402,0.03428115141793806,0,1676680,0.011,0.03314194049999999,0.10138461689999995,0,-0.2719791666666667,0.07250833333333473,0,0,218,-1
1126,-576452396979,2.012667224911134,1.829282841288122,0.21525165830728055,-0.04194675118815927,0.07309224125241479,0.03852988972963486,0,1676690,0.01,0.03912604049999998,0.06966888689999995,0,-0.1582291666666667,0.19500833333333478,0,0,218,-1
1127,-576452396969,2.014822903228582,1.828865979778581,0.21590609284411325,-0.04145600109487176,0.018661952622684018,0.11357105300089401,0,1676700,0.01,0.12410026049999998,0.011024706899999943,0,-0.2282291666666667,0.3175083333333346,0,0,218,-1
1128,-576452396959,2.0169827284272355,1.8284582624299346,0.21606637450811897,-0.040138681856683955,-1.0542662977771136e-4,0.24297865606347965,0,1676710,0.01,0.2611361505,-0.0027387231000000553,0,-0.1582291666666667,0.0637583333333347,0,0,218,-1
1131,-576452396920,2.023458078469894,1.8273589623360267,0.2151760546404482,-0.03351901064475001,-0.09402538244046535,0.18370013843381908,0,1676740,0.01,0.1833428505,-0.09788591310000005,0,-0.1669791666666667,-0.22499166666666537,0,0,218,-1
1132,-576452396917,2.0258200040038963,1.8270010512487729,0.2142407255933478,-0.03154443861690765,-0.02918984456412843,0.15347451147741362,0,1676751,0.011,0.1492334805,-0.020092613100000052,0,-0.1844791666666667,-0.2949916666666653,0,0,218,-1
1133,-576452396907,2.028175096765502,1.8266633754650412,0.21394972825025124,-0.029852245266559642,-0.009666904183413767,0.15605265494175968,0,1676762,0.011,0.1564144005,-0.006927593100000041,0,-0.0532291666666667,0.028758333333334773,0,0,218,-1
1134,-576452396897,2.030314020046472,1.8263724224120896,0.2138393299368709,-0.028327040242832422,-0.01933453446354138,0.1311805814194381,0,1676772,0.01,0.1276907205,-0.020691023100000056,0,-0.2019791666666667,-0.006241666666665369,0,0,218,-1
1135,-576452396887,2.0324515213697993,1.8260949754092954,0.21365758664124956,-0.027129411431468582,-0.01107812054792761,0.04992833072897575,0,1676782,0.01,0.03852763049999998,-0.009919643100000056,0,-0.24572916666666672,-0.21624166666666533,0,0,218,-1
1136,-576452396877,2.0384691416459075,1.8305303413278244,0.21532747886054526,-0.024690413702795812,-0.023705942029597426,0.0063451327347801905,0,1676792,0.01,2.293904999999821e-4,-0.025478303100000047,0,-0.1319791666666667,0.03750833333333459,0,1,220,2
1137,-576452396867,2.0406203455433203,1.830283882668111,0.214951281042903,-0.02460797659361488,-0.12286878434882575,0.019873896820907185,0,1676802,0.01,0.021772150499999966,-0.13678256310000006,0,-0.0882291666666667,0.12500833333333472,0,0,220,-1
1138,-576452396856,2.0427627526850363,1.8300388455270296,0.21357219730678015,-0.024401747151468946,-0.23005518888692894,0.02521201605240006,0,1676812,0.01,0.025961020499999987,-0.24509477310000005,0,-0.23697916666666669,0.2037583333333346,0,0,220,-1
1139,-576452396844,2.0448866175071068,1.8297980463034174,0.21121632313513422,-0.023843865685354453,-0.26948305380966775,0.2431266324974997,0,1676822,0.01,0.2737027605,-0.27501527310000007,0,0.01677083333333329,0.05500833333333466,0,0,220,-1
1140,-576452396837,2.0469859513261786,1.8295737398906369,0.20862218917495687,-0.021104007670543507,-0.1977170719561796,0.46305847115907706,0,1676832,0.01,0.4939176405,-0.18764741310000005,0,-7.291666666666974e-4,0.002508333333334667,0,0,220,-1
1141,-576452396827,2.0490622252577464,1.829386077013562,0.20663531907407387,-0.016438396878916364,-0.20462977498360452,0.48802139250258014,0,1676842,0.01,0.49152400050000006,-0.20559971310000005,0,-0.1932291666666667,-0.02374166666666533,0,0,220,-1
1142,-576452396815,2.0511179809934137,1.8292448440012536,0.2045318669392637,-0.01175341788245824,-0.24536343459236146,0.34887838335976273,0,1676852,0.01,0.3293548905,-0.2510788731000001,0,-0.3244791666666667,0.0637583333333347,0,0,220,-1
1143,-576452396806,2.044571474550544,1.8372880174726804,0.19780864623097566,-0.004708774078975244,-0.24198015877643503,0.2068608889912868,0,1676863,0.011,0.1869333105,-0.24150431310000006,0,-0.3682291666666667,0.011258333333334702,0,1,221,1
1144,-576452396795,2.0467344791016826,1.837247265150002,0.19540066330500022,-0.002647071828678198,-0.07730759030649836,0.06816180512811665,0,1676874,0.011,0.04870060049999998,-0.054201983100000066,0,-0.3332291666666667,0.19500833333333478,0,0,221,-1
1145,-576452396785,2.048685409058395,1.837223679875648,0.1947472826165513,-0.002044838383664104,0.006977755713841405,0.012261734848372938,0,1676884,0.01,0.004418260499999968,0.018804036899999946,0,-0.3069791666666667,-0.16374166666666534,0,0,221,-1
1146,-576452396775,2.050633733155049,1.8372036968878238,0.19489505235139626,-0.0019451602319875063,0.06247968647278111,-0.00406261097192976,0,1676894,0.01,-0.006353119500000015,0.07026729689999996,0,-0.2719791666666667,-0.06749166666666528,0,0,221,-1
1147,-576452396765,2.0525854489787503,1.837184647191593,0.19546388824517325,-0.0018913921915479576,0.02260387820655644,0.06319931643928725,0,1676904,0.01,0.07263700049999998,0.017008806899999954,0,-0.3069791666666667,0.08125833333333476,0,0,221,-1
1148,-576452396755,2.0545408438685704,1.8371694768991897,0.19563149818608244,-0.0011682607632089404,-0.019037140796535956,0.12815165977829746,0,1676914,0.01,0.13726528049999998,-0.024879893100000043,0,-0.1144791666666667,0.11625833333333468,0,0,221,-1
1149,-576452396744,2.0564954914384015,1.83716378804401,0.19532937858852167,4.862797526753594e-5,-0.09867932517732231,0.08209181847105085,0,1676924,0.01,0.07562905049999999,-0.10985411310000004,0,-7.291666666666974e-4,-0.032491666666665364,0,0,221,-1
1150,-576452396734,2.062302079486146,1.8416533322793014,0.19588439372718436,0.0027208046774458983,-0.13891565841768,-0.006490064142735171,0,1676935,0.011,-0.018919729500000024,-0.14456189310000003,0,-0.3682291666666667,0.14250833333333457,0,1,222,2
1151,-576452396723,2.064447985701738,1.8416817881675265,0.1942953103573669,0.0024934968634318347,-0.1785024363411804,-0.1076519764004453,0,1676946,0.011,-0.1218462495,-0.18405695310000006,0,-0.2107291666666667,0.13375833333333476,0,0,222,-1
1152,-576452396712,2.0663816094661054,1.8417009982926515,0.19244896549280469,0.001365018585353536,-0.22168222262920817,-0.14423943456616095,0,1676956,0.01,-0.14937310950000005,-0.22774088310000004,0,-0.06197916666666671,0.04625833333333462,0,0,222,-1
1153,-576452396702,2.0684857151815477,1.8417080234482608,0.19009457085375275,-1.1461176471968843e-4,-0.166645999027266,-0.07422305712104849,0,1676967,0.011,-0.06439888950000004,-0.15892373310000008,0,-0.2107291666666667,0.23875833333333474,0,0,222,-1
1154,-576452396692,2.0703795469005994,1.841703662562687,0.18861339751450495,-7.813466114430807e-4,-0.036026510169712395,-0.021001662389747024,0,1676977,0.01,-0.013534039500000017,-0.01769897310000006,0,-0.10572916666666671,0.011258333333334702,0,0,222,-1
1155,-576452396681,2.0724519360861944,1.8416926413307095,0.18819114622174724,-0.001180378526540432,-0.05301509376042217,-0.1309534567398183,0,1676988,0.011,-0.14638105950000005,-0.05539880310000005,0,-0.0969791666666667,0.09000833333333458,0,0,222,-1
1156,-576452396672,2.0715756573702078,1.8442893907516869,0.18625807459196386,-0.0013857065842833134,-0.15691256448382762,-0.11876845348576566,0,1676998,0.01,-0.11705896950000003,-0.17149034310000005,0,-0.21947916666666673,0.028758333333334773,0,1,223,1
1157,-576452396661,2.0734299513075007,1.844269873003279,0.18461937782043564,-0.002529260190629922,-0.20643099245176372,-0.08735701462051429,0,1677008,0.01,-0.08294959950000001,-0.21337904310000005,0,-0.10572916666666671,0.002508333333334667,0,0,223,-1
1159,-576452396620,2.0770803690385957,1.8442037129982418,0.18038395931120618,-0.0039801972037347404,-0.2503393113824066,-0.045927280110537046,0,1677028,0.01,-0.04345453950000002,-0.25586615310000005,0,-0.2807291666666667,0.14250833333333457,0,0,223,-1
1160,-576452396619,2.07887111534828,1.844161770864646,0.17779056031983495,-0.004415073804961445,-0.31448591734279285,-0.02854026388786671,0,1677038,0.01,-0.026100649500000024,-0.3234864831000001,0,-0.2719791666666667,0.12500833333333472,0,0,223,-1
1161,-576452396618,2.0808087993220306,1.8441114294393566,0.1744793491121364,-0.004736163278641462,-0.21742354045536,-0.03322294163560599,0,1677049,0.011,-0.03387997950000003,-0.20380448310000007,0,-0.2019791666666667,0.18625833333333475,0,0,223,-1
1162,-576452396609,2.0825427644562557,1.844063139504947,0.17231163260237486,-0.004956824640491915,-0.21282715331949564,0.04544222965239929,0,1677059,0.01,0.056479930499999983,-0.21218222310000007,0,-0.14947916666666672,0.10750833333333465,0,0,223,-1
1163,-576452396598,2.088355832784619,1.8488348367439995,0.17187946489344375,-0.002348830257699308,-0.16135763395661415,0.08660890587762128,0,1677070,0.011,0.09238453049999998,-0.1541364531000001,0,-0.2282291666666667,0.12500833333333472,0,1,224,2
1164,-576452396588,2.090236846150979,1.8488142985463614,0.17011914623956934,-0.001387516048711789,-0.15187633687392343,0.09219863242066448,0,1677081,0.011,0.09298294049999999,-0.15054599310000003,0,-0.2019791666666667,0.1512583333333346,0,0,224,-1
1165,-576452396574,2.0919307201566704,1.8488051377645045,0.16864228387069574,-4.4964781248997104e-4,-0.12237171772448166,0.10338197815452248,0,1677091,0.01,0.1049511405,-0.11823185310000009,0,-0.07947916666666671,0.18625833333333475,0,0,224,-1
1166,-576452396569,2.093611218809617,1.8488057087982321,0.1674487408230609,5.684074004318017e-4,-0.10089882651094699,0.09216340560531866,0,1677101,0.01,0.0905893005,-0.09788591310000005,0,-0.1319791666666667,-0.032491666666665364,0,0,224,-1
1167,-576452396558,2.0952811618243663,1.848815762028991,0.16651784330874012,0.001452753980452593,-0.04525414344886736,0.06559368271669079,0,1677111,0.01,0.06186562049999998,-0.03744650310000005,0,-0.1407291666666667,0.11625833333333468,0,0,224,-1
1168,-576452396546,2.096943959880401,1.848834228363034,0.1660469281020531,0.002211609690602615,-0.05834874747161041,0.1389418248940304,0,1677121,0.01,0.1492334805,-0.06018608310000006,0,-0.0182291666666667,0.21250833333333463,0,0,224,-1
1169,-576452396537,2.0986005966964107,1.8488646315254664,0.16532054085440193,0.0038102916158173437,-0.1601924555732547,0.28808264109920073,0,1677131,0.01,0.3090089505,-0.17448239310000005,0,-0.2544791666666667,0.4662583333333348,0,0,224,-1
1170,-576452396527,2.092317303358561,1.856752850832956,0.1597896628620786,0.010429072991555367,-0.22467796604285795,0.4350051142350216,0,1677142,0.011,0.4556194005000001,-0.23372498310000003,0,-0.1407291666666667,0.3437583333333347,0,1,225,1
1171,-576452396517,2.0939036805527773,1.8568789248639481,0.15749888451760238,0.014784666419422172,-0.2557019699215076,0.4389138818430308,0,1677152,0.01,0.4394623305,-0.2600550231000001,0,-0.3244791666666667,-0.1549916666666653,0,0,225,-1
1172,-576452396506,2.0954650943759665,1.8570467717316388,0.1548192694885082,0.018871448806063035,-0.3429589716928873,0.22371140203713208,0,1677162,0.01,0.19351582049999996,-0.3552022131000001,0,-0.0969791666666667,0.09875833333333461,0,0,225,-1
1173,-576452396497,2.097147958363004,1.8572670391303294,0.151134464798774,0.021207747917322977,-0.2854746742073727,0.14212969723403215,0,1677173,0.011,0.1306827705,-0.2774089131000001,0,-0.2282291666666667,-0.014991666666665293,0,0,225,-1
1174,-576452396486,2.0986466940523343,1.8574863398467838,0.14853313219360542,0.022646811872112108,-0.10679922801821379,0.15465670559466693,0,1677183,0.01,0.1564144005,-0.08172884310000006,0,-0.21947916666666673,0.07250833333333473,0,0,225,-1
1175,-576452396475,2.100127861945482,1.8577208822249038,0.14764791466502689,0.024246418796245343,0.023290422703341168,0.19240774996548957,0,1677193,0.01,0.19770469049999997,0.04154361689999995,0,-0.3244791666666667,0.11625833333333468,0,0,225,-1
1176,-576452396464,2.1088010014986898,1.8667304354054162,0.15124602150042457,0.0302381452837017,0.05556670668474043,0.3083065953422011,0,1677204,0.011,0.3245676105,0.060094326899999946,0,-0.0969791666666667,-0.19874166666666537,0,1,226,2
1177,-576452396454,2.1104678251849145,1.8670826159670988,0.15182293034764544,0.033759882823518425,0.033298353507055053,0.3928868850501049,0,1677215,0.011,0.4047545505,0.03017382689999995,0,-0.26322916666666674,0.04625833333333462,0,0,226,-1
1178,-576452396442,2.1119867645160273,1.867439874184288,0.15201117030407105,0.03769086269265933,-0.06862460566366611,0.39437305271311596,0,1677225,0.01,0.3945815805,-0.08292566310000006,0,-0.009479166666666705,0.2825083333333347,0,0,226,-1
1179,-576452396433,2.113653941248974,1.8678782193451908,0.15114089339173123,0.0420124038289423,-0.14413922397648005,0.3835355997872342,0,1677236,0.011,0.3820149705,-0.15473486310000006,0,-0.1582291666666667,0.23875833333333474,0,0,226,-1
1180,-576452396423,2.1151579733482007,1.8683172042565028,0.14967366548367655,0.04579971489059992,-0.1623523107508425,0.34966589137833143,0,1677246,0.01,0.34491355049999994,-0.16490783310000007,0,-0.1844791666666667,0.002508333333334667,0,0,226,-1
1181,-576452396411,2.1166474075679145,1.868791892246612,0.14817676229107662,0.04917328408785688,-0.07223258960152917,0.2620587332011076,0,1677256,0.01,0.24976636049999998,-0.05958767310000004,0,-0.23697916666666669,0.11625833333333468,0,0,226,-1
1182,-576452396402,2.111663456991813,1.8756821060044133,0.14468870944984386,0.054443535226310374,0.04118727521788116,0.284865132822971,0,1677266,0.01,0.28806460050000005,0.05710227689999995,0,-0.0969791666666667,-0.014991666666665293,0,1,227,1
1183,-576452396392,2.113257979702097,1.8762973414432949,0.14520951928897413,0.057447584612462466,0.0855810576830483,0.20003311634337528,0,1677277,0.011,0.1881301305,0.09181005689999995,0,-0.2282291666666667,-0.09374166666666528,0,0,227,-1
1184,-576452396382,2.1147146001259265,1.8768818295224328,0.14610284808810028,0.059449485544563294,0.11203468441626208,0.20113986053939326,0,1677287,0.01,0.2012951505,0.11574645689999995,0,-0.026979166666666707,-0.10249166666666532,0,0,227,-1
1185,-576452396371,2.1161804910207875,1.8774862638592689,0.1471083247780722,0.061442642807372466,0.030275821165245853,0.18815661162345731,0,1677297,0.01,0.18633490049999998,0.018804036899999946,0,-0.1932291666666667,0.020008333333334738,0,0,227,-1
1186,-576452396361,2.117799772392822,1.8781729618108802,0.1473330845271862,0.06343142702219443,-0.04065854960984258,0.1351308882651456,0,1677308,0.011,0.1276907205,-0.05061152310000006,0,-0.026979166666666707,0.09000833333333458,0,0,227,-1
1189,-576452396322,2.122203482797706,1.8801279847785348,0.14623547781946536,0.06666139327226865,-0.04202426622395916,0.0790613497571553,0,1677338,0.01,0.07682587049999998,-0.04223378310000006,0,-0.2982291666666667,0.29125833333333473,0,0,227,-1
1190,-576452396321,2.1236640317923485,1.880798689776552,0.1458613669237383,0.06747355531848453,-0.009147036840725507,0.09441858903492986,0,1677348,0.01,0.09657340049999999,-0.004533953100000047,0,-0.3332291666666667,0.4662583333333348,0,0,227,-1
1191,-576452396308,2.125123214587736,1.8814789600569657,0.14593020203789273,0.06854483233622566,0.1051016383715116,0.18499560925717257,0,1677358,0.01,0.19770469049999997,0.12113214689999995,0,-0.1407291666666667,0.1775083333333347,0,0,227,-1
1192,-576452396301,2.12658807244094,1.882174493805319,0.14702818767542306,0.07052529377092745,0.1385763929507723,0.27800612026665766,0,1677368,0.01,0.2910566505,0.14327331689999998,0,-0.10572916666666671,0.13375833333333476,0,0,227,-1
1193,-576452396291,2.1280654568730273,1.8828937687317837,0.14844108454852065,0.0733243586167565,0.1579139126428246,0.29154992625505866,0,1677378,0.01,0.29345029050000004,0.16062720689999996,0,-0.10572916666666671,-0.02374166666666533,0,0,227,-1
1194,-576452396280,2.129557440611614,1.8836420904111681,0.14996981039249907,0.07631803797618612,0.12198460512170595,0.34726851084819216,0,1677388,0.01,0.3550865205,0.11694327689999996,0,-0.17572916666666671,0.09875833333333461,0,0,227,-1
1195,-576452396270,2.125337592448188,1.8900829409220525,0.14855762575149095,0.08202641543853943,0.09184889323564567,0.2927260423357651,0,1677398,0.01,0.2850725505,0.08762118689999995,0,-0.14947916666666672,-0.06749166666666528,0,1,229,1
1196,-576452396258,2.126977046566061,1.8910025263064927,0.14953347267831893,0.08518570210875623,0.0692494145322069,0.2529533266383606,0,1677409,0.011,0.2473727205,0.06607842689999995,0,-0.1932291666666667,0.12500833333333472,0,0,229,-1
1197,-576452396249,2.128626266809312,1.8919548823375176,0.1503184308311136,0.08796954299216017,0.08431103449720986,0.25383194888326316,0,1677420,0.011,0.2539552305,0.08642436689999995,0,-0.21947916666666673,-0.04124166666666529,0,0,229,-1
1198,-576452396239,2.130133034481512,1.892846433804552,0.15106579998568007,0.09038132337709179,0.016893732013695956,0.16472793118807622,0,1677430,0.01,0.15222553049999998,0.007434246899999943,0,-0.1319791666666667,-0.05874166666666536,0,0,229,-1
1199,-576452396229,2.1316441247397613,1.8937585647061892,0.15117072308777696,0.09204121804704579,-0.02866097214639008,0.1737054526977677,0,1677440,0.01,0.17496511049999997,-0.03505286310000006,0,-0.21947916666666673,0.2562583333333346,0,0,229,-1
1200,-576452396219,2.1331537442608517,1.894687714580365,0.1507819796382152,0.09378645099822154,-0.10143784384018903,0.1795331080524447,0,1677450,0.01,0.1803508005,-0.11164934310000003,0,-0.1144791666666667,-0.11999166666666539,0,0,229,-1
1201,-576452396206,2.134656628616039,1.895634175503772,0.14978890777360152,0.09552240801938845,-0.08625309238115633,0.13721845239513905,0,1677460,0.01,0.13128118049999998,-0.08412248310000008,0,-0.1844791666666667,0.011258333333334702,0,0,229,-1
1202,-576452396198,2.1427970158033145,1.9048510468740716,0.1519169928787426,0.10050708835481963,-0.058669733628607564,0.16612301977243277,0,1677471,0.011,0.1701778305,-0.05480039310000005,0,2.090520833333333,0.09000833333333458,0,1,230,2
1203,-576452396185,2.14446506489018,1.9059662367256724,0.15134479849274207,0.1022719787986229,-0.011195217521099206,0.12559760909528844,0,1677482,0.011,0.11991139049999998,-0.004533953100000047,0,-0.3507291666666667,-0.06749166666666528,0,0,230,-1
1204,-576452396176,2.1461286064662253,1.9070983467445322,0.1511399659456161,0.10358512111406619,-0.064128654289905,0.08125277206431819,0,1677493,0.011,0.07503064049999998,-0.07155587310000003,0,-0.0532291666666667,0.19500833333333478,0,0,230,-1
1205,-576452396166,2.14763686663064,1.908138209368663,0.1505088078105386,0.10438989863359066,-0.056997765403145356,0.07579625731032391,0,1677503,0.01,0.07503064049999998,-0.055997213100000054,0,-0.2544791666666667,-0.17249166666666538,0,0,230,-1
1206,-576452396156,2.1491387753848175,1.909185773298551,0.14988770490311487,0.10512848170484057,-0.09337951204821604,0.06200541676269497,0,1677513,0.01,0.06007039049999998,-0.09848432310000003,0,-0.1582291666666667,0.05500833333333466,0,0,230,-1
1207,-576452396146,2.150632867656578,1.9102397560221203,0.14893584384694766,0.1056857643360602,-0.10625262536885871,0.01727675714214741,0,1677523,0.01,0.011000770499999982,-0.10805888310000004,0,-0.0182291666666667,0.2825083333333347,0,0,230,-1
1208,-576452396136,2.1513469262403655,1.912077675341645,0.14757923906137174,0.10621675137066004,-0.06742886609019885,0.045883596553518986,0,1677533,0.01,0.049897420499999984,-0.06198131310000005,0,-0.026979166666666707,0.09875833333333461,0,1,231,1
1209,-576452396125,2.1529660319384503,1.9132484726652215,0.14681037338138078,0.10666837736145038,-0.08521704114421119,0.011094791987760005,0,1677544,0.011,0.006213490499999994,-0.08771294310000005,0,-0.0707291666666667,-0.014991666666665293,0,0,231,-1
1210,-576452396115,2.1544297032170583,1.9143159153959888,0.14593202636641361,0.10681046768407568,-0.1036739232385927,0.033052983436769864,0,1677554,0.01,0.03613399049999998,-0.10626365310000006,0,-0.10572916666666671,0.07250833333333473,0,0,231,-1
1211,-576452396104,2.1558836105027384,1.915386176420722,0.14485965490924219,0.1072192614579855,-0.1290351920095431,0.08875738140755815,0,1677564,0.01,0.09657340049999999,-0.13259369310000005,0,-0.0707291666666667,-0.09374166666666528,0,0,231,-1
1212,-576452396095,2.157325755527639,1.916461452616865,0.14356934231276222,0.10789551986657994,-0.1290071655591795,-0.06182151024732574,0,1677574,0.01,-0.08294959950000001,-0.12900323310000006,0,-0.2019791666666667,0.19500833333333478,0,0,231,-1
1213,-576452396084,2.1587556305067075,1.9175364806395896,0.14237794538451704,0.1071467460589452,-0.05868356757895388,-0.15486821134734002,0,1677584,0.01,-0.16792381950000002,-0.048816293100000054,0,-0.2107291666666667,0.16875833333333468,0,0,231,-1
1214,-576452396075,2.160176841136379,1.918599653907378,0.14184816725676763,0.10551204802531433,-0.018019023798281165,-0.21617119875423452,0,1677594,0.01,-0.22477276949999997,-0.01231328310000005,0,-0.07947916666666671,-0.07624166666666532,0,0,231,-1
1215,-576452396064,2.169057423419394,1.9289332576726899,0.14502896500922402,0.10703071724665217,-0.0392532652896534,-0.18278087791874367,0,1677605,0.011,-0.17809678950000005,-0.04223378310000006,0,-0.1932291666666667,-0.014991666666665293,0,1,232,2
1218,-576452396016,2.173517914090977,1.9321676218180213,0.14196351729622175,0.10219045693285282,-0.1375623862682045,-0.05862442232792051,0,1677636,0.01,-0.05183227950000003,-0.13379051310000006,0,0.03427083333333329,0.24750833333333477,0,0,232,-1
1219,-576452396015,2.1749309888499,1.9331867525911075,0.14063745970002975,0.1016287739717418,-0.10224322081002704,-0.04112293553151482,0,1677646,0.01,-0.03866725950000004,-0.09728750310000006,0,-0.1144791666666667,0.020008333333334738,0,0,232,-1
1220,-576452396012,2.176332181877635,1.9342012628975938,0.13960418959037213,0.10126106526421645,-0.10996716742902474,-0.01010667604412617,0,1677656,0.01,-0.005754709500000013,-0.11105093310000005,0,-0.28947916666666673,0.09000833333333458,0,0,232,-1
1221,-576452395999,2.173957178212389,1.939347622046646,0.13662655773015572,0.10256754182209854,-0.10934375799888305,-0.15900000059827712,0,1677667,0.011,-0.17989201950000003,-0.10925570310000006,0,-0.2982291666666667,-0.11124166666666535,0,1,233,1
1222,-576452395992,2.175318019344069,1.9403657995468648,0.13553918516916758,0.10104682310563141,-0.10506832014744573,-0.11014982591073214,0,1677677,0.01,-0.10329553950000003,-0.10446842310000003,0,-0.1144791666666667,-0.11999166666666539,0,0,233,-1
1223,-576452395982,2.1766681960255223,1.9413710991327209,0.13449440236221544,0.09999800827346465,-0.1008687982026385,-0.07265230723039737,0,1677687,0.01,-0.06739093950000004,-0.10027955310000007,0,-0.2544791666666667,0.08125833333333476,0,0,233,-1
1224,-576452395972,2.17800875730816,1.9423682763175583,0.13358880581282173,0.09940094704446938,-0.027408022577960267,0.019599461267461052,0,1677697,0.01,0.03254353049999999,-0.017100563100000056,0,-0.1844791666666667,0.1512583333333346,0,0,233,-1
1225,-576452395962,2.1793438135970393,1.943363815743636,0.13339883411544395,0.09968282184640276,0.032534523039124394,0.08080463432295626,0,1677707,0.01,0.08939248049999998,0.04094520689999995,0,-0.2107291666666667,0.09875833333333461,0,0,233,-1
1226,-576452395928,2.180679494933512,1.9443652610674202,0.13373452849555809,0.10058095891634683,0.03991029452573676,0.14501171007917607,0,1677717,0.01,0.1540207605,0.04094520689999995,0,-0.1844791666666667,0.2562583333333346,0,0,233,-1
1227,-576452395927,2.1820179810765366,1.945378354504739,0.1340001568713855,0.10203627079530883,-0.055216370208521395,0.14871400283063552,0,1677727,0.01,0.1492334805,-0.06856382310000003,0,-0.14947916666666672,0.05500833333333466,0,0,233,-1
1228,-576452395926,2.1833543057182423,1.9464055016485575,0.1333049211197002,0.10342170047902745,-0.1571831386751737,0.07622552457720169,0,1677737,0.01,0.06605449049999998,-0.17149034310000005,0,-0.0182291666666667,0.16000833333333464,0,0,233,-1
1229,-576452395921,2.1910534669409154,1.955369268227965,0.1345574091016674,0.10749283232410686,-0.10623101261371372,0.05628643511350075,0,1677748,0.011,0.05348788049999998,-0.09908273310000006,0,-0.06197916666666671,0.1775083333333347,0,1,234,2
1230,-576452395910,2.1925282414890255,1.9565557163445166,0.13354330790788516,0.10820282923990752,-0.006027185018460293,0.11523117164952452,0,1677759,0.011,0.12350185049999998,0.008032656899999945,0,-0.17572916666666671,0.1775083333333347,0,0,234,-1
1231,-576452395897,2.1938633359239184,1.9576439329979944,0.1334774430349612,0.10941984425965286,-0.009965463676162245,0.1607929034773022,0,1677769,0.01,0.1671857805,-0.010518053100000058,0,-0.2282291666666667,-0.07624166666666532,0,0,234,-1
1232,-576452395889,2.195330554729137,1.958857288606294,0.13330532851563587,0.11118991606920736,-0.050857905478002584,0.16167615880428662,0,1677780,0.011,0.16180009049999997,-0.05659562310000004,0,-0.2107291666666667,0.10750833333333465,0,0,234,-1
1233,-576452395879,2.196659584036946,1.959977257933199,0.13257150027241363,0.11280459861259169,-0.20964934179998518,0.1602105093300835,0,1677790,0.01,0.16000486049999998,-0.23192975310000002,0,-0.1932291666666667,0.09000833333333458,0,0,234,-1
1234,-576452395869,2.1973717187704795,1.9617442713236561,0.13008921919783284,0.11440576835954198,-0.28953765871483933,-0.024166591294107965,0,1677800,0.01,-0.05003704950000001,-0.3007469031,0,-0.2807291666666667,0.2037583333333346,0,1,235,1
1235,-576452395858,2.1987853501084254,1.963000661587839,0.1269293494429104,0.11405003749760269,-0.273128773548666,-0.08306338730144018,0,1677811,0.011,-0.09132733950000002,-0.27082640310000006,0,-0.2107291666666667,-0.014991666666665293,0,0,235,-1
1236,-576452395848,2.2000412462693353,1.9641382558437812,0.12423739577716016,0.11340933833962663,-0.2453956192041275,0.05085459396561111,0,1677821,0.01,0.06964495049999998,-0.24150431310000006,0,-0.06197916666666671,0.24750833333333477,0,0,235,-1
1237,-576452395838,2.2012714762657297,1.965275411146569,0.12180298026293017,0.11399854601797493,-0.23148758332386787,0.1082654711701965,0,1677831,0.01,0.11632093049999997,-0.22953611310000008,0,-0.14947916666666672,-0.006241666666665369,0,0,235,-1
1238,-576452395828,2.202477753577194,1.9664214114691578,0.11946031168415387,0.11517506947023691,-0.2512921029501632,0.17515433227671626,0,1677841,0.01,0.18453967049999997,-0.2540709231000001,0,-0.2282291666666667,0.2037583333333346,0,0,235,-1
1239,-576452395818,2.2036590770036995,1.96758156472085,0.11683572897593564,0.11687115426901323,-0.3308712500859538,0.1356301011640131,0,1677851,0.01,0.13008436049999997,-0.3420371931000001,0,0.05177083333333331,0.14250833333333457,0,0,235,-1
1240,-576452395807,2.204810156811001,1.9687559202141438,0.11341239990487095,0.11804980293700988,-0.4125577344866679,0.00901843083767434,0,1677861,0.01,-0.00874675950000001,-0.4240193631000001,0,-0.0707291666666667,0.10750833333333465,0,0,235,-1
1241,-576452395795,2.209010058408396,1.9737679778816613,0.1103679324965593,0.11946734831679118,-0.34074339052971775,-0.1409034063052156,0,1677872,0.011,-0.16193971950000002,-0.3306674031000001,0,-0.2107291666666667,0.08125833333333476,0,1,236,2
1242,-576452395786,2.2102038372456994,1.9750738037553088,0.10666977079162036,0.11794802072224918,-0.30829225112340247,-0.12104251876809154,0,1677883,0.011,-0.11825578950000003,-0.30373895310000004,0,-0.2982291666666667,0.16000833333333464,0,0,236,-1
1243,-576452395776,2.2112559282706767,1.9762486890528403,0.10370952229244212,0.11695867823169853,-0.22190919857360986,0.03463626326721862,0,1677893,0.01,0.056479930499999983,-0.20978858310000006,0,-0.0882291666666667,0.1775083333333347,0,0,236,-1
1244,-576452395766,2.2122827082487753,1.9774207462368867,0.10161155584804046,0.11741971255279365,-0.13571207099084676,0.11624061598251481,0,1677903,0.01,0.1276907205,-0.12361754310000006,0,-0.026979166666666707,0.13375833333333476,0,0,236,-1
1245,-576452395756,2.213292166648118,1.978601237519067,0.10027447510019716,0.11865733675249618,-0.12143230208559054,0.16983832591261772,0,1677913,0.01,0.1773587505,-0.11942867310000005,0,-0.3157291666666667,0.16875833333333468,0,0,236,-1
1248,-576452395719,2.2162148465893847,1.9822384800728972,0.0934815009867875,0.12379594174138289,-0.33001412927189894,0.20062071000947562,0,1677943,0.01,0.2060824305,-0.3342578631000001,0,-0.3769791666666667,0.2650083333333346,0,0,236,-1
1249,-576452395716,2.2171327644173204,1.9834869473196504,0.09011944065981074,0.1258766114914449,-0.3741435299346684,0.25368988581646307,0,1677953,0.01,0.2611361505,-0.38033543310000006,0,-0.26322916666666674,0.10750833333333465,0,0,236,-1
1250,-576452395706,2.2180160326666045,1.98475831986791,0.08649998005582193,0.12840131927898749,-0.2872127425726737,0.24500136755588017,0,1677963,0.01,0.2437822605,-0.27501527310000007,0,-0.26322916666666674,0.07250833333333473,0,0,236,-1
1251,-576452395694,2.218868889591251,1.9860555211981856,0.08397420873899593,0.130997834734698,-0.040366383968022695,0.34941249249414863,0,1677973,0.01,0.3640626705,-0.005730773100000052,0,-0.3944791666666667,0.0637583333333347,0,0,236,-1
1252,-576452395686,2.2197078810713506,1.9873828262832147,0.08376852823678771,0.1344694882945588,0.1007354031543507,0.33339725700789563,0,1677983,0.01,0.33115012050000003,0.12053373689999995,0,-0.3069791666666667,0.10750833333333465,0,0,236,-1
1253,-576452395676,2.220550320636305,1.9887436216927998,0.08473176512159016,0.13771454548683884,0.06929332157406407,0.27002768827980506,0,1677993,0.01,0.2611361505,0.06488160689999994,0,-0.1932291666666667,0.3700083333333346,0,0,236,-1
1254,-576452395665,2.236336999963544,2.0086321905386333,0.09200299241979872,0.1482299884761406,-0.19223914603059764,0.2045065817336053,0,1678004,0.011,0.19531105049999997,-0.22893770310000003,0,-0.2107291666666667,0.028758333333334773,0,1,238,2
1255,-576452395654,2.237335331228018,2.010274917544399,0.08959044951557298,0.1504517715501965,-0.3855286537828416,0.1864717688129267,0,1678015,0.011,0.1839412605,-0.4126495731000001,0,0.09552083333333329,0.03750833333333459,0,0,238,-1
1256,-576452395644,2.2382111714091026,2.011788434246846,0.08561568364085201,0.15226713277289058,-0.4696617977524756,0.15171644431788578,0,1678025,0.01,0.14683984049999999,-0.4814667231000001,0,0.008020833333333297,0.10750833333333465,0,0,238,-1
1257,-576452395632,2.2391254195983197,2.013473174391609,0.08057874430665608,0.15402651964996805,-0.3850294788870259,0.21093793903810576,0,1678036,0.011,0.21924745050000002,-0.3731545131000001,0,-0.4207291666666667,-0.08499166666666536,0,0,238,-1
1258,-576452395622,2.239989074776469,2.015179988998372,0.07642661900462215,0.1563127675515456,-0.33105918574139864,0.18883746199921023,0,1678047,0.011,0.1857364905,-0.3234864831000001,0,-0.1844791666666667,-0.032491666666665364,0,0,238,-1
1259,-576452395612,2.2407362744306547,2.0167520310087332,0.07303826200018948,0.1581212629064717,-0.3858172205206975,0.13259077892908908,0,1678057,0.01,0.12469867049999998,-0.39350045310000004,0,-0.1319791666666667,0.020008333333334738,0,0,238,-1
1260,-576452395601,2.238144874965734,2.021900574764582,0.06769620801238661,0.16086533695304717,-0.37628729781088377,0.10992672903485426,0,1678067,0.01,0.10674637049999998,-0.37494974310000007,0,-0.1582291666666667,0.2037583333333346,0,1,239,1
1261,-576452395589,2.2388670012552923,2.0236764062273855,0.06359167886687805,0.16202461642939694,-0.35359845905746917,0.07722540283830334,0,1678078,0.011,0.07263700049999998,-0.3504149331000001,0,-0.1844791666666667,0.13375833333333476,0,0,239,-1
1262,-576452395581,2.2394854740902055,2.0253004569359137,0.06009165820371389,0.1627881864718061,-0.3282412364617973,0.07110248231851887,0,1678088,0.01,0.07024336049999999,-0.3246833031000001,0,-0.28947916666666673,-0.014991666666665293,0,0,239,-1
1263,-576452395570,2.2400708657325596,2.0269316831830455,0.056947082177300365,0.16346644860712686,-0.23013641796428158,0.04778365208844049,0,1678098,0.01,0.044511730499999985,-0.21637109310000005,0,-0.23697916666666669,0.08125833333333476,0,0,239,-1
1264,-576452395561,2.240630089925015,2.0285684561998436,0.054842351990060795,0.16390049026361928,-0.09001923469289094,0.016576361132491137,0,1678108,0.01,0.012197590499999989,-0.07035905310000005,0,-0.4382291666666667,-0.05874166666666536,0,0,239,-1
1265,-576452395551,2.241173992932317,2.0302081045172127,0.053939106790983876,0.16403730284553206,-0.09219494404714387,-0.00405648486883237,0,1678118,0.01,-0.0069515295000000185,-0.09250022310000004,0,-0.3419791666666667,-0.14624166666666538,0,0,239,-1
1266,-576452395540,2.241708757702904,2.03184788886315,0.053014572723312364,0.1639364783421879,-0.0940369910240249,-0.04700314896848852,0,1678128,0.01,-0.0530290995,-0.09429545310000007,0,-0.2019791666666667,0.020008333333334738,0,0,239,-1
1267,-576452395530,2.250248791948537,2.043408945296266,0.055784385481052,0.1676578785909727,-0.10843169217007603,-0.0076806840395862875,0,1678138,0.01,-0.0021642495000000293,-0.11045252310000003,0,-0.1932291666666667,-0.014991666666665293,0,1,240,2
1268,-576452395520,2.250856473230123,2.0452538138962493,0.05468263296589339,0.16773534280476565,-0.04880492878998967,0.09843897406446193,0,1678149,0.011,0.11332888049999998,-0.04043855310000005,0,-0.2282291666666667,-0.10249166666666532,0,0,240,-1
1269,-576452395509,2.2514002877483397,2.046936030676518,0.05410748982756964,0.1687107140441275,-0.11021383116793476,0.09207995927739386,0,1678159,0.01,0.09118771049999998,-0.11883026310000007,0,-0.10572916666666671,0.08125833333333476,0,0,240,-1
1270,-576452395500,2.2519347396567575,2.048627350506331,0.05283252804710231,0.16957069263863056,-0.23322102552228047,0.04879054336859474,0,1678169,0.01,0.04271650049999998,-0.2504804631000001,0,-0.3069791666666667,0.04625833333333462,0,0,240,-1
1271,-576452395483,2.2524501397308643,2.050325496271028,0.050303065987362866,0.17005848739033835,-0.3737784940198813,0.04871166773177628,0,1678179,0.01,0.04870060049999998,-0.39350045310000004,0,-0.1932291666666667,0.16875833333333468,0,0,240,-1
1272,-576452395473,2.253070792837248,2.052539268692285,0.045224491195025605,0.17054942272111653,-0.49760349683499266,-0.03158895455837486,0,1678192,0.013,-0.04285612950000002,-0.5149776831,0,-0.21947916666666673,0.12500833333333472,0,0,240,-1
1273,-576452395465,2.252287095153007,2.0557736853469417,0.03928956774392729,0.17071812792845922,-0.4309747546504654,-0.05511380414787481,0,1678203,0.011,-0.05841478950000001,-0.42162572310000007,0,-0.17572916666666671,0.29125833333333473,0,1,241,1
1274,-576452395387,2.2526933991498725,2.0576490902991167,0.034575330252790304,0.170230786472327,-0.4138548836887284,0.021757527622810982,0,1678214,0.011,0.03254353049999999,-0.4114527531000001,0,-0.14947916666666672,0.002508333333334667,0,0,241,-1
1276,-576452395386,2.25330633345241,2.0610509834087054,0.026949872933374988,0.16956817791224482,-0.24193071012569164,-0.10497924100325834,0,1678234,0.01,-0.10987804950000002,-0.22355201310000009,0,-0.2282291666666667,0.08125833333333476,0,0,241,-1
1277,-576452395385,2.253564522677547,2.0627415192232963,0.02465334432111684,0.1685344505504336,-0.1544437592265661,-0.09353194705866738,0,1678244,0.01,-0.0919257495,-0.14216825310000006,0,-0.24572916666666672,0.09000833333333458,0,0,241,-1
1278,-576452395385,2.2538035155507887,2.064421709354594,0.02313726597734739,0.16752452763534614,-0.1342327314006038,-0.14670022022569001,0,1678254,0.01,-0.15416038950000002,-0.13139687310000003,0,-0.1407291666666667,0.16000833333333464,0,0,241,-1
1279,-576452395385,2.2540284252346354,2.066089211935616,0.02183377195155992,0.16599385746182893,-0.10655651070574916,-0.19207595076842643,0,1678264,0.01,-0.1984427295,-0.10267319310000005,0,0.008020833333333297,0.03750833333333459,0,0,241,-1
1280,-576452395384,2.254241541161987,2.0677397747236266,0.020784766412369354,0.16410870714594358,-0.0947545892976046,-0.16669745741357242,0,1678274,0.01,-0.1631365395,-0.09309863310000006,0,-0.0707291666666667,0.1512583333333346,0,0,241,-1
1281,-576452395383,2.2544443199633175,2.06937330463148,0.01978550620843536,0.16256319028972765,-0.13161113223031326,-0.0801351207606533,0,1678284,0.01,-0.06798934950000002,-0.13678256310000006,0,-0.24572916666666672,0.35250833333333476,0,0,241,-1
1282,-576452395373,2.262019540298191,2.0801108936251764,0.02192728461261495,0.16562422219759304,-0.11725339746338455,-0.03957075079124639,0,1678294,0.01,-0.03387997950000003,-0.11523980310000008,0,-0.10572916666666671,0.09875833333333461,0,1,242,2
1283,-576452395364,2.2622532514934126,2.0819302301933984,0.020579325261762853,0.16516853048305655,-0.1553706403623792,-0.052947417037355275,0,1678305,0.011,-0.054824329500000026,-0.16071896310000006,0,-0.1319791666666667,0.04625833333333462,0,0,242,-1
1284,-576452395354,2.2624508475673912,2.083578110367895,0.018960169881901995,0.16446256263488357,-0.20151826766339084,-0.1773912532246465,0,1678315,0.01,-0.1948522695,-0.20799335310000008,0,-0.0532291666666667,-0.049991666666665324,0,0,242,-1
1285,-576452395343,2.262630839327485,2.085213210655118,0.01701737549303618,0.16258676998467841,-0.14999589244403835,-0.24990445623256952,0,1678325,0.01,-0.26007895950000004,-0.14276666310000005,0,-0.26322916666666674,0.03750833333333459,0,0,242,-1
1286,-576452395333,2.2601463756563627,2.0897147063832935,0.01439029181641572,0.16134038679602983,-0.10114952676854909,-0.19427917821977822,0,1678335,0.01,-0.18647452950000007,-0.09429545310000007,0,-0.2019791666666667,-0.1812416666666653,0,1,243,1
1287,-576452395284,2.2602980791147473,2.09147786216058,0.013208332878275813,0.1592281761288166,-0.14656699767654335,-0.17798888063734564,0,1678346,0.011,-0.17570314950000004,-0.15293963310000008,0,2.0467708333333334,-0.006241666666665369,0,0,243,-1
1288,-576452395283,2.260422479663032,2.093061717009065,0.011688592197195162,0.15752034745164806,-0.1846916857166366,-0.12718011987057892,0,1678356,0.01,-0.12005101950000002,-0.19004105310000008,0,-0.2982291666666667,0.0637583333333347,0,0,243,-1
1289,-576452395283,2.260530031649334,2.094630693925721,0.009826236688720803,0.15626912694931874,-0.1956801544226343,-0.1125318006707003,0,1678366,0.01,-0.11047645950000004,-0.1972219731000001,0,-0.1407291666666667,0.1775083333333347,0,0,243,-1
1290,-576452395283,2.260619432362712,2.096187840908686,0.008013354362263282,0.15515664867640394,-0.09312636399847478,-0.10338248250712916,0,1678376,0.01,-0.10209871950000003,-0.07873679310000006,0,-0.1932291666666667,0.1512583333333346,0,0,243,-1
1291,-576452395240,2.260693721485648,2.0977338239848495,0.006896566545231865,0.15405813269712498,-0.22534590836385998,-0.1494866342274883,0,1678386,0.01,-0.15595561950000003,-0.2438979531,0,-0.0707291666666667,0.29125833333333473,0,0,243,-1
1292,-576452395239,2.2607515660073942,2.099267158190259,0.004665932033071949,0.152598749859333,-0.2090789846001355,-0.12419777116939337,0,1678396,0.01,-0.12064942950000004,-0.20679653310000007,0,-0.1844791666666667,0.21250833333333463,0,0,243,-1
1293,-576452395239,2.2607875394765853,2.100786638435192,0.002538925306359871,0.15131033166563596,-0.23489057613155495,-0.15729567271352612,0,1678406,0.01,-0.16193971950000002,-0.23851226310000007,0,-0.2282291666666667,0.19500833333333478,0,0,243,-1
1294,-576452395238,2.2608016507199813,2.102292340147103,2.628775618327781e-4,0.14980971129624665,-0.1829650145059237,-0.10574189500360201,0,1678416,0.01,-0.09850825950000001,-0.17567921310000006,0,-0.21947916666666673,0.27375833333333466,0,0,243,-1
1295,-576452395238,2.2607954102442904,2.1037849619887434,-0.0015232001974859414,0.14872290410483685,-0.1519111816539757,-0.12668675537616153,0,1678426,0.01,-0.12962557950000003,-0.14755394310000003,0,-0.1844791666666667,0.2650083333333346,0,0,243,-1
1296,-576452395233,2.2682677921988224,2.114494146805644,3.5632698509048674e-4,0.15126763050670863,-0.21578548906367004,-0.16074977728953405,0,1678436,0.01,-0.1655301795,-0.22474883310000004,0,-0.0532291666666667,0.14250833333333457,0,1,244,2
1297,-576452395221,2.268258688246435,2.1161476464788382,-0.0020132899313463843,0.1493936753651668,-0.21315037266822698,-0.23001434072481497,0,1678447,0.011,-0.23973301950000003,-0.21278063310000006,0,-0.3069791666666667,0.0637583333333347,0,0,244,-1
1298,-576452395212,2.2682274856059768,2.1176301257153614,-0.004207596868105563,0.14710005132480244,-0.25743219349239466,-0.22541773095745915,0,1678457,0.01,-0.22477276949999997,-0.2636454831000001,0,-0.10572916666666671,0.0637583333333347,0,0,244,-1
1299,-576452395198,2.265193549198029,2.1223404707745956,-0.008089208266970509,0.14628140710867427,-0.2303450900913895,-0.1466600464176779,0,1678467,0.01,-0.13560967950000002,-0.22654406310000008,0,-0.4994791666666667,0.16000833333333464,0,1,245,1
1300,-576452395191,2.265090993335044,2.1239406441154416,-0.010569856340385944,0.14466051110785796,-0.19552513534512372,-0.15166316044458378,0,1678478,0.011,-0.15236515950000004,-0.19063946310000007,0,-0.3594791666666667,0.18625833333333475,0,0,245,-1
1301,-576452395180,2.26497592971698,2.125379753592056,-0.012462465277239787,0.1431571479888397,-0.15135756232176645,-0.14230801292320075,0,1678488,0.01,-0.14099536950000002,-0.14516030310000005,0,-0.3069791666666667,0.09875833333333461,0,0,245,-1
1302,-576452395171,2.2648439002845016,2.1268047848241047,-0.01395070980382606,0.1418234247138256,-0.13332820581061192,-0.07870839591198797,0,1678498,0.01,-0.06978457950000005,-0.13079846310000007,0,-0.06197916666666671,0.3700083333333346,0,0,245,-1
1303,-576452395161,2.2646976098612654,2.1282195552154457,-0.015302235564714429,0.14110992116362436,-0.14632828103624626,-0.02627656655795825,0,1678508,0.01,-0.018919729500000024,-0.14815235310000005,0,-0.14947916666666672,0.27375833333333466,0,0,245,-1
1306,-576452395079,2.2641588535354735,2.1324287494587533,-0.021500949848679663,0.1386966195674475,-0.35688846618895415,-0.4072031357235789,0,1678538,0.01,-0.4479796995,-0.3683672331000001,0,-0.1844791666666667,0.11625833333333468,0,0,245,-1
1307,-576452395078,2.26390152898108,2.133930006011675,-0.025313141010386984,0.13425090954098964,-0.2824656665053654,-0.38523675554388004,0,1678549,0.011,-0.3821545995,-0.2720232231000001,0,-0.2019791666666667,0.3175083333333346,0,0,245,-1
1308,-576452395078,2.263635293365468,2.135254001996188,-0.027982653706758658,0.13051252784377732,-0.1730756863489733,-0.3048668199581285,0,1678559,0.01,-0.29358991949999996,-0.15772691310000006,0,-0.17572916666666671,0.11625833333333468,0,0,245,-1
1309,-576452395078,2.263346792395519,2.1365450791859475,-0.02971661839454951,0.12764954613647853,-0.17535885602845483,-0.17270441663763592,0,1678569,0.01,-0.15416038950000002,-0.17567921310000006,0,-0.1669791666666667,0.011258333333334702,0,0,245,-1
1310,-576452395078,2.2630411011736165,2.1378138833414506,-0.03143230591639781,0.12606978333694477,-0.14835137782580743,-0.06775483032621112,0,1678579,0.01,-0.0530290995,-0.14456189310000003,0,-0.1319791666666667,0.24750833333333477,0,0,245,-1
1311,-576452394984,2.2626861420379947,2.1391970541875347,-0.03309754312294521,0.1253978504932826,-0.17021748640712198,-0.019680986978738844,0,1678590,0.011,-0.012935629500000012,-0.17328557310000006,0,-0.23697916666666669,0.35250833333333476,0,0,245,-1
1312,-576452394983,2.259163058257345,2.143908069434591,-0.036338692574389694,0.12659526689804118,-0.24112945591313778,-0.03423162932205173,0,1678600,0.01,-0.03627361950000002,-0.2510788731000001,0,-0.2807291666666667,0.1512583333333346,0,1,247,1
1313,-576452394983,2.258749019037837,2.145298359928921,-0.03895072452375695,0.12619112583671435,-0.21469454896532522,-0.05229045228068144,0,1678611,0.011,-0.054824329500000026,-0.21098540310000002,0,-0.1582291666666667,0.1512583333333346,0,0,247,-1
1314,-576452394982,2.258308241646954,2.1466831677080274,-0.04121674643692356,0.12559713535756517,-0.15266675343089078,-0.06448331007107203,0,1678622,0.011,-0.06619411950000004,-0.14396348310000007,0,-0.1669791666666667,0.3437583333333347,0,0,247,-1
1315,-576452394982,2.2578878579768547,2.147936663542552,-0.04283169509308857,0.12506568770142032,-0.21482976962992104,0.015356862389916764,0,1678632,0.01,0.02655943049999999,-0.22355201310000009,0,-0.17572916666666671,0.1775083333333347,0,0,247,-1
1316,-576452394982,2.257448749297375,2.1491886238194606,-0.04498779159590434,0.12530237955395798,-0.22037965520365196,0.07451004418956428,0,1678642,0.01,0.08280997049999998,-0.22115837310000006,0,-0.3244791666666667,0.1512583333333346,0,0,247,-1
1317,-576452394982,2.2569879312283696,2.150446222216862,-0.04717929018154419,0.126179947566973,-0.21161656370733278,0.16890170744716593,0,1678652,0.01,0.1821460305,-0.21038699310000006,0,-0.2282291666666667,0.14250833333333457,0,0,247,-1
1318,-576452394981,2.2565052512371544,2.1517164579713977,-0.04934327789895796,0.12786758953531033,-0.24569836320670985,0.1679216980007219,0,1678662,0.01,0.1677841905,-0.2504804631000001,0,-0.07947916666666671,0.05500833333333466,0,0,247,-1
1319,-576452394981,2.255999222395646,2.1530032082531885,-0.0518488529175966,0.12949656689552322,-0.2803291179639521,0.13211625849959643,0,1678672,0.01,0.12709231049999997,-0.28518824310000007,0,-0.23697916666666669,0.3350083333333347,0,0,247,-1
1320,-576452394980,2.2554122205487928,2.1544344001651057,-0.05488932075202423,0.13076532190487722,-0.2520541520926598,0.011209947975494919,0,1678683,0.011,-0.005754709500000013,-0.2480868231000001,0,-0.17572916666666671,0.2300083333333347,0,0,247,-1
1321,-576452394974,2.254851319261085,2.1557422357326748,-0.057319336489742585,0.13081985218683934,-0.18822561047795802,-0.029381337808755507,0,1678693,0.01,-0.03507679950000003,-0.17926967310000008,0,-0.07947916666666671,0.19500833333333478,0,0,247,-1
1322,-576452394964,2.2590825920289634,2.163127043672031,-0.05693575841277887,0.13300319996444335,-0.05389978471066618,-0.01495866370771347,0,1678704,0.011,-0.012935629500000012,-0.03505286310000006,0,-0.07947916666666671,0.3175083333333346,0,1,248,2
1323,-576452394953,2.258453198553616,2.1645898940038144,-0.05750479856123786,0.1329425069808487,-0.03842148135883624,0.0524125957892399,0,1678715,0.011,0.06186562049999998,-0.03624968310000006,0,-0.21947916666666673,0.30000833333333476,0,0,248,-1
1324,-576452394942,2.2578175103820843,2.1660556600081473,-0.05804273183753726,0.13355127484939092,-0.113134393335618,0.07329710446852314,0,1678726,0.011,0.07622746049999998,-0.12361754310000006,0,-0.1932291666666667,0.14250833333333457,0,0,248,-1
1325,-576452394932,2.252262706435514,2.172815633392339,-0.06162636476286425,0.13650631644022512,-0.1894997604567409,0.05750025267307205,0,1678737,0.011,0.05528311049999998,-0.20021402310000008,0,-0.0969791666666667,0.2300083333333347,0,1,249,1
1326,-576452394920,2.251573272656664,2.1743214583993216,-0.06372293149707792,0.13725001978626433,-0.19732132975427505,0.1295495140124601,0,1678748,0.011,0.13965892049999998,-0.19841879310000005,0,-0.1932291666666667,0.1512583333333346,0,0,249,-1
1327,-576452394911,2.250926404478642,2.1757004259808252,-0.0656617333177495,0.1385439450917621,-0.1730944458941604,0.1284442173532146,0,1678758,0.01,0.1282891305,-0.16969511310000004,0,-0.14947916666666672,0.08125833333333476,0,0,249,-1
1328,-576452394901,2.2502615917411344,2.1770918873611302,-0.06732138144138183,0.139766251028824,-0.12235866367384415,0.0842269258431417,0,1678768,0.01,0.07802269049999998,-0.11523980310000008,0,-0.1932291666666667,0.1512583333333346,0,0,249,-1
1329,-576452394891,2.249581707174153,2.178493041927433,-0.06863121084076039,0.14049630671213265,-0.1838120232681547,0.004267737953359968,0,1678778,0.01,-0.0069515295000000185,-0.19243469310000005,0,-0.3332291666666667,0.32625833333333465,0,0,249,-1
1330,-576452394879,2.248815015768379,2.1800375982016815,-0.07074477544943363,0.1403736588898232,-0.24385141984606867,-0.10685303457791114,0,1678789,0.011,-0.12244465950000002,-0.2522756931000001,0,-0.14947916666666672,-0.06749166666666528,0,0,249,-1
1331,-576452394869,2.254108069133954,2.1887644896628955,-0.07045601625939421,0.14227583640015717,-0.27117997590125553,-0.17037932619464272,0,1678799,0.01,-0.17929360950000003,-0.27501527310000007,0,-0.2719791666666667,0.10750833333333465,0,1,250,2
1332,-576452394859,2.2533173252526764,2.190319003247024,-0.07333989257314744,0.140371273834058,-0.20632230947469118,-0.19026660693737074,0,1678810,0.011,-0.19305703950000005,-0.1972219731000001,0,-0.26322916666666674,0.27375833333333466,0,0,250,-1
1334,-576452394772,2.2518105124912693,2.1930858183952036,-0.07727226711711052,0.13616873237544905,-0.1213316315861799,-0.2722715395069307,0,1678830,0.01,-0.27982648950000005,-0.11045252310000003,0,-0.0969791666666667,0.09000833333333458,0,0,250,-1
1335,-576452394771,2.251031440908316,2.194432926342424,-0.0785296378328324,0.1332953209239252,-0.15272379286449905,-0.3796541019025116,0,1678840,0.01,-0.39472120950000006,-0.1571285031000001,0,-0.2019791666666667,-0.014991666666665293,0,0,250,-1
1336,-576452394771,2.2502385207864433,2.195746759252889,-0.08005493232444444,0.12947729447905906,-0.15133874282767285,-0.394966350751095,0,1678850,0.01,-0.39711484950000003,-0.15114440310000005,0,-0.2544791666666667,0.0637583333333347,0,0,250,-1
1337,-576452394770,2.2494298402677866,2.197022285592369,-0.0816564401629145,0.12560598353973762,-0.21414158420796603,-0.3391249866431212,0,1678860,0.01,-0.33128974950000006,-0.22295360310000004,0,-0.1582291666666667,-0.049991666666665324,0,0,250,-1
1338,-576452394770,2.2486018770024985,2.198261271748599,-0.08390589424492562,0.12219639426849084,-0.29113990244412746,-0.35219538958405605,0,1678870,0.01,-0.3540293295,-0.30194372310000006,0,-0.3419791666666667,0.13375833333333476,0,0,250,-1
1339,-576452394769,2.247748543697316,2.1994656397612125,-0.08677315352565285,0.11867660172417581,-0.25968171730362843,-0.3506550046443832,0,1678880,0.01,-0.3504388695,-0.25526774310000006,0,-0.2807291666666667,0.0637583333333347,0,0,250,-1
1340,-576452394769,2.246867730839009,2.20063547822524,-0.08938515659479081,0.11526456756680735,-0.27050463349694537,-0.2832939783633298,0,1678890,0.01,-0.27384238950000006,-0.2720232231000001,0,-0.4994791666666667,0.24750833333333477,0,0,250,-1
1341,-576452394768,2.245960577816484,2.201774750319097,-0.09205525513119166,0.11255517951684993,-0.24559750295485164,-0.19523924286047892,0,1678900,0.01,-0.18288406950000002,-0.24210272310000006,0,-0.2719791666666667,0.028758333333334773,0,0,250,-1
1342,-576452394757,2.240882609468038,2.207317945237624,-0.09651972169762912,0.11239134402223908,-0.19897674020705294,-0.0647546893128176,0,1678911,0.011,-0.046446589500000024,-0.19243469310000005,0,-0.3769791666666667,0.1775083333333347,0,1,251,1
1343,-576452394747,2.2398087097680115,2.2085506044601915,-0.09872954915876603,0.1117183466254913,-0.21265643234062437,-0.03925336247704316,0,1678922,0.011,-0.03567520950000004,-0.2145758631000001,0,-0.3244791666666667,0.14250833333333457,0,0,251,-1
1344,-576452394737,2.2436609527846,2.2155631429685174,-0.09870566651730711,0.11358311035864417,-0.26524252695488504,-0.18777556021617525,0,1678932,0.01,-0.20861569950000003,-0.2726216331000001,0,-0.17572916666666671,0.002508333333334667,0,1,252,2
1345,-576452394727,2.2426606878922186,2.216687777660647,-0.10135169337545712,0.1114223183930117,-0.26069333171060294,-0.3891986303337795,0,1678942,0.01,-0.41746078950000004,-0.2600550231000001,0,-0.1669791666666667,-0.006241666666665369,0,0,252,-1
1346,-576452394717,2.241633551972807,2.2177823282681275,-0.10404989864278119,0.10749702315425883,-0.32573071957483607,-0.4129336511953186,0,1678952,0.01,-0.4162639695,-0.3348562731000001,0,-0.2019791666666667,0.028758333333334773,0,0,252,-1
1347,-576452394707,2.2405772697399193,2.218837144163497,-0.10722860089191856,0.10344458649665901,-0.26971057531898673,-0.3581286868767085,0,1678962,0.01,-0.3504388695,-0.26185025310000004,0,-2.310729166666667,0.16000833333333464,0,0,252,-1
1348,-576452394697,2.2394917204406286,2.2198535508695283,-0.10989099949062846,0.09984257225244561,-0.24497501896470758,-0.3729009477699071,0,1678972,0.01,-0.3749736795,-0.24150431310000006,0,-0.07947916666666671,0.12500833333333472,0,0,252,-1
1349,-576452394687,2.238381404701769,2.2208333670750053,-0.11220909433968668,0.09611911193863973,-0.15114491272638853,-0.3689460857724355,0,1678982,0.01,-0.3683911695,-0.13797938310000005,0,-0.21947916666666673,0.23875833333333474,0,0,252,-1
1353,-576452394568,2.2298660419972656,2.2284881289834773,-0.11909478225218584,0.08764949355123183,-0.13696611778024254,-0.07362813251268437,0,1679024,0.01,-0.07157980950000004,-0.14276666310000005,0,-0.4294791666666667,0.2300083333333347,0,0,253,-1
1354,-576452394567,2.2286673256298566,2.2293601225449518,-0.12060727779342177,0.0867859494700804,-0.23861193247659418,-0.16419264346338236,0,1679034,0.01,-0.17689996950000003,-0.2528741031000001,0,-0.12322916666666671,0.12500833333333472,0,0,253,-1
1355,-576452394566,2.2274480673418484,2.230217377957466,-0.12318917355540888,0.08477046324376446,-0.3781152714836403,-0.4303781025678352,0,1679044,0.01,-0.46772722950000006,-0.39768932310000005,0,-0.26322916666666674,-0.049991666666665324,0,0,253,-1
1356,-576452394566,2.226197983275007,2.2310430005694424,-0.12685892481959787,0.08037875244605776,-0.29872177677238587,-0.493043820702861,0,1679054,0.01,-0.5018365995,-0.28758188310000005,0,-0.1407291666666667,-0.10249166666666532,0,0,253,-1
1357,-576452394565,2.224915790450615,2.231822769148034,-0.12963804416379535,0.07554720805325356,-0.15041142765138102,-0.42256286344113914,0,1679064,0.01,-0.41267350950000004,-0.12960164310000005,0,-0.2807291666666667,-0.014991666666665293,0,0,253,-1
1358,-576452394565,2.223612906777609,2.232558841188217,-0.1309832771913577,0.07159146277906211,-0.03717755256343422,-0.23021833629730715,0,1679074,0.01,-0.2032300095,-0.021289433100000043,0,-0.3769791666666667,-0.06749166666666528,0,0,253,-1
1359,-576452394564,2.222301142287041,2.2332641553273587,-0.1313664285688324,0.06943146433663146,-0.04528506796365857,-0.12888382095634196,0,1679084,0.01,-0.11466532950000004,-0.04642265310000006,0,-0.0969791666666667,0.04625833333333462,0,0,253,-1
1360,-576452394564,2.2209850963447133,2.2339523405417054,-0.13183761455305124,0.06819178369373717,-0.05835255265125512,-0.09384945614147978,0,1679094,0.01,-0.0889336995,-0.06018608310000006,0,-0.1407291666666667,0.011258333333334702,0,0,253,-1
1361,-576452394522,2.219663373223212,2.2346287654025097,-0.13248819302405734,0.06712827151770236,-0.10614086865491636,-0.18294891804595997,0,1679104,0.01,-0.19545067950000006,-0.11284616310000008,0,-0.0532291666666667,-0.032491666666665364,0,0,253,-1
1362,-576452394521,2.2242397038881845,2.2426876873250583,-0.13092776683498553,0.06817410780522774,-0.12566457255578806,-0.19496117227624518,0,1679115,0.011,-0.19664749950000002,-0.12840482310000004,0,-0.23697916666666669,0.2037583333333346,0,1,254,2
1365,-576452394521,2.220261498243008,2.2446396288666963,-0.1340745069452793,0.06172108123930313,-0.13034445667002698,-0.15578740563583626,0,1679145,0.01,-0.14338900950000005,-0.13678256310000006,0,-0.2719791666666667,-0.09374166666666528,0,0,254,-1
1366,-576452394477,2.2189148312313565,2.245249638406463,-0.13528499468209818,0.06025504299419752,-0.06409589005173155,-0.09033776693871533,0,1679155,0.01,-0.08115436950000002,-0.05480039310000005,0,-0.1407291666666667,0.10750833333333465,0,0,254,-1
1367,-576452394476,2.213648556262095,2.2498103155223776,-0.13764685811762203,0.0609182382798711,-0.027606688285961207,-0.07493705677107848,0,1679166,0.011,-0.07277662950000005,-0.022486253100000048,0,-0.26322916666666674,0.09000833333333458,0,1,255,1
1368,-576452394476,2.21213306173397,2.250476068208405,-0.1379088306807514,0.060120307762102,-5.508880126761859e-4,-0.057823924558562174,0,1679177,0.011,-0.05542273950000001,0.0032453768999999395,0,-0.3419791666666667,-0.13749166666666535,0,0,255,-1
1369,-576452394475,2.2106170748249507,2.251133575475916,-0.13776641483086885,0.059438905228448136,0.09566382703227119,-0.08720483302174839,0,1679188,0.011,-0.09132733950000002,0.10916394689999996,0,-0.2282291666666667,0.020008333333334738,0,0,255,-1
1370,-576452394470,2.209244526626832,2.25172346695951,-0.13675941932835634,0.058546069194754496,0.13111776844861964,-0.10184039791673263,0,1679198,0.01,-0.10389394950000003,0.13609239689999994,0,-0.2544791666666667,-0.04124166666666529,0,0,255,-1
1371,-576452394459,2.2134494819384694,2.25926092817427,-0.1327858225804161,0.06048183741940723,0.08720150330574349,-7.841680437860062e-4,0,1679209,0.011,0.013394410499999978,0.08103867689999995,0,-0.3069791666666667,0.30000833333333476,0,1,256,2
1372,-576452394448,2.211994082542249,2.259926353832218,-0.13183089302187062,0.06049804177965681,0.08442088253924122,0.015323214600939649,0,1679220,0.011,0.017583280499999982,0.08403072689999995,0,-0.3769791666666667,0.3175083333333346,0,0,256,-1
1373,-576452394439,2.210679514328127,2.260532242420289,-0.13105946092363543,0.06067272048756277,0.0331753427884649,0.030424616234828887,0,1679230,0.01,0.03254353049999999,0.025984956899999946,0,-0.2107291666666667,0.14250833333333457,0,0,256,-1
1374,-576452394429,2.209369927660001,2.261139700173101,-0.130828746676632,0.060854215192127394,-0.0387274394502064,-0.05692932612408901,0,1679240,0.01,-0.06918616950000003,-0.048816293100000054,0,-0.0532291666666667,0.028758333333334773,0,0,256,-1
1375,-576452394419,2.2080595864806116,2.261744742147558,-0.13123432911923397,0.06018293480754213,-0.051773104252278816,-0.129601711034075,0,1679250,0.01,-0.13979854950000006,-0.05360357310000006,0,-0.2544791666666667,-0.014991666666665293,0,0,256,-1
1376,-576452394408,2.2067454512047058,2.262340501483712,-0.13162766133546047,0.05895095028106112,0.03688334554804205,-0.08396702316208696,0,1679260,0.01,-0.07756390950000003,0.04932294689999995,0,-0.2982291666666667,0.09875833333333461,0,0,256,-1
1377,-576452394396,2.202724029918843,2.2656885352030685,-0.13239506402310386,0.05935521089325838,0.10341836886493955,-0.02587380179395869,0,1679270,0.01,-0.017722909500000036,0.11275440689999995,0,-0.3069791666666667,-0.014991666666665293,0,1,257,1
1378,-576452394388,2.2012728555663315,2.2663400040793653,-0.13141715678721944,0.05909031458689726,-0.00122147323475294,-0.012953305632491814,0,1679281,0.011,-0.011140399500000021,-0.01590374310000005,0,-0.4032291666666667,0.1512583333333346,0,0,257,-1
1379,-576452394378,2.1999584136753514,2.266928408163614,-0.1314610301122996,0.05867872454210368,-0.023543118895416125,-0.21182837631098175,0,1679291,0.01,-0.23973301950000003,-0.026675123100000052,0,-0.0969791666666667,0.14250833333333457,0,0,257,-1
1380,-576452394361,2.198641652141187,2.267503120285836,-0.13184778135006578,0.056329936063493305,-0.1312451851426858,-0.3758901713889379,0,1679301,0.01,-0.39891007950000007,-0.14635712310000004,0,-0.3682291666666667,0.08125833333333476,0,0,257,-1
1381,-576452394357,2.197316327684863,2.2680475521260854,-0.1332046067560037,0.05255964263625357,-0.16286484235816442,-0.38400766438324907,0,1679311,0.01,-0.3851466495,-0.16730147310000007,0,-0.1582291666666667,0.09000833333333458,0,0,257,-1
1382,-576452394347,2.195841665636268,2.2686026517560895,-0.13493157751877666,0.048361265011777455,-0.12057516081644973,-0.3671640744307703,0,1679322,0.011,-0.3648007095,-0.11464139310000007,0,-0.2282291666666667,-0.02374166666666533,0,0,257,-1
1383,-576452394336,2.194486130023176,2.269068267736786,-0.13616641845081418,0.04474466295875651,-0.1410856119845374,-0.3283571088927604,0,1679332,0.01,-0.32291200950000004,-0.14396348310000007,0,-0.10572916666666671,0.002508333333334667,0,0,257,-1
1384,-576452394260,2.197799428772259,2.275354247705569,-0.1355346439705051,0.043638919858369596,-0.14780697074759652,-0.2968177225633201,0,1679343,0.011,-0.29239309950000003,-0.14875076310000004,0,-0.2282291666666667,0.0637583333333347,0,1,258,2
1385,-576452394259,2.1963007297552912,2.275817026119336,-0.1369983909110652,0.040476976122361286,-0.0426296306168356,-0.22996426953082671,0,1679354,0.011,-0.2205838995,-0.027871943100000057,0,-0.2807291666666667,0.011258333333334702,0,0,258,-1
1386,-576452394259,2.1949287304184915,2.2762106056569866,-0.1374070532979009,0.03822404311013427,-0.030212614699080157,-0.19707359917602468,0,1679364,0.01,-0.19245862950000006,-0.02847035310000006,0,-0.4732291666666667,0.04625833333333462,0,0,258,-1
1387,-576452394258,2.193553652407654,2.2765830099718904,-0.13763107743633418,0.03625604445764478,0.025367321360047008,-0.19512559823367528,0,1679374,0.01,-0.1948522695,0.033165876899999946,0,-0.4294791666666667,0.011258333333334702,0,0,258,-1
1388,-576452394258,2.192178095629979,2.2769344426214064,-0.1374576550142792,0.03409081414709969,-0.03181653729334867,-0.34759607706576967,0,1679384,0.01,-0.3689895795,-0.039840143100000044,0,-0.3069791666666667,0.10750833333333465,0,0,258,-1
1389,-576452394257,2.190801218978985,2.277256854522522,-0.1378865726136535,0.03044052343870567,-0.11074734075788596,-0.47183738978352446,0,1679394,0.01,-0.48926998950000006,-0.12182231310000007,0,-0.28947916666666673,0.04625833333333462,0,0,258,-1
1390,-576452394257,2.1894152622833345,2.2775370166079485,-0.13923667205755194,0.025620439191244265,-0.28366528695971105,-0.5443256728148811,0,1679404,0.01,-0.5544966795,-0.30792782310000005,0,-0.3682291666666667,0.09000833333333458,0,0,258,-1
1391,-576452394157,2.188009053910351,2.2777665705095673,-0.1420199742918349,0.02026554422795269,-0.24564255480585,-0.4813506829615322,0,1679414,0.01,-0.47251450950000007,-0.24030749310000002,0,-0.17572916666666671,0.020008333333334738,0,0,258,-1
1394,-576452394156,2.179372788928996,2.2821733641433104,-0.15082137835105766,0.010348309354421367,-0.1544208284627896,-0.19320064967808923,0,1679446,0.01,-0.18467929950000003,-0.1541364531000001,0,-0.4469791666666667,0.10750833333333465,0,0,259,-1
1395,-576452394155,2.1778573978311777,2.282266466331514,-0.15228116974881659,0.008304391202345331,-0.09434684002204681,-0.27284084996968544,0,1679456,0.01,-0.2840153595,-0.08591771310000007,0,-0.28947916666666673,-0.13749166666666535,0,0,259,-1
1396,-576452394155,2.1763294348930513,2.2823349256240553,-0.15329232948405308,0.00542893048525905,-0.14258128168269096,-0.37762504510988876,0,1679466,0.01,-0.39232756950000003,-0.14934917310000004,0,-0.3157291666666667,0.020008333333334738,0,0,259,-1
1397,-576452394154,2.1747896357178202,2.2823694538775685,-0.15467860782276305,0.0015153007862695428,-0.11440588175393952,-0.47553237477276855,0,1679476,0.01,-0.48926998950000006,-0.11045252310000003,0,-0.1844791666666667,0.002508333333334667,0,0,259,-1
1398,-576452394154,2.17323642025107,2.2823607408863253,-0.1559334058868496,-0.00325398146077128,-0.1933289992015499,-0.48548050345314614,0,1679486,0.01,-0.4868763495,-0.20440289310000007,0,-0.1407291666666667,0.04625833333333462,0,0,259,-1
1399,-576452394131,2.1716676012365803,2.282304071637731,-0.15783835132590446,-0.008086205226503955,-0.17312797742724384,-0.4693869456079169,0,1679496,0.01,-0.4671288195,-0.17029352310000007,0,-0.2719791666666667,-0.05874166666666536,0,0,259,-1
1401,-576452394129,2.1684776717450633,2.282052375796468,-0.16107240829827413,-0.016863983755106456,-0.12149217627197079,-0.29188842143202187,0,1679516,0.01,-0.2720471595,-0.11643662310000005,0,-0.21947916666666673,0.0637583333333347,0,0,259,-1
1402,-576452394127,2.177974580876483,2.2956036301221188,-0.15720504040421243,-0.014323200936095404,-0.040439618141521555,-0.18002694280787854,0,1679528,0.012,-0.16433335950000005,-0.02906876310000006,0,-0.2982291666666667,-0.05874166666666536,0,1,260,2
1403,-576452394127,2.176085340381797,2.2954190229784195,-0.15767268809263849,-0.016452479058617835,-0.029943139464053338,-0.16154141825432672,0,1679540,0.012,-0.15894766950000003,-0.02847035310000006,0,-0.2019791666666667,0.16000833333333464,0,0,260,-1
1404,-576452394118,2.174506965108078,2.2952460740922063,-0.15799439666455514,-0.01811892459991073,-0.04544444706001869,-0.1970507842864447,0,1679550,0.01,-0.20203318950000004,-0.047619473100000066,0,-0.1669791666666667,0.08125833333333476,0,0,260,-1
1405,-576452394107,2.1663623145295223,2.3013455153085025,-0.16144316188776855,-0.01763407004238952,-0.06834376239328512,-0.22660868668548032,0,1679561,0.011,-0.23075686949999996,-0.07155587310000003,0,-0.17572916666666671,0.04625833333333462,0,1,261,1
1407,-576452394055,2.1629541199730244,2.300922192951363,-0.16330508119515408,-0.02285301999224945,-0.07569625118656587,-0.22175544634416133,0,1679582,0.01,-0.21459979950000002,-0.07095746310000005,0,-0.1582291666666667,0.12500833333333472,0,0,261,-1
1408,-576452394055,2.1613179016596016,2.300683368252904,-0.16396623759595194,-0.024947454842792916,-0.007517735836049713,-0.13413981157260368,0,1679592,0.01,-0.1218462495,0.002048556899999951,0,-0.2807291666666667,0.16875833333333468,0,0,261,-1
1409,-576452394054,2.159678425087963,2.3004276802312242,-0.16395378600159424,-0.026211860355239334,0.05492350504977201,-0.07927765207140405,0,1679602,0.01,-0.07157980950000004,0.06368478689999994,0,-0.3244791666666667,0.09875833333333461,0,0,261,-1
1410,-576452394053,2.1580418391995098,2.3001615027898143,-0.16337241619585538,-0.02701946403294612,0.0778252741671338,-0.08984465737424961,0,1679612,0.01,-0.09132733950000002,0.08103867689999995,0,-0.2719791666666667,-0.006241666666665369,0,0,261,-1
1422,-576452393851,2.147030227710139,2.306131472410361,-0.1562598270213107,-0.03558559696334205,0.006462591193913472,-0.12022020693895671,0,1679733,0.01,-0.14338900950000005,-0.006329183100000038,0,-0.17572916666666671,0.07250833333333473,0,0,262,-1
1423,-576452393850,2.1454675641187624,2.305768795686294,-0.15625585825530267,-0.03691424175087973,-0.036766600444720375,-0.2103335218704239,0,1679743,0.01,-0.22297753950000002,-0.04283219310000004,0,-0.2019791666666667,0.09000833333333458,0,0,262,-1
1424,-576452393849,2.1439032089982932,2.3053893811581228,-0.15661699756924863,-0.03897938308499391,-0.03211507053565535,-0.1831129885112155,0,1679753,0.01,-0.17929360950000003,-0.03146240310000006,0,-0.10572916666666671,0.1775083333333347,0,0,262,-1
1425,-576452393849,2.1368694109355992,2.31004749065805,-0.1593492139750884,-0.03870852630819322,-0.011601815127866918,-0.1241366247381876,0,1679764,0.011,-0.11586214950000001,-0.008722823100000067,0,-0.1844791666666667,-0.049991666666665324,0,1,263,1
1426,-576452393848,2.1351157452571488,2.309615298772801,-0.1594955861589279,-0.03991402101557219,-0.023770838005325985,-0.020321290648040016,0,1679775,0.011,-0.005754709500000013,-0.025478303100000047,0,-0.2282291666666667,0.11625833333333468,0,0,263,-1
1427,-576452393848,2.133519414919819,2.309215271799226,-0.15976150461427896,-0.04009760255995577,-0.04363540724356565,-0.006497534263545742,0,1679785,0.01,-0.004557889500000024,-0.04642265310000006,0,-0.1319791666666667,0.11625833333333468,0,0,263,-1
1428,-576452393844,2.1319191921460505,2.3088136441949008,-0.16026397460216285,-0.040213282315445256,-0.09068575479683666,-0.0425805185227064,0,1679795,0.01,-0.047643409500000025,-0.09728750310000006,0,-0.07947916666666671,0.09875833333333461,0,0,263,-1
1429,-576452393844,2.130311139932668,2.308408870337086,-0.16130783789640235,-0.040718964676008135,-0.18831119146245118,-0.09949815760641884,0,1679805,0.01,-0.10748440950000004,-0.20200925310000006,0,-0.17572916666666671,0.2037583333333346,0,0,263,-1
1430,-576452393843,2.128688731391429,2.3079967654557434,-0.16317761517815219,-0.04170462839405177,-0.17880787628600373,-0.09285751426276305,0,1679815,0.01,-0.0919257495,-0.17747444310000005,0,0.0780208333333333,-0.08499166666666536,0,0,263,-1
1431,-576452393748,2.1270479451985134,2.3075757767315697,-0.16497657078708777,-0.04252381655547346,-0.1865597315056276,-0.01489814724040009,0,1679825,0.01,-0.003959479500000021,-0.18764741310000005,0,-0.0882291666666667,0.13375833333333476,0,0,263,-1
1432,-576452393747,2.118533566423257,2.313468036760536,-0.170028933584723,-0.03988889881361823,-0.1638994597939216,0.01935982906651553,0,1679836,0.011,0.024165790499999996,-0.16071896310000006,0,-0.12322916666666671,0.2562583333333346,0,1,265,1
1433,-576452393747,2.1166527387136527,2.313030527330148,-0.17191730820248588,-0.03966135835670945,-0.21936058780511877,0.028822202016888225,0,1679847,0.011,0.03014989049999999,-0.22714247310000008,0,-0.3594791666666667,0.09875833333333461,0,0,265,-1
1434,-576452393746,2.1149233940065555,2.3126354452485622,-0.17399018698238045,-0.0393595585248346,-0.134348916716862,0.038382957697620554,0,1679857,0.01,0.03972445049999999,-0.12242072310000005,0,-0.12322916666666671,0.19500833333333478,0,0,265,-1
1435,-576452393745,2.1131774394740646,2.3122440313301946,-0.17523048588905252,-0.03893499223260458,-0.06091518761481593,0.06737257678276833,0,1679867,0.01,0.07144018049999998,-0.05061152310000006,0,-0.1319791666666667,0.3175083333333346,0,0,265,-1
1436,-576452393745,2.111423142567887,2.311858091582305,-0.17567524573211354,-0.038254787535219915,0.05622474854086297,0.07198922710387087,0,1679877,0.01,0.07263700049999998,0.07266093689999994,0,-0.3944791666666667,0.09875833333333461,0,0,265,-1
1437,-576452393745,2.1096699108978823,2.311479035098287,-0.1750022031498562,-0.03755177044022743,0.13518610727407937,0.05996264007533361,0,1679887,0.01,0.05827516049999999,0.14626536689999997,0,-0.3069791666666667,0.10750833333333465,0,0,265,-1
1438,-576452393744,2.1079268580543373,2.311106799270447,-0.17361756473143272,-0.03690783167292969,0.1585463014377777,0.09154376615519269,0,1679897,0.01,0.09597499049999998,0.16182402689999997,0,-0.1932291666666667,0.08125833333333476,0,0,265,-1
1439,-576452393744,2.1061988005655516,2.3107429318368276,-0.17200229708450177,-0.03589342786094761,0.1797879146640099,0.1620764488394551,0,1679907,0.01,0.17197306049999997,0.18276837689999995,0,-0.23697916666666669,0.10750833333333465,0,0,265,-1
1440,-576452393744,2.104488285527145,2.3103925612536704,-0.17012343615065142,-0.03420084331078953,0.23750324851957305,0.21326226462574793,0,1679917,0.01,0.22044427049999998,0.24560142689999998,0,-0.26322916666666674,0.11625833333333468,0,0,265,-1
1441,-576452393556,2.1027990749989636,2.310061286664317,-0.16772518517348894,-0.03205717441348431,0.25405095771534253,0.22113487540094467,0,1679927,0.01,0.22223950050000002,0.25637280689999997,0,-0.3332291666666667,0.19500833333333478,0,0,265,-1
1442,-576452393555,2.0959168117177414,2.314270373583725,-0.16701610730933636,-0.027443924698592886,0.181567998387243,0.2037370227908408,0,1679939,0.012,0.2012951505,0.17139858689999996,0,-0.24572916666666672,0.08125833333333476,0,1,267,1
1443,-576452393555,2.0940898962344803,2.3139803742062437,-0.16512013526803562,-0.02526414376662454,0.11649874197801299,0.16433643278112575,0,1679950,0.011,0.15880804049999997,0.10736871689999995,0,-0.3069791666666667,0.10750833333333465,0,0,267,-1
1444,-576452393555,2.092443924654778,2.313735838849391,-0.16404488687587687,-0.02363737466200486,0.05339053270166444,0.15266619048257912,0,1679960,0.01,0.1510287105,0.044535666899999944,0,-0.4032291666666667,-0.02374166666666533,0,0,267,-1
1445,-576452393554,2.0908052569760254,2.3135071946525416,-0.163648753084824,-0.022095767471267402,-0.04463644961842775,0.16330007446466815,0,1679970,0.01,0.16479214050000002,-0.05839085310000007,0,-0.28947916666666673,0.16875833333333468,0,0,267,-1
1446,-576452393554,2.0891670759113152,2.313293578085481,-0.16401114804074293,-0.02059128692372613,0.015196070924019318,0.07172297525016604,0,1679980,0.01,0.058873570499999986,0.023591316899999944,0,-0.2282291666666667,0.10750833333333465,0,0,267,-1
1447,-576452393554,2.087528172371237,2.313090876590232,-0.16378921291145046,-0.019932576492717343,0.06506526009702338,0.030017576133272397,0,1679990,0.01,0.024165790499999996,0.07206252689999995,0,-0.3769791666666667,0.09000833333333458,0,0,267,-1
1454,-576452393553,2.0761971873436194,2.31177067552158,-0.16506304359935473,-0.015078127450845644,-0.2671524602893841,0.14997407565262655,0,1680060,0.01,0.14743825049999998,-0.26723594310000004,0,-0.3419791666666667,0.2650083333333346,0,0,267,-1
1455,-576452393553,2.0745335145182913,2.3116276747184434,-0.16768533697263469,-0.013534381989979824,-0.23206559606138255,0.18133602006605032,0,1680070,0.01,0.1857364905,-0.22714247310000008,0,-0.2107291666666667,0.05500833333333466,0,0,267,-1
1456,-576452393553,2.072845865169418,2.311501639821391,-0.16987991375278025,-0.011683208710095804,-0.14220956114682312,0.20828522257764895,0,1680080,0.01,0.2120665305,-0.12960164310000005,0,-0.3332291666666667,-0.11124166666666535,0,0,267,-1
1457,-576452393552,2.0711399464496987,2.3113949358964403,-0.17130343119110433,-0.009645037638066185,-0.14322289041441433,0.17644117587468694,0,1680090,0.01,0.17197306049999997,-0.14336507310000005,0,-0.2982291666666667,0.002508333333334667,0,0,267,-1
1458,-576452393552,2.069245763485424,2.3112992932782985,-0.173051266802861,-0.007736594444153874,-0.25617468327726417,0.15520520153074824,0,1680101,0.011,0.15222553049999998,-0.2720232231000001,0,-0.3069791666666667,-0.032491666666665364,0,0,267,-1
1459,-576452393552,2.0675024543814855,2.311229096146871,-0.1756111413546198,-0.006274584080681415,-0.2548545624525498,0.09171801194712728,0,1680111,0.01,0.08280997049999998,-0.2546693331000001,0,-0.3682291666666667,-0.049991666666665324,0,0,267,-1
1460,-576452393547,2.057246864504452,2.3009252137596947,-0.18180935308279694,-0.009602594097481458,-0.1964425181003954,0.1568493508500698,0,1680121,0.01,0.16598896049999998,-0.18824582310000007,0,-0.2544791666666667,-0.014991666666665293,0,1,268,2
1461,-576452393536,2.0547002431212604,2.3001813167617295,-0.18394908658455142,-0.008112769368089,-0.028147849954885663,0.18218193979493644,0,1680132,0.011,0.1857364905,-0.004533953100000047,0,-0.23697916666666669,-0.2337416666666653,0,1,270,2
1462,-576452393526,2.05267762135158,2.3001031645549332,-0.18389597925943957,-0.006095884934610215,0.20719430827020033,0.19054688479259718,0,1680143,0.011,0.19172059049999998,0.24021573689999995,0,-0.4119791666666667,0.002508333333334667,0,0,270,-1
1463,-576452393516,2.0508489007494926,2.300050538969918,-0.1818425311964983,-0.0043715404451316175,0.19417035881479983,0.06300574671118314,0,1680153,0.01,0.04511014049999998,0.19234293689999996,0,-0.3069791666666667,0.05500833333333466,0,0,270,-1
1464,-576452393506,2.0490405496688378,2.300008838930193,-0.17984408543236005,-0.003917657826669756,0.2345499750729896,-0.06236629452456857,0,1680163,0.01,-0.07995754950000002,0.24021573689999995,0,-0.3944791666666667,-0.08499166666666536,0,0,270,-1
1465,-576452393496,2.047254650475189,2.2999655697225494,-0.1773715693958908,-0.004693324228202359,0.3250572691075629,-0.17067856263964162,0,1680173,0.01,-0.18587611950000002,0.3377565669,0,-0.2544791666666667,-0.16374166666666534,0,0,270,-1
1466,-576452393481,2.045498108245446,2.299910369472742,-0.173977246298031,-0.006358430238102038,0.4275051907121923,-0.14097436716271228,0,1680183,0.01,-0.13680649949999998,0.4418799068999999,0,-0.2544791666666667,0.0637583333333347,0,0,270,-1
1467,-576452393471,2.0377473466673495,2.3044019884433515,-0.16982979288541242,-0.006262548498921461,0.46949764467249,-0.04443291332765662,0,1680198,0.015,-0.030887929500000015,0.47539086689999993,0,-0.2019791666666667,-0.06749166666666528,0,1,271,1
1468,-576452393461,2.036071279662976,2.304337745185174,-0.16530875907208623,-0.006621028743010273,0.35186784868073523,0.013625792732679151,0,1680208,0.01,0.021772150499999966,0.3353629268999999,0,-0.3157291666666667,0.11625833333333468,0,0,271,-1
1469,-576452393451,2.034435437195943,2.304272428081147,-0.16184313730027533,-0.00645244432808876,0.3143036155032013,0.03651307978129703,0,1680218,0.01,0.03972445049999999,0.30903288689999997,0,-0.23697916666666669,-0.18999166666666534,0,0,271,-1
1470,-576452393323,2.0328324279465813,2.304209323297593,-0.15874564918646628,-0.006150419344035963,0.28186824267635224,-0.00842542848565618,0,1680228,0.01,-0.014730859500000039,0.2773171569,0,-0.21947916666666673,0.028758333333334773,0,0,271,-1
1471,-576452393322,2.031259599888168,2.304145691873568,-0.15584346273957464,-0.006500910036314353,0.3413752013051956,-0.19815180216151596,0,1680238,0.01,-0.22477276949999997,0.3497247669,0,-0.3769791666666667,0.12500833333333472,0,0,271,-1
1472,-576452393322,2.0297184601305114,2.304069117798234,-0.15239440123303646,-0.008741240242378214,0.366539800933608,-0.3826037409100459,0,1680248,0.01,-0.4084846395000001,0.37007070689999993,0,-0.0882291666666667,0.03750833333333459,0,0,271,-1
1473,-576452393321,2.0282136535979207,2.303962366578376,-0.14860242795398537,-0.012599859788823185,0.4567492591702483,-0.4058248407056887,0,1680258,0.01,-0.4090830495,0.46940676689999994,0,-0.2107291666666667,0.0637583333333347,0,0,271,-1
1474,-576452393320,2.0267504109198384,2.303816668707324,-0.14404365944853334,-0.016565658395179064,0.4505316453631708,-0.3399363178401313,0,1680268,0.01,-0.33069133950000007,0.44965923690000004,0,-0.12322916666666671,0.011258333333334702,0,0,271,-1
1475,-576452393320,2.0253318103881703,2.3036350641109262,-0.1396461839831172,-0.019801226043862263,0.37367388547358693,-0.2232000220948354,0,1680278,0.01,-0.2068204695,0.36288978689999996,0,-0.1407291666666667,-0.09374166666666528,0,0,271,-1
1476,-576452393320,2.023953065608882,2.3034276427922338,-0.13606040794830726,-0.02175977494444626,0.2660833988498903,-0.02831256145898961,0,1680288,0.01,-9.674295000000236e-4,0.2509871168999999,0,-0.1669791666666667,0.0637583333333347,0,0,271,-1
1477,-576452393319,2.02260420874439,2.3032101225737094,-0.1336427294703277,-0.021809708303311096,0.09278761794346568,0.13788245493561765,0,1680298,0.01,0.1612016805,0.06847206689999995,0,-0.21947916666666673,0.1775083333333347,0,0,271,-1
1478,-576452393319,2.0211392663566277,2.302978190110392,-0.13269305233050122,-0.0203466867200462,0.046274723811035985,0.10270592471424035,0,1680309,0.011,0.09777022049999999,0.03974838689999995,0,-0.1669791666666667,0.22125833333333467,0,0,271,-1
1481,-576452393319,2.0170812117667363,2.3023748439609055,-0.12706197419726503,-0.01938643844669967,0.3419503881106555,-0.1318834622770435,0,1680340,0.01,-0.14877469950000005,0.3389533869,0,-0.3332291666666667,0.011258333333334702,0,0,271,-1
1482,-576452393256,2.015828071875452,2.302174719496515,-0.12358282292614321,-0.02065315128990906,0.3844530021137943,-0.09474333129608183,0,1680350,0.01,-0.08953210950000003,0.3904166469,0,-0.3157291666666667,-0.13749166666666535,0,0,271,-1
1483,-576452393254,2.0083793704525226,2.2944866977013296,-0.1221061707724665,-0.024580836508628797,0.32093640428438597,0.07775465595770661,0,1680361,0.011,0.10195909049999997,0.3120249369,0,-0.17572916666666671,0.2037583333333346,0,1,272,2
1484,-576452393254,2.007054165240448,2.2942220764035253,-0.1187836561118699,-0.023573917757720907,0.1861253786535946,0.17612305237848422,0,1680372,0.011,0.1899253605,0.16720971689999994,0,-0.2282291666666667,0.16875833333333468,0,0,272,-1
1485,-576452393254,2.0058736043088454,2.2939970233066638,-0.11722990033938006,-0.021527953007923876,-0.030402887295721215,0.3766220501627849,0,1680382,0.01,0.4047545505,-0.060784493100000045,0,-0.0444791666666667,0.27375833333333466,0,0,272,-1
1486,-576452393253,2.0045805206399927,2.2937818867140836,-0.11781356935110365,-0.017547104214709196,-0.1934881978931485,0.2706233894922279,0,1680393,0.011,0.2557504605,-0.21637109310000005,0,-0.1582291666666667,0.002508333333334667,0,0,272,-1
1487,-576452393253,2.0033919702971263,2.29361802885471,-0.11986103523428716,-0.015132569698070928,-0.2728552409266341,0.06498729002531745,0,1680403,0.01,0.03613399049999998,-0.2839914231000001,0,-0.21947916666666673,0.07250833333333473,0,0,272,-1
1488,-576452393253,2.0021794674520095,2.293469628707155,-0.12262837786998862,-0.014532994398567358,-0.30046357134367907,0.02918876790511342,0,1680413,0.01,0.024165790499999996,-0.3043373631000001,0,-0.3682291666666667,0.020008333333334738,0,0,272,-1
1489,-576452393246,2.0015421580228607,2.2940635423235873,-0.12529652913224362,-0.013923871790990555,-0.24718470431850725,0.03318035835910418,0,1680423,0.01,0.03374035049999998,-0.23970908310000003,0,-0.0444791666666667,0.16875833333333468,0,1,274,2
1490,-576452393235,2.0002792466940087,2.293927339179226,-0.12738733605768818,-0.01337196293355248,0.024383564841963967,0.19005506077902745,0,1680433,0.01,0.2120665305,0.06248796689999995,0,-0.3944791666666667,0.05500833333333466,0,0,274,-1
1491,-576452393226,1.999007719909153,2.2938049191337404,-0.1269670209812892,-0.011190295405251315,0.1501601143837239,0.39040622328850527,0,1680443,0.01,0.4185179805,0.16780812689999997,0,-0.17572916666666671,0.11625833333333468,0,0,274,-1
1492,-576452393215,1.9977457578915119,2.2937136536082066,-0.12543413222175437,-0.007111740168871047,0.17245868974503242,0.5147665777481879,0,1680453,0.01,0.5322158805,0.17558745689999994,0,-0.0969791666666667,-0.032491666666665364,0,0,274,-1
1493,-576452393205,1.985548738565572,2.3029454467569823,-0.12846864104889522,0.002486349229812763,0.11065373836261441,0.4382337135867459,0,1680464,0.011,0.4274941305,0.10198302689999995,0,-0.2544791666666667,0.09000833333333458,0,1,275,1
1494,-576452393194,1.9841411034064145,2.3029987039294046,-0.1274200829075933,0.007221223001899823,0.0012431515227689371,0.3826352111353705,0,1680475,0.011,0.3748340505,-0.014108513100000058,0,-0.1319791666666667,0.16000833333333464,0,0,275,-1
1495,-576452393184,1.982866325966644,2.303088621287285,-0.1275042765347446,0.010831425470318092,-0.0667963637953919,0.23043066874722004,0,1680485,0.01,0.2090744805,-0.07634315310000009,0,-0.3157291666666667,-0.032491666666665364,0,0,275,-1
1496,-576452393173,1.9815874731813288,2.3032074846212924,-0.12824521111330933,0.012984789840159234,-0.11872495640883082,0.1230149503030305,0,1680495,0.01,0.1079431905,-0.12601118310000006,0,-0.2982291666666667,-0.05874166666666536,0,0,275,-1
1497,-576452393164,1.9802987582694627,2.3033431283403503,-0.12948340620832374,0.014159567400987552,-0.15502693455906497,0.08355886891146312,0,1680505,0.01,0.07802269049999998,-0.1601205531000001,0,-0.10572916666666671,0.020008333333334738,0,0,275,-1
1498,-576452393154,1.9789956139966263,2.303488367899762,-0.13112094112887282,0.014911764010085449,-0.21721929260435519,0.024127070221597942,0,1680515,0.01,0.015788050499999973,-0.22594565310000003,0,-0.2282291666666667,-0.02374166666666533,0,0,275,-1
1499,-576452393143,1.9776731306753137,2.303638300859525,-0.1333576237084799,0.015091966991411833,-0.26318063565769007,-0.019395484376799436,0,1680525,0.01,-0.025502239500000023,-0.26962958310000007,0,-0.1844791666666667,0.020008333333334738,0,0,275,-1
1500,-576452393132,1.9766628988287631,2.304389330471985,-0.13598048112794192,0.015264367768186494,-0.21898216535593865,0.07075870275687444,0,1680536,0.011,0.08340838049999999,-0.21278063310000006,0,-0.3069791666666667,-0.11124166666666535,0,1,276,2
1501,-576452393122,1.9751565968877036,2.304561690519418,-0.13799670870007252,0.01607031711248754,0.03572547108478766,0.08867397520099507,0,1680547,0.011,0.09118771049999998,0.07146411689999994,0,-0.3244791666666667,-0.21624166666666533,0,0,276,-1
1502,-576452393112,1.973779315098085,2.3047262278246152,-0.13750327983608124,0.01686628575184613,0.13161417100465106,0.024756470503699904,0,1680557,0.01,0.015788050499999973,0.14506854689999996,0,-0.1582291666666667,-0.1549916666666653,0,0,276,-1
1503,-576452393102,1.9724112360111465,2.3048949409232167,-0.1361292623020043,0.016929503636280988,0.17280054670086295,-0.10643105923716496,0,1680567,0.01,-0.1248382995,0.17857950689999993,0,-0.3507291666666667,-0.006241666666665369,0,0,276,-1
1504,-576452393092,1.9710591246668308,2.305058575651371,-0.1343168160839098,0.015812344292422776,0.23297003075673728,-0.14408920394269217,0,1680577,0.01,-0.14937310950000005,0.24141255689999996,0,-0.3682291666666667,-0.05874166666666536,0,0,276,-1
1505,-576452393082,1.9697279120360687,2.305209839679348,-0.1319391736791811,0.014425330630748238,0.2671373653678648,-0.10569120570028288,0,1680587,0.01,-0.10030348950000004,0.2719314669,0,-0.2019791666666667,-0.014991666666665293,0,0,276,-1
1506,-576452393070,1.9637748670222719,2.309291695361809,-0.13123755846531038,0.01512489945546572,0.33274007251468707,-0.07735110370610893,0,1680597,0.01,-0.07337503950000003,0.34194543689999995,0,-0.1932291666666667,0.002508333333334667,0,1,277,1
1507,-576452393059,1.9623503897714767,2.3094539038210162,-0.12772447127341904,0.014350634534354333,0.23638207156102103,-0.027159109815435963,0,1680608,0.011,-0.020116549500000032,0.2228618469,0,-0.2544791666666667,-0.006241666666665369,0,0,277,-1
1510,-576452393009,1.9584583830884135,2.309880134889007,-0.12498970108645363,0.012947533138602791,-0.026844004765358306,0.018250701533443534,0,1680639,0.01,0.030748300499999975,-0.026675123100000052,0,-0.3507291666666667,0.05500833333333466,0,0,277,-1
1511,-576452393008,1.9572077528037022,2.310011286438186,-0.1251635560731632,0.013248663663860466,0.04047558245211834,0.10267931685144216,0,1680649,0.01,0.11452570049999998,0.04992135689999995,0,-0.21947916666666673,-0.07624166666666532,0,0,277,-1
1512,-576452393007,1.955958342964354,2.3101494913539438,-0.12472729140165924,0.014366626688130723,0.06292806469714692,0.16764486673589687,0,1680659,0.01,0.1767603405,0.06607842689999995,0,-0.2982291666666667,0.09000833333333458,0,0,277,-1
1513,-576452392999,1.9583224424164867,2.3148147351026482,-0.1224294363065876,0.017914175800380197,0.13601129734887318,0.12945875351719774,0,1680669,0.01,0.12410026049999998,0.14626536689999997,0,-0.2982291666666667,-0.02374166666666533,0,1,278,2
1514,-576452392989,1.9569855117585107,2.315019907068171,-0.12070334897782058,0.019381501854112707,0.286693484066561,0.1578205746367667,0,1680680,0.011,0.16180009049999997,0.3078360669,0,-0.1144791666666667,-0.049991666666665324,0,0,278,-1
1515,-576452392978,1.9557934205960814,2.3152213227341876,-0.11774387776775226,0.020915534991314454,0.35193970193131374,0.12667512414682044,0,1680690,0.01,0.1223050305,0.3610945568999999,0,-0.2982291666666667,0.21250833333333463,0,0,278,-1
1516,-576452392968,1.9546345388065856,2.315436957398263,-0.11407532492797903,0.022204919356851593,0.4581014190608112,0.14278429385390676,0,1680700,0.01,0.14504461049999998,0.4729972269,0,-0.1407291666666667,0.16000833333333464,0,0,278,-1
1517,-576452392959,1.9535156092451518,2.315669321166686,-0.10966303664102976,0.024128227677991186,0.33787091967648086,0.4958424542872518,0,1680710,0.01,0.5453809005000001,0.3210010869,0,-0.1669791666666667,0.03750833333333459,0,0,278,-1
1518,-576452392933,1.952435871520606,2.3159371440162007,-0.10628446815643124,0.029359675819223354,0.33777063770629456,0.6904211693769153,0,1680720,0.01,0.7177229805,0.3377565669,0,-0.1319791666666667,0.23875833333333474,0,0,278,-1
1519,-576452392932,1.9513895144927946,2.316265113897597,-0.10296936709877,0.036240784381852964,0.29315223335770807,0.6739557179041685,0,1680730,0.01,0.6716454104999999,0.2868917169,0,-0.2807291666666667,0.05500833333333466,0,0,278,-1
1520,-576452392927,1.9503730995301136,2.316659961328732,-0.10025319262961263,0.042783844555320104,0.13967487678976098,0.53391327507964,0,1680740,0.01,0.5142635805,0.11814009689999995,0,-0.1844791666666667,0.03750833333333459,0,0,278,-1
1521,-576452392918,1.9379807127656414,2.3267047981635858,-0.10419157745746276,0.05197394368262035,-0.08229995368338286,0.30782095657635106,0,1680750,0.01,0.27609640049999995,-0.11344457310000006,0,-0.1582291666666667,0.09875833333333461,0,1,279,1
1522,-576452392908,1.9368288249372552,2.3272925067631,-0.1052122481320922,0.05497473361451387,-0.1578918157222126,0.05539536681444396,0,1680761,0.011,0.019976920499999974,-0.16849829310000006,0,-0.2807291666666667,-0.02374166666666533,0,0,279,-1
1523,-576452392898,1.9357692640383188,2.327845751247031,-0.1067217437187163,0.05563944429972203,-0.10894292113858337,0.13348873125682204,0,1680771,0.01,0.14444620049999998,-0.10207478310000005,0,-0.0969791666666667,0.16000833333333464,0,0,279,-1
1524,-576452392887,1.9346982627007672,2.3284098800550193,-0.10755276419194913,0.05713898002350432,0.07497959314053754,0.25067724596624524,0,1680781,0.01,0.2671202505,0.10078620689999995,0,-0.3157291666666667,0.04625833333333462,0,0,279,-1
1525,-576452392877,1.9336271359622432,2.3289942354826247,-0.10670124616429799,0.05971312114147694,0.14746460868402372,0.29868272533658885,0,1680791,0.01,0.30541849050000003,0.15763515689999996,0,-0.2107291666666667,0.12500833333333472,0,0,279,-1
1526,-576452392865,1.94182822223083,2.341562057715438,-0.10094847226400316,0.06803153344208893,0.18419800777920908,0.2531628924271555,0,1680802,0.011,0.24677431049999998,0.18935088689999996,0,-0.4119791666666667,0.22125833333333467,0,1,280,2
1527,-576452392855,1.940728809694815,2.3423253249993787,-0.09894040197634289,0.07075916112983321,0.1724487445069827,0.2160737745271265,0,1680813,0.011,0.2108697105,0.17080017689999996,0,-0.21947916666666673,-0.02374166666666533,0,0,280,-1
1528,-576452392846,1.9397469929205737,2.343042617023267,-0.09737297901035692,0.07275244463541584,0.061849364038098736,0.09815817418162652,0,1680823,0.01,0.08161315049999998,0.04633089689999995,0,-0.17572916666666671,0.16000833333333464,0,0,280,-1
1529,-576452392836,1.9387766362734749,2.3437745284705076,-0.0967109277102626,0.07365316892279761,0.0928464681000454,0.040617238631495085,0,1680833,0.01,0.03254353049999999,0.09719574689999995,0,-0.1844791666666667,0.03750833333333459,0,0,280,-1
1530,-576452392824,1.9378135852353477,2.3445131028705326,-0.09587358699367494,0.07406118841033459,0.0279147619655217,0.04193341465242983,0,1680843,0.01,0.042118090499999976,0.018804036899999946,0,-0.3419791666666667,0.07250833333333473,0,0,280,-1
1531,-576452392816,1.9368568806589752,2.345255751575708,-0.0954951984912398,0.07447117732460186,0.09864167263946426,0.035273262579808354,0,1680853,0.01,0.034338760499999975,0.10856553689999995,0,-0.3682291666666667,0.028758333333334773,0,0,280,-1
1532,-576452392805,1.92691094906837,2.3535765856568043,-0.09838322844624764,0.0782699634036154,0.15562306788694813,0.1462320215512071,0,1680863,0.01,0.16180009049999997,0.16361925689999995,0,-0.1844791666666667,0.18625833333333475,0,1,281,1
1533,-576452392795,1.9258386058120274,2.354447763178773,-0.0966054082538827,0.0800779504450116,0.19884497618759894,0.2769098041009822,0,1680874,0.011,0.29524552049999997,0.20490954689999993,0,-0.1144791666666667,0.011258333333334702,0,0,281,-1
1534,-576452392785,1.9248831061561684,2.355263578940985,-0.09452382408044514,0.08302838358667859,0.2645126994827541,0.40476691006884646,0,1680884,0.01,0.42270685050000006,0.27372669689999996,0,-0.1407291666666667,0.22125833333333467,0,0,281,-1
1535,-576452392774,1.923951261605747,2.3561148128725753,-0.09185259831977065,0.08718663323701938,0.28308848360664485,0.48347265646116894,0,1680894,0.01,0.4945160505,0.2856948969,0,-0.1407291666666667,0.3175083333333346,0,0,281,-1
1536,-576452392765,1.9230466273960873,2.3570093021714396,-0.08906269272233375,0.09177940319103665,0.25388755058748375,0.3110594897995471,0,1680904,0.01,0.2868677805,0.24979029689999996,0,-0.07947916666666671,0.37875833333333464,0,0,281,-1
1537,-576452392755,1.9221677854677843,2.3579435808449265,-0.0866658185758364,0.09503547973703412,0.15268588753039178,0.4147414880297704,0,1680914,0.01,0.4292893605,0.13848603689999994,0,-0.0882291666666667,0.27375833333333466,0,0,281,-1
1540,-576452392721,1.919604410485077,2.360975130756249,-0.08532359590621534,0.10685921477686729,-0.09028547120817501,0.48074099738154974,0,1680944,0.01,0.4969096905,-0.09968114310000005,0,-0.2807291666666667,0.18625833333333475,0,0,281,-1
1541,-576452392715,1.918746133604541,2.362068533272299,-0.0863086991991509,0.11178739678888333,-0.14890364505249792,0.566814656735582,0,1680954,0.01,0.5788918605000001,-0.1571285031000001,0,-0.17572916666666671,0.14250833333333457,0,0,281,-1
1542,-576452392704,1.9178756875011898,2.363215163734033,-0.08778429363465337,0.11752047431631402,-0.1393235846014884,0.6130906444961939,0,1680964,0.01,0.6195837405,-0.13797938310000005,0,-0.3332291666666667,0.13375833333333476,0,0,281,-1
1543,-576452392695,1.9169921101089535,2.3644207299874958,-0.08898516661321233,0.12360561842500083,-0.0022274798442512844,0.5804760441271932,0,1680974,0.01,0.5758998105,0.017008806899999954,0,-0.4644791666666667,0.30000833333333476,0,0,281,-1
1544,-576452392685,1.9161029021231997,2.365685689052026,-0.08888952173020574,0.12939149403416986,0.08181331875519093,0.5670169137102749,0,1680984,0.01,0.5651284305000001,0.09360528689999995,0,-0.3332291666666667,0.30000833333333476,0,0,281,-1
1545,-576452392675,1.9047269602851267,2.375842689588357,-0.09256025715148929,0.1386851804456144,0.16404776234050888,0.4095028260843492,0,1680994,0.01,0.3874006605,0.17558745689999994,0,-0.3682291666666667,0.23875833333333474,0,1,283,1
1546,-576452392665,1.9038100232321162,2.3772486946831934,-0.09084520766462056,0.14257188122806522,0.21719926126071826,0.2610250737957356,0,1681004,0.01,0.2401918005,0.22465707689999995,0,-0.2719791666666667,0.03750833333333459,0,0,283,-1
1547,-576452392654,1.9028238851122836,2.378832329090375,-0.08845324266330519,0.14537763203139176,0.21901641732789406,0.21809074959095348,0,1681015,0.011,0.2120665305,0.21927138689999995,0,-0.2807291666666667,0.11625833333333468,0,0,283,-1
1548,-576452392644,1.9019501834147754,2.3802972784672685,-0.08628136817957861,0.14759942463443496,0.20612058271125336,0.2469183149358409,0,1681025,0.01,0.2509631805,0.20431113689999994,0,-0.2982291666666667,0.08125833333333476,0,0,283,-1
1549,-576452392633,1.9010974810683623,2.381785702911252,-0.08425040938427873,0.15008170184911662,0.18459224951054445,0.25623802008232416,0,1681035,0.01,0.2575456905,0.18157155689999996,0,-0.1407291666666667,0.30000833333333476,0,0,283,-1
1550,-576452392620,1.9001806262772123,2.3834531917825594,-0.08240496869202214,0.15305907049112003,0.06334359016797918,0.36024112304630185,0,1681046,0.011,0.3748340505,0.04633089689999995,0,-0.0444791666666667,0.1775083333333347,0,0,283,-1
1551,-576452392612,1.899359115797881,2.3850010385421103,-0.0818671215607995,0.15654640451373028,-0.004053459682352961,0.2791033044802462,0,1681056,0.01,0.2677186605,-0.013510103100000056,0,-0.10572916666666671,0.1775083333333347,0,0,283,-1
1554,-576452392545,1.9022735424831951,2.3970340833961234,-0.07803173210322693,0.16644467404680716,0.237799646301513,0.2746863314041541,0,1681087,0.01,0.28208050049999994,0.25756962689999996,0,-0.2107291666666667,0.09000833333333458,0,0,284,-1
1555,-576452392544,1.9015058563287157,2.3987118743459,-0.07553808540606977,0.1691306744557897,0.32020936020255425,0.23131683031443545,0,1681097,0.01,0.22523155050000002,0.3317724669,0,-0.17572916666666671,0.1512583333333346,0,0,284,-1
1556,-576452392543,1.9006939992356693,2.4005859819484376,-0.0720611758666859,0.1716277701814874,0.29046658743575526,0.2002662435829463,0,1681108,0.011,0.1959094605,0.28629330689999993,0,-0.12322916666666671,0.1512583333333346,0,0,284,-1
1557,-576452392543,1.8999870749296972,2.402310257352485,-0.06928376162116512,0.17332358248821392,0.20074335158790257,-0.016089228782307896,0,1681118,0.01,-0.046446589500000024,0.18815406689999997,0,-0.3682291666666667,0.04625833333333462,0,0,284,-1
1558,-576452392540,1.8993039705573238,2.404041413322404,-0.06732354359817516,0.17296455405292227,0.1671377239634072,-0.15711263374513496,0,1681128,0.01,-0.17689996950000003,0.16242243689999997,0,-0.1582291666666667,0.07250833333333473,0,0,284,-1
1559,-576452392530,1.892179017228388,2.411192384905264,-0.06853738209220644,0.17383743618847894,0.12941625800906453,-0.10257017137663665,0,1681138,0.01,-0.0949177995,0.12412419689999996,0,-0.1407291666666667,0.11625833333333468,0,1,285,1
1560,-576452392517,1.8914343971056358,2.4130995613220874,-0.06689983529190233,0.17287959062275363,0.26961388767803196,0.009096043272399323,0,1681149,0.011,0.024764200499999982,0.28928535689999996,0,-0.2019791666666667,0.22125833333333467,0,0,285,-1
1561,-576452392509,1.8907796755624753,2.414829580624246,-0.06408247426950016,0.1730875384682754,0.3550858751724957,0.09158209294537589,0,1681159,0.01,0.10315591049999999,0.3670786568999999,0,-0.3244791666666667,0.2300083333333347,0,0,285,-1
1562,-576452392499,1.8901564866442335,2.4165647709673634,-0.06055001787530679,0.1739623216759716,0.34198800132537344,0.06237349032747248,0,1681169,0.01,0.05827516049999999,0.3401502068999999,0,-0.1669791666666667,0.3962583333333347,0,0,285,-1
1563,-576452392489,1.8895683120735078,2.4183071737515163,-0.057094840745518974,0.17453314375301898,0.36713998158748046,0.024668928900058056,0,1681179,0.01,0.019378510499999974,0.3706691169,0,-0.3944791666666667,0.2825083333333347,0,0,285,-1
1564,-576452392480,1.8890150788653213,2.4200532159580552,-0.053523658964306955,0.17469821626004844,0.2957164988719962,-0.03349779542828299,0,1681189,0.01,-0.04165930950000003,0.2856948969,0,-0.0182291666666667,0.24750833333333477,0,0,285,-1
1565,-576452392469,1.8933551911669793,2.428154150616618,-0.048503973472489886,0.17703544108699765,0.2638382841260752,-0.08473574248296298,0,1681199,0.01,-0.0919257495,0.25936485689999994,0,-0.1669791666666667,0.2300083333333347,0,1,286,2
1566,-576452392457,1.8928364828496593,2.4300964702431425,-0.04576711634471493,0.17611054687691843,0.15548463064187773,-0.08002071625760089,0,1681210,0.011,-0.07935913950000002,0.14028126689999995,0,-0.3594791666666667,-0.02374166666666533,0,0,286,-1
1570,-576452392368,1.891068795417083,2.437051862135581,-0.04304777666028372,0.17150201676957055,0.1399004745370204,-0.05576808650779037,0,1681250,0.01,-0.047044999500000004,0.14865900689999995,0,-0.3157291666666667,0.18625833333333475,0,0,286,-1
1571,-576452392366,1.890645928612835,2.4387635732649446,-0.04155258052667108,0.1708630282738223,0.20845545187065212,-0.11371550654492013,0,1681260,0.01,-0.1218462495,0.21807456689999996,0,-0.2282291666666667,0.07250833333333473,0,0,286,-1
1572,-576452392366,1.8902420989308542,2.440466241544395,-0.039269162656340756,0.16968273378680698,0.35018437778975775,-0.1444607586574874,0,1681270,0.01,-0.14877469950000005,0.37007070689999993,0,-0.3594791666666667,0.05500833333333466,0,0,286,-1
1573,-576452392366,1.8898670213423552,2.4421558967217085,-0.035750948880752864,0.1682460719083942,0.3618511971922598,-0.13879789028647582,0,1681280,0.01,-0.1380033195,0.3634881969,0,-0.28947916666666673,0.11625833333333468,0,0,286,-1
1574,-576452392365,1.8895274522932017,2.4438314426657937,-0.03215619409213936,0.16686201601448386,0.3449195652199623,-0.13600198039363268,0,1681290,0.01,-0.13560967950000002,0.34254384689999995,0,-0.2982291666666667,0.05500833333333466,0,0,286,-1
1575,-576452392365,1.8892232590564793,2.445493822163914,-0.028687831868701087,0.16558936558995188,0.35857948977722065,-0.073734237435482,0,1681300,0.01,-0.06499729950000002,0.3604961469,0,-0.2982291666666667,0.11625833333333468,0,0,286,-1
1576,-576452392358,1.8852741482584439,2.4502374407586687,-0.0267451649841657,0.1663023803631304,0.33559542200873227,-0.0030987854736396225,0,1681310,0.01,0.00681190049999998,0.33237087689999995,0,-0.24572916666666672,0.16875833333333468,0,1,287,1
1577,-576452392348,1.8849992354415364,2.4520665703409184,-0.02320369134208533,0.16626793976252802,0.23725819198845405,-0.0033287961452689056,0,1681321,0.011,-0.0033610695000000183,0.2234602569,0,-0.3332291666666667,0.10750833333333465,0,0,287,-1
1578,-576452392337,1.884778587303734,2.45372892139783,-0.02090334667313275,0.16621005051538337,0.1863245409300938,-0.020674747081943612,0,1681331,0.01,-0.023108599500000028,0.17917791689999993,0,-0.2107291666666667,0.09000833333333458,0,0,287,-1
1579,-576452392326,1.8864528290721365,2.4580331494730254,-0.017993529419425596,0.1672805563079599,0.21311846362268244,0.12780222595010504,0,1681342,0.011,0.1486350705,0.21687774689999992,0,-0.1144791666666667,-0.04124166666666529,0,1,288,2
1580,-576452392313,1.886268573791451,2.4598809496599947,-0.015537362646095251,0.16868460972399896,0.2856857719798185,0.12665488648159487,0,1681353,0.011,0.1264939005,0.29586786689999994,0,-0.4119791666666667,0.16000833333333464,0,0,288,-1
1581,-576452392306,1.8861266181952225,2.461574865312431,-0.012811660348985026,0.17006274787733244,0.19333298086129685,0.2052302945476359,0,1681363,0.01,0.21625540050000003,0.18037473689999997,0,-0.1407291666666667,0.14250833333333457,0,0,288,-1
1582,-576452392296,1.8860073289591297,2.4632860082031955,-0.011008600364331041,0.17215444717487827,0.10062874318029491,0.23326599361282585,0,1681373,0.01,0.2371997505,0.08762118689999995,0,-0.21947916666666673,0.2650083333333346,0,0,288,-1
1583,-576452392286,1.8859015486773631,2.465018529496816,-0.010115534432509786,0.17438000602241935,0.01995113732005556,0.15694957251556924,0,1681383,0.01,0.1462414305,0.008631066899999948,0,-0.26322916666666674,0.1775083333333347,0,0,288,-1
1584,-576452392275,1.8858007782447939,2.466769762556317,-0.010011686638601,0.17588478126388227,-0.04822630142506311,0.11082463261277448,0,1681393,0.01,0.10435273049999999,-0.05779244310000005,0,-0.26322916666666674,0.05500833333333466,0,0,288,-1
1585,-576452392263,1.8778122433411957,2.4752730388618414,-0.014019109638986766,0.17996272284521952,-0.06816137998496423,0.09990210451580936,0,1681404,0.011,0.09836863049999997,-0.07095746310000005,0,-0.12322916666666671,-0.049991666666665324,0,1,289,1
1586,-576452392252,1.8776554629907194,2.477258855236631,-0.014545383668327944,0.18108626949439116,0.07684899036770966,0.11587496914931693,0,1681415,0.011,0.11811616049999998,0.09719574689999995,0,-0.26322916666666674,0.09875833333333461,0,0,289,-1
1587,-576452392243,1.8775141276383742,2.4790762728044657,-0.013735158505447946,0.18236034304297577,0.10623723155014163,0.19708175022314067,0,1681425,0.01,0.2084760705,0.11036076689999996,0,-0.026979166666666707,0.3350083333333347,0,0,289,-1
1588,-576452392233,1.8773692911070292,2.481095104209112,-0.012592300403241429,0.1846654167957648,0.0893870646572241,0.2868401691842075,0,1681436,0.011,0.29943439050000004,0.08702277689999995,0,-0.03572916666666671,0.1512583333333346,0,0,289,-1
1589,-576452392223,1.8772479453803592,2.4829561446655317,-0.011682016262688059,0.18754055250995888,0.10095790433944286,0.29158737810965474,0,1681446,0.01,0.2922534705,0.10258143689999996,0,-0.17572916666666671,0.020008333333334738,0,0,289,-1
1590,-576452392208,1.877135806242049,2.4848464196553754,-0.010729422563237773,0.19050148632331704,0.060399486772070236,0.3236581436550263,0,1681456,0.01,0.3281580705,0.054708636899999954,0,-0.2107291666666667,0.2037583333333346,0,0,289,-1
1591,-576452392202,1.8770311519862473,2.4867672092419015,-0.010184719249191882,0.1936743794205091,0.018149697267964608,0.2782753063926334,0,1681466,0.01,0.2719075305,0.012221526899999948,0,-0.14947916666666672,0.2037583333333346,0,0,289,-1
1592,-576452392191,1.879017494649927,2.491662641592025,-0.009061913211848727,0.19787007519166327,0.02869452077347171,0.2401551972373986,0,1681477,0.011,0.2348061105,0.03017382689999995,0,-0.3682291666666667,0.08125833333333476,0,1,290,2
1593,-576452392181,1.8789286670435599,2.493653366811574,-0.008720285621490053,0.20027464842952955,0.06725098583605817,0.24228640550273778,0,1681487,0.01,0.2425854405,0.07266093689999994,0,-0.3682291666666667,0.14250833333333457,0,0,290,-1
1594,-576452392170,1.8788366696540229,2.4958708838872417,-0.00800134098821683,0.20291614340184772,0.05362805354784962,0.2268053280057593,0,1681498,0.011,0.2246331405,0.05171658689999995,0,-0.17572916666666671,-0.04124166666666529,0,0,290,-1
1595,-576452392158,1.8787593709749495,2.4979112014543645,-0.007459994282521175,0.2051561852186891,0.05719956015196183,0.20705799645267545,0,1681508,0.01,0.2042872005,0.05770068689999996,0,-0.2807291666666667,0.18625833333333475,0,0,290,-1
1597,-576452392098,1.8786220872793684,2.5020586704375023,-0.006241688818153951,0.20975508574404764,0.07710165954161172,0.2850064950006048,0,1681528,0.01,0.2910566505,0.07924344689999994,0,-0.4294791666666667,0.09875833333333461,0,0,290,-1
1598,-576452392097,1.878563631947894,2.5041704438467134,-0.005454046245353526,0.21260081391914726,0.08895067309005136,0.28191575913978223,0,1681538,0.01,0.28148209049999995,0.09061323689999995,0,-0.1582291666666667,0.3087583333333346,0,0,290,-1
1599,-576452392096,1.8785097909167008,2.5065259457069975,-0.00436283922398303,0.21567808069812736,0.1628279211633513,0.26631691248213435,0,1681549,0.011,0.26412820049999997,0.17319381689999994,0,-0.1669791666666667,0.3175083333333346,0,0,290,-1
1601,-576452392008,1.8784607878782074,2.5111074879780007,7.318831642041956e-5,0.22029842592766644,0.27161200541415514,0.17130237887472735,0,1681570,0.01,0.1695794205,0.2749235169,0,0.14802083333333332,0.24750833333333477,0,0,290,-1
1602,-576452392006,1.8784750363819502,2.51331823498573,0.002779378086811559,0.2218869138460987,0.26454527672965794,0.08267840506675762,0,1681580,0.01,0.07024336049999999,0.26355372689999995,0,-0.0707291666666667,0.18625833333333475,0,0,290,-1
1603,-576452392006,1.8785159504716553,2.5155405498715675,0.005408144836496808,0.22260633625139725,0.25265541255966945,0.0061763055102268954,0,1681590,0.01,-0.004557889500000024,0.2509871168999999,0,-0.0882291666666667,0.19500833333333478,0,0,290,-1
1604,-576452392005,1.8785823450246721,2.517767280734094,0.007884783743873136,0.2227241072280143,0.21708187603140153,0.04609198479429304,0,1681600,0.01,0.051692650499999986,0.21209046689999997,0,-0.2719791666666667,0.07250833333333473,0,0,290,-1
1605,-576452392005,1.8786718520355716,2.5199976343518684,0.010025161810205994,0.22331120397769386,0.1953869978416231,0.1360174153785626,0,1681610,0.01,0.1486350705,0.19234293689999996,0,-0.3157291666666667,0.020008333333334738,0,0,290,-1
1606,-576452392004,1.8787821271938334,2.5222376702498064,0.012018729497569606,0.2246905854667903,0.22367935736224506,0.14970638762548039,0,1681620,0.01,0.1516271205,0.22764912689999994,0,-0.17572916666666671,0.14250833333333457,0,0,290,-1
1607,-576452392004,1.878913628744812,2.5244930242318855,0.01427587064912037,0.22633801461930714,0.23818097919275286,0.2568710035062509,0,1681630,0.01,0.2719075305,0.24021573689999995,0,-0.1582291666666667,0.2562583333333346,0,0,290,-1
1608,-576452392004,1.8790678929148594,2.5267694559803346,0.016594650994742492,0.2289392169282549,0.19326019149791956,0.2800280931282911,0,1681640,0.01,0.2832773205,0.18695724689999996,0,-0.3332291666666667,0.22125833333333467,0,0,290,-1
1609,-576452392003,1.8792438158136786,2.52907209721294,0.018576194532920715,0.23162200188432996,0.2281406545832141,0.1962892680132995,0,1681650,0.01,0.18453967049999997,0.23303481689999994,0,-0.1319791666666667,0.11625833333333468,0,0,290,-1
1610,-576452391905,1.8794411506517608,2.5313973743351323,0.020883504062600793,0.23346661479628958,0.24660158851540906,0.11199183731641188,0,1681660,0.01,0.10016386049999998,0.2491918869,0,-0.24572916666666672,0.43125833333333463,0,0,290,-1
1611,-576452391904,1.8841185931333495,2.5396843360721935,0.025242630301786768,0.23710904640120503,0.22473381348669816,0.06436064850643167,0,1681670,0.01,0.05767675049999998,0.22166502689999995,0,-0.14947916666666672,0.18625833333333475,0,1,292,2
1612,-576452391904,1.8755285200441163,2.5496446613686348,0.024081979088358893,0.24103136300066247,0.37947488432118365,0.0548265574108289,0,1681681,0.011,0.05348788049999998,0.4011880269,0,-0.0969791666666667,0.0637583333333347,0,1,293,1
1613,-576452391904,1.8757871818699317,2.5520586023519374,0.027701300348088903,0.24171713512278029,0.2557768744741566,0.15178594396733036,0,1681691,0.01,0.16539055049999998,0.23842050689999997,0,-0.2719791666666667,0.2650083333333346,0,0,293,-1
1614,-576452391903,1.8760767610117386,2.5544834136635943,0.03022441285203191,0.24324290911010701,0.23111017174559953,0.15741921288461722,0,1681701,0.01,0.1582096305,0.22764912689999994,0,-0.1319791666666667,0.011258333333334702,0,0,293,-1
1615,-576452391903,1.876390018945378,2.5569234178543114,0.03245098234698819,0.24477094130539606,0.17087428076046104,0.12452662870887797,0,1681711,0.01,0.11991139049999998,0.16242243689999997,0,-0.14947916666666672,0.19500833333333478,0,0,293,-1
1616,-576452391903,1.8767234396850603,2.559376152512099,0.03421706866974764,0.24582865197407336,0.21174191946123017,-0.009140693539987046,0,1681721,0.01,-0.027895879500000016,0.21747615689999994,0,-0.3157291666666667,0.16000833333333464,0,0,293,-1
1617,-576452391902,1.8770764501010746,2.5618327922317836,0.03637394220482198,0.24555143840862412,0.2398607724800484,-0.1415638723248987,0,1681731,0.01,-0.16014448950000001,0.24380619689999997,0,-0.2807291666666667,0.07250833333333473,0,0,293,-1
1618,-576452391902,1.87745277470949,2.5642793139729596,0.03886502768888978,0.24383681376602953,0.30576921375900734,-0.3546496566378158,0,1681741,0.01,-0.3845482395,0.3150169869,0,-0.2807291666666667,0.08125833333333476,0,0,293,-1
1619,-576452391901,1.8778564845619317,2.5666985447901927,0.04188697399502779,0.24007091851820156,0.28029332990987427,-0.5110140521750212,0,1681751,0.01,-0.5329539195000002,0.2767187469,0,-0.3419791666666667,0.08125833333333476,0,0,293,-1
1620,-576452391901,1.8782890343428311,2.5690740066058595,0.0446376475664745,0.23500815066431008,0.24304806964124134,-0.47725177626414467,0,1681761,0.01,-0.47251450950000007,0.23782209689999997,0,-0.26322916666666674,0.12500833333333472,0,0,293,-1
1621,-576452391803,1.8787474607548251,2.5714001638372737,0.047052125582286615,0.2302259991021634,0.23164303495912406,-0.4841177395500257,0,1681771,0.01,-0.48508111950000005,0.23004276689999995,0,-0.1932291666666667,0.03750833333333459,0,0,293,-1
1622,-576452391802,1.8811535820591305,2.576391618742392,0.05048626897232302,0.22599544148347475,0.2827176046166603,-0.4781401825479319,0,1681782,0.011,-0.4773017895000001,0.28988376689999995,0,-0.14947916666666672,0.04625833333333462,0,1,294,2
1623,-576452391801,1.881673123113751,2.5786289881006197,0.053398267478936806,0.2214182604821616,0.342529267510959,-0.33414076657333347,0,1681792,0.01,-0.3139358595,0.35092158689999997,0,-0.03572916666666671,0.002508333333334667,0,0,294,-1
1624,-576452391800,1.8822248438527434,2.5808267225856394,0.056918690184933535,0.21811723041244227,0.41023831617289086,-0.30540169788393606,0,1681802,0.01,-0.3013692495,0.41973873689999996,0,-0.1932291666666667,0.07250833333333473,0,0,294,-1
1625,-576452391800,1.8828761468948612,2.5832072649433044,0.06148648282954201,0.21471835235307918,0.44638292870969853,-0.33125295671640176,0,1681813,0.011,-0.3348802095,0.45145446689999996,0,-0.1407291666666667,0.2562583333333346,0,0,294,-1
1628,-576452391800,1.884907471239428,2.5894698988760805,0.07331693679842356,0.20175126049970069,0.26456542262756694,-0.5162879777947116,0,1681843,0.01,-0.5179936695,0.25158552689999997,0,-0.1669791666666667,0.16875833333333468,0,0,294,-1
1629,-576452391799,1.8857304425739878,2.5916576868348438,0.07629708381798538,0.19603697232528686,0.3103833872349535,-0.5392996552603917,0,1681854,0.011,-0.5425284795,0.3168122169,0,-7.291666666666974e-4,0.05500833333333466,0,0,294,-1
1630,-576452391799,1.886508823769236,2.5935904540783348,0.0793843525008661,0.19054692554018246,0.29870351770302955,-0.6077283355193162,0,1681864,0.01,-0.6173297295000001,0.29706468689999993,0,-0.1932291666666667,0.10750833333333465,0,0,294,-1
1631,-576452391700,1.8830500003987076,2.5990019084324887,0.08053204944218251,0.18609682260153906,0.30198896677271186,-0.5531747013125413,0,1681874,0.01,-0.5455205295000001,0.30245037689999993,0,-0.26322916666666674,-0.014991666666665293,0,1,295,1
1632,-576452391700,1.8864327649377448,2.6042551571067905,0.08475646838416902,0.18143661565617503,0.19219066290802297,-0.5490858411191561,0,1681885,0.011,-0.5485125795,0.17678427689999995,0,0.008020833333333297,-0.006241666666665369,0,1,296,2
1633,-576452391699,1.887376315138193,2.6062177478512383,0.08681334343277772,0.17539744724712153,0.1550650163514245,-0.5485831178239752,0,1681896,0.011,-0.5485125795,0.14985582689999993,0,-0.03572916666666671,0.028758333333334773,0,0,296,-1
1634,-576452391699,1.8882520557001021,2.6079443675769034,0.0883418558545109,0.1699228827110825,0.13947648194514997,-0.5406496005390562,0,1681906,0.01,-0.5395364295,0.13728921689999996,0,-0.026979166666666707,0.3175083333333346,0,0,296,-1
1635,-576452391698,1.8891430624795609,2.6096172234868606,0.08983200286565564,0.16461878573747143,0.20735372623646975,-0.4677789211455261,0,1681916,0.01,-0.4575542595,0.21687774689999992,0,-0.1669791666666667,0.2562583333333346,0,0,296,-1
1636,-576452391698,1.8900524531644423,2.6112396545965826,0.09201521088263015,0.15988361604523846,0.28550121354613345,-0.5086662142975389,0,1681926,0.01,-0.5144032095000001,0.29646627689999994,0,-0.1932291666666667,0.2825083333333347,0,0,296,-1
1637,-576452391698,1.8909876175043536,2.6128135309591403,0.09498533105315554,0.15487089239236831,0.36753631323117036,-0.45597179165826895,0,1681936,0.01,-0.4485781095,0.3790468568999999,0,-0.1932291666666667,0.2650083333333346,0,0,296,-1
1638,-576452391697,1.8919569048824925,2.6143413100799253,0.09882580523275011,0.15060302283661106,0.48520984802292855,-0.2479734245268544,0,1681946,0.01,-0.21878866949999998,0.5017209068999999,0,-0.17572916666666671,0.2300083333333347,0,0,296,-1
1639,-576452391697,1.8929694875088212,2.615836798192388,0.10368791154985538,0.14841323280014598,0.49234238355242166,-0.04133163047068225,0,1681956,0.01,-0.01233721950000001,0.4933431668999999,0,-7.291666666666974e-4,0.36125833333333457,0,0,296,-1
1640,-576452391697,1.89414023974294,2.617469631244611,0.10916188110731102,0.14836580447533432,0.5304792067967229,0.22549262280885582,0,1681967,0.011,0.2629313805,0.5358302769000001,0,-0.10572916666666671,0.0637583333333347,0,0,296,-1
1641,-576452391598,1.888369049712306,2.6246288129100916,0.1114918288980562,0.15315753426750953,0.5246756530460018,0.26199867117135883,0,1681977,0.01,0.2671202505,0.5238620769,0,-0.1669791666666667,0.23875833333333474,0,1,297,1
1642,-576452391597,1.8896259395692787,2.626328273036705,0.11707934356534949,0.15587638386327718,0.40431297586370374,0.15523728005036813,0,1681988,0.011,0.14025733049999997,0.3874245969,0,-0.1932291666666667,0.11625833333333468,0,0,297,-1
1643,-576452391596,1.8908163062842782,2.62789393248188,0.12102479239280067,0.15729697458298184,0.33545061206876015,0.06233443400173343,0,1681998,0.01,0.04929901049999999,0.3257883669,0,-0.10572916666666671,0.23875833333333474,0,0,297,-1
1644,-576452391596,1.8920431266504043,2.6294695832978627,0.1243482230163029,0.15785264516133593,0.3133330724860834,0.014168578436085093,0,1682008,0.01,0.007410310499999982,0.31022970689999996,0,-0.1319791666666667,0.0637583333333347,0,0,297,-1
1645,-576452391596,1.8933023784990677,2.6310491707853645,0.12749761864433118,0.15804934837628584,0.32478055314323995,0.05337273962303644,0,1682018,0.01,0.058873570499999986,0.32638677689999995,0,-0.1844791666666667,0.3350083333333347,0,0,297,-1
1646,-576452391595,1.8945936440945925,2.632632102750389,0.13075329137311617,0.15854713666192335,0.3303873531952574,0.027759628238036117,0,1682028,0.01,0.024165790499999996,0.33117405689999996,0,-0.07947916666666671,0.22125833333333467,0,0,297,-1
1647,-576452391595,1.895918551258467,2.634218858343944,0.13419067223649583,0.15880852953904082,0.4255371572713804,0.016211566966539616,0,1682038,0.01,0.014591230499999983,0.43888785689999993,0,-0.0969791666666667,0.03750833333333459,0,0,297,-1
1648,-576452391595,1.8974201540817146,2.6359672116295023,0.13883658986184433,0.15905676917875874,0.40260979120309115,0.062020559700289066,0,1682049,0.011,0.06844813049999998,0.39939279689999996,0,-0.17572916666666671,0.2562583333333346,0,0,297,-1
1649,-576452391594,1.8988262335499604,2.637559715541832,0.14249473706127722,0.1594996450593989,0.1431725719435274,-0.06301229641142066,0,1682059,0.01,-0.08055595950000004,0.10677030689999994,0,-0.17572916666666671,-0.032491666666665364,0,0,297,-1
1650,-576452391594,1.900256736204073,2.639150696102612,0.14367737770808106,0.15873509870458494,-0.03411378470239432,-0.15868817507144373,0,1682069,0.01,-0.1721126895,-0.05898926310000005,0,-0.0532291666666667,0.1775083333333347,0,0,297,-1
1651,-576452391496,1.9026513288117108,2.641964046839429,0.14380991964709486,0.15765059229478276,0.008619286658502569,-0.18830313769407278,0,1682079,0.01,-0.19245862950000006,0.01461516689999996,0,-0.07947916666666671,-0.014991666666665293,0,1,298,2
1652,-576452391494,1.896916451879136,2.6496616563291626,0.1409650331925613,0.15817588942575994,0.14454612753408397,-0.20926422148361304,0,1682090,0.011,-0.2122061595,0.16361925689999995,0,-0.3769791666666667,0.05500833333333466,0,1,299,1
1653,-576452391494,1.898334183718526,2.651232779303606,0.14254213211534594,0.15605577477004415,0.23736505782190298,-0.22863703331681906,0,1682100,0.01,-0.23135527949999996,0.2503887069,0,-0.1582291666666667,0.0637583333333347,0,0,299,-1
1654,-576452391493,1.8997724483624634,2.652781728112413,0.14506749281918366,0.15374172465695027,0.3453451924887638,-0.2483384552389187,0,1682110,0.01,-0.2511028095,0.3604961469,0,-0.2807291666666667,-0.24249166666666533,0,0,299,-1
1656,-576452391493,1.9027456252248243,2.6558061210907304,0.15240506799568918,0.14865411377619459,0.43790099169764407,-0.15262013690274256,0,1682130,0.01,-0.13560967950000002,0.4466671869,0,-0.1932291666666667,-0.014991666666665293,0,0,299,-1
1657,-576452391493,1.9042924226996951,2.6572865372853487,0.15691709520417418,0.14736311525383622,0.5327015506948796,0.015007403955985321,0,1682140,0.01,0.03852763049999998,0.5460032469,0,-0.10572916666666671,0.08125833333333476,0,0,299,-1
1658,-576452391492,1.905887876195362,2.658761495450942,0.16218905429666194,0.1476032455320801,0.49346311668045484,0.07919003936371048,0,1682150,0.01,0.08819566049999998,0.48795747689999996,0,-0.0882291666666667,-0.006241666666665369,0,0,299,-1
1659,-576452391492,1.9077015789086837,2.660389955319705,0.167583350236138,0.14847918080946454,0.47131728256110295,0.082364547560689,0,1682161,0.011,0.08280997049999998,0.46820994689999995,0,-0.2282291666666667,0.11625833333333468,0,0,299,-1
1660,-576452391492,1.9094010164439517,2.6618790205478273,0.17230233386010657,0.14932645274736414,0.47541440036988764,0.09902325665109134,0,1682171,0.01,0.10136068049999998,0.4759892769,0,-0.21947916666666673,0.09000833333333458,0,0,299,-1
1661,-576452391464,1.9111477723480217,2.663377359187977,0.1770505504254372,0.15033578598802247,0.47119554475653275,0.11261816584099477,0,1682181,0.01,0.11452570049999998,0.4706035869,0,-0.24572916666666672,0.020008333333334738,0,0,299,-1
1662,-576452391463,1.9136718718134436,2.6654943010924743,0.1835518039532607,0.15205885344350048,0.4208225884855027,0.18985890515511283,0,1682195,0.014,0.20069674049999997,0.4137546369,0,-0.21947916666666673,0.0637583333333347,0,0,299,-1
1663,-576452391462,1.9155280771507253,2.667026250300145,0.18771024676361864,0.15422022632013727,0.3868111362045671,0.3693909974854299,0,1682205,0.01,0.3945815805,0.3820389068999999,0,-0.07947916666666671,0.0637583333333347,0,0,299,-1
1664,-576452391453,1.908613179508449,2.6759082491923105,0.18758545705203403,0.1613360419682393,0.24146017606493145,0.5011612019506136,0,1682215,0.01,0.5196492705,0.22106661689999996,0,-0.0532291666666667,-0.006241666666665369,0,1,301,1
1665,-576452391443,1.9106917336539526,2.677712994852812,0.19031598124769192,0.16680866431986002,0.2902226991044138,0.4748674066483451,0,1682226,0.011,0.47117806050000005,0.29706468689999993,0,-0.1319791666666667,0.14250833333333457,0,0,301,-1
1666,-576452391393,1.912609015288965,2.679404339802618,0.19315898437153353,0.17148352650814053,0.24846807009834326,0.4228277419803538,0,1682236,0.01,0.41552593050000003,0.24260937689999998,0,-0.24572916666666672,0.011258333333334702,0,0,301,-1
1667,-576452391392,1.9145520660066069,2.6811393472130254,0.19549414513071528,0.17556124319939645,0.14204826735692994,0.31566717007390976,0,1682246,0.01,0.3006312105,0.12711624689999995,0,-0.1582291666666667,0.04625833333333462,0,0,301,-1
1668,-576452391391,1.9165137796875185,2.6829095435613235,0.19686311112046423,0.17853076372217758,0.10533861692664231,0.1823073588436629,0,1682256,0.01,0.1635953205,0.10018779689999995,0,-0.06197916666666671,0.07250833333333473,0,0,301,-1
1669,-576452391391,1.9184868873633847,2.6847029231534214,0.19779308074500312,0.18019090708858823,0.017382011404976833,0.06619011273929883,0,1682266,0.01,0.049897420499999984,0.005040606899999948,0,0.0780208333333333,0.05500833333333466,0,0,301,-1
1670,-576452391390,1.9204665518745292,2.6865086828762643,0.19810192626609008,0.1809373192275724,0.11361373984199617,0.12642056040489683,0,1682276,0.01,0.13487164049999997,0.12711624689999995,0,-0.2107291666666667,-0.08499166666666536,0,0,301,-1
1671,-576452391383,1.9258806701565838,2.6925897243272843,0.20089101972790205,0.18425819100130486,0.24405474669855984,0.24875839534668776,0,1682286,0.01,0.2659234305,0.26235690689999996,0,-0.009479166666666705,-0.2337416666666653,0,1,302,2
1672,-576452391371,1.9281057280102107,2.6946312617601595,0.20364737033990643,0.1869430230338703,0.2910667313838288,0.21500703559183637,0,1682297,0.011,0.21027130049999998,0.2976630969,0,-0.1407291666666667,-0.2337416666666653,0,0,302,-1
1673,-576452391361,1.9303625035236478,2.696698691634416,0.20671242915467872,0.18902911958304272,0.2023915294142764,0.03400409219296846,0,1682308,0.011,0.008607130499999989,0.18994929689999995,0,-0.17572916666666671,-0.06749166666666528,0,0,302,-1
1674,-576452391351,1.9324389956548549,2.698589937985818,0.208622476039734,0.18925629925796408,0.12220968572784795,-0.0454685591664543,0,1682318,0.01,-0.05661955950000002,0.11095917689999994,0,-0.2019791666666667,-0.006241666666665369,0,0,302,-1
1675,-576452391340,1.9276115701872933,2.7062184616111464,0.20694024924184207,0.19110914689469546,0.17531610840493045,-0.21897730197970597,0,1682328,0.01,-0.24332347950000002,0.18276837689999995,0,-0.0707291666666667,-0.16374166666666534,0,1,303,1
1676,-576452391330,1.9296898651067782,2.708118362699795,0.2087136274933191,0.18888131105394304,0.18972305351309587,-0.24610029641199122,0,1682338,0.01,-0.24990598950000006,0.1917445269,0,-0.1144791666666667,-0.05874166666666536,0,0,303,-1
1677,-576452391320,1.9317873237935406,2.709995538890614,0.21074146927392298,0.18652460420561418,0.28280702872619046,-0.17177067836419818,0,1682348,0.01,-0.16134130950000006,0.29586786689999994,0,-0.0444791666666667,-0.006241666666665369,0,0,303,-1
1678,-576452391310,1.9339090006131332,2.711852391724122,0.21358855594358822,0.18483740242966723,0.2963598742902836,-0.15002996209381286,0,1682358,0.01,-0.14697946950000002,0.2982615068999999,0,-0.0969791666666667,0.002508333333334667,0,0,303,-1
1679,-576452391301,1.9360593466844316,2.7136932835652146,0.21649632469355012,0.18334012003034347,0.25657011453186646,-0.14787960176908413,0,1682368,0.01,-0.14757787950000004,0.2509871168999999,0,-0.2544791666666667,0.12500833333333472,0,0,303,-1
1680,-576452391289,1.9382369718637122,2.7155186708097365,0.21903601158762898,0.18176450001944744,0.23802988188012958,-0.21688560055721165,0,1682378,0.01,-0.2265679995,0.23542845689999997,0,-0.10572916666666671,-0.014991666666665293,0,0,303,-1
1681,-576452391280,1.940439533583399,2.717324758745976,0.22146317970269144,0.1794843258442524,0.27143340728839577,-0.2962215325869718,0,1682388,0.01,-0.3073533495,0.2761203369,0,-0.17572916666666671,0.08125833333333476,0,0,303,-1
1682,-576452391270,1.9457809674783137,2.7229107326660977,0.22556260990003266,0.17816004127276472,0.30965441664745524,-0.33012296510149175,0,1682398,0.01,-0.3348802095,0.3150169869,0,-0.2107291666666667,-0.04124166666666529,0,1,304,2
1683,-576452391259,1.948282043647219,2.7248509926076196,0.22913856457207202,0.1745992032666621,0.42088691540078843,-0.2839162286806359,0,1682409,0.011,-0.2774328495,0.4364942168999999,0,-0.1407291666666667,0.16000833333333464,0,0,304,-1
1685,-576452391188,1.952950982858447,2.7282947578958354,0.23786572773390066,0.17025162813482264,0.5061742316187976,-0.1028477915928824,0,1682429,0.01,-0.09252415950000002,0.5154843369,0,-0.2107291666666667,0.04625833333333462,0,0,304,-1
1686,-576452391187,1.955355607514568,2.72999327986687,0.24303024729604797,0.16940229247532654,0.579411130158459,0.024805199869791378,0,1682439,0.01,0.04271650049999998,0.5896871768999999,0,-0.17572916666666671,0.19500833333333478,0,0,304,-1
1687,-576452391186,1.9578144993967623,2.7316881183291972,0.24876484169472202,0.16958402320372096,0.5369945675995055,-0.02246070572550298,0,1682449,0.01,-0.029092699500000024,0.5310429969,0,-0.1844791666666667,-0.006241666666665369,0,0,304,-1
1688,-576452391186,1.9603282151236383,2.7333818921544406,0.2540125967040295,0.16921208936239301,0.44991007335754724,-0.12745954751787464,0,1682459,0.01,-0.14219218950000004,0.43769103689999994,0,-0.2719791666666667,0.1512583333333346,0,0,304,-1
1689,-576452391186,1.962890084962712,2.735066746049459,0.25839431265685375,0.16779787165559612,0.3662505214038943,-0.22696762058581366,0,1682469,0.01,-0.24092983950000008,0.3545120469,0,-0.06197916666666671,0.1775083333333347,0,0,304,-1
1690,-576452391186,1.9654913806061876,2.736733681280736,0.2619068896944427,0.1655758121447157,0.25939742398352883,-0.19303142881936705,0,1682479,0.01,-0.18826975950000002,0.24440460689999996,0,-0.2544791666666667,0.07250833333333473,0,0,304,-1
1691,-576452391086,1.962142772714628,2.74338795505224,0.2618177377922828,0.16604298121828287,0.1843251475987683,-0.08337488322208009,0,1682489,0.01,-0.06798934950000002,0.17379222689999996,0,-0.1319791666666667,0.03750833333333459,0,1,305,1
1692,-576452391085,1.964769730366349,2.7450432658015798,0.2635935387814297,0.16506028270406878,0.1362547595564439,-0.18953170810388814,0,1682499,0.01,-0.2044268295,0.12950988689999995,0,-0.17572916666666671,0.13375833333333476,0,0,305,-1
1693,-576452391085,1.9674128490234304,2.7466841007904566,0.2650140561975076,0.1631193936922733,0.17756977670665708,-0.2220107819304561,0,1682509,0.01,-0.2265679995,0.18336678689999997,0,-0.3244791666666667,-0.032491666666665364,0,0,305,-1
1694,-576452391084,1.9700720692579146,2.7483037528757674,0.2668211858113293,0.1608303541880613,0.1999711288812552,-0.27113808809945006,0,1682519,0.01,-0.2780312595,0.20311431689999998,0,-0.3069791666666667,0.12500833333333472,0,0,305,-1
1695,-576452391083,1.9727506344630887,2.749898195326914,0.2688763076414927,0.15807146608009473,0.23946196234154438,-0.3049962664343042,0,1682529,0.01,-0.3097469895,0.24500301689999995,0,-0.2982291666666667,0.19500833333333478,0,0,305,-1
1696,-576452391083,1.9757263762832615,2.7516194891152765,0.2720383903318647,0.154856713596467,0.5854264071236263,-0.21312819172683428,0,1682540,0.011,-0.2002379595,0.6339695169,0,-0.3157291666666667,0.23875833333333474,0,0,305,-1
1697,-576452391083,1.978475851207545,2.753156527385456,0.2778652057228208,0.15259260929529667,0.5660727021528605,-0.3067795153023524,0,1682550,0.01,-0.3199199595,0.5633571369,0,-0.12322916666666671,0.07250833333333473,0,0,305,-1
1698,-576452391082,1.9812813378363743,2.7546664217832646,0.2832977087522865,0.14941719784474802,0.4036342235429309,-0.383375439699043,0,1682560,0.01,-0.39412279950000007,0.38084208689999993,0,-0.0532291666666667,-0.006241666666665369,0,0,305,-1
1699,-576452391082,1.9841341988707284,2.7561419160423726,0.28728759008634697,0.14566006359625985,0.37052716809316055,-0.3287775427519348,0,1682570,0.01,-0.3211167795,0.3658818368999999,0,-0.07947916666666671,-0.05874166666666536,0,0,305,-1
1700,-576452391082,1.9870254136259453,2.757582307929595,0.2909635827366662,0.14240822305306886,0.34966056110220023,-0.3031674356936701,0,1682580,0.01,-0.29957401949999996,0.3467327169,0,-0.2544791666666667,0.0637583333333347,0,0,305,-1
1701,-576452391076,1.9917033690982269,2.7608663229598576,0.29537449647444636,0.13977305233176088,0.3135073799232904,-0.3498698128089552,0,1682591,0.011,-0.3564229695,0.3084344768999999,0,0.03427083333333329,0.07250833333333473,0,1,306,2
1702,-576452391067,1.9881917827853914,2.768057243893818,0.29576959383431506,0.1384358359032485,0.23034130296877256,-0.37923080039350143,0,1682602,0.011,-0.38335141949999996,0.21867297689999995,0,-0.1582291666666667,-0.10249166666666532,0,1,307,1
1703,-576452391057,1.9911599495919574,2.769423122004704,0.2979124122754706,0.13471813287819728,0.11725239559265307,-0.3266932241592538,0,1682612,0.01,-0.3193215495000001,0.10138461689999995,0,-0.26322916666666674,0.2650083333333346,0,0,307,-1
1704,-576452390984,1.9941445586766466,2.7707536329206746,0.29902629873522923,0.13139907851387564,0.07552391162467928,-0.3637851249927997,0,1682622,0.01,-0.3689895795,0.06966888689999995,0,-0.2282291666666667,0.002508333333334667,0,0,307,-1
1705,-576452390982,1.9974385885364871,2.7721774380918847,0.2998820666451684,0.12745936443679676,0.09190519879333159,-0.3232183430042753,0,1682633,0.011,-0.31752631950000004,0.09420369689999995,0,0.008020833333333297,0.27375833333333466,0,0,307,-1
1706,-576452390982,2.000442140591681,2.7734356288416424,0.3008218404079987,0.12419034753299898,0.10651552641913939,-0.34918856474272725,0,1682643,0.01,-0.3528325095,0.10856553689999995,0,-0.21947916666666673,0.07250833333333473,0,0,307,-1
1707,-576452390981,2.0034558671451257,2.7746601911175537,0.3019153272699668,0.12071682867072474,0.12668049174099158,-0.3361160374841072,0,1682653,0.01,-0.33428179950000003,0.12950988689999995,0,-0.1844791666666667,-0.049991666666665324,0,0,307,-1
1708,-576452390981,2.0064817779466373,2.775851096693554,0.3032482123508572,0.11744040784592673,0.17376780223678287,-0.27573244738160335,0,1682663,0.01,-0.2672598795,0.18037473689999997,0,0.05177083333333331,0.2650083333333346,0,0,307,-1
1709,-576452390981,2.009523014670665,2.7770111065886054,0.3049962292225868,0.11458821187642539,0.1811361027904464,-0.3433455510477912,0,1682673,0.01,-0.3528325095,0.18216996689999992,0,-0.24572916666666672,0.1512583333333346,0,0,307,-1
1710,-576452390980,2.0125817495894567,2.778139690102539,0.3067632099681694,0.11113424693210415,0.1495065641311656,-0.3579624911995905,0,1682683,0.01,-0.3600134295,0.14506854689999996,0,-0.10572916666666671,-0.16374166666666534,0,0,307,-1
1711,-576452390975,2.015657048361697,2.779232929695614,0.30828815848345226,0.10752264527882388,0.1708039404143356,-0.3807521563468852,0,1682693,0.01,-0.38394982949999995,0.17379222689999996,0,-0.2719791666666667,0.028758333333334773,0,0,307,-1
1712,-576452390964,2.0142667605604463,2.774810890667422,0.30812885598469575,0.10088715383381155,0.16765149345565145,-0.3573181899556694,0,1682704,0.011,-0.3540293295,0.16720971689999994,0,-0.1582291666666667,0.11625833333333468,0,1,308,2
1713,-576452390921,2.0173560098011096,2.775801442489055,0.30974007267310294,0.09724363877966835,0.12160845694886668,-0.40691173850137996,0,1682714,0.01,-0.4138703295000001,0.11514804689999995,0,-0.1932291666666667,0.2037583333333346,0,0,308,-1
1715,-576452390917,2.023570183319414,2.777664172871566,0.311399843181878,0.08898670007014395,0.011777598567433947,-0.41434612394386466,0,1682734,0.01,-0.4138703295000001,0.005040606899999948,0,-0.1144791666666667,0.11625833333333468,0,0,308,-1
1716,-576452390912,2.02668464211119,2.778532435094047,0.311497547839092,0.08470465557912224,-0.002526859866762826,-0.5131117720339096,0,1682744,0.01,-0.5269698195000001,-0.004533953100000047,0,-0.10572916666666671,-0.07624166666666532,0,0,308,-1
1717,-576452390911,2.0297990322327433,2.7793533726863764,0.31140059458902036,0.0795027338051845,-0.05361604561990567,-0.5635733615667134,0,1682754,0.01,-0.5706537494999999,-0.060784493100000045,0,-0.3419791666666667,0.3087583333333346,0,0,308,-1
1718,-576452390903,2.0266028239051006,2.785766670889042,0.30782097888822235,0.07591754342928043,-0.13966930605466535,-0.5083828408835682,0,1682765,0.011,-0.5006397795,-0.15174281310000007,0,-0.1844791666666667,0.11625833333333468,0,1,309,1
1719,-576452390892,2.029980710422387,2.786571407923212,0.3063281521926097,0.07038271088690458,-0.11142368469333142,-0.47115546310564077,0,1682776,0.011,-0.4659319995000001,-0.10746047310000004,0,-0.07947916666666671,-0.04124166666666529,0,0,309,-1
1720,-576452390880,2.033343713289167,2.7873169405811793,0.3051216219130397,0.06517548666566787,-0.09902692280685982,-0.4870410450016044,0,1682787,0.011,-0.48926998950000006,-0.09728750310000006,0,-0.23697916666666669,-0.049991666666665324,0,0,309,-1
1721,-576452390871,2.0261248440144555,2.7762554891870415,0.2997842507557459,0.05518700429876529,-0.09435384042056298,-0.41815216824275564,0,1682797,0.01,-0.4084846395000001,-0.09369704310000004,0,-0.1844791666666667,0.16000833333333464,0,1,310,2
1722,-576452390861,2.0294170939540708,2.776837816558038,0.2987953571128212,0.05067086146506105,-0.062291226211320896,-0.3634938066877302,0,1682808,0.011,-0.3558245595,-0.05779244310000005,0,-0.3594791666666667,0.27375833333333466,0,0,310,-1
1723,-576452390851,2.032402277794621,2.7773264568746563,0.29822493893368074,0.04705216330376734,-0.02528504068473022,-0.3520452449463136,0,1682818,0.01,-0.3504388695,-0.020092613100000052,0,-0.06197916666666671,0.028758333333334773,0,0,310,-1
1724,-576452390840,2.035383474948389,2.7777797117077894,0.29800502987356836,0.04358382800353656,-0.0018395471269498018,-0.31495167781015826,0,1682828,0.01,-0.3097469895,0.0014501468999999479,0,-0.0969791666666667,0.13375833333333476,0,0,310,-1
1726,-576452390814,2.0413472163719626,2.7785852727009352,0.2985942064349087,0.03679678671115368,0.08336913061585247,-0.3437087954806167,0,1682848,0.01,-0.3414627195,0.08821959689999996,0,-0.0182291666666667,-0.032491666666665364,0,0,310,-1
1727,-576452390809,2.0443375112720514,2.7789369356540354,0.29945669234108413,0.033497210800436494,0.10389085413380628,-0.24570485931919173,0,1682858,0.01,-0.2319536895,0.10677030689999994,0,-0.03572916666666671,0.23875833333333474,0,0,310,-1
1728,-576452390799,2.0413606895689456,2.784521455809746,0.2979536297360743,0.03335068284514308,0.14787268613353766,-0.1349868805459813,0,1682869,0.011,-0.11945260950000003,0.15404469689999994,0,-0.2982291666666667,0.23875833333333474,0,1,311,1
1729,-576452390786,2.0446468435509457,2.7848805105399714,0.29953923426220436,0.03191836729819422,0.12127383602727233,-0.10089774827265593,0,1682880,0.011,-0.0961146195,0.11754168689999996,0,-0.07947916666666671,0.2825083333333347,0,0,311,-1
1730,-576452390777,2.0476483370250675,2.7851939806718953,0.3007577578445313,0.030808030824661693,0.1253477992464716,-0.17227109257085432,0,1682890,0.01,-0.18228565950000003,0.12591942689999994,0,-0.0444791666666667,0.21250833333333463,0,0,311,-1
1731,-576452390769,2.050661963116293,2.7854924272791433,0.30197728120648765,0.02892696863277046,0.10118455961779003,-0.28495928595852404,0,1682900,0.01,-0.3007708395,0.09779415689999996,0,-0.3332291666666667,0.14250833333333457,0,0,311,-1
1732,-576452390759,2.0536854938565723,2.785766974932709,0.3027861092973361,0.026003418256314813,-0.043478516292823136,-0.33765878505212044,0,1682910,0.01,-0.3450531795,-0.06377654310000004,0,-0.1932291666666667,0.30000833333333476,0,0,311,-1
1733,-576452390748,2.056711450195546,2.7860106054927742,0.3023933547158495,0.02270167484166782,-0.013524196334880799,-0.28431871413326354,0,1682920,0.01,-0.27683443950000003,-0.009321233100000053,0,-0.07947916666666671,0.22125833333333467,0,0,311,-1
1734,-576452390737,2.0531039398412316,2.778532911618829,0.2993654533243593,0.016377545857237462,0.027420055833356275,-0.11035244270193126,0,1682931,0.011,-0.08594164950000001,0.033165876899999946,0,-0.2107291666666667,0.3350083333333347,0,1,312,2
1735,-576452390727,2.056398578323352,2.778707673562075,0.29966270348446367,0.015348722165201029,0.024587210319933703,0.009712787099118061,0,1682942,0.011,0.02655943049999999,0.024189726899999948,0,-0.28947916666666673,0.12500833333333472,0,0,312,-1
1736,-576452390717,2.059395880603682,2.7788617656167696,0.29982461260382554,0.015463849740756529,-0.03453641406242339,0.022387386708791757,0,1682952,0.01,0.024165790499999996,-0.04283219310000004,0,-0.10572916666666671,0.1775083333333347,0,0,312,-1
1737,-576452390707,2.062392680936786,2.7790169010151953,0.29952285760127845,0.015591100144541913,-0.003502681354105395,-0.046373186776325015,0,1682962,0.01,-0.0560211495,8.51736899999945e-4,0,-0.10572916666666671,0.05500833333333466,0,0,312,-1
1738,-576452390696,2.065386852948483,2.779169978252816,0.2993503160002183,0.015047003509167066,-0.10149084619326157,-0.10363827603082554,0,1682972,0.01,-0.11167327950000004,-0.11523980310000008,0,-0.2107291666666667,0.16000833333333464,0,0,312,-1
1739,-576452390685,2.0686734895838494,2.7793275226997953,0.2982227232301379,0.013658356092827223,-0.10882503525636457,-0.26654343219791704,0,1682983,0.011,-0.2894010495,-0.10985411310000004,0,-0.4207291666666667,-0.032491666666665364,0,0,312,-1
1740,-576452390675,2.071649934707861,2.7794503332296707,0.2970825822457442,0.010925045920931084,-0.14541233973093895,-0.3144016736462878,0,1682993,0.01,-0.3211167795,-0.15054599310000003,0,-0.21947916666666673,0.16000833333333464,0,0,312,-1
1741,-576452390664,2.0677377397044467,2.785521896882597,0.2923336197587733,0.010179824336695483,-0.17562921227220712,-0.33550819364667167,0,1683004,0.011,-0.3384706695,-0.17986808310000005,0,-0.0532291666666667,0.14250833333333457,0,1,313,1
1743,-576452390574,2.0738271814959974,2.7856677283301883,0.28700158961695355,0.004050194423308358,-0.36039600774454367,-0.2254879780933312,0,1683025,0.01,-0.2205838995,-0.3671704131000001,0,-0.026979166666666707,0.27375833333333466,0,0,313,-1
1744,-576452390573,2.076681276027206,2.7856982539821566,0.2837233359533933,0.0019967763056140935,-0.12861275331247077,-0.0821213662864817,0,1683035,0.01,-0.06200524949999999,-0.09609068310000006,0,-0.10572916666666671,-0.014991666666665293,0,0,313,-1
1745,-576452390572,2.0795140818908866,2.7857132169835284,0.28274972460387243,0.0010353518510615872,0.09407513899241751,-0.18203058488424959,0,1683045,0.01,-0.19604908950000005,0.12532101689999994,0,-0.2544791666666667,0.1775083333333347,0,0,313,-1
1746,-576452390572,2.0826297199472097,2.785712647364938,0.28374067277357057,-0.0011050836583573758,0.0653251303019938,-0.2725159575482059,0,1683056,0.011,-0.2852121795,0.06129114689999995,0,-0.21947916666666673,0.028758333333334773,0,0,313,-1
1747,-576452390571,2.0854683506121554,2.7856874172188317,0.28408300969472305,-0.0039145075341485685,-0.1538959254341061,-0.3319294485714752,0,1683066,0.01,-0.3402658995,-0.18465536310000005,0,-0.2544791666666667,0.2037583333333346,0,0,313,-1
1748,-576452390571,2.088300530057875,2.785632406883537,0.2823955556632846,-0.007120206088326733,-0.25958708090732446,-0.2510775459246344,0,1683076,0.01,-0.23973301950000003,-0.2744168631000001,0,-0.1319791666666667,0.19500833333333478,0,0,313,-1
1749,-576452390570,2.0911101102165732,2.7855494908777874,0.27958185681338293,-0.009499924897072687,-0.4148067281787663,-0.1576893531738655,0,1683086,0.01,-0.14458582950000004,-0.4365859731000001,0,-0.14947916666666672,0.0637583333333347,0,0,313,-1
1750,-576452390570,2.093883738905961,2.7854470169308088,0.27520744140114106,-0.01101283230564449,-0.5761207251949434,-0.11208766315354166,0,1683096,0.01,-0.10568917950000005,-0.5987550831000003,0,-0.3069791666666667,0.08125833333333476,0,0,313,-1
1751,-576452390543,2.093639544514907,2.7821118439075763,0.2679846939864283,-0.013569115244833736,-0.7213920049255972,-0.09860519449595391,0,1683106,0.01,-0.09671302950000002,-0.7417750731000001,0,0.01677083333333329,0.23875833333333474,0,1,314,2
1752,-576452390542,2.096541798597637,2.7819568964386083,0.25976581695886464,-0.01461439456022915,-0.9071957055279172,-0.07280610261241786,0,1683117,0.011,-0.06918616950000003,-0.9332662731000002,0,-0.4119791666666667,0.3350083333333347,0,0,314,-1
1753,-576452390541,2.099343966360793,2.7817913263257803,0.24973363134825255,-0.01547345845494621,-0.9416034579606092,-0.11056421695992412,0,1683128,0.011,-0.11586214950000001,-0.9464312931,0,-0.17572916666666671,0.19500833333333478,0,0,314,-1
1754,-576452390530,2.0946395884831515,2.787600076781046,0.23710976502141776,-0.013899857711078168,-1.0177324477140643,-0.16926154497680557,0,1683138,0.01,-0.17749837950000008,-1.0284134631000001,0,-0.0882291666666667,0.3350083333333347,0,1,315,1
1755,-576452390519,2.0971862265941854,2.7874373180193497,0.22591483035828938,-0.015706209027625997,-1.0176532022264062,-0.13292834837726303,0,1683149,0.011,-0.1278303495,-1.0176420831000001,0,-0.2719791666666667,0.32625833333333465,0,0,315,-1
1756,-576452390508,2.099394808879502,2.7872722673352204,0.21578669801130815,-0.01723981762890619,-0.983532931047845,-0.2769696020746897,0,1683159,0.01,-0.2971803795,-0.9787454331000002,0,-0.07947916666666671,0.2825083333333347,0,0,315,-1
1757,-576452390499,2.1015037082181234,2.7870873460148315,0.20598381119513257,-0.01980363434091851,-0.960442541607545,-0.13043822251979462,0,1683169,0.01,-0.10987804950000002,-0.9572026731000002,0,-0.3857291666666667,0.08125833333333476,0,0,315,-1
1758,-576452390489,2.1035182165075623,2.786883242594351,0.19679946725094646,-0.02103705370172226,-0.6611021929450016,-0.07987173581038054,0,1683179,0.01,-0.07277662950000005,-0.6191010231000001,0,-0.0969791666666667,-0.14624166666666538,0,0,315,-1
1759,-576452390478,2.105452034651841,2.7866700142466274,0.19001333415206959,-0.021658418061708654,-0.7859005439862389,0.04652432311989407,0,1683189,0.01,0.06425926049999998,-0.8034113031000002,0,-0.3507291666666667,-0.1812416666666653,0,0,315,-1
1760,-576452390467,2.110983512555833,2.790383571798207,0.18361673404781104,-0.019435865613865552,-0.8532092603972243,0.030066070681489036,0,1683199,0.01,0.02775625049999998,-0.8626538931000001,0,-0.2019791666666667,0.14250833333333457,0,1,316,2
1761,-576452390369,2.112953962200778,2.790170360006985,0.17456558022755905,-0.019285230700487974,-0.6342632135957629,-0.08793530103015954,0,1683210,0.011,-0.10449235950000005,-0.6035423631000001,0,-0.3682291666666667,0.16000833333333464,0,0,316,-1
1762,-576452390368,2.1146692261160553,2.7899725206217605,0.16842415285535745,-0.020254394148551597,-0.4923962680750661,-0.15125934009727882,0,1683220,0.01,-0.16014448950000001,-0.47249057310000003,0,0.025520833333333298,0.1775083333333347,0,0,316,-1
1763,-576452390368,2.116327724448348,2.789761897295741,0.1633256437556446,-0.02184724163034714,-0.6166297694166482,-0.2083802554240638,0,1683230,0.01,-0.21639502949999997,-0.6340612731000002,0,-0.23697916666666669,0.07250833333333473,0,0,316,-1
1764,-576452390367,2.1179305263488075,2.7895342972201655,0.15721816637102026,-0.023729547210696242,-0.5747156541957058,-0.06479776652457994,0,1683240,0.01,-0.04465135950000003,-0.5688345831000001,0,-0.14947916666666672,0.14250833333333457,0,0,316,-1
1765,-576452390367,2.1196275624923984,2.789271691851337,0.1512477579224501,-0.024100599035699864,-0.34442879979691177,0.15910713156154288,0,1683251,0.011,0.19052377049999997,-0.3121166931,0,-0.17572916666666671,0.1512583333333346,0,0,316,-1
1766,-576452390366,2.1211235275115468,2.7890388245536704,0.14791138726279895,-0.022481617267934968,-0.2683378839301165,0.17878637776741343,0,1683261,0.01,0.18154762049999998,-0.2576613831000001,0,-0.3244791666666667,0.0637583333333347,0,0,316,-1
1767,-576452390366,2.1225882270765735,2.788822656363098,0.1450730573567088,-0.020739013508186254,-0.378624307677961,0.14657255942907774,0,1683271,0.01,0.14205256049999998,-0.3940988631000001,0,-0.1407291666666667,0.011258333333334702,0,0,316,-1
1768,-576452390366,2.124020437724257,2.788621497241239,0.14135098875989544,-0.01944455135811523,-0.33289493255918184,0.02453385667404495,0,1683281,0.01,0.007410310499999982,-0.3264785331000001,0,-0.1669791666666667,-0.2599916666666653,0,0,316,-1
1769,-576452390365,2.1255557108385292,2.7884080022308817,0.1377698145846384,-0.019333752708777956,-0.2800381029709155,-0.07969481232868972,0,1683292,0.011,-0.09431938950000002,-0.2726216331000001,0,-0.4294791666666667,-0.049991666666665324,0,0,316,-1
1770,-576452390364,2.126918778330038,2.7882103747021985,0.13487371505285625,-0.020177172659261645,-0.3475278001158886,-0.11246140891513715,0,1683302,0.01,-0.11705896950000003,-0.35699744310000003,0,-0.3682291666666667,-0.25124166666666536,0,0,316,-1
1774,-576452390267,2.12147083276654,2.7962173830564168,0.10207919230601753,-0.021830143641806753,-1.3968427487217898,0.0013055890684624538,0,1683344,0.01,0.02655943049999999,-1.4473004631000002,0,-0.1844791666666667,-0.08499166666666536,0,0,317,-1
1775,-576452390266,2.122420308274555,2.796001678053737,0.08788075299673496,-0.021422195170537957,-1.5607409844041589,0.2826919659512365,0,1683354,0.01,0.3221739705,-1.5837379431000003,0,-0.0444791666666667,-0.2074916666666653,0,0,317,-1
1776,-576452390265,2.1232235052973194,2.795801029436531,0.07265224376394953,-0.018682916546042393,-1.2907064176550374,0.22023202605386072,0,1683364,0.01,0.2114681205,-1.2528172131000002,0,-0.2282291666666667,0.09875833333333461,0,0,317,-1
1777,-576452390265,2.1238883747253188,2.7956236340451555,0.06019531005808625,-0.016727005574555698,-0.969901454964047,0.044617780883676045,0,1683374,0.01,0.019976920499999974,-0.9248885331,0,-0.2282291666666667,0.07250833333333473,0,0,317,-1
1778,-576452390265,2.1244474349956173,2.7954578208132563,0.05137121569810918,-0.016401716034925913,-0.3463501921181009,-0.04153868671067662,0,1683384,0.01,-0.053627509500000024,-0.2588582031000001,0,-0.1144791666666667,0.002508333333334667,0,0,317,-1
1779,-576452390264,2.1249465746346075,2.795292192533411,0.04833640922867564,-0.016744354884095192,-0.040820986468987686,0.010308479013079928,0,1683394,0.01,0.017583280499999982,0.002048556899999951,0,-0.4469791666666667,0.16000833333333464,0,0,317,-1
1780,-576452390164,2.1254283957444864,2.7951252321446165,0.0480059843424784,-0.016646308868904267,0.014615999091049624,0.006717367991385205,0,1683404,0.01,0.006213490499999994,0.022394496899999946,0,-0.1407291666666667,-0.032491666666665364,0,0,317,-1
1781,-576452390163,2.1259092759624623,2.794959185820695,0.04816613353488677,-0.016566501299069582,0.024586036751105655,0.01572148150872268,0,1683414,0.01,0.016984870499999978,0.025984956899999946,0,-0.2282291666666667,0.05500833333333466,0,0,317,-1
1782,-576452390163,2.1263921304735907,2.794794326265458,0.048406351960024296,-0.016406259261974417,0.020565051137308686,0.017878968299229806,0,1683424,0.01,0.018181690499999983,0.02000085689999995,0,-0.07947916666666671,-0.05874166666666536,0,0,317,-1
1783,-576452390162,2.12687718479695,2.794631060995617,0.048606153951733254,-0.016242559968122964,0.016396838866406707,0.007124119414069588,0,1683434,0.01,0.005615080499999991,0.01581198689999995,0,-0.0532291666666667,-0.18999166666666534,0,0,317,-1
1786,-576452390162,2.1273672180919774,2.794469436635187,5.018017756083758e-4,4.7060541361159744e-5,0.04188320623916322,0.005925696863884073,0,1683464,0.01,0.006213490499999994,0.04154361689999995,0,0.1830208333333333,-0.5224916666666654,0,0,317,-1
1787,-576452390161,2.1273743228796658,2.794470375525643,9.194796546551003e-4,1.3317942808983442e-4,0.04106062523449073,0.02507005869101659,0,1683474,0.01,0.02775625049999998,0.04094520689999995,0,0.008020833333333297,-0.43499166666666533,0,0,317,-1
1788,-576452390161,2.127385362347019,2.794472845257901,0.0012975454708997532,3.658318008346177e-4,0.0178692105100254,0.012207181916538244,0,1683484,0.01,0.01040236049999998,0.01461516689999996,0,0.0780208333333333,-0.7062416666666653,0,0,317,-1
1789,-576452390160,2.127399262201621,2.7944770007042963,0.0014810694933986522,4.702199542542971e-4,0.021312895160135455,-3.958829254297226e-4,0,1683494,0.01,-0.0021642495000000293,0.021796086899999942,0,0.2792708333333333,-1.0037416666666654,0,0,317,-1
1790,-576452390160,2.1274149537564218,2.794481782332093,0.0016653398933696292,4.817570605250038e-4,7.455420630376949e-4,0.010647996947499594,0,1683504,0.01,0.012197590499999989,-0.0021403131000000525,0,0.2355208333333333,-1.1174916666666654,0,0,317,-1
1791,-576452390154,2.1274322251892426,2.7944856216320177,0.0017634942857129947,3.523099307011577e-4,0.0653862697287011,-0.15749612957011586,0,1683514,0.01,-0.18108883950000004,0.07445616689999995,0,0.1392708333333333,-0.8637416666666653,0,0,317,-1
1792,-576452390143,2.1288212981514656,2.7959403810610737,0.002999314735622493,-5.02283442394819e-4,0.02715986732828889,-0.01602948593433498,0,1683525,0.011,0.003819850499999965,0.021796086899999942,0,-0.3769791666666667,0.09000833333333458,0,1,319,2
1793,-576452390131,2.1288556163368684,2.7959341643057924,0.003252807373099983,-6.388369372856914e-4,-0.0022084441370549303,0.009773877969864932,0,1683536,0.011,0.013394410499999978,-0.006329183100000038,0,-0.1844791666666667,-0.32999166666666535,0,0,319,-1
1794,-576452390122,2.1176905162075634,2.80534579766315,-0.0015896918153407292,0.0038394329592569406,0.0030979132666085645,0.001929833003179762,0,1683547,0.011,8.278004999999679e-4,0.0038437868999999423,0,-0.24572916666666672,0.1775083333333347,0,1,320,1
1795,-576452390111,2.117673302727512,2.805388087398759,-0.0015432665650252655,0.003851880527332651,0.011098890405332714,-0.0037595924280219547,0,1683558,0.011,-0.004557889500000024,0.012221526899999948,0,0.08677083333333331,0.21250833333333463,0,0,320,-1
1796,-576452390100,2.1176584047642226,2.8054264608566135,-0.0014353515754353932,0.0038207440643236276,0.008934726046558525,7.881111837640398e-4,0,1683568,0.01,0.001426210499999971,0.008631066899999948,0,-0.2282291666666667,0.23875833333333474,0,0,320,-1
1797,-576452390091,2.117644543101498,2.805464798300361,-0.0013390040994254047,0.0038426854863222865,0.01391620369703816,0.010793684286951181,0,1683578,0.01,0.012197590499999989,0.01461516689999996,0,-0.17572916666666671,0.09000833333333458,0,0,320,-1
1798,-576452390081,2.117631882707213,2.8055036956635013,0.0,0.0,0.0,0.0,1,1683588,0.01,0.0020246204999999737,0.01820562689999994,0,-0.1582291666666667,-0.049991666666665324,0,0,320,-1
1799,-576452390070,2.1176320403211775,2.8055036738930395,0.0,0.0,0.0,0.0,1,1683598,0.01,-0.002762659500000015,0.02000085689999995,0,-0.2282291666666667,-0.014991666666665293,0,0,320,-1
1800,-576452390059,2.1176322400501224,2.8055036814786494,0.0,0.0,0.0,0.0,1,1683609,0.011,8.278004999999679e-4,0.021796086899999942,0,-0.17572916666666671,-0.06749166666666528,0,0,320,-1
1803,-576452390021,2.1287560336801477,2.8173555813114723,2.1902492224430545e-5,-1.203486392750201e-6,0.015440695491329367,-8.483898621611688e-4,0,1683640,0.01,-9.674295000000236e-4,0.01760721689999996,0,-0.3244791666666667,0.09875833333333461,0,0,321,-1
1804,-576452389960,2.1287569517272122,2.817355649318794,1.6496980118729695e-4,9.336261259498919e-6,0.0073698647262676175,0.012691426104657608,0,1683650,0.01,0.014591230499999983,0.0062374268999999365,0,-0.0444791666666667,0.09000833333333458,0,0,321,-1
1805,-576452389959,2.128759234817023,2.8173565098306366,2.493285830099866e-4,1.4747988555524646e-4,0.009525433781337113,0.011733578428954729,0,1683661,0.011,0.011599180499999986,0.009827886899999937,0,-0.17572916666666671,0.16000833333333464,0,0,321,-1
1806,-576452389958,2.128762231293778,2.817358677781779,3.486805454878929e-4,2.810228481187683e-4,0.012414557016395824,0.023160816964399117,0,1683671,0.01,0.024764200499999982,0.012819936899999952,0,-0.4557291666666667,0.05500833333333466,0,0,321,-1
1807,-576452389957,2.1287663325500668,2.817362468923701,4.7185097408575493e-4,4.851142763030196e-4,0.011720501510276007,0.003575819029283299,0,1683681,0.01,8.278004999999679e-4,0.011623116899999963,0,-0.2282291666666667,0.08125833333333476,0,0,321,-1
1808,-576452389957,2.1287721707334324,2.8173680457103956,5.91834906489221e-4,5.279790241997715e-4,0.005862550240791388,0.005888932011125638,0,1683692,0.011,0.006213490499999994,0.005040606899999948,0,-0.1844791666666667,0.1512583333333346,0,0,321,-1
1809,-576452389957,2.1287783168185404,2.817373783956454,6.405066400782203e-4,6.118335248992536e-4,-0.001155581960663168,0.023491203170273436,0,1683702,0.01,0.025961020499999987,-0.0021403131000000525,0,-0.3332291666666667,-0.049991666666665324,0,0,321,-1
1810,-576452389857,2.128784755963918,2.8173809303268436,6.432209732098256e-4,8.239828938126832e-4,0.009001177379591553,0.007289912817207374,0,1683712,0.01,0.005016670499999971,0.01042629689999994,0,-0.17572916666666671,0.002508333333334667,0,0,321,-1
1811,-576452389856,2.1189607744357275,2.8256677284309544,-0.0034807689523300316,0.004722730490648464,0.004477564776958075,-0.002049605996649493,0,1683722,0.01,-0.0033610695000000183,0.0038437868999999423,0,-0.21947916666666673,0.028758333333334773,0,1,322,1
1812,-576452389856,2.1189228055013083,2.825719548269186,-0.0034243550132642825,0.0046992306266555,0.009169543932524695,-0.002674920154855993,0,1683733,0.011,-0.002762659500000015,0.009827886899999937,0,-0.06197916666666671,-0.006241666666665369,0,0,322,-1
1813,-576452389855,2.118888928166324,2.8257664499966313,-0.0033467261974829987,0.004679070719985956,-7.486651451225224e-4,0.001971131702988596,0,1683743,0.01,0.0026230304999999765,-0.0021403131000000525,0,-0.21947916666666673,-0.10249166666666532,0,0,322,-1
1814,-576452389855,2.1188555547909984,2.8258132922440105,-0.0033338083522770202,0.004691474894348761,0.01377424252500448,-0.0032297334980764705,0,1683753,0.01,-0.003959479500000021,0.01581198689999995,0,-0.3157291666666667,-0.014991666666665293,0,0,322,-1
1815,-576452389854,2.11882294509079,2.8258600633500266,-0.0031898758870108736,0.004661961719546399,0.018185134023041696,-0.0012458000154875336,0,1683763,0.01,-9.674295000000236e-4,0.018804036899999946,0,-0.26322916666666674,0.3700083333333346,0,0,322,-1
1816,-576452389854,2.1187920029057006,2.8259066323020146,-0.0030006359057326223,0.004651318938777195,0.02345087764902717,4.787221395721091e-5,0,1683773,0.01,2.293904999999821e-4,0.024189726899999948,0,0.01677083333333329,0.27375833333333466,0,0,322,-1
1817,-576452389854,2.1187631796268795,2.8259531728897547,-0.0027644816630770755,0.004655702662304388,0.024623590690759166,0.0028309413272664804,0,1683783,0.01,0.0032214404999999792,0.02478813689999994,0,-0.0707291666666667,-0.06749166666666528,0,0,322,-1
1818,-576452389854,2.1187367672862303,2.825999997125299,-0.002518043286353554,0.004703637099515523,0.02476788992473631,0.016817598703476978,0,1683793,0.01,0.01878010049999997,0.02478813689999994,0,-0.1932291666666667,-0.08499166666666536,0,0,322,-1
1819,-576452389853,2.1187128159777866,2.82604776253895,-0.0022718121291072243,0.0048543470456500785,0.023736091094663014,0.004369634524606838,0,1683803,0.01,0.0026230304999999765,0.023591316899999944,0,-0.2107291666666667,-0.07624166666666532,0,0,322,-1
1832,-576452389652,2.1145456481200973,2.8296795186171195,9.67617178467389e-4,5.092432402810574e-4,0.021356168087573495,0.010751974485581182,0,1683934,0.01,0.012197590499999989,0.020599266899999955,0,-0.1582291666666667,0.1775083333333347,0,0,324,-1
1833,-576452389651,2.1145564191403388,2.829685004449758,0.0011854018060747423,5.942429646844902e-4,0.02436584222684173,-0.0052979374547814494,0,1683944,0.01,-0.007549939500000021,0.02478813689999994,0,-0.0882291666666667,0.1512583333333346,0,0,324,-1
1834,-576452389650,2.119936426058502,2.8353847965758545,0.0036322622868777904,0.0031190601016605844,0.01529055951452212,0.013193993050412427,0,1683954,0.01,0.015788050499999973,0.014016756899999957,0,-0.3332291666666667,0.14250833333333457,0,1,325,2
1835,-576452389650,2.113211071235148,2.841112115540335,9.143715729444659e-4,0.005911923486091912,0.004201926711650693,0.013895389861846361,0,1683966,0.012,0.01399282049999998,0.0026469668999999536,0,-0.1669791666666667,0.11625833333333468,0,1,326,1
1836,-576452389650,2.1132213451738426,2.841177976458533,9.552032970695114e-4,0.006063272107418045,7.391916493728781e-4,0.012931277449353731,0,1683977,0.011,0.012796000499999974,2.5332689999994204e-4,0,-0.026979166666666707,-0.02374166666666533,0,0,326,-1
1837,-576452389649,2.113230939983236,2.8412392051531015,9.634817588147666e-4,0.006184953936811997,0.0013626657393008613,0.007564873627087544,0,1683987,0.01,0.00681190049999998,0.0014501468999999479,0,-0.1844791666666667,-0.02374166666666533,0,0,326,-1
1838,-576452389649,2.1132406246008433,2.8413013936604763,9.742660526314206e-4,0.006254511807133365,-6.597263624448331e-4,0.003231111208832853,0,1683997,0.01,0.0026230304999999765,-9.434931000000467e-4,0,-0.0969791666666667,0.18625833333333475,0,0,326,-1
1839,-576452389648,2.113250388689807,2.841363986946911,0.0,0.0,0.0,0.0,1,1684007,0.01,-0.011140399500000021,0.0062374268999999365,0,-0.1669791666666667,-0.09374166666666528,0,0,326,-1
1840,-576452389538,2.113250466138907,2.8413640736388968,0.0,0.0,0.0,0.0,1,1684017,0.01,0.011000770499999982,0.009827886899999937,0,-0.1582291666666667,0.028758333333334773,0,0,326,-1
1841,-576452389537,2.1221523733007728,2.8507332512599186,0.003662855084440916,0.00418877532731784,6.785408459414551e-7,9.407941607571127e-7,1,1684027,0.01,-0.0021642495000000293,0.009827886899999937,0,-0.1144791666666667,-0.049991666666665324,0,1,327,2
1842,-576452389537,2.122192776286556,2.8507793020531564,0.0,0.0,0.0,0.0,1,1684038,0.011,-0.002762659500000015,0.012221526899999948,0,-0.2107291666666667,0.028758333333334773,0,0,327,-1
1843,-576452389536,2.1221930617273346,2.8507793323126465,0.0,0.0,0.0,0.0,1,1684049,0.011,0.0032214404999999792,0.03017382689999995,0,-0.2282291666666667,0.04625833333333462,0,0,327,-1
1844,-576452389536,2.122193236030035,2.8507793194198006,0.0,0.0,0.0,0.0,1,1684059,0.01,-0.0015658395000000265,0.021197676899999948,0,-0.12322916666666671,0.12500833333333472,0,0,327,-1
1845,-576452389535,2.1221933378135143,2.8507793592481843,0.0,0.0,0.0,0.0,1,1684069,0.01,0.005016670499999971,0.012819936899999952,0,-0.1319791666666667,-0.006241666666665369,0,0,327,-1
1846,-576452389535,2.122193490871596,2.850779342175056,0.0,0.0,0.0,0.0,1,1684079,0.01,-0.0021642495000000293,0.01940244689999995,0,-0.0707291666666667,-0.006241666666665369,0,0,327,-1
1847,-576452389534,2.1221936201912213,2.8507794288649286,0.0,0.0,0.0,0.0,1,1684089,0.01,0.011000770499999982,0.01641039689999995,0,-0.1844791666666667,0.05500833333333466,0,0,327,-1
1848,-576452389534,2.122193645761836,2.850779520255918,3.993361417193139e-6,1.4272524060689365e-5,0.0028460418674966233,0.01017193205869278,0,1684099,0.01,0.011599180499999986,0.0032453768999999395,0,-0.26322916666666674,0.10750833333333465,0,0,327,-1
1849,-576452389534,2.1221938311438664,2.850780079096969,3.294515144179543e-5,1.0154882267039914e-4,0.0031962397818475216,-1.2153779596460988e-4,0,1684109,0.01,-0.0015658395000000265,0.0032453768999999395,0,-0.1407291666666667,-0.06749166666666528,0,0,327,-1
1850,-576452389532,2.1221943490833155,2.8507811101324276,6.938597731158877e-5,1.0371056345394888e-4,0.006387994113704025,0.002285318639883942,0,1684119,0.01,0.0026230304999999765,0.00683583689999994,0,-0.0707291666666667,0.07250833333333473,0,0,327,-1
1851,-576452389532,2.122195342297303,2.850782231161199,1.3013533883663507e-4,1.2182500173103699e-4,0.004156844859579217,-0.0010919646902773084,0,1684129,0.01,-0.0015658395000000265,0.0038437868999999423,0,-0.2019791666666667,0.24750833333333477,0,0,327,-1
1852,-576452389528,2.1191078086331148,2.8533770616518668,-0.0011404176047103622,0.0013058431080790087,7.333357088616315e-4,-0.0036063039530737475,0,1684140,0.011,-0.003959479500000021,2.5332689999994204e-4,0,-0.0882291666666667,0.12500833333333472,0,1,328,1
1853,-576452389517,2.1211805369331858,2.855569183501035,-2.692011829782784e-4,0.002249069599001987,0.005560360464259819,0.002906355316850344,0,1684151,0.011,0.003819850499999965,0.0062374268999999365,0,-0.2544791666666667,0.09875833333333461,0,1,329,2
1854,-576452389507,2.1211781323596326,2.8555919241107843,-2.1200955454016038e-4,0.0022941752257342597,0.006678892902534636,0.014202992023518126,0,1684161,0.01,0.015788050499999973,0.00683583689999994,0,-0.23697916666666669,0.16000833333333464,0,0,329,-1
1855,-576452389497,2.121176352234963,2.855615545877802,-1.442897847541212e-4,0.0024315216141980313,0.007341302591088035,0.010870018143393417,0,1684171,0.01,0.01040236049999998,0.007434246899999943,0,-0.10572916666666671,0.09000833333333458,0,0,329,-1
1856,-576452389487,2.1211754234654103,2.8556403300942566,-4.7932030642960664e-5,0.00252859930743936,0.02369090461305908,0.002588246019581582,0,1684181,0.01,0.001426210499999971,0.025984956899999946,0,-0.2982291666666667,0.23875833333333474,0,0,329,-1
1857,-576452389423,2.121176047742155,2.8556656467478856,1.7633662118586588e-4,0.0025390613415933556,0.014682357920795948,-0.008401571559046197,0,1684191,0.01,-0.009943579500000016,0.013418346899999954,0,-0.26322916666666674,-0.006241666666665369,0,0,329,-1
1858,-576452389421,2.1211791949350958,2.855695595361158,3.4896584007091384e-4,0.0024498598852354587,0.012524325639855019,-0.0013574037574906822,0,1684203,0.012,-3.6901950000002077e-4,0.012221526899999948,0,-0.14947916666666672,-0.04124166666666529,0,0,329,-1
1859,-576452389421,2.121183735620248,2.8557225533426966,4.789689995793525e-4,0.002447712603185747,0.0075357903740709544,0.006856243715317379,0,1684214,0.011,0.008008720499999986,0.00683583689999994,0,-0.2107291666666667,-0.02374166666666533,0,0,329,-1
1862,-576452389421,2.121202111856233,2.855797802349501,0.0,0.0,0.0,0.0,1,1684244,0.01,0.019976920499999974,0.005040606899999948,0,-0.2107291666666667,0.12500833333333472,0,0,329,-1
1863,-576452389415,2.1212022600422857,2.855797893757361,2.313844901701885e-5,1.4272841946954394e-5,0.01649024995998223,0.01017193205869278,0,1684254,0.01,0.011599180499999986,0.018804036899999946,0,-0.3244791666666667,-0.014991666666665293,0,0,329,-1
1864,-576452389404,2.116967429960207,2.8593234764743887,-0.0016202477444175664,0.0017371697308703308,0.0059243067182541635,0.003027529488332323,0,1684264,0.01,0.0020246204999999737,0.004442196899999945,0,-0.2544791666666667,0.1512583333333346,0,1,330,1
1865,-576452389394,2.1197924537361987,2.86229732190107,-3.7419768049310235e-4,0.0030936843691147355,0.01616993340581077,0.0042475068277560285,0,1684275,0.011,0.004418260499999968,0.01760721689999996,0,-0.23697916666666669,0.020008333333334738,0,1,331,2
1866,-576452389382,2.1197893236297225,2.8623316221801707,-1.9519460620398712e-4,0.003142255360056174,0.01690558573820695,0.0054468041815038,0,1684286,0.011,0.005615080499999991,0.017008806899999954,0,-0.0444791666666667,0.04625833333333462,0,0,331,-1
1867,-576452389372,2.119788144132311,2.8623632595445425,-3.7188905641483075e-5,0.0031879900225247016,0.009124447294516431,-7.029522672449004e-4,0,1684296,0.01,-0.0015658395000000265,0.008032656899999945,0,-0.1932291666666667,-0.05874166666666536,0,0,331,-1
1868,-576452389362,2.1197883874158894,2.862398293497544,7.775673732149645e-5,0.0031815070828344776,0.01866254350307979,1.1466819170291424e-4,0,1684307,0.011,2.293904999999821e-4,0.02000085689999995,0,-0.2544791666666667,0.10750833333333465,0,0,331,-1
1869,-576452389352,2.1197900062688073,2.8624300809785144,2.5041443133602703e-4,0.003177585619873688,0.00881585906003838,-0.0034581664164905117,0,1684317,0.01,-0.003959479500000021,0.007434246899999943,0,-0.24572916666666672,0.0637583333333347,0,0,331,-1
1870,-576452389341,2.1197929734742784,2.862461836596572,3.4203194263466826e-4,0.003166717894416923,0.011277691257521805,0.013419854480020678,0,1684327,0.01,0.015788050499999973,0.011623116899999963,0,-0.2107291666666667,0.12500833333333472,0,0,331,-1
1871,-576452389331,2.1197974652039218,2.8624973888532517,4.729571075463287e-4,0.0033006848531218678,0.015778831064127696,0.004476328330807525,0,1684338,0.011,0.0032214404999999792,0.01641039689999995,0,-0.3419791666666667,0.09000833333333458,0,0,331,-1
1872,-576452389319,2.1182100328050963,2.8638470250345787,-2.7978186209676702e-5,0.00395461218606979,0.015807730668745985,0.0018017118072327731,0,1684349,0.011,0.001426210499999971,0.01581198689999995,0,-0.24572916666666672,0.10750833333333465,0,1,332,1
1873,-576452389309,2.1182106020567932,2.863890608084578,1.3457522181316203e-4,0.003970683405352019,0.008464581901452373,-6.266939959321774e-4,0,1684360,0.011,-9.674295000000236e-4,0.007434246899999943,0,-0.0707291666666667,0.08125833333333476,0,0,332,-1
1874,-576452389299,2.11821240694341,2.8639303595578176,2.2464603278567552e-4,0.0039759179718623075,0.012284022002131467,0.007470932850594966,0,1684370,0.01,0.008607130499999989,0.012819936899999952,0,-0.3332291666666667,-0.014991666666665293,0,0,332,-1
1875,-576452389289,2.11821529560273,2.8639704015302017,3.5183387343206947e-4,0.004036541231390666,0.015377880162763697,-0.0025529975325122847,0,1684380,0.01,-0.003959479500000021,0.01581198689999995,0,-0.14947916666666672,0.13375833333333476,0,0,332,-1
1876,-576452389277,2.118219657073004,2.8640108075836848,5.171939007707185e-4,0.00403726594890194,0.023630229730564906,0.01615511928558082,0,1684390,0.01,0.01878010049999997,0.02478813689999994,0,-0.2719791666666667,0.21250833333333463,0,0,332,-1
1877,-576452389269,2.118225958343873,2.86405180591027,7.45348526086885e-4,0.004170384371920747,0.017823555443154344,-0.00410831756247966,0,1684400,0.01,-0.0069515295000000185,0.017008806899999954,0,-0.0532291666666667,0.028758333333334773,0,0,332,-1
1878,-576452389258,2.1243298883257147,2.870403216613026,0.0034222293366158634,0.006966317940163374,0.017634337403542567,7.458995093954834e-4,0,1684410,0.01,0.001426210499999971,0.01760721689999996,0,-0.17572916666666671,0.0637583333333347,0,1,333,2
1879,-576452389248,2.1243685834413304,2.870479848549384,0.0036137682184997576,0.00696822543808285,0.016036222303160107,-0.00338049507459283,0,1684421,0.011,-0.003959479500000021,0.01581198689999995,0,-0.3157291666666667,-0.032491666666665364,0,0,333,-1
1898,-576452389044,2.1260777903558963,2.879070112943698,0.006399642804092821,0.01072574347274456,0.005428149485037547,0.00963435002678078,0,1684616,0.01,0.01040236049999998,0.004442196899999945,0,-0.3419791666666667,0.002508333333334667,0,0,335,-1
1899,-576452389041,2.1260543029126264,2.879265966030086,0.006414867500608744,0.010861694080093,0.0024643967679648673,0.005584874782370962,0,1684627,0.011,0.005016670499999971,0.002048556899999951,0,-0.2107291666666667,0.011258333333334702,0,1,336,1
1904,-576452388944,2.1268281623002987,2.8802315267191485,2.3897522309676363e-4,2.3058323242702646e-4,0.02068851733263223,-0.002422652442319762,0,1684679,0.011,-0.002762659500000015,0.023591316899999944,0,-0.2544791666666667,0.028758333333334773,0,1,337,2
1905,-576452388942,2.1268315558984714,2.880233786333132,4.4128352827491285e-4,2.1784198648823244e-4,0.01746158552340048,0.005675613217187599,0,1684689,0.01,0.00681190049999998,0.017008806899999954,0,-0.0969791666666667,-0.1287416666666653,0,0,337,-1
1906,-576452388942,2.1268367813466154,2.880236229148344,6.064938757804503e-4,2.715743488043879e-4,0.010767193298556172,0.0035234199532300186,0,1684699,0.01,0.0032214404999999792,0.009827886899999937,0,-0.14947916666666672,0.028758333333334773,0,0,337,-1
1907,-576452388941,2.1268433630717523,2.8802391705939616,7.108004821808577e-4,3.145378353847257e-4,0.008369134361708313,0.009031147849548962,0,1684709,0.01,0.009803950499999978,0.008032656899999945,0,-0.1319791666666667,-0.11124166666666535,0,0,337,-1
1908,-576452388941,2.126850919891121,2.8802427264642274,7.992321882552137e-4,3.984368217305689e-4,0.011747500200822342,0.0044610868372853595,0,1684719,0.01,0.003819850499999965,0.012221526899999948,0,-0.3594791666666667,0.18625833333333475,0,0,337,-1
1909,-576452388934,2.126859522182461,2.880246952408913,9.202357868879854e-4,4.459403111771429e-4,0.014262308107381824,0.006522639104687342,0,1684729,0.01,0.00681190049999998,0.01461516689999996,0,-0.21947916666666673,0.09875833333333461,0,0,337,-1
1910,-576452388927,2.126871684055316,2.880252845858734,0.0011040104382535308,5.341505360653248e-4,0.02191862984064711,0.012548857228975408,0,1684741,0.012,0.013394410499999978,0.02299290689999995,0,-0.2019791666666667,0.028758333333334773,0,0,337,-1
1911,-576452388916,2.124913472771489,2.8818692943754596,4.725312726559859e-4,0.0014058463956912507,-7.544824205489773e-4,-0.0014031456548251157,0,1684752,0.011,-0.0033610695000000183,-0.003935543100000044,0,-0.3332291666666667,0.23875833333333474,0,1,338,1
1912,-576452388907,2.124918030838278,2.8818832509153403,4.453491682329727e-4,0.0013871343615019756,-0.014564443928942246,-0.004694483859200314,0,1684762,0.01,-0.005156299500000027,-0.016502153100000052,0,-0.2807291666666667,0.07250833333333473,0,0,338,-1
1913,-576452388897,2.124921731335975,2.881896978875899,2.958414525672763e-4,0.0013543711950392498,-0.017313277586974197,0.005396070378057021,0,1684772,0.01,0.00681190049999998,-0.01769897310000006,0,-0.0707291666666667,-0.04124166666666529,0,0,338,-1
1914,-576452388887,2.1249238588116826,2.881910803564784,1.281258111229928e-4,0.0014100743961635632,-0.01345329641398554,0.006637686353173066,0,1684782,0.01,0.00681190049999998,-0.012911693100000054,0,-0.1407291666666667,0.04625833333333462,0,0,338,-1
1915,-576452388876,2.124924452808106,2.881925129104121,-8.686092952274981e-6,0.0014597296712919327,-0.015077444890711644,-0.0052794124788856,0,1684792,0.01,-0.0069515295000000185,-0.015305333100000047,0,-0.3857291666666667,0.09875833333333461,0,0,338,-1
1916,-576452388867,2.12492375644257,2.8819395765588998,-1.369147254287181e-4,0.0014247589524787137,9.90802204732211e-4,0.007423205397832845,0,1684802,0.01,0.009205540499999991,0.0032453768999999395,0,-0.026979166666666707,0.08125833333333476,0,0,338,-1
1918,-576452388820,2.1253397106290346,2.8823991177293906,3.160485296341584e-4,0.001872188153998573,0.03472966145627249,0.008508243450766124,0,1684823,0.011,0.007410310499999982,0.03675633689999996,0,-0.3857291666666667,0.12500833333333472,0,0,339,-1
1919,-576452388819,2.1253446339865723,2.882418192554128,6.673543924971839e-4,0.0019462295074259318,0.03755651432274028,7.233041955883295e-4,0,1684833,0.01,-3.6901950000002077e-4,0.03795315689999995,0,-0.06197916666666671,0.020008333333334738,0,0,339,-1
1920,-576452388818,2.125353259686094,2.882437682345333,0.0010544678195073124,0.0019521166867645864,0.04577600959623012,-2.3461196216306853e-4,0,1684843,0.01,-3.6901950000002077e-4,0.046929306899999954,0,-0.2107291666666667,0.10750833333333465,0,0,339,-1
1921,-576452388815,2.1253660975431803,2.8824570727274286,0.0015129108019001957,0.0019311939571437983,0.04626261948683213,-0.013471911866592747,0,1684853,0.01,-0.015329269500000025,0.04633089689999995,0,-0.2019791666666667,0.028758333333334773,0,0,339,-1
1922,-576452388806,2.125383328119883,2.8824757954621503,0.0019424856013914291,0.001809652554860877,0.022707520000448626,-0.00408040464137315,0,1684863,0.01,-0.002762659500000015,0.01940244689999995,0,-0.3332291666666667,-0.1287416666666653,0,0,339,-1
1923,-576452388795,2.1254038434513745,2.882493726639524,0.0021625486685041347,0.0017748879398235776,0.01771001845456386,2.2385885622256373e-4,0,1684873,0.01,8.278004999999679e-4,0.017008806899999954,0,-0.1932291666666667,-0.09374166666666528,0,0,339,-1
1924,-576452388784,2.124836288387233,2.8829948660074245,0.0020893203687842917,0.0020041792424445944,0.007124257693303152,2.287802350474087e-4,0,1684884,0.011,2.293904999999821e-4,0.005639016899999951,0,-0.0444791666666667,0.04625833333333462,0,1,340,1
1925,-576452388774,2.124859485354417,2.883016907657689,0.0021365618342146387,0.0020042695638560057,-0.013070208589619402,-0.0013450162944862979,0,1684895,0.011,-0.0015658395000000265,-0.01590374310000005,0,-0.2719791666666667,0.0637583333333347,0,0,340,-1
1926,-576452388763,2.124880174188368,2.883036886185218,0.002002330918713153,0.0019912896313867777,-0.0155550841828178,-0.0010138905550624298,0,1684905,0.01,-9.674295000000236e-4,-0.01590374310000005,0,-0.0882291666666667,0.002508333333334667,0,0,340,-1
1927,-576452388754,2.1248994074724314,2.883056734502761,0.001844875570180995,0.0019789957034538085,-0.016910396012280237,-0.0025474781127573023,0,1684915,0.01,-0.002762659500000015,-0.017100563100000056,0,-0.2719791666666667,0.028758333333334773,0,0,340,-1
1928,-576452388743,2.1249170469732075,2.883076433153335,0.001681429273653948,0.001959147800797043,-0.012878945668882837,0.0014620358744257215,0,1684925,0.01,0.0020246204999999737,-0.01231328310000005,0,-0.2107291666666667,-0.08499166666666536,0,0,340,-1
1929,-576452388730,2.124934785156391,2.883098230948779,0.0015429207089016615,0.0019984088315056787,-0.010808554678023757,0.016649158512908005,0,1684936,0.011,0.01878010049999997,-0.010518053100000058,0,-0.1144791666666667,0.04625833333333462,0,0,340,-1
1930,-576452388723,2.124570380776006,2.8827311372275144,0.0012994728445070835,0.0019758156523358725,0.004139930213439149,0.008022301758723172,0,1684946,0.01,0.00681190049999998,0.0062374268999999365,0,-0.3682291666666667,0.0637583333333347,0,1,341,2
1931,-576452388713,2.1245837127677354,2.882751234414483,0.0013611517102865487,0.0020464368372703407,0.018573989111549383,0.0011882875916703582,0,1684956,0.01,2.293904999999821e-4,0.020599266899999955,0,-0.06197916666666671,0.1775083333333347,0,0,341,-1
1932,-576452388703,2.1245984151820947,2.882771726941571,0.0015722139095956746,0.0020534573407742793,0.03661815609598508,-0.0022765059240407643,0,1684966,0.01,-0.002762659500000015,0.03914997689999995,0,-0.03572916666666671,0.03750833333333459,0,0,341,-1
1933,-576452388693,2.124615988180014,2.8827921344274468,0.001941510871592533,0.0020286213854178287,0.038838443055328825,-0.0037523940586579306,0,1684976,0.01,-0.003959479500000021,0.03914997689999995,0,-0.12322916666666671,0.05500833333333466,0,0,341,-1
1934,-576452388683,2.124637338236231,2.8828122031010843,0.0023288059785151727,0.0019864246544409967,0.03806208901682527,-0.00708266159084525,0,1684986,0.01,-0.007549939500000021,0.03795315689999995,0,-0.07947916666666671,-0.17249166666666538,0,0,341,-1
1935,-576452388671,2.124662504967918,2.8828318368326586,0.0,0.0,0.0,0.0,1,1684996,0.01,0.008607130499999989,0.03496110689999995,0,-0.21947916666666673,-0.05874166666666536,0,0,341,-1
1936,-576452388662,2.1246629360105436,2.882831852784314,0.0,0.0,0.0,0.0,1,1685006,0.01,0.0020246204999999737,0.054708636899999954,0,-0.1582291666666667,0.03750833333333459,0,0,341,-1
1937,-576452388652,2.12338457200529,2.883867244577364,-5.443498442083676e-4,4.893741034918522e-4,-1.1897553122862013e-7,1.3087128680219125e-7,1,1685016,0.01,-0.0015658395000000265,0.004442196899999945,0,-0.0532291666666667,0.10750833333333465,0,1,342,1
1938,-576452388641,2.12337859709785,2.8838725916937866,0.0,0.0,0.0,0.0,1,1685027,0.011,-0.003959479500000021,0.0014501468999999479,0,-0.1844791666666667,0.002508333333334667,0,0,342,-1
1939,-576452388628,2.123378413581005,2.8838726178587386,0.0,0.0,0.0,0.0,1,1685037,0.01,0.0032214404999999792,-0.022486253100000048,0,-0.21947916666666673,-0.04124166666666529,0,0,342,-1
1940,-576452388619,2.123378184287692,2.883872653045348,0.0,0.0,0.0,0.0,1,1685048,0.011,0.003819850499999965,-0.024879893100000043,0,-0.1407291666666667,0.028758333333334773,0,0,342,-1
1941,-576452388611,2.123377975922037,2.8838727381158717,0.0,0.0,0.0,0.0,1,1685058,0.01,0.01040236049999998,-0.025478303100000047,0,-0.1844791666666667,-0.21624166666666533,0,0,342,-1
1942,-576452388600,2.123377769074055,2.8838728063898693,0.0,0.0,0.0,0.0,1,1685068,0.01,0.008607130499999989,-0.026076713100000048,0,-0.24572916666666672,-0.08499166666666536,0,0,342,-1
1943,-576452388589,2.1244369530282734,2.8849542114669653,4.2254630870181735e-4,5.156675198105153e-4,-0.010273282223619644,0.013320744998881097,0,1685079,0.011,0.015189640499999987,-0.011714873100000064,0,-0.03572916666666671,-0.27749166666666536,0,1,343,2
1944,-576452388576,2.1244412591891093,2.8849606494136917,3.496518432467876e-4,6.566326544080553e-4,0.015750927024390786,0.009711905514875503,0,1685090,0.011,0.009205540499999991,0.01940244689999995,0,-0.1669791666666667,0.011258333333334702,0,0,343,-1
1945,-576452388568,2.124445715869273,2.884967687200599,5.333209476592925e-4,7.516305250363372e-4,0.03417167684543969,0.00821829290537257,0,1685100,0.01,0.008008720499999986,0.03675633689999996,0,-0.2719791666666667,0.09875833333333461,0,0,343,-1
1946,-576452388558,2.1244529064478828,2.8849756269921785,8.981333060775097e-4,8.357674656707427e-4,0.05060728665230041,0.009608839532429556,0,1685110,0.01,0.009803950499999978,0.052913406899999946,0,-0.4207291666666667,-0.032491666666665364,0,0,343,-1
1949,-576452388519,2.1245017066248977,2.8850047450332834,0.002315308792651888,0.001069598549936538,0.04189824715426262,-0.0023147187212006898,0,1685140,0.01,-0.0033610695000000183,0.04154361689999995,0,-0.2282291666666667,0.028758333333334773,0,0,343,-1
1950,-576452388516,2.1245294927622087,2.885016377439084,0.002744479767147996,0.001045138929454894,0.02112094107485738,-0.001657987104840386,0,1685151,0.011,-0.0015658395000000265,0.01820562689999994,0,0.01677083333333329,-0.07624166666666532,0,0,343,-1
1951,-576452388507,2.1245698718146984,2.8850203537548844,0.002947648592133487,0.0010202828534163918,-3.27630835398991e-4,-0.003676288070084308,0,1685162,0.011,-0.003959479500000021,-0.003337133100000041,0,-0.1144791666666667,-0.05874166666666536,0,1,344,1
1952,-576452388495,2.124599127283761,2.8850304129563242,0.0029130509450206233,9.8987371102911e-4,-0.022383579486739198,7.983615643528128e-4,0,1685172,0.01,0.001426210499999971,-0.025478303100000047,0,-0.1932291666666667,-0.10249166666666532,0,0,344,-1
1953,-576452388486,2.1246272185208546,2.8850403851419513,0.0,0.0,0.0,0.0,1,1685182,0.01,0.005016670499999971,-0.01231328310000005,0,-0.12322916666666671,0.05500833333333466,0,0,344,-1
1954,-576452388476,2.1246271969050756,2.885040292548061,-3.3705492181035826e-6,-1.4446940261851459e-5,-0.0024017304757670676,-0.010294380080035616,0,1685192,0.01,-0.011738809500000008,-0.0027387231000000553,0,-0.2719791666666667,-0.11124166666666535,0,0,344,-1
1955,-576452388467,2.1246270640365097,2.8850396879960276,-2.4120802153083472e-5,-1.0885929365814256e-4,-7.337087844610114e-5,-0.0042141950047246465,0,1685202,0.01,-0.0033610695000000183,2.5332689999994204e-4,0,-0.1319791666666667,-0.09374166666666528,0,0,344,-1
1956,-576452388455,2.1258931430694332,2.886327831602068,5.265931969722967e-4,4.441126241022422e-4,0.018580441143963653,-0.00294111259460716,0,1685212,0.01,-0.002762659500000015,0.021197676899999948,0,-0.2019791666666667,-0.08499166666666536,0,1,345,2
1957,-576452388445,2.125900175715744,2.8863326215712513,7.480957191845246e-4,4.2401217097141577e-4,0.029796845955230668,0.005087040834200619,0,1685223,0.011,0.006213490499999994,0.031370646899999945,0,-0.026979166666666707,-0.10249166666666532,0,0,345,-1
1958,-576452388436,2.1259091593255057,2.8863371545326175,0.001048021576136271,4.8074921944491476e-4,0.03117699486179341,0.009223547257865755,0,1685233,0.01,0.009803950499999978,0.031370646899999945,0,-0.2807291666666667,-0.06749166666666528,0,0,345,-1
1959,-576452388424,2.125921128741526,2.8863424373019066,0.0013489705467412477,5.751744238307586e-4,0.023475160014670284,0.010782087886845457,0,1685243,0.01,0.011000770499999982,0.022394496899999946,0,-0.1319791666666667,0.13375833333333476,0,0,345,-1
1960,-576452388414,2.125937229561586,2.8863495228255975,0.0015841232006041717,7.092895027798126e-4,0.008358484307424785,0.020944629635810383,0,1685254,0.011,0.02237056049999997,0.0062374268999999365,0,-0.14947916666666672,-0.13749166666666535,0,0,345,-1
1961,-576452388402,2.1259533393674768,2.8863575865907434,0.0016449741496999668,9.071121550122823e-4,-0.007670567930227358,0.012749113265715735,0,1685264,0.01,0.011599180499999986,-0.009919643100000056,0,-0.2107291666666667,0.11625833333333468,0,0,345,-1
1962,-576452388393,2.125969439949879,2.8863672196021968,0.0015736077402537234,0.0010228641435681923,-0.0038703507792100774,0.0043937954007753355,0,1685274,0.01,0.0032214404999999792,-0.003337133100000041,0,-0.28947916666666673,-0.04124166666666529,0,0,345,-1
1963,-576452388383,2.1282815617399105,2.884524026405953,0.0025292499136193277,1.955119898648561e-4,0.006568237506182084,0.011237118172799335,0,1685284,0.01,0.012197590499999989,0.008032656899999945,0,-0.0707291666666667,0.0637583333333347,0,1,346,1
1964,-576452388373,2.128309777452774,2.884526800184649,0.002601057605073663,3.1079495765354526e-4,0.006278132268968947,0.005782080111936937,0,1685295,0.011,0.005016670499999971,0.0062374268999999365,0,-0.0882291666666667,0.10750833333333465,0,0,346,-1
1965,-576452388363,2.128336189424303,2.8845300933511386,0.0026771851734788336,3.5277834660787927e-4,0.015688425805722068,-0.005384692560885683,0,1685305,0.01,-0.0069515295000000185,0.017008806899999954,0,-0.1669791666666667,0.07250833333333473,0,0,346,-1
1966,-576452388353,2.1283638225948587,2.8845332730442523,0.002846018553118087,2.866786384946372e-4,0.024193218783809603,-0.014105615644815118,0,1685315,0.01,-0.015329269500000025,0.025386546899999942,0,-0.14947916666666672,0.09875833333333461,0,0,346,-1
1967,-576452388341,2.128396702225945,2.8845355070122958,0.00312815969330156,1.218687027423295e-4,0.034685701253582224,-0.02042647447710261,0,1685326,0.011,-0.02131336950000002,0.03615792689999995,0,-0.3157291666666667,-0.08499166666666536,0,0,346,-1
1968,-576452388332,2.1284296567936565,2.8845358242584114,0.003465683505766621,-6.414765457946123e-5,0.02810511491834853,-0.0075600313237957,0,1685336,0.01,-0.005754709500000013,0.02718177689999995,0,-0.1844791666666667,0.1512583333333346,0,0,346,-1
1969,-576452388319,2.126786922822885,2.88283072805791,0.0030464647191791004,-9.367435979852106e-4,0.02677046599568049,-0.01437349208545455,0,1685346,0.01,-0.015329269500000025,0.02658336689999995,0,-0.14947916666666672,0.028758333333334773,0,1,347,2
1970,-576452388311,2.126821941515606,2.8828197096203785,0.003324668759631388,-0.0010721010323818132,0.016110844261677776,5.316534093660306e-4,0,1685357,0.011,0.0026230304999999765,0.01461516689999996,0,-0.2719791666666667,0.08125833333333476,0,0,347,-1
1971,-576452388301,2.126855898427283,2.8828090567563662,0.0034712640304212813,-0.0010604618417018967,0.00587799305466092,0.004989578259423117,0,1685367,0.01,0.005615080499999991,0.004442196899999945,0,-0.1669791666666667,0.09000833333333458,0,0,347,-1
1972,-576452388292,2.126890770191348,2.8827987160805737,0.0035091049200179658,-0.0010083207522299333,-0.009025340278210751,0.006587668574527077,0,1685377,0.01,0.00681190049999998,-0.011116463100000062,0,-0.3244791666666667,0.07250833333333473,0,0,347,-1
1973,-576452388281,2.126925511473887,2.8827890584194718,0.003434689228255063,-9.274391474818374e-4,0.0022602748832600186,0.017279854041952748,0,1685387,0.01,0.01878010049999997,0.0038437868999999423,0,-0.26322916666666674,0.08125833333333476,0,0,347,-1
1979,-576452388214,2.125698687609964,2.8839209717056375,0.0033410087387682964,3.0854898781158154e-5,0.015624086558469166,-0.0034617024405489685,0,1685449,0.01,-0.004557889500000024,0.01581198689999995,0,-0.2544791666666667,0.07250833333333473,0,0,348,-1
1980,-576452388209,2.1257328898868875,2.8839210557130706,0.00349895600298748,-1.1749793300894151e-5,0.01683842072926175,-0.009146001694408795,0,1685459,0.01,-0.009943579500000016,0.017008806899999954,0,-0.1582291666666667,-0.04124166666666529,0,0,348,-1
1981,-576452388200,2.1257687887996264,2.8839204793448148,0.0036778603825650203,-1.0345492549154975e-4,0.024334722613509753,-0.009320662428997139,0,1685469,0.01,-0.009345169500000012,0.025386546899999942,0,-0.2982291666666667,0.08125833333333476,0,0,348,-1
1982,-576452388187,2.125689147901531,2.883799533143372,0.003884444307177038,-2.476970910830755e-4,0.03312877086514259,-0.0061935050522765635,0,1685479,0.01,-0.005754709500000013,0.03436269689999995,0,-0.2282291666666667,0.028758333333334773,0,1,349,2
1983,-576452388178,2.125733772312801,2.8837964328784427,0.00423289264000264,-3.160390076704252e-4,0.022665766414160897,-0.006333479364921331,0,1685490,0.011,-0.006353119500000015,0.021197676899999948,0,-0.17572916666666671,0.11625833333333468,0,0,349,-1
1984,-576452388166,2.1257816688195357,2.8837926353763823,0.004476996319308103,-3.768365375849325e-4,0.019279212489330226,-5.781532558034258e-4,0,1685501,0.011,2.293904999999821e-4,0.018804036899999946,0,-0.0969791666666667,0.16000833333333464,0,0,349,-1
1985,-576452388158,2.125827300416686,2.883788903797047,0.004654291651521799,-3.726693569569381e-4,0.008366961311286737,0.006427351191460077,0,1685511,0.01,0.007410310499999982,0.00683583689999994,0,-0.1319791666666667,0.0637583333333347,0,0,349,-1
1986,-576452388148,2.125874173507685,2.8837854730187034,0.0,0.0,0.0,0.0,1,1685521,0.01,0.0032214404999999792,-0.0027387231000000553,0,-0.1582291666666667,0.14250833333333457,0,0,349,-1
1987,-576452388137,2.125874252682482,2.8837855519739217,1.1553597728045066e-5,1.1521556307963009e-5,0.007569036976433954,0.007548045887060935,0,1685532,0.011,0.008607130499999989,0.008631066899999948,0,-0.2982291666666667,0.1512583333333346,0,0,349,-1
1989,-576452388115,2.124207054013976,2.8851290387045574,-6.233862297721439e-4,7.729295129356073e-4,3.639097502695536e-4,0.010109252263162788,0,1685553,0.011,0.011000770499999982,2.5332689999994204e-4,0,-0.1407291666666667,0.020008333333334738,0,1,350,1
1990,-576452388105,2.1242002230766794,2.885138115885702,-6.187238883914834e-4,8.788648913611212e-4,7.917110611804862e-4,0.006692853667443953,0,1685564,0.011,0.006213490499999994,8.51736899999945e-4,0,-0.3507291666666667,0.11625833333333468,0,0,350,-1
1991,-576452388094,2.1241941103290856,2.8851472352672745,-6.055151787916369e-4,9.451964399091377e-4,0.004517791519789896,0.006272474868210776,0,1685574,0.01,0.006213490499999994,0.005040606899999948,0,-0.12322916666666671,-0.02374166666666533,0,0,350,-1
1992,-576452388082,2.124188313721838,2.885157005141331,-5.552684291074034e-4,0.0010085859303317025,0.008124939258045232,0.0067455256046207515,0,1685584,0.01,0.00681190049999998,0.008631066899999948,0,-0.1932291666666667,-0.17249166666666538,0,0,350,-1
1993,-576452388074,2.1241833034516957,2.885167367434916,-4.527751832755528e-4,0.0010665488564130876,0.02326255179522194,-1.8370801332263757e-5,0,1685594,0.01,-9.674295000000236e-4,0.025386546899999942,0,-0.3594791666666667,-0.049991666666665324,0,0,350,-1
1994,-576452388064,2.124179799133912,2.8851791719276423,-1.8683609057229528e-4,0.0010770903011525041,0.029848190036473477,0.007021008174283778,0,1685605,0.011,0.008008720499999986,0.030772236899999944,0,-0.3507291666666667,-0.08499166666666536,0,0,350,-1
1995,-576452388053,2.1226719422988793,2.883659189697249,-5.198711875053966e-4,4.186110068714414e-4,0.029084065995926014,-0.004182884120890756,0,1685615,0.01,-0.005754709500000013,0.028977006899999953,0,-0.17572916666666671,0.09000833333333458,0,1,351,2
1996,-576452388044,2.1226681876977342,2.8836631449574375,-2.3063694353466887e-4,3.733710133591147e-4,0.027940625769568864,-0.006610855018564775,0,1685625,0.01,-0.0069515295000000185,0.027780186899999948,0,-0.1319791666666667,-0.11124166666666535,0,0,351,-1
1997,-576452388034,2.122667234636382,2.8836665596184785,4.1943842857576215e-5,3.0905255745498753e-4,0.02307693336905752,-0.005335278704321046,0,1685635,0.01,-0.005156299500000027,0.022394496899999946,0,-0.14947916666666672,0.07250833333333473,0,0,351,-1
1998,-576452388023,2.122668599792358,2.88366939423987,2.4021072115367714e-4,2.5739269731038923e-4,-8.695217587808418e-5,-0.004128767948431256,0,1685645,0.01,-0.003959479500000021,-0.003337133100000041,0,-0.3332291666666667,0.05500833333333466,0,0,351,-1
1999,-576452388012,2.1226710756693214,2.883671847928341,2.515411755405133e-4,2.295672528470692e-4,0.00860789221012864,0.005465680222637936,0,1685655,0.01,0.00681190049999998,0.009827886899999937,0,-0.0707291666666667,-0.05874166666666536,0,0,351,-1
2000,-576452387980,2.1226741936261755,2.883674622959716,3.21431096325323e-4,2.778761849409004e-4,-0.007639878948330426,-0.002274961323353931,0,1685666,0.011,-0.0033610695000000183,-0.009919643100000056,0,-0.0444791666666667,0.24750833333333477,0,0,351,-1
2001,-576452387979,2.122676992651695,2.8836773768769124,2.3996402798628943e-4,2.6866118641947145e-4,-0.011213455861833413,0.007268117921219635,0,1685676,0.01,0.008607130499999989,-0.011714873100000064,0,-0.17572916666666671,-0.006241666666665369,0,0,351,-1
2002,-576452387979,2.12267912020331,2.8836807180258925,1.4080231850098363e-4,3.4078224581949e-4,0.004614919227322619,0.0021450417364995474,0,1685687,0.011,0.001426210499999971,0.00683583689999994,0,-0.1144791666666667,0.12500833333333472,0,0,351,-1
2003,-576452387971,2.1238674112354845,2.8827311918282197,5.074795394599466e-4,-4.5551273670712866e-4,1.1366423001251289e-7,-1.249703671960426e-7,1,1685697,0.01,-9.674295000000236e-4,0.0032453768999999395,0,-0.1844791666666667,0.13375833333333476,0,1,352,1
2004,-576452387961,2.1238730238968877,2.8827262711859274,0.0,0.0,0.0,0.0,1,1685708,0.011,0.009803950499999978,0.0032453768999999395,0,-0.1669791666666667,0.09000833333333458,0,0,352,-1
2007,-576452387809,2.12387433288695,2.8827268471923313,1.9552189588636158e-4,8.499551678553183e-5,0.03301937675939357,0.010511349431692088,0,1685738,0.01,0.011000770499999982,0.03555951689999995,0,-0.2282291666666667,0.12500833333333472,0,0,352,-1
2008,-576452387808,2.123878001531642,2.882728217140636,5.354683865790677e-4,1.89238557731129e-4,0.03996995449193145,0.009890994065072524,0,1685748,0.01,0.009803950499999978,0.04094520689999995,0,-0.1407291666666667,0.08125833333333476,0,0,352,-1
2009,-576452387808,2.1238852775289168,2.88273065996902,9.231140256744105e-4,2.9687734737335303e-4,0.03137921445616659,0.016111987792072797,0,1685758,0.01,0.016984870499999978,0.03017382689999995,0,-0.2719791666666667,0.03750833333333459,0,0,352,-1
2010,-576452387808,2.1243006715108232,2.883145467517714,0.0014005837932419603,6.289625662691938e-4,0.027173518405142212,0.0011341967827443549,0,1685768,0.01,-9.674295000000236e-4,0.02658336689999995,0,-0.2019791666666667,0.23875833333333474,0,1,353,2
2011,-576452387808,2.124317645532883,2.8831524686669887,0.0016882910697281553,6.434314956708345e-4,0.019833879433513425,0.0024398334541166234,0,1685779,0.011,0.0026230304999999765,0.018804036899999946,0,-0.2107291666666667,-0.014991666666665293,0,0,353,-1
2012,-576452387808,2.1243355020160064,2.8831589678751492,0.00188386047888371,6.591264369414958e-4,0.01788120182766578,-0.003696838223234038,0,1685789,0.01,-0.004557889500000024,0.01760721689999996,0,-0.1669791666666667,-0.05874166666666536,0,0,353,-1
2013,-576452387807,2.1243551281066506,2.883165367479275,0.0020461142054941962,6.210971520578503e-4,0.006095830864548643,-0.00445193942079832,0,1685799,0.01,-0.004557889500000024,0.004442196899999945,0,0.05177083333333331,0.020008333333334738,0,0,353,-1
2014,-576452387807,2.124377923131741,2.8831719182576605,0.00210134257711209,5.703819552687702e-4,-0.0016516546320555717,-0.0055944070920047,0,1685810,0.011,-0.005754709500000013,-0.0027387231000000553,0,-0.2544791666666667,0.16000833333333464,0,0,353,-1
2015,-576452387807,2.1243988402029124,2.8831772530342152,0.0020827296733923997,5.008413214594336e-4,-0.003129739438333115,-0.015180974931115034,0,1685820,0.01,-0.01652608950000003,-0.003337133100000041,0,-0.1582291666666667,0.03750833333333459,0,0,353,-1
2016,-576452387807,2.1244195330982927,2.883181558175746,0.0020548632828628704,3.576965426336412e-4,-6.877276875605284e-4,-0.009013695434124967,0,1685830,0.01,-0.008148349500000025,-3.450831000000438e-4,0,-0.14947916666666672,0.21250833333333463,0,0,353,-1
2017,-576452387807,2.12444014916423,2.8831847998383195,0.002063873101875193,2.855628559800887e-4,0.01063307731181278,0.003815048364090712,0,1685840,0.01,0.005615080499999991,0.012221526899999948,0,-0.3507291666666667,-0.032491666666665364,0,0,353,-1
2018,-576452387807,2.124461242470563,2.8831878179637314,0.002158167952258816,3.193011937200597e-4,0.0020553049328152877,6.705962039360862e-4,0,1685850,0.01,2.293904999999821e-4,8.51736899999945e-4,0,-0.14947916666666672,-0.05874166666666536,0,0,353,-1
2019,-576452387804,2.1244829928709112,2.8831910504590117,0.0021890213110323242,3.269369214432509e-4,0.00939626850813558,0.0013332341620348343,0,1685860,0.01,0.001426210499999971,0.01042629689999994,0,-0.1319791666666667,0.028758333333334773,0,0,353,-1
2020,-576452387798,2.1259741743066636,2.882010900934189,0.002927431453626378,-2.2216949515647434e-4,0.021320007697359467,0.00351373468107579,0,1685870,0.01,0.003819850499999965,0.02299290689999995,0,-0.1932291666666667,0.09000833333333458,0,1,354,1
2021,-576452387787,2.1260077583812023,2.8820088037585254,0.0031754032732610057,-1.6388725327708318e-4,0.03013394236418703,0.016376837383025526,0,1685881,0.011,0.018181690499999983,0.031370646899999945,0,-0.24572916666666672,-0.05874166666666536,0,0,354,-1
2022,-576452387776,2.124656389847306,2.88060224827612,0.002905674365281572,-6.404447842109299e-4,0.018098896104930054,0.016909848588361573,0,1685892,0.011,0.016984870499999978,0.01641039689999995,0,-0.3944791666666667,0.09875833333333461,0,1,355,2
2023,-576452387765,2.1246896125716357,2.8805962205123943,0.0031283911370621623,-4.5514518047561075e-4,0.033411033753784576,0.0164508620181173,0,1685903,0.011,0.016386460499999974,0.03555951689999995,0,-0.0969791666666667,0.08125833333333476,0,0,355,-1
2024,-576452387756,2.124722574993931,2.88059237789912,0.003463686904811098,-3.078602528652317e-4,0.03424559727023877,0.004324508546737408,0,1685913,0.01,0.0026230304999999765,0.03436269689999995,0,-0.1144791666666667,-0.07624166666666532,0,0,355,-1
2025,-576452387745,2.1247587397710137,2.8805894877788916,0.0037775270166192573,-2.689242652332826e-4,0.013881975961955565,0.0012580611644850545,0,1685923,0.01,8.278004999999679e-4,0.011024706899999943,0,-0.07947916666666671,0.1775083333333347,0,0,355,-1
2026,-576452387736,2.124797096907288,2.8805868486053265,0.003898837502252999,-2.583461047494209e-4,0.0014055188386939647,-1.6881153338829192e-4,0,1685933,0.01,-3.6901950000002077e-4,-3.450831000000438e-4,0,-0.3157291666666667,0.09875833333333461,0,0,355,-1
2027,-576452387725,2.1248360002923876,2.880584174959591,0.0038886482370687255,-2.7279843269683804e-4,-0.015872993197521175,-0.009265597423486607,0,1685943,0.01,-0.010541989500000019,-0.018297383100000043,0,-0.2807291666666667,0.011258333333334702,0,0,355,-1
2028,-576452387715,2.1226827791418703,2.8823354480442065,0.0027918514467350835,4.7233873249757767e-4,-0.016949719257556013,-0.00985992984390138,0,1685953,0.01,-0.009943579500000016,-0.017100563100000056,0,-0.0969791666666667,0.03750833333333459,0,1,356,1
2029,-576452387664,2.1227125716396733,2.882340047035933,0.002621220359360132,3.6376781442962793e-4,-0.006586457478162078,-0.009933286631345666,0,1685964,0.011,-0.009943579500000016,-0.00513236310000005,0,-0.2282291666666667,-0.11999166666666539,0,0,356,-1
2030,-576452387663,2.1227385103403686,2.8823431782352964,0.002563862749622806,2.629336224196765e-4,-5.882904532786021e-4,-0.010991867458424337,0,1685974,0.01,-0.011140399500000021,2.5332689999994204e-4,0,-0.3244791666666667,0.09875833333333461,0,0,356,-1
2031,-576452387662,2.122764168958718,2.882345437134382,0.0025656525629481073,1.8084953666840518e-4,0.004872763222551988,0.008819411878746306,0,1685984,0.01,0.011599180499999986,0.005639016899999951,0,-0.12322916666666671,-0.05874166666666536,0,0,356,-1
2032,-576452387662,2.1227901129246844,2.8823477132452093,0.0026212147876413755,2.732010939828993e-4,0.009742949288943741,0.011781914567407884,0,1685994,0.01,0.012197590499999989,0.01042629689999994,0,-0.3069791666666667,0.05500833333333466,0,0,356,-1
2033,-576452387662,2.1228167893116088,2.8823510612052257,0.0027150670838540485,3.952134404283968e-4,0.007193549380276018,0.014770328849000657,0,1686004,0.01,0.015189640499999987,0.00683583689999994,0,-0.2019791666666667,-0.02374166666666533,0,0,356,-1
2035,-576452387604,2.1228728090382707,2.882361587290933,0.0029026158518922645,6.38731620817548e-4,0.006897627705197251,0.00882959023135664,0,1686024,0.01,0.008607130499999989,0.0062374268999999365,0,-0.21947916666666673,0.21250833333333463,0,0,356,-1
2036,-576452387603,2.122902292746526,2.8823685039151146,0.0029891879614155686,7.407440183150234e-4,0.01943809371876585,0.01860527103298307,0,1686034,0.01,0.019976920499999974,0.021197676899999948,0,-0.2719791666666667,0.1775083333333347,0,0,356,-1
2037,-576452387603,2.1229331138167895,2.882376814707522,0.0031768980871954376,9.225938857140542e-4,0.0146838380377049,0.01560992479114292,0,1686044,0.01,0.015189640499999987,0.014016756899999957,0,-0.3682291666666667,0.04625833333333462,0,0,356,-1
2038,-576452387602,2.122965710744462,2.882386751824087,0.0033383785226992497,0.0010678673977355783,0.025119161388153594,0.00789447408837691,0,1686054,0.01,0.00681190049999998,0.02658336689999995,0,-0.1144791666666667,0.002508333333334667,0,0,356,-1
2039,-576452387601,2.125626102369581,2.8850688263073705,0.004705559094493822,0.002400546045900732,0.01800702477164242,0.004846363724376601,0,1686065,0.011,0.004418260499999968,0.017008806899999954,0,-0.1407291666666667,-0.02374166666666533,0,1,357,2
2040,-576452387592,2.1256788151075168,2.88509539311516,0.004883684471610154,0.002434674859713069,0.005061758575946609,-0.007598938921501003,0,1686076,0.011,-0.009345169500000012,0.0032453768999999395,0,-0.03572916666666671,0.18625833333333475,0,0,357,-1
2041,-576452387581,2.1237858444968167,2.886675407249782,0.00409789203345221,0.003100644196139533,0.001369579033532051,-0.009654868610191618,0,1686086,0.01,-0.009943579500000016,8.51736899999945e-4,0,-0.3244791666666667,-0.02374166666666533,0,1,358,1
2042,-576452387571,2.123830949970297,2.8867089163093884,0.004105045513956829,0.0029924496144747813,-0.003807539105853923,-0.010957608858285894,0,1686097,0.011,-0.011140399500000021,-0.004533953100000047,0,-0.1582291666666667,0.09000833333333458,0,0,358,-1
2043,-576452387561,2.1238717404355176,2.886738188675627,0.004056389157158854,0.00286701358290211,-0.011266673828094806,-0.022138229516492716,0,1686107,0.01,-0.023707009500000032,-0.01231328310000005,0,-0.2982291666666667,0.07250833333333473,0,0,358,-1
2044,-576452387550,2.1239116852399986,2.8867658391258666,0.003935059642869332,0.0026591820930439874,-0.017432272944191113,-0.012493653356925592,0,1686117,0.01,-0.011140399500000021,-0.018297383100000043,0,-0.1669791666666667,0.002508333333334667,0,0,358,-1
2045,-576452387541,2.1239501857196954,2.8867918688570304,0.0037640909417130408,0.0025440119289286385,-0.015042270180523424,-0.005534364225553187,0,1686127,0.01,-0.004557889500000024,-0.014706923100000062,0,-0.2982291666666667,-0.04124166666666529,0,0,358,-1
2046,-576452387531,2.1239872327724343,2.8868171531269686,0.0036383801934853155,0.002507542062603926,0.0025694620626434423,0.007916611494944823,0,1686137,0.01,0.009803950499999978,0.005040606899999948,0,-0.3419791666666667,0.03750833333333459,0,0,358,-1
2047,-576452387520,2.1240239295397023,2.886842648678494,0.003692887032842173,0.002590503163088241,0.0231037422737551,0.010621272902500868,0,1686147,0.01,0.011000770499999982,0.025984956899999946,0,-0.0882291666666667,0.08125833333333476,0,0,358,-1
2048,-576452387511,2.122807099489976,2.885595783821594,0.003403511466516714,0.0021171845946201815,0.028254205636577188,0.023023794291476062,0,1686157,0.01,0.024764200499999982,0.028977006899999953,0,-0.2107291666666667,0.05500833333333466,0,1,359,2
2049,-576452387500,2.1228464768998694,2.8856205893378752,0.003748111163651103,0.00238879269446512,0.05040393472615834,0.035045592811821395,0,1686168,0.011,0.03673240049999998,0.05351181689999994,0,-0.23697916666666669,-0.14624166666666538,0,0,359,-1
2050,-576452387490,2.122886498777287,2.885646145617078,0.004255271697925895,0.0027264611608017048,0.052604622995083714,0.02602929859477629,0,1686178,0.01,0.024764200499999982,0.052913406899999946,0,-0.24572916666666672,0.020008333333334738,0,0,359,-1
2051,-576452387474,2.1229463023998236,2.885683549078439,0.0,0.0,0.0,0.0,1,1686191,0.013,0.006213490499999994,0.055905456899999956,0,-0.12322916666666671,0.14250833333333457,0,0,359,-1
2052,-576452387465,2.122946713359045,2.8856835517263493,0.0,0.0,0.0,0.0,1,1686203,0.012,2.293904999999821e-4,0.03555951689999995,0,-0.12322916666666671,0.002508333333334667,0,0,359,-1
2053,-576452387456,2.122946824203696,2.8856835019694955,0.0,0.0,0.0,0.0,1,1686213,0.01,-0.005754709500000013,0.012819936899999952,0,-0.24572916666666672,-0.04124166666666529,0,0,359,-1
2054,-576452387446,2.1229467351382096,2.8856833839453273,-1.372157520856592e-5,-1.818299532277537e-5,-0.009748611756336241,-0.012918266251667492,0,1686223,0.01,-0.014730859500000039,-0.011116463100000062,0,-0.4032291666666667,0.020008333333334738,0,0,359,-1
2055,-576452387434,2.1215700604273393,2.8867848122166326,-7.297281708395025e-4,3.671741388975783e-4,-0.02249340000625348,-0.01345810711959142,0,1686234,0.011,-0.013534039500000017,-0.02428148310000004,0,-0.1669791666666667,0.03750833333333459,0,1,360,1
2056,-576452387423,2.121560684652179,2.886788131995181,-9.755278577870032e-4,2.3278303191179566e-4,-0.02143757803922494,-0.004603483238151355,0,1686245,0.011,-0.0033610695000000183,-0.021289433100000043,0,-0.2719791666666667,0.04625833333333462,0,0,360,-1
2057,-576452387413,2.121549907801117,2.886790166149683,-0.001182266641463697,1.7711671261791816e-4,-0.016059889599161783,-0.01138560373497186,0,1686255,0.01,-0.01233721950000001,-0.015305333100000047,0,-0.3244791666666667,0.10750833333333465,0,0,360,-1
2058,-576452387403,2.121537411654228,2.8867914317552605,-0.0013227626137881918,7.314938572737581e-5,-0.0017539711863722492,-0.0043484671854727005,0,1686265,0.01,-0.0033610695000000183,2.5332689999994204e-4,0,-0.14947916666666672,0.07250833333333473,0,0,360,-1
2059,-576452387393,2.121524102724231,2.8867920149821904,-0.0013393048702784664,4.0453919886862796e-5,-0.0010432202820616048,0.003339537876064976,0,1686275,0.01,0.004418260499999968,-9.434931000000467e-4,0,-0.28947916666666673,-0.049991666666665324,0,0,360,-1
2060,-576452387382,2.1215093136543,2.8867927596524776,-0.001349845900909912,9.144727525972552e-5,-4.309870313093263e-4,0.012681962287230862,0,1686286,0.011,0.01399282049999998,-3.450831000000438e-4,0,-0.1407291666666667,0.03750833333333459,0,0,360,-1
2061,-576452387371,2.118637515760489,2.8838901632056113,-0.002538174249515269,-0.0011452597799597778,0.013813069323262008,0.013306377050518948,0,1686296,0.01,0.013394410499999978,0.01581198689999995,0,0.06052083333333329,0.2650083333333346,0,1,361,2
2062,-576452387361,2.1186082060664275,2.8838773783702165,-0.002351327975986513,-9.854561221747098e-4,0.026586347306952605,0.013383578217177686,0,1686308,0.012,0.013394410499999978,0.02837859689999995,0,-0.2719791666666667,-0.07624166666666532,0,0,361,-1
2065,-576452387319,2.118550274217405,2.8838546289360116,-0.0014697756557536588,-5.761813175830196e-4,0.033146682354172084,0.00846796717287632,0,1686338,0.01,0.008607130499999989,0.033165876899999946,0,-0.26322916666666674,0.2562583333333346,0,0,361,-1
2066,-576452387318,2.1185370688739478,2.8838491595602775,-0.0011640577246823586,-5.11948411507448e-4,0.01479631186054765,-0.006103755739981396,0,1686348,0.01,-0.008148349500000025,0.012221526899999948,0,-0.2982291666666667,0.028758333333334773,0,0,361,-1
2067,-576452387310,2.113872468312167,2.8875583232897495,-0.0030307967334355615,0.0012191766564904674,4.680370830510275e-4,0.0015496988815979842,0,1686358,0.01,0.0026230304999999765,-0.0015419031000000495,0,-0.3507291666666667,-0.006241666666665369,0,1,362,1
2068,-576452387297,2.1138392206618493,2.887571739950769,-0.0030163253249773196,0.0012232440556402932,0.006577073231291489,-0.006955030330899389,0,1686369,0.011,-0.008148349500000025,0.007434246899999943,0,-0.3507291666666667,0.028758333333334773,0,0,362,-1
2069,-576452387290,2.1138093835042784,2.887583639321462,-0.0029509770210627865,0.0011559309196531643,0.00627921948154756,-0.005377628564991526,0,1686379,0.01,-0.005156299500000027,0.0062374268999999365,0,-0.2807291666666667,-0.006241666666665369,0,0,362,-1
2070,-576452387279,2.1137772471067757,2.8875959595541403,-0.0028899803880868694,0.001086649179098828,9.947970232123968e-4,-0.01200563750152311,0,1686390,0.011,-0.012935629500000012,2.5332689999994204e-4,0,-0.0444791666666667,0.05500833333333466,0,0,362,-1
2071,-576452387269,2.113748454600681,2.887606281780102,-0.002871277656673264,9.751130530241635e-4,0.00716666688119788,-0.005999092401331294,0,1686400,0.01,-0.005156299500000027,0.008032656899999945,0,-0.21947916666666673,0.14250833333333457,0,0,362,-1
2072,-576452387259,2.1137201877217198,2.88761573489465,-0.0027860095317024046,9.154232410666055e-4,0.01684731210521872,-0.0057847801687862434,0,1686410,0.01,-0.005754709500000013,0.01820562689999994,0,-0.24572916666666672,-0.11999166666666539,0,0,362,-1
2073,-576452387248,2.113693171265819,2.887624694524276,-0.00261733766261587,8.723414422233851e-4,0.016988935393204216,0.004737135070372258,0,1686420,0.01,0.006213490499999994,0.017008806899999954,0,-0.2544791666666667,-0.049991666666665324,0,0,362,-1
2074,-576452387237,2.1125042715335764,2.8864504070733994,-0.002921986398928298,3.874393658901429e-4,0.015956687615540747,0.0181015366128221,0,1686431,0.011,0.019976920499999974,0.01581198689999995,0,-0.1144791666666667,0.14250833333333457,0,1,363,2
2075,-576452387227,2.112473088911934,2.8864556580664016,-0.0027474668973332694,5.712969311728963e-4,0.015305014705507311,0.008201060324276655,0,1686442,0.011,0.00681190049999998,0.015213576899999946,0,-0.1669791666666667,0.22125833333333467,0,0,363,-1
2076,-576452387217,2.1124464031801113,2.886461912204171,-0.002590804440197325,6.731896954877493e-4,0.017848714251435735,0.022201372732796917,0,1686452,0.01,0.024165790499999996,0.01820562689999994,0,-0.14947916666666672,0.07250833333333473,0,0,363,-1
2077,-576452387207,2.112421395177929,2.886469598747109,-0.002411140036587013,8.710768779988101e-4,0.018686486978166356,0.0050320936605515836,0,1686462,0.01,0.0026230304999999765,0.018804036899999946,0,-0.1844791666666667,0.2037583333333346,0,0,363,-1
2078,-576452387194,2.1123981623788315,2.886478763982655,0.0,0.0,0.0,0.0,1,1686472,0.01,0.030748300499999975,0.011623116899999963,0,-0.12322916666666671,0.12500833333333472,0,0,363,-1
2079,-576452387187,2.1123981785221164,2.8864787799373115,2.520751897286618e-6,2.4912981225901773e-6,0.0017964873988438946,0.0017754963094708599,0,1686482,0.01,0.0020246204999999737,0.002048556899999951,0,-0.2982291666666667,0.011258333333334702,0,0,363,-1
2080,-576452387176,2.1123983238296566,2.8864788248640947,2.5213769812022918e-5,9.507857258768394e-6,0.005166203821420654,-0.005877692086760773,0,1686492,0.01,-0.0069515295000000185,0.005639016899999951,0,-0.17572916666666671,0.09000833333333458,0,0,363,-1
2081,-576452387166,2.113632157185092,2.885495062095568,6.091822576534276e-4,-5.341211992370633e-4,0.004006639135409565,-0.010492982354172198,0,1686503,0.011,-0.011140399500000021,0.0038437868999999423,0,-0.3069791666666667,0.1775083333333347,0,1,364,1
2082,-576452387155,2.113639020820575,2.8854886129255632,6.417117928249987e-4,-6.407133580875413e-4,-0.0034830558442849237,-0.0047634097229217985,0,1686514,0.011,-0.003959479500000021,-0.004533953100000047,0,-0.1669791666666667,-0.032491666666665364,0,0,364,-1
2083,-576452387145,2.1136453336741425,2.8854818513717198,6.174963881928791e-4,-7.059774447439762e-4,0.0039917927733456775,-0.01717783184296421,0,1686524,0.01,-0.018919729500000024,0.005040606899999948,0,-0.21947916666666673,0.028758333333334773,0,0,364,-1
2084,-576452387135,2.113651792566933,2.8854739663922047,6.705055856478122e-4,-8.725280595208489e-4,0.013307988848611705,-0.01345762126327203,0,1686534,0.01,-0.012935629500000012,0.01461516689999996,0,-0.23697916666666669,-0.17249166666666538,0,0,364,-1
2085,-576452387125,2.113658975073696,2.885464713962382,7.742627837773659e-4,-9.843679766603167e-4,-0.007586321739006384,0.002743457825761084,0,1686544,0.01,0.005016670499999971,-0.010518053100000058,0,-0.3244791666666667,0.09000833333333458,0,0,364,-1
2086,-576452387115,2.113666480330928,2.885455020653747,7.205641168623004e-4,-9.548725514433551e-4,0.008209891881008905,0.00421218046647479,0,1686554,0.01,0.004418260499999968,0.01042629689999994,0,-0.1844791666666667,0.08125833333333476,0,0,364,-1
2087,-576452387105,2.1171243695350532,2.888960550531575,0.0022685194581761716,7.470836599057911e-4,0.013827320939086526,0.006492442946598302,0,1686564,0.01,0.00681190049999998,0.01461516689999996,0,-0.1319791666666667,0.07250833333333473,0,1,365,2
2088,-576452387092,2.117150133497116,2.8889692677214627,0.0024168687618395567,8.341448968647097e-4,0.011369561135072275,0.016743359546295335,0,1686575,0.011,0.018181690499999983,0.011024706899999943,0,-0.21947916666666673,-0.032491666666665364,0,0,365,-1
2089,-576452387084,2.117174867878742,2.888978414123631,0.0025301354742719483,9.966689756227725e-4,0.011067140300315224,0.013281712576478626,0,1686585,0.01,0.012796000499999974,0.011024706899999943,0,-0.10572916666666671,0.1512583333333346,0,0,365,-1
2090,-576452387074,2.1172007981830205,2.88898904578593,0.0026525514772257792,0.0011296249541197635,0.01942636396675023,0.013380543318979352,0,1686595,0.01,0.013394410499999978,0.020599266899999955,0,-0.26322916666666674,0.14250833333333457,0,0,365,-1
2091,-576452387064,2.117228375064526,2.88900095925371,0.0028593052980009,0.0012553465257352141,0.028326602815269997,0.007620154602511108,0,1686605,0.01,0.00681190049999998,0.029575416899999946,0,-0.3157291666666667,0.08125833333333476,0,0,365,-1
2093,-576452387020,2.117294398659901,2.889029065854128,0.0034133902074287596,0.0014251249670723732,0.02169304817060917,0.0158099234254872,0,1686626,0.01,0.016984870499999978,0.021197676899999948,0,-0.1319791666666667,0.12500833333333472,0,0,365,-1
2094,-576452387019,2.1173296749836426,2.8890439840303808,0.0036392953105414704,0.0015640273072355622,0.02808073506915216,0.002146533813067425,0,1686636,0.01,2.293904999999821e-4,0.028977006899999953,0,-0.1582291666666667,-0.11124166666666535,0,0,365,-1
2095,-576452387017,2.1173674696029874,2.8890596881900104,0.003919732784236966,0.0015787145778942923,0.0278171685562437,-0.002683373498639067,0,1686646,0.01,-0.0033610695000000183,0.027780186899999948,0,-0.2982291666666667,0.002508333333334667,0,0,365,-1
2096,-576452387013,2.117407934893118,2.8890753641201585,0.0041787140599063265,0.0015554649939347072,0.014140529302373087,-1.290173958813979e-4,0,1686656,0.01,2.293904999999821e-4,0.012221526899999948,0,-0.3419791666666667,0.03750833333333459,0,0,365,-1
2097,-576452387002,2.117009514414621,2.8894444406595,0.004143463600983777,0.001718963306655442,0.022953160050731686,-0.003488107639964578,0,1686666,0.01,-0.003959479500000021,0.024189726899999948,0,-0.26322916666666674,-0.014991666666665293,0,1,366,1
2098,-576452386971,2.1170563724080216,2.889463111545599,0.00437998377829439,0.0016767594428459761,0.012492471468941342,-0.006000587378313707,0,1686677,0.011,-0.006353119500000015,0.011024706899999943,0,-0.1407291666666667,0.04625833333333462,0,0,366,-1
2099,-576452386968,2.117100706781009,2.8894796201304396,0.00449117464131923,0.0016230135179140521,0.00280887569376532,-0.0015867462471338785,0,1686687,0.01,-9.674295000000236e-4,0.0014501468999999479,0,-0.2719791666666667,0.011258333333334702,0,0,366,-1
2100,-576452386967,2.1171456770069756,2.8894957093949256,0.004506529719363569,0.00159758684488735,-0.006254323635274036,-0.0083905160661083,0,1686697,0.01,-0.009345169500000012,-0.007526003100000061,0,-0.1319791666666667,0.08125833333333476,0,0,366,-1
2101,-576452386960,2.118154254827195,2.890489772279109,0.004839507537302188,0.001974477885706169,-0.008943759761124093,-0.0029302368074226393,0,1686708,0.011,-0.0021642495000000293,-0.009321233100000053,0,-0.3507291666666667,-0.14624166666666538,0,1,367,2
2102,-576452386950,2.1182071141303718,2.8905112699095716,0.004764881517127242,0.0019360006255797512,0.006468531024433568,-0.006981497318488812,0,1686719,0.011,-0.007549939500000021,0.008631066899999948,0,-0.28947916666666673,0.020008333333334738,0,0,367,-1
2103,-576452386941,2.1182551236427267,2.890530428519174,0.004835240951079308,0.001888580458255644,0.010464081525067021,0.008788100069092225,0,1686729,0.01,0.011000770499999982,0.011024706899999943,0,-0.2982291666666667,0.05500833333333466,0,0,367,-1
2104,-576452386929,2.1183039229484932,2.890549733298304,0.0049280363949415155,0.001973288750309024,0.0020345104488239084,0.006530289388892321,0,1686739,0.01,0.006213490499999994,8.51736899999945e-4,0,-0.2807291666666667,-0.09374166666666528,0,0,367,-1
2105,-576452386918,2.1183583643520314,2.8905718206712234,0.00496645551683437,0.0020430957937427096,0.012542373207910691,0.005202917295616675,0,1686750,0.011,0.005016670499999971,0.014016756899999957,0,-0.3069791666666667,0.24750833333333477,0,0,367,-1
2106,-576452386908,2.1184086631833985,2.8905926080475006,0.005092968766449611,0.002109779111813204,0.01331056065711318,0.015535132361472817,0,1686760,0.01,0.016984870499999978,0.013418346899999954,0,-0.14947916666666672,-0.10249166666666532,0,0,367,-1
2107,-576452386897,2.1180755930055577,2.8909283269207675,0.005063651128209303,0.002416735704783097,0.007632492288100067,0.006835763069360988,0,1686771,0.011,0.005615080499999991,0.00683583689999994,0,-0.1844791666666667,0.12500833333333472,0,1,368,1
2108,-576452386886,2.1181318040040593,2.890955358444983,0.0051546212014195346,0.002496750669738693,0.012181635578909639,0.009963500131921819,0,1686782,0.011,0.01040236049999998,0.012819936899999952,0,-0.2982291666666667,0.2037583333333346,0,0,368,-1
2109,-576452386877,2.1181840331889017,2.8909806606064095,0.00528766611054236,0.00257159330092224,0.020088276893482894,-0.0074940660731122825,0,1686792,0.01,-0.009943579500000016,0.021197676899999948,0,-0.2544791666666667,0.11625833333333468,0,0,368,-1
2110,-576452386867,2.1182379088399865,2.8910061439132595,0.005487703732466921,0.002518706602114723,0.01948683646434894,0.00820025260699466,0,1686802,0.01,0.01040236049999998,0.01940244689999995,0,-0.17572916666666671,0.24750833333333477,0,0,368,-1
2111,-576452386857,2.118293684022206,2.891031616745195,0.005670684830746077,0.002581325372492982,0.011016395063174228,-0.005611920073972704,0,1686812,0.01,-0.007549939500000021,0.009827886899999937,0,-0.1932291666666667,-0.1812416666666653,0,0,368,-1
2112,-576452386847,2.118350993628443,2.8910572708853,0.005788958796565874,0.002544175421126732,0.016796233728081644,0.007907068453195363,0,1686822,0.01,0.009803950499999978,0.01760721689999996,0,-0.5782291666666667,0.020008333333334738,0,0,368,-1
2113,-576452386837,2.1181686916222784,2.890837952379945,0.0058558659820812054,0.0024900193082586218,0.01750740616189736,-0.004598471270585064,0,1686832,0.01,-0.006353119500000015,0.01760721689999996,0,-0.24572916666666672,0.028758333333334773,0,1,369,2
2114,-576452386824,2.118228112522893,2.890862604342385,0.006028853970836882,0.002441139327945572,0.016020603750038116,-0.006661991916695906,0,1686842,0.01,-0.0069515295000000185,0.01581198689999995,0,-0.2719791666666667,0.09000833333333458,0,0,369,-1
2115,-576452386817,2.1182891250745404,2.8908866757033502,0.0061770220939351,0.0023734268423572205,0.007441220901675375,-0.007440679901510743,0,1686852,0.01,-0.007549939500000021,0.0062374268999999365,0,-0.10572916666666671,-0.014991666666665293,0,0,369,-1
2116,-576452386807,2.11835135214998,2.8909101219250135,0.006264679612009313,0.0023121394916784197,0.016881095250310833,0.0019094948221060962,0,1686862,0.01,0.0032214404999999792,0.01820562689999994,0,-0.2282291666666667,-0.18999166666666534,0,0,369,-1
2117,-576452386797,2.118414867580284,2.89093337270451,0.006437329348272183,0.002336530392224745,0.019616978491368516,0.005683895230518067,0,1686872,0.01,0.006213490499999994,0.02000085689999995,0,-0.2544791666666667,0.03750833333333459,0,0,369,-1
2118,-576452386785,2.1184801587402506,2.890956965083639,0.00662366289828626,0.0023844487380359626,0.012606740397910553,-6.737788415748314e-4,0,1686882,0.01,-0.0015658395000000265,0.011623116899999963,0,-0.14947916666666672,0.2562583333333346,0,0,369,-1
2119,-576452386777,2.1185469472344676,2.890980735850084,0.0067374750647595525,0.0023714589990186294,0.0038724906514982383,-0.00512951443879484,0,1686892,0.01,-0.005754709500000013,0.0026469668999999536,0,-0.2719791666666667,0.04625833333333462,0,0,369,-1
2120,-576452386766,2.118624777651736,2.8909962171951498,0.00679818784756742,0.0023368605207316016,0.016441973386276433,0.009540757855417333,0,1686902,0.01,0.011599180499999986,0.01820562689999994,0,-0.3594791666666667,-0.05874166666666536,0,1,370,1
2121,-576452386756,2.118700535726161,2.8910224858315803,0.006976604596692836,0.0024397584054925256,0.014839950600030242,0.008197233639143103,0,1686913,0.011,0.008008720499999986,0.01461516689999996,0,-0.3419791666666667,0.05500833333333466,0,0,370,-1
2124,-576452386719,2.1189234341044734,2.891102781226779,0.007407675001045872,0.0027799689730521535,0.016214762483596046,0.009397127179223648,0,1686944,0.01,0.008607130499999989,0.01641039689999995,0,-0.21947916666666673,-0.02374166666666533,0,0,370,-1
2125,-576452386715,2.1189983326377795,2.891130954317882,0.007571538313483667,0.002858957782272955,0.01743587907183151,-0.0012664299530462334,0,1686954,0.01,-0.002762659500000015,0.01760721689999996,0,-0.2807291666666667,-0.006241666666665369,0,0,370,-1
2126,-576452386704,2.119074850367023,2.8911595206921743,0.007735061219172179,0.002852553054112619,0.009714475719118619,0.003193997160735048,0,1686964,0.01,0.003819850499999965,0.008631066899999948,0,-0.1844791666666667,-0.08499166666666536,0,0,370,-1
2127,-576452386693,2.119567966920492,2.891605430836649,0.007998725112080335,0.0030802530882919257,-6.81570960892045e-4,0.001119013509202338,0,1686975,0.011,8.278004999999679e-4,-0.0021403131000000525,0,-0.28947916666666673,0.028758333333334773,0,1,371,2
2128,-576452386681,2.119655893668807,2.8916392101076696,0.007988447884894096,0.0030679039020721295,-0.002485595977416724,-0.014879683540229793,0,1686986,0.011,-0.017124499500000032,-0.0027387231000000553,0,-0.3419791666666667,0.09000833333333458,0,0,371,-1
2129,-576452386672,2.1197355878258484,2.891669180846435,0.007953588426389602,0.002924509173166505,-0.0095296805241897,-0.011075731263720757,0,1686996,0.01,-0.010541989500000019,-0.010518053100000058,0,-0.0969791666666667,-0.11999166666666539,0,0,371,-1
2130,-576452386662,2.119822557869308,2.8917007625663436,0.007857061279625288,0.0028146194241981007,-0.004099109660231662,-0.0032607837298973975,0,1687007,0.011,-0.0021642495000000293,-0.003337133100000041,0,-0.3507291666666667,0.05500833333333466,0,0,371,-1
2131,-576452386652,2.119901003180001,2.8917287546895105,0.00782818418727307,0.0027833756496400356,0.004440766217174309,-0.002299175132932547,0,1687017,0.01,-0.0021642495000000293,0.005639016899999951,0,-0.3244791666666667,-0.049991666666665324,0,0,371,-1
2132,-576452386642,2.1199796732123812,2.8917564555697712,0.007898399880397856,0.002757600857011297,0.022809224059690186,-0.004279960679101405,0,1687027,0.01,-0.004557889500000024,0.025386546899999942,0,-0.28947916666666673,0.03750833333333459,0,0,371,-1
2133,-576452386630,2.121174433432691,2.890893070356183,0.008609233105353045,0.002291690071974811,0.02611907201538421,-0.001375141579079795,0,1687037,0.01,-9.674295000000236e-4,0.02658336689999995,0,-0.24572916666666672,0.14250833333333457,0,1,372,1
2134,-576452386621,2.121270753587625,2.8909184014225517,0.008901970326890248,0.0023067425916689335,0.02967490005005663,0.01839916027851238,0,1687048,0.011,0.021173740499999982,0.03017382689999995,0,-0.2544791666666667,0.05500833333333466,0,0,372,-1
2135,-576452386610,2.121361256207687,2.8909423723752963,0.009198595588235724,0.002488230896425872,0.029587658038143668,0.01663411787732085,0,1687058,0.01,0.016386460499999974,0.029575416899999946,0,-0.24572916666666672,0.03750833333333459,0,0,372,-1
2136,-576452386600,2.121454688239209,2.8909681508605556,0.009489295952360918,0.0026645892079091454,0.025903482499344568,0.02376381536495379,0,1687068,0.01,0.024764200499999982,0.025386546899999942,0,-0.2982291666666667,0.028758333333334773,0,0,372,-1
2137,-576452386591,2.1215509714101852,2.8909959361973363,0.009763160004631219,0.0028946211351082475,0.036470476377303135,0.018343778946631636,0,1687078,0.01,0.017583280499999982,0.03795315689999995,0,-0.1932291666666667,0.1775083333333347,0,0,372,-1
2138,-576452386578,2.1216503580533117,2.891025803035817,0.010117171382391548,0.0030785958174386987,0.028849504004858296,0.018726412288410047,0,1687088,0.01,0.01878010049999997,0.027780186899999948,0,-0.1319791666666667,0.09875833333333461,0,0,372,-1
2139,-576452386570,2.1217528742338327,2.8910574738735986,0.01039036039271766,0.003257826378141082,0.017940996085577112,0.013000944730161404,0,1687098,0.01,0.012197590499999989,0.01641039689999995,0,-0.1319791666666667,-0.07624166666666532,0,0,372,-1
2140,-576452386559,2.120428627072854,2.8896332284277166,0.009933188346316079,0.002694355778697049,-0.01121460794548492,0.0023254662499573885,0,1687109,0.011,8.278004999999679e-4,-0.015305333100000047,0,-0.2282291666666667,-0.17249166666666538,0,1,373,2
2141,-576452386548,2.120537177290661,2.889662740305171,0.009804299392850092,0.002681514649248986,-0.014801980203565556,-0.02260289124052404,0,1687120,0.011,-0.026100649500000024,-0.015305333100000047,0,-0.2807291666666667,0.020008333333334738,0,0,373,-1
2142,-576452386538,2.1206344759430196,2.8896885194634634,0.00965565267932234,0.0024697609022745594,-0.015243396859171502,-0.012550828751459834,0,1687130,0.01,-0.011140399500000021,-0.015305333100000047,0,-0.0882291666666667,-0.08499166666666536,0,0,373,-1
2143,-576452386528,2.1207302413047517,2.889712586479361,0.009498717833866016,0.0023437784232163846,-0.018446375415555973,-0.012888280786996725,0,1687140,0.01,-0.012935629500000012,-0.018895793100000047,0,-0.1319791666666667,-0.07624166666666532,0,0,373,-1
2144,-576452386517,2.1208243403830704,2.8897354077988098,0.009319592683366764,0.002219256119428908,-0.014642275569554044,-0.009781139960304861,0,1687150,0.01,-0.009345169500000012,-0.014108513100000058,0,-0.23697916666666669,0.09875833333333461,0,0,373,-1
2145,-576452386509,2.120916931009935,2.8897570722973667,0.009192971674332775,0.0021153540834625588,-5.299830657789304e-4,-0.014121809619455652,0,1687160,0.01,-0.014730859500000039,0.0014501468999999479,0,-0.23697916666666669,-0.06749166666666528,0,0,373,-1
2146,-576452386498,2.118496439630396,2.891783758830347,0.00812159745124033,0.0029658050312130163,0.008028368288353857,0.006860205543679461,0,1687170,0.01,0.009803950499999978,0.009229476899999934,0,-0.28947916666666673,0.16875833333333468,0,1,374,1
2147,-576452386488,2.1185864267098,2.891816841752912,0.008233941932173947,0.003047610130796002,0.02377544622747739,0.011016062182314226,0,1687181,0.011,0.011599180499999986,0.025984956899999946,0,-0.2807291666666667,0.011258333333334702,0,0,374,-1
2148,-576452386476,2.11867016345462,2.8918478931062355,0.008503471060108389,0.0031614731609368456,0.04617939460213241,0.01362653827264242,0,1687191,0.01,0.01399282049999998,0.04932294689999995,0,-0.1669791666666667,-0.08499166666666536,0,0,374,-1
2149,-576452386467,2.1187574846177983,2.8918802585046044,0.008961765151323237,0.003308512113038937,0.04368836877185351,0.021294631722553005,0,1687201,0.01,0.02237056049999997,0.04333884689999994,0,-0.3069791666666667,-0.02374166666666533,0,0,374,-1
2150,-576452386456,2.118858643602836,2.8919180436354215,0.009433058120833794,0.0035578106261615625,0.03760930506306931,0.03115938329696838,0,1687212,0.011,0.03254353049999999,0.03675633689999996,0,-0.17572916666666671,0.03750833333333459,0,0,374,-1
2152,-576452386420,2.1190545335094866,2.891995306344849,0.01013970851990353,0.004161520549036621,0.025490639676728186,0.016125334448780657,0,1687232,0.01,0.01399282049999998,0.024189726899999948,0,-0.2544791666666667,0.020008333333334738,0,0,374,-1
2153,-576452386419,2.1191570155114703,2.8920376873979525,0.010365028885085451,0.004316467221182031,0.004408265867442741,0.011631334522025187,0,1687242,0.01,0.011000770499999982,0.0014501468999999479,0,-0.3682291666666667,-0.032491666666665364,0,0,374,-1
2154,-576452386414,2.1192607355828192,2.8920813720811265,0.010385590336258394,0.004423168548603645,-0.01235484972213725,0.004781032921010799,0,1687252,0.01,0.003819850499999965,-0.014706923100000062,0,-0.2282291666666667,0.028758333333334773,0,0,374,-1
2155,-576452386407,2.1193638703431703,2.8921257079424563,0.010245893737197505,0.004449915269367891,-0.023863496917949298,-0.01023086387549783,0,1687262,0.01,-0.01233721950000001,-0.025478303100000047,0,-0.1319791666666667,0.05500833333333466,0,0,374,-1
2156,-576452386397,2.1194650998087288,2.8921696270932373,0.01000159015176517,0.004336915208317223,-0.027903491647576037,-0.017850587596457912,0,1687272,0.01,-0.018919729500000024,-0.02847035310000006,0,-0.17572916666666671,-0.02374166666666533,0,0,374,-1
2157,-576452386387,2.1195638197950255,2.8922120481443043,0.009738056936314793,0.004149730504662429,-0.016855503144372487,-0.024035946763543495,0,1687282,0.01,-0.02490382950000002,-0.015305333100000047,0,-0.3507291666666667,-0.049991666666665324,0,0,374,-1
2158,-576452386372,2.1196604310951987,2.892252421680433,0.009580981607646609,0.003921557028182269,-0.00867397337225387,-0.015351048609901156,0,1687292,0.01,-0.014132449500000019,-0.007526003100000061,0,-0.3332291666666667,-0.014991666666665293,0,0,374,-1
2159,-576452386363,2.119765428271742,2.892294652202516,0.009504724123587063,0.0037559282426272884,0.0038778413534585818,-0.013232840424488173,0,1687303,0.011,-0.012935629500000012,0.005639016899999951,0,-0.26322916666666674,-0.006241666666665369,0,0,374,-1
2160,-576452386356,2.1198839590461445,2.8923128604232358,0.009565331727862418,0.0036342987482498295,0.012244415186356309,6.72005122244454e-4,0,1687313,0.01,0.0026230304999999765,0.013418346899999954,0,-0.3507291666666667,0.08125833333333476,0,1,376,1
2161,-576452386346,2.1199804790851604,2.8923492822590275,0.009727561482284762,0.0036478471235818367,0.040562313896623986,0.005531625400333011,0,1687323,0.01,0.006213490499999994,0.044535666899999944,0,-0.2282291666666667,0.04625833333333462,0,0,376,-1
2162,-576452386335,2.1200798897148823,2.892386174810373,0.010149857711164832,0.003724623057903522,0.05244319208516684,0.02082335136647271,0,1687333,0.01,0.022968970499999974,0.05411022689999995,0,-0.3157291666666667,-0.006241666666665369,0,0,376,-1
2163,-576452386325,2.1201946385048784,2.8924284415838257,0.0107161493580705,0.00395895437054777,0.04550866693178038,0.02427928945104668,0,1687344,0.011,0.024764200499999982,0.044535666899999944,0,-0.0882291666666667,-0.06749166666666528,0,0,376,-1
2164,-576452386315,2.1203040185948554,2.8924693077195403,0.011162583105798459,0.004211281673893632,0.0394076196337579,0.03100186029157896,0,1687354,0.01,0.03194512049999998,0.038551566899999945,0,-0.1932291666666667,0.22125833333333467,0,0,376,-1
2165,-576452386305,2.120417617509482,2.892512949634324,0.011557079164078351,0.004518038641664516,0.03970645639037537,0.02868039142352168,0,1687364,0.01,0.028354660499999983,0.03974838689999995,0,-0.26322916666666674,-0.05874166666666536,0,0,376,-1
2166,-576452386294,2.1173635821219983,2.889343682188953,0.010574045363225482,0.0032792655353322637,0.00878112191933739,0.017374069002483384,0,1687374,0.01,0.015788050499999973,0.004442196899999945,0,-0.3507291666666667,-0.08499166666666536,0,1,377,2
2167,-576452386284,2.1174802790332836,2.8893808351909667,0.010648812420279633,0.003474665164292305,-0.005519454554081812,0.02018142375094535,0,1687385,0.011,0.020575330499999978,-0.007526003100000061,0,-0.2544791666666667,-0.14624166666666538,0,0,377,-1
2168,-576452386271,2.1175863626384097,2.889416413538101,0.010574004020030997,0.0036494312899953145,-0.019348979005065152,0.001110103647674495,0,1687395,0.01,-0.0015658395000000265,-0.021289433100000043,0,-0.0882291666666667,0.04625833333333462,0,0,377,-1
2169,-576452386263,2.117691129342616,2.889452889938066,0.010379597997176731,0.003649124920397374,-0.020001110894055523,-0.007009121360224607,0,1687405,0.01,-0.008148349500000025,-0.020092613100000052,0,-0.24572916666666672,0.19500833333333478,0,0,377,-1
2170,-576452386253,2.117793948144578,2.889489012306121,0.010183156518730857,0.003576158791716183,-0.017457467824260768,-0.009057724963180101,0,1687415,0.01,-0.009345169500000012,-0.017100563100000056,0,-0.1844791666666667,-0.11124166666666535,0,0,377,-1
2171,-576452386244,2.1178949945291223,2.889524215000322,0.010022275175496214,0.003469028307946942,-0.007698489063220798,-0.020854899366191282,0,1687425,0.01,-0.022510189500000024,-0.006329183100000038,0,-0.1144791666666667,-0.02374166666666533,0,0,377,-1
2172,-576452386234,2.1179949940223715,2.8895578589260884,0.009970537727058054,0.0032599151775181217,0.01029519892613325,-0.02125695596424511,0,1687435,0.01,-0.02131336950000002,0.012819936899999952,0,-0.2719791666666667,-0.11999166666666539,0,0,377,-1
2173,-576452386223,2.1184174903764346,2.8893297229696775,0.010224473357487142,0.002945624789962019,0.01933140845908837,-0.005038366511298109,0,1687445,0.01,-0.002762659500000015,0.020599266899999955,0,-0.2719791666666667,0.05500833333333466,0,1,378,1
2174,-576452386212,2.118531266402053,2.8893618796355365,0.010457236230444554,0.0028988550005052535,0.0325131366661376,6.30761419522439e-4,0,1687456,0.011,0.001426210499999971,0.03436269689999995,0,-0.1144791666666667,0.07250833333333473,0,0,378,-1
2175,-576452386203,2.1186375674687423,2.889390930716143,0.010798064879854016,0.0029098733446847,0.0435811036294648,0.0039522187689429375,0,1687466,0.01,0.004418260499999968,0.045134076899999945,0,-0.3157291666666667,0.19500833333333478,0,0,378,-1
2176,-576452386193,2.1187477110293704,2.889420339901551,0.011231365520643789,0.0029669277622083423,0.041794324245989854,0.016430791688762745,0,1687476,0.01,0.018181690499999983,0.04154361689999995,0,-0.07947916666666671,0.13375833333333476,0,0,378,-1
2177,-576452386181,2.1188619802698,2.8894508303675774,0.011628379681973078,0.0031311811211128583,0.02688070321381344,0.01639191533537071,0,1687486,0.01,0.016386460499999974,0.02478813689999994,0,-0.2019791666666667,0.08125833333333476,0,0,378,-1
2178,-576452386169,2.1189796434834136,2.889483079620581,0.011902711582040103,0.003313502123721075,0.030818171220561484,0.02950656256120502,0,1687496,0.01,0.03134671049999998,0.031370646899999945,0,-0.1844791666666667,-0.06749166666666528,0,0,378,-1
2179,-576452386161,2.1193029308289493,2.889714369737868,0.012300819354545082,0.00372911000116441,0.017133698560595004,0.030070755531758555,0,1687507,0.011,0.03014989049999999,0.015213576899999946,0,-0.3069791666666667,-0.006241666666665369,0,1,379,2
2182,-576452386122,2.1197142767673616,2.889849981705907,0.01251405331383136,0.004305052471860294,0.0022378397225683937,-0.0069698284546355245,0,1687540,0.012,-0.00874675950000001,0.0026469668999999536,0,-0.1319791666666667,0.10750833333333465,0,0,379,-1
2183,-576452386119,2.11983944635713,2.8898926940491507,0.012524156075582996,0.004236881901565323,-0.006324588099200704,-0.005904226669252304,0,1687550,0.01,-0.005754709500000013,-0.007526003100000061,0,-0.17572916666666671,0.16000833333333464,0,0,379,-1
2184,-576452386105,2.119964357314864,2.8899346541534783,0.012458689626688618,0.004160304913791794,-0.00790294940030019,-0.018367760815528784,0,1687560,0.01,-0.020116549500000032,-0.008124413100000064,0,-0.0882291666666667,-0.05874166666666536,0,0,379,-1
2185,-576452386098,2.120088556765216,2.88997533445615,0.012380860678271445,0.003975947898974879,-0.007047608109622709,-0.018851811215207234,0,1687570,0.01,-0.018919729500000024,-0.006927593100000041,0,-0.2544791666666667,0.16000833333333464,0,0,379,-1
2186,-576452386087,2.122748916827155,2.8879851180504947,0.01341036463641064,0.002800659955944635,0.008276450447409503,-0.015238230341948428,0,1687581,0.011,-0.014730859500000039,0.01042629689999994,0,-0.3244791666666667,0.11625833333333468,0,1,380,1
2187,-576452386077,2.122897036718969,2.8880150763357957,0.013516444121852253,0.0026434314783383693,0.01803342250254556,-0.008495963326464018,0,1687592,0.011,-0.007549939500000021,0.01940244689999995,0,-0.3069791666666667,0.09000833333333458,0,0,380,-1
2188,-576452386067,2.123033109288364,2.8880411968770323,0.01369773811002263,0.002575300239959516,0.0187092148392851,0.0033539766944523965,0,1687602,0.01,0.005016670499999971,0.018804036899999946,0,-0.0882291666666667,0.11625833333333468,0,0,380,-1
2189,-576452386055,2.123185011053745,2.8880698869702455,0.01391730052728605,0.0026352742988739676,0.027713582280103594,0.01845628852318379,0,1687613,0.011,0.020575330499999978,0.028977006899999953,0,-0.10572916666666671,0.0637583333333347,0,0,380,-1
2190,-576452386046,2.123325584967787,2.888097204334239,0.014196752429607318,0.0028261952644254565,0.029346323080896186,0.02293847416844589,0,1687623,0.01,0.023567380499999974,0.029575416899999946,0,-0.1582291666666667,0.11625833333333468,0,0,380,-1
2191,-576452386035,2.1234690026379974,2.8881266087055963,0.014487548647154987,0.0030548802597499453,0.027448118574984803,0.02244044077284222,0,1687633,0.01,0.02237056049999997,0.02718177689999995,0,-0.3244791666666667,-0.006241666666665369,0,0,380,-1
2192,-576452386025,2.122920404060207,2.887456801372225,0.014461560967523586,0.0029557028194915702,0.02039238940725945,0.02447818936063203,0,1687643,0.01,0.024764200499999982,0.01940244689999995,0,-0.14947916666666672,-0.1549916666666653,0,1,381,2
2193,-576452386015,2.123080662670831,2.887490748950148,0.014678145254530567,0.003218137767277104,0.015326038829154367,0.020006012477843012,0,1687654,0.011,0.019378510499999974,0.01461516689999996,0,-0.1319791666666667,-0.04124166666666529,0,0,381,-1
2194,-576452386004,2.123228092282264,2.8875239109465958,0.014813403214132841,0.0034151846603082503,0.0026327614187059943,0.017881391253521214,0,1687664,0.01,0.017583280499999982,8.51736899999945e-4,0,-0.21947916666666673,-0.02374166666666533,0,0,381,-1
2195,-576452385995,2.1233763390973537,2.887558850102744,0.01483679911549003,0.003577410553647114,5.4611001584298e-4,0.0060748630835254485,0,1687674,0.01,0.004418260499999968,2.5332689999994204e-4,0,-0.4557291666666667,-0.006241666666665369,0,0,381,-1
2196,-576452385985,2.123524793444637,2.8875947685722365,0.014851473719511383,0.0036132905591627776,0.007111457133241735,-0.01164599320355354,0,1687684,0.01,-0.014132449500000019,0.008032656899999945,0,-0.28947916666666673,-0.24249166666666533,0,0,381,-1
2197,-576452385975,2.123673666298213,2.8876303703178765,0.014922985483044606,0.0035048161838756304,0.007394528474075321,-0.005954839122946489,0,1687694,0.01,-0.005156299500000027,0.007434246899999943,0,-0.1844791666666667,-0.02374166666666533,0,0,381,-1
2198,-576452385964,2.1238231813240778,2.8876649808673376,0.014983725709784058,0.0034234241631225302,-0.002016630564994613,-0.02152265194987227,0,1687704,0.01,-0.023707009500000032,-0.003337133100000041,0,-0.3944791666666667,0.08125833333333476,0,0,381,-1
2199,-576452385954,2.1230675114805955,2.8884415410497564,0.014586277462323749,0.003546876079687473,0.010994237710517907,-0.01766557161240838,0,1687715,0.011,-0.017124499500000032,0.012819936899999952,0,-0.3594791666666667,0.1512583333333346,0,1,382,1
2200,-576452385943,2.123228604375473,2.8884795998280866,0.014704020333439583,0.0033686537949642156,0.008921848809637171,-0.007220309538273304,0,1687726,0.011,-0.005754709500000013,0.008631066899999948,0,-0.3594791666666667,0.0637583333333347,0,0,382,-1
2201,-576452385933,2.1233760490417017,2.8885130012714457,0.014786914734902689,0.0033079641466972126,0.004468628969264548,8.870563430216083e-4,0,1687736,0.01,0.0020246204999999737,0.0038437868999999423,0,-0.3594791666666667,0.09875833333333461,0,0,382,-1
2202,-576452385923,2.1235241366614606,2.888546134295972,0.014830831027345814,0.0033182365391610327,0.003920672061794009,0.0018846462432036142,0,1687746,0.01,0.0020246204999999737,0.0038437868999999423,0,-0.17572916666666671,0.22125833333333467,0,0,382,-1
2203,-576452385913,2.1236726545621067,2.8885795016885405,0.014872152514326597,0.003351248059692038,0.005427579118515499,0.011978164490609402,0,1687756,0.01,0.013394410499999978,0.005639016899999951,0,-0.2719791666666667,-0.04124166666666529,0,0,382,-1
2204,-576452385901,2.123821691573764,2.8886137562767393,0.014933315578599341,0.003493390036921044,0.010335995149896481,0.027913907740462422,0,1687766,0.01,0.03014989049999999,0.011024706899999943,0,-0.2982291666666667,-0.006241666666665369,0,0,382,-1
2205,-576452385892,2.127313411729744,2.8920218801504114,0.016417265187912342,0.005319152559832481,4.4469126076190923e-4,0.014656602120600725,0,1687776,0.01,0.012796000499999974,-9.434931000000467e-4,0,-0.4382291666666667,-0.014991666666665293,0,1,383,2
2206,-576452385882,2.12749420116991,2.892081297780355,0.01644752902923641,0.005483490781065037,0.017069745276216026,0.016698383242075066,0,1687787,0.011,0.016984870499999978,0.01940244689999995,0,-0.3419791666666667,0.002508333333334667,0,0,383,-1
2207,-576452385872,2.1276595637103486,2.892136906432348,0.016623360618012693,0.005641155399390751,0.02068974584608905,0.010127514955401169,0,1687797,0.01,0.009205540499999991,0.021197676899999948,0,-0.2544791666666667,-0.014991666666665293,0,0,383,-1
2208,-576452385861,2.127826902278561,2.8921937553545876,0.016841206177675185,0.005731709609361133,0.028482058609587715,0.0024968829687412606,0,1687807,0.01,0.001426210499999971,0.029575416899999946,0,-0.3594791666666667,-0.032491666666665364,0,0,383,-1
2210,-576452385818,2.128168358624838,2.892308277030324,0.01724467225152102,0.005686098837233514,0.019160681079921128,-0.014026210769629701,0,1687827,0.01,-0.015329269500000025,0.02000085689999995,0,-0.1582291666666667,0.08125833333333476,0,0,383,-1
2211,-576452385817,2.1283417747161004,2.8923644877350934,0.017438049208445033,0.005553805629522651,0.02042225272478351,-0.008346827528000068,0,1687837,0.01,-0.007549939500000021,0.020599266899999955,0,-0.21947916666666673,-0.06749166666666528,0,0,383,-1
2212,-576452385817,2.1285171871451234,2.8924196618767484,0.017643962202774675,0.0054786811829625175,0.02162704024319585,-0.002400222118107047,0,1687847,0.01,-0.0015658395000000265,0.021796086899999942,0,-0.3244791666666667,-0.06749166666666528,0,0,383,-1
2213,-576452385812,2.1286946198698673,2.8924742692442758,0.017846450386646822,0.0054453970599535485,0.011804518704381591,-0.00901538935195206,0,1687857,0.01,-0.009943579500000016,0.01042629689999994,0,-0.5869791666666667,0.04625833333333462,0,0,383,-1
2214,-576452385800,2.1291434770878905,2.892330498937388,0.018088884028405586,0.00526381068275964,0.014794127914876784,6.661471209057752e-4,0,1687868,0.011,0.0020246204999999737,0.015213576899999946,0,-0.24572916666666672,0.04625833333333462,0,1,384,1
2215,-576452385790,2.129343286187746,2.892388425412994,0.018242480387121236,0.005268930132127474,0.00886463800133538,-7.664222231595118e-4,0,1687879,0.011,-9.674295000000236e-4,0.008032656899999945,0,-0.3594791666666667,0.21250833333333463,0,0,384,-1
2216,-576452385780,2.129526157320973,2.8924411632396203,0.018331581173334686,0.005274430055572848,0.009184584439757124,0.008503294130942904,0,1687889,0.01,0.009803950499999978,0.009229476899999934,0,-0.0182291666666667,0.16000833333333464,0,0,384,-1
2217,-576452385769,2.1297099422363095,2.892494447544237,0.01842495719696208,0.005377289164346749,0.010273507470312795,0.021189007333620138,0,1687899,0.01,0.022968970499999974,0.01042629689999994,0,-0.1669791666666667,-0.14624166666666538,0,0,384,-1
2218,-576452385759,2.13189788981987,2.894565324278632,0.019339124129955892,0.006522810961308094,-0.006385208978560055,0.020651074201561447,0,1687909,0.01,0.020575330499999978,-0.008722823100000067,0,-0.1407291666666667,-0.07624166666666532,0,1,385,2
2219,-576452385749,2.1321102338623876,2.8946383946559306,0.019268961596314638,0.006760283072271626,-0.006336076935983553,0.027406754608113093,0,1687920,0.011,0.028354660499999983,-0.006329183100000038,0,-0.1582291666666667,-0.02374166666666533,0,0,385,-1
2220,-576452385739,2.1323026556978344,2.8947072583117337,0.01921305218488599,0.007017667012359863,-0.001082259024996421,0.0156433695666003,0,1687930,0.01,0.01399282049999998,-3.450831000000438e-4,0,-0.2807291666666667,-0.10249166666666532,0,0,385,-1
2221,-576452385729,2.132494847105463,2.8947781803237227,0.019220095900594657,0.0071683805231476235,0.011634085744269069,0.011572030019706532,0,1687940,0.01,0.011000770499999982,0.013418346899999954,0,-0.3244791666666667,0.09875833333333461,0,0,385,-1
2223,-576452385692,2.1328818462731234,2.894923399622567,0.019495005955894682,0.007327567012281867,0.019357598949206252,-0.0026911631570868634,0,1687960,0.01,-0.003959479500000021,0.02000085689999995,0,-0.17572916666666671,0.028758333333334773,0,0,385,-1
2224,-576452385692,2.1330777362765283,2.894996559030849,0.019684219152867444,0.007303512724051539,0.016248265072471683,-6.547531270496747e-4,0,1687970,0.01,-3.6901950000002077e-4,0.01581198689999995,0,-0.3419791666666667,0.011258333333334702,0,0,385,-1
2225,-576452385687,2.1332754393068694,2.895069459945804,0.019854264581382758,0.007281117567169641,0.021638219351275495,-0.01194927742125294,0,1687980,0.01,-0.013534039500000017,0.022394496899999946,0,-0.2019791666666667,-0.14624166666666538,0,0,385,-1
2226,-576452385677,2.1313425216646062,2.8968857993084547,0.019172766454927243,0.007977766039112407,0.02387554073385469,-0.013338783841361586,0,1687991,0.011,-0.013534039500000017,0.024189726899999948,0,-0.1582291666666667,-0.032491666666665364,0,1,386,1
2227,-576452385667,2.1315547244095647,2.896972885773231,0.01941479301588347,0.007850995804750698,0.010506859031887786,-3.9058295019100443e-4,0,1688002,0.011,0.001426210499999971,0.008631066899999948,0,-0.2107291666666667,0.08125833333333476,0,0,386,-1
2228,-576452385655,2.1317688822503813,2.8970592972945775,0.019524590725012756,0.007857256234236344,0.0067627692166839365,0.006450431220805133,0,1688013,0.011,0.007410310499999982,0.0062374268999999365,0,-0.2107291666666667,0.002508333333334667,0,0,386,-1
2229,-576452385645,2.1319840169683313,2.897146137915486,0.019592600537775985,0.007931130051476729,0.002628628240469089,0.008341754365487791,0,1688024,0.011,0.008607130499999989,0.002048556899999951,0,-0.4382291666666667,0.12500833333333472,0,0,386,-1
2230,-576452385635,2.132180025285504,2.8972258389259467,0.01961145580416981,0.00801040583499192,-0.0026030619667509842,0.005425813263511,0,1688034,0.01,0.005016670499999971,-0.003337133100000041,0,-0.14947916666666672,0.05500833333333466,0,0,386,-1
2231,-576452385624,2.1350012412239003,2.899946825612641,0.020682122041119005,0.00930043296734456,-9.792330492137692e-5,0.014513314098774426,0,1688044,0.01,0.015788050499999973,2.5332689999994204e-4,0,-0.23697916666666669,-0.049991666666665324,0,1,387,2
2232,-576452385612,2.13522875846841,2.9000499763451106,0.02068391823960675,0.00945537756148451,0.0017844381955143614,0.011432979687226369,0,1688055,0.011,0.011000770499999982,0.002048556899999951,0,-0.26322916666666674,0.29125833333333473,0,0,387,-1
2233,-576452385603,2.135435801403802,2.9001451079256424,0.020719209759306464,0.009570658323351574,0.014085934182410173,0.012103507164479893,0,1688065,0.01,0.012197590499999989,0.01581198689999995,0,-0.3157291666666667,0.12500833333333472,0,0,387,-1
2234,-576452385593,2.1356437921560114,2.9002414726217847,0.020874730008574083,0.00969991969021054,0.024520813667919104,0.01795856337232417,0,1688075,0.01,0.01878010049999997,0.025984956899999946,0,-0.2719791666666667,0.020008333333334738,0,0,387,-1
2235,-576452385582,2.1358749330786857,2.9003492383235305,0.021149622916834403,0.009894558478513374,0.027903906890228272,0.016055126360562874,0,1688086,0.011,0.015788050499999973,0.02837859689999995,0,-0.3682291666666667,-0.014991666666665293,0,0,387,-1
2236,-576452385572,2.1360877745963793,2.900448901359157,0.02142106522629068,0.010042124664385466,0.022547637973874376,0.006899700493771459,0,1688096,0.01,0.005615080499999991,0.021796086899999942,0,-0.3507291666666667,-0.09374166666666528,0,0,387,-1
2237,-576452385562,2.1363031066698728,2.9005495672263284,0.021645615612187877,0.010095530039885286,0.021888563269235686,-0.0041976178641493,0,1688106,0.01,-0.005754709500000013,0.021796086899999942,0,-0.1844791666666667,0.13375833333333476,0,0,387,-1
2241,-576452385520,2.138718667800878,2.8997566395622814,0.0,0.0,0.0,0.0,1,1688148,0.01,-0.0015658395000000265,0.007434246899999943,0,-0.1144791666666667,-0.16374166666666534,0,0,388,-1
2242,-576452385510,2.138718746974258,2.8997566032422855,1.155359750610504e-5,-5.300182505991621e-6,0.007569036976433954,-0.003472276033792829,0,1688159,0.011,-0.003959479500000021,0.008631066899999948,0,-0.28947916666666673,0.028758333333334773,0,0,388,-1
2243,-576452385499,2.1387191518458746,2.8997564313221207,7.367910278233302e-5,-3.1697439327556435e-5,-0.0019951577559469205,0.0023977964081257235,0,1688169,0.01,0.0032214404999999792,-0.003337133100000041,0,-0.1582291666666667,0.002508333333334667,0,0,388,-1
2244,-576452385488,2.1350498998018352,2.8960751742989936,-0.0014660833211269943,-0.0017115529474020408,0.004699290939907049,0.0015452569793218615,0,1688180,0.011,0.001426210499999971,0.005639016899999951,0,-0.14947916666666672,0.020008333333334738,0,1,389,2
2245,-576452385475,2.135034087559624,2.896056563106721,-0.001409885384904284,-0.0016769193644196024,0.0076224950466673175,0.012985958009157946,0,1688191,0.011,0.014591230499999983,0.008032656899999945,0,-0.1582291666666667,0.16000833333333464,0,0,389,-1
2246,-576452385466,2.1350189014842966,2.8960389237129376,-0.0013457287794398454,-0.001531091509693145,-0.005137243287940917,0.014918483205724899,0,1688202,0.011,0.015189640499999987,-0.006927593100000041,0,-0.10572916666666671,0.002508333333334667,0,0,389,-1
