1,-576451671718,1.7001057348943567,3.150037065991097,0.002048935655226355,8.092773359167418e-4,0.02261755433689211,0.01321005880895089,0,2401930,0.1,0.01399282049999998,0.02299290689999995,0,-7.291666666666974e-4,-0.04124166666666529,0,1,34,1
2,-576451671708,1.7001289388665284,3.1500500302783445,0.0023044981626022757,0.0010195224483027824,0.0250496461130172,0.019679201226579804,0,2401940,0.01,0.020575330499999978,0.025386546899999942,0,-0.0532291666666667,-0.04124166666666529,0,0,34,-1
3,-576451671698,1.7001523631277162,3.150062245294471,0.0025315293293685782,0.0012441494174690673,0.016423674056862538,0.029911297694491003,0,2401950,0.01,0.03134671049999998,0.015213576899999946,0,-0.2982291666666667,0.08125833333333476,0,0,34,-1
4,-576451671688,1.700178384113993,3.1500761638907915,0.00268753370040297,0.0015419469604776377,0.01116425638183903,0.02907097751566136,0,2401960,0.01,0.028953070499999983,0.01042629689999994,0,-0.23697916666666669,-0.014991666666665293,0,0,34,-1
5,-576451671677,1.7002059068582909,3.1500929396235384,0.0028109508435451183,0.0018198140607276656,0.019438313888482536,0.020046365613269716,0,2401970,0.01,0.01878010049999997,0.020599266899999955,0,-0.0444791666666667,0.21250833333333463,0,0,34,-1
6,-576451671666,1.7002367089097745,3.150111668927005,0.003012688391457344,0.0020177216977036987,0.0194068417584588,0.02051020697183363,0,2401981,0.011,0.020575330499999978,0.01940244689999995,0,-0.24572916666666672,0.05500833333333466,0,1,35,2
7,-576451671656,1.7002709600406203,3.1501351224028915,0.003217258672198628,0.002245849043630629,0.013630438098098194,0.022141648925315983,0,2401992,0.011,0.02237056049999997,0.012819936899999952,0,-0.3157291666666667,0.04625833333333462,0,0,35,-1
8,-576451671645,1.7003038173279594,3.150158655396081,0.0033540441837290767,0.0024623337358496045,0.013969221394550995,0.018668952896698964,0,2402002,0.01,0.018181690499999983,0.014016756899999957,0,-0.10572916666666671,-0.006241666666665369,0,0,35,-1
11,-576451671607,1.7004117725730237,3.1502432184644555,0.0038048687276652916,0.0031983637906497944,0.006151190072429018,0.01277831418657847,0,2402032,0.01,0.011000770499999982,0.005639016899999951,0,-0.14947916666666672,0.04625833333333462,0,0,35,-1
12,-576451671605,1.700450186078399,3.150275930741041,0.0,0.0,0.0,0.0,1,2402042,0.01,0.024165790499999996,0.013418346899999954,0,-0.10572916666666671,0.11625833333333468,0,0,35,-1
13,-576451671594,1.70069982297344,3.1500185068912554,0.0014110962269072405,-0.001457477861961676,1.234559993031319e-6,-1.2760171959942083e-6,1,2402053,0.011,0.02655943049999999,0.01820562689999994,0,-0.21947916666666673,0.09875833333333461,0,1,36,1
14,-576451671584,1.7007155797746438,3.150002703356614,0.0,0.0,0.0,0.0,1,2402064,0.011,0.024165790499999996,0.02478813689999994,0,-0.0969791666666667,0.09000833333333458,0,0,36,-1
15,-576451671574,1.7007157786973217,3.1500028823993094,0.0,0.0,0.0,0.0,1,2402074,0.01,0.021772150499999966,0.024189726899999948,0,-0.14947916666666672,0.011258333333334702,0,0,36,-1
16,-576451671563,1.700715923243222,3.1500030457595636,0.0,0.0,0.0,0.0,1,2402084,0.01,0.020575330499999978,0.01820562689999994,0,-0.1407291666666667,-0.032491666666665364,0,0,36,-1
17,-576451671554,1.7007159866097625,3.1500032269526854,0.0,0.0,0.0,0.0,1,2402094,0.01,0.022968970499999974,0.008032656899999945,0,-0.23697916666666669,-0.04124166666666529,0,0,36,-1
18,-576451671543,1.7007160876353598,3.1500034032405297,1.5774948997432302e-5,2.752700366884017e-5,0.011242477616718543,0.019617922276567414,0,2402104,0.01,0.02237056049999997,0.012819936899999952,0,-0.4907291666666667,-0.006241666666665369,0,0,36,-1
19,-576451671532,1.7006284421728894,3.1498338541831292,-2.3247131824088286e-4,-4.899134780262764e-4,0.012100818224777763,0.011535847622779098,0,2402115,0.011,0.01040236049999998,0.012221526899999948,0,-0.1582291666666667,0.12500833333333472,0,1,37,2
20,-576451671522,1.700626652212254,3.1498291806284624,-9.434612976405639e-5,-3.605070969533606e-4,0.015355337423152933,0.01316571926016087,0,2402126,0.011,0.013394410499999978,0.01581198689999995,0,-0.0532291666666667,0.14250833333333457,0,0,37,-1
21,-576451671512,1.7006264113752054,3.1498263538205853,4.934242230833574e-5,-2.1067910488507764e-4,0.008408916110693034,0.025960924272435217,0,2402136,0.01,0.02775625049999998,0.007434246899999943,0,-0.17572916666666671,0.0637583333333347,0,0,37,-1
22,-576451671502,1.700627350764839,3.149825521320887,1.3739247006318322e-4,4.524312872866281e-5,0.01122761800535075,0.023337122487821133,0,2402146,0.01,0.022968970499999974,0.011623116899999963,0,-0.2107291666666667,-0.14624166666666538,0,0,37,-1
23,-576451671491,1.7006292750284813,3.1498271849102504,0.0,0.0,0.0,0.0,1,2402156,0.01,0.028953070499999983,0.009827886899999937,0,-0.21947916666666673,-0.014991666666665293,0,0,37,-1
24,-576451671462,1.700629403489305,3.149827324120307,0.0,0.0,0.0,0.0,1,2402167,0.011,0.015189640499999987,0.014016756899999957,0,-0.21947916666666673,-0.02374166666666533,0,0,37,-1
25,-576451671461,1.7006295913394096,3.149827575331319,0.0,0.0,0.0,0.0,1,2402177,0.01,0.030748300499999975,0.02299290689999995,0,-0.0444791666666667,0.12500833333333472,0,0,37,-1
26,-576451671460,1.7006297072527155,3.149827785974921,1.8007459882287063e-5,3.2724079204517755e-5,0.01281680931969766,0.023291362916852017,0,2402187,0.01,0.02655943049999999,0.01461516689999996,0,-0.2544791666666667,0.03750833333333459,0,0,37,-1
27,-576451671450,1.7006305753908584,3.1498291525251862,1.5354388198571866e-4,2.460933005454054e-4,0.018067324402790512,0.009364431940585387,0,2402197,0.01,0.007410310499999982,0.018804036899999946,0,-0.4294791666666667,0.03750833333333459,0,0,37,-1
28,-576451671439,1.7014295245349014,3.1490131314689234,0.0027772269042068,-0.002144188741152864,0.015041055943349884,0.013946939387511964,0,2402208,0.011,0.014591230499999983,0.01461516689999996,0,-0.0444791666666667,0.0637583333333347,0,1,38,1
29,-576451671429,1.7014581138474338,3.1489924801675486,0.00293752768553457,-0.00199052113451605,0.022014452699434847,0.023957942402816387,0,2402218,0.01,0.025362610499999983,0.02299290689999995,0,0.05177083333333331,0.07250833333333473,0,0,38,-1
30,-576451671419,1.7014884979516958,3.148973783982748,0.0031433943877414066,-0.0017492110398863252,0.011852188781100595,0.02518976981075803,0,2402228,0.01,0.025362610499999983,0.01042629689999994,0,-0.21947916666666673,0.09875833333333461,0,0,38,-1
31,-576451671408,1.7015238121986356,3.1489559145496413,0.0032766659091128794,-0.0014943207769916084,0.013750412525601916,0.010647580349800938,0,2402239,0.011,0.008607130499999989,0.014016756899999957,0,-0.0444791666666667,0.011258333333334702,0,0,38,-1
32,-576451671397,1.7016046196485641,3.1490244486773227,1.1932551809340741e-4,2.2835116527282175e-4,4.9641016584013434e-8,9.605269731311137e-8,1,2402250,0.011,0.029551480499999987,0.009229476899999934,0,-0.12322916666666671,0.16875833333333468,0,1,39,2
33,-576451671387,1.7016061396226387,3.149027082070117,0.0,0.0,0.0,0.0,1,2402261,0.011,0.012796000499999974,0.021796086899999942,0,-0.23697916666666669,-0.049991666666665324,0,0,39,-1
34,-576451671377,1.701606264835842,3.1490272858799093,1.8949747413282724e-5,3.084580413468801e-5,0.013341586554023538,0.021717031213871977,0,2402271,0.01,0.024764200499999982,0.015213576899999946,0,-0.2719791666666667,0.11625833333333468,0,0,39,-1
35,-576451671366,1.7016071837974795,3.149028652115399,1.6204693303720032e-4,2.4365939857532486e-4,0.02023100578896211,0.01861670481186139,0,2402281,0.01,0.018181690499999983,0.021197676899999948,0,-0.0182291666666667,-0.06749166666666528,0,0,39,-1
36,-576451671357,1.7016097715149219,3.1490320066715323,3.574455650592144e-4,4.27818144703997e-4,0.01530618100232414,0.017185663390331826,0,2402291,0.01,0.016984870499999978,0.01461516689999996,0,-0.14947916666666672,-0.014991666666665293,0,0,39,-1
37,-576451671347,1.701614148275441,3.149037133122427,5.162841816171343e-4,5.979550136011338e-4,0.019423189464149605,0.015960023064723577,0,2402301,0.01,0.015788050499999973,0.02000085689999995,0,-0.1582291666666667,-0.10249166666666532,0,0,39,-1
40,-576451671311,1.7029731518446711,3.147702353641643,0.0040562935531293825,-0.0019182904421953713,0.016738885474569233,0.01972008742556805,0,2402332,0.01,0.019976920499999974,0.01641039689999995,0,-0.1407291666666667,0.2037583333333346,0,0,40,-1
41,-576451671306,1.703014544373609,3.1476841682701413,0.00422254037016774,-0.0017192985121837576,0.01592603931480666,0.020994872339039437,0,2402342,0.01,0.021173740499999982,0.01581198689999995,0,-0.0882291666666667,-0.014991666666665293,0,0,40,-1
42,-576451671296,1.7030575557400505,3.147668021719568,0.00438018750603334,-0.0015098661082927937,0.014776466278933281,0.02062695401218105,0,2402352,0.01,0.020575330499999978,0.01461516689999996,0,-0.2107291666666667,0.21250833333333463,0,0,40,-1
43,-576451671286,1.703102090451796,3.1476539539993826,0.004527017347762902,-0.0013036600908160763,0.014110237127066778,0.02058168263645438,0,2402362,0.01,0.020575330499999978,0.014016756899999957,0,-0.2019791666666667,-0.11999166666666539,0,0,40,-1
44,-576451671276,1.703148055970774,3.147641965292197,0.0,0.0,0.0,0.0,1,2402372,0.01,0.022968970499999974,0.012819936899999952,0,-0.06197916666666671,-0.11124166666666535,0,0,40,-1
45,-576451671264,1.7032338534975744,3.147803361556105,1.721478529237113e-4,3.2440990535471243e-4,5.061053046489789e-8,9.779089848612438e-8,1,2402383,0.011,0.014591230499999983,0.022394496899999946,0,-0.17572916666666671,0.07250833333333473,0,1,41,2
46,-576451671254,1.7032358850862654,3.1478071637541043,0.0,0.0,0.0,0.0,1,2402394,0.011,0.024764200499999982,0.01461516689999996,0,-0.17572916666666671,0.03750833333333459,0,0,41,-1
47,-576451671244,1.703235985564831,3.1478072394091052,0.0,0.0,0.0,0.0,1,2402404,0.01,0.009205540499999991,0.012221526899999948,0,-0.0444791666666667,0.14250833333333457,0,0,41,-1
48,-576451671234,1.703236215624259,3.1478074027561496,0.0,0.0,0.0,0.0,1,2402414,0.01,0.020575330499999978,0.028977006899999953,0,-0.14947916666666672,0.011258333333334702,0,0,41,-1
49,-576451671219,1.7032363545201334,3.1478075036977446,2.1669188229124028e-5,1.5748026751099036e-5,0.015440695491329507,0.011221486527345507,0,2402424,0.01,0.012796000499999974,0.01760721689999996,0,-0.4119791666666667,-0.014991666666665293,0,0,41,-1
50,-576451671213,1.7032373603197104,3.1478082818168125,1.7874205049476933e-4,1.3726377622277984e-4,0.017340632178468676,0.017850033068864297,0,2402434,0.01,0.01878010049999997,0.01760721689999996,0,-0.24572916666666672,0.13375833333333476,0,0,41,-1
51,-576451671202,1.7052209594049594,3.1458213005841555,0.00392240415924466,-0.003244273497801179,0.014426694436156864,0.015516019459313484,0,2402445,0.011,0.015189640499999987,0.014016756899999957,0,-0.06197916666666671,0.03750833333333459,0,1,42,1
52,-576451671192,1.705264974899758,3.1457866057433397,0.004080543905287304,-0.003065950181981812,0.014067198628153942,0.02047757290981979,0,2402456,0.011,0.021173740499999982,0.014016756899999957,0,-0.17572916666666671,0.11625833333333468,0,0,42,-1
53,-576451671182,1.7053064783603913,3.1457569561636314,0.004220407816965551,-0.002863288455097084,0.013498186386733267,0.018988969984449974,0,2402466,0.01,0.01878010049999997,0.013418346899999954,0,-0.1932291666666667,0.16000833333333464,0,0,42,-1
54,-576451671172,1.7053493614668842,3.1457293233301247,0.0,0.0,0.0,0.0,1,2402476,0.01,0.025362610499999983,0.014016756899999957,0,-0.1144791666666667,0.04625833333333462,0,0,42,-1
55,-576451671162,1.705349509804816,3.1457295234055325,2.3142115220957415e-5,3.1213746166204895e-5,0.016490249959982235,0.02224180844819927,0,2402486,0.01,0.025362610499999983,0.018804036899999946,0,-0.2544791666666667,0.11625833333333468,0,0,42,-1
56,-576451671152,1.7053505651091803,3.1457309203539614,1.8794635550097713e-4,2.4937219455644104e-4,0.016420222607548284,0.019206054495054036,0,2402496,0.01,0.01878010049999997,0.01641039689999995,0,-0.12322916666666671,-0.049991666666665324,0,0,42,-1
57,-576451671141,1.705353274936304,3.1457344228866906,3.5360915067924275e-4,4.4900823966127594e-4,0.01746116039594416,0.02460506258858679,0,2402506,0.01,0.025362610499999983,0.01760721689999996,0,-0.0882291666666667,-0.02374166666666533,0,0,42,-1
58,-576451671130,1.7050124769131634,3.1451054386162065,-7.388292886428751e-6,-3.023046154706654e-4,0.01706433975037972,0.020546154199161566,0,2402517,0.011,0.019976920499999974,0.017008806899999954,0,-0.21947916666666673,-0.11124166666666535,0,1,43,2
59,-576451671117,1.7050133652569857,3.1451033567080935,1.713471873386386e-4,-7.62572879234474e-5,0.01124309049257918,0.020571740433458028,0,2402528,0.011,0.020575330499999978,0.01042629689999994,0,-0.2719791666666667,0.05500833333333466,0,0,43,-1
60,-576451671109,1.7050156784525823,3.1451036129044208,2.8946812251830624e-4,1.2797407756255598e-4,0.015249796297311631,0.019525334283167134,0,2402538,0.01,0.019378510499999974,0.01581198689999995,0,-0.3069791666666667,0.011258333333334702,0,0,43,-1
61,-576451671098,1.7050197793593658,3.145106211588731,4.563653415945129e-4,3.44159974762361e-4,0.014693256366589502,0.020446131246323985,0,2402549,0.011,0.020575330499999978,0.01461516689999996,0,-0.1669791666666667,-0.049991666666665324,0,0,43,-1
62,-576451671088,1.7050251064053872,3.1451107010254313,6.076672128466509e-4,5.525040487276363e-4,0.01777343900801021,0.023183319045637717,0,2402559,0.01,0.023567380499999974,0.01820562689999994,0,-0.2982291666666667,0.05500833333333466,0,0,43,-1
63,-576451671076,1.7050328369229821,3.1451181847012855,7.98942825382752e-4,8.080352166390079e-4,0.015003783918536887,0.023520122755187337,0,2402570,0.011,0.023567380499999974,0.01461516689999996,0,-0.21947916666666673,0.2037583333333346,0,0,43,-1
64,-576451671067,1.7092223931068768,3.1410288637690598,0.007049364360848392,-0.004908858109447006,0.013614791270598165,0.022510605041275923,0,2402581,0.011,0.02237056049999997,0.013418346899999954,0,-0.26322916666666674,-0.04124166666666529,0,1,44,1
65,-576451671056,1.7092936247351327,3.1409808997634774,0.007194210521465091,-0.004683926188822596,0.01973984567144817,0.022387792609918838,0,2402591,0.01,0.02237056049999997,0.020599266899999955,0,-0.1669791666666667,0.09875833333333461,0,0,44,-1
66,-576451671046,1.7093665131811469,3.1409352224789866,0.0073852938311379426,-0.004453432702899307,0.01524574505065049,0.02709567597442519,0,2402601,0.01,0.02775625049999998,0.01461516689999996,0,-0.23697916666666669,-0.07624166666666532,0,0,44,-1
69,-576451671007,1.709596435625561,3.140812870000946,0.007954892572056187,-0.003706649319810875,0.017690217594874828,0.009954338612065974,0,2402631,0.01,0.007410310499999982,0.01760721689999996,0,-0.5082291666666667,0.0637583333333347,0,0,44,-1
70,-576451671005,1.7096768778378468,3.1407763849064634,0.008133165273642082,-0.003594037079994196,0.018666984384338368,0.019268445576777142,0,2402641,0.01,0.020575330499999978,0.018804036899999946,0,-0.12322916666666671,0.09875833333333461,0,0,44,-1
71,-576451670995,1.7098096173324877,3.140812917270963,0.008381866927073949,-0.0032714170053896965,0.010390747983266743,0.026711869283776796,0,2402652,0.011,0.02775625049999998,0.009229476899999934,0,-0.2019791666666667,0.2037583333333346,0,1,45,2
72,-576451670985,1.709902424121592,3.140778580190652,0.00849297774106532,-0.002972939559389215,0.008322813762636109,0.029726851094580044,0,2402663,0.011,0.03014989049999999,0.008032656899999945,0,-0.2982291666666667,0.14250833333333457,0,0,45,-1
73,-576451670975,1.7099878660780095,3.1407502766514424,0.008590749543386615,-0.0026848324516268833,0.018563904620024593,0.02327573257529595,0,2402673,0.01,0.02237056049999997,0.02000085689999995,0,-0.26322916666666674,-0.049991666666665324,0,0,45,-1
74,-576451670965,1.7100747844404318,3.1407246276794827,0.008789220736694867,-0.0024465537561373677,0.027695702242462518,0.02720493463554879,0,2402683,0.01,0.02775625049999998,0.028977006899999953,0,-0.26322916666666674,0.08125833333333476,0,0,45,-1
75,-576451670954,1.710163915761358,3.140701418165683,0.009043451390370895,-0.0021907645464142324,0.011501697022521292,0.015618536153475238,0,2402693,0.01,0.01399282049999998,0.009229476899999934,0,-0.2807291666666667,0.002508333333334667,0,0,45,-1
76,-576451670944,1.7102550442088407,3.140680358802186,0.009177026374791446,-0.0020240617775725135,0.024727607363803295,0.02311407348917033,0,2402703,0.01,0.024165790499999996,0.02658336689999995,0,-0.14947916666666672,0.08125833333333476,0,0,45,-1
77,-576451670934,1.7136389070938096,3.1375332555525963,0.013478791170825878,-0.005659835862204015,0.02373178408912363,0.017738381088953148,0,2402713,0.01,0.016984870499999978,0.023591316899999944,0,-0.1844791666666667,0.16000833333333464,0,1,46,1
78,-576451670924,1.7137886244216975,3.137471998120019,0.013742055120054428,-0.005475332598562617,0.02518293271858059,0.010780261170467865,0,2402724,0.011,0.009803950499999978,0.025386546899999942,0,-0.2807291666666667,0.12500833333333472,0,0,46,-1
79,-576451670911,1.7139272422613046,3.1374177904659537,0.013984462181356381,-0.005366511492799089,0.018539388667984488,0.011498414645323252,0,2402734,0.01,0.011599180499999986,0.01760721689999996,0,-7.291666666666974e-4,-0.02374166666666533,0,0,46,-1
80,-576451670904,1.714067959000022,3.1373646536106587,0.014161334479586202,-0.005258776245756271,0.01247414582402722,0.006339009185186165,0,2402744,0.01,0.005615080499999991,0.011623116899999963,0,-0.4557291666666667,-0.05874166666666536,0,0,46,-1
81,-576451670894,1.7142101657416153,3.137312480924297,0.014281346359599689,-0.005180075220599786,0.009103947583608458,0.01724925716264276,0,2402754,0.01,0.01878010049999997,0.008631066899999948,0,-0.17572916666666671,0.03750833333333459,0,0,46,-1
82,-576451670884,1.7143535155563285,3.137261549982739,0.014385058120766864,-0.005006435291302941,0.018135243833617535,0.018066957047290458,0,2402764,0.01,0.018181690499999983,0.01940244689999995,0,-0.0444791666666667,-0.06749166666666528,0,0,46,-1
83,-576451670873,1.7144982310200945,3.1372123945965753,0.014559870198519568,-0.004824888214533928,0.01347397134114647,0.018692350086829998,0,2402774,0.01,0.01878010049999997,0.012819936899999952,0,-0.1932291666666667,0.09875833333333461,0,0,46,-1
84,-576451670864,1.714421493791441,3.1367870432385674,0.014450185935439517,-0.005057978438701384,0.020247258820710747,0.026640891646134902,0,2402784,0.01,0.02775625049999998,0.021197676899999948,0,-0.2719791666666667,-0.14624166666666538,0,1,47,2
85,-576451670853,1.714581734780311,3.13673285823229,0.014682187300747045,-0.00478826291798951,0.026328502815698894,0.011350914282842656,0,2402795,0.011,0.009205540499999991,0.02718177689999995,0,-0.1319791666666667,-0.014991666666665293,0,0,47,-1
86,-576451670842,1.7147297969482456,3.136685564747446,0.014933880956210375,-0.004671467884491419,0.01815557080018572,0.01366774093679143,0,2402805,0.01,0.01399282049999998,0.017008806899999954,0,-0.1669791666666667,0.1512583333333346,0,0,47,-1
87,-576451670833,1.7148800439355374,3.1366394980696684,0.015115498341111207,-0.004540288380733106,0.018199467629486155,0.009754602446075487,0,2402815,0.01,0.009205540499999991,0.01820562689999994,0,-0.14947916666666672,0.05500833333333466,0,0,47,-1
88,-576451670823,1.7150321372589008,3.136594701299404,0.015301919284071003,-0.004424270427889331,0.021353532424033622,0.022917309210816975,0,2402825,0.01,0.024764200499999982,0.021796086899999942,0,-0.4382291666666667,0.011258333333334702,0,0,47,-1
89,-576451670810,1.7151862323313278,3.1365516001521194,0.015516735513279964,-0.004195770109114352,0.022266408978117956,0.02243783648085916,0,2402835,0.01,0.02237056049999997,0.022394496899999946,0,-0.2107291666666667,0.10750833333333465,0,0,47,-1
90,-576451670802,1.715342424432834,3.13651076381279,0.015725566952167775,-0.003971474525813011,0.012407968568238828,0.022378838631271287,0,2402845,0.01,0.02237056049999997,0.011024706899999943,0,-0.1582291666666667,-0.006241666666665369,0,0,47,-1
91,-576451670791,1.7199488366801028,3.1324127899620002,0.02056311289978634,-0.008017236174753462,0.019067345563107373,0.028143328785857003,0,2402856,0.011,0.028953070499999983,0.02000085689999995,0,-0.2544791666666667,0.12500833333333472,0,1,48,1
92,-576451670781,1.7201761085686265,3.132326270847048,0.020761983029972352,-0.007712227189873293,0.01201433228741159,0.025179993286301716,0,2402867,0.011,0.024764200499999982,0.011024706899999943,0,-0.2107291666666667,0.002508333333334667,0,0,48,-1
93,-576451670771,1.7203844144273208,3.1322504238844013,0.020895053602710257,-0.007457964029363001,0.021117245135202384,0.02691447163847627,0,2402877,0.01,0.027157840499999992,0.022394496899999946,0,-0.009479166666666705,0.011258333333334702,0,0,48,-1
94,-576451670761,1.720594335943369,3.1321771063793884,0.021093051509387176,-0.007201793068629706,0.011741789766482082,0.01768190438825184,0,2402887,0.01,0.016386460499999974,0.01042629689999994,0,-0.0444791666666667,-0.006241666666665369,0,0,48,-1
95,-576451670751,1.7208058762155247,3.1321060472952844,0.021214005670873143,-0.007013311997538934,0.014261605453559744,0.02599185165747623,0,2402897,0.01,0.027157840499999992,0.01461516689999996,0,-0.1932291666666667,-0.08499166666666536,0,0,48,-1
98,-576451670711,1.7210189247247263,3.1320374905886545,0.0,0.0,0.0,0.0,1,2402927,0.01,0.03014989049999999,0.011623116899999963,0,-0.1669791666666667,-0.02374166666666533,0,0,48,-1
99,-576451670710,1.7210190587350593,3.1320376338399956,0.0,0.0,0.0,0.0,1,2402937,0.01,0.018181690499999983,0.017008806899999954,0,-0.0707291666666667,0.1512583333333346,0,0,48,-1
100,-576451670701,1.7210191974601272,3.1320378572428322,2.1665214198863416e-5,3.488965898223228e-5,0.015440695491329504,0.024865694619831118,0,2402947,0.01,0.028354660499999983,0.01760721689999996,0,-0.28947916666666673,0.13375833333333476,0,0,48,-1
101,-576451670691,1.7210202456499726,3.132039396761721,1.8536496524401138e-4,2.753221151247242e-4,0.02206362728740599,0.019004139505058568,0,2402957,0.01,0.018181690499999983,0.02299290689999995,0,-0.12322916666666671,0.020008333333334738,0,0,48,-1
102,-576451670681,1.7210231532250975,3.132043079565482,3.983087601889301e-4,4.6214252548582653e-4,0.016581234692853802,0.016708558968923058,0,2402967,0.01,0.016386460499999974,0.01581198689999995,0,-0.3157291666666667,0.1512583333333346,0,0,48,-1
103,-576451670670,1.7210279781728168,3.1320485951732793,5.661198787080501e-4,6.384040410771491e-4,0.01800574974094367,0.023248197909799633,0,2402977,0.01,0.024165790499999996,0.01820562689999994,0,-0.2544791666666667,0.32625833333333465,0,0,48,-1
104,-576451670660,1.7257595005084907,3.127729542503226,0.005194519454863973,-0.003183702927608659,0.01818172199471208,0.018279620274941594,0,2402988,0.011,0.017583280499999982,0.01820562689999994,0,-0.0532291666666667,-0.049991666666665324,0,1,50,1
105,-576451670649,1.7258176390577264,3.1276956262188804,0.005379992036922099,-0.0029827599767298274,0.008756695246849782,0.01819374049943889,0,2402999,0.011,0.018181690499999983,0.007434246899999943,0,-0.1669791666666667,0.0637583333333347,0,0,50,-1
106,-576451670639,1.7258719347658382,3.127666688583408,0.005476345482691001,-0.002803818526138155,0.014943851947282559,0.016084064283212438,0,2403009,0.01,0.015788050499999973,0.01581198689999995,0,-0.1932291666666667,-0.04124166666666529,0,0,50,-1
107,-576451670628,1.7259273762989813,3.1276394902498335,0.00561505501252031,-0.0026374432681365097,0.007308729444010885,0.020022692086673642,0,2403019,0.01,0.020575330499999978,0.0062374268999999365,0,-0.26322916666666674,0.011258333333334702,0,0,50,-1
108,-576451670618,1.7259840065680514,3.1276140410631217,0.005705971885067124,-0.0024490560803121664,0.020013455933293227,0.011586116823296997,0,2403029,0.01,0.01040236049999998,0.021796086899999942,0,-0.06197916666666671,-0.05874166666666536,0,0,50,-1
109,-576451670604,1.726047950051791,3.1275879396335715,0.0059212975375348845,-0.002301568392695008,0.016853743771721247,0.024717003907338705,0,2403040,0.011,0.02655943049999999,0.01641039689999995,0,-0.1932291666666667,0.09000833333333458,0,0,50,-1
110,-576451670597,1.7239034098985797,3.1242041381568892,0.004130301743339426,-0.005054456358761206,0.016464726874647794,0.024757971633881385,0,2403050,0.01,0.024764200499999982,0.01641039689999995,0,-0.2019791666666667,0.04625833333333462,0,1,51,2
111,-576451670587,1.7239498942061369,3.1241499711956813,0.004319359907391943,-0.004791732567634573,0.02166485440275947,0.018466107242609216,0,2403061,0.011,0.017583280499999982,0.022394496899999946,0,-0.2282291666666667,-0.006241666666665369,0,0,51,-1
112,-576451670576,1.7239941035484516,3.1241030824304246,0.004525750140397104,-0.004591048715971189,0.014433057808200814,0.02976178638210998,0,2403071,0.01,0.03134671049999998,0.013418346899999954,0,-0.3419791666666667,-0.11124166666666535,0,0,51,-1
113,-576451670566,1.7240400651702643,3.1240585729378276,0.004667355829096682,-0.004306961725817803,0.012493649921245494,0.0201313678639458,0,2403081,0.01,0.01878010049999997,0.012221526899999948,0,-0.2982291666666667,-0.07624166666666532,0,0,51,-1
114,-576451670557,1.7240874462224227,3.1240165747479445,0.004805213527398616,-0.0040955278270517655,0.021701001134949473,0.02734280611966498,0,2403091,0.01,0.028354660499999983,0.02299290689999995,0,-0.2107291666666667,-0.08499166666666536,0,0,51,-1
115,-576451670547,1.7241365511480555,3.123976952143469,0.005017186142938126,-0.003827481764471856,0.018110946208150625,0.023507159389353046,0,2403101,0.01,0.022968970499999974,0.01760721689999996,0,-0.1582291666666667,-0.05874166666666536,0,0,51,-1
116,-576451670537,1.7241875774387663,3.1239398154389995,0.0051903124828437805,-0.0035982267059397103,0.01242142711402976,0.01936175257721323,0,2403111,0.01,0.01878010049999997,0.011623116899999963,0,-0.3332291666666667,-0.16374166666666534,0,0,51,-1
117,-576451670524,1.7242401000599548,3.1239048579693676,0.005314280781987697,-0.0033957526253718087,0.012246124091921483,0.02567377529389912,0,2403121,0.01,0.02655943049999999,0.012221526899999948,0,-0.2807291666666667,0.0637583333333347,0,0,51,-1
118,-576451670516,1.7242993471643961,3.123868907050427,0.005456163327805276,-0.003135381857564541,0.01694754862826013,0.011231913176989858,0,2403132,0.011,0.009205540499999991,0.01760721689999996,0,-0.4382291666666667,-0.05874166666666536,0,0,51,-1
119,-576451670506,1.724354702898455,3.1238381911603987,0.00561752799971512,-0.0030114418397022614,0.011228719654308428,0.01942564774346826,0,2403142,0.01,0.020575330499999978,0.01042629689999994,0,-0.2982291666666667,0.002508333333334667,0,0,51,-1
120,-576451670495,1.7244115186782099,3.1238090571425197,0.00574209802119841,-0.0028157688297569864,0.019971023112659417,0.020433865081623426,0,2403152,0.01,0.020575330499999978,0.021197676899999948,0,-0.1582291666666667,-0.18999166666666534,0,0,51,-1
121,-576451670486,1.7244698912465013,3.123781870345034,0.005934480488444192,-0.0026193570085708373,0.01474941358821568,0.014785373977335065,0,2403162,0.01,0.01399282049999998,0.014016756899999957,0,-0.3069791666666667,0.011258333333334702,0,0,51,-1
122,-576451670476,1.7245300054731403,3.1237564333760286,0.006086963831226096,-0.0024687967921699404,0.01830512623973115,0.01671422827802282,0,2403172,0.01,0.016984870499999978,0.018804036899999946,0,-0.3332291666666667,0.03750833333333459,0,0,51,-1
123,-576451670466,1.7245917990136235,3.123732653975581,0.006271365320974454,-0.002290276548307214,0.019267424498893005,0.02482322720624889,0,2403182,0.01,0.025961020499999987,0.01940244689999995,0,-0.26322916666666674,-0.032491666666665364,0,0,51,-1
124,-576451670456,1.7246554582426321,3.123710897610121,0.006461260395979162,-0.0020568434646827415,0.017286723813830993,0.014275918893350451,0,2403192,0.01,0.012796000499999974,0.017008806899999954,0,-0.1932291666666667,0.07250833333333473,0,0,51,-1
125,-576451670412,1.7219287806735006,3.119416692141066,0.00444183789719183,-0.005296588173229352,0.01966661470494062,0.016126243114254677,0,2403203,0.011,0.016386460499999974,0.02000085689999995,0,-0.12322916666666671,-0.032491666666665364,0,1,52,2
127,-576451670409,1.722026459592846,3.119309635389048,0.004864605063439668,-0.004864529999495346,0.01697627774743619,0.024173211418680375,0,2403224,0.01,0.024165790499999996,0.01641039689999995,0,-0.2544791666666667,0.0637583333333347,0,0,52,-1
128,-576451670408,1.7220758929606494,3.1192621559455582,0.0050248214014146555,-0.004629443848993636,0.010182700227684229,0.019443708515452747,0,2403234,0.01,0.01878010049999997,0.009229476899999934,0,-0.3157291666666667,0.05500833333333466,0,0,52,-1
129,-576451670400,1.7221266333491396,3.119216823737406,0.0051240023471454095,-0.004436559928140678,0.008297214037306357,0.018336978474478575,0,2403244,0.01,0.018181690499999983,0.008032656899999945,0,-0.10572916666666671,0.1512583333333346,0,0,52,-1
130,-576451670393,1.7221783851775112,3.119173463360815,0.005222112179295431,-0.004239390684450268,0.019085531875947324,0.02817156572619662,0,2403254,0.01,0.029551480499999987,0.020599266899999955,0,-0.3594791666666667,-0.06749166666666528,0,0,52,-1
131,-576451670383,1.7280319753824558,3.1143883956393803,0.009806136083171206,-0.007591826500584184,0.006769282799859185,0.02570774504021508,0,2403264,0.01,0.025362610499999983,0.005040606899999948,0,-0.1407291666666667,-0.07624166666666532,0,1,53,1
132,-576451670373,1.7281403124814352,3.114306389062235,0.009889496518760043,-0.007316710791483915,0.01260019717182043,0.020682083282192464,0,2403275,0.011,0.019976920499999974,0.013418346899999954,0,-0.3682291666666667,-0.014991666666665293,0,0,53,-1
133,-576451670363,1.7282399417222203,3.1142341771244846,0.010031401382442639,-0.007121930982983774,0.02381322042925868,0.012192030397903515,0,2403285,0.01,0.011000770499999982,0.025386546899999942,0,-0.1932291666666667,0.028758333333334773,0,0,53,-1
134,-576451670353,1.7283413924463604,3.114163624399795,0.010261149830358338,-0.006991156173633302,0.017846071963996867,0.018494233156078784,0,2403295,0.01,0.019378510499999974,0.017008806899999954,0,-0.26322916666666674,-0.19874166666666537,0,0,53,-1
135,-576451670343,1.7284448471677878,3.114094696441001,0.010431952118932847,-0.006797024658038378,0.012388835039778404,0.02504225209233671,0,2403305,0.01,0.025961020499999987,0.011623116899999963,0,-0.2282291666666667,-0.06749166666666528,0,0,53,-1
136,-576451670332,1.7285498744078867,3.1140279808316453,0.010569625103554603,-0.00654620793654733,0.02221288117570257,0.025323191246372792,0,2403315,0.01,0.025362610499999983,0.023591316899999944,0,0.01677083333333329,-0.11999166666666539,0,0,53,-1
137,-576451670322,1.7286566591593848,3.1139637380733323,0.010788295741807613,-0.006300290814393569,0.019748263394483583,0.020109987721975232,0,2403325,0.01,0.019378510499999974,0.01940244689999995,0,-0.2982291666666667,0.0637583333333347,0,0,53,-1
138,-576451670311,1.7287395870258055,3.1138428966687117,0.010973574469853219,-0.006115330930046021,0.016296332042271943,0.02156761964819167,0,2403336,0.011,0.021772150499999966,0.01581198689999995,0,-0.2282291666666667,-0.09374166666666528,0,1,54,2
139,-576451670301,1.7288613000306252,3.1137769626773024,0.011155414607296167,-0.005873766759621877,0.017970693224321047,0.024370869691988956,0,2403347,0.011,0.024764200499999982,0.01820562689999994,0,-0.3507291666666667,-0.1812416666666653,0,0,54,-1
140,-576451670291,1.728973828442348,3.113719417238968,0.011346592873021404,-0.005634039735585784,0.026048377448300478,0.021567138779811524,0,2403357,0.01,0.021173740499999982,0.02718177689999995,0,-0.26322916666666674,-0.1287416666666653,0,0,54,-1
141,-576451670280,1.7290885867867416,3.1136641425765728,0.011605523644440023,-0.005420327984337771,0.024943206161852888,0.0201725926478038,0,2403367,0.01,0.019976920499999974,0.02478813689999994,0,-0.1582291666666667,0.0637583333333347,0,0,54,-1
142,-576451670271,1.7292059210038528,3.1136109699848715,0.01185992010124183,-0.005215160558357609,0.028480658402270802,0.022624883611201838,0,2403377,0.01,0.022968970499999974,0.028977006899999953,0,-0.2282291666666667,0.002508333333334667,0,0,54,-1
143,-576451670261,1.7293258868455212,3.113559900462768,0.012135764967211039,-0.004996588109789292,0.02209382848563872,0.01715408194202148,0,2403387,0.01,0.016386460499999974,0.021197676899999948,0,-0.1144791666666667,-0.11124166666666535,0,0,54,-1
144,-576451670250,1.7367816802882445,3.1078099515467796,0.01746419319903182,-0.008840841252734499,0.011862525707627202,0.019104212675338652,0,2403397,0.01,0.019378510499999974,0.01042629689999994,0,-0.14947916666666672,0.09875833333333461,0,1,55,1
145,-576451670239,1.7369745127285912,3.107713849753894,0.0,0.0,0.0,0.0,1,2403408,0.011,0.018181690499999983,0.012819936899999952,0,-0.1669791666666667,0.07250833333333473,0,0,55,-1
146,-576451670229,1.7369745784565345,3.1077140031011936,0.0,0.0,0.0,0.0,1,2403418,0.01,0.01878010049999997,0.008032656899999945,0,-0.1407291666666667,0.09000833333333458,0,0,55,-1
147,-576451670220,1.736974680139537,3.107714156785817,1.5795543384324126e-5,2.387639990247433e-5,0.011242477616718545,0.016994036104935575,0,2403428,0.01,0.019378510499999974,0.012819936899999952,0,-0.2544791666666667,0.07250833333333473,0,0,55,-1
148,-576451670210,1.7369754126610408,3.1077152734981297,1.3016165874470852e-4,1.982241686577118e-4,0.01262583471292829,0.020134661709371372,0,2403438,0.01,0.020575330499999978,0.012819936899999952,0,-0.3332291666666667,0.002508333333334667,0,0,55,-1
149,-576451670181,1.736977389539105,3.1077183461099875,2.632859304728996e-4,4.1263084968768565e-4,0.017519048248877463,0.029442320355926657,0,2403448,0.01,0.030748300499999975,0.01820562689999994,0,-0.0882291666666667,-0.11124166666666535,0,0,55,-1
150,-576451670180,1.7369808801858622,3.1077239076753043,4.356395845039313e-4,7.012977364230917e-4,0.015497259043679308,0.02533983075876004,0,2403458,0.01,0.024764200499999982,0.015213576899999946,0,-0.2544791666666667,0.08125833333333476,0,0,55,-1
151,-576451670179,1.7369860657873168,3.1077321925385006,5.990990460388835e-4,9.554604017692498e-4,0.0215458100483936,0.025884584747496546,0,2403468,0.01,0.025961020499999987,0.022394496899999946,0,-0.3769791666666667,-0.014991666666665293,0,0,55,-1
152,-576451670170,1.7370814117743558,3.1078620415807863,8.67598745388801e-4,0.0012891688697792636,0.017567079234986793,0.022278186061952764,0,2403478,0.01,0.021772150499999966,0.017008806899999954,0,-0.1932291666666667,-0.014991666666665293,0,1,56,2
153,-576451670159,1.7370909293966055,3.107875992249635,0.00103742875517607,0.0015032290767897577,0.01340406019201532,0.016061867258136686,0,2403488,0.01,0.015189640499999987,0.012819936899999952,0,-0.4032291666666667,0.03750833333333459,0,0,56,-1
154,-576451670150,1.737101959797782,3.1078918866911778,0.0011692779158347197,0.0016730830332401122,0.011842257255440138,0.022643846973156308,0,2403498,0.01,0.023567380499999974,0.011623116899999963,0,-0.21947916666666673,-0.06749166666666528,0,0,56,-1
158,-576451670109,1.7371606713370686,3.1079742882376684,0.0017386131535607927,0.00240504337754418,0.013369401114586578,0.026961854585924643,0,2403538,0.01,0.028354660499999983,0.014016756899999957,0,-0.28947916666666673,-0.16374166666666534,0,0,56,-1
159,-576451670098,1.7371806327960881,3.1080023273522013,0.0018897465744207342,0.0026946779807099086,0.01603621042236448,0.02241072984338389,0,2403549,0.011,0.021772150499999966,0.01641039689999995,0,-0.0182291666666667,0.21250833333333463,0,0,56,-1
160,-576451670087,1.7394727142466988,3.106346541838504,0.003505839063908116,0.0018531172635264871,0.012166330387047827,0.022900080212465763,0,2403560,0.011,0.022968970499999974,0.011623116899999963,0,-0.17572916666666671,0.2037583333333346,0,1,57,1
161,-576451670077,1.739512037749773,3.10636832371762,0.003642982618957015,0.0021067310730897787,0.014313844052567734,0.024010048201221556,0,2403571,0.011,0.024165790499999996,0.01461516689999996,0,-0.1932291666666667,0.09875833333333461,0,0,57,-1
162,-576451670067,1.7395492692414007,3.106390504328665,0.0037991675319482563,0.002333608986067713,0.023499302905193448,0.014700636604728187,0,2403581,0.01,0.013394410499999978,0.02478813689999994,0,-0.2019791666666667,-0.05874166666666536,0,0,57,-1
163,-576451670056,1.7395883891088078,3.1064146125854504,0.0,0.0,0.0,0.0,1,2403591,0.01,0.019378510499999974,0.01760721689999996,0,-0.1582291666666667,0.002508333333334667,0,0,57,-1
164,-576451670046,1.7411319482023038,3.1083957432876965,9.743209728955493e-4,0.0012786556454184943,0.010717819504824713,0.020142921568590336,0,2403602,0.011,0.022968970499999974,0.012221526899999948,0,-0.2544791666666667,-0.006241666666665369,0,1,58,2
165,-576451670034,1.7411433559184972,3.1084110925272106,0.0010982933387873096,0.0015097090976833698,0.014660385859059757,0.02629467330375569,0,2403613,0.011,0.027157840499999992,0.015213576899999946,0,-0.2719791666666667,-0.06749166666666528,0,0,58,-1
166,-576451670025,1.741155101085988,3.108427442631352,0.001249312436106381,0.0017632973168159524,0.01776939437911285,0.019704748781941214,0,2403623,0.01,0.01878010049999997,0.01820562689999994,0,-0.24572916666666672,0.11625833333333468,0,0,58,-1
167,-576451670015,1.7411684861453063,3.1084460487515906,0.0014275439540878704,0.001958467927936392,0.018151949643621042,0.018369098787932105,0,2403633,0.01,0.018181690499999983,0.01820562689999994,0,-0.28947916666666673,0.08125833333333476,0,0,58,-1
168,-576451669998,1.7411836837686838,3.1084664937612674,0.0016113389000898108,0.002133090719899909,0.01977335375874024,0.011907423781582327,0,2403643,0.01,0.011000770499999982,0.02000085689999995,0,-0.17572916666666671,0.0637583333333347,0,0,58,-1
169,-576451669995,1.741200787617878,3.1084885355022234,0.0018093523804089337,0.0022701942708355425,0.019972863240986245,0.0247565398776078,0,2403653,0.01,0.02655943049999999,0.02000085689999995,0,-0.2019791666666667,-0.02374166666666533,0,0,58,-1
170,-576451669984,1.7412198422860339,3.108512376318874,0.002003224820771233,0.0025023061721026465,0.015799194479785637,0.013742935959849233,0,2403663,0.01,0.012197590499999989,0.015213576899999946,0,-0.3332291666666667,0.12500833333333472,0,0,58,-1
171,-576451669973,1.749535365777396,3.1026174546249794,0.0071718969832575506,-9.698413430087368e-4,0.023157979347845623,0.013961364518793297,0,2403674,0.011,0.01399282049999998,0.024189726899999948,0,-0.21947916666666673,-0.06749166666666528,0,1,59,1
172,-576451669964,1.7496082571353497,3.1026085661431515,0.007405504986853716,-8.130708005672372e-4,0.024587550330521166,0.026058826314314634,0,2403684,0.01,0.02775625049999998,0.02478813689999994,0,-0.2807291666666667,0.14250833333333457,0,0,59,-1
173,-576451669954,1.7496834673100128,3.102601728042884,0.007639830803842585,-5.540776951704575e-4,0.01636701950463636,0.02492350077777006,0,2403694,0.01,0.024764200499999982,0.015213576899999946,0,-0.2982291666666667,0.020008333333334738,0,0,59,-1
174,-576451669944,1.7497606748658536,3.102597394429835,0.0078020814831102694,-3.109303154292525e-4,0.015355504957728217,0.020585584102678484,0,2403704,0.01,0.019976920499999974,0.015213576899999946,0,-0.1669791666666667,0.11625833333333468,0,0,59,-1
175,-576451669933,1.749847485794833,3.102595235983394,0.007979612143945719,-8.209986870292709e-5,0.021003590349211836,0.022150923881633075,0,2403715,0.011,0.02237056049999997,0.021796086899999942,0,-0.2719791666666667,-0.02374166666666533,0,0,59,-1
176,-576451669922,1.749928245680804,3.1025955536587375,0.008176492494538065,1.4414819362637744e-4,0.01172780484606877,0.025492198201752792,0,2403725,0.01,0.025961020499999987,0.01042629689999994,0,-0.4032291666666667,0.09000833333333458,0,0,59,-1
177,-576451669911,1.7499678229086424,3.1025359170061066,0.008280469465835884,3.776032296441194e-4,0.014784658065346228,0.0190812220534656,0,2403736,0.011,0.018181690499999983,0.015213576899999946,0,-0.21947916666666673,-0.014991666666665293,0,1,60,2
178,-576451669901,1.750060206460779,3.102541292527038,0.00850111552408906,5.976041565121399e-4,0.05241998321048952,0.025639256755861053,0,2403747,0.011,0.02655943049999999,0.05770068689999996,0,-0.2282291666666667,-0.014991666666665293,0,0,60,-1
179,-576451669888,1.7501564846603104,3.1025494890171164,0.009020094857647983,8.897896099769566e-4,0.01506873155028838,0.03221875513535814,0,2403758,0.011,0.03314194049999999,0.009827886899999937,0,-0.1319791666666667,-0.14624166666666538,0,0,60,-1
180,-576451669880,1.7502475535507134,3.102559902003751,0.009188106171242645,0.0011974742437062078,0.027265630452832215,0.022008023064987038,0,2403768,0.01,0.020575330499999978,0.028977006899999953,0,-0.2719791666666667,0.028758333333334773,0,0,60,-1
181,-576451669869,1.7503405976471296,3.1025730132918996,0.009429686633734316,0.0014231633270247602,0.005151451015891068,0.025999391869048753,0,2403778,0.01,0.02655943049999999,0.002048556899999951,0,-0.23697916666666669,-0.06749166666666528,0,0,60,-1
182,-576451669859,1.750444711698616,3.102590339510151,0.009497418736582166,0.0017235239401152248,0.012401127255470466,0.03541173221321352,0,2403789,0.011,0.03673240049999998,0.013418346899999954,0,-0.0182291666666667,0.22125833333333467,0,0,60,-1
183,-576451669846,1.7541514814983237,3.100114569945404,0.011678777095370386,6.041320639429686e-4,0.018016440217051278,0.018202418925813934,0,2403799,0.01,0.015788050499999973,0.018804036899999946,0,-0.3419791666666667,-0.07624166666666532,0,1,61,1
186,-576451669807,1.7545095396698227,3.1001419614722296,0.012234139742327215,0.0012612645899803792,0.019490038823389018,0.019601566468732887,0,2403829,0.01,0.01878010049999997,0.018804036899999946,0,-0.24572916666666672,0.0637583333333347,0,0,61,-1
187,-576451669807,1.7546328313052337,3.1001555665831995,0.012425250703753605,0.001459214777680157,0.01678933868256307,0.020980288649191242,0,2403839,0.01,0.021173740499999982,0.01641039689999995,0,-0.1407291666666667,0.03750833333333459,0,0,61,-1
188,-576451669798,1.7547578495715663,3.100171218699079,0.0,0.0,0.0,0.0,1,2403849,0.01,0.02237056049999997,0.007434246899999943,0,-0.10572916666666671,0.028758333333334773,0,0,61,-1
189,-576451669786,1.7547579834948381,3.1001714675546452,0.0,0.0,0.0,0.0,1,2403860,0.011,0.027157840499999992,0.01461516689999996,0,-0.2019791666666667,0.028758333333334773,0,0,61,-1
190,-576451669776,1.7535191813129152,3.0987029856672015,-6.782493558075898e-4,-8.249691399340565e-4,-9.278752385327537e-8,-1.7103277173894462e-7,1,2403871,0.011,0.027157840499999992,0.020599266899999955,0,-0.1582291666666667,-0.014991666666665293,0,1,62,2
191,-576451669767,1.7535124966234024,3.098694911815463,0.0,0.0,0.0,0.0,1,2403881,0.01,0.021772150499999966,0.012221526899999948,0,-0.1582291666666667,-0.05874166666666536,0,0,62,-1
192,-576451669756,1.7535126145541862,3.0986951177951982,1.7181285649997447e-5,2.9981134585114825e-5,0.011242477616718156,0.0196179222765667,0,2403892,0.011,0.02237056049999997,0.012819936899999952,0,-0.2982291666666667,0.12500833333333472,0,0,62,-1
193,-576451669745,1.7535134396873637,3.0986964797281886,1.4347890389514425e-4,2.3851745928983657e-4,0.021022270462150144,0.028329182468597718,0,2403902,0.01,0.029551480499999987,0.022394496899999946,0,-0.17572916666666671,-0.032491666666665364,0,0,62,-1
194,-576451669736,1.7535158462855405,3.0987002673248805,3.413832604902716e-4,5.196287113453092e-4,0.012254880618819871,0.02677719379273274,0,2403912,0.01,0.02655943049999999,0.011024706899999943,0,-0.2107291666666667,0.020008333333334738,0,0,62,-1
195,-576451669726,1.7535199386786955,3.0987067582743744,4.742013190301133e-4,7.805046027853522e-4,0.019572512267336077,0.021863230587510094,0,2403922,0.01,0.021173740499999982,0.020599266899999955,0,-0.5082291666666667,0.028758333333334773,0,0,62,-1
196,-576451669715,1.7577484921816346,3.0958827562006332,0.0029481504218177293,-5.77924752376452e-4,0.026245773166285836,0.01601050168353341,0,2403932,0.01,0.015189640499999987,0.02718177689999995,0,-0.3944791666666667,0.19500833333333478,0,1,63,1
197,-576451669705,1.757782420205764,3.095877348754227,0.0032236907579014855,-4.0450989613053734e-4,0.01762061390160526,0.014241090826010378,0,2403943,0.011,0.01399282049999998,0.01641039689999995,0,-0.24572916666666672,-0.014991666666665293,0,0,63,-1
198,-576451669695,1.7578161827241936,3.095874136330705,0.003498123978120419,-2.4380070628308572e-4,0.086879460296647,0.027142800364257466,0,2403953,0.01,0.028953070499999983,0.09659733689999994,0,-0.28947916666666673,0.12500833333333472,0,0,63,-1
199,-576451669682,1.7578552670703322,3.0958730840305537,0.00432949261179772,3.206964511698023e-5,0.06024150322087159,0.030304653257087297,0,2403963,0.01,0.030748300499999975,0.05650386689999995,0,-0.24572916666666672,0.19500833333333478,0,0,63,-1
200,-576451669675,1.7579013322019774,3.095874833779921,0.004894167673464178,3.2166965074771956e-4,0.03334879760585725,0.020722943429511927,0,2403973,0.01,0.019378510499999974,0.029575416899999946,0,-0.2019791666666667,-0.032491666666665364,0,0,63,-1
201,-576451669663,1.75795168523709,3.095879038304396,0.005187668073348698,5.213540228147856e-4,0.004850414154785366,0.015345721536775311,0,2403983,0.01,0.014591230499999983,8.51736899999945e-4,0,-0.3244791666666667,0.020008333333334738,0,0,63,-1
202,-576451669655,1.7580036927792435,3.095884966036905,0.005218734335143317,6.66519559859052e-4,-0.007577449437425955,0.00943629628062081,0,2403993,0.01,0.008607130499999989,-0.009321233100000053,0,-0.0182291666666667,-0.17249166666666538,0,0,63,-1
203,-576451669644,1.7554191662373637,3.092854072388849,0.0037613814574126462,-8.590722083109673e-4,-0.01645370934951361,0.01658051636075101,0,2404003,0.01,0.017583280499999982,-0.01769897310000006,0,-0.2282291666666667,0.028758333333334773,0,1,64,2
204,-576451669634,1.755459347944293,3.092845755317194,0.003551493314006056,-6.577247642675813e-4,-0.03538817266055167,0.0290049921835589,0,2404014,0.011,0.030748300499999975,-0.038044913100000056,0,-0.4644791666666667,-0.06749166666666528,0,0,64,-1
205,-576451669623,1.755493247773131,3.0928405350202346,0.0032211011018431898,-3.8188060264046907e-4,-0.01882602778927613,0.018988691873451754,0,2404024,0.01,0.017583280499999982,-0.016502153100000052,0,-0.3594791666666667,0.03750833333333459,0,0,64,-1
206,-576451669613,1.755524640301932,3.0928377493954864,0.003051924792215018,-1.7897920911480594e-4,-0.005243000570796004,0.02825175733394541,0,2404034,0.01,0.029551480499999987,-0.003337133100000041,0,-0.26322916666666674,-0.2074916666666653,0,0,64,-1
207,-576451669604,1.7555550870650836,3.0928373163637812,0.0030290888630185855,9.482762850562983e-5,0.01584511262528506,0.022044671726028822,0,2404044,0.01,0.021173740499999982,0.018804036899999946,0,-0.24572916666666672,-0.02374166666666533,0,0,64,-1
208,-576451669594,1.7555864811751973,3.092839388303449,0.003236097830208353,3.186207208974627e-4,0.05045136039830663,0.024429569686750682,0,2404054,0.01,0.024764200499999982,0.05530704689999995,0,-0.2019791666666667,0.08125833333333476,0,0,64,-1
209,-576451669581,1.755621478418325,3.092843798625698,0.0037583675142543807,5.633281731255138e-4,0.06310600328496692,0.024723025064664405,0,2404064,0.01,0.024764200499999982,0.06488160689999994,0,-0.2719791666666667,0.11625833333333468,0,0,64,-1
210,-576451669572,1.7580661998696152,3.091280849787853,0.005702206210045651,-1.1576529917091123e-5,0.08040663455344954,0.015312943318383305,0,2404075,0.011,0.01399282049999998,0.08283390689999995,0,-0.3332291666666667,-0.05874166666666536,0,1,65,1
211,-576451669562,1.7581335869582841,3.0912816295013577,0.00655760714813552,1.5427200666495963e-4,0.06154414809309773,0.013630480882249349,0,2404086,0.011,0.013394410499999978,0.05889750689999995,0,-0.1582291666666667,-0.09374166666666528,0,0,65,-1
212,-576451669552,1.7582020121505368,3.0912838761735544,0.0071384521899644955,2.9400894747793244e-4,0.03718252524775084,0.01604734450695941,0,2404096,0.01,0.016386460499999974,0.03376428689999994,0,-0.0882291666666667,0.08125833333333476,0,0,65,-1
214,-576451669510,1.758351172697139,3.0912931637159278,0.007719067779605624,6.45832201648222e-4,0.005954670671588766,0.01722896554184732,0,2404116,0.01,0.016984870499999978,0.0032453768999999395,0,-0.2719791666666667,0.020008333333334738,0,0,65,-1
216,-576451669510,1.7585046098247974,3.091309612835426,0.007504712983299705,0.0010039487683686493,-0.027755418491867315,0.017182283604373724,0,2404136,0.01,0.016984870499999978,-0.02847035310000006,0,-0.23697916666666669,-0.032491666666665364,0,0,65,-1
217,-576451669501,1.7585854430130359,3.091321781725951,0.007193641123111083,0.001205504079855483,-0.03153104569585716,0.025405597408887107,0,2404147,0.011,0.02655943049999999,-0.03206081310000006,0,-0.2282291666666667,0.011258333333334702,0,0,65,-1
218,-576451669490,1.7579365863111447,3.090523441074665,0.006541199484833157,0.0010480876277179293,-0.01992579533530778,0.028516480633669666,0,2404157,0.01,0.028953070499999983,-0.018297383100000043,0,-0.3419791666666667,-0.06749166666666528,0,1,66,2
219,-576451669478,1.758001156876815,3.0905353032878486,0.006366066857672166,0.0013264170566267472,-0.002754437883087227,0.023651576929940875,0,2404167,0.01,0.022968970499999974,-3.450831000000438e-4,0,-0.17572916666666671,-0.014991666666665293,0,0,66,-1
220,-576451669469,1.7580712530380849,3.090551269043722,0.006370232913322796,0.001578461447294066,0.019824764313593833,0.01832996830445492,0,2404178,0.011,0.017583280499999982,0.02299290689999995,0,-0.3244791666666667,0.03750833333333459,0,0,66,-1
221,-576451669460,1.7581361093844932,3.0905679884843233,0.006593261069587694,0.0017645538480336946,0.03729683790637568,0.020299044628445357,0,2404188,0.01,0.020575330499999978,0.03974838689999995,0,-0.17572916666666671,0.12500833333333472,0,0,66,-1
222,-576451669376,1.7582039547567319,3.09058665591166,0.006973673870070251,0.001968622015765617,0.04259539369496409,0.021066111489545822,0,2404198,0.01,0.021173740499999982,0.04333884689999994,0,-0.3419791666666667,-0.014991666666665293,0,0,66,-1
223,-576451669376,1.760257279191309,3.089342199685423,0.008419526094427629,0.0015458802765823407,0.05164396374505659,0.01748688993748459,0,2404209,0.011,0.016984870499999978,0.052913406899999946,0,-0.1144791666666667,0.13375833333333476,0,1,67,1
224,-576451669375,1.7603529251077497,3.0893603920786235,0.008973958352316019,0.0017569693901241473,0.042786437829593765,0.029641296286045477,0,2404220,0.011,0.03134671049999998,0.04154361689999995,0,-0.2544791666666667,0.13375833333333476,0,0,67,-1
225,-576451669375,1.7604447346776648,3.0893793348738283,0.009391331875165745,0.0020368749599199254,0.035399215911988566,0.0180174329394251,0,2404230,0.01,0.016386460499999974,0.03436269689999995,0,-0.3157291666666667,-0.049991666666665324,0,0,67,-1
226,-576451669375,1.7605404049736952,3.0894005772939948,0.009743309295715114,0.00221282715112856,0.03396546058498645,0.015012815636232017,0,2404240,0.01,0.014591230499999983,0.03376428689999994,0,-0.1582291666666667,0.020008333333334738,0,0,67,-1
227,-576451669374,1.7606393553720199,3.089423410393009,0.010054730732806536,0.0023558082968928866,0.013847505884748014,0.009920110325551826,0,2404250,0.01,0.009205540499999991,0.011024706899999943,0,-0.14947916666666672,0.07250833333333473,0,0,67,-1
228,-576451669374,1.7607405209378506,3.089447510722701,0.010181632546865781,0.0024622299080632117,0.005599495261594919,0.015066016002160659,0,2404260,0.01,0.015788050499999973,0.004442196899999945,0,-0.17572916666666671,0.03750833333333459,0,0,67,-1
229,-576451669374,1.760842499676348,3.089472873151827,0.010219267887396076,0.0026108331960584532,-0.007485276991096095,0.013600097129968309,0,2404270,0.01,0.013394410499999978,-0.009321233100000053,0,-0.23697916666666669,0.011258333333334702,0,0,67,-1
230,-576451669274,1.7622745950506267,3.090973877017582,6.288688053334216e-4,7.32134931796446e-4,8.195383216579814e-8,1.4997411310723459e-7,1,2404280,0.01,0.015189640499999987,-0.014108513100000058,0,-0.0444791666666667,0.020008333333334738,0,1,68,2
231,-576451669273,1.7622814704759673,3.090982019692454,0.0,0.0,0.0,0.0,1,2404291,0.011,0.009803950499999978,-0.004533953100000047,0,-0.1144791666666667,0.22125833333333467,0,0,68,-1
232,-576451669273,1.7622815212130485,3.0909821728753766,7.757703565146017e-6,2.3357651384959677e-5,0.005469928039128263,0.01646925887060882,0,2404301,0.01,0.01878010049999997,0.0062374268999999365,0,-0.3507291666666667,0.03750833333333459,0,0,68,-1
233,-576451669273,1.7622819306761413,3.0909825744190833,7.151302856492974e-5,8.620014109118413e-5,0.011915537775400317,-0.0560226097168184,0,2404311,0.01,-0.06619411950000004,0.012819936899999952,0,-0.1669791666666667,0.07250833333333473,0,0,68,-1
234,-576451669272,1.7622835932515233,3.0909811308698476,2.4554212196767534e-4,-3.966971307668588e-4,0.051017391088749524,-9.197195715434994e-4,0,2404321,0.01,0.00681190049999998,0.05650386689999995,0,-0.2019791666666667,0.1512583333333346,0,0,68,-1
235,-576451669271,1.7622881617894386,3.09097712696834,6.873602011595852e-4,-4.044803482522392e-4,0.0023014926804939342,8.799554899453408e-5,0,2404331,0.01,2.293904999999821e-4,-0.004533953100000047,0,-0.2282291666666667,0.1512583333333346,0,0,68,-1
236,-576451669271,1.7622955869598613,3.0909727670648266,7.785425378945021e-4,-4.534968140908943e-4,0.0508839627702681,-0.035472859708444604,0,2404341,0.01,-0.040462489500000025,0.05770068689999996,0,-0.2719791666666667,0.05500833333333466,0,0,68,-1
237,-576451669270,1.762306012724988,3.0909667538926477,0.001302396917579949,-7.620857408234047e-4,0.061584902158155486,-0.002589345131490145,0,2404351,0.01,0.0020246204999999737,0.06308637689999995,0,-0.21947916666666673,0.09000833333333458,0,0,68,-1
238,-576451669270,1.762321618570839,3.090959242657246,0.0018405700742297347,-7.506397389866173e-4,0.0062256831022671,0.024022305324684953,0,2404361,0.01,0.02775625049999998,-0.0015419031000000495,0,-0.3244791666666667,0.028758333333334773,0,0,68,-1
239,-576451669270,1.7623405242401757,3.0909525518922067,0.001932294462089817,-5.70618999161331e-4,0.027227071229845915,-0.018883598185579317,0,2404371,0.01,-0.02490382950000002,0.03017382689999995,0,-0.06197916666666671,0.16875833333333468,0,0,68,-1
240,-576451669194,1.7623609960156017,3.0909461699810894,0.002171374696343014,-7.175287631848801e-4,0.003572374702643568,0.010997018719152495,0,2404381,0.01,0.015189640499999987,2.5332689999994204e-4,0,-0.03572916666666671,-0.10249166666666532,0,0,68,-1
241,-576451669193,1.7598965643619686,3.092519742755222,0.0010683886699456087,1.9809831047291155e-4,0.010632298153124619,0.021496056683223064,0,2404392,0.011,0.022968970499999974,0.011623116899999963,0,-0.21947916666666673,0.12500833333333472,0,1,69,1
242,-576451669193,1.7599092226157118,3.0925233279546247,0.0012230805114964035,4.4948783633156096e-4,0.035116174821948065,0.031184168104941838,0,2404403,0.011,0.03254353049999999,0.038551566899999945,0,-0.4207291666666667,0.05500833333333466,0,0,69,-1
245,-576451669192,1.7599593368282551,3.0925538745620678,0.0021351248479973576,0.0015460892783526598,0.03253059456306097,0.03354061006932218,0,2404434,0.011,0.03314194049999999,0.03017382689999995,0,-0.009479166666666705,0.011258333333334702,0,0,69,-1
246,-576451669192,1.7599820508632025,3.0925710141170053,0.002420285008522972,0.001881743811760218,0.004224959202968191,0.03371577296899674,0,2404444,0.01,0.03374035049999998,2.5332689999994204e-4,0,-0.0444791666666667,0.002508333333334667,0,0,69,-1
247,-576451669191,1.760006846373545,3.0925913229479405,0.002521786851046831,0.0021887022215341745,0.04639764512282108,0.012221459692519924,0,2404454,0.01,0.009205540499999991,0.052314996899999945,0,-0.2019791666666667,-0.006241666666665369,0,0,69,-1
248,-576451669182,1.7595414832832896,3.0920729207577127,0.0027144798253623406,0.0020158603720211417,0.010654228849849531,-0.014038387892916518,0,2404464,0.01,-0.017722909500000036,0.005639016899999951,0,-0.1144791666666667,-0.032491666666665364,0,1,70,2
249,-576451669170,1.763209994267051,3.089823401875971,0.004532281406829222,9.146210672909411e-4,0.04299083945231852,0.08873514481526322,0,2404475,0.011,0.10315591049999999,0.04752771689999995,0,-0.3682291666666667,0.08125833333333476,0,1,71,1
250,-576451669161,1.7632628134534225,3.0898389461787086,0.005057416026401481,0.00190696480422069,0.0768817685020866,0.09928236453710415,0,2404486,0.011,0.10076227049999999,0.08163708689999996,0,-0.2807291666666667,-0.11124166666666535,0,0,71,-1
251,-576451669151,1.7633168765998182,3.0898621561427473,0.005772535595678949,0.0027749391162105144,0.0390697788189903,0.01136804215516013,0,2404496,0.01,-9.674295000000236e-4,0.03376428689999994,0,0.06052083333333329,0.1775083333333347,0,0,71,-1
252,-576451669141,1.7633765085774635,3.0898904662652966,0.006155957959469531,0.002887429518458183,0.033892336395264254,0.010521185070160456,0,2404506,0.01,0.01040236049999998,0.033165876899999946,0,-0.26322916666666674,0.04625833333333462,0,0,71,-1
253,-576451669131,1.7634397476034525,3.0899199270492534,0.006492514345414019,0.003002069147182676,0.032205711348287404,0.01723908559490657,0,2404516,0.01,0.018181690499999983,0.03196905689999995,0,-0.3244791666666667,0.04625833333333462,0,0,71,-1
254,-576451669120,1.7635061349820362,3.0899508689951984,0.006791453582831555,0.003183719666617227,0.015730082338989693,0.02383825504040892,0,2404526,0.01,0.024764200499999982,0.013418346899999954,0,-0.4119791666666667,0.09000833333333458,0,0,71,-1
255,-576451669109,1.7643304313398467,3.090800662495653,0.007282839805975954,0.003832003206492321,0.01632673445643252,0.04144322541935843,0,2404536,0.01,0.04391332049999998,0.01641039689999995,0,-0.0182291666666667,-0.02374166666666533,0,1,72,2
256,-576451669100,1.764411008821709,3.0908451295964956,0.007385661230875597,0.004259150689070845,-0.033978512037408884,0.022618292469120147,0,2404547,0.011,0.019976920499999974,-0.04103696310000005,0,-0.3069791666666667,-0.2074916666666653,0,0,72,-1
257,-576451669087,1.764483553738504,3.090888630009642,0.007104826015969154,0.004451533210813227,0.0075862889333811745,-0.0012139322819786288,0,2404557,0.01,-0.004557889500000024,0.013418346899999954,0,-0.1407291666666667,-0.049991666666665324,0,0,72,-1
258,-576451669076,1.764583811917272,3.09095110685274,0.007216754662940841,0.004467802899977307,0.010601618675498276,0.01631988771828455,0,2404571,0.014,0.01878010049999997,0.011024706899999943,0,-2.319479166666667,0.09000833333333458,0,0,72,-1
259,-576451669065,1.7646564587658686,3.09099669437281,0.007315631705268511,0.004644147148919119,0.005724874671216287,0.025299481879069247,0,2404581,0.01,0.02655943049999999,0.005040606899999948,0,-0.17572916666666671,0.16875833333333468,0,0,72,-1
260,-576451669056,1.76473755158371,3.0910494348157225,0.007417926306471879,0.004940232516378747,0.03136366595335487,0.03689994184556414,0,2404592,0.011,0.03852763049999998,0.03496110689999995,0,-0.0882291666666667,-0.006241666666665369,0,0,72,-1
261,-576451669044,1.7662145958276332,3.090231533976953,0.008332053923263635,0.004863091538608202,0.01825046550013631,0.015237037053034738,0,2404602,0.01,0.012197590499999989,0.01641039689999995,0,-0.3419791666666667,0.020008333333334738,0,1,73,1
262,-576451669033,1.7663074982309261,3.0902857690877066,0.008554399967435122,0.005004172368551987,0.0323801294977805,-0.0021221762124152485,0,2404613,0.011,-0.004557889500000024,0.03436269689999995,0,-0.0882291666666667,-0.032491666666665364,0,0,73,-1
263,-576451669020,1.7664035177819117,3.090340720173021,0.008905171868955834,0.004985625369310284,0.028870974888515887,9.895909125686954e-4,0,2404624,0.011,0.001426210499999971,0.02837859689999995,0,-0.1844791666666667,0.028758333333334773,0,0,73,-1
264,-576451669013,1.7664938761294935,3.0903906245630024,0.009173146218184977,0.004995319776941438,0.014270197380663197,8.477083817815414e-4,0,2404634,0.01,8.278004999999679e-4,0.012221526899999948,0,-0.3069791666666667,0.0637583333333347,0,0,73,-1
265,-576451669003,1.7665864283696526,3.0904407767795603,0.009332496708633252,0.00502810743713312,0.026117818469441417,0.01814789884489944,0,2404644,0.01,0.020575330499999978,0.027780186899999948,0,-0.2982291666666667,-0.006241666666665369,0,0,73,-1
266,-576451668993,1.766681025135067,3.090491923029704,0.009588356139650384,0.005202999845998599,0.022327864523965145,0.013454537417396198,0,2404654,0.01,0.012796000499999974,0.021796086899999942,0,-0.1932291666666667,0.08125833333333476,0,0,73,-1
267,-576451668982,1.7711529017543786,3.0952332301257286,0.011669730374670196,0.007533001056241896,0.00874237576907735,0.028620870291730615,0,2404664,0.01,0.030748300499999975,0.00683583689999994,0,-0.0882291666666667,0.0637583333333347,0,1,74,2
268,-576451668972,1.7712821124645237,3.09531791853807,0.011812198892630039,0.007861889457977684,0.03908184275246132,0.03783340712768522,0,2404675,0.011,0.03912604049999998,0.04333884689999994,0,-0.0444791666666667,0.05500833333333466,0,0,74,-1
269,-576451668962,1.7714021745175852,3.0953983664186,0.012200869276801371,0.00823066718371434,0.03756726147061246,0.031095326872045713,0,2404685,0.01,0.03014989049999999,0.03735474689999995,0,-0.03572916666666671,0.020008333333334738,0,0,74,-1
270,-576451668951,1.771538721123805,3.0954907763071327,0.0,0.0,0.0,0.0,1,2404696,0.011,0.03014989049999999,0.044535666899999944,0,-0.17572916666666671,-0.05874166666666536,0,0,74,-1
275,-576451668891,1.7715426443552198,3.095496677150714,2.285580197010221e-5,2.8819120187396647e-4,-0.03478102839309777,0.00860418367775916,0,2404746,0.01,0.009205540499999991,-0.03744650310000005,0,-0.2982291666666667,-0.006241666666665369,0,0,74,-1
276,-576451668890,1.7715411364348745,3.0955000175840177,-3.2455263958756784e-4,3.78654631944894e-4,-0.03449463732491518,0.011755431307285822,0,2404756,0.01,0.012197590499999989,-0.03445445310000005,0,-0.2282291666666667,0.08125833333333476,0,0,74,-1
277,-576451668881,1.7715361947820176,3.095504456678018,-6.650316011019335e-4,5.063252701164516e-4,-0.03131073425649392,0.01896528802859173,0,2404766,0.01,0.019976920499999974,-0.030863993100000053,0,0.01677083333333329,0.028758333333334773,0,0,74,-1
278,-576451668871,1.771528189900214,3.0955105327432197,-9.451908234547442e-4,7.060588692944025e-4,-0.007828765105799086,0.026149768615512554,0,2404776,0.01,0.027157840499999992,-0.004533953100000047,0,-0.14947916666666672,0.05500833333333466,0,0,74,-1
279,-576451668861,1.7715185658198334,3.095518922907208,-9.892348616533527e-4,9.710059441778536e-4,0.01657649561603291,0.028608131627365987,0,2404786,0.01,0.028953070499999983,0.02000085689999995,0,-0.0707291666666667,-0.10249166666666532,0,0,74,-1
280,-576451668850,1.771508976213129,3.095531469527209,0.0,0.0,0.0,0.0,1,2404797,0.011,0.04331491049999998,0.04812612689999995,0,-0.12322916666666671,0.09000833333333458,0,0,74,-1
281,-576451668839,1.774106673849489,3.0983424795493795,0.001188737428506037,0.0013113867219042676,0.06739384864103834,0.01751919040978318,0,2404808,0.011,0.019976920499999974,0.07684980689999996,0,-0.3157291666666667,0.09000833333333458,0,1,76,2
282,-576451668828,1.7741237923657789,3.0983579429607824,0.0019250504865866058,0.0015009454516422805,0.06414117712417607,0.015476285446836307,0,2404819,0.011,0.015189640499999987,0.06368478689999994,0,-0.1582291666666667,0.028758333333334773,0,0,76,-1
283,-576451668818,1.7741464040039687,3.0983735023939,0.002589745738554556,0.001621809659455801,0.08053381600682705,-0.008390064143127193,0,2404829,0.01,-0.011738809500000008,0.08283390689999995,0,-0.026979166666666707,-0.006241666666665369,0,0,76,-1
284,-576451668809,1.7741761420584652,3.0983895452290877,0.0033662084280247527,0.0015758163406402322,0.059985465731111576,0.01858554710396398,0,2404839,0.01,0.02237056049999997,0.05710227689999995,0,-0.2107291666666667,0.14250833333333457,0,0,76,-1
285,-576451668798,1.7742128325999917,3.098406182277337,0.003970615848818742,0.0017538101389782787,0.06322959522743388,0.012983611642282039,0,2404849,0.01,0.012197590499999989,0.06368478689999994,0,-0.2107291666666667,0.011258333333334702,0,0,76,-1
286,-576451668786,1.7742600921419234,3.0984263621802475,0.004630709365779245,0.001911596188874237,0.04001380122553168,0.022789853006390307,0,2404860,0.011,0.024165790499999996,0.03675633689999996,0,-0.26322916666666674,0.08125833333333476,0,0,76,-1
287,-576451668777,1.776891230600053,3.096852283105923,0.006044022150368164,0.0013668825939818405,-0.011646944125079012,9.060997884869281e-4,0,2404870,0.01,-0.0021642495000000293,-0.018895793100000047,0,-0.2719791666666667,0.10750833333333465,0,1,77,1
288,-576451668767,1.7769511652059722,3.09686618563241,0.005939266461382531,0.0014053389605177499,-0.003310078870305549,0.02182852439312376,0,2404880,0.01,0.024764200499999982,-0.0021403131000000525,0,-0.1144791666666667,0.18625833333333475,0,0,77,-1
289,-576451668757,1.777010217703,3.096881292131311,0.005878883878861664,0.0016176631902898486,-0.022750561818761915,0.01758086928363734,0,2404890,0.01,0.016984870499999978,-0.025478303100000047,0,-0.2282291666666667,-0.02374166666666533,0,0,77,-1
290,-576451668747,1.777067687190249,3.0968981780647824,0.005622986136376781,0.001766966521213923,-0.04298508772657808,-0.0013089966295368807,0,2404900,0.01,-0.003959479500000021,-0.04582424310000006,0,-0.2107291666666667,-0.02374166666666533,0,0,77,-1
291,-576451668738,1.7771219340241342,3.0969159594228364,0.005219094924275037,0.0017815410358666569,-0.024483803177452097,0.018407299239390995,0,2404910,0.01,0.021173740499999982,-0.021887843100000044,0,-0.1844791666666667,0.028758333333334773,0,0,77,-1
292,-576451668727,1.7771729259514788,3.096934768857543,0.0,0.0,0.0,0.0,1,2404920,0.01,0.02775625049999998,-0.021289433100000043,0,-0.2107291666666667,0.04625833333333462,0,0,77,-1
293,-576451668716,1.7771729173060395,3.096935028679912,0.0,0.0,0.0,0.0,1,2404931,0.011,0.028354660499999983,-9.434931000000467e-4,0,-0.1844791666666667,0.16875833333333468,0,0,77,-1
294,-576451668705,1.7779035386589523,3.097718935642959,2.9880652145474384e-4,3.5427663155287065e-4,5.901641234724034e-8,1.0721564532469785e-7,1,2404942,0.011,0.05827516049999999,0.02837859689999995,0,-0.14947916666666672,-0.032491666666665364,0,1,78,2
295,-576451668695,1.777906648311313,3.0977227274901766,0.0,0.0,0.0,0.0,1,2404952,0.01,0.030748300499999975,0.015213576899999946,0,-0.2019791666666667,-0.014991666666665293,0,0,78,-1
296,-576451668685,1.7779072051549365,3.097723170038846,0.0,0.0,0.0,0.0,1,2404962,0.01,0.055881520499999976,0.07026729689999996,0,-0.17572916666666671,0.09000833333333458,0,0,78,-1
297,-576451668676,1.7779076508067266,3.0977234125088,0.0,0.0,0.0,0.0,1,2404972,0.01,0.030748300499999975,0.05650386689999995,0,-0.0707291666666667,0.14250833333333457,0,0,78,-1
298,-576451668665,1.7779080017562263,3.0977235510635253,0.0,0.0,0.0,0.0,1,2404982,0.01,0.017583280499999982,0.044535666899999944,0,-0.21947916666666673,0.08125833333333476,0,0,78,-1
299,-576451668654,1.7779085129630738,3.097723722606973,0.0,0.0,0.0,0.0,1,2404992,0.01,0.021772150499999966,0.06488160689999994,0,-0.026979166666666707,0.12500833333333472,0,0,78,-1
300,-576451668613,1.78063743211932,3.0960432359421115,0.0011244168938396647,-7.738403187927691e-4,2.2035740007071324e-7,-2.298314452516603e-7,1,2405003,0.011,0.0026230304999999765,0.03017382689999995,0,-0.1407291666666667,-0.006241666666665369,0,1,79,1
303,-576451668612,1.7806499984034803,3.096034687402531,-1.810643622906003e-5,-2.098566423153538e-6,-0.011847720693641713,-0.001373167096487359,0,2405035,0.011,-0.0015658395000000265,-0.013510103100000056,0,-0.2719791666666667,0.002508333333334667,0,0,79,-1
304,-576451668601,1.7806492028061394,3.0960347155309527,-1.3126317501495035e-4,1.951660984214701e-6,-7.108977237109317e-4,0.011052521952812342,0,2405046,0.011,0.012796000499999974,8.51736899999945e-4,0,-0.21947916666666673,-0.21624166666666533,0,0,79,-1
305,-576451668591,1.7806476794904318,3.0960356388616166,-1.4425686475578724e-4,1.566628005987355e-4,-0.004063536260910442,0.03252300498659137,0,2405057,0.011,0.03553558049999998,-0.004533953100000047,0,-0.0882291666666667,0.13375833333333476,0,0,79,-1
306,-576451668580,1.7806461086948278,3.096038772691918,-1.7355220336802717e-4,4.729739391639346e-4,0.0039203661954219805,0.0262436780780183,0,2405067,0.01,0.025362610499999983,0.005040606899999948,0,-0.06197916666666671,0.020008333333334738,0,0,79,-1
307,-576451668569,1.7835101932577815,3.09910148620636,0.0010469222437767371,0.0021488542810537328,0.020646309950210356,0.035966982670392396,0,2405078,0.011,0.03733081049999997,0.02299290689999995,0,-0.4119791666666667,0.11625833333333468,0,1,80,2
308,-576451668557,1.7835228053235723,3.099127341315216,0.00125212568755772,0.002550379933819191,0.006436070095931655,0.0397868812691612,0,2405089,0.011,0.04032286049999998,0.004442196899999945,0,-0.2807291666666667,0.16000833333333464,0,0,80,-1
309,-576451668548,1.7835357157571428,3.099154720847494,0.0013266727825927997,0.0029310298860445298,0.013608750699742895,0.027662256051297622,0,2405099,0.01,0.025961020499999987,0.01461516689999996,0,-0.3332291666666667,0.0637583333333347,0,0,80,-1
310,-576451668535,1.7835496566575122,3.0991854292572536,0.0014617882242781964,0.003209980559208817,0.012916998348967378,0.029319016435000747,0,2405109,0.01,0.029551480499999987,0.012819936899999952,0,-0.2719791666666667,0.05500833333333466,0,0,80,-1
311,-576451668528,1.783564900742889,3.0992189354807254,0.0015878929027928533,0.00349388279852332,0.010732771116932799,0.022700772366215802,0,2405119,0.01,0.021772150499999966,0.01042629689999994,0,-0.2544791666666667,0.09875833333333461,0,0,80,-1
312,-576451668518,1.7835813799148381,3.099255002029383,0.0017051523173660316,0.0037197478516931577,0.01781088902129776,0.021886414961279823,0,2405129,0.01,0.021772150499999966,0.018804036899999946,0,-0.0969791666666667,0.10750833333333465,0,0,80,-1
313,-576451668508,1.7819313265213814,3.1003221098853677,0.001218051239527208,0.00439312683261395,0.02550381729031421,0.010241236166406428,0,2405139,0.01,0.008607130499999989,0.02658336689999995,0,-0.1844791666666667,-0.02374166666666533,0,1,81,1
314,-576451668497,1.7819463589855593,3.1003710067563968,0.0015120510894911549,0.004498788316921702,0.03432218969448728,0.005659539468546153,0,2405150,0.011,0.005016670499999971,0.03555951689999995,0,-0.0882291666666667,0.12500833333333472,0,0,81,-1
315,-576451668486,1.7819632594820807,3.100416331036381,0.0018649989145040442,0.004563515423117544,0.04117981664188351,0.011393100635924735,0,2405160,0.01,0.012197590499999989,0.04214202689999995,0,-0.3419791666666667,0.028758333333334773,0,0,81,-1
316,-576451668476,1.7819838716912761,3.100462504252164,0.0022617619138317947,0.00467253920197757,0.030478530320871947,0.007900382278221926,0,2405170,0.01,0.007410310499999982,0.028977006899999953,0,-0.2282291666666667,0.16875833333333468,0,0,81,-1
317,-576451668466,1.7820106745569424,3.1005144360361214,0.002608633183023634,0.0047675986307017595,0.03808297836385861,0.013243162111996346,0,2405181,0.011,0.01399282049999998,0.03914997689999995,0,-0.07947916666666671,0.09875833333333461,0,0,81,-1
318,-576451668455,1.7820386786458626,3.100562834091651,0.0029915343616841927,0.004909149826026961,0.03954346279028829,0.019673126598338118,0,2405191,0.01,0.020575330499999978,0.03974838689999995,0,-0.2107291666666667,-0.05874166666666536,0,0,81,-1
319,-576451668446,1.7820703971821685,3.1006129401322675,0.00335994111428345,0.005110679242483098,0.02030641386094437,0.023088202870925112,0,2405201,0.01,0.023567380499999974,0.01760721689999996,0,-0.1932291666666667,0.14250833333333457,0,0,81,-1
320,-576451668436,1.7821050189436871,3.1006652239936843,0.0035641021079647218,0.005345096775805456,0.02108800934346121,0.025607527899099692,0,2405211,0.01,0.025961020499999987,0.021197676899999948,0,-0.2544791666666667,0.11625833333333468,0,0,81,-1
321,-576451668426,1.7821415879090952,3.100719939261144,0.003755235899996113,0.0055986616568928635,0.007015197270798952,0.02381841523434194,0,2405221,0.01,0.023567380499999974,0.005040606899999948,0,-0.3069791666666667,0.028758333333334773,0,0,81,-1
322,-576451668416,1.7821795273340513,3.100777185544214,0.0038310578098234146,0.005847581859101702,0.011056124593220529,0.031469928174117034,0,2405231,0.01,0.03254353049999999,0.011623116899999963,0,-0.1932291666666667,0.03750833333333459,0,0,81,-1
323,-576451668407,1.7822183527523334,3.1008372716069026,0.003935689774054198,0.006168020147762119,0.006830354889333297,0.0355600899830819,0,2405241,0.01,0.03613399049999998,0.0062374268999999365,0,-0.2719791666666667,0.002508333333334667,0,0,81,-1
324,-576451668396,1.7822580747850092,3.1009007107605733,0.004007681706838549,0.006520645578584523,0.009459048524737786,0.03343948738967693,0,2405251,0.01,0.03314194049999999,0.009827886899999937,0,-0.26322916666666674,-0.21624166666666533,0,0,81,-1
325,-576451668386,1.7822985143053887,3.1009674501172584,0.004085054174097221,0.00683332082676813,-0.0028121513090790147,0.01796001306128816,0,2405261,0.01,0.015788050499999973,-0.004533953100000047,0,-0.2719791666666667,-0.006241666666665369,0,0,81,-1
326,-576451668376,1.7823392813956662,3.101036711361533,0.00406585894435894,0.007017611691541534,0.0035495685652561513,0.021303077084214233,0,2405271,0.01,0.021772150499999966,0.004442196899999945,0,-0.2544791666666667,-0.032491666666665364,0,0,81,-1
327,-576451668365,1.7823802093627994,3.101107876176516,0.004115706883359332,0.007218702074633529,0.013778351565317263,0.01279321927493121,0,2405281,0.01,0.011599180499999986,0.015213576899999946,0,-0.1932291666666667,0.09875833333333461,0,0,81,-1
328,-576451668352,1.7849608295585375,3.0995975965588194,0.0052918741437936265,0.006634482244905731,0.021859295570640754,0.012795433116827237,0,2405292,0.011,0.012796000499999974,0.02299290689999995,0,-0.24572916666666672,-0.014991666666665293,0,1,82,1
329,-576451668345,1.7850147869498547,3.0996645273938848,0.0055022014707507665,0.006754250283471848,0.01603131498193045,0.007023381107413411,0,2405302,0.01,0.006213490499999994,0.015213576899999946,0,-0.14947916666666672,-0.04124166666666529,0,0,82,-1
332,-576451668250,1.7851890821156817,3.099868442313513,0.006161429871370982,0.006757339588159713,0.03345063691784456,0.00859825187579705,0,2405332,0.01,0.011000770499999982,0.03496110689999995,0,-0.4907291666666667,0.08125833333333476,0,0,82,-1
333,-576451668249,1.7852523714174768,3.099936436262144,0.006496322179487677,0.0068418603729094975,0.03372569310036493,0.007556483540153182,0,2405342,0.01,0.007410310499999982,0.03376428689999994,0,-0.3332291666666667,0.002508333333334667,0,0,82,-1
334,-576451668249,1.785318997653985,3.100005354123489,0.006829944959769099,0.006936389871090085,0.031135651863534657,0.0210725047979524,0,2405352,0.01,0.022968970499999974,0.030772236899999944,0,-0.4644791666666667,-0.014991666666665293,0,0,82,-1
335,-576451668248,1.785395996458572,3.100082952159919,0.007170348942587667,0.00717152651626544,0.029767399680143587,0.02326039265228068,0,2405363,0.011,0.023567380499999974,0.029575416899999946,0,-0.21947916666666673,0.10750833333333465,0,0,82,-1
336,-576451668248,1.7854690156405488,3.1001558867298233,0.007441734601071678,0.0074126992636966964,0.01123183667122736,0.029302156035953437,0,2405373,0.01,0.03014989049999999,0.008631066899999948,0,-0.1582291666666667,-0.05874166666666536,0,0,82,-1
337,-576451668248,1.785544054633494,3.100231599457359,0.007563382730920589,0.00772446065169828,0.01787229771603072,0.04264023264316809,0,2405383,0.01,0.044511730499999985,0.018804036899999946,0,-0.17572916666666671,0.2037583333333346,0,0,82,-1
338,-576451668248,1.7856203770318662,3.1003108634009338,0.0077101122177440995,0.008133282088087659,-0.004925586683660204,0.030112462318371405,0,2405393,0.01,0.028354660499999983,-0.008124413100000064,0,-0.0969791666666667,0.03750833333333459,0,0,82,-1
339,-576451668184,1.785697253823107,3.1003936408375155,0.0,0.0,0.0,0.0,1,2405403,0.01,0.02237056049999997,-0.0021403131000000525,0,-0.21947916666666673,0.0637583333333347,0,0,82,-1
340,-576451668184,1.7858132162932783,3.100517658223002,4.435094112779593e-5,7.417773142883272e-5,-3.026136548944208e-4,0.012795832496222114,0,2405414,0.011,0.014591230499999983,-3.450831000000438e-4,0,-0.26322916666666674,-0.1287416666666653,0,1,83,2
341,-576451668183,1.7858136955306418,3.1005193603062815,4.258199981533265e-5,2.311084483742738e-4,7.09697121386685e-4,0.023291524514088696,0,2405425,0.011,0.024764200499999982,8.51736899999945e-4,0,-0.14947916666666672,0.011258333333334702,0,0,83,-1
342,-576451668183,1.7858142172216187,3.1005226907831407,5.87989387614821e-5,4.4200979338971687e-4,0.0071315860933357,0.007790120121718593,0,2405435,0.01,0.005615080499999991,0.008032656899999945,0,-0.1407291666666667,0.05500833333333466,0,0,83,-1
343,-576451668183,1.7858151974301941,3.100527592371868,1.3564974244183487e-4,5.341914547557448e-4,0.011070445929590035,0.017952589754593726,0,2405445,0.01,0.019378510499999974,0.011623116899999963,0,-0.1844791666666667,0.23875833333333474,0,0,83,-1
344,-576451668183,1.7858172487067516,3.1005337959571544,2.6839179314722605e-4,7.081076038908721e-4,0.026773651996247053,0.013955282385416174,0,2405455,0.01,0.013394410499999978,0.028977006899999953,0,-0.17572916666666671,0.011258333333334702,0,0,83,-1
345,-576451668181,1.7858212603763846,3.100541589240141,0.0,0.0,0.0,0.0,1,2405465,0.01,0.015788050499999973,0.025386546899999942,0,-0.0882291666666667,-0.10249166666666532,0,0,83,-1
346,-576451668172,1.7874849685682108,3.099493699502243,6.5542589951814e-4,-4.7639586442292756e-4,1.2018899929708277e-7,-1.25812996791593e-7,1,2405475,0.01,0.01399282049999998,0.030772236899999944,0,-0.24572916666666672,0.09000833333333458,0,1,84,1
347,-576451668161,1.7874917734592393,3.0994890560066635,0.0,0.0,0.0,0.0,1,2405485,0.01,0.015189640499999987,0.03196905689999995,0,-0.1407291666666667,0.002508333333334667,0,0,84,-1
348,-576451668151,1.7820613678274964,3.0937342650080857,-0.0020825532654541014,-0.0025296342981127357,-3.996456831683087e-7,-7.220370283746877e-7,1,2405496,0.011,0.012197590499999989,0.025386546899999942,0,-0.1407291666666667,0.09875833333333461,0,1,85,2
349,-576451668140,1.7820386235148187,3.093706642033137,0.0,0.0,0.0,0.0,1,2405507,0.011,0.021772150499999966,0.01760721689999996,0,-0.2019791666666667,-0.049991666666665324,0,0,85,-1
350,-576451668130,1.7820387629171666,3.093706904230891,0.0,0.0,0.0,0.0,1,2405517,0.01,0.03194512049999998,0.017008806899999954,0,-0.1932291666666667,-0.10249166666666532,0,0,85,-1
351,-576451668120,1.7820388408980221,3.0937071388059745,1.2110968340055016e-5,3.6416512686599e-5,0.008618591445086678,0.025915249088483854,0,2405527,0.01,0.029551480499999987,0.009827886899999937,0,-0.3594791666666667,0.12500833333333472,0,0,85,-1
353,-576451668012,1.782041152874936,3.0937130770092174,2.1606526817192148e-4,5.016511604191544e-4,0.016106904191795855,0.022496999484152316,0,2405548,0.011,0.022968970499999974,0.017008806899999954,0,-0.2019791666666667,-0.08499166666666536,0,0,85,-1
354,-576451668011,1.7820440675738176,3.093719148892405,3.6932475366196923e-4,7.160440438157771e-4,0.010600503348434095,0.015039237201570315,0,2405558,0.01,0.01399282049999998,0.009827886899999937,0,-0.3507291666666667,0.10750833333333465,0,0,85,-1
355,-576451668011,1.7820482894648864,3.0937270340115166,4.7511514603773607e-4,8.621978954322884e-4,0.010447732542112185,0.012022470366497423,0,2405568,0.01,0.011599180499999986,0.01042629689999994,0,-0.1932291666666667,-0.1287416666666653,0,0,85,-1
356,-576451668011,1.78205354395454,3.0937363623317164,5.766202992093009e-4,9.988399707173167e-4,0.00832982556168632,0.02372114158654,0,2405578,0.01,0.025362610499999983,0.008032656899999945,0,-0.14947916666666672,-0.06749166666666528,0,0,85,-1
357,-576451668011,1.7820597997561318,3.09374740354099,6.713343687148367e-4,0.0012152445948669414,0.01646565846602222,0.008892537833340215,0,2405588,0.01,0.00681190049999998,0.01760721689999996,0,-0.14947916666666672,0.028758333333334773,0,0,85,-1
358,-576451668010,1.782067354806974,3.0937600973782033,8.388682732278401e-4,0.0013192817052174444,0.01851630562664998,0.019662571037349745,0,2405598,0.01,0.021173740499999982,0.018804036899999946,0,-0.06197916666666671,-0.07624166666666532,0,0,85,-1
360,-576451668006,1.782076831271888,3.09377432146018,0.0,0.0,0.0,0.0,1,2405619,0.011,0.015788050499999973,0.02000085689999995,0,-0.17572916666666671,0.04625833333333462,0,0,85,-1
361,-576451668006,1.7820769017850893,3.0937743820001713,1.0734899429890265e-5,9.216582246832096e-6,0.007569036976433954,0.006498491418408191,0,2405629,0.01,0.007410310499999982,0.008631066899999948,0,-0.3769791666666667,-0.049991666666665324,0,0,85,-1
362,-576451668003,1.7820773390570306,3.0937748727660344,7.88861400973464e-5,8.564722993722033e-5,0.0022030601186640237,0.014644994857436856,0,2405639,0.01,0.015788050499999973,0.0014501468999999479,0,-0.3157291666666667,-0.10249166666666532,0,0,85,-1
363,-576451667997,1.7836446102624646,3.0954683989823426,7.2494671181618e-4,0.0010045239267231641,0.020434889373792498,0.02509360438270303,0,2405650,0.011,0.02655943049999999,0.02299290689999995,0,-0.17572916666666671,0.05500833333333466,0,1,87,2
364,-576451667985,1.783654679050576,3.095482263415626,9.564305509139573e-4,0.0013060400277615308,0.012182604931519027,0.025329510009708633,0,2405662,0.012,0.025362610499999983,0.011024706899999943,0,-0.4469791666666667,-0.049991666666665324,0,0,87,-1
365,-576451667975,1.7836648936140655,3.0954965956380054,0.001084331160809709,0.0015601299711074882,0.016414955529470057,0.02588331480665912,0,2405672,0.01,0.025961020499999987,0.017008806899999954,0,-0.3157291666666667,0.04625833333333462,0,0,87,-1
366,-576451667964,1.7836767154923698,3.0955133960569703,0.0012728424076249125,0.0018042909337973897,0.03372860656005339,0.01545591433370241,0,2405682,0.01,0.01399282049999998,0.03615792689999995,0,-0.23697916666666669,0.07250833333333473,0,0,87,-1
367,-576451667954,1.7810552807283127,3.0971801508035433,6.084297970391655e-4,0.002739842708129081,0.026937579288023913,0.027817281054494273,0,2405693,0.011,0.029551480499999987,0.025984956899999946,0,-0.3769791666666667,0.028758333333334773,0,1,88,1
368,-576451667942,1.7810627472374496,3.097208901032021,8.833191083330083e-4,0.003011985425261673,0.030825169670853855,0.02356554227349578,0,2405703,0.01,0.022968970499999974,0.031370646899999945,0,-0.14947916666666672,-0.06749166666666528,0,0,88,-1
369,-576451667934,1.78107308802744,3.0972401564719334,0.001186344415288538,0.003241007334699695,0.027105309496982005,0.018844159202159688,0,2405713,0.01,0.018181690499999983,0.02658336689999995,0,-0.3069791666666667,-0.10249166666666532,0,0,88,-1
370,-576451667922,1.7810862271141004,3.0972734940810174,0.0014449719979763747,0.0034271607426706314,0.018251154805026246,0.01721365105066884,0,2405723,0.01,0.016984870499999978,0.017008806899999954,0,-0.28947916666666673,0.08125833333333476,0,0,88,-1
371,-576451667914,1.7811016739101486,3.097308572698877,0.0016406816881198924,0.003590915972276531,0.027657219206012183,0.011240471763268332,0,2405733,0.01,0.01040236049999998,0.028977006899999953,0,-0.24572916666666672,0.14250833333333457,0,0,88,-1
372,-576451667904,1.7811194315527195,3.097345093857439,0.0019122508827387088,0.0037111253673941216,0.024091615410637257,0.01680281468321146,0,2405743,0.01,0.017583280499999982,0.023591316899999944,0,-0.2019791666666667,-0.014991666666665293,0,0,88,-1
373,-576451667894,1.7811396321153894,3.097383008967719,0.0021334069076758026,0.0038734869060932948,0.010008669214259925,0.012764251139289017,0,2405753,0.01,0.012197590499999989,0.008032656899999945,0,-0.1582291666666667,0.08125833333333476,0,0,88,-1
374,-576451667883,1.781312924034331,3.0975873231966,0.002281190133132252,0.004073352882085871,-0.0022197329737858084,0.005445233808849836,0,2405764,0.011,0.004418260499999968,-0.003935543100000044,0,-0.17572916666666671,0.13375833333333476,0,1,89,2
375,-576451667873,1.7813356778455043,3.097628441167849,0.002267278011455968,0.004145134028561642,0.003622464072441183,0.017664057703954968,0,2405774,0.01,0.019378510499999974,0.004442196899999945,0,-0.2807291666666667,0.04625833333333462,0,0,89,-1
376,-576451667863,1.781358490776732,3.097670808277713,0.002297139592657819,0.004326836210361184,-9.064413967181089e-4,0.0212666605613012,0,2405784,0.01,0.021772150499999966,-0.0015419031000000495,0,-0.2719791666666667,0.04625833333333462,0,0,89,-1
377,-576451667853,1.7813813882444738,3.097715125086007,0.0022836108942869706,0.004537179120160526,-0.004087597391996985,0.01961084236447491,0,2405794,0.01,0.019378510499999974,-0.004533953100000047,0,-0.2019791666666667,-0.07624166666666532,0,0,89,-1
378,-576451667840,1.7814041060488401,3.0977615793276083,0.0022561761860215184,0.00474920119251089,0.005491737239944276,0.03095219747579708,0,2405804,0.01,0.03254353049999999,0.00683583689999994,0,-0.0882291666666667,0.11625833333333468,0,0,89,-1
379,-576451667832,1.7814294275757692,3.097815652895454,0.0023416103719857617,0.005083796158900672,0.02188898879200234,0.027099948842587398,0,2405815,0.011,0.02655943049999999,0.024189726899999948,0,-0.07947916666666671,0.14250833333333457,0,0,89,-1
380,-576451667822,1.7832482435402028,3.0967472181808477,0.0032581063755364216,0.004838964066976234,0.024956315886963225,0.021902804543755833,0,2405825,0.01,0.021173740499999982,0.025386546899999942,0,-0.2019791666666667,-0.006241666666665369,0,1,90,1
381,-576451667811,1.7832855967407957,3.0968017981489955,0.003533202445872073,0.005083729169053017,0.02533360811326957,0.02441211330569041,0,2405836,0.011,0.024764200499999982,0.025386546899999942,0,-0.3507291666666667,-0.014991666666665293,0,0,90,-1
382,-576451667801,1.7833223228501194,3.0968537661102804,0.003805958505133898,0.00531414488312482,0.03902424101498092,0.014750109651005639,0,2405846,0.01,0.013394410499999978,0.04094520689999995,0,-0.2719791666666667,-0.1549916666666653,0,0,90,-1
383,-576451667792,1.7833622919392702,3.0969077007557995,0.004189719963299481,0.0054702980567144024,0.03441151032340938,0.02090810697067281,0,2405856,0.01,0.021772150499999966,0.03376428689999994,0,-0.1407291666666667,0.13375833333333476,0,0,90,-1
384,-576451667781,1.783405876289276,3.0969633945977475,0.004528619844328989,0.005670868638447587,0.030695262622188642,0.014843728185802492,0,2405866,0.01,0.01399282049999998,0.03017382689999995,0,-0.3157291666666667,0.0637583333333347,0,0,90,-1
385,-576451667769,1.7834525846839058,3.097020918929841,0.004817994963064464,0.005830776705058122,0.01816811179514074,0.02301873542074616,0,2405876,0.01,0.024165790499999996,0.01641039689999995,0,-0.2544791666666667,0.05500833333333466,0,0,90,-1
386,-576451667761,1.7835016073259138,3.097080245224025,0.004989413629386451,0.00604028559854038,0.010854129485132678,0.008281331380562276,0,2405886,0.01,0.006213490499999994,0.009827886899999937,0,-0.28947916666666673,-0.049991666666665324,0,0,90,-1
387,-576451667751,1.7861778668980188,3.099967768865439,0.006087734005974319,0.007367595574035681,0.012578231090434067,0.009092147677755505,0,2405896,0.01,0.009205540499999991,0.012819936899999952,0,-0.1144791666666667,0.10750833333333465,0,1,91,2
390,-576451667624,1.7863712367994293,3.1002003161624234,0.006342193205665549,0.007677181397401954,-0.004755191057374262,0.013598020992188955,0,2405927,0.01,0.013394410499999978,-0.006329183100000038,0,-0.2719791666666667,-0.2337416666666653,0,0,91,-1
391,-576451667623,1.7864345651028768,3.1002778801627255,0.006317033042526893,0.007830606063610794,0.011182141185061755,0.026014117855655577,0,2405937,0.01,0.02775625049999998,0.013418346899999954,0,-0.1407291666666667,-0.02374166666666533,0,0,91,-1
392,-576451667623,1.78649822250108,3.100357514829518,0.006417613984674712,0.008095100584352987,0.00317242025693301,0.029116217394948823,0,2405947,0.01,0.029551480499999987,0.002048556899999951,0,-0.0444791666666667,-0.05874166666666536,0,0,91,-1
393,-576451667622,1.7865625861302552,3.1004398637738304,0.006453846015025642,0.008377225896827156,0.006385063184246817,0.022675818481429483,0,2405957,0.01,0.021772150499999966,0.00683583689999994,0,-0.3157291666666667,0.002508333333334667,0,0,91,-1
394,-576451667622,1.7866275086890688,3.1005248334273157,0.00652782359657387,0.0086139170815432,0.01360247443434643,0.029755002966740173,0,2405967,0.01,0.030748300499999975,0.01461516689999996,0,-0.2282291666666667,0.028758333333334773,0,0,91,-1
395,-576451667622,1.7866935646091184,3.100612496463254,0.006679084662291637,0.008917107305175816,0.024461325226312496,0.03377474127513532,0,2405977,0.01,0.034338760499999975,0.025984956899999946,0,-0.3507291666666667,-0.13749166666666535,0,0,91,-1
396,-576451667622,1.7867616141005103,3.1007033324284103,0.006929254341469226,0.009251130762566017,0.028421364229363873,0.031120696022168156,0,2405987,0.01,0.030748300499999975,0.028977006899999953,0,-0.2719791666666667,0.08125833333333476,0,0,91,-1
397,-576451667622,1.7868396537003222,3.100806798787362,0.007256248311006363,0.009567331208520154,0.03782984952448803,0.014001251284308326,0,2405998,0.011,0.011599180499999986,0.03914997689999995,0,-0.3682291666666667,-0.006241666666665369,0,0,91,-1
398,-576451667532,1.7869140646838395,3.1009031672043066,0.007628001711807641,0.009706588962439582,0.03321498914507258,0.013469080651354699,0,2406008,0.01,0.013394410499999978,0.032567466899999946,0,-0.21947916666666673,0.1775083333333347,0,0,91,-1
399,-576451667532,1.7869919576010243,3.101000863241861,0.007952718038446166,0.009834552019383866,0.027924147688423794,0.008680603355430765,0,2406018,0.01,0.008008720499999986,0.02718177689999995,0,0.025520833333333298,-0.04124166666666529,0,0,91,-1
400,-576451667531,1.787072827935109,3.101099708290458,0.00822368141893275,0.009931577903153374,0.022025351316160333,0.015963052420844726,0,2406028,0.01,0.016984870499999978,0.021197676899999948,0,-0.2107291666666667,0.09000833333333458,0,0,91,-1
401,-576451667531,1.7894086914011846,3.099801023566631,0.009334399134749814,0.009464589364117214,0.015002403160694145,0.007412928371959877,0,2406040,0.012,0.006213490499999994,0.014016756899999957,0,-0.3069791666666667,0.08125833333333476,0,1,92,1
402,-576451667531,1.7895026773326939,3.099896054286951,0.009468140377485466,0.009540971561540703,0.0036424933754881424,0.008984964325171423,0,2406050,0.01,0.009205540499999991,0.002048556899999951,0,-0.24572916666666672,-0.014991666666665293,0,0,92,-1
403,-576451667531,1.789597556929031,3.0999920009390145,0.009507028553081776,0.009644382400627777,0.005393349967892929,0.018624389403734738,0,2406060,0.01,0.019976920499999974,0.005639016899999951,0,-0.1844791666666667,0.028758333333334773,0,0,92,-1
404,-576451667530,1.7896929649590374,3.100089381945128,0.0095715763893046,0.009831554527594532,0.01295566951519656,0.01928571789631548,0,2406070,0.01,0.019378510499999974,0.014016756899999957,0,-0.10572916666666671,0.011258333333334702,0,0,92,-1
405,-576451667530,1.7897893180056181,3.100188714386411,0.00969949334845798,0.010032625819429953,0.011787083970173515,0.02513964219345819,0,2406080,0.01,0.025961020499999987,0.011623116899999963,0,-0.2719791666666667,0.011258333333334702,0,0,92,-1
406,-576451667530,1.7898869528660593,3.100290172078236,0.009825262074106663,0.010264415654381794,0.017415842191325207,0.011166189513576317,0,2406090,0.01,0.009205540499999991,0.01820562689999994,0,-0.2719791666666667,-0.06749166666666528,0,0,92,-1
407,-576451667530,1.7899860825016052,3.100393472252335,0.010000392305793086,0.010391336895873368,0.018108445983259808,0.02204144679237932,0,2406100,0.01,0.023567380499999974,0.01820562689999994,0,-0.21947916666666673,0.020008333333334738,0,0,92,-1
408,-576451667529,1.7900870397606572,3.1004984902866832,0.010188959621297114,0.010612156329529106,0.023441441388832272,0.022330063929900522,0,2406110,0.01,0.02237056049999997,0.024189726899999948,0,-0.3594791666666667,0.011258333333334702,0,0,92,-1
409,-576451667464,1.7901901686169635,3.1006057899646176,0.010433867040323659,0.010845079058411382,0.030919756395849575,0.029187681550542986,0,2406120,0.01,0.03014989049999999,0.03196905689999995,0,-0.3157291666666667,0.16875833333333468,0,0,92,-1
410,-576451667463,1.793743964034771,3.0985140050923516,0.012139509014998771,0.010146020998164335,0.06227732556251881,0.020060408392281077,0,2406131,0.011,0.01878010049999997,0.06667683689999995,0,-0.1319791666666667,-0.014991666666665293,0,1,94,1
411,-576451667462,1.7938809928889823,3.0986267775200442,0.01278521167469314,0.010360101270489468,0.036747963559314895,0.01578897558940165,0,2406142,0.011,0.015189640499999987,0.033165876899999946,0,-0.026979166666666707,-0.032491666666665364,0,0,94,-1
412,-576451667462,1.7940238078974258,3.0987415970239467,0.013182971995426224,0.010520011773281395,0.03255708870799354,0.006866951346252672,0,2406153,0.011,0.005615080499999991,0.03196905689999995,0,-0.0707291666666667,0.020008333333334738,0,0,94,-1
413,-576451667462,1.7941570586959867,3.0988471941977442,0.013477250239549916,0.010596811785951473,0.010525546049251606,0.012591223938425012,0,2406163,0.01,0.013394410499999978,0.007434246899999943,0,-0.4644791666666667,0.002508333333334667,0,0,94,-1
414,-576451667461,1.7942924232181185,3.098954007338416,0.01359270755926989,0.010756161196559097,0.01778539052553353,0.03638577883111414,0,2406173,0.01,0.03972445049999999,0.018804036899999946,0,0.0780208333333333,0.05500833333333466,0,0,94,-1
415,-576451667460,1.7944289313098616,3.0990631549367533,0.013722471988173808,0.011083622343905213,-0.01648137953846638,0.010450887905316394,0,2406183,0.01,0.00681190049999998,-0.021289433100000043,0,-0.3419791666666667,0.14250833333333457,0,0,94,-1
416,-576451667454,1.7822385181652647,3.085931245202441,0.008933950109560308,0.005349768159534251,-0.03539233785218093,0.004634413752513075,0,2406193,0.01,0.003819850499999965,-0.038044913100000056,0,-0.3069791666666667,-0.07624166666666532,0,1,95,2
417,-576451667413,1.782334744069936,3.0859906149733893,0.008558703096712446,0.005436496768769389,-0.026173421585664172,0.028059833129913093,0,2406204,0.011,0.03134671049999998,-0.024879893100000043,0,-0.17572916666666671,-0.05874166666666536,0,0,95,-1
418,-576451667328,1.782419179666809,3.0860462924573877,0.008320905911773464,0.005703320599625814,-0.009295741324594872,0.018347615320729267,0,2406214,0.01,0.016984870499999978,-0.006927593100000041,0,-0.2807291666666667,0.002508333333334667,0,0,95,-1
419,-576451667328,1.7825020091514105,3.0861042796820133,0.008241188581517008,0.005892490752369312,1.2789381332589667e-4,0.02240032498436711,0,2406224,0.01,0.022968970499999974,0.0014501468999999479,0,-0.0882291666666667,-0.006241666666665369,0,0,95,-1
420,-576451667327,1.7825845794549098,3.0861643007705646,0.00826618822125196,0.006112775131471116,0.017030764189324952,0.019750336769341376,0,2406234,0.01,0.019378510499999974,0.01940244689999995,0,-0.28947916666666673,-0.06749166666666528,0,0,95,-1
421,-576451667327,1.7826683001869204,3.0862264178239314,0.0084688679128657,0.006310557309919262,0.04010170699666005,0.019949039972025774,0,2406244,0.01,0.019976920499999974,0.04333884689999994,0,-0.14947916666666672,-0.02374166666666533,0,0,95,-1
422,-576451667327,1.7827551373297466,3.0862905682177635,0.008892276444545977,0.006517445310740373,0.05605995626628006,0.02522126221813512,0,2406254,0.01,0.025961020499999987,0.05829909689999995,0,-0.14947916666666672,-0.049991666666665324,0,0,95,-1
423,-576451667327,1.7828468147265848,3.0863570142772785,0.00944532262096404,0.00677130451405404,0.050676695294581596,0.026394772436915414,0,2406264,0.01,0.02655943049999999,0.04992135689999995,0,-0.3594791666666667,0.1775083333333347,0,0,95,-1
424,-576451667326,1.7829438382695375,3.0864259446327686,0.009957787099143826,0.007019255636761861,0.054737294397955716,0.014994070606236976,0,2406274,0.01,0.013394410499999978,0.05530704689999995,0,-0.10572916666666671,0.09000833333333458,0,0,95,-1
425,-576451667325,1.7830458840359866,3.086496916722324,0.010463154104203579,0.0071738549523609595,0.02479986077262397,0.018314239548477083,0,2406284,0.01,0.01878010049999997,0.020599266899999955,0,-0.0882291666666667,0.1512583333333346,0,0,95,-1
426,-576451667325,1.7831516658965438,3.086569607657868,0.010697148060529118,0.007362724871009141,0.014818812039275871,0.02239621818398373,0,2406294,0.01,0.022968970499999974,0.013418346899999954,0,-0.5607291666666667,-0.014991666666665293,0,0,95,-1
427,-576451667325,1.7832591032550031,3.086644382804119,0.010802378596877623,0.007591073447689078,-0.015796854695874444,0.025522381016020706,0,2406304,0.01,0.025961020499999987,-0.020092613100000052,0,-0.3244791666666667,0.0637583333333347,0,0,95,-1
428,-576451667324,1.7833663316412793,3.0867216438355944,0.010643542198911685,0.007857881906968558,-0.016415367999281536,0.033778705588082714,0,2406314,0.01,0.034937170499999975,-0.016502153100000052,0,-0.2982291666666667,0.2300083333333347,0,0,95,-1
429,-576451667226,1.7834718843187325,3.086801765129027,0.010469709472613265,0.008172795610570443,-0.023313578469440703,0.017476975727891673,0,2406324,0.01,0.015189640499999987,-0.02428148310000004,0,-0.17572916666666671,-0.07624166666666532,0,0,95,-1
430,-576451667225,1.782928525035133,3.0861715724586216,0.00999263521018167,0.008063895861104406,-0.007894339798440257,0.028065656163108885,0,2406335,0.011,0.029551480499999987,-0.005730773100000052,0,-0.3069791666666667,0.35250833333333476,0,1,97,2
431,-576451667225,1.783038089883122,3.0862618015012577,0.009923281467534639,0.008347934985670965,0.003448995965621121,0.012051005017642509,0,2406346,0.011,0.009803950499999978,0.005040606899999948,0,-0.4469791666666667,0.1512583333333346,0,0,97,-1
432,-576451667224,1.7831478113964427,3.0863544273032986,0.010011963615200225,0.008490412141536539,0.03633139744932172,0.018476880356528017,0,2406357,0.011,0.019378510499999974,0.04094520689999995,0,-0.3857291666666667,0.2037583333333346,0,0,97,-1
433,-576451667224,1.7832498397713012,3.0864402183520734,0.010389223567122156,0.008669595661963203,0.046150039443876384,0.014544572189781673,0,2406367,0.01,0.01399282049999998,0.04752771689999995,0,-0.4119791666666667,0.23875833333333474,0,0,97,-1
434,-576451667223,1.7833560837133446,3.0865275848852094,0.010857583802286904,0.008806249597635945,0.05103163797794335,0.008288162506580847,0,2406377,0.01,0.007410310499999982,0.05171658689999995,0,-0.4819791666666667,0.43125833333333463,0,0,97,-1
435,-576451667223,1.7834671693290274,3.0866161917651938,0.011361378504392502,0.00890940832088536,0.04638453340589287,0.022736867659975138,0,2406387,0.01,0.024764200499999982,0.04573248689999996,0,-0.2982291666666667,0.18625833333333475,0,0,97,-1
436,-576451667223,1.7835829085745278,3.086706424520882,0.01179496771395667,0.00913706260043407,0.024821630122618243,0.02294041086023504,0,2406397,0.01,0.022968970499999974,0.021796086899999942,0,-0.2982291666666667,0.002508333333334667,0,0,97,-1
437,-576451667223,1.783701816173548,3.0867990272611765,0.01199896301875363,0.00937975578615436,-0.006694375907242336,0.032411446529838774,0,2406407,0.01,0.03374035049999998,-0.011116463100000062,0,-0.1319791666666667,0.14250833333333457,0,0,97,-1
438,-576451667222,1.7838213749511211,3.0868943097023736,0.011917005733766417,0.00968267926789369,-0.01739444102860997,0.017308738121817536,0,2406417,0.01,0.015189640499999987,-0.018895793100000047,0,-0.4557291666666667,0.2037583333333346,0,0,97,-1
439,-576451667193,1.783939555017034,3.0869919899506444,0.011724278412612617,0.0098538954831873,-0.030780932093296125,0.015975167084482322,0,2406427,0.01,0.015788050499999973,-0.032659223100000065,0,-0.4469791666666667,0.5100083333333347,0,0,97,-1
440,-576451667192,1.7771717440442156,3.0794182853794823,0.008834247563879972,0.006631285725750852,-0.004090767800355844,5.913913739024912e-4,0,2406439,0.012,-0.0015658395000000265,-3.450831000000438e-4,0,-0.5082291666666667,0.27375833333333466,0,1,99,2
441,-576451667192,1.7772689509331707,3.0794904495896818,0.008827035890451005,0.006522949497116314,0.020185109690806998,-0.07319487905674169,0,2406450,0.011,-0.08354800950000003,0.023591316899999944,0,-0.4994791666666667,0.03750833333333459,0,0,99,-1
442,-576451667186,1.7773674917288125,3.0795573425073925,0.009080443828664176,0.005656751846478139,0.040489840856663434,-0.11271116380906993,0,2406461,0.011,-0.11825578950000003,0.04333884689999994,0,-0.3944791666666667,0.22125833333333467,0,0,99,-1
443,-576451667176,1.7774699504446458,3.0796129631451064,0.009543459828438468,0.0044474962985713564,0.051909497235210524,-0.09290900797975361,0,2406472,0.011,-0.0901305195,0.05351181689999994,0,-0.2807291666666667,0.028758333333334773,0,0,99,-1
444,-576451667164,1.7775681218413,3.0796526036409144,0.010083931126030277,0.0034898149736194263,0.06695886380130946,-0.11303782622493111,0,2406482,0.01,-0.11586214950000001,0.06907047689999996,0,-0.3594791666666667,0.011258333333334702,0,0,99,-1
445,-576451667155,1.778932647998403,3.078883594604051,0.011214627935388653,0.001820439999977835,0.05359219061334773,-0.23883735898471675,0,2406492,0.01,-0.2564884995,0.05171658689999995,0,-0.2807291666666667,0.05500833333333466,0,1,100,1
448,-576451667020,1.7792942844547073,3.0787446132259437,0.011621203859713354,-0.01328552320742996,-0.030522262908887075,-0.5308167653521616,0,2406523,0.01,-0.5126079795,-0.03146240310000006,0,0.025520833333333298,-0.11999166666666539,0,0,100,-1
449,-576451667019,1.7794091848378357,3.078587248692194,0.01134943730442728,-0.01827670249017081,-0.0066821913260073085,-0.3049376286444937,0,2406533,0.01,-0.2732439795,-0.003337133100000041,0,-0.23697916666666669,-0.24249166666666533,0,0,100,-1
450,-576451667018,1.7795226921205316,3.0783899277998086,0.01133680276937599,-0.021217863601198567,0.03193611827852012,-0.22781473906323252,0,2406543,0.01,-0.21699343950000002,0.03735474689999995,0,-0.3157291666666667,0.020008333333334738,0,0,100,-1
451,-576451667017,1.7796485013749932,3.0781401223571576,0.011567207963181336,-0.024107390944136654,-0.047276358493420434,-0.47913925721238,0,2406554,0.011,-0.5144032095000001,-0.05839085310000007,0,-0.1319791666666667,0.05500833333333466,0,0,100,-1
452,-576451667017,1.779771075595863,3.0778399538688284,0.01078949128193149,-0.030234433383642026,-0.21445641427214904,-1.0348413078902714,0,2406565,0.011,-1.1128132095,-0.23791385310000002,0,-0.0707291666666667,-0.02374166666666533,0,0,100,-1
453,-576451667017,1.7798768469332973,3.0774423607196,0.008439217131810273,-0.04195967489084608,-0.2087886156604907,-1.2564539259306586,0,2406576,0.011,-1.2875489295000002,-0.20799335310000008,0,-0.2282291666666667,-0.21624166666666533,0,0,100,-1
454,-576451667016,1.7799516732456298,3.07695874929877,0.006483506856234868,-0.05470456615869522,-0.11573041481045761,-1.3834304461846711,0,2406586,0.01,-1.4012468295,-0.10267319310000005,0,-0.1407291666666667,-0.032491666666665364,0,0,100,-1
455,-576451667016,1.7800114527373196,3.076347356420724,0.005439635690671008,-0.06779020109133341,-0.03500925471970348,-0.8506623608468227,0,2406596,0.01,-0.7759083794999999,-0.023683073100000052,0,-0.3857291666666667,0.11625833333333468,0,0,100,-1
456,-576451667016,1.780064787515205,3.0756310562852707,0.0051970133032645405,-0.07565173990108884,0.04156997900735311,-0.39099895594751316,0,2406606,0.01,-0.3265024695,0.052314996899999945,0,-0.3244791666666667,0.2562583333333346,0,0,100,-1
457,-576451667015,1.7801214672983148,3.0748583077504974,0.006023560888410383,-0.07904350510135737,0.3343725574416066,-0.021671359686643965,0,2406616,0.01,0.03014989049999999,0.3754563969,0,-0.5169791666666668,0.5975083333333346,0,0,100,-1
458,-576451667015,1.7801988961162436,3.0740668815357863,0.009441401732902093,-0.07924578793467281,0.38719401075934523,-0.011386651792165928,0,2406626,0.01,-0.009943579500000016,0.39460551689999995,0,-0.7007291666666667,0.5625083333333347,0,0,100,-1
459,-576451667010,1.7804954062528626,3.0734787279158624,0.013036349737013352,-0.0795720425224452,0.14075093611354775,-0.22790367572907685,0,2406636,0.01,-0.2582837295,0.10617189689999995,0,-0.2982291666666667,0.3175083333333346,0,1,101,2
460,-576451667000,1.779146454900077,3.073535662079506,0.01385639892824838,-0.08228009263620603,0.036433049531862986,-0.6418310228684962,0,2406647,0.011,-0.6999103095,0.021796086899999942,0,-0.3857291666666667,0.32625833333333465,0,1,102,1
461,-576451666989,1.7792987218936025,3.0725853005172987,0.013925958393375565,-0.0902663906188714,-0.17844210882869335,-1.2427303486704901,0,2406658,0.011,-1.3270439895,-0.20859176310000005,0,-0.03572916666666671,-0.2599916666666653,0,0,102,-1
462,-576451666979,1.7794277816070347,3.071618100774378,0.011948231454780172,-0.10305729835008368,-0.31456036996433856,-1.4987671196030463,0,2406668,0.01,-1.5346922595,-0.33365945310000006,0,0.2705208333333333,-0.2687416666666653,0,0,102,-1
463,-576451666968,1.7795308286156652,3.070513130747961,0.008692813086549319,-0.11796092840549277,-0.39270829791826856,-1.4389605274068715,0,2406678,0.01,-1.4305689195,-0.4036734231000001,0,-0.1582291666666667,-0.032491666666665364,0,0,102,-1
464,-576451666957,1.779603896630897,3.0691319179006715,0.004548990221346415,-0.1332912317611418,-0.2774272117167006,-1.112536926158211,0,2406689,0.011,-1.0667356395,-0.26125184310000005,0,-0.2719791666666667,-0.04124166666666529,0,0,102,-1
465,-576451666945,1.7837702746733632,3.0721583797454364,0.0034793538068340407,-0.1428238527661204,0.010167118232119523,-0.6661931430506134,0,2406700,0.011,-0.6035662995000001,0.05051976689999994,0,-0.4557291666666667,0.18625833333333475,0,1,103,2
466,-576451666937,1.7838075413407992,3.070700514626398,0.0038861375815786746,-0.14891967322649893,0.22502829449027678,-0.26754327825543645,0,2406710,0.01,-0.21160774950000003,0.25517598689999993,0,-0.4644791666666667,0.5100083333333347,0,0,103,-1
467,-576451666927,1.7838580809979063,3.069199626836919,0.0062030678863376956,-0.15133297182069744,0.2724574825650488,-0.08099883278044934,0,2406720,0.01,-0.054824329500000026,0.27911238689999995,0,-0.5257291666666667,0.6150083333333347,0,0,103,-1
468,-576451666916,1.7839331169029327,3.0676814766903053,0.008831255249502632,-0.15226319491392273,0.2037751512720587,-0.16667392031378023,0,2406730,0.01,-0.17869519950000004,0.19413816689999996,0,-0.6044791666666667,0.6412583333333346,0,0,103,-1
469,-576451666907,1.7840306604749767,3.066149213855701,0.010719452072815171,-0.15413249409145455,0.09719062948540434,-0.31103420768646195,0,2406740,0.01,-0.33128974950000006,0.08223549689999994,0,-0.4032291666666667,0.3350083333333347,0,0,103,-1
470,-576451666896,1.7841420544831423,3.064590560395268,0.01158827850810958,-0.15752032123079457,0.023726304409995194,-0.5087959500984752,0,2406750,0.01,-0.5365443795,0.013418346899999954,0,-0.1932291666666667,0.011258333333334702,0,0,103,-1
471,-576451666886,1.788646854073449,3.0602164212285348,0.013557381450583685,-0.1637563198995216,0.07188774425810651,-0.43027399317188775,0,2406760,0.01,-0.4192560195,0.07864503689999995,0,-0.1844791666666667,-0.3387416666666654,0,1,104,1
472,-576451666876,1.7888006821610503,3.058392465328883,0.014394843364741715,-0.1679908519125348,0.10247809994998228,-0.10364630244749895,0,2406771,0.011,-0.05781637950000002,0.10677030689999994,0,-0.1319791666666667,-0.3649916666666654,0,0,104,-1
473,-576451666866,1.788949619378386,3.0567118762913985,0.01539817115565672,-0.1683414047762565,0.08735018176651888,0.379981132862849,0,2406781,0.01,0.44784007049999996,0.08522754689999994,0,-0.0444791666666667,-0.32999166666666535,0,0,104,-1
474,-576451666855,1.7891078287035562,3.0550494278195877,0.016249887846478215,-0.16423605514732167,0.07184452340626285,0.5974481554732929,0,2406791,0.01,0.6279614805,0.06966888689999995,0,-0.1932291666666667,-0.08499166666666536,0,0,104,-1
475,-576451666845,1.7892739923353194,3.0534375201655597,0.01697964809500763,-0.15817099737009105,0.07990736066235063,0.6619908575383159,0,2406801,0.01,0.6710470005,0.08103867689999995,0,-0.2544791666666667,0.11625833333333468,0,0,104,-1
476,-576451666713,1.7894475431658126,3.051885218082466,0.017741087630795627,-0.15212754650675075,0.05308627801383249,0.25116043310037056,0,2406811,0.01,0.19351582049999996,0.04932294689999995,0,-0.4119791666666667,0.12500833333333472,0,0,104,-1
477,-576451666713,1.7896272910938462,3.0503724584075482,0.01822240362162615,-0.15024721925290732,0.017774603532859222,-0.1987466379076258,0,2406821,0.01,-0.2618741895000001,0.012819936899999952,0,-0.3682291666666667,0.002508333333334667,0,0,104,-1
478,-576451666713,1.7898098980562682,3.0488570149377026,0.018321156608786672,-0.15270850683586798,-0.038523350691054246,-0.5364366635308706,0,2406831,0.01,-0.5838187695000001,-0.04642265310000006,0,-0.4907291666666667,-0.06749166666666528,0,0,104,-1
479,-576451666712,1.7899916068415402,3.047301692747574,0.018002044970583875,-0.15829390431812068,0.008601390276559574,-0.693964295633184,0,2406841,0.01,-0.7160673795,0.015213576899999946,0,-0.3157291666666667,-0.11999166666666539,0,0,104,-1
480,-576451666712,1.7901728308214144,3.0456859228496063,0.01820885312591032,-0.16494191465706293,0.09469088169960563,-0.4861191111045789,0,2406851,0.01,-0.4569558495,0.10677030689999994,0,-0.2807291666666667,-0.09374166666666528,0,0,104,-1
481,-576451666712,1.7903606495953623,3.0440155440023218,0.01931126393822938,-0.16928050856566382,0.20551641737652368,-0.11366655971486161,0,2406861,0.01,-0.061406839500000004,0.22106661689999996,0,-0.3857291666666667,-0.5399916666666653,0,0,104,-1
482,-576451666711,1.7905650705296008,3.042322097267589,0.021527673458438836,-0.16962979620216215,0.3204352122567044,0.4474939844404654,0,2406871,0.01,0.5262317805,0.33655974689999996,0,-0.4644791666666667,-0.21624166666666533,0,0,104,-1
483,-576451666711,1.7907964253460258,3.040649812766279,0.024740821478992033,-0.16489892481113727,0.32670400710139236,0.6298951858381971,0,2406881,0.01,0.6554883404999999,0.32758359689999994,0,-0.2719791666666667,-0.17249166666666538,0,0,104,-1
484,-576451666710,1.7910589922771847,3.039031840991886,0.02782412562011712,-0.15867451243632202,0.1957562798888643,0.5767712488566644,0,2406891,0.01,0.5693173005000001,0.17738268689999998,0,-0.3332291666666667,0.05500833333333466,0,0,104,-1
485,-576451666709,1.7913460562093826,3.0374686988536226,0.029630959187166243,-0.15372445960089479,0.08833227008394991,-0.0059709141860695425,0,2406901,0.01,-0.08773687950000003,0.07325934689999995,0,-0.2544791666666667,0.14250833333333457,0,0,104,-1
486,-576451666709,1.79164618746254,3.0359269188124323,0.030421365961888148,-0.1544458612720212,0.022111529511759306,-0.4775560465734315,0,2406911,0.01,-0.5437252995000001,0.012819936899999952,0,-0.4644791666666667,-0.02374166666666533,0,0,104,-1
487,-576451666709,1.7919512166106562,3.034356151565151,0.030597177126165227,-0.15960105395203633,-0.010176510015948402,-0.7481181280719191,0,2406921,0.01,-0.7860813495000001,-0.014706923100000062,0,-0.3682291666666667,-0.09374166666666528,0,0,104,-1
488,-576451666709,1.7922566815802392,3.0327235769927454,0.030495728093942964,-0.16695075667837633,-0.009951249893722307,-0.6544139849379192,0,2406931,0.01,-0.6412661295000001,-0.009919643100000056,0,-0.2019791666666667,-0.05874166666666536,0,0,104,-1
489,-576451666705,1.7943539017231669,3.032994765971101,0.031126144718347525,-0.17221318044177536,0.03153399079882592,-0.3673756762437009,0,2406941,0.01,-0.3271008795,0.03735474689999995,0,-0.2544791666666667,-0.04124166666666529,0,1,105,2
490,-576451666695,1.7926231120265363,3.0324035277932895,0.03083000562009989,-0.1747500132360016,0.12742480904787293,0.2252570112137016,0,2406952,0.011,0.3084105405,0.14087967689999994,0,-0.2982291666666667,0.05500833333333466,0,1,106,1
491,-576451666684,1.7939333131460073,3.0315421996745684,0.032660402163067946,-0.1713048619222511,0.17123558992733282,0.5505967225652842,0,2406963,0.011,0.5962457505000001,0.17738268689999998,0,-0.3244791666666667,-0.014991666666665293,0,1,107,2
492,-576451666673,1.794302014889676,3.029691275970742,0.03441221487169706,-0.16523187026226055,0.08583984135903665,0.561241233387106,0,2406974,0.011,0.5627347905,0.07385775689999996,0,-0.28947916666666673,-0.006241666666665369,0,0,107,-1
493,-576451666664,1.794649197149946,3.0280636186028693,0.03508350960508097,-0.1601348825415636,-0.045891420469999014,0.19835561163030024,0,2406984,0.01,0.14743825049999998,-0.06437495310000006,0,-2.310729166666667,0.10750833333333465,0,0,107,-1
494,-576451666653,1.7949965558738226,3.0264665809976248,0.03444105585219759,-0.15902157033267414,-0.176502040444732,-0.4209275746496023,0,2406994,0.01,-0.5078206995,-0.19482833310000008,0,-0.4207291666666667,0.04625833333333462,0,0,107,-1
495,-576451666643,1.7953315719493408,3.0248523817156494,0.03258719944585865,-0.16368907922225734,-0.23980328241341417,-0.7474474713882002,0,2407004,0.01,-0.7932622695,-0.2486852331000001,0,-0.2719791666666667,0.09000833333333458,0,0,107,-1
496,-576451666633,1.795645388504507,3.0231770973174124,0.030178973711899794,-0.17132301735110836,-0.24706755535660782,-0.8610936927337411,0,2407014,0.01,-0.8770396694999999,-0.2480868231000001,0,-0.12322916666666671,-0.18999166666666534,0,0,107,-1
497,-576451666622,1.793148194898769,3.023183886972694,0.026640945301922483,-0.17884432917584842,-0.2511102834483871,-0.656770009681608,0,2407024,0.01,-0.6281011095000001,-0.2516772831000001,0,-0.3507291666666667,-0.3387416666666654,0,1,108,1
498,-576451666611,1.793402293076964,3.021365098865468,0.024164497029136908,-0.1850203766573829,-0.22641820804663074,-0.3776365603270138,0,2407034,0.01,-0.3384706695,-0.22295360310000004,0,-0.2282291666666667,-0.10249166666666532,0,0,108,-1
499,-576451666602,1.7936334155222944,3.019498922793374,0.02202460044060608,-0.18834209751996164,-0.13784122436783752,-0.053612895291341056,0,2407044,0.01,-0.008148349500000025,-0.12541277310000004,0,-0.24572916666666672,-0.13749166666666535,0,0,108,-1
500,-576451666593,1.7938474427297497,3.0176143957141384,0.02075131310323042,-0.18863231105558068,-0.06291923852523561,0.12164988500467866,0,2407054,0.01,0.1462414305,-0.05240675310000006,0,-0.2982291666666667,-0.06749166666666528,0,0,108,-1
501,-576451666583,1.7940515862410351,3.015732712831093,0.020087194746712642,-0.18764105865071898,-0.0878108068215699,-0.03888219435631027,0,2407064,0.01,-0.061406839500000004,-0.09130340310000007,0,-0.1669791666666667,0.03750833333333459,0,0,108,-1
502,-576451666572,1.794247427200788,3.0138511066218463,0.019109066533657293,-0.18853768220413317,-0.15909468884014363,-0.4007899983500314,0,2407074,0.01,-0.4515701595,-0.16909670310000008,0,-0.3157291666666667,0.37875833333333464,0,0,108,-1
503,-576451666563,1.794448206156172,3.011750866886179,0.01738888706389893,-0.19324979997997313,-0.13952801108099064,-0.5996063020484008,0,2407085,0.011,-0.6275026995,-0.13678256310000006,0,-0.4207291666666667,0.3087583333333346,0,0,108,-1
504,-576451666551,1.7905191384283001,3.0051403665895466,0.014415387768638203,-0.2019900206116878,-0.06417672737704133,-0.6917670481082501,0,2407096,0.011,-0.7046975894999999,-0.05360357310000006,0,-0.4294791666666667,0.21250833333333463,0,1,109,2
506,-576451666406,1.7907968911900938,3.000967686202813,0.013487117440723784,-0.21497438935259675,-0.02704100680244764,-0.48783540475766407,0,2407116,0.01,-0.4671288195,-0.026076713100000048,0,-0.2107291666666667,-0.14624166666666538,0,0,109,-1
507,-576451666405,1.7909301437052993,2.9987963711401817,0.013175179131346923,-0.21941263148936752,-0.056632446477184586,-0.17422712705098192,0,2407126,0.01,-0.13022398950000003,-0.060784493100000045,0,-0.2282291666666667,-0.014991666666665293,0,0,109,-1
508,-576451666405,1.7910591678698975,2.996595507095903,0.012625099537238076,-0.22084671808420775,-0.045055054963859614,0.04540968680466195,0,2407136,0.01,0.07622746049999998,-0.04343060310000005,0,-0.1319791666666667,-0.16374166666666534,0,0,109,-1
509,-576451666404,1.791183772989739,2.9943901001439457,0.012269325379621297,-0.22026928641230387,0.02249144392546562,0.13330957424630158,0,2407146,0.01,0.14564302049999997,0.03196905689999995,0,-0.4119791666666667,-0.05874166666666536,0,0,109,-1
510,-576451666404,1.791319925426831,2.9919743347044228,0.0124917735997945,-0.218929735413774,0.006138331710611976,0.05019029765790621,0,2407157,0.011,0.03852763049999998,0.0038437868999999423,0,-0.4207291666666667,0.10750833333333465,0,0,109,-1
511,-576451666404,1.7914571293740011,2.989565742121191,0.012476926939698913,-0.21886334537244365,-0.04730204440190065,-0.26493288233719575,0,2407168,0.011,-0.30914857949999996,-0.05480039310000005,0,-0.3244791666666667,0.12500833333333472,0,0,109,-1
512,-576451666404,1.7915794423528855,2.9873617219377953,0.011990096660396491,-0.2218367752970698,-0.05702640455725033,-0.493152536656591,0,2407178,0.01,-0.5251745895,-0.05839085310000007,0,-0.2719791666666667,0.3087583333333346,0,0,109,-1
513,-576451666403,1.7916970418016887,2.985118233264409,0.011505167417352639,-0.2268402084335161,0.003700752330097458,-0.5443245590150404,0,2407188,0.01,-0.5515046295,0.012221526899999948,0,-0.24572916666666672,0.12500833333333472,0,0,109,-1
514,-576451666403,1.791824147723747,2.982592331942993,0.011593328237173597,-0.23249614886949818,0.034788043700241356,-0.32706603901945897,0,2407199,0.011,-0.2965819695,0.03914997689999995,0,-0.2019791666666667,0.0637583333333347,0,0,109,-1
515,-576451666403,1.7919418462710754,2.9802529923175896,0.011945145375285028,-0.2354661595347423,0.03756369810324131,-0.11508658980328759,0,2407209,0.01,-0.08534323950000001,0.03795315689999995,0,-0.21947916666666673,-0.1812416666666653,0,0,109,-1
516,-576451666402,1.7920632454442855,2.9778955697890135,0.01233158451586914,-0.236152002749608,0.04525211630706891,0.21589249316095702,0,2407219,0.01,0.26233297050000004,0.04633089689999995,0,-0.3507291666666667,-0.09374166666666528,0,0,109,-1
517,-576451666402,1.792188931520956,2.9755454985888177,0.012800898719580286,-0.23389100134431598,0.05721847772593124,0.28863000405009187,0,2407229,0.01,0.2988359805,0.05889750689999995,0,-0.3507291666666667,-0.10249166666666532,0,0,109,-1
518,-576451666402,1.7923198240941984,2.973221185380566,0.013376622224371588,-0.23097888870227565,0.05974046127551689,0.30702615234517583,0,2407239,0.01,0.3096073605,0.060094326899999946,0,-0.28947916666666673,0.12500833333333472,0,0,109,-1
519,-576451666395,1.789613122833908,2.9727278312735574,0.012952266117504024,-0.227389435115456,0.10990441115452995,0.08678441406688302,0,2407249,0.01,0.055881520499999976,0.11694327689999996,0,-0.3332291666666667,0.11625833333333468,0,1,110,1
520,-576451666387,1.7933660579818944,2.9743727443710135,0.015484426128941705,-0.22496277269536502,0.14756407279470274,-0.06993546152934849,0,2407259,0.01,-0.0919257495,0.15284787689999996,0,-0.28947916666666673,0.3350083333333347,0,1,111,2
521,-576451666378,1.7935460384551734,2.9718931168273848,0.017213213870822457,-0.2258503921466081,0.21674531862061525,-0.14747017581436977,0,2407270,0.011,-0.15834925950000006,0.22645230689999998,0,-0.4557291666666667,0.32625833333333465,0,0,111,-1
522,-576451666366,1.7937290376757795,2.9696278879236475,0.019385297177026597,-0.22722623989879584,0.22001011535690154,-0.07776925468131944,0,2407280,0.01,-0.06798934950000002,0.22046820689999994,0,-0.4469791666666667,0.10750833333333465,0,0,111,-1
523,-576451666335,1.7960998142957838,2.965774071676624,0.02257600131918131,-0.22828050497415647,0.18420241769846188,0.19949299533970222,0,2407291,0.011,0.23839657050000002,0.17917791689999993,0,-0.2019791666666667,0.028758333333334773,0,1,112,1
524,-576451666333,1.796358620946928,2.9632760101793814,0.02450402802147883,-0.22594855274542885,0.12049634093768039,0.2887111982126731,0,2407302,0.011,0.30122962049999996,0.11155758689999995,0,-0.3332291666666667,0.002508333333334667,0,0,112,-1
525,-576451666332,1.7966088414315562,2.9610313919049895,0.025580852943102823,-0.22299591787298081,0.030267451121742686,0.3348493364911424,0,2407312,0.01,0.3413230905,0.01760721689999996,0,-0.2982291666666667,-0.16374166666666534,0,0,112,-1
526,-576451666325,1.7968654974623886,2.958817813202466,0.025780172256391457,-0.21970360302928724,-0.0432834656931603,0.2948708928278771,0,2407322,0.01,0.2892614205,-0.05360357310000006,0,-0.2019791666666667,-0.2687416666666653,0,0,112,-1
527,-576451666316,1.7971210252561685,2.956634419055594,0.025330217861275896,-0.21692676537910072,-0.05548237462127297,0.1724015507247371,0,2407332,0.01,0.1552175805,-0.05719403310000006,0,-0.1932291666666667,-0.04124166666666529,0,0,112,-1
528,-576451666301,1.7973721622910823,2.9544717450790188,0.02487048536320697,-0.21551916883601366,0.01228717687373939,-0.05310364843867016,0,2407342,0.01,-0.08474482950000004,0.021796086899999942,0,-0.0532291666666667,0.2037583333333346,0,0,112,-1
529,-576451666295,1.797622093926348,2.9523130831135456,0.025088999212735733,-0.21617749862860478,0.08045064541782951,-0.1438247340879302,0,2407352,0.01,-0.15655402950000002,0.09001482689999994,0,-0.2807291666666667,0.1512583333333346,0,0,112,-1
530,-576451666284,1.7984727870012447,2.9505387754474457,0.02623420103171925,-0.21751364115620714,0.10773001254111661,-0.16600795582428535,0,2407363,0.011,-0.1691206395,0.11155758689999995,0,-0.2107291666666667,-0.02374166666666533,0,1,113,2
531,-576451666273,1.7987676219366213,2.9481369861781204,0.027383151228379577,-0.21920967063762614,0.08432297506135494,-0.08162461111926379,0,2407374,0.011,-0.06978457950000005,0.08103867689999995,0,-0.21947916666666673,0.03750833333333459,0,0,113,-1
532,-576451666263,1.7990450122000015,2.9459416235321516,0.028126898470304293,-0.21990236497980356,0.01427131509685814,0.005376012177985112,0,2407384,0.01,0.017583280499999982,0.004442196899999945,0,-0.3857291666666667,0.09000833333333458,0,0,113,-1
533,-576451666254,1.7993267597515483,2.943744157957714,0.028233164006380068,-0.21964846799083546,-0.011666004870039565,0.14780029427856958,0,2407394,0.01,0.1677841905,-0.015305333100000047,0,-0.2107291666666667,-0.11999166666666539,0,0,113,-1
535,-576451666182,1.7998889274947956,2.9393828672120366,0.027974496195295014,-0.2163616530545321,0.011715322638286941,0.17264022827115602,0,2407414,0.01,0.17197306049999997,0.01581198689999995,0,-0.3244791666666667,-0.27749166666666536,0,0,113,-1
536,-576451666181,1.800169667695071,2.937227368224246,0.028155596648770414,-0.21471559531418227,0.05729008195829302,0.11537921242006871,0,2407424,0.01,0.10734478049999999,0.06368478689999994,0,-0.2719791666666667,0.028758333333334773,0,0,113,-1
537,-576451666181,1.8004543601452994,2.935085224851285,0.0287709733978209,-0.21367992955158488,0.08756246540597026,0.03119114262343456,0,2407434,0.01,0.019378510499999974,0.09181005689999995,0,-0.12322916666666671,-0.11124166666666535,0,0,113,-1
538,-576451666181,1.8007462975916115,2.9329488170681968,0.02962310782112226,-0.2135504359697392,0.07082108987723351,-0.09881718582814572,0,2407444,0.01,-0.11705896950000003,0.06847206689999995,0,-0.1669791666666667,0.05500833333333466,0,0,113,-1
539,-576451666180,1.8010456881772259,2.9308074501828276,0.030271731079455664,-0.21468254792382044,0.028353260913076148,-0.20140260999448759,0,2407454,0.01,-0.21579661949999998,0.022394496899999946,0,-0.2282291666666667,-0.1549916666666653,0,0,113,-1
540,-576451666180,1.801349601755202,2.928650266716982,0.030520687463958723,-0.2167415295945794,0.003710949360569326,-0.23344223242145287,0,2407464,0.01,-0.23793778950000008,2.5332689999994204e-4,0,-0.3069791666666667,-0.049991666666665324,0,0,113,-1
541,-576451666171,1.7980895686332445,2.928736713696269,0.02915085267582227,-0.217766309608785,-0.009817055883895314,-0.05003886325282531,0,2407474,0.01,-0.024305419500000015,-0.011714873100000064,0,-0.2107291666666667,-0.04124166666666529,0,1,114,1
542,-576451666162,1.7972175945355826,2.9250557633067253,0.02871248283643954,-0.21873967634283725,0.07615633425856119,0.059640979540513825,0,2407485,0.011,0.07503064049999998,0.08821959689999996,0,-0.12322916666666671,-0.21624166666666533,0,1,115,2
543,-576451666152,1.7975391709871347,2.922654216241344,0.029713712561251115,-0.21794150377047622,0.1822447010275056,0.15185356862553756,0,2407496,0.011,0.16479214050000002,0.19713021689999996,0,-0.4119791666666667,-0.10249166666666532,0,0,115,-1
544,-576451666141,1.7978455423126762,2.920482735958246,0.0315546975976757,-0.2163710827857818,0.19529859359462257,0.18838939074496788,0,2407506,0.01,0.19351582049999996,0.19713021689999996,0,-0.23697916666666669,0.18625833333333475,0,0,115,-1
545,-576451666131,1.7981709495604692,2.918328133761552,0.033522476905441204,-0.2145354410122198,0.20582605348668453,0.1540515115553056,0,2407516,0.01,0.1492334805,0.20730318689999996,0,-0.3682291666666667,0.028758333333334773,0,0,115,-1
546,-576451666121,1.7985162884728458,2.916189816092621,0.03555309684193318,-0.2130988049838202,0.18613034017247027,0.08003095429589631,0,2407526,0.01,0.06964495049999998,0.18336678689999997,0,-0.3769791666666667,0.2037583333333346,0,0,115,-1
547,-576451666110,1.7988809438478197,2.914062752461263,0.03738596398239908,-0.21231053908752057,0.16586440884409875,0.07144769799516537,0,2407536,0.01,0.07024336049999999,0.1630208469,0,-0.3332291666666667,0.18625833333333475,0,0,115,-1
548,-576451666097,1.799302099487373,2.9117326351184505,0.03919225046412235,-0.21138206388807737,0.15392474944846993,0.16485145321796452,0,2407547,0.011,0.17795716049999996,0.15224946689999996,0,-0.3419791666666667,-0.02374166666666533,0,0,115,-1
549,-576451666088,1.799242909330169,2.909733831497962,0.04061332871374508,-0.2093847232331156,0.10417604854030549,0.1884144654694061,0,2407558,0.011,0.19172059049999998,0.09719574689999995,0,-0.2107291666666667,-0.2074916666666653,0,1,116,1
550,-576451666078,1.799694917062901,2.9074402333650458,0.04161214644645912,-0.20756359225698626,0.008842524694676696,0.025484174523858705,0,2407569,0.011,0.0026230304999999765,-0.004533953100000047,0,-0.23697916666666669,-0.25124166666666536,0,0,116,-1
551,-576451666067,1.8001513249994872,2.9051574730841403,0.04144508674587234,-0.20743975022752986,-0.162420292168784,-0.07590443759380441,0,2407580,0.011,-0.0901305195,-0.18645059310000003,0,-0.14947916666666672,-0.08499166666666536,0,0,116,-1
552,-576451666057,1.8005575851125808,2.9030792913239103,0.03981033146251712,-0.20819713473363904,-0.1698495201196699,-0.0747358297052488,0,2407590,0.01,-0.07457185950000003,-0.17089193310000006,0,-0.1932291666666667,-0.17249166666666538,0,0,116,-1
553,-576451666048,1.800947886214607,2.900993665280107,0.03821895566407848,-0.20893175444248158,-0.093621413497516,-0.06567082261594966,0,2407600,0.01,-0.06439888950000004,-0.08292566310000006,0,-0.0969791666666667,-0.13749166666666535,0,0,116,-1
554,-576451666036,1.801326475154249,2.8989011403207807,0.03745129889078685,-0.2095765867891266,0.026486249583027074,-0.057208516220766455,0,2407610,0.01,-0.0560211495,0.04333884689999994,0,-0.3244791666666667,-0.11999166666666539,0,0,116,-1
555,-576451666026,1.8007102875187269,2.8957339941055573,0.03742376642460197,-0.2106317965199864,0.09426759911067131,-0.04882050603706464,0,2407620,0.01,-0.047643409500000025,0.10377825689999995,0,-0.3069791666666667,0.18625833333333475,0,1,117,2
556,-576451666016,1.801128159212008,2.893413348178175,0.03853430872299432,-0.21127776960585443,0.14249106545584245,-0.12020750644845454,0,2407631,0.011,-0.13022398950000003,0.14925741689999997,0,-0.2807291666666667,0.03750833333333459,0,0,117,-1
557,-576451666000,1.8015204817493704,2.8912945858945367,0.03993711985256963,-0.21247592864270787,0.12690896866739024,-0.11744638863293605,0,2407641,0.01,-0.11705896950000003,0.12472260689999996,0,-0.2719791666666667,-0.18999166666666534,0,0,117,-1
558,-576451665995,1.8019257824323027,2.889163890959766,0.04114158207198991,-0.21366023744274643,0.08091034524171158,-0.12445352167883786,0,2407651,0.01,-0.12543670950000002,0.07445616689999995,0,-0.26322916666666674,-0.1812416666666653,0,0,117,-1
559,-576451665986,1.8023409804588235,2.88702203514749,0.041909602368271404,-0.21475353792223548,0.05163536090704386,-0.016686843336917806,0,2407661,0.01,-0.0015658395000000265,0.04752771689999995,0,-0.2282291666666667,-0.049991666666665324,0,0,117,-1
560,-576451665976,1.8027622910765673,2.884873845884449,0.042368621213952205,-0.21489222753478157,0.01077396797922845,0.003395665070509035,0,2407671,0.01,0.006213490499999994,0.005040606899999948,0,-0.28947916666666673,-0.049991666666665324,0,0,117,-1
561,-576451665965,1.8031867207038765,2.8827247902654207,0.04250833158968857,-0.21490561034991099,0.03355927521588874,-0.0303428646249021,0,2407681,0.01,-0.03507679950000003,0.03675633689999996,0,-0.3069791666666667,-0.19874166666666537,0,0,117,-1
562,-576451665955,1.8013259569267186,2.8818414263616425,0.04199293914029596,-0.21453553650170165,0.058403352281258085,-0.026622409781959937,0,2407692,0.011,-0.026100649500000024,0.06188955689999995,0,-0.4119791666666667,-0.14624166666666538,0,1,118,1
563,-576451665946,1.8017492095553023,2.8796949653147172,0.042638616937087835,-0.214767618815172,0.10186843569761972,-0.002549875176158286,0,2407702,0.01,8.278004999999679e-4,0.10796712689999995,0,-0.2544791666666667,-0.1549916666666653,0,0,118,-1
566,-576451665911,1.8031258639664618,2.873026427680417,0.04610473332654806,-0.2158542671155821,0.010340138461895743,-0.15741049631480541,0,2407733,0.01,-0.1721126895,-0.003337133100000041,0,-0.14947916666666672,0.10750833333333465,0,0,118,-1
567,-576451665904,1.803586935394703,2.8708592524089878,0.04613156092434223,-0.2175467605747595,-0.044161137037569555,-0.2416733274341708,0,2407743,0.01,-0.25349644950000005,-0.05180834310000005,0,-0.0707291666666667,0.11625833333333468,0,0,118,-1
568,-576451665893,1.7985509779421187,2.862744588494148,0.043474599350250054,-0.22272582090369913,-0.08130490793719099,-0.2425964058909935,0,2407753,0.01,-0.24272506950000003,-0.08651612310000005,0,-0.0882291666666667,-0.07624166666666532,0,1,119,2
569,-576451665883,1.799024074589503,2.8602805638783315,0.0425508435848923,-0.2253008483673706,-0.10056865943675095,-0.18131030136754034,0,2407764,0.011,-0.17271109950000005,-0.10327160310000007,0,-0.24572916666666672,-0.2599916666666653,0,0,119,-1
570,-576451665874,1.7994449660509635,2.8580198393361096,0.04160803504875543,-0.22690825683534763,-0.056233839185656255,-0.03627757312220753,0,2407774,0.01,-0.015927679500000028,-0.05001311310000006,0,-0.2107291666666667,-0.02374166666666533,0,0,119,-1
571,-576451665863,1.7998588486756872,2.8557497306003703,0.04114110056525839,-0.22714863504597424,0.011669933914941068,0.05083891491543538,0,2407784,0.01,0.06306244049999998,0.021197676899999948,0,-0.3332291666666667,-0.06749166666666528,0,0,119,-1
572,-576451665853,1.8002714894165885,2.8534810619490374,0.041358635657681574,-0.22659721769616512,0.08352335871241107,0.08149990295395187,0,2407794,0.01,0.08580202049999998,0.09360528689999995,0,-0.1407291666666667,-0.006241666666665369,0,0,119,-1
573,-576451665843,1.8006896850551517,2.8512192175302045,0.0422615007243472,-0.22577397954892583,0.1317230249119284,0.08737176526697311,0,2407804,0.01,0.08819566049999998,0.13848603689999994,0,-0.3857291666666667,0.13375833333333476,0,0,119,-1
574,-576451665833,1.801118538732831,2.8489645279251112,0.043524464695657405,-0.22510615669578318,0.09304780126825707,-0.05936812047213329,0,2407814,0.01,-0.07995754950000002,0.08762118689999995,0,-0.1319791666666667,-0.18999166666666534,0,0,119,-1
575,-576451665822,1.803865100374092,2.845240727164005,0.04531428853853268,-0.22665515907964146,0.04788127672645081,-0.24377865716942249,0,2407824,0.01,-0.2696535195,0.04154361689999995,0,-0.1932291666666667,-0.049991666666665324,0,1,120,1
576,-576451665812,1.8043664934606296,2.8427311334290812,0.04584851340923665,-0.22957718229049934,0.052818993843405194,-0.401337435438837,0,2407835,0.011,-0.42344488950000003,0.05351181689999994,0,-0.4994791666666667,-0.3387416666666654,0,0,120,-1
577,-576451665801,1.804874505177832,2.8401820816539582,0.04649840185704326,-0.23390934627955862,0.09750785454117057,-0.3477805902556912,0,2407846,0.011,-0.3402658995,0.10377825689999995,0,-0.3419791666666667,-0.22499166666666537,0,0,120,-1
578,-576451665791,1.8053450658930117,2.8378276686177584,0.04757966263830847,-0.2370737312252824,0.17227729542733233,-0.1270814506904557,0,2407856,0.01,-0.0961146195,0.18276837689999995,0,-0.3069791666666667,-0.18999166666666534,0,0,120,-1
579,-576451665782,1.8058291321012574,2.835451801818533,0.04924899554331107,-0.23815447537700116,0.13424752601994824,0.00817910420566384,0,2407866,0.01,0.027157840499999992,0.12891147689999996,0,-0.1844791666666667,-0.14624166666666538,0,0,120,-1
580,-576451665769,1.8063274756742973,2.833071193383689,0.05045749567549974,-0.23799041019789174,0.03878160207377905,0.06680473600829184,0,2407876,0.01,0.07503064049999998,0.025386546899999942,0,-0.3769791666666667,-0.21624166666666533,0,0,120,-1
581,-576451665761,1.8068321865085746,2.8306930249906377,0.05056374512245824,-0.23757290672705375,-0.16188503139376376,-0.11175267621379073,0,2407886,0.01,-0.13680649949999998,-0.19004105310000008,0,-0.3419791666666667,-0.014991666666665293,0,0,120,-1
582,-576451665750,1.8024300195006768,2.8227326913028263,0.046760537983244005,-0.24157630958413184,-0.19969643598797995,-0.29220719205227147,0,2407897,0.011,-0.31752631950000004,-0.2050013031000001,0,-0.3157291666666667,-0.032491666666665364,0,1,121,2
583,-576451665739,1.802933148207935,2.820055819391692,0.04468289105579919,-0.24505694480470055,-0.12248330469621092,-0.4650219341740811,0,2407908,0.011,-0.48926998950000006,-0.11164934310000003,0,-0.4732291666666667,0.09000833333333458,0,0,121,-1
584,-576451665728,1.8033756476257146,2.8175826535296333,0.04373015170803267,-0.24960768967172567,0.06911526692944893,-0.39497509173780343,0,2407918,0.01,-0.3851466495,0.09599892689999996,0,-0.3682291666666667,-0.06749166666666528,0,0,121,-1
585,-576451665719,1.8038181763091545,2.8150686206231628,0.04469630877699153,-0.2532791184753949,0.2648178965982376,-0.19691143169593997,0,2407928,0.01,-0.1691206395,0.2922774068999999,0,-0.03572916666666671,0.11625833333333468,0,0,121,-1
586,-576451665710,1.8042784788628523,2.812527614530142,0.047359870561715305,-0.25499382833445927,0.27577915602285324,-0.015631829815116183,0,2407938,0.01,0.009803950499999978,0.2773171569,0,-0.21947916666666673,0.07250833333333473,0,0,121,-1
587,-576451665699,1.8047653929297984,2.809977802448717,0.05004371117256157,-0.2550083962305305,0.22307585482968567,0.08539073024518723,0,2407948,0.01,0.09956545049999999,0.21568092689999996,0,-0.1407291666666667,-0.04124166666666529,0,0,121,-1
588,-576451665688,1.8021942147864554,2.809397908135536,0.05091315749355996,-0.25309408655702553,0.14049787487294166,0.17233992208517765,0,2407958,0.01,0.18453967049999997,0.12891147689999996,0,-0.2019791666666667,0.10750833333333465,0,1,122,1
589,-576451665678,1.8027624057988683,2.806623803463565,0.052407086221427535,-0.2512709191686792,0.10672217694050902,0.12478825075709796,0,2407969,0.011,0.11811616049999998,0.10198302689999995,0,-0.1844791666666667,0.03750833333333459,0,0,122,-1
590,-576451665669,1.8032916603425466,2.8041159160006788,0.05345129487705254,-0.25023898690957136,0.0904962903718326,-0.0274757048412535,0,2407979,0.01,-0.04884022950000003,0.08821959689999996,0,-0.2719791666666667,0.08125833333333476,0,0,122,-1
591,-576451665658,1.803830945628876,2.8016108819601704,0.05439474167040293,-0.2507111221223104,0.1178872631244008,-0.16795969968617055,0,2407989,0.01,-0.18767134950000003,0.12173055689999995,0,-0.1932291666666667,0.13375833333333476,0,0,122,-1
592,-576451665647,1.804436109427279,2.7988418610500774,0.05564618183633744,-0.2527100236440685,0.08819668401691327,-0.2671111317495672,0,2408000,0.011,-0.2810233095,0.08403072689999995,0,-0.3857291666666667,0.1512583333333346,0,0,122,-1
595,-576451665587,1.8061382283333738,2.791152442213366,0.05743677675302044,-0.2591732626049831,-0.026104069286428618,0.012527507133543364,0,2408030,0.01,0.03852763049999998,-0.03445445310000005,0,-0.23697916666666669,-0.16374166666666534,0,0,122,-1
596,-576451665587,1.8067110930591543,2.788561536132301,0.057144843337449604,-0.2590167307685695,-0.04812072304799761,0.03480360694404164,0,2408040,0.01,0.03792922049999998,-0.05120993310000007,0,-0.2719791666666667,-0.1287416666666653,0,0,122,-1
597,-576451665586,1.8072796584848827,2.785972930890718,0.056589147276166714,-0.2586965108726022,-0.10120842847988268,0.014979200953766404,0,2408050,0.01,0.012197590499999989,-0.10865729310000004,0,-0.1669791666666667,-0.049991666666665324,0,0,122,-1
598,-576451665509,1.8078401055252076,2.7833851180782543,0.05551709073412531,-0.2587960750744491,-0.14395035920455387,-0.1627357359654761,0,2408060,0.01,-0.18767134950000003,-0.14994758310000006,0,-0.3594791666666667,0.19500833333333478,0,0,122,-1
599,-576451665508,1.8055422442747926,2.777386050179847,0.05278935047418724,-0.26218753560318586,-0.13294181970342292,-0.24600246164905668,0,2408071,0.011,-0.2576853195,-0.13139687310000003,0,-0.1582291666666667,0.020008333333334738,0,1,123,2
600,-576451665508,1.80611529506819,2.7744862005458777,0.05138489118610052,-0.26502339841133576,-0.09537734551933996,-0.3302413648221887,0,2408082,0.011,-0.3420611295,-0.09010658310000007,0,-0.12322916666666671,-0.05874166666666536,0,0,123,-1
601,-576451665508,1.8066247431042761,2.771819342381399,0.050486868356601135,-0.2683427680383652,-0.056119838991096016,-0.34218107046278673,0,2408092,0.01,-0.34385635950000004,-0.05061152310000006,0,-0.2982291666666667,0.0637583333333347,0,0,123,-1
602,-576451665508,1.8071268636890525,2.769119400391148,0.049934670149831814,-0.2716722527829105,-0.04971497507922114,-0.2764787336270237,0,2408102,0.01,-0.2672598795,-0.048816293100000054,0,-0.3419791666666667,0.011258333333334702,0,0,123,-1
603,-576451665507,1.8076238922086485,2.7663900218090762,0.04946366613080188,-0.2742548351337666,-0.031084447570381316,-0.1466459167214405,0,2408112,0.01,-0.12842875950000002,-0.02847035310000006,0,-0.23697916666666669,0.2037583333333346,0,0,123,-1
604,-576451665507,1.808117311194177,2.7636416569781495,0.04920537336698382,-0.27548460188169843,0.0063680641984424045,0.02203984273911294,0,2408122,0.01,0.04570855049999998,0.011623116899999963,0,-0.2982291666666667,0.09000833333333458,0,0,123,-1
605,-576451665506,1.8086102952416783,2.7608893913286625,0.04936461612387456,-0.27503332531718216,0.07447454193602207,0.18658514089954784,0,2408132,0.01,0.20967289049999996,0.08403072689999995,0,-0.3507291666666667,0.13375833333333476,0,0,123,-1
606,-576451665505,1.80910775456675,2.758148055323815,0.05012332916349588,-0.2732193247760618,0.08442919535171912,0.14963128551558294,0,2408142,0.01,0.14444620049999998,0.08582595689999994,0,-0.2807291666666667,0.09000833333333458,0,0,123,-1
607,-576451665495,1.8034102652789155,2.7594032333509584,0.04838024999657207,-0.27003514077652535,0.04786958647582925,-0.008675011103185469,0,2408152,0.01,-0.030887929500000015,0.04274043689999995,0,-0.28947916666666673,0.03750833333333459,0,1,124,1
608,-576451665484,1.8028677550036831,2.7555815041048195,0.048404385827239556,-0.2709738324683768,0.01870694747975917,-0.24121438509404064,0,2408162,0.01,-0.27384238950000006,0.01461516689999996,0,-0.2544791666666667,-0.02374166666666533,0,1,125,2
609,-576451665474,1.803401620884667,2.752585971460049,0.04865193893088169,-0.27366044735910755,0.046080506488944545,-0.26300549592345884,0,2408173,0.011,-0.26606305950000003,0.04992135689999995,0,-0.17572916666666671,-0.07624166666666532,0,0,125,-1
610,-576451665465,1.8038908856447382,2.749836650533641,0.0491800397233442,-0.2762243438409474,0.09353003811242477,-0.216357774372867,0,2408183,0.01,-0.2098125195,0.10018779689999995,0,-0.2982291666666667,0.07250833333333473,0,0,125,-1
611,-576451665452,1.804387448495925,2.7470641915580334,0.05012870428613534,-0.2782943297539735,0.10304201795385201,-0.14974373659582374,0,2408193,0.01,-0.14039695950000006,0.10437666689999994,0,-0.1407291666666667,0.07250833333333473,0,0,125,-1
612,-576451665445,1.804893869834382,2.7442747598650037,0.05115634829127236,-0.27963592048803576,0.10106377847589654,-0.03869071773971003,0,2408203,0.01,-0.023108599500000028,0.10078620689999995,0,-0.009479166666666705,0.05500833333333466,0,0,125,-1
613,-576451665435,1.8054105786285355,2.7414774141355953,0.05218137137321276,-0.2798747939668116,0.11131590603382209,0.06681007812533059,0,2408213,0.01,0.08161315049999998,0.11275440689999995,0,-7.291666666666974e-4,-0.05874166666666536,0,0,125,-1
614,-576451665424,1.8059380119058055,2.73868193473778,0.05330292744045332,-0.2792179315311086,0.11730039828707335,0.05880058227563285,0,2408223,0.01,0.05767675049999998,0.11814009689999995,0,-0.17572916666666671,0.14250833333333457,0,0,125,-1
615,-576451665412,1.8047600445705432,2.7367503894237077,0.05384181434854349,-0.2782022583592646,0.10176848889301184,-0.05763577920023842,0,2408234,0.011,-0.07397344950000001,0.09958938689999994,0,-0.28947916666666673,0.03750833333333459,0,1,126,1
616,-576451665403,1.8053583726106088,2.73368444352687,0.05495103564287693,-0.2791567935865618,0.09513452451995028,-0.2656059419044456,0,2408245,0.011,-0.2947867395,0.09420369689999995,0,-0.24572916666666672,0.11625833333333468,0,0,126,-1
617,-576451665393,1.8059124773958863,2.730877580192531,0.05587811802255595,-0.2821182292293014,0.07805013850931429,-0.48064070122997715,0,2408255,0.01,-0.5108127495,0.07565298689999994,0,-0.0707291666666667,-0.1287416666666653,0,0,126,-1
618,-576451665381,1.806474980527706,2.7280322830879937,0.056630592913073714,-0.28693748246720907,0.05810552408982392,-0.4897825101351213,0,2408265,0.01,-0.49106521950000004,0.05530704689999995,0,-0.1669791666666667,-0.1812416666666653,0,0,126,-1
619,-576451665372,1.8070442027158213,2.7251392351184376,0.05721335931527434,-0.2917080052196562,0.05932483274701789,-0.39907136950265876,0,2408275,0.01,-0.3863434695,0.05949591689999995,0,-0.03572916666666671,-0.06749166666666528,0,0,126,-1
620,-576451665363,1.8076194453726846,2.7222039051271594,0.057828908491829895,-0.2954327001628386,0.07521818247786509,-0.20948534421584813,0,2408285,0.01,-0.18288406950000002,0.07744821689999995,0,-0.1669791666666667,-0.02374166666666533,0,0,126,-1
621,-576451665353,1.806157364200703,2.7170141520606217,0.05774810141265439,-0.2983957585305097,0.07192586836613418,-0.08120211461994703,0,2408295,0.01,-0.06320206950000003,0.07146411689999994,0,-0.1144791666666667,0.07250833333333473,0,1,127,2
624,-576451665311,1.8079103009728112,2.7080320849044335,0.05852534400560078,-0.30071799676448885,-0.07924131060902842,-0.22947736167778113,0,2408325,0.01,-0.24691393950000007,-0.08831135310000007,0,-0.21947916666666673,0.011258333333334702,0,0,127,-1
625,-576451665310,1.8084915727684714,2.7050121244402434,0.05772987006467047,-0.3032168348773492,-0.08142275881495593,-0.3749131688908704,0,2408335,0.01,-0.39531961950000005,-0.08172884310000006,0,-0.1932291666666667,-0.006241666666665369,0,0,127,-1
626,-576451665302,1.8090643358713072,2.701960507453503,0.056843105738296165,-0.3070757538428763,-0.1331193492033418,-0.4531580417444317,0,2408345,0.01,-0.46413676950000005,-0.14037302310000005,0,-0.2107291666666667,-0.07624166666666532,0,0,127,-1
627,-576451665291,1.8096259595144595,2.698867330833955,0.05548826023949088,-0.31157003668576505,-0.1499760224241412,-0.4265762369571714,0,2408355,0.01,-0.42284647950000004,-0.1523412231000001,0,-0.2282291666666667,-0.05874166666666536,0,0,127,-1
628,-576451665280,1.8100649236402298,2.69580115313043,0.054048609765542995,-0.315710449155353,-0.07490794822521188,-0.361381693242173,0,2408365,0.01,-0.3522340995,-0.06437495310000006,0,-0.2719791666666667,0.12500833333333472,0,1,128,1
629,-576451665271,1.8106554580322693,2.6923080999765894,0.05330119274588721,-0.3194475532776796,-0.024738385977078274,-0.20537250660356984,0,2408376,0.011,-0.18348247950000007,-0.01769897310000006,0,-0.17572916666666671,-0.05874166666666536,0,0,128,-1
630,-576451665247,1.811240268280119,2.6887827064073777,0.05302807071604998,-0.3215702956552322,-0.02538725825761659,-0.11690539443056465,0,2408387,0.011,-0.10449235950000005,-0.025478303100000047,0,-0.3857291666666667,0.05500833333333466,0,0,128,-1
631,-576451665246,1.8117687917321654,2.6855609206876725,0.05270030493332666,-0.32277531290851863,-0.07742004647157807,-0.1422293797420993,0,2408397,0.01,-0.14578264950000006,-0.08472089310000006,0,-0.2982291666666667,-0.06749166666666528,0,0,128,-1
632,-576451665240,1.8122914429616817,2.6823255812694433,0.05185147669419529,-0.3242713034388486,-0.13052771711294917,-0.19467448909343282,0,2408407,0.01,-0.20203318950000004,-0.13797938310000005,0,-0.3069791666666667,0.18625833333333475,0,0,128,-1
633,-576451665231,1.8128033820012366,2.679073340815188,0.05053850168878461,-0.32618586276276246,-0.1360129208665996,-0.1717401957814445,0,2408417,0.01,-0.1685222295,-0.13678256310000006,0,-0.0969791666666667,0.10750833333333465,0,0,128,-1
634,-576451665220,1.8133020451891577,2.675802472546917,0.04919067963135711,-0.3279692577155261,-0.12724187044362253,-0.21877202898948928,0,2408427,0.01,-0.22537117949999996,-0.12601118310000006,0,-0.23697916666666669,-0.06749166666666528,0,0,128,-1
635,-576451665209,1.8119723915162145,2.6701529110726816,0.04705990158797314,-0.33151018700705037,-0.10779560054453736,-0.335812232561669,0,2408438,0.011,-0.3522340995,-0.10506683310000005,0,-0.2019791666666667,-0.05874166666666536,0,1,129,2
636,-576451665199,1.8124379057977864,2.666821435562568,0.04602924930690238,-0.33480388979720577,-0.07444074388200933,-0.2903888275517388,0,2408448,0.01,-0.2840153595,-0.06976064310000003,0,-0.24572916666666672,-0.049991666666665324,0,0,129,-1
637,-576451665189,1.8128951196927334,2.6634594627982273,0.045384982868186624,-0.33761661036372936,-0.0031650311126948105,-0.2254997703854251,0,2408458,0.01,-0.21639502949999997,0.00683583689999994,0,-0.2019791666666667,-0.11999166666666539,0,0,129,-1
638,-576451665176,1.8133944356749152,2.659733437900913,0.04538998809522471,-0.3398926756031747,0.02292290531006216,-0.09156880751466795,0,2408469,0.011,-0.07277662950000005,0.02658336689999995,0,-0.2807291666666667,-0.1549916666666653,0,0,129,-1
639,-576451665169,1.8138499467685376,2.6563306583207535,0.04569001156074342,-0.3406979087417009,0.07283813065075509,-0.01369002081939942,0,2408479,0.01,-0.002762659500000015,0.07984185689999995,0,-0.2982291666666667,-0.11124166666666535,0,0,129,-1
640,-576451665158,1.8143106345125972,2.652923774328179,0.04644103106579592,-0.34071369839253274,0.08895083438586869,0.07251023384127267,0,2408489,0.01,0.08460520049999998,0.09121164689999996,0,-0.0444791666666667,-0.049991666666665324,0,0,129,-1
641,-576451665148,1.8129728022089167,2.650687007428859,0.04658023503987365,-0.33937397989917295,0.09250761999954706,0.10883118598473739,0,2408499,0.01,0.11392729049999999,0.09300687689999995,0,-0.2544791666666667,0.002508333333334667,0,1,130,1
642,-576451665138,1.8134904529219285,2.6469603098672287,0.04754963182976742,-0.33820125231170456,0.06093403336673645,0.09283391619715452,0,2408510,0.011,0.0905893005,0.05650386689999995,0,-0.10572916666666671,0.020008333333334738,0,0,130,-1
643,-576451665128,1.8139689104861076,2.643582456492827,0.04814601922146192,-0.33734641090505013,0.051801214807634575,0.041011657255900065,0,2408520,0.01,0.03374035049999998,0.05051976689999994,0,-0.2107291666666667,-0.02374166666666533,0,0,130,-1
644,-576451665117,1.8144528176485277,2.6402105629286874,0.04864180791615619,-0.33701087354719644,0.03598368311011513,-0.012070108316029692,0,2408530,0.01,-0.019518139500000028,0.03376428689999994,0,-0.2719791666666667,-0.10249166666666532,0,0,130,-1
645,-576451665107,1.8149412486810133,2.6368402214471165,0.04903499934477173,-0.33707372396719487,0.059751462207807714,0.029153049335554647,0,2408540,0.01,0.034937170499999975,0.06308637689999995,0,-0.1407291666666667,-0.14624166666666538,0,0,130,-1
646,-576451665097,1.8154348671687053,2.6334717372141263,0.04967638006692557,-0.3366579976715323,0.0910139951329228,0.11766502996724831,0,2408550,0.01,0.13008436049999997,0.09540051689999995,0,-0.3769791666666667,-0.25124166666666536,0,0,130,-1
647,-576451665058,1.8159364944106153,2.630111803143885,0.050635360969746086,-0.3353622432202933,0.12582262383906156,0.20254978480926245,0,2408560,0.01,0.2144601705,0.13070670689999997,0,-0.4382291666666667,-0.18999166666666534,0,0,130,-1
648,-576451665057,1.8160632823158538,2.6247918329480457,0.0522230689034268,-0.3324363412724717,0.1631666086585394,0.41136028785814505,0,2408574,0.014,0.44065915050000004,0.16840653689999996,0,-0.3682291666666667,0.028758333333334773,0,1,131,2
649,-576451665057,1.8166479909968027,2.6211593790611674,0.05406849363103706,-0.3279838521923381,0.19505019379231914,0.36568429917859613,0,2408585,0.011,0.35927539049999996,0.19952385689999994,0,-0.4294791666666667,0.07250833333333473,0,0,131,-1
650,-576451665050,1.817198635098527,2.617895639654542,0.05604928035129164,-0.32465299859241525,0.216291033235407,0.13703366515088053,0,2408595,0.01,0.1049511405,0.21927138689999995,0,-0.24572916666666672,0.21250833333333463,0,0,131,-1
653,-576451665011,1.819157860524269,2.6071826661134647,0.06257364529860265,-0.32726605377345747,0.21578875702027506,-0.29289863696243623,0,2408628,0.01,-0.2989756095,0.21867297689999995,0,-0.1844791666666667,-0.1549916666666653,0,0,131,-1
654,-576451665009,1.819794872800293,2.603896755397246,0.06480727932205355,-0.3299778305514239,0.269746250246339,-0.13817079765393708,0,2408638,0.01,-0.11646055950000003,0.2773171569,0,-0.2019791666666667,-0.17249166666666538,0,0,131,-1
655,-576451664999,1.8158560097652776,2.603575285128852,0.06560835302075775,-0.32967596527991383,0.30052489425934636,0.03305383681404294,0,2408648,0.01,0.05707834049999998,0.30484401689999996,0,-0.1932291666666667,-0.1812416666666653,0,1,132,1
656,-576451664988,1.8165951327902217,2.5999522764905785,0.06880218108104122,-0.32910242285883073,0.22717030685202083,0.17062273496812175,0,2408659,0.011,0.1899253605,0.21687774689999992,0,-0.0444791666666667,0.03750833333333459,0,0,132,-1
657,-576451664979,1.817293838833775,2.596670438879638,0.07097102619264002,-0.3272962723194873,0.15464617378983758,0.24107750145057752,0,2408669,0.01,0.2509631805,0.14447013689999996,0,-0.1844791666666667,-0.049991666666665324,0,0,132,-1
658,-576451664968,1.8180101519317313,2.593409062581472,0.07234200550545786,-0.3249581072388846,0.02974650250299625,0.1893973919266243,0,2408679,0.01,0.1821460305,0.012221526899999948,0,-0.3332291666666667,0.2562583333333346,0,0,132,-1
659,-576451664957,1.8188064442349603,2.5898452348461554,0.07248395230874828,-0.3229837689985204,-0.091627072599045,0.11796591426260311,0,2408690,0.011,0.1079431905,-0.10865729310000004,0,-0.2719791666666667,0.09875833333333461,0,0,132,-1
660,-576451664946,1.818679981756438,2.585696641834074,0.07112946793630254,-0.3222689220358407,-0.15379179925681385,0.09763124501397419,0,2408700,0.01,0.09477817049999998,-0.16251419310000007,0,-0.2807291666666667,0.18625833333333475,0,1,133,2
661,-576451664937,1.8194526835907974,2.582157249050638,0.06937635529012673,-0.32124530823784553,-0.193977114166129,0.06469215417202016,0,2408711,0.011,0.06007039049999998,-0.19961561310000006,0,-0.24572916666666672,-0.014991666666665293,0,0,133,-1
662,-576451664927,1.8201363019073022,2.5789472744978967,0.06736853027117871,-0.3207135612853359,-0.24195354395392346,-0.01650316716639033,0,2408721,0.01,-0.027895879500000016,-0.2486852331000001,0,-0.21947916666666673,-0.19874166666666537,0,0,133,-1
663,-576451664916,1.8207986430712886,2.575738924292806,0.06506604492178882,-0.32093908146083844,-0.15864478674326798,-0.05955500218231906,0,2408731,0.01,-0.06559570950000004,-0.14695553310000006,0,-0.2282291666666667,-0.3212416666666653,0,0,133,-1
664,-576451664907,1.8214424263336864,2.572526923419523,0.06364421850544595,-0.32147725807362026,-0.041339309000457694,-0.018672019842021118,0,2408741,0.01,-0.012935629500000012,-0.024879893100000043,0,-0.3944791666666667,-0.2599916666666653,0,0,133,-1
665,-576451664896,1.82207786965533,2.569311568952192,0.06339761089736197,-0.32160905737819173,0.07752548899543964,0.02046904309185884,0,2408751,0.01,0.025961020499999987,0.09420369689999995,0,-0.2544791666666667,-0.09374166666666528,0,0,133,-1
666,-576451664886,1.822717150048217,2.566096351790597,0.06439587854598322,-0.32142779870738647,0.2364652270275866,0.003769380617475483,0,2408761,0.01,0.001426210499999971,0.25876644689999995,0,-0.1932291666666667,-0.2599916666666653,0,0,133,-1
667,-576451664875,1.8166561350890629,2.566983515245316,0.06410239958036688,-0.3193066355653061,0.2261092776165045,-0.035543987658052695,0,2408772,0.011,-0.04106089950000003,0.22465707689999995,0,-0.23697916666666669,-0.13749166666666535,0,1,134,1
668,-576451664864,1.8173743583041648,2.563468733595353,0.06650594668511654,-0.3197341958412294,0.17183326568524407,-0.059274038544600324,0,2408783,0.011,-0.06260365950000005,0.16421766689999995,0,-0.26322916666666674,-0.014991666666665293,0,0,134,-1
669,-576451664854,1.8181155585605777,2.5599482384668453,0.0682878182784654,-0.32036237270435186,0.10165670080791742,-0.04382675525816986,0,2408794,0.011,-0.04165930950000003,0.09181005689999995,0,-0.3244791666666667,0.2562583333333346,0,0,134,-1
670,-576451664843,1.8188027931838746,2.5567416530352176,0.0691944768352018,-0.32091719989459255,0.024275842658307095,-0.12589036545250823,0,2408804,0.01,-0.1374049095,0.013418346899999954,0,-0.12322916666666671,-0.006241666666665369,0,0,134,-1
671,-576451664833,1.8195657095254023,2.553203537537082,0.06950630840507552,-0.3223615368690822,0.05358784833826774,-0.16485082323797348,0,2408815,0.011,-0.17031745950000005,0.05770068689999996,0,-0.4294791666666667,-0.10249166666666532,0,0,134,-1
672,-576451664823,1.8202644352547397,2.5499722271952843,0.07019171872624513,-0.3239267718711249,0.15900139646671774,-0.10614675903228199,0,2408825,0.01,-0.09790984949999999,0.17379222689999996,0,-0.17572916666666671,-0.2074916666666653,0,0,134,-1
673,-576451664812,1.8196531206960147,2.5452780807645268,0.07121280275233152,-0.3255476518455108,0.14573327201667133,-0.017583083123562132,0,2408835,0.01,-0.005156299500000027,0.14387172689999994,0,-0.1582291666666667,-0.3649916666666654,0,1,135,2
674,-576451664800,1.820445113032119,2.541696913000949,0.07279254801200921,-0.32560588300394366,0.1304565770039506,0.07098164836637104,0,2408846,0.011,0.08340838049999999,0.12831306689999994,0,-0.2107291666666667,-0.049991666666665324,0,0,135,-1
675,-576451664791,1.8211784832551432,2.5384446422282516,0.07393293739681477,-0.32485977013051237,0.014700160292607012,0.09657306658299808,0,2408856,0.01,0.10016386049999998,-0.0015419031000000495,0,-0.23697916666666669,-0.049991666666665324,0,0,135,-1
676,-576451664782,1.821917365337772,2.5352004034889375,0.07389624485480775,-0.32396703238471614,-0.11604390623540181,0.044620413214086704,0,2408866,0.01,0.03733081049999997,-0.13438892310000003,0,-0.24572916666666672,0.1775083333333347,0,0,135,-1
677,-576451664771,1.8226487384172374,2.5319622648218263,0.07245694508384765,-0.32362995632221037,-0.3147540949052485,-0.033141927060169135,0,2408876,0.01,-0.04405294950000001,-0.3426356031000001,0,-0.2282291666666667,0.21250833333333463,0,0,135,-1
678,-576451664760,1.8234256714615618,2.5283992046788257,0.06884120062536117,-0.3241588919784385,-0.41529755633522114,-0.14084371990451294,0,2408887,0.011,-0.15595561950000003,-0.4294050531000001,0,-0.1144791666666667,0.19500833333333478,0,0,135,-1
679,-576451664750,1.8240929979978993,2.5251499807721864,0.06463941925582102,-0.3256575750612151,-0.4497098068270329,-0.2044747547723941,0,2408897,0.01,-0.21340297949999998,-0.45453827310000006,0,-0.12322916666666671,0.0637583333333347,0,0,135,-1
682,-576451664711,1.8213337698424965,2.5179715571274164,0.050395523863569956,-0.3277989953629206,-0.18948953821460013,0.07549539751257667,0,2408928,0.01,0.08999089049999999,-0.17029352310000007,0,-0.1582291666666667,0.002508333333334667,0,0,136,-1
683,-576451664709,1.821829655706729,2.514698002788043,0.04871892912816868,-0.3269413909828319,-0.034114352059049474,0.14855664042522887,0,2408938,0.01,0.15880804049999997,-0.01231328310000005,0,-0.4119791666666667,-0.032491666666665364,0,0,136,-1
684,-576451664698,1.8223651434446815,2.5111108554410317,0.048583522182288244,-0.32527512212122656,0.12302056573027764,0.16961650926006805,0,2408949,0.011,0.1725714705,0.14506854689999996,0,-0.2282291666666667,-0.10249166666666532,0,0,136,-1
685,-576451664688,1.8228579503853517,2.5078658072956963,0.049938652308844034,-0.32369734494273916,0.2111014189055948,0.08614440391580794,0,2408959,0.01,0.07443223049999999,0.2234602569,0,-0.2107291666666667,-0.05874166666666536,0,0,136,-1
686,-576451664678,1.8175948534768265,2.4982704842459604,0.04965658729617748,-0.3259634718706024,0.2308602129729478,-0.006517404849556702,0,2408969,0.01,-0.019518139500000028,0.23363322689999994,0,-0.3157291666666667,0.13375833333333476,0,1,137,2
687,-576451664666,1.8181544033495864,2.4946842787252312,0.052102038924007645,-0.32606698189167144,0.16926919229254836,-0.027364423750151752,0,2408980,0.011,-0.03028951950000001,0.16062720689999996,0,-0.1582291666666667,0.16000833333333464,0,0,137,-1
688,-576451664656,1.8186823515148391,2.491421392440761,0.05356069652086372,-0.32647004802370616,0.004257410017249247,-0.11861694681594454,0,2408990,0.01,-0.1314208095,-0.018895793100000047,0,-0.17572916666666671,-0.2599916666666653,0,0,137,-1
689,-576451664646,1.8192713814211083,2.487822370593768,0.053550040358086574,-0.32787298162215484,-0.03336450150803235,-0.18284782877338296,0,2409001,0.011,-0.1918602195,-0.03864332310000006,0,-0.1932291666666667,-0.3212416666666653,0,0,137,-1
690,-576451664634,1.8198053515003993,2.484534777042106,0.05323737130220663,-0.32965907455635063,-0.018577020413440268,-0.15296730781796652,0,2409011,0.01,-0.14877469950000005,-0.016502153100000052,0,-0.1669791666666667,-0.3649916666666654,0,0,137,-1
691,-576451664627,1.8203370121839682,2.4812311597865824,0.05308512505460705,-0.3310921540887366,0.0052831838138579605,-0.08421821179337088,0,2409021,0.01,-0.07457185950000003,0.008631066899999948,0,-0.1932291666666667,-0.3912416666666654,0,0,137,-1
692,-576451664617,1.8208680171215765,2.477915574785984,0.05312072001385556,-0.3320049470324296,-0.0069994210426959445,-0.1345338678468964,0,2409031,0.01,-0.14159377950000004,-0.008722823100000067,0,-0.1932291666666667,-0.1549916666666653,0,0,137,-1
693,-576451664603,1.819514859407281,2.4755254377876437,0.05210689959650088,-0.33299424791117793,-0.07515769277376477,-0.2152432572437734,0,2409042,0.011,-0.2265679995,-0.08472089310000006,0,-0.23697916666666669,-0.2687416666666653,0,1,138,1
694,-576451664594,1.820083033484829,2.471848721172309,0.05121547183251828,-0.3354702478874835,-0.11712990962390443,-0.2855239019052812,0,2409053,0.011,-0.2953851495,-0.12301913310000007,0,-0.1319791666666667,-0.06749166666666528,0,0,138,-1
695,-576451664585,1.8205893714586225,2.468479415614988,0.0500502527329076,-0.3383750303856795,-0.11284848953038565,-0.32041061081627187,0,2409063,0.01,-0.32530564950000007,-0.11224775310000006,0,-0.3244791666666667,0.04625833333333462,0,0,138,-1
696,-576451664574,1.821084093896634,2.46508021874859,0.04890038540302143,-0.34149004081304074,-0.1280649891565624,-0.2570070647258642,0,2409073,0.01,-0.24811075950000003,-0.13020005310000007,0,-0.1582291666666667,0.10750833333333465,0,0,138,-1
697,-576451664562,1.8215662103477668,2.461653718301881,0.04754419808932734,-0.3438650471027928,-0.18189028533456442,-0.11801111771551528,0,2409083,0.01,-0.09850825950000001,-0.18944264310000006,0,-0.1144791666666667,0.011258333333334702,0,0,138,-1
698,-576451664554,1.8220316919208719,2.4582095991874575,0.045590087179167876,-0.3449777156759787,-0.2782502525484029,-0.06994617772688086,0,2409093,0.01,-0.06320206950000003,-0.29177075310000006,0,-0.2019791666666667,0.07250833333333473,0,0,138,-1
699,-576451664544,1.8163393985175846,2.447974305614867,0.040150614631528685,-0.3489170360255892,-0.32684207041890545,-0.10444056075139621,0,2409103,0.01,-0.10927963950000004,-0.33365945310000006,0,-0.2282291666666667,-0.2337416666666653,0,1,139,2
700,-576451664533,1.8167623983962025,2.4441290114331258,0.03671842143090236,-0.35019569706975817,-0.21999348683604097,-0.1894998977620302,0,2409114,0.011,-0.2014347795,-0.2050013031000001,0,-0.3157291666666667,-0.3474916666666653,0,0,139,-1
701,-576451664524,1.817120683813228,2.4406177784320424,0.03483856307606424,-0.3520601402237079,0.00568872829868991,-0.16795481261652484,0,2409124,0.01,-0.16493176950000002,0.03735474689999995,0,-0.24572916666666672,-0.2599916666666653,0,0,139,-1
702,-576451664513,1.8174716598300102,2.4370888789720353,0.035253719413333724,-0.3537241668571904,0.2606868696385688,-0.1569073112000527,0,2409134,0.01,-0.15535720950000004,0.29646627689999994,0,-0.3332291666666667,-0.09374166666666528,0,0,139,-1
703,-576451664503,1.817876165177749,2.4331883521246294,0.038258882905301723,-0.35546008765331744,0.35083876583905654,-0.16341960392380467,0,2409145,0.011,-0.16433335950000005,0.3634881969,0,-0.2719791666666667,-0.049991666666665324,0,0,139,-1
704,-576451664492,1.8182761646022878,2.4296256950418376,0.0417472778004556,-0.35707681300152166,0.3367424106609818,-0.15110149343817617,0,2409155,0.01,-0.14937310950000005,0.3347645169,0,-0.3507291666666667,0.14250833333333457,0,0,139,-1
705,-576451664483,1.8187106628961631,2.42604737605305,0.0451439691310266,-0.35858717299049586,0.3575733125650777,-0.15063533703480106,0,2409165,0.01,-0.15056992950000003,0.3604961469,0,-0.23697916666666669,0.020008333333334738,0,0,139,-1
706,-576451664471,1.8154659549900138,2.4245658389484674,0.04742767019599313,-0.35894566453634236,0.3433431944107659,-0.08025747098585219,0,2409176,0.011,-0.07038298950000003,0.3413470268999999,0,-0.1932291666666667,-0.032491666666665364,0,1,140,1
707,-576451664460,1.8160071246308607,2.4206137827999497,0.05101490935044761,-0.35965500174356707,0.220369108896461,0.032307874101077785,0,2409187,0.011,0.04810219049999998,0.20311431689999998,0,-0.3769791666666667,0.05500833333333466,0,0,140,-1
708,-576451664450,1.8165270449560769,2.4170191687215583,0.053029430514492396,-0.3592831887022193,0.08716259563422074,0.06662505383543521,0,2409197,0.01,0.07144018049999998,0.06847206689999995,0,-0.3332291666666667,-0.19874166666666537,0,0,140,-1
711,-576451664412,1.8181215351225917,2.406251021714147,0.052438378159750845,-0.3593171429044691,-0.028936219875535553,-0.048988585946969324,0,2409227,0.01,-0.04824181950000001,-0.023683073100000052,0,-0.3332291666666667,-0.21624166666666533,0,0,140,-1
712,-576451664409,1.818644970831037,2.402655779218885,0.052226903818075474,-0.35974793983851966,0.026573932831338576,-0.006876305621783506,0,2409237,0.01,-9.674295000000236e-4,0.03436269689999995,0,-0.0969791666666667,-0.22499166666666537,0,0,140,-1
713,-576451664399,1.8213886963476698,2.401103508017588,0.05356226461282861,-0.3586804614592634,0.1068733596957329,0.001979263058541025,0,2409248,0.011,0.0032214404999999792,0.11814009689999995,0,-0.3069791666666667,-0.10249166666666532,0,1,141,2
714,-576451664389,1.8219310791119137,2.3975169233557265,0.0548481934649149,-0.35864052235927746,0.260017939696753,0.01618802471357745,0,2409258,0.01,0.018181690499999983,0.2815060269,0,-0.14947916666666672,-0.3124916666666654,0,0,141,-1
715,-576451664380,1.8224928836004328,2.3939316653649123,0.05749844199331642,-0.3584260492687161,0.2956548461770373,0.05362122713918794,0,2409268,0.01,0.058873570499999986,0.30065514689999995,0,-0.1582291666666667,-0.30374166666666536,0,0,141,-1
716,-576451664370,1.8230823928460127,2.3903503161475785,0.06041474797425285,-0.35785391515669457,0.26697890737625224,0.07921837293278952,0,2409278,0.01,0.08280997049999998,0.26295531689999996,0,-0.1932291666666667,-0.02374166666666533,0,0,141,-1
717,-576451664356,1.8236988201573077,2.3867755115955753,0.06291759069308937,-0.3570970744568313,0.14799941750024248,0.05403006327770173,0,2409288,0.01,0.050495830499999984,0.13130511689999996,0,-0.1582291666666667,-0.3474916666666653,0,0,141,-1
718,-576451664349,1.8243340291964527,2.3832066911563268,0.06418412460060223,-0.35664285518505234,-0.004132329017760061,-0.0073195645269771015,0,2409298,0.01,-0.015927679500000028,-0.025478303100000047,0,-0.12322916666666671,-0.18999166666666534,0,0,141,-1
719,-576451664338,1.8186658389204093,2.3835048508371606,0.06143153831544473,-0.3548429850766069,0.03907123346468918,-0.10512955635059372,0,2409309,0.011,-0.11885419950000001,0.045134076899999945,0,-0.026979166666666707,-0.25124166666666536,0,1,142,1
720,-576451664329,1.8192824370095522,2.379951108770337,0.06187295745538004,-0.35590316242784087,0.07482513966296561,-0.11139286893111354,0,2409319,0.01,-0.11227168950000004,0.07984185689999995,0,-0.12322916666666671,-0.35624166666666535,0,0,142,-1
721,-576451664319,1.81990560656374,2.376386662398428,0.06272987510005394,-0.3569931052981478,0.15216859870159843,-0.09432112698936536,0,2409329,0.01,-0.0919257495,0.1630208469,0,-0.2282291666666667,-0.2074916666666653,0,0,142,-1
722,-576451664309,1.8205407880750268,2.3728119162247405,0.06429437456603937,-0.35795177981858445,0.18267659587328702,-0.10533992521431862,0,2409339,0.01,-0.10688599950000002,0.18695724689999996,0,-0.1669791666666667,-0.21624166666666533,0,0,142,-1
723,-576451664298,1.8211924278277403,2.3692266901294183,0.06605277361314313,-0.35907408867674284,0.133952800695383,-0.1544504874774628,0,2409349,0.01,-0.16134130950000006,0.12711624689999995,0,-0.12322916666666671,-0.1287416666666653,0,0,142,-1
724,-576451664288,1.8218591844272316,2.3656281724243486,0.06731909240727707,-0.3606270725468256,0.08177707011790283,-0.1604934120997491,0,2409359,0.01,-0.16134130950000006,0.07445616689999995,0,-0.2282291666666667,-0.049991666666665324,0,0,142,-1
725,-576451664278,1.8225361896428214,2.3620139882180395,0.06809398384571948,-0.3622146417864496,0.05121723187330256,-0.14811754711230762,0,2409369,0.01,-0.14638105950000005,0.046929306899999954,0,0.0780208333333333,-0.02374166666666533,0,0,142,-1
726,-576451664267,1.8210166441919404,2.3554862852286083,0.06773538228101665,-0.3650114596734837,0.08314152366322161,-0.1350499693694754,0,2409380,0.011,-0.13321603950000002,0.08762118689999995,0,-0.2719791666666667,0.05500833333333466,0,1,143,2
727,-576451664255,1.8217664625065766,2.3514621650097323,0.06860584894299435,-0.3666158532227374,0.054533787674507166,-0.21215828486227856,0,2409391,0.011,-0.22297753950000002,0.05051976689999994,0,-0.3419791666666667,-0.3999916666666653,0,0,143,-1
728,-576451664246,1.8224555154522764,2.3477846360796697,0.06919164836929552,-0.36885300925859366,0.08302509281949791,-0.2935407399732053,0,2409401,0.01,-0.3049597095,0.08702277689999995,0,-0.3069791666666667,-0.2687416666666653,0,0,143,-1
729,-576451664235,1.8232224949493028,2.343709736113379,0.07022817582052254,-0.3720467354467305,0.16367312590731914,-0.27049366977911454,0,2409412,0.011,-0.2672598795,0.17498904689999997,0,-0.2807291666666667,-0.44374166666666537,0,0,143,-1
730,-576451664226,1.8239333221274563,2.339976088676738,0.07191992627245776,-0.37469926285437544,0.20245940067883544,-0.23354726859827526,0,2409422,0.01,-0.22836322949999996,0.20790159689999993,0,-0.0882291666666667,-0.10249166666666532,0,0,143,-1
731,-576451664215,1.8246612349858682,2.3362169946155773,0.07372560528479001,-0.37710060565346065,0.0466501153642048,-0.280429280745641,0,2409432,0.01,-0.2870074095,0.02478813689999994,0,-0.1582291666666667,-0.19874166666666537,0,0,143,-1
732,-576451664204,1.821946354030733,2.3344002127425947,0.07250275967584405,-0.3790898714926803,-0.0801015531071683,-0.2998418663935334,0,2409443,0.011,-0.3025660695,-0.09788591310000005,0,-0.21947916666666673,-0.032491666666665364,0,1,144,1
733,-576451664193,1.8227389344034899,2.3302122604277145,0.07160650221101676,-0.3823626960066675,-0.08992504512527943,-0.28333888308679284,0,2409454,0.011,-0.2810233095,-0.09130340310000007,0,-0.07947916666666671,-0.11124166666666535,0,0,144,-1
734,-576451664183,1.8234507670265383,2.3263744120118726,0.07074726914668487,-0.3852043797150568,-0.06174627467937179,-0.2891798932121951,0,2409464,0.01,-0.2899994595,-0.05779244310000005,0,-0.1582291666666667,-0.16374166666666534,0,0,144,-1
735,-576451664173,1.8241547182455515,2.322507850407805,0.07006241103477782,-0.3881053003102302,-0.10970712056851604,-0.2956711636164114,0,2409474,0.01,-0.2965819695,-0.11643662310000005,0,-0.3419791666666667,-0.11999166666666539,0,0,144,-1
736,-576451664162,1.8249184258021927,2.3182207736827234,0.06880577176121035,-0.39136210646294894,-0.1423722145865302,-0.29856900618550414,0,2409485,0.011,-0.2989756095,-0.14695553310000006,0,0.025520833333333298,-0.1549916666666653,0,0,144,-1
737,-576451664151,1.8255996208401408,2.3142918247783197,0.06742100636490356,-0.39440858971899695,-0.1149049338357757,-0.34143253401943363,0,2409495,0.01,-0.3474468195,-0.11105093310000005,0,-0.28947916666666673,-0.19874166666666537,0,0,144,-1
741,-576451664109,1.8282406886410438,2.2972757414477654,0.06830622520478252,-0.40585054864510467,0.1290423720495852,-0.2500780748044748,0,2409537,0.01,-0.25469326950000004,0.13010829689999995,0,-0.3769791666666667,-0.19874166666666537,0,0,145,-1
742,-576451664097,1.8289990624620232,2.292795627913676,0.06960922612272599,-0.40869260463483914,0.05283488422417072,-0.3097517688541718,0,2409548,0.011,-0.31812472950000004,0.04214202689999995,0,-0.10572916666666671,-0.04124166666666529,0,0,145,-1
743,-576451664089,1.8296975083177263,2.2886931066332346,0.07009375255853943,-0.41180649335930547,0.021941888067442485,-0.32129267674205336,0,2409558,0.01,-0.32291200950000004,0.01760721689999996,0,-2.319479166666667,-0.014991666666665293,0,0,145,-1
744,-576451664078,1.8303985924039494,2.2845578724366566,0.07016552740204927,-0.4151909994124078,-0.08314141951775927,-0.44341151878783325,0,2409568,0.01,-0.4605463095,-0.09788591310000005,0,-0.0969791666666667,-0.2599916666666653,0,0,145,-1
745,-576451664068,1.8265270697833782,2.283442737235666,0.06726754337036768,-0.4181731742636608,-0.12493485731891248,-0.4489915654343068,0,2409578,0.01,-0.44977492950000003,-0.13079846310000007,0,-0.23697916666666669,-0.08499166666666536,0,1,146,1
746,-576451664058,1.8272593992545192,2.2788162725181387,0.06588461301303583,-0.4230234288035828,-0.1306017391720574,-0.39090348838186256,0,2409589,0.011,-0.38275300949999996,-0.13139687310000003,0,-0.2807291666666667,-0.2074916666666653,0,0,146,-1
747,-576451664048,1.827911514040069,2.2745671506729725,0.06454783601779351,-0.42683226947448144,-0.15229012334904943,-0.3202578589872316,0,2409599,0.01,-0.3103453995,-0.15533327310000009,0,-0.1844791666666667,-0.1287416666666653,0,0,146,-1
748,-576451664035,1.828612717802004,2.2698529321083245,0.06292950951685122,-0.4303097479593098,-0.11507575177380569,-0.2905740120147357,0,2409610,0.011,-0.28640899950000004,-0.10985411310000004,0,-0.3244791666666667,-0.16374166666666534,0,0,146,-1
749,-576451664027,1.8292366248117096,2.2655353546766768,0.06183437743367898,-0.433208073820746,-0.07586132444430693,-0.2853471615563586,0,2409620,0.01,-0.2846137695,-0.07035905310000005,0,-0.1319791666666667,-0.032491666666665364,0,0,146,-1
750,-576451664016,1.8298517128282636,2.2611888035409446,0.06115922500707065,-0.4360930838857824,-0.016459260646783776,-0.30779420976058297,0,2409630,0.01,-0.31094380950000006,-0.008124413100000064,0,-0.17572916666666671,-0.18999166666666534,0,0,146,-1
751,-576451664007,1.82698991638194,2.252922861677509,0.05963661479991564,-0.44116381576403124,0.08635911565197235,-0.43545368385542255,0,2409640,0.01,-0.4533653895,0.10078620689999995,0,-0.0882291666666667,-0.02374166666666533,0,1,147,2
752,-576451663996,1.8275910486758826,2.2484891395863835,0.06057023867187553,-0.4455669014265945,0.13627017516774265,-0.47005338199347,0,2409650,0.01,-0.47490814950000004,0.14327331689999998,0,-0.1407291666666667,-0.06749166666666528,0,0,147,-1
753,-576451663986,1.828265947562207,2.2435595467366274,0.06212503567039101,-0.45072556557991605,0.17284867844786395,-0.4622409068261601,0,2409661,0.011,-0.46114471949999997,0.17798109689999997,0,-0.2107291666666667,-0.08499166666666536,0,0,147,-1
754,-576451663976,1.8288959164422616,2.239029691471521,0.06386511579478664,-0.4552699511405701,0.18102300704242325,-0.4072275473117304,0,2409671,0.01,-0.39950848950000006,0.18216996689999992,0,-0.2544791666666667,-0.4262416666666653,0,0,147,-1
755,-576451663966,1.8295435661438966,2.2344570524919107,0.0656671740710089,-0.4592766807017541,0.1752067324808857,-0.36057522931181113,0,2409681,0.01,-0.3540293295,0.17439063689999995,0,-0.14947916666666672,-0.14624166666666538,0,0,147,-1
756,-576451663956,1.8302082271711122,2.2298465492652815,0.06729893247850334,-0.4628368182763173,0.08947714333901223,-0.3280711461850668,0,2409691,0.01,-0.32351041950000003,0.07744821689999995,0,0.06052083333333329,-0.11124166666666535,0,0,147,-1
757,-576451663945,1.8308857087367196,2.2252021058294567,0.06819657455792408,-0.4660662645394845,0.09152299806479826,-0.29153541631175445,0,2409701,0.01,-0.28640899950000004,0.09181005689999995,0,-0.14947916666666672,-0.08499166666666536,0,0,147,-1
758,-576451663935,1.8251485814134873,2.224409002438146,0.06626641857867126,-0.4672299564470244,0.04559355855876499,-0.3075055136238879,0,2409712,0.011,-0.3097469895,0.03914997689999995,0,-0.12322916666666671,-0.07624166666666532,0,1,148,1
759,-576451663925,1.8258132414351653,2.2197207773565077,0.06667935847625336,-0.4703889247658942,0.015278312544597807,-0.36667190037131747,0,2409722,0.01,-0.3749736795,0.011024706899999943,0,-0.2019791666666667,-0.38249166666666534,0,0,148,-1
760,-576451663915,1.826480423027921,2.214997606227355,0.06677381451576432,-0.4742030111027846,-0.026235859062161894,-0.47156073314931446,0,2409732,0.01,-0.48627793950000003,-0.03206081310000006,0,-0.2282291666666667,-0.25124166666666536,0,0,148,-1
761,-576451663905,1.8271471337257068,2.210231584717894,0.06655583861604261,-0.47898312671567495,0.00539033847041951,-0.5175279919980929,0,2409742,0.01,-0.5239777695,0.009827886899999937,0,-0.0444791666666667,-0.3649916666666654,0,0,148,-1
762,-576451663896,1.8278139727017557,2.205416080878328,0.06676762527779642,-0.4841265805772294,0.117910745823682,-0.49484617080632837,0,2409752,0.01,-0.4916636295000001,0.13369875689999997,0,-0.2019791666666667,-0.3912416666666654,0,0,148,-1
763,-576451663885,1.828488046079414,2.200550753211958,0.0680250658718606,-0.4889687764453549,0.17373826269606654,-0.41911119720775025,0,2409762,0.01,-0.4084846395000001,0.18157155689999996,0,-0.2282291666666667,-0.24249166666666533,0,0,148,-1
764,-576451663874,1.8266252575132034,2.1927796568072733,0.06869741929892134,-0.49433516255491333,0.20632151544262603,-0.3079857482361106,0,2409772,0.01,-0.29239309950000003,0.21089364689999993,0,-0.14947916666666672,-0.2074916666666653,0,1,149,2
765,-576451663864,1.8273926869610755,2.1873237387897575,0.07086094970571077,-0.49766449398066004,0.1368622454273054,-0.2696472036181198,0,2409783,0.011,-0.2642678295,0.12711624689999995,0,-0.1932291666666667,-0.3474916666666653,0,0,149,-1
766,-576451663854,1.828106794620213,2.1823336955335515,0.0720246842014307,-0.5003483207750903,-0.007601837483002388,-0.2607315293639117,0,2409793,0.01,-0.25948054950000005,-0.027871943100000057,0,-0.1319791666666667,-0.2687416666666653,0,0,149,-1
767,-576451663813,1.8288263061192271,2.177316597276666,0.07189346140470543,-0.5030455205380531,-0.04689362689446673,-0.3247068563156347,0,2409803,0.01,-0.33368338950000004,-0.05240675310000006,0,-0.0532291666666667,-0.1812416666666653,0,0,149,-1
769,-576451663812,1.8302567535485217,2.1671895524308527,0.07126116590371019,-0.5097259561968397,0.010859091272593591,-0.3078733739829108,0,2409823,0.01,-0.3025660695,0.01581198689999995,0,-0.1669791666666667,-0.22499166666666537,0,0,149,-1
770,-576451663811,1.8309698340284286,2.1620770824640494,0.07135817933092208,-0.5127760695385757,0.0026078925864413734,-0.2874758022309896,0,2409833,0.01,-0.2846137695,0.0014501468999999479,0,-0.1669791666666667,-0.1549916666666653,0,0,149,-1
771,-576451663720,1.8316825752726655,2.1569344613283974,0.0712326227932667,-0.5157268293154518,-0.10546195136203129,-0.3416418763550015,0,2409843,0.01,-0.34924204950000004,-0.12062549310000006,0,-0.1407291666666667,-0.11124166666666535,0,0,149,-1
772,-576451663720,1.8323894099205311,2.151760498966557,0.07014388206105869,-0.5190826487611149,-0.12977998136905294,-0.29845303106176746,0,2409853,0.01,-0.29239309950000003,-0.13319210310000007,0,-0.3944791666666667,-0.07624166666666532,0,0,149,-1
773,-576451663719,1.8330852616735531,2.146555245478626,0.06898694027097069,-0.5219897713586903,-0.029391135395360188,-0.24328492076857477,0,2409863,0.01,-0.23554414950000005,-0.015305333100000047,0,-0.2807291666666667,-0.13749166666666535,0,0,149,-1
775,-576451663718,1.8344674931126455,2.1360753408461672,0.06970642637545159,-0.5255205309938346,0.0625328379656688,-0.047132006244843844,0,2409883,0.01,-0.03447838950000003,0.05889750689999995,0,-0.1932291666666667,-0.22499166666666537,0,0,149,-1
776,-576451663718,1.8351675846540179,2.130817944639343,0.07031623666165875,-0.5259659725288017,0.051473166244940416,-0.028688502248101856,0,2409893,0.01,-0.026100649500000024,0.04992135689999995,0,-0.2807291666666667,-0.22499166666666537,0,0,149,-1
777,-576451663717,1.8358727096731569,2.125556488979716,0.07073554525140163,-0.5263093158072084,-0.01653440582935896,-0.06892603390743222,0,2409903,0.01,-0.07457185950000003,-0.026076713100000048,0,-0.1844791666666667,-0.11124166666666535,0,0,149,-1
778,-576451663716,1.8365792575186846,2.120289589145765,0.07057318618986429,-0.5270548571381519,-0.01440701277562421,-0.10903723031308057,0,2409913,0.01,-0.11466532950000004,-0.014108513100000058,0,-0.1407291666666667,-0.032491666666665364,0,0,149,-1
779,-576451663715,1.8372846485655834,2.1150130115976657,0.07048838957059235,-0.5282353596934891,0.027836936051569137,-0.17327263427936207,0,2409923,0.01,-0.18228565950000003,0.03376428689999994,0,-0.2544791666666667,-0.09374166666666528,0,0,149,-1
780,-576451663714,1.837991984690402,2.1097224702730255,0.07093236282554564,-0.5298937623169347,0.14586204745623943,-0.12030247143479739,0,2409933,0.01,-0.11287009950000002,0.16242243689999997,0,-0.1582291666666667,-0.19874166666666537,0,0,149,-1
781,-576451663703,1.8390706357614142,2.10419832439189,0.07270416766190638,-0.530966949219626,0.17245463448714166,-0.05081132577583224,0,2409944,0.011,-0.04106089950000003,0.17618586689999993,0,-0.2807291666666667,0.020008333333334738,0,1,151,2
782,-576451663693,1.8398051711267134,2.0988871708166883,0.074256961619473,-0.531314081181704,0.051354544098015126,0.06269478323500355,0,2409954,0.01,0.07862110049999999,0.03436269689999995,0,-0.12322916666666671,-0.2949916666666653,0,0,151,-1
783,-576451663683,1.840549414080813,2.0935781687739836,0.07463160231270552,-0.5305311090652125,-0.04751085879563602,0.1737451976901074,0,2409964,0.01,0.18932695049999998,-0.061382903100000066,0,-0.17572916666666671,-0.1812416666666653,0,0,151,-1
784,-576451663671,1.8295954012582976,2.0957213884401957,0.06883709269858891,-0.5248816293750461,-0.08906480279539339,0.1816380291850115,0,2409975,0.011,0.1827444405,-0.09489386310000006,0,-0.2982291666666667,-0.032491666666665364,0,1,152,1
785,-576451663662,1.8303476131925451,2.089958456015802,0.06791420711989327,-0.5229160858578495,-0.052194433921143445,0.1605676556762532,0,2409986,0.011,0.15761122049999998,-0.047021063100000066,0,-0.0969791666666667,-0.17249166666666538,0,0,152,-1
786,-576451663651,1.8310245848400521,2.084736163710101,0.0674590702826495,-0.5214862439807776,-0.005150676697976739,0.03675146088923907,0,2409996,0.01,0.019378510499999974,0.0014501468999999479,0,-0.03572916666666671,-0.21624166666666533,0,0,152,-1
787,-576451663640,1.8317669246741322,2.0790005533794234,0.06748985508082213,-0.5212977409144933,0.05206610200184478,-0.10443033020337693,0,2410007,0.011,-0.12423988950000002,0.060094326899999946,0,-0.2282291666666667,-0.11124166666666535,0,0,152,-1
788,-576451663631,1.8324444530343236,2.0737820455784184,0.06801454775923013,-0.5223890190978951,0.054908257213585936,-0.13754569272188993,0,2410017,0.01,-0.14219218950000004,0.05530704689999995,0,-0.12322916666666671,-0.22499166666666537,0,0,152,-1
789,-576451663620,1.8331278550072971,2.0685530308197855,0.06864301514400883,-0.5234922307611761,0.11140914095816104,0.05622056696382635,0,2410027,0.01,0.08340838049999999,0.11933691689999995,0,-0.0882291666666667,-0.21624166666666533,0,0,152,-1
790,-576451663609,1.8264675066082634,2.0552567572084603,0.06649317530660094,-0.5264635999164656,0.088973124055526,0.19288919646204178,0,2410037,0.01,0.2120665305,0.08582595689999994,0,-0.2282291666666667,-0.21624166666666533,0,1,153,2
791,-576451663598,1.8272715969603615,2.048954157392931,0.06752946881522622,-0.5240008927667833,0.06994511321936518,0.282650845907089,0,2410049,0.012,0.29524552049999997,0.06727524689999996,0,-0.26322916666666674,-0.17249166666666538,0,0,153,-1
792,-576451663588,1.827950523541778,2.043728088619903,0.06824888270180848,-0.5212029333747742,0.08387186114385337,0.2627339223217665,0,2410059,0.01,0.2599393305,0.08582595689999994,0,-0.10572916666666671,-0.1287416666666653,0,0,153,-1
793,-576451663579,1.8286376421043966,2.038528265881254,0.06915498111188205,-0.5187193157374899,0.13176590721314507,0.1605755231004737,0,2410069,0.01,0.1462414305,0.13848603689999994,0,-0.2807291666666667,-0.13749166666666535,0,0,153,-1
794,-576451663568,1.8293361451261565,2.03334852999772,0.07052952533610131,-0.5172026511135039,0.1722944402051343,0.09710181090248368,0,2410079,0.01,0.08819566049999998,0.17798109689999997,0,-0.07947916666666671,-0.1812416666666653,0,0,153,-1
795,-576451663559,1.8300503498875702,2.028180906359674,0.07229849423518162,-0.5163022371656658,0.2050945622735105,0.04678458273958078,0,2410089,0.01,0.03972445049999999,0.20969682689999997,0,-0.4032291666666667,-0.1549916666666653,0,0,153,-1
796,-576451663548,1.8307832439035876,2.0230198092468488,0.07429546001543727,-0.5158990398657204,0.16662357444589157,7.101112652536726e-4,0,2410099,0.01,-0.005754709500000013,0.16122561689999995,0,-0.0444791666666667,-0.11999166666666539,0,0,153,-1
799,-576451663506,1.8181292203783626,2.0167674478846833,0.07192502502821038,-0.5092743361140115,0.16239933685581043,0.1200007164444258,0,2410131,0.01,0.12050980049999999,0.17139858689999996,0,-0.4032291666666667,-0.006241666666665369,0,0,154,-1
800,-576451663505,1.8188567143440346,2.0116811599366025,0.07356821994480102,-0.5080036461774716,0.1760638025932261,0.1703009963162226,0,2410141,0.01,0.1773587505,0.17798109689999997,0,-0.21947916666666673,-0.16374166666666534,0,0,154,-1
801,-576451663496,1.819600553992853,2.00661004351193,0.07522811280653673,-0.5062374520037297,0.10427636610761339,0.21532382787956217,0,2410151,0.01,0.2216410905,0.09420369689999995,0,-0.06197916666666671,-0.1549916666666653,0,0,154,-1
802,-576451663437,1.8203577290633797,2.0015579756720423,0.07622092847678577,-0.504155965507411,0.06867947321893983,0.16418782675791732,0,2410161,0.01,0.1570128105,0.06368478689999994,0,-7.291666666666974e-4,-0.11124166666666535,0,0,154,-1
803,-576451663435,1.8211227907516745,1.996523800342671,0.07681689944690666,-0.5026429376733126,0.003949987876108105,0.07235698805305754,0,2410171,0.01,0.05947198049999999,-0.00513236310000005,0,-0.2107291666666667,-0.04124166666666529,0,0,154,-1
804,-576451663435,1.8218907603642296,1.9914995058545528,0.07679441710381445,-0.5021509665359125,-0.04022443303456716,-0.09270228310281889,0,2410181,0.01,-0.11586214950000001,-0.04642265310000006,0,-0.2719791666666667,-0.16374166666666534,0,0,154,-1
805,-576451663435,1.8226567293449918,1.9864737820956553,0.07639779992589016,-0.5030122370263501,-0.036213988318412216,-0.045840903282538266,0,2410191,0.01,-0.039265669500000024,-0.03565127310000006,0,-0.2019791666666667,0.04625833333333462,0,0,154,-1
806,-576451663434,1.823419297121415,1.9814421927125176,0.07609820397236897,-0.5033417976717727,0.008360773966081834,0.045988731826402986,0,2410201,0.01,0.058873570499999986,0.01461516689999996,0,-0.0707291666666667,0.0637583333333347,0,0,154,-1
807,-576451663335,1.8241802514236773,1.9764122553790535,0.0761121931728923,-0.5026974368672522,-0.04125602919068117,0.17746211188610161,0,2410211,0.01,0.1959094605,-0.04821788310000007,0,-0.3069791666666667,-0.06749166666666528,0,0,154,-1
808,-576451663334,1.8192341458396462,1.9651452447863713,0.07303062200213292,-0.5036257005415681,-0.14287129097333243,0.29754479952143786,0,2410221,0.01,0.3143946405,-0.1571285031000001,0,-0.10572916666666671,-0.08499166666666536,0,1,155,2
809,-576451663333,1.8200286211077055,1.9596243350099654,0.07142794054013911,-0.5002100237250897,-0.16324584942150883,0.3910378973415169,0,2410232,0.011,0.4041561405,-0.16610465310000008,0,-0.2282291666666667,-0.10249166666666532,0,0,155,-1
810,-576451663333,1.820734929831587,1.954641776352216,0.06982467436080626,-0.49630119154745944,-0.14266268656824457,0.3899473217978121,0,2410242,0.01,0.3897943005,-0.13977461310000006,0,2.1167708333333333,-0.1812416666666653,0,0,155,-1
811,-576451663333,1.8214267165867428,1.9496972971976867,0.068502616758682,-0.4925515798292824,-0.06823550178879408,0.2832833507971819,0,2410252,0.01,0.26831707050000003,-0.05779244310000005,0,-0.2719791666666667,-0.08499166666666536,0,0,155,-1
812,-576451663332,1.8221089325244455,1.9447857331216647,0.06791412302054443,-0.48975189390292256,-0.0013519380384055674,0.259663086967411,0,2410262,0.01,0.25634887050000005,0.008032656899999945,0,-0.2282291666666667,-0.09374166666666528,0,0,155,-1
813,-576451663332,1.8227883300334888,1.9399016899311932,0.06795117751759261,-0.4870783435009604,0.034691100766246014,0.3144821718348595,0,2410272,0.01,0.3221739705,0.03974838689999995,0,-0.3332291666666667,-0.11999166666666539,0,0,155,-1
814,-576451663332,1.823469517197038,1.9350477567784028,0.06828884847815964,-0.4837576467427012,0.028105779314081765,0.43982717000293914,0,2410282,0.01,0.45741463050000003,0.02718177689999995,0,-0.1582291666666667,0.13375833333333476,0,0,155,-1
815,-576451663331,1.8241530681797888,1.9302310702434278,0.06845390216106138,-0.4795313883643714,-0.054569775604984765,0.3172341274365533,0,2410292,0.01,0.30003280050000003,-0.06617018310000006,0,-0.21947916666666673,0.10750833333333465,0,0,155,-1
816,-576451663331,1.8248345987224313,1.9254509591962237,0.0678644773029077,-0.4764619452409922,-0.08573387305326056,0.2438991052133985,0,2410302,0.01,0.23360929049999998,-0.09010658310000007,0,-0.21947916666666673,-0.11999166666666539,0,0,155,-1
830,-576451663191,1.7950040289412748,1.876013524486165,0.04384397496043829,-0.4340682484698382,-0.187020640846813,0.3630314734880161,0,2410444,0.01,0.3508976505,-0.19303310310000008,0,-0.3594791666666667,0.03750833333333459,0,1,158,1
831,-576451663190,1.7954769718232475,1.8712602734119188,0.042078228019983524,-0.4301447956060074,0.0039734000946766435,0.31723061058381063,0,2410455,0.011,0.31080418049999997,0.030772236899999944,0,-0.1582291666666667,0.09875833333333461,0,0,158,-1
832,-576451663183,1.7887886032162874,1.8587782146510599,0.0390436822866209,-0.43045496740158,0.07995160673395658,0.496840412120393,0,2410465,0.01,0.5220429105,0.09061323689999995,0,-0.07947916666666671,0.10750833333333465,0,1,159,2
833,-576451663171,1.7892237271452078,1.854073970788005,0.040041676822943364,-0.4248861924350768,0.1575223920065833,0.5645974292068318,0,2410476,0.011,0.5741045805,0.16840653689999996,0,-0.1144791666666667,0.04625833333333462,0,0,159,-1
834,-576451663160,1.7896316832049457,1.8498537442881198,0.04156567784184437,-0.4191785173855622,0.12141165230999146,0.6080948254119393,0,2410486,0.01,0.6141980505000001,0.11634486689999995,0,-0.1407291666666667,0.08125833333333476,0,0,159,-1
835,-576451663150,1.7900535316932744,1.8456929248357754,0.04279862026908145,-0.4130104186161035,0.13481074739294413,0.6701230061239161,0,2410496,0.01,0.6788263305,0.13669080689999996,0,-0.2019791666666667,0.14250833333333457,0,0,159,-1
836,-576451663140,1.7783717704759,1.849636039820723,0.038836999721680435,-0.401757676446756,0.08817843628127889,0.73705617811511,0,2410507,0.011,0.7464466605000002,0.08163708689999996,0,-7.291666666666974e-4,0.2037583333333346,0,1,160,1
837,-576451663128,1.7787641651245478,1.8456556031804732,0.03965929511445022,-0.394342688358621,0.046232353448867454,0.7683813848225489,0,2410517,0.01,0.7727767005,0.04034679689999995,0,-0.07947916666666671,0.09000833333333458,0,0,160,-1
838,-576451663120,1.7791626779643177,1.8417515262563042,0.04006054419012384,-0.38651410837665134,0.002762260940234157,0.8714187658341063,0,2410527,0.01,0.8858761905000001,-0.003337133100000041,0,-0.1319791666666667,0.07250833333333473,0,0,160,-1
839,-576451663110,1.779563184778294,1.8379310092804464,0.040051202571124885,-0.37763557518910973,-0.023577708190011898,0.9885279123147882,0,2410537,0.01,1.0049597805000001,-0.02727353310000007,0,-0.2282291666666667,0.3087583333333346,0,0,160,-1
840,-576451663098,1.780000982468153,1.8338365412165756,0.03959628352549037,-0.366803047945948,-0.1517157534025081,0.9614804811261128,0,2410548,0.011,0.9576853905000001,-0.16969511310000004,0,0.008020833333333297,-0.17249166666666538,0,0,160,-1
841,-576451663089,1.780387545495903,1.8302130777179113,0.03780296632884958,-0.35772214278405184,-0.3464318374109715,0.5850357527445935,0,2410558,0.01,0.5322158805,-0.3737529231000001,0,-0.10572916666666671,0.11625833333333468,0,0,160,-1
843,-576451663027,1.7766089394000772,1.8162924910056963,0.03204553755195815,-0.35025914267507396,0.2104621536733906,0.383412896904854,0,2410582,0.013,0.39637681049999995,0.24859347689999997,0,-2.301979166666667,-0.16374166666666534,0,0,161,-1
844,-576451663026,1.7769411893512892,1.812811823570533,0.03433338402420282,-0.3460287087134487,0.33678708903955223,0.6566454751945392,0,2410592,0.01,0.6949834005,0.3545120469,0,-0.2982291666666667,0.21250833333333463,0,0,161,-1
845,-576451663026,1.7773013942328229,1.8093861077123485,0.037706149605685614,-0.33919528784835135,0.3402611613884646,0.8461248589200848,0,2410602,0.01,0.8727111705000001,0.3407486169,0,-0.14947916666666672,0.12500833333333472,0,0,161,-1
846,-576451663025,1.7776927144314967,1.8060370876430567,0.04067986315100379,-0.3306364788749947,0.034743509178007226,0.9156201918918806,0,2410612,0.01,0.9253712504999999,-0.008124413100000064,0,-0.1582291666666667,0.1775083333333347,0,0,161,-1
847,-576451662912,1.778099539588003,1.8027768449011692,0.040760262278283416,-0.32142704084261875,-0.1555598039838785,0.9535589336852077,0,2410622,0.01,0.9588822105000001,-0.18226172310000008,0,-0.2807291666666667,0.09875833333333461,0,0,161,-1
848,-576451662911,1.778498281519469,1.7996097002745322,0.039035586310850696,-0.31197767930572473,-0.27605991102038285,0.8921052638609598,0,2410632,0.01,0.8834825505,-0.29296757310000004,0,-0.2107291666666667,0.16000833333333464,0,0,161,-1
849,-576451662911,1.7788757761577467,1.796534258068127,0.03642206561586119,-0.30309889881699764,-0.17123792063286764,0.8619781314666767,0,2410642,0.01,0.8577509205,-0.15653009310000007,0,-0.1844791666666667,0.23875833333333474,0,0,161,-1
850,-576451662911,1.7792326729226857,1.7935462450995212,0.03490303000672015,-0.294498309201198,-0.03344287055609882,0.848300300161922,0,2410652,0.01,0.8463811305000001,-0.014108513100000058,0,-0.12322916666666671,0.21250833333333463,0,0,161,-1
851,-576451662910,1.779580895346805,1.7906442182478337,0.03470357719406935,-0.2859307810223088,0.06275380780333463,0.9085409928946907,0,2410662,0.01,0.9169935105,0.07625139689999995,0,-0.2107291666666667,0.04625833333333462,0,0,161,-1
852,-576451662910,1.779931071429406,1.7878322522842445,0.03533152448956908,-0.27654633005233414,0.0630454551534298,1.1216661264502132,0,2410672,0.01,1.1515702305,0.06308637689999995,0,-0.1669791666666667,-0.1287416666666653,0,0,161,-1
853,-576451662910,1.7802872799556153,1.7851221366524546,0.035921531373099454,-0.2654445560770904,0.03421859369951115,1.0397864994233372,0,2410682,0.01,1.0282977705,0.03017382689999995,0,-0.0707291666666667,-0.02374166666666533,0,0,161,-1
854,-576451662910,1.7806844499622199,1.7822652292967076,0.036292522467927454,-0.253995851167457,0.03067152474253749,1.0470290769000885,0,2410693,0.011,1.0480453005,0.03017382689999995,0,-0.1669791666666667,-0.006241666666665369,0,0,161,-1
855,-576451662909,1.7810492175820916,1.7797793416309362,0.03664625218312465,-0.24326380087523983,0.06382081029831108,1.2315922888916222,0,2410703,0.01,1.2574888005,0.06847206689999995,0,-0.0707291666666667,-0.05874166666666536,0,0,161,-1
857,-576451662822,1.7818019293159884,1.775163743525431,0.03901841067758828,-0.21810777121871852,0.22088329372047455,1.2674784968397135,0,2410723,0.01,1.2658665404999998,0.23064117689999994,0,-0.1669791666666667,0.14250833333333457,0,0,161,-1
858,-576451662821,1.7822434001139078,1.7728416589694935,0.041288189287535894,-0.20410439292608784,0.11608861260299777,1.307522288970287,0,2410734,0.011,1.3131409305000001,0.10138461689999995,0,-0.10572916666666671,0.11625833333333468,0,0,161,-1
859,-576451662821,1.7755280860052256,1.7624965785021116,0.039065790610037454,-0.1934073332422092,-0.0369225940477241,1.3155972357842507,0,2410745,0.011,1.3167313905,-0.05839085310000007,0,-0.2544791666666667,0.2562583333333346,0,1,163,2
860,-576451662821,1.7759556100975191,1.7604495953599641,0.038665408770698254,-0.17880627997377943,-0.033183819604131436,1.3995066387893749,0,2410756,0.011,1.4112801705000002,-0.032659223100000065,0,-0.2019791666666667,-0.08499166666666536,0,0,163,-1
861,-576451662820,1.7763417644134152,1.7587330502059828,0.0385093850579706,-0.16457741084464414,0.09059887675619716,1.5641159754959237,0,2410766,0.01,1.5872127105000002,0.10796712689999995,0,-0.10572916666666671,-0.02374166666666533,0,0,163,-1
862,-576451662819,1.776731644775332,1.7571664634607465,0.03945521323724919,-0.148783898304055,0.11894944057596027,1.6725332937938682,0,2410776,0.01,1.6877455905,0.12292737689999995,0,-0.1144791666666667,0.09000833333333458,0,0,163,-1
863,-576451662819,1.7771320482999116,1.7557624136346357,0.0406297187543604,-0.13203321537643592,0.10826891704366368,1.6905967527874264,0,2410786,0.01,1.6931312805,0.10677030689999994,0,-0.3682291666666667,0.14250833333333457,0,0,163,-1
864,-576451662819,1.7775849797619263,1.7544125390653027,0.04174098214520113,-0.11340602768597265,0.05605131517960755,1.7106618395444961,0,2410797,0.011,1.7134772205,0.048724536899999955,0,-0.26322916666666674,0.09875833333333461,0,0,163,-1
865,-576451662818,1.7780044673914872,1.7533633602055145,0.04219116115582122,-0.09639861762473646,-0.02174362630528743,1.6407115369926286,0,2410807,0.01,1.6308966405,-0.032659223100000065,0,-0.17572916666666671,0.22125833333333467,0,0,163,-1
866,-576451662818,1.7784664590994086,1.7523987779640129,0.04183631757766371,-0.07885389029668387,-0.09743801934835095,1.3114654473462783,0,2410818,0.011,1.2652681305,-0.10805888310000004,0,-0.1144791666666667,-0.05874166666666536,0,0,163,-1
867,-576451662720,1.7788802207747565,1.7516727183511747,0.040903066259316105,-0.06620984144708916,-0.06844327583778277,0.9797012229380322,0,2410828,0.01,0.9331505805000001,-0.06437495310000006,0,-0.3594791666666667,-0.006241666666665369,0,0,163,-1
868,-576451662719,1.7707961040010185,1.7570949466158754,0.03650264972963707,-0.05350441859568992,0.017513536834970183,0.5054130653875532,0,2410839,0.011,0.4388639205,0.029575416899999946,0,-0.5432291666666668,-0.14624166666666538,0,1,164,1
869,-576451662719,1.7711993104333983,1.7565345303176856,0.03678682806030849,-0.04829612927778762,0.07689551729465635,0.2775495698427265,0,2410850,0.011,0.2455774905,0.08522754689999994,0,-0.4119791666666667,-0.05874166666666536,0,0,164,-1
870,-576451662719,1.7715708506186056,1.7560649080832638,0.037529641899546315,-0.04560218674244311,0.05848822824157991,0.220124045066134,0,2410860,0.01,0.2120665305,0.055905456899999956,0,-0.4644791666666667,-0.18999166666666534,0,0,164,-1
871,-576451662719,1.7719489512075859,1.7556200279661653,0.03809585544472448,-0.043379903717916425,0.04520293815252753,0.23509863016958474,0,2410870,0.01,0.2371997505,0.04333884689999994,0,-0.26322916666666674,-0.16374166666666534,0,0,164,-1
872,-576451662719,1.7723320560701763,1.7551977738449833,0.038530124966960115,-0.041061681791412,0.03254789647091877,0.21175190596027435,0,2410880,0.01,0.2084760705,0.030772236899999944,0,-0.1932291666666667,0.14250833333333457,0,0,164,-1
873,-576451662718,1.7727188669733753,1.7547957146449424,0.038837219403897505,-0.03926113998188631,0.01944562795237252,-0.01415117121102824,0,2410890,0.01,-0.04584817950000004,0.01760721689999996,0,-0.24572916666666672,0.2037583333333346,0,0,164,-1
874,-576451662718,1.773108121524945,1.7544021176534075,0.03901763228571102,-0.03944607210999134,0.009436992761932867,-0.04509660998221533,0,2410900,0.01,-0.04943863950000002,0.008032656899999945,0,-0.4119791666666667,0.05500833333333466,0,0,164,-1
875,-576451662718,1.773498857643941,1.7540054338987927,0.03912573710073747,-0.03989207237324535,0.019225778629427735,-0.04155748298667902,0,2410910,0.01,-0.04106089950000003,0.020599266899999955,0,-0.1144791666666667,0.09000833333333458,0,0,164,-1
876,-576451662718,1.7738910588366277,1.7536043684914315,0.03931526696191787,-0.04031808108557388,0.017281599399888024,-0.04899366129778191,0,2410920,0.01,-0.05003704950000001,0.017008806899999954,0,-0.1582291666666667,-0.07624166666666532,0,0,164,-1
877,-576451662613,1.7742850875813123,1.753198739206381,0.03948995627495019,-0.04080782890478703,0.018616704997627843,-0.048859108876369,0,2410930,0.01,-0.04884022950000003,0.018804036899999946,0,-0.1582291666666667,-0.02374166666666533,0,0,164,-1
878,-576451662612,1.7684551485545532,1.7572123006078828,0.036947009739197116,-0.03940981594634375,0.035573132502959307,-0.042544803620224364,0,2410941,0.011,-0.04165930950000003,0.03795315689999995,0,-0.2544791666666667,-0.032491666666665364,0,1,166,1
879,-576451662612,1.7688264350363059,1.7568159709055795,0.03730867775436601,-0.0398512805409667,0.039759410138477516,-0.05383814359585095,0,2410951,0.01,-0.05542273950000001,0.04034679689999995,0,-0.1844791666666667,-0.13749166666666535,0,0,166,-1
880,-576451662611,1.7692014196214259,1.7564147155876406,0.037692249515870586,-0.04039751284164097,0.029778975828099873,-0.059425977045242225,0,2410961,0.01,-0.0602100195,0.02837859689999995,0,-0.28947916666666673,-0.049991666666665324,0,0,166,-1
881,-576451662610,1.7695798294517258,1.7560076969044423,0.03798978875581238,-0.04100304778211227,0.029600464286998085,-0.06746042643296579,0,2410971,0.01,-0.06858775950000004,0.029575416899999946,0,-0.1932291666666667,-0.032491666666665364,0,0,166,-1
882,-576451662610,1.7699611458646416,1.7555943175293605,0.038276190126761575,-0.041673884831162376,0.02275639486839187,-0.06477560351144075,0,2410981,0.01,-0.06439888950000004,0.021796086899999942,0,-0.2282291666666667,0.2300083333333347,0,0,166,-1
883,-576451662610,1.770345014444917,1.755174366443476,0.03849889079167136,-0.0423174956811682,0.019290364080603396,-0.06182135698978824,0,2410991,0.01,-0.061406839500000004,0.018804036899999946,0,-0.2107291666666667,0.14250833333333457,0,0,166,-1
884,-576451662609,1.7707309168912009,1.7547481178291815,0.03868383274078082,-0.04293299021448209,0.013616105828322782,-0.059883513076333085,0,2411001,0.01,-0.059611609500000017,0.012819936899999952,0,-0.3157291666666667,0.03750833333333459,0,0,166,-1
887,-576451662575,1.7718951475238722,1.7534362795175196,0.038865917748805025,-0.044445936283064695,0.001553275674502785,-0.04074775465034794,0,2411031,0.01,-0.039864079500000024,0.0014501468999999479,0,-0.1319791666666667,0.07250833333333473,0,0,166,-1
888,-576451662574,1.7722839354153772,1.752989686003778,0.038889423212548936,-0.044868525699148135,0.007235386200166796,-0.05151791254210912,0,2411041,0.01,-0.0530290995,0.008032656899999945,0,-0.26322916666666674,-0.13749166666666535,0,0,166,-1
889,-576451662574,1.7637813506383688,1.758830596436354,0.035021981149855164,-0.042709268486796875,0.014755582920340179,-0.04339653594692209,0,2411052,0.011,-0.04225771950000002,0.01581198689999995,0,-0.26322916666666674,-0.13749166666666535,0,1,168,1
890,-576451662573,1.7641676059942195,1.7583579832301004,0.03520189628568928,-0.043213399943694546,0.026177543874569505,-0.06076505104915923,0,2411063,0.011,-0.06320206950000003,0.027780186899999948,0,-0.3069791666666667,0.10750833333333465,0,0,168,-1
891,-576451662573,1.7645210649108565,1.757922800925949,0.035483553560246656,-0.043822594916453156,0.04017763954398585,-0.06185264636515985,0,2411073,0.01,-0.06200524949999999,0.04214202689999995,0,-0.3419791666666667,0.0637583333333347,0,0,168,-1
892,-576451662564,1.7648778441726076,1.7574815238809876,0.03587521445847987,-0.044434672608751974,0.032979101254768835,-0.05726347697947408,0,2411083,0.01,-0.05661955950000002,0.03196905689999995,0,-0.2544791666666667,0.27375833333333466,0,0,168,-1
893,-576451662554,1.765238289228225,1.757034172723541,0.03621186349919406,-0.04502934525438756,0.037865889760447365,-0.07296688610461859,0,2411093,0.01,-0.07517026950000003,0.038551566899999945,0,-0.23697916666666669,-0.032491666666665364,0,0,168,-1
894,-576451662544,1.7656022594045018,1.7565802890139857,0.036584002680697725,-0.04574994387313338,0.03321942380065858,-0.06650271325940718,0,2411103,0.01,-0.06559570950000004,0.032567466899999946,0,-0.2982291666666667,0.2650083333333346,0,0,168,-1
895,-576451662534,1.760675713576629,1.7492434657211469,0.034504807190986,-0.04942954365988445,0.036320601115634746,-0.06150963675522356,0,2411113,0.01,-0.060808429500000025,0.03675633689999996,0,-0.026979166666666707,0.1775083333333347,0,1,169,2
896,-576451662495,1.7610573527148556,1.7486961245635502,0.03488809808607839,-0.050090794963061416,0.02568239884488103,-0.05144872097780618,0,2411124,0.011,-0.05003704950000001,0.024189726899999948,0,-0.3682291666666667,-0.006241666666665369,0,0,169,-1
897,-576451662494,1.761407515486432,1.7481925482705205,0.035144554147997,-0.05061990036455271,0.02542295069828472,-0.06175585109185963,0,2411134,0.01,-0.06320206950000003,0.025386546899999942,0,-0.17572916666666671,-0.08499166666666536,0,0,169,-1
898,-576451662494,1.7617601417102662,1.7476833733965866,0.03538472999912873,-0.05122007083467263,0.015420258838766222,-0.04937990806255112,0,2411144,0.01,-0.047643409500000025,0.014016756899999957,0,-0.3682291666666667,-0.11124166666666535,0,0,169,-1
899,-576451662492,1.7621146026398122,1.7471687551497008,0.035514375447387767,-0.05170584126625011,-0.0020786401675805706,-0.04365886317457594,0,2411154,0.01,-0.04285612950000002,-0.004533953100000047,0,0.03427083333333329,-0.09374166666666528,0,0,169,-1
900,-576451662482,1.7625049973421163,1.746597362375723,0.0354714049895625,-0.052184213463434,-0.01525215526715939,-0.04243012651837394,0,2411165,0.011,-0.04225771950000002,-0.017100563100000056,0,-0.1319791666666667,-0.08499166666666536,0,0,169,-1
901,-576451662471,1.754759605965652,1.7520194545013725,0.03173137607103014,-0.050083732797516184,-0.006378482594204339,-0.04752618296943255,0,2411175,0.01,-0.04824181950000001,-0.00513236310000005,0,-0.1319791666666667,-0.09374166666666528,0,1,170,1
902,-576451662461,1.7551084400751502,1.7514655813362703,0.03168693799930797,-0.050617903539521204,0.010457622226217975,-0.054975866366428594,0,2411186,0.011,-0.0560211495,0.012819936899999952,0,-0.2719791666666667,0.028758333333334773,0,0,170,-1
903,-576451662450,1.7554577647706926,1.7509055279206243,0.031821344630534154,-0.05121272558887563,0.0230248050222619,-0.04854564889816797,0,2411197,0.011,-0.047643409500000025,0.02478813689999994,0,-0.1669791666666667,0.23875833333333474,0,0,170,-1
904,-576451662437,1.7557772571412862,1.7503909758960936,0.032070929851254266,-0.05169780367953961,0.036641039971951034,-0.04827920490278416,0,2411207,0.01,-0.04824181950000001,0.038551566899999945,0,-0.23697916666666669,-0.032491666666665364,0,0,170,-1
905,-576451662430,1.7560997233863849,1.7498714036482221,0.03242568349327677,-0.05220857190091492,0.02834571416913349,-0.0681879545792033,0,2411217,0.01,-0.07098139950000001,0.02718177689999995,0,-0.10572916666666671,0.16875833333333468,0,0,170,-1
906,-576451662420,1.7564254449728687,1.749346032834751,0.032716545733590965,-0.05287105898596416,0.033622323110317,-0.05436957923652558,0,2411227,0.01,-0.052430689500000016,0.03436269689999995,0,-0.23697916666666669,0.028758333333334773,0,0,170,-1
907,-576451662409,1.7508158749628788,1.7408605744259553,0.030358886437681247,-0.056889060836890916,0.043192181759634,-0.06788844755253455,0,2411237,0.01,-0.06978457950000005,0.044535666899999944,0,-0.3069791666666667,-0.05874166666666536,0,1,171,2
908,-576451662399,1.7511523938772544,1.7402306379803012,0.030827789768476714,-0.057643176600120215,0.039122582268301516,-0.07269992889152256,0,2411248,0.011,-0.07337503950000003,0.038551566899999945,0,-0.3419791666666667,-0.05874166666666536,0,0,171,-1
909,-576451662389,1.7514625547773899,1.7396506634555318,0.031207885554587318,-0.05835613010160294,0.03127494754822571,-0.06279642424105941,0,2411258,0.01,-0.061406839500000004,0.03017382689999995,0,0.01677083333333329,-0.05874166666666536,0,0,171,-1
910,-576451662379,1.7517759703544562,1.739063973384497,0.03148536229503264,-0.058982382213418255,0.006169564100548145,-0.061577824222217345,0,2411268,0.01,-0.061406839500000004,0.0026469668999999536,0,-0.2019791666666667,-0.05874166666666536,0,0,171,-1
911,-576451662369,1.752091052754378,1.7384710909001466,0.0315346218380817,-0.05959500423681257,-0.0026921364212933348,-0.05932876977992819,0,2411278,0.01,-0.059013199499999995,-0.003935543100000044,0,-0.28947916666666673,-0.02374166666666533,0,0,171,-1
912,-576451662359,1.7524061979807826,1.7378723136572765,0.031497334354550426,-0.060166549694671174,-0.01007987201313432,-0.04383348979172556,0,2411288,0.01,-0.04165930950000003,-0.011116463100000062,0,-0.3332291666666667,0.12500833333333472,0,0,171,-1
913,-576451662349,1.752720729887003,1.7372684500417779,0.03140630507555265,-0.06060589096209985,-0.0031172547971688863,-0.044550722798439336,0,2411298,0.01,-0.04465135950000003,-0.0021403131000000525,0,-0.4382291666666667,0.12500833333333472,0,0,171,-1
916,-576451662208,1.7477511426275436,1.7398003470719419,0.028826337640215517,-0.05999859182333843,0.011985601867292245,-0.03616606956169981,0,2411330,0.011,-0.03687202950000003,0.012819936899999952,0,-0.1844791666666667,-0.014991666666665293,0,0,172,-1
917,-576451662208,1.748069107840374,1.7391379227840953,0.028979553923451955,-0.06043219634553421,0.025836705042033663,-0.05935058407528722,0,2411341,0.011,-0.06260365950000005,0.027780186899999948,0,-0.10572916666666671,0.020008333333334738,0,0,172,-1
918,-576451662207,1.748389675621703,1.7384696552832632,0.0,0.0,0.0,0.0,1,2411352,0.011,-0.05123386950000001,0.04992135689999995,0,-0.0969791666666667,-0.014991666666665293,0,0,172,-1
919,-576451662207,1.748389958550357,1.7384691595368136,0.0,0.0,0.0,0.0,1,2411362,0.01,-0.0602100195,0.03436269689999995,0,-0.12322916666666671,0.028758333333334773,0,0,172,-1
920,-576451662206,1.7483902266775664,1.7384686481354896,4.160894976594389e-5,-7.936107666190771e-5,0.029609680818141457,-0.056474776700756145,0,2411372,0.01,-0.06439888950000004,0.03376428689999994,0,-0.3332291666666667,-0.006241666666665369,0,0,172,-1
921,-576451662206,1.7483921277015568,1.7384650060399482,3.3840005405477757e-4,-6.479693522735147e-4,0.030104410218709226,-0.05922563053162702,0,2411382,0.01,-0.059611609500000017,0.03017382689999995,0,-0.23697916666666669,0.13375833333333476,0,0,172,-1
922,-576451662205,1.7483969325870519,1.7384554865720494,6.26275372004419e-4,-0.0012524821178913521,0.020719295143335308,-0.06796055155938861,0,2411392,0.01,-0.06918616950000003,0.01940244689999995,0,-0.0969791666666667,0.16000833333333464,0,0,172,-1
923,-576451662205,1.7484041596358773,1.7384395493516032,8.222756854480701e-4,-0.0019343320578881409,0.012742377542564574,-0.06956013769265526,0,2411402,0.01,-0.06978457950000005,0.011623116899999963,0,-0.2982291666666667,0.1775083333333347,0,0,172,-1
924,-576451662205,1.7484129305411835,1.7384168629854544,9.358046653094333e-4,-0.0026088560951552636,0.0028396259742743627,-0.054538422734552214,0,2411412,0.01,-0.052430689500000016,0.0014501468999999479,0,-0.2807291666666667,-0.014991666666665293,0,0,172,-1
925,-576451662204,1.7484224714843986,1.7383879603843397,9.705908123471178e-4,-0.003167846021605915,0.007393668197789305,-0.06423513964758054,0,2411422,0.01,-0.06559570950000004,0.008032656899999945,0,-0.3069791666666667,-0.032491666666665364,0,0,172,-1
926,-576451662203,1.7484325238216574,1.7383531254545506,0.0010408957870406345,-0.003801562976012179,0.004805367626529533,-0.05808141370241774,0,2411432,0.01,-0.05721796950000001,0.004442196899999945,0,-0.2982291666666667,0.09000833333333458,0,0,172,-1
927,-576451662180,1.7484432361936977,1.7383122738494419,0.001098811178545816,-0.004371742408268251,0.011833765376648857,-0.05050210997612295,0,2411442,0.01,-0.04943863950000002,0.012819936899999952,0,-0.3157291666666667,-0.006241666666665369,0,0,172,-1
928,-576451662179,1.745871444343494,1.7401887233182436,7.417625212613357e-5,-0.004097435292652322,0.01532214554153753,-0.03854898505425568,0,2411453,0.011,-0.03687202950000003,0.01581198689999995,0,-0.21947916666666673,-0.10249166666666532,0,1,174,1
929,-576451662179,1.7458730287041695,1.7401458309562383,2.391706683026916e-4,-0.00448158343727274,0.02362337173301709,-0.037603151674028376,0,2411463,0.01,-0.03747043950000003,0.02478813689999994,0,-0.4469791666666667,0.03750833333333459,0,0,174,-1
930,-576451662174,1.7458766298246315,1.7400992119351244,4.7978873304307495e-4,-0.00484565456047576,0.026743924568267095,-0.029090333632317993,0,2411473,0.01,-0.027895879500000016,0.02718177689999995,0,-0.2807291666666667,0.020008333333334738,0,0,174,-1
931,-576451662163,1.7458834526971239,1.7400441662040624,7.633437243238202e-4,-0.005163248340166151,0.01978101904961721,-0.02751807668326839,0,2411484,0.011,-0.027297469500000015,0.018804036899999946,0,-0.2719791666666667,0.09875833333333461,0,0,174,-1
932,-576451662153,1.7458920280853938,1.7399910667168792,9.539844645075573e-4,-0.005452296191703809,0.014726034091464245,-0.03729538208184715,0,2411494,0.01,-0.03866725950000004,0.014016756899999957,0,-0.0532291666666667,0.04625833333333462,0,0,174,-1
933,-576451662143,1.7431734149435125,1.7361005281724171,-1.4887587914416993e-4,-0.007461189969034482,0.007281654882139531,-0.04427128314060321,0,2411504,0.01,-0.045249769500000016,0.0062374268999999365,0,-0.1144791666666667,-0.08499166666666536,0,1,175,2
934,-576451662133,1.743172292937437,1.7360235082565882,-7.587087598781221e-5,-0.007934564056333807,0.007415470856344185,-0.0661204587179315,0,2411514,0.01,-0.06918616950000003,0.007434246899999943,0,-0.23697916666666669,0.0637583333333347,0,0,175,-1
935,-576451662123,1.7431719334665723,1.7359408041736635,2.725001734722403e-6,-0.008603959036759026,0.010580599963512741,-0.07195760531343942,0,2411524,0.01,-0.07277662950000005,0.011024706899999943,0,-0.4469791666666667,0.0637583333333347,0,0,175,-1
936,-576451662112,1.7431725639623747,1.735851155525125,1.2012240362564875e-4,-0.009325279213568535,0.018841719232531563,-0.07320062797727012,0,2411534,0.01,-0.07337503950000003,0.02000085689999995,0,-0.23697916666666669,-0.02374166666666533,0,0,175,-1
937,-576451662103,1.7431747682672978,1.7357542366115437,3.180654909435735e-4,-0.010058236430490393,0.025630777657463046,-0.07387835585836516,0,2411544,0.01,-0.07397344950000001,0.02658336689999995,0,-0.0882291666666667,-0.07624166666666532,0,0,175,-1
938,-576451662092,1.7431799305633071,1.7356391254986758,6.164960742750074e-4,-0.010871025616481388,0.036436920768739896,-0.07396174847924242,0,2411555,0.011,-0.07397344950000001,0.03795315689999995,0,-0.2982291666666667,0.0637583333333347,0,0,175,-1
939,-576451662081,1.7431878906466567,1.7355267170595008,9.767969173734244e-4,-0.011610657654428732,0.033568370185030436,-0.07397200972038472,0,2411565,0.01,-0.07397344950000001,0.033165876899999946,0,-0.17572916666666671,0.11625833333333468,0,0,175,-1
940,-576451662071,1.7401806645467517,1.7377114969687537,-4.083711002925584e-6,-0.011444409551713434,0.041086659023151,-0.06872527078211181,0,2411576,0.011,-0.06798934950000002,0.04214202689999995,0,-0.10572916666666671,0.1775083333333347,0,1,176,1
941,-576451662060,1.7401830541848955,1.7375815700573651,4.403981570912961e-4,-0.012183213733006496,0.03623961710021463,-0.05758435797823692,0,2411587,0.011,-0.0560211495,0.03555951689999995,0,-0.0707291666666667,-0.032491666666665364,0,0,176,-1
942,-576451662050,1.7401891466460069,1.7374569107683842,7.840610466199523e-4,-0.012751148421746305,0.0230485478046296,-0.052015280288642,0,2411597,0.01,-0.05123386950000001,0.021197676899999948,0,-0.07947916666666671,-0.09374166666666528,0,0,176,-1
943,-576451662003,1.7401980632401013,1.737326842720535,0.0010026791267242342,-0.01326443886945905,0.014603317616733603,-0.047131802153446624,0,2411607,0.01,-0.046446589500000024,0.013418346899999954,0,-0.3157291666666667,-0.21624166666666533,0,0,176,-1
944,-576451662003,1.740208810850989,1.7371919462793437,0.0011472539605166632,-0.013719447877859137,0.01356415440842288,-0.03551058118143875,0,2411617,0.01,-0.03387997950000003,0.013418346899999954,0,-0.3419791666666667,0.05500833333333466,0,0,176,-1
945,-576451662003,1.7402209038612284,1.737052951395671,0.0012738799566198978,-0.014078437986619754,0.007138961315838995,-0.03827883859303382,0,2411627,0.01,-0.03866725950000004,0.0062374268999999365,0,-0.4469791666666667,0.10750833333333465,0,0,176,-1
946,-576451661997,1.740234025510072,1.7369102735881095,0.0013493145604064976,-0.014458022666989288,0.010021798962533805,-0.0359955791644582,0,2411637,0.01,-0.03567520950000004,0.01042629689999994,0,-0.17572916666666671,0.028758333333334773,0,0,176,-1
947,-576451661996,1.7402481973808055,1.7367638536733068,0.0014772744068254028,-0.014824211203288458,0.02979328217014093,-0.040437625247683344,0,2411647,0.01,-0.04106089950000003,0.032567466899999946,0,-0.1669791666666667,0.04625833333333462,0,0,176,-1
948,-576451661988,1.737380772951448,1.7324711861709936,5.100328136477534e-4,-0.01702793912024948,0.03799831636411291,-0.060926095905572145,0,2411658,0.011,-0.06380047950000005,0.03914997689999995,0,-0.2719791666666667,0.16875833333333468,0,1,177,2
949,-576451661978,1.7373886478189897,1.7322802222932918,9.231001928080338e-4,-0.01769392288572581,0.03481005024650112,-0.05819902186794622,0,2411669,0.011,-0.05781637950000002,0.03436269689999995,0,-0.1932291666666667,0.16875833333333468,0,0,177,-1
950,-576451661968,1.737399148732518,1.732100249146629,0.0011998450041109192,-0.01829481274254256,-0.01543609471648573,-0.07150767072247201,0,2411679,0.01,-0.07337503950000003,-0.022486253100000048,0,-0.1319791666666667,0.12500833333333472,0,0,177,-1
951,-576451661958,1.7374103764214346,1.7319136823103027,0.0010456451979937791,-0.019016615174414404,-0.01532142297060013,-0.07629392812341454,0,2411689,0.01,-0.07696549950000002,-0.015305333100000047,0,-0.26322916666666674,0.18625833333333475,0,0,177,-1
952,-576451661947,1.7374202274259691,1.7317198188943297,9.174905019440709e-4,-0.01976123292889045,0.0025351130511315073,-0.06323865632821218,0,2411699,0.01,-0.061406839500000004,0.005040606899999948,0,-0.5082291666666667,0.020008333333334738,0,0,177,-1
953,-576451661937,1.7323682987535953,1.7354656105291983,-0.0013412625701363036,-0.018777965531388444,0.00788029477730087,-0.0495619767137671,0,2411710,0.011,-0.047643409500000025,0.008631066899999948,0,-0.24572916666666672,0.05500833333333466,0,1,178,1
954,-576451661927,1.7323553199284272,1.7352753346738812,-0.001256316177434086,-0.019276408811926504,0.012212127018918544,-0.05155292475480848,0,2411720,0.01,-0.05183227950000003,0.012819936899999952,0,-0.1669791666666667,-0.032491666666665364,0,0,178,-1
955,-576451661917,1.7323433722502706,1.7350800713616568,-0.0011334459945251685,-0.019779748078205806,0.01274514750385397,-0.04287669265489785,0,2411730,0.01,-0.04165930950000003,0.012819936899999952,0,-0.24572916666666672,-0.19874166666666537,0,0,178,-1
956,-576451661907,1.7323327086776532,1.7348802010051207,-0.0010007473416381325,-0.020197442978774623,0.01648417490316068,-0.0349870012268553,0,2411740,0.01,-0.03387997950000003,0.017008806899999954,0,-0.4119791666666667,-0.02374166666666533,0,0,178,-1
957,-576451661897,1.7323235436930426,1.7346764435093271,-8.330510068243668e-4,-0.020552577884639284,0.018518584025201016,-0.0387391907005955,0,2411750,0.01,-0.039265669500000024,0.018804036899999946,0,-0.1932291666666667,-0.032491666666665364,0,0,178,-1
958,-576451661886,1.7323154428033312,1.7344479727389113,-6.377744583688263e-4,-0.020985820828200816,0.012996363102157994,-0.043399105552668335,0,2411761,0.011,-0.04405294950000001,0.012221526899999948,0,-0.1582291666666667,-0.14624166666666538,0,0,178,-1
959,-576451661876,1.730503812141468,1.7316026625658973,-0.0013044013005113803,-0.02251884190581355,0.028584757842097606,-0.046596593287222716,0,2411771,0.01,-0.047044999500000004,0.030772236899999944,0,-0.1319791666666667,0.028758333333334773,0,1,179,2
960,-576451661865,1.730490998393983,1.7313522868561488,-0.0010183108400863491,-0.023009552582714667,0.010036761256509673,-0.03229606174193307,0,2411782,0.011,-0.03028951950000001,0.007434246899999943,0,-0.24572916666666672,-0.04124166666666529,0,0,179,-1
961,-576451661855,1.730481193054135,1.7311207103763364,0.0,0.0,0.0,0.0,1,2411792,0.01,-0.015927679500000028,-0.00513236310000005,0,-0.0882291666666667,0.12500833333333472,0,0,179,-1
962,-576451661845,1.7304813611659577,1.7311208687889383,0.0,0.0,0.0,0.0,1,2411802,0.01,0.019976920499999974,0.021197676899999948,0,-0.026979166666666707,0.08125833333333476,0,0,179,-1
963,-576451661835,1.7304817737934604,1.7311209555479163,0.0,0.0,0.0,0.0,1,2411812,0.01,0.011000770499999982,0.052314996899999945,0,-0.1669791666666667,0.08125833333333476,0,0,179,-1
964,-576451661824,1.7304826953276025,1.7311204433561882,1.4389854138712393e-4,-7.997908816986318e-5,0.1025537163895068,-0.0569995539350825,0,2411822,0.01,-0.06499729950000002,0.11694327689999996,0,-0.2107291666666667,-0.22499166666666537,0,0,179,-1
965,-576451661814,1.7304884135334286,1.7311155094111257,0.001036930503881115,-8.505250080673003e-4,0.008118123785852166,-0.19993050177996016,0,2411832,0.01,-0.21998548950000002,-0.00513236310000005,0,-0.2982291666666667,0.1775083333333347,0,0,179,-1
966,-576451661804,1.7283784530359734,1.732786912193406,2.514510556945467e-4,-0.0022045709633931035,0.06891704308337494,-0.10783917052402352,0,2411843,0.011,-0.0949177995,0.07744821689999995,0,-0.28947916666666673,0.09000833333333458,0,1,180,1
967,-576451661792,1.7283877373075163,1.7327565087943722,0.0013478339663901538,-0.0033401670396566215,0.2884084812232935,-0.0749918733760275,0,2411854,0.011,-0.07038298950000003,0.3192058569,0,-0.2719791666666667,0.3350083333333347,0,0,180,-1
968,-576451661782,1.7284222687110895,1.7327150879800692,0.004841392867705627,-0.004185563744622853,0.4964644672292052,-0.08826774918756473,0,2411865,0.011,-0.0901305195,0.5256573069,0,-0.4382291666666667,0.22125833333333467,0,0,180,-1
969,-576451661772,1.7284966918245197,1.7326687348176881,0.009985510888095565,-0.005080996604445892,0.6228224342833577,-0.09724819182697657,0,2411875,0.01,-0.09850825950000001,0.6405520269,0,-0.06197916666666671,0.43125833333333463,0,0,180,-1
970,-576451661760,1.7286293304324398,1.7326136749632333,0.016468615156781816,-0.005958426640630548,0.8042000535306286,-0.029607393813237695,0,2411885,0.01,-0.020116549500000032,0.8296495868999999,0,-0.1319791666666667,0.2037583333333346,0,0,180,-1
971,-576451661752,1.7288332471712486,1.7325526663134172,0.024357820348200044,-0.006245766033769734,0.695323780637737,-0.02338348169453974,0,2411895,0.01,-0.022510189500000024,0.6800470869,0,-0.0969791666666667,0.29125833333333473,0,0,180,-1
972,-576451661696,1.7276223556438546,1.7302942921309363,0.030241486549201047,-0.007291490598861897,0.41481506251731504,0.04455366585422301,0,2411905,0.01,0.054086290499999974,0.3754563969,0,-0.1582291666666667,0.22125833333333467,0,1,181,2
973,-576451661696,1.7279770104898269,1.7302170835123858,0.03434972939884817,-0.006760600925394167,0.11686120483527568,0.07128052948514434,0,2411916,0.011,0.07503064049999998,0.07505457689999995,0,-0.0182291666666667,-0.02374166666666533,0,0,181,-1
974,-576451661696,1.7283258090189195,1.7301533559655813,0.03543582925414111,-0.005999963467417803,0.058682905139568205,0.10500627886232895,0,2411926,0.01,0.10973842049999998,0.05051976689999994,0,0.0430208333333333,0.14250833333333457,0,0,181,-1
975,-576451661695,1.7286848590294817,1.7300983544549535,0.03629572563465051,-0.0049890458868548015,0.2530386774224858,0.07714473171015875,0,2411936,0.01,0.07323541049999997,0.28030920689999994,0,-0.3332291666666667,0.09875833333333461,0,0,181,-1
976,-576451661695,1.7290636095768714,1.7300519741198295,0.03931627127585933,-0.004271751705402023,0.6023155257532893,0.03855636742161446,0,2411946,0.01,0.03314194049999999,0.6513234068999999,0,-0.1844791666666667,0.03750833333333459,0,0,181,-1
977,-576451661690,1.7295334274939211,1.730005227772223,0.04607300947329277,-0.004152818704620103,0.6883248501319129,-0.1614089597762488,0,2411957,0.011,-0.18946657950000007,0.7003930269,0,-0.17572916666666671,0.04625833333333462,0,0,181,-1
978,-576451661680,1.7300294546577228,1.7299542950086744,0.05309035181164079,-0.005970011222553806,0.7828724272022113,-0.3046138186584266,0,2411967,0.01,-0.3247072395000001,0.7961386268999999,0,-0.1669791666666667,0.002508333333334667,0,0,181,-1
979,-576451661670,1.7280480439136248,1.7319439406534611,0.05984889170140539,-0.008189652799982674,0.8538057793272926,-0.3264328429963722,0,2411977,0.01,-0.3294945195,0.8637589569,0,-0.10572916666666671,-0.09374166666666528,0,1,182,1
980,-576451661660,1.7287583253467025,1.731834511209023,0.06928291491711669,-0.011721231593285997,0.8814262251953713,-0.2876603868029716,0,2411988,0.011,-0.28222012949999997,0.8853017169,0,-0.1669791666666667,0.12500833333333472,0,0,182,-1
981,-576451661649,1.7294943693704536,1.731704112814648,0.07796653782861852,-0.014415417649369874,0.7893153912621844,-0.15904211145215624,0,2411998,0.01,-0.14099536950000002,0.7763910969000001,0,-7.291666666666974e-4,-0.006241666666665369,0,0,182,-1
982,-576451661638,1.7303991505650358,1.7315376648375758,0.08656112304599299,-0.015911360436949157,0.7318010004719029,0.006870315715039488,0,2412009,0.011,0.03014989049999999,0.7237310169,0,2.073020833333333,-0.14624166666666538,0,0,182,-1
983,-576451661628,1.731301447354058,1.7313796038976688,0.09389365936691219,-0.01573479286821532,0.7420416557387844,0.08291178731482755,0,2412019,0.01,0.0935813505,0.7434785469,0,-0.10572916666666671,0.028758333333334773,0,0,182,-1
984,-576451661618,1.7322785464621693,1.731225826393667,0.10147879411699309,-0.014995016184637264,0.8592775100341962,0.019324453435922637,0,2412029,0.01,0.01040236049999998,0.8757271569,0,-0.17572916666666671,-0.04124166666666529,0,0,182,-1
985,-576451661605,1.7334479877268907,1.7310615513704517,0.11110425916768299,-0.014855267859715544,0.9728859687060177,-0.028382869402269868,0,2412040,0.011,-0.03507679950000003,0.9888266468999999,0,-0.2282291666666667,-0.02374166666666533,0,0,182,-1
986,-576451661594,1.730592658689866,1.724953984235632,0.11914219520635635,-0.017744895899137043,1.073977726255054,-0.13763474129072786,0,2412050,0.01,-0.15296356950000004,1.0881627069000002,0,-0.14947916666666672,0.13375833333333476,0,1,183,2
987,-576451661586,1.7319668287261016,1.7247508926114123,0.13075604757195036,-0.019197624019934675,0.9431530976280575,-0.09755011988427957,0,2412061,0.011,-0.0919257495,0.9247967768999998,0,-0.14947916666666672,0.04625833333333462,0,0,183,-1
988,-576451661576,1.733322476134,1.72455583859051,0.1403292541698703,-0.019898892761463595,1.0430312423369135,0.09577721374293431,0,2412071,0.01,0.12290344049999997,1.0570453869,0,-0.12322916666666671,0.09000833333333458,0,0,183,-1
989,-576451661566,1.7347792273931153,1.7243622853630292,0.15096263846128202,-0.0188406015137677,1.187564846576755,0.16732035846222032,0,2412081,0.01,0.1773587505,1.2078447069,0,-0.0444791666666667,-0.06749166666666528,0,0,183,-1
990,-576451661556,1.7363480379948812,1.7241813239343338,0.16280801116957128,-0.017311171250101627,1.1659910312218384,0.0648707792681935,0,2412091,0.01,0.050495830499999984,1.1629639569,0,-0.0882291666666667,-0.09374166666666528,0,0,183,-1
991,-576451661547,1.7380315267381088,1.7240092912168714,0.17401650032271865,-0.01700046087494919,0.8442718719079796,-0.17601346705659449,0,2412101,0.01,-0.2098125195,0.7991306769,0,-0.0969791666666667,-0.006241666666665369,0,0,183,-1
992,-576451661536,1.7351330446958368,1.7276600569666405,0.17979778717705028,-0.017559028106283483,0.4835209552479177,-0.45019951086964966,0,2412111,0.01,-0.48867157950000006,0.43290375689999994,0,-0.1407291666666667,0.03750833333333459,0,1,184,1
993,-576451661526,1.7369560517250666,1.7274613755302803,0.18476804411687958,-0.02215327415861236,0.5797723679016458,-0.5159491046381021,0,2412121,0.01,-0.5251745895,0.5932776368999999,0,-0.07947916666666671,0.3962583333333347,0,0,184,-1
994,-576451661515,1.7390277216604504,1.7271880707295484,0.1917514745155296,-0.02759598494819844,0.9768023393125956,-0.3634575843166039,0,2412132,0.011,-0.3420611295,1.0325105769,0,-0.2544791666666667,0.27375833333333466,0,0,184,-1
995,-576451661505,1.7409976210873634,1.7268965770135425,0.20205916557742779,-0.030828835170594163,1.3573150378965826,-0.0802061804984176,0,2412142,0.01,-0.040462489500000025,1.4107056969,0,-0.1669791666666667,0.21250833333333463,0,0,184,-1
996,-576451661495,1.7430846795035648,1.7265844036984668,0.21541497374372873,-0.03161142070596062,1.2026216597278863,-0.0663439347933965,0,2412152,0.01,-0.06439888950000004,1.1809162569,0,-0.0444791666666667,0.4750083333333346,0,0,184,-1
997,-576451661485,1.7452910816455969,1.726262509708639,0.22621185854808118,-0.03265910151811798,0.3266258255785185,-0.34014627019344706,0,2412162,0.01,-0.3785641395,0.20371272689999997,0,-0.06197916666666671,0.5100083333333347,0,0,184,-1
998,-576451661474,1.747796357370128,1.7258820599317783,0.22939355333789382,-0.036491373987519664,0.05720546999736875,-0.3995510069095342,0,2412173,0.011,-0.4078862295000001,0.01940244689999995,0,-0.009479166666666705,0.3875083333333347,0,0,184,-1
999,-576451661463,1.7498445596173922,1.7247469824746207,0.23008111656780106,-0.041154996076982885,0.23816305140812782,-0.384820028615626,0,2412184,0.011,-0.38275300949999996,0.26355372689999995,0,-0.3419791666666667,0.2650083333333346,0,1,185,2
1000,-576451661452,1.7523918321723444,1.7242721545122872,0.23298387787443772,-0.04521921726410449,0.42153608246312346,-0.2754280176913418,0,2412195,0.011,-0.26007895950000004,0.4472655969,0,-0.2807291666666667,0.002508333333334667,0,0,185,-1
1002,-576451661388,1.7573853393021457,1.7232740293588973,0.24303115280270599,-0.04915549943709821,0.6158522873647534,-0.0017857322027547418,0,2412216,0.01,0.016386460499999974,0.6303790569,0,-0.4819791666666667,0.11625833333333468,0,0,185,-1
1003,-576451661388,1.7598473951472628,1.7227828572489559,0.24933736736582834,-0.04910007900666429,0.7209523696227603,0.05036004948359942,0,2412226,0.01,0.05767675049999998,0.7356992169,0,-0.3769791666666667,0.04625833333333462,0,0,185,-1
1004,-576451661388,1.762375785633579,1.7222941536602803,0.2563860791003661,-0.04863092525027331,0.6063637884567123,0.025814592992194362,0,2412236,0.01,0.02237056049999997,0.5902855869,0,-0.1407291666666667,0.23875833333333474,0,0,185,-1
1005,-576451661388,1.7649686542717808,1.7218074622190598,0.2622451102529723,-0.048634001449668854,0.46054488120419756,-0.16035291520289868,0,2412246,0.01,-0.18647452950000007,0.44008467689999997,0,-0.2807291666666667,0.13375833333333476,0,0,185,-1
1006,-576451661388,1.7676093602099427,1.7213099471987643,0.2661052527754719,-0.05073061505981382,-0.07062988431827133,-0.5117708827294154,0,2412256,0.01,-0.5610791894999999,-0.14516030310000005,0,-0.2982291666666667,-0.18999166666666534,0,0,185,-1
1007,-576451661287,1.7653268366634534,1.724902140753373,0.26377069155015576,-0.05370262246591346,0.40033221776377204,-0.19448964033161995,0,2412266,0.01,-0.14997151950000004,0.46641471689999997,0,-0.3944791666666667,0.04625833333333462,0,1,186,1
1008,-576451661286,1.767982671262464,1.7243553528817546,0.2674761262803292,-0.05565091673232978,0.18802316471607014,-0.19690675787867454,0,2412276,0.01,-0.1972459095,0.15823356689999996,0,-0.3419791666666667,-0.02374166666666533,0,0,186,-1
1009,-576451661286,1.7706677056247437,1.7237886054820497,0.26949273900730886,-0.05768151637157449,0.2852217480833241,-0.24076068824029093,0,2412286,0.01,-0.24691393950000007,0.29885991689999997,0,-0.21947916666666673,0.1512583333333346,0,0,186,-1
1010,-576451661286,1.773380292106031,1.7232012741457143,0.2728756944256872,-0.059851497428520764,0.6634762859061794,-0.07140597919805494,0,2412296,0.01,-0.047643409500000025,0.7165500969000002,0,-0.4382291666666667,0.0637583333333347,0,0,186,-1
1011,-576451661285,1.7761452388415497,1.7226008377139104,0.2799814797250379,-0.06030805642125476,0.9991717611314836,0.11211361187251223,0,2412306,0.01,0.13786369049999997,1.0462740069,0,-0.3157291666666667,0.22125833333333467,0,0,186,-1
1012,-576451661285,1.7789968637799796,1.7220020192633403,0.2902623622838298,-0.059396750982144246,1.2052582518820412,-0.03743172133776837,0,2412316,0.01,-0.05841478950000001,1.2341747469,0,-0.24572916666666672,0.1512583333333346,0,0,186,-1
1013,-576451661284,1.781958238384723,1.7214043505208698,0.3020788208786702,-0.06005681096805344,1.0369738493039258,-0.2410792422513097,0,2412326,0.01,-0.2696535195,1.0133614568999998,0,-0.1844791666666667,0.2037583333333346,0,0,186,-1
1014,-576451661284,1.7850272804484157,1.7207900322990386,0.3118871400524266,-0.06273249751089348,0.6368529588323835,-0.429868027470364,0,2412336,0.01,-0.4563574395,0.5807110269,0,-0.21947916666666673,0.2650083333333346,0,0,186,-1
1015,-576451661284,1.7881740773559158,1.7201419151716906,0.3176439149973617,-0.06692166106781124,0.20085832123970393,-0.35181598127920444,0,2412346,0.01,-0.3408643095,0.13968285689999996,0,-0.24572916666666672,0.22125833333333467,0,0,186,-1
1016,-576451661284,1.7913631514760735,1.7194554627922558,0.32005730905324853,-0.07038437446208817,0.48936509255096705,-0.31229958135146946,0,2412356,0.01,-0.3067549395,0.5298461769,0,-0.3682291666666667,0.03750833333333459,0,0,186,-1
1017,-576451661281,1.7945906758586652,1.7187372217386752,0.3253387452753924,-0.0733172021541213,0.7657378372365777,-0.17676766164815272,0,2412366,0.01,-0.15775084950000007,0.8045163668999998,0,-0.2807291666666667,0.2300083333333347,0,0,186,-1
1018,-576451661270,1.7899392560963217,1.7247952703628693,0.3295582393214611,-0.07231859903723785,0.5289585591508567,-0.10341421011495086,0,2412377,0.011,-0.0931225695,0.49573680689999994,0,-0.12322916666666671,0.18625833333333475,0,1,188,1
1019,-576451661191,1.793594510130587,1.7239945898490023,0.3351037954685017,-0.073299086929541,0.35183747545049593,-0.0015033581457997852,0,2412388,0.011,0.012796000499999974,0.3269851869,0,-0.1844791666666667,0.14250833333333457,0,0,188,-1
1020,-576451661191,1.7969624244455,1.7232611241646978,0.33851371376992634,-0.07337456385613758,0.27546636281750747,-0.0440651073152777,0,2412398,0.01,-0.05003704950000001,0.26475054689999994,0,0.05177083333333331,0.4750083333333346,0,0,188,-1
1021,-576451661190,1.8003606797179688,1.7225243866482263,0.3411666811495094,-0.07393761261239422,0.20309583154976596,-0.1311674663851486,0,2412408,0.01,-0.14338900950000005,0.19294134689999995,0,-0.3419791666666667,0.5887583333333346,0,0,188,-1
1022,-576451661190,1.8037817839290913,1.7217769301128791,0.3430857198740626,-0.07548674007267461,0.12334590270900203,-0.30036790575376127,0,2412418,0.01,-0.32410882950000003,0.11215599689999996,0,-0.2107291666666667,0.44000833333333467,0,0,188,-1
1023,-576451661190,1.8072188569993737,1.7210085030008093,0.34432676369262083,-0.07826264821438036,0.12875142496996583,-0.1380403169284788,0,2412428,0.01,-0.11526373950000003,0.12950988689999995,0,-0.26322916666666674,0.29125833333333473,0,0,188,-1
1024,-576451661190,1.810669671476046,1.720219243545393,0.34578751236242367,-0.07960103506605133,0.2522144330005869,-0.10809556957898747,0,2412438,0.01,-0.10389394950000003,0.26953782689999994,0,-0.3069791666666667,0.23875833333333474,0,0,188,-1
1025,-576451661189,1.8141406898552321,1.7194185310242784,0.3483928242214233,-0.080572262214843,0.31148751684329123,-0.029892580448823147,0,2412448,0.01,-0.018919729500000024,0.3198042669,0,-0.23697916666666669,-0.04124166666666529,0,0,188,-1
1026,-576451661188,1.8176397770903538,1.7186110277576692,0.35144282750682543,-0.08091585610360455,0.26525363493027593,-0.06172731126058649,0,2412458,0.01,-0.06619411950000004,0.25876644689999995,0,-0.1844791666666667,0.2562583333333346,0,0,188,-1
1027,-576451661179,1.819240714680398,1.7150380066152595,0.35305721026432846,-0.08275831035995569,0.15775768621047168,-0.1343905103433508,0,2412468,0.01,-0.14458582950000004,0.14267490689999995,0,-0.06197916666666671,0.1775083333333347,0,1,189,2
1028,-576451661168,1.8231357281658422,1.7141197029907778,0.3550630793557697,-0.08420941249961417,0.33502493900929536,-0.11656768352852696,0,2412479,0.011,-0.11406691950000002,0.35989773689999993,0,-0.28947916666666673,0.07250833333333473,0,0,189,-1
1029,-576451661158,1.8267038850414858,1.7132714190667389,0.35853134410781656,-0.08543003251907415,0.4182361414087401,-0.1553072561681554,0,2412489,0.01,-0.16074289950000006,0.4299117068999999,0,-0.07947916666666671,0.3350083333333347,0,0,189,-1
1030,-576451661148,1.8303089975620506,1.71240902573049,0.3625408155887898,-0.08703404060722865,0.2951816419689181,-0.19156069204333218,0,2412499,0.01,-0.19664749950000002,0.27791556689999997,0,-0.24572916666666672,0.37875833333333464,0,0,189,-1
1033,-576451661082,1.8326049038165977,1.717108748643625,0.3611281102065001,-0.08662979893177569,-0.14071140082880929,0.051947746223159466,0,2412529,0.01,0.06007039049999998,-0.15174281310000007,0,-0.14947916666666672,0.3437583333333347,0,0,190,-1
1034,-576451661081,1.8365702779354975,1.7161587860538272,0.35979617977404593,-0.08608434388119585,7.504164504213706e-4,0.0349311678546966,0,2412540,0.011,0.03254353049999999,0.020599266899999955,0,-0.1582291666666667,0.4487583333333347,0,0,190,-1
1035,-576451661081,1.8401712064566635,1.7153012830104781,0.3602496295589134,-0.08549239167706117,0.3151808330485112,0.20601381028078916,0,2412550,0.01,0.23001883049999997,0.3592993269,0,-0.3682291666666667,0.3437583333333347,0,0,190,-1
1036,-576451661081,1.8437891994667488,1.714457524096928,0.3633606842210283,-0.08329797945747094,0.28617439984669457,0.3015834436111588,0,2412560,0.01,0.3149930505,0.2821044369,0,-0.14947916666666672,0.3350083333333347,0,0,190,-1
1037,-576451661072,1.8478022796377556,1.7135587534071102,0.36633333831735215,-0.080088371933141,0.17135246138452875,0.23095300809703104,0,2412571,0.011,0.22104268049999998,0.15524151689999996,0,-0.2282291666666667,0.2562583333333346,0,0,190,-1
1038,-576451661064,1.8506890558802547,1.7110532953706699,0.36773100199959136,-0.07828925601573265,0.20025550014781943,0.1808045676273712,0,2412582,0.011,0.1737682905,0.20431113689999994,0,-0.1932291666666667,0.1775083333333347,0,1,191,2
1039,-576451661054,1.8547463243979023,1.7102013136508392,0.3699482139702587,-0.07654963000104378,0.20958465111634553,0.019300024405244698,0,2412593,0.011,-0.0033610695000000183,0.21089364689999993,0,-0.3594791666666667,0.05500833333333466,0,0,191,-1
1040,-576451661043,1.858456188630087,1.709436389550318,0.37202929299077253,-0.07641616143762404,0.19918747928038072,-0.022613325752206072,0,2412603,0.01,-0.02849428950000002,0.19772862689999998,0,-0.07947916666666671,-0.21624166666666533,0,0,191,-1
1041,-576451661035,1.8621864008016737,1.708671440178142,0.37401494533244045,-0.07658907190451981,0.19475947141582947,0.015261080728810203,0,2412613,0.01,0.020575330499999978,0.19413816689999996,0,-0.4294791666666667,-0.2337416666666653,0,0,191,-1
1042,-576451661024,1.865936722336817,1.707907138051744,0.37603026660333905,-0.07630766772751549,0.24301889956756503,0.10703444703806772,0,2412623,0.01,0.11991139049999998,0.24979029689999996,0,-0.1144791666666667,-0.11124166666666535,0,0,191,-1
1043,-576451661013,1.8697093141885326,1.7071509056983363,0.37848204201448854,-0.07500425652933174,0.2584030846094569,0.2731362008365277,0,2412633,0.01,0.2964423405,0.26056167689999993,0,-0.3157291666666667,0.028758333333334773,0,0,191,-1
1044,-576451661003,1.8718156489786921,1.7078944149429949,0.3801935803656598,-0.07130367646929826,0.20047125593983875,0.5312987903037557,0,2412643,0.01,0.5675220705,0.19234293689999996,0,-0.17572916666666671,0.09000833333333458,0,1,192,1
1045,-576451660993,1.8760090675638235,1.7071402328110439,0.3822765590213893,-0.06574968915195276,0.12039906945944351,0.34108412168539437,0,2412654,0.011,0.3143946405,0.10916394689999996,0,-0.1582291666666667,0.1775083333333347,0,0,192,-1
1046,-576451660983,1.879836754319392,1.7064980662346385,0.38331325579414943,-0.06260127917679068,0.0024422887046592068,0.1560473223030382,0,2412664,0.01,0.13008436049999997,-0.014108513100000058,0,0.03427083333333329,0.09875833333333461,0,0,192,-1
1047,-576451660972,1.8836699109063422,1.705879170589431,0.383322447434956,-0.0611472629316059,-0.008398540130721681,0.08027653352270854,0,2412674,0.01,0.06964495049999998,-0.009919643100000056,0,-0.1669791666666667,-0.16374166666666534,0,0,192,-1
1048,-576451660961,1.8878870608985692,1.7052106183759794,0.38339223654582955,-0.060379380863269674,0.09784685762879308,0.0048312071091847625,0,2412685,0.011,-0.005754709500000013,0.11275440689999995,0,-0.3682291666666667,-0.04124166666666529,0,0,192,-1
1049,-576451660951,1.892111841601872,1.7045463935960743,0.384689299626569,-0.06037532737932083,0.24106482655620437,-0.02701756157296794,0,2412696,0.011,-0.031486339500000016,0.2611600868999999,0,-0.06197916666666671,-0.04124166666666529,0,0,192,-1
1050,-576451660940,1.8959728231181467,1.7039413117483568,0.3874081702814365,-0.06064212532575453,0.4581027673789139,-0.024639141399253776,0,2412706,0.01,-0.024305419500000015,0.48855588689999996,0,-0.0182291666666667,-0.07624166666666532,0,0,192,-1
1051,-576451660930,1.9049701490695723,1.7097984194401663,0.39471239488979093,-0.058352893064729607,0.5162959972234689,-0.07682360779236233,0,2412717,0.011,-0.08414641950000001,0.5244604869,0,-0.0969791666666667,0.03750833333333459,0,1,193,2
1052,-576451660919,1.9093401211186778,1.7091510068021012,0.399945626530849,-0.059329184488414684,0.22695673067415667,-0.161961952061615,0,2412728,0.011,-0.1739079195,0.18635883689999996,0,-0.1407291666666667,0.11625833333333468,0,0,193,-1
1053,-576451660909,1.9133493275480309,1.7085500271898357,0.4019730995156263,-0.060886918471048136,0.05648655098775507,-0.11838594470873526,0,2412738,0.01,-0.11227168950000004,0.032567466899999946,0,-0.0182291666666667,0.2825083333333347,0,0,193,-1
1054,-576451660899,1.9173712321136194,1.707935672151079,0.4024369587873386,-0.06200351159106535,-0.01539274487985498,-0.07051707643003283,0,2412748,0.01,-0.06380047950000005,-0.025478303100000047,0,-0.0707291666666667,0.09875833333333461,0,0,193,-1
1055,-576451660889,1.9213957060434155,1.707313212108396,0.40241938456005527,-0.06253692146903983,0.08176769946236812,0.05187360705641872,0,2412758,0.01,0.06904654049999998,0.09540051689999995,0,-0.24572916666666672,0.36125833333333457,0,0,193,-1
1056,-576451660876,1.9254251048584248,1.706691034035432,0.40341141443618567,-0.061924892339909,0.2060253629652352,0.11836162548447168,0,2412768,0.01,0.1276907205,0.2234602569,0,-0.3419791666666667,0.09000833333333458,0,0,193,-1
1057,-576451660868,1.9228850466969434,1.7120237515438284,0.4024140361478337,-0.05835326149793208,0.23076011826898468,0.08193722011505339,0,2412778,0.01,0.07682587049999998,0.23423163689999996,0,-0.14947916666666672,0.11625833333333468,0,1,194,1
1058,-576451660857,1.9273244453738514,1.7113855834189748,0.4047888559894402,-0.05763258949181895,0.12360125651791568,-0.03642185131559238,0,2412789,0.011,-0.0530290995,0.10856553689999995,0,-0.03572916666666671,-0.11124166666666535,0,0,194,-1
1059,-576451660848,1.9313780400737144,1.7108080332588183,0.4059525806163203,-0.05790582265027018,0.07263168150695494,0.027730963555483865,0,2412799,0.01,0.03673240049999998,0.06548001689999995,0,-0.2544791666666667,-0.006241666666665369,0,0,194,-1
1061,-576451660774,1.9395119928912354,1.709665557930169,0.4074636907121072,-0.055776052719223056,0.1589986454660949,0.20001610824614577,0,2412819,0.01,0.2054840205,0.17199699689999998,0,-0.2719791666666667,-0.06749166666666528,0,0,194,-1
1062,-576451660773,1.9435946915906372,1.7091178318654507,0.40907114430032276,-0.05377063606513544,0.1714471386494865,0.20376165390970485,0,2412829,0.01,0.2042872005,0.17319381689999994,0,-0.1144791666666667,-0.032491666666665364,0,0,194,-1
1063,-576451660773,1.9476928434297014,1.7085891955795673,0.41060883687032634,-0.05190761926912357,0.04545802482586139,0.07932555161424353,0,2412839,0.01,0.06186562049999998,0.027780186899999948,0,-0.0532291666666667,0.09875833333333461,0,0,194,-1
1064,-576451660772,1.9522117011505826,1.7080225768009947,0.41102274524251803,-0.05109845125078758,-0.010977226238586546,0.03777515706648566,0,2412850,0.011,0.03194512049999998,-0.018895793100000047,0,-0.21947916666666673,-0.06749166666666528,0,0,194,-1
1065,-576451660772,1.9563216279345204,1.7075140591869722,0.4109507577349293,-0.05063268383147344,0.015664308577687434,0.09983397705303854,0,2412860,0.01,0.10854160049999997,0.01940244689999995,0,-0.1319791666666667,-0.13749166666666535,0,0,194,-1
1066,-576451660672,1.9604327931604137,1.707012812091608,0.4112432469567855,-0.04962066611321751,0.11235282658960194,0.10956925943338788,0,2412870,0.01,0.11093524049999999,0.12591942689999994,0,-0.0444791666666667,0.2562583333333346,0,0,194,-1
1067,-576451660671,1.9679621616428467,1.7111203035133873,0.4138973522457198,-0.04665463885632591,0.07492143644466694,0.11916395465329424,0,2412880,0.01,0.12050980049999999,0.06966888689999995,0,-0.14947916666666672,-0.06749166666666528,0,1,195,2
1068,-576451660671,1.9725186418056633,1.7106149633015877,0.41458631261551887,-0.045249126774854334,-0.013649158281545476,0.18121835691478153,0,2412891,0.011,0.1899253605,-0.026076713100000048,0,-0.1144791666666667,0.04625833333333462,0,0,195,-1
1069,-576451660670,1.9766625241872118,1.7101716299261605,0.41425201732336053,-0.04342239190033308,-0.15311795780262852,0.19147787294006172,0,2412901,0.01,0.1929174105,-0.17268716310000007,0,-0.1144791666666667,-0.22499166666666537,0,0,195,-1
1070,-576451660670,1.9807971857687319,1.7097475180840496,0.4126893533082379,-0.041423998605701534,-0.17552699655841802,0.25099055222594147,0,2412911,0.01,0.2593409205,-0.17867126310000006,0,-0.1582291666666667,-0.2074916666666653,0,0,195,-1
1071,-576451660670,1.9849156604517015,1.7093460586716918,0.4109898660569381,-0.038878040821978134,-0.13577741344888394,0.27668063300037804,0,2412921,0.01,0.2802852705,-0.13020005310000007,0,-0.2019791666666667,-0.24249166666666533,0,0,195,-1
1072,-576451660669,1.9890198044589549,1.7089713010267882,0.409793586770895,-0.036081763349146326,-0.020683113311336432,0.29768415536927395,0,2412931,0.01,0.3006312105,-0.004533953100000047,0,-0.17572916666666671,-0.1549916666666653,0,0,195,-1
1073,-576451660669,1.9931166966790181,1.7086244949883673,0.40958527324608807,-0.0332411981140348,-0.021739604290105973,0.20056090864912163,0,2412941,0.01,0.1869333105,-0.021887843100000044,0,-0.26322916666666674,-0.2599916666666653,0,0,195,-1
1074,-576451660669,1.9976196117262668,1.7082695512976311,0.4091697411264249,-0.031243080409894177,-0.13732059425883886,0.06423794582562983,0,2412952,0.011,0.04511014049999998,-0.15353804310000008,0,-0.10572916666666671,-0.3212416666666653,0,0,195,-1
1075,-576451660668,2.001704310616124,1.707959697017016,0.40777636471244677,-0.030697429951393178,-0.15154252897031423,-0.003964402676659581,0,2412962,0.01,-0.013534039500000017,-0.15353804310000008,0,-0.2019791666666667,-0.17249166666666538,0,0,195,-1
1076,-576451660668,2.005774566738174,1.7076531604988692,0.40627175223114076,-0.030638268998188528,-0.14384651015337827,0.06636006411588403,0,2412972,0.01,0.07622746049999998,-0.14276666310000005,0,-0.1582291666666667,-0.09374166666666528,0,0,195,-1
1077,-576451660573,2.009830544116867,1.7073505937048168,0.404903842177824,-0.02989698093528899,-0.09357047539337741,0.12171847736274988,0,2412982,0.01,0.1294859505,-0.08651612310000005,0,-0.03572916666666671,-0.17249166666666538,0,0,195,-1
1078,-576451660573,2.019685984046256,1.7140159714386856,0.40644279131758393,-0.02563288806089804,-0.059570183236726075,0.18992978281585543,0,2412993,0.011,0.1994999205,-0.05480039310000005,0,-0.1407291666666667,-0.2687416666666653,0,1,197,2
1079,-576451660572,2.0241524741195,1.713745512979381,0.40567587720744935,-0.023542854792407027,-0.13200477935559013,0.1904506818886609,0,2413004,0.011,0.19052377049999997,-0.14216825310000006,0,-0.3332291666666667,-0.02374166666666533,0,0,197,-1
1080,-576451660572,2.0282025004542175,1.7135190670176546,0.4043357197352198,-0.021720234256768774,-0.14616543691591127,0.13278928136404272,0,2413014,0.01,0.12469867049999998,-0.14815235310000005,0,-0.14947916666666672,-0.19874166666666537,0,0,197,-1
1081,-576451660570,2.0322382866006112,1.7133082926894383,0.402833270764428,-0.020425171736986148,-0.17519628451065908,0.10942610447556536,0,2413024,0.01,0.10614796049999999,-0.17926967310000008,0,-0.24572916666666672,-0.1549916666666653,0,0,197,-1
1082,-576451660569,2.0362570107181317,1.713108646178892,0.4009488867564438,-0.019466035460552637,-0.26955491496048767,0.013140979724277704,0,2413034,0.01,-3.6901950000002077e-4,-0.28279460310000004,0,-0.10572916666666671,-0.2599916666666653,0,0,197,-1
1083,-576451660568,2.0402525826951385,1.7129140318343636,0.39818476571030614,-0.019430038571999694,-0.31842467817553627,-0.054857813948195736,0,2413044,0.01,-0.06439888950000004,-0.32528171310000015,0,-0.14947916666666672,-0.46999166666666536,0,0,197,-1
1084,-576451660568,2.0442187049823026,1.7127164701799293,0.39503110697948823,-0.02005957177686512,-0.29662477969338785,-0.11255394544857109,0,2413054,0.01,-0.12064942950000004,-0.29356598310000004,0,-0.3244791666666667,-0.32999166666666535,0,0,197,-1
1085,-576451660568,2.0481557129393058,1.712509984959018,0.39230351155481513,-0.021225998285654763,-0.1265384221698014,-0.141693945469223,0,2413064,0.01,-0.14578264950000006,-0.10267319310000005,0,-0.23697916666666669,-0.5574916666666654,0,0,197,-1
1086,-576451660567,2.0520732315186008,1.7122910748296816,0.3911646881214525,-0.02257507234150254,-0.036339151401392364,-0.09332659909920785,0,2413074,0.01,-0.08654005950000003,-0.023683073100000052,0,-0.0882291666666667,-0.6099916666666654,0,0,197,-1
1087,-576451660561,2.0559823077795034,1.7120615976286016,0.39068359427012694,-0.02336155807502611,-0.12022504942975802,0.01128299482911603,0,2413084,0.01,0.025961020499999987,-0.13199528310000005,0,-0.0969791666666667,-0.4174916666666654,0,0,197,-1
1088,-576451660552,2.0509517981102805,1.7207872904130295,0.38476234738051773,-0.019568153768446152,-0.2774857560121263,0.030452974926668805,0,2413095,0.011,0.03314194049999999,-0.29955008310000003,0,-0.0707291666666667,-0.46999166666666536,0,1,198,1
1090,-576451660468,2.0645312597321377,1.7270297220596897,0.3801905166323134,-0.017446857177509843,-0.3465405250233749,-0.11509236803718212,0,2413117,0.011,-0.12244465950000002,-0.3462260631000001,0,-0.23697916666666669,-0.17249166666666538,0,1,199,2
1091,-576451660467,2.068692540368395,1.7268298162694382,0.3763992474193894,-0.018859702229434998,-0.3331453259485965,-0.21022733210835054,0,2413128,0.011,-0.2235759495,-0.33126581310000014,0,-0.0444791666666667,-0.24249166666666533,0,0,199,-1
1092,-576451660467,2.0724401518584274,1.7266307601560364,0.3731096406015999,-0.02095400516136423,-0.3036838887590296,-0.20461578874960662,0,2413138,0.01,-0.2038284195,-0.29955008310000003,0,-0.2282291666666667,-0.17249166666666538,0,0,199,-1
1093,-576451660467,2.0761562964536684,1.726410986026052,0.37010886851250546,-0.023000667644758836,-0.27801809309668374,-0.20497485766955167,0,2413148,0.01,-0.20502523950000004,-0.2744168631000001,0,-0.0182291666666667,-0.4874916666666653,0,0,199,-1
1094,-576451660466,2.0798433757376116,1.7261711692338542,0.36731176214380734,-0.024981987001929298,-0.29007852470907525,-0.15621475735684204,0,2413158,0.01,-0.14937310950000005,-0.29177075310000006,0,-0.2107291666666667,-0.4787416666666653,0,0,199,-1
1095,-576451660466,2.08350191479198,1.725914431933452,0.36439932212724446,-0.02640464659000234,-0.2983846329244296,-0.05680460843930109,0,2413168,0.01,-0.04285612950000002,-0.29955008310000003,0,-0.14947916666666672,-0.38249166666666534,0,0,199,-1
1096,-576451660466,2.0871308758703626,1.7256482115000182,0.36139784248419987,-0.026868642483604915,-0.31095177669764923,0.017351260758119838,0,2413178,0.01,0.02775625049999998,-0.3127151031,0,-0.0444791666666667,-0.5662416666666654,0,0,199,-1
1097,-576451660457,2.0884531745663786,1.7276396629218864,0.3571595360415435,-0.025736768998428656,-0.35867878316605384,0.05061586127948285,0,2413188,0.01,0.05528311049999998,-0.36537518310000006,0,-0.24572916666666672,-0.2337416666666653,0,1,200,1
1098,-576451660448,2.092360152072397,1.7273595917221325,0.3532027046229891,-0.025184159866109616,-0.36612554052581603,0.04788671379789021,0,2413199,0.011,0.04750378049999998,-0.3671704131000001,0,-0.24572916666666672,-0.27749166666666536,0,0,200,-1
1099,-576451660438,2.095873268267808,1.7271097498283299,0.3494493485190946,-0.024765311010736982,-0.43106466688479894,0.005568720682036565,0,2413209,0.01,-3.6901950000002077e-4,-0.44017643310000004,0,-0.4469791666666667,-0.21624166666666533,0,0,200,-1
1100,-576451660428,2.099346098246363,1.726861772821054,0.3451215767156248,-0.024803204444269835,-0.44325347227339146,-0.0610373327122702,0,2413219,0.01,-0.07038298950000003,-0.4449637131000001,0,-0.3157291666666667,-0.14624166666666538,0,0,200,-1
1101,-576451660419,2.1027753785572765,1.7266105916039534,0.3407244960864248,-0.025428761471071832,-0.41798963354503527,-0.07185691735489738,0,2413229,0.01,-0.07337503950000003,-0.41444480310000015,0,-0.4382291666666667,-0.24249166666666533,0,0,200,-1
1102,-576451660408,2.111071230930862,1.7325894703540803,0.33889842142846277,-0.023602296486676666,-0.38286894171725017,-0.06111783402767865,0,2413239,0.01,-0.059611609500000017,-0.37794179310000003,0,-0.28947916666666673,-0.2337416666666653,0,1,201,2
1103,-576451660396,2.11477581116911,1.732325829898456,0.33466622796779916,-0.02432143050976954,-0.39639049165537205,-0.09180835773292864,0,2413250,0.011,-0.0961146195,-0.39828773310000004,0,-0.0969791666666667,-0.6187416666666654,0,0,201,-1
1104,-576451660386,2.1181033759792403,1.7320781064887898,0.3308123483230586,-0.02522700778340767,-0.31881292018160384,-0.08299009177041453,0,2413260,0.01,-0.08175277950000004,-0.30792782310000005,0,-0.3594791666666667,-0.6449916666666653,0,0,201,-1
1106,-576451660262,2.1246590854380507,1.7315597437620336,0.32493931785914293,-0.026453735358873052,-0.2563989828486132,0.008432787587418104,0,2413280,0.01,0.016984870499999978,-0.25347251310000013,0,-0.1582291666666667,-0.3124916666666654,0,0,201,-1
1107,-576451660262,2.1278954648117328,1.7312964357824312,0.3223450572930639,-0.02624327839413708,-0.2779723602311305,0.09832258513614495,0,2413290,0.01,0.11093524049999999,-0.28099937310000006,0,-0.1319791666666667,-0.1812416666666653,0,0,201,-1
1108,-576451660261,2.131104809035134,1.7310391269465994,0.31953289217272424,-0.0252275973879904,-0.30109321932194144,0.12145316305028421,0,2413300,0.01,0.12469867049999998,-0.3043373631000001,0,-0.3944791666666667,-0.1812416666666653,0,0,201,-1
1109,-576451660260,2.134283770591535,1.7307926757427667,0.31631695063383036,-0.024051779262380103,-0.44720236477098463,0.09386223981277046,0,2413310,0.01,0.08999089049999999,-0.46770329310000003,0,-0.3507291666666667,0.09000833333333458,0,0,201,-1
1110,-576451660260,2.1374241214229297,1.730556254784279,0.3117733124917021,-0.023206279779347805,-0.49824167392624297,0.027493981660907857,0,2413320,0.01,0.018181690499999983,-0.5054031231000001,0,-0.2019791666666667,-0.22499166666666537,0,0,201,-1
1111,-576451660259,2.1405169379027607,1.7303249888318257,0.30679018338311576,-0.02302158555007252,-0.4987493761679292,-0.03682362080820212,0,2413330,0.01,-0.04584817950000004,-0.4988206131000001,0,-0.3944791666666667,-0.25124166666666536,0,0,201,-1
1112,-576451660259,2.143561570744834,1.73009396866933,0.3020632619569106,-0.02322788923919399,-0.3130407066326376,0.0785849186131216,0,2413340,0.01,0.09477817049999998,-0.28698347310000005,0,-0.21947916666666673,-0.5399916666666653,0,0,201,-1
1113,-576451660258,2.146567015944613,1.7298663218127646,0.29900541564747307,-0.022332282711347844,-0.26132699878838006,0.1568084563292726,0,2413350,0.01,0.1677841905,-0.2540709231000001,0,-0.0969791666666667,-0.4787416666666653,0,0,201,-1
1114,-576451660257,2.1495436790222655,1.7296506524266497,0.2963414315283582,-0.020793399801929846,-0.2974707199769327,0.1359965758874479,0,2413360,0.01,0.1330764105,-0.30254213310000005,0,-0.1932291666666667,-0.4874916666666653,0,0,201,-1
1115,-576451660256,2.1524922647108755,1.729449226506352,0.2933737379868733,-0.01947899790566111,-0.29247211892843983,0.10352342676056944,0,2413370,0.01,0.09896704049999998,-0.29177075310000006,0,-0.0532291666666667,-0.3387416666666654,0,0,201,-1
1116,-576451660256,2.155411341577594,1.72925940235193,0.29044325286075523,-0.018476614273977163,-0.29658004941663274,0.08011093409217437,0,2413380,0.01,0.07682587049999998,-0.29715644310000006,0,-0.4557291666666667,-0.46124166666666533,0,0,201,-1
1117,-576451660256,2.1583013648941693,1.7290783046966574,0.287543012618533,-0.01772814474214871,-0.2498555682944069,0.042594791409328925,0,2413390,0.01,0.03733081049999997,-0.24329954310000002,0,-0.3594791666666667,-0.3737416666666653,0,0,201,-1
1118,-576451660178,2.164216818837736,1.7322195698161975,0.2859930415795421,-0.016055431763760463,-0.3201985421874799,-0.05805537754171466,0,2413401,0.011,-0.07217821950000003,-0.3300689931000001,0,-0.4207291666666667,-0.30374166666666536,0,1,203,2
1121,-576451660177,2.172916416625872,1.7316933425402297,0.2754399499880855,-0.01792604266106714,-0.24258344755303476,-0.034273862781252044,0,2413432,0.01,-0.029691109500000024,-0.23252816310000007,0,-0.3507291666666667,-0.49624166666666536,0,0,203,-1
1122,-576451660177,2.1756587239785956,1.7315135012579013,0.27301986906230774,-0.018092813789592224,-0.23848843433051287,0.09096853597507654,0,2413442,0.01,0.10854160049999997,-0.23791385310000002,0,-0.28947916666666673,-0.3649916666666654,0,0,203,-1
1123,-576451660176,2.1783771679765955,1.7313376896683788,0.27066146758488546,-0.017094484723944255,-0.21961735059727333,0.15413400977433328,0,2413452,0.01,0.16299691049999998,-0.21696950310000002,0,-0.2282291666666667,-0.3124916666666654,0,0,203,-1
1124,-576451660176,2.1813415599473878,1.73115879342709,0.2683044837656148,-0.015425592389249312,-0.18108568455347257,0.13671704679050764,0,2413463,0.011,0.13427323049999998,-0.17567921310000006,0,0.03427083333333329,-0.30374166666666536,0,0,203,-1
1125,-576451660173,2.184015438224896,1.7310102044877984,0.26647653444270064,-0.014236366047220133,-0.19313733659231885,0.011251285555658047,0,2413473,0.01,-0.006353119500000015,-0.19482833310000008,0,-0.1407291666666667,-0.3649916666666654,0,0,203,-1
1126,-576451660160,2.1821992232324767,1.735762409185922,0.26211326741935903,-0.012323250779976832,-0.22873133233392748,-0.0960225911233132,0,2413484,0.011,-0.11107486950000002,-0.23372498310000003,0,-0.17572916666666671,-0.30374166666666536,0,1,204,1
1127,-576451660152,2.1850677143434765,1.7356202621424905,0.25946589314811785,-0.013490453669838646,-0.31392622168460077,-0.1679977767547272,0,2413495,0.011,-0.17809678950000005,-0.3258801231000001,0,-0.21947916666666673,-0.3912416666666654,0,0,204,-1
1128,-576451660141,2.1876459493682314,1.7354766130620691,0.25621634975545304,-0.015222508213355442,-0.39158071318326837,-0.2046673261471728,0,2413505,0.01,-0.2098125195,-0.40247660310000016,0,-0.03572916666666671,-0.4787416666666653,0,0,204,-1
1129,-576451660130,2.195977198160254,1.7419901359301313,0.2545394159289103,-0.014610608361639781,-0.3843421863354902,-0.11891705968341233,0,2413516,0.011,-0.10688599950000002,-0.38332748310000003,0,-0.24572916666666672,-0.44374166666666537,0,1,205,2
1130,-576451660120,2.198754157348367,1.7418234846242744,0.25035265937162354,-0.015737403845450616,-0.3577382551639696,-0.0013118337901206756,0,2413527,0.011,0.015189640499999987,-0.35400539310000007,0,-0.14947916666666672,-0.3649916666666654,0,0,205,-1
1132,-576451660099,2.203937426345297,1.7414942135538483,0.2435294453232937,-0.015546409131048768,-0.3040481557250533,-0.021286227014183756,0,2413548,0.011,-0.027297469500000015,-0.3043373631000001,0,-0.28947916666666673,-0.2074916666666653,0,0,205,-1
1133,-576451660088,2.2063577167176636,1.7413369947681416,0.2405191247488377,-0.015864266758799702,-0.2827859102910672,-0.09530361972902246,0,2413558,0.01,-0.10568917950000005,-0.2798025531,0,-0.3769791666666667,-0.21624166666666533,0,0,205,-1
1134,-576451660078,2.2087483413823836,1.7411729586458806,0.23762489595780226,-0.016914891395972947,-0.3300234845622561,-0.16476064582278377,0,2413568,0.01,-0.1745063295,-0.3366515031000001,0,-0.3244791666666667,-0.32999166666666535,0,0,205,-1
1135,-576451660068,2.210112290881139,1.7420489945766136,0.233761239847896,-0.0183450303594274,-0.4056314220003037,-0.30765004831746,0,2413578,0.01,-0.32769928950000005,-0.4162400331000001,0,-0.3244791666666667,-0.2074916666666653,0,1,206,1
1136,-576451660055,2.2126587106276583,1.741828351069751,0.22923864347280773,-0.021763224024569188,-0.44537175119088224,-0.3299552785797654,0,2413589,0.011,-0.3330849795,-0.4509478131000001,0,-0.26322916666666674,-0.2687416666666653,0,0,206,-1
1137,-576451660048,2.214930399938656,1.7415949643533037,0.22502434517207892,-0.024949817709567636,-0.2765604288876743,-0.2503098523012098,0,2413599,0.01,-0.23913460950000004,-0.2528741031000001,0,-0.4294791666666667,-0.2337416666666653,0,0,206,-1
1138,-576451660038,2.217167373437909,1.7413340122205998,0.2223454348309276,-0.027287999501512467,-0.21485601847995722,-0.13293036049332008,0,2413609,0.01,-0.11646055950000003,-0.20619812310000007,0,-0.2544791666666667,-0.27749166666666536,0,0,206,-1
1139,-576451660028,2.2193801344023103,1.7410552858177974,0.22020458391011216,-0.02849245853068689,-0.20936256313427784,-0.043968757619336246,0,2413619,0.01,-0.031486339500000016,-0.20859176310000005,0,-0.2807291666666667,0.03750833333333459,0,0,206,-1
1140,-576451660017,2.2215706901959815,1.7407680442397864,0.21795138409093961,-0.028950658267275556,-0.3230880450859831,-0.057162020770216954,0,2413629,0.01,-0.059013199499999995,-0.33904514310000006,0,-0.3594791666666667,0.08125833333333476,0,0,206,-1
1141,-576451660008,2.2237328724829943,1.7404757074043637,0.2145366673314255,-0.029517929341842043,-0.4541069877048627,-0.05406242175101637,0,2413639,0.01,-0.053627509500000024,-0.47249057310000003,0,-0.4644791666666667,0.12500833333333472,0,0,206,-1
1142,-576451659995,2.229974001605377,1.7448381309619454,0.2112935696133046,-0.028217130557372874,-0.5232304319658758,-0.07099820376126781,0,2413650,0.011,-0.07337503950000003,-0.5329299831000002,0,-0.4819791666666667,-0.032491666666665364,0,1,207,2
1143,-576451659984,2.23226746345888,1.7445233778772975,0.2056656607235638,-0.02900698828076806,-0.44042524024851504,-0.07675601679752174,0,2413661,0.011,-0.07756390950000003,-0.42880664310000005,0,-0.2982291666666667,-0.04124166666666529,0,0,207,-1
1144,-576451659976,2.234302719780886,1.744230092101766,0.20135561925778372,-0.02968016302651794,-0.3740851166355651,-0.010293014448806204,0,2413671,0.01,-9.674295000000236e-4,-0.36477677310000006,0,-0.3069791666666667,-0.10249166666666532,0,0,207,-1
1145,-576451659966,2.2362971467858963,1.7439329734332634,0.19754880916600676,-0.029752428092184324,-0.4210237497241447,0.011529290062372483,0,2413681,0.01,0.014591230499999983,-0.42760982310000006,0,-0.12322916666666671,-0.2862416666666653,0,0,207,-1
1148,-576451659853,2.242012442902235,1.743045827324666,0.18267558022403502,-0.029255504955229408,-0.5223199118971409,0.09477365615942349,0,2413711,0.01,0.1049511405,-0.5173713231000001,0,-0.0444791666666667,-0.30374166666666536,0,0,207,-1
1149,-576451659853,2.243812923676071,1.742758477760253,0.17742754444244457,-0.028234866375924823,-0.5400208776873753,0.14673056122065836,0,2413721,0.01,0.1540207605,-0.5425045431000001,0,-0.0969791666666667,-0.30374166666666536,0,0,207,-1
1150,-576451659852,2.2455613100601157,1.7424838153807496,0.17220099822597665,-0.026712938049565628,-0.4162523984103763,0.1856599093142431,0,2413731,0.01,0.1911221805,-0.39888614310000003,0,-0.26322916666666674,-0.1549916666666653,0,0,207,-1
1151,-576451659852,2.2472636343565586,1.7422258140107645,0.16821447176793045,-0.02488054353810008,-0.2908197956146914,0.16840941865513967,0,2413741,0.01,0.16598896049999998,-0.2732200431000001,0,-0.1669791666666667,-0.032491666666665364,0,0,207,-1
1152,-576451659851,2.2489319330968116,1.7419843632907812,0.16541481650470582,-0.02336289240110673,-0.21346193238531536,0.04978624544520538,0,2413751,0.01,0.03314194049999999,-0.20260766310000006,0,0.0430208333333333,-0.22499166666666537,0,0,207,-1
1153,-576451659851,2.250574065101034,1.7417521354367609,0.16307044579173674,-0.023034984837413505,-0.36295075419004974,-0.0713398004254483,0,2413761,0.01,-0.08833528950000002,-0.3839258931,0,-0.10572916666666671,-0.07624166666666532,0,0,207,-1
1154,-576451659850,2.252185174335838,1.7415180941226298,0.15921484777427772,-0.023767822685553164,-0.5240843655443672,-0.08519448511150099,0,2413771,0.01,-0.08713846950000001,-0.5466934131000001,0,0.03427083333333329,-0.2599916666666653,0,0,207,-1
1155,-576451659850,2.253749818339652,1.7412764803205265,0.15377093830229036,-0.02456914396668875,-0.668808411445656,-0.049115306497936176,0,2413781,0.01,-0.04405294950000001,-0.6891149931000002,0,-0.009479166666666705,-0.38249166666666534,0,0,207,-1
1156,-576451659850,2.2552543044928854,1.7410295281265908,0.14711677368944562,-0.02487366765955297,-0.6446341432611835,0.08389456328848809,0,2413791,0.01,0.10255750049999998,-0.6412421931,0,0.2267708333333333,-0.40874166666666534,0,0,207,-1
1157,-576451659845,2.256693781160291,1.7407854255385482,0.14075486567625914,-0.023966105461980067,-0.5844588450425338,0.13279726403119782,0,2413801,0.01,0.13965892049999998,-0.5760155031,0,0.1130208333333333,-0.11124166666666535,0,0,207,-1
1158,-576451659835,2.264227657080377,1.7474551982639157,0.13731839544990787,-0.01971943221020319,-0.5025351896398813,0.09211012498469752,0,2413812,0.011,0.08640043049999999,-0.4910412831000001,0,-0.2107291666666667,-0.25124166666666536,0,1,209,2
1159,-576451659824,2.2657078273931868,1.747242418452625,0.13179957714682336,-0.018912910706867205,-0.4966537957337928,-0.041992206359364556,0,2413823,0.011,-0.060808429500000025,-0.4958285631000001,0,-0.2719791666666667,-0.19874166666666537,0,0,209,-1
1160,-576451659813,2.2670003993304744,1.7470489758962644,0.12674314747129856,-0.01966852515539147,-0.5599529283778577,-0.2783748042580907,0,2413833,0.01,-0.31154221950000005,-0.5688345831000001,0,-0.21947916666666673,-0.16374166666666534,0,0,209,-1
1161,-576451659803,2.2673503103650923,1.747919265667859,0.12020984519063763,-0.022411754195859432,-0.5037190132964243,-0.35311659472067075,0,2413844,0.011,-0.36360388950000005,-0.4958285631000001,0,-0.2107291666666667,-0.11999166666666539,0,1,210,1
1162,-576451659792,2.268642756612697,1.7476521644871994,0.11475645589715289,-0.02618320412348968,-0.44694562483864053,-0.27992342986266217,0,2413855,0.011,-0.2696535195,-0.4389796131000001,0,-0.06197916666666671,-0.19874166666666537,0,0,210,-1
1163,-576451659782,2.2697681090278095,1.7473772566908439,0.11030735468481159,-0.028842952987031743,-0.4326129284667195,-0.18170507493585897,0,2413865,0.01,-0.16792381950000002,-0.4306018731000001,0,0.2530208333333333,-0.22499166666666537,0,0,210,-1
1164,-576451659772,2.2708486368965306,1.7470804449638244,0.10583916793693166,-0.03055084258109614,-0.5337056660647732,-0.10402241219237102,0,2413875,0.01,-0.0931225695,-0.5478902331000001,0,-0.10572916666666671,-0.17249166666666538,0,0,210,-1
1165,-576451659760,2.2719801245769666,1.7467388675010522,0.09990215697433276,-0.031581971162480835,-0.577106716517915,-0.029916166454058174,0,2413886,0.011,-0.019518139500000028,-0.5831964231,0,-0.0882291666666667,-0.11124166666666535,0,0,210,-1
1166,-576451659749,2.2730446649781006,1.7463891480559013,0.0936298733943849,-0.0319835423870025,-0.5278702684630838,-0.07694875325153029,0,2413897,0.011,-0.08354800950000003,-0.5209617831000001,0,-0.5082291666666667,0.07250833333333473,0,0,210,-1
1167,-576451659740,2.2739555029724463,1.7460648105468615,0.08849242946295073,-0.03285216940313623,-0.4284015062174321,-0.1467588110838836,0,2413907,0.01,-0.15655402950000002,-0.41444480310000015,0,-0.3857291666666667,0.12500833333333472,0,0,210,-1
1168,-576451659729,2.280802633835136,1.7526904071894733,0.08721127492917645,-0.0315956847523055,-0.32432533719957723,-0.24928326649369817,0,2413917,0.01,-0.2636694195,-0.30972305310000003,0,-0.4644791666666667,0.0637583333333347,0,1,211,2
1169,-576451659719,2.2817435389689664,1.7523265468221152,0.08381944404392408,-0.03451646484380996,-0.20918826479221259,-0.3663299111037652,0,2413928,0.011,-0.38275300949999996,-0.19303310310000008,0,-0.28947916666666673,-0.04124166666666529,0,0,211,-1
1170,-576451659709,2.2825728368992935,1.7519636677454324,0.08196573089535626,-0.038087803757571446,-0.04126122330334611,-0.3014908283539247,0,2413938,0.01,-0.29239309950000003,-0.01769897310000006,0,-0.2107291666666667,-0.032491666666665364,0,0,211,-1
1171,-576451659699,2.283391462632992,1.7515686841060203,0.0817133905809604,-0.040952151633475965,0.07281210212473005,-0.19432965365340726,0,2413948,0.01,-0.17929360950000003,0.08881800689999995,0,-0.1319791666666667,-0.10249166666666532,0,0,211,-1
1172,-576451659689,2.284211079602633,1.7511494608829508,0.08226089576346467,-0.04289314553989838,-0.05589088502940279,-0.1926888540668648,0,2413958,0.01,-0.19245862950000006,-0.07394951310000004,0,0.1042708333333333,-0.3649916666666654,0,0,211,-1
1173,-576451659679,2.285028917357807,1.7507113353501853,0.08139332857455686,-0.044751270936714015,-0.27586579089526053,-0.14368267523087463,0,2413968,0.01,-0.13680649949999998,-0.3067310031,0,0.2705208333333333,-0.014991666666665293,0,0,211,-1
1174,-576451659668,2.2885192013186533,1.7472873530674184,0.07959978391245498,-0.04719617900041041,-0.4561677956393457,-0.03584600652654067,0,2413978,0.01,-0.020714959500000032,-0.4814667231000001,0,0.16552083333333334,-0.11999166666666539,0,1,212,1
1175,-576451659658,2.289366263638316,1.7467659593741824,0.07444396490846528,-0.04759906960574627,-0.5465747975398662,-0.041468775199434586,0,2413989,0.011,-0.04225771950000002,-0.5592600231,0,-0.0882291666666667,0.07250833333333473,0,0,212,-1
1176,-576451659647,2.290082225059369,1.746286700415809,0.06880316537341995,-0.04819559713628311,-0.6700014678361628,-0.16968150993456013,0,2413999,0.01,-0.18767134950000003,-0.6873197631000001,0,-0.0969791666666667,-0.07624166666666532,0,0,212,-1
1178,-576451659545,2.2913678015712646,1.74523019538924,0.05297561482108654,-0.05282098527124702,-0.8545302258891896,-0.25619094908453516,0,2414020,0.01,-0.2552916795,-0.8596618431,0,0.1830208333333333,-0.2074916666666653,0,0,212,-1
1179,-576451659545,2.291855530998326,1.7446897812162094,0.044539011671994116,-0.055288884406818554,-0.7771651626378484,-0.189280400715633,0,2414030,0.01,-0.17989201950000003,-0.7663098831000001,0,0.0430208333333333,-0.1287416666666653,0,0,212,-1
1180,-576451659544,2.292264617012587,1.7441278044805613,0.03716588262836482,-0.05712300155754736,-0.49318710294536733,-0.1474614919475492,0,2414040,0.01,-0.14159377950000004,-0.45334145310000007,0,-0.3244791666666667,0.05500833333333466,0,0,212,-1
1181,-576451659544,2.292613538488296,1.7435495918666097,0.03253413447135362,-0.0585366432490004,-0.27929531788113965,-0.10400704787082254,0,2414050,0.01,-0.09790984949999999,-0.2492836431000001,0,-0.4032291666666667,0.3175083333333346,0,0,212,-1
1182,-576451659544,2.292926443417132,1.7429588939552934,0.02997986424083017,-0.059597191788966664,-0.10918753799360875,-0.11860162851613887,0,2414060,0.01,-0.12064942950000004,-0.08531930310000008,0,-0.4294791666666667,0.14250833333333457,0,0,212,-1
1183,-576451659544,2.2932226350674343,1.742357291714086,0.029177281844019822,-0.06073639387153829,0.09699013752607635,-0.08523737831245615,0,2414070,0.01,-0.08055595950000004,0.12591942689999994,0,-0.3419791666666667,-0.014991666666665293,0,0,212,-1
1184,-576451659543,2.2935184857855604,1.741745127585214,0.030026678475883556,-0.061672839270114826,0.011106980781549022,-0.14515481827444116,0,2414080,0.01,-0.15356197950000003,-9.434931000000467e-4,0,-0.4644791666666667,0.16000833333333464,0,0,212,-1
1185,-576451659543,2.293818524614701,1.7411210752126238,0.03001541665627622,-0.0631347322421408,-0.07607819041494654,-0.1525275005766832,0,2414090,0.01,-0.15356197950000003,-0.08831135310000007,0,-0.009479166666666705,0.2562583333333346,0,0,212,-1
1186,-576451659543,2.2941138355286834,1.7404823243897216,0.02909231663798463,-0.06462520009162558,-0.1917615416951315,-0.12772060512620315,0,2414100,0.01,-0.12423988950000002,-0.20799335310000008,0,0.0692708333333333,0.05500833333333466,0,0,212,-1
1187,-576451659485,2.298656301668354,1.7447259780562796,0.029131118972785697,-0.0638594963585548,-0.25060160954504646,-0.11259790007289251,0,2414110,0.01,-0.11047645950000004,-0.2588582031000001,0,0.19177083333333333,-0.049991666666665324,0,1,213,2
1188,-576451659485,2.2993908191282233,1.7435443443605874,0.027084931899434134,-0.06531187350365827,0.08903555327905818,-0.13225340090440066,0,2414121,0.011,-0.1350112695,0.13669080689999996,0,0.0692708333333333,-0.40874166666666534,0,1,214,1
1189,-576451659484,2.299694754904443,1.7428159867998874,0.028154611760633746,-0.06704457907972292,0.14761982565007273,-0.31257140350968127,0,2414132,0.011,-0.33787225950000005,0.15583992689999995,0,0.2967708333333333,-0.1287416666666653,0,0,214,-1
1190,-576451659484,2.299981790069407,1.7421314373146037,0.029343693901746647,-0.06993873049938848,-0.05455765128493839,-0.14951269245986187,0,2414142,0.01,-0.12663352950000004,-0.08292566310000006,0,-0.2544791666666667,0.1512583333333346,0,0,214,-1
1191,-576451659484,2.3002729295442115,1.7414252216190196,0.02886492398371707,-0.07133339553793779,-0.007015796038833441,-0.0780205809451539,0,2414152,0.01,-0.06798934950000002,-3.450831000000438e-4,0,-0.03572916666666671,-0.16374166666666534,0,0,214,-1
1192,-576451659484,2.300561757390879,1.740708221554359,0.028877358399695855,-0.07207695264440624,0.05183660400652615,-0.05190601722988748,0,2414162,0.01,-0.04824181950000001,0.060094326899999946,0,-7.291666666666974e-4,-0.032491666666665364,0,0,214,-1
1193,-576451659474,2.300852541831423,1.7399843621612923,0.029305006412390797,-0.07267323823195518,-0.012816245135038179,-0.1069429623366448,0,2414172,0.01,-0.11466532950000004,-0.021887843100000044,0,-0.2982291666666667,0.10750833333333465,0,0,214,-1
1194,-576451659443,2.307203794863605,1.746208360985778,0.03205197931775461,-0.070941181804168,-0.01394857270268381,-0.1037436313499372,0,2414183,0.011,-0.10329553950000003,-0.014108513100000058,0,-0.14947916666666672,-0.1549916666666653,0,1,215,2
1195,-576451659442,2.3075556061852196,1.7454216280619015,0.03191046150678217,-0.07209712416659429,-0.00621717434280073,-0.11332144346761179,0,2414194,0.011,-0.11466532950000004,-0.00513236310000005,0,0.05177083333333331,-0.1812416666666653,0,0,215,-1
1210,-576451659239,2.318636603167183,1.7408211089484034,0.030410891885836837,-0.08319237924353334,-0.003459436386151254,-0.10551839136145295,0,2414345,0.01,-0.10568917950000005,-0.0015419031000000495,0,-0.1144791666666667,-0.07624166666666532,0,1,217,2
1211,-576451659238,2.3189708936047237,1.739899470416593,0.030369794872239377,-0.08437335695269509,-0.005451291132745069,-0.11878759533001503,0,2414356,0.011,-0.12064942950000004,-0.005730773100000052,0,-0.2544791666666667,0.13375833333333476,0,0,217,-1
1212,-576451659237,2.3192743900044928,1.7390498555282714,0.0303261001484951,-0.08555238308750662,0.0021752749307872004,-0.1125486772213613,0,2414366,0.01,-0.11167327950000004,0.0032453768999999395,0,-0.2807291666666667,0.0637583333333347,0,0,217,-1
1213,-576451659237,2.3196084164117066,1.7381021712088076,0.03039476432748983,-0.08676117925178077,0.03145167434036552,-0.0934137916697912,0,2414377,0.011,-0.09072892950000003,0.03555951689999995,0,-0.4382291666666667,0.22125833333333467,0,0,217,-1
1214,-576451659237,2.319913803836134,1.7372299743093622,0.03068908160518716,-0.08768230018150182,0.017211631785132242,-0.08423719063317305,0,2414387,0.01,-0.08294959950000001,0.015213576899999946,0,-0.0707291666666667,0.2037583333333346,0,0,217,-1
1215,-576451659237,2.3202521528649585,1.7362603183307108,0.030838845014520704,-0.08861680656938477,-0.008680320517037137,-0.08940536099080278,0,2414398,0.011,-0.0901305195,-0.01231328310000005,0,-0.0882291666666667,0.07250833333333473,0,0,217,-1
1216,-576451659235,2.3205600922691527,1.7353696593839278,0.030749755752219,-0.0895139954298624,-0.01029192497270923,-0.09161562236892895,0,2414408,0.01,-0.0919257495,-0.010518053100000058,0,-0.0707291666666667,0.07250833333333473,0,0,217,-1
1217,-576451659229,2.3170842760858017,1.7386932858311444,0.02895723283869768,-0.08880955255979193,-0.00839148490893153,-0.09818465741194998,0,2414418,0.01,-0.09910666950000001,-0.008124413100000064,0,-0.1932291666666667,-0.032491666666665364,0,1,218,1
1218,-576451659218,2.3174025246534393,1.7377106360926577,0.02889812556149708,-0.08986117981812054,0.013358591028594468,-0.07957646068433584,0,2414429,0.011,-0.07696549950000002,0.01641039689999995,0,-0.1319791666666667,0.028758333333334773,0,0,218,-1
1219,-576451659207,2.3176919447126982,1.7368079492334583,0.02899680433930655,-0.0906715599738071,-0.01125353591505839,-0.08988142498270768,0,2414439,0.01,-0.09132733950000002,-0.014706923100000062,0,-0.06197916666666671,-0.006241666666665369,0,0,218,-1
1220,-576451659197,2.3246040656301443,1.743374584899163,0.03203195610292598,-0.08852617985603803,-0.0200535208773304,-0.09429731041261104,0,2414450,0.011,-0.0949177995,-0.021289433100000043,0,0.1042708333333333,0.020008333333334738,0,1,219,2
1221,-576451659186,2.324955198066756,1.7423950635991776,0.031810505655057594,-0.08956752485458513,-0.02061258013985482,-0.09694055889839993,0,2414461,0.011,-0.09731143950000001,-0.020691023100000056,0,-0.3157291666666667,0.05500833333333466,0,0,219,-1
1222,-576451659175,2.325303979637567,1.7414040604823797,0.0315998577958439,-0.09061898607800371,-0.010185826214975189,-0.08729503617201093,0,2414472,0.011,-0.08594164950000001,-0.008722823100000067,0,-0.4644791666666667,0.09875833333333461,0,0,219,-1
1223,-576451659165,2.3256195006726306,1.740493477598877,0.03150280332535004,-0.09149621366011235,-0.006803732821381343,-0.09030639802029872,0,2414482,0.01,-0.09072892950000003,-0.006329183100000038,0,-0.3332291666666667,0.12500833333333472,0,0,219,-1
1224,-576451659155,2.325934073490728,1.739573973029745,0.03141691478535408,-0.09240348554222517,-0.01950700604457989,-0.09330082429208511,0,2414492,0.01,-0.09372097950000002,-0.021289433100000043,0,-0.4119791666666667,0.09875833333333461,0,0,219,-1
1225,-576451659145,2.3262473618039343,1.7386452462147142,0.03123658977361024,-0.09334069319426652,-0.009000233781895961,-0.09629316668603512,0,2414502,0.01,-0.09671302950000002,-0.007526003100000061,0,-0.2982291666666667,0.09000833333333458,0,0,219,-1
1226,-576451659135,2.325827935337102,1.738532641625303,0.03083742636150025,-0.09398394015224426,0.003312842219271803,-0.09508698044858782,0,2414512,0.01,-0.0949177995,0.005040606899999948,0,-0.3332291666666667,0.21250833333333463,0,1,220,1
1227,-576451659124,2.326167081048788,1.7374931844309747,0.03083453441553065,-0.09501205191769091,-0.022460406153093415,-0.08339351761251201,0,2414523,0.011,-0.08175277950000004,-0.026076713100000048,0,-0.3944791666666667,0.19500833333333478,0,0,220,-1
1228,-576451659114,2.326474591170192,1.7365387614632921,0.030653810144718036,-0.09586627443801862,0.00847878412361899,-0.09769798500921173,0,2414533,0.01,-0.09970507950000002,0.012819936899999952,0,-0.6569791666666667,0.32625833333333465,0,0,220,-1
1229,-576451659104,2.326781782222166,1.7355754969033101,0.030774176270061286,-0.09679927700477263,0.033801636155337024,-0.06639714607592731,0,2414543,0.01,-0.06200524949999999,0.03735474689999995,0,-0.5782291666666667,0.3700083333333346,0,0,220,-1
1230,-576451659094,2.327091412004258,1.7346043793918722,0.031143077480699173,-0.09743280423907183,0.055809526468661094,-0.04470323477509206,0,2414553,0.01,-0.04165930950000003,0.05889750689999995,0,-0.14947916666666672,0.04625833333333462,0,0,220,-1
1231,-576451659083,2.327406114998695,1.7336282692912437,0.031776397718354846,-0.09780908387810075,0.10942093081577511,0.005720871880117599,0,2414563,0.01,0.012796000499999974,0.11694327689999996,0,-0.5519791666666667,0.0637583333333347,0,0,220,-1
1237,-576451658931,2.3295965332787105,1.7279509678883207,0.034067847015742246,-0.08453567081688293,-0.1545163547644125,0.2811849754690443,0,2414624,0.01,0.2671202505,-0.13020005310000007,0,-0.4382291666666667,0.3962583333333347,0,0,220,-1
1238,-576451658930,2.32993080438435,1.7271173766086376,0.03272858685259684,-0.08208204792497349,-0.007770350616619098,0.025879018165377132,0,2414634,0.01,-0.009943579500000016,0.012819936899999952,0,-0.5957291666666668,0.7812583333333347,0,0,220,-1
1239,-576451658930,2.336531991195245,1.7334220906770597,0.03582633925852011,-0.07905270057988899,0.10159838136583549,-0.10891622809169832,0,2414644,0.01,-0.1278303495,0.11694327689999996,0,-0.6744791666666667,0.5100083333333347,0,1,221,2
1240,-576451658929,2.3369337505890884,1.7325459392630793,0.0371678823913855,-0.08024646496894393,0.24834854566261153,-0.10608625928282776,0,2414655,0.011,-0.10568917950000005,0.26893941689999995,0,-0.3507291666666667,0.5450083333333346,0,0,221,-1
1241,-576451658929,2.3373190642399395,1.7317392909087725,0.03983699557515994,-0.08113639604339826,0.37923287010717643,0.01443594754508322,0,2414665,0.01,0.03134671049999998,0.3975975668999999,0,-0.3769791666666667,0.44000833333333467,0,0,221,-1
1242,-576451658929,2.3377360573161803,1.7309300262202312,0.04357674637065543,-0.08077802673652083,0.34181056169533425,0.1667575212982953,0,2414675,0.01,0.1881301305,0.33655974689999996,0,-0.12322916666666671,0.4837583333333346,0,0,221,-1
1243,-576451658929,2.338234029583981,1.7300534652276731,0.047037261462863376,-0.07866516665827404,0.14566215522520654,0.3492307846506802,0,2414686,0.011,0.3748340505,0.11814009689999995,0,-0.2019791666666667,0.4837583333333346,0,0,221,-1
1244,-576451658929,2.3387110154672768,1.7292863765824458,0.04839192154042046,-0.0748529746596535,0.07377188496392076,0.5747724261291209,0,2414696,0.01,0.6064187205,0.06368478689999994,0,-0.0444791666666667,0.9037583333333348,0,0,221,-1
1245,-576451658928,2.3391975418463034,1.7285696271579936,0.04896164016410701,-0.06863272206958565,-0.045802018840723935,0.9110937415734731,0,2414706,0.01,0.9582838005000001,-0.06257972310000004,0,0.008020833333333297,1.4550083333333348,0,0,221,-1
1246,-576451658927,2.339683452015216,1.7279344092281628,0.04828265817069798,-0.05865508892966318,-0.20325467876166553,1.5286825920173857,0,2414716,0.01,1.6153379805,-0.22534724310000004,0,0.38427083333333334,5.620008333333335,0,0,221,-1
1247,-576451658919,2.3431016992507505,1.7307100760746792,0.04766885412981288,-0.042786549883700536,-0.20321166799138998,0.9681207681722357,0,2414726,0.01,0.8894666505,-0.20320607310000008,0,0.6380208333333334,6.512508333333335,0,1,223,2
1248,-576451658909,2.343659264120641,1.7302618369513583,0.04525110230629283,-0.03178915143306568,-0.1906121079124435,0.5921501492916474,0,2414738,0.012,0.5393968005,-0.18884423310000004,0,-0.2107291666666667,5.086258333333334,0,0,223,-1
1249,-576451658898,2.3441024902544636,1.7299693005787495,0.04338105455880808,-0.026498877599371855,-0.16544678986894787,0.15178025737797934,0,2414748,0.01,0.08999089049999999,-0.16191578310000007,0,-1.3394791666666668,3.5637583333333342,0,0,223,-1
1250,-576451658889,2.3445291366416807,1.729708975496776,0.04189779502970067,-0.02543309311015017,-0.04375060917365706,-0.16951770382046966,0,2414758,0.01,-0.21459979950000002,-0.026675123100000052,0,0.05177083333333331,0.6937583333333346,0,0,223,-1
1251,-576451658878,2.3449471391587338,1.7294473246827748,0.0416492442860683,-0.0269480587697521,0.09087299298768967,-0.04112385203741631,0,2414768,0.01,-0.023108599500000028,0.10976235689999995,0,-0.0532291666666667,0.22125833333333467,0,0,223,-1
1252,-576451658867,2.3366417101395474,1.7391520903726043,0.03876362289855739,-0.02352017971846295,0.09536719986683993,-0.010630856877412031,0,2414779,0.011,-0.006353119500000015,0.09599892689999996,0,-0.07947916666666671,-0.02374166666666533,0,1,224,1
1253,-576451658856,2.3370734163148046,1.7388930018970656,0.0397455755336537,-0.023596559409217673,0.051839906878308445,0.01568593732081911,0,2414790,0.011,0.019378510499999974,0.04573248689999996,0,-0.1144791666666667,0.07250833333333473,0,0,224,-1
1254,-576451658847,2.337472696794271,1.7386581839739301,0.04014756245363845,-0.02338442489035417,-0.030133487458180466,0.054609001083887464,0,2414800,0.01,0.06007039049999998,-0.04163537310000005,0,-0.1407291666666667,0.23875833333333474,0,0,224,-1
1255,-576451658837,2.3378728119513976,1.7384270375522108,0.03986892497943223,-0.02284340356130355,-0.013981234816998225,0.05100194524704475,0,2414810,0.01,0.050495830499999984,-0.011714873100000064,0,-0.2282291666666667,-0.006241666666665369,0,0,224,-1
1256,-576451658827,2.3382714101032627,1.7382024902693498,0.03982395969005083,-0.022124851561721507,0.05360341138374175,0.1995948411279207,0,2414820,0.01,0.22044427049999998,0.06308637689999995,0,-0.1407291666666667,0.27375833333333466,0,0,224,-1
1257,-576451658817,2.338672414033326,1.7379924421065738,0.04037313529475462,-0.01993830678239833,0.06296907757652061,0.3354289039224079,0,2414830,0.01,0.35448811049999995,0.06428319689999995,0,-0.28947916666666673,0.14250833333333457,0,0,224,-1
1258,-576451658807,2.339079238185132,1.7378092781292311,0.04099413444815409,-0.016670278954695764,0.056774616716984395,0.2739511176923158,0,2414840,0.01,0.2653250205,0.055905456899999956,0,-0.17572916666666671,0.4837583333333346,0,0,224,-1
1259,-576451658797,2.3443677296911254,1.7432422786631152,0.043855607246215365,-0.011559176935961545,0.012456543444973328,0.30784432964133535,0,2414850,0.01,0.3125994105,0.0062374268999999365,0,-0.1319791666666667,0.3175083333333346,0,1,225,2
1260,-576451658786,2.3448495603774813,1.7431332546099227,0.04379609942408141,-0.00824741091374346,-0.11631997734633945,0.2590118097268477,0,2414861,0.011,0.2521600005,-0.13438892310000003,0,-0.009479166666666705,0.40500833333333475,0,0,225,-1
1261,-576451658776,2.3452819437154195,1.7430638019295395,0.04266922383271033,-0.005646463782051103,-0.09070818566694464,0.26664730557154787,0,2414871,0.01,0.2677186605,-0.08711453310000007,0,-0.2107291666666667,0.2825083333333347,0,0,225,-1
1262,-576451658766,2.3457049688721865,1.743022044754516,0.041897072682700015,-0.002766326868423818,0.005328847944818124,0.41872267659941986,0,2414881,0.01,0.4400607405,0.018804036899999946,0,-0.1844791666666667,0.11625833333333468,0,0,225,-1
1263,-576451658755,2.346125279865233,1.7430163590598717,0.04211791655301555,0.001583402969547097,0.12472528362360076,0.534518936599045,0,2414891,0.01,0.5507665905,0.14147808689999997,0,-0.1669791666666667,0.2037583333333346,0,0,225,-1
1264,-576451658746,2.3465527895831535,1.743060343848775,0.04337989294378429,0.007151079220637515,0.13521848095027741,0.6930810991574531,0,2414901,0.01,0.7153293405000001,0.13669080689999996,0,-0.2544791666666667,0.1775083333333347,0,0,225,-1
1267,-576451658624,2.347867150832021,1.743585738425235,0.042568889854838414,0.02691333824733729,-0.1874464522907725,0.484648109016165,0,2414931,0.01,0.4735717005000001,-0.1942299231000001,0,-0.07947916666666671,0.5450083333333346,0,0,225,-1
1268,-576451658623,2.3482828670452927,1.7438784983157625,0.040600664442139764,0.031665194067490035,-0.2542693941640972,0.41720912745730265,0,2414941,0.01,0.4077466005,-0.2636454831000001,0,-0.14947916666666672,0.3350083333333347,0,0,225,-1
1269,-576451658623,2.3486764163828,1.7442170582805514,0.03809797640737329,0.03600088793564323,-0.22575737378518337,0.533807921151258,0,2414951,0.01,0.5501681805,-0.22175678310000005,0,-0.23697916666666669,0.3875083333333347,0,0,225,-1
1270,-576451658623,2.349046804584781,1.7446062249959464,0.03594914749001551,0.04172431653076815,-0.14825545514864727,0.8084446021414542,0,2414961,0.01,0.8469795404999999,-0.13738097310000003,0,-0.0707291666666667,0.14250833333333457,0,0,225,-1
1271,-576451658623,2.349398841666075,1.7450658960452012,0.034460092853958665,0.050121993057359794,-0.15288803464296843,1.031682499982559,0,2414971,0.01,1.0630055505,-0.15353804310000008,0,-0.26322916666666674,0.18625833333333475,0,0,225,-1
1272,-576451658623,2.3497359298006737,1.7456189704651544,0.03295176619138277,0.06048104187957255,-0.1382395214853771,1.0617752182612876,0,2414981,0.01,1.0659976005,-0.13618415310000007,0,-0.03572916666666671,0.3350083333333347,0,0,225,-1
1273,-576451658622,2.3500578397460865,1.7462757383575103,0.03146071457672573,0.07092211666049089,-0.21567842311967406,0.9358580706694515,0,2414991,0.01,0.9181903305,-0.22654406310000008,0,-0.24572916666666672,0.23875833333333474,0,0,225,-1
1274,-576451658622,2.3503618083867566,1.7470280205500672,0.0293266405184784,0.07969787600638546,-0.19949299039494123,0.5204840465799936,0,2415001,0.01,0.46220191050000003,-0.1972219731000001,0,-0.3419791666666667,0.29125833333333473,0,0,225,-1
1275,-576451658622,2.350646155290925,1.7478492818898965,0.02749649712564688,0.08463072072464817,-0.08205042421178925,0.3266339652537221,0,2415011,0.01,0.29943439050000004,-0.06557177310000004,0,-0.1144791666666667,0.2300083333333347,0,0,225,-1
1276,-576451658622,2.3509183262735656,1.7487110888548938,0.026880351341486263,0.0877671330977708,0.06359488110427257,0.2340354084414589,0,2415021,0.01,0.22104268049999998,0.08403072689999995,0,-0.3769791666666667,0.16000833333333464,0,0,225,-1
1277,-576451658573,2.354664441365454,1.7534854255545709,0.029370459470639803,0.091589558756216,0.18962069683256655,0.136053487044823,0,2415031,0.01,0.1223050305,0.20730318689999996,0,-0.3244791666666667,0.05500833333333466,0,1,227,2
1278,-576451658572,2.3549992905942263,1.7545023011412824,0.0315015735096258,0.09325675518418344,0.21929638865411955,0.24784416896742034,0,2415042,0.011,0.26352979049999997,0.2234602569,0,-0.1844791666666667,-0.006241666666665369,0,0,227,-1
1279,-576451658571,2.355324068845414,1.755448064324068,0.03351141537553423,0.0958574158301141,0.09017926365534401,0.33401897464918573,0,2415052,0.01,0.3461103705,0.07206252689999995,0,-0.2544791666666667,0.19500833333333478,0,0,227,-1
1280,-576451658571,2.355697062277523,1.7565228100919639,0.034345197055293805,0.0995470253601382,-0.013346054755043274,0.3440977790290296,0,2415063,0.011,0.34551196049999994,-0.027871943100000057,0,-0.1582291666666667,0.12500833333333472,0,0,227,-1
1281,-576451658571,2.3560383872316217,1.7575339797044545,0.03398970321614659,0.10275900037955425,-0.16987353321487614,0.18265700657413445,0,2415073,0.01,0.16000486049999998,-0.1918362831000001,0,-0.2107291666666667,0.05500833333333466,0,0,227,-1
1282,-576451658563,2.3483325024672315,1.7678799918153998,0.028629233969789367,0.10783277842636739,-0.27047501408009644,-0.017730698181485618,0,2415083,0.01,-0.04584817950000004,-0.2845898331000001,0,-0.17572916666666671,0.020008333333334738,0,1,228,1
1283,-576451658553,2.348632272798845,1.7690631434194148,0.025834558695515476,0.10735099601949878,-0.15218351065422897,-0.20559411776527234,0,2415094,0.011,-0.2319536895,-0.13558574310000004,0,-0.24572916666666672,0.18625833333333475,0,0,228,-1
1284,-576451658543,2.34888436027543,1.7701260188884416,0.024518694348306818,0.10524068597781032,-0.00695852309283132,-0.24392875380407641,0,2415104,0.01,-0.24930757950000001,0.013418346899999954,0,-0.2807291666666667,0.09000833333333458,0,0,228,-1
1285,-576451658533,2.3518954046254272,1.7743864163941696,0.026015817406881057,0.10446454777548367,0.1557499153690718,-0.013545243821890913,0,2415114,0.01,0.01878010049999997,0.17857950689999993,0,-0.009479166666666705,0.5362583333333346,0,1,229,2
1286,-576451658520,2.352163021368725,1.7754323521303685,0.027523344673297975,0.10463767669433009,0.12014399928516867,0.20634624302050367,0,2415124,0.01,0.2371997505,0.11514804689999995,0,-0.1407291666666667,0.3087583333333346,0,0,229,-1
1287,-576451658512,2.3524423667411423,1.776488603215944,0.028428519187398023,0.10663159927961317,-0.09099944471484847,0.15678583190529247,0,2415134,0.01,0.14983189049999998,-0.12062549310000006,0,0.1392708333333333,0.35250833333333476,0,0,229,-1
1288,-576451658503,2.3527200817772127,1.7775631518488855,0.027203001800518586,0.1082608523290222,-0.3158706581173952,0.200541391834139,0,2415144,0.01,0.20668084049999996,-0.3474228831000001,0,-0.1407291666666667,0.3087583333333346,0,0,229,-1
1289,-576451658493,2.3529748815476794,1.7786562271609967,0.02381991641146201,0.11033493590000285,-0.47578432842890733,0.2494819080504429,0,2415154,0.01,0.25634887050000005,-0.49822220310000015,0,-0.3244791666666667,0.27375833333333466,0,0,229,-1
1290,-576451658483,2.353189911509549,1.7797725290493838,0.019158903293458363,0.1129044740870501,-0.4067739294449327,0.30273386004638786,0,2415164,0.01,0.3102057705,-0.39709091310000005,0,-0.3157291666666667,0.1512583333333346,0,0,229,-1
1291,-576451658472,2.3533637511238377,1.780917448283616,0.015495541336770377,0.11604703785823009,-0.11857611672083201,0.3848542934502544,0,2415174,0.01,0.39637681049999995,-0.07813838310000008,0,-0.2282291666666667,-0.014991666666665293,0,0,229,-1
1292,-576451658461,2.3472706246644868,1.789548168032114,0.011684182990771654,0.12321360937406983,0.02866270513599442,0.4909937508389362,0,2415185,0.011,0.5058858405,0.04932294689999995,0,-0.07947916666666671,-0.049991666666665324,0,1,230,1
1293,-576451658451,2.3474027966094373,1.790934176365537,0.012274091140991561,0.1287487220270973,0.2068378153368119,0.5780469983474874,0,2415196,0.011,0.5902616505,0.23183799689999998,0,-0.2107291666666667,-0.07624166666666532,0,0,230,-1
1295,-576451658315,2.347699921397462,1.7936220991816052,0.018006020471265986,0.13989626043514986,0.4452345035050956,0.5515998588939636,0,2415216,0.01,0.5531602305000001,0.4610290269,0,-0.3682291666666667,-0.014991666666665293,0,0,230,-1
1296,-576451658315,2.3479016362443987,1.7950488617760227,0.02236365209445059,0.1454465837264815,0.37774508130581486,0.5760584292167187,0,2415226,0.01,0.5794902705,0.36827547689999995,0,-0.23697916666666669,0.09875833333333461,0,0,230,-1
1297,-576451658314,2.3481428593207774,1.7965314124989662,0.025938001034909574,0.1510950485065566,0.23299860571802147,0.496153188495399,0,2415236,0.01,0.4849414905,0.21268887689999996,0,-0.1669791666666667,0.22125833333333467,0,0,230,-1
1298,-576451658314,2.3484127485348356,1.7980670162961065,0.028089839861308478,0.15603247603975487,0.10603427050297765,0.47897417896475386,0,2415246,0.01,0.47656375050000005,0.08821959689999996,0,-0.26322916666666674,0.07250833333333473,0,0,230,-1
1299,-576451658311,2.348726272291379,1.7998127735405534,0.028981692210824802,0.16136283886649014,-0.07384362903760919,0.5193673033192558,0,2415257,0.011,0.5250349605,-0.09908273310000006,0,-0.4469791666666667,0.028758333333334773,0,0,230,-1
1300,-576451658311,2.3490122250579204,1.801451961936197,0.028217074666540186,0.1664943436515546,-0.09230368754796867,0.47553328750175505,0,2415267,0.01,0.4693828305,-0.09489386310000006,0,-0.21947916666666673,0.04625833333333462,0,0,230,-1
1301,-576451658310,2.349290415023946,1.8031400827231583,0.027392594552317153,0.1711565710853864,-0.022155890521092972,0.40926546876336434,0,2415277,0.01,0.3999672705,-0.01231328310000005,0,-0.4819791666666667,0.011258333333334702,0,0,230,-1
1302,-576451658310,2.349563952704557,1.8048716088644847,0.02728330561567479,0.17517076595300085,0.05784531399233819,0.3533566608473006,0,2415287,0.01,0.34551196049999994,0.06907047689999996,0,-0.3157291666666667,0.10750833333333465,0,0,230,-1
1303,-576451658310,2.3498404879640415,1.8066412950692692,0.027988231695219783,0.178752850725692,0.14798016718481793,0.38793463161364916,0,2415297,0.01,0.3927863505,0.16062720689999996,0,-0.28947916666666673,-0.06749166666666528,0,0,230,-1
1304,-576451658310,2.3501291419619372,1.8084478294782766,0.029682404212090938,0.18257116098568063,0.30076087542553,0.34443463101660554,0,2415307,0.01,0.3383310405,0.32219790689999994,0,-0.4732291666666667,-0.02374166666666533,0,0,230,-1
1305,-576451658309,2.3504415878516887,1.810290214959855,0.03278118752738239,0.18592994623170636,0.36574053357152525,0.2834556843097513,0,2415317,0.01,0.2748995805,0.37485798689999994,0,-0.3332291666666667,-0.049991666666665324,0,0,230,-1
1306,-576451658309,2.3507871692389832,1.8121629550071234,0.03635777068783305,0.1886501528117829,0.30813895412375764,0.20195879637382472,0,2415327,0.01,0.19052377049999997,0.30005673689999995,0,-0.4907291666666667,-0.06749166666666528,0,0,230,-1
1307,-576451658215,2.3511653311323437,1.8140580027926059,0.03931066652149917,0.1904274087043231,0.21656209759792994,0.029249877508128186,0,2415337,0.01,0.005016670499999971,0.20371272689999997,0,-0.3507291666666667,-0.02374166666666533,0,0,230,-1
1308,-576451658214,2.345376367106535,1.823422901792865,0.038855296501582405,0.19336861986264095,0.13864638369874713,-0.05339989588494975,0,2415348,0.011,-0.06499729950000002,0.12771465689999995,0,-0.3332291666666667,-0.05874166666666536,0,1,232,1
1309,-576451658213,2.3458121259079983,1.8255463862353911,0.04037533602247807,0.19273238351889105,0.13535710374293694,-0.0850861363070394,0,2415359,0.011,-0.08953210950000003,0.13489557689999995,0,-0.3244791666666667,0.12500833333333472,0,0,232,-1
1310,-576451658213,2.3462237838574973,1.8274698191330234,0.041901229972228435,0.19193635102048126,0.25670068491943343,-0.04647808829286436,0,2415369,0.01,-0.04106089950000003,0.27372669689999996,0,-0.2019791666666667,0.18625833333333475,0,0,232,-1
1311,-576451658213,2.3466553626416546,1.8293874289897236,0.04442653699028086,0.19156009997761636,0.22702562629966394,0.01652280277612357,0,2415379,0.01,0.025362610499999983,0.2228618469,0,-0.4294791666666667,0.05500833333333466,0,0,232,-1
1312,-576451658213,2.347110842608157,1.8313046481006083,0.04667546671884359,0.19184888594586824,0.21182908977261375,0.10456581242281876,0,2415389,0.01,0.11691934049999998,0.20969682689999997,0,-0.1669791666666667,0.020008333333334738,0,0,232,-1
1313,-576451658213,2.3475883794197467,1.8332301319482172,0.04882353301395267,0.19317041097650053,0.23304939450975987,0.30117041253866617,0,2415399,0.01,0.3287564805,0.23602686689999997,0,-0.2807291666666667,0.16000833333333464,0,0,232,-1
1314,-576451658213,2.3480873995585565,1.8351769374791174,0.05101852435654272,0.1961888149231144,0.13647759952022168,0.3059453302261013,0,2415409,0.01,0.3066153105,0.12292737689999995,0,-0.3157291666666667,0.1775083333333347,0,0,232,-1
1315,-576451658212,2.3486038162951375,1.837153260647454,0.052290785381405254,0.19911360828348965,0.07054264077145318,0.20997386008561753,0,2415419,0.01,0.19650787049999996,0.06129114689999995,0,-0.1407291666666667,0.011258333333334702,0,0,232,-1
1316,-576451658212,2.349128848815983,1.8391546620267814,0.052777183662517456,0.20117689649252582,-0.08555766136076888,0.18399583952843163,0,2415429,0.01,0.1803508005,-0.10746047310000004,0,-0.26322916666666674,0.07250833333333473,0,0,232,-1
1317,-576451658177,2.349652080618857,1.8411752390254426,0.051880665993447844,0.20295567253393534,-0.1147361575749974,0.14039146585581297,0,2415439,0.01,0.13427323049999998,-0.11883026310000007,0,-0.3157291666666667,0.028758333333334773,0,0,232,-1
1318,-576451658177,2.3558366137496556,1.8502393135468138,0.05348086797235088,0.20738695624677708,-0.00969688046842688,0.19012825160764513,0,2415450,0.011,0.19710628049999998,0.005040606899999948,0,-0.1582291666666667,-0.014991666666665293,0,1,233,2
1319,-576451658177,2.35637164944268,1.852323106107582,0.05349376980642077,0.20935347753865594,0.06777479793199795,0.23613072233405585,0,2415460,0.01,0.2425854405,0.07864503689999995,0,-0.2719791666666667,0.21250833333333463,0,0,233,-1
1320,-576451658176,2.356911029332656,1.8544281225370232,0.054335320924562384,0.21166449008017799,0.18436203858625716,0.20033380301254267,0,2415470,0.01,0.19531105049999997,0.20072067689999998,0,-0.1844791666666667,0.1512583333333346,0,0,233,-1
1321,-576451658167,2.352182278116985,1.8628112528197756,0.05386530981563573,0.21627453847322234,0.17719137752980985,0.370155549496678,0,2415480,0.01,0.3939831705,0.17618586689999993,0,-0.23697916666666669,0.27375833333333466,0,1,234,1
1322,-576451658157,2.3527297883295213,1.8649919439663187,0.05563745727643065,0.21988760079745662,0.1773591467886107,0.3070868873483259,0,2415490,0.01,0.2982375705,0.17738268689999998,0,-0.1844791666666667,0.4750083333333346,0,0,234,-1
1323,-576451658147,2.3532942863729702,1.867205533761347,0.05729473777509648,0.22285848480364545,0.09446498732807108,0.23582841014820427,0,2415500,0.01,0.22582996049999998,0.08283390689999995,0,-0.3244791666666667,0.22125833333333467,0,0,234,-1
1327,-576451658106,2.36156745697033,1.8837867531069687,0.0584758949371534,0.23243523824614665,-0.06786815437435155,0.1957250542977457,0,2415541,0.011,0.2108697105,-0.05898926310000005,0,-0.3769791666666667,0.07250833333333473,0,0,235,-1
1328,-576451658095,2.362206573531865,1.8863562166415404,0.05772759608366152,0.23470736339303494,-0.06900300014004132,0.27302902325116946,0,2415552,0.011,0.2838757305,-0.06916223310000005,0,1.9155208333333333,0.16875833333333468,0,0,235,-1
1329,-576451658085,2.3627805112134057,1.8887188221633107,0.05705450854291162,0.23772243323908002,-0.057072763516482494,0.47355998519420084,0,2415562,0.01,0.5016969705000001,-0.05539880310000005,0,-0.2544791666666667,0.2650083333333346,0,0,235,-1
1330,-576451658074,2.363347327486541,1.8911196485698354,0.05634794515128746,0.24244624871798764,-0.15373812231497003,0.46517382321342626,0,2415572,0.01,0.4639971405,-0.16730147310000007,0,-0.3682291666666667,0.24750833333333477,0,0,235,-1
1331,-576451658063,2.360169888693727,1.8983562700277326,0.05277784512152015,0.24888804926364405,-0.29997599467853814,0.20122891579693813,0,2415583,0.011,0.1641937305,-0.32049443310000003,0,-0.24572916666666672,0.40500833333333475,0,1,236,1
1332,-576451658053,2.360731129389512,1.901104149935918,0.049312057600139576,0.2508064239015672,-0.40770660066304887,0.009743309966126379,0,2415594,0.011,-0.017124499500000032,-0.42282254310000006,0,-0.0532291666666667,0.24750833333333477,0,0,236,-1
1333,-576451658039,2.36120342931145,1.9036110790462222,0.04516921501955434,0.2506579995300889,-0.45402353217869074,-0.16337999848479345,0,2415604,0.01,-0.18767134950000003,-0.46052237310000005,0,-0.1844791666666667,-0.04124166666666529,0,0,236,-1
1334,-576451658032,2.361633485055102,1.906109511166072,0.040794266133053404,0.24902744933558774,-0.3364000578694374,-0.1610673875459977,0,2415614,0.01,-0.16074289950000006,-0.31989602310000004,0,-0.1319791666666667,0.10750833333333465,0,0,236,-1
1335,-576451658023,2.3620260880044626,1.9085935050856546,0.03766120541623962,0.24769334835420467,-0.17184051185182572,0.03600863597770118,0,2415624,0.01,0.06366085049999998,-0.14875076310000004,0,-0.2982291666666667,0.14250833333333457,0,0,236,-1
1336,-576451658009,2.362395284996894,1.911073682987229,0.03612658090763171,0.248278910313981,-0.04086389909026089,0.19670039966188851,0,2415634,0.01,0.21924745050000002,-0.022486253100000048,0,-0.3682291666666667,0.23875833333333474,0,0,236,-1
1337,-576451658002,2.36275390745227,1.9135678756633347,0.0356242150934304,0.2504908751986879,-0.10766237679139253,0.371282379734158,0,2415644,0.01,0.3957784005,-0.11703503310000007,0,-0.14947916666666672,0.09875833333333461,0,0,236,-1
1338,-576451657992,2.3656774295893426,1.919291172489648,0.03548601930478561,0.255762653685655,-0.31739589926646156,0.5475737708180336,0,2415654,0.01,0.5723093505000001,-0.3468244731000001,0,-0.17572916666666671,0.07250833333333473,0,1,237,2
1339,-576451657982,2.366047594990588,1.9221360654707371,0.03184956617128237,0.2615459714895578,-0.41247395995914365,0.3903166660246252,0,2415665,0.011,0.36825154050000003,-0.4258145931000001,0,-0.5169791666666668,0.12500833333333472,0,0,237,-1
1340,-576451657972,2.366345876427121,1.924770210844445,0.027787127212095423,0.2653227064222614,-0.3685466766846953,0.3011712235932186,0,2415675,0.01,0.2886630105,-0.3623831331000001,0,-0.26322916666666674,0.3175083333333346,0,0,237,-1
1341,-576451657962,2.366606754944591,1.9274381692956508,0.02432454768500336,0.2682836164754722,-0.20990658839129572,0.2650128057467592,0,2415685,0.01,0.2599393305,-0.18764741310000005,0,-0.3944791666666667,-0.04124166666666529,0,0,237,-1
1342,-576451657952,2.3668404358134603,1.9301346266889783,0.02237070726639924,0.27099157169955845,-0.10642198817627456,0.3062192275789387,0,2415695,0.01,0.3120010005,-0.09190181310000006,0,-0.28947916666666673,0.24750833333333477,0,0,237,-1
1343,-576451657941,2.3670592568638504,1.932861143834758,0.021374425720700477,0.2742552728447719,-0.058003630253775765,0.44983075851664645,0,2415705,0.01,0.4699812405,-0.05120993310000007,0,-0.4032291666666667,-0.032491666666665364,0,0,237,-1
1344,-576451657931,2.3605764315270434,1.9437167391212757,0.017823099261860924,0.2820751383168283,-0.07723594072397631,0.6091922397577855,0,2415715,0.01,0.6315519405,-0.07993361310000006,0,-0.4557291666666667,0.08125833333333476,0,1,238,1
1345,-576451657921,2.3607666741287163,1.946856784442675,0.01680571325817886,0.2888310019988078,-0.18718100469540008,0.6450687328050069,0,2415726,0.011,0.6501026505,-0.20260766310000006,0,-0.1407291666666667,0.10750833333333465,0,0,238,-1
1346,-576451657911,2.360924190907597,1.9497768015021397,0.014753953596969661,0.29519863716171535,-0.3140613362537018,0.5865099721402709,0,2415736,0.01,0.5782934505,-0.33186422310000013,0,-0.17572916666666671,0.05500833333333466,0,0,238,-1
1347,-576451657901,2.3610570343822266,1.9527560457970146,0.011769832914416254,0.3007424705482405,-0.2026775343156677,0.3578484788415084,0,2415746,0.01,0.32576443050000004,-0.18704900310000006,0,-0.24572916666666672,0.09875833333333461,0,0,238,-1
1348,-576451657891,2.3611657745950736,1.9557803500126876,0.00992651908805457,0.30416290220775044,-0.07194672922077539,0.2452231529506269,0,2415756,0.01,0.22942042049999997,-0.05360357310000006,0,-0.4994791666666667,0.30000833333333476,0,0,238,-1
1349,-576451657879,2.361273128867847,1.9591416667132318,0.00950244721698046,0.30696094550230263,0.16874400641095727,0.31113104449377177,0,2415767,0.011,0.3203787405,0.20251590689999993,0,-0.3507291666666667,0.1512583333333346,0,0,238,-1
1350,-576451657869,2.361377946909058,1.9622271771652562,0.011396375987125975,0.310124692930122,0.3143361327723012,0.34810358388594065,0,2415777,0.01,0.35329129049999997,0.3347645169,0,-0.4032291666666667,0.2300083333333347,0,0,238,-1
1351,-576451657859,2.363835853760814,1.968564421274851,0.015888448212479606,0.31527959699629277,0.2677035868515742,0.4371423697912339,0,2415788,0.011,0.4496353005,0.2611600868999999,0,-0.28947916666666673,0.011258333333334702,0,1,239,2
1352,-576451657847,2.3640228771839475,1.9720597496398444,0.01826697545475179,0.32019890382074834,-0.09960626721119475,0.5089722376447132,0,2415799,0.011,0.5190508605,-0.15114440310000005,0,0.0430208333333333,0.09875833333333461,0,0,239,-1
1355,-576451657805,2.3644522066320937,1.9818736313285112,0.008297891627843853,0.33314404203740144,-0.4291204313784814,0.3190893038342304,0,2415829,0.01,0.3125994105,-0.4246177731000001,0,-0.2019791666666667,-0.19874166666666537,0,0,239,-1
1356,-576451657804,2.364514689280981,1.9852211731273852,0.004156551324527992,0.33635787571314596,-0.32231547534837873,0.33543861852868007,0,2415839,0.01,0.3377326305,-0.30732941310000006,0,-0.3682291666666667,-0.11999166666666539,0,0,239,-1
1357,-576451657703,2.3645409926253933,1.9886015041704994,0.0010667040090499669,0.33970919398951505,-0.22730815981572913,0.33325214052776914,0,2415849,0.01,0.33294535049999996,-0.21397745310000002,0,-0.21947916666666673,0.04625833333333462,0,0,239,-1
1358,-576451657702,2.3607611856907145,1.996952459426704,-0.002822530857847681,0.34506695198518184,-0.04034266380482257,0.2784066826843403,0,2415860,0.011,0.27071071049999995,-0.014108513100000058,0,-0.4732291666666667,-0.13749166666666535,0,1,240,1
1359,-576451657702,2.360728691602161,2.0007642063364535,-0.0031224610035790975,0.3480082174259976,0.052983593533701634,0.19976319839276752,0,2415871,0.011,0.18872854049999999,0.06607842689999995,0,-0.3244791666666667,-0.08499166666666536,0,0,240,-1
1360,-576451657702,2.360700271688391,2.0042529376677116,-0.002568865056874976,0.34980281395194385,0.06971491467783607,0.05679290841067086,0,2415881,0.01,0.03673240049999998,0.07206252689999995,0,-0.2807291666666667,-0.10249166666666532,0,0,240,-1
1361,-576451657702,2.3606793272172886,2.00775310485871,-0.0016763549513127412,0.35026195590216264,0.20874051759265078,-0.020623811842957487,0,2415891,0.01,-0.031486339500000016,0.22824753689999996,0,-0.3682291666666667,-0.07624166666666532,0,0,240,-1
1362,-576451657701,2.3606742308465027,2.0112539372475657,6.029709943992059e-4,0.3499377715817492,0.34549645926294564,-0.10466810151441508,0,2415901,0.01,-0.11646055950000003,0.3646850169,0,-0.3332291666666667,-0.14624166666666538,0,0,240,-1
1363,-576451657701,2.3606987617634854,2.0147475312129735,0.004249433626517431,0.3488051545381909,0.4819731251280629,-0.16591292050562462,0,2415911,0.01,-0.1745063295,0.5011224969,0,-0.5169791666666668,-0.11124166666666535,0,0,240,-1
1364,-576451657700,2.360765519780277,2.018226832780279,0.009094936727115347,0.3470750723060591,0.5003405491215529,-0.21648066649675038,0,2415921,0.01,-0.2235759495,0.5029177269,0,-0.1144791666666667,-0.05874166666666536,0,0,240,-1
1365,-576451657700,2.3608813603210397,2.0216861236446144,0.01407868720325029,0.3448109667475515,0.4863325177356307,-0.28725049353970933,0,2415931,0.01,-0.2971803795,0.48436701689999995,0,-0.21947916666666673,-0.032491666666665364,0,0,240,-1
1366,-576451657700,2.3610461654450123,2.025119283352639,0.018895414222518114,0.341846719959677,0.4531222325128186,-0.3526344746380997,0,2415941,0.01,-0.3618086595,0.4484624169,0,-0.3069791666666667,0.0637583333333347,0,0,240,-1
1367,-576451657693,2.3612796424723057,2.0288568902188997,0.02361883594030546,0.3377672506653618,0.282156634354337,-0.4840024504163101,0,2415952,0.011,-0.5024350095,0.25816803689999995,0,-0.0707291666666667,0.22125833333333467,0,0,240,-1
1368,-576451657684,2.3638548562312014,2.0354486125103226,0.027603334009479175,0.3334187283949973,0.14356999217535482,-0.6234892993818286,0,2415963,0.011,-0.6430613595,0.12412419689999996,0,-0.3769791666666667,0.19500833333333478,0,1,241,2
1369,-576451657673,2.364136831781575,2.0387509040184564,0.028849378371637226,0.3270715293448714,0.010016404488297131,-0.7025767829872851,0,2415973,0.01,-0.7136737395,-0.008722823100000067,0,-0.3682291666666667,-0.05874166666666536,0,0,241,-1
1370,-576451657663,2.3620066969834763,2.0452840645921992,0.027822446921323678,0.3203756897795145,-0.020061551210063405,-0.7868263722046791,0,2415984,0.011,-0.7986479595,-0.02428148310000004,0,-0.26322916666666674,0.028758333333334773,0,1,242,1
1371,-576451657653,2.362284046214266,2.048447405888857,0.02764263222521899,0.3123423541500727,-0.005395028455719941,-0.9031983458253476,0,2415994,0.01,-0.9195267795,-0.003337133100000041,0,-0.23697916666666669,0.0637583333333347,0,0,242,-1
1372,-576451657643,2.3625606228451574,2.051526451040518,0.02765389002158263,0.30343181753467713,0.04101571324434142,-0.8167603799898223,0,2416004,0.01,-0.8046320594999999,0.04752771689999995,0,-0.1932291666666667,0.3700083333333346,0,0,242,-1
1373,-576451657632,2.3628393206914686,2.054521447371661,0.0280808988025652,0.2955008111656264,0.053023758908449015,-0.6481664696834457,0,2416014,0.01,-0.6245106495,0.054708636899999954,0,-0.2544791666666667,0.07250833333333473,0,0,242,-1
1374,-576451657623,2.363123105377427,2.0574447428495457,0.02866180825256586,0.2891277799347094,0.08913661459090333,-0.5707454942163566,0,2416024,0.01,-0.5598823694999999,0.09420369689999995,0,-0.3944791666666667,0.3087583333333346,0,0,242,-1
1375,-576451657613,2.363415111333403,2.060308790127354,0.029698575602104142,0.2836244011560912,0.19276310312918754,-0.42530174453596714,0,2416034,0.01,-0.40489417950000006,0.20730318689999996,0,-0.3332291666666667,0.11625833333333468,0,0,242,-1
1376,-576451657600,2.363721137867675,2.0631235102223466,0.03153291231639378,0.2793309615050302,0.1262727057166126,-0.4541104501854186,0,2416044,0.01,-0.4581526695,0.11694327689999996,0,-0.1144791666666667,0.27375833333333466,0,0,242,-1
1377,-576451657592,2.3702121002165537,2.073653758109638,0.03554798769166945,0.277854037177988,-5.076652603871785e-4,-0.5379455330255899,0,2416054,0.01,-0.5497093995000001,-0.018297383100000043,0,-0.17572916666666671,0.2650083333333346,0,1,243,2
1378,-576451657582,2.370602629921734,2.0766776449019777,0.03547374480737469,0.27194171654450017,-0.045495930556282274,-0.5346176787931748,0,2416065,0.011,-0.5341507395000001,-0.05180834310000005,0,-0.2807291666666667,0.27375833333333466,0,0,243,-1
1379,-576451657572,2.3709545088003465,2.0793700718553585,0.03492980898036545,0.2665559301111408,-0.10823233599583379,-0.5625461657970081,0,2416075,0.01,-0.5664648795,-0.11703503310000007,0,-0.3157291666666667,0.2037583333333346,0,0,243,-1
1380,-576451657562,2.371299084710319,2.082007861805636,0.03395460855514849,0.26098609915978227,-0.031987527042137004,-0.5229509589423885,0,2416085,0.01,-0.5173952595000001,-0.021289433100000043,0,-0.3594791666666667,0.14250833333333457,0,0,243,-1
1381,-576451657553,2.3716372149067104,2.0845920910419546,0.033663364559788946,0.25583707161960284,-0.011585483305942085,-0.4656011501700594,0,2416095,0.01,-0.4575542595,-0.008722823100000067,0,-0.26322916666666674,-0.02374166666666533,0,0,243,-1
1383,-576451657498,2.3723460625924617,2.08986201512248,0.03407317783150019,0.24606100020172653,0.05437521819890606,-0.44007556320272745,0,2416116,0.011,-0.4360114995,0.05650386689999995,0,-0.3769791666666667,0.1512583333333346,0,0,243,-1
1384,-576451657498,2.3727245173263567,2.092542757216193,0.03472271318511675,0.24131948834424882,0.08772857637441622,-0.37563741259351363,0,2416127,0.011,-0.3665959395,0.09240846689999996,0,-0.2282291666666667,0.5712583333333348,0,0,243,-1
1385,-576451657497,2.373075913479969,2.0949376628660596,0.03556707417145359,0.23763772065291533,0.06454420258005682,-0.3231024039010186,0,2416137,0.01,-0.31573108950000006,0.06129114689999995,0,-0.28947916666666673,0.32625833333333465,0,0,243,-1
1386,-576451657497,2.373434918635969,2.0972972973214903,0.0362291553472378,0.23431549046056627,0.07638518934719116,-0.38800781408327545,0,2416147,0.01,-0.39711484950000003,0.07804662689999994,0,-0.3769791666666667,0.36125833333333457,0,0,243,-1
1387,-576451657440,2.3737995319564456,2.099620106678581,0.03675938388775348,0.23028795868729168,-0.09008652357516755,-0.4930780412613822,0,2416157,0.01,-0.5078206995,-0.11344457310000006,0,0.0430208333333333,0.3350083333333347,0,0,243,-1
1388,-576451657440,2.3741611358717605,2.1018980086961467,0.03562654552029591,0.22530663826625094,-0.2554089436414013,-0.5290968527584886,0,2416167,0.01,-0.5341507395000001,-0.2786057331000001,0,-0.0444791666666667,0.21250833333333463,0,0,243,-1
1389,-576451657440,2.374504646137093,2.10412388260701,0.03307483881699804,0.21990047425166492,-0.25371078574968553,-0.6111959028014509,0,2416177,0.01,-0.6227154195000001,-0.25347251310000013,0,-0.1319791666666667,-0.04124166666666529,0,0,243,-1
1390,-576451657439,2.3748239414302446,2.106293292911957,0.030730205731887877,0.21393927821007933,-0.11653497375932126,-0.5037478729893734,0,2416187,0.01,-0.48867157950000006,-0.09728750310000006,0,-0.3157291666666667,0.011258333333334702,0,0,243,-1
1391,-576451657439,2.3751267093689794,2.1084084186007086,0.029766730798613087,0.20904552616773486,0.02734023731726712,-0.4013145476503963,0,2416197,0.01,-0.3869418795,0.04752771689999995,0,-0.0182291666666667,-0.049991666666665324,0,0,243,-1
1392,-576451657438,2.375426463804408,2.1104789920974323,0.030152596322501682,0.2050611107937446,0.10749219188661331,-0.3808387397365006,0,2416207,0.01,-0.37796572949999996,0.11873850689999994,0,-0.1669791666666667,0.2562583333333346,0,0,243,-1
1393,-576451657430,2.3812197028533553,2.1194045365041774,0.03378910693948518,0.204142958137884,0.08114569922194433,-0.342109026837025,0,2416217,0.01,-0.33667543950000006,0.07744821689999995,0,-0.2719791666666667,0.43125833333333463,0,1,245,2
1394,-576451657419,2.381595018122624,2.1216280548368003,0.03449336210689414,0.20017880491937215,-0.04227080435319601,-0.47378610895618645,0,2416228,0.011,-0.4922620395,-0.05958767310000004,0,-0.3157291666666667,0.35250833333333476,0,0,245,-1
1395,-576451657384,2.381971887923024,2.1238015847670644,0.0340284332289496,0.19499961254353845,-0.042238338467159166,-0.45272944154098366,0,2416239,0.011,-0.44977492950000003,-0.04223378310000006,0,-0.10572916666666671,0.4662583333333348,0,0,245,-1
1397,-576451657293,2.382647399011423,2.1276199820213972,0.033709865884959105,0.18733432059509636,0.010549329620641361,-0.15947533806283007,0,2416259,0.01,-0.1320192195,0.011623116899999963,0,-0.0444791666666667,0.27375833333333466,0,0,245,-1
1398,-576451657293,2.382984840059922,2.1294869228668003,0.033786485716347764,0.1859847222507009,-0.010024876388292837,0.015213444077173427,0,2416269,0.01,0.03972445049999999,-0.012911693100000054,0,-0.1932291666666667,0.2650083333333346,0,0,245,-1
1399,-576451657292,2.3755026160419996,2.141015367957306,0.02994298560479648,0.19010854134718957,-0.15214813748807246,0.15163547271798683,0,2416280,0.011,0.1707762405,-0.17208875310000007,0,-0.1669791666666667,0.2825083333333347,0,1,246,1
1400,-576451657292,2.3758208165661285,2.1431159357316876,0.027986006195539873,0.19180805704686069,-0.33598949644080034,0.17209446035680848,0,2416291,0.011,0.17496511049999997,-0.3617847231000001,0,-0.26322916666666674,0.020008333333334738,0,0,246,-1
1401,-576451657292,2.376083202854402,2.1450422652274246,0.02452393281435914,0.19347519219480835,-0.4079397488022266,0.13420403755936622,0,2416301,0.01,0.12888754049999998,-0.4180352631000001,0,-0.14947916666666672,0.1775083333333347,0,0,246,-1
1402,-576451657291,2.376328115333009,2.1471784632552944,0.02001183744562488,0.1949298753903665,-0.4241399180831432,0.1200957311650933,0,2416312,0.011,0.11811616049999998,-0.42641300310000013,0,-0.2282291666666667,0.3875083333333347,0,0,246,-1
1403,-576451657291,2.3765068955283173,2.149132977239259,0.015750489205730633,0.1960107536659381,-0.4382031823982105,0.03544493840408726,0,2416322,0.01,0.023567380499999974,-0.44017643310000004,0,-0.2807291666666667,0.36125833333333457,0,0,246,-1
1404,-576451657291,2.3766422610009577,2.151095835597759,0.011332846583672587,0.19651720305384787,-0.4635486053717798,0.1436285375013861,0,2416332,0.01,0.15880804049999997,-0.46710488310000003,0,-0.1844791666666667,0.11625833333333468,0,0,246,-1
1405,-576451657291,2.376733209980829,2.1530684267832054,0.006821862647573683,0.19799058075886594,-0.374831276536858,0.1700596737155077,0,2416342,0.01,0.1737682905,-0.3623831331000001,0,-0.1844791666666667,0.40500833333333475,0,0,246,-1
1406,-576451657291,2.3767845534813454,2.1550581568692424,0.003364995822796034,0.19989749884687388,-0.1671233813099095,0.31710091723197753,0,2416352,0.01,0.3377326305,-0.13797938310000005,0,-0.1844791666666667,0.24750833333333477,0,0,246,-1
1407,-576451657191,2.3768108077095245,2.15707358794913,0.001843754091774571,0.20316237350417543,-0.06022500357430757,0.3839982356156594,0,2416362,0.01,0.3933847605,-0.04522583310000006,0,-0.2807291666666667,0.23875833333333474,0,0,246,-1
1408,-576451657190,2.3798641204210895,2.1631009119360045,0.0028819831931049898,0.20875167262811486,0.11613468690424789,0.2589367342455299,0,2416373,0.011,0.2413886205,0.14087967689999994,0,-0.14947916666666672,0.08125833333333476,0,1,247,2
1409,-576451657189,2.379899343715464,2.1652009223687716,0.004134392128862278,0.2112723245464759,0.18034182739595597,0.21048690365945835,0,2416383,0.01,0.20368879049999997,0.18935088689999996,0,-0.3769791666666667,0.09875833333333461,0,0,247,-1
1410,-576451657189,2.379949753245446,2.1673232675000285,0.005945224376325474,0.21323684032889312,0.18561845981595004,0.11059015537576024,0,2416393,0.01,0.09657340049999999,0.18635883689999996,0,-0.21947916666666673,0.1512583333333346,0,0,247,-1
1411,-576451657189,2.380019417363981,2.1694599551640055,0.007946663948341303,0.21415389945732113,0.28912407338858737,-0.023974970532492715,0,2416403,0.01,-0.04285612950000002,0.30364719689999997,0,-0.3069791666666667,-0.02374166666666533,0,0,247,-1
1413,-576451657188,2.380232514214746,2.1737367574263646,0.013157366097986642,0.21344315154792298,0.1611173312310239,-0.04459659531160796,0,2416423,0.01,-0.04465135950000003,0.14865900689999995,0,-0.1319791666666667,0.11625833333333468,0,0,247,-1
1414,-576451657188,2.3803710884775255,2.1758686946514176,0.014603735207814742,0.21295588384772873,0.043662192146109,-0.0740321460339323,0,2416433,0.01,-0.07816231950000002,0.02718177689999995,0,-0.26322916666666674,0.1512583333333346,0,0,247,-1
1415,-576451657188,2.3805179956773417,2.1779940620059492,0.014835260165283479,0.2121390565327797,-0.10250943746654312,-0.12855750432299115,0,2416443,0.01,-0.13620808950000002,-0.12301913310000007,0,-0.03572916666666671,0.19500833333333478,0,0,247,-1
1416,-576451657188,2.3806603304201324,2.180109751789284,0.013670798365882905,0.2109670343663059,-0.20183594069067667,-0.047628907123241,0,2416453,0.01,-0.03627361950000002,-0.21577268310000006,0,-0.3507291666666667,0.08125833333333476,0,0,247,-1
1417,-576451657183,2.380787440294988,2.1822178279445117,0.01172954010664725,0.2106136941690274,-0.14688631786276385,0.03999617311155583,0,2416463,0.01,0.052291060499999986,-0.13917620310000006,0,-0.1844791666666667,0.10750833333333465,0,0,247,-1
1418,-576451657173,2.384236627147182,2.1886709016520647,0.012006936520561224,0.21281713809287692,0.06716255964460659,0.07439361729999443,0,2416474,0.011,0.07921951049999999,0.09719574689999995,0,-0.0707291666666667,0.16875833333333468,0,1,249,2
1419,-576451657162,2.3843752320169,2.191016528532615,0.013100143261350682,0.21365815891308096,0.2971138096663188,0.08912124180886444,0,2416485,0.011,0.09118771049999998,0.3293788268999999,0,-0.3507291666666667,0.0637583333333347,0,0,249,-1
1420,-576451657152,2.384522981371569,2.1931577677575835,0.016358140828821137,0.21458026341821823,0.49910996654194717,0.11087497190478042,0,2416495,0.01,0.11392729049999999,0.5274525369,0,-0.2019791666666667,0.10750833333333465,0,0,249,-1
1421,-576451657141,2.3847122135545256,2.1953094137964713,0.021457172362377028,0.2157355451619633,0.5759180048780888,0.14398879037153456,0,2416505,0.01,0.1486350705,0.5866951268999999,0,-0.2019791666666667,0.09000833333333458,0,0,249,-1
1422,-576451657131,2.3779510783695863,2.205735685081864,0.024025856174689116,0.22041601017233822,0.523969443088699,0.11605255068423335,0,2416515,0.01,0.11213206049999999,0.5166811568999999,0,-0.2807291666666667,-0.006241666666665369,0,1,250,1
1423,-576451657120,2.378244441280581,2.2081661521413882,0.029404941543338316,0.2215295549280374,0.2719822155486481,0.00923335127174199,0,2416526,0.011,-0.005754709500000013,0.23662527689999993,0,-0.2019791666666667,0.21250833333333463,0,0,250,-1
1424,-576451657110,2.3785504043853747,2.2103818631467096,0.03186792638862466,0.22161515459348627,0.09088956554421854,0.004485967432869396,0,2416536,0.01,0.003819850499999965,0.06548001689999995,0,-0.1319791666666667,0.3437583333333347,0,0,250,-1
1425,-576451657100,2.378904760281488,2.2128200713637587,0.032621966740181176,0.22168926763014563,-0.0699345952960255,0.020694685922892232,0,2416547,0.011,0.022968970499999974,-0.09250022310000004,0,-0.2019791666666667,0.27375833333333466,0,0,250,-1
1426,-576451657088,2.379226525437338,2.215038208218706,0.03177693606591063,0.22192807492727368,-0.17263838538499515,0.04315543794472038,0,2416557,0.01,0.04630696049999997,-0.18704900310000006,0,-0.28947916666666673,0.14250833333333457,0,0,250,-1
1427,-576451657073,2.379535482115418,2.217259956543921,0.030022473946865063,0.22240775160611798,-0.1926226960357534,0.07740580805563324,0,2416567,0.01,0.08221156049999999,-0.19542674310000005,0,-0.1844791666666667,0.3350083333333347,0,0,250,-1
1428,-576451656986,2.3858018518873427,2.2275765802080487,0.03038635215564432,0.22660330730341727,-0.032924305611564876,0.1398716802578081,0,2416581,0.014,0.1486350705,-0.010518053100000058,0,-0.28947916666666673,0.30000833333333476,0,1,251,2
1429,-576451656985,2.3861346679103335,2.2300780610483133,0.030099492605113475,0.22819405552974012,0.014538110288158768,0.17274606578708793,0,2416592,0.011,0.1773587505,0.021197676899999948,0,-0.3419791666666667,0.09875833333333461,0,0,251,-1
1431,-576451656985,2.38673330823308,2.2346774762122523,0.02942177167561175,0.23180121439275256,-0.1549434038835143,0.061457674151892044,0,2416612,0.01,0.04151968049999998,-0.16849829310000006,0,-0.2807291666666667,0.3175083333333346,0,0,251,-1
1432,-576451656984,2.38701880751313,2.236997714355439,0.027720873838881725,0.2322837219480366,-0.26286463376234515,-0.032644478396477924,0,2416622,0.01,-0.04584817950000004,-0.2780073231000001,0,-0.1582291666666667,0.16000833333333464,0,0,251,-1
1433,-576451656983,2.3873080734678958,2.239550848981411,0.024864359263997948,0.2319229790695672,-0.23993442611231286,-0.03372795436130724,0,2416633,0.011,-0.03387997950000003,-0.23671703310000003,0,-0.2982291666666667,0.18625833333333475,0,0,251,-1
1434,-576451656983,2.3875458075400497,2.241868943589876,0.02263052451163455,0.2316696136139256,-0.12323626494041372,0.025438554269573165,0,2416643,0.01,0.03374035049999998,-0.10686206310000004,0,-0.4294791666666667,0.10750833333333465,0,0,251,-1
1435,-576451656982,2.3877681358602727,2.2441880500945954,0.021737589995668032,0.23210085894406832,0.11835167719221794,0.15131849141804546,0,2416653,0.01,0.16898101049999997,0.15224946689999996,0,-0.4119791666666667,-0.006241666666665369,0,0,251,-1
1436,-576451656982,2.3879928766667637,2.246517920279543,0.023146935916309792,0.23381621043152384,0.2792727422328044,0.29537810671426257,0,2416663,0.01,0.3155914605,0.30185196689999994,0,-0.1669791666666667,0.22125833333333467,0,0,251,-1
1437,-576451656973,2.3804522247932147,2.2579872621938866,0.022621054959469887,0.24041123067750497,0.3709674057048001,0.3026094090896041,0,2416673,0.01,0.3036232605,0.38383413689999996,0,-0.4994791666666667,0.1512583333333346,0,1,252,1
1438,-576451656962,2.38069689938159,2.260406189769407,0.026317843572395472,0.24338776640332072,0.36178460756387465,0.2672888796005308,0,2416683,0.01,0.26233297050000004,0.3604961469,0,-0.24572916666666672,0.2037583333333346,0,0,252,-1
1439,-576451656953,2.3809779957366537,2.2628523801463123,0.029909068707371866,0.2458962469837004,0.3428122626052385,0.15011567660944453,0,2416693,0.01,0.13367482049999999,0.3401502068999999,0,-0.24572916666666672,0.08125833333333476,0,0,252,-1
1441,-576451656883,2.381675498228071,2.2680400098744484,0.036167587862714894,0.24763406423941586,0.24981809563721985,0.04833990549782598,0,2416714,0.01,0.051692650499999986,0.24799506689999995,0,-0.21947916666666673,0.2562583333333346,0,0,252,-1
1442,-576451656883,2.3820502010879965,2.2705195060005843,0.03874905007004292,0.2482321900347285,0.3090935449398725,0.12999668925583274,0,2416724,0.01,0.1414541505,0.31741062689999994,0,-0.3157291666666667,0.09875833333333461,0,0,252,-1
1443,-576451656883,2.382453046671123,2.273009159118192,0.041824445462144505,0.2496618796622772,0.29802002879030604,0.22243436602703437,0,2416734,0.01,0.23540452050000002,0.29646627689999994,0,-0.26322916666666674,0.24750833333333477,0,0,252,-1
1444,-576451656882,2.3828854065306277,2.2755175346988747,0.044681973697756526,0.251985389772842,0.21059399552562796,0.29310840482108047,0,2416744,0.01,0.3030248505,0.19832703689999995,0,-0.2282291666666667,0.22125833333333467,0,0,252,-1
1445,-576451656882,2.3833412259825373,2.2780516883774014,0.04654897528660793,0.2548609334630254,0.04030417443590881,0.2535251525638534,0,2416754,0.01,0.24797113049999997,0.01641039689999995,0,-0.2282291666666667,0.40500833333333475,0,0,252,-1
1446,-576451656781,2.3838070009433596,2.280611968388095,0.04668183714452204,0.25723914002183185,-0.15225169267910288,0.1415999824031306,0,2416764,0.01,0.12589549049999998,-0.17926967310000008,0,-0.2807291666666667,0.30000833333333476,0,0,252,-1
1447,-576451656780,2.384265758118798,2.2831903825233035,0.04508925892290527,0.2584900230022756,-0.20218404387982572,0.02392199424035292,0,2416774,0.01,0.007410310499999982,-0.20919017310000007,0,-0.28947916666666673,0.5537583333333347,0,0,252,-1
1448,-576451656780,2.3847061751287613,2.28577658449943,0.04301020000204332,0.2587457421380442,-0.24296338491999933,0.035680891171099446,0,2416784,0.01,0.03733081049999997,-0.2486852331000001,0,-0.17572916666666671,0.36125833333333457,0,0,252,-1
1449,-576451656780,2.3851246920866886,2.288367135534192,0.04066851183796386,0.25930707133751146,-0.18028491160706647,0.18144153173596933,0,2416794,0.01,0.2018935605,-0.17149034310000005,0,-0.4382291666666667,0.3700083333333346,0,0,252,-1
1450,-576451656780,2.385523488365426,2.2909704578593817,0.039041421600647386,0.2613056991084826,-0.055022390974191926,0.31272887514014336,0,2416804,0.01,0.33115012050000003,-0.03744650310000005,0,-0.26322916666666674,0.22125833333333467,0,0,252,-1
1451,-576451656780,2.3859116199759263,2.2935999565045546,0.0385643672914278,0.2645587405863761,-0.0028747631521706257,0.40235224785090523,0,2416814,0.01,0.41492752050000004,0.004442196899999945,0,-0.0532291666666667,0.27375833333333466,0,0,252,-1
1452,-576451656779,2.3862967202247405,2.2962658030349865,0.03847319920276476,0.26860436355374756,-0.047361527385873174,0.4181031616137621,0,2416824,0.01,0.42031321050000003,-0.05360357310000006,0,-0.3507291666666667,0.24750833333333477,0,0,252,-1
1453,-576451656779,2.3866795441582287,2.298972241183987,0.038071426643896386,0.2727056458789544,0.003840435400965174,0.36126621959307864,0,2416834,0.01,0.35329129049999997,0.011024706899999943,0,-0.2719791666666667,0.3175083333333346,0,0,252,-1
1454,-576451656779,2.3870603891804767,2.3017178874699717,0.03810026286229927,0.27640053609293586,-0.0029787295393229798,0.4198697386949329,0,2416844,0.01,0.42809254049999995,-0.003935543100000044,0,-0.10572916666666671,0.35250833333333476,0,0,252,-1
1455,-576451656778,2.3874418954056535,2.304502295747414,0.03817238410510292,0.28050700187544764,0.06965100308031222,0.35413671094375265,0,2416854,0.01,0.34491355049999994,0.07984185689999995,0,-0.1844791666666667,0.07250833333333473,0,0,252,-1
1456,-576451656778,2.387827394255206,2.307324471876273,0.038914568456190186,0.28395455143267045,0.10220287487158569,0.2872733857214735,0,2416864,0.01,0.2778916305,0.10677030689999994,0,-0.2019791666666667,0.09875833333333461,0,0,252,-1
1457,-576451656679,2.3823606278530636,2.3170915858332584,0.03713600876634639,0.2895894969085058,-0.05804751219599363,0.2837695481524655,0,2416874,0.01,0.2832773205,-0.08053202310000006,0,-0.2019791666666667,0.11625833333333468,0,1,254,1
1458,-576451656678,2.3877689991021027,2.326260897851598,0.038592060894791745,0.29508448335967347,-0.21053341204757892,0.19989889469694969,0,2416885,0.011,0.1881301305,-0.23192975310000002,0,-0.3419791666666667,-0.014991666666665293,0,1,255,2
1459,-576451656677,2.388180218944213,2.3295190169538103,0.036196317362106156,0.29729658371818013,-0.2623579557619853,0.20847022620188915,0,2416896,0.011,0.20967289049999996,-0.26962958310000007,0,-0.2807291666666667,-0.1287416666666653,0,0,255,-1
1460,-576451656677,2.3885281494912376,2.3325021075654875,0.03343400879811111,0.29933583354199494,-0.36004606738698874,0.1764639400806891,0,2416906,0.01,0.17197306049999997,-0.3737529231000001,0,-0.2282291666666667,-0.05874166666666536,0,0,255,-1
1461,-576451656676,2.388844359572588,2.3355033366529225,0.029813707408606536,0.30095261572416004,-0.3741654397429949,0.07124364511378913,0,2416916,0.01,0.056479930499999983,-0.37614656310000005,0,-0.2544791666666667,0.07250833333333473,0,0,255,-1
1462,-576451656676,2.389123923809727,2.338516011134708,0.026093181653966683,0.3016004853311692,-0.35910991961927496,0.02523560072050965,0,2416926,0.01,0.01878010049999997,-0.35699744310000003,0,-0.0882291666666667,-0.04124166666666529,0,0,255,-1
1463,-576451656676,2.3893680956949757,2.3415331325806914,0.02268876793193855,0.301830170950479,-0.22606306915943114,0.00907888801888838,0,2416936,0.01,0.00681190049999998,-0.20739494310000006,0,-0.2107291666666667,-0.10249166666666532,0,0,255,-1
1464,-576451656675,2.3895844261041668,2.344551837368132,0.020544621810967046,0.30191301604682574,-0.1430452978115825,0.0034174066700349975,0,2416946,0.01,0.0026230304999999765,-0.13139687310000003,0,-0.3244791666666667,-0.11124166666666535,0,0,255,-1
1465,-576451656675,2.389783443619533,2.3475708445363397,0.01922716985558446,0.3019012966519337,-0.06251003151139087,-0.029290634910008044,0,2416956,0.01,-0.03387997950000003,-0.05120993310000007,0,-0.28947916666666673,0.16875833333333468,0,0,255,-1
1466,-576451656675,2.3899908693714944,2.3508899227288755,0.018497018527874255,0.3015697537791325,-0.09038434115389017,-0.035414381739906686,0,2416967,0.011,-0.03627361950000002,-0.09429545310000007,0,-0.4382291666666667,0.1512583333333346,0,0,255,-1
1467,-576451656576,2.3827025324693163,2.362620153026191,0.014193730039066394,0.30454320103653615,-0.17777930423392324,-0.15844024447192115,0,2416977,0.01,-0.17570314950000004,-0.19004105310000008,0,-0.3594791666666667,0.002508333333334667,0,1,256,1
1468,-576451656575,2.38283509890016,2.365657151449214,0.012341107374045465,0.3028792818278818,-0.23103923335642895,-0.21503639626707577,0,2416987,0.01,-0.22297753950000002,-0.23851226310000007,0,-0.3157291666666667,0.21250833333333463,0,0,256,-1
1469,-576451656575,2.3829455028096027,2.368674548326745,0.009803529930752626,0.3006285614264523,-0.3929267879421964,-0.2865480026786215,0,2416997,0.01,-0.2965819695,-0.4156416231000001,0,-0.3332291666666667,0.13375833333333476,0,0,256,-1
1472,-576451656574,2.3830728973395536,2.377536223403248,-5.86655647976283e-4,0.2894974334752133,-0.10295591861034825,-0.29895498628184236,0,2417027,0.01,-0.28222012949999997,-0.07454792310000002,0,-0.3332291666666667,0.09875833333333461,0,0,256,-1
1473,-576451656574,2.383062153958244,2.3804163346926437,-0.0015738962698266011,0.2865211121344076,-0.07279567936867636,-0.28952708164974944,0,2417037,0.01,-0.28820422949999996,-0.06856382310000003,0,-0.3682291666666667,0.028758333333334773,0,0,256,-1
1474,-576451656574,2.3830405634730845,2.383552542170933,-0.002356170508383734,0.2836272096547416,-0.060688106057009535,-0.09892242136177165,0,2417048,0.011,-0.07217821950000003,-0.05898926310000005,0,-0.2807291666666667,0.2037583333333346,0,0,256,-1
1475,-576451656573,2.383013531469542,2.3863829475414797,-0.0030294117586617793,0.28249783293460773,-0.10747780678467797,-0.1977421183079104,0,2417058,0.01,-0.21160774950000003,-0.11404298310000008,0,-0.28947916666666673,0.3175083333333346,0,0,256,-1
1476,-576451656573,2.3829774554441077,2.3891972121524128,-0.00416757672755807,0.28039199470202564,-0.15259344811606101,-0.2891429826867708,0,2417068,0.01,-0.3019676595,-0.15892373310000008,0,-0.2107291666666667,0.1512583333333346,0,0,256,-1
1477,-576451656567,2.3829288127711754,2.3919864038840606,-0.005590098087927513,0.2774582697453895,-0.07890344591454303,-0.3192815974186982,0,2417078,0.01,-0.32351041950000003,-0.06856382310000003,0,-0.4207291666666667,0.23875833333333474,0,0,256,-1
1478,-576451656557,2.3761432370776827,2.4029168261859586,-0.009378565754175885,0.2771708959603687,-0.061965217661840065,-0.2993742992204637,0,2417089,0.011,-0.2965819695,-0.05958767310000004,0,-0.3157291666666667,0.16000833333333464,0,1,258,1
1479,-576451656547,2.376037703475788,2.405948586656701,-0.009862847323549997,0.27401905829287776,0.0660663125766335,-0.20771342844138718,0,2417100,0.011,-0.1948522695,0.08403072689999995,0,-0.3332291666666667,0.09000833333333458,0,0,258,-1
1480,-576451656537,2.3759425517586177,2.4086796377084863,-0.00917608484487256,0.2721308388224065,0.0844441394660181,-0.07468648268258612,0,2417110,0.01,-0.0560211495,0.08702277689999995,0,-0.4207291666666667,0.07250833333333473,0,0,258,-1
1481,-576451656526,2.386164651877963,2.423658486700214,-0.003631592528430417,0.2762491894748369,0.02268376886777392,-0.1270625361819123,0,2417121,0.011,-0.1344128595,0.014016756899999957,0,-0.4032291666666667,0.12500833333333472,0,1,259,2
1482,-576451656514,2.386129283648607,2.4264140788492554,-0.0034341435319407013,0.27489423853332523,0.0019637789108887596,-0.1865109223491435,0,2417131,0.01,-0.1948522695,-9.434931000000467e-4,0,-0.2544791666666667,0.2562583333333346,0,0,259,-1
1483,-576451656505,2.3860914129948068,2.42942636214503,-0.0034437020232068907,0.27280337456042286,-0.018428186945762162,-0.21219309202569572,0,2417142,0.011,-0.21579661949999998,-0.021289433100000043,0,-0.1844791666666667,0.13375833333333476,0,0,259,-1
1484,-576451656494,2.386053178545289,2.4324132046750537,-0.003537833526765597,0.27030420345182116,0.05200667123293273,-0.31925910738447405,0,2417153,0.011,-0.33428179950000003,0.06188955689999995,0,-0.28947916666666673,0.3962583333333347,0,0,259,-1
1485,-576451656484,2.3860223323858243,2.4351010116173994,-0.002725238629809897,0.2672218339363034,0.2579897340991725,-0.24164683548275323,0,2417163,0.01,-0.23075686949999996,0.2868917169,0,-0.2982291666666667,0.3175083333333346,0,0,259,-1
1486,-576451656472,2.386008612816678,2.4377623316177988,-4.704371148190866e-5,0.26498913115637734,0.32794146937798163,-0.11087330984384927,0,2417173,0.01,-0.09252415950000002,0.3377565669,0,-0.2019791666666667,0.44000833333333467,0,0,259,-1
1487,-576451656462,2.3820723415510163,2.445264424374345,0.0019370347601605652,0.2659093156317291,0.40319506802578065,0.0647508073643756,0,2417184,0.011,0.08939248049999998,0.4137546369,0,-0.2544791666666667,0.29125833333333473,0,1,260,1
1488,-576451656452,2.382117939867195,2.4481942774214875,0.0063565290147214615,0.2667559866518457,0.39303855224597634,0.1519575421722412,0,2417195,0.011,0.1641937305,0.39161346689999993,0,-0.1319791666666667,0.30000833333333476,0,0,260,-1
1489,-576451656441,2.3821985290884773,2.4508686676265423,0.009888666007712724,0.26815963555260625,0.11260733121600747,0.07032730669109138,0,2417205,0.01,0.058873570499999986,0.07325934689999995,0,-0.28947916666666673,0.5450083333333346,0,0,260,-1
1490,-576451656431,2.382312854281194,2.4538218936247445,0.010943886168206445,0.2688192396356056,-0.007437677034139306,-0.004264677417853413,0,2417216,0.011,-0.014730859500000039,-0.02428148310000004,0,-0.3157291666666667,0.27375833333333466,0,0,260,-1
1491,-576451656421,2.382420863274884,2.456509699056203,0.010708607343980716,0.26875017381728167,-0.12086701742601402,-0.02288901373125638,0,2417226,0.01,-0.025502239500000023,-0.13678256310000006,0,-0.2282291666666667,0.24750833333333477,0,0,260,-1
1492,-576451656411,2.3825220360780324,2.4591955182049716,0.009520142452504028,0.26843769574050125,-0.10648622670185214,-0.08238140753158582,0,2417236,0.01,-0.09072892950000003,-0.10446842310000003,0,-0.4032291666666667,0.09000833333333458,0,0,260,-1
1493,-576451656396,2.3980352172807966,2.479528429617441,0.015502127354892935,0.27502793898913014,-0.05276231014202143,-0.06818438803850571,0,2417246,0.01,-0.06619411950000004,-0.04522583310000006,0,-0.0969791666666667,0.30000833333333476,0,1,261,2
1494,-576451656390,2.3982026517439405,2.482550129685445,0.014937433287265992,0.2743542566613311,-0.04247973600021339,-0.018159511214670958,0,2417257,0.011,-0.011140399500000021,-0.04103696310000005,0,-0.21947916666666673,0.4225083333333346,0,0,261,-1
1495,-576451656380,2.398350412050497,2.485292806384039,0.014590346206391614,0.2741791585371496,0.012312785416950973,-0.013578414310086034,0,2417267,0.01,-0.012935629500000012,0.02000085689999995,0,-0.1582291666666667,0.36125833333333457,0,0,261,-1
1496,-576451656370,2.398495981369579,2.488033639549273,0.014565900573049087,0.2739999281083033,-0.09272269084645171,-0.044501356528114835,0,2417277,0.01,-0.04884022950000003,-0.10746047310000004,0,-0.0444791666666667,0.27375833333333466,0,0,261,-1
1497,-576451656360,2.398635623100484,2.490771497557553,0.013423168198730708,0.27356798601054555,-0.24628732682464452,-0.03518691181370211,0,2417287,0.01,-0.03387997950000003,-0.26783435310000003,0,-0.3332291666666667,0.3350083333333347,0,0,261,-1
1498,-576451656350,2.3987573894850636,2.493505202024493,0.010936726722327213,0.27318238063244576,-0.2630839396445602,-0.05923010130759311,0,2417297,0.01,-0.06260365950000005,-0.2654407131000001,0,-0.2719791666666667,0.2300083333333347,0,0,261,-1
1501,-576451656269,2.398971712897872,2.501690829978046,0.0038209377518259795,0.2732901902126395,-0.12940752996246557,0.1102001318879231,0,2417327,0.01,0.11751775049999999,-0.11942867310000005,0,-0.1582291666666667,0.44000833333333467,0,0,261,-1
1502,-576451656268,2.399004553632178,2.50443031793769,0.00269892427359549,0.27456024244205063,-0.006779885160144397,0.2299692195242281,0,2417337,0.01,0.24677431049999998,0.01042629689999994,0,-0.3244791666666667,0.3350083333333347,0,0,261,-1
1503,-576451656268,2.399031532752709,2.5071877162462086,0.0026824866072866034,0.27690638432468545,0.029824988373655992,0.263073691763382,0,2417347,0.01,0.2677186605,0.03496110689999995,0,-0.17572916666666671,0.37875833333333464,0,0,261,-1
1504,-576451656268,2.3990597431763137,2.5099700552375253,0.0029642301914851185,0.2795560906511551,0.018061026853689224,0.2765930996165482,0,2417357,0.01,0.2784900405,0.01641039689999995,0,-0.21947916666666673,0.3175083333333346,0,0,261,-1
1505,-576451656268,2.399091143047198,2.512779451315182,0.0032782936924198322,0.2823228831275257,0.11317251366033239,0.2772070724794883,0,2417367,0.01,0.2772932205,0.12651783689999996,0,-0.3157291666666667,0.3350083333333347,0,0,261,-1
1506,-576451656178,2.399130033936151,2.515616626045185,0.004480191814774448,0.28510831375299955,0.16318446832487823,0.28672861043210474,0,2417377,0.01,0.28806460050000005,0.17020176689999994,0,-0.2982291666666667,0.2650083333333346,0,0,261,-1
1507,-576451656178,2.414477460670268,2.5361118647915837,0.013004532370822282,0.2954335071958824,0.1898060826397253,0.3262105199441596,0,2417387,0.01,0.3317485305,0.19353975689999994,0,-0.2982291666666667,0.13375833333333476,0,1,263,2
1508,-576451656177,2.414633117732928,2.5393829455221035,0.015259170182815765,0.2992550800763624,0.29908533950423594,0.479054273047757,0,2417398,0.011,0.5005001505000001,0.3144185768999999,0,-0.1319791666666667,0.27375833333333466,0,0,263,-1
1509,-576451656177,2.414800397556621,2.5424000247733374,0.018209552323240667,0.30413332639078483,0.27054968390081857,0.5408930252914292,0,2417408,0.01,0.5495697705,0.2665457768999999,0,-0.1407291666666667,0.2825083333333347,0,0,263,-1
1510,-576451656177,2.4149940147026925,2.5454683815887553,0.02060339700309861,0.3095389386308323,0.04873111757275164,0.5385313525293377,0,2417418,0.01,0.5381999805000001,0.01760721689999996,0,-0.26322916666666674,0.2037583333333346,0,0,263,-1
1511,-576451656177,2.415201352439691,2.548590114416808,0.020913952581300646,0.3148332612578826,-0.07722118960397481,0.47369315512846244,0,2417428,0.01,0.46459555050000007,-0.09489386310000006,0,-0.4382291666666667,0.1775083333333347,0,0,263,-1
1512,-576451656176,2.4154059870787252,2.55176179592686,0.020041205849013307,0.3195177630456593,-0.14887045150346517,0.4363274615332002,0,2417438,0.01,0.4310845905,-0.15892373310000008,0,-0.28947916666666673,0.22125833333333467,0,0,263,-1
1513,-576451656176,2.4155996779388005,2.5549787156169534,0.01866530701785157,0.3238694321246681,-0.06847457358912971,0.4280562712551545,0,2417448,0.01,0.4268957205,-0.05719403310000006,0,-0.0969791666666667,0.21250833333333463,0,0,263,-1
1514,-576451656175,2.415783316765863,2.5582394919706464,0.018044511988389047,0.3282560706804079,-0.022897221797661335,0.5036559994084743,0,2417458,0.01,0.5142635805,-0.016502153100000052,0,-0.1582291666666667,0.11625833333333468,0,0,263,-1
1515,-576451656175,2.4159623185154455,2.561548021558421,0.017768920484732935,0.33341539584754587,-0.05612256470672724,0.5911501536543872,0,2417468,0.01,0.6034266705,-0.060784493100000045,0,-0.1844791666666667,0.14250833333333457,0,0,263,-1
1516,-576451656167,2.4161366132299653,2.5649109810861255,0.017115808121982677,0.3392094643341841,-0.12160979157402338,0.5074561754364733,0,2417478,0.01,0.4957128705,-0.13079846310000007,0,-0.21947916666666673,0.27375833333333466,0,0,263,-1
1517,-576451656158,2.410005204841857,2.5759319807143046,0.012940124245707792,0.34787356709007106,-0.16955154747645887,0.5522601864688667,0,2417489,0.011,0.5585459205000001,-0.17627762310000009,0,-0.2982291666666667,0.2825083333333347,0,1,264,1
1518,-576451656148,2.410125473925818,2.5794379143599295,0.011144698351318257,0.35333328009110265,-0.23999759712995378,0.5079186403135502,0,2417499,0.01,0.5016969705000001,-0.24988205310000006,0,-0.1319791666666667,0.3437583333333347,0,0,264,-1
1519,-576451656138,2.4102246525929187,2.582996228541563,0.00870305136835961,0.35834802831569845,-0.26965688634388996,0.46205468344998485,0,2417509,0.01,0.4556194005000001,-0.2738184531,0,-0.2719791666666667,0.35250833333333476,0,0,264,-1
1520,-576451656127,2.4269610911829265,2.6054688763436364,0.013542356450136859,0.3708325879306245,-0.18776608666335026,0.3992122912907819,0,2417519,0.01,0.39039271049999996,-0.17627762310000009,0,-0.4119791666666667,0.1775083333333347,0,1,265,2
1521,-576451656090,2.4271014565727524,2.609571325880553,0.011881545356193391,0.37509998556540514,0.07735048776700804,0.31800912375272994,0,2417530,0.011,0.3066153105,0.11454963689999995,0,-0.2807291666666667,0.08125833333333476,0,0,265,-1
1522,-576451656090,2.4272252836484283,2.6133379465256685,0.012829331807771198,0.3782376229173533,0.2002340644213801,0.28807575414102116,0,2417540,0.01,0.2838757305,0.21747615689999994,0,-0.1319791666666667,0.2825083333333347,0,0,265,-1
1523,-576451656090,2.4273648643170045,2.6171347547709916,0.015029869836230014,0.381122790483366,0.341301099322715,0.2912146363319466,0,2417550,0.01,0.2916550605,0.3610945568999999,0,-0.26322916666666674,0.09000833333333458,0,0,265,-1
1524,-576451656080,2.427533483894316,2.6209604760659184,0.0186388325081261,0.38402443213835613,0.4809321199640637,0.2837292089576428,0,2417560,0.01,0.28267891049999994,0.5005240868999999,0,-0.2544791666666667,0.002508333333334667,0,0,265,-1
1525,-576451656063,2.4277672221268833,2.625201604665651,0.023872813577994347,0.3871007983074825,0.44406129212019463,0.25447017628998325,0,2417571,0.011,0.2503647705,0.43888785689999993,0,-0.4644791666666667,0.2300083333333347,0,0,265,-1
1526,-576451656061,2.4280278715027968,2.629085111948189,0.028270522545065718,0.3896113672318123,0.4138103499205501,0.23040361767099066,0,2417581,0.01,0.22702678049999997,0.40956576689999996,0,-0.3157291666666667,0.2825083333333347,0,0,265,-1
1527,-576451656055,2.4283311054397445,2.632992339339268,0.03238348901114466,0.391852258337572,0.395919066272532,0.18546011262458037,0,2417591,0.01,0.17915398049999998,0.39340869689999997,0,-0.3157291666666667,0.09875833333333461,0,0,265,-1
1530,-576451655999,2.424248354126982,2.6516773918376786,0.04151794887127806,0.3991844264504819,0.378437092267859,0.17978384020543195,0,2417623,0.01,0.18633490049999998,0.37725162689999997,0,-0.3507291666666667,0.1775083333333347,0,0,266,-1
1531,-576451655999,2.4246818806613706,2.65567766441607,0.04521310525514511,0.400895209850339,0.3149490043890959,0.11783254665245055,0,2417633,0.01,0.10914001049999998,0.30604083689999995,0,-0.3507291666666667,0.18625833333333475,0,0,266,-1
1532,-576451655998,2.425148829728627,2.6596911886147483,0.04821759579231776,0.40186767478421664,0.21162750666978303,-0.02885636304420275,0,2417643,0.01,-0.04943863950000002,0.19713021689999996,0,-0.3069791666666667,0.16875833333333468,0,0,266,-1
1533,-576451655993,2.4256403363407952,2.6637080905824617,0.05013857295333037,0.4015272762407885,0.07244275653895935,-0.06579802532787243,0,2417653,0.01,-0.07098139950000001,0.052913406899999946,0,-0.2107291666666667,0.020008333333334738,0,0,266,-1
1534,-576451655983,2.431696641492578,2.674252515826936,0.053431776219743404,0.4033395381498422,0.11304254903979974,-0.10812687154136712,0,2417664,0.011,-0.11406691950000002,0.11873850689999994,0,-0.3157291666666667,-0.032491666666665364,0,1,267,2
1535,-576451655973,2.4322371673377288,2.678280447091351,0.05464743304924747,0.40225013537742643,0.1731392439746672,-0.113860789564673,0,2417674,0.01,-0.11466532950000004,0.18157155689999996,0,-0.21947916666666673,-0.06749166666666528,0,0,267,-1
1536,-576451655960,2.4328507035956513,2.682699088620824,0.05683429778865121,0.4011112559908332,0.3579086883289464,-0.039523188483031726,0,2417685,0.011,-0.029092699500000024,0.38383413689999996,0,-0.5082291666666667,0.23875833333333474,0,0,267,-1
1537,-576451655952,2.43343665971393,2.686708682237512,0.06037045094198793,0.40078557302325885,0.3276415784472106,0.0095069262635024,0,2417695,0.01,0.016386460499999974,0.32339472689999993,0,-0.06197916666666671,0.07250833333333473,0,0,267,-1
1538,-576451655942,2.4340568787479366,2.690717129588194,0.06366744024739952,0.40089870394019717,0.3422844939369645,0.02236205607816949,0,2417705,0.01,0.024165790499999996,0.34433907689999993,0,-0.1669791666666667,0.3175083333333346,0,0,267,-1
1539,-576451655931,2.4308002836534572,2.6991421930398722,0.06530621819831994,0.4029022012570523,0.2853108444669991,-0.03273166217964004,0,2417715,0.01,-0.040462489500000025,0.2773171569,0,-0.2544791666666667,0.24750833333333477,0,1,268,1
1540,-576451655921,2.4315344450466947,2.7035713767509524,0.06822970681820217,0.40243168998473433,0.14448256423148836,-0.10510838596336083,0,2417726,0.011,-0.11526373950000003,0.12472260689999996,0,-0.3507291666666667,0.22125833333333467,0,0,268,-1
1541,-576451655910,2.432223946762616,2.707590609288848,0.06967153998044806,0.4014066775765202,0.1423725571129219,-0.08672573395773857,0,2417736,0.01,-0.08414641950000001,0.14207649689999996,0,-0.0532291666666667,0.1512583333333346,0,0,268,-1
1542,-576451655901,2.4329272896093777,2.7115999663097434,0.07101895830397659,0.40048140186651937,0.08806087118949943,-0.1280203077620685,0,2417746,0.01,-0.1338144495,0.08044026689999996,0,-0.4294791666666667,-0.049991666666665324,0,0,268,-1
1543,-576451655888,2.4336426103349553,2.7155984374588593,0.07201317534155169,0.3992102699454422,0.16901576020795223,-0.12155639654914652,0,2417756,0.01,-0.12064942950000004,0.18037473689999997,0,-0.2719791666666667,0.028758333333334773,0,0,268,-1
1544,-576451655880,2.4344459732568944,2.7199829529982686,0.07401729983005415,0.3979544549639726,0.26399095686197843,-0.06828330596075309,0,2417767,0.011,-0.060808429500000025,0.2773171569,0,-0.17572916666666671,0.002508333333334667,0,0,268,-1
1545,-576451655870,2.4351990928948823,2.7239590515615575,0.076618707569775,0.3972667775892955,0.23684388793821867,-0.0716989607042673,0,2417777,0.01,-0.07217821950000003,0.23303481689999994,0,-0.2982291666666667,-0.09374166666666528,0,0,268,-1
1546,-576451655858,2.4395721120708664,2.7318603947662585,0.08037081851076447,0.39815939636929715,0.09391311849560241,-0.12144790696918771,0,2417787,0.01,-0.12842875950000002,0.07385775689999996,0,-0.2544791666666667,0.12500833333333472,0,1,269,2
1547,-576451655849,2.4404609183922847,2.736231522789535,0.08126247746853191,0.3966347030634548,0.0012823715213093612,-0.24511988457305248,0,2417798,0.011,-0.2624725995,-0.011714873100000064,0,-0.14947916666666672,0.18625833333333475,0,0,269,-1
1548,-576451655836,2.4412731454923366,2.740184573823066,0.08120480309412816,0.39402497297406264,-0.04842433467701549,-0.3568964050011415,0,2417808,0.01,-0.3725800395,-0.05539880310000005,0,-0.2982291666666667,-0.049991666666665324,0,0,269,-1
1549,-576451655829,2.4420828689728515,2.7441059954148783,0.0807355603078705,0.39030323241138015,-0.03774774173325897,-0.46563488922445584,0,2417818,0.01,-0.48089224950000004,-0.03624968310000006,0,-0.3157291666666667,-0.04124166666666529,0,0,269,-1
1550,-576451655819,2.4428886793956934,2.747985356624503,0.08041147788694454,0.38558612912278667,3.0039115547509515e-4,-0.5089271740822221,0,2417828,0.01,-0.5150016195,0.005639016899999951,0,-0.1407291666666667,-0.18999166666666534,0,0,269,-1
1551,-576451655808,2.443692681502442,2.7518161386588877,0.08039454263866644,0.3805541809258436,-0.01390986729482057,-0.468073778458156,0,2417838,0.01,-0.4623415395,-0.01590374310000005,0,-0.3332291666666667,0.08125833333333476,0,0,269,-1
1552,-576451655798,2.4444958968658588,2.7555986991366455,0.08025004523030134,0.375939402885451,-0.017757510900049955,-0.4210646975764556,0,2417848,0.01,-0.41446873950000007,-0.018297383100000043,0,-0.2807291666666667,0.09875833333333461,0,0,269,-1
1553,-576451655788,2.4394114303145957,2.7663894134309652,0.07750700609511789,0.37412890062918447,0.014304582085914681,-0.4346963273128671,0,2417859,0.011,-0.4366099095,0.018804036899999946,0,-0.28947916666666673,0.27375833333333466,0,1,270,1
1554,-576451655778,2.4401868322945344,2.770106524164181,0.07759460940638148,0.3694066855851145,-0.024781342313556845,-0.6992878426769977,0,2417869,0.01,-0.7364133195000001,-0.03026558310000007,0,-0.1582291666666667,0.21250833333333463,0,0,270,-1
1555,-576451655768,2.4409620441682156,2.7737641101752986,0.07742556528238499,0.362177840847779,0.03128339738618824,-0.8672376543560755,0,2417879,0.01,-0.8908030995000001,0.03914997689999995,0,-0.26322916666666674,0.07250833333333473,0,0,270,-1
1556,-576451655754,2.4417380109488143,2.7773423267244906,0.07776133649922268,0.35347425358805484,0.04762800534251409,-0.8894777655886389,0,2417889,0.01,-0.8925983295000002,0.04992135689999995,0,-0.4469791666666667,0.12500833333333472,0,0,270,-1
1557,-576451655748,2.4425180332251157,2.780833075338207,0.07824191120604536,0.34465442472316127,0.05068872053320607,-0.836063188302273,0,2417899,0.01,-0.8285684595,0.05111817689999995,0,-0.1582291666666667,0.19500833333333478,0,0,270,-1
1558,-576451655654,2.4433034522182435,2.7842382620999633,0.07882148713628291,0.33636339394540227,0.10249350239542049,-0.7864589328153512,0,2417909,0.01,-0.7794988395,0.10976235689999995,0,-0.2282291666666667,0.10750833333333465,0,0,270,-1
1559,-576451655654,2.4441758951428953,2.7878922065201857,0.07983290280486856,0.32793550132604576,0.026477917814773252,-0.6402397389842334,0,2417920,0.011,-0.6197233695000001,0.01581198689999995,0,-0.2807291666666667,0.13375833333333476,0,0,270,-1
1560,-576451655653,2.444975627149633,2.791140416261797,0.08010972150590298,0.3216650522561712,0.0349668274185556,-0.547204709920903,0,2417930,0.01,-0.5341507395000001,0.03615792689999995,0,-0.1932291666666667,0.3962583333333347,0,0,270,-1
1561,-576451655653,2.4457785913104084,2.794330602659947,0.08047781536502285,0.3163322190391495,0.048081241652817255,-0.4481191978557115,0,2417940,0.01,-0.4342162695,0.04992135689999995,0,-0.1932291666666667,0.011258333333334702,0,0,270,-1
1562,-576451655653,2.4465855426080823,2.7974724309195285,0.0809225970708032,0.31199333319331546,0.022406519407215907,-0.3467148581782342,0,2417950,0.01,-0.3324865695,0.018804036899999946,0,-0.3419791666666667,0.13375833333333476,0,0,270,-1
1563,-576451655653,2.447395648316167,2.800574985016055,0.08110909400577536,0.3085193931947311,-0.004367662712972328,-0.35155497147249076,0,2417960,0.01,-0.3522340995,-0.008124413100000064,0,-0.2107291666666667,0.21250833333333463,0,0,270,-1
1564,-576451655652,2.448206081076227,2.8036420159145794,0.08099673412075373,0.304912439303074,-0.05331777430063136,-0.41669813441695813,0,2417970,0.01,-0.42583852950000006,-0.06018608310000006,0,-0.1319791666666667,0.18625833333333475,0,0,270,-1
1565,-576451655651,2.449013318984362,2.8066705539919385,0.08045363244733568,0.3007842812373035,-0.06039051036088881,-0.3890289761582201,0,2417980,0.01,-0.3851466495,-0.061382903100000066,0,-0.4382291666666667,0.12500833333333472,0,0,270,-1
1566,-576451655651,2.449815214577953,2.8096592729762664,0.0799088851008118,0.2969451572201456,-0.018229058586938622,-0.35256339375079615,0,2417990,0.01,-0.3474468195,-0.01231328310000005,0,-0.23697916666666669,-0.006241666666665369,0,0,270,-1
1567,-576451655646,2.4497876004184582,2.811720484942971,0.07933512106568809,0.2929885875103855,-0.04032969400779437,-0.38586044850691364,0,2418000,0.01,-0.39053233950000005,-0.04343060310000005,0,-0.1582291666666667,0.0637583333333347,0,1,271,2
1568,-576451655635,2.4437768197917986,2.8228750505858944,0.07579866457655914,0.2917511193712259,-0.057743670067505255,-0.32803270455584804,0,2418012,0.012,-0.3199199595,-0.06018608310000006,0,-0.2544791666666667,0.011258333333334702,0,1,272,1
1569,-576451655624,2.4446060508913616,2.826064833458682,0.07501394975033954,0.2881954844294996,-0.15382067558908227,-0.29415457234292053,0,2418023,0.011,-0.2894010495,-0.16730147310000007,0,-0.3682291666666667,-0.09374166666666528,0,0,272,-1
1570,-576451655614,2.4453489270046544,2.828931853190767,0.07354027076887663,0.2852195704362246,-0.10844197812719261,-0.31832392855023506,0,2418033,0.01,-0.32171518950000005,-0.10207478310000005,0,-0.06197916666666671,-0.006241666666665369,0,0,272,-1
1571,-576451655603,2.446079700144837,2.8317683674057874,0.07257875574453868,0.2820727164406375,-0.02099300103033165,-0.29243515593358144,0,2418043,0.01,-0.2888026395,-0.008722823100000067,0,-0.4469791666666667,0.03750833333333459,0,0,272,-1
1572,-576451655593,2.457459175786712,2.84597110208771,0.07706683699384244,0.2836200918192994,0.04959316136260032,-0.325457824987867,0,2418054,0.011,-0.3300929295,0.05949591689999995,0,-0.1844791666666667,-0.06749166666666528,0,1,273,2
1573,-576451655581,2.458309648628429,2.849070651473477,0.07757398257228747,0.27995614235637484,0.02469166606073339,-0.37990120666060323,0,2418065,0.011,-0.3875402895,0.021197676899999948,0,-0.1844791666666667,0.002508333333334667,0,0,273,-1
1574,-576451655572,2.4590867907017233,2.851851494103432,0.07784635778728222,0.2761990389215348,0.042618692385816934,-0.3503906914194065,0,2418075,0.01,-0.3462499995,0.045134076899999945,0,-0.26322916666666674,0.002508333333334667,0,0,273,-1
1575,-576451655562,2.4598673100659885,2.8545967294129984,0.07826089588218078,0.27281379816451545,0.034329020810735425,-0.2659438065882322,0,2418085,0.01,-0.25409485950000005,0.033165876899999946,0,-0.14947916666666672,-0.1287416666666653,0,0,273,-1
1576,-576451655551,2.4606516357472334,2.857311234105256,0.07860422753788017,0.2701019244783957,0.034358553146403556,-0.30330756938220804,0,2418095,0.01,-0.30855016949999997,0.03436269689999995,0,-0.14947916666666672,-0.1549916666666653,0,0,273,-1
1577,-576451655541,2.4615174505864235,2.8602639461521115,0.07884922499135369,0.2667569226444302,-0.05275083387608309,-0.30895463590863714,0,2418106,0.011,-0.3097469895,-0.06497336310000004,0,-0.1844791666666667,0.07250833333333473,0,0,273,-1
1578,-576451655531,2.457994600773354,2.867606563175321,0.07632616354291183,0.2657756327145072,-0.1416616445358004,-0.25769601408736104,0,2418116,0.01,-0.25050439950000003,-0.1541364531000001,0,-0.3944791666666667,0.002508333333334667,0,1,274,1
1579,-576451655521,2.458750423359452,2.870251060662819,0.07485436196674272,0.26314043896027584,-0.18093943159803544,-0.2991440369524232,0,2418126,0.01,-0.3049597095,-0.18645059310000003,0,-0.1669791666666667,0.11625833333333468,0,0,274,-1
1580,-576451655511,2.459489744974946,2.8728679569203086,0.07301756491497448,0.26021916815199997,-0.2004662218340563,-0.2491424967909542,0,2418136,0.01,-0.24212665950000004,-0.20320607310000008,0,-0.2019791666666667,0.04625833333333462,0,0,274,-1
1581,-576451655501,2.4602098947136066,2.8754587274604284,0.0710124767394511,0.2578895353319043,-0.20076983272063004,-0.133836274958055,0,2418146,0.01,-0.11765737950000003,-0.20081243310000008,0,-0.23697916666666669,0.3437583333333347,0,0,274,-1
1582,-576451655491,2.4609104898673606,2.8780315535364847,0.06908424957859126,0.25664839492766556,-0.14413124992889337,-0.06454654013373048,0,2418156,0.01,-0.054824329500000026,-0.13618415310000007,0,-0.0882291666666667,0.1512583333333346,0,0,274,-1
1583,-576451655481,2.4615943062865355,2.8805955609761873,0.06767112397196841,0.25612018733911124,-0.12404259145958045,0.01902252273844944,0,2418166,0.01,0.030748300499999975,-0.12122390310000009,0,-0.3944791666666667,0.29125833333333473,0,0,274,-1
1584,-576451655470,2.4622647385940613,2.8831579525204094,0.06641870349753791,0.25634766698420847,-0.13259105715849853,0.045573568865056056,0,2418176,0.01,0.04929901049999999,-0.13379051310000006,0,-0.3157291666666667,0.08125833333333476,0,0,274,-1
1585,-576451655459,2.4660154104955607,2.8890933566931962,0.06618879251939536,0.2582148033238535,-0.19031852548683956,0.047266679979295886,0,2418187,0.011,0.04750378049999998,-0.19841879310000005,0,-0.3157291666666667,0.09000833333333458,0,1,275,2
1586,-576451655448,2.466731863755166,2.8919364753012844,0.06407948752146514,0.25871968988552163,-0.20057074002885095,0.03750383845668685,0,2418198,0.011,0.03613399049999998,-0.20200925310000006,0,-0.2544791666666667,-0.04124166666666529,0,0,275,-1
1587,-576451655347,2.467362162451335,2.894524229033534,0.062002681087550165,0.2588947863915397,-0.250636530668696,-0.1032881976676394,0,2418208,0.01,-0.12304306950000002,-0.2576613831000001,0,-0.3682291666666667,-0.27749166666666536,0,0,275,-1
1588,-576451655347,2.4679705186570153,2.897107119238046,0.05962998215276287,0.25772325936066315,-0.15551498738792657,-0.20195275616032954,0,2418218,0.01,-0.21579661949999998,-0.14216825310000006,0,-0.4907291666666667,0.22125833333333467,0,0,275,-1
1589,-576451655346,2.468560186527049,2.899674820007193,0.0582532798910644,0.2557920083293708,-0.028359541854896753,-0.13905002427140856,0,2418228,0.01,-0.13022398950000003,-0.010518053100000058,0,-0.3682291666666667,-0.1287416666666653,0,0,275,-1
1590,-576451655346,2.4691426491553603,2.902226955890049,0.05818014258134956,0.2545839367491489,0.12162957094757954,-0.009036914105746724,0,2418238,0.01,0.009205540499999991,0.14267490689999995,0,-0.3157291666666667,-0.04124166666666529,0,0,275,-1
1591,-576451655345,2.4697909937259444,2.90502828277451,0.059664768113159045,0.254696357199836,0.21775236472773096,0.1297587276063685,0,2418249,0.011,0.1492334805,0.23123958689999996,0,-0.3857291666666667,0.29125833333333473,0,0,275,-1
1592,-576451655345,2.470397089447835,2.907582993376823,0.06162313185360356,0.2561856277402758,0.0632256366497421,0.2649120414567202,0,2418259,0.01,0.2838757305,0.04154361689999995,0,-0.3244791666666667,0.04625833333333462,0,0,275,-1
1593,-576451655345,2.4710155981894553,2.910158032087769,0.062118077840813656,0.25882493471436474,-0.034505053141313885,0.2579273232418871,0,2418269,0.01,0.2569472805,-0.04821788310000007,0,-0.2107291666666667,0.3175083333333346,0,0,275,-1
1594,-576451655345,2.471634284780588,2.912758372418436,0.06165304856408528,0.26127854212785967,-0.11999936849627299,0.16838051956269195,0,2418279,0.01,0.15581599049999997,-0.13199528310000005,0,-0.2282291666666667,0.18625833333333475,0,0,275,-1
1595,-576451655345,2.4722431269068474,2.9153795202953012,0.06018941017576115,0.2629535137745594,-0.30789392278025096,0.16208501763425895,0,2418289,0.01,0.1612016805,-0.3342578631000001,0,-0.2719791666666667,-0.014991666666665293,0,0,275,-1
1596,-576451655343,2.4728295977559016,2.91801760064053,0.05710601125754056,0.26464322832569354,-0.31107231516139455,0.21116421005594951,0,2418299,0.01,0.21805063049999998,-0.3115182831,0,-0.0882291666666667,-0.1287416666666653,0,0,275,-1
1597,-576451655337,2.467518614944102,2.927021037292072,0.05144347726675826,0.26962546667221565,-0.3214347003576824,0.26443390262392413,0,2418309,0.01,0.2719075305,-0.32288807310000006,0,-0.23697916666666669,-0.27749166666666536,0,1,276,1
1598,-576451655327,2.473971745969406,2.935951395515241,0.05046166431960545,0.27517277395343376,-0.327431577240029,0.26784005353364926,0,2418320,0.011,0.26831707050000003,-0.3282737631000001,0,-0.26322916666666674,-0.25124166666666536,0,1,277,2
1599,-576451655316,2.4745073253009764,2.9389939863440393,0.04690407455871593,0.2780452466957615,-0.298782609238069,0.21997886926762805,0,2418331,0.011,0.21326335049999998,-0.2947628031,0,-0.1582291666666667,-0.05874166666666536,0,0,277,-1
1600,-576451655306,2.474962109728317,2.9417845465026935,0.0440196278569395,0.2801099795845799,-0.22598683466817152,0.12487754746352468,0,2418341,0.01,0.11153365049999998,-0.21577268310000006,0,-0.1844791666666667,-0.10249166666666532,0,0,277,-1
1601,-576451655292,2.475391624656074,2.944591138128332,0.041855675596216675,0.2812420214024553,-0.15772967992047043,0.041805877813058404,0,2418351,0.01,0.03014989049999999,-0.14815235310000005,0,-0.026979166666666707,-0.13749166666666535,0,0,277,-1
1602,-576451655286,2.475803409017291,2.947404456790913,0.04045218741355923,0.28147413934641347,-0.033879826248908146,-0.09068896672883699,0,2418361,0.01,-0.10927963950000004,-0.016502153100000052,0,-0.4207291666666667,-0.13749166666666535,0,0,277,-1
1603,-576451655276,2.476206354980116,2.9502142390107235,0.04013182702352717,0.28050092951998135,-0.02073953869532677,-0.1379539632762189,0,2418371,0.01,-0.14458582950000004,-0.018895793100000047,0,-0.3157291666666667,-0.014991666666665293,0,0,277,-1
1604,-576451655266,2.4766067073795957,2.953012180481558,0.039935536279438584,0.27909482128625823,-0.01282533430062099,-0.15688922678312786,0,2418381,0.01,-0.15954607950000002,-0.011714873100000064,0,-0.4557291666666667,-0.25124166666666536,0,0,277,-1
1605,-576451655256,2.4770055669545603,2.9557949332628883,0.039830002839344444,0.2774711168768189,0.0033670273856687347,-0.1959535672124316,0,2418391,0.01,-0.2014347795,0.005639016899999951,0,-0.2019791666666667,-0.10249166666666532,0,0,277,-1
1606,-576451655243,2.4774041333866554,2.9585594263834856,0.039878986306936336,0.2754459305028394,0.014280667590936647,-0.2427425095905424,0,2418401,0.01,-0.24930757950000001,0.01581198689999995,0,-0.12322916666666671,-0.06749166666666528,0,0,277,-1
1607,-576451655236,2.477803498474649,2.9612999806512614,0.040000114745572704,0.27274240399379884,-0.001169309383884886,-0.4395186783293415,0,2418411,0.01,-0.4671288195,-0.003337133100000041,0,-2.319479166666667,-0.3649916666666654,0,0,277,-1
1608,-576451655226,2.478203933274755,2.964005074491307,0.04006527758904019,0.26829189016094007,0.05360555317426116,-0.4789500045469897,0,2418421,0.01,-0.48448270950000005,0.06129114689999995,0,-0.3419791666666667,-0.19874166666666537,0,0,277,-1
1609,-576451655216,2.478608298130414,2.9666637995649086,0.0407624735376177,0.2634639201793107,0.16844956521777193,-0.506367345884357,0,2418431,0.01,-0.5102143395,0.18456360689999995,0,-0.3332291666666667,-0.11999166666666539,0,0,277,-1
1610,-576451655206,2.479025712296302,2.969273754875869,0.04266045126504555,0.2584993352963075,0.32059722937519286,-0.4357473870839378,0,2418441,0.01,-0.42583852950000006,0.34194543689999995,0,-0.3682291666666667,-0.014991666666665293,0,0,277,-1
1611,-576451655196,2.479468981635225,2.971837001211747,0.04596558840078879,0.2541481633910455,0.39127154270088044,-0.4312560060577404,0,2418451,0.01,-0.4306258095,0.4011880269,0,-0.3857291666666667,0.0637583333333347,0,0,277,-1
1612,-576451655184,2.4799476238702574,2.974356396953278,0.04978815625469053,0.24975391007308784,0.32702379421070543,-0.48947840376197366,0,2418461,0.01,-0.4976477295000001,0.3180090369,0,-0.3419791666666667,0.011258333333334702,0,0,277,-1
1613,-576451655174,2.488713562617083,2.9854598328662374,0.056752764173156146,0.24806342372660656,0.20786640904943696,-0.5291775928041852,0,2418472,0.011,-0.5347491495,0.19114611689999997,0,-0.1932291666666667,0.028758333333334773,0,1,278,2
1614,-576451655164,2.489349217113487,2.9881569034412707,0.05886706009477425,0.24229722255786704,0.09611971621672452,-0.49365573716105965,0,2418483,0.011,-0.48867157950000006,0.08044026689999996,0,-0.2107291666666667,-0.18999166666666534,0,0,278,-1
1615,-576451655154,2.489942603617921,2.990555735285746,0.05981469209421978,0.237442887730218,0.08656779948764952,-0.4357575889988839,0,2418493,0.01,-0.4276337595,0.08522754689999994,0,-0.4382291666666667,0.002508333333334667,0,0,278,-1
1618,-576451655039,2.491841811407253,2.9977124685292384,0.06314696828297564,0.2242397794713042,0.12001832258305273,-0.43378264456846677,0,2418524,0.01,-0.43301944950000004,0.11514804689999995,0,-0.14947916666666672,0.020008333333334738,0,0,278,-1
1619,-576451655039,2.4924792294318134,2.9999336127285585,0.06433894841778373,0.21996990922309528,0.11417298972140415,-0.3853586303082328,0,2418534,0.01,-0.3785641395,0.11335281689999996,0,-0.24572916666666672,-0.17249166666666538,0,0,278,-1
1620,-576451655038,2.4931284625698744,3.002114479393471,0.06550175937475114,0.21618432729151818,0.1291970540233228,-0.3368932276190181,0,2418544,0.01,-0.3300929295,0.13130511689999996,0,-0.2719791666666667,-0.08499166666666536,0,0,278,-1
1621,-576451655038,2.4938567847608204,3.0044727685219463,0.06692094295343452,0.21257249880077664,0.1278970619400509,-0.2753033013350709,0,2418555,0.011,-0.2666614695,0.12771465689999995,0,-0.1669791666666667,-0.032491666666665364,0,0,278,-1
1622,-576451655037,2.494531981779138,3.0065852340534547,0.0681379120179478,0.20989645440745916,0.08418059090800886,-0.22101965016526978,0,2418565,0.01,-0.21340297949999998,0.07804662689999994,0,-0.17572916666666671,0.1775083333333347,0,0,278,-1
1623,-576451655037,2.4952172080450135,3.008672197126871,0.06892349807160403,0.20753859642131053,0.04416609746048221,-0.32611774156492157,0,2418575,0.01,-0.3408643095,0.038551566899999945,0,-0.1844791666666667,0.1775083333333347,0,0,278,-1
1624,-576451655037,2.4959766862848554,3.0109345098637803,0.06921196780146378,0.20382262300911483,-0.0851297845193799,-0.4104194872387194,0,2418586,0.011,-0.4222480695,-0.10327160310000007,0,-0.21947916666666673,-0.10249166666666532,0,0,278,-1
1625,-576451655036,2.4966641127496896,3.0129520597927684,0.06829419261199066,0.1996947845761917,-0.13200115719562178,-0.42708992059143025,0,2418596,0.01,-0.4294289895,-0.13857779310000004,0,-0.3944791666666667,-0.25124166666666536,0,0,278,-1
1626,-576451655036,2.497340226851607,3.0149275918759786,0.06693879753450768,0.195414367614971,-0.15718531313957512,-0.43386416837451747,0,2418606,0.01,-0.4348146795,-0.16071896310000006,0,-0.3244791666666667,0.04625833333333462,0,0,278,-1
1627,-576451655030,2.494405945224556,3.0206812109596193,0.06365753929119211,0.1926953298959867,-0.28570618790421815,-0.4903237418898426,0,2418616,0.01,-0.4982461395000001,-0.30373895310000004,0,-0.1144791666666667,-0.09374166666666528,0,1,279,1
1628,-576451655016,2.499002119766722,3.0266599645481502,0.06206482016409256,0.18903080440519066,-0.3770875715627509,-0.5082911130585364,0,2418627,0.011,-0.5108127495,-0.3899099931,0,-0.06197916666666671,-0.13749166666666535,0,1,280,2
1629,-576451655008,2.4996625142429796,3.0287081715988036,0.057987689301235684,0.18338523664733544,-0.3311315095471142,-0.5435634345767313,0,2418638,0.011,-0.5485125795,-0.3246833031000001,0,-0.1932291666666667,-0.2074916666666653,0,0,280,-1
1630,-576451654998,2.500226718076414,3.0305151239127124,0.05481035163287328,0.17799187955629123,-0.23678938522476173,-0.5137930800932733,0,2418648,0.01,-0.5096159295,-0.22355201310000009,0,-0.3332291666666667,-0.05874166666666536,0,0,280,-1
1631,-576451654988,2.500763814066814,3.0322691581114434,0.05257159639490532,0.17282369983812002,-0.14488991983022032,-0.5353192240654211,0,2418658,0.01,-0.5383396095,-0.13199528310000005,0,-0.4469791666666667,-0.006241666666665369,0,0,280,-1
1632,-576451654977,2.4919521175520414,3.0438687451170665,0.04706427248151743,0.17099551781639266,-0.10157142265489147,-0.7132423338919318,0,2418669,0.011,-0.7382085495000001,-0.09549227310000004,0,-0.4907291666666667,-0.04124166666666529,0,1,281,1
1633,-576451654966,2.492417968685454,3.045542044787227,0.046094073051797045,0.16370998405684126,-0.06947665740223397,-0.821199989219173,0,2418679,0.01,-0.8363477895,-0.06497336310000004,0,-0.28947916666666673,0.028758333333334773,0,0,281,-1
1634,-576451654955,2.492875521217649,3.0471363247075307,0.045412964453037205,0.1552242130958349,-0.05975493195979868,-1.0160568158697303,0,2418689,0.01,-1.0433976495000001,-0.05839085310000007,0,-0.3244791666666667,-0.014991666666665293,0,0,281,-1
1635,-576451654947,2.4933728111016844,3.0487814104803608,0.044954537106699964,0.14391486782053872,0.07053650025320889,-1.1030067004503012,0,2418700,0.011,-1.1152068495,0.08881800689999995,0,-0.0969791666666667,-0.4174916666666654,0,0,281,-1
1636,-576451654936,2.4938251867814456,3.05016535313371,0.04555387839393638,0.13287632515198192,-0.00421794561468912,-1.1089826583613176,0,2418710,0.01,-1.1098211595,-0.014706923100000062,0,-0.2719791666666667,0.05500833333333466,0,0,281,-1
1637,-576451654926,2.494280213158309,3.0514388741755853,0.04546485923161555,0.1218186442637723,-0.03755603497840663,-1.0861030086108812,0,2418720,0.01,-1.0828927095,-0.04223378310000006,0,-0.2019791666666667,-0.11999166666666539,0,0,281,-1
1638,-576451654916,2.5008681721239743,3.0585634006014844,0.04768638507868634,0.11368382556656383,-0.06999559397136117,-1.0754153485012155,0,2418730,0.01,-1.0739165595,-0.07454792310000002,0,-0.1932291666666667,-0.08499166666666536,0,1,282,2
1639,-576451654906,2.501388801341541,3.0597495474930776,0.04696319827505839,0.10195557330355157,-0.03935247359162367,-1.0090286044608376,0,2418741,0.011,-0.9997137195000001,-0.03505286310000006,0,-0.3157291666666667,0.13375833333333476,0,0,282,-1
1640,-576451654895,2.501856056270705,3.060718625556789,0.04650729232092464,0.09186124305966156,-0.08333664710762426,-1.0118802133457845,0,2418751,0.01,-1.0122803295,-0.08950817310000005,0,-0.24572916666666672,0.3350083333333347,0,0,282,-1
1641,-576451654885,2.5023626868583806,3.0616658748242513,0.04560397006088595,0.08043894292572133,-0.07457979784446805,-1.2027252323273618,0,2418762,0.011,-1.2295031595,-0.07335110310000005,0,-0.3157291666666667,0.3437583333333347,0,0,282,-1
1642,-576451654874,2.50281467483404,3.062409855166882,0.04480908176847935,0.06837019181564503,-0.1091871426684303,-1.2319807560575398,0,2418772,0.01,-1.2360856695000002,-0.11404298310000008,0,-0.3332291666666667,0.12500833333333472,0,0,282,-1
1643,-576451654864,2.503257880109024,3.0630320868749807,0.04380634160175397,0.05607039534371695,-0.045749221566979845,-1.2177381448052431,0,2418782,0.01,-1.2157397294999999,-0.03684809310000005,0,-0.4382291666666667,0.12500833333333472,0,0,282,-1
1644,-576451654855,2.5036946561017372,3.0635334206281977,0.04350488441150611,0.0441296643298195,0.06543776177814169,-1.0491064686949305,0,2418792,0.01,-1.0254453495,0.08103867689999995,0,-0.2982291666666667,0.020008333333334738,0,0,282,-1
1646,-576451654733,2.498751921102969,3.070256056241133,0.043684215382886034,0.02676219143918438,0.18335745174993034,-0.7771031175943406,0,2418813,0.011,-0.7591528995000001,0.18576042689999997,0,-0.1582291666666667,0.12500833333333472,0,0,283,-1
1647,-576451654732,2.4991975410952705,3.0704854966229953,0.045458260060116176,0.019093866943685985,0.14138345948839875,-0.7046856849899852,0,2418823,0.01,-0.6945246195000001,0.13549398689999995,0,-0.3944791666666667,0.18625833333333475,0,0,283,-1
1648,-576451654732,2.4996587524240415,3.070642254337592,0.04680364192402372,0.012210677132422363,0.0926621604552609,-0.5881955786611165,0,2418833,0.01,-0.5718505694999999,0.08582595689999994,0,-0.3332291666666667,0.27375833333333466,0,0,283,-1
1649,-576451654732,2.5001796188405274,3.0707413883417334,0.04788426467162165,0.0057992518282049,0.13284753026322438,-0.5497220268102132,0,2418844,0.011,-0.5443237095000001,0.13848603689999994,0,-0.2719791666666667,0.27375833333333466,0,0,283,-1
1650,-576451654731,2.500665609560902,3.0707729901333027,0.0492897160787174,4.6876776099675685e-4,0.18712129361801924,-0.4321608527679729,0,2418854,0.01,-0.4156655595,0.19473657689999999,0,-0.23697916666666669,0.18625833333333475,0,0,283,-1
1651,-576451654731,2.501167923184676,3.070756338232483,0.051170311884175805,-0.0038111348380856455,0.19379953646043446,-0.4024767218550984,0,2418864,0.01,-0.3983116695,0.19473657689999999,0,-0.1932291666666667,0.020008333333334738,0,0,283,-1
1652,-576451654731,2.501742255652418,3.0706908121372343,0.05326331005889883,-0.00812947185478021,0.16838241483924668,-0.3311279049334872,0,2418875,0.011,-0.3211167795,0.16481607689999997,0,-0.0532291666666667,0.10750833333333465,0,0,283,-1
1653,-576451654730,2.50228289245371,3.0705938838379474,0.05488389973349917,-0.011300281778870675,0.12379750382656762,-0.2320869376670352,0,2418885,0.01,-0.21819025949999998,0.11754168689999996,0,-0.17572916666666671,-0.06749166666666528,0,0,283,-1
1654,-576451654730,2.5028374920219245,3.070470559177914,0.05605518234299001,-0.013421914048478024,0.07632926985882697,-0.09028023206594016,0,2418895,0.01,-0.07038298950000003,0.06966888689999995,0,-0.17572916666666671,-0.014991666666665293,0,0,283,-1
1655,-576451654730,2.5034015245849486,3.0703318460860767,0.05676609138444085,-0.01432158632891346,0.03900179532417299,-0.08804983229743539,0,2418905,0.01,-0.08773687950000003,0.03376428689999994,0,-0.2019791666666667,0.08125833333333476,0,0,283,-1
1656,-576451654630,2.5039712074897746,3.07018374920935,0.057167336812163155,-0.015276806497667656,0.0470034020644334,-0.14130266541419134,0,2418915,0.01,-0.14877469950000005,0.04812612689999995,0,-0.1669791666666667,0.0637583333333347,0,0,283,-1
1657,-576451654630,2.504862729113719,3.0703251810086014,0.05779609764014637,-0.01654500278516222,0.06320654626286563,-0.13683492855121784,0,2418925,0.01,-0.13620808950000002,0.06548001689999995,0,-0.2719791666666667,0.22125833333333467,0,1,284,2
1658,-576451654630,2.5055021554831236,3.070135039267209,0.058468783580342916,-0.01803092737003211,0.048407400860705545,-0.124215343995629,0,2418936,0.011,-0.12244465950000002,0.04633089689999995,0,-0.06197916666666671,0.10750833333333465,0,0,284,-1
1659,-576451654629,2.5060891583074634,3.0699490172893196,0.058936877840322185,-0.019197195657805796,0.03714041499508576,-0.07070959133940441,0,2418946,0.01,-0.06320206950000003,0.03555951689999995,0,-0.2282291666666667,0.13375833333333476,0,0,284,-1
1660,-576451654629,2.5067394537048586,3.069733749718333,0.05930802135864221,-0.019948903421404884,0.012663843913396547,-0.05363030549292405,0,2418957,0.011,-0.05123386950000001,0.009229476899999934,0,-0.2719791666666667,0.1512583333333346,0,0,284,-1
1661,-576451654629,2.5073332222211793,3.0695315302518913,0.059443042297701115,-0.020492646932474816,0.018573279648984434,-0.058875625882788114,0,2418967,0.01,-0.059611609500000017,0.01940244689999995,0,-0.17572916666666671,-0.08499166666666536,0,0,284,-1
1662,-576451654629,2.5079285451643525,3.069323715871201,0.05962316085654309,-0.021072724858646936,0.014577424956788015,-0.05269894461883502,0,2418977,0.01,-0.05183227950000003,0.014016756899999957,0,-0.3682291666666667,0.0637583333333347,0,0,284,-1
1663,-576451654629,2.5085254304225812,3.069110520989572,0.059757198357820236,-0.0215736084270624,0.006214087104621405,-0.03409649438050408,0,2418987,0.01,-0.031486339500000016,0.005040606899999948,0,-0.0882291666666667,0.07250833333333473,0,0,284,-1
1664,-576451654629,2.509123280285364,3.0688930299153587,0.05981421354966977,-0.02192240671912068,0.002561114359707046,-0.03967917066021907,0,2418997,0.01,-0.040462489500000025,0.002048556899999951,0,-0.2107291666666667,-0.02374166666666533,0,0,284,-1
1665,-576451654629,2.5097215370082786,3.0686720656081747,0.05983772134429169,-0.022281136817426977,0.0010620712693092797,-0.012552910772005505,0,2419007,0.01,-0.00874675950000001,8.51736899999945e-4,0,-0.14947916666666672,-0.006241666666665369,0,0,284,-1
1666,-576451654571,2.5103201636902646,3.0684485622864774,0.05987900901717234,-0.022416709113046697,0.022918261828802366,-0.019710641020353675,0,2419017,0.01,-0.020714959500000032,0.025984956899999946,0,-0.1932291666666667,0.05500833333333466,0,0,284,-1
1667,-576451654571,2.5113695438388732,3.0686511871570965,0.06032393284818844,-0.022417386405934974,0.03977663458999291,-0.020591329355671952,0,2419027,0.01,-0.020714959500000032,0.04214202689999995,0,-0.3332291666666667,0.011258333333334702,0,1,286,2
1668,-576451654571,2.5120354408736616,3.068403572704056,0.0607510258233498,-0.022611220100732615,0.032929758657186635,8.161194692027605e-4,0,2419038,0.011,0.003819850499999965,0.03196905689999995,0,-0.23697916666666669,0.11625833333333468,0,0,286,-1
1669,-576451654570,2.5127057135362376,3.0681550063125376,0.06111599881255645,-0.022586858976988637,0.03471115487853524,0.010797130632297222,0,2419049,0.011,0.012197590499999989,0.03496110689999995,0,-0.14947916666666672,-0.032491666666665364,0,0,286,-1
1671,-576451654570,2.513996219196284,3.0676831737804036,0.0617600784403859,-0.02234403316491902,0.02624622211358612,0.01631003205201686,0,2419070,0.011,0.016984870499999978,0.025984956899999946,0,-0.24572916666666672,0.05500833333333466,0,0,286,-1
1672,-576451654566,2.5146150714173756,3.0674605495755998,0.062013282754931336,-0.022180837769135747,0.01971977808068167,0.01637705618188841,0,2419080,0.01,0.016386460499999974,0.018804036899999946,0,-0.2982291666666667,0.09875833333333461,0,0,286,-1
1673,-576451654555,2.5078824150512924,3.0745402885458586,0.05914157344193471,-0.0187071274331598,0.01839131516650505,0.012187947270359737,0,2419091,0.011,0.011599180499999986,0.01820562689999994,0,0.03427083333333329,-0.1287416666666653,0,1,287,1
1674,-576451654544,2.5085340669377016,3.074335303646513,0.059341200260140295,-0.018564957597135345,0.01665414364644529,0.017444176269385908,0,2419102,0.011,0.018181690499999983,0.01641039689999995,0,-0.0882291666666667,-0.13749166666666535,0,0,287,-1
1676,-576451654426,2.5097229113253423,3.07396791912759,0.059470856176133784,-0.018149950703512018,-0.029346083969579485,0.037449939183567094,0,2419122,0.01,0.03972445049999999,-0.03385604310000005,0,-0.0969791666666667,-0.21624166666666533,0,0,287,-1
1677,-576451654425,2.5103166079426265,3.0737881967741294,0.0,0.0,0.0,0.0,1,2419132,0.01,0.025362610499999983,0.02837859689999995,0,-0.2282291666666667,0.03750833333333459,0,0,287,-1
1678,-576451654424,2.5103168881639495,3.0737883023270864,0.0,0.0,0.0,0.0,1,2419142,0.01,0.013394410499999978,0.03555951689999995,0,-0.10572916666666671,-0.05874166666666536,0,0,287,-1
1679,-576451654424,2.5103172673540137,3.0737883607136687,0.0,0.0,0.0,0.0,1,2419152,0.01,0.007410310499999982,0.04812612689999995,0,-0.1669791666666667,0.002508333333334667,0,0,287,-1
1680,-576451654424,2.5103176512500314,3.073788395524736,0.0,0.0,0.0,0.0,1,2419162,0.01,0.004418260499999968,0.048724536899999955,0,-0.24572916666666672,-0.07624166666666532,0,0,287,-1
1681,-576451654424,2.5103179785671657,3.0737884209060775,0.0,0.0,0.0,0.0,1,2419172,0.01,0.0032214404999999792,0.04154361689999995,0,-0.1582291666666667,-0.09374166666666528,0,0,287,-1
1682,-576451654423,2.5103183153765904,3.0737884339748756,0.0,0.0,0.0,0.0,1,2419183,0.011,0.001426210499999971,0.03675633689999996,0,-0.0532291666666667,0.23875833333333474,0,0,287,-1
1683,-576451654422,2.510318517888147,3.0737883771829893,3.083027379039486e-5,-8.645972813991078e-6,0.02173802230324592,-0.006096162205424673,0,2419193,0.01,-0.0069515295000000185,0.02478813689999994,0,-0.2719791666666667,-0.02374166666666533,0,0,287,-1
1684,-576451654422,2.5103197664268775,3.0737880550670456,2.2542557353964963e-4,-5.886461393973866e-5,0.00552084794102993,0.0015501569294684627,0,2419203,0.01,0.0026230304999999765,0.0032453768999999395,0,-0.3594791666666667,0.04625833333333462,0,0,287,-1
1685,-576451654422,2.5103223070967204,3.073787566550342,2.8225237639274903e-4,-3.9833342579566524e-5,0.0066740309912095615,0.004065347951518743,0,2419213,0.01,0.004418260499999968,0.00683583689999994,0,-0.1844791666666667,-0.014991666666665293,0,0,287,-1
1686,-576451654421,2.510325285405591,3.073787454429939,3.2121077474019826e-4,1.3772217017581444e-5,-0.013125607792952696,0.01329604852910966,0,2419223,0.01,0.014591230499999983,-0.01590374310000005,0,-0.3244791666666667,0.12500833333333472,0,0,287,-1
1687,-576451654414,2.501443833968934,3.0826519140558206,-0.003475232222177716,0.004164217622740324,-0.011889118162545672,0.029126532857721158,0,2419233,0.01,0.03134671049999998,-0.011714873100000064,0,-0.2019791666666667,0.04625833333333462,0,1,289,1
1688,-576451654403,2.5014085397255057,3.0826949788880573,-0.003585809681310352,0.004450115529252423,-0.005963763915892742,0.02530097394344484,0,2419243,0.01,0.024764200499999982,-0.00513236310000005,0,-0.4119791666666667,0.07250833333333473,0,0,289,-1
1689,-576451654394,2.501372432634676,3.082740957533513,-0.00363779726842318,0.004736335762755002,-5.116696595798909e-4,0.048970001829640154,0,2419253,0.01,0.052291060499999986,2.5332689999994204e-4,0,-0.2982291666666667,-0.05874166666666536,0,0,289,-1
1690,-576451654383,2.5013363133244915,3.082791285850861,-0.0035985293064685654,0.005306700312206015,0.031121052924612917,0.10645924539603153,0,2419263,0.01,0.11452570049999998,0.03555951689999995,0,-0.3069791666666667,0.03750833333333459,0,0,289,-1
1691,-576451654372,2.5008846585809077,3.0824789485814006,-0.0034703948831285953,0.006290748773966915,0.0056258116208150865,0.09883933284613851,0,2419274,0.011,0.09777022049999999,0.002048556899999951,0,-0.17572916666666671,0.16000833333333464,0,1,290,2
1692,-576451654362,2.5008467092668014,3.082553825082834,-0.003425477380399075,0.007334477875331719,-0.005382929895444175,0.07061335575783993,0,2419285,0.011,0.06665290049999997,-0.006927593100000041,0,-0.2544791666666667,0.18625833333333475,0,0,290,-1
1693,-576451654350,2.500812182930846,3.0826303485019637,-0.0034797396912210053,0.007987238026973818,-0.0056879719149052115,0.03302970379941197,0,2419295,0.01,0.02775625049999998,-0.005730773100000052,0,-0.1582291666666667,0.13375833333333476,0,0,290,-1
1694,-576451654342,2.5007773763895735,3.0827114836893323,-0.0034939014569067557,0.008257204485402857,0.024711573063400834,-0.009903603143522482,0,2419305,0.01,-0.015927679500000028,0.028977006899999953,0,-0.2107291666666667,0.07250833333333473,0,0,290,-1
1695,-576451654332,2.5007441456205197,3.0827931495452745,-0.0031730452230245786,0.00809404699538179,0.07725643935531469,-0.05559427990160278,0,2419315,0.01,-0.06200524949999999,0.08462913689999996,0,0.025520833333333298,0.08125833333333476,0,0,290,-1
1696,-576451654321,2.500716543580807,3.0828706231647787,-0.0023590095667470837,0.007430809012559882,0.10681214430330589,-0.13206132330376036,0,2419325,0.01,-0.14279059950000006,0.11095917689999994,0,0.01677083333333329,0.028758333333334773,0,0,290,-1
1697,-576451654311,2.4957039379750507,3.0878111781640385,-0.0034050267550717554,0.008416965429560155,0.0637433349342967,-0.0554063907278464,0,2419335,0.01,-0.04465135950000003,0.05770068689999996,0,-0.07947916666666671,0.020008333333334738,0,1,291,1
1698,-576451654301,2.495670130589438,3.087900982619878,-0.002735161158710089,0.00789156523358474,0.04322567894188868,-3.1911822269197615e-4,0,2419346,0.011,0.007410310499999982,0.04034679689999995,0,-0.3594791666666667,-0.014991666666665293,0,0,291,-1
1699,-576451654291,2.4956447898175953,3.0879799403939545,-0.00232583600893202,0.007897243183691026,0.027056827618350633,0.005934447531930551,0,2419356,0.01,0.00681190049999998,0.02478813689999994,0,-0.1669791666666667,0.2037583333333346,0,0,291,-1
1700,-576451654281,2.495622662254016,3.0880592307201886,-0.0020897671219081244,0.007959880680067038,0.0025018722084687653,0.008278263939100666,0,2419366,0.01,0.008607130499999989,-9.434931000000467e-4,0,-0.2282291666666667,-0.006241666666665369,0,0,291,-1
1701,-576451654271,2.4956017067526073,3.088139425382547,-0.0020932913035716406,0.008071053067142552,-0.017837198756253243,0.028508199245052088,0,2419376,0.01,0.03134671049999998,-0.020691023100000056,0,-0.1319791666666667,0.13375833333333476,0,0,291,-1
1702,-576451654260,2.49557740523386,3.088229968694253,-0.0023181484245486748,0.008390044166035076,-0.0366079618366751,0.03204699367623191,0,2419387,0.011,0.03254353049999999,-0.03924173310000006,0,-0.2282291666666667,0.0637583333333347,0,0,291,-1
1703,-576451654250,2.495552542946872,3.0883154755422733,0.0,0.0,0.0,0.0,1,2419397,0.01,0.03254353049999999,-0.018297383100000043,0,-0.0707291666666667,-0.006241666666665369,0,0,291,-1
1705,-576451654176,2.497455824813821,3.0900263868795634,0.0,0.0,0.0,0.0,1,2419419,0.011,0.019378510499999974,0.03376428689999994,0,-0.23697916666666669,-0.014991666666665293,0,0,292,-1
1706,-576451654175,2.4974563234591134,3.0900264227336396,0.0,0.0,0.0,0.0,1,2419429,0.01,0.004418260499999968,0.06069273689999995,0,-0.1319791666666667,0.09000833333333458,0,0,292,-1
1707,-576451654175,2.4974569620444234,3.0900265147429304,9.912741575767124e-5,1.4293762490806429e-5,0.07054230509559827,0.01017193205869276,0,2419439,0.01,0.011599180499999986,0.08044026689999996,0,-2.319479166666667,0.07250833333333473,0,0,292,-1
1708,-576451654175,2.497462383604101,3.090027311446398,8.843370687459514e-4,1.2969760931794944e-4,0.07659846274205429,0.012473115827868253,0,2419450,0.011,0.012796000499999974,0.07744821689999995,0,-0.2282291666666667,0.08125833333333476,0,0,292,-1
1709,-576451654174,2.4974748780321154,3.0900292004889005,0.0016230955911628675,2.496203364923679e-4,0.057402121996947816,0.009082829755935915,0,2419460,0.01,0.008607130499999989,0.054708636899999954,0,-0.17572916666666671,0.011258333333334702,0,0,292,-1
1710,-576451654173,2.497493815347988,3.0900320663769043,0.0021716789180663116,3.273282945590136e-4,0.03929674607797442,-2.555489499451707e-4,0,2419470,0.01,-0.0015658395000000265,0.03675633689999996,0,-0.1144791666666667,0.04625833333333462,0,0,292,-1
1711,-576451654166,2.4920611329050506,3.0952862601953517,2.9280841074382077e-4,0.0027133862290250822,0.013453527542636906,0.005942855398920896,0,2419480,0.01,0.00681190049999998,0.009827886899999937,0,-0.24572916666666672,-0.11999166666666539,0,1,293,1
1712,-576451654156,2.492064764250596,3.0953165052877876,0.0,0.0,0.0,0.0,1,2419491,0.011,0.01040236049999998,-0.030863993100000053,0,-0.2282291666666667,0.03750833333333459,0,0,293,-1
1713,-576451654146,2.4920644733210113,3.0953165997268535,0.0,0.0,0.0,0.0,1,2419501,0.01,0.011599180499999986,-0.03565127310000006,0,-0.12322916666666671,0.04625833333333462,0,0,293,-1
1714,-576451654136,2.4920641763916516,3.095316810312743,-4.613809945895735e-5,3.272405225344713e-5,-0.03283881006669647,0.02329136291685201,0,2419511,0.01,0.02655943049999999,-0.03744650310000005,0,-0.2544791666666667,-0.032491666666665364,0,0,293,-1
1715,-576451654126,2.4920620650473153,3.0953183184575956,-3.7577808282075227e-4,2.6818671303519947e-4,-0.03373087526928747,0.025107748970376466,0,2419521,0.01,0.025362610499999983,-0.03385604310000005,0,-0.2982291666666667,0.04625833333333462,0,0,293,-1
1716,-576451654116,2.490886285634803,3.0942844232475775,-0.0011816906218558524,4.3084195937727505e-5,-0.018097421232554856,0.031103676891598424,0,2419531,0.01,0.03194512049999998,-0.01590374310000005,0,-0.1319791666666667,0.1512583333333346,0,1,294,2
1717,-576451654105,2.490873627778749,3.094286415448966,-0.0013526024835556255,3.551561304066001e-4,-0.010925897041225055,0.03184158309245506,0,2419541,0.01,0.03194512049999998,-0.009919643100000056,0,-0.2544791666666667,0.028758333333334773,0,0,294,-1
1718,-576451654096,2.490859120404992,3.0942917109657864,-0.0015298380181965757,6.972619398997613e-4,-0.0593725200091878,0.04872525199465373,0,2419551,0.01,0.05109424049999998,-0.06617018310000006,0,-0.2719791666666667,-0.006241666666665369,0,0,294,-1
1719,-576451654086,2.490840559438873,3.094300964112063,-0.0021694802530482366,0.0011601853348442586,-0.09209738761022099,0.031385985068360045,0,2419561,0.01,0.028953070499999983,-0.09668909310000005,0,-0.2719791666666667,0.002508333333334667,0,0,294,-1
1720,-576451654016,2.4908143603196815,3.094313993512233,-0.0030747505985948428,0.0014519070298388147,-0.08090555610467035,0.015608226101831015,0,2419571,0.01,0.013394410499999978,-0.07933520310000008,0,-0.0707291666666667,-0.05874166666666536,0,0,294,-1
1721,-576451654015,2.4907801834019585,3.094329110532989,-0.003787623941999509,0.0015794937811330378,-0.012356944884533594,-0.004700388554676985,0,2419581,0.01,-0.007549939500000021,-0.0027387231000000553,0,-0.3507291666666667,0.05500833333333466,0,0,294,-1
1722,-576451654014,2.4907424204527406,3.0943447470107155,-0.0037970088794417535,0.001544446479340022,0.06902181575363402,0.00382101211793774,0,2419591,0.01,0.005016670499999971,0.08044026689999996,0,-0.2982291666666667,0.11625833333333468,0,0,294,-1
1723,-576451654014,2.4907091418298313,3.0943604013761243,-0.0029130766719431054,0.00158560048179355,0.20708090190264877,0.0059191023713162875,0,2419601,0.01,0.006213490499999994,0.22645230689999998,0,-0.24572916666666672,0.2562583333333346,0,0,294,-1
1724,-576451654014,2.4906904894442974,3.0943763199156353,-8.22849618038982e-4,0.001608337359465856,0.22092004341226013,-0.020061594895896824,0,2419611,0.01,-0.023707009500000032,0.2228618469,0,-0.3857291666666667,0.1775083333333347,0,0,294,-1
1725,-576451654014,2.4906928036217932,3.094391470498467,0.0013077441116077062,0.001418698705173063,0.1648974173475966,-0.012238128966611111,0,2419621,0.01,-0.011140399500000021,0.15703674689999994,0,-0.1932291666666667,-0.11124166666666535,0,0,294,-1
1726,-576451654013,2.4907128994455645,3.094405167383083,0.002765173007065699,0.0013153400063050905,0.028384004701798998,0.0013191814201881612,0,2419631,0.01,0.0032214404999999792,0.009229476899999934,0,-0.1319791666666667,0.10750833333333465,0,0,294,-1
1727,-576451654004,2.487122599110443,3.0978612658615305,0.0015150460515226732,0.002928210461970481,-0.01202886325723595,0.02450362298723324,0,2419641,0.01,0.02775625049999998,-0.01769897310000006,0,-0.0444791666666667,0.11625833333333468,0,1,295,1
1728,-576451653995,2.487138072377559,3.097895137985894,0.0013142730927921257,0.003224526958213148,-0.05688435090930594,0.04204978585988194,0,2419652,0.011,0.044511730499999985,-0.06317813310000006,0,-0.0969791666666667,0.10750833333333465,0,0,295,-1
1729,-576451653983,2.4871487681915374,3.097933446558722,6.428315012775794e-4,0.003729226679550386,-0.08654345264887217,0.06939810197990155,0,2419663,0.011,0.07323541049999997,-0.09070499310000005,0,-0.2544791666666667,0.05500833333333466,0,0,295,-1
1730,-576451653972,2.4864559354648077,3.097369003609885,-6.022396153555406e-4,0.00423728498286157,-0.08861866398247863,0.0890312458669208,0,2419674,0.011,0.09178612049999998,-0.08890976310000007,0,-0.2719791666666667,0.002508333333334667,0,1,296,2
1731,-576451653961,2.486443424164719,3.0974211595919825,-0.0016519527696199825,0.0052389870269382325,-0.13715344968253268,0.10351701686193943,0,2419685,0.011,0.10554955049999998,-0.14396348310000007,0,-0.009479166666666705,0.16000833333333464,0,0,296,-1
1732,-576451653951,2.4864205820636927,3.097478367521552,-0.002942523642553731,0.006220039581587378,-0.08015225840447854,0.06541638280998541,0,2419695,0.01,0.06007039049999998,-0.07215428310000005,0,-0.1669791666666667,0.16875833333333468,0,0,296,-1
1735,-576451653811,2.48628643037467,3.097688743455427,-0.006225499872656771,0.006659851148520425,-0.21633536532236236,-0.044299496431025896,0,2419726,0.01,-0.04465135950000003,-0.22594565310000003,0,-0.3507291666666667,0.11625833333333468,0,0,296,-1
1736,-576451653811,2.4862129948881093,3.0977531100569293,-0.008445604147758898,0.006214213804005088,-0.2567745439347135,-0.046182395384214446,0,2419736,0.01,-0.046446589500000024,-0.2624486631000001,0,-0.2019791666666667,0.18625833333333475,0,0,296,-1
1737,-576451653811,2.486104374760174,3.0978187796368837,-0.011296940366587507,0.005721872159226268,-0.2743451313878562,-0.03591853642721574,0,2419747,0.011,-0.03447838950000003,-0.27681050310000005,0,0.025520833333333298,-0.049991666666665324,0,0,296,-1
1738,-576451653810,2.4859774821781957,3.0978742973095708,-0.014071740446180692,0.0053771306584429225,-0.2964486805445022,-0.02573438278176695,0,2419757,0.01,-0.024305419500000015,-0.29955008310000003,0,-0.2719791666666667,0.09875833333333461,0,0,296,-1
1739,-576451653810,2.48580389093153,3.097931885440744,-0.01745871731255686,0.005093561645175896,-0.37893460334689477,-0.026055581350340584,0,2419768,0.011,-0.026100649500000024,-0.3905084031,0,-0.4294791666666667,0.16000833333333464,0,0,296,-1
1740,-576451653810,2.4856094108193907,3.0979821051885437,-0.021391985060876143,0.0049222769834286,-0.48039551646516826,0.0368781641356216,0,2419778,0.01,0.04570855049999998,-0.4946317431000001,0,-0.12322916666666671,0.14250833333333457,0,0,296,-1
1741,-576451653809,2.4853711826362956,3.0980328336895604,-0.026240761981305705,0.005238529295394177,-0.5122967707858187,-5.088473078487532e-4,0,2419788,0.01,-0.005754709500000013,-0.5167729131000001,0,-0.1669791666666667,0.22125833333333467,0,0,296,-1
1742,-576451653809,2.4850830210334482,3.0980851521634625,-0.03138544027233006,0.005226984857262333,-0.5277672347980156,-0.005109220050373783,0,2419798,0.01,-0.005754709500000013,-0.5299379331000001,0,-0.2107291666666667,0.04625833333333462,0,0,296,-1
1743,-576451653809,2.484742515953209,3.098137274638426,-0.036704073481130195,0.00519277060727986,-0.5569592506077797,0.006919369891097987,0,2419808,0.01,0.008607130499999989,-0.5610552531,0,-0.10572916666666671,0.18625833333333475,0,0,296,-1
1744,-576451653808,2.484347910882327,3.0981899718083605,-0.04222937194556819,0.005328101723135293,-0.5253911761413003,0.054055075413326374,0,2419818,0.01,0.06066880049999998,-0.5209617831000001,0,-0.24572916666666672,0.32625833333333465,0,0,296,-1
1745,-576451653808,2.483898849728849,3.0982459746845588,-0.04756103850538798,0.005871636198154879,-0.5808066356618271,0.05618155850356017,0,2419828,0.01,0.056479930499999983,-0.5885821131000001,0,-0.4294791666666667,0.2650083333333346,0,0,296,-1
1746,-576451653807,2.483394189612766,3.098307917377682,-0.05337057277690024,0.006498615758300345,-0.5818528116161825,0.10262361323676562,0,2419838,0.01,0.10914001049999998,-0.5819996031000001,0,-0.03572916666666671,0.16875833333333468,0,0,296,-1
1747,-576451653798,2.48591143228853,3.1011376110112963,-0.05783139248341369,0.008883119464777368,-0.5258301273503947,0.1482215739091633,0,2419848,0.01,0.15461917049999999,-0.5179697331000002,0,0.008020833333333297,0.21250833333333463,0,1,298,2
1748,-576451653787,2.4852438308297202,3.101244087627026,-0.06356335712378093,0.010483675745348957,-0.49164851761011275,0.12864265593519061,0,2419859,0.011,0.12589549049999998,-0.4868524131000001,0,-0.3069791666666667,0.09875833333333461,0,0,298,-1
1749,-576451653776,2.479870058077997,3.1056738772870953,-0.07097575263237331,0.013776419415955414,-0.5708825396548819,0.07270679247608239,0,2419870,0.011,0.06485767049999998,-0.5819996031000001,0,-0.1844791666666667,0.19500833333333478,0,1,299,1
1750,-576451653767,2.479130481139043,3.105815358890436,-0.07687951417603651,0.014517555261799008,-0.708152545826643,0.08261635566985019,0,2419880,0.01,0.08400679049999997,-0.7274132331000002,0,-0.2807291666666667,0.16875833333333468,0,0,299,-1
1751,-576451653756,2.4783258549059672,3.105964538276816,-0.08402680788999205,0.015324046811305605,-0.7549555588975344,0.06861716138110624,0,2419890,0.01,0.06665290049999997,-0.7615226031000002,0,-0.2719791666666667,0.2300083333333347,0,0,299,-1
1752,-576451653747,2.4774480090758773,3.1061211280537635,-0.09154983180096833,0.01599749054766077,-0.7360500156896779,0.05954771631871122,0,2419900,0.01,0.05827516049999999,-0.7333973331000001,0,-0.2982291666666667,0.18625833333333475,0,0,299,-1
1753,-576451653736,2.476496313888361,3.1062837638135137,-0.0988157611445345,0.01654353945812179,-0.6686513616108374,0.024321224892047237,0,2419910,0.01,0.019378510499999974,-0.6591944931,0,-0.1144791666666667,0.1512583333333346,0,0,299,-1
1754,-576451653727,2.4754762881341525,3.106450494201119,-0.10525795811734279,0.01679907805475428,-0.4945285296775976,0.03310612927383792,0,2419920,0.01,0.034338760499999975,-0.47009693310000006,0,-0.5432291666666668,0.03750833333333459,0,0,299,-1
1755,-576451653716,2.4743996932503065,3.1066201547148906,-0.11009218490144093,0.01713239239606903,-0.41537768057844165,0.03471186572644214,0,2419930,0.01,0.034937170499999975,-0.4042718331000001,0,-0.1407291666666667,0.1775083333333347,0,0,299,-1
1756,-576451653705,2.4680627574510816,3.102288601558748,-0.11665712781671363,0.015373823696987182,-0.33741783831734956,0.024413257899319057,0,2419941,0.011,0.022968970499999974,-0.3264785331000001,0,-0.2807291666666667,0.04625833333333462,0,1,300,2
1757,-576451653695,2.466758779950801,3.1024591003095083,-0.1204170265499296,0.015629094764741717,-0.3687572099128084,0.01579980495891946,0,2419952,0.011,0.014591230499999983,-0.3731545131000001,0,-0.3332291666666667,-0.02374166666666533,0,0,300,-1
1758,-576451653685,2.465535433522158,3.1026154640703814,-0.124216645206403,0.015678272203896625,-0.4476565810972827,-0.060827979356607415,0,2419962,0.01,-0.07157980950000004,-0.4587271431,0,-0.23697916666666669,0.011258333333334702,0,0,300,-1
1759,-576451653675,2.4642706111643458,3.1027686782724975,-0.128735612915744,0.014988162304341583,-0.47783125190352105,-0.11906110806830679,0,2419972,0.01,-0.12723193950000003,-0.4820651331000001,0,-0.0444791666666667,0.10750833333333465,0,0,300,-1
1760,-576451653665,2.4629590373971992,3.1029127264901737,-0.13356479675934216,0.013816217435907129,-0.5140803537600003,-0.10576022819319521,0,2419982,0.01,-0.10389394950000003,-0.5191665531000001,0,-0.24572916666666672,0.07250833333333473,0,0,300,-1
1761,-576451653652,2.4615970558728106,3.1030452616857755,-0.1388039019061115,0.012705685792076336,-0.584137864032277,-0.14348188272503126,0,2419992,0.01,-0.14877469950000005,-0.5939678031000002,0,-0.14947916666666672,0.13375833333333476,0,0,300,-1
1762,-576451653609,2.457023958345177,3.105921133104606,-0.14657105716608457,0.012279424137495791,-0.6672768787541308,-0.20899724218051635,0,2420003,0.011,-0.21819025949999998,-0.6789420231000002,0,0.01677083333333329,-0.04124166666666529,0,1,301,1
1764,-576451653504,2.453794473411736,3.106134058403718,-0.1612447740339798,0.008064130638731385,-0.7156679273446007,-0.2050453986866465,0,2420024,0.01,-0.2068204695,-0.7142482131000001,0,-0.14947916666666672,0.09875833333333461,0,0,301,-1
1765,-576451653503,2.452147564828093,3.106205207817313,-0.16819617432257933,0.006131689609736434,-0.5695843885037554,-0.12106336254230828,0,2420034,0.01,-0.10927963950000004,-0.5490870531,0,-0.3507291666666667,0.16000833333333464,0,0,301,-1
1766,-576451653503,2.450437630180639,3.1062615133342213,-0.17381303036444049,0.005083587212572677,-0.5133004578305558,-0.005249371312796347,0,2420044,0.01,0.011000770499999982,-0.5054031231000001,0,-0.1932291666666667,0.19500833333333478,0,0,301,-1
1767,-576451653502,2.448494951342386,3.106318196467048,-0.17941272429101893,0.005183749291136803,-0.48275989367864236,0.09821336342222112,0,2420055,0.011,0.11273047049999999,-0.47847467310000014,0,-0.2719791666666667,0.04625833333333462,0,0,301,-1
1768,-576451653501,2.4466768188938803,3.106375087676453,-0.1842201079617077,0.0061876600194522265,-0.46850641345671556,0.11356806509275263,0,2420065,0.01,0.11572252049999998,-0.46650647310000004,0,-0.0532291666666667,0.13375833333333476,0,0,301,-1
1769,-576451653501,2.4448102971218497,3.106441553947379,-0.1890442706251874,0.007154202991996286,-0.5675097894549238,-0.006815675130055807,0,2420075,0.01,-0.023707009500000032,-0.5814011931000002,0,-0.2719791666666667,0.04625833333333462,0,0,301,-1
1770,-576451653501,2.4428901705208035,3.10651215942205,-0.19492352210612565,0.006993086601775921,-0.7129853101903025,-0.07305674450469703,0,2420085,0.01,-0.08235118950000002,-0.7333973331000001,0,-0.2282291666666667,-0.05874166666666536,0,0,301,-1
1771,-576451653501,2.4409061343153913,3.1065789395082026,-0.20192091487957775,0.0063409161388421325,-0.618583359594229,-0.01718471007087751,0,2420095,0.01,-0.009345169500000012,-0.6053375931000001,0,-0.14947916666666672,-0.10249166666666532,0,0,301,-1
1772,-576451653500,2.438857444112274,3.1066413956102847,-0.20788059596891556,0.006154416536257178,-0.4574059378040709,-0.027627452937812477,0,2420105,0.01,-0.029092699500000024,-0.43479074310000004,0,-0.2282291666666667,0.16000833333333464,0,0,301,-1
1773,-576451653500,2.4365437084683528,3.1067060329643943,-0.21282092512203132,0.005647527513605741,-0.3976904131055513,-0.160631490606994,0,2420116,0.011,-0.17929360950000003,-0.3893115831,0,-0.2719791666666667,-0.1549916666666653,0,0,301,-1
1774,-576451653500,2.4343956538160247,3.1067536739866464,-0.216791873712166,0.003919013245476866,-0.39349123934768543,-0.24679265736029504,0,2420126,0.01,-0.25888213950000005,-0.39290204310000004,0,-0.28947916666666673,-0.11999166666666539,0,0,301,-1
1775,-576451653499,2.4322077851765305,3.1067802387650363,-0.22076956116705782,0.0014066989195227393,-0.4239363989631088,-0.2783856501134946,0,2420136,0.01,-0.2828185395,-0.42820823310000006,0,-0.2807291666666667,-0.006241666666665369,0,0,301,-1
1776,-576451653402,2.4299790242460246,3.1067805922199634,-0.22498840671575243,-0.0013450541799648016,-0.40931539202153916,-0.2555094452503901,0,2420146,0.01,-0.2522996295,-0.4072638831000001,0,-0.3594791666666667,-0.08499166666666536,0,0,301,-1
1777,-576451653401,2.4227143640367306,3.11090362837253,-0.23161423142185564,-0.002287521457647308,-0.34244439081800576,-0.11835100887271398,0,2420158,0.012,-0.09910666950000001,-0.33306104310000006,0,-0.21947916666666673,0.2037583333333346,0,1,303,1
1778,-576451653401,2.420381713822195,3.1108750721634575,-0.23494714588586899,-0.0034363085832811576,-0.2785892523473225,-0.09412775321257637,0,2420168,0.01,-0.09072892950000003,-0.26962958310000007,0,-0.17572916666666671,0.04625833333333462,0,0,303,-1
1779,-576451653400,2.418018594460744,3.110836073034706,-0.23768950012043852,-0.004366748205221525,-0.24764184836177514,-0.08642415064746524,0,2420178,0.01,-0.08534323950000001,-0.24329954310000002,0,-0.026979166666666707,0.05500833333333466,0,0,303,-1
1780,-576451653400,2.4156299658952616,3.1107885228630217,-0.24006481989293266,-0.005162631527146131,-0.17561281179989163,-0.037721514430315746,0,2420188,0.01,-0.030887929500000015,-0.16550624310000006,0,-0.3857291666666667,0.03750833333333459,0,0,303,-1
1781,-576451653399,2.4132202912868808,3.1107350171629604,-0.24185932029521454,-0.005538801362617423,-0.20295945878084984,-0.03697655637090329,0,2420198,0.01,-0.03687202950000003,-0.20679653310000007,0,-0.1932291666666667,0.1512583333333346,0,0,303,-1
1782,-576451653399,2.4107912511221055,3.110677828294607,-0.24393560720848945,-0.005901074995479049,-0.23623669362372213,-0.03163711891137247,0,2420208,0.01,-0.030887929500000015,-0.2409059031,0,-0.07947916666666671,0.011258333333334702,0,0,303,-1
1783,-576451653399,2.4083392684806686,3.1106183354314734,-0.24642521362390538,-0.006045696206196085,-0.3269196129037085,0.09076820309079817,0,2420218,0.01,0.1079431905,-0.33964355310000005,0,-0.06197916666666671,0.05500833333333466,0,0,303,-1
1784,-576451653399,2.405608745251592,3.110557859984894,-0.25003115073540294,-0.0049689971961567,-0.33335491084793545,0.14203948295397706,0,2420229,0.011,0.1492334805,-0.3342578631000001,0,-0.2544791666666667,-0.006241666666665369,0,0,303,-1
1785,-576451653398,2.4030915044027585,3.110515374759321,-0.2534045250946754,-0.0035329563656253315,-0.3614351734017294,0.15307127326345013,0,2420239,0.01,0.15461917049999999,-0.36537518310000006,0,-0.1844791666666667,-0.11999166666666539,0,0,303,-1
1786,-576451653299,2.4005397595539355,3.110488024270921,-0.25696106039063504,-0.0019516743059667884,-0.3202843104235905,0.189064003310027,0,2420249,0.01,0.19411423049999998,-0.31451033310000004,0,-0.2282291666666667,0.07250833333333473,0,0,303,-1
1787,-576451653299,2.3919681390555363,3.1053100284347086,-0.26270736772664033,-0.0021805185634050385,-0.2396533613710502,0.2617132180005198,0,2420260,0.011,0.2719075305,-0.22833929310000003,0,-0.17572916666666671,-0.10249166666666532,0,1,304,2
1788,-576451653298,2.389065340035381,3.1053022093113554,-0.26513009670976156,7.476901545716521e-4,-0.10116103682681038,0.29374334565567645,0,2420271,0.011,0.2982375705,-0.08172884310000006,0,-0.3507291666666667,-0.07624166666666532,0,0,304,-1
1789,-576451653298,2.3864100067108027,3.1053237654699926,-0.26598634208871647,0.0035930924777584717,0.008240870167491657,0.2289387503386362,0,2420281,0.01,0.2198458605,0.023591316899999944,0,-0.3069791666666667,0.09875833333333461,0,0,304,-1
1790,-576451653298,2.383749888805407,3.1053700166398186,-0.2660074294723041,0.005707566315639473,-0.06541053581455797,0.10446417049262142,0,2420291,0.01,0.08699884049999998,-0.07574474310000007,0,-0.1932291666666667,0.07250833333333473,0,0,304,-1
1791,-576451653298,2.38108630198569,3.10543133748638,-0.26669929285688154,0.006599623085267572,-0.09231557222969136,-0.004262444609603608,0,2420301,0.01,-0.019518139500000028,-0.09609068310000006,0,-0.07947916666666671,0.08125833333333476,0,0,304,-1
1794,-576451653297,2.373067633388148,3.1056268991939313,-0.26701149780701006,0.006281581710759793,0.1838164652343743,-0.03759522496098863,0,2420331,0.01,-0.039265669500000024,0.20490954689999993,0,-0.2807291666666667,-0.07624166666666532,0,0,304,-1
1795,-576451653297,2.370406564246377,3.1056879682473615,-0.2651959763026022,0.005926400181617223,0.16767880159832754,-0.022792031459355083,0,2420341,0.01,-0.020714959500000032,0.16541448689999996,0,-0.2019791666666667,0.011258333333334702,0,0,304,-1
1796,-576451653197,2.367762329370674,3.105746189164159,-0.2636221150277361,0.0057135532193032254,0.09432340095844201,-0.012049324720142288,0,2420351,0.01,-0.010541989500000019,0.08403072689999995,0,-0.1144791666666667,0.37875833333333464,0,0,304,-1
1797,-576451653196,2.3608241007403814,3.10940077533102,-0.26458468115232975,0.0073220828994134055,-0.15557587416400648,0.05539490915186041,0,2420362,0.011,0.06485767049999998,-0.19063946310000007,0,-0.1844791666666667,0.3437583333333347,0,1,305,1
1798,-576451653196,2.35816880702254,3.109477352142071,-0.26639764810698635,0.007968174153167487,-0.33693604759512735,0.12036924408420765,0,2420372,0.01,0.1294859505,-0.3623831331000001,0,-0.1844791666666667,0.2650083333333346,0,0,305,-1
1799,-576451653196,2.3554868116699903,3.1095640145124244,-0.26994950864975703,0.009321711678344384,-0.46683126965947536,0.2270222839735343,0,2420382,0.01,0.24198703049999998,-0.48505718310000007,0,-0.26322916666666674,0.2300083333333347,0,0,305,-1
1800,-576451653195,2.3527649072339343,3.109668422443242,-0.2744723414418441,0.011566900883809881,-0.363165323294159,0.2091838012472304,0,2420392,0.01,0.20668084049999996,-0.34861970310000007,0,-0.24572916666666672,0.09875833333333461,0,0,305,-1
1801,-576451653195,2.35000307382267,3.1097937906053157,-0.27794030052121743,0.013540053255112336,-0.2465036107457147,0.12459879740187663,0,2420402,0.01,0.11273047049999999,-0.23013452310000007,0,-0.2019791666666667,0.04625833333333462,0,0,305,-1
1802,-576451653195,2.3472137613364272,3.1099354265840318,-0.28002807505509153,0.0147869004521122,0.022368262665302396,0.12521115861410576,0,2420412,0.01,0.1252970805,0.060094326899999946,0,-0.4819791666666667,-0.24249166666666533,0,0,305,-1
1803,-576451653194,2.3444161456642005,3.110089669979301,-0.27956284460311764,0.016056789632173617,0.1945182017059482,0.1378811616633287,0,2420422,0.01,0.13965892049999998,0.21867297689999995,0,-0.5782291666666667,0.028758333333334773,0,0,305,-1
1804,-576451653194,2.3416311218015733,3.110258244488771,-0.2774804369318658,0.017609353084493115,0.2923182719954205,0.2617132675814002,0,2420432,0.01,0.2790884505,0.30604083689999995,0,-0.3594791666666667,-0.04124166666666529,0,0,305,-1
1805,-576451653194,2.33886997120514,3.110447324840003,-0.27470751533799465,0.020211049079815645,0.18522787943918517,0.2507116185419046,0,2420442,0.01,0.24916795049999999,0.17020176689999994,0,-0.1582291666666667,0.37875833333333464,0,0,305,-1
1806,-576451653194,2.3361302238598327,3.110662486806681,-0.2731572119251456,0.02279873452019122,-0.029988544962794794,0.3081329450088662,0,2420452,0.01,0.31618987049999997,-0.06018608310000006,0,-0.1407291666666667,0.24750833333333477,0,0,305,-1
1807,-576451653183,2.3365391402320994,3.1078959153681174,-0.2725108695208286,0.024784553912646196,-0.28632248099845004,0.29578133680332,0,2420463,0.011,0.29404870050000004,-0.32228966310000007,0,-0.28947916666666673,0.2300083333333347,0,1,306,1
1808,-576451653173,2.3335238823202693,3.108186410705003,-0.2757057959501276,0.02803418818122706,-0.31576488766040123,0.29321234233973614,0,2420474,0.011,0.2928518805,-0.31989602310000004,0,-0.14947916666666672,0.11625833333333468,0,0,306,-1
1809,-576451653162,2.3307507804697045,3.1084810413691604,-0.2789021260573959,0.0309099689735595,-0.343002673369725,0.2535379418002567,0,2420484,0.01,0.24797113049999997,-0.3468244731000001,0,-0.1582291666666667,0.1512583333333346,0,0,306,-1
1810,-576451653152,2.321270431387087,3.10302861136628,-0.2852577490783727,0.03092815231696096,-0.34373082265809507,0.19932636799340692,0,2420495,0.011,0.19172059049999998,-0.3438324231000001,0,-0.23697916666666669,0.08125833333333476,0,1,307,2
1811,-576451653142,2.3184011195749368,3.103347305136753,-0.28862669703812466,0.032836770512774824,-0.29554041587664953,0.13965396061052932,0,2420505,0.01,0.13128118049999998,-0.28877870310000003,0,2.064270833333333,-0.22499166666666537,0,0,307,-1
1812,-576451653132,2.3155011289287475,3.1036831190606864,-0.2914181956775076,0.0343055729953294,-0.17888271750661514,0.19108647916271754,0,2420515,0.01,0.1983031005,-0.16251419310000007,0,-0.1932291666666667,-0.17249166666666538,0,0,307,-1
1813,-576451653122,2.31257835844878,3.1040357482280876,-0.29315152889125856,0.03621942750190707,-0.13933898943024145,0.19321689648230408,0,2420525,0.01,0.19351582049999996,-0.13379051310000006,0,-0.2107291666666667,0.028758333333334773,0,0,307,-1
1814,-576451653111,2.3096403349085626,3.104407110570567,-0.29447329323276544,0.03807464830923931,-0.08829284179715587,0.13837742908702275,0,2420535,0.01,0.1306827705,-0.08113043310000008,0,-0.2982291666666667,-0.02374166666666533,0,0,307,-1
1815,-576451653101,2.3063962419294,3.1048339369159845,-0.2953780644052064,0.03954325292085503,-0.04475256488412168,0.10329160720700978,0,2420546,0.011,0.09836863049999997,-0.03864332310000006,0,-0.3332291666666667,0.11625833333333468,0,0,307,-1
1816,-576451653090,2.3034406988973637,3.105234347140798,-0.29575323989349567,0.04054771783248311,0.006260570264546551,0.08323107271601696,0,2420556,0.01,0.0804163305,0.013418346899999954,0,-0.21947916666666673,0.10750833333333465,0,0,307,-1
1817,-576451653076,2.3022302124003398,3.103929407474827,-0.2947530559796638,0.040619818343944535,0.08075883181836542,0.05662268247781843,0,2420567,0.011,0.05288947049999998,0.09121164689999996,0,-0.28947916666666673,0.03750833333333459,0,1,308,1
1818,-576451652992,2.2989929599307772,3.1043786154480224,-0.29384249263492807,0.04109362926881627,0.09517322803053734,-0.04006151536309244,0,2420578,0.011,-0.053627509500000024,0.09719574689999995,0,-0.26322916666666674,-0.21624166666666533,0,0,308,-1
1819,-576451652992,2.2957668222485177,3.104827734130416,-0.2927426404034837,0.040583574058494554,0.1294830698377762,-0.08501921561213151,0,2420589,0.011,-0.09132733950000002,0.13429716689999996,0,-0.1319791666666667,-0.11999166666666539,0,0,308,-1
1820,-576451652991,2.2928465056396314,3.105229286756879,-0.2913516232292659,0.03972850609698553,0.19720285035961715,-0.0884520326246994,0,2420599,0.01,-0.0889336995,0.20670477689999997,0,-0.1582291666666667,-0.032491666666665364,0,0,308,-1
1823,-576451652991,2.2842062826371388,3.1063901745009104,-0.28442931883541345,0.03764940764124703,0.12210537215679892,-0.13716059615903975,0,2420629,0.01,-0.14578264950000006,0.10317984689999994,0,-0.23697916666666669,-0.014991666666665293,0,0,308,-1
1824,-576451652990,2.2813670780544673,3.1067589080711278,-0.2833670372073997,0.0361368620792353,0.008949571544520613,-0.23760729914676976,0,2420639,0.01,-0.2517012195,-0.006927593100000041,0,-0.10572916666666671,-0.05874166666666536,0,0,308,-1
1825,-576451652990,2.278248862862008,3.107140867313347,-0.2835197000137738,0.03335214768989037,-0.15558501629117166,-0.34967467444882083,0,2420650,0.011,-0.3653991195,-0.17867126310000006,0,-0.3419791666666667,0.028758333333334773,0,0,308,-1
1826,-576451652987,2.2754056980033246,3.107456180155165,-0.28510426372391,0.029745042322816894,-0.17583056157168658,-0.42748709076881947,0,2420660,0.01,-0.43840513950000004,-0.17867126310000006,0,-0.2982291666666667,0.13375833333333476,0,0,308,-1
1827,-576451652976,2.272258809952353,3.1077583055434013,-0.2870534327699163,0.02515795818629055,-0.1856686035808115,-0.3520477905580679,0,2420671,0.011,-0.3414627195,-0.18704900310000006,0,-0.3507291666666667,-0.014991666666665293,0,0,308,-1
1828,-576451652965,2.2693784670362436,3.1079928146568796,-0.2889899972664072,0.021718387404685267,-0.2419807581992766,-0.29501045613654076,0,2420681,0.01,-0.2870074095,-0.24988205310000006,0,-0.3069791666666667,0.21250833333333463,0,0,308,-1
1829,-576451652955,2.2632079462310086,3.110774833852942,-0.29286793660100624,0.01977467361091442,-0.2557322093558218,-0.2129486597867074,0,2420692,0.011,-0.2014347795,-0.2576613831000001,0,-2.2582291666666667,-0.08499166666666536,0,1,310,1
1830,-576451652945,2.2599719878196254,3.1109798510763924,-0.2955290877089561,0.01748582664310948,-0.15719155162370624,-0.17818700196256965,0,2420703,0.011,-0.17330950950000004,-0.14336507310000005,0,-0.026979166666666707,0.04625833333333462,0,0,310,-1
1831,-576451652934,2.257008715035146,3.1111458596268946,-0.29711955627106373,0.015713012087705515,-0.17025569191202364,-0.17181056309268486,0,2420713,0.01,-0.1709158695,-0.17208875310000007,0,2.0380208333333334,-0.02374166666666533,0,0,310,-1
1832,-576451652923,2.2537290668739236,3.111308934653172,-0.2991423934905716,0.013914118891717786,-0.2684222108915425,-0.11225090893252407,0,2420724,0.011,-0.10389394950000003,-0.28219619310000005,0,-0.1844791666666667,0.16875833333333468,0,0,310,-1
1833,-576451652913,2.2507236001233686,3.1114430798535966,-0.30192116859157136,0.012885379408894719,-0.33507817343814467,-0.04614720098108473,0,2420734,0.01,-0.03687202950000003,-0.34443083310000006,0,-0.0882291666666667,0.011258333333334702,0,0,310,-1
1834,-576451652903,2.24768720432202,3.1115692868835363,-0.3053387732147102,0.012371188651563721,-0.38263830567262846,-0.08366893417281891,0,2420744,0.01,-0.0889336995,-0.3893115831,0,-0.009479166666666705,0.24750833333333477,0,0,310,-1
1835,-576451652890,2.24461435828042,3.1116875041257948,-0.3092160830273997,0.011329915027821158,-0.41892753357696955,-0.22945096010346472,0,2420754,0.01,-0.24990598950000006,-0.4240193631000001,0,-0.17572916666666671,0.16875833333333468,0,0,310,-1
1836,-576451652882,2.2393397982398286,3.110079900427504,-0.31432806685750747,0.007972731976018017,-0.2691084507553121,-0.2626077789743617,0,2420765,0.011,-0.2672598795,-0.2480868231000001,0,-0.0707291666666667,0.09875833333333461,0,1,311,2
1837,-576451652871,2.2358667756371244,3.1101536645834074,-0.31716036878133963,0.005366504788855751,-0.1861258788875064,-0.07934197819676375,0,2420776,0.011,-0.053627509500000024,-0.17448239310000005,0,-0.0707291666666667,0.05500833333333466,0,0,311,-1
1838,-576451652861,2.2326866963937118,3.110204796384648,-0.3188953405333106,0.004790675605259356,-0.09719850804064495,0.07387792457620834,0,2420786,0.01,0.09537658049999997,-0.08472089310000006,0,-0.2019791666666667,0.22125833333333467,0,0,311,-1
1839,-576451652851,2.229492207450519,3.1102580783689633,-0.3199721498206399,0.005790449081147788,-0.17179491976798503,0.2596103883413071,0,2420796,0.01,0.2856709605,-0.18226172310000008,0,-0.009479166666666705,0.13375833333333476,0,0,311,-1
1840,-576451652841,2.2262832330168227,3.110328805487369,-0.3217935654194785,0.008361918065973773,-0.2455214104923742,0.24205642907144523,0,2420806,0.01,0.2395933905,-0.25586615310000005,0,-0.07947916666666671,0.24750833333333477,0,0,311,-1
1842,-576451652820,2.2184881497263444,3.111613272362526,-0.3300206423930463,0.013166441966373926,-0.5167915431433393,0.14012606312129874,0,2420826,0.01,0.13128118049999998,-0.5209617831000001,0,-0.12322916666666671,0.09000833333333458,0,1,312,1
1843,-576451652809,2.2148276165091487,3.1117666579190533,-0.3355643681832036,0.014718418156609315,-0.424414412236108,0.1470632824430103,0,2420837,0.011,0.1480366605,-0.4114527531000001,0,-0.2982291666666667,0.011258333333334702,0,0,312,-1
1844,-576451652800,2.211451780956026,3.111921072076344,-0.33965172401230703,0.016170166638444183,-0.31386475364141553,0.1337479035811671,0,2420847,0.01,0.13187959049999998,-0.2983532631000001,0,-0.1144791666666667,0.028758333333334773,0,0,312,-1
1845,-576451652787,2.2080410174658884,3.112089432219287,-0.3425655516066142,0.017503131858450396,-0.15384906255350195,0.13053514977362649,0,2420857,0.01,0.13008436049999997,-0.13139687310000003,0,-0.24572916666666672,-0.04124166666666529,0,0,312,-1
1846,-576451652780,2.2046085120608354,3.1122704864537813,-0.34397257174012486,0.018729865105502456,-0.060165965509957176,0.07451344208765627,0,2420867,0.01,0.06665290049999997,-0.047021063100000066,0,-0.4644791666666667,0.03750833333333459,0,0,312,-1
1847,-576451652770,2.2011660843977117,3.112461429972939,-0.3445263938903003,0.019462381774113816,-0.026073087452610604,0.0655210103872324,0,2420877,0.01,0.06425926049999998,-0.021289433100000043,0,-0.2807291666666667,0.05500833333333466,0,0,312,-1
1848,-576451652760,2.1977191490129107,3.112659178452454,-0.3448445629253818,0.020093949439966566,-0.06700889125114771,0.04867119845222008,0,2420887,0.01,0.04630696049999997,-0.07275269310000003,0,-0.4119791666666667,-0.14624166666666538,0,0,312,-1
1849,-576451652748,2.1857659382477252,3.1048569338287515,-0.34879576588939115,0.01687667723757548,-0.026390854246069594,-0.00902930307082146,0,2420897,0.01,-0.017124499500000032,-0.020691023100000056,0,-0.1669791666666667,-0.17249166666666538,0,1,313,2
1852,-576451652685,2.1749343231846434,3.105376252815741,-0.3505664320206296,0.016216782528995107,-0.19841976756577545,-0.14170699371194342,0,2420928,0.01,-0.15356197950000003,-0.21278063310000006,0,-0.0444791666666667,0.002508333333334667,0,0,313,-1
1853,-576451652684,2.171418280067553,3.1055312512348854,-0.35262206394566076,0.01478659586192154,-0.24932230473509082,-0.15105370042681832,0,2420938,0.01,-0.15236515950000004,-0.2564645631000001,0,-0.2982291666666667,-0.22499166666666537,0,0,313,-1
1854,-576451652684,2.1675240740260957,3.1056845062336547,-0.3554054042127616,0.013087208723449173,-0.2760520392624515,-0.175818763478994,0,2420949,0.011,-0.17929360950000003,-0.2798025531,0,-0.23697916666666669,0.14250833333333457,0,0,313,-1
1855,-576451652684,2.163955961849335,3.1058068669969683,-0.3582048259702724,0.011371588555994586,-0.30348081508414676,-0.14580507313732066,0,2420959,0.01,-0.14159377950000004,-0.30732941310000006,0,-0.2019791666666667,-0.006241666666665369,0,0,313,-1
1856,-576451652581,2.160359074467873,3.105913734185108,-0.3611876034809201,0.00998213486907314,-0.26644800626362863,-0.0969811258768333,0,2420969,0.01,-0.0901305195,-0.26125184310000005,0,-0.1669791666666667,-0.14624166666666538,0,0,313,-1
1857,-576451652580,2.1561312879535723,3.106208718024034,-0.36410734449143917,0.00902052658423384,-0.19576930840219842,-0.08625044607607667,0,2420980,0.011,-0.08474482950000004,-0.18585218310000004,0,-0.2544791666666667,-0.1549916666666653,0,1,314,1
1858,-576451652580,2.1521154859916254,3.1063032702840117,-0.36608563171930547,0.00814903238549354,-0.08211701223874099,-0.03612580883980607,0,2420991,0.011,-0.029092699500000024,-0.06617018310000006,0,-0.1407291666666667,-0.16374166666666534,0,0,314,-1
1859,-576451652579,2.14845167772521,3.1063832588748013,-0.3667319296412905,0.007833796183493679,0.041021266547872526,-0.0037192432614879326,0,2421001,0.01,8.278004999999679e-4,0.05829909689999995,0,-0.26322916666666674,0.18625833333333475,0,0,314,-1
1860,-576451652579,2.144787948164537,3.1064620647090817,-0.3660828847700689,0.007898072510068488,0.2109823897599783,0.0684893392699473,0,2421011,0.01,0.07862110049999999,0.23483004689999998,0,-0.4294791666666667,0.16875833333333468,0,0,314,-1
1861,-576451652579,2.1411371673722064,3.10654514932825,-0.36405123513484067,0.008688965820355608,0.15527817963529894,0.14402112287300206,0,2421021,0.01,0.15461917049999999,0.14746218689999996,0,-0.3594791666666667,-0.032491666666665364,0,0,314,-1
1862,-576451652579,2.137504277170361,3.1066390641966084,-0.36252058878061083,0.010101719024916085,0.13950271112269,0.12445236091936955,0,2421031,0.01,0.12170662049999999,0.13728921689999996,0,-0.2107291666666667,0.16875833333333468,0,0,314,-1
1863,-576451652579,2.133884982264129,3.1067455609871613,-0.36129175051695017,0.011230205619327058,0.02106103548143977,0.04175355973486225,0,2421041,0.01,0.03014989049999999,0.004442196899999945,0,-0.3244791666666667,0.13375833333333476,0,0,314,-1
1864,-576451652579,2.1302727417020164,3.1068587984635814,-0.36113987826112287,0.01146778942471394,-0.020801315210782906,-0.08649718645518908,0,2421051,0.01,-0.10449235950000005,-0.026675123100000052,0,-0.24572916666666672,-0.10249166666666532,0,0,314,-1
1865,-576451652578,2.1266604970294223,3.1069688022655133,-0.36131756626650835,0.01054827655712371,8.112723552463862e-4,-0.12536829942553213,0,2421061,0.01,-0.1308223995,0.0038437868999999423,0,-0.3769791666666667,0.14250833333333457,0,0,314,-1
1866,-576451652574,2.123049224594329,3.107068996755066,-0.36101855432648866,0.009447665539477183,0.20813376540385004,-0.01627462708162887,0,2421071,0.01,-9.674295000000236e-4,0.23722368689999995,0,-0.2019791666666667,0.08125833333333476,0,0,314,-1
1867,-576451652564,2.116953897437347,3.1050974716033846,-0.35948276341825813,0.008435007730777008,0.2588333992299271,0.04910176867594812,0,2421082,0.011,0.05827516049999999,0.2659473669,0,-0.3857291666666667,0.028758333333334773,0,1,315,2
1868,-576451652554,2.1130147614772388,3.1051932773282753,-0.35670524612998544,0.008981865804115254,0.21364384305483936,0.05347295829057491,0,2421093,0.011,0.054086290499999974,0.20730318689999996,0,-0.3332291666666667,-0.049991666666665324,0,0,315,-1
1869,-576451652543,2.1040669120405977,3.109183091315543,-0.3565051591945687,0.011303534549566419,0.14196095240671802,-0.0016149711728687013,0,2421104,0.011,-0.009345169500000012,0.13190352689999996,0,-0.0444791666666667,0.18625833333333475,0,1,316,1
1870,-576451652531,2.100508590207187,3.1092948078769798,-0.3551398217256276,0.011098870824227076,0.10375354135016288,-0.1343405253066548,0,2421114,0.01,-0.15296356950000004,0.09839256689999995,0,-0.2719791666666667,0.11625833333333468,0,0,316,-1
1871,-576451652523,2.0969625168684787,3.1093985949215024,-0.35408087040396397,0.009680157802000053,0.11899375551251254,-0.18793123687036672,0,2421124,0.01,-0.19545067950000006,0.12113214689999995,0,-0.26322916666666674,0.2037583333333346,0,0,316,-1
1872,-576451652513,2.093428481845627,3.109485978475977,-0.3527623657311807,0.007797482996751701,0.21060593057288501,-0.19032721412427092,0,2421134,0.01,-0.19066339950000002,0.2234602569,0,-0.4907291666666667,-0.11124166666666535,0,0,316,-1
1873,-576451652501,2.0899112681515906,3.10955470308473,-0.35067509734414476,0.005935768812880351,0.1972140360754495,-0.16070973042326536,0,2421144,0.01,-0.15655402950000002,0.19533498689999995,0,-0.21947916666666673,0.07250833333333473,0,0,316,-1
1874,-576451652491,2.086065619223916,3.1096107229487098,-0.3485282803900341,0.004233591363470775,0.18244676806641436,-0.11770708491819039,0,2421155,0.011,-0.11167327950000004,0.18037473689999997,0,-0.3682291666666667,-0.1812416666666653,0,0,316,-1
1875,-576451652479,2.0822428038909226,3.1096511857532225,-0.3465274020025903,0.0030836640174941405,0.1785305859101637,-0.023728370675648633,0,2421166,0.011,-0.010541989500000019,0.17798109689999997,0,-0.23697916666666669,0.011258333333334702,0,0,316,-1
1876,-576451652469,2.0746931664067674,3.106006626979758,-0.3462740260095104,0.0012094280702822824,0.011169243309840218,0.001479195704516498,0,2421177,0.011,0.005016670499999971,-0.01231328310000005,0,-0.1319791666666667,0.18625833333333475,0,1,317,2
1877,-576451652459,2.070883977170853,3.1060194040105187,-0.3462736568129867,0.0011365389791525252,-0.06819887066072058,-0.05629276558662511,0,2421188,0.011,-0.06439888950000004,-0.07933520310000008,0,-0.1669791666666667,0.12500833333333472,0,0,317,-1
1878,-576451652449,2.067418098646974,3.106027779625789,-0.3469151038828882,5.471157600686549e-4,-0.03965616878093481,-0.0749465515758617,0,2421198,0.01,-0.07756390950000003,-0.03565127310000006,0,-0.2982291666666667,0.11625833333333468,0,0,317,-1
1880,-576451652378,2.060481557867021,3.1060255648823527,-0.346196107753953,-6.659449722285434e-4,0.20493950435734332,-0.00823010183485505,0,2421218,0.01,-0.0015658395000000265,0.2228618469,0,-0.3507291666666667,0.16000833333333464,0,0,317,-1
1881,-576451652372,2.0570305037237304,3.1060190463058466,-0.3440436613396063,-6.619930851035011e-4,0.2783820458914786,0.0532405275078938,0,2421228,0.01,0.06186562049999998,0.28868694689999996,0,-0.5432291666666668,0.16875833333333468,0,0,317,-1
1882,-576451652372,2.053604784074739,3.106015769299678,-0.34113523881786334,-2.325196645484417e-5,0.3671850957399633,0.12902536611240706,0,2421238,0.01,0.13965892049999998,0.37964526689999994,0,-0.3594791666666667,0.10750833333333465,0,0,317,-1
1883,-576451652372,2.0502113327655693,3.1060218785216485,-0.3375349426381639,0.0012498965618704103,0.31618836218770746,0.11683462318708344,0,2421248,0.01,0.11512411049999999,0.30903288689999997,0,-0.1844791666666667,-0.006241666666665369,0,0,317,-1
1884,-576451652371,2.0468517599541762,3.1060394513734932,-0.3343781820010565,0.0022983256229847206,0.31253723535525546,0.031370227063812345,0,2421258,0.01,0.019378510499999974,0.3120249369,0,-0.0882291666666667,0.1775083333333347,0,0,317,-1
1885,-576451652329,2.0435230681874432,3.1060642339808857,-0.3313366450428371,0.002648079012483404,0.2527881463892705,0.05706368863288802,0,2421268,0.01,0.06066880049999998,0.24440460689999996,0,-0.2107291666666667,0.32625833333333465,0,0,317,-1
1886,-576451652328,2.0424693911999374,3.1044100309248903,-0.32785561959114956,0.002357617574137046,0.28217076681236614,0.008272046659736996,0,2421278,0.01,0.001426210499999971,0.28629330689999993,0,-0.1582291666666667,0.2650083333333346,0,1,318,1
1887,-576451652328,2.0392052915593326,3.1044347838724686,-0.3249802398590714,0.0025600339012137657,0.3204213367259169,0.0935798112817125,0,2421288,0.01,0.10554955049999998,0.3257883669,0,-0.2719791666666667,0.19500833333333478,0,0,318,-1
1888,-576451652327,2.0359718214016596,3.1044654591487975,-0.3217274517687252,0.003557685380608924,0.355040270407701,0.137662448786681,0,2421298,0.01,0.1438477905,0.35989773689999993,0,-0.3507291666666667,0.2300083333333347,0,0,318,-1
1889,-576451652327,2.0327717996232093,3.104507072091147,-0.318255013457198,0.004802018533336147,0.299475433799409,0.04337902606139728,0,2421308,0.01,0.03014989049999999,0.2916789969,0,-0.0969791666666667,-0.014991666666665293,0,0,318,-1
1890,-576451652327,2.029603204723562,3.1045560490239796,-0.3154193269449341,0.005046493695657688,0.18610854924417058,-0.09154494947185039,0,2421318,0.01,-0.11047645950000004,0.17020176689999994,0,-0.2107291666666667,-0.06749166666666528,0,0,318,-1
1891,-576451652319,2.0234645282227843,3.1015995065809596,-0.31478963280972927,0.0027291402871541847,0.13332533389425774,-0.12861362468418097,0,2421328,0.01,-0.1338144495,0.12591942689999994,0,-0.14947916666666672,0.2037583333333346,0,1,319,2
1892,-576451652307,2.020009398741248,3.101621799368247,-0.3133978380733642,0.0013218469762142058,0.08432374816145591,-0.12372851156234921,0,2421339,0.011,-0.12304306950000002,0.07744821689999995,0,-0.24572916666666672,0.14250833333333457,0,0,319,-1
1893,-576451652298,2.016879922335028,3.101628870973134,-0.3125110530225335,9.062417558516658e-5,0.11502863921544143,-0.11945397069016622,0,2421349,0.01,-0.11885419950000001,0.11933691689999995,0,-0.009479166666666705,0.2300083333333347,0,0,319,-1
1894,-576451652288,2.013760488104025,3.1016248105319812,-0.3113724164475077,-9.476051893020519e-4,0.10673691835143188,-0.008200003313654725,0,2421359,0.01,0.007410310499999982,0.10557348689999996,0,-0.23697916666666669,0.29125833333333473,0,0,319,-1
1895,-576451652260,2.0106518367254718,3.1016157555664283,-0.3103462472638257,-8.999268185965433e-4,0.07737867340524804,0.08420608787647052,0,2421369,0.01,0.09717181049999998,0.07325934689999995,0,-0.23697916666666669,0.2037583333333346,0,0,319,-1
1896,-576451652260,2.0075516354269975,3.1016111489396723,-0.30966736313369586,-2.9393818788547805e-5,0.009743396529047765,0.1044976256530848,0,2421379,0.01,0.10734478049999999,2.5332689999994204e-4,0,-0.3332291666666667,0.2825083333333347,0,0,319,-1
1897,-576451652255,2.004455543929452,3.1016158241360334,-0.3095550986154003,9.756423558572709e-4,0.020313035270145583,0.07603258881122346,0,2421389,0.01,0.07203859049999999,0.021796086899999942,0,-0.2807291666666667,0.23875833333333474,0,0,319,-1
1898,-576451652247,2.0021288522654106,3.1008445640220774,-0.3086930467765483,0.0014497496312312768,0.15228323569687802,0.08250069237898952,0,2421400,0.011,0.08340838049999999,0.17080017689999996,0,0.03427083333333329,0.2562583333333346,0,1,320,1
1899,-576451652237,1.999050208468846,3.100863135361685,-0.30706680518823154,0.00226621227178049,0.22519765763230865,0.07647458783447375,0,2421410,0.01,0.07562905049999999,0.23542845689999997,0,-0.1932291666666667,0.32625833333333465,0,0,320,-1
1900,-576451652228,1.9959912550776475,3.100889036445977,-0.30474397657079155,0.002939965551846787,0.2756269856570949,0.011710269041874721,0,2421420,0.01,0.0026230304999999765,0.28270284689999997,0,-0.0969791666666667,0.21250833333333463,0,0,320,-1
1901,-576451652217,1.992957090788836,3.100918444933888,-0.3020666359471774,0.0029670848848957886,0.21938369002890182,-0.052409972936945784,0,2421430,0.01,-0.061406839500000004,0.21149205689999995,0,-0.0532291666666667,0.028758333333334773,0,0,320,-1
1902,-576451652207,1.9872033422869484,3.0981609697369037,-0.3010430756890783,0.0011847184983888555,0.1410932015453088,-0.05505234302377641,0,2421440,0.01,-0.05542273950000001,0.13010829689999995,0,0.14802083333333332,0.23875833333333474,0,1,321,2
1903,-576451652197,1.9842000138308944,3.098169808990554,-0.299625042278801,5.939785031165842e-4,0.14615372288539022,-0.08371513384815027,0,2421450,0.01,-0.08773687950000003,0.14686377689999994,0,-0.1319791666666667,0.23875833333333474,0,0,321,-1
1904,-576451652187,1.981211170679051,3.0981717620468596,-0.2981479049067469,-2.1204156107493244e-4,0.15727195132053315,-0.06152792986672154,0,2421460,0.01,-0.05841478950000001,0.15883197689999995,0,-0.1319791666666667,0.27375833333333466,0,0,321,-1
1905,-576451652176,1.978236897977145,3.0981672497939132,-0.29667782436980283,-7.204043651856491e-4,0.08412165260966689,0.014670959628393626,0,2421470,0.01,0.025362610499999983,0.07385775689999996,0,0.03427083333333329,0.3875083333333347,0,0,321,-1
1906,-576451652166,1.9752754000661576,3.098160528778244,-0.29566883702169966,-6.128182428074441e-4,0.20369112449417942,-0.013212152461203039,0,2421480,0.01,-0.017124499500000032,0.22046820689999994,0,-0.0532291666666667,0.22125833333333467,0,0,321,-1
1907,-576451652156,1.9720360408283903,3.0981531554774233,-0.2933296950274117,-7.337548243370693e-4,0.2682576686033189,0.002773662111757197,0,2421491,0.011,0.005016670499999971,0.2773171569,0,0.06052083333333329,0.4225083333333346,0,0,321,-1
1908,-576451652146,1.969114568573971,3.098144293180839,-0.29088890345483565,-9.59258413855228e-4,0.0977781511872361,-0.17578269435007093,0,2421501,0.01,-0.2008363695,0.07385775689999996,0,-7.291666666666974e-4,0.5012583333333347,0,0,321,-1
1911,-576451652111,1.9576608107300364,3.0995692592457167,-0.28893617535750576,-0.007649622612835047,0.2779636013595519,-0.27831496801562366,0,2421533,0.011,-0.2810233095,0.30005673689999995,0,-0.3857291666666667,-0.17249166666666538,0,0,322,-1
1912,-576451652102,1.9547835856451816,3.0994821266047787,-0.2864233993438254,-0.009936080939400955,0.09005122752419342,0.07143546897988667,0,2421543,0.01,0.12050980049999999,0.06368478689999994,0,-0.4732291666666667,-0.6537416666666653,0,0,322,-1
1913,-576451652094,1.9519269991825832,3.099388366363712,-0.2850347560184988,-0.008906839601415062,0.4374218350244602,0.29551947981728766,0,2421553,0.01,0.32696125049999997,0.4861622469,0,-0.5519791666666667,-0.46124166666666533,0,0,322,-1
1914,-576451652084,1.9491019331238078,3.0993150583940383,-0.28012848023162573,-0.005798061240974361,0.8165470755058064,0.4049576724426508,0,2421563,0.01,0.42031321050000003,0.8697430569,0,-0.8232291666666667,-0.4874916666666653,0,0,322,-1
1915,-576451652071,1.9463421966813828,3.0992763007621886,-0.2718504257181958,-0.00190852116786528,0.8967831752703314,0.2909028842682738,0,2421573,0.01,0.2748995805,0.9080412968999999,0,-0.4119791666666667,0.04625833333333462,0,0,322,-1
1916,-576451652063,1.9426203898222245,3.0984570838150036,-0.26251999631237727,6.294800119563452e-4,0.745549338085944,0.09844437608962331,0,2421584,0.011,0.07144018049999998,0.7243294269,0,-0.3507291666666667,0.05500833333333466,0,1,323,2
1917,-576451652053,1.9400314163744306,3.098466406778811,-0.25522857545757965,0.0013213426844743536,0.6298566924226106,-0.10785950229560734,0,2421594,0.01,-0.13680649949999998,0.6136235769000001,0,-0.1844791666666667,0.1512583333333346,0,0,323,-1
1918,-576451652043,1.937511296042525,3.0984743765625997,-0.24882540515288443,2.660659375675647e-4,0.704308371374502,-0.0912624694109895,0,2421604,0.01,-0.0889336995,0.7147548668999999,0,-0.2807291666666667,-0.08499166666666536,0,0,323,-1
1919,-576451652033,1.9350596799854176,3.098473148260719,-0.2415603140789981,-5.413266496479292e-4,0.8625061878407283,-0.016276212898678158,0,2421614,0.01,-0.005754709500000013,0.8847033069,0,-0.2982291666666667,0.07250833333333473,0,0,323,-1
1920,-576451652024,1.9326869243418312,3.0984687912580386,-0.23297862757371438,-4.1206831087867163e-4,0.8315933956911761,0.19184121918158914,0,2421624,0.01,0.22104268049999998,0.8272559469,0,0.0430208333333333,0.11625833333333468,0,0,323,-1
1921,-576451652013,1.9303969296146752,3.098475171663572,-0.22494194531159886,0.0016483070396656231,0.6325725273170649,0.29301743976478634,0,2421634,0.01,0.30721372049999995,0.6046474269000001,0,-0.12322916666666671,-0.08499166666666536,0,0,323,-1
1922,-576451652002,1.9242343705850262,3.1012790877334613,-0.22052144310502458,0.005861691431786633,0.4228368366450404,0.26191076504935845,0,2421644,0.01,0.2575456905,0.39340869689999997,0,-0.06197916666666671,0.1775083333333347,0,1,324,1
1923,-576451651992,1.9220484504438942,3.1013492843019708,-0.2165818450779263,0.008244220582912862,0.21703116018434424,0.09330274978435757,0,2421654,0.01,0.06964495049999998,0.18815406689999997,0,-0.07947916666666671,0.08125833333333476,0,0,324,-1
1924,-576451651982,1.9196790197031657,3.1014450426249294,-0.2142179339085706,0.00918682932803494,0.20167808420287422,0.03844545981551686,0,2421665,0.011,0.030748300499999975,0.19952385689999994,0,-0.07947916666666671,0.19500833333333478,0,0,324,-1
1925,-576451651972,1.9175480015657436,3.1015382864551886,-0.21203711528996727,0.009488027602645128,0.3173390293534794,-0.02025753062965853,0,2421675,0.01,-0.02849428950000002,0.3335676969,0,-0.06197916666666671,0.36125833333333457,0,0,324,-1
1926,-576451651961,1.91544472238944,3.101632809924572,-0.20867341200962408,0.009387374137705412,0.4527943434677225,0.052285361482408255,0,2421685,0.01,0.06246403049999998,0.47180040689999997,0,-0.2019791666666667,0.10750833333333465,0,0,324,-1
1927,-576451651951,1.9131786450681598,3.1017404528205224,-0.20341010552167826,0.010140347272878533,0.6379152533489962,0.1687909052714326,0,2421696,0.011,0.1851380805,0.6638900168999999,0,-0.2282291666666667,0.002508333333334667,0,0,324,-1
1928,-576451651940,1.9111771996517757,3.1018501409244568,-0.19691528595576846,0.011804675560261624,0.71946894128105,0.15216474705665478,0,2421706,0.01,0.14983189049999998,0.7309119369,0,-0.0707291666666667,-0.006241666666665369,0,0,324,-1
1929,-576451651930,1.9101461666613662,3.102928924537359,-0.18948926759900903,0.01380430699579762,0.6350440711677431,0.1842295751544907,0,2421716,0.01,0.18872854049999999,0.6231981369,0,-0.2544791666666667,0.1512583333333346,0,1,325,2
1930,-576451651920,1.908100499657902,3.1030913966550107,-0.1824611639960702,0.015754350746440146,0.6629644858447763,0.13412289959370086,0,2421727,0.011,0.12709231049999997,0.6668820669,0,-0.0444791666666667,-0.04124166666666529,0,0,325,-1
1931,-576451651909,1.9063097037577121,3.1032553833435976,-0.17572988916604693,0.017055575101834964,0.7346210593888867,0.10591676202649135,0,2421737,0.01,0.10195909049999997,0.7446753668999999,0,-0.21947916666666673,0.22125833333333467,0,0,325,-1
1932,-576451651898,1.904421074341191,3.103449349617945,-0.1676556315556744,0.01821295050254001,0.7303187801303812,0.10087173979687605,0,2421748,0.011,0.10016386049999998,0.7297151168999999,0,-0.1844791666666667,0.07250833333333473,0,0,325,-1
1933,-576451651888,1.9027812835283315,3.1036356311186823,-0.1603144862082961,0.019086052087486847,0.7570778122467307,0.005266283759663343,0,2421758,0.01,-0.008148349500000025,0.7608324369,0,-0.2107291666666667,0.09000833333333458,0,0,325,-1
1934,-576451651878,1.9010620512200722,3.103844785212351,-0.15221575157010192,0.018982466305607213,0.6071354878568465,-0.10043283934907332,0,2421769,0.011,-0.11526373950000003,0.5860967168999999,0,-0.1669791666666667,0.07250833333333473,0,0,325,-1
1935,-576451651866,1.896963519871323,3.1058417964618026,-0.14731036201827732,0.018829632084757696,0.5383066357599526,-0.11501291554417356,0,2421779,0.01,-0.11705896950000003,0.5286493569,0,-0.0707291666666667,0.2650083333333346,0,1,326,1
1936,-576451651857,1.8953742058906473,3.1060420695878217,-0.14160400240574203,0.017580989781869553,0.3975937964373043,-0.10421255435580074,0,2421790,0.011,-0.10269712950000005,0.37785003689999996,0,-0.2719791666666667,0.028758333333334773,0,0,326,-1
1937,-576451651846,1.8939777135406832,3.1062130477856744,-0.137678678323766,0.016596578754829252,0.36191225102035884,-0.06352530594058528,0,2421800,0.01,-0.05781637950000002,0.35690568689999996,0,-0.3244791666666667,0.14250833333333457,0,0,326,-1
1941,-576451651807,1.8887925370271235,3.1068741226566607,-0.12059169315971822,0.017140091130179655,0.6212099841834982,0.07095854113831115,0,2421840,0.01,0.07682587049999998,0.6417488468999999,0,-0.3157291666666667,0.19500833333333478,0,0,326,-1
1942,-576451651795,1.884681347636265,3.1040530672824818,-0.11473117223989218,0.016646870029383934,0.7027193955377619,0.1380272074206958,0,2421851,0.011,0.14743825049999998,0.7141564568999998,0,-0.23697916666666669,0.24750833333333477,0,1,327,2
1943,-576451651785,1.8834636007802952,3.1042445615797383,-0.1067455763825742,0.018170605656141873,0.8686079953840712,0.1415572514641487,0,2421862,0.011,0.14205256049999998,0.8918842269000001,0,-0.26322916666666674,0.12500833333333472,0,0,327,-1
1944,-576451651775,1.8824388181597844,3.104432907842449,-0.09817434154646312,0.01951972297394257,0.7877381420316447,0.09476166294554189,0,2421872,0.01,0.08819566049999998,0.7763910969000001,0,-0.28947916666666673,0.3087583333333346,0,0,327,-1
1945,-576451651759,1.8814951936690918,3.104631081031539,-0.09049382458820121,0.02019377522844892,0.6476425666390457,-0.09991621464594053,0,2421882,0.01,-0.12723193950000003,0.6279854169,0,-0.10572916666666671,0.09875833333333461,0,0,327,-1
1946,-576451651754,1.8806237428824437,3.1048277602758154,-0.08384495540817596,0.019153631007764127,0.7705196986806228,-0.1291185842428153,0,2421892,0.01,-0.13321603950000002,0.7877608869,0,-0.2544791666666667,0.028758333333334773,0,0,327,-1
1947,-576451651744,1.8797486122107105,3.1050313797599505,-0.07528929789153803,0.017841572688752538,0.8228985879882637,-0.05819349120794118,0,2421903,0.011,-0.04824181950000001,0.8302479969,0,-0.2544791666666667,-0.10249166666666532,0,0,327,-1
1948,-576451651734,1.8792952043958366,3.1050301639592113,-0.06686998206484303,0.0173051927852388,0.882346195265304,0.03449798623380958,0,2421913,0.01,0.04750378049999998,0.8906874069,0,-0.23697916666666669,0.14250833333333457,0,1,328,1
1949,-576451651724,1.8786708331316904,3.105205940535398,-0.058014857924559175,0.017806282771451184,0.9048795826947245,0.14561112648195457,0,2421923,0.01,0.1612016805,0.9080412968999999,0,-0.2107291666666667,0.3175083333333346,0,0,328,-1
1950,-576451651712,1.878087284803639,3.1054105644816437,-0.04808017986994753,0.019400037629975178,0.892433716545046,0.1403913236822837,0,2421934,0.011,0.13965892049999998,0.8906874069,0,-0.07947916666666671,0.2650083333333346,0,0,328,-1
1951,-576451651703,1.8776512077341563,3.105611397550392,-0.03914015182747338,0.02077550128045904,0.903496939300737,0.12033228310181103,0,2421944,0.01,0.11751775049999999,0.9050492468999999,0,-0.3769791666666667,0.028758333333334773,0,0,328,-1
1952,-576451651693,1.8773049031942413,3.1058248478532557,-0.03011727865776559,0.021928905947876033,0.8948874721088341,0.08480310552009601,0,2421954,0.01,0.07981792049999999,0.8936794569,0,-0.17572916666666671,0.07250833333333473,0,0,328,-1
1953,-576451651683,1.8770480593448116,3.1060475542529944,-0.021233225154601153,0.02264855146323459,0.8486972578200771,-0.006681686584196239,0,2421964,0.01,-0.019518139500000028,0.8422161968999999,0,-0.1144791666666667,0.011258333333334702,0,0,328,-1
1954,-576451651673,1.8768769885793546,3.106273406475961,-0.01292947702262603,0.022535012979403933,0.7181166925121268,-0.03997929180642241,0,2421974,0.01,-0.04465135950000003,0.6997946169,0,-0.3157291666666667,-0.1287416666666653,0,0,328,-1
1955,-576451651661,1.8730824979436642,3.1025282219397217,-0.007528559689549998,0.02038583391114266,0.47744416524809147,0.010499879785200431,0,2421984,0.01,0.017583280499999982,0.4436751369,0,-0.3157291666666667,0.09875833333333461,0,1,329,2
1956,-576451651653,1.8730298679447506,3.1027331062556858,-0.002944407460088879,0.020568764373818903,0.3418253250705793,0.06604074682839867,0,2421994,0.01,0.07383382049999998,0.3227963169,0,-0.0707291666666667,-0.07624166666666532,0,0,329,-1
1957,-576451651641,1.8730163153391333,3.102941390469365,2.862306177265517e-4,0.02111874034790055,0.20811246270427092,-0.012663785771344319,0,2422004,0.01,-0.023707009500000032,0.18935088689999996,0,-0.0444791666666667,-0.18999166666666534,0,0,329,-1
1958,-576451651631,1.8730282474760263,3.103151556096837,0.002158715112581481,0.020931389201783068,0.05941558606439695,-0.05593391306390087,0,2422014,0.01,-0.06200524949999999,0.038551566899999945,0,-0.2282291666666667,0.028758333333334773,0,0,329,-1
1959,-576451651623,1.8730527164587762,3.1033580914656658,0.0027389795929192375,0.02037488803991831,0.04951526495122581,-0.05391130635026913,0,2422024,0.01,-0.053627509500000024,0.04812612689999995,0,-0.2719791666666667,0.03750833333333459,0,0,329,-1
1960,-576451651613,1.8730830048332796,3.10355948176608,0.0033001650888162186,0.019888403443978533,0.09657656221624225,-0.016403246313647105,0,2422034,0.01,-0.011140399500000021,0.10317984689999994,0,-0.24572916666666672,0.21250833333333463,0,0,329,-1
1961,-576451651602,1.873127869492976,3.1037788344202286,0.004759781529740688,0.01993766165361725,0.35688428885606227,0.13410009228041136,0,2422045,0.011,0.1552175805,0.39340869689999997,0,-0.2107291666666667,0.3175083333333346,0,0,329,-1
1962,-576451651590,1.8709018525359833,3.1055886015716654,0.008035902896581494,0.022247941621130952,0.5515951706024254,0.1772839158457548,0,2422056,0.011,0.1833428505,0.5789157969,0,-0.26322916666666674,0.3875083333333347,0,1,330,1
1963,-576451651581,1.871010640940609,3.1058193113136543,0.013682755828706074,0.023923251038745128,0.6437751066521492,0.10860372459743418,0,2422066,0.01,0.09896704049999998,0.6567090968999999,0,-0.3332291666666667,0.05500833333333466,0,0,330,-1
1964,-576451651571,1.8711790097685796,3.106063759367821,0.020019932516928293,0.024976027408326454,0.5722028006307582,0.08493426916097262,0,2422076,0.01,0.08161315049999998,0.5621603168999999,0,-0.21947916666666673,0.07250833333333473,0,0,330,-1
1965,-576451651559,1.871403633649537,3.106317437638778,0.025088878880899074,0.025774148994494792,0.10683982406265957,0.048436062358709085,0,2422086,0.01,0.04331491049999998,0.04154361689999995,0,0.01677083333333329,0.03750833333333459,0,0,330,-1
1966,-576451651551,1.8716593970349038,3.1065774426795536,0.026084293499021638,0.026233799425248484,0.0548259146044457,0.030825623815219208,0,2422096,0.01,0.028354660499999983,0.04752771689999995,0,-7.291666666666974e-4,-0.14624166666666538,0,0,330,-1
1969,-576451651512,1.8724625080619381,3.1073771127626304,0.0,0.0,0.0,0.0,1,2422126,0.01,0.004418260499999968,0.0014501468999999479,0,-0.24572916666666672,-0.07624166666666532,0,0,330,-1
1970,-576451651511,1.8724623780435314,3.1073772465843077,0.0,0.0,0.0,0.0,1,2422136,0.01,0.016984870499999978,-0.016502153100000052,0,-7.291666666666974e-4,0.05500833333333466,0,0,330,-1
1971,-576451651501,1.8724624130430452,3.1073774275539523,5.466005642020986e-6,2.826270990903276e-5,0.0038955963361493665,0.020142699510893786,0,2422146,0.01,0.022968970499999974,0.004442196899999945,0,-0.2807291666666667,0.12500833333333472,0,0,330,-1
1972,-576451651491,1.872462629071136,3.1073787348690645,3.920392526688993e-5,2.3243102896270865e-4,1.7672127362167644e-4,0.02209642810554754,0,2422156,0.01,0.02237056049999997,-3.450831000000438e-4,0,-0.24572916666666672,0.22125833333333467,0,0,330,-1
1973,-576451651481,1.8724630446944108,3.107381930420741,4.3274382167775446e-5,4.169162398322813e-4,0.0018182324835352107,-0.0039020324814448525,0,2422166,0.01,-0.007549939500000021,0.002048556899999951,0,-2.2582291666666667,-0.032491666666665364,0,0,330,-1
1974,-576451651470,1.87246378233044,3.107386436801011,9.48748596508595e-5,4.610302531942262e-4,0.02563519163523074,0.055347416682370504,0,2422176,0.01,0.06366085049999998,0.028977006899999953,0,0.28802083333333334,-0.4787416666666653,0,0,330,-1
1975,-576451651460,1.8662519127169999,3.111755053636694,-0.0022043514539869464,0.003166810328849236,0.019643962907216306,0.03797405513776765,0,2422187,0.011,0.03553558049999998,0.018804036899999946,0,0.6292708333333333,-1.3274916666666654,0,1,332,1
1976,-576451651449,1.866228609001956,3.1117921447823744,-0.002023374013867797,0.0035788018746183733,-0.003133256270956144,0.03426129664313153,0,2422198,0.011,0.03374035049999998,-0.006329183100000038,0,0.6380208333333334,-0.9774916666666653,0,0,332,-1
1977,-576451651439,1.8662086199845185,3.1118296369839666,-0.0019938501051550766,0.0039200209674808755,0.039719686618628916,0.03327967430891527,0,2422208,0.01,0.03314194049999999,0.04573248689999996,0,-0.026979166666666707,-0.2949916666666653,0,0,332,-1
1978,-576451651429,1.8661908101919786,3.1118703860830594,-0.0015744951182152078,0.004234949777923407,0.05548817243617802,0.020564234656580537,0,2422218,0.01,0.01878010049999997,0.05770068689999996,0,-0.1144791666666667,-0.27749166666666536,0,0,332,-1
1979,-576451651419,1.8661776871630495,3.1119137449959644,-0.0010434031122490033,0.0044376599283116585,0.03853646241909078,0.018474856248547923,0,2422228,0.01,0.018181690499999983,0.03615792689999995,0,-0.0707291666666667,-0.10249166666666532,0,0,332,-1
1980,-576451651410,1.8661689867315348,3.1119590147334817,-6.882100173406095e-4,0.004617629684161663,0.01703384172624558,0.015069100362981733,0,2422238,0.01,0.014591230499999983,0.014016756899999957,0,-0.3507291666666667,-0.032491666666665364,0,0,332,-1
1981,-576451651399,1.8640908002142704,3.1097734161092516,-0.001375961114455671,0.003743511421372945,-0.017623550354888537,0.0156993424229369,0,2422248,0.01,0.015788050499999973,-0.022486253100000048,0,0.008020833333333297,0.10750833333333465,0,1,333,2
1982,-576451651388,1.8640744507867961,3.1098154972076553,-0.0015915449892413584,0.00390911535878389,-0.03185867785776608,0.011054140097130127,0,2422259,0.011,0.01040236049999998,-0.03385604310000005,0,-0.14947916666666672,0.11625833333333468,0,0,333,-1
1983,-576451651378,1.8640568675703755,3.1098550527964526,-0.0019215472125213215,0.0040061935386861485,-0.03990759940867262,0.001561347269708661,0,2422269,0.01,2.293904999999821e-4,-0.04103696310000005,0,-0.4032291666666667,0.22125833333333467,0,0,333,-1
1984,-576451651368,1.8640357995988543,3.109895343562269,-0.0022984209464687925,0.004045234262256579,-0.02410512639034014,0.018235710220060826,0,2422279,0.01,0.020575330499999978,-0.021887843100000044,0,-0.21947916666666673,0.04625833333333462,0,0,333,-1
1985,-576451651358,1.8640117314573146,3.1099366695050024,-0.00252054160143206,0.004221633299827238,-0.010615574781453132,0.013990119608876927,0,2422289,0.01,0.013394410499999978,-0.008722823100000067,0,2.081770833333333,-0.02374166666666533,0,0,333,-1
1986,-576451651348,1.8639861422133643,3.1099795995117216,-0.0026037507328335414,0.00436374684662809,0.005738041379490575,0.015566819865479418,0,2422299,0.01,0.015788050499999973,0.008032656899999945,0,-0.3069791666666667,0.03750833333333459,0,0,333,-1
1987,-576451651337,1.8639581762108812,3.1100286487337976,-0.0024927106947703627,0.00455049509310575,0.03713783565952744,0.025731596108529476,0,2422310,0.011,0.027157840499999992,0.04154361689999995,0,-0.10572916666666671,-0.10249166666666532,0,0,333,-1
1988,-576451651326,1.8594020297749496,3.1132349491818414,-0.003941657903458016,0.006373646511043355,0.052021344202716216,0.025408525618125236,0,2422321,0.011,0.025362610499999983,0.05411022689999995,0,-0.2107291666666667,-0.1287416666666653,0,1,334,1
1989,-576451651314,1.8593619286504481,3.1133065570514846,-0.0033536395926716334,0.006647409815614988,0.062249631165492675,0.021694819593416598,0,2422332,0.011,0.021173740499999982,0.06368478689999994,0,-0.1319791666666667,0.19500833333333478,0,0,334,-1
1990,-576451651306,1.8593313443598922,3.1133741508515347,-0.002755443565393098,0.006869671854351762,0.0451409915863063,0.025436075777031924,0,2422342,0.01,0.025961020499999987,0.04274043689999995,0,-0.26322916666666674,0.0637583333333347,0,0,334,-1
1991,-576451651295,1.8593059423883969,3.1134440997740898,-0.0023202658550942968,0.007120992312580643,0.033589828578657,0.023272541270468163,0,2422352,0.01,0.022968970499999974,0.03196905689999995,0,-0.0707291666666667,0.16875833333333468,0,0,334,-1
1992,-576451651285,1.8592843025815646,3.113516489810696,-0.0020025644765453827,0.007356289977526781,0.0206233894074341,0.0251054330166361,0,2422362,0.01,0.025362610499999983,0.018804036899999946,0,-0.1319791666666667,0.24750833333333477,0,0,334,-1
1993,-576451651274,1.8592633408837116,3.1135988644240498,-0.0018021697382116174,0.007623182945688938,0.003284586377883588,0.019033638679863324,0,2422373,0.011,0.018181690499999983,8.51736899999945e-4,0,-0.17572916666666671,0.1512583333333346,0,0,334,-1
1994,-576451651264,1.8596339391284982,3.1140957550618924,-0.0016244033655257706,0.00801247467383455,-0.0014727657630435897,0.023534341264301824,0,2422383,0.01,0.024165790499999996,-0.0021403131000000525,0,-0.07947916666666671,-0.08499166666666536,0,1,335,2
1995,-576451651250,1.8596158496308788,3.114185267913784,0.0,0.0,0.0,0.0,1,2422394,0.011,0.018181690499999983,-0.01590374310000005,0,-0.17572916666666671,0.12500833333333472,0,0,335,-1
1999,-576451651212,1.859615663117745,3.114193850499027,9.277227658628659e-5,5.711558345445456e-4,0.018845936282137224,0.016617882962511946,0,2422435,0.011,0.015788050499999973,0.020599266899999955,0,-0.3157291666666667,0.16875833333333468,0,0,335,-1
2000,-576451651200,1.8596179650328957,3.1142010740835393,3.2024212751555507e-4,7.447424207693302e-4,0.03192862336616503,0.010642386843523798,0,2422446,0.011,0.009803950499999978,0.03376428689999994,0,-0.23697916666666669,0.21250833333333463,0,0,335,-1
2001,-576451651190,1.8580255512726878,3.1153175448959156,1.8084185099021097e-5,0.001415080955434923,0.03931079455855618,0.017778958038474266,0,2422457,0.011,0.01878010049999997,0.04034679689999995,0,-0.1844791666666667,0.020008333333334738,0,1,336,1
2002,-576451651179,1.8580280598723495,3.1153342748742903,4.4056649621000216e-4,0.0016233432866033343,0.03287243827507753,0.026003793852080837,0,2422468,0.011,0.027157840499999992,0.03196905689999995,0,-0.1669791666666667,-0.1549916666666653,0,0,336,-1
2003,-576451651169,1.858034013163136,3.115351822835933,7.547487247264661e-4,0.001885564060259157,0.022634225367817604,0.02754061535067166,0,2422478,0.01,0.02775625049999998,0.021197676899999948,0,-0.28947916666666673,-0.08499166666666536,0,0,336,-1
2004,-576451651159,1.8580427332108074,3.115371995453759,9.874325261502376e-4,0.002151649204766298,0.02714698996200643,0.020907613119719493,0,2422488,0.01,0.019976920499999974,0.027780186899999948,0,-0.1319791666666667,0.04625833333333462,0,0,336,-1
2005,-576451651147,1.8580538329806864,3.1153945263793466,0.0012383242243701512,0.0023558976054106544,0.012483733898271065,0.01746755359038244,0,2422498,0.01,0.016984870499999978,0.01042629689999994,0,-0.14947916666666672,-0.02374166666666533,0,0,336,-1
2006,-576451651139,1.8580668572063854,3.1154190775373563,0.0013657842954246904,0.0025491241567007212,0.014352899714014855,0.03068847146842141,0,2422508,0.01,0.03254353049999999,0.01461516689999996,0,-0.10572916666666671,-0.05874166666666536,0,0,336,-1
2007,-576451651129,1.8473381057724545,3.103841795380307,-0.0027039540580396076,-0.0024848102748106183,0.001987486739664031,0.019194522656490274,0,2422518,0.01,0.017583280499999982,2.5332689999994204e-4,0,-0.10572916666666671,-0.049991666666665324,0,1,337,2
2008,-576451651119,1.8473111096637573,3.103817922764406,0.0,0.0,0.0,0.0,1,2422528,0.01,0.021173740499999982,-0.00513236310000005,0,-0.0969791666666667,0.13375833333333476,0,0,337,-1
2009,-576451651108,1.8473111491981966,3.10381805639157,6.202263843224802e-6,2.0899345743729085e-5,0.004420373570475549,0.014894927167629765,0,2422538,0.01,0.016984870499999978,0.005040606899999948,0,-0.2982291666666667,0.08125833333333476,0,0,337,-1
2010,-576451651098,1.847311545367298,3.103819201088446,6.366547995672667e-5,1.867397804106986e-4,0.010212061174688836,0.016202931273622028,0,2422549,0.011,0.016386460499999974,0.011024706899999943,0,-0.2282291666666667,0.08125833333333476,0,0,337,-1
2011,-576451651088,1.8473127725957632,3.1038218850200625,1.779609173103026e-4,3.4974163052837245e-4,0.018796371510603264,0.016888654949078524,0,2422559,0.01,0.016984870499999978,0.02000085689999995,0,-0.1669791666666667,0.14250833333333457,0,0,337,-1
2012,-576451651069,1.8473154731003854,3.103826222886247,3.629848557079832e-4,5.180094225910481e-4,0.016703984756830194,0.016448254196949556,0,2422569,0.01,0.016386460499999974,0.01641039689999995,0,-0.2807291666666667,-0.05874166666666536,0,0,337,-1
2013,-576451651065,1.8473206823978683,3.1038327947939113,5.767744722300954e-4,6.812350539598982e-4,0.036388057012648176,0.004848964895575349,0,2422580,0.011,0.0032214404999999792,0.03914997689999995,0,-0.1407291666666667,0.10750833333333465,0,0,337,-1
2014,-576451651055,1.8415473797848414,3.1077975297782867,-0.001448465981862967,0.0026869293656853446,0.02621487019272202,0.011294010483396195,0,2422591,0.011,0.012197590499999989,0.02478813689999994,0,-0.1144791666666667,-0.006241666666665369,0,1,338,1
2015,-576451651045,1.8415342682861178,3.1078250546334645,-0.001176915188609469,0.0028136639609797373,0.03283535116801515,0.02100762035553784,0,2422601,0.01,0.02237056049999997,0.03376428689999994,0,-0.3332291666666667,0.08125833333333476,0,0,338,-1
2016,-576451651034,1.8415232566726738,3.107857293942408,-8.233033023819795e-4,0.003047376391828089,0.027877434240778515,0.022727631559154738,0,2422612,0.011,0.022968970499999974,0.02718177689999995,0,-0.4644791666666667,0.09875833333333461,0,0,338,-1
2017,-576451651025,1.841516372665052,3.1078888766916966,-5.513496067990602e-4,0.0032704864772263114,0.023069157818796003,0.019790610976531724,0,2422622,0.01,0.019378510499999974,0.022394496899999946,0,-0.2107291666666667,0.0637583333333347,0,0,338,-1
2018,-576451651015,1.841511883858255,3.1079225630696214,-3.406596718656135e-4,0.0034671475008533834,0.008833304046803228,0.01890444113790577,0,2422632,0.01,0.01878010049999997,0.00683583689999994,0,-0.1932291666666667,0.09875833333333461,0,0,338,-1
2019,-576451650975,1.8415088701320725,3.1079582071056424,-2.5994002014785795e-4,0.003660457588903681,0.0034081793020464476,0.021944063692149303,0,2422642,0.01,0.02237056049999997,0.0026469668999999536,0,-0.24572916666666672,0.0637583333333347,0,0,338,-1
2020,-576451650974,1.8329329915455643,3.0986880562817896,-0.003577213698852715,-3.740913921712577e-4,0.00169036593838103,0.022841608786210738,0,2422653,0.011,0.022968970499999974,0.0014501468999999479,0,-0.2544791666666667,0.23875833333333474,0,1,339,2
2021,-576451650974,1.8328937421885103,3.0986853244004777,-0.0035589443679149174,-1.2266154527504531e-4,0.0014797052164777205,0.022953298978422416,0,2422664,0.011,0.022968970499999974,0.0014501468999999479,0,-0.1932291666666667,0.10750833333333465,0,0,339,-1
2022,-576451650972,1.8328582413138743,3.098685186596099,-0.0035419483494275815,9.794798090246935e-5,0.003028115675539605,0.01666971534885795,0,2422674,0.01,0.015788050499999973,0.0032453768999999395,0,-0.06197916666666671,0.0637583333333347,0,0,339,-1
2023,-576451650962,1.8328230509681962,3.0986870258072745,-0.003499600653786186,2.6872062538470655e-4,0.011615079230945671,0.019569977664939286,0,2422684,0.01,0.019976920499999974,0.012819936899999952,0,-0.1844791666666667,0.10750833333333465,0,0,339,-1
2024,-576451650953,1.832788739633537,3.098690590869849,-0.003367237788432814,4.487190459298117e-4,0.023167227041289866,0.008381748106711223,0,2422694,0.01,0.00681190049999998,0.02478813689999994,0,-0.1932291666666667,0.011258333333334702,0,0,339,-1
2028,-576451650912,1.8327570470260928,3.0986958406548992,0.0,0.0,0.0,0.0,1,2422735,0.01,0.011000770499999982,0.027780186899999948,0,-0.12322916666666671,0.04625833333333462,0,0,339,-1
2029,-576451650902,1.8327573100645962,3.098696041805712,4.0863919042074165e-5,3.1249457546119446e-5,0.029084903583815096,0.02224180844819927,0,2422745,0.01,0.025362610499999983,0.033165876899999946,0,-0.3682291666666667,0.1512583333333346,0,0,339,-1
2030,-576451650892,1.8327590352226377,3.098697467406216,3.102231784311176e-4,2.538259939013774e-4,0.01377174350572561,0.02235471790101225,0,2422755,0.01,0.02237056049999997,0.011623116899999963,0,-0.17572916666666671,-0.18999166666666534,0,0,339,-1
2031,-576451650882,1.8327627147987633,3.0987011188113267,4.3056988301779664e-4,4.766563247425339e-4,0.0013919550268940133,0.021843833875825627,0,2422765,0.01,0.021772150499999966,-3.450831000000438e-4,0,-0.12322916666666671,-0.10249166666666532,0,0,339,-1
2032,-576451650872,1.832767128273124,3.0987070948742255,4.5045167284782237e-4,7.134146957410374e-4,0.005641204418740304,0.03490040180770862,0,2422775,0.01,0.03673240049999998,0.0062374268999999365,0,-0.2107291666666667,-0.032491666666665364,0,0,339,-1
2033,-576451650862,1.8303756595314127,3.096060311766272,-4.4250447190153665e-4,-1.5831871148541806e-4,-0.0022325482092372404,0.03598189143366761,0,2422785,0.01,0.03613399049999998,-0.003337133100000041,0,-0.24572916666666672,-0.05874166666666536,0,1,341,2
2034,-576451650851,1.8303705930698226,3.0960606401242954,0.0,0.0,0.0,0.0,1,2422796,0.011,0.024165790499999996,-0.009321233100000053,0,-0.17572916666666671,0.07250833333333473,0,0,341,-1
2035,-576451650841,1.8303706683568914,3.096060705425523,0.0,0.0,0.0,0.0,1,2422806,0.01,0.008008720499999986,0.009229476899999934,0,-0.0882291666666667,0.0637583333333347,0,0,341,-1
2036,-576451650831,1.8303707083036895,3.0960609065427347,6.210556829120615e-6,3.1249442161146935e-5,0.004420373570475734,0.022241808448199264,0,2422816,0.01,0.025362610499999983,0.005040606899999948,0,-0.3157291666666667,0.05500833333333466,0,0,341,-1
2037,-576451650821,1.8303711520746038,3.0960622377463554,7.548038047960847e-5,2.390970194066786e-4,0.022281937564195352,0.011859173214484871,0,2422826,0.01,0.01040236049999998,0.02478813689999994,0,-0.2282291666666667,0.1512583333333346,0,0,341,-1
2038,-576451650811,1.8303731020267207,3.096065257350764,3.109560819303321e-4,3.632595705601732e-4,0.03130185975537911,0.015829389789564753,0,2422836,0.01,0.016386460499999974,0.032567466899999946,0,-0.1407291666666667,0.24750833333333477,0,0,341,-1
2039,-576451650801,1.8303777913672443,3.096069643370971,6.26268308890558e-4,5.156119656075973e-4,0.03293651452700903,0.011594919315487184,0,2422846,0.01,0.011000770499999982,0.033165876899999946,0,-0.17572916666666671,0.12500833333333472,0,0,341,-1
2040,-576451650790,1.82615755690175,3.098926404982433,-7.775442141523779e-4,0.0020376258716931295,0.027364723523421043,0.011074283756200363,0,2422857,0.011,0.011000770499999982,0.02658336689999995,0,-0.2807291666666667,-0.006241666666665369,0,1,342,1
2041,-576451650779,1.8261506701617232,3.098949612074053,-4.7516139788176105e-4,0.0021771378761919224,0.028253842466161583,0.02255491526665071,0,2422868,0.011,0.024165790499999996,0.02837859689999995,0,-0.1319791666666667,0.05500833333333466,0,0,342,-1
2042,-576451650768,1.826147322340611,3.098972440844738,-1.9395814179262892e-4,0.002392023952244102,0.027313691728662375,0.015046363585222962,0,2422878,0.01,0.01399282049999998,0.02718177689999995,0,-0.026979166666666707,0.08125833333333476,0,0,342,-1
2043,-576451650759,1.8261466381257823,3.098997043268849,6.205542874021503e-5,0.0025316027631600417,0.01512813228079773,0.007300352140195079,0,2422888,0.01,0.006213490499999994,0.013418346899999954,0,-0.24572916666666672,0.0637583333333347,0,0,342,-1
2044,-576451650749,1.82614794495333,3.099022748783309,2.0239496758498035e-4,0.002608423923405251,0.007331404651002711,0.010020666586671063,0,2422898,0.01,0.01040236049999998,0.0062374268999999365,0,-0.2019791666666667,0.09875833333333461,0,0,342,-1
2045,-576451650737,1.8261502325390422,3.099049365357607,0.0,0.0,0.0,0.0,1,2422908,0.01,0.01399282049999998,-0.005730773100000052,0,-0.12322916666666671,0.020008333333334738,0,0,342,-1
2046,-576451650729,1.8240268059370717,3.0966957475079324,-8.396746026775643e-4,-0.0010496627813392217,-0.003976219628850327,0.02539019373633738,0,2422918,0.01,0.028953070499999983,-0.004533953100000047,0,-0.2807291666666667,0.05500833333333466,0,1,343,2
2047,-576451650719,1.8240182162228948,3.0966864267719494,-8.786501036818574e-4,-8.105209314715962e-4,-0.003415771004813823,0.014870459857665554,0,2422928,0.01,0.013394410499999978,-0.003337133100000041,0,-0.0182291666666667,0.08125833333333476,0,0,343,-1
2048,-576451650709,1.824009457454499,3.0966790627524228,-8.81785335749014e-4,-6.621599780880444e-4,0.018693834555784265,0.014625588932950712,0,2422938,0.01,0.014591230499999983,0.021796086899999942,0,-0.1407291666666667,0.13375833333333476,0,0,343,-1
2049,-576451650699,1.8240016128740868,3.0966731910145366,-6.888207699503986e-4,-5.130010580041497e-4,0.022988694668014554,0.01669456715148532,0,2422948,0.01,0.016984870499999978,0.023591316899999944,0,-0.12322916666666671,0.028758333333334773,0,0,343,-1
2050,-576451650688,1.823995944854785,3.0966689451659013,-4.478837259469838e-4,-3.383349000828423e-4,0.030864047110905346,0.02219692178506703,0,2422958,0.01,0.022968970499999974,0.03196905689999995,0,-0.1669791666666667,0.09000833333333458,0,0,343,-1
2051,-576451650679,1.823993055644515,3.0966666353127104,0.0,0.0,0.0,0.0,1,2422968,0.01,0.017583280499999982,0.03675633689999996,0,-0.21947916666666673,0.04625833333333462,0,0,343,-1
2052,-576451650668,1.8239934363211303,3.0966667799832925,0.0,0.0,0.0,0.0,1,2422979,0.011,0.015788050499999973,0.04154361689999995,0,-0.2107291666666667,0.08125833333333476,0,0,343,-1
2053,-576451650657,1.818785387902659,3.1001613261825707,-0.002109340795323424,0.0017222129048389565,0.03118351885555858,0.01174678672108204,0,2422990,0.011,0.013394410499999978,0.03555951689999995,0,-0.2807291666666667,-0.05874166666666536,0,1,344,1
2054,-576451650647,1.8187657631974368,3.100179182648775,-0.0018114317120631936,0.0018469489689507716,0.021376853837536767,0.016865115397829873,0,2423000,0.01,0.017583280499999982,0.02000085689999995,0,-0.1932291666666667,-0.006241666666665369,0,0,344,-1
2057,-576451650612,1.81871607315181,3.100240874122406,-0.0017054168424264968,0.0022375053862009058,-0.004026989088850089,0.020385168174279225,0,2423030,0.01,0.021772150499999966,-0.0027387231000000553,0,-0.2107291666666667,0.13375833333333476,0,0,344,-1
2058,-576451650605,1.8186988230692074,3.1002642133539733,-0.0017448378814982578,0.0024327551019238075,-0.0034220180524165223,0.014254604717528662,0,2423040,0.01,0.013394410499999978,-0.003337133100000041,0,-0.12322916666666671,0.16000833333333464,0,0,344,-1
2059,-576451650596,1.8126636726654721,3.0936144077212773,-0.004102733556422877,-4.846117536715898e-4,0.029712864316686755,0.021895761808518176,0,2423051,0.011,0.022968970499999974,0.03436269689999995,0,-0.2544791666666667,-0.032491666666665364,0,1,345,2
2060,-576451650584,1.8126202592837173,3.0936104851360344,-0.0037874017965090876,-2.3179293547496196e-4,0.022245448160035507,0.029659019059030907,0,2423062,0.011,0.030748300499999975,0.021197676899999948,0,-0.1582291666666667,0.07250833333333473,0,0,345,-1
2061,-576451650574,1.8125799737392558,3.0936096035189276,-0.0035384509996949165,7.649468950295118e-5,0.02500004301891933,0.018019613679704227,0,2423073,0.011,0.016386460499999974,0.025386546899999942,0,-0.1932291666666667,0.05500833333333466,0,0,345,-1
2062,-576451650563,1.8125457832884788,3.093611364369591,-0.003296913602491003,2.710547529441767e-4,0.01904166180913169,0.028132514828707135,0,2423083,0.01,0.029551480499999987,0.01820562689999994,0,-0.17572916666666671,-0.07624166666666532,0,0,345,-1
2063,-576451650554,1.812513726335736,3.09361535975933,-0.003112689339792146,5.334802089459492e-4,0.014635058141132914,0.014683117970991387,0,2423093,0.01,0.012796000499999974,0.014016756899999957,0,-0.4907291666666667,-0.049991666666665324,0,0,345,-1
2064,-576451650544,1.812483132767635,3.0936214138305558,-0.0029972947508333783,6.77988908940902e-4,-0.007423029377166032,0.013028205306971992,0,2423103,0.01,0.012796000499999974,-0.010518053100000058,0,-0.2019791666666667,-0.014991666666665293,0,0,345,-1
2065,-576451650533,1.8124532217012037,3.093628932898182,-0.0030039080595373694,8.219757791506589e-4,0.0407661731019055,0.022795340138728745,0,2423113,0.01,0.024165790499999996,0.04752771689999995,0,-0.2982291666666667,0.04625833333333462,0,0,345,-1
2066,-576451650524,1.810959160418031,3.0946144845545054,-0.003214394822687721,0.001494248758706133,0.03200184684975388,9.070856809584698e-4,0,2423123,0.01,-0.0021642495000000293,0.030772236899999944,0,-0.24572916666666672,0.05500833333333466,0,1,346,1
2067,-576451650513,1.810925252329645,3.0946308147779984,-0.002933697509246461,0.001480893680657683,-0.014732082238546239,-0.014380983463951847,0,2423134,0.011,-0.01652608950000003,-0.021289433100000043,0,-0.1932291666666667,0.14250833333333457,0,0,346,-1
2068,-576451650503,1.8108956676104018,3.0946451659566283,-0.0030065598179116184,0.001376839511206786,0.03776770456726984,0.01365016247324981,0,2423144,0.01,0.017583280499999982,0.045134076899999945,0,-0.3594791666666667,0.07250833333333473,0,0,346,-1
2069,-576451650492,1.8108642644497464,3.0946612559535773,-0.00268067683469757,0.001544289870533317,-0.020844712762944723,0.024970979258156112,0,2423155,0.011,0.02655943049999999,-0.02906876310000006,0,-0.1319791666666667,0.011258333333334702,0,0,346,-1
2070,-576451650481,1.8108363188217524,3.094677789103249,-0.0029038206487127078,0.001769921850973051,-0.031205478892521777,0.007996772580115344,0,2423165,0.01,0.005615080499999991,-0.032659223100000065,0,-0.2019791666666667,-0.006241666666665369,0,0,346,-1
2071,-576451650471,1.8108025526913518,3.0946978580023514,-0.0032378024939519997,0.0018747421041156985,-0.025133462444790332,0.019027572260954747,0,2423176,0.011,0.020575330499999978,-0.02428148310000004,0,-0.2282291666666667,0.011258333333334702,0,0,346,-1
2072,-576451650459,1.8092611243074632,3.0930431346824623,-0.0040664364340126345,0.0012822185457696074,-0.011791781100143747,0.014087346443826554,0,2423186,0.01,0.013394410499999978,-0.009919643100000056,0,-0.24572916666666672,-0.006241666666665369,0,1,347,2
2073,-576451650450,1.8092158891094121,3.0930581441894947,-0.004165571562155933,0.001445070936714443,0.008217198478654405,0.019252224010286843,0,2423197,0.011,0.019976920499999974,0.011024706899999943,0,-0.2719791666666667,0.1512583333333346,0,0,347,-1
2074,-576451650440,1.809174980092997,3.093073690300309,-0.004032266000171908,0.0016578487679838304,0.04426499342103336,0.033531956608708606,0,2423207,0.01,0.03553558049999998,0.04932294689999995,0,-0.0707291666666667,-0.04124166666666529,0,0,347,-1
2075,-576451650429,1.8091370579619115,3.0930917856563456,-0.0035605270636195363,0.0019683562146240014,0.06496867338399195,0.01587228221648947,0,2423217,0.01,0.013394410499999978,0.06787365689999995,0,-0.2544791666666667,0.028758333333334773,0,0,347,-1
2076,-576451650419,1.8091016902409507,3.093114528802872,-0.0028652127366577563,0.0021620631014419894,0.05229766657643581,0.028393068613467985,0,2423228,0.011,0.03014989049999999,0.05051976689999994,0,-0.3069791666666667,0.14250833333333457,0,0,347,-1
2077,-576451650310,1.8090756629179727,3.093137466091514,-0.0023407259394606435,0.0024303159653070124,0.05336241891823566,0.01733906459578858,0,2423238,0.01,0.015788050499999973,0.05351181689999994,0,-0.1582291666666667,-0.08499166666666536,0,0,347,-1
2078,-576451650309,1.8090550531091916,3.0931628517159666,-0.0017870103817759096,0.002637186335056364,0.06766241920082078,0.0411682059244537,0,2423248,0.01,0.044511730499999985,0.06966888689999995,0,-0.0182291666666667,0.0637583333333347,0,0,347,-1
2079,-576451650309,1.8090403553989627,3.093191218683844,-0.001143266393099331,0.003038990670677696,0.044232689115870305,0.03412955120375354,0,2423258,0.01,0.03314194049999999,0.04094520689999995,0,-0.2107291666666667,-0.05874166666666536,0,0,347,-1
2080,-576451650308,1.8090303596074637,3.093226319474223,-6.707177746936075e-4,0.0033570298652853257,0.03505239606819315,-0.003470943021332766,0,2423269,0.011,-0.00874675950000001,0.03376428689999994,0,-0.23697916666666669,0.002508333333334667,0,0,347,-1
2081,-576451650308,1.8090251989680939,3.09325988334744,-3.51566903215414e-4,0.003347762439039653,0.012931695948668775,0.014467836821285083,0,2423279,0.01,0.016984870499999978,0.009827886899999937,0,-0.2544791666666667,-0.07624166666666532,0,0,347,-1
2082,-576451650308,1.8090222245853955,3.0932940568662826,-2.3860836501353366e-4,0.0034881690082492955,0.0012885893997763645,0.011427383828671166,0,2423289,0.01,0.011000770499999982,-3.450831000000438e-4,0,-0.0444791666666667,-0.014991666666665293,0,0,347,-1
2083,-576451650307,1.8090199938824412,3.093329364965508,-2.1153113460998716e-4,0.003579824384832825,0.011401035129666618,-0.004690052889538943,0,2423299,0.01,-0.0069515295000000185,0.012819936899999952,0,-0.3069791666666667,0.16000833333333464,0,0,347,-1
2087,-576451650228,1.8090112677857577,3.0934757030977464,-4.678193623579546e-4,0.0037330605142668963,-0.017279634326348724,0.017623756116211836,0,2423340,0.011,0.018181690499999983,-0.01769897310000006,0,-0.21947916666666673,-0.04124166666666529,0,0,347,-1
2088,-576451650227,1.8071623035781958,3.0947579628711135,-0.0014023313421114743,0.00452765118712809,-0.008726327878699893,0.018637990446808004,0,2423351,0.011,0.01878010049999997,-0.007526003100000061,0,-0.3157291666666667,0.028758333333334773,0,1,348,1
2089,-576451650227,1.8071464579099257,3.0948089589298253,-0.0014829297222071654,0.004741769579062917,0.001247513098459727,0.024535163811912897,0,2423362,0.011,0.025362610499999983,0.0026469668999999536,0,-0.2982291666666667,0.08125833333333476,0,0,348,-1
2090,-576451650226,1.8071303826973848,3.0948626734715736,-0.0014462544370326571,0.005021685735785355,0.016118975908513078,0.03103334495402718,0,2423373,0.011,0.03194512049999998,0.01820562689999994,0,-0.23697916666666669,-0.04124166666666529,0,0,348,-1
2091,-576451650226,1.8071168565825755,3.0949144347376794,-0.0012653216568841606,0.005330918752403942,0.03001874641128114,0.030258597230831213,0,2423383,0.01,0.03014989049999999,0.03196905689999995,0,-0.1844791666666667,0.07250833333333473,0,0,348,-1
2092,-576451650225,1.8071057197898364,3.0949692179760975,-9.627307552254865e-4,0.005627471223874921,0.031729076359556685,0.02596504870071939,0,2423393,0.01,0.025362610499999983,0.03196905689999995,0,0.0780208333333333,0.002508333333334667,0,0,348,-1
2093,-576451650225,1.8070978602175691,3.0950268286752847,-6.171589845150717e-4,0.005893008471919399,0.05188106283446384,0.030159734034041184,0,2423403,0.01,0.030748300499999975,0.054708636899999954,0,-0.24572916666666672,-0.10249166666666532,0,0,348,-1
2094,-576451650225,1.8070941917864376,3.095087153492359,-1.1254129020933445e-4,0.0061769214309998445,0.04176605777593738,0.01755644809696131,0,2423413,0.01,0.015788050499999973,0.04034679689999995,0,-0.2719791666666667,-0.006241666666665369,0,0,348,-1
2095,-576451650173,1.807095190643222,3.095149763021058,3.1073621703613845e-4,0.006346628290758918,0.04576920553528359,0.013381760969257927,0,2423423,0.01,0.012796000499999974,0.04633089689999995,0,-0.1844791666666667,0.08125833333333476,0,0,348,-1
2096,-576451650173,1.8051278721790631,3.096564289672723,-1.0602584409914089e-5,0.007121547716220021,0.03629082948460384,2.7361823713591035e-4,0,2423434,0.011,-0.0015658395000000265,0.03496110689999995,0,-0.1582291666666667,0.011258333333334702,0,1,350,1
2097,-576451650172,1.8051295162334056,3.096635474347799,3.424649349645875e-4,0.007117530373271155,0.029352176164816106,-0.0044881625030174874,0,2423444,0.01,-0.005156299500000027,0.02837859689999995,0,-0.10572916666666671,0.020008333333334738,0,0,350,-1
2098,-576451650172,1.8051342350269262,3.096706533598227,6.089816051960053e-4,0.007089520740389041,0.010131190048690189,0.007520566611819974,0,2423454,0.01,0.009205540499999991,0.007434246899999943,0,0.05177083333333331,0.011258333333334702,0,0,350,-1
2099,-576451650172,1.8051407346003592,3.0967776340591024,0.0,0.0,0.0,0.0,1,2423464,0.01,-0.014132449500000019,-0.0021403131000000525,0,0.21802083333333333,-0.006241666666665369,0,0,350,-1
2100,-576451650171,1.8051408026138265,3.0967776641606153,0.0,0.0,0.0,0.0,1,2423474,0.01,0.003819850499999965,0.008631066899999948,0,-0.2019791666666667,-0.13749166666666535,0,0,350,-1
2101,-576451650162,1.8062180195646478,3.097972647307524,4.2562936509714773e-4,5.514702654736092e-4,7.05119585456995e-8,1.259919954028212e-7,1,2423484,0.01,0.024764200499999982,-3.450831000000438e-4,0,0.06052083333333329,0.10750833333333465,0,1,351,2
2102,-576451650152,1.806222696712265,3.0979789057140823,0.0,0.0,0.0,0.0,1,2423495,0.011,0.021173740499999982,-3.450831000000438e-4,0,-0.24572916666666672,0.011258333333334702,0,0,351,-1
2103,-576451650142,1.8062227912181315,3.097979239527094,0.0,0.0,0.0,0.0,1,2423505,0.01,0.04092127049999998,0.011623116899999963,0,-0.07947916666666671,0.10750833333333465,0,0,351,-1
2104,-576451650131,1.8062228738660466,3.097979483343984,0.0,0.0,0.0,0.0,1,2423515,0.01,0.030748300499999975,0.01042629689999994,0,-0.1144791666666667,0.09875833333333461,0,0,351,-1
2105,-576451650120,1.8040999035299097,3.0994088756723124,-8.366637902761634e-4,7.316596544844419e-4,0.02331214484306967,0.02801457833387795,0,2423526,0.011,0.03194512049999998,0.02658336689999995,0,-0.26322916666666674,-0.05874166666666536,0,1,352,1
2106,-576451650109,1.8040921695044156,3.099418627975446,-5.717644104625836e-4,0.0010410886932760398,0.028804737861011405,0.028837591524462382,0,2423537,0.011,0.028953070499999983,0.029575416899999946,0,-0.1669791666666667,0.09875833333333461,0,0,352,-1
2107,-576451650098,1.8040875903265639,3.099431882647241,-2.595380747594749e-4,0.0013665566970854947,0.02580714624503088,0.03418663346115762,0,2423548,0.011,0.034937170499999975,0.025386546899999942,0,-0.1582291666666667,0.09000833333333458,0,0,352,-1
2108,-576451650088,1.8040864067745008,3.099448819121655,3.997011658465129e-5,0.0017193272101837852,0.035933845222019964,0.019101501875298292,0,2423559,0.011,0.016984870499999978,0.03735474689999995,0,-7.291666666666974e-4,0.2825083333333347,0,0,352,-1
2109,-576451650078,1.8040885212525648,3.099466900770197,3.8691612672447977e-4,0.001900251870850734,0.027209141259433148,0.011997544041789671,0,2423569,0.01,0.011000770499999982,0.025984956899999946,0,-0.2282291666666667,0.09000833333333458,0,0,352,-1
2110,-576451650067,1.804093722140862,3.0994863384326288,6.545491635811726e-4,0.0019946633570097514,0.024036480605998337,-0.00619422788830357,0,2423579,0.01,-0.00874675950000001,0.023591316899999944,0,-0.26322916666666674,0.028758333333334773,0,0,352,-1
2111,-576451650057,1.8031217651715823,3.0984247275205647,5.028111076225339e-4,0.001444184636539468,0.019972585242666294,4.884154257662411e-4,0,2423589,0.01,0.001426210499999971,0.01940244689999995,0,-0.2807291666666667,-0.04124166666666529,0,1,353,2
2112,-576451650046,1.8031284054203955,3.0984407662522906,7.081306603249032e-4,0.0014676313343089248,0.010551387929560237,0.012331139220613194,0,2423600,0.011,0.01399282049999998,0.009229476899999934,0,-0.1144791666666667,-0.16374166666666534,0,0,353,-1
2114,-576451649996,1.8031444460179253,3.098471730548104,8.830492485250085e-4,0.0015814719615021662,0.004332779037667897,0.012159632995859832,0,2423620,0.01,0.01399282049999998,0.0038437868999999423,0,-0.3769791666666667,-0.08499166666666536,0,0,353,-1
2115,-576451649995,1.8031535506488057,3.098488214904847,9.353490718938265e-4,0.0017126888278067756,0.01072606013373821,0.019015023975884816,0,2423630,0.01,0.019976920499999974,0.011623116899999963,0,-0.26322916666666674,0.020008333333334738,0,0,353,-1
2116,-576451649995,1.8031634380802528,3.098506337848644,0.0010422408150567487,0.001909913419221047,0.010463181972019826,0.02405677955480102,0,2423640,0.01,0.024764200499999982,0.01042629689999994,0,-0.17572916666666671,-0.04124166666666529,0,0,353,-1
2117,-576451649994,1.8031743503524986,3.098526701974539,0.0011416729422054704,0.0021601876333982644,0.006757394870141139,0.03097448103814015,0,2423650,0.01,0.03194512049999998,0.0062374268999999365,0,-0.0969791666666667,-0.006241666666665369,0,0,353,-1
2118,-576451649987,1.7998701929430854,3.1007699345505904,-1.6006379499887945e-4,0.003543613990034899,0.0036772389410788223,0.03182598314959029,0,2423660,0.01,0.03194512049999998,0.0032453768999999395,0,-0.2544791666666667,0.13375833333333476,0,1,354,1
2119,-576451649977,1.7998688009343922,3.1008069724375793,-1.194048830509991e-4,0.003863493110558656,0.006447179786370172,0.03298001543320894,0,2423670,0.01,0.03314194049999999,0.00683583689999994,0,-0.1582291666666667,0.09000833333333458,0,0,354,-1
2120,-576451649966,1.7998679632140349,3.1008514074085367,-3.595228728829349e-5,0.0042176801392662285,0.014659672186380937,0.027349466471783095,0,2423681,0.011,0.02655943049999999,0.01581198689999995,0,-0.10572916666666671,0.16875833333333468,0,0,354,-1
2121,-576451649956,1.7998683949747594,3.1008949892299316,1.1952035762902812e-4,0.004496890654720923,0.02091796996953795,0.03137963744293748,0,2423691,0.01,0.03194512049999998,0.021796086899999942,0,-0.1669791666666667,-0.04124166666666529,0,0,354,-1
2122,-576451649946,1.7998706098183204,3.1009414461760394,3.2462085393906217e-4,0.0047981122693860085,0.018014596297022976,0.022429549089576593,0,2423701,0.01,0.021173740499999982,0.01760721689999996,0,-0.1319791666666667,0.028758333333334773,0,0,354,-1
2123,-576451649935,1.7998748054614895,3.1009904586341883,0.0,0.0,0.0,0.0,1,2423711,0.01,0.011000770499999982,0.024189726899999948,0,-0.2282291666666667,-0.04124166666666529,0,0,354,-1
2124,-576451649924,1.800068904581584,3.101204530612101,7.640529107821018e-5,9.848796857824347e-5,1.5729450873098572e-8,2.8231722941044338e-8,1,2423722,0.011,0.001426210499999971,0.02658336689999995,0,-0.21947916666666673,-0.13749166666666535,0,1,355,2
2125,-576451649913,1.8000699781809948,3.1012056541057524,0.0,0.0,0.0,0.0,1,2423733,0.011,0.004418260499999968,0.02478813689999994,0,-0.1844791666666667,-0.11124166666666535,0,0,355,-1
2126,-576451649903,1.8000702254270387,3.1012057016530123,3.516515465429075e-5,6.788917316894525e-6,0.022787576771898417,0.004399382481102258,0,2423744,0.011,0.005016670499999971,0.025984956899999946,0,-0.2719791666666667,-0.049991666666665324,0,0,355,-1
2127,-576451649893,1.8000717477212482,3.101205871453483,2.677689115894479e-4,3.2917357336503185e-5,0.026116304977490668,-0.008178716014061782,0,2423754,0.01,-0.009943579500000016,0.02658336689999995,0,-0.12322916666666671,-0.014991666666665293,0,0,355,-1
2128,-576451649881,1.8000756541490317,3.101205953495967,5.16971048960162e-4,-2.375940768059549e-5,0.01760468318385161,0.009690339947963783,0,2423764,0.01,0.012197590499999989,0.01641039689999995,0,-0.2019791666666667,0.2825083333333347,0,0,355,-1
2129,-576451649873,1.8000816946723215,3.101206154107902,6.915480699374745e-4,6.591916682741742e-5,0.01655735066428544,0.004542198679193898,0,2423774,0.01,0.003819850499999965,0.01641039689999995,0,-0.2982291666666667,0.10750833333333465,0,0,355,-1
2130,-576451649862,1.798650747004782,3.102165298463771,2.5900636130807275e-4,6.032059115305987e-4,0.013279691466919864,0.024375176452744576,0,2423784,0.01,0.027157840499999992,0.012819936899999952,0,-0.3069791666666667,-0.2862416666666653,0,1,356,1
2131,-576451649852,1.7986543579847813,3.1021735099714958,3.9886177038317834e-4,8.862694063040585e-4,0.009203067841574417,0.034162322339137303,0,2423795,0.011,0.03553558049999998,0.008631066899999948,0,-0.17572916666666671,0.09000833333333458,0,0,356,-1
2132,-576451649841,1.798658670212127,3.1021840723599237,4.7008569288804893e-4,0.0012266234871758648,-0.005467535225835863,0.03326749578293096,0,2423805,0.01,0.03314194049999999,-0.007526003100000061,0,-0.1669791666666667,0.020008333333334738,0,0,356,-1
2133,-576451649831,1.7986630766371616,3.1021981053745438,4.121367886327759e-4,0.001575364459995911,-0.007797491314047644,0.044702488900224706,0,2423815,0.01,0.04630696049999997,-0.008124413100000064,0,-0.2107291666666667,-0.09374166666666528,0,0,356,-1
2134,-576451649822,1.7986668669083483,3.102216059601156,3.4333336403953476e-4,0.002016999452245985,-0.0012620821938139955,0.04086176217565935,0,2423825,0.01,0.04032286049999998,-3.450831000000438e-4,0,-0.1407291666666667,0.04625833333333462,0,0,356,-1
2135,-576451649811,1.7986703245281732,3.102238150548294,3.4435872952946864e-4,0.002406545395071783,0.008463295573630712,0.027269740065805848,0,2423835,0.01,0.025362610499999983,0.009827886899999937,0,-0.3682291666666667,-0.006241666666665369,0,0,356,-1
2136,-576451649800,1.7986746644256018,3.1022661671545517,4.4328583665115696e-4,0.0026911456346853345,0.012283863722899633,0.01720084199301706,0,2423846,0.011,0.015788050499999973,0.012819936899999952,0,-0.3069791666666667,0.020008333333334738,0,0,356,-1
2137,-576451649787,1.7938050854890948,3.096915058252568,-0.001335254501281028,4.0008187880288424e-4,0.017476555183050288,0.014911591588690857,0,2423857,0.011,0.014591230499999983,0.01820562689999994,0,-0.14947916666666672,-0.014991666666665293,0,1,357,2
2138,-576451649779,1.7937927314654543,3.096919679647803,-0.001141694721483822,5.301678519138086e-4,0.03071057017993862,0.001511219225372406,0,2423867,0.01,-3.6901950000002077e-4,0.032567466899999946,0,-0.2019791666666667,0.028758333333334773,0,0,357,-1
2139,-576451649769,1.7937821913716618,3.096925613052963,-7.805379036545795e-4,5.482812714984e-4,0.04598318876887883,0.0024862250671727998,0,2423878,0.011,0.0026230304999999765,0.04812612689999995,0,-0.2107291666666667,0.03750833333333459,0,0,357,-1
2140,-576451649758,1.7937765998982798,3.096931216410295,-3.336728199676232e-4,5.725693008853e-4,0.036842122117459505,0.0020814197194791197,0,2423888,0.01,0.0020246204999999737,0.03555951689999995,0,-0.1319791666666667,-0.11124166666666535,0,0,357,-1
2141,-576451649749,1.7937750713680725,3.0969370362306097,0.0,0.0,0.0,0.0,1,2423898,0.01,8.278004999999679e-4,0.032567466899999946,0,-0.06197916666666671,-0.006241666666665369,0,0,357,-1
2144,-576451649613,1.793775332562125,3.0969374045004945,8.502101162086553e-6,2.2613554743090645e-5,0.005994705273454839,0.01594448163628284,0,2423929,0.01,0.018181690499999983,0.00683583689999994,0,-0.3769791666666667,0.14250833333333457,0,0,357,-1
2145,-576451649613,1.7937755816092906,3.0969385595076004,4.736635202207029e-5,2.025101866019843e-4,-0.009010979148788276,0.03050106149816641,0,2423939,0.01,0.03254353049999999,-0.011116463100000062,0,-0.2719791666666667,0.13375833333333476,0,0,357,-1
2146,-576451649612,1.7937756400355125,3.096942083293546,-3.723367724673574e-5,5.034063844359766e-4,-0.005084839298367661,0.02756921498965282,0,2423949,0.01,0.027157840499999992,-0.004533953100000047,0,-0.2807291666666667,0.1512583333333346,0,0,357,-1
2147,-576451649612,1.7937749942200156,3.0969484359896504,-9.108591803646782e-5,7.69756229186726e-4,-0.0072256243593764955,0.020911132229552966,0,2423959,0.01,0.019976920499999974,-0.007526003100000061,0,-0.2019791666666667,-0.09374166666666528,0,0,357,-1
2148,-576451649612,1.7937736678489014,3.096957289620597,-1.7181139489416745e-4,9.961262628108544e-4,-0.013261591869078104,0.033211303637318536,0,2423969,0.01,0.034937170499999975,-0.014108513100000058,0,-0.06197916666666671,0.09000833333333458,0,0,357,-1
2149,-576451649611,1.7937710994388962,3.0969702940417543,-2.996008004774466e-4,0.001366964070853028,-0.00140964806168465,0.036823916090630585,0,2423980,0.011,0.03733081049999997,2.5332689999994204e-4,0,-0.10572916666666671,0.08125833333333476,0,0,357,-1
2150,-576451649611,1.7937682958648429,3.0969856867986847,-2.7367102318681685e-4,0.0017172268534586899,0.026812341185824946,0.024149007627224724,0,2423990,0.01,0.02237056049999997,0.030772236899999944,0,-0.0707291666666667,0.16875833333333468,0,0,357,-1
2151,-576451649610,1.7937668837177105,3.097004009698844,0.0,0.0,0.0,0.0,1,2424000,0.01,0.016984870499999978,0.02478813689999994,0,-0.2107291666666667,0.0637583333333347,0,0,357,-1
2152,-576451649610,1.793767183065597,3.097004063426338,0.0,0.0,0.0,0.0,1,2424010,0.01,0.00681190049999998,0.03795315689999995,0,-0.1844791666666667,0.09875833333333461,0,0,357,-1
2153,-576451649610,1.7937675057203255,3.097004098242932,0.0,0.0,0.0,0.0,1,2424020,0.01,0.004418260499999968,0.04094520689999995,0,-0.2282291666666667,-0.08499166666666536,0,0,357,-1
2154,-576451649610,1.7937678377600195,3.0970041189099553,0.0,0.0,0.0,0.0,1,2424030,0.01,0.0026230304999999765,0.04214202689999995,0,-0.1144791666666667,0.03750833333333459,0,0,357,-1
2156,-576451649510,1.7945174720164665,3.0978539405432133,2.949890176112207e-4,3.908090411279046e-4,6.939338366573599e-8,1.2483521006399587e-7,1,2424052,0.012,-0.005156299500000027,0.028977006899999953,0,-0.17572916666666671,0.10750833333333465,0,1,359,2
2157,-576451649509,1.794520787631293,3.097858397504694,0.0,0.0,0.0,0.0,1,2424063,0.011,0.016386460499999974,0.007434246899999943,0,-0.10572916666666671,0.04625833333333462,0,0,359,-1
2158,-576451649509,1.794520779635528,3.097858528001636,-1.1766256909232806e-6,1.9687898720841595e-5,-8.273987727882069e-4,0.013845372698976892,0,2424073,0.01,0.015788050499999973,-9.434931000000467e-4,0,-0.3769791666666667,-0.1287416666666653,0,0,359,-1
2159,-576451649509,1.7945206542213312,3.0978595039270296,-2.065689304670038e-5,1.7159917863304565e-4,-0.008800866515395876,0.023420667656458834,0,2424083,0.01,0.024764200499999982,-0.009919643100000056,0,-0.07947916666666671,0.03750833333333459,0,0,359,-1
2160,-576451649508,1.7945200743238094,3.0978623921087363,-9.825882278197158e-5,4.0598641775880417e-4,-0.0013855448550054968,0.023549327873155876,0,2424093,0.01,0.023567380499999974,-3.450831000000438e-4,0,-0.5082291666666667,0.11625833333333468,0,0,359,-1
2161,-576451649508,1.7945190070783752,3.0978677710550357,-1.1451570928610538e-4,6.635922931922874e-4,-0.0030969953350310476,0.03930847620186839,0,2424103,0.01,0.04151968049999998,-0.003337133100000041,0,-0.14947916666666672,-0.014991666666665293,0,0,359,-1
2162,-576451649508,1.7945177240392112,3.097876370964342,-1.4283582700274646e-4,0.001056452572218041,-0.0012084758466949174,0.03914848872995299,0,2424113,0.01,0.03912604049999998,-9.434931000000467e-4,0,-0.4732291666666667,0.03750833333333459,0,0,359,-1
2163,-576451649507,1.794516180862235,3.0978902724855883,-1.4135820659846992e-4,0.0014742414978127466,0.008469891692672904,0.030732366946022,0,2424124,0.011,0.029551480499999987,0.009827886899999937,0,-0.28947916666666673,-0.049991666666665324,0,0,359,-1
2164,-576451649408,1.794515387644746,3.097906483205452,-2.668790141633668e-5,0.0017711651604109737,0.02960232409064882,0.023399458637812162,0,2424134,0.01,0.02237056049999997,0.032567466899999946,0,-0.2019791666666667,0.08125833333333476,0,0,359,-1
2165,-576451649407,1.7929841925898529,3.098946684439523,-3.565042855829435e-4,0.0024842472393476742,0.03115294950027405,0.015150397762485293,0,2424144,0.01,0.01399282049999998,0.031370646899999945,0,-0.3857291666666667,-0.049991666666665324,0,1,360,1
2166,-576451649407,1.7929821962648214,3.098974971992079,-7.923271387155812e-6,0.00265736229101286,0.03501730045179754,0.01938302965968956,0,2424155,0.011,0.019976920499999974,0.03555951689999995,0,-0.2719791666666667,-0.04124166666666529,0,0,360,-1
2167,-576451649407,1.7929838672727811,3.09900238282031,3.421797738249629e-4,0.0028310912451700162,0.03496802136772571,0.005210081243819475,0,2424165,0.01,0.0032214404999999792,0.03496110689999995,0,-0.3069791666666667,-0.07624166666666532,0,0,360,-1
2168,-576451649406,1.7929890326536928,3.0990308435538076,6.911141541077631e-4,0.0028659956952091243,0.03443718047261499,-0.007029407209707664,0,2424175,0.01,-0.00874675950000001,0.03436269689999995,0,-0.23697916666666669,-0.08499166666666536,0,0,360,-1
2169,-576451649406,1.7929975423536524,3.099059190411416,0.0010162466423250293,0.0028016890497254087,0.02072765381386266,-0.0027628942713176195,0,2424185,0.01,-0.0021642495000000293,0.018804036899999946,0,-0.3244791666666667,-0.006241666666665369,0,0,360,-1
2170,-576451649406,1.7930099848819017,3.0990900173320726,0.001245680830602338,0.0027969268047931943,0.02166461903838416,0.014030183110454928,0,2424196,0.011,0.016386460499999974,0.021796086899999942,0,-0.28947916666666673,0.2037583333333346,0,0,360,-1
2173,-576451649405,1.793052365774663,3.0991812715210996,0.00140109878242038,0.0033137196373449456,-0.008103723597671728,0.03425627855760101,0,2424226,0.01,0.03673240049999998,-0.008124413100000064,0,-0.1844791666666667,0.13375833333333476,0,0,360,-1
2174,-576451649405,1.793067353206718,3.099219817634657,0.0013215411108520117,0.0036938527553654833,-0.0018245404996161006,0.03642772025273807,0,2424237,0.011,0.03673240049999998,-9.434931000000467e-4,0,-0.2807291666666667,0.11625833333333468,0,0,360,-1
2175,-576451649306,1.7930805432561723,3.099258521370115,0.0013133228116231188,0.004049577605859651,0.005245423162755611,0.03039758359057178,0,2424247,0.01,0.029551480499999987,0.0062374268999999365,0,-0.24572916666666672,-0.006241666666665369,0,0,360,-1
2176,-576451649305,1.7891438799712591,3.1019810086607564,-2.226505749028803e-4,0.005660578271256511,0.01818489197691222,0.029131178931668566,0,2424258,0.011,0.028953070499999983,0.02000085689999995,0,-0.1932291666666667,-0.006241666666665369,0,1,361,1
2177,-576451649305,1.789142688599147,3.1020450480448916,6.175303887270153e-8,0.005982398837395892,0.032896838083751774,0.030024540739483553,0,2424269,0.011,0.03014989049999999,0.03496110689999995,0,-0.026979166666666707,-0.08499166666666536,0,0,361,-1
2178,-576451649305,1.789144336256281,3.1021063644579208,3.293651913116522e-4,0.0062813098302340175,0.033132772386181786,0.029084912075291465,0,2424279,0.01,0.028953070499999983,0.033165876899999946,0,-0.1319791666666667,0.16875833333333468,0,0,361,-1
2179,-576451649305,1.7891493533100593,3.1021705975079223,0.0,0.0,0.0,0.0,1,2424289,0.01,0.024764200499999982,0.04154361689999995,0,-0.1144791666666667,-0.014991666666665293,0,0,361,-1
2180,-576451649305,1.7891496196582373,3.102170580438994,0.0,0.0,0.0,0.0,1,2424299,0.01,-0.0021642495000000293,0.03376428689999994,0,-0.1319791666666667,-0.032491666666665364,0,0,361,-1
2181,-576451649304,1.7891498385753184,3.1021705586686847,0.0,0.0,0.0,0.0,1,2424309,0.01,-0.002762659500000015,0.027780186899999948,0,-0.21947916666666673,0.05500833333333466,0,0,361,-1
2182,-576451649304,1.7891500150235822,3.1021706783492564,0.0,0.0,0.0,0.0,1,2424319,0.01,0.015189640499999987,0.022394496899999946,0,-0.0969791666666667,0.09000833333333458,0,0,361,-1
2183,-576451649304,1.7891500641676794,3.102170713160314,0.0,0.0,0.0,0.0,1,2424329,0.01,0.004418260499999968,0.0062374268999999365,0,-0.0969791666666667,-0.07624166666666532,0,0,361,-1
2184,-576451649304,1.7891500425896116,3.102170776260054,0.0,0.0,0.0,0.0,1,2424339,0.01,0.008008720499999986,-0.0027387231000000553,0,-0.2107291666666667,-0.19874166666666537,0,0,361,-1
2185,-576451649203,1.7852918377962739,3.097825609640501,-0.0015078036101782285,-0.001976139282103849,-2.3435461142537103e-7,-4.2346166883427205e-7,1,2424349,0.01,-0.003959479500000021,-0.0021403131000000525,0,-0.1407291666666667,-0.09374166666666528,0,1,362,2
2186,-576451649202,1.7855942280155386,3.09759481345994,1.2945450734651025e-4,-1.0070705487220713e-4,2.5090515038641882e-8,-2.6162940490559977e-8,1,2424359,0.01,0.015189640499999987,-0.008124413100000064,0,-0.1144791666666667,-0.11999166666666539,0,1,363,1
2187,-576451649202,1.7855956937572657,3.097593898585406,0.0,0.0,0.0,0.0,1,2424370,0.011,0.021173740499999982,0.004442196899999945,0,-0.1669791666666667,0.12500833333333472,0,0,363,-1
2188,-576451649202,1.7855957839772603,3.0975941593813454,0.0,0.0,0.0,0.0,1,2424380,0.01,0.03194512049999998,0.011024706899999943,0,-0.2019791666666667,-0.032491666666665364,0,0,363,-1
2189,-576451649202,1.7855959615919743,3.09759440323143,2.7592424706259364e-5,3.78851986268144e-5,0.01963891336594045,0.02696480355713659,0,2424390,0.01,0.030748300499999975,0.022394496899999946,0,-0.2719791666666667,0.08125833333333476,0,0,363,-1
2190,-576451649202,1.7855972553559019,3.0975961979232345,2.2958212891378818e-4,3.180810709465171e-4,0.02362976134698815,0.03448096909598799,0,2424400,0.01,0.03553558049999998,0.024189726899999948,0,-0.26322916666666674,0.08125833333333476,0,0,363,-1
2191,-576451649202,1.7856007748020934,3.097600993204012,4.724595185687537e-4,6.45779898030766e-4,0.028319042496323072,0.0222863825016052,0,2424410,0.01,0.020575330499999978,0.028977006899999953,0,-0.0707291666666667,0.028758333333334773,0,0,363,-1
2192,-576451649201,1.785606911103736,3.097608598989724,7.549868943552841e-4,8.739016084439555e-4,0.027846491654024755,0.026033643260518734,0,2424420,0.01,0.02655943049999999,0.027780186899999948,0,-0.1669791666666667,0.028758333333334773,0,0,363,-1
2193,-576451649201,1.7856158386304106,3.097618544819515,0.0010311612409834032,0.0011194221230224138,0.026214013821402378,0.015474411851820632,0,2424430,0.01,0.01399282049999998,0.025984956899999946,0,-0.2019791666666667,0.07250833333333473,0,0,363,-1
2194,-576451649201,1.785627397846404,3.097630543521257,0.0012834472708154927,0.0012789701317110324,0.019191037701302385,0.018898121500938916,0,2424440,0.01,0.019378510499999974,0.01820562689999994,0,-0.12322916666666671,0.03750833333333459,0,0,363,-1
2195,-576451649182,1.7856411746774727,3.0976442300507987,0.0,0.0,0.0,0.0,1,2424450,0.01,0.012796000499999974,0.017008806899999954,0,-0.1844791666666667,0.028758333333334773,0,0,363,-1
2196,-576451649181,1.781686569850957,3.0932212078967263,-0.001539853039678238,-0.002003015662786821,-2.9393411957589336e-7,-5.314337137465156e-7,1,2424461,0.011,-0.007549939500000021,0.011024706899999943,0,-0.21947916666666673,-0.07624166666666532,0,1,364,2
2197,-576451649174,1.782911794888408,3.0923837590788663,5.064150270871227e-4,-3.8915089691972106e-4,1.218068048255855e-7,-1.2671052554896327e-7,1,2424472,0.011,0.006213490499999994,0.015213576899999946,0,-0.1932291666666667,-0.11124166666666535,0,1,365,1
2198,-576451649164,1.782917475381732,3.0923795150845406,0.0,0.0,0.0,0.0,1,2424483,0.011,0.003819850499999965,0.011623116899999963,0,-0.0969791666666667,0.13375833333333476,0,0,365,-1
2199,-576451649154,1.7829175513337507,3.092379581000326,0.0,0.0,0.0,0.0,1,2424493,0.01,0.008008720499999986,0.009229476899999934,0,-0.07947916666666671,-0.06749166666666528,0,0,365,-1
2201,-576451649101,1.7829185863162336,3.0923805931805233,1.6146433425909807e-4,1.5790720959026216e-4,0.012488492171798983,0.017583545630002653,0,2424513,0.01,0.018181690499999983,0.012221526899999948,0,-0.1844791666666667,0.028758333333334773,0,0,365,-1
2202,-576451649100,1.7829208327120287,3.0923831646043114,2.8749344386926637e-4,3.5141460765885057e-4,0.013303930738317931,0.0301779667473775,0,2424523,0.01,0.03194512049999998,0.013418346899999954,0,-0.1932291666666667,-0.02374166666666533,0,0,365,-1
2203,-576451649100,1.7829243784594404,3.092388234576788,4.214098674399662e-4,6.605230252499123e-4,0.013929045528650603,0.035401117551146465,0,2424533,0.01,0.03613399049999998,0.014016756899999957,0,-0.10572916666666671,-0.19874166666666537,0,0,365,-1
2204,-576451649100,1.7829294028570437,3.092396577918629,5.784801191649297e-4,0.0010095453585349929,0.026600617871882677,0.03184559454997004,0,2424543,0.01,0.03134671049999998,0.02837859689999995,0,-0.2107291666666667,0.13375833333333476,0,0,365,-1
2205,-576451648998,1.7829364326868091,3.0924081768548937,0.0,0.0,0.0,0.0,1,2424553,0.01,0.020575330499999978,0.01581198689999995,0,-0.21947916666666673,0.12500833333333472,0,0,365,-1
2206,-576451648997,1.7789264504258286,3.087953729113452,-0.001559443927453325,-0.0020149427321951544,-2.700796271337282e-7,-4.882492475838891e-7,1,2424563,0.01,0.022968970499999974,0.01760721689999996,0,-0.1844791666666667,0.08125833333333476,0,1,366,2
2207,-576451648996,1.7789095098745609,3.0879317884958994,0.0,0.0,0.0,0.0,1,2424574,0.011,0.024764200499999982,0.023591316899999944,0,-0.0969791666666667,-0.07624166666666532,0,0,366,-1
2208,-576451648996,1.778909798176611,3.0879320093743265,3.4511460740874695e-5,2.6450826557842975e-5,0.018064581662961095,0.013845372698976897,0,2424588,0.014,0.015788050499999973,0.020599266899999955,0,-0.3332291666666667,0.011258333333334702,0,0,366,-1
2209,-576451648995,1.778911086268117,3.087932967501634,2.2072216051519022e-4,1.650940546495882e-4,0.021861712297410477,0.013974677438584186,0,2424598,0.01,0.01399282049999998,0.022394496899999946,0,-0.12322916666666671,-0.049991666666665324,0,0,366,-1
2210,-576451648995,1.7789147293816312,3.0879356123052157,4.458190318939526e-4,3.164251183254193e-4,0.01183339447914828,0.012416256341363669,0,2424609,0.011,0.012197590499999989,0.01042629689999994,0,-0.2719791666666667,0.10750833333333465,0,0,366,-1
2211,-576451648995,1.7789198118932534,3.087939366108476,5.691046533082541e-4,4.3584691985864134e-4,0.015322431639500537,0.009075833346707937,0,2424619,0.01,0.008607130499999989,0.01581198689999995,0,-0.3069791666666667,-0.06749166666666528,0,0,366,-1
2212,-576451648995,1.7789262539494575,3.0879441224068183,7.199827388176811e-4,5.179166834060484e-4,0.013652639484425987,0.002892253566386801,0,2424629,0.01,0.0020246204999999737,0.013418346899999954,0,-0.23697916666666669,0.002508333333334667,0,0,366,-1
2213,-576451648994,1.7789341628826396,3.087949533748837,8.606395255963986e-4,5.605005435695683e-4,0.01659583938797236,0.01262692513751073,0,2424639,0.01,0.01399282049999998,0.017008806899999954,0,-0.3332291666666667,-0.08499166666666536,0,0,366,-1
2214,-576451648994,1.7789435834616227,3.0879557950110645,0.0010241607023823362,6.906595590604986e-4,0.0148588834040408,0.015399082396055953,0,2424649,0.01,0.015788050499999973,0.01461516689999996,0,-0.2282291666666667,-0.02374166666666533,0,0,366,-1
2215,-576451648986,1.7795044014171302,3.0876024834887903,0.0014069647216253943,6.873733318162844e-4,0.021992080292393634,0.02623568851122405,0,2424659,0.01,0.02775625049999998,0.02299290689999995,0,-0.14947916666666672,0.16875833333333468,0,1,367,1
2217,-576451648963,1.7830195191361446,3.0914689530256587,0.003254532023620182,0.0030394132561118396,0.011957471883701993,0.031342168717872855,0,2424682,0.011,0.03194512049999998,0.01042629689999994,0,-0.14947916666666672,0.13375833333333476,0,0,368,-1
2218,-576451648953,1.7830560964306454,3.091504340021808,0.0,0.0,0.0,0.0,1,2424693,0.011,0.03733081049999997,0.01760721689999996,0,-0.23697916666666669,0.12500833333333472,0,0,368,-1
2219,-576451648943,1.7830562069719038,3.0915045292655012,0.0,0.0,0.0,0.0,1,2424703,0.01,0.022968970499999974,0.013418346899999954,0,-0.2282291666666667,-0.11124166666666535,0,0,368,-1
2220,-576451648933,1.7830562660118725,3.09150473544978,9.16165017668304e-6,3.1993263275762624e-5,0.006519482507781213,0.02276658568252565,0,2424713,0.01,0.025961020499999987,0.007434246899999943,0,-0.3069791666666667,0.002508333333334667,0,0,368,-1
2221,-576451648922,1.7830567238651236,3.0915061433789988,8.06375455386954e-5,2.518070658113235e-4,0.010995128204479957,0.01717151800661474,0,2424723,0.01,0.016386460499999974,0.011623116899999963,0,-0.3507291666666667,0.07250833333333473,0,0,368,-1
2222,-576451648913,1.7879912094626125,3.088294727844423,0.0021984247246261994,-0.0011149254263605787,0.007348043079111484,0.01700740279958524,0,2424733,0.01,0.016984870499999978,0.00683583689999994,0,-0.1582291666666667,0.08125833333333476,0,1,369,1
2223,-576451648904,1.7880136548813796,3.0882843871364556,0.0022867373312812907,-9.515057163754945e-4,0.017919184434656326,0.012264647930865222,0,2424743,0.01,0.011599180499999986,0.01940244689999995,0,-0.24572916666666672,0.14250833333333457,0,0,369,-1
2224,-576451648892,1.7880374298241128,3.088275428255335,0.002467754260572502,-8.377776608760054e-4,0.019219935381905005,0.005908514927357008,0,2424753,0.01,0.005016670499999971,0.01940244689999995,0,-0.0969791666666667,0.0637583333333347,0,0,369,-1
2225,-576451648882,1.7880658163573775,3.088266562000439,0.0026906304175238305,-7.739776206129955e-4,0.026726870621630223,0.005126409594829461,0,2424764,0.011,0.005016670499999971,0.027780186899999948,0,-0.06197916666666671,0.028758333333334773,0,0,369,-1
2226,-576451648872,1.788094052944437,3.08825910698078,0.0029569763679169843,-7.183843741867057e-4,0.026076247418565568,0.008178837010944443,0,2424774,0.01,0.008607130499999989,0.025984956899999946,0,-0.2807291666666667,0.07250833333333473,0,0,369,-1
2227,-576451648862,1.7881249685102192,3.088252306999844,0.0032242621102691483,-6.404921324601069e-4,0.030719185065473366,0.005405766714504035,0,2424784,0.01,0.005016670499999971,0.031370646899999945,0,-0.14947916666666672,0.08125833333333476,0,0,369,-1
2228,-576451648852,1.7881587616685353,3.0882462212161537,0.003533728594339068,-5.788123886057968e-4,0.032340040715242796,0.010837097336304096,0,2424794,0.01,0.011599180499999986,0.032567466899999946,0,-0.4032291666666667,-0.04124166666666529,0,0,369,-1
2231,-576451648793,1.7859527725640947,3.085667340649246,0.0033362379573728543,-0.0012069051984945599,0.008243785212142382,0.0193059654969787,0,2424826,0.01,0.019378510499999974,0.008032656899999945,0,-0.1319791666666667,-0.14624166666666538,0,0,370,-1
2232,-576451648792,1.7859898630830635,3.0856553161815707,0.0034113986721524695,-9.824123822308973e-4,-0.0019121317725432126,0.027241242544401616,0,2424837,0.011,0.028354660499999983,-0.003337133100000041,0,-0.3944791666666667,0.07250833333333473,0,0,370,-1
2233,-576451648792,1.7860238747004562,3.0856469366474006,0.0033912490933114166,-6.974487678184029e-4,-0.002637013226297268,0.03608931588423027,0,2424847,0.01,0.03733081049999997,-0.0027387231000000553,0,-0.5082291666666667,0.04625833333333462,0,0,370,-1
2234,-576451648790,1.7860577352311162,3.085641676789154,0.0033772881139380907,-3.505096808109512e-4,0.006195005014139374,0.026157725954644558,0,2424857,0.01,0.024764200499999982,0.007434246899999943,0,-0.2807291666666667,-0.16374166666666534,0,0,370,-1
2235,-576451648779,1.783493061003874,3.087329553500581,0.0023793532526526265,7.114118023524285e-4,0.008855871800160961,0.0175890194547392,0,2424867,0.01,0.016386460499999974,0.009229476899999934,0,-0.3857291666666667,0.12500833333333472,0,1,371,1
2236,-576451648769,1.7835198705858395,3.0873383835837136,0.002491683851754257,8.960736494074376e-4,0.01862949599978072,0.011811437085604861,0,2424878,0.011,0.011000770499999982,0.02000085689999995,0,-0.1407291666666667,0.16875833333333468,0,0,371,-1
2237,-576451648759,1.7835457251167521,3.087347850109274,0.0026789401332198972,0.00100127138077534,0.01930733733880756,0.0027040851271711106,0,2424888,0.01,0.001426210499999971,0.01940244689999995,0,-0.21947916666666673,-0.11999166666666539,0,0,371,-1
2238,-576451648749,1.7835735755422364,3.0873579641736217,0.0028868767959771423,0.0010230512304310576,0.029886288606910345,-0.0010404365830759127,0,2424898,0.01,-0.0015658395000000265,0.031370646899999945,0,-0.24572916666666672,0.10750833333333465,0,0,371,-1
2239,-576451648739,1.7836039880912598,3.087368209317485,0.0031934580280927522,0.0010230469842438315,0.0353862184178141,0.006370468452348296,0,2424908,0.01,0.007410310499999982,0.03615792689999995,0,-0.0969791666666667,-0.04124166666666529,0,0,371,-1
2240,-576451648729,1.7836377310727063,3.087378841953865,0.0,0.0,0.0,0.0,1,2424918,0.01,0.016984870499999978,0.04034679689999995,0,-0.1582291666666667,0.2300083333333347,0,0,371,-1
2241,-576451648718,1.7836379735290546,3.0873788673358336,0.0,0.0,0.0,0.0,1,2424928,0.01,0.0032214404999999792,0.030772236899999944,0,-0.23697916666666669,0.03750833333333459,0,0,371,-1
2242,-576451648707,1.779842648064639,3.083197386355427,-0.0014840717147937444,-0.0019066628328852793,-3.1880904959683776e-7,-5.751496707962826e-7,1,2424939,0.011,0.018181690499999983,0.017008806899999954,0,-0.06197916666666671,0.03750833333333459,0,1,372,2
2243,-576451648697,1.7798264424603196,3.0831765941058396,0.0,0.0,0.0,0.0,1,2424950,0.011,0.019378510499999974,0.012819936899999952,0,-0.2282291666666667,0.028758333333334773,0,0,372,-1
2244,-576451648687,1.7798264787875748,3.083176738477232,0.0,0.0,0.0,0.0,1,2424960,0.01,0.017583280499999982,0.004442196899999945,0,-0.1319791666666667,0.16875833333333468,0,0,372,-1
2245,-576451648677,1.779826533031069,3.08317690180395,8.423846958703755e-6,2.5355135970986034e-5,0.005994705273454835,0.01804359057358831,0,2424970,0.01,0.020575330499999978,0.00683583689999994,0,-0.3594791666666667,-0.014991666666665293,0,0,372,-1
2246,-576451648667,1.7798268481092778,3.0831781435944063,5.762267528114907e-5,2.192173303842072e-4,-0.0016640978682191014,0.027610687887672902,0,2424980,0.01,0.028953070499999983,-0.0027387231000000553,0,-0.3419791666666667,0.0637583333333347,0,0,372,-1
2247,-576451648656,1.7798273703880119,3.083181759890152,4.5550123048332167e-5,5.021304226990673e-4,0.0015917245633488902,0.03246133451499784,0,2424990,0.01,0.03314194049999999,0.002048556899999951,0,-0.28947916666666673,0.028758333333334773,0,0,372,-1
2248,-576451648646,1.7779895369104746,3.084379186960127,-7.022168306647489e-4,0.001401063737265753,-0.004829916791834397,0.032008803004666596,0,2425000,0.01,0.03194512049999998,-0.005730773100000052,0,-0.26322916666666674,0.10750833333333465,0,1,373,1
2249,-576451648636,1.7779815665045204,3.0843965293798683,-7.485427599520442e-4,0.0017522745600523702,-3.7215277384450036e-4,0.031428179229220636,0,2425011,0.011,0.03134671049999998,2.5332689999994204e-4,0,-0.2807291666666667,0.09000833333333458,0,0,373,-1
2250,-576451648626,1.777974209038208,3.0844154666320187,-7.299025541390104e-4,0.002042638382849768,0.015394903078115273,0.014563863512925775,0,2425021,0.01,0.012197590499999989,0.01760721689999996,0,-0.1844791666666667,-0.04124166666666529,0,0,373,-1
2251,-576451648616,1.7779677732247876,3.084436602451663,-5.614308360380241e-4,0.0021853615202674453,0.025731433292520985,0.012488754127413638,0,2425031,0.01,0.012197590499999989,0.02718177689999995,0,-0.4207291666666667,0.03750833333333459,0,0,373,-1
2252,-576451648605,1.7779634994049411,3.0844590734888824,-2.9570357093664526e-4,0.0023091542862234355,0.031726311069120515,0.011708640178910417,0,2425041,0.01,0.011599180499999986,0.032567466899999946,0,0.05177083333333331,0.14250833333333457,0,0,373,-1
2253,-576451648595,1.777962261563144,3.0844850992928925,6.722629635982936e-5,0.0024257891032877757,0.04086040065194549,0.0037409907087018433,0,2425052,0.011,0.0026230304999999765,0.04214202689999995,0,-0.3769791666666667,-0.09374166666666528,0,0,373,-1
2254,-576451648584,1.77796489442701,3.084509613322909,4.632831069220521e-4,0.0024737169418173905,0.03201355873222905,0.011157028292101842,0,2425062,0.01,0.012197590499999989,0.030772236899999944,0,-0.3244791666666667,-0.1549916666666653,0,0,373,-1
2255,-576451648574,1.7767349295380876,3.0831696271688767,2.8539812408259887e-4,0.0019600413708969347,0.022528451519395008,0.011019833046543446,0,2425072,0.01,0.011000770499999982,0.021197676899999948,0,-0.2982291666666667,0.16875833333333468,0,1,374,2
2256,-576451648563,1.7767392884827369,3.083191865707035,5.122054555811566e-4,0.002082836323108438,0.008766771568670825,0.01205267056452831,0,2425083,0.011,0.012197590499999989,0.00683583689999994,0,-0.4819791666666667,0.04625833333333462,0,0,374,-1
2257,-576451648553,1.776745434789545,3.083215581060107,6.060299089745959e-4,0.0022261267402502436,0.00707343329710108,0.019001862531988177,0,2425094,0.011,0.019976920499999974,0.00683583689999994,0,-0.1407291666666667,0.2562583333333346,0,0,374,-1
2260,-576451648487,1.7767653741379301,3.083293079869281,6.979658427475472e-4,0.0029970157885542735,-0.0025677137564596307,0.029984085699289148,0,2425124,0.01,0.03014989049999999,-0.003337133100000041,0,-0.28947916666666673,0.09000833333333458,0,0,374,-1
2261,-576451648486,1.776772323092338,3.0833245411066774,6.875415079244247e-4,0.003295587979996336,0.008302641067675962,0.029079934189736468,0,2425134,0.01,0.028953070499999983,0.009827886899999937,0,-0.3507291666666667,-0.06749166666666528,0,0,374,-1
2262,-576451648486,1.776779668091359,3.0833589546985416,7.790716657418835e-4,0.0035869675487517497,0.014363204548724048,0.0294934579753632,0,2425144,0.01,0.029551480499999987,0.015213576899999946,0,-0.28947916666666673,0.04625833333333462,0,0,374,-1
2263,-576451648486,1.7767890707783627,3.0834001084925857,9.317978348088789e-4,0.0038986588369868177,0.010910722959686823,0.021147905232788103,0,2425155,0.011,0.019976920499999974,0.01042629689999994,0,-0.23697916666666669,-0.04124166666666529,0,0,374,-1
2264,-576451648479,1.7768001346979478,3.083444262101872,0.0010738086860048743,0.004129703023779763,0.02517966680483095,0.02012100707013882,0,2425166,0.011,0.019976920499999974,0.02718177689999995,0,-0.3594791666666667,0.1775083333333347,0,0,374,-1
2265,-576451648470,1.7768134491392764,3.083490785114745,0.0013478256969716813,0.004333832822211536,0.023261981914884246,0.008974328050003583,0,2425177,0.011,0.007410310499999982,0.02299290689999995,0,-0.23697916666666669,0.12500833333333472,0,0,374,-1
2266,-576451648459,1.7768281227641871,3.0835344903160493,0.0015853279577211442,0.00441119278908682,0.02669945650824898,2.55877436821662e-4,0,2425187,0.01,-9.674295000000236e-4,0.02718177689999995,0,-0.10572916666666671,-0.06749166666666528,0,0,374,-1
2267,-576451648448,1.7768472253127194,3.0835830838896525,0.001886084507292825,0.004421992070812598,0.03132064652778112,0.0054804219906917084,0,2425198,0.011,0.006213490499999994,0.03196905689999995,0,-0.2107291666666667,0.028758333333334773,0,0,374,-1
2269,-576451648421,1.7768907824360591,3.0836733608379823,0.0024459093796969865,0.004646701275483905,0.013535661538127871,0.008018617577384271,0,2425218,0.01,0.00681190049999998,0.011623116899999963,0,-0.26322916666666674,0.22125833333333467,0,0,374,-1
2270,-576451648384,1.7769159740272737,3.083720176783862,0.0025899590188855777,0.004718774320818648,0.019730108967442463,0.002237388731570671,0,2425228,0.01,0.001426210499999971,0.020599266899999955,0,-0.12322916666666671,0.002508333333334667,0,0,374,-1
2271,-576451648384,1.7769427868071006,3.0837675926094703,0.0027758117801033703,0.004759294964965782,0.011571106334724449,0.015170231925559552,0,2425238,0.01,0.016984870499999978,0.01042629689999994,0,-0.1669791666666667,0.09000833333333458,0,0,374,-1
2272,-576451648383,1.7769710343066687,3.083816038521895,0.0028775965805535484,0.004925747756209069,0.0016459496854863247,0.025682797012844063,0,2425248,0.01,0.027157840499999992,2.5332689999994204e-4,0,-0.10572916666666671,-0.05874166666666536,0,0,374,-1
2273,-576451648383,1.776999924030945,3.083866610620287,0.0028989694423849368,0.005187336040384306,0.005147680554475412,0.029075449242709505,0,2425258,0.01,0.029551480499999987,0.005639016899999951,0,-0.3594791666666667,0.09000833333333458,0,0,374,-1
2274,-576451648282,1.7770291844101755,3.0839199650777447,0.00295252347968294,0.005482357915112567,0.006628113732588866,0.032116792286141296,0,2425268,0.01,0.03254353049999999,0.00683583689999994,0,-0.26322916666666674,-0.006241666666665369,0,0,374,-1
2275,-576451648281,1.777062147323938,3.083982168640371,0.0030377242449562874,0.005829005667264324,0.014681935629278664,0.027768026384018936,0,2425279,0.011,0.027157840499999992,0.01581198689999995,0,-0.28947916666666673,0.08125833333333476,0,0,374,-1
2276,-576451648280,1.7770932532288606,3.0840418127803604,0.0031837162844392344,0.006101461372953351,0.014098605380981328,0.024084258851056722,0,2425289,0.01,0.023567380499999974,0.014016756899999957,0,-0.1582291666666667,-0.07624166666666532,0,0,374,-1
2277,-576451648280,1.7771258326407393,3.08410398004779,0.0033304999347441165,0.006334294058620732,0.01822504601342851,0.018383208668935506,0,2425299,0.01,0.017583280499999982,0.018804036899999946,0,-0.2107291666666667,-0.11124166666666535,0,0,374,-1
2278,-576451648280,1.7771601100971224,3.084168174481638,0.0035223003197018027,0.00650756787064025,0.02503012041672064,0.010859605496418507,0,2425309,0.01,0.009803950499999978,0.025984956899999946,0,-0.2544791666666667,0.12500833333333472,0,0,374,-1
2279,-576451648280,1.7771965921306032,3.0842338083997194,0.0037737764484931102,0.006618546656272498,0.0258674667995171,0.012557732223149147,0,2425319,0.01,0.012796000499999974,0.025984956899999946,0,-0.28947916666666673,0.21250833333333463,0,0,374,-1
2280,-576451648280,1.777235534610846,3.0843005434767505,0.004018605425218081,0.006731899560905045,0.015999732602094786,0.0038454692360138445,0,2425329,0.01,0.0026230304999999765,0.01461516689999996,0,-0.28947916666666673,0.002508333333334667,0,0,374,-1
2281,-576451648280,1.7772766511872786,3.084368073403228,0.004198988915718515,0.006773268041602835,0.03052885107255618,0.00592211175492343,0,2425339,0.01,0.006213490499999994,0.032567466899999946,0,-0.26322916666666674,0.14250833333333457,0,0,374,-1
2282,-576451648280,1.7773244864047557,3.0844429074089574,0.0045054987153767215,0.00683399584566938,0.011325531248439265,0.0030289737111462577,0,2425350,0.011,0.0026230304999999765,0.008631066899999948,0,-0.24572916666666672,0.16875833333333468,0,0,374,-1
2283,-576451648279,1.7773701883209105,3.0845115519421746,0.0046310325204222845,0.006887597430569296,0.019982935522921824,0.019465852235477147,0,2425360,0.01,0.021772150499999966,0.021197676899999948,0,-0.21947916666666673,0.12500833333333472,0,0,374,-1
2284,-576451648180,1.777417469459096,3.0845813435645266,0.0048264601247546305,0.007073300674622088,0.016849988316055164,0.01309193085731856,0,2425370,0.01,0.012197590499999989,0.01641039689999995,0,-0.1144791666666667,0.04625833333333462,0,0,374,-1
2285,-576451648179,1.7814714837677255,3.089270061054256,0.006569504854785687,0.009330133933556898,0.011217018396596069,0.016506403241732064,0,2425381,0.011,0.016984870499999978,0.01042629689999994,0,-0.1407291666666667,0.13375833333333476,0,1,376,2
2286,-576451648179,1.7815443847847732,3.0893737855680925,0.0,0.0,0.0,0.0,1,2425392,0.011,0.02655943049999999,0.00683583689999994,0,-0.1319791666666667,0.12500833333333472,0,0,376,-1
2287,-576451648179,1.7815445340510663,3.089374037911506,2.2672893836421757e-5,3.829332821393737e-5,0.015965472725655346,0.026964803557135666,0,2425402,0.01,0.030748300499999975,0.01820562689999994,0,-0.3594791666666667,-0.04124166666666529,0,0,376,-1
2290,-576451648179,1.781553540341646,3.0893889355755877,6.492060893189374e-4,9.491194660837454e-4,0.02408675264327563,0.025136817921479787,0,2425432,0.01,0.024764200499999982,0.023591316899999944,0,-0.3419791666666667,-0.17249166666666538,0,0,376,-1
2291,-576451648179,1.7815612799858611,3.089399638240927,8.968272905263605e-4,0.0011934021808352362,0.028900051299363905,0.020087054977937426,0,2425442,0.01,0.019378510499999974,0.029575416899999946,0,-0.2107291666666667,-0.04124166666666529,0,0,376,-1
2292,-576451648178,1.7815715759972648,3.0894125333144076,0.001167514297670397,0.0013875102618358373,0.015848106858991327,0.015267477146893202,0,2425452,0.01,0.014591230499999983,0.014016756899999957,0,-0.2282291666666667,0.14250833333333457,0,0,376,-1
2293,-576451648178,1.7815841422718002,3.0894271570332177,0.001341413803047406,0.0015378802743049192,0.026836753286147656,0.013624886390278854,0,2425462,0.01,0.013394410499999978,0.02837859689999995,0,0.0430208333333333,0.04625833333333462,0,0,376,-1
2294,-576451648172,1.7815988302439258,3.0894432294087832,0.001599160963422122,0.0016760545267088165,0.019267664143178875,0.014997101650886592,0,2425472,0.01,0.015189640499999987,0.01820562689999994,0,-0.2544791666666667,0.10750833333333465,0,0,376,-1
2295,-576451648163,1.7765447964664816,3.092831071477776,-2.493538952707114e-4,0.0034272817612165944,0.013612934140769646,0.008344239283000108,0,2425483,0.011,0.007410310499999982,0.012819936899999952,0,-0.1407291666666667,-0.08499166666666536,0,1,377,1
2296,-576451648152,1.7746500860906378,3.0907119596646204,-8.373102066206856e-4,0.0025345366045145855,0.015541245164702051,0.007524949209421251,0,2425494,0.011,0.007410310499999982,0.01581198689999995,0,-0.1319791666666667,0.08125833333333476,0,1,378,2
2297,-576451648142,1.7746417621513852,3.090740260226141,-6.740881021180709e-4,0.0026122972759573377,0.010530900503245169,0.004275753083638404,0,2425505,0.011,0.003819850499999965,0.009827886899999937,0,-0.1582291666666667,0.011258333333334702,0,0,378,-1
2298,-576451648132,1.7746356698783907,3.0907667013503417,-5.502752029047626e-4,0.002670884987102953,0.0235585989545065,0.015421047260685937,0,2425515,0.01,0.016984870499999978,0.025386546899999942,0,-0.3594791666666667,0.03750833333333459,0,0,378,-1
2299,-576451648122,1.774631331059427,3.0907941984204212,-3.168612155579946e-4,0.002827760050153684,0.022012959340477926,0.017317223426351235,0,2425525,0.01,0.017583280499999982,0.021796086899999942,0,-0.0707291666666667,-0.006241666666665369,0,0,378,-1
2300,-576451648111,1.7746292000173063,3.0908232542899814,-1.065725661429267e-4,0.0029872668958113033,0.015000668433193965,0.00757977542951086,0,2425535,0.01,0.006213490499999994,0.014016756899999957,0,-0.0969791666666667,0.18625833333333475,0,0,378,-1
2301,-576451648101,1.7746290194752243,3.090856752231336,7.073349921830512e-5,0.0030968478714564437,0.023059037591920843,0.024748811443536328,0,2425546,0.011,0.027157840499999992,0.024189726899999948,0,-0.4207291666666667,0.04625833333333462,0,0,378,-1
2302,-576451648091,1.7746308547770244,3.090888909386758,2.975202487980201e-4,0.003336912374125425,0.02037715793486874,0.019514534574094734,0,2425556,0.01,0.01878010049999997,0.02000085689999995,0,-0.2282291666666667,0.028758333333334773,0,0,378,-1
2303,-576451648081,1.7746348173769115,3.090923291126473,4.964043512521237e-4,0.0035377885681998444,0.01689849633978836,0.023593465776682757,0,2425566,0.01,0.024165790499999996,0.01641039689999995,0,-0.07947916666666671,-0.11999166666666539,0,0,378,-1
2304,-576451648070,1.7746406130557706,3.090959872078906,6.633157270915295e-4,0.0037773733634176277,0.015420901774732796,0.026194476395843522,0,2425576,0.01,0.02655943049999999,0.015213576899999946,0,-0.1932291666666667,0.028758333333334773,0,0,378,-1
2305,-576451648059,1.774648725425183,3.091002934517661,8.158489488208135e-4,0.00405478825138694,0.004218765755903802,0.019167642583457177,0,2425587,0.011,0.018181690499999983,0.0026469668999999536,0,-0.3682291666666667,0.13375833333333476,0,0,378,-1
2306,-576451648048,1.7746580307658542,3.0910486818307032,8.730723914280482e-4,0.0042634907995328835,0.01123680833569576,0.01777823205835193,0,2425598,0.011,0.017583280499999982,0.012221526899999948,0,-0.2107291666666667,-0.006241666666665369,0,0,378,-1
2307,-576451648038,1.7746673215859732,3.091092149915978,9.85176326774436e-4,0.004432832569106079,0.011050805419933819,0.01183471919535629,0,2425608,0.01,0.011000770499999982,0.011024706899999943,0,-0.1144791666666667,-0.05874166666666536,0,0,378,-1
2308,-576451648025,1.7746776496638723,3.09113706810754,0.0010838534091046116,0.004550889504753465,0.002631482504536698,0.011628162912663952,0,2425618,0.01,0.011599180499999986,0.0014501468999999479,0,-0.28947916666666673,-0.049991666666665324,0,0,378,-1
2309,-576451648015,1.7746886671004571,3.091183134578993,0.0011175519184069057,0.004663453151434201,0.007892833929410693,0.008978860537489551,0,2425628,0.01,0.008607130499999989,0.008631066899999948,0,-0.10572916666666671,0.2037583333333346,0,0,378,-1
2310,-576451648008,1.7747003892649638,3.091230229271212,0.0012202153270432184,0.004754993375359181,0.02480832355221929,0.01022720259960401,0,2425638,0.01,0.01040236049999998,0.02718177689999995,0,-0.0969791666666667,0.09000833333333458,0,0,378,-1
2311,-576451647997,1.7766782344555563,3.093570678658186,0.002247917985717239,0.005908702736853051,0.016394342200987795,0.010381093143459823,0,2425649,0.011,0.01040236049999998,0.015213576899999946,0,-0.2807291666666667,0.09000833333333458,0,1,379,2
2312,-576451647986,1.7767039755517688,3.0936363641804885,0.0024315125716608023,0.006031820456379141,0.018507530349104573,0.016172293185680163,0,2425660,0.011,0.016984870499999978,0.018804036899999946,0,-0.3332291666666667,0.09000833333333458,0,0,379,-1
2313,-576451647972,1.7767318959521592,3.093703711701451,0.0026427850539274002,0.006212434953760409,0.023490547663116156,0.017934439482151676,0,2425671,0.011,0.018181690499999983,0.024189726899999948,0,-0.3419791666666667,-0.07624166666666532,0,0,379,-1
2314,-576451647965,1.7767594893044467,3.093766754510434,0.0028763253040909485,0.006395068803989032,0.022529363043625454,0.020250375854377712,0,2425681,0.01,0.020575330499999978,0.022394496899999946,0,-0.3682291666666667,-0.02374166666666533,0,0,379,-1
2315,-576451647954,1.7767924409694158,3.093838372586457,0.0031167494285810776,0.006624674558368342,0.017688096712856857,0.024733563566075548,0,2425692,0.011,0.025362610499999983,0.017008806899999954,0,-0.06197916666666671,-0.02374166666666533,0,0,379,-1
2316,-576451647913,1.776824482417131,3.0939058660506236,0.0032920409627408653,0.0068735371258538975,0.01656761447811752,0.02580998517507204,0,2425702,0.01,0.025961020499999987,0.01641039689999995,0,-0.0444791666666667,-0.11124166666666535,0,0,379,-1
2319,-576451647912,1.7770867634544578,3.094030694997052,0.00383150618936214,0.007505233658043773,0.008748891885154769,0.034600330101307905,0,2425733,0.01,0.03733081049999997,0.008032656899999945,0,-0.1669791666666667,0.03750833333333459,0,0,380,-1
2320,-576451647903,1.7771254201086002,3.0941074088273215,0.0039041037929299686,0.007840592374658431,-0.0018499797341512917,0.02702406466613199,0,2425743,0.01,0.025961020499999987,-0.003337133100000041,0,-0.21947916666666673,-0.11999166666666539,0,0,380,-1
2321,-576451647894,1.7771644985074673,3.094187020697893,0.0039058672363787047,0.008088167763984364,0.012589174212888405,0.010873285473816406,0,2425753,0.01,0.008607130499999989,0.01461516689999996,0,-0.17572916666666671,0.1512583333333346,0,0,380,-1
2322,-576451647885,1.7772042356126734,3.094268494200088,0.004039406356476187,0.008204420913702831,0.018039314505765434,0.016232856148422556,0,2425763,0.01,0.016984870499999978,0.018804036899999946,0,-0.1669791666666667,0.13375833333333476,0,0,380,-1
2323,-576451647870,1.7772454905181732,3.0943513654070105,0.0,0.0,0.0,0.0,1,2425773,0.01,0.018181690499999983,0.012819936899999952,0,-0.1844791666666667,-0.032491666666665364,0,0,380,-1
2324,-576451647862,1.7763455915428799,3.093316723507574,-3.1985804375354925e-4,-4.5499362077113903e-4,0.021213172104009338,0.010171799620834764,0,2425784,0.011,0.011599180499999986,0.024189726899999948,0,-0.2719791666666667,0.09000833333333458,0,1,381,2
2325,-576451647852,1.7763434134671485,3.093312251701194,-7.844546009883663e-5,-3.5492463082255793e-4,0.026447355887084127,0.00250233207954782,0,2425795,0.011,0.001426210499999971,0.02718177689999995,0,-0.1407291666666667,0.05500833333333466,0,0,381,-1
2326,-576451647842,1.7763439965747996,3.09330897102778,1.9290465935004793e-4,-3.081388313254081e-4,0.03128962621400869,0.017826718674484734,0,2425805,0.01,0.019976920499999974,0.03196905689999995,0,-0.3419791666666667,0.13375833333333476,0,0,381,-1
2327,-576451647832,1.7763474670010404,3.0933067267924,5.022136400074704e-4,-1.3828331176875608e-4,0.028736791347531702,0.011840685345059696,0,2425815,0.01,0.011000770499999982,0.02837859689999995,0,-0.2107291666666667,-0.049991666666665324,0,0,381,-1
2328,-576451647822,1.7763539089870601,3.0933060662630165,7.869313346206755e-4,4.472778418762195e-7,0.02684834007514905,0.02632265959272257,0,2425825,0.01,0.028354660499999983,0.02658336689999995,0,0.008020833333333297,-0.05874166666666536,0,0,381,-1
2329,-576451647811,1.7763631374921982,3.093307317999578,0.0010580340627162682,2.529200565428054e-4,0.028715080084753753,0.01865863795202697,0,2425835,0.01,0.017583280499999982,0.028977006899999953,0,-0.0444791666666667,0.03750833333333459,0,0,381,-1
2330,-576451647801,1.7789822218288296,3.091619769809893,0.0023523594833115436,-3.4049023643858864e-4,0.012152075814259197,0.01981453255844904,0,2425845,0.01,0.019976920499999974,0.009827886899999937,0,-0.17572916666666671,0.011258333333334702,0,1,382,1
2331,-576451647791,1.77900876956373,3.0916173387040877,0.0024765151515408323,-1.0549465471531376e-4,0.005915654315930985,0.030977261014698908,0,2425856,0.011,0.03254353049999999,0.005040606899999948,0,-0.26322916666666674,0.03750833333333459,0,0,382,-1
2332,-576451647781,1.7790338185194845,3.0916178649333976,0.0025338391034844445,2.0920308000168752e-4,0.004623501932732282,0.0344499141252402,0,2425866,0.01,0.034937170499999975,0.004442196899999945,0,-0.14947916666666672,0.020008333333334738,0,0,382,-1
2333,-576451647768,1.7790594103583266,3.091621588417108,0.002583537254668362,5.395564725182317e-4,0.007088392175742063,0.024381670207006004,0,2425876,0.01,0.022968970499999974,0.007434246899999943,0,-0.1844791666666667,-0.19874166666666537,0,0,382,-1
2334,-576451647760,1.77908553680116,3.091628168323404,0.0026445365398542224,7.779523610656096e-4,4.480911157095455e-5,0.02051891328592763,0,2425886,0.01,0.019976920499999974,-9.434931000000467e-4,0,-0.06197916666666671,-0.04124166666666529,0,0,382,-1
2335,-576451647668,1.779114741008731,3.091637989647574,0.002661326819412082,0.0010069395759788454,0.010723214024898724,0.022667497448528945,0,2425897,0.011,0.022968970499999974,0.012221526899999948,0,-0.3069791666666667,0.16875833333333468,0,0,382,-1
2336,-576451647666,1.7791419026786361,3.091649082435552,0.0027704224925680096,0.0012168711850668774,0.012037163468843863,0.010861998649929866,0,2425907,0.01,0.009205540499999991,0.012221526899999948,0,-0.1669791666666667,0.08125833333333476,0,0,382,-1
2337,-576451647666,1.779170210223927,3.091661814331956,0.002891021282854006,0.0013286113756255772,0.012198841468063479,0.013082803928677075,0,2425917,0.01,0.013394410499999978,0.012221526899999948,0,2.099270833333333,-0.032491666666665364,0,0,382,-1
2338,-576451647665,1.779199881592657,3.0916757806428476,0.003036603951403384,0.0014635051411226263,0.029011607016123975,0.01597995430828799,0,2425927,0.01,0.016386460499999974,0.031370646899999945,0,-0.3157291666666667,0.12500833333333472,0,0,382,-1
2339,-576451647665,1.779231669646471,3.0916911943174776,0.0033222593914059646,0.0016201231770529782,0.025832600946695997,0.013712554818067152,0,2425937,0.01,0.013394410499999978,0.025386546899999942,0,-0.2719791666666667,-0.049991666666665324,0,0,382,-1
2340,-576451647665,1.7792662605094187,3.0917080833852197,0.003592554142959397,0.0017575935855859816,0.03436264565266663,0.013958334550092525,0,2425947,0.01,0.01399282049999998,0.03555951689999995,0,-0.3244791666666667,0.07250833333333473,0,0,382,-1
2341,-576451647664,1.7793038711798395,3.0917264706650407,0.0039310263673782144,0.0019148912342896497,0.030689249953866723,0.02658323071902917,0,2425957,0.01,0.028354660499999983,0.03017382689999995,0,-0.3419791666666667,-0.16374166666666534,0,0,382,-1
2342,-576451647664,1.7793446175490608,3.091746901403403,0.004222558098789381,0.0021733309790964526,0.01974170365520675,0.021314586710655434,0,2425967,0.01,0.020575330499999978,0.01820562689999994,0,-0.3682291666666667,0.09000833333333458,0,0,382,-1
2343,-576451647663,1.779387841686663,3.0917697040476178,0.0044217666718674945,0.0023870398663302914,0.02101852324822118,0.021715848487531015,0,2425977,0.01,0.021772150499999966,0.021197676899999948,0,-0.1932291666666667,0.09000833333333458,0,0,382,-1
2344,-576451647565,1.7763586080001164,3.088272064734292,0.00340512833574745,0.0010099088263001924,0.0033330009265738598,0.02543829089996404,0,2425987,0.01,0.025961020499999987,8.51736899999945e-4,0,-0.4207291666666667,-0.08499166666666536,0,1,383,2
2345,-576451647564,1.7778835579205257,3.0873244150632173,0.0040216430919804,8.538091580061655e-4,1.0761162454819705e-4,0.029045242914444182,0,2425998,0.011,0.029551480499999987,-3.450831000000438e-4,0,-0.3507291666666667,-0.04124166666666529,0,1,384,1
2348,-576451647563,1.7780099680243382,3.0873630312353844,0.004201353443043999,0.0016421891578564923,0.002738086013006508,0.02787392327146061,0,2426029,0.01,0.02775625049999998,0.0014501468999999479,0,-0.1407291666666667,0.011258333333334702,0,0,384,-1
2349,-576451647562,1.778056452022671,3.087382582996019,0.004246570083251189,0.0019198075308345301,0.012628946317736978,0.008878749387134881,0,2426040,0.011,0.006213490499999994,0.014016756899999957,0,-0.3419791666666667,0.04625833333333462,0,0,384,-1
2350,-576451647562,1.7781040038152955,3.0874043374646387,0.004396261860564108,0.0020316661502814606,0.019618540060913903,0.018086542702582323,0,2426051,0.011,0.019378510499999974,0.020599266899999955,0,-0.26322916666666674,-0.049991666666665324,0,0,384,-1
2351,-576451647562,1.7781489751105717,3.087425495261079,0.0045966496582973545,0.002202961786355493,0.022577699997108465,0.011347878769273938,0,2426061,0.01,0.01040236049999998,0.02299290689999995,0,-0.0969791666666667,-0.014991666666665293,0,0,384,-1
2352,-576451647561,1.7781960737887539,3.087448099019298,0.004822938321366462,0.0023174876812458098,0.02294181679023126,0.012093035721906897,0,2426071,0.01,0.012197590499999989,0.02299290689999995,0,-0.3419791666666667,-0.09374166666666528,0,0,384,-1
2353,-576451647463,1.7782454365039644,3.0874718463283193,0.005050209977463468,0.0024333914744321923,0.02141228869432062,0.008511284671173455,0,2426081,0.01,0.008008720499999986,0.021197676899999948,0,-0.3244791666666667,-0.04124166666666529,0,0,384,-1
2354,-576451647462,1.7771397152330481,3.0861878255641892,0.004811754489118546,0.0019354040911204757,0.02122400352535103,0.016466849224640475,0,2426091,0.01,0.017583280499999982,0.021197676899999948,0,-0.17572916666666671,0.07250833333333473,0,1,385,2
2355,-576451647461,1.777193884283573,3.0862101596520986,0.005038776001041038,0.0021236398630971954,0.017002698446913492,0.0211193472286002,0,2426102,0.011,0.021772150499999966,0.01641039689999995,0,-0.3944791666666667,0.14250833333333457,0,0,385,-1
2356,-576451647461,1.777245097916141,3.086232345057285,0.005205089267178723,0.002318527040010628,0.014384169099393558,0.009621948396829266,0,2426112,0.01,0.008008720499999986,0.014016756899999957,0,-0.21947916666666673,-0.014991666666665293,0,0,385,-1
2357,-576451647460,1.7772978745893084,3.0862560508296975,0.005349952875301553,0.0024208692099189763,0.01511152046673524,0.013979773497829336,0,2426122,0.01,0.014591230499999983,0.015213576899999946,0,-0.2719791666666667,0.2562583333333346,0,0,385,-1
2358,-576451647460,1.777352125779558,3.086280939734433,0.0055004572304036365,0.0025577372098534194,0.01467624189184617,0.011892106163631032,0,2426132,0.01,0.011599180499999986,0.01461516689999996,0,-0.2107291666666667,0.07250833333333473,0,0,385,-1
2359,-576451647459,1.7774078070958879,3.0863071424125015,0.00563830838713501,0.002681452224191424,0.008325355204079454,0.015308664867411342,0,2426142,0.01,0.015788050499999973,0.007434246899999943,0,-0.2982291666666667,-0.1287416666666653,0,0,385,-1
2360,-576451647459,1.7774646371456884,3.0863347591494517,0.005726356087115548,0.002840283051989923,0.011742113291420636,0.019402504007797295,0,2426152,0.01,0.019976920499999974,0.012221526899999948,0,-0.2982291666666667,-0.1287416666666653,0,0,385,-1
2361,-576451647459,1.7775225293079835,3.0863641649198224,0.005850257749004118,0.0030394328638481444,0.01636075419975208,0.02305490347787472,0,2426162,0.01,0.023567380499999974,0.017008806899999954,0,-0.17572916666666671,-0.04124166666666529,0,0,385,-1
2362,-576451647458,1.7775818738883111,3.0863956547389826,0.006017608013453486,0.003261040228157815,0.0190281746688398,0.016682217513426516,0,2426172,0.01,0.015788050499999973,0.01940244689999995,0,-0.1582291666666667,0.04625833333333462,0,0,385,-1
2363,-576451647458,1.77764294774845,3.0864291252106937,0.006199514360290684,0.0034319164480789764,0.013059066881260163,0.019571516023178772,0,2426182,0.01,0.019976920499999974,0.012221526899999948,0,-0.3157291666666667,-0.07624166666666532,0,0,385,-1
2364,-576451647360,1.775290199361162,3.0880303811933705,0.005388600952652035,0.004338743395938879,0.015473086081636403,0.015728986280868856,0,2426192,0.01,0.015189640499999987,0.01581198689999995,0,-0.3069791666666667,0.002508333333334667,0,1,386,1
2365,-576451647359,1.778858649649611,3.092012198574998,0.006936439120032136,0.006300076753212572,0.01839446619905268,0.015256537309864352,0,2426203,0.011,0.015189640499999987,0.018804036899999946,0,-0.2982291666666667,0.2037583333333346,0,1,387,2
2366,-576451647354,1.7789361685822398,3.0920824213206264,0.007153890827593582,0.006467808022168154,0.02819963052782299,0.015197871975275409,0,2426214,0.011,0.015189640499999987,0.029575416899999946,0,-0.3857291666666667,-0.14624166666666538,0,0,387,-1
2367,-576451647354,1.7790090010004724,3.0921478003398573,0.007418224058169494,0.006610833555398759,0.01576192193804465,0.008893326549316339,0,2426224,0.01,0.008008720499999986,0.014016756899999957,0,-0.3507291666666667,0.16875833333333468,0,0,387,-1
2368,-576451647353,1.7790840239880752,3.092214379566893,0.007584016651333485,0.006703838688628615,0.02157837611661323,0.011791009571866242,0,2426234,0.01,0.012197590499999989,0.022394496899999946,0,-0.14947916666666672,0.002508333333334667,0,0,387,-1
2369,-576451647353,1.7791609919963391,3.092282010711023,0.00780743297632208,0.006822249162940451,0.02701707050795217,0.012147561793580244,0,2426244,0.01,0.012197590499999989,0.027780186899999948,0,-0.26322916666666674,-0.006241666666665369,0,0,387,-1
2370,-576451647353,1.7792402864385979,3.092350906994487,0.008057188712999949,0.0069540951611834125,0.012467747653527794,0.019538315880740002,0,2426254,0.01,0.020575330499999978,0.01042629689999994,0,-0.21947916666666673,0.0637583333333347,0,0,387,-1
2371,-576451647352,1.7793215174925314,3.0924213811684425,0.008187453858196981,0.007142654715839846,0.016450041586242567,0.01467517901993486,0,2426264,0.01,0.01399282049999998,0.017008806899999954,0,-0.2719791666666667,0.05500833333333466,0,0,387,-1
2372,-576451647352,1.7794042142208355,3.092493554957576,0.008351905492306097,0.007291512193298432,0.016415275073647293,0.016175891846028183,0,2426274,0.01,0.016386460499999974,0.01641039689999995,0,-0.3419791666666667,-0.09374166666666528,0,0,387,-1
2373,-576451647352,1.7794885068530772,3.0925673465403465,0.008508688963701721,0.007463838798549418,0.01116322480308422,0.023707431865367005,0,2426284,0.01,0.024764200499999982,0.01042629689999994,0,-0.3157291666666667,0.10750833333333465,0,0,387,-1
2374,-576451647258,1.7795741696717804,3.092643107904107,0.008623096079762636,0.007691168528119129,0.013140860098429755,0.016762509403354175,0,2426294,0.01,0.015788050499999973,0.013418346899999954,0,-0.1582291666666667,-0.06749166666666528,0,0,387,-1
2377,-576451647257,1.7802340581889518,3.0926526423704073,0.00913124774383639,0.008087743819288638,0.016429655619244365,0.018511114640071376,0,2426326,0.011,0.01878010049999997,0.01760721689999996,0,-0.2107291666666667,-0.11124166666666535,0,0,388,-1
2378,-576451647256,1.7803262164463638,3.092734383952208,0.00929924230434285,0.008263512461166493,0.019036652806030115,0.011924898456073918,0,2426336,0.01,0.011000770499999982,0.01940244689999995,0,-0.1407291666666667,0.04625833333333462,0,0,388,-1
2379,-576451647256,1.7804201351257982,3.0928177124184364,0.009485635619325434,0.008397843840080986,0.01620877349954619,0.02265958115271867,0,2426346,0.01,0.024165790499999996,0.01581198689999995,0,-0.2282291666666667,0.03750833333333459,0,0,388,-1
2380,-576451647256,1.780515817670604,3.0929027601970045,0.009650180836969117,0.008614510113321969,0.01795991937753173,0.015584019679633212,0,2426356,0.01,0.014591230499999983,0.01820562689999994,0,-0.1407291666666667,0.14250833333333457,0,0,388,-1
2381,-576451647255,1.7806132005488264,3.0929896436666895,0.009827137002776582,0.008763974285614535,0.016076284302785463,0.011039949938970839,0,2426366,0.01,0.01040236049999998,0.01581198689999995,0,-0.2544791666666667,0.13375833333333476,0,0,388,-1
2382,-576451647254,1.7807123019401263,3.093077835098346,0.009991992611067257,0.008874325575621476,0.018993171401406862,0.011005591426202695,0,2426376,0.01,0.011000770499999982,0.01940244689999995,0,-0.1582291666666667,0.1512583333333346,0,0,388,-1
2383,-576451647254,1.7808233995966123,3.0931761733080636,0.010206270664867652,0.009003389632406749,0.022500750039779686,0.016249136045465195,0,2426387,0.011,0.016984870499999978,0.02299290689999995,0,-0.17572916666666671,0.08125833333333476,0,0,388,-1
2384,-576451647184,1.7784934887119614,3.090538513627195,0.009481314819137256,0.007922149879561665,0.025031282473761303,0.01689402391653465,0,2426397,0.01,0.016984870499999978,0.025386546899999942,0,-0.0882291666666667,-0.05874166666666536,0,1,389,2
2385,-576451647183,1.7810611199917579,3.0890468065963512,0.010707246837117993,0.007386653275986762,0.016946613652340813,0.018547798543360645,0,2426408,0.011,0.01878010049999997,0.01581198689999995,0,-0.1932291666666667,0.04625833333333462,0,1,390,1
2386,-576451647183,1.781179891942153,3.0891291895579456,0.0,0.0,0.0,0.0,1,2426419,0.011,0.019378510499999974,0.013418346899999954,0,-0.1319791666666667,-0.1287416666666653,0,0,390,-1
2387,-576451647181,1.7811800367395392,3.0891293390533003,0.0,0.0,0.0,0.0,1,2426429,0.01,0.018181690499999983,0.01760721689999996,0,-0.0707291666666667,0.0637583333333347,0,0,390,-1
2388,-576451647181,1.7811801907926381,3.089129521413447,0.0,0.0,0.0,0.0,1,2426439,0.01,0.022968970499999974,0.01940244689999995,0,-0.24572916666666672,0.13375833333333476,0,0,390,-1
2389,-576451647180,1.7811803580133008,3.0891297073268578,0.0,0.0,0.0,0.0,1,2426449,0.01,0.023567380499999974,0.021197676899999948,0,-0.07947916666666671,0.16000833333333464,0,0,390,-1
2390,-576451647180,1.7811804590392197,3.089129935486986,0.0,0.0,0.0,0.0,1,2426459,0.01,0.028953070499999983,0.012819936899999952,0,-0.1144791666666667,-0.17249166666666538,0,0,390,-1
2391,-576451647177,1.781180593053144,3.089130041022764,0.0,0.0,0.0,0.0,1,2426469,0.01,0.013394410499999978,0.017008806899999954,0,-0.23697916666666669,0.09000833333333458,0,0,390,-1
2392,-576451647166,1.779491359043766,3.0872573146948596,-6.453505728069303e-4,-8.251670721896554e-4,0.011242333725325543,0.0201424393932998,0,2426480,0.011,0.022968970499999974,0.012819936899999952,0,-0.26322916666666674,-0.10249166666666532,0,1,391,2
2393,-576451647142,1.7794849335436458,3.0872493539521195,-5.227875449174329e-4,-6.183827201906837e-4,0.010526708070177583,0.010551296943603758,0,2426491,0.011,0.009205540499999991,0.01042629689999994,0,-0.3857291666666667,-0.1549916666666653,0,0,391,-1
2394,-576451647142,1.7794802409376036,3.0872437603466247,-4.161550451752693e-4,-5.033670149185622e-4,0.011488206697214459,0.017242790781185426,0,2426501,0.01,0.018181690499999983,0.011623116899999963,0,-0.5694791666666668,-0.08499166666666536,0,0,391,-1
2395,-576451647135,1.779476635870314,3.0872395582683145,-3.040564273028126e-4,-3.356814950226958e-4,0.009507407619537283,0.013867943501566712,0,2426511,0.01,0.013394410499999978,0.009229476899999934,0,-0.1582291666666667,0.028758333333334773,0,0,391,-1
2396,-576451647125,1.7783478259268954,3.0879569098485256,-6.38123728011874e-4,1.3174973917346114e-4,0.018709577129170478,0.01187843794778167,0,2426521,0.01,0.011599180499999986,0.02000085689999995,0,-0.1582291666666667,-0.04124166666666529,0,1,392,1
2397,-576451647115,1.778341983039402,3.087959097244348,-4.257846966724102e-4,2.6524252051820276e-4,0.022990631749975277,0.013732651326672783,0,2426532,0.011,0.01399282049999998,0.023591316899999944,0,-0.07947916666666671,0.020008333333334738,0,0,392,-1
2398,-576451647105,1.7783388697660212,3.087962355371514,-1.9661985872724479e-4,3.9023996807680835e-4,0.022467849714488435,0.005039594388704761,0,2426542,0.01,0.003819850499999965,0.022394496899999946,0,-0.4382291666666667,0.2650083333333346,0,0,392,-1
2399,-576451647095,1.778338040624634,3.0879665807537835,3.0180179860441935e-5,4.516672484618877e-4,0.023977854472534598,0.012891149738689118,0,2426552,0.01,0.01399282049999998,0.024189726899999948,0,-0.2544791666666667,0.03750833333333459,0,0,392,-1
2400,-576451647084,1.7783394674753632,3.087971812029257,2.5843630379345336e-4,5.91508367164664e-4,0.015767220809700427,0.020679366876723386,0,2426562,0.01,0.021772150499999966,0.01461516689999996,0,-0.3857291666666667,0.1775083333333347,0,0,392,-1
2401,-576451647069,1.7765689182220616,3.0860229498735006,-2.7316659200585924e-4,-1.007068546927931e-4,0.02157889261217168,0.0195383321327429,0,2426572,0.01,0.019378510499999974,0.022394496899999946,0,-0.2719791666666667,0.011258333333334702,0,1,393,2
2402,-576451647060,1.7765670970656393,3.086023526088395,1.537421527966066e-5,1.815157043406126e-4,0.014422480437529445,0.02412117123757461,0,2426586,0.014,0.024764200499999982,0.013418346899999954,0,-0.2982291666666667,-0.032491666666665364,0,0,393,-1
2404,-576451646950,1.7765702358032192,3.0860336113583666,2.360779719555417e-4,7.478331501877125e-4,0.003212690530916087,0.02816141781994694,0,2426608,0.011,0.028354660499999983,0.0026469668999999536,0,-0.12322916666666671,0.1775083333333347,0,0,393,-1
2405,-576451646950,1.7765728365727262,3.086042469699602,2.801773225048663e-4,0.0010252137532044416,0.011637790678072524,0.025182219094044292,0,2426618,0.01,0.024764200499999982,0.012819936899999952,0,-0.1669791666666667,0.16875833333333468,0,0,393,-1
2406,-576451646949,1.776576120276138,3.0860539015563027,3.810499637650201e-4,0.0012647210177480397,6.046005486760597e-4,0.01641920083169665,0,2426628,0.01,0.015189640499999987,-9.434931000000467e-4,0,-0.2107291666666667,-0.08499166666666536,0,0,393,-1
2407,-576451646948,1.7765800432142165,3.086067369468208,3.9992011354463437e-4,0.0014288727321581478,0.009742540410032625,0.016390489111105903,0,2426638,0.01,0.016386460499999974,0.011024706899999943,0,-0.3419791666666667,0.07250833333333473,0,0,393,-1
2408,-576451646948,1.7765845915196639,3.086082496551228,5.070230240420851e-4,0.0015957180467599157,0.016639489286683542,0.018486065147232677,0,2426648,0.01,0.01878010049999997,0.01760721689999996,0,-0.17572916666666671,0.0637583333333347,0,0,393,-1
2409,-576451646948,1.7765904872043896,3.086099347347137,6.723996941565141e-4,0.0017757861933179004,0.015913808877127743,0.015070479588279295,0,2426658,0.01,0.014591230499999983,0.01581198689999995,0,-0.2107291666666667,0.0637583333333347,0,0,393,-1
2410,-576451646947,1.7765981051006892,3.0861178030941017,8.468753799985996e-4,0.0019178016785354503,0.026844837745474408,0.008877651253481549,0,2426668,0.01,0.008008720499999986,0.02837859689999995,0,-0.06197916666666671,-0.08499166666666536,0,0,393,-1
2411,-576451646947,1.7766078574586766,3.0861374087176485,0.001106166092215982,0.0020040363393646803,0.02031821338314093,0.007066085659290825,0,2426678,0.01,0.00681190049999998,0.01940244689999995,0,-0.2719791666666667,-0.02374166666666533,0,0,393,-1
2412,-576451646947,1.7766200173962168,3.086157889963791,0.0013222116251911593,0.002088374653403504,0.0294858969926396,0.016813944762868897,0,2426688,0.01,0.018181690499999983,0.030772236899999944,0,-0.2807291666666667,-0.14624166666666538,0,0,393,-1
2413,-576451646848,1.7766363299909258,3.086181952179229,0.0016442736034650096,0.0022839685107995974,0.02799007000950427,0.023785942586967763,0,2426699,0.011,0.024764200499999982,0.027780186899999948,0,-0.2807291666666667,0.16000833333333464,0,0,393,-1
2414,-576451646848,1.7790386379356753,3.088886344894771,0.002886670973001163,0.0037791598486419335,0.023608015961523742,0.021495565930968956,0,2426710,0.011,0.021173740499999982,0.02299290689999995,0,-0.1669791666666667,0.028758333333334773,0,1,395,2
2415,-576451646848,1.779068649483464,3.088925330549514,0.003117513195272889,0.004012345475245515,0.019919931034999006,0.03433277112509873,0,2426720,0.01,0.03613399049999998,0.01940244689999995,0,-0.1582291666666667,-0.09374166666666528,0,0,395,-1
2416,-576451646847,1.7791007928605178,3.088967094799074,0.003312387721751341,0.00434388181542298,0.016842235780677225,0.025941587774058993,0,2426730,0.01,0.024764200499999982,0.01641039689999995,0,-0.0969791666666667,-0.1287416666666653,0,0,395,-1
2417,-576451646847,1.7791347224132437,3.0890117553364993,0.0034751233821751553,0.004591538212395319,0.012790092890302543,0.01756219360531658,0,2426740,0.01,0.016386460499999974,0.012221526899999948,0,-0.03572916666666671,0.07250833333333473,0,0,395,-1
2418,-576451646846,1.7791700567972542,3.0890586574534633,0.0,0.0,0.0,0.0,1,2426750,0.01,0.03134671049999998,0.005639016899999951,0,-0.0707291666666667,0.0637583333333347,0,0,395,-1
2419,-576451646846,1.7791701436613692,3.089058843142369,0.0,0.0,0.0,0.0,1,2426760,0.01,0.023567380499999974,0.011024706899999943,0,-0.14947916666666672,0.16000833333333464,0,0,395,-1
2420,-576451646846,1.7791702163795036,3.0890589486756164,0.0,0.0,0.0,0.0,1,2426770,0.01,0.013394410499999978,0.009229476899999934,0,-0.10572916666666671,0.12500833333333472,0,0,395,-1
2421,-576451646845,1.7791702466642336,3.0890589929161543,0.0,0.0,0.0,0.0,1,2426780,0.01,0.005615080499999991,0.0038437868999999423,0,-0.12322916666666671,0.03750833333333459,0,0,395,-1
2422,-576451646845,1.779170347670918,3.0890591503118205,0.0,0.0,0.0,0.0,1,2426790,0.01,0.019976920499999974,0.012819936899999952,0,-0.2282291666666667,0.19500833333333478,0,0,395,-1
2423,-576451646746,1.779170481681179,3.0890593642850477,0.0,0.0,0.0,0.0,1,2426800,0.01,0.027157840499999992,0.017008806899999954,0,-0.0882291666666667,0.08125833333333476,0,0,395,-1
2424,-576451646745,1.7769685947874791,3.0904740696882267,-8.45904904438588e-4,6.795162116840706e-4,0.015440540102727073,0.016994197783400715,0,2426810,0.01,0.019378510499999974,0.01760721689999996,0,-0.2719791666666667,-0.2074916666666653,0,1,396,1
2425,-576451646745,1.7769610177510924,3.090481691800683,-6.741074539284297e-4,8.457654839313e-4,0.027836157744828106,0.014362132025900688,0,2426820,0.01,0.01399282049999998,0.029575416899999946,0,-0.14947916666666672,0.09000833333333458,0,0,396,-1
2426,-576451646744,1.776955649081563,3.090490770422479,-3.987600978956308e-4,9.742058533446071e-4,0.025687965026917527,0.0035427186186517898,0,2426830,0.01,0.0020246204999999737,0.025386546899999942,0,-0.17572916666666671,-0.08499166666666536,0,0,396,-1
2427,-576451646744,1.7769529340834307,3.090500734227798,-1.4372398644775522e-4,0.00101660098922602,0.02437408113359,0.008508745264892256,0,2426840,0.01,0.009205540499999991,0.024189726899999948,0,-0.21947916666666673,0.002508333333334667,0,0,396,-1
2428,-576451646744,1.7769527093816764,3.090511387741613,9.905365475485652e-5,0.0011113817614415713,0.0236876339658739,0.015417128503625787,0,2426850,0.01,0.016386460499999974,0.023591316899999944,0,-0.4469791666666667,0.020008333333334738,0,0,396,-1
2436,-576451646644,1.7746839499664024,3.088030908721866,2.6908136160537087e-4,0.001541224325592915,0.015815602459938304,0.008097671847057487,0,2426931,0.01,0.005615080499999991,0.017008806899999954,0,-0.2544791666666667,0.028758333333334773,0,0,397,-1
2437,-576451646643,1.7750622064713342,3.0878085837588953,5.841881510124517e-4,0.001520590940162178,0.011614245960990454,0.009069186911652309,0,2426942,0.011,0.009205540499999991,0.011024706899999943,0,-0.1844791666666667,-0.02374166666666533,0,1,398,1
2438,-576451646643,1.7750694071243682,3.0878257423607973,7.224726669404273e-4,0.0016035486008356124,0.018444129400671645,-0.0018315593687612212,0,2426953,0.011,-0.0033610695000000183,0.01940244689999995,0,-0.14947916666666672,0.10750833333333465,0,0,398,-1
2439,-576451646642,1.7750785590933225,3.0878433415202977,9.379927226272413e-4,0.0015934791125757851,0.026631409750280527,0.004698791185796692,0,2426964,0.011,0.005615080499999991,0.027780186899999948,0,-0.2107291666666667,-0.16374166666666534,0,0,398,-1
2440,-576451646642,1.775089151986804,3.0878595384840035,0.0011863580381613142,0.0016445898287263234,0.01399462482165764,0.007601442463889268,0,2426974,0.01,0.008008720499999986,0.012221526899999948,0,-0.2719791666666667,-0.16374166666666534,0,0,398,-1
2441,-576451646641,1.7751017439890326,3.087876529253398,0.0013307562055799088,0.0017461791369687858,0.01716269701233265,0.02580103198338645,0,2426984,0.01,0.028354660499999983,0.01760721689999996,0,-0.1844791666666667,0.22125833333333467,0,0,398,-1
2442,-576451646641,1.7751159131926904,3.0878952917999527,0.001502930247392309,0.0020058592842596232,0.01755251990508698,0.026990888805396306,0,2426994,0.01,0.027157840499999992,0.01760721689999996,0,-0.1932291666666667,0.020008333333334738,0,0,398,-1
2443,-576451646567,1.7751318582777353,3.0879166352331398,0.00168441350723932,0.0022656647835489403,0.021798704454246136,0.01979041625556394,0,2427004,0.01,0.01878010049999997,0.022394496899999946,0,-0.2982291666666667,0.04625833333333462,0,0,398,-1
2444,-576451646567,1.7741620067029686,3.086832637782571,0.001495980841166878,0.0019286066606497869,0.011825566793634067,0.005784850781280714,0,2427014,0.01,0.003819850499999965,0.01042629689999994,0,-0.2719791666666667,-0.22499166666666537,0,1,399,2
2445,-576451646566,1.774177625473614,3.0868523421495158,0.0016250317473003935,0.0020068627020707152,0.019519686338126396,0.020329732844606777,0,2427024,0.01,0.02237056049999997,0.020599266899999955,0,-0.1319791666666667,0.04625833333333462,0,0,399,-1
2446,-576451646566,1.7741948131587306,3.086873424511981,0.001814193739175983,0.00220972591742181,0.015218655027754088,0.02002033312461726,0,2427034,0.01,0.019976920499999974,0.01461516689999996,0,-0.2807291666666667,0.19500833333333478,0,0,399,-1
2447,-576451646565,1.7742136782689362,3.086896555447617,0.0019604834190603292,0.0024150301234104167,0.011015983875560242,0.023655702948769935,0,2427044,0.01,0.024165790499999996,0.01042629689999994,0,0.008020833333333297,0.028758333333334773,0,0,399,-1
2448,-576451646565,1.7742338811196028,3.086921826546401,0.002078017268065254,0.00264190621521783,0.01627140589820836,0.016756144297165536,0,2427054,0.01,0.015788050499999973,0.017008806899999954,0,-0.2282291666666667,0.0637583333333347,0,0,399,-1
2449,-576451646565,1.7742554193799802,3.086949174798889,0.0022320664198653326,0.0028237393251417018,0.010095967613416197,0.026927493798699673,0,2427064,0.01,0.028354660499999983,0.009229476899999934,0,-0.3419791666666667,0.05500833333333466,0,0,399,-1
2450,-576451646565,1.7742806846449648,3.086981741037132,0.0023579803717016933,0.0031018293459737483,0.01983164097400307,0.015059620558947655,0,2427075,0.011,0.013394410499999978,0.021197676899999948,0,-0.2719791666666667,0.16000833333333464,0,0,399,-1
2451,-576451646561,1.7743051303036452,3.0870135329291566,0.0025371561426803233,0.0032555643565173585,0.00633582723597113,0.0172727508279032,0,2427085,0.01,0.017583280499999982,0.004442196899999945,0,-0.2719791666666667,0.09000833333333458,0,0,399,-1
2452,-576451646550,1.7729939979662606,3.0879053183209115,0.0020924939177116727,0.0038224618917923445,0.020418420145345683,0.013871733794415756,0,2427095,0.01,0.013394410499999978,0.022394496899999946,0,-0.3332291666666667,0.05500833333333466,0,1,400,1
2453,-576451646539,1.774084712517522,3.0891349863740247,0.0027445282464195605,0.004530714397438384,0.02215144342294363,0.015027652287036432,0,2427106,0.011,0.015189640499999987,0.022394496899999946,0,-0.1582291666666667,0.16875833333333468,0,1,401,2
2454,-576451646530,1.7741162058344822,3.0891856621312543,0.0029828609126956486,0.004685722740083464,0.018691149173073608,0.008347604233176015,0,2427117,0.011,0.007410310499999982,0.01820562689999994,0,-0.2019791666666667,-0.032491666666665364,0,0,401,-1
2455,-576451646519,1.7741469453107577,3.089232968370948,0.0031661867251497515,0.004773993495689698,0.01616626019254114,0.011723859886153666,0,2427127,0.01,0.012197590499999989,0.01581198689999995,0,-0.2982291666666667,0.10750833333333465,0,0,401,-1
2456,-576451646506,1.7741794364254664,3.089281345761208,0.0033310998788836305,0.00489919013052357,0.01847946546202318,0.017387071545855923,0,2427137,0.01,0.018181690499999983,0.018804036899999946,0,-0.0969791666666667,-0.014991666666665293,0,0,401,-1
2457,-576451646499,1.7742136314728727,3.089331203843739,0.003509665818489058,0.005072565857633517,0.014041104135213133,0.0170343602735051,0,2427147,0.01,0.016984870499999978,0.013418346899999954,0,-0.2282291666666667,0.020008333333334738,0,0,401,-1
2458,-576451646489,1.774253010280146,3.0893881144579622,0.0036528725431661385,0.005271891334077407,0.006672871482242654,0.024862618600456837,0,2427158,0.011,0.025961020499999987,0.005639016899999951,0,-0.2544791666666667,0.08125833333333476,0,0,401,-1
2459,-576451646479,1.7742899424260026,3.089441987696918,0.003730223799375696,0.005506998159041146,0.014162665717510965,0.01533032036873649,0,2427168,0.01,0.01399282049999998,0.015213576899999946,0,-0.2107291666666667,-0.02374166666666533,0,0,401,-1
2460,-576451646467,1.7743279706241004,3.0894978752848634,0.0038746199034799273,0.005668238391327076,0.0161338195308759,0.02097950036286212,0,2427178,0.01,0.021772150499999966,0.01641039689999995,0,-0.07947916666666671,-0.1287416666666653,0,0,401,-1
2461,-576451646459,1.774367591773335,3.0895555656972564,0.004046608747353681,0.005871644409473228,0.023723246067784667,0.01642684465661255,0,2427188,0.01,0.015788050499999973,0.02478813689999994,0,-0.3244791666666667,0.09000833333333458,0,0,401,-1
2462,-576451646449,1.7744091675344313,3.089615150321012,0.004271897390010817,0.006043226588035865,0.015211114685473337,0.02163920200678162,0,2427198,0.01,0.02237056049999997,0.014016756899999957,0,-0.3332291666666667,-0.014991666666665293,0,0,401,-1
2463,-576451646336,1.7744526235089142,3.0896765995857582,0.004420329919169719,0.006249473585407688,0.012589387759391519,0.014408910259440483,0,2427208,0.01,0.013394410499999978,0.012221526899999948,0,-0.0532291666666667,0.002508333333334667,0,0,401,-1
2464,-576451646336,1.7744973920865776,3.0897397831999136,0.004536198891128871,0.006388632733131443,0.005444687158264221,0.010895355836970658,0,2427218,0.01,0.01040236049999998,0.004442196899999945,0,-0.3682291666666667,0.07250833333333473,0,0,401,-1
2465,-576451646335,1.7745431315665414,3.089804252843984,0.004607084089376115,0.006503606622931635,0.01716020429512151,0.015186017379504892,0,2427228,0.01,0.015788050499999973,0.018804036899999946,0,-0.0969791666666667,-0.014991666666665293,0,0,401,-1
2466,-576451646335,1.774590012076831,3.089870095387606,0.004771136565240071,0.006662834531481824,0.011779663605245773,0.02043696702788221,0,2427238,0.01,0.021173740499999982,0.011024706899999943,0,-0.3244791666666667,0.08125833333333476,0,0,401,-1
2467,-576451646335,1.7746383630550242,3.089937694808648,0.004896840178946284,0.006859274850120079,0.01741492913507291,0.014785755663607028,0,2427248,0.01,0.01399282049999998,0.01820562689999994,0,-0.1407291666666667,0.07250833333333473,0,0,401,-1
2468,-576451646335,1.7746881895738893,3.0900070347418875,0.00506901709232887,0.0070083657040076845,0.016009224696800627,0.015664720774854986,0,2427258,0.01,0.015788050499999973,0.01581198689999995,0,-0.17572916666666671,-0.032491666666665364,0,0,401,-1
2469,-576451646334,1.7747397022260227,3.0900779403250453,0.005232548281695261,0.0071710552869707084,0.018460142660164415,0.019971092978557734,0,2427268,0.01,0.020575330499999978,0.018804036899999946,0,-0.23697916666666669,0.002508333333334667,0,0,401,-1
2470,-576451646334,1.774798413147427,3.0901580576547834,0.0054408755128379956,0.007394749609702271,0.021910385030514366,0.022600089610551936,0,2427279,0.011,0.022968970499999974,0.022394496899999946,0,-0.14947916666666672,0.002508333333334667,0,0,401,-1
2471,-576451646334,1.7748538969327137,3.0902331088360375,0.0,0.0,0.0,0.0,1,2427289,0.01,0.019378510499999974,0.01940244689999995,0,-0.2019791666666667,0.11625833333333468,0,0,401,-1
2472,-576451646333,1.7748540508134698,3.0902331818451554,2.3905896341402535e-5,1.1342213592636256e-5,0.017015027194308602,0.008072823121387306,0,2427299,0.01,0.009205540499999991,0.01940244689999995,0,-0.2807291666666667,0.0637583333333347,0,0,401,-1
2473,-576451646234,1.7748551500144085,3.0902337503210733,1.9552140903921075e-4,1.0009248286125513e-4,0.01805912675939356,0.013789157735382659,0,2427309,0.01,0.014591230499999983,0.01820562689999994,0,-0.26322916666666674,0.1512583333333346,0,0,401,-1
2474,-576451646233,1.7757408225493105,3.091247744528055,7.3518606903303e-4,7.302568842662207e-4,0.022385884111541025,0.026562533385592932,0,2427319,0.01,0.028354660499999983,0.02299290689999995,0,-0.3419791666666667,0.19500833333333478,0,1,402,2
2475,-576451646233,1.7763269581264611,3.090887906208693,0.0011996080924667738,8.347060730679767e-4,0.016096157338780427,0.01606421880833325,0,2427330,0.011,0.014591230499999983,0.015213576899999946,0,-0.03572916666666671,0.020008333333334738,0,1,403,1
2476,-576451646233,1.7763411534575004,3.0908981080148563,0.0013803260245631112,0.0010183187051814176,0.01847083949153038,0.020545027387872165,0,2427341,0.011,0.021173740499999982,0.018804036899999946,0,-0.2807291666666667,0.29125833333333473,0,0,403,-1
2477,-576451646232,1.7763558486789117,3.0909093776640724,0.0015602326721624084,0.001232749686343362,0.01508959720104188,0.026868928594223542,0,2427351,0.01,0.02775625049999998,0.01461516689999996,0,-0.1669791666666667,0.2300083333333347,0,0,403,-1
2478,-576451646232,1.7763721732182984,3.090923050897494,0.001706119448525692,0.001501794999128353,0.01152488088610585,0.027122290655147197,0,2427361,0.01,0.027157840499999992,0.011024706899999943,0,-0.1319791666666667,0.0637583333333347,0,0,403,-1
2479,-576451646231,1.7763898633558708,3.0909393544350423,0.00182959024566642,0.0017620147163305334,0.017383578796248158,0.019281807670845356,0,2427371,0.01,0.018181690499999983,0.01820562689999994,0,-0.1932291666666667,0.07250833333333473,0,0,403,-1
2480,-576451646231,1.7764090019054992,3.090957896993564,0.001999283154908533,0.0019483246874897997,0.014431035417657237,0.01464361636404252,0,2427381,0.01,0.01399282049999998,0.014016756899999957,0,-0.3419791666666667,-0.02374166666666533,0,0,403,-1
2481,-576451646231,1.7764296705903753,3.0909781638726734,0.0021364567816170243,0.0021027960182475863,0.009344737665486979,0.02037022601942199,0,2427391,0.01,0.021173740499999982,0.008631066899999948,0,-0.2107291666666667,-0.07624166666666532,0,0,403,-1
2482,-576451646230,1.7764515486350998,3.091000141237921,0.002237125611986536,0.0022957057355344613,0.014491431775200722,0.012678434421967113,0,2427401,0.01,0.011599180499999986,0.015213576899999946,0,-0.0532291666666667,0.10750833333333465,0,0,403,-1
2483,-576451646230,1.7764746501525028,3.091023818009687,0.002382928510226875,0.0024358886400842024,0.015124718854919322,0.022227524523334152,0,2427411,0.01,0.023567380499999974,0.015213576899999946,0,-0.3769791666666667,0.11625833333333468,0,0,403,-1
2484,-576451646172,1.776499269377234,3.09104919510332,0.0025394393298715933,0.0026436133340886664,0.018876083793168612,0.011857415615359706,0,2427421,0.01,0.01040236049999998,0.01940244689999995,0,-0.17572916666666671,0.002508333333334667,0,0,403,-1
2485,-576451646172,1.7769410528763023,3.091547673316721,0.002916127752081472,0.003013489753974525,0.021436824747163248,0.024750452706065365,0,2427432,0.011,0.02655943049999999,0.021796086899999942,0,-0.4119791666666667,-0.2074916666666653,0,1,404,2
2486,-576451646172,1.7769743918629664,3.0915822296242452,0.0031467568673206347,0.0032728222693108305,0.018078440003286955,0.016366073121161902,0,2427443,0.011,0.015189640499999987,0.01760721689999996,0,-0.21947916666666673,-0.09374166666666528,0,0,404,-1
2487,-576451646171,1.7770067151859124,3.091615805840045,0.003320247154593245,0.003440979893480837,0.012942204545936925,0.019532615292986,0,2427453,0.01,0.019976920499999974,0.012221526899999948,0,-0.2807291666666667,-0.02374166666666533,0,0,404,-1
2488,-576451646171,1.7770406825775038,3.0916511150299164,0.0034679541699728276,0.0036243173327571744,0.025954412468178638,0.011001036937424553,0,2427463,0.01,0.009803950499999978,0.027780186899999948,0,-0.3419791666666667,0.09875833333333461,0,0,404,-1
2489,-576451646171,1.7770765184630595,3.0916879365777703,0.0037054420032635307,0.00373874615126452,0.010237881458766987,0.01414946669037766,0,2427473,0.01,0.014591230499999983,0.008032656899999945,0,-0.2282291666666667,-0.02374166666666533,0,0,404,-1
2490,-576451646163,1.7764635536490776,3.092143887619035,0.003553484984038128,0.004085890538871981,0.01197739805325461,0.022408579568521922,0,2427483,0.01,0.023567380499999974,0.012221526899999948,0,-0.23697916666666669,-0.014991666666665293,0,1,405,1
2491,-576451646153,1.7764996800825639,3.092185880657185,0.0036720867866085003,0.004312138476681061,0.011141933023306867,0.023949570348669187,0,2427493,0.01,0.024165790499999996,0.011024706899999943,0,-0.06197916666666671,0.09875833333333461,0,0,405,-1
2494,-576451646102,1.7765793516837576,3.092281374501009,2.2431285450472486e-5,1.4291435237708408e-5,0.015965472725655863,0.01017193205869278,0,2427524,0.01,0.011599180499999986,0.01820562689999994,0,-0.3419791666666667,0.11625833333333468,0,0,405,-1
2495,-576451646102,1.776580321141623,3.0922820514284948,1.7379619415523433e-4,1.1997657797216984e-4,0.010058323346765659,0.012997893062194628,0,2427534,0.01,0.013394410499999978,0.009229476899999934,0,-0.1144791666666667,0.2037583333333346,0,0,405,-1
2496,-576451646101,1.7765828064113278,3.0922842544085944,2.793238442516305e-4,2.7709965598883486e-4,0.0067075780885293874,0.022266833062961316,0,2427545,0.011,0.023567380499999974,0.0062374268999999365,0,-0.2107291666666667,0.07250833333333473,0,0,405,-1
2497,-576451646092,1.7765859996327868,3.0922881395942503,3.5623472188140934e-4,4.998969980538901e-4,0.01364215903917137,0.022357797113583645,0,2427555,0.01,0.02237056049999997,0.01461516689999996,0,-0.1582291666666667,0.1775083333333347,0,0,405,-1
2498,-576451646083,1.7765903182489693,3.0922942233332824,5.041774404160674e-4,7.183295562078705e-4,0.021842322140203832,0.018695549358819362,0,2427565,0.01,0.018181690499999983,0.02299290689999995,0,-0.0969791666666667,0.020008333333334738,0,0,405,-1
2499,-576451646072,1.7765964045764024,3.0923023467930335,0.0,0.0,0.0,0.0,1,2427575,0.01,0.019378510499999974,0.01581198689999995,0,-0.1319791666666667,-0.1812416666666653,0,0,405,-1
2500,-576451646060,1.7798546419506844,3.0901798010025634,0.001310714261639731,-9.625969086393754e-4,0.016490498669320997,0.01751855451455375,0,2427585,0.01,0.019976920499999974,0.018804036899999946,0,-0.2982291666666667,-0.11124166666666535,0,1,407,1
2501,-576451646050,1.7798701705089506,3.0901702189757625,0.0015088209321676904,-7.778147795888288e-4,0.027440575131414457,0.01232754379566071,0,2427596,0.011,0.011599180499999986,0.028977006899999953,0,-0.3594791666666667,0.09000833333333458,0,0,407,-1
2502,-576451646040,1.7798865555680896,3.0901632124116096,0.0017717408075958372,-6.308843045955748e-4,0.019341962822080186,0.029006452407306805,0,2427606,0.01,0.03134671049999998,0.01820562689999994,0,-0.1932291666666667,-0.006241666666665369,0,0,407,-1
2503,-576451646029,1.7799051978347373,3.090158277535461,0.0019585992084235533,-3.526824368109889e-4,0.014672009385460365,0.020563203253095762,0,2427616,0.01,0.019378510499999974,0.014016756899999957,0,-0.3332291666666667,0.07250833333333473,0,0,407,-1
2504,-576451646020,1.779925441463072,3.090155788405582,0.0020934661809192514,-1.455625841239505e-4,0.006225725468072558,0.02162339274303889,0,2427626,0.01,0.021772150499999966,0.005040606899999948,0,-0.07947916666666671,0.011258333333334702,0,0,407,-1
2505,-576451646010,1.7799467629522634,3.090155419837279,0.0021675193134872866,7.159073197176223e-5,0.014632422819013212,0.022278623486301656,0,2427636,0.01,0.02237056049999997,0.01581198689999995,0,-0.1582291666666667,0.07250833333333473,0,0,407,-1
2506,-576451646000,1.7799691036218244,3.090157146672133,0.002303513695974411,2.782908446580026e-4,0.007270408914564851,0.010814148738769862,0,2427646,0.01,0.009205540499999991,0.0062374268999999365,0,-0.3594791666666667,0.09000833333333458,0,0,407,-1
2507,-576451645988,1.778568038507296,3.0885680471975707,0.001810372380482888,-3.374643383361871e-4,0.005314862325094531,0.018324478899117196,0,2427657,0.011,0.019378510499999974,0.005040606899999948,0,-0.2982291666666667,0.04625833333333462,0,1,408,2
2508,-576451645979,1.7785883003737295,3.0885653749324433,0.0018725095897412169,-1.457939632858094e-4,0.0076982394753577175,0.011901933422443592,0,2427668,0.011,0.011000770499999982,0.008032656899999945,0,-0.2982291666666667,0.0637583333333347,0,0,408,-1
2509,-576451645968,1.778607467201071,3.08856452921497,0.0019581061972995246,-2.41707017237815e-5,0.013764057299157334,0.01373554238260252,0,2427678,0.01,0.01399282049999998,0.01461516689999996,0,-0.24572916666666672,0.13375833333333476,0,0,408,-1
2510,-576451645958,1.7786278002303821,3.088564981071295,0.0021056447045589683,1.1423919017698682e-4,0.020807766929607553,0.014485940343354809,0,2427688,0.01,0.014591230499999983,0.021796086899999942,0,-0.14947916666666672,0.10750833333333465,0,0,408,-1
2511,-576451645948,1.7786498812588187,3.0885668721935606,0.0023112563846167692,2.6291048776281044e-4,0.019050590573473507,0.01720216099670662,0,2427698,0.01,0.017583280499999982,0.018804036899999946,0,-0.12322916666666671,-0.04124166666666529,0,0,408,-1
2512,-576451645938,1.7786740245756325,3.0885703974193843,0.0025139767584313097,4.405554756364675e-4,0.027755587660097503,0.021209825394759494,0,2427708,0.01,0.021772150499999966,0.028977006899999953,0,-0.1582291666666667,-0.06749166666666528,0,0,408,-1
2513,-576451645927,1.7782631618069693,3.0888600052609085,0.0025997028891022182,7.71979969163176e-4,0.01465769495186674,0.011732226025223487,0,2427718,0.01,0.01040236049999998,0.012819936899999952,0,-0.3769791666666667,0.1775083333333347,0,1,409,1
2514,-576451645917,1.778292672722884,3.0888692766675163,0.0027648852612427353,9.112679839608431e-4,0.01724428603578642,0.018437655445760703,0,2427729,0.011,0.019378510499999974,0.01760721689999996,0,-0.07947916666666671,0.020008333333334738,0,0,409,-1
2515,-576451645907,1.7783212111550015,3.088879299389943,0.0029415008657777556,0.0010938376486274639,0.02018644538997475,0.01716363184002673,0,2427739,0.01,0.016984870499999978,0.020599266899999955,0,-0.1932291666666667,-0.11124166666666535,0,0,409,-1
2516,-576451645897,1.7783516529918324,3.088891070804328,0.003146085873652699,0.0012615671890706778,0.022122802009485094,0.01438298043782769,0,2427749,0.01,0.01399282049999998,0.022394496899999946,0,-0.3769791666666667,0.10750833333333465,0,0,409,-1
2517,-576451645887,1.7783841843746089,3.0889043553497384,0.0033617566779663216,0.0013975523540628104,0.018162847688666682,0.008793056303788157,0,2427759,0.01,0.008008720499999986,0.01760721689999996,0,-0.1407291666666667,0.07250833333333473,0,0,409,-1
2518,-576451645860,1.778422175195571,3.0889203190275607,0.003548790620025979,0.0015028371932959642,0.009803927282119752,0.014402557755341116,0,2427770,0.011,0.015189640499999987,0.008631066899999948,0,-0.2807291666666667,0.020008333333334738,0,0,409,-1
2519,-576451645859,1.7784581632717622,3.088936054401993,0.0036483482426139875,0.0016448646085276302,0.010874493201127069,0.012993683115470648,0,2427780,0.01,0.012796000499999974,0.011024706899999943,0,-0.23697916666666669,0.002508333333334667,0,0,409,-1
2520,-576451645855,1.7784951869241934,3.0889531796404346,0.0037565409485261604,0.001778981706714149,0.010481446267852553,0.015968988228250103,0,2427790,0.01,0.016386460499999974,0.01042629689999994,0,-0.3769791666666667,0.0637583333333347,0,0,409,-1
2521,-576451645846,1.7785332618114906,3.0889718325575717,0.0038590781963272684,0.0019487591853056224,0.008858751180677762,0.02315719568883567,0,2427800,0.01,0.024165790499999996,0.008631066899999948,0,-0.2807291666666667,0.08125833333333476,0,0,409,-1
2524,-576451645722,1.7786604931317829,3.0890422034469114,0.004366161580581472,0.0025552688845765464,0.0094023256728363,0.009802469670222387,0,2427831,0.011,0.008607130499999989,0.008631066899999948,0,-0.4557291666666667,0.16000833333333464,0,0,409,-1
2525,-576451645721,1.7787046381182405,3.089068275604321,0.004462202675901328,0.002657761061981415,0.010825077186704647,0.012952431693775884,0,2427841,0.01,0.013394410499999978,0.011024706899999943,0,-0.2282291666666667,-0.05874166666666536,0,0,409,-1
2527,-576451645720,1.7787965887990487,3.089124201106385,0.004763213244248775,0.0029448634700323063,0.024915984620787607,0.015220340151705666,0,2427861,0.01,0.015189640499999987,0.025984956899999946,0,-0.2107291666666667,0.12500833333333472,0,0,409,-1
2528,-576451645719,1.7788453148251573,3.0891545472675817,0.004988652815361034,0.0031183830270021824,0.00801099672500772,0.030411957806302257,0,2427871,0.01,0.03254353049999999,0.005639016899999951,0,-0.1932291666666667,0.16875833333333468,0,0,409,-1
2529,-576451645719,1.778895691657103,3.089187141187962,0.005082779695033691,0.0034052445593901106,0.018000759125032885,0.018112260798476096,0,2427881,0.01,0.016386460499999974,0.01940244689999995,0,-0.3157291666666667,0.1775083333333347,0,0,409,-1
2530,-576451645718,1.7789474541098378,3.089222132797321,0.005268193665898137,0.003591606893975827,0.021853859103145735,0.021846587999389353,0,2427891,0.01,0.02237056049999997,0.022394496899999946,0,-0.24572916666666672,0.002508333333334667,0,0,409,-1
2531,-576451645718,1.7790012141398728,3.0892591028907788,0.005484452186708056,0.0038040905591201807,0.020228863913614288,0.017583091962548945,0,2427901,0.01,0.016984870499999978,0.02000085689999995,0,-0.2807291666666667,0.028758333333334773,0,0,409,-1
2532,-576451645717,1.779056974012541,3.0892980418116447,0.005671733716048588,0.00398286702137653,0.009533367872645047,0.019682366238271423,0,2427911,0.01,0.019976920499999974,0.008032656899999945,0,-0.1844791666666667,0.028758333333334773,0,0,409,-1
2533,-576451645717,1.779114203342156,3.0893388474913315,0.005772584086238452,0.0041785804696632374,0.013465087753971396,0.018891121909537723,0,2427921,0.01,0.01878010049999997,0.014016756899999957,0,-0.3069791666666667,-0.05874166666666536,0,0,409,-1
2534,-576451645715,1.7791725973543433,3.0893816194105774,0.0059064411227384445,0.004373982028765544,0.0128993210039665,0.02351675649935233,0,2427931,0.01,0.024165790499999996,0.012819936899999952,0,-0.2544791666666667,-0.10249166666666532,0,0,409,-1
2535,-576451645704,1.7761805635552557,3.085959118270813,0.004843467195096287,0.0030179510911997613,0.015453368439266882,0.018312976034877915,0,2427942,0.011,0.017583280499999982,0.01581198689999995,0,-0.24572916666666672,0.11625833333333468,0,1,412,2
2536,-576451645694,1.776234786089671,3.08599337756306,0.0050147479827224685,0.0032127458222309885,0.016292637082500266,0.013999626962766283,0,2427953,0.011,0.013394410499999978,0.01641039689999995,0,-0.1144791666666667,-0.02374166666666533,0,0,412,-1
2537,-576451645683,1.7762857638045395,3.0860262884578344,0.005180056711974029,0.003365402811890954,0.017970238569310147,0.022914871000765204,0,2427963,0.01,0.024165790499999996,0.01820562689999994,0,-0.3857291666666667,0.09875833333333461,0,0,412,-1
2538,-576451645670,1.7763384552517008,3.0860610839096103,0.005358574318009038,0.003593880764324483,0.017127108520657238,0.022437536465569636,0,2427973,0.01,0.02237056049999997,0.017008806899999954,0,-0.3244791666666667,-0.11124166666666535,0,0,412,-1
2539,-576451645664,1.7724909196259446,3.088663166182938,0.003971858291101894,0.005014992471137274,0.013349642230203022,0.021854316011314715,0,2427983,0.01,0.021772150499999966,0.012819936899999952,0,-0.4032291666666667,0.08125833333333476,0,1,413,1
2540,-576451645652,1.7725313850441506,3.08871435719473,0.004117956570386338,0.005225335153570039,0.022331105955874907,0.016009711170982835,0,2427993,0.01,0.015189640499999987,0.023591316899999944,0,-0.2282291666666667,0.028758333333334773,0,0,413,-1
2541,-576451645643,1.7725736534314462,3.0887674281079254,0.004336927675088113,0.005388104818575295,0.019238033406251496,0.017914434195824707,0,2428003,0.01,0.018181690499999983,0.018804036899999946,0,-0.3507291666666667,-0.02374166666666533,0,0,413,-1
2542,-576451645634,1.7726180471931259,3.088822235275525,0.004539082576612803,0.0055719959813381355,0.026204320301268964,0.021297468725529817,0,2428013,0.01,0.021772150499999966,0.02718177689999995,0,-0.23697916666666669,-0.049991666666665324,0,0,413,-1
2543,-576451645623,1.7726647040727972,3.0888789484123116,0.004794228909345198,0.005773773509139832,0.02128895387662773,0.013317306415574616,0,2428023,0.01,0.012197590499999989,0.020599266899999955,0,-0.2544791666666667,0.05500833333333466,0,0,413,-1
2544,-576451645613,1.7727137006609113,3.088937376194152,0.0050055334789195285,0.005910723086107906,0.020159353821583723,0.016008809218245393,0,2428033,0.01,0.016386460499999974,0.02000085689999995,0,-0.3769791666666667,-0.11999166666666539,0,0,413,-1
2545,-576451645602,1.77276996875094,3.089003475809796,0.005225472441612902,0.006103343430625068,0.01897080505778555,0.02683553619647743,0,2428044,0.011,0.028354660499999983,0.018804036899999946,0,-0.14947916666666672,0.16000833333333464,0,0,413,-1
2546,-576451645592,1.7682954796051096,3.0839554843974764,0.0036404062090972045,0.003995059398605632,0.024072022429102658,0.009799974987607868,0,2428054,0.01,0.007410310499999982,0.02478813689999994,0,-0.2982291666666667,-0.04124166666666529,0,1,414,2
2547,-576451645582,1.768336765570959,3.084000237148131,0.00387408262021189,0.004134137250863826,0.0037089315378486636,0.030269773462444638,0,2428065,0.011,0.03314194049999999,8.51736899999945e-4,0,-0.1407291666666667,-0.04124166666666529,0,0,414,-1
2548,-576451645572,1.768375751812026,3.0840429443646267,0.003920272463997173,0.004414354124930764,0.010124520116754139,0.014421324751240475,0,2428075,0.01,0.012197590499999989,0.011024706899999943,0,-0.24572916666666672,0.03750833333333459,0,0,414,-1
2549,-576451645562,1.768415501133548,3.0840877676022194,0.0040277880561663,0.004552140839103869,0.014587381940656789,0.009847328938655434,0,2428085,0.01,0.009205540499999991,0.015213576899999946,0,-0.2544791666666667,0.09000833333333458,0,0,414,-1
2550,-576451645552,1.7684565369194627,3.084133903750727,0.004178114767552907,0.0046697084365012265,0.017760411440296546,0.023453496194478878,0,2428095,0.01,0.025362610499999983,0.01820562689999994,0,-0.21947916666666673,-0.04124166666666529,0,0,414,-1
2552,-576451645415,1.7685436118710358,3.084231543389991,0.004527165793041597,0.0050692468166927155,0.018069741150489562,0.018067791722174216,0,2428115,0.01,0.018181690499999983,0.01820562689999994,0,-0.3244791666666667,-0.02374166666666533,0,0,414,-1
2553,-576451645414,1.7685897362237055,3.084283055278496,0.004699930801688921,0.005236810981472912,0.012416356940811857,0.008721685339162889,0,2428125,0.01,0.007410310499999982,0.011623116899999963,0,-0.3944791666666667,0.05500833333333466,0,0,414,-1
2554,-576451645414,1.7686373783885259,3.084335919862411,0.00482753627630611,0.005333459138064802,0.014869386392166688,0.015443330215815248,0,2428135,0.01,0.016386460499999974,0.015213576899999946,0,-0.4469791666666667,-0.006241666666665369,0,0,414,-1
2555,-576451645414,1.7686863905028471,3.0843900481955018,0.004975181002213756,0.005491261920045791,0.014121670700910936,0.01784474251929219,0,2428145,0.01,0.018181690499999983,0.014016756899999957,0,-0.26322916666666674,0.002508333333334667,0,0,414,-1
2556,-576451645414,1.7687368287106116,3.0844459028545743,0.005113323304940661,0.005677487227377097,0.01193055732804334,0.02338800228660912,0,2428155,0.01,0.024165790499999996,0.011623116899999963,0,-0.2019791666666667,-0.049991666666665324,0,0,414,-1
2557,-576451645413,1.76878859848242,3.084503796677489,0.005238877529827695,0.005903488366159464,0.01638394173938416,0.01777275890831663,0,2428165,0.01,0.016984870499999978,0.017008806899999954,0,-0.2107291666666667,0.12500833333333472,0,0,414,-1
2558,-576451645413,1.7688418396668246,3.0845637799985863,0.005407903793193236,0.006090555066616988,0.020080582302834497,0.024428699362572377,0,2428175,0.01,0.025362610499999983,0.020599266899999955,0,-0.26322916666666674,-0.04124166666666529,0,0,414,-1
2559,-576451645413,1.7688968749577507,3.084625900197997,0.005601248239657466,0.0063337822301934455,0.014762894556410652,0.023673363504926482,0,2428185,0.01,0.023567380499999974,0.014016756899999957,0,-0.3419791666666667,0.22125833333333467,0,0,414,-1
2560,-576451645413,1.768953652709732,3.084690326557498,0.00575311337619319,0.006555658902827269,0.01778200780283823,0.01308487674154389,0,2428195,0.01,0.011599180499999986,0.01820562689999994,0,-0.24572916666666672,0.16875833333333468,0,0,414,-1
2561,-576451645412,1.7690119819855765,3.084756586977116,0.005916728153166794,0.006694251819902173,0.007657957005477726,0.01860409553405347,0,2428205,0.01,0.019378510499999974,0.0062374268999999365,0,-0.3244791666666667,0.11625833333333468,0,0,414,-1
2562,-576451645412,1.7690715869799443,3.084824494090395,0.006001868385742345,0.006885663638289152,0.013759100647922587,0.022431884195355606,0,2428215,0.01,0.022968970499999974,0.01461516689999996,0,-0.28947916666666673,0.16000833333333464,0,0,414,-1
2563,-576451645412,1.7691323050784706,3.0848944671230285,0.006141249086729468,0.00710917069540293,0.015034607449210232,0.021853328983977707,0,2428225,0.01,0.021772150499999966,0.015213576899999946,0,-0.1407291666666667,0.028758333333334773,0,0,414,-1
2564,-576451645312,1.7691944047026238,3.084966660286432,0.00628150679119664,0.007329076752581573,0.007844673902492988,0.022831693766113437,0,2428235,0.01,0.022968970499999974,0.00683583689999994,0,-0.21947916666666673,0.19500833333333478,0,0,414,-1
2565,-576451645312,1.7701538430670294,3.086079802226132,0.00672819846167053,0.008046763259227544,0.015881251682750543,0.019803537516145105,0,2428246,0.011,0.019378510499999974,0.017008806899999954,0,-0.3944791666666667,0.05500833333333466,0,1,416,2
2566,-576451645311,1.770228836904679,3.086169415366637,0.006906034314733654,0.008250277745266888,0.017919618685390035,0.010509595965162708,0,2428257,0.011,0.009205540499999991,0.01820562689999994,0,-0.28947916666666673,0.18625833333333475,0,0,416,-1
2567,-576451645311,1.7702987610925718,3.086252491904207,0.00708036992036179,0.008362692641798276,0.014496993706370451,0.01566332788324993,0,2428267,0.01,0.016386460499999974,0.014016756899999957,0,-0.07947916666666671,-0.006241666666665369,0,0,416,-1
2568,-576451645310,1.7703703048348187,3.0863368839845986,0.007227697760752914,0.008516529915717103,0.016174957704472307,0.013673594775018227,0,2428277,0.01,0.013394410499999978,0.01641039689999995,0,-0.2719791666666667,0.020008333333334738,0,0,416,-1
2569,-576451645310,1.7704433876957475,3.08642279212777,0.007389000629414636,0.008662496286803784,0.015856649496200016,0.020250867431893395,0,2428287,0.01,0.021173740499999982,0.01581198689999995,0,-0.2719791666666667,0.028758333333334773,0,0,416,-1
2570,-576451645310,1.7705180796136886,3.0865105123571888,0.0075489848554666445,0.008877922066000138,0.01686703698283089,0.029456619162324275,0,2428297,0.01,0.030748300499999975,0.017008806899999954,0,-0.2807291666666667,0.11625833333333468,0,0,416,-1
2571,-576451645310,1.7705944516505527,3.086600651998025,0.007723720307537524,0.009154933069472227,0.02118958036176606,0.01694515443979647,0,2428307,0.01,0.015189640499999987,0.021796086899999942,0,-0.14947916666666672,-0.02374166666666533,0,0,416,-1
2572,-576451645310,1.7706727059630962,3.0866930441845466,0.00792899912255898,0.00932369715553928,0.016473685533475783,0.0164552063096494,0,2428317,0.01,0.016386460499999974,0.01581198689999995,0,-0.0969791666666667,-0.049991666666665324,0,0,416,-1
2573,-576451645309,1.7707528662879553,3.0867871080895775,0.008101021379780117,0.009488900956421733,0.021665956741999507,0.016919696724137612,0,2428327,0.01,0.016984870499999978,0.022394496899999946,0,-0.2019791666666667,0.028758333333334773,0,0,416,-1
2574,-576451645210,1.7708349231064868,3.086882782305102,0.00831195044762964,0.009648605858681575,0.017581856854083172,0.010154746993243261,0,2428337,0.01,0.009205540499999991,0.017008806899999954,0,-0.06197916666666671,0.08125833333333476,0,0,416,-1
2575,-576451645209,1.7709562992362267,3.0869705734261816,0.008496772360040233,0.009764702372464556,0.004484667619180348,0.01876832592312941,0,2428348,0.011,0.019976920499999974,0.0026469668999999536,0,-0.2719791666666667,0.0637583333333347,0,1,417,1
2576,-576451645209,1.7710501077497456,3.087079143772142,0.008556561074015904,0.009974405421112335,0.011269526855753819,0.020877760606810267,0,2428359,0.011,0.021173740499999982,0.012221526899999948,0,-0.4032291666666667,-0.049991666666665324,0,0,417,-1
2577,-576451645209,1.771144943596678,3.0871901623401876,0.008685053499566801,0.010209320271694071,0.014203494753133622,0.024285984363973022,0,2428370,0.011,0.024764200499999982,0.01461516689999996,0,-0.4994791666666667,0.07250833333333473,0,0,417,-1
2578,-576451645209,1.7712325569377099,3.087293419603346,0.00883505492313125,0.010444576698704277,0.019812284075862416,0.018932807693377282,0,2428380,0.01,0.018181690499999983,0.020599266899999955,0,-0.21947916666666673,-0.05874166666666536,0,0,417,-1
2579,-576451645208,1.7713218615841446,3.087398820301228,0.009027510625430661,0.010635191470035187,0.015779435638794293,0.019848445184368742,0,2428390,0.01,0.019976920499999974,0.015213576899999946,0,-0.1582291666666667,0.0637583333333347,0,0,417,-1
2580,-576451645208,1.771412855107882,3.0875060901199114,0.009174298074019585,0.010822050603470934,0.00793632303862166,0.011564676203443099,0,2428400,0.01,0.01040236049999998,0.00683583689999994,0,-0.28947916666666673,0.03750833333333459,0,0,417,-1
2584,-576451645181,1.771789017812911,3.0879514964634693,0.009686698754440934,0.01146466278727503,0.010968066405888498,0.009258867548453282,0,2428440,0.01,0.008008720499999986,0.01042629689999994,0,-0.28947916666666673,-0.1549916666666653,0,0,417,-1
2585,-576451645181,1.7755752269203695,3.0856280064331596,0.011266615870655937,0.010450124850835999,0.02256312270356188,0.011835691566692034,0,2428451,0.011,0.012197590499999989,0.024189726899999948,0,-0.07947916666666671,0.22125833333333467,0,1,418,1
2586,-576451645180,1.7757005968384791,3.0857437452627408,0.01152509729667877,0.01059051276212935,0.029237349904783425,0.018450386606624174,0,2428462,0.011,0.019378510499999974,0.03017382689999995,0,-0.0182291666666667,0.19500833333333478,0,0,418,-1
2587,-576451645174,1.7758171404542014,3.0858505607046594,0.011791808130871845,0.01077319142703811,0.011166615450151018,0.0171651983756535,0,2428472,0.01,0.016984870499999978,0.008631066899999948,0,-0.2719791666666667,-0.06749166666666528,0,0,418,-1
2588,-576451645163,1.776915077935081,3.087058150775003,0.01230176472829266,0.011461170934979482,0.018913894929595824,0.022254954964561095,0,2428483,0.011,0.022968970499999974,0.02000085689999995,0,-0.2982291666666667,0.11625833333333468,0,1,419,2
2589,-576451645153,1.777051489720631,3.087185582704831,0.012502388295824037,0.011707749769828047,0.014094559530658319,0.023405890013688736,0,2428494,0.011,0.023567380499999974,0.013418346899999954,0,-0.3157291666666667,0.16000833333333464,0,0,419,-1
2590,-576451645143,1.7771771784319972,3.0873037728926724,0.012637274899899673,0.011933066641560318,0.009828112433039477,0.01725018271143385,0,2428504,0.01,0.016386460499999974,0.009229476899999934,0,-0.23697916666666669,0.19500833333333478,0,0,419,-1
2591,-576451645133,1.7773040710917427,3.087423954458268,0.012739980312028509,0.012103766665599218,0.012976578057201383,0.015967961996312497,0,2428514,0.01,0.015788050499999973,0.013418346899999954,0,-0.2544791666666667,-0.014991666666665293,0,0,419,-1
2592,-576451645122,1.7774321940158895,3.0875458551899846,0.01288133672161263,0.01227353534946622,0.021235646928767754,0.023157069413713618,0,2428524,0.01,0.024165790499999996,0.022394496899999946,0,-0.1319791666666667,0.09000833333333458,0,0,419,-1
2593,-576451645112,1.7775620075624174,3.087669761061781,0.013084073992700392,0.012507083620601652,0.014380244965237376,0.024566447276151232,0,2428534,0.01,0.024764200499999982,0.013418346899999954,0,-0.1144791666666667,0.14250833333333457,0,0,419,-1
2594,-576451645101,1.77839052571868,3.0873587988700577,0.013511167474469477,0.012572760120138015,0.015111094884418147,0.0252645851879561,0,2428545,0.011,0.025362610499999983,0.015213576899999946,0,-0.2982291666666667,-0.17249166666666538,0,1,420,1
2595,-576451645090,1.778540024022455,3.0874985833910635,0.013671866089964334,0.01284433230890348,0.01152752611911019,0.021152330870352593,0,2428556,0.011,0.020575330499999978,0.011024706899999943,0,-0.23697916666666669,0.08125833333333476,0,0,420,-1
2596,-576451645081,1.7786774082941936,3.0876280796711373,0.013800674863014065,0.013055137068651562,0.021057344925448144,0.020646328867446835,0,2428566,0.01,0.020575330499999978,0.022394496899999946,0,-0.4294791666666667,0.011258333333334702,0,0,420,-1
2597,-576451645067,1.7788164595372133,3.087759738802898,0.014009946399177284,0.013273311670976295,0.02013085495353319,0.028980502410304473,0,2428576,0.01,0.03014989049999999,0.02000085689999995,0,-7.291666666666974e-4,-0.08499166666666536,0,0,420,-1
2598,-576451645056,1.7790145370994122,3.087948273952421,0.014287583258656198,0.01366307706344437,0.01791774387889548,0.02056001017469048,0,2428590,0.014,0.019378510499999974,0.01760721689999996,0,-0.17572916666666671,-0.07624166666666532,0,0,420,-1
2599,-576451645045,1.779172718690857,3.088099774281237,0.014475919351250269,0.013884262302236995,0.0123976540790911,0.01742478196858671,0,2428601,0.011,0.016984870499999978,0.011623116899999963,0,-0.4119791666666667,0.09875833333333461,0,0,420,-1
2600,-576451645034,1.7795397497825007,3.088484371293643,0.014705768533639198,0.014174225519052794,0.021164427768243062,0.013890365804701061,0,2428612,0.011,0.013394410499999978,0.022394496899999946,0,-0.23697916666666669,-0.08499166666666536,0,1,421,2
2601,-576451645023,1.779702816743732,3.088641128962547,0.01494186342582706,0.0143271582055602,0.023292694619698254,0.013980213721081589,0,2428623,0.011,0.01399282049999998,0.023591316899999944,0,-0.3244791666666667,0.020008333333334738,0,0,421,-1
2602,-576451645013,1.779853328557443,3.0887851194100344,0.015163980917391755,0.014469957782618592,0.015682913704383242,0.01609037820654734,0,2428633,0.01,0.016386460499999974,0.01461516689999996,0,-0.2282291666666667,0.09875833333333461,0,0,421,-1
2603,-576451645003,1.7800058153155704,3.08893060684465,0.015330555936197216,0.01462827664773195,0.022618208831358986,0.014250919420628177,0,2428643,0.01,0.01399282049999998,0.023591316899999944,0,-0.1844791666666667,0.020008333333334738,0,0,421,-1
2604,-576451644993,1.7801601461624328,3.089077675653484,0.015540260460747175,0.014782251646069023,0.010876924905495858,0.02242101463785716,0,2428653,0.01,0.023567380499999974,0.009229476899999934,0,0.008020833333333297,0.23875833333333474,0,0,421,-1
2605,-576451644982,1.7803317648889692,3.0892415870716476,0.015662507178623435,0.015021607025308303,0.012580854419940505,0.01765377363910347,0,2428664,0.011,0.016984870499999978,0.012819936899999952,0,-0.23697916666666669,0.09875833333333461,0,0,421,-1
2606,-576451644972,1.7821646659948314,3.088295478751752,0.01643667001469392,0.01469696663148597,0.00596854415506652,0.018641373866906324,0,2428674,0.01,0.01878010049999997,0.005040606899999948,0,-0.3857291666666667,0.12500833333333472,0,1,422,1
2607,-576451644961,1.7823294174300015,3.0884433444398085,0.016509957759406314,0.01487765322593339,0.015650331808206512,0.014564812680602226,0,2428684,0.01,0.01399282049999998,0.017008806899999954,0,-0.4032291666666667,-0.04124166666666529,0,0,422,-1
2608,-576451644952,1.7824952961021066,3.088592863565682,0.01666592358317179,0.015025543201675646,0.015267318434755043,0.016162311560266998,0,2428694,0.01,0.016386460499999974,0.015213576899999946,0,-0.14947916666666672,0.002508333333334667,0,0,422,-1
2609,-576451644800,1.782679500578821,3.0887591573131936,0.016827384842836763,0.015208434117218696,0.011021971778911763,0.019507542972559095,0,2428705,0.011,0.019976920499999974,0.01042629689999994,0,-0.2807291666666667,0.1512583333333346,0,0,422,-1
2610,-576451644800,1.782848393993227,3.0889122746447475,0.016948027811648766,0.01541228036168033,0.0183712516311629,0.025691714415935797,0,2428715,0.01,0.02655943049999999,0.01940244689999995,0,-0.1932291666666667,0.19500833333333478,0,0,422,-1
2611,-576451644800,1.7830187250761869,3.089067575011921,0.017121213982722785,0.01565257129231509,0.010879125303960572,0.013858006710078426,0,2428725,0.01,0.012197590499999989,0.009827886899999937,0,-0.1582291666666667,-0.006241666666665369,0,0,422,-1
2612,-576451644799,1.7831905483982589,3.089224738050432,0.017240494671094665,0.015782479895525947,0.01835367475073412,0.0076789052082739395,0,2428735,0.01,0.00681190049999998,0.01940244689999995,0,-0.3244791666666667,-0.14624166666666538,0,0,422,-1
2613,-576451644799,1.7833639170177285,3.0893830201271353,0.017431212670606704,0.015870719921690465,0.023471616139207216,0.015839796116729973,0,2428745,0.01,0.016984870499999978,0.024189726899999948,0,-0.0969791666666667,0.22125833333333467,0,0,422,-1
2614,-576451644799,1.7850238178001232,3.0911863410546485,0.018238839583065925,0.01678665342362306,0.01360592949479656,0.023666272803770785,0,2428756,0.011,0.024764200499999982,0.012221526899999948,0,-0.2719791666666667,-0.07624166666666532,0,1,423,2
2615,-576451644798,1.7852252955950192,3.0913723240817723,0.018392295814545455,0.017032289952414594,0.016065314613136344,0.014133558718212345,0,2428767,0.011,0.012796000499999974,0.01641039689999995,0,-0.2719791666666667,0.13375833333333476,0,0,423,-1
2616,-576451644798,1.7854099805153008,3.09154326900893,0.018546671519929524,0.017160781075214557,0.011644940329578603,0.005088924981472547,0,2428777,0.01,0.003819850499999965,0.011024706899999943,0,-0.12322916666666671,0.2037583333333346,0,0,423,-1
2617,-576451644798,1.7855960292818842,3.0917152589484367,0.01866309402152675,0.01723149176620768,0.011625802215212538,0.019194546549398707,0,2428787,0.01,0.021173740499999982,0.011623116899999963,0,-0.1844791666666667,-0.014991666666665293,0,0,423,-1
2618,-576451644797,1.7857832462103258,3.091888591690633,0.01878008520112164,0.017432501188467706,0.01214822455525145,0.02565320103500424,0,2428797,0.01,0.02655943049999999,0.012221526899999948,0,-0.24572916666666672,0.09875833333333461,0,0,423,-1
2619,-576451644797,1.785971669198162,3.092064225366594,0.0189038666781119,0.017693093692427296,0.013786838943591362,0.028547030301691798,0,2428807,0.01,0.028953070499999983,0.014016756899999957,0,-0.026979166666666707,-0.07624166666666532,0,0,423,-1
2620,-576451644797,1.786161417878153,3.0922425349900826,0.0,0.0,0.0,0.0,1,2428817,0.01,0.02237056049999997,0.01641039689999995,0,-0.2019791666666667,-0.014991666666665293,0,0,423,-1
2621,-576451644797,1.7861615518889296,3.092242621664107,2.092889358159602e-5,1.3536161380187385e-5,0.01491591825700313,0.009647154824366407,0,2428827,0.01,0.011000770499999982,0.017008806899999954,0,-0.26322916666666674,0.09000833333333458,0,0,423,-1
2622,-576451644796,1.786162514033794,3.0922433584888367,1.7119066493153615e-4,1.2860883475064057e-4,0.01570172802662338,0.02290408806552947,0,2428837,0.01,0.024764200499999982,0.01581198689999995,0,-0.17572916666666671,0.03750833333333459,0,0,423,-1
2623,-576451644698,1.7861650166103582,3.0922458044371814,3.2907994348261395e-4,3.5993853450525713e-4,0.01632319707196644,0.024535318591251843,0,2428847,0.01,0.024764200499999982,0.01641039689999995,0,-0.2107291666666667,0.020008333333334738,0,0,423,-1
2624,-576451644698,1.784323952487206,3.0934645501242297,-2.4313752869528648e-4,0.0011566125030173567,0.010102204141634617,0.01948840708694957,0,2428857,0.01,0.01878010049999997,0.009229476899999934,0,-0.23697916666666669,0.05500833333333466,0,1,424,1
2625,-576451644697,1.7843219408402937,3.0934784293897373,-1.2437167301490728e-4,0.0013676344893566517,0.015109413253340462,0.017292924046675043,0,2428868,0.011,0.016984870499999978,0.01581198689999995,0,-0.2544791666666667,0.028758333333334773,0,0,424,-1
2626,-576451644697,1.7843214632548254,3.0934930069536986,2.8340571908595317e-5,0.0015461347632827337,0.01625031430779781,0.021220993547681616,0,2428878,0.01,0.021772150499999966,0.01641039689999995,0,-0.1932291666666667,0.18625833333333475,0,0,424,-1
2627,-576451644697,1.7843225082467271,3.093509524225825,1.8293059794981644e-4,0.0017575491705993074,0.010618149583401425,0.020654777628046073,0,2428888,0.01,0.020575330499999978,0.009827886899999937,0,-0.2107291666666667,0.011258333333334702,0,0,424,-1
2628,-576451644697,1.7843249330236197,3.093528136550356,2.991862565296492e-4,0.001964735621606546,0.01779678514515988,0.021109883493025006,0,2428898,0.01,0.021173740499999982,0.018804036899999946,0,-0.3682291666666667,0.002508333333334667,0,0,424,-1
2629,-576451644697,1.784328766076068,3.093548839903877,4.6955742003704703e-4,0.002175913032439253,0.012382770427251505,0.021165883064410324,0,2428908,0.01,0.021173740499999982,0.011623116899999963,0,-0.3944791666666667,0.12500833333333472,0,0,424,-1
2630,-576451644696,1.7843341125226742,3.0935715536622648,5.983410242608498e-4,0.00237138228296594,0.015914808129276203,0.009627674508180152,0,2428918,0.01,0.008008720499999986,0.01641039689999995,0,-0.17572916666666671,0.03750833333333459,0,0,424,-1
2631,-576451644696,1.7843409002928323,3.0935957644021217,7.588352424774045e-4,0.0024700849146957024,0.016874193248603852,0.011356591909034212,0,2428928,0.01,0.011599180499999986,0.017008806899999954,0,-0.2019791666666667,0.18625833333333475,0,0,424,-1
2632,-576451644696,1.7843493334155245,3.0936210915697866,9.277428135026853e-4,0.002592785264845391,0.016992243046705855,0.017866657428268606,0,2428938,0.01,0.01878010049999997,0.017008806899999954,0,-0.1319791666666667,0.08125833333333476,0,0,424,-1
2644,-576451644566,1.7812419504549442,3.0958315672359347,8.201968773306008e-5,1.7744174303034035e-4,0.015653550864551096,0.012658635531069856,0,2429060,0.01,0.012197590499999989,0.017008806899999954,0,-0.3507291666666667,0.011258333333334702,0,0,426,-1
2645,-576451644565,1.781243530979805,3.095834041746318,2.3506793979312723e-4,3.1450742130109216e-4,0.013168605593807411,0.02012597938493907,0,2429070,0.01,0.021173740499999982,0.012819936899999952,0,-0.2719791666666667,-0.06749166666666528,0,0,426,-1
2646,-576451644563,1.7789436378162762,3.0932824988310723,-4.845131136378138e-4,-5.928326015609641e-4,0.020734348525383424,0.023143654094923537,0,2429081,0.011,0.023567380499999974,0.021796086899999942,0,-0.3157291666666667,-0.10249166666666532,0,1,427,2
2647,-576451644554,1.7788537117523697,3.0933336679923435,-3.108715475043779e-4,-3.4059552945521997e-4,0.007496449221219824,0.00462327023270002,0,2429092,0.011,0.0020246204999999737,0.005639016899999951,0,-0.1844791666666667,0.09875833333333461,0,1,428,1
2648,-576451644544,1.7788507915740126,3.0933303634348484,-2.22015844808634e-4,-2.665325789781707e-4,0.011640118605513713,0.019662026200112297,0,2429103,0.011,0.021772150499999966,0.012221526899999948,0,-0.3419791666666667,-0.07624166666666532,0,0,428,-1
2649,-576451644534,1.7788491335730332,3.093328654259937,-1.0861732178600806e-4,-7.399230908271436e-5,0.009526099977530672,0.016789510184405252,0,2429113,0.01,0.016386460499999974,0.009229476899999934,0,-0.1844791666666667,0.13375833333333476,0,0,428,-1
2650,-576451644524,1.7788485356067947,3.0933287791210087,-1.1509538499640518e-5,9.783074280065553e-5,0.010840307287093976,0.019584718102189275,0,2429123,0.01,0.019976920499999974,0.011024706899999943,0,-0.4294791666666667,0.3175083333333346,0,0,428,-1
2651,-576451644513,1.7798481812383142,3.0944264823203307,4.7224572564629434e-4,7.80740518877071e-4,0.007853416042971236,0.02097832867678819,0,2429133,0.01,0.021173740499999982,0.007434246899999943,0,-0.3069791666666667,0.020008333333334738,0,1,429,2
2652,-576451644500,1.7798539079892137,3.0944362596535933,5.668825318618345e-4,9.997501290857913e-4,0.013258374130510247,0.01327803707779201,0,2429144,0.011,0.012197590499999989,0.014016756899999957,0,-0.4644791666666667,0.028758333333334773,0,0,429,-1
2653,-576451644491,1.7798602409317503,3.094447009889677,6.996651991694444e-4,0.0011460721411644351,0.013398662674385312,0.022826081276474616,0,2429154,0.01,0.024165790499999996,0.013418346899999954,0,-0.06197916666666671,0.19500833333333478,0,0,429,-1
2654,-576451644483,1.7798678886976913,3.0944595655979303,8.307268599533137e-4,0.0013671359572261384,0.011316815870864201,0.01770361601620867,0,2429164,0.01,0.016984870499999978,0.011024706899999943,0,-0.3857291666666667,0.1512583333333346,0,0,429,-1
2655,-576451644472,1.779876783100778,3.0944741919850816,9.472177669261329e-4,0.0015550707425946015,0.013684536306876556,0.025469745981468967,0,2429174,0.01,0.02655943049999999,0.014016756899999957,0,-0.0707291666666667,0.23875833333333474,0,0,429,-1
2656,-576451644461,1.7798880718448196,3.0944927554382398,0.0011037987164211175,0.0018230808341093232,0.01764931867615223,0.017504134722362064,0,2429185,0.011,0.016386460499999974,0.01820562689999994,0,-0.3594791666666667,0.10750833333333465,0,0,429,-1
2657,-576451644390,1.7798999332866587,3.0945118229884097,0.001271308239560044,0.001992266419655773,0.011315070600136892,0.013375323947059998,0,2429195,0.01,0.012796000499999974,0.01042629689999994,0,-0.2807291666666667,-0.1812416666666653,0,0,429,-1
2658,-576451644390,1.7799132620257485,3.094532495252252,0.0013922115472663466,0.0021385773701595554,0.016832984961893945,0.022313274933757732,0,2429205,0.01,0.023567380499999974,0.01760721689999996,0,-0.3944791666666667,0.04625833333333462,0,0,429,-1
2659,-576451644389,1.7799280177375492,3.0945549121843974,0.0015592848805099757,0.0023485245556782992,0.015937618007509303,0.012917521444914067,0,2429215,0.01,0.011599180499999986,0.01581198689999995,0,-0.0882291666666667,-0.006241666666665369,0,0,429,-1
2660,-576451644389,1.779944382899431,3.0945791319441773,0.0017148247594127217,0.0024915407456071745,0.013203559303426267,0.022781720782637162,0,2429225,0.01,0.024165790499999996,0.012819936899999952,0,-0.17572916666666671,0.19500833333333478,0,0,429,-1
2661,-576451644389,1.7799622165918667,3.0946051219042814,0.0018508062909428939,0.002709279747121775,0.016015804026715916,0.01559904863762063,0,2429235,0.01,0.014591230499999983,0.01641039689999995,0,-0.3332291666666667,0.09000833333333458,0,0,429,-1
2662,-576451644388,1.7799814672613592,3.094633038576634,0.0020018776049862664,0.0028721297462830945,0.009539739245737549,0.020487789430323214,0,2429245,0.01,0.021173740499999982,0.008631066899999948,0,-0.17572916666666671,0.04625833333333462,0,0,429,-1
2663,-576451644386,1.7800019747242513,3.0946627802384943,0.002099102210882844,0.0030763790298738453,0.010841985562924653,0.02003978156889326,0,2429255,0.01,0.019976920499999974,0.011024706899999943,0,-0.28947916666666673,-0.032491666666665364,0,0,429,-1
2664,-576451644381,1.7794416867671812,3.0950784894715984,0.0019790603844986048,0.003455340149811455,0.013626063750222383,0.019459926060915563,0,2429265,0.01,0.019378510499999974,0.014016756899999957,0,-0.2282291666666667,0.028758333333334773,0,1,430,1
2665,-576451644370,1.7752078487064467,3.0904569498165677,5.18402662173916e-4,0.0016065017946968953,0.017117029549430167,0.020437509580196616,0,2429276,0.011,0.020575330499999978,0.01760721689999996,0,-0.1319791666666667,0.011258333333334702,0,1,431,2
2666,-576451644360,1.7752146475672164,3.0904758643795547,7.154408399767967e-4,0.001832309358438491,0.02279467298798237,0.021083149235142443,0,2429287,0.011,0.021173740499999982,0.023591316899999944,0,-0.026979166666666707,-0.032491666666665364,0,0,431,-1
2667,-576451644348,1.7752228745285237,3.090495222771414,9.332009676486237e-4,0.0020402727035491613,0.015621633461558919,0.019063484547475428,0,2429297,0.01,0.01878010049999997,0.01461516689999996,0,-0.26322916666666674,-0.06749166666666528,0,0,431,-1
2671,-576451644288,1.7752723637442842,3.0905918931885448,0.0015476213543959521,0.002777883771860822,0.021616305745792402,0.017430607487341657,0,2429337,0.01,0.017583280499999982,0.022394496899999946,0,-0.23697916666666669,-0.04124166666666529,0,0,431,-1
2672,-576451644287,1.7752906147616285,3.090623440059626,0.0017736278278573882,0.0029602139845397927,0.013902306790210778,0.011267167678214465,0,2429348,0.011,0.01040236049999998,0.012819936899999952,0,-0.12322916666666671,0.14250833333333457,0,0,431,-1
2673,-576451644186,1.7753089884243012,3.09065375493522,0.001903861965342574,0.0030956267973634654,0.007705347305183111,0.02730164423137163,0,2429358,0.01,0.029551480499999987,0.00683583689999994,0,-0.3769791666666667,0.2300083333333347,0,0,431,-1
2674,-576451644185,1.772285399565988,3.0926695006525833,7.810800778143402e-4,0.004279368632482435,0.021636337945411414,0.012482035090226802,0,2429368,0.01,0.01040236049999998,0.023591316899999944,0,-0.1932291666666667,0.028758333333334773,0,1,432,1
2675,-576451644184,1.7722952258910725,3.0927173586579166,0.0010080796738660516,0.004421096138620119,0.01442954893365542,0.01538125405945515,0,2429379,0.011,0.015788050499999973,0.013418346899999954,0,-2.310729166666667,-0.05874166666666536,0,0,432,-1
2676,-576451644184,1.7723060052673874,3.0927623468736853,0.0011488846040241063,0.004576158920576994,0.011968440929199254,0.016262772509675134,0,2429389,0.01,0.016386460499999974,0.011623116899999963,0,-0.2807291666666667,0.12500833333333472,0,0,432,-1
2677,-576451644183,1.772318066077208,3.0928089747824035,0.0012644570046591262,0.004747049418193396,0.009041721935606463,0.022143790597955283,0,2429399,0.01,0.022968970499999974,0.008631066899999948,0,0.06052083333333329,-0.07624166666666532,0,0,432,-1
2678,-576451644183,1.7723312302885366,3.0928574079416227,0.0013654155624222759,0.004945936511715394,0.01655325542944992,0.006074562800012312,0,2429409,0.01,0.003819850499999965,0.01760721689999996,0,-0.3069791666666667,-0.11124166666666535,0,0,432,-1
2679,-576451644183,1.7723457298435845,3.0929072475786574,0.00153371769953731,0.005018634569765088,0.01852708420100835,0.0145928315636739,0,2429419,0.01,0.015788050499999973,0.018804036899999946,0,-0.3682291666666667,-0.014991666666665293,0,0,432,-1
2680,-576451644182,1.7723619484078317,3.0929581918427695,0.0017119660305452908,0.005168978892214043,0.013522186260605633,0.017740090912603024,0,2429429,0.01,0.018181690499999983,0.012819936899999952,0,-0.3594791666666667,-0.049991666666665324,0,0,432,-1
2681,-576451644182,1.7723797952222582,3.093010772115558,0.0018551597282226628,0.005346923178103208,0.019203673635904844,0.01812735284030116,0,2429439,0.01,0.018181690499999983,0.02000085689999995,0,-0.1582291666666667,0.18625833333333475,0,0,432,-1
2682,-576451644182,1.7723993415729309,3.0930652047206975,0.0020525953436186487,0.005537099499772264,0.02305142901656785,0.02447233120679809,0,2429449,0.01,0.025362610499999983,0.023591316899999944,0,-0.2982291666666667,-0.05874166666666536,0,0,432,-1
2683,-576451644181,1.7724209536295605,3.0931217356246883,0.002272729036627552,0.005771873362035431,0.01565322661088476,0.017381405475887644,0,2429459,0.01,0.016386460499999974,0.01461516689999996,0,-0.3769791666666667,0.03750833333333459,0,0,432,-1
2684,-576451644171,1.7693999549130373,3.0898169946604734,0.0012814457354296698,0.004455894896283839,0.02051525558776188,0.01860764653183162,0,2429469,0.01,0.01878010049999997,0.021197676899999948,0,-0.1932291666666667,0.11625833333333468,0,1,433,2
2685,-576451644165,1.7707427539373093,3.0890163476958095,0.002060086004592638,0.004281839145639954,0.01953952583857261,0.02295694223177323,0,2429481,0.012,0.023567380499999974,0.01940244689999995,0,-0.1844791666666667,-0.1287416666666653,0,1,434,1
2686,-576451644154,1.7707665892891709,3.0890647671533142,0.002274016675906603,0.004524580657711039,0.018894536866017223,0.016670163641542824,0,2429492,0.011,0.015788050499999973,0.018804036899999946,0,-0.4644791666666667,0.08125833333333476,0,0,434,-1
2687,-576451644144,1.7707902833004012,3.0891108243339223,0.0024643416297369662,0.00468794361164808,0.019864727149791334,0.014322260482903297,0,2429502,0.01,0.01399282049999998,0.02000085689999995,0,-0.3857291666666667,0.1512583333333346,0,0,434,-1
2688,-576451644134,1.770815878237655,3.0891584362837037,0.002656518773259868,0.004833710359259624,0.01526111138582489,0.016132466154714326,0,2429512,0.01,0.016386460499999974,0.01461516689999996,0,-0.1582291666666667,0.18625833333333475,0,0,434,-1
2689,-576451644125,1.770843187221203,3.0892076056210134,0.002806125475423319,0.004999030005237809,0.013120316955285113,0.018979093340121912,0,2429522,0.01,0.019378510499999974,0.012819936899999952,0,-0.2019791666666667,-0.02374166666666533,0,0,434,-1
2690,-576451644114,1.7687730640134238,3.0869604437283567,0.002152658368336131,0.004159355274299996,0.021777966995672682,0.012506997557229355,0,2429532,0.01,0.011599180499999986,0.02299290689999995,0,-0.0444791666666667,0.2037583333333346,0,1,435,2
2693,-576451643994,1.7688473565563112,3.087091874579592,0.0027921856388211526,0.0046001472580302375,0.01543415388152795,0.02416967159934275,0,2429562,0.01,0.025961020499999987,0.01461516689999996,0,-0.2544791666666667,-0.04124166666666529,0,0,435,-1
2694,-576451643994,1.768876010664328,3.0871390939350065,0.0029403651422940085,0.00484331185385915,0.011042500438790917,0.025215822527648164,0,2429572,0.01,0.025362610499999983,0.01042629689999994,0,-0.1932291666666667,0.03750833333333459,0,0,435,-1
2695,-576451643994,1.7689090390393167,3.0871939082345037,0.0030642115329039547,0.005122484159974978,0.01260122805080296,0.02639410309740745,0,2429583,0.011,0.02655943049999999,0.012819936899999952,0,-0.4382291666666667,-0.07624166666666532,0,0,435,-1
2696,-576451643993,1.7689403716687853,3.0872463612442163,0.0031994271103077078,0.005372489627716532,0.019090352167250232,0.01656831994876231,0,2429593,0.01,0.015189640499999987,0.02000085689999995,0,-0.21947916666666673,0.1512583333333346,0,0,435,-1
2697,-576451643993,1.7689733371706808,3.0873009890499716,0.0033929270821526653,0.005549745642059832,0.0209383761726645,0.02480527357275635,0,2429603,0.01,0.025961020499999987,0.021197676899999948,0,-0.2719791666666667,0.028758333333334773,0,0,435,-1
2699,-576451643992,1.7690498201916682,3.087422421583309,0.003922395406679982,0.00598570634194515,0.025771205842662615,0.021761699151617298,0,2429624,0.011,0.02237056049999997,0.025386546899999942,0,-0.10572916666666671,0.08125833333333476,0,0,435,-1
2700,-576451643992,1.769090300229751,3.087483386372843,0.004175163394251762,0.006206313432157581,0.022285214758207342,0.023869973426566285,0,2429634,0.01,0.024165790499999996,0.021796086899999942,0,-0.1669791666666667,0.028758333333334773,0,0,435,-1
2701,-576451643991,1.7691331432611284,3.087546621621946,0.00439446366144998,0.006441691117159059,0.01975716385024286,0.021505504820922734,0,2429644,0.01,0.021173740499999982,0.01940244689999995,0,-0.3157291666666667,0.020008333333334738,0,0,435,-1
2702,-576451643990,1.7691826963706776,3.087618701424309,0.004614521728059025,0.006666593290616394,0.021545202818602026,0.013867681940477205,0,2429655,0.011,0.012796000499999974,0.021796086899999942,0,-0.24572916666666672,0.002508333333334667,0,0,435,-1
2703,-576451643980,1.7684447091744866,3.0868123746849787,0.004542794230718064,0.006443695385670866,0.016517376847855644,0.025522399600942755,0,2429666,0.011,0.027157840499999992,0.01581198689999995,0,-0.1844791666666667,0.16000833333333464,0,1,437,2
2704,-576451643970,1.7684957188820267,3.0868846905334313,0.0047300096788292405,0.006708839258994676,0.02009700113955127,0.01541150467350034,0,2429677,0.011,0.01399282049999998,0.020599266899999955,0,-0.3419791666666667,0.10750833333333465,0,0,437,-1
2705,-576451643959,1.7685439934717149,3.0869525722974567,0.004926387703378985,0.0068664048074354245,0.01686402378809054,0.017840826470596944,0,2429687,0.01,0.018181690499999983,0.01641039689999995,0,-0.2544791666666667,0.12500833333333472,0,0,437,-1
2706,-576451643950,1.7685941111864534,3.087022226113534,0.005096681236753826,0.0070599819308602724,0.018040546190175172,0.0286352927704521,0,2429697,0.01,0.03014989049999999,0.01820562689999994,0,-0.1932291666666667,0.07250833333333473,0,0,437,-1
2707,-576451643940,1.7686460096530445,3.087094231880156,0.005281708651445806,0.0073423071609522595,0.021333977561813235,0.02576530538602202,0,2429707,0.01,0.025362610499999983,0.021796086899999942,0,-0.3857291666666667,0.10750833333333465,0,0,437,-1
2708,-576451643930,1.7686998546390742,3.087168841014362,0.005488989952947038,0.007584001463625385,0.017016230460847055,0.014391839118375894,0,2429717,0.01,0.012796000499999974,0.01641039689999995,0,-0.3507291666666667,0.0637583333333347,0,0,437,-1
2709,-576451643919,1.7687556235811754,3.087245491775589,0.005663561101401718,0.007742155466166151,0.02015838375545988,0.024537463370759405,0,2429727,0.01,0.025961020499999987,0.020599266899999955,0,-0.1669791666666667,-0.049991666666665324,0,0,437,-1
2710,-576451643909,1.7722573081093522,3.085113274301334,0.007258852368907957,0.006928552280878212,0.018970950660752262,0.02158736312937198,0,2429737,0.01,0.021173740499999982,0.018804036899999946,0,-0.3682291666666667,0.2037583333333346,0,1,438,1
2711,-576451643899,1.7723308298816547,3.0851836405450657,0.007446147574275111,0.007144653239165349,0.017250243493229275,0.021749412903432668,0,2429747,0.01,0.021772150499999966,0.017008806899999954,0,-0.1844791666666667,0.10750833333333465,0,0,438,-1
2712,-576451643888,1.7724137624439558,3.0852634929689415,0.0076331744030821045,0.007375918223145755,0.015464183330398068,0.01652158035569687,0,2429758,0.011,0.015788050499999973,0.015213576899999946,0,-0.17572916666666671,0.05500833333333466,0,0,438,-1
2713,-576451643877,1.7724908897948704,3.0853381064586562,0.007791225910362279,0.007545431609693996,0.017868299529187327,0.01955175004635087,0,2429768,0.01,0.019976920499999974,0.01820562689999994,0,-0.2982291666666667,-0.02374166666666533,0,0,438,-1
2714,-576451643869,1.772569688651453,3.0854144847829796,0.007968849918172547,0.00773262530212648,0.017114565191745024,0.01362727758978155,0,2429778,0.01,0.012796000499999974,0.017008806899999954,0,-0.2282291666666667,0.020008333333334738,0,0,438,-1
2715,-576451643858,1.7726502650836702,3.085492547201214,0.008145020551767777,0.007877448869883312,0.020695260817993978,0.01972039099058987,0,2429788,0.01,0.020575330499999978,0.021197676899999948,0,-0.3332291666666667,0.07250833333333473,0,0,438,-1
2716,-576451643847,1.7727410621355253,3.085580356184068,0.008365331707858248,0.008089110106787952,0.015888083588441924,0.01627191458297408,0,2429799,0.011,0.015788050499999973,0.015213576899999946,0,-0.1932291666666667,0.16875833333333468,0,0,438,-1
2717,-576451643836,1.7713425069893716,3.084012163026242,0.007968665970727463,0.007519851212085497,0.015821222702355284,0.01427302526700238,0,2429810,0.011,0.01399282049999998,0.01581198689999995,0,-0.07947916666666671,-0.09374166666666528,0,1,439,2
2718,-576451643827,1.7714229063729126,3.0840880734136134,0.008114942860521397,0.007662232738190359,0.007416687591802777,0.014027298954495617,0,2429820,0.01,0.01399282049999998,0.0062374268999999365,0,-0.3157291666666667,-0.09374166666666528,0,0,439,-1
2719,-576451643816,1.7715044742649348,3.0841653873055224,0.008196505623126986,0.007800988377486614,0.01267985861689395,0.012947508513860288,0,2429830,0.01,0.012796000499999974,0.013418346899999954,0,-0.3507291666666667,0.05500833333333466,0,0,439,-1
2720,-576451643807,1.771587149935277,3.0842440858397695,0.0083352600025125,0.007936905159868245,0.02119913638746836,0.017537638268789665,0,2429840,0.01,0.018181690499999983,0.022394496899999946,0,-0.3332291666666667,-0.10249166666666532,0,0,439,-1
