1,-576452519519,2.0000072403516795,2.900002511044191,3.771796494824392e-4,-7.649768405122599e-5,0.017664576923975227,-0.004381361315992611,0,1554152,0.026,-0.004557889500000024,0.01820562689999994,0,-0.1669791666666667,-0.1287416666666653,0,1,62,2
2,-576452519509,2.0000117434729106,2.900002577451583,5.308917634935969e-4,-5.8049280171068284e-5,0.008153363383150123,0.011231642682728348,0,1554163,0.011,0.013394410499999978,0.00683583689999994,0,-0.1582291666666667,0.12500833333333472,0,0,62,-1
3,-576452519494,2.0000199049129925,2.9000005410895904,6.355440097219212e-4,3.7373116200316916e-5,0.009098066290899784,0.0036810835588219153,0,1554174,0.011,0.0026230304999999765,0.009229476899999934,0,-0.1932291666666667,-0.11124166666666535,0,1,63,1
4,-576452519487,2.0000278093685075,2.9000011028017414,7.807224043976661e-4,6.890818001311861e-5,0.03755128807303166,-0.0019697760170689616,0,1554185,0.011,-0.002762659500000015,0.04154361689999995,0,-0.3157291666666667,-0.10249166666666532,0,0,63,-1
5,-576452519477,2.000037441729734,2.9000017881893463,0.0011485088384583675,6.318073286175174e-5,0.03213115839800606,0.007830447452669136,0,1554195,0.01,0.009205540499999991,0.031370646899999945,0,-0.3244791666666667,-0.032491666666665364,0,0,63,-1
6,-576452519467,2.0000505082143962,2.900002731788296,0.0014659317034744859,1.29162854819662e-4,0.02936511688816051,-9.344285106084194e-4,0,1554205,0.01,-0.0021642495000000293,0.028977006899999953,0,-0.4294791666666667,0.1512583333333346,0,0,63,-1
7,-576452519457,2.000066514627957,2.900004042568441,0.0017406925599416166,1.300890303271234e-4,0.015905331947998296,0.006383512464923264,0,1554215,0.01,0.007410310499999982,0.014016756899999957,0,-0.0707291666666667,-0.049991666666665324,0,0,63,-1
8,-576452519448,2.0000847490973817,2.90000559526863,0.001904785464193778,1.8340604764079506e-4,0.019496913401226192,-0.001112470028070944,0,1554225,0.01,-0.0021642495000000293,0.02000085689999995,0,-0.1844791666666667,-0.04124166666666529,0,0,63,-1
9,-576452519437,2.0001094071267356,2.9000150049844784,0.0020741222121829243,2.3984518498463355e-4,-0.02519158625012848,0.0074117712365899336,0,1554235,0.01,0.008607130499999989,-0.03146240310000006,0,-0.2807291666666667,-0.006241666666665369,0,1,64,2
10,-576452519427,2.000128749782645,2.900017675005104,0.0018005000542355386,2.9849823298739615e-4,-0.04066156314640892,-0.003609831681056855,0,1554245,0.01,-0.005156299500000027,-0.04283219310000004,0,-0.3157291666666667,0.13375833333333476,0,0,64,-1
11,-576452519417,2.0001448130432347,2.9000204814556865,0.001408149056436096,2.627060106306979e-4,-0.03049522644339094,-0.0033916790275585534,0,1554255,0.01,-0.0033610695000000183,-0.02906876310000006,0,-0.24572916666666672,0.23875833333333474,0,0,64,-1
12,-576452519407,2.000157555458893,2.9000230146097232,0.0011321961406463243,2.4060812682892422e-4,-0.009827527966489485,0.005031599827921955,0,1554265,0.01,0.006213490499999994,-0.006927593100000041,0,-0.3157291666666667,0.002508333333334667,0,0,64,-1
13,-576452519397,2.000169551292203,2.9000259546072806,0.0010439925505887381,2.943339435926191e-4,0.0032111222813803516,0.003968953045609262,0,1554276,0.011,0.003819850499999965,0.005040606899999948,0,-0.3944791666666667,0.09000833333333458,0,0,64,-1
14,-576452519387,2.000180171608985,2.900029124509214,0.001079123470125707,3.383036663389523e-4,0.005340270897204066,0.006986860579312904,0,1554286,0.01,0.007410310499999982,0.005639016899999951,0,-0.3769791666666667,0.1512583333333346,0,0,64,-1
15,-576452519376,2.0001914695259932,2.9000328222793814,0.0011697595325085698,4.0279556526237977e-4,0.03184111871187196,0.003159988234111355,0,1554296,0.01,0.0026230304999999765,0.03555951689999995,0,-0.2107291666666667,0.11625833333333468,0,0,64,-1
16,-576452519365,2.0002273424871313,2.9000152244101516,0.001650928953666292,3.03853003728235e-4,0.04402397849005319,-0.006757719979640234,0,1554307,0.011,-0.008148349500000025,0.04573248689999996,0,-0.26322916666666674,0.07250833333333473,0,1,65,1
17,-576452519355,2.0002481596743724,2.9000183487606233,0.0021342666638601774,2.567573390574471e-4,0.04342315052768006,0.01091474421526773,0,1554318,0.011,0.013394410499999978,0.04333884689999994,0,-0.2107291666666667,0.011258333333334702,0,0,65,-1
19,-576452519319,2.000299250923515,2.9000251593653683,0.0029594706106954834,3.962848225258888e-4,0.020645557338016266,-7.957233011792316e-4,0,1554338,0.01,-0.0015658395000000265,0.01760721689999996,0,-0.21947916666666673,0.05500833333333466,0,0,65,-1
20,-576452519319,2.0003330756893094,2.900029512697031,0.0031897139177011367,3.9371030113570613e-4,0.022704071753107947,0.0032519163676298915,0,1554349,0.011,0.003819850499999965,0.02299290689999995,0,-0.07947916666666671,-0.006241666666665369,0,0,65,-1
21,-576452519313,2.0003658952441783,2.9000335290214614,0.0,0.0,0.0,0.0,1,1554359,0.01,-0.0069515295000000185,-0.003337133100000041,0,-0.21947916666666673,0.05500833333333466,0,0,65,-1
22,-576452519303,2.000403519617157,2.9000898803969033,1.5919490474008519e-4,2.3870137602333556e-4,6.748563512589606e-7,1.0121015056294178e-6,1,1554369,0.01,-0.005754709500000013,0.0014501468999999479,0,-0.2107291666666667,-0.014991666666665293,0,1,66,2
23,-576452519293,2.0004051853055547,2.900092469853457,0.0,0.0,0.0,0.0,1,1554380,0.011,-0.003959479500000021,-0.009321233100000053,0,-0.1669791666666667,0.07250833333333473,0,0,66,-1
24,-576452519283,2.0004050211292745,2.9000924668391734,0.0,0.0,0.0,0.0,1,1554390,0.01,-3.6901950000002077e-4,-0.020092613100000052,0,-0.21947916666666673,0.002508333333334667,0,0,66,-1
25,-576452519273,2.0004049566930826,2.9000924211975834,0.0,0.0,0.0,0.0,1,1554400,0.01,-0.005754709500000013,-0.008124413100000064,0,-0.2019791666666667,0.07250833333333473,0,0,66,-1
26,-576452519263,2.000404939811744,2.900092342769343,0.0,0.0,0.0,0.0,1,1554410,0.01,-0.009943579500000016,-0.0021403131000000525,0,-0.2107291666666667,0.12500833333333472,0,0,66,-1
27,-576452519253,2.0004049889636812,2.9000923351458407,0.0,0.0,0.0,0.0,1,1554420,0.01,-9.674295000000236e-4,0.0062374268999999365,0,-0.2107291666666667,-0.06749166666666528,0,0,66,-1
28,-576452519243,2.000405033393855,2.9000923322383123,6.9386781476674295e-6,-4.5406984717087806e-7,0.00494515080480211,-3.236126278346126e-4,0,1554430,0.01,-3.6901950000002077e-4,0.005639016899999951,0,-0.3332291666666667,-0.049991666666665324,0,0,66,-1
29,-576452519232,2.0004154249957167,2.9000818977596463,1.0727338583806607e-4,-2.3249577751853924e-5,0.017098841180321993,0.01118155756948221,0,1554440,0.01,0.012796000499999974,0.018804036899999946,0,-0.26322916666666674,0.020008333333334738,0,1,67,1
30,-576452519222,2.000417666067668,2.900082245565182,2.992446156863655e-4,8.909391694412911e-5,0.019643771551370117,0.004200911823870719,0,1554451,0.011,0.0032214404999999792,0.02000085689999995,0,-0.23697916666666669,0.04625833333333462,0,0,67,-1
31,-576452519211,2.000421604509896,2.900083392324182,4.901722741516523e-4,1.380718181945614e-4,0.015758700618943456,0.00911451142996473,0,1554461,0.01,0.009803950499999978,0.015213576899999946,0,-0.2807291666666667,0.13375833333333476,0,0,67,-1
32,-576452519202,2.0004273515420667,2.9000852294899646,6.566725984427388e-4,2.2932909031447295e-4,0.022102756976155526,0.009194339614013135,0,1554471,0.01,0.009205540499999991,0.02299290689999995,0,-0.1407291666666667,-0.16374166666666534,0,0,67,-1
33,-576452519191,2.0004349029911506,2.900087921228284,8.589115582655799e-4,3.1171244763815675e-4,0.008714390982527994,0.0023820582144008663,0,1554481,0.01,0.001426210499999971,0.00683583689999994,0,-0.2807291666666667,-0.006241666666665369,0,0,67,-1
34,-576452519181,2.0004438894451515,2.9000912017946607,9.400621982838241e-4,3.424566278865902e-4,0.004443101833068937,0.007316374607384262,0,1554491,0.01,0.008008720499999986,0.0038437868999999423,0,-0.2719791666666667,0.16875833333333468,0,0,67,-1
35,-576452519170,2.000549536292684,2.9002377995590134,0.0012577329883299044,8.226470555022559e-4,2.448682531408075e-4,-9.96517234833295e-4,0,1554502,0.011,-0.0021642495000000293,-3.450831000000438e-4,0,-0.21947916666666673,0.12500833333333472,0,1,68,2
36,-576452519161,2.0005622383788912,2.900245898220413,0.0012773104794433004,8.008096890992435e-4,0.012322162475412655,-0.00936744441795677,0,1554512,0.01,-0.010541989500000019,0.014016756899999957,0,-0.1582291666666667,0.1512583333333346,0,0,68,-1
37,-576452519150,2.000575455940597,2.9002534001576947,0.0013738651247222925,7.012642577806345e-4,-0.006658070594717316,-0.013546128244272305,0,1554522,0.01,-0.014132449500000019,-0.009321233100000053,0,-0.0969791666666667,0.21250833333333463,0,0,68,-1
38,-576452519141,2.0005889681185756,2.900259768627742,0.0013238910267610092,5.70972987469269e-4,0.005175447319979275,-0.009862086347682361,0,1554532,0.01,-0.009345169500000012,0.00683583689999994,0,-0.10572916666666671,0.1775083333333347,0,0,68,-1
39,-576452519131,2.0006024505919355,2.9002650411978914,0.0013732705516480476,4.810879562786576e-4,0.0034828669535885226,-0.003636225171516995,0,1554542,0.01,-0.002762659500000015,0.0032453768999999395,0,-0.3769791666666667,0.09875833333333461,0,0,68,-1
40,-576452519121,2.000616393288878,2.900269771447273,0.0014136976310545025,4.605271961935128e-4,0.007472817296737377,0.007625395244194632,0,1554552,0.01,0.009205540499999991,0.008032656899999945,0,-7.291666666666974e-4,0.27375833333333466,0,0,68,-1
41,-576452519111,2.000630917746602,2.9002747185758575,0.0014905873277986533,5.306258694270479e-4,0.009013324588147919,0.003238558233532699,0,1554562,0.01,0.0026230304999999765,0.009229476899999934,0,-0.26322916666666674,0.020008333333334738,0,0,68,-1
42,-576452519100,2.0008025436358485,2.900115345486517,0.0019641282669433436,1.5272709186968419e-4,0.005530194578507378,0.0026979720394180833,0,1554572,0.01,0.0026230304999999765,0.005040606899999948,0,-0.1582291666666667,0.18625833333333475,0,1,69,1
43,-576452519090,2.0008246436192314,2.9001172099803223,0.0020483321066923667,1.855081365853719e-4,0.020844166396997724,0.004731360795268499,0,1554583,0.011,0.005016670499999971,0.02299290689999995,0,-0.3944791666666667,0.0637583333333347,0,0,69,-1
44,-576452519080,2.000846132929155,2.9001194066227547,0.002251259272041085,2.4880632676661086e-4,0.016955960494230423,0.01600188581729925,0,1554593,0.01,0.017583280499999982,0.01641039689999995,0,-0.4469791666666667,0.2037583333333346,0,0,69,-1
45,-576452519069,2.000872011352757,2.900123048964516,0.0024506756959563098,4.157198738023096e-4,0.0253987400389501,0.010041812791883107,0,1554604,0.011,0.009205540499999991,0.02658336689999995,0,-0.009479166666666705,0.0637583333333347,0,0,69,-1
46,-576452519058,2.0009004826109633,2.90012820447609,0.00272680948948329,5.226223947673061e-4,0.023288938296150034,0.0077341098877572925,0,1554615,0.011,0.007410310499999982,0.02299290689999995,0,-0.1932291666666667,0.09000833333333458,0,0,69,-1
48,-576452519017,2.000959718963779,2.9001403702109707,0.003199165188658428,7.031410479095911e-4,0.014859243054219014,0.00570353878933041,0,1554635,0.01,0.005016670499999971,0.013418346899999954,0,-0.1932291666666667,0.07250833333333473,0,0,69,-1
49,-576452519016,2.000992461093667,2.900147563363985,0.003348930160726577,7.409195326594173e-4,0.01569475429301915,-0.008018243034256047,0,1554645,0.01,-0.009943579500000016,0.01581198689999995,0,-0.12322916666666671,0.002508333333334667,0,0,69,-1
50,-576452519016,2.0010266936156795,2.900154617778701,0.003499394859762604,6.679404492188018e-4,0.011074566629251943,-0.002884567900699922,0,1554655,0.01,-0.0021642495000000293,0.01042629689999994,0,-0.3944791666666667,0.028758333333334773,0,0,69,-1
51,-576452519008,2.0010623069087354,2.9001611114809838,0.0036203877906873312,6.326178083366867e-4,0.018377723288205295,-0.0075006551147818075,0,1554665,0.01,-0.008148349500000025,0.01940244689999995,0,-0.1669791666666667,0.13375833333333476,0,0,69,-1
52,-576452518997,2.0010993151612935,2.900166991515766,0.003786281393636552,5.465056954045683e-4,0.005632149280956443,-0.015415533701819015,0,1554675,0.01,-0.01652608950000003,0.0038437868999999423,0,-0.07947916666666671,0.21250833333333463,0,0,69,-1
53,-576452518988,2.0011373889148025,2.900171790201301,0.0038315664215534478,4.0865571333725587e-4,-0.0022334866572307124,-0.0037947849263920037,0,1554685,0.01,-0.0021642495000000293,-0.003337133100000041,0,-0.2807291666666667,-0.07624166666666532,0,0,69,-1
54,-576452518974,2.0011755794943946,2.900175629144006,0.0038071372195946423,3.6166927983458244e-4,-0.0037261095624359537,-0.010236541080810358,0,1554695,0.01,-0.011140399500000021,-0.003935543100000044,0,-0.2019791666666667,0.07250833333333473,0,0,69,-1
55,-576452518966,2.001435864651836,2.8999485965922753,0.004213701008125632,-1.890907950428092e-4,0.00868556244364742,-0.0010591345815618553,0,1554706,0.011,2.293904999999821e-4,0.01042629689999994,0,-0.1319791666666667,0.2825083333333347,0,1,71,1
56,-576452518956,2.001482678046546,2.8999465269895275,0.004300271315552458,-1.901024147360816e-4,0.002865222854745844,0.005843390478811146,0,1554717,0.011,0.00681190049999998,0.002048556899999951,0,-0.2719791666666667,0.11625833333333468,0,0,71,-1
57,-576452518946,2.0015259304877535,2.899945014677541,0.004345047248535204,-1.1704782747864349e-4,0.014218921872383453,0.016138718124764966,0,1554727,0.01,0.017583280499999982,0.01581198689999995,0,-0.17572916666666671,0.09000833333333458,0,0,71,-1
58,-576452518936,2.0015700190343138,2.899944638848351,0.004475925953922752,4.243237123057808e-5,0.006169974249543393,0.014781644753868003,0,1554737,0.01,0.014591230499999983,0.005040606899999948,0,-0.2107291666666667,0.028758333333334773,0,0,71,-1
59,-576452518926,2.0016151439720717,2.899945777149153,0.004546546263345667,1.8633216240227234e-4,0.012526453841919007,0.01199077429801434,0,1554747,0.01,0.011599180499999986,0.013418346899999954,0,-0.2807291666666667,0.002508333333334667,0,0,71,-1
60,-576452518916,2.0016612899426187,2.899948170904083,0.00468027172011579,2.95449228797842e-4,0.018556374164552372,0.0043004837991812124,0,1554757,0.01,0.0032214404999999792,0.01940244689999995,0,-0.2544791666666667,0.14250833333333457,0,0,71,-1
61,-576452518905,2.0017089705656934,2.8999513177739016,0.004858040578320307,3.349173397915284e-4,0.013001013078721943,0.0017798822172516641,0,1554767,0.01,0.001426210499999971,0.012221526899999948,0,-0.21947916666666673,0.020008333333334738,0,0,71,-1
62,-576452518893,2.001974303088366,2.900270093402697,0.005362351334078199,8.982559111499542e-4,0.005495838408731432,-0.00640117758890218,0,1554778,0.011,-0.007549939500000021,0.004442196899999945,0,-0.2282291666666667,0.05500833333333466,0,1,72,2
63,-576452518883,2.0020336681502857,2.9002795024510037,0.005429469885030103,8.157752843241512e-4,0.009819617040459427,-0.01423069143544939,0,1554789,0.011,-0.015329269500000025,0.01042629689999994,0,-0.3244791666666667,0.04625833333333462,0,0,72,-1
64,-576452518873,2.002088429294679,2.9002869347166618,0.005523950103441043,6.713549708379455e-4,0.00720298314405355,-0.01571886961295259,0,1554799,0.01,-0.015927679500000028,0.00683583689999994,0,-0.0969791666666667,0.14250833333333457,0,0,72,-1
65,-576452518863,2.002149641700708,2.900293510244288,0.005605096855791415,5.190195025804048e-4,0.008455344975961376,-0.0022577779039244083,0,1554810,0.011,-3.6901950000002077e-4,0.008631066899999948,0,-0.4032291666666667,0.04625833333333462,0,0,72,-1
66,-576452518852,2.0022060924000127,2.9002985002094124,0.005686146858576322,4.8315872283621344e-4,0.0059855586109963145,-0.011621748140277352,0,1554820,0.01,-0.012935629500000012,0.005639016899999951,0,-0.4032291666666667,0.2037583333333346,0,0,72,-1
67,-576452518842,2.0022632456506906,2.900302830477722,0.005744838136526469,3.793314791492814e-4,0.005156880705432163,-0.002803192426162655,0,1554830,0.01,-0.0015658395000000265,0.005040606899999948,0,-0.2544791666666667,0.0637583333333347,0,0,72,-1
68,-576452518815,2.0026916558182113,2.8999165335127124,0.006411861802274622,-2.745516842532771e-4,0.013976746118476215,0.0035290257673178125,0,1554840,0.01,0.004418260499999968,0.015213576899999946,0,-0.23697916666666669,0.11625833333333468,0,1,73,1
69,-576452518814,2.002756407645898,2.899914046824664,0.006541369819202495,-2.2638586785439459e-4,0.006664952398743878,0.012705278270394561,0,1554850,0.01,0.01399282049999998,0.005639016899999951,0,-0.2544791666666667,0.07250833333333473,0,0,73,-1
70,-576452518812,2.002822165361502,2.899912329368143,0.006609702261434775,-1.1321170355338367e-4,0.007864364483342717,0.002814069917714523,0,1554860,0.01,0.001426210499999971,0.008032656899999945,0,-0.3069791666666667,0.18625833333333475,0,0,73,-1
71,-576452518801,2.0028954261899328,2.8999112415738604,0.006707648113784435,-8.411441758444736e-5,0.015358830244404332,0.0015969829257490697,0,1554871,0.011,0.001426210499999971,0.01641039689999995,0,-0.3069791666666667,0.21250833333333463,0,0,73,-1
72,-576452518791,2.002963186315905,2.8999105179941935,0.006848403113772196,-6.240280169213568e-5,0.006310236955792321,0.005645441469326443,0,1554881,0.01,0.006213490499999994,0.005040606899999948,0,-0.2982291666666667,0.011258333333334702,0,0,73,-1
73,-576452518782,2.0030320137573665,2.8999102139653634,0.006915839605505547,-8.735234039605282e-8,0.00939504939049358,0.009817034211478701,0,1554891,0.01,0.01040236049999998,0.009827886899999937,0,-0.3244791666666667,0.1512583333333346,0,0,73,-1
74,-576452518771,2.0031016547594858,2.89991066136181,0.007011795677429359,9.143885637445972e-5,0.01082418185943285,0.00508256530710926,0,1554901,0.01,0.004418260499999968,0.011024706899999943,0,-0.14947916666666672,-0.049991666666665324,0,0,73,-1
75,-576452518760,2.003523480078342,2.9004228370224254,0.007641270559388871,8.876282771622477e-4,0.00890145559205241,-0.009668187679865358,0,1554912,0.011,-0.011738809500000008,0.008631066899999948,0,-0.12322916666666671,0.07250833333333473,0,1,74,2
78,-576452518720,2.003766929791828,2.9004483181958953,0.008134552704921399,7.624104868104147e-4,0.012811123655343624,-0.008017116712704702,0,1554943,0.01,-0.008148349500000025,0.011623116899999963,0,-0.3069791666666667,0.09000833333333458,0,0,74,-1
79,-576452518718,2.0038488923414146,2.9004556017776775,0.008258992474032143,6.916518273673899e-4,0.010194966281954088,-0.0013100976068368565,0,1554953,0.01,-3.6901950000002077e-4,0.009827886899999937,0,-0.1669791666666667,0.13375833333333476,0,0,74,-1
80,-576452518709,2.0039320457099215,2.900462408334614,0.008369326576571462,6.716090620408138e-4,0.016170381857694448,-0.006257366246289302,0,1554963,0.01,-0.0069515295000000185,0.017008806899999954,0,-0.3682291666666667,0.09875833333333461,0,0,74,-1
81,-576452518699,2.0046629363062265,2.8997911105422123,0.009426392995980639,-3.302449321362906e-4,0.011133818318819854,-0.0010943336071180048,0,1554973,0.01,-3.6901950000002077e-4,0.01042629689999994,0,-0.5607291666666667,0.03750833333333459,0,1,75,1
82,-576452518689,2.0047673430523503,2.899787390912336,0.009555126112112497,-3.4531629890284423e-4,0.015236350645720986,-0.003082153651588265,0,1554984,0.011,-0.0033610695000000183,0.01581198689999995,0,-0.14947916666666672,0.1512583333333346,0,0,75,-1
83,-576452518679,2.004863655947914,2.8997838155817117,0.009707461297717443,-3.712748294625013e-4,0.015216379149097082,3.4669099675208254e-4,0,1554994,0.01,8.278004999999679e-4,0.015213576899999946,0,-0.2982291666666667,0.1512583333333346,0,0,75,-1
84,-576452518668,2.0049613964393584,2.899780157203988,0.009844875531960765,-3.620540057689124e-4,0.0047183770228024936,0.004442041890078158,0,1555004,0.01,0.005016670499999971,0.0032453768999999395,0,-0.3682291666666667,0.05500833333333466,0,0,75,-1
85,-576452518658,2.005069983976142,2.899776514486697,0.009898010030595568,-3.028101131394202e-4,0.00552573460132934,0.011243290783309382,0,1555015,0.011,0.012197590499999989,0.005639016899999951,0,-0.3069791666666667,0.07250833333333473,0,0,75,-1
86,-576452518646,2.005169324412179,2.8997740221204347,0.009966061169154264,-1.9440028580153433e-4,0.014546290796713143,0.008406725806939727,0,1555025,0.01,0.008008720499999986,0.01581198689999995,0,-0.2282291666666667,0.11625833333333468,0,0,75,-1
87,-576452518636,2.0052697461073965,2.8997724430900838,0.010116770090107047,-1.189337928000624e-4,0.018280132518186255,0.00228514442135337,0,1555035,0.01,0.001426210499999971,0.018804036899999946,0,-0.2544791666666667,0.0637583333333347,0,0,75,-1
88,-576452518625,2.00552470226769,2.8999663388180226,0.010504619641353791,1.635003941844877e-4,0.016640625959231155,0.0036312528346294825,0,1555047,0.012,0.003819850499999965,0.01641039689999995,0,-0.2807291666666667,-0.006241666666665369,0,1,76,2
89,-576452518615,2.0056412928015237,2.899968253561024,0.01069225320589809,1.8899924160016015e-4,0.019587389381970355,-0.005649346161100243,0,1555058,0.011,-0.0069515295000000185,0.02000085689999995,0,-0.1669791666666667,0.11625833333333468,0,0,76,-1
90,-576452518604,2.0057491436279786,2.8999699048002303,0.01088043416787865,1.3909045975665923e-4,0.014177431239341853,-0.001018749711254911,0,1555068,0.01,-3.6901950000002077e-4,0.013418346899999954,0,-0.2807291666666667,-0.24249166666666533,0,0,76,-1
91,-576452518594,2.0058695851826718,2.899971368110237,0.011021732407607357,1.2715088683883113e-4,0.004590537234052115,-0.0014985215504050877,0,1555079,0.011,-0.0015658395000000265,0.0032453768999999395,0,-0.1407291666666667,0.09000833333333458,0,0,76,-1
92,-576452518584,2.00598009935855,2.899972480917184,0.011077875167232758,9.942673585980418e-5,0.011807331065810363,-0.010478769188135189,0,1555089,0.01,-0.011738809500000008,0.012819936899999952,0,-0.21947916666666673,0.14250833333333457,0,0,76,-1
93,-576452518572,2.0060915239795363,2.8999729080215224,0.011204569385889191,-1.2074766144542783e-5,0.017943110777147376,-0.015257205516994774,0,1555099,0.01,-0.015927679500000028,0.018804036899999946,0,-0.3594791666666667,0.36125833333333457,0,0,76,-1
94,-576452518563,2.0066867708501688,2.8994690628630377,0.011963519546942846,-7.806143149276014e-4,0.010826828055190977,-0.015845586084664458,0,1555109,0.01,-0.015927679500000028,0.009827886899999937,0,-0.10572916666666671,0.0637583333333347,0,1,77,1
95,-576452518553,2.0068190155524688,2.8994596372237895,0.012081277810950593,-9.37405651912283e-4,0.00995080396356643,-0.004372478967490875,0,1555120,0.011,-0.002762659500000015,0.009827886899999937,0,-0.23697916666666669,-0.02374166666666533,0,0,77,-1
96,-576452518543,2.006940354210492,2.899450150574642,0.012185098634080266,-9.649870098938823e-4,0.012991674925097143,0.007010023930164809,0,1555130,0.01,0.008607130499999989,0.013418346899999954,0,-0.3594791666666667,0.028758333333334773,0,0,77,-1
97,-576452518533,2.0070628724012134,2.8994407879377375,0.01231775300424565,-9.04715850562341e-4,0.014940177746463414,1.4175017129753296e-5,0,1555140,0.01,-9.674295000000236e-4,0.015213576899999946,0,-0.3507291666666667,-0.006241666666665369,0,0,77,-1
98,-576452518523,2.007186846294947,2.8994317951036854,0.012474855726963713,-8.962083123529788e-4,0.020427708201490067,0.005975458382398584,0,1555150,0.01,0.00681190049999998,0.021197676899999948,0,-0.1932291666666667,-0.02374166666666533,0,0,77,-1
99,-576452518511,2.007312556287207,2.899423190255974,0.012669771459677043,-8.273247209058182e-4,0.0137560530102608,0.012481528090248755,0,1555160,0.01,0.013394410499999978,0.012819936899999952,0,-0.3069791666666667,-0.02374166666666533,0,0,77,-1
100,-576452518501,2.007439920284004,2.8994154822690854,0.01280397113241092,-7.116947722942135e-4,0.01136079180518271,0.005935201456584607,0,1555170,0.01,0.005016670499999971,0.011024706899999943,0,-0.1932291666666667,0.1512583333333346,0,0,77,-1
101,-576452518492,2.0077383852741346,2.8996571490769725,0.013108438584740189,-3.6573850709874337e-4,0.008442289199329014,0.00670419546023674,0,1555180,0.01,0.00681190049999998,0.008032656899999945,0,-0.3244791666666667,0.09875833333333461,0,1,78,2
102,-576452518482,2.007883085038434,2.8996535982499805,0.0132007554484363,-2.822375130951836e-4,0.008083061069558728,0.01309597449201116,0,1555191,0.011,0.01399282049999998,0.008032656899999945,0,-0.26322916666666674,0.020008333333334738,0,0,78,-1
103,-576452518469,2.0080154816791396,2.8996513597960125,0.013279290562319452,-1.6207066620583702e-4,0.006464527296594974,0.005486030224698165,0,1555201,0.01,0.004418260499999968,0.0062374268999999365,0,-0.026979166666666707,-0.11124166666666535,0,0,78,-1
104,-576452518461,2.008148586519941,2.899649914751419,0.013342181414708687,-1.2253476889993877e-4,0.005215816533696555,-0.005421120715453489,0,1555211,0.01,-0.0069515295000000185,0.005040606899999948,0,-0.4032291666666667,0.0637583333333347,0,0,78,-1
105,-576452518418,2.008282248863496,2.8996484912337976,0.0133911781620362,-1.6537334819512344e-4,0.0029630570440964316,0.0026827734656852805,0,1555221,0.01,0.003819850499999965,0.0026469668999999536,0,-0.2282291666666667,0.14250833333333457,0,0,78,-1
106,-576452518417,2.0084163817561813,2.899646919296983,0.013432201263456862,-1.4671889420372458e-4,0.011082296704321204,-0.0031421678638855104,0,1555231,0.01,-0.003959479500000021,0.012221526899999948,0,-0.2807291666666667,-0.10249166666666532,0,0,78,-1
107,-576452518417,2.0085512715746288,2.899645264985448,0.013545162356031011,-1.8282790304247705e-4,0.01260612487588021,-0.006482797639372459,0,1555241,0.01,-0.0069515295000000185,0.012819936899999952,0,-0.1407291666666667,0.19500833333333478,0,0,78,-1
108,-576452518416,2.008687402337172,2.8996431230178836,0.01367884997371135,-2.460236581101055e-4,0.018041400239954514,-0.005319521582958062,0,1555251,0.01,-0.005156299500000027,0.018804036899999946,0,-0.3682291666666667,0.11625833333333468,0,0,78,-1
109,-576452518409,2.008825113060042,2.899640426380029,0.013862411363411507,-2.9460006737600425e-4,0.020284528181723993,-0.002027720139073162,0,1555261,0.01,-0.0015658395000000265,0.020599266899999955,0,-0.2719791666666667,0.002508333333334667,0,0,78,-1
110,-576452518402,2.0101846136792445,2.8983745479290404,0.01536267746394264,-0.0016591456781887082,0.017412555718232248,0.0015252706499259104,0,1555271,0.01,0.0020246204999999737,0.017008806899999954,0,-0.2282291666666667,-0.006241666666665369,0,1,79,1
111,-576452518392,2.010339178567334,2.8983580603012515,0.01554735107547173,-0.0016395968362145346,0.02493014563768866,0.004587062995060084,0,1555281,0.01,0.005016670499999971,0.025984956899999946,0,-0.1144791666666667,0.03750833333333459,0,0,79,-1
112,-576452518382,2.0104957654694693,2.898341859334576,0.015775860637536113,-0.0015990882255930764,0.010111848137939037,7.655905596766176e-4,0,1555291,0.01,2.293904999999821e-4,0.008032656899999945,0,-0.2107291666666667,0.07250833333333473,0,0,79,-1
113,-576452518368,2.0106540132878274,2.8983259449390646,0.015874420730468256,-0.0015854651524121782,0.008288495875307571,0.005018363606210681,0,1555301,0.01,0.005615080499999991,0.008032656899999945,0,-0.3594791666666667,0.020008333333334738,0,0,79,-1
114,-576452518360,2.0116686999726223,2.899521775111412,0.016819171504921304,-2.761984250763754e-4,-8.565767863287327e-4,0.003968068161809443,0,1555312,0.011,0.003819850499999965,-0.0021403131000000525,0,-0.1932291666666667,0.08125833333333476,0,1,80,2
115,-576452518349,2.0118535903163894,2.899518964389402,0.01679992562178215,-2.343675764783517e-4,-0.0072301250897016806,0.002788533822103342,0,1555323,0.011,0.0026230304999999765,-0.008124413100000064,0,-0.4732291666666667,0.10750833333333465,0,0,80,-1
116,-576452518339,2.0120379891372315,2.899516587652221,0.01672566258857685,-1.9905875470436585e-4,-0.003816155454150335,0.00579205865142463,0,1555334,0.011,0.006213490499999994,-0.003337133100000041,0,-0.1844791666666667,0.09000833333333458,0,0,80,-1
117,-576452518328,2.0122050539740015,2.899514831023768,0.016687352327949618,-1.49557689568003e-4,-0.0039208527663639435,-1.3569238476542674e-4,0,1555344,0.01,-9.674295000000236e-4,-0.003935543100000044,0,-0.2544791666666667,0.0637583333333347,0,0,80,-1
118,-576452518319,2.0123716980743747,2.899513345817228,0.016642963613925657,-1.4825238839753075e-4,-0.007607176133636539,0.0017587997208925793,0,1555354,0.01,0.0020246204999999737,-0.008124413100000064,0,-0.17572916666666671,0.16000833333333464,0,0,80,-1
119,-576452518308,2.012537818803112,2.8995119533303066,0.016578038721113783,-1.3033724496712545e-4,3.3566728808481685e-4,0.001991911957129372,0,1555364,0.01,0.0020246204999999737,0.0014501468999999479,0,-0.2107291666666667,0.011258333333334702,0,0,80,-1
120,-576452518298,2.013946711073148,2.8982356628910986,0.017833420982826222,-0.0013718557050163363,0.01705690230403613,0.0030695435939070326,0,1555374,0.01,0.0032214404999999792,0.01940244689999995,0,-0.2544791666666667,-0.02374166666666533,0,1,81,1
121,-576452518286,2.014143899197343,2.8982207212352926,0.018019380693235443,-0.0013434937027867174,0.01596517044343589,-4.706906522937986e-4,0,1555385,0.011,-9.674295000000236e-4,0.01581198689999995,0,-0.3157291666666667,0.11625833333333468,0,0,81,-1
122,-576452518277,2.014325002428711,2.8982072489545936,0.01819596013787697,-0.0013503069498142645,0.027900712118835443,-0.0019558615690032713,0,1555395,0.01,-0.0021642495000000293,0.029575416899999946,0,-0.1932291666666667,-0.05874166666666536,0,0,81,-1
123,-576452518266,2.014508237463435,2.8981936559277908,0.018456386128388128,-0.0013686477144378326,0.014675586350819975,-0.0010890534483318027,0,1555405,0.01,-9.674295000000236e-4,0.012819936899999952,0,-0.14947916666666672,0.04625833333333462,0,0,81,-1
124,-576452518257,2.0146935818255107,2.898179854599731,0.018610432114468452,-0.001388962392546299,0.019870373696672446,-0.007804499050976717,0,1555415,0.01,-0.00874675950000001,0.020599266899999955,0,-0.17572916666666671,0.12500833333333472,0,0,81,-1
125,-576452518247,2.0148994450903017,2.898164161016063,0.018821171715449517,-0.0014664620292958517,0.014737028944137946,-0.0023334900353096386,0,1555426,0.011,-0.0015658395000000265,0.014016756899999957,0,-7.291666666666974e-4,0.020008333333334738,0,0,81,-1
126,-576452518237,2.015088299773401,2.898149420215479,0.0,0.0,0.0,0.0,1,1555436,0.01,0.0026230304999999765,0.0032453768999999395,0,-0.24572916666666672,0.0637583333333347,0,0,81,-1
127,-576452518226,2.0165145972100076,2.900180840576213,0.0013403381552745722,0.001914461794534628,5.741981702131193e-7,8.539565706390204e-7,1,1555446,0.01,0.014591230499999983,8.51736899999945e-4,0,-0.23697916666666669,0.0637583333333347,0,1,82,2
128,-576452518216,2.016529370605001,2.90020195102921,0.0,0.0,0.0,0.0,1,1555457,0.011,0.005615080499999991,0.0032453768999999395,0,-0.1582291666666667,0.12500833333333472,0,0,82,-1
129,-576452518205,2.0165294020037536,2.900201967559788,0.0,0.0,0.0,0.0,1,1555467,0.01,0.0020246204999999737,0.0038437868999999423,0,-0.03572916666666671,-0.006241666666665369,0,0,82,-1
130,-576452518196,2.0165293660437884,2.9002020026013815,-5.586330785553774e-6,5.443784012728653e-6,-0.003976062178746167,0.003874605246776332,0,1555477,0.01,0.004418260499999968,-0.004533953100000047,0,-0.28947916666666673,0.028758333333334773,0,0,82,-1
131,-576452518185,2.0165292296929413,2.90020227393634,-2.688588259600435e-5,4.780469159063293e-5,0.00917890199283002,0.0064504740982104306,0,1555487,0.01,0.00681190049999998,0.011024706899999943,0,-0.1844791666666667,0.1775083333333347,0,0,82,-1
132,-576452518176,2.0165294107466476,2.900203016052718,6.34926847227937e-5,1.0318171485454984e-4,0.008173699322962306,-5.4676107782961406e-5,0,1555497,0.01,-9.674295000000236e-4,0.008032656899999945,0,-0.3682291666666667,0.12500833333333472,0,0,82,-1
133,-576452518163,2.0165305664050295,2.9002040049400426,1.6272803611147428e-4,9.635752574414802e-5,0.020644665420442205,-0.0045285582527043065,0,1555507,0.01,-0.005156299500000027,0.022394496899999946,0,-0.2544791666666667,0.07250833333333473,0,0,82,-1
134,-576452518154,2.0177288499461015,2.89899195239498,0.0014716305154880438,-0.0010506395413109795,0.026377902136546387,-0.0077034743010257365,0,1555518,0.011,-0.008148349500000025,0.02718177689999995,0,-0.0882291666666667,0.002508333333334667,0,1,83,1
136,-576452518121,2.0177679217881934,2.898967457646593,0.0020963491611591598,-0.0011513889863051985,0.0239481722147493,-0.005267635476291583,0,1555540,0.011,-0.005754709500000013,0.02299290689999995,0,-0.4994791666666667,0.03750833333333459,0,0,83,-1
137,-576452518120,2.0177899910813615,2.8989556862140464,0.0023219697128503544,-0.0012031812947159264,0.014189236783511193,-0.004645221862694632,0,1555550,0.01,-0.004557889500000024,0.012819936899999952,0,-0.26322916666666674,0.028758333333334773,0,0,83,-1
138,-576452518113,2.0178138998630115,2.898943427585327,0.002460699766420891,-0.0012487884504687244,0.011938871155565588,-0.004043858281612584,0,1555560,0.01,-0.003959479500000021,0.011623116899999963,0,-0.28947916666666673,0.1512583333333346,0,0,83,-1
139,-576452518103,2.017839025781525,2.8989306956868943,0.0025679164452122104,-0.0012957513693620294,0.0032655338756832353,-0.008692857194546374,0,1555570,0.01,-0.009345169500000012,0.002048556899999951,0,-0.4557291666666667,-0.11999166666666539,0,0,83,-1
140,-576452518092,2.0178648727795276,2.8989173644096256,0.002601283325285444,-0.0013731737896257395,0.0037726343968004965,-0.0019180229178257756,0,1555580,0.01,-9.674295000000236e-4,0.0038437868999999423,0,-0.1844791666666667,0.05500833333333466,0,0,83,-1
141,-576452518081,2.0191292297179095,2.9006344487321285,0.003691848924773921,1.0493628145754664e-4,-0.002986618334693294,0.0031144946674341993,0,1555591,0.011,0.003819850499999965,-0.003935543100000044,0,-0.2107291666666667,0.1775083333333347,0,1,84,2
142,-576452518072,2.019165927510322,2.9006357230553044,0.003651126911117083,1.4663399955009064e-4,-0.010640884467002596,0.010555162379102912,0,1555601,0.01,0.011599180499999986,-0.011714873100000064,0,-0.1844791666666667,-0.006241666666665369,0,0,84,-1
143,-576452518059,2.0192019788926245,2.9006376874563156,0.0035559289826488545,2.475735150206685e-4,-0.002661508659508165,0.007272498960585513,0,1555611,0.01,0.00681190049999998,-0.0015419031000000495,0,-0.2282291666666667,-0.02374166666666533,0,0,84,-1
144,-576452518052,2.019237413940265,2.900640461829253,0.0,0.0,0.0,0.0,1,1555621,0.01,-9.674295000000236e-4,-0.0015419031000000495,0,-0.2107291666666667,0.1512583333333346,0,0,84,-1
145,-576452518042,2.0192374253677294,2.9006404400591648,0.0,0.0,0.0,0.0,1,1555631,0.01,-0.002762659500000015,0.0014501468999999479,0,-0.12322916666666671,-0.06749166666666528,0,0,84,-1
146,-576452518031,2.0192376253897852,2.9006405314496275,0.0,0.0,0.0,0.0,1,1555641,0.01,0.011599180499999986,0.025386546899999942,0,-0.1582291666666667,0.13375833333333476,0,0,84,-1
147,-576452518021,2.021168774645521,2.89870837113258,0.0016291588700372336,-0.0016158147911043371,0.019114796437456418,-0.005047309885762545,0,1555652,0.011,-0.005754709500000013,0.021796086899999942,0,-0.2807291666666667,-0.014991666666665293,0,1,85,1
148,-576452518011,2.021186136623939,2.8986920234268645,0.001837782764843051,-0.0016567477766416365,0.03143692866189668,0.0016792154296334473,0,1555662,0.01,0.0026230304999999765,0.033165876899999946,0,-0.24572916666666672,0.22125833333333467,0,0,85,-1
149,-576452518001,2.021206047783727,2.898675452496215,0.0021461719257102213,-0.0016535388305254006,0.027180584820649962,-0.007988648131340273,0,1555672,0.01,-0.009345169500000012,0.02658336689999995,0,-0.1669791666666667,0.002508333333334667,0,0,85,-1
150,-576452517991,2.0212287599887606,2.898658483373602,0.002401040940736353,-0.0017387769907221933,0.015111753828286542,-0.011802139309823408,0,1555682,0.01,-0.01233721950000001,0.013418346899999954,0,-0.2107291666666667,0.19500833333333478,0,0,85,-1
151,-576452517981,2.0212534324777156,2.8986405437195146,0.00253755692357769,-0.0018508297175619448,0.004705503154165985,-0.007548384190765446,0,1555692,0.01,-0.0069515295000000185,0.0032453768999999395,0,-0.1319791666666667,0.020008333333334738,0,0,85,-1
152,-576452517971,2.0212790648220595,2.89862168628033,0.0025879696103413064,-0.0019218974963772207,0.007098482208867814,-0.0044010847173595645,0,1555702,0.01,-0.003959479500000021,0.007434246899999943,0,-0.3069791666666667,-0.09374166666666528,0,0,85,-1
153,-576452517958,2.0213052879432936,2.8986022743045585,0.0026571585984761052,-0.001961683320459522,0.0058186002410147404,-0.001389931680818985,0,1555712,0.01,-9.674295000000236e-4,0.005639016899999951,0,-0.2282291666666667,0.07250833333333473,0,0,85,-1
154,-576452517949,2.0228882268648847,2.900717923914724,0.003955373345313012,-2.7893104698466773e-4,0.005136810394446833,-0.008890373814013627,0,1555723,0.011,-0.009943579500000016,0.005040606899999948,0,-0.26322916666666674,0.0637583333333347,0,1,86,2
155,-576452517939,2.022932017097593,2.900714482892656,0.004007703671676612,-3.5307497075494864e-4,0.002428558313559518,0.006454108934450047,0,1555734,0.011,0.008607130499999989,0.002048556899999951,0,-0.28947916666666673,0.14250833333333457,0,0,86,-1
156,-576452517929,2.022972197670041,2.900711297468785,0.0040292802510536714,-2.851072946312194e-4,5.209833645652754e-4,0.008866984132738101,0,1555744,0.01,0.009205540499999991,2.5332689999994204e-4,0,-0.28947916666666673,0.29125833333333473,0,0,86,-1
157,-576452517919,2.023012566656635,2.900708906682875,0.004042271929241,-1.9380797342993155e-4,0.006058810896694581,0.010738213738618684,0,1555754,0.01,0.011000770499999982,0.00683583689999994,0,-0.2282291666666667,-0.05874166666666536,0,0,86,-1
158,-576452517909,2.023053350373245,2.900707422614238,0.004111917414120061,-9.935903698250489e-5,0.012512775485755486,0.0015224733679915173,0,1555764,0.01,2.293904999999821e-4,0.013418346899999954,0,-0.2107291666666667,0.03750833333333459,0,0,86,-1
159,-576452517899,2.0230951117536526,2.900706603418117,0.0042396321642707785,-6.878952508500715e-5,0.014356473204441202,0.012458377311817944,0,1555774,0.01,0.01399282049999998,0.01461516689999996,0,-0.17572916666666671,0.05500833333333466,0,0,86,-1
160,-576452517888,2.023138275086507,2.9007063572197795,0.004390878509974538,2.7492827205689404e-5,0.01983110766914837,-0.007711855277874479,0,1555784,0.01,-0.010541989500000019,0.020599266899999955,0,-0.1582291666666667,0.09875833333333461,0,0,86,-1
161,-576452517878,2.0231831767644266,2.900706398705112,0.0,0.0,0.0,0.0,1,1555794,0.01,0.011599180499999986,0.02000085689999995,0,-0.21947916666666673,0.08125833333333476,0,0,86,-1
162,-576452517868,2.02318332491916,2.9007063439348513,0.0,0.0,0.0,0.0,1,1555804,0.01,-0.0069515295000000185,0.018804036899999946,0,-0.23697916666666669,0.05500833333333466,0,0,86,-1
163,-576452517856,2.023183482503419,2.9007063363125947,0.0,0.0,0.0,0.0,1,1555814,0.01,-9.674295000000236e-4,0.02000085689999995,0,-0.1582291666666667,-0.032491666666665364,0,0,86,-1
166,-576452517820,2.0231839488715404,2.900706171510778,5.926885391041809e-5,-1.8656702002736356e-5,0.010736838409015247,-0.007250108799744408,0,1555844,0.01,-0.008148349500000025,0.011623116899999963,0,-0.1582291666666667,0.2562583333333346,0,0,86,-1
167,-576452517819,2.0231850759552823,2.9007056672239644,1.662551248980942e-4,-8.416344716877074e-5,0.01046450821024753,-0.0022652737831401664,0,1555854,0.01,-0.0015658395000000265,0.01042629689999994,0,-0.28947916666666673,0.011258333333334702,0,0,86,-1
168,-576452517807,2.027175776169684,2.9061996096592053,0.003215164429100426,0.003978532223309533,0.007283220094761707,-0.0074231410908828024,0,1555864,0.01,-0.008148349500000025,0.00683583689999994,0,-0.1669791666666667,0.04625833333333462,0,1,87,2
169,-576452517796,2.0272116499896518,2.9062431524412142,0.003305092189861689,0.003930344948455339,0.013712990263488654,0.01450630655010458,0,1555875,0.011,0.017583280499999982,0.01461516689999996,0,-0.1144791666666667,0.028758333333334773,0,0,87,-1
170,-576452517787,2.0272453841943348,2.906283084178958,0.003441855658899055,0.004060628216544468,0.013454601985545206,0.00408523614635037,0,1555885,0.01,0.0026230304999999765,0.013418346899999954,0,-0.2282291666666667,0.0637583333333347,0,0,87,-1
171,-576452517777,2.0272804324779914,2.9063239543138013,0.0035697212595129295,0.0041107385620468544,0.008699812883321159,0.010674609547180042,0,1555895,0.01,0.011599180499999986,0.008032656899999945,0,-0.1932291666666667,0.020008333333334738,0,0,87,-1
172,-576452517767,2.0273165311002113,2.9063656074422,0.003651479648769809,0.004219358951483527,0.004966085270896479,0.012010191727211442,0,1555905,0.01,0.012197590499999989,0.004442196899999945,0,-0.2544791666666667,0.09000833333333458,0,0,87,-1
173,-576452517757,2.027353318366107,2.906408294560122,0.0037049139125617677,0.004322755586127111,0.0076553233825333595,1.0465518780792236e-4,0,1555915,0.01,-0.0015658395000000265,0.008032656899999945,0,-0.28947916666666673,0.1775083333333347,0,0,87,-1
174,-576452517747,2.0273908051084475,2.906451500042077,0.003790031070694535,0.004319537645013169,0.013758776587594158,-0.0029346212557750237,0,1555925,0.01,-0.0033610695000000183,0.01461516689999996,0,-0.3769791666666667,0.09000833333333458,0,0,87,-1
175,-576452517736,2.030598195681093,2.903429920368699,0.006185563644623035,0.0020885354601269997,0.0029654108393569025,0.0045622931592761914,0,1555936,0.011,0.005615080499999991,0.0014501468999999479,0,-0.26322916666666674,0.04625833333333462,0,1,88,1
176,-576452517725,2.030666413165774,2.903453140691594,0.006217752660101481,0.002134481848768488,0.002686150583369324,0.0018120971656398143,0,1555947,0.011,0.001426210499999971,0.0026469668999999536,0,-0.1582291666666667,0.03750833333333459,0,0,88,-1
177,-576452517715,2.030728714794198,2.903474494245906,0.006243074836374848,0.0021401982587637243,0.0016022338798117783,-0.006922742916995321,0,1555957,0.01,-0.008148349500000025,0.0014501468999999479,0,-0.14947916666666672,0.08125833333333476,0,0,88,-1
178,-576452517705,2.030791200687106,2.903495473848175,0.006255222626275043,0.002059136548295521,-0.0011550253715525297,-0.015344423136421467,0,1555967,0.01,-0.01652608950000003,-0.0015419031000000495,0,-0.2019791666666667,0.05500833333333466,0,0,88,-1
179,-576452517696,2.0308537723603375,2.9035153264361604,0.006255716109038498,0.0019101297433266582,0.00742691416342845,-0.01218247070887063,0,1555977,0.01,-0.011738809500000008,0.008631066899999948,0,-0.3157291666666667,0.028758333333334773,0,0,88,-1
180,-576452517685,2.030916757512969,2.9035337702338917,0.006338830404903559,0.001780751174920576,0.013730671438101255,-0.01756595041435125,0,1555987,0.01,-0.018321319500000023,0.01461516689999996,0,-0.3157291666666667,0.08125833333333476,0,0,88,-1
181,-576452517674,2.0332093518705125,2.906533197781511,0.008038272560418327,0.0037025442386273803,0.017655489698587944,1.3956020478783193e-4,0,1555998,0.011,0.0026230304999999765,0.01820562689999994,0,-0.28947916666666673,0.1775083333333347,0,1,89,2
182,-576452517665,2.0332905338314307,2.9065702944446477,0.008202114746906448,0.003713727089042494,0.008691943756471518,0.007040441166321704,0,1556008,0.01,0.008008720499999986,0.007434246899999943,0,-0.3069791666666667,0.1775083333333347,0,0,89,-1
183,-576452517654,2.033373098226656,2.9066077534163535,0.008305917184141965,0.0037794260593134853,0.02070843402546919,0.003691358417766452,0,1556018,0.01,0.0032214404999999792,0.022394496899999946,0,-0.2019791666666667,0.05500833333333466,0,0,89,-1
184,-576452517644,2.033457158921503,2.9066457379797845,0.008507712040294818,0.003817234224500687,0.01693925898538663,0.00432881712390536,0,1556028,0.01,0.004418260499999968,0.01641039689999995,0,-0.26322916666666674,0.07250833333333473,0,0,89,-1
185,-576452517634,2.0335430033889126,2.906684108606293,0.008664672387344464,0.0038576870863928454,0.008079036229748877,0.002308145792147492,0,1556038,0.01,0.0020246204999999737,0.00683583689999994,0,-0.0444791666666667,0.1512583333333346,0,0,89,-1
186,-576452517624,2.033638814108896,2.9067267021430525,0.008755081516390779,0.003885900832287429,0.00908791822234747,0.004158616473617082,0,1556049,0.011,0.004418260499999968,0.009229476899999934,0,-0.26322916666666674,0.09000833333333458,0,0,89,-1
187,-576452517612,2.0368330854562036,2.9038209391656964,0.01093655700824835,0.0019174571175736856,0.003440157052572785,0.0017617313575473345,0,1556060,0.011,0.001426210499999971,0.0026469668999999536,0,-0.23697916666666669,0.14250833333333457,0,1,90,1
188,-576452517601,2.0369426655209235,2.903840204176122,0.010977423125545758,0.0019354019585635315,0.007992339190851346,0.001992272687261099,0,1556070,0.01,0.0020246204999999737,0.008631066899999948,0,-0.1319791666666667,0.10750833333333465,0,0,90,-1
189,-576452517591,2.037052801717202,2.9038596770353955,0.011051496821012585,0.0019583142266349873,0.0038294780380556063,0.004119749124617606,0,1556080,0.01,0.004418260499999968,0.0032453768999999395,0,-0.2019791666666667,0.04625833333333462,0,0,90,-1
190,-576452517582,2.037163484670346,2.9038794590775123,0.011086126898338012,0.001998406169295769,0.0012181400608013734,0.0033319749971826313,0,1556090,0.01,0.0032214404999999792,8.51736899999945e-4,0,-0.3069791666666667,0.2650083333333346,0,0,90,-1
191,-576452517571,2.037285612090995,2.9039016421177015,0.011115054376080864,0.0020349099545845474,0.01139236652508346,0.0032350414771392362,0,1556101,0.011,0.0032214404999999792,0.012819936899999952,0,-0.1844791666666667,0.03750833333333459,0,0,90,-1
192,-576452517561,2.037397295026614,2.9039221137465345,0.011223310836792138,0.002061289251713268,0.007396505802873774,-9.751038103947614e-4,0,1556111,0.01,-0.0015658395000000265,0.00683583689999994,0,-0.10572916666666671,0.011258333333334702,0,0,90,-1
196,-576452517502,2.0377616513788235,2.903986688958222,0.0,0.0,0.0,0.0,1,1556153,0.01,-0.003959479500000021,0.01461516689999996,0,-0.1932291666666667,0.05500833333333466,0,0,90,-1
197,-576452517501,2.0377617578176292,2.9039867145117633,1.6533180034258832e-5,3.9692412301683045e-6,0.011767254851044915,0.0028250507781236033,0,1556163,0.01,0.0032214404999999792,0.013418346899999954,0,-0.3332291666666667,0.1512583333333346,0,0,90,-1
198,-576452517499,2.0377626283741668,2.9039868372238176,1.5243958632415406e-4,2.313372950907872e-5,0.02476028355130096,-0.0036494382517229455,0,1556173,0.01,-0.004557889500000024,0.02658336689999995,0,-0.0969791666666667,0.028758333333334773,0,0,90,-1
199,-576452517482,2.037765301407631,2.9039868883615996,3.8608618429556937e-4,-1.3005815653442335e-5,0.014813942167008211,-0.0033965525111850116,0,1556183,0.01,-0.0033610695000000183,0.013418346899999954,0,-0.2019791666666667,-0.13749166666666535,0,0,90,-1
200,-576452517479,2.0377698636811186,2.903986631189603,5.280903816004699e-4,-4.03007141947924e-5,0.010441407795558822,0.0013575595183840331,0,1556193,0.01,0.0020246204999999737,0.009827886899999937,0,-0.3507291666666667,0.09875833333333461,0,0,90,-1
201,-576452517468,2.040226846716153,2.9016469074926308,0.0021995078006196937,-0.0015288742333311868,0.009903821095131762,0.002991620964718731,0,1556204,0.011,0.0032214404999999792,0.009827886899999937,0,-0.1144791666666667,0.08125833333333476,0,1,92,1
202,-576452517459,2.0402493072883594,2.9016317846305215,0.002293986091378714,-0.0014964395225325188,0.0066885669956545666,0.004767493517809688,0,1556214,0.01,0.005016670499999971,0.0062374268999999365,0,-0.17572916666666671,-0.04124166666666529,0,0,92,-1
203,-576452517446,2.040272549547144,2.9016170605638116,0.0023558920910673477,-0.0014484575888019345,0.003144275088014688,0.004986009932260595,0,1556224,0.01,0.005016670499999971,0.0026469668999999536,0,-0.3769791666666667,0.07250833333333473,0,0,92,-1
204,-576452517344,2.040296285350874,2.9016027594598723,0.002390405052393715,-0.001408870023044234,0.005332045527098227,-0.0023339834822282074,0,1556234,0.01,-0.0033610695000000183,0.005639016899999951,0,-0.21947916666666673,0.11625833333333468,0,0,92,-1
205,-576452517343,2.0403204914315256,2.901588578975915,0.0024492576325607788,-0.0014283192881460163,0.009274685525830578,4.387513546413573e-4,0,1556244,0.01,8.278004999999679e-4,0.009827886899999937,0,-0.2719791666666667,-0.13749166666666535,0,0,92,-1
206,-576452517342,2.0403455511138264,2.9015743255009734,0.00255814810810742,-0.001422716729193278,0.020780138856858206,0.0013047062673459805,0,1556254,0.01,0.001426210499999971,0.022394496899999946,0,-0.12322916666666671,0.08125833333333476,0,0,92,-1
207,-576452517342,2.0403720805953247,2.901560107948547,0.002751736708722381,-0.0014183560933072447,0.010650755263069845,-0.004886067085953253,0,1556264,0.01,-0.005754709500000013,0.009229476899999934,0,-0.28947916666666673,0.020008333333334738,0,0,92,-1
208,-576452517342,2.040400119302097,2.901545743962326,0.0028564954159038696,-0.001457240690428441,0.009404361438468423,0.0022238331634352867,0,1556274,0.01,0.0032214404999999792,0.009229476899999934,0,-0.1407291666666667,0.020008333333334738,0,0,92,-1
209,-576452517341,2.0404291908148164,2.9015312340295307,0.0029562144607755154,-0.0014426107613028033,0.013449213853906026,-0.0031986392526219265,0,1556284,0.01,-0.003959479500000021,0.014016756899999957,0,-0.1669791666666667,0.028758333333334773,0,0,92,-1
210,-576452517341,2.040459401602933,2.901516580703022,0.0030869869800594736,-0.0014851056071468847,0.010798258825298335,-0.010687964168808847,0,1556294,0.01,-0.011738809500000008,0.01042629689999994,0,-0.1844791666666667,0.002508333333334667,0,0,92,-1
211,-576452517341,2.0404908933213877,2.9015013897055546,0.0032077657768365495,-0.0015616161969426857,0.019918056047680262,0.010955915310982854,0,1556304,0.01,0.01399282049999998,0.021197676899999948,0,-0.4207291666666667,0.0637583333333347,0,0,92,-1
212,-576452517340,2.0405240524006905,2.901486260400392,0.0034203021193906055,-0.0014615741102483677,0.029436658692286063,0.004173147141542904,0,1556314,0.01,0.0032214404999999792,0.030772236899999944,0,-0.23697916666666669,-0.1287416666666653,0,0,92,-1
213,-576452517340,2.0405595869041537,2.901471850533067,0.0036927496149110795,-0.0014202773609936655,0.013815026040236305,0.0038633227160725773,0,1556324,0.01,0.003819850499999965,0.011623116899999963,0,-0.1669791666666667,0.2650083333333346,0,0,92,-1
214,-576452517222,2.040597178452232,2.901457821723891,0.003826730133853332,-0.0013846429358704464,0.010843271046010917,0.001726090703750605,0,1556334,0.01,0.001426210499999971,0.01042629689999994,0,-0.3157291666666667,0.011258333333334702,0,0,92,-1
215,-576452517221,2.0417637109588553,2.9003691958510074,0.004621409786492314,-0.0020243831965826727,0.004705266706202144,-0.001161003325902204,0,1556346,0.012,-0.0015658395000000265,0.0038437868999999423,0,-0.1144791666666667,0.0637583333333347,0,1,94,1
216,-576452517220,2.041814794042783,2.9003469231101775,0.0046679082679012785,-0.002027905672785237,0.001325903536996196,0.004781301330957633,0,1556357,0.011,0.005615080499999991,8.51736899999945e-4,0,-0.2019791666666667,-0.16374166666666534,0,0,94,-1
217,-576452517220,2.0418615454483713,2.900326939519582,0.0046820684923027135,-0.0019715906626393623,0.0019596363175544028,0.010760258524689906,0,1556367,0.01,0.011599180499999986,0.002048556899999951,0,0.0692708333333333,0.07250833333333473,0,0,94,-1
218,-576452517220,2.041908583710935,2.9003076826990597,0.004720213086197143,-0.0018762299123647346,0.015157046315986127,0.0020499631548606366,0,1556377,0.01,8.278004999999679e-4,0.017008806899999954,0,-0.1319791666666667,0.14250833333333457,0,0,94,-1
219,-576452517219,2.0419564685992917,2.900289084074807,0.004860069483019571,-0.0018461872633984122,0.006810185212130483,0.00884984289280601,0,1556387,0.01,0.009803950499999978,0.005639016899999951,0,-0.2982291666666667,0.0637583333333347,0,0,94,-1
220,-576452517219,2.0420054618789747,2.9002709307396115,0.004936302706589292,-0.0017786051837993518,0.012605230105333494,-0.006056766944001998,0,1556397,0.01,-0.008148349500000025,0.013418346899999954,0,-0.06197916666666671,0.11625833333333468,0,0,94,-1
221,-576452517218,2.042055466289138,2.900252877233969,0.0050640918593374724,-0.0018336468689269067,0.013843072266197503,-0.0021184362282323,0,1556407,0.01,-0.0015658395000000265,0.014016756899999957,0,-0.2107291666666667,-0.006241666666665369,0,0,94,-1
222,-576452517218,2.042106720577883,2.900234448626962,0.005190218721511713,-0.0018526786194414933,0.005074172482247882,-5.84280595261559e-4,0,1556417,0.01,-3.6901950000002077e-4,0.0038437868999999423,0,-0.3157291666666667,0.1512583333333346,0,0,94,-1
225,-576452517139,2.0422745996577714,2.9001770833178098,0.005728486191885207,-0.0019118098718546223,0.013948893456431168,-0.002033674140842664,0,1556448,0.011,-9.674295000000236e-4,0.012819936899999952,0,-0.4032291666666667,0.07250833333333473,0,0,94,-1
226,-576452517138,2.0423326607400356,2.9001579455787003,0.0058799679016954135,-0.0019196563733806125,0.022404842232219953,0.006773030435677378,0,1556458,0.01,0.008008720499999986,0.023591316899999944,0,-0.3332291666666667,0.04625833333333462,0,0,94,-1
227,-576452517137,2.044010926327709,2.9021365264537584,0.007038400975394613,-6.918056270208747e-4,0.0145243147163618,-0.0021137969379556474,0,1556469,0.011,-0.0033610695000000183,0.013418346899999954,0,-0.026979166666666707,0.05500833333333466,0,1,95,2
228,-576452517137,2.044081924980522,2.9021295466460897,0.007166636229766196,-7.063066390759187e-4,0.00253411138991309,0.0025649536630840955,0,1556479,0.01,0.0032214404999999792,8.51736899999945e-4,0,-0.2719791666666667,0.12500833333333472,0,0,95,-1
229,-576452517137,2.0441537616171415,2.902122631216367,0.007198752250854096,-6.776362975142034e-4,0.00735607543730702,0.004714993236333254,0,1556489,0.01,0.005016670499999971,0.008032656899999945,0,-0.3507291666666667,0.1512583333333346,0,0,95,-1
230,-576452517136,2.044226112831037,2.9021161684906036,0.0072716727542415744,-6.183319076685481e-4,0.006899850874218157,0.013375985660888413,0,1556499,0.01,0.014591230499999983,0.00683583689999994,0,-0.24572916666666672,0.05500833333333466,0,0,95,-1
231,-576452517136,2.044299117461673,2.9021105598068115,0.0073317563827831715,-4.992762315896667e-4,5.463868380767489e-4,0.0028965986858161662,0,1556509,0.01,0.001426210499999971,-3.450831000000438e-4,0,-0.2807291666666667,0.020008333333334738,0,0,95,-1
232,-576452517136,2.044372483610439,2.9021056578550204,0.007340541295335137,-4.7874648849613834e-4,0.002913273320873507,-0.003115857236842162,0,1556519,0.01,-0.003959479500000021,0.0032453768999999395,0,-0.14947916666666672,0.002508333333334667,0,0,95,-1
233,-576452517135,2.0444461033110533,2.9021007173800704,0.007380391263702088,-5.094704602770512e-4,0.010551393714699257,-0.002806119546111134,0,1556529,0.01,-0.002762659500000015,0.011623116899999963,0,-0.0532291666666667,0.18625833333333475,0,0,95,-1
234,-576452517131,2.0445278206431134,2.902095009633977,0.007481072064917659,-5.306688076130363e-4,4.709222795418414e-4,0.0035293196683418206,0,1556540,0.011,0.004418260499999968,-9.434931000000467e-4,0,-0.10572916666666671,0.04625833333333462,0,0,95,-1
235,-576452517121,2.0457391746567937,2.9034912570823845,0.008123687687841165,2.9791774500009284e-4,0.00605279982362193,-9.386754028377592e-4,0,1556551,0.011,-0.0015658395000000265,0.00683583689999994,0,-0.1932291666666667,-0.02374166666666533,0,1,97,2
236,-576452517111,2.045820779439593,2.9034941740468203,0.008194133753394795,2.8625927056931714e-4,0.01303681307345633,-0.0025382230874808594,0,1556561,0.01,-0.002762659500000015,0.014016756899999957,0,-0.3682291666666667,-0.08499166666666536,0,0,97,-1
237,-576452517101,2.045903432562546,2.903496969589328,0.008333821104814995,2.701869293891388e-4,0.01966872698501248,0.004087060852406579,0,1556571,0.01,0.005016670499999971,0.020599266899999955,0,-0.2282291666666667,-0.16374166666666534,0,0,97,-1
238,-576452517090,2.0459876765803697,2.9034999209111416,0.00851839726033354,3.1809331057125e-4,0.011038776210023834,0.0091005023694486,0,1556581,0.01,0.009803950499999978,0.009827886899999937,0,-0.26322916666666674,-0.049991666666665324,0,0,97,-1
240,-576452517037,2.0506352601792446,2.899480772345183,0.011292074529802283,-0.001788488687514442,0.018557392522232423,0.0030438888780213442,0,1556603,0.011,0.0026230304999999765,0.018804036899999946,0,-0.2019791666666667,0.04625833333333462,0,0,98,-1
241,-576452517036,2.0507490666326023,2.8994631049962774,0.011471248417319073,-0.0017481404651150266,0.0140506928535904,0.010021697289385022,0,1556613,0.01,0.011000770499999982,0.013418346899999954,0,-0.2019791666666667,0.08125833333333476,0,0,98,-1
242,-576452517036,2.050864448135574,2.8994461894532493,0.011606551553056227,-0.001637867870086287,0.010347491988928832,0.017177624946323355,0,1556623,0.01,0.018181690499999983,0.009827886899999937,0,-0.24572916666666672,-0.02374166666666533,0,0,98,-1
243,-576452517035,2.0509810741307613,2.8994305642835405,0.011716751621764832,-0.00148253102306214,0.015139595273336547,0.005463489268949916,0,1556633,0.01,0.003819850499999965,0.01581198689999995,0,-0.3419791666666667,-0.06749166666666528,0,0,98,-1
244,-576452517000,2.0510989331902993,2.8994159944795705,0.011857929789093136,-0.0014306549743310617,0.007857592376202448,0.0034973186631873307,0,1556643,0.01,0.0032214404999999792,0.00683583689999994,0,-0.2019791666666667,0.1512583333333346,0,0,98,-1
245,-576452516999,2.051217935036714,2.8994018747668746,0.011941139103925753,-0.0013938122603069285,0.011159779079944997,0.00482971828032479,0,1556653,0.01,0.005016670499999971,0.011623116899999963,0,-0.24572916666666672,-0.07624166666666532,0,0,98,-1
246,-576452516998,2.0513378467746928,2.89938800515498,0.012043734757025096,-0.0013725291702805988,0.004744000362101192,-0.014423091145583307,0,1556663,0.01,-0.017124499500000032,0.0038437868999999423,0,-0.2982291666666667,0.11625833333333468,0,0,98,-1
247,-576452516998,2.0514584859408083,2.8993736411502504,0.012085649105649583,-0.0015038848841830053,8.058923764319749e-4,-0.0052469992012067306,0,1556673,0.01,-0.003959479500000021,2.5332689999994204e-4,0,-0.3769791666666667,0.11625833333333468,0,0,98,-1
248,-576452516988,2.0486144242309625,2.8957884249955494,0.010552899001003263,-0.00350848634080214,0.03180764413887986,-0.005167910333432635,0,1556683,0.01,-0.005156299500000027,0.03615792689999995,0,-0.2107291666666667,0.09000833333333458,0,1,99,2
249,-576452516977,2.048732421687698,2.895749410259828,0.010901397686069913,-0.0035813353632892864,0.030899641018585035,-0.015653272868818343,0,1556694,0.011,-0.017124499500000032,0.030772236899999944,0,-0.10572916666666671,-0.19874166666666537,0,0,99,-1
250,-576452516968,2.0488429112115485,2.895712802282548,0.01119981583957159,-0.0037396978996385092,0.02344103235880625,-0.016943468959423048,0,1556704,0.01,-0.017124499500000032,0.022394496899999946,0,-0.2719791666666667,-0.07624166666666532,0,0,99,-1
251,-576452516959,2.048956011411825,2.8956747180437112,0.011423351743741188,-0.003884287264866607,0.01570116627032344,7.402017956740538e-4,0,1556714,0.01,0.0032214404999999792,0.01461516689999996,0,-0.14947916666666672,0.028758333333334773,0,0,99,-1
253,-576452516832,2.0535824479069866,2.891737857318138,0.013945672367774036,-0.005912066093465451,0.0013999715620619296,-0.005810692395442017,0,1556735,0.011,-0.007549939500000021,8.51736899999945e-4,0,-0.2019791666666667,-0.049991666666665324,0,1,100,1
254,-576452516831,2.0537219699490223,2.8916784174233006,0.013958990107976292,-0.005974568942402003,9.191957232213965e-4,-0.008910261452974246,0,1556745,0.01,-0.009345169500000012,8.51736899999945e-4,0,-0.2107291666666667,0.020008333333334738,0,0,100,-1
255,-576452516830,2.053875474603977,2.8916121264592274,0.013954577090006949,-0.006077174017393209,-0.008585952688334847,-0.011915541388253974,0,1556756,0.011,-0.01233721950000001,-0.009919643100000056,0,-0.3332291666666667,0.1512583333333346,0,0,100,-1
256,-576452516830,2.0540285562932055,2.8915448021540477,0.013874507975689131,-0.006173220529986656,7.400086595430178e-4,0.010804865185240152,0,1556767,0.011,0.01399282049999998,0.002048556899999951,0,-0.26322916666666674,0.32625833333333465,0,0,100,-1
257,-576452516830,2.0541672999164406,2.8914834739943904,0.013876085084113516,-0.0060857953318519025,-0.003360228838698652,-0.003717097691284794,0,1556777,0.01,-0.005754709500000013,-0.003935543100000044,0,-0.2719791666666667,-0.1812416666666653,0,0,100,-1
258,-576452516829,2.05430598796455,2.891422528038287,0.01385725980581785,-0.006107779022244274,0.007155569717047122,0.007090666860493252,0,1556787,0.01,0.008607130499999989,0.008631066899999948,0,-0.3769791666666667,-0.032491666666665364,0,0,100,-1
259,-576452516829,2.0544589411209415,2.891355746939654,0.013949160678653276,-0.006033358986918916,0.01579639215990692,0.004747093025069606,0,1556798,0.011,0.004418260499999968,0.017008806899999954,0,-0.2544791666666667,0.1775083333333347,0,0,100,-1
260,-576452516828,2.054599335138547,2.891295613789373,0.014124262661533316,-0.005991507080087334,0.027879944398039036,7.852818310466244e-4,0,1556808,0.01,2.293904999999821e-4,0.029575416899999946,0,-0.2719791666666667,0.12500833333333472,0,0,100,-1
261,-576452516828,2.0547419614789444,2.8912356433974966,0.014401464578481925,-0.005998348021560201,0.02674290732728361,-0.009672975996135865,0,1556818,0.01,-0.011140399500000021,0.02658336689999995,0,-0.3769791666666667,-0.08499166666666536,0,0,100,-1
262,-576452516828,2.05488734033089,2.891175292130569,0.01467311599859484,-0.006076999601269913,0.029751661333009265,0.0032091484026445793,0,1556828,0.01,0.005016670499999971,0.03017382689999995,0,-0.2544791666666667,0.011258333333334702,0,0,100,-1
263,-576452516827,2.0550354680893084,2.8911145978086097,0.014956425236133232,-0.0060581471566639455,0.019626335858515753,-0.006226062227899915,0,1556838,0.01,-0.007549939500000021,0.01820562689999994,0,-0.1932291666666667,0.028758333333334773,0,0,100,-1
264,-576452516824,2.0551859034514837,2.8910537936161402,0.015135477526516262,-0.006106573859781449,0.0073601194538923075,0.003633282013034995,0,1556848,0.01,0.005016670499999971,0.005639016899999951,0,-0.3069791666666667,0.05500833333333466,0,0,100,-1
265,-576452516812,2.057186298793796,2.8931346161371057,0.016137213546175096,-0.00494565493709844,7.844779971936749e-5,0.0022228575152774955,0,1556859,0.011,0.0020246204999999737,-9.434931000000467e-4,0,-0.28947916666666673,0.08125833333333476,0,1,101,2
266,-576452516802,2.053532129395699,2.8963780365972274,0.014180312846050654,-0.00319456100752268,0.0023304463829867833,-0.004247808552871025,0,1556870,0.011,-0.005156299500000027,0.0026469668999999536,0,-0.26322916666666674,-0.18999166666666534,0,1,102,1
267,-576452516791,2.0536882234694467,2.896342726832135,0.014201517577810564,-0.0032287497912483584,-5.406435172921136e-4,0.003876700888534811,0,1556881,0.011,0.005016670499999971,-9.434931000000467e-4,0,-0.06197916666666671,0.0637583333333347,0,0,102,-1
268,-576452516781,2.0538307740998953,2.8963105199442745,0.014281326670957176,-0.0032071968441952712,0.059455458421778344,-0.008243030599758276,0,1556891,0.01,-0.009943579500000016,0.06787365689999995,0,-0.2544791666666667,-0.18999166666666534,0,0,102,-1
269,-576452516769,2.0539765319858443,2.8962783073971092,0.014871506489457318,-0.0032474763878782118,0.056342275185446634,0.02175230259803078,0,1556901,0.01,0.025961020499999987,0.055905456899999956,0,-0.3594791666666667,0.04625833333333462,0,0,102,-1
270,-576452516761,2.0541275178398037,2.8962466985274586,0.015349698224368375,-0.0030645427717623077,-0.004390175714375923,-0.0028948217451115928,0,1556911,0.01,-0.006353119500000015,-0.012911693100000054,0,-0.26322916666666674,0.002508333333334667,0,0,102,-1
271,-576452516751,2.0542808743470355,2.896215970704188,0.015318137405466696,-0.0030837558847943793,0.004404951310069891,0.0040431823319996936,0,1556921,0.01,0.005016670499999971,0.005639016899999951,0,-0.3769791666666667,-0.05874166666666536,0,0,102,-1
272,-576452516741,2.0544342762621013,2.8961852675358175,0.015362232748400631,-0.0030539074823614483,0.004437613928800105,-0.0034995503901126546,0,1556931,0.01,-0.004557889500000024,0.004442196899999945,0,-0.2982291666666667,0.22125833333333467,0,0,102,-1
273,-576452516730,2.054588257236055,2.896154545144923,0.015427968036355929,-0.00309020524495771,0.019660172772996032,-0.004427663675428952,0,1556941,0.01,-0.004557889500000024,0.021796086899999942,0,-0.1932291666666667,0.020008333333334738,0,0,102,-1
274,-576452516721,2.0547436074756686,2.8961238167264622,0.015638242865286128,-0.0030727905953452797,0.02940492683831308,0.03953942212623898,0,1556951,0.01,0.04570855049999998,0.030772236899999944,0,-0.23697916666666669,0.3087583333333346,0,0,102,-1
275,-576452516711,2.054901494497518,2.896094798505955,0.015937656210800136,-0.002719139378222111,0.033227879189719076,0.009789380892033968,0,1556961,0.01,0.005615080499999991,0.03376428689999994,0,-0.28947916666666673,0.4662583333333348,0,0,102,-1
276,-576452516700,2.055078758116857,2.8960653487619705,0.016294269998082176,-0.002630658291280519,0.02740095653995324,-0.0027924958755070183,0,1556972,0.011,-0.004557889500000024,0.02658336689999995,0,-0.2107291666666667,0.3437583333333347,0,0,102,-1
277,-576452516690,2.055242946853332,2.8960388979091896,0.01654940013041212,-0.002659290414134858,0.014089315516062588,-0.0032911080213140005,0,1556982,0.01,-0.0033610695000000183,0.012221526899999948,0,-0.0969791666666667,0.40500833333333475,0,0,102,-1
278,-576452516680,2.0554092491566895,2.896012111418854,0.016706424602736733,-0.002696711526350001,0.025570784200722667,-0.006501124331291587,0,1556992,0.01,-0.0069515295000000185,0.02718177689999995,0,-0.1144791666666667,0.18625833333333475,0,0,102,-1
279,-576452516670,2.0555774488936405,2.895985009208268,0.016939812269897988,-0.0027320827056318353,0.00966589978212955,0.014619758270539658,0,1557002,0.01,0.017583280499999982,0.007434246899999943,0,-0.1844791666666667,0.09000833333333458,0,0,102,-1
280,-576452516660,2.057880522222069,2.8941132321654073,0.01808661053264718,-0.003547156013077251,0.006134726258167278,0.00199985888052781,0,1557012,0.01,2.293904999999821e-4,0.005639016899999951,0,-0.03572916666666671,-0.11999166666666539,0,1,103,1
282,-576452516605,2.0582600101978152,2.8940400992058635,0.017958790062794168,-0.0033653546472930083,-0.022125682940050476,0.01813860202915845,0,1557033,0.01,0.01878010049999997,-0.02308466310000005,0,-0.07947916666666671,-0.5662416666666654,0,0,103,-1
283,-576452516604,2.058438469955261,2.8940072010728506,0.017734139743342946,-0.0032075093019781533,-0.02454099483405613,0.0013835170793344218,0,1557043,0.01,-9.674295000000236e-4,-0.024879893100000043,0,-0.1582291666666667,-0.2337416666666653,0,0,103,-1
284,-576452516604,2.058614624107837,2.8939751860533245,0.017494940752841696,-0.003195094485106447,-0.02011519745697498,3.714027190034107e-4,0,1557053,0.01,2.293904999999821e-4,-0.01949420310000005,0,-0.1844791666666667,-0.2949916666666653,0,0,103,-1
285,-576452516603,2.0587886480978326,2.893943191257389,0.017306334389979278,-0.0032011276555731797,-0.011174179061765231,-0.006575239318798976,0,1557063,0.01,-0.007549939500000021,-0.009919643100000056,0,-0.3682291666666667,-0.032491666666665364,0,0,103,-1
286,-576452516599,2.058961304064642,2.893910937837358,0.01721822616079637,-0.003253352804917853,0.0056693066022032515,0.00306553946243254,0,1557073,0.01,0.004418260499999968,0.008032656899999945,0,-0.21947916666666673,0.30000833333333476,0,0,103,-1
287,-576452516588,2.0622454157784875,2.897347120771831,0.018817090658002265,-0.0015052033487780027,0.03922878816114082,-0.005718518480776436,0,1557084,0.011,-0.0069515295000000185,0.04393725689999995,0,-0.3594791666666667,0.3350083333333347,0,1,104,2
288,-576452516577,2.062454990307746,2.897330232704869,0.01927923629091713,-0.0015657301821528874,0.05910120932134591,-0.004175924587976905,0,1557095,0.011,-0.003959479500000021,0.06188955689999995,0,-0.3069791666666667,0.13375833333333476,0,0,104,-1
289,-576452516565,2.0626706640164754,2.897312804604223,0.019933123009319032,-0.001604893890061711,0.06154645811509374,2.121053797674308e-4,0,1557106,0.011,8.278004999999679e-4,0.06188955689999995,0,-0.3157291666666667,0.2825083333333347,0,0,104,-1
290,-576452516556,2.062873109879151,2.8972967319303407,0.020554232547749476,-0.001607968903136815,0.0655207801434631,-0.003446177028551385,0,1557116,0.01,-0.003959479500000021,0.06607842689999995,0,-0.1582291666666667,0.2825083333333347,0,0,104,-1
291,-576452516546,2.0630818376361866,2.897280366565206,0.02119537874869213,-0.0016600243610897032,0.05551426525694988,-0.01596619537982275,0,1557126,0.01,-0.017722909500000036,0.05411022689999995,0,-0.07947916666666671,0.1512583333333346,0,0,104,-1
292,-576452516535,2.063296310582661,2.8972630249648343,0.021710497289941826,-0.0018108013381916408,0.026994573916402524,-0.009635091965090482,0,1557136,0.01,-0.00874675950000001,0.02299290689999995,0,0.05177083333333331,0.12500833333333472,0,0,104,-1
293,-576452516523,2.067524975001351,2.893842982128347,0.02388599657861924,-0.0035889078980015365,0.01141581431405943,0.0026886123044108597,0,1557146,0.01,0.004418260499999968,0.009229476899999934,0,0.008020833333333297,-0.006241666666665369,0,1,105,1
294,-576452516516,2.067788079733072,2.893803462708753,0.0239629932926279,-0.0035890546157549426,-0.020413802428080885,-0.016785657502738593,0,1557157,0.011,-0.019518139500000028,-0.024879893100000043,0,-0.2282291666666667,-0.02374166666666533,0,0,105,-1
295,-576452516505,2.068026472055538,2.8937670132795814,0.0,0.0,0.0,0.0,1,1557167,0.01,0.017583280499999982,-0.047021063100000066,0,-0.2107291666666667,0.0637583333333347,0,0,105,-1
296,-576452516490,2.0680261276463656,2.8937670198117527,0.0,0.0,0.0,0.0,1,1557177,0.01,8.278004999999679e-4,-0.04343060310000005,0,-0.07947916666666671,-0.07624166666666532,0,0,105,-1
297,-576452516484,2.068025800661012,2.8937671481481915,-4.772212329818666e-5,1.8730524935779735e-5,-0.03126447836371739,0.012271040995998251,0,1557188,0.011,0.01399282049999998,-0.03565127310000006,0,-0.3244791666666667,0.14250833333333457,0,0,105,-1
298,-576452516474,2.068023890617903,2.8937679484055097,-3.4051730697952614e-4,1.4134957902918642e-4,-0.017269063658571483,0.01220662838900661,0,1557198,0.01,0.012197590499999989,-0.015305333100000047,0,-0.28947916666666673,0.2650083333333346,0,0,105,-1
299,-576452516464,2.068019813172131,2.893769976907174,-4.835080464192049e-4,2.641420344059492e-4,0.0038697927255786253,0.012723479822632704,0,1557208,0.01,0.012796000499999974,0.00683583689999994,0,-0.1144791666666667,0.27375833333333466,0,0,105,-1
300,-576452516455,2.068015379049792,2.8937733305911824,-4.124384039433109e-4,4.0324925289953194e-4,0.026937185158323943,0.021183512771935274,0,1557218,0.01,0.02237056049999997,0.03017382689999995,0,-0.3682291666666667,0.29125833333333473,0,0,105,-1
301,-576452516444,2.0680126694703858,2.8937785070625677,-1.3245678782204516e-4,6.283265206183054e-4,0.034498561814531564,0.030620933170055424,0,1557228,0.01,0.03194512049999998,0.03555951689999995,0,-0.3332291666666667,0.03750833333333459,0,0,105,-1
302,-576452516435,2.0680140164571266,2.8937861762157415,3.6036387751990835e-4,9.118663609058935e-4,0.1398596388175093,0.014464534023251926,0,1557238,0.01,0.012197590499999989,0.15464310689999997,0,-0.2719791666666667,0.14250833333333457,0,0,105,-1
303,-576452516423,2.068023744159289,2.8937958305117357,0.001623258410006657,0.0010272144825941938,0.04314559833070908,-0.00641544853897625,0,1557248,0.01,-0.009345169500000012,0.029575416899999946,0,-0.3857291666666667,0.04625833333333462,0,0,105,-1
304,-576452516413,2.068044310782739,2.893806616189034,0.002112534834113627,9.383072655567194e-4,0.052761058393221996,-0.018430665312680602,0,1557259,0.011,-0.020116549500000032,0.05411022689999995,0,-0.3682291666666667,0.04625833333333462,0,0,105,-1
305,-576452516403,2.068068046095671,2.893815019955806,0.0026358692629034554,7.45205333863316e-4,0.04974599741376181,-0.024632101024575838,0,1557269,0.01,-0.025502239500000023,0.04932294689999995,0,-0.2282291666666667,0.04625833333333462,0,0,105,-1
306,-576452516393,2.068096632449595,2.893821195535122,0.003092993505810455,4.919137770464364e-4,0.021037031491689322,-0.02959338913968087,0,1557279,0.01,-0.03028951950000001,0.017008806899999954,0,-0.5519791666666667,-0.032491666666665364,0,0,105,-1
307,-576452516383,2.06812854470571,2.8938246719913927,0.003292514803597291,2.017512073401962e-4,0.013306251393064367,-0.02548086739385396,0,1557289,0.01,-0.02490382950000002,0.012221526899999948,0,-0.23697916666666669,0.10750833333333465,0,0,105,-1
308,-576452516372,2.0717614667093427,2.890753682998388,0.0051197856332291245,-0.0015528637041989065,0.014454503955257459,-0.009231942965159255,0,1557300,0.011,-0.0069515295000000185,0.01461516689999996,0,-0.3244791666666667,0.11625833333333468,0,1,106,1
309,-576452516362,2.071813727236716,2.8907376166858585,0.005316628074395022,-0.0016572308681248587,0.05132980415294584,-0.01772767302392611,0,1557310,0.01,-0.018919729500000024,0.05650386689999995,0,-0.07947916666666671,0.21250833333333463,0,0,106,-1
313,-576452516218,2.0721093793015988,2.890643989150143,0.01051327357660667,-0.002894286247985788,0.1083590791053196,0.042261437352519755,0,1557350,0.01,0.049897420499999984,0.09779415689999996,0,-0.1669791666666667,0.23875833333333474,0,0,106,-1
314,-576452516216,2.0722190735221657,2.890617318533556,0.011463106734377596,-0.002446813111173582,0.013030676167747224,0.05997815491765993,0,1557360,0.01,0.06246403049999998,-3.450831000000438e-4,0,-0.1582291666666667,0.3875083333333347,0,0,106,-1
315,-576452516216,2.0723448848554513,2.8905939453782485,0.011449986596986683,-0.0017997443629378595,-0.0894856928848667,0.05166260540664744,0,1557371,0.011,0.050495830499999984,-0.10387001310000005,0,-0.17572916666666671,0.16000833333333464,0,0,106,-1
316,-576452516216,2.0724549151419485,2.8905784188672965,0.010555845981473208,-0.0013001992222174748,-0.08898062973473804,0.039619077141327744,0,1557381,0.01,0.03792922049999998,-0.08890976310000007,0,-0.2107291666666667,0.21250833333333463,0,0,106,-1
317,-576452516215,2.072556362097482,2.8905672325550604,0.00971847567757282,-9.296843059319743e-4,-0.05165929941454947,0.021344281385862758,0,1557391,0.01,0.01878010049999997,-0.04642265310000006,0,-0.2107291666666667,0.19500833333333478,0,0,106,-1
319,-576452516215,2.0727468185566535,2.8905506732488746,0.009687595513448739,-8.51715412429799e-4,0.10632716571380893,-0.03925301838489395,0,1557411,0.01,-0.04405294950000001,0.11754168689999996,0,-0.2719791666666667,0.1512583333333346,0,0,106,-1
320,-576452516214,2.0728482646908866,2.890540122620499,0.010634336058403138,-0.0012553061053515947,0.023276199292759578,-0.047135771328686904,0,1557421,0.01,-0.04824181950000001,0.011623116899999963,0,-0.3157291666666667,-0.1812416666666653,0,0,106,-1
321,-576452516214,2.0729565004255077,2.8905246052751097,0.01098088028897081,-0.0018215384229037588,0.10436823659924596,-0.11475243196122188,0,1557431,0.01,-0.12423988950000002,0.11574645689999995,0,-0.2807291666666667,0.03750833333333459,0,0,106,-1
322,-576452516213,2.0730725838217867,2.8905008981251377,0.012189510429511738,-0.002930666525655935,0.22192573006292568,-0.0873876310422004,0,1557441,0.01,-0.08354800950000003,0.23842050689999997,0,-0.3244791666666667,0.16875833333333468,0,0,106,-1
323,-576452516213,2.073205959771955,2.8904675682216796,0.014468825809932617,-0.0037504843302081686,0.2647288389485152,-0.0488603900620645,0,1557451,0.01,-0.04345453950000002,0.2707346469,0,-0.2807291666666667,0.22125833333333467,0,0,106,-1
324,-576452516209,2.0733643796967747,2.8904274649293993,0.01719345531447833,-0.004263362236477187,0.31984948539832975,-0.06616035893653911,0,1557461,0.01,-0.06858775950000004,0.32758359689999994,0,-0.2282291666666667,-0.032491666666665364,0,0,106,-1
325,-576452516200,2.0712749927798426,2.8923574473570013,0.019426325206082264,-0.003955118477359348,0.16080208489384085,-0.0063650967391756545,0,1557472,0.011,0.0020246204999999737,0.13848603689999994,0,-0.24572916666666672,0.1775083333333347,0,1,108,1
326,-576452516189,2.0714955086849947,2.89231435867283,0.02077675146384218,-0.003907038551004592,-0.11066110497236659,0.07026288294368929,0,1557483,0.011,0.08101474049999997,-0.14875076310000004,0,-0.1582291666666667,0.002508333333334667,0,0,108,-1
327,-576452516178,2.071699282653457,2.8922780652595828,0.019903662562800364,-0.003316220643743834,0.0537770857971622,-0.008470822463958333,0,1557493,0.01,-0.019518139500000028,0.07684980689999996,0,-0.10572916666666671,0.14250833333333457,0,0,108,-1
328,-576452516168,2.0743705306055564,2.8948478150240025,0.02193954094428768,-0.0023269541909572604,0.2996651604078608,-0.0832309140602321,0,1557504,0.011,-0.09372097950000002,0.3341661068999999,0,-0.3332291666666667,0.07250833333333473,0,1,109,2
329,-576452516155,2.074630750617618,2.894817432030119,0.02534478684677568,-0.003205713879346769,0.3703287038493498,-0.059369238967026304,0,1557515,0.011,-0.0560211495,0.38024367689999994,0,-0.2107291666666667,0.09875833333333461,0,0,109,-1
330,-576452516147,2.0749023637085475,2.8947824097457207,0.028994838743898188,-0.003798962676611995,0.33284326910416767,-0.05905700921348367,0,1557525,0.01,-0.059013199499999995,0.32758359689999994,0,-0.3507291666666667,0.12500833333333472,0,0,109,-1
331,-576452516137,2.0752087129209777,2.8947417574191117,0.03228581790676716,-0.004344495705130113,0.3061901417933229,-0.02700717887531022,0,1557535,0.01,-0.022510189500000024,0.30245037689999993,0,-0.1319791666666667,0.2037583333333346,0,0,109,-1
332,-576452516126,2.0755822373363833,2.8946920184830893,0.03563288268775119,-0.004687622274698767,0.2924150003792193,-0.05717405236403938,0,1557546,0.011,-0.061406839500000004,0.29048217689999994,0,-0.2719791666666667,0.2650083333333346,0,0,109,-1
333,-576452516113,2.0759535280691157,2.894642385882164,0.038608961839883355,-0.005243787336625211,0.3290287438160618,-0.04619224369187626,0,1557556,0.01,-0.04465135950000003,0.3341661068999999,0,-0.26322916666666674,0.12500833333333472,0,0,109,-1
334,-576452516105,2.0814616363462073,2.8903242826747495,0.04441649617651237,-0.007708832908203531,0.2763338060988092,-0.0096814900674584,0,1557567,0.011,-0.004557889500000024,0.26893941689999995,0,-0.2544791666666667,0.12500833333333472,0,1,110,1
335,-576452516095,2.081966709558581,2.8902389916740927,0.047423521892449826,-0.007801932135835628,0.2551555143465402,-9.901171059291357e-4,0,1557578,0.011,2.293904999999821e-4,0.25218393689999996,0,-0.2719791666666667,0.2037583333333346,0,0,110,-1
336,-576452516084,2.08245228620553,2.890160469419332,0.049760466458489215,-0.007880369867875176,0.10403762432052338,-0.049249726707851535,0,1557588,0.01,-0.0560211495,0.08283390689999995,0,-0.23697916666666669,0.22125833333333467,0,0,110,-1
337,-576452516074,2.0829532663962294,2.8900788404779205,0.050517351023451014,-0.008429144495218237,-0.09770428660713792,-0.08929846409004605,0,1557598,0.01,-0.0949177995,-0.12601118310000006,0,-0.026979166666666707,0.07250833333333473,0,0,110,-1
338,-576452516064,2.0834537326475586,2.8899904693556104,0.049568070224830243,-0.00926202672034965,-0.07792202953667014,-0.04647162683632836,0,1557608,0.01,-0.040462489500000025,-0.07514633310000007,0,-0.3507291666666667,0.07250833333333473,0,0,110,-1
341,-576452516020,2.0881638561319082,2.892998335244462,0.05450803822216322,-0.007586438096050134,0.31570617487162705,0.10490566486373988,0,1557639,0.011,0.11153365049999998,0.32459154689999997,0,-0.5782291666666667,0.29125833333333473,0,0,111,-1
342,-576452516019,2.0887246390550716,2.892926906109142,0.05765233488033539,-0.00666087372419555,0.3067053539054455,0.017832523945219877,0,1557649,0.01,0.005615080499999991,0.30544242689999995,0,-0.2544791666666667,0.14250833333333457,0,0,111,-1
343,-576452515910,2.0893161317154214,2.89286138636258,0.06066253446199778,-0.006451888751262937,0.2662395341488121,0.039654593087546576,0,1557659,0.01,0.04271650049999998,0.26056167689999993,0,-0.2107291666666667,0.3175083333333346,0,0,111,-1
344,-576452515909,2.0899347971104216,2.892798997086043,0.0631264657464482,-0.006032426955207416,0.12481824127239849,0.05598394899452511,0,1557669,0.01,0.05827516049999999,0.10497507689999995,0,-0.4469791666666667,0.11625833333333468,0,0,111,-1
345,-576452515909,2.0906329986468397,2.8927354561305196,0.06395311443831987,-0.005500035754442405,-0.23316369935433795,0.0013172916850377261,0,1557680,0.011,-0.006353119500000015,-0.2833930131000001,0,-0.3069791666666667,0.19500833333333478,0,0,111,-1
346,-576452515908,2.0912624168154377,2.8926794616268574,0.06185671450395329,-0.005648235032855758,-0.06730153534013861,-0.11246385152054314,0,1557690,0.01,-0.12842875950000002,-0.04402901310000005,0,-0.2719791666666667,0.11625833333333468,0,0,111,-1
347,-576452515908,2.091880950059561,2.892617186751749,0.061701206983116395,-0.0067991797835897805,0.30103467103157766,-0.1311873149634561,0,1557700,0.01,-0.1338144495,0.3527168169,0,-0.1932291666666667,-0.11124166666666535,0,0,111,-1
348,-576452515907,2.092515073439897,2.8925416472998187,0.06503291439168123,-0.008265257917650651,0.530029497739884,-0.24107052058987538,0,1557710,0.01,-0.2564884995,0.5621603168999999,0,-0.3244791666666667,-0.2687416666666653,0,0,111,-1
349,-576452515907,2.0931912235725876,2.8924480080211357,0.07022695047848086,-0.010509376619149427,0.4543008123008444,-0.12234749497777059,0,1557720,0.01,-0.10568917950000005,0.4436751369,0,-0.1932291666666667,-0.1287416666666653,0,0,111,-1
350,-576452515907,2.0939167231912212,2.892337904118541,0.07485039780074715,-0.01155993370013091,0.5116293068765315,8.899464038270161e-4,0,1557730,0.01,0.018181690499999983,0.5196732069,0,-0.3857291666666667,0.05500833333333466,0,0,111,-1
351,-576452515907,2.0946919422743546,2.8922232870371216,0.08014373510743647,-0.01140458145670406,0.6378078584976269,0.10526611701982645,0,1557740,0.01,0.11991139049999998,0.6555122769,0,-0.3507291666666667,0.1775083333333347,0,0,111,-1
352,-576452515906,2.0955218686947235,2.892114945237918,0.08599061642026559,-0.010283093054460055,0.25922609212478714,0.15431895755326094,0,1557750,0.01,0.1612016805,0.20610636689999998,0,-0.1932291666666667,0.09875833333333461,0,0,111,-1
353,-576452515906,2.0963930823628223,2.892019526158736,0.08832459707918933,-0.008787395372754083,0.07515097301335838,0.12047170986077237,0,1557760,0.01,0.11572252049999998,0.04932294689999995,0,-0.4557291666666667,0.09000833333333458,0,0,111,-1
354,-576452515808,2.097278680113114,2.8919365681131985,0.08885656255462644,-0.00775566840405473,-0.08131717764280438,-0.002817536518974706,0,1557770,0.01,-0.020116549500000032,-0.10327160310000007,0,-0.12322916666666671,0.1775083333333347,0,0,111,-1
355,-576452515807,2.102486618124404,2.896301959084576,0.0896635026472251,-0.0059131187896605975,-0.12208569889723091,-0.06416786925693137,0,1557781,0.011,-0.07277662950000005,-0.12780641310000007,0,-0.3244791666666667,0.2037583333333346,0,1,113,2
356,-576452515807,2.1034664259690654,2.89623261462811,0.08844871268708215,-0.006678324320870752,-0.03893991900125389,-0.1026792011767778,0,1557792,0.011,-0.10808281950000002,-0.02727353310000007,0,-0.2719791666666667,0.3350083333333347,0,0,113,-1
357,-576452515806,2.1043494153879614,2.8961610653408987,0.08812750029846783,-0.007649245293489683,0.009074909883552383,-0.06333663089283276,0,1557802,0.01,-0.05781637950000002,0.01581198689999995,0,-0.1669791666666667,0.16875833333333468,0,0,113,-1
358,-576452515806,2.1052306606451676,2.8960823097366926,0.08814322241613923,-0.008142334958922604,-0.04431682006330901,0.03648904759899385,0,1557812,0.01,0.050495830499999984,-0.05180834310000005,0,-0.2019791666666667,0.07250833333333473,0,0,113,-1
359,-576452515805,2.1061096338230128,2.8960030337578924,0.08766211235448143,-0.0077270655226385114,-0.07135284316957977,0.07238730850421904,0,1557822,0.01,0.07742428049999998,-0.07514633310000007,0,-0.2544791666666667,0.3700083333333346,0,0,113,-1
360,-576452515805,2.106983128978999,2.89592885628018,0.087017550456821,-0.007085355750438742,-0.022201830778086677,0.013831226316648952,0,1557832,0.01,0.005615080499999991,-0.015305333100000047,0,-0.2019791666666667,0.11625833333333468,0,0,113,-1
361,-576452515805,2.1078535217602603,2.8958579600285925,0.08700282714994603,-0.0070617120829418335,0.12553592439348474,-0.06789231179120966,0,1557842,0.01,-0.07935913950000002,0.14626536689999997,0,-0.21947916666666673,0.24750833333333477,0,0,113,-1
362,-576452515804,2.10873028718671,2.8957833534608355,0.08833008209084249,-0.007833531919682977,0.17677562966189742,-0.13409934079205016,0,1557852,0.01,-0.14338900950000005,0.18396519689999996,0,-0.3332291666666667,0.1512583333333346,0,0,113,-1
363,-576452515804,2.109622162828432,2.8956981221124236,0.09005661467714858,-0.009204364211594021,0.14739568775797607,-0.15536537122636315,0,1557862,0.01,-0.15834925950000006,0.14327331689999998,0,-0.28947916666666673,0.27375833333333466,0,0,113,-1
364,-576452515706,2.110530391600994,2.8955992626552103,0.09157630569511549,-0.010609269693639272,0.17999019288492485,-0.04935321244488694,0,1557872,0.01,-0.03447838950000003,0.18456360689999995,0,-0.3419791666666667,0.36125833333333457,0,0,113,-1
365,-576452515705,2.1093103046416375,2.8973275201473325,0.09261273389487351,-0.010184076605026697,0.19239709116162965,0.0287639053494613,0,1557883,0.011,0.03972445049999999,0.19413816689999996,0,-0.12322916666666671,0.40500833333333475,0,1,114,1
366,-576452515704,2.1103418655486004,2.897218015734279,0.09489807625083496,-0.009756605080554575,0.302028042412652,0.10082427533195677,0,1557894,0.011,0.11093524049999999,0.31741062689999994,0,-0.1582291666666667,0.11625833333333468,0,0,114,-1
367,-576452515704,2.111306806732222,2.897125732100292,0.09804855598076899,-0.00871192199231844,0.3937096485326278,0.1264839845123521,0,1557904,0.01,0.13008436049999997,0.40657371689999994,0,-0.4732291666666667,0.24750833333333477,0,0,114,-1
368,-576452515703,2.11230313640585,2.897041141031642,0.10138944167432053,-0.008036272983292462,-0.03057427713435057,-0.2928043298627877,0,1557914,0.01,-0.3516356895,-0.09010658310000007,0,-0.1144791666666667,0.23875833333333474,0,0,114,-1
371,-576452515703,2.115404373959446,2.8967496565198783,0.10776986749502493,-0.00851242097145555,0.142397551849538,0.072663824233095,0,1557944,0.01,0.054086290499999974,0.10497507689999995,0,-0.3419791666666667,-0.06749166666666528,0,0,114,-1
372,-576452515702,2.116488614774873,2.8966671798935324,0.1091036159589362,-0.007939708267885077,0.07809317927344306,-0.03703814088489371,0,1557954,0.01,-0.052430689500000016,0.06907047689999996,0,-0.10572916666666671,0.04625833333333462,0,0,114,-1
373,-576452515702,2.11758472921185,2.896585856775785,0.11006783606444233,-0.008321666524066873,0.20872188639352898,-0.04528890481520445,0,1557964,0.01,-0.046446589500000024,0.22705071689999995,0,-0.3332291666666667,0.04625833333333462,0,0,114,-1
374,-576452515618,2.1186965679975174,2.896500640002324,0.11226817637125983,-0.008733273068259039,0.2893430026703149,-0.01586705987461344,0,1557974,0.01,-0.011738809500000008,0.30065514689999995,0,-0.2807291666666667,0.16000833333333464,0,0,114,-1
375,-576452515617,2.120676006562418,2.895797125367397,0.11575514418968154,-0.009213907377581439,0.28614385707271905,-0.03533705577478554,0,1557985,0.011,-0.03806884950000003,0.2856948969,0,-0.2282291666666667,0.13375833333333476,0,1,116,1
376,-576452515617,2.121966824430716,2.8956938013585,0.11893123816489465,-0.009578806644858698,0.3046421206959768,-0.019890283549884494,0,1557996,0.011,-0.017722909500000036,0.3072376569,0,-0.0707291666666667,0.020008333333334738,0,0,116,-1
377,-576452515616,2.1231714198880893,2.8955971447801128,0.12198536336018997,-0.009758614785374613,0.3100669464500598,-0.006444499981594597,0,1558006,0.01,-0.004557889500000024,0.3108281169,0,-0.3769791666666667,-0.05874166666666536,0,0,116,-1
378,-576452515616,2.124406773410735,2.895499237132274,0.12508549597038074,-0.009822947176492805,0.3096849024233625,-0.00636436362624857,0,1558016,0.01,-0.006353119500000015,0.30963129689999996,0,-0.3419791666666667,0.1775083333333347,0,0,116,-1
379,-576452515615,2.125800587480702,2.895390053217593,0.12836619561300236,-0.010001880913399687,0.2272478671284411,-0.07772420692834227,0,1558027,0.011,-0.08773687950000003,0.21568092689999996,0,-0.3682291666666667,0.09875833333333461,0,0,116,-1
380,-576452515615,2.1270947985259396,2.895286037042966,0.13051487697518244,-0.010796042272907931,0.13996195481530055,-0.08965351006353303,0,1558037,0.01,-0.09132733950000002,0.12771465689999995,0,-0.10572916666666671,0.10750833333333465,0,0,116,-1
381,-576452515615,2.1285389383298776,2.8951620286466526,0.13205568824174205,-0.011757209930332498,0.14076675362796875,-0.07327895325370859,0,1558048,0.011,-0.07098139950000001,0.14087967689999994,0,-0.3244791666666667,0.30000833333333476,0,0,116,-1
382,-576452515614,2.1298666176716488,2.895041060984304,0.13347615094172868,-0.012449177337383072,0.14978699497399028,-0.04450046845391793,0,1558058,0.01,-0.040462489500000025,0.15105264689999995,0,-0.1144791666666667,-0.014991666666665293,0,0,116,-1
383,-576452515601,2.1376987398633567,2.9015143512321173,0.13745779895099086,-0.010021658972868058,0.06535862818947641,-0.01629425401539756,0,1558068,0.01,-0.01233721950000001,0.05351181689999994,0,-0.12322916666666671,0.23875833333333474,0,1,117,2
384,-576452515593,2.1392149830402736,2.901402987428862,0.1382137532123613,-0.010221231828671474,0.08960483311966526,-0.029616993615775286,0,1558079,0.011,-0.031486339500000016,0.09300687689999995,0,-0.2719791666666667,0.09875833333333461,0,0,117,-1
385,-576452515583,2.1406013559554924,2.901298600510769,0.13907235325046582,-0.010623182362991175,0.06320073930051172,-0.10420035701107727,0,1558089,0.01,-0.11466532950000004,0.05949591689999995,0,-0.2107291666666667,-0.10249166666666532,0,0,117,-1
386,-576452515572,2.142978330227329,2.900475029151879,0.14011442478675942,-0.012181688981031407,0.05785276109706016,-0.166380237259725,0,1558100,0.011,-0.1751047395,0.05710227689999995,0,-0.1582291666666667,-0.16374166666666534,0,1,118,1
387,-576452515561,2.1445232443150246,2.9003308722236483,0.14077324978240455,-0.014025283067925196,0.0724131617883092,-0.17508076707389209,0,1558111,0.011,-0.17630155950000004,0.07445616689999995,0,-0.06197916666666671,0.028758333333334773,0,0,118,-1
388,-576452515552,2.1459343688607913,2.900182214042582,0.14146266277969227,-0.015723206987385163,0.047965918815374556,-0.13784260611928484,0,1558121,0.01,-0.13261762950000003,0.044535666899999944,0,-0.1582291666666667,0.011258333333334702,0,0,118,-1
389,-576452515541,2.147351228905844,2.9000188629030896,0.1419167094930168,-0.016981630476641474,0.029739210518058272,-0.052444854948937455,0,1558131,0.01,-0.040462489500000025,0.02718177689999995,0,-0.2282291666666667,0.04625833333333462,0,0,118,-1
390,-576452515531,2.1487711830273324,2.899846443339459,0.14210490350111035,-0.01750311574542092,-0.04807145940939093,-0.05033332358367057,0,1558141,0.01,-0.05003704950000001,-0.05898926310000005,0,-0.3682291666666667,0.3175083333333346,0,0,118,-1
391,-576452515521,2.1501898320502,2.8996684875870016,0.14162474507637085,-0.018070146370059603,-0.04767508881833209,-0.09572912462773886,0,1558151,0.01,-0.10209871950000003,-0.047619473100000066,0,-0.3157291666666667,0.1775083333333347,0,0,118,-1
392,-576452515510,2.153856977171999,2.9017353935669616,0.14222882692187663,-0.018036676798468827,0.0851424764433942,-0.07402632955274294,0,1558161,0.01,-0.07098139950000001,0.10377825689999995,0,-0.2282291666666667,0.1512583333333346,0,1,119,2
393,-576452515499,2.1552832477520734,2.901551715204219,0.1430376485439112,-0.018715760669651468,0.05477999961466859,-0.030423445801377437,0,1558171,0.01,-0.024305419500000015,0.05051976689999994,0,-0.3332291666666667,0.1512583333333346,0,0,119,-1
394,-576452515490,2.1568596015286294,2.9013451968078137,0.1435856714176386,-0.018875643531272787,0.019032565958849085,0.08409543830645239,0,1558182,0.011,0.10016386049999998,0.014016756899999957,0,-0.4644791666666667,-0.11999166666666539,0,0,119,-1
395,-576452515480,2.158297688652498,2.9011611966329527,0.1439707123157062,-0.017950696635023185,0.15632379218896475,0.1433175258566892,0,1558192,0.01,0.1516271205,0.17558745689999994,0,-0.2807291666666667,-0.014991666666665293,0,0,119,-1
396,-576452515470,2.159745065752717,2.9009887221194037,0.14551123490567155,-0.016538249886034084,0.14015614821254932,0.12856400304452642,0,1558202,0.01,0.1264939005,0.13788762689999995,0,-0.26322916666666674,-0.032491666666665364,0,0,119,-1
397,-576452515397,2.1612074087306508,2.9008286895317545,0.14694756342299176,-0.015420858267359049,0.16493040139021228,0.008673743412220547,0,1558212,0.01,-0.008148349500000025,0.16840653689999996,0,-0.12322916666666671,-0.032491666666665364,0,0,119,-1
400,-576452515396,2.1656898396490174,2.9003435290230484,0.1519618650737615,-0.017624900111279873,0.09212335516747767,-0.13107543690776843,0,1558242,0.01,-0.1338144495,0.07864503689999995,0,-0.2982291666666667,0.16000833333333464,0,0,119,-1
401,-576452515395,2.1672132604831216,2.9001609875577263,0.15275753741386783,-0.01889484510187974,0.0026364775865925644,-0.10199078719493244,0,1558252,0.01,-0.09790984949999999,-0.009919643100000056,0,-0.1932291666666667,0.03750833333333459,0,0,119,-1
402,-576452515395,2.1687404161324437,2.8999676883698093,0.152697764760321,-0.01979780968371199,-0.05875326019842019,-0.01864585845781616,0,1558262,0.01,-0.0069515295000000185,-0.06736700310000006,0,-0.07947916666666671,0.09875833333333461,0,0,119,-1
403,-576452515395,2.1702630728219297,2.899769662204185,0.15189419775947044,-0.019846175659809635,-0.21271995322561588,0.0797720896597793,0,1558272,0.01,0.0935813505,-0.23432339310000003,0,-0.14947916666666672,0.14250833333333457,0,0,119,-1
404,-576452515295,2.1717737168633193,2.899577947569686,0.15013214208000258,-0.018617646690355934,0.04751634162371782,0.38680696321741515,0,1558282,0.01,0.4298877705,0.08403072689999995,0,-0.2807291666666667,-0.09374166666666528,0,0,119,-1
405,-576452515295,2.172112992597975,2.900487337276551,0.15001854958013242,-0.014703986693042261,-0.011773636264386909,-0.1605396829297428,0,1558293,0.011,-0.23733937950000003,-0.020092613100000052,0,-0.1844791666666667,-0.10249166666666532,0,1,120,1
406,-576452515294,2.1736136154893173,2.90032931521068,0.15006312123609486,-0.016764372115421085,0.10267933333092702,-0.48135678441210744,0,1558303,0.01,-0.5263714095,0.11873850689999994,0,-0.1844791666666667,0.2037583333333346,0,0,120,-1
407,-576452515294,2.1751201058097176,2.9001417230726787,0.1512018662244835,-0.020937388268061834,0.1823596224141717,-0.025442769895381467,0,1558313,0.01,0.03852763049999998,0.19353975689999994,0,-0.2719791666666667,0.020008333333334738,0,0,120,-1
408,-576452515293,2.1766405565713156,2.899930411093027,0.15291844408691999,-0.021295728313118715,0.10610060453141243,-0.09948851196266881,0,1558323,0.01,-0.10987804950000002,0.09540051689999995,0,-0.3857291666666667,-0.049991666666665324,0,0,120,-1
409,-576452515293,2.178175164482276,2.899712029708215,0.15399794641432768,-0.022360832448257956,0.11928255542101487,-0.14953226869909303,0,1558333,0.01,-0.15655402950000002,0.12113214689999995,0,-0.1144791666666667,0.12500833333333472,0,0,120,-1
410,-576452515293,2.179720985916602,2.8994815495313606,0.15517169429334718,-0.02376170912102978,0.10568601977149593,-0.08222120762415666,0,1558343,0.01,-0.07277662950000005,0.10377825689999995,0,-0.24572916666666672,-0.18999166666666534,0,0,120,-1
411,-576452515292,2.1812778071106673,2.8992386605117693,0.15620043556270574,-0.024765217795154573,0.08564579886740395,-0.21143039521870774,0,1558353,0.01,-0.2295600495,0.08283390689999995,0,-0.2807291666666667,0.07250833333333473,0,0,120,-1
412,-576452515292,2.1828450899983904,2.89898045427593,0.15721248037245292,-0.026876794666346744,0.19653178537408267,-0.2094868175880858,0,1558363,0.01,-0.2092141095,0.21209046689999997,0,-0.23697916666666669,0.19500833333333478,0,0,120,-1
413,-576452515292,2.1844270461063466,2.898700261747873,0.15917853458033915,-0.029120065469490624,0.19705658148561922,-0.3152526668419267,0,1558373,0.01,-0.3300929295,0.19713021689999996,0,-0.1582291666666667,0.2300083333333347,0,0,120,-1
414,-576452515194,2.1860275674543814,2.8983962885868193,0.1609746813468781,-0.0318056127620286,0.07274895172192657,0.017561322938267954,0,1558383,0.01,0.06425926049999998,0.05530704689999995,0,-2.319479166666667,0.1512583333333346,0,0,120,-1
415,-576452515192,2.18596352875325,2.899604347304647,0.16102216578550949,-0.0308373238117121,0.07739457616866716,0.06690984938125467,0,1558394,0.011,0.07383382049999998,0.07804662689999994,0,-0.3332291666666667,0.05500833333333466,0,1,122,1
416,-576452515192,2.187740021787007,2.899266339826172,0.1619584956769509,-0.03051092782786783,0.13254322615398695,-0.19885276318940642,0,1558405,0.011,-0.23614255950000004,0.14028126689999995,0,-0.23697916666666669,0.19500833333333478,0,0,122,-1
417,-576452515192,2.18936691082128,2.898950348010007,0.1633867203727515,-0.032642032267771154,0.20492627577038897,-0.2992504120502099,0,1558415,0.01,-0.3133374495000001,0.21508251689999996,0,-0.2982291666666667,0.002508333333334667,0,0,122,-1
418,-576452515191,2.191011276271167,2.8986108485883038,0.1654750461771867,-0.035342177294749165,0.23272479876249424,-0.09119763843277529,0,1558425,0.01,-0.06200524949999999,0.23662527689999993,0,-0.3857291666666667,0.07250833333333473,0,0,122,-1
419,-576452515191,2.1926776371017316,2.8982532105097345,0.16779825693019107,-0.03620055152330034,0.22984800658327234,-0.053002642021352776,0,1558435,0.01,-0.047643409500000025,0.22944435689999998,0,-0.2544791666666667,0.11625833333333468,0,0,122,-1
420,-576452515190,2.194366618460598,2.897888498064987,0.1700196604997337,-0.03673944663117598,0.17491719255456017,-0.05932317078923876,0,1558445,0.01,-0.0602100195,0.16720971689999994,0,-0.21947916666666673,0.0637583333333347,0,0,122,-1
421,-576452515190,2.1960753116002567,2.8975178994211777,0.17172989536617156,-0.037369849741360484,0.14716701199379476,-0.0858149795968591,0,1558455,0.01,-0.08953210950000003,0.14327331689999998,0,-0.1407291666666667,0.13375833333333476,0,0,122,-1
422,-576452515190,2.1978001173894324,2.8971391406618054,0.17322475485628683,-0.03834817685040621,0.16369396067364878,-0.17146475229908878,0,1558465,0.01,-0.18348247950000007,0.16601289689999998,0,-0.3157291666666667,0.23875833333333474,0,0,122,-1
423,-576452515189,2.199539931408645,2.896747240853866,0.17476514361491605,-0.040038586501615514,0.0948826313047479,-0.15419053657632534,0,1558475,0.01,-0.15176674950000005,0.08522754689999994,0,-0.24572916666666672,0.23875833333333474,0,0,122,-1
424,-576452515090,2.2012920245948573,2.896339508738978,0.1756667458745407,-0.041523757542337565,0.06122627221785608,-0.11375625197477005,0,1558485,0.01,-0.10808281950000002,0.05650386689999995,0,-0.1582291666666667,0.16875833333333468,0,0,122,-1
425,-576452515090,2.1996094069029954,2.892357223117803,0.17494432620197822,-0.044316290201817155,0.06128291106847855,-0.1591598774048875,0,1558496,0.011,-0.1655301795,0.06129114689999995,0,-0.3157291666666667,0.2037583333333346,0,1,123,2
426,-576452515089,2.2015371943692603,2.8918610045498077,0.1755755776397965,-0.04593896747829062,0.033476940083380674,-0.0760589780972072,0,1558507,0.011,-0.06439888950000004,0.029575416899999946,0,-0.24572916666666672,0.07250833333333473,0,0,123,-1
427,-576452515089,2.203294292552705,2.8913975395400326,0.17586002815964014,-0.04674092943744921,-0.001955922298969265,-0.10519192509583639,0,1558517,0.01,-0.10927963950000004,-0.006927593100000041,0,-0.1669791666666667,0.16000833333333464,0,0,123,-1
429,-576452515088,2.2068097257200203,2.8904407804771837,0.17560619982536343,-0.04898550994102479,-0.03411614202360331,-0.07894979366937278,0,1558537,0.01,-0.07277662950000005,-0.03624968310000006,0,-0.14947916666666672,0.10750833333333465,0,0,123,-1
430,-576452515088,2.208739765535229,2.8898970609355707,0.17529454280299514,-0.04986892204448866,0.007569353928078573,-0.08875476079752564,0,1558548,0.011,-0.0901305195,0.013418346899999954,0,-0.4557291666666667,0.12500833333333472,0,0,123,-1
431,-576452515088,2.2104929807701503,2.889393717401075,0.17535369424857028,-0.05078944031577653,-0.004094227693191951,-0.11200187987692127,0,1558558,0.01,-0.11526373950000003,-0.005730773100000052,0,-0.12322916666666671,0.09000833333333458,0,0,123,-1
432,-576452515087,2.212420930203259,2.8888296173098333,0.1752078337522739,-0.051823758670750335,-0.07007700034405531,0.01738148673817043,0,1558569,0.011,0.03553558049999998,-0.07933520310000008,0,-0.3244791666666667,0.2825083333333347,0,0,123,-1
433,-576452515087,2.2143434977068006,2.888261165182463,0.17436865231693408,-0.051553010861244815,-0.11440563493878333,0.06898661927602075,0,1558580,0.011,0.07622746049999998,-0.12062549310000006,0,-0.3419791666666667,0.10750833333333465,0,0,123,-1
434,-576452515080,2.2120375624102597,2.8911785943875175,0.17160696963541797,-0.049296185352287004,-0.08627476489651167,0.08845632701272864,0,1558590,0.01,0.09118771049999998,-0.08232725310000008,0,-0.17572916666666671,0.23875833333333474,0,1,124,1
435,-576452515072,2.213749217636525,2.8906895671155306,0.17072917446191163,-0.04848789689476265,-0.09698196929884058,0.03417567968847334,0,1558600,0.01,0.02655943049999999,-0.09848432310000003,0,-0.3419791666666667,0.07250833333333473,0,0,124,-1
436,-576452515062,2.2156214438236437,2.8901569585746665,0.16967317774884544,-0.04830319306782946,-0.08990302669437436,-0.09110306516595615,0,1558611,0.011,-0.10868122950000005,-0.08890976310000007,0,-0.3682291666666667,-0.02374166666666533,0,0,124,-1
437,-576452515050,2.2173133806099026,2.889669809651538,0.16872849266555104,-0.04914751662368285,-0.1220929473172942,-0.04406979204778985,0,1558621,0.01,-0.03747043950000003,-0.12660959310000006,0,-0.2019791666666667,0.10750833333333465,0,0,124,-1
438,-576452515041,2.2201037953446034,2.8882304331225988,0.1679431382738879,-0.04994739336754998,-0.13549971905943747,0.002650034104025629,0,1558631,0.01,0.009205540499999991,-0.13738097310000003,0,-0.2544791666666667,-0.08499166666666536,0,1,126,1
439,-576452515029,2.2219431787325155,2.887681189345444,0.1664829645188198,-0.049915875628046724,-0.11563362316524588,0.004200684924953525,0,1558642,0.011,0.004418260499999968,-0.11284616310000008,0,-0.3769791666666667,0.11625833333333468,0,0,126,-1
440,-576452515019,2.223602430441552,2.887182472167889,0.16535763393890987,-0.04983861664955101,-0.09377239500865603,0.02905601841505597,0,1558652,0.01,0.03254353049999999,-0.09070499310000005,0,-0.1144791666666667,-0.1812416666666653,0,0,126,-1
441,-576452515011,2.2252509153854008,2.886685547439304,0.1643573317412062,-0.04954670871143555,-0.13831237987053988,0.030015292436953563,0,1558662,0.01,0.03014989049999999,-0.14456189310000003,0,-0.3157291666666667,-0.032491666666665364,0,0,126,-1
442,-576452514976,2.226887877769835,2.886191133801746,0.16302175043236353,-0.049316352713592845,-0.10443461447382017,-0.019720508696194065,0,1558672,0.01,-0.026699059500000028,-0.09968114310000005,0,-0.1319791666666667,0.07250833333333473,0,0,126,-1
443,-576452514883,2.228512896855031,2.8856970943017948,0.1619810443986724,-0.049496372908469095,-0.10184037686645536,-0.007473164104131524,0,1558682,0.01,-0.005754709500000013,-0.10147637310000003,0,-0.26322916666666674,0.19500833333333478,0,0,126,-1
444,-576452514882,2.2301273635432413,2.8852024871205253,0.1609233267361991,-0.04945706795028021,-0.12985913345306038,0.07379997882971723,0,1558692,0.01,0.08520361049999998,-0.13379051310000006,0,-0.24572916666666672,0.08125833333333476,0,0,126,-1
445,-576452514882,2.231730341623367,2.8847122997841894,0.15966186863089463,-0.04861078632214924,-0.10339446488968936,0.1509719098180741,0,1558702,0.01,0.16180009049999997,-0.09968114310000005,0,-0.3507291666666667,0.11625833333333468,0,0,126,-1
446,-576452514881,2.233479550910368,2.8841855968392904,0.15840535983305049,-0.04711340292041753,-0.18147852883246374,0.04396716552394034,0,1558713,0.011,0.028953070499999983,-0.19243469310000005,0,-0.3157291666666667,-0.04124166666666529,0,0,126,-1
447,-576452514880,2.235214212616012,2.883671827500368,0.15686341746552213,-0.04637019744922291,0.11328422980615799,0.21237343820635748,0,1558724,0.011,0.23600293049999999,0.15464310689999997,0,-0.3944791666666667,0.2825083333333347,0,0,126,-1
448,-576452514880,2.2367882704373536,2.8832179149465396,0.157959827891968,-0.04437204741892928,0.08763029295775634,0.12394171931362423,0,1558734,0.01,0.11153365049999998,0.08403072689999995,0,-0.2807291666666667,0.18625833333333475,0,0,126,-1
449,-576452514880,2.2383716277580525,2.8827791812739783,0.1587395168431668,-0.043320478388608245,0.018876489679536035,-0.009737442326327936,0,1558744,0.01,-0.02849428950000002,0.009229476899999934,0,-0.21947916666666673,0.1775083333333347,0,0,126,-1
450,-576452514879,2.239959437469809,2.882345030091556,0.15884570874338658,-0.04348954339235254,-0.03996209822191513,-0.06082160659637026,0,1558754,0.01,-0.06798934950000002,-0.04821788310000007,0,-0.1844791666666667,0.0637583333333347,0,0,126,-1
451,-576452514879,2.2415455531687165,2.8819069757891342,0.15839248469461234,-0.04411615185089943,-0.07816388746059126,-0.07392948176496947,0,1558764,0.01,-0.07576867950000005,-0.08352407310000005,0,-0.12322916666666671,0.028758333333334773,0,0,126,-1
452,-576452514878,2.2431255841670206,2.8814612310439185,0.15761308619164066,-0.04499393075385974,-0.07656718964104609,-0.17262615944000592,0,1558774,0.01,-0.18647452950000007,-0.07634315310000009,0,-0.12322916666666671,0.09000833333333458,0,0,126,-1
453,-576452514878,2.244698727671842,2.88100370173348,0.15697875633405603,-0.04655756839702592,0.017039627507055344,-0.05672487906444501,0,1558784,0.01,-0.040462489500000025,0.03017382689999995,0,-0.07947916666666671,0.09000833333333458,0,0,126,-1
454,-576452514878,2.2462687823385212,2.8805356065269594,0.1570578100519086,-0.04707535363965378,-0.04805977776239685,-0.021472444093610384,0,1558794,0.01,-0.01652608950000003,-0.05719403310000006,0,-0.1582291666666667,0.0637583333333347,0,0,126,-1
455,-576452514866,2.2479338762177905,2.880067330264225,0.156338373508589,-0.04736188320141645,-0.1573520995611503,-0.06961244165083466,0,1558805,0.011,-0.07636708950000003,-0.17268716310000007,0,0.03427083333333329,0.020008333333334738,0,1,128,1
456,-576452514856,2.2494899276969123,2.8795902478021285,0.15484699892042492,-0.04805598722140193,-0.09943052027652698,-0.0681890666905069,0,1558815,0.01,-0.06798934950000002,-0.09130340310000007,0,-0.1932291666666667,0.12500833333333472,0,0,128,-1
458,-576452514784,2.252567915094513,2.878608077643282,0.15300423769575658,-0.05057654119764759,-0.10613661079059997,-0.19807772656076955,0,1558835,0.01,-0.2026315995,-0.10925570310000006,0,-0.12322916666666671,0.14250833333333457,0,0,128,-1
459,-576452514783,2.2540931258966164,2.8780919810812704,0.15201708584470922,-0.05262403841409798,-0.053245520213323363,-0.2456277679443731,0,1558845,0.01,-0.2522996295,-0.04582424310000006,0,-0.1319791666666667,0.03750833333333459,0,0,128,-1
460,-576452514783,2.255610419487519,2.877553515183167,0.1514510552405948,-0.05507159008501077,-0.07717449118524677,-0.23940879821580197,0,1558855,0.01,-0.23853619950000005,-0.08053202310000006,0,-0.12322916666666671,-0.08499166666666536,0,0,128,-1
461,-576452514782,2.250225692287387,2.8705043508290724,0.14812356855684752,-0.06002616633109632,-0.0596529434824944,-0.1756707845300449,0,1558865,0.01,-0.16672699950000006,-0.05719403310000006,0,-0.23697916666666669,0.0637583333333347,0,1,129,2
462,-576452514782,2.2517044023225115,2.8698957388858406,0.14760001204277753,-0.06171370313517846,-0.007642758249460875,-0.12637010704957172,0,1558875,0.01,-0.11945260950000003,-3.450831000000438e-4,0,-0.2719791666666667,0.19500833333333478,0,0,129,-1
463,-576452514782,2.2531808026053612,2.8692724875235456,0.14764595804204964,-0.06294533040969462,0.07957265138624889,-0.10351091775476276,0,1558885,0.01,-0.10030348950000004,0.09181005689999995,0,-0.1407291666666667,0.028758333333334773,0,0,129,-1
464,-576452514682,2.2548100538944476,2.868572781246447,0.14856967156245826,-0.06423663411645213,0.11129536593407774,-0.20355449298017828,0,1558896,0.011,-0.21759184950000002,0.11574645689999995,0,-0.1669791666666667,0.16000833333333464,0,0,129,-1
465,-576452514681,2.2563013664249705,2.867919511411309,0.14969039409660015,-0.06638267215919103,0.11677309364787175,-0.28146174424750436,0,1558906,0.01,-0.29239309950000003,0.11754168689999996,0,-0.2019791666666667,-0.17249166666666538,0,0,129,-1
466,-576452514680,2.257803811374515,2.8672413587977137,0.1508118844821139,-0.06923656389006212,0.08386137053897687,-0.3094152283881558,0,1558916,0.01,-0.3133374495000001,0.07924344689999994,0,-0.23697916666666669,-0.07624166666666532,0,0,129,-1
467,-576452514680,2.2593153316904626,2.8665349782104617,0.15152698335329234,-0.07210356204551988,-0.004152687318531356,-0.1475500017669741,0,1558926,0.01,-0.1248382995,-0.016502153100000052,0,-0.1319791666666667,0.1775083333333347,0,0,129,-1
468,-576452514680,2.2608301786847167,2.865807130738112,0.15145185192255492,-0.07349073527158469,-0.028102014900019543,-0.08460118109961816,0,1558936,0.01,-0.07576867950000005,-0.03146240310000006,0,-0.07947916666666671,0.1775083333333347,0,0,129,-1
469,-576452514679,2.2623428931485794,2.8650682185102174,0.15110852686586912,-0.07430158002361902,-0.07250631774341272,-0.059537846697105073,0,1558946,0.01,-0.0560211495,-0.07873679310000006,0,-0.2107291666666667,0.10750833333333465,0,0,129,-1
470,-576452514679,2.263850733060084,2.8643220649328147,0.15044280308834077,-0.07492208440174228,-0.030215421284435454,-0.07744495914955343,0,1558956,0.01,-0.07995754950000002,-0.02428148310000004,0,-0.2107291666666667,0.11625833333333468,0,0,129,-1
471,-576452514678,2.2653542204154506,2.863568466420074,0.1502296828025105,-0.0757754674207208,0.033238634532047534,-0.13370043704732668,0,1558966,0.01,-0.14159377950000004,0.04214202689999995,0,-0.2019791666666667,-0.1287416666666653,0,0,129,-1
472,-576452514678,2.2668586500817316,2.8628034506203957,0.15063561238750423,-0.07720244405503404,0.08565255296656935,-0.19782324315746566,0,1558976,0.01,-0.2068204695,0.09300687689999995,0,-0.26322916666666674,0.09875833333333461,0,0,129,-1
473,-576452514678,2.2683696249501057,2.86202181773948,0.15154463054977563,-0.07913652276106078,0.12306380364240573,-0.1663550920522875,0,1558986,0.01,-0.16193971950000002,0.12831306689999994,0,-0.24572916666666672,0.05500833333333466,0,0,129,-1
474,-576452514607,2.269891199796909,2.861222556158827,0.15277141907842234,-0.08073426181473764,0.12032027767770917,-0.11945128618414377,0,1558996,0.01,-0.11287009950000002,0.11993532689999996,0,-0.2019791666666667,-0.16374166666666534,0,0,129,-1
475,-576452514606,2.2693094006208714,2.8581918166866087,0.1531903972472285,-0.08273388001764335,0.07904991549615921,-3.282141634388824e-4,0,1559007,0.011,0.016386460499999974,0.07325934689999995,0,-0.3157291666666667,0.18625833333333475,0,1,130,2
476,-576452514605,2.270844676229854,2.857364959171878,0.15389256835765514,-0.08266129730727136,0.01677114248846151,0.05316327938987761,0,1559017,0.01,0.06066880049999998,0.008032656899999945,0,-0.21947916666666673,0.13375833333333476,0,0,130,-1
477,-576452514605,2.2723840735709198,2.856540467216113,0.15400306331152464,-0.0822133168448809,-0.023953061353865893,-0.006376665520132718,0,1559027,0.01,-0.014730859500000039,-0.029667173100000065,0,-0.2282291666666667,0.011258333333334702,0,0,130,-1
478,-576452514604,2.273923083404378,2.8557174538240866,0.15379111357302083,-0.08236469179540065,-0.004299536769526883,-0.06880450766025611,0,1559037,0.01,-0.07756390950000003,-0.0015419031000000495,0,-0.21947916666666673,0.12500833333333472,0,0,130,-1
479,-576452514604,2.2756144191993024,2.8548066673129915,0.1537282875470313,-0.08321095374668094,-0.014475876243563507,-0.12738948003163805,0,1559048,0.011,-0.13560967950000002,-0.01590374310000005,0,-0.4294791666666667,0.04625833333333462,0,0,130,-1
480,-576452514603,2.277304863986639,2.853883556266814,0.1536132272179701,-0.08462415779674763,0.014184254491731307,-0.135122982960084,0,1559059,0.011,-0.13620808950000002,0.01820562689999994,0,-0.2282291666666667,0.04625833333333462,0,0,130,-1
481,-576452514603,2.278841123414838,2.853030382302131,0.15366692154374392,-0.08600207753662634,-0.04788634661544895,-0.15391699598115122,0,1559069,0.01,-0.15655402950000002,-0.05659562310000004,0,-0.1582291666666667,0.04625833333333462,0,0,130,-1
482,-576452514592,2.2787756635975063,2.8535878591832775,0.15239108070233573,-0.08695247065414717,-0.07074267424565749,-0.11424717995356294,0,1559080,0.011,-0.10868122950000005,-0.07394951310000004,0,-0.14947916666666672,0.028758333333334773,0,1,131,1
483,-576452514579,2.2804474720321224,2.8526253424637034,0.15158107460531636,-0.08808355769596955,-0.09139734603893573,-0.032748628750952094,0,1559091,0.011,-0.02131336950000002,-0.09429545310000007,0,-0.2982291666666667,0.03750833333333459,0,0,131,-1
484,-576452514568,2.2819588165361058,2.851742565273632,0.15068286855336888,-0.08845716883134136,-0.080294640608985,-0.06522740384617531,0,1559101,0.01,-0.06978457950000005,-0.07873679310000006,0,-0.1844791666666667,-0.07624166666666532,0,0,131,-1
485,-576452514560,2.279138308547112,2.8465983442003515,0.14813968927614546,-0.09086909611480466,-0.08312703800770617,-0.06817471018373761,0,1559112,0.011,-0.06858775950000004,-0.08352407310000005,0,-0.4119791666666667,0.10750833333333465,0,1,132,2
488,-576452514519,2.2837086894188974,2.8437569728375696,0.14744103850107937,-0.09223551940769632,-0.007956668607508204,-0.06524599422009972,0,1559143,0.01,-0.07038298950000003,-0.014108513100000058,0,-0.3244791666666667,0.020008333333334738,0,0,132,-1
489,-576452514517,2.285182686511268,2.8428302951858613,0.14735905599234717,-0.09305337744915519,-0.009678104287431806,-0.18310277845009942,0,1559153,0.01,-0.1996395495,-0.009919643100000056,0,-0.3157291666666667,-0.08499166666666536,0,0,132,-1
490,-576452514477,2.286802763203937,2.841795846208495,0.1472106258961524,-0.09503597953661705,-0.03717833857377505,-0.16244466891835355,0,1559164,0.011,-0.15954607950000002,-0.04103696310000005,0,-0.1144791666666667,-0.11124166666666535,0,0,132,-1
491,-576452514476,2.289061149877857,2.8401923106655964,0.14706364175275585,-0.09703493658415133,-0.03636388642191218,-0.13943650665008805,0,1559175,0.011,-0.13620808950000002,-0.03624968310000006,0,-0.1582291666666667,-0.17249166666666538,0,1,133,1
492,-576452514476,2.2906762892722754,2.8391158738982156,0.1466127735680378,-0.09865668799607423,-0.06932470127890106,-0.1964299423933595,0,1559186,0.011,-0.2044268295,-0.07394951310000004,0,-0.1319791666666667,0.19500833333333478,0,0,133,-1
493,-576452514474,2.2921383374695457,2.838119862074082,0.14582655799396138,-0.10056386526737895,-0.13477937866992826,-0.15621288263107677,0,1559196,0.01,-0.15056992950000003,-0.14396348310000007,0,-0.14947916666666672,0.03750833333333459,0,0,133,-1
494,-576452514466,2.2935901665564704,2.8371066904309066,0.1445257041268152,-0.10208290551579641,-0.10137600186123766,-0.12555019545601506,0,1559206,0.01,-0.12124783950000002,-0.09668909310000005,0,-0.3419791666666667,0.020008333333334738,0,0,133,-1
495,-576452514456,2.2950308827211514,2.8360796744615495,0.14359430461119457,-0.10332427497310784,-0.04268897244033972,-0.11547990619413095,0,1559216,0.01,-0.11406691950000002,-0.03445445310000005,0,-0.2282291666666667,0.09000833333333458,0,0,133,-1
496,-576452514446,2.296465053297723,2.8350405886853425,0.14322393718002796,-0.1044898532087857,-0.0024067231340033773,-0.12316199675411346,0,1559226,0.01,-0.12423988950000002,0.0032453768999999395,0,-0.1669791666666667,0.13375833333333476,0,0,133,-1
497,-576452514437,2.290475819765612,2.8271447404077596,0.14046840384977463,-0.10851007055333638,0.011470600072130849,-0.1256822402556024,0,1559236,0.01,-0.12603511950000001,0.013418346899999954,0,-0.2282291666666667,0.0637583333333347,0,1,134,2
498,-576452514426,2.2918811301079733,2.8260537866694997,0.14059213160483103,-0.10969885054033934,0.01790167692012948,-0.0771874158512422,0,1559246,0.01,-0.07038298950000003,0.018804036899999946,0,-0.26322916666666674,-0.24249166666666533,0,0,134,-1
499,-576452514414,2.2934285589442243,2.8248429794231664,0.14076462877735668,-0.11046752526465402,0.0019001323958387356,-0.024515082286661778,0,1559257,0.011,-0.017124499500000032,-3.450831000000438e-4,0,-0.3419791666666667,-0.04124166666666529,0,0,134,-1
500,-576452514405,2.294836076505069,2.823737647177962,0.14074957811851377,-0.11062607965844472,-0.02210945912116329,0.03654294123123006,0,1559267,0.01,0.04511014049999998,-0.025478303100000047,0,-0.17572916666666671,0.16000833333333464,0,0,134,-1
501,-576452514395,2.296242905191941,2.822633376385487,0.14059658866840233,-0.1102353484345605,0.026364393193548673,0.05455151400583748,0,1559277,0.01,0.05707834049999998,0.033165876899999946,0,-0.10572916666666671,0.12500833333333472,0,0,134,-1
502,-576452514385,2.297650275983802,2.8215331379495465,0.14087375814939812,-0.10978540761911633,0.036002412983224756,-0.013552728207804218,0,1559287,0.01,-0.023108599500000028,0.03735474689999995,0,-0.0969791666666667,0.19500833333333478,0,0,134,-1
503,-576452514373,2.2990608101961083,2.820433757582612,0.14123323729646614,-0.11005345354735033,0.03561401409007675,-0.10799624127474672,0,1559297,0.01,-0.12124783950000002,0.03555951689999995,0,-0.17572916666666671,0.09000833333333458,0,0,134,-1
504,-576452514364,2.302828984787944,2.817321651871279,0.1425407494113231,-0.11210874175569971,0.03189298498765275,-0.156351906113955,0,1559307,0.01,-0.1631365395,0.031370646899999945,0,-0.2544791666666667,-0.02374166666666533,0,1,135,1
505,-576452514354,2.304398461391678,2.816078442083584,0.14283320769924854,-0.11390977357088701,-0.006349041653187448,-0.20953165941959398,0,1559318,0.011,-0.21699343950000002,-0.011714873100000064,0,-0.2282291666666667,0.1512583333333346,0,0,135,-1
506,-576452514344,2.305827590145348,2.8149291740523976,0.14293943598400954,-0.11595855001398422,0.11331758278403489,-0.17671699464837232,0,1559328,0.01,-0.1721126895,0.13010829689999995,0,-0.3507291666666667,0.0637583333333347,0,0,135,-1
507,-576452514334,2.3072628454102073,2.8137621369426937,0.1441028848071246,-0.11751065231030071,0.13486434804272548,-0.02364250250579722,0,1559338,0.01,-0.0021642495000000293,0.13788762689999995,0,-0.21947916666666673,0.10750833333333465,0,0,135,-1
508,-576452514324,2.3087091074095607,2.812586720925173,0.14521590338829685,-0.1176109138640812,-0.03303698071261951,0.07338471626517493,0,1559348,0.01,0.08699884049999998,-0.05659562310000004,0,-0.2282291666666667,0.020008333333334738,0,0,135,-1
509,-576452514314,2.310160471084885,2.8114131952688393,0.1450192763949121,-0.11704660918615502,0.06227897423929153,-0.047444981716080914,0,1559358,0.01,-0.06439888950000004,0.07565298689999994,0,-0.24572916666666672,0.16000833333333464,0,0,135,-1
510,-576452514304,2.311613425826175,2.8102409635876895,0.14558709858710428,-0.11742631666145674,0.023103958332117314,0.02007726974139762,0,1559368,0.01,0.029551480499999987,0.01760721689999996,0,-0.1582291666666667,0.04625833333333462,0,0,135,-1
511,-576452514293,2.3079530584838355,2.8041429332592807,0.14376309319061553,-0.11929795996091934,-0.054136126180257094,-0.06030220239783331,0,1559379,0.011,-0.07157980950000004,-0.06497336310000004,0,-0.1407291666666667,0.11625833333333468,0,1,136,2
513,-576452514269,2.3108187445774213,2.8017386262702644,0.14287361533918816,-0.12148183699226356,-0.03586657335553488,-0.2257643187773034,0,1559399,0.01,-0.23853619950000005,-0.03565127310000006,0,-0.2019791666666667,0.09000833333333458,0,0,136,-1
514,-576452514263,2.3123882687645256,2.8003883196983566,0.14249138655099042,-0.12401598354008549,-0.027806106711347832,-0.2590052972437715,0,1559410,0.011,-0.2636694195,-0.026675123100000052,0,-0.1319791666666667,0.11625833333333468,0,0,136,-1
516,-576452514169,2.3152319626187796,2.797857324732152,0.14184630266426393,-0.12902120176507312,-0.06453258260481642,-0.27742134050452405,0,1559430,0.01,-0.2828185395,-0.06916223310000005,0,-0.0882291666666667,0.16000833333333464,0,0,136,-1
517,-576452514169,2.3166467377137017,2.796553916495834,0.14112899890717556,-0.13169011724418692,-0.11582251795708663,-0.20238828883991627,0,1559440,0.01,-0.1918602195,-0.12301913310000007,0,-0.0707291666666667,0.020008333333334738,0,0,136,-1
518,-576452514169,2.3180521987286364,2.7952272806681897,0.13996486367485786,-0.1336539194420224,-0.12003449972884246,-0.1595699275528973,0,1559450,0.01,-0.15356197950000003,-0.12062549310000006,0,-0.1582291666666667,0.002508333333334667,0,0,136,-1
519,-576452514168,2.319445869273388,2.7938826641521715,0.13876820945096527,-0.1352650522921934,-0.11740410952490511,-0.1705693358606037,0,1559460,0.01,-0.1721126895,-0.11703503310000007,0,-0.2982291666666667,0.4225083333333346,0,0,136,-1
521,-576452514168,2.322337105239283,2.791000784092057,0.1367580979604074,-0.13941081572476047,-0.03425597172972016,-0.2704717483943719,0,1559481,0.01,-0.2786296695,-0.02727353310000007,0,-0.14947916666666672,0.04625833333333462,0,0,136,-1
522,-576452514168,2.323702658610906,2.789592931029315,0.13636663154104897,-0.14214991571870436,-0.06906532795858465,-0.2949435076461245,0,1559491,0.01,-0.2983771995,-0.07394951310000004,0,-0.1319791666666667,0.2037583333333346,0,0,136,-1
523,-576452514167,2.32506259714497,2.7881575591033334,0.13563314502128201,-0.14496291499260439,-0.09958738876992144,-0.19772224105481828,0,1559501,0.01,-0.18408088950000007,-0.10387001310000005,0,-0.17572916666666671,-0.006241666666665369,0,0,136,-1
524,-576452514067,2.3268700125099944,2.786307269403651,0.13483268263361198,-0.14700804122402125,-0.0923226878776214,-0.11963753364619409,0,1559511,0.01,-0.10868122950000005,-0.09130340310000007,0,-0.2282291666666667,0.11625833333333468,0,1,137,1
526,-576452514067,2.327046111780855,2.7802689836173293,0.13114204617429864,-0.15097686453422715,-0.13696528472556346,-0.10394583328914431,0,1559534,0.011,-0.09970507950000002,-0.13797938310000005,0,-0.2107291666666667,-0.08499166666666536,0,0,138,-1
527,-576452514067,2.3283511797798186,2.778754339134325,0.1298472436138858,-0.15196775372259916,-0.08432732307947126,-0.0697898134316335,0,1559544,0.01,-0.06499729950000002,-0.07694156310000007,0,-0.12322916666666671,0.10750833333333465,0,0,138,-1
528,-576452514067,2.329645347239142,2.777230515898763,0.12899020952684398,-0.15276742668738036,-0.09411845556917768,-0.14220448185846496,0,1559554,0.01,-0.15236515950000004,-0.09549227310000004,0,-0.07947916666666671,0.13375833333333476,0,0,138,-1
529,-576452514066,2.3309302351339,2.7756955379363144,0.12800093609860294,-0.1542196519535469,-0.12838419425380584,-0.1637095686495353,0,1559564,0.01,-0.16672699950000006,-0.13319210310000007,0,-0.2282291666666667,-0.21624166666666533,0,0,138,-1
530,-576452514066,2.332203476156412,2.7741444955294607,0.1266625791616354,-0.15595986732450604,-0.16723580011526054,-0.2372006392592606,0,1559574,0.01,-0.24751234950000006,-0.17268716310000007,0,-0.06197916666666671,-0.006241666666665369,0,0,138,-1
531,-576452514066,2.3334617585003055,2.7725731488896908,0.12499308567105467,-0.1583143725156017,-0.16519428327585042,-0.2247276542569832,0,1559584,0.01,-0.22297753950000002,-0.16490783310000007,0,-0.4032291666666667,-0.06749166666666528,0,0,138,-1
532,-576452514065,2.334703757222182,2.770979386067507,0.12339230193535534,-0.1604652456117021,-0.1287334508669856,-0.15602140049207547,0,1559594,0.01,-0.14638105950000005,-0.12361754310000006,0,-0.1144791666666667,0.04625833333333462,0,0,138,-1
533,-576452513965,2.335931665775441,2.769366843478438,0.12217090495897559,-0.16203936890098183,-0.08174008602134447,-0.16593448112906187,0,1559604,0.01,-0.16732540950000005,-0.07514633310000007,0,-0.2019791666666667,-0.08499166666666536,0,0,138,-1
534,-576452513965,2.3344121415919497,2.770085890677846,0.12031781967221802,-0.16277557253432368,-0.027153631563647963,-0.2679112153569994,0,1559614,0.01,-0.28222012949999997,-0.01949420310000005,0,-0.3419791666666667,0.04625833333333462,0,1,139,1
535,-576452513964,2.3356135643404783,2.7684448401560453,0.11998354956268645,-0.16543842188227015,-0.07186484445119821,-0.2563197027314032,0,1559624,0.01,-0.25469326950000004,-0.07813838310000008,0,-0.28947916666666673,0.16875833333333468,0,0,139,-1
536,-576452513964,2.336809836740829,2.766777129918814,0.119269699032968,-0.1680813497738734,-0.06844522780052917,-0.3131436708119118,0,1559634,0.01,-0.3211167795,-0.06796541310000005,0,0.03427083333333329,-0.2337416666666653,0,0,139,-1
537,-576452513964,2.3379985353837536,2.765080563368715,0.11849526887400919,-0.17122775149532352,-0.13257205285030446,-0.32380915023216084,0,1559644,0.01,-0.32530564950000007,-0.14156984310000004,0,-0.2107291666666667,0.1775083333333347,0,0,139,-1
538,-576452513963,2.339176265251315,2.7633525833599166,0.11707674443957759,-0.17438963367504912,-0.19871296184970955,-0.26949512238981926,0,1559654,0.01,-0.2618741895000001,-0.20799335310000008,0,-0.4032291666666667,-0.032491666666665364,0,0,139,-1
539,-576452513963,2.3403369814967543,2.7615957815083845,0.11507156859705714,-0.17699568415644823,-0.21157442064373583,-0.20613598380159978,0,1559664,0.01,-0.1972459095,-0.21337904310000005,0,-0.3244791666666667,0.04625833333333462,0,0,139,-1
540,-576452513963,2.341477358842314,2.759815536048681,0.11299336554392575,-0.17905420459768642,-0.18481901843248685,-0.20411235917596887,0,1559674,0.01,-0.2038284195,-0.18106490310000006,0,-0.3594791666666667,0.16000833333333464,0,0,139,-1
541,-576452513963,2.342598180135782,2.7580148754882257,0.11116525757988484,-0.18108172491137314,-0.17050651512842654,-0.1944173673072688,0,1559684,0.01,-0.19305703950000005,-0.16849829310000006,0,-0.23697916666666669,-0.09374166666666528,0,0,139,-1
542,-576452513963,2.3437016296701874,2.756193980334399,0.10951052479030779,-0.18308165829433035,-0.1346348792708177,-0.2341570485114552,0,1559694,0.01,-0.23973301950000003,-0.12960164310000005,0,-0.0969791666666667,-0.05874166666666536,0,0,139,-1
543,-576452513962,2.3447897929460986,2.7543506010214887,0.10813134389560065,-0.18555673822103105,-0.15803416290011657,-0.3293085953413718,0,1559704,0.01,-0.34265953950000005,-0.16131737310000008,0,-0.2807291666666667,0.0637583333333347,0,0,139,-1
544,-576452513863,2.34586278276592,2.752478486593081,0.10648511084023507,-0.18886257051936248,-0.20499467046355868,-0.3383928550082298,0,1559714,0.01,-0.33966748950000003,-0.2115838131000001,0,-0.3857291666666667,-0.014991666666665293,0,0,139,-1
547,-576452513862,2.3493307473273513,2.7461192696487347,0.09942301948421658,-0.1987547995677593,-0.15402714998030687,-0.24098353498455383,0,1559746,0.01,-0.23494573950000008,-0.14695553310000006,0,-0.026979166666666707,0.08125833333333476,0,0,141,-1
548,-576452513861,2.3503177978695056,2.7441197632210472,0.09796373008640086,-0.20115055764042433,-0.09639750786469911,-0.23096567913496643,0,1559756,0.01,-0.2295600495,-0.08831135310000007,0,-0.3944791666666667,-0.21624166666666533,0,0,141,-1
549,-576452513861,2.3512931133659394,2.742096342812173,0.09707746120055596,-0.20351740153939968,-0.04102682747043418,-0.27171518725002897,0,1559766,0.01,-0.2774328495,-0.033257633100000066,0,-0.2982291666666667,0.04625833333333462,0,0,141,-1
550,-576452513861,2.352358033509928,2.7398409353682136,0.0965604773610391,-0.2065467587500286,-0.08406744915238742,-0.29824517291015334,0,1559777,0.011,-0.3019676595,-0.09010658310000007,0,-0.3244791666666667,-0.05874166666666536,0,0,141,-1
551,-576452513861,2.3533189651215136,2.7377606571114446,0.09564828400442187,-0.2095137449092646,-0.13449432581382942,-0.2873406320569243,0,1559787,0.01,-0.28581058950000005,-0.14156984310000004,0,-0.07947916666666671,-0.1549916666666653,0,0,141,-1
552,-576452513861,2.3542688427314022,2.735651620382203,0.0943219032532186,-0.2123144847171774,-0.12128246176662945,-0.23562024268914017,0,1559797,0.01,-0.22836322949999996,-0.11942867310000005,0,-0.0969791666666667,0.002508333333334667,0,0,141,-1
553,-576452513861,2.355206314332063,2.733516954714322,0.09315849271736334,-0.21463008885881354,-0.08607103388897558,-0.20669076467744854,0,1559807,0.01,-0.2026315995,-0.08113043310000008,0,-0.1669791666666667,-0.006241666666665369,0,0,141,-1
554,-576452513760,2.356133342275164,2.731360379567765,0.09225820854643065,-0.21668758365512622,-0.11427454947065338,-0.19998240561885194,0,1559817,0.01,-0.19904113950000005,-0.11823185310000009,0,-0.1582291666666667,-0.1287416666666653,0,0,141,-1
555,-576452513759,2.3576429414014592,2.7294145594273758,0.09113510696973687,-0.21862513925132626,-0.15133061991775668,-0.15140218347222772,0,1559828,0.011,-0.14458582950000004,-0.15653009310000007,0,-0.2282291666666667,0.002508333333334667,0,1,142,2
556,-576452513759,2.3586360443705834,2.7270004428154957,0.08943756023736242,-0.2203023788295911,-0.1726831831936026,-0.15906877189633387,0,1559839,0.011,-0.16014448950000001,-0.17567921310000006,0,-0.17572916666666671,0.05500833333333466,0,0,142,-1
557,-576452513759,2.3595218147082213,2.7247898548069958,0.08771519472844891,-0.22183404113710622,-0.16953800997710075,-0.11750516931735955,0,1559849,0.01,-0.11167327950000004,-0.16909670310000008,0,-0.3682291666666667,-0.006241666666665369,0,0,142,-1
558,-576452513759,2.3603907260285877,2.7225656378959027,0.0860564922969095,-0.22300928041369675,-0.14343692026048005,-0.1176386504401389,0,1559859,0.01,-0.11765737950000003,-0.13977461310000006,0,-0.07947916666666671,0.07250833333333473,0,0,142,-1
559,-576452513759,2.3612442990347837,2.7203304324538475,0.0846501970935039,-0.22406564654598232,-0.1234323787984154,-0.03211638574358788,0,1559869,0.01,-0.020116549500000032,-0.12062549310000006,0,-0.4732291666666667,0.08125833333333476,0,0,142,-1
560,-576452513759,2.362168223154489,2.7178644202215625,0.08332743343666534,-0.22432357535690386,-0.10050456081271814,0.03035984862884973,0,1559880,0.011,0.03912604049999998,-0.09728750310000006,0,-0.3332291666666667,0.14250833333333457,0,0,142,-1
561,-576452513758,2.3629968163258526,2.715623595424258,0.08237476694473705,-0.22388403565083317,-0.06357283330029476,0.12620995917342837,0,1559890,0.01,0.13965892049999998,-0.05839085310000007,0,-0.1844791666666667,-0.032491666666665364,0,0,142,-1
562,-576452513758,2.3638168047251935,2.7133911390077734,0.08164883633889074,-0.22261052662913353,-0.1277742997364675,0.13433062078664984,0,1559900,0.01,0.1354700505,-0.13678256310000006,0,-0.12322916666666671,-0.049991666666665324,0,0,142,-1
563,-576452513758,2.3646261772647956,2.7111720188508053,0.0802576408303855,-0.2212253135147597,-0.20861815572192713,0.16419259457938312,0,1559910,0.01,0.16838260049999998,-0.21996155310000004,0,-0.26322916666666674,-0.06749166666666528,0,0,142,-1
564,-576452513658,2.362351369446398,2.7116314496638125,0.07685754417443678,-0.2184339661144905,-0.2511022330094922,0.11591438857069045,0,1559920,0.01,0.10914001049999998,-0.2570629731000001,0,-0.3594791666666667,0.03750833333333459,0,1,143,1
565,-576452513657,2.3630434099414006,2.7091116958997605,0.07404921189579095,-0.2172974980815277,-0.24688354167917934,0.05907017386214738,0,1559931,0.011,0.05109424049999998,-0.2462915931,0,-0.1669791666666667,-0.014991666666665293,0,1,144,2
566,-576452513656,2.3637719768665058,2.706941863081897,0.07164511783160535,-0.2166772721433933,-0.20123358865295202,0.07988885139600696,0,1559941,0.01,0.08280997049999998,-0.19482833310000008,0,-0.2019791666666667,0.1512583333333346,0,0,144,-1
567,-576452513656,2.3644790141638232,2.7047792021047625,0.06973357400382045,-0.2158600387155337,-0.1294945513070193,0.09294607921705837,0,1559951,0.01,0.09477817049999998,-0.11942867310000005,0,-0.23697916666666669,-0.049991666666665324,0,0,144,-1
568,-576452513656,2.3651699451601322,2.7026249803186473,0.06844954342650433,-0.21497251007725365,-0.12171680722359966,0.06306610246015423,0,1559961,0.01,0.058873570499999986,-0.12062549310000006,0,-0.06197916666666671,-0.049991666666665324,0,0,144,-1
569,-576452513655,2.3658485991272493,2.70047840377506,0.06727053533556195,-0.21434258990258656,-0.09452091469635907,0.06253811386017227,0,1559971,0.01,0.06246403049999998,-0.09070499310000005,0,-0.10572916666666671,-0.049991666666665324,0,0,144,-1
570,-576452513655,2.3665160804337795,2.6983373828195343,0.06624755269022532,-0.21382995833084248,-0.14994958239091571,-0.017817770590667373,0,1559981,0.01,-0.029092699500000024,-0.15772691310000006,0,-0.0882291666666667,0.03750833333333459,0,0,144,-1
571,-576452513655,2.3671708604750936,2.696198565565296,0.06471713355537696,-0.21394984941009676,-0.17198847294915984,0.023722819605806238,0,1559991,0.01,0.029551480499999987,-0.17508080310000007,0,-0.14947916666666672,0.002508333333334667,0,0,144,-1
572,-576452513654,2.3678718930827807,2.6938468087484777,0.06275945232904322,-0.2136514641248039,-0.21510814710778295,0.04825103688364457,0,1560002,0.011,0.051692650499999986,-0.22115837310000006,0,-0.0882291666666667,0.0637583333333347,0,0,144,-1
573,-576452513654,2.3684890298770145,2.6917129694397737,0.06065368927455115,-0.21312894813486674,-0.183154725177877,0.0764584763069273,0,1560012,0.01,0.0804163305,-0.17867126310000006,0,-0.1932291666666667,-0.16374166666666534,0,0,144,-1
576,-576452513617,2.3644460496226425,2.690044436935245,0.05250614491830114,-0.20895419798498174,-0.17277080809777626,0.05650840643858669,0,1560044,0.011,0.054086290499999974,-0.17149034310000005,0,-0.2282291666666667,0.16875833333333468,0,0,145,-1
577,-576452513617,2.364961833444403,2.6879571296342903,0.050681658155450476,-0.20847857968617434,-0.2409184958578795,-0.006489833730336736,0,1560054,0.01,-0.015329269500000025,-0.2504804631000001,0,-0.0969791666666667,0.14250833333333457,0,0,145,-1
578,-576452513608,2.3654564189441656,2.685872115421028,0.04824372912249658,-0.20852856104747278,-0.2613737647442349,0.004125602862557792,0,1560064,0.01,0.005615080499999991,-0.26424389310000007,0,-0.3857291666666667,-0.006241666666665369,0,0,145,-1
579,-576452513597,2.365971666740922,2.6835791408924856,0.04542405234821878,-0.20839707689410653,-0.22505721606690693,0.06053341382570743,0,1560075,0.011,0.06844813049999998,-0.21996155310000004,0,-0.1844791666666667,0.12500833333333472,0,0,145,-1
580,-576452513587,2.366414906300707,2.681498931358708,0.04321182252563818,-0.2076799309022582,-0.19802313985671308,0.13936872667724115,0,1560085,0.01,0.15043030049999997,-0.1942299231000001,0,-0.1582291666666667,-0.032491666666665364,0,0,145,-1
581,-576452513577,2.3668370585313805,2.6794289461656944,0.041221518642630045,-0.20631021722781973,-0.20519221306250268,0.12230556418588734,0,1560095,0.01,0.11991139049999998,-0.20619812310000007,0,-0.3769791666666667,0.1512583333333346,0,0,145,-1
582,-576452513566,2.364133319103814,2.6799012887520064,0.03760654114378053,-0.20378364613982497,-0.24753210223453911,0.0740259872538895,0,1560106,0.011,0.0672513105,-0.25347251310000013,0,-0.23697916666666669,-0.08499166666666536,0,1,147,1
583,-576452513549,2.364635694814159,2.6770555367658444,0.03415820838420425,-0.20275161424926463,-0.2385725759487623,0.07175835717284013,0,1560120,0.014,0.07144018049999998,-0.23731544310000002,0,-0.2544791666666667,-0.05874166666666536,0,0,147,-1
584,-576452513541,2.3649969514449656,2.6748292232914577,0.03152732466096402,-0.20201356881508165,-0.2427179023109194,0.039467920003027304,0,1560131,0.011,0.034937170499999975,-0.24329954310000002,0,-0.1669791666666667,0.05500833333333466,0,0,147,-1
585,-576452513531,2.3653000939807276,2.67281117378132,0.029100914917674536,-0.20160210613730295,-0.2421784192726658,0.05123798425692184,0,1560141,0.01,0.05288947049999998,-0.24210272310000006,0,-0.24572916666666672,0.21250833333333463,0,0,147,-1
586,-576452513521,2.3655791378481417,2.6707972652716965,0.026701358090106948,-0.2011592568450034,-0.22636872028378208,0.0017828677619201733,0,1560151,0.01,-0.005156299500000027,-0.22415042310000005,0,-0.24572916666666672,0.09000833333333458,0,0,147,-1
587,-576452513512,2.3658344065243253,2.6687861368847114,0.024371169270879248,-0.20108294641410515,-0.2737524387202149,0.04345227497761932,0,1560161,0.01,0.04929901049999999,-0.2804009631000001,0,-0.2282291666666667,0.16875833333333468,0,0,147,-1
588,-576452513500,2.3586784118984276,2.659948228650381,0.018547189127252527,-0.20332567044572508,-0.25072075665918153,0.10000703274719129,0,1560172,0.011,0.1079431905,-0.24748841310000014,0,-0.009479166666666705,0.12500833333333472,0,1,148,2
589,-576452513489,2.3588673640662736,2.657717865859144,0.01580414388868475,-0.20220111662451454,-0.24106404036821674,0.1158878802901193,0,1560183,0.011,0.11811616049999998,-0.23970908310000003,0,-0.0969791666666667,0.002508333333334667,0,0,148,-1
590,-576452513479,2.3590135991871612,2.6557017703338848,0.013430962805163617,-0.20102381265574512,-0.21468649975572618,0.12886229844239458,0,1560193,0.01,0.1306827705,-0.21098540310000002,0,-7.291666666666974e-4,-0.02374166666666533,0,0,148,-1
591,-576452513469,2.3591373321957954,2.653697619221221,0.011308569207946305,-0.19979046547568532,-0.19727182791470738,0.08952614195718489,0,1560203,0.01,0.08400679049999997,-0.19482833310000008,0,-0.3332291666666667,0.10750833333333465,0,0,148,-1
592,-576452513459,2.3592410314799723,2.651703443967505,0.009410295027040362,-0.19901172966712485,-0.1442256069359512,0.006494124164751799,0,1560213,0.01,-0.005156299500000027,-0.13678256310000006,0,-0.1844791666666667,-0.06749166666666528,0,0,148,-1
593,-576452513447,2.3593284156442467,2.6497139698299894,0.008044941305889714,-0.1988970623351938,-0.08941890437386385,0.041932873663411856,0,1560223,0.01,0.046905370499999974,-0.08172884310000006,0,-0.1844791666666667,0.011258333333334702,0,0,148,-1
594,-576452513320,2.3594120531742937,2.6475294633114315,0.007142104999105277,-0.1983154175111714,-0.036494688152704596,0.12081188520774064,0,1560234,0.011,0.13187959049999998,-0.02906876310000006,0,-0.3857291666666667,-0.049991666666665324,0,0,148,-1
595,-576452513320,2.3594881784385517,2.645355753210394,0.006707831913656963,-0.19692218742309298,-0.05779569693024619,0.16252914996935722,0,1560245,0.011,0.16838260049999998,-0.060784493100000045,0,-0.0882291666666667,-0.11999166666666539,0,0,148,-1
596,-576452513320,2.3595518847416996,2.6433935888624833,0.006056844415737069,-0.19545877806140025,-0.1092210124391786,0.0485379167223708,0,1560255,0.01,0.03254353049999999,-0.11643662310000005,0,-0.2719791666666667,0.028758333333334773,0,0,148,-1
597,-576452513319,2.3596070013621047,2.641440488541704,0.004966066393013149,-0.19511920869214586,-0.10820188003740781,-0.055225309704607456,0,1560265,0.01,-0.06978457950000005,-0.10805888310000004,0,-0.07947916666666671,-0.11124166666666535,0,0,148,-1
598,-576452513319,2.359650837645384,2.6394853770795734,0.0038194148560478985,-0.1958521381419326,-0.15425687511515612,-0.18396886869650966,0,1560275,0.01,-0.20203318950000004,-0.16071896310000006,0,-0.2107291666666667,0.1512583333333346,0,0,148,-1
599,-576452513319,2.359681027526975,2.6375170621962325,0.002231340938935535,-0.19778474405001625,-0.18668745923827482,-0.2501890371619285,0,1560285,0.01,-0.25948054950000005,-0.1912378731000001,0,-0.23697916666666669,-0.09374166666666528,0,0,148,-1
600,-576452513319,2.359694088583444,2.6355273676237507,3.7727540981117306e-4,-0.2001831999796974,-0.1775585258674513,-0.17647200495948645,0,1560295,0.01,-0.1661285895,-0.17627762310000009,0,-0.3944791666666667,0.10750833333333465,0,0,148,-1
601,-576452513318,2.359689309396024,2.6335177081927776,-0.0013473997615274745,-0.20179234511191702,-0.14127516009333102,-0.0655945359195189,0,1560305,0.01,-0.05003704950000001,-0.13618415310000007,0,-0.2544791666666667,0.21250833333333463,0,0,148,-1
602,-576452513318,2.359669061636234,2.631496868045219,-0.0027148616454735286,-0.20239159468321852,-0.10899739460823166,-0.025187718050899498,0,1560315,0.01,-0.019518139500000028,-0.10446842310000003,0,-0.3244791666666667,-0.21624166666666533,0,0,148,-1
605,-576452513318,2.3595371118988786,2.6254051804894147,-0.006028183869552056,-0.20456878811098134,-0.06653563150729333,-0.24960360378297852,0,1560345,0.01,-0.26486623950000004,-0.060784493100000045,0,-0.0969791666666667,0.07250833333333473,0,0,148,-1
606,-576452513248,2.359473892771322,2.6233467884501755,-0.00663271164218537,-0.2070998036262945,-0.02318341734390328,-0.2745333117516969,0,1560355,0.01,-0.2780312595,-0.017100563100000056,0,-0.3857291666666667,-0.09374166666666528,0,0,148,-1
607,-576452513247,2.350663202019131,2.6132122393890773,-0.010311794085687899,-0.21329180056674435,-0.05248508150173815,-0.17002235741362362,0,1560366,0.011,-0.15535720950000004,-0.05659562310000004,0,-0.3332291666666667,-0.014991666666665293,0,1,150,2
608,-576452513247,2.3505467205476864,2.6108563852803304,-0.010870423524515473,-0.2150694309575747,-0.04034651481296019,-0.109931766022374,0,1560377,0.011,-0.10150030950000005,-0.03864332310000006,0,-0.3157291666666667,-0.21624166666666533,0,0,150,-1
609,-576452513246,2.3504359977329496,2.608700553610605,-0.011274003486399111,-0.2161142786000229,-0.04042722803253422,-0.0715759210699913,0,1560387,0.01,-0.06619411950000004,-0.04043855310000005,0,-0.3769791666666667,-0.05874166666666536,0,0,150,-1
610,-576452513246,2.3503210748321126,2.6065352714738577,-0.011703362146395363,-0.2169170587793518,-0.058279585547538176,-0.13350304468949714,0,1560397,0.01,-0.14219218950000004,-0.060784493100000045,0,-0.1319791666666667,0.0637583333333347,0,0,150,-1
611,-576452513246,2.350200852567726,2.6043592061378122,-0.01232900977491715,-0.21828634975502184,-0.08881424151327953,-0.15791588474180376,0,1560407,0.01,-0.16134130950000006,-0.09309863310000006,0,-0.21947916666666673,0.14250833333333457,0,0,150,-1
612,-576452513246,2.350073017260706,2.602168349117737,-0.013233469303465766,-0.21988076875606252,-0.10044310857691316,-0.16879147857027915,0,1560417,0.01,-0.17031745950000005,-0.10207478310000005,0,-0.3682291666666667,0.08125833333333476,0,0,150,-1
613,-576452513146,2.349935765429152,2.599961434022416,-0.01422149988459706,-0.22151680915788902,-0.08875457901309451,-0.13182095348217399,0,1560427,0.01,-0.12663352950000004,-0.08711453310000007,0,-0.0882291666666667,0.22125833333333467,0,0,150,-1
614,-576452513145,2.3451758940149965,2.6014698837264483,-0.017128167083420274,-0.221118209836815,-0.10725831080564803,-0.11047848039547181,0,1560438,0.011,-0.10748440950000004,-0.10985411310000004,0,-0.12322916666666671,0.05500833333333466,0,1,151,1
615,-576452513144,2.3449808182539496,2.5990308195324228,-0.01833335566320763,-0.2223447945212892,-0.12370369182919448,-0.11782358944641431,0,1560449,0.011,-0.11885419950000001,-0.12601118310000006,0,-0.026979166666666707,-0.09374166666666528,0,0,151,-1
616,-576452513144,2.3447910205752125,2.5968018993270827,-0.01961276423970227,-0.22345947743571645,-0.15354044582957335,-0.07307176627597656,0,1560459,0.01,-0.06679252950000004,-0.15772691310000006,0,-0.24572916666666672,-0.032491666666665364,0,0,151,-1
617,-576452513144,2.344587140025128,2.5945642898636354,-0.02115996450057389,-0.22409101640955578,-0.1619347744987326,-0.0024927958989115345,0,1560469,0.01,0.007410310499999982,-0.1631126031000001,0,-0.14947916666666672,-0.006241666666665369,0,0,151,-1
618,-576452513143,2.3443678922406255,2.5923231868504906,-0.02270932491468199,-0.22412658696437002,-0.11206428268031225,-0.010076334779160808,0,1560479,0.01,-0.011140399500000021,-0.10506683310000005,0,-0.3682291666666667,-0.18999166666666534,0,0,151,-1
619,-576452513143,2.3441353405182634,2.5900818096111826,-0.02380736682911348,-0.22416607038156783,-0.09595708328664225,0.03359659576357639,0,1560489,0.01,0.03972445049999999,-0.09369704310000004,0,-0.3944791666666667,0.028758333333334773,0,0,151,-1
620,-576452513143,2.3438925433820725,2.5878421740593773,-0.024755320778198246,-0.22377617546881146,-0.08767780824756961,0.07203139996622743,0,1560499,0.01,0.07742428049999998,-0.08651612310000005,0,-0.24572916666666672,-0.10249166666666532,0,0,151,-1
621,-576452513142,2.343640634295949,2.5856080375054202,-0.025627724125743555,-0.22305217098184257,-0.08455995644350128,0.0746615918954945,0,1560509,0.01,0.07503064049999998,-0.08412248310000008,0,-0.10572916666666671,-0.04124166666666529,0,0,151,-1
622,-576452513142,2.343352822366882,2.583158781146317,-0.026673428660733325,-0.2222600328486757,-0.16026901201363897,0.055568472376526595,0,1560520,0.011,0.05288947049999998,-0.17089193310000006,0,-0.2107291666666667,0.07250833333333473,0,0,151,-1
623,-576452513141,2.3430776749586086,2.5809395484583666,-0.028336964531532095,-0.22161464599542113,-0.2031705537909077,0.11881626887664616,0,1560530,0.01,0.1276907205,-0.20919017310000007,0,-0.1144791666666667,-0.21624166666666533,0,0,151,-1
624,-576452513021,2.3399649175247546,2.5811451780189927,-0.0316389096561935,-0.2193499600944766,-0.27719553910789485,0.09668670483629808,0,1560540,0.01,0.0935813505,-0.28758188310000005,0,-0.1669791666666667,-0.13749166666666535,0,1,152,1
625,-576452513021,2.339599760470312,2.578737122380202,-0.03473961377304386,-0.21844115279795576,-0.3109684009923167,-0.004694663926419415,0,1560551,0.011,-0.018919729500000024,-0.3157071531,0,-0.2807291666666667,-0.04124166666666529,0,0,152,-1
626,-576452513020,2.3392369242047555,2.5765528876857404,-0.037832862957714215,-0.218425409260852,-0.29938074517344804,0.039506568452476416,0,1560561,0.01,0.04570855049999998,-0.29775485310000005,0,-0.17572916666666671,-0.07624166666666532,0,0,152,-1
627,-576452513020,2.3388432787480498,2.574370425535577,-0.04088070246656136,-0.2180588301075869,-0.33783798462243664,0.019231328552361638,0,1560571,0.01,0.016386460499999974,-0.3432340131000001,0,-0.1932291666666667,-0.13749166666666535,0,0,152,-1
628,-576452513020,2.338417631647403,2.5721900211974567,-0.04425099411164331,-0.21798784963344253,-0.3320745014001263,-0.06722784351271184,0,1560581,0.01,-0.07935913950000002,-0.33126581310000014,0,-0.1144791666666667,-0.006241666666665369,0,0,152,-1
629,-576452513019,2.337958958185608,2.5700069639312764,-0.04750300052746437,-0.21863161140073853,-0.2830858144955781,-0.04690455883197848,0,1560591,0.01,-0.04405294950000001,-0.27621209310000006,0,-0.23697916666666669,-0.049991666666665324,0,0,152,-1
630,-576452513019,2.337470129802477,2.567819051153471,-0.05027827563246419,-0.21898375341048398,-0.24347214331650524,0.036411861610150316,0,1560601,0.01,0.04810219049999998,-0.23791385310000002,0,-0.24572916666666672,0.05500833333333466,0,0,152,-1
631,-576452513019,2.336955665139496,2.5656312583341876,-0.05263620658591964,-0.21858463296922473,-0.18874394872958497,0.061357489051857096,0,1560611,0.01,0.06485767049999998,-0.18106490310000006,0,-0.1844791666666667,-0.11124166666666535,0,0,152,-1
634,-576452513019,2.3353000262264874,2.559094364448313,-0.057586375509802536,-0.2169372167107894,-0.158530055446196,0.1731710444655291,0,1560641,0.01,0.1857364905,-0.15832532310000008,0,-0.3419791666666667,-0.02374166666666533,0,0,152,-1
635,-576452513001,2.334716322448032,2.556933660253852,-0.05915817024871243,-0.21520403504304927,-0.14890452465511256,0.17421957819152842,0,1560651,0.01,0.17436670049999997,-0.14755394310000003,0,-0.24572916666666672,0.020008333333334738,0,0,152,-1
636,-576452513000,2.331978636402635,2.5528388084189615,-0.06147714880210063,-0.2143380909796074,-0.14824505163992308,0.1397131365349628,0,1560661,0.01,0.13487164049999997,-0.14815235310000005,0,-0.3069791666666667,-0.11999166666666539,0,1,153,2
637,-576452513000,2.3313567338428016,2.550702386940253,-0.06291530653926466,-0.2129447089037714,-0.11667712535027339,0.13704170546786196,0,1560671,0.01,0.13666687049999998,-0.11224775310000006,0,-0.26322916666666674,-0.07624166666666532,0,0,153,-1
638,-576452512991,2.326217186080627,2.552434268044215,-0.06593654036278979,-0.20985127342270612,-0.10702062493290503,0.10732588852033625,0,1560681,0.01,0.10315591049999999,-0.10566524310000004,0,-0.3157291666666667,0.08125833333333476,0,1,154,1
639,-576452512978,2.3254853274258225,2.5501321572304603,-0.0671255690047085,-0.20870590248094234,-0.11475323222851322,0.08425225758158937,0,1560692,0.011,0.08101474049999997,-0.11583821310000007,0,-0.1144791666666667,-0.18999166666666534,0,0,154,-1
640,-576452512969,2.324740072715905,2.547841645799944,-0.06837799721267113,-0.20775681179135463,-0.1083578277966528,0.09873075713543386,0,1560703,0.011,0.10076227049999999,-0.10746047310000004,0,-0.03572916666666671,-0.11124166666666535,0,0,154,-1
641,-576452512958,2.321291287379472,2.5430867658369016,-0.07070885833310939,-0.20766388175973297,-0.16844530181572623,0.13619686685405225,0,1560714,0.011,0.1414541505,-0.17687603310000005,0,-0.07947916666666671,0.028758333333334773,0,1,155,2
642,-576452512948,2.320576455540795,2.541016802856564,-0.07228977283095918,-0.20632145473710162,-0.09554773709150764,0.12244005246924136,0,1560724,0.01,0.12050980049999999,-0.08531930310000008,0,-0.2719791666666667,-0.05874166666666536,0,0,155,-1
643,-576452512938,2.319849108097685,2.5389598797088584,-0.07319429871421698,-0.2050706730019319,-0.05928946862874593,0.14121362503147183,0,1560734,0.01,0.1438477905,-0.054201983100000066,0,-0.10572916666666671,-0.3124916666666654,0,0,155,-1
644,-576452512927,2.319040545600219,2.536713482202362,-0.07382285099428453,-0.20339524358579225,-0.04380766279978457,0.22119069409571226,0,1560745,0.011,0.23241247049999997,-0.04163537310000005,0,-0.2982291666666667,-0.014991666666665293,0,0,155,-1
645,-576452512916,2.318300388935771,2.5346907787836237,-0.07422101127801947,-0.20115449343551534,-0.01566380587815775,0.24152720531968228,0,1560755,0.01,0.2443806705,-0.011714873100000064,0,-0.4032291666666667,-0.032491666666665364,0,0,155,-1
646,-576452512907,2.3175576500219774,2.532690440571711,-0.07433813036584995,-0.19887431938747827,0.012463751193322922,0.14537143911330888,0,1560765,0.01,0.13187959049999998,0.01641039689999995,0,-0.1844791666666667,-0.05874166666666536,0,0,155,-1
647,-576452512897,2.3133632638153387,2.5336583399387624,-0.07571181732457077,-0.19620429733273556,-0.03235505685399118,0.04957570639604565,0,1560775,0.01,0.03613399049999998,-0.03864332310000006,0,-0.1844791666666667,0.09000833333333458,0,1,156,1
648,-576452512886,2.312528383331471,2.5315026528457394,-0.0760809457124283,-0.19572340712341416,-0.04101823199823158,0.0073508784511283065,0,1560786,0.011,0.001426210499999971,-0.04223378310000006,0,-0.2282291666666667,0.020008333333334738,0,0,156,-1
649,-576452512874,2.3116889598305588,2.5293496990296673,-0.07653945134435602,-0.19570555709837728,-0.0457576533964726,-0.03352962673367044,0,1560797,0.011,-0.039265669500000024,-0.04642265310000006,0,-0.23697916666666669,-0.19874166666666537,0,0,156,-1
650,-576452512865,2.3109206224895145,2.527391155932363,-0.07709622915371289,-0.1960122249377775,-0.11561142157874398,-0.01337055738124748,0,1560807,0.01,-0.010541989500000019,-0.12541277310000004,0,-0.3332291666666667,-0.07624166666666532,0,0,156,-1
651,-576452512855,2.3101428278417337,2.52543066791371,-0.07841559390769078,-0.1960989367378863,-0.23178607579007085,0.020071819538634805,0,1560817,0.01,0.024764200499999982,-0.2480868231000001,0,-0.1144791666666667,0.002508333333334667,0,0,156,-1
652,-576452512845,2.309348346590567,2.523471087363476,-0.08053625946949612,-0.19583499953653905,-0.09127177518806062,0.06511943972744157,0,1560827,0.01,0.07144018049999998,-0.07155587310000003,0,-0.0707291666666667,-0.006241666666665369,0,0,156,-1
653,-576452512835,2.3085372412381973,2.521516646756478,-0.08163310220967167,-0.1950817753917236,-0.22249381995079143,0.13783391608153356,0,1560837,0.01,0.1480366605,-0.2409059031,0,-0.26322916666666674,0.14250833333333457,0,0,156,-1
654,-576452512824,2.3018192123907517,2.514087616986103,-0.08604922002226982,-0.19599587295206133,-0.13788359656411672,0.1709204550791925,0,1560847,0.01,0.1755635205,-0.12601118310000006,0,-0.3069791666666667,0.08125833333333476,0,1,157,2
655,-576452512814,2.3008646743929835,2.511942282527259,-0.08751481198820492,-0.19407429599228088,-0.10438185382359938,0.19808240190695128,0,1560858,0.011,0.2018935605,-0.09968114310000005,0,-0.2544791666666667,-0.07624166666666532,0,0,157,-1
656,-576452512804,2.2999843211453888,2.510011425940491,-0.08855650537538387,-0.19209617456944023,-0.10288343927682951,0.19617683518531706,0,1560868,0.01,0.1959094605,-0.10267319310000005,0,-0.23697916666666669,0.020008333333334738,0,0,157,-1
657,-576452512794,2.2990928969613265,2.5081007787539846,-0.08969641381989797,-0.19005584397439795,-0.18194042571852567,0.2520935243198359,0,1560878,0.01,0.2599393305,-0.19303310310000008,0,-0.17572916666666671,-0.2074916666666653,0,0,157,-1
658,-576452512784,2.298186158341333,2.506212816084941,-0.09162152554333787,-0.18753629981244507,-0.25726533281680297,0.2511022663134333,0,1560888,0.01,0.2509631805,-0.26783435310000003,0,-0.1319791666666667,0.04625833333333462,0,0,157,-1
659,-576452512774,2.2972571332858918,2.5043495921350556,-0.0941858301008746,-0.18509024643027838,-0.2513153233496341,0.2047998980202682,0,1560898,0.01,0.1983031005,-0.2504804631000001,0,-0.07947916666666671,0.0637583333333347,0,0,157,-1
660,-576452512763,2.2915654056544277,2.5065380490349263,-0.09859443358959581,-0.18119103807577308,-0.18970948346112615,0.20749941136121683,0,1560908,0.01,0.2078776605,-0.18106490310000006,0,-0.1319791666666667,0.002508333333334667,0,1,158,1
661,-576452512722,2.290469494982181,2.5045574454225505,-0.100665664129343,-0.17891684778256087,-0.17950470964754978,0.2020585683676492,0,1560919,0.011,0.2012951505,-0.17807285310000007,0,-0.23697916666666669,0.07250833333333473,0,0,158,-1
663,-576452512719,2.288315113561489,2.500845380076082,-0.10455972704517771,-0.17457749910553252,-0.20503549335034127,0.22215225833182883,0,1560940,0.01,0.22403473049999997,-0.20739494310000006,0,-0.2107291666666667,0.0637583333333347,0,0,158,-1
664,-576452512717,2.2872592552815485,2.4991104378273366,-0.10661151469863833,-0.17239863969772468,-0.206055064588408,0.19179168599132887,0,1560950,0.01,0.18753172049999997,-0.20619812310000007,0,2.1255208333333333,-0.014991666666665293,0,0,158,-1
665,-576452512633,2.286182727678362,2.4973958563496983,-0.10868918005004377,-0.17050953238252395,-0.21825039651853065,0.1712630264731906,0,1560960,0.01,0.16838260049999998,-0.21996155310000004,0,-0.2019791666666667,-0.08499166666666536,0,0,158,-1
666,-576452512632,2.2849745959523036,2.495531123970535,-0.110994512796404,-0.16855100443696935,-0.15572817722665264,0.220165198251478,0,1560971,0.011,0.22702678049999997,-0.14695553310000006,0,-0.2107291666666667,0.10750833333333465,0,0,158,-1
667,-576452512632,2.2838572440917035,2.493858237822579,-0.11249399421667121,-0.16610339455062367,-0.11497401796379189,0.39358641872661493,0,1560981,0.01,0.4179195705,-0.10925570310000006,0,-0.2807291666666667,0.16000833333333464,0,0,158,-1
668,-576452512631,2.282726700466904,2.4922180348783036,-0.11362120539932716,-0.16198861357272445,-0.09893900467877637,0.520930441952022,0,1560991,0.01,0.5387983905,-0.09668909310000005,0,-0.3419791666666667,0.10750833333333465,0,0,158,-1
669,-576452512631,2.281585814079825,2.4906244164318956,-0.11456805834577023,-0.15674479990699175,-0.06862796810748878,0.5455209997361147,0,1561001,0.01,0.5489713605000001,-0.06437495310000006,0,-0.3594791666666667,0.11625833333333468,0,0,158,-1
670,-576452512631,2.2804364243850337,2.489083743528799,-0.11529770330184744,-0.15136781460258428,-0.09953357279854597,0.48977175250137056,0,1561011,0.01,0.4819494405,-0.10387001310000005,0,-0.3157291666666667,0.16875833333333468,0,0,158,-1
671,-576452512631,2.279278101747659,2.4875941434345474,-0.11635065431096216,-0.14653421063055563,-0.14059560924268744,0.4440784399350412,0,1561021,0.01,0.4376671005,-0.14635712310000004,0,-0.2719791666666667,0.020008333333334738,0,0,158,-1
672,-576452512630,2.2781067798039523,2.4861508085767037,-0.11787930327306469,-0.1421241413812926,-0.22803820986786522,0.42218790457360167,0,1561031,0.01,0.4191163905,-0.24030749310000002,0,-0.12322916666666671,-0.06749166666666528,0,0,158,-1
673,-576452512604,2.276796248079784,2.4846138291072823,-0.12039693644693167,-0.1373568421636199,-0.23407479518326338,0.5029339124300652,0,1561042,0.011,0.5142635805,-0.23492180310000002,0,-0.21947916666666673,-0.08499166666666536,0,0,158,-1
674,-576452512603,2.2715477579700805,2.4864300647422937,-0.12463310315647841,-0.13044320483947888,-0.244264020881648,0.4168357122054919,0,1561053,0.011,0.4047545505,-0.24569318310000005,0,-0.12322916666666671,0.23875833333333474,0,1,160,1
675,-576452512603,2.270162258175679,2.4850191690426984,-0.12728388475587687,-0.1260355115757037,-0.22085279846084707,0.30181043582138695,0,1561064,0.011,0.2856709605,-0.2175679131000001,0,-0.2107291666666667,0.028758333333334773,0,0,160,-1
676,-576452512598,2.26887825032615,2.4837731711601854,-0.1295114279249927,-0.12312844533014622,-0.2342402038080952,0.22363405760676647,0,1561074,0.01,0.21266494049999995,-0.23611862310000006,0,-0.10572916666666671,0.13375833333333476,0,0,160,-1
677,-576452512589,2.267571233409009,2.48255364173161,-0.13188343005106662,-0.1208031181826467,-0.25530424625100406,0.2869586968807922,0,1561084,0.01,0.29584393049999996,-0.2582597931000001,0,-0.1407291666666667,-0.07624166666666532,0,0,160,-1
678,-576452512579,2.2662397238845493,2.48136040151138,-0.13442243475939986,-0.11786441543672355,-0.24530146726385527,0.33620802754655266,0,1561094,0.01,0.3431183205,-0.2438979531,0,-0.28947916666666673,0.16000833333333464,0,0,160,-1
679,-576452512568,2.2616461950955844,2.477089686017769,-0.13808853402107957,-0.11596246755732513,-0.1942170649653268,0.24465918055244898,0,1561104,0.01,0.2318140605,-0.18704900310000006,0,-0.2544791666666667,0.18625833333333475,0,1,161,2
680,-576452512557,2.26011682844862,2.475828643833186,-0.1400255174336592,-0.11330763316797263,-0.06355880959339105,0.22079996487957815,0,1561115,0.011,0.2174522205,-0.04522583310000006,0,-0.3507291666666667,-0.014991666666665293,0,0,161,-1
681,-576452512547,2.2587135406989076,2.4747060575026847,-0.14063904794624132,-0.11118343433803542,-0.048006434538864634,0.1617129875068349,0,1561125,0.01,0.15342235049999997,-0.04582424310000006,0,-0.2807291666666667,0.14250833333333457,0,0,161,-1
682,-576452512535,2.2573046581189704,2.4736018919215668,-0.1411333815924837,-0.10963107998485914,-0.05816263236675276,0.1156089760866537,0,1561135,0.01,0.10914001049999998,-0.05958767310000004,0,-0.3244791666666667,0.09875833333333461,0,0,161,-1
683,-576452512527,2.2558900179156844,2.472511117044807,-0.14177715040605365,-0.10851314577734683,-0.10244405882660776,0.08842013297567702,0,1561145,0.01,0.08460520049999998,-0.10865729310000004,0,-0.3682291666666667,-0.02374166666666533,0,0,161,-1
684,-576452512516,2.2543234960256937,2.4713227868982637,-0.14301727072916992,-0.10754563023858134,-0.17663858877451538,0.08507461783768192,0,1561156,0.011,0.08460520049999998,-0.18704900310000006,0,-0.1582291666666667,-0.04124166666666529,0,0,161,-1
685,-576452512506,2.252883721885276,2.4702515120466786,-0.14490080310589645,-0.10670588774916477,-0.2592368419938356,0.0773160797796298,0,1561166,0.01,0.07622746049999998,-0.27082640310000006,0,-0.009479166666666705,-0.10249166666666532,0,0,161,-1
686,-576452512494,2.248067336592837,2.4717824257509364,-0.14920198211317054,-0.10468397410713226,-0.31977932046882224,0.03175571052428443,0,1561177,0.011,0.025362610499999983,-0.3282737631000001,0,-0.2719791666666667,-0.1549916666666653,0,1,162,1
687,-576452512485,2.2464073626371,2.470633448671772,-0.15263477090755745,-0.10424541905668006,-0.26478005354603706,0.08964730988001882,0,1561188,0.011,0.09777022049999999,-0.2570629731000001,0,-0.14947916666666672,0.020008333333334738,0,0,162,-1
688,-576452512474,2.2448677996642172,2.4695951699013743,-0.1552789227914555,-0.1033954696546781,-0.2622107572856151,0.05688764805208801,0,1561198,0.01,0.052291060499999986,-0.26185025310000004,0,-0.2719791666666667,0.16000833333333464,0,0,162,-1
689,-576452512464,2.2433023730943886,2.4685642369332936,-0.15782758081107184,-0.1027990733502115,-0.20994166598697175,0.07647163396938912,0,1561208,0.01,0.07921951049999999,-0.20260766310000006,0,-0.2807291666666667,0.05500833333333466,0,0,162,-1
690,-576452512454,2.241714210365256,2.4675402425253536,-0.15983180535025698,-0.10200740838144166,-0.14211115631571622,0.09567426306881605,0,1561218,0.01,0.09836863049999997,-0.13259369310000005,0,-0.2282291666666667,0.020008333333334738,0,0,162,-1
694,-576452512398,2.2350351466718545,2.4634880604635145,-0.16576319293552708,-0.09467526226204939,-0.0595925433109282,0.2313892753907449,0,1561259,0.01,0.2348061105,-0.05180834310000005,0,-0.2982291666666667,0.07250833333333473,0,0,162,-1
695,-576452512397,2.2332088701590425,2.4624614416994204,-0.1663129836252537,-0.0920116772061956,0.00968232256452424,0.30890404526328136,0,1561270,0.011,0.31978033049999993,0.01940244689999995,0,-0.26322916666666674,0.011258333333334702,0,0,162,-1
696,-576452512327,2.2315463234070156,2.461556966544393,-0.16620109385440687,-0.08889273527933704,0.02030552028055898,0.32998713156150705,0,1561280,0.01,0.33294535049999996,0.021796086899999942,0,-0.3507291666666667,0.10750833333333465,0,0,162,-1
697,-576452512326,2.2297192267385597,2.46059895592926,-0.16599417894460197,-0.08528537475023194,0.009542800235581213,0.31526370076138205,0,1561291,0.011,0.31319782049999995,0.008032656899999945,0,-0.23697916666666669,0.0637583333333347,0,0,162,-1
698,-576452512325,2.228059994438262,2.4597615793018175,-0.1658634098157775,-0.08217624923887086,0.03445733775430483,0.2845892737069447,0,1561301,0.01,0.2802852705,0.03795315689999995,0,-0.28947916666666673,-0.13749166666666535,0,0,162,-1
699,-576452512325,2.2264030397353274,2.458953869729294,-0.16552558892944708,-0.07935777920598214,0.02965134709753843,0.2650715496661206,0,1561311,0.01,0.26233297050000004,0.028977006899999953,0,-0.3594791666666667,0.08125833333333476,0,0,162,-1
700,-576452512324,2.2247492658144887,2.4581729575198406,-0.1652291689040644,-0.07679880799071233,0.029584759909713862,0.19969667729438598,0,1561321,0.01,0.19052377049999997,0.029575416899999946,0,-0.10572916666666671,-0.006241666666665369,0,0,162,-1
701,-576452512324,2.223097745952503,2.4574142783950763,-0.16504378420404553,-0.07490738033046734,-0.04914001861635414,0.12448098639378856,0,1561331,0.01,0.11392729049999999,-0.06018608310000006,0,-0.1582291666666667,0.09000833333333458,0,0,162,-1
702,-576452512323,2.2214443255899865,2.4566712889088635,-0.16561725495817664,-0.07368439249650131,-0.10763117691198759,0.1089285680174532,0,1561341,0.01,0.10674637049999998,-0.11583821310000007,0,-0.2019791666666667,-0.11124166666666535,0,0,162,-1
703,-576452512321,2.219783390467138,2.4559395158931223,-0.16659689772787506,-0.07265375287261149,-0.03873566005521953,0.0671318143163964,0,1561351,0.01,0.06126721049999999,-0.02906876310000006,0,-0.1319791666666667,0.011258333333334702,0,0,162,-1
704,-576452512310,2.2155294105862957,2.4571589710722117,-0.16808617477028112,-0.070989987505281,-0.060170817766914984,0.06671208756888689,0,1561362,0.011,0.06665290049999997,-0.06317813310000006,0,-0.3244791666666667,0.14250833333333457,0,1,164,1
705,-576452512299,2.2167825533275467,2.4594737222475693,-0.1675253886613893,-0.06917405299304978,-0.0701546996580338,-0.08814879030033124,0,1561373,0.011,-0.10987804950000002,-0.07155587310000003,0,-0.10572916666666671,0.21250833333333463,0,1,165,2
706,-576452512289,2.2151040537830666,2.458777478020785,-0.16818694740862103,-0.07006993343498628,-0.04199593729656845,-0.09828310871962402,0,1561383,0.01,-0.09970507950000002,-0.038044913100000056,0,-0.26322916666666674,0.11625833333333468,0,0,165,-1
707,-576452512280,2.2134199686828975,2.4580719245482534,-0.16862489806100484,-0.07104345542796446,-0.05479917042763033,-0.0916584512465202,0,1561393,0.01,-0.09072892950000003,-0.05659562310000004,0,-0.26322916666666674,-0.006241666666665369,0,0,165,-1
709,-576452512222,2.2100371849994866,2.456639389495295,-0.16961559670843232,-0.07183575410905367,-0.009677730079273916,0.049668770418545484,0,1561413,0.01,0.05767675049999998,-0.003935543100000044,0,-0.28947916666666673,0.09000833333333458,0,0,165,-1
710,-576452512221,2.2083412174710295,2.4559241018419233,-0.16960737653148758,-0.07124748017449344,0.06515326816518974,0.11494166276950266,0,1561423,0.01,0.12410026049999998,0.07565298689999994,0,-0.1844791666666667,0.10750833333333465,0,0,165,-1
711,-576452512218,2.2066488895692755,2.4552178234680118,-0.16887960001958355,-0.07002788789844501,0.11949186646915748,0.1649554980509611,0,1561433,0.01,0.17197306049999997,0.12711624689999995,0,-0.1407291666666667,0.10750833333333465,0,0,165,-1
712,-576452512217,2.2049662319595793,2.4545255270480597,-0.16765910054717015,-0.06841976827559275,0.13772318623553997,0.13542471609173365,0,1561443,0.01,0.13128118049999998,0.14028126689999995,0,-0.2544791666666667,0.12500833333333472,0,0,165,-1
713,-576452512215,2.2032969621704264,2.4538475351825553,-0.16621392420016062,-0.06715382465115145,0.18614689846976806,0.07249120410196193,0,1561453,0.01,0.06366085049999998,0.19294134689999995,0,-0.0532291666666667,0.011258333333334702,0,0,165,-1
714,-576452512209,2.1968056746486497,2.4572323529774094,-0.16649622851951726,-0.06455674064564874,0.13280500115191005,0.07996640304169018,0,1561463,0.01,0.08101474049999997,0.12532101689999994,0,-0.2719791666666667,0.07250833333333473,0,1,166,1
715,-576452512198,2.194982468119116,2.456528217236767,-0.165004541376544,-0.06350832139278616,0.15300554029236718,0.19056418732630598,0,1561474,0.011,0.2060824305,0.15583992689999995,0,0.01677083333333329,0.19500833333333478,0,0,166,-1
716,-576452512188,2.193339500347467,2.4559027689146937,-0.1635617617495176,-0.061586356025625615,0.09146834054669145,0.20207384283861637,0,1561484,0.01,0.20368879049999997,0.08283390689999995,0,-0.10572916666666671,0.020008333333334738,0,0,166,-1
717,-576452512179,2.191709346262974,2.455297131091239,-0.16250878125660267,-0.05954666975027313,0.18990135242675646,0.2155599518567934,0,1561494,0.01,0.2174522205,0.20371272689999997,0,-0.24572916666666672,0.020008333333334738,0,0,166,-1
718,-576452512167,2.1930119669592893,2.457673499223776,-0.15944548714474732,-0.05615086429400151,0.18889406957985294,0.19990199381945817,0,1561504,0.01,0.19770469049999997,0.1887524769,0,-0.17572916666666671,0.10750833333333465,0,1,167,2
719,-576452512156,2.1912701199648277,2.45706722403815,-0.15727653704241681,-0.05405579792937604,0.24859450421748164,0.13185313132902354,0,1561515,0.011,0.1223050305,0.25697121689999997,0,-0.17572916666666671,-0.049991666666665324,0,0,167,-1
722,-576452512118,2.186373318301607,2.455392111209405,-0.1486682211519733,-0.051362426026190997,0.2911469747912984,-0.013685543574628943,0,1561547,0.011,-0.020116549500000032,0.29467104689999996,0,-0.0969791666666667,0.13375833333333476,0,0,167,-1
723,-576452512114,2.1849010215781957,2.454877970333951,-0.1457828882771674,-0.05147378311452501,0.2727215525527799,0.004289744291956162,0,1561557,0.01,0.00681190049999998,0.27013623689999994,0,-0.21947916666666673,-0.02374166666666533,0,0,167,-1
724,-576452512019,2.1833145200250215,2.4543119918513603,-0.14269419777423983,-0.0514304331822698,0.3308037350916686,0.0017785607493300847,0,1561568,0.011,0.001426210499999971,0.3389533869,0,-0.3069791666666667,-0.1287416666666653,0,0,167,-1
725,-576452512018,2.1819041065803804,2.4537971422240856,-0.13938793294583982,-0.05150911289855513,0.32955415807926425,-0.06622669696308445,0,1561578,0.01,-0.07576867950000005,0.3293788268999999,0,-0.2107291666666667,-0.10249166666666532,0,0,167,-1
726,-576452512018,2.180525982055938,2.4532786260957065,-0.1362046800940232,-0.052189035417552355,0.249634261319654,-0.07879278169438743,0,1561588,0.01,-0.08055595950000004,0.23842050689999997,0,-0.07947916666666671,0.07250833333333473,0,0,167,-1
727,-576452512018,2.1791761586012353,2.4527528671545915,-0.13374865019080426,-0.05296587704144679,0.22090834924713199,-0.07089301492273699,0,1561598,0.01,-0.06978457950000005,0.21687774689999992,0,-0.4207291666666667,0.028758333333334773,0,0,167,-1
728,-576452512017,2.177849360379701,2.4522202572003344,-0.1315953339944304,-0.05358213676918716,0.1811640726756658,-0.0048485924867226055,0,1561608,0.01,0.004418260499999968,0.17558745689999994,0,-0.3069791666666667,-0.08499166666666536,0,0,167,-1
729,-576452512017,2.1765417282127153,2.4516852754084613,-0.12989879560034095,-0.053461645533910765,0.09913139125613506,0.11558032692811886,0,1561618,0.01,0.1324780005,0.08762118689999995,0,-0.1932291666666667,0.08125833333333476,0,0,167,-1
730,-576452512016,2.175247342108921,2.4511563589379612,-0.12896287905530257,-0.052318184873184376,0.05964996194017192,0.10678381097401654,0,1561628,0.01,0.10554955049999998,0.05411022689999995,0,-0.4557291666666667,-0.2599916666666653,0,0,167,-1
731,-576452512016,2.1739601948339873,2.4506378794868207,-0.12844461971883253,-0.05134979707039734,0.0038884848956257725,0.03590605081711068,0,1561638,0.01,0.025961020499999987,-0.003935543100000044,0,-0.3332291666666667,0.09000833333333458,0,0,167,-1
732,-576452512016,2.1726754712290957,2.450125876867508,-0.12847942263559456,-0.05103758105873352,-0.0486284365626532,0.00252020012880725,0,1561648,0.01,-0.0021642495000000293,-0.055997213100000054,0,-0.2807291666666667,-0.18999166666666534,0,0,167,-1
733,-576452511917,2.1713880225053304,2.4496155712995447,-0.12900054555360177,-0.051021088459282896,-0.07345770786393731,-0.0036869493167562247,0,1561658,0.01,-0.004557889500000024,-0.07694156310000007,0,-0.3944791666666667,-0.1549916666666653,0,0,167,-1
734,-576452511916,2.1720163102892185,2.4511663189818393,-0.1291069582352302,-0.0502570499771635,-0.1536549480022902,-0.06637421677522043,0,1561669,0.011,-0.07517026950000003,-0.16490783310000007,0,-0.2282291666666667,0.0637583333333347,0,1,169,2
735,-576452511916,2.1705868234169734,2.45060930360196,-0.13079943051224022,-0.05101199641008117,-0.15512675964157657,-0.0824843742568425,0,1561680,0.011,-0.08474482950000004,-0.15533327310000009,0,-0.2982291666666667,-0.04124166666666529,0,0,169,-1
736,-576452511915,2.1692705107184826,2.4500950464068834,-0.1324359136345977,-0.051838909761924123,-0.2151324668790756,-0.08394190923458165,0,1561690,0.01,-0.08414641950000001,-0.22355201310000009,0,-0.2282291666666667,-0.02374166666666533,0,0,169,-1
737,-576452511915,2.1679350525724232,2.449572582149117,-0.13464038445533077,-0.0526594077954525,-0.2529530898267333,-0.07047704696097877,0,1561700,0.01,-0.06858775950000004,-0.2582597931000001,0,-0.026979166666666707,-0.16374166666666534,0,0,169,-1
738,-576452511915,2.166575704301254,2.44904252633293,-0.13721621529694358,-0.053354488491049686,-0.28594478797009776,-0.06357245897522931,0,1561710,0.01,-0.06260365950000005,-0.29057393310000007,0,-0.4119791666666667,0.27375833333333466,0,0,169,-1
739,-576452511914,2.1651903967794683,2.4485054379191773,-0.13989580058761342,-0.05404719217064477,-0.1577604660013278,-0.10418026922144596,0,1561720,0.01,-0.10987804950000002,-0.13977461310000006,0,-0.23697916666666669,0.32625833333333465,0,0,169,-1
740,-576452511914,2.1637840130774424,2.447959419765217,-0.14140120365074055,-0.05514165829161779,-0.10630287273166289,-0.14171314125493467,0,1561730,0.01,-0.14697946950000002,-0.09908273310000006,0,-0.17572916666666671,0.22125833333333467,0,0,169,-1
741,-576452511914,2.162365577306454,2.4474014748138977,-0.14232501814464843,-0.05647175613946512,-0.007085581684123279,-0.079684752997316,0,1561740,0.01,-0.07098139950000001,0.00683583689999994,0,-0.4119791666666667,-0.10249166666666532,0,0,169,-1
742,-576452511914,2.1609428934766988,2.4468330537535197,-0.142252095661612,-0.057224759677063954,0.09538452751678186,-0.04843734855323562,0,1561750,0.01,-0.04405294950000001,0.10976235689999995,0,-0.3244791666666667,0.011258333333334702,0,0,169,-1
743,-576452511812,2.1595260188248306,2.4462586121401655,-0.14116127376706997,-0.05767354884156742,0.19300711503344586,-0.02307657158449667,0,1561760,0.01,-0.019518139500000028,0.20670477689999997,0,-0.1407291666666667,0.07250833333333473,0,0,169,-1
744,-576452511811,2.1569394460009863,2.444537302879377,-0.13943279150687604,-0.05823811910084778,0.21079176189830157,0.07712767265217663,0,1561771,0.011,0.09118771049999998,0.21328728689999996,0,-0.2019791666666667,-0.07624166666666532,0,1,171,2
745,-576452511811,2.155417836302617,2.4439028002991785,-0.13719887640689338,-0.05718144400492809,0.15577950061600698,0.2122555329116243,0,1561782,0.011,0.2312156505,0.14806059689999995,0,-0.3332291666666667,0.08125833333333476,0,0,171,-1
746,-576452511810,2.1540525741801475,2.4433424239179575,-0.13580198027640664,-0.05493392187698189,0.04248060899129172,0.3002523621130274,0,1561792,0.01,0.3125994105,0.02658336689999995,0,-0.3157291666666667,-0.10249166666666532,0,0,171,-1
747,-576452511810,2.1526954406125265,2.442807910478619,-0.13556932201019486,-0.05196042833886516,-0.09425839239522188,0.2795935048362686,0,1561802,0.01,0.27669481049999994,-0.11344457310000006,0,-0.07947916666666671,0.22125833333333467,0,0,171,-1
748,-576452511810,2.1511968228256864,2.442252943676458,-0.13684732552244502,-0.048931234848839704,-0.25224884041066564,0.24923829374189113,0,1561813,0.011,0.24497908049999997,-0.2744168631000001,0,-0.1582291666666667,0.0637583333333347,0,0,171,-1
751,-576452511809,2.1468016892313724,2.440818162709123,-0.1481265392698495,-0.04483474834716582,-0.5016254247607028,0.02262006366767156,0,1561844,0.011,0.017583280499999982,-0.5065999431,0,-0.23697916666666669,-0.07624166666666532,0,0,171,-1
752,-576452511809,2.145295311699825,2.4403713989242233,-0.15314749212775275,-0.044539639256332794,-0.504938287324189,0.07120554399635123,0,1561854,0.01,0.07802269049999998,-0.5054031231000001,0,-0.1407291666666667,-0.014991666666665293,0,0,171,-1
753,-576452511712,2.14358244179665,2.4398863742014334,-0.15836725050349784,-0.04366865897908948,-0.2859890423404331,0.12861202764121052,0,1561865,0.011,0.13666687049999998,-0.25526774310000006,0,-0.0532291666666667,-0.04124166666666529,0,0,171,-1
754,-576452511711,2.1419855188119694,2.4394553912593864,-0.16106758892325038,-0.04249311063155945,-0.17350922841418553,0.05066183145776393,0,1561875,0.01,0.03972445049999999,-0.15772691310000006,0,-0.17572916666666671,-0.08499166666666536,0,0,171,-1
755,-576452511709,2.140368528381888,2.439031824221572,-0.1624359575170679,-0.04216807761041588,0.08750119216612268,-0.0785789431660702,0,1561885,0.01,-0.09671302950000002,0.12412419689999996,0,-0.1144791666666667,0.08125833333333476,0,0,171,-1
756,-576452511708,2.13874951712316,2.4386062838637708,-0.1614090892656654,-0.0429430440157285,0.19571053213702194,-0.07086670265815656,0,1561895,0.01,-0.06978457950000005,0.21089364689999993,0,-0.21947916666666673,0.1512583333333346,0,0,171,-1
757,-576452511708,2.1371451333484295,2.4381725594070867,-0.1594642275351351,-0.04376893066334365,0.18698476099760128,-0.15440686661526648,0,1561905,0.01,-0.1661285895,0.18576042689999997,0,-0.3769791666666667,0.14250833333333457,0,0,171,-1
758,-576452511707,2.1355595619145045,2.437727029111407,-0.15763785722145346,-0.04533184061232232,0.1559987756115858,-0.1678349259487503,0,1561915,0.01,-0.16971904950000005,0.15165105689999994,0,-0.1582291666666667,0.011258333333334702,0,0,171,-1
759,-576452511707,2.1339906142740332,2.4372657095881562,-0.15613549849950265,-0.046949184038610925,0.11492684853580958,-0.12435637093485538,0,1561925,0.01,-0.11825578950000003,0.10916394689999996,0,-0.1844791666666667,-0.18999166666666534,0,0,171,-1
760,-576452511707,2.132434451027888,2.436790076283763,-0.15507284450220366,-0.04818082317767762,0.05319711537659551,-0.11585778648284817,0,1561935,0.01,-0.11466532950000004,0.044535666899999944,0,-0.4032291666666667,-0.18999166666666534,0,0,171,-1
761,-576452511706,2.130886450925298,2.436302182810824,-0.15453017752930334,-0.04938505872601441,0.06081997499156831,-0.1483978011705294,0,1561945,0.01,-0.15296356950000004,0.06188955689999995,0,-0.2719791666666667,-0.049991666666665324,0,0,171,-1
762,-576452511706,2.1291906099694904,2.435749899843297,-0.1538156767912973,-0.05102754977343076,0.0906206955667937,-0.15502564997065096,0,1561956,0.011,-0.15595561950000003,0.09480210689999996,0,-0.23697916666666669,-0.02374166666666533,0,0,171,-1
763,-576452511705,2.127655561526455,2.435231743244794,-0.1531260625919067,-0.05259756975194897,-0.06209602051977803,-0.1689606200705,0,1561966,0.01,-0.1709158695,-0.08352407310000005,0,-0.2107291666666667,-0.10249166666666532,0,0,171,-1
764,-576452511694,2.1209019281848427,2.438704412451157,-0.15613867333565634,-0.05292902672982316,-0.17902123049776067,-0.2520153081897512,0,1561978,0.012,-0.2636694195,-0.19542674310000005,0,-0.1319791666666667,0.03750833333333459,0,1,174,1
765,-576452511674,2.119331973176523,2.43816128806287,-0.15786901979416962,-0.05563460475793062,-0.1372569241499129,-0.38135984415982116,0,1561988,0.01,-0.39950848950000006,-0.13139687310000003,0,-0.21947916666666673,0.07250833333333473,0,0,174,-1
766,-576452511673,2.117746815553028,2.437586154616274,-0.15918046346720224,-0.05940488578411478,-0.09380919875613421,-0.350570172900635,0,1561998,0.01,-0.3462499995,-0.08771294310000005,0,-0.3682291666666667,0.12500833333333472,0,0,174,-1
767,-576452511665,2.1161512804412013,2.4369751217599616,-0.15996889372136097,-0.0628257202983147,0.012818935011798122,-0.2901056440881723,0,1562008,0.01,-0.2816217195,0.027780186899999948,0,-0.2107291666666667,-0.09374166666666528,0,0,174,-1
768,-576452511654,2.1145517561086384,2.4363319592181627,-0.15991507524326676,-0.06578923646395396,-0.04018268704665322,-0.3346185901500972,0,1562018,0.01,-0.3408643095,-0.047619473100000066,0,-0.3332291666666667,0.0637583333333347,0,0,174,-1
769,-576452511644,2.1129510421280795,2.435656131535198,-0.16024726547782495,-0.06932350876921917,0.009446767801234851,-0.4686662126850902,0,1562028,0.01,-0.4874747595,0.01641039689999995,0,-0.3944791666666667,-0.18999166666666534,0,0,174,-1
770,-576452511633,2.1139930414691586,2.437783683239364,-0.15894664627125796,-0.07283300299320891,0.10214199416433212,-0.49618049087584254,0,1562038,0.01,-0.5000413695,0.11514804689999995,0,0.0692708333333333,0.1512583333333346,0,1,175,2
771,-576452511622,2.112251225697063,2.4369538875076993,-0.15776003165038052,-0.07808632627946836,0.14345998891251507,-0.3620746632170836,0,1562049,0.011,-0.34325794950000005,0.14925741689999997,0,-0.10572916666666671,-0.014991666666665293,0,0,175,-1
772,-576452511507,2.1106810303933834,2.4361557476853952,-0.1562899392787014,-0.08158096042307189,0.16848559364442303,-0.2731540379517493,0,1562059,0.01,-0.26067736950000003,0.17199699689999998,0,-0.1669791666666667,0.18625833333333475,0,0,175,-1
773,-576452511506,2.1091264643139147,2.4353275419205023,-0.154619189616426,-0.0841164884786023,0.15844549717082662,-0.13364216809987436,0,1562069,0.01,-0.11406691950000002,0.15703674689999994,0,-0.3419791666666667,0.12500833333333472,0,0,175,-1
774,-576452511506,2.107434896938837,2.4343949035889962,-0.15292623610118905,-0.08548024722942094,0.12572345583031508,-0.06399787856457671,0,1562080,0.011,-0.054225919500000004,0.12113214689999995,0,-0.3594791666666667,0.11625833333333468,0,0,175,-1
775,-576452511506,2.1059115751879793,2.433537929652422,-0.15172160224229939,-0.0859636800306541,0.08863612954171192,0.04637845027643217,0,1562090,0.01,0.06186562049999998,0.08343231689999996,0,-0.4294791666666667,0.09000833333333458,0,0,175,-1
776,-576452511505,2.1043982038977918,2.4326811332789235,-0.1509264429401456,-0.08541887982501029,0.023723250316276007,0.1040412529035574,0,1562100,0.01,0.11213206049999999,0.01461516689999996,0,-0.0969791666666667,-0.09374166666666528,0,0,175,-1
777,-576452511505,2.102889468530518,2.431832040443408,-0.15079173910120022,-0.08439502227644795,-0.04933648461390448,0.09224452761716712,0,1562110,0.01,0.0905893005,-0.05958767310000004,0,-0.3682291666666667,0.16000833333333464,0,0,175,-1
779,-576452511504,2.099552925121455,2.429998186877801,-0.15290302585955026,-0.082292296261701,-0.052446406521312494,0.05293495281171414,0,1562132,0.011,0.04570855049999998,-0.039840143100000044,0,-0.1407291666666667,-0.07624166666666532,0,0,175,-1
780,-576452511504,2.0980216025764955,2.429177290241161,-0.153377508722703,-0.08185690500497901,-0.017251557648607863,-0.013226864547121277,0,1562142,0.01,-0.022510189500000024,-0.01231328310000005,0,-0.4469791666666667,0.002508333333334667,0,0,175,-1
781,-576452511502,2.0964875077415206,2.4283587178191164,-0.15346577170292022,-0.08188705001897308,0.042705462133893146,0.05944779313579628,0,1562152,0.01,0.06964495049999998,0.05111817689999995,0,-0.2807291666666667,-0.11124166666666535,0,0,175,-1
782,-576452511501,2.0949553112964057,2.4275429804005295,-0.15298785810756638,-0.08126750258632674,0.078945762516177,0.07731143027598898,0,1562162,0.01,0.07981792049999999,0.08403072689999995,0,-0.3507291666666667,0.08125833333333476,0,0,175,-1
783,-576452511500,2.0934286089777308,2.4267338606005744,-0.15231879464348652,-0.08054284814377322,-0.00685664880456803,0.04277509711326708,0,1562172,0.01,0.03792922049999998,-0.018895793100000047,0,-0.3682291666666667,0.08125833333333476,0,0,175,-1
784,-576452511488,2.0922910394226824,2.4263501947821235,-0.1521614375461057,-0.08003800686233092,0.04188545096294575,-0.03022028702670697,0,1562182,0.01,-0.040462489500000025,0.048724536899999955,0,-0.3419791666666667,0.16875833333333468,0,1,177,2
785,-576452511478,2.0904684828845648,2.4253878671386864,-0.15160824530136133,-0.08035834417459985,0.07254753550134795,-0.004566916145573668,0,1562194,0.012,-9.674295000000236e-4,0.07684980689999996,0,-0.3594791666666667,0.12500833333333472,0,0,177,-1
786,-576452511468,2.0889564536134326,2.424584774278601,-0.15081944147992657,-0.08029718745379823,0.11672827084164125,0.0699593670695111,0,1562204,0.01,0.0804163305,0.12292737689999995,0,-0.3507291666666667,-0.014991666666665293,0,0,177,-1
787,-576452511458,2.0874540972854794,2.4237856227291323,-0.14965189352723615,-0.07954777846783181,0.11691682097394,0.105368490560372,0,1562214,0.01,0.11033683049999998,0.11694327689999996,0,-0.4382291666666667,0.03750833333333459,0,0,177,-1
788,-576452511445,2.085963098376639,2.422995599075205,-0.1485335159626419,-0.07846514453730111,0.08073039239984453,0.1259935836926755,0,1562224,0.01,0.12888754049999998,0.07565298689999994,0,-0.4119791666666667,0.09875833333333461,0,0,177,-1
789,-576452511437,2.0777213978904467,2.427645721691347,-0.1504387764762977,-0.07469343899624174,0.04898879835934304,0.12328415840654072,0,1562235,0.011,0.12290344049999997,0.044535666899999944,0,-0.17572916666666671,-0.11124166666666535,0,1,178,1
790,-576452511405,2.0760699259360424,2.426831659366805,-0.14984363881662247,-0.07332245852435683,0.08549145997551622,0.13292105428233905,0,1562246,0.011,0.13427323049999998,0.09061323689999995,0,-0.2719791666666667,0.028758333333334773,0,0,178,-1
791,-576452511404,2.0745761838549543,2.426104635384476,-0.14892496182026113,-0.07206087189890785,0.13039086285706222,0.08530256600516334,0,1562256,0.01,0.07862110049999999,0.13669080689999996,0,-0.3944791666666667,-0.049991666666665324,0,0,178,-1
792,-576452511404,2.0730929906181705,2.425387473856546,-0.14769293171417153,-0.07133480537948085,0.07923967416301221,-0.005045897591298518,0,1562266,0.01,-0.017722909500000036,0.07206252689999995,0,-0.3944791666666667,-0.09374166666666528,0,0,178,-1
793,-576452511303,2.0716195512038893,2.424671229128888,-0.1469741766257534,-0.07179781935850035,0.02676525924206838,-0.299017966060289,0,1562276,0.01,-0.3402658995,0.01940244689999995,0,-0.2019791666666667,-0.07624166666666532,0,0,178,-1
794,-576452511301,2.0701507642969412,2.4239378193715173,-0.1467663917389658,-0.07486305401595897,-0.015901207709467298,-0.3525080992638563,0,1562286,0.01,-0.3600134295,-0.021887843100000044,0,-0.24572916666666672,-0.1812416666666653,0,0,178,-1
795,-576452511301,2.0686821025572875,2.4231711695314817,-0.14695706911302608,-0.07844964955318648,-0.03846885220294359,-0.3963491021286979,0,1562296,0.01,-0.4025005395000001,-0.04163537310000005,0,-0.3419791666666667,-0.049991666666665324,0,0,178,-1
796,-576452511301,2.0672110455267787,2.422367231447682,-0.14727349382146337,-0.08235444024607017,0.01018242787416715,-0.3545136703335273,0,1562306,0.01,-0.34864363950000005,0.017008806899999954,0,-0.4557291666666667,-0.10249166666666532,0,0,178,-1
797,-576452511300,2.065738831060972,2.4215259368889672,-0.14716989681295609,-0.08590339894693816,0.011445843930885612,-0.35723758976279774,0,1562316,0.01,-0.35761978950000006,0.011623116899999963,0,-0.2019791666666667,-0.1287416666666653,0,0,178,-1
798,-576452511300,2.064267705781751,2.420649320896575,-0.14705522024395243,-0.08943206547159026,0.011601303930639382,-0.32608612677497123,0,1562326,0.01,-0.32171518950000005,0.011623116899999963,0,-0.1319791666666667,0.08125833333333476,0,0,178,-1
799,-576452511299,2.062650992357233,2.419645869051112,-0.14689954520295623,-0.09301476469034548,0.029987636073312424,-0.32330257622436726,0,1562337,0.011,-0.32291200950000004,0.032567466899999946,0,-0.3944791666666667,-0.05874166666666536,0,0,178,-1
800,-576452511299,2.0611840551345284,2.41870041501112,-0.14651459013084836,-0.09611705688779422,0.0899755213250891,-0.23112405169394357,0,1562347,0.01,-0.21819025949999998,0.09839256689999995,0,-0.3157291666666667,0.03750833333333459,0,0,178,-1
801,-576452511299,2.0597236978262963,2.417729679720817,-0.14556981086404797,-0.09811891406543168,0.12202140174701241,-0.010920389113772327,0,1562357,0.01,0.019976920499999974,0.12651783689999996,0,-0.3857291666666667,-0.02374166666666533,0,0,178,-1
802,-576452511298,2.05827387194152,2.4167483770505513,-0.14438530428383115,-0.09816063550577193,0.09657703734048692,0.03716617775337675,0,1562367,0.01,0.04391332049999998,0.09300687689999995,0,-0.3244791666666667,0.020008333333334738,0,0,178,-1
803,-576452511200,2.049653659161259,2.407751859812327,-0.14664357635371672,-0.10122999713400828,-0.09967243327487783,0.02366563544055278,0,1562377,0.01,0.021772150499999966,-0.12720800310000008,0,-0.3594791666666667,0.03750833333333459,0,1,179,2
804,-576452511199,2.043151141580323,2.4106556174439477,-0.14986389441619505,-0.09922931622974437,-0.17419885367924895,0.03617449298400357,0,1562388,0.011,0.03792922049999998,-0.18465536310000005,0,-0.24572916666666672,0.09875833333333461,0,1,180,1
805,-576452511199,2.041490746355356,2.409566143002105,-0.15197539087472897,-0.09885005920533958,-0.30091881779771384,0.024069097833760045,0,1562399,0.011,0.02237056049999997,-0.3186992031,0,-0.2544791666666667,-0.11999166666666539,0,0,180,-1
806,-576452511198,2.0399553088822713,2.4085785559588273,-0.15508124727716413,-0.09865321776027394,-0.36898909721068285,-0.006807964101756856,0,1562409,0.01,-0.011140399500000021,-0.37854020310000003,0,-0.2807291666666667,0.12500833333333472,0,0,180,-1
807,-576452511198,2.038387006579156,2.4075911028378494,-0.1586221494890797,-0.09881144014541537,-0.26296352773227727,-0.07095668674578116,0,1562419,0.01,-0.07995754950000002,-0.2480868231000001,0,-0.2719791666666667,-0.07624166666666532,0,0,180,-1
809,-576452511197,2.0351679897122867,2.4055997933798996,-0.16294158835593914,-0.1003694415594359,-0.07885101631682982,-0.12114952719475869,0,1562439,0.01,-0.12723193950000003,-0.06257972310000004,0,-0.3069791666666667,0.13375833333333476,0,0,180,-1
810,-576452511197,2.033534976367184,2.4045893664791413,-0.1636762059019445,-0.10168635294970577,-0.04044210985849775,-0.19627888693988071,0,1562449,0.01,-0.2068204695,-0.03505286310000006,0,-0.24572916666666672,-0.07624166666666532,0,0,180,-1
811,-576452511197,2.0318972059160822,2.403563388608606,-0.16392231212372707,-0.10353988252889236,0.07238811463045591,-0.11841033478608019,0,1562459,0.01,-0.10748440950000004,0.08821959689999996,0,-0.2807291666666667,-0.05874166666666536,0,0,180,-1
812,-576452511197,2.0302612837437115,2.4025225419642218,-0.16324816555959357,-0.10465016294409439,0.036942514908080724,-0.0657970824555182,0,1562469,0.01,-0.05841478950000001,0.03196905689999995,0,-0.1844791666666667,0.08125833333333476,0,0,180,-1
813,-576452511098,2.028631048504802,2.4014730632439067,-0.1628163816464757,-0.10525928835896355,0.08138531052856268,-0.030985190443320924,0,1562479,0.01,-0.026100649500000024,0.08762118689999995,0,-0.26322916666666674,0.03750833333333459,0,0,180,-1
814,-576452511097,2.018327022678475,2.3906625599954827,-0.165421354165864,-0.10961241799597536,0.0889521284214743,0.040993535697133016,0,1562490,0.011,0.05109424049999998,0.09001482689999994,0,-0.3944791666666667,0.1775083333333347,0,1,181,2
815,-576452511096,2.016512873008293,2.389460228073643,-0.1644268885822165,-0.10902813131576837,0.09933005488443392,0.12751840620484445,0,1562501,0.011,0.13965892049999998,0.10078620689999995,0,-0.2807291666666667,-0.049991666666665324,0,0,181,-1
816,-576452511096,2.0148736356380668,2.3883772037176807,-0.1634235772514882,-0.10761933328814247,0.10637958082853945,0.2216046426267556,0,1562511,0.01,0.2348061105,0.10736871689999995,0,-0.3944791666666667,0.12500833333333472,0,0,181,-1
817,-576452511096,2.013244679201919,2.3873120196565893,-0.16236593677254826,-0.10541430332385152,0.10199923398276659,0.21376494717083008,0,1562521,0.01,0.21266494049999995,0.10138461689999995,0,-0.3769791666666667,-0.10249166666666532,0,0,181,-1
818,-576452511095,2.011626988282644,2.386266762379977,-0.16121045522292882,-0.10355786346829252,0.1985440322546636,0.013384944363572487,0,1562531,0.01,-0.014730859500000039,0.21209046689999997,0,-0.24572916666666672,0.05500833333333466,0,0,181,-1
819,-576452511094,2.0100247243392735,2.385232145438713,-0.1592385361107052,-0.10337834903140168,0.18890774738582713,0.04592943424521755,0,1562541,0.01,0.050495830499999984,0.18755565689999995,0,-0.4207291666666667,-0.04124166666666529,0,0,181,-1
820,-576452511094,2.0084414908169923,2.3841998645724196,-0.15739530213502104,-0.103043029871146,0.1562353939938284,-0.042426845706968565,0,1562551,0.01,-0.054824329500000026,0.15165105689999994,0,-0.14947916666666672,0.07250833333333473,0,0,181,-1
821,-576452511093,2.006874464778974,2.383166696623127,-0.1559711281258928,-0.10356354917880871,0.05775524525951119,-0.11102434772860881,0,1562561,0.01,-0.12064942950000004,0.04393725689999995,0,-0.3857291666666667,0.13375833333333476,0,0,181,-1
822,-576452511093,2.0053174003753185,2.3821254199346984,-0.15543119551798953,-0.10468784504786494,0.03094376121100086,-0.12103942038203298,0,1562571,0.01,-0.12244465950000002,0.02718177689999995,0,-0.3857291666666667,-0.006241666666665369,0,0,181,-1
823,-576452511089,2.0037651953177202,2.381073218664754,-0.1550343459703978,-0.10578436491850697,0.09324183339704235,-0.039881722758923197,0,1562581,0.01,-0.02849428950000002,0.10198302689999995,0,-0.4557291666666667,0.020008333333334738,0,0,181,-1
824,-576452510999,1.9968917735787055,2.3740630647408896,-0.15590275422619138,-0.10862853440630699,0.15023588703733304,0.015759377901392847,0,1562593,0.012,0.023567380499999974,0.15823356689999996,0,-0.3244791666666667,-0.014991666666665293,0,1,183,2
825,-576452510998,1.9951861927670662,2.3728688416035477,-0.15421392244633764,-0.10849189749395513,0.17351756783804254,-0.007830453132000658,0,1562604,0.011,-0.011140399500000021,0.17678427689999995,0,-0.4382291666666667,0.07250833333333473,0,0,183,-1
826,-576452510998,1.993653192186891,2.371783344892788,-0.15240900511583527,-0.10859820901915443,0.22256271362218383,-0.027525990863909226,0,1562614,0.01,-0.03028951950000001,0.22944435689999998,0,-0.4119791666666667,-0.19874166666666537,0,0,183,-1
827,-576452510995,1.9921405512396304,2.3706962783584693,-0.15013359375505037,-0.10882819701530172,0.25798511404225466,0.004685822845294434,0,1562624,0.01,0.009205540499999991,0.26295531689999996,0,-0.2282291666666667,0.002508333333334667,0,0,183,-1
828,-576452510995,1.9906525503554398,2.369608672363329,-0.14748576155801937,-0.10871243919926953,0.3064250342848325,0.053780243364656255,0,1562634,0.01,0.06066880049999998,0.3132217569,0,-0.2807291666666667,-0.09374166666666528,0,0,183,-1
829,-576452510995,1.989192973237285,2.368524362005774,-0.14442787474063085,-0.10815511517475025,0.30188989349608597,0.06769284030301541,0,1562644,0.01,0.06964495049999998,0.30125355689999994,0,-0.2807291666666667,0.10750833333333465,0,0,183,-1
830,-576452510994,1.9877638594099505,2.3674458855459632,-0.14139797752455838,-0.10752659150930188,0.3097282921820993,0.03319511934170147,0,1562654,0.01,0.028354660499999983,0.3108281169,0,-0.3244791666666667,0.05500833333333466,0,0,183,-1
831,-576452510994,1.9863650965405208,2.3663709305299148,-0.1383427846452369,-0.10740529554073665,0.2797309295559774,-0.11693780500170886,0,1562664,0.01,-0.1380033195,0.2755219269,0,-0.3332291666666667,0.11625833333333468,0,0,183,-1
832,-576452510993,1.9849952496090975,2.3652903602279713,-0.135608824303811,-0.10867938121260093,0.234582432017931,-0.19156242780372126,0,1562674,0.01,-0.20203318950000004,0.22824753689999996,0,-0.4469791666666667,-0.014991666666665293,0,0,183,-1
833,-576452510987,1.971140875413687,2.3742408177515713,-0.13840518066229565,-0.10633996424764443,0.18861832821746294,-0.15981143841130754,0,1562684,0.01,-0.15535720950000004,0.18216996689999992,0,-0.3069791666666667,0.028758333333334773,0,1,184,1
834,-576452510973,1.9631460208792317,2.3655210013013495,-0.13893411548016882,-0.11131060130921847,0.10319645417556379,-0.07246673780232878,0,1562696,0.012,-0.0602100195,0.09121164689999996,0,-0.3069791666666667,0.011258333333334702,0,1,185,2
835,-576452510965,1.9616233645628218,2.364291772989499,-0.1378871872187978,-0.11216859714622197,0.04650594907415214,-0.11157201348731458,0,1562707,0.011,-0.11705896950000003,0.038551566899999945,0,-0.17572916666666671,0.0637583333333347,0,0,185,-1
836,-576452510954,1.9601093255832622,2.3630514136032525,-0.13738883183091083,-0.11336116216714033,0.03795600085719974,-0.08909539790929807,0,1562718,0.011,-0.08594164950000001,0.03675633689999996,0,-0.4207291666666667,-0.07624166666666532,0,0,185,-1
838,-576452510892,1.9573699158805158,2.360763614635922,-0.13650935114854998,-0.11557080943009249,0.08996252096314242,-0.18130412990566852,0,1562738,0.01,-0.19006498950000006,0.09659733689999994,0,-0.3944791666666667,0.09000833333333458,0,0,185,-1
839,-576452510892,1.9560091981663839,2.359598531458229,-0.13562880969178673,-0.1174321925521051,0.07636418270051085,-0.21575062787978375,0,1562748,0.01,-0.2205838995,0.07445616689999995,0,-0.3944791666666667,0.011258333333334702,0,0,185,-1
840,-576452510892,1.9546568405670084,2.3584130019404936,-0.13484763437441394,-0.11965529010450639,0.08885992851788427,-0.26249613420798323,0,1562758,0.01,-0.2690551095,0.09061323689999995,0,-0.23697916666666669,0.0637583333333347,0,0,185,-1
841,-576452510891,1.9531793254306344,2.357080770376653,-0.133806959993635,-0.12256353953968989,0.13028056675583877,-0.27611970347597375,0,1562769,0.011,-0.2780312595,0.13609239689999994,0,-0.24572916666666672,0.08125833333333476,0,0,185,-1
842,-576452510790,1.9518480617824765,2.355841797375073,-0.13245971218394112,-0.12525343101025965,0.16161612830910438,-0.2258431013954894,0,1562779,0.01,-0.21878866949999998,0.16601289689999998,0,-0.1582291666666667,0.028758333333334773,0,0,185,-1
843,-576452510790,1.9489224549111144,2.3558585671797605,-0.13145765953930771,-0.12692863789564182,0.1880371851742596,-0.19026907122073877,0,1562789,0.01,-0.18527770950000003,0.1917445269,0,-0.03572916666666671,-0.032491666666665364,0,1,186,1
844,-576452510789,1.9474873195593727,2.354450162899051,-0.12945878318998905,-0.12912065072875265,0.14248406552679402,-0.2551624782717105,0,1562800,0.011,-0.2642678295,0.13609239689999994,0,-0.3769791666666667,-0.2337416666666653,0,0,186,-1
845,-576452510789,1.946199754676191,2.3531459626159146,-0.12804933527032364,-0.1317081619860158,0.1316311024535965,-0.28046508887870053,0,1562810,0.01,-0.2840153595,0.13010829689999995,0,-0.1582291666666667,-0.09374166666666528,0,0,186,-1
846,-576452510789,1.944925546222413,2.3518157881471806,-0.12677913886409484,-0.1343682512176199,0.09880904003079646,-0.17757350676864336,0,1562820,0.01,-0.1631365395,0.09420369689999995,0,-0.2544791666666667,-0.032491666666665364,0,0,186,-1
847,-576452510789,1.9436627722472368,2.350463803367499,-0.1257790413842578,-0.13605404715291375,0.10736502579930716,-0.11348480112362282,0,1562830,0.01,-0.10449235950000005,0.10856553689999995,0,-0.1844791666666667,-0.13749166666666535,0,0,186,-1
848,-576452510788,1.9424100624646992,2.349097503903608,-0.12475030347584012,-0.13720212928228645,0.07535685142592667,-0.12291650435901479,0,1562840,0.01,-0.12423988950000002,0.07086570689999995,0,-0.3332291666666667,-0.09374166666666528,0,0,186,-1
849,-576452510788,1.9411667539474151,2.3477187087055023,-0.12393010092060536,-0.13852938188225994,0.12284649930357233,-0.19282286816000344,0,1562850,0.01,-0.2026315995,0.12950988689999995,0,-0.009479166666666705,-0.13749166666666535,0,0,186,-1
850,-576452510788,1.9399342842631602,2.3463237294649595,-0.12259403253914451,-0.14046452565650183,0.19953490133760532,-0.19775122044572907,0,1562860,0.01,-0.1984427295,0.21029523689999996,0,-0.3419791666666667,-0.13749166666666535,0,0,186,-1
851,-576452510788,1.9387184714694108,2.3449097098270255,-0.1205751346297567,-0.14236189269928873,0.21631808738724106,-0.14063214536636084,0,1562870,0.01,-0.13261762950000003,0.21867297689999995,0,-0.1932291666666667,-0.006241666666665369,0,0,186,-1
852,-576452510787,1.937523780891657,2.3434794147555977,-0.11837371239900572,-0.14371270018846088,0.24357252122979955,-0.10106760592351283,0,1562880,0.01,-0.09551620950000002,0.24739665689999996,0,-0.23697916666666669,-0.014991666666665293,0,0,186,-1
853,-576452510781,1.9390914851779213,2.34528630718766,-0.11479615088834752,-0.1433648146022215,0.23118304838317155,-0.1360820415658838,0,1562890,0.01,-0.14099536950000002,0.22944435689999998,0,-0.21947916666666673,0.07250833333333473,0,1,187,2
854,-576452510771,1.9323243589430161,2.34807287806011,-0.11443747558728207,-0.14305477105102354,0.2637682959276702,-0.14196469516953344,0,1562901,0.011,-0.14279059950000006,0.26834100689999996,0,-0.2719791666666667,-0.06749166666666528,0,1,188,1
855,-576452510760,1.931081627972575,2.3464902358481536,-0.11151771291561821,-0.14468139596479648,0.2756500054400368,-0.1841463756711893,0,1562912,0.011,-0.19006498950000006,0.2773171569,0,-0.0707291666666667,-0.06749166666666528,0,0,188,-1
856,-576452510750,1.9299796714789,2.3450335853213713,-0.10884633088379933,-0.14661817022397577,0.21571308191194288,-0.2512604333937069,0,1562922,0.01,-0.26067736950000003,0.20730318689999996,0,-0.3944791666666667,-0.18999166666666534,0,0,188,-1
857,-576452510740,1.9289019792452207,2.343554328795624,-0.10669145199438387,-0.1492102222550147,0.21411055178608118,-0.30779814600991817,0,1562932,0.01,-0.31573108950000006,0.21388569689999992,0,-0.3244791666666667,-0.17249166666666538,0,0,188,-1
858,-576452510728,1.9278453153108652,2.342046840166824,-0.10462132362554817,-0.15228765630753063,0.16353475020289612,-0.3074080805325483,0,1562942,0.01,-0.3073533495,0.15643833689999997,0,-0.3419791666666667,-0.1549916666666653,0,0,188,-1
859,-576452510719,1.9268062844734821,2.3405089991765577,-0.10314124077956886,-0.15529834415931756,0.05288086213186456,-0.26222924185653795,0,1562952,0.01,-0.2558900895000001,0.03735474689999995,0,-0.24572916666666672,-0.04124166666666529,0,0,188,-1
860,-576452510708,1.925792792779434,2.338927312774707,-0.10264433670737452,-0.15807338358588735,-0.035777936217475624,-0.23095600333644997,0,1562963,0.011,-0.2265679995,-0.04821788310000007,0,-0.1582291666666667,-0.006241666666665369,0,1,189,2
861,-576452510694,1.9246607877991606,2.3371759776743675,-0.10314449302216744,-0.16040656907470185,-0.10493745359232007,-0.09643840040374968,0,1562974,0.011,-0.07756390950000003,-0.11464139310000007,0,-0.1844791666666667,0.002508333333334667,0,0,189,-1
862,-576452510686,1.9236241390249087,2.335567249963132,-0.10418732151074907,-0.16134670192164677,-0.10032791818529116,-0.07936158838426313,0,1562984,0.01,-0.07696549950000002,-0.09968114310000005,0,-0.2807291666666667,0.05500833333333466,0,0,189,-1
863,-576452510677,1.9225775587822218,2.333948332716233,-0.10514260835902238,-0.16237039150207136,-0.06617498406444122,-0.2430899379385502,0,1562994,0.01,-0.26606305950000003,-0.061382903100000066,0,-0.2982291666666667,0.10750833333333465,0,0,189,-1
864,-576452510667,1.9214168163908774,2.3321467039793293,-0.10589535884290795,-0.1651680528546486,-0.08243886811007714,-0.32411043691563496,0,1563005,0.011,-0.3354786195,-0.08472089310000006,0,-0.12322916666666671,-0.05874166666666536,0,0,189,-1
865,-576452510656,1.9203548272895279,2.3304785049982373,-0.10655437637564785,-0.16845678976904757,0.034159558989064656,-0.3576947702851245,0,1563015,0.01,-0.3624070695,0.05051976689999994,0,-0.1932291666666667,-0.02374166666666533,0,0,189,-1
867,-576452510603,1.9123127305642091,2.3311800188949428,-0.10677548170623828,-0.174430196490739,0.2621344372704926,-0.34122362780997695,0,1563037,0.011,-0.3390690795,0.2815060269,0,-0.3332291666666667,-0.2337416666666653,0,0,190,-1
868,-576452510602,1.911154880708579,2.329240157173854,-0.10377508575164401,-0.17825281570939153,0.33789745434427154,-0.38603936481849155,0,1563048,0.011,-0.39232756950000003,0.3485279469,0,-0.23697916666666669,-0.24249166666666533,0,0,190,-1
869,-576452510602,1.9101342106656585,2.327437856617005,-0.10036796256576702,-0.18218439854168453,0.35771543763129393,-0.4361598874853349,0,1563058,0.01,-0.4431924195,0.3604961469,0,-0.3157291666666667,-0.05874166666666536,0,0,190,-1
870,-576452510601,1.9090516317534436,2.325408137650692,-0.09645823839948028,-0.1868809047824086,0.3412620075531544,-0.3699078267234829,0,1563069,0.011,-0.36061183950000003,0.3389533869,0,-0.1669791666666667,-0.07624166666666532,0,0,190,-1
871,-576452510593,1.9081033495613502,2.323520659609744,-0.09316164053287618,-0.19060638394183388,0.25947131693962183,-0.3885193250590434,0,1563079,0.01,-0.39113074950000004,0.24799506689999995,0,-0.0707291666666667,-0.30374166666666536,0,0,190,-1
872,-576452510582,1.9071841742241944,2.321595073138272,-0.09064963862044316,-0.19450659197594766,0.20060290628137378,-0.39920585638784706,0,1563089,0.01,-0.40070530950000005,0.19234293689999996,0,-0.3857291666666667,-0.08499166666666536,0,0,190,-1
873,-576452510573,1.9042944979782617,2.3172277399553014,-0.08967431000625496,-0.1996089511202645,0.07633377617215309,-0.44145368741523444,0,1563099,0.01,-0.4473812895,0.05889750689999995,0,-0.1144791666666667,0.011258333333334702,0,1,191,2
874,-576452510562,1.903311784604341,2.315005671567675,-0.08896850050444907,-0.20441600894728096,-0.011376264681207185,-0.40939273012489336,0,1563110,0.011,-0.40489417950000006,-0.023683073100000052,0,-0.0969791666666667,-0.27749166666666536,0,0,191,-1
875,-576452510552,1.90242106863111,2.312941210803675,-0.08915264607148432,-0.20848424564258208,-0.061002268257515056,-0.3912787289136395,0,1563120,0.01,-0.38873710950000007,-0.06796541310000005,0,-0.4032291666666667,-0.2074916666666653,0,0,191,-1
876,-576452510542,1.9015271202157356,2.3108366773927704,-0.08966507611596104,-0.21241675787647776,0.008459305174703231,-0.40531794330175236,0,1563130,0.01,-0.40728781950000004,0.01820562689999994,0,-0.3769791666666667,-0.11999166666666539,0,0,191,-1
877,-576452510532,1.900631445987797,2.3086923982842795,-0.0894941072706908,-0.2164458494628709,0.07000886849078038,-0.38815345101506765,0,1563140,0.01,-0.3857450595,0.07864503689999995,0,-0.28947916666666673,-0.05874166666666536,0,0,191,-1
878,-576452510521,1.899740196017039,2.306508720855293,-0.08876424689180866,-0.22029791212309616,0.0912265873417209,-0.36714942526180644,0,1563150,0.01,-0.3642022995,0.09420369689999995,0,-0.1669791666666667,-0.2074916666666653,0,0,191,-1
879,-576452510512,1.8933749627884153,2.308548680757938,-0.09008090923392653,-0.22225089230455208,0.10013420654983607,-0.40707149578039653,0,1563160,0.01,-0.41267350950000004,0.10138461689999995,0,-0.2282291666666667,-0.25124166666666536,0,1,192,1
880,-576452510502,1.892479319157413,2.306304642003605,-0.08905299806698122,-0.2265066880646556,0.11907318318496467,-0.5389802872550314,0,1563170,0.01,-0.5574887295000001,0.12173055689999995,0,-0.3682291666666667,-0.07624166666666532,0,0,192,-1
881,-576452510493,1.8915952627228483,2.304012462060338,-0.0877809460046077,-0.23192221013386827,0.1770299609407356,-0.5573104236367369,0,1563180,0.01,-0.5598823694999999,0.18516201689999998,0,-0.3507291666666667,0.14250833333333457,0,0,192,-1
882,-576452510481,1.8907271327550257,2.3016674097280396,-0.08588135498404217,-0.2371774402618285,0.269175300911985,-0.3307630242067584,0,1563190,0.01,-0.2989756095,0.2821044369,0,-0.24572916666666672,0.020008333333334738,0,0,192,-1
883,-576452510472,1.8898823088961334,2.2992805546018835,-0.08310668719375187,-0.2402574570556148,0.3282682692818403,-0.16854399470646905,0,1563200,0.01,-0.14578264950000006,0.33655974689999996,0,-0.3244791666666667,-0.2862416666666653,0,0,192,-1
884,-576452510460,1.8889889214731148,2.296628523843093,-0.0793604995657613,-0.24196564804795617,0.4168799738587849,-0.07301545100361395,0,1563211,0.011,-0.059611609500000017,0.4293132968999999,0,-0.2982291666666667,-0.049991666666665324,0,0,192,-1
885,-576452510451,1.8882158220581249,2.2942049056561475,-0.07524322044863559,-0.2427431390035164,0.3805534583387624,-0.10639175885041355,0,1563221,0.01,-0.11107486950000002,0.3754563969,0,-0.3507291666666667,-0.2074916666666653,0,0,192,-1
886,-576452510441,1.8842440734247348,2.287852278683496,-0.0729380248672159,-0.24559194464377151,0.31258519227740916,-0.14828301139180514,0,1563231,0.01,-0.15416038950000002,0.3030487868999999,0,-0.2107291666666667,-0.17249166666666538,0,1,193,2
887,-576452510427,1.8834601408783664,2.285141201111457,-0.06957723290991549,-0.24731102378085718,0.2617152603451625,-0.2059149171219431,0,1563242,0.011,-0.21400138950000003,0.25457757689999994,0,-0.06197916666666671,-0.06749166666666528,0,0,193,-1
888,-576452510380,1.8827766530645165,2.282658091241789,-0.06708208962316774,-0.24932515324880888,0.1756897103269106,-0.17417285514990555,0,1563252,0.01,-0.16971904950000005,0.16361925689999995,0,-0.1932291666666667,-0.10249166666666532,0,0,193,-1
889,-576452510379,1.8821141697806532,2.2801558342498986,-0.06539462534861326,-0.25111300568300804,0.12627097888669508,-0.20700148489262776,0,1563262,0.01,-0.21160774950000003,0.11933691689999995,0,-0.3857291666666667,0.1512583333333346,0,0,193,-1
890,-576452510379,1.8814660387331879,2.277633675905183,-0.06420967525866865,-0.2532888462911491,0.07086107483664528,-0.2824106647076597,0,1563272,0.01,-0.2929915095,0.06308637689999995,0,-0.4644791666666667,0.12500833333333472,0,0,193,-1
891,-576452510379,1.880828164111056,2.275087069231846,-0.06339502549312265,-0.25605012937442206,0.14643305867986886,-0.2376375094349485,0,1563282,0.01,-0.23135527949999996,0.15703674689999994,0,-0.3157291666666667,-0.049991666666665324,0,0,193,-1
892,-576452510378,1.8802008835302615,2.272514674267017,-0.06203251471553558,-0.2584283466152603,0.07386674259235969,-0.23895039530190856,0,1563292,0.01,-0.23913460950000004,0.06368478689999994,0,-0.24572916666666672,-0.05874166666666536,0,0,193,-1
893,-576452510371,1.8739803381039868,2.2742148137154192,-0.06356806698865315,-0.2590301745169206,0.09904765234023981,-0.24488408471095685,0,1563302,0.01,-0.24571711950000003,0.10258143689999996,0,-0.2807291666666667,-0.17249166666666538,0,1,194,1
894,-576452510360,1.87334994600744,2.2716117577875505,-0.06252391137780583,-0.26155956137374015,0.1373066887685621,-0.3022905580825946,0,1563312,0.01,-0.3103453995,0.14267490689999995,0,-0.23697916666666669,-0.10249166666666532,0,0,194,-1
897,-576452510278,1.871536390217615,2.2636278648191617,-0.05836250954837713,-0.2705875713226887,0.1330341524211528,-0.3329193985016259,0,1563342,0.01,-0.3402658995,0.13190352689999996,0,-0.2982291666666667,-0.13749166666666535,0,0,194,-1
898,-576452510277,1.8709029178738719,2.260630934873582,-0.05683096876997486,-0.2742971594223127,0.17769826676242836,-0.36402646202192984,0,1563353,0.011,-0.3683911695,0.18396519689999996,0,-0.1319791666666667,0.020008333333334738,0,0,194,-1
899,-576452510277,1.8654665053149078,2.2519545594134938,-0.05725988325712467,-0.28047680216069076,0.12704237090266904,-0.30698060906050983,0,1563363,0.01,-0.2989756095,0.11993532689999996,0,0.03427083333333329,-0.049991666666665324,0,1,195,2
900,-576452510277,1.8648450641020045,2.24885059752455,-0.05575566966367572,-0.2838741367866526,0.19690252881955075,-0.32042691563429104,0,1563374,0.011,-0.32231359950000005,0.20670477689999997,0,-0.0882291666666667,0.0637583333333347,0,0,195,-1
901,-576452510276,1.8642974575320614,2.2459953353181303,-0.05377072872246396,-0.2871544476425878,0.20812252240556314,-0.3740343942453195,0,1563384,0.01,-0.38155618950000003,0.20969682689999997,0,0.0692708333333333,0.011258333333334702,0,0,195,-1
902,-576452510276,1.8637697083548646,2.2431060499311615,-0.05175908382883942,-0.2907455356379379,0.15859972117168264,-0.2678035471344311,0,1563394,0.01,-0.25289803950000006,0.15165105689999994,0,0.008020833333333297,0.22125833333333467,0,0,195,-1
903,-576452510267,1.8632602947581007,2.2401860157805653,-0.050134505402780735,-0.29329696912510883,0.18609181463270674,-0.17758986929276066,0,1563404,0.01,-0.16493176950000002,0.18994929689999995,0,-0.3244791666666667,0.07250833333333473,0,0,195,-1
904,-576452510258,1.8627682281054752,2.2372442003258546,-0.04827767674203013,-0.2950676008411997,0.1831773171112319,-0.1738361964364135,0,1563414,0.01,-0.17330950950000004,0.18276837689999995,0,-0.07947916666666671,0.08125833333333476,0,0,195,-1
905,-576452510248,1.8622939798983884,2.2342857702099868,-0.04654433858658175,-0.2966595214875239,0.11302332374454949,-0.06946842453602925,0,1563424,0.01,-0.054824329500000026,0.10317984689999994,0,-0.6132291666666667,0.10750833333333465,0,0,195,-1
906,-576452510237,1.8527096944080326,2.237883650557555,-0.04886431786310698,-0.2944964567186488,0.250802901121939,-0.040357377818473525,0,1563435,0.011,-0.03627361950000002,0.27013623689999994,0,-0.1932291666666667,-0.006241666666665369,0,1,196,1
907,-576452510226,1.8521873143940417,2.2346421071194507,-0.046112515260820185,-0.2948887648270658,0.24624145452749133,-0.006863812789110781,0,1563446,0.011,-0.0021642495000000293,0.24560142689999998,0,-0.1407291666666667,-0.014991666666665293,0,0,196,-1
908,-576452510216,1.8517386681495065,2.231692964240203,-0.04362481407453475,-0.2949440976387676,0.2640473838059391,0.002505254026841165,0,1563456,0.01,0.003819850499999965,0.2665457768999999,0,-0.3069791666666667,0.16000833333333464,0,0,196,-1
909,-576452510206,1.85131549018285,2.228743516425364,-0.041004859063674515,-0.29493954788077514,0.24944548474806505,-0.012085224144241872,0,1563466,0.01,-0.014132449500000019,0.24739665689999996,0,-0.0182291666666667,-0.04124166666666529,0,0,196,-1
910,-576452510196,1.8509171188066276,2.225792787717872,-0.03863444206028616,-0.29517412551919125,0.16106051607674687,-0.09312190622511825,0,1563476,0.01,-0.10449235950000005,0.14865900689999995,0,0.06052083333333329,-0.07624166666666532,0,0,196,-1
911,-576452510186,1.8505393898762974,2.22283589521763,-0.0369360087743734,-0.2961826615462858,0.2236537925657889,-0.14822409749005122,0,1563486,0.01,-0.15595561950000003,0.23243640689999998,0,-0.3244791666666667,-0.049991666666665324,0,0,196,-1
912,-576452510175,1.8460762485166535,2.214866189576157,-0.03645686800147211,-0.2998036461916382,0.261792371576444,-0.08573422364809413,0,1563496,0.01,-0.07696549950000002,0.2671441868999999,0,-0.17572916666666671,0.011258333333334702,0,1,197,2
913,-576452510165,1.8456912842273103,2.211564155375453,-0.03354356258538336,-0.3006004393727392,0.2838033089308368,0.010118107583340821,0,1563507,0.011,0.023567380499999974,0.2868917169,0,-0.2019791666666667,-0.04124166666666529,0,0,197,-1
914,-576452510155,1.8453695119924818,2.2085585668479717,-0.030785790962794466,-0.3005130457147988,0.22721186899984122,3.9661647921906094e-4,0,1563517,0.01,-9.674295000000236e-4,0.21927138689999995,0,-0.23697916666666669,-0.014991666666665293,0,0,197,-1
915,-576452510144,1.845044376039322,2.2052522178456355,-0.028321157057513747,-0.3006147548401494,0.20450512516305705,-0.0690206277172184,0,1563528,0.011,-0.07876072950000004,0.20131908689999994,0,-0.0882291666666667,-0.05874166666666536,0,0,197,-1
916,-576452510133,1.8447711679120424,2.202242559187845,-0.026309844820834677,-0.3013140997628636,0.18072003109732487,-0.07546312683396529,0,1563538,0.01,-0.07636708950000003,0.17738268689999998,0,0.0692708333333333,-0.07624166666666532,0,0,197,-1
917,-576452510123,1.844492927200886,2.1989241977184415,-0.02428790580605945,-0.30204837650182237,0.20298264551253908,-0.012757813934504439,0,1563549,0.011,-0.003959479500000021,0.20610636689999998,0,-0.4032291666666667,0.18625833333333475,0,0,197,-1
918,-576452510111,1.8442595719063584,2.1959040534294822,-0.02235319814922099,-0.302027296786509,0.13592662909071554,0.09204169709968213,0,1563559,0.01,0.10674637049999998,0.12651783689999996,0,-0.3419791666666667,-0.10249166666666532,0,0,197,-1
919,-576452510102,1.8409635955568047,2.1948707940619445,-0.022169153495097176,-0.3000311254185922,0.11717966822789595,0.10493726266590259,0,1563570,0.011,0.10674637049999998,0.11454963689999995,0,-0.0532291666666667,-0.16374166666666534,0,1,198,1
920,-576452510091,1.8407265276024698,2.1915764712500323,-0.02092256283200783,-0.29892371704858783,0.08968394804187542,0.07451235327833375,0,1563581,0.011,0.07024336049999999,0.08582595689999994,0,-0.06197916666666671,-0.10249166666666532,0,0,198,-1
921,-576452510081,1.8405220148504793,2.188590831404005,-0.019991029229141314,-0.29819807007364696,0.11411386591181805,0.06079788130319212,0,1563591,0.01,0.058873570499999986,0.11754168689999996,0,-0.1407291666666667,0.028758333333334773,0,0,198,-1
922,-576452510071,1.8403279894461946,2.185611656806727,-0.018822068773630712,-0.2976263842552767,0.13391277410407376,0.03497059906898366,0,1563601,0.01,0.03134671049999998,0.13669080689999996,0,-0.1319791666666667,-0.19874166666666537,0,0,198,-1
923,-576452510061,1.840146854510484,2.1826369665752856,-0.017422078000303317,-0.2973039685320918,0.17728160159924772,0.015524526126805674,0,1563611,0.01,0.012796000499999974,0.18336678689999997,0,-0.1144791666666667,0.22125833333333467,0,0,198,-1
924,-576452509971,1.8399818239888661,2.179664945693044,-0.015598329841572157,-0.29711084544386523,0.21357987778997573,0.04251926347444002,0,1563621,0.01,0.04630696049999997,0.21867297689999995,0,-0.1932291666666667,0.2300083333333347,0,0,198,-1
925,-576452509970,1.8398366635415329,2.176695394249817,-0.013440064869215937,-0.29677450600784233,0.22959138369823254,-0.02080581434712421,0,1563631,0.01,-0.029691109500000024,0.23183799689999998,0,-0.026979166666666707,-0.06749166666666528,0,0,198,-1
926,-576452509970,1.8397136045739615,2.173726666192643,-0.011165685454230774,-0.2969736164218881,0.21424390836267265,-0.014428812136402645,0,1563641,0.01,-0.013534039500000017,0.21209046689999997,0,-0.3244791666666667,-0.006241666666665369,0,0,198,-1
927,-576452509970,1.8396126193741322,2.1707561684896226,-0.009029577761842633,-0.29712416682605136,0.20973155599718526,-0.01889191124646121,0,1563651,0.01,-0.019518139500000028,0.20909841689999997,0,-0.2107291666666667,0.05500833333333466,0,0,198,-1
928,-576452509970,1.8395328711930594,2.167784411053225,-0.006922732675518062,-0.29724611435103004,0.216523204269675,0.0288384217861238,0,1563661,0.01,0.03553558049999998,0.21747615689999994,0,0.008020833333333297,0.002508333333334667,0,0,198,-1
929,-576452509969,1.8394744162423446,2.164813397448904,-0.00476590030939058,-0.2969568527333054,0.21053679455639115,0.029463740513719035,0,1563671,0.01,0.029551480499999987,0.20969682689999997,0,-0.06197916666666671,0.10750833333333465,0,0,198,-1
930,-576452509969,1.8394373340385481,2.161845873290383,-0.002652729989900742,-0.2965730117199667,0.2160975095074687,0.09303872968054896,0,1563681,0.01,0.10195909049999997,0.21687774689999992,0,-0.2019791666666667,0.22125833333333467,0,0,198,-1
931,-576452509969,1.8394214527436061,2.1588849691176177,-5.165663013643277e-4,-0.29561544894697084,0.19841453755380328,0.11240656288099038,0,1563691,0.01,0.11512411049999999,0.19593339689999995,0,-0.21947916666666673,0.2562583333333346,0,0,198,-1
943,-576452509766,1.833915521067147,2.128538106547214,0.012390133927175214,-0.2766332266049132,0.0965516266899327,0.16801612113040676,0,1563813,0.01,0.16180009049999997,0.10377825689999995,0,-0.1407291666666667,0.002508333333334667,0,0,200,-1
944,-576452509766,1.8340444578379005,2.125779527211321,0.013388105588897786,-0.2750542299510055,0.11968191069007014,0.09591824784711489,0,1563823,0.01,0.08580202049999998,0.12292737689999995,0,-0.2719791666666667,0.1512583333333346,0,0,200,-1
945,-576452509765,1.8266863451422974,2.1281586554929444,0.011499528100098825,-0.27168616680625823,0.12147758416510106,0.10069164891307873,0,1563834,0.011,0.10136068049999998,0.12173055689999995,0,-0.2807291666666667,0.14250833333333457,0,1,202,1
946,-576452509765,1.8268070735199429,2.1254468845898833,0.012661776977952188,-0.2706702325024006,0.08444024563783226,0.10705090751263484,0,1563844,0.01,0.1079431905,0.07924344689999994,0,-0.2107291666666667,0.14250833333333457,0,0,202,-1
947,-576452509765,1.8269379478415413,2.122745404382912,0.013511573229721126,-0.2696200058392665,0.08827933497073326,0.09261485764605851,0,1563854,0.01,0.0905893005,0.08881800689999995,0,-0.2719791666666667,0.0637583333333347,0,0,202,-1
948,-576452509765,1.8270775194793818,2.120053347156637,0.014400921064032417,-0.26876999483967356,0.09294994262033095,0.038360816509709066,0,1563864,0.01,0.030748300499999975,0.09360528689999995,0,-0.23697916666666669,-0.24249166666666533,0,0,202,-1
949,-576452509764,1.8272270631298895,2.1173667130693774,0.015468922916645122,-0.26851945938572436,0.19165799134102862,-0.0564775749327888,0,1563874,0.01,-0.06978457950000005,0.20550795689999996,0,-0.1407291666666667,0.05500833333333466,0,0,202,-1
950,-576452509764,1.827391213352292,2.114678273851406,0.017366464743396513,-0.2691499431671491,0.1780896708361633,-0.10330726253008285,0,1563884,0.01,-0.10987804950000002,0.17618586689999993,0,-0.009479166666666705,-0.11999166666666539,0,0,202,-1
951,-576452509764,1.827574040942339,2.1119809867937467,0.019187725887715255,-0.2702801966477719,0.2068572045232484,-0.17256757691888525,0,1563894,0.01,-0.18228565950000003,0.21089364689999993,0,-0.2019791666666667,-0.02374166666666533,0,0,202,-1
952,-576452509764,1.827775774236151,2.1092702106747594,0.021180268623318923,-0.2719036994695943,0.152671477579736,-0.09974940385513308,0,1563904,0.01,-0.08953210950000003,0.14506854689999996,0,-0.0182291666666667,-0.02374166666666533,0,0,202,-1
953,-576452509664,1.827995457055576,2.1065466014613006,0.02274548949213597,-0.2728363421341089,0.18011458761578786,-0.053530136873790206,0,1563914,0.01,-0.047044999500000004,0.18396519689999996,0,-0.3419791666666667,0.028758333333334773,0,0,202,-1
956,-576452509663,1.8255953052968839,2.093812264067732,0.029771814597128677,-0.2759018674178825,0.23252432518150234,-0.07371049821685555,0,1563946,0.01,-0.07995754950000002,0.22525548689999997,0,-0.1582291666666667,0.04625833333333462,0,0,203,-1
957,-576452509663,1.8259041976810155,2.0910494200943694,0.03202689410649331,-0.2766606817381936,0.18259338775069137,-0.0891596338364728,0,1563956,0.01,-0.09132733950000002,0.17558745689999994,0,-0.1319791666666667,0.011258333333334702,0,0,203,-1
958,-576452509663,1.8262334796562099,2.088278460931103,0.03383463177398871,-0.27753579783871224,0.16962741409045878,-0.07741640096655941,0,1563966,0.01,-0.07576867950000005,0.16780812689999997,0,-0.1932291666666667,0.11625833333333468,0,0,203,-1
959,-576452509662,1.8265800572248327,2.085499094216516,0.03549185006596363,-0.27833149734153007,0.14179312365427538,-0.09276429876108579,0,1563976,0.01,-0.0949177995,0.13788762689999995,0,-0.4119791666666667,0.03750833333333459,0,0,203,-1
960,-576452509662,1.8269419167368786,2.082710817590468,0.036886567436332035,-0.2793096515927077,0.12524875707415417,-0.12876333716861232,0,1563986,0.01,-0.1338144495,0.12292737689999995,0,-0.2282291666666667,-0.10249166666666532,0,0,203,-1
961,-576452509662,1.8273173754555438,2.079910738625159,0.038190686874500376,-0.2806822873126662,0.16204653192264806,-0.1893440875778876,0,1563996,0.01,-0.1978443195,0.16720971689999994,0,-0.0444791666666667,-0.08499166666666536,0,0,203,-1
962,-576452509662,1.827707170731796,2.077093919524954,0.0397777436612323,-0.28265834761253905,0.13823643000906888,-0.2482265574379445,0,1564006,0.01,-0.2564884995,0.13489557689999995,0,-0.21947916666666673,-0.032491666666665364,0,0,203,-1
963,-576452509614,1.821473657569438,2.078997935446894,0.03837803731082722,-0.2831608778739287,0.19618015509158954,-0.29168105047444537,0,1564016,0.01,-0.29777878950000003,0.20431113689999994,0,-0.2544791666666667,-0.1287416666666653,0,1,204,1
964,-576452509613,1.8219073834261523,2.0758663568612055,0.040490841736925756,-0.2862461853155891,0.1665762347197816,-0.21096501243267377,0,1564027,0.011,-0.1996395495,0.16242243689999997,0,0.0780208333333333,-0.08499166666666536,0,0,204,-1
965,-576452509612,1.8223199324326376,2.072993326257234,0.04205170554310273,-0.28835886791272286,0.09261340132109222,-0.21310299410906744,0,1564037,0.01,-0.21340297949999998,0.08223549689999994,0,-0.3069791666666667,0.03750833333333459,0,0,204,-1
966,-576452509612,1.822788808369236,2.06980905134769,0.043172818680563205,-0.2906208094095009,0.15960516953154325,-0.1593140119565097,0,1564048,0.011,-0.15176674950000005,0.16900494689999998,0,-0.1844791666666667,0.19500833333333478,0,0,204,-1
967,-576452509612,1.823227605119488,2.066894846279417,0.04463019578451936,-0.2922187045754969,0.0618433278552131,-0.1626661876093384,0,1564058,0.01,-0.1631365395,0.04812612689999995,0,-0.1319791666666667,0.13375833333333476,0,0,204,-1
968,-576452509604,1.8218477097678776,2.061717376747543,0.044422369412365166,-0.29479068775113587,0.04404127979140243,-0.13736476965773667,0,1564068,0.01,-0.1338144495,0.04154361689999995,0,-0.1144791666666667,0.09000833333333458,0,1,205,2
969,-576452509592,1.8222937860548434,2.0587622727662933,0.04480742278982312,-0.29621666992697376,0.004591764066873845,-0.17465915403581983,0,1564078,0.01,-0.17989201950000003,-9.434931000000467e-4,0,-0.03572916666666671,0.002508333333334667,0,0,205,-1
970,-576452509584,1.8227418670706377,2.055791553518811,0.04481854828681123,-0.29793509238932037,-0.02020392926956858,-0.1545835992499908,0,1564088,0.01,-0.15176674950000005,-0.023683073100000052,0,-0.14947916666666672,0.11625833333333468,0,0,205,-1
971,-576452509574,1.815347984540777,2.0584758436817596,0.041283815302621395,-0.2969993163205738,0.026598022397172814,-0.13059690313633643,0,1564098,0.01,-0.12723193950000003,0.033165876899999946,0,-0.1669791666666667,0.011258333333334702,0,1,206,1
972,-576452509562,1.8158026063294908,2.0552000240292645,0.04141379285329076,-0.29857073650453647,-0.07994460834808842,-0.2189572281365203,0,1564109,0.011,-0.23135527949999996,-0.09489386310000006,0,-0.0969791666666667,-0.032491666666665364,0,0,206,-1
973,-576452509548,1.816375142449843,2.050997355117604,0.040363763191789,-0.3017822291940697,-0.04372533686763962,-0.29542688640546266,0,1564123,0.014,-0.30615652949999994,-0.03864332310000006,0,-0.17572916666666671,0.10750833333333465,0,0,206,-1
974,-576452509538,1.8168167155940755,2.0476601798725578,0.039911539514956684,-0.30499185113629584,-0.025624443342439948,-0.27020097786801567,0,1564134,0.011,-0.2666614695,-0.02308466310000005,0,-0.14947916666666672,0.19500833333333478,0,0,206,-1
975,-576452509528,1.8172151896818287,2.0445978723515448,0.03975051244988923,-0.30752705281554926,0.04115042348965378,-0.153220336781844,0,1564144,0.01,-0.13680649949999998,0.05051976689999994,0,-0.17572916666666671,-0.04124166666666529,0,0,206,-1
976,-576452509518,1.8176144598339161,2.041515577021544,0.040116757785605486,-0.3089608120297752,0.008959046963953624,-0.08319979186860249,0,1564154,0.01,-0.07337503950000003,0.004442196899999945,0,-0.1319791666666667,0.24750833333333477,0,0,206,-1
977,-576452509508,1.8166939369513704,2.0367802820699845,0.03970432062937007,-0.3105905604103906,0.06377290678600497,-0.1433299137093548,0,1564164,0.01,-0.15176674950000005,0.07146411689999994,0,-0.12322916666666671,0.0637583333333347,0,1,207,2
978,-576452509497,1.8170940073916786,2.0336667998825106,0.04031617090948725,-0.31208872872951926,0.04532842661722466,-0.18956213454013163,0,1564174,0.01,-0.19604908950000005,0.04274043689999995,0,-0.24572916666666672,-0.04124166666666529,0,0,207,-1
979,-576452509488,1.8175001687721237,2.0305365851835138,0.04088408324752289,-0.3139606703275722,0.12702323967290205,-0.17268546579617813,0,1564184,0.01,-0.17031745950000005,0.13848603689999994,0,-0.0532291666666667,0.11625833333333468,0,0,207,-1
980,-576452509478,1.8179154840362983,2.0273886456935197,0.04217357459414463,-0.31564043156130145,0.14074901069951107,-0.13912220234374528,0,1564194,0.01,-0.1344128595,0.14267490689999995,0,-0.0532291666666667,0.08125833333333476,0,0,207,-1
981,-576452509468,1.818344328976886,2.0242257278358404,0.043592270394735545,-0.3169625346846372,0.1487352572849811,-0.08986148951265258,0,1564204,0.01,-0.08294959950000001,0.14985582689999993,0,-0.1582291666666667,-0.02374166666666533,0,0,207,-1
982,-576452509457,1.8187876312653284,2.0210516733020034,0.04507069321155193,-0.3178511720267885,0.14237106249601428,-0.08275053479198557,0,1564214,0.01,-0.08175277950000004,0.14147808689999997,0,-0.0444791666666667,0.12500833333333472,0,0,207,-1
983,-576452509357,1.8192452328342195,2.0178693053744174,0.04645943398144254,-0.31863474265912817,0.11744821240312393,-0.05143847105529875,0,1564224,0.01,-0.047044999500000004,0.11395122689999994,0,-0.1407291666666667,0.011258333333334702,0,0,207,-1
984,-576452509356,1.819715073253062,2.014680995845175,0.047536099545009584,-0.319053889345158,0.04773481294530968,0.016437218048587957,0,1564234,0.01,0.025961020499999987,0.03795315689999995,0,-0.2107291666666667,0.12500833333333472,0,0,207,-1
985,-576452509356,1.8201931116749168,2.0114915518709644,0.04805884516298113,-0.3188468726164011,0.08008938804813798,0.04682978567285709,0,1564244,0.01,0.05109424049999998,0.08462913689999996,0,-0.2544791666666667,-0.05874166666666536,0,0,207,-1
986,-576452509355,1.8206778959523782,2.008305387511228,0.048889623896866546,-0.3183843723757984,0.10138818155959908,0.04269785211258761,0,1564254,0.01,0.042118090499999976,0.10437666689999994,0,-0.2107291666666667,0.12500833333333472,0,0,207,-1
987,-576452509355,1.8212225779617413,2.0048054521852268,0.050116214237831004,-0.3179571187495241,0.1743290910932883,0.014901012446019626,0,1564265,0.011,0.011000770499999982,0.18456360689999995,0,-0.0707291666666667,0.19500833333333478,0,0,207,-1
988,-576452509354,1.8217328090571048,2.0016269364025248,0.05191316936147178,-0.3177608604366799,0.2121670247229803,0.048215091344920205,0,1564275,0.01,0.05288947049999998,0.21747615689999994,0,-0.1407291666666667,0.028758333333334773,0,0,207,-1
989,-576452509354,1.8222628380000532,1.998452648887035,0.05407972090611304,-0.31713728600666385,0.24411129843127083,0.14887331164062423,0,1564285,0.01,0.16299691049999998,0.24859347689999997,0,-0.1407291666666667,-0.1549916666666653,0,0,207,-1
990,-576452509354,1.8228158808461548,1.9952896759406655,0.056527086441343376,-0.3154993471524358,0.24856673394433065,0.25519416400965,0,1564295,0.01,0.27011230049999996,0.2491918869,0,-0.14947916666666672,-0.06749166666666528,0,0,207,-1
991,-576452509353,1.8233934482221628,1.9921475974591507,0.05899216909908707,-0.31292315803178317,0.23389642368899247,0.2724748811885994,0,1564305,0.01,0.2748995805,0.23183799689999998,0,-0.3419791666666667,-0.10249166666666532,0,0,207,-1
992,-576452509255,1.82399541627886,1.9890315655256912,0.06138603418935878,-0.310264640655176,0.273023905142314,0.22527216764461627,0,1564315,0.01,0.2186490405,0.27851397689999996,0,-0.2107291666666667,0.020008333333334738,0,0,207,-1
993,-576452509252,1.8231293559008548,1.984141565257462,0.06348559945992964,-0.30888965061140566,0.28990817132155666,0.15439146097649348,0,1564325,0.01,0.14444620049999998,0.2922774068999999,0,-0.2544791666666667,0.011258333333334702,0,1,209,2
994,-576452509251,1.8237791720950738,1.981060199381832,0.06645754680771841,-0.307374909842812,0.34183971599772955,0.13360006207311914,0,1564335,0.01,0.1306827705,0.34912635689999993,0,-0.0882291666666667,0.020008333333334738,0,0,209,-1
995,-576452509251,1.8245304443366221,1.9776862115698146,0.07015305275208648,-0.30604376424984736,0.299425472242532,0.04287916013510208,0,1564346,0.011,0.03014989049999999,0.29347422689999997,0,-0.14947916666666672,0.27375833333333466,0,0,209,-1
996,-576452509250,1.8252467508664252,1.9746279752384845,0.07311757741827445,-0.30560624367221423,0.2784631948483559,0.04903384214922868,0,1564356,0.01,0.049897420499999984,0.2755219269,0,-0.06197916666666671,-0.014991666666665293,0,0,209,-1
997,-576452509250,1.825991959362355,1.9715741625212628,0.07591922995884097,-0.30514728266308705,0.29057760469254257,0.02670096116067436,0,1564366,0.01,0.023567380499999974,0.2922774068999999,0,-0.1669791666666667,-0.04124166666666529,0,0,209,-1
998,-576452509250,1.8267660998542719,1.9685241227419719,0.07889043243295589,-0.3048649818230158,0.3371990928921887,0.037597167393820546,0,1564376,0.01,0.03912604049999998,0.3437406669,0,-0.0532291666666667,0.002508333333334667,0,0,209,-1
999,-576452509249,1.827572165606737,1.965477690203748,0.08230949890754682,-0.30443632124377085,0.37074893696231176,0.07514754588186479,0,1564386,0.01,0.0804163305,0.3754563969,0,-0.1144791666666667,-0.13749166666666535,0,0,209,-1
1000,-576452509249,1.8284135899576943,1.9624376162323425,0.08598449156341158,-0.3036017844032582,0.34758874023691205,0.1343448528765065,0,1564396,0.01,0.14265097049999997,0.34433907689999993,0,-0.06197916666666671,0.09875833333333461,0,0,209,-1
1001,-576452509249,1.8292908924324607,1.9594082773481394,0.08947257955327027,-0.3022643146270043,0.3562840385223933,0.13008382556913378,0,1564406,0.01,0.1294859505,0.3575040969,0,-0.2107291666666667,-0.10249166666666532,0,0,209,-1
1002,-576452509248,1.8302033996094138,1.9563920016681704,0.09303029423891332,-0.3009848292159398,0.35263097683889527,0.11486575488270889,0,1564416,0.01,0.11273047049999999,0.35211840689999996,0,-0.12322916666666671,-0.014991666666665293,0,0,209,-1
1014,-576452509050,1.8296744526167719,1.9294225285788835,0.13064650069504843,-0.2635751769412984,0.27663093858720794,0.3879095462744328,0,1564538,0.01,0.39158953049999995,0.2749235169,0,-0.0532291666666667,-0.032491666666665364,0,0,211,-1
1015,-576452509049,1.831128339490292,1.9265465832334223,0.13369516494694558,-0.25932086675114313,0.28038138295994663,0.37959161903191757,0,1564549,0.011,0.3784245105,0.2809076169,0,-0.3244791666666667,0.04625833333333462,0,0,211,-1
1016,-576452509049,1.828854924120945,1.9264773672383524,0.13514581551436528,-0.2539978060893105,0.28923886458264386,0.3544286524871783,0,1564560,0.011,0.3508976505,0.29048217689999994,0,-0.0969791666666667,0.020008333333334738,0,1,212,1
1017,-576452509048,1.829759054330624,1.9229675636246306,0.13802040098641694,-0.25052149462619233,0.26146636625416003,0.28678444801930414,0,1564571,0.011,0.2772932205,0.25756962689999996,0,-0.2282291666666667,-0.13749166666666535,0,1,213,2
1018,-576452509048,1.831293064575092,1.9202285515236812,0.14089125867760685,-0.24745665397139452,0.25804911035749584,0.2286072536488022,0,1564582,0.011,0.22044427049999998,0.25756962689999996,0,-0.14947916666666672,-0.13749166666666535,0,0,213,-1
1019,-576452509048,1.8327147233400742,1.917765156487857,0.14344804574771367,-0.24520981916646664,0.24136053180546632,0.20098239181892447,0,1564592,0.01,0.19710628049999998,0.23901891689999996,0,-0.1844791666666667,-0.07624166666666532,0,0,213,-1
1020,-576452509047,1.834160716335302,1.9153230292001286,0.14577543447389457,-0.24321214630611396,0.1800072189337154,0.19233545338905408,0,1564602,0.01,0.1911221805,0.17139858689999996,0,-0.1582291666666667,-0.05874166666666536,0,0,213,-1
1021,-576452509047,1.8356273276060924,1.91290006175825,0.14755312856363775,-0.2413609855664704,0.16406142052346415,0.14089285602044013,0,1564612,0.01,0.13367482049999999,0.16182402689999997,0,-0.1932291666666667,0.16000833333333464,0,0,213,-1
1022,-576452509042,1.8371107236647644,1.910493317057485,0.14914091822443667,-0.23998008376872082,0.12641448032567082,0.12091877256209153,0,1564622,0.01,0.11811616049999998,0.12113214689999995,0,0.1392708333333333,0.14250833333333457,0,0,213,-1
1023,-576452509039,1.8296503716171992,1.9148225410074944,0.14646756860114557,-0.23582699517963027,0.12230595660376116,0.16254291561430784,0,1564632,0.01,0.16838260049999998,0.12173055689999995,0,-0.1582291666666667,0.020008333333334738,0,1,214,1
1024,-576452509030,1.8311213127072807,1.9124724873573844,0.14771421855916678,-0.2341877531877898,0.1391190070424197,0.17238703784955622,0,1564642,0.01,0.1737682905,0.14147808689999997,0,-0.0969791666666667,0.04625833333333462,0,0,214,-1
1025,-576452509020,1.8326050053890246,1.9101389616686537,0.14904204204963403,-0.23250562664090493,0.09395785728192847,0.14263647419421013,0,1564652,0.01,0.1384621005,0.08762118689999995,0,-0.1932291666666667,0.002508333333334667,0,0,214,-1
1026,-576452509010,1.834100149179983,1.9078207450477103,0.1499856047454582,-0.231124896366003,0.09679733315770864,0.11011299823972959,0,1564662,0.01,0.10554955049999998,0.09719574689999995,0,-0.17572916666666671,0.23875833333333474,0,0,214,-1
1027,-576452509000,1.8356042117480347,1.9055150364916753,0.15085466408628417,-0.23001833667431,0.026301796510108305,0.11398272917345466,0,1564672,0.01,0.11452570049999998,0.01641039689999995,0,-0.14947916666666672,0.13375833333333476,0,0,214,-1
1028,-576452508990,1.837113976686626,1.9032205282504653,0.15110256563558272,-0.2288822592367394,0.015528398488379795,0.1113102259103132,0,1564682,0.01,0.11093524049999999,0.014016756899999957,0,0.025520833333333298,0.08125833333333476,0,0,214,-1
1029,-576452508979,1.8387775733826037,1.900709038790921,0.15135064397812026,-0.22773363323463977,0.06615570659233583,0.06165232143495062,0,1564693,0.011,0.05468470049999998,0.07325934689999995,0,-0.1669791666666667,0.11625833333333468,0,0,214,-1
1030,-576452508966,1.84112206510693,1.8990415752423782,0.15238574942200395,-0.2267614549035961,0.0713357969744183,0.01880773555989885,0,1564704,0.011,0.012796000499999974,0.07206252689999995,0,-0.4032291666666667,-0.032491666666665364,0,1,215,2
1031,-576452508957,1.8428035051197946,1.8965471998006485,0.15329533057397346,-0.2267165707152111,0.1522640215592946,-0.08617194594430508,0,1564715,0.011,-0.10090189950000003,0.16361925689999995,0,-0.14947916666666672,-0.21624166666666533,0,0,215,-1
1032,-576452508946,1.8443451401652113,1.89427506684621,0.15497969803688275,-0.22767788322882054,0.26612791766110117,-0.15629013626728988,0,1564725,0.01,-0.1661285895,0.2821044369,0,-0.1144791666666667,0.028758333333334773,0,0,215,-1
1033,-576452508937,1.8459083466541693,1.8919903478653726,0.15765697840581053,-0.2292602832450719,0.27751468234816373,-0.17016576622909427,0,1564735,0.01,-0.1721126895,0.27911238689999995,0,-0.26322916666666674,0.03750833333333459,0,0,215,-1
1034,-576452508927,1.8474987434068741,1.889689273314017,0.16042451748852468,-0.23095623587990538,0.27209368954000734,-0.1661005761701479,0,1564745,0.01,-0.1655301795,0.2713330569,0,-0.2544791666666667,0.1512583333333346,0,0,215,-1
1035,-576452508917,1.8491166627229119,1.8873715471760644,0.163156299936093,-0.2325951857771213,0.2798230864811187,-0.15038182550416102,0,1564755,0.01,-0.14817628950000003,0.2809076169,0,-0.1669791666666667,0.09875833333333461,0,0,215,-1
1036,-576452508907,1.844681191849047,1.889684956401913,0.163236283511094,-0.23202634846484127,0.25663375870965166,-0.0938704194751561,0,1564765,0.01,-0.08594164950000001,0.25338075689999995,0,-0.0969791666666667,0.028758333333334773,0,1,216,1
1037,-576452508897,1.8463255134571352,1.8873603034914108,0.1656646114384786,-0.23291627466402282,0.158271573510186,-0.05910407022771857,0,1564775,0.01,-0.054225919500000004,0.14447013689999996,0,-0.12322916666666671,0.16875833333333468,0,0,216,-1
1038,-576452508885,1.847990002078409,1.8850280118480693,0.16723623547009217,-0.23353444766037507,0.1503665849978312,-0.07844113857245977,0,1564785,0.01,-0.08115436950000002,0.14925741689999997,0,-0.28947916666666673,-0.04124166666666529,0,0,216,-1
1039,-576452508877,1.849837816073442,1.8824560126867727,0.16876144040906485,-0.23415986066801708,0.06595431683902958,0.07713743391216232,0,1564796,0.011,0.09896704049999998,0.05411022689999995,0,-0.3157291666666667,-0.006241666666665369,0,0,216,-1
1040,-576452508865,1.8515284310089668,1.8801195345974886,0.16937573728754624,-0.23319610710309857,0.03405174419178154,0.2127815112432531,0,1564806,0.01,0.2318140605,0.029575416899999946,0,-0.17572916666666671,0.21250833333333463,0,0,216,-1
1041,-576452508855,1.8533937319125813,1.877568076962658,0.1697659588327176,-0.2307353850199372,0.04429520244498046,0.29139586937018724,0,1564817,0.011,0.3024264405,0.04573248689999996,0,-0.14947916666666672,0.13375833333333476,0,0,216,-1
1042,-576452508743,1.8550934124681622,1.8752755935589398,0.17017943424649176,-0.2277756959059651,0.023514989012600022,0.3236345790118257,0,1564827,0.01,0.3281580705,0.020599266899999955,0,-0.17572916666666671,0.3087583333333346,0,0,216,-1
1043,-576452508742,1.8567965303154328,1.8730138026316805,0.17043753510662174,-0.22457285454388617,0.03985001921971927,0.29978827343307723,0,1564837,0.01,0.2964423405,0.04214202689999995,0,-0.12322916666666671,-0.13749166666666535,0,0,216,-1
1044,-576452508741,1.8585028832059745,1.8707821308779327,0.1708337008728662,-0.221720487931561,0.03818656078479973,0.19609681969539838,0,1564847,0.01,0.18154762049999998,0.03795315689999995,0,-0.026979166666666707,-0.032491666666665364,0,0,216,-1
1045,-576452508741,1.860213014529506,1.868574573748967,0.17119760705315282,-0.2197840495883919,0.025387223006045886,0.1786148658200223,0,1564857,0.01,0.17616193049999998,0.023591316899999944,0,-0.3419791666666667,0.10750833333333465,0,0,216,-1
1046,-576452508740,1.8620975322043987,1.8661674422984151,0.1714488340329195,-0.21786501683564996,0.007019426891635375,0.14865056427548823,0,1564868,0.011,0.14444620049999998,0.004442196899999945,0,-0.009479166666666705,-0.10249166666666532,0,0,216,-1
1047,-576452508740,1.8638125117926896,1.86399609742173,0.17154038388874188,-0.21639788157048184,0.022076966957716486,0.13499276887555456,0,1564878,0.01,0.1330764105,0.024189726899999948,0,-0.0182291666666667,-0.16374166666666534,0,0,216,-1
1048,-576452508740,1.865529254551789,1.8618389052517235,0.17179767275161945,-0.21504220468205792,0.04806951016353894,0.13908476290042707,0,1564888,0.01,0.13965892049999998,0.05171658689999995,0,-0.17572916666666671,-0.032491666666665364,0,0,216,-1
1049,-576452508739,1.867422223082497,1.8594824811032453,0.1723681662107685,-0.21342098842737967,0.07540757654549313,0.19888809940684868,0,1564899,0.011,0.20727925049999998,0.07924344689999994,0,-0.14947916666666672,-0.10249166666666532,0,0,216,-1
1050,-576452508739,1.8691492712909519,1.8573585824543641,0.17306077131363737,-0.21137626915827767,0.03206627935673292,0.2382581528749833,0,1564909,0.01,0.2437822605,0.025984956899999946,0,-0.12322916666666671,0.08125833333333476,0,0,216,-1
1051,-576452508739,1.870882117524733,1.8552560360911392,0.1734801134761218,-0.2091019012343645,0.10230116926555091,0.16123728513185,0,1564919,0.01,0.15043030049999997,0.11215599689999996,0,-0.2807291666666667,0.10750833333333465,0,0,216,-1
1052,-576452508640,1.8726220925667765,1.8531726255561725,0.1745123074652918,-0.20756027122609497,0.10884427752175699,0.11082744706032252,0,1564929,0.01,0.10375432049999998,0.10976235689999995,0,-0.17572916666666671,0.028758333333334773,0,0,216,-1
1053,-576452508639,1.872521047982359,1.84886924966279,0.17474099153844996,-0.20741056758839616,0.0849846694731357,0.11144656099464585,0,1564939,0.01,0.11153365049999998,0.08163708689999996,0,-0.2807291666666667,-0.24249166666666533,0,1,217,2
1054,-576452508639,1.8632684945614968,1.8553571922667258,0.17075053835368673,-0.20260893850338763,0.12245568350835463,0.12831654773178439,0,1564949,0.01,0.1306827705,0.12771465689999995,0,-0.1582291666666667,-0.049991666666665324,0,1,218,1
1055,-576452508638,1.8649819880882894,1.8533377940114544,0.17195358712528108,-0.2012823645493874,0.10712601924763897,0.15925436094298842,0,1564959,0.01,0.1635953205,0.10497507689999995,0,-0.0532291666666667,0.09875833333333461,0,0,218,-1
1056,-576452508638,1.8667066846626963,1.8513332827449853,0.17299422041352694,-0.19963514573273436,0.08529820975492962,0.1982212516229538,0,1564969,0.01,0.20368879049999997,0.08223549689999994,0,-0.0707291666666667,-0.09374166666666528,0,0,218,-1
1057,-576452508638,1.8684412070558165,1.849346810027577,0.17389644949087116,-0.19765798678201044,0.12039631647702259,0.19461958857216308,0,1564979,0.01,0.19411423049999998,0.12532101689999994,0,-0.12322916666666671,-0.2949916666666653,0,0,218,-1
1058,-576452508637,1.8701860792952838,1.8473798487170465,0.17508290988456607,-0.19572934826218807,0.10792217405706335,0.1821065370828851,0,1564989,0.01,0.1803508005,0.10617189689999995,0,-0.1319791666666667,0.05500833333333466,0,0,218,-1
1059,-576452508637,1.8719424981631685,1.845431632584007,0.17619237637211377,-0.19391265226154955,0.12947746217911066,0.17899250753365997,0,1564999,0.01,0.17855557049999998,0.13250193689999995,0,-0.14947916666666672,0.03750833333333459,0,0,218,-1
1060,-576452508637,1.8737110422141041,1.8435012117895977,0.17751001704898686,-0.1921608175361248,0.14577399138808544,0.15184569549416493,0,1565009,0.01,0.1480366605,0.14806059689999995,0,-0.1144791666666667,-0.10249166666666532,0,0,218,-1
1061,-576452508637,1.8754927984580179,1.8415872601840337,0.1788689573537734,-0.19063232094473742,0.07535997781055573,0.15900089685472812,0,1565019,0.01,0.16000486049999998,0.06548001689999995,0,-0.23697916666666669,-0.02374166666666533,0,0,218,-1
1062,-576452508636,1.877285489364102,1.839688607326889,0.17965899772698277,-0.1890859926125739,0.1013310173895399,0.12786991413843357,0,1565029,0.01,0.12350185049999998,0.10497507689999995,0,-0.2719791666666667,0.011258333333334702,0,0,218,-1
1063,-576452508603,1.879268247712182,1.8376169003697946,0.18082897276207868,-0.18760598057655636,0.13758765079071003,0.1759922753606596,0,1565040,0.011,0.1827444405,0.14267490689999995,0,0.008020833333333297,-0.014991666666665293,0,0,218,-1
1064,-576452508602,1.8723228879346734,1.8424654077385019,0.17833750217612007,-0.1826062581934335,0.12892831907971558,0.24961061743881502,0,1565051,0.011,0.2599393305,0.12771465689999995,0,-0.1669791666666667,-0.11999166666666539,0,1,220,1
1065,-576452508601,1.8742918661708765,1.8404721155974462,0.1796787608258052,-0.17982065161802344,0.0790597120247187,0.2754612812107099,0,1565062,0.011,0.2790884505,0.07206252689999995,0,-0.14947916666666672,0.05500833333333466,0,0,220,-1
1066,-576452508600,1.8760919290535492,1.8386872878804617,0.18036672585913865,-0.17712562296582832,0.006801580473161456,0.23351129477306326,0,1565072,0.01,0.2276251905,-0.003337133100000041,0,-0.009479166666666705,-0.02374166666666533,0,0,220,-1
1067,-576452508574,1.8778955755054705,1.8369270522324987,0.18037873840240604,-0.1748921560305862,-0.03305144807140205,0.16117797404829293,0,1565082,0.01,0.1510287105,-0.03864332310000006,0,-0.0444791666666667,0.10750833333333465,0,0,220,-1
1068,-576452508573,1.8796977322847628,1.8351855571863316,0.18005165248804988,-0.17337903336520658,-0.030608376406658745,0.09087861408416797,0,1565092,0.01,0.08101474049999997,-0.03026558310000007,0,-0.2807291666666667,-0.16374166666666534,0,0,220,-1
1069,-576452508569,1.8816768302143885,1.833283680404774,0.17977068241427974,-0.1724093897568966,0.005901866259987332,0.07120814210023939,0,1565103,0.011,0.06844813049999998,0.011024706899999943,0,-0.1844791666666667,-0.006241666666665369,0,0,220,-1
1070,-576452508522,1.8834751135440408,1.831563046141941,0.17987254211824844,-0.17171264951619922,0.036108439408546744,0.060391306868585154,0,1565113,0.01,0.058873570499999986,0.04034679689999995,0,0.01677083333333329,0.04625833333333462,0,0,220,-1
1074,-576452508518,1.8907169129487083,1.8247584963001662,0.1832628773906544,-0.16837747609833217,0.22708438914102402,0.10300053201878981,0,1565153,0.01,0.10614796049999999,0.23782209689999997,0,-0.17572916666666671,0.16875833333333468,0,0,220,-1
1075,-576452508509,1.8889834904976506,1.8258172893275333,0.18388582528630562,-0.16617229099630473,0.1966173761665535,0.10628571041442766,0,1565163,0.01,0.10674637049999998,0.19234293689999996,0,-0.0532291666666667,0.16000833333333464,0,1,222,1
1076,-576452508498,1.8910178590889002,1.823995138768797,0.1860092571830915,-0.16510344461509174,0.17082825148961708,0.04056775597136984,0,1565174,0.011,0.03134671049999998,0.16720971689999994,0,0.0780208333333333,0.002508333333334667,0,0,222,-1
1077,-576452508488,1.8928862581718706,1.822345749387468,0.18768177966629965,-0.16475612494576694,0.145614324156234,-5.796300382848313e-4,0,1565184,0.01,-0.006353119500000015,0.14207649689999996,0,-0.0444791666666667,-0.049991666666665324,0,0,222,-1
1078,-576452508478,1.8947706322943603,1.8206977859512457,0.1891807514327115,-0.16481990884788011,0.1760975601712013,-0.04185233608073913,0,1565194,0.01,-0.047643409500000025,0.18037473689999997,0,-0.12322916666666671,0.020008333333334738,0,0,222,-1
1079,-576452508467,1.896862187463318,1.8188829062577299,0.1911051264773774,-0.16518230167614747,0.1677785652416705,0.022339761678267844,0,1565205,0.011,0.03134671049999998,0.16661130689999995,0,-0.1844791666666667,0.020008333333334738,0,0,222,-1
1080,-576452508456,1.8987807722189511,1.8172330268227008,0.1926526985117695,-0.16483308109364295,0.07596847340911884,0.11105412338770972,0,1565215,0.01,0.12350185049999998,0.06308637689999995,0,-0.1144791666666667,0.0637583333333347,0,0,222,-1
1081,-576452508447,1.90071112360224,1.8155906749242452,0.1934164183745832,-0.16365632869338806,0.07884047008537218,0.15817981981385704,0,1565225,0.01,0.16479214050000002,0.07924344689999994,0,0.025520833333333298,0.0637583333333347,0,0,222,-1
1082,-576452508435,1.905740021284052,1.8178619688284274,0.19555638924101792,-0.16040026644716288,0.05977740082730551,0.17657345603238236,0,1565235,0.01,0.17915398049999998,0.05710227689999995,0,-0.3419791666666667,0.19500833333333478,0,1,223,2
1083,-576452508424,1.9078948060139092,1.8161088425988978,0.19622157113110797,-0.15837041088261344,0.06477832509498671,0.23393806340272788,0,1565246,0.011,0.24198703049999998,0.06548001689999995,0,-0.1669791666666667,0.04625833333333462,0,0,223,-1
1084,-576452508414,1.9100572646917136,1.8143816312529173,0.1969488312751914,-0.1556956221457561,0.07431488856529785,0.2997716766600816,0,1565257,0.011,0.3090089505,0.07565298689999994,0,-0.06197916666666671,0.16000833333333464,0,0,223,-1
1085,-576452508404,1.9122281991511054,1.8126879385718082,0.1977664862047594,-0.1522811657887662,0.07443878297507575,0.37556859164605444,0,1565268,0.011,0.3862038405,0.07445616689999995,0,-0.3069791666666667,0.09875833333333461,0,0,223,-1
1086,-576452508394,1.9142094580049325,1.8111845495564873,0.19849151603537468,-0.14842800582218296,0.060809819761591936,0.4441950287737472,0,1565278,0.01,0.45382417049999996,0.05889750689999995,0,-0.1844791666666667,0.03750833333333459,0,0,223,-1
1087,-576452508383,1.9161961582135478,1.8097230974378278,0.19890478567460643,-0.14389012101490928,-0.07783404622612439,0.5124639348255666,0,1565288,0.01,0.5220429105,-0.09728750310000006,0,-0.0182291666666667,0.020008333333334738,0,0,223,-1
1088,-576452508373,1.9181814488685935,1.8083093945929214,0.19814742813711325,-0.13883175804450074,-0.06288239545820935,0.46523785607358226,0,1565298,0.01,0.4586114505000001,-0.060784493100000045,0,-0.14947916666666672,0.09000833333333458,0,0,223,-1
1089,-576452508362,1.9138565294840317,1.811969281931772,0.19456557949261744,-0.1316224644752016,-0.03165597111789278,0.39015676191344795,0,1565309,0.011,0.37962133049999996,-0.02727353310000007,0,-0.17572916666666671,0.07250833333333473,0,1,224,1
1090,-576452508352,1.9159945216740806,1.810543832472533,0.19417313692739474,-0.12750351314072622,-0.06034896901997601,0.2780613495055103,0,1565320,0.011,0.26233297050000004,-0.06437495310000006,0,-0.07947916666666671,0.23875833333333474,0,0,224,-1
1091,-576452508342,1.9179339883954378,1.809282153933867,0.1936838728524762,-0.1248058333888098,0.020084791070864874,0.2196622409639198,0,1565330,0.01,0.2114681205,0.031370646899999945,0,-0.10572916666666671,-0.11124166666666535,0,0,224,-1
1092,-576452508331,1.919872528982302,1.8080449282394322,0.1939930188421317,-0.12263258227938716,0.09715343822341027,0.20303039510393867,0,1565340,0.01,0.20069674049999997,0.10796712689999995,0,-0.3332291666666667,0.11625833333333468,0,0,224,-1
1093,-576452508322,1.9218174871214173,1.8068292217490667,0.1949911179542526,-0.12052929469173446,0.11608252136514499,0.2550359456541903,0,1565350,0.01,0.26233297050000004,0.11873850689999994,0,-0.12322916666666671,0.07250833333333473,0,0,224,-1
1094,-576452508312,1.923773350680987,1.8056372143858723,0.19617509265735875,-0.1178955854644205,0.13258068024084824,0.31443759158509443,0,1565360,0.01,0.3227723805,0.13489557689999995,0,-0.2982291666666667,0.07250833333333473,0,0,224,-1
1095,-576452508301,1.9246826006743671,1.8031314963550313,0.19701647926196358,-0.11524807227559525,0.12359030607220851,0.36162977377969757,0,1565370,0.01,0.36825154050000003,0.12232896689999995,0,-0.1932291666666667,0.14250833333333457,0,1,225,2
1096,-576452508291,1.9268562709022319,1.8018867752848764,0.19823172392554558,-0.11110510709336927,0.029073823634513427,0.4697683103357585,0,1565381,0.011,0.4849414905,0.01581198689999995,0,-0.2544791666666667,-0.07624166666666532,0,0,225,-1
1097,-576452508281,1.9288398892258025,1.800799668698046,0.198499269162402,-0.10633794189239937,0.012720825678654974,0.5187593227995654,0,1565391,0.01,0.5256333705,0.01042629689999994,0,-0.12322916666666671,0.002508333333334667,0,0,225,-1
1098,-576452508270,1.9308246930636888,1.799762006649205,0.19849830846066496,-0.1011846427457385,-0.07850349724608911,0.49435045754472934,0,1565401,0.01,0.4909255905,-0.09130340310000007,0,-0.1669791666666667,0.12500833333333472,0,0,225,-1
1099,-576452508261,1.9328053573922561,1.7987748932171725,0.19765186119892303,-0.09623872503252001,-0.12226459711212465,0.4960700064283887,0,1565411,0.01,0.4963112805,-0.12840482310000004,0,-0.0969791666666667,-0.014991666666665293,0,0,225,-1
1103,-576452508128,1.9405969067627122,1.7952745798864957,0.19184265171732515,-0.07993801094636864,-0.08667878974081816,0.33840614468581387,0,1565451,0.01,0.3371342205,-0.07694156310000007,0,-0.0182291666666667,-0.049991666666665324,0,0,225,-1
1104,-576452508128,1.942510953474051,1.7944916668719435,0.19096870070031013,-0.07662472936859485,-0.09178391114261081,0.28796166737582735,0,1565461,0.01,0.2808836805,-0.09250022310000004,0,-0.0969791666666667,-0.049991666666665324,0,0,225,-1
1105,-576452508127,1.9444167670057833,1.793739766609851,0.19016263831753524,-0.073753085642582,-0.012121165958786193,0.2822793852740881,0,1565471,0.01,0.28148209049999995,-9.434931000000467e-4,0,-0.0882291666666667,0.09000833333333458,0,0,225,-1
1106,-576452508127,1.9463180262716646,1.7930160794122447,0.19007874297338928,-0.07097250718872529,0.014473995356068966,0.25219267038812293,0,1565481,0.01,0.24797113049999997,0.01820562689999994,0,-0.1144791666666667,-0.10249166666666532,0,0,225,-1
1107,-576452508126,1.9482194583618824,1.7923188505613357,0.19021113906463136,-0.06846829254803799,0.005676583131849046,0.23956936681937788,0,1565491,0.01,0.2377981605,0.004442196899999945,0,-0.3244791666666667,0.16875833333333468,0,0,225,-1
1108,-576452508126,1.9501216599790097,1.7916458209724508,0.19023766923777025,-0.0661233759276563,-0.0158722272820424,0.20338080528120417,0,1565501,0.01,0.1983031005,-0.018895793100000047,0,-0.1582291666666667,-0.006241666666665369,0,0,225,-1
1109,-576452508125,1.9520237237210556,1.7909946690988634,0.1901540136065576,-0.06410317913266718,0.03762741273922295,0.1936801262822928,0,1565511,0.01,0.19231900049999998,0.045134076899999945,0,-0.23697916666666669,-0.006241666666665369,0,0,225,-1
1110,-576452508125,1.953927454256091,1.7903634850372177,0.1905785498512005,-0.06214080857577213,0.07202359517492973,0.21190324109278735,0,1565521,0.01,0.2144601705,0.07684980689999996,0,-7.291666666666974e-4,0.020008333333334738,0,0,225,-1
1111,-576452508125,1.9558374683091628,1.7897520604763808,0.1913967652857524,-0.06011729783692895,0.14185310861974376,0.1438253977084694,0,1565531,0.01,0.13427323049999998,0.15165105689999994,0,-0.1669791666666667,-0.10249166666666532,0,0,225,-1
1112,-576452508125,1.9579513949537064,1.7890985780458784,0.19295424485860216,-0.058665735209279805,0.13994990062642948,0.058306345931108894,0,1565542,0.011,0.04630696049999997,0.13968285689999996,0,0.0692708333333333,0.2650083333333346,0,0,225,-1
1113,-576452508026,1.959887864272065,1.7885144690942023,0.19434299190516688,-0.058138531021301204,0.13236883464273053,0.01892070521022888,0,1565552,0.01,0.013394410499999978,0.13130511689999996,0,-0.26322916666666674,-0.16374166666666534,0,0,225,-1
1114,-576452508024,1.9657639702197456,1.7924282283173694,0.1974017647003672,-0.05600738246051917,0.093652474611592,0.04083844757717222,0,1565563,0.011,0.04391332049999998,0.08821959689999996,0,-0.2282291666666667,0.11625833333333468,0,1,227,2
1115,-576452508024,1.9679399335543675,1.7918148991786726,0.19827089696130515,-0.055519213753580814,-0.010819576407910855,0.06610038660645015,0,1565574,0.011,0.06964495049999998,-0.025478303100000047,0,-0.0882291666666667,-0.09374166666666528,0,0,227,-1
1116,-576452508024,1.9699212240674573,1.7912629538938512,0.198029674635939,-0.05486720971051485,-0.10449027968890381,0.05976281108243289,0,1565584,0.01,0.058873570499999986,-0.11763344310000007,0,-0.3594791666666667,0.05500833333333466,0,0,227,-1
1117,-576452508024,1.9718960589145325,1.7907174909430772,0.19694792740279848,-0.05423528090130881,-0.13070997421169822,0.08417229644627329,0,1565594,0.01,0.08759725049999997,-0.13438892310000003,0,-0.21947916666666673,0.028758333333334773,0,0,227,-1
1118,-576452508023,1.973858747085357,1.7901791377449678,0.19560094975986456,-0.05342616599221976,-0.15912554543027208,0.06093695725800345,0,1565604,0.01,0.05767675049999998,-0.1631126031000001,0,-0.3244791666666667,-0.006241666666665369,0,0,227,-1
1119,-576452508023,1.976001176516537,1.789594443124365,0.19391571312487155,-0.05285713387675418,-0.11644160959232522,-0.005420135046235397,0,1565615,0.011,-0.014730859500000039,-0.11045252310000003,0,-0.23697916666666669,-0.14624166666666538,0,0,227,-1
1120,-576452508023,1.9779342671603046,1.7890649038134352,0.19271408947229862,-0.053017438430384485,-0.1426760983909929,-0.08023190827389422,0,1565625,0.01,-0.09072892950000003,-0.14635712310000004,0,-0.2544791666666667,0.08125833333333476,0,0,227,-1
1121,-576452508022,1.979855170527107,1.7885305681374148,0.19142656765709526,-0.053843013252061735,-0.043572622064724106,-0.09678418011896095,0,1565635,0.01,-0.09910666950000001,-0.029667173100000065,0,-0.2982291666666667,-0.02374166666666533,0,0,227,-1
1122,-576452508022,1.981767607960955,1.7879871058435928,0.19104551336664247,-0.054840961857472566,-0.004614562817335625,-0.11823765100260933,0,1565645,0.01,-0.12124783950000002,8.51736899999945e-4,0,-0.3157291666666667,0.04625833333333462,0,0,227,-1
1123,-576452507919,1.9735549784620678,1.7960427557303278,0.186467235250085,-0.05234958442183804,0.03009044216775735,-0.08256807667168024,0,1565655,0.01,-0.07756390950000003,0.03496110689999995,0,-0.1844791666666667,0.19500833333333478,0,1,228,1
1124,-576452507919,1.9820517475259518,1.8035172504487782,0.18975206148340823,-0.04972112142407682,0.08421642037410718,0.05144106352157619,0,1565666,0.011,0.07024336049999999,0.09181005689999995,0,-0.3419791666666667,-0.16374166666666534,0,1,229,2
1125,-576452507918,1.984143416765818,1.8029734664670172,0.19057789678273684,-0.04915088319128075,0.01898119893380519,0.05428557956030763,0,1565677,0.011,0.05468470049999998,0.009827886899999937,0,-0.026979166666666707,0.2037583333333346,0,0,229,-1
1126,-576452507917,1.9860490419338788,1.8024851581043397,0.1906005523517681,-0.048534495490177694,-0.09872426427004091,0.10606375868938629,0,1565687,0.01,0.11332888049999998,-0.11523980310000008,0,-0.2544791666666667,0.10750833333333465,0,0,229,-1
1127,-576452507916,1.987950146428669,1.802004874732143,0.18961876737935768,-0.04751136283348638,-0.09484040658522988,0.07937396073955885,0,1565697,0.01,0.07562905049999999,-0.09429545310000007,0,-0.3682291666666667,0.22125833333333467,0,0,229,-1
1128,-576452507916,1.9898409543894167,1.8015336766694727,0.18857087505775713,-0.04672591439301603,-0.16573221205149147,0.07346596561534231,0,1565707,0.01,0.07263700049999998,-0.17567921310000006,0,-0.2544791666666667,0.09875833333333461,0,0,229,-1
1129,-576452507916,1.9919053957528021,1.8010245235739268,0.1867753543322353,-0.0458612322607493,-0.14769162201392935,0.11052296333351394,0,1565718,0.011,0.11572252049999998,-0.14516030310000005,0,0.0430208333333333,0.09000833333333458,0,0,229,-1
1131,-576452507915,1.9956120628809766,1.8001293652394632,0.18393001501788214,-0.04365672019428895,-0.17979394686244451,0.09997324888342785,0,1565738,0.01,0.09836863049999997,-0.18645059310000003,0,-0.28947916666666673,0.04625833333333462,0,0,229,-1
1132,-576452507915,1.9974426936982677,1.799696608803449,0.18218206277480897,-0.0428423380173714,-0.14417410889811783,-0.032103456804849356,0,1565748,0.01,-0.05063545950000002,-0.13917620310000006,0,-0.12322916666666671,0.07250833333333473,0,0,229,-1
1133,-576452507820,1.9992572601246748,1.7992657363115163,0.1807332174358749,-0.04329515486700683,-0.14923717238990172,-0.12602217632873752,0,1565758,0.01,-0.13920013950000004,-0.14994758310000006,0,-0.2019791666666667,0.020008333333334738,0,0,229,-1
1134,-576452507819,1.9912081700350623,1.8076240944552227,0.1745572414320114,-0.04101274327233721,-0.1514356987935621,-0.1423008447495444,0,1565769,0.011,-0.14458582950000004,-0.15174281310000007,0,-0.2982291666666667,0.05500833333333466,0,1,230,1
1135,-576452507819,1.9929455555892612,1.8072069922020704,0.17294798349580495,-0.04241329142874653,-0.2183517322572802,-0.12646224221098218,0,1565779,0.01,-0.12423988950000002,-0.22774088310000004,0,-0.2282291666666667,0.12500833333333472,0,0,230,-1
1136,-576452507819,1.9948345777159289,1.8067342427811355,0.17051749593551566,-0.04359371228389624,-0.2370811176415133,0.011403959575110562,0,1565790,0.011,0.030748300499999975,-0.23970908310000003,0,-0.0532291666666667,0.11625833333333468,0,0,230,-1
1137,-576452507819,1.9965279701810636,1.8062995821272783,0.168157559201254,-0.04337223721371654,-0.22941495145802418,0.08714308082521176,0,1565800,0.01,0.09777022049999999,-0.22833929310000003,0,-0.026979166666666707,0.1775083333333347,0,0,230,-1
1138,-576452507819,1.998198012356602,1.805870135069721,0.1658536752379583,-0.04251351857085377,-0.23634330852708166,0.07809537590646357,0,1565810,0.01,0.07682587049999998,-0.23731544310000002,0,-0.1319791666666667,0.16000833333333464,0,0,230,-1
1139,-576452507818,1.9998451160300876,1.8054484698454687,0.16355017109918457,-0.041800407642974394,-0.19363931406631063,0.029752128688739637,0,1565820,0.01,0.022968970499999974,-0.18764741310000005,0,-0.12322916666666671,0.05500833333333466,0,0,230,-1
1140,-576452507818,2.001471025432879,1.8050319565099373,0.16162777806857118,-0.04150239691071348,-0.18366170553604352,0.030100946962555008,0,1565830,0.01,0.03014989049999999,-0.18226172310000008,0,-0.0532291666666667,0.14250833333333457,0,0,230,-1
1141,-576452507817,2.0030783716193605,1.8046180843553878,0.1598304364636301,-0.041256551930132376,-0.15567034828040316,-0.009214424447138488,0,1565840,0.01,-0.014730859500000039,-0.15174281310000007,0,-0.06197916666666671,-0.08499166666666536,0,0,230,-1
1142,-576452507817,2.0046694373259606,1.8042051608106449,0.15835882544972424,-0.04133265783952397,-0.09502536736070778,0.002216017487670089,0,1565850,0.01,0.003819850499999965,-0.08651612310000005,0,-0.009479166666666705,0.13375833333333476,0,0,230,-1
1143,-576452507718,2.011592565829946,1.8104950998540206,0.15982301008227703,-0.03848432420358584,-0.07759183372581552,0.0508529711387341,0,1565860,0.01,0.05767675049999998,-0.07514633310000007,0,-0.2544791666666667,0.09875833333333461,0,1,231,2
1144,-576452507718,2.008280198274227,1.8146874215983588,0.1567072624654251,-0.0359617015813788,-0.05917979316504123,0.08045249982256043,0,1565871,0.011,0.08460520049999998,-0.05659562310000004,0,-0.07947916666666671,-0.07624166666666532,0,1,232,1
1145,-576452507717,2.009844214918276,1.8143322869540133,0.15610007362556602,-0.035086517440343856,-0.07003302924069003,0.13027461830030995,0,1565881,0.01,0.13726528049999998,-0.07155587310000003,0,-0.1582291666666667,0.04625833333333462,0,0,232,-1
1146,-576452507717,2.0114017588124327,1.8139879387944293,0.15540671466103514,-0.033783268350672635,-0.06507116438428852,0.13063254845277666,0,1565891,0.01,0.1306827705,-0.06437495310000006,0,-0.2719791666666667,0.11625833333333468,0,0,232,-1
1147,-576452507716,2.0129531912820644,1.8136559020133671,0.1548525979767196,-0.03259176686899728,0.003760420407739079,0.04881134225518341,0,1565901,0.01,0.03733081049999997,0.013418346899999954,0,-0.3594791666666667,0.2037583333333346,0,0,232,-1
1148,-576452507716,2.0145019813871934,1.8133324334714342,0.15490208624173574,-0.03210231702858116,0.01222996462313661,0.04976378144834007,0,1565911,0.01,0.049897420499999984,0.013418346899999954,0,-0.1319791666666667,0.11625833333333468,0,0,232,-1
1149,-576452507715,2.0160507697148935,1.8130139325456964,0.15489257253004493,-0.03159936046878382,-0.08171255980493462,0.05355441720890688,0,1565921,0.01,0.054086290499999974,-0.09489386310000006,0,-0.2544791666666667,0.2562583333333346,0,0,232,-1
1150,-576452507715,2.017595925576394,1.8127010734745292,0.15412476086383253,-0.030992474363943003,-0.04656676478380011,0.10439945939547328,0,1565931,0.01,0.11153365049999998,-0.04163537310000005,0,-0.0882291666666667,0.09875833333333461,0,0,232,-1
1151,-576452507715,2.0191349544226256,1.8123965946460725,0.15367620607835086,-0.029913193539812793,-0.034370509271520425,0.12954778761449712,0,1565941,0.01,0.1330764105,-0.032659223100000065,0,-0.1932291666666667,-0.04124166666666529,0,0,232,-1
1152,-576452507715,2.0206702990436187,1.8121040339088044,0.15337952266522512,-0.028603065199396923,-8.583810373344603e-4,0.1399891040796971,0,1565951,0.01,0.1414541505,0.0038437868999999423,0,-0.12322916666666671,-0.049991666666665324,0,0,232,-1
1153,-576452507616,2.022203781937174,1.8118245522047758,0.15332886345025493,-0.027273531568180024,-0.030845322642702514,0.08984571145401991,0,1565961,0.01,0.08280997049999998,-0.03505286310000006,0,-0.1932291666666667,0.07250833333333473,0,0,232,-1
1154,-576452507615,2.0312175613502563,1.8208249198059798,0.1563228433761429,-0.02260966622051124,-9.484434980793943e-4,-0.0018621196722803854,0,1565972,0.011,-0.014730859500000039,0.0032453768999999395,0,-0.2019791666666667,0.04625833333333462,0,1,233,2
1155,-576452507615,2.032781282040954,1.8205985330744305,0.15639597806588532,-0.022657691409371596,0.057306170776805915,-0.022593385363630737,0,1565982,0.01,-0.025502239500000023,0.06548001689999995,0,-0.3594791666666667,-0.11124166666666535,0,0,233,-1
1156,-576452507614,2.0343480013400908,1.820370694565846,0.15695256794351206,-0.022904167182695355,0.04558226634636963,-0.03721418909182215,0,1565992,0.01,-0.039265669500000024,0.04393725689999995,0,-0.1144791666666667,0.028758333333334773,0,0,233,-1
1157,-576452507614,2.0359200998169054,1.820140564051276,0.1574542351950021,-0.02315584703680414,0.07825019118695406,0.04862455786359838,0,1566002,0.01,0.06066880049999998,0.08283390689999995,0,-0.3419791666666667,-0.049991666666665324,0,0,233,-1
1158,-576452507614,2.0374986096557213,1.8199117391974446,0.15824532272851977,-0.022622381973186445,0.08436900175830733,0.08227698665186937,0,1566012,0.01,0.08699884049999998,0.08522754689999994,0,-0.28947916666666673,-0.02374166666666533,0,0,233,-1
1161,-576452507610,2.04227743102111,1.8192684574151687,0.160166801769696,-0.020859276309281794,0.06592155912519104,-0.08197561317882858,0,1566042,0.01,-0.09431938950000002,0.06787365689999995,0,0.05177083333333331,0.12500833333333472,0,0,233,-1
1162,-576452507609,2.04388246707467,1.8190560835185452,0.16083725529749257,-0.021629424296900537,0.07393078325065316,-0.046620123894161425,0,1566052,0.01,-0.04165930950000003,0.07505457689999995,0,-0.24572916666666672,-0.07624166666666532,0,0,233,-1
1163,-576452507608,2.0454944177215033,1.8188388599314964,0.16155806508157952,-0.021876722692191472,0.060747311740885934,0.10939089614731781,0,1566062,0.01,0.13128118049999998,0.05889750689999995,0,-0.1407291666666667,0.16000833333333464,0,0,233,-1
1164,-576452507598,2.042391690164877,1.8232957005677843,0.15994211845584028,-0.018531814776058635,0.023964337453395265,0.1637481859626253,0,1566074,0.012,0.17137465049999998,0.018804036899999946,0,-0.1144791666666667,0.2037583333333346,0,1,234,1
1165,-576452507587,2.044152173686955,1.8231007231542093,0.16016029174034124,-0.016875363890428083,-0.0052255317968286155,0.0707285597146055,0,1566085,0.011,0.05767675049999998,-0.009321233100000053,0,-0.0444791666666667,0.12500833333333472,0,0,234,-1
1166,-576452507576,2.045753233575457,1.8229349521448863,0.1600656175213941,-0.016251514652759817,-0.03505612961800059,0.012052789968130952,0,1566095,0.01,0.003819850499999965,-0.03924173310000006,0,-0.3419791666666667,0.12500833333333472,0,0,234,-1
1167,-576452507566,2.0408976997351083,1.8289306611982863,0.1566736924301125,-0.013669073413777339,-0.04135149925397398,-0.04974333401919823,0,1566106,0.011,-0.05841478950000001,-0.04223378310000006,0,-0.1144791666666667,0.09000833333333458,0,1,236,1
1168,-576452507547,2.0426179950650107,1.8287776225205243,0.1561302650188879,-0.0141681102877825,-0.09880116171650614,-0.018514274528463416,0,1566117,0.011,-0.014132449500000019,-0.10686206310000004,0,-0.2282291666666667,0.21250833333333463,0,0,236,-1
1169,-576452507541,2.0447949910890073,1.8285786950044827,0.15484893956076431,-0.014279463351983511,-0.045520808585683886,0.05879719134074513,0,1566131,0.014,0.06964495049999998,-0.038044913100000056,0,-0.26322916666666674,0.03750833333333459,0,0,236,-1
1170,-576452507530,2.046495288835623,1.828426722535723,0.1543102677535885,-0.013428311242824868,-0.06940188183131461,0.18743459465669637,0,1566142,0.011,0.2054840205,-0.07275269310000003,0,-0.3682291666666667,0.2037583333333346,0,0,236,-1
1171,-576452507520,2.048034732297571,1.8283015252657313,0.15358811249005624,-0.011596498032567319,-0.08913325614610573,0.15760746706560605,0,1566152,0.01,0.15342235049999997,-0.09190181310000006,0,-0.24572916666666672,-0.13749166666666535,0,0,236,-1
1172,-576452507509,2.0495661728440333,1.8281925680867444,0.15269926889084418,-0.010155436715951482,-0.08736293162444628,0.0615765247681128,0,1566162,0.01,0.04810219049999998,-0.08711453310000007,0,-0.2107291666666667,0.028758333333334773,0,0,236,-1
1173,-576452507500,2.0602804975296807,1.8397825918567785,0.15587889003847666,-0.004799590216435541,-0.04568654563309804,-0.007964275512472507,0,1566173,0.011,-0.017722909500000036,-0.039840143100000044,0,-0.2019791666666667,0.12500833333333472,0,1,237,2
1174,-576452507488,2.061992498213676,1.839729766911651,0.1553907098434142,-0.004821929741900516,-0.03636130957355919,0.03438125629704693,0,1566184,0.011,0.04032286049999998,-0.03505286310000006,0,-0.3244791666666667,0.08125833333333476,0,0,237,-1
1175,-576452507478,2.0635447642880194,1.839684170481665,0.15505406442936256,-0.004341043995682091,-0.017371438006193143,0.1309030006113311,0,1566194,0.01,0.14444620049999998,-0.014706923100000062,0,-0.07947916666666671,0.1775083333333347,0,0,237,-1
1176,-576452507469,2.065093963325487,1.839648386623394,0.15480694122426614,-0.002864152296921998,-0.06961161697246018,0.25035907865835505,0,1566204,0.01,0.2671202505,-0.07694156310000007,0,-0.1144791666666667,-0.006241666666665369,0,0,237,-1
1177,-576452507458,2.066637880660597,1.8396324613759791,0.15400606393410263,-3.2962306356394927e-4,-0.14426067310403085,0.2724047139756673,0,1566214,0.01,0.27549799049999996,-0.15473486310000006,0,-0.14947916666666672,-0.07624166666666532,0,0,237,-1
1178,-576452507448,2.0681709286666745,1.8396426541394664,0.15259474935568154,0.0023739309954748287,-0.12195940770121187,0.2577997222831304,0,1566224,0.01,0.2557504605,-0.11883026310000007,0,-0.009479166666666705,0.03750833333333459,0,0,237,-1
1179,-576452507437,2.0657407302764974,1.8434757118085947,0.14962858099587295,0.006458190043258336,-0.08300613821464806,0.21611986762040683,0,1566234,0.01,0.21027130049999998,-0.07753997310000006,0,-0.12322916666666671,0.08125833333333476,0,1,238,1
1180,-576452507411,2.067382131889656,1.843559210089463,0.14879090260048491,0.00874439013378162,-0.033606505323152354,0.15641411882497505,0,1566245,0.011,0.1480366605,-0.026675123100000052,0,-0.1669791666666667,-0.08499166666666536,0,0,238,-1
1181,-576452507411,2.068869208117008,1.8436541873059165,0.14858403022071973,0.010264619984279725,0.05748590063535266,0.1254525090153797,0,1566255,0.01,0.12110821049999998,0.07026729689999996,0,-0.0882291666666667,0.2825083333333347,0,0,238,-1
1182,-576452507297,2.0703578485238654,1.8437634608073659,0.14914735700039472,0.011574251453142559,0.049277822269752185,0.16467449814165896,0,1566265,0.01,0.1701778305,0.04812612689999995,0,-0.1407291666666667,0.0637583333333347,0,0,238,-1
1183,-576452507296,2.0720016377856934,1.843901142124119,0.1497167081426868,0.01344430289569051,0.06715982040085239,0.2030864030251946,0,1566276,0.011,0.2084760705,0.06966888689999995,0,-0.2107291666666667,0.08125833333333476,0,0,238,-1
1184,-576452507295,2.0735017824124298,1.844045783511451,0.150330395453356,0.015481870464069866,0.026328419697518063,0.20781288619119645,0,1566286,0.01,0.2084760705,0.020599266899999955,0,-0.1844791666666667,0.22125833333333467,0,0,238,-1
1185,-576452507294,2.0750059918991344,1.8442109126903063,0.15052984805166097,0.017547544913542937,-0.019103623064458536,0.19894847720930142,0,1566296,0.01,0.19770469049999997,-0.025478303100000047,0,-0.0882291666666667,-0.07624166666666532,0,0,238,-1
1186,-576452507294,2.07651024716047,1.8443957310514643,0.15032507507670925,0.019442706517794003,-0.02889213347891175,0.13173580363541784,0,1566306,0.01,0.1223050305,-0.03026558310000007,0,0.01677083333333329,0.1512583333333346,0,0,238,-1
1191,-576452507275,2.083947315530113,1.8455206983737482,0.14711746996782057,0.02534236481407891,-0.018038285518117855,0.09943819180023357,0,1566356,0.01,0.09777022049999999,-0.01769897310000006,0,-0.17572916666666671,0.09000833333333458,0,0,238,-1
1192,-576452507274,2.0854180341798814,1.8457787696131065,0.14700671942735632,0.026286096712197417,0.031588335432262755,0.06334016248550561,0,1566366,0.01,0.05827516049999999,0.038551566899999945,0,-0.3857291666666667,0.18625833333333475,0,0,238,-1
1193,-576452507274,2.0868895282022666,1.8460450735732667,0.147298772436688,0.02696259993925494,0.014604561398925731,0.09405847028005457,0,1566376,0.01,0.09836863049999997,0.012221526899999948,0,0.01677083333333329,0.07250833333333473,0,0,238,-1
1194,-576452507274,2.095946724483371,1.8560311492212078,0.15082457735721586,0.03181535881966082,-0.020545417333570223,0.06792669296129987,0,1566386,0.01,0.06425926049999998,-0.025478303100000047,0,-0.1319791666666667,0.08125833333333476,0,1,239,2
1195,-576452507273,2.0976038896949425,1.8563855265693006,0.15050147518610923,0.032605699420870486,-0.08417115204951874,0.09619716241116451,0,1566397,0.011,0.10016386049999998,-0.09309863310000006,0,0.01677083333333329,0.04625833333333462,0,0,239,-1
1196,-576452507265,2.095297278485883,1.8604696843099895,0.1479300874396192,0.035118999966036644,-0.0715342773464657,0.09967608792505576,0,1566407,0.01,0.10016386049999998,-0.06976064310000003,0,-0.21947916666666673,0.028758333333334773,0,1,240,1
1197,-576452507254,2.0969196154334835,1.8608615740749486,0.1470605890034317,0.03615033581529593,-0.12560527093530804,0.05707210816168488,0,1566418,0.011,0.05109424049999998,-0.13319210310000007,0,-0.2107291666666667,0.03750833333333459,0,0,240,-1
1198,-576452507244,2.09838432860083,1.8612256234131903,0.1458635825333789,0.03667416812736273,-0.08397905793704233,0.02401660786471555,0,1566428,0.01,0.019378510499999974,-0.07813838310000008,0,-0.1319791666666667,-0.049991666666665324,0,0,240,-1
1199,-576452507233,2.1086297162574374,1.8728333144872171,0.14889936351818808,0.04149454580258032,-0.054191351681836426,0.026247612687456543,0,1566439,0.011,0.02655943049999999,-0.05001311310000006,0,-0.1582291666666667,0.028758333333334773,0,1,241,2
1200,-576452507223,2.11011631839232,1.8732498769184802,0.1484065646738098,0.04180430417300106,-0.019565377466692076,0.0595820279064711,0,1566449,0.01,0.06425926049999998,-0.014706923100000062,0,-0.03572916666666671,0.08125833333333476,0,0,241,-1
1201,-576452507213,2.1115995291372083,1.8736714242860282,0.14823016864905378,0.04248183109727276,-0.00585875282483928,0.11773579455214304,0,1566459,0.01,0.12589549049999998,-0.003935543100000044,0,-0.3332291666666667,0.03750833333333459,0,0,241,-1
1202,-576452507202,2.1130809205250274,1.8741033028620224,0.14807526367293797,0.043842296672762994,-0.07449233836295499,0.24821411159041523,0,1566469,0.01,0.2665218405,-0.08412248310000008,0,-7.291666666666974e-4,0.10750833333333465,0,0,241,-1
1203,-576452507192,2.114705153387148,1.874600275742961,0.14724295891608205,0.046527475448053766,-0.08293751929453896,0.21861350355738887,0,1566480,0.011,0.2144601705,-0.08412248310000008,0,-0.03572916666666671,-0.11999166666666539,0,0,241,-1
1204,-576452507181,2.116173309085615,1.875076046348113,0.14639424732041215,0.04864741421058239,-0.09657133006582376,0.1719394939182807,0,1566490,0.01,0.16539055049999998,-0.09848432310000003,0,-0.0969791666666667,-0.07624166666666532,0,0,241,-1
1205,-576452507172,2.1129441778105065,1.8802983073051776,0.14324694668040105,0.05221015630636709,-0.1118937189553006,0.09745097048812584,0,1566500,0.01,0.08699884049999998,-0.11404298310000008,0,-0.0532291666666667,0.028758333333334773,0,1,242,1
1206,-576452507162,2.114513304996776,1.880878185978925,0.14204287517794642,0.05323368332661288,-0.09436176416906616,0.06571952633766281,0,1566511,0.011,0.06126721049999999,-0.09190181310000006,0,-0.17572916666666671,0.09000833333333458,0,0,242,-1
1207,-576452507151,2.1159287379694414,1.8814140848650807,0.14105691581708305,0.05393297513897505,-0.12421591485803286,0.09540079916921805,0,1566521,0.01,0.09956545049999999,-0.12840482310000004,0,0.03427083333333329,-0.1549916666666653,0,0,242,-1
1208,-576452507138,2.1173327452033774,1.8819586115295965,0.13976019593036512,0.05495331089969335,-0.16304946373457857,0.14260951163247987,0,1566531,0.01,0.1492334805,-0.16849829310000006,0,-0.0707291666666667,0.08125833333333476,0,0,242,-1
1209,-576452507131,2.1187223641130073,1.8825161155685306,0.13815613572653226,0.05651054481178152,-0.14421285353255364,0.2360562168062449,0,1566541,0.01,0.24916795049999999,-0.14156984310000004,0,-0.1844791666666667,0.011258333333334702,0,0,242,-1
1210,-576452507121,2.1200966837841393,1.883093296910088,0.1367091596438898,0.058913749275194174,-0.1476676081115788,0.2664465668297896,0,1566551,0.01,0.27071071049999995,-0.14815235310000005,0,-0.12322916666666671,0.23875833333333474,0,0,242,-1
1211,-576452507111,2.1214563080273554,1.8836956300216845,0.13521936949423866,0.061558426669978114,-0.15701391949651958,0.2523435929474231,0,1566561,0.01,0.2503647705,-0.15832532310000008,0,-0.2544791666666667,0.12500833333333472,0,0,242,-1
1212,-576452507100,2.131784474350347,1.8958455201039266,0.13743488383698216,0.06894631874304998,-0.21588822937894053,0.21859795867174203,0,1566572,0.011,0.2138617605,-0.22415042310000005,0,-0.2019791666666667,0.05500833333333466,0,1,243,2
1213,-576452507089,2.1332835741752394,1.8966163651315266,0.13511365435928038,0.07123772817137457,-0.1811516032980316,0.14517394221066182,0,1566583,0.011,0.13487164049999997,-0.17627762310000009,0,-0.3682291666666667,0.14250833333333457,0,0,243,-1
1214,-576452507078,2.1346263332198863,1.8973349423825716,0.13340509103368567,0.07252907774546014,-0.10865631299271186,0.0322334190443065,0,1566593,0.01,0.016386460499999974,-0.09848432310000003,0,-0.0532291666666667,0.11625833333333468,0,0,243,-1
1215,-576452507069,2.1359551365310936,1.8980622700542826,0.1323472862636787,0.07291742493286896,-0.08819086036166558,0.07921054596172153,0,1566603,0.01,0.08580202049999998,-0.08531930310000008,0,-0.14947916666666672,0.30000833333333476,0,0,243,-1
1216,-576452507060,2.1372745387667074,1.8987963395611274,0.1315182546802213,0.07385536104196824,-0.05051256591616183,0.18312429983392758,0,1566613,0.01,0.19770469049999997,-0.04522583310000006,0,-0.2807291666666667,0.002508333333334667,0,0,243,-1
1218,-576452507002,2.1398965087885125,1.9003173621561564,0.13077465465041632,0.07865640645349131,-0.016936125146206384,0.2713699458748662,0,1566633,0.01,0.26951389049999996,-0.015305333100000047,0,-0.1582291666666667,-0.006241666666665369,0,0,243,-1
1219,-576452507001,2.1412033082220425,1.901117338649833,0.1305896281762639,0.08134573224722678,-0.02810065136613625,0.2539989561685174,0,1566643,0.01,0.2515615905,-0.029667173100000065,0,-0.2019791666666667,0.08125833333333476,0,0,243,-1
1220,-576452507001,2.1425082256052077,1.901942170716797,0.1303751725739736,0.08367875992538835,0.019329866042935073,0.10649820798199841,0,1566653,0.01,0.08580202049999998,0.025984956899999946,0,-0.1144791666666667,0.37875833333333464,0,0,243,-1
1221,-576452507000,2.143812439912739,1.9027840400122051,0.1304897734835474,0.08470575832426772,-0.03675764805516058,0.07942741857442119,0,1566663,0.01,0.07562905049999999,-0.04462742310000005,0,-0.1932291666666667,0.03750833333333459,0,0,243,-1
1222,-576452506996,2.1451150652911957,1.903635105046675,0.1300543435683005,0.08550566730589007,-0.0851164696347928,0.08344331091254564,0,1566673,0.01,0.08400679049999997,-0.09190181310000006,0,-0.2019791666666667,-0.04124166666666529,0,0,243,-1
1223,-576452506988,2.146540495215176,1.9045809402071379,0.12911538823370364,0.08645633388008701,-0.08686867668226866,0.10492854520213533,0,1566684,0.011,0.1079431905,-0.08711453310000007,0,-0.0532291666666667,-0.11124166666666535,0,0,243,-1
1224,-576452506978,2.14782686854941,1.9054510630427914,0.12818015537450358,0.0875532809150721,-0.1337894549739701,0.13853410320532666,0,1566694,0.01,0.1432493805,-0.14037302310000005,0,-0.17572916666666671,-0.014991666666665293,0,0,243,-1
1225,-576452506967,2.158785449076711,1.9186865282523724,0.13131792293887398,0.0939904943900965,-0.1080751266797659,0.14634368026480202,0,1566704,0.01,0.14743825049999998,-0.10446842310000003,0,-0.2282291666666667,0.020008333333334738,0,1,245,2
1226,-576452506957,2.1602238004284313,1.9197293116738936,0.13018679058022936,0.09560574380901109,-0.07027692095801046,0.14992745270301097,0,1566715,0.011,0.15043030049999997,-0.06497336310000004,0,-0.4207291666666667,-0.049991666666665324,0,0,245,-1
1227,-576452506947,2.1615222319460736,1.9206929183559633,0.12949582777593613,0.09711308659125584,-0.061952511208224904,0.15561619875358387,0,1566725,0.01,0.1564144005,-0.060784493100000045,0,-0.2107291666666667,-0.032491666666665364,0,0,245,-1
1228,-576452506936,2.1628137506898235,1.9216717984438412,0.12882318107996013,0.09866433361445201,-0.09976172997499451,0.15211796601444647,0,1566735,0.01,0.1516271205,-0.10506683310000005,0,-0.1932291666666667,-0.18999166666666534,0,0,245,-1
1229,-576452506926,2.164224485436779,1.922765920556503,0.1276842568528767,0.10028090276347051,-0.12697947528651343,0.11495311133775368,0,1566746,0.011,0.10973842049999998,-0.13079846310000007,0,-0.24572916666666672,-0.032491666666665364,0,0,245,-1
1230,-576452506916,2.1654949282683584,1.923774356396925,0.12640673498317365,0.10141203936272704,-0.13242765570104628,0.10198363864779976,0,1566756,0.01,0.10016386049999998,-0.13319210310000007,0,-0.3682291666666667,-0.014991666666665293,0,0,245,-1
1231,-576452506906,2.164875064877859,1.926756545042063,0.12425785398872395,0.103155988543174,-0.10108683427003055,0.04318721306740016,0,1566766,0.01,0.034937170499999975,-0.09668909310000005,0,-0.2807291666666667,0.03750833333333459,0,1,246,1
1232,-576452506895,2.166112843008374,1.9277902255208688,0.1232870097088594,0.10358139090075756,-0.07256569349070958,0.03857620256020025,0,1566776,0.01,0.03792922049999998,-0.06856382310000003,0,-0.3244791666666667,-0.05874166666666536,0,0,246,-1
1233,-576452506884,2.1674649323306627,1.92893321498886,0.12253579104900998,0.10418987430564892,-0.041767826468069036,0.15923237105843382,0,1566787,0.011,0.17616193049999998,-0.03744650310000005,0,-0.2807291666666667,0.09000833333333458,0,0,246,-1
1234,-576452506874,2.1688103684192366,1.9300902134463147,0.12208623020449443,0.10612365630595527,-0.03535434432423558,0.27745990820917965,0,1566798,0.011,0.29404870050000004,-0.03445445310000005,0,-0.1669791666666667,0.14250833333333457,0,0,246,-1
1235,-576452506864,2.1700289192636353,1.9311656464075437,0.12165033936423461,0.1089472343594863,-0.09334023257642768,0.3119490284466999,0,1566808,0.01,0.31678828049999996,-0.10147637310000003,0,-0.14947916666666672,-0.09374166666666528,0,0,246,-1
1236,-576452506854,2.171239964122378,1.9322701987387727,0.1205940846798913,0.11198640929303287,-0.1807661594082272,0.25479388693490973,0,1566818,0.01,0.24677431049999998,-0.19303310310000008,0,-0.2282291666666667,0.020008333333334738,0,0,246,-1
1237,-576452506843,2.182043772451966,1.945632688692182,0.12323373414809549,0.11937405487306324,-0.16843231113260304,0.1344102867342401,0,1566828,0.01,0.11751775049999999,-0.16670306310000005,0,-0.2107291666666667,0.011258333333334702,0,1,247,2
1238,-576452506832,2.1833890140862686,1.9469523498816943,0.121359269973437,0.12061932269489593,-0.18265915952032905,-0.018420080282201157,0,1566839,0.011,-0.039864079500000024,-0.18465536310000005,0,-0.0532291666666667,0.028758333333334773,0,0,247,-1
1239,-576452506823,2.1845940437474693,1.94815759789841,0.11961950840736973,0.12043152311965777,-0.12143646741709468,-0.02095735792432485,0,1566849,0.01,-0.02131336950000002,-0.11284616310000008,0,-0.2719791666666667,-0.13749166666666535,0,0,247,-1
1240,-576452506812,2.1857837795547472,1.9493609384165846,0.1183449465931223,0.12023330780214934,-0.16428179179102645,-0.012873127469250728,0,1566859,0.01,-0.011738809500000008,-0.17029352310000007,0,-0.2282291666666667,0.020008333333334738,0,0,247,-1
1241,-576452506803,2.186959368689325,1.9505632550689906,0.11675732826372084,0.12020244718401248,-0.12494773056613179,0.05686743337476071,0,1566869,0.01,0.06665290049999997,-0.11942867310000005,0,-0.26322916666666674,-0.19874166666666537,0,0,247,-1
1242,-576452506792,2.1881212662185545,1.9517684169378828,0.11559711250392593,0.12081703427064099,-0.06133272826000709,0.08958857746503968,0,1566879,0.01,0.09417976049999997,-0.05240675310000006,0,-0.2544791666666667,0.1775083333333347,0,0,247,-1
1243,-576452506781,2.1893883556728118,1.9531024607143856,0.11481025907013542,0.12174938664274117,-0.13484554202451343,0.054781312246665416,0,1566890,0.011,0.049897420499999984,-0.14516030310000005,0,-0.3419791666666667,-0.02374166666666533,0,0,247,-1
1244,-576452506771,2.1905299397148545,1.9543227319678815,0.11349586387110905,0.12230303379099543,-0.11083013330466727,0.058894806194172006,0,1566900,0.01,0.05947198049999999,-0.10746047310000004,0,-0.2282291666666667,0.19500833333333478,0,0,247,-1
1245,-576452506760,2.1897863772393964,1.9577774399485166,0.11124426771081557,0.12376153357102965,-0.1865919399462859,0.024765856195043137,0,1566911,0.011,0.019976920499999974,-0.1972219731000001,0,-0.10572916666666671,0.29125833333333473,0,1,248,1
1249,-576452506694,2.1942571237291824,1.963052961618457,0.10064390221048292,0.12917743989909597,-0.3795599073185747,0.3111318385884692,0,1566953,0.01,0.3239692005,-0.39170522310000006,0,-0.2544791666666667,0.09875833333333461,0,0,248,-1
1250,-576452506693,2.195244773226388,1.9643604514046586,0.09687757778573654,0.1323134235132346,-0.3587241400991136,0.3286869239271145,0,1566963,0.01,0.33115012050000003,-0.3558006231000001,0,-0.21947916666666673,-0.06749166666666528,0,0,248,-1
1251,-576452506693,2.1961959756941063,1.9656993502991695,0.09334695869297809,0.13549580245361373,-0.31837639325261297,0.2542295544735753,0,1566973,0.01,0.2437822605,-0.3127151031,0,-0.2719791666666667,-0.02374166666666533,0,0,248,-1
1252,-576452506603,2.197113528633138,1.9670664046137427,0.09016353388606657,0.13794203589058973,-0.3181347049688808,0.185767944876002,0,1566983,0.01,0.17616193049999998,-0.3181007931,0,-0.26322916666666674,0.020008333333334738,0,0,248,-1
1253,-576452506602,2.2000962354105305,1.9711340208551917,0.08787460275631435,0.14082871176210865,-0.1354822090422161,0.053496753212667475,0,1566994,0.011,0.034937170499999975,-0.10985411310000004,0,-0.3682291666666667,0.3087583333333346,0,1,249,2
1254,-576452506602,2.2010528498726676,1.9726885527540465,0.08612613612603907,0.1417285690410958,-0.30297694125852204,0.25552820747942806,0,1567005,0.011,0.2838757305,-0.3264785331000001,0,-0.1407291666666667,0.16000833333333464,0,0,249,-1
1255,-576452506602,2.2018987880808454,1.9741196344122867,0.08307007885393211,0.14443839445271173,-0.32148761552811306,0.36435200035998955,0,1567015,0.01,0.37962133049999996,-0.3240848931000001,0,-0.2982291666666667,0.07250833333333473,0,0,249,-1
1256,-576452506602,2.202713911757951,1.9755815542647388,0.07993238145244008,0.1479761060557328,-0.2665645864318234,0.289055127264341,0,1567025,0.01,0.2784900405,-0.2588582031000001,0,-0.2719791666666667,0.028758333333334773,0,0,249,-1
1257,-576452506601,2.203499972868526,1.9770748256000152,0.07727695629685709,0.15071961866764813,-0.25928167592510337,0.18428058979842438,0,1567035,0.01,0.1695794205,-0.2582597931000001,0,-0.3069791666666667,-0.049991666666665324,0,0,249,-1
1258,-576452506601,2.2043338815307694,1.9787436240256546,0.07435894855304884,0.15270780699193467,-0.30246682075869413,0.1587937068238272,0,1567046,0.011,0.1552175805,-0.30852623310000005,0,-0.2282291666666667,0.08125833333333476,0,0,249,-1
1259,-576452506601,2.205062195502106,1.9802794192423734,0.07131111414503277,0.15441410163988897,-0.31880096037997663,0.2422458570370009,0,1567056,0.01,0.2539552305,-0.3210928431,0,-0.17572916666666671,0.19500833333333478,0,0,249,-1
1260,-576452506600,2.2057590494201356,1.9818354616745821,0.06807383044348808,0.15680379986269088,-0.3538717987636744,0.21892868010954267,0,1567066,0.01,0.2156569905,-0.35879267310000007,0,-0.0182291666666667,-0.10249166666666532,0,0,249,-1
1261,-576452506596,2.206422919053106,1.9834141418317859,0.06466382644246728,0.15894560984723513,-0.2621529386636112,0.18509770641647028,0,1567076,0.01,0.1803508005,-0.2492836431000001,0,-0.4557291666666667,0.08125833333333476,0,0,249,-1
1262,-576452506584,2.2048622364253725,1.9875805790568046,0.060779446762840576,0.1618597288005944,-0.23669847058178678,0.1158627350594282,0,1567087,0.011,0.10614796049999999,-0.23312657310000007,0,-0.24572916666666672,0.05500833333333466,0,1,250,1
1263,-576452506574,2.2055170052641113,1.9893686791948049,0.05824934351608846,0.1632246203602783,-0.18896002070759832,0.17451482377474978,0,1567098,0.011,0.1827444405,-0.18226172310000008,0,-0.28947916666666673,-0.049991666666665324,0,0,250,-1
1264,-576452506563,2.2130234665553825,1.9998642699228406,0.05940245173960189,0.16881449983490915,-0.1699654824760211,0.22843791968816296,0,1567109,0.011,0.23600293049999999,-0.16730147310000007,0,-0.4294791666666667,-0.04124166666666529,0,1,251,2
1265,-576452506552,2.213666769845182,2.001735363409705,0.057555874379844406,0.1713723821162626,-0.15503461877459163,0.25763749703072697,0,1567120,0.011,0.2617345605,-0.15293963310000008,0,-0.28947916666666673,0.1512583333333346,0,0,251,-1
1266,-576452506542,2.2142344471952002,2.0034610875610266,0.0559857765670612,0.17381521913015724,-0.1689407325686969,0.16362186210604768,0,1567130,0.01,0.15043030049999997,-0.17089193310000006,0,-0.3769791666666667,0.23875833333333474,0,0,251,-1
1267,-576452506531,2.2147856952387963,2.00520650364467,0.05427110405341472,0.17530907875353,-0.1869199373062914,0.06231658014934223,0,1567140,0.01,0.04810219049999998,-0.18944264310000006,0,-0.2719791666666667,0.3437583333333347,0,0,251,-1
1268,-576452506522,2.215318941249312,2.0069625650859306,0.0523833342203982,0.17590959561562136,-0.20015255275406071,0.04617779286074094,0,1567150,0.01,0.04391332049999998,-0.20200925310000006,0,-0.4032291666666667,0.07250833333333473,0,0,251,-1
1269,-576452506512,2.215832398656113,2.0087236974405442,0.05032429818050339,0.17632882450295007,-0.24113908361418676,0.01585398717314674,0,1567160,0.01,0.011599180499999986,-0.2468900031,0,-0.2107291666666667,0.03750833333333459,0,0,251,-1
1270,-576452506502,2.216323619525379,2.0104882729328293,0.04791834857569893,0.17656459786305384,-0.2372611547044319,0.07089777343727308,0,1567170,0.01,0.07862110049999999,-0.23671703310000003,0,-0.3507291666666667,0.09875833333333461,0,0,251,-1
1271,-576452506490,2.216791005533075,2.012258137577585,0.045555978818961,0.17737880157871233,-0.22996188177613333,0.1458918060217843,0,1567180,0.01,0.1564144005,-0.22893770310000003,0,-0.0882291666666667,0.04625833333333462,0,0,251,-1
1272,-576452506482,2.2172355232025622,2.014039411530323,0.04332757135636584,0.17886760295013543,-0.17920988831266296,0.16718949950695422,0,1567190,0.01,0.1701778305,-0.17208875310000007,0,-0.21947916666666673,0.10750833333333465,0,0,251,-1
1273,-576452506472,2.2176597012215367,2.0158360368180874,0.04151404540748391,0.18047543286259288,-0.1944808565357167,0.12153061872756218,0,1567200,0.01,0.11512411049999999,-0.19662356310000006,0,-0.2544791666666667,0.3087583333333346,0,0,251,-1
1274,-576452506462,2.2180652516241883,2.0176465908912924,0.039590162783475824,0.18164751228361287,-0.17956703723355566,0.09072310712276803,0,1567210,0.01,0.08640043049999999,-0.17747444310000005,0,-0.2282291666666667,0.07250833333333473,0,0,251,-1
1275,-576452506422,2.218452210246639,2.0194671060615046,0.03780001260342882,0.18247726430537148,-0.17563282232881167,0.03550415544628995,0,1567220,0.01,0.02775625049999998,-0.17508080310000007,0,-0.2982291666666667,-0.09374166666666528,0,0,251,-1
1277,-576452506414,2.219173013732944,2.023124456726175,0.03427639255616756,0.18329737924364584,-0.17941652380268683,0.0838064126188664,0,1567240,0.01,0.08999089049999999,-0.17986808310000005,0,-0.4469791666666667,0.19500833333333478,0,0,251,-1
1278,-576452506413,2.2195389649103214,2.0251459480740475,0.03226856863187241,0.18424114226709665,-0.2018531637660808,0.09815111985921834,0,1567251,0.011,0.10016386049999998,-0.2050013031000001,0,-0.2544791666666667,-0.05874166666666536,0,0,251,-1
1279,-576452506410,2.2198520259907424,2.0269937088242327,0.030321293077976437,0.18528990857609842,-0.15161143222551612,0.14557181748107925,0,1567261,0.01,0.15222553049999998,-0.14456189310000003,0,-0.4032291666666667,0.07250833333333473,0,0,251,-1
1280,-576452506400,2.2384891609640953,2.0520926835308293,0.03723533050341882,0.19649063343160122,-0.13860466137651128,0.16872684219682704,0,1567272,0.011,0.17197306049999997,-0.13678256310000006,0,-0.12322916666666671,0.020008333333334738,0,1,252,2
1281,-576452506387,2.238889503602967,2.054264106813181,0.03558694700124501,0.19831947106331668,-0.2188720160220829,0.15110730979644688,0,1567283,0.011,0.1486350705,-0.23013452310000007,0,-0.1844791666666667,0.21250833333333463,0,0,252,-1
1282,-576452506378,2.2392669794928,2.0564540854283475,0.033074221586481885,0.19988517495444474,-0.2869989744418604,0.08858989105043,0,1567294,0.011,0.07981792049999999,-0.29655803310000006,0,-0.1319791666666667,0.3350083333333347,0,0,252,-1
1283,-576452506368,2.23958294343025,2.0584565507464654,0.03013940377082501,0.20064759635627089,-0.33264099988545637,0.0016559258613010747,0,1567304,0.01,-0.010541989500000019,-0.33904514310000006,0,-0.28947916666666673,0.16000833333333464,0,0,252,-1
1284,-576452506357,2.2367153281922905,2.063901583915079,0.025424630844714968,0.20210379902694522,-0.29470093527749525,0.03084225931161688,0,1567314,0.01,0.034937170499999975,-0.2893771131000001,0,-0.3069791666666667,0.16000833333333464,0,1,253,1
1285,-576452506347,2.2369774396124282,2.0661271491221225,0.022222089224409693,0.20252464323500524,-0.2690411059462812,0.08428713978420428,0,1567325,0.011,0.09178612049999998,-0.2654407131000001,0,-0.26322916666666674,0.09000833333333458,0,0,253,-1
1286,-576452506337,2.237186085620962,2.068155708633651,0.019513082968155487,0.203230216877266,-0.2821518261685891,-0.012517724379105644,0,1567335,0.01,-0.026100649500000024,-0.2839914231000001,0,-0.1669791666666667,0.028758333333334773,0,0,253,-1
1287,-576452506327,2.237367621063012,2.070187785049845,0.01677113922907125,0.20316719586817408,-0.22551479255934326,0.03172185753608937,0,1567345,0.01,0.03792922049999998,-0.2175679131000001,0,-0.24572916666666672,-0.10249166666666532,0,0,253,-1
1288,-576452506317,2.237524520570459,2.072220700326646,0.0145883694214001,0.2034309284937964,-0.1739396906532508,-0.006391089522245541,0,1567355,0.01,-0.011738809500000008,-0.16670306310000005,0,-0.14947916666666672,-0.11999166666666539,0,0,253,-1
1289,-576452506306,2.2376741352577696,2.0744579445427145,0.012626251572369995,0.20334465902933538,-0.20590224906080046,-0.016853336297205083,0,1567366,0.011,-0.018321319500000023,-0.21038699310000006,0,-0.3157291666666667,-0.04124166666666529,0,0,253,-1
1290,-576452506295,2.2377999126048564,2.0766932206990054,0.010267909460389685,0.20308853608556987,-0.2665110985306005,-0.06274675297243766,0,1567377,0.011,-0.06918616950000003,-0.27501527310000007,0,-0.0969791666666667,-0.014991666666665293,0,0,253,-1
1291,-576452506283,2.248869055983158,2.0927673935850795,0.012481802667160796,0.20809527341557688,-0.2639964789170262,-0.1072258032129643,0,1567388,0.011,-0.11346850950000004,-0.2636454831000001,0,-0.28947916666666673,0.12500833333333472,0,1,254,2
1292,-576452506273,2.2489902037540217,2.0950503156426112,0.009552397766411895,0.20696727537660933,-0.2804815437041728,-0.07386684568440299,0,1567399,0.011,-0.06918616950000003,-0.28279460310000004,0,-0.3244791666666667,0.19500833333333478,0,0,254,-1
1293,-576452506263,2.249071117659568,2.0971172840999395,0.006658981624080898,0.2063782965247065,-0.34285936921477284,0.031519891916779647,0,1567409,0.01,0.04630696049999997,-0.35161175310000004,0,-0.0707291666666667,0.24750833333333477,0,0,254,-1
1294,-576452506253,2.2491205473062084,2.099182399367175,0.003227713931928878,0.20665567248705496,-0.3447622458651071,0.004604381064036989,0,1567419,0.01,8.278004999999679e-4,-0.34502924310000005,0,-0.2982291666666667,0.14250833333333457,0,0,254,-1
1295,-576452506243,2.249135008298814,2.1012495200213768,-3.100858252672139e-4,0.20675377624176355,-0.40901921238517785,0.04170034577965609,0,1567429,0.01,0.046905370499999974,-0.4180352631000001,0,-0.0882291666666667,0.1512583333333346,0,0,254,-1
1296,-576452506233,2.2491110458993826,2.1033197402708077,-0.0044643890214694296,0.20726407314608772,-0.45470982280910816,0.10818861964363746,0,1567439,0.01,0.11751775049999999,-0.46112078310000004,0,-0.2544791666666667,0.08125833333333476,0,0,254,-1
1297,-576452506222,2.2479543232377592,2.1065904968734217,-0.009599475645477662,0.20884246903907855,-0.5206814238009486,0.11689469550450654,0,1567449,0.01,0.11811616049999998,-0.5299379331000001,0,-0.3944791666666667,0.011258333333334702,0,1,255,1
1298,-576452506212,2.247817867608176,2.108894003030629,-0.015232043978593702,0.21000500950219655,-0.4584787947460419,0.03610061391241884,0,1567460,0.011,0.024764200499999982,-0.44975099310000005,0,-0.3682291666666667,-0.05874166666666536,0,0,255,-1
1299,-576452506202,2.247643397086122,2.1109951266776634,-0.019698802025663927,0.210254416813395,-0.3752570042348796,-0.04258670154966103,0,1567470,0.01,-0.053627509500000024,-0.3635799531,0,-0.2019791666666667,0.09000833333333458,0,0,255,-1
1300,-576452506192,2.2474276153233275,2.1130945333416764,-0.023456154674775565,0.20967190915096254,-0.3786609914091826,-0.1540757507814529,0,1567480,0.01,-0.16971904950000005,-0.3791386131000001,0,-0.24572916666666672,-0.04124166666666529,0,0,255,-1
1301,-576452506181,2.247174664435891,2.1151823586063747,-0.027157924434011296,0.20794546260634098,-0.31820568383401726,-0.28639383798008466,0,1567490,0.01,-0.3049597095,-0.30972305310000003,0,-0.1407291666666667,0.09875833333333461,0,0,255,-1
1302,-576452506172,2.24688736906938,2.1172461164788436,-0.03030966216486832,0.204866493573377,-0.2965978330196476,-0.43964208633842794,0,1567500,0.01,-0.46114471949999997,-0.29356598310000004,0,-0.3769791666666667,0.0637583333333347,0,0,255,-1
1303,-576452506162,2.2465685517517415,2.119272243266901,-0.03341475779352127,0.20038323520665827,-0.3957458276623906,-0.5015306106517083,0,1567510,0.01,-0.5102143395,-0.4096575231000001,0,-0.3332291666666667,-0.02374166666666533,0,0,255,-1
1306,-576452506080,2.2518036187423887,2.133840207216614,-0.039719523564003247,0.19198560507604065,-0.07739966942993214,-0.06186812506823525,0,1567543,0.011,-0.045249769500000016,-0.06018608310000006,0,-0.1319791666666667,0.30000833333333476,0,0,256,-1
1307,-576452506079,2.2513610048188175,2.13594770582342,-0.040715279707434715,0.19121982611093816,-0.1709330568150715,-0.11708998630609982,0,1567554,0.011,-0.1248382995,-0.18405695310000006,0,-0.07947916666666671,0.19500833333333478,0,0,256,-1
1308,-576452506079,2.2509442513321276,2.1378534832528273,-0.042584071623178635,0.1899632455160055,-0.2831993214100708,-0.1774121679833783,0,1567564,0.01,-0.18587611950000002,-0.2989516731000001,0,-0.21947916666666673,0.35250833333333476,0,0,256,-1
1309,-576452506078,2.2505032416772504,2.1397432654938013,-0.0455726412857849,0.18803710449305105,-0.3946219535277168,-0.285591881672434,0,1567574,0.01,-0.3007708395,-0.4102559331000001,0,-0.21947916666666673,0.19500833333333478,0,0,256,-1
1310,-576452506078,2.2500277458065825,2.1416089870005437,-0.04952484523545872,0.18512347225731476,-0.39888622310071753,-0.32671630235849963,0,1567584,0.01,-0.3324865695,-0.39948455310000003,0,-0.1932291666666667,0.19500833333333478,0,0,256,-1
1311,-576452505978,2.2495130057508073,2.1434442978588883,-0.05344301829292583,0.18192063432973554,-0.34850753844854504,-0.28087316168053034,0,1567594,0.01,-0.27444079950000005,-0.3414387831000001,0,-0.3069791666666667,0.12500833333333472,0,0,256,-1
1312,-576452505977,2.2479165004451396,2.1463887699904842,-0.057320750325169985,0.17949140530732144,-0.2908805117357997,-0.3403045710955277,0,1567604,0.01,-0.34864363950000005,-0.28279460310000004,0,-0.21947916666666673,0.22125833333333467,0,1,257,1
1313,-576452505977,2.2472684877079763,2.1483420655170606,-0.06050320860940862,0.17567122218734812,-0.2795913348683918,-0.3906492724326992,0,1567615,0.011,-0.3977132595,-0.2780073231000001,0,-0.3419791666666667,0.27375833333333466,0,0,257,-1
1314,-576452505976,2.2466499384211636,2.1500793883851035,-0.06322867886697116,0.17178645897241676,-0.2299227259949855,-0.37532818799221884,0,1567625,0.01,-0.3731784495,-0.22295360310000004,0,-0.23697916666666669,0.11625833333333468,0,0,257,-1
1315,-576452505976,2.246006448023215,2.15177842772765,-0.06548245417313518,0.1680240289351502,-0.19757227349891565,-0.3818394048773316,0,1567635,0.01,-0.38275300949999996,-0.19303310310000008,0,-0.2807291666666667,0.002508333333334667,0,0,257,-1
1316,-576452505976,2.24534212993049,2.1534395074907753,-0.06739809352102291,0.1641949367160937,-0.15475812065591668,-0.3894626969170099,0,1567645,0.01,-0.39053233950000005,-0.14875076310000004,0,-0.21947916666666673,0.19500833333333478,0,0,257,-1
1317,-576452505976,2.2446594351530544,2.155062394976609,-0.06909806899711017,0.16036452803132875,-0.26336661238621883,-0.3436955489579529,0,1567655,0.01,-0.33727384950000006,-0.2786057331000001,0,-0.3157291666666667,0.43125833333333463,0,0,257,-1
1318,-576452505971,2.2439554678168245,2.156649552019039,-0.07170336141515576,0.15703635143086994,-0.2431448566585008,-0.26616954150838834,0,1567665,0.01,-0.2552916795,-0.24030749310000002,0,-0.2544791666666667,0.44000833333333467,0,0,257,-1
1319,-576452505971,2.243227195129707,2.1582068483507495,-0.0739914163826106,0.15441233976105023,-0.14094894864940244,-0.23931252287848093,0,1567675,0.01,-0.23554414950000005,-0.12660959310000006,0,-0.3944791666666667,0.3350083333333347,0,0,257,-1
1320,-576452505970,2.242479780720528,2.159740115501903,-0.07547162099331846,0.15219247045578546,-0.19134728094323317,-0.11583385120334032,0,1567685,0.01,-0.09850825950000001,-0.19841879310000005,0,-0.3682291666666667,0.19500833333333478,0,0,257,-1
1321,-576452505876,2.2417156441672894,2.161256493460426,-0.07736213302183259,0.15107238616177404,-0.1749832411812372,-0.08857025128456994,0,1567695,0.01,-0.08474482950000004,-0.17268716310000007,0,-0.4644791666666667,0.13375833333333476,0,0,257,-1
1322,-576452505875,2.2462803535935425,2.1697130168082035,-0.07675001628450073,0.15286403440146265,-0.18346450984990365,-0.1523863087023896,0,1567706,0.011,-0.16134130950000006,-0.18465536310000005,0,-0.4032291666666667,0.22125833333333467,0,1,258,2
1323,-576452505874,2.2454250549299433,2.171384368749315,-0.07876164438042485,0.1510535482394642,-0.17926105941806866,-0.23948078275142737,0,1567717,0.011,-0.2517012195,-0.17867126310000006,0,-0.2807291666666667,-0.02374166666666533,0,0,258,-1
1324,-576452505874,2.244628520286444,2.1728821907640543,-0.08054755814926377,0.14854663899280648,-0.17454561810031224,-0.318418567585065,0,1567727,0.01,-0.3294945195,-0.17388398310000006,0,-0.21947916666666673,0.16000833333333464,0,0,258,-1
1325,-576452505874,2.243814469901681,2.174352104320573,-0.08226933882587831,0.14541959715742261,-0.15769730127039988,-0.2777530384550374,0,1567737,0.01,-0.2720471595,-0.15533327310000009,0,-0.2719791666666667,0.30000833333333476,0,0,258,-1
1326,-576452505873,2.242985661611322,2.1757931279342593,-0.08357017476409953,0.14275366668687994,0.03906819342959694,-0.19823088551964863,0,1567747,0.01,-0.18707293950000006,0.06667683689999995,0,-0.1144791666666667,0.2562583333333346,0,0,258,-1
1327,-576452505873,2.2421520082310256,2.1772108881416563,-0.08316466530971446,0.14079245114131655,0.049635458347089226,-0.18319812286379974,0,1567757,0.01,-0.18108883950000004,0.05111817689999995,0,-0.2982291666666667,0.30000833333333476,0,0,258,-1
1328,-576452505873,2.2413229210422934,2.1786095656377786,-0.08265617765943148,0.13894686608375667,0.058282613589458646,-0.19289348038687906,0,1567767,0.01,-0.19425385950000001,0.05949591689999995,0,-0.1582291666666667,0.2037583333333346,0,0,258,-1
1329,-576452505873,2.2404986653150187,2.1799894071952144,-0.08216831754143336,0.13702067533630422,-0.009399194555809467,-0.19093780504699423,0,1567777,0.01,-0.19066339950000002,-0.018895793100000047,0,-0.10572916666666671,0.10750833333333465,0,0,258,-1
1330,-576452505872,2.2396763949241203,2.1813515496675393,-0.08228062174967554,0.13534284182854434,-0.02245025690882385,-0.025917112797343267,0,1567787,0.01,-0.002762659500000015,-0.02428148310000004,0,-0.1844791666666667,0.27375833333333466,0,0,258,-1
1331,-576452505773,2.238851254207129,2.1827050905086702,-0.08269440481988459,0.13530360683402146,-0.1573495730858849,0.13083032726876853,0,1567797,0.01,0.15282394049999998,-0.17627762310000009,0,-0.2544791666666667,0.2650083333333346,0,0,258,-1
1332,-576452505772,2.2357064453504494,2.1865487089957347,-0.08535057268174448,0.13769200041401677,-0.1881177859666646,0.18160451283383297,0,1567807,0.01,0.18872854049999999,-0.19243469310000005,0,-0.2719791666666667,0.03750833333333459,0,1,259,1
1333,-576452505772,2.2347571280389573,2.1880737325339275,-0.0872838915499216,0.1396038823346016,-0.09901793863448262,0.12540345687819532,0,1567818,0.011,0.11751775049999999,-0.08651612310000005,0,-0.14947916666666672,0.11625833333333468,0,0,259,-1
1335,-576452505772,2.2329880799303483,2.1908817117326045,-0.08981825685800307,0.14068584355290917,-0.036639441431568304,-0.12973182103670142,0,1567838,0.01,-0.15056992950000003,-0.018895793100000047,0,-0.21947916666666673,0.1775083333333347,0,0,259,-1
1336,-576452505771,2.232088040137092,2.192281518042714,-0.0901885902978072,0.13930028233984937,-0.039446305236423514,-0.1926119203588858,0,1567848,0.01,-0.2014347795,-0.039840143100000044,0,-0.24572916666666672,0.020008333333334738,0,0,259,-1
1337,-576452505771,2.23118407035671,2.1936644104910132,-0.09060047384381256,0.13729924482981465,-0.0518615587834319,-0.2460047694355008,0,1567858,0.01,-0.25349644950000005,-0.05360357310000006,0,-0.12322916666666671,0.07250833333333473,0,0,259,-1
1338,-576452505770,2.230274921315118,2.19502442602019,-0.0912051744999433,0.13473351963711291,-0.11321382756509539,-0.3213204358057498,0,1567868,0.01,-0.33188815950000006,-0.12182231310000007,0,-0.2282291666666667,0.002508333333334667,0,0,259,-1
1339,-576452505770,2.229357499379152,2.1963556967993685,-0.09229194437334116,0.13152056587282612,-0.08087999194480061,-0.32114183886906006,0,1567878,0.01,-0.3211167795,-0.07634315310000009,0,-0.2282291666666667,0.14250833333333457,0,0,259,-1
1340,-576452505770,2.228431085594191,2.1976546758308055,-0.09301490211494598,0.12828267052239248,-0.019700680562934794,-0.34001184342474505,0,1567888,0.01,-0.34265953950000005,-0.011116463100000062,0,-0.5519791666666667,0.08125833333333476,0,0,259,-1
1341,-576452505671,2.2275009008401763,2.1989203349242605,-0.09306365299583853,0.12485646801076708,0.08596061449462006,-0.3586018417742038,0,1567898,0.01,-0.3612102495,0.10078620689999995,0,-0.2282291666666667,0.09000833333333458,0,0,259,-1
1342,-576452505670,2.2248738705811384,2.2019885180808605,-0.09278204703756004,0.12114405148979512,0.12415107236105484,-0.6647351436861159,0,1567909,0.011,-0.7076896395000001,0.12950988689999995,0,-0.2544791666666667,0.18625833333333475,0,1,260,1
1343,-576452505669,2.2238601783948426,2.203283361662272,-0.09150538446881729,0.1141888331147265,0.06640200807873589,-0.4331934813414563,0,1567920,0.011,-0.40070530950000005,0.05829909689999995,0,-0.23697916666666669,0.10750833333333465,0,0,260,-1
1344,-576452505669,2.2229479590084162,2.204407214042465,-0.0909155453331624,0.11040636306582331,0.014165296508769402,-0.04628004195865837,0,1567930,0.01,0.008008720499999986,0.00683583689999994,0,-0.1144791666666667,0.1775083333333347,0,0,260,-1
1345,-576452505668,2.221947170453807,2.2056194233245368,-0.0909884954828607,0.10997565509481885,-0.13552647747754784,0.0050020726978624586,0,1567941,0.011,0.012197590499999989,-0.15653009310000007,0,-0.26322916666666674,0.35250833333333476,0,0,260,-1
1346,-576452505668,2.221029079424601,2.206718573497828,-0.09256120117983845,0.10989542253611041,-0.28881340304541603,-0.08682114172800691,0,1567951,0.01,-0.09970507950000002,-0.3103214631000001,0,-0.1669791666666667,-0.07624166666666532,0,0,260,-1
1347,-576452505668,2.220088381435434,2.207809510063993,-0.09554956824294057,0.1084561329416147,-0.3601526767047705,-0.49327700252667556,0,1567961,0.01,-0.5503078095,-0.37016246310000006,0,-0.1319791666666667,-0.02374166666666533,0,0,260,-1
1348,-576452505667,2.219115455241643,2.2088662862100077,-0.0990610472837,0.10303634565815271,-0.2959867498225753,-0.8403142343707919,0,1567971,0.01,-0.8890078695000001,-0.28698347310000005,0,-0.2282291666666667,0.09875833333333461,0,0,260,-1
1349,-576452505667,2.2181118234203696,2.209855542309947,-0.10174328020050614,0.09477504376385146,-0.09812194363032942,-0.7392272844519313,0,1567981,0.01,-0.7250435295,-0.07035905310000005,0,-0.3244791666666667,-0.032491666666665364,0,0,260,-1
1350,-576452505667,2.2170900804599,2.2107671409452236,-0.10263143168861283,0.08750920046541422,-0.03179302450653235,-0.6491217723023393,0,1567991,0.01,-0.6364788495,-0.022486253100000048,0,-0.06197916666666671,0.002508333333334667,0,0,260,-1
1351,-576452505613,2.2160614011524227,2.2116101829365222,-0.10307044921363749,0.08108140084138324,-0.11809132885230855,-0.6039240074361537,0,1568001,0.01,-0.5975821995000001,-0.13020005310000007,0,-0.07947916666666671,-0.049991666666665324,0,0,260,-1
1352,-576452505613,2.231099022021358,2.232469894101112,-0.09692242778189947,0.08302746616703661,-0.15232325693467272,-0.4876326794334064,0,1568012,0.011,-0.4713176895000001,-0.1571285031000001,0,-0.2282291666666667,-0.049991666666665324,0,1,261,2
1353,-576452505612,2.2258071729945166,2.2378657687871786,-0.10029694575630947,0.08008467215330577,-0.09251488220163986,-0.4455115936456586,0,1568022,0.01,-0.43960195950000003,-0.08412248310000008,0,-0.17572916666666671,0.21250833333333463,0,1,262,1
1354,-576452505612,2.224799877602066,2.238643396394226,-0.10117415559017609,0.07548127057809319,-0.05839150663254664,-0.5510571207733242,0,1568032,0.01,-0.5658664695,-0.05360357310000006,0,-0.1319791666666667,0.22125833333333467,0,0,262,-1
1355,-576452505611,2.2237869273896145,2.239370140426022,-0.10149074030772307,0.06988987668392606,0.13210320254501928,-0.6086502832779337,0,1568042,0.01,-0.6167313195,0.15883197689999995,0,-0.26322916666666674,0.1512583333333346,0,0,262,-1
1356,-576452505611,2.2227785340159065,2.2400388730407137,-0.10018394447254007,0.0638449741030545,0.12195732900709849,-0.5790025629918092,0,1568052,0.01,-0.5748426195,0.12053373689999995,0,-0.14947916666666672,0.13375833333333476,0,0,262,-1
1357,-576452505609,2.2217812395001832,2.2406506826697434,-0.099206902594427,0.05841571429913571,-0.05089324948617932,-0.321887085349855,0,1568062,0.01,-0.28581058950000005,-0.07514633310000007,0,-0.1932291666666667,0.30000833333333476,0,0,262,-1
1358,-576452505599,2.231694214579252,2.2546230398598754,-0.09499040752221513,0.06111180179776749,-0.2757744685289998,-0.12284457691741567,0,1568072,0.01,-0.0949177995,-0.30732941310000006,0,-0.026979166666666707,0.29125833333333473,0,1,263,2
1359,-576452505589,2.230632784759156,2.255287774823264,-0.09800208741370575,0.05975143563085704,-0.2614644819944097,-0.12879119509099674,0,1568083,0.011,-0.12962557950000003,-0.2594566131000001,0,-0.06197916666666671,0.05500833333333466,0,0,263,-1
1360,-576452505579,2.2296421877715717,2.255879734000117,-0.10023614548440528,0.058598686454365334,0.006883158987964988,-0.033488676826531144,0,1568093,0.01,-0.020116549500000032,0.044535666899999944,0,-0.3507291666666667,0.08125833333333476,0,0,263,-1
1361,-576452505567,2.228638120220582,2.256462453897546,-0.10048588792446402,0.05801632047265644,-0.2198621054713951,-0.2096322042416875,0,1568103,0.01,-0.23434732949999995,-0.2516772831000001,0,-0.26322916666666674,-0.05874166666666536,0,0,263,-1
1362,-576452505558,2.2275168988281324,2.2570831356463574,-0.10328018273500722,0.055007630006950074,-0.46606983923174417,-0.6700199666892368,0,1568114,0.011,-0.7346180895000001,-0.5006158431000001,0,-0.3244791666666667,0.011258333333334702,0,0,263,-1
1363,-576452505464,2.2263529157675506,2.257646442761042,-0.10836467155637576,0.04746031071442764,-0.4386395530395928,-0.7849197345797424,0,1568125,0.011,-0.8010415995000001,-0.43479074310000004,0,-0.28947916666666673,0.028758333333334773,0,0,263,-1
1364,-576452505463,2.225135326520966,2.258121531748563,-0.11305330640545008,0.03889912553259958,-0.35025041700902415,-0.7376589103024521,0,1568136,0.011,-0.7310276295,-0.3378483231000001,0,-0.3682291666666667,0.10750833333333465,0,0,263,-1
1365,-576452505463,2.2239891515736505,2.258474349846236,-0.11627277439366927,0.0316299306476015,-0.15097934078668881,-0.6620482188750801,0,1568146,0.01,-0.6514390995,-0.12301913310000007,0,-0.21947916666666673,0.16000833333333464,0,0,263,-1
1366,-576452505463,2.22281986670939,2.2587579066014296,-0.11762864615812957,0.025065293974312768,-0.041445650645286214,-0.6223074439510299,0,1568156,0.01,-0.6167313195,-0.026076713100000048,0,-0.3157291666666667,-0.1549916666666653,0,0,263,-1
1367,-576452505462,2.2216414923063783,2.258979494471657,-0.11804554555020157,0.019162079532231695,-0.04318635995738672,-0.3943871222572092,0,1568166,0.01,-0.3624070695,-0.04343060310000005,0,-0.3419791666666667,0.03750833333333459,0,0,263,-1
1368,-576452505462,2.220456583779436,2.25915213835825,-0.1188355731209129,0.015334139646575465,-0.29844228551076946,-0.3117652979260034,0,1568176,0.01,-0.30017242949999995,-0.3342578631000001,0,-0.28947916666666673,0.0637583333333347,0,0,263,-1
1369,-576452505462,2.2192533254950826,2.259290982396046,-0.12181694111707381,0.01238685332779013,-0.2962651081345732,-0.19034612758012853,0,1568186,0.01,-0.17330950950000004,-0.29595962310000007,0,-0.14947916666666672,-0.032491666666665364,0,0,263,-1
1370,-576452505461,2.2180195342870093,2.259405830893705,-0.12490586470788008,0.010561052415813158,-0.3862588965285946,-0.13499797319192625,0,1568196,0.01,-0.12723193950000003,-0.39888614310000003,0,-0.23697916666666669,0.020008333333334738,0,0,263,-1
1371,-576452505461,2.216750318268141,2.2595053279124544,-0.12890033094103887,0.009310460561035173,-0.48024719687489836,-0.06416470679044554,0,1568206,0.01,-0.054225919500000004,-0.4934349231000001,0,-0.2019791666666667,-0.049991666666665324,0,0,263,-1
1372,-576452505448,2.212365542583603,2.262794650965601,-0.13506242791617065,0.009902552118021116,-0.4687223211172516,-0.12262007026580714,0,1568216,0.01,-0.1308223995,-0.46710488310000003,0,-0.3507291666666667,-0.16374166666666534,0,1,264,1
1373,-576452505444,2.2194061307824833,2.273306858817482,-0.13605476619857207,0.012866221059360656,-0.31669179966187455,-0.17284377028094294,0,1568227,0.011,-0.17989201950000003,-0.2953612131000001,0,-0.3507291666666667,-0.10249166666666532,0,1,265,2
1374,-576452505433,2.217891226162527,2.273436235857147,-0.13941652515122702,0.010721660431006235,-0.23763650333698672,-0.33068537182036783,0,1568238,0.011,-0.3528325095,-0.22654406310000008,0,-0.21947916666666673,0.07250833333333473,0,0,265,-1
1375,-576452505425,2.2164857035538716,2.2735260575697027,-0.14171349366259986,0.007284380640594183,-0.181728561873271,-0.42252662119994,0,1568248,0.01,-0.4354130895,-0.17388398310000006,0,-0.4207291666666667,-0.11124166666666535,0,0,265,-1
1376,-576452505362,2.2150592688896973,2.273578171562961,-0.14356388303513337,0.0031206640009113075,-0.2052863173334331,-0.3787258340998739,0,1568258,0.01,-0.3725800395,-0.20859176310000005,0,-0.3332291666666667,-0.09374166666666528,0,0,265,-1
1377,-576452505362,2.21361302339024,2.273590589528581,-0.14567015722136464,-6.435649960854823e-4,-0.24334511145241855,-0.36231594132816575,0,1568268,0.01,-0.3600134295,-0.2486852331000001,0,-0.2719791666666667,0.10750833333333465,0,0,265,-1
1378,-576452505361,2.2121438578349517,2.2735656742575965,-0.14814994195308784,-0.004323535051674226,-0.2763661159276434,-0.40280370346292976,0,1568278,0.01,-0.4084846395000001,-0.28099937310000006,0,-0.24572916666666672,-0.02374166666666533,0,0,265,-1
1379,-576452505361,2.210649201412375,2.2735039371893846,-0.1508103274327458,-0.008095692643636888,-0.20276223239533647,-0.2204401427114903,0,1568288,0.01,-0.1948522695,-0.19243469310000005,0,-0.1582291666666667,0.028758333333334773,0,0,265,-1
1380,-576452505361,2.209131093259063,2.27341349886789,-0.15281714238179403,-0.010059491733702143,-0.1879329198812922,-0.04896405498317599,0,1568298,0.01,-0.02490382950000002,-0.18585218310000004,0,-0.17572916666666671,0.24750833333333477,0,0,265,-1
1381,-576452505360,2.2075929710923172,2.273311923026217,-0.15478300693920977,-0.010319982008675017,-0.24960625760381477,0.11435025397773488,0,1568308,0.01,0.13726528049999998,-0.2582597931000001,0,-0.24572916666666672,0.08125833333333476,0,0,265,-1
1382,-576452505261,2.2018942961473695,2.277458155506169,-0.15911184139404627,-0.007233594652839527,-0.23567956906202625,0.25042180569190525,0,1568318,0.01,0.26951389049999996,-0.23372498310000003,0,-0.0882291666666667,0.10750833333333465,0,1,266,1
1383,-576452505260,2.200131744302369,2.277395896507862,-0.16142138567313272,-0.004163476449429583,-0.05029345771188237,0.4571340188539027,0,1568329,0.011,0.48613831050000006,-0.02428148310000004,0,-0.3594791666666667,0.07250833333333473,0,0,266,-1
1384,-576452505259,2.198513732184772,2.27737554176473,-0.16211971545502557,1.678125794654127e-4,-0.18806402138986408,0.28787705529270124,0,1568339,0.01,0.26412820049999997,-0.20739494310000006,0,-0.14947916666666672,0.10750833333333465,0,0,266,-1
1385,-576452505259,2.196883267995824,2.277391534574632,-0.16397919782478154,0.003034280028161453,-0.17300491308558597,0.2791203105753875,0,1568349,0.01,0.2778916305,-0.17089193310000006,0,-0.1407291666666667,0.13375833333333476,0,0,266,-1
1386,-576452505258,2.1952365557107507,2.2774356774133655,-0.16543931596920927,0.0058011411537011864,0.019342206369252407,0.2617747220651282,0,1568359,0.01,0.2593409205,0.04633089689999995,0,-0.3419791666666667,0.002508333333334667,0,0,266,-1
1387,-576452505258,2.1935822436121177,2.2775072252208184,-0.1653842521609435,0.0084887914882552,-0.07926308559112523,0.3115933395352304,0,1568369,0.01,0.3185835105,-0.09309863310000006,0,-0.1844791666666667,0.1512583333333346,0,0,266,-1
1388,-576452505257,2.191923961162166,2.27760758285673,-0.16625134103301403,0.011587554593357375,-0.13232882989849198,0.2993561852740997,0,1568379,0.01,0.2976391605,-0.13977461310000006,0,-0.2019791666666667,0.04625833333333462,0,0,266,-1
1389,-576452505256,2.1902551922640847,2.2777360599917533,-0.1675182579924576,0.01421157607942592,-0.09215325534138658,0.035986595922233966,0,1568389,0.01,-9.674295000000236e-4,-0.08651612310000005,0,-0.4032291666666667,0.09875833333333461,0,0,266,-1
1390,-576452505255,2.1885750975404923,2.2778790379985043,-0.16848734245232225,0.014425094194601742,-0.12604327263309817,-0.06831481564338247,0,1568399,0.01,-0.08294959950000001,-0.13079846310000007,0,-0.1582291666666667,0.12500833333333472,0,0,266,-1
1391,-576452505255,2.186884054219504,2.2780193995694002,-0.1697271185188489,0.01366797742196657,-0.11132136907092366,-0.12103189791394345,0,1568409,0.01,-0.12842875950000002,-0.10925570310000006,0,-0.3769791666666667,0.04625833333333462,0,0,266,-1
1393,-576452505158,2.191526593655339,2.2940610009628393,-0.16593272338973614,0.019825019190919273,0.06508654975638233,0.17378119019260674,0,1568430,0.011,0.19411423049999998,0.06248796689999995,0,-0.24572916666666672,0.09875833333333461,0,1,268,1
1394,-576452505157,2.189704092677518,2.294289154581583,-0.16538609384129319,0.0216751206611435,-0.044771617398407765,0.133886807964126,0,1568441,0.011,0.1282891305,-0.06018608310000006,0,-0.3332291666666667,0.2037583333333346,0,0,268,-1
1395,-576452505157,2.187882928550536,2.2945342222666856,-0.16576582189911346,0.02294027476206335,0.028298869744826066,-6.420669915132571e-4,0,1568452,0.011,-0.019518139500000028,0.038551566899999945,0,-0.3244791666666667,-0.006241666666665369,0,0,268,-1
1396,-576452505156,2.186227321289012,2.2947632159620635,-0.165386581081925,0.022876800673988416,0.09606504991280646,-0.04081046431382338,0,1568462,0.01,-0.046446589500000024,0.10557348689999996,0,-0.4644791666666667,-0.006241666666665369,0,0,268,-1
1397,-576452505156,2.184578738138008,2.2949895470594557,-0.1643515305914483,0.022407179861583117,0.14900956382856922,-0.08458659456268108,0,1568472,0.01,-0.09072892950000003,0.15643833689999997,0,-0.3507291666666667,0.18625833333333475,0,0,268,-1
1398,-576452505155,2.1829437468702007,2.295209175849344,-0.16269395246133936,0.021527978270750713,0.2683513514280592,-0.10834033465471826,0,1568482,0.01,-0.11167327950000004,0.28509648689999995,0,-0.1844791666666667,0.020008333333334738,0,0,268,-1
1399,-576452505155,2.181329757977823,2.295419243419438,-0.1600833497819174,0.02047655461067225,0.2163893335684707,-0.08554908498175223,0,1568492,0.01,-0.08235118950000002,0.20909841689999997,0,-0.3594791666666667,0.07250833333333473,0,0,268,-1
1400,-576452505155,2.17973956862765,2.295619869866099,-0.1579468359946013,0.019642670611143234,0.19687611402866495,-0.07015002844590466,0,1568502,0.01,-0.06798934950000002,0.19413816689999996,0,-0.1932291666666667,0.19500833333333478,0,0,268,-1
1401,-576452505155,2.178013962579859,2.2958306950470853,-0.15579607576077578,0.01872494464202797,0.18712818276244608,-0.16586378090666581,0,1568513,0.011,-0.17929360950000003,0.18576042689999997,0,-0.28947916666666673,-0.08499166666666536,0,0,268,-1
1402,-576452505054,2.1835337954522127,2.304527165075863,-0.15076218285327395,0.020701203019676356,0.15286852002651719,-0.14562887114563647,0,1568523,0.01,-0.14279059950000006,0.14806059689999995,0,-0.24572916666666672,0.0637583333333347,0,1,269,2
1403,-576452505054,2.1820330275132567,2.3047278275492857,-0.1493559164680531,0.019389973205308,0.06573739608384914,-0.04238261231848865,0,1568533,0.01,-0.027895879500000016,0.05351181689999994,0,-0.1669791666666667,0.11625833333333468,0,0,269,-1
1404,-576452505054,2.1805425542339494,2.304920566394546,-0.14872979039608394,0.019115799355152056,0.043471042885222036,0.06425669133770226,0,1568543,0.01,0.07921951049999999,0.04034679689999995,0,-0.2807291666666667,0.03750833333333459,0,0,269,-1
1405,-576452505053,2.1789095994373158,2.3051354131344026,-0.1481869117971921,0.01992274070733909,0.08586206924631018,0.12985609866217954,0,1568554,0.011,0.13906051049999998,0.09181005689999995,0,-0.2544791666666667,0.08125833333333476,0,0,269,-1
1406,-576452505053,2.1774302240045404,2.3053422401215307,-0.14760222919668434,0.021389791737429956,-0.10728762180353024,0.2486559284431433,0,1568564,0.01,0.2653250205,-0.13438892310000003,0,-0.03572916666666671,0.2300083333333347,0,0,269,-1
1407,-576452505053,2.175948997325779,2.3055678345207244,-0.1486502499969786,0.023761962222916072,-0.0895967782386515,0.16723969898702706,0,1568574,0.01,0.15581599049999997,-0.08711453310000007,0,-0.3069791666666667,0.11625833333333468,0,0,269,-1
1408,-576452505052,2.174459436357881,2.3058121165600878,-0.14932443789208646,0.025169171582518263,0.06843887180458749,-0.021727389330461755,0,1568584,0.01,-0.04824181950000001,0.09061323689999995,0,-0.2282291666666667,0.07250833333333473,0,0,269,-1
1409,-576452505052,2.1729693642591523,2.306062149869953,-0.14867903447804565,0.02486257335945846,0.04065478891212562,-0.08538713613146712,0,1568594,0.01,-0.09431938950000002,0.03675633689999996,0,-0.12322916666666671,-0.049991666666665324,0,0,269,-1
1410,-576452505051,2.1714836753898092,2.3063068507810565,-0.1484179224731532,0.02406250806385617,-0.06299642066088741,-0.04703990275842146,0,1568604,0.01,-0.04165930950000003,-0.07753997310000006,0,-0.1844791666666667,0.14250833333333457,0,0,269,-1
1411,-576452505051,2.1698474681808877,2.306568884328908,-0.1490814929886231,0.02357309382367555,-0.043739016195537994,-0.028677169158024044,0,1568615,0.011,-0.026100649500000024,-0.04103696310000005,0,-0.07947916666666671,0.028758333333334773,0,0,269,-1
1412,-576452505046,2.163697480177919,2.3113855238174907,-0.15156509295998633,0.02515647671526167,-0.015131079372255593,-0.06734986419766667,0,1568625,0.01,-0.07277662950000005,-0.011116463100000062,0,-0.17572916666666671,-0.11124166666666535,0,1,270,1
1413,-576452505035,2.168756662902086,2.31974398343019,-0.14855041256023788,0.027650520975599464,0.07130519019746193,-0.2001536072144739,0,1568636,0.011,-0.21878866949999998,0.08343231689999996,0,0.01677083333333329,0.12500833333333472,0,1,271,2
1414,-576452505025,2.1671265494434624,2.3200355764687064,-0.1478200388342192,0.02538319387310609,0.03628448669037164,-0.24273453615500698,0,1568647,0.011,-0.24870916950000002,0.031370646899999945,0,-0.21947916666666673,0.2037583333333346,0,0,271,-1
1415,-576452505014,2.165649517473279,2.3202780391843234,-0.14755498138509707,0.023072121578059733,-0.032572317949729895,-0.160860985791914,0,1568657,0.01,-0.14937310950000005,-0.04223378310000006,0,-0.03572916666666671,0.16000833333333464,0,0,271,-1
1416,-576452505004,2.157961600780249,2.3264445472716235,-0.1508279531436461,0.0240432282449273,-0.16174452955977833,3.498977173869257e-4,0,1568668,0.011,0.022968970499999974,-0.17986808310000005,0,-0.26322916666666674,0.0637583333333347,0,1,272,1
1417,-576452504954,2.1562926925556276,2.3267103950317436,-0.1526106063421075,0.024241065876787673,-0.16399381974258082,0.1261907548321452,0,1568679,0.011,0.1438477905,-0.16430942310000007,0,-0.3244791666666667,0.2037583333333346,0,0,272,-1
1422,-576452504852,2.1482626567186607,2.328001922990804,-0.1648821865183698,0.027291509767181723,-0.33782499657716186,0.09315354596844035,0,1568730,0.01,0.0804163305,-0.33365945310000006,0,-0.1319791666666667,-0.10249166666666532,0,0,272,-1
1423,-576452504850,2.1465977929538154,2.328278412323189,-0.1681284875265289,0.028054729350836763,-0.24391032788872255,-0.026645276375351384,0,1568740,0.01,-0.04345453950000002,-0.23073293310000004,0,-0.0444791666666667,-0.07624166666666532,0,0,272,-1
1424,-576452504850,2.1449039964304126,2.328557442854875,-0.17061691759122902,0.027759488926051616,-0.27905955048484576,-0.04715875376767938,0,1568750,0.01,-0.05003704950000001,-0.2839914231000001,0,-0.1407291666666667,-0.1549916666666653,0,0,272,-1
1425,-576452504849,2.143183698661617,2.328832751436341,-0.17343493568817323,0.027299086499749558,-0.29860310903171944,-0.03918733814647614,0,1568760,0.01,-0.03806884950000003,-0.30134531310000007,0,-0.2019791666666667,0.13375833333333476,0,0,272,-1
1426,-576452504849,2.1414350199114396,2.329103758742702,-0.17632714550514297,0.026903435085997244,-0.23173729722075836,-0.04187991720603316,0,1568770,0.01,-0.04225771950000002,-0.22235519310000004,0,-0.24572916666666672,0.08125833333333476,0,0,272,-1
1427,-576452504849,2.139660372241798,2.3293693806880436,-0.17861162053464394,0.02627873555930328,-0.20829109636907206,-0.18862408030535432,0,1568780,0.01,-0.2092141095,-0.2050013031000001,0,-0.1844791666666667,-0.05874166666666536,0,0,272,-1
1428,-576452504849,2.137863461928738,2.329622272866099,-0.18075380767554375,0.024320034297885477,-0.25053694560115336,-0.24026630393502782,0,1568790,0.01,-0.24751234950000006,-0.2564645631000001,0,-0.0707291666666667,-0.11124166666666535,0,0,272,-1
1429,-576452504848,2.136042775096415,2.329853878997767,-0.1833563028824704,0.02198282428500353,-0.31975800805325977,-0.19361824211666162,0,1568800,0.01,-0.18707293950000006,-0.3294705831000001,0,-0.1932291666666667,-0.049991666666665324,0,0,272,-1
1430,-576452504848,2.1341924970009676,2.330064167479284,-0.18666744724606463,0.020068685910851706,-0.400694734800278,-0.17790755420022905,0,1568810,0.01,-0.17570314950000004,-0.4120511631000001,0,-0.2807291666666667,-0.11124166666666535,0,0,272,-1
1431,-576452504847,2.1323057973266373,2.3302561413468226,-0.19067290549753552,0.01831809429843945,-0.3996334627531794,-0.15760719245880478,0,1568820,0.01,-0.15475879950000007,-0.39948455310000003,0,-0.1144791666666667,-0.032491666666665364,0,0,272,-1
1432,-576452504842,2.1246791919458845,2.3358996989250804,-0.19712750957234307,0.019030231479265736,-0.32393558137916567,-0.18921925043039348,0,1568830,0.01,-0.19365544950000002,-0.31331351310000005,0,-0.3682291666666667,-0.21624166666666533,0,1,274,1
1433,-576452504831,2.122691927526821,2.3360809426685467,-0.2003346501644235,0.01720105834047232,-0.3009763223778117,-0.1443053041609565,0,1568840,0.01,-0.1380033195,-0.29775485310000005,0,-0.2719791666666667,0.13375833333333476,0,0,274,-1
1434,-576452504821,2.120673468737062,2.3362465177352347,-0.20335443935664604,0.015879890215813704,-0.30812201381510973,-0.05743829070179653,0,1568850,0.01,-0.045249769500000016,-0.30912464310000004,0,-0.1669791666666667,0.08125833333333476,0,0,274,-1
1435,-576452504811,2.1186259575594795,2.3364019186186096,-0.20621084071352333,0.015223309802113507,-0.14789466128365786,-0.11602012968493672,0,1568860,0.01,-0.12423988950000002,-0.12541277310000004,0,-0.1844791666666667,0.16000833333333464,0,0,274,-1
1436,-576452504800,2.124878133491827,2.346839633120161,-0.20411298062676,0.018461606685060167,-0.22263805054914976,-0.037163913010145766,0,1568871,0.011,-0.026100649500000024,-0.23312657310000007,0,-0.3244791666666667,0.10750833333333465,0,1,275,2
1437,-576452504789,2.1226196855992296,2.3470408166941774,-0.2065236031091821,0.018104153156215524,-0.1977254679467217,-0.0038469792304089423,0,1568882,0.011,8.278004999999679e-4,-0.1942299231000001,0,-0.26322916666666674,-0.04124166666666529,0,0,275,-1
1438,-576452504779,2.1205444740888986,2.347221601162451,-0.20851439044080966,0.01805585507532266,-0.2072546942596364,-0.010767740686014547,0,1568892,0.01,-0.011738809500000008,-0.20859176310000005,0,-0.2807291666666667,0.05500833333333466,0,0,275,-1
1439,-576452504769,2.118448752476746,2.3474022359472064,-0.21062029439200106,0.018043583739802613,-0.2309926613963143,0.057126495642540936,0,1568902,0.01,0.06665290049999997,-0.23432339310000003,0,-0.2282291666666667,0.05500833333333466,0,0,275,-1
1440,-576452504759,2.1163323520239192,2.347585664600486,-0.21271927301943797,0.018636146840369103,-0.08067860296165663,0.0723028056582205,0,1568912,0.01,0.07443223049999999,-0.05958767310000004,0,-0.23697916666666669,0.13375833333333476,0,0,275,-1
1441,-576452504735,2.1142010557825497,2.34777614370375,-0.21353692384696113,0.019437638617425902,-0.08842171787867098,0.1282222655483943,0,1568922,0.01,0.1360684605,-0.08950817310000005,0,-0.0707291666666667,0.08125833333333476,0,0,275,-1
1442,-576452504734,2.11206125689782,2.3479772759195705,-0.21442247788387606,0.02077369561691251,-0.08937448766237865,0.1665896410506147,0,1568932,0.01,0.17197306049999997,-0.08950817310000005,0,-0.23697916666666669,0.07250833333333473,0,0,275,-1
1443,-576452504729,2.109913934352658,2.3481941014251815,-0.21510211583561972,0.022558138026791748,0.06321845172802082,0.2510767846117853,0,1568942,0.01,0.2629313805,0.08462913689999996,0,-0.1669791666666667,0.22125833333333467,0,0,275,-1
1444,-576452504718,2.101121784948317,2.3545194172775306,-0.21723614376250028,0.02790996401237197,0.10823264113415965,0.239432795352173,0,1568953,0.011,0.2377981605,0.11454963689999995,0,-0.5519791666666667,-0.08499166666666536,0,1,276,1
1445,-576452504707,2.098737412145118,2.354840150289026,-0.21623521125418804,0.030435554538897545,-0.014798075108966177,0.16925348029257703,0,1568964,0.011,0.1594064505,-0.03206081310000006,0,-0.3419791666666667,-0.02374166666666533,0,0,276,-1
1446,-576452504697,2.096574939622953,2.355152293317255,-0.21628917746664425,0.032025651175811055,0.05140379241182326,0.09712005608365842,0,1568974,0.01,0.08699884049999998,0.06069273689999995,0,-0.3332291666666667,-0.08499166666666536,0,0,276,-1
1447,-576452504687,2.0942002680662157,2.355510131697411,-0.21552041111334394,0.03304752534553224,0.18444673865120476,0.06672836266520595,0,1568985,0.011,0.06246403049999998,0.20311431689999998,0,-0.2982291666666667,-0.02374166666666533,0,0,276,-1
1448,-576452504676,2.092054874610429,2.3558437812350617,-0.21358646936341044,0.033690149632251434,0.2475224946906634,0.04934453718680472,0,1568995,0.01,0.046905370499999974,0.25637280689999997,0,-0.3594791666666667,0.09000833333333458,0,0,276,-1
1449,-576452504665,2.103810067143978,2.3732878259759014,-0.20472447159281923,0.04162868693618139,0.13721053899901428,0.10283376489883948,0,1569006,0.011,0.11033683049999998,0.12173055689999995,0,-0.3944791666666667,0.11625833333333468,0,1,277,2
1450,-576452504655,2.1015668836432675,2.373752074616883,-0.20314547983646916,0.042776471146415466,0.18241037794466564,0.11361181602340863,0,1569017,0.011,0.11512411049999999,0.1887524769,0,-0.4032291666666667,0.028758333333334773,0,0,277,-1
1451,-576452504602,2.099544965805421,2.3741850993164455,-0.2012583278414796,0.04384888937210697,0.226805613760084,0.06875763004908897,0,1569027,0.01,0.06246403049999998,0.23303481689999994,0,-0.3419791666666667,0.09000833333333458,0,0,277,-1
1452,-576452504601,2.097543620205418,2.3746272659242327,-0.19900619307401418,0.044573693063657105,0.2154754584525832,0.09524985255048299,0,1569037,0.01,0.09896704049999998,0.21388569689999992,0,-0.3682291666666667,0.12500833333333472,0,0,277,-1
1453,-576452504601,2.095367271849999,2.3751234171813644,-0.19668214804369225,0.04563282557808811,0.18521856496077763,0.10270786824200683,0,1569048,0.011,0.10375432049999998,0.18097314689999996,0,0.01677083333333329,-0.05874166666666536,0,0,277,-1
1454,-576452504601,2.0934097157254,2.3755849138298926,-0.19482928843762842,0.04666492726467731,0.1856937522234434,0.10624944349270525,0,1569058,0.01,0.10674637049999998,0.18576042689999997,0,-0.1844791666666667,-0.11999166666666539,0,0,277,-1
1455,-576452504601,2.0912771060808786,2.376104572450228,-0.1928916140747512,0.047821506956845325,0.1170064050608762,0.09828878919858972,0,1569069,0.011,0.09717181049999998,0.10736871689999995,0,-0.28947916666666673,-0.02374166666666533,0,0,277,-1
1456,-576452504593,2.087050112671256,2.378736829084088,-0.19270348139372653,0.04969931971257514,0.1584081799832807,0.07159540450760128,0,1569079,0.01,0.06784972049999999,0.16421766689999995,0,-0.3069791666666667,0.002508333333334667,0,1,278,1
1457,-576452504582,2.0849397355361114,2.3792875595754777,-0.19099330122779734,0.050444160956433934,0.13726396320439455,0.043646086983746585,0,1569090,0.011,0.03972445049999999,0.13429716689999996,0,-0.1144791666666667,0.2825083333333347,0,0,278,-1
1458,-576452504572,2.0830366162897005,2.379793305386493,-0.18962807444595325,0.05074696338754414,0.1320383371563726,-0.05057946405518038,0,1569100,0.01,-0.06380047950000005,0.13130511689999996,0,-0.0969791666666667,0.19500833333333478,0,0,278,-1
1459,-576452504562,2.0811471546033813,2.3802971777077273,-0.18827394050531324,0.0500752027303465,0.1560598677240287,-0.16870344713224614,0,1569110,0.01,-0.18527770950000003,0.15943038689999997,0,-0.1932291666666667,0.07250833333333473,0,0,278,-1
1460,-576452504552,2.0792724099647617,2.3807889390469383,-0.18668341806689076,0.048301490206588325,0.17738285664328754,-0.23046824150022355,0,1569120,0.01,-0.23913460950000004,0.18037473689999997,0,-0.2807291666666667,0.05500833333333466,0,0,278,-1
1461,-576452504541,2.0976703072107115,2.405840717528504,-0.17598113995939865,0.056635621832193596,0.10024248101389416,-0.1787660190561968,0,1569130,0.01,-0.1715142795,0.08941641689999995,0,-0.4382291666666667,0.05500833333333466,0,1,279,2
1462,-576452504531,2.0959156179700154,2.4063983967726577,-0.1749611117243237,0.05488928183768265,0.11278917925918933,-0.14931638853659407,0,1569140,0.01,-0.14518423950000003,0.11454963689999995,0,-0.2982291666666667,-0.006241666666665369,0,0,279,-1
1463,-576452504522,2.0941715331588036,2.4069396209232043,-0.17385093446514494,0.053364386202618276,0.10016403192287479,-0.17193155121170584,0,1569150,0.01,-0.1751047395,0.09839256689999995,0,-0.28947916666666673,0.21250833333333463,0,0,279,-1
1464,-576452504512,2.092437961522436,2.407464365083584,-0.17286030980076697,0.051597722854135955,0.09231321416760824,-0.20567614391023886,0,1569160,0.01,-0.21041092949999998,0.09121164689999996,0,-0.2019791666666667,0.2825083333333347,0,0,279,-1
1465,-576452504502,2.0907141587071267,2.4079702993664123,-0.17190834367683683,0.04957857871581049,0.11286305844227446,-0.1788664698475091,0,1569170,0.01,-0.1751047395,0.11574645689999995,0,-0.12322916666666671,0.19500833333333478,0,0,279,-1
1466,-576452504492,2.0890001659346304,2.4084583501660934,-0.17086599712171,0.04797862464053704,0.051368839768339364,-0.04437330187511884,0,1569180,0.01,-0.025502239500000023,0.04274043689999995,0,-0.24572916666666672,0.12500833333333472,0,0,279,-1
1467,-576452504481,2.0872934547919724,2.4089365331950687,-0.17044907608109527,0.04763100840227192,-0.017596797394659705,0.02412867245108942,0,1569190,0.01,0.03374035049999998,-0.02727353310000007,0,-0.2019791666666667,0.07250833333333473,0,0,279,-1
1468,-576452504470,2.0792443677203805,2.4152057480007008,-0.1733739156180958,0.05053972665569046,0.023245420142058694,0.10917586026806474,0,1569201,0.011,0.12110821049999998,0.028977006899999953,0,-0.2107291666666667,0.020008333333334738,0,1,280,1
1469,-576452504460,2.0773390848696276,2.415768962710476,-0.1730578932777106,0.05183686473451254,0.062382270560179705,0.17159291260383439,0,1569212,0.011,0.1803508005,0.06787365689999995,0,-0.24572916666666672,0.1775083333333347,0,0,280,-1
1470,-576452504450,2.0756116015969273,2.4162961845218143,-0.17243766506689073,0.05359425597083361,0.05985107507367949,0.20078903219610864,0,1569222,0.01,0.2048856105,0.05949591689999995,0,-0.1582291666666667,0.14250833333333457,0,0,280,-1
1471,-576452504440,2.0738903334582384,2.4168422893308934,-0.1718211563402047,0.055621205627500045,0.07265904903083113,0.21435230484126688,0,1569232,0.01,0.21625540050000003,0.07445616689999995,0,-0.009479166666666705,0.08125833333333476,0,0,280,-1
1472,-576452504429,2.0721755660448538,2.41740951252485,-0.17112402203350438,0.05781052211413918,0.05166961522964378,0.2469830864445987,0,1569242,0.01,0.2515615905,0.048724536899999955,0,-0.10572916666666671,0.002508333333334667,0,0,280,-1
1473,-576452504322,2.070467013422072,2.4180009838404852,-0.1705910685075922,0.06043914644347935,0.0632559063155423,0.3601518824415574,0,1569252,0.01,0.3760308705,0.06488160689999994,0,-0.24572916666666672,0.3175083333333346,0,0,280,-1
1474,-576452504321,2.068594243877157,2.418687727213477,-0.16990909577006616,0.06441886571947494,0.05418602406205321,0.3719778941359441,0,1569263,0.011,0.3736372305,0.052913406899999946,0,-0.1319791666666667,0.11625833333333468,0,0,280,-1
1475,-576452504320,2.066897920267571,2.4193503327678423,-0.16935839852176088,0.06811093752795555,0.06041688035196617,0.3524419641819272,0,1569273,0.01,0.3497008305,0.06129114689999995,0,-0.1582291666666667,0.19500833333333478,0,0,280,-1
1476,-576452504320,2.06520731185428,2.4200483543327365,-0.1687612628869291,0.07152507052212394,0.055411021139077955,0.2739454207626314,0,1569283,0.01,0.2629313805,0.054708636899999954,0,-0.14947916666666672,-0.05874166666666536,0,0,280,-1
1477,-576452504320,2.063522525594457,2.420777687421839,-0.16819844325846722,0.07432461482666906,0.06161716746667002,0.31676435241741874,0,1569293,0.01,0.3227723805,0.06248796689999995,0,-0.24572916666666672,0.23875833333333474,0,0,280,-1
1478,-576452504319,2.0618443597949843,2.421538016885658,-0.16746706698535782,0.07768668220368066,0.14372128865653727,0.4553265260749709,0,1569303,0.01,0.4747685205,0.15524151689999996,0,-0.2982291666666667,0.16000833333333464,0,0,280,-1
1479,-576452504319,2.0601773242913475,2.4223374354557046,-0.16595971768763043,0.08220643668354781,0.19370705313356695,0.4314436102986345,0,1569313,0.01,0.42809254049999995,0.20072067689999998,0,-0.2019791666666667,-0.049991666666665324,0,0,280,-1
1483,-576452504236,2.053782262581209,2.42586883709186,-0.15267866758463855,0.09145738533960199,0.41649725811322325,0.04583530073301001,0,1569353,0.01,0.042118090499999976,0.4233291968999999,0,-0.3419791666666667,0.10750833333333465,0,0,280,-1
1484,-576452504234,2.069108292497976,2.4477219715082206,-0.1406184853493004,0.10098233036597093,0.39625150070029125,0.06461834016216836,0,1569364,0.011,0.0672513105,0.39340869689999997,0,-0.2719791666666667,-0.17249166666666538,0,1,281,2
1485,-576452504234,2.0675846289956477,2.4488369029600214,-0.13637922463497615,0.10172338482874653,0.31871535187013444,0.08424497920590567,0,1569375,0.011,0.08699884049999998,0.3078360669,0,-0.3594791666666667,0.028758333333334773,0,0,281,-1
1486,-576452504234,2.0662358220728487,2.449858952621167,-0.13333603881711176,0.1026572039345359,0.217338718095811,0.14858369881158756,0,1569385,0.01,0.15761122049999998,0.20311431689999998,0,-0.3069791666666667,0.011258333333334702,0,0,281,-1
1487,-576452504233,2.064913552923372,2.4508934245036738,-0.1311278233051169,0.10421610931701393,0.24212377543247618,0.20058169554810396,0,1569395,0.01,0.2078776605,0.24560142689999998,0,-0.12322916666666671,0.1512583333333346,0,0,281,-1
1488,-576452504233,2.0636151258493913,2.451944888615916,-0.12859036326740345,0.10610865259441524,0.32493965071472586,0.11986689043709281,0,1569405,0.01,0.10854160049999997,0.33655974689999996,0,-0.0969791666666667,0.10750833333333465,0,0,281,-1
1489,-576452504233,2.062220320417977,2.4531192593689277,-0.1250116875140516,0.10741603511429974,0.32778304355844357,0.11255903360454385,0,1569416,0.011,0.11153365049999998,0.32818200689999993,0,-0.1932291666666667,-0.07624166666666532,0,0,281,-1
1490,-576452504233,2.0608655194068413,2.454307873820467,-0.12133516502873722,0.10868677011328635,0.3737885349038283,0.1337004650171016,0,1569427,0.011,0.13666687049999998,0.38024367689999994,0,-0.2019791666666667,0.12500833333333472,0,0,281,-1
1491,-576452504233,2.05967136792146,2.4554017511209456,-0.11751993219315536,0.1100729293951852,0.42825367156549254,0.16831327345545288,0,1569437,0.01,0.17316988049999998,0.4358958068999999,0,-0.3069791666666667,0.2650083333333346,0,0,281,-1
1492,-576452504224,2.0703122069920252,2.4710951662866285,-0.10787402558595631,0.11803349137755273,0.5430607444320464,0.1521074155329915,0,1569447,0.01,0.14983189049999998,0.5591682669,0,-0.23697916666666669,-0.006241666666665369,0,1,283,2
1493,-576452504214,2.069156171137761,2.4724026552608738,-0.10223444979760257,0.11969241921518076,0.3241851868786562,0.14276500654844107,0,1569458,0.011,0.1414541505,0.29347422689999997,0,-0.2107291666666667,-0.049991666666665324,0,0,283,-1
1494,-576452504204,2.061705095223835,2.4794916965534206,-0.1019651844021524,0.12362716923142235,0.27731094153776686,0.07706844899988076,0,1569468,0.01,0.06784972049999999,0.2707346469,0,-0.2719791666666667,-0.1812416666666653,0,1,284,1
1495,-576452504194,2.060698755055555,2.480731377320639,-0.09927833167520114,0.12432898479555828,0.2159174556999685,0.02805143634959964,0,1569478,0.01,0.021173740499999982,0.20730318689999996,0,-0.2019791666666667,-0.05874166666666536,0,0,284,-1
1496,-576452504184,2.059716209637973,2.481976302649299,-0.09720634872364678,0.12464595796060168,0.15378631749190397,0.05403143405334164,0,1569488,0.01,0.05767675049999998,0.14506854689999996,0,-0.1844791666666667,0.14250833333333457,0,0,284,-1
1497,-576452504174,2.058751446240849,2.4832261101454947,-0.09572928398199537,0.12528721867063847,0.11045639354903597,0.12597402166223282,0,1569498,0.01,0.1360684605,0.10437666689999994,0,-0.3507291666666667,0.14250833333333457,0,0,284,-1
1498,-576452504162,2.0578006278598564,2.484485044686405,-0.09447609916606398,0.12651004578996455,0.21637753483983324,0.0996662918352127,0,1569508,0.01,0.09597499049999998,0.23123958689999996,0,-0.23697916666666669,0.13375833333333476,0,0,284,-1
1499,-576452504152,2.0567753745066013,2.485882300238747,-0.09196553095618562,0.12755017701380808,0.3018301090916277,0.0628434523563843,0,1569519,0.011,0.05767675049999998,0.31382016690000003,0,-0.3332291666666667,-0.05874166666666536,0,0,284,-1
1500,-576452504141,2.055782773756595,2.4872886917262838,-0.08853698490133169,0.12817542564751033,0.3721694267543013,0.02000376137413301,0,1569530,0.011,0.01399282049999998,0.3820389068999999,0,-0.3332291666666667,0.09875833333333461,0,0,284,-1
1501,-576452504130,2.0491141411735816,2.4816496752045643,-0.08700801835953234,0.12523723556602612,0.34303982292236346,-0.04561781647584915,0,1569541,0.011,-0.054824329500000026,0.3389533869,0,-0.21947916666666673,0.0637583333333347,0,1,285,2
1502,-576452504120,2.0481766963021477,2.4830245420410324,-0.08339318778371108,0.12473675109153716,0.24027331474246666,-0.04477027947119625,0,1569552,0.011,-0.04465135950000003,0.2258538969,0,-0.2544791666666667,-0.1287416666666653,0,0,285,-1
1503,-576452504110,2.0473543433655026,2.4842706615406196,-0.08105612060585256,0.12443901863691144,0.19404242508030484,0.06081423181209008,0,1569562,0.01,0.07562905049999999,0.18755565689999995,0,-0.1144791666666667,0.13375833333333476,0,0,285,-1
1504,-576452504100,2.0465534945019286,2.485518409618817,-0.07911410350323575,0.12509639034268022,0.19517594059130142,0.09584677013765977,0,1569572,0.01,0.10076227049999999,0.19533498689999995,0,-0.2282291666666667,0.27375833333333466,0,0,285,-1
1505,-576452504091,2.045771797248809,2.4867731613771014,-0.07721149149150723,0.1258981488527722,0.16015534197306538,-0.015818337587524434,0,1569582,0.01,-0.031486339500000016,0.15524151689999996,0,-0.1319791666666667,-0.1812416666666653,0,0,285,-1
1506,-576452504080,2.045009646120175,2.4880291865826463,-0.07530451080423783,0.12540184879175675,0.3778269201815425,-0.256786975823054,0,1569592,0.01,-0.2905978695,0.4083689469,0,-0.5869791666666667,0.12500833333333472,0,0,285,-1
1507,-576452504070,2.0353719239460233,2.4972436276740275,-0.07540261785508548,0.1263046077117943,0.4633850063924191,-0.29955615552115233,0,1569602,0.01,-0.30555811949999995,0.47539086689999993,0,-0.2544791666666667,0.2300083333333347,0,1,286,1
1508,-576452504059,2.0345705796385074,2.498616545091094,-0.07029972118017731,0.1232577408770525,0.46709147351469865,-0.13689087874366043,0,1569613,0.011,-0.11406691950000002,0.4676115369,0,-0.1669791666666667,0.1512583333333346,0,0,286,-1
1511,-576452503930,2.0326416260832736,2.5023084400296787,-0.05948657319042109,0.12458703064697234,0.19183249423026427,0.26737499252613917,0,1569643,0.01,0.2850725505,0.17917791689999993,0,-0.1144791666666667,0.1775083333333347,0,0,286,-1
1512,-576452503929,2.0320552336958007,2.503567578049692,-0.05774286965374831,0.12724500392019264,0.06738314651166716,0.25613127391080504,0,1569653,0.01,0.2545536405,0.04992135689999995,0,-0.2719791666666667,-0.06749166666666528,0,0,286,-1
1513,-576452503928,2.0314216373337124,2.5049815975540186,-0.057367010731747395,0.12989134614834677,-0.1720098951913697,0.14401976767013835,0,1569664,0.011,0.1282891305,-0.20559971310000005,0,-0.0532291666666667,0.08125833333333476,0,0,286,-1
1514,-576452503928,2.0308397083065115,2.5062886785900558,-0.05903510862882093,0.13147869605141063,-0.1353446434403442,0.24777484423194313,0,1569674,0.01,0.26233297050000004,-0.13020005310000007,0,-0.3594791666666667,0.16000833333333464,0,0,286,-1
1515,-576452503928,2.0302434898140715,2.5076161168790048,-0.06024876410677593,0.13399723813390907,-0.035848401903396485,0.27680972588250957,0,1569684,0.01,0.2808836805,-0.021887843100000044,0,-0.2544791666666667,0.13375833333333476,0,0,286,-1
1516,-576452503927,2.0296394708988523,2.50897141086962,-0.060566500886624144,0.13699643862864205,-0.006812781389232633,0.4414890021119564,0,1569694,0.01,0.46459555050000007,-0.0027387231000000553,0,-0.3069791666666667,0.12500833333333472,0,0,286,-1
1517,-576452503927,2.0290338227291835,2.5103640278968093,-0.06057880794918903,0.14150161398380512,0.03296960398574712,0.5058336385995457,0,1569704,0.01,0.5148619904999999,0.038551566899999945,0,-0.4032291666666667,0.14250833333333457,0,0,286,-1
1518,-576452503927,2.028429604522864,2.5118039730817925,-0.06026138800124066,0.14650331723319396,0.024220513054161168,0.46547157015127,0,1569714,0.01,0.45980827050000006,0.02299290689999995,0,-0.3069791666666667,0.2825083333333347,0,0,286,-1
1519,-576452503926,2.0278276780816356,2.5132925888230693,-0.060100953147033696,0.15120628898341595,-0.034056757955491436,0.49986341709790894,0,1569724,0.01,0.5046890205,-0.04223378310000006,0,-0.2719791666666667,0.18625833333333475,0,0,286,-1
1520,-576452503926,2.0272241233445247,2.5148296168969053,-0.06057307640775769,0.15620055234422225,-0.12781586547581605,0.49674836150091,0,1569734,0.01,0.4963112805,-0.14097143310000004,0,-0.26322916666666674,0.16875833333333468,0,0,286,-1
1521,-576452503827,2.02661220931275,2.5164158576153985,-0.06181882501457198,0.1610739845297964,-0.10471737787945032,0.42971835340014974,0,1569744,0.01,0.42031321050000003,-0.10147637310000003,0,-0.3419791666666667,0.12500833333333472,0,0,286,-1
1522,-576452503826,2.0212802464430877,2.522278834971975,-0.06488424977921008,0.16711086930212735,-0.0436253579351853,0.33120922941992414,0,1569754,0.01,0.3173866905,-0.03505286310000006,0,-0.28947916666666673,0.08125833333333476,0,1,288,1
1523,-576452503826,2.020565546186735,2.5241368359389784,-0.06511879880064905,0.170714853119693,0.11712726653702094,0.30544330921421425,0,1569765,0.011,0.30182803049999996,0.13968285689999996,0,-0.2107291666666667,0.2825083333333347,0,0,288,-1
1524,-576452503826,2.0199203792090556,2.525859359161175,-0.06392244971732318,0.17378488510682882,0.13480834230465452,0.31644186629790816,0,1569775,0.01,0.3179851005,0.13728921689999996,0,-0.3244791666666667,0.11625833333333468,0,0,288,-1
1525,-576452503825,2.019223712368779,2.5277896498161043,-0.06268321184077552,0.1771948426613346,-0.02464743632114183,0.2700404812948275,0,1569786,0.011,0.26352979049999997,-0.047021063100000066,0,-0.23697916666666669,0.002508333333334667,0,0,288,-1
1526,-576452503825,2.01859540617126,2.52957478763947,-0.06296645064724828,0.17984769563501127,-0.05056537439099115,0.23651772034012153,0,1569796,0.01,0.2318140605,-0.054201983100000066,0,-0.3682291666666667,-0.014991666666665293,0,0,288,-1
1527,-576452503825,2.0179640342209346,2.5313857034790748,-0.06334460487050263,0.1823080901662174,0.04018061691488535,0.3042873144888878,0,1569806,0.01,0.31379623049999994,0.052913406899999946,0,-0.28947916666666673,0.2562583333333346,0,0,288,-1
1528,-576452503824,2.0173323200368753,2.5332249658187997,-0.06298604472413256,0.18550185472884287,0.009364492067686137,0.41180908085588713,0,1569816,0.01,0.4268957205,0.005040606899999948,0,-0.26322916666666674,-0.04124166666666529,0,0,288,-1
1529,-576452503824,2.016702488201177,2.5351008068796106,-0.0629610458089819,0.18965618185116434,-0.03955819263354218,0.4376340030710138,0,1569826,0.01,0.44125756050000003,-0.04642265310000006,0,-0.4382291666666667,0.12500833333333472,0,0,288,-1
1530,-576452503824,2.0160710626338822,2.5370182416677807,-0.06333120313607159,0.19387498809326242,-0.021438246640395838,0.3253606998031753,0,1569836,0.01,0.3096073605,-0.018895793100000047,0,-0.1319791666666667,0.3350083333333347,0,0,288,-1
1531,-576452503722,2.015373650158179,2.539168898563405,-0.0634899382479821,0.19721262423582772,0.029070870283302814,0.16723202774043075,0,1569847,0.011,0.14504461049999998,0.03615792689999995,0,-0.2982291666666667,0.0637583333333347,0,0,288,-1
1532,-576452503721,2.0053935691852796,2.529573584766958,-0.06728557085829712,0.19381323856832144,0.024789500179843403,0.14724884529377252,0,1569857,0.01,0.14444620049999998,0.024189726899999948,0,-0.4207291666666667,0.11625833333333468,0,1,289,2
1533,-576452503720,2.0046553854875477,2.5317140822244517,-0.06694633231176156,0.19538110763614677,0.06834481509706324,0.1133044244597801,0,1569868,0.011,0.10854160049999997,0.07445616689999995,0,-0.3857291666666667,0.028758333333334773,0,0,289,-1
1534,-576452503720,2.003990186241552,2.5336737436229977,-0.06613394617698122,0.19654246879082146,0.15924287044112245,0.13326740615342073,0,1569878,0.01,0.1360684605,0.17199699689999998,0,-0.3682291666666667,0.21250833333333463,0,0,289,-1
1535,-576452503719,2.003337408375498,2.535646347405199,-0.06444838414669318,0.1979552753460988,0.22552924502147537,0.1903006305508956,0,1569888,0.01,0.1983031005,0.23483004689999998,0,-0.17572916666666671,0.13375833333333476,0,0,289,-1
1536,-576452503719,2.0026416516179526,2.5378358536712824,-0.06203601578978909,0.20011937092880197,0.1806831071940863,0.23667671034094606,0,1569899,0.011,0.2431838505,0.17439063689999995,0,-0.2807291666666667,0.1775083333333347,0,0,289,-1
1537,-576452503719,2.0020311494416094,2.5398488561506305,-0.06010378356428056,0.20248232284760567,0.26910003364915724,0.23398672838768741,0,1569909,0.01,0.23360929049999998,0.2815060269,0,-0.4994791666666667,-0.032491666666665364,0,0,289,-1
1538,-576452503719,2.0014439117994005,2.5418852523232194,-0.057359157701620575,0.20480255509978365,0.3072679184714321,0.2200115251399895,0,1569919,0.01,0.21805063049999998,0.3126233469,0,-0.2719791666666667,0.12500833333333472,0,0,289,-1
1541,-576452503718,1.999837979228455,2.5481186440880377,-0.05051271422616726,0.21012955894559487,0.21939786815913395,0.09850798511674337,0,1569949,0.01,0.09477817049999998,0.22705071689999995,0,-0.2107291666666667,-0.006241666666665369,0,0,289,-1
1542,-576452503623,1.99427896595386,2.554693358031615,-0.05057215722019589,0.21318813514512688,0.21351393344411848,0.16240903270329643,0,1569959,0.01,0.17137465049999998,0.21268887689999996,0,-0.06197916666666671,0.12500833333333472,0,1,290,1
1543,-576452503622,1.9937355148971438,2.5570479529557653,-0.04823421968106362,0.21493057150914893,0.20649307111074364,0.13353704857178816,0,1569970,0.011,0.1294859505,0.20550795689999996,0,-0.23697916666666669,0.11625833333333468,0,0,290,-1
1544,-576452503621,1.9932638560296614,2.5592043863665954,-0.04611469369511087,0.21633458645276982,0.24498746516913772,0.18193737358713397,0,1569980,0.01,0.18872854049999999,0.2503887069,0,-0.23697916666666669,0.2825083333333347,0,0,290,-1
1545,-576452503621,1.9928151863165982,2.561376427416364,-0.043629409261413774,0.2180915463545978,0.27019041054837023,0.13751429090173647,0,1569990,0.01,0.13128118049999998,0.27372669689999996,0,-0.2282291666666667,0.24750833333333477,0,0,290,-1
1546,-576452503621,1.9923926278641628,2.563564117518512,-0.0408922223264662,0.21945091740781003,0.2953322100716244,0.12627559864960186,0,1570000,0.01,0.12469867049999998,0.29885991689999997,0,-0.1407291666666667,0.3087583333333346,0,0,290,-1
1547,-576452503620,1.9919984198867524,2.565765451472927,-0.037947077210002345,0.22079346699954105,0.28950462893398304,0.18314298034270604,0,1570010,0.01,0.1911221805,0.28868694689999996,0,-0.1932291666666667,0.2300083333333347,0,0,290,-1
1548,-576452503620,1.9916323523345116,2.567984322387272,-0.035219447521002895,0.22290273895151133,0.17018790555097668,0.3811592743475215,0,1570020,0.01,0.40894342050000004,0.15344628689999995,0,-0.2107291666666667,0.2300083333333347,0,0,290,-1
1549,-576452503620,1.9912878988491762,2.5702315280974983,-0.033637572854045304,0.22657695496515998,0.08466137210251477,0.2832515593013019,0,1570030,0.01,0.26951389049999996,0.07266093689999994,0,-0.26322916666666674,0.23875833333333474,0,0,290,-1
1550,-576452503620,1.9909561331192374,2.5725106306233365,-0.032732092582841425,0.22927990858420938,0.12661528210240738,0.190913357411285,0,1570040,0.01,0.17795716049999996,0.13250193689999995,0,-0.5519791666666667,0.18625833333333475,0,0,290,-1
1551,-576452503611,1.9906345622696295,2.5748135097944886,-0.03155662796775446,0.23127250413519806,0.06198222745193932,0.2503963128508595,0,1570050,0.01,0.2587425105,0.052913406899999946,0,-0.3157291666666667,0.19500833333333478,0,0,290,-1
1552,-576452503609,1.984656767875331,2.5821803508624215,-0.03342256338963528,0.23602062158385023,0.07449506440314213,0.254042604346896,0,1570060,0.01,0.2545536405,0.07625139689999995,0,-0.3419791666666667,0.19500833333333478,0,1,292,1
1553,-576452503601,1.9761315277638392,2.57476088749047,-0.035950778823704316,0.23438671049702714,0.18728728739723463,0.2041111095260848,0,1570071,0.011,0.19710628049999998,0.20311431689999998,0,-0.1319791666666667,0.2037583333333346,0,1,293,2
1554,-576452503590,1.9757478784572948,2.577351773991467,-0.03382150650059935,0.23667341897545072,0.23212869966111038,0.23102917192257744,0,1570082,0.011,0.2348061105,0.23842050689999997,0,-0.1407291666666667,-0.13749166666666535,0,0,293,-1
1555,-576452503580,1.9754213406704468,2.5797305229389256,-0.03148940302688376,0.23905399615920886,0.23974542561975337,0.28052176483159474,0,1570092,0.01,0.28746619050000005,0.24081414689999997,0,-0.17572916666666671,0.1512583333333346,0,0,293,-1
1556,-576452503570,1.9751182951255242,2.582135115630299,-0.029113491964765044,0.24186334693259864,0.22441454931274482,0.2834630339071304,0,1570102,0.01,0.2838757305,0.22226343689999994,0,-0.1669791666666667,0.18625833333333475,0,0,293,-1
1557,-576452503558,1.9748384395101046,2.5845669436414527,-0.026860210433197713,0.24454530093339105,0.23092456133461364,0.17467128453734637,0,1570112,0.01,0.1594064505,0.23183799689999998,0,-0.4644791666666667,0.0637583333333347,0,0,293,-1
1558,-576452503543,1.9745809381286898,2.58702063267078,-0.0246205298863196,0.24621432283927092,0.18134698657748638,0.11930256915486767,0,1570122,0.01,0.11153365049999998,0.17439063689999995,0,-0.2019791666666667,0.09000833333333458,0,0,293,-1
1559,-576452503532,1.9742538131860319,2.5904799791304507,-0.022107158922032914,0.24796414567194422,0.16789971602408013,0.16129387815766436,0,1570136,0.014,0.1671857805,0.16601289689999998,0,-0.3157291666666667,0.14250833333333457,0,0,293,-1
1560,-576452503525,1.974041730735836,2.5929680774600996,-0.020344555357756207,0.24963227001445315,0.22502011524072804,0.19899698604909832,0,1570146,0.01,0.2042872005,0.23303481689999994,0,-7.291666666666974e-4,0.09000833333333458,0,0,293,-1
1561,-576452503514,1.9738498772738886,2.5954747659433504,-0.018042246363134715,0.2516857822701027,0.2619609314435296,0.24404410066552729,0,1570156,0.01,0.2503647705,0.2671441868999999,0,-0.26322916666666674,0.08125833333333476,0,0,293,-1
1562,-576452503503,1.9736830721799759,2.5980029383261547,-0.01534183732735821,0.25398811762221485,0.3195089017103552,0.14568113641988073,0,1570166,0.01,0.13187959049999998,0.32758359689999994,0,-0.3769791666666667,-0.014991666666665293,0,0,293,-1
1563,-576452503495,1.9735456457343723,2.6005495606933406,-0.012144175681383705,0.25536019759226375,0.32134225469863714,0.0852983286154628,0,1570176,0.01,0.07682587049999998,0.32159949689999995,0,-0.10572916666666671,0.028758333333334773,0,0,293,-1
1564,-576452503485,1.9734402919783087,2.603107662602319,-0.008927491261779597,0.25624988107625507,0.32366695286570685,0.11145412702957512,0,1570186,0.01,0.11512411049999999,0.3239931369,0,-0.3069791666666667,0.21250833333333463,0,0,293,-1
1565,-576452503418,1.973367320854915,2.6056754094204315,-0.005672012157987714,0.2573137135280218,0.3370724316766038,0.07531423617905433,0,1570196,0.01,0.07024336049999999,0.3389533869,0,-0.07947916666666671,0.002508333333334667,0,0,293,-1
1566,-576452503417,1.9690999976880266,2.603241306246066,-0.0036674455010827734,0.25583098032088974,0.4058930142938165,0.05669777024715763,0,1570207,0.011,0.054086290499999974,0.41554986689999995,0,-0.1319791666666667,0.11625833333333468,0,1,295,2
1567,-576452503417,1.969083370938682,2.6058029585253606,3.543719832952215e-4,0.2564758340563176,0.379726319296396,0.11160834470817889,0,1570217,0.01,0.1193129805,0.3760548068999999,0,-0.0882291666666667,0.16000833333333464,0,0,295,-1
1569,-576452503417,1.969165130349605,2.61094500390786,0.007749971622229084,0.2571796662644719,0.4329646680522321,-0.13547033438255318,0,1570237,0.01,-0.15356197950000003,0.4442735469,0,-0.14947916666666672,0.16875833333333468,0,0,295,-1
1570,-576452503417,1.9692640750415378,2.6135106248221334,0.01204788062241192,0.2559183069446071,0.4103458307799314,-0.06894582469289026,0,1570247,0.01,-0.059611609500000017,0.4071721269,0,-0.2807291666666667,0.12500833333333472,0,0,295,-1
1571,-576452503315,1.9694051451440686,2.6160674054135615,0.01616289667995914,0.255392018101837,0.4185829646780561,0.04734395031244071,0,1570257,0.01,0.06366085049999998,0.41973873689999996,0,-0.17572916666666671,0.18625833333333475,0,0,295,-1
1572,-576452503313,1.9696083650857537,2.618880115278552,0.02078247146007076,0.25599070280079933,0.42851773517258,0.0983875055483722,0,1570268,0.011,0.10554955049999998,0.4299117068999999,0,-0.2982291666666667,0.24750833333333477,0,0,295,-1
1573,-576452503313,1.9698628031496546,2.6217029850448634,0.025482682653412806,0.25721853205756856,0.41976941491852837,0.19283085520346008,0,1570279,0.011,0.2060824305,0.4185419168999999,0,-0.2107291666666667,0.21250833333333463,0,0,295,-1
1574,-576452503313,1.9701382392779088,2.624284537044168,0.029622954285222942,0.2591052143595872,0.3793346647058019,0.16351923497771673,0,1570289,0.01,0.1594064505,0.37366116689999995,0,-0.1144791666666667,0.22125833333333467,0,0,295,-1
1575,-576452503312,1.970452996163164,2.626883091090385,0.033348103106768855,0.26063578603134957,0.330802765330249,0.08906759110364315,0,1570299,0.01,0.07862110049999999,0.3239931369,0,-0.2719791666666667,0.14250833333333457,0,0,295,-1
1576,-576452503312,1.9708030533058225,2.6294919741589853,0.03666174294765297,0.2612256485151439,0.3348018110959536,-0.12528138511927117,0,1570309,0.01,-0.15535720950000004,0.3353629268999999,0,-0.3507291666666667,0.45750833333333474,0,0,295,-1
1577,-576452503312,1.9711868443745535,2.6320984227718633,0.0400774588418804,0.26004406893232723,0.3830486114100683,-0.07451420551665391,0,1570319,0.01,-0.06739093950000004,0.3898182369,0,-0.0882291666666667,0.18625833333333475,0,0,295,-1
1578,-576452503312,1.971607206641086,2.634695085432458,0.04397591752988443,0.25929075630853904,0.43149220839254565,-0.0803373149076299,0,1570329,0.01,-0.08115436950000002,0.43828944689999993,0,-0.0444791666666667,0.1775083333333347,0,0,295,-1
1579,-576452503312,1.9720689381631629,2.637284544899838,0.04835295537595022,0.2585762097999109,0.4757618028092588,-0.017031010508475553,0,1570339,0.01,-0.008148349500000025,0.4819733769,0,-0.0532291666666667,0.2300083333333347,0,0,295,-1
1580,-576452503312,1.9725757531156993,2.6398694688551236,0.05303206624231417,0.25840799364215633,0.41981012274265406,-0.015538664224209658,0,1570349,0.01,-0.015329269500000025,0.41195940689999994,0,-0.1932291666666667,-0.049991666666665324,0,0,295,-1
1581,-576452503213,1.9731264649424964,2.6424523114579426,0.05713656601846196,0.2581807045438445,0.3531008119794317,-0.06678320393023815,0,1570359,0.01,-0.07397344950000001,0.3437406669,0,-0.23697916666666669,0.13375833333333476,0,0,295,-1
1582,-576452503212,1.9699141047504973,2.640209981691802,0.05903599577519963,0.2552006635692054,0.34174342318825146,-0.22737366080110755,0,1570369,0.01,-0.24990598950000006,0.3401502068999999,0,-0.26322916666666674,0.11625833333333468,0,1,297,2
1583,-576452503212,1.9705839514579737,2.6430023388153554,0.06276100899418925,0.25253805389413503,0.31935515857184305,-0.3331969125575124,0,1570380,0.011,-0.3480452295,0.31621380689999995,0,-0.1669791666666667,0.19500833333333478,0,0,297,-1
1584,-576452503211,1.971227488817635,2.645511245998453,0.0659484206342864,0.249234506278316,0.31502601020069915,-0.31315721766188215,0,1570390,0.01,-0.3103453995,0.3144185768999999,0,-0.1582291666666667,0.2650083333333346,0,0,297,-1
1585,-576452503211,1.971903075262341,2.6479891987041264,0.0691532301314556,0.2462995724537175,0.3538516125334051,-0.17319975088450426,0,1570400,0.01,-0.15356197950000003,0.3592993269,0,-0.1407291666666667,0.16875833333333468,0,0,297,-1
1586,-576452503211,1.9726858499438105,2.650689315170224,0.07314500741402258,0.24458407009601926,0.4189783820224253,-0.04892379945769794,0,1570411,0.011,-0.031486339500000016,0.4281164769,0,-0.21947916666666673,0.2300083333333347,0,0,297,-1
1587,-576452503211,1.97343835294072,2.6531333851286023,0.0773506227032806,0.24419764777705616,0.43014072193256225,0.02356874577507051,0,1570421,0.01,0.03374035049999998,0.43170693689999995,0,-0.3594791666666667,0.1775083333333347,0,0,297,-1
1588,-576452503211,1.9742327331559097,2.6555766444472013,0.08155368590029524,0.24444955430991774,0.36014451442782724,0.035112647648661746,0,1570431,0.01,0.03673240049999998,0.3503231769,0,-0.2982291666666667,0.30000833333333476,0,0,297,-1
1589,-576452503210,1.9750654965182075,2.658022828160695,0.08503331339189626,0.2447901545565621,0.27333985855738363,0.027611881217840754,0,1570441,0.01,0.02655943049999999,0.2611600868999999,0,-0.2544791666666667,0.21250833333333463,0,0,297,-1
1590,-576452503210,1.975929697747265,2.6604710127106235,0.08779811436584196,0.24489488321546077,0.2957197413081495,-0.09453460935586683,0,1570451,0.01,-0.11167327950000004,0.29885991689999997,0,-0.0532291666666667,0.2825083333333347,0,0,297,-1
1591,-576452503110,1.9768220417031315,2.6629159814639047,0.090689224390654,0.2440661420029749,0.24861968934884468,-0.011431068709710779,0,1570461,0.01,2.293904999999821e-4,0.24201096689999996,0,-0.2544791666666667,0.3700083333333346,0,0,297,-1
1592,-576452503109,1.973325173294238,2.659708948624692,0.09132685540101847,0.2417315366093816,0.2659139547168362,0.15097944787173512,0,1570471,0.01,0.1737682905,0.26834100689999996,0,-0.26322916666666674,0.028758333333334773,0,1,299,2
1593,-576452503109,1.9743451338065505,2.6623775315646387,0.0941462351467228,0.243450842626458,0.19667266068827852,0.18933138696989632,0,1570482,0.011,0.19471264049999998,0.18695724689999996,0,-0.2544791666666667,0.24750833333333477,0,0,299,-1
1594,-576452503109,1.9752960728491544,2.6648206132670444,0.09605845508767501,0.24520794959641373,0.1582404004797876,0.09329326251414768,0,1570492,0.01,0.07981792049999999,0.15284787689999996,0,-0.14947916666666672,0.3875083333333347,0,0,299,-1
1595,-576452503108,1.9762645551558085,2.6672771366852275,0.09763863876847556,0.24610658384181347,0.15666007605091573,0.06888137202297244,0,1570502,0.01,0.06545608049999999,0.15643833689999997,0,-0.17572916666666671,0.43125833333333463,0,0,299,-1
1596,-576452503108,1.9772495326888404,2.6697413363811484,0.09932353475976373,0.24674699526364952,0.24095475604181266,0.034390919490792836,0,1570512,0.01,0.029551480499999987,0.25278234689999995,0,-0.1669791666666667,0.12500833333333472,0,0,299,-1
1600,-576452503107,1.9814777246291104,2.679614354780035,0.11393170920958808,0.2450154018010459,0.5434683395466562,-0.34865187404571507,0,1570552,0.01,-0.3749736795,0.5525857569,0,-0.12322916666666671,0.020008333333334738,0,0,299,-1
1601,-576452503107,1.982764084862724,2.6822880360312826,0.11994368781861096,0.2411225773996485,0.5656328681680104,-0.38642861361054054,0,1570563,0.011,-0.39172915950000003,0.5687428269,0,-0.21947916666666673,0.13375833333333476,0,0,299,-1
1602,-576452503008,1.968796473005315,2.6975021991573085,0.11914278850928003,0.24293676890349464,0.5631113125414653,-0.3202309769372725,0,1570573,0.01,-0.31094380950000006,0.5627587269,0,-0.3244791666666667,0.27375833333333466,0,1,300,1
1603,-576452503007,1.9700154352846022,2.6999152132265563,0.12467688163019974,0.23968175513176507,0.49405629393267053,-0.35774219024348575,0,1570583,0.01,-0.36300547949999995,0.48436701689999995,0,-0.0444791666666667,0.04625833333333462,0,0,300,-1
1604,-576452503007,1.9714166279571894,2.702530196216921,0.1300905209112194,0.2357651782337451,0.4803114844345687,-0.34556497419781423,0,1570594,0.011,-0.34385635950000004,0.47838291689999995,0,-0.0444791666666667,0.002508333333334667,0,0,300,-1
1605,-576452503006,1.97274175804124,2.7048716250832383,0.1349254743518672,0.23247018690453838,0.502759974806532,-0.23228904910196185,0,1570604,0.01,-0.21639502949999997,0.5059097768999999,0,-0.06197916666666671,0.05500833333333466,0,0,300,-1
1606,-576452503006,1.974255396960472,2.7074137539175416,0.14031651841552947,0.22977111842474537,0.4115870771499004,-0.32645485678960307,0,1570615,0.011,-0.33966748950000003,0.39879438689999996,0,-0.21947916666666673,0.011258333333334702,0,0,300,-1
1607,-576452503006,1.9756786208850794,2.7096946770388506,0.14435320222717754,0.22643579323215446,0.35576242863740515,-0.376350448143088,0,1570625,0.01,-0.38335141949999996,0.34792953689999995,0,-0.2282291666666667,0.16875833333333468,0,0,300,-1
1608,-576452503006,1.9771399358570636,2.7119399672972397,0.147910023198229,0.22263343250299172,0.35519068029560863,-0.40400583512325444,0,1570635,0.01,-0.4078862295000001,0.3551104568999999,0,-0.17572916666666671,0.09875833333333461,0,0,300,-1
1609,-576452503006,1.9787884508786537,2.7143645888388392,0.15181941636239402,0.2182033986151703,0.35669465987934545,-0.3948141036249278,0,1570646,0.011,-0.39352438950000007,0.35690568689999996,0,-0.07947916666666671,0.12500833333333472,0,0,300,-1
1610,-576452503005,1.980323391112597,2.71652745985492,0.15522064917355155,0.21434319912043676,0.2398543973292111,-0.3328089262255404,0,1570656,0.01,-0.32410882950000003,0.2234602569,0,-0.28947916666666673,0.2825083333333347,0,0,300,-1
1611,-576452503003,1.9818874365685872,2.7186560289997743,0.1575953072203171,0.2112912599205779,0.2228536262900143,-0.13625954900328754,0,1570666,0.01,-0.10868122950000005,0.22046820689999994,0,-0.2019791666666667,0.22125833333333467,0,0,300,-1
1612,-576452502990,1.974813533662998,2.7281740418860765,0.15615352899212023,0.21313685432211213,0.20449298880733263,-0.1377881206299958,0,1570676,0.01,-0.1380033195,0.20191749689999994,0,-0.2019791666666667,0.2825083333333347,0,1,302,1
1613,-576452502985,1.9765445330780906,2.7305102052906953,0.1585412632726467,0.21161929821521389,0.2951199748339676,-0.13902639431755598,0,1570687,0.011,-0.13920013950000004,0.3078360669,0,-0.2807291666666667,0.24750833333333477,0,0,302,-1
1614,-576452502974,1.9783067554814973,2.7328288070615896,0.16184683038463493,0.20997572600824915,0.3335598016334859,-0.21317235065546294,0,1570698,0.011,-0.2235759495,0.3389533869,0,-0.10572916666666671,0.30000833333333476,0,0,302,-1
1615,-576452502964,1.9799413261651595,2.734917893894199,0.165095243898997,0.20784222474740474,0.27216778899217997,-0.21442415570012888,0,1570708,0.01,-0.21459979950000002,0.26355372689999995,0,-0.2282291666666667,0.11625833333333468,0,0,302,-1
1616,-576452502953,1.9817753173775374,2.737190632026346,0.1683037083331353,0.2054031238360456,0.41260084450703527,-0.2670559104282371,0,1570719,0.011,-0.27444079950000005,0.43230534689999994,0,-0.1582291666666667,0.1512583333333346,0,0,302,-1
1617,-576452502942,1.9776738915488454,2.7320590699604095,0.17030561372312547,0.19931028664391792,0.39944310886685197,-0.23889762712054263,0,1570730,0.011,-0.23494573950000008,0.3975975668999999,0,0.06052083333333329,0.14250833333333457,0,1,303,2
1618,-576452502932,1.9793972207225696,2.7340408648475085,0.17434693031697426,0.19701938584952092,0.43245995341673343,-0.16983485451489708,0,1570740,0.01,-0.16014448950000001,0.43709262689999995,0,-0.1582291666666667,0.1512583333333346,0,0,303,-1
1619,-576452502921,1.9813416782990194,2.736198702365342,0.17917355603072949,0.19528208293900762,0.47797999020881693,-0.08419460980519025,0,1570751,0.011,-0.07217821950000003,0.48436701689999995,0,0.05177083333333331,0.14250833333333457,0,0,303,-1
1620,-576452502910,1.983341191362691,2.7383423527700095,0.18438657767761432,0.19444742219375255,0.44894581271548245,-0.024852521710546985,0,1570762,0.011,-0.01652608950000003,0.4448719569,0,-0.1844791666666667,0.028758333333334773,0,0,303,-1
1621,-576452502900,1.9852077268472121,2.740286213930406,0.1889097160738916,0.19429422730286963,0.4726616502538848,0.042273969781384146,0,1570772,0.01,0.051692650499999986,0.4759892769,0,-0.26322916666666674,0.1775083333333347,0,0,303,-1
1622,-576452502889,1.9873147248383634,2.7424268402353777,0.19416638598049407,0.19488013407558374,0.5102151187196073,0.12137863341602609,0,1570783,0.011,0.1324780005,0.5154843369,0,-0.2544791666666667,0.09000833333333458,0,0,303,-1
1623,-576452502879,1.9782338147722651,2.7536999554200077,0.19440415047979334,0.2000904348234412,0.3353612621513634,0.10015128780930535,0,1570793,0.01,0.09717181049999998,0.3108281169,0,0.025520833333333298,0.30000833333333476,0,1,304,1
1624,-576452502868,1.980391722818998,2.75590559045243,0.19797364223519714,0.20098522889674922,0.25717091414241017,-0.035230212992446164,0,1570804,0.011,-0.054225919500000004,0.2461998369,0,-0.14947916666666672,0.05500833333333466,0,0,304,-1
1625,-576452502858,1.9823846237843206,2.7579133943222334,0.20059199958733456,0.20058919852607432,0.29005675487936167,-0.06605753344920087,0,1570814,0.01,-0.07038298950000003,0.29467104689999996,0,-0.12322916666666671,0.011258333333334702,0,0,304,-1
1627,-576452502803,1.986459660185526,2.7618980130897977,0.2072022094154649,0.19709082025418692,0.3739778710439098,-0.33754501531556763,0,1570834,0.01,-0.3504388695,0.3760548068999999,0,-0.1582291666666667,-0.049991666666665324,0,0,304,-1
1628,-576452502802,1.988550312657128,2.763850989889849,0.2109312896233409,0.19355076300906748,0.3663532552255811,-0.45485731622455805,0,1570844,0.01,-0.4713176895000001,0.3652834269,0,-0.1844791666666667,0.011258333333334702,0,0,304,-1
1629,-576452502802,1.9906773029889422,2.7657643463430674,0.21449483762318142,0.18909459415689295,0.29509491704240065,-0.3890013673101014,0,1570854,0.01,-0.3797609595,0.28509648689999995,0,-0.2719791666666667,0.11625833333333468,0,0,304,-1
1630,-576452502802,1.9928367434566687,2.7676366741055465,0.21740476719883844,0.18533449935375368,0.2658604551104963,-0.2964088324822328,0,1570864,0.01,-0.2834169495,0.26175849689999997,0,-0.10572916666666671,-0.06749166666666528,0,0,304,-1
1631,-576452502701,1.9950249287853408,2.769476541011266,0.22019528134817173,0.1825800513785579,0.35987179757889837,-0.1469991536654838,0,1570874,0.01,-0.12603511950000001,0.3730627568999999,0,-0.009479166666666705,0.1775083333333347,0,0,304,-1
1632,-576452502700,1.9899971763508566,2.762448149197911,0.2210411481850904,0.1770309766971081,0.3677655123706395,-0.15800320498422593,0,1570885,0.011,-0.15954607950000002,0.36887388689999995,0,-0.0182291666666667,0.13375833333333476,0,1,305,2
1633,-576452502700,1.9922254520821088,2.764210458979405,0.22463831376019294,0.17543488695319628,0.3110120085737288,-0.16932700032910075,0,1570895,0.01,-0.1709158695,0.3030487868999999,0,-0.26322916666666674,0.1775083333333347,0,0,305,-1
1634,-576452502699,1.994486895714223,2.765956533203897,0.2276722649016269,0.17377136351999295,0.25679868914781867,-0.14815494228044063,0,1570905,0.01,-0.14518423950000003,0.2491918869,0,-0.2544791666666667,0.2037583333333346,0,0,305,-1
1635,-576452502699,1.996775860271026,2.767687051355054,0.23014693524139523,0.1723229280003175,0.1903032790575669,-0.12455868723648249,0,1570915,0.01,-0.12124783950000002,0.18097314689999996,0,-0.1144791666666667,0.1775083333333347,0,0,305,-1
1636,-576452502698,1.999086577897808,2.7694057103420393,0.2320082972681157,0.1713361895965463,0.16060532834472713,0.05991769253138397,0,1570925,0.01,0.08580202049999998,0.15643833689999997,0,-0.2107291666666667,0.11625833333333468,0,0,305,-1
1637,-576452502698,2.0014152288087406,2.7711218241500384,0.23369831903299332,0.17189726528010685,0.22044911951492283,0.0327631852343952,0,1570935,0.01,0.028953070499999983,0.22884594689999999,0,-0.06197916666666671,-0.04124166666666529,0,0,305,-1
1638,-576452502698,2.0039997740738857,2.7730139558991396,0.23620017132553314,0.17215244839290403,0.2708444727431486,-0.03617525926341969,0,1570946,0.011,-0.04584817950000004,0.27791556689999997,0,-0.2982291666666667,0.2037583333333346,0,0,305,-1
1639,-576452502698,2.0063761726588796,2.7747320721690527,0.23903872725875355,0.17154719614355135,0.36258417668625176,-0.20786367215810836,0,1570956,0.01,-0.2319536895,0.3754563969,0,-0.4032291666666667,0.14250833333333457,0,0,305,-1
1640,-576452502697,2.0087851566709722,2.7764353320149646,0.24273720149243835,0.16918598220790876,0.41428035133655916,-0.40898806803991916,0,1570966,0.01,-0.4372083195,0.42153396689999995,0,-0.0882291666666667,-0.09374166666666528,0,0,305,-1
1641,-576452502599,2.011233620863911,2.7781047499126754,0.24693901030692186,0.16478520359850776,0.4563262806495547,-0.6305273551686134,0,1570976,0.01,-0.6616120695,0.46222584689999996,0,-0.1144791666666667,-0.08499166666666536,0,0,305,-1
1642,-576452502598,2.0041641936027674,2.788162211611752,0.24790855331907496,0.16128943748657976,0.46569726323351845,-0.7202347787772899,0,1570987,0.011,-0.7328228595,0.4670131269,0,-0.2807291666666667,0.2562583333333346,0,1,306,1
1643,-576452502598,2.0066652278099224,2.789739764869053,0.2523587746364472,0.15419199778918463,0.31991358774962364,-0.6462600175446594,0,1570997,0.01,-0.6358804395,0.29945832689999996,0,-0.12322916666666671,0.23875833333333474,0,0,306,-1
1644,-576452502598,2.009204923122161,2.7912520804171677,0.2555747353233779,0.14815065234626068,0.33188759493053266,-0.3464310312723635,0,1571007,0.01,-0.3043612995,0.3335676969,0,-0.23697916666666669,0.08125833333333476,0,0,306,-1
1645,-576452502597,2.011776343860897,2.7927170075931116,0.258749862346346,0.14480218705641776,0.22945507240561047,-0.26388224919090564,0,1571017,0.01,-0.2522996295,0.21508251689999996,0,-0.0444791666666667,0.07250833333333473,0,0,306,-1
1646,-576452502597,2.0143751453957415,2.794151789870509,0.2610178915573857,0.14215626302552112,0.2105536949788371,-0.26894337997307244,0,1571027,0.01,-0.2696535195,0.20790159689999993,0,-0.23697916666666669,-0.05874166666666536,0,0,306,-1
1647,-576452502597,2.0169957603756936,2.795559560263557,0.2631091202202024,0.13941293969352947,0.2003562720299006,-0.30735009958344056,0,1571037,0.01,-0.3127390395000001,0.19892544689999994,0,-0.2019791666666667,-0.1549916666666653,0,0,306,-1
1648,-576452502597,2.0199022391274357,2.797073674408604,0.26533595213405947,0.1359103473984585,0.2153696004069608,-0.3871190892239826,0,1571048,0.011,-0.3983116695,0.21747615689999994,0,-0.1582291666666667,-0.1287416666666653,0,0,306,-1
1649,-576452502596,2.022566325672757,2.798413105601915,0.2674833368924446,0.13199099915607448,0.21091962389060986,-0.4210742049184287,0,1571058,0.01,-0.42583852950000006,0.21029523689999996,0,-0.2107291666666667,0.05500833333333466,0,0,306,-1
1650,-576452502596,2.025251268185914,2.7997116583220265,0.2695246690346408,0.12773309784937092,0.16261733774187118,-0.4546398171003303,0,1571068,0.01,-0.45934948950000004,0.15583992689999995,0,-0.3069791666666667,-0.04124166666666529,0,0,306,-1
1651,-576452502593,2.0279550548318506,2.8009674709202574,0.2712146735247889,0.1233760623129436,0.2081020383188118,-0.3197040096878081,0,1571078,0.01,-0.3007708395,0.21448410689999994,0,-0.3507291666666667,-0.014991666666665293,0,0,306,-1
1652,-576452502583,2.0230853688642156,2.8090765841040666,0.27025016026681065,0.12295477724730784,0.20425206705075657,-0.2091646145213164,0,1571089,0.011,-0.19365544950000002,0.20371272689999997,0,-0.12322916666666671,0.18625833333333475,0,1,308,1
1653,-576452502572,2.0260704902309614,2.810417128971939,0.27249782421344143,0.12075419439396118,0.2048286457458891,-0.1441356422175596,0,1571100,0.011,-0.1350112695,0.20490954689999993,0,-0.14947916666666672,0.1512583333333346,0,0,308,-1
1654,-576452502562,2.0288053870173535,2.8116181335482664,0.2744970253617422,0.11941437624965552,0.17026429476170626,-0.07263595404445897,0,1571110,0.01,-0.06260365950000005,0.16541448689999996,0,-0.3069791666666667,0.07250833333333473,0,0,308,-1
1658,-576452502520,2.0473222489237486,2.824585401931679,0.28678198942720506,0.11829191873765842,0.26809059663215606,-0.15186106265754945,0,1571151,0.01,-0.15236515950000004,0.2539791669,0,-0.0182291666666667,0.002508333333334667,0,0,309,-1
1659,-576452502496,2.0502036640493246,2.82576099304385,0.2894926614677922,0.11681466524625472,0.28930128395278193,-0.12239082936198127,0,1571161,0.01,-0.11825578950000003,0.2922774068999999,0,-0.2282291666666667,-0.13749166666666535,0,0,309,-1
1660,-576452502496,2.053405481686721,2.827039766690996,0.29265973688216396,0.11564609718310226,0.27931654922946264,-0.005937489823626296,0,1571172,0.011,0.01040236049999998,0.27791556689999997,0,-0.2107291666666667,0.1775083333333347,0,0,309,-1
1661,-576452502423,2.056345026316039,2.828196181619055,0.2952978392574112,0.11562490764171533,0.16998384379405293,0.020986438815897197,0,1571182,0.01,0.024764200499999982,0.15464310689999997,0,-0.1582291666666667,-0.14624166666666538,0,0,309,-1
1662,-576452502423,2.0596027612395624,2.8294699943961636,0.29704767185936615,0.11595303669351571,0.09145836689000436,0.08464873887731077,0,1571193,0.011,0.0935813505,0.08044026689999996,0,-0.2107291666666667,0.002508333333334667,0,0,309,-1
1663,-576452502423,2.062577931208572,2.830632689953845,0.29798055845671906,0.11663719214994399,0.10436143599951711,-0.029790879301127296,0,1571203,0.01,-0.04584817950000004,0.10617189689999995,0,-0.1582291666666667,0.0637583333333347,0,0,309,-1
1664,-576452502422,2.0655629644793003,2.8317972645826335,0.2990256662234584,0.1162914804779492,0.10542434724668573,-0.06381390614101286,0,1571213,0.01,-0.06858775950000004,0.10557348689999996,0,-0.2019791666666667,0.011258333333334702,0,0,309,-1
1665,-576452502422,2.0685587389727917,2.832956058967266,0.300118388627218,0.11550827733411258,0.13284355184561164,-0.16718324677491236,0,1571223,0.01,-0.18168724950000004,0.13669080689999996,0,-7.291666666666974e-4,0.05500833333333466,0,0,309,-1
1666,-576452502422,2.0715666236472345,2.8341015506910696,0.30145597624383746,0.11364408449494467,0.13936607576056878,-0.30427477491236354,0,1571233,0.01,-0.32351041950000003,0.14028126689999995,0,-0.10572916666666671,0.19500833333333478,0,0,309,-1
1667,-576452502422,2.0745880174769384,2.835223036435728,0.30282867323755813,0.11064172840215547,0.12442533802428998,-0.27548790499069237,0,1571243,0.01,-0.27144874950000003,0.12232896689999995,0,-0.0969791666666667,-0.006241666666665369,0,0,309,-1
1668,-576452502417,2.0776226362590875,2.836316135481862,0.30409022794073054,0.10795808893722525,0.13675590514163588,-0.22471580579647513,0,1571253,0.01,-0.21759184950000002,0.13848603689999994,0,-0.17572916666666671,-0.032491666666665364,0,0,309,-1
1669,-576452502406,2.075288112934547,2.8307788047750355,0.3032684165806643,0.10235694417126577,0.1356486529167048,-0.19695342464810298,0,1571265,0.012,-0.19305703950000005,0.13549398689999995,0,-0.12322916666666671,-0.032491666666665364,0,1,311,2
1670,-576452502394,2.078632649729672,2.8318927053867546,0.30481343141249256,0.10017535424813916,0.1696235383749326,-0.2066559102314926,0,1571276,0.011,-0.20801728950000004,0.17439063689999995,0,-0.2107291666666667,-0.049991666666665324,0,0,311,-1
1671,-576452502386,2.0816887854661656,2.832883808803611,0.3064372578611818,0.09806083178631331,0.11870244844738553,-0.24038596391471378,0,1571286,0.01,-0.24511870950000003,0.11155758689999995,0,-0.1319791666666667,0.020008333333334738,0,0,311,-1
1672,-576452502376,2.084758508577595,2.833851937070503,0.30753360870609936,0.09558549748673528,0.054186470180759394,-0.29124153154495963,0,1571296,0.01,-0.2983771995,0.045134076899999945,0,-0.1319791666666667,-0.06749166666666528,0,0,311,-1
1673,-576452502366,2.0878361001370034,2.834793268104761,0.3080046777302635,0.09267902968777772,0.0037409939384435917,-0.287003629769676,0,1571306,0.01,-0.28640899950000004,-0.003337133100000041,0,-0.0882291666666667,0.03750833333333459,0,0,311,-1
1674,-576452502354,2.0912244995218603,2.8357952255976744,0.30806358645100423,0.0895003599006762,0.015376237653496988,-0.3011759297410058,0,1571317,0.011,-0.3031644795,0.017008806899999954,0,-0.0182291666666667,-0.049991666666665324,0,0,311,-1
1675,-576452502344,2.087500314284429,2.842831387703145,0.3052330277860962,0.08874646061219604,-0.03724478352363186,-0.3496242702210707,0,1571328,0.011,-0.3564229695,-0.04462742310000005,0,-0.0707291666666667,-0.032491666666665364,0,1,312,1
1676,-576452502334,2.0905513535757794,2.8437007945486057,0.30494900842469225,0.08516126847244082,0.025026808844334246,-0.412262348866468,0,1571338,0.01,-0.42105124950000006,0.03376428689999994,0,-0.1669791666666667,-0.02374166666666533,0,0,312,-1
1677,-576452502324,2.0936027721730457,2.844532185493533,0.3053044341237,0.0810993447643423,0.09986064935932293,-0.36906640682387065,0,1571348,0.01,-0.36300547949999995,0.11036076689999996,0,-0.1407291666666667,-0.06749166666666528,0,0,312,-1
1678,-576452502314,2.0966614776105255,2.8453246508033962,0.3064072844366103,0.07739699188881895,0.17414113230155379,-0.37739546864795503,0,1571358,0.01,-0.3785641395,0.18456360689999995,0,-0.10572916666666671,-0.006241666666665369,0,0,312,-1
1679,-576452502304,2.09973409437613,2.846077204748322,0.3081232307042225,0.07322544594726182,0.15599273281852508,-0.6607504897143455,0,1571368,0.01,-0.7005087195000002,0.15344628689999995,0,-0.2807291666666667,-0.014991666666665293,0,0,312,-1
1680,-576452502290,2.1028240963850933,2.8467752644575643,0.3098346539246708,0.06643721645073448,0.26396283953481603,-0.7895516995648134,0,1571378,0.01,-0.8076241095000001,0.27911238689999995,0,-0.14947916666666672,0.011258333333334702,0,0,312,-1
1681,-576452502283,2.105934892902551,2.8474009501793955,0.31235743910825164,0.05866525475137858,0.18068926410265568,-0.7014944549237438,0,1571388,0.01,-0.6891389295,0.16900494689999998,0,-0.2544791666666667,0.14250833333333457,0,0,312,-1
1682,-576452502272,2.1112373630683434,2.850050925574102,0.31495506383724264,0.05198777203508375,0.08280504094626014,-0.6019716577955981,0,1571399,0.011,-0.5880076395,0.06907047689999996,0,-0.10572916666666671,0.36125833333333457,0,1,313,2
1683,-576452502259,2.1147059942804636,2.8505870811175007,0.31573977812238346,0.04546746030568725,9.65106465919699e-4,-0.5361985970677504,0,1571410,0.011,-0.5269698195000001,-0.010518053100000058,0,-0.3332291666666667,0.020008333333334738,0,0,313,-1
1684,-576452502175,2.1178637495774315,2.8510145888228,0.31579623886729097,0.0400513857260461,0.03392665248740041,-0.5742857927589787,0,1571420,0.01,-0.5796298995000001,0.038551566899999945,0,-0.24572916666666672,0.04625833333333462,0,0,313,-1
1685,-576452502175,2.1213396363635706,2.8514217846350802,0.31618044233295967,0.033933995163298446,0.04113114683609042,-0.4435797948626225,0,1571431,0.011,-0.4252401195,0.04214202689999995,0,-0.1844791666666667,-0.10249166666666532,0,0,313,-1
1686,-576452502174,2.1245033881190487,2.8517400060186944,0.3165751455077025,0.029659471268958366,0.02942298716151326,-0.32988820239795175,0,1571441,0.01,-0.3139358595,0.027780186899999948,0,-0.1407291666666667,0.13375833333333476,0,0,313,-1
1687,-576452502174,2.127670920477033,2.852021224959114,0.3169174891187476,0.02653434497209661,0.06366718105558741,-0.20622031107126815,0,1571451,0.01,-0.18886816950000002,0.06847206689999995,0,-0.1319791666666667,-0.006241666666665369,0,0,313,-1
1688,-576452502173,2.130842684149935,2.8522768284957554,0.31746138989617906,0.024561250159833178,-0.002439310977650322,-0.1427237990069844,0,1571461,0.01,-0.1338144495,-0.011714873100000064,0,-0.0969791666666667,0.3700083333333346,0,0,313,-1
1689,-576452502173,2.1343351739904133,2.8525390688247403,0.31751665100208093,0.0230937161050608,0.0513501739043094,-0.07561089388247332,0,1571472,0.011,-0.06619411950000004,0.05889750689999995,0,-0.3594791666666667,0.002508333333334667,0,0,313,-1
1690,-576452502173,2.137513385230374,2.852766009038413,0.3181028031417029,0.02230466282067478,0.10257489248094459,-0.09883946270800234,0,1571482,0.01,-0.10209871950000003,0.10976235689999995,0,-0.2282291666666667,0.11625833333333468,0,0,313,-1
1691,-576452502086,2.140699969198756,2.852983983432129,0.31919491762976193,0.021296031716109387,0.14981058271594067,-0.11324277573872596,0,1571492,0.01,-0.11526373950000003,0.15643833689999997,0,-0.26322916666666674,0.002508333333334667,0,0,313,-1
1692,-576452502085,2.1438994894983363,2.853190189546865,0.3207055987535232,0.019993206669531874,0.15877147270652422,-0.23466427468789886,0,1571502,0.01,-0.2517012195,0.16002879689999994,0,-0.1144791666666667,-0.08499166666666536,0,0,313,-1
1693,-576452502085,2.1378128193975146,2.8616922213775964,0.31846280315947745,0.02072880539094102,0.1163167315138916,-0.4243547600790873,0,1571513,0.011,-0.4509717495,0.11036076689999996,0,-0.24572916666666672,0.16000833333333464,0,1,314,1
1694,-576452502084,2.141322660922577,2.86189453183004,0.31970107491253796,0.01605647011312965,0.08957776596463178,-0.4272302873053701,0,1571524,0.011,-0.4276337595,0.08582595689999994,0,-0.3069791666666667,0.1512583333333346,0,0,314,-1
1695,-576452502084,2.1445232015944726,2.862034433577387,0.32045281903974876,0.01189023487085622,-0.011845735749899736,-0.352540968806337,0,1571534,0.01,-0.3420611295,-0.026076713100000048,0,-0.1844791666666667,-0.17249166666666538,0,0,314,-1
1696,-576452502084,2.1477268345887426,2.86213615781415,0.32028732775409763,0.008434521305374683,-0.04531671839938177,-0.30294279892875475,0,1571544,0.01,-0.2959835595,-0.05001311310000006,0,-0.06197916666666671,0.04625833333333462,0,0,314,-1
1697,-576452502083,2.1509274616629863,2.862206916635688,0.31983721828693323,0.0056485896560390676,-0.04313790735808326,-0.12943593773077783,0,1571554,0.01,-0.10509076950000003,-0.04283219310000004,0,-0.24572916666666672,0.10750833333333465,0,0,314,-1
1698,-576452502083,2.1541233586961175,2.8622576790317154,0.31935614398513074,0.004471075663971541,-0.07855466236399802,-0.04616266432465094,0,1571564,0.01,-0.03447838950000003,-0.08352407310000005,0,-0.2107291666666667,-0.07624166666666532,0,0,314,-1
1699,-576452502083,2.157313387021466,2.862299857816684,0.31863222494873983,0.003974492161406612,-0.034633094711874216,-0.07107618327245885,0,1571574,0.01,-0.07457185950000003,-0.02847035310000006,0,-0.0444791666666667,0.18625833333333475,0,0,314,-1
1700,-576452502082,2.1604969794827698,2.8623355263313517,0.31813001229888543,0.0031821145598010855,-0.1457292081544178,-0.12924333540240313,0,1571584,0.01,-0.1374049095,-0.16131737310000008,0,0.03427083333333329,0.05500833333333466,0,0,314,-1
1701,-576452501984,2.1610801515154723,2.859611417660855,0.3155505166063374,7.404475121197184e-4,-0.1940347837083997,-0.09599306888180448,0,1571594,0.01,-0.09132733950000002,-0.20081243310000008,0,-0.3069791666666667,0.07250833333333473,0,1,315,2
1703,-576452501983,2.15990898259917,2.866497979605478,0.30820800047779445,0.001155316572854484,-0.15850222987811274,-0.20127722738661546,0,1571616,0.011,-0.2122061595,-0.15533327310000009,0,-0.3332291666666667,-0.06749166666666528,0,0,316,-1
1704,-576452501983,2.1629813937845053,2.8664991171239818,0.3063586351867182,-9.105651956993175e-4,-0.3446430091963866,-0.23867457676688303,0,1571626,0.01,-0.24392188950000007,-0.37076087310000005,0,-0.3069791666666667,-0.1287416666666653,0,0,316,-1
1705,-576452501982,2.1660265762944686,2.8664778696924453,0.3027303224951439,-0.003329587209950894,-0.47407691768534743,-0.26164342476657254,0,1571636,0.01,-0.26486623950000004,-0.4922381031000001,0,-0.0969791666666667,-0.2074916666666653,0,0,316,-1
1706,-576452501981,2.169029026936312,2.8664314190047393,0.29781033580141353,-0.005957352407260045,-0.6017809682442459,-0.2697174530256036,0,1571646,0.01,-0.27085033950000004,-0.6196994331,0,-0.0882291666666667,-0.09374166666666528,0,0,316,-1
1707,-576452501980,2.1719763058676294,2.8663580913174362,0.291677698045856,-0.008696419891493716,-0.6836165449798045,-0.2995736887076073,0,1571656,0.01,-0.3037628895,-0.6950990931000003,0,-0.2807291666666667,-0.10249166666666532,0,0,316,-1
1708,-576452501980,2.1748590614397716,2.866255823101679,0.28486642905961407,-0.011742963935002845,-0.6658730025448416,-0.33578360796539164,0,1571666,0.01,-0.3408643095,-0.6633833631000001,0,-0.2282291666666667,-0.05874166666666536,0,0,316,-1
1709,-576452501980,2.177674366829199,2.8661218282812415,0.27819750856826636,-0.015065817322606973,-0.6731356968580124,-0.310851617509597,0,1571676,0.01,-0.3073533495,-0.6741547431,0,-0.1582291666666667,0.09875833333333461,0,0,316,-1
1710,-576452501881,2.1806931363994657,2.8659393532032715,0.27069394221478715,-0.01818497095194269,-0.738052174746578,-0.1141410026473533,0,1571687,0.011,-0.08654005950000003,-0.7471607631,0,-0.24572916666666672,0.05500833333333466,0,0,316,-1
1711,-576452501881,2.176459161293433,2.85859296462932,0.2605450979262303,-0.022413853506144322,-0.71193002449367,-0.08941227465243765,0,1571697,0.01,-0.08594164950000001,-0.7082641131,0,-0.0882291666666667,-0.06749166666666528,0,1,317,2
1712,-576452501880,2.179030311762536,2.858362422994276,0.2536257041240305,-0.023609677622986432,-0.5696492266916265,-0.3041512529787366,0,1571707,0.01,-0.33428179950000003,-0.5496854631,0,-0.24572916666666672,0.12500833333333472,0,0,317,-1
1713,-576452501880,2.1815389624054045,2.858109447407814,0.24806572132078503,-0.026912150695560928,-0.4723758117203978,-0.4901065947833776,0,1571717,0.01,-0.5161984395,-0.4587271431,0,-0.1582291666666667,0.002508333333334667,0,0,317,-1
1716,-576452501879,2.188749120386487,2.8570835825394014,0.231341290144896,-0.04079889850527935,-0.769138571259876,-0.2760209234294349,0,1571747,0.01,-0.2576853195,-0.7848605931000001,0,-0.1144791666666667,0.22125833333333467,0,0,317,-1
1717,-576452501879,2.191022401318283,2.8566633278380094,0.22338830709190882,-0.04331932959685561,-0.9555777500440807,-0.10513218287730655,0,1571757,0.01,-0.08115436950000002,-0.9817374831000002,0,-0.0707291666666667,0.3350083333333347,0,0,317,-1
1718,-576452501878,2.193206710505557,2.856226693456315,0.21355219831113745,-0.044087114318421695,-1.1553685251967758,0.09694336990925362,0,1571767,0.01,0.1252970805,-1.1834016531000002,0,-0.17572916666666671,0.09000833333333458,0,0,317,-1
1719,-576452501878,2.1952838895830897,2.8557907844366226,0.2019087944634073,-0.043099727665459844,-1.2193105435287968,0.10973835511414255,0,1571777,0.01,0.11153365049999998,-1.2282824031000001,0,-0.3769791666666667,0.24750833333333477,0,0,317,-1
1720,-576452501878,2.1972443034259213,2.8553653872333773,0.19007354954857678,-0.04198467217010035,-0.9642650451432853,0.12233306607827625,0,1571787,0.01,0.12410026049999998,-0.9284789931,0,-0.12322916666666671,0.2825083333333347,0,0,317,-1
1721,-576452501779,2.1990977771242135,2.8549527036291287,0.1805794914136848,-0.040597911266557346,-0.8583640047539618,0.23880902622411157,0,1571797,0.01,0.2551520505,-0.8435047731000003,0,-0.1407291666666667,0.18625833333333475,0,0,317,-1
1722,-576452501779,2.1972236125658062,2.850595448614367,0.16972720461159382,-0.03955178752225746,-0.7676665014839495,0.33080762148919707,0,1571808,0.011,0.3437167305,-0.7549400931000002,0,-0.1319791666666667,0.23875833333333474,0,1,319,2
1723,-576452501779,2.1990449006066846,2.850180475469245,0.16138823682728717,-0.03590031048956978,-0.699305325405572,0.3389796354186033,0,1571819,0.011,0.3401262705,-0.6897134031000001,0,-0.1582291666666667,-0.09374166666666528,0,0,319,-1
1724,-576452501778,2.200623926458728,2.849838052214837,0.1544116008526672,-0.032566470289801475,-0.6877450003305378,0.29957733304684764,0,1571829,0.01,0.29404870050000004,-0.6861229431,0,-0.21947916666666673,0.2562583333333346,0,0,319,-1
1725,-576452501778,2.202134699141527,2.849526282029436,0.14769617110326846,-0.029739006130488587,-0.5724458730975466,0.179802769775409,0,1571839,0.01,0.16299691049999998,-0.5562679731000002,0,-0.28947916666666673,-0.02374166666666533,0,0,319,-1
1726,-576452501777,2.203583057620292,2.849237102821698,0.1419746838646222,-0.028062556783202512,-0.5703284972387267,0.09317034587256384,0,1571849,0.01,0.08101474049999997,-0.5700314031000001,0,-0.2719791666666667,0.028758333333334773,0,0,319,-1
1727,-576452501777,2.2049754881589845,2.848959856345894,0.13645879591461094,-0.027330633226701803,-0.4367745422280498,-0.04920863026767569,0,1571859,0.01,-0.06918616950000003,-0.4180352631000001,0,-0.3244791666666667,0.1775083333333347,0,0,319,-1
1728,-576452501777,2.2063194364681884,2.8486829467576973,0.13227831026669792,-0.028001194338351607,-0.30331575851290316,-0.1764064281800993,0,1571869,0.01,-0.19425385950000001,-0.2845898331000001,0,-0.3332291666666667,0.2300083333333347,0,0,319,-1
1729,-576452501776,2.2076266921226098,2.8483944925044207,0.12918867103061685,-0.02970622334930195,-0.34356994993564854,-0.13433228456724294,0,1571879,0.01,-0.12842875950000002,-0.3492181131000001,0,-0.3419791666666667,0.09000833333333458,0,0,319,-1
1730,-576452501776,2.2089005024554123,2.8480924716422686,0.12561274630430314,-0.030774995112786755,-0.44350780099426956,0.06133896343581721,0,1571889,0.01,0.08879407049999999,-0.4575303231000001,0,-0.2807291666666667,0.10750833333333465,0,0,319,-1
1731,-576452501677,2.210133363368754,2.8477894995455886,0.12100725779879788,-0.029894406827737852,-0.5649585536319597,0.25177017556919423,0,1571899,0.01,0.2784900405,-0.5819996031000001,0,-0.2107291666666667,-0.09374166666666528,0,0,319,-1
1732,-576452501676,2.2004167675326634,2.8568433004478964,0.11014013208057602,-0.022985199087720336,-0.6974537597215466,0.2783519206522612,0,1571910,0.011,0.28208050049999994,-0.7160434430999999,0,-0.1844791666666667,-0.05874166666666536,0,1,320,1
1733,-576452501675,2.201482579235085,2.856626073332315,0.10305762329479622,-0.020399481879322487,-0.7735806365064003,0.1388823008878057,0,1571920,0.01,0.1193129805,-0.7842621831000001,0,-0.3419791666666667,-0.014991666666665293,0,0,320,-1
1734,-576452501675,2.2024744011038577,2.856428881755088,0.09531013068521645,-0.01903255841659847,-0.7818982926119652,0.12329526524939809,0,1571930,0.01,0.12110821049999998,-0.7830653631,0,-0.1407291666666667,0.3175083333333346,0,0,320,-1
1735,-576452501675,2.203387902764537,2.856244580920305,0.08741238446230838,-0.017821444984371784,-0.8380233677715806,0.10773311370224178,0,1571940,0.01,0.10554955049999998,-0.8458984131000002,0,-0.14947916666666672,0.2562583333333346,0,0,320,-1
1736,-576452501674,2.2042203981948676,2.8560722404801453,0.07907474087188729,-0.016668012076938188,-0.8076702259914008,0.16196939624201834,0,1571950,0.01,0.1695794205,-0.8034113031000002,0,-0.1932291666666667,0.14250833333333457,0,0,320,-1
1737,-576452501674,2.2049709936743778,2.855913699929802,0.07103420495466094,-0.01504189947579354,-0.7818947084407671,0.1665439182321041,0,1571960,0.01,0.1671857805,-0.7782780831000001,0,-0.21947916666666673,0.1512583333333346,0,0,320,-1
1738,-576452501674,2.205648158283581,2.8557707315197915,0.06413938155566054,-0.01351336381166043,-0.12327633359629186,0.0689734582288095,0,1571970,0.01,0.05528311049999998,-0.030863993100000053,0,-0.2719791666666667,0.16000833333333464,0,0,320,-1
1739,-576452501673,2.206284012662435,2.855638712379644,0.06300412995242298,-0.012875818569142317,-0.053780186008819356,0.03177836428290855,0,1571980,0.01,0.02655943049999999,-0.04402901310000005,0,0.0430208333333333,0.24750833333333477,0,0,320,-1
1740,-576452501673,2.206911455925327,2.855511558570412,0.06248053563538501,-0.012555620754223007,-0.043654537398488416,0.033498933292102406,0,1571990,0.01,0.03374035049999998,-0.04223378310000006,0,-0.0882291666666667,0.3437583333333347,0,0,320,-1
1741,-576452501610,2.207534358492214,2.8553875047641224,0.06208770913839588,-0.012247578487135771,-0.012496300797106667,0.01429388708186078,0,1572000,0.01,0.011599180499999986,-0.008124413100000064,0,-0.009479166666666705,0.29125833333333473,0,0,320,-1
1742,-576452501609,2.1956276258615284,2.8660515738676913,0.056975246815799005,-0.007380040699167514,0.053260226955737656,0.0019612553987427106,0,1572011,0.011,2.293904999999821e-4,0.06248796689999995,0,-0.28947916666666673,0.020008333333334738,0,1,322,1
1744,-576452501608,2.196782244113685,2.865905891058304,0.0587340468070787,-0.007104232532735083,0.10776815803691013,0.005389626095576219,0,1572031,0.01,0.0026230304999999765,0.10677030689999994,0,-0.1407291666666667,0.028758333333334773,0,0,322,-1
1745,-576452501608,2.1973749556672075,2.8658350303262448,0.05980902745658978,-0.007064051317340947,0.10584353537103952,-0.004383428519572935,0,1572041,0.01,-0.005754709500000013,0.10557348689999996,0,-0.1582291666666667,-0.18999166666666534,0,0,322,-1
1746,-576452501608,2.1979780342011956,2.8657642258477387,0.060820004601467186,-0.007099264169503059,0.07202097265227858,0.0017609042735162823,0,1572051,0.01,0.0026230304999999765,0.06727524689999996,0,-0.12322916666666671,-0.14624166666666538,0,0,322,-1
1747,-576452501607,2.19865097322042,2.8656863196616014,0.06154821876240712,-0.007068328642521247,0.030075235013760367,0.009339052197325209,0,1572062,0.011,0.01040236049999998,0.024189726899999948,0,-0.026979166666666707,-0.14624166666666538,0,0,322,-1
1748,-576452501600,2.1992674417579594,2.8656162929017897,0.06177020076136752,-0.006946077515361928,-0.02546469140908668,0.029688280899492474,0,1572072,0.01,0.03254353049999999,-0.033257633100000066,0,0.1130208333333333,-0.4787416666666653,0,0,322,-1
1749,-576452501588,2.1970066811991535,2.8625674977085303,0.060303603512196435,-0.008131742463640554,-0.021803444027150638,-0.10110156176038272,0,1572083,0.011,-0.11945260950000003,-0.021289433100000043,0,0.09552083333333329,-1.1437416666666653,0,1,323,2
1750,-576452501578,2.1976689175101876,2.862474044114146,0.0600976193811135,-0.008939428155734406,1.631858238686744e-4,0.09638977269404998,0,1572094,0.011,0.12410026049999998,0.0032453768999999395,0,0.20052083333333331,0.07250833333333473,0,0,323,-1
1751,-576452501568,2.1982699069364378,2.862389908273896,0.06010010853019259,-0.007908973360055466,7.670125136368118e-4,0.14325597943984275,0,1572104,0.01,0.14983189049999998,8.51736899999945e-4,0,0.3492708333333333,-1.1262416666666653,0,0,323,-1
1752,-576452501557,2.198870472408804,2.8623154541100266,0.0600341405139134,-0.006868732882981634,-0.0516364116439952,-0.13593129617955735,0,1572114,0.01,-0.1751047395,-0.05898926310000005,0,0.26177083333333334,-1.1787416666666655,0,0,323,-1
1753,-576452501542,2.1890912998105194,2.8712044853346077,0.05514176967264439,-0.0045942602103911665,0.006461607800671232,-0.018097490916489246,0,1572128,0.014,-0.0015658395000000265,0.01461516689999996,0,0.0780208333333333,-0.3999916666666653,0,1,324,1
1754,-576452501532,2.1897537405919145,2.871148213158175,0.05525396603725159,-0.004791128149879367,0.02673132390482103,-0.00622390159606202,0,1572140,0.012,-0.004557889500000024,0.029575416899999946,0,-0.2107291666666667,-0.11999166666666539,0,0,324,-1
1755,-576452501522,2.1903076523803136,2.8711002340723946,0.055526385395377784,-0.004817992411246263,0.030275013257879894,0.01832731043419787,0,1572150,0.01,0.021772150499999966,0.030772236899999944,0,-0.1319791666666667,-0.17249166666666538,0,0,324,-1
1756,-576452501512,2.1908643474646867,2.8710524510349438,0.05581645157015953,-0.004714685601604899,0.021265064629807272,-0.03847633266000401,0,1572160,0.01,-0.046446589500000024,0.02000085689999995,0,-0.1932291666666667,-0.04124166666666529,0,0,324,-1
1757,-576452501502,2.19142385367248,2.8710037145595444,0.05607248028724576,-0.005047383402965502,0.052167825606939174,-0.001384582820816084,0,1572170,0.01,0.003819850499999965,0.05650386689999995,0,-0.21947916666666673,0.1775083333333347,0,0,324,-1
1758,-576452501492,2.1919867446464423,2.8709531464823552,0.0,0.0,0.0,0.0,1,1572180,0.01,-0.004557889500000024,-0.003935543100000044,0,-0.1144791666666667,0.07250833333333473,0,0,324,-1
1759,-576452501482,2.183334691443021,2.8622408572192763,-0.0035046601504861415,-0.0038539021317309657,-6.786449651064456e-7,-9.151230346779525e-7,1,1572190,0.01,-0.007549939500000021,0.01940244689999995,0,-0.12322916666666671,-0.08499166666666536,0,1,325,2
1760,-576452501471,2.1832996755678087,2.862202245002678,0.0,0.0,0.0,0.0,1,1572200,0.01,-0.009345169500000012,0.0038437868999999423,0,-0.0444791666666667,0.028758333333334773,0,0,325,-1
1761,-576452501462,2.1832997668411864,2.8622024445256042,0.0,0.0,0.0,0.0,1,1572210,0.01,0.025362610499999983,0.011623116899999963,0,-0.1144791666666667,0.09000833333333458,0,0,325,-1
1762,-576452501452,2.183299966822395,2.862202554736762,0.0,0.0,0.0,0.0,1,1572220,0.01,0.01399282049999998,0.025386546899999942,0,-0.0969791666666667,-0.032491666666665364,0,0,325,-1
1763,-576452501442,2.1832999310995564,2.8622026036916846,0.0,0.0,0.0,0.0,1,1572230,0.01,0.006213490499999994,-0.004533953100000047,0,-0.14947916666666672,0.020008333333334738,0,0,325,-1
1764,-576452501431,2.183299955354294,2.862202704494843,0.0,0.0,0.0,0.0,1,1572241,0.011,0.011000770499999982,0.0026469668999999536,0,-0.10572916666666671,-0.032491666666665364,0,0,325,-1
1765,-576452501420,2.17652170143156,2.867863448296291,-0.002737952679059279,0.002502991105535026,-6.746507912665945e-7,7.538660612349099e-7,1,1572252,0.011,0.013394410499999978,-0.003935543100000044,0,-0.2107291666666667,0.12500833333333472,0,1,326,1
1766,-576452501410,2.176494378509687,2.867888568353169,0.0,0.0,0.0,0.0,1,1572262,0.01,0.011000770499999982,0.00683583689999994,0,-0.1932291666666667,0.18625833333333475,0,0,326,-1
1767,-576452501400,2.1764943616025874,2.8678886176139136,-2.6374911215132554e-6,7.656904506932241e-6,-0.0018769532414405648,0.005448936949755319,0,1572272,0.01,0.006213490499999994,-0.0021403131000000525,0,-0.28947916666666673,0.07250833333333473,0,0,326,-1
1768,-576452501390,2.1764942440237016,2.8678889726605594,-2.0994677323667513e-5,6.308720928968537e-5,-0.001583130132559008,0.0061194142104825915,0,1572282,0.01,0.006213490499999994,-0.0015419031000000495,0,-0.21947916666666673,0.16000833333333464,0,0,326,-1
1769,-576452501380,2.176494134436713,2.867889853660271,-8.79416783294639e-6,1.155609826377857e-4,0.018394558927231092,-9.541215019034672e-5,0,1572292,0.01,-9.674295000000236e-4,0.021197676899999948,0,-0.1144791666666667,0.14250833333333457,0,0,326,-1
1770,-576452501368,2.176495044888115,2.867891073067615,1.8743654987445491e-4,1.2531513913861304e-4,0.027150087469132285,0.007536305674669126,0,1572302,0.01,0.008607130499999989,0.02837859689999995,0,-0.1582291666666667,0.002508333333334667,0,0,326,-1
1771,-576452501359,2.1764981497076765,2.8678927161860006,4.3909556407249273e-4,2.0273214581769823e-4,0.013008892272645855,0.009000145575537079,0,1572312,0.01,0.009205540499999991,0.011024706899999943,0,-0.0969791666666667,0.0637583333333347,0,0,326,-1
1772,-576452501267,2.1756222063203894,2.8670075234814076,-3.572028986639533e-4,-3.945253333139089e-4,-8.224351373006787e-8,-1.1160760077127854e-7,1,1572323,0.011,-0.0033610695000000183,0.02478813689999994,0,-0.21947916666666673,0.1512583333333346,0,1,327,2
1773,-576452501266,2.1756185330011792,2.8670031561073093,-3.204638041990452e-4,-3.9826121490777686e-4,0.023837121120688587,-0.00242273529818186,0,1572334,0.011,-0.002762659500000015,0.02718177689999995,0,-0.2719791666666667,0.19500833333333478,0,0,327,-1
1774,-576452501266,2.1756164886980214,2.8669990545104125,-8.687020812167347e-5,-4.221666419622977e-4,0.020472899052410707,-0.0021960554928936215,0,1572344,0.01,-0.0021642495000000293,0.02000085689999995,0,-0.12322916666666671,-0.014991666666665293,0,0,327,-1
1775,-576452501266,2.175616540147541,2.866994618797317,1.0179115424975658e-4,-4.6031135320815416e-4,0.00903861851584601,-0.01371326229837085,0,1572354,0.01,-0.015329269500000025,0.007434246899999943,0,-0.23697916666666669,-0.13749166666666535,0,0,327,-1
1776,-576452501265,2.175617950128378,2.866989331435337,1.8283821315532605e-4,-5.97223406451692e-4,0.002383888235055495,-0.01355609239068669,0,1572364,0.01,-0.013534039500000017,0.0014501468999999479,0,-0.0532291666666667,0.11625833333333468,0,0,327,-1
1777,-576452501265,2.175619895061834,2.86698291263821,2.0626446964156417e-4,-6.96676324739002e-4,0.0020898185326885268,0.012177331432197853,0,1572374,0.01,0.015788050499999973,0.002048556899999951,0,-0.2019791666666667,0.002508333333334667,0,0,327,-1
1778,-576452501264,2.1756220948768314,2.8669765549011506,0.0,0.0,0.0,0.0,1,1572384,0.01,0.012197590499999989,0.0062374268999999365,0,0.008020833333333297,0.011258333333334702,0,0,327,-1
1779,-576452501264,2.175622097198147,2.866976650221439,0.0,0.0,0.0,0.0,1,1572395,0.011,0.01040236049999998,2.5332689999994204e-4,0,-0.1669791666666667,0.10750833333333465,0,0,327,-1
1780,-576452501216,2.1756221139342435,2.8669767058726277,2.5478951057245343e-6,8.472309431664127e-6,0.0017964873988438946,0.00597371418408182,0,1572405,0.01,0.00681190049999998,0.002048556899999951,0,-0.3682291666666667,0.12500833333333472,0,0,327,-1
1781,-576452501215,2.170925473283422,2.87088084086533,-0.0018890056987023434,0.0018109708661734546,-0.0027058448648691644,0.007758753758281602,0,1572415,0.01,0.008008720499999986,-0.003337133100000041,0,-0.1669791666666667,0.10750833333333465,0,1,328,1
1782,-576452501215,2.1709045413082255,2.8709012551003723,-0.0019172119149924547,0.0018998557973190667,-0.0016851230515878511,0.0100770716917465,0,1572426,0.011,0.01040236049999998,-0.0015419031000000495,0,-0.1582291666666667,0.07250833333333473,0,0,328,-1
1783,-576452501214,2.170885403362186,2.8709207798045564,-0.0019160221385375238,0.002004008285999262,0.0110351276880929,0.012461443510943415,0,1572436,0.01,0.012796000499999974,0.012819936899999952,0,-0.1844791666666667,-0.02374166666666533,0,0,328,-1
1784,-576452501214,2.17086681377521,2.87094128901139,-0.0018027344821283657,0.002104703805066639,0.013125098087681896,-0.004562814584234378,0,1572446,0.01,-0.0069515295000000185,0.013418346899999954,0,-0.23697916666666669,0.14250833333333457,0,0,328,-1
1785,-576452501213,2.1708495677125326,2.870962107949166,-0.0016519749553713522,0.0020590817211062797,0.027026471502768667,-0.00455849551857149,0,1572456,0.01,-0.004557889500000024,0.028977006899999953,0,-0.4469791666666667,0.07250833333333473,0,0,328,-1
1786,-576452501205,2.171180837367909,2.8713309849844553,-0.0012468601976683568,0.0021611143152991583,0.0229644772029031,-0.01033047537387907,0,1572466,0.01,-0.011140399500000021,0.022394496899999946,0,-0.2019791666666667,0.028758333333334773,0,1,329,2
1787,-576452501165,2.1711684508788314,2.8713542177247424,-0.0010030229488723842,0.0020600102871243223,0.01721685912347203,-0.0021195274977363187,0,1572477,0.011,-9.674295000000236e-4,0.01641039689999995,0,-0.14947916666666672,0.12500833333333472,0,0,329,-1
1788,-576452501164,2.1711593286082995,2.871374745634568,-8.236704186548622e-4,0.0020439692701352086,0.022282179518357217,0.0015146940642214364,0,1572487,0.01,0.0020246204999999737,0.02299290689999995,0,-0.24572916666666672,0.05500833333333466,0,0,329,-1
1789,-576452501163,2.171152197412845,2.8713952603611643,-6.021848467277753e-4,0.0020590071899491574,0.021331122074996923,0.0014370981682379465,0,1572497,0.01,0.001426210499999971,0.021197676899999948,0,-0.0182291666666667,-0.014991666666665293,0,0,329,-1
1790,-576452501159,2.171147118353362,2.871415941082671,0.0,0.0,0.0,0.0,1,1572507,0.01,0.003819850499999965,0.005639016899999951,0,-0.21947916666666673,0.002508333333334667,0,0,329,-1
1791,-576452501055,2.1711471957985493,2.871415942890182,1.209319761472592e-5,2.822645559541093e-7,0.008618591445086683,2.011646064917592e-4,0,1572517,0.01,2.293904999999821e-4,0.009827886899999937,0,-0.2807291666666667,0.09875833333333461,0,0,329,-1
1792,-576452501016,2.1711477147540283,2.871415951278549,9.314015647593446e-5,1.5923124462352408e-6,0.0049560911880282225,-2.988598557692464e-4,0,1572527,0.01,-3.6901950000002077e-4,0.004442196899999945,0,-0.1669791666666667,0.12500833333333472,0,0,329,-1
1794,-576452501011,2.171151183902305,2.8714164550017287,2.586192233052837e-4,7.36304662898802e-5,0.007259383468764085,0.010313107152398079,0,1572548,0.011,0.011000770499999982,0.00683583689999994,0,-0.2982291666666667,0.09875833333333461,0,0,329,-1
1796,-576452500974,2.171157625019391,2.871419598595885,3.7535484101305504e-4,2.190505383114268e-4,8.759827464798059e-4,0.0075916032714034125,0,1572568,0.01,0.008008720499999986,2.5332689999994204e-4,0,-0.24572916666666672,0.020008333333334738,0,0,329,-1
1798,-576452500968,2.1711656299316524,2.871425704236142,4.4325190562683327e-4,4.0309802886462673e-4,0.010750101357831224,0.0129836899781275,0,1572588,0.01,0.013394410499999978,0.011623116899999963,0,-0.1407291666666667,0.04625833333333462,0,0,329,-1
1799,-576452500967,2.1711706115492313,2.871430382922113,5.525634738442775e-4,5.327039811425444e-4,0.012040471883952915,0.012819095193207591,0,1572598,0.01,0.012796000499999974,0.012221526899999948,0,-0.24572916666666672,0.04625833333333462,0,0,329,-1
1800,-576452500964,2.1711767547785197,2.8714361998606885,6.75399959796379e-4,6.373040234702083e-4,0.013773580262759771,-0.0039940292576085175,0,1572608,0.01,-0.006353119500000015,0.014016756899999957,0,-0.4294791666666667,-0.006241666666665369,0,0,329,-1
1801,-576452500959,2.171184175799091,2.8714423216088765,8.097533464254597e-4,5.893066389299876e-4,0.011362948487183612,-0.009736280333762382,0,1572618,0.01,-0.010541989500000019,0.011024706899999943,0,-0.2719791666666667,-0.2074916666666653,0,0,329,-1
1802,-576452500958,2.171192862389005,2.871447763946347,9.266482722809715e-4,4.975793807382718e-4,0.013690212803137244,-0.005719854011993716,0,1572628,0.01,-0.005156299500000027,0.014016756899999957,0,-0.1669791666666667,0.028758333333334773,0,0,329,-1
1803,-576452500958,2.1712027876663833,2.871452401610059,0.001059534238232659,4.3223834763473745e-4,0.010827913107740696,-0.011522970202102016,0,1572638,0.01,-0.01233721950000001,0.01042629689999994,0,-0.2107291666666667,0.020008333333334738,0,0,329,-1
1804,-576452500958,2.171213982532504,2.871456174433239,0.0011768914507410322,3.211610270146397e-4,0.017297818756966673,-0.008563587640063292,0,1572648,0.01,-0.008148349500000025,0.01820562689999994,0,-0.2544791666666667,-0.02374166666666533,0,0,329,-1
1805,-576452500957,2.171226552768494,2.8714589517061415,0.0013399417573372212,2.3456343483472543e-4,0.01022226499733918,-0.009248997922072703,0,1572658,0.01,-0.009345169500000012,0.009229476899999934,0,-0.17572916666666671,0.16875833333333468,0,0,329,-1
1806,-576452500957,2.1712404507624665,2.8714609614324016,0.0014402064801930545,1.618359657662638e-4,0.00882685961175561,0.00483564948477553,0,1572668,0.01,0.00681190049999998,0.008631066899999948,0,-0.0707291666666667,0.03750833333333459,0,0,329,-1
1807,-576452500957,2.1712553727791795,2.8714629644446994,0.0015407517287286795,2.325050318811924e-4,0.017576371658193216,0.020737713373282934,0,1572678,0.01,0.022968970499999974,0.018804036899999946,0,-0.21947916666666673,0.07250833333333473,0,0,329,-1
1808,-576452500956,2.171271602780506,2.8714662308053436,0.001707717467682915,4.249558046542615e-4,0.011306094662769592,0.010099766595975994,0,1572688,0.01,0.008607130499999989,0.01042629689999994,0,-0.3244791666666667,-0.17249166666666538,0,0,329,-1
1809,-576452500956,2.1663775113878105,2.875587346133348,-1.5111435484712254e-4,0.002381811864089061,0.015257122865643466,0.01193993406446783,0,1572699,0.011,0.012197590499999989,0.01581198689999995,0,-0.1144791666666667,0.10750833333333465,0,1,332,1
1810,-576452500956,2.166376796027443,2.875616783868982,3.190755032149622e-5,0.0025245937312963276,0.015218935115745149,0.011641109323657863,0,1572711,0.012,0.011599180499999986,0.015213576899999946,0,-0.12322916666666671,0.002508333333334667,0,0,332,-1
1811,-576452500950,2.1682737118983364,2.87756426350068,9.738501254460085e-4,0.0035108551802615915,0.01941263052757873,0.010555026465361439,0,1572722,0.011,0.01040236049999998,0.02000085689999995,0,-0.3069791666666667,-0.14624166666666538,0,1,333,2
1812,-576452500939,2.1682855538394374,2.877603440842374,0.0011808883467233874,0.003615401207290515,0.015205482093805235,0.0030742643621663552,0,1572733,0.011,0.0020246204999999737,0.01461516689999996,0,-0.2982291666666667,-0.032491666666665364,0,0,333,-1
1813,-576452500928,2.1682980788259236,2.877639671018952,0.0013262437586747497,0.0036343991757912548,0.01048958574659882,-0.00519310488320143,0,1572743,0.01,-0.006353119500000015,0.009827886899999937,0,-0.2282291666666667,0.002508333333334667,0,0,333,-1
1815,-576452500854,2.1683288296799184,2.8777155214023664,0.0016357632854991282,0.0036277061481058033,0.01769316867923095,-0.008063625654739705,0,1572764,0.01,-0.009943579500000016,0.01760721689999996,0,-0.4119791666666667,-0.13749166666666535,0,0,333,-1
1816,-576452500854,2.1683461235051755,2.8777514942955027,0.0018206996145513925,0.003562449271034313,0.02339034261639008,0.0028823974656307545,0,1572774,0.01,0.004418260499999968,0.024189726899999948,0,-0.3157291666666667,-0.18999166666666534,0,0,333,-1
1817,-576452500853,2.168365421364111,2.8777872136626144,0.0020423307243455807,0.0035835895478677914,0.014645374563112875,-0.002592827425049157,0,1572784,0.01,-0.0033610695000000183,0.013418346899999954,0,-0.2019791666666667,0.2825083333333347,0,0,333,-1
1818,-576452500853,2.168386548408531,2.8778229138628286,0.002184329243178335,0.0035567159527546952,0.011470220466985934,-0.0032665393472861926,0,1572794,0.01,-0.0033610695000000183,0.011024706899999943,0,-0.21947916666666673,-0.032491666666665364,0,0,333,-1
1819,-576452500853,2.1684089569868417,2.8778583263804047,0.002297746924313215,0.0035254069011597003,0.010554748930195059,-0.002299883346409087,0,1572804,0.01,-0.0021642495000000293,0.01042629689999994,0,-0.2807291666666667,0.011258333333334702,0,0,333,-1
1820,-576452500852,2.168432517759238,2.8778935042424063,0.002411972291362275,0.0035084655846813703,0.016739429394040113,0.0020172789890223683,0,1572814,0.01,0.0026230304999999765,0.01760721689999996,0,-0.3944791666666667,0.09875833333333461,0,0,333,-1
1821,-576452500847,2.158228972284549,2.886441071887852,-0.0015686902863191873,0.00734799058859627,0.008053653830712406,0.0067475990998129304,0,1572824,0.01,0.007410310499999982,0.00683583689999994,0,-0.1319791666666667,-0.08499166666666536,0,1,334,1
1822,-576452500837,2.1582122311921093,2.8865223359953687,-0.001476123683437774,0.007426304727830164,0.010659126688348067,0.00942787455463403,0,1572835,0.011,0.009803950499999978,0.011024706899999943,0,-0.2982291666666667,-0.08499166666666536,0,0,334,-1
1823,-576452500826,2.162010107614596,2.890455569931671,1.6088822391196393e-4,0.00925285042736299,0.002058815325847785,0.011332427406762251,0,1572845,0.01,0.011599180499999986,8.51736899999945e-4,0,-0.26322916666666674,-0.10249166666666532,0,1,335,2
1824,-576452500815,2.1620121064350677,2.8905579840225406,1.9875703933336806e-4,0.009369845724249598,0.0120205866243313,0.006318584895078511,0,1572856,0.011,0.005615080499999991,0.013418346899999954,0,-0.0532291666666667,0.03750833333333459,0,0,335,-1
1825,-576452500805,2.162014814034085,2.8906519974518856,3.3707826783500747e-4,0.009432900797429485,0.024791455355080996,0.006226422086982718,0,1572866,0.01,0.006213490499999994,0.02658336689999995,0,-0.2544791666666667,-0.04124166666666529,0,0,335,-1
1826,-576452500796,2.162019395880898,2.8907466709038405,5.805648111692424e-4,0.009500310324914371,0.021639881821150873,0.009888522337814834,0,1572876,0.01,0.01040236049999998,0.021197676899999948,0,-0.0707291666666667,0.028758333333334773,0,0,335,-1
1827,-576452500782,2.162026294195531,2.890842134726963,7.986287672088755e-4,0.00959393631939694,0.02282642074739314,0.0061409162003788435,0,1572886,0.01,0.005615080499999991,0.02299290689999995,0,-0.0969791666666667,0.09875833333333461,0,0,335,-1
1828,-576452500775,2.162035366529506,2.890938282680958,0.001018261723586574,0.00963997158776391,0.016675094407926434,-0.004815761496216701,0,1572896,0.01,-0.006353119500000015,0.01581198689999995,0,-0.3944791666666667,0.03750833333333459,0,0,335,-1
1829,-576452500765,2.162046333666789,2.8910344012063605,0.0011773236685257485,0.009585504312718174,0.011195194884062905,-0.00931261507512476,0,1572906,0.01,-0.009943579500000016,0.01042629689999994,0,-0.21947916666666673,0.011258333333334702,0,0,335,-1
1830,-576452500715,2.157527617718766,2.894882457628135,-5.381987060242971e-4,0.011163688132904227,0.008421364101361958,-0.009340677107539478,0,1572917,0.011,-0.009345169500000012,0.008032656899999945,0,-0.23697916666666669,0.10750833333333465,0,1,336,1
1831,-576452500588,2.1575221523376085,2.895004642071593,-4.533687182921233e-4,0.011053655009270543,0.003357491182739582,-0.014067611831942467,0,1572928,0.011,-0.014730859500000039,0.0026469668999999536,0,-0.1319791666666667,-0.04124166666666529,0,0,336,-1
1832,-576452500587,2.1575177660648435,2.895114573007304,-4.2291437657512176e-4,0.010927803105439742,0.0011600633282628247,-0.003628926710134185,0,1572938,0.01,-0.0021642495000000293,8.51736899999945e-4,0,-0.1319791666666667,-0.19874166666666537,0,0,336,-1
1833,-576452500587,2.157513687477926,2.8952236194736884,-3.969451925235404e-4,0.010883732246931526,0.011385220336954745,-0.009166578197905246,0,1572948,0.01,-0.009943579500000016,0.012819936899999952,0,-0.2719791666666667,-0.032491666666665364,0,0,336,-1
1834,-576452500586,2.157510232520476,2.8953321622766524,-2.916377614412166e-4,0.010817622867778254,0.005296517546044995,0.009044008888165273,0,1572958,0.01,0.011599180499999986,0.004442196899999945,0,-0.2807291666666667,-0.014991666666665293,0,0,336,-1
1835,-576452500586,2.1575074577694386,2.8954517431614244,-2.1689933002029625e-4,0.01092292957790305,0.016092417948096946,0.012859105103247902,0,1572969,0.011,0.013394410499999978,0.01760721689999996,0,-0.23697916666666669,0.13375833333333476,0,0,336,-1
1836,-576452500585,2.157506125328641,2.8955616051189903,-5.111401174330467e-5,0.01104995359195892,0.019519933838060537,0.011754210885650955,0,1572979,0.01,0.011599180499999986,0.02000085689999995,0,-0.06197916666666671,-0.11124166666666535,0,0,336,-1
1837,-576452500584,2.1575065797614106,2.89567271011993,1.4246595892032323e-4,0.011170253908990267,0.018367348887923678,0.01371736551567803,0,1572989,0.01,0.01399282049999998,0.01820562689999994,0,-0.3332291666666667,0.09875833333333461,0,0,336,-1
1838,-576452500581,2.1575089167930526,2.8957850440618014,3.2520397266942594e-4,0.011298929183752422,0.017700749127983813,0.0076615996817764815,0,1572999,0.01,0.00681190049999998,0.01760721689999996,0,-0.3944791666666667,-0.006241666666665369,0,0,336,-1
1839,-576452500578,2.157512977684129,2.8958984568935193,4.903148932961587e-4,0.011381863051837329,0.009222290043721116,0.012164226077241751,0,1573009,0.01,0.012796000499999974,0.008032656899999945,0,-0.3332291666666667,-0.11124166666666535,0,0,336,-1
1840,-576452500577,2.157518271280536,2.8960127849851065,5.715016948122796e-4,0.01148808344769891,0.0013569340614729315,0.001173163175288013,0,1573019,0.01,-3.6901950000002077e-4,2.5332689999994204e-4,0,-0.10572916666666671,0.05500833333333466,0,0,336,-1
1841,-576452500577,2.1575241256008053,2.8961277217566637,5.962306496048033e-4,0.011499390119697039,0.009310335821979196,8.702964625371963e-4,0,1573029,0.01,8.278004999999679e-4,0.01042629689999994,0,-0.2719791666666667,0.020008333333334738,0,0,336,-1
1842,-576452500576,2.1575311370040606,2.896254174093481,6.825181209975698e-4,0.011495291202763252,-0.0012561183103243015,-0.008088183467904204,0,1573040,0.011,-0.009345169500000012,-0.0027387231000000553,0,1.950520833333333,0.011258333333334702,0,0,336,-1
1843,-576452500575,2.155885821157657,2.894689466191402,1.5219900466401657e-5,0.010667120459523718,0.007414347425411194,-0.003942904763332124,0,1573050,0.01,-0.0033610695000000183,0.008631066899999948,0,-0.1932291666666667,-0.09374166666666528,0,1,337,2
1844,-576452500575,2.155886575074149,2.894806482938485,1.1685127447744754e-4,0.010611698065068464,0.02055122918051136,-0.011829098537446901,0,1573061,0.011,-0.012935629500000012,0.022394496899999946,0,-7.291666666666974e-4,0.07250833333333473,0,0,337,-1
1845,-576452500574,2.1516246240468706,2.898412534938986,-0.0014057656881689235,0.012075947795900746,0.023216876330651275,-0.01017517865131018,0,1573071,0.01,-0.009943579500000016,0.023591316899999944,0,-0.3857291666666667,0.05500833333333466,0,1,338,1
1846,-576452500574,2.1516106737409824,2.8985448835376304,-0.001134642230436174,0.011982774604021496,0.033516010431812064,0.002097799227300851,0,1573082,0.011,0.003819850499999965,0.03496110689999995,0,-0.2107291666666667,0.09875833333333461,0,0,338,-1
1847,-576452500573,2.151600052781859,2.898676831496873,-7.898994476018025e-4,0.012007369346886275,0.017990420108332843,0.0030831794172406514,0,1573093,0.011,0.0032214404999999792,0.01581198689999995,0,-0.10572916666666671,-0.032491666666665364,0,0,338,-1
1848,-576452500568,2.151592368889456,2.898809208678603,-6.038611487352443e-4,0.012056858350564558,0.010307487759342468,0.013175195292137494,0,1573104,0.011,0.014591230499999983,0.009229476899999934,0,-0.2719791666666667,0.09000833333333458,0,0,338,-1
1849,-576452500557,2.149800461589044,2.8971284529674586,-0.00124128308510005,0.011392497725720116,-0.0032326813433695856,0.022288439946772414,0,1573114,0.01,0.023567380499999974,-0.00513236310000005,0,-0.10572916666666671,-0.014991666666665293,0,1,339,2
1850,-576452500547,2.1497864794761266,2.8972550820712595,-0.0012962304576335907,0.011632167013719897,-0.01591893421179811,0.018687015143143727,0,1573125,0.011,0.018181690499999983,-0.01769897310000006,0,-0.1669791666666667,-0.05874166666666536,0,0,339,-1
1851,-576452500536,2.1497713033519017,2.8973841446580946,-0.0014648463412888885,0.011834614086353048,-0.011707394451463798,0.01666953765606016,0,1573136,0.011,0.016386460499999974,-0.011116463100000062,0,-0.1582291666666667,0.07250833333333473,0,0,339,-1
1852,-576452500525,2.149756079305819,2.897503282576845,-0.001580439062642787,0.011994994775855956,-0.01066439840345135,0.012223074519741962,0,1573146,0.01,0.011599180499999986,-0.010518053100000058,0,-0.14947916666666672,0.12500833333333472,0,0,339,-1
1853,-576452500515,2.1497381776121505,2.8976359446952142,-0.0016791053074205013,0.012126206440361473,0.0015338158874970038,0.010101617303831988,0,1573157,0.011,0.009803950499999978,0.0032453768999999395,0,-0.3944791666666667,-0.13749166666666535,0,0,339,-1
1854,-576452500505,2.1497215800406333,2.8977577289846748,-0.0016460054273664355,0.01222982995647723,0.014055095771155752,0.01193968654917756,0,1573167,0.01,0.012197590499999989,0.01581198689999995,0,-0.14947916666666672,0.028758333333334773,0,0,339,-1
1855,-576452500495,2.1457871677025517,2.9010712311079465,-0.0030687998345638734,0.013781405772521797,0.03763611015916267,0.001145913611297885,0,1573177,0.01,-3.6901950000002077e-4,0.04094520689999995,0,-0.4119791666666667,0.03750833333333459,0,1,340,1
1856,-576452500483,2.1457557886718734,2.901222866288864,-0.002639960198603016,0.013789580227591934,0.047360135356069956,-0.0017569426957650765,0,1573188,0.011,-0.0021642495000000293,0.048724536899999955,0,-0.4207291666666667,-0.049991666666665324,0,0,340,-1
1857,-576452500473,2.1457298084379794,2.90137440201729,-0.0020912710109710487,0.013764041356194266,0.06534952240193788,-0.0057875721167327246,0,1573199,0.011,-0.006353119500000015,0.06787365689999995,0,-0.3157291666666667,-0.04124166666666529,0,0,340,-1
1858,-576452500463,2.1457122036382263,2.901511728723302,-0.0014316512526396702,0.013702480301355796,0.06966217777222541,-0.008382639329587608,0,1573209,0.01,-0.00874675950000001,0.07026729689999996,0,-0.1319791666666667,-0.11124166666666535,0,0,340,-1
1859,-576452500422,2.1457012942707445,2.901648360009096,-7.468200202305613e-4,0.013622629754159956,0.0612716256103738,-0.005553292071406795,0,1573219,0.01,-0.005156299500000027,0.060094326899999946,0,-0.17572916666666671,-0.032491666666665364,0,0,340,-1
1860,-576452500413,2.145696533852258,2.9017979095397974,-1.0965362786014476e-4,0.013566881169271927,0.03714899207799855,-0.0020564849785600623,0,1573230,0.011,-0.0015658395000000265,0.03376428689999994,0,-0.2982291666666667,0.011258333333334702,0,0,340,-1
1861,-576452500412,2.1456969590557136,2.901933543102792,2.1073621351475524e-4,0.013556602340753492,0.0011198001455533513,0.005195891919529273,0,1573240,0.01,0.006213490499999994,-0.003935543100000044,0,-0.14947916666666672,0.05500833333333466,0,0,340,-1
1862,-576452500412,2.1456988734835925,2.902069457675611,1.832639480549128e-4,0.01362234927937456,-0.026403694812543427,0.015009490673224865,0,1573250,0.01,0.016386460499999974,-0.03026558310000007,0,-0.1319791666666667,-0.014991666666665293,0,0,340,-1
1863,-576452500411,2.1456992280422056,2.902206385865269,-1.05409830935357e-4,0.01376530140990857,-0.04395937330084817,0.009919701197659614,0,1573260,0.01,0.009205540499999991,-0.04642265310000006,0,-0.23697916666666669,-0.07624166666666532,0,0,340,-1
1864,-576452500399,2.139825362287474,2.896435512898477,-0.0030348011024903263,0.011220891758923775,-0.059764394841223964,0.01926329994207207,0,1573272,0.012,0.020575330499999978,-0.06198131310000005,0,-0.03572916666666671,0.020008333333334738,0,1,341,2
1865,-576452500388,2.1397884460028855,2.8965601956472042,0.0,0.0,0.0,0.0,1,1573283,0.011,0.028354660499999983,-0.05120993310000007,0,-0.1932291666666667,-0.07624166666666532,0,0,341,-1
1866,-576452500379,2.139788274693551,2.8965603263432818,0.0,0.0,0.0,0.0,1,1573293,0.01,0.015788050499999973,-0.020691023100000056,0,-0.1319791666666667,-0.04124166666666529,0,0,341,-1
1867,-576452500368,2.1397881863253767,2.8965604423113573,-1.3701149106555278e-5,1.7983824524326714e-5,-0.009748611756336243,0.01279581823032462,0,1573303,0.01,0.014591230499999983,-0.011116463100000062,0,-0.3682291666666667,-0.014991666666665293,0,0,341,-1
1868,-576452500357,2.13522037822876,2.900250731869994,-0.0019535469644920782,0.0018338843559688662,0.014765469195966423,0.005974388443015383,0,1573314,0.011,0.005016670499999971,0.01820562689999994,0,-0.1582291666666667,-0.014991666666665293,0,1,342,1
1869,-576452500344,2.1351999599326934,2.900271134332923,-0.001765447332617701,0.0018805139996993783,0.03142653269787157,-0.0064105839986736335,0,1573325,0.011,-0.008148349500000025,0.03376428689999994,0,-0.26322916666666674,-0.02374166666666533,0,0,342,-1
1870,-576452500336,2.13518384194615,2.9002896439672328,-0.00145646834912231,0.0018202059658773654,0.027704082859135875,-0.003736304182741353,0,1573335,0.01,-0.0033610695000000183,0.02718177689999995,0,-0.03572916666666671,-0.08499166666666536,0,0,342,-1
1871,-576452500327,2.135170701059486,2.9003075576820927,-0.001173434338075072,0.0017670819667768697,0.03196904037393618,-0.014952340289121615,0,1573345,0.01,-0.01652608950000003,0.032567466899999946,0,-0.1407291666666667,0.09875833333333461,0,0,342,-1
1872,-576452500317,2.1351606312534623,2.9003243551779234,-8.434334363154118e-4,0.0015979466460135545,0.03931593614708074,-0.02892709745134467,0,1573355,0.01,-0.030887929500000015,0.04034679689999995,0,-0.2107291666666667,0.13375833333333476,0,0,342,-1
1873,-576452500307,2.1351540105071267,2.9003390991894773,-4.740413047025972e-4,0.001341607390487985,0.022377526247383695,-0.005457347061806093,0,1573365,0.01,-0.0021642495000000293,0.02000085689999995,0,-0.3157291666666667,0.03750833333333459,0,0,342,-1
1874,-576452500296,2.134511384133743,2.899706494704846,-4.977763709929763e-4,9.882763195501675e-4,0.03078879080034615,-0.009916412861238646,0,1573375,0.01,-0.010541989500000019,0.03196905689999995,0,-0.2282291666666667,-0.006241666666665369,0,1,343,2
1875,-576452500285,2.1345077375893373,2.899716880023229,-1.6392750197901827e-4,8.959780192068132e-4,0.02762561040763113,0.0010800852037956103,0,1573386,0.011,0.0026230304999999765,0.02718177689999995,0,-0.10572916666666671,-0.07624166666666532,0,0,343,-1
1876,-576452500276,2.1345074026146964,2.8997259699459392,1.0061247756254512e-4,9.18373452499905e-4,0.019364730922771713,0.00925527921387422,0,1573396,0.01,0.01040236049999998,0.01820562689999994,0,-0.23697916666666669,0.11625833333333468,0,0,343,-1
1877,-576452500266,2.134509510149878,2.8997356207828386,3.149508009586676e-4,0.0010116022606849338,0.034091568610027184,0.009736437951340783,0,1573406,0.01,0.009803950499999978,0.03615792689999995,0,-0.0532291666666667,-0.006241666666665369,0,0,343,-1
1878,-576452500255,2.1345142578191894,2.8997462571993977,6.392618550127821e-4,0.001114204862179839,0.02225945889246726,0.013469083899971984,0,1573416,0.01,0.01399282049999998,0.020599266899999955,0,-0.28947916666666673,0.05500833333333466,0,0,343,-1
1879,-576452500243,2.1345225224664572,2.8997593441008025,8.674774253406529e-4,0.0012646675866062778,0.01135755890995334,0.01497793056708095,0,1573427,0.011,0.015189640499999987,0.009827886899999937,0,-0.1844791666666667,-0.049991666666665324,0,0,343,-1
1880,-576452500232,2.1345317623993023,2.899772702291312,9.806390283606764e-4,0.0014087560078223467,0.011065663458300934,0.010965372278834979,0,1573437,0.01,0.01040236049999998,0.011024706899999943,0,-0.14947916666666672,-0.05874166666666536,0,0,343,-1
1881,-576452500224,2.1341615589325005,2.900093732380487,9.192213907475873e-4,0.00167631057081455,9.390855100303077e-6,0.023066328689408902,0,1573447,0.01,0.024764200499999982,-0.0015419031000000495,0,-0.0882291666666667,0.09875833333333461,0,1,344,1
1882,-576452500214,2.1341716294557536,2.9001135552856625,9.132431331684393e-4,0.0019283077532500767,-0.003974906658894699,0.021931395698708698,0,1573458,0.011,0.021772150499999966,-0.004533953100000047,0,-0.0969791666666667,0.12500833333333472,0,0,344,-1
1883,-576452500204,2.1341804460636125,2.9001337820934014,0.0,0.0,0.0,0.0,1,1573468,0.01,0.0032214404999999792,-0.018297383100000043,0,-0.14947916666666672,-0.08499166666666536,0,0,344,-1
1884,-576452500193,2.1341803816370977,2.9001337981431963,-1.001016941487552e-5,2.4945522871277343e-6,-0.007124725584704396,0.001775496309470858,0,1573478,0.01,0.0020246204999999737,-0.008124413100000064,0,-0.3682291666666667,0.08125833333333476,0,0,344,-1
1885,-576452500183,2.1341799026609207,2.900133918820782,-7.930704640127794e-5,1.9955423225697365e-5,-0.0011793001525680592,4.1963472515565807e-4,0,1573489,0.011,2.293904999999821e-4,-3.450831000000438e-4,0,-0.1669791666666667,0.09000833333333458,0,0,344,-1
1886,-576452500172,2.1341790461612926,2.900134201580334,-7.982770574109326e-5,2.997627824383696e-5,0.006899149981587337,0.003926240188348005,0,1573500,0.011,0.004418260499999968,0.008032656899999945,0,-0.17572916666666671,0.03750833333333459,0,0,344,-1
1887,-576452500161,2.134178577557697,2.9001345442257347,-1.3150813146995478e-5,4.600335250361302e-5,0.005269295704032086,-0.012435152794728233,0,1573510,0.01,-0.014730859500000039,0.005040606899999948,0,-0.24572916666666672,0.07250833333333473,0,0,344,-1
1889,-576452500038,2.13323871735126,2.8991808140196182,0.0,0.0,0.0,0.0,1,1573532,0.011,0.008008720499999986,0.013418346899999954,0,-0.24572916666666672,0.011258333333334702,0,0,345,-1
1890,-576452500037,2.1332388275976433,2.89918083547338,1.6711331619746067e-5,3.2667010765646555e-6,0.011767254851044738,0.0023002735437969847,0,1573542,0.01,0.0026230304999999765,0.013418346899999954,0,-0.28947916666666673,0.13375833333333476,0,0,345,-1
1891,-576452500037,2.1332396484346745,2.8991810189629916,1.4453023958611682e-4,3.182916169490866e-5,0.018987733973710876,0.0062567567516118635,0,1573552,0.01,0.00681190049999998,0.02000085689999995,0,-0.0707291666666667,-0.014991666666665293,0,0,345,-1
1892,-576452500036,2.133242093600572,2.899181673353201,3.422825960557308e-4,9.802579599297996e-5,0.024599189916007628,0.008842700469306531,0,1573562,0.01,0.009205540499999991,0.025386546899999942,0,-0.17572916666666671,0.11625833333333468,0,0,345,-1
1893,-576452500036,2.133247156740755,2.899183448990733,5.850944866558532e-4,2.1900771520430833e-4,0.0063976842726031075,0.024379433790631788,0,1573573,0.011,0.02655943049999999,0.0038437868999999423,0,-0.21947916666666673,0.09875833333333461,0,0,345,-1
1894,-576452500035,2.1332533800391156,2.899186768292869,6.570590354713321e-4,4.49139380148925e-4,0.012029695722863923,0.014746088523225639,0,1573583,0.01,0.013394410499999978,0.012819936899999952,0,-0.2807291666666667,0.16875833333333468,0,0,345,-1
1895,-576452500035,2.133260425493492,2.899192028984963,7.576850987735838e-4,6.015706026615338e-4,-0.001971062745113772,0.01828372600991718,0,1573593,0.01,0.01878010049999997,-0.003935543100000044,0,-0.3682291666666667,0.07250833333333473,0,0,345,-1
1896,-576452500035,2.133267888296891,2.8991988400764805,7.355568352478882e-4,7.658710905672897e-4,-0.00369381899505228,0.00507481484110567,0,1573603,0.01,0.0032214404999999792,-0.003935543100000044,0,-0.3944791666666667,-0.11999166666666539,0,0,345,-1
1897,-576452500034,2.133275061985036,2.899206770932206,6.990575466701906e-4,8.194930623202373e-4,-0.003381022354740889,0.007122933944489301,0,1573613,0.01,0.007410310499999982,-0.003337133100000041,0,-0.2807291666666667,0.09875833333333461,0,0,345,-1
1898,-576452500034,2.1332820158726786,2.8992153289886944,6.859185532233548e-4,8.918123413593648e-4,0.011351229004578542,0.007899726810257551,0,1573623,0.01,0.008008720499999986,0.013418346899999954,0,-0.21947916666666673,-0.02374166666666533,0,0,345,-1
1899,-576452500034,2.133289539058111,2.8992246476720127,8.144919518439296e-4,9.716800512323298e-4,0.022085206501062413,0.008520086349461952,0,1573633,0.01,0.008607130499999989,0.023591316899999944,0,-0.0969791666666667,0.002508333333334667,0,0,345,-1
1900,-576452499935,2.13376358240972,2.898859231377134,0.0012345162330035804,8.646988885522065e-4,0.027079473875248155,-0.004523054459519445,0,1573643,0.01,-0.006353119500000015,0.027780186899999948,0,-0.17572916666666671,0.05500833333333466,0,1,346,1
1901,-576452499934,2.1369012365952265,2.902013492763797,0.0028218323987244886,0.0022514429653518165,0.03504115571188222,-0.007177058002563378,0,1573654,0.011,-0.007549939500000021,0.03615792689999995,0,-0.3594791666666667,0.05500833333333466,0,1,347,2
1902,-576452499934,2.1369344860524517,2.902037820453406,0.003220118206796972,0.0021719911184082848,0.04336739244351691,-0.007504057419286479,0,1573665,0.011,-0.007549939500000021,0.044535666899999944,0,-0.3419791666666667,0.16875833333333468,0,0,347,-1
1903,-576452499933,2.136968830742489,2.902059209035511,0.0036500303181976625,0.002103600643315954,0.040718473181897925,-0.002821298722544865,0,1573675,0.01,-0.0021642495000000293,0.04034679689999995,0,-0.28947916666666673,0.002508333333334667,0,0,347,-1
1904,-576452499933,2.1370114135185267,2.9020821343368657,0.0040934254100243195,0.002066228965889379,0.03776864451050985,-0.006968092775645261,0,1573686,0.011,-0.007549939500000021,0.03735474689999995,0,-0.2719791666666667,0.09875833333333461,0,0,347,-1
1905,-576452499932,2.137054198555337,2.902102511988774,0.004465386118274916,0.002006245949053191,0.03373223526452402,-1.314635209592697e-4,0,1573696,0.01,8.278004999999679e-4,0.033165876899999946,0,-0.2019791666666667,0.14250833333333457,0,0,347,-1
1906,-576452499931,2.1371003446605346,2.9021225517503377,0.004772517763089819,0.002002426647086553,0.01224447642375889,-0.0019141205689003648,0,1573706,0.01,-0.0021642495000000293,0.009229476899999934,0,-0.1407291666666667,-0.11999166666666539,0,0,347,-1
1907,-576452499931,2.1371485874815876,2.9021425396974863,0.004880205283820189,0.0019925514632565876,0.001728806091591678,0.00468863224877426,0,1573716,0.01,0.005615080499999991,2.5332689999994204e-4,0,-0.14947916666666672,0.002508333333334667,0,0,347,-1
1908,-576452499931,2.1371973653203997,2.902162862558601,0.00488021457261737,0.002064877088548722,-0.010585441213980938,0.022818732229058253,0,1573726,0.01,0.025362610499999983,-0.01231328310000005,0,-0.17572916666666671,0.05500833333333466,0,0,347,-1
1909,-576452499930,2.1372456434399334,2.9021847005989634,0.0,0.0,0.0,0.0,1,1573736,0.01,0.028953070499999983,-0.009919643100000056,0,-0.17572916666666671,0.13375833333333476,0,0,347,-1
1910,-576452499822,2.138449815131334,2.901213917352338,4.990568856433136e-4,-4.5107663598055854e-4,1.0580236257460447e-7,-1.1775138935984068e-7,1,1573746,0.01,0.020575330499999978,-0.011714873100000064,0,-0.1319791666666667,0.1775083333333347,0,1,348,1
1911,-576452499821,2.138455150997233,2.9012092074767293,0.0,0.0,0.0,0.0,1,1573757,0.011,0.02775625049999998,-0.017100563100000056,0,-0.1319791666666667,0.05500833333333466,0,0,348,-1
1912,-576452499820,2.1384550750636904,2.901209350950769,0.0,0.0,0.0,0.0,1,1573767,0.01,0.017583280499999982,-0.009321233100000053,0,-0.21947916666666673,0.03750833333333459,0,0,348,-1
1913,-576452499820,2.1384550723280182,2.901209357515099,0.0,0.0,0.0,0.0,1,1573777,0.01,8.278004999999679e-4,-3.450831000000438e-4,0,-0.1144791666666667,-0.08499166666666536,0,0,348,-1
1914,-576452499819,2.138455398472842,2.9012093321797874,4.759930073210759e-5,-3.698042564274318e-6,0.03118401252112058,-0.002422721565140085,0,1573788,0.011,-0.002762659500000015,0.03555951689999995,0,-0.2544791666666667,-0.02374166666666533,0,0,348,-1
1915,-576452499819,2.138457498756102,2.9012090734936753,3.693473002235041e-4,-4.323382327084927e-5,0.0381697860802033,-0.013216375723933015,0,1573798,0.01,-0.014730859500000039,0.03914997689999995,0,-0.1144791666666667,-0.014991666666665293,0,0,348,-1
1916,-576452499819,2.1384631464613,2.901207987309417,7.581513214402691e-4,-1.7431436303534147e-4,0.04322758489016791,-0.012445397345001552,0,1573808,0.01,-0.01233721950000001,0.04393725689999995,0,-0.2019791666666667,0.002508333333334667,0,0,348,-1
1917,-576452499818,2.1384728902313186,2.9012056133094446,0.0011905640977071693,-3.001081010850793e-4,0.04332515640435592,-0.013400084965982472,0,1573818,0.01,-0.013534039500000017,0.04333884689999994,0,-0.3682291666666667,-0.02374166666666533,0,0,348,-1
1920,-576452499818,2.1385277528190985,2.901191249849265,0.0024353682640559492,-5.792764068886355e-4,0.03390102881989647,0.002039898323799384,0,1573848,0.01,0.0026230304999999765,0.033165876899999946,0,-0.07947916666666671,-0.04124166666666529,0,0,348,-1
1921,-576452499730,2.142156532115425,2.904828598140561,0.0042232813674514804,0.0011338858635823955,0.012790314165614304,0.014096783657810835,0,1573858,0.01,0.015788050499999973,0.009827886899999937,0,-0.2107291666666667,-0.04124166666666529,0,1,349,2
1922,-576452499730,2.14220358783298,2.9048419183223784,0.0,0.0,0.0,0.0,1,1573869,0.011,0.013394410499999978,-0.006329183100000038,0,-0.2282291666666667,0.03750833333333459,0,0,349,-1
1923,-576452499729,2.1422034480802346,2.904842061925547,0.0,0.0,0.0,0.0,1,1573879,0.01,0.017583280499999982,-0.017100563100000056,0,-0.17572916666666671,0.10750833333333465,0,0,349,-1
1924,-576452499729,2.1422033029538103,2.904842239336353,0.0,0.0,0.0,0.0,1,1573889,0.01,0.02237056049999997,-0.018297383100000043,0,-0.1669791666666667,0.05500833333333466,0,0,349,-1
1925,-576452499729,2.1422031822348844,2.904842396899083,-1.883588437727994e-5,2.458508706257244e-5,-0.013422052396620816,0.01751881333926194,0,1573899,0.01,0.019976920499999974,-0.015305333100000047,0,-0.3332291666666667,0.011258333333334702,0,0,349,-1
1926,-576452499728,2.1422023220798407,2.904843387163068,-1.5316475447027975e-4,1.7923495844848194e-4,-0.01349926869414233,0.002881585425467353,0,1573909,0.01,8.278004999999679e-4,-0.013510103100000056,0,-0.2107291666666667,-0.09374166666666528,0,0,349,-1
1927,-576452499728,2.142200195536935,2.9048454017081915,-2.756531717794581e-4,2.202502680407893e-4,-0.004587556971504763,0.011576057982371305,0,1573919,0.01,0.012796000499999974,-0.003337133100000041,0,-0.3507291666666667,-0.049991666666665324,0,0,349,-1
1928,-576452499727,2.14219746936445,2.9048481549070644,-2.8096474988506624e-4,3.3162133223133927e-4,0.02432219897352586,0.008447671929485133,0,1573929,0.01,0.008008720499999986,0.02837859689999995,0,-0.07947916666666671,0.04625833333333462,0,0,349,-1
1929,-576452499727,2.1421960303715597,2.9048517486015464,-1.360694995159631e-5,3.9346810286779984e-4,0.04152367597057906,-0.007680584718909951,0,1573939,0.01,-0.009943579500000016,0.04393725689999995,0,-0.28947916666666673,-0.02374166666666533,0,0,349,-1
1930,-576452499616,2.1412534925434294,2.90562234522702,-7.943267823435306e-6,6.788826680493689e-4,0.02947120784706872,-0.004417263484361832,0,1573949,0.01,-0.003959479500000021,0.027780186899999948,0,-0.2807291666666667,-0.014991666666665293,0,1,350,1
1931,-576452499615,2.1399463885422976,2.9043136477729297,-2.119331666223524e-4,1.5106082645079556e-5,0.03585979305341384,-0.010313314194592846,0,1573960,0.011,-0.011140399500000021,0.03675633689999996,0,-0.3332291666666667,0.11625833333333468,0,1,351,2
1932,-576452499615,2.139946178177359,2.9043132947569132,1.7564773736056109e-4,-8.328172177186015e-5,0.03139824721080966,-5.430841571013711e-4,0,1573971,0.011,8.278004999999679e-4,0.030772236899999944,0,-0.28947916666666673,0.03750833333333459,0,0,351,-1
1933,-576452499614,2.139949469935387,2.9043124264119804,4.843790981157447e-4,-8.998627052360183e-5,0.02770060240486402,-0.001439992163716946,0,1573981,0.01,-0.0015658395000000265,0.02718177689999995,0,-0.0882291666666667,0.002508333333334667,0,0,351,-1
1934,-576452499613,2.139955556871511,2.9043114535643673,7.393604332062292e-4,-1.0454126858190418e-4,0.012027077208853609,-0.0015503543185639125,0,1573991,0.01,-0.0015658395000000265,0.009827886899999937,0,-0.0882291666666667,0.19500833333333478,0,0,351,-1
1935,-576452499613,2.1399634872749074,2.904310391879401,8.495600357542233e-4,-1.1048985372538843e-4,0.004850719099914909,0.005258169956807623,0,1574001,0.01,0.006213490499999994,0.0038437868999999423,0,-0.2982291666666667,-0.05874166666666536,0,0,351,-1
1936,-576452499612,2.139972974083473,2.904309585630276,8.807464248105668e-4,-3.935762460494651e-5,-0.009676520852040866,0.013967599352122363,0,1574012,0.011,0.015189640499999987,-0.011714873100000064,0,-0.1144791666666667,0.08125833333333476,0,0,351,-1
1937,-576452499612,2.139981241956876,2.9043097928609076,7.754918050163402e-4,8.546423443011222e-5,-0.01566227712886261,0.0034941724180218223,0,1574022,0.01,0.0020246204999999737,-0.016502153100000052,0,-0.0882291666666667,0.03750833333333459,0,0,351,-1
1938,-576452499612,2.1399882498140474,2.904310905476947,6.244699662591088e-4,1.333414239003178e-4,-0.011675813477138043,0.012700989658085223,0,1574032,0.01,0.01399282049999998,-0.011116463100000062,0,-0.2719791666666667,0.028758333333334773,0,0,351,-1
1939,-576452499611,2.139994094488759,2.9043128982892523,5.363852333054338e-4,2.641504878471174e-4,0.008756245221876202,0.0154081958391605,0,1574042,0.01,0.015788050499999973,0.011623116899999963,0,-0.1932291666666667,0.08125833333333476,0,0,351,-1
1940,-576452499611,2.1399998668735316,2.9043161811613865,6.193755990385657e-4,3.9808226777101485e-4,0.005497806355026898,0.0010475478288507235,0,1574052,0.01,-9.674295000000236e-4,0.005040606899999948,0,-0.0707291666666667,-0.014991666666665293,0,0,351,-1
1941,-576452499608,2.140006525228857,2.9043203446475396,7.039805979992831e-4,4.2890457752344375e-4,0.02661273068947716,0.015548602387975563,0,1574062,0.01,0.017583280499999982,0.029575416899999946,0,-0.3069791666666667,0.05500833333333466,0,0,351,-1
1942,-576452499599,2.1424044050009203,2.9067551729969248,0.001992271459036341,0.0016885617348742707,0.033934102833019286,-0.006806496110629893,0,1574073,0.011,-0.009943579500000016,0.03496110689999995,0,-0.2544791666666667,0.14250833333333457,0,1,353,2
1943,-576452499588,2.1424283661450683,2.9067732891121687,0.0023645083830414935,0.0016070236729107672,0.03326040506649702,-0.011131901400147505,0,1574084,0.011,-0.011738809500000008,0.033165876899999946,0,-0.1932291666666667,0.16875833333333468,0,0,353,-1
1944,-576452499578,2.1424536193576915,2.9067888273060856,0.002688796957861359,0.0014994203373463403,0.027404958762949405,-0.00851546765968762,0,1574094,0.01,-0.008148349500000025,0.02658336689999995,0,-0.1582291666666667,0.2300083333333347,0,0,353,-1
1945,-576452499568,2.1424818567906283,2.906803465158796,0.0029596218108639224,0.0014250420185589158,0.025110129899856545,-8.466411367063159e-4,0,1574104,0.01,2.293904999999821e-4,0.02478813689999994,0,-0.2282291666666667,0.05500833333333466,0,0,353,-1
1946,-576452499558,2.139141967252659,2.9095205580625545,0.0018029096719994094,0.0026751116222147524,0.020629262155672616,-0.0025265888102347475,0,1574114,0.01,-0.002762659500000015,0.02000085689999995,0,-0.1932291666666667,-0.11999166666666539,0,1,354,1
1947,-576452499424,2.1391689535038108,2.9095579450354845,0.0,0.0,0.0,0.0,1,1574128,0.014,0.011000770499999982,2.5332689999994204e-4,0,-0.0532291666666667,-0.02374166666666533,0,0,354,-1
1948,-576452499424,2.1391689885062704,2.9095579144244197,0.0,0.0,0.0,0.0,1,1574138,0.01,-0.0033610695000000183,0.0038437868999999423,0,-0.14947916666666672,0.0637583333333347,0,0,354,-1
1950,-576452499423,2.139169553195158,2.9095580655568956,8.78589310911655e-5,2.3513415816901778e-5,0.01985176873916204,0.004093075365440232,0,1574158,0.01,0.004418260499999968,0.021796086899999942,0,-0.2019791666666667,-0.014991666666665293,0,0,354,-1
1951,-576452499422,2.139171568417016,2.9095586461429663,2.8400107782861235e-4,7.938496937844778e-5,0.005288749435514915,0.01120035137665407,0,1574169,0.011,0.012197590499999989,0.0032453768999999395,0,-0.1669791666666667,0.020008333333334738,0,0,354,-1
1952,-576452499422,2.13917478329162,2.9095599397080223,3.5369839105077076e-4,1.8220888684473375e-4,0.017141016571321974,0.004728001586386719,0,1574179,0.01,0.003819850499999965,0.018804036899999946,0,-0.2719791666666667,0.011258333333334702,0,0,354,-1
1953,-576452499421,2.1391792000080647,2.909562024216709,5.286321911765034e-4,2.335311053257994e-4,0.01964896112154447,0.007605036726321181,0,1574189,0.01,0.008008720499999986,0.02000085689999995,0,-0.2282291666666667,-0.09374166666666528,0,0,354,-1
1954,-576452499421,2.1391854196352207,2.90956470048495,7.174539429021081e-4,3.0345024340956294e-4,0.014185007478830152,0.0032360531718257785,0,1574199,0.01,0.0026230304999999765,0.013418346899999954,0,-0.23697916666666669,0.0637583333333347,0,0,354,-1
1955,-576452499421,2.139194157311202,2.9095681902113593,8.716620079138642e-4,3.3261995125320694e-4,0.012987905219478188,-9.749793240429504e-4,0,1574210,0.011,-0.0015658395000000265,0.012819936899999952,0,-0.3507291666666667,0.08125833333333476,0,0,354,-1
1956,-576452499420,2.1392034339532895,2.9095716143918713,9.879351997309272e-4,3.4520779659730536e-4,0.003394614738990555,0.014774958543937497,0,1574220,0.01,0.016984870499999978,0.002048556899999951,0,-0.24572916666666672,0.07250833333333473,0,0,354,-1
1957,-576452499420,2.13921347710641,2.9095757325705454,0.001020960164485012,4.81671426055449e-4,0.002738962986520552,0.006742179234326431,0,1574230,0.01,0.005615080499999991,0.0026469668999999536,0,-0.1932291666666667,-0.049991666666665324,0,0,354,-1
1958,-576452499419,2.1392237993314,2.909580830305592,0.0010445543371842354,5.403416467821643e-4,3.4400603172444685e-5,5.059946709919062e-4,0,1574240,0.01,-3.6901950000002077e-4,-3.450831000000438e-4,0,-0.06197916666666671,0.03750833333333459,0,0,354,-1
1959,-576452499419,2.13923422002658,2.909586294566637,0.0010407496768668192,5.509519722428814e-4,-0.0029222748069794567,0.004461643785294233,0,1574250,0.01,0.005016670499999971,-0.003337133100000041,0,-0.1407291666666667,0.08125833333333476,0,0,354,-1
1960,-576452499407,2.1354956523273385,2.91264175980433,-0.0015589714970288898,0.0014224978812968287,-3.119417844128767e-7,3.4834495932408973e-7,1,1574260,0.01,0.007410310499999982,0.008032656899999945,0,-0.0969791666666667,0.07250833333333473,0,1,356,1
1961,-576452499399,2.13547703517927,2.9126588263751954,0.0,0.0,0.0,0.0,1,1574272,0.012,-3.6901950000002077e-4,0.008631066899999948,0,-0.1144791666666667,-0.16374166666666534,0,0,356,-1
1962,-576452499389,2.135477248221163,2.912658764397047,2.9750159496153174e-5,-8.67151281860882e-6,0.01911413613161379,-0.005571384971097984,0,1574283,0.011,-0.006353119500000015,0.021796086899999942,0,-0.4382291666666667,0.002508333333334667,0,0,356,-1
1963,-576452499380,2.135478588027772,2.9126584075106554,2.3393692993687093e-4,-6.312151130783786e-5,0.028288184007059257,-0.0046825974335817505,0,1574293,0.01,-0.004557889500000024,0.029575416899999946,0,-0.12322916666666671,0.09000833333333458,0,0,356,-1
1964,-576452499368,2.1354823567939154,2.912657538400712,5.191428424008206e-4,-1.1053132776516156e-4,0.029941803535951807,-0.005098011715277693,0,1574303,0.01,-0.005156299500000027,0.03017382689999995,0,-0.3419791666666667,0.028758333333334773,0,0,356,-1
1965,-576452499358,2.1346644970540973,2.9118210452419704,4.775055254209976e-4,-5.446031831583188e-4,0.029620434398847397,-0.002525333156513543,0,1574313,0.01,-0.0021642495000000293,0.029575416899999946,0,-0.1144791666666667,0.07250833333333473,0,1,357,2
1966,-576452499348,2.1346713120562657,2.9118149172817334,7.69631951284311e-4,-5.702961891660119e-4,0.007540312342312779,-0.00115912541897303,0,1574324,0.011,-9.674295000000236e-4,0.004442196899999945,0,-0.23697916666666669,0.028758333333334773,0,0,357,-1
1967,-576452499338,2.1346793161252977,2.911809162865444,8.344833186416044e-4,-5.809047237743871e-4,1.0041669120418751e-4,-4.6623994081658785e-4,0,1574334,0.01,-3.6901950000002077e-4,-9.434931000000467e-4,0,-0.12322916666666671,0.18625833333333475,0,0,357,-1
1968,-576452499322,2.134687728881336,2.91180335025234,8.45260856668145e-4,-5.824981187951987e-4,0.007056615750017143,0.001718126719541152,0,1574344,0.01,0.0020246204999999737,0.008032656899999945,0,-0.1407291666666667,0.07250833333333473,0,0,357,-1
1969,-576452499220,2.1346963957049367,2.9117976513546364,8.941983159185639e-4,-5.590480731037205e-4,-0.008355536642679875,0.0061851251266422345,0,1574354,0.01,0.00681190049999998,-0.010518053100000058,0,-0.3069791666666667,0.2037583333333346,0,0,357,-1
1970,-576452499219,2.1347057010737496,2.91179182692823,7.985921752323388e-4,-4.981819665098383e-4,-0.010776738411452103,0.0014870051069937025,0,1574365,0.011,8.278004999999679e-4,-0.011116463100000062,0,-0.1144791666666667,0.09000833333333458,0,0,357,-1
1971,-576452499218,2.1347139040301197,2.911786651603917,6.901038762592214e-4,-4.5117088299051586e-4,-0.004252556830556763,0.02137522601978444,0,1574376,0.011,0.024165790499999996,-0.003337133100000041,0,-0.1932291666666667,0.020008333333334738,0,0,357,-1
1972,-576452499218,2.134720609811037,2.911783167631372,6.502088652505172e-4,-2.4363155804628132e-4,-0.0024002190969882008,0.017000314884985147,0,1574386,0.01,0.016386460499999974,-0.0021403131000000525,0,-0.0444791666666667,-0.014991666666665293,0,0,357,-1
1973,-576452499217,2.134727193500662,2.911781448176666,6.574988360335835e-4,-9.429535971935479e-5,0.01986834999711195,0.002293008329531226,0,1574396,0.01,2.293904999999821e-4,0.02299290689999995,0,-0.0969791666666667,-0.032491666666665364,0,0,357,-1
1974,-576452499217,2.1347348998498497,2.9117806035944134,0.0,0.0,0.0,0.0,1,1574406,0.01,2.293904999999821e-4,0.03735474689999995,0,-0.0882291666666667,-0.16374166666666534,0,0,357,-1
1975,-576452499217,2.1347351753556163,2.911780548813926,0.0,0.0,0.0,0.0,1,1574416,0.01,-0.0069515295000000185,0.03496110689999995,0,-0.1932291666666667,-0.07624166666666532,0,0,357,-1
1977,-576452499217,2.1347357026984115,2.911780509995318,0.0,0.0,0.0,0.0,1,1574436,0.01,-0.005156299500000027,0.032567466899999946,0,-0.14947916666666672,-0.032491666666665364,0,0,357,-1
1978,-576452499117,2.1347358461383448,2.911780412791857,2.2401542685696888e-5,-1.5180622494909154e-5,0.015965472725655856,-0.010819157314361989,0,1574446,0.01,-0.01233721950000001,0.01820562689999994,0,-0.2807291666666667,0.11625833333333468,0,0,357,-1
1979,-576452499117,2.134736930941508,2.9117795773355293,1.7939561775779026e-4,-1.3622309735985934e-4,0.003760996534849242,-0.012150425968486358,0,1574457,0.011,-0.01233721950000001,0.002048556899999951,0,-0.14947916666666672,0.09875833333333461,0,0,357,-1
1980,-576452499116,2.1347882968360974,2.9117373440429506,2.2758111746049313e-4,-2.629400666258324e-4,-0.00508760852068197,0.0044786312067144314,0,1574468,0.011,0.00681190049999998,-0.006329183100000038,0,-0.07947916666666671,0.05500833333333466,0,1,358,1
1981,-576452499116,2.1347902987247274,2.9117349671872583,1.7366850323470258e-4,-2.1375762725323147e-4,-0.007225965104842316,0.007574352361527257,0,1574478,0.01,0.008008720499999986,-0.007526003100000061,0,0.03427083333333329,-0.11999166666666539,0,0,358,-1
1982,-576452499115,2.134791658907474,2.911733127645446,7.774088649993227e-5,-1.226396916643887e-4,-0.0179846289058423,0.012678267759876575,0,1574489,0.011,0.013394410499999978,-0.01949420310000005,0,-0.1932291666666667,0.002508333333334667,0,0,358,-1
1983,-576452499115,2.1347915785647538,2.9117324822945276,0.0,0.0,0.0,0.0,1,1574499,0.01,0.006213490499999994,-0.012911693100000054,0,-0.2282291666666667,0.2037583333333346,0,0,358,-1
1984,-576452499115,2.134791490387336,2.9117325885424825,0.0,0.0,0.0,0.0,1,1574509,0.01,0.013394410499999978,-0.011116463100000062,0,-0.0707291666666667,0.04625833333333462,0,0,358,-1
1985,-576452499114,2.1347915395851023,2.911732613951692,7.67626383245909e-6,3.964555861544309e-6,0.005469928039128467,0.0028250507781236033,0,1574519,0.01,0.0032214404999999792,0.0062374268999999365,0,-0.2982291666666667,0.002508333333334667,0,0,358,-1
1986,-576452499113,2.134791844020762,2.911732788542238,5.522018073750363e-5,3.1230135243434755e-5,3.7043862022020924e-4,0.0021231113258671154,0,1574529,0.01,0.0020246204999999737,-3.450831000000438e-4,0,-0.2807291666666667,0.19500833333333478,0,0,358,-1
1987,-576452499113,2.1347927469575505,2.9117331773665214,9.91833630826593e-5,4.2439011984589256e-5,0.026506598903333362,-0.0058349189796152705,0,1574540,0.011,-0.0069515295000000185,0.03017382689999995,0,-0.10572916666666671,-0.08499166666666536,0,0,358,-1
1988,-576452499113,2.134795482008404,2.911733246619198,3.9652163573027885e-4,-2.8107447406508774e-5,0.030247361441606724,-0.009962796938651201,0,1574551,0.011,-0.010541989500000019,0.030772236899999944,0,-0.3069791666666667,-0.08499166666666536,0,0,358,-1
1989,-576452499109,2.1348009393041303,2.9117325315358946,6.959226680431622e-4,-1.1802322299122662e-4,0.028083766193290633,-0.0031238401086878765,0,1574561,0.01,-0.0021642495000000293,0.027780186899999948,0,-0.0882291666666667,0.1775083333333347,0,0,358,-1
1990,-576452499098,2.134434899218179,2.9120411526403847,8.866196331081609e-4,-4.5389192495643864e-5,0.034114825871155066,-0.023798143812105443,0,1574573,0.012,-0.026699059500000028,0.03496110689999995,0,-0.0532291666666667,0.08125833333333476,0,1,360,1
1991,-576452499088,2.1294731450751208,2.907040924527578,-7.855462883006501e-4,-0.0025605892193344545,0.029608761863468877,0.0025200208759683317,0,1574584,0.011,0.006213490499999994,0.028977006899999953,0,-0.14947916666666672,-0.09374166666666528,0,1,361,2
1992,-576452499076,2.129466050271345,2.9070129470663786,-4.947595312191429e-4,-0.0025278639775986943,0.007014098833426227,0.005759018844552395,0,1574595,0.011,0.006213490499999994,0.0038437868999999423,0,-0.3157291666666667,0.03750833333333459,0,0,361,-1
1993,-576452499066,2.1294614569355557,2.906987881331872,-4.240950891056294e-4,-0.00248163545413267,0.0073825487931264465,-0.002238866782803851,0,1574605,0.01,-0.0033610695000000183,0.007434246899999943,0,-0.2719791666666667,0.020008333333334738,0,0,361,-1
1994,-576452499055,2.1294571119946966,2.9069605535009213,-3.612644048904602e-4,-0.0024909244538710066,-0.004641990804640283,0.007797336493168077,0,1574616,0.011,0.009205540499999991,-0.006329183100000038,0,-0.1844791666666667,0.020008333333334738,0,0,361,-1
1995,-576452499046,2.1294532485549635,2.906936040747467,-4.1052756338223203e-4,-0.0024119437188705926,-0.006646355790734927,0.00850748749211415,0,1574626,0.01,0.008607130499999989,-0.006927593100000041,0,-0.3157291666666667,0.18625833333333475,0,0,361,-1
1996,-576452499036,2.129448841958916,2.9069123759564595,-4.721763871020228e-4,-0.0023223221358858017,-0.003219546953638029,0.011743533097731948,0,1574636,0.01,0.012197590499999989,-0.0027387231000000553,0,-0.10572916666666671,0.05500833333333466,0,0,361,-1
1997,-576452499025,2.1294439630102246,2.906889682133501,-5.037801172646008e-4,-0.0022139018571631,-0.002797887201778463,0.0053196158929316815,0,1574646,0.01,0.004418260499999968,-0.0027387231000000553,0,-0.1844791666666667,0.11625833333333468,0,0,361,-1
1998,-576452499013,2.129438345930613,2.906865631820804,-5.208621330989348e-4,-0.00215819429158693,0.006175209897514331,0.003479615425301893,0,1574657,0.011,0.0032214404999999792,0.007434246899999943,0,-0.3769791666666667,0.1775083333333347,0,0,361,-1
1999,-576452499005,2.1294336519137875,2.906844158193108,-4.27773102354096e-4,-0.0021333948182179563,0.028270415104326832,-0.0035688958054337413,0,1574667,0.01,-0.004557889500000024,0.031370646899999945,0,-0.3332291666666667,0.2562583333333346,0,0,361,-1
2000,-576452498995,2.129430736355458,2.906822732876499,-1.53046020780447e-4,-0.00215555621192037,0.022592735838960487,0.006059348241397268,0,1574677,0.01,0.007410310499999982,0.021796086899999942,0,-0.2982291666666667,0.03750833333333459,0,0,361,-1
2001,-576452498984,2.129430381166879,2.9068014248594696,8.00018498268868e-5,-0.00210361040635709,0.027666662019687614,-1.0280310860784955e-4,0,1574687,0.01,-9.674295000000236e-4,0.02837859689999995,0,-0.3857291666666667,0.011258333333334702,0,0,361,-1
2002,-576452498974,2.129432903155522,2.906778303906616,3.7968158483665614e-4,-0.002101092971332228,0.024617554558178083,0.002287623893546329,0,1574698,0.011,0.0026230304999999765,0.024189726899999948,0,-0.12322916666666671,0.11625833333333468,0,0,361,-1
2003,-576452498963,2.1294380251326475,2.906757366097848,6.40210516922042e-4,-0.0020844980435497516,0.034737914646809295,-0.002141235503572104,0,1574708,0.01,-0.002762659500000015,0.03615792689999995,0,0.008020833333333297,0.13375833333333476,0,0,361,-1
2004,-576452498921,2.12944705532183,2.9067343178936915,0.0010057872208912343,-0.00210647871717761,0.023913321763492444,-0.001111863220036995,0,1574719,0.011,-9.674295000000236e-4,0.022394496899999946,0,-0.10572916666666671,-0.14624166666666538,0,0,361,-1
2006,-576452498919,2.1293890177741823,2.9066046571702557,0.0013441617389536912,-0.00216672475293827,-0.00669534792035922,0.010381764394165813,0,1574740,0.011,0.012197590499999989,-0.009919643100000056,0,-0.3682291666666667,-0.014991666666665293,0,0,362,-1
2007,-576452498919,2.1294021571135846,2.9065833771712644,0.0012821301765239307,-0.002082980100018713,-0.0032255753054376128,-0.0037691591230880356,0,1574750,0.01,-0.005754709500000013,-0.0027387231000000553,0,-0.2807291666666667,-0.11999166666666539,0,0,362,-1
2008,-576452498910,2.1294159981766936,2.906560256670829,0.0012368766441898107,-0.0021214883142655887,-0.009620733020744746,-0.0018369521443591635,0,1574761,0.011,-0.0015658395000000265,-0.010518053100000058,0,-0.0532291666666667,-0.10249166666666532,0,0,362,-1
2009,-576452498901,2.1294278687781834,2.906539035355852,0.0011380642968553698,-0.002126865864656645,-0.011457194709358924,0.007322013790673391,0,1574771,0.01,0.008607130499999989,-0.011714873100000064,0,-0.28947916666666673,-0.006241666666665369,0,0,362,-1
2010,-576452498891,2.1294387457192308,2.9065180907771833,0.0010342346611939618,-0.0020601728167213454,-0.0038115079415704228,0.0026764507148246243,0,1574781,0.01,0.0020246204999999737,-0.0027387231000000553,0,-0.2982291666666667,-0.04124166666666529,0,0,362,-1
2011,-576452498881,2.1294490617105395,2.9064975610907644,0.0010217426776760455,-0.002043047900118391,0.014446922299173484,-0.004192500330286512,0,1574791,0.01,-0.005156299500000027,0.017008806899999954,0,-0.2107291666666667,-0.17249166666666538,0,0,362,-1
2012,-576452498871,2.129460111267621,2.9064769794099785,0.0011833548072145634,-0.0020758500593682444,0.026664341236952993,0.0023091747158809836,0,1574801,0.01,0.0032214404999999792,0.02837859689999995,0,-0.2544791666666667,0.028758333333334773,0,0,362,-1
2013,-576452498860,2.1294732726798395,2.906456367130487,0.00144916225305054,-0.0020479541429723777,0.026068553343383576,0.005733074782936621,0,1574811,0.01,0.006213490499999994,0.025984956899999946,0,-0.1669791666666667,0.09000833333333458,0,0,362,-1
2014,-576452498848,2.1294890765010166,2.9064362204612695,0.001711217579011559,-0.001983405305185075,0.027044797689614597,0.010877371727283501,0,1574821,0.01,0.011599180499999986,0.02718177689999995,0,-0.1319791666666667,0.09000833333333458,0,0,362,-1
2015,-576452498840,2.1295075231367346,2.9064168510974517,0.001978888794465794,-0.001886997319625263,0.025065813033631677,0.0020643736242776864,0,1574831,0.01,8.278004999999679e-4,0.02478813689999994,0,-0.3682291666666667,0.09000833333333458,0,0,362,-1
2016,-576452498830,2.1295285206943753,2.906398164181289,0.0022225783027304043,-0.0018538849283262283,0.02009930910390978,0.010950725000208642,0,1574841,0.01,0.012197590499999989,0.01940244689999995,0,-0.10572916666666671,-0.02374166666666533,0,0,362,-1
2017,-576452498820,2.1295517318079753,2.90638013082938,0.002420504940311284,-0.0017509430475764582,0.017913862245645208,0.0062716174248536195,0,1574851,0.01,0.005615080499999991,0.01760721689999996,0,-0.23697916666666669,-0.07624166666666532,0,0,362,-1
2018,-576452498808,2.1283342228871702,2.9050801086926885,0.002075722637318006,-0.0022644959139317797,0.0050502007707729606,0.011468282347504404,0,1574861,0.01,0.012197590499999989,0.0032453768999999395,0,-0.2544791666666667,0.16000833333333464,0,1,364,2
2019,-576452498801,2.12835517682094,2.905057987194799,0.0021173772530184254,-0.002157751230128886,-0.0012555394115183107,0.005810524251426556,0,1574871,0.01,0.005016670499999971,-0.0021403131000000525,0,-0.4557291666666667,0.1512583333333346,0,0,364,-1
2020,-576452498790,2.1283762054182147,2.905036750541419,0.002091951929639116,-0.0020917868673265144,-0.010427879790084965,0.011411678913590748,0,1574881,0.01,0.012197590499999989,-0.011714873100000064,0,-0.3069791666666667,0.002508333333334667,0,0,364,-1
2021,-576452498780,2.1283967018396868,2.905016362296559,0.0020030250550038,-0.0019840663132755223,5.133644078241673e-4,0.006853113817433375,0,1574891,0.01,0.006213490499999994,0.002048556899999951,0,-0.3157291666666667,-0.05874166666666536,0,0,364,-1
2022,-576452498770,2.1284168311459166,2.9049968403899005,0.0020196199721240165,-0.0019192675255103305,0.008681759575877445,0.004193085517929133,0,1574901,0.01,0.003819850499999965,0.009827886899999937,0,-0.2719791666666667,0.0637583333333347,0,0,364,-1
2023,-576452498760,2.1284375364709884,2.904977797850693,0.0021181564344008295,-0.0018866318580104886,0.017033740248734323,-0.0024315507314342216,0,1574911,0.01,-0.0033610695000000183,0.01820562689999994,0,-0.28947916666666673,0.011258333333334702,0,0,364,-1
2024,-576452498750,2.1284596213886595,2.9049588120605985,0.0022965627612828426,-0.0019106184582435273,0.022784424460118403,-0.00219714020860862,0,1574921,0.01,-0.0021642495000000293,0.023591316899999944,0,-0.3682291666666667,0.2037583333333346,0,0,364,-1
2025,-576452498740,2.1284347202503144,2.9049789956219234,0.002503068769665321,-0.0019041968012713981,0.021917695822731748,0.005178588436868121,0,1574931,0.01,0.006213490499999994,0.021796086899999942,0,-7.291666666666974e-4,0.07250833333333473,0,1,365,1
2026,-576452498731,2.1284608599196067,2.9049602160942367,0.0027243050377210635,-0.001851873792174169,0.023385382258851912,0.005561371307636087,0,1574941,0.01,0.005615080499999991,0.023591316899999944,0,-0.21947916666666673,0.2650083333333346,0,0,365,-1
2027,-576452498720,2.1284894292279963,2.9049419477376044,0.0029827109796977977,-0.001800611876230094,0.040883625920573013,0.002459808320164823,0,1574951,0.01,0.0020246204999999737,0.04333884689999994,0,-0.3682291666666667,-0.05874166666666536,0,0,365,-1
2028,-576452498710,2.128521136012081,2.904924075304189,0.003365851555113413,-0.001774340306499531,0.022570426322149333,0.0036525009117008775,0,1574961,0.01,0.003819850499999965,0.02000085689999995,0,-0.026979166666666707,0.03750833333333459,0,0,365,-1
2029,-576452498700,2.1285558415141734,2.904906586564319,0.0035788217728508136,-0.0017265644643488715,0.013494931565916454,0.011670917091263212,0,1574971,0.01,0.012796000499999974,0.012221526899999948,0,-0.1844791666666667,0.19500833333333478,0,0,365,-1
2030,-576452498690,2.1285956678741753,2.9048882833375966,0.0036751050140702143,-0.001600683087729743,-0.020682749790899513,0.010033675794588942,0,1574982,0.011,0.009803950499999978,-0.025478303100000047,0,-0.2982291666666667,-0.10249166666666532,0,0,365,-1
2031,-576452498679,2.1286311940549707,2.9048727029812795,0.0034392405743382238,-0.001511796147776692,-0.04115631722995462,0.0019605590742001588,0,1574992,0.01,8.278004999999679e-4,-0.04402901310000005,0,-0.4207291666666667,0.11625833333333468,0,0,365,-1
2032,-576452498668,2.131875241873079,2.908146178368383,0.004297954522068312,-1.8835505586033141e-6,-0.03685314216609819,-0.001131518418952477,0,1575003,0.011,-0.0015658395000000265,-0.03624968310000006,0,-0.2107291666666667,-0.05874166666666536,0,1,366,2
2033,-576452498658,2.1319203685722568,2.908146101449952,0.003903902054007369,-1.2490784813242311e-5,-0.02950183309364922,6.193426173830316e-5,0,1575014,0.011,2.293904999999821e-4,-0.02847035310000006,0,-0.2544791666666667,0.04625833333333462,0,0,366,-1
2036,-576452498605,2.1320359546401133,2.9081464147640044,0.004236500626974379,9.011907986090696e-5,0.06493492273277271,0.0060498052658479184,0,1575044,0.01,0.005615080499999991,0.06847206689999995,0,-0.10572916666666671,0.07250833333333473,0,0,366,-1
2037,-576452498604,2.132081707443035,2.9081474452548943,0.00490787457841955,1.2357380809737748e-4,0.0806314843018123,-0.01322340820463486,0,1575054,0.01,-0.015927679500000028,0.08283390689999995,0,-0.1844791666666667,0.1512583333333346,0,0,366,-1
2038,-576452498603,2.1321404443944743,2.9081481497597514,0.005776144233937105,-6.75067831955313e-7,0.06839391930536716,6.731681850320973e-4,0,1575065,0.011,0.0026230304999999765,0.06667683689999995,0,-0.1932291666666667,-0.2074916666666653,0,0,366,-1
2039,-576452498596,2.133086019632412,2.907438794328624,0.006783877581039302,-3.2721747645595e-4,0.04222365500361976,-0.006538180977922193,0,1575075,0.01,-0.007549939500000021,0.038551566899999945,0,-0.1844791666666667,0.09000833333333458,0,1,367,1
2040,-576452498586,2.133162934521786,2.9074349088225113,0.007209739570403445,-3.82853091343246e-4,0.01696276377433029,0.004119653861752602,0,1575086,0.011,0.005615080499999991,0.013418346899999954,0,-0.26322916666666674,0.04625833333333462,0,0,367,-1
2041,-576452498574,2.133235596908178,2.907431288453665,0.007336249797128832,-3.4128521886652656e-4,-0.013433938175602358,0.00438151774399171,0,1575096,0.01,0.004418260499999968,-0.01769897310000006,0,-0.2807291666666667,0.12500833333333472,0,0,367,-1
2042,-576452498566,2.1333081209947307,2.907428109187733,0.007176010376363759,-2.952128187242003e-4,-0.03186793440919068,0.005988071104161629,0,1575106,0.01,0.006213490499999994,-0.03445445310000005,0,-0.3157291666666667,0.09875833333333461,0,0,367,-1
2043,-576452498555,2.1333851053762376,2.90742527558979,0.0068220008250761575,-2.2183309412899418e-4,-0.0341361888252205,0.01090874834927912,0,1575117,0.011,0.011599180499999986,-0.03445445310000005,0,-0.5782291666666667,0.10750833333333465,0,0,367,-1
2044,-576452498542,2.1357808446653594,2.9097837060195735,0.0074019958085914045,9.592477505624664e-4,-0.027068189390609752,0.0046924309490985056,0,1575128,0.011,0.003819850499999965,-0.026076713100000048,0,-0.21947916666666673,0.028758333333334773,0,1,368,2
2045,-576452498533,2.1358608248942503,2.9097945772929927,0.0071323110664056185,0.0010161615004028908,-0.008881062898986596,0.008125437087908218,0,1575139,0.011,0.008607130499999989,-0.006329183100000038,0,-0.3244791666666667,0.03750833333333459,0,0,368,-1
2046,-576452498522,2.1359318678507693,2.909805006311837,0.0070682948038847246,0.0010764001067645925,0.008575354644586454,-0.006670680394107875,0,1575149,0.01,-0.00874675950000001,0.011024706899999943,0,-0.2019791666666667,0.05500833333333466,0,0,368,-1
2047,-576452498512,2.1360103150810805,2.9098165233408113,0.007188362773982041,0.0010146763975587886,0.02541708315296322,9.546867535760182e-4,0,1575160,0.011,0.0020246204999999737,0.027780186899999948,0,-0.3594791666666667,0.002508333333334667,0,0,368,-1
2048,-576452498501,2.136083552526801,2.909826648272745,0.007455150590000614,0.0010136436804956642,0.03431151728860328,-0.006503467763111649,0,1575170,0.01,-0.007549939500000021,0.03555951689999995,0,-0.28947916666666673,-0.06749166666666528,0,0,368,-1
2049,-576452498492,2.136159857989642,2.9098364892100848,0.007804227400436165,9.532181852694133e-4,0.0385546172589724,-0.003222956049636018,0,1575180,0.01,-0.002762659500000015,0.03914997689999995,0,-0.1669791666666667,0.020008333333334738,0,0,368,-1
2050,-576452498481,2.1362397807707123,2.9098459535541807,0.008182405318714097,9.355476521674396e-4,0.03330416989532926,0.00715146968081562,0,1575190,0.01,0.008607130499999989,0.032567466899999946,0,-0.21947916666666673,0.11625833333333468,0,0,368,-1
2051,-576452498471,2.137481913918297,2.9089364284431567,0.009023322092256205,5.88154313364519e-4,0.0379059885955747,0.001605799692019733,0,1575201,0.011,8.278004999999679e-4,0.038551566899999945,0,-0.28947916666666673,0.03750833333333459,0,1,369,1
2052,-576452498461,2.1375737723578037,2.908942439934013,0.0093607625873226,6.121747714961397e-4,0.008559827842819383,0.0072208580520054634,0,1575211,0.01,0.008008720499999986,0.004442196899999945,0,-0.28947916666666673,0.1775083333333347,0,0,369,-1
2053,-576452498451,2.1376678181022077,2.9089489811230758,0.009447923279327973,6.934644192152987e-4,0.0096718555913359,0.013684325689935602,0,1575221,0.01,0.014591230499999983,0.009827886899999937,0,-0.1932291666666667,0.09875833333333461,0,0,369,-1
2054,-576452498440,2.1377627444075835,2.908956611850126,0.009538942278291995,8.321602259882394e-4,0.005610469786090504,0.015004415499290578,0,1575231,0.01,0.015189640499999987,0.005040606899999948,0,-0.2544791666666667,0.09000833333333458,0,0,369,-1
2055,-576452498430,2.1378583627083168,2.9089656709854776,0.009586982336529777,9.802232723720365e-4,-1.3704532435261738e-4,0.013592517351232642,0,1575241,0.01,0.013394410499999978,-9.434931000000467e-4,0,-0.17572916666666671,0.10750833333333465,0,0,369,-1
2056,-576452498418,2.1379638038329216,2.9089772794569293,0.00958439550176729,0.0011302767222609031,-8.442618369993149e-4,0.013943564257705229,0,1575252,0.011,0.01399282049999998,-9.434931000000467e-4,0,-0.026979166666666707,0.020008333333334738,0,0,369,-1
2057,-576452498409,2.138882654226896,2.909819997165102,0.009904221775071269,0.0016470401715121962,-0.005654209454484247,0.013986855896398035,0,1575262,0.01,0.01399282049999998,-0.006329183100000038,0,-0.2019791666666667,0.11625833333333468,0,1,370,2
2058,-576452498399,2.138991330142092,2.909838840087885,0.009852347512484668,0.0017832625222190225,0.001100751900058359,0.0024469874161512552,0,1575273,0.011,8.278004999999679e-4,0.002048556899999951,0,-0.1669791666666667,0.14250833333333457,0,0,370,-1
2059,-576452498389,2.1390899360615125,2.9098567035965144,0.0,0.0,0.0,0.0,1,1575283,0.01,-0.00874675950000001,0.004442196899999945,0,-0.2107291666666667,0.23875833333333474,0,0,370,-1
2060,-576452498379,2.1390899997816986,2.9098566389640332,9.897294941987044e-6,-1.0039841198850917e-5,0.007044259742107584,-0.007145716674077417,0,1575293,0.01,-0.008148349500000025,0.008032656899999945,0,-0.3419791666666667,0.002508333333334667,0,0,370,-1
2061,-576452498368,2.139090615246934,2.9098561309217694,9.912049341016353e-5,-8.357665597411213e-5,0.01473314129363071,-0.0038267603115275817,0,1575304,0.011,-0.0033610695000000183,0.01581198689999995,0,-0.1669791666666667,-0.19874166666666537,0,0,370,-1
2062,-576452498305,2.139092498612514,2.9098552494210335,2.701223932551288e-4,-9.968068773770704e-5,0.031422554835137166,0.011800168274439688,0,1575314,0.01,0.01399282049999998,0.03376428689999994,0,-0.0707291666666667,-0.006241666666665369,0,0,370,-1
2063,-576452498283,2.139096784790831,2.9098547603447305,5.86495906832103e-4,5.539133922791367e-6,0.03295136573692495,0.0027026985298013763,0,1575324,0.01,0.001426210499999971,0.033165876899999946,0,-0.0969791666666667,-0.06749166666666528,0,0,370,-1
2064,-576452498282,2.1391042895703913,2.9098550776787104,9.148006613423682e-4,5.235217473526269e-5,0.03208992740084124,0.01680181876688655,0,1575334,0.01,0.01878010049999997,0.03196905689999995,0,-0.2807291666666667,0.002508333333334667,0,0,370,-1
2065,-576452498281,2.1391149656718067,2.909856409724897,0.001223769724608807,2.1544120983963848e-4,0.023587493945793663,0.013288905828749174,0,1575344,0.01,0.012796000499999974,0.022394496899999946,0,-0.2544791666666667,-0.06749166666666528,0,0,370,-1
2066,-576452498281,2.139128340339677,2.909859352001239,0.0014530224027879345,3.6760465567410415e-4,0.01886785138667223,0.027025636522106274,0,1575354,0.01,0.028953070499999983,0.01820562689999994,0,-0.2107291666666667,-0.06749166666666528,0,0,370,-1
2067,-576452498279,2.1391435871424322,2.9098643237934803,0.0016062786562934717,6.291877598629305e-4,-0.006377418144086759,0.020844246338732147,0,1575364,0.01,0.019976920499999974,-0.009919643100000056,0,-0.1407291666666667,0.12500833333333472,0,0,370,-1
2068,-576452498277,2.139159142846137,2.9098715803278448,0.0015131107194244916,8.255180864703779e-4,-0.027326207667484233,0.01221198413253856,0,1575374,0.01,0.011000770499999982,-0.03026558310000007,0,-0.1932291666666667,-0.19874166666666537,0,0,370,-1
2069,-576452498276,2.1391729882095265,2.9098803375541618,0.0012524310276325198,9.306846806289142e-4,-0.018358801582477616,1.294852088573207e-4,0,1575384,0.01,-0.0015658395000000265,-0.017100563100000056,0,-0.1669791666666667,0.0637583333333347,0,0,370,-1
2070,-576452498276,2.1391845856340375,2.9098896752363568,0.0,0.0,0.0,0.0,1,1575394,0.01,0.0032214404999999792,-0.01949420310000005,0,-0.2019791666666667,0.03750833333333459,0,0,370,-1
2071,-576452498265,2.138285928413536,2.910611941213387,-3.63622529488263e-4,3.2636614360109095e-4,-7.611502852547723e-8,8.500439588320988e-8,1,1575405,0.011,-0.010541989500000019,-0.01231328310000005,0,-0.23697916666666669,0.011258333333334702,0,1,371,1
2072,-576452498254,2.1378452698182024,2.9101764495385156,-5.054510765522165e-4,1.0942072238413945e-4,0.0217379646458166,-0.01029443727485368,0,1575417,0.012,-0.011738809500000008,0.02478813689999994,0,-0.3857291666666667,0.12500833333333472,0,1,372,2
2073,-576452498245,2.13784136783464,2.9101770869353345,-2.782072170281383e-4,1.5202565601597151e-5,0.028611039156779705,-0.00421420204241865,0,1575427,0.01,-0.0033610695000000183,0.029575416899999946,0,-0.1669791666666667,-0.11124166666666535,0,0,372,-1
2074,-576452498196,2.1378401769876243,2.9101769584979307,3.272202370899749e-5,-3.77012084474328e-5,0.04624962427119411,-0.011862480949134273,0,1575437,0.01,-0.012935629500000012,0.048724536899999955,0,-0.3332291666666667,-0.07624166666666532,0,0,372,-1
2075,-576452498195,2.1378427984108077,2.9101761074609014,4.923719658661458e-4,-1.377592243362662e-4,0.04422178758096198,0.0013654039138741511,0,1575447,0.01,0.0032214404999999792,0.04393725689999995,0,-0.3157291666666667,0.24750833333333477,0,0,372,-1
2076,-576452498194,2.137849864947082,2.9101748457825476,9.239306922292716e-4,-1.1666677037309517e-4,0.03662538636617337,0.006666500753880783,0,1575457,0.01,0.007410310499999982,0.03555951689999995,0,-0.009479166666666705,0.16000833333333464,0,0,372,-1
2077,-576452498194,2.1378607620989825,2.910174018300866,0.0012631014216817036,-4.908651970165738e-5,0.017323466113545745,0.007318786680642422,0,1575467,0.01,0.007410310499999982,0.01461516689999996,0,-0.2719791666666667,0.11625833333333468,0,0,372,-1
2078,-576452498098,2.1378742520924954,2.9101738940961144,0.0014352125746063043,2.4213964813941126e-5,0.016522747648558336,0.007399048736419308,0,1575477,0.01,0.007410310499999982,0.01641039689999995,0,-0.2544791666666667,0.002508333333334667,0,0,372,-1
2079,-576452498097,2.1380375171433035,2.910056274575119,0.0016374209562082709,4.4825045759366794e-5,1.5613876313229233e-4,0.007408911747555535,0,1575487,0.01,0.007410310499999982,-0.0021403131000000525,0,-0.2282291666666667,0.04625833333333462,0,1,373,1
2080,-576452498096,2.1380554693732137,2.910057340786716,0.0016288574785648122,1.447450949579639e-4,-0.0065807358890768875,0.01948001477670599,0,1575498,0.011,0.021173740499999982,-0.007526003100000061,0,-0.03572916666666671,0.11625833333333468,0,0,373,-1
2081,-576452498096,2.1380713869697194,2.910059727185067,0.001556664531752913,3.3420908375835846e-4,-0.011083131113422007,0.0157175596921406,0,1575508,0.01,0.015189640499999987,-0.011714873100000064,0,-0.3507291666666667,-0.05874166666666536,0,0,373,-1
2082,-576452498096,2.138086399186029,2.9100637987675597,0.0014457921488013532,4.826238718895233e-4,-0.011112361687327918,0.009482049980864,0,1575518,0.01,0.008607130499999989,-0.011116463100000062,0,-0.0882291666666667,0.05500833333333466,0,0,373,-1
2083,-576452498095,2.138100155144656,2.910069111085332,0.0013118335987973692,5.793134214787874e-4,-0.027384052696150372,0.010813895962292935,0,1575528,0.01,0.011000770499999982,-0.029667173100000065,0,-0.14947916666666672,0.10750833333333465,0,0,373,-1
2084,-576452498095,2.1381120937709075,2.9100753237827517,0.0010675827641218147,6.685374261798248e-4,-0.006296042870551962,-0.0026664320094327877,0,1575538,0.01,-0.004557889500000024,-0.003337133100000041,0,-0.24572916666666672,0.12500833333333472,0,0,373,-1
2085,-576452498093,2.1381235491869313,2.9100823948559915,0.001011897270957664,6.21458042436044e-4,0.0025961077010133726,-0.014295918117314309,0,1575549,0.011,-0.015927679500000028,0.0038437868999999423,0,-0.23697916666666669,-0.04124166666666529,0,0,373,-1
2086,-576452498092,2.1381340037119916,2.9100879399756066,0.0,0.0,0.0,0.0,1,1575559,0.01,-0.00874675950000001,0.027780186899999948,0,-0.21947916666666673,0.011258333333334702,0,0,373,-1
2087,-576452498092,2.1381343569244184,2.9100878278911337,5.487272206964389e-5,-1.7412694757670918e-5,0.03905567103601611,-0.012393489017341105,0,1575569,0.01,-0.014132449500000019,0.044535666899999944,0,-0.5082291666666667,-0.14624166666666538,0,0,373,-1
2088,-576452498091,2.1381368874980415,2.9100871053311304,4.4996418001507437e-4,-1.3023161607247813e-4,0.04228703621915418,-0.0044724848001893615,0,1575579,0.01,-0.0033610695000000183,0.04274043689999995,0,-0.07947916666666671,0.05500833333333466,0,0,373,-1
2089,-576452498081,2.1365966394278066,2.9085277039002064,2.9792532059116537e-4,-8.856781221093092e-4,0.05160571844760407,-0.0024484705612812592,0,1575590,0.011,-0.0021642495000000293,0.052913406899999946,0,-0.1582291666666667,-0.10249166666666532,0,1,374,2
2090,-576452498070,2.1341640995072906,2.910452667184842,-1.4402976762054682e-4,-4.3083757420410646e-5,0.03753371914709602,-0.006397172460326559,0,1575601,0.011,-0.0069515295000000185,0.03555951689999995,0,-0.4119791666666667,0.028758333333334773,0,1,375,1
2091,-576452498060,2.1341646903842246,2.910452066036471,2.548331496104919e-4,-7.6142397314109e-5,0.028455555977505917,0.017781212678871023,0,1575612,0.011,0.021173740499999982,0.02718177689999995,0,-0.3069791666666667,0.0637583333333347,0,0,375,-1
2095,-576452498019,2.1341877289672704,2.910463068380497,3.8211728377703693e-4,5.922682736816611e-4,-0.022982495195979325,0.004742362716594641,0,1575653,0.011,0.0032214404999999792,-0.022486253100000048,0,-0.2107291666666667,-0.014991666666665293,0,0,375,-1
2096,-576452498008,2.1341904735150465,2.9104692304224553,1.6332938798692065e-4,6.400330724247942e-4,-0.015200433095095788,0.004982917653727453,0,1575663,0.01,0.005016670499999971,-0.014108513100000058,0,-0.28947916666666673,-0.11999166666666539,0,0,375,-1
2097,-576452497997,2.132890882157678,2.9091740142888622,-5.213831058506842e-4,9.124254625423949e-5,-0.006371339341115073,-0.0012849879462031382,0,1575674,0.011,-0.0021642495000000293,-0.00513236310000005,0,-0.2982291666666667,-0.04124166666666529,0,1,376,2
2098,-576452497986,2.1328849422274496,2.909174942111118,-5.655243919203692e-4,7.753646788860645e-5,0.010458501184607689,-0.0010065042258036194,0,1575685,0.011,-9.674295000000236e-4,0.012819936899999952,0,-0.1932291666666667,-0.06749166666666528,0,0,376,-1
2099,-576452497974,2.1328796443860396,2.9091756944226765,-4.0922279069093595e-4,6.084885749228871e-5,0.03719389850257583,-0.004645678181809771,0,1575696,0.011,-0.005156299500000027,0.04094520689999995,0,-0.4819791666666667,-0.11999166666666539,0,0,376,-1
2100,-576452497965,2.1328774631423513,2.9091760778235853,9.847142523591366e-6,9.055271151489337e-6,0.043632281742603515,-0.0050934688991239345,0,1575707,0.011,-0.005156299500000027,0.044535666899999944,0,-0.2282291666666667,0.16000833333333464,0,0,376,-1
2101,-576452497955,2.1328796964679273,2.9091759427482486,4.390959792052976e-4,-3.748536357288383e-5,0.03865195817131347,-0.0019999049550042895,0,1575717,0.01,-0.0015658395000000265,0.03795315689999995,0,-0.24572916666666672,-0.032491666666665364,0,0,376,-1
2102,-576452497945,2.13288587666651,2.909175509363032,8.033685768796503e-4,-5.104996029327842e-5,0.022820602750268208,0.0025789677699496697,0,1575727,0.01,0.0032214404999999792,0.020599266899999955,0,-0.0882291666666667,-0.05874166666666536,0,0,376,-1
2103,-576452497933,2.132873753860808,2.9091926120333644,0.0010215816383914703,-2.2650670138055875e-5,0.007228386148862516,-0.002630161248601005,0,1575738,0.011,-0.0033610695000000183,0.005040606899999948,0,-0.2719791666666667,-0.2599916666666653,0,1,377,1
2104,-576452497923,2.132885419851757,2.909192269970401,0.001099754686834891,-4.205542660943348e-5,0.006359361811128264,0.003550970870834551,0,1575749,0.011,0.004418260499999968,0.0062374268999999365,0,-0.10572916666666671,0.011258333333334702,0,0,377,-1
2105,-576452497913,2.1328965575527183,2.909192147005966,0.0011363674861124568,1.1675085839677762e-5,-0.012639549767866366,0.016381419197563078,0,1575759,0.01,0.018181690499999983,-0.015305333100000047,0,-0.2019791666666667,0.09875833333333461,0,0,377,-1
2106,-576452497888,2.1329073535896907,2.9091930401200115,0.0010199605797169458,1.6885866303033718e-4,-0.005531325303155014,0.011662845072149163,0,1575769,0.01,0.011000770499999982,-0.004533953100000047,0,-0.1144791666666667,0.2650083333333346,0,0,377,-1
2107,-576452497888,2.132917284496768,2.9091953019056898,9.658747918597203e-4,2.8393583634398e-4,-0.00465667710816218,0.01055745978834123,0,1575779,0.01,0.01040236049999998,-0.004533953100000047,0,-0.3682291666666667,-0.049991666666665324,0,0,377,-1
2108,-576452497786,2.132927732717058,2.909199106379329,9.300330163560491e-4,4.062676417930624e-4,0.005421713488018322,0.014619662931277068,0,1575790,0.011,0.015189640499999987,0.00683583689999994,0,-0.2807291666666667,-0.10249166666666532,0,0,377,-1
2109,-576452497785,2.1329384291237234,2.9092044935369503,0.001009377928211353,5.718985887515335e-4,0.018206931914493858,0.01774339244132652,0,1575801,0.011,0.018181690499999983,0.02000085689999995,0,-0.24572916666666672,0.020008333333334738,0,0,377,-1
2110,-576452497784,2.1329494480019147,2.9092110786917216,0.0011936813752484988,7.461521079146009e-4,0.019780119181556338,0.01550387291303499,0,1575811,0.01,0.015189640499999987,0.02000085689999995,0,-0.4032291666666667,0.020008333333334738,0,0,377,-1
2111,-576452497784,2.132962456343784,2.9092191038608703,0.0014042908201582411,8.683568769385083e-4,0.028894908691894528,-0.007861892344148032,0,1575821,0.01,-0.011140399500000021,0.03017382689999995,0,-0.21947916666666673,0.19500833333333478,0,0,377,-1
2112,-576452497784,2.132979542650473,2.9092281994717673,0.0017062240086918685,7.84696748733759e-4,0.018471360246393724,-0.0060139927683188,0,1575832,0.011,-0.005754709500000013,0.017008806899999954,0,-0.2719791666666667,0.08125833333333476,0,0,377,-1
2113,-576452497783,2.132997457831026,2.9092357234096333,0.0018801870411186028,7.211578633669049e-4,0.010891443403937516,-0.008410499791113834,0,1575842,0.01,-0.00874675950000001,0.009827886899999937,0,-0.17572916666666671,-0.09374166666666528,0,0,377,-1
2114,-576452497783,2.133016857537861,2.909242554511403,0.001997376051622465,6.432743226074134e-4,0.016780858757333983,-0.00398238852443296,0,1575852,0.01,-0.0033610695000000183,0.01760721689999996,0,-0.21947916666666673,-0.14624166666666538,0,0,377,-1
2115,-576452497783,2.1330376910186457,2.9092487363974664,0.0021684109621011786,5.953777006379084e-4,0.019079867422047224,-0.009734847972374398,0,1575862,0.01,-0.010541989500000019,0.01940244689999995,0,-0.2282291666666667,0.05500833333333466,0,0,377,-1
2116,-576452497782,2.1330602750767964,2.909254267805193,0.0023507704599392463,5.080811719868924e-4,0.01306542753763948,-0.0025710143577601678,0,1575872,0.01,-0.0015658395000000265,0.012221526899999948,0,-0.21947916666666673,0.2300083333333347,0,0,377,-1
2117,-576452497782,2.1330843115308613,2.9092592279860314,0.0,0.0,0.0,0.0,1,1575882,0.01,-0.0015658395000000265,-0.0027387231000000553,0,-0.0707291666666667,-0.032491666666665364,0,0,377,-1
2118,-576452497767,2.1330842192305264,2.909259239223004,-1.4414845490079846e-5,1.7549147838254424e-6,-0.010273388990662612,0.001250719075144488,0,1575892,0.01,0.001426210499999971,-0.011714873100000064,0,-0.26322916666666674,0.10750833333333465,0,0,377,-1
2119,-576452497767,2.1334737882029713,2.9089451543079727,5.228364297284844e-5,-1.2529538261563927e-4,0.003156298001929243,0.002978906411143974,0,1575903,0.011,0.0032214404999999792,0.005040606899999948,0,-0.009479166666666705,0.18625833333333475,0,1,379,1
2120,-576452497758,2.133474623280835,2.908944037754208,9.682954270123964e-5,-8.087581448931348e-5,0.009531742789426987,0.010538478603259332,0,1575914,0.011,0.011599180499999986,0.01042629689999994,0,-0.26322916666666674,0.09875833333333461,0,0,379,-1
2121,-576452497684,2.133476168885952,2.908943740144607,2.0742074621890133e-4,2.2103748094663204e-5,0.020286991838027874,0.00884477776913258,0,1575924,0.01,0.008607130499999989,0.021796086899999942,0,-0.1932291666666667,-0.049991666666665324,0,0,379,-1
2122,-576452497683,2.1334792266744786,2.908944439535139,4.055135084799523e-4,1.1615807238675117e-4,0.01688740164036758,0.012834590241693731,0,1575934,0.01,0.013394410499999978,0.01641039689999995,0,-0.24572916666666672,-0.032491666666665364,0,0,379,-1
2123,-576452497683,2.133484141299608,2.9089462755849995,5.767463266789563e-4,2.49611721610687e-4,0.018568200007310437,0.01647418950579908,0,1575944,0.01,0.016984870499999978,0.018804036899999946,0,-0.1319791666666667,0.011258333333334702,0,0,379,-1
2124,-576452497682,2.1334908626094538,2.9089494956913113,7.664002456374991e-4,3.987824362270376e-4,0.02139890396657572,0.005376933400968684,0,1575954,0.01,0.003819850499999965,0.021796086899999942,0,-0.26322916666666674,-0.032491666666665364,0,0,379,-1
2125,-576452497682,2.1334994770984723,2.9089536929446695,9.617334374882879e-4,4.432725186143446e-4,0.00810300649945399,-0.0012363269160709173,0,1575964,0.01,-0.0021642495000000293,0.0062374268999999365,0,-0.2107291666666667,-0.006241666666665369,0,0,379,-1
2126,-576452497682,2.1335105567204073,2.908958694012067,0.001052374155157549,4.5886522249332165e-4,0.00909086770055193,0.017891463820848465,0,1575975,0.011,0.020575330499999978,0.009229476899999934,0,-0.1844791666666667,0.028758333333334773,0,0,379,-1
2127,-576452497681,2.1335214579164488,2.9089639889441528,0.0011315468570167935,6.091141773783771e-4,8.159856558779509e-4,-0.002320333262962982,0,1575985,0.01,-0.005156299500000027,-3.450831000000438e-4,0,-0.3244791666666667,-0.14624166666666538,0,0,379,-1
2128,-576452497674,2.1335328476897644,2.908969998529083,0.0011449119002505423,5.912642939986162e-4,0.004520778444378757,0.001489985446623507,0,1575995,0.01,0.0020246204999999737,0.005040606899999948,0,-0.1144791666666667,0.16875833333333468,0,0,379,-1
2129,-576452497665,2.132668695043556,2.909690686084749,8.38722292422144e-4,9.329561080913248e-4,0.006550885873844427,3.8460275259064177e-4,0,1576006,0.011,2.293904999999821e-4,0.00683583689999994,0,-0.2719791666666667,-0.006241666666665369,0,1,381,1
2130,-576452497655,2.132678370118499,2.909700914466098,9.184465799936172e-4,9.288886682228367e-4,0.011523769539820736,-0.004999283386633472,0,1576017,0.011,-0.005754709500000013,0.012221526899999948,0,-0.1669791666666667,-0.02374166666666533,0,0,381,-1
2131,-576452497645,2.1326881069611536,2.909709912747254,0.0010300817289624691,8.727382759732249e-4,0.008987006298809119,-0.009335196957701951,0,1576027,0.01,-0.009943579500000016,0.008631066899999948,0,-0.28947916666666673,0.011258333333334702,0,0,381,-1
2132,-576452497634,2.132698935070553,2.909718230306603,0.0011320494033659424,7.882231280707551e-4,0.01759607728390338,-0.0030466155931650534,0,1576037,0.01,-0.0021642495000000293,0.018804036899999946,0,-0.24572916666666672,0.1512583333333346,0,0,381,-1
2133,-576452497623,2.1327124522791627,2.9097267355134377,0.0013256211651710506,7.574935674770617e-4,0.017605846199741385,-0.0012232678422568247,0,1576048,0.011,-9.674295000000236e-4,0.01760721689999996,0,-0.12322916666666671,0.09875833333333461,0,0,381,-1
2134,-576452497614,2.132726574125209,2.909734266045355,0.0014994484627850436,7.478119646294894e-4,0.016032716535984183,5.754219725254998e-4,0,1576058,0.01,8.278004999999679e-4,0.01581198689999995,0,-0.14947916666666672,0.14250833333333457,0,0,381,-1
2135,-576452497603,2.135274604261773,2.912262685862329,0.0026786546807052595,0.0018983434770264097,0.011116322732620913,0.002896095137855686,0,1576068,0.01,0.0032214404999999792,0.01042629689999994,0,-0.1669791666666667,0.03750833333333459,0,1,382,2
2136,-576452497593,2.1353046044580646,2.9122837847688423,0.0,0.0,0.0,0.0,1,1576079,0.011,0.007410310499999982,-0.003935543100000044,0,-0.1407291666666667,0.028758333333334773,0,0,382,-1
2137,-576452497579,2.135304611274335,2.9122838940719196,0.0,0.0,0.0,0.0,1,1576089,0.01,0.013394410499999978,8.51736899999945e-4,0,-0.1407291666666667,-0.049991666666665324,0,0,382,-1
2138,-576452497573,2.135304689192373,2.9122840192612323,0.0,0.0,0.0,0.0,1,1576099,0.01,0.015788050499999973,0.009827886899999937,0,-0.1144791666666667,0.08125833333333476,0,0,382,-1
2139,-576452497562,2.1353047383851798,2.9122841768219145,0.0,0.0,0.0,0.0,1,1576109,0.01,0.019976920499999974,0.0062374268999999365,0,-0.1582291666666667,-0.10249166666666532,0,0,382,-1
2140,-576452497550,2.1353047450969425,2.912284197491759,1.048060781649831e-6,3.227634540127709e-6,7.469329301911507e-4,0.0023002735437972315,0,1576119,0.01,0.0026230304999999765,8.51736899999945e-4,0,-2.319479166666667,-0.02374166666666533,0,0,382,-1
2141,-576452497542,2.135304968201627,2.9122842766011297,3.589053972300158e-5,1.5582572618288978e-5,0.020255598719153008,-0.005288342403568223,0,1576129,0.01,-0.006353119500000015,0.02299290689999995,0,-0.1407291666666667,0.12500833333333472,0,0,382,-1
2142,-576452497529,2.138915024290259,2.9093568926099316,0.0017480662597100008,-0.0013895302031639923,0.023181235812176595,-0.005172960185271167,0,1576140,0.011,-0.005156299500000027,0.023591316899999944,0,-0.10572916666666671,-0.02374166666666533,0,1,383,1
2143,-576452497520,2.1389356591029705,2.9093412668581133,0.002003614035115288,-0.0014504543758049862,0.023540857508196893,-0.0077822357248267075,0,1576151,0.011,-0.008148349500000025,0.023591316899999944,0,-0.0444791666666667,-0.08499166666666536,0,0,383,-1
2144,-576452497511,2.13895685306315,2.9093263947594874,0.002236104467135182,-0.0015250064486654771,0.021485999068169604,-0.005479413997947268,0,1576161,0.01,-0.005156299500000027,0.021197676899999948,0,-0.0882291666666667,0.23875833333333474,0,0,383,-1
2145,-576452497491,2.1389803051126894,2.9093108162844565,0.0024535588542386405,-0.0015882515155903848,0.023332263116507553,-0.011493384695153857,0,1576171,0.01,-0.01233721950000001,0.023591316899999944,0,-0.3857291666666667,0.09875833333333461,0,0,383,-1
2146,-576452497490,2.1390059479929797,2.9092944704564037,0.002677626288097779,-0.0016858123015974916,0.01673733697177529,8.860429960872059e-4,0,1576181,0.01,0.0026230304999999765,0.01581198689999995,0,-0.1844791666666667,0.028758333333334773,0,0,383,-1
2147,-576452497478,2.139033610418599,2.90927761845128,0.0028526971446438,-0.0016829142932790165,0.022223175587555342,-0.003363250789716608,0,1576191,0.01,-0.003959479500000021,0.02299290689999995,0,-0.2019791666666667,0.07250833333333473,0,0,383,-1
2148,-576452497469,2.1390631791748005,2.9092606211629795,0.0030640947619157938,-0.001716544117156016,0.014501757751334703,-0.003361337901922727,0,1576201,0.01,-0.0033610695000000183,0.013418346899999954,0,-0.26322916666666674,-0.014991666666665293,0,0,383,-1
2149,-576452497455,2.133948347807625,2.90413188503973,0.001133677117503882,-0.00404102456581718,0.003580476184414929,0.004509975334821303,0,1576212,0.011,0.005615080499999991,0.002048556899999951,0,-0.2807291666666667,0.12500833333333472,0,1,384,2
2151,-576452497413,2.1339722557302934,2.9040488601337224,0.001104628797505425,-0.003818701856513527,-0.004144607921414592,0.01266234704357929,0,1576233,0.01,0.012197590499999989,-0.003935543100000044,0,-0.2982291666666667,0.11625833333333468,0,0,384,-1
2152,-576452497409,2.133983105939936,2.9040113547950943,0.0010649151978340667,-0.003684539432022241,-0.0029117135039360385,0.018027327139418313,0,1576243,0.01,0.01878010049999997,-0.0027387231000000553,0,-0.2982291666666667,0.23875833333333474,0,0,384,-1
2153,-576452497409,2.133993568388555,2.9039752939725427,0.0010293827984205427,-0.003522487753292909,-0.007483004219994698,0.005043265639136403,0,1576253,0.01,0.0032214404999999792,-0.008124413100000064,0,-0.28947916666666673,-0.11999166666666539,0,0,384,-1
2154,-576452497408,2.134003530168237,2.903940424793314,9.611269444241212e-4,-0.0034558882482403556,-0.002797717092756111,0.016565042116616396,0,1576263,0.01,0.018181690499999983,-0.0021403131000000525,0,-0.2982291666666667,0.07250833333333473,0,0,384,-1
2155,-576452497398,2.1300029752148784,2.907129086676483,-7.052481449774764e-4,-0.0018024041157473471,0.012472143022620567,0.002764687543126825,0,1576274,0.011,8.278004999999679e-4,0.01461516689999996,0,-0.2719791666666667,0.03750833333333459,0,1,385,1
2156,-576452497388,2.129996651115169,2.9071112198572204,-5.644647063755521e-4,-0.0017719560615491055,0.023797463705328637,0.004739569961308648,0,1576284,0.01,0.005016670499999971,0.025386546899999942,0,-0.0882291666666667,0.002508333333334667,0,0,385,-1
2157,-576452497376,2.1299922277285046,2.9070936019998723,-3.215830087621312e-4,-0.0017456007259529145,0.027290123358721642,-0.01023596578287852,0,1576294,0.01,-0.01233721950000001,0.027780186899999948,0,-0.1932291666666667,-0.10249166666666532,0,0,385,-1
2158,-576452497368,2.129990460491726,2.9070756081938285,-3.555905741191739e-5,-0.0018520192335262523,0.036641098862676025,-0.013128220263711904,0,1576304,0.01,-0.013534039500000017,0.03795315689999995,0,-0.2107291666666667,0.21250833333333463,0,0,385,-1
2159,-576452497358,2.1299919567273844,2.907056499125296,3.339391016367174e-4,-0.001972755659469712,0.03884126610200862,-0.005612446002849083,0,1576314,0.01,-0.004557889500000024,0.03914997689999995,0,-0.23697916666666669,-0.04124166666666529,0,0,385,-1
2160,-576452497348,2.129997235899237,2.907036527544708,7.219952946155629e-4,-0.002023164535603726,0.038587213619569044,-0.001538986478834656,0,1576324,0.01,-9.674295000000236e-4,0.038551566899999945,0,-0.3507291666666667,0.16000833333333464,0,0,385,-1
2161,-576452497338,2.1306921044375398,2.9076976039979714,0.0013727990275795758,-0.0017379447427765438,0.03120912147424589,-0.005235906111790425,0,1576334,0.01,-0.005754709500000013,0.03017382689999995,0,-0.21947916666666673,-0.032491666666665364,0,1,386,2
2162,-576452497328,2.1307073706851556,2.9076799681992673,0.001681407397697293,-0.0017894694768009055,0.02872688545251319,-0.004641317648423388,0,1576344,0.01,-0.004557889500000024,0.02837859689999995,0,-0.1844791666666667,0.08125833333333476,0,0,386,-1
2163,-576452497316,2.1307255570584394,2.9076618939502845,0.0019586754294249717,-0.0018276803966444607,0.02159934883773805,0.0012043944648772653,0,1576354,0.01,0.0020246204999999737,0.020599266899999955,0,-0.3157291666666667,-0.02374166666666533,0,0,386,-1
2164,-576452497308,2.13074591418194,2.907643707430672,0.0021263133846406114,-0.0018109455348157063,-0.012863418663061552,0.004547580030292939,0,1576364,0.01,0.005016670499999971,-0.01769897310000006,0,-0.3244791666666667,-0.006241666666665369,0,0,386,-1
2165,-576452497298,2.1307665526239066,2.9076258007616556,0.0020005651083044077,-0.001769310496961191,-0.0108066441210791,0.0018102867540814075,0,1576374,0.01,0.001426210499999971,-0.010518053100000058,0,-0.1319791666666667,0.03750833333333459,0,0,386,-1
2166,-576452497288,2.1307860249312847,2.9076082234336513,0.0018935900983317003,-0.0017472622591687829,-0.010028786226514293,0.004622133471837073,0,1576384,0.01,0.005016670499999971,-0.009919643100000056,0,-0.3157291666666667,0.020008333333334738,0,0,386,-1
2167,-576452497278,2.1308043470977625,2.907590989741059,0.0017757646700394313,-0.0016998191294206127,-0.022527726496496314,0.0054929009979010155,0,1576394,0.01,0.005615080499999991,-0.02428148310000004,0,-0.2019791666666667,0.0637583333333347,0,0,386,-1
2168,-576452497266,2.133163417182085,2.9056969181721235,0.0025110597152711873,-0.0025130464815088255,-0.01566900806006368,0.004550220571622293,0,1576405,0.011,0.004418260499999968,-0.014706923100000062,0,-0.14947916666666672,0.05500833333333466,0,1,387,1
2169,-576452497256,2.1331900607622676,2.905669576667959,0.0023343393024021592,-0.002459128358225597,-0.018498745746633235,0.007058384008956129,0,1576416,0.011,0.007410310499999982,-0.018895793100000047,0,-0.1144791666666667,0.002508333333334667,0,0,387,-1
2170,-576452497246,2.1332125840505767,2.9056452921194116,0.0021652528179679628,-0.0023955586814619297,-0.0073018383195268335,0.002119234534054165,0,1576426,0.01,0.001426210499999971,-0.005730773100000052,0,-0.2019791666666667,0.002508333333334667,0,0,387,-1
2171,-576452497236,2.1332340027271783,2.905621479761998,0.0021126061072050534,-0.002368583520344615,0.007195342343698502,0.00623448038092592,0,1576436,0.01,0.00681190049999998,0.009229476899999934,0,-0.3332291666666667,0.14250833333333457,0,0,387,-1
2172,-576452497226,2.1332555518064855,2.905598077162777,0.0021944275655258164,-0.0023106833247390065,0.014226954373303614,0.003067409843300191,0,1576446,0.01,0.0026230304999999765,0.015213576899999946,0,-0.12322916666666671,-0.02374166666666533,0,0,387,-1
2173,-576452497216,2.133278323665114,2.905575087188655,0.0023548470678810022,-0.0022857104455106148,0.027162052000563153,-9.957304389837862e-4,0,1576456,0.01,-0.0015658395000000265,0.028977006899999953,0,-0.1407291666666667,-0.05874166666666536,0,0,387,-1
2174,-576452497206,2.134305218336962,2.9065455096251425,0.003043668532807319,-0.0018494984253935372,0.03819974655961708,-4.460295231340009e-4,0,1576466,0.01,-3.6901950000002077e-4,0.03974838689999995,0,-0.1319791666666667,0.05500833333333466,0,1,388,2
2175,-576452497196,2.1343376060721253,2.9065269039320722,0.003431989755869999,-0.0018678539387735895,0.04270649421349144,-0.010349262831587307,0,1576476,0.01,-0.011738809500000008,0.04333884689999994,0,-0.3594791666666667,0.03750833333333459,0,0,388,-1
2176,-576452497186,2.1343739296317357,2.906507730068742,0.0038384793218641995,-0.001967902036539245,0.028042497781180488,-0.007894388822236304,0,1576486,0.01,-0.007549939500000021,0.025984956899999946,0,-0.3507291666666667,0.04625833333333462,0,0,388,-1
2177,-576452497177,2.134413771045778,2.9064877203203623,0.004127417459095547,-0.0020368498359597895,0.03410979037114268,-7.702190306203491e-4,0,1576496,0.01,2.293904999999821e-4,0.03496110689999995,0,-0.28947916666666673,-0.09374166666666528,0,0,388,-1
