1,-576457033583,0.8999981694792809,3.150000122613342,-1.8629398582109522e-4,1.1014778872151017e-4,0,284587,0.026,0.004470122699999746,-0.007270681500000021,0,-0.29551666666666676,-0.055300000000000016,0,1,23,1
2,-576457033574,0.8999960926078476,3.150001746802364,-2.2908030082109546e-4,2.1469001572150756e-4,0,284597,0.01,0.01045422269999974,-0.004278631500000023,0,-0.006766666666666782,0.02344999999999997,0,0,23,-1
3,-576457033563,0.8999944460797112,3.150004230047987,-9.839997620372597e-5,2.8903174486215387e-4,0,284607,0.01,0.007462172699999743,0.013075258499999983,0,-0.15551666666666678,0.19845000000000002,0,1,24,2
4,-576457033553,0.8999939013064772,3.150008729749949,-6.497027037262893e-7,5.29095884562151e-4,0,284618,0.011,0.021824012699999742,0.008886388499999972,0,-0.2517666666666668,0.0847,0,0,24,-1
5,-576457033542,0.8999943690493751,3.1500144536584296,9.419828229627346e-5,6.156858115621485e-4,0,284628,0.01,0.008658992699999748,0.009484798499999975,0,-0.050516666666666765,0.10220000000000007,0,0,24,-1
6,-576457033533,0.8999961742386231,3.1500214623531804,2.6683956729627327e-4,7.86053138562146e-4,0,284638,0.01,0.017036732699999755,0.01726412849999998,0,0.03698333333333326,0.06719999999999993,0,0,24,-1
7,-576457033523,0.8999988979872211,3.1500293967882014,2.779101522962731e-4,8.008338655621435e-4,0,284648,0.01,0.001478072699999748,0.0011070584999999858,0,-0.015516666666666762,-0.09904999999999997,0,0,24,-1
8,-576457033514,0.9000016127596691,3.1500386758504924,2.6504433729627287e-4,0.001054978592562141,0,284658,0.01,0.02541447269999976,-0.0012865815000000257,0,-0.22551666666666678,-0.08155000000000001,0,0,24,-1
9,-576457033503,0.9000072032684527,3.1500431622552307,0.0,0.0,1,284668,0.01,0.01045422269999974,-6.881715000000228e-4,0,-0.14676666666666677,0.09345000000000003,0,1,25,1
10,-576457033493,0.9000064507678778,3.150043176317866,0.0,0.0,1,284678,0.01,2.8125269999974215e-4,-0.015050011500000024,0,-0.19051666666666678,0.02344999999999997,0,0,25,-1
11,-576457033483,0.9000059675518027,3.150043938393001,0.0,0.0,1,284688,0.01,0.015241502699999729,-0.009664321500000024,0,-0.006766666666666782,0.14595000000000002,0,0,25,-1
12,-576457033474,0.9000053822619419,3.150044531438255,0.0,0.0,1,284697,0.009,0.014643092699999744,-0.01445160150000002,0,-0.09426666666666678,-0.04654999999999998,0,0,25,-1
13,-576457033464,0.9000046596818669,3.15004487462639,0.0,0.0,1,284707,0.01,0.006863762699999757,-0.01445160150000002,0,-0.06801666666666678,-0.01154999999999995,0,0,25,-1
14,-576457033454,0.900004625273292,3.1500450382915246,0.0,0.0,1,284717,0.01,0.0032733026999997397,-6.881715000000228e-4,0,-0.06801666666666678,-0.13405,0,0,25,-1
15,-576457033441,0.900004770387717,3.1500460696511596,0.0,0.0,1,284727,0.01,0.020627192699999738,0.0029022884999999774,0,-0.14676666666666677,-0.09030000000000005,0,0,25,-1
16,-576457033434,0.9000043274248755,3.150048509561343,-1.9834278207333112e-4,6.277029328640177e-5,0,284737,0.01,0.006265352699999737,-0.01983729150000003,0,-0.2780166666666668,-0.11655000000000004,0,1,26,2
17,-576457033424,0.9000024891114797,3.1500496001344107,-1.6931989707333136e-4,1.5534432028639912e-4,0,284747,0.01,0.009257402699999735,0.0029022884999999774,0,-0.22551666666666678,-0.04654999999999998,0,0,26,-1
18,-576457033414,0.9000013299934341,3.1500515865272485,-6.250371207333154e-5,2.4193424728639662e-4,0,284757,0.01,0.008658992699999748,0.010681618499999981,0,-0.10301666666666677,-0.020299999999999985,0,0,26,-1
19,-576457033404,0.9000014484807384,3.1500543490578563,8.620117292666828e-5,3.105718742863942e-4,0,284767,0.01,0.006863762699999757,0.01487048849999998,0,0.010733333333333234,-0.0027999999999999137,0,0,26,-1
20,-576457033394,0.9000031437783926,3.1500574987597343,2.52858357926668e-4,3.1936850128639184e-4,0,284777,0.01,8.796626999997621e-4,0.016665718499999975,0,-0.015516666666666762,0.10220000000000007,0,0,26,-1
21,-576457033384,0.900005907237897,3.150061274996882,0.0,0.0,1,284787,0.01,0.011651042699999746,0.0046975184999999775,0,-0.19051666666666678,-0.02905000000000002,0,0,26,-1
22,-576457033374,0.900005783067822,3.150061588264517,0.0,0.0,1,284797,0.01,0.006265352699999737,-0.002483401500000023,0,-0.11176666666666678,-0.07279999999999998,0,0,26,-1
23,-576457033364,0.9000100068736302,3.15005325945856,0.0,0.0,1,284807,0.01,0.002076482699999768,0.008287978499999979,0,0.02823333333333322,-0.0027999999999999137,0,1,27,1
24,-576457033354,0.9000100921470552,3.1500539916131953,0.0,0.0,1,284817,0.01,0.014643092699999744,0.0017054684999999801,0,-0.18176666666666677,-0.037800000000000056,0,0,27,-1
25,-576457033344,0.9000098782154802,3.1500548135293305,0.0,0.0,1,284827,0.01,0.016438322699999734,-0.004278631500000023,0,-0.12051666666666677,-0.01154999999999995,0,0,27,-1
26,-576457033333,0.9000096343634052,3.1500554858429655,0.0,0.0,1,284837,0.01,0.013446272699999737,-0.0048770415000000174,0,-0.20801666666666677,0.04095000000000004,0,0,27,-1
27,-576457033321,0.9000096597958303,3.1500561880771003,0.0,0.0,1,284847,0.01,0.014044682699999757,5.086484999999744e-4,0,-0.15551666666666678,-0.23904999999999998,0,0,27,-1
28,-576457033314,0.9000095655462552,3.1500573690392355,0.0,0.0,1,284857,0.01,0.023619242699999734,-0.00188499150000002,0,-0.07676666666666676,0.014699999999999935,0,0,27,-1
29,-576457033304,0.9000092953192594,3.1500579620844897,-6.0050443500000155e-5,1.3178783429999768e-4,0,284866,0.009,0.014643092699999744,-0.0066722715000000175,0,-0.2780166666666668,-0.055300000000000016,0,0,27,-1
30,-576457033294,0.9000086696148355,3.150060752482297,-4.787784399822657e-5,3.9816246833564064e-4,0,284877,0.011,0.02421765269999972,0.0011070584999999858,0,-0.16426666666666678,0.04095000000000004,0,1,28,2
31,-576457033284,0.9000078273023205,3.1500653166591155,-1.2058465899822678e-4,5.146728953356381e-4,0,284887,0.01,0.011651042699999746,-0.007270681500000021,0,-0.17301666666666676,0.014699999999999935,0,0,28,-1
32,-576457033274,0.9000065571266556,3.1500707766557037,-1.3345047399822703e-4,5.773264223356354e-4,0,284897,0.01,0.006265352699999737,-0.0012865815000000257,0,-0.12926666666666675,-0.24780000000000002,0,0,28,-1
33,-576457033264,0.9000057267823406,3.1500774615975624,-3.261838899822716e-5,7.596619493356327e-4,0,284907,0.01,0.018233552699999725,0.010083208499999986,0,-0.1380166666666668,0.12844999999999995,0,0,28,-1
34,-576457033254,0.9000055756333756,3.1500852218821906,2.3885960017726386e-6,7.9239497633563e-4,0,284917,0.01,0.0032733026999997397,0.0035006984999999802,0,-0.2780166666666668,0.18094999999999994,0,0,28,-1
35,-576457033244,0.9000057446337606,3.150093608702089,3.141148100177242e-5,8.849690033356274e-4,0,284927,0.01,0.009257402699999735,0.0029022884999999774,0,-0.15551666666666678,0.15470000000000006,0,0,28,-1
36,-576457033233,0.9000110967502692,3.1500920011723337,1.2275791197156058e-4,8.211608181584764e-4,0,284937,0.01,-0.004506027300000247,0.008287978499999979,0,-0.2867666666666668,0.09345000000000003,0,1,29,1
37,-576457033223,0.9000127312871702,3.1501015940141968,1.7443061547156032e-4,9.229922478584735e-4,0,284948,0.011,0.009257402699999735,0.0046975184999999775,0,-0.05926666666666677,-0.09904999999999997,0,0,29,-1
38,-576457033213,0.90001483015125,3.1501108080788107,2.4534220047156015e-4,9.198206748584711e-4,0,284958,0.01,-3.171573000002437e-4,0.007091158499999981,0,-0.12926666666666675,-0.01154999999999995,0,0,29,-1
39,-576457033203,0.9000176381311796,3.1501201400301944,3.1625378547156e-4,9.465696018584686e-4,0,284968,0.01,0.002674892699999754,0.007091158499999981,0,-0.10301666666666677,-0.01154999999999995,0,0,29,-1
40,-576457033193,0.9000210056244593,3.150130008755348,3.572448704715598e-4,0.0010271754288584663,0,284978,0.01,0.008060582699999763,0.004099108499999983,0,-0.09426666666666678,0.0847,0,0,29,-1
41,-576457033183,0.900024184618589,3.1501409528232713,0.0,0.0,1,284988,0.01,0.013446272699999737,-0.007869091500000015,0,-0.1380166666666668,-0.09030000000000005,0,0,29,-1
42,-576457033172,0.900023910846014,3.1501415054549065,0.0,0.0,1,284998,0.01,0.01105263269999976,-0.005475451500000021,0,-0.03301666666666678,-0.055300000000000016,0,0,29,-1
43,-576457033162,0.900023493456507,3.150140720624838,0.0,0.0,1,285008,0.01,0.011651042699999746,-0.0012865815000000257,0,-0.12051666666666677,0.14595000000000002,0,1,30,2
44,-576457033153,0.900022920478932,3.150141422858973,0.0,0.0,1,285018,0.01,0.014044682699999757,-0.011459551500000024,0,-0.03301666666666678,0.0847,0,0,30,-1
45,-576457033144,0.9000226987231462,3.1501417008413624,0.0,0.0,1,285027,0.009,0.006863762699999757,-0.005475451500000021,0,-0.18176666666666677,-0.12529999999999997,0,0,30,-1
46,-576457033132,0.9000235619295712,3.1501425526779974,0.0,0.0,1,285037,0.01,0.017036732699999755,0.01726412849999998,0,-0.18176666666666677,-0.020299999999999985,0,0,30,-1
47,-576457033124,0.9000228692699962,3.1501433147531324,0.0,0.0,1,285047,0.01,0.015241502699999729,-0.013853191500000027,0,-0.21676666666666677,-0.14280000000000004,0,0,30,-1
48,-576457033114,0.9000230443049212,3.1501430894517672,0.0,0.0,1,285057,0.01,-0.004506027300000247,0.0035006984999999802,0,-0.24301666666666677,-0.11655000000000004,0,0,30,-1
49,-576457033105,0.9000230398168462,3.150143133434902,-8.976150000002851e-7,8.79662699999762e-6,0,285067,0.01,8.796626999997621e-4,-8.97615000000285e-5,0,-2.3780166666666664,0.14595000000000002,0,0,30,-1
50,-576457033094,0.9000272941769545,3.1501353855450307,1.1828855152697576e-4,6.457633870678381e-5,0,285077,0.01,0.005666942699999751,0.011878438499999979,0,-0.21676666666666677,0.02344999999999997,0,1,31,1
51,-576457033084,0.9000283828128948,3.150136254814553,9.943863652697556e-5,1.0927756570678127e-4,0,285087,0.01,0.004470122699999746,-0.00188499150000002,0,-0.29551666666666676,0.23344999999999994,0,0,31,-1
52,-576457033074,0.900029761677685,3.1501379600628447,1.763343215269753e-4,2.3177209270677858e-4,0,285097,0.01,0.012249452699999731,0.0076895684999999745,0,-0.10301666666666677,0.11094999999999988,0,0,31,-1
53,-576457033064,0.9000311315663252,3.150141099699907,9.764340652697513e-5,3.9615531970677595e-4,0,285107,0.01,0.016438322699999734,-0.007869091500000015,0,-0.3305166666666668,-0.01154999999999995,0,0,31,-1
54,-576457033049,0.9000323428763155,3.150145583964239,1.4461859152697492e-4,5.006975467067733e-4,0,285117,0.01,0.01045422269999974,0.0046975184999999775,0,-0.03301666666666678,0.04970000000000008,0,0,31,-1
55,-576457033044,0.9000336648921557,3.150151113650841,1.197845765269747e-4,6.052397737067707e-4,0,285127,0.01,0.01045422269999974,-0.002483401500000023,0,-0.2342666666666668,0.0059499999999999,0,0,31,-1
56,-576457033032,0.900034379521846,3.150157598998213,2.3141361526974455e-5,6.918297007067681e-4,0,285137,0.01,0.008658992699999748,-0.009664321500000024,0,-0.19051666666666678,0.014699999999999935,0,0,31,-1
57,-576457033024,0.900034276286461,3.150165133526285,-3.170806335381846e-5,8.618292615604447e-4,0,285147,0.01,0.017036732699999755,-0.005475451500000021,0,-0.3567666666666668,-0.1078,0,1,32,2
58,-576457033014,0.9000336555127525,3.1501746335760354,-9.244667835381869e-5,0.001038180688560442,0,285157,0.01,0.01763514269999974,-0.006073861500000023,0,-0.06801666666666678,-0.13405,0,0,32,-1
59,-576457033004,0.9000323375913939,3.150185687696556,-1.7113759335381885e-4,0.0011726434155604395,0,285167,0.01,0.013446272699999737,-0.007869091500000015,0,-0.11176666666666678,0.02344999999999997,0,0,32,-1
60,-576457032995,0.9000306967752929,3.1501973192446506,-1.9348820685381905e-4,0.0014121450498604375,0,285176,0.009,0.026611292699999768,-0.002483401500000023,0,-0.34801666666666675,0.10220000000000007,0,0,32,-1
61,-576457032985,0.9000286676436493,3.1502128011802846,-2.1233812185381926e-4,0.0016842420768604354,0,285186,0.01,0.027209702699999786,-0.00188499150000002,0,-0.18176666666666677,0.10220000000000007,0,0,32,-1
62,-576457032975,0.9000266594563557,3.150229807266188,-1.8929933685381942e-4,0.0017169751038604328,0,285196,0.01,0.0032733026999997397,0.002303878499999983,0,-0.16426666666666678,0.02344999999999997,0,0,32,-1
63,-576457032966,0.9000303759605477,3.150233529134423,-1.5738745926152092e-4,0.0017043773746984422,0,285205,0.009,0.002674892699999754,0.0017054684999999801,0,-0.19051666666666678,-0.020299999999999985,0,1,33,1
64,-576457032956,0.9000291566438801,3.150250676732305,-8.64758742615211e-5,0.0017251422016984399,0,285215,0.01,0.002076482699999768,0.007091158499999981,0,-0.18176666666666677,-0.08155000000000001,0,0,33,-1
65,-576457032946,0.9000286464430625,3.1502678524554573,0.0,0.0,1,285225,0.01,-0.0015139773000002494,0.007091158499999981,0,-0.07676666666666676,-0.06405000000000005,0,0,33,-1
66,-576457032936,0.9000290010009875,3.150267537392592,0.0,0.0,1,285235,0.01,-0.006301257300000238,0.007091158499999981,0,-0.09426666666666678,-0.07279999999999998,0,0,33,-1
67,-576457032925,0.9000287272284124,3.1502675215347273,-5.475451500000021e-5,-3.171573000002437e-6,0,285245,0.01,-3.171573000002437e-4,-0.005475451500000021,0,-0.2517666666666668,-0.07279999999999998,0,0,33,-1
68,-576457032916,0.9000282051156875,3.1502683416556323,-4.966803000000047e-5,1.6719575399999512e-4,0,285255,0.01,0.017036732699999755,5.086484999999744e-4,0,-0.20801666666666677,-0.11655000000000004,0,0,33,-1
69,-576457032907,0.9000271653783125,3.1502710150523074,-1.5827944500000076e-4,3.6748358099999263e-4,0,285265,0.01,0.02002878269999975,-0.010861141500000029,0,-0.16426666666666678,-0.16905000000000003,0,0,33,-1
70,-576457032896,0.9000230830048122,3.150264971113075,-1.3582857797041968e-4,4.458110968839466e-4,0,285275,0.01,0.008060582699999763,0.002303878499999983,0,-0.34801666666666675,0.04095000000000004,0,1,34,2
71,-576457032886,0.9000219595949575,3.1502701314581785,-8.88533929704199e-5,5.862579238839441e-4,0,285285,0.01,0.014044682699999757,0.0046975184999999775,0,-0.015516666666666762,-0.25655000000000006,0,0,34,-1
72,-576457032876,0.9000210366524528,3.1502766663510524,-9.573510797042012e-5,7.207206508839416e-4,0,285295,0.01,0.013446272699999737,-6.881715000000228e-4,0,0.01948333333333324,-0.055300000000000016,0,0,34,-1
73,-576457032866,0.900020882666798,3.1502854434861964,6.493797702957966e-5,0.0010347063778839392,0,285305,0.01,0.03139857269999975,0.016067308499999978,0,-0.21676666666666677,-0.20405000000000006,0,0,34,-1
74,-576457032856,0.9000218267634933,3.15029709119411,1.2388136202957939e-4,0.0012948352048839371,0,285315,0.01,0.02601288269999978,0.005894338499999974,0,-0.19051666666666678,-0.0027999999999999137,0,0,34,-1
75,-576457032846,0.9000230910095386,3.150311130746794,1.2896784702957914e-4,0.0015130753318839346,0,285325,0.01,0.021824012699999742,5.086484999999744e-4,0,-0.10301666666666677,-0.055300000000000016,0,0,34,-1
76,-576457032836,0.9000247950869339,3.1503267842112477,0.0,0.0,1,285335,0.01,0.01045422269999974,0.008287978499999979,0,-0.07676666666666676,0.0059499999999999,0,0,34,-1
77,-576457032825,0.9000323703641716,3.1503104611371424,0.0,0.0,1,285345,0.01,0.007462172699999743,5.086484999999744e-4,0,-0.04176666666666676,-0.02905000000000002,0,1,35,1
78,-576457032816,0.9000319170685966,3.1503103854382775,0.0,0.0,1,285355,0.01,-0.0015139773000002494,-0.00906591150000002,0,-0.22551666666666678,-0.01154999999999995,0,0,35,-1
79,-576457032806,0.9000318826600217,3.1503102798189127,-6.881715000000229e-6,-2.1123873000002354e-5,0,285365,0.01,-0.0021123873000002354,-6.881715000000228e-4,0,-0.32176666666666676,0.05844999999999989,0,0,35,-1
81,-576457032773,0.9000297822409218,3.1503084175669924,-2.659932450000007e-4,-1.710854190000069e-4,0,285385,0.01,-0.00809648730000023,-0.019238881500000027,0,-0.21676666666666677,-0.27405,0,0,35,-1
82,-576457032772,0.9000271178203968,3.1503069302189375,-2.66890860000001e-4,-1.2638419200000945e-4,0,285395,0.01,0.004470122699999746,-8.97615000000285e-5,0,0.01948333333333324,0.014699999999999935,0,0,35,-1
83,-576457032766,0.900027857367135,3.1503201310520597,-3.2647607367091336e-4,-1.0114962890854539e-4,0,285405,0.01,0.002076482699999768,-0.006073861500000023,0,-0.16426666666666678,0.02344999999999997,0,1,36,2
84,-576457032756,0.9000243786748232,3.1503192533004056,-3.6926238867091357e-4,-7.440070190854785e-5,0,285415,0.01,0.002674892699999754,-0.004278631500000023,0,-0.12926666666666675,-0.13405,0,0,36,-1
85,-576457032746,0.9000207114833616,3.1503193012890214,-3.641759036709138e-4,8.399842509144965e-5,0,285425,0.01,0.01583991269999975,5.086484999999744e-4,0,-0.2342666666666668,0.014699999999999935,0,0,36,-1
86,-576457032736,0.90001730460025,3.1503207836664076,0.0,0.0,1,285435,0.01,0.01284786269999975,0.0046975184999999775,0,0.001983333333333226,-0.1078,0,0,36,-1
87,-576457032725,0.900017389873675,3.1503216355030426,0.0,0.0,1,285445,0.01,0.017036732699999755,0.0017054684999999801,0,0.010733333333333234,0.014699999999999935,0,0,36,-1
88,-576457032716,0.9000169964190999,3.1503233550341774,0.0,0.0,1,285455,0.01,0.034390622699999755,-0.007869091500000015,0,0.07198333333333323,0.0847,0,0,36,-1
89,-576457032706,0.9000175005795249,3.1503251044858125,0.0,0.0,1,285465,0.01,0.03498903269999977,0.010083208499999986,0,-0.06801666666666678,0.04095000000000004,0,0,36,-1
90,-576457032696,0.9000324952692796,3.150294431684726,0.0,0.0,1,285475,0.01,0.02302083269999975,0.011878438499999979,0,-0.2342666666666668,0.12844999999999995,0,1,37,1
91,-576457032686,0.9000322813377046,3.150295253600861,0.0,0.0,1,285485,0.01,0.016438322699999734,-0.004278631500000023,0,-0.09426666666666678,0.014699999999999935,0,0,37,-1
92,-576457032676,0.9000326957366296,3.150295776311996,0.0,0.0,1,285495,0.01,0.01045422269999974,0.008287978499999979,0,-0.11176666666666678,-0.037800000000000056,0,0,37,-1
93,-576457032666,0.9000323322025546,3.150296089579631,0.0,0.0,1,285505,0.01,0.006265352699999737,-0.007270681500000021,0,-0.09426666666666678,-0.02905000000000002,0,0,37,-1
94,-576457032657,0.9000319407975339,3.150295325431005,0.0,0.0,1,285514,0.009,-0.018867867300000247,-0.009664321500000024,0,0.09823333333333323,-0.02905000000000002,0,0,37,-1
95,-576457032647,0.9000324449579589,3.15029453164014,0.0,0.0,1,285524,0.01,-0.01587581730000025,0.010083208499999986,0,-0.12051666666666677,-0.02905000000000002,0,0,37,-1
96,-576457032637,0.9000322609468838,3.150293588246775,0.0,0.0,1,285534,0.01,-0.018867867300000247,-0.00368022150000002,0,-0.09426666666666678,0.15470000000000006,0,0,37,-1
97,-576457032627,0.9000355234324137,3.1503052140610177,-8.365815169933473e-7,-2.004103554680202e-4,0,285544,0.01,-0.020064687300000255,-8.97615000000285e-5,0,-0.26926666666666677,-0.06405000000000005,0,1,38,2
98,-576457032616,0.9000357798630235,3.150302954735598,5.212270348300646e-5,-2.514547284680225e-4,0,285554,0.01,-0.005104437300000233,0.005295928499999981,0,-0.19051666666666678,0.0059499999999999,0,0,38,-1
99,-576457032606,0.9000368650914834,3.1503009030584486,1.649229884830063e-4,-1.5888070146802518e-4,0,285564,0.01,0.009257402699999735,0.011280028499999983,0,-0.1380166666666668,-0.01154999999999995,0,0,38,-1
100,-576457032597,0.9000386295152932,3.1503002558495687,1.8796177348300613e-4,2.9438925531972282e-5,0,285574,0.01,0.018831962699999746,0.002303878499999983,0,-0.09426666666666678,-0.04654999999999998,0,0,38,-1
101,-576457032587,0.9000404448039531,3.1503020004854587,1.7509595848300588e-4,3.194882525319701e-4,0,285584,0.01,0.029004932699999778,-0.0012865815000000257,0,-0.015516666666666762,-0.037800000000000056,0,0,38,-1
102,-576457032577,0.900042041672963,3.150307303865619,0.0,0.0,1,285594,0.01,0.04216995269999977,-0.003081811500000026,0,-0.24301666666666677,-0.037800000000000056,0,0,38,-1
103,-576457032566,0.900041917502888,3.150309232840254,0.0,0.0,1,285604,0.01,0.03857949269999976,-0.002483401500000023,0,-0.21676666666666677,0.06719999999999993,0,0,38,-1
104,-576457032556,0.9000476614414714,3.150297010790139,0.0,0.0,1,285614,0.01,0.026611292699999768,-0.007869091500000015,0,-0.18176666666666677,0.02344999999999997,0,1,39,1
105,-576457032546,0.9000473876688964,3.150298969685274,0.0,0.0,1,285624,0.01,0.039177902699999774,-0.005475451500000021,0,-0.006766666666666782,0.1372,0,0,39,-1
106,-576457032537,0.9000471737373213,3.150299761680909,0.0,0.0,1,285634,0.01,0.01583991269999975,-0.004278631500000023,0,-0.04176666666666676,0.032200000000000006,0,0,39,-1
107,-576457032527,0.9000476778977463,3.150299416697544,1.0083208499999986e-4,-6.899667300000225e-5,0,285644,0.01,-0.006899667300000224,0.010083208499999986,0,-0.2867666666666668,-0.15155000000000007,0,0,39,-1
108,-576457032517,0.9000491604585213,3.150297962860449,1.956800699999996e-4,-2.2177074600000487e-4,0,285654,0.01,-0.015277407300000264,0.009484798499999975,0,-0.21676666666666677,-0.12529999999999997,0,0,39,-1
109,-576457032504,0.9000515316581463,3.1502949812826238,2.785598549999994e-4,-3.745448190000075e-4,0,285664,0.01,-0.015277407300000264,0.008287978499999979,0,-0.1380166666666668,-0.04654999999999998,0,0,39,-1
110,-576457032497,0.9000543426891214,3.150291070374069,2.8364633999999916e-4,-4.076368920000099e-4,0,285674,0.01,-0.003309207300000241,5.086484999999744e-4,0,-0.14676666666666677,-0.17780000000000007,0,0,39,-1
111,-576457032487,0.9000559310530153,3.1502789096630552,4.078671386020634e-4,-5.804855923399049e-4,0,285684,0.01,-0.017072637300000255,0.012476848499999981,0,0.02823333333333322,-0.055300000000000016,0,1,40,2
112,-576457032477,0.9000608729308263,3.1502735377567666,0.0,0.0,1,285694,0.01,0.008658992699999748,0.01726412849999998,0,-0.1380166666666668,-0.1078,0,0,40,-1
113,-576457032467,0.9000611676477512,3.1502734620579016,0.0,0.0,1,285704,0.01,-0.0015139773000002494,0.005894338499999974,0,-0.09426666666666678,-0.0027999999999999137,0,0,40,-1
114,-576457032457,0.9000613426826762,3.150274643020037,0.0,0.0,1,285714,0.01,0.023619242699999734,0.0035006984999999802,0,-0.14676666666666677,-0.14280000000000004,0,0,40,-1
115,-576457032447,0.9000609193076012,3.150276392471672,0.0,0.0,1,285724,0.01,0.03498903269999977,-0.008467501500000018,0,-0.12051666666666677,0.1372,0,0,40,-1
116,-576457032437,0.9000604959325262,3.1502781120028067,0.0,0.0,1,285734,0.01,0.034390622699999755,-0.008467501500000018,0,-0.21676666666666677,-0.037800000000000056,0,0,40,-1
117,-576457032427,0.900069703740803,3.150259702738121,0.0,0.0,1,285744,0.01,0.034390622699999755,0.0017054684999999801,0,-0.17301666666666676,-0.12529999999999997,0,1,41,1
118,-576457032416,0.900069041001728,3.1502610931437562,0.0,0.0,1,285754,0.01,0.027808112699999773,-0.013254781500000024,0,-0.04176666666666676,0.07594999999999996,0,0,41,-1
119,-576457032407,0.900069036513653,3.1502615560138914,0.0,0.0,1,285764,0.01,0.009257402699999735,-8.97615000000285e-5,0,-0.12926666666666675,-0.0027999999999999137,0,0,41,-1
120,-576457032396,0.900069181628078,3.1502619590430263,0.0,0.0,1,285774,0.01,0.008060582699999763,0.0029022884999999774,0,-0.14676666666666677,-0.16905000000000003,0,0,41,-1
121,-576457032388,0.900068608650503,3.1502619431851615,0.0,0.0,1,285784,0.01,-3.171573000002437e-4,-0.011459551500000024,0,0.03698333333333326,0.0059499999999999,0,0,41,-1
122,-576457032377,0.900068544321428,3.1502616281222964,0.0,0.0,1,285794,0.01,-0.006301257300000238,-0.0012865815000000257,0,-0.19051666666666678,0.014699999999999935,0,0,41,-1
123,-576457032367,0.9000699120682549,3.1502667208730233,0.0,0.0,1,285804,0.01,-0.024851967300000243,-0.005475451500000021,0,-0.12051666666666677,-0.12529999999999997,0,1,42,2
124,-576457032357,0.9000699075801799,3.1502659869231584,-8.976150000002851e-7,-1.467899730000028e-4,0,285814,0.01,-0.014678997300000279,-8.97615000000285e-5,0,-0.32176666666666676,-0.1603,0,0,42,-1
125,-576457032347,0.9000700437184549,3.1502639645965633,2.812526999999949e-5,-2.576753460000051e-4,0,285824,0.01,-0.011088537300000227,0.0029022884999999774,0,-0.19926666666666676,-0.0027999999999999137,0,0,42,-1
126,-576457032337,0.9000709188930799,3.1502617908722383,1.4690965499999928e-4,-1.7706951900000743e-4,0,285834,0.01,0.008060582699999763,0.011878438499999979,0,-0.19051666666666678,-0.09904999999999997,0,0,42,-1
127,-576457032327,0.9000722937400548,3.1502606924906833,1.2805973999999908e-4,-4.2606792000010054e-5,0,285844,0.01,0.013446272699999737,-0.00188499150000002,0,-0.10301666666666677,-0.07279999999999998,0,0,42,-1
128,-576457032315,0.9000738092133799,3.150261716669398,1.7503492499999887e-4,2.4744253499998773e-4,0,285854,0.01,0.029004932699999778,0.0046975184999999775,0,-0.17301666666666676,-0.07279999999999998,0,0,42,-1
129,-576457032307,0.9000761534845548,3.150266658638383,0.0,0.0,1,285864,0.01,0.04935087269999974,0.011878438499999979,0,-0.05926666666666677,-0.09904999999999997,0,0,42,-1
130,-576457032297,0.9000765678834798,3.150268826977018,8.287978499999978e-5,4.3366772699999747e-4,0,285874,0.01,0.043366772699999744,0.008287978499999979,0,1.9882333333333333,0.0847,0,0,42,-1
131,-576457032287,0.9000865924664039,3.1502541908395814,6.454121919989226e-5,7.345528179186179e-4,0,285884,0.01,0.030201752699999782,-0.00188499150000002,0,-0.09426666666666678,-0.020299999999999985,0,1,43,1
132,-576457032277,0.9000870538675209,3.1502633157398954,2.773900419989206e-5,0.0010904272449186155,0,285894,0.01,0.035587442699999756,-0.00368022150000002,0,-0.07676666666666676,-0.22155000000000002,0,0,43,-1
133,-576457032267,0.9000870275644879,3.1502753112129795,-3.299961080010817e-5,0.001308667371918613,0,285904,0.01,0.021824012699999742,-0.006073861500000023,0,-0.16426666666666678,-0.09904999999999997,0,0,43,-1
134,-576457032257,0.9000859151473048,3.150288471790334,-1.8948382580010836e-4,0.0013234480989186106,0,285914,0.01,0.001478072699999748,-0.01564842150000002,0,-0.006766666666666782,0.06719999999999993,0,0,43,-1
135,-576457032247,0.9000832079674719,3.1503015108904586,0.0,0.0,1,285924,0.01,-0.003907617300000227,-0.01624683150000002,0,-0.006766666666666782,0.04095000000000004,0,0,43,-1
136,-576457032237,0.9000826050693969,3.1503004777355934,0.0,0.0,1,285934,0.01,-0.020663097300000273,-0.012057961500000026,0,-0.04176666666666676,-0.11655000000000004,0,0,43,-1
137,-576457032226,0.9000819423303219,3.1502994745012285,0.0,0.0,1,285944,0.01,-0.020064687300000255,-0.013254781500000024,0,-0.19926666666666676,-0.08155000000000001,0,0,43,-1
138,-576457032217,0.9000819261072991,3.1502977849047595,0.0,0.0,1,285954,0.01,-0.02365514730000027,0.002303878499999983,0,-0.22551666666666678,-0.09030000000000005,0,1,44,2
139,-576457032206,0.9000817121757241,3.1502969013523945,0.0,0.0,1,285964,0.01,-0.017671047300000277,-0.004278631500000023,0,-0.19926666666666676,0.07594999999999996,0,0,44,-1
140,-576457032197,0.9000820068926491,3.1502976335070296,0.0,0.0,1,285974,0.01,0.014643092699999744,0.005894338499999974,0,-0.20801666666666677,-0.01154999999999995,0,0,44,-1
141,-576457032187,0.9000822417685741,3.150298455423165,0.0,0.0,1,285984,0.01,0.016438322699999734,0.0046975184999999775,0,-0.08551666666666677,0.12844999999999995,0,0,44,-1
142,-576457032177,0.9000836435439991,3.1502990678957996,0.0,0.0,1,285994,0.01,0.012249452699999731,0.02803550849999998,0,0.02823333333333322,-0.08155000000000001,0,0,44,-1
143,-576457032166,0.900084656352924,3.1503007275859347,2.025617849999998e-4,3.319380269999978e-4,0,286004,0.01,0.03319380269999978,0.02025617849999998,0,-0.2605166666666668,0.05844999999999989,0,0,44,-1
144,-576457032157,0.9001039629766487,3.1502694941112463,3.6412611597118046e-4,6.798545627655128e-4,0,286014,0.01,0.03498903269999977,0.016067308499999978,0,-0.34801666666666675,-0.06405000000000005,0,1,45,1
145,-576457032147,0.9001078091932334,3.150277922426509,4.0511720097118027e-4,0.0010058084897655104,0,286024,0.01,0.03259539269999976,0.004099108499999983,0,-0.19051666666666678,-0.07279999999999998,0,0,45,-1
146,-576457032137,0.9001117960361682,3.1502891315530417,3.9225138597118e-4,0.001236016816765508,0,286034,0.01,0.02302083269999975,-0.0012865815000000257,0,-0.09426666666666678,-0.037800000000000056,0,0,45,-1
147,-576457032127,0.900115175492953,3.150302553001344,2.8363997097117973e-4,0.0014482728437655054,0,286044,0.01,0.021225602699999725,-0.010861141500000029,0,-2.4567666666666668,-0.18655,0,0,45,-1
148,-576457032117,0.9001175585970876,3.150316989951417,1.9298085597117953e-4,0.001439117170765503,0,286054,0.01,-9.155673000002296e-4,-0.00906591150000002,0,0.001983333333333226,0.04095000000000004,0,0,45,-1
149,-576457032106,0.9001187957460723,3.1503311558217595,5.444894097117925e-5,0.0013940568977655005,0,286064,0.01,-0.004506027300000247,-0.013853191500000027,0,-0.26926666666666677,0.14595000000000002,0,0,45,-1
150,-576457032097,0.900118916860407,3.150344242758872,-3.0226074028820934e-5,0.0012233305247654979,0,286074,0.01,-0.017072637300000255,-0.008467501500000018,0,-0.20801666666666677,0.032200000000000006,0,0,45,-1
151,-576457032087,0.9001196667428073,3.150362906532073,-1.7330625306522166e-4,0.0011479289264255427,0,286084,0.01,-0.00809648730000023,-0.01445160150000002,0,-0.12926666666666675,-0.055300000000000016,0,1,46,2
152,-576457032077,0.9001177496692016,3.1503738912354717,-2.1010846806522186e-4,0.0010490117534255406,0,286094,0.01,-0.009891717300000222,-0.00368022150000002,0,-0.24301666666666677,-0.15155000000000007,0,0,46,-1
153,-576457032067,0.9001155842554459,3.150384365495141,-2.229742830652221e-4,0.0010458401804255381,0,286104,0.01,-3.171573000002437e-4,-0.0012865815000000257,0,-0.05926666666666677,-0.037800000000000056,0,0,46,-1
154,-576457032057,0.9001138287525402,3.15039486788008,0.0,0.0,1,286114,0.01,8.796626999997621e-4,0.009484798499999975,0,-0.04176666666666676,0.06719999999999993,0,0,46,-1
155,-576457032047,0.9001144525949653,3.1503956000347153,0.0,0.0,1,286124,0.01,0.014643092699999744,0.012476848499999981,0,-0.08551666666666677,-0.1078,0,0,46,-1
156,-576457032037,0.9001151661988902,3.1503969006788504,0.0,0.0,1,286134,0.01,0.02601288269999978,0.014272078499999981,0,0.001983333333333226,0.04095000000000004,0,0,46,-1
157,-576457032026,0.9001162089283152,3.1503982312434853,0.0,0.0,1,286144,0.01,0.026611292699999768,0.02085458849999998,0,-0.22551666666666678,0.0059499999999999,0,0,46,-1
158,-576457032017,0.9001263379598156,3.1503790146545634,0.0,0.0,1,286154,0.01,0.034390622699999755,0.012476848499999981,0,-0.12926666666666675,-0.09030000000000005,0,1,47,1
159,-576457032006,0.9001266326767405,3.1503811231521985,0.0,0.0,1,286164,0.01,0.04216995269999977,0.005894338499999974,0,-0.14676666666666677,0.02344999999999997,0,0,47,-1
160,-576457031997,0.9001266880296656,3.1503828726038337,0.0,0.0,1,286174,0.01,0.03498903269999977,0.0011070584999999858,0,-0.08551666666666677,0.02344999999999997,0,0,47,-1
161,-576457031987,0.9001261150520905,3.1503842630094687,0.0,0.0,1,286184,0.01,0.027808112699999773,-0.011459551500000024,0,-0.14676666666666677,-0.09904999999999997,0,0,47,-1
162,-576457031978,0.9001255420745155,3.1503850550051036,0.0,0.0,1,286194,0.01,0.01583991269999975,-0.011459551500000024,0,-0.24301666666666677,-0.055300000000000016,0,0,47,-1
163,-576457031966,0.9001247297329404,3.1503850391472388,0.0,0.0,1,286204,0.01,-3.171573000002437e-4,-0.01624683150000002,0,-0.18176666666666677,0.0059499999999999,0,0,47,-1
164,-576457031956,0.9001265174810239,3.150394474757201,0.0,0.0,1,286214,0.01,-0.009293307300000235,-0.01564842150000002,0,-0.02426666666666677,0.04095000000000004,0,1,48,2
165,-576457031947,0.9001261838674489,3.150393740807336,0.0,0.0,1,286224,0.01,-0.014678997300000279,-0.0066722715000000175,0,-0.16426666666666678,0.0847,0,0,48,-1
166,-576457031937,0.9001265384253739,3.1503931863804713,0.0,0.0,1,286234,0.01,-0.011088537300000227,0.007091158499999981,0,-0.05926666666666677,0.04970000000000008,0,0,48,-1
167,-576457031927,0.9001270425857989,3.1503926319536064,0.0,0.0,1,286244,0.01,-0.011088537300000227,0.010083208499999986,0,0.001983333333333226,0.04095000000000004,0,0,48,-1
168,-576457031917,0.9001274270642239,3.1503929153007415,0.0,0.0,1,286254,0.01,0.005666942699999751,0.0076895684999999745,0,0.001983333333333226,-0.0027999999999999137,0,0,48,-1
169,-576457031905,0.9001282304296488,3.1503932884093766,0.0,0.0,1,286264,0.01,0.007462172699999743,0.016067308499999978,0,-0.19051666666666678,0.11094999999999988,0,0,48,-1
170,-576457031897,0.9001287046695738,3.1503933024720117,0.0,0.0,1,286274,0.01,2.8125269999974215e-4,0.009484798499999975,0,-0.006766666666666782,0.0847,0,0,48,-1
171,-576457031887,0.900141503379897,3.150366023160141,0.0,0.0,1,286284,0.01,0.021824012699999742,-0.00188499150000002,0,-0.1380166666666668,0.05844999999999989,0,1,49,1
172,-576457031877,0.9001422169838219,3.1503681017372758,0.0,0.0,1,286294,0.01,0.041571542699999756,0.014272078499999981,0,-0.16426666666666678,-0.055300000000000016,0,0,49,-1
173,-576457031867,0.9001429305877469,3.1503701803144106,0.0,0.0,1,286304,0.01,0.041571542699999756,0.014272078499999981,0,0.03698333333333326,-0.020299999999999985,0,0,49,-1
174,-576457031857,0.9001422379281718,3.1503716305610454,0.0,0.0,1,286314,0.01,0.029004932699999778,-0.013853191500000027,0,-0.07676666666666676,-0.08155000000000001,0,0,49,-1
175,-576457031846,0.9001420239965968,3.1503722430336802,0.0,0.0,1,286324,0.01,0.012249452699999731,-0.004278631500000023,0,-0.12926666666666675,-0.0027999999999999137,0,0,49,-1
176,-576457031837,0.9001415407805218,3.150372735824315,0.0,0.0,1,286334,0.01,0.009855812699999755,-0.009664321500000024,0,-0.11176666666666678,0.0059499999999999,0,0,49,-1
177,-576457031826,0.9001409378824468,3.15037289948945,0.0,0.0,1,286344,0.01,0.0032733026999997397,-0.012057961500000026,0,-0.07676666666666676,-0.02905000000000002,0,0,49,-1
178,-576457031816,0.9001421029341126,3.150376872137398,0.0,0.0,1,286355,0.011,-0.011088537300000227,-6.881715000000228e-4,0,-0.14676666666666677,-0.07279999999999998,0,1,50,2
179,-576457031803,0.9001412008310375,3.150376646836033,0.0,0.0,1,286365,0.01,-0.004506027300000247,-0.018042061500000022,0,-0.1380166666666668,-0.04654999999999998,0,0,50,-1
180,-576457031796,0.9001404483304626,3.1503760624886676,0.0,0.0,1,286375,0.01,-0.011686947300000246,-0.015050011500000024,0,-0.1380166666666668,-0.13405,0,0,50,-1
181,-576457031787,0.9001406832063876,3.1503749694928027,0.0,0.0,1,286385,0.01,-0.021859917300000246,0.0046975184999999775,0,-0.18176666666666677,0.04970000000000008,0,0,50,-1
182,-576457031776,0.9001407086388127,3.1503740859404377,0.0,0.0,1,286395,0.01,-0.017671047300000277,5.086484999999744e-4,0,-0.15551666666666678,0.0847,0,0,50,-1
183,-576457031766,0.9001411230377376,3.1503740401620726,0.0,0.0,1,286405,0.01,-9.155673000002296e-4,0.008287978499999979,0,-0.16426666666666678,0.014699999999999935,0,0,50,-1
184,-576457031755,0.9001414775956627,3.1503750116807074,0.0,0.0,1,286415,0.01,0.019430372699999733,0.007091158499999981,0,-0.16426666666666678,0.07594999999999996,0,0,50,-1
185,-576457031745,0.9001525124039692,3.1503522710370007,0.0,0.0,1,286425,0.01,0.013446272699999737,0.0076895684999999745,0,-0.22551666666666678,0.12844999999999995,0,1,51,1
186,-576457031736,0.9001530764053942,3.1503538110451355,0.0,0.0,1,286435,0.01,0.03080016269999977,0.011280028499999983,0,0.001983333333333226,-0.07279999999999998,0,0,51,-1
187,-576457031726,0.9001533112813193,3.1503559195427706,0.0,0.0,1,286445,0.01,0.04216995269999977,0.0046975184999999775,0,-0.15551666666666678,0.1372,0,0,51,-1
188,-576457031716,0.9001539351237443,3.1503578185969054,1.247684849999998e-4,3.7981082699999774e-4,0,286455,0.01,0.03798108269999977,0.012476848499999981,0,-0.32176666666666676,-0.04654999999999998,0,0,51,-1
189,-576457031706,0.9001548791155193,3.1503631567133104,6.402986999999957e-5,6.878124539999955e-4,0,286465,0.01,0.03080016269999977,-0.006073861500000023,0,-0.10301666666666677,0.14595000000000002,0,0,51,-1
190,-576457031696,0.9001557542901443,3.1503709165949854,1.1100505499999935e-4,8.641638809999928e-4,0,286475,0.01,0.01763514269999974,0.0046975184999999775,0,-0.11176666666666678,-0.15155000000000007,0,0,51,-1
191,-576457031685,0.9001547207566836,3.1503715720297314,1.2769405239130804e-4,9.792573727346475e-4,0,286485,0.01,0.011651042699999746,0.0017054684999999801,0,-0.12926666666666675,-0.08155000000000001,0,1,52,2
192,-576457031674,0.9001547664686325,3.150381348745594,-1.1855166260869217e-4,9.760857997346451e-4,0,286495,0.01,-3.171573000002437e-4,-0.02462457150000002,0,-0.2342666666666668,-0.020299999999999985,0,0,52,-1
193,-576457031665,0.9001534268614314,3.1503909740637264,0.0,0.0,1,286505,0.01,-0.002710797300000255,-0.003081811500000026,0,-0.07676666666666676,-0.18655,0,0,52,-1
194,-576457031656,0.9001529436453564,3.1503906590008612,0.0,0.0,1,286515,0.01,-0.006301257300000238,-0.009664321500000024,0,-0.18176666666666677,0.07594999999999996,0,0,52,-1
195,-576457031646,0.9001518320987814,3.150389954971496,0.0,0.0,1,286525,0.01,-0.01408058730000026,-0.022230931500000023,0,-0.1380166666666668,0.1721999999999999,0,0,52,-1
196,-576457031637,0.9001511256308956,3.1503895785925504,0.0,0.0,1,286534,0.009,-0.009293307300000235,-0.017443651500000018,0,-0.14676666666666677,0.04970000000000008,0,0,52,-1
197,-576457031627,0.9001509416198206,3.1503889044836852,0.0,0.0,1,286544,0.01,-0.013482177300000273,-0.00368022150000002,0,-0.14676666666666677,0.09345000000000003,0,0,52,-1
198,-576457031617,0.9001609073559609,3.15036800570598,0.0,0.0,1,286554,0.01,0.006863762699999757,0.005894338499999974,0,-0.16426666666666678,0.02344999999999997,0,1,53,1
199,-576457031607,0.9001617705623859,3.150369037065615,0.0,0.0,1,286564,0.01,0.020627192699999738,0.01726412849999998,0,-0.17301666666666676,-0.18655,0,0,53,-1
200,-576457031596,0.9001631424173109,3.15037000858425,0.0,0.0,1,286574,0.01,0.019430372699999733,0.02743709849999998,0,-0.16426666666666678,-0.04654999999999998,0,0,53,-1
201,-576457031587,0.9001640953852359,3.1503717281153847,0.0,0.0,1,286584,0.01,0.034390622699999755,0.019059358499999977,0,-0.24301666666666677,-0.055300000000000016,0,0,53,-1
202,-576457031578,0.9001645995456609,3.1503730586800196,0.0,0.0,1,286594,0.01,0.026611292699999768,0.010083208499999986,0,-0.12926666666666675,-0.07279999999999998,0,0,53,-1
203,-576457031568,0.9001648942625858,3.1503746286086547,0.0,0.0,1,286604,0.01,0.03139857269999975,0.005894338499999974,0,-0.21676666666666677,-0.20405000000000006,0,0,53,-1
204,-576457031556,0.9001644708875108,3.1503756898887896,0.0,0.0,1,286614,0.01,0.021225602699999725,-0.008467501500000018,0,-0.12051666666666677,-0.02905000000000002,0,0,53,-1
205,-576457031546,0.9001614516468671,3.1503681011036244,0.0,0.0,1,286625,0.011,0.01763514269999974,-0.01265637150000002,0,-0.15551666666666678,0.09345000000000003,0,1,54,2
206,-576457031536,0.9001607589872921,3.1503684742122595,0.0,0.0,1,286635,0.01,0.007462172699999743,-0.013853191500000027,0,-0.06801666666666678,-0.020299999999999985,0,0,54,-1
207,-576457031526,0.9001594679177171,3.1503684882748946,-2.582139150000002e-4,2.8125269999974215e-6,0,286645,0.01,2.8125269999974215e-4,-0.025821391500000023,0,-0.26926666666666677,-0.0027999999999999137,0,0,54,-1
209,-576457031492,0.9001521891128013,3.150369055947565,-5.675021235000007e-4,8.754738299992707e-6,0,286664,0.01,-0.004506027300000247,-0.022230931500000023,0,-0.1380166666666668,-0.07279999999999998,0,0,54,-1
210,-576457031492,0.9001459111934912,3.150368918193583,-6.88081738500001e-4,-3.6305534700009765e-5,0,286674,0.01,-0.004506027300000247,-0.012057961500000026,0,-0.05926666666666677,-0.1078,0,0,54,-1
211,-576457031487,0.9001389361265312,3.1503687487238707,-7.069316535000011e-4,2.411592299987832e-6,0,286684,0.01,0.0038717126999997594,-0.00188499150000002,0,0.03698333333333326,-0.1078,0,0,54,-1
212,-576457031477,0.9001493548538565,3.1503316760311413,0.0,0.0,1,286694,0.01,-0.0057028473000002525,0.014272078499999981,0,-0.12051666666666677,0.10220000000000007,0,1,55,1
213,-576457031468,0.9001504275037815,3.1503316003322763,2.1452998499999976e-4,-1.5139773000002493e-5,0,286704,0.01,-0.0015139773000002494,0.021452998499999976,0,-0.3305166666666668,-0.08155000000000001,0,0,55,-1
214,-576457031457,0.9001532564870565,3.1503318220431815,3.512666699999995e-4,5.948195399999493e-5,0,286714,0.01,0.007462172699999743,0.013673668499999979,0,-0.02426666666666677,0.04095000000000004,0,0,55,-1
215,-576457031447,0.9001583504521814,3.1503334482223564,6.675263549999993e-4,2.6575388099999233e-4,0,286724,0.01,0.020627192699999738,0.03162596849999998,0,-0.17301666666666676,-0.055300000000000016,0,0,55,-1
216,-576457031437,0.9001664873321564,3.150337346564301,9.598496399999992e-4,5.139145079999898e-4,0,286734,0.01,0.024816062699999742,0.02923232849999998,0,-0.006766666666666782,0.032200000000000006,0,0,55,-1
217,-576457031427,0.9001764703069814,3.1503437265125163,0.0010367453249999989,7.620751349999872e-4,0,286744,0.01,0.024816062699999742,0.0076895684999999745,0,0.010733333333333234,0.032200000000000006,0,0,55,-1
218,-576457031417,0.900184427492851,3.1503443653531242,0.0010171193620977397,0.0011388791355903018,0,286754,0.01,0.03798108269999977,-0.00188499150000002,0,-0.2605166666666668,-0.020299999999999985,0,1,56,2
219,-576457031398,0.900193995788397,3.150356426458115,8.965397470977395e-4,0.0012733418625902992,0,286764,0.01,0.013446272699999737,-0.012057961500000026,0,-0.19051666666666678,0.014699999999999935,0,0,56,-1
220,-576457031394,0.9002012811497929,3.1503697723493755,5.605325320977392e-4,0.0013958363895902966,0,286774,0.01,0.012249452699999731,-0.03360072150000003,0,0.010733333333333234,-0.07279999999999998,0,0,56,-1
221,-576457031387,0.900205445803039,3.1503835353324066,2.72398117097739e-4,0.0013567602165902944,0,286784,0.01,-0.003907617300000227,-0.028813441500000023,0,0.010733333333333234,-0.23030000000000006,0,0,56,-1
222,-576457031377,0.9002069385556349,3.1503966382692075,2.6152402097738775e-5,0.001263827143590292,0,286794,0.01,-0.009293307300000235,-0.02462457150000002,0,-0.1380166666666668,0.0059499999999999,0,0,56,-1
223,-576457031366,0.9002060286920809,3.1504090512392784,-2.0812511290226144e-4,0.0012187668705902893,0,286804,0.01,-0.004506027300000247,-0.02342775150000002,0,-0.2867666666666668,-0.2128,0,0,56,-1
224,-576457031356,0.9002028059738769,3.1504212529706193,-4.364185279022617e-4,0.0012215793975902868,0,286814,0.01,2.8125269999974215e-4,-0.022829341500000027,0,-0.050516666666666765,-0.055300000000000016,0,0,56,-1
225,-576457031346,0.9002094355547537,3.1504091958746208,-4.46572763119401e-4,0.0012158205291293142,0,286824,0.01,0.002674892699999754,-0.002483401500000023,0,-0.07676666666666676,-0.09030000000000005,0,1,57,1
226,-576457031337,0.9002052645440475,3.150422505121547,-3.8762937811940125e-4,0.0014460288561293118,0,286834,0.01,0.02302083269999975,0.005894338499999974,0,-0.09426666666666678,0.10220000000000007,0,0,57,-1
227,-576457031328,0.9002019661291437,3.1504363063113465,-3.4535171161940146e-4,0.0016209022104293094,0,286843,0.009,0.019430372699999733,0.0046975184999999775,0,-0.29551666666666676,0.06719999999999993,0,0,57,-1
228,-576457031318,0.9001997947054525,3.150453786057086,-8.893302661940164e-5,0.001875046937429307,0,286853,0.01,0.02541447269999976,0.02564186849999998,0,-0.1380166666666668,0.11969999999999992,0,0,57,-1
229,-576457031308,0.9002003969121113,3.1504739568525952,2.0937435838059817e-4,0.0021591121644293047,0,286863,0.01,0.02840652269999976,0.029830738499999978,0,-0.06801666666666678,-0.037800000000000056,0,0,57,-1
230,-576457031299,0.900203804489111,3.1504947089754793,5.47864974880598e-4,0.0024524706987293027,0,286872,0.009,0.03259539269999976,0.03761006849999998,0,0.06323333333333325,-0.07279999999999998,0,0,57,-1
231,-576457031289,0.9002098172197848,3.1505204744856017,6.546811598805979e-4,0.0027006313257293,0,286882,0.01,0.024816062699999742,0.010681618499999981,0,-0.11176666666666678,-0.14280000000000004,0,0,57,-1
232,-576457031278,0.9002163004790174,3.1505434522695657,0.0,0.0,1,286892,0.01,0.020627192699999738,0.025043458499999977,0,0.05448333333333322,-0.09030000000000005,0,1,58,2
233,-576457031269,0.9002171936059423,3.150544184424201,1.786253849999998e-4,1.4643092699999745e-4,0,286902,0.01,0.014643092699999744,0.01786253849999998,0,2.0057333333333336,0.05844999999999989,0,0,58,-1
234,-576457031259,0.9002189454512173,3.1505456029551056,1.7174366999999957e-4,1.3727525399999515e-4,0,286912,0.01,-9.155673000002296e-4,-6.881715000000228e-4,0,-0.20801666666666677,-0.06405000000000005,0,0,58,-1
235,-576457031249,0.9002202694333422,3.1505468102472807,9.305275499999941e-5,1.0418318099999273e-4,0,286922,0.01,-0.003309207300000241,-0.007869091500000015,0,-0.2780166666666668,0.11969999999999992,0,0,58,-1
236,-576457031239,0.9002203576988173,3.1505474472547257,-7.539966000000083e-5,2.3218307999990428e-5,0,286932,0.01,-0.00809648730000023,-0.016845241500000024,0,-0.17301666666666676,-0.02905000000000002,0,0,58,-1
237,-576457031229,0.9002184023941422,3.1505466762034406,-3.15661275000001e-4,-1.7742856500001212e-4,0,286942,0.01,-0.020064687300000255,-0.024026161500000014,0,-0.17301666666666676,-0.055300000000000016,0,0,58,-1
238,-576457031219,0.9002234011138611,3.1505228976508164,-5.597370757037257e-4,-4.6067512537487424e-4,0,286952,0.01,-0.02784401730000024,-0.02462457150000002,0,-0.04176666666666676,-0.12529999999999997,0,1,59,1
239,-576457031209,0.9002172606860291,3.1505181254391976,-6.68348490703726e-4,-4.937671983748766e-4,0,286962,0.01,-0.003309207300000241,-0.010861141500000029,0,-0.04176666666666676,0.0059499999999999,0,0,59,-1
240,-576457031199,0.900209884541547,3.1505138002398487,0.0,0.0,1,286972,0.01,0.012249452699999731,-0.013853191500000027,0,-0.22551666666666678,0.05844999999999989,0,0,59,-1
241,-576457031187,0.900209311563972,3.1505142930304837,0.0,0.0,1,286982,0.01,0.009855812699999755,-0.011459551500000024,0,-0.006766666666666782,0.1721999999999999,0,0,59,-1
242,-576457031179,0.900209815724397,3.150515862959119,0.0,0.0,1,286992,0.01,0.03139857269999975,0.010083208499999986,0,0.04573333333333324,0.04095000000000004,0,0,59,-1
243,-576457031169,0.900210858453822,3.1505173730467537,0.0,0.0,1,287002,0.01,0.030201752699999782,0.02085458849999998,0,-0.2342666666666668,0.06719999999999993,0,0,59,-1
244,-576457031158,0.9002118712627469,3.1505189130548885,0.0,0.0,1,287012,0.01,0.03080016269999977,0.02025617849999998,0,-0.24301666666666677,-0.15155000000000007,0,0,59,-1
245,-576457031149,0.9002174940855314,3.15053990163049,0.0,0.0,1,287022,0.01,0.04037472269999975,0.013673668499999979,0,-0.10301666666666677,0.1372,0,1,60,2
246,-576457031107,0.9002185068944564,3.150541022751625,0.0,0.0,1,287032,0.01,0.02242242269999973,0.02025617849999998,0,-0.12051666666666677,0.032200000000000006,0,0,60,-1
249,-576457031104,0.9002201899225813,3.1505405844163,8.796626999999952e-5,-1.2004104600000457e-4,0,287062,0.01,-0.003907617300000227,5.086484999999744e-4,0,-0.18176666666666677,0.05844999999999989,0,0,60,-1
250,-576457031099,0.9002204367667064,3.150538859499475,-3.8597445000000685e-5,-2.24942319000007e-4,0,287072,0.01,-0.010490127300000242,-0.01265637150000002,0,1.9269833333333335,-0.08155000000000001,0,0,60,-1
251,-576457031089,0.9002188494841814,3.15053677374142,-2.7885906000000085e-4,-1.922092920000096e-4,0,287082,0.01,0.0032733026999997397,-0.024026161500000014,0,-0.19926666666666676,-0.020299999999999985,0,0,60,-1
252,-576457031078,0.9002348678816384,3.150490772411304,-5.039326705827949e-4,-2.6235375612754756e-4,0,287092,0.01,-0.006301257300000238,-0.022829341500000027,0,-0.06801666666666678,-0.17780000000000007,0,1,61,1
253,-576457031069,0.9002291957363576,3.1504886117438775,-6.304963855827951e-4,-1.6977972912755022e-4,0,287102,0.01,0.009257402699999735,-0.01265637150000002,0,-0.24301666666666677,-0.14280000000000004,0,0,61,-1
254,-576457031059,0.9002222579539269,3.150486957929721,-7.570601005827953e-4,-1.609831021275526e-4,0,287112,0.01,8.796626999997621e-4,-0.01265637150000002,0,-0.11176666666666678,-0.08155000000000001,0,0,61,-1
255,-576457031049,0.9002145033418459,3.150486110173835,0.0,0.0,1,287122,0.01,0.015241502699999729,-0.00368022150000002,0,-0.17301666666666676,0.04095000000000004,0,0,61,-1
256,-576457031039,0.9002147980587709,3.15048705177197,0.0,0.0,1,287132,0.01,0.018831962699999746,0.005894338499999974,0,-0.07676666666666676,0.014699999999999935,0,0,61,-1
257,-576457031029,0.9002156911856959,3.150488322495605,0.0,0.0,1,287142,0.01,0.02541447269999976,0.01786253849999998,0,-0.24301666666666677,-0.07279999999999998,0,0,61,-1
258,-576457031019,0.9002169732791209,3.15048944361674,2.564186849999998e-4,2.242242269999973e-4,0,287152,0.01,0.02242242269999973,0.02564186849999998,0,-0.26926666666666677,-0.08155000000000001,0,0,61,-1
259,-576457031009,0.9002310638031833,3.1505329986903203,4.772523856452511e-4,4.915755200536335e-4,0,287162,0.01,0.026611292699999768,0.02205140849999998,0,-0.06801666666666678,0.032200000000000006,0,1,62,2
260,-576457030999,0.9002368790564648,3.150538885964156,6.857982706452508e-4,6.858792470536308e-4,0,287172,0.01,0.019430372699999733,0.02085458849999998,0,-0.16426666666666678,-0.16905000000000003,0,0,62,-1
261,-576457030989,0.9002443608815963,3.1505462076267614,8.105667556452507e-4,7.784532740536282e-4,0,287182,0.01,0.009257402699999735,0.012476848499999981,0,-0.16426666666666678,-0.08155000000000001,0,0,62,-1
262,-576457030978,0.9002524321405778,3.150554335347637,8.036850406452505e-4,8.470909010536258e-4,0,287192,0.01,0.006863762699999757,-6.881715000000228e-4,0,-0.12051666666666677,0.06719999999999993,0,0,62,-1
263,-576457030969,0.9002598960134092,3.1505629699217823,0.0,0.0,1,287202,0.01,0.0032733026999997397,-0.011459551500000024,0,-0.14676666666666677,0.1372,0,0,62,-1
264,-576457030959,0.9002590238308341,3.1505619966079172,0.0,0.0,1,287212,0.01,-0.019466277300000268,-0.017443651500000018,0,-0.19926666666666676,-0.02905000000000002,0,0,62,-1
265,-576457030949,0.9002699441469961,3.150536091713868,0.0,0.0,1,287222,0.01,-0.010490127300000242,-0.013254781500000024,0,0.10698333333333321,-0.06405000000000005,0,1,63,1
266,-576457030939,0.9002691617259211,3.1505359561740027,0.0,0.0,1,287232,0.01,-0.002710797300000255,-0.01564842150000002,0,-0.11176666666666678,0.014699999999999935,0,0,63,-1
267,-576457030929,0.900268588748346,3.150535940316138,0.0,0.0,1,287242,0.01,-3.171573000002437e-4,-0.011459551500000024,0,-0.21676666666666677,-0.055300000000000016,0,0,63,-1
268,-576457030919,0.9002689133857711,3.150536253583773,0.0,0.0,1,287252,0.01,0.006265352699999737,0.006492748499999978,0,-0.16426666666666678,-0.020299999999999985,0,0,63,-1
269,-576457030909,0.9002684900106961,3.150537524307408,-8.467501500000018e-5,2.541447269999976e-4,0,287262,0.01,0.02541447269999976,-0.008467501500000018,0,-0.29551666666666676,-0.01154999999999995,0,0,63,-1
270,-576457030899,0.9002680875799711,3.150541545921813,4.18886999999954e-6,5.501781539999953e-4,0,287272,0.01,0.029603342699999764,0.008886388499999972,0,-0.05926666666666677,-0.0027999999999999137,0,0,63,-1
271,-576457030889,0.9002690824365961,3.1505482286654884,1.9478245499999933e-4,7.863705809999927e-4,0,287282,0.01,0.023619242699999734,0.019059358499999977,0,-0.12926666666666675,0.05844999999999989,0,0,63,-1
272,-576457030878,0.9002680533186747,3.1505437760584116,3.1319592295953204e-4,0.0010570305339373115,0,287292,0.01,0.027209702699999786,0.011878438499999979,0,-0.15551666666666678,-0.09904999999999997,0,1,64,2
273,-576457030869,0.9002721681663293,3.150555766689886,5.097736079595318e-4,0.001341095760937309,0,287302,0.01,0.02840652269999976,0.019657768499999978,0,-0.24301666666666677,-0.08155000000000001,0,0,64,-1
274,-576457030859,0.9002779196653339,3.15057023892763,0.0,0.0,1,287312,0.01,0.021225602699999725,0.013075258499999983,0,-0.1380166666666668,-0.08155000000000001,0,0,64,-1
275,-576457030848,0.9002785435077589,3.150571120684765,0.0,0.0,1,287322,0.01,0.01763514269999974,0.012476848499999981,0,-0.02426666666666677,-0.08155000000000001,0,0,64,-1
276,-576457030839,0.9002788083041839,3.1505713142704,0.0,0.0,1,287332,0.01,0.0038717126999997594,0.005295928499999981,0,-0.19926666666666676,-0.020299999999999985,0,0,64,-1
277,-576457030829,0.9002786242931089,3.150571477935535,-3.68022150000002e-5,3.27330269999974e-5,0,287342,0.01,0.0032733026999997397,-0.00368022150000002,0,-0.4092666666666668,0.1372,0,0,64,-1
278,-576457030820,0.9002780228461781,3.1505713234470174,-9.685265850000035e-5,-6.706380870000463e-5,0,287351,0.009,-0.011088537300000227,-0.0066722715000000175,0,-0.12051666666666677,-0.055300000000000016,0,0,64,-1
279,-576457030810,0.9002881576989183,3.150544663686932,-2.167742581114177e-4,-1.4350217163504564e-4,0,287361,0.01,-0.007498077300000244,-0.012057961500000026,0,0.001983333333333226,-0.01154999999999995,0,1,65,1
280,-576457030798,0.9002857461042623,3.1505433624098504,-2.655446731114179e-4,-1.167532446350481e-4,0,287371,0.01,0.002674892699999754,-0.0048770415000000174,0,-0.15551666666666678,0.18969999999999998,0,0,65,-1
281,-576457030789,0.9002815525491124,3.1505420951399477,-4.969198996114182e-4,-1.1365946493505094e-4,0,287382,0.011,2.8125269999974215e-4,-0.02103411150000003,0,-0.18176666666666677,-0.055300000000000016,0,0,65,-1
282,-576457030777,0.9002761300545413,3.150541989904933,-5.875790146114184e-4,9.261246206494645e-5,0,287392,0.01,0.020627192699999738,-0.00906591150000002,0,-0.3917666666666668,-0.020299999999999985,0,0,65,-1
283,-576457030768,0.9002698608098202,3.1505438576276887,-6.662699296114186e-4,2.809320890649439e-4,0,287402,0.01,0.018831962699999746,-0.007869091500000015,0,-0.3305166666666668,-0.06405000000000005,0,0,65,-1
284,-576457030759,0.9002631337814491,3.1505474290237143,-6.791357446114188e-4,4.3334711606494124e-4,0,287412,0.01,0.015241502699999729,-0.0012865815000000257,0,-0.24301666666666677,-0.01154999999999995,0,0,65,-1
285,-576457030748,0.900256188333428,3.15055363162851,-7.099538596114191e-4,8.071738430649388e-4,0,287422,0.01,0.03738267269999975,-0.003081811500000026,0,-0.18176666666666677,-0.037800000000000056,0,0,65,-1
286,-576457030738,0.9002547842656858,3.150583473046948,-6.36072102082848e-4,0.0010907764808553652,0,287432,0.01,0.027209702699999786,0.007091158499999981,0,-0.12051666666666677,-0.07279999999999998,0,1,66,2
287,-576457030729,0.90024853873859,3.1505955318533916,-6.130333170828482e-4,0.0013209848078553628,0,287442,0.01,0.02302083269999975,0.002303878499999983,0,-0.12051666666666677,-0.06405000000000005,0,0,66,-1
288,-576457030719,0.9002428228043441,3.150609324253605,0.0,0.0,1,287452,0.01,0.011651042699999746,0.008287978499999979,0,-0.15551666666666678,0.05844999999999989,0,0,66,-1
289,-576457030709,0.900243536408269,3.15060999656724,0.0,0.0,1,287462,0.01,0.013446272699999737,0.014272078499999981,0,-0.12926666666666675,0.04970000000000008,0,0,66,-1
290,-576457030698,0.900243741363694,3.150610609039875,0.0,0.0,1,287472,0.01,0.012249452699999731,0.004099108499999983,0,-0.12051666666666677,-0.13405,0,0,66,-1
291,-576457030689,0.900243317988619,3.15061041365901,0.0,0.0,1,287482,0.01,-0.003907617300000227,-0.008467501500000018,0,-0.10301666666666677,-0.01154999999999995,0,0,66,-1
292,-576457030677,0.9002571012405568,3.150578316649164,0.0,0.0,1,287492,0.01,-0.012883767300000253,-0.012057961500000026,0,-0.22551666666666678,0.032200000000000006,0,1,67,1
293,-576457030668,0.9002564684219818,3.150578151188799,0.0,0.0,1,287502,0.01,-0.003309207300000241,-0.01265637150000002,0,-0.17301666666666676,-0.055300000000000016,0,0,67,-1
294,-576457030659,0.9002564639339068,3.150577925887434,0.0,0.0,1,287512,0.01,-0.004506027300000247,-8.97615000000285e-5,0,-0.06801666666666678,0.0847,0,0,67,-1
295,-576457030649,0.9002561602408318,3.150577700586069,0.0,0.0,1,287522,0.01,-0.004506027300000247,-0.006073861500000023,0,0.01948333333333324,0.014699999999999935,0,0,67,-1
296,-576457030639,0.9002561557527567,3.150578372899704,0.0,0.0,1,287532,0.01,0.013446272699999737,-8.97615000000285e-5,0,-0.1380166666666668,0.014699999999999935,0,0,67,-1
297,-576457030629,0.9002556426161817,3.150579613702839,0.0,0.0,1,287542,0.01,0.024816062699999742,-0.010262731500000026,0,-0.050516666666666765,-0.07279999999999998,0,0,67,-1
298,-576457030619,0.9002559672536068,3.1505807647444737,6.492748499999978e-5,2.302083269999975e-4,0,287552,0.01,0.02302083269999975,0.006492748499999978,0,-0.3305166666666668,-0.18655,0,0,67,-1
299,-576457030607,0.9002672367115927,3.1506233789962934,1.6006138975982063e-4,5.393177460037378e-4,0,287562,0.01,0.03080016269999977,0.009484798499999975,0,-0.05926666666666677,-0.07279999999999998,0,1,68,2
300,-576457030598,0.9002686233939153,3.1506302224203884,1.172750747598204e-4,8.293670730037356e-4,0,287572,0.01,0.029004932699999778,-0.004278631500000023,0,0.02823333333333322,-0.01154999999999995,0,0,68,-1
301,-576457030589,0.9002697018950879,3.1506396372122536,9.84251597598202e-5,0.0010535913000037328,0,287582,0.01,0.02242242269999973,-0.00188499150000002,0,-0.18176666666666677,0.0059499999999999,0,0,68,-1
302,-576457030579,0.9002710107841105,3.1506508454388884,1.6335264475982e-4,0.0011880540270037302,0,287592,0.01,0.013446272699999737,0.006492748499999978,0,-0.19051666666666678,0.04095000000000004,0,0,68,-1
303,-576457030568,0.900273058709483,3.1506633683722938,0.0,0.0,1,287602,0.01,0.01284786269999975,0.008287978499999979,0,-0.21676666666666677,-0.01154999999999995,0,0,68,-1
304,-576457030559,0.900272755016408,3.1506637115604286,0.0,0.0,1,287612,0.01,0.006863762699999757,-0.006073861500000023,0,-0.19051666666666678,-0.0027999999999999137,0,0,68,-1
305,-576457030548,0.900273019812833,3.1506630374515634,0.0,0.0,1,287622,0.01,-0.013482177300000273,0.005295928499999981,0,-0.19926666666666676,0.02344999999999997,0,0,68,-1
306,-576457030538,0.9002815302589263,3.150642893199002,0.0,0.0,1,287632,0.01,-0.020663097300000273,-0.0048770415000000174,0,-0.20801666666666677,-0.020299999999999985,0,1,69,1
307,-576457030529,0.9002810769633514,3.150642368692637,0.0,0.0,1,287642,0.01,-0.010490127300000242,-0.00906591150000002,0,0.05448333333333322,-0.08155000000000001,0,0,69,-1
308,-576457030519,0.9002809228727764,3.1506418741067717,0.0,0.0,1,287652,0.01,-0.009891717300000222,-0.003081811500000026,0,-0.12051666666666677,0.19845000000000002,0,0,69,-1
309,-576457030509,0.9002800506902013,3.1506417984079067,0.0,0.0,1,287662,0.01,-0.0015139773000002494,-0.017443651500000018,0,-0.08551666666666677,0.05844999999999989,0,0,69,-1
310,-576457030499,0.9002797469971263,3.1506425006420415,-6.073861500000023e-5,1.4044682699999758e-4,0,287672,0.01,0.014044682699999757,-0.006073861500000023,0,-0.40051666666666674,-0.1078,0,0,69,-1
311,-576457030489,0.9002791351229013,3.1506449364699467,-6.163623000000052e-5,3.4671875399999496e-4,0,287682,0.01,0.020627192699999738,-8.97615000000285e-5,0,0.02823333333333322,-0.15155000000000007,0,0,69,-1
312,-576457030479,0.9002782859342305,3.150649449758952,-1.270723635000007e-4,6.562343582999928e-4,0,287691,0.009,0.034390622699999755,-0.007270681500000021,0,-0.26926666666666677,-0.14280000000000004,0,0,69,-1
313,-576457030470,0.9002851838120594,3.1506884938963378,-6.742075436546228e-5,0.00114650298556067,0,287701,0.01,0.048752462699999756,0.005894338499999974,0,-0.10301666666666677,-0.17780000000000007,0,1,70,2
314,-576457030460,0.9002852232084406,3.1507013493318285,7.530003063453752e-5,0.0014245841125606676,0,287711,0.01,0.027808112699999773,0.014272078499999981,0,-0.18176666666666677,-0.1078,0,0,70,-1
315,-576457030450,0.900286540210172,3.150716327327589,1.8810031563453735e-4,0.0015710150395606651,0,287721,0.01,0.014643092699999744,0.011280028499999983,0,-0.2867666666666668,-0.020299999999999985,0,0,70,-1
316,-576457030440,0.9002888056917533,3.15073259010962,2.649960006345371e-4,0.0016815413665606626,0,287731,0.01,0.01105263269999976,0.0076895684999999745,0,-0.2517666666666668,0.02344999999999997,0,0,70,-1
317,-576457030430,0.9002920495736846,3.1507498384729202,3.837803856345369e-4,0.0017681312935606602,0,287741,0.01,0.008658992699999748,0.011878438499999979,0,-0.1380166666666668,0.05844999999999989,0,0,70,-1
318,-576457030369,0.900296421458466,3.1507673842459907,4.905965706345367e-4,0.0017410233205606576,0,287751,0.01,-0.002710797300000255,0.010681618499999981,0,-0.3305166666666668,-0.16905000000000003,0,0,70,-1
319,-576457030368,0.9003012630950974,3.1507838510858313,4.777307556345365e-4,0.001552344647560655,0,287761,0.01,-0.018867867300000247,-0.0012865815000000257,0,0.001983333333333226,-0.055300000000000016,0,0,70,-1
320,-576457030368,0.9003060957555787,3.150799059469442,4.888013406345364e-4,0.0014893320745606527,0,287771,0.01,-0.006301257300000238,0.0011070584999999858,0,-0.06801666666666678,-0.12529999999999997,0,0,70,-1
321,-576457030368,0.9003101714274101,3.1508134881248226,3.263330256345362e-4,0.0013963990015606503,0,287781,0.01,-0.009293307300000235,-0.01624683150000002,0,-0.09426666666666678,0.10220000000000007,0,0,70,-1
322,-576457030368,0.9003135798720915,3.150827226813473,3.55355910634536e-4,0.0013513387285606477,0,287791,0.01,-0.004506027300000247,0.0029022884999999774,0,-0.21676666666666677,-0.20405000000000006,0,0,70,-1
323,-576457030291,0.9003163510101228,3.1508404550583937,0.0,0.0,1,287801,0.01,-0.0057028473000002525,-0.01564842150000002,0,-0.050516666666666765,-0.020299999999999985,0,0,70,-1
324,-576457030290,0.9003314704179537,3.15080583399665,-1.7430541838521916e-4,5.637899746560539e-5,0,287811,0.01,0.005666942699999751,-0.017443651500000018,0,1.8919833333333334,0.014699999999999935,0,1,71,1
325,-576457030290,0.9003297527961949,3.15080712994126,-1.692189333852194e-4,2.0280992446560284e-4,0,287821,0.01,0.014643092699999744,5.086484999999744e-4,0,-0.12926666666666675,0.14595000000000002,0,0,71,-1
326,-576457030289,0.900328295482786,3.1508103090821393,-1.2224374838521964e-4,4.3301825146560037e-4,0,287831,0.01,0.02302083269999975,0.0046975184999999775,0,0.05448333333333322,-0.2653,0,0,71,-1
327,-576457030289,0.9003272181597272,3.150816298954789,-9.322086338521986e-5,7.649562784655982e-4,0,287841,0.01,0.03319380269999978,0.0029022884999999774,0,-0.15551666666666678,-0.09030000000000005,0,0,71,-1
328,-576457030289,0.9003266405090183,3.1508259074127087,-2.2309278385220047e-5,0.001156735305465596,0,287851,0.01,0.039177902699999774,0.007091158499999981,0,-0.16426666666666678,-0.037800000000000056,0,0,71,-1
329,-576457030289,0.900327090451507,3.1508370807249473,1.2229649811477974e-4,0.0013262229697655937,0,287860,0.009,0.018831962699999746,0.016067308499999978,0,-0.04176666666666676,-0.17780000000000007,0,0,71,-1
330,-576457030289,0.9003288175769132,3.15085170343978,2.2312858311477962e-4,0.0015983199967655917,0,287870,0.01,0.027209702699999786,0.010083208499999986,0,-0.07676666666666676,-0.055300000000000016,0,0,71,-1
331,-576457030288,0.9003309845336693,3.1508684187943827,2.1026276811477937e-4,0.0017447509237655892,0,287880,0.01,0.014643092699999744,-0.0012865815000000257,0,-0.2517666666666668,-0.0027999999999999137,0,0,71,-1
332,-576457030280,0.9003381651232303,3.1509023976156185,3.189589014301878e-4,0.00174344651973918,0,287889,0.009,-9.155673000002296e-4,0.011878438499999979,0,-0.14676666666666677,-0.020299999999999985,0,1,72,2
333,-576457030271,0.9003576014714385,3.150883646989012,2.717113550427315e-4,0.0016937445753133031,0,287899,0.01,-0.003309207300000241,-0.005475451500000021,0,-0.19926666666666676,0.10220000000000007,0,1,73,1
334,-576457030260,0.9003602542559139,3.1509004488949,2.5884554004273124e-4,0.0016666366023133006,0,287909,0.01,-0.002710797300000255,-0.0012865815000000257,0,-0.08551666666666677,-0.037800000000000056,0,0,73,-1
335,-576457030252,0.9003629279847394,3.150916530913558,2.75900225042731e-4,0.001549767129313298,0,287919,0.01,-0.011686947300000246,0.0017054684999999801,0,-0.5405166666666668,-0.0027999999999999137,0,0,73,-1
336,-576457030242,0.9003652935324148,3.150931922965486,1.9720931004273086e-4,0.0015286432563132956,0,287929,0.01,-0.0021123873000002354,-0.007869091500000015,0,-0.20801666666666677,0.0059499999999999,0,0,73,-1
338,-576457030164,0.9003687709588156,3.1509633599346527,1.6549358004273033e-4,0.0016838708103132907,0,287949,0.01,0.014643092699999744,-8.97615000000285e-5,0,-0.22551666666666678,-0.0027999999999999137,0,0,73,-1
339,-576457030163,0.900370511168041,3.1509807213538905,1.8254826504273013e-4,0.001788413037313288,0,287959,0.01,0.01045422269999974,0.0017054684999999801,0,0.03698333333333326,-0.1603,0,0,73,-1
340,-576457030163,0.9003725715266164,3.1509990982748985,0.0,0.0,1,287969,0.01,0.009855812699999755,0.0046975184999999775,0,-0.1380166666666668,0.11094999999999988,0,0,73,-1
341,-576457030163,0.9003728363230414,3.1510005485215333,0.0,0.0,1,287979,0.01,0.029004932699999778,0.005295928499999981,0,-0.04176666666666676,-0.055300000000000016,0,0,73,-1
342,-576457030162,0.9003729515169664,3.1510021483706683,2.303878499999983e-5,3.1996982699999775e-4,0,287989,0.01,0.031996982699999774,0.002303878499999983,0,-0.2517666666666668,-0.055300000000000016,0,0,73,-1
343,-576457030162,0.9003730278142414,3.1510074565665733,-7.779330000000431e-6,7.416693539999955e-4,0,287999,0.01,0.04216995269999977,-0.003081811500000026,0,0.02823333333333322,-0.11655000000000004,0,0,73,-1
344,-576457030160,0.9003726463278664,3.1510160841427486,-6.851794500000066e-5,9.838458809999927e-4,0,288009,0.01,0.02421765269999972,-0.006073861500000023,0,0.08073333333333321,-0.1078,0,0,73,-1
345,-576457030152,0.9003719267398415,3.1510268941201933,-7.539966000000089e-5,0.00117814960799999,0,288019,0.01,0.019430372699999733,-6.881715000000228e-4,0,-0.19051666666666678,0.0059499999999999,0,0,73,-1
346,-576457030141,0.9003710485731664,3.151039018804408,-1.0023367500000111e-4,0.0012467872349999876,0,288029,0.01,0.006863762699999757,-0.002483401500000023,0,-0.33926666666666677,0.0059499999999999,0,0,73,-1
347,-576457030131,0.9003699767759757,3.1510531849254413,-9.46385415000014e-5,0.0013288711346999848,0,288040,0.011,0.007462172699999743,5.086484999999744e-4,0,-0.2342666666666668,-0.27405,0,0,73,-1
348,-576457030121,0.9004000588467272,3.1509987264915527,-1.0064290286454122e-4,0.001334433509035119,0,288050,0.01,0.002076482699999768,-0.0012865815000000257,0,-0.19926666666666676,-0.17780000000000007,0,1,74,1
349,-576457030110,0.9003996463396235,3.1510113967177777,1.814148213545858e-5,0.0011996117360351163,0,288060,0.01,-0.013482177300000273,0.011878438499999979,0,-0.19051666666666678,0.07594999999999996,0,0,74,-1
350,-576457030101,0.9003996437433699,3.151022688805773,-1.8660732864541623e-5,0.0010588058630351138,0,288070,0.01,-0.01408058730000026,-0.00368022150000002,0,-0.20801666666666677,-0.020299999999999985,0,0,74,-1
351,-576457030091,0.9003996920119662,3.1510330515630383,2.8314452135458156e-5,0.0010137455900351112,0,288080,0.01,-0.004506027300000247,0.0046975184999999775,0,-0.08551666666666677,0.014699999999999935,0,0,74,-1
352,-576457030081,0.9004004194759127,3.1510436219685736,0.0,0.0,1,288090,0.01,0.008658992699999748,0.008886388499999972,0,0.02823333333333322,0.04970000000000008,0,0,74,-1
353,-576457030071,0.9004006842723377,3.1510438753952084,5.295928499999981e-5,5.068532699999766e-5,0,288100,0.01,0.005068532699999765,0.005295928499999981,0,-0.2867666666666668,-0.11655000000000004,0,0,74,-1
354,-576457030060,0.900399664602287,3.1510371251756255,1.7768151740205087e-4,2.567780547528429e-4,0,288110,0.01,0.020627192699999738,0.012476848499999981,0,-0.12926666666666675,0.11094999999999988,0,1,75,2
355,-576457030051,0.900401107803886,3.151041382566808,1.1095880240205069e-4,5.947001817528406e-4,0,288120,0.01,0.03379221269999977,-0.0066722715000000175,0,-0.12051666666666677,0.06719999999999993,0,0,75,-1
356,-576457030039,0.900402332585835,3.151048809735761,1.3399758740205051e-4,8.907336087528383e-4,0,288130,0.01,0.029603342699999764,0.002303878499999983,0,-0.22551666666666678,-0.18655,0,0,75,-1
357,-576457030031,0.900403458630134,3.1510592870004834,9.121127240205028e-5,0.0012047193357528358,0,288140,0.01,0.03139857269999975,-0.004278631500000023,0,-0.18176666666666677,-0.08155000000000001,0,0,75,-1
358,-576457030021,0.9004040072087831,3.151072784440476,0.0,0.0,1,288150,0.01,0.029004932699999778,-0.007270681500000021,0,-0.15551666666666678,-0.08155000000000001,0,0,75,-1
359,-576457030011,0.9004036436747082,3.1510734567541108,-7.27068150000002e-5,1.3446272699999738e-4,0,288160,0.01,0.013446272699999737,-0.007270681500000021,0,-0.2780166666666668,-0.1078,0,0,75,-1
360,-576457030001,0.9004027625159832,3.1510757429795158,-1.0352493000000047e-4,3.2278235399999487e-4,0,288170,0.01,0.018831962699999746,-0.003081811500000026,0,-0.33926666666666677,-0.14280000000000004,0,0,75,-1
361,-576457029990,0.9004189146909184,3.1510423594340238,-4.38547469788622e-5,3.598891198566691e-4,0,288180,0.01,0.0038717126999997594,0.005894338499999974,0,-0.08551666666666677,0.014699999999999935,0,1,76,1
362,-576457029981,0.9004185015758737,3.151045822785357,-3.876826197886246e-5,3.327811468566665e-4,0,288190,0.01,-0.002710797300000255,5.086484999999744e-4,0,-0.19926666666666676,0.0059499999999999,0,0,76,-1
363,-576457029971,0.90041812479057,3.151048659557178,-4.4961805478862664e-5,2.9761259115666447e-4,0,288199,0.009,-0.003907617300000227,-6.881715000000228e-4,0,0.07198333333333323,-0.07279999999999998,0,0,76,-1
364,-576457029960,0.9004186580609402,3.1510509316537245,1.5161587952113712e-4,1.5680671815666188e-4,0,288209,0.01,-0.01408058730000026,0.019657768499999978,0,-0.26926666666666677,-0.23030000000000006,0,0,76,-1
365,-576457029951,0.9004200799701604,3.151052274419541,1.3276596452113692e-4,1.1174644515665942e-4,0,288219,0.01,-0.004506027300000247,-0.00188499150000002,0,-0.07676666666666676,0.12844999999999995,0,0,76,-1
366,-576457029943,0.9004208834588203,3.151052879522996,4.578707102113671e-5,2.2720989456657422e-5,0,288228,0.009,-0.009891717300000222,-0.009664321500000024,0,0.03698333333333326,-0.09030000000000005,0,0,76,-1
367,-576457029932,0.9004209777954556,3.1510533601595254,-2.691974397886349e-5,7.340631645665508e-5,0,288238,0.01,0.005068532699999765,-0.007270681500000021,0,0.07198333333333323,-0.0027999999999999137,0,0,76,-1
368,-576457029921,0.9004262788387831,3.1510757740973694,-5.202938541381874e-5,3.89733471635346e-5,0,288249,0.011,-0.003907617300000227,-0.002483401500000023,0,-0.12926666666666675,-0.04654999999999998,0,1,77,2
369,-576457029912,0.900425365090354,3.151077703838976,0.0,0.0,1,288259,0.01,0.03080016269999977,-0.007869091500000015,0,-0.03301666666666678,0.0847,0,0,77,-1
370,-576457029901,0.900425031476779,3.151078765119111,0.0,0.0,1,288269,0.01,0.021225602699999725,-0.0066722715000000175,0,-0.006766666666666782,0.05844999999999989,0,0,77,-1
371,-576457029891,0.900424997068204,3.151080335047746,0.0,0.0,1,288279,0.01,0.03139857269999975,-6.881715000000228e-4,0,-0.18176666666666677,0.1721999999999999,0,0,77,-1
372,-576457029882,0.900425650831129,3.151081635691881,0.0,0.0,1,288289,0.01,0.02601288269999978,0.013075258499999983,0,-0.06801666666666678,-0.055300000000000016,0,0,77,-1
373,-576457029871,0.900425496740554,3.151083684348516,0.0,0.0,1,288299,0.01,0.04097313269999977,-0.003081811500000026,0,-0.015516666666666762,0.0059499999999999,0,0,77,-1
374,-576457029862,0.9004513139033874,3.1510295245907494,8.903046722488971e-5,2.059028249948443e-4,0,288309,0.01,0.020627192699999738,0.008886388499999972,0,-0.26926666666666677,0.10220000000000007,0,1,78,1
375,-576457029851,0.9004524091634846,3.1510324354556345,1.3002155222488954e-4,3.7627015199484184e-4,0,288319,0.01,0.017036732699999755,0.004099108499999983,0,-0.12926666666666675,0.05844999999999989,0,0,78,-1
376,-576457029842,0.9004542733804318,3.1510365114247896,2.4282183722488938e-4,4.389236789948392e-4,0,288329,0.01,0.006265352699999737,0.011280028499999983,0,-0.2605166666666668,0.0059499999999999,0,0,78,-1
377,-576457029832,0.9004570262362291,3.1510399871887147,3.0774932222488914e-4,2.5622910599483657e-4,0,288339,0.01,-0.018269457300000264,0.006492748499999978,0,-0.050516666666666765,-0.19530000000000003,0,0,78,-1
378,-576457029822,0.9004599197183764,3.1510419352119095,2.709471072248889e-4,1.3337553299483422e-4,0,288349,0.01,-0.012285357300000233,-0.00368022150000002,0,-0.1380166666666668,-0.12529999999999997,0,0,78,-1
379,-576457029812,0.9004619365298736,3.1510433727913743,1.3241519222488863e-4,1.5414035999483192e-4,0,288359,0.01,0.002076482699999768,-0.013853191500000027,0,-0.015516666666666762,-0.14280000000000004,0,0,78,-1
380,-576457029802,0.9004630467502208,3.151045047939609,8.96288772248884e-5,1.8088928699482945e-4,0,288369,0.01,0.002674892699999754,-0.004278631500000023,0,-0.05926666666666677,0.04970000000000008,0,0,78,-1
381,-576457029791,0.9004646037147735,3.151050147013948,0.0,0.0,1,288379,0.01,-0.007498077300000244,-0.006073861500000023,0,-0.006766666666666782,0.02344999999999997,0,1,79,2
382,-576457029780,0.9004645992266985,3.1510504902020826,0.0,0.0,1,288389,0.01,0.006863762699999757,-8.97615000000285e-5,0,-0.1380166666666668,-0.0027999999999999137,0,0,79,-1
383,-576457029768,0.9004651931486235,3.1510512223567178,1.187843849999998e-4,1.4643092699999745e-4,0,288399,0.01,0.014643092699999744,0.011878438499999979,0,-0.2780166666666668,-0.020299999999999985,0,0,79,-1
384,-576457029761,0.9004662867428984,3.1510535684231225,9.99344699999996e-5,3.2278235399999487e-4,0,288409,0.01,0.01763514269999974,-0.00188499150000002,0,-0.06801666666666678,0.18094999999999994,0,0,79,-1
385,-576457029751,0.9004677004865234,3.1510584559367976,1.8281425499999936e-4,6.547203809999928e-4,0,288419,0.01,0.03319380269999978,0.008287978499999979,0,-0.15551666666666678,0.04095000000000004,0,0,79,-1
386,-576457029741,0.9004698233459983,3.151066662830743,2.4175763999999912e-4,9.866584079999906e-4,0,288429,0.01,0.03319380269999978,0.005894338499999974,0,0.06323333333333325,0.032200000000000006,0,0,79,-1
387,-576457029731,0.9004729545263233,3.1510775906949577,3.844784249999989e-4,0.001198914434999988,0,288439,0.01,0.021225602699999725,0.014272078499999981,0,-0.10301666666666677,0.19845000000000002,0,0,79,-1
388,-576457029721,0.9004918171402353,3.1510578305408115,0.0,0.0,1,288449,0.01,0.021225602699999725,-0.00188499150000002,0,-0.09426666666666678,-0.12529999999999997,0,1,80,1
389,-576457029711,0.9004920819366603,3.1510585327749463,0.0,0.0,1,288459,0.01,0.014044682699999757,0.005295928499999981,0,-0.17301666666666676,-0.15155000000000007,0,0,80,-1
390,-576457029702,0.9004916585615853,3.151058786201581,0.0,0.0,1,288469,0.01,0.005068532699999765,-0.008467501500000018,0,-0.08551666666666677,-0.09904999999999997,0,0,80,-1
391,-576457029691,0.9004917438350103,3.1510582317747162,0.0,0.0,1,288479,0.01,-0.011088537300000227,0.0017054684999999801,0,-0.1380166666666668,0.014699999999999935,0,0,80,-1
392,-576457029681,0.9004918291084353,3.1510580663143513,0.0,0.0,1,288489,0.01,-0.003309207300000241,0.0017054684999999801,0,-0.08551666666666677,-0.15155000000000007,0,0,80,-1
393,-576457029671,0.9004917647793603,3.1510574520464862,0.0,0.0,1,288499,0.01,-0.012285357300000233,-0.0012865815000000257,0,0.01948333333333324,0.014699999999999935,0,0,80,-1
394,-576457029662,0.9004915807682853,3.151056777937621,-3.68022150000002e-5,-1.3482177300000274e-4,0,288509,0.01,-0.013482177300000273,-0.00368022150000002,0,-0.3567666666666668,-0.01154999999999995,0,0,80,-1
395,-576457029650,0.9004936371524133,3.1510653052122057,-7.355221909791709e-5,-1.3779108401985036e-4,0,288519,0.01,-3.171573000002437e-4,-0.00368022150000002,0,-0.4792666666666668,0.1721999999999999,0,1,81,2
396,-576457029642,0.9004945726901473,3.151064928740501,2.6065976590208275e-4,6.249674298014715e-5,0,288529,0.01,0.02002878269999975,0.03342119849999998,0,-0.15551666666666678,-0.2128,0,0,81,-1
397,-576457029632,0.9004975693540347,3.151066496261727,4.0526554240208253e-4,2.858413072801448e-4,0,288538,0.009,0.024816062699999742,0.016067308499999978,0,-0.11176666666666678,-0.01154999999999995,0,0,81,-1
398,-576457029624,0.9005012883958837,3.151069757703935,3.3854282740208234e-4,3.6644713428014245e-4,0,288548,0.01,0.008060582699999763,-0.0066722715000000175,0,-0.16426666666666678,-0.17780000000000007,0,0,81,-1
399,-576457029612,0.9005062252020828,3.1510745432964127,6.488184124020821e-4,5.906713612801398e-4,0,288558,0.01,0.02242242269999973,0.031027558499999976,0,-0.07676666666666676,-0.055300000000000016,0,0,81,-1
400,-576457029603,0.9005128285801318,3.1510821994616607,0.0,0.0,1,288568,0.01,0.03498903269999977,0.002303878499999983,0,-0.05926666666666677,-0.01154999999999995,0,0,81,-1
401,-576457029592,0.9005125248870568,3.151083470185296,0.0,0.0,1,288578,0.01,0.02541447269999976,-0.006073861500000023,0,-0.14676666666666677,-0.14280000000000004,0,0,81,-1
402,-576457029582,0.9005434733473701,3.1510153344247724,-1.2037838526679323e-4,4.4255328064423035e-5,0,288588,0.01,0.004470122699999746,-0.012057961500000026,0,-0.2867666666666668,0.18969999999999998,0,1,82,1
403,-576457029573,0.9005419957909423,3.1510158508816883,-1.7513290026679345e-4,5.9036055064420514e-5,0,288598,0.01,0.001478072699999748,-0.005475451500000021,0,-0.10301666666666677,-0.09030000000000005,0,0,82,-1
404,-576457029563,0.9005402100533646,3.151016634827874,-1.8201461526679369e-4,9.77531820644181e-5,0,288608,0.01,0.0038717126999997594,-6.881715000000228e-4,0,-0.2605166666666668,-0.09030000000000005,0,0,82,-1
405,-576457029550,0.9005378767706369,3.1510169382508297,-2.8464193026679396e-4,-3.706859093558464e-5,0,288618,0.01,-0.013482177300000273,-0.010262731500000026,0,0.010733333333333234,0.02344999999999997,0,0,82,-1
406,-576457029543,0.9005359833192592,3.1510166414685554,-9.404834526679419e-5,-2.2287863935587158e-5,0,288628,0.01,0.001478072699999748,0.019059358499999977,0,-0.12926666666666675,0.11094999999999988,0,0,82,-1
407,-576457029532,0.9005349785067316,3.151015624799051,-1.0691416026679445e-4,-1.8104603693558965e-4,0,288638,0.01,-0.01587581730000025,-0.0012865815000000257,0,-0.10301666666666677,-0.020299999999999985,0,0,82,-1
408,-576457029522,0.9005257051315454,3.150979402840178,6.399252343741108e-5,-2.2085671404621605e-4,0,288648,0.01,-0.003309207300000241,0.01726412849999998,0,-0.2605166666666668,-0.020299999999999985,0,1,83,2
409,-576457029512,0.9005269389787047,3.150976909130673,1.8277690843741088e-4,-2.778851870462186e-4,0,288658,0.01,-0.0057028473000002525,0.011878438499999979,0,-0.10301666666666677,-0.09030000000000005,0,0,83,-1
410,-576457029503,0.9005291213057142,3.1509752214794378,2.536884934374107e-4,-5.964506004622116e-5,0,288668,0.01,0.021824012699999742,0.007091158499999981,0,-0.2605166666666668,0.11969999999999992,0,0,83,-1
411,-576457029492,0.9005317886364943,3.150975786666857,3.3905167993741046e-4,1.852422642537769e-4,0,288677,0.009,0.027209702699999786,0.009484798499999975,0,-0.21676666666666677,0.15470000000000006,0,0,83,-1
412,-576457029484,0.9005351148242188,3.150978610608134,3.261858649374102e-4,3.795459912537742e-4,0,288687,0.01,0.019430372699999733,-0.0012865815000000257,0,-0.11176666666666678,-0.0027999999999999137,0,0,83,-1
413,-576457029474,0.9005379233872932,3.150983138222682,2.3552674993741e-4,5.259769182537717e-4,0,288697,0.01,0.014643092699999744,-0.00906591150000002,0,-0.12051666666666677,0.014699999999999935,0,0,83,-1
414,-576457029464,0.900540209141937,3.1509890951859307,2.7241872643740987e-4,7.977926925537697e-4,0,288706,0.009,0.030201752699999782,0.004099108499999983,0,-0.15551666666666678,0.05844999999999989,0,0,83,-1
415,-576457029454,0.9005616705688292,3.150956844660324,0.0,0.0,1,288716,0.01,0.02242242269999973,-0.007270681500000021,0,-0.08551666666666677,-0.020299999999999985,0,1,84,1
416,-576457029444,0.9005614566372542,3.1509580555429593,0.0,0.0,1,288726,0.01,0.02421765269999972,-0.004278631500000023,0,-0.16426666666666678,-0.01154999999999995,0,0,84,-1
417,-576457029435,0.9005609734211791,3.150958398731094,0.0,0.0,1,288736,0.01,0.006863762699999757,-0.009664321500000024,0,-0.11176666666666678,0.07594999999999996,0,0,84,-1
418,-576457029424,0.9005606398076041,3.150958951362729,0.0,0.0,1,288746,0.01,0.01105263269999976,-0.0066722715000000175,0,-0.10301666666666677,-0.01154999999999995,0,0,84,-1
419,-576457029414,0.9005604557965291,3.150958995345864,0.0,0.0,1,288756,0.01,8.796626999997621e-4,-0.00368022150000002,0,-0.24301666666666677,-0.08155000000000001,0,0,84,-1
420,-576457029405,0.9005599127394541,3.1509584409189992,0.0,0.0,1,288766,0.01,-0.011088537300000227,-0.010861141500000029,0,-0.02426666666666677,-0.0027999999999999137,0,0,84,-1
421,-576457029393,0.9005600877743791,3.150957946333134,3.50069849999998e-5,-9.891717300000222e-5,0,288776,0.01,-0.009891717300000222,0.0035006984999999802,0,-0.3130166666666668,-0.01154999999999995,0,0,84,-1
422,-576457029384,0.9005547849857436,3.1509346208333415,1.0580686189523973e-4,-2.47281452648118e-5,0,288786,0.01,0.007462172699999743,0.007091158499999981,0,-0.15551666666666678,0.1634500000000001,0,1,85,2
423,-576457029375,0.9005557188842875,3.1509341482505238,8.097284689523951e-5,-6.978841826481427e-5,0,288796,0.01,-0.004506027300000247,-0.002483401500000023,0,-0.015516666666666762,-0.04654999999999998,0,0,85,-1
424,-576457029365,0.9005574217396815,3.1509334943494762,2.5959823189523933e-4,-6.099179126481665e-5,0,288806,0.01,8.796626999997621e-4,0.01786253849999998,0,-0.12926666666666675,-0.13405,0,0,85,-1
425,-576457029355,0.9005598337109254,3.1509336764271985,2.2279601689523913e-4,9.740733573518085e-5,0,288816,0.01,0.01583991269999975,-0.00368022150000002,0,-0.14676666666666677,-0.06405000000000005,0,0,85,-1
426,-576457029343,0.9005620871035194,3.150935651939691,0.0,0.0,1,288826,0.01,0.02002878269999975,5.086484999999744e-4,0,0.03698333333333326,-0.09904999999999997,0,0,85,-1
427,-576457029335,0.9005618432514444,3.150936234491826,0.0,0.0,1,288836,0.01,0.011651042699999746,-0.0048770415000000174,0,0.13323333333333326,-0.020299999999999985,0,0,85,-1
428,-576457029324,0.9005614797173694,3.1509374154539613,-7.27068150000002e-5,2.3619242699999735e-4,0,288846,0.01,0.023619242699999734,-0.007270681500000021,0,-0.3305166666666668,-0.09904999999999997,0,0,85,-1
429,-576457029315,0.9005770209828345,3.1509057582046167,-6.731998765178593e-5,4.477829418158497e-4,0,288856,0.01,0.021225602699999725,5.086484999999744e-4,0,0.03698333333333326,-0.17780000000000007,0,1,86,1
430,-576457029305,0.9005761936923831,3.15091102802967,-9.813810265178619e-5,6.061820688158471e-4,0,288866,0.01,0.01583991269999975,-0.003081811500000026,0,-0.05926666666666677,0.02344999999999997,0,0,86,-1
431,-576457029295,0.9005752583429084,3.150917294833989,-1.0971733615178643e-4,7.86441113115845e-4,0,288875,0.009,0.02002878269999975,-0.0012865815000000257,0,-0.09426666666666678,0.02344999999999997,0,0,86,-1
432,-576457029285,0.9005739771584719,3.1509251733077552,-1.4651955115178663e-4,7.892536401158423e-4,0,288885,0.01,2.8125269999974215e-4,-0.00368022150000002,0,-0.06801666666666678,-0.09904999999999997,0,0,86,-1
433,-576457029276,0.9005726271568854,3.1509333491912916,0.0,0.0,1,288895,0.01,0.005666942699999751,0.002303878499999983,0,-0.17301666666666676,0.12844999999999995,0,0,86,-1
434,-576457029265,0.9005719644178104,3.150933064048927,0.0,0.0,1,288905,0.01,-0.0057028473000002525,-0.013254781500000024,0,-0.18176666666666677,0.0847,0,0,86,-1
435,-576457029255,0.9005722591347354,3.150933347396062,5.8943384999999744e-5,5.666942699999751e-5,0,288915,0.01,0.005666942699999751,0.005894338499999974,0,-0.2517666666666668,-0.02905000000000002,0,0,86,-1
436,-576457029246,0.9005635315280165,3.1508982498361466,1.2369349897054706e-4,1.9642922627589635e-4,0,288925,0.01,0.014044682699999757,0.006492748499999978,0,-0.22551666666666678,0.12844999999999995,0,1,87,2
437,-576457029236,0.9005647041339312,3.150900826601044,1.108276839705468e-4,3.1892375327589363e-4,0,288935,0.01,0.012249452699999731,-0.0012865815000000257,0,-0.1380166666666668,-0.020299999999999985,0,0,87,-1
438,-576457029225,0.900565568558696,3.1509045385497116,6.205726897054662e-5,4.2346598027589104e-4,0,288945,0.01,0.01045422269999974,-0.0048770415000000174,0,-0.10301666666666677,-0.09030000000000005,0,0,87,-1
439,-576457029216,0.9005663641663106,3.1509092959206493,9.706425397054642e-5,5.280082072758885e-4,0,288955,0.01,0.01045422269999974,0.0035006984999999802,0,-0.11176666666666678,0.0059499999999999,0,0,87,-1
440,-576457029206,0.9005670909567753,3.150915158554857,0.0,0.0,1,288965,0.01,0.011651042699999746,-0.0048770415000000174,0,-0.14676666666666677,0.014699999999999935,0,0,87,-1
441,-576457029195,0.9005671463097004,3.150915501742992,0.0,0.0,1,288975,0.01,0.006863762699999757,0.0011070584999999858,0,-0.12926666666666675,-0.02905000000000002,0,0,87,-1
442,-576457029185,0.9005863475143177,3.1508748832593847,0.0,0.0,1,288985,0.01,0.021824012699999742,-0.003081811500000026,0,-0.11176666666666678,-0.09904999999999997,0,1,88,1
443,-576457029176,0.9005865823902427,3.1508755854935195,0.0,0.0,1,288995,0.01,0.014044682699999757,0.0046975184999999775,0,-0.06801666666666678,-0.01154999999999995,0,0,88,-1
444,-576457029166,0.9005868172661677,3.1508760483636546,0.0,0.0,1,289005,0.01,0.009257402699999735,0.0046975184999999775,0,-0.12926666666666675,-0.09030000000000005,0,0,88,-1
445,-576457029155,0.9005868127780927,3.1508764813132895,0.0,0.0,1,289015,0.01,0.008658992699999748,-8.97615000000285e-5,0,-0.12051666666666677,-0.037800000000000056,0,0,88,-1
446,-576457029145,0.9005867783695177,3.1508768544219246,0.0,0.0,1,289025,0.01,0.007462172699999743,-6.881715000000228e-4,0,-0.2342666666666668,0.19845000000000002,0,0,88,-1
447,-576457029134,0.9005862951534427,3.1508776763380597,-9.664321500000024e-5,1.6438322699999735e-4,0,289035,0.01,0.016438322699999734,-0.009664321500000024,0,-0.3042666666666668,-0.037800000000000056,0,0,88,-1
448,-576457029126,0.9005852643922178,3.1508795436764645,-1.095090300000005e-4,2.090844539999948e-4,0,289045,0.01,0.004470122699999746,-0.0012865815000000257,0,-0.10301666666666677,-0.20405000000000006,0,0,88,-1
449,-576457029115,0.9005709458267488,3.1508322207242268,-9.89327421619435e-5,3.176962325771959e-4,0,289055,0.01,0.01105263269999976,0.0011070584999999858,0,-0.20801666666666677,-0.04654999999999998,0,1,89,2
450,-576457029106,0.9005703409777521,3.1508357707951875,-2.203705716194375e-5,3.923179595771933e-4,0,289065,0.01,0.007462172699999743,0.0076895684999999745,0,-0.20801666666666677,-0.15155000000000007,0,0,89,-1
451,-576457029095,0.9005706247676055,3.1508403662884183,7.879502783805611e-5,5.267806865771906e-4,0,289075,0.01,0.013446272699999737,0.010083208499999986,0,-0.08551666666666677,0.07594999999999996,0,0,89,-1
452,-576457029086,0.9005723656858089,3.150846067044919,0.0,0.0,1,289085,0.01,0.008658992699999748,0.019059358499999977,0,-0.11176666666666678,0.014699999999999935,0,0,89,-1
453,-576457029076,0.9005729296872339,3.150846260630554,0.0,0.0,1,289095,0.01,0.0038717126999997594,0.011280028499999983,0,-0.24301666666666677,0.014699999999999935,0,0,89,-1
454,-576457029065,0.9005728055171589,3.150846962864689,0.0,0.0,1,289105,0.01,0.014044682699999757,-0.002483401500000023,0,-0.18176666666666677,-0.020299999999999985,0,0,89,-1
455,-576457029056,0.900572441983084,3.1508477548603238,0.0,0.0,1,289115,0.01,0.01583991269999975,-0.007270681500000021,0,-0.15551666666666678,0.10220000000000007,0,0,89,-1
456,-576457029046,0.900597832623018,3.1507936952081104,0.0,0.0,1,289125,0.01,0.006863762699999757,0.0017054684999999801,0,-0.16426666666666678,-0.037800000000000056,0,1,90,1
457,-576457029036,0.9005978047520722,3.1507942640177595,0.0,0.0,1,289134,0.009,0.014044682699999757,-6.881715000000228e-4,0,-0.21676666666666677,-0.01154999999999995,0,0,90,-1
458,-576457029026,0.9005978301844972,3.1507946072058943,0.0,0.0,1,289144,0.01,0.006863762699999757,5.086484999999744e-4,0,-0.05926666666666677,-0.1078,0,0,90,-1
459,-576457029017,0.9005969879224223,3.1507952495990295,0.0,0.0,1,289154,0.01,0.01284786269999975,-0.016845241500000024,0,-0.11176666666666678,0.09345000000000003,0,0,90,-1
460,-576457029007,0.9005964448653473,3.1507955628666644,0.0,0.0,1,289164,0.01,0.006265352699999737,-0.010861141500000029,0,0.12448333333333322,0.20720000000000005,0,0,90,-1
461,-576457028997,0.9005957821262723,3.1507960556572994,-1.3254781500000024e-4,9.855812699999754e-5,0,289174,0.01,0.009855812699999755,-0.013254781500000024,0,-0.2517666666666668,0.12844999999999995,0,0,90,-1
462,-576457028987,0.9005949608085473,3.1507973245857044,-3.171573000000038e-5,1.5522755399999504e-4,0,289184,0.01,0.005666942699999751,0.010083208499999986,0,-0.2342666666666668,-0.08155000000000001,0,0,90,-1
463,-576457028976,0.9005852075801529,3.15076340255339,2.0884435787546896e-5,3.4215626934538647e-4,0,289194,0.01,0.018831962699999746,0.005295928499999981,0,-0.05926666666666677,-0.01154999999999995,0,1,91,2
464,-576457028967,0.9005862197899358,3.1507674066682188,1.8155752078754668e-4,4.5866669634538396e-4,0,289204,0.01,0.011651042699999746,0.016067308499999978,0,-0.19926666666666676,-0.04654999999999998,0,0,91,-1
466,-576457028933,0.9005919573435516,3.150779059813186,3.8920579078754634e-4,7.694808503453788e-4,0,289224,0.01,0.021824012699999742,0.010083208499999986,0,-0.29551666666666676,-0.14280000000000004,0,0,91,-1
467,-576457028933,0.9005963834823845,3.150786918286824,4.960219757875462e-4,8.022138773453761e-4,0,289234,0.01,0.0032733026999997397,0.010681618499999981,0,0.02823333333333322,-0.01154999999999995,0,0,91,-1
468,-576457028927,0.9006016982600673,3.150794804885732,5.66933560787546e-4,7.751059043453735e-4,0,289244,0.01,-0.002710797300000255,0.007091158499999981,0,-0.14676666666666677,0.04970000000000008,0,0,91,-1
469,-576457028912,0.9006074229486002,3.1508027794509106,5.780041457875459e-4,8.19807131345371e-4,0,289254,0.01,0.004470122699999746,0.0011070584999999858,0,-0.09426666666666678,0.02344999999999997,0,0,91,-1
470,-576457028907,0.9006132583429831,3.150811350630859,5.890747307875458e-4,8.944288583453684e-4,0,289264,0.01,0.007462172699999743,0.0011070584999999858,0,-0.05926666666666677,-0.037800000000000056,0,0,91,-1
471,-576457028896,0.9006390540937689,3.1507774371724984,0.0,0.0,1,289274,0.01,0.001478072699999748,-0.00188499150000002,0,-0.12926666666666675,-0.09904999999999997,0,1,92,1
472,-576457028887,0.9006385409571939,3.150777780360633,0.0,0.0,1,289284,0.01,0.006863762699999757,-0.010262731500000026,0,-0.1380166666666668,0.04970000000000008,0,0,92,-1
473,-576457028877,0.9006378782181189,3.1507778841847682,0.0,0.0,1,289294,0.01,0.002076482699999768,-0.013254781500000024,0,0.01948333333333324,-0.037800000000000056,0,0,92,-1
474,-576457028867,0.900638023332544,3.1507778982474033,0.0,0.0,1,289304,0.01,2.8125269999974215e-4,0.0029022884999999774,0,-0.19926666666666676,0.04970000000000008,0,0,92,-1
475,-576457028857,0.9006374503549689,3.150778690243038,0.0,0.0,1,289314,0.01,0.01583991269999975,-0.011459551500000024,0,-0.16426666666666678,-0.02905000000000002,0,0,92,-1
476,-576457028832,0.9006370868208939,3.1507796916821733,0.0,0.0,1,289324,0.01,0.02002878269999975,-0.007270681500000021,0,-0.16426666666666678,0.014699999999999935,0,0,92,-1
477,-576457028831,0.9006214083341035,3.1507222491575866,0.0,0.0,1,289334,0.01,0.017036732699999755,-0.002483401500000023,0,-0.12051666666666677,0.12844999999999995,0,1,93,2
478,-576457028827,0.9006216432100286,3.1507230710737217,0.0,0.0,1,289344,0.01,0.016438322699999734,0.0046975184999999775,0,0.08948333333333325,-0.14280000000000004,0,0,93,-1
479,-576457028816,0.9006220276884536,3.1507235937848566,0.0,0.0,1,289354,0.01,0.01045422269999974,0.0076895684999999745,0,-0.1380166666666668,0.0059499999999999,0,0,93,-1
480,-576457028807,0.9006223822463786,3.1507245952239917,7.091158499999982e-5,2.002878269999975e-4,0,289364,0.01,0.02002878269999975,0.007091158499999981,0,-0.2605166666666668,0.06719999999999993,0,0,93,-1
481,-576457028797,0.9006230868741536,3.1507273900978965,7.001396999999953e-5,3.58686953999995e-4,0,289374,0.01,0.01583991269999975,-8.97615000000285e-5,0,-0.1380166666666668,-0.12529999999999997,0,0,93,-1
482,-576457028787,0.9006238722872786,3.1507309910300716,8.706865499999933e-5,3.6149948099999243e-4,0,289384,0.01,2.8125269999974215e-4,0.0017054684999999801,0,-0.10301666666666677,-0.1603,0,0,93,-1
483,-576457028776,0.9006656320017722,3.150646535223179,-1.904130222234937e-5,4.844353808046702e-4,0,289394,0.01,0.01284786269999975,-0.010861141500000029,0,-0.08551666666666677,-0.14280000000000004,0,1,94,1
484,-576457028766,0.9006650481341749,3.150651722765122,-9.773221722234953e-5,5.530730078046678e-4,0,289404,0.01,0.006863762699999757,-0.007869091500000015,0,0.07198333333333323,0.1721999999999999,0,0,94,-1
485,-576457028757,0.9006631687089277,3.1506575069218345,0.0,0.0,1,289414,0.01,0.005068532699999765,-0.018042061500000022,0,-0.1380166666666668,-0.06405000000000005,0,0,94,-1
486,-576457028747,0.9006629248568527,3.1506577603484693,-4.8770415000000174e-5,5.068532699999766e-5,0,289424,0.01,0.005068532699999765,-0.0048770415000000174,0,-0.3042666666666668,0.0847,0,0,94,-1
487,-576457028736,0.9006624326646278,3.1506587300718745,-4.9668030000000456e-5,1.4325935399999503e-4,0,289434,0.01,0.009257402699999735,-8.97615000000285e-5,0,0.01948333333333324,-0.13405,0,0,94,-1
488,-576457028727,0.9006619314962527,3.150660565694549,-5.056564500000074e-5,2.2386518099999268e-4,0,289444,0.01,0.008060582699999763,-8.97615000000285e-5,0,-0.1380166666666668,0.02344999999999997,0,0,94,-1
489,-576457028716,0.9006614512722277,3.1506632672164945,-4.5479160000000997e-5,3.1643920799999e-4,0,289454,0.01,0.009257402699999735,5.086484999999744e-4,0,-0.1380166666666668,-0.1078,0,0,94,-1
490,-576457028706,0.9006591993321057,3.150658195118336,9.701416826566386e-5,5.457666789359035e-4,0,289464,0.01,0.02302083269999975,0.014272078499999981,0,-0.21676666666666677,-0.037800000000000056,0,1,95,2
491,-576457028696,0.9006607933162134,3.1506646841447603,0.0,0.0,1,289474,0.01,0.020627192699999738,0.012476848499999981,0,-0.09426666666666678,-0.12529999999999997,0,0,95,-1
492,-576457028686,0.9006616864431384,3.150665835186395,0.0,0.0,1,289484,0.01,0.02302083269999975,0.01786253849999998,0,-0.12051666666666677,0.0059499999999999,0,0,95,-1
493,-576457028676,0.9006623102855634,3.15066653742053,0.0,0.0,1,289494,0.01,0.014044682699999757,0.012476848499999981,0,-0.19926666666666676,0.07594999999999996,0,0,95,-1
494,-576457028666,0.9006621861154884,3.150667359336665,0.0,0.0,1,289504,0.01,0.016438322699999734,-0.002483401500000023,0,-0.14676666666666677,-0.037800000000000056,0,0,95,-1
495,-576457028657,0.9006623611504134,3.1506680316503,0.0,0.0,1,289514,0.01,0.013446272699999737,0.0035006984999999802,0,-0.02426666666666677,0.0847,0,0,95,-1
496,-576457028647,0.9006619939809977,3.1506681399834546,-8.159320350000018e-5,2.4074034299997782e-5,0,289523,0.009,0.002674892699999754,-0.00906591150000002,0,-0.2605166666666668,-0.020299999999999985,0,0,95,-1
497,-576457028637,0.9006809741874899,3.150625964050947,-1.4202683541456352e-4,1.2794047688736935e-4,0,289533,0.01,0.01045422269999974,-0.006073861500000023,0,-0.1380166666666668,0.0059499999999999,0,1,96,1
498,-576457028626,0.9006791006235608,3.1506277362463506,-2.3268595041456373e-4,2.264986038873669e-4,0,289543,0.01,0.009855812699999755,-0.00906591150000002,0,-0.04176666666666676,0.0059499999999999,0,0,96,-1
499,-576457028618,0.9006762606274816,3.1506293570440245,-3.35313265414564e-4,9.766093088736435e-5,0,289553,0.01,-0.012883767300000253,-0.010262731500000026,0,-0.07676666666666676,-0.01154999999999995,0,0,96,-1
500,-576457028606,0.9006723345172525,3.1506305571594684,-4.499087804145642e-4,1.423621578873618e-4,0,289563,0.01,0.004470122699999746,-0.011459551500000024,0,-0.22551666666666678,0.06719999999999993,0,0,96,-1
501,-576457028598,0.9006674718953733,3.1506319948436823,0.0,0.0,1,289573,0.01,2.8125269999974215e-4,-0.007270681500000021,0,0.01948333333333324,-0.02905000000000002,0,0,96,-1
502,-576457028588,0.9006674674072983,3.1506323679523174,0.0,0.0,1,289583,0.01,0.007462172699999743,-8.97615000000285e-5,0,-0.22551666666666678,-0.04654999999999998,0,0,96,-1
503,-576457028577,0.9006663347611499,3.150630430231654,0.0,0.0,1,289593,0.01,0.007462172699999743,-0.010262731500000026,0,-0.21676666666666677,0.04095000000000004,0,1,97,2
504,-576457028568,0.9006665397165748,3.150631252147789,4.099108499999983e-5,1.6438322699999735e-4,0,289603,0.01,0.016438322699999734,0.004099108499999983,0,-0.3917666666666668,-0.0027999999999999137,0,0,97,-1
505,-576457028558,0.9006671845033499,3.150633478532194,8.79662699999996e-5,2.8089365399999483e-4,0,289613,0.01,0.011651042699999746,0.0046975184999999775,0,-0.08551666666666677,-0.09904999999999997,0,0,97,-1
506,-576457028548,0.9006685384059749,3.1506376180333686,1.8281425499999936e-4,5.470065809999925e-4,0,289623,0.01,0.026611292699999768,0.009484798499999975,0,-0.18176666666666677,-0.13405,0,0,97,-1
507,-576457028538,0.90067081086795,3.1506441194588137,2.716781399999991e-4,7.5327850799999e-4,0,289633,0.01,0.020627192699999738,0.008886388499999972,0,-0.21676666666666677,0.02344999999999997,0,0,97,-1
508,-576457028526,0.9006740018892749,3.150652324557529,3.6652612499999884e-4,8.877412349999874e-4,0,289643,0.01,0.013446272699999737,0.009484798499999975,0,-0.17301666666666676,0.014699999999999935,0,0,97,-1
509,-576457028517,0.9006779020264499,3.150661664840014,0.0,0.0,1,289653,0.01,0.009257402699999735,0.0046975184999999775,0,-0.12926666666666675,0.05844999999999989,0,0,97,-1
510,-576457028507,0.9007171232155722,3.1505791119027524,4.1207821023452424e-5,1.2201427637617211e-4,0,289663,0.01,0.012249452699999731,0.004099108499999983,0,1.9619833333333332,0.04095000000000004,0,1,98,1
511,-576457028498,0.9007170520777074,3.150580016982651,-5.543539397654782e-5,5.900170337616973e-5,0,289673,0.01,-0.006301257300000238,-0.009664321500000024,0,-0.2867666666666668,-0.04654999999999998,0,0,98,-1
512,-576457028488,0.9007164034741926,3.15058089034682,-7.428530897654801e-5,1.1567113037616724e-4,0,289683,0.01,0.005666942699999751,-0.00188499150000002,0,-0.17301666666666676,0.12844999999999995,0,0,98,-1
513,-576457028478,0.9007153270075278,3.1505825099282587,-1.410080239765482e-4,2.0824515737616459e-4,0,289693,0.01,0.009257402699999735,-0.0066722715000000175,0,-0.08551666666666677,0.11969999999999992,0,0,98,-1
514,-576457028468,0.900713792757213,3.1505844568399675,-1.6584203897654844e-4,1.8113718437616204e-4,0,289703,0.01,-0.002710797300000255,-0.002483401500000023,0,-0.24301666666666677,0.0847,0,0,98,-1
515,-576457028458,0.9007117109617482,3.150586521638446,-2.505170539765486e-4,2.318225113761597e-4,0,289713,0.01,0.005068532699999765,-0.008467501500000018,0,0.03698333333333326,-0.07279999999999998,0,0,98,-1
516,-576457028449,0.9007091133744516,3.1505889344946474,0.0,0.0,1,289722,0.009,0.008060582699999763,-0.008467501500000018,0,-0.21676666666666677,0.06719999999999993,0,0,98,-1
517,-576457028438,0.900713922554867,3.150608748288847,0.0,0.0,1,289732,0.01,0.013446272699999737,-0.0066722715000000175,0,0.06323333333333325,0.0059499999999999,0,1,99,2
518,-576457028428,0.9007132598157921,3.150609300920482,0.0,0.0,1,289742,0.01,0.01105263269999976,-0.013254781500000024,0,-0.21676666666666677,-0.09904999999999997,0,0,99,-1
519,-576457028417,0.9007129262022171,3.1506104818826173,0.0,0.0,1,289752,0.01,0.023619242699999734,-0.0066722715000000175,0,-0.19926666666666676,-0.09030000000000005,0,0,99,-1
520,-576457028409,0.9007125028271421,3.150611543162752,0.0,0.0,1,289762,0.01,0.021225602699999725,-0.008467501500000018,0,-0.19926666666666676,-0.20405000000000006,0,0,99,-1
521,-576457028396,0.9007126778620671,3.150612484760887,3.50069849999998e-5,1.8831962699999746e-4,0,289772,0.01,0.018831962699999746,0.0035006984999999802,0,-0.29551666666666676,-0.06405000000000005,0,0,99,-1
522,-576457028388,0.9007137714563421,3.150615159952792,1.8371186999999962e-4,3.4671875399999496e-4,0,289782,0.01,0.01583991269999975,0.01487048849999998,0,-0.02426666666666677,0.0847,0,0,99,-1
523,-576457028378,0.9007159032919672,3.1506190900104674,2.4265525499999935e-4,4.392927809999923e-4,0,289792,0.01,0.009257402699999735,0.005894338499999974,0,-0.19051666666666678,0.014699999999999935,0,0,99,-1
524,-576457028368,0.9007359883740206,3.1505871777043986,3.2056506612230764e-4,5.23635537441259e-4,0,289802,0.01,0.008658992699999748,0.0076895684999999745,0,-0.02426666666666677,0.014699999999999935,0,1,100,1
525,-576457028359,0.9007393989801068,3.1505928170889077,3.6155615112230745e-4,6.042413644412566e-4,0,289812,0.01,0.008060582699999763,0.004099108499999983,0,-0.04176666666666676,0.04095000000000004,0,0,100,-1
526,-576457028349,0.900743189576543,3.150599023167687,3.965631361223073e-4,6.36974391441254e-4,0,289822,0.01,0.0032733026999997397,0.0035006984999999802,0,-0.2605166666666668,-0.055300000000000016,0,0,100,-1
527,-576457028338,0.9007469711968291,3.1506058557817367,3.597609211223071e-4,7.295484184412514e-4,0,289832,0.01,0.009257402699999735,-0.00368022150000002,0,-0.015516666666666762,-0.08155000000000001,0,0,100,-1
528,-576457028329,0.9007505044769654,3.150613195249056,3.4689510612230686e-4,7.38345045441249e-4,0,289842,0.01,8.796626999997621e-4,-0.0012865815000000257,0,-0.15551666666666678,-0.07279999999999998,0,0,100,-1
529,-576457028318,0.9007532807684515,3.1506205030006456,2.0836319112230658e-4,7.232052724412465e-4,0,289852,0.01,-0.0015139773000002494,-0.013853191500000027,0,-0.08551666666666677,0.04970000000000008,0,0,100,-1
530,-576457028308,0.9007548811842877,3.1506275995135047,1.1171997612230634e-4,6.96097299441244e-4,0,289862,0.01,-0.002710797300000255,-0.009664321500000024,0,-0.15551666666666678,-0.020299999999999985,0,0,100,-1
531,-576457028298,0.900755844293474,3.150634813913134,8.090186112230607e-5,7.467826264412416e-4,0,289872,0.01,0.005068532699999765,-0.003081811500000026,0,-0.3042666666666668,-0.02905000000000002,0,0,100,-1
532,-576457028288,0.9007558110500102,3.1506431934170336,-8.755055387769417e-5,9.291181534412389e-4,0,289882,0.01,0.018233552699999725,-0.016845241500000024,0,-0.10301666666666677,-0.0027999999999999137,0,0,100,-1
533,-576457028279,0.9007547216128965,3.150653486037703,-1.303368688776944e-4,0.0011294059804412364,0,289892,0.01,0.02002878269999975,-0.004278631500000023,0,-0.18176666666666677,0.04095000000000004,0,0,100,-1
534,-576457028269,0.9007539224046327,3.1506656917751426,-2.9504783877694533e-5,0.0013117415074412337,0,289902,0.01,0.018233552699999725,0.010083208499999986,0,-0.15551666666666678,-0.19530000000000003,0,0,100,-1
535,-576457028259,0.9007541015967189,3.150679870470352,6.534320112230521e-5,0.0015239975344412309,0,289912,0.01,0.021225602699999725,0.009484798499999975,0,-0.10301666666666677,-0.06405000000000005,0,0,100,-1
536,-576457028219,0.9007554686326551,3.1506962914078316,0.0,0.0,1,289922,0.01,0.023619242699999734,0.014272078499999981,0,-0.14676666666666677,-0.11655000000000004,0,0,100,-1
537,-576457028219,0.9007563617595801,3.1506967841984665,0.0,0.0,1,289932,0.01,0.009855812699999755,0.01786253849999998,0,-0.19926666666666676,-0.07279999999999998,0,0,100,-1
538,-576457028218,0.900756865920005,3.1506975163531017,0.0,0.0,1,289942,0.01,0.014643092699999744,0.010083208499999986,0,-0.14676666666666677,-0.17780000000000007,0,0,100,-1
539,-576457028106,0.90075683151143,3.1506980989052367,0.0,0.0,1,289952,0.01,0.011651042699999746,-6.881715000000228e-4,0,-0.19051666666666678,0.05844999999999989,0,0,100,-1
540,-576457028105,0.9007722484192461,3.150665809257647,0.0,0.0,1,289962,0.01,0.01045422269999974,5.086484999999744e-4,0,-0.24301666666666677,-0.0027999999999999137,0,1,101,1
541,-576457028105,0.9007720943286711,3.1506664516507823,0.0,0.0,1,289972,0.01,0.01284786269999975,-0.003081811500000026,0,-0.07676666666666676,-0.14280000000000004,0,0,101,-1
542,-576457028104,0.9007716544524403,3.1506667781043816,0.0,0.0,1,289981,0.009,0.008060582699999763,-0.010861141500000029,0,-0.14676666666666677,-0.13405,0,0,101,-1
543,-576457028104,0.9007711712363653,3.1506667622465168,-9.664321500000024e-5,-3.171573000002437e-6,0,289991,0.01,-3.171573000002437e-4,-0.009664321500000024,0,-0.26926666666666677,0.014699999999999935,0,0,101,-1
544,-576457028104,0.9007698711906403,3.150667013877922,-1.633659300000004e-4,5.3497853999995076e-5,0,290001,0.01,0.005666942699999751,-0.0066722715000000175,0,-0.12051666666666677,0.04970000000000008,0,0,101,-1
545,-576457028104,0.9007679936792654,3.150667592839597,-2.1213634500000058e-4,6.22944809999927e-5,0,290011,0.01,8.796626999997621e-4,-0.0048770415000000174,0,-0.03301666666666678,-0.20405000000000006,0,0,101,-1
546,-576457028104,0.9007660565812147,3.150668528414735,-2.1832988850000078e-4,1.456111052999903e-4,0,290020,0.009,0.009257402699999735,-6.881715000000228e-4,0,-0.06801666666666678,0.11094999999999988,0,0,101,-1
547,-576457028104,0.9007639884762546,3.150670866282923,-1.9529110350000094e-4,3.219625322999877e-4,0,290030,0.01,0.01763514269999974,0.002303878499999983,0,-0.20801666666666677,-0.12529999999999997,0,0,101,-1
548,-576457028104,0.9007624798846446,3.1506750574268807,0.0,0.0,1,290040,0.01,0.019430372699999733,0.008886388499999972,0,-0.18176666666666677,0.014699999999999935,0,0,101,-1
550,-576457028014,0.9007645563673446,3.1506800206394208,2.0166416999999956e-4,4.484484539999953e-4,0,290060,0.01,0.01763514269999974,0.009484798499999975,0,0.03698333333333326,0.04970000000000008,0,0,101,-1
551,-576457028013,0.9007668078849697,3.150685416801596,2.4863935499999933e-4,6.307839809999926e-4,0,290070,0.01,0.018233552699999725,0.0046975184999999775,0,-0.21676666666666677,0.014699999999999935,0,0,101,-1
552,-576457028012,0.9007646242248777,3.1506746007218487,3.0133386782132704e-4,8.77919372684099e-4,0,290080,0.01,0.024816062699999742,0.005295928499999981,0,-0.12926666666666675,-0.17780000000000007,0,1,102,2
553,-576457028012,0.900767962200981,3.15068399238821,3.6626135282132684e-4,0.0010004138996840962,0,290090,0.01,0.012249452699999731,0.006492748499999978,0,-0.12926666666666675,-0.16905000000000003,0,0,102,-1
554,-576457028012,0.9007715904059342,3.1506941601923417,3.5937963782132663e-4,0.0010331469266840936,0,290100,0.01,0.0032733026999997397,-6.881715000000228e-4,0,-0.32176666666666676,-0.1078,0,0,102,-1
555,-576457028012,0.9007751198732376,3.1507044458832434,3.465138228213264e-4,0.0010239912536840912,0,290110,0.01,-9.155673000002296e-4,-0.0012865815000000257,0,-0.06801666666666678,-0.0027999999999999137,0,0,102,-1
556,-576457028012,0.9007785206823908,3.150714849460915,3.3364800782132613e-4,0.0010567242806840886,0,290120,0.01,0.0032733026999997397,-0.0012865815000000257,0,-0.08551666666666677,0.05844999999999989,0,0,102,-1
557,-576457028012,0.900781852674394,3.150725071720357,3.3275039282132585e-4,9.877276076840863e-4,0,290130,0.01,-0.006899667300000224,-8.97615000000285e-5,0,-0.26926666666666677,-0.20405000000000006,0,0,102,-1
558,-576457028011,0.9007847568032472,3.1507355913895694,2.4807537782132566e-4,0.0011162062346840838,0,290140,0.01,0.01284786269999975,-0.008467501500000018,0,-0.15551666666666678,-0.06405000000000005,0,0,102,-1
559,-576457028011,0.9007867543409503,3.1507469470375513,1.5143216282132542e-4,0.0011549233616840813,0,290150,0.01,0.0038717126999997594,-0.009664321500000024,0,-0.18176666666666677,0.04970000000000008,0,0,102,-1
560,-576457028004,0.9007882641745035,3.150758749697803,1.5053454782132513e-4,0.0012056086886840789,0,290160,0.01,0.005068532699999765,-8.97615000000285e-5,0,-0.1380166666666668,-0.04654999999999998,0,0,102,-1
561,-576457027999,0.9007932049134537,3.1507861339749077,9.86357621041233e-5,0.001353706283567255,0,290171,0.011,0.01284786269999975,-0.0048770415000000174,0,-0.14676666666666677,-0.0027999999999999137,0,1,104,2
562,-576457027990,0.9007940072599997,3.150800732317878,6.18335471041231e-5,0.0015659623105672522,0,290181,0.01,0.021225602699999725,-0.00368022150000002,0,-0.10301666666666677,0.25970000000000004,0,0,104,-1
563,-576457027980,0.9007948305508957,3.150817632744119,1.0282463210412293e-4,0.0018141229375672496,0,290191,0.01,0.024816062699999742,0.004099108499999983,0,-0.15551666666666678,-0.020299999999999985,0,0,104,-1
564,-576457027970,0.900795752337244,3.1508348921942813,1.0201677860412267e-4,0.0020213104318672474,0,290200,0.009,0.02302083269999975,-8.97615000000285e-5,0,-0.050516666666666765,0.032200000000000006,0,0,104,-1
565,-576457027960,0.9008292946839414,3.150788031314562,1.858446367710863e-4,0.0022622916556112077,0,290210,0.01,0.029603342699999764,0.005894338499999974,0,0.03698333333333326,0.014699999999999935,0,1,105,1
566,-576457027950,0.900830819516734,3.150811535988253,1.1912192177108612e-4,0.002438643082611205,0,290220,0.01,0.01763514269999974,-0.0066722715000000175,0,-0.15551666666666678,0.23344999999999994,0,0,105,-1
567,-576457027941,0.9008321259298767,3.150836534891714,1.4216070677108595e-4,0.0025611376096112025,0,290230,0.01,0.012249452699999731,0.002303878499999983,0,-0.2605166666666668,-0.01154999999999995,0,0,105,-1
568,-576457027930,0.9008340516973694,3.150862429614945,2.429927917710858e-4,0.0026178070366112,0,290240,0.01,0.005666942699999751,0.010083208499999986,0,-0.015516666666666762,0.04095000000000004,0,0,105,-1
569,-576457027920,0.9008366566602121,3.1508886815889463,2.779997767710856e-4,0.0026325877636111973,0,290250,0.01,0.001478072699999748,0.0035006984999999802,0,-0.12051666666666677,-0.08155000000000001,0,0,105,-1
570,-576457027910,0.9008393424084048,3.1509149018472176,2.5914986177108545e-4,0.002611463890611195,0,290260,0.01,-0.0021123873000002354,-0.00188499150000002,0,-0.1380166666666668,-0.1078,0,0,105,-1
571,-576457027900,0.9008415404524475,3.1509412699127584,1.804589467710853e-4,0.002662149217611193,0,290270,0.01,0.005068532699999765,-0.007869091500000015,0,1.9444833333333331,-0.12529999999999997,0,0,105,-1
572,-576457027891,0.9008230410814694,3.1508941523921385,4.586879322107506e-5,0.0025885317038452176,0,290280,0.01,0.002674892699999754,-0.010861141500000029,0,-0.05926666666666677,-0.055300000000000016,0,1,106,2
573,-576457027881,0.9008236149633265,3.1509202911358116,6.890757822107488e-5,0.0026392170308452154,0,290290,0.01,0.005068532699999765,0.002303878499999983,0,-0.32176666666666676,0.0059499999999999,0,0,106,-1
574,-576457027870,0.9008242696305337,3.1509468469712547,6.202586322107466e-5,0.0026719500578452128,0,290300,0.01,0.0032733026999997397,-6.881715000000228e-4,0,-0.2517666666666668,0.11969999999999992,0,0,106,-1
575,-576457027861,0.900824646037091,3.150974238785468,1.3255448221074488e-5,0.00280641278484521,0,290310,0.01,0.013446272699999737,-0.0048770415000000174,0,-0.24301666666666677,0.02344999999999997,0,0,106,-1
576,-576457027848,0.9008250134674982,3.151003364193451,6.023063322107427e-5,0.0030186688118452073,0,290320,0.01,0.021225602699999725,0.0046975184999999775,0,-0.10301666666666677,0.07594999999999996,0,0,106,-1
577,-576457027841,0.9008258506497555,3.1510347019232046,1.0720581822107404e-4,0.0032488771388452047,0,290330,0.01,0.02302083269999975,0.0046975184999999775,0,-0.10301666666666677,-0.11655000000000004,0,0,106,-1
578,-576457027830,0.900866351786781,3.150983575921306,1.3766007175476007e-4,0.003372326274833749,0,290340,0.01,0.027209702699999786,-0.00368022150000002,0,-0.20801666666666677,-0.0027999999999999137,0,1,107,1
579,-576457027821,0.9008679034224235,3.1510181211001895,0.0,0.0,1,290350,0.01,0.016438322699999734,0.0035006984999999802,0,-0.14676666666666677,-0.13405,0,0,107,-1
580,-576457027809,0.9008681382983486,3.1510189430163247,0.0,0.0,1,290360,0.01,0.016438322699999734,0.0046975184999999775,0,-0.1380166666666668,0.04095000000000004,0,0,107,-1
581,-576457027801,0.9008681588986128,3.151019560297184,0.0,0.0,1,290369,0.009,0.015241502699999729,5.086484999999744e-4,0,-0.22551666666666678,-0.09904999999999997,0,0,107,-1
582,-576457027791,0.9008689323435378,3.1510197239623188,0.0,0.0,1,290379,0.01,0.0032733026999997397,0.015468898499999979,0,-0.2342666666666668,-0.09030000000000005,0,0,107,-1
583,-576457027778,0.9008690774579629,3.1510202466734536,2.9022884999999775e-5,1.045422269999974e-4,0,290389,0.01,0.01045422269999974,0.0029022884999999774,0,-0.3042666666666668,0.04095000000000004,0,0,107,-1
584,-576457027770,0.9008690340732378,3.1510214856813588,-3.76998300000004e-5,1.43259353999995e-4,0,290399,0.01,0.0038717126999997594,-0.0066722715000000175,0,0.08073333333333321,-0.06405000000000005,0,0,107,-1
585,-576457027761,0.9008866223939578,3.151091384206751,-1.1601933066480053e-4,7.570082543624843e-5,0,290409,0.01,-0.006899667300000224,-0.007869091500000015,0,-0.36551666666666677,-0.020299999999999985,0,1,108,2
586,-576457027752,0.9008851285870761,3.1510924245621403,-1.8274204566480072e-4,1.3237025243624593e-4,0,290419,0.01,0.005666942699999751,-0.0066722715000000175,0,-0.11176666666666678,-0.13405,0,0,108,-1
587,-576457027742,0.9008829077120445,3.1510939119297996,-2.614329606648009e-4,1.6510327943624334e-4,0,290429,0.01,0.0032733026999997397,-0.007869091500000015,0,-0.2342666666666668,-0.29155,0,0,108,-1
588,-576457027732,0.9008800196098627,3.151095876230229,-3.161874756648011e-4,2.2775680643624072e-4,0,290439,0.01,0.006265352699999737,-0.005475451500000021,0,-0.19926666666666676,0.07594999999999996,0,0,108,-1
589,-576457027722,0.9008767036445311,3.1510985269069285,-3.4700559066480136e-4,3.0237853343623817e-4,0,290449,0.01,0.007462172699999743,-0.003081811500000026,0,-0.17301666666666676,0.04970000000000008,0,0,108,-1
590,-576457027712,0.9008733188620495,3.151102163164898,-3.299509056648016e-4,4.248730604362355e-4,0,290459,0.01,0.012249452699999731,0.0017054684999999801,0,-0.08551666666666677,0.0059499999999999,0,0,108,-1
591,-576457027702,0.9008703739109178,3.151107473175637,-2.5903932066480176e-4,6.371290874362327e-4,0,290469,0.01,0.021225602699999725,0.007091158499999981,0,-0.17301666666666676,0.09345000000000003,0,0,108,-1
592,-576457027691,0.9009317923976199,3.1509784823731324,-1.70118390612216e-4,7.449494204601074e-4,0,290479,0.01,0.013446272699999737,0.0076895684999999745,0,-0.2517666666666668,-0.0027999999999999137,0,1,109,1
593,-576457027680,0.9009303260896389,3.150987441954972,-1.231432056122162e-4,0.0010469669474601052,0,290489,0.01,0.030201752699999782,0.0046975184999999775,0,-0.19926666666666676,-0.17780000000000007,0,0,109,-1
594,-576457027604,0.9009292397720078,3.1509987933815813,-9.412032061221642e-5,0.0012233183744601026,0,290499,0.01,0.01763514269999974,0.0029022884999999774,0,-0.3042666666666668,0.04095000000000004,0,0,109,-1
595,-576457027603,0.9009285633652266,3.151012207527461,-4.1161035612216614e-5,0.0014595108014601,0,290509,0.01,0.023619242699999734,0.005295928499999981,0,-0.2605166666666668,-0.17780000000000007,0,0,109,-1
596,-576457027603,0.9009279378232955,3.1510272954261107,-8.394735061221685e-5,0.0015580689284600976,0,290519,0.01,0.009855812699999755,-0.004278631500000023,0,-0.16426666666666678,-0.09904999999999997,0,0,109,-1
597,-576457027603,0.9009273930667143,3.15104292009853,-2.5003965612217102e-5,0.0015668655554600952,0,290529,0.01,8.796626999997621e-4,0.005894338499999974,0,-0.12051666666666677,-0.09030000000000005,0,0,109,-1
598,-576457027603,0.9009270039811068,3.1510599192087936,-4.5738872112217324e-5,0.0015238817651600928,0,290540,0.011,-0.003907617300000227,-0.00188499150000002,0,-0.16426666666666678,-0.2128,0,0,109,-1
599,-576457027602,0.900926734109547,3.1510737909490443,-1.4232585612217507e-5,0.0015587271794600907,0,290549,0.009,0.0038717126999997594,0.0035006984999999802,0,0.03698333333333326,-0.2128,0,0,109,-1
600,-576457027602,0.900926258170116,3.151089212760474,0.0,0.0,1,290559,0.01,-0.003309207300000241,-0.0066722715000000175,0,-0.19926666666666676,0.06719999999999993,0,0,109,-1
601,-576457027502,0.900925715113041,3.1510893764256087,0.0,0.0,1,290569,0.01,0.0032733026999997397,-0.010861141500000029,0,-0.006766666666666782,-0.09904999999999997,0,0,109,-1
602,-576457027501,0.9009415735026706,3.1511496478124665,0.0,0.0,1,290579,0.01,0.0032733026999997397,-0.004278631500000023,0,-0.16426666666666678,-0.16905000000000003,0,1,110,2
603,-576457027501,0.9009413894915955,3.1511501705236014,0.0,0.0,1,290589,0.01,0.01045422269999974,-0.00368022150000002,0,-0.17301666666666676,0.15470000000000006,0,0,110,-1
604,-576457027500,0.9009413251625206,3.151150782996236,0.0,0.0,1,290599,0.01,0.012249452699999731,-0.0012865815000000257,0,0.04573333333333324,0.04095000000000004,0,0,110,-1
605,-576457027500,0.9009413805154456,3.1511511561048713,0.0,0.0,1,290609,0.01,0.007462172699999743,0.0011070584999999858,0,-0.05926666666666677,0.10220000000000007,0,0,110,-1
606,-576457027500,0.9009415256298706,3.1511520677825064,0.0,0.0,1,290619,0.01,0.018233552699999725,0.0029022884999999774,0,-0.12926666666666675,-0.12529999999999997,0,0,110,-1
607,-576457027500,0.9009419101082956,3.1511533684266415,0.0,0.0,1,290629,0.01,0.02601288269999978,0.0076895684999999745,0,-0.09426666666666678,0.02344999999999997,0,0,110,-1
608,-576457027500,0.9009425937917206,3.1511546391502767,0.0,0.0,1,290639,0.01,0.02541447269999976,0.013673668499999979,0,-0.050516666666666765,-0.020299999999999985,0,0,110,-1
609,-576457027500,0.9009430081906455,3.151155281543412,0.0,0.0,1,290649,0.01,0.01284786269999975,0.008287978499999979,0,-0.10301666666666677,0.10220000000000007,0,0,110,-1
610,-576457027500,0.9009430635435706,3.151155475129047,1.1070584999999859e-5,3.87171269999976e-5,0,290659,0.01,0.0038717126999997594,0.0011070584999999858,0,-0.34801666666666675,-0.01154999999999995,0,0,110,-1
611,-576457027498,0.9009435886483456,3.151156265329452,9.395036999999964e-5,1.1932295399999523e-4,0,290669,0.01,0.008060582699999763,0.008287978499999979,0,-0.24301666666666677,-0.020299999999999985,0,0,110,-1
612,-576457027491,0.9009503039664335,3.1511782507678983,1.5898065453436304e-4,2.1229500789185746e-4,0,290679,0.01,0.009257402699999735,0.006492748499999978,0,-0.3830166666666668,-0.14280000000000004,0,1,112,2
613,-576457027482,0.9009522483309038,3.151180208257612,2.2989223953436287e-4,1.7920293489185504e-4,0,290689,0.01,-0.003309207300000241,0.007091158499999981,0,-0.16426666666666678,-0.02905000000000002,0,0,112,-1
614,-576457027473,0.9009547222882242,3.151182134031596,2.6489922453436265e-4,2.0595186189185257e-4,0,290699,0.01,0.002674892699999754,0.0035006984999999802,0,-0.19051666666666678,-0.09030000000000005,0,0,112,-1
615,-576457027461,0.9009573967128945,3.1511844170563497,2.699857095343624e-4,2.5065308889185003e-4,0,290709,0.01,0.004470122699999746,5.086484999999744e-4,0,-0.32176666666666676,-0.17780000000000007,0,0,112,-1
616,-576457027451,0.9009600920819149,3.1511874163778737,2.690880945343621e-4,3.4921121589184757e-4,0,290719,0.01,0.009855812699999755,-8.97615000000285e-5,0,0.001983333333333226,-0.020299999999999985,0,0,112,-1
617,-576457027442,0.9009629879182851,3.1511914910421677,3.1007917953436193e-4,4.65721642891845e-4,0,290729,0.01,0.011651042699999746,0.004099108499999983,0,-0.08551666666666677,0.04095000000000004,0,0,112,-1
618,-576457027432,0.9009655456530055,3.1511969103337316,2.0146776453436164e-4,6.181366698918423e-4,0,290739,0.01,0.015241502699999729,-0.010861141500000029,0,-0.06801666666666678,0.15470000000000006,0,0,112,-1
619,-576457027421,0.9010830263115616,3.1509585302624346,2.3288706764086663e-4,7.613696628635932e-4,0,290749,0.01,0.018831962699999746,0.0011070584999999858,0,-0.19051666666666678,0.02344999999999997,0,1,113,1
620,-576457027412,0.901084662522663,3.1509678036491984,0.0,0.0,1,290759,0.01,0.03319380269999978,-0.013853191500000027,0,-0.17301666666666676,0.0847,0,0,113,-1
621,-576457027400,0.901084628114088,3.1509684759628334,0.0,0.0,1,290769,0.01,0.013446272699999737,-6.881715000000228e-4,0,-0.1380166666666668,-0.17780000000000007,0,0,113,-1
622,-576457027391,0.901084892910513,3.1509690585149683,0.0,0.0,1,290779,0.01,0.011651042699999746,0.005295928499999981,0,-0.050516666666666765,-0.055300000000000016,0,0,113,-1
623,-576457027381,0.901085067945438,3.1509698804311035,3.50069849999998e-5,1.6438322699999735e-4,0,290789,0.01,0.016438322699999734,0.0035006984999999802,0,-0.3042666666666668,-0.13405,0,0,113,-1
624,-576457027372,0.901085682811713,3.1509724658615084,8.79662699999996e-5,3.5270285399999484e-4,0,290799,0.01,0.018831962699999746,0.005295928499999981,0,-0.03301666666666678,0.0059499999999999,0,0,113,-1
625,-576457027361,0.9010995704227189,3.1510237897714855,1.1722802299737315e-4,3.624241298910737e-4,0,290809,0.01,8.796626999997621e-4,0.0029022884999999774,0,-0.21676666666666677,-0.02905000000000002,0,1,114,2
626,-576457027352,0.901100887817374,3.1510278170419195,1.4625090799737293e-4,4.430299568910714e-4,0,290819,0.01,0.008060582699999763,0.0029022884999999774,0,-0.11176666666666678,0.02344999999999997,0,0,114,-1
627,-576457027342,0.9011024056793789,3.1510327999731236,1.5732149299737278e-4,5.535562838910689e-4,0,290829,0.01,0.01105263269999976,0.0011070584999999858,0,-0.11176666666666678,0.12844999999999995,0,0,114,-1
628,-576457027332,0.901104303531734,3.1510387086445975,0.0,0.0,1,290839,0.01,0.007462172699999743,0.006492748499999978,0,-0.18176666666666677,-0.14280000000000004,0,0,114,-1
629,-576457027321,0.901104837612659,3.1510387227072325,0.0,0.0,1,290849,0.01,2.8125269999974215e-4,0.010681618499999981,0,-0.17301666666666676,-0.037800000000000056,0,0,114,-1
630,-576457027311,0.901104922886084,3.1510389462133674,0.0,0.0,1,290859,0.01,0.004470122699999746,0.0017054684999999801,0,-0.14676666666666677,0.15470000000000006,0,0,114,-1
631,-576457027297,0.901104768795509,3.1510396185270024,0.0,0.0,1,290869,0.01,0.013446272699999737,-0.003081811500000026,0,-0.15551666666666678,-0.13405,0,0,114,-1
632,-576457027291,0.901104644625434,3.1510404703636374,0.0,0.0,1,290879,0.01,0.017036732699999755,-0.002483401500000023,0,-0.15551666666666678,0.04095000000000004,0,0,114,-1
633,-576457027280,0.9011665505150381,3.1509093558941488,0.0,0.0,1,290890,0.011,0.016438322699999734,-0.0066722715000000175,0,-0.18176666666666677,-0.17780000000000007,0,1,115,1
634,-576457027270,0.9011662767424631,3.150910207730784,0.0,0.0,1,290900,0.01,0.017036732699999755,-0.005475451500000021,0,0.03698333333333326,-0.06405000000000005,0,0,115,-1
635,-576457027260,0.901166002969888,3.1509109099649186,0.0,0.0,1,290910,0.01,0.014044682699999757,-0.005475451500000021,0,-0.19051666666666678,0.02344999999999997,0,0,115,-1
636,-576457027250,0.901165699276813,3.1509115523580538,0.0,0.0,1,290920,0.01,0.01284786269999975,-0.006073861500000023,0,0.010733333333333234,-0.14280000000000004,0,0,115,-1
637,-576457027240,0.901166113675738,3.150912464035689,8.287978499999978e-5,1.8233552699999727e-4,0,290930,0.01,0.018233552699999725,0.008287978499999979,0,-0.2867666666666668,-0.19530000000000003,0,0,115,-1
638,-576457027230,0.9011674466340129,3.1509147801815938,1.8371186999999964e-4,2.8089365399999483e-4,0,290940,0.01,0.009855812699999755,0.010083208499999986,0,-0.33926666666666677,-0.06405000000000005,0,0,115,-1
639,-576457027220,0.9011711579017461,3.1509256458014634,1.4096424698507385e-4,3.4968103799245924e-4,0,290950,0.01,0.006863762699999757,-0.004278631500000023,0,-0.12051666666666677,-0.24780000000000002,0,1,116,2
640,-576457027211,0.901173011863641,3.1509289472309785,2.2982813198507357e-4,3.1060486499245697e-4,0,290960,0.01,-0.003907617300000227,0.008886388499999972,0,-0.07676666666666676,-0.2128,0,0,116,-1
641,-576457027201,0.9011756048618857,3.1509320673422634,2.887715169850733e-4,3.134173919924544e-4,0,290970,0.01,2.8125269999974215e-4,0.005894338499999974,0,-0.2867666666666668,-0.09904999999999997,0,0,116,-1
642,-576457027191,0.9011783983274806,3.1509356643863184,2.699216019850731e-4,4.0599141899245176e-4,0,290980,0.01,0.009257402699999735,-0.00188499150000002,0,-0.22551666666666678,-0.1078,0,0,116,-1
643,-576457027181,0.9011815717834254,3.150939588760643,3.647695869850729e-4,3.788834459924492e-4,0,290990,0.01,-0.002710797300000255,0.009484798499999975,0,-0.3042666666666668,0.032200000000000006,0,0,116,-1
644,-576457027170,0.9011849457067201,3.150943690862738,3.1001507198507265e-4,4.4153697299244656e-4,0,291000,0.01,0.006265352699999737,-0.005475451500000021,0,-0.04176666666666676,0.032200000000000006,0,0,116,-1
645,-576457027160,0.9011880413693649,3.1509485092616027,3.0911745698507237e-4,5.221427999924442e-4,0,291010,0.01,0.008060582699999763,-8.97615000000285e-5,0,-0.36551666666666677,0.09345000000000003,0,0,116,-1
646,-576457027149,0.9012180966780897,3.1508970370285825,3.069140520607823e-4,5.564775130445981e-4,0,291020,0.01,0.004470122699999746,-6.881715000000228e-4,0,-0.18176666666666677,0.11969999999999992,0,1,117,1
647,-576457027140,0.9012211052640416,3.1509041527997494,2.4010157556078208e-4,7.372990627445952e-4,0,291031,0.011,0.016438322699999734,-0.006073861500000023,0,-0.2517666666666668,-0.1603,0,0,117,-1
648,-576457027129,0.9012238907582223,3.150912467388512,3.1699726056078184e-4,9.256186897445926e-4,0,291041,0.01,0.018831962699999746,0.0076895684999999745,0,-0.2780166666666668,-0.0027999999999999137,0,0,117,-1
649,-576457027120,0.901226906640253,3.1509223659685444,2.861791455607816e-4,0.0010540973167445901,0,291051,0.01,0.01284786269999975,-0.003081811500000026,0,-0.050516666666666765,0.06719999999999993,0,0,117,-1
650,-576457027109,0.9012300631486335,3.150933698937347,3.4512253056078135e-4,0.0012124964437445877,0,291061,0.01,0.01583991269999975,0.005894338499999974,0,-0.11176666666666678,0.20720000000000005,0,0,117,-1
651,-576457027100,0.9012329713168642,3.1509466757384192,2.3651111556078106e-4,0.0013828637707445851,0,291071,0.01,0.017036732699999755,-0.010861141500000029,0,-0.16426666666666678,-0.11655000000000004,0,0,117,-1
652,-576457027089,0.9012356012244448,3.1509611168487615,2.894704005607809e-4,0.0015053582977445825,0,291081,0.01,0.012249452699999731,0.005295928499999981,0,-0.04176666666666676,0.0847,0,0,117,-1
653,-576457027079,0.9012065154652443,3.1508583227341282,3.1524498932520656e-4,0.0015631148956770208,0,291091,0.01,0.011651042699999746,0.004099108499999983,0,-0.26926666666666677,-0.04654999999999998,0,1,118,2
654,-576457027070,0.9012095138245626,3.1508746860377204,2.844268743252063e-4,0.0017095458226770183,0,291101,0.01,0.014643092699999744,-0.003081811500000026,0,-0.14676666666666677,-0.037800000000000056,0,0,118,-1
655,-576457027059,0.9012126528102309,3.1508916758765824,3.4337025932520607e-4,0.001688421949677016,0,291111,0.01,-0.0021123873000002354,0.005894338499999974,0,-0.04176666666666676,-0.1078,0,0,118,-1
656,-576457027048,0.9012163812297491,3.150909531614714,4.0231364432520583e-4,0.0018827256766770133,0,291121,0.01,0.019430372699999733,0.005894338499999974,0,-0.21676666666666677,0.02344999999999997,0,0,118,-1
657,-576457027040,0.9012202801961173,3.150928372934116,3.774796293252056e-4,0.0018855382036770108,0,291131,0.01,2.8125269999974215e-4,-0.002483401500000023,0,-0.20801666666666677,-0.02905000000000002,0,0,118,-1
658,-576457027029,0.9012242300273355,3.1509475415837875,4.124866143252054e-4,0.0019481917306770082,0,291141,0.01,0.006265352699999737,0.0035006984999999802,0,-0.2867666666666668,0.02344999999999997,0,0,118,-1
659,-576457027020,0.9012285299284037,3.1509673666892293,4.474935993252052e-4,0.0020168293576770056,0,291151,0.01,0.006863762699999757,0.0035006984999999802,0,-0.2342666666666668,0.04970000000000008,0,0,118,-1
660,-576457027009,0.9012435296556807,3.150965691126654,5.091308668883888e-4,0.001964545232632686,0,291161,0.01,-0.003309207300000241,0.005295928499999981,0,-0.20801666666666677,0.0847,0,1,119,1
661,-576457027000,0.9012482873507746,3.150985590005615,4.4240815188838857e-4,0.0020152305596326837,0,291171,0.01,0.005068532699999765,-0.0066722715000000175,0,-0.2342666666666668,-0.06405000000000005,0,0,119,-1
662,-576457026988,0.9012530360697185,3.1510062051813463,5.073356368883883e-4,0.0021078045866326812,0,291181,0.01,0.009257402699999735,0.006492748499999978,0,-0.19051666666666678,0.0059499999999999,0,0,119,-1
663,-576457026980,0.9012576226907147,3.1510257927034853,5.119134733883881e-4,0.0022449781109326787,0,291190,0.009,0.015241502699999729,5.086484999999744e-4,0,-0.33926666666666677,0.04095000000000004,0,0,119,-1
664,-576457026970,0.9012626176553736,3.1510490344802293,4.8707945838838787e-4,0.002403377237932676,0,291200,0.01,0.01583991269999975,-0.002483401500000023,0,-0.19926666666666676,0.06719999999999993,0,0,119,-1
665,-576457026962,0.9012670052338825,3.1510736508047437,3.9043624338838765e-4,0.0025198876649326738,0,291210,0.01,0.011651042699999746,-0.009664321500000024,0,-0.18176666666666677,0.06719999999999993,0,0,119,-1
666,-576457026950,0.9012709649492414,3.151100030643528,4.015068283883875e-4,0.0027560800919326713,0,291220,0.01,0.023619242699999734,0.0011070584999999858,0,-0.16426666666666678,0.07594999999999996,0,0,119,-1
667,-576457026940,0.9012775368728239,3.151137996971632,4.096398330335356e-4,0.0029800608663281677,0,291230,0.01,0.021225602699999725,5.086484999999744e-4,0,-0.05926666666666677,0.11094999999999988,0,1,120,2
668,-576457026930,0.9012815390215791,3.1511684998144305,3.9078991803353537e-4,0.0031205076933281655,0,291240,0.01,0.014044682699999757,-0.00188499150000002,0,-0.2867666666666668,-0.0027999999999999137,0,0,120,-1
669,-576457026920,0.9012858313991845,3.1512001378409984,4.676856030335351e-4,0.003207097620328163,0,291250,0.01,0.008658992699999748,0.0076895684999999745,0,-0.02426666666666677,0.06719999999999993,0,0,120,-1
670,-576457026911,0.9012907431311399,3.1512316843108366,5.146607880335349e-4,0.0031021963473281604,0,291260,0.01,-0.010490127300000242,0.0046975184999999775,0,0.010733333333333234,-0.06405000000000005,0,0,120,-1
671,-576457026901,0.9012967529454452,3.1512630195419447,6.873020730335347e-4,0.0031648498743281576,0,291270,0.01,0.006265352699999737,0.01726412849999998,0,-0.24301666666666677,-0.055300000000000016,0,0,120,-1
672,-576457026888,0.9013035915576005,3.151295160831323,6.804203580335345e-4,0.0032634080013281552,0,291280,0.01,0.009855812699999755,-6.881715000000228e-4,0,-0.06801666666666678,-0.15155000000000007,0,0,120,-1
673,-576457026880,0.9013104511141059,3.1513279585764713,0.0,0.0,1,291290,0.01,0.0032733026999997397,0.0011070584999999858,0,-0.04176666666666676,-0.037800000000000056,0,0,120,-1
674,-576457026870,0.9014362274902412,3.1510610308532683,0.0,0.0,1,291300,0.01,0.005666942699999751,0.004099108499999983,0,0.03698333333333326,-0.09904999999999997,0,1,121,1
675,-576457026861,0.9014365820481662,3.1510615236439032,0.0,0.0,1,291310,0.01,0.009855812699999755,0.007091158499999981,0,-0.21676666666666677,-0.20405000000000006,0,0,121,-1
676,-576457026846,0.9014364877985912,3.151062405401038,-1.88499150000002e-5,1.7635142699999742e-4,0,291320,0.01,0.01763514269999974,-0.00188499150000002,0,-0.36551666666666677,-0.09030000000000005,0,0,121,-1
677,-576457026837,0.9014366902556545,3.151065985876567,4.9997155499999544e-5,3.7449096209999386e-4,0,291333,0.013,0.015241502699999729,0.005295928499999981,0,-0.12051666666666677,-0.08155000000000001,0,0,121,-1
678,-576457026828,0.9014368566136346,3.151070492861323,-1.6725559500000637e-5,5.269059890999912e-4,0,291343,0.01,0.015241502699999729,-0.0066722715000000175,0,-0.24301666666666677,0.032200000000000006,0,0,121,-1
679,-576457026818,0.9014366549494646,3.151076105109349,-2.3607274500000868e-5,5.955436160999888e-4,0,291353,0.01,0.006863762699999757,-6.881715000000228e-4,0,-0.08551666666666677,-0.12529999999999997,0,0,121,-1
680,-576457026808,0.9013827485415643,3.1508841215928354,-9.092111202188272e-5,6.554375713614748e-4,0,291362,0.009,0.007462172699999743,-0.007270681500000021,0,-0.16426666666666678,-0.04654999999999998,0,1,122,2
681,-576457026799,0.9013821340473691,3.150891049077184,0.0,0.0,1,291372,0.01,0.007462172699999743,0.005894338499999974,0,-0.19051666666666678,0.11094999999999988,0,0,122,-1
682,-576457026789,0.9013819500362941,3.150891392265319,0.0,0.0,1,291382,0.01,0.006863762699999757,-0.00368022150000002,0,-0.06801666666666678,-0.06405000000000005,0,0,122,-1
683,-576457026778,0.9013825140377191,3.150892184260954,1.1280028499999984e-4,1.583991269999975e-4,0,291392,0.01,0.01583991269999975,0.011280028499999983,0,-0.2780166666666668,-0.15155000000000007,0,0,122,-1
684,-576457026768,0.9013833981884941,3.150894470486359,6.402986999999967e-5,2.9884595399999505e-4,0,291402,0.01,0.014044682699999757,-0.0048770415000000174,0,-0.21676666666666677,0.032200000000000006,0,0,122,-1
685,-576457026759,0.9013840938401191,3.1508977722135336,7.510045499999953e-5,3.6149948099999243e-4,0,291412,0.01,0.006265352699999737,0.0011070584999999858,0,-0.21676666666666677,0.04970000000000008,0,0,122,-1
686,-576457026748,0.9013849899590941,3.150901580793979,1.0412333999999931e-4,4.0021660799999004e-4,0,291422,0.01,0.0038717126999997594,0.0029022884999999774,0,-0.22551666666666678,0.05844999999999989,0,0,122,-1
687,-576457026739,0.9014644356082583,3.1507400888902426,9.959824795567055e-5,4.2174060118797417e-4,0,291432,0.01,0.002674892699999754,-6.881715000000228e-4,0,-0.12051666666666677,-0.07279999999999998,0,1,123,1
688,-576457026728,0.9014652475796628,3.1507450683713896,0.0,0.0,1,291442,0.01,0.015241502699999729,-0.00368022150000002,0,0.001983333333333226,0.0059499999999999,0,0,123,-1
689,-576457026719,0.9014656320580878,3.1507454115595244,0.0,0.0,1,291452,0.01,0.006863762699999757,0.0076895684999999745,0,-0.16426666666666678,-0.14280000000000004,0,0,123,-1
690,-576457026709,0.9014658968545128,3.150746203555159,5.295928499999981e-5,1.583991269999975e-4,0,291462,0.01,0.01583991269999975,0.005295928499999981,0,-0.26926666666666677,-0.09904999999999997,0,0,123,-1
691,-576457026699,0.9014667211642878,3.1507485197010645,1.1190266999999956e-4,3.04830053999995e-4,0,291472,0.01,0.014643092699999744,0.005894338499999974,0,-0.10301666666666677,0.04970000000000008,0,0,123,-1
692,-576457026689,0.9014673868954128,3.1507523899177396,2.1243554999999354e-5,4.692132809999923e-4,0,291482,0.01,0.016438322699999734,-0.00906591150000002,0,0.001983333333333226,0.18094999999999994,0,0,123,-1
693,-576457026676,0.9014673255583878,3.1507579039666846,-3.3510960000000856e-5,6.335965079999897e-4,0,291492,0.01,0.016438322699999734,-0.005475451500000021,0,-0.17301666666666676,-0.14280000000000004,0,0,123,-1
694,-576457026668,0.9014080035187608,3.1505487949876336,-7.207828249050309e-5,7.313097770632854e-4,0,291502,0.01,0.01045422269999974,-0.00368022150000002,0,-0.19926666666666676,-0.1078,0,1,124,2
695,-576457026658,0.9014072782478609,3.1505571095245393,0.0,0.0,1,291512,0.01,0.02002878269999975,-8.97615000000285e-5,0,-0.19051666666666678,-0.1078,0,0,124,-1
696,-576457026649,0.9014067950317859,3.1505581109636744,0.0,0.0,1,291522,0.01,0.02002878269999975,-0.009664321500000024,0,-0.11176666666666678,-0.12529999999999997,0,0,124,-1
697,-576457026638,0.9014067905437109,3.1505586935158094,0.0,0.0,1,291532,0.01,0.011651042699999746,-8.97615000000285e-5,0,-0.19051666666666678,0.032200000000000006,0,0,124,-1
699,-576457026604,0.9014071406135609,3.1505591405280793,0.0,0.0,1,291552,0.01,0.005666942699999751,0.0076895684999999745,0,-0.050516666666666765,0.0059499999999999,0,0,124,-1
700,-576457026603,0.9014072581562451,3.1505592973324434,0.0,0.0,1,291561,0.009,0.0038717126999997594,0.0029022884999999774,0,-0.12051666666666677,0.11094999999999988,0,0,124,-1
701,-576457026599,0.9014074032706701,3.1505597901230784,0.0,0.0,1,291571,0.01,0.009855812699999755,0.0029022884999999774,0,-0.18176666666666677,0.09345000000000003,0,0,124,-1
702,-576457026589,0.9014073090210951,3.150560043549713,-1.88499150000002e-5,5.068532699999766e-5,0,291581,0.01,0.005068532699999765,-0.00188499150000002,0,-0.3130166666666668,0.05844999999999989,0,0,124,-1
703,-576457026578,0.9014946055878057,3.150378472835131,4.658251613463374e-5,1.6009223123547697e-4,0,291591,0.01,0.01105263269999976,0.006492748499999978,0,-0.3042666666666668,-0.01154999999999995,0,1,125,1
704,-576457026569,0.901494677958392,3.1503807161505786,-3.210839886536642e-5,2.885708582354745e-4,0,291601,0.01,0.01284786269999975,-0.007869091500000015,0,-0.07676666666666676,-0.25655000000000006,0,0,125,-1
705,-576457026559,0.9014947712733283,3.150383915126796,5.077138613463336e-5,3.5122438523547186e-4,0,291611,0.01,0.006265352699999737,0.008287978499999979,0,-0.16426666666666678,0.1634500000000001,0,0,125,-1
706,-576457026550,0.9014955437836147,3.150388129604783,1.0373067113463318e-4,4.916712122354694e-4,0,291621,0.01,0.014044682699999757,0.005295928499999981,0,0.13323333333333326,-0.07279999999999998,0,0,125,-1
707,-576457026539,0.9014947993121136,3.1503876370133908,1.1472427027925528e-4,7.395344506610379e-4,0,291631,0.01,0.024816062699999742,0.0011070584999999858,0,-0.06801666666666678,-0.09030000000000005,0,1,126,2
708,-576457026529,0.9014954633387414,3.150395644830532,1.8081055279255042e-5,8.620289776610352e-4,0,291641,0.01,0.012249452699999731,-0.009664321500000024,0,-0.10301666666666677,0.25095,0,0,126,-1
709,-576457026520,0.9014954601382191,3.1504047878314436,-1.872115972074516e-5,9.665712046610325e-4,0,291651,0.01,0.01045422269999974,-0.00368022150000002,0,0.001983333333333226,-0.09030000000000005,0,0,126,-1
710,-576457026510,0.9014953582000469,3.1504149164136255,-1.66647472074536e-6,0.0010591452316610298,0,291661,0.01,0.009257402699999735,0.0017054684999999801,0,-0.07676666666666676,-0.13405,0,0,126,-1
711,-576457026500,0.9014952173652246,3.150426060497577,-2.6500489720745588e-5,0.0011696715586610273,0,291671,0.01,0.01105263269999976,-0.002483401500000023,0,-0.02426666666666677,-0.07279999999999998,0,0,126,-1
712,-576457026489,0.9014952769977524,3.150437771275799,3.8426995279254196e-5,0.0011724840856610248,0,291681,0.01,2.8125269999974215e-4,0.006492748499999978,0,-0.07676666666666676,-0.22155000000000002,0,0,126,-1
713,-576457026478,0.9014956268591302,3.15044965978179,0.0,0.0,1,291691,0.01,0.0032733026999997397,-6.881715000000228e-4,0,-0.19051666666666678,-0.02905000000000002,0,0,126,-1
714,-576457026469,0.9014988040278317,3.150442474580214,0.0,0.0,1,291701,0.01,-0.006301257300000238,-0.002483401500000023,0,-0.16426666666666678,0.032200000000000006,0,1,127,1
715,-576457026460,0.9014992483472567,3.150442339040349,0.0,0.0,1,291711,0.01,-0.002710797300000255,0.008886388499999972,0,0.01948333333333324,-0.02905000000000002,0,0,127,-1
716,-576457026450,0.9014995131436817,3.150442771989984,5.295928499999981e-5,8.658992699999748e-5,0,291721,0.01,0.008658992699999748,0.005295928499999981,0,-0.26926666666666677,-0.09030000000000005,0,0,127,-1
717,-576457026439,0.9014998587254567,3.150443831474889,1.6157069999999606e-5,1.2530705399999508e-4,0,291731,0.01,0.0038717126999997594,-0.00368022150000002,0,-0.14676666666666677,0.06719999999999993,0,0,127,-1
718,-576457026430,0.9014995670005818,3.150445218290064,-7.45020450000006e-5,1.5205598099999262e-4,0,291741,0.01,0.002674892699999754,-0.00906591150000002,0,-0.19051666666666678,0.1634500000000001,0,0,127,-1
719,-576457026420,0.9014990568560568,3.1504473214020092,-2.7526860000000826e-5,2.6856640799999005e-4,0,291751,0.01,0.011651042699999746,0.0046975184999999775,0,-0.2780166666666668,0.14595000000000002,0,0,127,-1
720,-576457026409,0.9014989865428817,3.1504501108902243,1.3464224999999005e-5,2.893312349999877e-4,0,291761,0.01,0.002076482699999768,0.004099108499999983,0,-0.04176666666666676,0.07594999999999996,0,0,127,-1
721,-576457026376,0.9014338303718887,3.1502179822349157,-6.194886015309179e-5,2.756909453571695e-4,0,291771,0.01,-3.171573000002437e-4,-0.007270681500000021,0,-0.22551666666666678,0.34719999999999995,0,1,128,2
724,-576457026288,0.901430644931909,3.1502322140244914,-1.3046680515309253e-4,6.491586263571619e-4,0,291801,0.01,0.009855812699999755,-8.97615000000285e-5,0,-0.1380166666666668,0.11969999999999992,0,0,128,-1
725,-576457026288,0.9014296649012826,3.15023910863989,-6.553932015309275e-5,7.297644533571596e-4,0,291811,0.01,0.008060582699999763,0.006492748499999978,0,-0.04176666666666676,0.1721999999999999,0,0,128,-1
726,-576457026288,0.9014293640660062,3.1502470785980585,5.372264846907062e-6,8.642271803571569e-4,0,291821,0.01,0.013446272699999737,0.007091158499999981,0,-0.2517666666666668,0.11969999999999992,0,0,128,-1
727,-576457026287,0.9014291739365796,3.150255016840497,-4.339815015309311e-5,7.234213073571543e-4,0,291831,0.01,-0.01408058730000026,-0.0048770415000000174,0,-0.14676666666666677,-0.18655,0,0,128,-1
728,-576457026287,0.9014285858330475,3.1502592608761275,-8.729152365309327e-5,2.1969772165715204e-4,0,291840,0.009,-0.05596928730000025,-0.0048770415000000174,0,-0.26926666666666677,-0.04654999999999998,0,0,128,-1
729,-576457026287,0.901427498986236,3.150255787020979,-1.300778386530935e-4,-9.144687513428504e-4,0,291850,0.01,-0.11341664730000026,-0.004278631500000023,0,-0.22551666666666678,0.25970000000000004,0,0,128,-1
730,-576457026287,0.9014266425272744,3.1502412707061005,-4.121395365309379e-5,-0.001988794224342853,0,291860,0.01,-0.10743254730000026,0.008886388499999972,0,-0.4180166666666668,0.2859499999999999,0,0,128,-1
731,-576457026286,0.901427692004163,3.150215831613492,2.5110933134690603e-4,-0.0030990242973428558,0,291870,0.01,-0.11102300730000025,0.02923232849999998,0,-0.2605166666666668,0.2246999999999999,0,0,128,-1
732,-576457026286,0.9014316946344014,3.1501797988686535,5.494167163469059e-4,-0.004107524670342859,0,291880,0.01,-0.10085003730000028,0.029830738499999978,0,-0.22551666666666678,0.1721999999999999,0,0,128,-1
733,-576457026280,0.9014381716899899,3.1501300607395852,7.459944013469056e-4,-0.005840101143342861,0,291890,0.01,-0.17325764730000026,0.019657768499999978,0,-0.07676666666666676,0.19845000000000002,0,0,128,-1
734,-576457026269,0.9014096557854729,3.149924880624338,0.0010008074490049609,-0.008151783092321235,0,291900,0.01,-0.22591772730000031,0.02683868849999998,0,-0.08551666666666677,0.25095,0,1,130,2
735,-576457026260,0.901421005794388,3.1498313787355494,0.0012691943340049606,-0.010548594665321237,0,291910,0.01,-0.23968115730000028,0.02683868849999998,0,-0.15551666666666678,0.2859499999999999,0,0,130,-1
736,-576457026251,0.9014341719776531,3.149709211212531,0.0013640423190049602,-0.013884909938321241,0,291920,0.01,-0.33363152730000034,0.009484798499999975,0,-0.22551666666666678,0.07594999999999996,0,0,130,-1
737,-576457026241,0.9014476583102682,3.149542609951783,0.0013332242040049599,-0.019435342211321243,0,291930,0.01,-0.5550432273000002,-0.003081811500000026,0,-0.17301666666666676,0.15470000000000006,0,0,130,-1
738,-576457026231,0.9014593105162332,3.1493165847828046,9.972169890049595e-4,-0.025769691584321245,0,291940,0.01,-0.6334349373000002,-0.03360072150000003,0,-0.1380166666666668,0.1634500000000001,0,0,130,-1
739,-576457026221,0.9014691585160483,3.1490259594590966,9.723829740049593e-4,-0.032355373157321246,0,291950,0.01,-0.6585681573000003,-0.002483401500000023,0,-0.24301666666666677,0.02344999999999997,0,0,130,-1
740,-576457026211,0.9014777408787134,3.148676149591158,7.44089559004959e-4,-0.03760660043032125,0,291960,0.01,-0.5251227273000003,-0.022829341500000027,0,-0.07676666666666676,0.032200000000000006,0,0,130,-1
742,-576457026191,0.9014928440815935,3.147827101492592,0.0010055947290049587,-0.047899611476321255,0,291980,0.01,-0.5747907573000003,0.03701165849999998,0,-0.2867666666666668,0.07594999999999996,0,0,130,-1
743,-576457026180,0.9015046608503086,3.1473211909904637,0.0013577590140049585,-0.053282488949321256,0,291990,0.01,-0.5382877473000003,0.03521642849999998,0,-0.32176666666666676,0.06719999999999993,0,0,130,-1
744,-576457026169,0.9015199693413737,3.1467608533036056,0.0017039391990049584,-0.05878504842232126,0,292000,0.01,-0.5502559473000003,0.03461801849999998,0,-0.2517666666666668,-0.037800000000000056,0,0,130,-1
745,-576457026161,0.901537094593594,3.146208290721689,0.0021016724055049583,-0.06400663644802126,0,292009,0.009,-0.5801764473000004,0.04419257849999998,0,-0.21676666666666677,0.12844999999999995,0,0,130,-1
746,-576457026151,0.9015588847625741,3.1455417886978436,0.0022563613905049584,-0.06929376832102127,0,292019,0.01,-0.5287131873000002,0.015468898499999979,0,-0.15551666666666678,-0.037800000000000056,0,0,130,-1
747,-576457026143,0.9015818328549041,3.1448280703297686,0.0023332570755049582,-0.07344990529402128,0,292029,0.01,-0.41561369730000036,0.0076895684999999745,0,-0.18176666666666677,-0.09030000000000005,0,0,130,-1
748,-576457026131,0.9016068053798689,3.144002507134288,0.002207202009004958,-0.07665249388432127,0,292040,0.011,-0.29114441730000024,-0.011459551500000024,0,-0.19926666666666676,-0.06405000000000005,0,0,130,-1
749,-576457026121,0.9016142188763836,3.143255449989294,0.0021731915307074854,-0.0793501004210116,0,292049,0.009,-0.29473487730000025,-0.002483401500000023,0,-0.21676666666666677,-0.02905000000000002,0,1,131,2
750,-576457026111,0.9016362455086157,3.1424469728772193,0.0022321349157074853,-0.0823453219940116,0,292059,0.01,-0.2995221573000002,0.005894338499999974,0,-0.2342666666666668,-0.07279999999999998,0,0,131,-1
751,-576457026101,0.9016608064071977,3.141606389273414,0.002680044800707485,-0.08577139876701159,0,292069,0.01,-0.3426076773000003,0.04479098849999998,0,-0.09426666666666678,-0.16905000000000003,0,0,131,-1
752,-576457026092,0.9016922699651297,3.1407303181613786,0.003612666785707485,-0.08944282364001159,0,292079,0.01,-0.3671424873000002,0.09326219849999998,0,-0.18176666666666677,0.0059499999999999,0,0,131,-1
753,-576457026081,0.9017335085504119,3.1398185201771134,0.004635050270707484,-0.09291677321301159,0,292089,0.01,-0.34739495730000036,0.10223834849999996,0,-0.2867666666666668,-0.01154999999999995,0,0,131,-1
754,-576457026072,0.901783684389044,3.138872491345618,0.005400117455707484,-0.09628899308601159,0,292099,0.01,-0.33722198730000025,0.07650671849999999,0,-0.22551666666666678,0.02344999999999997,0,0,131,-1
755,-576457026061,0.9018399849540261,3.137892291507893,0.005859995540707484,-0.0997509744590116,0,292109,0.01,-0.34619813730000026,0.04598780849999998,0,-0.19926666666666676,-0.020299999999999985,0,0,131,-1
756,-576457026051,0.901959734113568,3.13674933605665,0.005930549010289932,-0.1036387522168765,0,292119,0.01,-0.3731265873000002,-8.97615000000285e-5,0,-0.04176666666666676,-0.07279999999999998,0,1,132,1
757,-576457026041,0.902017389488096,3.1356906718246162,0.005600525895289932,-0.1080940941898765,0,292129,0.01,-0.4455341973000003,-0.033002311500000006,0,-0.19926666666666676,-0.07279999999999998,0,0,132,-1
758,-576457026031,0.9020712060624738,3.134583414905353,0.0051627889802899314,-0.1133572896628765,0,292139,0.01,-0.5263195473000003,-0.043773691500000024,0,-0.2342666666666668,-0.01154999999999995,0,0,132,-1
759,-576457026021,0.9021200767782017,3.1334181403413592,0.004611354165289931,-0.11969762313587651,0,292149,0.01,-0.6340333473000003,-0.05514348150000003,0,-0.24301666666666677,-0.2128,0,0,132,-1
760,-576457026011,0.9021623260872795,3.1321894624426356,0.0038385076502899305,-0.1260379566088765,0,292159,0.01,-0.6340333473000003,-0.07728465150000004,0,-0.08551666666666677,0.11094999999999988,0,0,132,-1
761,-576457026001,0.9021969965337074,3.1308991764391823,0.00309558163528993,-0.1320192440818765,0,292169,0.01,-0.5981287473000003,-0.07429260150000004,0,0.16823333333333323,0.12844999999999995,0,0,132,-1
762,-576457025992,0.9022216782688293,3.1296860277244245,0.00238924839178993,-0.1375693591975765,0,292178,0.009,-0.6166794573000003,-0.07848147150000001,0,-0.11176666666666678,-0.09904999999999997,0,0,132,-1
763,-576457025982,0.9022295315432312,3.128226524080091,0.0018079802132072362,-0.144767329424794,0,292188,0.01,-0.7130234673000002,-0.05634030150000004,0,-0.03301666666666678,0.07594999999999996,0,1,133,2
764,-576457025966,0.9022448541712882,3.126743289373978,0.0012565453982072358,-0.15187961179779402,0,292198,0.01,-0.7112282373000003,-0.05514348150000003,0,-0.08551666666666677,0.0059499999999999,0,0,133,-1
765,-576457025862,0.9022546026101953,3.1251900688231347,6.931423832072355e-4,-0.15876449837079404,0,292208,0.01,-0.6884886573000003,-0.05634030150000004,0,-0.1380166666666668,0.06719999999999993,0,0,133,-1
766,-576457025862,0.9022584477344524,3.123572248117562,7.588246820723512e-5,-0.16479964274379405,0,292218,0.01,-0.6035144373000003,-0.06172599150000003,0,-0.06801666666666678,-0.04654999999999998,0,0,133,-1
767,-576457025861,0.9022576462050595,3.1218975467462586,-2.3618834679276505e-4,-0.17014063151679407,0,292228,0.01,-0.5340988773000003,-0.031207081500000015,0,0.010733333333333234,0.02344999999999997,0,0,133,-1
768,-576457025861,0.9022559380845167,3.1201757487127257,-1.054357617927652e-4,-0.17421897518979407,0,292238,0.01,-0.4078343673000002,0.013075258499999983,0,-0.08551666666666677,0.02344999999999997,0,0,133,-1
769,-576457025860,0.9022570035943238,3.1184153215184627,3.185377232072346e-4,-0.17786646366279407,0,292248,0.01,-0.3647488473000003,0.04239734849999998,0,-0.20801666666666677,0.0847,0,0,133,-1
770,-576457025860,0.9022633261359809,3.11662021466947,9.459706082072344e-4,-0.18115490613579407,0,292258,0.01,-0.3288442473000003,0.06274328849999998,0,-0.22551666666666678,0.18969999999999998,0,0,133,-1
771,-576457025860,0.9022745167429881,3.114788273889747,0.0012921507932072342,-0.18523324980879408,0,292268,0.01,-0.4078343673000002,0.03461801849999998,0,-0.11176666666666678,0.1721999999999999,0,0,133,-1
772,-576457025860,0.9022862668633451,3.112911630087794,0.001057873278207234,-0.19009551058179408,0,292278,0.01,-0.48622607730000017,-0.02342775150000002,0,-0.29551666666666676,-0.02905000000000002,0,0,133,-1
773,-576457025859,0.9022945372295522,3.110985765268111,5.961999632072338e-4,-0.1950774533547941,0,292288,0.01,-0.4981942773000003,-0.04616733150000002,0,0.001983333333333226,-0.16905000000000003,0,0,133,-1
774,-576457025859,0.9022980113396093,3.109012414819698,9.862204820723349e-5,-0.1995926363277941,0,292298,0.01,-0.4515182973000003,-0.04975779150000002,0,-0.16426666666666678,-0.01154999999999995,0,0,133,-1
775,-576457025857,0.9022974970470163,3.106994331428555,-2.014805667927666e-4,-0.2040240419007941,0,292308,0.01,-0.44314055730000024,-0.03001026150000001,0,-0.18176666666666677,-0.19530000000000003,0,0,133,-1
776,-576457025852,0.9023805752195119,3.1047607274012883,1.7978033575013325e-4,-0.20809057440819156,0,292318,0.01,-0.3797090973000004,0.02564186849999998,0,-0.1380166666666668,0.02344999999999997,0,1,134,1
777,-576457025842,0.9023010536416161,3.1023650983033275,4.3671398796887623e-4,-0.21207875352004094,0,292328,0.01,-0.3527806473000003,0.03820847849999998,0,-0.04176666666666676,-0.09904999999999997,0,1,135,2
778,-576457025834,0.9023071217619207,3.100226163087262,7.769100729688761e-4,-0.21570828969304093,0,292338,0.01,-0.36295361730000036,0.034019608499999986,0,-0.12051666666666677,-0.1078,0,0,135,-1
779,-576457025824,0.9023155644535367,3.098271106753934,0.001099243619468876,-0.21874867326874092,0,292347,0.009,-0.3378203973000003,0.03581483849999998,0,-0.10301666666666677,-0.1078,0,0,135,-1
780,-576457025813,0.9023273602551564,3.096066908524382,0.0012599167044688756,-0.22209097264174094,0,292357,0.01,-0.3342299373000002,0.016067308499999978,0,-0.19051666666666678,-0.02905000000000002,0,0,135,-1
781,-576457025804,0.902339416365126,3.0938287487320997,0.0011513052894688753,-0.22554098581474094,0,292367,0.01,-0.3450013173000003,-0.010861141500000029,0,-0.17301666666666676,-0.37905,0,0,135,-1
782,-576457025794,0.9023497281099457,3.0915566273770874,9.110436744688752e-4,-0.22888328518774095,0,292377,0.01,-0.3342299373000002,-0.024026161500000014,0,-0.09426666666666678,-0.02905000000000002,0,0,135,-1
783,-576457025781,0.9026548274119417,3.088639637915996,0.0010457340477577704,-0.23349472281478223,0,292387,0.01,-0.3665440773000003,-0.031207081500000015,0,-0.21676666666666677,-0.07279999999999998,0,1,136,1
784,-576457025771,0.9026642031263442,3.0862856453919836,8.294088327577701e-4,-0.23730378198778224,0,292397,0.01,-0.3809059173000004,-0.021632521500000022,0,-0.04176666666666676,0.02344999999999997,0,0,136,-1
785,-576457025761,0.9026716250320967,3.083893831560741,6.549723177577699e-4,-0.24105898426078223,0,292407,0.01,-0.3755202273000003,-0.017443651500000018,0,-0.33926666666666677,-0.23030000000000006,0,0,136,-1
786,-576457025753,0.9026771828906993,3.081466470380268,4.5659940275776965e-4,-0.24441325183378224,0,292417,0.01,-0.3354267573000002,-0.01983729150000003,0,-0.18176666666666677,-0.20405000000000006,0,0,136,-1
787,-576457025744,0.9026793806771518,3.079005716126565,-1.7042112242230637e-5,-0.24773759890678224,0,292427,0.01,-0.33243470730000024,-0.04736415150000003,0,-0.050516666666666765,-0.17780000000000007,0,0,136,-1
788,-576457025733,0.9026773806174544,3.0765088460341325,-3.8296982724223086e-4,-0.2516364195797822,0,292437,0.01,-0.38988206730000025,-0.036592771500000024,0,-0.3042666666666668,-0.020299999999999985,0,0,136,-1
789,-576457025723,0.9025415271340148,3.073519494385053,-9.488674100737326e-4,-0.256764975540601,0,292447,0.01,-0.44373896730000034,-0.03719118150000003,0,-0.29551666666666676,-0.037800000000000056,0,1,137,2
790,-576457025713,0.902529879695839,3.070929478158282,-0.0013806202250737328,-0.26123826981360104,0,292457,0.01,-0.44732942730000036,-0.04317528150000002,0,-0.04176666666666676,-0.15155000000000007,0,0,137,-1
791,-576457025704,0.9025144532985132,3.068293113281781,-0.0017046592400737329,-0.266034705486601,0,292467,0.01,-0.4796435673000003,-0.03240390150000002,0,-0.09426666666666678,-0.09904999999999997,0,0,137,-1
792,-576457025694,0.9024997060965374,3.0656095919020503,-0.001244781155073733,-0.27066957045960105,0,292477,0.01,-0.4634864973000003,0.04598780849999998,0,-0.14676666666666677,0.06719999999999993,0,0,137,-1
793,-576457025683,0.9024871041944117,3.0628825044790893,-0.0012755992700737334,-0.2747479141326011,0,292487,0.01,-0.4078343673000002,-0.003081811500000026,0,-0.17301666666666676,-0.07279999999999998,0,0,137,-1
794,-576457025674,0.902472398881136,3.060113197435398,-0.0016654633850737336,-0.2791134946056011,0,292497,0.01,-0.43655804730000036,-0.03898641150000002,0,-0.2605166666666668,-0.1603,0,0,137,-1
795,-576457025663,0.9024524185837103,3.0572979905494773,-0.002330596100073734,-0.2839278825786011,0,292507,0.01,-0.48143879730000033,-0.06651327150000001,0,-0.12051666666666677,-0.22155000000000002,0,0,137,-1
796,-576457025649,0.9024251885491346,3.0544357169218266,-0.003115410815073734,-0.2885268429516011,0,292517,0.01,-0.4598960373000003,-0.07848147150000001,0,-0.2780166666666668,-0.20405000000000006,0,0,137,-1
797,-576457025644,0.9029678539916892,3.0503741806448232,-0.002975395740656687,-0.2945317316284789,0,292527,0.01,-0.42877871730000033,-0.06950532150000001,0,-0.14676666666666677,-0.23904999999999998,0,1,138,1
798,-576457025632,0.9029360908727077,3.0474084416896736,-0.0033772280556566875,-0.2986160594014789,0,292537,0.01,-0.40843277730000027,-0.04018323150000003,0,-0.4180166666666668,0.04970000000000008,0,0,138,-1
799,-576457025624,0.9029021645015761,3.044402966515294,-0.0034080461706566876,-0.3024789754744789,0,292547,0.01,-0.38629160730000034,-0.003081811500000026,0,-0.4092666666666668,-0.02905000000000002,0,0,138,-1
800,-576457025613,0.9028705330327945,3.0413604180461844,-0.0029182475856566878,-0.30603071834747886,0,292557,0.01,-0.3551742873000002,0.04897985849999998,0,-0.24301666666666677,-0.13405,0,0,138,-1
801,-576457025603,0.902844757005863,3.0382842371398446,-0.002236957800656688,-0.30920546292047885,0,292567,0.01,-0.31747445730000023,0.06812897849999998,0,-0.22551666666666678,-0.020299999999999985,0,0,138,-1
802,-576457025594,0.9028272899017814,3.035175381252275,-0.0012564630156566882,-0.31256571459347887,0,292577,0.01,-0.33602516730000026,0.09804947849999998,0,-0.2342666666666668,-0.16905000000000003,0,0,138,-1
803,-576457025583,0.9028204954400498,3.032033162211975,-1.0242933065668846e-4,-0.3158780934664789,0,292587,0.01,-0.33123788730000026,0.11540336849999998,0,-0.18176666666666677,-0.29155,0,0,138,-1
804,-576457025573,0.9027677259149585,3.0286732435182335,7.218216710089153e-4,-0.31920586176298543,0,292597,0.01,-0.30610466730000024,0.09027014849999998,0,-0.21676666666666677,-0.28280000000000005,0,1,139,2
805,-576457025563,0.9027778718525936,3.025464742688239,0.0013073658560089152,-0.32249430423598546,0,292607,0.01,-0.3288442473000003,0.05855441849999998,0,-0.2780166666666668,-0.18655,0,0,139,-1
806,-576457025553,0.9027958479850787,3.022223088149014,0.0022878606410089153,-0.3258366036089855,0,292617,0.01,-0.3342299373000002,0.09804947849999998,0,-0.34801666666666675,-0.23904999999999998,0,0,139,-1
807,-576457025543,0.9028241975549137,3.0189490877540597,0.0033820533260089155,-0.3289634753819855,0,292627,0.01,-0.31268717730000034,0.10941926849999999,0,-0.2605166666666668,0.04095000000000004,0,0,139,-1
808,-576457025534,0.9028641173820988,3.015644566653875,0.004601912111008915,-0.3319407446549855,0,292637,0.01,-0.2977269273000003,0.12198587849999998,0,-0.14676666666666677,-0.12529999999999997,0,0,139,-1
809,-576457025523,0.9029160861946339,3.01231233737546,0.005791850396008915,-0.3345051110279855,0,292647,0.01,-0.25643663730000027,0.11899382849999998,0,-0.3567666666666668,-0.08155000000000001,0,0,139,-1
810,-576457025513,0.9039825963986831,3.0070278726377078,0.008065332094946703,-0.3393234252361247,0,292657,0.01,-0.2139495273000002,0.09146696849999998,0,-0.2342666666666668,-0.055300000000000016,0,1,140,1
811,-576457025504,0.9040654294280575,3.003623881067982,0.008501273779946703,-0.3414748887091247,0,292667,0.01,-0.21514634730000023,0.043594168499999975,0,-0.16426666666666678,-0.13405,0,0,140,-1
812,-576457025494,0.904153280125282,3.0002019653235257,0.009068865664946702,-0.34290826018212467,0,292677,0.01,-0.14333714730000024,0.05675918849999998,0,-0.015516666666666762,0.032200000000000006,0,0,140,-1
813,-576457025484,0.9042381438519957,2.9971108583092008,0.009789740271446702,-0.3440044096678247,0,292686,0.009,-0.12179438730000026,0.08009717849999998,0,-0.11176666666666678,-0.09030000000000005,0,0,140,-1
814,-576457025474,0.9043470774311352,2.9936647244931573,0.011996975556446701,-0.3452223535408247,0,292696,0.01,-0.12179438730000026,0.22072352849999996,0,-0.15551666666666678,-0.14280000000000004,0,0,140,-1
815,-576457025464,0.9044742535391247,2.990212634702384,0.013438246041446701,-0.3451956046138247,0,292706,0.01,0.002674892699999754,0.1441270485,0,-0.26926666666666677,-0.02905000000000002,0,0,140,-1
816,-576457025452,0.9046121322099641,2.986755815677381,0.0141374881264467,-0.3461682003868247,0,292716,0.01,-0.09725957730000023,0.06992420849999999,0,-0.1380166666666668,-0.20405000000000006,0,0,140,-1
817,-576457025444,0.9045371136189897,2.982617513095458,0.013684859855619012,-0.34920702276769866,0,292726,0.01,-0.21514634730000023,-0.017443651500000018,0,-0.15551666666666678,-0.15155000000000007,0,1,141,2
818,-576457025434,0.904667943708971,2.979110227395916,0.012481158140619012,-0.35225011714069865,0,292736,0.01,-0.3043094373000003,-0.12037017150000004,0,-0.20801666666666677,0.06719999999999993,0,0,141,-1
819,-576457025425,0.9047867966228021,2.975567244744644,0.011289424625619012,-0.35634641311369863,0,292746,0.01,-0.40962959730000037,-0.11917335150000001,0,-0.15551666666666678,-0.18655,0,0,141,-1
820,-576457025414,0.9048922361764833,2.9719838975436423,0.009798486110619013,-0.3603230270866986,0,292756,0.01,-0.3976613973000004,-0.1490938515,0,-0.2867666666666668,-0.02905000000000002,0,0,141,-1
821,-576457025404,0.9049826167425146,2.9683648533909106,0.008277627095619012,-0.3634858034596986,0,292766,0.01,-0.31627763730000025,-0.1520859015,0,-0.26926666666666677,-0.20405000000000006,0,0,141,-1
822,-576457025394,0.9050588060153958,2.9647142712359487,0.006960227480619011,-0.3666306275326986,0,292776,0.01,-0.31448240730000027,-0.13173996150000006,0,-0.11176666666666678,-0.07279999999999998,0,0,141,-1
823,-576457025383,0.905122030735627,2.9610335872627567,0.00568471656561901,-0.3695061671056986,0,292786,0.01,-0.2875539573000002,-0.12755109150000005,0,-0.18176666666666677,-0.14280000000000004,0,0,141,-1
824,-576457025373,0.9058552638598543,2.956084694262105,0.00541364967857449,-0.3739438447881865,0,292796,0.01,-0.28516031730000024,-0.11199243150000004,0,-0.12051666666666677,-0.12529999999999997,0,1,142,1
825,-576457025365,0.905904608588565,2.9523318056518577,0.00445529606357449,-0.37663387726118647,0,292806,0.01,-0.26900324730000025,-0.09583536150000005,0,-0.19051666666666678,-0.22155000000000002,0,0,142,-1
826,-576457025354,0.9059450878731258,2.948552884411381,0.0036405608485744903,-0.37915037083418646,0,292816,0.01,-0.25164935730000026,-0.0814735215,0,-0.22551666666666678,-0.09030000000000005,0,0,142,-1
827,-576457025345,0.9059785567845365,2.944749486406674,0.0030532214335744897,-0.3815292301071865,0,292826,0.01,-0.23788592730000033,-0.05873394150000003,0,-0.17301666666666676,-0.11655000000000004,0,0,142,-1
828,-576457025334,0.9060066908707973,2.9409244540852373,0.0025735958185744896,-0.3834772341801865,0,292836,0.01,-0.19480040730000026,-0.047962561500000014,0,-0.20801666666666677,-0.09904999999999997,0,0,142,-1
829,-576457025325,0.9060312255209081,2.9370802110075704,0.0023333342035744896,-0.3853713813531865,0,292846,0.01,-0.18941471730000023,-0.024026161500000014,0,-0.24301666666666677,-0.20405000000000006,0,0,142,-1
830,-576457025315,0.9060523673070294,2.933603712567241,0.0023648404900744892,-0.3871838276088865,0,292855,0.009,-0.2013829173000002,0.0035006984999999802,0,-0.2780166666666668,-0.15155000000000007,0,0,142,-1
831,-576457025305,0.905818028099477,2.9289864528665683,0.002237727058070094,-0.39033113134993125,0,292865,0.01,-0.22472090730000027,0.01786253849999998,0,-0.17301666666666676,-0.29155,0,1,143,2
832,-576457025296,0.9058419268274828,2.9250706189262043,0.0025420185430700937,-0.39283565672293125,0,292875,0.01,-0.2504525373000003,0.03042914849999998,0,-0.32176666666666676,-0.15155000000000007,0,0,143,-1
833,-576457025286,0.9058685393448385,2.92113027830111,0.0027804849280700936,-0.3952324682959312,0,292885,0.01,-0.23968115730000028,0.02384663849999998,0,-0.3830166666666668,-0.07279999999999998,0,0,143,-1
834,-576457025275,0.9058979554130441,2.9171674356647856,0.0031027287130700933,-0.3973360589689312,0,292895,0.01,-0.2103590673000002,0.032224378499999984,0,-0.24301666666666677,-0.15155000000000007,0,0,143,-1
835,-576457025265,0.9059298758270997,2.9131837665652314,0.003281354098070093,-0.3993977609419312,0,292905,0.01,-0.20617019730000025,0.01786253849999998,0,-0.09426666666666678,-0.1603,0,0,143,-1
836,-576457025255,0.9059649289175055,2.9091829811444474,0.003729263983070093,-0.4007593232149312,0,292915,0.01,-0.1361562273000002,0.04479098849999998,0,-0.17301666666666676,0.04095000000000004,0,0,143,-1
837,-576457025244,0.9074990178516826,2.902649091423309,0.006549026286522538,-0.40489531676005597,0,292925,0.01,-0.11461346730000023,0.11061608849999997,0,-0.19926666666666676,-0.23904999999999998,0,1,144,1
838,-576457025234,0.9075824921126436,2.8981926894845818,0.008628112070022537,-0.405359581190356,0,292936,0.011,-0.04220585730000024,0.1890077985,0,-0.33926666666666677,0.02344999999999997,0,0,144,-1
839,-576457025225,0.9076811558322688,2.8941377014718133,0.011104631855022536,-0.40563802136335597,0,292946,0.01,-0.02784401730000024,0.24765197849999998,0,-0.3042666666666668,-0.20405000000000006,0,0,144,-1
840,-576457025214,0.907805691808244,2.8900787322373147,0.013802563340022535,-0.406155825536356,0,292956,0.01,-0.05178041730000022,0.26979314849999997,0,-0.20801666666666677,-0.13405,0,0,144,-1
841,-576457025204,0.9079561299610692,2.8860117425135865,0.016285067225022536,-0.407242119209356,0,292966,0.01,-0.10862936730000024,0.2482503885,0,-0.36551666666666677,-0.08155000000000001,0,0,144,-1
842,-576457025194,0.9081275633287444,2.881929282096128,0.018001606310022535,-0.409249964282356,0,292976,0.01,-0.20078450730000025,0.1716539085,0,-0.015516666666666762,-0.09030000000000005,0,0,144,-1
843,-576457025184,0.9083089811672697,2.8778279699684397,0.018281961395022535,-0.411012461255356,0,292986,0.01,-0.17624969730000029,0.02803550849999998,0,-0.14676666666666677,-0.3528,0,0,144,-1
844,-576457025174,0.9089369961948722,2.874853255752446,0.018348243665967944,-0.4114862081833126,0,292996,0.01,-0.17744651730000024,-0.041978461500000015,0,-0.06801666666666678,-0.08155000000000001,0,1,145,2
845,-576457025164,0.9091173923319569,2.870730000072748,0.017730983750967943,-0.4131649277563126,0,293006,0.01,-0.16787195730000026,-0.06172599150000003,0,-0.1380166666666668,-0.22155000000000002,0,0,145,-1
846,-576457025154,0.9092919150748915,2.86659276972432,0.017173564835967943,-0.4142811419293126,0,293016,0.01,-0.11162141730000023,-0.05574189150000003,0,0.01948333333333324,-0.25655000000000006,0,0,145,-1
847,-576457025144,0.9094446316170944,2.8628584585280956,0.016763444542467944,-0.4155657905650126,0,293025,0.009,-0.14273873730000025,-0.04556892150000002,0,-0.12051666666666677,-0.18655,0,0,145,-1
848,-576457025135,0.9096083419889441,2.8586932401250804,0.015978629827467943,-0.4174778900380126,0,293035,0.01,-0.19120994730000027,-0.07848147150000001,0,-0.20801666666666677,-0.13405,0,0,145,-1
849,-576457025125,0.9097608830381438,2.854503634719335,0.014529580012467942,-0.42044319111101264,0,293045,0.01,-0.29653010730000023,-0.14490498150000006,0,0.010733333333333234,-0.1603,0,0,145,-1
850,-576457025044,0.9098974375641935,2.85028297003936,0.012781325197467941,-0.4236897448840126,0,293055,0.01,-0.3246553773000003,-0.17482548150000005,0,-0.26926666666666677,-0.2128,0,0,145,-1
851,-576457025044,0.9100178559645932,2.8460293012526545,0.01130235488246794,-0.4270440124570126,0,293065,0.01,-0.3354267573000002,-0.14789703150000005,0,-0.32176666666666676,-0.2653,0,0,145,-1
852,-576457025043,0.9101309947073428,2.841741640982719,0.01132539366746794,-0.43048804153001263,0,293075,0.01,-0.34440290730000034,0.002303878499999983,0,-0.36551666666666677,-0.3703000000000001,0,0,145,-1
853,-576457025043,0.9102466976369425,2.837418582966054,0.01181519225246794,-0.43412356180301265,0,293085,0.01,-0.3635520273000003,0.04897985849999998,0,-0.2605166666666668,-0.19530000000000003,0,0,145,-1
854,-576457025043,0.9121768908972473,2.8302575215780092,0.014164014496735891,-0.44073859600475673,0,293095,0.01,-0.3587647473000003,0.04718462849999998,0,-0.15551666666666678,-0.13405,0,1,146,1
855,-576457025043,0.9123173895751396,2.8258293848535967,0.01393572108173589,-0.44488874887775676,0,293105,0.01,-0.4150152873000002,-0.022829341500000027,0,-0.37426666666666675,-0.25655000000000006,0,0,146,-1
856,-576457025043,0.912454438419382,2.821356156140454,0.01347404776673589,-0.4497569937507568,0,293115,0.01,-0.4868244873000003,-0.04616733150000002,0,-0.48801666666666677,-0.31779999999999997,0,0,146,-1
857,-576457025042,0.9125854343464744,2.8168330481585815,0.012725137651735888,-0.4548646026237568,0,293125,0.01,-0.5107608873000002,-0.07489101150000003,0,-0.3130166666666668,-0.16905000000000003,0,0,146,-1
858,-576457024942,0.9134158645378736,2.813854101086474,0.012843435987306103,-0.45746256280297026,0,293135,0.01,-0.42758189730000035,-0.05873394150000003,0,-0.21676666666666677,-0.23904999999999998,0,1,147,2
859,-576457024942,0.9135424393386717,2.8092611781750794,0.012471524172306103,-0.46112201947597026,0,293145,0.01,-0.3659456673000002,-0.03719118150000003,0,-0.2867666666666668,-0.2653,0,0,147,-1
860,-576457024941,0.9136640982013198,2.8046309725254543,0.011860248357306103,-0.4649191104489703,0,293155,0.01,-0.3797090973000004,-0.06112758150000002,0,-0.2867666666666668,-0.2128,0,0,147,-1
861,-576457024941,0.9137789860548179,2.7999600732006,0.011117322342306103,-0.4692607545219703,0,293165,0.01,-0.4341644073000004,-0.07429260150000004,0,-0.4442666666666668,-0.3003,0,0,147,-1
862,-576457024941,0.9138867438531659,2.795243782682015,0.010434237327306103,-0.47399734919497033,0,293175,0.01,-0.4736594673000003,-0.06830850150000002,0,-0.16426666666666678,-0.12529999999999997,0,0,147,-1
863,-576457024941,0.913990932135864,2.7904816820827003,0.010403419212306102,-0.47842277066797034,0,293185,0.01,-0.44254214730000035,-0.003081811500000026,0,-0.37426666666666675,-0.39655000000000007,0,0,147,-1
864,-576457024941,0.9140872009543791,2.786160062687358,0.010989651568806102,-0.4819370949636703,0,293194,0.009,-0.3904804773000003,0.06513692849999998,0,-0.29551666666666676,-0.29155,0,0,147,-1
865,-576457024940,0.9142063384164921,2.7813231723873564,0.012837840853806102,-0.48544096503667034,0,293204,0.01,-0.35038700730000033,0.18481892849999998,0,-0.3567666666666668,-0.15155000000000007,0,0,147,-1
866,-576457024940,0.9143485356079551,2.7764505252946243,0.0156015974388061,-0.48908845350967034,0,293214,0.01,-0.3647488473000003,0.27637565849999995,0,1.8919833333333334,-0.08155000000000001,0,0,147,-1
867,-576457024940,0.9145040936026886,2.7720342477119817,0.018966845835306098,-0.49230656485537033,0,293223,0.009,-0.3575679273000003,0.3739164884999999,0,-0.15551666666666678,-0.04654999999999998,0,0,147,-1
868,-576457024840,0.9147121586804667,2.7670910297090634,0.022646169720306097,-0.49633703572837035,0,293233,0.01,-0.40304708730000016,0.36793238849999993,0,-0.2867666666666668,-0.02905000000000002,0,0,147,-1
869,-576457024839,0.9156622535479274,2.7611201693204115,0.02718248354442139,-0.5018653817973409,0,293243,0.01,-0.4539119373000003,0.3864830985,0,-0.2780166666666668,-0.25655000000000006,0,1,148,1
870,-576457024839,0.9159499317602966,2.7560763065835734,0.030353158929421392,-0.5069071655703409,0,293253,0.01,-0.5041783773000004,0.3170675385,0,-0.19051666666666678,-0.3003,0,0,148,-1
871,-576457024839,0.9162674915760158,2.750979991415005,0.03315880421442139,-0.5123558681433409,0,293263,0.01,-0.5448702573000003,0.28056452849999997,0,-0.29551666666666676,-0.2128,0,0,148,-1
872,-576457024838,0.916611133091585,2.7458301765972064,0.03556949889942139,-0.5176070954163409,0,293273,0.01,-0.5251227273000003,0.2410694685,0,-0.006766666666666782,-0.39655000000000007,0,0,148,-1
873,-576457024838,0.9169761887090043,2.740626503084178,0.03744162458442139,-0.5231276071893409,0,293283,0.01,-0.5520511773000003,0.1872125685,0,-0.29551666666666676,-0.3703000000000001,0,0,148,-1
874,-576457024838,0.9173577514662735,2.7353636450269194,0.038870926869421396,-0.529444004262341,0,293293,0.01,-0.6316397073000004,0.1429302285,0,-0.015516666666666762,-0.2653,0,0,148,-1
875,-576457024838,0.9177498372633927,2.730035588404931,0.0395462325544214,-0.536167320135341,0,293303,0.01,-0.6723315873000002,0.06753056849999999,0,-0.12926666666666675,-0.22155000000000002,0,0,148,-1
876,-576457024838,0.9181052892445467,2.7251802598846924,0.0394430965909214,-0.542794573251041,0,293312,0.009,-0.7363614573000002,-0.011459551500000024,0,-0.050516666666666765,-0.33530000000000004,0,0,148,-1
877,-576457024838,0.9184969331158809,2.7197173212298167,0.038885677675921396,-0.5497931577240409,0,293322,0.01,-0.6998584473000002,-0.05574189150000003,0,-0.08551666666666677,-0.23030000000000006,0,0,148,-1
878,-576457024834,0.9189928824339162,2.7125132487259225,0.037414217406421396,-0.558525689028941,0,293335,0.013,-0.6717331773000003,-0.1131892515,0,0.03698333333333326,0.10220000000000007,0,0,148,-1
879,-576457024823,0.9215215689903752,2.703388724973194,0.038436402461286955,-0.5684911717546745,0,293346,0.011,-0.6495920073000003,-0.0814735215,0,-0.02426666666666677,-0.06405000000000005,0,1,150,1
882,-576457024737,0.9226721192026094,2.6854693618973364,0.03564323402478695,-0.5870373517909745,0,293377,0.01,-0.5646177873000002,-0.10122105150000002,0,-0.07676666666666676,-0.14280000000000004,0,0,150,-1
883,-576457024737,0.9230237597747822,2.6795745873140615,0.034684880409786956,-0.5919175648639745,0,293387,0.01,-0.4880213073000004,-0.09583536150000005,0,0.02823333333333322,-0.17780000000000007,0,0,150,-1
884,-576457024736,0.9233676718818051,2.6736346908215567,0.03409754099478696,-0.5960617336369746,0,293397,0.01,-0.41441687730000026,-0.05873394150000003,0,-0.04176666666666676,-0.17780000000000007,0,0,150,-1
885,-576457024736,0.9237040649671779,2.6676619398248222,0.03318107607978696,-0.5984884657099746,0,293407,0.01,-0.24267320730000028,-0.09164649150000004,0,0.09823333333333323,-0.20405000000000006,0,0,150,-1
886,-576457024736,0.9240300965834009,2.6616695292643575,0.03202524716478696,-0.5999936463829746,0,293417,0.01,-0.15051806730000028,-0.11558289150000002,0,-0.05926666666666677,-0.2128,0,0,150,-1
887,-576457024736,0.9243419069859737,2.6556641314116627,0.03033683334978696,-0.6010859241559746,0,293427,0.01,-0.10922777730000022,-0.16884138150000005,0,-0.24301666666666677,-0.13405,0,0,150,-1
888,-576457024634,0.9246347388153966,2.649645656505238,0.02822953253478696,-0.6026090571289746,0,293437,0.01,-0.1523132973000003,-0.21073008150000005,0,-0.14676666666666677,-0.02905000000000002,0,0,150,-1
889,-576457024634,0.9297660749653676,2.6512566222843623,0.02943434540087703,-0.597126030517806,0,293448,0.011,-0.18343061730000024,-0.2586028815,0,-0.03301666666666678,-0.04654999999999998,0,1,151,2
890,-576457024633,0.9300490441413014,2.6452755022768195,0.02715948978587703,-0.599097970990806,0,293458,0.01,-0.19719404730000026,-0.22748556150000004,0,-0.10301666666666677,-0.29155,0,0,151,-1
891,-576457024633,0.9303145906100851,2.6392729873165464,0.02594980397087703,-0.601405021063806,0,293468,0.01,-0.2307050073000003,-0.12096858150000006,0,0.010733333333333234,-0.42280000000000006,0,0,151,-1
892,-576457024633,0.930577644701219,2.6332450381360433,0.026661014255877028,-0.604184815036806,0,293478,0.01,-0.27797939730000026,0.07112102849999999,0,-0.16426666666666678,-0.23904999999999998,0,0,151,-1
893,-576457024633,0.9308542438027028,2.6271883335598103,0.02865880604087703,-0.607156100209806,0,293488,0.01,-0.29712851730000023,0.1997791785,0,0.07198333333333323,-0.23030000000000006,0,0,151,-1
894,-576457024633,0.9311564458760366,2.621103202713347,0.03178160862587703,-0.609870069082806,0,293498,0.01,-0.2713968873000003,0.3122802585,0,0.04573333333333324,-0.33530000000000004,0,0,151,-1
895,-576457024632,0.9314551519397437,2.6156035016956913,0.03459751664237703,-0.6122857126185061,0,293507,0.009,-0.26840483730000025,0.3128786685,0,0.08073333333333321,0.05844999999999989,0,0,151,-1
896,-576457024632,0.9318086925045924,2.609468361306641,0.03611059632737703,-0.614742365191506,0,293517,0.01,-0.24566525730000027,0.15130796849999997,0,0.07198333333333323,-0.1603,0,0,151,-1
897,-576457024631,0.9321689562057912,2.603313262148861,0.03594214391237703,-0.6162774663645061,0,293527,0.01,-0.15351011730000028,-0.016845241500000024,0,-0.10301666666666677,-0.037800000000000056,0,0,151,-1
898,-576457024631,0.9324844583516169,2.5977645224310497,0.03416944404887703,-0.6167758042602061,0,293536,0.009,-0.055370877300000204,-0.19696665150000006,0,-0.08551666666666677,-0.22155000000000002,0,0,151,-1
899,-576457024605,0.9325133702314645,2.5911092536181064,0.029496778679381424,-0.6166092949673364,0,293546,0.01,0.05952384269999974,-0.4441099815,0,-0.006766666666666782,-0.23904999999999998,0,1,153,2
900,-576457024604,0.9327817042851834,2.5849532579395684,0.024170032064381425,-0.6145898407403364,0,293556,0.01,0.20194542269999974,-0.5326746615000001,0,0.05448333333333322,-0.1078,0,0,153,-1
901,-576457024604,0.9329969204752522,2.5788243684388004,0.018873205949381425,-0.6111880594133364,0,293566,0.01,0.34017813269999975,-0.5296826115000001,0,-0.06801666666666678,-0.09904999999999997,0,0,153,-1
902,-576457024594,0.933163177751171,2.572730304604802,0.014378249234381423,-0.6076247073863364,0,293576,0.01,0.35633520269999974,-0.4494956715000001,0,-0.12926666666666675,-0.18655,0,0,153,-1
903,-576457024584,0.9332863106104398,2.5666702885045733,0.010248322619381422,-0.6043785126593364,0,293586,0.01,0.32461947269999974,-0.4129926615,0,0.07198333333333323,-0.22155000000000002,0,0,153,-1
904,-576457024574,0.936394688229102,2.55749021507212,0.009435776678921003,-0.6042953715230417,0,293596,0.01,0.2827307726999998,-0.32323116150000003,0,-0.08551666666666677,-0.23030000000000006,0,1,154,1
905,-576457024564,0.9364793472658163,2.551460590042025,0.007496030663921002,-0.6016296344960417,0,293606,0.01,0.2665737026999998,-0.1939746015,0,0.05448333333333322,-0.2128,0,0,154,-1
906,-576457024555,0.9365487378713805,2.5454582207921996,0.006382090448921002,-0.5988442154690417,0,293616,0.01,0.2785419026999998,-0.11139402150000002,0,-0.12051666666666677,0.02344999999999997,0,0,154,-1
907,-576457024543,0.9366111779447946,2.539485441121644,0.006105924233921002,-0.5957117186420416,0,293626,0.01,0.31324968269999975,-0.027616621500000015,0,-0.19926666666666676,-0.06405000000000005,0,0,154,-1
908,-576457024532,0.9366815379745589,2.5335425203148585,0.007966081718921002,-0.5928724427150417,0,293636,0.01,0.2839275926999998,0.1860157485,0,-0.2867666666666668,-0.51905,0,0,154,-1
909,-576457024525,0.9367767529636731,2.5276244018073433,0.011076916103921003,-0.5907512587880417,0,293646,0.01,0.21211839269999977,0.31108343850000003,0,-0.2867666666666668,-0.36155000000000004,0,0,154,-1
910,-576457024514,0.9369066368361374,2.521727136093098,0.014899858388921002,-0.5887018840610417,0,293656,0.01,0.20493747269999976,0.38229422849999994,0,-0.05926666666666677,-0.3528,0,0,154,-1
911,-576457024504,0.9351956758109656,2.513137570545251,0.017183647577121045,-0.5880689792815532,0,293666,0.01,0.29110851269999977,0.37032602849999996,0,-0.050516666666666765,-0.3528,0,1,155,2
912,-576457024492,0.9353800744086619,2.5072722739520703,0.019696071962121045,-0.5849903393545532,0,293676,0.01,0.30786399269999976,0.2512424385,0,-0.14676666666666677,-0.4053,0,0,155,-1
913,-576457024484,0.935581099828208,2.5014397684316596,0.020509011947121045,-0.5815107647275533,0,293686,0.01,0.3479574626999998,0.08129399849999999,0,-0.1380166666666668,-0.32655,0,0,155,-1
914,-576457024475,0.9357868137901043,2.495642088578019,0.020633780432121045,-0.5780252060005533,0,293696,0.01,0.34855587269999977,0.012476848499999981,0,-0.09426666666666678,-0.32655,0,0,155,-1
915,-576457024465,0.9359722233513926,2.490453226933103,0.020568344298621043,-0.5750551595362533,0,293705,0.009,0.3300051626999998,-0.007270681500000021,0,-0.37426666666666675,-0.3528,0,0,155,-1
916,-576457024455,0.9361771243733038,2.4847135206213755,0.020411860083621045,-0.5728861028092533,0,293715,0.01,0.21690567269999977,-0.01564842150000002,0,-0.19051666666666678,-0.37905,0,0,155,-1
917,-576457024445,0.936382106180565,2.478989012128418,0.020584501368621045,-0.5720155957822534,0,293725,0.01,0.08705070269999977,0.01726412849999998,0,-0.29551666666666676,-0.3440500000000001,0,0,155,-1
918,-576457024435,0.9409708431496382,2.469272165809478,0.024096417221643344,-0.5758199191211822,0,293735,0.01,-0.04639472730000021,0.021452998499999976,0,-0.02426666666666677,-0.17780000000000007,0,1,156,1
919,-576457024425,0.9412097981602796,2.463508834354901,0.023694584906643345,-0.5768463717941823,0,293745,0.01,-0.10264526730000025,-0.04018323150000003,0,-0.03301666666666678,-0.4578,0,0,156,-1
920,-576457024416,0.941440994785271,2.457732874654094,0.022544740091643346,-0.5783455683671823,0,293755,0.01,-0.1499196573000003,-0.11498448150000004,0,0.001983333333333226,-0.39655000000000007,0,0,156,-1
921,-576457024328,0.9416589276526125,2.4519393199040573,0.021041833376643344,-0.5803653816401824,0,293765,0.01,-0.2019813273000002,-0.15029067150000003,0,-0.09426666666666678,-0.3440500000000001,0,0,156,-1
922,-576457024327,0.941859856699804,2.446126733920791,0.019143976061643343,-0.5821518150131824,0,293775,0.01,-0.1786433373000003,-0.18978573150000003,0,-0.17301666666666676,-0.31779999999999997,0,0,156,-1
923,-576457024327,0.9420367206888454,2.440297181218794,0.016228821746643342,-0.5837587253861823,0,293785,0.01,-0.1606910373000003,-0.2915154315,0,-0.2780166666666668,-0.18655,0,0,156,-1
924,-576457024326,0.9421820993357368,2.434448986250067,0.012846907631643341,-0.5858802683591824,0,293795,0.01,-0.21215429730000024,-0.33819141150000004,0,-0.14676666666666677,-0.46655,0,0,156,-1
925,-576457024326,0.9422933895569783,2.4285780499061103,0.009411136616643341,-0.5883070004321824,0,293805,0.01,-0.24267320730000028,-0.34357710150000004,0,0.001983333333333226,-0.28280000000000005,0,0,156,-1
926,-576457024326,0.9423724464235698,2.4226826966389234,0.00640023670164334,-0.5907636530051824,0,293815,0.01,-0.24566525730000027,-0.3010899915000001,0,-0.21676666666666677,-0.3528,0,0,156,-1
927,-576457024326,0.9424243265000112,2.4167669357955064,0.003975778586643339,-0.5923885156781824,0,293825,0.01,-0.16248626730000026,-0.24244581150000005,0,-0.2342666666666668,-0.31779999999999997,0,0,156,-1
928,-576457024325,0.9424613271118025,2.4108398033668594,0.003424343771643339,-0.5930379700511824,0,293835,0.01,-0.06494543730000024,-0.05514348150000003,0,-0.26926666666666677,-0.36155000000000004,0,0,156,-1
929,-576457024285,0.9424987675549439,2.404905099256483,0.004063744856643339,-0.5939028520241825,0,293845,0.01,-0.08648819730000028,0.06394010849999998,0,-0.2517666666666668,-0.30905000000000005,0,0,156,-1
930,-576457024285,0.9400937900291939,2.3958827424437437,0.003326950075385678,-0.5975287385482868,0,293855,0.01,-0.11820392730000022,0.09745106849999999,0,-0.15551666666666678,-0.43155,0,1,157,2
931,-576457024284,0.9401314533553728,2.389897655196896,0.004205715160385678,-0.5994887108212869,0,293865,0.01,-0.19599722730000022,0.08787650849999999,0,-0.07676666666666676,-0.3528,0,0,157,-1
932,-576457024284,0.9401788617884017,2.3838906045078176,0.005275971445385679,-0.6019214269942869,0,293875,0.01,-0.24327161730000024,0.1070256285,0,-0.07676666666666676,-0.31779999999999997,0,0,157,-1
933,-576457024283,0.9402376908762805,2.37785788023451,0.0064898461303856785,-0.6046234276672868,0,293885,0.01,-0.27020006730000024,0.1213874685,0,-0.19051666666666678,-0.30905000000000005,0,0,157,-1
934,-576457024275,0.9444832959622835,2.368468710038027,0.01080616517224036,-0.6100534005488898,0,293895,0.01,-0.27498734730000024,0.13694612849999996,0,-0.10301666666666677,-0.19530000000000003,0,1,158,1
935,-576457024264,0.9445983246024309,2.3623561321336735,0.012199562857240361,-0.6124621803218898,0,293905,0.01,-0.24087797730000032,0.1393397685,0,-0.2605166666666668,-0.20405000000000006,0,0,158,-1
936,-576457024255,0.9447290824494283,2.3562200050005897,0.01395200654224036,-0.6147632462948898,0,293915,0.01,-0.2301065973000003,0.17524436849999997,0,-0.21676666666666677,-0.29155,0,0,158,-1
937,-576457024245,0.9405253167862635,2.345210661260324,0.012990893419151509,-0.6210674116604327,0,293925,0.01,-0.25164935730000026,0.2003775885,0,-0.36551666666666677,-0.2128,0,1,159,2
938,-576457024235,0.94066560364588,2.3389853401613547,0.015066478504151508,-0.6239968081334327,0,293935,0.01,-0.2929396473000002,0.20755850849999996,0,-0.14676666666666677,-0.25655000000000006,0,0,159,-1
939,-576457024223,0.9408241629548466,2.3327314731101554,0.016645383289151508,-0.6267766021064327,0,293945,0.01,-0.27797939730000026,0.1578904785,0,-0.04176666666666676,-0.16905000000000003,0,0,159,-1
940,-576457024216,0.9409965963996632,2.326448581378726,0.017841305674151507,-0.6298017441794327,0,293955,0.01,-0.3025142073000003,0.11959223849999999,0,-0.3305166666666668,-0.24780000000000002,0,0,159,-1
941,-576457024205,0.9411782064618296,2.3201336729170667,0.01848070675915151,-0.6331799481524327,0,293965,0.01,-0.3378203973000003,0.06394010849999998,0,-0.32176666666666676,-0.16905000000000003,0,0,159,-1
942,-576457024197,0.941363816894846,2.3137812124326773,0.01864137984415151,-0.6373121487254327,0,293975,0.01,-0.4132200573000003,0.016067308499999978,0,-0.04176666666666676,-0.27405,0,0,159,-1
943,-576457024186,0.9415513631842126,2.307384348131058,0.01886787802915151,-0.6420607115984327,0,293985,0.01,-0.47485628730000023,0.022649818499999985,0,-0.006766666666666782,-0.29155,0,0,159,-1
944,-576457024176,0.9440649747791424,2.2992805628509947,0.021845517974221983,-0.6479885223018615,0,293995,0.01,-0.46109285730000027,0.1399381785,0,0.09823333333333323,-0.19530000000000003,0,1,160,1
945,-576457024166,0.9442976975493096,2.292782619708611,0.024699036059221982,-0.6516001061748615,0,294005,0.01,-0.3611583873000002,0.28535180849999997,0,-0.12051666666666677,-0.12529999999999997,0,0,160,-1
946,-576457024156,0.9445342357742418,2.2869076391843866,0.027865013925721983,-0.6539511214305616,0,294014,0.009,-0.2612239173000002,0.3517753185,0,0.03698333333333326,-0.16905000000000003,0,0,160,-1
947,-576457024146,0.944832180147924,2.280357939142216,0.03172386081072198,-0.6559888870035615,0,294024,0.01,-0.20377655730000024,0.38588468849999996,0,-0.1380166666666668,-0.02905000000000002,0,0,160,-1
948,-576457024137,0.9451684736264562,2.2737903747663153,0.035534834895721984,-0.6575239881765615,0,294034,0.01,-0.15351011730000028,0.38109740849999996,0,0.17698333333333321,-0.17780000000000007,0,0,160,-1
949,-576457024127,0.9455348880723384,2.2672105711106845,0.037748054280721983,-0.6584367429495616,0,294044,0.01,-0.09127547730000024,0.22132193849999998,0,0.22073333333333323,-0.020299999999999985,0,0,160,-1
950,-576457024116,0.9459165529970706,2.260622477681324,0.03858493066572198,-0.6591819429225616,0,294054,0.01,-0.07451999730000029,0.08368763849999998,0,0.08073333333333321,-0.04654999999999998,0,0,160,-1
951,-576457024106,0.9422199193334712,2.2499071282881755,0.03518768422424594,-0.6629757920447702,0,294064,0.01,-0.06494543730000024,-0.07489101150000003,0,0.16823333333333323,-0.15155000000000007,0,1,161,2
952,-576457024096,0.9425655682236386,2.243272866434863,0.03394209380924594,-0.6638765786177702,0,294074,0.01,-0.09007865730000027,-0.12455904150000005,0,0.10698333333333321,-0.25655000000000006,0,0,161,-1
953,-576457024087,0.9428952006701561,2.2366296266363204,0.03198439549424594,-0.6647713810907702,0,294084,0.01,-0.08948024730000029,-0.19576983150000005,0,0.09823333333333323,-0.2128,0,0,161,-1
954,-576457024077,0.9432000499665235,2.2299791143610475,0.02898546377924594,-0.6653310739637701,0,294094,0.01,-0.05596928730000025,-0.29989317150000006,0,0.14198333333333324,-0.1078,0,0,161,-1
955,-576457024066,0.9434732044772409,2.2233242019770447,0.025645438364245942,-0.6656514028367702,0,294104,0.01,-0.03203288730000024,-0.3340025415000001,0,0.06323333333333325,-0.11655000000000004,0,0,161,-1
956,-576457024056,0.9437164295118083,2.2166709633458117,0.022999568549245942,-0.6649963234097701,0,294114,0.01,0.06550794269999977,-0.2645869815,0,0.3694833333333333,-0.09904999999999997,0,0,161,-1
957,-576457024046,0.9439420223957258,2.210030229688349,0.02211900823424594,-0.6631504080827701,0,294124,0.01,0.18459153269999976,-0.08805603150000002,0,0.2907333333333333,0.2159500000000001,0,0,161,-1
958,-576457024036,0.9514438589441487,2.198683743946393,0.027661040035921798,-0.6641822580409502,0,294134,0.01,0.2665737026999998,0.08009717849999998,0,0.18573333333333325,0.1721999999999999,0,1,162,1
959,-576457024026,0.9517332409099329,2.192056476791618,0.030215353120921797,-0.6612711729139502,0,294144,0.01,0.29110851269999977,0.25543130849999995,0,0.15073333333333322,0.39969999999999994,0,0,162,-1
960,-576457024016,0.9520580098510671,2.1854577819191134,0.0347384351059218,-0.6584678015869502,0,294154,0.01,0.28033713269999977,0.4523081985,0,0.2732333333333332,0.1634500000000001,0,0,162,-1
961,-576457024006,0.9524298946035513,2.1788856845758793,0.039638515390921794,-0.6559516670599502,0,294164,0.01,0.25161345269999974,0.49000802849999997,0,0.12448333333333322,0.05844999999999989,0,0,162,-1
962,-576457023996,0.9528468605733856,2.172334619548915,0.043754678575921795,-0.6542613383329502,0,294174,0.01,0.16903287269999978,0.4116163185,0,0.16823333333333323,-0.08155000000000001,0,0,162,-1
963,-576457023987,0.9532515550674782,2.166447369496878,0.046177431222421794,-0.6540164510086502,0,294183,0.009,0.027209702699999786,0.26919473850000003,0,0.4044833333333332,-0.27405,0,0,162,-1
964,-576457023977,0.9537201467656274,2.1598998885269265,0.0475409084074218,-0.6554797429816502,0,294193,0.01,-0.14632919730000024,0.1363477185,0,0.3257333333333332,-0.24780000000000002,0,0,162,-1
965,-576457023968,0.9502160837972534,2.1496441580267533,0.04509376383514423,-0.6604073267563871,0,294203,0.01,-0.21634316730000022,0.0029022884999999774,0,0.23823333333333324,-0.20405000000000006,0,1,163,2
966,-576457023957,0.9506610926885299,2.1430248692873244,0.04390801442014423,-0.6634504211293871,0,294213,0.01,-0.3043094373000003,-0.11857494150000002,0,0.11573333333333324,-0.16905000000000003,0,0,163,-1
967,-576457023947,0.9510919701276564,2.1363717087466654,0.042267473405144224,-0.6671816870023871,0,294223,0.01,-0.3731265873000002,-0.16405410150000002,0,0.08948333333333325,0.06719999999999993,0,0,163,-1
968,-576457023937,0.9515045272446329,2.1296776151667762,0.040243949990144225,-0.6716370289753871,0,294233,0.01,-0.4455341973000003,-0.20235234150000006,0,-0.04176666666666676,-0.13405,0,0,163,-1
969,-576457023927,0.9518935877929593,2.1229380705521574,0.03756815967514422,-0.6762718939483872,0,294243,0.01,-0.4634864973000003,-0.2675790315,0,-0.10301666666666677,-0.3440500000000001,0,0,163,-1
970,-576457023916,0.9522537062416356,2.116158520433809,0.03445553006014422,-0.6796381297213872,0,294253,0.01,-0.3366235773000003,-0.31126296150000005,0,-0.12926666666666675,-0.23030000000000006,0,0,163,-1
971,-576457023907,0.952584463703662,2.10935676750923,0.03169596234514422,-0.6807124551943872,0,294263,0.01,-0.10743254730000026,-0.27595677150000003,0,-0.21676666666666677,-0.16905000000000003,0,0,163,-1
972,-576457023897,0.9507443091792733,2.103855518821505,0.029131572599328356,-0.6776117331330279,0,294273,0.01,0.20972475269999977,-0.12156699150000005,0,-0.14676666666666677,-0.3003,0,1,164,1
973,-576457023888,0.9510372062036916,2.0970937773928098,0.029447832284328356,-0.6747365526060279,0,294283,0.01,0.28751805269999975,0.03162596849999998,0,-0.11176666666666678,-0.28280000000000005,0,0,164,-1
974,-576457023877,0.9513380531049598,2.0903643782293844,0.030721547969328356,-0.6711432800790279,0,294293,0.01,0.35932725269999977,0.12737156849999998,0,-0.11176666666666678,-0.20405000000000006,0,0,164,-1
975,-576457023867,0.9516576212630781,2.083673095987729,0.03319208365432835,-0.6671131682520279,0,294303,0.01,0.40301118269999975,0.2470535685,0,-0.050516666666666765,-0.16905000000000003,0,0,164,-1
976,-576457023857,0.9520043781795464,2.077023760491844,0.03615929963932835,-0.662753930925028,0,294313,0.01,0.43592373269999973,0.29672159849999996,0,-0.12051666666666677,-0.16905000000000003,0,0,164,-1
977,-576457023847,0.9523759002938647,2.0704220865572287,0.03814512322432835,-0.657580855998028,0,294323,0.01,0.5173074926999998,0.1985823585,0,0.11573333333333324,-0.08155000000000001,0,0,164,-1
979,-576457023713,0.9579163236550048,2.0615712177463807,0.04081386617945839,-0.6435914702499895,0,294343,0.01,0.5334645626999998,-0.08207193150000003,0,-0.08551666666666677,-0.020299999999999985,0,0,165,-1
980,-576457023712,0.9582768588458791,2.055799263813065,0.03930506512595839,-0.6390649593756895,0,294352,0.009,0.5029456526999998,-0.16764456150000004,0,0.14198333333333324,-0.11655000000000004,0,0,165,-1
981,-576457023712,0.9586621855200637,2.0494312781004433,0.03776026971095839,-0.6345321831486895,0,294362,0.01,0.45327762269999977,-0.1544795415,0,0.06323333333333325,-0.12529999999999997,0,0,165,-1
982,-576457023711,0.9590387963525983,2.0431048202465916,0.03756189679595839,-0.6307593876216895,0,294372,0.01,0.37727955269999974,-0.01983729150000003,0,-0.19926666666666676,-0.1078,0,0,165,-1
983,-576457023711,0.9594185697819828,2.03681462424351,0.03839278908095839,-0.6272798129946895,0,294382,0.01,0.3479574626999998,0.08308922849999997,0,-0.05926666666666677,-0.055300000000000016,0,0,165,-1
984,-576457023710,0.9598134740082174,2.030559283827698,0.04058805616595839,-0.6237882701676895,0,294392,0.01,0.3491542826999998,0.21952670849999995,0,-0.050516666666666765,-0.020299999999999985,0,0,165,-1
985,-576457023710,0.960229044323802,2.0243389785221564,0.042526006950958394,-0.6202727909406894,0,294402,0.01,0.35154792269999974,0.1937950785,0,0.02823333333333322,-0.19530000000000003,0,0,165,-1
986,-576457023709,0.9606627973272366,2.0181526311888844,0.04422459373595839,-0.6169966757136894,0,294412,0.01,0.32761152269999977,0.16985867849999997,0,-0.08551666666666677,-0.0027999999999999137,0,0,165,-1
987,-576457023709,0.9611071631320212,2.0120009898403826,0.04464856722095839,-0.6133315939866895,0,294422,0.01,0.36650817269999975,0.04239734849999998,0,0.010733333333333234,-0.08155000000000001,0,0,165,-1
988,-576457023709,0.9615531057471558,2.005888183505651,0.04453995580595839,-0.6092296729596894,0,294432,0.01,0.4101921026999998,-0.010861141500000029,0,0.001983333333333226,-0.1078,0,0,165,-1
989,-576457023707,0.9619955087671404,1.999817982167689,0.04394064819095839,-0.6048105946326895,0,294442,0.01,0.4419078326999997,-0.05993076150000002,0,-0.32176666666666676,-0.01154999999999995,0,0,165,-1
990,-576457023707,0.9624314998239749,1.993791792089997,0.043257563175958386,-0.6004274209056895,0,294452,0.01,0.4383173726999998,-0.06830850150000002,0,-0.15551666666666678,-0.037800000000000056,0,0,165,-1
991,-576457023705,0.9628590443236595,1.9878069802685752,0.04225133676095839,-0.5965349433786895,0,294462,0.01,0.3892477526999997,-0.10062264150000004,0,-0.40051666666666674,-0.09030000000000005,0,0,165,-1
992,-576457023698,0.9679221153841111,1.9859061007462653,0.0433991752837831,-0.5897678639570414,0,294472,0.01,0.3808700126999998,-0.15567636150000003,0,-0.07676666666666676,-0.1603,0,1,167,2
993,-576457023688,0.968347994193374,1.98002710656133,0.0417765865687831,-0.5860309730300414,0,294482,0.01,0.3736890926999998,-0.16225887150000004,0,0.09823333333333323,-0.25655000000000006,0,0,167,-1
994,-576457023678,0.9687564203749869,1.9741845238296645,0.0399086497537831,-0.5824855733030414,0,294492,0.01,0.35453997269999976,-0.18679368150000003,0,0.09823333333333323,-0.36155000000000004,0,0,167,-1
995,-576457023668,0.9691458380629497,1.968375420342269,0.037974887838783104,-0.5793351241760414,0,294502,0.01,0.3150449126999998,-0.19337619150000002,0,-0.1380166666666668,-0.09030000000000005,0,0,167,-1
996,-576457023659,0.9695153496422626,1.9625957867521435,0.035927428023783105,-0.5765915938490414,0,294512,0.01,0.2743530326999998,-0.20474598150000006,0,-0.21676666666666677,-0.23030000000000006,0,0,167,-1
997,-576457023650,0.9698313737064259,1.9574173313492764,0.0343001417902831,-0.5741762734547413,0,294521,0.009,0.2683689326999998,-0.18080958150000004,0,0.01948333333333324,-0.18655,0,0,167,-1
998,-576457023640,0.9701665613857537,1.9516856359653638,0.0327373940752831,-0.5721628033277413,0,294531,0.01,0.20134701269999974,-0.15627477150000002,0,-0.050516666666666765,-0.28280000000000005,0,0,167,-1
999,-576457023629,0.9664786520824604,1.9481950772699437,0.02848702500846615,-0.5696245524075948,0,294541,0.01,0.08525547269999974,-0.18978573150000003,0,-0.20801666666666677,-0.36155000000000004,0,1,168,1
1000,-576457023620,0.96675415272797,1.9425004016745029,0.02661310409346615,-0.5693105666805948,0,294551,0.01,0.03139857269999975,-0.18739209150000002,0,-0.32176666666666676,-0.09904999999999997,0,0,168,-1
1001,-576457023608,0.9670091787753297,1.936806023488832,0.02439210537846615,-0.5695650704535947,0,294561,0.01,-0.025450377300000264,-0.22209987150000002,0,-0.015516666666666762,-0.24780000000000002,0,0,168,-1
1002,-576457023599,0.9672400200825393,1.931107065671431,0.02177615606346615,-0.5702264930265947,0,294571,0.01,-0.06614225730000022,-0.2615949315,0,-0.02426666666666677,-0.06405000000000005,0,0,168,-1
1003,-576457023589,0.9674435050765989,1.9253997881598,0.01892084274846615,-0.5712290092995946,0,294581,0.01,-0.10025162730000023,-0.2855313315,0,0.09823333333333323,-0.11655000000000004,0,0,168,-1
1004,-576457023580,0.9676208604980087,1.919681916995939,0.01655024153346615,-0.5723452234725946,0,294591,0.01,-0.11162141730000023,-0.23706012150000005,0,-0.050516666666666765,-0.2653,0,0,168,-1
1005,-576457023569,0.9677782200492683,1.9139512380628478,0.01492166871846615,-0.5737905631455946,0,294601,0.01,-0.1445339673000002,-0.16285728150000006,0,-0.1380166666666668,-0.2653,0,0,168,-1
1006,-576457023559,0.9704335311749279,1.9103031319698685,0.015148358580576164,-0.574646438096843,0,294611,0.01,-0.23788592730000033,-0.11977176150000006,0,-0.2342666666666668,-0.19530000000000003,0,1,169,2
1007,-576457023549,0.9705834544066587,1.9045415119580351,0.014836287765576163,-0.5776775642698431,0,294621,0.01,-0.3031126173000003,-0.031207081500000015,0,-0.2780166666666668,-0.24780000000000002,0,0,169,-1
1008,-576457023540,0.9707331292982394,1.8987496704459716,0.015098690550576162,-0.5806907381428431,0,294631,0.01,-0.3013173873000003,0.026240278499999978,0,-0.14676666666666677,-0.11655000000000004,0,0,169,-1
1009,-576457023529,0.9708863258326702,1.8929262909316782,0.015540616335576162,-0.5839851647158432,0,294641,0.01,-0.3294426573000002,0.04419257849999998,0,-0.26926666666666677,-0.41405000000000003,0,0,169,-1
1010,-576457023520,0.9710444203529509,1.8870730489631546,0.01607828772057616,-0.5866632289888432,0,294651,0.01,-0.26780642730000026,0.053767138499999985,0,-0.050516666666666765,-0.3003,0,0,169,-1
1011,-576457023508,0.9712059467545817,1.8811981427574012,0.01622699260557616,-0.5883180121618432,0,294661,0.01,-0.16547831730000026,0.01487048849999998,0,-0.24301666666666677,-0.08155000000000001,0,0,169,-1
1012,-576457023499,0.9713656390295624,1.8753120145689177,0.01571146239057616,-0.5889076255348432,0,294671,0.01,-0.058961337300000256,-0.05155302150000001,0,-0.3042666666666668,-0.22155000000000002,0,0,169,-1
1013,-576457023489,0.9759512533403167,1.8670174101856492,0.01687387107093478,-0.5900005528150044,0,294681,0.01,0.07089363269999978,-0.13712565150000003,0,-0.4530166666666668,-0.19530000000000003,0,1,170,1
1014,-576457023480,0.9761128066429511,1.8611250484476343,0.01543678945593478,-0.5884717947880044,0,294691,0.01,0.15287580269999976,-0.14370816150000004,0,-0.34801666666666675,-0.1603,0,0,170,-1
1015,-576457023469,0.9762628315769354,1.8552512356243893,0.01456819734093478,-0.5862907698610044,0,294701,0.01,0.21810249269999976,-0.08685921150000002,0,-0.6017666666666668,-0.16905000000000003,0,0,170,-1
1016,-576457023460,0.9764085988237697,1.8494008487574143,0.01458525202593478,-0.5837866035340044,0,294711,0.01,0.25041663269999975,0.0017054684999999801,0,-0.42676666666666674,-0.23904999999999998,0,0,170,-1
1017,-576457023449,0.9765560924834541,1.8435747256207093,0.01491347991093478,-0.5814380238070044,0,294721,0.01,0.23485797269999978,0.03282278849999998,0,-0.4530166666666668,-0.17780000000000007,0,0,170,-1
1018,-576457023439,0.9767116257814885,1.8377710410637742,0.01619317969593478,-0.5792988875800044,0,294731,0.01,0.21391362269999978,0.12796997849999997,0,-0.5230166666666668,-0.31779999999999997,0,0,170,-1
1019,-576457023429,0.9765851686235947,1.831744011174993,0.01868143267629795,-0.5773778360434804,0,294741,0.01,0.20972475269999977,0.2656042785,0,-0.5317666666666667,-0.23030000000000006,0,1,171,2
1020,-576457023420,0.9767928928917826,1.8259794923116932,0.02286342096129795,-0.5755259366164803,0,294751,0.01,0.18518994269999978,0.4181988285,0,-0.5667666666666669,-0.17780000000000007,0,0,171,-1
1021,-576457023409,0.9770541060378206,1.8202399552706634,0.02937920824629795,-0.5723814715894804,0,294761,0.01,0.31444650269999974,0.6515787285000001,0,-0.37426666666666675,-0.38780000000000003,0,0,171,-1
1022,-576457023399,0.9773837084707085,1.8145393430049035,0.03654127833129795,-0.5677409815624804,0,294771,0.01,0.4640490026999998,0.7162070085000001,0,-0.2342666666666668,-0.1603,0,0,171,-1
1023,-576457023389,0.9777853504914465,1.8088944109944138,0.04378712581629795,-0.5612454205354804,0,294781,0.01,0.6495561026999997,0.7245847485,0,-0.015516666666666762,-0.09030000000000005,0,0,171,-1
1024,-576457023379,0.9782504748370345,1.803329065718694,0.049237743301297945,-0.5518236346084804,0,294791,0.01,0.9421785926999997,0.5450617485,0,-0.07676666666666676,0.0059499999999999,0,0,171,-1
1025,-576457023369,0.9787585261239725,1.7978661963602443,0.05237251408629794,-0.5407502370814804,0,294801,0.01,1.1073397526999997,0.3134770785,0,0.12448333333333322,0.25970000000000004,0,0,171,-1
1026,-576457023359,0.9759000102704433,1.794338044139289,0.051465718702723366,-0.5278264166255081,0,294811,0.01,1.1570077826999998,0.09924629849999997,0,-0.050516666666666765,0.02344999999999997,0,1,172,1
1027,-576457023350,0.9763992539118955,1.789114847755669,0.04838300958772337,-0.5168128600985081,0,294821,0.01,1.1013556526999997,-0.3082709115000001,0,0.13323333333333326,-0.16905000000000003,0,0,172,-1
1028,-576457023340,0.9768539668731978,1.783997987033819,0.04255958267272337,-0.5065592842715081,0,294831,0.01,1.0253575826999997,-0.5823426915,0,0.09823333333333323,-0.09030000000000005,0,0,172,-1
1029,-576457023330,0.97723925529835,1.778980789702239,0.03449810235772337,-0.4968801820445081,0,294841,0.01,0.9679102226999997,-0.8061480315,0,-0.04176666666666676,-0.25655000000000006,0,0,172,-1
1030,-576457023319,0.9775324394483522,1.774056014999929,0.024138727642723366,-0.48807475841750814,0,294851,0.01,0.8805423626999997,-1.0359374715,0,-0.18176666666666677,-0.17780000000000007,0,0,172,-1
1031,-576457023309,0.9777200550982044,1.769214357651389,0.013384402327723366,-0.4802567112905081,0,294861,0.01,0.7818047126999998,-1.0754325315,0,-0.2342666666666668,-0.29155,0,0,172,-1
1032,-576457023299,0.9778140106069065,1.7644450761971189,0.005406699412723365,-0.4735995795635081,0,294871,0.01,0.6657131726999997,-0.7977702915,0,-0.5317666666666667,-0.6153,0,0,172,-1
1033,-576457023289,0.98431982305287,1.7649547075924683,0.004337656749043892,-0.465049099190651,0,294881,0.01,0.48020607269999976,-0.46146387150000007,0,-0.7242666666666668,-0.39655000000000007,0,1,173,2
1034,-576457023279,0.9843620282327854,1.7603241577161968,0.004103379234043892,-0.46106087606365104,0,294891,0.01,0.3988223126999998,-0.02342775150000002,0,-0.6717666666666668,-0.5628,0,0,173,-1
1035,-576457023269,0.9844352819155509,1.7557298996111952,0.010547357319043892,-0.45779074493665106,0,294901,0.01,0.3270131126999998,0.6443978085000001,0,-0.5842666666666667,-0.3703000000000001,0,0,173,-1
1036,-576457023259,0.9845881151521663,1.7511711254239637,0.020019290004043892,-0.4539640925096511,0,294911,0.01,0.38266524269999974,0.9471932685000002,0,-0.3130166666666668,-0.15155000000000007,0,0,173,-1
1037,-576457023249,0.9848448233886318,1.746656841225002,0.031322357289043895,-0.4488927472826511,0,294921,0.01,0.5071345226999997,1.1303067285000001,0,-0.2605166666666668,-0.020299999999999985,0,0,173,-1
1038,-576457023240,0.9852119891349472,1.7422029647203106,0.042110791974043896,-0.4418825536556511,0,294931,0.01,0.7010193626999998,1.0788434685000001,0,-0.12051666666666677,-0.2128,0,0,173,-1
1039,-576457023229,0.9856787811701128,1.7378264907538892,0.0512476150590439,-0.4334122396286511,0,294941,0.01,0.8470314026999998,0.9136823085000001,0,-0.18176666666666677,-0.15155000000000007,0,0,173,-1
1040,-576457023219,0.9772211873885253,1.7384337504079164,0.05288755704765003,-0.4203545181409068,0,294951,0.01,0.9433754126999997,0.6623501085000001,0,-0.12051666666666677,-0.14280000000000004,0,1,174,1
1041,-576457023209,0.9777643903904268,1.7342797377166423,0.055753043332650035,-0.4104480201139068,0,294961,0.01,0.9906498026999998,0.28654862849999996,0,-0.09426666666666678,-0.23904999999999998,0,0,174,-1
1042,-576457023199,0.9783245194191783,1.7302251789721383,0.05627276241765004,-0.4004637287869068,0,294971,0.01,0.9984291326999998,0.05197190849999998,0,-0.19051666666666678,-0.13405,0,0,174,-1
1043,-576457023191,0.9788249117443464,1.7266610297876455,0.05492553206415004,-0.3915694233226068,0,294980,0.009,0.9882561626999998,-0.14969226150000003,0,-0.21676666666666677,-0.02905000000000002,0,0,174,-1
1044,-576457023180,0.9793594716114129,1.7227927436890544,0.05198644134915004,-0.3820877963956068,0,294990,0.01,0.9481626926999998,-0.29390907150000006,0,-0.36551666666666677,-0.08155000000000001,0,0,174,-1
1045,-576457023171,0.9798616186008294,1.7190103575507334,0.04844295653415004,-0.3743894312686068,0,295000,0.01,0.7698365126999998,-0.3543484815,0,-0.2780166666666668,-0.16905000000000003,0,0,174,-1
1046,-576457023160,0.9850236319695461,1.7191275844178378,0.04744069465050989,-0.3643637910367168,0,295010,0.01,0.7285462226999998,-0.35494689150000003,0,-0.12926666666666675,-0.25655000000000006,0,1,175,2
1047,-576457023148,0.9854851686129763,1.7155175313711055,0.04486663403550989,-0.3576468183097168,0,295020,0.01,0.6716972726999997,-0.25740606150000006,0,-0.3042666666666668,-0.31779999999999997,0,0,175,-1
1048,-576457023140,0.9859259314532565,1.7119753362231434,0.04328593402050989,-0.3507922112827168,0,295030,0.01,0.6854607026999997,-0.15807000150000003,0,-0.006766666666666782,-0.16905000000000003,0,0,175,-1
1049,-576457023130,0.9863540289458865,1.7085041406264512,0.04233356450550989,-0.3434469080557168,0,295040,0.01,0.7345303226999998,-0.09523695150000003,0,-0.09426666666666678,-0.3528,0,0,175,-1
1050,-576457023120,0.9867782876383667,1.7051097192375289,0.04251817399050989,-0.3354373697287168,0,295050,0.01,0.8009538326999999,0.01846094849999998,0,-0.29551666666666676,-0.23904999999999998,0,0,175,-1
1051,-576457023110,0.9872088505801968,1.7017999710683767,0.043594414375509885,-0.3265122641017168,0,295060,0.01,0.8925105626999997,0.10762403849999998,0,-0.07676666666666676,0.20720000000000005,0,0,175,-1
1052,-576457023099,0.987651791632877,1.6985840817124944,0.044993796160509886,-0.3166656070747168,0,295070,0.01,0.9846657026999998,0.1399381785,0,-0.15551666666666678,0.032200000000000006,0,0,175,-1
1053,-576457023090,0.9871779466083996,1.6959940276517391,0.046042125426957084,-0.3041753311835715,0,295080,0.01,1.2108646826999998,0.15609524849999998,0,-0.07676666666666676,0.3384499999999999,0,1,176,1
1054,-576457023080,0.9876448860435942,1.6930205370630385,0.04734576161195708,-0.2905227865565715,0,295090,0.01,1.3652544627,0.13036361849999997,0,-0.11176666666666678,0.23344999999999994,0,0,176,-1
1055,-576457023071,0.9881216005061388,1.6901898253051078,0.047997130896957084,-0.27561956502957147,0,295100,0.01,1.4903221527,0.06513692849999998,0,-0.006766666666666782,0.15470000000000006,0,0,176,-1
1056,-576457023060,0.9886012082810335,1.687508714251947,0.04792442408195709,-0.26060264560257146,0,295110,0.01,1.5016919426999997,-0.007270681500000021,0,-0.06801666666666678,0.20720000000000005,0,0,176,-1
1057,-576457023050,0.9890785032012781,1.6849757976400563,0.04753455996695709,-0.24598067677557145,0,295120,0.01,1.4621968826999998,-0.03898641150000002,0,-0.20801666666666677,-0.01154999999999995,0,0,176,-1
1058,-576457023040,0.9895501940118726,1.6825870062814356,0.046803602151957086,-0.23177759494857145,0,295130,0.01,1.4203081827,-0.07309578150000003,0,-0.12051666666666677,-0.1078,0,0,176,-1
1059,-576457023031,0.9900155027798172,1.680330431817085,0.046258151436957086,-0.21953729792157145,0,295140,0.01,1.2240297026999998,-0.05454507150000003,0,-0.1380166666666668,-0.20405000000000006,0,0,176,-1
1060,-576457023020,0.9904758956096118,1.6781892888465044,0.045820414521957085,-0.20869129619457144,0,295150,0.01,1.0846001726999999,-0.043773691500000024,0,-0.34801666666666675,-0.2128,0,0,176,-1
1061,-576457023011,0.9909328386057564,1.6761518186131938,0.04556818470695709,-0.19880275046757145,0,295160,0.01,0.9888545726999999,-0.025222981500000023,0,-0.2867666666666668,-0.4053,0,0,176,-1
1062,-576457023001,0.9913428032191484,1.67440065514957,0.045535062713457086,-0.19034468589327147,0,295169,0.009,0.9397849526999996,-0.00368022150000002,0,-0.14676666666666677,-0.06405000000000005,0,0,176,-1
1063,-576457022990,0.9917985383247079,1.6725425219902723,0.04561195839845709,-0.18128194596627148,0,295179,0.01,0.9062739926999998,0.0076895684999999745,0,-0.16426666666666678,-0.29155,0,0,176,-1
1064,-576457022982,0.9922547132616175,1.6707762429707447,0.04562302898345709,-0.17197385793927147,0,295189,0.01,0.9308088026999998,0.0011070584999999858,0,-0.15551666666666678,0.14595000000000002,0,0,176,-1
1065,-576457022972,0.992709443038377,1.669106725052987,0.04532292636845709,-0.16192972561227148,0,295199,0.01,1.0044132326999997,-0.03001026150000001,0,-0.015516666666666762,-0.12529999999999997,0,0,176,-1
1066,-576457022961,0.9931610521069866,1.6675373193329994,0.04499888735345709,-0.1519514183852715,0,295209,0.01,0.9978307226999997,-0.03240390150000002,0,0.05448333333333322,0.04970000000000008,0,0,176,-1
1067,-576457022951,0.9936101089569461,1.6660699108022818,0.04481248263845709,-0.14153028775827148,0,295219,0.01,1.0421130627,-0.018640471500000023,0,-0.19926666666666676,0.15470000000000006,0,0,176,-1
1068,-576457022940,0.9841470803541745,1.6703325118508905,0.03938508042166574,-0.12576402196058328,0,295230,0.011,1.0469003426999999,0.004099108499999983,0,0.01948333333333324,-0.055300000000000016,0,1,177,1
1069,-576457022931,0.9845425423773161,1.6691241946779196,0.03970732420666574,-0.11589941263358329,0,295240,0.01,0.9864609326999998,0.032224378499999984,0,-0.02426666666666677,0.04970000000000008,0,0,177,-1
1070,-576457022920,0.9849430220683077,1.6680146732007186,0.04038861399166574,-0.1060048828065833,0,295250,0.01,0.9894529826999998,0.06812897849999998,0,-0.2342666666666668,0.18094999999999994,0,0,177,-1
1071,-576457022910,0.9853487587911495,1.6669967664992877,0.040758730576665736,-0.0975764574795833,0,295260,0.01,0.8428425326999998,0.03701165849999998,0,-0.015516666666666762,-0.08155000000000001,0,0,177,-1
1072,-576457022900,0.9857545164583411,1.666055783608127,0.04039280286166574,-0.0906201207525833,0,295270,0.01,0.6956336726999999,-0.036592771500000024,0,0.06323333333333325,0.02344999999999997,0,0,177,-1
1073,-576457022886,0.9861540416853828,1.6651715281897361,0.039512242546665736,-0.0862309629255833,0,295280,0.01,0.4389157826999997,-0.08805603150000002,0,-0.26926666666666677,-0.13405,0,0,177,-1
1074,-576457022880,0.9865438038532744,1.6643244920781153,0.03844019103166574,-0.08317625939858331,0,295290,0.01,0.3054703526999998,-0.10720515150000001,0,-0.18176666666666677,0.06719999999999993,0,0,177,-1
1075,-576457022870,0.9916987991012781,1.6675803996681815,0.040542713483526345,-0.07908450852077534,0,295300,0.01,0.12235689269999975,-0.043773691500000024,0,-0.16426666666666678,0.11094999999999988,0,1,178,2
1076,-576457022861,0.9921026958025384,1.6667868758006088,0.040236626768526344,-0.07962026499377534,0,295310,0.01,-0.053575647300000244,-0.030608671500000014,0,-0.19926666666666676,0.11094999999999988,0,0,178,-1
1077,-576457022850,0.9925038308416487,1.665987725083806,0.03999038105352634,-0.08020987836677534,0,295320,0.01,-0.058961337300000256,-0.02462457150000002,0,-0.03301666666666678,0.11094999999999988,0,0,178,-1
1078,-576457022838,0.992902293980109,1.6651834860867734,0.03970224663852634,-0.08063792103977535,0,295330,0.01,-0.042804267300000226,-0.028813441500000023,0,-0.050516666666666765,0.12844999999999995,0,0,178,-1
1079,-576457022830,0.9932987733894193,1.6643746973785105,0.03959363522352634,-0.08111982061277535,0,295340,0.01,-0.04818995730000024,-0.010861141500000029,0,-0.05926666666666677,-0.04654999999999998,0,0,178,-1
1080,-576457022821,0.9936938974000795,1.6635610298335177,0.03943116690852634,-0.08161368838577536,0,295350,0.01,-0.049386777300000205,-0.01624683150000002,0,-0.26926666666666677,0.11969999999999992,0,0,178,-1
1081,-576457022810,0.9929137209856864,1.6634463088719467,0.038973506478038815,-0.08176117396879151,0,295360,0.01,-0.06674066730000021,0.019059358499999977,0,-0.2605166666666668,0.18094999999999994,0,1,179,1
1082,-576457022800,0.9933051869513918,1.662625898667894,0.03931968666303882,-0.08232086684179152,0,295370,0.01,-0.05596928730000025,0.03461801849999998,0,-0.07676666666666676,0.11094999999999988,0,0,179,-1
1083,-576457022790,0.9937002942419472,1.661799682091611,0.03970177144803882,-0.08292244841479152,0,295380,0.01,-0.06015815730000022,0.03820847849999998,0,-0.16426666666666678,-0.02905000000000002,0,0,179,-1
1084,-576457022780,0.9940995814263526,1.6609672103355981,0.04015566543303882,-0.08357190278779152,0,295390,0.01,-0.06494543730000024,0.045389398499999976,0,-0.03301666666666678,-0.09904999999999997,0,0,179,-1
1085,-576457022770,0.994502958743108,1.6601278550693552,0.04051979791803882,-0.08429915046079152,0,295400,0.01,-0.07272476730000027,0.036413248499999974,0,-0.12926666666666675,0.05844999999999989,0,0,179,-1
1086,-576457022762,0.9949095584977133,1.6592818556568822,0.0,0.0,1,295410,0.01,-0.06015815730000022,0.02803550849999998,0,-0.1380166666666668,-0.01154999999999995,0,0,179,-1
1087,-576457022750,0.9949093744866383,1.6592792666360172,0.0,0.0,1,295420,0.01,-0.05178041730000022,-0.00368022150000002,0,-0.015516666666666762,0.04095000000000004,0,0,179,-1
1088,-576457022740,0.9954825894617878,1.659812828122378,0.0,0.0,1,295430,0.01,-0.0583629273000002,-0.024026161500000014,0,-0.19926666666666676,0.06719999999999993,0,1,180,2
1089,-576457022729,0.9954806102207128,1.659810388704013,0.0,0.0,1,295440,0.01,-0.04878836730000022,-0.03958482150000002,0,0.08948333333333325,0.14595000000000002,0,0,180,-1
1090,-576457022719,0.995479265249357,1.6598075094154012,0.0,0.0,1,295451,0.011,-0.04759154730000025,-0.022230931500000023,0,-0.12926666666666675,0.12844999999999995,0,0,180,-1
1091,-576457022709,0.995477974179782,1.6598055487250363,0.0,0.0,1,295461,0.01,-0.03921380730000024,-0.025821391500000023,0,-0.09426666666666678,0.0847,0,0,180,-1
1092,-576457022699,0.995477401202207,1.6598033785911712,0.0,0.0,1,295471,0.01,-0.04340267730000021,-0.011459551500000024,0,-0.015516666666666762,0.19845000000000002,0,0,180,-1
1093,-576457022688,0.995478533693132,1.6598012084573062,0.0,0.0,1,295481,0.01,-0.04340267730000021,0.022649818499999985,0,-0.015516666666666762,-0.07279999999999998,0,0,180,-1
1094,-576457022679,0.995484363702557,1.6597976919009412,0.001166001885,-7.033112730000018e-4,0,295491,0.01,-0.07033112730000018,0.1166001885,0,-0.11176666666666678,-0.08155000000000001,0,0,180,-1
1095,-576457022669,0.9911038296846104,1.6624829813603077,0.0031573389884619585,-0.0015197397336074768,0,295501,0.01,-0.08170091730000026,0.1991807685,0,-0.14676666666666677,-0.14280000000000004,0,1,181,1
1096,-576457022660,0.99114880297042,1.6624633099506065,0.0058373181734619585,-0.00241454220660748,0,295511,0.01,-0.08948024730000029,0.2679979185,0,-0.15551666666666678,-0.12529999999999997,0,0,181,-1
1097,-576457022649,0.9912075007895796,1.6624348999596756,0.005902245658461958,-0.003267455979607482,0,295521,0.01,-0.08529137730000025,0.006492748499999978,0,-0.17301666666666676,-0.0027999999999999137,0,0,181,-1
1098,-576457022639,0.9912696903310892,1.6623992773330145,0.006535662643461958,-0.0038570693526074847,0,295531,0.01,-0.058961337300000256,0.06334169849999997,0,-0.08551666666666677,0.2159500000000001,0,0,181,-1
1099,-576457022629,0.9913451555984488,1.6623590451541235,0.008557390828461957,-0.0041893664256074875,0,295541,0.01,-0.03322970730000025,0.2021728185,0,-0.11176666666666678,0.30345,0,0,181,-1
1100,-576457022619,0.9914479592266584,1.6623168065065024,0.012003334813461957,-0.00425836309860749,0,295551,0.01,-0.006899667300000224,0.3445943985,0,-0.18176666666666677,0.0847,0,0,181,-1
1101,-576457022607,0.9965604099413649,1.6666599315311459,0.016539016276044868,-0.003974319910624751,0,295561,0.01,0.027209702699999786,0.4529066085,0,-0.2342666666666668,-0.20405000000000006,0,1,182,2
1102,-576457022599,0.9967584089610503,1.6666211299301747,0.02306078766104487,-0.0037860002836247538,0,295571,0.01,0.018831962699999746,0.6521771385000001,0,0.03698333333333326,0.18969999999999998,0,0,182,-1
1103,-576457022590,0.9970507981820858,1.6665852587429735,0.03541705654604487,-0.0033882371566247562,0,295581,0.01,0.03977631269999976,1.2356268885000001,0,-0.12051666666666677,-0.01154999999999995,0,0,182,-1
1104,-576457022578,0.9974834756514712,1.6665463338695423,0.051118437331044875,-0.0043967375296247585,0,295591,0.01,-0.10085003730000028,1.5701380785,0,-0.5142666666666668,0.014699999999999935,0,0,182,-1
1105,-576457022569,0.9980764581837066,1.666496157092881,0.06747806911604487,-0.00563861780262476,0,295601,0.01,-0.12418802730000021,1.6359631785,0,-0.19926666666666676,-0.09904999999999997,0,0,182,-1
1106,-576457022537,0.9988263049212921,1.6664330827854896,0.08249127840104487,-0.006976243675624763,0,295611,0.01,-0.13376258730000026,1.5013209285000002,0,-0.2867666666666668,-0.07279999999999998,0,0,182,-1
1107,-576457022534,0.9997376834622275,1.6663612698968684,0.09978442978604486,-0.007386334048624765,0,295621,0.01,-0.041009037300000266,1.7293151385,0,-0.015516666666666762,0.4434499999999999,0,0,182,-1
1108,-576457022533,1.000791743891513,1.6662938834470171,0.11102765607104487,-0.006090955921624768,0,295631,0.01,0.12953781269999975,1.1243226285,0,-0.015516666666666762,0.45219999999999994,0,0,182,-1
1109,-576457022529,1.0019814848121484,1.6662384634019358,0.12692052805604487,-0.004993053094624771,0,295641,0.01,0.10979028269999977,1.5892871985,0,-0.2517666666666668,-0.020299999999999985,0,0,182,-1
1110,-576457022519,1.0031481770437884,1.666313640633947,0.14734195471391345,-0.004928649096358271,0,295651,0.01,0.006265352699999737,2.0422835685,0,-0.18176666666666677,-0.02905000000000002,0,1,183,1
1111,-576457022509,1.0047087804398525,1.6662541353946183,0.16477872449891345,-0.006972398769358274,0,295661,0.01,-0.2043749673000002,1.7436769785000001,0,-0.015516666666666762,0.12844999999999995,0,0,183,-1
1112,-576457022499,1.0064239142422666,1.6661816129425597,0.17824803598391345,-0.007532091642358276,0,295671,0.01,-0.05596928730000025,1.3469311485000002,0,0.08073333333333321,-0.11655000000000004,0,0,183,-1
1113,-576457022489,1.0082459450150307,1.6661182144477713,0.18615811856891346,-0.005147607315358278,0,295681,0.01,0.23844843269999977,0.7910082585000001,0,0.10698333333333321,0.3909499999999999,0,0,183,-1
1114,-576457022479,1.010105876085145,1.6660818024487527,0.18582809545391346,-0.00213479248835828,0,295691,0.01,0.30128148269999977,-0.033002311500000006,0,0.10698333333333321,0.09345000000000003,0,0,183,-1
1115,-576457022469,1.0162760648088534,1.6697955021349786,0.18043493395330454,0.0013621225708495344,0,295701,0.01,0.3413749526999998,-0.5440444515,0,-0.16426666666666678,0.2684500000000001,0,1,184,2
1116,-576457022459,1.0180462105288113,1.669829064476322,0.17359421003830453,0.005350345697849533,0,295711,0.01,0.3988223126999998,-0.6840723915,0,-0.07676666666666676,0.32095000000000007,0,0,184,-1
1117,-576457022449,1.0197624604521194,1.6698997862834355,0.16965577462330453,0.00879401572484953,0,295721,0.01,0.34436700269999976,-0.39384354150000006,0,-0.2517666666666668,0.19845000000000002,0,0,184,-1
1118,-576457022439,1.0214522516772775,1.669996118243319,0.16830247040830454,0.010472376251849528,0,295731,0.01,0.16783605269999974,-0.13533042150000002,0,-0.2517666666666668,0.19845000000000002,0,0,184,-1
1119,-576457022382,1.0231373962487855,1.6701019930474723,0.16872644389330455,0.010702584578849525,0,295741,0.01,0.02302083269999975,0.04239734849999998,0,-0.17301666666666676,0.07594999999999996,0,0,184,-1
1120,-576457022382,1.0248302214126435,1.6701997875213959,0.16983858887830455,0.008856310205849522,0,295751,0.01,-0.18462743730000028,0.11121449849999998,0,-0.1380166666666668,0.014699999999999935,0,0,184,-1
1121,-576457022381,1.0265297397923516,1.6702718784905892,0.17006508706330456,0.00556188363284952,0,295761,0.01,-0.3294426573000002,0.022649818499999985,0,-0.6630166666666668,-0.14280000000000004,0,0,184,-1
1122,-576457022381,1.0282285311039097,1.6703090205205529,0.16969317524830457,0.0018665223598495172,0,295771,0.01,-0.3695361273000003,-0.03719118150000003,0,-0.32176666666666676,-0.19530000000000003,0,0,184,-1
1123,-576457022286,1.0299300960458178,1.6703118120212863,0.17061981313330457,-0.001308222213150485,0,295781,0.01,-0.31747445730000023,0.0926637885,0,-0.3305166666666668,-0.39655000000000007,0,0,184,-1
1124,-576457022286,1.031653464056076,1.6702856386827898,0.17405378891830456,-0.003926445486150488,0,295791,0.01,-0.26182232730000027,0.34339757849999997,0,-0.42676666666666674,-0.46655,0,0,184,-1
1125,-576457022286,1.0340706096957113,1.6698300517211269,0.1792524305120626,-0.006123855314919207,0,295801,0.01,-0.21753998730000024,0.5181332985,0,-0.15551666666666678,-0.22155000000000002,0,1,185,1
1126,-576457022285,1.0358952342092569,1.6697586542606127,0.1856724721970626,-0.00815563678791921,0,295811,0.01,-0.20317814730000025,0.6420041685,0,-0.24301666666666677,-0.15155000000000007,0,0,185,-1
1127,-576457022285,1.0377808875666523,1.6696661012113685,0.1914581992820626,-0.010354973060919212,0,295821,0.01,-0.21993362730000018,0.5785727085,0,-0.19051666666666678,-0.14280000000000004,0,0,185,-1
1128,-576457022284,1.039721196701398,1.6695526319373943,0.1966036276670626,-0.012338881733919215,0,295831,0.01,-0.19839086730000022,0.5145428384999999,0,-0.1380166666666668,0.3384499999999999,0,0,185,-1
1129,-576457022284,1.0417181962074937,1.6694206699991903,0.2027962735520626,-0.014053505906919218,0,295841,0.01,-0.17146241730000025,0.6192645885,0,-0.12051666666666677,0.19845000000000002,0,0,185,-1
1130,-576457022284,1.0435730718858516,1.6692893042445522,0.2093983216385626,-0.01513888401261922,0,295850,0.009,-0.12059756730000022,0.7335608985000001,0,-0.14676666666666677,0.30345,0,0,185,-1
1131,-576457022284,1.045712679376662,1.6691337106765611,0.2185231765235626,-0.015979829585619224,0,295860,0.01,-0.08409455730000027,0.9124854885000001,0,-0.08551666666666677,0.18094999999999994,0,0,185,-1
1132,-576457022284,1.0479441936673226,1.66897213121334,0.2277796816085626,-0.016336063058619225,0,295870,0.01,-0.03562334730000026,0.9256505085000001,0,-0.11176666666666678,0.25095,0,0,185,-1
1133,-576457022283,1.0500297365633888,1.668822621769232,0.2356742952950626,-0.016888257854319227,0,295879,0.009,-0.061354977300000196,0.8771792985000001,0,-0.08551666666666677,0.14595000000000002,0,0,185,-1
1134,-576457022276,1.0524231276407643,1.6686483376428238,0.2430039201800626,-0.01796856742731923,0,295889,0.01,-0.10803095730000026,0.7329624885,0,0.010733333333333234,0.1634500000000001,0,0,185,-1
1135,-576457022269,1.0605084976685695,1.6728695535351263,0.24899519467590053,-0.02010839195158524,0,295900,0.011,-0.2301065973000003,0.5235189885,0,0.08073333333333321,-0.08155000000000001,0,1,186,2
1136,-576457022260,1.0587858385465756,1.6753656886377348,0.2531883532486375,-0.022906885792643404,0,295910,0.01,-0.30789989730000034,0.4409384085,0,0.13323333333333326,0.14595000000000002,0,1,187,1
1137,-576457022251,1.0615984923011499,1.675091862811584,0.2582032384921375,-0.026879628052943406,0,295921,0.011,-0.3611583873000002,0.4558986585,0,0.08948333333333325,-0.0027999999999999137,0,0,187,-1
1138,-576457022239,1.064206461271496,1.6748083597076897,0.2633905555771375,-0.029820992725943407,0,295931,0.01,-0.2941364673000002,0.5187317084999999,0,0.07198333333333323,0.014699999999999935,0,0,187,-1
1139,-576457022229,1.0668693253831925,1.6744982854045651,0.26918226676213747,-0.03219386789894341,0,295941,0.01,-0.23728751730000025,0.5791711185,0,-0.10301666666666677,0.18969999999999998,0,0,187,-1
1140,-576457022219,1.0695901066067388,1.6741698381192107,0.27497397794713746,-0.03349558917194341,0,295951,0.01,-0.13017212730000022,0.5791711185,0,-0.1380166666666668,0.09345000000000003,0,0,187,-1
1141,-576457022209,1.0723697623981352,1.6738319640811263,0.28095718033213746,-0.03407921844494341,0,295961,0.01,-0.0583629273000002,0.5983202385,0,-0.050516666666666765,0.0847,0,0,187,-1
1142,-576457022199,1.0799354768538527,1.6773195528349705,0.2873262073488667,-0.03397619624604533,0,295971,0.01,-0.03741857730000022,0.6078947985,0,0.010733333333333234,-0.037800000000000056,0,1,188,2
1143,-576457022190,1.0828420658762663,1.676979954537645,0.2939915971338667,-0.03394346321904533,0,295981,0.01,0.0032733026999997397,0.6665389785,0,-0.11176666666666678,0.15470000000000006,0,0,188,-1
1145,-576457022169,1.0888601424971436,1.676298209314804,0.30823794400386667,-0.03421310676504534,0,296001,0.01,-0.011686947300000246,0.7545052485000001,0,0.04573333333333324,0.11094999999999988,0,0,188,-1
1146,-576457022159,1.0919813542581074,1.6759557931047886,0.31600440818886666,-0.03427013523804534,0,296011,0.01,-0.0057028473000002525,0.7766464185,0,-0.006766666666666782,0.19845000000000002,0,0,188,-1
1147,-576457022149,1.095179452727921,1.6756131656560431,0.32361528577386667,-0.03425535451104534,0,296021,0.01,0.001478072699999748,0.7610877585000001,0,0.02823333333333322,0.06719999999999993,0,0,188,-1
1148,-576457022139,1.0984517450615847,1.6752729599725678,0.33084318095886667,-0.03378578218404534,0,296031,0.01,0.04695723269999976,0.7227895185000001,0,-0.006766666666666782,0.04095000000000004,0,0,188,-1
1149,-576457022129,1.1001572054276154,1.6760337385877804,0.3374876461192834,-0.03336944409599831,0,296041,0.01,0.021225602699999725,0.6797039985,0,-0.2517666666666668,0.2859499999999999,0,1,189,1
1150,-576457022119,1.1035608609217333,1.6757015841549554,0.3432434527042834,-0.033061442468998316,0,296051,0.01,0.03080016269999977,0.5755806585000001,0,-0.08551666666666677,0.25970000000000004,0,0,189,-1
1151,-576457022109,1.1070221941637013,1.6753690389604003,0.3490231956892834,-0.033447596441998316,0,296061,0.01,-0.038615397300000256,0.5779742985,0,-0.10301666666666677,0.2159500000000001,0,0,189,-1
1152,-576457022099,1.110540965789519,1.6750296102556155,0.3547311294742834,-0.03443814451499832,0,296071,0.01,-0.09905480730000026,0.5707933785,0,-0.2780166666666668,0.10220000000000007,0,0,189,-1
1153,-576457022089,1.1141190907111869,1.6746802162291003,0.36089385485928344,-0.03544066078799832,0,296081,0.01,-0.10025162730000023,0.6162725385,0,-0.22551666666666678,-0.055300000000000016,0,0,189,-1
1154,-576457022079,1.1177561799622047,1.6743239985333553,0.3665239953442834,-0.03580287836099832,0,296091,0.01,-0.03622175730000025,0.5630140485,0,-0.12926666666666675,0.1372,0,0,189,-1
1155,-576457022068,1.1214444542125726,1.6739675097578803,0.3711308547292834,-0.03549487673399832,0,296101,0.01,0.03080016269999977,0.46068593849999995,0,-0.10301666666666677,0.2159500000000001,0,0,189,-1
1156,-576457022056,1.129574413856845,1.6770796727938095,0.37544553830890387,-0.033564553753487804,0,296111,0.01,0.11816802269999975,0.3834910485,0,-0.015516666666666762,0.11969999999999992,0,1,190,2
1157,-576457022049,1.1333398455753592,1.6767494868499095,0.3776408053939039,-0.032472635026487805,0,296121,0.01,0.10919187269999976,0.21952670849999995,0,-0.03301666666666678,-0.09904999999999997,0,0,190,-1
1158,-576457022039,1.1371278283747233,1.6764295020012798,0.3799557544789039,-0.03152433469948781,0,296131,0.01,0.09483003269999975,0.23149490849999999,0,-0.18176666666666677,0.014699999999999935,0,0,190,-1
1159,-576457022029,1.1409443164344373,1.67611702540292,0.38334185746390387,-0.030970984972487813,0,296141,0.01,0.055334972699999735,0.33861029849999996,0,-0.11176666666666678,0.014699999999999935,0,0,190,-1
1160,-576457022019,1.1447975079715014,1.67580975317633,0.3872964499489039,-0.030483460345487816,0,296151,0.01,0.048752462699999756,0.39545924849999997,0,-0.06801666666666678,0.05844999999999989,0,0,190,-1
1161,-576457022010,1.1486898564669155,1.6755095104720101,0.3911732491339039,-0.02956508051848782,0,296161,0.01,0.09183798269999975,0.38767991849999994,0,-0.05926666666666677,-0.02905000000000002,0,0,190,-1
1162,-576457021999,1.1494579672326146,1.6774879383665073,0.3936777223855831,-0.02728835094627722,0,296171,0.01,0.16245036269999977,0.29732000849999995,0,-0.3917666666666668,0.05844999999999989,0,1,191,1
1163,-576457021989,1.1534075758628954,1.6772271568016797,0.3962440036705831,-0.024867962019277223,0,296181,0.01,0.24203889269999976,0.25662812849999994,0,0.01948333333333324,-0.06405000000000005,0,0,191,-1
1164,-576457021979,1.1573813812015261,1.6769905192851218,0.3985170640555831,-0.022459541292277226,0,296191,0.01,0.24084207269999977,0.2273060385,0,-0.05926666666666677,-0.0027999999999999137,0,0,191,-1
1165,-576457021870,1.1613726212155069,1.676771383465834,0.39973093874058313,-0.021367622565277227,0,296201,0.01,0.10919187269999976,0.1213874685,0,-0.18176666666666677,-0.02905000000000002,0,0,191,-1
1166,-576457021869,1.1653710331733376,1.6765570929723161,0.39995145282558314,-0.021490476138277228,0,296211,0.01,-0.012285357300000233,0.02205140849999998,0,-0.09426666666666678,-0.02905000000000002,0,0,191,-1
1167,-576457021869,1.168971658980047,1.676360806040811,0.40018761533208314,-0.022128841973977232,0,296220,0.009,-0.07092953730000032,0.026240278499999978,0,-0.24301666666666677,-0.08155000000000001,0,0,191,-1
1168,-576457021868,1.172975864444293,1.6761360609057063,0.40065347751708313,-0.022820185046977234,0,296230,0.01,-0.06913430730000021,0.046586218499999985,0,-0.07676666666666676,0.18094999999999994,0,0,191,-1
1169,-576457021868,1.1769859552708888,1.6759057786828715,0.4013646878020831,-0.023236259519977237,0,296240,0.01,-0.04160744730000025,0.07112102849999999,0,-0.02426666666666677,0.014699999999999935,0,0,191,-1
1170,-576457021868,1.1810035471668345,1.6756725026148067,0.4021536913870831,-0.02341895409297724,0,296250,0.01,-0.018269457300000264,0.07890035849999998,0,-0.2605166666666668,-0.037800000000000056,0,0,191,-1
1171,-576457021867,1.1850301660776303,1.675438207454512,0.4031700907720831,-0.023440077965977243,0,296260,0.01,-0.0021123873000002354,0.10163993849999998,0,-0.15551666666666678,0.07594999999999996,0,0,191,-1
1172,-576457021867,1.1890697914297763,1.6752054065239872,0.4047549796570831,-0.023120108138977247,0,296270,0.01,0.031996982699999774,0.1584888885,0,-0.22551666666666678,-0.28280000000000005,0,0,191,-1
1173,-576457021866,1.193128796289772,1.6749773611577323,0.4070459923420831,-0.02248896511197725,0,296280,0.01,0.06311430269999975,0.2291012685,0,-0.2780166666666668,-0.20405000000000006,0,0,191,-1
1174,-576457021866,1.197215079669618,1.6747561059497476,0.41021068362708313,-0.02176207648497725,0,296290,0.01,0.07268886269999977,0.31646912850000003,0,-0.24301666666666677,-0.14280000000000004,0,0,191,-1
1175,-576457021768,1.2013327107573137,1.6745426282765328,0.41331553391208314,-0.020933458157977255,0,296300,0.01,0.08286183269999976,0.31048502850000004,0,-0.15551666666666678,-0.2128,0,0,191,-1
1177,-576457021767,1.2046957652150048,1.6777846611050788,0.41521597661218296,-0.0177857645380875,0,296320,0.01,0.09303480269999977,0.06753056849999999,0,-0.3130166666666668,-0.1078,0,1,193,1
1178,-576457021766,1.2088472323215516,1.677610976471833,0.41507744469718294,-0.016951162111087503,0,296330,0.01,0.08346024269999976,-0.013853191500000027,0,-0.02426666666666677,-0.19530000000000003,0,0,193,-1
1179,-576457021766,1.2129968353809484,1.677445099293857,0.41484316718218295,-0.016224273484087504,0,296340,0.01,0.07268886269999977,-0.02342775150000002,0,-0.36551666666666677,-0.24780000000000002,0,0,193,-1
1180,-576457021765,1.2171476262841954,1.6772847556131512,0.41531501346718297,-0.015844462657087506,0,296350,0.01,0.03798108269999977,0.04718462849999998,0,-0.19926666666666676,-0.17780000000000007,0,0,193,-1
1181,-576457021765,1.2213052001647922,1.6771253077522155,0.41619976265218295,-0.016045109530087507,0,296360,0.01,-0.020064687300000255,0.08847491849999999,0,-0.2342666666666668,-0.1078,0,0,193,-1
1182,-576457021764,1.2254752119972392,1.6769614897030496,0.41780260383718293,-0.016718500303087507,0,296370,0.01,-0.06733907730000019,0.1602841185,0,-0.21676666666666677,-0.30905000000000005,0,0,193,-1
1183,-576457021764,1.2296608034340362,1.6767915660766537,0.4193156835221829,-0.01726622497608751,0,296380,0.01,-0.05477246730000022,0.15130796849999997,0,-0.19926666666666676,-0.22155000000000002,0,0,193,-1
1184,-576457021764,1.2334418631606852,1.6766343395366232,0.4209198112886829,-0.01767300614178751,0,296389,0.009,-0.045197907300000235,0.17823641850000002,0,-0.26926666666666677,-0.23030000000000006,0,0,193,-1
1185,-576457021764,1.237657160567497,1.6764562771153402,0.4221396700736829,-0.017939478114787515,0,296399,0.01,-0.02664719730000027,0.12198587849999998,0,-0.2517666666666668,-0.12529999999999997,0,0,193,-1
1186,-576457021758,1.242304854945312,1.6762622182143159,0.4228956713471829,-0.017343958435087518,0,296410,0.011,0.05413815269999976,0.06872738849999997,0,-0.22551666666666678,0.23344999999999994,0,0,193,-1
1187,-576457021750,1.2501401810521378,1.6788587983897225,0.4243450125565328,-0.01558252689896762,0,296420,0.01,0.04935087269999974,0.05316872849999998,0,-0.19926666666666676,0.014699999999999935,0,1,194,2
1188,-576457021740,1.254388144685128,1.6787050516978679,0.4252477140415328,-0.015166811471967622,0,296430,0.01,0.041571542699999756,0.09027014849999998,0,-0.09426666666666678,-0.01154999999999995,0,0,194,-1
1189,-576457021730,1.2546896595792525,1.6819388475391028,0.42578432559971663,-0.01315957518647477,0,296440,0.01,0.02601288269999978,0.16985867849999997,0,-0.12926666666666675,-0.15155000000000007,0,1,195,1
1190,-576457021720,1.2589596759906747,1.681804213958873,0.42821895668471666,-0.013767140859474771,0,296450,0.01,-0.06075656730000021,0.24346310849999997,0,-0.14676666666666677,-0.14280000000000004,0,0,195,-1
1191,-576457021710,1.263255265453447,1.681662397663413,0.43089893586971667,-0.014596118232474774,0,296460,0.01,-0.0828977373000003,0.2679979185,0,-0.19051666666666678,-0.08155000000000001,0,0,195,-1
1192,-576457021701,1.2675737949635693,1.6815127104812233,0.43280696615471664,-0.015341318205474777,0,296470,0.01,-0.07451999730000029,0.1908030285,0,-0.2517666666666668,-0.20405000000000006,0,0,195,-1
1193,-576457021690,1.2719058694840413,1.6813594609643037,0.43360793793971664,-0.01530858517847478,0,296480,0.01,0.0032733026999997397,0.08009717849999998,0,-0.12926666666666675,-0.09030000000000005,0,0,195,-1
1194,-576457021679,1.2762423333418635,1.681207556074654,0.43368483362471666,-0.015072392751474782,0,296490,0.01,0.023619242699999734,0.0076895684999999745,0,0.07198333333333323,0.07594999999999996,0,0,195,-1
1195,-576457021670,1.2824952309147215,1.6825190583934488,0.4337332113216908,-0.014629025038252285,0,296500,0.01,-0.03203288730000024,-0.05274984150000003,0,-0.22551666666666678,-0.1603,0,1,196,2
1196,-576457021657,1.2868312719583634,1.6823689523817011,0.43347499740669077,-0.015392177311252288,0,296510,0.01,-0.07631522730000025,-0.025821391500000023,0,-0.12051666666666677,-0.06405000000000005,0,0,196,-1
1197,-576457021649,1.2911685906073553,1.6822065771697237,0.4339887323916908,-0.017082865084252292,0,296520,0.01,-0.16906877730000025,0.05137349849999998,0,-0.10301666666666677,-0.16905000000000003,0,0,196,-1
1198,-576457021640,1.2955141583381973,1.6820248116785161,0.43512481377669077,-0.019270233157252292,0,296530,0.01,-0.21873680730000022,0.11360813849999997,0,-0.14676666666666677,-0.037800000000000056,0,0,196,-1
1199,-576457021630,1.2998729718743893,1.6818182702180786,0.43663789346169074,-0.022038058930252295,0,296540,0.01,-0.2767825773000003,0.15130796849999997,0,-0.12926666666666675,-0.13405,0,0,196,-1
1200,-576457021620,1.3042443430444313,1.681583691453911,0.43763634054669076,-0.0248776939032523,0,296550,0.01,-0.28396349730000026,0.09984470849999999,0,-0.29551666666666676,-0.020299999999999985,0,0,196,-1
1201,-576457021609,1.3086224373508233,1.6813222722060135,0.43798252073169075,-0.027406155676252302,0,296560,0.01,-0.2528461773000003,0.03461801849999998,0,-0.22551666666666678,-0.09030000000000005,0,0,196,-1
1202,-576457021599,1.3108218363663637,1.6830893497534696,0.43708724857060127,-0.027772259798239635,0,296570,0.01,-0.16248626730000026,-0.00906591150000002,0,-0.15551666666666678,-0.20405000000000006,0,1,197,1
1203,-576457021590,1.3151917768284949,1.6828084696451222,0.4369008438556013,-0.028403761871239636,0,296580,0.01,-0.06315020730000022,-0.018640471500000023,0,-0.08551666666666677,-0.12529999999999997,0,0,197,-1
1204,-576457021580,1.3195611099044757,1.682521035152045,0.43696577134060127,-0.029083136744239638,0,296590,0.01,-0.06793748730000025,0.006492748499999978,0,0.15073333333333322,-0.18655,0,0,197,-1
1205,-576457021570,1.3239291773433068,1.6822254006467376,0.4366477164256013,-0.03004376431723964,0,296600,0.01,-0.09606275730000026,-0.03180549150000002,0,-0.12926666666666675,0.04970000000000008,0,0,197,-1
1206,-576457021560,1.3282935256639878,1.6819186039997003,0.4362219477106013,-0.031315565090239646,0,296610,0.01,-0.1271800773000002,-0.04257687150000002,0,-0.18176666666666677,0.15470000000000006,0,0,197,-1
1207,-576457021550,1.3326518809085188,1.681598610616933,0.4354491011956013,-0.03268311146323965,0,296620,0.01,-0.13675463730000026,-0.07728465150000004,0,-0.12051666666666677,0.02344999999999997,0,0,197,-1
1208,-576457021540,1.3369984684203997,1.6812637150299354,0.4338684011806013,-0.03429600593623965,0,296630,0.01,-0.16128944730000028,-0.15807000150000003,0,0.03698333333333326,-0.09030000000000005,0,0,197,-1
1209,-576457021529,1.3399065083596393,1.6798328956772892,0.4316010001418255,-0.036312668805538545,0,296640,0.01,-0.13436099730000023,-0.17243184150000004,0,-0.12926666666666675,0.014699999999999935,0,1,198,2
1210,-576457021520,1.3442156321579826,1.6794614352323687,0.4302237595268255,-0.037979420178538545,0,296650,0.01,-0.1666751373000003,-0.13772406150000005,0,0.05448333333333322,-0.13405,0,0,198,-1
1211,-576457021511,1.3485159503531756,1.6790687593577183,0.4298398795118255,-0.040555754751538546,0,296660,0.01,-0.25763345730000026,-0.03838800150000003,0,-0.14676666666666677,-0.07279999999999998,0,0,198,-1
1212,-576457021500,1.3528136864092188,1.6786481957818378,0.4297073316968255,-0.04355696042453855,0,296670,0.01,-0.30012056730000025,-0.013254781500000024,0,-0.19926666666666676,-0.11655000000000004,0,0,198,-1
1213,-576457021491,1.3571083915186122,1.6781938800867275,0.4292336901818255,-0.04730617859753855,0,296680,0.01,-0.3749218173000004,-0.04736415150000003,0,-0.050516666666666765,-0.19530000000000003,0,0,198,-1
1214,-576457021481,1.360967031743588,1.677752770496514,0.4282419153683255,-0.050718174783238555,0,296689,0.009,-0.3791106873000002,-0.11019720150000001,0,0.08948333333333325,-0.020299999999999985,0,0,198,-1
1215,-576457021471,1.3593586153157602,1.6832676445284318,0.42405980904509605,-0.05007652309321592,0,296699,0.01,-0.35397746730000024,-0.15926682150000004,0,-0.05926666666666677,0.11094999999999988,0,1,199,1
1216,-576457021459,1.3635865525466362,1.6827519630306347,0.42152763713009606,-0.05305977646621592,0,296709,0.01,-0.29832533730000027,-0.25321719150000005,0,0.07198333333333323,0.25095,0,0,199,-1
1217,-576457021451,1.3677860563263622,1.6822118646096076,0.41837311881509603,-0.05495990773921593,0,296719,0.01,-0.19001312730000022,-0.31545183150000006,0,-0.1380166666666668,-0.037800000000000056,0,0,199,-1
1218,-576457021441,1.3719556007094382,1.6816556073233506,0.41553575780009605,-0.056291549512215926,0,296729,0.01,-0.1331641773000002,-0.2837361015,0,0.02823333333333322,-0.09904999999999997,0,0,199,-1
1219,-576457021432,1.3761011398753642,1.6810860336193636,0.41357207538509605,-0.057623191285215924,0,296739,0.01,-0.1331641773000002,-0.19636824150000004,0,0.16823333333333323,0.07594999999999996,0,0,199,-1
1220,-576457021421,1.3802291665726403,1.6804994632761465,0.41203326407009605,-0.059690877358215925,0,296749,0.01,-0.20676860730000024,-0.15388113150000005,0,-0.17301666666666676,0.11969999999999992,0,0,199,-1
1221,-576457021411,1.3843432712612662,1.6798903310806994,0.41078767365509605,-0.06213556173121593,0,296759,0.01,-0.24446843730000029,-0.12455904150000005,0,0.19448333333333323,0.032200000000000006,0,0,199,-1
1222,-576457021401,1.3884445011587423,1.6792562134725222,0.40945830584009607,-0.06468795990421593,0,296769,0.01,-0.2552398173000002,-0.13293678150000005,0,0.15948333333333325,0.04095000000000004,0,0,199,-1
1223,-576457021391,1.391647091651635,1.6779299282140163,0.4070847781222905,-0.06673515330087404,0,296779,0.01,-0.15769898730000032,-0.19696665150000006,0,0.24698333333333322,0.10220000000000007,0,1,200,2
1224,-576457021382,1.3957066249957828,1.6772571452126426,0.40482189070729047,-0.06782144697387404,0,296789,0.01,-0.10862936730000024,-0.22628874150000003,0,0.22073333333333323,0.1634500000000001,0,0,200,-1
1225,-576457021372,1.3997420633612807,1.6765734095130387,0.40226578239229044,-0.06892569294687405,0,296799,0.01,-0.11042459730000026,-0.2556108315,0,0.15948333333333325,0.0847,0,0,200,-1
1226,-576457021362,1.4037473927276285,1.6758839572027049,0.39880009087729046,-0.06896476911987405,0,296809,0.01,-0.003907617300000227,-0.34656915150000006,0,-0.09426666666666678,-0.04654999999999998,0,0,200,-1
1227,-576457021351,1.4077180053378264,1.675197525067641,0.39532243116229043,-0.06832165789287405,0,296819,0.01,0.06431112269999976,-0.3477659715,0,-0.14676666666666677,0.1372,0,0,200,-1
1228,-576457021341,1.4116505500958743,1.6745177334883472,0.3911865204472904,-0.06763665796587405,0,296829,0.01,0.06849999269999976,-0.4135910715,0,-0.02426666666666677,0.1721999999999999,0,0,200,-1
1229,-576457021331,1.408868599533802,1.6813097235414551,0.3838273615204743,-0.06187297018083363,0,296839,0.01,0.014643092699999744,-0.3974340015000001,0,-0.07676666666666676,0.06719999999999993,0,1,201,1
1230,-576457021321,1.4126873305744316,1.6806900205257818,0.3799188466054743,-0.062067632953833635,0,296849,0.01,-0.019466277300000268,-0.3908514915000001,0,0.04573333333333324,0.11969999999999992,0,0,201,-1
1231,-576457021312,1.4164649119514112,1.6800699865893782,0.3755974287904743,-0.06193915432683364,0,296859,0.01,0.01284786269999975,-0.4321417815,0,0.2032333333333332,0.2246999999999999,0,0,201,-1
1232,-576457021301,1.420199907480741,1.679455157024745,0.37140167707547433,-0.06102675859983364,0,296869,0.01,0.09123957269999974,-0.4195751715,0,0.17698333333333321,0.12844999999999995,0,0,201,-1
1233,-576457021291,1.4238925864469207,1.6788509175218818,0.3671341161604743,-0.05982114197283364,0,296879,0.01,0.12056166269999975,-0.42675609150000005,0,0.001983333333333226,0.02344999999999997,0,0,201,-1
1234,-576457021281,1.4275429787704506,1.6782585546622886,0.3629443485454743,-0.058651429945833645,0,296889,0.01,0.11697120269999978,-0.4189767615,0,-0.02426666666666677,-0.09904999999999997,0,0,201,-1
1235,-576457021248,1.4311506655643302,1.6776758842494652,0.3585930102304743,-0.05788265261883365,0,296899,0.01,0.07687773269999977,-0.4351338315,0,-0.04176666666666676,-0.055300000000000016,0,0,201,-1
1236,-576457021247,1.43471501849806,1.6770999441539118,0.3542775765154743,-0.057305366491833654,0,296909,0.01,0.057728612699999744,-0.4315433715,0,-0.18176666666666677,-0.020299999999999985,0,0,201,-1
1237,-576457021247,1.4382402862826396,1.6765261565391283,0.3507759804004743,-0.057452156464833655,0,296919,0.01,-0.014678997300000279,-0.3501596115,0,-0.08551666666666677,-0.04654999999999998,0,0,201,-1
1238,-576457021242,1.4417323632565693,1.675948327861615,0.3476394143854743,-0.05811357903783366,0,296929,0.01,-0.06614225730000022,-0.3136566015000001,0,-0.04176666666666676,0.02344999999999997,0,0,201,-1
1241,-576457021153,1.4481189087182,1.671215194011159,0.33330470898147496,-0.06082518352443878,0,296959,0.01,0.07388568269999977,-0.43872429150000003,0,0.21198333333333325,-0.07279999999999998,0,0,202,-1
1242,-576457021152,1.4514325029949398,1.6706127009745497,0.329414146366475,-0.059673423797438785,0,296969,0.01,0.11517597269999975,-0.38905626150000006,0,-0.050516666666666765,-0.1603,0,0,202,-1
1243,-576457021152,1.448647877365453,1.6772443933190817,0.32277807512507467,-0.052698297419571716,0,296979,0.01,0.12834099269999974,-0.3238295715,0,-0.2867666666666668,0.0059499999999999,0,1,203,1
1244,-576457021151,1.4518612020271289,1.676720805424021,0.31988685721007465,-0.052019281592571714,0,296989,0.01,0.06790158269999978,-0.28912179150000006,0,-0.02426666666666677,0.10220000000000007,0,0,203,-1
1245,-576457021151,1.4550486963211546,1.6762012849217303,0.31761200159507463,-0.05188481886557172,0,296999,0.01,0.013446272699999737,-0.22748556150000004,0,-0.09426666666666678,-0.055300000000000016,0,0,203,-1
1246,-576457021151,1.4578982819975297,1.6757328788063743,0.31562925982157464,-0.05220542899127172,0,297008,0.009,-0.03562334730000026,-0.22030464150000004,0,-0.09426666666666678,0.04095000000000004,0,0,203,-1
1247,-576457021151,1.4610415846106706,1.6752084150185966,0.3130312628065746,-0.052687328564271725,0,297018,0.01,-0.04818995730000024,-0.25979970150000004,0,-0.09426666666666678,-0.08155000000000001,0,0,203,-1
1248,-576457021051,1.4641533719611612,1.674680628260089,0.3093262072915746,-0.05287002313727173,0,297028,0.01,-0.018269457300000264,-0.3705055515000001,0,-0.18176666666666677,-0.037800000000000056,0,0,203,-1
1249,-576457021050,1.4669189820740647,1.6742069906470378,0.3052538177980746,-0.05238277976297173,0,297037,0.009,0.05413815269999976,-0.45248772150000005,0,-0.05926666666666677,-0.18655,0,0,203,-1
1250,-576457021049,1.4699488958659703,1.673688442920043,0.3007289405830746,-0.05132676563597174,0,297047,0.01,0.10560141269999977,-0.45248772150000005,0,-0.18176666666666677,-0.09030000000000005,0,0,203,-1
1251,-576457021048,1.4729339498522263,1.6731774932048182,0.2962818566680746,-0.05086317740897174,0,297057,0.01,0.04635882269999974,-0.4447083915,0,-0.1380166666666668,0.06719999999999993,0,0,203,-1
1253,-576457021047,1.4787679823827877,1.6721382644191787,0.2869987223380746,-0.05387353875497174,0,297077,0.01,-0.2319018273000003,-0.4764241215,0,-0.11176666666666678,0.10220000000000007,0,0,203,-1
1254,-576457021046,1.4816134901490936,1.671584792287764,0.2821028309230746,-0.05682088752797174,0,297087,0.01,-0.29473487730000025,-0.48958914150000005,0,-0.17301666666666676,0.10220000000000007,0,0,203,-1
1255,-576457021045,1.4844127617667493,1.6710013679406195,0.2777514926080746,-0.059863981900971745,0,297097,0.01,-0.3043094373000003,-0.4351338315,0,-0.19926666666666676,-0.0027999999999999137,0,0,203,-1
1256,-576457021045,1.487172409666255,1.670391881042745,0.2741780872930746,-0.062033397673971744,0,297107,0.01,-0.2169415773000002,-0.3573405315,0,-0.16426666666666678,-0.01154999999999995,0,0,203,-1
1257,-576457021044,1.4898962337511108,1.6697712619236402,0.27058672967807457,-0.062090426146971744,0,297117,0.01,-0.0057028473000002525,-0.35913576150000004,0,0.001983333333333226,-0.04654999999999998,0,0,203,-1
1258,-576457021041,1.4855986200136522,1.6638058602158416,0.26339882634518824,-0.0647049187695934,0,297127,0.01,0.16245036269999977,-0.30408204150000007,0,-0.16426666666666678,0.014699999999999935,0,1,204,2
1259,-576457021034,1.488218241949029,1.6631633430862807,0.26052556073018823,-0.0637985071425934,0,297137,0.01,0.09064116269999975,-0.2873265615,0,-0.09426666666666678,0.23344999999999994,0,0,204,-1
1260,-576457021023,1.4908111957427561,1.6625260004079896,0.25806519801518824,-0.0636700285155934,0,297147,0.01,0.01284786269999975,-0.24603627150000004,0,-0.07676666666666676,-0.055300000000000016,0,0,204,-1
1261,-576457021013,1.493375446800833,1.6618871299889686,0.25478501360018824,-0.0641040552885934,0,297157,0.01,-0.04340267730000021,-0.3280184415000001,0,-0.2605166666666668,0.11969999999999992,0,0,204,-1
1262,-576457021004,1.4959010914377597,1.6612452956452177,0.2503439137851882,-0.0642628134615934,0,297167,0.01,-0.01587581730000025,-0.4441099815,0,0.010733333333333234,0.06719999999999993,0,0,204,-1
1263,-576457020994,1.496781769133179,1.6596263982901345,0.24421970103379403,-0.06441849371095053,0,297176,0.009,0.07508250269999978,-0.5895236115000001,0,-0.15551666666666678,-0.11655000000000004,0,1,206,2
1264,-576457020984,1.499190241251942,1.65898910913066,0.23747472271879402,-0.06303933818395054,0,297186,0.01,0.13791555269999975,-0.6744978315000001,0,-0.02426666666666677,-0.19530000000000003,0,0,206,-1
1265,-576457020974,1.501532969056055,1.6583609140079554,0.23107083810379403,-0.06259968635695054,0,297196,0.01,0.043965182699999765,-0.6403884615,0,0.01948333333333324,-0.13405,0,0,206,-1
1266,-576457020964,1.5038169240220178,1.6577301140065208,0.22572015508879403,-0.06356031392995054,0,297206,0.01,-0.09606275730000026,-0.5350683015000001,0,0.07198333333333323,-0.08155000000000001,0,0,206,-1
1267,-576457020954,1.5060520397558308,1.6570845913238563,0.22130299167379403,-0.06554422260295054,0,297216,0.01,-0.19839086730000022,-0.44171634150000005,0,-0.1380166666666668,0.02344999999999997,0,0,206,-1
1268,-576457020944,1.5082443302779938,1.656417165039962,0.217155112758794,-0.06794103417595054,0,297226,0.01,-0.23968115730000028,-0.41478789150000006,0,-0.12926666666666675,0.0847,0,0,206,-1
1269,-576457020934,1.5103978049355067,1.6557281343598373,0.21353981874379402,-0.06986510184895055,0,297236,0.01,-0.19240676730000023,-0.3615294015,0,-0.05926666666666677,-0.037800000000000056,0,0,206,-1
1270,-576457020924,1.5078658927532291,1.6608787134555285,0.20726706805425835,-0.06623586726729766,0,297246,0.01,-0.10563731730000024,-0.3411834615,0,-0.12051666666666677,-0.04654999999999998,0,1,207,1
1271,-576457020914,1.5099231199676966,1.6602121201344904,0.20417837483925835,-0.06708279694029766,0,297256,0.01,-0.08469296730000025,-0.30886932150000007,0,-0.04176666666666676,-0.09904999999999997,0,0,207,-1
1272,-576457020904,1.5119504476265142,1.6595346638767223,0.20128715692425836,-0.06840845461329766,0,297266,0.01,-0.13256576730000022,-0.28912179150000006,0,-0.050516666666666765,-0.06405000000000005,0,0,207,-1
1273,-576457020894,1.513953081896682,1.6588400015362244,0.19923969710925835,-0.07052401348629767,0,297276,0.01,-0.21155588730000024,-0.20474598150000006,0,-0.11176666666666678,-0.020299999999999985,0,0,207,-1
1274,-576457020884,1.5159332368951997,1.6581241237659963,0.19679130259425834,-0.07265154055929766,0,297286,0.01,-0.21275270730000023,-0.24483945150000005,0,-0.006766666666666782,-0.22155000000000002,0,0,207,-1
1275,-576457020874,1.5178808892545674,1.6573878982605383,0.19273916927925833,-0.07459356053229767,0,297296,0.01,-0.19420199730000026,-0.4052133315,0,-0.1380166666666668,-0.17780000000000007,0,0,207,-1
1276,-576457020864,1.5195384099949427,1.656464335243289,0.1854557129693638,-0.07506774225605795,0,297306,0.01,-0.03322970730000025,-0.7133944815000001,0,-0.20801666666666677,0.04970000000000008,0,1,208,2
1277,-576457020854,1.5213543951120614,1.6557145096573636,0.1777413104543638,-0.07489737492905794,0,297316,0.01,0.017036732699999755,-0.7714402515,0,-0.22551666666666678,-0.16905000000000003,0,0,208,-1
1278,-576457020838,1.52309769435853,1.654966447585708,0.1709185388393638,-0.07471503940205795,0,297326,0.01,0.018233552699999725,-0.6822771615,0,-0.19051666666666678,-0.17780000000000007,0,0,208,-1
1279,-576457020744,1.525288074816115,1.6539777812574543,0.1660630700198638,-0.07738747263695796,0,297339,0.013,-0.20557178730000025,-0.3734976015000001,0,-0.22551666666666678,-0.01154999999999995,0,0,208,-1
1280,-576457020743,1.5270979645902427,1.6531073842613913,0.16300779800336382,-0.08086652664725796,0,297350,0.011,-0.31627763730000025,-0.2777520015,0,-0.19051666666666678,-0.08155000000000001,0,0,208,-1
1281,-576457020742,1.5287151423467014,1.6522808705190537,0.1604277532883638,-0.08443622182025796,0,297360,0.01,-0.35696951730000037,-0.2580044715,0,-0.19051666666666678,-0.07279999999999998,0,0,208,-1
1282,-576457020741,1.53029389320501,1.651424853368486,0.1553224183733638,-0.08676720829325797,0,297370,0.01,-0.2330986473000003,-0.5105334915,0,-0.29551666666666676,-0.09904999999999997,0,0,208,-1
1283,-576457020741,1.5316606970538147,1.6506421664498112,0.1484117702498638,-0.08716321807895798,0,297379,0.009,-0.04400108730000027,-0.7678497914999999,0,-0.24301666666666677,0.1372,0,0,208,-1
1284,-576457020741,1.5330914919372383,1.6497768017161567,0.1377472064348638,-0.08590972865195798,0,297389,0.01,0.12534894269999974,-1.0664563814999999,0,-0.16426666666666678,-0.06405000000000005,0,0,208,-1
1285,-576457020741,1.5344051091665118,1.648930285102272,0.1249762394198638,-0.08339359412495798,0,297399,0.01,0.25161345269999974,-1.2770967015,0,-0.2780166666666668,0.05844999999999989,0,0,208,-1
1286,-576457020741,1.5355900592696357,1.6481084511056576,0.1120137812048638,-0.08097320519795798,0,297409,0.01,0.24203889269999976,-1.2962458215000001,0,-0.2605166666666668,-0.020299999999999985,0,0,208,-1
1287,-576457020740,1.5366408069541093,1.6473105517138131,0.0981357556898638,-0.07860667317095797,0,297419,0.01,0.23665320269999976,-1.3878025515000003,0,-0.29551666666666676,0.07594999999999996,0,0,208,-1
1288,-576457020641,1.537534313434933,1.6465335649562385,0.08056554047486379,-0.07679067834395797,0,297429,0.01,0.18159948269999976,-1.7570215215000002,0,-0.07676666666666676,0.2684500000000001,0,0,208,-1
1289,-576457020640,1.5273156833146937,1.659951364577402,0.05377250026534161,-0.06410346869846695,0,297439,0.01,0.15586785269999975,-1.9963855215000001,0,-0.050516666666666765,0.20720000000000005,0,1,209,1
1290,-576457020640,1.5277525119032722,1.6593142635385523,0.033593217450341606,-0.06331673907146695,0,297449,0.01,0.07867296269999977,-2.0179282815,0,-0.04176666666666676,0.0059499999999999,0,0,209,-1
1291,-576457020640,1.5279998449892005,1.6586844313859725,0.015873399735341607,-0.06264969144446696,0,297459,0.01,0.06670476269999977,-1.7719817715,0,-0.12926666666666675,0.05844999999999989,0,0,209,-1
1292,-576457020639,1.528083803168979,1.6580562729861628,9.182362203416054e-4,-0.06298198851746696,0,297469,0.01,-0.03322970730000025,-1.4955163515,0,-0.34801666666666675,-0.23904999999999998,0,0,209,-1
1293,-576457020639,1.5280369997876075,1.6574219192476232,-0.010278912494658395,-0.06388875919046696,0,297479,0.01,-0.09067706730000025,-1.1197148715,0,-0.05926666666666677,-0.1603,0,0,209,-1
1294,-576457020639,1.527884328701086,1.6567762836853535,-0.020255304809658398,-0.06523835326346697,0,297489,0.01,-0.13495940730000022,-0.9976392315,0,-0.18176666666666677,-0.18655,0,0,209,-1
1295,-576457020638,1.5276356038334142,1.6561175112283537,-0.0294896687246584,-0.06651613813646698,0,297499,0.01,-0.12777848730000027,-0.9234363914999999,0,-0.2517666666666668,-0.19530000000000003,0,0,209,-1
1296,-576457020638,1.5273003698240926,1.6554488632111242,-0.0375571331396584,-0.06721346530946698,0,297509,0.01,-0.0697327173000002,-0.8067464415,0,-0.3130166666666668,-0.020299999999999985,0,0,209,-1
1297,-576457020638,1.5269349415212399,1.6548439534140733,-0.0436491563831584,-0.06721093403516698,0,297518,0.009,2.8125269999974215e-4,-0.6768914715,0,-0.22551666666666678,0.032200000000000006,0,0,209,-1
1298,-576457020638,1.5264713674168333,1.6541733242408567,-0.049065664498158405,-0.06691490060816699,0,297528,0.01,0.029603342699999764,-0.5416508115,0,-0.11176666666666678,-0.037800000000000056,0,0,209,-1
1299,-576457020602,1.5187905659684506,1.6629971156334244,-0.05606588803663703,-0.05965387324079813,0,297538,0.01,-0.009891717300000222,-0.24962673150000006,0,-0.3042666666666668,-0.22155000000000002,0,1,211,1
1300,-576457020601,1.518170360204197,1.6623385143886291,-0.05669879637313703,-0.06009180763109813,0,297549,0.011,-0.03981221730000023,-0.057537121500000024,0,-0.18176666666666677,0.05844999999999989,0,0,211,-1
1301,-576457020601,1.5175998670538906,1.6617354860194533,-0.05739983368813703,-0.060513866204098134,0,297559,0.01,-0.04220585730000024,-0.07010373150000002,0,-0.2342666666666668,-0.06405000000000005,0,0,211,-1
1302,-576457020600,1.5170226926559343,1.6611286260310474,-0.05803504590313703,-0.060858131477098135,0,297569,0.01,-0.03442652730000022,-0.06352122150000002,0,-0.21676666666666677,0.07594999999999996,0,0,211,-1
1303,-576457020591,1.5226117454472008,1.6649715557056324,-0.054573126752197644,-0.05771106028510433,0,297579,0.01,-0.03981221730000023,-0.06352122150000002,0,-0.21676666666666677,0.11094999999999988,0,1,212,2
1304,-576457020581,1.5220640349386039,1.6643923048894163,0.0,0.0,1,297589,0.01,-0.042804267300000226,-0.03958482150000002,0,-0.1380166666666668,0.04970000000000008,0,0,212,-1
1305,-576457020571,1.5220637611660288,1.6643898056300512,0.0,0.0,1,297599,0.01,-0.04998518730000026,-0.005475451500000021,0,-0.20801666666666677,-0.06405000000000005,0,0,212,-1
1306,-576457020561,1.5220643850084539,1.6643871268476862,1.247684849999998e-4,-5.357564730000024e-4,0,297609,0.01,-0.053575647300000244,0.012476848499999981,0,-0.2780166666666668,-0.12529999999999997,0,0,212,-1
1307,-576457020551,1.522067363594229,1.6643785220110912,4.709486699999996e-4,-0.0011852108460000048,0,297619,0.01,-0.06494543730000024,0.03461801849999998,0,-0.05926666666666677,-0.037800000000000056,0,0,212,-1
1308,-576457020542,1.522074372471354,1.664363811597266,9.308267549999994e-4,-0.001756871919000007,0,297629,0.01,-0.05716610730000023,0.04598780849999998,0,-0.29551666666666676,-0.23904999999999998,0,0,212,-1
1309,-576457020531,1.518760189160594,1.6687914023296913,0.001652342458572639,-0.0024567325488994434,0,297639,0.01,-0.07033112730000018,0.07231784849999998,0,-0.12051666666666677,-0.1078,0,1,213,1
1310,-576457020521,1.5187777852351048,1.6687639168578372,0.0018668724435726388,-0.0030403618218994453,0,297649,0.01,-0.0583629273000002,0.021452998499999976,0,-0.19051666666666678,0.18969999999999998,0,0,213,-1
1311,-576457020511,1.5187959109024654,1.668731163582753,0.0017582610285726385,-0.003510293194899448,0,297659,0.01,-0.046993137300000265,-0.010861141500000029,0,-0.3130166666666668,-0.12529999999999997,0,0,213,-1
1312,-576457020501,1.5188129205351761,1.6686945487679392,0.0016436655135726383,-0.0038126697678994505,0,297669,0.01,-0.03023765730000025,-0.011459551500000024,0,-0.03301666666666678,0.30345,0,0,213,-1
1313,-576457020491,1.5188283354052368,1.6686543117773953,0.001439308498572638,-0.004234728340899453,0,297679,0.01,-0.04220585730000024,-0.020435701500000025,0,-0.21676666666666677,0.0059499999999999,0,0,213,-1
1314,-576457020481,1.5188419460691474,1.6686100636446213,0.001282824283572638,-0.0046148982138994555,0,297689,0.01,-0.03801698730000027,-0.01564842150000002,0,-0.17301666666666676,-0.037800000000000056,0,0,213,-1
1315,-576457020471,1.518852884832408,1.6685626122231172,9.049283685726376e-4,-0.004875386086899458,0,297699,0.01,-0.026048787300000247,-0.03778959150000003,0,-0.16426666666666678,-0.06405000000000005,0,0,213,-1
1316,-576457020461,1.5175664357498089,1.6676088595480725,5.287139197647777e-4,-0.005350188086541697,0,297709,0.01,-0.046993137300000265,-0.03719118150000003,0,-0.1380166666666668,-0.037800000000000056,0,1,214,2
1317,-576457020451,1.5175697137274315,1.667552768646342,0.0,0.0,1,297719,0.01,-0.05178041730000022,-0.04018323150000003,0,-0.15551666666666678,-0.020299999999999985,0,0,214,-1
1318,-576457020441,1.5175677644068566,1.667550329227977,0.0,0.0,1,297729,0.01,-0.04878836730000022,-0.03898641150000002,0,-0.14676666666666677,-0.02905000000000002,0,0,214,-1
1319,-576457020430,1.5175661442117816,1.667547530763612,0.0,0.0,1,297739,0.01,-0.05596928730000025,-0.03240390150000002,0,-0.09426666666666678,-0.1078,0,0,214,-1
1320,-576457020421,1.5175646736192066,1.667544103968747,-2.941185150000002e-4,-6.853589730000024e-4,0,297749,0.01,-0.06853589730000023,-0.029411851500000023,0,-0.2517666666666668,-0.16905000000000003,0,0,214,-1
1321,-576457020409,1.5175603815234815,1.667534392073652,-5.643006300000003e-4,-0.0012570200460000048,0,297759,0.01,-0.05716610730000023,-0.027018211500000014,0,-0.17301666666666676,-0.09030000000000005,0,0,214,-1
1322,-576457020401,1.5175536568911066,1.6675186942833269,-7.806258450000006e-4,-0.0018825380190000073,0,297769,0.01,-0.06255179730000024,-0.021632521500000022,0,-0.09426666666666678,-0.15155000000000007,0,0,214,-1
1323,-576457020391,1.5118510025814913,1.674722456366263,-9.523005126825205e-4,-0.0025492677284268592,0,297779,0.01,-0.06733907730000019,-0.016845241500000024,0,-0.1380166666666668,-0.13405,0,1,215,1
1324,-576457020381,1.5118400987452894,1.674694165224614,-0.0012284667276825207,-0.003108960601426862,0,297789,0.01,-0.05596928730000025,-0.027616621500000015,0,0.01948333333333324,-0.07279999999999998,0,0,215,-1
1325,-576457020371,1.5118266127699376,1.6746602771542347,-0.001468728342682521,-0.0036686534744268646,0,297799,0.01,-0.05596928730000025,-0.024026161500000014,0,-0.2780166666666668,-0.020299999999999985,0,0,215,-1
1326,-576457020361,1.5118107840194357,1.6746211212806255,-0.0016970217576825213,-0.004162521247426867,0,297809,0.01,-0.049386777300000205,-0.022829341500000027,0,-0.3130166666666668,-0.15155000000000007,0,0,215,-1
1327,-576457020351,1.511792432970784,1.6745774156957862,-0.0019731879726825213,-0.00457859572042687,0,297819,0.01,-0.04160744730000025,-0.027616621500000015,0,-0.22551666666666678,-0.25655000000000006,0,0,215,-1
1328,-576457020341,1.511770721849982,1.674530267458217,-0.0023690361876825216,-0.004851051793426872,0,297829,0.01,-0.027245607300000255,-0.03958482150000002,0,-0.06801666666666678,-0.07279999999999998,0,0,215,-1
1329,-576457020330,1.5117452317700302,1.6744806041034177,-0.002728979802682522,-0.005081619166426875,0,297839,0.01,-0.02305673730000025,-0.03599436150000002,0,-0.20801666666666677,-0.16905000000000003,0,0,215,-1
1330,-576457020320,1.5105849286345712,1.673657714815872,-0.0030371054394491472,-0.005379705987385339,0,297850,0.011,-0.02664719730000027,-0.027616621500000015,0,-0.04176666666666676,-0.08155000000000001,0,1,216,2
1331,-576457020284,1.5105532964311017,1.673602854680633,-0.0032893352544491475,-0.005592321060385342,0,297860,0.01,-0.02126150730000026,-0.025222981500000023,0,-0.36551666666666677,-0.037800000000000056,0,0,216,-1
1332,-576457020283,1.5105200993854824,1.673545359746164,-0.003350073869449148,-0.005906665833385344,0,297870,0.01,-0.031434477300000256,-0.006073861500000023,0,-0.19051666666666678,-0.13405,0,0,216,-1
1333,-576457020283,1.5104860555897128,1.6734833450209652,-0.0034586852844491482,-0.006496279206385347,0,297880,0.01,-0.058961337300000256,-0.010861141500000029,0,-0.4530166666666668,0.032200000000000006,0,0,216,-1
1334,-576457020281,1.5104548026087872,1.673422635987577,-0.0034864215879491485,-0.006994617102085349,0,297889,0.009,-0.055370877300000204,-0.003081811500000026,0,-0.22551666666666678,0.0847,0,0,216,-1
1335,-576457020271,1.5104196047793328,1.673349442544691,-0.0035531443029491487,-0.007644071475085351,0,297899,0.01,-0.06494543730000024,-0.0066722715000000175,0,1.9707333333333332,-0.08155000000000001,0,0,216,-1
1336,-576457020260,1.5067696020374726,1.6776103266737667,-0.003607499418079893,-0.008359569312471652,0,297909,0.01,-0.07870886730000026,-0.00188499150000002,0,-0.29551666666666676,-0.12529999999999997,0,1,217,1
1337,-576457020252,1.5067332233502169,1.6775227057757771,-0.0036682380330798933,-0.009164610285471655,0,297919,0.01,-0.08050409730000029,-0.006073861500000023,0,-0.2517666666666668,-0.06405000000000005,0,0,217,-1
1338,-576457020241,1.506696267197311,1.6774270045475574,-0.0037229925480798936,-0.009975635358471659,0,297929,0.01,-0.08110250730000028,-0.005475451500000021,0,-0.2867666666666668,-0.17780000000000007,0,0,217,-1
1339,-576457020230,1.5066581650892552,1.6773239710016077,-0.0038974290630798937,-0.01063107383147166,0,297939,0.01,-0.06554384730000024,-0.017443651500000018,0,-0.21676666666666677,-0.20405000000000006,0,0,217,-1
1340,-576457020221,1.5066177202060493,1.6772151310834278,-0.004191547578079894,-0.011136909804471663,0,297949,0.01,-0.05058359730000025,-0.029411851500000023,0,-0.10301666666666677,-0.08155000000000001,0,0,217,-1
1341,-576457020211,1.5065734963636936,1.677101502090018,-0.004653220893079894,-0.011588888877471665,0,297959,0.01,-0.045197907300000235,-0.04616733150000002,0,-0.07676666666666676,-0.037800000000000056,0,0,217,-1
1342,-576457020202,1.506524476265188,1.6769846099668784,-0.0051507988080798945,-0.011789535750471668,0,297969,0.01,-0.020064687300000255,-0.04975779150000002,0,-0.08551666666666677,-0.1603,0,0,217,-1
1343,-576457020191,1.506061255287275,1.6765966061131974,-0.005739979722284104,-0.011783647348527299,0,297979,0.01,0.001478072699999748,-0.058135531500000025,0,-0.08551666666666677,-0.29155,0,1,218,2
1344,-576457020181,1.5060009487134771,1.676478843543347,-0.006321335037284105,-0.011768866621527301,0,297989,0.01,0.001478072699999748,-0.058135531500000025,0,-0.006766666666666782,-0.08155000000000001,0,0,218,-1
1345,-576457020171,1.5059345593020292,1.6763636523412668,-0.006956547252284105,-0.011269373794527304,0,297999,0.01,0.04994928269999976,-0.06352122150000002,0,-0.24301666666666677,-0.07279999999999998,0,0,218,-1
1346,-576457020161,1.5058614288019314,1.6762541143184566,-0.007669552767284105,-0.010638230767527308,0,298009,0.01,0.06311430269999975,-0.07130055150000002,0,-0.10301666666666677,-0.08155000000000001,0,0,218,-1
1347,-576457020151,1.5057808092006837,1.6761536404119164,-0.008454367482284106,-0.00945655054052731,0,298019,0.01,0.11816802269999975,-0.07848147150000001,0,-0.21676666666666677,-0.06405000000000005,0,0,218,-1
1348,-576457020141,1.5056900674942857,1.676072403591646,-0.009693973797284107,-0.0067908135135273115,0,298029,0.01,0.2665737026999998,-0.12396063150000006,0,-0.11176666666666678,0.14595000000000002,0,0,218,-1
1349,-576457020129,1.5055693450717997,1.6760265036837605,-0.012255557563784106,-0.0015546242838273142,0,298040,0.011,0.4760172026999998,-0.23287125150000004,0,-0.1380166666666668,-0.13405,0,0,218,-1
1350,-576457020121,1.5076714817122892,1.6734766751272536,-0.014437858281089259,0.00533201335269536,0,298049,0.009,0.7818047126999998,-0.2508235515000001,0,-0.32176666666666676,-0.08155000000000001,0,1,219,1
1351,-576457020111,1.5075173445584034,1.6735702523959155,-0.016389572496089258,0.013383440379695358,0,298059,0.01,0.8051427026999998,-0.19517142150000003,0,-0.29551666666666676,-0.23030000000000006,0,0,219,-1
1352,-576457020100,1.5073476397683676,1.6737446431398473,-0.017551385511089257,0.02149470840669536,0,298069,0.01,0.8111268026999998,-0.11618130150000001,0,-0.24301666666666677,-0.22155000000000002,0,0,219,-1
1353,-576457020091,1.5071706553206816,1.6739943120665493,-0.017845504026089257,0.028439076933695358,0,298079,0.01,0.6944368526999998,-0.029411851500000023,0,-0.26926666666666677,-0.16905000000000003,0,0,219,-1
1354,-576457020081,1.5069936319763457,1.6743075901810214,-0.017559164841089256,0.03421654596069536,0,298089,0.01,0.5777469026999997,0.028633918499999984,0,-0.4092666666666668,-0.02905000000000002,0,0,219,-1
1355,-576457020071,1.5068131887188598,1.6746790319522633,-0.018529486656089257,0.040071808287695354,0,298099,0.01,0.5855262326999997,-0.09703218150000002,0,-0.24301666666666677,-0.020299999999999985,0,0,219,-1
1356,-576457020061,1.506629445230224,1.6751203362957752,-0.01821921107108926,0.04818906041469535,0,298109,0.01,0.8117252126999999,0.031027558499999976,0,-0.20801666666666677,0.1372,0,0,219,-1
1357,-576457020051,1.5094366706853792,1.677590374276747,-0.017594860353548538,0.05937461168044069,0,298119,0.01,1.1013556526999997,0.04718462849999998,0,-0.21676666666666677,-0.14280000000000004,0,1,220,2
1358,-576457020041,1.5092673300242687,1.6782503784431864,-0.016273271868548538,0.07262622160744069,0,298129,0.01,1.3251609926999999,0.13215884849999998,0,-0.14676666666666677,-0.020299999999999985,0,0,220,-1
1359,-576457020031,1.5091132697625083,1.6790406546713958,-0.014538780483548537,0.08542902403444068,0,298139,0.01,1.2802802426999997,0.1734491385,0,-0.1380166666666668,0.05844999999999989,0,0,220,-1
1360,-576457020020,1.5089773622680978,1.679957612501375,-0.012642718398548537,0.09796254196144068,0,298149,0.01,1.2533517926999997,0.18960620849999998,0,-0.050516666666666765,0.04095000000000004,0,0,220,-1
1361,-576457020011,1.5088551493865372,1.6810051715186245,-0.011799857913548538,0.11154926148844067,0,298159,0.01,1.3586719527,0.08428604849999999,0,-0.17301666666666676,0.11094999999999988,0,0,220,-1
1362,-576457020001,1.5087375652063266,1.682195299923144,-0.011716978128548538,0.12647641941544066,0,298169,0.01,1.4927157926999999,0.008287978499999979,0,-0.03301666666666678,0.1372,0,0,220,-1
1364,-576457019976,1.5084824129439558,1.6850693891989925,-0.013771319658548537,0.16186004366944065,0,298189,0.01,1.8619347626999998,-0.10002423150000002,0,-0.10301666666666677,-0.04654999999999998,0,0,220,-1
1365,-576457019971,1.508358855201368,1.6865985812060968,-0.013685956472048538,0.17796040235374064,0,298198,0.009,1.7889287426999998,0.009484798499999975,0,-0.15551666666666678,-0.0027999999999999137,0,0,220,-1
1366,-576457019961,1.5071662537421304,1.689676241881654,-0.012383387144695055,0.19416470725713536,0,298208,0.01,1.6034216426999996,0.1387413585,0,0.01948333333333324,-0.0027999999999999137,0,1,221,1
1367,-576457019952,1.5070542339801085,1.6916877374638604,-0.010020565259695056,0.20813440918413537,0,298218,0.01,1.3969701926999998,0.2362821885,0,0.07198333333333323,0.0059499999999999,0,0,221,-1
1368,-576457019943,1.5069751209289155,1.693609575160882,-0.0075601127831950565,0.21894063459843535,0,298227,0.009,1.2006917126999999,0.2733836085,0,0.09823333333333323,-0.0027999999999999137,0,0,221,-1
1369,-576457019933,1.5069114535925086,1.6958520745365013,-0.005173354498195056,0.22955924052543536,0,298237,0.01,1.0618605926999998,0.2386758285,0,0.04573333333333324,0.11094999999999988,0,0,221,-1
1370,-576457019923,1.5070506241396073,1.698313692624846,-0.0034752960504086487,0.23911444486730254,0,298247,0.01,0.9535483826999999,0.1680634485,0,0.07198333333333323,-0.055300000000000016,0,1,222,2
1371,-576457019914,1.5070196067535282,1.7007436281041541,-0.002728181165408649,0.24687265099430256,0,298257,0.01,0.7758206126999999,0.07471148849999998,0,0.08948333333333325,-0.14280000000000004,0,0,222,-1
1372,-576457019903,1.5069952227422991,1.703244024565732,-0.0021486210804086492,0.25320664132130255,0,298267,0.01,0.6333990326999999,0.057956008499999975,0,0.001983333333333226,0.18094999999999994,0,0,222,-1
1373,-576457019893,1.50697621544492,1.7058022854790802,-0.0016528383954086494,0.25844554134830255,0,298277,0.01,0.5238900026999997,0.04957826849999998,0,0.11573333333333324,0.05844999999999989,0,0,222,-1
1374,-576457019883,1.506958874719391,1.7084141322126982,-0.0018153067104086497,0.2639238053753026,0,298287,0.01,0.5478264026999997,-0.01624683150000002,0,-0.12926666666666675,0.11094999999999988,0,0,222,-1
1375,-576457019873,1.5069384432062118,1.7110814497580862,-0.00227099592540865,0.26953970370230257,0,298297,0.01,0.5615898326999997,-0.04556892150000002,0,-0.06801666666666678,0.11094999999999988,0,0,222,-1
1376,-576457019863,1.506911480047883,1.7138070805627441,-0.0031216357404086504,0.2755864572293026,0,298307,0.01,0.6046753526999998,-0.08506398150000002,0,-0.09426666666666678,-0.06405000000000005,0,0,222,-1
1377,-576457019853,1.5059190644360279,1.7176984851908221,-0.0039583266977533185,0.2832282702881532,0,298317,0.01,0.7405144226999998,-0.07189896150000004,0,-0.07676666666666676,0.19845000000000002,0,1,223,1
1378,-576457019843,1.5058781900994753,1.7205709352673386,-0.004216540612753319,0.29126174501515323,0,298327,0.01,0.8033474726999997,-0.025821391500000023,0,-0.03301666666666678,0.06719999999999993,0,0,223,-1
1379,-576457019833,1.5058391917782727,1.723518154878125,-0.003583123627753319,0.2981821771421532,0,298337,0.01,0.6920432126999998,0.06334169849999997,0,-0.14676666666666677,0.05844999999999989,0,0,223,-1
1380,-576457019822,1.5058085323004202,1.7265211445056816,-0.002548771942753319,0.30241574836915325,0,298347,0.01,0.4233571226999998,0.10343516849999998,0,-0.15551666666666678,0.18969999999999998,0,0,223,-1
1381,-576457019813,1.5057897097704447,1.7292547730781884,-0.0016340124962533193,0.30505726774345326,0,298356,0.009,0.29350215269999974,0.10163993849999998,0,-0.015516666666666762,0.19845000000000002,0,0,223,-1
1382,-576457019804,1.5057735446804072,1.732320948398758,-0.0015990055112533195,0.3081777963704533,0,298366,0.01,0.31205286269999977,0.0035006984999999802,0,-0.24301666666666677,-0.037800000000000056,0,0,223,-1
1383,-576457019794,1.50575048889922,1.7354250910385975,-0.00301215072625332,0.31265073159745327,0,298376,0.01,0.4472935226999998,-0.14131452150000004,0,-0.4967666666666668,0.06719999999999993,0,0,223,-1
1384,-576457019784,1.5070787402702812,1.7394843482685094,-0.004662121022006813,0.3173870227705797,0,298386,0.01,0.44849034269999977,-0.18679368150000003,0,-0.3130166666666668,-0.06405000000000005,0,1,224,2
1385,-576457019772,1.5070228092964861,1.7426841137913502,-0.006524073737006813,0.3225660817975797,0,298396,0.01,0.5179059026999998,-0.1861952715,0,-0.24301666666666677,0.18094999999999994,0,0,224,-1
1386,-576457019764,1.506949246172041,1.745928399222961,-0.008188551152006814,0.32629100452457965,0,298406,0.01,0.37249227269999974,-0.16644774150000005,0,-0.33926666666666677,0.11969999999999992,0,0,224,-1
1387,-576457019754,1.506855358051946,1.7492092457103419,-0.010589072867006815,0.32987829295157967,0,298416,0.01,0.3587288426999998,-0.24005217150000005,0,-0.33926666666666677,0.1721999999999999,0,0,224,-1
1388,-576457019744,1.5067350112337008,1.7525292862574926,-0.013480290782006816,0.33412981647857964,0,298426,0.01,0.4251523526999998,-0.28912179150000006,0,-0.20801666666666677,0.05844999999999989,0,0,224,-1
1389,-576457019734,1.5065886545248057,1.7558932782239134,-0.015791050997006815,0.33866857680557966,0,298436,0.01,0.45387603269999977,-0.2310760215,0,-0.3130166666666668,-0.18655,0,0,224,-1
1390,-576457019724,1.5064235586067607,1.7593044829441042,-0.017228132612006813,0.34357236723257967,0,298446,0.01,0.4903790426999998,-0.14370816150000004,0,-0.33926666666666677,-0.020299999999999985,0,0,224,-1
1391,-576457019713,1.5039894987851727,1.7654288666560796,-0.01759270057978652,0.35019031499793707,0,298456,0.01,0.5741564426999998,0.006492748499999978,0,-0.33926666666666677,0.2246999999999999,0,1,225,1
1392,-576457019704,1.5038176663997997,1.768960135879194,-0.01677377649478652,0.3560635296249371,0,298466,0.01,0.5873214626999997,0.08189240849999997,0,-0.3830166666666668,-0.06405000000000005,0,0,225,-1
1393,-576457019694,1.5036577034767769,1.7725417595085784,-0.015218808109786522,0.3602611962519371,0,298476,0.01,0.4197666626999998,0.15549683849999998,0,-0.3305166666666668,-0.01154999999999995,0,0,225,-1
1394,-576457019684,1.5035123627021039,1.776157670235733,-0.013849346824786522,0.3629209491789371,0,298486,0.01,0.26597529269999975,0.13694612849999996,0,-0.2342666666666668,-0.02905000000000002,0,0,225,-1
1395,-576457019674,1.503377485126281,1.7797950920071572,-0.013126168339786522,0.3645634051059371,0,298496,0.01,0.16424559269999975,0.07231784849999998,0,-0.24301666666666677,0.02344999999999997,0,0,225,-1
1396,-576457019663,1.5032472362518081,1.7834524390363515,-0.012923606554786523,0.3669060007329371,0,298506,0.01,0.23425956269999976,0.02025617849999998,0,-0.2342666666666668,0.15470000000000006,0,0,225,-1
1397,-576457019654,1.5044531288406677,1.7880694264246009,-0.013428609999988166,0.37157532348537053,0,298516,0.01,0.4305380426999998,-0.0814735215,0,-0.34801666666666675,0.11094999999999988,0,1,226,2
1398,-576457019644,1.5043127344705927,1.7918073947330897,-0.014650264014988167,0.3760183382123705,0,298526,0.01,0.4443014726999998,-0.12216540150000003,0,-0.4530166666666668,0.04095000000000004,0,0,226,-1
1399,-576457019634,1.504173922840482,1.7952095782222504,-0.016196764898488168,0.3800224371566705,0,298535,0.009,0.4448998826999997,-0.17183343150000005,0,-0.4967666666666668,0.19845000000000002,0,0,226,-1
1400,-576457019625,1.5040033036789222,1.799030581483452,-0.01792706741348817,0.3841782150836705,0,298545,0.01,0.4155777926999998,-0.17303025150000004,0,-0.40051666666666674,0.10220000000000007,0,0,226,-1
1401,-576457019615,1.5038140649902123,1.8028921252269237,-0.01992067032848817,0.3881305336106705,0,298555,0.01,0.3952318526999997,-0.19936029150000006,0,-0.4705166666666668,0.1721999999999999,0,0,226,-1
1402,-576457019605,1.5036061170128525,1.8067926835071653,-0.021668925143488168,0.3919811224376705,0,298565,0.01,0.38505888269999977,-0.17482548150000005,0,-0.2342666666666668,0.2246999999999999,0,0,226,-1
1403,-576457019595,1.5033863713823428,1.810728815466677,-0.022280200958488167,0.39524526946467053,0,298575,0.01,0.3264147026999998,-0.06112758150000002,0,-0.3567666666666668,0.07594999999999996,0,0,226,-1
1404,-576457019585,1.5021866555348087,1.8158713853794353,-0.022803890220662523,0.39767865873378105,0,298585,0.01,0.1911740426999998,-0.027018211500000014,0,-0.2342666666666668,-0.1603,0,1,227,1
1405,-576457019575,1.501958911349527,1.8198532126734082,-0.022744946835662524,0.39868680006078105,0,298595,0.01,0.10081413269999975,0.005894338499999974,0,-0.4442666666666668,-0.07279999999999998,0,0,227,-1
1406,-576457019565,1.5017247252805954,1.823847664623151,-0.024092266950662525,0.40020358988778104,0,298605,0.01,0.15167898269999977,-0.13473201150000005,0,-0.4355166666666668,0.0847,0,0,227,-1
1407,-576457019554,1.501473894437514,1.8278612638976637,-0.026073901665662525,0.40251626501478105,0,298615,0.01,0.23126751269999976,-0.19816347150000005,0,-0.2867666666666668,-0.16905000000000003,0,0,227,-1
1408,-576457019545,1.5012036661342822,1.8319010717349464,-0.027971758980662526,0.40544530244178106,0,298625,0.01,0.29290374269999975,-0.18978573150000003,0,-0.3042666666666668,-0.19530000000000003,0,0,227,-1
1409,-576457019535,1.5009177804334006,1.8359743588164992,-0.029205381195662527,0.40921211386878104,0,298635,0.01,0.37668114269999975,-0.12336222150000004,0,-0.4442666666666668,0.10220000000000007,0,0,227,-1
1410,-576457019524,1.500623867062369,1.840085852581322,-0.029577293010662527,0.413086639095781,0,298645,0.01,0.3874525226999998,-0.03719118150000003,0,-0.32176666666666676,0.05844999999999989,0,0,227,-1
1411,-576457019513,1.5011662187614514,1.8448444461272941,-0.02915842417594679,0.41675731594508564,0,298655,0.01,0.3353908526999998,0.015468898499999979,0,2.0144833333333336,0.1372,0,1,228,2
1412,-576457019505,1.5008774425586169,1.84902881874988,-0.02859681639094679,0.4201172085720856,0,298665,0.01,0.3359892626999998,0.05616077849999998,0,-0.21676666666666677,-0.17780000000000007,0,0,228,-1
1413,-576457019495,1.5005925470446324,1.853250320917736,-0.02838228640594679,0.4241832249990856,0,298675,0.01,0.4066016426999998,0.021452998499999976,0,-0.5405166666666668,-0.055300000000000016,0,0,228,-1
1414,-576457019486,1.5003070441444981,1.8575178090988618,-0.02871829362094679,0.4293144112260856,0,298685,0.01,0.5131186226999997,-0.03360072150000003,0,-0.29551666666666676,-0.09904999999999997,0,0,228,-1
1415,-576457019475,1.5000137529382136,1.8618372973137576,-0.02993994763594679,0.4345832317530856,0,298695,0.01,0.5268820526999998,-0.12216540150000003,0,-0.48801666666666677,0.04970000000000008,0,0,228,-1
1416,-576457019466,1.4997393214751242,1.8657700547719047,-0.03104482193944679,0.4393628700573856,0,298704,0.009,0.5310709226999998,-0.12276381150000006,0,-0.5667666666666669,0.2159500000000001,0,0,228,-1
1417,-576457019456,1.4994225256216547,1.8701911346336135,-0.03231434875444679,0.4448531022843856,0,298714,0.01,0.5490232226999998,-0.12695268150000005,0,-0.46176666666666677,0.04095000000000004,0,0,228,-1
1418,-576457019446,1.4976958700912246,1.8764208439895698,-0.03439651243493086,0.45120537250137027,0,298724,0.01,0.5376534326999998,-0.16106205150000003,0,-0.5492666666666668,-0.06405000000000005,0,1,229,1
1419,-576457019436,1.4973446597178004,1.8809580150767184,-0.03584556224993086,0.4562288449283703,0,298734,0.01,0.5023472426999998,-0.14490498150000006,0,-0.6017666666666668,-0.11655000000000004,0,0,229,-1
1420,-576457019426,1.496979976143226,1.8855530206951372,-0.037091152664930856,0.4627722787553703,0,298744,0.01,0.6543433826999998,-0.12455904150000005,0,-0.5667666666666669,-0.08155000000000001,0,0,229,-1
1421,-576457019416,1.496604302769002,1.8902196841158259,-0.03804352217993086,0.4705604053823703,0,298754,0.01,0.7788126626999998,-0.09523695150000003,0,-0.5755166666666668,-0.01154999999999995,0,0,229,-1
1422,-576457019404,1.4962222772726277,1.8949606383427846,-0.038361577094930856,0.4776304400093703,0,298764,0.01,0.7070034626999998,-0.03180549150000002,0,-0.6367666666666667,0.11094999999999988,0,0,229,-1
1423,-576457019396,1.4958400931976032,1.8997718740290133,-0.03807523790993086,0.48461669723637035,0,298774,0.01,0.6986257226999999,0.028633918499999984,0,-0.6192666666666669,-0.01154999999999995,0,0,229,-1
1424,-576457019385,1.4963334629844618,1.9053212903695624,-0.036172800625064526,0.492216169812045,0,298784,0.01,0.7183732526999999,0.15609524849999998,0,-0.21676666666666677,0.11969999999999992,0,1,230,2
1425,-576457019376,1.4959834892466362,1.910283918646318,-0.033821946940064525,0.500309485539045,0,298794,0.01,0.8093315726999998,0.2350853685,0,-0.5142666666666668,-0.02905000000000002,0,0,230,-1
1426,-576457019366,1.4956623798151605,1.9153246376328437,-0.030399939355064524,0.507834311766045,0,298804,0.01,0.7524826226999998,0.34220075850000004,0,-0.34801666666666675,-0.04654999999999998,0,0,230,-1
1427,-576457019356,1.4953797690910346,1.9204348601456391,-0.026122205470064525,0.514210190793045,0,298814,0.01,0.6375879026999998,0.42777338849999996,0,-0.4792666666666668,0.12844999999999995,0,0,230,-1
1428,-576457019346,1.4951372727812589,1.9255982495917046,-0.022377056485064523,0.5184676984200449,0,298824,0.01,0.4257507626999998,0.3745148985,0,-0.3830166666666668,0.032200000000000006,0,0,230,-1
1429,-576457019336,1.4949218156273332,1.9308005039720402,-0.020714374300064523,0.5219831776470449,0,298834,0.01,0.35154792269999974,0.16626821849999998,0,-0.3042666666666668,0.07594999999999996,0,0,230,-1
1430,-576457019326,1.4947192153122575,1.9360430594706457,-0.019805688715064523,0.526527922074045,0,298844,0.01,0.45447444269999976,0.09086855849999999,0,-0.29551666666666676,0.10220000000000007,0,0,230,-1
1431,-576457019316,1.4955268405191453,1.9400222903932807,-0.018835411358399133,0.5297548012623264,0,298854,0.01,0.4072000526999998,0.05616077849999998,0,-0.2867666666666668,0.1634500000000001,0,1,231,1
1432,-576457019303,1.4953400976244862,1.945338373258039,-0.018513167573399134,0.5334617716893264,0,298864,0.01,0.37069704269999976,0.032224378499999984,0,-0.32176666666666676,0.1634500000000001,0,0,231,-1
1433,-576457019296,1.4951574747826772,1.9506842850660673,-0.018011400788399134,0.5357205899163264,0,298874,0.01,0.22588182269999976,0.05017667849999998,0,-0.3130166666666668,0.02344999999999997,0,0,231,-1
1434,-576457019286,1.4949794208012182,1.9560450356468657,-0.017599395503399135,0.5364295262433264,0,298884,0.01,0.07089363269999978,0.041200528499999986,0,-0.34801666666666675,-0.09904999999999997,0,0,231,-1
1435,-576457019276,1.494803512119609,1.961406412762934,-0.017582340818399135,0.5358458969703264,0,298894,0.01,-0.0583629273000002,0.0017054684999999801,0,-0.22551666666666678,0.07594999999999996,0,0,231,-1
1436,-576457019266,1.4946238244788501,1.9667598591512723,-0.018355187333399137,0.5348433806973264,0,298904,0.01,-0.10025162730000023,-0.07728465150000004,0,-0.22551666666666678,0.07594999999999996,0,0,231,-1
1437,-576457019256,1.494722453710364,1.9723342332008966,-0.0189165600326854,0.53383760960543,0,298914,0.01,-0.11700710730000025,-0.06950532150000001,0,-0.33926666666666677,-0.08155000000000001,0,1,232,2
1438,-576457019246,1.4945395070859622,1.977662390548586,-0.017672764847685398,0.53179385993243,0,298924,0.01,-0.2043749673000002,0.1243795185,0,-0.3567666666666668,-0.02905000000000002,0,0,232,-1
1439,-576457019236,1.4943766281409103,1.9829638570150452,-0.014903024162685397,0.52849943335943,0,298934,0.01,-0.3294426573000002,0.2769740685,0,-0.4705166666666668,0.0059499999999999,0,0,232,-1
1440,-576457019226,1.4942481787152084,1.9882275320947744,-0.010786860977685397,0.52423558258643,0,298944,0.01,-0.42638507730000025,0.4116163185,0,-0.3042666666666668,0.12844999999999995,0,0,232,-1
1441,-576457019216,1.4941674435108565,1.9934388744247737,-0.005360179892685397,0.51803288341343,0,298954,0.01,-0.6202699173000003,0.5426681085,0,-0.34801666666666675,-0.17780000000000007,0,0,232,-1
1442,-576457019205,1.4941382224313546,1.998592438474043,-4.840360076853968e-4,0.51267992644043,0,298964,0.01,-0.5352956973000004,0.4876143885,0,-0.21676666666666677,0.0847,0,0,232,-1
1443,-576457019196,1.4941500732222028,2.0036958838905825,0.0028541941773146035,0.50800915686743,0,298974,0.01,-0.46707695730000026,0.3338230185,0,-0.22551666666666678,0.0847,0,0,232,-1
1444,-576457019186,1.4951426248654442,2.0074738785047015,0.005072909540844441,0.5041265254765925,0,298984,0.01,-0.29593169730000024,0.17703959849999998,0,-0.12926666666666675,0.10220000000000007,0,1,233,1
1445,-576457019176,1.4951987351627776,2.0125036384296027,0.006149149925844441,0.5018254595035926,0,298994,0.01,-0.2301065973000003,0.10762403849999998,0,-0.12051666666666677,0.0847,0,0,233,-1
1446,-576457019166,1.4952622268474611,2.017511943560774,0.0065491870108444405,0.4998355667305926,0,299004,0.01,-0.1989892773000002,0.04000370849999998,0,-0.16426666666666678,0.29469999999999996,0,0,233,-1
1447,-576457019157,1.4953228139163581,2.0219996659722534,0.00691460607734444,0.4974360802648926,0,299013,0.009,-0.2666096073000003,0.04060211849999998,0,-0.21676666666666677,0.05844999999999989,0,0,233,-1
1448,-576457019146,1.4953927633425566,2.0269586018595374,0.00707527916234444,0.49435109719189263,0,299023,0.01,-0.3084983073000002,0.016067308499999978,0,-0.02426666666666677,0.15470000000000006,0,0,233,-1
1449,-576457019138,1.495461387290605,2.031888632748591,0.00664951044734444,0.4916550806188926,0,299033,0.01,-0.26960165730000024,-0.04257687150000002,0,-0.08551666666666677,0.12844999999999995,0,0,233,-1
1450,-576457019128,1.4955164305995006,2.0363040637433403,0.00558233597384444,0.4895518071031926,0,299042,0.009,-0.2336970573000003,-0.11857494150000002,0,-0.015516666666666762,0.09345000000000003,0,0,233,-1
1451,-576457019118,1.495563572526164,2.041197172316507,0.0038460493588444392,0.48906990753019264,0,299052,0.01,-0.04818995730000024,-0.17362866150000006,0,-0.10301666666666677,0.3384499999999999,0,0,233,-1
1452,-576457019108,1.4943765415032946,2.045050293767217,0.001639396828977224,0.48930863631830135,0,299062,0.01,0.10500300269999979,-0.1550779515,0,-0.2517666666666668,-0.08155000000000001,0,1,234,2
1453,-576457019099,1.4943891011595094,2.049950485351535,8.725344139772239e-4,0.49072968054530136,0,299072,0.01,0.14210442269999976,-0.07668624150000002,0,-0.050516666666666765,0.02344999999999997,0,0,234,-1
1454,-576457019088,1.4943982109820744,2.054860279621123,9.494300989772237e-4,0.4912291733723014,0,299082,0.01,0.04994928269999976,0.0076895684999999745,0,-0.03301666666666678,0.06719999999999993,0,0,234,-1
1455,-576457019078,1.4944081496024892,2.0597678579784806,0.0010382939839772235,0.49028649809930136,0,299092,0.01,-0.09426752730000024,0.008886388499999972,0,0.02823333333333322,0.2159500000000001,0,0,234,-1
1456,-576457019068,1.494412873079754,2.0646589483451088,-9.359853102277661e-5,0.4879315752263014,0,299102,0.01,-0.2354922873000003,-0.1131892515,0,-0.05926666666666677,0.11969999999999992,0,0,234,-1
1457,-576457019058,1.4943999943268687,2.0695213132365065,-0.0024821520460227772,0.48454140305330134,0,299112,0.01,-0.3390172173000003,-0.23885535150000006,0,-0.09426666666666678,0.18094999999999994,0,0,234,-1
1458,-576457019048,1.4965324518697183,2.0713483006756586,-0.004272267757746716,0.47881017344129323,0,299122,0.01,-0.3426076773000003,-0.2927122515000001,0,-0.09426666666666678,0.2246999999999999,0,1,235,1
1459,-576457019039,1.4964699472535659,2.0761296843602066,-0.008228655472746716,0.47746656346829325,0,299132,0.01,-0.13436099730000023,-0.39563877150000004,0,-0.015516666666666762,0.14595000000000002,0,0,235,-1
1460,-576457019028,1.4963684173292635,2.0809060396055243,-0.012077329387746718,0.47780448559529326,0,299142,0.01,0.03379221269999977,-0.3848673915000001,0,0.010733333333333234,0.2859499999999999,0,0,235,-1
1461,-576457019019,1.496232050966811,2.0856889157246123,-0.015195943102746717,0.47877073822229327,0,299152,0.01,0.09662526269999974,-0.31186137150000004,0,-0.08551666666666677,0.4959499999999999,0,0,235,-1
1462,-576457019008,1.4960707518517085,2.0904723884584704,-0.017063879917746716,0.4779238085492933,0,299162,0.01,-0.08469296730000025,-0.18679368150000003,0,-0.12051666666666677,0.23344999999999994,0,0,235,-1
1463,-576457018998,1.4958926583599559,2.095241288113598,-0.018554818432746718,0.4758561224762933,0,299172,0.01,-0.20676860730000024,-0.1490938515,0,-0.03301666666666678,0.18094999999999994,0,0,235,-1
1464,-576457018988,1.4956986082655535,2.0999878652804957,-0.02025520044774672,0.4734593109032933,0,299182,0.01,-0.23968115730000028,-0.17003820150000004,0,-0.1380166666666668,0.18969999999999998,0,0,235,-1
1465,-576457018978,1.4958032883928076,2.1050003621725066,-0.022611784986108028,0.4730928869613489,0,299192,0.01,-0.059559747300000236,-0.25441401150000004,0,-0.05926666666666677,0.02344999999999997,0,1,236,2
1466,-576457018968,1.4955634325453715,2.109734476677755,-0.02535938450110803,0.47373001408834886,0,299202,0.01,0.06371271269999974,-0.27475995150000004,0,-0.05926666666666677,0.11969999999999992,0,0,236,-1
1467,-576457018960,1.4953243368984808,2.114007267725184,-0.02777298147460803,0.47577910756264885,0,299211,0.009,0.22767705269999974,-0.26817744150000006,0,0.03698333333333326,0.23344999999999994,0,0,236,-1
1468,-576457018949,1.4950384342991596,2.118782516514946,-0.02940753838960803,0.47927065038964883,0,299221,0.01,0.3491542826999998,-0.16345569150000006,0,-0.05926666666666677,0.2159500000000001,0,0,236,-1
1469,-576457018937,1.4947394474651885,2.1235890902729775,-0.030389828404608032,0.4820441012166488,0,299231,0.01,0.27734508269999975,-0.09822900150000002,0,-0.22551666666666678,0.0847,0,0,236,-1
1470,-576457018929,1.4944330612915675,2.128413973581779,-0.030887406319608034,0.4829325605436488,0,299241,0.01,0.08884593269999976,-0.04975779150000002,0,-0.15551666666666678,0.3296999999999999,0,0,236,-1
1471,-576457018919,1.4941231355227964,2.13323729922935,-0.031097747434608036,0.4817325689706488,0,299251,0.01,-0.11999915730000024,-0.02103411150000003,0,-0.02426666666666677,0.29469999999999996,0,0,236,-1
1472,-576457018908,1.49529206832697,2.1359764768149296,-0.031164994999118675,0.4793974458378824,0,299261,0.01,-0.06793748730000025,-0.09044967150000004,0,-0.2780166666666668,0.06719999999999993,0,1,237,1
1473,-576457018899,1.4949724251154037,2.1407717519174434,-0.032763647314118675,0.4796575746648824,0,299271,0.01,0.02601288269999978,-0.15986523150000007,0,-0.07676666666666676,0.1634500000000001,0,0,237,-1
1474,-576457018889,1.4946303026321874,2.145574625031727,-0.03566084932911868,0.4809170481918824,0,299281,0.01,0.12594735269999974,-0.28972020150000005,0,-0.24301666666666677,0.11969999999999992,0,0,237,-1
1475,-576457018879,1.4942628285093214,2.1503962565042807,-0.037833975244118676,0.48340924631888244,0,299291,0.01,0.2492198126999998,-0.21731259150000004,0,-0.15551666666666678,0.34719999999999995,0,0,237,-1
1476,-576457018870,1.4938748498678052,2.1552419422636047,-0.03976175305911868,0.4857279055458824,0,299301,0.01,0.23186592269999978,-0.19277778150000002,0,-0.20801666666666677,0.04095000000000004,0,0,237,-1
1477,-576457018859,1.493468850109139,2.1601014195781985,-0.04143819867411868,0.4861675573728824,0,299311,0.01,0.043965182699999765,-0.16764456150000004,0,-0.3305166666666668,0.06719999999999993,0,0,237,-1
1478,-576457018849,1.4930442607438228,2.1649605958925626,-0.04347967438911868,0.4856677054998824,0,299321,0.01,-0.04998518730000026,-0.20414757150000004,0,-0.2605166666666668,0.2159500000000001,0,0,237,-1
1479,-576457018836,1.4956323538047862,2.173609346298705,-0.04466280170429276,0.49021352133879703,0,299333,0.012,0.18279630269999975,-0.2609965215,0,-0.08551666666666677,0.1372,0,1,238,2
1480,-576457018827,1.495125381307903,2.1790250635034454,-0.04751401591079276,0.49446233406849704,0,299344,0.011,0.38625570269999976,-0.25920129150000004,0,-0.2867666666666668,0.31220000000000003,0,0,238,-1
1481,-576457018817,1.4946871363343752,2.183487838415396,-0.049873755984292764,0.49726542414279706,0,299353,0.009,0.3114544526999997,-0.26219334150000007,0,-0.12926666666666675,0.31220000000000003,0,0,238,-1
1482,-576457018807,1.4941766355299573,2.1884713379404594,-0.05222640489929276,0.4994344808697971,0,299363,0.01,0.21690567269999977,-0.23526489150000005,0,-0.3917666666666668,0.14595000000000002,0,0,238,-1
1483,-576457018796,1.4936427279183893,2.1934731470162925,-0.05455511741429276,0.500927334296797,0,299373,0.01,0.14928534269999974,-0.23287125150000004,0,1.9007333333333334,0.24219999999999997,0,0,238,-1
1484,-576457018788,1.49314348812062,2.1979852609344728,-0.05638705986779276,0.5017646475210971,0,299382,0.009,0.09303480269999977,-0.20354916150000005,0,-0.36551666666666677,0.15470000000000006,0,0,238,-1
1485,-576457018777,1.492568961335867,2.203005434794319,-0.058518297082792756,0.502270124448097,0,299392,0.01,0.050547692699999744,-0.21312372150000003,0,-0.3305166666666668,0.1634500000000001,0,0,238,-1
1486,-576457018767,1.4955699618816698,2.2034292746566173,-0.058513875485594974,0.49891819637562845,0,299403,0.011,0.07209045269999978,-0.19636824150000004,0,-0.42676666666666674,0.2246999999999999,0,1,239,1
1487,-576457018756,1.494972012664739,2.2084208344025087,-0.061075967900594975,0.49939375280262843,0,299413,0.01,0.04755564269999975,-0.2562092415000001,0,-0.4792666666666668,0.1721999999999999,0,0,239,-1
1488,-576457018747,1.494346946498658,2.21341732923567,-0.06393726531559497,0.49990521382962844,0,299423,0.01,0.051146102699999765,-0.28612974150000003,0,-0.34801666666666675,0.032200000000000006,0,0,239,-1
1489,-576457018737,1.493693177596927,2.218419118202101,-0.06681651503059498,0.5004525794566285,0,299433,0.01,0.05473656269999975,-0.2879249715,0,-0.3567666666666668,0.2684500000000001,0,0,239,-1
1490,-576457018727,1.493010167390546,2.223424585594802,-0.06978552624559498,0.5006408990836284,0,299443,0.01,0.018831962699999746,-0.2969011215000001,0,-0.3130166666666668,0.11094999999999988,0,0,239,-1
1491,-576457018603,1.4922965096160152,2.2284259520837733,-0.07294602866059498,0.4996323987106284,0,299453,0.01,-0.10085003730000028,-0.3160502415000001,0,-0.46176666666666677,0.04095000000000004,0,0,239,-1
1492,-576457018603,1.4915499303153343,2.2334271073340144,-0.07636983147559498,0.5005986513376284,0,299463,0.01,0.09662526269999974,-0.3423802815,0,-0.2605166666666668,0.06719999999999993,0,0,239,-1
1493,-576457018602,1.4907679460870036,2.238444986348526,-0.08002701419059498,0.5029771515646284,0,299473,0.01,0.23785002269999977,-0.3657182715,0,-0.33926666666666677,0.06719999999999993,0,0,239,-1
1494,-576457018602,1.4899524718430228,2.2434915274068072,-0.08306783460559498,0.5063310600916284,0,299483,0.01,0.3353908526999998,-0.30408204150000007,0,-0.4442666666666668,0.11094999999999988,0,0,239,-1
1495,-576457018602,1.489110688503392,2.248572205960359,-0.08528883332059499,0.5098046506186285,0,299493,0.01,0.3473590526999998,-0.22209987150000002,0,-0.33926666666666677,0.3296999999999999,0,0,239,-1
1496,-576457018602,1.4882536367326111,2.2536852267791803,-0.08612152083559499,0.5127995131456284,0,299503,0.01,0.29948625269999973,-0.08326875150000004,0,-0.4530166666666668,0.15470000000000006,0,0,239,-1
1502,-576457018601,1.4831005158312756,2.284695940190778,-0.08531905302559499,0.5187047427076285,0,299563,0.01,0.08046819269999975,0.01726412849999998,0,-0.29551666666666676,0.0059499999999999,0,0,239,-1
1503,-576457018593,1.4822524072979446,2.289882463111489,-0.08430265364059499,0.5185998414346285,0,299573,0.01,-0.010490127300000242,0.10163993849999998,0,-0.3917666666666668,-0.09904999999999997,0,0,239,-1
1504,-576457018585,1.4818383852025983,2.294791619012283,-0.08250147082561907,0.5152522889118204,0,299584,0.011,-0.24686207730000032,0.1357493085,0,-0.3917666666666668,0.10220000000000007,0,1,241,1
1505,-576457018576,1.481017734399267,2.299932576730536,-0.08162868984061906,0.5129392547388204,0,299594,0.01,-0.23130341730000026,0.08727809849999998,0,-0.2605166666666668,0.15470000000000006,0,0,241,-1
1506,-576457018566,1.4901514325035086,2.3138576568735423,-0.07457570879969284,0.5183148389905041,0,299604,0.01,-0.19719404730000026,0.05915282849999998,0,-0.4092666666666668,0.19845000000000002,0,1,242,2
1507,-576457018556,1.4894038457769365,2.319028821205582,-0.07494163651469285,0.5159180274175041,0,299614,0.01,-0.23968115730000028,-0.036592771500000024,0,-0.3567666666666668,-0.09904999999999997,0,0,242,-1
1508,-576457018546,1.4886533777062145,2.324176555990892,-0.07515197762969285,0.5136289296445041,0,299624,0.01,-0.2289097773000003,-0.02103411150000003,0,-0.46176666666666677,0.02344999999999997,0,0,242,-1
1509,-576457018536,1.4879041273998428,2.3292988266354717,-0.07469808364469285,0.5108251992715042,0,299634,0.01,-0.28037303730000024,0.045389398499999976,0,-0.4530166666666668,-0.09030000000000005,0,0,242,-1
1510,-576457018526,1.487158787702821,2.334392192281822,-0.07436985575969285,0.5078479299985041,0,299644,0.01,-0.2977269273000003,0.03282278849999998,0,-0.36551666666666677,0.15470000000000006,0,0,242,-1
1511,-576457018517,1.4864162814771489,2.339456892293942,-0.07413138937469285,0.5050920724255041,0,299654,0.01,-0.27558575730000023,0.02384663849999998,0,-0.19926666666666676,0.11969999999999992,0,0,242,-1
1512,-576457018506,1.4827614139716563,2.3486620680058365,-0.07572384204951564,0.5041921285570747,0,299664,0.01,-0.42638507730000025,0.02025617849999998,0,-0.37426666666666675,0.25970000000000004,0,1,243,1
1513,-576457018495,1.4820064450210861,2.3536814133765422,-0.07526994806451565,0.4996769455840747,0,299674,0.01,-0.4515182973000003,0.045389398499999976,0,-0.05926666666666677,0.1634500000000001,0,0,243,-1
1514,-576457018487,1.481258977139866,2.358652555026518,-0.07422362817951565,0.4945513844110747,0,299684,0.01,-0.5125561173000004,0.10463198849999998,0,-0.4442666666666668,0.3909499999999999,0,0,243,-1
1515,-576457018477,1.4805951051393647,2.363075536753177,-0.07330348304301565,0.4883334437353747,0,299693,0.009,-0.6908822973000004,0.10223834849999996,0,-0.34801666666666675,0.32095000000000007,0,0,243,-1
1516,-576457018467,1.4798648484273595,2.3679193303521657,-0.07274785935801564,0.4804252760623747,0,299703,0.01,-0.7908167673000003,0.05556236849999999,0,-0.4705166666666668,0.09345000000000003,0,0,243,-1
1517,-576457018457,1.4791377243917043,2.3726899366129244,-0.07267694777301564,0.4736959760893747,0,299713,0.01,-0.6729299973000004,0.007091158499999981,0,-0.40051666666666674,0.25970000000000004,0,0,243,-1
1518,-576457018449,1.4784846461218164,2.376935665210443,-0.07245155664651565,0.4697992678036747,0,299722,0.009,-0.4329675873000003,0.025043458499999977,0,-0.32176666666666676,0.04970000000000008,0,0,243,-1
1519,-576457018437,1.486475712166187,2.389182937987171,-0.06724979158228209,0.47380621007992846,0,299732,0.01,-0.22352408730000026,-0.04497051150000001,0,-0.4530166666666668,0.35595,0,1,244,2
1520,-576457018389,1.485799858666289,2.3939220314476053,-0.06792090839728208,0.47401248200692847,0,299742,0.01,0.020627192699999738,-0.06711168150000002,0,-0.4092666666666668,0.20720000000000005,0,0,244,-1
1521,-576457018388,1.4851264795917412,2.3986674064178097,-0.06675490651228208,0.47506251203392846,0,299752,0.01,0.10500300269999979,0.1166001885,0,-0.40051666666666674,0.35595,0,0,244,-1
1522,-576457018388,1.4844702659080433,2.403416489734784,-0.06448783022728208,0.47475415136092847,0,299762,0.01,-0.030836067300000238,0.22670762849999998,0,-0.2605166666666668,0.15470000000000006,0,0,244,-1
1523,-576457018387,1.4838433952586956,2.408153782579528,-0.06088629964228208,0.47270441758792847,0,299772,0.01,-0.2049733773000002,0.3601530585,0,-0.5842666666666667,0.1372,0,0,244,-1
1524,-576457018286,1.4832541556221979,2.412871834747542,-0.05696162765728208,0.4709060160149285,0,299782,0.01,-0.17984015730000025,0.3924671985,0,-0.24301666666666677,0.032200000000000006,0,0,244,-1
1525,-576457018285,1.48269704162655,2.4175731894813266,-0.05446117147228208,0.4693649307419285,0,299792,0.01,-0.15410852730000024,0.25004561849999996,0,-0.36551666666666677,0.2771999999999999,0,0,244,-1
1526,-576457018284,1.4821609826867521,2.422265865474881,-0.052750616487282076,0.46917026796892847,0,299802,0.01,-0.019466277300000268,0.1710554985,0,-2.4305166666666667,0.18969999999999998,0,0,244,-1
1527,-576457018284,1.4816432261168042,2.4269640151247054,-0.050800697502282076,0.4704596619959285,0,299812,0.01,0.12893940269999976,0.19499189849999998,0,-0.09426666666666678,0.2246999999999999,0,0,244,-1
1528,-576457018284,1.4811482001507066,2.4316755673632997,-0.048204495717282074,0.4718507857229285,0,299822,0.01,0.13911237269999976,0.25962017849999997,0,-0.21676666666666677,0.37345000000000006,0,0,244,-1
1529,-576457018284,1.4806914933689588,2.4363926530991638,-0.04313686063228207,0.4715663614499285,0,299832,0.01,-0.02844242730000026,0.5067635085,0,-0.09426666666666678,0.18969999999999998,0,0,244,-1
1530,-576457018283,1.4802838173105608,2.441082150338798,-0.03839835104728207,0.46633308647692845,0,299842,0.01,-0.5233274973000004,0.4738509585,0,-0.18176666666666677,0.4959499999999999,0,0,244,-1
1531,-576457018283,1.479926039670013,2.4457117150217025,-0.03315717706228207,0.45957985010392843,0,299852,0.01,-0.6753236373000003,0.5241173985,0,-0.04176666666666676,0.07594999999999996,0,0,244,-1
1532,-576457018283,1.479617891162815,2.4502749740813767,-0.028472524377282073,0.4530719618309284,0,299862,0.01,-0.6507888273000003,0.4684652685,0,-0.20801666666666677,0.07594999999999996,0,0,244,-1
1533,-576457018282,1.4793548837139674,2.454778689550821,-0.024128965392282074,0.4476711320579284,0,299872,0.01,-0.5400829773000003,0.4343558985,0,-0.19926666666666676,0.1721999999999999,0,0,244,-1
1534,-576457018282,1.4791375858129696,2.4592324060695354,-0.019330614807282074,0.4430721716849284,0,299882,0.01,-0.4598960373000003,0.4798350585,0,0.01948333333333324,0.31220000000000003,0,0,244,-1
1535,-576457018276,1.4789840130237735,2.463198812379849,-0.014796671680782074,0.4383514528292284,0,299891,0.009,-0.5245243173000004,0.5037714585,0,-0.12051666666666677,0.09345000000000003,0,0,244,-1
1536,-576457018269,1.4860685896765793,2.474447649035891,-0.005754629863741094,0.4363103493922857,0,299901,0.01,-0.7614946773000002,0.4403399985,0,-0.08551666666666677,0.2771999999999999,0,1,246,2
1537,-576457018259,1.486023665340867,2.4787725581139486,-0.0032302372787410944,0.4286714662192857,0,299911,0.01,-0.7638883173000003,0.2524392585,0,0.15073333333333322,0.4434499999999999,0,0,246,-1
1538,-576457018250,1.4859949489400044,2.4830200311427766,-0.0025130428937410946,0.4208231395462857,0,299921,0.01,-0.7848326673000003,0.07171943849999998,0,0.2032333333333332,0.4872000000000001,0,0,246,-1
1539,-576457018239,1.4819192792214901,2.4923011669575805,-0.006908862134891447,0.4135186482150602,0,299931,0.01,-1.1313120573000004,-0.19217937150000003,0,0.13323333333333326,0.5046999999999999,0,1,247,1
1540,-576457018229,1.4818372006150662,2.4963768257073657,-0.009506859149891448,0.40161310174206016,0,299941,0.01,-1.1905546473000006,-0.25979970150000004,0,0.25573333333333326,0.2859499999999999,0,0,247,-1
1541,-576457018219,1.4817330915444924,2.500338395795421,-0.011314954964891448,0.39070091586906014,0,299951,0.01,-1.0912185873000002,-0.18080958150000004,0,0.22948333333333326,0.46094999999999997,0,0,247,-1
1542,-576457018202,1.4816146415782685,2.504192968380247,-0.012375038279891448,0.3802136010960601,0,299961,0.01,-1.0487314773000005,-0.10600833150000004,0,0.23823333333333324,0.4172,0,0,247,-1
1543,-576457018200,1.4814915748788946,2.5079525715028423,-0.012238301594891449,0.3717070234230601,0,299971,0.01,-0.8506577673000002,0.013673668499999979,0,-0.07676666666666676,0.42595000000000005,0,0,247,-1
1544,-576457018190,1.4813850861055546,2.511269251148064,-0.011425870258391448,0.3653328977373601,0,299980,0.009,-0.7082361873000002,0.09027014849999998,0,-0.12926666666666675,0.3647,0,0,247,-1
1545,-576457018180,1.4812744432953957,2.5148963239890727,-0.010702691773391448,0.3600816704643601,0,299990,0.01,-0.5251227273000003,0.07231784849999998,0,-0.05926666666666677,0.11094999999999988,0,0,247,-1
1546,-576457018169,1.494148046781167,2.5299333455346567,-0.00364229854241992,0.36514611101207284,0,300000,0.01,-0.4102280073000003,-0.12156699150000005,0,-0.07676666666666676,0.032200000000000006,0,1,248,2
1547,-576457018160,1.4941005487226677,2.5335734808379127,-0.00585731315741992,0.36288094963907286,0,300010,0.01,-0.2265161373000003,-0.22150146150000002,0,-0.26926666666666677,0.10220000000000007,0,0,248,-1
1548,-576457018150,1.4940213558785187,2.5372001501209382,-0.00998125567241992,0.36245290696607285,0,300020,0.01,-0.042804267300000226,-0.41239425150000003,0,-0.24301666666666677,0.31220000000000003,0,0,248,-1
1549,-576457018140,1.4938976024337196,2.540821162634234,-0.01476943328741992,0.36174959569307286,0,300030,0.01,-0.07033112730000018,-0.47881776150000005,0,-0.36551666666666677,0.23344999999999994,0,0,248,-1
1550,-576457018130,1.4937218980247704,2.5444339452147995,-0.02037144850241992,0.36080692042007284,0,300040,0.01,-0.09426752730000024,-0.5602015215,0,-0.29551666666666676,0.014699999999999935,0,0,248,-1
1551,-576457018120,1.4934880191876712,2.5480378096911354,-0.02640431891741992,0.3599659748470728,0,300050,0.01,-0.08409455730000027,-0.6032870415000001,0,-0.3130166666666668,0.07594999999999996,0,0,248,-1
1552,-576457018110,1.493192046336922,2.551641403087741,-0.03279025123241992,0.3607527044740728,0,300060,0.01,0.07867296269999977,-0.6385932315000001,0,-0.14676666666666677,-0.1603,0,0,248,-1
1553,-576457018100,1.4917484586016296,2.556574824793993,-0.03911754050299793,0.3647598444308408,0,300070,0.01,0.3000846626999998,-0.5673824415,0,-0.5492666666666668,-0.020299999999999985,0,1,249,1
1554,-576457018090,1.4913361847560245,2.5602411675339365,-0.04333722861799793,0.3685087035578408,0,300080,0.01,0.3748859126999998,-0.42196881150000004,0,-0.5317666666666667,0.014699999999999935,0,0,249,-1
1555,-576457018079,1.4908918271582694,2.5639435626811498,-0.04553429093299793,0.3719703258848408,0,300090,0.01,0.3461622326999998,-0.21970623150000004,0,-0.6717666666666668,-0.09030000000000005,0,0,249,-1
1556,-576457018070,1.4904316924808645,2.567673393131633,-0.046492644547997924,0.3739957642118408,0,300100,0.01,0.20254383269999976,-0.09583536150000005,0,-0.4530166666666668,0.04970000000000008,0,0,249,-1
1557,-576457018060,1.4899692150283095,2.5714284447683866,-0.046002845962997925,0.3770145631388408,0,300110,0.01,0.30187989269999976,0.04897985849999998,0,-0.5142666666666668,0.29469999999999996,0,0,249,-1
1558,-576457018051,1.4895164228416047,2.57522466521791,-0.04455559137799792,0.3822295267658408,0,300120,0.01,0.5214963626999998,0.1447254585,0,-0.3917666666666668,0.02344999999999997,0,0,249,-1
1559,-576457018040,1.4890890241832497,2.5790812634412035,-0.04092414029299792,0.3890901178928408,0,300130,0.01,0.6860591126999998,0.3631451085,0,-0.48801666666666677,0.06719999999999993,0,0,249,-1
1560,-576457018030,1.504364558663971,2.5959615593705174,-0.02504171739120347,0.40557765239156307,0,300140,0.01,0.6214308326999999,0.6049027485,0,-0.5755166666666668,-0.12529999999999997,0,1,250,2
1561,-576457018020,1.504154409994984,2.600039221842568,-0.01698801640620347,0.4099548420185631,0,300150,0.01,0.43771896269999977,0.8053700985000001,0,-0.5492666666666668,-0.01154999999999995,0,0,250,-1
1562,-576457018010,1.504029854900347,2.604150064353889,-0.007923002521203466,0.41221366024556305,0,300160,0.01,0.22588182269999976,0.9065013885000002,0,-0.24301666666666677,-0.13405,0,0,250,-1
1563,-576457018000,1.50399098314156,2.60827314255448,1.4865076379653487e-4,0.41240197987256305,0,300170,0.01,0.018831962699999746,0.8071653285,0,-0.07676666666666676,-0.09030000000000005,0,0,250,-1
1564,-576457017990,1.504024121050123,2.6123915214413405,0.006478930948796535,0.41127379749956305,0,300180,0.01,-0.11281823730000028,0.6330280185,0,-0.21676666666666677,-0.0027999999999999137,0,0,250,-1
1565,-576457017978,1.504117749233536,2.616482790559971,0.012246705733796534,0.40698002622656304,0,300190,0.01,-0.4293771273000004,0.5767774784999999,0,0.07198333333333323,-0.055300000000000016,0,0,250,-1
1566,-576457017970,1.5042747101392988,2.6205177475023715,0.019145475418796534,0.40001136225356304,0,300200,0.01,-0.6968663973000004,0.6898769685000001,0,-0.07676666666666676,0.20720000000000005,0,0,250,-1
1567,-576457017876,1.5007659544849867,2.628788640152588,0.025242847770133206,0.39485657328894075,0,300210,0.01,-0.8416816173000004,0.8299049085000001,0,0.01948333333333324,0.30345,0,1,251,1
1568,-576457017876,1.501062840337613,2.632693655700112,0.03413432275513321,0.38614653621594075,0,300220,0.01,-0.8710037073000003,0.8891474985000001,0,0.04573333333333324,0.14595000000000002,0,0,251,-1
1569,-576457017875,1.5014463969025893,2.6365210556754066,0.04257699024013321,0.37933345884294073,0,300230,0.01,-0.6813077373000004,0.8442667484999999,0,0.05448333333333322,0.2159500000000001,0,0,251,-1
1572,-576457017875,1.5029135716306183,2.64776271393041,0.05208303229513321,0.37207719902394076,0,300260,0.01,-0.14812442730000025,0.08727809849999998,0,0.02823333333333322,0.12844999999999995,0,0,251,-1
1573,-576457017875,1.5034238953699948,2.651473057728784,0.04998171558013321,0.36999156065094074,0,300270,0.01,-0.20856383730000025,-0.21013167150000003,0,0.010733333333333234,0.15470000000000006,0,0,251,-1
1574,-576457017874,1.503905067566221,2.6551473455294285,0.04625272366513321,0.36486599947794074,0,300280,0.01,-0.5125561173000004,-0.3728991915000001,0,-0.11176666666666678,0.05844999999999989,0,0,251,-1
1575,-576457017874,1.5043474238977976,2.658757302459843,0.04221854265013321,0.35712538660494075,0,300290,0.01,-0.7740612873000005,-0.40341810150000007,0,-0.09426666666666678,0.04970000000000008,0,0,251,-1
1577,-576457017771,1.5171798981650049,2.675121195848664,0.046592178288844766,0.3404429776597697,0,300310,0.01,-1.2228687873000001,-0.10181946150000004,0,-0.03301666666666678,0.04970000000000008,0,1,252,2
1578,-576457017770,1.5176408785773183,2.6784723213568964,0.045603904173844766,0.3297821239867697,0,300320,0.01,-1.0660853673000001,-0.09882741150000005,0,-2.334266666666667,-0.12529999999999997,0,0,252,-1
1580,-576457017768,1.5184753473513009,2.684578090183427,0.04216971894534476,0.3131373079480697,0,300339,0.009,-0.8530514073000003,-0.18799050150000002,0,-0.3567666666666668,-0.020299999999999985,0,0,252,-1
1581,-576457017766,1.5188845931246793,2.687676504934543,0.03967943573034476,0.3065456422750697,0,300349,0.01,-0.6591665673000002,-0.24902832150000004,0,-0.4092666666666668,0.014699999999999935,0,0,252,-1
1582,-576457017766,1.5192720777184079,2.6907191759989284,0.037817483015344766,0.3019885706020697,0,300359,0.01,-0.4557071673000003,-0.1861952715,0,-0.4355166666666668,0.0059499999999999,0,0,252,-1
1583,-576457017765,1.5196421396049864,2.693727975262084,0.03619489430034477,0.29977128202906966,0,300369,0.01,-0.22172885730000022,-0.16225887150000004,0,-0.32176666666666676,-0.04654999999999998,0,0,252,-1
1585,-576457017764,1.5203399587831932,2.6997184604297053,0.03366182477034477,0.29902889458306964,0,300389,0.01,-0.06195338730000025,-0.11917335150000001,0,-0.5055166666666668,-0.1078,0,0,252,-1
1586,-576457017763,1.5206730718443215,2.7027002959366713,0.03296078745534477,0.2973382068100696,0,300399,0.01,-0.16906877730000025,-0.07010373150000002,0,-0.2867666666666668,-0.12529999999999997,0,0,252,-1
1587,-576457017758,1.516373227057275,2.710877933101813,0.02883779062192742,0.29936101904656354,0,300409,0.01,-0.18402902730000023,-0.14969226150000003,0,-0.22551666666666678,0.0847,0,1,253,1
1588,-576457017749,1.528747001743312,2.723103038381864,0.03238684224561687,0.30215668478108376,0,300421,0.012,-0.33123788730000026,-0.31126296150000005,0,-0.2780166666666668,-0.020299999999999985,0,1,254,2
1589,-576457017739,1.5290531527416933,2.72610400406781,0.028843357430616872,0.29803645240808374,0,300431,0.01,-0.4120232373000003,-0.3543484815,0,-0.10301666666666677,-0.1078,0,0,254,-1
1590,-576457017729,1.5293189020889244,2.7290625706100258,0.02430651201561687,0.29367685603508376,0,300441,0.01,-0.4359596373000003,-0.4536845415000001,0,-0.2605166666666668,0.19845000000000002,0,0,254,-1
1591,-576457017719,1.5295369491830055,2.7319796356235115,0.019302906800616873,0.28973614666208375,0,300451,0.01,-0.3940709373000003,-0.5003605215,0,-0.19051666666666678,0.1721999999999999,0,0,254,-1
1592,-576457017708,1.5297081317979366,2.7348636666097677,0.014933616185616873,0.28707005058908375,0,300461,0.01,-0.2666096073000003,-0.4369290615,0,0.09823333333333323,0.05844999999999989,0,0,254,-1
1593,-576457017699,1.528102897375632,2.739533768603373,0.010632425235724816,0.28555028142019767,0,300471,0.01,-0.2857587273000003,-0.33220731150000005,0,-0.06801666666666678,0.12844999999999995,0,1,255,1
1594,-576457017689,1.5281973387014145,2.7423711536572104,0.008255839920724815,0.28192672934719765,0,300481,0.01,-0.3623552073000003,-0.23765853150000008,0,-0.29551666666666676,0.07594999999999996,0,0,255,-1
1595,-576457017671,1.5282699290860466,2.745173290566817,0.006262237005724814,0.27850065257419765,0,300491,0.01,-0.3426076773000003,-0.19936029150000006,0,-0.015516666666666762,-0.17780000000000007,0,0,255,-1
1596,-576457017569,1.528320040199029,2.7479493649256943,0.003759985590724814,0.27671421920119765,0,300501,0.01,-0.1786433373000003,-0.2502251415,0,0.03698333333333326,0.014699999999999935,0,0,255,-1
1597,-576457017568,1.5283410315633548,2.7504363628333297,9.047620372248139e-4,0.2759519824954976,0,300510,0.009,-0.08469296730000025,-0.31724706150000004,0,-0.050516666666666765,-0.15155000000000007,0,0,255,-1
1598,-576457017568,1.528322906881652,2.7531915881689195,-0.0045296983777751865,0.2750930846224976,0,300520,0.01,-0.0858897873000003,-0.5434460415000001,0,-0.12926666666666675,-0.1603,0,0,255,-1
1599,-576457017567,1.5282519635412992,2.7559374465927795,-0.009658969692775188,0.2740786001494976,0,300530,0.01,-0.10144844730000027,-0.5129271315,0,-0.19926666666666676,-0.1603,0,0,255,-1
1600,-576457017567,1.5281252094922964,2.7586729208079097,-0.01569184010777519,0.27301624287649756,0,300540,0.01,-0.10623572730000022,-0.6032870415000001,0,-0.3130166666666668,0.12844999999999995,0,0,255,-1
1601,-576457017566,1.5279381865801436,2.7613975919273095,-0.021712742322775192,0.27191798100349757,0,300550,0.01,-0.10982618730000028,-0.6020902215000001,0,-0.26926666666666677,0.11094999999999988,0,0,255,-1
1602,-576457017566,1.527693408126841,2.7641112804279793,-0.027242948337775193,0.27081971913049757,0,300560,0.01,-0.10982618730000028,-0.5530206015000001,0,-0.4180166666666668,0.07594999999999996,0,0,255,-1
1603,-576457017565,1.5274010171818881,2.766821526275919,-0.031235240652775192,0.2712294504574976,0,300570,0.01,0.04097313269999977,-0.3992292315,0,-0.19051666666666678,0.0847,0,0,255,-1
1604,-576457017565,1.5270752259827853,2.769562169556629,-0.03392299916777519,0.27689920568449755,0,300580,0.01,0.5669755226999998,-0.26877585150000005,0,-0.36551666666666677,0.0847,0,0,255,-1
1605,-576457017565,1.5267267161480325,2.7723704612926086,-0.035778967782775194,0.28475914151149756,0,300590,0.01,0.7859935826999999,-0.18559686150000004,0,-0.4180166666666668,0.11969999999999992,0,0,255,-1
1606,-576457017563,1.5263619505056296,2.775268632415359,-0.037174160697775196,0.2948750830384976,0,300600,0.01,1.0115941526999996,-0.13951929150000003,0,-0.3042666666666668,0.04970000000000008,0,0,255,-1
1607,-576457017559,1.540128541291561,2.7881353906740167,-0.029405078931492655,0.31384900093999024,0,300610,0.01,1.1276856926999999,-0.05394666150000002,0,-0.12051666666666677,0.032200000000000006,0,1,256,2
1608,-576457017549,1.5345586846132215,2.796908256642227,-0.03126055691825068,0.3301458956211398,0,300621,0.011,1.1312761526999997,0.09445901849999998,0,-0.07676666666666676,-0.037800000000000056,0,1,257,1
1609,-576457017540,1.5342608552829642,2.8002645739375733,-0.02830530913325068,0.34111756344813976,0,300631,0.01,1.0971667826999998,0.2955247785,0,-0.3042666666666668,0.11969999999999992,0,0,257,-1
1610,-576457017529,1.5339926382715567,2.80371843026769,-0.025338093148250678,0.3496537025751398,0,300641,0.01,0.8536139126999998,0.29672159849999996,0,-0.18176666666666677,0.10220000000000007,0,0,257,-1
1611,-576457017519,1.5337527469974994,2.8072590542525764,-0.02264016166325068,0.35847109440213976,0,300651,0.01,0.8817391826999997,0.26979314849999997,0,-0.2867666666666668,0.04970000000000008,0,0,257,-1
1612,-576457017508,1.5460094333722991,2.818804974034703,-0.01279506460812288,0.37209308110113654,0,300661,0.01,0.7405144226999998,0.2584233585,0,-0.22551666666666678,0.0847,0,1,258,2
1613,-576457017499,1.5458902748651429,2.8225625715208493,-0.011036636823122881,0.37942641612813655,0,300671,0.01,0.7333335026999999,0.17584277849999996,0,-0.14676666666666677,0.04095000000000004,0,0,258,-1
1614,-576457017490,1.545795449320924,2.8260065518539466,-0.01003570633662288,0.3859025467824365,0,300680,0.009,0.7195700726999998,0.11121449849999998,0,-0.2517666666666668,-0.1078,0,0,258,-1
1615,-576457017480,1.5457041536809828,2.8298951827589063,-0.00822342165162288,0.3918236342094365,0,300690,0.01,0.5921087426999998,0.18122846850000002,0,-0.34801666666666675,-0.037800000000000056,0,0,258,-1
1616,-576457017470,1.5456326863563914,2.833836142823136,-0.006070043266622881,0.3963683786364365,0,300700,0.01,0.45447444269999976,0.2153378385,0,-0.33926666666666677,0.07594999999999996,0,0,258,-1
1617,-576457017460,1.54558380003315,2.8378161174241354,-0.0037072213816228806,0.39962654156343647,0,300710,0.01,0.32581629269999973,0.2362821885,0,-0.3042666666666668,-0.02905000000000002,0,0,258,-1
1618,-576457017450,1.5455584820877588,2.841824783989405,-0.0013563676966228803,0.40210677149043644,0,300720,0.01,0.24802299269999978,0.2350853685,0,-0.17301666666666676,0.1372,0,0,258,-1
1619,-576457017440,1.5403614314595104,2.85083826017379,-0.002040188041124147,0.40648209158562226,0,300730,0.01,0.07149204269999976,0.2129441985,0,-0.22551666666666678,0.1372,0,1,259,1
1620,-576457017365,1.5403483256930242,2.8549043518132815,-5.80965256124147e-4,0.40673623631262223,0,300740,0.01,0.02541447269999976,0.1459222785,0,-0.19926666666666676,-0.12529999999999997,0,0,259,-1
1621,-576457017364,1.5403456831253879,2.858963440260543,5.245172887585281e-5,0.40508145313962224,0,300750,0.01,-0.16547831730000026,0.06334169849999997,0,-0.02426666666666677,0.1372,0,0,259,-1
1622,-576457017364,1.5403463826776016,2.8630008644705742,8.745871387585261e-5,0.40240338886662225,0,300760,0.01,-0.26780642730000026,0.0035006984999999802,0,-0.20801666666666677,0.12844999999999995,0,0,259,-1
1623,-576457017363,1.5403456669901654,2.8670038184693754,-2.305962011241476e-4,0.39818741089362225,0,300770,0.01,-0.42159779730000035,-0.03180549150000002,0,-0.18176666666666677,-0.02905000000000002,0,0,259,-1
1624,-576457017363,1.540338629101079,2.870956264868947,-0.001176981616124148,0.39230186902062225,0,300780,0.01,-0.5885541873000003,-0.09463854150000003,0,-0.19051666666666678,-0.055300000000000016,0,0,259,-1
1625,-576457017363,1.5403174298393427,2.874849287360288,-0.0030628707311241483,0.38630262924762226,0,300790,0.01,-0.5999239773000002,-0.18858891150000004,0,-0.3042666666666668,-0.12529999999999997,0,0,259,-1
1626,-576457017362,1.5402724348039565,2.8786883314743994,-0.005936136346124148,0.3815061935746223,0,300800,0.01,-0.4796435673000003,-0.2873265615,0,-0.3130166666666668,-0.08155000000000001,0,0,259,-1
1627,-576457017262,1.5401939497529202,2.8824992784437806,-0.00976087386112415,0.3806832003016223,0,300810,0.01,-0.08229932730000025,-0.38247375150000007,0,-0.4092666666666668,0.1372,0,0,259,-1
1628,-576457017261,1.545444915001342,2.889665799352779,-0.010473054038921794,0.3845335793689208,0,300820,0.01,0.11936484269999975,-0.37768647150000006,0,-0.4530166666666668,0.1372,0,1,260,2
1629,-576457017261,1.545324292187378,2.893525361446603,-0.013651508753921794,0.38737883939592077,0,300830,0.01,0.2845260026999998,-0.31784547150000003,0,-0.3830166666666668,-0.14280000000000004,0,0,260,-1
1630,-576457017261,1.5451833742982637,2.8974057763336973,-0.014532069068921795,0.38870413802292075,0,300840,0.01,0.13252986269999978,-0.08805603150000002,0,-0.4705166666666668,-0.01154999999999995,0,0,260,-1
1631,-576457017260,1.5450552479578528,2.9009013863432727,-0.013940451022421795,0.38809808632722076,0,300849,0.009,-0.06733907730000019,0.06573533849999998,0,-0.48801666666666677,-0.0027999999999999137,0,0,260,-1
1632,-576457017260,1.5449210152060535,2.90477427281368,-0.012906099337421794,0.38647920775422073,0,300859,0.01,-0.16188785730000027,0.10343516849999998,0,-0.3130166666666668,0.02344999999999997,0,0,260,-1
1633,-576457017260,1.5447940740801043,2.908641203309357,-0.012482125852421795,0.38690689138122075,0,300869,0.01,0.04276836269999976,0.04239734849999998,0,-0.29551666666666676,0.05844999999999989,0,0,260,-1
1634,-576457017259,1.544670564835505,2.9125181254568044,-0.012219723067421796,0.3884775381082208,0,300879,0.01,0.15706467269999977,0.026240278499999978,0,-0.2780166666666668,-0.06405000000000005,0,0,260,-1
1635,-576457017259,1.5445489615267558,2.916419640460022,-0.012100938682421796,0.39182546253522077,0,300889,0.01,0.33479244269999975,0.011878438499999979,0,-0.40051666666666674,-0.12529999999999997,0,0,260,-1
1636,-576457017259,1.5444267807523566,2.920351313532009,-0.012335216197421797,0.39450915186222074,0,300899,0.01,0.2683689326999998,-0.02342775150000002,0,-0.12926666666666675,0.04095000000000004,0,0,260,-1
1637,-576457017160,1.5443028855333074,2.924304826773766,-0.012443827612421798,0.39619349648922075,0,300909,0.01,0.16843446269999976,-0.010861141500000029,0,-0.11176666666666678,0.014699999999999935,0,0,260,-1
1638,-576457017158,1.539600700182639,2.9326158159074995,-0.016023201701717234,0.39893477723388143,0,300919,0.01,-0.044599497300000256,-0.11797653150000004,0,-0.2780166666666668,-0.07279999999999998,0,1,261,1
1639,-576457017158,1.5394293033310469,2.936589200195473,-0.018256168616717236,0.39574208036088143,0,300929,0.01,-0.31926968730000027,-0.22329669150000003,0,-0.48801666666666677,0.02344999999999997,0,0,261,-1
1640,-576457017158,1.5392360256178046,2.940529251251217,-0.020399374031717238,0.3922681307878814,0,300939,0.01,-0.34739495730000036,-0.21432054150000004,0,-0.3042666666666668,-0.037800000000000056,0,0,261,-1
1641,-576457017158,1.5390263424944124,2.9444447357812304,-0.02153725064671724,0.3908287752148814,0,300949,0.01,-0.1439355573000002,-0.11378766150000003,0,-0.2867666666666668,0.0059499999999999,0,0,261,-1
1642,-576457017157,1.5387889928610676,2.9487435434901377,-0.02161722814321724,0.3907726264045814,0,300960,0.011,-0.005104437300000233,-0.007270681500000021,0,-0.2780166666666668,-0.037800000000000056,0,0,261,-1
1643,-576457017157,1.538601753325148,2.9522610174662183,-0.01999155761671724,0.39088825716888137,0,300969,0.009,0.01284786269999975,0.1806300585,0,-0.15551666666666678,-0.1603,0,0,261,-1
1644,-576457017157,1.5384162848624057,2.956159890733042,-0.01710213493171724,0.3888863961958814,0,300979,0.01,-0.20018609730000025,0.2889422685,0,-0.22551666666666678,-0.13405,0,0,261,-1
1645,-576457017157,1.5382605484005136,2.960034047871636,-0.014045157446717239,0.3859450315228814,0,300989,0.01,-0.2941364673000002,0.3056977485,0,-0.12051666666666677,0.04970000000000008,0,0,261,-1
1646,-576457017156,1.5381308038769714,2.9638854636349996,-0.01190374726171724,0.3843381211498814,0,300999,0.01,-0.1606910373000003,0.21414101849999997,0,-0.14676666666666677,-0.0027999999999999137,0,0,261,-1
1647,-576457017156,1.5380175664932791,2.9677314320721333,-0.010743729476717239,0.3848555662768814,0,301009,0.01,0.05174451269999975,0.11600177849999999,0,-0.20801666666666677,-0.020299999999999985,0,0,261,-1
1649,-576457017056,1.5333703933523772,2.980042585180762,-0.012501882455274114,0.38639892631275474,0,301028,0.01,-0.1756512873000003,0.011878438499999979,0,-0.2605166666666668,-0.18655,0,1,263,1
1650,-576457017056,1.5332458487677496,2.9838933337250246,-0.012407034470274114,0.38375078253975475,0,301038,0.01,-0.2648143773000003,0.009484798499999975,0,0.04573333333333324,0.04970000000000008,0,0,263,-1
1651,-576457017055,1.533121803855472,2.9877134418820575,-0.012401947985274114,0.3802708488667548,0,301048,0.01,-0.34799336730000024,5.086484999999744e-4,0,-0.05926666666666677,-0.037800000000000056,0,0,263,-1
1652,-576457017055,1.5329979294900442,2.99149668618786,-0.012372925100274114,0.3763780122937548,0,301058,0.01,-0.3892836573000003,0.0029022884999999774,0,-0.04176666666666676,-0.04654999999999998,0,0,263,-1
1653,-576457017055,1.5328764397884664,2.9952476145584326,-0.011925015215274113,0.37380766182075476,0,301068,0.01,-0.25703504730000026,0.04479098849999998,0,-0.19926666666666676,-0.15155000000000007,0,0,263,-1
1654,-576457017054,1.5327617929052386,2.998979122729275,-0.011004361430274114,0.3724939723477548,0,301078,0.01,-0.13136894730000023,0.09206537849999998,0,0.001983333333333226,0.07594999999999996,0,0,263,-1
1655,-576457017054,1.532659224927861,3.002697823130888,-0.009509234045274114,0.37124610797475477,0,301088,0.01,-0.12478643730000026,0.14951273849999996,0,-0.04176666666666676,0.032200000000000006,0,0,263,-1
1656,-576457017054,1.5325712192578331,3.00639644508177,-0.008091899960274115,0.36847828220175477,0,301098,0.01,-0.2767825773000003,0.1417334085,0,-0.11176666666666678,0.24219999999999997,0,0,263,-1
1657,-576457017054,1.5324986735101553,3.0100526080479226,-0.006417249575274115,0.3627543110287548,0,301108,0.01,-0.5723971173000003,0.1674650385,0,0.03698333333333326,0.11969999999999992,0,0,263,-1
1658,-576457017050,1.5324440710863276,3.0136442007798454,-0.0045032351902741154,0.35556423535575477,0,301118,0.01,-0.7190075673000003,0.19140143849999997,0,-0.12051666666666677,0.11094999999999988,0,0,263,-1
1659,-576457017040,1.5367956086230319,3.0201595370526824,3.258389403494096e-4,0.3488760205551784,0,301129,0.011,-0.7997929173000005,0.22072352849999996,0,-0.16426666666666678,0.11094999999999988,0,1,264,2
1660,-576457017031,1.5368110102473602,3.023608636737869,0.0027544859253494096,0.3409439164821784,0,301139,0.01,-0.7932104073000004,0.24286469849999998,0,-0.2517666666666668,0.09345000000000003,0,0,264,-1
1661,-576457017021,1.5368528226970388,3.0269827239343257,0.0056080040103494095,0.3338735228091784,0,301149,0.01,-0.7070393673000002,0.28535180849999997,0,-0.3042666666666668,-0.2128,0,0,264,-1
1662,-576457017011,1.5369244269885673,3.030285538704552,0.00871285429534941,0.32668943123617844,0,301159,0.01,-0.7184091573000003,0.31048502850000004,0,-0.22551666666666678,-0.1078,0,0,264,-1
1663,-576457017001,1.5370248058249458,3.033509092275049,0.01136291298034941,0.31802128286317843,0,301169,0.01,-0.8668148373000003,0.2650058685,0,-0.17301666666666676,-0.09030000000000005,0,0,264,-1
1664,-576457016991,1.5371468680476743,3.0366349236973154,0.013049531565349411,0.30714500159017843,0,301179,0.01,-1.0876281273000001,0.1686618585,0,-0.02426666666666677,-0.11655000000000004,0,0,264,-1
1665,-576457016981,1.5372807698122528,3.039647025503852,0.01373082135034941,0.29527535971717844,0,301189,0.01,-1.1869641873,0.06812897849999998,0,-0.07676666666666676,-0.2128,0,0,264,-1
1666,-576457016971,1.5433559572604183,3.046293103960305,0.016579538310845063,0.286332424104206,0,301199,0.01,-1.1929482873000004,-0.03838800150000003,0,-0.2867666666666668,-0.06405000000000005,0,1,266,2
1667,-576457016961,1.5435179482519517,3.0491021066359822,0.01581865999584506,0.275468111031206,0,301209,0.01,-1.0864313073000005,-0.07608783150000002,0,-0.37426666666666675,-0.16905000000000003,0,0,266,-1
1668,-576457016951,1.543673886326335,3.0518080014734292,0.01536895488084506,0.26571085645820597,0,301219,0.01,-0.9757254573000005,-0.04497051150000001,0,-0.2517666666666668,-0.22155000000000002,0,0,266,-1
1669,-576457016941,1.5438276611485684,3.054423833810646,0.015386009565845061,0.257455610985206,0,301229,0.01,-0.8255245473000002,0.0017054684999999801,0,-0.21676666666666677,-0.1603,0,0,266,-1
1670,-576457016931,1.543985705626152,3.0569652819896334,0.016222885950845062,0.25083402481220596,0,301239,0.01,-0.6621586173000004,0.08368763849999998,0,-0.29551666666666676,-0.19530000000000003,0,0,266,-1
1671,-576457016920,1.5441532558465854,3.0594497298208903,0.01728715813584506,0.24605554143920597,0,301249,0.01,-0.47784833730000026,0.10642721849999999,0,-0.36551666666666677,-0.06405000000000005,0,0,266,-1
1672,-576457016910,1.5413150832195353,3.064415276602868,0.01682015905419804,0.2449496687258129,0,301259,0.01,-0.2929396473000002,0.10403357849999997,0,-0.34801666666666675,-0.06405000000000005,0,1,267,1
1673,-576457016901,1.5414821134225023,3.066863141725261,0.01658588153919804,0.24462335575281288,0,301269,0.01,-0.032631297300000264,-0.02342775150000002,0,-0.2342666666666668,-0.09030000000000005,0,0,267,-1
1674,-576457016891,1.5416409663528192,3.069312171951924,0.01518470452419804,0.24518268957981287,0,301279,0.01,0.055933382699999756,-0.14011770150000002,0,-0.40051666666666674,0.014699999999999935,0,0,267,-1
1675,-576457016881,1.5417826957809861,3.071764970366357,0.013161181109198039,0.24537699330681287,0,301289,0.01,0.019430372699999733,-0.20235234150000006,0,-0.2867666666666668,0.07594999999999996,0,0,267,-1
1676,-576457016871,1.541904309657003,3.07420286657656,0.011161594094198039,0.24220224873381285,0,301299,0.01,-0.31747445730000023,-0.19995870150000006,0,-0.07676666666666676,0.11094999999999988,0,0,267,-1
1677,-576457016861,1.54200856066687,3.0765975557895326,0.00968860787919804,0.23673559386081286,0,301309,0.01,-0.5466654873000002,-0.14729862150000003,0,-0.18176666666666677,-0.14280000000000004,0,0,267,-1
1678,-576457016849,1.542103736789087,3.0789250417642755,0.00934661656419804,0.22876160108781285,0,301319,0.01,-0.7973992773000002,-0.03419913150000003,0,-0.05926666666666677,-0.2128,0,0,267,-1
1679,-576457016836,1.5348564158657465,3.0767805849869836,0.0051295469321174,0.21866123995796297,0,301329,0.01,-0.6561745173000004,-0.027018211500000014,0,0.05448333333333322,-0.09030000000000005,0,1,268,2
1680,-576457016825,1.5349205135431223,3.079579870114525,0.0047316342026174005,0.21199801043306296,0,301342,0.013,-0.5125561173000004,-0.030608671500000014,0,-0.22551666666666678,-0.055300000000000016,0,0,268,-1
1681,-576457016817,1.5349685374664253,3.081887934529972,0.0039999882161174,0.20765006510276296,0,301353,0.011,-0.3952677573000003,-0.06651327150000001,0,-0.15551666666666678,-0.1078,0,0,268,-1
1682,-576457016808,1.5350024252273944,3.083739128750586,0.0035306253326174,0.20372642836706295,0,301362,0.009,-0.4359596373000003,-0.05215143150000003,0,-0.21676666666666677,0.05844999999999989,0,0,268,-1
1683,-576457016798,1.5350326405076455,3.0857528297428916,0.0025124307176174,0.19901377009406296,0,301372,0.01,-0.47126582730000033,-0.10181946150000004,0,-0.15551666666666678,0.014699999999999935,0,0,268,-1
1684,-576457016788,1.5350532124107468,3.087719912800967,0.0016019499026173997,0.19440284152106296,0,301382,0.01,-0.46109285730000027,-0.09104808150000002,0,-0.2605166666666668,-0.07279999999999998,0,0,268,-1
1685,-576457016778,1.5326039374913454,3.0916364715547795,4.7912326305603195e-5,0.19090772068689774,0,301392,0.01,-0.4934069973000004,-0.034797541500000036,0,-0.20801666666666677,-0.07279999999999998,0,1,269,1
1686,-576457016768,1.5326026468170335,3.093520220160783,-3.060471886943972e-4,0.18584200051389774,0,301402,0.01,-0.5065720173000003,-0.035395951500000036,0,-0.20801666666666677,0.014699999999999935,0,0,269,-1
1687,-576457016758,1.5325980559115715,3.0953542989415572,-6.121339036943973e-4,0.18097375564089774,0,301412,0.01,-0.4868244873000003,-0.030608671500000014,0,-0.37426666666666675,-0.09030000000000005,0,0,269,-1
1688,-576457016748,1.5325867837584595,3.097138438612601,-0.0016422967186943977,0.17585417856789773,0,301422,0.01,-0.5119577073000003,-0.10301628150000004,0,-0.33926666666666677,-0.020299999999999985,0,0,269,-1
1689,-576457016738,1.5325640430776977,3.0988726092534153,-0.002905839433694398,0.17097994959489773,0,301432,0.01,-0.4874228973000003,-0.12635427150000003,0,-0.15551666666666678,-0.14280000000000004,0,0,269,-1
1690,-576457016728,1.5325299834717856,3.1005547164289995,-0.003906081748694398,0.16544148552189772,0,301442,0.01,-0.5538464073000003,-0.10002423150000002,0,-0.2780166666666668,-0.16905000000000003,0,0,269,-1
1691,-576457016718,1.5324896615052237,3.1021779083448533,-0.004158311563694398,0.15919689764889772,0,301452,0.01,-0.6244587873000003,-0.025222981500000023,0,-0.2517666666666668,-0.17780000000000007,0,0,269,-1
1692,-576457016707,1.5180071800856383,3.095366899967077,-0.012047787136664961,0.14515213360974882,0,301462,0.01,-0.7243932573000003,-0.021632521500000022,0,-0.42676666666666674,-0.22155000000000002,0,1,270,2
1693,-576457016698,1.5178852615421967,3.0967831890168096,-0.012335921551664962,0.1381056763367488,0,301472,0.01,-0.7046457273000003,-0.028813441500000023,0,-0.2780166666666668,-0.1603,0,0,270,-1
1694,-576457016688,1.5177605214956051,3.0981364936188123,-0.012612087766664962,0.1325552440637488,0,301482,0.01,-0.5550432273000002,-0.027616621500000015,0,-0.20801666666666677,-0.02905000000000002,0,0,270,-1
1695,-576457016678,1.5176344858913635,3.099443299968585,-0.012595033081664962,0.1288060258907488,0,301492,0.01,-0.3749218173000004,0.0017054684999999801,0,-0.4092666666666668,0.0059499999999999,0,0,270,-1
1696,-576457016668,1.5175079925034718,3.1007225178221276,-0.012703644496664963,0.1270375448177488,0,301502,0.01,-0.17684810730000025,-0.010861141500000029,0,-0.6892666666666668,-0.14280000000000004,0,0,270,-1
1697,-576457016658,1.5173803531604302,3.10198324301144,-0.012824224111664962,0.12510749304474877,0,301512,0.01,-0.19300517730000022,-0.012057961500000026,0,-0.4530166666666668,-0.33530000000000004,0,0,270,-1
1698,-576457016645,1.5172506403267385,3.1032182048550223,-0.013118342626664963,0.12188487567174877,0,301522,0.01,-0.32226173730000024,-0.029411851500000023,0,-0.42676666666666674,-0.18655,0,0,270,-1
1699,-576457016638,1.5128676312854703,3.1076455376638017,-0.015722643840886036,0.1200345274884299,0,301531,0.009,-0.47306105730000025,-0.06172599150000003,0,-0.14676666666666677,-0.06405000000000005,0,1,271,1
1700,-576457016629,1.5127050745099864,3.1088186095053207,-0.016788711255886036,0.11457984081542989,0,301541,0.01,-0.5454686673000002,-0.10660674150000003,0,-0.46176666666666677,-0.15155000000000007,0,0,271,-1
1701,-576457016619,1.5125317074578526,3.10993854074361,-0.017884699170886035,0.10940640684242989,0,301551,0.01,-0.5173433973000005,-0.10959879150000003,0,-0.2605166666666668,-0.11655000000000004,0,0,271,-1
1702,-576457016609,1.5123473506060687,3.1110029377386694,-0.018986671185886036,0.10347299216942989,0,301561,0.01,-0.5933414673000004,-0.11019720150000001,0,-0.4705166666666668,-0.09030000000000005,0,0,271,-1
1703,-576457016598,1.5121511063396347,3.1119941174749988,-0.020262182100886036,0.09476295509642989,0,301571,0.01,-0.8710037073000003,-0.12755109150000005,0,-0.2342666666666668,-0.01154999999999995,0,0,271,-1
1704,-576457016589,1.5119413589515507,3.112891374966598,-0.021687295515886038,0.08468854322342989,0,301581,0.01,-1.0074411873000004,-0.14251134150000003,0,-0.3042666666666668,-0.04654999999999998,0,0,271,-1
1705,-576457016578,1.5117152959148168,3.1136824727289674,-0.023525311830886037,0.0735310092504299,0,301591,0.01,-1.1157533973000002,-0.18380163150000003,0,-0.32176666666666676,-0.0027999999999999137,0,0,271,-1
1706,-576457016569,1.493313380286925,3.1040235642203644,-0.03411712028241081,0.05478467135388768,0,301601,0.01,-1.0271887173000003,-0.10600833150000004,0,-0.21676666666666677,-0.037800000000000056,0,1,272,2
1707,-576457016558,1.4929690031025258,3.1045349818275385,-0.03475831659741081,0.04749885008088768,0,301611,0.01,-0.7285821273000004,-0.06411963150000002,0,-0.3830166666666668,-0.20405000000000006,0,0,272,-1
1708,-576457016549,1.4926197099799767,3.104994306048982,-0.03510030791241081,0.04436599420788768,0,301621,0.01,-0.3132855873000003,-0.03419913150000003,0,-0.42676666666666674,-0.09030000000000005,0,0,272,-1
1709,-576457016538,1.4922665481367776,3.105429662154696,-0.03553206072741081,0.04270522693488767,0,301631,0.01,-0.16607672730000025,-0.04317528150000002,0,-0.4092666666666668,0.014699999999999935,0,0,272,-1
1710,-576457016529,1.4919091585269284,3.10585194120668,-0.03594586124241081,0.04175058346188767,0,301641,0.01,-0.09546434730000028,-0.04138005150000003,0,-0.24301666666666677,0.11094999999999988,0,0,272,-1
1711,-576457016519,1.4915493363804293,3.106262280183934,-0.036018568057410806,0.040317211988887665,0,301651,0.01,-0.14333714730000024,-0.007270681500000021,0,-0.4180166666666668,-0.17780000000000007,0,0,272,-1
1712,-576457016509,1.4869071717443596,3.1098927161526286,-0.03764367771578941,0.040858417663560125,0,301661,0.01,-0.17804492730000024,0.04060211849999998,0,-0.3567666666666668,-0.13405,0,1,273,1
1713,-576457016500,1.4865702411511619,3.1102534249768854,-0.03722978743928941,0.03929909883786012,0,301670,0.009,-0.17325764730000026,0.04598780849999998,0,-0.14676666666666677,-0.09904999999999997,0,0,273,-1
1714,-576457016490,1.486200033223694,3.110638531015899,-0.03681179805428941,0.03772210896486011,0,301680,0.01,-0.15769898730000032,0.04179893849999998,0,-0.2342666666666668,-0.18655,0,0,273,-1
1715,-576457016480,1.485833765826076,3.111011068649683,-0.036441681469289416,0.03678541779186011,0,301690,0.01,-0.09366911730000024,0.03701165849999998,0,-0.2780166666666668,-0.24780000000000002,0,0,273,-1
1716,-576457016470,1.4854720972093083,3.1113748677022364,-0.03589204188428942,0.03597439271886011,0,301700,0.01,-0.08110250730000028,0.05496395849999998,0,-0.26926666666666677,-0.36155000000000004,0,0,273,-1
1717,-576457016460,1.4851170619673904,3.11172965888906,-0.03511500649928942,0.03498384464586011,0,301710,0.01,-0.09905480730000026,0.07770353849999997,0,-0.26926666666666677,0.032200000000000006,0,0,273,-1
1718,-576457016449,1.4847708442968224,3.1120725100011537,-0.03412852761428942,0.0335863777728601,0,301720,0.01,-0.13974668730000026,0.09864788849999999,0,-0.2780166666666668,-0.16905000000000003,0,0,273,-1
1719,-576457016341,1.513554260177688,3.1287473066685916,-0.018126218511828066,0.045563491645824135,0,301730,0.01,-0.1499196573000003,0.0896717385,0,-0.4442666666666668,-0.12529999999999997,0,1,274,2
1721,-576457016340,1.5131986893316514,3.129642475682048,-0.017631333441828066,0.04418080549982413,0,301750,0.01,-0.04639472730000021,0.0046975184999999775,0,-0.3130166666666668,-0.19530000000000003,0,0,274,-1
1722,-576457016339,1.513022281747658,3.1300827120131816,-0.017650183356828067,0.043866460726824125,0,301760,0.01,-0.031434477300000256,-0.00188499150000002,0,-0.22551666666666678,0.11969999999999992,0,0,274,-1
1723,-576457016339,1.5128423046480148,3.130522138695585,-0.01834523657182807,0.04401887575382412,0,301770,0.01,0.015241502699999729,-0.06950532150000001,0,-0.3130166666666668,-0.09030000000000005,0,0,274,-1
1724,-576457016339,1.5126543896397215,3.130963448574258,-0.01923776508682807,0.04424309998082412,0,301780,0.01,0.02242242269999973,-0.08925285150000004,0,-0.4967666666666668,-0.15155000000000007,0,0,274,-1
1725,-576457016338,1.512457519425778,3.1314069408542013,-0.02013627770182807,0.04445535600782412,0,301790,0.01,0.021225602699999725,-0.08985126150000002,0,-0.33926666666666677,-0.1078,0,0,274,-1
1726,-576457016338,1.5122490610021848,3.1318534233889146,-0.02155540701682807,0.04484115093482412,0,301800,0.01,0.03857949269999976,-0.14191293150000003,0,-0.17301666666666676,-0.24780000000000002,0,0,274,-1
1727,-576457016338,1.5120259026369416,3.132303614270398,-0.02307626603182807,0.045197025361824114,0,301810,0.01,0.035587442699999756,-0.1520859015,0,-0.3042666666666668,-0.09904999999999997,0,0,274,-1
1728,-576457016338,1.5117816712635483,3.1327579024651513,-0.02577000864682807,0.04566061358882411,0,301820,0.01,0.04635882269999974,-0.26937426150000005,0,-0.22551666666666678,-0.2653,0,0,274,-1
1729,-576457016283,1.5115066127990051,3.1332173950316746,-0.02924168426182807,0.04623789971582411,0,301830,0.01,0.057728612699999744,-0.34716756150000005,0,-0.10301666666666677,-0.04654999999999998,0,0,274,-1
1730,-576457016283,1.5131351737892715,3.132151117621743,-0.03257262109247988,0.04587870315944398,0,301839,0.009,0.07867296269999977,-0.4686447915000001,0,-0.18176666666666677,0.05844999999999989,0,1,275,1
1731,-576457016283,1.5127795525107717,3.1326139579834726,-0.03855163460747988,0.04668936918644398,0,301849,0.01,0.08106660269999977,-0.5979013515,0,-0.11176666666666678,-0.14280000000000004,0,0,275,-1
1732,-576457016283,1.5123574688256218,3.133086819917472,-0.04586510242247988,0.047883017613443976,0,301859,0.01,0.11936484269999975,-0.7313467815,0,-0.04176666666666676,0.02344999999999997,0,0,275,-1
1733,-576457016282,1.5119142151129936,3.1335231102998278,-0.05263572260597988,0.04907040068774397,0,301868,0.009,0.13193145269999976,-0.7522911314999999,0,0.08948333333333325,-0.020299999999999985,0,0,275,-1
1734,-576457016282,1.5113523078448587,3.13402059040234,-0.05974573102097988,0.05042561981474397,0,301878,0.01,0.13552191269999977,-0.7110008415,0,-0.18176666666666677,-0.09030000000000005,0,0,275,-1
1735,-576457016281,1.5107230704755739,3.134531802219122,-0.06610174283597989,0.05181674354174397,0,301888,0.01,0.13911237269999976,-0.6356011815,0,-0.03301666666666678,-0.02905000000000002,0,0,275,-1
1736,-576457016272,1.5233789188866242,3.142274466534399,-0.06601079531824708,0.05892353123308615,0,301898,0.01,0.11338074269999976,-0.6721041915,0,-0.2342666666666668,-0.18655,0,1,276,2
1737,-576457016261,1.5226842781883667,3.1428701787373647,-0.07291734433324708,0.06021890936008615,0,301908,0.01,0.12953781269999975,-0.6906549015,0,-0.32176666666666676,0.11094999999999988,0,0,276,-1
1738,-576457016252,1.5219217388994593,3.143481926533101,-0.07959051344824708,0.06213064978708615,0,301918,0.01,0.1911740426999998,-0.6673169115,0,-0.04176666666666676,-0.04654999999999998,0,0,276,-1
1739,-576457016242,1.5210959686179018,3.144110218570107,-0.08556354286324708,0.06352775761408615,0,301928,0.01,0.13971078269999976,-0.5973029415000001,0,-0.2342666666666668,0.02344999999999997,0,0,276,-1
1740,-576457016231,1.5213994000962716,3.143852498586693,-0.09002138467546908,0.06367696086968884,0,301938,0.01,0.07927137269999975,-0.5003605215,0,-0.2605166666666668,0.04095000000000004,0,1,277,1
1741,-576457016222,1.520473958779942,3.144491436534025,-0.09506687859046908,0.06411062859668884,0,301948,0.01,0.043366772699999744,-0.5045493915,0,-0.15551666666666678,-0.16905000000000003,0,0,277,-1
1742,-576457016211,1.5195015632229625,3.1451359977401268,-0.09941223280546908,0.06480161262368883,0,301958,0.01,0.06909840269999978,-0.4345354215,0,-0.20801666666666677,-0.0027999999999999137,0,0,277,-1
1743,-576457016202,1.5184766482123326,3.1457808264354985,-0.10557076932046908,0.06416412645068884,0,301968,0.01,-0.06374861730000021,-0.6158536514999999,0,-0.21676666666666677,0.0059499999999999,0,0,277,-1
1744,-576457016192,1.517385749523053,3.1464230203316403,-0.11260896853546908,0.06427465277768883,0,301978,0.01,0.01105263269999976,-0.7038199215,0,-0.3917666666666668,0.07594999999999996,0,0,277,-1
1745,-576457016182,1.5162244987621232,3.147068024959552,-0.11964118365046908,0.06472627280468883,0,301988,0.01,0.04516200269999977,-0.7032215115,0,-0.15551666666666678,-0.1603,0,0,277,-1
1746,-576457016172,1.5182250839354865,3.1493834619850154,-0.1254652535618088,0.06622454563027488,0,301998,0.01,0.01105263269999976,-0.7457086215000001,0,-0.20801666666666677,-0.19530000000000003,0,1,278,2
1747,-576457016162,1.5169297051112933,3.150043716830453,-0.13361051127680879,0.06582642345727488,0,302008,0.01,-0.03981221730000023,-0.8145257715,0,-0.08551666666666677,-0.14280000000000004,0,0,278,-1
1748,-576457016032,1.5155569428979503,3.150701336876661,-0.14094193139180877,0.06569758578427488,0,302018,0.01,-0.012883767300000253,-0.7331420115,0,-0.3130166666666668,0.0059499999999999,0,0,278,-1
1749,-576457016032,1.5140996163754572,3.151349679772639,-0.15052337310680877,0.06397099341127488,0,302028,0.01,-0.1726592373000003,-0.9581441715,0,-0.18176666666666677,-0.27405,0,0,278,-1
1750,-576457016031,1.5127071675451702,3.15191798977334,-0.15890970029030876,0.062320117855574876,0,302037,0.009,-0.18343061730000024,-0.9318141314999999,0,-0.18176666666666677,-0.15155000000000007,0,0,278,-1
1751,-576457016031,1.5110771348101921,3.1525346823455305,-0.16709684670530878,0.06101839658257487,0,302047,0.01,-0.13017212730000022,-0.8187146415,0,-0.12051666666666677,-0.22155000000000002,0,0,278,-1
1752,-576457016031,1.509371693439064,3.153141589118991,-0.17399142752030877,0.06036295810957487,0,302057,0.01,-0.06554384730000024,-0.6894580814999999,0,-0.19051666666666678,0.07594999999999996,0,0,278,-1
1753,-576457016030,1.507600896719786,3.153745412285722,-0.18016791633530876,0.060401675236574866,0,302067,0.01,0.0038717126999997594,-0.6176488815,0,-0.3305166666666668,-0.23904999999999998,0,0,278,-1
1754,-576457016030,1.505770339785858,3.1543505800797225,-0.18594347045030876,0.060631883563574865,0,302077,0.01,0.02302083269999975,-0.5775554115000001,0,-0.02426666666666677,-0.22155000000000002,0,0,278,-1
1755,-576457016030,1.5038858870552798,3.154957002739493,-0.19094707566530877,0.06065264839057486,0,302087,0.01,0.002076482699999768,-0.5003605215,0,0.01948333333333324,-0.04654999999999998,0,0,278,-1
1756,-576457016030,1.5019522061260517,3.1555591449725338,-0.19578911018030878,0.05977579821757486,0,302097,0.01,-0.08768501730000025,-0.48420345150000005,0,-0.2780166666666668,-0.20405000000000006,0,0,278,-1
1757,-576457016029,1.4999643900361737,3.156150902996844,-0.2017741077953088,0.05857580664457486,0,302107,0.01,-0.11999915730000024,-0.5984997615000001,0,-0.15551666666666678,-0.0027999999999999137,0,0,278,-1
1758,-576457016029,1.4979180404721455,3.156730601264425,-0.2074958050103088,0.05736384687157486,0,302117,0.01,-0.12119597730000022,-0.5721697215,0,0.02823333333333322,0.09345000000000003,0,0,278,-1
1759,-576457016029,1.4958146833794674,3.1572983893777757,-0.21317561352530878,0.05619377579857485,0,302127,0.01,-0.11700710730000025,-0.5679808515000001,0,-0.050516666666666765,0.032200000000000006,0,0,278,-1
1760,-576457016028,1.4936486039426393,3.1578522626633965,-0.22004027384030878,0.05458088132557485,0,302137,0.01,-0.16128944730000028,-0.6864660315000001,0,0.001983333333333226,-0.15155000000000007,0,0,278,-1
1761,-576457016022,1.4918274809092102,3.158087977446022,-0.22652070263002616,0.05545240684337091,0,302147,0.01,0.10979028269999977,-0.6667185015,0,-0.32176666666666676,0.032200000000000006,0,1,279,1
1762,-576457016013,1.4986926001268575,3.1634314061438276,-0.22909621296515556,0.06069234664401242,0,302157,0.01,0.12654576269999976,-0.7151897115,0,-0.15551666666666678,-0.11655000000000004,0,1,280,2
1763,-576457016003,1.4963717429296308,3.1640418742919025,-0.23507522648015555,0.06140128297101242,0,302167,0.01,0.07089363269999978,-0.5979013515,0,-0.17301666666666676,0.1721999999999999,0,0,280,-1
1764,-576457015994,1.4942299605093836,3.164593333920336,-0.24087642246365557,0.06114530112531241,0,302176,0.009,-0.02844242730000026,-0.6445773315000001,0,-0.07676666666666676,-0.16905000000000003,0,0,280,-1
1765,-576457015984,1.491779901506672,3.165208780420724,-0.24913537807865557,0.06194399895231241,0,302186,0.01,0.07986978269999977,-0.8258955615,0,-0.03301666666666678,0.02344999999999997,0,0,280,-1
1766,-576457015974,1.494230396366276,3.162238949171107,-0.25486367780990465,0.06114943540301194,0,302196,0.01,0.17800902269999977,-0.7983687015,0,-0.050516666666666765,-0.13405,0,1,281,1
1767,-576457015964,1.491911293423421,3.162795218968088,-0.26049253171340464,0.062466075037311934,0,302205,0.009,0.14629329269999974,-0.6254282114999999,0,0.010733333333333234,-0.09030000000000005,0,0,281,-1
1768,-576457015955,1.489278956440212,3.1634268054165964,-0.26597486492840466,0.06385121466431193,0,302215,0.01,0.13851396269999977,-0.5482333215,0,-0.10301666666666677,-0.055300000000000016,0,0,281,-1
1769,-576457015945,1.486598558157853,3.1640705677133747,-0.27010479154340467,0.06490124469131192,0,302225,0.01,0.10500300269999979,-0.4129926615,0,-0.20801666666666677,0.12844999999999995,0,0,281,-1
1770,-576457015935,1.4838847596213438,3.1647199233484224,-0.27265491575840467,0.06496988231831193,0,302235,0.01,0.006863762699999757,-0.25501242150000003,0,-0.08551666666666677,0.20720000000000005,0,0,281,-1
1771,-576457015924,1.4811484518926847,3.1653671229122406,-0.2746066299734047,0.06447003044531192,0,302245,0.01,-0.04998518730000026,-0.19517142150000003,0,-0.2517666666666668,0.05844999999999989,0,0,281,-1
1772,-576457015916,1.4783928364653758,3.1660130340993287,-0.2765164554884047,0.06471220697231192,0,302255,0.01,0.02421765269999972,-0.19098255150000001,0,-0.19051666666666678,0.02344999999999997,0,0,281,-1
1773,-576457015904,1.4779867939068139,3.167880483271656,-0.2777674966992552,0.06603096206215812,0,302265,0.01,0.030201752699999782,-0.24244581150000005,0,-0.1380166666666668,-0.01154999999999995,0,1,282,2
1774,-576457015895,1.4751945132477464,3.168541046318912,-0.28068863511425524,0.06608164738915812,0,302275,0.01,0.005068532699999765,-0.2921138415000001,0,-0.07676666666666676,-0.1078,0,0,282,-1
1775,-576457015828,1.472374038501529,3.1691990643284385,-0.2834063141292552,0.06552195451615811,0,302285,0.01,-0.05596928730000025,-0.2717679015,0,-0.19926666666666676,-0.01154999999999995,0,0,282,-1
1776,-576457015828,1.4695295585381614,3.169849480735735,-0.2854896785442552,0.06456132694315811,0,302295,0.01,-0.09606275730000026,-0.20833644150000005,0,-0.24301666666666677,0.032200000000000006,0,0,282,-1
1777,-576457015827,1.4666614623241438,3.170491308164302,-0.28812956425925523,0.0638041587701581,0,302305,0.01,-0.07571681730000027,-0.26398857150000005,0,-0.1380166666666668,0.10220000000000007,0,0,282,-1
1778,-576457015827,1.4637659200354762,3.1711242174886385,-0.2909788934742552,0.0627777060971581,0,302315,0.01,-0.10264526730000025,-0.2849329215,0,0.02823333333333322,-0.037800000000000056,0,0,282,-1
1779,-576457015826,1.4608445473791587,3.171748448072745,-0.2932956377892552,0.0620684107241581,0,302325,0.01,-0.07092953730000032,-0.23167443150000003,0,-0.12926666666666675,0.11094999999999988,0,0,282,-1
1780,-576457015826,1.4579050339236912,3.1723690564811218,-0.29460705330425524,0.0620532709511581,0,302335,0.01,-0.0015139773000002494,-0.13114155150000004,0,-0.11176666666666678,0.05844999999999989,0,0,282,-1
1781,-576457015825,1.4549558770910735,3.1729889150817683,-0.29522431321925524,0.06191844917815809,0,302345,0.01,-0.013482177300000273,-0.06172599150000003,0,0.010733333333333234,0.032200000000000006,0,0,282,-1
1782,-576457015814,1.4593437663291173,3.16839686494843,-0.29323540207668886,0.05790611153367267,0,302355,0.01,-0.026048787300000247,-0.13173996150000006,0,-0.10301666666666677,-0.11655000000000004,0,1,283,1
1783,-576457015805,1.4563966869342755,3.168978453448402,-0.29618047689168886,0.05841158846067267,0,302365,0.01,0.050547692699999744,-0.29450748150000006,0,-0.12926666666666675,0.06719999999999993,0,0,283,-1
1784,-576457015797,1.4537180444870246,3.169509113198702,-0.29907340027518886,0.059512800494972665,0,302374,0.009,0.12235689269999975,-0.32143593150000005,0,-0.2342666666666668,0.04970000000000008,0,0,283,-1
1785,-576457015786,1.4507128843151975,3.170112573165287,-0.30195863409018886,0.061179192821972664,0,302384,0.01,0.16663923269999975,-0.2885233815,0,-0.37426666666666675,-0.08155000000000001,0,0,283,-1
1786,-576457015774,1.4484653028132446,3.1711383861703673,-0.3036338672535093,0.06302364849118192,0,302394,0.01,0.15048216269999976,-0.20594280150000008,0,-0.20801666666666677,-0.0027999999999999137,0,1,284,2
1787,-576457015725,1.4454161835991344,3.171774201930914,-0.30618997556850935,0.06413950361818191,0,302404,0.01,0.11158551269999976,-0.2556108315,0,-0.2517666666666668,-0.02905000000000002,0,0,284,-1
1788,-576457015724,1.4423386608543742,3.172417795226231,-0.3093145733835094,0.0645791554451819,0,302414,0.01,0.043965182699999765,-0.31245978150000003,0,-0.05926666666666677,0.1634500000000001,0,0,284,-1
1789,-576457015724,1.4392290842779643,3.1730600702243175,-0.3126007418985094,0.06387584417218191,0,302424,0.01,-0.07033112730000018,-0.3286168515000001,0,-0.09426666666666678,-0.13405,0,0,284,-1
1790,-576457015723,1.436085269673404,3.173693726323174,-0.3161621790135094,0.0628553755991819,0,302434,0.01,-0.10204685730000025,-0.3561437115,0,-0.21676666666666677,0.05844999999999989,0,0,284,-1
1791,-576457015723,1.432907037517694,3.1743175068618013,-0.3194842521285094,0.0619007321261819,0,302444,0.01,-0.09546434730000028,-0.33220731150000005,0,1.9794833333333333,-0.0027999999999999137,0,0,284,-1
1792,-576457015716,1.4297018978563338,3.174934134605698,-0.32154368014350937,0.0614248166531819,0,302454,0.01,-0.04759154730000025,-0.20594280150000008,0,-0.08551666666666677,0.1372,0,0,284,-1
1793,-576457015706,1.4264770016888237,3.1755462425588648,-0.3234355533585094,0.0609967739801819,0,302464,0.01,-0.042804267300000226,-0.1891873215,0,-0.20801666666666677,0.05844999999999989,0,0,284,-1
1794,-576457015696,1.4358195399924636,3.1675010760746996,-0.3194622670074505,0.05413939388095667,0,302474,0.01,-0.06075656730000021,-0.16764456150000004,0,-0.15551666666666678,0.04970000000000008,0,1,285,1
1795,-576457015686,1.432615667399814,3.1680397912311444,-0.3213122515224505,0.053603637407956664,0,302484,0.01,-0.053575647300000244,-0.18499845150000002,0,-0.21676666666666677,0.04970000000000008,0,0,285,-1
1796,-576457015676,1.4293901233890145,3.168573717312359,-0.3237965506374505,0.05318157883495666,0,302494,0.01,-0.04220585730000024,-0.24842991150000004,0,-0.2517666666666668,-0.055300000000000016,0,0,285,-1
1797,-576457015666,1.426140843445565,3.1691031834438435,-0.3260594380524505,0.052711647461956654,0,302504,0.01,-0.046993137300000265,-0.22628874150000003,0,-0.3567666666666668,0.014699999999999935,0,0,285,-1
1798,-576457015657,1.423194962604612,3.1695797081593704,-0.3285807488259505,0.05318273376625665,0,302513,0.009,0.05234292269999974,-0.28014564150000004,0,-0.18176666666666677,0.11094999999999988,0,0,285,-1
1799,-576457015647,1.4198975713947775,3.1701179226261678,-0.3308974931409505,0.054460159593256646,0,302523,0.01,0.12774258269999975,-0.23167443150000003,0,-0.3305166666666668,-0.07279999999999998,0,0,285,-1
1800,-576457015637,1.416581141770793,3.1706702278532353,-0.3323884316559505,0.05600088582025664,0,302533,0.01,0.15407262269999977,-0.1490938515,0,-0.3567666666666668,-0.04654999999999998,0,0,285,-1
1801,-576457015628,1.4038347087466818,3.1659470902346523,-0.33798432885751906,0.05249021334813229,0,302542,0.009,0.09483003269999975,-0.09404013150000003,0,-0.3305166666666668,0.014699999999999935,0,1,286,2
1802,-576457015617,1.4004472611630316,3.1664741307862685,-0.33950518787251904,0.052917896975132286,0,302552,0.01,0.04276836269999976,-0.1520859015,0,-0.36551666666666677,-0.0027999999999999137,0,0,286,-1
1803,-576457015608,1.3970438270562315,3.1670047600026545,-0.34118163348751906,0.053207946302132283,0,302562,0.01,0.029004932699999778,-0.16764456150000004,0,-0.17301666666666676,0.06719999999999993,0,0,286,-1
1804,-576457015598,1.3936193199412814,3.167533442591311,-0.3437197895025191,0.05252857142913228,0,302572,0.01,-0.06793748730000025,-0.25381560150000004,0,-0.4792666666666668,0.20720000000000005,0,0,286,-1
1805,-576457015588,1.3901678454796813,3.1680542542932373,-0.3465751028175191,0.05163376895613228,0,302582,0.01,-0.08948024730000029,-0.2855313315,0,-0.42676666666666674,-0.037800000000000056,0,0,286,-1
1806,-576457015578,1.386683180207431,3.1685671951084338,-0.3503579516325191,0.05095439408313228,0,302592,0.01,-0.06793748730000025,-0.37828488150000006,0,-0.37426666666666675,-0.07279999999999998,0,0,286,-1
1807,-576457015568,1.383166760308531,3.1690738807439,-0.3529260281475191,0.050382733010132276,0,302602,0.01,-0.05716610730000023,-0.25680765150000007,0,-0.1380166666666668,-0.020299999999999985,0,0,286,-1
1808,-576457015557,1.3848596990304152,3.166099524431801,-0.35166609032133667,0.047316019370479585,0,302612,0.01,-0.05477246730000022,-0.10840197150000003,0,-0.3130166666666668,0.05844999999999989,0,1,287,1
1809,-576457015548,1.381341866739627,3.166570394809641,-0.35190036783633666,0.04685805619747958,0,302622,0.01,-0.04579631730000022,-0.02342775150000002,0,-0.07676666666666676,0.032200000000000006,0,0,287,-1
1810,-576457015538,1.3778217215941884,3.1670383611037507,-0.3521286612513367,0.04673520262447958,0,302632,0.01,-0.012285357300000233,-0.022829341500000027,0,-0.05926666666666677,-0.055300000000000016,0,0,287,-1
1811,-576457015528,1.3742960920211,3.1675039020421303,-0.3529972533663367,0.04637298505147958,0,302642,0.01,-0.03622175730000025,-0.08685921150000002,0,-0.12051666666666677,-0.055300000000000016,0,0,287,-1
1812,-576457015518,1.3707562412343617,3.1679640554952804,-0.3549729039813367,0.04565770557847958,0,302652,0.01,-0.0715279473000003,-0.19756506150000006,0,0.02823333333333322,0.09345000000000003,0,0,287,-1
1813,-576457015508,1.3671990575019732,3.1684193600322,-0.35646384249633667,0.045403201805479576,0,302662,0.01,-0.025450377300000264,-0.1490938515,0,-0.11176666666666678,-0.04654999999999998,0,0,287,-1
1814,-576457015498,1.358237508091353,3.1658744977167097,-0.3597681964421397,0.042406552412203646,0,302672,0.01,-0.05058359730000025,-0.06950532150000001,0,0.02823333333333322,0.04970000000000008,0,1,288,2
1815,-576457015488,1.3546394925133565,3.1662975001654665,-0.3598349191571397,0.042193937339203645,0,302682,0.01,-0.02126150730000026,-0.0066722715000000175,0,-0.22551666666666678,0.07594999999999996,0,0,288,-1
1816,-576457015478,1.35104347263271,3.1667201118524937,-0.3593690569721397,0.04232840006620364,0,302692,0.01,0.013446272699999737,0.046586218499999985,0,-0.15551666666666678,-0.037800000000000056,0,0,288,-1
1817,-576457015468,1.3474517822484138,3.1671433500747908,-0.3589690198871397,0.04231924439320364,0,302702,0.01,-9.155673000002296e-4,0.04000370849999998,0,-0.14676666666666677,0.1372,0,0,288,-1
1818,-576457015456,1.3438551460054673,3.1675612606528576,-0.3603582287021397,0.04126287122020364,0,302712,0.01,-0.10563731730000024,-0.13892088150000004,0,0.01948333333333324,0.05844999999999989,0,0,288,-1
1819,-576457015448,1.340236539139371,3.167968457896695,-0.3633631445171397,0.040176577547203635,0,302722,0.01,-0.10862936730000024,-0.30049158150000005,0,-0.09426666666666678,0.032200000000000006,0,0,288,-1
1820,-576457015438,1.3365865666131245,3.1683668866388017,-0.3666313607321397,0.03950917087420363,0,302732,0.01,-0.06674066730000021,-0.32682162150000005,0,0.04573333333333324,0.1634500000000001,0,0,288,-1
1821,-576457015428,1.3419344002680087,3.1629756477142554,-0.36442905431070327,0.03497747411830073,0,302742,0.01,-0.032631297300000264,-0.18440004150000003,0,-0.05926666666666677,0.0847,0,1,289,1
1822,-576457015417,1.3382876517558266,3.1633231027190734,-0.3649206481257033,0.03451352684530073,0,302752,0.01,-0.04639472730000021,-0.049159381500000016,0,-0.16426666666666678,0.04095000000000004,0,0,289,-1
1823,-576457015408,1.3346414029159948,3.1636650505566615,-0.3643291198407033,0.033876040672300725,0,302762,0.01,-0.06374861730000021,0.05915282849999998,0,-0.1380166666666668,0.07594999999999996,0,0,289,-1
1824,-576457015398,1.3310077117100128,3.1640055005740195,-0.3624091213557033,0.03421396279930072,0,302772,0.01,0.03379221269999977,0.1919998485,0,-0.03301666666666678,-0.01154999999999995,0,0,289,-1
1825,-576457015389,1.3273904378823806,3.1643490006871478,-0.3610456441707033,0.03448605982630072,0,302782,0.01,0.027209702699999786,0.1363477185,0,-0.22551666666666678,0.06719999999999993,0,0,289,-1
1826,-576457015378,1.3237873373955986,3.1646945335990457,-0.3595744531857033,0.03462052255330072,0,302792,0.01,0.013446272699999737,0.1471190985,0,-0.015516666666666762,0.1634500000000001,0,0,289,-1
1827,-576457015367,1.3201964055761666,3.1650422489122136,-0.3586119107007033,0.03492254008030072,0,302802,0.01,0.030201752699999782,0.09625424849999997,0,-0.11176666666666678,-0.02905000000000002,0,0,289,-1
1828,-576457015357,1.3187067799384962,3.166601325672284,-0.35725940394991257,0.0359263393014142,0,302812,0.01,2.8125269999974215e-4,0.03461801849999998,0,-0.015516666666666762,0.02344999999999997,0,1,290,2
1829,-576457015348,1.315132984590922,3.166960034638433,-0.3574996655649126,0.0358154539284142,0,302822,0.01,-0.011088537300000227,-0.024026161500000014,0,-0.10301666666666677,0.18969999999999998,0,0,290,-1
1830,-576457015338,1.311552956803198,3.167320926005852,-0.35850589197991256,0.03636281955541419,0,302832,0.01,0.05473656269999975,-0.10062264150000004,0,-0.14676666666666677,-0.04654999999999998,0,0,290,-1
1831,-576457015328,1.307964841504324,3.1676883382470415,-0.35911716779491254,0.03711962868241419,0,302842,0.01,0.07568091269999977,-0.06112758150000002,0,-0.050516666666666765,-0.11655000000000004,0,0,290,-1
1832,-576457015317,1.3047323228823338,3.1680279520138575,-0.3592203037584125,0.038350097276714186,0,302851,0.009,0.13671873269999976,-0.011459551500000024,0,-0.03301666666666678,0.07594999999999996,0,0,290,-1
1833,-576457015308,1.3011396665491746,3.1684196951867594,-0.3593109628734125,0.039998537303714186,0,302861,0.01,0.16484400269999974,-0.00906591150000002,0,-0.2605166666666668,-0.04654999999999998,0,0,290,-1
1834,-576457015299,1.3048044978457536,3.164295434378213,-0.35629230201044537,0.03776585763683282,0,302871,0.01,0.10739664269999977,-0.024026161500000014,0,-0.06801666666666678,-0.1078,0,1,291,1
1835,-576457015289,1.301243604931574,3.1646760093057162,-0.3558862808254454,0.03834912786383282,0,302881,0.01,0.05832702269999973,0.04060211849999998,0,-0.18176666666666677,-0.07279999999999998,0,0,291,-1
1836,-576457015280,1.2976831817692447,3.1650628358224897,-0.3561983516404454,0.03901617549083282,0,302891,0.01,0.06670476269999977,-0.031207081500000015,0,-0.2517666666666668,0.0059499999999999,0,0,291,-1
1837,-576457015269,1.2941183213967653,3.165457798920033,-0.3567737228554454,0.03997644401783282,0,302901,0.01,0.09602685269999976,-0.057537121500000024,0,-0.09426666666666678,-0.055300000000000016,0,0,291,-1
1838,-576457015259,1.2905477073121359,3.165862693828347,-0.3573490940704454,0.04100253764483282,0,302911,0.01,0.10260936269999978,-0.057537121500000024,0,-0.24301666666666677,-0.037800000000000056,0,0,291,-1
1839,-576457015249,1.2869737331553566,3.1662819487814304,-0.35744573728544543,0.04284845297183282,0,302921,0.01,0.18459153269999976,-0.009664321500000024,0,-0.20801666666666677,0.02344999999999997,0,0,291,-1
1840,-576457015240,1.283398732725427,3.166719483364784,-0.35755434870044545,0.044658463698832813,0,302931,0.01,0.18100107269999977,-0.010861141500000029,0,-0.03301666666666678,-0.09030000000000005,0,0,291,-1
1841,-576457015228,1.271583870106223,3.1623010717657385,-0.36140931531891374,0.04208286597807742,0,302941,0.01,0.14389965269999974,0.0076895684999999745,0,-0.22551666666666678,0.1372,0,1,292,2
1842,-576457015219,1.2679667205739589,3.1627240089231545,-0.3620205911339137,0.04250456550507742,0,302951,0.01,0.04216995269999977,-0.06112758150000002,0,-0.03301666666666678,-0.09030000000000005,0,0,292,-1
1843,-576457015206,1.2643433685220449,3.1631484103898404,-0.3626498192489137,0.042375727832077416,0,302961,0.01,-0.012883767300000253,-0.06292281150000001,0,-0.015516666666666762,-0.18655,0,0,292,-1
1844,-576457015198,1.2607133950634808,3.163572391174296,-0.3633448724639137,0.04242042905907741,0,302971,0.01,0.004470122699999746,-0.06950532150000001,0,-0.05926666666666677,-0.1078,0,0,292,-1
1845,-576457015189,1.2570781167002665,3.1640006787155217,-0.3637108001789137,0.04323707918607741,0,302981,0.01,0.08166501269999976,-0.036592771500000024,0,-0.3567666666666668,0.05844999999999989,0,0,292,-1
1846,-576457015179,1.2534425600764023,3.1644365044275173,-0.3634005245939137,0.043928063213077406,0,302991,0.01,0.06909840269999978,0.031027558499999976,0,-0.3305166666666668,-0.037800000000000056,0,0,292,-1
1847,-576457015169,1.2498138163503882,3.1648773549882834,-0.3623482206089137,0.044242048940077404,0,303001,0.01,0.03139857269999975,0.10523039849999996,0,-0.2342666666666668,0.14595000000000002,0,0,292,-1
1848,-576457015159,1.243707444935767,3.166817477587264,-0.3629525930006585,0.044412985621708936,0,303011,0.01,-0.09307070730000026,0.05137349849999998,0,-0.1380166666666668,0.02344999999999997,0,1,293,1
1849,-576457015148,1.2400802483166855,3.167257522397616,-0.3624867308156585,0.04359597644870893,0,303021,0.01,-0.08170091730000026,0.046586218499999985,0,-0.26926666666666677,-0.14280000000000004,0,0,293,-1
1850,-576457015138,1.236452534072954,3.167691401789738,-0.3630561179306585,0.04317990197570893,0,303031,0.01,-0.04160744730000025,-0.056938711500000024,0,-0.09426666666666678,0.24219999999999997,0,0,293,-1
1851,-576457015129,1.2328224172130724,3.16812312511063,-0.3629672540456585,0.04316476220270893,0,303041,0.01,-0.0015139773000002494,0.008886388499999972,0,-0.24301666666666677,0.24219999999999997,0,0,293,-1
1852,-576457015119,1.2291954629500408,3.168556462343292,-0.3624235985606585,0.04350268432970893,0,303051,0.01,0.03379221269999977,0.05436554849999998,0,-0.12051666666666677,0.09345000000000003,0,0,293,-1
1853,-576457015105,1.2255828017098591,3.1689933882407235,-0.36010864947565846,0.043882495156708924,0,303061,0.01,0.03798108269999977,0.23149490849999999,0,-0.14676666666666677,0.10220000000000007,0,0,293,-1
1854,-576457015098,1.2219937686885274,3.1694339327234253,-0.35769795479065847,0.044226401383708924,0,303071,0.01,0.034390622699999755,0.2410694685,0,-0.2342666666666668,0.15470000000000006,0,0,293,-1
1855,-576457015089,1.2126189949737147,3.166252302238904,-0.35906919521925806,0.0414664114022791,0,303081,0.01,0.020627192699999738,0.13814294849999997,0,-0.03301666666666678,-0.11655000000000004,0,1,294,2
1856,-576457015079,1.209025456085947,3.1666641678885616,-0.35963858233425805,0.0409067185292791,0,303091,0.01,-0.05596928730000025,-0.056938711500000024,0,-0.19926666666666676,-0.15155000000000007,0,0,294,-1
1857,-576457015069,1.2054178455870295,3.1670683122539893,-0.36188351744925806,0.0399221545562791,0,303101,0.01,-0.09845639730000028,-0.22449351150000005,0,-0.19926666666666676,-0.037800000000000056,0,0,294,-1
1858,-576457015059,1.2017884739084619,3.167460905511187,-0.36399081826425805,0.0385964968832791,0,303111,0.01,-0.13256576730000022,-0.21073008150000005,0,-0.33926666666666677,0.04970000000000008,0,0,294,-1
1859,-576457015049,1.1981435944347443,3.167842665752155,-0.36498507647925804,0.03775555131027909,0,303121,0.01,-0.08409455730000027,-0.09942582150000003,0,-0.21676666666666677,0.06719999999999993,0,0,294,-1
1860,-576457015038,1.1944973595623767,3.1682146701148928,-0.36426189799425807,0.03664532123727909,0,303131,0.01,-0.11102300730000025,0.07231784849999998,0,-0.22551666666666678,-0.14280000000000004,0,0,294,-1
1861,-576457015029,1.1961118171890581,3.165526876265595,-0.3602964624590109,0.03348767793889662,0,303141,0.01,-0.09127547730000024,0.1596857085,0,-0.09426666666666678,0.02344999999999997,0,1,295,1
1862,-576457015019,1.192513246389893,3.165858475852619,-0.3594176973740109,0.03283223946589662,0,303151,0.01,-0.06554384730000024,0.08787650849999999,0,-0.2780166666666668,0.14595000000000002,0,0,295,-1
1863,-576457015007,1.1889189452460778,3.1661853462054133,-0.3594425313890109,0.032541831092896614,0,303161,0.01,-0.029040837300000247,-0.002483401500000023,0,-0.3130166666666668,0.09345000000000003,0,0,295,-1
1864,-576457014999,1.1853184415826126,3.1665063503449775,-0.3606582013040109,0.03165899681989661,0,303171,0.01,-0.08828342730000024,-0.12156699150000005,0,-0.09426666666666678,-0.020299999999999985,0,0,295,-1
1865,-576457014989,1.1817059607429974,3.1668161025813113,-0.3618379666190109,0.030291450446896608,0,303181,0.01,-0.13675463730000026,-0.11797653150000004,0,-0.05926666666666677,-0.020299999999999985,0,0,295,-1
1866,-576457014980,1.1784475250308954,3.167084471559588,-0.3622588582925109,0.029346100281196604,0,303190,0.009,-0.10503890730000025,-0.04676574150000002,0,-0.34801666666666675,0.06719999999999993,0,0,295,-1
1867,-576457014970,1.1748333096998953,3.167373817596035,-0.36058420790751095,0.028523107008196602,0,303200,0.01,-0.08229932730000025,0.1674650385,0,-0.40051666666666674,-0.17780000000000007,0,0,295,-1
1868,-576457014960,1.1624275287536732,3.1619808063282537,-0.36096422370385733,0.023767992325662242,0,303210,0.01,-0.013482177300000273,0.3775069485,0,-0.3830166666666668,0.1721999999999999,0,1,296,2
1869,-576457014950,1.1588339194165596,3.1622220907741454,-0.3577576437188573,0.02448889685266224,0,303220,0.01,0.07209045269999978,0.3206579985,0,-0.19926666666666676,0.14595000000000002,0,0,296,-1
1870,-576457014940,1.155265524084796,3.162470913390807,-0.35592142263385734,0.025275626479662236,0,303230,0.01,0.07867296269999977,0.1836221085,0,-0.3130166666666668,0.12844999999999995,0,0,296,-1
1871,-576457014930,1.1517131870853825,3.1627241624462386,-0.35454597724885734,0.025374184606662232,0,303240,0.01,0.009855812699999755,0.13754453849999998,0,-0.3130166666666668,0.014699999999999935,0,0,296,-1
1872,-576457014920,1.1481775068283189,3.16297636248894,-0.35259007416385735,0.02506582393366223,0,303250,0.01,-0.030836067300000238,0.19559030849999998,0,-0.2867666666666668,-0.02905000000000002,0,0,296,-1
1873,-576457014910,1.1446595305311054,3.163225808050412,-0.3510051852788573,0.024823288360662225,0,303260,0.01,-0.024253557300000256,0.1584888885,0,-0.2780166666666668,0.10220000000000007,0,0,296,-1
1874,-576457014898,1.1411567448717417,3.163476448636654,-0.3495519465938573,0.025304828887662223,0,303270,0.01,0.04815405269999977,0.14532386849999998,0,-0.14676666666666677,0.032200000000000006,0,0,296,-1
1875,-576457014889,1.1384484676979654,3.1632947113441623,-0.34718424166800455,0.025438951535745352,0,303280,0.01,0.04576041269999976,0.2015744085,0,-0.20801666666666677,0.07594999999999996,0,1,297,1
1876,-576457014880,1.1349889779597104,3.1635495936501545,-0.34471370598300455,0.025537509662745348,0,303290,0.01,0.009855812699999755,0.2470535685,0,-0.19926666666666676,0.12844999999999995,0,0,297,-1
1877,-576457014854,1.1315592202223053,3.163802738771917,-0.34123784149800457,0.025091514689745346,0,303300,0.01,-0.044599497300000256,0.34758644850000003,0,-0.2342666666666668,0.02344999999999997,0,0,297,-1
1878,-576457014853,1.1281657470752502,3.164052979809949,-0.33745678791300454,0.024956692916745345,0,303310,0.01,-0.013482177300000273,0.3781053585,0,-0.10301666666666677,0.15470000000000006,0,0,297,-1
1879,-576457014850,1.124808468757045,3.1643021419147512,-0.3339988757280045,0.024875728043745344,0,303320,0.01,-0.00809648730000023,0.3457912185,0,-0.16426666666666678,0.18969999999999998,0,0,297,-1
1880,-576457014835,1.12148322631819,3.164551900634324,-0.33104961204300454,0.02507601587074534,0,303330,0.01,0.02002878269999975,0.2949263685,0,-0.015516666666666762,0.05844999999999989,0,0,297,-1
1881,-576457014827,1.1045250069719779,3.1563957097948045,-0.33346947984841957,0.0185221153902181,0,303343,0.013,0.023619242699999734,0.27039155849999996,0,-0.20801666666666677,0.1634500000000001,0,1,298,2
1882,-576457014817,1.1012084993494187,3.1565821418313416,-0.3298320446634196,0.018764291917218096,0,303353,0.01,0.02421765269999972,0.3637435185,0,-0.09426666666666678,0.05844999999999989,0,0,298,-1
1883,-576457014804,1.0979417704627095,3.1567674051731487,-0.3235137326784196,0.01828837644421809,0,303363,0.01,-0.04759154730000025,0.6318311985,0,-0.1380166666666668,0.2771999999999999,0,0,298,-1
1884,-576457014797,1.0947436403063502,3.156947610155226,-0.3161122985934196,0.01775261997121809,0,303373,0.01,-0.053575647300000244,0.7401434085,0,-0.2867666666666668,-0.08155000000000001,0,0,298,-1
1885,-576457014787,1.0916139293573408,3.157121589878073,-0.3098298912084196,0.017043324598218085,0,303383,0.01,-0.07092953730000032,0.6282407385000002,0,0.001983333333333226,0.05844999999999989,0,0,298,-1
1886,-576457014777,1.0885371687171816,3.15728644205319,-0.30552223682341956,0.015927110425218084,0,303393,0.01,-0.11162141730000023,0.4307654385,0,-0.12926666666666675,0.09345000000000003,0,0,298,-1
1887,-576457014766,1.0855009413783723,3.1574412391450775,-0.3017232309384196,0.015032307952218082,0,303403,0.01,-0.08948024730000029,0.37990058849999997,0,-0.17301666666666676,-0.09904999999999997,0,0,298,-1
1888,-576457014757,1.0843500363995116,3.156592806694105,-0.29602721791706643,0.01404714376753623,0,303413,0.01,-0.024253557300000256,0.4858191585,0,-0.36551666666666677,0.06719999999999993,0,1,299,1
1889,-576457014747,1.0814075624297659,3.156732334738415,-0.2924675760320664,0.013858465094536228,0,303423,0.01,-0.018867867300000247,0.35596418850000006,0,-0.34801666666666675,-0.13405,0,0,299,-1
1890,-576457014737,1.0784982613183702,3.1568723097949953,-0.2893926462470664,0.014136546221536227,0,303433,0.01,0.027808112699999773,0.3074929785,0,-0.2605166666666668,0.11969999999999992,0,0,299,-1
1891,-576457014727,1.0756275486758247,3.1570216481728455,-0.2847498822620664,0.015731129348536224,0,303443,0.01,0.15945831269999977,0.46427639849999996,0,-0.07676666666666676,0.0059499999999999,0,0,299,-1
1892,-576457014717,1.0728069738151291,3.157185675720966,-0.2793650898770664,0.017074380275536222,0,303453,0.01,0.13432509269999976,0.5384792384999999,0,-0.20801666666666677,-0.20405000000000006,0,0,299,-1
1893,-576457014707,1.0700409649702833,3.157362058640356,-0.2738366790920664,0.01820220360253622,0,303463,0.01,0.11278233269999977,0.5528410785,0,-0.24301666666666677,0.02344999999999997,0,0,299,-1
1894,-576457014695,1.0673291032542878,3.157549420588017,-0.26853566410706636,0.019270185929536218,0,303473,0.01,0.10679823269999977,0.5301014985,0,-0.36551666666666677,-0.17780000000000007,0,0,299,-1
1895,-576457014687,1.0555031748340125,3.151363415916778,-0.2673821950818241,0.01491759786174229,0,303483,0.01,0.07747614269999975,0.5414712884999999,0,-0.4092666666666668,-0.06405000000000005,0,1,300,2
1896,-576457014677,1.0528677363966192,3.1515175727610303,-0.2597054923968241,0.015913770988742287,0,303493,0.01,0.09961731269999974,0.7676702685000002,0,-0.3305166666666668,0.19845000000000002,0,0,300,-1
1897,-576457014668,1.050567245684912,3.1516668427563084,-0.2515146657603241,0.017257339073042284,0,303502,0.009,0.14928534269999974,0.9100918485,0,-0.32176666666666676,0.18094999999999994,0,0,300,-1
1898,-576457014658,1.0480812371062338,3.151851637773674,-0.24568704997532412,0.01970166440004228,0,303512,0.01,0.24443253269999976,0.5827615785,0,-0.3042666666666668,-0.04654999999999998,0,0,300,-1
1899,-576457014648,1.0456570353044057,3.1520627909563093,-0.23915331039032411,0.02252897212704228,0,303522,0.01,0.2827307726999998,0.6533739585000001,0,-0.4355166666666668,-0.08155000000000001,0,0,300,-1
1900,-576457014638,1.043528596653292,3.152276226762387,-0.2338330565238241,0.02490120700134228,0,303531,0.009,0.2635816526999998,0.5911393185,0,-0.2867666666666668,0.09345000000000003,0,0,300,-1
1902,-576457014595,1.0389465561120153,3.152803270196954,-0.2246372900538241,0.027599677055342275,0,303551,0.01,0.11457756269999976,0.43315907849999996,0,-0.2342666666666668,-0.18655,0,0,300,-1
1903,-576457014594,1.0367224994164022,3.153082841569643,-0.2201740490688241,0.028314597482342274,0,303561,0.01,0.07149204269999976,0.4463240985,0,-0.34801666666666675,-0.11655000000000004,0,0,300,-1
1904,-576457014594,1.034546665590639,3.153367497632101,-0.2149927160838241,0.02861661500934227,0,303571,0.01,0.030201752699999782,0.5181332985,0,-0.6105166666666668,-0.09030000000000005,0,0,300,-1
1905,-576457014588,1.0446568918901744,3.147113357754235,-0.20328366989974705,0.024085501008908064,0,303581,0.01,0.03738267269999975,0.6120836685,0,-0.2605166666666668,-0.0027999999999999137,0,1,301,1
1906,-576457014579,1.042661571010102,3.1473553638059593,-0.19578050611474707,0.024315709335908063,0,303591,0.01,0.02302083269999975,0.7503163785000001,0,-0.12926666666666675,0.04095000000000004,0,0,301,-1
1907,-576457014570,1.0407485823698794,3.1476006593174533,-0.18681722192974706,0.024743392962908062,0,303601,0.01,0.04276836269999976,0.8963284185000001,0,-0.08551666666666677,-0.02905000000000002,0,0,301,-1
1908,-576457014558,1.0328851738293698,3.143648142709388,-0.1799988428373434,0.021787253993409497,0,303611,0.01,0.03977631269999976,0.9609566985,0,-0.19051666666666678,0.14595000000000002,0,1,302,2
1909,-576457014549,1.0311309891984213,3.1438688717594574,-0.1708380833523434,0.022358556020409495,0,303621,0.01,0.05713020269999976,0.9160759485000001,0,-0.2867666666666668,0.07594999999999996,0,0,302,-1
1910,-576457014539,1.029463774484823,3.1440934587587965,-0.1626048593673434,0.022558843847409492,0,303631,0.01,0.02002878269999975,0.8233223985000001,0,-0.1380166666666668,0.18094999999999994,0,0,302,-1
1911,-576457014529,1.0278706937940745,3.1443169069839056,-0.1560112787823434,0.02213080117440949,0,303641,0.01,-0.042804267300000226,0.6593580585000001,0,-0.02426666666666677,0.1721999999999999,0,0,302,-1
1912,-576457014519,1.026334333395176,3.1445339205062846,-0.15126080099734338,0.021271903301409486,0,303651,0.01,-0.0858897873000003,0.4750477785,0,0.08948333333333325,-0.055300000000000016,0,0,302,-1
1913,-576457014509,1.0248399724021275,3.1447434221879336,-0.14761139761234338,0.020628433028409485,0,303661,0.01,-0.06434702730000019,0.36494033849999996,0,-0.09426666666666678,0.14595000000000002,0,0,302,-1
1914,-576457014497,1.023380489735929,3.144949780421853,-0.14428513562734338,0.020643213755409482,0,303671,0.01,0.001478072699999748,0.33262619849999997,0,-0.14676666666666677,0.032200000000000006,0,0,302,-1
1915,-576457014488,1.0274086126441866,3.1423179040846128,-0.13686934582913,0.01882864401682694,0,303681,0.01,0.03259539269999976,0.4918032585,0,-0.17301666666666676,0.07594999999999996,0,1,303,1
1916,-576457014479,1.0260696556748203,3.142508508465916,-0.13092204804413,0.019292232243826937,0,303691,0.01,0.04635882269999974,0.5947297785,0,-0.16426666666666678,0.18094999999999994,0,0,303,-1
1917,-576457014469,1.0247912189008042,3.142704706185489,-0.12476530675912999,0.019947311670826934,0,303701,0.01,0.06550794269999977,0.6156741284999999,0,-0.14676666666666677,0.19845000000000002,0,0,303,-1
1918,-576457014395,1.0235765337361378,3.142906706686832,-0.11817172617412999,0.020452788597826933,0,303711,0.01,0.050547692699999744,0.6593580585000001,0,-0.3130166666666668,0.20720000000000005,0,0,303,-1
1919,-576457014394,1.0224263781138216,3.1431128942629454,-0.11185939828913,0.02078472662482693,0,303721,0.01,0.03319380269999978,0.6312327885000001,0,0.04573333333333324,0.12844999999999995,0,0,303,-1
1920,-576457014394,1.0213351868208553,3.1433208752738286,-0.10637886030412999,0.020811475551826927,0,303731,0.01,0.002674892699999754,0.5480537985,0,-0.19051666666666678,0.12844999999999995,0,0,303,-1
1921,-576457014393,1.020290542849739,3.143528435602482,-0.10254993391912999,0.020700590178826923,0,303741,0.01,-0.011088537300000227,0.38289263849999994,0,-0.1380166666666668,0.0847,0,0,303,-1
1922,-576457014393,1.0192801488749728,3.1437330020859053,-0.09952886103412999,0.020212706505826922,0,303751,0.01,-0.04878836730000022,0.30210728849999996,0,-0.050516666666666765,0.0059499999999999,0,0,303,-1
1923,-576457014392,1.0182878777470565,3.1439307449000986,-0.09892536454913,0.01933585633282692,0,303761,0.01,-0.08768501730000025,0.060349648499999985,0,0.18573333333333325,0.2859499999999999,0,0,303,-1
1924,-576457014392,1.01730726663799,3.144120317622562,-0.09719685726413,0.01857868815982692,0,303771,0.01,-0.07571681730000027,0.17285072849999997,0,-0.015516666666666762,0.032200000000000006,0,0,303,-1
1926,-576457014292,1.0073616495451894,3.138676232506368,-0.09427743699921227,0.01347461554862713,0,303791,0.01,-0.015277407300000264,0.41101790850000003,0,-0.07676666666666676,0.11969999999999992,0,1,304,2
1927,-576457014291,1.0064411315391222,3.1388109628039897,-0.08982616421421227,0.013471443975627127,0,303801,0.01,-3.171573000002437e-4,0.44512727849999995,0,-0.006766666666666782,-0.037800000000000056,0,0,304,-1
1928,-576457014291,1.0055650664199052,3.138945840908881,-0.08538685962921228,0.013504177002627125,0,303811,0.01,0.0032733026999997397,0.4439304585,0,0.010733333333333234,-0.04654999999999998,0,0,304,-1
1929,-576457014290,1.0047299235685379,3.139081195946542,-0.08164171064421227,0.013566830529627122,0,303821,0.01,0.006265352699999737,0.3745148985,0,0.05448333333333322,0.06719999999999993,0,0,304,-1
1930,-576457014290,1.0039319928430206,3.1392161602224733,-0.07794443445921227,0.013426024656627119,0,303831,0.01,-0.01408058730000026,0.36972761849999997,0,-0.06801666666666678,0.11094999999999988,0,0,304,-1
1931,-576457014290,1.0031705262308535,3.1393519006361745,-0.07434888797421227,0.013722058083627116,0,303841,0.01,0.029603342699999764,0.3595546485,0,0.08073333333333321,0.014699999999999935,0,0,304,-1
1932,-576457014289,1.0024370562305362,3.1394924863756457,-0.07234511208921227,0.014395089810627114,0,303851,0.01,0.06730317269999976,0.2003775885,0,-0.03301666666666678,-0.0027999999999999137,0,0,304,-1
1933,-576457014289,1.001716712353569,3.139636690700387,-0.07172366330421226,0.014445775137627112,0,303861,0.01,0.005068532699999765,0.06214487849999998,0,-0.05926666666666677,0.11094999999999988,0,0,304,-1
1934,-576457014288,1.000995611487952,3.1397811325938982,-0.07249650981921225,0.014442603564627109,0,303871,0.01,-3.171573000002437e-4,-0.07728465150000004,0,0.01948333333333324,-0.1078,0,0,304,-1
1935,-576457014281,1.0002631019356847,3.1399229396881796,-0.07400540063421225,0.013918815291627107,0,303881,0.01,-0.05237882730000021,-0.15088908150000005,0,-0.006766666666666782,0.18969999999999998,0,0,304,-1
1936,-576457014277,0.9969409700831477,3.1381176906942687,-0.07571018478956888,0.011616618782231735,0,303892,0.011,-0.07033112730000018,-0.05155302150000001,0,0.010733333333333234,0.032200000000000006,0,1,306,2
1937,-576457014268,0.9961928698176771,3.1382311780997263,-0.07390986830456889,0.011080862309231733,0,303902,0.01,-0.053575647300000244,0.1800316485,0,-0.12051666666666677,0.1372,0,0,306,-1
1938,-576457014257,0.9954698339550564,3.1383407142039537,-0.0706973042195689,0.01082635853623173,0,303912,0.01,-0.025450377300000264,0.32125640850000003,0,0.03698333333333326,-0.06405000000000005,0,0,306,-1
1939,-576457014248,0.9947858952097857,3.1384487824084513,-0.0660904448345689,0.010787282363231728,0,303922,0.01,-0.003907617300000227,0.46068593849999995,0,-0.04176666666666676,0.032200000000000006,0,0,306,-1
1940,-576457014238,0.994152453292365,3.1385607085622187,-0.060597938649568896,0.011597948390231726,0,303932,0.01,0.08106660269999977,0.5492506185,0,0.04573333333333324,-0.037800000000000056,0,0,306,-1
1941,-576457014228,0.9935744750057943,3.138683164936756,-0.054997718664568894,0.012893326517231723,0,303942,0.01,0.12953781269999975,0.5600219985,0,-0.11176666666666678,-0.0027999999999999137,0,0,306,-1
1942,-576457014218,0.9941027092268834,3.1382850553438733,-0.04879496786417633,0.013910864615112989,0,303952,0.01,0.14210442269999976,0.5719901985,0,-0.06801666666666678,0.032200000000000006,0,1,307,1
1943,-576457014208,0.9936397985186667,3.138428097638159,-0.043787173779176326,0.014697594242112985,0,303962,0.01,0.07867296269999977,0.5007794085,0,-0.2605166666666668,0.06719999999999993,0,0,307,-1
1944,-576457014198,0.9932121551037999,3.1385775411242154,-0.041741509194176324,0.015191102969112982,0,303972,0.01,0.04935087269999974,0.2045664585,0,-0.12051666666666677,-0.1078,0,0,307,-1
1945,-576457014188,0.9927819594702831,3.1387303039905414,-0.044297617509176324,0.01536147029611298,0,303982,0.01,0.017036732699999755,-0.2556108315,0,-0.21676666666666677,-0.09030000000000005,0,0,307,-1
1946,-576457014178,0.9923148628841163,3.1388821674466376,-0.04912169972417632,0.015011220923112977,0,303992,0.01,-0.035024937300000274,-0.4824082215,0,-0.18176666666666677,-0.06405000000000005,0,0,307,-1
1947,-576457014168,0.9917947980367996,3.139030827614004,-0.054891269739176324,0.014720812550112974,0,304002,0.01,-0.029040837300000247,-0.5769570015000002,0,-0.15551666666666678,-0.08155000000000001,0,0,307,-1
1948,-576457014158,0.9878897178151179,3.1366751087631752,-0.06105715673315089,0.012592055551557832,0,304012,0.01,-0.018269457300000264,-0.4656527415000001,0,-0.18176666666666677,-0.08155000000000001,0,1,308,2
1949,-576457014148,0.9872688790282115,3.136801402427326,-0.06311060064815088,0.012666677278557829,0,304022,0.01,0.007462172699999743,-0.20534439150000006,0,-0.12051666666666677,0.06719999999999993,0,0,308,-1
1950,-576457014138,0.986641299152655,3.1369317335637468,-0.062405374463150885,0.013399550005557826,0,304032,0.01,0.07328727269999975,0.07052261849999998,0,-0.19051666666666678,-0.14280000000000004,0,0,308,-1
1951,-576457014129,0.9860913287087558,3.1370563155437514,-0.05981027973665089,0.014285334439857824,0,304041,0.009,0.09842049269999974,0.28834385849999994,0,-0.07676666666666676,-0.16905000000000003,0,0,308,-1
1952,-576457014119,0.9855189829738144,3.137205436335285,-0.05465886725165089,0.015538823866857822,0,304051,0.01,0.12534894269999974,0.5151412485,0,-0.10301666666666677,0.04970000000000008,0,0,308,-1
1953,-576457014109,0.9850085337772228,3.137367810113089,-0.04743097206665089,0.01693593169385782,0,304061,0.01,0.13971078269999976,0.7227895185000001,0,-0.14676666666666677,0.0059499999999999,0,0,308,-1
1954,-576457014099,0.9845767665194812,3.1375425392621623,-0.03892247948165089,0.018009898120857817,0,304071,0.01,0.10739664269999977,0.8508492585000001,0,-0.20801666666666677,0.032200000000000006,0,0,308,-1
1955,-576457014088,0.9788059012578211,3.1404637363477863,-0.032196095261131055,0.02094140439512827,0,304081,0.01,0.08645229269999975,0.9220600485000001,0,-0.2780166666666668,0.032200000000000006,0,1,309,1
1956,-576457014075,0.9785265426091349,3.1406754084918727,-0.023675634476131052,0.02139302442212827,0,304091,0.01,0.04516200269999977,0.8520460785000001,0,-0.14676666666666677,0.11969999999999992,0,0,309,-1
1957,-576457014069,0.9783227541672985,3.140890429936729,-0.01708205389113105,0.02161126454912827,0,304101,0.01,0.021824012699999742,0.6593580585000001,0,-0.26926666666666677,0.09345000000000003,0,0,309,-1
1958,-576457014059,0.9781795457618122,3.1411059881553554,-0.011559627206131049,0.021500379176128265,0,304111,0.01,-0.011088537300000227,0.5522426685,0,-0.015516666666666762,-0.11655000000000004,0,0,309,-1
1959,-576457014049,0.9780871932301759,3.141319809189752,-0.00691087912113105,0.021263827703128263,0,304121,0.01,-0.02365514730000027,0.46487480849999996,0,-0.07676666666666676,0.02344999999999997,0,0,309,-1
1960,-576457014039,0.9780343267823896,3.141531294629918,-0.0036624104361310497,0.02103326033012826,0,304131,0.01,-0.02305673730000025,0.3248468685,0,-0.18176666666666677,-0.1603,0,0,309,-1
1961,-576457014029,0.9780123293144533,3.1417412822498543,-7.370831511310503e-4,0.02096426365712826,0,304141,0.01,-0.006899667300000224,0.29253272849999995,0,-0.17301666666666676,-0.1078,0,0,309,-1
1962,-576457014019,0.9728505698800123,3.138114375304265,-4.949287028809574e-4,0.018046508936298212,0,304151,0.01,0.005068532699999765,0.2572265385,0,-0.3305166666666668,-0.2653,0,1,310,2
1963,-576457014009,0.9728512411589085,3.138296021355763,6.291844821190425e-4,0.01828270136329821,0,304161,0.01,0.023619242699999734,0.11241131849999998,0,0.04573333333333324,-0.19530000000000003,0,0,310,-1
1964,-576457013999,0.9728593237456546,3.1384802986160305,9.873328671190422e-4,0.018572750690298206,0,304171,0.01,0.029004932699999778,0.03581483849999998,0,-0.17301666666666676,-0.09904999999999997,0,0,310,-1
1965,-576457013989,0.9728703594857508,3.1386669677210683,0.001219815152119042,0.018761070317298203,0,304181,0.01,0.018831962699999746,0.02324822849999998,0,-0.12051666666666677,-0.0027999999999999137,0,0,310,-1
1966,-576457013979,0.9728843782996971,3.138855819227376,0.0015839476371190416,0.0190092309442982,0,304191,0.01,0.024816062699999742,0.036413248499999974,0,0.09823333333333323,-0.22155000000000002,0,0,310,-1
1967,-576457013969,0.9729026069279932,3.139047541306454,0.002061778022119041,0.0193351848712982,0,304201,0.01,0.03259539269999976,0.04778303849999998,0,-0.1380166666666668,-0.19530000000000003,0,0,310,-1
1968,-576457013893,0.9729229527296215,3.1392230719685403,0.0,0.0,1,304210,0.009,0.03738267269999975,0.04419257849999998,0,-0.06801666666666678,-0.04654999999999998,0,0,310,-1
1969,-576457013892,0.9729230978440465,3.1392241930896754,0.0,0.0,1,304220,0.01,0.02242242269999973,0.0029022884999999774,0,0.02823333333333322,-0.0027999999999999137,0,0,310,-1
1970,-576457013892,0.9729231232764716,3.1392252842903106,0.0,0.0,1,304230,0.01,0.021824012699999742,5.086484999999744e-4,0,-0.19926666666666676,-0.09904999999999997,0,0,310,-1
1971,-576457013892,0.9729228195833965,3.1392264951729456,0.0,0.0,1,304240,0.01,0.02421765269999972,-0.006073861500000023,0,-0.14676666666666677,-0.24780000000000002,0,0,310,-1
1972,-576457013891,0.9729215883548216,3.1392274666915805,-2.462457150000002e-4,1.9430372699999734e-4,0,304250,0.01,0.019430372699999733,-0.02462457150000002,0,-0.4180166666666668,-0.055300000000000016,0,0,310,-1
1973,-576457013891,0.9729168773720966,3.1392302914859855,-6.959508300000003e-4,3.7065515399999473e-4,0,304260,0.01,0.01763514269999974,-0.04497051150000001,0,-0.06801666666666678,-0.23030000000000006,0,0,310,-1
1974,-576457013890,0.9729071307692216,3.1392340121001605,-0.0012533697450000008,3.734676809999922e-4,0,304270,0.01,2.8125269999974215e-4,-0.05574189150000003,0,-0.3042666666666668,-0.4053,0,0,310,-1
1975,-576457013890,0.9728924083871966,3.1392384490111054,-0.001691106660000001,5.139145079999898e-4,0,304280,0.01,0.014044682699999757,-0.043773691500000024,0,-0.02426666666666677,-0.60655,0,0,310,-1
1976,-576457013879,0.9704017469910365,3.1373647324292855,-0.0018961309719484835,7.537293625198189e-4,0,304290,0.01,0.02421765269999972,-0.020435701500000025,0,0.10698333333333321,-0.5103,0,1,312,2
1977,-576457013869,0.9703809927311893,3.1373743800088465,-0.0018773708184484836,0.001000376012219816,0,304301,0.011,0.02242242269999973,0.0017054684999999801,0,0.06323333333333325,-0.74655,0,0,312,-1
1978,-576457013859,0.9703626932629298,3.1373857741746036,-0.001782522833448484,0.0012784571392198136,0,304311,0.01,0.027808112699999773,0.009484798499999975,0,0.010733333333333234,-0.46655,0,0,312,-1
1979,-576457013849,0.9703453721950203,3.137399470423631,-0.0016816907484484842,0.001460792666219811,0,304321,0.01,0.018233552699999725,0.010083208499999986,0,-0.09426666666666678,-0.50155,0,0,312,-1
1980,-576457013839,0.9703289397659608,3.137414481379428,-0.0016047950634484845,0.0015413984932198086,0,304331,0.01,0.008060582699999763,0.0076895684999999745,0,-0.05926666666666677,-0.5103,0,0,312,-1
1981,-576457013828,0.9703139943857513,3.137430029108995,-0.0013842809784484847,0.0015681474202198062,0,304341,0.01,0.002674892699999754,0.02205140849999998,0,-0.03301666666666678,-0.5278,0,0,312,-1
1982,-576457013819,0.9702965466187927,3.1374626229271434,0.0027857094418172004,0.002684070335213587,0,304351,0.01,0.11158551269999976,0.4170020085,0,-0.19051666666666678,-0.3703000000000001,0,1,313,1
1983,-576457013809,0.970324339384136,3.1374890588061306,0.0027728436268172002,0.0026031054622135848,0,304361,0.01,-0.00809648730000023,-0.0012865815000000257,0,-0.12051666666666677,-0.14280000000000004,0,0,313,-1
1984,-576457013799,0.9703527215833292,3.137515911776888,0.0029035962118172,0.0027674886892135823,0,304371,0.01,0.016438322699999734,0.013075258499999983,0,-0.19051666666666678,0.11969999999999992,0,0,313,-1
1985,-576457013788,0.9703825309903723,3.137544707784915,0.0030582851968171997,0.0029917129162135795,0,304381,0.01,0.02242242269999973,0.015468898499999979,0,-0.2517666666666668,0.014699999999999935,0,0,313,-1
1986,-576457013778,0.9704123613417656,3.1375754169097116,0.0029077850818171993,0.003150112043213577,0,304391,0.01,0.01583991269999975,-0.015050011500000024,0,-0.22551666666666678,-0.08155000000000001,0,0,313,-1
1988,-576457013756,0.9668004885499025,3.135103080355214,0.002666952314521658,0.003277522057126784,0,304411,0.01,0.002076482699999768,-0.008467501500000018,0,-0.02426666666666677,0.1372,0,1,314,2
1989,-576457013748,0.9668324262687515,3.1351383174261156,0.0031399056580216577,0.003129218106826781,0,304422,0.011,-0.013482177300000273,0.04299575849999998,0,-0.16426666666666678,-0.06405000000000005,0,0,314,-1
1990,-576457013738,0.9668620555277567,3.135169713431319,0.0,0.0,1,304432,0.01,0.002076482699999768,-0.035395951500000036,0,-0.015516666666666762,-0.055300000000000016,0,0,314,-1
1991,-576457013728,0.9668612132656818,3.1351702361424536,0.0,0.0,1,304442,0.01,0.01045422269999974,-0.016845241500000024,0,-0.12051666666666677,0.11969999999999992,0,0,314,-1
1992,-576457013718,0.9668613284596067,3.1351709682970887,2.303878499999983e-5,1.4643092699999745e-4,0,304452,0.01,0.014643092699999744,0.002303878499999983,0,-0.36551666666666677,0.02344999999999997,0,0,314,-1
1993,-576457013708,0.9668620031668818,3.1351728655559934,1.1190266999999956e-4,2.3302085399999492e-4,0,304462,0.01,0.008658992699999748,0.008886388499999972,0,-0.14676666666666677,-0.1078,0,0,314,-1
1994,-576457013698,0.9668631177055067,3.1351753893501684,1.1100505499999928e-4,2.7173798099999253e-4,0,304472,0.01,0.0038717126999997594,-8.97615000000285e-5,0,-0.18176666666666677,-0.01154999999999995,0,0,314,-1
1995,-576457013688,0.9668644327114817,3.1351786294411133,1.5199613999999911e-4,3.7628020799998995e-4,0,304482,0.01,0.01045422269999974,0.004099108499999983,0,-0.14676666666666677,-0.08155000000000001,0,0,314,-1
1996,-576457013676,0.9668658883438067,3.1351837228078283,1.3913032499999887e-4,6.423931349999876e-4,0,304492,0.01,0.026611292699999768,-0.0012865815000000257,0,-0.3130166666666668,-0.01154999999999995,0,0,314,-1
1997,-576457013668,0.9668679334099818,3.1351913576218133,2.698829099999987e-4,8.845696619999849e-4,0,304502,0.01,0.02421765269999972,0.013075258499999983,0,-0.2605166666666668,-0.14280000000000004,0,0,314,-1
1998,-576457013658,0.9668705080690068,3.1352010850755683,2.4504889499999847e-4,0.0010609210889999823,0,304512,0.01,0.01763514269999974,-0.002483401500000023,0,-0.2780166666666668,0.1721999999999999,0,0,314,-1
1999,-576457013649,0.9668722060573818,3.135216495629093,9.454877999999823e-5,0.00202118961599998,0,304522,0.01,0.09602685269999976,-0.015050011500000024,0,-0.15551666666666678,0.06719999999999993,0,0,314,-1
2000,-576457013638,0.9668729974546069,3.135236063336888,6.373066499999797e-5,0.0018923519429999772,0,304532,0.01,-0.012883767300000253,-0.003081811500000026,0,0.05448333333333322,-0.16905000000000003,0,0,314,-1
2001,-576457013628,0.9668746774906819,3.1352549709984534,2.7227654999999775e-4,0.0018891803699999747,0,304542,0.01,-3.171573000002437e-4,0.02085458849999998,0,-0.12051666666666677,-0.055300000000000016,0,0,314,-1
2002,-576457013618,0.9668778445756069,3.1352737272622884,3.611404349999975e-4,0.0018620723969999722,0,304552,0.01,-0.002710797300000255,0.008886388499999972,0,-0.21676666666666677,-0.15155000000000007,0,0,314,-1
2003,-576457013608,0.9669342813898797,3.1353282343435938,5.039490630329828e-4,0.002026768263386501,0,304562,0.01,0.016438322699999734,0.014272078499999981,0,-0.17301666666666676,-0.0027999999999999137,0,1,315,2
2004,-576457013575,0.9669386194112662,3.1353460261722037,0.0,0.0,1,304571,0.009,-0.011088537300000227,-0.0048770415000000174,0,-0.1380166666666668,-0.13405,0,0,315,-1
2005,-576457013572,0.9669379267516912,3.135345920552839,0.0,0.0,1,304581,0.01,-0.0021123873000002354,-0.013853191500000027,0,-0.22551666666666678,-0.15155000000000007,0,0,315,-1
2006,-576457013571,0.9669377128201162,3.135346592866474,0.0,0.0,1,304591,0.01,0.013446272699999737,-0.004278631500000023,0,-0.15551666666666678,-0.07279999999999998,0,0,315,-1
2007,-576457013569,0.9669376185705412,3.1353472951006087,0.0,0.0,1,304601,0.01,0.014044682699999757,-0.00188499150000002,0,-0.08551666666666677,-0.1078,0,0,315,-1
2008,-576457013559,0.9669366566264662,3.135348027255244,0.0,0.0,1,304611,0.01,0.014643092699999744,-0.019238881500000027,0,-0.12051666666666677,-0.04654999999999998,0,0,315,-1
2009,-576457013548,0.9669372206278912,3.135349447581379,0.0,0.0,1,304621,0.01,0.02840652269999976,0.011280028499999983,0,-0.16426666666666678,0.0059499999999999,0,0,315,-1
2010,-576457013538,0.9682471603566222,3.134804509177043,0.0,0.0,1,304631,0.01,0.02242242269999973,5.086484999999744e-4,0,-0.12926666666666675,-0.09904999999999997,0,1,316,1
2011,-576457013528,0.9682473353915472,3.134806049185178,0.0,0.0,1,304641,0.01,0.03080016269999977,0.0035006984999999802,0,-0.12051666666666677,-0.09030000000000005,0,0,316,-1
2012,-576457013519,0.9682476001879722,3.134806781339813,5.295928499999981e-5,1.4643092699999745e-4,0,304651,0.01,0.014643092699999744,0.005295928499999981,0,-0.34801666666666675,0.0059499999999999,0,0,316,-1
2013,-576457013509,0.9682488733052472,3.134809007724218,2.0166416999999962e-4,2.988459539999947e-4,0,304661,0.01,0.015241502699999729,0.01487048849999998,0,-0.32176666666666676,-0.07279999999999998,0,0,316,-1
2014,-576457013499,0.9682518728353722,3.1348123094513927,3.9824185499999943e-4,3.614994809999921e-4,0,304671,0.01,0.006265352699999737,0.019657768499999978,0,-0.26926666666666677,0.014699999999999935,0,0,316,-1
2015,-576457013489,0.9682564790963473,3.1348165369188377,5.230103399999993e-4,4.839940079999894e-4,0,304681,0.01,0.012249452699999731,0.012476848499999981,0,-0.3042666666666668,0.04095000000000004,0,0,316,-1
2016,-576457013480,0.9682614976169315,3.1348202498943087,5.92216456499999e-4,3.411116522999872e-4,0,304690,0.009,-0.01587581730000025,0.0076895684999999745,0,-0.11176666666666678,-0.0027999999999999137,0,0,316,-1
2017,-576457013469,0.9645432599089239,3.1324345545270273,6.374131096336636e-4,4.1539862373683755e-4,0,304700,0.01,0.008060582699999763,0.0046975184999999775,0,-0.18176666666666677,-0.09030000000000005,0,1,317,2
2018,-576457013460,0.9645490909829453,3.1324384233708997,5.288016946336633e-4,3.58370150736835e-4,0,304710,0.01,-0.0057028473000002525,-0.010861141500000029,0,-0.09426666666666678,-0.09904999999999997,0,0,317,-1
2019,-576457013450,0.9645535367378166,3.1324422904195424,3.6034927963366306e-4,4.150395777368325e-4,0,304720,0.01,0.005666942699999751,-0.016845241500000024,0,-0.19051666666666678,0.07594999999999996,0,0,317,-1
2020,-576457013440,0.964556088525038,3.1324469336059546,1.5000816463366277e-4,5.135977047368301e-4,0,304730,0.01,0.009855812699999755,-0.02103411150000003,0,-0.26926666666666677,-0.22155000000000002,0,0,317,-1
2021,-576457013430,0.9645564471396094,3.1324522033276367,-7.828525036633751e-5,5.403466317368276e-4,0,304740,0.01,0.002674892699999754,-0.022829341500000027,0,-0.06801666666666678,0.07594999999999996,0,0,317,-1
2022,-576457013420,0.9645553905145307,3.1324583688690892,-1.3303976536633772e-4,6.927616587368249e-4,0,304750,0.01,0.015241502699999729,-0.005475451500000021,0,-0.14676666666666677,-0.13405,0,0,317,-1
2023,-576457013409,0.964553696582802,3.1324664475273116,-2.0574658036633792e-4,9.229699857368224e-4,0,304760,0.01,0.02302083269999975,-0.007270681500000021,0,-0.24301666666666677,-0.16905000000000003,0,0,317,-1
2024,-576457013399,0.9559667670413274,3.135927645881596,-2.0079305442455316e-4,0.0011766261139760342,0,304770,0.01,0.021225602699999725,0.002303878499999983,0,-0.16426666666666678,-0.11655000000000004,0,1,318,1
2025,-576457013390,0.9559656522377081,3.1359406828663707,-2.2167669424553353e-5,0.001430770840976032,0,304780,0.01,0.02541447269999976,0.01786253849999998,0,-0.42676666666666674,-0.055300000000000016,0,0,318,-1
2026,-576457013380,0.9559664732904389,3.1359561715369155,1.8637821557544645e-4,0.0016669632679760292,0,304790,0.01,0.023619242699999734,0.02085458849999998,0,-0.050516666666666765,0.04095000000000004,0,0,318,-1
2027,-576457013369,0.9559692002790197,3.1359736630857302,3.5901950057544625e-4,0.0018313464949760265,0,304800,0.01,0.016438322699999734,0.01726412849999998,0,-0.10301666666666677,-0.01154999999999995,0,0,318,-1
2028,-576457013359,0.9559734143164504,3.135992648864315,4.837879855754461e-4,0.0019658092219760237,0,304810,0.01,0.013446272699999737,0.012476848499999981,0,-0.17301666666666676,-0.02905000000000002,0,0,318,-1
2029,-576457013350,0.9559783075492312,3.13601312887267,4.94858570575446e-4,0.0021301924489760212,0,304820,0.01,0.016438322699999734,0.0011070584999999858,0,-0.1380166666666668,0.0059499999999999,0,0,318,-1
2030,-576457013341,0.9584374346801441,3.137557737099527,4.2209048307222645e-4,0.0021689938118627755,0,304830,0.01,-3.171573000002437e-4,-0.008467501500000018,0,-0.3830166666666668,-0.06405000000000005,0,1,319,2
2031,-576457013330,0.9584407235613999,3.1375795607822803,2.3568576807222623e-4,0.002195742738862773,0,304840,0.01,0.002674892699999754,-0.018640471500000023,0,0.07198333333333323,-0.04654999999999998,0,0,319,-1
2032,-576457013320,0.9584427168850056,3.137601532272304,1.6297895307222602e-4,0.0021985552658627706,0,304850,0.01,2.8125269999974215e-4,-0.007270681500000021,0,-0.16426666666666678,-0.01154999999999995,0,0,319,-1
2033,-576457013310,0.9584436839354614,3.1376243098205974,3.043113807222578e-5,0.002356954392862768,0,304860,0.01,0.01583991269999975,-0.013254781500000024,0,-0.06801666666666678,-0.17780000000000007,0,0,319,-1
2034,-576457013300,0.9584433255077672,3.137648252473161,-1.0211667692777446e-4,0.0024315761198627655,0,304870,0.01,0.007462172699999743,-0.013254781500000024,0,-0.18176666666666677,0.11094999999999988,0,0,319,-1
2035,-576457013290,0.958441851045423,3.137673120865995,0.0,0.0,1,304880,0.01,0.01105263269999976,-0.00906591150000002,0,-0.16426666666666678,0.02344999999999997,0,0,319,-1
2036,-576457013281,0.9584415808184272,3.137673980502904,0.0,0.0,1,304889,0.009,0.021225602699999725,-0.0066722715000000175,0,-0.24301666666666677,-0.2128,0,0,319,-1
2037,-576457013268,0.9561124895881069,3.138581295518778,6.486954618104929e-5,1.7050067659836116e-4,0,304899,0.01,0.017036732699999755,0.006492748499999978,0,-0.2517666666666668,-0.037800000000000056,0,1,320,1
2038,-576457013258,0.9561135826029937,3.1385831043496792,1.53733431181049e-4,1.9126550359835885e-4,0,304909,0.01,0.002076482699999768,0.008886388499999972,0,-0.37426666666666675,-0.020299999999999985,0,0,320,-1
2039,-576457013251,0.9561161028257306,3.1385858389208505,3.503111161810488e-4,3.556487305983562e-4,0,304919,0.01,0.016438322699999734,0.019657768499999978,0,-0.04176666666666676,-0.07279999999999998,0,0,320,-1
2040,-576457013240,0.9561204691433174,3.1385900378012916,5.229524011810486e-4,4.841273575983537e-4,0,304929,0.01,0.01284786269999975,0.01726412849999998,0,-0.3917666666666668,-0.01154999999999995,0,0,320,-1
2041,-576457013230,0.9561256044177542,3.1385955813090023,5.041024861810484e-4,6.245741845983513e-4,0,304939,0.01,0.014044682699999757,-0.00188499150000002,0,-0.18176666666666677,-0.11655000000000004,0,0,320,-1
2042,-576457013221,0.956130700795541,3.1386027686489832,5.151730711810483e-4,8.128938115983487e-4,0,304949,0.01,0.018831962699999746,0.0011070584999999858,0,-0.29551666666666676,-0.09904999999999997,0,0,320,-1
2043,-576457013210,0.9561353693101777,3.1386116297417344,4.185298561810481e-4,9.593247385983462e-4,0,304959,0.01,0.014643092699999744,-0.009664321500000024,0,-0.17301666666666676,0.0847,0,0,320,-1
2044,-576457013200,0.9527381841537532,3.1366229967239465,4.3833235038461666e-4,0.001082123416238558,0,304969,0.01,0.013446272699999737,0.002303878499999983,0,-0.09426666666666678,-0.1078,0,1,321,2
2045,-576457013191,0.9527425330686821,3.136634400510244,4.3145063538461645e-4,0.0011986338432385555,0,304979,0.01,0.011651042699999746,-6.881715000000228e-4,0,-0.07676666666666676,0.02344999999999997,0,0,321,-1
2046,-576457013181,0.9527465139614609,3.1366464906728115,3.6472792038461625e-4,0.0012193986702385533,0,304989,0.01,0.002076482699999768,-0.0066722715000000175,0,-0.02426666666666677,-0.02905000000000002,0,0,321,-1
2047,-576457013171,0.9527503362755898,3.136658938086149,3.99734905384616e-4,0.0012700839972385508,0,304999,0.01,0.005068532699999765,0.0035006984999999802,0,-0.26926666666666677,0.05844999999999989,0,0,321,-1
2048,-576457013160,0.9527544188980687,3.136672012034756,4.1678959038461585e-4,0.0013447057242385483,0,305009,0.01,0.007462172699999743,0.0017054684999999801,0,-0.08551666666666677,-0.01154999999999995,0,0,321,-1
2049,-576457013151,0.9527588815108975,3.1366853235521335,4.757329753846156e-4,0.0013175977512385458,0,305019,0.01,-0.002710797300000255,0.005894338499999974,0,-0.19926666666666676,-0.02905000000000002,0,0,321,-1
2050,-576457013138,0.9527640233190763,3.136699471048281,5.526286603846154e-4,0.0015119014782385431,0,305029,0.01,0.019430372699999733,0.0076895684999999745,0,-0.21676666666666677,0.0847,0,0,321,-1
2051,-576457013130,0.9508178744054185,3.137453933706119,5.707741644783619e-4,0.0016498543838153348,0,305040,0.011,0.01105263269999976,0.002303878499999983,0,-0.02426666666666677,0.07594999999999996,0,1,322,1
2052,-576457013120,0.9508239067844884,3.137471972258092,0.0,0.0,1,305050,0.01,0.03080016269999977,0.006492748499999978,0,-0.16426666666666678,-0.037800000000000056,0,0,322,-1
2053,-576457013110,0.9508238125349133,3.137472913856227,0.0,0.0,1,305060,0.01,0.018831962699999746,-0.00188499150000002,0,-0.09426666666666678,-0.1078,0,0,322,-1
2054,-576457013100,0.9508235986033383,3.137473945215862,0.0,0.0,1,305070,0.01,0.020627192699999738,-0.004278631500000023,0,-0.06801666666666678,-0.0027999999999999137,0,0,322,-1
2055,-576457013090,0.9508235941152633,3.137475275780497,0.0,0.0,1,305080,0.01,0.026611292699999768,-8.97615000000285e-5,0,-0.19051666666666678,0.07594999999999996,0,0,322,-1
2056,-576457013080,0.9508237093091882,3.137475828412132,0.0,0.0,1,305090,0.01,0.01105263269999976,0.002303878499999983,0,-0.19051666666666678,0.02344999999999997,0,0,322,-1
2057,-576457013070,0.9508235851391132,3.137476410964267,0.0,0.0,1,305100,0.01,0.011651042699999746,-0.002483401500000023,0,-0.21676666666666677,-0.06405000000000005,0,0,322,-1
2058,-576457013059,0.9434098682064724,3.1329985342210396,4.874214325766754e-6,1.6959703704552212e-4,0,305110,0.01,0.017036732699999755,5.086484999999744e-4,0,-0.32176666666666676,-0.01154999999999995,0,1,323,2
2059,-576457013050,0.9434104809500407,3.132999855287545,1.1767449932576659e-4,9.461626404551968e-5,0,305120,0.01,-0.007498077300000244,0.011280028499999983,0,-0.17301666666666676,0.11094999999999988,0,0,323,-1
2060,-576457013040,0.9434115933659589,3.1330006958308205,1.0480868432576633e-4,7.349239104551732e-5,0,305130,0.01,-0.0021123873000002354,-0.0012865815000000257,0,-0.17301666666666676,-0.13405,0,0,323,-1
2061,-576457013029,0.9434128763287272,3.133001384976366,1.517838693257661e-4,6.433671804551502e-5,0,305140,0.01,-9.155673000002296e-4,0.0046975184999999775,0,-0.36551666666666677,-0.1078,0,0,323,-1
2062,-576457013020,0.9434146290433455,3.1330024612931813,1.987590543257659e-4,1.509266450455125e-4,0,305150,0.01,0.008658992699999748,0.0046975184999999775,0,-0.08551666666666677,-0.037800000000000056,0,0,323,-1
2063,-576457013010,0.9434165822253138,3.1330047326347668,1.9187733932576567e-4,3.033416720455098e-4,0,305160,0.01,0.015241502699999729,-6.881715000000228e-4,0,-0.4355166666666668,-0.01154999999999995,0,0,323,-1
2064,-576457013000,0.9434181374646321,3.133008258842122,1.1917052432576546e-4,4.0189979904550733e-4,0,305170,0.01,0.009855812699999755,-0.007270681500000021,0,-0.18176666666666677,0.1634500000000001,0,0,323,-1
2065,-576457012990,0.9437151646805847,3.1329032974140243,-2.5016150496185466e-5,5.595508797709138e-4,0,305180,0.01,0.01583991269999975,-0.01445160150000002,0,-0.26926666666666677,-0.13405,0,1,324,1
2066,-576457012980,0.9437147305080047,3.132909684918457,-6.181836549618567e-5,7.179500067709113e-4,0,305190,0.01,0.01583991269999975,-0.00368022150000002,0,-0.40051666666666674,-0.13405,0,0,324,-1
2067,-576457012971,0.9437137342664844,3.132917296932687,-1.5956863899618592e-4,9.736087110709091e-4,0,305199,0.009,0.02840652269999976,-0.010861141500000029,0,-0.22551666666666678,0.09345000000000003,0,0,324,-1
2068,-576457012959,0.9437114459205195,3.1329279147769324,-2.981005539961862e-4,0.0011499601380709065,0,305209,0.01,0.01763514269999974,-0.013853191500000027,0,0.03698333333333326,0.12844999999999995,0,0,324,-1
2069,-576457012951,0.9437080415399045,3.1329397276459483,-3.827755689961864e-4,0.001212613665070904,0,305219,0.01,0.006265352699999737,-0.008467501500000018,0,-0.36551666666666677,0.0847,0,0,324,-1
2070,-576457012941,0.9437046880241395,3.132952466255234,-2.8792758399618664e-4,0.0013351081920709013,0,305229,0.01,0.012249452699999731,0.009484798499999975,0,-0.17301666666666676,-0.07279999999999998,0,0,324,-1
2071,-576457012931,0.9437022231472245,3.13296654949179,-2.0504779899618684e-4,0.0014815391190708988,0,305239,0.01,0.014643092699999744,0.008287978499999979,0,-0.12051666666666677,0.10220000000000007,0,0,324,-1
2072,-576457012920,0.942698128734456,3.1323892666309,-8.422829730014751e-5,0.0015239069463493004,0,305249,0.01,0.005666942699999751,0.012476848499999981,0,-0.33926666666666677,-0.037800000000000056,0,1,325,2
2073,-576457012911,0.942697910293908,3.1324040709554986,4.05401876998523e-5,0.0014369579733492979,0,305259,0.01,-0.00869489730000025,0.012476848499999981,0,-0.3042666666666668,-0.0027999999999999137,0,0,325,-1
2074,-576457012901,0.94269825136671,3.132418693961867,2.767437269985204e-5,0.0014876433003492954,0,305269,0.01,0.005068532699999765,-0.0012865815000000257,0,-0.10301666666666677,-0.1603,0,0,325,-1
2075,-576457012891,0.942698044894362,3.1324338836625056,-6.89688423001482e-5,0.0015502968273492929,0,305279,0.01,0.006265352699999737,-0.009664321500000024,0,-0.11176666666666678,0.032200000000000006,0,0,325,-1
2076,-576457012881,0.942697081433364,3.1324499392624143,-1.237233573001484e-4,0.0016608231543492904,0,305289,0.01,0.01105263269999976,-0.005475451500000021,0,-0.050516666666666765,-0.07279999999999998,0,0,325,-1
2077,-576457012871,0.9426955704272159,3.132467010364093,-1.784778723001486e-4,0.0017533971813492877,0,305299,0.01,0.009257402699999735,-0.005475451500000021,0,-0.2342666666666668,0.12844999999999995,0,0,325,-1
2078,-576457012859,0.9424429007090698,3.1325764780545766,-2.41150035226327e-4,0.001874254349908494,0,305309,0.01,0.011651042699999746,-0.006073861500000023,0,-0.4530166666666668,0.04970000000000008,0,1,326,1
2079,-576457012851,0.9424394674236425,3.1325956834682107,-4.4550705022632726e-4,0.0019668283769084913,0,305319,0.01,0.009257402699999735,-0.020435701500000025,0,-0.09426666666666678,0.06719999999999993,0,0,326,-1
2080,-576457012841,0.9424347984215652,3.132616652396115,-4.882933652263275e-4,0.002226957203908489,0,305329,0.01,0.02601288269999978,-0.004278631500000023,0,-0.19051666666666678,0.10220000000000007,0,0,326,-1
2081,-576457012830,0.9424296117948379,3.1326395344407887,-5.490319802263277e-4,0.0023494517309084863,0,305339,0.01,0.012249452699999731,-0.006073861500000023,0,-0.3305166666666668,0.0847,0,0,326,-1
2082,-576457012820,0.9424240738657547,3.132666734966402,-4.5786421672632796e-4,0.0025960983806084833,0,305350,0.011,0.02242242269999973,0.008287978499999979,0,-0.19926666666666676,-0.12529999999999997,0,0,326,-1
2083,-576457012808,0.9424201789070124,3.132693637548343,-3.2112753172632816e-4,0.002784418007608481,0,305360,0.01,0.018831962699999746,0.013673668499999979,0,-0.3042666666666668,-0.06405000000000005,0,0,326,-1
2084,-576457012800,0.9424178308381201,3.1327227524520547,-1.4848624672632836e-4,0.0030385627346084785,0,305370,0.01,0.02541447269999976,0.01726412849999998,0,-0.15551666666666678,-0.04654999999999998,0,0,326,-1
2085,-576457012789,0.9424888924865643,3.132795699792569,-8.852391906752425e-5,0.0031348020561221706,0,305380,0.01,0.009257402699999735,0.005894338499999974,0,-0.22551666666666678,-0.09030000000000005,0,1,327,2
2086,-576457012780,0.9424880626002986,3.132827899649765,-7.74533340675244e-5,0.0033051693831221683,0,305390,0.01,0.017036732699999755,0.0011070584999999858,0,-0.10301666666666677,0.04970000000000008,0,0,327,-1
2087,-576457012770,0.9424876725453829,3.1328612346907314,-5.576490675246503e-7,0.0033618388101221658,0,305400,0.01,0.005666942699999751,0.0076895684999999745,0,-0.19926666666666676,-0.08155000000000001,0,0,327,-1
2088,-576457012760,0.9424870640708172,3.1328955553129676,0.0,0.0,1,305410,0.01,0.014044682699999757,-0.012057961500000026,0,-0.12926666666666675,-0.09904999999999997,0,0,327,-1
2089,-576457012749,0.9424862218087422,3.1328961677856024,0.0,0.0,1,305420,0.01,0.012249452699999731,-0.016845241500000024,0,-0.015516666666666762,0.032200000000000006,0,0,327,-1
2090,-576457012740,0.9424862472411673,3.1328965708147374,5.0864849999997435e-6,8.060582699999764e-5,0,305430,0.01,0.008060582699999763,5.086484999999744e-4,0,-0.2605166666666668,-0.037800000000000056,0,0,327,-1
2091,-576457012728,0.9424860243334422,3.1328976003791422,-4.966803000000047e-5,1.2530705399999508e-4,0,305440,0.01,0.004470122699999746,-0.005475451500000021,0,-0.12926666666666675,-0.037800000000000056,0,0,327,-1
2092,-576457012718,0.9423041577684989,3.1329657103103874,-7.702705849877751e-5,3.1938812406566143e-4,0,305451,0.011,0.01763514269999974,-0.002483401500000023,0,-0.2605166666666668,-0.037800000000000056,0,1,328,1
2093,-576457012709,0.9423035924533388,3.1329700851537634,-3.603597349877768e-5,5.555805510656588e-4,0,305461,0.01,0.023619242699999734,0.004099108499999983,0,-0.15551666666666678,-0.06405000000000005,0,0,328,-1
2094,-576457012699,0.9423036764130289,3.132976403034409,5.282791150122204e-5,7.079955780656561e-4,0,305471,0.01,0.015241502699999729,0.008886388499999972,0,-0.16426666666666678,-0.01154999999999995,0,0,328,-1
2095,-576457012689,0.942304649011569,3.132984424588325,1.4169179650122177e-4,8.963152050656535e-4,0,305481,0.01,0.018831962699999746,0.008886388499999972,0,2.0057333333333336,-0.0027999999999999137,0,0,328,-1
2096,-576457012679,0.9423068393744589,3.1329941797360106,2.9638078150122154e-4,0.001054714332065651,0,305491,0.01,0.01583991269999975,0.015468898499999979,0,-0.19051666666666678,0.014699999999999935,0,0,328,-1
2097,-576457012669,0.9423106065476989,3.133005369272466,4.570538665012213e-4,0.0011831929590656485,0,305501,0.01,0.01284786269999975,0.016067308499999978,0,-0.3130166666666668,0.07594999999999996,0,0,328,-1
2098,-576457012659,0.9423148375751818,3.133016756467982,4.8317446300122114e-4,0.001347294933365646,0,305510,0.009,0.018233552699999725,0.0029022884999999774,0,-0.29551666666666676,0.0059499999999999,0,0,328,-1
2099,-576457012649,0.9436292268370775,3.1337783968212354,5.627292377292972e-4,0.0014495763329779108,0,305520,0.01,0.009257402699999735,0.0076895684999999745,0,-0.18176666666666677,-0.08155000000000001,0,1,329,2
2100,-576457012640,0.9436341614698798,3.1337933554547,4.241973227292969e-4,0.001542150359977908,0,305530,0.01,0.009257402699999735,-0.013853191500000027,0,-0.14676666666666677,0.10220000000000007,0,0,329,-1
2101,-576457012630,0.9436382194320321,3.133809598874435,3.8739510772929674e-4,0.0017065335869779054,0,305540,0.01,0.016438322699999734,-0.00368022150000002,0,-0.15551666666666678,-0.055300000000000016,0,0,329,-1
2102,-576457012621,0.943640732928461,3.1338251387166873,1.7115965422929662e-4,0.001746764691277903,0,305549,0.009,0.004470122699999746,-0.024026161500000014,0,-0.2342666666666668,-0.04654999999999998,0,0,329,-1
2103,-576457012611,0.9436418715474282,3.1338432487567354,0.0,0.0,1,305559,0.01,0.01284786269999975,-0.011459551500000024,0,-0.22551666666666678,-0.037800000000000056,0,0,329,-1
2104,-576457012601,0.9436415080133532,3.1338433226603706,0.0,0.0,1,305569,0.01,0.001478072699999748,-0.007270681500000021,0,-0.16426666666666678,-0.01154999999999995,0,0,329,-1
2105,-576457012589,0.9436409051152782,3.1338436359280055,-1.2057961500000027e-4,6.265352699999738e-5,0,305579,0.01,0.006265352699999737,-0.012057961500000026,0,-0.3042666666666668,-0.0027999999999999137,0,0,329,-1
2106,-576457012581,0.9435105132645063,3.133891231016923,-1.0353947136654757e-4,1.8518111551137748e-4,0,305589,0.01,0.012249452699999731,0.0017054684999999801,0,-0.22551666666666678,-0.055300000000000016,0,1,330,1
2107,-576457012571,0.9435098025072177,3.1338932764137133,-3.861198636654779e-5,2.2389824251137507e-4,0,305599,0.01,0.0038717126999997594,0.006492748499999978,0,-0.2517666666666668,0.032200000000000006,0,0,330,-1
2108,-576457012560,0.9435097410247791,3.1338964270737737,2.6315498633451987e-5,4.0623376951137236e-4,0,305609,0.01,0.018233552699999725,0.006492748499999978,0,-0.05926666666666677,0.04095000000000004,0,0,330,-1
2109,-576457012549,0.9435102689761905,3.1339014609301037,7.92747836334518e-5,6.005374965113697e-4,0,305619,0.01,0.019430372699999733,0.005295928499999981,0,-0.12051666666666677,0.1372,0,0,330,-1
2110,-576457012541,0.9435116556459519,3.133909066154204,1.980591686334516e-4,9.205073235113675e-4,0,305629,0.01,0.031996982699999774,0.011878438499999979,0,-0.34801666666666675,-0.02905000000000002,0,0,330,-1
2111,-576457012531,0.9435142002390632,3.1339193624280743,3.1085945363345147e-4,0.001138747450511365,0,305639,0.01,0.021824012699999742,0.011280028499999983,0,-0.2517666666666668,-0.06405000000000005,0,0,330,-1
2112,-576457012522,0.9434834783505183,3.1339124526288566,4.2959573241277963e-4,0.0013687801917644112,0,305649,0.01,0.02302083269999975,0.011878438499999979,0,-0.19051666666666678,0.07594999999999996,0,1,331,2
2113,-576457012512,0.9434877288464492,3.1339254858738617,5.149589189127793e-4,0.001527496476064409,0,305658,0.009,0.01763514269999974,0.009484798499999975,0,0.001983333333333226,0.04970000000000008,0,0,331,-1
2114,-576457012502,0.9434930235500634,3.133941373311257,5.439818039127791e-4,0.0016499910030644063,0,305668,0.01,0.012249452699999731,0.0029022884999999774,0,-0.06801666666666678,-0.037800000000000056,0,0,331,-1
2115,-576457012492,0.9434978188085378,3.1339567435687243,5.216311904127789e-4,0.001765621767364404,0,305677,0.009,0.01284786269999975,-0.002483401500000023,0,-0.19051666666666678,0.0059499999999999,0,0,331,-1
2116,-576457012482,0.9435030306323668,3.133974683133533,0.0,0.0,1,305687,0.01,0.005666942699999751,-8.97615000000285e-5,0,-0.15551666666666678,-0.12529999999999997,0,0,331,-1
2117,-576457012473,0.9435030261442918,3.1339747570371683,0.0,0.0,1,305697,0.01,0.001478072699999748,-8.97615000000285e-5,0,-0.05926666666666677,-0.04654999999999998,0,0,331,-1
2118,-576457012463,0.9435033208612168,3.133974172689803,0.0,0.0,1,305707,0.01,-0.011686947300000246,0.005894338499999974,0,-0.05926666666666677,-0.1603,0,0,331,-1
2119,-576457012453,0.9438100369823572,3.133865546608678,0.0,0.0,1,305717,0.01,0.005666942699999751,-0.0066722715000000175,0,-0.16426666666666678,0.04095000000000004,0,1,332,1
2120,-576457012440,0.9438098230507822,3.133865680353313,0.0,0.0,1,305727,0.01,0.002674892699999754,-0.004278631500000023,0,-0.24301666666666677,-0.04654999999999998,0,0,332,-1
2121,-576457012433,0.9438103272112072,3.133866412507948,1.0083208499999986e-4,1.4643092699999745e-4,0,305737,0.01,0.014643092699999744,0.010083208499999986,0,-0.33926666666666677,-0.06405000000000005,0,0,332,-1
2122,-576457012422,0.9438108523159822,3.1338681302438527,4.188869999999622e-6,1.971162539999951e-4,0,305747,0.01,0.005068532699999765,-0.009664321500000024,0,-0.2780166666666668,-0.06405000000000005,0,0,332,-1
2123,-576457012413,0.9438103810681071,3.1338712524480274,-9.843844500000064e-5,4.273245809999926e-4,0,305757,0.01,0.02302083269999975,-0.010262731500000026,0,-0.20801666666666677,-0.09904999999999997,0,0,332,-1
2124,-576457012403,0.9438091229110821,3.1338762877689725,-1.5319296000000085e-4,5.797396079999899e-4,0,305767,0.01,0.015241502699999729,-0.005475451500000021,0,-0.1380166666666668,-0.09904999999999997,0,0,332,-1
2125,-576457012393,0.9438078557779072,3.1338834755706877,-1.0023367500000104e-4,8.578207349999875e-4,0,305777,0.01,0.027808112699999773,0.005295928499999981,0,-0.06801666666666678,0.05844999999999989,0,0,332,-1
2126,-576457012383,0.9440387124326023,3.1340267472371095,-8.895279040458092e-5,0.0011486386520049455,0,305787,0.01,0.029004932699999778,0.0011070584999999858,0,-0.19926666666666676,0.11094999999999988,0,1,333,2
2127,-576457012373,0.9440377884961233,3.134039235062765,0.0,0.0,1,305797,0.01,0.02002878269999975,-6.881715000000228e-4,0,-0.14676666666666677,0.04970000000000008,0,0,333,-1
2128,-576457012363,0.9440381131335484,3.1340398774559,0.0,0.0,1,305807,0.01,0.01284786269999975,0.006492748499999978,0,-0.14676666666666677,-0.055300000000000016,0,0,333,-1
2129,-576457012353,0.9440382582479734,3.134040460008035,0.0,0.0,1,305817,0.01,0.011651042699999746,0.0029022884999999774,0,-0.19051666666666678,-0.09904999999999997,0,0,333,-1
2130,-576457012343,0.9440387025673984,3.13404095279867,0.0,0.0,1,305827,0.01,0.009855812699999755,0.008886388499999972,0,-0.21676666666666677,-0.01154999999999995,0,0,333,-1
2131,-576457012333,0.9440385783973234,3.134040757417805,0.0,0.0,1,305837,0.01,-0.003907617300000227,-0.002483401500000023,0,-0.2342666666666668,-0.055300000000000016,0,0,333,-1
2132,-576457012322,0.9440379455787484,3.13404041243444,0.0,0.0,1,305847,0.01,-0.006899667300000224,-0.01265637150000002,0,-0.18176666666666677,-0.06405000000000005,0,0,333,-1
2134,-576457012295,0.9431488748531481,3.1343524381003314,-1.3853191500000028e-4,3.87171269999976e-5,0,305867,0.01,0.0038717126999997594,-0.013853191500000027,0,-0.29551666666666676,-0.055300000000000016,0,0,334,-1
2135,-576457012294,0.9431475517237574,3.1343528464164185,-1.5549683850000045e-4,5.201978129999533e-5,0,305876,0.009,0.001478072699999748,-0.00188499150000002,0,-0.15551666666666678,-0.17780000000000007,0,0,334,-1
2136,-576457012284,0.9431452442547974,3.1343536798818663,-3.059969535000007e-4,1.146733082999927e-4,0,305886,0.01,0.006265352699999737,-0.015050011500000024,0,-0.06801666666666678,-0.02905000000000002,0,0,334,-1
2137,-576457012273,0.9431418805921874,3.1343558579745845,-3.667355685000009e-4,3.209452352999901e-4,0,305896,0.01,0.020627192699999738,-0.006073861500000023,0,-0.3130166666666668,-0.04654999999999998,0,0,334,-1
2138,-576457012264,0.9431378497024274,3.134359620058573,-4.3944238350000114e-4,4.314715622999877e-4,0,305906,0.01,0.01105263269999976,-0.007270681500000021,0,-0.08551666666666677,-0.09904999999999997,0,0,334,-1
2139,-576457012253,0.9431333311085174,3.1343643677238306,-4.6427639850000135e-4,5.180614892999852e-4,0,305916,0.01,0.008658992699999748,-0.002483401500000023,0,-0.2517666666666668,0.05844999999999989,0,0,334,-1
2140,-576457012242,0.9441324823018946,3.134929145411804,-4.3772696806339994e-4,7.757053000287651e-4,0,305927,0.011,0.02302083269999975,0.002303878499999983,0,1.9444833333333331,-0.20405000000000006,0,1,335,2
2141,-576457012233,0.944129506807639,3.1349374550964395,-1.5737188306340014e-4,8.862316270287627e-4,0,305937,0.01,0.01105263269999976,0.02803550849999998,0,-0.17301666666666676,0.19845000000000002,0,0,335,-1
2142,-576457012223,0.9441281679647334,3.1349463613958446,-1.1039669806340036e-4,8.950282540287603e-4,0,305947,0.01,8.796626999997621e-4,0.0046975184999999775,0,-0.16426666666666678,-0.055300000000000016,0,0,335,-1
2143,-576457012214,0.9441275382376778,3.13495541550252,-1.554871306340061e-5,9.157930810287581e-4,0,305957,0.01,0.002076482699999768,0.009484798499999975,0,-0.14676666666666677,0.0847,0,0,335,-1
2144,-576457012203,0.9441275278649722,3.134965006382965,1.3474171936599164e-5,0.0010023830080287555,0,305967,0.01,0.008658992699999748,0.0029022884999999774,0,-0.2342666666666668,0.02344999999999997,0,0,335,-1
2145,-576457012194,0.9441269699471165,3.13497591197018,0.0,0.0,1,305977,0.01,0.01763514269999974,-0.013853191500000027,0,-0.21676666666666677,-0.1078,0,0,335,-1
2146,-576457012183,0.9463193180350209,3.1342120356241225,0.0,0.0,1,305987,0.01,0.005068532699999765,-0.007869091500000015,0,-0.19926666666666676,-0.14280000000000004,0,1,336,1
2147,-576457012173,0.9463188647394459,3.1342127378582574,0.0,0.0,1,305997,0.01,0.014044682699999757,-0.00906591150000002,0,-0.04176666666666676,-0.08155000000000001,0,0,336,-1
2148,-576457012161,0.946318022477371,3.1342132007283925,-1.6845241500000025e-4,9.257402699999736e-5,0,306007,0.01,0.009257402699999735,-0.016845241500000024,0,-0.32176666666666676,-0.16905000000000003,0,0,336,-1
2149,-576457012154,0.946316064180646,3.1342145594182975,-2.2320693000000045e-4,1.7916395399999484e-4,0,306017,0.01,0.008658992699999748,-0.005475451500000021,0,-0.18176666666666677,-0.18655,0,0,336,-1
2150,-576457012142,0.946313797702771,3.134217232814972,-2.3008864500000069e-4,3.5551538099999223e-4,0,306027,0.01,0.01763514269999974,-6.881715000000228e-4,0,-0.015516666666666762,0.0847,0,0,336,-1
2151,-576457012133,0.946312090738246,3.1342217894079174,-1.1130426000000089e-4,5.558032079999897e-4,0,306037,0.01,0.02002878269999975,0.011878438499999979,0,-0.07676666666666676,-0.04654999999999998,0,0,336,-1
2152,-576457012123,0.946311451935571,3.134228139435632,-1.6456275000001144e-5,7.142023349999872e-4,0,306047,0.01,0.01583991269999975,0.009484798499999975,0,0.001983333333333226,-0.14280000000000004,0,0,336,-1
2153,-576457012113,0.9469463572838015,3.1345925635608474,0.0,0.0,1,306057,0.01,0.01284786269999975,0.021452998499999976,0,-0.09426666666666678,-0.055300000000000016,0,1,337,2
2154,-576457012103,0.9469470110467265,3.1345935350794822,0.0,0.0,1,306067,0.01,0.019430372699999733,0.013075258499999983,0,-0.17301666666666676,-0.055300000000000016,0,0,337,-1
2155,-576457012093,0.9469478144121515,3.1345943569956174,0.0,0.0,1,306077,0.01,0.016438322699999734,0.016067308499999978,0,-0.15551666666666678,0.11969999999999992,0,0,337,-1
2156,-576457012083,0.9469480492880765,3.1345949993887525,4.697518499999978e-5,1.284786269999975e-4,0,306087,0.01,0.01284786269999975,0.0046975184999999775,0,-0.26926666666666677,-0.02905000000000002,0,0,337,-1
2157,-576457012073,0.9469482452673514,3.1345969564886573,-7.779330000000431e-6,2.629413539999949e-4,0,306097,0.01,0.013446272699999737,-0.005475451500000021,0,-0.4442666666666668,-0.06405000000000005,0,0,337,-1
2158,-576457012063,0.9469479834629764,3.134600168454332,-4.458154500000063e-5,3.794517809999924e-4,0,306107,0.01,0.011651042699999746,-0.00368022150000002,0,-0.2605166666666668,-0.20405000000000006,0,0,337,-1
2159,-576457012053,0.9469469646699513,3.134604126637277,-1.5917706000000088e-4,4.121848079999898e-4,0,306117,0.01,0.0032733026999997397,-0.011459551500000024,0,-0.16426666666666678,-0.020299999999999985,0,0,337,-1
2160,-576457012040,0.9485560799059796,3.1340505059557358,-2.606299811786337e-4,4.6019282713702196e-4,0,306127,0.01,0.005068532699999765,-0.010262731500000026,0,-0.21676666666666677,0.04095000000000004,0,1,338,1
2161,-576457012033,0.9485532895950928,3.134055211708142,-2.974321961786339e-4,4.809576541370196e-4,0,306137,0.01,0.002076482699999768,-0.00368022150000002,0,-0.2342666666666668,0.04970000000000008,0,0,338,-1
2162,-576457012023,0.9485497422955559,3.1340604542343184,-4.1202771117863413e-4,5.675475811370171e-4,0,306147,0.01,0.008658992699999748,-0.011459551500000024,0,-0.17301666666666676,-0.11655000000000004,0,0,338,-1
2163,-576457012013,0.948545318325369,3.134067220910765,0.0,0.0,1,306157,0.01,0.021824012699999742,-0.006073861500000023,0,-0.12051666666666677,0.0059499999999999,0,0,338,-1
2164,-576457012003,0.948545313837294,3.1340680428269003,0.0,0.0,1,306167,0.01,0.016438322699999734,-8.97615000000285e-5,0,-0.11176666666666678,-0.04654999999999998,0,0,338,-1
2165,-576457011993,0.9485453392697191,3.134068834822535,0.0,0.0,1,306177,0.01,0.01583991269999975,5.086484999999744e-4,0,-0.04176666666666676,0.06719999999999993,0,0,338,-1
2166,-576457011983,0.9493588267831662,3.134521960161292,0.0,0.0,1,306187,0.01,0.016438322699999734,0.011280028499999983,0,-0.05926666666666677,-0.19530000000000003,0,1,339,2
2167,-576457011973,0.9493588222950912,3.134523260805427,0.0,0.0,1,306197,0.01,0.02601288269999978,-8.97615000000285e-5,0,-0.16426666666666678,0.0847,0,0,339,-1
2168,-576457011962,0.9493594461375162,3.134523514232062,0.0,0.0,1,306207,0.01,0.005068532699999765,0.012476848499999981,0,-0.17301666666666676,0.10220000000000007,0,0,339,-1
2169,-576457011953,0.9493600101389412,3.134524246386697,0.0,0.0,1,306217,0.01,0.014643092699999744,0.011280028499999983,0,-0.21676666666666677,0.0847,0,0,339,-1
2170,-576457011943,0.9493599458098663,3.134524858859332,0.0,0.0,1,306227,0.01,0.012249452699999731,-0.0012865815000000257,0,-0.15551666666666678,-0.2128,0,0,339,-1
2171,-576457011932,0.9493598515602912,3.134525441411467,0.0,0.0,1,306237,0.01,0.011651042699999746,-0.00188499150000002,0,-0.14676666666666677,0.02344999999999997,0,0,339,-1
2172,-576457011923,0.9493596376287162,3.1345258743611017,-4.278631500000023e-5,8.658992699999748e-5,0,306247,0.01,0.008658992699999748,-0.004278631500000023,0,-0.3830166666666668,0.05844999999999989,0,0,339,-1
2173,-576457011913,0.9484574644917314,3.134837456293631,-1.6948316596595217e-4,1.61515703238922e-4,0,306257,0.01,0.007462172699999743,-0.01265637150000002,0,-0.17301666666666676,0.06719999999999993,0,1,340,1
2174,-576457011903,0.9484557950924968,3.1348392351157983,-1.643966809659524e-4,1.942487302389194e-4,0,306267,0.01,0.0032733026999997397,5.086484999999744e-4,0,-0.26926666666666677,-0.09030000000000005,0,0,340,-1
2175,-576457011892,0.9484539371941121,3.134840832619736,-2.0718299596595265e-4,1.2525205723891718e-4,0,306277,0.01,-0.006899667300000224,-0.004278631500000023,0,-0.12926666666666675,-0.14280000000000004,0,0,340,-1
2176,-576457011883,0.9484518608760774,3.1348421291234434,-2.0808061096595293e-4,1.340486842389148e-4,0,306287,0.01,8.796626999997621e-4,-8.97615000000285e-5,0,-0.3917666666666668,0.07594999999999996,0,0,340,-1
2177,-576457011873,0.9484501645483927,3.1348441718444207,-1.3118492596595317e-4,2.7449551123891235e-4,0,306297,0.01,0.014044682699999757,0.0076895684999999745,0,-0.1380166666666668,-0.11655000000000004,0,0,340,-1
2178,-576457011864,0.948449326939058,3.134847888318168,-3.633694096595343e-5,4.687992382389097e-4,0,306307,0.01,0.019430372699999733,0.009484798499999975,0,-0.16426666666666678,-0.0027999999999999137,0,0,340,-1
2179,-576457011853,0.9484487795585733,3.134854206080185,-7.313915596595363e-5,7.947531652389073e-4,0,306317,0.01,0.03259539269999976,-0.00368022150000002,0,-0.08551666666666677,0.02344999999999997,0,0,340,-1
2180,-576457011843,0.9494451927425986,3.1354037517961832,-3.5829915208886756e-5,0.0011290708694004937,0,306327,0.01,0.03259539269999976,0.0035006984999999802,0,-0.14676666666666677,0.1634500000000001,0,1,341,2
2181,-576457011832,0.9494453685243716,3.1354158045800125,7.098626979111306e-5,0.001281485896400491,0,306337,0.01,0.015241502699999729,0.010681618499999981,0,-0.3042666666666668,0.05844999999999989,0,0,341,-1
2182,-576457011823,0.9494461935809945,3.1354300098446117,9.402505479111289e-5,0.0015595670234004886,0,306347,0.01,0.027808112699999773,0.002303878499999983,0,-0.16426666666666678,-0.037800000000000056,0,0,341,-1
2183,-576457011814,0.9494472785271968,3.135444687464287,1.4707410129111265e-4,0.0017021262377004862,0,306356,0.009,0.01583991269999975,0.005894338499999974,0,-0.2780166666666668,0.014699999999999935,0,0,341,-1
2184,-576457011805,0.9494483258931347,3.135462381040299,6.239908629111246e-5,0.0018365889647004837,0,306366,0.01,0.013446272699999737,-0.008467501500000018,0,0.01948333333333324,-0.09030000000000005,0,0,341,-1
2185,-576457011794,0.9494494540444225,3.1354806712310808,1.6323117129111233e-4,0.0018214491917004812,0,306376,0.01,-0.0015139773000002494,0.010083208499999986,0,-0.19051666666666678,-0.11655000000000004,0,0,341,-1
2186,-576457011784,0.9499354320464234,3.1353327937780056,2.253206843321179e-4,0.0017632410868901095,0,306386,0.01,-0.005104437300000233,0.005894338499999974,0,-0.16426666666666678,-0.23904999999999998,0,1,342,1
2187,-576457011773,0.9499377106856918,3.1353502308080095,2.3040716933211765e-4,0.0017241649138901073,0,306396,0.01,-0.003907617300000227,5.086484999999744e-4,0,-0.015516666666666762,0.10220000000000007,0,0,342,-1
2188,-576457011764,0.9499399205078101,3.1353676959632835,0.0,0.0,1,306406,0.01,0.004470122699999746,-0.00188499150000002,0,-0.18176666666666677,-0.020299999999999985,0,0,342,-1
2189,-576457011754,0.949940005781235,3.1353682485949186,0.0,0.0,1,306416,0.01,0.01105263269999976,0.0017054684999999801,0,-0.19926666666666676,-0.1078,0,0,342,-1
2190,-576457011744,0.9499393430421601,3.1353687413855535,-1.3254781500000024e-4,9.855812699999754e-5,0,306426,0.01,0.009855812699999755,-0.013254781500000024,0,-0.32176666666666676,0.0847,0,0,342,-1
2191,-576457011733,0.9499378036324351,3.1353705189624583,-1.7533413000000048e-4,2.56957253999995e-4,0,306436,0.01,0.01583991269999975,-0.004278631500000023,0,-0.3130166666666668,-0.04654999999999998,0,0,342,-1
2192,-576457011723,0.94993622532606,3.1353742395766333,-1.4032714500000068e-4,4.871655809999925e-4,0,306446,0.01,0.02302083269999975,0.0035006984999999802,0,-0.11176666666666678,0.0059499999999999,0,0,342,-1
2193,-576457011714,0.9499671796817989,3.1353981078159956,-1.2325480246147154e-4,7.353903072880343e-4,0,306456,0.01,0.024816062699999742,0.0017054684999999801,0,-0.29551666666666676,-0.055300000000000016,0,1,343,2
2194,-576457011704,0.9499657631226992,3.1354064033172033,-1.6005701746147174e-4,9.237099342880317e-4,0,306466,0.01,0.018831962699999746,-0.00368022150000002,0,-0.2517666666666668,-0.11655000000000004,0,0,343,-1
2195,-576457011694,0.9499649359974496,3.1354167316171813,-5.36803246147194e-6,0.0011419500612880292,0,306476,0.01,0.021824012699999742,0.015468898499999979,0,-0.2867666666666668,-0.09904999999999997,0,0,343,-1
2196,-576457011684,0.94996544631855,3.135429272238929,1.074322525385279e-4,0.0013661742882880264,0,306486,0.01,0.02242242269999973,0.011280028499999983,0,-0.08551666666666677,-0.1078,0,0,343,-1
2197,-576457011674,0.9499670846425003,3.1354443543079467,2.2023253753852774e-4,0.001650239515288024,0,306496,0.01,0.02840652269999976,0.011280028499999983,0,-0.03301666666666678,0.11094999999999988,0,0,343,-1
2198,-576457011663,0.9499699407308008,3.1354610203682345,3.5098512253852756e-4,0.0016829725422880214,0,306506,0.01,0.0032733026999997397,0.013075258499999983,0,-0.3305166666666668,-0.2128,0,0,343,-1
2199,-576457011653,0.9499736854579512,3.1354774452692924,3.9796030753852735e-4,0.001602007669288019,0,306516,0.01,-0.00809648730000023,0.0046975184999999775,0,-0.08551666666666677,0.04970000000000008,0,0,343,-1
2200,-576457011643,0.9504378303946888,3.13533536367054,5.902471188828145e-4,0.0015590666437032452,0,306526,0.01,-0.003907617300000227,0.019059358499999977,0,-0.10301666666666677,-0.13405,0,1,344,1
2201,-576457011633,0.9504434291728026,3.135349951102612,5.295085038828143e-4,0.0013584197707032426,0,306536,0.01,-0.020064687300000255,-0.006073861500000023,0,-0.21676666666666677,-0.020299999999999985,0,0,344,-1
2202,-576457011624,0.9504488992927664,3.135363579283454,5.645154888828141e-4,0.0013672163977032402,0,306546,0.01,8.796626999997621e-4,0.0035006984999999802,0,-0.12051666666666677,0.09345000000000003,0,0,344,-1
2203,-576457011604,0.9504540313110803,3.135377085987066,0.0,0.0,1,306556,0.01,-0.003309207300000241,-0.010262731500000026,0,-0.12926666666666675,-0.08155000000000001,0,0,344,-1
2204,-576457011603,0.9504533386515053,3.135377728380201,-1.3853191500000028e-4,1.284786269999975e-4,0,306566,0.01,0.01284786269999975,-0.013853191500000027,0,-0.2605166666666668,0.05844999999999989,0,0,344,-1
2205,-576457011594,0.9504512905932804,3.135379924844106,-2.710797300000005e-4,3.108141539999948e-4,0,306576,0.01,0.018233552699999725,-0.013254781500000024,0,-0.1380166666666668,0.12844999999999995,0,0,344,-1
2206,-576457011584,0.9504483060234054,3.135383346253281,-3.2583424500000075e-4,3.734676809999922e-4,0,306586,0.01,0.006265352699999737,-0.005475451500000021,0,-0.12051666666666677,-0.07279999999999998,0,0,344,-1
2207,-576457011574,0.9510752995291031,3.1357344190083625,-4.460533626241941e-4,7.186817824563797e-4,0,306596,0.01,0.034390622699999755,-0.012057961500000026,0,-0.42676666666666674,-0.07279999999999998,0,1,345,2
2208,-576457011563,0.9510707746664019,3.135743355277822,-4.5891917762419434e-4,0.0010685721094563774,0,306606,0.01,0.03498903269999977,-0.0012865815000000257,0,-0.17301666666666676,-0.09030000000000005,0,0,345,-1
2209,-576457011554,0.9510664502710506,3.1357554314045517,-4.059598926241945e-4,0.001346653236456375,0,306616,0.01,0.027808112699999773,0.005295928499999981,0,-0.1380166666666668,0.10220000000000007,0,0,345,-1
2210,-576457011544,0.9510631341965494,3.1357700190580515,-2.572550076241947e-4,0.0015708774634563723,0,306626,0.01,0.02242242269999973,0.01487048849999998,0,-0.12051666666666677,-0.020299999999999985,0,0,345,-1
2211,-576457011534,0.9510608862838982,3.135787028476821,-1.923275226241949e-4,0.0018310062904563701,0,306636,0.01,0.02601288269999978,0.006492748499999978,0,-0.19051666666666678,-0.07279999999999998,0,0,345,-1
2212,-576457011524,0.951058898679597,3.1358057415688605,0.0,0.0,1,306646,0.01,0.008060582699999763,-0.0012865815000000257,0,-0.12926666666666675,0.032200000000000006,0,0,345,-1
2213,-576457011513,0.9505975319036536,3.135963775696128,1.1875932235260216e-4,6.869495975071232e-5,0,306656,0.01,0.006863762699999757,0.011878438499999979,0,-0.2605166666666668,-0.1603,0,1,346,1
2214,-576457011504,0.9505990441343022,3.1359638483778607,1.8368680735260194e-4,-5.415861324929002e-5,0,306666,0.01,-0.012285357300000233,0.006492748499999978,0,-0.03301666666666678,-0.07279999999999998,0,0,346,-1
2215,-576457011494,0.9506009961963007,3.135963171251863,2.0672559235260178e-4,-8.126658624929258e-5,0,306676,0.01,-0.002710797300000255,0.002303878499999983,0,-0.08551666666666677,-0.07279999999999998,0,0,346,-1
2216,-576457011485,0.950602998504921,3.1359629359554213,2.382318788526016e-4,2.8978488050705e-5,0,306685,0.009,0.012249452699999731,0.0035006984999999802,0,-0.18176666666666677,-0.06405000000000005,0,0,346,-1
2217,-576457011474,0.9506054660971346,3.1359634492464368,2.552865638526014e-4,7.367971505070246e-5,0,306695,0.01,0.004470122699999746,0.0017054684999999801,0,-0.21676666666666677,0.014699999999999935,0,0,346,-1
2218,-576457011465,0.9506080144746981,3.135964499311222,0.0,0.0,1,306705,0.01,0.006265352699999737,-8.97615000000285e-5,0,-0.14676666666666677,-0.04654999999999998,0,0,346,-1
2219,-576457011455,0.9506079202251231,3.1359655905118573,0.0,0.0,1,306715,0.01,0.021824012699999742,-0.00188499150000002,0,-0.12051666666666677,0.02344999999999997,0,0,346,-1
2220,-576457011445,0.9498256008773713,3.135540401901787,0.0,0.0,1,306725,0.01,0.02002878269999975,-0.0048770415000000174,0,-0.21676666666666677,-0.09030000000000005,0,1,347,2
2221,-576457011435,0.9498254467867964,3.135542001750922,0.0,0.0,1,306735,0.01,0.031996982699999774,-0.003081811500000026,0,-0.12926666666666675,-0.12529999999999997,0,0,347,-1
2222,-576457011423,0.9498255619807213,3.135543332315557,0.0,0.0,1,306745,0.01,0.026611292699999768,0.002303878499999983,0,-0.12926666666666675,0.10220000000000007,0,0,347,-1
2223,-576457011415,0.9498258267771463,3.135544992005692,0.0,0.0,1,306755,0.01,0.03319380269999978,0.005295928499999981,0,-0.05926666666666677,-0.06405000000000005,0,0,347,-1
2224,-576457011405,0.9498253435610713,3.1355455446373273,0.0,0.0,1,306765,0.01,0.01105263269999976,-0.009664321500000024,0,-0.17301666666666676,-0.08155000000000001,0,0,347,-1
2225,-576457011396,0.9498249501064963,3.1355465460764624,0.0,0.0,1,306775,0.01,0.02002878269999975,-0.007869091500000015,0,-0.18176666666666677,-0.14280000000000004,0,0,347,-1
2226,-576457011385,0.9498249156979213,3.1355464404570976,-6.881715000000229e-6,-2.1123873000002354e-5,0,306785,0.01,-0.0021123873000002354,-6.881715000000228e-4,0,1.9532333333333332,0.10220000000000007,0,0,347,-1
2227,-576457011375,0.9505360104451284,3.135305028174116,-2.5606591832463308e-5,-1.8597094867689162e-5,0,306795,0.01,2.8125269999974215e-4,-0.00188499150000002,0,-0.21676666666666677,-0.2128,0,1,348,1
2228,-576457011365,0.950535929414135,3.1353042279353023,9.400393167536493e-6,-1.414506678676915e-4,0,306805,0.01,-0.012285357300000233,0.0035006984999999802,0,-0.09426666666666678,0.014699999999999935,0,0,348,-1
2229,-576457011355,0.9505363480554917,3.135302977093758,7.432787816753627e-5,-1.0871764086769411e-4,0,306815,0.01,0.0032733026999997397,0.006492748499999978,0,-0.12926666666666675,-0.08155000000000001,0,0,348,-1
2230,-576457011345,0.9505375057331983,3.1353019937414843,1.5720766316753605e-4,-8.795281386769644e-5,0,306825,0.01,0.002076482699999768,0.008287978499999979,0,-0.18176666666666677,0.02344999999999997,0,0,348,-1
2231,-576457011335,0.950539402447255,3.1353010085939808,0.0,0.0,1,306835,0.01,-0.0021123873000002354,0.006492748499999978,0,0.02823333333333322,0.07594999999999996,0,0,348,-1
2233,-576457011307,0.9505416285324549,3.135302022300521,1.717436699999996e-4,1.2530705399999508e-4,0,306855,0.01,0.008658992699999748,0.0035006984999999802,0,-0.2780166666666668,-0.020299999999999985,0,0,348,-1
2234,-576457011306,0.9505427585848593,3.1353039369941014,7.937908649999937e-5,3.0018040829999265e-4,0,306864,0.009,0.019430372699999733,-0.010262731500000026,0,-0.17301666666666676,-0.11655000000000004,0,0,348,-1
2235,-576457011296,0.9501938487798415,3.135118958588487,9.62298525135667e-5,6.134264284159671e-4,0,306874,0.01,0.03139857269999975,0.0017054684999999801,0,-0.1380166666666668,-0.037800000000000056,0,1,349,2
2236,-576457011286,0.9501943278622915,3.1351267525429063,-4.1336248643354006e-7,9.453644554159649e-4,0,306884,0.01,0.03319380269999978,-0.009664321500000024,0,-0.2780166666666668,-0.01154999999999995,0,0,349,-1
2237,-576457011276,0.9501937507510916,3.1351373273085956,-1.1500887748643378e-4,0.0011695886824159621,0,306894,0.01,0.02242242269999973,-0.011459551500000024,0,-0.07676666666666676,0.04095000000000004,0,0,349,-1
2238,-576457011266,0.9501921174462417,3.135150144316555,-2.1165209248643404e-4,0.0013938129094159593,0,306904,0.01,0.02242242269999973,-0.009664321500000024,0,1.9444833333333331,0.0847,0,0,349,-1
2239,-576457011256,0.9501897869937418,3.135165293328284,-2.5443840748643425e-4,0.0016359894364159566,0,306914,0.01,0.02421765269999972,-0.004278631500000023,0,-0.17301666666666676,0.10220000000000007,0,0,349,-1
2240,-576457011246,0.9502914235113517,3.1351464406160674,-2.1914629882236811e-4,0.0016501194762092435,0,306924,0.01,0.001478072699999748,0.0035006984999999802,0,-0.12051666666666677,-0.15155000000000007,0,1,350,1
2241,-576457011236,0.9502888086732885,3.1351631653169645,-3.038213138223683e-4,0.001694820703209241,0,306934,0.01,0.004470122699999746,-0.008467501500000018,0,-0.11176666666666678,0.14595000000000002,0,0,350,-1
2242,-576457011226,0.9502858856540752,3.1351795291766313,-2.807825288223685e-4,0.0015779512302092386,0,306944,0.01,-0.011686947300000246,0.002303878499999983,0,-0.18176666666666677,-0.15155000000000007,0,0,350,-1
2243,-576457011216,0.950283133181712,3.1351952928310687,-2.6971194382236863e-4,0.0015747796572092361,0,306954,0.01,-3.171573000002437e-4,0.0011070584999999858,0,-0.2867666666666668,0.02344999999999997,0,0,350,-1
2244,-576457011206,0.9502806709381988,3.135210605882776,-2.2273675882236884e-4,0.0014878306842092336,0,306964,0.01,-0.00869489730000025,0.0046975184999999775,0,-0.07676666666666676,0.0059499999999999,0,0,350,-1
2245,-576457011196,0.9502794264590355,3.135225468331753,-2.6159073822369053e-5,0.0014846591112092312,0,306974,0.01,-3.171573000002437e-4,0.019657768499999978,0,-0.3042666666666668,-0.17780000000000007,0,0,350,-1
2246,-576457011187,0.9502794595852223,3.1352408077135,3.278431117763069e-5,0.0015832172382092289,0,306984,0.01,0.009855812699999755,0.005894338499999974,0,-0.09426666666666678,-0.18655,0,0,350,-1
2247,-576457011176,0.9495809468219861,3.134879936308247,1.5743180826307694e-4,0.0016716630086651538,0,306994,0.01,0.01105263269999976,0.013075258499999983,0,-0.2342666666666668,0.1634500000000001,0,1,351,2
2248,-576457011166,0.9495823670494938,3.134897594536469,1.266136932630767e-4,0.0018599826356651512,0,307004,0.01,0.018831962699999746,-0.003081811500000026,0,-0.12051666666666677,-0.12529999999999997,0,0,351,-1
2249,-576457011156,0.9495837483803514,3.1349171658814603,1.4965247826307653e-4,0.0020542863626651486,0,307014,0.01,0.019430372699999733,0.002303878499999983,0,-0.09426666666666678,0.11969999999999992,0,0,351,-1
2250,-576457011146,0.949584462484059,3.134938680263722,0.0,0.0,1,307024,0.01,0.019430372699999733,-0.01564842150000002,0,-0.15551666666666678,0.05844999999999989,0,0,351,-1
2251,-576457011136,0.949584338313984,3.134939771464357,0.0,0.0,1,307034,0.01,0.021824012699999742,-0.002483401500000023,0,-0.12051666666666677,-0.11655000000000004,0,0,351,-1
2252,-576457011126,0.949583914938909,3.134940922505992,0.0,0.0,1,307044,0.01,0.02302083269999975,-0.008467501500000018,0,-0.20801666666666677,-0.15155000000000007,0,0,351,-1
2253,-576457011116,0.949583312040834,3.134941056250627,0.0,0.0,1,307054,0.01,0.002674892699999754,-0.012057961500000026,0,-0.09426666666666678,0.04095000000000004,0,0,351,-1
2254,-576457011106,0.9486243995459545,3.1352659519754025,0.0,0.0,1,307064,0.01,0.005068532699999765,-0.005475451500000021,0,-0.22551666666666678,-0.0027999999999999137,0,1,352,1
2255,-576457011096,0.9486242454553795,3.1352661754815374,0.0,0.0,1,307074,0.01,0.004470122699999746,-0.003081811500000026,0,-0.19926666666666676,0.12844999999999995,0,0,352,-1
2256,-576457011087,0.9486238220803045,3.1352655312931725,0.0,0.0,1,307084,0.01,-0.012883767300000253,-0.008467501500000018,0,-0.03301666666666678,-0.01154999999999995,0,0,352,-1
2257,-576457011076,0.9486241167972295,3.1352656351173076,5.8943384999999744e-5,2.076482699999768e-5,0,307094,0.01,0.002076482699999768,0.005894338499999974,0,-0.29551666666666676,-0.15155000000000007,0,0,352,-1
2258,-576457011066,0.9486252103915044,3.135265467861713,1.597754699999996e-4,-5.421594600000477e-5,0,307104,0.01,-0.007498077300000244,0.010083208499999986,0,-0.32176666666666676,-0.13405,0,0,352,-1
2259,-576457011056,0.9486276414321294,3.1352651791288877,3.2643265499999937e-4,-3.53061900000711e-6,0,307114,0.01,0.005068532699999765,0.016665718499999975,0,-0.17301666666666676,-0.07279999999999998,0,0,352,-1
2260,-576457011046,0.9486314697601044,3.1352655767723325,4.392329399999992e-4,8.305930799999037e-5,0,307124,0.01,0.008658992699999748,0.011280028499999983,0,-0.16426666666666678,0.04095000000000004,0,0,352,-1
2264,-576457010985,0.9485267098472675,3.1352133567711693,6.868450479905726e-4,8.179142310686905e-4,0,307164,0.01,0.023619242699999734,-0.003081811500000026,0,-0.08551666666666677,-0.09030000000000005,0,0,353,-1
2265,-576457010984,0.9485336635711724,3.1352229861601146,7.038997329905724e-4,0.0011079635580686883,0,307174,0.01,0.029004932699999778,0.0017054684999999801,0,-0.12051666666666677,-0.1078,0,0,353,-1
2266,-576457010984,0.9485401295909273,3.1352350672348304,5.893042179905722e-4,0.0013082513850686858,0,307184,0.01,0.02002878269999975,-0.011459551500000024,0,-0.16426666666666678,0.04095000000000004,0,0,353,-1
2267,-576457010975,0.9485459583040322,3.135249300790316,5.76438402990572e-4,0.0015384597120686834,0,307194,0.01,0.02302083269999975,-0.0012865815000000257,0,-0.1380166666666668,0.20720000000000005,0,0,353,-1
2268,-576457010966,0.9481823566326995,3.1353900428721913,0.0,0.0,1,307204,0.01,0.01583991269999975,-0.008467501500000018,0,-0.050516666666666765,0.0847,0,1,354,1
2269,-576457010956,0.9481820529396244,3.1353900270143265,-6.073861500000023e-5,-3.171573000002437e-6,0,307214,0.01,-3.171573000002437e-4,-0.006073861500000023,0,-0.2780166666666668,-0.13405,0,0,354,-1
2270,-576457010946,0.9481813812243994,3.1353902188047313,-7.360443000000049e-5,4.1529653999995024e-5,0,307224,0.01,0.004470122699999746,-0.0012865815000000257,0,-0.26926666666666677,0.06719999999999993,0,0,354,-1
2271,-576457010936,0.9481806706125245,3.135391306414906,-6.851794500000075e-5,1.759923809999924e-4,0,307234,0.01,0.013446272699999737,5.086484999999744e-4,0,-0.15551666666666678,-0.04654999999999998,0,0,354,-1
2272,-576457010926,0.9481800407859996,3.1353932300038507,-5.7447360000000886e-5,2.087254079999898e-4,0,307244,0.01,0.0032733026999997397,0.0011070584999999858,0,-0.3830166666666668,-0.15155000000000007,0,0,354,-1
2273,-576457010913,0.9481801200753246,3.1353956604460653,7.330522499999896e-5,2.7736303499998737e-4,0,307254,0.01,0.006863762699999757,0.013075258499999983,0,-0.06801666666666678,-0.08155000000000001,0,0,354,-1
2274,-576457010905,0.9481817163339996,3.1353986276620502,2.4594650999999875e-4,3.16080161999985e-4,0,307264,0.01,0.0038717126999997594,0.01726412849999998,0,-0.24301666666666677,0.04095000000000004,0,0,354,-1
2275,-576457010896,0.947537909725731,3.135056911566885,4.5924187203176233e-4,3.9817896108214926e-4,0,307274,0.01,0.008658992699999748,0.021452998499999976,0,-0.050516666666666765,-0.04654999999999998,0,1,355,2
2276,-576457010886,0.9475434850328763,3.135061655431631,6.558195570317621e-4,5.505939880821465e-4,0,307284,0.01,0.015241502699999729,0.019657768499999978,0,-0.09426666666666678,-0.06405000000000005,0,0,355,-1
2277,-576457010876,0.9475502182633716,3.135067923446647,0.0,0.0,1,307294,0.01,0.015241502699999729,0.0035006984999999802,0,-0.16426666666666678,-0.055300000000000016,0,0,355,-1
2278,-576457010866,0.9475504531392966,3.135068775283282,4.697518499999978e-5,1.7036732699999755e-4,0,307304,0.01,0.017036732699999755,0.0046975184999999775,0,-0.2605166666666668,-0.11655000000000004,0,0,355,-1
2279,-576457010856,0.9475510081645716,3.135071151270187,6.402986999999958e-5,3.048300539999949e-4,0,307314,0.01,0.013446272699999737,0.0017054684999999801,0,-0.24301666666666677,-0.02905000000000002,0,0,355,-1
2280,-576457010845,0.9475518534186965,3.135074901804862,1.050209549999994e-4,4.452768809999925e-4,0,307324,0.01,0.014044682699999757,0.004099108499999983,0,-0.14676666666666677,0.04095000000000004,0,0,355,-1
2281,-576457010831,0.9459648135993134,3.1356141608149173,-1.6668232773097554e-5,6.600639642723273e-4,0,307334,0.01,0.021225602699999725,-0.012057961500000026,0,-0.12926666666666675,-0.02905000000000002,0,1,356,1
2282,-576457010823,0.9459640331053455,3.135624130684721,-1.0340776227309777e-4,8.737621593723238e-4,0,307347,0.013,0.016438322699999734,-0.0066722715000000175,0,-0.18176666666666677,0.0847,0,0,356,-1
2283,-576457010811,0.9459621866861477,3.1356336004609497,0.0,0.0,1,307357,0.01,0.014643092699999744,-0.01624683150000002,0,-0.050516666666666765,-0.02905000000000002,0,0,356,-1
2284,-576457010801,0.9459615837880727,3.135634153092585,0.0,0.0,1,307367,0.01,0.01105263269999976,-0.012057961500000026,0,-0.04176666666666676,-0.01154999999999995,0,0,356,-1
2285,-576457010793,0.9459614596179977,3.1356345860422197,-2.4834015000000228e-5,8.658992699999748e-5,0,307377,0.01,0.008658992699999748,-0.002483401500000023,0,-0.26926666666666677,-0.020299999999999985,0,0,356,-1
2286,-576457010781,0.9459613264717727,3.1356354959246246,-1.7952300000003979e-6,9.53865539999951e-5,0,307387,0.01,8.796626999997621e-4,0.002303878499999983,0,-0.11176666666666678,-0.01154999999999995,0,0,356,-1
2287,-576457010773,0.9459613339518977,3.1356367630577995,3.2912549999993456e-6,1.580400809999925e-4,0,307397,0.01,0.006265352699999737,5.086484999999744e-4,0,-0.20801666666666677,0.11969999999999992,0,0,356,-1
2288,-576457010762,0.945207035237887,3.1352308719353803,1.8537134201586668e-6,2.6061292912084864e-4,0,307407,0.01,0.01045422269999974,-8.97615000000285e-5,0,-0.2780166666666668,-0.18655,0,1,357,2
2289,-576457010753,0.9452073185714461,3.1352339409348065,5.4812998420158476e-5,3.53186956120846e-4,0,307417,0.01,0.009257402699999735,0.005295928499999981,0,-0.19051666666666678,-0.1603,0,0,357,-1
2290,-576457010743,0.9452084905438554,3.1352383545615026,1.795814834201583e-4,5.295383831208434e-4,0,307427,0.01,0.01763514269999974,0.012476848499999981,0,-0.3305166666666668,0.10220000000000007,0,0,357,-1
2291,-576457010733,0.9452109999626145,3.135244591543469,3.2230226842015807e-4,7.178580101208408e-4,0,307437,0.01,0.018831962699999746,0.014272078499999981,0,-0.3042666666666668,-0.055300000000000016,0,0,357,-1
2292,-576457010722,0.9452154751582237,3.135252322755205,5.727368534201578e-4,8.283843371208384e-4,0,307447,0.01,0.01105263269999976,0.025043458499999977,0,-0.2605166666666668,-0.020299999999999985,0,0,357,-1
2293,-576457010712,0.9452216250178206,3.135262284686217,5.454194369201575e-4,9.828758468208357e-4,0,307458,0.011,0.014044682699999757,-0.002483401500000023,0,-0.26926666666666677,0.0059499999999999,0,0,357,-1
2294,-576457010701,0.947146423754562,3.1346273368306217,5.105182865729355e-4,0.0010634958507351052,0,307468,0.01,0.009855812699999755,-0.004278631500000023,0,-0.3567666666666668,-0.02905000000000002,0,1,358,1
2295,-576457010690,0.9471515271718736,3.1346394143388183,4.173757700729353e-4,0.0011324147304351024,0,307479,0.011,0.006265352699999737,-0.008467501500000018,0,-0.24301666666666677,-0.04654999999999998,0,0,358,-1
2296,-576457010681,0.9471550381904993,3.1346508722307576,2.848279550729351e-4,0.0011591636574350998,0,307489,0.01,0.002674892699999754,-0.013254781500000024,0,-0.07676666666666676,0.11969999999999992,0,0,358,-1
2297,-576457010671,0.9471571339694751,3.134663016498967,1.3432784007293486e-4,0.0012696899844350973,0,307499,0.01,0.01105263269999976,-0.015050011500000024,0,-0.2867666666666668,-0.12529999999999997,0,0,358,-1
2298,-576457010661,0.9471579042703008,3.1346761762689463,1.9732325072934615e-5,0.0013622640114350946,0,307509,0.01,0.009257402699999735,-0.011459551500000024,0,-0.12926666666666675,-0.0027999999999999137,0,0,358,-1
2299,-576457010651,0.9471573490929766,3.1346902318586953,-1.3076778992706563e-4,0.0014488539384350922,0,307519,0.01,0.008658992699999748,-0.015050011500000024,0,-0.08551666666666677,-0.06405000000000005,0,0,358,-1
2300,-576457010641,0.9471558873245023,3.134704794301715,-1.615859049270659e-4,0.0014636346654350897,0,307529,0.01,0.001478072699999748,-0.003081811500000026,0,-0.2342666666666668,-0.07279999999999998,0,0,358,-1
2301,-576457010630,0.9467551110827784,3.1345059653424907,1.6902022212794682e-5,0.0016071555692344299,0,307540,0.011,0.014643092699999744,0.016665718499999975,0,-0.3917666666666668,-0.12529999999999997,0,1,359,2
2302,-576457010621,0.9467557442777376,3.134520950081053,1.2380796871279447e-4,0.0017227863335344275,0,307549,0.009,0.01284786269999975,0.011878438499999979,0,-0.07676666666666676,0.10220000000000007,0,0,359,-1
2303,-576457010611,0.9467575762793496,3.1345382817685237,2.4259235371279427e-4,0.0017435511605344252,0,307559,0.01,0.002076482699999768,0.011878438499999979,0,-0.11176666666666678,-0.01154999999999995,0,0,359,-1
2304,-576457010600,0.9467607158068118,3.134556718719264,3.8531313871279405e-4,0.0019438389875344228,0,307569,0.01,0.02002878269999975,0.014272078499999981,0,-0.10301666666666677,-0.09030000000000005,0,0,359,-1
2305,-576457010590,0.9467652526216239,3.1345771286277744,5.220498237127938e-4,0.00213814271453442,0,307579,0.01,0.019430372699999733,0.013673668499999979,0,-0.19926666666666676,-0.23030000000000006,0,0,359,-1
2306,-576457010581,0.9467709174392861,3.1345987934020547,6.109137087127936e-4,0.0021948121415344174,0,307589,0.01,0.005666942699999751,0.008886388499999972,0,-0.4180166666666668,-0.16905000000000003,0,0,359,-1
2307,-576457010570,0.9467775008162982,3.134620994950105,7.057616937127933e-4,0.002245497468534415,0,307599,0.01,0.005068532699999765,0.009484798499999975,0,-0.2517666666666668,-0.22155000000000002,0,0,359,-1
2308,-576457010560,0.947863357703485,3.1342762673530946,7.18184546958743e-4,0.002388332163768658,0,307609,0.01,0.02002878269999975,-0.0012865815000000257,0,-0.16426666666666678,-0.055300000000000016,0,1,360,1
2309,-576457010551,0.9478703555378795,3.1343011521138675,6.813823319587428e-4,0.0025886199907686554,0,307619,0.01,0.02002878269999975,-0.00368022150000002,0,-0.19926666666666676,-0.11655000000000004,0,0,360,-1
2310,-576457010540,0.9478771050321241,3.13432762086591,6.685165169587426e-4,0.002705130417768653,0,307629,0.01,0.011651042699999746,-0.0012865815000000257,0,-0.20801666666666677,-0.15155000000000007,0,0,360,-1
2311,-576457010531,0.9478829778557186,3.1343551051197225,5.060482019587424e-4,0.0027917203447686504,0,307639,0.01,0.008658992699999748,-0.01624683150000002,0,-0.02426666666666677,0.05844999999999989,0,0,360,-1
2312,-576457010521,0.9478874055191632,3.134383694636805,0.0,0.0,1,307649,0.01,0.013446272699999737,-0.01265637150000002,0,-0.015516666666666762,0.14595000000000002,0,0,360,-1
2313,-576457010511,0.9478869821440882,3.13438421734794,0.0,0.0,1,307659,0.01,0.01045422269999974,-0.008467501500000018,0,-0.07676666666666676,0.04970000000000008,0,0,360,-1
2314,-576457010500,0.9478872469405132,3.134384769979575,5.295928499999981e-5,1.105263269999976e-4,0,307669,0.01,0.01105263269999976,0.005295928499999981,0,-0.34801666666666675,-0.0027999999999999137,0,0,360,-1
2315,-576457010491,0.947659668594198,3.1342599825770496,1.0586791134428593e-4,1.9693197157536073e-4,0,307679,0.01,0.008658992699999748,0.005295928499999981,0,-0.06801666666666678,-0.09904999999999997,0,1,361,2
2316,-576457010481,0.9476607527057366,3.1342622950849,1.1095439634428567e-4,2.655695985753583e-4,0,307689,0.01,0.006863762699999757,5.086484999999744e-4,0,-0.06801666666666678,-0.09030000000000005,0,0,361,-1
2317,-576457010472,0.947661947523125,3.134265712856021,1.2800908134428547e-4,4.1798462557535556e-4,0,307699,0.01,0.015241502699999729,0.0017054684999999801,0,-0.08551666666666677,-0.29155,0,0,361,-1
2318,-576457010401,0.9476636420128635,3.1342708343004118,2.1088886634428527e-4,6.06304252575353e-4,0,307709,0.01,0.018831962699999746,0.008287978499999979,0,-0.19926666666666676,-0.0027999999999999137,0,0,361,-1
2319,-576457010401,0.9476652377649519,3.1342780783050728,1.08261551344285e-4,8.424966795753503e-4,0,307719,0.01,0.023619242699999734,-0.010262731500000026,0,-0.11176666666666678,0.014699999999999935,0,0,361,-1
2320,-576457010400,0.9476665552563904,3.1342869960625035,1.5523673634428478e-4,9.410548065753478e-4,0,307729,0.01,0.009855812699999755,0.0046975184999999775,0,-0.19926666666666676,0.06719999999999993,0,0,361,-1
2321,-576457010400,0.9476686716251789,3.134297019083204,2.680370213442846e-4,0.001063549333575345,0,307739,0.01,0.012249452699999731,0.011280028499999983,0,-0.16426666666666678,-0.055300000000000016,0,0,361,-1
2322,-576457010400,0.9476715868713174,3.1343079080031746,0.0,0.0,1,307749,0.01,0.005068532699999765,0.0046975184999999775,0,-0.2342666666666668,-0.08155000000000001,0,0,361,-1
2323,-576457010399,0.9476715524627424,3.1343080716683094,0.0,0.0,1,307759,0.01,0.0032733026999997397,-6.881715000000228e-4,0,-0.19051666666666678,-0.055300000000000016,0,0,361,-1
2324,-576457010299,0.9476712786901673,3.1343082951744443,0.0,0.0,1,307769,0.01,0.004470122699999746,-0.005475451500000021,0,-0.21676666666666677,-0.08155000000000001,0,0,361,-1
2325,-576457010298,0.9495852013969909,3.1336503274354444,0.0,0.0,1,307779,0.01,0.007462172699999743,-0.015050011500000024,0,-0.006766666666666782,-0.06405000000000005,0,1,362,1
2326,-576457010298,0.9495846882604159,3.1336505509415793,0.0,0.0,1,307789,0.01,0.004470122699999746,-0.010262731500000026,0,-0.20801666666666677,0.0059499999999999,0,0,362,-1
2327,-576457010297,0.9495843845673408,3.1336507445272144,0.0,0.0,1,307799,0.01,0.0038717126999997594,-0.006073861500000023,0,-0.1380166666666668,-0.09030000000000005,0,0,362,-1
2328,-576457010297,0.9495840210332659,3.1336511475563493,0.0,0.0,1,307809,0.01,0.008060582699999763,-0.007270681500000021,0,-0.07676666666666676,-0.19530000000000003,0,0,362,-1
2329,-576457010297,0.9495839567041909,3.133652029313484,0.0,0.0,1,307819,0.01,0.01763514269999974,-0.0012865815000000257,0,-0.11176666666666678,-0.08155000000000001,0,0,362,-1
2330,-576457010296,0.9495842215006159,3.1336525819451193,5.295928499999981e-5,1.105263269999976e-4,0,307829,0.01,0.01105263269999976,0.005295928499999981,0,-0.3130166666666668,-0.11655000000000004,0,0,362,-1
2331,-576457010296,0.949584597002891,3.133654539045024,2.2141169999999548e-5,2.8089365399999516e-4,0,307839,0.01,0.017036732699999755,-0.003081811500000026,0,-0.3830166666666668,0.0059499999999999,0,0,362,-1
2332,-576457010296,0.9495849336085159,3.133657751010699,4.517995499999938e-5,3.614994809999928e-4,0,307849,0.01,0.008060582699999763,0.002303878499999983,0,-0.1380166666666668,-0.1603,0,0,362,-1
2333,-576457010296,0.9495853123571651,3.1336616460224924,3.898641149999917e-5,5.040586952999906e-4,0,307858,0.009,0.01583991269999975,-6.881715000000228e-4,0,-0.2780166666666668,0.014699999999999935,0,0,362,-1
2334,-576457010295,0.9495864756662051,3.133667867571581,1.9367539649999896e-4,7.40251122299988e-4,0,307868,0.01,0.023619242699999734,0.015468898499999979,0,-0.05926666666666677,-0.12529999999999997,0,0,362,-1
2335,-576457010279,0.9495884378525952,3.133675493588939,1.9876188149999872e-4,7.849523492999854e-4,0,307878,0.01,0.004470122699999746,5.086484999999744e-4,0,-0.20801666666666677,0.10220000000000007,0,0,362,-1
2336,-576457010279,0.9493926151264125,3.1337536072453283,4.013922734492598e-4,8.877886228190535e-4,0,307889,0.011,0.009257402699999735,0.01846094849999998,0,-0.08551666666666677,-0.14280000000000004,0,1,364,1
2337,-576457010271,0.949396834004572,3.1337624094326917,4.423833584492596e-4,8.72648849819051e-4,0,307899,0.01,-0.0015139773000002494,0.004099108499999983,0,-0.19051666666666678,-0.11655000000000004,0,0,364,-1
2338,-576457010261,0.9494016423165814,3.1337712995863245,0.0,0.0,1,307909,0.01,0.0032733026999997397,0.0076895684999999745,0,-0.11176666666666678,-0.07279999999999998,0,0,364,-1
2339,-576457010251,0.9494014283850064,3.1337717026154595,0.0,0.0,1,307919,0.01,0.008060582699999763,-0.004278631500000023,0,-0.04176666666666676,0.05844999999999989,0,0,364,-1
2340,-576457010241,0.9494011845329314,3.1337722851675944,0.0,0.0,1,307929,0.01,0.011651042699999746,-0.0048770415000000174,0,-0.19926666666666676,-0.0027999999999999137,0,0,364,-1
2341,-576457010231,0.950498890226481,3.134380042943746,0.0,0.0,1,307939,0.01,0.01763514269999974,0.010083208499999986,0,-0.19926666666666676,0.0059499999999999,0,1,365,2
2342,-576457010221,0.950498317248906,3.134380565654881,0.0,0.0,1,307949,0.01,0.01045422269999974,-0.011459551500000024,0,-0.07676666666666676,0.032200000000000006,0,0,365,-1
2343,-576457010210,0.950497624589331,3.134381926140016,0.0,0.0,1,307959,0.01,0.027209702699999786,-0.013853191500000027,0,-0.15551666666666678,-0.1078,0,0,365,-1
2344,-576457010200,0.950497799624256,3.1343827480561512,0.0,0.0,1,307969,0.01,0.016438322699999734,0.0035006984999999802,0,0.03698333333333326,-0.0027999999999999137,0,0,365,-1
2345,-576457010190,0.9504977951361809,3.1343833306082862,0.0,0.0,1,307979,0.01,0.011651042699999746,-8.97615000000285e-5,0,-0.16426666666666678,-0.09030000000000005,0,0,365,-1
2346,-576457010181,0.9504975213636059,3.1343835241939213,0.0,0.0,1,307989,0.01,0.0038717126999997594,-0.005475451500000021,0,-0.10301666666666677,-0.18655,0,0,365,-1
2347,-576457010169,0.9504979656830309,3.1343838075410564,0.0,0.0,1,307999,0.01,0.005666942699999751,0.008886388499999972,0,-0.16426666666666678,0.04095000000000004,0,0,365,-1
2348,-576457010159,0.949892274889985,3.1345937116342983,0.0,0.0,1,308010,0.011,0.012249452699999731,0.010083208499999986,0,-0.09426666666666678,0.0847,0,1,366,1
2349,-576457010150,0.94989233024291,3.1345941745044335,0.0,0.0,1,308020,0.01,0.009257402699999735,0.0011070584999999858,0,-0.06801666666666678,-0.055300000000000016,0,0,366,-1
2350,-576457010141,0.9498926174348292,3.134594428251218,0.0,0.0,1,308029,0.009,0.006265352699999737,0.007091158499999981,0,-0.19051666666666678,-0.23904999999999998,0,0,366,-1
2351,-576457010129,0.9498928654308935,3.1345948435088613,0.0,0.0,1,308040,0.011,0.006863762699999757,0.004099108499999983,0,-0.24301666666666677,-0.07279999999999998,0,0,366,-1
2352,-576457010120,0.9498929507043185,3.134595366219996,1.70546849999998e-5,1.045422269999974e-4,0,308050,0.01,0.01045422269999974,0.0017054684999999801,0,-0.2517666666666668,-0.16905000000000003,0,0,366,-1
2353,-576457010109,0.9498936553320935,3.134596665068901,1.238708699999996e-4,1.5522755399999504e-4,0,308060,0.01,0.005068532699999765,0.010681618499999981,0,0.07198333333333323,-0.09030000000000005,0,0,366,-1
2354,-576457010099,0.9498948596322184,3.134598440850576,1.1698915499999938e-4,1.999287809999925e-4,0,308070,0.01,0.004470122699999746,-6.881715000000228e-4,0,-0.14676666666666677,0.05844999999999989,0,0,366,-1
2355,-576457010089,0.9500845509031076,3.134705228069476,8.03427224639052e-5,3.8881380293155946e-4,0,308080,0.01,0.018831962699999746,-0.00368022150000002,0,-0.17301666666666676,-0.16905000000000003,0,1,367,2
2356,-576457010079,0.950085067204434,3.1347102099093918,1.3530245963904952e-5,5.169752726315567e-4,0,308091,0.011,0.011651042699999746,-0.006073861500000023,0,-0.22551666666666678,-0.13405,0,0,367,-1
2357,-576457010068,0.9500847791318187,3.1347162913397533,0.0,0.0,1,308101,0.01,0.018233552699999725,-0.008467501500000018,0,-0.14676666666666677,0.032200000000000006,0,0,367,-1
2358,-576457010059,0.9500842360747437,3.1347170534148883,0.0,0.0,1,308111,0.01,0.015241502699999729,-0.010861141500000029,0,-0.05926666666666677,-0.02905000000000002,0,0,367,-1
2359,-576457010048,0.9500841717456687,3.1347177855695234,0.0,0.0,1,308121,0.01,0.014643092699999744,-0.0012865815000000257,0,-0.006766666666666782,-0.037800000000000056,0,0,367,-1
2360,-576457010039,0.9500841971780938,3.1347184878036582,0.0,0.0,1,308131,0.01,0.014044682699999757,5.086484999999744e-4,0,-0.24301666666666677,-0.055300000000000016,0,0,367,-1
