1,-576460730294,0.8996363784953052,3.1508051619032527,0.0,0.0
2,-576460730289,0.899636590369739,3.150804614988924,6.0046601600000076e-5,-1.5499910115999955e-4
3,-576460730274,0.8996380336920154,3.1507999909621023,1.3342823439999998e-4,-4.648436363599996e-4
4,-576460730257,0.8996409838493086,3.1507891963749666,2.1638587517999985e-4,-8.151216373799996e-4
5,-576460730239,0.9000489015993026,3.1523073801804715,0.0011084661265854247,0.0019271022019082882
6,-576460730221,0.9000700521716829,3.152340370877379,0.0012401621983654245,0.0017362920469182882
7,-576460730203,0.9000935294546705,3.1523698738859145,0.0013716169748054245,0.0015458314968982883
8,-576460730185,0.9001196422073898,3.1523961979432866,0.0015043952196254244,0.0013534534165882883
9,-576460730167,0.8995297227288803,3.153771286903059,-2.901693900981999e-4,0.005400674479367935
10,-576460730151,0.8995268907589006,3.1538600248899002,-4.594953219819983e-5,0.005131399206587936
11,-576460730134,0.8995282038409032,3.1539449495982024,2.0042976780180024e-4,0.004859742946587937
12,-576460730117,0.8995337160985973,3.1540253662595625,4.471568974018003e-4,0.004587703171867938
13,-576460730098,0.9004387939020435,3.1574484292037286,0.0034719914383961412,0.01468672263188335
14,-576460730079,0.900501972584843,3.1577095475117054,0.003560364171516141,0.014378093483083351
15,-576460730062,0.9005632532039543,3.1579516621140766,0.0036440349715961408,0.01408588516388335
16,-576460730045,0.9006258789499798,3.1581885159975203,0.003727602486536141,0.013794037553283352
17,-576460730028,0.9006938794194584,3.1584344036335916,0.0038162703200561405,0.013484377808483352
18,-576460730014,0.8987833357085842,3.1625104488610676,-0.0014954656255135408,0.024896054004071713
19,-576460730006,0.8987572550884438,3.1629803539613253,-0.001229497297933541,0.024200707071831713
20,-576460729990,0.8987373907165832,3.1634097051678225,-9.796187897735415e-4,0.023547425323351714
21,-576460729970,0.8987221078286874,3.163824560196581,-7.314076204135418e-4,0.022898502661271716
22,-576460729955,0.8987116880917363,3.1642082960196625,-4.953819187835421e-4,0.022281437655631717
23,-576460729937,0.901005359787709,3.1727236566044885,0.005011053917627024,0.041181554859224125
24,-576460729919,0.9010967432989864,3.1734622389251745,0.005142669557627024,0.040883147439224124
25,-576460729901,0.9011881179327916,3.1741771445085414,0.005270987494647024,0.04059221678291412
26,-576460729883,0.9012885915629464,3.1749301922991693,0.005507710156457024,0.04019390032570412
27,-576460729865,0.8988289281255523,3.180779088944705,4.6087227498673583e-4,0.0504804518583008
28,-576460729849,0.898838581529615,3.181632966495995,6.764279209067362e-4,0.0501177516395808
29,-576460729831,0.8988519209715439,3.1824821794902998,8.923644969267366e-4,0.0497544104567608
30,-576460729813,0.8988694605565751,3.1834252837991626,9.517722953467369e-4,0.0494049112615208
31,-576460729794,0.9018507468205075,3.1935327591851257,0.00639374928181608,0.066062059180023
32,-576460729778,0.9019598402730561,3.19465263323372,0.00644681716693608,0.065749858027383
33,-576460729759,0.9020763759198209,3.1958330233458634,0.00650302690071608,0.06541917321422301
34,-576460729742,0.9021884164761426,3.196942972813334,0.00665808625817608,0.064963707964063
35,-576460729724,0.9023095736710477,3.1981064382885727,0.00682179746513608,0.064482829111903
36,-576460729712,0.9000052269568286,3.2022681464732554,0.003047207624274762,0.0713713270369103
37,-576460729707,0.9000617094187515,3.2035519702403867,0.003211583657564762,0.0708884953500703
38,-576460729690,0.9001174641217414,3.204749898704067,0.003365978188694762,0.0704349829345903
39,-576460729670,0.9001798577553508,3.206029093816824,0.0034882054441147626,0.0700895817976103
40,-576460729653,0.9002431015707882,3.207275426646665,0.003607874829364763,0.06975140892786029
41,-576460729635,0.9045319708575168,3.219549924153446,0.009797175296134431,0.08550621282905828
42,-576460729617,0.9047093778571588,3.221085707053664,0.009917999415424431,0.08516477680454827
43,-576460729598,0.9048784482756904,3.2225328272595792,0.009960944562424431,0.08498457133364827
44,-576460729582,0.9050583644139432,3.224062613970101,0.010006442181124432,0.08479365523775827
45,-576460729564,0.9032683432646659,3.2286559923042826,0.007454003405887267,0.08870331049644754
46,-576460729545,0.9034030518183528,3.230249040966897,0.007499490925787267,0.08813508242296754
47,-576460729528,0.9035381148273541,3.2318286994371186,0.007523367536067267,0.08756798973332754
48,-576460729510,0.9036747392632455,3.2334112107934363,0.007547443328347268,0.08699616627768754
49,-576460729493,0.9038119440764297,3.234984996475501,0.007571544350347268,0.08642374359168754
50,-576460729474,0.9039465462996399,3.236514629110733,0.007616294657847268,0.08617232244293754
51,-576460729456,0.9040841328841657,3.2380643781037537,0.007661767029547268,0.08591684451288754
52,-576460729438,0.9042223072555322,3.2396069558363956,0.007707163660247269,0.08566179211933754
53,-576460729420,0.9043614994711363,3.241147168042388,0.007752625933147269,0.08540637092748754
54,-576460729402,0.9045030399114073,3.242679857056579,0.00798108241178727,0.08496813042764755
55,-576460729384,0.9046486086458881,3.2442038159475795,0.00820941191372727,0.08453013350300755
56,-576460729372,0.9024571335942063,3.247661076220467,0.005846940955850459,0.08831505859491223
57,-576460729366,0.9025646846600837,3.2492504042780155,0.006076019620320459,0.08787562457659223
58,-576460729348,0.9026760469906475,3.250827345229044,0.006304450703620459,0.08743743279179224
59,-576460729329,0.9027910990084832,3.2523975166080206,0.006489768683170459,0.08717156125619224
60,-576460729312,0.9029095907728867,3.253964296776573,0.00667525152720046,0.08690545319323224
61,-576460729292,0.9125469355219179,3.2714655079587076,0.016185224861573817,0.10248146027697383
62,-576460729276,0.9128400861589802,3.2733086993418774,0.016370790137843816,0.10221523395033383
63,-576460729257,0.9131356665722291,3.275142152552891,0.016491560548573817,0.10162635935819384
64,-576460729239,0.9134338016097845,3.2769673363523575,0.016612485371413816,0.10103673185507384
65,-576460729221,0.914798366010355,3.27747158905364,0.01771688175129187,0.09921694403524768
66,-576460729202,0.9151386278201573,3.2793536917943262,0.01811712486260187,0.09899302286343768
67,-576460729184,0.9154687976738913,3.2811371133987532,0.01849721988195187,0.09878037380158768
68,-576460729168,0.9157854096233202,3.2828100426972306,0.01885451130768187,0.09858048250435768
69,-576460729149,0.9161287820688231,3.284585532296967,0.01923450094998187,0.09836789239705768
70,-576460729137,0.9196078417015461,3.2892046671098294,0.022236490012156704,0.10244911479969826
71,-576460729131,0.9200090743335175,3.2910451672014176,0.022357300704306703,0.10210771671884826
72,-576460729113,0.9204155380391311,3.292893363878424,0.022479024441976705,0.10176373846911826
73,-576460729095,0.9208221520775456,3.294726094609052,0.022600137244776705,0.10142148665591827
74,-576460729078,0.9212260660773298,3.296530918642992,0.022719806630026707,0.10108331378616826
75,-576460729059,0.9230230793621185,3.296990281920164,0.024015444453159826,0.0993689511480107
76,-576460729041,0.9234569780530261,3.298773817488076,0.024190165024399825,0.0987796509974907
77,-576460729023,0.9238939976987762,3.3005466462843107,0.024364875890019826,0.0981903835822307
78,-576460729005,0.9243371562166319,3.3023207747703602,0.024540770841279827,0.09759712246525071
79,-576460728988,0.9216833762823001,3.3006957723055175,0.02234826285891122,0.09427690839400271
80,-576460728969,0.9220838111878614,3.302372918178824,0.02251085387904122,0.09360701848738272
81,-576460728951,0.9224904139013942,3.30405148706511,0.022674756337411218,0.09293172533500271
82,-576460728934,0.9229002973490606,3.305720686657397,0.02286025978950122,0.09250399007767271
83,-576460728915,0.9312740464260599,3.3010603549406605,0.02884063029342862,0.08732270054254222
84,-576460728897,0.9317949050764279,3.3026284883646317,0.02902612344148862,0.08689498904432222
85,-576460728879,0.9323187816472882,3.3041879709847217,0.02921150324521862,0.08646753889631222
86,-576460728862,0.9328466283547204,3.3057415389831526,0.02941858755031862,0.08609360721395222
87,-576460728841,0.9321431769549523,3.306141944161942,0.028775911568039284,0.08491090238462294
88,-576460728825,0.932669296066789,3.3076853202018768,0.028985422552489284,0.08453258885260294
89,-576460728807,0.9331937725887448,3.3092060672916115,0.029192782877989282,0.08415815876080295
90,-576460728789,0.9337157058711706,3.3107058170577632,0.02928058508366928,0.08386220491292294
91,-576460728771,0.9342434063282421,3.312212233260221,0.02936909061196928,0.08356388038387294
92,-576460728759,0.9397157318970601,3.3085331761455543,0.032993143274518494,0.08102172027447384
93,-576460728753,0.9403106699006261,3.309989527229687,0.03308171274123849,0.08072318022895383
94,-576460728735,0.9409108516239475,3.311449348814802,0.03317082322535849,0.08042281658253383
95,-576460728717,0.9415049192160281,3.3128809760243656,0.03329084171624849,0.07974132835938383
96,-576460728699,0.942105308788646,3.314310302451161,0.03341169940338849,0.07905507501748382
97,-576460728682,0.939487993131953,3.313128065951573,0.03152817657934726,0.07668047201634415
98,-576460728664,0.9400589932536938,3.3145079143102874,0.031649531070667265,0.07599139772414415
99,-576460728645,0.9406272291279604,3.31586506880146,0.031748424331167265,0.07542603964870415
100,-576460728628,0.9411993715454757,3.31721710427865,0.031847687213917265,0.07485856849778415
101,-576460728608,0.9474183184295383,3.3153543375495054,0.0353274913703767,0.07217319502546397
102,-576460728591,0.9480252386762714,3.3165878565824425,0.0355040715324867,0.07178654506173397
103,-576460728573,0.9486603780852888,3.3178651522979616,0.0356879263397767,0.07138396612126398
104,-576460728556,0.9492693866193069,3.319077052474516,0.0358633318424667,0.07099988825859398
105,-576460728537,0.9436376581439361,3.315864160064689,0.032435177959263393,0.06781496571834787
106,-576460728519,0.9442214804900332,3.317081600066175,0.03242676472456339,0.06744111710422787
107,-576460728501,0.9448049244526073,3.3182918405735213,0.03241835476131339,0.06706741385952787
108,-576460728483,0.9453928841050983,3.3195049599699953,0.03240987749966339,0.06669072015818787
109,-576460728464,0.9482382623738548,3.3195345730146535,0.03365910819189331,0.06561369360275647
110,-576460728447,0.9488376743452163,3.320696092640525,0.033789071324413306,0.06508503778821648
111,-576460728429,0.9494473674562945,3.321863385866428,0.033920752772233304,0.06454939231932648
112,-576460728412,0.9500588190759351,3.32301988040082,0.034052302604413304,0.06401428222821648
113,-576460728393,0.9506728425118527,3.324167128644061,0.0341838963084733,0.06347899367784648
114,-576460728381,0.9425683998622344,3.3187921162831713,0.029867989887098358,0.060426997887897065
115,-576460728376,0.9431066565014213,3.319877952332489,0.02993498096861836,0.060214749716987065
116,-576460728357,0.9436453689989285,3.3209584676362587,0.03000187901213836,0.060002796318827066
117,-576460728338,0.9441865770165199,3.322037743861088,0.03006893708101836,0.05979033591153707
118,-576460728320,0.9447596901378709,3.3231698009584836,0.03028734972336836,0.05943004188800707
119,-576460728302,0.9417690703983251,3.325905320918393,0.028676132463056156,0.060027865507407095
120,-576460728286,0.9422579955502148,3.3269225755592218,0.028871554906256158,0.059705496172047096
121,-576460728263,0.942809998242901,3.328056344766697,0.029090611596206156,0.059344139726037096
122,-576460728248,0.9433329554784716,3.3291173320282317,0.029200335912086157,0.05891783001530709
123,-576460728229,0.9356808355092535,3.325070127665296,0.025280215324828804,0.05576452403087446
124,-576460728212,0.9361366161384441,3.326069486752243,0.025390227053228805,0.05533709764197446
125,-576460728195,0.9365692611099693,3.3270070588864282,0.025494215349028806,0.05493307397642446
126,-576460728177,0.9370301684904001,3.3279889144421455,0.025712026227548805,0.05414986744314446
127,-576460728159,0.9449740251195385,3.325724621251877,0.029534245719607978,0.051622310809405776
128,-576460728141,0.9455065900605033,3.326645046213116,0.029751621024767978,0.050840670515165776
129,-576460728124,0.946014086003692,3.3275030008013142,0.029957296345507978,0.05010110114180578
130,-576460728107,0.9465529513851747,3.3284010349037314,0.029873423854647977,0.049608453337395775
131,-576460728089,0.9470594414975155,3.3292392962896233,0.029794375207707977,0.04914413968750578
132,-576460728077,0.9379707154326072,3.323881840893415,0.025584206279885315,0.04641175557173474
133,-576460728071,0.9384312673479918,3.3247142453535874,0.025500249977065313,0.04591861547506474
134,-576460728053,0.9388889583771757,3.3255353504160694,0.025416540453905314,0.04542692490560474
135,-576460728037,0.9393211649451554,3.326307007918817,0.025398410810545315,0.04529760660316474
136,-576460728019,0.9397579361041121,3.327085137759155,0.025380076541265315,0.04516682870904474
137,-576460728001,0.9473378955155534,3.3249799214827087,0.028579707098534374,0.043525701510786066
138,-576460727985,0.9478234822875432,3.325718586327684,0.028561593441574374,0.043396497238946063
139,-576460727967,0.9483394928427635,3.3264985039058357,0.028693391881074375,0.043140820725196066
140,-576460727949,0.9488564089896588,3.327271625754025,0.028824817409594375,0.04288586762349607
141,-576460727937,0.9401090128543518,3.322340086030439,0.02499854520385319,0.0404669082410787
142,-576460727930,0.9405677105860735,3.323078255319276,0.025132354437853187,0.0402073309760787
143,-576460727914,0.9409636946602358,3.323706121941561,0.025247298763453187,0.039673918678478706
144,-576460727896,0.941420147083408,3.324414521101355,0.025486548426973187,0.039063344830958704
145,-576460727879,0.9418552111274838,3.325073502345,0.02571251530657319,0.0384866691313587
146,-576460727863,0.9497142482155444,3.3228386708832636,0.0291158038844728,0.03645568529656539
147,-576460727844,0.9502411121813805,3.3234923526981293,0.0293661548052928,0.03610306871224539
148,-576460727826,0.9507722796549083,3.324139430813734,0.0296164084646828,0.03575058911960539
149,-576460727808,0.951307386983023,3.3247794878517825,0.029866398128762798,0.03539848136152539
150,-576460727790,0.9518528650849623,3.325420043437821,0.030119097218392798,0.035042557406645386
151,-576460727777,0.9405726774382286,3.319266443315935,0.02547073542917446,0.03213208638203502
152,-576460727770,0.9410525277588101,3.3198674171380573,0.025574455845924462,0.03179789841902502
153,-576460727754,0.9414874489742749,3.3204046255236,0.02566810267717446,0.03149616762427502
154,-576460727736,0.9419517342161337,3.3209703293037762,0.02576769656492446,0.03117527536874502
155,-576460727717,0.942415722194019,3.3215277407527206,0.025866843595924463,0.03085582288902502
156,-576460727706,0.946132753287882,3.320137682637057,0.027379809987700704,0.030170173889673052
157,-576460727700,0.9466269669885792,3.3206746795423805,0.027511476811560704,0.02947295437415305
158,-576460727682,0.9471234963275009,3.3211990640643405,0.027643129011460703,0.028775812297353053
159,-576460727664,0.9476242292157673,3.3217127496511116,0.027775263802040703,0.028076114742793052
160,-576460727644,0.948151827512328,3.322237785231157,0.027913811199080703,0.027342460309513053
161,-576460727627,0.9444647674558612,3.3204801291535144,0.02637114384771021,0.025704586715721327
162,-576460727609,0.944942017625395,3.320938995926498,0.02646000349649021,0.025091535826361328
163,-576460727591,0.9454172626223004,3.321383457321309,0.026548194251030208,0.02448309969988133
164,-576460727575,0.9458429828008433,3.3217711308900606,0.026626946711110207,0.023939779234921334
165,-576460727557,0.9489031135970054,3.321254360573172,0.027894956443778235,0.022989762796353667
166,-576460727538,0.9494350244881894,3.321685577823909,0.028181253685788235,0.022470914103883667
167,-576460727520,0.9499448172055133,3.3220856895831816,0.028452942539718234,0.02197853979517367
168,-576460727503,0.9504196210258813,3.3224491281440756,0.028495041912218234,0.021612292096173668
169,-576460727485,0.9458277022907777,3.3201568640234322,0.026638279059168987,0.02000129094548572
170,-576460727469,0.9462522903808306,3.32047263880297,0.026678489956068988,0.01965147222872572
171,-576460727452,0.9467337940926549,3.320823442594607,0.026724017871168987,0.01925539758068572
172,-576460727432,0.9472424404384052,3.321185029256147,0.026862828499488987,0.01883843528276572
173,-576460727414,0.9518541250399905,3.320038718749999,0.028522670575306948,0.017732038516232534
174,-576460727396,0.9523757954828495,3.320358618786837,0.028656092274366947,0.017331263597872536
175,-576460727379,0.9528562064138251,3.320645480095976,0.028778414387786947,0.016963829849352536
176,-576460727361,0.9533758464061717,3.320946693131126,0.028920896332466948,0.016481987955432535
177,-576460727343,0.9538681507549813,3.321222748917173,0.029055238485836948,0.016027673005152534
178,-576460727326,0.9476653188439643,3.318017377728974,0.026810982332793984,0.014001984536580813
179,-576460727308,0.9481190960304209,3.318249960716244,0.026944533447163983,0.013550344702300814
180,-576460727291,0.9486049060549274,3.318490500997362,0.026968464500523984,0.013143727111920814
181,-576460727273,0.9490906615019729,3.31872348394464,0.026992371652043986,0.012737515642760815
182,-576460727254,0.9575862819741123,3.3161191591743573,0.029847551007522486,0.010955174268758092
183,-576460727237,0.9580945393629708,3.3163023694560985,0.029870154180882486,0.010571118968378092
184,-576460727218,0.9586336159331728,3.316490225121494,0.030130577100982485,0.010337742448008093
185,-576460727201,0.9591782837793483,3.316674190369328,0.030391434808082485,0.010103976295738093
186,-576460727182,0.9511507217141778,3.31245836608625,0.027727099038552847,0.007952735737799213
187,-576460727164,0.9516586173731229,3.3126007332135914,0.027817045640472847,0.007616722632839214
188,-576460727147,0.9521799630732591,3.3127400334296304,0.027909072700212846,0.0072729375712192144
189,-576460727128,0.9526817232789498,3.312867622678105,0.027997356903212846,0.006943134682219215
190,-576460727110,0.9544078259500648,3.312556881380487,0.02850362693691529,0.00640683816804686
191,-576460727092,0.9549218882136677,3.3126690821916625,0.02853834638787529,0.00604331842044686
192,-576460727076,0.9554072613089838,3.312768892833942,0.02857108946529529,0.0057004917077468605
193,-576460727057,0.9559221104302813,3.312868282399669,0.02860578002190529,0.00533727448989686
194,-576460727037,0.949759045589423,3.3095399131593872,0.026444787119065907,0.0034935931241406454
195,-576460727022,0.9502102822427241,3.309596931175984,0.026620027757275906,0.0032116478468106457
196,-576460727004,0.9506911656062362,3.309652060996894,0.026805520905335906,0.002913207270430646
197,-576460726987,0.95114826745194,3.3096991820778277,0.026980658503245908,0.002631427775000646
198,-576460726969,0.9516355613917326,3.309743859777969,0.02716612073921591,0.0023330369331906464
199,-576460726958,0.9583868106013993,3.3073643112092417,0.02940198977418719,0.0012000325005713348
200,-576460726951,0.958918096056985,3.3073832495641207,0.02954458246432719,9.01194047631335e-4
201,-576460726933,0.9594510612767082,3.3073967829789193,0.02968693784276719,6.028529403913351e-4
202,-576460726915,0.9599619520261558,3.307404690264927,0.02982275923906719,3.182054180913352e-4
203,-576460726898,0.9604951289980314,3.3074077288258574,0.02996384895510719,2.2516821251335314e-5
204,-576460726880,0.9601134318570105,3.3069330665823844,0.02980330443634925,-4.5799195154801094e-4
205,-576460726861,0.9606804156105124,3.3069216033997035,0.029942085816749252,-7.4993035414801e-4
206,-576460726844,0.9611923217138693,3.3069065702508684,0.03006683550752925,-0.0010123519077180091
207,-576460726826,0.9617345281031895,3.306885282602797,0.03019840727564925,-0.0013537310167380085
208,-576460726808,0.9618092692209492,3.3070258685693874,0.030201003038199066,-0.0016137803420809857
209,-576460726791,0.9623241889054169,3.3069956754466556,0.030345729217399066,-0.0019364721985509852
210,-576460726774,0.9628410823912695,3.3069600298023336,0.030490319255799064,-0.002258860505740985
211,-576460726756,0.963398897418056,3.3069165030488796,0.030851851172129064,-0.002527718199260985
212,-576460726738,0.9566532212751363,3.30312259319118,0.028964878485183896,-0.004405047578864027
213,-576460726720,0.9571734405588392,3.3030416033311303,0.029319731195273896,-0.004668938197824027
214,-576460726702,0.9577049205730855,3.302955083706378,0.029677883751303896,-0.0049352827881440275
215,-576460726684,0.9582420219815538,3.302861726481764,0.030003366147943897,-0.005438318480164026
216,-576460726666,0.9588034553698302,3.302755691650351,0.030339861310823897,-0.005958374492004025
217,-576460726653,0.9620257440913481,3.3015990181466135,0.03134496181314595,-0.006513677881203632
218,-576460726647,0.962604855634963,3.3014745900470372,0.03167729780322595,-0.00702730585764363
219,-576460726629,0.9631448952732827,3.301351342430525,0.03198410008898595,-0.007501471286323629
220,-576460726613,0.9637227292546082,3.301211117957388,0.03218046393582595,-0.00806951012916363
221,-576460726595,0.9642713401782973,3.3010693875862605,0.03236579451338595,-0.00860563207072363
222,-576460726583,0.9611681076648632,3.299469230462302,0.031438334181948024,-0.009294594522449675
223,-576460726577,0.9617364282039623,3.2992966114186486,0.031634807053188024,-0.009862948749689675
224,-576460726560,0.9622748407268966,3.2991246959441987,0.031819821459988025,-0.010398156076489674
225,-576460726542,0.9628488729100834,3.298930022022939,0.031908425355088026,-0.011214269264539676
226,-576460726524,0.9634237973589871,3.2987209104800477,0.031996921046708024,-0.012029385811449677
227,-576460726507,0.9645033209878702,3.29831431392401,0.03224305789518527,-0.01289354325209659
228,-576460726488,0.9650922848566063,3.2980715860635073,0.03233277333512527,-0.013719894662766591
229,-576460726471,0.965667673973965,3.2978235222322008,0.03244141526768527,-0.014205787123386592
230,-576460726453,0.9662524798987997,3.297563446225739,0.03255146368704527,-0.014697969985106592
231,-576460726437,0.9657339143564052,3.2967825885636888,0.03234693911857471,-0.01537004288603992
232,-576460726419,0.9663181885439744,3.2965009895526722,0.032457207683694714,-0.01586321033227992
233,-576460726401,0.9669041772089908,3.296214895230355,0.03271781901149472,-0.015956867781079923
234,-576460726382,0.9674955447371366,3.295926779697615,0.032978734690194716,-0.016050634606279923
235,-576460726364,0.9681242246009587,3.295621135916736,0.03325386790379472,-0.016149510871879925
236,-576460726352,0.9655828607953102,3.296563775412465,0.03249823589153763,-0.01569136836971758
237,-576460726345,0.9661889191519459,3.2962658831628424,0.032634311839337626,-0.016322844378517578
238,-576460726330,0.9667241553116351,3.295994114815232,0.03275401626391763,-0.016878346460197577
239,-576460726312,0.9673149121451456,3.2956848075819885,0.03288563190391763,-0.017489123900197575
240,-576460726294,0.9678766749745404,3.295381685949247,0.03301030116291763,-0.018067665864197575
241,-576460726281,0.9663728452384344,3.2945916638475787,0.032583078931536495,-0.018409991817400825
242,-576460726275,0.9669934791342681,3.294238024771202,0.03284667130132649,-0.018872078329320825
243,-576460726257,0.967586142710111,3.293894864198265,0.033096424759076495,-0.019309904751320824
244,-576460726238,0.9681897650243976,3.293540002177185,0.0333488737478865,-0.019752456532200823
245,-576460726220,0.9687867520175746,3.2931838432069607,0.0335966819770365,-0.020186872901400824
246,-576460726202,0.9687316235303809,3.293059285501464,0.03376018779194189,-0.020577376998671185
247,-576460726185,0.9693081622693407,3.2927056232908782,0.03408785445104189,-0.021042182940821184
248,-576460726167,0.9699257967878847,3.292321851926804,0.03443541825590189,-0.021535213639211185
249,-576460726149,0.9705490011833537,3.2919296332577472,0.03478259645716189,-0.022027697346201185
250,-576460726130,0.9672117307451363,3.289418287648569,0.033835181007647576,-0.023353039896928933
251,-576460726113,0.9678314895439502,3.2889877432170005,0.03399067932764758,-0.023765365746678934
252,-576460726095,0.9684392372923241,3.288560178691698,0.03414247631964758,-0.024167877000278934
253,-576460726077,0.9690561621221117,3.28812106334914,0.034381885536127574,-0.024606458505398932
254,-576460726059,0.9682168840590714,3.2882356833714286,0.03420279055700125,-0.024766831938285824
255,-576460726043,0.9687651422983259,3.28783679942403,0.03441526191540125,-0.025156065107885824
256,-576460726025,0.9693877759665034,3.287379302083092,0.034654976941721254,-0.025595206835965823
257,-576460726008,0.9700145166945453,3.2869151196097905,0.03485159154468125,-0.025883386188485822
258,-576460725989,0.9711157627129267,3.286696698904267,0.03517672109692013,-0.02606204053797486
259,-576460725971,0.9717462176093168,3.28622833973028,0.03537158040704013,-0.02634764714591486
260,-576460725951,0.9723933155551241,3.2857450205116843,0.03557047361996013,-0.026639166272454856
261,-576460725935,0.9730250430206593,3.285266909602791,0.03559404880148013,-0.027220348078494855
262,-576460725917,0.9736657016900239,3.284771834891535,0.035617941346320126,-0.027809353611674855
263,-576460725903,0.9686481444609114,3.286731250260695,0.0342019208195497,-0.026838153537811115
264,-576460725898,0.9692985286832315,3.2862151694866095,0.034227162490469705,-0.027460418095151116
265,-576460725876,0.9698797260812332,3.28574431254663,0.0342497032534697,-0.028016099133651117
266,-576460725863,0.9704979995968368,3.2852348390386896,0.0344244626471897,-0.028573205313831115
267,-576460725846,0.9710852059461207,3.2847441290233896,0.0345896231827297,-0.029099711804341115
268,-576460725829,0.971673589368123,3.284245851845227,0.0347543275541297,-0.029624764113441115
269,-576460725810,0.9723022764611957,3.2837062657822504,0.034929455761409704,-0.030183046014761114
270,-576460725793,0.9729330199548267,3.283159728917511,0.035168732017089706,-0.030556770026521116
271,-576460725772,0.9736027756968398,3.2825761446589565,0.035421038431169706,-0.030950845757081114
272,-576460725756,0.9742428649579045,3.2820153519240423,0.035660500831969706,-0.031324860507681115
273,-576460725744,0.9682601587249517,3.2845227074825676,0.033993180814145416,-0.03007939986163686
274,-576460725738,0.9688740530146317,3.283976388545232,0.03423245706982542,-0.030636196641516858
275,-576460725720,0.9694916513318237,3.2834188329427727,0.03425640538562542,-0.031194200082566858
276,-576460725702,0.9701078989802939,3.282852864821006,0.03428028465166542,-0.03175059464205686
277,-576460725686,0.9706568622171909,3.282340604770924,0.034301542682585416,-0.03224591358232686
278,-576460725668,0.9678952790339954,3.2798740372456106,0.03329705275608235,-0.033509863637048144
279,-576460725650,0.968493580848705,3.2792669137819037,0.03318092665608235,-0.03394829899704814
280,-576460725632,0.9690897593288106,3.2786519328684394,0.03306480700753235,-0.03438670999952814
281,-576460725613,0.9697163649833841,3.277994676736742,0.03294231977783235,-0.03484916187424814
282,-576460725594,0.9689097293462208,3.277930393399772,0.03208371882455216,-0.03506854169649805
283,-576460725576,0.969482175306819,3.2772959736313316,0.03164530545580216,-0.03555987672154805
284,-576460725559,0.9700155573085693,3.2766887285422523,0.03123127143330216,-0.03602388952616805
285,-576460725541,0.9705749984475031,3.2760344072312906,0.030791027783302158,-0.03651727576896805
286,-576460725522,0.9703175647865874,3.274916896246837,0.03060423965124797,-0.037016114703335115
287,-576460725506,0.9708685337043145,3.274248069773353,0.030628136179727972,-0.03731445581057512
288,-576460725487,0.9714199633160016,3.273573836740498,0.03065203403608797,-0.037612813496005114
289,-576460725469,0.9719716389618421,3.2728944616311066,0.03067592392516797,-0.037911071712295116
290,-576460725451,0.9696080453146168,3.273455029561794,0.03017188973634434,-0.037349645012544806
291,-576460725432,0.970186110620593,3.2727424879388107,0.03048235778227434,-0.037414703445914806
292,-576460725413,0.9707350928434209,3.2720713185200654,0.03077430622439434,-0.03747588110499481
293,-576460725396,0.9712584975948667,3.2714317360438696,0.030867991672894342,-0.0378488717151548
294,-576460725380,0.971784050623681,3.2707851314440517,0.03096177642289434,-0.0382222576751548
295,-576460725367,0.9709314490269286,3.2703003548255793,0.030743058420315883,-0.03843474728298148
296,-576460725362,0.9714864888527163,3.2696040004666336,0.030842497839065883,-0.038830646219981474
297,-576460725345,0.9720152280691777,3.268936118678137,0.030936928048815884,-0.039206601953941475
298,-576460725328,0.9725438494121313,3.2682640880978933,0.031173440057595883,-0.039753635414641476
299,-576460725309,0.9731027916594025,3.267549002997192,0.031421581754505885,-0.040327567418791475
300,-576460725291,0.9665715581782287,3.2698643002133108,0.029752316278209665,-0.039386934668946764
301,-576460725274,0.9670776459855462,3.2691923546927915,0.029987730622279662,-0.03993142931849676
302,-576460725256,0.9676194692195355,3.2684679381272814,0.030098017532879662,-0.04040309416474676
303,-576460725238,0.9681652450306644,3.2677323581716857,0.03020870192887966,-0.04087645893974676
304,-576460725220,0.9748355652751699,3.2705400276761036,0.031873719848677345,-0.039789137967467324
305,-576460725203,0.97537398522247,3.2698652645741517,0.03197685202207735,-0.040230204096217324
306,-576460725185,0.975949949564318,3.2691409465559587,0.032086808714037345,-0.04033461634682733
307,-576460725168,0.9764965020977854,3.2684541763939206,0.03219080312499734,-0.04043336695768733
308,-576460725150,0.9770945643997675,3.267703300532223,0.032304214882357345,-0.040541060055947334
309,-576460725138,0.9760965213283751,3.268140615795289,0.03203502395133521,-0.04032060865840802
310,-576460725131,0.9766574920756826,3.2674348435751455,0.03214192917845521,-0.04042212331082802
311,-576460725116,0.9771713097035915,3.266785665637434,0.03215358829746521,-0.04081142955298802
312,-576460725098,0.9777505784677635,3.2660466189871076,0.032166727511105206,-0.04125015720322802
313,-576460725080,0.978329633377389,3.265300253616346,0.032179856512165206,-0.04168854384818802
314,-576460725067,0.9800851509095886,3.266319331062001,0.032622517191258034,-0.041240166360424366
315,-576460725062,0.9806726702070703,3.2655728120772247,0.032635652028078034,-0.04167874786554437
316,-576460725044,0.981262425106734,3.264818429568586,0.032907235242838034,-0.04216016174090437
317,-576460725026,0.9818578305347467,3.264054402772531,0.033179165557728034,-0.04264219089294437
318,-576460725005,0.9824899546915762,3.263240667063035,0.033465447708428034,-0.04314966039814437
319,-576460724989,0.975779565635252,3.265736940631669,0.0315470737948416,-0.04180369192225624
320,-576460724961,0.9763554042420853,3.2649715839842086,0.0315931243228416,-0.04211699310625624
321,-576460724952,0.9769169595733974,3.264220792441534,0.0316379680442416,-0.042422083875456235
322,-576460724936,0.9774558668294453,3.263496195282901,0.0316809434876416,-0.042714463960656236
323,-576460724918,0.9807827275077962,3.2643525130627435,0.03258901290388823,-0.042347779911422356
324,-576460724900,0.9813708961394623,3.26358759504458,0.032806654392768225,-0.042699809388542356
325,-576460724883,0.9819319752264832,3.262856761769131,0.033012934676508225,-0.043033462410302356
326,-576460724865,0.9825269718326519,3.2620805509403463,0.033230285783148225,-0.043385022201662356
327,-576460724846,0.9783986808088727,3.2634297825622487,0.0321497602772163,-0.042667341414602905
328,-576460724828,0.9789784637142012,3.2626592776390066,0.0323350473446763,-0.0430300140789029
329,-576460724812,0.9795297784923415,3.2619246795380548,0.0325102570707963,-0.043372961803502905
330,-576460724794,0.9801165015896398,3.2611408738481202,0.0326956883946763,-0.043735916828902904
331,-576460724775,0.9807082018677237,3.2603461974732135,0.0329139227472963,-0.044380330319372906
332,-576460724765,0.9829630236844784,3.2616889152811774,0.03347707569625034,-0.043785718752875194
333,-576460724759,0.9835336128526669,3.2609397506096043,0.03368266632217034,-0.04439279720439519
334,-576460724742,0.9841151850170266,3.2601703246159843,0.03389093088455034,-0.04500777139142519
335,-576460724723,0.984718791474647,3.259365625937973,0.03410574114659034,-0.04564207405316519
336,-576460724708,0.9852996095536034,3.2585865258582762,0.03420972332723034,-0.045995197141405195
337,-576460724690,0.9780280015773265,3.2613779903318085,0.03221157297173919,-0.044530816356241044
338,-576460724671,0.9786092853721134,3.2605723978019885,0.03232173757913919,-0.044904934942141046
339,-576460724653,0.9791600276603626,3.2598054699706074,0.03242576868105919,-0.045258224166861045
340,-576460724636,0.979744846375089,3.2589874013810793,0.03250358790007919,-0.04556764343926104
341,-576460724617,0.9822422271268537,3.2592568828461697,0.033053921551893205,-0.04538800839294344
342,-576460724599,0.9828435299915204,3.258429347315872,0.033132414679993206,-0.04570010721494344
343,-576460724578,0.9834360853974925,3.2576112685553142,0.0333161870550432,-0.04603846980299344
344,-576460724563,0.9840378145362222,3.2567789924816624,0.0335017729393732,-0.04638017143312344
345,-576460724543,0.9786357505556821,3.2586882971853646,0.032084794772426366,-0.04532076057801313
346,-576460724527,0.9791815519067446,3.2579167003293423,0.03225960264137637,-0.04564261767396313
347,-576460724509,0.9797653215504464,3.2570918127962467,0.03247781279547637,-0.04583368208711313
348,-576460724491,0.9803512937420545,3.256265918713145,0.03269538168879637,-0.04602418501349313
349,-576460724473,0.9809430543153408,3.2554339647519988,0.03291364023993637,-0.046215291803003135
350,-576460724460,0.9812386978252247,3.255614559887675,0.03298726449322709,-0.046134738600849545
351,-576460724455,0.9818339305918163,3.254783113230571,0.03320486968432709,-0.046325273309499544
352,-576460724436,0.9824651448054907,3.253902458673282,0.03329823453254709,-0.04645822321778954
353,-576460724418,0.9830643749706743,3.253066380424636,0.033386626939027095,-0.04658409245614954
354,-576460724402,0.9835993913412295,3.252319858303668,0.033465349889067096,-0.04669619255792954
355,-576460724387,0.979131317262843,3.254397997548654,0.032272396924926644,-0.04563813339735699
356,-576460724384,0.9797142792584668,3.2535735917503645,0.032361118860186645,-0.045764471878926995
357,-576460724366,0.9802984509237702,3.2527430011803915,0.032503600804866646,-0.046461884991246996
358,-576460724348,0.9808881598001444,3.2518955571489947,0.03264680259503665,-0.047162821565326994
359,-576460724330,0.9814776739367296,3.2510394923423656,0.032789332002056644,-0.04786046699380699
360,-576460724318,0.9853634631523084,3.253434019953367,0.03375780044680978,-0.046788344989362886
361,-576460724312,0.9859727240458012,3.2525850823523674,0.03390026657070978,-0.04748568066296289
362,-576460724294,0.9865789473714242,3.251731055657798,0.03402011050877978,-0.048198224392142885
363,-576460724274,0.9871929432150578,3.25085623852502,0.03414106218589978,-0.04891735429102288
364,-576460724257,0.9878079874813045,3.2499701035302277,0.03426179231520978,-0.04963516695596288
365,-576460724238,0.9814825923986785,3.252333342689028,0.03262659809088049,-0.048571029548566534
366,-576460724221,0.9820673316772662,3.251460495694029,0.03284272717226049,-0.049155779497946535
367,-576460724203,0.9826663788723027,3.250561483668973,0.03306267961980049,-0.04975087378948653
368,-576460724184,0.9832574103411005,3.2496698261862225,0.03327826423448049,-0.05033415065216653
369,-576460724166,0.9866965467406752,3.2505309271593523,0.03420490754256612,-0.05010528443165936
370,-576460724149,0.9873127838362676,3.249626000377825,0.03442219815290612,-0.05067168327561936
371,-576460724131,0.987934482043176,3.2487085958938304,0.03464003322994612,-0.051239501349379366
372,-576460724113,0.9885605553061219,3.247780294915419,0.034858025597366116,-0.05180772942285936
373,-576460724094,0.9844677627461758,3.249100406446746,0.03371479309323007,-0.051203551416548865
374,-576460724077,0.9850733143068634,3.248177501331073,0.03383516068976007,-0.051747546321528864
375,-576460724059,0.9856838762262508,3.2472404503342407,0.03395609222617007,-0.05229408992258886
376,-576460724041,0.9862957645619073,3.2462948754538785,0.03407685592333007,-0.05283987498314886
377,-576460724023,0.9869239835848108,3.245319303824855,0.03420039903847007,-0.05318899459880886
378,-576460724010,0.9888371739727441,3.2465215058848496,0.03467955975303498,-0.052646867711955044
379,-576460724005,0.9894589092406375,3.2455762465300855,0.03479971251532498,-0.052986406553465044
380,-576460723987,0.9900761253107084,3.2446350953581895,0.03491858298574498,-0.05332232177544504
381,-576460723966,0.9907037538793277,3.243672199445381,0.03480243107994498,-0.05364234305548504
382,-576460723951,0.9913290484449228,3.2427039196055625,0.034686324334294985,-0.05396223991045504
383,-576460723938,0.9872825559074472,3.2446563909392494,0.033600733566083674,-0.052966498754291005
384,-576460723933,0.9878859891303394,3.243700647273653,0.03348467198058368,-0.053286271184191006
385,-576460723915,0.9884882353554376,3.2427377035323857,0.03336843620593368,-0.053606523539361
386,-576460723894,0.9891252974180356,3.2417143518546587,0.03371191154577368,-0.05414873367102101
387,-576460723877,0.9897337819583125,3.2407370726289018,0.03403674294145368,-0.05466151247459101
388,-576460723859,0.9946122872170544,3.242456106166677,0.035434285296950696,-0.053950295135600436
389,-576460723843,0.9952159249409869,3.2415368947275893,0.035741015249270695,-0.05443449900278044
390,-576460723824,0.9958591668647526,3.240554038331282,0.035754141332450695,-0.05480818148042044
391,-576460723808,0.9964671642089055,3.2396191880834606,0.03576654378139069,-0.055161263034540435
392,-576460723790,0.9941463405081413,3.240078386791995,0.03498152772933275,-0.05479305020900887
393,-576460723773,0.9947403970156128,3.239145062161587,0.034993913400462755,-0.05514565412074887
394,-576460723755,0.9953744519191654,3.2381435016118725,0.03527705008758276,-0.05585518259816887
395,-576460723737,0.9959746873090387,3.2371910516983875,0.03554300653130276,-0.056521658117438874
396,-576460723720,0.9966175047186806,3.2361664911583885,0.035825641147382764,-0.05722992842621887
397,-576460723708,1.001047845218262,3.238981869445244,0.03694421136424802,-0.055953310864630276
398,-576460723702,1.0017159411586183,3.2379674904510565,0.03722686167004802,-0.05666162049118028
399,-576460723685,1.0023524064120832,3.2370004887348305,0.037686656863968014,-0.05715684893278028
400,-576460723667,1.0030031316423045,3.2360153284796462,0.038151025115078015,-0.05765700284558028
401,-576460723650,1.0036875497492688,3.234982845953088,0.038633414999848015,-0.05817656719518028
402,-576460723632,0.9901454664744715,3.2410500604192682,0.035275487581717134,-0.05507783642105654
403,-576460723614,0.9907806756668925,3.2400537853504403,0.035299390749597134,-0.05561324394426654
404,-576460723597,0.9913809218663316,3.2391041184284064,0.035321963381717135,-0.05611884877105654
405,-576460723579,0.9920168262861728,3.238089330713053,0.035345861238077134,-0.05665413732142654
406,-576460723561,0.9976452739087016,3.2402854707379127,0.036775969891503765,-0.055585405590444566
407,-576460723543,0.9983083103964233,3.2392819910757056,0.03693979949219377,-0.05598051382776457
408,-576460723526,0.9989429817955742,3.238318977013609,0.03709594260764377,-0.05635708455036457
409,-576460723508,0.9996130411100056,3.237299686031342,0.03726008185347377,-0.056752939559604566
410,-576460723489,0.9890524672858121,3.241885087599955,0.03433983953066572,-0.05423989882063507
411,-576460723472,0.9896618509734787,3.2409212509108825,0.03445877042321572,-0.05457598478908507
412,-576460723453,0.9902839571925843,3.2399346015591175,0.03457976238175572,-0.05491789510934507
413,-576460723437,0.9909079663229469,3.2389422323773975,0.03470070063173572,-0.05525965365496507
414,-576460723418,0.9986617363822056,3.2426089496835484,0.03648307234581734,-0.05377104842257533
415,-576460723400,0.9993353750055282,3.241609432240734,0.03644127118031734,-0.05443111047482533
416,-576460723382,1.0000003062140914,3.240609729178162,0.03639996325725734,-0.055083383973495326
417,-576460723364,1.0006460491348521,3.239626370944829,0.03635980246225734,-0.05571754372599533
418,-576460723346,1.001302743838964,3.238619169034032,0.03644852439751734,-0.055951829387465325
419,-576460723327,0.9920246422551785,3.242647237990033,0.0338380336450166,-0.053628503321467534
420,-576460723310,0.9926344218521996,3.2416799825047753,0.0339265490099966,-0.053862243498277534
421,-576460723291,0.9932462366564968,3.240708399449653,0.0340151283133966,-0.05403148833097753
422,-576460723274,0.9938569205286231,3.2397340934993237,0.0338235599921166,-0.05420067678005753
423,-576460723256,0.9945340082223275,3.238801492843598,0.03364965260891084,-0.05434923164127592
424,-576460723237,0.9951707286445735,3.237768306316482,0.03344770997563084,-0.05452758242860592
425,-576460723219,0.9957771175553829,3.2367906286498886,0.03390264386559084,-0.05406104050616592
426,-576460723201,0.9963913892435723,3.2358218343552294,0.03435735037703084,-0.05359473176400592
427,-576460723183,0.9882308933168655,3.239299535182218,0.03241836670997827,-0.05087673353173766
428,-576460723165,0.988820291916523,3.2383852291013215,0.03287448802109827,-0.05040897389005766
429,-576460723146,0.9894597187686803,3.2374662629716537,0.034589834848418266,-0.04654883679441766
430,-576460723129,0.9900593046024653,3.23670616808201,0.03612438071767827,-0.04309556580539766
431,-576460723113,0.9906739583488972,3.2360161782916688,0.03763259371466827,-0.03970155309316766
432,-576460723100,0.9962726221795879,3.2397040425346244,0.03907562621702045,-0.03801484882239731
433,-576460723093,0.9970051802486587,3.2390405146445875,0.04073676895331045,-0.03427669010406731
434,-576460723075,0.997758922722359,3.2384322217452417,0.04229280514895045,-0.03273067928850731
435,-576460723057,0.9985341210483346,3.2378568328647592,0.04383555727264045,-0.031197866956997305
436,-576460723040,0.9993313734686206,3.2373127746118717,0.04536751073139045,-0.029675783715747306
437,-576460723022,0.9908696258444873,3.2415520139533966,0.044365359635368494,-0.0257358941548945
438,-576460723004,0.9916514219078173,3.241023265634208,0.0425153497417485,-0.0330237123560545
439,-576460722985,0.9924012652433347,3.2403620279498515,0.0406619475979485,-0.0403248937844545
440,-576460722968,0.9931206796914622,3.2395654815560864,0.0388006302037285,-0.0476572560764145
441,-576460722950,0.9967487048139172,3.240626148459361,0.04018656433102732,-0.04882708521272115
442,-576460722932,0.9974715035895694,3.23973650627258,0.04080836794734732,-0.05086388148168115
443,-576460722914,0.998211739540186,3.238802416206589,0.04143550190618732,-0.052918137960701155
444,-576460722896,0.9989638534095121,3.237830577845013,0.04206312360878732,-0.05497399210600115
445,-576460722877,0.9899156277553147,3.2418653366045507,0.03901974671310479,-0.05211920304146371
446,-576460722860,0.9906148053280106,3.2409300310009646,0.03866665025310479,-0.05180364180146371
447,-576460722840,0.9913077037914948,3.240000302523572,0.03831351456016479,-0.05148804549910371
448,-576460722824,0.9919945867488501,3.239075794859482,0.03796020231899479,-0.051172291416123714
449,-576460722806,0.992281327815875,3.237933401230348,0.03485225333703144,-0.048676514194859286
450,-576460722788,0.9928860651269898,3.2370741727591152,0.03181485184595144,-0.04604606007843928
451,-576460722770,0.9934317826186705,3.236268571849764,0.028800219983511437,-0.04343532494337928
452,-576460722751,0.9939194521687681,3.2355159417726966,0.02581003198711144,-0.04084575871477928
453,-576460722733,0.9944342580302351,3.2347431831490985,0.029184718730451437,-0.04170510375693928
454,-576460722721,0.9924186497569277,3.2357708072220883,0.02862944933969811,-0.04118544210261953
455,-576460722715,0.992971537918183,3.23501102479194,0.03192121994683811,-0.04202367301597953
456,-576460722697,0.9935777124660895,3.234244248934463,0.03517802157479811,-0.04285299927501953
457,-576460722679,0.994188904074133,3.2334466085111435,0.03304674909478811,-0.04618427519275953
458,-576460722662,0.9947357436278725,3.2326310558791955,0.03101599150262811,-0.049358441764599525
459,-576460722650,0.9993985854437776,3.235725952328832,0.03223746213171415,-0.047937348082976554
460,-576460722644,0.9999578737690044,3.2348358825808528,0.03010309688592415,-0.05127345813443655
461,-576460722627,1.0004522692879156,3.233937693766858,0.028081617591104148,-0.05443312230511655
462,-576460722609,1.0009533561192883,3.2329669184073557,0.02761016694600415,-0.05346077705606655
463,-576460722591,1.0014458777800355,3.232013797866149,0.027138794897844147,-0.052488593909586545
464,-576460722573,0.991982977166031,3.2362203224627115,0.023915378398138253,-0.0489188802504059
465,-576460722556,0.9923898596942716,3.2353881102139797,0.023465410916638254,-0.0479908430371559
466,-576460722539,0.9928306030724021,3.2345507432986764,0.026025732548698253,-0.0460372199916359
467,-576460722520,0.9933226970398226,3.23373931377617,0.028614947822218254,-0.0440615499957959
468,-576460722502,0.9962885931887372,3.234587206401256,0.03184177773362372,-0.04134082360479198
469,-576460722484,0.9968510866437514,3.2338997883672382,0.03428724354714372,-0.03947483992895198
470,-576460722467,0.997404206979878,3.233408290569841,0.027133036962163723,-0.015102673523651983
471,-576460722449,0.9978279733063139,3.2333555285471167,0.019988760706683723,0.009235663324148016
472,-576460722428,0.9934534102488713,3.236146203930119,0.011537537894859794,0.03482412045229981
473,-576460722412,0.993597830484071,3.237007210310372,0.004287602933499794,0.05952240379189981
474,-576460722394,0.993727874460878,3.238150860673088,0.009609696217649793,0.06269510758569981
475,-576460722376,0.9939474040680646,3.2393090057655565,0.014737845199379793,0.06575219374725981
476,-576460722360,0.9942190697463815,3.240380823419263,0.019279895636699795,0.0684598841022998
477,-576460722347,0.9990849552598877,3.2436375634052266,0.020567350904063114,0.06995877707594413
478,-576460722341,0.9995025468191013,3.2449280085626144,0.025700618650373114,0.07301891472926413
479,-576460722323,0.9999692769235564,3.246388462277496,0.026155400954653116,0.08924470561201413
480,-576460722306,1.0004476797150579,3.2481548208234132,0.026613492879613114,0.10558857763501413
481,-576460722288,1.0009307883320135,3.250201317413327,0.027068224655333113,0.12181256575226414
482,-576460722270,0.9951943989170251,3.2553691379712784,0.023101682017791326,0.09530583173552411
483,-576460722251,0.9956102988830138,3.2568939743381526,0.020718775888511325,0.06535546495336411
484,-576460722232,0.995964468746371,3.2578178997016476,0.018448474690111325,0.03682041157356411
485,-576460722215,0.9962748119095031,3.258224328759856,0.016199639983551326,0.008555167103244114
486,-576460722197,0.9954720098028341,3.2576878017568704,0.019922633368559033,0.0162386421279401
487,-576460722179,0.9958668937305036,3.258052445208667,0.023943610540519033,0.0242682954189001
488,-576460722162,0.9963110098730409,3.2585349689355323,0.027778993842789035,0.031927328742920105
489,-576460722145,0.9968413335090949,3.259174527597194,0.03175776013463903,0.03987268940602011
490,-576460722128,0.9973804162212541,3.2597837859001135,0.031433273994919034,0.03154429604928011
491,-576460722114,0.9975726580442079,3.2596835502590586,0.03148701079158984,0.03149382827830445
492,-576460722108,0.9981662334474976,3.260192937216685,0.031126428373989837,0.02223897315910445
493,-576460722092,0.9986611747206803,3.260485977636694,0.030822538793249837,0.014439219469774452
494,-576460722073,0.9992126251705451,3.2606667563969594,0.030480384875789836,0.005657357737204452
495,-576460722056,0.9997665140300901,3.2607847686907956,0.030946792627249836,0.007430398039224452
496,-576460722039,1.003206370867143,3.2628908807086328,0.032162924503038086,0.010005452036913847
497,-576460722019,1.0037618988479755,3.263076979529972,0.032606573087298085,0.011691973792533847
498,-576460722004,1.0043482117364897,3.2633014114273067,0.033068351417248086,0.013447415435683847
499,-576460721987,1.0049316102491743,3.263580074273661,0.035700259731998085,0.01940021188253385
500,-576460721969,1.003547117327711,3.265072526143032,0.037929279503897254,0.026290936608960445
501,-576460721952,1.0042120988986487,3.2655683957359103,0.04055777519514726,0.03223601445371045
502,-576460721933,1.0049666179392869,3.266204902746132,0.04334759490639726,0.038545971670460456
503,-576460721916,1.0057250179871855,3.266807185443582,0.04084891332549726,0.028318607563460454
504,-576460721898,1.006398483530808,3.2672061189452077,0.03849434110693726,0.018681098094660453
505,-576460721887,1.0078345497129588,3.2681680628625718,0.03887913371142092,0.019124256847101374
506,-576460721880,1.0085127414716089,3.2684205345244535,0.036379342530040916,0.008892351029701373
507,-576460721864,1.0091108419373587,3.268489676653918,0.03402268981058092,-7.536741460986273e-4
508,-576460721845,1.0097305169103368,3.2686643357899188,0.034768936852180916,0.02014300984782138
509,-576460721828,1.0103622512093455,3.2692138699187954,0.035513568461130914,0.040994457902811386
510,-576460721813,0.9999873847808378,3.2746923154335277,0.03259550747886764,0.04374602030299393
511,-576460721810,1.0005827480271514,3.2756713970813323,0.033343494217167646,0.06469141992345394
512,-576460721792,1.0011814443041485,3.2767909297894047,0.033367328335287647,0.060054550110783936
513,-576460721775,1.001753188072953,3.2777817059708587,0.033390073591807644,0.05562951567871394
514,-576460721757,1.0023554937620593,3.278742818059411,0.03341401792396764,0.050971203992153935
515,-576460721738,1.0014237712073342,3.2785779823980077,0.033026826276446444,0.045882934919106645
516,-576460721721,1.0020060288950812,3.2793848594582173,0.03167206674504645,0.043775052770176646
517,-576460721703,1.0025643267009472,3.2801543800765405,0.03031625345324645,0.041665531066266644
518,-576460721685,1.0030982022419879,3.280885901880411,0.02896044016144645,0.03955600936235664
519,-576460721666,1.0013515406665225,3.2827758823897497,0.026960750933189743,0.03803441949820818
520,-576460721648,1.001875132477368,3.283511919127087,0.028598651745669744,0.040067950762528184
521,-576460721631,1.0023791914869862,3.28421608291419,0.030091341805939746,0.041921196015458184
522,-576460721615,1.0028978728989326,3.284936809185621,0.031553703588219746,0.04373678727797818
523,-576460721595,1.0001344806410626,3.283476399879872,0.0321794447832982,0.04459416108270854
524,-576460721578,1.0007287175185655,3.2842357526804555,0.0321597580645782,0.037622469556468544
525,-576460721560,1.0013077419162986,3.284852123456761,0.032140563726978204,0.03082514580226854
526,-576460721542,1.0018862921385252,3.2853459783179457,0.032121373652418204,0.024029331725748542
527,-576460721523,1.002462189402279,3.285799899825947,0.0316263863380182,0.026216573521228543
528,-576460721509,0.9972391120633055,3.2885455647484734,0.03015023142093025,0.02759356500336696
529,-576460721505,0.99780568815366,3.2890903480205624,0.02963094403193025,0.02988818356841696
530,-576460721488,0.9983039097142075,3.28961424677386,0.02916666740933025,0.03193972146458696
531,-576460721469,0.9988537043705498,3.290243636929504,0.02864559929333025,0.03424220867678696
532,-576460721452,0.9993371032955005,3.2908594865036127,0.02827173556487025,0.03827039865968696
533,-576460721433,0.9948640697468462,3.288205879930317,0.026529564876549252,0.04097896781424135
534,-576460721417,0.9953121272864981,3.2889371953224895,0.026155194915559253,0.045012612193091356
535,-576460721399,0.9957802824673613,3.289787614540653,0.025758220571599252,0.049289807208491354
536,-576460721382,0.9962099103934065,3.290569070668021,0.02486664551513925,0.04279245607646136
537,-576460721364,0.9958331064985249,3.291705050173185,0.023690208112101863,0.03611753092683091
538,-576460721347,0.996227862032799,3.292263229437882,0.022798107765441864,0.029616351743700912
539,-576460721329,0.9966296090077533,3.292734195707365,0.021852848050541863,0.02272777378925091
540,-576460721310,0.9970387870919426,3.2931561404348177,0.023538253418121862,0.024079561886910912
541,-576460721294,0.997451968291484,3.2935758456697144,0.02512568858074186,0.02535277247465091
542,-576460721282,1.0011127337602537,3.296052468179199,0.026117847627054075,0.026495124385026627
543,-576460721276,1.0015991391675745,3.296542668638891,0.027804374790874074,0.027847812225166628
544,-576460721259,1.0020839110509674,3.2970255180546486,0.029389098945914075,0.029118848435246626
545,-576460721242,1.0025588986232128,3.2975959404839346,0.026449092113324073,0.03793839358979663
546,-576460721224,1.0029885192706904,3.29832567806849,0.023474869013594073,0.04686058201364663
547,-576460721208,1.0061112481705616,3.2977964669445563,0.02117230642495426,0.05536961113913678
548,-576460721189,1.006464372620201,3.2988771655028373,0.01806156387552426,0.06470133583948678
549,-576460721171,1.006795496919702,3.299940095860363,0.01874229291018426,0.05344141813690678
550,-576460721152,1.0071583705775713,3.3008424085438044,0.01946096632751426,0.04155386358561678
551,-576460721134,1.002220311829447,3.297914050397943,0.018670998251089106,0.029284653120089776
552,-576460721117,1.0025621120194486,3.2983394225251867,0.019351159822399107,0.018034121811059775
553,-576460721097,1.0029130445988712,3.2986450294352183,0.021918032795059106,0.017904833916779776
554,-576460721081,1.0033320938157604,3.298966138219198,0.024635232426199107,0.017767974390659774
555,-576460721065,1.0023835833966221,3.2999982866226145,0.026810156470941204,0.018004066935177462
556,-576460721047,1.0028830697169153,3.3004258298701385,0.028728434766421205,0.02953507216797746
557,-576460721029,1.0034177650115181,3.30106172599813,0.030649165966821205,0.04108082211197746
558,-576460721010,1.0039866944126237,3.3019049822291047,0.03256872403878121,0.05261952023757746
559,-576460720993,1.0045942097984257,3.302963434387024,0.03450075993142121,0.06423322406797746
560,-576460720981,0.9981802034887426,3.29866353819261,0.03275523344666423,0.06224998460051614
561,-576460720975,0.9987610436744295,3.2999277095920974,0.03219027845437423,0.07910087350732614
562,-576460720955,0.9993660733949942,3.301597955020583,0.03159105409513423,0.09697391338768614
563,-576460720937,0.9999296266746808,3.3034962154833494,0.031022498450464227,0.11393219880231614
564,-576460720920,1.0004831585610334,3.305700658298335,0.030453721713104228,0.13089707873935613
565,-576460720902,1.0078448105380011,3.304464385226335,0.032605532782672884,0.14638388038104921
566,-576460720885,1.0084337030315347,3.3072642906071006,0.032823331561932886,0.1646994350753392
567,-576460720869,1.0089601278900182,3.31002808950742,0.03301681082859289,0.18096986644672922
568,-576460720851,1.0095611099998838,3.313478686581938,0.03323631560351289,0.19942888501590922
569,-576460720832,1.0013417771351336,3.31122803473074,0.03047288138144762,0.20605535378012232
570,-576460720814,1.0018870141894396,3.315021690552422,0.03010901354144762,0.21546195974012233
571,-576460720798,1.0024257611128766,3.318985115019561,0.02974510527168762,0.22486961087856233
572,-576460720780,1.0029577806720955,3.3231164903683283,0.02938131829120762,0.23427412648168233
573,-576460720760,1.014727176603827,3.3215252372394484,0.03302473330681269,0.24519631799091215
574,-576460720743,1.0153244797521015,3.326054853483236,0.033467880327232684,0.25904683505233217
575,-576460720725,1.0159315757111846,3.330848045697578,0.03391235930463268,0.2729389822997322
576,-576460720707,1.016581587315266,3.3357996423947784,0.03827906718151268,0.2769940138353322
577,-576460720688,1.0005899221320176,3.3296564728279887,0.038054544566448766,0.27588529026546815
578,-576460720671,1.0013182602174187,3.334685762259249,0.042442591309008765,0.27996013759266813
579,-576460720652,1.0021274562629678,3.3397975953204737,0.04683815515197876,0.2840419654828181
580,-576460720634,1.0029644085661227,3.3447377754533516,0.046053332434578764,0.26425771630161815
581,-576460720617,1.0037802917721586,3.3492840261250847,0.04527517330628877,0.24464144659459816
582,-576460720599,1.024657993816005,3.342782019941837,0.05021158497126896,0.21953504110687344
583,-576460720580,1.025556427294907,3.3465625817009528,0.04942615251368896,0.19973542125483343
584,-576460720563,1.0264250137865978,3.3501390446215145,0.04720155820950896,0.19813563454243344
585,-576460720545,1.027260081921756,3.3537150468160433,0.04495914537268896,0.19652303387483344
586,-576460720527,1.0049645845243975,3.341930983065429,0.03642143984085211,0.18785596977826435
587,-576460720509,1.0055951309314979,3.345270780756522,0.03421218927311211,0.18626721730506435
588,-576460720491,1.0062094885758075,3.3487993027766443,0.034042187386112116,0.20574722777020435
589,-576460720473,1.0068208874626614,3.3526791796317443,0.03387215716861212,0.22523048454305436
590,-576460720454,1.0074465466012346,3.3570357783316616,0.033697272992112115,0.24526994203688438
591,-576460720442,1.0236495537591621,3.3484080527145985,0.03831747909836787,0.24096520813947064
592,-576460720436,1.0243368313025156,3.353112966611391,0.03600690106314787,0.26783914968385064
593,-576460720418,1.0249632640762945,3.3581568357700298,0.03376341399823787,0.29393276752274067
594,-576460720402,1.0254873915177802,3.3630448074555854,0.03176480272812787,0.3171782764924307
595,-576460720383,1.0260395675533465,3.368996975057167,0.02951319478226787,0.3433663469213707
596,-576460720371,0.9962717332129883,3.3492807568856406,0.02137256884402381,0.3342657505063622
597,-576460720366,0.9966404499447433,3.3555019675085056,0.01953005822957381,0.3558679921155522
598,-576460720348,0.9969763725243403,3.362121704576032,0.017685094885923812,0.3774989903833822
599,-576460720331,0.9972609436049966,3.3686797052899724,0.015956125194023812,0.3977700383363622
600,-576460720311,0.9975454251569095,3.376446461121008,0.014016118593873812,0.42051535712649224
601,-576460720294,1.0223848301342533,3.3709128361738627,0.017862773326252374,0.41520566603319464
602,-576460720276,1.0226730594720619,3.37826394563206,0.014744199670942374,0.41641483944756463
603,-576460720258,1.0229019472009218,3.385485674255126,0.011689306375922373,0.4175993218951046
604,-576460720240,1.0230837609049388,3.3930127045453338,0.008514461155702372,0.4188303136430446
605,-576460720224,0.988388908493338,3.3768332128955105,-0.0027099297008500983,0.4060237220307088
606,-576460720207,0.9883283960614927,3.383720194656419,-0.004407086687900099,0.4039711925130588
607,-576460720189,0.988232962379181,3.390968104482109,-0.006202550033800099,0.4017997719883588
608,-576460720171,0.988104716234023,3.398202526419857,-0.0080044007979401,0.3996206265657388
609,-576460720151,1.022583688581104,3.3874958759859495,7.77610242369586e-4,0.3877762624467297
610,-576460720134,1.0225883068206616,3.3944475069094153,-2.641016464004146e-4,0.3851854236004897
611,-576460720116,1.0225741655812774,3.401359040501681,-0.0013067980852404153,0.38259213608240966
612,-576460720099,1.0225436179923906,3.407836210790577,-0.0022904215198804156,0.3801457688747297
613,-576460720082,0.9818627082605993,3.387222476897006,-0.012648742088965773,0.3683953417378768
614,-576460720063,0.9816305185861542,3.394229752114824,-0.011793562710775774,0.3692513994398368
615,-576460720043,0.9814257570308581,3.400875805405829,-0.010984295378785773,0.3700614979409968
616,-576460720028,0.9812543162161199,3.40751819146237,-0.008062567718445773,0.3678994015747568
617,-576460720011,1.0235396964098953,3.3915711711282412,0.006754400108200665,0.3548484170718114
618,-576460719993,1.0236899922620553,3.3980271538170994,0.009716378210700666,0.35265653513181144
619,-576460719971,1.023891179697388,3.404355514744032,0.012637781270700667,0.35049467897181147
620,-576460719956,1.0241616903913786,3.410622032611774,0.017375609830000666,0.3447807973115515
621,-576460719938,1.0245160799814044,3.4167621556769574,0.022095302908850666,0.3390887872719815
622,-576460719919,0.9717668216672928,3.3873297093554537,0.012274583808786904,0.3169708081168364
623,-576460719900,0.9720304281611298,3.3929853894618143,0.017006892874036905,0.3112635830367864
624,-576460719883,0.9723417028104077,3.39849280799741,0.017590711802836907,0.3008758562869464
625,-576460719865,0.9726821650509985,3.4041113366455162,0.018207851952036908,0.2898952543913864
626,-576460719846,1.0314861321910318,3.378973709767275,0.03547019521127947,0.2644086606099057
627,-576460719828,1.0321377845383473,3.3836954148169833,0.03606134675527947,0.2538904666907057
628,-576460719811,1.0327788488612866,3.3881680021922578,0.036106200575479475,0.2496091815446657
629,-576460719793,1.0333933082832643,3.392378500480384,0.03614914067307948,0.24551056070914568
630,-576460719776,0.9767805833194425,3.3590696014877963,0.020525780187794797,0.22410480173851566
631,-576460719759,0.9771501477961351,3.363061152310797,0.020571186917294797,0.21977074154761567
632,-576460719742,0.9775116197368449,3.366885034476063,0.0219174337949948,0.22970115563321566
633,-576460719724,0.9779186944233362,3.3711115606223845,0.0233407447020148,0.24020002245577565
634,-576460719706,0.9783522646070064,3.375535976422181,0.0247669039715148,0.2507198998517757
635,-576460719689,0.9787839516617157,3.3798747298427876,0.0261095903961148,0.26062405072057565
636,-576460719672,0.9792568366603445,3.384379046209891,0.029491232487914798,0.26898398773957566
637,-576460719654,0.9798197196143233,3.3892989872907373,0.033068695712014796,0.27782802458007566
638,-576460719637,0.9804104322616738,3.3940916504890573,0.036447355756114796,0.2861805895205757
639,-576460719618,0.9194605347599344,3.354171470482789,0.022322375671321334,0.2732059699426255
640,-576460719601,0.9198862408151917,3.359155592639724,0.025025645155861333,0.28113972652434555
641,-576460719584,0.9203333445902296,3.3639981449000516,0.027580987981921334,0.2886393369334255
642,-576460719566,0.9208553071661947,3.3692763986472616,0.030292676056781334,0.29659780102090555
643,-576460719547,1.0014178791459567,3.33560375424079,0.05396906501952124,0.2716179890876417
644,-576460719529,1.0023981103566557,3.3404420368234318,0.054951565093151244,0.2659988321403717
645,-576460719511,1.0034517629903623,3.34543836350658,0.05598843319130124,0.2600687312340217
646,-576460719493,1.0044675432210688,3.350065208672479,0.056970169055751245,0.2544539449849717
647,-576460719474,1.0055209024862073,3.3547131057989414,0.05667307888237125,0.2469914241446517
648,-576460719461,0.9368889142762108,3.3069709950934874,0.03788951955535885,0.22492778622720228
649,-576460719457,0.9375500910198111,3.3108488586809015,0.03760882399020885,0.2178770767376023
650,-576460719439,0.938184661033095,3.3144806710291985,0.03733743953686885,0.21106025033184228
651,-576460719420,0.9388604368246934,3.318249184622084,0.03704624693516885,0.20374586886304227
652,-576460719404,0.9395202127157245,3.3218183295065904,0.03622961835036885,0.19264960920296229
653,-576460719391,1.0229847317382752,3.281382402286347,0.05982828518876064,0.17264369805450946
654,-576460719387,1.0240553566884756,3.284393074722508,0.05901120312296064,0.16154127654432945
655,-576460719367,1.0251009583842319,3.287177066398327,0.05820214767086064,0.15054791978091944
656,-576460719350,1.0261412506501075,3.2897871069827636,0.05738588187086064,0.13945658960091945
657,-576460719331,1.027157058947163,3.2921152964518003,0.05548170669086064,0.11923112918091944
658,-576460719313,0.953753627226213,3.244368678687657,0.0331872571382567,0.07594925605351738
659,-576460719296,0.9543308566147448,3.2455483814907415,0.0312932375592167,0.055831664755757376
660,-576460719277,0.954886778164219,3.2465281095868597,0.029948464393316703,0.05209762151450738
661,-576460719261,0.9554086989639523,3.247423832788231,0.028628505273716704,0.04843247964950738
662,-576460719241,1.0407663921611805,3.207300161935465,0.0512258751868802,0.02454051785913345
663,-576460719224,1.041674712000405,3.2077078423170504,0.0498951756591802,0.02084555301038345
664,-576460719206,1.042524606486624,3.2082758379120313,0.0442811760743202,0.04209373392862345
665,-576460719187,1.0432703890514072,3.209222784357968,0.0386895715235402,0.06325715286414345
666,-576460719169,0.9628096614094912,3.1584734037159548,0.010853840975567054,0.06048371215977398
667,-576460719152,0.9629546154410711,3.1597524166396274,0.0052566376662670534,0.08166832159097398
668,-576460719134,0.9631320388064795,3.161159559512411,0.014442842199207056,0.07456804911727398
669,-576460719115,0.9634778908891717,3.1624472355697155,0.02369279377964706,0.06741850478107397
670,-576460719097,1.0450001261869775,3.1251597156372335,0.055685012870863033,0.041410175795051324
671,-576460719079,1.0460755430078592,3.125836193899825,0.06478962118300303,0.03437297130535132
672,-576460719062,1.047317324118471,3.1264468699401995,0.07310179079987303,0.03343848173717132
673,-576460719043,1.0487092227916233,3.1270408774082736,0.08141626794259303,0.03250373274709132
674,-576460719026,1.0502478645063957,3.1276169710631057,0.08971505390953304,0.03157074782593132
675,-576460719013,0.9711843222708852,3.078087688271,0.0680250409770141,0.008783238549402248
676,-576460719008,0.972305569750845,3.0783420365595693,0.0567451676648241,0.019520137466712252
677,-576460718989,0.973225856736954,3.0787905396111133,0.0454408179124641,0.030280334612352255
678,-576460718971,0.9739423249452178,3.0794326091012074,0.0341402337662841,0.04103694741517226
679,-576460718954,0.9744550407143628,3.0802677406817183,0.022847180832464096,0.05178639153235226
680,-576460718936,0.9748753780078835,3.0812419849325967,0.023134035983224097,0.05478739295364226
681,-576460718917,0.9752876827508887,3.0822383568577147,0.023411995062744096,0.05769532607072226
682,-576460718900,0.9757118062579127,3.083303888224197,0.023694519850784097,0.060651024402132256
683,-576460718881,0.9761408253729398,3.0844221340020037,0.023976919121064096,0.06360540960050226
684,-576460718863,0.9010248552713518,3.031850272648874,0.0071119992026405544,0.030811209102759907
685,-576460718845,0.9011877295366612,3.032332760331945,0.010973084664720554,0.022762817442999905
686,-576460718827,0.9014198826929779,3.032670015452389,0.014830311613680555,0.014722468812879906
687,-576460718808,0.9017214241035829,3.0328625858572393,0.018687324200800555,0.006682567017739907
688,-576460718791,0.9019663120476555,3.0328449430785374,0.008520935792820554,-0.008642766862400094
689,-576460718779,1.001690442303673,2.9886456571554114,0.03645375502889815,-0.030227685338491517
690,-576460718774,1.0022550911932195,2.9879636840283808,0.02628849615687815,-0.04555131649835152
691,-576460718755,1.0026372429247248,2.987004135132625,0.01610685901343815,-0.06089963710227152
692,-576460718738,1.0028356620910064,2.9859376530465793,0.00594216490939815,-0.057611540366951514
693,-576460718719,1.0029351926469854,2.9849311106716905,0.005126624678998151,-0.05432600132439151
694,-576460718701,0.9276597575472864,2.93338893784839,-0.016397967701528522,-0.07431519589050689
695,-576460718683,0.9273383364361518,2.9320030540812976,-0.01726398036722852,-0.0708263202735269
696,-576460718664,0.9269802553293311,2.930747578294221,-0.02254713829647852,-0.0687562898856369
697,-576460718648,0.9265286100877359,2.929532874817164,-0.027814730748478518,-0.06669235831427689
698,-576460718628,1.0066799775332107,2.8923951744299994,-0.010834920926493727,-0.08191342840911596
699,-576460718610,1.0064376938274846,2.8909409712499143,-0.016115435661493725,-0.07984443366931596
700,-576460718592,1.006131871340266,2.889471394432177,-0.017868616701953725,-0.08346002435237596
701,-576460718575,1.0058140681935386,2.8880237193841265,-0.019524387972413723,-0.08687472656543596
702,-576460718556,0.9344684851731876,2.8400383194974888,-0.04083022870466975,-0.1118119027475013
703,-576460718538,0.9337238065635265,2.838009550051656,-0.04256977237732975,-0.11539936904476131
704,-576460718522,0.9329828382347142,2.836008702074896,-0.03967779436840975,-0.10669497846988131
705,-576460718504,0.9322940511376203,2.8341648857896566,-0.03678613736936975,-0.0979915540833213
706,-576460718485,1.010010157560544,2.7980923382592326,-0.011996309815532555,-0.10588115291922298
707,-576460718467,1.0098209275159702,2.796272223473008,-0.009119579775912554,-0.09722265628954298
708,-576460718448,1.0096904030578928,2.7945751119535265,-0.005378305159932553,-0.09128245528234298
709,-576460718432,1.009627217824658,2.7929835942595393,-0.0016337060746725528,-0.08533697585594298
710,-576460718412,1.0096314040708572,2.791503513617578,0.002099672926767448,-0.07940931109434297
711,-576460718400,0.941348233348492,2.7478152775072107,-0.016736273288470934,-0.09945024192725813
712,-576460718394,0.9410400032296953,2.7460999844129397,-0.017530554815670934,-0.09124382080435813
713,-576460718377,0.9407171541320176,2.7445308302353744,-0.01832563106591093,-0.08302918869867813
714,-576460718358,0.9403788591026485,2.7431051918878855,-0.01912331224167093,-0.07478764281610814
715,-576460718341,0.9400292395910894,2.7418387736745724,-0.019914149969030927,-0.06661680261858814
716,-576460718328,1.0172648090571885,2.708117638756084,0.001699606899781516,-0.08289875743560461
717,-576460718322,1.0173316560187704,2.7065523592265364,0.0053317343836815165,-0.08174619150180461
718,-576460718304,1.017458704675322,2.70508953786536,0.008773029041431516,-0.08065418165130461
719,-576460718284,1.0176596736167702,2.703569321775524,0.012399425809831516,-0.07950343421850462
720,-576460718268,1.017897769546548,2.7022280135039565,0.015643201806681516,-0.07847410203580461
721,-576460718249,0.9550532537057105,2.660838447425092,-0.004301372749903819,-0.10126585375061246
722,-576460718230,0.9549536058139455,2.658977689029886,-0.006784164213603819,-0.10573808386267246
723,-576460718214,0.9548091832773745,2.6570348756990305,-0.009269027202053819,-0.11021404539378246
724,-576460718197,0.9546303172864634,2.6551121283353845,-0.011632636941803817,-0.11447159452983247
725,-576460718178,1.02163479951706,2.623505690912749,0.013306478680580925,-0.11874482659331725
726,-576460718162,1.0219081418724971,2.621575826057391,0.018999673717140925,-0.10934462564137726
727,-576460718145,1.0222777010142046,2.619805531131609,0.024691186566300927,-0.09994720219828726
728,-576460718126,1.0227775370504049,2.618093864515428,0.030756817893220927,-0.08993206078695726
729,-576460718108,0.967848757874199,2.581840192377923,0.015579460208889884,-0.09214222486000269
730,-576460718090,0.9681312588191037,2.5803045197812824,0.015797331583709884,-0.07842173322746268
731,-576460718073,0.9684175228224301,2.5790165591279823,0.016015081965929885,-0.06470886112712268
732,-576460718055,0.9687247425807305,2.577877067101513,0.018097704876209885,-0.06181701345308268
733,-576460718037,0.969068889362005,2.576791371932668,0.020176974684979886,-0.05892982176297268
734,-576460718024,1.036414826573229,2.54677893606725,0.039190204965033275,-0.07341332264252275
735,-576460718017,1.037187182479649,2.545401384402133,0.041406258190573274,-0.07033619891830274
736,-576460717999,1.0379496172877405,2.5441638377333216,0.04348321551554327,-0.06745221825159274
737,-576460717983,1.0386918064721233,2.543005420448998,0.04459477468002327,-0.07002090633437275
738,-576460717966,1.039460271206018,2.5417917337065563,0.04571721661090327,-0.07261474326505274
739,-576460717948,0.9798154623826497,2.5028616296808,0.030048961276697813,-0.09257008022629981
740,-576460717930,0.980366872403514,2.501171153206656,0.031235842375897813,-0.0953128288199998
741,-576460717911,0.980920456308007,2.499395641860538,0.02980549674561781,-0.1004652444094798
742,-576460717893,0.9814444639381017,2.497540192733857,0.02838524507501781,-0.10558129936407981
743,-576460717875,1.0388925040920436,2.4698114607863935,0.043170462012833186,-0.12311227280915449
744,-576460717858,1.039656254470905,2.467551087854637,0.04175202410061318,-0.1282217942121745
745,-576460717840,1.0403622829504113,2.4651598443566076,0.036726104005483186,-0.13757529332517449
746,-576460717820,1.040978133642179,2.462599127902063,0.031697949299073186,-0.1469329511661745
747,-576460717803,0.9797899924789927,2.421423071353138,0.009346526033135839,-0.17393764944617637
748,-576460717784,0.9799708932128041,2.4181139735228654,0.009856354261045839,-0.17732797661109637
749,-576460717766,0.9801364967497527,2.4148616782177084,0.00836887403901584,-0.18059810110385638
750,-576460717749,0.9802727722662913,2.411611173082356,0.006908650236615839,-0.18380830420465638
751,-576460717732,0.9803783421769714,2.4084621117844374,0.005517918026605838,-0.18686573474757637
752,-576460717718,1.039118791761345,2.3819647010202836,0.02234576559020903,-0.19967489434757893
753,-576460717714,1.0394632284844103,2.3782878815466524,0.01540279302290903,-0.20328630611615892
754,-576460717697,1.0396601159538563,2.375028962713229,0.009350471931309029,-0.20643444236551892
755,-576460717679,1.0397636199613143,2.371525385482781,0.0029450860941090274,-0.20976622649263893
756,-576460717663,1.0397545893782323,2.367695346965996,-0.003942720106690973,-0.21334894328031892
757,-576460717645,0.9914096576799901,2.333547592283197,-0.019969278133536456,-0.2344850040589358
758,-576460717626,0.9910283453195698,2.329261114960015,-0.022401115823936456,-0.2418167152790158
759,-576460717609,0.9906004056294937,2.324814019404,-0.024848491118336456,-0.2491952705898958
760,-576460717590,0.9901299354162493,2.320250201682407,-0.027286949179136454,-0.2565469414660558
761,-576460717573,1.0422950065546046,2.2917063165826375,-0.00909483566706734,-0.2656828606161979
762,-576460717555,1.0421582402489937,2.2869451315558726,-0.00609720050186734,-0.2631907885661979
763,-576460717537,1.04207548667295,2.282232205381379,-0.0031017296941873397,-0.26070051584619786
764,-576460717519,1.0420466267629347,2.2775620185161474,-1.0492697418733972e-4,-0.25820913584619787
765,-576460717500,1.00120612550838,2.247273632284036,-0.013484878439815709,-0.2660646518920877
766,-576460717483,1.0009497570236927,2.2425590366745634,-0.015244710251545708,-0.26227015053660774
767,-576460717465,1.0006562958035339,2.237825842523075,-0.017037476664335707,-0.25840463649256773
768,-576460717447,1.000337163149827,2.2332566120759223,-0.018793955852005707,-0.2546173639736477
769,-576460717429,0.999993484093464,2.228659287982387,-0.019415956468085707,-0.2565087790620777
770,-576460717417,1.0448700994205278,2.2079937960494145,-0.0063065250219397385,-0.2665117208900046
771,-576460717411,1.0447497119727283,2.2031304321823533,-0.006935233521699739,-0.2684235336952146
772,-576460717393,1.0446260190305645,2.1985233960121033,-0.007526702894019739,-0.2702221076294346
773,-576460717375,1.0445441517605751,2.193733366283372,-0.0016848042777697393,-0.2687404497524346
774,-576460717358,1.0445669833487583,2.188914886722594,0.00422446925923026,-0.2672417038380346
775,-576460717339,1.014175997915949,2.1647703423485445,0.0013896194562861616,-0.27457184797535106
776,-576460717321,1.0142543486852937,2.159838002880738,0.007309738712236162,-0.27307035130371105
777,-576460717303,1.014429436030831,2.1549219864742257,0.012121740732556162,-0.27251717508351103
778,-576460717285,1.0146908510593204,2.150022194036471,0.016927601248716163,-0.271964704875911
779,-576460717267,1.0586300948088267,2.1245940496610234,0.03461337179449801,-0.2813581106818854
780,-576460717250,1.0592972997774213,2.11952811793295,0.039425907858658016,-0.28080487306928537
781,-576460717231,1.0599764527688156,2.1145080616331553,0.036069088961538015,-0.27722717448456535
782,-576460717214,1.0605956678281099,2.109548544213122,0.03270965804437802,-0.2736466920081054
783,-576460717195,1.0361232538599026,2.0888435468223867,0.022105757246661015,-0.2772649726198694
784,-576460717176,1.0365088256937554,2.0836226177884343,0.018568522393921014,-0.2734949866556794
785,-576460717159,1.0368714844576261,2.0787076860280522,0.021726895813921013,-0.2726085422756794
786,-576460717143,1.0372662705366196,2.074079641674048,0.024710330439491016,-0.2717711970649494
787,-576460717124,1.0377397605411223,2.069193029281234,0.027870458511391017,-0.2708842602158494
788,-576460717111,1.0660821547974622,2.0554332492291567,0.036353446174744536,-0.2775369576201933
789,-576460717104,1.066746592341318,2.050406023702449,0.03739100930314453,-0.2804237001719933
790,-576460717088,1.067433262445083,2.045300713836275,0.03843386964618453,-0.2833251808100733
791,-576460717070,1.0681357418255957,2.0401651775450595,0.03947223887246453,-0.2862141661141333
792,-576460717052,1.0688488056876202,2.035035647790254,0.040499034836324534,-0.2890709519036033
793,-576460717039,1.0602687789514755,2.0295735869276674,0.0379894940550726,-0.29155752541166713
794,-576460717033,1.0610086244819104,2.0239122864191366,0.0398684938886226,-0.3042120624368671
795,-576460717016,1.061700509210355,2.0186457277143597,0.041548866483782594,-0.3155289007047071
796,-576460716997,1.0624273093177987,2.013138774508544,0.04324377277931259,-0.3269436193694271
797,-576460716981,1.063215501669755,2.007192687025586,0.04500976567733259,-0.3388370863699071
798,-576460716962,1.0914857101739204,1.9869983250044208,0.052409699038216816,-0.3630586872991631
799,-576460716945,1.0924160390421442,1.9803406841208557,0.05147962181311681,-0.38039646441106306
800,-576460716927,1.0933342594759603,1.9733367236468766,0.05054487083311681,-0.39782136603106305
801,-576460716908,1.0942357040022304,1.966018699696986,0.04961006792250681,-0.4152472357011531
802,-576460716889,1.0900995964670555,1.95486781528256,0.0469848550745894,-0.4230532392823114
803,-576460716872,1.0909353345005162,1.9472025565113833,0.045921379538359404,-0.4290682404772114
804,-576460716853,1.0917518049716266,1.9394303871019296,0.0448580813367194,-0.4350822386704114
805,-576460716837,1.0925058507382657,1.9319856777959825,0.043853185326719404,-0.4407659149704114
806,-576460716819,1.109812390039572,1.9157360623637705,0.05126654200390411,-0.45465906235878073
807,-576460716802,1.1107659633580103,1.9073847847980183,0.05374676325884411,-0.4650345190246407
808,-576460716783,1.1117558664325895,1.898918760247197,0.05620581639008411,-0.47532142353020074
809,-576460716766,1.1127706235525967,1.89042986490071,0.05735250053104411,-0.47464448364156075
810,-576460716748,1.1138120169796488,1.8819033014406166,0.05850592156965411,-0.47396356665532074
811,-576460716735,1.1061455786490022,1.8770829958357558,0.05620295468541329,-0.4761512194285654
812,-576460716730,1.1071671096859352,1.868522689205897,0.05735727397704329,-0.4754697721626454
813,-576460716711,1.1082176588536867,1.8599076977165065,0.058520639959803285,-0.4747829842228054
814,-576460716693,1.1092712756664684,1.851368941874842,0.05920848600050328,-0.4793212497192554
815,-576460716675,1.1221852874415652,1.8361562394913813,0.06360495988810104,-0.48703873057488467
816,-576460716656,1.1233686197293788,1.8271021427506218,0.06431594036740104,-0.4917296322984347
817,-576460716638,1.1245321421572774,1.8182129122606232,0.06500743719160104,-0.4962919849071347
818,-576460716622,1.1256608414353564,1.8097461191755797,0.06768704647628104,-0.4990986905035747
819,-576460716603,1.1269046548379098,1.800736117427893,0.07052212098339104,-0.5020682351797047
820,-576460716585,1.1003836163307472,1.7741769989564953,0.06487572936875234,-0.5129604436158964
821,-576460716568,1.1015804177305144,1.7648901549934406,0.06771915205903234,-0.5159387324371364
822,-576460716550,1.1027249714792406,1.7559693492678778,0.06627999899478235,-0.5284686580168464
823,-576460716532,1.1038921867672966,1.7464399119572844,0.06477943150778234,-0.5415332856832864
824,-576460716515,1.1036330928645808,1.7373296854570364,0.06281649518429847,-0.5543691313511965
825,-576460716497,1.1047497130257065,1.7272361913903687,0.06130067939754846,-0.5675665176976065
826,-576460716479,1.105849142622454,1.7169459351894734,0.06017654249596846,-0.5694155496904265
827,-576460716462,1.1068660667213204,1.7072231234750461,0.05911773856054846,-0.5711571190206065
828,-576460716443,1.0824157446188356,1.6805164236059384,0.050097342554720675,-0.5804173254582968
829,-576460716425,1.0833141868358451,1.670178149109663,0.05049519139921067,-0.5770897558018968
830,-576460716408,1.0842254868825085,1.659834481052448,0.05089555700569067,-0.5737411361890968
831,-576460716387,1.085145625382241,1.6495327553162389,0.051296635323530675,-0.5703865555266968
832,-576460716371,1.0775168196279856,1.6437773704476561,0.048945788810763606,-0.564892936775094
833,-576460716353,1.0783924832284362,1.6335987110539423,0.048301543128903605,-0.565504019603814
834,-576460716335,1.079269696659955,1.6232527976088895,0.047647423950003605,-0.5661244676866141
835,-576460716317,1.0801082515544767,1.613217444909148,0.047013624141823605,-0.5667256423479741
836,-576460716299,1.0809634452315018,1.6028304716527582,0.046358324436103604,-0.567347210189414
837,-576460716284,1.0628510029500249,1.590809136016112,0.04065676599717431,-0.5727844398006056
838,-576460716281,1.0635742863082875,1.580559082673183,0.040306278527684314,-0.5745881849186055
839,-576460716263,1.064295582664282,1.5702151273018055,0.03995369209590431,-0.5764027321146056
840,-576460716246,1.065011729656094,1.5598212106953186,0.03960051717002431,-0.5782203079306055
841,-576460716228,1.0657139037330021,1.5495070959035349,0.03925114783932431,-0.5800182986706055
842,-576460716210,1.0507254178415741,1.5471812629588266,0.03503145790839383,-0.575708552031658
843,-576460716192,1.0513644611185688,1.5368190608004961,0.03594969026385383,-0.575263585959058
844,-576460716173,1.0520245732275968,1.5263941681979576,0.036874195116243826,-0.574815580298158
845,-576460716156,1.0526980818027658,1.5160285163020606,0.03779416133264383,-0.574369774014158
846,-576460716136,1.0730606167679124,1.518787454605674,0.04452866328968489,-0.5652228366412038
847,-576460716119,1.073866197274217,1.5086350512060955,0.04494051777480489,-0.5623208550045637
848,-576460716101,1.0746787862856655,1.4985399414682166,0.04535216642416489,-0.5594203237141437
849,-576460716080,1.0754945259067001,1.4884771843257956,0.04522518434584489,-0.5579189103987837
850,-576460716064,1.0564518619939314,1.4890143037335444,0.03848930983804024,-0.5513716120306755
851,-576460716047,1.0571371208725255,1.4791949480869453,0.03836358968466024,-0.5498851194894355
852,-576460716029,1.0578341323716873,1.4692013927474081,0.03823528928252024,-0.5483681185497156
853,-576460716011,1.058521712241688,1.459424180166767,0.03887791320730024,-0.5481621994720756
854,-576460715993,1.121113090750454,1.4931910323225985,0.05974257848245007,-0.5282981168871332
855,-576460715975,1.1221956235556267,1.4836719188624568,0.06039201314697007,-0.5280900154113732
856,-576460715957,1.1232857707762023,1.4741919239212622,0.06103903342227007,-0.5278826875899733
857,-576460715938,1.1243294071697478,1.4652564059635864,0.06171283596675007,-0.5231074274036532
858,-576460715923,1.125384064196261,1.4564057148621696,0.06238636112839007,-0.5183341330383933
859,-576460715910,1.0980878829281358,1.4724549612854625,0.05314024495541245,-0.5107904239228842
860,-576460715904,1.0990528193759563,1.463287516351187,0.05385498128185245,-0.5057250647144242
861,-576460715886,1.1000287376070517,1.4542289585626564,0.05456833069409245,-0.5006695346112643
862,-576460715868,1.1010154501481901,1.4452325487044169,0.05510904841317245,-0.4993204457410443
863,-576460715850,1.1020120587726816,1.4362589190884858,0.05564985628693245,-0.49797113193520426
864,-576460715832,1.131629834066664,1.4475575270641927,0.06573209108847944,-0.4875304376444436
865,-576460715814,1.1328176812400543,1.4387913202081057,0.06627292901379944,-0.4866549105899436
866,-576460715797,1.134017422192367,1.4300350408633187,0.06696500227749944,-0.48577879975344357
867,-576460715779,1.1352970998959349,1.4208111155962595,0.06769538955329944,-0.4848541863624436
868,-576460715760,1.109873525411543,1.4284636084849092,0.05918191049960202,-0.47634497058515024
869,-576460715742,1.110941250871862,1.4198930597960935,0.05942130642000202,-0.4756737674116002
870,-576460715724,1.1120123320861919,1.411342196166217,0.05966048960312202,-0.4750031606974102
871,-576460715706,1.1130898124634943,1.4027867944639658,0.05990013814904202,-0.4743312492283702
872,-576460715688,1.1569390674426208,1.4258616167373277,0.07467531675164435,-0.459822561031465
873,-576460715670,1.1583038558554792,1.4175010261470886,0.07493972521924434,-0.456707869821305
874,-576460715654,1.159580827642554,1.4097562163439352,0.07518627843404434,-0.453803510751625
875,-576460715634,1.1609446014322495,1.4015671832774397,0.07544870137434434,-0.450712208748645
876,-576460715618,1.1622966222334046,1.3935317098307294,0.07570796486244434,-0.447658124608185
877,-576460715605,1.131602400405874,1.4136517671051265,0.0649228122013932,-0.4383340905779259
878,-576460715600,1.1327800624554538,1.405698861623455,0.0658413505323132,-0.4447333624169259
879,-576460715582,1.133973534861758,1.3976356548949016,0.0667593279082232,-0.4511287261951759
880,-576460715563,1.1351849530134612,1.3894477171387478,0.0676783761982432,-0.4575315508166759
881,-576460715545,1.1364111507376473,1.3811564498509428,0.0685960985946032,-0.4639251382036759
882,-576460715527,1.157213268981804,1.3872043488541814,0.0763040248114011,-0.4573365642831577
883,-576460715510,1.1585955631055134,1.378971127530774,0.07723303213732109,-0.4571609724720577
884,-576460715491,1.1599948194214837,1.3707396969574195,0.07816219424620109,-0.45698535140540775
885,-576460715474,1.1614109341273902,1.3624985307941886,0.07916640323258109,-0.4585980463538277
886,-576460715454,1.1297492078495048,1.3760960665159012,0.06835507356692115,-0.4500318601777849
887,-576460715437,1.1309959190709478,1.3679335572373725,0.06936502822187116,-0.4516537822998349
888,-576460715418,1.1322556375545931,1.3597756784847002,0.07037079913757116,-0.4532689856061349
889,-576460715400,1.1335136170699136,1.351675072612383,0.07043729525693117,-0.4534475884163749
890,-576460715381,1.1990573415858712,1.3916475070879284,0.0931629457326191,-0.43203777815610933
891,-576460715360,1.2006410900657634,1.3843040137295628,0.0932261892434991,-0.43220764474202933
892,-576460715346,1.202318551547405,1.3765282778615724,0.0932931282237391,-0.4323874370381893
893,-576460715330,1.2039194383321998,1.3691380281363543,0.0937154325840091,-0.43090906728025935
894,-576460715311,1.169355418154467,1.388086671340526,0.08097746484310597,-0.4171553371646972
895,-576460715293,1.1708043883640535,1.3806562829037006,0.08141762729325597,-0.4156144512158472
896,-576460715275,1.1722748838674035,1.3731842424953171,0.08186190894369597,-0.4140591450958872
897,-576460715258,1.1737520148716103,1.3657354157559256,0.08220906786477597,-0.4133124798504072
898,-576460715240,1.1752332503639702,1.35831076019614,0.08255572550117597,-0.4125668927620072
899,-576460715227,1.230198000152519,1.4003771849650402,0.10228546693659668,-0.3939243521703524
900,-576460715222,1.2320514989505384,1.393257878527662,0.10263424539279668,-0.39317420364815236
901,-576460715204,1.233893697335638,1.3862192473967534,0.10297972693821668,-0.39243114608213236
902,-576460715184,1.2357559097415385,1.3791836151625414,0.10372605682251668,-0.3885248128713524
903,-576460715166,1.2376274951277135,1.3722333675257057,0.10447077127416668,-0.38462693492726235
904,-576460715150,1.2036495578682729,1.3934945702622894,0.09196469608646603,-0.3675945095484034
905,-576460715132,1.2052931301464778,1.386899622646367,0.09052264952002603,-0.3646486055265434
906,-576460715114,1.2069094797035946,1.3803628034534385,0.08908172373590603,-0.3617049911097634
907,-576460715094,1.208500069318959,1.3738782488539714,0.08764063784002603,-0.3587610496065434
908,-576460715077,1.2100637697471965,1.3674506021435873,0.08620043255882603,-0.3558189070787434
909,-576460715058,1.2116077634517528,1.3610367162389814,0.08537348727184603,-0.3569142748976834
910,-576460715040,1.2132208058584697,1.3542475823234204,0.08450091710043603,-0.3580700772229134
911,-576460715022,1.214732621870048,1.3478000039910303,0.08367484479714603,-0.3591642886917834
912,-576460715004,1.1810531620421882,1.3689123166031265,0.06975320700327561,-0.3479231907742347
913,-576460714987,1.18226825918429,1.3627378823906178,0.06644554232155561,-0.3441615721590047
914,-576460714970,1.1833707300929108,1.3569193016995589,0.06329507652175562,-0.3405787268770547
915,-576460714953,1.1844200798429976,1.3511592524980605,0.06014331308967562,-0.3369944058718347
916,-576460714935,1.1854742758719679,1.3451178429428583,0.05680116846451562,-0.33319357518114473
917,-576460714922,1.2006629936549467,1.357225067727979,0.06238910085789819,-0.32789755891696587
918,-576460714916,1.2018790339936436,1.3510544029780638,0.06548726895091819,-0.32099720420571587
919,-576460714899,1.2030123072905279,1.3456662487112296,0.06824807408475819,-0.3148482367707159
920,-576460714880,1.2042678740046437,1.3400546731191048,0.0711818775105582,-0.3083139611332159
921,-576460714864,1.2054290370692968,1.3351623422965795,0.0737913498635782,-0.3025020476719659
922,-576460714846,1.1705760025644094,1.3582821362004924,0.06214841472669536,-0.2841807409021854
923,-576460714828,1.1717092947817715,1.353233833952862,0.06420112731712536,-0.27864909884702543
924,-576460714810,1.1728904765971904,1.348239157516679,0.06627294927834536,-0.27306596093238544
925,-576460714793,1.1740073507311615,1.3436279354058094,0.06597193071350536,-0.2729315656639654
926,-576460714774,1.1752171015258692,1.3386119788431614,0.06564432285858536,-0.2727852991185054
927,-576460714763,1.1669716362882765,1.3318342455535854,0.0625869423390176,-0.2757241570519131
928,-576460714758,1.168073893596005,1.326967300012503,0.062272290525577596,-0.2755836749691931
929,-576460714740,1.169128274187369,1.3222909643796525,0.0619698106190576,-0.2754486272579331
930,-576460714723,1.1702382472860464,1.317431467807764,0.061271526046387595,-0.26410575811800313
931,-576460714704,1.1713344307121336,1.3127813457214137,0.0605740167855176,-0.25277548307027314
932,-576460714692,1.1369180805312036,1.3393114627053864,0.04742119769735829,-0.24096470604985015
933,-576460714685,1.1378146070131185,1.3348344298734567,0.046682558145498286,-0.22896631441091014
934,-576460714668,1.1385996632876856,1.3310469648597578,0.04602602411325828,-0.21830163713595013
935,-576460714648,1.1394303998456217,1.3271857538997864,0.04631908014821828,-0.21091256472835013
936,-576460714633,1.1402668751899152,1.3234554519161839,0.04661229906447828,-0.2035193854552501
937,-576460714614,1.163035414611088,1.3386543233872392,0.055097649204065825,-0.18803067262852738
938,-576460714597,1.164029312456961,1.335337928262491,0.05539068895089583,-0.1806420109074774
939,-576460714579,1.164970343622061,1.33228979149763,0.05533188606969583,-0.1780045080784374
940,-576460714560,1.1659709524772177,1.3290943779617321,0.05526929168609583,-0.1751969438833174
941,-576460714543,1.1292348111929913,1.3560511883201984,0.04064249654639124,-0.15911421637902237
942,-576460714526,1.129966951953036,1.3532078922993043,0.040580130483191236,-0.15631689310558236
943,-576460714508,1.130680137238097,1.3503377441621809,0.03885243454004124,-0.16335210919140236
944,-576460714492,1.1312901698632907,1.3476707395515442,0.03731119929399124,-0.16962805319534235
945,-576460714473,1.1983738658025793,1.4039450834764355,0.06056138196269702,-0.15124722815949573
946,-576460714455,1.199450149023178,1.4011544156504179,0.05882666247419702,-0.15831104427729573
947,-576460714437,1.2005034461650554,1.3982818979702094,0.05825839109155702,-0.16099950265561572
948,-576460714420,1.2015459420654402,1.3953626464189972,0.057690435555617016,-0.1636864667818357
949,-576460714402,1.2025790818230246,1.3923925822605936,0.057122006249627016,-0.1663756722862057
950,-576460714389,1.1746751955580235,1.4169552439611368,0.04625305680765252,-0.15557277062841976
951,-576460714383,1.175465546396691,1.4141683900586643,0.04076602809930252,-0.15126498356616977
952,-576460714365,1.176145309727278,1.4115052082034447,0.03537233778186252,-0.14703047512776976
953,-576460714347,1.1767326579952697,1.4088990762591291,0.029939378885722522,-0.14276513749486977
954,-576460714329,1.1772478301022655,1.4062245048661794,0.02418955276607252,-0.13825103197711977
955,-576460714315,1.2021061878548187,1.4285811024018185,0.03360905299504438,-0.12871051235904693
956,-576460714310,1.2026575547620737,1.4262853159077917,0.02731883332519438,-0.12498156941637693
957,-576460714292,1.2030900603303005,1.4240858835123762,0.02111132940104438,-0.12130166169224693
958,-576460714274,1.2034138065102056,1.4219354777369557,0.01485447406559438,-0.11759249766125693
959,-576460714257,1.2036247901227848,1.419853442428447,0.008602484362244379,-0.11388621805488693
960,-576460714237,1.1734205344892317,1.4450566751029772,-0.012017718130490145,-0.1015880721521316
961,-576460714221,1.1731254780251519,1.4432312121302318,-0.020762691166210143,-0.1012186129656716
962,-576460714202,1.1726733486134777,1.4414136103530841,-0.02950183486761014,-0.10084940005797159
963,-576460714184,1.1720626632748266,1.4395991339221663,-0.038257980794110136,-0.10047946883722159
964,-576460714163,1.166668635187987,1.4333447805602917,-0.038273388567233446,-0.10084989640266175
965,-576460714148,1.1660550644561978,1.4317063246650952,-0.03680409467403345,-0.09963415317781174
966,-576460714130,1.1654055348845762,1.4299204379833503,-0.03518189353627345,-0.09829188935183174
967,-576460714114,1.1647553371326897,1.4282638467583293,-0.04149236965787345,-0.09706084944783173
968,-576460714095,1.1356898475037112,1.4510450675896696,-0.05932990678352544,-0.08504516192148975
969,-576460714079,1.1346297712405857,1.4496127217921642,-0.06564224330492544,-0.08381375909298976
970,-576460714061,1.133459727707518,1.4481979635074618,-0.07196946302472544,-0.08257945286848975
971,-576460714043,1.132135902140846,1.4467023047919854,-0.07497532182066544,-0.08343883056766975
972,-576460714025,1.1631941529605008,1.476222678491798,-0.06554580103873664,-0.0710998023770857
973,-576460714006,1.1619238926635638,1.4748686455266309,-0.06870280358365664,-0.0720023922083257
974,-576460713988,1.160659857965215,1.4735645114891078,-0.07170649365030664,-0.0728611498658757
975,-576460713973,1.159380525010583,1.4723188882259484,-0.07868825796690664,-0.07357078608420571
976,-576460713955,1.1579842102796125,1.4710627518014774,-0.08566140434130663,-0.0742795463629257
977,-576460713942,1.1390740980361247,1.4877709626269422,-0.0931356488134878,-0.06699910000209854
978,-576460713937,1.1373272544011892,1.486555579300453,-0.10053846116328781,-0.06775153212708854
979,-576460713919,1.1354376949435356,1.4853207998632174,-0.10797615566008781,-0.06850750972192854
980,-576460713900,1.133541730776717,1.4840896266937555,-0.1024527196804878,-0.06813768111732854
981,-576460713882,1.1317610054923264,1.4828760964971617,-0.0969789394516478,-0.06777117727598854
982,-576460713870,1.129564963034424,1.480746791493594,-0.09782514177776927,-0.06867709977913569
983,-576460713865,1.127853304697835,1.4795135869226776,-0.09230630355286927,-0.06830757902298569
984,-576460713846,1.1262434432126691,1.4782889378466526,-0.08679604780340927,-0.06793863291727568
985,-576460713826,1.124617954638336,1.4770309467341598,-0.09263750715114927,-0.07092781067393568
986,-576460713810,1.1229095673510239,1.4757360158789716,-0.09840384451919927,-0.07387854718888567
987,-576460713791,1.1017838924174062,1.4907473681993755,-0.11184710999636903,-0.06972036547583885
988,-576460713774,1.099670330274993,1.4895093488349305,-0.12279759079886902,-0.06772280570873884
989,-576460713756,1.0973615013736133,1.4883083014008534,-0.13373895379886902,-0.06572690918873884
990,-576460713738,1.0948565960091932,1.4871435624922078,-0.14467666967786902,-0.06373167796757885
991,-576460713719,1.0964400058273056,1.4903938659956617,-0.15451857651912132,-0.059730443808728495
992,-576460713702,1.093627812705769,1.4893499929193448,-0.15864324102392133,-0.056513774043928496
993,-576460713683,1.0907330763681407,1.488361120024727,-0.16277984776448132,-0.053287790981368495
994,-576460713665,1.0876606332449936,1.4873994495413916,-0.16705838338388132,-0.0499511229569685
995,-576460713648,1.071857525425568,1.4972793544287049,-0.17598463671705775,-0.04237254100638556
996,-576460713631,1.0686032718835388,1.4964983361371291,-0.18164529262291776,-0.04345836086467556
997,-576460713613,1.0653225821819072,1.4957157705895656,-0.18717873229351775,-0.044519778265575564
998,-576460713595,1.0619033617283034,1.494904840247096,-0.19277686872923774,-0.045593605718155565
999,-576460713576,1.0583401328730202,1.4940644082399746,-0.19844281235147773,-0.04668043985951557
1000,-576460713565,1.0903935348103158,1.5269624787529592,-0.18601568144660016,-0.032645175138230016
1001,-576460713559,1.08702243314574,1.5263442938909797,-0.19250460426816016,-0.03676700339079002
1002,-576460713541,1.0837043663138188,1.525687281550413,-0.19868460015548015,-0.04069259818511002
1003,-576460713522,1.0802732671563828,1.5249618905069104,-0.20487916806800013,-0.04462744927463002
1004,-576460713506,1.0765205050620696,1.5241197421357962,-0.21144677982564014,-0.048799261521270024
1005,-576460713488,1.0655308392787677,1.5291017207505855,-0.21782839360722542,-0.04354823082797409
1006,-576460713470,1.0613961289081895,1.5283084810209355,-0.22152028034646543,-0.04074033889361409
1007,-576460713453,1.0575994674255913,1.5276370317313697,-0.22485694410808543,-0.03820261443843409
1008,-576460713434,1.0535193529976459,1.5269734099868328,-0.22838838225776542,-0.035516752872914094
1009,-576460713417,1.0761034539414636,1.5539377603146616,-0.21668254081546925,-0.021572156052266634
1010,-576460713400,1.0724320619903156,1.5535894774423629,-0.21524592402546924,-0.019402299512266633
1011,-576460713383,1.0685687607792773,1.5532607082591197,-0.21372378628302924,-0.01710327268882663
1012,-576460713363,1.0646868275647658,1.552970204015479,-0.21786587567833923,-0.01519471426328663
1013,-576460713346,1.0606495561507834,1.5527092036972687,-0.22209177854520923,-0.01324753694470663
1014,-576460713335,1.0555043717832044,1.556898962670794,-0.2241296224044745,-0.011421970747976259
1015,-576460713328,1.051508511339247,1.5567137186392344,-0.22819779937019452,-0.009547469093496259
1016,-576460713311,1.0475933233960553,1.5565666573405996,-0.23211469762488451,-0.00774267241903626
1017,-576460713292,1.0433620641141335,1.5564384903643913,-0.2333959775411645,-0.006357880549596258
1018,-576460713275,1.0391863600245896,1.5563371727773208,-0.2346535757339245,-0.004998683601116256
1019,-576460713263,1.056672348324377,1.5747471185394388,-0.2278626919064721,0.002888097611643459
1020,-576460713256,1.0523355069235023,1.5748156423518112,-0.2292002159161121,0.00433367741836346
1021,-576460713240,1.0484051872932896,1.574900902363345,-0.2304056579320721,0.005636504600443462
1022,-576460713222,1.0444370142885444,1.5749927277172713,-0.2348236057698021,0.005129115181053462
1023,-576460713204,1.040213013762945,1.5750793738415712,-0.2394368248819121,0.004599299381323463
1024,-576460713186,1.035957607730218,1.5750787258970784,-0.2440619815209233,0.004029291142135455
1025,-576460713168,1.031523780841614,1.5751464172676783,-0.24872233507857328,0.003494062078185456
1026,-576460713150,1.0270201982984435,1.575253936486932,-0.2519817110797033,0.008459822990885456
1027,-576460713133,1.022422757845107,1.5754526401383169,-0.2552660909102933,0.013463678016985454
1028,-576460713112,1.0362721054639685,1.5955077138865168,-0.2513630024857837,0.026934111322405925
1029,-576460713097,1.0320160055988346,1.596000109602236,-0.2544123825568837,0.031579936891405924
1030,-576460713081,1.0277081066664933,1.596569876782669,-0.2521608691295237,0.03541996673428592
1031,-576460713063,1.0231656793870934,1.597247961722917,-0.24976479710252367,0.03950654600028592
1032,-576460713044,1.0245091065611902,1.593408979015831,-0.24501704277798464,0.041626976397023015
1033,-576460713028,1.0204612770213644,1.5941308676259502,-0.24282020215433464,0.04537375998372301
1034,-576460713007,1.016318437943266,1.5948677829877598,-0.24448663523887465,0.04130686835359301
1035,-576460712991,1.0118941673624564,1.59557370530291,-0.24625382073245464,0.036994092785583015
1036,-576460712974,1.0074462172998522,1.596200785348088,-0.24801777195609465,0.03268921037900301
1037,-576460712962,1.0265998609477265,1.6167383178974584,-0.2405987731370388,0.041532672107072954
1038,-576460712955,1.0219929040401448,1.617534923280497,-0.24047018813082882,0.041650681209742954
1039,-576460712938,1.0179157355567836,1.6182421632146777,-0.24035633269719883,0.041755172222752955
1040,-576460712917,1.0138642819858703,1.6189470311354817,-0.24024314190699883,0.04185905325815296
1041,-576460712903,1.0094699171238888,1.619713915616877,-0.24012031043027884,0.04197178204959296
1042,-576460712885,1.016740047301963,1.611524376573892,-0.23958306959223885,0.03404499868642808
1043,-576460712867,1.0123767968330717,1.6121022117314123,-0.24366540409159884,0.02995269292062808
1044,-576460712849,1.0079445347340188,1.6126056566431528,-0.24774344330047884,0.02586469293672808
1045,-576460712831,1.0034394643491071,1.613035292792085,-0.25182080430559883,0.02177737281312808
1046,-576460712813,1.0215320541072122,1.6376108545605117,-0.24546707034208498,0.02643260652281325
1047,-576460712795,1.0170828787528878,1.638034597276524,-0.24787166163377497,0.02055333526489325
1048,-576460712778,1.0126070999951573,1.6383513116829602,-0.25026732086267495,0.01469590306969325
1049,-576460712759,1.008076143264461,1.6385631919039492,-0.252669379181335,0.00882282497881325
1050,-576460712741,1.0222882398399524,1.624494914669156,-0.2423083866295801,0.01291030522267009
1051,-576460712723,1.0180247529681992,1.6248125288569086,-0.2394143264095901,0.02297627607246009
1052,-576460712707,1.0139267522159943,1.6252924277212633,-0.2365992352357701,0.03276758086268009
1053,-576460712688,1.0097421217792166,1.6259656072986413,-0.2336896428017301,0.04288757505752009
1054,-576460712671,1.005608731731098,1.6267471823929265,-0.2254228805925501,0.04392516450542009
1055,-576460712651,1.0194213211157916,1.646666308039861,-0.20977511504019034,0.05327578977247234
1056,-576460712634,1.0157163194904422,1.6476355307789614,-0.20150330260418034,0.05431401309152234
1057,-576460712615,1.0121518051790779,1.6486364479966236,-0.19437789590362034,0.05684960504064234
1058,-576460712598,1.0087202866274576,1.6496815415681816,-0.18726238120481034,0.059381676898762344
1059,-576460712580,1.0202186642602236,1.6395889352295714,-0.1743557707928895,0.05697864126776686
1060,-576460712562,1.0171435243945899,1.6406376585293652,-0.16723155113253949,0.05951381080596686
1061,-576460712543,1.0141561300093145,1.6417778916618813,-0.1647196000731295,0.06718579834075686
1062,-576460712526,1.0112113529266369,1.6430574106771694,-0.1622054160442795,0.07486460579890686
1063,-576460712507,1.0299583225195112,1.6670278808305208,-0.15140178869027746,0.09231491576260618
1064,-576460712488,1.027110746771637,1.6688561908815427,-0.14875376605561746,0.10040249237714619
1065,-576460712470,1.0244887829023406,1.670633120757157,-0.14265650005121747,0.09708901922209619
1066,-576460712455,1.0222511588926038,1.6721619404590453,-0.13723892927353748,0.09414491684498619
1067,-576460712436,1.0198326015454449,1.6738288992973973,-0.13113183716665747,0.09082610383322619
1068,-576460712424,1.0410903115282084,1.6576383449051315,-0.12285169525479273,0.08365582439876357
1069,-576460712418,1.038932820894169,1.6591150432653472,-0.11674968561471272,0.08033977338185357
1070,-576460712401,1.0368513335268348,1.6606045326704857,-0.11274175510571272,0.08388177073485356
1071,-576460712381,1.0348554909084573,1.6621478718617362,-0.10876011697436272,0.08740053227280356
1072,-576460712364,1.0329499506425828,1.6637385329982914,-0.10481758599296272,0.09088473297660356
1073,-576460712345,1.0519283114595188,1.6866904415012896,-0.09188355259424391,0.09948057197300714
1074,-576460712326,1.050228577002248,1.6885756429588796,-0.08693233897073391,0.09884686557263714
1075,-576460712307,1.0487108389598354,1.6903436898619184,-0.08225979551592391,0.09824882619916714
1076,-576460712291,1.0473403289247993,1.692021313200796,-0.07779977061967391,0.09767798710041714
1077,-576460712273,1.0711889067671796,1.6742560949324379,-0.05963839454563655,0.08954069160989525
1078,-576460712256,1.0702501103271216,1.6757691283059553,-0.051791449971636545,0.09004783937139525
1079,-576460712238,1.0693931330300088,1.6773952276152595,-0.04340709447547655,0.09058971998255526
1080,-576460712221,1.0687227891499742,1.6789388731755217,-0.03549402134779655,0.09110114163023526
1081,-576460712203,1.0888296786573968,1.7006600961316953,-0.020763491934911525,0.10102164379892095
1082,-576460712185,1.0885171259020718,1.7024933735769707,-0.013883748429251526,0.10220166240608095
1083,-576460712169,1.0883366994085593,1.704233330853269,-0.007426886840661526,0.10330914799942094
1084,-576460712151,1.0882647689720684,1.7061072525155072,-5.494312443815267e-4,0.10448877418270094
1085,-576460712132,1.1124302163248148,1.688754253793574,0.014884759961108903,0.09768942558383155
1086,-576460712114,1.1127558196634935,1.6905414206311706,0.0210379384809489,0.09948255561615155
1087,-576460712096,1.1131901146262002,1.6923504599282686,0.027155476900138902,0.10126529957977154
1088,-576460712079,1.1137291141234527,1.6941744219758705,0.0332163305878189,0.10303152474841154
1089,-576460712061,1.1143769543469098,1.6960322485235604,0.0388059288293189,0.10350839161511154
1090,-576460712047,1.1348273474799058,1.714914678982208,0.04654562474068309,0.11175222071444266
1091,-576460712042,1.1357155030729382,1.716930513142528,0.05213833004068309,0.11222935265444266
1092,-576460712024,1.1367119505649048,1.7189698131646662,0.05777204851288309,0.11270998356200265
1093,-576460712006,1.1377964944526704,1.720994265498706,0.06358230840394309,0.11381483841848265
1094,-576460711989,1.1389938452717647,1.7230532911632022,0.0694345020270131,0.11492766721904266
1095,-576460711976,1.1621591206810347,1.7038320783619811,0.07836118420949358,0.10633416437079776
1096,-576460711970,1.1637060661447318,1.7058628322665519,0.08453519484566357,0.10750818855615776
1097,-576460711952,1.1651886957983923,1.7076976665892645,0.09005614449262357,0.10855802937983776
1098,-576460711934,1.1668798333587822,1.709662729135841,0.09757700322620358,0.10946732805681776
1099,-576460711916,1.1687026535834,1.7116400987997085,0.10508242471507358,0.11037476031578776
1100,-576460711898,1.1908496780903812,1.7313343020732426,0.12019734454608128,0.11903000825298035
1101,-576460711880,1.193109437305586,1.7335118814825565,0.12780081340000127,0.11994929478850035
1102,-576460711862,1.195430503030573,1.7356534880770467,0.13334519526192126,0.12100554257538035
1103,-576460711845,1.1977446596864145,1.7377211207319823,0.13865253109464126,0.12201663125346035
1104,-576460711826,1.2225303308181161,1.7207028194002232,0.15305776606243054,0.11447196378404752
1105,-576460711808,1.2253316148090871,1.7227698211694709,0.15866359275034053,0.11553991728728752
1106,-576460711791,1.228094040066866,1.7247305956495882,0.16636585280548052,0.11516657525504752
1107,-576460711773,1.2311697114741,1.7268050857682764,0.17454208415240052,0.11477025900432752
1108,-576460711755,1.25419904601718,1.7452332229921566,0.1901634355173604,0.12154946375747983
1109,-576460711739,1.2573286859730495,1.747193018910454,0.1974800841295704,0.12119481298711983
1110,-576460711720,1.2610259450680603,1.7494845838467572,0.19666298873550042,0.12309546325649982
1111,-576460711703,1.2645564727487786,1.751715215154416,0.19587955970994042,0.12491780199353983
1112,-576460711685,1.2897825827832199,1.7335627956496875,0.20350857542769865,0.1175284324471514
1113,-576460711667,1.2934275316557975,1.7356881552176466,0.20272701917554864,0.1193464149152514
1114,-576460711650,1.296898422863431,1.7377222104131609,0.20570922554478863,0.1200105155994914
1115,-576460711632,1.3006365070103239,1.7398927132504425,0.20887338931605862,0.1207151359595114
1116,-576460711613,1.3046338019901287,1.742191653278101,0.2122047714133986,0.1214569937843514
1117,-576460711602,1.319526720093513,1.75374190127783,0.217782610487731,0.12653716182709335
1118,-576460711596,1.3234914900687864,1.7560207689449403,0.222014391761131,0.12624904639369336
1119,-576460711581,1.3270642808117348,1.7580334165397689,0.225759858514371,0.12599404106445336
1120,-576460711562,1.3311666708802055,1.760299097673712,0.229985302677711,0.12570635708511335
1121,-576460711545,1.3351103362999366,1.7624337966659491,0.233975334937711,0.12543470082511335
1122,-576460711526,1.3534091011596712,1.7507900400453866,0.24136877066992657,0.11929979938609178
1123,-576460711508,1.3577647802241666,1.7529349488807047,0.24340352365342657,0.11942127299209178
1124,-576460711489,1.3621683140802987,1.755087539570218,0.24544348524222656,0.11954305754889177
1125,-576460711472,1.366607609951533,1.7572418456709922,0.24748299390882655,0.11966481506649178
1126,-576460711453,1.379861916701712,1.7658053318731395,0.2509735459651129,0.12340636259228556
1127,-576460711435,1.3843867561298138,1.7680372774129949,0.25125625902979287,0.12432609091294557
1128,-576460711418,1.3889048674502686,1.7702799090403323,0.25153823467763287,0.12524342025302557
1129,-576460711399,1.393437615616387,1.7725438210559066,0.25182080653483285,0.12616268919442555
1130,-576460711380,1.414371434895357,1.7581825444547698,0.2592761159190333,0.12121002023460807
1131,-576460711363,1.418793779442108,1.7602650423480486,0.2604799570375133,0.12354497691866807
1132,-576460711346,1.4232227406112288,1.7623806027554547,0.2616800487536733,0.12587266130418806
1133,-576460711329,1.427953119427807,1.7646727745712547,0.26295576520719327,0.12834702657912805
1134,-576460711310,1.4394397201850195,1.7716580922169725,0.26606918750435016,0.13088472906846904
1135,-576460711292,1.44419904363907,1.7740008406345948,0.2666809612671602,0.13135833553357903
1136,-576460711275,1.4489717032909424,1.7763532374674809,0.2672930431938402,0.13183218056465904
1137,-576460711257,1.4537730367523232,1.7787222625682557,0.2666927724521402,0.13164166704418903
1138,-576460711238,1.4585744853094704,1.7810932511527822,0.2660911331345402,0.13145071916602902
1139,-576460711226,1.472117134219006,1.7662777712098658,0.27119305541952743,0.12477119430445342
1140,-576460711220,1.4770218842602547,1.768535141938321,0.27058867895012745,0.12457937771091342
1141,-576460711202,1.4818727635351152,1.7707692618794013,0.26998960988482745,0.12438924557768341
1142,-576460711184,1.4867313972469245,1.7730007438293123,0.27196618618982743,0.12452117828298341
1143,-576460711163,1.4916468388427024,1.77524431429767,0.2739513610978274,0.12465368492866341
1144,-576460711147,1.4955938119313685,1.7767742499236732,0.27557081010534745,0.12442147711365784
1145,-576460711128,1.500571667595217,1.7790149039878178,0.2775549928668474,0.12455391753544784
1146,-576460711111,1.5052968240935476,1.7811460262404768,0.2781169655421174,0.12606315221923783
1147,-576460711094,1.5103085612498925,1.783429666840115,0.2787117835657274,0.12766059642120783
1148,-576460711075,1.5236517752974068,1.7761772286305244,0.28241989922110844,0.1249435470902535
1149,-576460711058,1.5287503090665688,1.7784448911192685,0.28301580768384843,0.1265439197772335
1150,-576460711041,1.5335546297506866,1.7806044393743707,0.2834646408620484,0.1280897619940535
1151,-576460711024,1.538378204017849,1.782795523341527,0.28391455894534845,0.12963934077088352
1152,-576460711006,1.539424863216292,1.782583042831428,0.2828805620255976,0.1301361206885852
1153,-576460710988,1.5447970021658761,1.785049153688508,0.28338263493699756,0.1298102118801852
1154,-576460710970,1.5496187629354563,1.7872525386438824,0.28411701428093755,0.1295183299163852
1155,-576460710952,1.5547435739159905,1.7895827656906904,0.28489547453647757,0.1292089278205852
1156,-576460710935,1.5597547153697864,1.7918497996735283,0.28565461698075756,0.1289072036649852
1157,-576460710922,1.5703552476714449,1.7792490816768127,0.28959387674389553,0.12322258202090737
1158,-576460710918,1.5754090825072071,1.7814082622549228,0.28937677691199554,0.12413456978458737
1159,-576460710899,1.5806320424774967,1.7836581514972558,0.28915224062119554,0.12507779644634737
1160,-576460710882,1.5852346371382404,1.7856563876334146,0.28895422935854553,0.12590959740642738
1161,-576460710864,1.5907271423649485,1.7880601295573058,0.28871775493974555,0.12690297346978738
1162,-576460710852,1.582048529787047,1.7828568306258796,0.2855032716006683,0.12456459293446448
1163,-576460710846,1.5875046170892158,1.7852377766846366,0.2860541662967483,0.12485359884814448
1164,-576460710828,1.5923364626467464,1.7873470867088386,0.2865411477437283,0.12510907511072447
1165,-576460710811,1.5972141279226697,1.7894771312920417,0.2870319091616483,0.12536653439104448
1166,-576460710793,1.6023871020637457,1.7917369350268937,0.28755146761008826,0.12563910093628447
1167,-576460710775,1.6175158919064314,1.7817168857268555,0.29149709901150894,0.12167049856567642
1168,-576460710753,1.6227551691498996,1.7839168234480647,0.29177896483130894,0.12324324718542642
1169,-576460710740,1.627717094625223,1.7860243594615375,0.29204565869186894,0.12473133964512642
1170,-576460710723,1.6326864764870983,1.7881584522693388,0.29231250944962894,0.12622030755632643
1171,-576460710705,1.6223638377795562,1.781520100484391,0.2869022007955676,0.12347923500396052
1172,-576460710690,1.6269479136333518,1.7835011189881798,0.28721964199927763,0.12462878726277052
1173,-576460710672,1.6321323030568444,1.7857610100822547,0.2875782318842876,0.12592735155588053
1174,-576460710652,1.6375981498129482,1.788165859553988,0.2879558058227476,0.12729466294694053
1175,-576460710635,1.650017819895116,1.7811159317075278,0.29135208102645094,0.12352255926448125
1176,-576460710616,1.6551062856207306,1.783274237000485,0.2920537577277709,0.12393275980880125
1177,-576460710600,1.6603794313229687,1.7855129399143574,0.2927791266772609,0.12435681085304125
1178,-576460710582,1.6656556784738712,1.787755047204998,0.29350312799273093,0.12478006237776125
1179,-576460710563,1.670934188047768,1.7900076628867347,0.2931608980030309,0.12558011341961126
1180,-576460710546,1.6762194231959833,1.792280236257243,0.2928178312186909,0.12638212068518126
1181,-576460710526,1.6817675384973125,1.794684305249845,0.29245726781915093,0.12722503081035125
1182,-576460710509,1.686734020455856,1.796849323961423,0.29276419668843096,0.12788823279397124
1183,-576460710492,1.6917121594872364,1.79902842734129,0.29307152339163095,0.12855229440427124
1184,-576460710474,1.703325926178017,1.7924371100119498,0.2956859314597367,0.12524489355491894
1185,-576460710456,1.7086509064371893,1.7946977221260134,0.2960114138563767,0.12594818540097893
1186,-576460710439,1.713986050575094,1.7969794459019184,0.2965848471571167,0.12749219846049895
1187,-576460710420,1.7193270625823873,1.7992870356434472,0.2971578027560067,0.12903492527121896
1188,-576460710402,1.701451636217709,1.7894096084473297,0.2892099790823607,0.12502011527818452
1189,-576460710383,1.706951504720808,1.79180008855047,0.2898149725519907,0.1266491065084245
1190,-576460710365,1.7121765192561311,1.794087453530239,0.2901300338660407,0.1272345695855945
1191,-576460710347,1.716814158450972,1.7961244272032957,0.2904093909121907,0.12775368516270452
1192,-576460710331,1.7220527910561243,1.798432978978943,0.2907246270757407,0.12833947315417452
1193,-576460710318,1.726476996466137,1.7922152815129615,0.29231203256758603,0.12554762876456232
1194,-576460710312,1.732027057661513,1.7946035232127782,0.29264382697878605,0.12616418614024233
1195,-576460710295,1.7370482054046625,1.7967733668326478,0.293425358098486,0.12710031574124234
1196,-576460710278,1.7423372507060753,1.79907002299719,0.29424634205848604,0.12808370254124235
1197,-576460710259,1.7472991213215836,1.8012348280610528,0.29501446377350604,0.12900377015784234
1198,-576460710241,1.7304613559015578,1.7922937301177093,0.28775588975893257,0.12485055894996124
1199,-576460710225,1.7353688303697241,1.7944183579499913,0.28915288214092255,0.12491465968071123
1200,-576460710206,1.7405842689165638,1.7966663073575841,0.2906301812618525,0.12498244527096124
1201,-576460710189,1.745863383864099,1.7989313577054356,0.29211790876299254,0.12505070936546123
1202,-576460710171,1.7548675755951102,1.7958439814775566,0.2949212582534063,0.11699533602127757
1203,-576460710154,1.7601428103234311,1.7978811334078992,0.2964396215538863,0.11137212436129756
1204,-576460710136,1.7652056034582804,1.7997328376229622,0.2978895602092463,0.10600232126443757
1205,-576460710118,1.7705769112851524,1.8015883145009755,0.2994201786700463,0.10033372299613756
1206,-576460710100,1.753350442906081,1.7922448829350472,0.29307537181918875,0.09086393159084881
1207,-576460710082,1.758646228242545,1.7938419475685337,0.2949532020719887,0.0864694720829688
1208,-576460710064,1.7639728687524117,1.7953590384350397,0.29682998978078873,0.08207745231498881
1209,-576460710047,1.7693315029558239,1.7967965980446958,0.2987061519631887,0.0776868963909488
1210,-576460710028,1.77468392033444,1.7980708810150827,0.2964698047382687,0.06401030925642881
1211,-576460710016,1.777763707370344,1.7936917369501382,0.2975537003071657,0.062053348593089884
1212,-576460710010,1.7831473706818672,1.794693337462746,0.2952954695555257,0.04824293073824988
1213,-576460709992,1.7884428393995462,1.7954385596765123,0.2930572572573057,0.034554937576429884
1214,-576460709973,1.7936453777737849,1.7959335949526718,0.2908415501769057,0.021004577144029885
1215,-576460709957,1.7989116330367037,1.7962881043745815,0.2935187763786657,0.018332908642669885
1216,-576460709943,1.7728644005933045,1.783990020322518,0.2840802454678122,0.01267606831963175
1217,-576460709934,1.7780016212097727,1.78419416654506,0.2867537582510722,0.01000810552802175
1218,-576460709921,1.783229509796534,1.7843513695047644,0.2894491059351122,0.007318353163081749
1219,-576460709901,1.7884221767198432,1.784458425033697,0.2921016750380322,0.004671290574461749
1220,-576460709884,1.7936869023312716,1.7844736228568725,0.29299785946167217,-0.002982268216658252
1221,-576460709865,1.8010737907691812,1.7813481049261966,0.294626541310037,-0.011976987323545338
1222,-576460709848,1.8063875001503347,1.7810634647431451,0.295523323322757,-0.01963564962130534
1223,-576460709829,1.8117239804790932,1.7806252667136424,0.297023903943357,-0.029020582835145338
1224,-576460709811,1.8173744097649465,1.7799808789714846,0.298604545522007,-0.03890623339400534
1225,-576460709793,1.7965512871085878,1.7673251751750048,0.2906218170862172,-0.053810360715488774
1226,-576460709776,1.8018351210595274,1.7662637085458506,0.2921325615329172,-0.06325886054336877
1227,-576460709757,1.8070553137204037,1.7650088349190467,0.2943400438907772,-0.07772233559234877
1228,-576460709740,1.8120790878850068,1.763569513480262,0.29644894471428723,-0.09153990216677878
1229,-576460709722,1.8152752757397048,1.7648595531084748,0.2979374093032939,-0.1048260484249952
1230,-576460709704,1.8206540350597598,1.7628427373773008,0.30016770801627385,-0.11943901675613519
1231,-576460709686,1.8260719810579085,1.7606216502725518,0.2992289064486938,-0.1262836411428552
1232,-576460709667,1.8317187288179217,1.7581669998216733,0.2982473140584738,-0.1334402453113352
1233,-576460709649,1.814103009610357,1.7457260360414883,0.2890064888591311,-0.14493007196524915
1234,-576460709629,1.8193537508371576,1.7430259059510698,0.2880614556183511,-0.15182013030076916
1235,-576460709614,1.8242091871318205,1.7404667867820427,0.2904143047513511,-0.15307284271728916
1236,-576460709596,1.8294681385534188,1.7376947540158107,0.2929413715213511,-0.15441831271608916
1237,-576460709578,1.8249473262409377,1.7488274783101594,0.29212898334218496,-0.1495840649399962
1238,-576460709559,1.8304118767818407,1.7460823228413596,0.29608958941378494,-0.1459116798177962
1239,-576460709543,1.8354756027209018,1.7436306701872788,0.29971296842374495,-0.1425519810929762
1240,-576460709525,1.8406537026077199,1.7412119092270555,0.3033734381471849,-0.13915789081749622
1241,-576460709507,1.84610410677988,1.7387588866395547,0.30717928641426495,-0.13562900147563622
1242,-576460709495,1.8268599418905471,1.7306606936286701,0.30022198676675693,-0.13945871673051613
1243,-576460709489,1.8323132645945654,1.728183270641946,0.30556813809643696,-0.13574934666919614
1244,-576460709471,1.8379057484065502,1.7257544115988548,0.31095526748007696,-0.13201154442233615
1245,-576460709453,1.8435554761255666,1.723409784490925,0.31630438823395696,-0.12830011405771616
1246,-576460709435,1.8492533182200974,1.7211507057099789,0.321608967624837,-0.12461958824259615
1247,-576460709422,1.8368995489935458,1.7385338180899956,0.31743109557872073,-0.11691836806417023
1248,-576460709417,1.8429153744118916,1.73631486546464,0.3165477660869607,-0.11692636007953024
1249,-576460709399,1.8482814352518984,1.7343302136963108,0.3157577591598007,-0.11693350774929023
1250,-576460709381,1.8539934352116543,1.7322120110486254,0.3149146444789207,-0.11694113591697024
1251,-576460709364,1.8593088458560474,1.730235645713587,0.3141280353309207,-0.11694825284497024
1252,-576460709346,1.8483140871371861,1.7212288090688157,0.3076123497753687,-0.12988780560109822
1253,-576460709330,1.8535364669226857,1.7189443955177743,0.30714689513336874,-0.13902491376809822
1254,-576460709311,1.8590628194912102,1.7163537836058205,0.30665357896276874,-0.14870895772119821
1255,-576460709294,1.8642722778283138,1.7137478623409974,0.3061878229669687,-0.1578519816144982
1256,-576460709275,1.8532156434665021,1.7348404879696977,0.2968217112678755,-0.14737186309331934
1257,-576460709257,1.8584963467073823,1.7322016162909089,0.29333287533027547,-0.14754003663723933
1258,-576460709239,1.8637418582187344,1.7295458503651038,0.2898257140362755,-0.14770909352453934
1259,-576460709221,1.8686613533222154,1.7270227912883216,0.2864975173930755,-0.14786952371797935
1260,-576460709204,1.8738727210613946,1.724410588868915,0.2942856921443355,-0.14324854375183935
1261,-576460709192,1.8609105443512555,1.719203792720969,0.2895891739826522,-0.14576519005615124
1262,-576460709186,1.866244910798988,1.7165973215719605,0.29747586181028224,-0.14108575904508125
1263,-576460709168,1.8713622715015004,1.714237165167133,0.30485002125380223,-0.13671042796380126
1264,-576460709153,1.8764933442938458,1.7118918537453582,0.3025572344248522,-0.14092335975740125
1265,-576460709134,1.8819056852475478,1.7093205078734528,0.3001197828572422,-0.14540210896988126
1266,-576460709122,1.8626117324397142,1.7369816164752736,0.2937209900846701,-0.13319664394072295
1267,-576460709116,1.8678741040539089,1.7345449197721452,0.29127946727676013,-0.13768287394360296
1268,-576460709098,1.8731318309366867,1.7320081740008197,0.2888194881794901,-0.14220301686296297
1269,-576460709080,1.8782937426438049,1.7294340966119888,0.2886078519534301,-0.14574120695614295
1270,-576460709062,1.8834887851254807,1.7267776505384922,0.28839470057345007,-0.14930472779108295
1271,-576460709044,1.879517694151534,1.7204352567214338,0.28485668533287234,-0.15463719498245168
1272,-576460709026,1.8846406350778149,1.7176211517776698,0.28464372334713234,-0.15819754947467168
1273,-576460709007,1.8897618000116472,1.7147506557689187,0.2834593254999723,-0.1602334238184717
1274,-576460708990,1.8948455216590967,1.7118527041481764,0.28227867221309233,-0.1622628615968717
1275,-576460708972,1.8793832808054654,1.7388595590870675,0.2743584114790272,-0.15111154179344694
1276,-576460708954,1.8843121824807574,1.7361206453609164,0.2731756559828672,-0.15314459308224693
1277,-576460708936,1.889205040638384,1.7333376245952274,0.2709286706923172,-0.15633783846504692
1278,-576460708919,1.8940652784819008,1.7304925468352372,0.2686780622394972,-0.15953623281176693
1279,-576460708901,1.8884874958033218,1.7237009517737634,0.2627833476021694,-0.1645932785366682
1280,-576460708881,1.893612749913924,1.7204416599823666,0.26033521433731943,-0.1680723801922682
1281,-576460708864,1.8980347460657645,1.7175824436445448,0.2600526823194194,-0.1684049764210682
1282,-576460708846,1.9024509015052269,1.7147182497839486,0.2597702167991994,-0.1687374943689082
1283,-576460708829,1.9071284832557833,1.7116749299777028,0.2594706946240594,-0.1690900913829882
1284,-576460708816,1.8787905768802862,1.7529613983967254,0.2502425277099792,-0.1509562365310522
1285,-576460708807,1.8833108621676657,1.7502592409352464,0.25201139310997916,-0.1492834814110522
1286,-576460708793,1.8879008013816128,1.747565200099289,0.25379490078467914,-0.14759687959589218
1287,-576460708773,1.8924916740754731,1.7449197170668171,0.25556632121247913,-0.14592170827405218
1288,-576460708757,1.8970622408572224,1.7423337146343876,0.2573177927693791,-0.14426540191273218
1289,-576460708739,1.897548557702928,1.7380913583550943,0.2594072088486045,-0.14568100261961128
1290,-576460708722,1.9022488063003524,1.7354645779388533,0.26301677663814454,-0.14628080867759127
1291,-576460708703,1.9070217377089216,1.7328227450605609,0.26663216178157456,-0.14688158141200128
1292,-576460708685,1.9119463186895855,1.7301228883952655,0.27031173841620454,-0.1474930209208113
1293,-576460708666,1.8923422826264886,1.7634469783008366,0.2612174094501308,-0.12656855705089662
1294,-576460708649,1.8969912110091722,1.7612356154210511,0.2599921182906208,-0.12135597681146662
1295,-576460708631,1.90165813069976,1.7590993571420086,0.2587562494732508,-0.11609839756105662
1296,-576460708613,1.9063089938720708,1.7570550383909334,0.2575187321897208,-0.11083380547776663
1297,-576460708594,1.9166007999872179,1.7570851461722807,0.2659326916240993,-0.11163346461802097
1298,-576460708576,1.9215398074429406,1.7550194229961853,0.27226143017197935,-0.11346440789974097
1299,-576460708558,1.9264941455178772,1.7529618250679349,0.27846534561021935,-0.11525923908230097
1300,-576460708541,1.9314957551222078,1.7508932596309954,0.27720731346439936,-0.11455583001442098
1301,-576460708522,1.9364752695302723,1.7488371292593319,0.27594914155275935,-0.11385234279866098
1302,-576460708510,1.9084401857013862,1.7909665171995666,0.2669880089586531,-0.09542585133312051
1303,-576460708502,1.913276367598253,1.7892403108997121,0.2657191449617831,-0.0947163858045405
1304,-576460708486,1.9180456110220416,1.787542592052587,0.2644618815279731,-0.0940134065500005
1305,-576460708469,1.9227264010733895,1.786008737988043,0.25996700776092313,-0.0778373653444705
1306,-576460708450,1.9273647602512445,1.7847545264834603,0.25543486766047313,-0.06152721097450049
1307,-576460708438,1.93226278801469,1.7866590903168171,0.25722853350264574,-0.060564211027288914
1308,-576460708432,1.9368528681779293,1.7857156013078124,0.25269538620399573,-0.04425043197719891
1309,-576460708414,1.9413901232159567,1.7850625747080187,0.24813303015754573,-0.02783153720362891
1310,-576460708395,1.9457625521361661,1.7845451073477003,0.24054301568869574,-0.03000219962992891
1311,-576460708378,1.9500194230533976,1.783985996485205,0.23291610089803574,-0.032183415151008914
1312,-576460708366,1.9238400251882837,1.8238495165542161,0.22461836091018234,-0.0147722959101688
1313,-576460708360,1.9278148787073819,1.8235639307259208,0.21698296328692235,-0.0169559374300488
1314,-576460708342,1.9316520704506883,1.823239054122503,0.20934798980529234,-0.0191394576499888
1315,-576460708324,1.9354905687372097,1.8229530668100407,0.21722291495898235,-0.012642207345548802
1316,-576460708306,1.9394993830061895,1.822783233013197,0.22515341134646236,-0.006099107689068802
1317,-576460708288,1.939703789367944,1.8212068550284592,0.23154781098192614,-4.215232903837186e-4
1318,-576460708270,1.9439837235152768,1.8212588031609902,0.23949931067036614,0.006138905255056281
1319,-576460708252,1.948232421523743,1.8214155132484324,0.23697237358062614,0.011435400839156281
1320,-576460708234,1.952473798015025,1.8216693787225668,0.23442262406117614,0.016779711595906282
1321,-576460708215,1.9285677368608838,1.8654065563104483,0.22282080850510175,0.041327889336284104
1322,-576460708194,1.9325599579497097,1.8662296688148514,0.22167299418107175,0.050317437658434105
1323,-576460708181,1.9363178419513063,1.8671570270569509,0.22058709780393176,0.05882205182013411
1324,-576460708162,1.9402964905803368,1.8683025960691984,0.21943155172389175,0.0678721543563341
1325,-576460708145,1.9460684291117911,1.8703488347850874,0.2191053258935027,0.07678219784228747
1326,-576460708127,1.9501213008816045,1.871755691514063,0.2258984369188527,0.07769013034608747
1327,-576460708107,1.9544229183022288,1.8732213005802683,0.2328918169873327,0.07862482978672747
1328,-576460708089,1.9586808983751771,1.8746464514785008,0.2396133234386027,0.07952319198908747
1329,-576460708072,1.9630481965166895,1.8760839333815273,0.2463169287463527,0.08041916161608748
1330,-576460708060,1.9342658466935172,1.920151811369897,0.23733083238902833,0.0995947922420249
1331,-576460708054,1.938517914898153,1.9219703571623445,0.23451827204817832,0.10220799224975491
1332,-576460708037,1.942473132859677,1.9237247623168203,0.2318714410022283,0.10466721021186491
1333,-576460708020,1.9464212778561891,1.9255385561015108,0.2291988610545283,0.10715035193812492
1334,-576460708002,1.9505387817962234,1.9274990934182563,0.2263780298543283,0.10977123654888492
1335,-576460707984,1.9515056314393064,1.9281420723135572,0.2258331175696236,0.10276840083810465
1336,-576460707965,1.955803783811006,1.9300309041451766,0.2264611444212836,0.09599323565768465
1337,-576460707949,1.9596643006740122,1.9316136166453999,0.2270237449251436,0.08992389111586466
1338,-576460707929,1.9637437897950476,1.9331699878080526,0.22761674555020361,0.08352658950964466
1339,-576460707912,1.9382901888980444,1.9799939704538254,0.22592860029301406,0.10296556016782248
1340,-576460707895,1.9424219657670552,1.9818441223713903,0.23341290821291408,0.10272114550922247
1341,-576460707876,1.9467185007377648,1.9837026867544618,0.24094921938406408,0.10247503258312247
1342,-576460707859,1.9507327785114168,1.9854658459609589,0.23464793406088408,0.10641771150751247
1343,-576460707841,1.955068554777396,1.9874916270054208,0.22797897075123555,0.11066437476522101
1344,-576460707823,1.9591121479317892,1.9895216517532504,0.22125924215767556,0.11486887129960101
1345,-576460707805,1.9630341289118207,1.9916270086286392,0.21454063339445556,0.11907266716241101
1346,-576460707785,1.966860805125862,1.9938043980514888,0.21062199246427557,0.122846051003201
1347,-576460707768,1.9450586255845594,2.0352391740139564,0.19854911918405097,0.14376265447649378
1348,-576460707749,1.9485921834490385,2.0378570245018186,0.19463635588873096,0.14753037855595377
1349,-576460707732,1.9520622792143176,2.0405480429298146,0.19071575574693095,0.15130564898385376
1350,-576460707715,1.9553025431689763,2.04317799752934,0.19006618851051094,0.15775535336943375
1351,-576460707697,1.9606114345228105,2.0468786043385605,0.19007990789749613,0.16498950891290046
1352,-576460707680,1.963865313179295,2.04976356336196,0.18942541709485614,0.17148810053426045
1353,-576460707662,1.9672808667837787,2.0529231550333678,0.18873596515533614,0.17833382942674045
1354,-576460707645,1.9705513682163145,2.0558619015646067,0.20086453904810614,0.17174616714711044
1355,-576460707627,1.9742805388570486,2.0588871320831603,0.21385639519722613,0.16468961116183045
1356,-576460707609,1.9540201794453609,2.0984709399903028,0.21944978509244448,0.17351273755178526
1357,-576460707591,1.9580896308778037,2.1015322682391107,0.2324604239517445,0.16644597969508526
1358,-576460707574,1.9619875330103842,2.1043237908415975,0.2223175637486845,0.15924794195782527
1359,-576460707556,1.9659018605439638,2.1071282961880295,0.2116433601514845,0.15167282815662528
1360,-576460707538,1.9655074348625332,2.108027105776475,0.1995823423769361,0.14327734942048806
1361,-576460707520,1.969172408887962,2.1105544247191323,0.20754652070113608,0.13747347735768806
1362,-576460707502,1.9729799079406825,2.112976724068171,0.21550892960113607,0.13167089475768806
1363,-576460707484,1.9771535272188896,2.115419781873352,0.22391192512693608,0.12554723592048805
1364,-576460707464,1.9566591976217889,2.154861478517247,0.2248237452706389,0.13540842686057036
1365,-576460707446,1.9608525965045074,2.157428631295631,0.21976901159095888,0.13676638000793037
1366,-576460707428,1.9645798620924868,2.159783243129893,0.21517650308077887,0.13800015646004038
1367,-576460707411,1.9681656507489182,2.162117512143104,0.21066384564335888,0.13921248093813038
1368,-576460707392,1.9765620003444615,2.166627379274953,0.2075589659293123,0.14155084600487725
1369,-576460707373,1.9805576446294357,2.1694545176887847,0.20908798766551231,0.15324982279927724
1370,-576460707357,1.9840834666994767,2.1721166633535613,0.2104279942538223,0.16350259135699724
1371,-576460707339,1.9876733209996795,2.174985215571623,0.2117836258817723,0.17387491150239723
1372,-576460707322,1.9915158250305858,2.178228937115695,0.2132251155081523,0.18490415542295724
1373,-576460707309,1.9690137458398729,2.2115529891979135,0.20642921301858314,0.199297413002366
1374,-576460707303,1.972875546003403,2.2154362527803464,0.20151460608354313,0.210913708577186
1375,-576460707285,1.9764644970890317,2.219336311540683,0.19683725424482312,0.221969221700446
1376,-576460707266,1.9799659002160281,2.223431618260153,0.19216431524706312,0.23301430451552602
1377,-576460707250,1.9831889884870761,2.227473485718305,0.18776004039010313,0.24342436562670602
1378,-576460707237,1.9813604640834521,2.2266900100071414,0.18708531387115504,0.24301176949295586
1379,-576460707232,1.9847175067429017,2.231070130094511,0.18556747621040504,0.24320903168034586
1380,-576460707214,1.9880394723620947,2.235443581200025,0.18405317682915504,0.24340583402359586
1381,-576460707196,1.9913391469688937,2.239827147102832,0.18253660283965503,0.24360293198093586
1382,-576460707179,1.9946607103823393,2.2441898311104533,0.18656701016685504,0.24119360181403585
1383,-576460707159,1.9769023916058286,2.2801673319951483,0.18443062388399434,0.25221270056169065
1384,-576460707142,1.9800702592593111,2.284435854125124,0.18823776662039435,0.24993683534514066
1385,-576460707124,1.983493470880412,2.288911298086295,0.19226705426559434,0.24752817451099066
1386,-576460707106,1.9869732005771317,2.2933818322139907,0.19445551705243436,0.24930824777123065
1387,-576460707088,1.9841838237010152,2.294984772561834,0.19427098498294046,0.24958796541367761
1388,-576460707069,1.9877025630403218,2.2994961452183222,0.19646127189413046,0.25136952239801763
1389,-576460707055,1.9910593814751358,2.3037829611551346,0.19852824799926047,0.2530507796331976
1390,-576460707036,1.994475514759142,2.30808933470213,0.20332250885360048,0.2535218055914976
1391,-576460707020,1.9979725357171534,2.312402954654098,0.20811592376143048,0.2539927484373476
1392,-576460707008,1.9761612153196089,2.34374630618894,0.20160926373063293,0.26750529461578393
1393,-576460707002,1.9798412370821228,2.34857285767689,0.20669227432705292,0.2680046896236839
1394,-576460706986,1.9833957521692476,2.3531329406501675,0.21148597121705293,0.2684756601736839
1395,-576460706964,1.987173961718524,2.357957286787764,0.2084083996738529,0.2676819456938839
1396,-576460706949,1.9908992512479335,2.362770551895181,0.20532877596025292,0.26688770195348394
1397,-576460706926,1.9865466870002058,2.364228996713003,0.19905995550134303,0.2641348929188952
1398,-576460706913,1.9900983382156636,2.3689712762804436,0.19598494917114304,0.2633418400148452
1399,-576460706895,1.9934441082546726,2.373415426546373,0.19747304330358303,0.25928416879674515
1400,-576460706876,1.997210694820939,2.37829723205512,0.19913499779006302,0.2547524226265451
1401,-576460706859,2.000615454592185,2.382602070770849,0.20062545439334303,0.2506883095243451
1402,-576460706847,1.979241467331933,2.4128621147378206,0.19429343462606954,0.2637212974257261
1403,-576460706841,1.9827492024961473,2.417565517636366,0.19586675270658954,0.2594312412034261
1404,-576460706823,1.9862497222505453,2.4221671772487032,0.19325282870714955,0.2520916147700661
1405,-576460706805,1.9895107836747832,2.4263896198888886,0.19078549482083954,0.2451635981116761
1406,-576460706789,1.9927323904914458,2.4304975010502528,0.18831627226111952,0.2382302782549961
1407,-576460706775,1.9865510233215837,2.4277813749120343,0.18605400335577865,0.23678078829114707
1408,-576460706770,1.9899149566473624,2.432005995032184,0.18688760704097865,0.23158064409794707
1409,-576460706753,1.9932867948109771,2.436128201883971,0.18771945479823865,0.22639145364528707
1410,-576460706735,1.9967015139967734,2.440189727707198,0.18855814143273866,0.22115960125578707
1411,-576460706717,2.000102856950749,2.444123687033211,0.18938985056410867,0.21597127557211707
1412,-576460706699,1.9849534728842209,2.4738293858200615,0.1843698192539886,0.2293296972241744
1413,-576460706681,1.9882767677716393,2.4779786333797964,0.1848031298038286,0.2315953816177344
1414,-576460706661,1.9916217567829133,2.4821862122552383,0.1852382454131686,0.2338705042655444
1415,-576460706645,1.9949458331674406,2.486398322012552,0.1856696305662086,0.2361261211879044
1416,-576460706627,1.9916062785561959,2.4877470792372383,0.17933310240082767,0.23419256188278303
1417,-576460706609,1.994790526797977,2.4919475865283083,0.17545778804832768,0.23383053461528303
1418,-576460706591,1.997933006674896,2.4961794170634644,0.1715474987139277,0.23346524002648303
1419,-576460706573,2.0009525177784857,2.5003321363246305,0.16770435270897768,0.23310621788783303
1420,-576460706555,2.004010156340094,2.504557655084915,0.1712799667597777,0.23535484201063303
1421,-576460706537,2.007122157688872,2.508809958232994,0.1748440849339177,0.23759623663237303
1422,-576460706518,2.01032626154132,2.513140222183475,0.1784393212569477,0.23985720076560305
1423,-576460706501,2.013481238020852,2.517497357301595,0.1705431995695077,0.24210011554656305
1424,-576460706483,2.016444468170609,2.5218215049291848,0.1627785270623077,0.24430569183136305
1425,-576460706465,2.019310241084381,2.5262494579129458,0.15489943699622769,0.24654376873408304
1426,-576460706447,2.022022243485025,2.5306981369014725,0.14705484688110768,0.24877204583216303
1427,-576460706429,2.02469071353781,2.535120892837371,0.14967261367544768,0.24302779136326302
1428,-576460706411,2.0274085511162387,2.539443891829516,0.15229256364013768,0.237278746289613
1429,-576460706399,2.0066798381480515,2.5696498174684175,0.14637336656990815,0.25022205176465506
1430,-576460706392,2.0094873520682133,2.574346633661914,0.14913886122459816,0.24415363304100507
1431,-576460706374,2.0121916358888776,2.5786837003028644,0.15175502702734817,0.23841289168225507
1432,-576460706357,2.0149116476724487,2.5829418840294034,0.15051888346561818,0.23479750188766507
1433,-576460706338,2.0176103082755423,2.5871363886748653,0.14928232778734818,0.23118090676225508
1434,-576460706320,2.014710777431349,2.5887313913840884,0.14602641952022014,0.22617828363681144
1435,-576460706303,2.0171988009168853,2.5925712283322353,0.14485140657859014,0.22274168458052143
1436,-576460706285,2.0198003544971144,2.5965519758761535,0.14714630151158015,0.22405640104920144
1437,-576460706266,2.022609956556142,2.600808161372983,0.14958518278135013,0.22545360548084142
1438,-576460706249,2.00192237512387,2.637229366745917,0.14515791009226192,0.24054952389876746
1439,-576460706231,2.00455637631004,2.641571694570072,0.14747637345068193,0.24187774242220747
1440,-576460706213,2.0070837966959756,2.6457136022711043,0.14991968302230194,0.24549152286368747
1441,-576460706196,2.009806553448524,2.6501683888778813,0.15250803579906194,0.24931982966072747
1442,-576460706178,2.0049077474823935,2.651184654387881,0.1523439729977711,0.25126638113257227
1443,-576460706161,2.007579054648701,2.6555404969699,0.1548440636060911,0.24963547972521227
1444,-576460706143,2.010385440294568,2.6599785725232885,0.1591571275398411,0.24693241436021227
1445,-576460706126,2.0131183050002193,2.6641430870484655,0.1632477218262111,0.24436877424089226
1446,-576460706108,2.016095685429245,2.6685169856266397,0.1675907057559211,0.24164695754133225
1447,-576460706096,1.9929172373792088,2.6994580641803942,0.16099977969347212,0.25470952900518046
1448,-576460706090,1.9958086697939585,2.704074593289857,0.15971814108184212,0.25735625874512047
1449,-576460706073,1.998509802916038,2.708464624119621,0.15851149158536212,0.2598481274193605
1450,-576460706054,2.0013804243434627,2.7132139707283125,0.15721897777504212,0.2625173156835205
1451,-576460706038,2.0040157290203573,2.7176518659343714,0.15602299023806213,0.2649871661967605
1452,-576460706020,1.9959180931295468,2.7175642423160853,0.1502639138795836,0.26679493161195694
1453,-576460706002,1.9986020486544847,2.722399720439585,0.1483515205816636,0.27119773900443694
1454,-576460705985,2.001112754900108,2.7270531841692165,0.14653998113590358,0.27536835561987694
1455,-576460705967,2.003733384666496,2.732049772518298,0.14462492818998357,0.27977728618685693
1456,-576460705948,1.9832794967542555,2.7672444852141522,0.1402366301120423,0.30006588533127154
1457,-576460705928,1.9858189749355,2.7727045334394176,0.14230433353332228,0.30741611569959154
1458,-576460705913,1.98827684292218,2.7780377951799444,0.14427737073766228,0.31442982851155155
1459,-576460705895,1.9908986164823312,2.7837772880222698,0.14635266586042228,0.32180704570699153
1460,-576460705877,1.9865428711636357,2.786254284695415,0.14634374954556542,0.31971950185817116
1461,-576460705859,1.9892667137871614,2.79214918123327,0.1489077407287454,0.31925903999374117
1462,-576460705839,1.9919719875561854,2.7978969020466353,0.15141128336362542,0.3188094339588612
1463,-576460705823,1.9947203642683238,2.803632384077804,0.15391301949016542,0.3183601523510712
1464,-576460705805,1.99746663848267,2.8093992620383887,0.14882348652827543,0.3173536723289512
1465,-576460705787,2.0001034669737696,2.815110233723258,0.14376733583075543,0.31635379381279116
1466,-576460705768,2.0026226644514526,2.820742949988041,0.13876476507016544,0.31536451099107116
1467,-576460705751,2.0051592284224355,2.82638783973552,0.14307567615016545,0.31184546095107113
1468,-576460705733,2.0077769261399268,2.831976786359837,0.14739233511160546,0.3083217188443511
1469,-576460705714,1.9980140529427382,2.831452530556784,0.14736010785364836,0.3016214860912969
1470,-576460705696,2.0008496805226157,2.837133452866297,0.15189877873570837,0.2979165129075169
1471,-576460705679,2.0034676927357298,2.8421579321443304,0.15601209607920838,0.2930248899779169
1472,-576460705661,2.00632632265367,2.84740592816945,0.16038302488820838,0.2878269113635169
1473,-576460705643,1.9837038571116548,2.8835103850501675,0.15760935836970957,0.29553344607412935
1474,-576460705625,1.9866206719534218,2.8888562566915756,0.16202406903340957,0.29028340137620934
1475,-576460705607,1.9895234021220316,2.894016598297928,0.16550542812990957,0.2919836346014593
1476,-576460705590,1.9923690902028879,2.899000640482093,0.16884871131978957,0.29361643403503934
1477,-576460705573,1.976681523982029,2.895109190140109,0.16575453790926742,0.29054722949701256
1478,-576460705555,1.979711822282421,2.900380300248702,0.1693071936687874,0.29228228273133255
1479,-576460705538,1.9827655172021013,2.905691696553747,0.1708994595932674,0.29945081720685257
1480,-576460705519,1.9856734526740485,2.910821994300169,0.1724020541246074,0.3062156424380126
1481,-576460705503,1.988615886761598,2.916083170475027,0.1739092608344274,0.3130012321406926
1482,-576460705484,1.9672855349421554,2.9508717661791186,0.16877968159033177,0.3324606431903517
1483,-576460705467,1.9701634408812285,2.9566080161571393,0.16775846248651177,0.33832810475101166
1484,-576460705450,1.97298569651561,2.962365805540914,0.16675091695895178,0.3441170041472917
1485,-576460705432,1.9758123312248574,2.9682664175291413,0.16573566884913177,0.3499501590859517
1486,-576460705415,1.9636024949153443,2.9673889634085864,0.15943282734584907,0.35230945640519784
1487,-576460705397,1.9664764811289788,2.9737219842833578,0.16150365658874907,0.3548955547361978
1488,-576460705379,1.9694264898966898,2.9801864069021966,0.16360200438886907,0.35751601886299783
1489,-576460705361,1.9723940335255246,2.98665372989022,0.16568601478942907,0.3601185781213978
1490,-576460705342,1.9538249571136264,3.017094352845856,0.16099586666840932,0.3716992863455504
1491,-576460705325,1.956778932281798,3.023903648647829,0.16226690069552932,0.37346330962435037
1492,-576460705307,1.9597029907119952,3.030623239953583,0.16351533207114932,0.3751959634806504
1493,-576460705289,1.9626572037075125,3.037391649880334,0.16476703213790933,0.37693315383805037
1494,-576460705271,1.965671125913056,3.044246338745842,0.16760198038342933,0.37898754152013037
1495,-576460705258,1.9511132256057167,3.037335911756463,0.16263674817177182,0.37530741690746044
1496,-576460705253,1.9540438413209382,3.044059232698697,0.1654294910783918,0.37733121985894047
1497,-576460705235,1.9570845857577428,3.050954527261631,0.1682781951380718,0.3793955758976605
1498,-576460705218,1.9601004247563292,3.0577161785579317,0.1710567132823218,0.3814090706621605
1499,-576460705199,1.9631798031551355,3.0646176376601133,0.1711344633824618,0.3855049311359805
1500,-576460705181,1.9467772215108445,3.09290070058974,0.16589855203099138,0.39832652066505464
1501,-576460705163,1.9497758796050155,3.1001360173972654,0.16597661748602138,0.40243899397444466
1502,-576460705145,1.9527517044823568,3.107386296621215,0.16605405223127137,0.4065182416126947
1503,-576460705125,1.9557486168667482,3.1148654641963036,0.16394786203303138,0.4170425770944047
1504,-576460705109,1.9385926405854512,3.112884546910872,0.15509162377476152,0.42228381664678316
1505,-576460705091,1.9413671872563079,3.120584284479851,0.15300305956948151,0.43272007752665315
1506,-576460705073,1.9441305741477246,3.1284029293488986,0.15383536941304152,0.4354394682259731
1507,-576460705054,1.9469063232601733,3.1362631072044374,0.1546668937098915,0.43815629232292314
1508,-576460705037,1.9496951696746547,3.144166883843074,0.1554978635031815,0.44087130470055313
1509,-576460705022,1.9406625924277676,3.153706664011622,0.15304631708341115,0.444771219001218
1510,-576460705019,1.9434252196895663,3.1617378991423615,0.15387816484067116,0.44748909993443803
1511,-576460705001,1.9462082715268552,3.1697759004133483,0.15528111501811115,0.445423727324718
1512,-576460704983,1.949016268711164,3.1777758299989314,0.15668390934683116,0.443358584149858
1513,-576460704966,1.9518487285664343,3.1857363764084417,0.15808631405375115,0.441294014562148
1514,-576460704952,1.9240459801410974,3.1727555181912632,0.14875441345916712,0.4342889906171338
1515,-576460704946,1.9268847267637768,3.180981549306979,0.15023411913120713,0.4321106213388638
1516,-576460704928,1.9295687134039965,3.1888053538295447,0.14820215598079714,0.4378292822098638
1517,-576460704909,1.9322193668399337,3.1967417780368845,0.14616770752492714,0.44355493760686376
1518,-576460704893,1.9346860187060018,3.2043223168441846,0.14424871280451715,0.44895566547786375
1519,-576460704874,1.92894402565622,3.2210544372551073,0.1399699823386275,0.4582005524401979
1520,-576460704858,1.9313416713919942,3.228937253944723,0.14063692687481752,0.46435977169998793
1521,-576460704839,1.9338865255848283,3.237377660710352,0.14134137704031752,0.47086535468548796
1522,-576460704823,1.9364192376810005,3.24585195885371,0.14203899735656753,0.477307864151738
1523,-576460704803,1.9151787702535834,3.243760010973501,0.1348080012646357,0.4780639712770329
1524,-576460704785,1.9175941345832126,3.252453844110077,0.13314899115039572,0.4864171843226729
1525,-576460704767,1.9199887943517155,3.2613329040344547,0.1314835393505557,0.4948028316324129
1526,-576460704749,1.9223550004009073,3.270370268893223,0.1298168912376757,0.5031945024483429
1527,-576460704729,1.922433292367845,3.2822090100811057,0.12997125905051718,0.5064387310077102
1528,-576460704712,1.9247797129595101,3.291345026946866,0.13072765675027717,0.5086178620438202
1529,-576460704694,1.9271397494661684,3.300520270350407,0.13148405445003716,0.5107969930799302
1530,-576460704676,1.9295136663688086,3.3097357662442195,0.13224053618931716,0.5129763662282603
1531,-576460704658,1.9052448535970608,3.306651728563047,0.12250981146842563,0.5102790616330493
1532,-576460704640,1.9074377270161484,3.315856772225298,0.12157672226794562,0.5143250859906493
1533,-576460704622,1.90961866039226,3.3251552498777643,0.12064155584306561,0.5183801175262494
1534,-576460704605,1.9116682902524815,3.3340274054354233,0.11975603508134561,0.5222198775076493
1535,-576460704588,1.9136993094304842,3.34294272775223,0.11992052592910561,0.5298596972866093
1536,-576460704576,1.9188093881489652,3.337940689214623,0.12128472369255847,0.5278065962559935
1537,-576460704570,1.9209971219745254,3.3475276324672545,0.12145966749305846,0.5359319061164934
1538,-576460704551,1.9233046612173574,3.3577829925871536,0.12164391898313846,0.5444895140161734
1539,-576460704532,1.9254927786070233,3.367643015254694,0.12181837750263846,0.5525922848756734
1540,-576460704516,1.9276830097150202,3.377647090049973,0.12116266398803846,0.5572451674516734
1541,-576460704497,1.8898274395054229,3.3692252916035876,0.10740976234497594,0.5517193388856909
1542,-576460704479,1.8917530013746298,3.379188036079433,0.10675572194007595,0.5563603492296909
1543,-576460704460,1.8936753721068482,3.3892321142700865,0.10663948616542594,0.5585953249284109
1544,-576460704444,1.895486458898437,3.39874167412381,0.10652986312702595,0.5607031512631309
1545,-576460704426,1.9066882758628165,3.399958133449704,0.10887952214899393,0.559272810882536
1546,-576460704406,1.908647605943498,3.410047947377449,0.10876336379174394,0.561506298003336
1547,-576460704391,1.9104937028329123,3.4195687815199904,0.10850118715734394,0.558987304743676
1548,-576460704374,1.9123370761147953,3.4290557113650877,0.10823876368134394,0.556465939829776
1549,-576460704356,1.86800332975858,3.417815984277329,0.09294044579681571,0.5420458043048633
1550,-576460704338,1.869674314487939,3.427552032019128,0.09266265643121571,0.5393768039145233
1551,-576460704319,1.8714472276492582,3.4378630239831747,0.09271094889281571,0.5387277510882833
1552,-576460704301,1.8731068798355914,3.4474992002775253,0.09275613344871571,0.5381204686525233
1553,-576460704283,1.8895187410410994,3.443345029085835,0.0967118494728936,0.5318671566837648
1554,-576460704264,1.8913782026314154,3.453562310869503,0.0967603792562936,0.5312149142420048
1555,-576460704246,1.8931191341542455,3.463115035762256,0.0969778271570136,0.5318526233445648
1556,-576460704230,1.8946729111227474,3.471632414144002,0.0971714879125736,0.5324205719254449
1557,-576460704212,1.8964263927209397,3.4812350592553725,0.0973895770740736,0.5330601616524449
1558,-576460704192,1.8524763028771145,3.470199806694096,0.08288538989295836,0.5219826343818944
1559,-576460704175,1.8539668000369012,3.4796143847356036,0.08259669734881836,0.5232686192550144
1560,-576460704156,1.8555318456219543,3.4895604554353272,0.08229247560098836,0.5246237791776545
1561,-576460704139,1.8569264514428823,3.4984762293468026,0.08202043408123835,0.5258355918356544
1562,-576460704121,1.8815737081979464,3.4868465174739316,0.08807749565368556,0.5168358893452659
1563,-576460704105,1.8830721967299995,3.495639889975109,0.08802880732586556,0.5165843129319859
1564,-576460704086,1.8846567796452907,3.5049391106774164,0.08797729233992556,0.516318130954226
1565,-576460704068,1.8862392040205818,3.514226313778298,0.08792581740784555,0.516052155937906
1566,-576460704050,1.831374383036116,3.4978919001675286,0.07003393003241992,0.5010756019044037
1567,-576460704032,1.832576276236323,3.506479916631476,0.07012854229491992,0.5004423530749037
1568,-576460704015,1.8338304243651842,3.5154174256448205,0.07022713213416992,0.4997824819476737
1569,-576460703996,1.835022973156816,3.523893417641378,0.07032075138166992,0.4991558794615737
1570,-576460703980,1.8592210073018667,3.5126541283640775,0.07627019058440779,0.490382940868688
1571,-576460703963,1.8605149467495319,3.520974896734234,0.0761911559061278,0.490030440792248
1572,-576460703946,1.861808838567956,3.529298006290084,0.0761120420721078,0.489677587675788
1573,-576460703928,1.8631977921730412,3.5382355675871646,0.0760270241511278,0.489298401927248
1574,-576460703909,1.807467608824483,3.5216056068096555,0.058007360859511026,0.47398124058019947
1575,-576460703892,1.8084648381233892,3.5297443734216865,0.058050747829011026,0.4732130116200995
1576,-576460703874,1.8094997614077135,3.5381704038596244,0.058095740507711026,0.4724163512594395
1577,-576460703856,1.810545661173532,3.546664769774661,0.05814117500891103,0.47161186779327946
1578,-576460703838,1.811589915743382,3.5551723058235147,0.057874219930531025,0.47356489577227945
1579,-576460703825,1.83924533099827,3.531481456154418,0.0651383976573858,0.46370933190220703
1580,-576460703820,1.8404246314268726,3.5399119245457413,0.0648693664924058,0.465677548411207
1581,-576460703802,1.8415901361046014,3.548313566238449,0.0646023817556458,0.467630793369207
1582,-576460703785,1.8427409261621444,3.556678059497946,0.06433768071414579,0.469567330944207
1583,-576460703766,1.8439049721646363,3.5651265850466967,0.0649863946654658,0.46905343883142697
1584,-576460703753,1.7938491098490852,3.54267041186994,0.04929606844056868,0.4564040946167462
1585,-576460703748,1.794742176968587,3.5508801492772855,0.04994463824924868,0.4558903166895262
1586,-576460703730,1.7956526343100856,3.559132097076122,0.050597280087508675,0.45537331302023615
1587,-576460703712,1.7965528250709288,3.5672673576243588,0.05012899951898868,0.45491655474707615
1588,-576460703691,1.7974520449411922,3.5754621683012298,0.04965681530244868,0.45445598887725613
1589,-576460703676,1.829695042842906,3.557080579411438,0.05738408062634048,0.4428919876207983
1590,-576460703656,1.8307804407998987,3.5654895873983827,0.05688637860328048,0.4424065318238183
1591,-576460703640,1.8317453613519044,3.5729952812675863,0.056827669125880484,0.4421251833613283
1592,-576460703622,1.8327680395657076,3.5809534998616677,0.05676537916948048,0.44182667647218826
1593,-576460703603,1.7784998096904514,3.564226195098487,0.03953311972502346,0.4275845323395945
1594,-576460703587,1.779176780790472,3.571551276914553,0.03947383598722346,0.4273004318975645
1595,-576460703570,1.7798488548586673,3.5787371283519556,0.04029283283899346,0.4255690046228345
1596,-576460703553,1.780541143879636,3.5859599209201654,0.04111941164488346,0.4238215484682245
1597,-576460703534,1.8127227775883568,3.5676947768965053,0.050210706350423934,0.41103682184977125
1598,-576460703517,1.8136696022296817,3.575358290883644,0.05111898557218393,0.40911664423953126
1599,-576460703498,1.8146089502138207,3.5827058028580794,0.05326461084288393,0.4073642952466113
1600,-576460703479,1.815600993207181,3.590124798348936,0.05544051663468393,0.4055872159145313
1601,-576460703462,1.8166043604242978,3.597312268358433,0.057557649604033936,0.4038581368076713
1602,-576460703445,1.760144681687805,3.5785347802638987,0.04190783271932147,0.3877026415439724
1603,-576460703428,1.7608895558512052,3.5851027505794386,0.04590003753886147,0.3865482503032724
1604,-576460703410,1.7617542270842923,3.59205229363286,0.050137196102191466,0.3853230279131224
1605,-576460703392,1.7626945443563156,3.5989751649281367,0.054371530991241465,0.38409862202037237
1606,-576460703373,1.7946716655537676,3.580766508603278,0.06672637887245178,0.3722417092941741
1607,-576460703357,1.7958323248036778,3.587045065827489,0.07075990991105179,0.3714869360755341
1608,-576460703338,1.797057047694144,3.5932908598587048,0.07478054053055179,0.3707345768437341
1609,-576460703322,1.798444883009204,3.599971267514043,0.07908999719990178,0.3699281711287941
1610,-576460703304,1.7393793439182774,3.5799333571360816,0.06442723289563787,0.35367594067865166
1611,-576460703287,1.7405737536447812,3.586291744652767,0.06823336870416787,0.35253692283946164
1612,-576460703268,1.741844986399491,3.592670032216029,0.07206381203854786,0.35139063077072163
1613,-576460703250,1.743178728946244,3.5989956741776954,0.07587502072203786,0.35025009483145164
1614,-576460703232,1.7792999374143608,3.577534142916045,0.08553262446793367,0.33562094238848034
1615,-576460703214,1.7808461163059308,3.583552154584735,0.08616010681517366,0.3326386399434003
1616,-576460703196,1.7824013403165142,3.5895078808833443,0.08678668335257367,0.3296606426376003
1617,-576460703177,1.7839703683053094,3.5954195216274965,0.08741427021633366,0.3266778434456803
1618,-576460703160,1.7855993257623257,3.601393029725327,0.09221383333069366,0.3320317665042203
1619,-576460703147,1.7348526516334413,3.5793319510768655,0.07686228532971356,0.31950681662267666
1620,-576460703141,1.7362677807385036,3.585086072719796,0.08158907566707356,0.3247795614907167
1621,-576460703124,1.7377792538818708,3.5909799261606685,0.08635238470707356,0.3300930430507167
1622,-576460703106,1.7393761021273002,3.5969680806458846,0.09111463523395356,0.3354053438370367
1623,-576460703087,1.741044291893686,3.6030118423668,0.09420889599814357,0.3360118334017867
1624,-576460703070,1.784625761730295,3.5757517266617254,0.10814395139603857,0.32249180394006666
1625,-576460703052,1.7865975269064667,3.58155428228223,0.11123357154251856,0.32309738392206666
1626,-576460703034,1.7886311873648495,3.587327686191659,0.11477892661071856,0.31853452421626666
1627,-576460703016,1.7907286500330397,3.5930189768778225,0.11832428167891856,0.31397166451046665
1628,-576460702998,1.7303548919489284,3.572120099824617,0.10313381518518333,0.29431139213261936
1629,-576460702981,1.7322440693561323,3.5773789479899363,0.10668153434878333,0.2897454898442194
1630,-576460702962,1.7342265785724922,3.582566577191138,0.11360950586009333,0.2866897789153694
1631,-576460702944,1.7363620006558191,3.587765572375246,0.12062754600486333,0.2835943415374194
1632,-576460702926,1.738565049360475,3.5927754334766093,0.12746352433926333,0.2805792059134194
1633,-576460702914,1.7753457863348023,3.5638113183517675,0.13696781347416848,0.2682632728703401
1634,-576460702908,1.777873993875359,3.568613349958546,0.14389732462023846,0.2652068828568901
1635,-576460702890,1.7805542437113062,3.57333701371661,0.15423947581883846,0.2602284628676901
1636,-576460702870,1.7834266999429278,3.5779808647849856,0.16460348473409847,0.25523952118997006
1637,-576460702854,1.7864836203583716,3.5825315718212813,0.17496001600944847,0.25025417903727004
1638,-576460702835,1.7380849476970897,3.5653875484165094,0.16997521531589593,0.23296856900574459
1639,-576460702818,1.7410582504728593,3.5695581066768813,0.16050191881433593,0.2305813098841246
1640,-576460702799,1.7438632051004983,3.573688903300328,0.15102125173641592,0.2281921933862846
1641,-576460702782,1.746497007251275,3.577775999304054,0.14154216406771591,0.2258034748976346
1642,-576460702762,1.785919560168239,3.552803874649677,0.14100603227543362,0.21078006970396262
1643,-576460702745,1.78848558454836,3.5566476349649707,0.14453610093785363,0.21694599887602262
1644,-576460702727,1.7911144625894437,3.5606013230803066,0.14806538396211363,0.2231105557832026
1645,-576460702710,1.793660106699774,3.564444004540264,0.15140454255165364,0.2289430245894226
1646,-576460702691,1.7486148599279618,3.549263466488353,0.1346786070962971,0.21781764720253088
1647,-576460702674,1.7510130389638074,3.553179856794196,0.1320227981356571,0.21772397933693088
1648,-576460702655,1.753498822226976,3.557322418658507,0.1292123721831471,0.21762485827653089
1649,-576460702637,1.7557970512463432,3.561232513942389,0.1265584830132371,0.21753125812013088
1650,-576460702618,1.7887200726758745,3.5408476743801627,0.13511669725404638,0.21049232415423233
1651,-576460702603,1.790883329774611,3.544234150924896,0.13573056689224638,0.21350624160679232
1652,-576460702585,1.7933370710583645,3.5481147698310616,0.1364235240298464,0.21690845517287233
1653,-576460702569,1.7956601790816233,3.5518268359367093,0.13707636097824638,0.22011369053559232
1654,-576460702550,1.7980786766665209,3.5557842544012908,0.1318697146289464,0.21996620544234233
1655,-576460702538,1.7469109294998713,3.5355667689773544,0.11690206413560832,0.20839082286436533
1656,-576460702532,1.7489794354147847,3.539337299596487,0.11166212535760832,0.20824239471936534
1657,-576460702516,1.7507181619796117,3.5426471089826306,0.10705937471498832,0.20811201576481533
1658,-576460702498,1.7526221564213023,3.546440460240379,0.10178064302006831,0.20796248875951534
1659,-576460702480,1.7543886411755107,3.550160583228762,0.09676771645036832,0.21016980171855534
1660,-576460702460,1.7840238464153186,3.531828612681609,0.09885041362114046,0.20287896508979752
1661,-576460702443,1.7858478812118983,3.53569852053137,0.09350759287289045,0.20523153844419753
1662,-576460702424,1.7873967130250197,3.5392051743037465,0.08871863374294045,0.20734023311603753
1663,-576460702408,1.7891100309716919,3.5429173730840744,0.10134381527498044,0.20446283752881753
1664,-576460702390,1.730131699245663,3.522525061078364,0.09624427807292756,0.18785233935550955
1665,-576460702371,1.7319764516575917,3.5258786984779023,0.10884214904532756,0.18498116809730955
1666,-576460702354,1.7340514510891154,3.5292774062517447,0.11960653878068755,0.18920222657872954
1667,-576460702336,1.736299451121257,3.532719335022802,0.13026841616196755,0.19338308671613955
1668,-576460702316,1.76330750665544,3.5174318873775396,0.1477144604038736,0.1896000328622405
1669,-576460702299,1.766055234648338,3.520873610370886,0.1583538206206736,0.1937720633055905
1670,-576460702280,1.7687215105495673,3.524321747351176,0.1377510048809336,0.1891628004058805
1671,-576460702264,1.7710152273190103,3.5276844768982905,0.11716306151637358,0.18455686475464048
1672,-576460702244,1.7201910760165124,3.5101228516451255,0.08103891400631051,0.16799282659006312
1673,-576460702226,1.7215090396844448,3.513226584941959,0.059596381083330506,0.1631957021228931
1674,-576460702209,1.7225886269049657,3.515990378571872,0.0660758406174905,0.1585310460190431
1675,-576460702191,1.7237541664638631,3.5186201588793677,0.0724233048756505,0.1539614152126931
1676,-576460702175,1.7250407250416295,3.521199913853641,0.0788386524186105,0.14934291425334312
1677,-576460702152,1.7490776796911345,3.506669871308673,0.09173969032126425,0.13672322934131706
1678,-576460702138,1.7507688616062365,3.5091552743823073,0.09621117821642425,0.13949404934667706
1679,-576460702119,1.7525482657193834,3.5117014959841386,0.10070179839475425,0.14227672493885707
1680,-576460702102,1.754394104307431,3.514277702074766,0.10515763260368426,0.14503784491863708
1681,-576460702085,1.7077976315130097,3.497425872643697,0.09544632764165661,0.13668653359312874
1682,-576460702067,1.7095704558779723,3.4999156660164377,0.10027285594881662,0.13818577516604874
1683,-576460702049,1.7112957801266617,3.502253053150304,0.10475676362211661,0.13957859011814874
1684,-576460702033,1.7131154711645216,3.5046382706513217,0.1092867625626466,0.14098572218175875
1685,-576460702015,1.7331667582304646,3.493503939098956,0.11870104209988552,0.13657140342765156
1686,-576460701998,1.7351974690498875,3.4959197291585404,0.12078369396037553,0.14832629803878156
1687,-576460701980,1.73726964303301,3.498542875401888,0.12287248607636553,0.16011584945341156
1688,-576460701963,1.7395242595570117,3.50156901745176,0.12510557419660553,0.17271983575029157
1689,-576460701946,1.7418205819220827,3.504471684839128,0.13171066078309554,0.15190884929901158
1690,-576460701932,1.689739435899592,3.48367147050836,0.11676853280472695,0.14013398333660548
1691,-576460701926,1.691895057213508,3.485999516370258,0.12339873519325695,0.11924386323444548
1692,-576460701909,1.6941941492579196,3.4879710336244725,0.13009837538742694,0.09813496186220548
1693,-576460701889,1.6965964384577497,3.4895493245766205,0.13674852267757695,0.07718200033140549
1694,-576460701872,1.6989329152235035,3.4909286050597546,0.12490966263559695,0.07728134959122548
1695,-576460701855,1.7178795918965346,3.479673029058553,0.11724213824746392,0.07191652625734116
1696,-576460701836,1.719878557164015,3.4809656911048856,0.10533499876182392,0.07201644850410116
1697,-576460701819,1.7216672895744252,3.4822629604973043,0.09340200589460393,0.07211658770708115
1698,-576460701801,1.7235624302265742,3.4835955851596228,0.11544042643215394,0.07473719622798115
1699,-576460701783,1.675426532819085,3.4646361283499756,0.12289265066617913,0.06587930117062364
1700,-576460701766,1.6778140527823884,3.465835282851292,0.14457163693852915,0.06845716903792365
1701,-576460701746,1.6806122275187305,3.4670905484586654,0.16642305451377915,0.07105554086742365
1702,-576460701729,1.6835014025189832,3.46835673816272,0.15463206274955915,0.06964783773626365
1703,-576460701710,1.6989913072954974,3.4601021666581744,0.1461063888334677,0.06413676411701492
1704,-576460701693,1.701515494515632,3.4612441458626027,0.13431212142979768,0.06272866991375492
1705,-576460701675,1.7039512482104517,3.4623104213813325,0.1359218270718477,0.055568941306104916
1706,-576460701656,1.7065452015443625,3.4632929096279566,0.13761537992074768,0.048036272932404915
1707,-576460701638,1.6584926150892205,3.4436633466167432,0.12479932681347916,0.029554116470020122
1708,-576460701620,1.6608136482919593,3.4441415995060662,0.12644912552887916,0.022216059901820122
1709,-576460701602,1.6630098610362753,3.444586423924086,0.11712795474793916,0.027118428871010125
1710,-576460701584,1.665019218902729,3.445114085258251,0.10789672372831915,0.031973494995380124
1711,-576460701565,1.675075323679674,3.439760694186575,0.10069465091105777,0.034281143304264475
1712,-576460701548,1.6768046387108348,3.4404220303978517,0.09138743629997777,0.03917617217684448
1713,-576460701530,1.6784854188874876,3.4410954028156615,0.09545934004961777,0.03568041365048448
1714,-576460701513,1.6802533932766663,3.4417103869893424,0.09956293000485777,0.03215745228972448
1715,-576460701494,1.6820833315025046,3.442258058812677,0.10363936035529778,0.028657807644164476
1716,-576460701481,1.6368663057002448,3.423709062978371,0.09077752443768945,0.01827510166627331
1717,-576460701476,1.638538484259016,3.424006773659483,0.09485508643832945,0.014774485490913309
1718,-576460701458,1.6402390048343054,3.424285801869184,0.09523216767404945,0.016415790576753308
1719,-576460701439,1.6419531560676133,3.4245954966581436,0.09561076633928944,0.018063700512033307
1720,-576460701422,1.6436772761078642,3.4249354450342744,0.09599006049305944,0.019714637669973306
1721,-576460701409,1.6447266248588241,3.4241854461535968,0.09625830727011048,0.0193902952282654
1722,-576460701404,1.64646162559307,3.424499527054748,0.09663743282060047,0.0155289221991654
1723,-576460701386,1.6482180158398554,3.4247463319824982,0.09716045383784047,0.0117032225377254
1724,-576460701368,1.6499675736276636,3.424922473788719,0.09767865611350048,0.0079127701367654
1725,-576460701349,1.6517222153719058,3.425030365405482,0.09819561763534047,0.0041313933777254
1726,-576460701335,1.6132995122802132,3.4089305564833974,0.08728010636788759,-0.004838407304126975
1727,-576460701332,1.6148819990735814,3.408824030951995,0.08735839645927759,-0.006917431288016974
1728,-576460701313,1.6164541008049569,3.408681040745031,0.08743610336011759,-0.008980968418856972
1729,-576460701295,1.6180191115087927,3.408502002409508,0.0875133912277476,-0.011033377958986972
1730,-576460701278,1.6195950523795521,3.408284817382586,0.0875911499677476,-0.01309829169898697
1731,-576460701260,1.6171319322158921,3.410872267769264,0.08337873040689023,-0.013546146518270996
1732,-576460701242,1.6186046369836067,3.4106132362700783,0.08019152201879023,-0.015223942800960994
1733,-576460701223,1.6200189486188432,3.410324212407965,0.07700661460859023,-0.016900527812940994
1734,-576460701206,1.6213769106973779,3.410004778564806,0.07381940622049024,-0.018578324095630993
1735,-576460701188,1.5896171113310484,3.395455079721775,0.0636684365759487,-0.02100198403561334
1736,-576460701170,1.590755841166084,3.3951264281754487,0.0629063241682987,-0.015529060962603342
1737,-576460701152,1.5918814797525687,3.3948961503878046,0.062143788200148695,-0.010053096193893343
1738,-576460701135,1.5929932676414296,3.3947644655487625,0.0613813369440987,-0.004577739764323344
1739,-576460701115,1.5926827376021009,3.395775815361003,0.0626328801612964,0.007164510411158822
1740,-576460701097,1.5938872507623636,3.396024871077724,0.0643384117021764,0.019089188710828823
1741,-576460701079,1.5950602345512352,3.3964704467559996,0.0659569272449764,0.030405471469778823
1742,-576460701063,1.5962018459312066,3.3970023420460413,0.0682397789935764,0.032118954302158824
1743,-576460701043,1.5974507678252303,3.3975962553761136,0.0706527803951764,0.03393012599943882
1744,-576460701033,1.5632660886917447,3.3825946473335926,0.0609608833884481,0.025664104096732927
1745,-576460701025,1.5643867687487092,3.38307363068798,0.0633795201358481,0.027479505621152926
1746,-576460701009,1.5654910950321888,3.3835586633974697,0.06567578937444811,0.029203059470532925
1747,-576460700990,1.5666995811810966,3.3840345090025186,0.06848119873700811,0.023621719065092923
1748,-576460700975,1.567805632328371,3.3843702796349566,0.07095165941290811,0.018706756502242922
1749,-576460700956,1.563445172808173,3.3885414137474275,0.07229843964407415,0.014821748847608236
1750,-576460700939,1.5647716207802829,3.3887579992827543,0.07510104608875415,0.009245984825788235
1751,-576460700920,1.5661604433449052,3.38882356687565,0.07891310025140415,-0.0019748350730617644
1752,-576460700904,1.5675393577419918,3.388699047308026,0.08252393037397415,-0.012603349979191764
1753,-576460700885,1.5376419079938262,3.3741836920915387,0.07743918727548893,-0.03160616302373873
1754,-576460700868,1.5390572213818103,3.373520745218083,0.08121044706866892,-0.042706904284358735
1755,-576460700850,1.5404844786943883,3.3727024656761224,0.07731205113514893,-0.04817770080928874
1756,-576460700832,1.541840950275222,3.371786102679394,0.07341538714850893,-0.05364606681429874
1757,-576460700814,1.5358087856969243,3.375701626059453,0.06763561275641568,-0.05697452122611146
1758,-576460700796,1.5369912185408436,3.37462680420566,0.06373851578305567,-0.06244349486110146
1759,-576460700778,1.5380933605036604,3.373522616048491,0.05868769502690567,-0.06021000774030146
1760,-576460700759,1.5391039187760736,3.3724593375541105,0.05364024054951567,-0.057978009197421465
1761,-576460700740,1.540023609607149,3.371436275155585,0.048593066595355665,-0.05574613470270146
1762,-576460700729,1.5070654428206685,3.356276538011831,0.03926335877140154,-0.06400086851398346
1763,-576460700721,1.5077324483316228,3.3552119218278165,0.034167093251991534,-0.053202432417843455
1764,-576460700706,1.5082923425111543,3.3543508256186,0.028064114876451534,-0.04250682724836345
1765,-576460700686,1.5087391657350329,3.353686900699522,0.022011333277591534,-0.03189919304504345
1766,-576460700670,1.5090805200454238,3.3532088805793214,0.01590428489313153,-0.021196455094523448
1767,-576460700657,1.4992251482667125,3.3596930245697623,0.013360175756297872,-0.01838059544548302
1768,-576460700651,1.4994326607127022,3.3593547690285255,0.00848553915995787,-0.01722899937888302
1769,-576460700633,1.4995401794534062,3.359069290884244,0.0041022663430678695,-0.01619348429278302
1770,-576460700615,1.4995724991017139,3.3587890026402736,-4.929471954021316e-4,-0.015107899812483021
1771,-576460700598,1.499522166270872,3.3585271747151983,-0.005106121811972132,-0.01401807216318302
1772,-576460700580,1.4739260126946203,3.345959260741332,-0.0065143602491295124,-0.02699563685702108
1773,-576460700562,1.4738611167181983,3.345415805126578,-6.918999720695127e-4,-0.03335144156773108
1774,-576460700544,1.4739010070262404,3.3447585103839503,0.0051253879456304875,-0.03970160012468108
1775,-576460700526,1.4740456122598438,3.343986806381227,0.010943645680710486,-0.046052817335461085
1776,-576460700507,1.4639670288557114,3.349673088632117,0.002859805887078691,-0.05007982087463488
1777,-576460700490,1.4639740406595598,3.348761077892238,-0.002041816637401309,-0.05631433916719488
1778,-576460700472,1.463892095735182,3.3476983720780473,-0.0071432894969613095,-0.06280305299676488
1779,-576460700455,1.463717297587248,3.3465095596329753,-0.01228736278560131,-0.06934595156884488
1780,-576460700435,1.4634700007095731,3.345262914140075,-0.015222162513331309,-0.06933200525854488
1781,-576460700424,1.4357542697024637,3.33161321035519,-0.023061268052749162,-0.07665697526530355
1782,-576460700419,1.4353116827181578,3.3302304447439286,-0.026006025107549163,-0.07664298163730354
1783,-576460700400,1.4348143508168298,3.328843640355604,-0.028959923315069164,-0.07662894457010354
1784,-576460700383,1.4342677017719376,3.32758746415688,-0.03579741186139916,-0.07218065072983354
1785,-576460700365,1.4335557140224773,3.3263277265320754,-0.04310631168936916,-0.06742566885840354
1786,-576460700352,1.415450786128042,3.3377217493846754,-0.04781537735390994,-0.06246707863469379
1787,-576460700347,1.4145254372796534,3.336641006709267,-0.055098357661239945,-0.057728959335423796
1788,-576460700329,1.413461192900414,3.3356387419213487,-0.062432772017339946,-0.0529573783695238
1789,-576460700310,1.4123366342665922,3.334730620971797,-0.06324432161493995,-0.0485313285540038
1790,-576460700293,1.4111917228691278,3.3338976960534095,-0.06405999788963995,-0.0440827725620638
1791,-576460700274,1.386094743830943,3.3207075880222163,-0.07164672866875271,-0.046237406289980666
1792,-576460700257,1.3847989157248124,3.319916049251256,-0.07246226889915271,-0.041789592259900664
1793,-576460700239,1.3834492857450578,3.3191636030303275,-0.0775216150542327,-0.04182947991085066
1794,-576460700221,1.3820075291362997,3.3184098946493794,-0.0825846157906327,-0.041869396374350665
1795,-576460700202,1.3665611699283573,3.326163180628529,-0.09128708293350098,-0.03820253389290563
1796,-576460700184,1.3648729424627224,3.3254753671818698,-0.09634586684530097,-0.03824241711115563
1797,-576460700166,1.3630790433314377,3.3247605755981993,-0.10318687674900097,-0.041262792128675625
1798,-576460700149,1.3611600454025556,3.323990633240843,-0.11003511534900097,-0.04428635868867563
1799,-576460700130,1.3434818349667692,3.314697242274737,-0.1213191847370474,-0.05178369901868253
1800,-576460700113,1.3411147818173506,3.3136858908252766,-0.1285280972366474,-0.05496650675084253
1801,-576460700094,1.3387683998943485,3.312708401722032,-0.1323259242199474,-0.05370376598344253
1802,-576460700076,1.3363453911223275,3.311750430553245,-0.1361366287711174,-0.05243674354918253
1803,-576460700059,1.3163043789700326,3.3213872624781837,-0.14436407082026698,-0.0466595485291125
1804,-576460700041,1.3137795334500617,3.3205338923762757,-0.13640829726101697,-0.048238433334412495
1805,-576460700024,1.3113945613426976,3.319650880570757,-0.12844146480051696,-0.049819512864212497
1806,-576460700005,1.309276669833432,3.3187919817028093,-0.12092760493521697,-0.0513106964784925
1807,-576460699989,1.3071705049948554,3.3178536384380655,-0.11296077247471696,-0.0528917760082925
1808,-576460699977,1.2898199118242966,3.3080375941828954,-0.1178637784181239,-0.05803243851181038
1809,-576460699970,1.2876858362599177,3.307005934871282,-0.1189399903766839,-0.056443738986370375
1810,-576460699953,1.2856583471485454,3.3060605566604866,-0.1199535068982439,-0.05494759019893038
1811,-576460699934,1.2834861221986877,3.3050842852200066,-0.1210299576965639,-0.053358538099250376
1812,-576460699914,1.2812863097304499,3.304133192853056,-0.1221104090608639,-0.051763580381050375
1813,-576460699898,1.2628258861519175,3.3124896017617718,-0.13273833187498807,-0.04894130653064572
1814,-576460699882,1.2605975789530457,3.311676012017675,-0.13841124209334807,-0.05005963580284572
1815,-576460699864,1.2581890863078833,3.310813168730479,-0.14429227867223807,-0.051218994069395715
1816,-576460699847,1.2555371147761651,3.3098806236700735,-0.15050224464015807,-0.05244319583779571
1817,-576460699827,1.236527416370586,3.2992791268171624,-0.1603417398603475,-0.060481515800549446
1818,-576460699810,1.2335969379078349,3.2981646307313013,-0.1653574502203475,-0.06338579021349945
1819,-576460699792,1.2305729645967942,3.2969966126870194,-0.1703784564123475,-0.06629313110123945
1820,-576460699773,1.2274615246307987,3.2957773981886884,-0.1753947242283475,-0.06919772830100945
1821,-576460699755,1.2058341956106418,3.3048036981416735,-0.18580693753863417,-0.06346112021665697
1822,-576460699738,1.2024208259413003,3.303666353499996,-0.19136098172563418,-0.06221232085265697
1823,-576460699721,1.1991209900025082,3.302617981274064,-0.19658116955487417,-0.061038587439376964
1824,-576460699703,1.1956189941084336,3.301517743504232,-0.19476887727692418,-0.061913613469386966
1825,-576460699685,1.1800413121769777,3.2928488280933603,-0.19634552278645648,-0.06668372697840311
1826,-576460699667,1.1765376977017705,3.2916455324766063,-0.19453019263800647,-0.06756021977831311
1827,-576460699648,1.1730504389589391,3.2904207751170795,-0.19270635645215647,-0.06844081953394311
1828,-576460699630,1.1695240424329816,3.2891990196569396,-0.19632740447867647,-0.06634383048976311
1829,-576460699613,1.151198813827638,3.295918119433146,-0.20388754550838092,-0.06076993727035664
1830,-576460699593,1.147556434667877,3.2948599647951204,-0.20742510310106094,-0.05872129846173664
1831,-576460699577,1.14379506767563,3.2938229661219216,-0.21101599070770094,-0.05664177565097664
1832,-576460699560,1.1401936073278833,3.292844725499248,-0.21288470935666093,-0.05849954057705664
1833,-576460699541,1.1363408582751469,3.2917731754710995,-0.21486582386598094,-0.06046904254141664
1834,-576460699524,1.125544736062364,3.286113099249803,-0.21878894375004698,-0.06476500789835588
1835,-576460699505,1.1215920304167097,3.2849306183481413,-0.220766868944347,-0.06673133924225588
1836,-576460699487,1.1177118162861548,3.28375650726962,-0.220743528797587,-0.06686496029933588
1837,-576460699472,1.1140854000569398,3.282656956895796,-0.220721713057067,-0.06698985421449588
1838,-576460699452,1.0956050155368016,3.288947040817151,-0.2245796270915352,-0.0638075519767974
1839,-576460699435,1.091367209832712,3.287741574904924,-0.2245545686680552,-0.0639510100736374
1840,-576460699417,1.0873658224903862,3.2866224906852124,-0.2249890042255552,-0.0617746634137774
1841,-576460699400,1.0835372576727966,3.285589927259261,-0.2254038923793052,-0.059696241350847404
1842,-576460699381,1.0735066720206248,3.2804559293131437,-0.2275142902599215,-0.05955840162908819
1843,-576460699363,1.0694174913213648,3.279406206922172,-0.22795248399492152,-0.05736322801800819
1844,-576460699346,1.0654994879761077,3.278426401615315,-0.2296512704149215,-0.057073271264528186
1845,-576460699329,1.0615764544816046,3.277457467084186,-0.2313397395149215,-0.05678507551912819
1846,-576460699312,1.057425174750908,3.2764450825191824,-0.23311312809492152,-0.056482385322608186
1847,-576460699298,1.0484458480131122,3.280964912362664,-0.2355431851299826,-0.05447550054237403
1848,-576460699294,1.0442161019683953,3.2799190695128186,-0.2341937291591926,-0.06167118720768403
1849,-576460699275,1.0400160137143593,3.278745223374233,-0.2328459966315326,-0.06885768397942403
1850,-576460699258,1.035807988242739,3.2774315469036317,-0.2314878485127826,-0.07609971967317403
1851,-576460699239,1.0316821139725039,3.276007431488654,-0.23014843347153258,-0.08324186521942403
1852,-576460699227,1.0323046485268594,3.2764466742174707,-0.2299746200554628,-0.08302020811903843
1853,-576460699221,1.0281654316805435,3.274951051140666,-0.2298106447394128,-0.08311398536103844
1854,-576460699204,1.0240342194387244,3.2734555701741366,-0.2296468697819828,-0.08320764801823843
1855,-576460699184,1.0198988383904013,3.2719558225289087,-0.2294828125010428,-0.08330147213583844
1856,-576460699168,1.0157696231334026,3.270455552269664,-0.2293188827210428,-0.08339522333583844
1857,-576460699147,1.003120027101416,3.2730077100118007,-0.23226828878216935,-0.07558226734334912
1858,-576460699131,0.9989354019528189,3.271698878866248,-0.23292265653461935,-0.06991616471189913
1859,-576460699112,0.9947359675695983,3.270491151348943,-0.23357749712241935,-0.06424596784809912
1860,-576460699094,0.9902940069393027,3.269327965703346,-0.23426816408096934,-0.058265554148549115
1861,-576460699075,0.9787669802853745,3.26292986616161,-0.23538133637766212,-0.06126388260221467
1862,-576460699058,0.9745449425634669,3.2618259610635008,-0.23446483788314212,-0.06158333508193467
1863,-576460699041,0.9705682780133397,3.260776970961676,-0.2335983153804221,-0.06188536805185467
1864,-576460699023,0.966599399926085,3.2596854483701145,-0.2333010537454721,-0.06652150113952467
1865,-576460699006,0.9624021145616714,3.2584436700356587,-0.2329862721906221,-0.07143087729253467
1866,-576460698988,0.9574900087928468,3.257454142373079,-0.23286772813694587,-0.07619114640598547
1867,-576460698970,0.9533070360787218,3.256040552122625,-0.23255343616069588,-0.08109288702423546
1868,-576460698952,0.9493496821240041,3.254664027276624,-0.23282599051276587,-0.08078455708710547
1869,-576460698936,0.9453921217068804,3.2532942752494525,-0.23309824037064586,-0.08047657161218547
1870,-576460698918,0.9427907649549385,3.2530531512219882,-0.23294383251080067,-0.07954881251786464
1871,-576460698901,0.9385975120783298,3.251625001815952,-0.23323214043070067,-0.07922266119376464
1872,-576460698883,0.9343999781383321,3.250215783980465,-0.2325394907275007,-0.07714860328552464
1873,-576460698864,0.9299905187790615,3.2487713307174078,-0.2318096414619007,-0.07496315567160464
1874,-576460698844,0.9173788291134672,3.251385328504988,-0.23345282165079428,-0.07110113678194253
1875,-576460698827,0.9133644692140616,3.2501780279891084,-0.23279106910479427,-0.06911959676974254
1876,-576460698810,0.9092278364570135,3.2489548767830914,-0.2328100065942343,-0.06855288969736253
1877,-576460698791,0.9050401104645809,3.2477269751650732,-0.2328291764193543,-0.06797922994662253
1878,-576460698773,0.9057949409429273,3.2503112612673597,-0.2314892894040997,-0.06552381486096726
1879,-576460698756,0.9016286556059481,3.2491371941184677,-0.23150846988681972,-0.06494983618002725
1880,-576460698738,0.8974604795837002,3.2479367734985236,-0.23157074600561972,-0.06841541434148725
1881,-576460698720,0.8932916457327992,3.246674109302117,-0.2316330152056197,-0.07188060748148725
1882,-576460698701,0.8889970384726364,3.245308507727918,-0.2316971455628197,-0.07544937139422725
1883,-576460698688,0.8831649025402115,3.24796415207233,-0.23331952361213365,-0.07423132693211673
1884,-576460698682,0.8788662483298152,3.246592001207637,-0.23253300528478366,-0.07447101548926673
1885,-576460698664,0.874441447048878,3.245170075100607,-0.23172061772824365,-0.07471858759852673
1886,-576460698647,0.8705286826956582,3.2439045769995114,-0.23099985923720365,-0.07493823608828673
1887,-576460698629,0.8666060012127518,3.24262814898639,-0.23027500940184364,-0.07515913140012673
1888,-576460698617,0.8694704929989808,3.2448632552425853,-0.22949410487645874,-0.0740608958334185
1889,-576460698611,0.8653314881112157,3.2435390053741995,-0.22978295768069876,-0.0728820544978985
1890,-576460698596,0.8616593505552299,3.2423832756338546,-0.23003892511241875,-0.0718374221293385
1891,-576460698577,0.8574716002042045,3.2410871612893586,-0.23033048631234876,-0.0706475275211985
1892,-576460698560,0.8533677950125562,3.23983957969915,-0.23061584544640876,-0.06948294425331851
1893,-576460698541,0.8469232192200132,3.239619666032158,-0.23069710887170497,-0.06813250441867653
1894,-576460698524,0.8429987486326403,3.238466356718789,-0.23016491771192496,-0.06730397181517653
1895,-576460698508,0.8390989568905615,3.2373316785865316,-0.22963485144198495,-0.06647874730967653
1896,-576460698490,0.8349634905733819,3.2361409085200297,-0.22907141190220495,-0.06560156620617652
1897,-576460698469,0.8355080500441052,3.238780600675518,-0.22707534866242882,-0.06517262328787704
1898,-576460698452,0.831425981727796,3.2375947865231383,-0.22643740728792883,-0.06656986669989703
1899,-576460698435,0.8273206249345748,3.236373351339527,-0.22579400857692883,-0.06797906297745704
1900,-576460698417,0.8232602723667195,3.23513659940062,-0.22515585457892884,-0.06937677208553704
1901,-576460698399,0.8174813826260935,3.234655418079219,-0.22604486870488993,-0.07016725161163814
1902,-576460698381,0.8134087829105238,3.233381895162428,-0.22644107269499994,-0.07132743388262815
1903,-576460698362,0.8092342312224265,3.232057182350457,-0.22684647691108994,-0.07251455666743815
1904,-576460698345,0.8052369608994293,3.2308027773296506,-0.22723398690774996,-0.06998288974929816
1905,-576460698327,0.8011261537205274,3.229559102441288,-0.22679817334206995,-0.06737903739477816
1906,-576460698314,0.8080800748622319,3.235166326338235,-0.22492966934128036,-0.06465849128952529
1907,-576460698308,0.8038417327399369,3.2339723173345005,-0.22447570891076035,-0.06194621698474529
1908,-576460698289,0.7997660858783306,3.23287025423368,-0.22403830689272036,-0.05933287411468529
1909,-576460698273,0.7960015081567399,3.231868145019315,-0.22396570614914035,-0.05992325040808529
1910,-576460698256,0.7921942675975635,3.230844252595374,-0.22389225869928037,-0.060520511965885294
1911,-576460698243,0.7957489861169759,3.2293265641293063,-0.2228825898449369,-0.06123939038953253
1912,-576460698237,0.7917005909818718,3.2282082311549716,-0.2228041096766269,-0.06187757711583253
1913,-576460698220,0.7876756714544765,3.2270844931308513,-0.22272605718138688,-0.06251228608103253
1914,-576460698202,0.7837195909505785,3.2259615564180786,-0.2226280466008869,-0.06390184346675253
1915,-576460698185,0.779931483178759,3.2248626836830523,-0.2225341570326369,-0.06523297468073253
1916,-576460698172,0.7882654119159485,3.2316013325284114,-0.22030934543529432,-0.06198093565089517
1917,-576460698167,0.7842985353114497,3.2304723710587924,-0.22020998876779432,-0.06338957735509518
1918,-576460698150,0.7805617058122916,3.2293851936505638,-0.2201163529700443,-0.06471711070575518
1919,-576460698133,0.7768242176767148,3.2282777470513455,-0.21971749646529432,-0.06560905572180518
1920,-576460698114,0.7728656487081834,3.227086018978676,-0.2192942556175943,-0.06655553035666519
1921,-576460698097,0.7714747072332482,3.224964193196536,-0.21822928745025022,-0.06791865976126477
1922,-576460698080,0.7675381848987484,3.223729298678961,-0.21780553028345023,-0.06886628901750477
1923,-576460698059,0.7636244792027829,3.222506019565562,-0.21865099876367022,-0.06755381953596477
1924,-576460698044,0.759681343505132,3.2213019727466916,-0.21949953156034022,-0.06623659313927477
1925,-576460698026,0.7648297978971629,3.22746201758824,-0.21794600404670947,-0.06150173954120857
1926,-576460698009,0.7609048212481113,3.226368406792893,-0.21879335826012947,-0.06018634272726857
1927,-576460697991,0.7569646885731557,3.225282066066362,-0.21868320588304946,-0.06043106986708857
1928,-576460697976,0.7534632612397449,3.2243125201943186,-0.21858527159564947,-0.06064865189918857
1929,-576460697954,0.7495301539573529,3.223218765291831,-0.21847521094596947,-0.06089317524690857
1930,-576460697938,0.7482331195497256,3.221019838333856,-0.21760616404234862,-0.0616715687297919
1931,-576460697921,0.7443170551526052,3.219914018859323,-0.21746376120156863,-0.061183611198311894
1932,-576460697902,0.7404031196487235,3.218816862205019,-0.21732134254000862,-0.06069559945535189
1933,-576460697884,0.736484146992934,3.217726384465167,-0.2171786470147986,-0.06020663901149189
1934,-576460697866,0.7381083326618137,3.2212204094837547,-0.21580933695169752,-0.0583779486373369
1935,-576460697849,0.7342180447453867,3.220165085229328,-0.2158932560047575,-0.058730663072856897
1936,-576460697830,0.7303355313700891,3.2191059445697707,-0.2159769748403575,-0.0590825359880569
1937,-576460697813,0.726447623636887,3.2180394074126673,-0.2160607774879175,-0.0594347611675769
1938,-576460697794,0.7346464586310726,3.212061253420011,-0.21324479874662286,-0.05693062221124303
1939,-576460697776,0.7307689232194571,3.211072828115887,-0.21393768573234287,-0.05196276812960303
1940,-576460697759,0.7269522105612792,3.210190677499004,-0.21461751954250288,-0.04708850257368303
1941,-576460697741,0.7230777448066712,3.2093864040314326,-0.2153054447948229,-0.04215622307784303
1942,-576460697722,0.7281528984013546,3.216073200068399,-0.21339508792938564,-0.037536173375571295
1943,-576460697704,0.7243655677975749,3.215417117176207,-0.21382776641688564,-0.0364720490938713
1944,-576460697687,0.7205155000639497,3.214770803352927,-0.21426671666813563,-0.0353925001116413
1945,-576460697669,0.716619963066762,3.214137903529773,-0.21470993757563564,-0.0343024479286613
1946,-576460697647,0.7127852887669126,3.213523744618631,-0.21482512821538563,-0.0344916054056113
1947,-576460697638,0.7216001612904589,3.2099433664970767,-0.21225757492584782,-0.03626456344525473
1948,-576460697631,0.7175667400205712,3.2092525369558778,-0.2123801331214978,-0.03646581937298473
1949,-576460697614,0.7139317591145738,3.208627019418269,-0.21249052388244782,-0.03664709484697473
1950,-576460697598,0.7103165745719991,3.208002156514687,-0.21260025659549783,-0.03682728972378473
1951,-576460697581,0.7067374643850594,3.2073843967858124,-0.21224515701240784,-0.03650165904169474
1952,-576460697569,0.7194891121627671,3.2179069863152576,-0.2089285024610369,-0.0315495103237249
1953,-576460697561,0.7157259739670878,3.217341352369648,-0.2085485549695569,-0.0312010938042449
1954,-576460697544,0.7119707263080857,3.2167821539406796,-0.2081687128551269,-0.0308527739168149
1955,-576460697526,0.708206395628303,3.216216545731916,-0.2081014054444069,-0.031693749224154896
1956,-576460697509,0.7044836409554007,3.2156420385052904,-0.20803482000856688,-0.0325257037856349
1957,-576460697490,0.6993206930664161,3.2156264865242123,-0.20838424482374673,-0.033073378556709956
1958,-576460697472,0.6953616475220605,3.21498963140429,-0.20831352850070672,-0.03395694666408996
1959,-576460697454,0.691814745128726,3.2143686515990755,-0.20887094495666672,-0.03908231529948996
1960,-576460697437,0.6880466155992615,3.2136156720125806,-0.2094615034990167,-0.04451242091973996
1961,-576460697419,0.7007793653504067,3.226614481598757,-0.2057889891393423,-0.043446598019947893
1962,-576460697402,0.6970461191363156,3.2257779902815824,-0.20638282583069228,-0.048906845775197896
1963,-576460697385,0.693504991779757,3.2249066217405478,-0.20877953498280227,-0.0532525470420279
1964,-576460697367,0.6897573736082342,3.2239158845645433,-0.21128639244227226,-0.0577979686789379
1965,-576460697348,0.6851141390860852,3.2231639741487452,-0.21405532714923095,-0.06221500663808258
1966,-576460697330,0.6812379497916534,3.2220027016779635,-0.21658452335981096,-0.06680093278882258
1967,-576460697311,0.6773051153325632,3.2208227750074325,-0.22020295543741095,-0.06424378850514258
1968,-576460697294,0.67350132141847,3.219742494891624,-0.22364697619541093,-0.061809900620742576
1969,-576460697277,0.6832047495469803,3.230234534798775,-0.2237291353231572,-0.053862679463500984
1970,-576460697259,0.6791780367416264,3.229295451603053,-0.22731682439165718,-0.051327261250200984
1971,-576460697237,0.6750754155401744,3.2283923387822786,-0.22868197536959717,-0.04905206750100098
1972,-576460697223,0.6709433988056434,3.227529183511359,-0.23004871955474718,-0.046774218474000984
1973,-576460697205,0.6667837517671774,3.2267064852485423,-0.23141645001102717,-0.04449472570360098
1974,-576460697192,0.6721693777085843,3.2245766318305105,-0.22982420340631587,-0.04558156317597258
1975,-576460697187,0.6680377653464563,3.2237489678087785,-0.22990789430459588,-0.046514133022092584
1976,-576460697169,0.6639023488080378,3.222904067307009,-0.22999163176507587,-0.047447221712012586
1977,-576460697149,0.6597555330899487,3.2220403057369262,-0.23007556944301585,-0.04838254143027258
1978,-576460697133,0.6556099661410896,3.2211602749688804,-0.23015945124631584,-0.049317238535972585
1979,-576460697114,0.6634760397484086,3.2305292121910463,-0.2279257313455645,-0.04702962545305095
1980,-576460697097,0.6593978627465951,3.229667626410295,-0.22875702361676448,-0.04945254484385095
1981,-576460697079,0.6555369288649106,3.228815144052188,-0.22954125897384448,-0.051738310175070946
1982,-576460697061,0.651394190235092,3.2278610645420818,-0.23037976570764448,-0.05418225714177095
1983,-576460697044,0.6506786420029875,3.225486153577928,-0.22998187765265368,-0.06112731746205875
1984,-576460697026,0.6465359034213526,3.224330308222825,-0.2306038782687337,-0.06737847553393875
1985,-576460697008,0.6423493724780024,3.2230516255525163,-0.2312307542023337,-0.07367863095353874
1986,-576460696990,0.6384071942068416,3.2217467262806627,-0.2318194920137737,-0.07959549506437874
1987,-576460696974,0.647270325947456,3.231325012386322,-0.22727997325321725,-0.07457443010839337
1988,-576460696956,0.6431912644927765,3.22998245525891,-0.22589872407813724,-0.07458201111063338
1989,-576460696939,0.6391368437683103,3.2286396870687026,-0.22451739817551725,-0.07458959253399339
1990,-576460696920,0.6351088530084547,3.2272973045703384,-0.22313660936567725,-0.0745971710095134
1991,-576460696902,0.6431909036746248,3.2212874523289,-0.21921609917936882,-0.07586679631790061
1992,-576460696884,0.6392897809512891,3.219946502378167,-0.2189153836750488,-0.07473405169790061
1993,-576460696866,0.6353142201406266,3.2185988641036816,-0.21860850458362882,-0.07357808988415061
1994,-576460696848,0.6316380855284123,3.2173571477559766,-0.21832435477504883,-0.07400809276333062
1995,-576460696830,0.6279333550151344,3.2160962108852287,-0.21783417045192882,-0.07444220989125062
1996,-576460696813,0.6405694992861096,3.2289833578167233,-0.2131229159190214,-0.06838475327153727
1997,-576460696795,0.6367354100271576,3.227747466316139,-0.2126031843421414,-0.06884503804361727
1998,-576460696777,0.6329131249333879,3.226507756564435,-0.2122131639512414,-0.06893876320161728
1999,-576460696759,0.629054646786255,3.225252277492511,-0.2118187221010614,-0.06903355087321728
2000,-576460696740,0.6308625366908038,3.2217318708035605,-0.209683673725726,-0.07029646545865362
2001,-576460696723,0.6270852536331011,3.2204635085652855,-0.20929287307730599,-0.07039037811905362
2002,-576460696705,0.6235341583226938,3.219259184589849,-0.209665988462026,-0.07169598047425361
2003,-576460696688,0.6197458916932406,3.2179524527927903,-0.210063292957636,-0.07308622517185362
2004,-576460696669,0.6247638933486828,3.2241702644061627,-0.20823841153432932,-0.07103331264576333
2005,-576460696652,0.6209849136201026,3.222869772724712,-0.2086374548286293,-0.07242964173376333
2006,-576460696633,0.6172300625157706,3.2215655661166145,-0.2081283040183593,-0.07232940239714333
2007,-576460696615,0.6135182280972331,3.220274939148604,-0.2076237589898793,-0.07223006982626333
2008,-576460696597,0.6224366214192508,3.21420379661894,-0.20332691640887,-0.07465186665145457
2009,-576460696580,0.618780097540045,3.2128605169116757,-0.20281813293089,-0.07455169963357457
2010,-576460696561,0.6151285060469281,3.2115174459113,-0.20311722287110998,-0.07475306390107457
2011,-576460696544,0.6114410209927503,3.2101595088762465,-0.20341880647432997,-0.07495610704357457
2012,-576460696523,0.6077148582659968,3.208785637345378,-0.20372309985800996,-0.07516097456357457
2013,-576460696513,0.620886932519717,3.2200602195417503,-0.20040689208038057,-0.07004607828635094
2014,-576460696506,0.6171374893888372,3.2187494461097876,-0.20053874561196056,-0.07012110686709094
2015,-576460696490,0.6137618251824182,3.217568880120639,-0.20065738065604055,-0.07018861373533095
2016,-576460696472,0.6101492518218316,3.2163049757190794,-0.20078426403632055,-0.07026081415217095
2017,-576460696454,0.6065319838798902,3.215038927857954,-0.20091123201492056,-0.07033306270797095
2018,-576460696442,0.6207434441114205,3.2097092113029277,-0.1966457903765916,-0.07317076062303543
2019,-576460696435,0.6172035293408481,3.2083853711610915,-0.19650334007347162,-0.07385724269063543
2020,-576460696419,0.6140404580398114,3.2071911799459913,-0.1963759669736916,-0.07447106622753542
2021,-576460696402,0.6105315013767592,3.2058539195175917,-0.1962345687524416,-0.07515247820878543
2022,-576460696383,0.6069997762537316,3.2044946959610074,-0.1960921500908816,-0.07583880779258542
2023,-576460696366,0.615983211353606,3.2138508752715604,-0.1930662626249094,-0.07144404003498185
2024,-576460696348,0.6125094848619659,3.21256177430037,-0.1931823048560594,-0.07189292234789185
2025,-576460696331,0.6091993254330373,3.211326587045183,-0.1932928181945594,-0.07232041742879185
2026,-576460696311,0.6054975521004119,3.2099374390922075,-0.1934163312048094,-0.07279819870864185
2027,-576460696292,0.6143688342831726,3.20388729036524,-0.18949774979977332,-0.07558521119723079
2028,-576460696276,0.6111501168832504,3.202600812328866,-0.18935316827017332,-0.07583640325355079
2029,-576460696257,0.6077448410804207,3.201234047152652,-0.1892000864493733,-0.07610236348691078
2030,-576460696241,0.6045255099148298,3.1999364910512536,-0.1890552496557733,-0.07635399903203079
2031,-576460696222,0.6161836965801273,3.2113892642250783,-0.18526510647276798,-0.07084036860702819
2032,-576460696205,0.6130374444746038,3.2101841366748354,-0.18525271788375797,-0.07108126481967819
2033,-576460696188,0.609701346570579,3.208901733981126,-0.18523958085852796,-0.07133671438062819
2034,-576460696170,0.6065518234228626,3.2076867454355615,-0.18522717768011795,-0.07157789428427819
2035,-576460696153,0.603219166023288,3.2064014428129184,-0.18517097731566795,-0.07127318908812819
2036,-576460696141,0.6126800345671324,3.202865454961413,-0.18231996684487958,-0.07317897618214995
2037,-576460696136,0.6095775833501226,3.2016224742233748,-0.1822668146357896,-0.07289079736951995
2038,-576460696119,0.6062992909472724,3.20031398142657,-0.1822106330099996,-0.07258619376998995
2039,-576460696099,0.6030266471263521,3.1990006885152495,-0.1818209377263996,-0.07349755609878995
2040,-576460696082,0.5999351940066724,3.1977424185141206,-0.18145204930999959,-0.07436025836998995
2041,-576460696065,0.6121405632054755,3.209615892423716,-0.1771869246402673,-0.0693528677192949
2042,-576460696046,0.6089637263855674,3.2083629128815634,-0.17679790124508732,-0.0702626587337349
2043,-576460696029,0.6057820755954471,3.2070995339283814,-0.1768170795962873,-0.07015178452068489
2044,-576460696009,0.60242288922542,3.2057679722575654,-0.17683732583900733,-0.07003473659485489
2045,-576460695992,0.6081281649301756,3.2011804600638425,-0.17417350279287502,-0.07172634939743247
2046,-576460695974,0.6051667129971331,3.1999618592017423,-0.17419162284439502,-0.07162159344465246
2047,-576460695958,0.6022110329587135,3.198742687974815,-0.174006532120515,-0.07200463344198246
2048,-576460695941,0.5992525852828073,3.1975145526839155,-0.173821070713675,-0.07238844055717246
2049,-576460695922,0.614115352732294,3.2115151307446523,-0.16910162080381863,-0.06596202890707131
2050,-576460695903,0.6109748197711916,3.210285462667484,-0.16889902076129862,-0.06638130394214131
2051,-576460695887,0.6081080821420041,3.2091577826986106,-0.1686223342969886,-0.06638845750758131
2052,-576460695868,0.6052445294756149,3.2080293836516045,-0.16834550123950862,-0.0663956148631013
2053,-576460695852,0.6022110673093187,3.2068318702505447,-0.1680517448149586,-0.06640320976230131
2054,-576460695832,0.6067649821714312,3.2026526804882995,-0.16540226134173705,-0.06799678015221947
2055,-576460695815,0.6039595271942365,3.2014981214918206,-0.16541018806508706,-0.06814601761667946
2056,-576460695797,0.6009719775628732,3.2002659011748076,-0.16541862887343706,-0.06830493382713947
2057,-576460695780,0.5980024724569079,3.199038341642388,-0.16542701827328707,-0.06846288216299946
2058,-576460695762,0.6082198142576054,3.2089434197560185,-0.16217813318256744,-0.06369295565649875
2059,-576460695746,0.6054258482647786,3.2078409999540565,-0.16162855312753743,-0.06407198633365875
2060,-576460695728,0.6025651795832234,3.2067015514316743,-0.16106390954083744,-0.06446140592605874
2061,-576460695710,0.5996713488821516,3.2055377528331896,-0.16049069916762743,-0.06485673380217874
2062,-576460695691,0.6070226665850824,3.200535994276604,-0.15746756820768373,-0.06720286420147083
2063,-576460695674,0.604191689046581,3.199325798731922,-0.15754050328462374,-0.06745781730317083
2064,-576460695655,0.6013541993273313,3.198108786131043,-0.15761357226929373,-0.06771323849502082
2065,-576460695639,0.5985164976612639,3.1968876499410324,-0.15768661284929372,-0.06796856039502082
2066,-576460695618,0.5956794573855462,3.1956619111884756,-0.15766272030445372,-0.06827761895882081
2067,-576460695608,0.6114890777640417,3.20901419652428,-0.15371016916523422,-0.06236479423498578
2068,-576460695599,0.608717284503306,3.207886716693839,-0.15368622217731423,-0.06267455703938578
2069,-576460695584,0.6061035812958083,3.206818263472446,-0.15366363759427423,-0.06296669665218578
2070,-576460695568,0.6034974833378572,3.205747814686851,-0.15364111542159423,-0.06325802896478577
2071,-576460695550,0.6008879576071026,3.204672822959931,-0.15334385378664422,-0.06320414701544577
2072,-576460695532,0.6069186536477886,3.2002270397993806,-0.1503703687692238,-0.06495685503680858
2073,-576460695514,0.6041917112106701,3.199048335309115,-0.1500529469869238,-0.06489931883844857
2074,-576460695495,0.6015151532114651,3.197889998322946,-0.14974073571972382,-0.06484272710340858
2075,-576460695477,0.5986588473571576,3.1966458649595917,-0.14989795867392383,-0.06567218119500857
2076,-576460695460,0.6125886189963469,3.2094366189186982,-0.14592158229690086,-0.06026925109213873
2077,-576460695444,0.6101092435010375,3.2084067920850527,-0.14606163566334085,-0.06100812435925873
2078,-576460695425,0.6074739731599422,3.2072995586361683,-0.14621034804378086,-0.06179267959837873
2079,-576460695407,0.6048457478743153,3.2061864384816494,-0.14586336264432087,-0.06190795434271873
2080,-576460695389,0.6114668766183075,3.2015723577698285,-0.14271088122401973,-0.06393832971335542
2081,-576460695371,0.6087850416725519,3.2003681602999534,-0.14234810535713974,-0.06405885033287542
2082,-576460695354,0.6063689040103589,3.199278683464021,-0.14202047725839972,-0.06416769423633542
2083,-576460695333,0.6038127574350114,3.198119492873255,-0.14196425503217971,-0.06461695088819543
2084,-576460695319,0.6013998163888593,3.1970173985762704,-0.14191116216217972,-0.06504120169819542
2085,-576460695300,0.6153875721965033,3.209800759986881,-0.13772007267967992,-0.059349262362194774
2086,-576460695282,0.6129106804521234,3.20873266939807,-0.13785755798119992,-0.05948591663323478
2087,-576460695265,0.6104212436134249,3.207657769844151,-0.13799560160642993,-0.05962312585319478
2088,-576460695247,0.6080804288563555,3.206645767058393,-0.13812527802427993,-0.05975201844139478
2089,-576460695231,0.6056927586863685,3.205612236967984,-0.13825742483333994,-0.05988336648851478
2090,-576460695218,0.6116431474105379,3.2033563887611836,-0.13645749217332814,-0.06112286802175135
2091,-576460695213,0.609225268197098,3.202269280390781,-0.13604101041202815,-0.06139582581377135
2092,-576460695195,0.6067770771569203,3.201160183595192,-0.13561800425482815,-0.06167305962665135
2093,-576460695176,0.604207004341067,3.199986734498011,-0.13517251474772815,-0.06196502879199135
2094,-576460695158,0.6017813393222022,3.1988705527233314,-0.13475070551207816,-0.062241478155001355
2095,-576460695147,0.6148695188129423,3.2098368288482395,-0.13147621066466145,-0.057431526453025336
2096,-576460695141,0.6125016073278198,3.2087971604047754,-0.13137681537991144,-0.05797819142056534
2097,-576460695124,0.610401859888707,3.2078663271763896,-0.13128861358091146,-0.058463293241125334
2098,-576460695105,0.6080366723942199,3.206807774340534,-0.13118919071241145,-0.059010109916765335
2099,-576460695087,0.6056773404841228,3.2057412130246954,-0.13108993886316145,-0.059555986002185334
2100,-576460695069,0.612535592422175,3.201174361892165,-0.12808654086692084,-0.06117640942837791
2101,-576460695051,0.6102303324739083,3.2000751383015706,-0.12786859689654084,-0.06087139944236791
2102,-576460695034,0.6079318066676727,3.19898274132052,-0.12765091910988086,-0.06056676197729791
2103,-576460695015,0.605635667904472,3.1978951019278283,-0.12743309613210085,-0.060261921318987915
2104,-576460694997,0.62088497774333,3.211496240758895,-0.12267427790169126,-0.054327297606522905
2105,-576460694979,0.6186757550234602,3.2105119452486797,-0.12230495472969126,-0.0548205744510429
2106,-576460694961,0.6164809973386771,3.209522293027768,-0.12193694208569127,-0.0553121009230829
2107,-576460694944,0.6142860762134513,3.208524861502254,-0.12184837753731127,-0.0554705419951029
2108,-576460694925,0.6216234962476014,3.203890095621665,-0.1188810376477377,-0.05763126990141246
2109,-576460694907,0.6194841967560168,3.2028511917688034,-0.11879249769105771,-0.05778966697913246
2110,-576460694891,0.6173466098646927,3.201809494399808,-0.11870396265271771,-0.05794805525799246
2111,-576460694872,0.6152152781847837,3.2007636297190145,-0.11828182485036771,-0.058343119567552455
2112,-576460694853,0.6260354141990454,3.210436503756295,-0.11459661578515737,-0.054057321252952255
2113,-576460694835,0.6238938211508,3.2094204843348413,-0.11415718129295736,-0.05446857294207225
2114,-576460694818,0.6219599531033292,3.2084929900630494,-0.11375891151445737,-0.054841299985672255
2115,-576460694798,0.6199147520298443,3.2075042432457646,-0.11342254624560737,-0.054988949087922255
2116,-576460694778,0.6178745894381528,3.2065123417766777,-0.11308601284082737,-0.05513667199422226
2117,-576460694764,0.6199716338840634,3.2040289405216833,-0.11155471463022885,-0.05612718745724344
2118,-576460694747,0.6180826864647411,3.2030760128258935,-0.11123792785633885,-0.05626624248789344
2119,-576460694731,0.616188891259639,3.2021153835379272,-0.11128662476712885,-0.056609533079543445
2120,-576460694712,0.6141834871231231,3.2010922330575133,-0.11133816836296885,-0.056972891477943446
2121,-576460694692,0.6287315306045459,3.2138377792537964,-0.10721009748547308,-0.05132996541903104
2122,-576460694676,0.6267983893053113,3.2129091768365723,-0.10726167255220308,-0.05169354567258104
2123,-576460694657,0.6247676382402915,3.2119256641937213,-0.10690739146592308,-0.05203063096222104
2124,-576460694638,0.6228300264780059,3.210978223437819,-0.10656826129511308,-0.05235330071875104
2125,-576460694621,0.6314150613014886,3.206006541117163,-0.10307196653337372,-0.05489623884880086
2126,-576460694602,0.6295596840660005,3.2050167344415583,-0.10306960732231372,-0.05507617108448086
2127,-576460694584,0.6277012572812863,3.2040220311181815,-0.10306724417945372,-0.05525640319056086
2128,-576460694567,0.6258508091026294,3.203028346620986,-0.10306489112821372,-0.05543586562928086
2129,-576460694548,0.623994322481136,3.2020281587334116,-0.10306253034443372,-0.055615917813120856
2130,-576460694536,0.6445687647374265,3.2188867095885807,-0.09788512586601393,-0.04828677187792039
2131,-576460694529,0.6427094705003769,3.217962036297747,-0.09787126885389393,-0.04906775442592039
2132,-576460694513,0.6410479172335452,3.2171230385009166,-0.09785888391223392,-0.049765770939920385
2133,-576460694495,0.6392816832105042,3.2162180689763598,-0.09784571697873393,-0.050507860589920385
2134,-576460694473,0.6374267573639953,3.2152531015434067,-0.09783188695700393,-0.05128732195692039
2135,-576460694457,0.6488229749054275,3.2091508963782944,-0.0937317600242836,-0.054468213932069444
2136,-576460694441,0.6472321828939395,3.2082232130491595,-0.0936075806679436,-0.05478024972392944
2137,-576460694422,0.6455470288440236,3.207233365393453,-0.0934758553482436,-0.05511124688522944
2138,-576460694404,0.643772867426495,3.2061832680620443,-0.0933369716001236,-0.05546023162470944
2139,-576460694386,0.6575224133532245,3.217675759153124,-0.08941992177636604,-0.05061689597798391
2140,-576460694369,0.655976720180585,3.216795891805835,-0.08939696538692604,-0.05117247784078391
2142,-576460694332,0.6526986664020562,3.2148993212701145,-0.08902534546874603,-0.05194328239483391
2143,-576460694312,0.6586845218725378,3.2108304118418762,-0.0863290641590687,-0.0538099570229556
2144,-576460694298,0.6574232468110437,3.2100419506995292,-0.0860469180049487,-0.0539474766721356
2145,-576460694280,0.6559633209101342,3.2091235397978135,-0.08571917422512869,-0.0541072208648656
2146,-576460694263,0.654421263729048,3.2081471681101807,-0.08554439542016869,-0.0543303277394256
2147,-576460694244,0.6528744146323081,3.207161705190954,-0.08536871399254868,-0.0545545868207456
2148,-576460694232,0.6678819477738921,3.219171932250185,-0.08157137498138715,-0.04935114627354428
2149,-576460694228,0.6665047775477708,3.2183361286213192,-0.08140735000338715,-0.04956052578154428
2150,-576460694209,0.6650422360489744,3.2174427788390205,-0.08123279442768716,-0.04978334770174428
2151,-576460694193,0.6637462406499189,3.2166461536250885,-0.08066544405518716,-0.04973260656834428
2152,-576460694175,0.6622984829739245,3.2157505363049,-0.08002690024743717,-0.04967549823088428
2153,-576460694155,0.6654398973179776,3.21285687139682,-0.07789275502770512,-0.05065755981826857
2154,-576460694137,0.6640353797433054,3.2119401851167364,-0.07725112817920513,-0.05060017574822857
2155,-576460694119,0.6626556046929035,3.211030890210378,-0.07651851969796512,-0.05073660195806857
2156,-576460694102,0.6613661482448209,3.2101709318028444,-0.07582746896964512,-0.05086528929118857
2157,-576460694085,0.672625355973683,3.2193170662932844,-0.07195365048190544,-0.04665860788104582
2158,-576460694065,0.6713358065215635,3.218475324683976,-0.07121826604074544,-0.046795551029605816
2159,-576460694049,0.6700458319015556,3.2176268617029575,-0.07105311589460543,-0.04678148448580582
2160,-576460694032,0.6687663662898317,3.2167836111553045,-0.07088893111272543,-0.046767500166205817
2161,-576460694014,0.6737850841899639,3.213427820102466,-0.0688376973161265,-0.04814119731295496
2162,-576460693997,0.6725472063112963,3.2125612117053004,-0.0686737311072865,-0.04812723161015496
2163,-576460693978,0.6713121383709465,3.211692381226817,-0.0685636643424465,-0.04841485167037496
2164,-576460693959,0.6700516705724788,3.2107988916077956,-0.06845115151360649,-0.048708863642594954
2165,-576460693941,0.6687722932236466,3.209884947826644,-0.06833676133064649,-0.04900778140727495
2166,-576460693929,0.6832342913432383,3.2213367530045947,-0.06466148710561213,-0.04405086659372122
2167,-576460693922,0.6820777345349817,3.220543381613335,-0.06456273728061214,-0.04459398159172122
2168,-576460693905,0.6809695542534056,3.219772914654223,-0.06446797606586215,-0.04511515959846122
2169,-576460693888,0.6798866914018306,3.2190102875382363,-0.06437524501511215,-0.04562517188904122
2170,-576460693871,0.6787283807735891,3.2181837959018025,-0.06427590489786214,-0.04617153344038122
2171,-576460693852,0.6828052805610562,3.2152160869396837,-0.06251629586886577,-0.04745856610840451
2172,-576460693835,0.6816868923137888,3.2143647912857407,-0.06233168886738577,-0.04757332202992451
2173,-576460693815,0.6805670261908026,3.213507767663717,-0.06214628845559577,-0.047688571153384506
2174,-576460693799,0.6794401486528069,3.212640687036911,-0.06195916727079577,-0.047804889948584506
2175,-576460693780,0.6919415325827887,3.222515439768124,-0.05843760634099064,-0.04384950024428169
2176,-576460693763,0.6908896945614479,3.2217195198545783,-0.05838136537611064,-0.04454675847916169
2177,-576460693744,0.6898381694261345,3.22091050078375,-0.05832508693391064,-0.045244481346361685
2178,-576460693726,0.6887900474521228,3.2200907923446844,-0.05826893653922064,-0.04594061671980169
2179,-576460693708,0.688885263269603,3.2187910888760705,-0.05803095559223047,-0.04678651554529426
2180,-576460693691,0.6878393509221472,3.2179432968530812,-0.05813635128351047,-0.04737597937211426
2181,-576460693672,0.6867917154396932,3.217085034251145,-0.05824172941567047,-0.04796534499315426
2182,-576460693653,0.6856844745774923,3.2161681240922477,-0.05835289620439047,-0.04858708578633426
2183,-576460693635,0.6965849820788732,3.2246671007596928,-0.055192020140293147,-0.04472972642579813
2184,-576460693617,0.6956477115532452,3.2239051679341797,-0.05508807465061315,-0.04491997654079813
2185,-576460693599,0.6946025267246196,3.2230499840618188,-0.05497192941673315,-0.04513255569329813
2186,-576460693581,0.69361365789212,3.2222349280122957,-0.05496957177839315,-0.04548460474065813
2187,-576460693564,0.6926777099918237,3.221457624757823,-0.05496734021977315,-0.04581782721713813
2188,-576460693551,0.700487354763075,3.2182660826854534,-0.052628387824363264,-0.0475714736290226
2189,-576460693546,0.6995400123879278,3.217406577857503,-0.05262602861330326,-0.0479237575192626
2190,-576460693530,0.6986468096823355,3.2165903489970553,-0.05262380413192326,-0.0482559232027826
2191,-576460693512,0.6977523818149917,3.2157691314029964,-0.05262157650510326,-0.0483749639018926
2192,-576460693494,0.6967954274974457,3.2148882261521146,-0.05261919304794326,-0.0485023319170726
2193,-576460693475,0.7104982631053097,3.225450681001234,-0.04885391103988214,-0.043660165407304406
2194,-576460693458,0.7096254111958817,3.224669486942588,-0.04885156939086214,-0.0437852992645144
2195,-576460693440,0.70875196582966,3.223881622686644,-0.04831127239362214,-0.0438574234613344
2196,-576460693422,0.7078869446577699,3.2230912756105163,-0.047770164004262136,-0.0439296559708144
2197,-576460693402,0.7104032544080918,3.2208345124380098,-0.04617642636182111,-0.04478501308158956
2198,-576460693384,0.7095665886024525,3.220017549633939,-0.04562867657770111,-0.04485813215024956
2199,-576460693367,0.7087553281355683,3.2192193332501127,-0.04563698512600111,-0.04494008855246956
2200,-576460693347,0.7079342431465512,3.218410115068241,-0.04564539275250111,-0.04502302227256956
2201,-576460693330,0.7162326578840896,3.2246585816413917,-0.04331800486526478,-0.04205460647431619
2202,-576460693313,0.7154262122508764,3.2238742106591975,-0.043326704585514776,-0.04221839725321619
2203,-576460693294,0.7146457791713232,3.2231123879482433,-0.043335122026364775,-0.04237687352067619
2204,-576460693276,0.7138716093239655,3.222354006056639,-0.04334347029941477,-0.04253404755685619
2205,-576460693258,0.7136224078829861,3.221358013679328,-0.0431915655695685,-0.042815945304971216
2206,-576460693240,0.7128537330145617,3.2205922373034612,-0.0429007084321585,-0.04295169493325122
2207,-576460693222,0.7120839032950035,3.219817616732856,-0.0426074243633785,-0.043088577265491215
2208,-576460693203,0.711313219069274,3.2190342636874183,-0.0423117785157485,-0.04322656189353122
2209,-576460693186,0.7105550020703484,3.2182557345827982,-0.042018885362088504,-0.04336326177681122
2210,-576460693168,0.7183189968516641,3.224091557390016,-0.03986973757683619,-0.040757606034464954
2211,-576460693150,0.7176007754849727,3.2233553205231944,-0.03991047532973619,-0.041023773229264954
2212,-576460693133,0.7168824598541601,3.222614951953185,-0.03995117688135619,-0.04128970389670496
2213,-576460693114,0.7161624122454674,3.221868760660915,-0.039991934997476185,-0.041556004138144954
2214,-576460693096,0.7219312049842874,3.218405536417199,-0.03788044762522474,-0.04322013349997626
2215,-576460693079,0.7212558687735394,3.2176316400355733,-0.037707017901444734,-0.04339874630589626
2216,-576460693060,0.7205718089797697,3.216840824657688,-0.03753053090736473,-0.04358050775101626
2217,-576460693041,0.7199046680132366,3.216059534845889,-0.037357605875824734,-0.04412110439455626
2218,-576460693024,0.7349333937703426,3.227341115993394,-0.033144397999963854,-0.03942303276099514
2219,-576460693006,0.7343395892003779,3.2266281848042597,-0.03298083250836385,-0.03996796825619514
2220,-576460692989,0.7337463922636388,3.225902590080989,-0.03281662040485385,-0.04051505800641514
2221,-576460692971,0.7331561990401714,3.2251683067520136,-0.032760404424853846,-0.04107197854641514
2222,-576460692952,0.731701673853114,3.2247897634955263,-0.03296189134220306,-0.04142913473599529
2223,-576460692935,0.7311227851328601,3.2240567841187655,-0.03290699643773306,-0.04197296764330529
2224,-576460692918,0.7305125034953914,3.2232723517330557,-0.03284902526991306,-0.04254727648016529
2225,-576460692899,0.7299228866183808,3.2225046599443075,-0.03262031483787306,-0.04269498298556529
2226,-576460692881,0.7391137883324741,3.229200308959045,-0.029866336170462693,-0.039600054220871164
2227,-576460692864,0.7385777178259968,3.228485464050919,-0.029637549552402692,-0.039747809928971166
2228,-576460692845,0.7380458578231497,3.227768076567105,-0.02940880102735269,-0.03989554103572117
2229,-576460692826,0.737517096493182,3.227051518229188,-0.02946019585171269,-0.03988160636092117
2230,-576460692808,0.7369819227012343,3.2263277948402536,-0.02951212282021269,-0.03986752740592117
2231,-576460692795,0.739727666835319,3.225166955665264,-0.028695618571297047,-0.04050150306705698
2232,-576460692790,0.7391861023904135,3.224403437709886,-0.028749562537747048,-0.04048687724355698
2233,-576460692772,0.7386915035034376,3.2237076233717747,-0.02879874009485705,-0.04047354373625698
2234,-576460692755,0.7382096254117972,3.2230254311678137,-0.02862580755936705,-0.04082207730423698
2235,-576460692740,0.7377243049119742,3.222328207962394,-0.028450577225187047,-0.04117524192659698
2236,-576460692726,0.7499419593947325,3.231585870839855,-0.025280798591899214,-0.03714604356602143
2237,-576460692719,0.749459219794051,3.2308699653526762,-0.025083270336799215,-0.03754414810622143
2238,-576460692703,0.7490579106413287,3.230264631197324,-0.024917870047239214,-0.03787750095334143
2239,-576460692685,0.7486164792589056,3.2295878123312103,-0.024745333240499212,-0.03826795284810143
2240,-576460692667,0.7481729058485568,3.2288958563263854,-0.024570738842319213,-0.03866306108542143
2241,-576460692648,0.7470208816353968,3.228451871789687,-0.024590288570141186,-0.038919887601775956
2242,-576460692630,0.7466030140406504,3.2277887502348777,-0.024567713282261185,-0.03908982415745595
2243,-576460692614,0.7461825848413748,3.227118028345431,-0.024544978648781184,-0.039260960194735954
2244,-576460692598,0.7457683076457686,3.2264536427024986,-0.024522556067101183,-0.03942974724721595
2245,-576460692579,0.7581347386984401,3.235438639736688,-0.0211669524280225,-0.035380743529807794
2246,-576460692563,0.7577768191249484,3.2348330991776684,-0.020951142828702498,-0.035876088550607796
2247,-576460692544,0.7574225467160799,3.2342191033632273,-0.0207353205317125,-0.036371462716207795
2248,-576460692527,0.7570508347975166,3.2335587362690874,-0.020506432332292497,-0.036896826881007795
2249,-576460692510,0.7566838977055494,3.232890096455704,-0.020277950458312495,-0.037421258412207795
2250,-576460692496,0.757852643071046,3.2323868936407645,-0.019931331259276555,-0.03769506986961704
2251,-576460692490,0.7574759353917302,3.231666760945274,-0.019724195801716554,-0.03811236162573704
2252,-576460692473,0.7571231152083563,3.2309780659590053,-0.019528202637836556,-0.038507206296497044
2253,-576460692453,0.756772735807454,3.2302800943007965,-0.019331598937316556,-0.038903280944537044
2254,-576460692436,0.7564272221017077,3.2295776918317105,-0.019135747505156557,-0.039297840084857046
2255,-576460692418,0.765604859215693,3.2360585495653202,-0.016768921779974907,-0.03656306493150754
2256,-576460692400,0.7652981910761744,3.2353884776418322,-0.016886493004774905,-0.03697424010446754
2257,-576460692382,0.7649973715162802,3.234728481115168,-0.017001032048074904,-0.037374811001127536
2258,-576460692366,0.764707473069029,3.2340899623522525,-0.017110687343724906,-0.03775830224425754
2259,-576460692347,0.7639912171153495,3.2335865004445385,-0.017046452550183337,-0.03784160648941246
2260,-576460692332,0.7637198265535833,3.2329798312967224,-0.016881608678243336,-0.03800151737805246
2261,-576460692313,0.7634094135983722,3.232275398205668,-0.016691066555483337,-0.03818635749261246
2262,-576460692294,0.7631019631362203,3.2315662424247193,-0.016500174095703337,-0.03837153746029246
2263,-576460692276,0.7735395241495454,3.238928079839118,-0.013702731911697944,-0.03505250913653661
2264,-576460692259,0.7732928266867223,3.2382953919975863,-0.013711143276997944,-0.03525395175153661
2265,-576460692241,0.7730459092383675,3.237658901314758,-0.013719556979047944,-0.03545545032903661
2266,-576460692222,0.7728289699864631,3.237088956288788,-0.013372450751747944,-0.03572095004188661
2267,-576460692206,0.7725918549260937,3.2364435096371005,-0.012982452034667944,-0.036019257992746606
2268,-576460692192,0.778090606304912,3.2340457491740784,-0.011356471412187298,-0.03731869909410408
2269,-576460692189,0.7778895145536394,3.2333706874303982,-0.010965974197247298,-0.037617388343334085
2270,-576460692171,0.777695743936467,3.2326912679305666,-0.010576062175447298,-0.037915629981434086
2271,-576460692153,0.7775051897994248,3.2320005000403524,-0.010377768596727299,-0.03804301200387408
2272,-576460692134,0.7773219584606128,3.2313213470532043,-0.010183454408607299,-0.03816783770136408
2273,-576460692116,0.7843268804296949,3.235985644413378,-0.008101370531213101,-0.03594981656786002
2274,-576460692098,0.7841768093109779,3.23530995735299,-0.007896829854373101,-0.03608121167029002
2275,-576460692079,0.7840370120396728,3.234655589454723,-0.007624990087343101,-0.03657385947470002
2276,-576460692062,0.7839095310604826,3.2340296966364352,-0.007368362360793102,-0.03703893891255002
2277,-576460692044,0.7847068955633203,3.2329488781936977,-0.0068227144144297055,-0.03775260374121991
2278,-576460692027,0.7845932148723747,3.2323038580456775,-0.0065664488793197055,-0.03821702678938991
2279,-576460692009,0.7844766148441803,3.2316093107455317,-0.006358950543619705,-0.03877524681064991
2280,-576460691991,0.7843634816972539,3.230902922002428,-0.006150934669669705,-0.03933485913325991
2281,-576460691973,0.7924025732314033,3.2362221116370034,-0.003802893183210241,-0.037250566862339345
2282,-576460691957,0.792340249872487,3.2355913315269724,-0.003609494889610241,-0.03777085440681934
2283,-576460691938,0.7922753721716378,3.234907086880414,-0.003585547901690241,-0.03811299238903934
2284,-576460691921,0.7922110652342143,3.2342181718531413,-0.0035616527010902408,-0.03845439046988934
2285,-576460691903,0.7921471670644045,3.2335228805923304,-0.003537749533210241,-0.03879590238171934
2286,-576460691890,0.7920269497197605,3.233576051730971,-0.00357319211196545,-0.038767224631842546
2287,-576460691884,0.7919637868105514,3.2328736238742306,-0.0034305124075354504,-0.039120213050722545
2288,-576460691866,0.7919034473133018,3.232167829072172,-0.003288433892745451,-0.039471714131362544
2289,-576460691849,0.7918455590089343,3.231454446606297,-0.003146102245475451,-0.03982384145968254
2290,-576460691831,0.7917901746076825,3.2307339649664644,-0.0030036203007954513,-0.04017634062256254
2291,-576460691818,0.7985519886851876,3.2357094053982323,-0.0012230572648044983,-0.037994195793487645
2292,-576460691811,0.7985311669269481,3.235020709140762,-0.0010915001206444983,-0.038561635405967645
2293,-576460691795,0.7985127063853201,3.2343215687347664,-9.598991046044984e-4,-0.03912926424908764
2294,-576460691776,0.7984966168837059,3.2336123312353893,-8.283200245044985e-4,-0.039696798476887646
2295,-576460691758,0.7984821999944297,3.232852479967903,-6.894070284644985e-4,-0.04029596576000764
2296,-576460691739,0.7978373167975218,3.232406260628484,-8.194899160591325e-4,-0.04051784252104536
2297,-576460691721,0.7978229002652708,3.2316643740525586,-7.625712363091323e-4,-0.04089632218954536
2298,-576460691703,0.7978098240882953,3.230933294663677,-7.069923707491321e-4,-0.041265892789305356
2299,-576460691687,0.7977982813578234,3.2302303551505416,-6.540181789291318e-4,-0.041618143661025356
2300,-576460691669,0.8101338143333433,3.23860388002911,0.0028503577326829724,-0.03819201260270985
2301,-576460691652,0.8101845659573723,3.2379472797146067,0.0030976790711829726,-0.03876085168125985
2302,-576460691634,0.8102425511319993,3.2372456012990827,0.0033580295267829725,-0.03935965772913985
2303,-576460691616,0.8103052675195408,3.2365325665510074,0.0036185973758829726,-0.03995896378206985
2304,-576460691597,0.8103743356683336,3.2357685581267037,0.0036551795492729727,-0.04050108827455985
2305,-576460691585,0.8101228169655844,3.235881679965403,0.003581243620756784,-0.04044039438836236
2306,-576460691580,0.8101876167212031,3.2351488416709273,0.003615930324786784,-0.04095442923309236
2307,-576460691562,0.810253008224826,3.234407120366023,0.003650599692206784,-0.04146820716031236
2308,-576460691542,0.8103201028412212,3.2336576557872236,0.003814310899166784,-0.04191681495799236
2309,-576460691526,0.8103865280707356,3.232938626893633,0.003969743652236784,-0.04234273781530236
2310,-576460691508,0.8183529617359995,3.2379598309824376,0.006220511649469306,-0.04024522745456007
2311,-576460691491,0.8184671788977922,3.237226449818368,0.006385543401879306,-0.04069745386209007
2312,-576460691472,0.8185835108715296,3.2364939145354605,0.006623343792679306,-0.04121870861009007
2313,-576460691456,0.818698042698346,3.23578890163709,0.006849403744839306,-0.041714228499690066
2314,-576460691437,0.8156132075848137,3.236490481338904,0.0061462539204164696,-0.041459323307251224
2315,-576460691420,0.8157260452054335,3.2357391561894033,0.00638568972905647,-0.04198416286565122
2316,-576460691401,0.8158351445367283,3.2350160091019298,0.00634691589559647,-0.042411832638061225
2317,-576460691384,0.8159507439902965,3.2342368512600643,0.00630557177125647,-0.04286785234695122
2318,-576460691365,0.8241748070009902,3.239342879409071,0.008411598284843691,-0.04073054492460015
2319,-576460691349,0.8243174604827492,3.2386469363230095,0.00837313895000369,-0.041154745822740146
2320,-576460691331,0.8244617595252549,3.2379409378677018,0.00859922549432369,-0.041884357365660145
2321,-576460691313,0.824618964711744,3.237178788581386,0.00883895381672369,-0.042657992752560145
2322,-576460691295,0.824781627139029,3.2363972613603065,0.00908034414912369,-0.04343699166821015
2323,-576460691282,0.8280182210817176,3.2349287871945154,0.01002899899803699,-0.04422121504608473
2324,-576460691276,0.8282094037623788,3.2340885848115097,0.01027933759227699,-0.04502909120052473
2325,-576460691258,0.8283973655231295,3.2332660813216383,0.01041218164491699,-0.045515106275404726
2326,-576460691241,0.828573680236387,3.232496089603174,0.010535271516236991,-0.04596543530284473
2327,-576460691222,0.8287642009944652,3.2316656785840894,0.010666682420796991,-0.046446207150364724
2328,-576460691211,0.8345240407912415,3.235813482770449,0.012196490225453691,-0.04461808583830239
2329,-576460691205,0.8347471539461945,3.2349965804070324,0.01232952438957369,-0.04518100874412238
2330,-576460691187,0.8349698804698578,3.2341800937204908,0.01247160290436369,-0.045736722622952385
2331,-576460691170,0.8351813138119258,3.233404436301538,0.012604995810933689,-0.046258464348842385
2332,-576460691152,0.835409676431335,3.232566069424145,0.01274750148678369,-0.046815848989292384
2333,-576460691134,0.8353630361109823,3.231847226472477,0.012970036108039967,-0.047143321865846806
2334,-576460691115,0.8356131926743648,3.230945113255707,0.013291741581579966,-0.04756175574372681
2335,-576460691096,0.8358538473448709,3.2300901431946367,0.013594044420659965,-0.047954953123486806
2336,-576460691080,0.8361011784783215,3.2292237343414367,0.013897883934879965,-0.048350149216326806
2337,-576460691061,0.8423343342571047,3.232651344608388,0.015621424768917865,-0.046932135043826435
2338,-576460691046,0.8425850241263765,3.2318975746191243,0.015738328705157865,-0.047359832589906434
2339,-576460691027,0.8428698635944833,3.2310396635863805,0.015870112520697865,-0.04784196874658644
2340,-576460691009,0.8431567261623477,3.230174126137519,0.016001735472677865,-0.048323516377746435
2341,-576460690992,0.84344703946004,3.2292989078480563,0.016273228139577864,-0.048977016080546436
2342,-576460690978,0.8430726798089568,3.2294709055714135,0.01616379642252261,-0.04888560826474478
2343,-576460690973,0.8433826310765288,3.228535175190455,0.016450636951692608,-0.04957605122478478
2344,-576460690953,0.8436810702782852,3.227637273110278,0.016722174892522607,-0.050229659904744775
2345,-576460690937,0.8439842253258373,3.226728119479992,0.016993561920252608,-0.05088290532750477
2346,-576460690919,0.84427578082702,3.2258596960390253,0.01730103329033261,-0.05126653194437477
2347,-576460690907,0.8503128653345958,3.230170015771817,0.01891072698942889,-0.049361099563906254
2348,-576460690901,0.8506566495993928,3.22927666646889,0.01923666147006889,-0.04976776227886626
2349,-576460690885,0.8509870285779466,3.2284254484927484,0.01954476575774889,-0.050152178575886254
2350,-576460690866,0.8513420251983109,3.2275122685933146,0.01959056886514889,-0.050518078224186254
2351,-576460690849,0.8516916281755867,3.2266085797500836,0.01963557164264889,-0.05087758441043625
2352,-576460690830,0.8465687651017815,3.228231883830876,0.018082091252675712,-0.049893458219565076
2353,-576460690812,0.8468942529405519,3.2273316398996097,0.01812748030927571,-0.050256050209265074
2354,-576460690796,0.8472042074963753,3.2264751525581072,0.01836351990539571,-0.050578343657305076
2355,-576460690776,0.8475376346331881,3.2255599376504054,0.01861409313805571,-0.050920481639525075
2356,-576460690759,0.8578990612781058,3.2318083515270812,0.021541755020147994,-0.048086889235480317
2357,-576460690742,0.8582880177827746,3.2309420386248715,0.021791188904627994,-0.04842747152764031
2358,-576460690723,0.8586820033909106,3.2300666409483267,0.021987421922187993,-0.04884434096694031
2359,-576460690705,0.8590829595946109,3.229176104272913,0.022185344817947993,-0.049264800314740315
2360,-576460690684,0.8569461509420975,3.2294668714235533,0.02164151452878209,-0.04905703126750336
2361,-576460690670,0.8573339704970949,3.2285880083587,0.02183601405838209,-0.049470218155503363
2362,-576460690652,0.8577294329671737,3.2276921563659284,0.022043316879632093,-0.049930835134003364
2363,-576460690633,0.8581273638039658,3.2267908740233766,0.022249964152432092,-0.05038999551512336
2364,-576460690614,0.8709606906744114,3.2346280244363266,0.025788690005879453,-0.04697431365656043
2365,-576460690597,0.8714264642801547,3.2337788687630917,0.025995578796529452,-0.04743401067882043
2366,-576460690578,0.8718976622231078,3.2329184087950504,0.026278433068689454,-0.04802416194610043
2367,-576460690560,0.8723719939705746,3.2320509069495116,0.026560126301569453,-0.04861189080414043
2368,-576460690542,0.8675996731415166,3.233639425293941,0.025312001211700276,-0.04789859838920183
2369,-576460690525,0.8680601663301666,3.2327683688582463,0.025433845793630276,-0.04809087052861183
2370,-576460690506,0.8685189609340854,3.2319012100723232,0.025554663199350278,-0.048281521772251826
2371,-576460690489,0.8689764122901982,3.2310372609149027,0.025674560845980278,-0.048470721625561826
2372,-576460690471,0.869439590392969,3.230163169005872,0.02579539167884028,-0.048661394057381825
2373,-576460690458,0.8759765965087832,3.2347616335539118,0.027547869816479085,-0.04661946567682958
2374,-576460690452,0.876472466816603,3.2339186675930427,0.027582521847289085,-0.047100692294069574
2375,-576460690434,0.8769732135474241,3.233059716913828,0.027617470526759086,-0.04758603858994957
2376,-576460690416,0.8774670453134757,3.232205083087973,0.027651893329059086,-0.04806408181914957
2377,-576460690399,0.8779649530195701,3.2313358386549873,0.027686556917609087,-0.048545468943349566
2378,-576460690386,0.8724788164423996,3.2339166942882995,0.02608925740872276,-0.047184964882738226
2379,-576460690379,0.8729504537804874,3.233065405258537,0.02631780277105276,-0.04740796025341822
2380,-576460690363,0.8734264701706681,3.2322096262249214,0.026546475110082762,-0.047631079517298225
2381,-576460690345,0.8739070063496427,3.2313491112221073,0.026775337914162763,-0.04785438462097823
2382,-576460690326,0.8743900743260559,3.2304874079302346,0.027003451555712762,-0.04807695875477823
2383,-576460690306,0.8825042898906172,3.2349294623767526,0.029000731476258226,-0.046097265763806315
2384,-576460690289,0.8830294117035437,3.234090672411726,0.028959733526658225,-0.04648440808020632
2385,-576460690271,0.8835458957344968,3.233257662565011,0.028919353261398224,-0.04686571762329632
2386,-576460690253,0.8840676466117731,3.2324119436046947,0.029136825360638226,-0.04723898475973632
2387,-576460690234,0.8799668015126868,3.233723050815176,0.028011929812686746,-0.046469988525443665
2388,-576460690217,0.8804435675333203,3.232932026718956,0.028217109063766746,-0.04682215632892366
2389,-576460690198,0.8809544592406752,3.2320841645731755,0.028435331317126746,-0.04719671102308366
2390,-576460690181,0.8814959518076316,3.2311837705603934,0.028596904920326745,-0.04763650955538366
2391,-576460690162,0.8915612552362026,3.237014761878299,0.03131798302860154,-0.04507060648992952
2392,-576460690144,0.8921321167176745,3.2361914143279322,0.03147269853900154,-0.04549173749802952
2394,-576460690109,0.8932303442728649,3.2345982334153205,0.03174790842276154,-0.04617410892288952
2395,-576460690091,0.8877825004407143,3.2366388385861424,0.030129073846917036,-0.04495254483052507
2396,-576460690072,0.8883254030983915,3.2358280088552545,0.030260543247317036,-0.04523986127492507
2397,-576460690055,0.8888713685941128,3.235010966045382,0.030392180823257037,-0.04552754525426507
2398,-576460690037,0.8894203317679357,3.234189013693581,0.030620675394907038,-0.04582586978331507
2399,-576460690020,0.8971860226191869,3.2384514727179488,0.032787904948399636,-0.04385567001501956
2400,-576460690004,0.8977446247473752,3.2377043693887315,0.033003524082669634,-0.04413718425940956
2401,-576460689985,0.8983410775248596,3.2369067700485363,0.03323220911936964,-0.04443575746130956
2402,-576460689968,0.8989405871925455,3.236102456735467,0.03332081793280964,-0.04485302063250956
2403,-576460689949,0.8934310724670278,3.2382123249957244,0.03163404676092183,-0.04373790736432632
2404,-576460689929,0.8940318649292144,3.2373787146410278,0.03172731816068183,-0.04417712687912632
2405,-576460689913,0.8945720811472933,3.236626303455371,0.031831269765521836,-0.04434704344344632
2406,-576460689894,0.8951459707763196,3.23582652642714,0.031941330415201835,-0.04452694569208632
2407,-576460689878,0.9008679937065753,3.238671760896962,0.033443242541184734,-0.043086670129621626
2408,-576460689860,0.901479720351847,3.237883288613402,0.03355491147794473,-0.043269201242101624
2409,-576460689844,0.9020493766160553,3.2371471118947746,0.03368893721571473,-0.04363119640031162
2410,-576460689825,0.9026571266317825,3.2363582011218366,0.033831340056494734,-0.04401581759125162
2411,-576460689808,0.9032336402250085,3.2356065342586326,0.03396587205922473,-0.044379180139541625
2412,-576460689790,0.9021641068849047,3.235613805730018,0.03361981165603403,-0.044339887966324806
2413,-576460689772,0.902770812793136,3.234811445691328,0.03384817925098403,-0.044885582002024804
2414,-576460689754,0.9033826481946818,3.2339979083934707,0.03407692777603403,-0.045432186286324804
2415,-576460689738,0.9039628991719889,3.233222371500097,0.03429245802661403,-0.0459472049442048
2416,-576460689719,0.9087328566702012,3.2352596711150534,0.03564318140225165,-0.045207167775393416
2417,-576460689702,0.909376157311229,3.2344459323845687,0.03588235128929165,-0.04526856387735342
2418,-576460689685,0.9099604956412692,3.233710502112516,0.036098226444171655,-0.045323980105473415
2419,-576460689667,0.9106405469331599,3.2328589882018175,0.036347847050091656,-0.045388058959053415
2420,-576460689648,0.9089215982302026,3.2331932825193475,0.03589741079270055,-0.0448520733691361
2421,-576460689630,0.9095761502383289,3.2323716117254726,0.035976093997720546,-0.045372017316596104
2422,-576460689612,0.9102244918666621,3.2315501991268323,0.03605386137758054,-0.04588590942937611
2423,-576460689594,0.9108749560968065,3.2307186074406373,0.03613171515604054,-0.046400372469956104
2424,-576460689577,0.9115251577721458,3.2298799021537565,0.03620937021772054,-0.04691352237659611
2425,-576460689565,0.915752463101583,3.232785757329793,0.037353990905135796,-0.045608902180124214
2426,-576460689558,0.9164268066779852,3.231961730379119,0.037485760096715795,-0.045842954062454214
2427,-576460689540,0.9171022082579423,3.231135098266727,0.03761727336899579,-0.04607655137423421
2428,-576460689524,0.9177425320369946,3.230350197950203,0.03774153315711579,-0.046297264857854216
2429,-576460689506,0.9183852054000169,3.2295590266094143,0.03787599396633579,-0.04679266816825422
