5242,-576459258935,0.8981810353418844,3.1540277074572556,0.0,0.0
5243,-576459258925,0.8981811319573225,3.154027158449596,3.082815511999996e-5,-1.7517793863999954e-4
5244,-576459258914,0.898182071497135,3.154022439124849,9.522535162999995e-5,-4.5799100844999904e-4
5245,-576459258897,0.8981844102005626,3.1540114694132066,1.7109628221999995e-4,-7.911932587399984e-4
5246,-576459258885,0.9005923959556397,3.1623945320576183,0.003463954041656352,0.0120142037420213
5247,-576459258880,0.9006539952178991,3.1626029268825038,0.003539941610356352,0.0116804892523213
5248,-576459258846,0.9007178713890922,3.1628084011897055,0.0036170523608563517,0.0113418420868213
5249,-576459258844,0.9007827661293913,3.1630065492391286,0.0035870706741363517,0.0106550550516213
5250,-576459258827,0.9008434097706259,3.1631819064948656,0.003558824716726352,0.0100080281672713
5251,-576459258813,0.8976924681336165,3.1697158957572675,-0.006058065218829463,0.03077070964988666
5252,-576459258808,0.8975827759036817,3.170265458104815,-0.006088123457369463,0.030082169050986658
5253,-576459258792,0.8974854708793631,3.1707403607203313,-0.006114663640529462,0.029474216140386658
5254,-576459258775,0.8973819471341877,3.1712367484450246,-0.006071768987529462,0.02895871201658666
5255,-576459258758,0.8972782358094332,3.171728700771748,-0.006028490580129462,0.02843859596654666
5256,-576459258740,0.9017356097920298,3.187049966798808,0.007944871817686211,0.07669520246556945
5257,-576459258723,0.9018777960073577,3.1884138377867486,0.007989927613886212,0.07615372591504944
5258,-576459258704,0.9020229537399017,3.189783881586866,0.008110979994556212,0.07581164484831944
5259,-576459258687,0.9021698908063948,3.1911440592918683,0.008231703410296214,0.07547049340125944
5260,-576459258668,0.8992703237377457,3.1980749672958724,-3.4179559019054465e-4,0.0917028188162479
5261,-576459258646,0.8992642899199278,3.1997216777835784,-3.286658596605445e-4,0.0912751785953579
5262,-576459258632,0.899258490530926,3.201361236259751,-3.155317523105443e-4,0.0908473958198079
5263,-576459258614,0.8992529300407315,3.2029923691493853,-3.024034807205441e-4,0.0904198031171379
5264,-576459258596,0.9049354406500498,3.21884578668713,0.01355520877575867,0.1268349910433113
5265,-576459258578,0.9051911844540932,3.221228947722228,0.01361400444461867,0.1263426393718113
5266,-576459258560,0.9054229644823681,3.223371986333996,0.013667072329738671,0.12589825184381132
5267,-576459258543,0.9056698208113072,3.2256370538010706,0.01372336638748867,0.1254268485250613
5268,-576459258524,0.9059173335705212,3.2278903753729096,0.01377957924437867,0.12495612517781131
5269,-576459258512,0.9050138563877244,3.2291769540049997,0.011807280814760821,0.12791120202994416
5270,-576459258505,0.905226964567247,3.231475107481811,0.011863515533420821,0.12735409584976415
5271,-576459258488,0.9054438865366601,3.233793026142983,0.011920484182930822,0.12678971876253414
5272,-576459258470,0.9056559192146767,3.236038164667036,0.011975906892990822,0.12624065699015413
5273,-576459258452,0.9058721839969363,3.2383074951438218,0.012032172842750821,0.12568324140967413
5274,-576459258440,0.9110701260955362,3.247316800838123,0.021906147315993926,0.1439706120657293
5275,-576459258435,0.9114659869768205,3.249905442516313,0.022080838770373926,0.14367222122391932
5276,-576459258418,0.9118649031075489,3.252488139962287,0.022255491402273928,0.14337389669486933
5277,-576459258399,0.9122678368953868,3.255071048993068,0.02243052255335393,0.14307492561640933
5278,-576459258380,0.9126715626366643,3.257634586194493,0.02254032025115393,0.14247641957155932
5279,-576459258361,0.9144746172482855,3.258896519540829,0.02495960887955522,0.1392574263466545
5280,-576459258342,0.9149244296107565,3.261395257321564,0.025069571686675222,0.1386580202927145
5281,-576459258326,0.9153512694085331,3.2637463841277436,0.025173474370235222,0.13809164790574452
5282,-576459258308,0.9158042679827676,3.266232079804728,0.025078738645965222,0.13765250617766453
5283,-576459258289,0.9204529106263812,3.2738668864539138,0.031229020868026355,0.1453254730931065
5284,-576459258269,0.9210134345239317,3.276475321755429,0.031134563639146354,0.1448876223135865
5285,-576459258252,0.9215727260593408,3.2790780529951644,0.031040027590816355,0.1444494061712665
5286,-576459258235,0.922132686412895,3.281673698988621,0.031150149392096354,0.1438275811073465
5287,-576459258216,0.943342416394541,3.268558690661165,0.05979361146048349,0.11916750151467631
5288,-576459258196,0.9444181345630237,3.2706950295426074,0.05990352534632349,0.11854685048741631
5289,-576459258180,0.9455594460047736,3.272945195214685,0.06001992130176349,0.11788959714075631
5290,-576459258162,0.9465789433199844,3.2749398008676236,0.06022508845358349,0.11736494705204631
5291,-576459258144,0.9487381157437639,3.2780054220517445,0.06179097614254915,0.11813225091292037
5292,-576459258127,0.9497890707504059,3.2800068473513333,0.06199642157734915,0.11760688920352037
5293,-576459258110,0.9509177918743136,3.282139125298314,0.062216313528589154,0.11704458509830037
5294,-576459258091,0.9520325030202806,3.28422705329407,0.06246476090427915,0.11649134642187038
5295,-576459258075,0.9530927123765749,3.286196093338467,0.06270014745936915,0.11596719137364038
5296,-576459258064,0.9575696068147423,3.2834631962111525,0.06799664541288353,0.11230941912957418
5297,-576459258057,0.9587345173637233,3.2853793872518096,0.06823426898086353,0.11178028273651418
5298,-576459258041,0.959821335483938,3.287153837620952,0.06845521916084353,0.11139294945347418
5299,-576459258022,0.9610563537818839,3.2891584043711077,0.06853311181867353,0.11095375901035417
5300,-576459258006,0.9622991574044409,3.291165329827926,0.06861140622999352,0.11051230331787418
5301,-576459257987,0.9557272266863888,3.28742227067634,0.06031004975980662,0.1030725701159971
5302,-576459257968,0.9568404470795481,3.289318275492189,0.06045588570984662,0.1026124825905171
5303,-576459257950,0.9579498111644764,3.2911947655302076,0.06060086733776662,0.1021550903054771
5304,-576459257933,0.9589814726373922,3.292928304587401,0.06073538351971662,0.1017307147158271
5305,-576459257915,0.9668204381300023,3.2913093817007884,0.06776574860207323,0.09710686421787809
5306,-576459257897,0.9680403876845309,3.2930531637063196,0.06774655959327322,0.09659288646592809
5307,-576459257879,0.9692606690146087,3.294788652330087,0.06772735992687322,0.09607862325007809
5308,-576459257862,0.9704772190533509,3.2965100982483353,0.06770821354847321,0.09556578735372809
5309,-576459257843,0.9565342075037656,3.288495416143477,0.05330532656700486,0.0841622905760135
5310,-576459257826,0.957502106868293,3.290019866293932,0.05336200476728486,0.0838397096945335
5311,-576459257807,0.9584638767533207,3.291527270791705,0.05341826447082486,0.0835195106643935
5312,-576459257788,0.9594197084388955,3.2930180911634377,0.05347411817006486,0.08320162238555351
5313,-576459257772,0.9688097925834461,3.2906547182254586,0.06125581087841971,0.07853335653251113
5314,-576459257754,0.969942006122355,3.292103520737728,0.06125823326039971,0.07823800225877113
5315,-576459257735,0.9710453494192859,3.2935100735070875,0.06126059378205971,0.07795019044119113
5316,-576459257717,0.9721550453165609,3.294919441638034,0.061262967802899713,0.07766073270627114
5317,-576459257700,0.9771735412258007,3.2986546681317197,0.06473463793488038,0.07953609344050556
5318,-576459257680,0.9783620756954294,3.3001081999565307,0.06489067230928038,0.07899066245552556
5320,-576459257645,0.9806383956777782,3.3028545774766838,0.06518847180048037,0.07794967984873558
5321,-576459257626,0.9818123554448893,3.3042537257934765,0.06528774571673038,0.07755443982813558
5322,-576459257613,0.9985954991842518,3.297073461402922,0.07925270349378014,0.0696224619977948
5323,-576459257610,1.0000242111934259,3.2983242152013053,0.07935209326178014,0.0692267607357148
5324,-576459257591,1.0014525686206295,3.2995659815991396,0.07945133407753013,0.0688316524983948
5325,-576459257572,1.0028830294932112,3.3008009141408943,0.07955059696028013,0.0684364564055548
5326,-576459257554,1.0043141896263403,3.3020270879117186,0.07961752105444013,0.0679338678812148
5327,-576459257542,0.9973197305321354,3.2981572726598225,0.0741500754422252,0.06399717386590416
5328,-576459257535,0.998730812337189,3.2993695071361295,0.0742208624741452,0.06346557533832416
5329,-576459257520,0.999992510485982,3.3004438795091993,0.0742840985419852,0.06299068326216416
5330,-576459257502,1.0012549114054132,3.3015098699368055,0.0743473160022252,0.06251593092590416
5331,-576459257483,1.0025924314539558,3.3026330873307024,0.0742742794800352,0.06229293555522416
5332,-576459257465,1.0128639242414843,3.3000646881012012,0.08094776534415807,0.05798329262101633
5333,-576459257446,1.0144156751326951,3.3011744710635593,0.08086994060616806,0.05774567785273633
5334,-576459257428,1.0158484573974431,3.3021943749398,0.08079801592391807,0.057335154445236326
5335,-576459257411,1.0173017929779968,3.303222257258014,0.08074653813084806,0.05691842397013633
5336,-576459257394,1.012839323692985,3.3010350657587018,0.07650219901128145,0.053387439502446454
5337,-576459257376,1.014162460055734,3.30195525556589,0.07645270102329145,0.052986736231746455
5338,-576459257358,1.0155154812692297,3.302888251830698,0.07646560972441145,0.05246040038758645
5339,-576459257340,1.016892592248354,3.3038281360368837,0.07647874602017145,0.051924784661906455
5340,-576459257322,1.0238080134703937,3.3024263965463048,0.08045665412277923,0.04886819011476949
5341,-576459257306,1.0251739507417832,3.303251697174512,0.08046903760549923,0.048363269381809494
5342,-576459257288,1.026623640593241,3.304118091331376,0.08053605473765922,0.047859982157969494
5343,-576459257271,1.0279966764581676,3.3049296626846942,0.08059947688149922,0.047383692682809495
5344,-576459257252,1.029446456599734,3.3057771039620545,0.08066638981109922,0.04688118800240949
5345,-576459257240,1.0223858577158673,3.3020151102761695,0.07588307629567055,0.0431598404018041
5346,-576459257235,1.023753115476252,3.302787886397012,0.07595010087087055,0.0426564972820041
5347,-576459257216,1.0251205369813436,3.30355251522494,0.07602783801122055,0.0423258675891041
5348,-576459257198,1.0265038175035293,3.304319173135104,0.07610639593827055,0.041991746946404104
5349,-576459257180,1.0278602622810342,3.305064298817554,0.07618335117129055,0.0416644428425241
5350,-576459257162,1.0488781772886213,3.2973492808877625,0.08954871124308168,0.03216287129278804
5351,-576459257144,1.050485728219869,3.2979219044161865,0.08947583703329168,0.03160721929401804
5352,-576459257126,1.05209921202986,3.2984870640658173,0.08940263414089168,0.03104906115281804
5353,-576459257108,1.0537071767719217,3.2990407214359654,0.08932962196556168,0.03049235719302804
5354,-576459257090,1.0358811272116226,3.289260381589775,0.07679135379113258,0.01971412468917562
5355,-576459257071,1.0372642012185105,3.2896121233209463,0.07681526625417258,0.019350927639975618
5356,-576459257054,1.038657618106136,3.289959773849089,0.07683935001373259,0.01898512883492562
5357,-576459257036,1.0400423250616917,3.2902985740412265,0.07686327575557259,0.018621730099225617
5358,-576459257018,1.0282031178720101,3.2964154242872525,0.06826810187191289,0.02459289478201187
5359,-576459257000,1.0294326188515615,3.296855289721141,0.06825968443106288,0.02425119315188187
5360,-576459256983,1.0306606031991525,3.2972885225733446,0.06825127633721288,0.02390987095835187
5361,-576459256964,1.0318913707196296,3.297716628128022,0.06824284814731288,0.02356773297613187
5362,-576459256944,1.0270474511850367,3.2947951222055374,0.06453303564929642,0.01966203358637069
5363,-576459256928,1.02820054302189,3.295141294263353,0.06457813184069643,0.01909869397109069
5364,-576459256909,1.029375636921517,3.2954834818486733,0.06462405613369643,0.01852500974749069
5365,-576459256893,1.0305273151188916,3.2958085001533486,0.06466903366419643,0.01796315243889069
5366,-576459256874,1.027167570597369,3.2981279334624047,0.061881618625291936,0.01971487640327361
5367,-576459256853,1.0283425062308214,3.298497549784385,0.06195223818881194,0.019241312675593612
5368,-576459256837,1.029396232039671,3.2988210459679848,0.06201550402881194,0.018817061865593614
5369,-576459256821,1.0304507850527511,3.299137256316371,0.06207875498273194,0.018392910879313613
5370,-576459256803,1.03157466593889,3.2994636132706483,0.062189365996811935,0.017692555095633614
5371,-576459256790,1.0160599787619924,3.290749805134523,0.052860233730495323,0.008910039210711346
5372,-576459256784,1.0170622484149527,3.2909116165030694,0.05297605486089532,0.008176694532311346
5373,-576459256766,1.0179629287887073,3.2910449125812615,0.05307992085349532,0.0075190462027113466
5374,-576459256748,1.018919943110291,3.291177649172154,0.05319006100025532,0.007220456422621347
5375,-576459256733,1.0198232740684672,3.2912978140339066,0.05325322635921532,0.006939074803751347
5376,-576459256714,1.0133593247740988,3.294793016172114,0.04874635948315563,0.010379292602585919
5377,-576459256698,1.0141885506449524,3.294967068597903,0.04880962532315563,0.010097463372585918
5378,-576459256680,1.0150187054164295,3.2951329293303826,0.04887287999859563,0.009419008061125918
5379,-576459256661,1.015898922262917,3.2952959876532093,0.048939859915555634,0.008700596653485918
5380,-576459256644,1.0078680370087194,3.2902134993146785,0.04375437679870993,0.0026499119272499335
5381,-576459256627,1.0086047311434614,3.2902524343342634,0.04381699137270993,0.0019783221987499334
5382,-576459256609,1.009395775939197,3.290283971113164,0.04386254705950993,0.0015172196877899333
5383,-576459256591,1.0101848765362824,3.290307121172262,0.043907943690209936,0.0010577271002499332
5384,-576459256574,1.01097532085045,3.290322016272117,0.04395337061730994,5.97927860629933e-4
5385,-576459256559,1.0113550674975742,3.2901478418459935,0.044184229252947134,4.0393265551966434e-4
5386,-576459256555,1.0121550829157684,3.2901509672740823,0.04422991874884714,-5.8524235460335756e-5
5387,-576459256538,1.0129478523118631,3.2901478372447217,0.04431798654488714,-2.9108252884033525e-4
5388,-576459256520,1.0137473053786856,3.290140482721984,0.04440661995002714,-5.251344111703348e-4
5389,-576459256501,1.0145564094295243,3.2901287727248096,0.044496143574707145,-7.615370726303343e-4
5390,-576459256483,1.004272609667522,3.2833875428374535,0.03815429330078327,-0.007867891017816925
5391,-576459256465,1.0049619814467612,3.283241295680488,0.03814584828628327,-0.008318844672916924
5392,-576459256447,1.0056459376584865,3.2830881097855134,0.038137467766083274,-0.008766354409676923
5393,-576459256430,1.0063327176581074,3.28292618038862,0.038129050792583274,-0.009215810708976922
5394,-576459256411,1.0139420133197297,3.2794828489002112,0.04229618663636165,-0.013318076873647576
5395,-576459256393,1.0147042492638483,3.2792390382169914,0.04248147370382165,-0.013799116232767576
5396,-576459256376,1.0154715663858662,3.2789859919751523,0.042667183236511655,-0.014281252389447576
5397,-576459256356,1.0162412877896445,3.2787245809814354,0.042852666080541654,-0.014762800020607576
5398,-576459256339,1.0165963274516434,3.278199193872466,0.042625033425803906,-0.015388740826831056
5399,-576459256320,1.017363014016919,3.277919181242126,0.04263815221428391,-0.015751453828431055
5400,-576459256303,1.0181303630232332,3.277632484438488,0.04265127829746391,-0.016114368516531054
5401,-576459256285,1.0188984175287805,3.2773390760966175,0.04266441240481391,-0.016477505059781055
5402,-576459256268,1.0130726147931477,3.28024501591638,0.0388587671172315,-0.013321456639789942
5403,-576459256249,1.0137754600923592,3.2800007069856107,0.0390231431505215,-0.013750284816179941
5404,-576459256231,1.0144775102547199,3.2797500192204514,0.0391866448916515,-0.01417683211800994
5405,-576459256213,1.0151843058802197,3.2794910018709915,0.039350565564441504,-0.01460447233889994
5406,-576459256195,1.0092864661344314,3.2750872962372104,0.03554468770247776,-0.019338393129495573
5407,-576459256177,1.0099474390433947,3.2747232368201438,0.03555825000871776,-0.019824625057495573
5408,-576459256159,1.010552923968461,3.2743819323830734,0.03557066923546776,-0.020269875626245572
5409,-576459256141,1.0111920687562967,3.274013563782162,0.03558377416401776,-0.020739709779995574
5410,-576459256124,1.0118017364559038,3.2736540841364667,0.03547306728201776,-0.021157684823195574
5411,-576459256112,1.0116957067057564,3.273706022837567,0.03540911403154238,-0.021099441344563916
5412,-576459256106,1.0123272610112646,3.2733251943665223,0.03529385887729238,-0.021534588439363914
5413,-576459256090,1.0129259725354887,3.2729558061868578,0.035184248741792386,-0.021948422704163913
5414,-576459256072,1.0135225762608824,3.2725795434982365,0.035074683766442384,-0.022362086466323913
5415,-576459256053,1.0141909210859072,3.2721473821236406,0.035247793614122384,-0.023109438638483915
5416,-576459256035,1.0078000004413166,3.267219881049174,0.0313502995687233,-0.028469905652357488
5417,-576459256018,1.008334145505414,3.2667303277882356,0.0315050857098833,-0.029138150471277487
5418,-576459256000,1.0089014251959416,3.2662016178618414,0.0315505126369833,-0.029630251284287486
5419,-576459255983,1.009469806616727,3.265663782463242,0.031595962286383304,-0.030122598243427487
5420,-576459255963,1.0092512114465033,3.265497087320703,0.0311467309341272,-0.030182013734954462
5421,-576459255944,1.009780727605527,3.2649803781892097,0.031189623062427202,-0.030646655579684462
5422,-576459255929,1.0103116283422942,3.264454429338103,0.031232568209427203,-0.031193303398184463
5423,-576459255911,1.0108742861274944,3.2638876801636383,0.0312780178588272,-0.03177183097188446
5424,-576459255893,1.012729501340204,3.2641443473233958,0.032073935108018224,-0.03148858322220985
5425,-576459255875,1.013307594486878,3.2635719939162398,0.032119407479718226,-0.032067400027559846
5426,-576459255858,1.0138873161230806,3.262988704764818,0.03231558598507823,-0.03276411619139984
5427,-576459255840,1.0144722259094765,3.2623911723499397,0.03251232051487823,-0.033462807042599844
5428,-576459255821,1.010432189759631,3.264130269552242,0.02988768299855603,-0.03152971598812889
5429,-576459255803,1.0109722050046688,3.2635561720865875,0.03008402504051603,-0.03222701294236889
5430,-576459255785,1.0115131960888788,3.2629713923702144,0.02998938389958603,-0.03270882808512889
5431,-576459255766,1.0120518846955935,3.2623785984888194,0.02989484785125603,-0.033190108204688894
5432,-576459255749,1.012598169945792,3.261766639121604,0.02979867235836603,-0.033679734686168895
5433,-576459255737,1.0118265440747665,3.2612656526706116,0.029347269833933192,-0.03419865853092572
5434,-576459255731,1.0123487366202775,3.260651915777278,0.029253621818073193,-0.03467541770444572
5435,-576459255713,1.0128719464509162,3.2600289344635107,0.029320106772873195,-0.035067802420645715
5436,-576459255696,1.0134004581945852,3.259393978555343,0.029387112740473197,-0.035463262080045715
5437,-576459255677,1.0139300585642557,3.2587520458307195,0.029454103821993198,-0.03585863388392571
5438,-576459255658,1.0064523561529102,3.2622601766508805,0.02447300825555378,-0.03178602044718147
5439,-576459255637,1.0069156205569785,3.2616518993763473,0.02440743532855378,-0.03239517443893147
5440,-576459255623,1.0073544426604177,3.261063514119407,0.02434515920975378,-0.03297370201263147
5441,-576459255604,1.007791488030062,3.2604656201075697,0.024282976494753777,-0.03355136189138147
5442,-576459255586,1.0164200868370208,3.265280701163975,0.029211030660214094,-0.02840258938248266
5443,-576459255569,1.0169255891741353,3.264786086398202,0.029306343549964094,-0.028854430444232658
5444,-576459255551,1.0174457637071772,3.2642706799299024,0.029404100359964092,-0.02931785717423266
5445,-576459255532,1.0180063816756115,3.2637079659865256,0.029509095145964094,-0.02981559631223266
5446,-576459255514,1.0164507942911065,3.264258951248108,0.028328474801570303,-0.028907897946598062
5447,-576459255498,1.0169337169230563,3.2637645677637153,0.028432530364130303,-0.02920017497219806
5448,-576459255479,1.0174466643812603,3.263236004948584,0.028542639935090302,-0.02950945683179806
5449,-576459255461,1.0179610214186319,3.262702469575627,0.028652627202850302,-0.02981839515939806
5450,-576459255443,1.0160343869032604,3.2605768418744185,0.027336604069104535,-0.03189027876238798
5451,-576459255426,1.016510683817499,3.2600189035291316,0.027463708217444534,-0.03230328337151798
5452,-576459255409,1.0169800304364207,3.2594646464229218,0.027588384788424535,-0.032708399956127975
5453,-576459255391,1.0174471243431273,3.2589087133128802,0.027711906066564533,-0.03310976260135797
5454,-576459255375,1.0179464587408393,3.2583067307502795,0.027714267505644534,-0.03371036866741797
5455,-576459255361,1.0123189264024688,3.261227241514612,0.024208881773861764,-0.03044513776109389
5456,-576459255356,1.0127552885759366,3.260673083887321,0.024211243999301763,-0.03104594382917389
5457,-576459255338,1.0132038727866663,3.260092174799401,0.024213672147921764,-0.03166351673326389
5458,-576459255320,1.0136501280937213,3.259503429834801,0.024160886882421764,-0.03215707563526389
5459,-576459255299,1.0140839819510634,3.2589210521040584,0.024109457726181765,-0.03263795448742389
5460,-576459255282,1.0144692335343357,3.2582448146070853,0.024010859124067075,-0.03319887728839479
5461,-576459255265,1.014899432113206,3.2576450566186703,0.023959544407427074,-0.03367868609415479
5462,-576459255246,1.0153076714568674,3.257068692457568,0.024043200452487073,-0.03409298315183479
5463,-576459255227,1.015743152258155,3.2564483447845247,0.024132119121347072,-0.03453334275591479
5464,-576459255211,1.008790661263519,3.259697888195917,0.01958544143154527,-0.030647226414514693
5465,-576459255193,1.0091473209517954,3.259137038377538,0.01967480275100527,-0.031089778195394692
5466,-576459255175,1.0094984125512068,3.258578233986554,0.01969848416292527,-0.03157753042677469
5467,-576459255157,1.009853279272254,3.258005279529023,0.01972239131444527,-0.03206993208505469
5468,-576459255138,1.0152827028908784,3.260759772094789,0.02278464265188276,-0.029104022011053287
5469,-576459255121,1.015671077562544,3.260259957637322,0.02280726574344276,-0.029569976635143286
5470,-576459255104,1.0160573655880185,3.259756577703637,0.02279934883444276,-0.029860948239143287
5471,-576459255086,1.0164682707205304,3.2592155135970238,0.022790924383342757,-0.030170573630743287
5472,-576459255068,1.0163394324992143,3.2589418102009886,0.022435194717962466,-0.030167652797684293
5473,-576459255050,1.0167369780567783,3.258403605429462,0.022426911873912467,-0.030567524263354292
5474,-576459255032,1.0171347169278202,3.2578573227677343,0.022376114996462467,-0.030968117722304293
5475,-576459255015,1.017537157465028,3.2572960533119133,0.02232460001052247,-0.03137437431604429
5476,-576459254996,1.0179384476924058,3.256727786605046,0.022273113634482467,-0.03178040528688429
5477,-576459254984,1.019160129461227,3.257531855947376,0.023011570051617216,-0.03094760147606624
5478,-576459254978,1.0195757252814992,3.2569688129733074,0.023078683943297217,-0.03149478225114624
5479,-576459254961,1.0199681146880504,3.2564296895266436,0.02314187163137722,-0.03200995261712624
5480,-576459254943,1.0203884973310067,3.255844069445833,0.02320937628265722,-0.032560319262306237
5481,-576459254926,1.0208076603888494,3.2552519427192075,0.023276490174337222,-0.03310750003738624
5482,-576459254907,1.0180291733732623,3.2563507165314496,0.02125630083908875,-0.03167674119135993
5483,-576459254889,1.0184123607452882,3.2557755598235856,0.02125866332664875,-0.03213738372419993
5484,-576459254872,1.0187731816551049,3.2552264436987373,0.02126088767696875,-0.03257109198267993
5485,-576459254853,1.0191560264444932,3.2546358260530885,0.021263247543328753,-0.033031223428719926
5486,-576459254836,1.0248195074444617,3.2575220659436637,0.024526547455597018,-0.02987015055155469
5487,-576459254818,1.0252578530276983,3.2569848473646377,0.02458230121531702,-0.03031566381391469
5488,-576459254801,1.0256809088549912,3.2564600031690145,0.02463599059932702,-0.030744681206544687
5489,-576459254783,1.0261204427746553,3.2559081393527727,0.02469164754263702,-0.031189420835074685
5490,-576459254765,1.0157173753967286,3.2610616697083814,0.01782258993658772,-0.02535780711497702
5491,-576459254749,1.016003081525203,3.2606515951494353,0.01784386390206772,-0.02583432308238702
5492,-576459254732,1.0163240931014754,3.260182339060153,0.017867736528707722,-0.026369046511767018
5493,-576459254713,1.0166464642253008,3.2597020706768083,0.017891678205107724,-0.026905316588067017
5494,-576459254695,1.0199816902560166,3.2611920400001932,0.01988128223498804,-0.025465817532006534
5495,-576459254677,1.0203394893041753,3.260730035714543,0.02003382800138804,-0.02607415186224653
5496,-576459254659,1.0207018803752301,3.26025467027869,0.020187156577388038,-0.02668560794384653
5497,-576459254641,1.0210667807726026,3.259771533315117,0.020404689172928037,-0.027058978915586528
5498,-576459254622,1.0214399024971137,3.259275949700154,0.020624750513808035,-0.02743669020286653
5499,-576459254610,1.0145062625819226,3.2628935446736307,0.016205853176248806,-0.023404071601283924
5500,-576459254604,1.0148178862847623,3.2624429054950155,0.016436864347428807,-0.023800577077863923
5501,-576459254586,1.0151103810542894,3.262018865583551,0.016650779264228806,-0.024167738698663923
5502,-576459254569,1.0154104465499934,3.2615789733202436,0.016663919936808807,-0.02467119361038392
5503,-576459254552,1.0156937552157386,3.261155650276954,0.016676317279458806,-0.02514616953048392
5504,-576459254539,1.0183177277591289,3.2628791455672292,0.01828187712364258,-0.023357311438164708
5505,-576459254533,1.018647249031749,3.2624537568973033,0.01829502071410258,-0.023860878141804705
5506,-576459254516,1.0189582599477867,3.2620442295012424,0.018307417327282582,-0.024335826113924704
5507,-576459254497,1.019287521734992,3.2616020544770907,0.01830977431032258,-0.024838442586244704
5508,-576459254480,1.0196170273436325,3.26115056164496,0.018312132735022583,-0.025341366486344705
5509,-576459254462,1.0121779951882808,3.2647882262421017,0.013351701146608726,-0.02127696255954801
5510,-576459254446,1.0124050331077312,3.264422414139119,0.013353929559788726,-0.02175216206348801
5511,-576459254428,1.0126341033334363,3.2640502114977554,0.013600265381088727,-0.022044112733688007
5512,-576459254409,1.0128812420989655,3.263650657212632,0.013861123088188727,-0.022353274357088008
5513,-576459254392,1.013139671901218,3.2632500951950285,0.014125991335631478,-0.022657744782433747
5514,-576459254376,1.0133820517024048,3.2628622020166986,0.01437251556463148,-0.022949918748433745
5515,-576459254356,1.0136541702451978,3.2624190766768644,0.014238413127711479,-0.023640906594273745
5516,-576459254339,1.0138950492589518,3.262012199038906,0.014118643056171479,-0.024258044251353743
5517,-576459254322,1.0121066272809405,3.2626464014171432,0.012701945346377403,-0.023703419661746036
5518,-576459254303,1.0123469431013417,3.262188991771678,0.012567857009177404,-0.024394334856146036
5519,-576459254286,1.0125616523459209,3.2617698893952385,0.012742675182157404,-0.025010637021666036
5520,-576459254268,1.0127927802493464,3.2613136335098187,0.012928219850367404,-0.025664754261706033
5521,-576459254251,1.0170548288528798,3.263520991999289,0.015585113540920915,-0.02353490178635643
5522,-576459254233,1.0173330595963708,3.2630955594438436,0.015587453092980916,-0.024129941129526426
5523,-576459254216,1.0176140759087409,3.262655152728248,0.015589815711600915,-0.024730847198616426
5524,-576459254197,1.0179103216558973,3.2621792245398358,0.015592305982660915,-0.025364220262286425
5525,-576459254178,1.0181909732059755,3.2617173204489607,0.015594664800540916,-0.025964159654946424
5526,-576459254166,1.0072903681070402,3.2673722620384136,0.00860962637119037,-0.019652992337488608
5527,-576459254160,1.0074443761806866,3.267014699361784,0.008504283357270371,-0.020080608799268606
5528,-576459254142,1.007596471492876,3.2666494814604783,0.00839895204943037,-0.020508177742828607
5529,-576459254123,1.0077467293180513,3.2662764224776555,0.00829357977031037,-0.020935913000158606
5530,-576459254103,1.0078970469405104,3.265890556386489,0.00818680861463037,-0.021369326684778606
5531,-576459254088,1.0136801020402118,3.269270710883507,0.011765925963982375,-0.01806613122808536
5532,-576459254070,1.013893534991519,3.268939145672256,0.011887085761772375,-0.01867850347584536
5533,-576459254052,1.0141080617911487,3.2685982843082453,0.012007634624692376,-0.01928778790432536
5534,-576459254034,1.014325395969315,3.268245428040545,0.012128539306822375,-0.019898870733045356
5535,-576459254016,1.013998092587024,3.2681672752810056,0.011845152651810468,-0.020137881478451195
5536,-576459253997,1.0142284339388654,3.2677710476783988,0.011917301760050469,-0.020737715840061195
5537,-576459253979,1.0144267020247009,3.2674226661854857,0.01197905666293047,-0.021251134697881195
5538,-576459253962,1.0146427833786134,3.2670353951704993,0.01204599936469047,-0.021807683957521196
5539,-576459253944,1.0162745741789831,3.2675655892250446,0.012916214511902538,-0.021340252957801887
5540,-576459253926,1.0165052528357887,3.2671801339871465,0.012918554981382538,-0.021828661578861888
5541,-576459253909,1.0167251456243285,3.266804648849886,0.012920785622582538,-0.022294151260261887
5542,-576459253891,1.0169587318147926,3.26639754798997,0.012977123403872538,-0.022841483743441887
5543,-576459253873,1.013459935479792,3.267916535381993,0.010638708902366532,-0.021229030781533084
5544,-576459253855,1.0136519809635791,3.267529410384523,0.010694937374806533,-0.021775301308013084
5545,-576459253838,1.013834213944269,3.267154912771387,0.010748020875476534,-0.022291017823153084
5546,-576459253822,1.0140169599875712,3.2667713853366265,0.010750249026536533,-0.022827202841593085
5547,-576459253802,1.0142215071939256,3.2663313901235305,0.010752742443036534,-0.023427221662593086
5548,-576459253790,1.0145817690798002,3.266567098486406,0.010974118871565797,-0.023182870908162834
5549,-576459253784,1.0147792037099588,3.266144958837062,0.010976476509905797,-0.023750215905322836
5550,-576459253765,1.0149768234765284,3.2657122970876076,0.010978835852025798,-0.024317970902202835
5551,-576459253749,1.0151739666026975,3.265272037272806,0.010938132037825798,-0.024626977936202835
5552,-576459253731,1.0153595552055157,3.264850971386054,0.010899674965565797,-0.024918928606402834
5553,-576459253718,1.0090883113743756,3.268075201153409,0.0068744942661574295,-0.02131531050035462
5554,-576459253713,1.0092126492719788,3.2676856937314676,0.00683344880237743,-0.02162691120095462
5555,-576459253694,1.0093344153254642,3.2672964343994595,0.00679301197261743,-0.02193389139615462
5556,-576459253676,1.009464659749564,3.2668735706589094,0.006920536234767431,-0.022589798053704622
5557,-576459253658,1.0095902747519676,3.2664614996220225,0.007041340213347432,-0.02321113969076462
5558,-576459253646,1.0159817333282792,3.2706504996030183,0.01097148213555545,-0.01885885920336837
5559,-576459253640,1.0161805405453939,3.270305037101795,0.01109246738052545,-0.01948113316365837
5560,-576459253623,1.016369757613207,3.2699694501440812,0.01120640337699545,-0.02006715010944837
5561,-576459253606,1.0165629746387346,3.269621259250688,0.01134197164081545,-0.020566633691848368
5562,-576459253588,1.0167690662327435,3.2692451361386037,0.01148480955304545,-0.02109290134544837
5563,-576459253570,1.0169749117661497,3.2688647628090797,0.01162572524050545,-0.021612086812648368
5564,-576459253552,1.0171847975838673,3.2684714817716087,0.011681972451605451,-0.022061543111948367
5565,-576459253534,1.017395719890302,3.2680700610041384,0.011738225908925452,-0.022511049323108365
5566,-576459253516,1.0176075256949264,3.267660796295394,0.011794445012035451,-0.022960281019038364
5567,-576459253498,1.017821066395947,3.267242016940185,0.011850854624855451,-0.023411035026698362
5568,-576459253479,1.0136712883798977,3.2634472549678297,0.009244392252720255,-0.02756037715553848
5569,-576459253460,1.0138491292535483,3.2629127565037725,0.009327127552080256,-0.02825608734497848
5570,-576459253442,1.014016118609899,3.262403176331568,0.009404151903980256,-0.028903774932578476
5571,-576459253424,1.014185979390214,3.2618773783051807,0.009481858804820257,-0.029557201983938474
5572,-576459253405,1.004030198397732,3.2666269421665395,0.002967126421741557,-0.024414005703673886
5573,-576459253385,1.0040832636479793,3.266183198715823,0.0029372129659915574,-0.024959396323173885
5574,-576459253369,1.0041329499779887,3.265754555564586,0.0029089254043315575,-0.025475143179933886
5575,-576459253352,1.0041849978549842,3.2652914779608793,0.0028789953068815576,-0.026020837215633884
5576,-576459253335,0.9999206866949365,3.2622614790468583,2.465102280750516e-4,-0.02913735691474046
5577,-576459253326,0.9999274769997817,3.261612418900892,3.683586853250519e-4,-0.02963569021397046
5578,-576459253316,0.9999335932531963,3.2611673235331384,4.507458298250521e-4,-0.029972635452830458
5579,-576459253298,0.9999420482021266,3.260654801684371,5.444809290750523e-4,-0.030355991322220457
5580,-576459253281,0.9999512422111823,3.260133104456247,5.365313055750527e-4,-0.030984070773520455
5581,-576459253264,0.9957140005339588,3.26171954330712,-0.0021054008186386685,-0.02936001782094407
5582,-576459253246,0.995676370040116,3.2611899447864148,-0.002113737407938668,-0.030018670451884066
5583,-576459253229,0.9956402162097648,3.2606720852168327,-0.0021217160071386677,-0.030649039199244065
5584,-576459253211,0.9956021136294305,3.2601185619119466,-0.0021300923211886673,-0.031117774937494066
5585,-576459253194,0.9955635764999575,3.2595524362191957,-0.0021385307927886668,-0.03158998899149407
5586,-576459253176,1.006905984118507,3.26699424605082,0.004868106603479479,-0.02383077840811328
5587,-576459253158,1.0069932233052772,3.2665626105381995,0.004859724213879479,-0.02429985413211328
5588,-576459253142,1.007076371453565,3.2661450670094374,0.00492298633235948,-0.02482580370208328
5589,-576459253124,1.0071606348847115,3.2657183800489196,0.00498627822299948,-0.02535200079229328
5590,-576459253106,1.006717397451005,3.2655240192591233,0.004723757854090791,-0.025626241193663284
5591,-576459253089,1.0068029944434935,3.2650579179141515,0.004790719163450791,-0.026182945153453284
5592,-576459253070,1.00688912441862,3.264580871341849,0.004760705857500791,-0.026719363945803282
5593,-576459253052,1.0069743961436373,3.264095976527311,0.004730804050940791,-0.027253789943083282
5594,-576459253034,1.0039104426884333,3.2614946499694204,0.00276713226298985,-0.029952159681212544
5595,-576459253016,1.003959965050534,3.260950875619828,0.0027371871880098497,-0.030487359001952544
5596,-576459252997,1.0040115362693214,3.260365478679329,0.00269422079380985,-0.031165820618852542
5597,-576459252980,1.0040570217030158,3.259830370039488,0.0026557478834898503,-0.03177332779809254
5598,-576459252961,1.0041070411638429,3.259220617455057,0.0026127860144498504,-0.032451717960372536
5599,-576459252948,1.0009591978316388,3.2607799470042718,6.686851309919226e-4,-0.03079166255032111
5600,-576459252943,1.0009708720216919,3.2602196892099915,6.279428529319228e-4,-0.031435004221491106
5601,-576459252927,1.0009804127078998,3.2597083772994813,5.52689025291923e-4,-0.03183834196215111
5602,-576459252908,1.0009896283661337,3.259129759029859,4.6866287917192326e-4,-0.03228869667493111
5603,-576459252891,1.0009972348558631,3.258550903045742,3.8575888207192347e-4,-0.03273303700858111
5604,-576459252872,1.00312467457602,3.259372635559725,0.0016406861194731607,-0.03170465228111066
5605,-576459252856,1.003153861187495,3.258797685120726,0.001599930265933161,-0.03213262512954066
5606,-576459252836,1.0031822778021704,3.258215774494277,0.0015592264517331612,-0.03256005151844066
5607,-576459252819,1.0032102248257864,3.2576204672778712,0.0015181312111931615,-0.03299158823337066
5608,-576459252799,1.0023189496956548,3.2574769602607336,9.512326440875321e-4,-0.03307016613260381
5609,-576459252782,1.0023367988087284,3.256851687392883,9.536887084875324e-4,-0.03366119649820381
5610,-576459252765,1.0023530925898068,3.25627266685346,9.559252473875326e-4,-0.03419939997680381
5611,-576459252747,1.00237026777054,3.25565388056895,9.582771190875329e-4,-0.03476535728260381
5612,-576459252731,1.0023863490295395,3.2550792158984923,9.997478412875332e-4,-0.035204771836763814
5613,-576459252719,1.0062878890003577,3.25763148069222,0.0033749772443653044,-0.03257349983510136
5614,-576459252713,1.0063476796253945,3.2570540438754616,0.003419411964365305,-0.033044320251101364
5615,-576459252694,1.00641309722631,3.2564214403114415,0.0034673762149653054,-0.033552538788781366
5616,-576459252677,1.0064758311798478,3.255814011768455,0.0035127576974653056,-0.03403339088978136
5617,-576459252658,1.0065401520503476,3.2551962669040604,0.0036336086710353063,-0.034601114348221364
5618,-576459252646,0.9996425605456348,3.258630263286891,-6.591727972826622e-4,-0.030880107889284414
5619,-576459252638,0.9996317749594509,3.258068840397059,-5.382278337326616e-4,-0.031448272885884414
5620,-576459252623,0.9996235778148023,3.2575283510654294,-4.238218873626611e-4,-0.031985719441924416
5621,-576459252605,0.9996173172723376,3.25697733710625,-3.091339710526606e-4,-0.03252449061244442
5622,-576459252589,0.9996123455802234,3.256386176311229,-2.4199030721266e-4,-0.03300713504116442
5623,-576459252576,1.0033575025465697,3.2588214895601153,0.002032891245710451,-0.030487246831306585
5624,-576459252571,1.0033947163742907,3.258268106709239,0.0020999120993904514,-0.030969008471746585
5625,-576459252553,1.0034327493591877,3.257711677072263,0.002166266800990452,-0.03144598165454659
5626,-576459252535,1.0034720212067019,3.2571423753095896,0.002200911126640452,-0.031862526844046585
5627,-576459252516,1.0035119921424118,3.2565644844798465,0.0022356209461504516,-0.03227985949734658
5628,-576459252498,0.9946050487686019,3.260494161227015,-0.003327497818097776,-0.027759280048256747
5629,-576459252480,0.9945459268811776,3.259994686589942,-0.003293094278697776,-0.028172930150256747
5630,-576459252461,0.9944865016271617,3.2594786076098843,-0.0032472154302977756,-0.028626429310216746
5631,-576459252443,0.9944259065415633,3.2589360787180546,-0.0031997561196977753,-0.029095550882356744
5632,-576459252425,0.9861908162866334,3.2530557114602012,-0.008114996168229492,-0.03509711136675468
5633,-576459252409,0.9860531535223394,3.252455134741811,-0.008072053545929492,-0.03552158678012468
5634,-576459252392,0.9859169397429945,3.251849186147966,-0.007968193668489491,-0.03583364094540468
5635,-576459252375,0.9857742593140757,3.2512000830128422,-0.007857931218529492,-0.036164932081424676
5636,-576459252356,0.9856314908717696,3.2505352247195964,-0.007746029905689492,-0.03650114729400467
5637,-576459252343,0.9733953412875831,3.256583916185043,-0.01543828293102753,-0.02983916277050636
5638,-576459252337,0.9731075307152101,3.2560223491463427,-0.01532385605710753,-0.03018296620554636
5639,-576459252320,0.9728475308638149,3.2555078090098286,-0.01534192814942753,-0.030504671526856358
5640,-576459252302,0.9725710652539555,3.2549553738696364,-0.015361121421267531,-0.030846335213326356
5641,-576459252284,0.9736466746085216,3.255297992174799,-0.014562144326022115,-0.030253140330664976
5642,-576459252267,0.9733984246822267,3.254779816047283,-0.014580301679142114,-0.030576363398374974
5643,-576459252249,0.9731362064042294,3.2542268398065683,-0.014610200157362115,-0.030981717500514976
5644,-576459252230,0.9728716648657542,3.2536627515834105,-0.014640301664322114,-0.031389824202034976
5645,-576459252213,0.9726085153299413,3.2530954786565522,-0.014670183500842114,-0.031794952681274975
5646,-576459252201,0.9738920894588818,3.2524671708157387,-0.013858750851805955,-0.03249262977366559
5647,-576459252195,0.9736429040062743,3.2518799314229625,-0.013888641009175955,-0.03289787106435559
5648,-576459252177,0.9733940226251813,3.2512851137624397,-0.013811011867075956,-0.03330331541565559
5649,-576459252158,0.9731598184406263,3.2507155960887437,-0.013737560097285956,-0.03368694203252559
5650,-576459252142,0.9729133651259222,3.250105882877834,-0.013659840236655956,-0.03409286019191559
5651,-576459252124,0.9798449802598673,3.254319161962793,-0.009281223746787984,-0.029565861635474467
5652,-576459252106,0.979678188697422,3.253782192051687,-0.009235741276287984,-0.030047783782874468
5653,-576459252088,0.9795115180493048,3.253234219978188,-0.009190066928587984,-0.030531739018434468
5654,-576459252072,0.9793657059699208,3.252745352890319,-0.009149921673887984,-0.03095710921359447
5655,-576459252053,0.9757651454817405,3.253895411526508,-0.011471677667828386,-0.02959386500827126
5656,-576459252035,0.9755460470485211,3.2533282849997223,-0.011616834184158386,-0.03016971861425126
5657,-576459252017,0.9753356697499227,3.252780222574486,-0.011754525988968386,-0.030715958799111258
5658,-576459252001,0.9751467608777682,3.2522852579212524,-0.011876806529728386,-0.031201060619671258
5659,-576459251983,0.9749276784363443,3.251706867150476,-0.011896449552288387,-0.03156175971311126
5660,-576459251970,0.9767569673519461,3.2529278729610502,-0.010792037410160358,-0.030298271670938594
5661,-576459251966,0.9765667759422261,3.2523913471985813,-0.010810803312240358,-0.030642864456858595
5662,-576459251947,0.9763717272494638,3.251835799379515,-0.010830014702000358,-0.030995637603098595
5663,-576459251929,0.9761753015709016,3.2512709142843828,-0.010849327338960357,-0.031350269922138595
5664,-576459251911,0.9759802498183996,3.25070157219611,-0.010803842343760356,-0.03185378072981859
5665,-576459251899,0.967516609600814,3.2549042447207084,-0.01620538625583269,-0.02714957510489146
5666,-576459251893,0.9672256286889561,3.254411550191152,-0.016159989625132692,-0.027652107733271456
5667,-576459251875,0.9669374300530491,3.25391325428054,-0.01611490100783269,-0.028151230708091456
5668,-576459251858,0.966647867253092,3.2534021764802974,-0.01606947155603269,-0.028654126660211453
5669,-576459251839,0.9663582684532511,3.2528804264823243,-0.01606710946165269,-0.029244114251191455
5670,-576459251819,0.9741280361009225,3.2578352903080976,-0.01120324860097711,-0.024164562796811125
5671,-576459251802,0.9739169677553066,3.257374170764099,-0.01120077916845711,-0.024781360565731124
5672,-576459251785,0.9737353079881281,3.256968678054771,-0.011227737058287111,-0.025282558111701124
5673,-576459251768,0.9735349654831608,3.2565132303288293,-0.01125739256768711,-0.025833909446301123
5674,-576459251748,0.966397028939075,3.2595199221013558,-0.01572846833544022,-0.022495434772912777
5675,-576459251732,0.9661134735707391,3.259109738412803,-0.01575844170131022,-0.023052695653242777
5676,-576459251715,0.9658446232256698,3.2587117376410295,-0.01573577080607022,-0.02357071813150278
5677,-576459251698,0.9655785640606235,3.2583085778936645,-0.01571330307647022,-0.02408409834190278
5678,-576459251680,0.9662802843479824,3.258548347008055,-0.015105822500298637,-0.023926029329673644
5679,-576459251663,0.9660084287584901,3.258112493941882,-0.015081906053618636,-0.024472512247493642
5680,-576459251644,0.9657354722842797,3.257663171605364,-0.014992628345938636,-0.02503413567205364
5681,-576459251627,0.9654660440481919,3.257206930684147,-0.014903980185778636,-0.02559179877277364
5682,-576459251609,0.9593285270766977,3.2596503328696107,-0.01858203593662625,-0.022882269116746724
5683,-576459251591,0.9589946807595653,3.259233228786689,-0.01849346155156625,-0.023439468117016724
5684,-576459251573,0.9586626362663834,3.258806351011178,-0.01843730178754625,-0.024038874170956723
5685,-576459251556,0.9583312707780275,3.258368251221561,-0.01838108580754625,-0.02463888023095672
5686,-576459251536,0.9579976370756463,3.2579148330281957,-0.018324310790856252,-0.02524485301788672
5687,-576459251525,0.9719615234085784,3.267366466785299,-0.00988423615422099,-0.015495819095417526
5688,-576459251519,0.9717858625386898,3.267085006515847,-0.009828576087800989,-0.016089891762157527
5689,-576459251501,0.9716078359856513,3.266787112809761,-0.00973908197316099,-0.016652876548037526
5690,-576459251484,0.9714353753087321,3.2664859965287345,-0.009651594541240989,-0.017203237801677526
5691,-576459251466,0.9712618217892725,3.2661701714877913,-0.009562744729140989,-0.017762169443627525
5692,-576459251452,0.9733581215066724,3.265125838977124,-0.008215141289898234,-0.01893799319684116
5693,-576459251447,0.9732098981939802,3.264779109121405,-0.008169461892798234,-0.019389520838331162
5694,-576459251429,0.9730629806661811,3.264425380354493,-0.008123931452998234,-0.01983957607995116
5695,-576459251410,0.9729187746492918,3.264068282381839,-0.008078991792998234,-0.02028379163395116
5696,-576459251393,0.9727736573625176,3.2636988617406804,-0.008033514371898233,-0.02073332280104116
5697,-576459251375,0.9753155327389541,3.265139730691884,-0.006310153936649676,-0.019298257203371152
5698,-576459251357,0.9752026449371409,3.2647877845573503,-0.006210675900649676,-0.01973747200401115
5699,-576459251330,0.9750742356559025,3.2643705792194764,-0.006095546844899676,-0.02024578908889115
5700,-576459251319,0.9749635329716365,3.263995733742243,-0.0059945186021496755,-0.02069184835265115
5701,-576459251300,0.9709333238114781,3.2655847331771444,-0.008503248139829493,-0.019097136374808078
5702,-576459251283,0.9707889164557608,3.2652552770426975,-0.008490850797179494,-0.019673812074408076
5703,-576459251264,0.9706362840927915,3.2648958542725963,-0.008477727631879494,-0.020284250193608074
5704,-576459251249,0.9705007846191912,3.2645670879256286,-0.008466060488699493,-0.020826959881128072
5705,-576459251229,0.9703471795228537,3.264190716785711,-0.008550123884579493,-0.020866973864028072
5706,-576459251215,0.9694963735243769,3.2636174457684644,-0.009065441758400291,-0.02145713193237898
5707,-576459251207,0.9693050641829315,3.2631665723293515,-0.00916317581620029,-0.02150365311887898
5708,-576459251192,0.96914908872312,3.2628017885687575,-0.00924209408898029,-0.02154121803502898
5709,-576459251174,0.9689834172993645,3.26240718525876,-0.009120954431900289,-0.02219667932670898
5710,-576459251157,0.9688295743715754,3.2620252086142725,-0.009007005008290289,-0.02281323577226898
5711,-576459251146,0.9651571437192648,3.2638584447229206,-0.011371517937262314,-0.02074736735318163
5712,-576459251139,0.964953048971591,3.263478165654626,-0.011250378280182313,-0.021402828644861628
5713,-576459251121,0.9647521973758537,3.263088154816409,-0.011129876412252313,-0.022054838993141628
5714,-576459251102,0.9645621387850717,3.2627074210856306,-0.011117412687832312,-0.02251190931290163
5715,-576459251087,0.9643741254759939,3.2623226673688577,-0.011105069325962311,-0.022964565691261627
5716,-576459251068,0.9607579711287043,3.2595522214487103,-0.013153576979465238,-0.025869785806599526
5717,-576459251050,0.9605213906194557,3.25908236337247,-0.013140450166815238,-0.026351172930799527
5718,-576459251029,0.9602818170277279,3.258597639338523,-0.013127143904545238,-0.026795478453119526
5719,-576459251014,0.960048885795159,3.2581181008418247,-0.013114193623635239,-0.027227897505679523
5720,-576459250995,0.9584454920330822,3.258270652797801,-0.013972112647135097,-0.026931530947946647
5721,-576459250978,0.9582086019960655,3.257810336225594,-0.013959739376995097,-0.027344683202186647
5722,-576459250959,0.957944569629494,3.25728441708924,-0.013786410956275096,-0.027922144914026645
5723,-576459250943,0.9577119801143514,3.2568063231344575,-0.013631898031415096,-0.028436920838946646
5724,-576459250924,0.966236767471185,3.2622710837146593,-0.008162553643836183,-0.022835901171242665
5725,-576459250907,0.9660941249516009,3.2618633273817443,-0.008001820494546183,-0.023371400422622663
5726,-576459250889,0.9659489852331526,3.2614310863998366,-0.007944970523216183,-0.024119780361622663
5727,-576459250872,0.9658079648486004,3.2609949429658784,-0.007889341687896182,-0.024852085117622665
5728,-576459250853,0.9656666114719905,3.2605414313706036,-0.007833185046986182,-0.025591337970622664
5729,-576459250841,0.9682311312391115,3.259265999678812,-0.006182452301117736,-0.027027621088358936
5730,-576459250835,0.9681193116264657,3.2587681210977735,-0.006125705392417736,-0.027774644298358936
5731,-576459250817,0.9680095670122073,3.258262834195097,-0.006069495658637736,-0.028374583691018935
5732,-576459250801,0.9679138240238958,3.257809227889768,-0.006020028719347735,-0.028902555690148934
5733,-576459250783,0.9678059754145818,3.2572836113353505,-0.005963815862457735,-0.029502528416478935
5734,-576459250771,0.9779988124429899,3.264111680918216,2.2695465256302155e-4,-0.02248292391311589
5735,-576459250765,0.9780031202695884,3.263701673856986,2.508963289630216e-4,-0.022997615324815892
5736,-576459250748,0.9780075998148687,3.2633046637490115,2.735791751230217e-4,-0.023485244758795893
5737,-576459250730,0.9780124102667024,3.2629039022533166,2.9600839620302173e-4,-0.023967421832285892
5738,-576459250713,0.9780179487358899,3.262468231360797,3.198903180030218e-4,-0.02448082865643589
5739,-576459250695,0.9721571481545281,3.2650048555322035,-0.0033566584882091,-0.021565797235
5740,-576459250677,0.9720976122431942,3.2646126592509264,-0.0032573404379590996,-0.02200430566756
5741,-576459250660,0.9720430789164441,3.2642353802479196,-0.0031636329224590995,-0.022418042502279998
5742,-576459250643,0.9719901004668448,3.263850799527933,-0.0030698592059590995,-0.02283207162724
5743,-576459250622,0.976985740906182,3.266824636426025,1.745134044473253e-4,-0.019799397795960294
5744,-576459250607,0.9769904582998494,3.266463981668878,3.4932132626732575e-4,-0.020248879051190292
5745,-576459250589,0.9769983419850011,3.266094527546168,5.244592391673263e-4,-0.02069920880804029
5746,-576459250571,0.9770093231093551,3.2657188505803947,6.987236462673267e-4,-0.02114729253119029
5747,-576459250553,0.9758513445097774,3.265928066084996,1.3872575650230234e-4,-0.020991558862772743
5748,-576459250534,0.9758560259384454,3.265519249524415,3.4831426306230204e-4,-0.021540334664132743
5749,-576459250515,0.9758640449143955,3.2651275826508246,5.442202074223018e-4,-0.022053284746042744
5750,-576459250499,0.9758748997917174,3.2647476953703882,7.299759801423015e-4,-0.022539658138862745
5751,-576459250482,0.9758865833958986,3.2643591118927975,6.403740293823018e-4,-0.023036635268462745
5752,-576459250470,0.9746326565797789,3.263524293857593,-1.2231479600640033e-4,-0.023894311781999626
5753,-576459250464,0.9746296153682289,3.2630907933670055,-2.1661438598640002e-4,-0.024417344362799624
5754,-576459250448,0.9746254468502934,3.2626938968109607,-3.0121392898639973e-4,-0.024886575642799624
5755,-576459250431,0.974619554810119,3.262265826744274,-3.9070553251639945e-4,-0.025382940731599624
5756,-576459250412,0.974612717054899,3.2618022997155767,-3.667306591163994e-4,-0.025963171558349624
5757,-576459250395,0.9802301209502866,3.2584909318407593,0.003270382567575149,-0.029731558210879902
5758,-576459250377,0.9802891601274778,3.2579509516508276,0.0032942671451351487,-0.030309603731829903
5759,-576459250359,0.9803468448960452,3.2573985739698297,0.0031023583336151485,-0.030943188572229902
5760,-576459250341,0.9804013128375088,3.256832116379749,0.002909555735215148,-0.0315797242402299
5761,-576459250323,0.9796609723509048,3.2557304444990787,0.0022367522212954276,-0.03275341898581225
5762,-576459250305,0.9796997309814516,3.25513158621083,0.0020440773067354275,-0.03338953310701225
5763,-576459250286,0.9797364927440494,3.254533686381002,0.0020994937705754277,-0.034002242121572254
5764,-576459250270,0.9797748240674955,3.2539154980983587,0.0021557597203354277,-0.03462434342941226
5765,-576459250251,0.9798140872354805,3.2532874061333725,0.002211910115025428,-0.03524516710912226
5766,-576459250239,0.9741462796131105,3.256139054486033,-0.0014276214505093807,-0.03204227109254756
5767,-576459250233,0.9741210883708213,3.255556699666987,-0.0013714054705093804,-0.032663819912547555
5768,-576459250216,0.9740972942416553,3.254964157001978,-0.00127209293700938,-0.03316693944850756
5769,-576459250198,0.9740752457201975,3.254361345038849,-0.00117258180050938,-0.033671065111747556
5770,-576459250180,0.9740550479877532,3.253751216729141,-0.0010733575350093797,-0.034173737480027555
5771,-576459250166,0.9754575927698228,3.2546872104591067,-2.201003777788066e-4,-0.03321305989791635
5772,-576459250161,0.9754544028347136,3.2540500041410785,-1.1510007502880631e-4,-0.03374499380125635
5773,-576459250143,0.9754527312417772,3.2534750210802885,-8.251110080880635e-5,-0.03422794162727635
5774,-576459250124,0.9754515569055976,3.2528534250624803,-4.778972355880641e-5,-0.03474249030702635
5775,-576459250105,0.975450992388946,3.25217443714832,-1.0440886748806465e-5,-0.03529597626273635
5776,-576459250088,0.9684468550737166,3.2551024690498576,-0.004470070880162596,-0.031811885397106804
5777,-576459250069,0.9683667579839901,3.2545156434606364,-0.004314912912162596,-0.032550668945756804
5778,-576459250052,0.9682914587157313,3.2539310875322913,-0.0041637796065625956,-0.033270289093336805
5779,-576459250034,0.968217901140315,3.253325760963504,-0.004010646732962596,-0.03399943016956681
5780,-576459250015,0.9678498172329693,3.252509078891324,-0.004102618185483286,-0.034697232665260355
5781,-576459249999,0.9677805422924147,3.251913164143399,-0.004018711305083286,-0.035163816329460355
5782,-576459249981,0.9677131631444035,3.2513134936749544,-0.003935384788803287,-0.03562717274440035
5783,-576459249964,0.9676429421925479,3.2506660762901523,-0.003846623506823287,-0.03612075043419035
5784,-576459249946,0.9648150251544891,3.2513790014157373,-0.00559115249295136,-0.035183787740647135
5785,-576459249929,0.9647209693298452,3.250781208029487,-0.00556876974767136,-0.03574566008216713
5786,-576459249910,0.964615546519469,3.250096969603219,-0.00554357455255136,-0.036378133136747134
5787,-576459249892,0.9645160104121432,3.249436985020453,-0.0055196806798313595,-0.03697793919472713
5788,-576459249875,0.9644205984101225,3.2488036266916116,-0.00570064060207136,-0.03750413628493713
5789,-576459249862,0.9733990809547655,3.2548361290112995,-2.3985976858728608e-4,-0.03131530523673351
5790,-576459249856,0.9733930324119994,3.254266899399869,-4.3156641402728623e-4,-0.03187275175724351
5791,-576459249841,0.9733841790739339,3.2537216933246746,-6.120900831472864e-4,-0.03239768030622351
5792,-576459249822,0.9733712179369659,3.253124525035307,-8.065206505072865e-4,-0.03296304747441351
5793,-576459249803,0.9733577670044521,3.2525352991672474,-7.085652375072863e-4,-0.03340616496749351
5794,-576459249786,0.9654055359150742,3.25594804813779,-0.005699364613108274,-0.029349450673855353
5795,-576459249768,0.9653027491581184,3.25540990395233,-0.0055989873468582745,-0.029803523820205353
5796,-576459249750,0.9652039281422434,3.2548752662230145,-0.0055007560963582745,-0.030247889109785354
5797,-576459249732,0.9651055709773284,3.2543244781799987,-0.005422962796918274,-0.030923595010105356
5798,-576459249718,0.9750051096416189,3.2609216637030753,6.060252495629793e-4,-0.0241498237002143
5799,-576459249714,0.9750173935476527,3.2604564171713593,6.880391206129792e-4,-0.0248621891221143
5800,-576459249696,0.9750297951835181,3.2600256347307877,7.619358431929792e-4,-0.0255040496913543
5801,-576459249678,0.9750423437255881,3.259589184695536,7.237140792529795e-4,-0.0261682447799643
5802,-576459249660,0.9750556729632194,3.2590854025705007,6.807680482729798e-4,-0.026914535372334302
5803,-576459249641,0.9699355416095788,3.261187220251178,-0.002649196728162061,-0.024713941999927075
5804,-576459249624,0.9698898961055559,3.260758736456545,-0.0026878981590620606,-0.025386472455777076
5805,-576459249607,0.9698432756377219,3.2603050858501117,-0.0025796537119020606,-0.025870587194347077
5806,-576459249589,0.9697976744861783,3.2598332973699766,-0.0024691894616620607,-0.026364629826827076
5807,-576459249571,0.9864591483764519,3.2705627358873848,0.007804628538463823,-0.015338325437729195
5808,-576459249555,0.9865926869764945,3.2702980797517593,0.007908567912983824,-0.015803186079019194
5809,-576459249538,0.9867255259470106,3.270024280047175,0.0076865213704238235,-0.016340474942859194
5810,-576459249520,0.986861607884982,3.2697254142429624,0.007452196837543823,-0.016907473017179195
5811,-576459249500,0.9870007677442592,3.269398672139045,0.007204694971103822,-0.017506356454339195
5812,-576459249488,0.9870663283241415,3.2693653508704066,0.007246757202683064,-0.017543807775068136
5813,-576459249482,0.9872016990766094,3.2690262351186754,0.006999046792883063,-0.018143195827268137
5814,-576459249464,0.987320543876435,3.2687134901169066,0.006940057104083064,-0.018538132083668137
5815,-576459249447,0.9874443611254691,3.2683775490806775,0.006878061196683064,-0.018953194988368137
5816,-576459249430,0.9875607610054794,3.268052075432247,0.006819265234283065,-0.019346834245568136
5817,-576459249418,0.9951844478415675,3.273063892463207,0.011461779787896493,-0.014196597223871475
5818,-576459249411,0.9953905984357013,3.272804090193447,0.011399389508896494,-0.014614300448371476
5819,-576459249393,0.9955957800820163,3.272536802536165,0.011390974404796495,-0.015074431894411476
5820,-576459249375,0.9958027110868531,3.272258635123645,0.011382481253246495,-0.015538830915231477
5821,-576459249358,0.996005950412746,3.2719770039564096,0.011374133447546494,-0.015995282536311477
5822,-576459249334,0.9983954246011872,3.270553036800163,0.012917931813679154,-0.017737542360035413
5823,-576459249320,0.9986550907182732,3.27019343886974,0.013075973495489154,-0.018260048152285414
5824,-576459249304,0.9988784592668998,3.2698793325016737,0.013210410573539154,-0.018704514138535414
5825,-576459249285,0.9991048332069743,3.269556638351114,0.013345274812649154,-0.019150392373285415
5826,-576459249267,0.9928899726454521,3.264961967314381,0.009556139640030856,-0.023960752319528395
5827,-576459249250,0.9930623530155948,3.264528925337866,0.009697783083370857,-0.024407613202108394
5828,-576459249231,0.9932398084885513,3.2640814685854904,0.009841467407330856,-0.024860912714628394
5829,-576459249213,0.9934289136452886,3.2636028585189383,0.009992310634240855,-0.025336797343798394
5830,-576459249195,0.9914914590558446,3.2642314735596925,0.008838751546335363,-0.024447268531606458
5831,-576459249178,0.9916527091918061,3.263787653326993,0.009046134873535363,-0.024778578041046457
5832,-576459249159,0.9918173287323964,3.263338863302023,0.009253058166735363,-0.025109152613686455
5833,-576459249140,0.9919856428569853,3.2628842018984408,0.009459946957385364,-0.025439672066066454
5834,-576459249122,0.9921558157499596,3.26241731014498,0.009332266942925365,-0.026119242788006453
5835,-576459249110,0.9926068236245691,3.2627146435602996,0.009606905893602132,-0.025813686027153657
5836,-576459249104,0.992786936057224,3.262220620152959,0.009473811586662132,-0.026522074059813657
5837,-576459249086,0.9929485061047113,3.261759868149322,0.009352807789622133,-0.027166110936373656
5838,-576459249069,0.9931146443145772,3.2612680288644675,0.009226728093382134,-0.027837164041733656
5839,-576459249052,0.9932703418443318,3.2607907392942876,0.009178323003572134,-0.028583377382683656
5840,-576459249039,0.993090075907759,3.2608821591479162,0.009062638132616997,-0.02848044187270609
5841,-576459249033,0.9932632990053074,3.260328026367102,0.009007787232336997,-0.02932602389130609
5842,-576459249016,0.9934159104651913,3.2598234716877665,0.008959184734216996,-0.030075280480706092
5843,-576459248998,0.9935681001277767,3.259311708836152,0.009012080848286997,-0.030356065284736094
5844,-576459248981,0.9937301887537395,3.2587647597667195,0.009068078210586996,-0.030653312231436095
5845,-576459248962,0.9881729849990738,3.254363089115185,0.005639933416226397,-0.034892095402663706
5846,-576459248944,0.988275061009857,3.25373202901596,0.005696177504216397,-0.035190652026373705
5847,-576459248924,0.9883785496552252,3.253089807751342,0.005709415196306397,-0.0355892305567337
5848,-576459248908,0.9884819065540951,3.2524426926433256,0.005722605472846397,-0.0359863814348937
5849,-576459248888,0.9815875622908146,3.2553217177758933,0.0012437647596343403,-0.03239735820372047
5850,-576459248872,0.9816100079004978,3.25473658120435,0.0012568602050743406,-0.03279165377748047
5851,-576459248854,0.9816317523410614,3.254176050518,0.0012998053520743408,-0.033114364605780475
5852,-576459248837,0.9816543212772959,3.2536076898787,0.0013429272280743412,-0.03343840346218047
5853,-576459248819,0.9780926361517024,3.2506464089054337,-7.97868417243141e-4,-0.03621966195221891
5854,-576459248802,0.9780787030854646,3.2499923321374484,-7.524894594431407e-4,-0.036560661624638904
5855,-576459248785,0.9780653930319332,3.249364820588319,-8.113753662431402e-4,-0.037168811895458904
5856,-576459248767,0.9780502348415866,3.248690296644065,-8.736168910431398e-4,-0.0378116176569789
5857,-576459248750,0.9780348909304416,3.2480426438983137,-9.323990158431393e-4,-0.0384186961084989
5858,-576459248739,0.9687133285844837,3.2526852402204605,-0.006908689175764517,-0.03319461010652032
5859,-576459248733,0.9685951580234572,3.252114687570882,-0.006967609676564516,-0.03380311765044032
5860,-576459248714,0.9684642025118413,3.2514669625871404,-0.006828799048244516,-0.03443592404172032
5861,-576459248695,0.9683425892202188,3.2508423465411913,-0.0066973150238845165,-0.03503533009566032
5862,-576459248680,0.9682363154709238,3.2502772299994835,-0.006580264848044516,-0.035568935485020325
5863,-576459248660,0.9708859227346996,3.2514837847352633,-0.004753073805402928,-0.0342598301098728
5864,-576459248643,0.9708032276075523,3.250862103954756,-0.004449588908522929,-0.034923430574232806
5865,-576459248625,0.970725878917975,3.2502275716714157,-0.0041456649616029295,-0.0355879910659728
5866,-576459248607,0.9706539272615632,3.2495803898232007,-0.00384142017042293,-0.0362532531161828
5867,-576459248590,0.9697777132849951,3.2493682825771826,-0.004278168138314542,-0.03593764703380648
5868,-576459248572,0.9697056531814561,3.248755796841626,-0.004194507174914542,-0.036077136688306484
5869,-576459248557,0.9696392076567003,3.248177838871776,-0.004115857999974542,-0.036208270084256484
5870,-576459248539,0.9695658183021207,3.2475238526378423,-0.004027204921474542,-0.03635608319550648
5871,-576459248522,0.9831379775953087,3.256081724718152,0.004373208817369682,-0.027193479975969534
5872,-576459248504,0.9832192129522349,3.255579777548148,0.0044745128976196825,-0.027475928073279532
5873,-576459248485,0.9833006296026786,3.255082830071937,0.004573792330619683,-0.02775273120779953
5874,-576459248467,0.9833861280290264,3.254567136891077,0.004675780487869683,-0.02803708659498953
5875,-576459248450,0.9834676978502572,3.2540757957920077,0.004657151003069683,-0.02818043046098953
5876,-576459248432,0.9749738815468891,3.257944083510633,-8.538651180792587e-4,-0.023428218481798713
5877,-576459248415,0.9749592066056444,3.2575444774255127,-8.719894326392587e-4,-0.023567675334498713
5878,-576459248398,0.9749442359037943,3.257142831636203,-8.900988265592587e-4,-0.023707017380898712
5879,-576459248379,0.9749278611647322,3.256687986967219,-8.306597970392585e-4,-0.02409086712769871
5880,-576459248361,0.9861794556001335,3.263834993066381,0.0060886627271977915,-0.016670764903966538
5881,-576459248343,0.986290866403054,3.263528023319765,0.006145543929627791,-0.017038096526416538
5882,-576459248326,0.9863950481253231,3.2632375468793064,0.006198262026427792,-0.017378543338416538
5883,-576459248307,0.9865081301240781,3.262921921610185,0.0064677324577877915,-0.01797374934993654
5884,-576459248291,0.9866202891674152,3.262611476993967,0.006724345093027792,-0.01854055507461654
5885,-576459248279,0.9949985993937386,3.2583657743115775,0.012086066316220907,-0.023290084768954257
5886,-576459248273,0.9952188899690343,3.2579405793594165,0.012358072087660906,-0.023890890837034256
5887,-576459248255,0.9954437674291241,3.2575051677606903,0.012629700576350905,-0.024490863563364256
5888,-576459248235,0.9956740732361861,3.2570571913265898,0.012762339893550904,-0.024900143503964255
5889,-576459248218,0.9959053409286512,3.256604625068282,0.012894160268990904,-0.025306896468084254
5890,-576459248200,0.9954918920369283,3.2557201632490917,0.012632504904079842,-0.026148911509936312
5891,-576459248183,0.9957208951062345,3.255246030870223,0.01281793622795984,-0.02654417349441631
5892,-576459248163,0.9959534042422941,3.254764435142164,0.01300350150422984,-0.02693972100933631
5893,-576459248147,0.9961890969553544,3.2542760440205494,0.01318894313213984,-0.027335004957696307
5894,-576459248128,1.0017091769808852,3.25106922127657,0.016753595005157478,-0.03075600959368137
5895,-576459248111,1.0020130423342177,3.2505205683424427,0.01730057436977748,-0.03073148722662137
5896,-576459248092,1.002334167757187,3.2499594562304335,0.017860426721797478,-0.03070638773336137
5897,-576459248075,1.0026560186595854,3.2494146343134322,0.01840446368929748,-0.03068199728086137
5898,-576459248057,1.0072078199873638,3.251623036737461,0.021523532445286743,-0.02782976510333306
5899,-576459248039,1.0075999390823995,3.251119351488388,0.021989655707156743,-0.028063842961123058
5900,-576459248021,1.0079951602733714,3.250618125401715,0.022449675374186743,-0.02829485571463306
5901,-576459248003,1.0084041545696314,3.2501058295926706,0.022916005537576743,-0.02852903747426306
5902,-576459247984,1.005598479946785,3.2512457257006573,0.02132061016456905,-0.02691448281512462
5903,-576459247967,1.0059819718623924,3.2507602087800778,0.02111749259727905,-0.02681394307758462
5904,-576459247949,1.0063636332556924,3.2502741581562207,0.02091338602174905,-0.02671291379780462
5905,-576459247930,1.0067538871987511,3.24977413584712,0.02070260364059905,-0.02660858010790462
5906,-576459247910,1.0071245288868083,3.249296321184181,0.02050040764916905,-0.026508496534724618
5907,-576459247893,1.0114376252006223,3.2514271095136094,0.02312568780782906,-0.02380475204638188
5908,-576459247877,1.011832479999088,3.2510228326140815,0.02334148470947906,-0.02377122906898188
5909,-576459247857,1.0122310258231855,3.25061910169985,0.023557294308799062,-0.02373770411906188
5910,-576459247842,1.0126820647322712,3.250198503424807,0.026483079473389064,-0.02292544283198188
5911,-576459247824,1.0082883774631848,3.2523281150871393,0.026274309265467637,-0.019286940805852863
5912,-576459247806,1.0087876660492525,3.2519882126034116,0.029196036925807637,-0.01847580596977286
5913,-576459247788,1.0093401618434839,3.2516625765483846,0.03212084828937764,-0.01766381503093286
5914,-576459247770,1.009905092553572,3.2513306988693302,0.03061437770597764,-0.01919100774023286
5915,-576459247751,1.010441727345251,3.250972145109762,0.02911125297617764,-0.02071480857233286
5916,-576459247740,1.0183493361997318,3.2561481699567665,0.03392417237296963,-0.015415923255195333
5917,-576459247734,1.018946193663548,3.2558570648293115,0.03241912377734963,-0.016941674416685332
5918,-576459247716,1.0195159707879833,3.2555385068612077,0.03091407518172963,-0.018467425578175333
5919,-576459247697,1.0200763637315577,3.255202878725157,0.03127234700929963,-0.018776999439975333
5920,-576459247679,1.0206496352334928,3.254857796211099,0.03163465419063963,-0.01909006015157533
5921,-576459247666,1.0200366746291614,3.255175214114607,0.03124312565628656,-0.018735933408377127
5922,-576459247661,1.0206267046884052,3.2548204577005606,0.03161630642635656,-0.019058389720177128
5923,-576459247643,1.0211664152730349,3.2544943700610207,0.031953844884556555,-0.019350048388177127
5924,-576459247624,1.0217346981938373,3.254141293120233,0.031213266859166557,-0.019895985156837128
5925,-576459247608,1.0222898082571585,3.253778290929178,0.030472483037626556,-0.020442073633597128
5926,-576459247588,1.030592712016321,3.2584762079735845,0.034437362727465996,-0.015791693427996457
5927,-576459247570,1.0311938170555592,3.258191508768854,0.033711272751036,-0.016485298208566458
5928,-576459247554,1.0317654563694831,3.2579037416105368,0.033119768801996,-0.01715790729995646
5929,-576459247537,1.0323525333608454,3.257590441197429,0.032501087551036,-0.017861420158566458
5930,-576459247518,1.02298603939291,3.262494511706075,0.02552774439722889,-0.012742727512071566
5931,-576459247500,1.0233792385573057,3.2621629436715565,0.01821451440750889,-0.024143248071251566
5932,-576459247483,1.0236411566301662,3.2616257771878594,0.010893962238468887,-0.03555518310201157
5933,-576459247465,1.0237716504686059,3.260879058936334,0.0035372059605688864,-0.04702355635336157
5934,-576459247445,1.0250268146061863,3.260751265893736,-0.002988907605556883,-0.05755340942960606
5935,-576459247430,1.0249672584846183,3.2598954978989845,-0.004023469830916883,-0.043208158302806055
5936,-576459247412,1.0248848206329768,3.259253753690313,-0.005121557806956883,-0.027982058422606055
5937,-576459247394,1.0247827967859677,3.258886955027113,-0.006217574953156883,-0.012784672691606054
5938,-576459247375,1.0047272891952999,3.2691083679456887,-0.02003751848160938,0.014141046747719085
5939,-576459247357,1.004340860395469,3.2692870888144068,-0.02079392697808938,0.004743237774439085
5940,-576459247340,1.0039855609430104,3.2692966546781976,-0.02146589490223938,-0.003605460338710915
5941,-576459247320,1.0035482728280887,3.2691252584046957,-0.02226510313982938,-0.013535024035700914
5942,-576459247302,1.0048131413110297,3.2699056263514743,-0.021962619258857993,-0.021326645104738317
5943,-576459247283,1.0044318879931284,3.2694528130485048,-0.021751571866677994,-0.030592554914708317
5944,-576459247266,1.0040272490943363,3.268787852721022,-0.021525315704677993,-0.04052619668770832
5945,-576459247248,1.0036400063150697,3.267968216031478,-0.021306536885357993,-0.05013155019248832
5946,-576459247230,0.9873920337908196,3.2752573254569777,-0.03073156991411572,-0.02650338149262434
5947,-576459247211,0.9868145486818001,3.2749021913271235,-0.02998922384220572,-0.01083788656417434
5948,-576459247193,0.9862813287237666,3.2748404950127115,-0.02928707631159572,0.00397931123077566
5949,-576459247175,0.9857593119043019,3.275046315758767,-0.02858297739548572,0.01883768849822566
5950,-576459247156,0.9830480952924713,3.273959402396779,-0.035942056445909955,0.018364840631240005
5951,-576459247138,0.9823053823028731,3.2743180725567167,-0.04233301227919996,0.019435671561150007
5952,-576459247121,0.9815371053423597,3.274656612399775,-0.04805782959542996,0.020394888243320006
5953,-576459247102,0.9806177235352376,3.2750327760547098,-0.05411841036034996,0.021410363472000007
5954,-576459247085,0.9797235313237401,3.275382605512453,-0.050969403894849954,0.019702512041380005
5955,-576459247067,0.9596161752203062,3.2854265877141393,-0.05988212995666559,0.02875311964980825
5956,-576459247051,0.9585700830605892,3.2859270239158644,-0.05655733572866559,0.02694993040868825
5957,-576459247032,0.9576335841130518,3.2863715043436312,-0.053405553666915594,0.02524057364421825
5958,-576459247017,0.9567855575390706,3.2868277563473307,-0.052743723336615596,0.031869453104978254
5959,-576459246998,0.9561334266386678,3.2876713745207544,-0.051817827213404444,0.0395604409978165
5960,-576459246980,0.9552082842416414,3.288449872857329,-0.051072947076354444,0.0470211456756765
5961,-576459246962,0.9542455256588763,3.289417994929008,-0.05028606569040445,0.0549025340294165
5962,-576459246942,0.9532572229427643,3.2905820273623823,-0.05377318317635445,0.0676594489528665
5963,-576459246925,0.9501073032552025,3.2929681303378757,-0.05844797922170597,0.08092954964551079
5964,-576459246906,0.9490266728010976,3.294531893122582,-0.06174894576631597,0.09300546895262078
5965,-576459246890,0.9479643350054703,3.2961680932592468,-0.06323197136631598,0.09948866477262078
5966,-576459246871,0.9468763974830909,3.2979151435628795,-0.06471552038711598,0.10597414877938077
5967,-576459246855,0.9359889226260685,3.293043456288143,-0.07217719525637374,0.1054824002661686
5968,-576459246836,0.9346763382200685,3.295002797084917,-0.07374658528837374,0.1123431469015686
5969,-576459246820,0.9333405918523089,3.296985987127746,-0.07470266651865375,0.1080602808411286
5970,-576459246802,0.9319863536403405,3.2988938668946126,-0.07565965091524375,0.1037733689525586
5971,-576459246785,0.9306170225133992,3.3007217408035405,-0.07661514774379376,0.0994931207809086
5972,-576459246770,0.9329423850874,3.299599662333189,-0.07513073885309364,0.09823155767722036
5973,-576459246766,0.9315803599207215,3.301330591254231,-0.07608777637711364,0.09394440779876036
5974,-576459246748,0.9302219014581802,3.302872348392373,-0.07494435020483364,0.07746669211138035
5975,-576459246728,0.92888334788331,3.304118236766705,-0.07380035196987364,0.06098073252822035
5976,-576459246711,0.9274933401605614,3.305111098959606,-0.07259329971507364,0.043586112432420346
5977,-576459246692,0.909379477073,3.2938525216745695,-0.08169361585483391,0.014777631199243094
5978,-576459246674,0.907855648087811,3.2941646541715373,-0.08527389471209391,0.019423047808863093
5979,-576459246657,0.9063116696379524,3.294549361577748,-0.08875433453257392,0.023938923134623095
5980,-576459246641,0.9047742263813039,3.29499318354106,-0.09208942911483392,0.028266212819243096
5981,-576459246622,0.9202272926327472,3.287408744918628,-0.08452524711615482,0.023473065932184452
5982,-576459246605,0.9187047663902925,3.287949431905298,-0.08504943044186482,0.036747125265664454
5983,-576459246588,0.9172542802401912,3.2886811959838202,-0.08554582390701482,0.04931745321386446
5984,-576459246571,0.9157100707478212,3.2896884122640686,-0.08607114568289481,0.06262034187930446
5985,-576459246552,0.9141658135241653,3.2910701520820993,-0.08562745601333481,0.09100872394578446
5986,-576459246541,0.9026565942721252,3.2829826950730348,-0.09262022284810095,0.08265114068140475
5987,-576459246534,0.9010775933167043,3.2846253428757834,-0.09219875712741095,0.10961757854942475
5988,-576459246518,0.8995168991788797,3.2867122510894955,-0.09178027597699095,0.13639305609778474
5989,-576459246501,0.8980556843725745,3.289089275215516,-0.09138673202114095,0.16157298915708473
5990,-576459246483,0.896420312536762,3.2921516712776424,-0.09007929503306095,0.17824015577484473
5991,-576459246465,0.9140928046374127,3.2863161270187233,-0.07642148457290535,0.1845588229372167
5992,-576459246448,0.9127249130328221,3.2897988569447136,-0.07511187142472535,0.2012537311771767
5993,-576459246430,0.911392253032561,3.2935487902044005,-0.07381364684773535,0.2178034582609567
5994,-576459246411,0.9099686713063203,3.297723561750207,-0.07608439740209536,0.2217849955462167
5995,-576459246393,0.8924654786272792,3.290345256502803,-0.08799119422963264,0.213825450018083
5996,-576459246375,0.890953973619262,3.294006666389162,-0.09002140829271264,0.217385230273863
5997,-576459246359,0.8894045855241657,3.2977367035726997,-0.09205604574057265,0.220952766498873
5998,-576459246342,0.8877206617236509,3.3017355114740723,-0.09497386490692265,0.223186501715993
5999,-576459246320,0.8859584456364915,3.3058338320579566,-0.09793430008042266,0.225452861599193
6000,-576459246310,0.9214016180908414,3.289097656400459,-0.07520783710177607,0.20656657843858123
6001,-576459246305,0.9199535189358918,3.293017861985156,-0.07826565714332608,0.20890749126594121
6002,-576459246288,0.9186135213616503,3.2965509213254,-0.08099243344872607,0.2109949737024212
6003,-576459246268,0.9170320229007266,3.300488647543504,-0.08531478153878608,0.20308843952688121
6004,-576459246251,0.9155115354834094,3.303962980373695,-0.08927327878010607,0.19584746932500122
6005,-576459246238,0.8927182034428441,3.2880773003068695,-0.10303445308102664,0.17956067380570323
6006,-576459246233,0.8908706686374487,3.2911714593534533,-0.10703203985762665,0.17224820016630324
6007,-576459246215,0.8888634750070569,3.294269465949574,-0.11121234748518664,0.16460148952826323
6008,-576459246195,0.8869236508262494,3.297070862818506,-0.10869743381030664,0.15298119598722323
6009,-576459246178,0.8849907212045572,3.299717113829114,-0.10613219905350664,0.14112839118782322
6010,-576459246160,0.9272153650269909,3.28107286546744,-0.07524005626210849,0.10548074722306199
6011,-576459246142,0.9258702005615053,3.282966708509598,-0.07421435910209849,0.10493456772144198
6012,-576459246124,0.9245426214107563,3.284851972433022,-0.0731879781819685,0.10438802412038198
6013,-576459246106,0.9231642094756709,3.286827169118777,-0.0721068394722285,0.10381232222250197
6014,-576459246087,0.8936493918959224,3.2690586546971714,-0.08807634249155322,0.08321904148846389
6015,-576459246070,0.8920663702209919,3.2705817097839187,-0.08770753124455322,0.08590594732364389
6016,-576459246052,0.8904907772547405,3.2721523614020267,-0.08733890429055322,0.08859151052640389
6017,-576459246035,0.889009757726288,3.273679153648082,-0.08699097958355322,0.09112625135398389
6018,-576459246014,0.9355046793547496,3.2526454545093717,-0.05571036814608214,0.06810143591408856
6019,-576459246000,0.9345998526905368,3.2539106110255154,-0.050658486754622145,0.08062677382475855
6020,-576459245983,0.9337812929379495,3.255388209068788,-0.04560868396010215,0.09314695818429855
6021,-576459245967,0.9330460960517769,3.2570852781451354,-0.04054047073554215,0.10571278828241855
6022,-576459245948,0.9323652466235951,3.2591047591848725,-0.03520203990878215,0.11894858002743855
6023,-576459245935,0.8954160526860668,3.2339299411890257,-0.05742781774953043,0.09330686974497013
6024,-576459245929,0.8943631984065126,3.235578036887251,-0.05979042758049043,0.09018185194569013
6025,-576459245909,0.8932658510821082,3.2371728675465357,-0.06215737754307043,0.08705109346575013
6026,-576459245894,0.8921244861921945,3.2387132001507286,-0.06452722092673042,0.08391650786537012
6027,-576459245875,0.890875601117803,3.2402751660553837,-0.06702437483791042,0.08061352896563012
6028,-576459245856,0.935880424719514,3.219717902392404,-0.03431129692808067,0.052175141574624724
6029,-576459245840,0.9353139709072099,3.220587421075531,-0.031475104826070674,0.048808388200244725
6030,-576459245823,0.9347810038092563,3.221423334868228,-0.028550472148090675,0.04533664983300473
6031,-576459245804,0.9342221411498158,3.2222070326325065,-0.033466135457790674,0.04162975579075473
6032,-576459245787,0.8931277027406932,3.1951781013960128,-0.062429750669748624,0.009984583356368534
6033,-576459245769,0.8919537210895466,3.1953250690097277,-0.06736368782074863,0.006263909038868534
6034,-576459245751,0.8907036381658989,3.195404263349918,-0.07224798558194863,0.0025806677078685342
6035,-576459245733,0.8893791980307577,3.195427187014116,-0.07489568013754863,-3.387688481146624e-5
6036,-576459245717,0.9380416646592461,3.1721491925540115,-0.04513474760067972,-0.028870618358683237
6037,-576459245699,0.9372286650637629,3.1716213090465937,-0.04771052111207972,-0.03141414238110324
6038,-576459245681,0.9363489695922083,3.1710342995993632,-0.05034939099967972,-0.03401997279338324
6039,-576459245664,0.9355498777118795,3.1705400370380246,-0.04928178914230972,-0.027604933551413236
6040,-576459245646,0.9346742124427712,3.1701081998094183,-0.04808467209171972,-0.020411659388623236
6041,-576459245628,0.9338174541193272,3.169805008400673,-0.046883827985209715,-0.013195989976313237
6042,-576459245611,0.9329865657422727,3.169632561197066,-0.045689106899139714,-0.006017112759643235
6043,-576459245592,0.9321827575221994,3.16948084153537,-0.04366262943625972,-0.010848123089243236
6044,-576459245575,0.931414410449429,3.1692418259592907,-0.04163344880201972,-0.015685577630043235
6045,-576459245556,0.9778024199811247,3.14210427277869,-0.008884639186700991,-0.050472065922742074
6046,-576459245538,0.977660626325288,3.1411513369388677,-0.006855345920320992,-0.055309788972342074
6047,-576459245521,0.977543348356389,3.140222962842748,-0.006185682535040992,-0.047923180684042076
6048,-576459245502,0.9774380873735072,3.139427241605573,-0.005515832987360992,-0.040534518962992074
6049,-576459245485,0.9239108349405335,3.103623011798219,-0.036492970376623066,-0.06771493430311226
6050,-576459245466,0.9232460966972117,3.1024472999554167,-0.03580833953438307,-0.06016323002171226
6051,-576459245448,0.9225944636622696,3.1014936687022776,-0.032947454181483066,-0.04045731897741226
6052,-576459245430,0.9220261322910417,3.100934050405475,-0.030232065714903066,-0.02175359723655226
6053,-576459245413,0.9688778585317702,3.0762715434944012,0.0033486237738229417,-0.03060634903429156
6054,-576459245395,0.9690126300748131,3.0757135856557434,0.012278874259902942,-0.03409191611621156
6055,-576459245378,0.9692953017036912,3.0751063977284976,0.02105897559008294,-0.03751887846403156
6056,-576459245357,0.9697971759567343,3.074345971307824,0.03103509261036294,-0.04141265783175156
6057,-576459245342,0.9703886923452468,3.0736250355959283,0.039695074615822945,-0.04479273639229156
6058,-576459245324,0.9146993177345161,3.0371363312232296,0.0069271480805171565,-0.08006777333890025
6059,-576459245319,0.914790193840712,3.035203191965389,9.566123251371558e-4,-0.08763754962810025
6060,-576459245302,0.9147692192817367,3.0336709404496736,-0.0034320707194828446,-0.09320176533890025
6061,-576459245284,0.9146734122246597,3.032038569970148,-0.007836033611832844,-0.09878535368790024
6062,-576459245268,0.9145027524974224,3.0303115636760967,-0.012239219562772845,-0.10436795698750025
6063,-576459245250,0.9720626323474982,2.9999893465766694,0.026969285582828288,-0.12822733846339585
6064,-576459245232,0.9725332078221879,2.997875620372948,0.02840556434534829,-0.12050485778531585
6065,-576459245215,0.9730622689044325,2.9957648687908667,0.02993818093966829,-0.11226439476003584
6066,-576459245197,0.9736103170105914,2.9938327107584204,0.03144713561038829,-0.10415115546915585
6067,-576459245180,0.9313265457245761,2.9640543663044685,0.0019610923326837636,-0.11705649758717826
6068,-576459245162,0.9313211001020651,2.96208464286747,-0.0025667671754162364,-0.10202073931625825
6069,-576459245146,0.9312476761237691,2.960557654962411,-0.006600344166866235,-0.08862635539111825
6070,-576459245126,0.9310878668342305,2.959096440062637,-0.011137520258316234,-0.07355965934597825
6071,-576459245110,0.9308724963625286,2.9577720807452623,-0.012793861674236235,-0.07359955142962825
6072,-576459245097,0.9802543675248843,2.9339440650828013,0.019464133599454855,-0.10046919179995216
6073,-576459245091,0.980607575716834,2.932034750387427,0.017715676079454856,-0.10051130244995216
6074,-576459245073,0.9809110842285715,2.930228103878402,0.016061911337774855,-0.10055113247580216
6075,-576459245055,0.9811188452892701,2.9282761588090356,0.006994470939274853,-0.11606689763920217
6076,-576459245039,0.9811650705308191,2.926180446239673,-0.0015517249662251494,-0.13069073445340218
6077,-576459245019,0.9273732828694696,2.8880815795713084,-0.04240897887856802,-0.18065316558961522
6078,-576459245003,0.9265803920673361,2.884888999931112,-0.05095467165231802,-0.19527614146911523
6079,-576459244985,0.9256789581859076,2.8813330681520597,-0.04887742109129802,-0.19853655901838524
6080,-576459244965,0.9247685748276593,2.8775175811065177,-0.04668583490495802,-0.20197643584247524
6081,-576459244948,0.964990363737598,2.854673782056085,-0.017903485150684916,-0.2269710242373418
6082,-576459244930,0.9646827647163164,2.8505012646245387,-0.015804149639904917,-0.23026610595237182
6083,-576459244912,0.9643618866630559,2.84614130475933,-0.018468539626904916,-0.2354171907321218
6084,-576459244894,0.9640066332043818,2.841861874574466,-0.021028203791184915,-0.24036580830771181
6085,-576459244875,0.9635919840903162,2.8373547771493994,-0.023668262099264915,-0.24546985247345182
6086,-576459244864,0.9170950879957448,2.806031617678783,-0.051473913373312585,-0.27600571615444197
6087,-576459244858,0.9161735855273282,2.8011650106305,-0.053961151662912585,-0.280814312253242
6088,-576459244841,0.9153343808705788,2.796595351919649,-0.051169403520212584,-0.291645281965492
6089,-576459244825,0.9144815301868124,2.7914874970588373,-0.04816676604083259,-0.303294425775642
6090,-576459244808,0.9136882345811607,2.786235349134374,-0.045195079981512586,-0.31482348930774195
6091,-576459244797,0.9509654937056291,2.769091623181923,-0.020720549227759157,-0.3342865035696511
6092,-576459244790,0.9506204832445566,2.762957285525575,-0.017569274985379156,-0.3465123040823011
6093,-576459244772,0.950313813108689,2.756730888851128,-0.016841646902819155,-0.3521408236608611
6094,-576459244753,0.9500334363215666,2.7506995791955826,-0.016147738568699155,-0.35750850632448106
6095,-576459244737,0.9497489433859322,2.744202736486667,-0.015411741783439155,-0.36320176145699107
6096,-576459244718,0.9235649068963407,2.719659790829147,-0.03036384754665297,-0.3865442712019954
6097,-576459244700,0.923017994223424,2.7123998679907446,-0.027700986609492967,-0.3842299976590754
6098,-576459244680,0.922561562254888,2.705795910183056,-0.025264719051792967,-0.3821126548141754
6099,-576459244665,0.9221346988447506,2.6990213655792363,-0.022751412572192965,-0.3799283579889754
6100,-576459244645,0.9491880879240681,2.679083857972716,-0.006721368372154864,-0.386553642048711
6101,-576459244628,0.9490563417039304,2.672521458340206,-0.008656969451774865,-0.379455419759371
6102,-576459244612,0.9488946141410982,2.666192777931796,-0.010558567033964865,-0.372481894850041
6103,-576459244594,0.9486860575623866,2.659549376354604,-0.012593806268844866,-0.365018280237881
6104,-576459244574,0.9213117597660995,2.6338763111402774,-0.026068922672464943,-0.3803351787821728
6105,-576459244558,0.9208859514607959,2.6273121592177087,-0.023069419639414942,-0.37716893783763283
6106,-576459244540,0.920498819316298,2.6205542100190757,-0.01995482402561494,-0.37388120648699286
6107,-576459244522,0.9201676195571074,2.613852832683979,-0.01683901691096494,-0.37059219628997286
6108,-576459244506,0.9199192533343519,2.607949611593181,-0.01419318434542494,-0.36698774883382285
6109,-576459244493,0.9409805776265753,2.598208620483633,-1.7322734249014884e-4,-0.37802532331745686
6110,-576459244487,0.9410043266237239,2.5914286767431274,0.002807321968549851,-0.37396488747505685
6111,-576459244468,0.9410911659914695,2.584138152365923,0.006048867694969852,-0.36954889328110685
6112,-576459244451,0.9412209921846247,2.5777603711079893,0.008916687711969852,-0.36564202982360683
6113,-576459244434,0.9413449639757673,2.5714935460643042,0.0056622258109898516,-0.37132804646090684
6114,-576459244422,0.9250344634097826,2.5599531849350017,-0.004526076631861921,-0.3828553531755152
6115,-576459244416,0.9249218342382739,2.552999848951908,-0.007974386354661921,-0.3888800500535152
6116,-576459244397,0.9247475118651781,2.5459533489619424,-0.011415233032001922,-0.39489170790941525
6117,-576459244380,0.924523936939043,2.539141002908902,-0.014692658149781922,-0.4006178446147152
6118,-576459244362,0.9242658725254461,2.5318662876466465,-0.013946162580081922,-0.4066971328856152
6119,-576459244344,0.9361032690378218,2.518830975792109,-0.005077171922001808,-0.4191768453753593
6120,-576459244328,0.9360230037264077,2.5116621745473062,-0.004373588870901808,-0.42490666396205934
6121,-576459244310,0.935954627092586,2.504388725735043,-0.003669301656851807,-0.43064221708990935
6122,-576459244293,0.9357958798767849,2.4965856150269032,-0.013938952549911806,-0.43487946314294934
6123,-576459244273,0.9182981753316726,2.4764092941426648,-0.03490745409229591,-0.4515433185327747
6124,-576459244257,0.9175623221297443,2.4680898358195167,-0.04535138889491591,-0.4558524739248547
6125,-576459244239,0.9166945783001302,2.459831044297104,-0.04998936038971591,-0.4515574609663647
6126,-576459244220,0.9157644035999213,2.4518307008223914,-0.05452465086971591,-0.4473575361923647
6127,-576459244203,0.9147419791963798,2.4438187047604445,-0.059109625711715914,-0.4431116010065147
6128,-576459244190,0.9391623664466543,2.432332158450381,-0.04249757641340555,-0.45604662842520904
6129,-576459244185,0.9383491626354038,2.424094679429325,-0.047121534370205546,-0.451764592762369
6130,-576459244166,0.9374483479990983,2.4158080342447947,-0.05114557987714555,-0.45220019228510905
6131,-576459244148,0.9365171070364164,2.4078696197889395,-0.05499689036641554,-0.45261709338827905
6132,-576459244130,0.9354943177320617,2.3997395031658324,-0.05893753141755554,-0.45304366444921906
6133,-576459244112,0.9146734647056841,2.376934359476329,-0.07562756478971001,-0.4681864558981657
6134,-576459244094,0.9133408188336497,2.368458765743397,-0.07230448516693001,-0.4726576061467857
6135,-576459244076,0.9120604580484392,2.359850129631847,-0.06896111699675002,-0.4771560543100057
6136,-576459244058,0.9108455587164631,2.351195591904155,-0.06563139748573002,-0.4816361384215857
6137,-576459244039,0.9267099687612165,2.3345295641110893,-0.05061561115142037,-0.4950764591100577
6138,-576459244022,0.925776171332106,2.3255957131203093,-0.053133894888300365,-0.49751850681183774
6139,-576459244005,0.924796764014806,2.316615403024381,-0.05565287810958036,-0.49996123282251775
6140,-576459243986,0.9237721744005782,2.307592616415171,-0.05817144164022036,-0.5024035518478578
6141,-576459243966,0.9278244286955539,2.3019649243811875,-0.053367167633848966,-0.5068339359479359
6142,-576459243950,0.9268674130161122,2.2926824846374574,-0.05197302823204897,-0.5148985619860359
6143,-576459243931,0.9259348690195782,2.2832446202002834,-0.05057758446206897,-0.522970733353946
6144,-576459243915,0.9250948104876748,2.2743833463827587,-0.04928672032910897,-0.530437946808266
6145,-576459243896,0.9312452829049831,2.2614140976529793,-0.037909966591415385,-0.5386294212567041
6146,-576459243880,0.9306494252258313,2.2521627163620517,-0.03174432987849538,-0.5428342868416841
6147,-576459243861,0.9301613589671,2.2428886265541834,-0.025611126814775384,-0.5470170331968641
6148,-576459243844,0.9297609217759586,2.233065368006215,-0.019165479597095383,-0.5514128614657842
6149,-576459243826,0.9294454683030936,2.2230994503055603,-0.015877119032655384,-0.5556653101244242
6150,-576459243815,0.9391489960719401,2.230504095335961,-0.009413927088228795,-0.5482194946092948
6151,-576459243809,0.9390090605517573,2.2205912512290857,-0.0061241053549087945,-0.5524738328252148
6152,-576459243791,0.9389281354091841,2.210553341737506,-0.0028183934100187943,-0.5567487199765547
6153,-576459243773,0.9389069384516976,2.2005603585972704,4.475016828912057e-4,-0.5609721166920147
6154,-576459243755,0.9389765074834959,2.1905137873686513,0.0072691010344712054,-0.5533943886176047
6155,-576459243736,0.9317175450235085,2.184357702508515,0.008765206861363006,-0.5417309104797942
6156,-576459243719,0.9319368568378483,2.1746660818141237,0.015581131320243007,-0.5341594863220341
6157,-576459243699,0.9322784717035671,2.16512245293643,0.022388732603163007,-0.5265973079086942
6158,-576459243682,0.9326230181129246,2.155185406404135,0.013888857221263009,-0.5196829271315442
6159,-576459243664,0.9510299437321731,2.1601049541599497,0.018190840458763423,-0.49885365595867937
6160,-576459243645,0.9512864226962157,2.1511097324472974,0.010068190396523425,-0.4922461360920394
6161,-576459243621,0.9514201637618683,2.142934011417263,0.005791060837043425,-0.47724527029173935
6162,-576459243605,0.9514832737179975,2.134505209311988,0.0012359913986834245,-0.46126960614463935
6163,-576459243593,0.9514643825840203,2.1263388722645526,-0.0033330257525765756,-0.44524502419728934
6164,-576459243581,0.9452501070136351,2.1295196301360764,-0.007818385285369565,-0.44173667302126535
6165,-576459243575,0.9450557332866499,2.1212854733308766,-0.012637700484489565,-0.4248342389130653
6166,-576459243555,0.9449133782440812,2.11404490056918,-0.0040061721413495645,-0.4217193401464853
6167,-576459243540,0.9449224605006674,2.1065290628847175,0.005021459893440435,-0.4184614976448553
6168,-576459243521,0.9450804396066361,2.099450668091525,0.013588400628260435,-0.4153699069013153
6169,-576459243503,0.954769272018826,2.099420675848899,0.029117796929958487,-0.4046619182490338
6170,-576459243485,0.9553222375144742,2.0921133918374886,0.03235013277747849,-0.4076195414453538
6171,-576459243468,0.9559414410457657,2.084659689017847,0.035623250096618486,-0.4106144801410938
6172,-576459243450,0.9565708693255035,2.0776782264046583,0.03866748814331849,-0.4133999917607938
6173,-576459243433,0.948049905994319,2.0755208601284587,0.034951665669128974,-0.4108716566924576
6174,-576459243416,0.9486197567653274,2.068569318815214,0.03218042728113897,-0.4080647058268076
6175,-576459243399,0.9491742561804649,2.0612274440777343,0.02923273199867897,-0.4050790240967076
6176,-576459243381,0.9496733701923854,2.053972456990879,0.02629842197555897,-0.4021069001195076
6177,-576459243363,0.9501234032011187,2.046708234682497,0.02333848407784897,-0.3991088180056576
6178,-576459243349,0.9597147978377844,2.0544034364371826,0.03003235969488636,-0.39142240553127683
6179,-576459243345,0.9602541439314622,2.0474445922325577,0.030270199973926357,-0.38662368174791684
6180,-576459243322,0.960925017515066,2.0389824713537483,0.030563458314406357,-0.38070682956959684
6181,-576459243309,0.9613813660305439,2.0333461224495064,0.030761343873046357,-0.37671424202108683
6182,-576459243290,0.961906354109561,2.026979256010509,0.030987430417366357,-0.3721526644712068
6183,-576459243272,0.9573461575938312,2.0230863130580845,0.027893520485321358,-0.36481705524681307
6184,-576459243256,0.9578258448803736,2.016922009190666,0.02856684751636136,-0.36073660146441305
6185,-576459243238,0.9583472874259366,2.0104576734954094,0.02928122720772136,-0.35640736295281306
6186,-576459243219,0.9589318759293428,2.003865861358502,0.03350686187517136,-0.35159028882820303
6187,-576459243201,0.9750829129896256,2.0100781401349943,0.04865936991663879,-0.3342633896387385
6188,-576459243184,0.9759428609221933,2.0044333731411625,0.052516926638188785,-0.3298659113591485
6189,-576459243165,0.9769276451506617,1.9985220848258982,0.056612531303788786,-0.3251970668394685
6190,-576459243147,0.9780241384840553,1.9926618305419275,0.06532167313253878,-0.32648536674081846
6191,-576459243129,0.9766463437073911,1.988242592772749,0.07205529602999576,-0.3261906143802986
6192,-576459243111,0.9780206559290656,1.9823641420573064,0.08076492210349576,-0.3274789859135586
6193,-576459243094,0.9795543039396536,1.976452655638509,0.08948907551949575,-0.3287695064041186
6194,-576459243076,0.9811188283893519,1.9704983906600495,0.08315763047237575,-0.32828908755519864
6195,-576459243058,0.9971694927543572,1.9764905997374165,0.08742397488276488,-0.3160110444920669
6196,-576459243040,0.9986888028274907,1.9707978601848586,0.08112606651212488,-0.31553317034682693
6197,-576459243022,1.0000888862596047,1.9651376800264557,0.07485470801036488,-0.31505731075866694
6198,-576459243005,1.0013657055290401,1.9598109423161667,0.07538583672522488,-0.31172832321074695
6199,-576459242987,1.0026522356471965,1.9545380118211408,0.07591724667550488,-0.30839757294658693
6200,-576459242976,1.0017625590400154,1.9550516558117774,0.07523954541960334,-0.3078449767819262
6201,-576459242970,1.0031230701288876,1.9495376103508921,0.07580248498530334,-0.3043166064415262
6202,-576459242954,1.0044148537628759,1.944397947228199,0.07633314497446335,-0.3009905567540062
6203,-576459242935,1.0057507333879232,1.9389910758913969,0.07161298992197335,-0.2978101893340362
6204,-576459242917,1.006995751812621,1.9336663883361884,0.06691479029472334,-0.2946446151397862
6205,-576459242898,1.0074500800061907,1.9278170957811207,0.06169352207933782,-0.29204523890062983
6206,-576459242880,1.0085266367700636,1.922615631365478,0.057970432110937824,-0.28612009380015985
6207,-576459242859,1.0095361497286894,1.9175210582807416,0.05424754906133782,-0.28019527800247984
6208,-576459242845,1.0104796405067922,1.912527873402494,0.05052073455453782,-0.27426420545178987
6209,-576459242826,1.0058047676577517,1.9109258033005831,0.04252051275518079,-0.26483091141112053
6210,-576459242808,1.0065426593813862,1.9061627951816076,0.03936282782457079,-0.2637168463401605
6211,-576459242791,1.007226789333892,1.9013970196493686,0.03618990022687079,-0.2625974034929605
6212,-576459242773,1.0078505183631477,1.8966747890104025,0.03303256570240079,-0.2614834620490405
6213,-576459242754,1.0144940858974443,1.8970147972598952,0.03439800324585741,-0.2554102097715644
6214,-576459242735,1.0151108762857828,1.8923503022458756,0.03414187766741741,-0.26292460676578444
6215,-576459242719,1.0157237007526816,1.8875454246983214,0.03388548170415741,-0.2704469365049144
6216,-576459242701,1.016330157001812,1.8826194711732247,0.03362982574145741,-0.27794755557376444
6217,-576459242682,1.020044309864702,1.8756372994635422,0.035786854566440714,-0.2875151738033086
6218,-576459242665,1.0207062001839742,1.8703715143654498,0.03827080353394072,-0.3016635784308086
6219,-576459242647,1.0214245197896201,1.8647596275586622,0.040795746344540716,-0.3160454812046086
6220,-576459242628,1.0221757276526864,1.8589855141753067,0.04327900050114072,-0.33018992823640864
6221,-576459242611,1.0229749269192803,1.8529686426670422,0.045773232669960716,-0.3402509328995286
6222,-576459242598,1.0347980564848231,1.862662345800524,0.05462515008135874,-0.33059359592158244
6223,-576459242592,1.0358147492530612,1.8565721313203571,0.057450335586738746,-0.34076334396342245
6224,-576459242574,1.0368748046047958,1.8503433745268676,0.06025512207865875,-0.3508596621979824
6225,-576459242556,1.0379760486097742,1.843986178195485,0.06303686235689875,-0.3608730215663024
6226,-576459242539,1.0391334206205285,1.8374196850829982,0.06553859848343875,-0.3686157428048024
6227,-576459242525,1.0403891887927301,1.8366436875920211,0.06652449503808638,-0.36943905353696915
6228,-576459242520,1.0416811419151197,1.8295308562020491,0.06917061286964639,-0.37762862737596914
6229,-576459242501,1.042878696127881,1.8230405542652932,0.07153602709760638,-0.38494944062496916
6230,-576459242485,1.0441827858935893,1.8160739906605896,0.07402595143884638,-0.39265560510596914
6231,-576459242466,1.0455122746204235,1.8089453997022125,0.07322871177588638,-0.39690976659221916
6232,-576459242448,1.0797598611824337,1.8285922347474697,0.09742499416591416,-0.3744245357162958
6233,-576459242430,1.081503556273632,1.8218254077057863,0.09663155151303415,-0.3786584359250458
6234,-576459242412,1.083236250877097,1.8149694747678484,0.09583660771663416,-0.3829003464062958
6235,-576459242393,1.085031727118244,1.8076217296996615,0.09334011140115415,-0.3912799368290758
6236,-576459242376,1.0846106203230463,1.801873510912868,0.08932656127989089,-0.39778653882306697
6237,-576459242358,1.0862117126806345,1.794574074924734,0.08693725306351088,-0.40580634807449695
6238,-576459242341,1.0876566639411123,1.7876797678885248,0.08472312834161089,-0.41323814687164695
6239,-576459242322,1.0891415262602153,1.7801230572726119,0.07997792197207089,-0.42495281490671694
6240,-576459242303,1.0763100911001262,1.7611106058487829,0.06432435304676612,-0.4478553985290476
6241,-576459242287,1.0774247001356803,1.752948553394895,0.05958993662016612,-0.4595434290293476
6242,-576459242270,1.078418179997691,1.7450686819096524,0.057365724338196124,-0.46810051531611757
6243,-576459242251,1.0794437968565322,1.736437672735543,0.05497524272912612,-0.4772972801939876
6244,-576459242233,1.0803993518653172,1.727882896376972,0.052650483326516125,-0.4862411957389976
6245,-576459242221,1.07745232402121,1.7297857393523954,0.0503021888878703,-0.4842459771533702
6246,-576459242215,1.0783850081852284,1.7204882250091893,0.047813123969110305,-0.4938220160305302
6247,-576459242196,1.0791912145510774,1.7120309954753408,0.0468676001470103,-0.49939343127993024
6248,-576459242178,1.080024690217511,1.7030015468819297,0.0458696089137603,-0.5052740060954303
6249,-576459242163,1.0807951479043123,1.6943794292677254,0.044927360834790306,-0.5108261193190102
6250,-576459242144,1.0722989285694846,1.6775522476071218,0.03668603301698331,-0.5242093418398505
6251,-576459242128,1.072929461895658,1.668674789553316,0.03794212725918331,-0.5265017545982905
6252,-576459242109,1.0736179427994774,1.6592635835417007,0.03926779803178331,-0.5289211467828105
6253,-576459242091,1.0742963582093252,1.6502507272363813,0.04053169733348331,-0.5312278040281505
6254,-576459242074,1.0572223403311412,1.6520910563698,0.027578072925649687,-0.5217712262042414
6255,-576459242056,1.057725746729763,1.6426373537551435,0.028355971365649688,-0.5286401754242415
6256,-576459242040,1.0582176506120382,1.6335289696291941,0.02909601208156969,-0.5351748357822015
6257,-576459242020,1.0587497242851966,1.6238096096854309,0.02987585526766969,-0.5420609573752515
6258,-576459242003,1.0593001624499545,1.6138891333467043,0.030661748774969688,-0.5490005041289016
6259,-576459241991,1.032806977219861,1.5921187489193664,0.009866755620439347,-0.5706530438466977
6260,-576459241984,1.0329875431581095,1.5814067070106033,0.009478213122719346,-0.5769837580349377
6261,-576459241967,1.0331461123307768,1.5715204250142978,0.009123367341509345,-0.5827654350327577
6262,-576459241951,1.03329866681164,1.5615332170156953,0.008768438307139345,-0.5885484685152976
6263,-576459241932,1.033452035578435,1.5509617089301542,0.008396504814839344,-0.5946085640018977
6264,-576459241914,0.9947751811976624,1.5642731239773089,-0.022010971280720264,-0.5647103219887164
6265,-576459241897,0.994408684402518,1.5547184986165246,-0.021124060219830265,-0.5598262943573464
6266,-576459241879,0.9940348883426766,1.5446327225536691,-0.020179371806830264,-0.5546240993283464
6267,-576459241861,0.9936750284216747,1.5347032862665662,-0.019994775109380265,-0.5538812076326465
6268,-576459241842,0.995659378272287,1.526286088006057,-0.017922062217747767,-0.5510164186886762
6269,-576459241824,0.9953386100349519,1.5163794626493206,-0.017736682414017768,-0.5502703754568963
6270,-576459241807,0.9950379431584252,1.5070110740033769,-0.017561142958937768,-0.5495639337640162
6271,-576459241790,0.9947513267573156,1.4971148760946957,-0.014356050928537768,-0.5524625594076162
6272,-576459241771,0.9626881811935555,1.5065300534168216,-0.037067258679400326,-0.5355289555856901
6273,-576459241756,0.9621135699146434,1.4978720522088171,-0.034189100312680326,-0.5381319085021702
6274,-576459241738,0.9615254346584287,1.4881308569362173,-0.030967411758960325,-0.5410455437329001
6275,-576459241720,0.9609668718977118,1.4784266995036617,-0.031616651066460326,-0.5462550089344002
6276,-576459241701,0.9624596760467212,1.470481258829728,-0.030608814338017515,-0.5495963369190214
6277,-576459241684,0.9619029501864838,1.4605434649811875,-0.03126336395021752,-0.5548484117518614
6278,-576459241665,0.9613333598213409,1.4504921112087237,-0.031919150208717516,-0.5601104093755614
6279,-576459241648,0.960744990878599,1.4403682104987598,-0.033076038163767515,-0.5582437148955115
6280,-576459241628,0.9601384149090442,1.4303226167839227,-0.034227814214017514,-0.5563852687202615
6281,-576459241617,0.9331590513383144,1.4465336742348762,-0.056471182782415946,-0.5398821111673197
6282,-576459241608,0.9320752573487648,1.436300979445491,-0.05768449338669595,-0.5379243760230397
6283,-576459241593,0.9310950251306325,1.42725909708443,-0.05876029375185595,-0.5361885202778797
6284,-576459241574,0.9300465099648066,1.4175799802540927,-0.05756044796389595,-0.5375985698416397
6285,-576459241558,0.9290218237329458,1.4078964643268947,-0.05636319780416595,-0.5390055690430197
6286,-576459241539,0.9559574371972771,1.4255640128506724,-0.032393179792589835,-0.5134312102458526
6287,-576459241522,0.9553564228555737,1.4158110220067008,-0.031341108829189834,-0.5208202048094526
6288,-576459241503,0.9548252122765966,1.4067881039019414,-0.030380912779719833,-0.5275639356378325
6289,-576459241487,0.9543235389580274,1.397885231677034,-0.029445372900229833,-0.5341344991492926
6290,-576459241466,0.9098235256763666,1.4149004283355482,-0.0651814022729961,-0.514103645770158
6291,-576459241450,0.9086858454002232,1.4059743792599184,-0.0657821382062761,-0.513414378361258
6292,-576459241434,0.9075626854544923,1.3972530929623281,-0.0663698732928361,-0.5127400277559581
6293,-576459241415,0.9063598135823697,1.3880102304024988,-0.0669936027449161,-0.512024378234308
6294,-576459241398,0.9817889843680828,1.458684736955769,-0.0044877243843435555,-0.4333938436393139
6295,-576459241379,0.9817148788918424,1.4506951774280594,-0.0035345193223435553,-0.4315111119990639
6296,-576459241361,0.9816592775030492,1.4428886292233671,-0.0025991143007435555,-0.4296635382703639
6297,-576459241344,0.9816208033050915,1.4351587874625715,-0.0016689203054635554,-0.42782625714765393
6298,-576459241321,0.9815963568059125,1.425595513670699,-5.125368113035554e-4,-0.42554221578078394
6299,-576459241312,0.9454266101361332,1.449822063147809,-0.031161718395531137,-0.4012274444937398
6300,-576459241303,0.9449466150792426,1.4436446517695336,-0.031058134724001138,-0.3995258613945698
6301,-576459241288,0.9444181425390251,1.4368499587931343,-0.03094368849621114,-0.3976458376022598
6302,-576459241270,0.9438609491908967,1.4296935821899013,-0.03082256226627114,-0.3956560805035998
6303,-576459241253,0.9433108842204221,1.4226364864916559,-0.03070251692110114,-0.3936840792464698
6304,-576459241234,0.9648987750093092,1.4387218243072406,-0.011599786254444373,-0.3701884289159765
6305,-576459241217,0.9646926768305282,1.431957700297941,-0.010929529309724371,-0.3692217163944565
6306,-576459241198,0.964515365308182,1.425802748937178,-0.01031810668142437,-0.3683398606891565
6307,-576459241181,0.9643330362587371,1.4191832585042954,-0.009949684497424371,-0.36748611006259646
6308,-576459241163,0.930306346083163,1.4352178334547012,-0.038576478480560325,-0.34398849028623724
6309,-576459241145,0.9296168150765937,1.4290474532140722,-0.03820871156056033,-0.34313625811343723
6310,-576459241128,0.9289698473015624,1.423217570300481,-0.03786039779056033,-0.3423291050366372
6311,-576459241112,0.9283259409056803,1.4174255316430988,-0.03800039343024033,-0.3400505671337572
6312,-576459241093,0.9358864754739814,1.4201576114771317,-0.031222050725668055,-0.3289941641466206
6313,-576459241075,0.9352931172625484,1.4139449864867935,-0.031378383038428055,-0.32644973418521056
6314,-576459241057,0.934726150705504,1.4080822102622863,-0.03152703769210805,-0.3240302640958306
6315,-576459241039,0.9341649497748916,1.4022909203760712,-0.031278729261318056,-0.3240912608569006
6316,-576459241021,0.8933970765851815,1.423072816394645,-0.06577261705574632,-0.2978620412044198
6317,-576459241003,0.8922278043892892,1.4177670541958565,-0.06552514229435631,-0.2979228331752898
6318,-576459240985,0.891055759507005,1.412427431011859,-0.06527613913906631,-0.2979840005948598
6319,-576459240966,0.8898564374518442,1.4069481537878141,-0.06514165720290631,-0.2978486683965398
6320,-576459240949,0.8887006097717192,1.401659224173578,-0.0650117891261263,-0.2977179792287298
6321,-576459240931,0.905816537460223,1.4170752936074658,-0.04945315515215099,-0.2775610352381181
6322,-576459240914,0.904975805170783,1.4123517156807388,-0.04932869062859099,-0.2774357837874981
6323,-576459240897,0.9040919362028424,1.4073648794075162,-0.048917179203070996,-0.2768726998697681
6324,-576459240878,0.9032139678952695,1.402379609120168,-0.048504958787710994,-0.2763086458191281
6325,-576459240860,0.8642807457215784,1.4220271019881068,-0.08115995087470235,-0.2512334672067949
6326,-576459240843,0.862830056136806,1.417560328469666,-0.08120038317930235,-0.2486852253998949
6327,-576459240824,0.8613530530576206,1.4130615659571693,-0.08124152819660235,-0.2460920649489449
6328,-576459240807,0.8599058638814867,1.408701525735593,-0.08128182248382235,-0.2435525216731149
6329,-576459240788,0.8793657410538934,1.4290750221359179,-0.06360113437147134,-0.21712443719816082
6330,-576459240771,0.8782241089066538,1.4252048668088921,-0.06379184082683134,-0.21474024249003082
6331,-576459240754,0.877138429949856,1.4215745670951656,-0.06397267306523134,-0.2124794943415808
6332,-576459240735,0.875982824020202,1.417763713079192,-0.06416459251707134,-0.2100801348621108
6333,-576459240717,0.8507286783605453,1.4294539828718535,-0.08538185710097572,-0.19232827876123415
6334,-576459240700,0.8491918458209476,1.425989111772464,-0.08528250043347572,-0.19244363677343415
6335,-576459240681,0.8476435141916319,1.4224921237941492,-0.08518228315297573,-0.19255999399995416
6336,-576459240663,0.8461118925554366,1.4190267403338424,-0.08508303130372573,-0.19267523031297415
6337,-576459240645,0.8623986630526708,1.437044594440435,-0.06986841809478678,-0.17210615410108857
6338,-576459240627,0.8611459828215602,1.4339357228071299,-0.06929508033441678,-0.17326646527405856
6339,-576459240609,0.8599039679992606,1.430806834224854,-0.06872190180799678,-0.17442645419207856
6340,-576459240590,0.858671587758439,1.427655312294378,-0.06814840481367679,-0.17558708761999856
6341,-576459240573,0.8574416290052517,1.4244622097526347,-0.0675711817449268,-0.17675526181374857
6342,-576459240555,0.8346298396677584,1.4349852941283403,-0.08666576691139355,-0.1625267553141233
6343,-576459240537,0.8330831418616176,1.4320935115426383,-0.08687676393189354,-0.1619369289161233
6344,-576459240519,0.83151752958399,1.4291841687175566,-0.08708982061475354,-0.1613413448859633
6345,-576459240501,0.8299499871895484,1.4262942379522259,-0.08693653458275354,-0.1594947101049633
6346,-576459240482,0.8544930326439086,1.4555046053611547,-0.06462333834275079,-0.12676524130536404
6347,-576459240465,0.8533273227838584,1.4532319418683215,-0.06446966941475078,-0.12491399378136404
6348,-576459240447,0.8521724277511836,1.4510080955498774,-0.06431706408675078,-0.12307555943236405
6349,-576459240430,0.8510176256224262,1.4488060666071843,-0.06391591895222078,-0.12144489392316404
6350,-576459240411,0.8421245380427802,1.4515643986942288,-0.07029810069524417,-0.11490675733202964
6351,-576459240393,0.8407935930174825,1.4493986441395523,-0.06987515104754417,-0.11318745590402964
6352,-576459240376,0.8396069183971037,1.4474843022512731,-0.06949587724287418,-0.11164569792522963
6353,-576459240358,0.838359188714153,1.4454904113512759,-0.06936447365029418,-0.11025524247844963
6354,-576459240339,0.8517429996554983,1.46128816701995,-0.05683450438625856,-0.09175111867464865
6355,-576459240322,0.8507222404735116,1.4596508980009013,-0.05670302767387856,-0.09035988950606864
6356,-576459240302,0.849662323825571,1.4579733625192082,-0.05656618396817856,-0.08891186915736865
6357,-576459240285,0.8487437463170003,1.456526945170282,-0.056232675069178555,-0.08870430925806864
6358,-576459240269,0.8477337581620692,1.4549305626196043,-0.055863679529178555,-0.08847466418006865
6359,-576459240250,0.8383404941920436,1.4586517185764416,-0.062838780569168,-0.08294024603470584
6360,-576459240233,0.8372139003531915,1.457162430168178,-0.062470583632168,-0.08271109796880584
6361,-576459240213,0.8360902056975396,1.4556945847687517,-0.062349705804318,-0.08033754401135584
6362,-576459240198,0.8350764778469975,1.4544047065687367,-0.062240455879708,-0.07819231526658585
6363,-576459240180,0.8447390907929442,1.4661129805891386,-0.053032755839667156,-0.06327345250144205
6364,-576459240162,0.8437777049858688,1.464979344443872,-0.052910911257737156,-0.061652013944822046
6365,-576459240145,0.842889200578525,1.4639532510275952,-0.05255581167464716,-0.06014671788220204
6366,-576459240127,0.8419458797165066,1.4628842637157562,-0.05217615923890716,-0.058537340276882045
6367,-576459240109,0.8318798383270732,1.4675580940411195,-0.05977925546643057,-0.05120389467999188
6368,-576459240091,0.8308050940722748,1.4666510578187577,-0.05972308008686057,-0.049650747268281885
6369,-576459240072,0.8297292719042767,1.4657702746957837,-0.059666795398440574,-0.048094577665021884
6370,-576459240056,0.8286408133738702,1.46490688183005,-0.05960979551783057,-0.04651863429419188
6371,-576459240038,0.8275829932734345,1.4640945986885734,-0.05955434782289057,-0.04498560604337188
6372,-576459240025,0.8393288836339162,1.4783912640456591,-0.049678412970943414,-0.031226427413004368
6373,-576459240019,0.8384368453333678,1.4778313270695989,-0.04953616833796341,-0.031051069646304368
6374,-576459240000,0.8374978267492954,1.4772435799431087,-0.04938598958381341,-0.03086593077405437
6375,-576459239983,0.8366109975623534,1.4766900947270418,-0.049243737040443415,-0.030690563255504368
6376,-576459239966,0.8357703317399775,1.476166864483757,-0.04910850892339341,-0.03052385537975437
6377,-576459239954,0.8295671464012278,1.480027356988917,-0.0545328512696998,-0.026636031348381228
6378,-576459239947,0.8285881118033495,1.4795570649399192,-0.0544121882760898,-0.025697140520301226
6379,-576459239931,0.8277169099015179,1.4791519260419523,-0.05430458988969979,-0.024859906708381223
6380,-576459239912,0.8267369929525599,1.4787113557687235,-0.054183309247649795,-0.02391620989598122
6381,-576459239895,0.8257606184912135,1.4782884077075622,-0.054062196444849796,-0.022973819057581217
6382,-576459239877,0.8445906832727049,1.5020582664539783,-0.037335122016156706,0.001582125506776503
6383,-576459239860,0.8439204835100379,1.5020984832481028,-0.03716048879549671,0.0028881456124765026
6384,-576459239841,0.8432530930506031,1.5021622370124204,-0.036985768224256706,0.004194818982276503
6385,-576459239822,0.8425859330684007,1.5022506250768033,-0.03710195883875671,0.005620624036376503
6386,-576459239806,0.8346607904323672,1.506935782326571,-0.043550717668639397,0.011673265427373224
6387,-576459239787,0.8338812470184602,1.5071571026467507,-0.0436660437888394,0.013088462048533225
6388,-576459239767,0.833086857599777,1.5074079594651266,-0.043783253732439395,0.014526775553413224
6389,-576459239751,0.8322629819800752,1.507688619289559,-0.04382580833707939,0.015317952693333225
6390,-576459239733,0.8472395994575912,1.5270020252161272,-0.030770047740549367,0.03437122030447212
6391,-576459239715,0.8466859574646023,1.5276268544398264,-0.030810731191529366,0.03512760887066212
6392,-576459239698,0.8461611385594516,1.5282309267201153,-0.030849247090869367,0.03584369821843213
6393,-576459239680,0.8456030736089191,1.528887069462775,-0.03122349085835937,0.03713808729512213
6394,-576459239663,0.8450375842260046,1.5295673321473233,-0.031598192518229366,0.03843406007459213
6395,-576459239652,0.8501786171157192,1.5263158903760286,-0.027117992870683828,0.03513732961143239
6396,-576459239645,0.8497141641647477,1.5269242088140413,-0.02747215181332383,0.03636225172527239
6397,-576459239627,0.8492149291613809,1.5275922364853147,-0.02784781088453383,0.03766153588328239
6398,-576459239611,0.8487447021261921,1.5282381985006903,-0.02764275262605383,0.03856716548272239
6399,-576459239593,0.8482769626692112,1.5289009301817666,-0.02743725879421383,0.03947471877024239
6400,-576459239576,0.8754871834443696,1.562532651934649,-0.004261602081740035,0.07213297530290327
6401,-576459239558,0.8754156249700363,1.5637821199591324,-0.004053349618620035,0.07305271194826328
6402,-576459239540,0.8753396692277845,1.5650986660942234,-0.004426219708970035,0.07392424982576327
6403,-576459239522,0.8752572494558315,1.5664274600691996,-0.004798153201270035,0.07479359852076327
6404,-576459239504,0.876817953245715,1.5667062113882118,-0.003739873450686458,0.07457528938750442
6405,-576459239486,0.8767474735837012,1.5680525997183725,-0.004113451192896458,0.07544848131400442
6406,-576459239468,0.8766751825851321,1.56946576391675,-0.003654345354586458,0.07639852866582442
6407,-576459239449,0.8766122525115572,1.5708768891191098,-0.003201529313126458,0.07733556027194442
6408,-576459239431,0.890867607765481,1.5887693976289385,0.00905555980672355,0.09414521422134649
6409,-576459239413,0.8910286720743777,1.5904806279260901,0.008853408770213551,0.09612890565985649
6410,-576459239395,0.8911861868045962,1.5922285200126316,0.00865114534640355,0.09811369994566649
6411,-576459239379,0.8913317168793073,1.5939133889461106,0.008459974549103551,0.0999896432029665
6412,-576459239357,0.8914820271069172,1.59572923312206,0.00825787970624355,0.10197278321782649
6413,-576459239348,0.8921796107710112,1.5952680312933294,0.008861862366566636,0.1015030791222028
6414,-576459239342,0.8923475722042966,1.5972278139721525,0.008657844870886637,0.1029177698214828
6415,-576459239323,0.8924850922310756,1.5988883145421802,0.008487152857446636,0.10410137617372281
6416,-576459239307,0.8926428449310478,1.6008594085190453,0.008287019078566635,0.10548913654520281
6417,-576459239289,0.892790498021852,1.6027729428878323,0.008095216670246635,0.10681912582992281
6418,-576459239270,0.901559796066654,1.614463661466735,0.015905915657554948,0.11611059679106929
6419,-576459239252,0.9018525161789663,1.616551028992826,0.016640238702274948,0.1159738512955493
6420,-576459239234,0.9021606174333546,1.6186504163197777,0.017379664614494948,0.1158361555450293
6421,-576459239216,0.9024848664826376,1.6207648956416703,0.01812529561359495,0.1156973042844293
6422,-576459239198,0.9070938864360449,1.6199495312707983,0.022398302649378147,0.11309121848158094
6423,-576459239180,0.9075018111394442,1.6219850646842797,0.022992228495518147,0.11340632391090094
6424,-576459239164,0.9078979013569047,1.6239176658321648,0.023554597694108146,0.11370468706332094
6425,-576459239145,0.9083279133758867,1.6259703828242893,0.024150307895188145,0.11402073917636095
6426,-576459239127,0.9166600650137086,1.636775190644882,0.030871294945116177,0.12557665956135275
6427,-576459239110,0.9171828949608557,1.6389181747863735,0.031115775675216176,0.12849698339217275
6428,-576459239093,0.917751822049423,1.641286413189165,0.03137964790551618,0.13164893881263276
6429,-576459239075,0.9183046285958578,1.6436562573118392,0.03065677297147618,0.13429698450397276
6430,-576459239056,0.9254439669016958,1.6416779737118739,0.03557998307105429,0.13245009129548668
6431,-576459239037,0.9261114121899628,1.6442164749348167,0.03481078768057429,0.1352678187385667
6432,-576459239020,0.9266973345420426,1.6465374980925374,0.03412125374057429,0.1377937292285667
6433,-576459239002,0.9272991044877925,1.6490366009426776,0.032667863434774284,0.1395761764473667
6434,-576459238984,0.9278867894847962,1.6516226780832084,0.031183179264454283,0.14139700266288668
6435,-576459238972,0.9300382471636631,1.653935152817202,0.03293941124363565,0.14364110952539458
6436,-576459238968,0.930610310665146,1.6565008008964137,0.03150755563326565,0.14539714645521457
6437,-576459238948,0.9311290396057715,1.6589612553984812,0.030150466549725648,0.14706148923565457
6438,-576459238930,0.9316602042163397,1.6615793582296445,0.02887110248945565,0.14385498736454458
6439,-576459238915,0.9321414058231344,1.6640025302838797,0.027661041165935648,0.14082218066118457
6440,-576459238902,0.9453488839987246,1.6551222333409505,0.03894631073788775,0.13169843570914574
6441,-576459238897,0.9460438636254827,1.6574825744953199,0.03765656903703775,0.12846592410009575
6442,-576459238880,0.9466673747523342,1.6596187984187418,0.03646065257978775,0.12546856902584574
6443,-576459238863,0.9472841403278704,1.66176226437811,0.03611708047930775,0.12676324544440576
6444,-576459238844,0.9478625042893911,1.6638112334894006,0.03579190391962775,0.12798860228536577
6445,-576459238828,0.9500901390614507,1.6677876465099066,0.03672094235377437,0.13097826896571754
6446,-576459238811,0.9507104918371229,1.6700217130718575,0.03637783519553437,0.13227119335099755
6447,-576459238794,0.9513660114809841,1.6724208365540862,0.036563039830754374,0.13468368394161756
6448,-576459238776,0.9520262931823292,1.6748686689950727,0.036748646323144375,0.13710140915630756
6449,-576459238759,0.9526536537453686,1.6772231088467275,0.03692413425807437,0.13938732922133756
6450,-576459238747,0.9577131177314824,1.6737775611249803,0.04122697625834179,0.13584142738961244
6451,-576459238740,0.9584566654948773,1.6762437593556925,0.04141239727819179,0.13825673662396243
6452,-576459238725,0.9591042292111258,1.6784672842921933,0.03967497014587179,0.14017112920384242
6453,-576459238707,0.9597630228828489,1.6808676553648607,0.03782560884631179,0.14220885699313243
6454,-576459238690,0.9603946200030054,1.6833196917791384,0.03596341155867179,0.14426072817864244
6455,-576459238672,0.9494641433929458,1.6739771426835899,0.024636833086436848,0.1347670255659565
6456,-576459238655,0.9498950184408006,1.6763795381192785,0.023645893029076846,0.1344390967657965
6457,-576459238637,0.9503122388925759,1.678799952178568,0.022645070221256846,0.1341078974968765
6458,-576459238618,0.9507106825759141,1.6812098476214763,0.021646135129816845,0.1337773229242365
6459,-576459238600,0.9584554823917526,1.6786398759633063,0.026867654673788634,0.12833580252759447
6460,-576459238582,0.9588487692784137,1.6809441537978842,0.01677512251768863,0.12736833491656446
6461,-576459238564,0.9590599376276339,1.683226823705859,0.006701069724688631,0.12640263873266447
6462,-576459238547,0.9590898366304155,1.685493500542606,-0.003379142856011371,0.12543635207305448
6463,-576459238529,0.95902286508333,1.6877586059172613,-0.004055944247561371,0.12603246554065448
6464,-576459238516,0.9293779213079127,1.6573757665556228,-0.027979634702273458,0.09639894420943462
6465,-576459238510,0.9288643328573905,1.6591294026727832,-0.028660944346223457,0.09699902845783462
6466,-576459238492,0.9283427017618999,1.6608795746057397,-0.029336731380983458,0.09759424849975462
6467,-576459238474,0.9278129359494035,1.6626272962651063,-0.03000748420056346,0.09818503450311462
6468,-576459238457,0.9272823706824869,1.6643765309461704,-0.02896059214471346,0.09622837822976463
6469,-576459238444,0.9368071711404419,1.658206461292447,-0.02096149014258262,0.08987660147568785
6470,-576459238436,0.9364387512992464,1.6598089991037575,-0.01991273642817262,0.08791646573577785
6471,-576459238420,0.9360878227061794,1.6613826479670217,-0.01885961945151262,0.08594817499611786
6472,-576459238402,0.9357601437711132,1.6629009285561176,-0.01782017402990262,0.08400543658900786
6473,-576459238385,0.9353639466682585,1.6644401491570455,-0.02618950137745262,0.08697158100920786
6474,-576459238366,0.9729614333405228,1.7057467694134065,-0.0038983443144998305,0.12873130185412607
6475,-576459238348,0.9728156778883009,1.7080936497991537,-0.01227603866522983,0.13170041159504606
6476,-576459238329,0.9725200458746515,1.7104867705358004,-0.02062863200641983,0.13466062537380605
6477,-576459238311,0.9720934624886531,1.713032240341964,-0.02433878337314983,0.13366486939913605
6478,-576459238292,0.9891869597161309,1.703419041409035,-0.01333313851723386,0.12019679580874029
6479,-576459238275,0.988929471959933,1.705473175458898,-0.016687586234773857,0.11929650602908029
6480,-576459238258,0.9885556611336742,1.7076055908345074,-0.025233556106673858,0.11984394205988029
6481,-576459238241,0.9880576805991849,1.7096465308907351,-0.03337652268922386,0.12036556258648029
6482,-576459238222,0.9457818009052827,1.6704736035332053,-0.07541898914071121,0.08050793633595765
6483,-576459238205,0.9444320220162127,1.6718451344916943,-0.08355620537906121,0.08102918850815766
6484,-576459238187,0.942867011029601,1.6733308351768987,-0.09012163133292121,0.08384714987875766
6485,-576459238171,0.9412718977391645,1.6747881745624622,-0.09635408651096121,0.08652219610715765
6486,-576459238154,0.9395946673843977,1.6762699649637685,-0.10249947383843121,0.08915987174585766
6487,-576459238135,0.958326913767099,1.664414114162434,-0.09189789065542787,0.07813039118926086
6488,-576459238116,0.9565282268267372,1.6658995005974833,-0.09758717022017788,0.07834961250306087
6489,-576459238097,0.9548265583626261,1.667232641287826,-0.10267980213607787,0.07854584358058087
6490,-576459238082,0.953038776799075,1.6685688017608937,-0.10777123536257788,0.07874202846978086
6491,-576459238064,1.0028956899664254,1.722488784862056,-0.07164273423431183,0.1303229390849339
6492,-576459238046,1.0015658176193107,1.7248035971886786,-0.07659026438516184,0.1276954888950539
6493,-576459238026,1.0001413818602949,1.7270801446382074,-0.08155737178846184,0.1250576419508139
6494,-576459238010,0.9986304968163995,1.729304889130367,-0.08651482843351184,0.12242492016717389
6495,-576459237992,1.0174567870873201,1.7171175086623858,-0.07450355597306685,0.10507624887738616
6496,-576459237974,1.0160510449087712,1.719074714850729,-0.07939858750722685,0.10920075882386616
6497,-576459237956,1.0146003499740008,1.7210474633164914,-0.08415213794602686,0.11320605806026617
6498,-576459237938,1.0130400670327904,1.7231245629213492,-0.08898178806490685,0.11727547820890616
6499,-576459237919,1.011320044161493,1.7252937196318228,-0.09401883660766686,0.11351042566102616
6500,-576459237907,1.0544159735383132,1.766977735794467,-0.05950224603350881,0.1543315776445272
6501,-576459237901,1.0533207951929824,1.769750384701831,-0.060979420119508805,0.1506903043537272
6502,-576459237884,1.0522739006695845,1.772279643055531,-0.0623587659547088,0.14729018029516722
6503,-576459237867,1.0511382799449998,1.7748984193111241,-0.0638213145547088,0.14368495921516722
6504,-576459237849,1.0499554529410617,1.777524700114052,-0.0673270393579288,0.14750927550350723
6505,-576459237837,1.0696751851484623,1.7628592385298891,-0.05094677676659909,0.13247219299070617
6506,-576459237832,1.0687814943009797,1.765140677216508,-0.05424901482688909,0.13607453017083618
6507,-576459237814,1.0678302562845576,1.7674868152020926,-0.05755611169192909,0.13968216771171618
6508,-576459237795,1.0667658136989382,1.7700282659022089,-0.06104473350242909,0.14348782673021618
6509,-576459237778,1.0656367617597882,1.7726731549078338,-0.06323859955386908,0.14765521973629617
6510,-576459237760,1.0624396550518413,1.7734674349443011,-0.06704297173799711,0.14991892606333662
6511,-576459237744,1.061293599321093,1.776024438654158,-0.06907624326863711,0.15378125920381663
6512,-576459237727,1.0601016417467972,1.778672336825457,-0.07112931743191711,0.15768120874877664
6513,-576459237709,1.0588056388934446,1.7815393868122409,-0.07251985718043712,0.16010309481849663
6514,-576459237690,1.057489053531705,1.784440223537151,-0.07390569603532712,0.16251679339928662
6515,-576459237672,1.0561466431258706,1.7873864449792074,-0.07529245965617712,0.1649321026336366
6516,-576459237655,1.0547763640425545,1.7903824892094944,-0.07668215170256712,0.16735251227092662
6517,-576459237636,1.0533752261000717,1.793368899328535,-0.07920769503560712,0.16491385611364662
6518,-576459237616,1.0519228855765919,1.7963230075617538,-0.08174321353423712,0.16246556796998662
6519,-576459237600,1.042635661689077,1.7912421752104684,-0.09049023958658489,0.15221250616383586
6520,-576459237581,1.040891267215405,1.7941092769708837,-0.09315922861071489,0.14963533932917586
6521,-576459237564,1.0393086382414485,1.796653816216202,-0.09320781966487489,0.15000423265837587
6522,-576459237547,1.0377213604817843,1.7992107860622446,-0.09325652801962489,0.15037401650962587
6523,-576459237529,1.0777441295224688,1.7720202482046243,-0.05986979160675235,0.12110711977597849
6524,-576459237511,1.076665290737488,1.7742147630874687,-0.05992132375863235,0.1225654188476585
6525,-576459237494,1.0756414596701955,1.7763088348955696,-0.06060028510453235,0.1239409741012585
6526,-576459237475,1.0745408693107705,1.7785596600034035,-0.061321766454672355,0.1254026736038185
6527,-576459237459,1.07349330672278,1.7807018099916234,-0.06200068783816236,0.12677814789477848
6528,-576459237448,1.101095842045628,1.8065314391993577,-0.039936941593401845,0.1521030883267136
6529,-576459237442,1.1003836399361067,1.8092858594143928,-0.03928905646226184,0.1543010737551836
6530,-576459237425,1.0997214359260163,1.81192461029509,-0.03867691870584184,0.1563777842770936
6531,-576459237406,1.0990679935477286,1.8146054519137222,-0.03806323141604184,0.1584597516749936
6532,-576459237389,1.0983893666276092,1.8174746405528577,-0.03741523817792184,0.1606581038622536
6533,-576459237371,1.127335499401295,1.7982597083060876,-0.015731119093511797,0.1395092908339385
6534,-576459237353,1.1270378089589759,1.8007740822424936,-0.0173547872492618,0.1399432166854885
6535,-576459237336,1.1267107677567958,1.8032972473151867,-0.018979087006961798,0.14037731133286852
6536,-576459237313,1.1262714763167077,1.8063908200464325,-0.0209637607915618,0.1409077160581085
6537,-576459237295,1.1240478710128718,1.8073214000165054,-0.021492957036892336,0.14138198137139563
6538,-576459237278,1.1236890481679502,1.8097489753475295,-0.020592762517612336,0.14334418928591564
6539,-576459237259,1.1233082156643581,1.8124865911578694,-0.019592159250052334,0.14552526416345563
6540,-576459237243,1.1229832446610812,1.8149734615528448,-0.018696029648552333,0.14747861153320563
6541,-576459237224,1.1555465945794567,1.7929949089614516,0.0078019674935927985,0.12348097071213547
6542,-576459237206,1.1557035458993228,1.7953462807301184,0.008681918434682799,0.12347295132397547
6543,-576459237188,1.1558666498957162,1.797560206520897,0.009510485379212799,0.12346540022125548
6544,-576459237169,1.1560577883609462,1.799812953957121,0.0117117946663128,0.12665922490770548
6545,-576459237151,1.1571648944025832,1.802848128893913,0.014607567087618316,0.1305689778283625
6546,-576459237134,1.1574309653381551,1.805094090246091,0.016685692021118317,0.1335840774116125
6547,-576459237117,1.1577510675093543,1.8075270537659605,0.01888516820771832,0.1367752424983125
6548,-576459237099,1.1580779942214243,1.8099285449909555,0.017275291041258318,0.1288470586846325
6549,-576459237081,1.1583574058927382,1.8120447821784855,0.01576967038192832,0.1214323082989925
6550,-576459237068,1.1933680358152474,1.785293396967125,0.04306731229734678,0.09522203387357614
6551,-576459237063,1.194133923736755,1.7869471017530967,0.04145378481765678,0.08727587331305614
6552,-576459237046,1.1948208596272796,1.7883576130932002,0.03995119124734678,0.07987603047357614
6553,-576459237028,1.1954618332076579,1.7897135945547122,0.03543529277244678,0.07960429431467614
6554,-576459237013,1.1960297532371267,1.7910745542653992,0.03088726117696678,0.07933062460239614
6555,-576459236994,1.1861449887553968,1.7842429624901146,0.01784211180369584,0.07082217088476031
6556,-576459236976,1.1864213466801468,1.7855055799971604,0.013098094728975839,0.0705367080948403
6557,-576459236958,1.186651110187021,1.7868163263824093,0.012107709327225838,0.07325643383362031
6558,-576459236941,1.1868576091208816,1.7881411155820732,0.011142747674475838,0.07590634268656031
6559,-576459236922,1.2289705882076596,1.756880710956367,0.04292841495201387,0.046362074240676426
6560,-576459236904,1.2297350025513258,1.7577399842550694,0.041949926561013866,0.049049129257236423
6561,-576459236885,1.230529594769056,1.758591801447131,0.046377354200453864,0.045639309166676426
6562,-576459236868,1.2314054711438855,1.75938362040274,0.050812656322133866,0.042223424478356426
6563,-576459236850,1.2312334491942118,1.7592587253542225,0.05434117497565031,0.03796514127910096
6564,-576459236832,1.2322542521253956,1.7599190170940715,0.05821841606899031,0.03484241631808096
6565,-576459236815,1.2333388615898992,1.7605193373319263,0.06207321200218031,0.03173776866001096
6566,-576459236794,1.234480659789529,1.7610583140547207,0.0658880341739603,0.028665315817670962
6567,-576459236778,1.2357252060259856,1.761555158173863,0.0698090967704503,0.025507297074700962
6568,-576459236766,1.2660420373517158,1.7370468352139254,0.0936041680157485,0.0011486269770359832
6569,-576459236760,1.2677176412903994,1.7370615404407226,0.0963305337167085,5.18254319395984e-4
6570,-576459236742,1.2694903021881472,1.7370650636265141,0.0991332327126285,-1.2976762938401532e-4
6571,-576459236724,1.2712884211835107,1.7370570255522395,0.1018974560193885,-7.688934779740145e-4
6572,-576459236707,1.273145514222221,1.7370374258779717,0.1046757407225885,-0.0014112705117740139
6573,-576459236693,1.2663157850944824,1.7320500120224243,0.09923476507136471,-0.006428382814497756
6574,-576459236688,1.2681189491956544,1.7319425040452636,0.09980095446858471,-0.005438494735097757
6575,-576459236670,1.2699078834296131,1.731854018936541,0.1003595192610847,-0.004461937010097758
6576,-576459236652,1.2717187105607077,1.7317825789027492,0.10092177136242471,-0.003478932638297758
6577,-576459236634,1.273542495858768,1.7317287562020438,0.1014848984184047,-0.0024943985536977588
6578,-576459236616,1.293514911808707,1.7164258958583507,0.11735516995621534,-0.017037015800343967
6579,-576459236598,1.2956638600652821,1.7161224731836622,0.11893580333260534,-0.016326299905683968
6580,-576459236580,1.2977973347823397,1.7158377112711287,0.12048454422182533,-0.015629924147003968
6581,-576459236562,1.2999800124122425,1.7155627175413755,0.12204866650131534,-0.014926632300943968
6582,-576459236543,1.30651668224632,1.7183225080597084,0.12384288592293902,-0.011806795130126849
6583,-576459236526,1.308609837940635,1.7181221640418813,0.12241072517293902,-0.011763089320126848
6584,-576459236508,1.3108013967495655,1.7179106691728796,0.12089305600168902,-0.011716774016176847
6585,-576459236488,1.3129596505118863,1.7177816731821531,0.11920637244650902,-0.002633653253436846
6586,-576459236473,1.3272086545123083,1.707089851263541,0.12731603985972414,-0.004773106056976513
6587,-576459236456,1.3293925317072828,1.7070827360193361,0.12569643711119413,0.003948771444813488
6588,-576459236437,1.331732352477481,1.7072455326980842,0.12393770032593412,0.013419912940993489
6589,-576459236419,1.3339381684252907,1.7074917870283068,0.12113934515039412,0.01394015930196349
6590,-576459236403,1.3358541265663557,1.707718240855582,0.11865516562119412,0.01440199680256349
6591,-576459236392,1.3430611779352082,1.7127758367357646,0.12445450833325108,0.0195214177141098
6592,-576459236385,1.3452809197655389,1.7131326858575096,0.12165024584719109,0.0200427623119398
6593,-576459236369,1.3472024204086595,1.7134562081866822,0.11916948633987108,0.0205039639911998
6594,-576459236351,1.3493999274989303,1.7138186780731728,0.12267358748071108,0.019387070674579798
6595,-576459236334,1.3516420639864857,1.7141580911599767,0.12614857294047108,0.018279457657899796
6596,-576459236321,1.3731107114377197,1.6945672979543827,0.14327744141934762,-0.0013834873182051663
6597,-576459236315,1.3757266654000764,1.6945323416874543,0.1467557048034676,-0.0024921451368651666
6598,-576459236298,1.3783745698437515,1.694478123215335,0.1501944402761876,-0.003588203872825167
6599,-576459236280,1.381145901146769,1.6944502065568992,0.15779970320210762,4.8566348209483357e-4
6600,-576459236261,1.3840499617693136,1.694495489297854,0.16539440091502763,0.0045538714302648334
6601,-576459236243,1.3951151827764048,1.7000481891193213,0.179527936242981,0.014167495919770522
6602,-576459236226,1.398389701772316,1.7003373981465908,0.187077414844261,0.018211481607050523
6603,-576459236206,1.4018702942128822,1.7005732610076427,0.19452465078082098,0.007647838758270522
6604,-576459236189,1.405390848540541,1.7006177415749228,0.201777969544381,-0.0026407393852594784
6605,-576459236170,1.4191099525779374,1.6909309255717395,0.2173928772304745,-0.023197073151447166
6606,-576459236152,1.4231399192128322,1.6904973398039744,0.2260209572741045,-0.024510003678087165
6607,-576459236134,1.4272420410859554,1.6900492062707106,0.23447768137914451,-0.025796859059207165
6608,-576459236116,1.4315422091894703,1.689572863424382,0.2430269661712345,-0.027097799352727166
6609,-576459236097,1.4365259874401166,1.68922654817823,0.25227677947929716,-0.02828610312376091
6610,-576459236077,1.4408429880345455,1.6887308764471032,0.2565034909306972,-0.03013130773386091
6611,-576459236063,1.445505880926284,1.6881702242257968,0.26099197455271717,-0.03209079107379091
6612,-576459236043,1.4505051682321315,1.6875414534779316,0.2657200631491772,-0.03415487587718091
6613,-576459236025,1.471212649729202,1.6708289692997411,0.28295028800804045,-0.05220812811113075
6614,-576459236008,1.4761749932083041,1.66997578750811,0.29196061729258044,-0.04663700791749075
6615,-576459235991,1.4814343959955154,1.6691995146416065,0.30121626052972045,-0.04091420919225075
6616,-576459235972,1.487263539381001,1.6684790741745905,0.31115304144376044,-0.03477026050161075
6617,-576459235953,1.4929305787583462,1.6679071414890219,0.3205182930427004,-0.02897969051757075
6618,-576459235941,1.5031553359179153,1.6742456183102536,0.32889808251280345,-0.022508155049194213
6619,-576459235936,1.5091521299210913,1.6738454568040027,0.33645130206236346,-0.021890103716034216
6620,-576459235916,1.5152699424665261,1.6734573722945774,0.34398608481728343,-0.021273560995914216
6621,-576459235901,1.5208722459357222,1.6731187314952711,0.35074400808896344,-0.020720585743434217
6622,-576459235884,1.5269036732419823,1.6727709728016835,0.35787695252434343,-0.02013692393025422
6623,-576459235866,1.5352381987814663,1.6703125720747718,0.36256718291522705,-0.02149758322584682
6624,-576459235849,1.5414248095627388,1.669953250774699,0.36556920045115704,-0.02079292463890682
6626,-576459235812,1.5546982900467425,1.6692316536802372,0.37192832616311705,-0.01930025762922682
6627,-576459235795,1.5637639516569213,1.6701993069886623,0.3825694228245863,-0.018235839812058494
6628,-576459235778,1.570292360779825,1.6698891353956797,0.3907555147380263,-0.018505642417578492
6629,-576459235760,1.5774724237005882,1.6695502500195578,0.3995651149552263,-0.01879599502017849
6630,-576459235743,1.5843262689514022,1.669230847916765,0.4158834574200263,-0.01920544493137849
6631,-576459235726,1.5916546390219724,1.6688954786539043,0.4326512580978663,-0.019626172374338488
6632,-576459235714,1.5913831703444035,1.66921037114322,0.43243428898819275,-0.019312974755325993
6633,-576459235708,1.5992851110760629,1.668860509959883,0.44982337099723274,-0.019749291011085992
6634,-576459235690,1.607537791704616,1.6685011373665128,0.46729399618099277,-0.020187653298525992
6635,-576459235671,1.6158857790903822,1.6681481566746994,0.4680547305154928,-0.019362004047525992
6636,-576459235655,1.6170549585651952,1.6638561508189507,0.46292004650201807,-0.022628228070098205
6637,-576459235637,1.6255460515300855,1.663449211299529,0.46370110970360806,-0.021780515250878204
6638,-576459235618,1.6339218701727511,1.6630636498650857,0.46447028243576804,-0.020945707537598203
6639,-576459235600,1.642328438169134,1.6626951720956944,0.46551124269094807,-0.0198173622551282
6640,-576459235582,1.6507286319509606,1.6623481029785778,0.4665490937114481,-0.0186923872168782
6641,-576459235568,1.650359799203464,1.6628000962664244,0.46625561267398735,-0.01824374047742907
6642,-576459235564,1.6587790177799449,1.6624811862611595,0.46729415463552737,-0.01711801649601907
6643,-576459235546,1.6671195565824302,1.6621859086862851,0.46832072028570737,-0.01600527419604907
6644,-576459235528,1.6755556044853732,1.6618829573307528,0.46886173852038737,-0.01765037825436907
6645,-576459235509,1.6844614214719742,1.661531435713785,0.46943220728386736,-0.019385034163889068
6646,-576459235492,1.6924912261207425,1.6611866752883166,0.4699459687536274,-0.02094725707012907
6647,-576459235474,1.7009974658534517,1.6607927875338584,0.47048960147402735,-0.02260031113972907
6648,-576459235455,1.7098610063053046,1.6603840308950475,0.47198904724233737,-0.02086363046385907
6649,-576459235437,1.718373984548474,1.660023270589277,0.4734247173386474,-0.01920081573198907
6650,-576459235419,1.7187446228447103,1.671692206245224,0.46842388920013844,-0.005680119489142561
6651,-576459235401,1.7271653426025328,1.6715895482187266,0.4675756392634484,-0.005730765465822561
6652,-576459235383,1.7356333408461617,1.6714852041847668,0.4667210721205384,-0.0057817886203425616
6653,-576459235364,1.7440788603483126,1.671380022745945,0.4658672121275784,-0.005832769553462562
6654,-576459235347,1.7525926163779333,1.6712728588197756,0.4650048663352184,-0.005884257143382562
6655,-576459235333,1.717293529219858,1.6538052759232047,0.43635156280849186,-0.023588990665388308
6656,-576459235328,1.7253758033825757,1.6533880061725856,0.43684141069169186,-0.021492010914028307
6657,-576459235307,1.734541310986198,1.652962263153732,0.4373962470364919,-0.019116823390988306
6658,-576459235290,1.7419646705277088,1.6526542817997039,0.4378451066757919,-0.017195309371848305
6659,-576459235271,1.7400663048732012,1.6662454059323986,0.43061648810786607,-0.0015197093454848813
6660,-576459235253,1.7482681264962117,1.6662369912221409,0.4317799813743461,6.349282868951191e-4
6661,-576459235236,1.7556016436076889,1.6662640613883237,0.43281765025466606,0.0025565555828151194
6662,-576459235219,1.7629614408526684,1.6663238196262675,0.43385654251258604,0.00448044841433512
6663,-576459235200,1.7713310122898893,1.6664101199303403,0.43440129629865604,0.00447232964185512
6664,-576459235188,1.7305043134210734,1.6469879593101335,0.40157563771103244,-0.015113839112992555
6665,-576459235182,1.7376343197828126,1.6467197130541942,0.40207701803055246,-0.015121311466272555
6666,-576459235164,1.7448807120764838,1.6464472948085278,0.40258594279018245,-0.015128896258592555
6667,-576459235146,1.7525293015404486,1.646159981683979,0.40312241747156247,-0.015136891642912554
6668,-576459235128,1.759380173818985,1.6458900956361395,0.40248344783140244,-0.016599473342912556
6669,-576459235110,1.7553656722376285,1.6611902206000493,0.3930542862829935,-0.0028941044730256705
6670,-576459235093,1.7620358877624904,1.661128664412097,0.39241621829331347,-0.004354622323025671
6671,-576459235075,1.7690952522504626,1.6610363207091585,0.39173979258946345,-0.005902939791775672
6672,-576459235055,1.776150585381525,1.660933170896246,0.39196841413781347,-0.005554967779725673
6673,-576459235039,1.746016538349719,1.6436223771345593,0.3623329806634151,-0.022688284388184734
6674,-576459235021,1.7525416767088737,1.643217051872852,0.36256157681642515,-0.022340351028954736
6675,-576459235004,1.7587056072184206,1.6428401466189677,0.36277738641574514,-0.022011879364594738
6676,-576459234987,1.7648899427993654,1.6424853193877005,0.36380847752655515,-0.01967609940145474
6677,-576459234968,1.7593326740860498,1.6584680405521677,0.3555598688033767,-0.0013249812287214092
6678,-576459234951,1.765741137540586,1.6584664148468844,0.3566498949814967,0.001144307158558591
6679,-576459234933,1.772168143886733,1.6585092156152494,0.3577397394482067,0.0036131839062985907
6680,-576459234916,1.7782607522107008,1.6585893957811144,0.3580272159051667,0.0058064784368585904
6681,-576459234898,1.755024093381105,1.6452858694912766,0.33452237881680696,-0.005759386334478719
6682,-576459234881,1.7612015840525155,1.6452015097114807,0.33483407057212694,-0.00338134178295872
6683,-576459234861,1.7675694958087733,1.6451605106185263,0.33515506681098695,-9.323089039987202e-4
6684,-576459234844,1.7732785218505513,1.6451380539297227,0.3350757434470669,-0.0017040715613187206
6685,-576459234827,1.778957051833333,1.645102664718421,0.3349968251742869,-0.002471892955948721
6686,-576459234808,1.7682924766237675,1.6677131959253726,0.3221538806487787,0.01870000195265823
6687,-576459234790,1.7740361123685913,1.6680503912137752,0.3225826905835987,0.01915095930932823
6688,-576459234772,1.7798571592655812,1.6683998558138449,0.32301669908977865,0.019607383736158227
6689,-576459234755,1.7856753587777172,1.6687568890237159,0.32344991336977863,0.020062972916158228
6690,-576459234736,1.7492074619602103,1.6498230065005124,0.28928404314873735,3.1277565600180274e-4
6691,-576459234718,1.7544286313345454,1.6498277011717177,0.29000913052651733,2.0810209894180282e-4
6692,-576459234700,1.759650951064827,1.6498305047519326,0.29073256869856734,1.036666210918029e-4
6693,-576459234682,1.7651815474041757,1.649831426301842,0.29149675431950733,-6.651155288197016e-6
6694,-576459234663,1.7582946343332442,1.665700302884175,0.2830471343742027,0.015245508531408635
6695,-576459234645,1.7628697576442534,1.6659598371839632,0.2831459614749627,0.016873085588778636
6696,-576459234629,1.7679226212296242,1.6662769166619191,0.28325506815968265,0.018669956441918635
6697,-576459234611,1.773027587051202,1.6666296801156424,0.28336525722772266,0.020484652995148636
6698,-576459234592,1.74964390665194,1.6540150963577076,0.26005139831277996,0.008514249985419664
6699,-576459234574,1.7544531064608868,1.6541880216501794,0.26008701926746,0.010188463887819663
6700,-576459234558,1.7588785058142542,1.6543744723568932,0.26011979316552,0.011728863808619662
6701,-576459234539,1.7636132652368692,1.6546029458259601,0.26015485356981,0.01337673138581966
6702,-576459234522,1.768248750008958,1.6548539396989288,0.26018917427874,0.014797919000759661
6703,-576459234508,1.7569846244953722,1.6694412654889257,0.2517190313531899,0.028910021906640375
6704,-576459234502,1.761763857582722,1.6700045885345352,0.2516760694841499,0.030424615296800375
6705,-576459234485,1.766073478504169,1.670537306358021,0.2516373228016499,0.031790604964300376
6706,-576459234466,1.770627995021331,1.671125815582426,0.2515963678410699,0.03323444607212038
6707,-576459234450,1.7748450201521317,1.6716914567477779,0.25159856453772994,0.03426047253083038
6708,-576459234431,1.7487458303704362,1.6581816596843242,0.2261322871004651,0.02015875498563971
6709,-576459234413,1.7525887413822256,1.6585330769071058,0.22613451433410509,0.02119904456497971
6710,-576459234395,1.7566607668300767,1.6589247326650112,0.22613687433152507,0.02230134505074971
6711,-576459234378,1.760736651159581,1.65933594291907,0.22646257372848508,0.02336077854691971
6712,-576459234361,1.7562160169520518,1.6705561931098798,0.22049901276075382,0.03481257537007613
6713,-576459234343,1.7601841746719533,1.67119173874003,0.22082420582363382,0.03587036186508613
6714,-576459234326,1.7639405780848612,1.6718099977238539,0.22113160486027383,0.03687026803361613
6715,-576459234309,1.7677147780751148,1.6724455661856823,0.22078631449499383,0.03754791144396613
6716,-576459234291,1.7492829467653865,1.662842053343389,0.2018544871209636,0.027080564723766437
6717,-576459234274,1.7527071187530394,1.663307544997986,0.2015112788883236,0.027754121882066437
6718,-576459234256,1.7563318515519517,1.6638136599857771,0.2011473301888036,0.028468382871466438
6719,-576459234237,1.7597565341445953,1.6643051400285072,0.2018513274534036,0.029366406811986438
6720,-576459234221,1.763402038429172,1.6648431135962678,0.20259803012985358,0.030318906080976437
6721,-576459234187,1.7670585633890856,1.6653978826152906,0.20334423575010357,0.03127077130152644
6722,-576459234184,1.7709473399967737,1.6660043725125435,0.20413484505755358,0.03227927818271644
6723,-576459234163,1.7746161943734013,1.6665912760800838,0.20449180489818358,0.03308838540699644
6724,-576459234141,1.7778791383901709,1.66712456442478,0.2048087491371436,0.03380679079675644
6725,-576459234131,1.7815707627060984,1.6677406976239462,0.2051667426644536,0.03461824103911644
6726,-576459234115,1.7852657512586525,1.6683709127902266,0.2055244380129136,0.03542901541087644
6727,-576459234101,1.7555758114852327,1.6535607577710105,0.18074760994949715,0.01943732443596486
6728,-576459234096,1.7588483715261165,1.6539171344662742,0.18064160554205716,0.01991739868959486
6729,-576459234078,1.762129663311457,1.654283409283385,0.18053525580525717,0.02039903687569486
6730,-576459234059,1.7653289117108628,1.6546491670593841,0.18043150481821718,0.020868905807274858
6731,-576459234041,1.7687558616545984,1.6550593253186976,0.18066116087227718,0.022348865576064858
6732,-576459234023,1.7554956919824658,1.6769506010767348,0.16896750333340443,0.04360581653973114
6733,-576459234005,1.7585515868671757,1.6777514679107632,0.16918618535864444,0.045015056983391144
6734,-576459233987,1.7614433905355882,1.678531790817548,0.16939286491796443,0.046346950601771145
6735,-576459233970,1.764326904934004,1.6793278264338856,0.16992396238444443,0.047326339153171144
6736,-576459233953,1.7430615715093989,1.6682507325825848,0.1501992108535331,0.035511074019036346
6737,-576459233936,1.7457705210657484,1.668899340204978,0.15076174419029312,0.03654843296833635
6738,-576459233917,1.7484886894021237,1.6695663968494625,0.1513240900367731,0.037585446169736345
6739,-576459233899,1.7512199481182715,1.6702474326362375,0.1519300837430331,0.03803058522703635
6740,-576459233880,1.7457535789887793,1.681354307325059,0.1466607199027907,0.04794352595731949
6741,-576459233862,1.7483684385558464,1.6822112782947773,0.1472593123646507,0.04838322835261949
6742,-576459233845,1.751030322941115,1.6830880840779179,0.1478661807634307,0.04882900992451949
6743,-576459233825,1.7536916699102436,1.683971437762827,0.1479869646013007,0.049370499264409486
6744,-576459233808,1.733474692397876,1.6738609556740602,0.12902903282945963,0.03801295367768646
6745,-576459233791,1.7357988191867084,1.674550218901335,0.12914990394373962,0.03855483428884646
6746,-576459233773,1.7381546156339203,1.6752544288509037,0.12921776958245962,0.03867810600164646
6747,-576459233754,1.7405770686867632,1.6759805211459267,0.1292875183102996,0.03880479817324646
6748,-576459233736,1.7429020011043643,1.6766792462198403,0.1293544237968596,0.03892632585764646
6749,-576459233724,1.7366429124938814,1.684461786291097,0.12488904469654272,0.04598464907698737
6750,-576459233720,1.738774685921409,1.685247498602555,0.12495255243534271,0.04610000506398737
6751,-576459233704,1.7408916950895268,1.6860351151432185,0.12513713074454272,0.04694388633158737
6752,-576459233685,1.7430209776822299,1.68684050723359,0.12532250493186273,0.04779140630754737
6753,-576459233669,1.745174121140704,1.687668335807469,0.12550967802178273,0.04864715076130737
6754,-576459233650,1.7175875755016095,1.6742323230378702,0.10084018182687299,0.03398087423678236
6755,-576459233634,1.7192911491347493,1.6748178105779028,0.10131641401269299,0.03549670260344236
6756,-576459233616,1.7210213777125416,1.6754356206883747,0.101797817106903,0.03702898976867235
6757,-576459233598,1.7228606690013137,1.6761176015134034,0.102307080942493,0.03864995658084235
6758,-576459233578,1.716316228435223,1.6870601047237421,0.09679842059881777,0.049592911698215295
6759,-576459233561,1.7180607541600612,1.6879421904478111,0.09700547040136777,0.0484002809995553
6760,-576459233544,1.719810660017,1.6888036077618949,0.09721271571836777,0.047206524115155295
6761,-576459233527,1.7215597217090852,1.6896413509036927,0.09741942049541777,0.046015880803095294
6762,-576459233508,1.7233375888001332,1.69046921251153,0.09762908099091777,0.04480821221249529
6763,-576459233495,1.6784465367563288,1.6687153912459147,0.06023866653877078,0.02109368447619461
6764,-576459233489,1.6795295291234498,1.6690951267353398,0.06063776262814078,0.02128987369392461
6765,-576459233472,1.680625715651554,1.6694805049132395,0.06103906366828078,0.02148714682998461
6766,-576459233452,1.6817800130785205,1.6698873960113532,0.061458806114860785,0.02169348546480461
6767,-576459233435,1.6828261760067098,1.6702571109636113,0.06183676585796079,0.021879284394704608
6768,-576459233415,1.6760491617708657,1.6799707786767628,0.0560327944255893,0.03415093838675415
6769,-576459233381,1.6770558787823058,1.68061840551404,0.055949075589989294,0.03788764195555415
6771,-576459233351,1.6791100830048222,1.6820479096175165,0.0585217716347293,0.03621041897679415
6772,-576459233329,1.6801677110192506,1.6826413427246392,0.0611058739289293,0.03091242992295415
6773,-576459233307,1.6554776671242644,1.6700458990813019,0.042268961238271785,0.011297249467037168
6774,-576459233252,1.65630760668145,1.6702065203350662,0.04504714156927178,0.005601356925837168
6775,-576459233240,1.65714972937666,1.6701049734784628,0.04873566317598178,-0.01691009979610283
6776,-576459233233,1.6580668519342643,1.669592542491337,0.05245848419292178,-0.03963088962526283
6777,-576459233231,1.6590496004743822,1.6686703313906635,0.056174527482091785,-0.06231031422964284
6778,-576459233231,1.6600815057993565,1.667363391200024,0.059828544292881786,-0.08461118435270285
6779,-576459233219,1.6611382218934199,1.665777955678998,0.057623505730821784,-0.09160705739744285
6780,-576459233206,1.6622838967170068,1.6644353609303648,0.058459978508329166,-0.09284572024087161
6781,-576459233200,1.6633724050354015,1.6626013162580362,0.05613190678430917,-0.10023193765245161
6782,-576459233183,1.664313641759724,1.6608318966079094,0.05403801471417917,-0.10687517888372161
6783,-576459233165,1.665263260225736,1.6588522189385786,0.05183983855955917,-0.1138492797327016
6784,-576459233145,1.6661980752200956,1.656768156426968,0.05026436048577917,-0.11378028846245161
6785,-576459233130,1.667022562390756,1.654875374052348,0.04883265521857917,-0.11371759310245161
6786,-576459233111,1.6678874698557364,1.6528294087013418,0.04728419369851917,-0.11364978490570161
6787,-576459233094,1.6687251042159883,1.6507831871290735,0.04573461365871917,-0.11358192772820161
6788,-576459233077,1.6695335781545229,1.6487721605326198,0.04794718686671917,-0.11944548785160161
6789,-576459233059,1.6622258512255765,1.656878148372949,0.044263337879804056,-0.11602264782805677
6790,-576459233040,1.663073562991365,1.6546554896485661,0.04665383991820406,-0.12235773874237676
6791,-576459233023,1.6638712544932492,1.6525451522170804,0.04728615912604406,-0.12616577671255677
6792,-576459233006,1.6646808347264432,1.6503670234406176,0.047919371913404056,-0.12997919611777678
6793,-576459232988,1.665552573482474,1.6479823617575933,0.048591976664604054,-0.1340298471176768
6794,-576459232970,1.6556779166981552,1.6400756757064685,0.04071965861934894,-0.14367078511009426
6795,-576459232952,1.6564620476794545,1.63728384315337,0.04254794054166894,-0.15279651372163428
6796,-576459232934,1.6571995665800583,1.6346156430017589,0.04419857799558894,-0.16103554363087427
6797,-576459232916,1.6580121993596768,1.6316335854155002,0.04594871576650894,-0.16977122172036427
6798,-576459232899,1.6491357324463458,1.640274371235094,0.04041439654209225,-0.16722910988551987
6799,-576459232882,1.6498193445449634,1.6373282639706943,0.03897383927461225,-0.17490389027703987
6800,-576459232864,1.6504986655577094,1.634150044436062,0.03748752745915225,-0.18282243474207988
6801,-576459232847,1.6511236141675578,1.6309790011083927,0.03606612520353225,-0.19039516399495987
6802,-576459232829,1.657384513424365,1.6303081391292633,0.03896232813566012,-0.19556939259622633
6803,-576459232812,1.6580530402544997,1.6269097684358518,0.03975734571006012,-0.20459200786437634
6804,-576459232794,1.6587798687917863,1.6231219943540671,0.04060403825662012,-0.21420107984468634
6805,-576459232776,1.6595145942196061,1.6192004552761448,0.04144235234302012,-0.22371506509358635
6806,-576459232758,1.660269069580927,1.6150823957370224,0.04228590881790012,-0.23328854595096635
6807,-576459232746,1.6295132151228493,1.6513626243180561,0.01923776135370521,-0.1993339002682329
6808,-576459232739,1.6298439083293161,1.647787827003328,0.01750592825370521,-0.1978658013682329
6809,-576459232724,1.6301112408234706,1.644637917730896,0.01596921501630521,-0.1965631082776329
6810,-576459232705,1.630383470335274,1.6411079222293226,0.014234880379605208,-0.1950928887903329
6811,-576459232688,1.6306244742321205,1.6376038480365862,0.012500257104055208,-0.1936224246198829
6812,-576459232670,1.6446755290233643,1.641295738436167,0.021620673156647372,-0.1861357132666899
6813,-576459232652,1.6450494226835113,1.6379486851305964,0.01993230085388737,-0.1858417601241299
6814,-576459232634,1.645393206044071,1.6346041385905123,0.01824252126147737,-0.1855475619661699
6815,-576459232616,1.6456855557744123,1.631214275529832,0.014249807756727368,-0.1912085436943199
6816,-576459232596,1.6089928156135258,1.6706529104171757,-0.01765222918475704,-0.15633510901686043
6817,-576459232579,1.6086183797805746,1.6676332265367402,-0.02185772469845704,-0.16229777907384044
6818,-576459232561,1.6081896683951449,1.6646652703838178,-0.025845778743157043,-0.16795215448822043
6819,-576459232543,1.6077350458281185,1.661650864462939,-0.024580993707227043,-0.16640599768070044
6820,-576459232526,1.6073276791173603,1.6588369925487678,-0.023389650517707042,-0.16494962103942043
6821,-576459232514,1.629979088273183,1.6709854459915026,-0.005595189105998988,-0.15270072517331434
6822,-576459232508,1.6298895434691214,1.668243922437047,-0.004329422039648988,-0.15115336786691436
6823,-576459232490,1.629822524247394,1.6655149119809582,-0.0030564300352089882,-0.14959717831875435
6824,-576459232471,1.6297648723947011,1.6627526488422144,-0.0033553869800689883,-0.15761108935003434
6825,-576459232454,1.629702293757816,1.6598666400454118,-0.0036522991212689883,-0.16557018688763434
6826,-576459232434,1.5941105222670433,1.6978146536504541,-0.030944954180479274,-0.13459154812746962
6827,-576459232418,1.593550038825716,1.6953162469371026,-0.031244609350979273,-0.14262417596146962
6828,-576459232398,1.5929611535586354,1.6927667600915404,-0.03403838683330927,-0.14000836608855963
6829,-576459232382,1.5923209080633824,1.690260892914441,-0.036836190601019274,-0.13738878641038962
6830,-576459232363,1.6232153996797216,1.7053220208961581,-0.0145482849315254,-0.11694525180573834
6831,-576459232346,1.6229311808056643,1.7031276911836135,-0.0173112458449854,-0.12902826153859834
6832,-576459232328,1.6225885722331321,1.700692789108043,-0.0207162332084854,-0.14123113971236834
6833,-576459232310,1.622185766794195,1.698045367423357,-0.0241121501799854,-0.15340151119029835
6834,-576459232290,1.6217069133708781,1.6950888947407317,-0.0276110538939854,-0.16594096911057835
6835,-576459232279,1.582247815293999,1.7403830923131345,-0.057727388720175965,-0.12257847663158422
6836,-576459232273,1.5811742475569812,1.7380726590149322,-0.058421885002395965,-0.12738725940674422
6837,-576459232258,1.5802367543758582,1.7360057701568867,-0.05902167041544597,-0.13154025177964423
6838,-576459232239,1.5791661290185977,1.7335910002105772,-0.05969926075116597,-0.13623197557780423
6839,-576459232221,1.5780853958088192,1.7310965425039921,-0.06037553617993597,-0.14091459478886423
6840,-576459232209,1.6051868803715463,1.7465341024673184,-0.03862661445600305,-0.12503039129427052
6841,-576459232203,1.6045615488861844,1.7442731436224694,-0.03085852198067305,-0.1262012154448705
6842,-576459232185,1.6040749274538553,1.7419849971808965,-0.02306971344118305,-0.1273751619666705
6843,-576459232168,1.6037301710852545,1.739686590965675,-0.015317589598643051,-0.12854357928947052
6844,-576459232148,1.6035170236817167,1.7372322619833092,-0.00711661769930305,-0.12977964798827052
6845,-576459232130,1.5595025680982406,1.7846459615431036,-0.03990097714468855,-0.0796491626214069
6846,-576459232113,1.558821716529921,1.7832919422278855,-0.03912537864657855,-0.07751168877644689
6847,-576459232093,1.5580953771351058,1.7818591252635188,-0.03828064200830855,-0.07518367695772689
6848,-576459232076,1.5574144418525167,1.780527519828041,-0.03747141968812855,-0.07295353913724689
6850,-576459232040,1.5951368587963541,1.8012096855045678,0.002123291568682301,-0.03827642249226279
6851,-576459232022,1.5952132691133802,1.8005707948733363,0.006368630750282302,-0.03272720400602279
6852,-576459232006,1.5953258466054638,1.800102098542202,0.007693009529962302,-0.02581593003522279
6853,-576459231985,1.556667482062933,1.8433755206928617,-0.020424943816333446,0.024288524076203716
6854,-576459231968,1.5562978560627858,1.8439112434687441,-0.018715840865943446,0.03244073688450372
6855,-576459231952,1.5559898953335203,1.8445317556828924,-0.017162382383953446,0.03985054454480372
6856,-576459231935,1.5556857385443805,1.8452367359151425,-0.018935029097153444,0.04381670352664372
6857,-576459231916,1.5553275341180413,1.8460643325495405,-0.020830115922753443,0.04805681272536372
6858,-576459231905,1.5887681213684677,1.8661303805038982,0.006453839939150864,0.0691073627912004
6859,-576459231899,1.5888672042435517,1.867411706700884,0.004561488030150864,0.0733413528270004
6860,-576459231880,1.5889323024033315,1.8687709090931122,0.0026668219609508647,0.0775805206160404
6861,-576459231861,1.5889815726358627,1.8702181564318903,0.0028091694290008646,0.08326941978719041
6862,-576459231845,1.5890334014595684,1.8717676865530923,0.0029515089866608644,0.08895800282057041
6863,-576459231832,1.5535934362325083,1.911342283607975,-0.024231709807185704,0.12753998358950158
6864,-576459231827,1.5531581856002072,1.9136912161238433,-0.024089204131335706,0.13323520551605159
6865,-576459231809,1.5527260529838132,1.9161395527465057,-0.023946880394455704,0.1389231562738916
6866,-576459231791,1.552270186406842,1.9187148942111647,-0.026702147656355705,0.1472099990684716
6867,-576459231773,1.5517640152418493,1.9214431391897557,-0.029461088403855706,0.1555078903729716
6868,-576459231755,1.5952551050291686,1.9514264311782412,0.003841800146908665,0.19246134423737185
6869,-576459231737,1.595299546774573,1.954981173323418,0.0010745940568086644,0.20078409468919184
6870,-576459231715,1.5952735298749603,1.9586161775691142,-0.003976646439691336,0.20468207884079184
6871,-576459231701,1.5951563387325003,1.9623350480228239,-0.009046762179541337,0.20859462880043184
6872,-576459231683,1.5627073171490047,2.002443542612224,-0.03876101336946427,0.24810998046314514
6873,-576459231664,1.5619494664208171,2.006963319000399,-0.045477382472004266,0.25428277095960516
6874,-576459231647,1.5610713421720515,2.011591297417556,-0.05218964552996427,0.26045178772764516
6875,-576459231629,1.5600701616340125,2.016340872200869,-0.05891683965912427,0.26663452714448516
6876,-576459231611,1.5589494502220886,2.021194779180978,-0.06563432859200427,0.27280834683960514
6877,-576459231599,1.5870093592716252,2.0385002074575223,-0.042673862031567734,0.29124721834046746
6878,-576459231593,1.5862984106368465,2.043844779418394,-0.036351162675677735,0.3028251387841875
6879,-576459231573,1.5856994552638504,2.04941622380226,-0.030007730853717735,0.31444102384226746
6880,-576459231557,1.585217521911954,2.055162799725855,-0.023701547191137734,0.3259887012881075
6881,-576459231538,1.5848300751858129,2.061483554228014,-0.017013745593777732,0.33823518502538746
6882,-576459231526,1.5594356428079286,2.0894567228248393,-0.03631594547982764,0.3657570314249546
6883,-576459231520,1.5587386346024557,2.0960656234243453,-0.04128029225722764,0.36999588808590456
6884,-576459231504,1.5579977209047309,2.1023832903309483,-0.04597327869310764,0.37400304103179455
6885,-576459231485,1.557125741400744,2.1091512996072916,-0.05094563916694764,0.37824874026681454
6886,-576459231467,1.5561695443135117,2.1159597525607876,-0.05589202421094763,0.3824722601238145
6887,-576459231449,1.576395518698342,2.135825490368391,-0.04235906686444345,0.3986081693476671
6888,-576459231432,1.5755985639258059,2.143008896536633,-0.04630475608001345,0.40056924270573707
6889,-576459231415,1.5747788167868482,2.149841178084921,-0.05003973930198345,0.4024255916702071
6890,-576459231397,1.5738411410164128,2.157113025131802,-0.05399618330264345,0.4043920103358671
6891,-576459231378,1.5569931833025281,2.1814907650477644,-0.06596853709210673,0.42356143688299175
6892,-576459231361,1.5558056739241704,2.1891357422529385,-0.06597694939210673,0.42588047480299174
6893,-576459231343,1.5546179471390504,2.1968228903402496,-0.06598536215945673,0.4281996415584317
6894,-576459231325,1.5535422105116228,2.2045980823437925,-0.05355421195185673,0.4358065817489317
6895,-576459231305,1.5731264723084806,2.2256801352401143,-0.023851529589970583,0.4575745037434471
6896,-576459231287,1.5727981786145462,2.234441027979266,-0.010742115713970582,0.4655964908984471
6897,-576459231268,1.5727168752666838,2.242934717954208,0.0017553413288294174,0.47324400594494714
6898,-576459231251,1.5726792083087193,2.251463713293021,-0.005960650915130584,0.47897161745716715
6899,-576459231234,1.5625373941816516,2.270225012919914,-0.02078915012477249,0.4948443155655119
6900,-576459231216,1.5620980018780535,2.2791034142099744,-0.028472838058232492,0.5005479474604819
6901,-576459231198,1.5614789789811203,2.2886755891497406,-0.03666004251135249,0.5066253416563219
6902,-576459231181,1.5609230506068135,2.2972441728225728,-0.02878949531615249,0.5021554062636419
6903,-576459231162,1.560475915397239,2.3063373359309756,-0.020359744538152494,0.49736788127719184
6904,-576459231152,1.5665659054927608,2.3100546847199466,-0.015468090809585732,0.5014178430647351
6905,-576459231145,1.566371153840836,2.3184587672971064,-0.007668428575585732,0.49698816550788516
6906,-576459231127,1.5663081549012479,2.327345683874823,6.556897112142681e-4,0.49226063259051517
6907,-576459231108,1.566285538655547,2.3361218520005362,-0.003167489544705731,0.4824359606694752
6908,-576459231092,1.566201040439447,2.344242535437614,-0.00677581665674573,0.4731634082499952
6909,-576459231074,1.5678321984769747,2.3508304082217624,-0.009282935513940934,0.4615125786525647
6910,-576459231056,1.5676302010766492,2.359066867455122,-0.013112696209050933,0.45167099397999466
6911,-576459231039,1.5674684678557396,2.3666830912128343,-0.005952872682790933,0.44615097439349466
6912,-576459231021,1.5674297097825078,2.374668585756496,0.0016504834690790676,0.4402890038117447
6913,-576459231001,1.5732255536686128,2.386371811984601,0.014178352412670469,0.4378463334465816
6914,-576459230984,1.5735522988661694,2.394298531167275,0.02207631583217047,0.4416786798875816
6915,-576459230965,1.5740524195129697,2.402751980343052,0.03042427694553047,0.4457293797152616
6916,-576459230947,1.5746680143568412,2.410774038165009,0.03827667097831047,0.4495396144209016
6917,-576459230928,1.5796674640880344,2.4145815230199834,0.049205795689663594,0.44909609812849377
6918,-576459230911,1.5805175994044771,2.422827369421902,0.044757765121913595,0.4622989172810938
6919,-576459230894,1.5812425146962257,2.4307866621762857,0.040581606441863594,0.47469475561121377
6920,-576459230876,1.581934752176177,2.4394708344579366,0.03614611246206359,0.4878603631707338
6921,-576459230855,1.5825460041735853,2.448377536511607,0.03171799294576359,0.5010040815578538
6922,-576459230840,1.5803219670533841,2.4558090912738275,0.033677072770728976,0.5086647164277888
6923,-576459230822,1.580965940690705,2.4650526607822307,0.037859656547288977,0.5181703767074287
6924,-576459230803,1.5816851334823232,2.474466314847291,0.042041775695568974,0.5276749810372487
6925,-576459230785,1.582525256017763,2.484580448818311,0.04645272427174897,0.5376996406534188
6926,-576459230768,1.5893894506104345,2.488278813318804,0.05023469691827972,0.5338773591435371
6927,-576459230749,1.5902905886944823,2.4979266869609194,0.04969744436787972,0.5360282291143371
6928,-576459230732,1.5911289762407688,2.5070327257192484,0.04919233462323972,0.5380504165956171
6929,-576459230714,1.5919874467584483,2.516791248834514,0.046055697960739723,0.5446660058237371
6930,-576459230696,1.5966752620642215,2.5288517920052027,0.045926686041619764,0.5537101796463422
6931,-576459230678,1.5974749515803193,2.5388937186614924,0.04278970136661976,0.5603265028797022
6932,-576459230660,1.5982163823090096,2.5490305461908043,0.039660198960369764,0.5669270450004023
6933,-576459230642,1.5989102705221305,2.5592529180425996,0.03747706001589976,0.5694602432876422
6934,-576459230623,1.6068580746313208,2.5623760129638784,0.04043971581144028,0.5648646138182155
6935,-576459230605,1.6076042211710615,2.5731293153688863,0.03813510935080028,0.5675387565490955
6936,-576459230587,1.6082703119712454,2.583356991810646,0.03595318386803028,0.5700705467999355
6937,-576459230570,1.6088613248334762,2.5924955096947375,0.03799274822218028,0.5733161137057355
6938,-576459230554,1.6095262009315763,2.6022792974277955,0.04016360514564028,0.5767706070016555
6939,-576459230535,1.5972117393440524,2.605425667293438,0.032516801026803585,0.5723120317948035
6940,-576459230518,1.59781788579863,2.6157630559032468,0.03481410200875359,0.5759677360262035
6941,-576459230500,1.5984382659353058,2.626046555603144,0.03417067911831359,0.5675327309923035
6942,-576459230483,1.5990138975160393,2.6356251662938184,0.03356263625893359,0.5595615433707535
6943,-576459230465,1.611321307740401,2.63442300301071,0.04105387845835276,0.5398713528223505
6944,-576459230446,1.6120115466937528,2.6435000703306297,0.04044794623783276,0.5319278347936506
6945,-576459230431,1.6126723333791644,2.652529279526161,0.037360318161532756,0.5312701864640506
6946,-576459230413,1.6133163583228252,2.6621012569538136,0.034082905939712756,0.5305721151226106
6947,-576459230395,1.6027632550607296,2.6656210797437447,0.022431687146637486,0.5231205142256777
6948,-576459230377,1.6031377677517868,2.675036200697208,0.019157728850837486,0.5224231785520778
6949,-576459230360,1.6035071731704904,2.6843322247268326,0.021905568025957486,0.5109276473287978
6950,-576459230342,1.6039268560157531,2.693438401481337,0.024658599871817486,0.4994103926694578
6951,-576459230323,1.604394630201167,2.7023096451857898,0.027403079083517485,0.4879289177871578
6952,-576459230310,1.6210975421655942,2.686670028499226,0.038857992031296064,0.4723224902170502
6953,-576459230304,1.6218558761391455,2.6955116030274717,0.04097504024065606,0.4584675432860502
6954,-576459230286,1.6226107057476018,2.7036378584718754,0.042978870164896064,0.44535354940705024
6955,-576459230269,1.6233572694519542,2.711101755372859,0.044872824863616066,0.43295863004505025
6956,-576459230251,1.624182798429429,2.7187747674580085,0.04687810344701607,0.41983515546755024
6957,-576459230239,1.6120376663041522,2.71241848612056,0.037838426528292605,0.41263928960492957
6958,-576459230233,1.6126885604728076,2.719834550221409,0.034366817096452604,0.4100424010988496
6959,-576459230215,1.6132442566847742,2.726775082635578,0.031097777586532604,0.4075970421678096
6960,-576459230197,1.6137734303057638,2.7340974050527787,0.027627516053412605,0.4050011619383696
6961,-576459230180,1.6142146403276265,2.740951144681663,0.024359054214372608,0.4025562351258896
6962,-576459230163,1.6334966481579527,2.7306073167017564,0.03771889600365148,0.378993165125462
6963,-576459230145,1.6341814260629386,2.7373748376973746,0.03836753788365148,0.37295361216546197
6964,-576459230128,1.6348400507803698,2.7436775822518564,0.03898122517345148,0.36723952400386195
6965,-576459230110,1.6355472335726287,2.750230648096781,0.039629578768171476,0.361202655289622
6966,-576459230091,1.631356526033619,2.754463557529482,0.04294814644476552,0.35098410891817794
6967,-576459230074,1.6321392401314718,2.760369890351626,0.04921176146208552,0.34445128754293797
6968,-576459230054,1.6331414416874355,2.7668487530129955,0.05622209850990552,0.33713965047919797
6969,-576459230037,1.6342121715162112,2.7728496779478022,0.06285372764398552,0.330222997964638
6970,-576459230019,1.6320902095327563,2.7814098355142503,0.058309909180811616,0.3355661697416142
6971,-576459230002,1.6331164169385741,2.787471775055882,0.055738479996531615,0.3381323790061342
6972,-576459229985,1.634044816254427,2.7932501666752745,0.053305367296491615,0.3405605525644942
6973,-576459229968,1.634961317190279,2.7992692057518047,0.05078923612812162,0.3430715760663242
6974,-576459229950,1.6358862813100725,2.80536509290231,0.05584716228016162,0.3597053608146042
6975,-576459229936,1.633236153111895,2.8040362941729158,0.053916334466881606,0.35818259471889613
6976,-576459229932,1.634257192983634,2.810659937585177,0.05918068278376161,0.3754952311850561
6977,-576459229914,1.6353658122665684,2.817550618699832,0.06441121051996161,0.3926966433584561
6978,-576459229897,1.6364232010919275,2.8244951514420418,0.05991434213836161,0.42382690069915613
6979,-576459229880,1.6374029897837672,2.831960111084479,0.05542276107996161,0.45492055573845613
6980,-576459229861,1.6329330436183616,2.8454142066382238,0.04709797681250666,0.49284102996971835
6981,-576459229844,1.6337379375435486,2.8545812980368326,0.04233965029866666,0.5257812711146483
6982,-576459229825,1.6344137406281432,2.8641361826697196,0.03257062898909666,0.5333424480991183
6983,-576459229809,1.6348880824803558,2.8732376171661023,0.023392307798616667,0.5404464259431984
6984,-576459229789,1.644481451362235,2.888285010866673,0.019753935459229342,0.5538010295170549
6985,-576459229772,1.6447492004192126,2.8983151430522596,0.010014151369119343,0.5613395770298649
6986,-576459229753,1.6448814570776813,2.9084035369821333,0.004686749922349345,0.5600291696909749
6987,-576459229736,1.6449178475135955,2.9184772922436344,-6.453888346606542e-4,0.558717597092405
6988,-576459229717,1.648005862400959,2.9262247064058386,-0.004221748154128874,0.554490596893863
6989,-576459229699,1.6478806710967948,2.936265098468385,-0.009589416737938873,0.553170284847693
6990,-576459229681,1.6477770841481942,2.9460344816968402,-0.0020078681479388724,0.540580636385533
6991,-576459229663,1.6478097184580238,2.9556528752769298,0.005633096967061128,0.527892322966773
6992,-576459229644,1.6416126029799094,2.962372085448261,0.009134842892580843,0.5108284000724306
6993,-576459229627,1.641828911083137,2.9709430418682303,0.016341642971330846,0.49864765198213057
6994,-576459229610,1.6420797197248271,2.979314940383524,0.013170464069910846,0.48645542683103055
6995,-576459229591,1.6422962340106946,2.9884257537601115,0.009626512594210847,0.47283000371253053
6996,-576459229572,1.6448812940985105,2.994747201181418,0.007803567100839527,0.4576362253060686
6997,-576459229557,1.644992372549542,3.002061820999354,0.006016457910839527,0.4524253383563186
6998,-576459229540,1.6450816433378073,3.010040411935063,0.0040433559572395274,0.4466721301706786
6999,-576459229520,1.6451364912114281,3.0180447477883012,0.0020380137756395283,0.4408249153153386
7000,-576459229504,1.6451550743933492,3.025496283219864,1.469576436395287e-4,0.4353109378960386
7001,-576459229486,1.6311915224899927,3.0263227868434,-0.012614946071459956,0.4281272565475339
7002,-576459229467,1.6309244668875347,3.034420933822764,-0.01565388027107996,0.42909164674069394
7003,-576459229449,1.6306331409090693,3.0417688733506303,-0.01840539119268996,0.42996482462967395
7004,-576459229433,1.6302972613657833,3.0490804809717473,-0.021137762007929963,0.43083192850399393
7005,-576459229415,1.6374198242311127,3.05021043778776,-0.017551298196621726,0.4071167754397472
7006,-576459229398,1.6371118915809817,3.056992705353125,-0.018678203554171727,0.3908439946484572
7007,-576459229381,1.6367851591478988,3.0634916094808897,-0.019803915647621725,0.3745884448739472
7008,-576459229362,1.6364386412157275,3.0697259442804503,-0.020931749099471725,0.3583022621807172
7009,-576459229347,1.6361058058481663,3.075823264191698,-0.018135727578871726,0.3573876153059272
7010,-576459229336,1.6621525559452603,3.0886601737593846,1.5697806063646666e-4,0.3723050995510529
7011,-576459229329,1.66218187797001,3.095342571945177,0.0031061005894364663,0.3713403696001329
7012,-576459229308,1.6622837612949106,3.103155538556678,0.0065639188582364665,0.3702092328582129
7013,-576459229292,1.662418134504425,3.1094047781772964,0.009337295213636467,0.3693019937696029
7014,-576459229272,1.662664476724718,3.116171845966085,0.01795068266428647,0.3803039645564529
7015,-576459229257,1.6611995615691824,3.1174458282640334,0.017029098424453017,0.3815758871112302
7016,-576459229255,1.6616087026897508,3.1247978964069167,0.026083769917853016,0.3931415146678302
7017,-576459229237,1.6621201736228062,3.1315588636741345,0.03418145136827302,0.4034847687324102
7018,-576459229218,1.6627702363112769,3.138506570914571,0.04229201354210302,0.41384447548108017
7019,-576459229200,1.6636379057985138,3.1468915549361802,0.04429742682883302,0.4229385215359502
7020,-576459229183,1.6360984918656778,3.140357507603086,0.02631682218671033,0.41456830105756587
7021,-576459229165,1.6365970985206106,3.1480238952460478,0.028148921975480332,0.4228764138871959
7022,-576459229147,1.6371650671600055,3.155696457286116,0.036050087789960335,0.4443737319326559
7023,-576459229130,1.6378862208423652,3.1638910738112647,0.044087003260120335,0.4662403946534759
7024,-576459229110,1.6359818318689376,3.1748400229093026,0.050417960221667814,0.4904953965544219
7025,-576459229094,1.6369015488724024,3.1833371375932162,0.05799448787930781,0.511109446247952
7026,-576459229076,1.6379472158495099,3.192608001255679,0.05819073179930781,0.518986516247952
7027,-576459229059,1.638939493097917,3.2015071681854304,0.05837634584030781,0.526436911622952
7028,-576459229041,1.585923368550609,3.1845991109448204,0.02126610221681828,0.5034188800205971
7029,-576459229024,1.5862862960796742,3.193216380419994,0.021451356477298282,0.5108548341005971
7030,-576459229006,1.5867369835843708,3.2023974016933283,0.028561128092048284,0.5079568258155971
7031,-576459228990,1.5872785382605843,3.2109952865389593,0.03525629781104828,0.505227813075597
7032,-576459228970,1.5879775238585088,3.220068864043126,0.04236133562679828,0.5023317343305971
7033,-576459228953,1.5934769725674118,3.2253343923222086,0.052353179242123904,0.4957117059194574
7034,-576459228935,1.5944495240814638,3.2342764832848063,0.0557681675118239,0.4984062443415574
7035,-576459228916,1.5954657057038566,3.243116224443105,0.0591260178454939,0.5010556990468674
7036,-576459228900,1.5965173669420576,3.2518099237173232,0.0624111644266739,0.5036477880926075
7037,-576459228881,1.533740238952769,3.228121839054764,0.021906864906145705,0.46859881999180136
7038,-576459228864,1.5341342848248345,3.236709716645891,0.021562067478345704,0.47876770964160137
7039,-576459228848,1.5344988564453492,3.244947395211896,0.021238075808185704,0.48832298841016136
7040,-576459228830,1.5348745710286076,3.253744844626325,0.020898926744205702,0.4983252944843414
7041,-576459228810,1.5352356830534983,3.2625092494156127,0.0205676891931857,0.5080942713751614
7042,-576459228801,1.5406306473922886,3.2584321097844122,0.023887660094739756,0.5040672493811242
7043,-576459228794,1.5410812754439855,3.267910176657383,0.024579998060339756,0.5153537641139743
7044,-576459228778,1.5414820151853266,3.2762897138585094,0.025179701615699757,0.5251301498521843
7045,-576459228759,1.5419377920808057,3.285768022926425,0.025844859870899756,0.5359735801131343
7046,-576459228742,1.5423817418152839,3.2949535978644784,0.02636609326071976,0.5443010215631543
7047,-576459228725,1.5028664308238102,3.2836585690659197,-2.2078607489095514e-4,0.528599040555905
7048,-576459228705,1.502867111490109,3.2927246388051903,3.0078446459904534e-4,0.536931868449295
7049,-576459228691,1.5028766356737426,3.3019112433259648,8.211596552590458e-4,0.545245598952555
7050,-576459228673,1.5027939948159976,3.311667278720805,-0.009992776962310955,0.537495136283055
7051,-576459228654,1.5215650569419152,3.3077405132238393,-0.009727609306792524,0.5154330369550676
7052,-576459228637,1.5213101008872574,3.3165138934279668,-0.020015280877272525,0.5080597540070676
7053,-576459228619,1.5208578746838675,3.3255037353998826,-0.030714003254202527,0.5003918666015676
7054,-576459228601,1.5204157576667305,3.3341874187588587,-0.020659110519562526,0.5086347844530477
7055,-576459228583,1.5201406738079277,3.3433118145291236,-0.010266562195762526,0.5171545095621477
7056,-576459228565,1.5488116559391771,3.368162573849603,0.0196178032629764,0.5435659406531836
7057,-576459228548,1.5492579978244032,3.377998391214205,0.030105572799636403,0.5521637273245537
7058,-576459228530,1.5497893512237633,3.3875938992307146,0.0321210813003764,0.5715636431532136
7059,-576459228515,1.5503465268039711,3.3973718322618676,0.0341068493079564,0.5906772971954336
7060,-576459228495,1.5851898788008991,3.381970376028551,0.05699957687269562,0.5851499774923837
7061,-576459228477,1.5862908556175714,3.3932592910068102,0.05923530664421562,0.6066695936920637
7062,-576459228459,1.5873299839703472,3.4041736043544124,0.05621057189991562,0.6058971597356038
7063,-576459228441,1.5883145014899884,3.4150721969715603,0.05318634122206562,0.6051248545038338
7064,-576459228423,1.5339919297082434,3.398830670927276,0.01360067439404243,0.572967030896437
7065,-576459228406,1.5341988512278852,3.408564337975668,0.010744465866192432,0.572237633894667
7066,-576459228388,1.5343943660479795,3.4189595677474527,0.010735958226792432,0.569844301041027
7067,-576459228370,1.5345873230343496,3.4291841169727033,0.010727555273792433,0.567480418119227
7068,-576459228351,1.5718616271404777,3.4117041813776092,0.03314071230559158,0.5377433321647109
7069,-576459228334,1.57248306186945,3.4214410606246806,0.03583861158967158,0.5430513450548909
7070,-576459228316,1.5731524522486748,3.4312642575814913,0.03853396540323158,0.5483543498299009
7071,-576459228295,1.5738713924716696,3.4411967554531833,0.04123306255579158,0.5536647194801609
7072,-576459228279,1.510331394616904,3.4199446387996995,0.0017448081630755743,0.5226887106486637
7073,-576459228262,1.5103250403051107,3.4292986792350737,-0.002455899455964426,0.5240928958166637
7074,-576459228243,1.5102414014682657,3.4388512335825774,-0.006734171618104427,0.5255230087546637
7075,-576459228226,1.5100843412018379,3.448215882353871,-0.010917015887824427,0.5269212226786637
7076,-576459228209,1.5098496517360944,3.457716890890265,-0.015149454456314427,0.5283360146616637
7077,-576459228189,1.5096139774989836,3.467262258017499,-0.011006057125814428,0.5310244123106437
7078,-576459228171,1.5094524163039766,3.4768993039857614,-0.006844036234814428,0.5337248936514036
7079,-576459228153,1.5093664167093892,3.4865412476880526,-0.002700868824814427,0.5364131421190036
7080,-576459228136,1.5093548435465332,3.4961432230058653,0.0014045916231855728,0.5390769248402836
7081,-576459228118,1.469950005525652,3.480886444955472,-0.026016971093028463,0.5074626721977776
7082,-576459228100,1.4694690460731485,3.4899821231138453,-0.027467538498678463,0.5040111291225776
7083,-576459228081,1.468933039732805,3.4995161888998987,-0.02899876019432846,0.5003676737273777
7084,-576459228063,1.4683870011269475,3.508632146667539,-0.031210590986368462,0.5048101592906177
7085,-576459228044,1.5500379154237791,3.4612891568719637,0.015046628337691867,0.4543554970439883
7086,-576459228025,1.5502870319858348,3.4694370459363126,0.012870283418431867,0.4587267088560483
7087,-576459228008,1.5504990915073897,3.477740288786007,0.010673573754311867,0.46313882347376834
7088,-576459227989,1.5507022796654373,3.4860499780742606,0.011924230621771868,0.4610328151019583
7089,-576459227970,1.5133705429147588,3.474563342310793,-0.01122010999483725,0.4358332484657651
7090,-576459227953,1.5131799471734773,3.4823850315314893,-0.00996896630103725,0.4337264203164651
7091,-576459227935,1.5130116241513867,3.4901804726000814,-0.00871594484849725,0.43161643016827506
7092,-576459227918,1.5128542491173036,3.4975135708427794,-0.009802032922067251,0.43125328127468504
7093,-576459227902,1.5126754717224535,3.5049568362007046,-0.010905373674337252,0.43088436370419503
7094,-576459227887,1.5769855381857834,3.460088990079091,0.02658404634301118,0.387797809120118
7095,-576459227883,1.5774517153766718,3.467035671140128,0.025438851870191178,0.387414897166778
7096,-576459227867,1.5778491905363505,3.4732098985903552,0.02442004924355118,0.38707424611309804
7097,-576459227847,1.5782801994522708,3.480134671318383,0.023823617190351178,0.38802903663013805
7098,-576459227831,1.578703617017897,3.487127850574086,0.02322277899035118,0.38899088067013804
7099,-576459227813,1.523951722547778,3.4668104758959357,-0.012914210488363598,0.35867788700813513
7100,-576459227795,1.5237138186698913,3.4732764133778757,-0.013515148828063598,0.35963989135547514
7101,-576459227776,1.5234821519178858,3.4797950571930745,-0.012025532722633597,0.35902432949219515
7102,-576459227758,1.5232784463134372,3.486270635585804,-0.010543224694673597,0.35841178758403514
7103,-576459227740,1.5806321909040877,3.4525195511645674,0.02418084321599847,0.3192647275532351
7104,-576459227723,1.5810570796229715,3.45827939800991,0.02299756216751847,0.3202918841881151
7105,-576459227705,1.581460524196741,3.4640558180873415,0.02181467528327847,0.3213186986655551
7106,-576459227687,1.581842669709273,3.469850726986254,0.020631788399038467,0.32234551314299514
7107,-576459227668,1.5393128165974432,3.4556108998093698,-0.007963244727752644,0.30020765048028963
7108,-576459227650,1.539146563288849,3.4612752576948327,-0.009665141296452644,0.30040287708440966
7109,-576459227633,1.5389672341759755,3.4664368048331458,-0.011215002252902645,0.30058066350042967
7110,-576459227614,1.5387530951101305,3.471793893336406,-0.012822609673352645,0.3007650740828497
7111,-576459227597,1.5385076421686719,3.477209943314796,-0.014446909431052646,0.3009513994633697
7112,-576459227582,1.5976950103493954,3.4359912012649088,0.019651510090137575,0.26110384488904637
7113,-576459227577,1.5980684590520409,3.4407327138775075,0.021479466576597574,0.26111793082534634
7114,-576459227561,1.598471164099558,3.445430350976868,0.023290410857197574,0.26113188566834633
7115,-576459227544,1.5988780478226556,3.4498321002394725,0.024987202229837573,0.26114496086754635
7116,-576459227526,1.5993446342231523,3.4545377972181743,0.02680106576469757,0.26115893820584635
7117,-576459227508,1.5867894489115186,3.453382005506552,0.017063154123327928,0.2525598629697502
7118,-576459227489,1.5870944901133202,3.4580892730668644,0.015554596283167929,0.2507835459601502
7119,-576459227471,1.587364239888812,3.4626380537435475,0.014086607550877928,0.24905499881025017
7120,-576459227452,1.5876057938709471,3.4671264352886895,0.012628055370517928,0.24733756313865018
7121,-576459227434,1.6371728072788179,3.4356837207307196,0.041160205158554536,0.21324038264127584
7122,-576459227417,1.6378753546268798,3.439321923122567,0.041366207159314536,0.21412980317423586
7123,-576459227400,1.6386211163421684,3.443180635968668,0.041583763953374535,0.21506911191399586
7124,-576459227382,1.63937183089904,3.4470441830370575,0.041866053395614534,0.21440477296703586
7125,-576459227364,1.5773440548019189,3.42399224709223,0.002561194900891947,0.18246105696291048
7126,-576459227347,1.5773906178937038,3.4271372977112553,0.0028321092961319473,0.18182348801020048
7127,-576459227328,1.5774463716167562,3.4305338390609186,0.0031257580956519475,0.1811324159931205
7128,-576459227307,1.5775125055470112,3.4344838784268488,0.003012531328411948,0.18549459031188048
7129,-576459227290,1.6214894754723872,3.4063110934440877,0.028158255326856292,0.15811138955767884
7130,-576459227272,1.6219963427895174,3.409194908226862,0.02806350909332629,0.16176158285364883
7131,-576459227255,1.6225001032925996,3.412136269309198,0.02796902559129629,0.16540165415611882
7132,-576459227237,1.6230023631366306,3.4151145312516706,0.02780973436548629,0.16535096314327882
7133,-576459227218,1.5679054884177064,3.3944061907856997,-0.0073881449354045205,0.13736004610927377
7134,-576459227201,1.5677708877651844,3.3968815110488664,-0.0075475688375645205,0.13730931287503376
7135,-576459227184,1.5676337604619675,3.399349740257285,-0.007706594710674521,0.13725870630499376
7136,-576459227163,1.5675008763366245,3.401835507195486,-0.006944356264274521,0.13680600573479376
7137,-576459227146,1.5673836323808972,3.4042731095557097,-0.006194429607554522,0.13636061725208376
7138,-576459227129,1.6058335370754033,3.3792503459268444,0.016718555831766974,0.1087377049026746
7139,-576459227111,1.6061207112970337,3.381224798428684,0.015191463794926974,0.11065809506840461
7140,-576459227093,1.6063804950376168,3.3832346040851276,0.013663777855966975,0.11257923209402461
7141,-576459227075,1.606612637763039,3.385277742237249,0.012137025191766975,0.1144991954826746
7142,-576459227056,1.5634943369855634,3.3686443560086983,-0.016807216023735683,0.09430242692880425
7143,-576459227037,1.5631945864818153,3.370334115217235,-0.016470663937185683,0.09329226733005425
7144,-576459227020,1.5629014798040388,3.372002354208387,-0.016134784394355683,0.09228412636830424
7145,-576459227001,1.562598448759273,3.3737447191976098,-0.015780017582055682,0.09121929535080424
7146,-576459226982,1.5860262509328185,3.3586301471659916,-0.0017810537277048004,0.07359299374065487
7147,-576459226964,1.5859960268220268,3.3599803289989203,-0.0015152829275048004,0.07366208674015487
7148,-576459226947,1.5859715344727594,3.3612813466137137,-0.0012594252709048003,0.07372860259865487
7149,-576459226929,1.5859512216552476,3.362608407668343,-9.986835070048003e-4,0.07379638818890487
7150,-576459226910,1.5740426322993422,3.358718215846671,-0.008248492184878858,0.06769733596636095
7151,-576459226894,1.5738871980704896,3.359869942200618,-0.010036812073978859,0.06779191218934094
7152,-576459226878,1.5737014788612629,3.3610225975803263,-0.011824080072078857,0.06788643278252095
7153,-576459226859,1.5734711108881836,3.3622479020931677,-0.013721270679678857,0.06798676668980094
7154,-576459226841,1.5732077587155047,3.3634696373647732,-0.015610151348378856,0.06808666112166094
7155,-576459226830,1.5894348475032305,3.3519336250130936,-0.0062282019314742545,0.05657802298226132
7156,-576459226824,1.5893434968516886,3.3528923564626316,-0.004504412947424255,0.05606151758500132
7157,-576459226807,1.5892816154906289,3.353839795884523,-0.0027851807691242547,0.055546377560641326
7158,-576459226787,1.5892489072756555,3.3547793147242304,-0.0010644296555742544,0.055030782411981324
7159,-576459226773,1.5892454496405684,3.355710889779972,6.578403932257458e-4,0.054514732139021325
7160,-576459226754,1.5524993089707528,3.3404437128528404,-0.02265916480760177,0.035365675742149716
7161,-576459226738,1.5521109939660993,3.3410491436939016,-0.022728597994511768,0.03539942753186972
7162,-576459226720,1.5517044596287448,3.3416816211971314,-0.02280106236549177,0.03543465279402972
7163,-576459226703,1.5513015433856316,3.3423036426255783,-0.024589697821891767,0.03772712425218972
7164,-576459226686,1.573072953441436,3.3273820259483564,-0.013478408304492082,0.024451885309954326
7165,-576459226668,1.5728126711250474,3.3278451027868496,-0.015376124857592082,0.026884164631094325
7166,-576459226650,1.5725169081150927,3.328354171509992,-0.01728141502589208,0.029326150959114325
7167,-576459226632,1.5722174387020673,3.3288704240261615,-0.01579450865705208,0.027693124076154325
7168,-576459226613,1.5719499355526532,3.3293479269503288,-0.014336506145172082,0.026091841475434325
7169,-576459226602,1.5523986010305342,3.3206724853546734,-0.02672254452690893,0.015866490036987715
7170,-576459226596,1.5519308975723098,3.320943472590899,-0.025244506386908932,0.014243202876987715
7171,-576459226578,1.5514894660780971,3.321185417328227,-0.023765318661688933,0.012618653160307716
7172,-576459226557,1.551058148509262,3.321417249281401,-0.024214832496328935,0.013170540140107715
7173,-576459226541,1.550618255839267,3.3216592780652663,-0.024664846374168936,0.013723041043907714
7174,-576459226530,1.5685712377009093,3.309057473946594,-0.014198825388878449,0.0011107965696854714
7175,-576459226524,1.5683115206003537,3.30908245104977,-0.014649014281838449,0.0016635123468854707
7176,-576459226506,1.5680438332904076,3.3091173604084205,-0.015098978155358449,0.00221595185828547
7177,-576459226487,1.5677639504675256,3.30917025361575,-0.015959427535378448,0.003653571232145471
7178,-576459226470,1.5674692997938378,3.3092488331018814,-0.01681777627883845,0.005087680909925472
7179,-576459226455,1.5676671003815414,3.309336556904161,-0.01669210123209906,0.0051911257967444165
7180,-576459226451,1.5673588732944832,3.309442932485323,-0.01755154803557906,0.0066270700883844175
7181,-576459226433,1.5670172010338548,3.309583057288335,-0.01845754303555906,0.008140786054524419
7182,-576459226416,1.566709931197378,3.309716730930234,-0.01771312635545906,0.007594780973024419
7183,-576459226398,1.5663971775628347,3.3098486517392622,-0.01692182763605906,0.007014389462024419
7184,-576459226378,1.5744395187106432,3.3039287521376792,-0.011210982473550912,3.35697903633787e-4
7185,-576459226361,1.574233238537664,3.303940812718176,-0.011735808001920912,0.0010059318307237858
7186,-576459226342,1.5740137448667941,3.3039654414617052,-0.012269624367530912,0.0016876476004937847
7187,-576459226326,1.5738046312666518,3.3039988489208274,-0.01275743566986091,0.002310612123303784
7188,-576459226308,1.5626853019392402,3.299181725593949,-0.020200959701112287,-0.002773447827046309
7189,-576459226291,1.5623409990954324,3.29913861477084,-0.020341029560912285,-0.0023028928392963095
7190,-576459226273,1.561973012361854,3.299101605675237,-0.020489675967912284,-0.0018035255355463098
7191,-576459226255,1.5616028828703836,3.299073631592762,-0.020638107961232284,-0.00130487853969631
7192,-576459226237,1.5612152796447154,3.2990540656429324,-0.020792411590712285,-7.865061890463104e-4
7193,-576459226225,1.5683178245172098,3.293965945023284,-0.016627767899362756,-0.005889551294150488
7194,-576459226219,1.568017957720134,3.2938605019568272,-0.016176826464022756,-0.005645627182730488
7195,-576459226202,1.5677437744556912,3.2937655115879148,-0.015753214812642757,-0.0054164863507904885
7196,-576459226184,1.5674663100558743,3.293670885569525,-0.015312608376832756,-0.005178152667260489
7197,-576459226166,1.5671948425323736,3.2935798945944437,-0.014868894041402757,-0.004938137852670489
7198,-576459226146,1.5332965299324195,3.2782106477872213,-0.0366807321153427,-0.022701905809706532
7199,-576459226130,1.5326338992632773,3.2778034408579533,-0.0370226958522027,-0.022591117856116533
7200,-576459226112,1.5319643724471874,3.2773977764015134,-0.0373650399502627,-0.022480206674726534
7201,-576459226094,1.5312826496701093,3.276990529448837,-0.037710426937922696,-0.022368309670936535
7202,-576459226074,1.5365152675595941,3.2723930549817615,-0.034218787602645774,-0.02594078628491129
7203,-576459226059,1.5359334464115413,3.2719567312381375,-0.03422673301999577,-0.02538839948348129
7204,-576459226040,1.5353163651573873,3.271504333974987,-0.03423515793844577,-0.024802676474871287
7205,-576459226023,1.5347390183943233,3.2710799543164635,-0.03390845528834577,-0.025286395053421288
7206,-576459226006,1.5221707700066072,3.265112902246888,-0.041261708479646636,-0.03221853343194745
7207,-576459225988,1.521423531937838,3.2645222226779134,-0.040911059845986635,-0.03273770662687745
7208,-576459225970,1.5206916354374789,3.2639294499793654,-0.040564672132106634,-0.03325057106961745
7209,-576459225952,1.5200310300877264,3.2633011213211747,-0.032815538892856634,-0.036544336810467454
7210,-576459225933,1.5194856634124654,3.262574479275688,-0.024645916724156634,-0.04001683118940745
7211,-576459225921,1.5237891634590666,3.2595835369873023,-0.02210213192657605,-0.04300879910101476
7212,-576459225914,1.5234609043861014,3.2587792799182957,-0.014350846748076048,-0.04630347952271476
7213,-576459225896,1.5232724838223086,3.25791747107011,-0.006615055532176047,-0.04959157424229476
7214,-576459225880,1.5232441725110204,3.2570813309909226,0.003283725145853956,-0.048795209212104756
7215,-576459225862,1.5233842426290942,3.2562582467420547,0.013188329663783957,-0.047998375649214754
7216,-576459225844,1.5281256337351554,3.2574738890793538,0.02650161976298957,-0.04475024021744229
7217,-576459225827,1.5287018961291674,3.2566701796850266,0.03706140626966957,-0.04390069672580229
7218,-576459225809,1.529389449345899,3.25593412342251,0.04450855656478957,-0.04342357216932229
7219,-576459225792,1.5302621681017454,3.255157084138182,0.052460194084789566,-0.042914126089322296
7220,-576459225774,1.53053260267401,3.2549166020554976,0.059973962904541635,-0.041875592368569206
7221,-576459225754,1.5317518452232164,3.2541260744125746,0.06836735806454164,-0.041337843728569204
7222,-576459225736,1.5329678376177625,3.2534232070391043,0.07458965986938164,-0.04129410706740921
7223,-576459225721,1.5342867748170044,3.2527225687287142,0.08079879432970163,-0.04125046295972921
7224,-576459225703,1.5704303313577181,3.2678916794570294,0.10959778589297434,-0.02274796891183111
7225,-576459225686,1.5723491256578686,3.2675047905833394,0.11582447681265434,-0.022704201399511112
7226,-576459225668,1.5743550199002307,3.267108463002307,0.12026029248791434,-0.023941780008401112
7227,-576459225651,1.576561618416108,3.266665788465659,0.12495819013445433,-0.02525247866221111
7228,-576459225633,1.5788514684481043,3.266199790913471,0.12965347740279434,-0.02656244902872111
7229,-576459225622,1.5794321452114268,3.265773646632782,0.129998075981788,-0.026990973160732058
7230,-576459225614,1.5816825212346932,3.265303711741767,0.13444093967818802,-0.028230518145332055
7231,-576459225599,1.5840065832662726,3.2648272465528203,0.139010293593888,-0.027830805415892057
7232,-576459225581,1.586551741535404,3.264330211161004,0.143847927025288,-0.027407624437012057
7233,-576459225563,1.5891833631156758,3.2638408992720453,0.14868448518808802,-0.026984537519252057
7234,-576459225545,1.6433815772010167,3.2861434847248367,0.18465779061944293,0.0017030829797674597
7235,-576459225527,1.6465777513753437,3.2861910425782863,0.18746634191366293,0.00383398227224746
7236,-576459225511,1.649752731398725,3.286273036101169,0.19021521680653294,0.0059196039863274605
7237,-576459225493,1.6532113977657685,3.286400035445773,0.19316519299710294,0.00815780493720746
7238,-576459225474,1.6551903926198235,3.288006115229575,0.19898152643157122,0.016525502619361383
7239,-576459225456,1.6588617745887266,3.2883665489363443,0.20553389543965123,0.023187334177601382
7240,-576459225439,1.6626164697614783,3.288842898728856,0.21202562110301124,0.02978750929568138
7241,-576459225420,1.6664887862008346,3.289438091624365,0.21851879065553123,0.03638915242424138
7242,-576459225400,1.6819685246052725,3.294864322474832,0.2274571405438221,0.04367053518404106
7243,-576459225384,1.6858455335755516,3.2956201747234317,0.2289031643563021,0.04530036100803105
7244,-576459225367,1.6899825732522886,3.2964517320885114,0.23043616576494208,0.04702822002560105
7245,-576459225349,1.6941439793233994,3.2973137308023683,0.23196797569966207,0.04875473612271105
7246,-576459225332,1.6981216678148021,3.298103057369117,0.23285101248646206,0.04348325005881105
7247,-576459225319,1.6971782962027009,3.298863079405973,0.23229389586691332,0.04425087187283283
7248,-576459225311,1.7014488759543442,3.2996231111915755,0.23324049685595333,0.03859992505341283
7249,-576459225295,1.7057801484903425,3.30028555534614,0.23419664279419333,0.03289199751989283
7250,-576459225276,1.7097752938070383,3.3008009593441017,0.23507513928083335,0.02764761579567283
7251,-576459225259,1.7140452223320748,3.3012992092943034,0.24020630829667333,0.02781208480559283
7252,-576459225241,1.7236546467446816,3.3039077693770977,0.24871554322361275,0.03045423002194898
7253,-576459225224,1.7279235690845332,3.304426752739892,0.2535697067883528,0.03060982019506898
7254,-576459225207,1.7325296834979613,3.3049444221887714,0.25728421806365276,0.02680374924754898
7255,-576459225188,1.7374578757606796,3.305415824759821,0.26119997580465276,0.02279147127314898
7256,-576459225169,1.7442895655251363,3.3040347010540936,0.2661358364476433,0.01723109353756715
7257,-576459225152,1.7491141895369715,3.3043107090795028,0.26984416819994334,0.01343135443324715
7258,-576459225136,1.7537357451479563,3.304471042845704,0.2731974405168933,0.005408169237657148
7259,-576459225116,1.7587574511506736,3.3044912089678085,0.2767950026918433,-0.0031995144975328522
7260,-576459225098,1.7376223414611518,3.2943795864618526,0.2634763405239414,-0.023414228033514138
7261,-576459225081,1.742390689413468,3.2938825020009297,0.26701795244109144,-0.03188804274834414
7262,-576459225062,1.747209693087156,3.2933904779933996,0.26564521476215147,-0.022497279184904143
7263,-576459225045,1.7519568167424748,3.2930707116435456,0.26428598141099147,-0.013198897400744144
7264,-576459225026,1.7472060819394204,3.3007523497296716,0.25737623701805884,0.004016694285730623
7265,-576459225010,1.7516120002029067,3.30089771569071,0.25607420739243886,0.01292375100485062
7266,-576459224992,1.7559070833918047,3.301142576850226,0.25457651058377884,0.016188264155710622
7267,-576459224976,1.7604775671283415,3.3014656004936165,0.25297304372347884,0.019683323117010626
7268,-576459224957,1.7650272162075995,3.3018523119564867,0.25136672783821884,0.023184592066470628
7269,-576459224945,1.722566526451479,3.2856879800269425,0.22383861699680604,0.003810271322070048
7270,-576459224939,1.7265736422917255,3.2857877547727194,0.22223906754582604,0.00729679154965005
7271,-576459224919,1.7304257462027384,3.285857076239398,0.22864217679346605,8.171508251000482e-4
7272,-576459224904,1.7345765929157861,3.2858109989103603,0.23534694829570604,-0.005967757692699954
7273,-576459224887,1.7386340575416452,3.2856546263496313,0.24172120289290605,-0.012418198889199955
7274,-576459224868,1.7265699826877188,3.2987517098519246,0.2389095281537436,-0.005879738143773213
7275,-576459224851,1.7309015381228194,3.298635730311377,0.24202706598389362,-0.006997577189323213
7276,-576459224833,1.7350730995445467,3.2985067487952704,0.24499195470694363,-0.008060681652173213
7277,-576459224814,1.7392676823940292,3.2983605767114317,0.2479374594163936,-0.009116835691823214
7278,-576459224798,1.6934209129124957,3.278526627365357,0.21337467887632297,-0.02621086047521026
7279,-576459224782,1.69703839276109,3.2781344354447413,0.21168611057132297,-0.01987243905070026
7280,-576459224764,1.7008322517403343,3.2778370847876923,0.20990061898132298,-0.013170194247320258
7281,-576459224746,1.7045950160163386,3.277660328797522,0.20811463136632297,-0.006466087502390257
7282,-576459224728,1.6853609536187637,3.2954491136709936,0.19000421322602193,0.01443280436548571
7283,-576459224710,1.6885963230035579,3.2957239304688546,0.18543754886207192,0.01745774368918571
7284,-576459224693,1.6918498946604998,3.2960618860259188,0.18072886348860193,0.020576757134005707
7285,-576459224676,1.6948520969908796,3.296432790730671,0.17627242438577193,0.023528683706985704
7286,-576459224659,1.6979256303778079,3.296843118768487,0.18514965780241194,0.024722496657065704
7287,-576459224646,1.6593471817998002,3.2811041972293786,0.15984209345242475,0.005763680628127276
7288,-576459224640,1.66248144831937,3.281226504446776,0.16976843547486475,0.0070985780108072764
7289,-576459224625,1.6652600993675966,3.28134886065721,0.17810650014036475,0.008219883389307276
7290,-576459224606,1.668562760092359,3.281508806106811,0.18753542897806474,0.009487888501207277
7291,-576459224586,1.6721794178729072,3.2816787991492,0.19404905936846475,0.008447650894127277
7292,-576459224569,1.6568236194133092,3.2962862216105884,0.1893197794493037,0.021710535274776333
7293,-576459224552,1.6601360189892442,3.2966520861756248,0.1952392936261037,0.020765179015166335
7294,-576459224532,1.6638658300662448,3.297032635642541,0.2016969142173037,0.019733886266176337
7295,-576459224515,1.6675172203573996,3.297354512075036,0.2048487954252737,0.01610382820190634
7296,-576459224497,1.6381092363658398,3.2835919452409192,0.18620042058336497,-0.004396875169655364
7297,-576459224478,1.641489458656002,3.2834800556363737,0.18935896946855496,-0.008034612474945364
7298,-576459224460,1.6449251903663171,3.2833027648240933,0.19251629009741497,-0.011670935183205364
7299,-576459224443,1.648381030418727,3.283162174980588,0.19172209687277497,-0.003960579549405365
7300,-576459224425,1.6248739381925914,3.3031607865900483,0.17550742327115726,0.022959868570744543
7301,-576459224405,1.6280309859538533,3.3036443934839324,0.17471141984403726,0.030687798397394543
7302,-576459224390,1.631229858246649,3.304217745391253,0.18141129574688727,0.03314208274044454
7303,-576459224373,1.6343683034306815,3.3048010080263217,0.18775240289835726,0.03546494367475454
7304,-576459224354,1.5986545733028659,3.288476019391236,0.16867005654619488,0.01751932424632971
7305,-576459224336,1.6019197659382014,3.2888327611366064,0.17574138117708488,0.02010967690029971
7306,-576459224319,1.6048842991917562,3.2891385684691543,0.17317090665377488,0.015882476639189708
7307,-576459224300,1.6080121498282365,3.289386509181506,0.17041679439308488,0.011353280196299708
7308,-576459224284,1.6108593450311783,3.2895423757079296,0.16787052253697488,0.007165881738389708
7309,-576459224265,1.5852087125505796,3.3107107131447506,0.1485470514107776,0.023302774607733126
7310,-576459224249,1.5877427474719823,3.3110597363457224,0.1520502109145776,0.018099740335533125
7311,-576459224230,1.590542759586091,3.3113379035782318,0.1558295091479476,0.012486573646503126
7312,-576459224215,1.5931924069852297,3.3115042375592654,0.1593233185818976,0.007297426476453126
7313,-576459224197,1.5415868761441425,3.2869772676438656,0.12703276309367112,-0.027348803182036932
7314,-576459224179,1.5438570280266577,3.2864594425559885,0.12552905283949112,-0.030260930130176934
7315,-576459224162,1.5459795555630789,3.2859214338498055,0.12410664682779111,-0.033015601029276934
7316,-576459224144,1.5482045832769895,3.2852995448442366,0.12259783414687112,-0.03593760947843693
7317,-576459224125,1.5504046957040711,3.2846242102882814,0.12108743218549112,-0.03886269577217693
7318,-576459224114,1.5185422210702044,3.306832413707644,0.1025324216415589,-0.01719795637610379
7319,-576459224107,1.52042052225934,3.3065165803956287,0.0958726897068789,-0.016163542727703793
7320,-576459224089,1.5220861155956797,3.30623501844665,0.0895537880375789,-0.015182068068703793
7321,-576459224070,1.5236412693135641,3.3059705633053604,0.08322187220953889,-0.014198572003503792
7322,-576459224052,1.5250825127724925,3.3057237998451874,0.07688960464747889,-0.013215021305703793
7323,-576459224040,1.472955687725642,3.280769365865366,0.04256165293699801,-0.04280126909675966
7324,-576459224034,1.4737327679919743,3.2800043657899285,0.03909015607133801,-0.03758121229837966
7325,-576459224016,1.474369758401592,3.2794062006470774,0.035995646913008016,-0.03292802832768966
7326,-576459223997,1.4749877412736936,3.2788582604048058,0.032714923700888014,-0.027994836056529658
7327,-576459223981,1.4755207467684217,3.27837883113887,0.029969481183048013,-0.02838870692072966
7328,-576459223963,1.4357362584310327,3.304888013422319,0.00342278380750383,-0.0024358908359752816
7329,-576459223947,1.4357711034476743,3.304843315973928,6.817001599438289e-4,-0.0028291363612752813
7330,-576459223928,1.435757171857111,3.304788568067783,-0.002227765032136172,-0.003246538496675281
7331,-576459223911,1.43568738268683,3.3047066844989796,-0.005568165517576171,-0.005900419591235282
7332,-576459223892,1.396021418371465,3.2839877823009425,-0.03491702547631809,-0.03266867159950315
7333,-576459223876,1.3954014404705695,3.283411523693034,-0.03808596550341809,-0.03518633080365315
7334,-576459223859,1.3947262766098423,3.282791258331162,-0.04126106243489809,-0.03770888154467315
7335,-576459223841,1.393942281904527,3.282158727025662,-0.05106593577686809,-0.03678105609887315
7336,-576459223823,1.3929280302275864,3.2815046235724226,-0.06147239176161809,-0.03579630348387315
7337,-576459223806,1.3917274240385074,3.280868862089328,-0.07186903305833808,-0.03481247962307315
7338,-576459223788,1.3903347404533193,3.2802488215107166,-0.08229973709586808,-0.03382543243887315
7339,-576459223767,1.3887142827812606,3.279627020173645,-0.08897789445034808,-0.031897148374093146
7340,-576459223751,1.3870576983966643,3.2790700719071646,-0.09532253216102808,-0.030065166414863145
7341,-576459223732,1.3618876622023564,3.2635179953501297,-0.11711705927395959,-0.045281614359185804
7342,-576459223714,1.3597233680865664,3.2627197828056134,-0.12346699094723959,-0.0434481037951058
7343,-576459223698,1.3575965159632968,3.2620845489263592,-0.1265597090197796,-0.0312281883643358
7344,-576459223680,1.3552869146041209,3.2616385084632613,-0.12983475802905958,-0.0182878488356958
7345,-576459223660,1.3034346977155657,3.291887213114929,-0.16204116984782274,0.023502803265264976
7346,-576459223643,1.3004657679415126,3.2922427703567556,-0.16767505804415275,0.015983813629254974
7347,-576459223624,1.2973969372427778,3.292462841913902,-0.17330613070415277,0.008468581609254974
7348,-576459223607,1.2942213789792854,3.2925476677072956,-0.17894658848525277,9.408242025549735e-4
7349,-576459223588,1.2909599965911058,3.2924973329669394,-0.18456014225253278,-0.006551027095605027
7350,-576459223576,1.2696183609045166,3.2786386476191094,-0.19856984275334022,-0.022090317934203088
7351,-576459223570,1.2657319514120453,3.278155143644521,-0.2100527513452002,-0.02874597421052309
7352,-576459223554,1.2620764688372788,3.2776163189126026,-0.2203078060796402,-0.03468994901980309
7353,-576459223536,1.258245851136411,3.27697635539813,-0.2305652754726002,-0.04063532339932309
7354,-576459223519,1.2539420957856042,3.276177386033944,-0.2415706853421302,-0.04701421466068309
7355,-576459223507,1.2128017878056325,3.2998222020859997,-0.2656568572831622,-0.02482964551707706
7356,-576459223501,1.2080939952984344,3.2993613286806127,-0.26354643714108217,-0.02697716713883706
7357,-576459223484,1.2036371226669431,3.2988859721316413,-0.26153280785084215,-0.02902619631211706
7358,-576459223463,1.1989196961563295,3.298340451924852,-0.25938443051196214,-0.03121234242347706
7359,-576459223450,1.194802752497415,3.2978279244042006,-0.2574948738087621,-0.03313511779637706
7360,-576459223431,1.168147546402696,3.282396107287577,-0.28487510153706774,-0.04635250103470852
7361,-576459223412,1.1626142202830276,3.2815499724701636,-0.29871674781888774,-0.042888106191288515
7362,-576459223396,1.1574280717816734,3.2808469554551962,-0.31113138263200774,-0.03978087487256851
7363,-576459223378,1.1520239805441017,3.280196016124267,-0.32356134595706776,-0.03666980701470851
7364,-576459223361,1.108737927084303,3.29978621561201,-0.3541780524214155,-0.014419302300261012
7365,-576459223342,1.102070024369334,3.2995500391366432,-0.3631864139550155,-0.01098967837396101
7366,-576459223324,1.0954567701399003,3.2993821655990865,-0.3719054806077355,-0.007670193526951009
7367,-576459223302,1.0871353912965025,3.2992578581786565,-0.3825943691880555,-0.003600766707891007
7368,-576459223284,1.0802275630023108,3.299226704214846,-0.3874661953503355,1.2783166406899306e-4
7369,-576459223271,1.0617561025715196,3.2860565318340327,-0.39933403124262973,-0.014381078298851773
7370,-576459223266,1.0541177192594466,3.285820751700569,-0.40449478349802975,-0.010431353531051773
7371,-576459223248,1.046786272372669,3.2856665480564367,-0.4093869756913098,-0.006687168242091772
7372,-576459223228,1.039397531525555,3.2855523084255647,-0.4122689428090098,-0.006016710642741774
7373,-576459223211,1.0319436735886671,3.2854499559136063,-0.41515603769694975,-0.005345060124671775
7374,-576459223192,1.0093098640869222,3.292744044166447,-0.42698765807444755,0.0024511999858805875
7375,-576459223173,1.001207307027733,3.292797058413598,-0.43001768955782754,0.003156103113270586
7376,-576459223156,0.9939254933244492,3.2928130939275246,-0.42893998703122754,-0.0012645650505794144
7377,-576459223139,0.9866131761800998,3.2927535272019264,-0.42785503837734756,-0.005714956374009415
7378,-576459223122,0.9738588346394667,3.2887930589064265,-0.4299337427120623,-0.014559334516681484
7379,-576459223104,0.966558288091269,3.2885078368272356,-0.4288530527470223,-0.018992256965621485
7380,-576459223088,0.958827872355152,3.2881412613407646,-0.42960510784342226,-0.021715737090021486
7381,-576459223070,0.9510753049551385,3.2877251471626647,-0.43035799809262226,-0.024442241623221485
7382,-576459223050,0.9446111327618194,3.286425885642099,-0.43011397967020004,-0.028103984789297952
7383,-576459223034,0.9372961768944398,3.285926481266522,-0.43082356724672005,-0.030673673726217952
7384,-576459223017,0.9303754166081422,3.2854645525274178,-0.43432554035972004,-0.027071027705667952
7385,-576459223000,0.9225199058573993,3.2850136380134423,-0.43826660079472,-0.023016671708417952
7386,-576459222982,0.9150417223526423,3.2846550657316333,-0.44198570981172003,-0.019190647673467953
7387,-576459222969,0.9170617610609436,3.2861709979875116,-0.44073303209808645,-0.017542636848735832
7388,-576459222963,0.9091039996338728,3.285873658346916,-0.44155106647398645,-0.01542367398838583
7389,-576459222946,0.9016087715464535,3.2856289668398286,-0.44232017024998643,-0.01343145656438583
7390,-576459222929,0.8940827758517537,3.285417605864659,-0.4430910879499864,-0.011434540514385829
7391,-576459222911,0.886100233783785,3.285230822890918,-0.4439073084018864,-0.009320276280035828
7392,-576459222893,0.8883524699613973,3.2803376410383653,-0.44677435566895773,-0.01532534509314888
7393,-576459222876,0.8802334011337126,3.2800508804547817,-0.4559964040669277,-0.01655997025496888
7394,-576459222857,0.8719303114119344,3.2797412186269908,-0.4652384480109877,-0.01779727237132888
7395,-576459222840,0.8634848224443357,3.279410223865283,-0.4744543439332377,-0.01903107385482888
7396,-576459222822,0.857626548194447,3.280792792557004,-0.47447352218824523,-0.017674876909448863
7397,-576459222805,0.8494422525483805,3.280484126102936,-0.47586271167920524,-0.018166559930808863
7398,-576459222786,0.8404937147927865,3.280138017630077,-0.4773769959739552,-0.018702518403058862
7399,-576459222765,0.8318964817751268,3.279797093673379,-0.47882732141673523,-0.019215839588038863
7400,-576459222751,0.8237602467461078,3.279468240747032,-0.47848942514391524,-0.01947729211529886
7401,-576459222740,0.8403039296206364,3.272251690784839,-0.4681318324585536,-0.026991659059452715
7402,-576459222734,0.8318690826237285,3.271762667421929,-0.4677735208738036,-0.027268908253702713
7403,-576459222716,0.823931491120962,3.271297561628633,-0.46743608180855356,-0.02753000700945271
7404,-576459222699,0.8154601419732276,3.270795914697233,-0.46707568297185353,-0.02780887124755271
7405,-576459222681,0.8075129466042368,3.270319948838311,-0.46662523566655356,-0.02811145524278271
7406,-576459222663,0.8050995548365608,3.2744864097353648,-0.46263815689307863,-0.023457669002636933
7407,-576459222647,0.7972417651172041,3.274085227191849,-0.4621885034207786,-0.023759719747566934
7408,-576459222629,0.7893431339259245,3.2736763853161377,-0.46173607153297863,-0.024063636868546935
7409,-576459222611,0.7810543798333347,3.2732560602956777,-0.4629352908710586,-0.022826704548226936
7410,-576459222593,0.7784295967808543,3.2704038620379143,-0.4604671225517039,-0.02420255084387282
7411,-576459222576,0.7702152986163531,3.2699836191497127,-0.4616588501134639,-0.022973345900832817
7412,-576459222558,0.7617728677426927,3.269569475483315,-0.4628804778896439,-0.022379954914742817
7413,-576459222539,0.7535487904939835,3.2691767828261096,-0.4624207427122039,-0.021802387255062818
7414,-576459222522,0.7452358742564784,3.268789900515944,-0.4619555763698639,-0.021217996395082817
7415,-576459222509,0.7506195111121914,3.2731159711796725,-0.45881001097784635,-0.016663110029531445
7416,-576459222504,0.7422940775862493,3.272818807070139,-0.4583404738408963,-0.016073228117881446
7417,-576459222486,0.7340342938303944,3.272505052016338,-0.45773380729423635,-0.018724648419691445
7418,-576459222466,0.7255962023391598,3.2721346216074725,-0.45711321295129637,-0.021436939791481445
7419,-576459222448,0.7172170343660406,3.2717166682845655,-0.4564961173784364,-0.024133939879991444
7420,-576459222430,0.7312122230006046,3.262166886187159,-0.441592062069564,-0.03680128775381943
7421,-576459222413,0.7232547232664792,3.261489504121084,-0.44262369815326397,-0.038467567857559434
7422,-576459222395,0.7152214230994665,3.2607769526427544,-0.44366272803966395,-0.04014579029883943
7423,-576459222378,0.7076206301586254,3.2600763820337515,-0.44464358188156394,-0.04173004783621943
7424,-576459222357,0.7121959114578725,3.2696009707228177,-0.43848593845572087,-0.032684036519301726
7425,-576459222341,0.7042897752963763,3.269008866172112,-0.4394858729264209,-0.03306882863400173
7426,-576459222324,0.6963757614739475,3.268410600943047,-0.4404845304125109,-0.03345312934289173
7427,-576459222306,0.6884349551244544,3.267804746544257,-0.4414842983200009,-0.03383785736118173
7428,-576459222287,0.7007113486916474,3.2591499439704923,-0.4293309675908494,-0.04328347599093263
7429,-576459222269,0.6925863082445322,3.2583666545037073,-0.4278764436150694,-0.039355070908382625
7430,-576459222251,0.6853072861491367,3.257726201147102,-0.42656915978854937,-0.03582433472668262
7431,-576459222235,0.6780786050065035,3.257148036302405,-0.42526693997966936,-0.03230727553688262
7432,-576459222218,0.6708559145344976,3.2566013720702283,-0.42396180452426935,-0.031968354348682615
7433,-576459222206,0.6840281786282069,3.267445412025291,-0.4164752061784517,-0.02080303245187788
7434,-576459222199,0.6765265082004547,3.2670741852619973,-0.4170437302384517,-0.02044438569187788
7435,-576459222183,0.6694388820882572,3.266729831534896,-0.4175801642737317,-0.02010598254899788
7436,-576459222166,0.6623329466075982,3.2663907903648477,-0.41811729317175167,-0.01976714106007788
7437,-576459222149,0.6552112383170309,3.2660270259454185,-0.41845128318997166,-0.02296332051977788
7438,-576459222130,0.6787286556243503,3.2534298713634575,-0.39844964217652573,-0.04032700667479701
7439,-576459222113,0.6719529746936393,3.252717273247696,-0.3987830829335857,-0.04351792987789701
7440,-576459222095,0.6647717013326948,3.251903539310994,-0.3991361793935857,-0.046896951977897006
7441,-576459222078,0.6575765362123773,3.251042502317758,-0.3993063795940857,-0.048651735059317004
7442,-576459222060,0.6674371214583718,3.263990543238591,-0.39009837748556203,-0.03627011555547746
7443,-576459222042,0.6604021127615675,3.2633207675415203,-0.39026864379056203,-0.03802558018167746
7444,-576459222026,0.6537825792487469,3.2626619301529622,-0.390428786663562,-0.03967667109299746
7445,-576459222009,0.647157155637263,3.261973090891688,-0.38921626058096204,-0.04138231470063746
7446,-576459221991,0.6401632082586486,3.261211994810162,-0.38793217862281204,-0.04318861496504746
7447,-576459221979,0.6689688213212774,3.2501041781933018,-0.36891911086877394,-0.05618731693971372
7448,-576459221973,0.6623277027905854,3.2490746350354835,-0.36763260328772396,-0.05799702929418372
7449,-576459221955,0.6560988836359817,3.2480759155016834,-0.36642186075137395,-0.05970016401207372
7450,-576459221936,0.6493880054229173,3.2469711251067164,-0.368332418885604,-0.06126008068785372
7451,-576459221920,0.6432100567120586,3.2459341051155106,-0.370082534901374,-0.06268900091207372
7452,-576459221902,0.6615104344343078,3.2656472607118374,-0.35802947792177364,-0.04323834302955029
7453,-576459221885,0.655407020916027,3.2648996458023185,-0.35980804260522364,-0.04469049078625029
7454,-576459221867,0.6488756698795116,3.2641833688956723,-0.36432866525169366,-0.03472376794717029
7455,-576459221847,0.6419166804533738,3.26362390265519,-0.36908435325890365,-0.024238790990730286
7456,-576459221831,0.6625291379218037,3.2526741667346473,-0.3554654792531865,-0.02686396804203589
7457,-576459221813,0.6563654702147158,3.2522932264324886,-0.3597846173047365,-0.017341463017835887
7458,-576459221795,0.6499740295784651,3.251980821817786,-0.3597291321324765,-0.017827355478455886
7459,-576459221776,0.6431350640822574,3.251636926953034,-0.35966975244204646,-0.018347352852865886
7460,-576459221759,0.6368039216874364,3.251309702326382,-0.35961477321360646,-0.018828814683145886
7461,-576459221745,0.6594254002100932,3.269909570177143,-0.3470164567513581,-2.9328737455076165e-4
7462,-576459221741,0.6533916032224614,3.2699003352581335,-0.34696214899156813,-7.688690472807615e-4
7463,-576459221723,0.6471410188716826,3.2698472479043965,-0.34816511421780816,-0.0051349736725607616
7464,-576459221706,0.6411636432289421,3.269723572965703,-0.34931162355820816,-0.009296174366360762
7465,-576459221689,0.6348522285604031,3.2695164061113404,-0.3505181340000282,-0.013675146181650763
7466,-576459221675,0.6724528056699952,3.2549824672369994,-0.3254650922531873,-0.03109308409559487
7467,-576459221671,0.6665968295233284,3.2544167835856794,-0.3248376447447873,-0.03172575558459487
7468,-576459221654,0.6608075941593767,3.2538452382982697,-0.32421615467802734,-0.03235242003169487
7469,-576459221634,0.6549666688473885,3.253256115340344,-0.3235879058763073,-0.03298589948539487
7470,-576459221616,0.6491580651973486,3.2526577540328505,-0.3229619215991873,-0.03361709556059487
7471,-576459221598,0.6681824876483037,3.272491081239851,-0.30910813467987,-0.01125894061510781
7472,-576459221580,0.6626737733551078,3.2723093644402397,-0.30908446920251,-0.00913347321174781
7473,-576459221562,0.6570319666847473,3.2721625113906536,-0.30906023008099,-0.006956485108227809
7474,-576459221545,0.6515519194435049,3.272057908227686,-0.30903668411283,-0.004841751184067808
7475,-576459221527,0.6617414872807288,3.26574924456593,-0.2992440891121485,-0.011760041300519667
7476,-576459221510,0.6568997287062427,3.2655634223256103,-0.2999093045874085,-0.011234914808859667
7477,-576459221493,0.6518331994282485,3.265378470046034,-0.3006038254344285,-0.010686654419039668
7478,-576459221476,0.6464195802526813,3.26519150520441,-0.30134415650443847,-0.010102231067629669
7479,-576459221455,0.6557866594233432,3.2774818176633653,-0.29153759215434355,-2.6917294080151463e-4
7480,-576459221435,0.6505450202039432,3.2774568992391457,-0.29041413643454356,-0.002497389090921515
7481,-576459221420,0.6456245149511936,3.2773966894651605,-0.2893555410427436,-0.004596963917841515
7482,-576459221403,0.6404270831549801,3.277293926224468,-0.2882331455398436,-0.006823077277101516
7483,-576459221386,0.6669098303488384,3.265031215434963,-0.26778858149065604,-0.02276107235669985
7484,-576459221368,0.6622922161564598,3.2646288365370864,-0.268301764173536,-0.02395384003398985
7485,-576459221350,0.6575270488876168,3.264192924963301,-0.268830318207456,-0.02518233465859985
7486,-576459221333,0.6526851313149741,3.2637404187312704,-0.269011122797006,-0.025082173203699848
7487,-576459221314,0.6478396891637641,3.2632896909242266,-0.26919193742846603,-0.024982006185819847
7488,-576459221300,0.6633328207357001,3.275717695511552,-0.26053282868601196,-0.012794961839627274
7489,-576459221294,0.6581141589029854,3.2754626171470798,-0.26073389784994194,-0.012683574291087275
7490,-576459221276,0.6536797097743007,3.275247775056745,-0.26090463040376194,-0.012588992505127275
7491,-576459221260,0.6489527175753425,3.275029944879541,-0.2604356363833019,-0.011435511432627275
7492,-576459221241,0.6442651663275132,3.2748342559401005,-0.25996972002295193,-0.010289599801377274
7493,-576459221222,0.6619758473504678,3.265729444779745,-0.2444032992946379,-0.01996823510320595
7494,-576459221204,0.6575812655945378,3.26538035881207,-0.2439378226000179,-0.01882340482070595
7495,-576459221186,0.6531846401926881,3.2650274330457485,-0.2446032521096579,-0.02039274789013595
7496,-576459221169,0.6487753019188831,3.2646461947868555,-0.2452687925303779,-0.02196235253127595
7497,-576459221150,0.6477956350125156,3.267050637214589,-0.24399346159419605,-0.020784330371441676
7498,-576459221133,0.643432994007834,3.2666656124331017,-0.24465360434235606,-0.022341205189361675
7499,-576459221095,0.6389881745656547,3.2662664350591792,-0.24362712093275607,-0.021509983860661674
7500,-576459221090,0.6346578749307218,3.265890562573741,-0.24262290825515606,-0.020696796829711674
7501,-576459221079,0.630301004442231,3.2655255159511807,-0.24160832136315605,-0.019875209011961673
7502,-576459221059,0.6575388079718698,3.252614951143503,-0.22017103165700658,-0.03799083211403658
7503,-576459221042,0.6534411008500184,3.251881929127945,-0.21994573133654657,-0.04073984997161658
7504,-576459221024,0.6496916860762518,3.251165640197247,-0.2197393784572466,-0.04325767928051658
7505,-576459221006,0.6457108972396948,3.2503573453827133,-0.21952007936974657,-0.04593347266801658
7506,-576459220987,0.6466231320356453,3.253481183948135,-0.21764113076668484,-0.04240877282739534
7507,-576459220969,0.6427075679640213,3.2527167300631694,-0.21848763640016483,-0.04273868595691534
7508,-576459220952,0.6387634245668683,3.251943725039322,-0.21933701777677483,-0.04306971986505534
7509,-576459220933,0.6348136660213809,3.2511666653929328,-0.22018432484686484,-0.04339994534271534
7510,-576459220914,0.6537958895404943,3.2413895143260327,-0.20449687675876763,-0.055055052437136626
7511,-576459220896,0.6501228828798921,3.240393934653735,-0.20418258478251763,-0.055718763673886625
7512,-576459220879,0.6464510405193524,3.239385184348573,-0.20386790813736763,-0.056383287241496625
7513,-576459220861,0.6427830294160204,3.238363961180972,-0.20355307412766763,-0.057048143126276624
7514,-576459220841,0.6555027022450148,3.2507283445167183,-0.19544911947090837,-0.04433844098244868
7515,-576459220821,0.6519784981697628,3.249927916691527,-0.19663010122798838,-0.04471177042006868
7516,-576459220806,0.6484295029753275,3.2491199659878736,-0.19781226547778838,-0.04508547366476868
7517,-576459220789,0.6450704316209102,3.2483639149833774,-0.19737259974778837,-0.04386170333476868
7518,-576459220770,0.6415217176741715,3.247586023568821,-0.19690704546509838,-0.04256587452827868
7519,-576459220759,0.6688369618871568,3.2370337416245905,-0.17881486520019155,-0.05553774515723948
7520,-576459220752,0.6656194521343453,3.23604480191974,-0.17834889711446156,-0.05424076456690948
7521,-576459220735,0.6625937487738783,3.2351338532148817,-0.17790959346212157,-0.053018002047769484
7522,-576459220716,0.6593907706714167,3.234137730881374,-0.17756214533834158,-0.057533280734269485
7523,-576459220700,0.6563799627569366,3.233125189793178,-0.17723492212338157,-0.06178572565226949
7524,-576459220682,0.6707263182809079,3.2461057749085453,-0.16697618288755525,-0.05254625640686493
7525,-576459220664,0.6677045415276098,3.2451127319267625,-0.16662690314667525,-0.05708533796086493
7526,-576459220648,0.6648457313211157,3.2441248881700395,-0.16844227248555524,-0.05869569306622493
7527,-576459220630,0.6618159559290112,3.2430599618595486,-0.17034509105067525,-0.06038362153636493
7528,-576459220612,0.6589114305272192,3.2420222210708936,-0.17214950263979525,-0.06198425637825493
7529,-576459220594,0.6558002046620136,3.2408929356797733,-0.17406157677995526,-0.06368039516802493
7530,-576459220577,0.6528755538859417,3.239856648903868,-0.16971165578800526,-0.05812821792692493
7531,-576459220560,0.6498638108387746,3.238863725883625,-0.16511247396930526,-0.05225788771432493
7532,-576459220542,0.6469357701568808,3.237976688435125,-0.16051482606338527,-0.046389515366164924
7533,-576459220526,0.6443994742937422,3.2372760181253475,-0.15642311372273526,-0.04116691197246492
7534,-576459220508,0.6415631139590369,3.236551215279104,-0.15802925154393527,-0.03918817075966492
7535,-576459220489,0.6387076761210582,3.2358644161197883,-0.15962986937927526,-0.03721623009870492
7536,-576459220472,0.6358199152833712,3.2352122931618514,-0.16123244591927527,-0.035241876338704924
7537,-576459220460,0.6690134884526211,3.2204295607172906,-0.1395512228313734,-0.052498077039409674
7538,-576459220453,0.6664871432527963,3.219502364514421,-0.1411537993713734,-0.050523723279409676
7539,-576459220436,0.6639692293688186,3.218565259400972,-0.1389567673187734,-0.05372648402382968
7540,-576459220417,0.6617621115561364,3.217683058904711,-0.1370019489455734,-0.05657615366826968
7541,-576459220401,0.6593122343448952,3.2166342138170574,-0.13479892876467342,-0.05978764370829968
7542,-576459220381,0.6966592243735306,3.249530363305709,-0.11035498606613002,-0.030971969932094563
7543,-576459220365,0.6946640800524603,3.2489690269740916,-0.10937456471253001,-0.030849211964094563
7544,-576459220347,0.6927031083143084,3.2484145596987917,-0.10840229554089001,-0.030727474725894564
7545,-576459220329,0.6907778026171,3.247867457255583,-0.10743915033449,-0.030606879893894566
7546,-576459220309,0.7105907641720784,3.237801596461106,-0.09477316808013263,-0.04120255881540935
7547,-576459220293,0.7088723635990122,3.237062555660217,-0.09614962210555263,-0.04090852400104935
7548,-576459220276,0.707127820104475,3.236328239178773,-0.09752714664685262,-0.04061426050564935
7549,-576459220258,0.7053459979097739,3.2355941436642377,-0.09891430583107262,-0.04031793888088935
7550,-576459220239,0.7422732810845152,3.2652849122312477,-0.07514883474813008,-0.011204212190002071
7551,-576459220222,0.7409496145237393,3.265093729638873,-0.07309470436889008,-0.01020721040764207
7552,-576459220203,0.73965268607017,3.264919062622249,-0.07102447038045008,-0.00920239250648207
7553,-576459220186,0.7383926039645767,3.264762431133767,-0.06895354623733008,-0.008197239628802068
7554,-576459220167,0.7559927097378536,3.2563916784793436,-0.05885182443958134,-0.01891313091214875
7555,-576459220149,0.75488474667457,3.256029263146513,-0.06087619190834134,-0.02024996967470875
7556,-576459220132,0.7538333561970544,3.255674340119697,-0.06273682055601135,-0.02147867964822875
7557,-576459220113,0.7526842388507574,3.255275270833621,-0.06470923348902134,-0.022781209008788748
7558,-576459220095,0.7515201727543314,3.254858302380971,-0.06467457182676134,-0.023564067488948747
7559,-576459220077,0.7503545972438694,3.2544264437005825,-0.06463984659693134,-0.024348361688228747
7560,-576459220060,0.749192361141922,3.253981502081838,-0.06460520227128135,-0.02513082860862875
7561,-576459220042,0.7480433083530829,3.253544091180857,-0.06297518842867135,-0.02343530706904875
7562,-576459220024,0.7469259481855595,3.2531380478891787,-0.06134861324292135,-0.021743362380548747
7563,-576459220004,0.7631923964164162,3.2437853272231902,-0.04849974390777677,-0.03010829339232865
7564,-576459219988,0.7623295613731796,3.2432558993132194,-0.04686221931465677,-0.028404959256968648
7565,-576459219969,0.761473250089839,3.2427322414749127,-0.04879898644310677,-0.030094492042438647
7566,-576459219950,0.760523643771692,3.242141594328485,-0.05086059461865677,-0.03189292952736865
7567,-576459219933,0.7835683358107658,3.2588926068050945,-0.0394587759513953,-0.017962766856181128
7568,-576459219916,0.7828833498020986,3.2585742878783086,-0.041294069161145294,-0.019563779184031127
7569,-576459219898,0.7821517453966381,3.258228915008987,-0.039470340560165296,-0.018563158975861128
7570,-576459219881,0.7814612778304082,3.257905447598339,-0.03766825470628529,-0.017574413434841125
7571,-576459219862,0.783890457834278,3.2561046564958214,-0.0338266455680606,-0.01825320413367095
7572,-576459219844,0.7833021125890107,3.255787324920274,-0.0320279822881406,-0.01726633644699095
7573,-576459219826,0.7827223469817993,3.25545303146902,-0.0328808407315006,-0.02016015831947095
7574,-576459219809,0.7821230613465473,3.2550641136219687,-0.033739762375840594,-0.02307455315309095
7575,-576459219791,0.7815081844568739,3.2546226589403777,-0.03459887498714059,-0.02598959595399095
7576,-576459219777,0.8098532580007323,3.2745540289269295,-0.01898305608453297,-0.008182291857871279
7577,-576459219773,0.809501010726147,3.2743789274289106,-0.01984918673161297,-0.011121147456311278
7578,-576459219754,0.8091378443163743,3.274192332191499,-0.02074620895057297,-0.009736804411751279
7579,-576459219737,0.8087570915892806,3.2740299127901,-0.02164679078151297,-0.00834696794241128
7580,-576459219718,0.8083592597757449,3.2738921807978385,-0.022549378027652972,-0.0069540365858712806
7581,-576459219701,0.819567630405741,3.26830148532634,-0.013403554415277007,-0.013144722776951414
7582,-576459219683,0.8193414755133465,3.2680657423853727,-0.011720579606217007,-0.013044572448011413
7583,-576459219664,0.8191456593676065,3.26783185422851,-0.010037978729237007,-0.012944444370991414
7584,-576459219647,0.8189801534216057,3.2675998068098795,-0.008355658301317008,-0.012844332982911414
7585,-576459219629,0.8318072630278875,3.2763048911076,-0.0024905788274375814,-0.005905560133112943
7586,-576459219610,0.8317506116555782,3.276188412658127,-0.003802619607277581,-0.007033614436152943
7587,-576459219592,0.8316704201263069,3.276051755297663,-0.005113494387757581,-0.008160666247032943
7588,-576459219572,0.8315664943756362,3.275894601605946,-0.0064261181672775804,-0.009289221796152942
7589,-576459219556,0.8408371360732194,3.2714182208340503,-8.228817203023101e-5,-0.014517853115990915
7590,-576459219539,0.8408385856067304,3.2711550126962323,2.4330272476976887e-4,-0.014719374078490916
7591,-576459219520,0.840845897973241,3.2708881612525835,5.689117049297687e-4,-0.014920906233490915
7592,-576459219504,0.8408590580508098,3.270617938100787,8.942132679697686e-4,-0.015122248115990914
7593,-576459219485,0.840882132836639,3.2703389480508047,0.0016632581456197688,-0.015799342350290915
7594,-576459219465,0.840921558450127,3.2700311125246366,0.002475262138629769,-0.016514259304910916
7595,-576459219447,0.8409727612964055,3.269729135072116,0.003239022363199769,-0.017186700744250917
7596,-576459219428,0.8410377956174584,3.2694286463743,0.00400431684188977,-0.016280882684640917
7597,-576459219413,0.8410941201195953,3.2691743460017633,0.0030287732669697694,-0.015472925461230917
7598,-576459219395,0.8449978895844968,3.266786263360019,0.004431895038150307,-0.01699007701716631
7599,-576459219377,0.8450678868383437,3.26648817965993,0.0033339288756303064,-0.016080727896456308
7600,-576459219358,0.845133361559926,3.2661890344063744,0.003949537566600307,-0.01719645699210631
7601,-576459219341,0.8452145049744567,3.265851412747175,0.004599523649290308,-0.01837449166715631
7602,-576459219322,0.8650883663528594,3.278900185833242,0.016118414636290202,-0.007431467003349561
7603,-576459219301,0.8654373333120461,3.278728920608257,0.016843421501110203,-0.008745469332249562
7604,-576459219284,0.8657227588181552,3.278586767836034,0.017077251873320203,-0.008148317847329563
7605,-576459219266,0.8660332839723122,3.2784454634943128,0.0173280613123102,-0.007507805549849564
7606,-576459219248,0.8710407436093623,3.275915391105424,0.020602788474681024,-0.009672714755045473
7607,-576459219232,0.8713850392849912,3.2757595494537113,0.020833687109501023,-0.009083050284405474
7608,-576459219215,0.8717291400182249,3.275593233747052,0.019708372770751024,-0.010512320161405474
7609,-576459219196,0.8720773895728628,3.2753876152285635,0.018499927699701026,-0.012047174982485474
7610,-576459219180,0.8723963421126024,3.275159714867749,0.017319325457651025,-0.013546666425165475
7611,-576459219164,0.8769856338725138,3.278198335442297,0.01985472612122003,-0.010806218890883793
7612,-576459219160,0.8773510566408272,3.27797772019989,0.018594639231620032,-0.012406664359043793
7613,-576459219142,0.8776973344524059,3.2777628160447625,0.01996207066468003,-0.011522091361623792
7614,-576459219125,0.8780477328256745,3.2775740353004204,0.021256418132940033,-0.01068479539780379
7615,-576459219108,0.8784434732537431,3.2773893440705577,0.022629406992490032,-0.00979662737595379
7616,-576459219089,0.8845832952876487,3.274381938281346,0.025514535606687795,-0.013232070776167386
7617,-576459219071,0.8850411135199338,3.274139441056437,0.024709613621007796,-0.013370663567407386
7618,-576459219048,0.8854970876729759,3.2738871615795904,0.023880982397967796,-0.013513338654127387
7619,-576459219034,0.8859191695036834,3.2736430585053,0.023087451442527798,-0.013649970119047387
7620,-576459219016,0.8957945231835602,3.279670749472677,0.028347056643642777,-0.008918204671565226
7621,-576459218999,0.896304496121924,3.279501110546342,0.028338647615092777,-0.009937897849945226
7622,-576459218978,0.8968145160682957,3.2793130475761227,0.028330235315092777,-0.010957987729945226
7623,-576459218962,0.8973258573274322,3.279106000051408,0.028321798712892778,-0.011981024536265227
7624,-576459218944,0.8982141201731724,3.2787164757361933,0.02920743182720069,-0.011554772480665608
7625,-576459218928,0.898715913307253,3.2785251500638464,0.02982011011852069,-0.010951482353705608
7626,-576459218910,0.8992580560390804,3.278333926400927,0.03046821146362069,-0.01031331196590561
7627,-576459218893,0.8997809119804568,3.2781638245630687,0.03108045732702069,-0.00971044764070561
7628,-576459218874,0.9003344042893695,3.2779803795791587,0.03011948837318069,-0.010573164025585611
7629,-576459218863,0.9084170390085444,3.283309264617343,0.03467514169245372,-0.005607229722078934
7630,-576459218856,0.9090309326280194,3.2832009245741633,0.03372145119652372,-0.006463411822088935
7631,-576459218838,0.9096282635936569,3.2830770907661178,0.03276685753428372,-0.007320404745768935
7632,-576459218819,0.9102091740883882,3.2829376704164575,0.031811041941153716,-0.008178494666178936
7633,-576459218803,0.9107591587598616,3.2828009726197944,0.032881620703483716,-0.007900761543098937
7634,-576459218786,0.9150316275338877,3.280885566981108,0.03634522693904278,-0.009690818829784873
7635,-576459218768,0.9156987029425567,3.280713111276838,0.03748305137085278,-0.009395640610224874
7636,-576459218750,0.9163290839191287,3.280548282309751,0.036968463518952784,-0.010071581202344875
7637,-576459218733,0.9169524277111469,3.280371512536443,0.03645247782595278,-0.010749357938744875
7638,-576459218716,0.9211616866085924,3.282556320454315,0.03799079463891833,-0.009171360704959343
7639,-576459218700,0.921806361742057,3.2823937921922353,0.03747158783381833,-0.009853368556439344
7640,-576459218682,0.9224823319908404,3.2822210653085553,0.037527885014678325,-0.009310825793899344
7641,-576459218663,0.9231921292337691,3.282050475058826,0.037586908670568325,-0.008742007660689345
7642,-576459218646,0.9238307675312201,3.2819063829031356,0.03763993595525832,-0.008230977284279345
7643,-576459218633,0.9259709879252942,3.2808813562030767,0.03899316514363058,-0.009434712968852127
7644,-576459218627,0.9266750109184614,3.2807160337341483,0.039049512294250584,-0.008891688641672127
7645,-576459218607,0.9273835328652476,3.280546537132983,0.039300808040390586,-0.009851715224872128
7646,-576459218591,0.9280888082520681,3.2803618063741564,0.03954936657200059,-0.01080128481167213
7647,-576459218573,0.9288029875572185,3.280158772336373,0.039799481286490586,-0.01175679949287213
7648,-576459218560,0.9340331584314724,3.283605706491348,0.04283232476790369,-0.008421994488195955
7649,-576459218555,0.9348493943648952,3.283436126300441,0.04309629228892369,-0.009430431125795955
7650,-576459218537,0.935619655524578,3.2832709664122275,0.04259301238154369,-0.008943124132075955
7651,-576459218519,0.9363401969750335,3.2831227482954453,0.042116774881023694,-0.008482001283195954
7652,-576459218502,0.9370944296633542,3.2829743355001297,0.041612431193663695,-0.007993664271355954
7653,-576459218489,0.9268671847074946,3.2878963034192803,0.035156849188647296,-0.002216314798910912
7654,-576459218484,0.9274954382779029,3.2878608026112053,0.034652981402857296,-0.001728438584650912
7655,-576459218466,0.92812268889471,3.287826577948098,0.034968042716907295,-0.0020702919894209112
7656,-576459218447,0.9287549462255144,3.2877862392558286,0.035282771816907296,-0.0024117849294209106
7657,-576459218429,0.9293921211364549,3.287739811505291,0.035597133732957295,-0.00275287946099091
7658,-576459218411,0.9307642961508588,3.288178634728285,0.03633976718260713,-0.002610197572912444
7659,-576459218393,0.9314182209181068,3.288127843487323,0.03598504255559713,-0.0030073704149524427
7660,-576459218375,0.9320599944644988,3.28807041801666,0.03563347618025713,-0.003401007072312442
7661,-576459218358,0.9326999478826602,3.288005455692942,0.035279418513227134,-0.0037974331424324406
7662,-576459218339,0.9347303093720777,3.2872669216302404,0.03610912832632675,-0.003939950101398919
7663,-576459218320,0.9354154697989451,3.287198611159978,0.03605480098721675,-0.00325479109218892
7664,-576459218301,0.9360636327031602,3.2871458962414732,0.03600333177711675,-0.0026056778910889212
7665,-576459218284,0.9367114089539023,3.2871048295250453,0.035951819652166754,-0.0019560234616389223
7666,-576459218266,0.9373621132249825,3.287061098584474,0.036320548991166754,-0.002901081061168923
7667,-576459218248,0.9359720483493343,3.2856054540617934,0.03547425773754931,-0.0052337784501907125
7668,-576459218231,0.9365776756125774,3.2855089634476546,0.03582214149054931,-0.006125408569500714
7669,-576459218212,0.9372319803471922,3.2853889941272056,0.036194229057549314,-0.007079073346590714
7670,-576459218195,0.9378796294092304,3.2852653310399904,0.035678932859909314,-0.006644496425410715
7671,-576459218177,0.9360914515982965,3.2863350646063143,0.0336332374320545,-0.004834507824421873
7672,-576459218158,0.9366829766736886,3.2862531785505036,0.0331265476130345,-0.004407189123931873
7673,-576459218142,0.9372754378143594,3.2861776562430207,0.032611165637534495,-0.003972539861681874
7674,-576459218123,0.9378647663194142,3.2860991732333376,0.0327753322049945,-0.004735216677001874
7675,-576459218105,0.9426223620028694,3.2888283305769654,0.035431407565369735,-0.0026762865450768794
7676,-576459218087,0.9432570821726682,3.2887737394957464,0.035594180729699734,-0.0034324899579368795
7677,-576459218070,0.9439054405081738,3.2887121187200656,0.03580305916739973,-0.0033531917600168803
7678,-576459218052,0.9445465373709919,3.2886529434493323,0.03600840684414973,-0.003275233973216881
7679,-576459218033,0.9452045195030789,3.288593993399915,0.03621795233114973,-0.003195682538016882
7680,-576459218021,0.9531348916886171,3.2847246646841803,0.041208289868548714,-0.0076578477339338345
7681,-576459218016,0.9538745696418576,3.2845882507919932,0.04141421258779871,-0.007579671639133835
7682,-576459217996,0.9546175045756451,3.284447548261742,0.04106080226427871,-0.008040058628573835
7683,-576459217980,0.9553467041097752,3.284300089561553,0.04071094252182871,-0.008495820282473835
7684,-576459217962,0.956075959985619,3.284143105594539,0.04035802261005871,-0.008955568413413835
7685,-576459217948,0.9512663291872131,3.2809359859209413,0.037457116063792,-0.012188621290873239
7686,-576459217943,0.9519746219570457,3.2806997388612253,0.037084324667912,-0.012674255968233239
7687,-576459217924,0.952652822428545,3.2804708889742376,0.037834258209662,-0.01260604085448324
7688,-576459217905,0.9533354957310661,3.2802462331536835,0.038574416312812,-0.012538714929733241
7689,-576459217889,0.953996971244419,3.2800337067624876,0.039278289313362,-0.012474689553983242
7690,-576459217871,0.9569137126040551,3.278714034696294,0.04141092341057014,-0.013662621601367948
7691,-576459217853,0.9576176313752482,3.2784806430330597,0.041024815106010144,-0.013669813488727948
7692,-576459217836,0.9583489222471999,3.2782356944231195,0.04061980607873014,-0.013677357432407947
7693,-576459217819,0.9590365943728802,3.2780029816497427,0.04023523515353014,-0.013684520683607947
7694,-576459217801,0.9538590058576591,3.2738027040123603,0.036248730193975114,-0.01769970353641131
7695,-576459217785,0.9544436595480291,3.273514379660182,0.03615420359797512,-0.018006098590911308
7696,-576459217767,0.9550900623532574,3.2731889393846707,0.036049404916775114,-0.018345789207061307
7697,-576459217748,0.9557361702951075,3.2728565947692,0.035944348701815114,-0.018686314583731305
7698,-576459217731,0.9563821128622518,3.2725220702589977,0.03583901154093511,-0.018489271369741305
7699,-576459217719,0.9490045106870054,3.276148112016394,0.03118934474534502,-0.01434664196195681
7700,-576459217713,0.9495699463967043,3.2758916319960583,0.03163335507121502,-0.01414955495328681
7701,-576459217695,0.950146967555908,3.275637137131226,0.03208012797452502,-0.01395124169357681
7702,-576459217677,0.9507255437038958,3.2753889988742504,0.032521943037965025,-0.013755129116536811
7703,-576459217660,0.9513045096423338,3.275136369244829,0.031922172994765026,-0.01436482072997681
7704,-576459217646,0.952524757916415,3.275957045578156,0.032664999247973704,-0.013529767281862299
7705,-576459217641,0.953107608935176,3.2757078855038455,0.0320638606288737,-0.014140850110582297
7706,-576459217623,0.9536835351694503,3.2754458909383186,0.0314585829021737,-0.014756140517222295
7707,-576459217604,0.9542406172246225,3.275176657923517,0.030861817049973702,-0.015362778243462294
7708,-576459217586,0.9548017426965902,3.27490324980329,0.0313713634488637,-0.014960309454282296
7709,-576459217567,0.9460052364575325,3.2793022022655274,0.025966824594345232,-0.009255242875300404
7710,-576459217552,0.9464771638748702,3.279139241191358,0.026475382021685232,-0.008853555232220405
7711,-576459217533,0.9469585141495924,3.2789834251738283,0.026984222012325233,-0.008451644404540406
7712,-576459217515,0.9474695634256487,3.27881378403179,0.026804776625325235,-0.009403438432840406
7713,-576459217496,0.9356002185054193,3.270227781625523,0.019100358074970326,-0.018881449165776252
7714,-576459217480,0.9359063777071533,3.2699174363036327,0.01894838382947033,-0.019687533856726253
7715,-576459217462,0.9362438906467198,3.269557169586756,0.01877942072747033,-0.02058372892852625
7716,-576459217441,0.9365800625869678,3.2691894901864345,0.01863121139451033,-0.02033318630868625
7717,-576459217426,0.9369145135314643,3.2688252893413785,0.018482581480870328,-0.02008193271212625
7718,-576459217410,0.9446410481938677,3.265084106714866,0.02336940315639147,-0.024332912867073342
7719,-576459217409,0.9450629854046814,3.2646456515051736,0.02322003104155147,-0.02408040460571334
7720,-576459217390,0.9454845540646892,3.2642081613616107,0.02362093118155147,-0.02452961134571334
7721,-576459217373,0.9459107206799113,3.2637653080396483,0.024019403648481468,-0.024976097889343338
7722,-576459217355,0.9463464826851264,3.2633118988186185,0.02442012561064147,-0.025425104981903337
7723,-576459217339,0.9495522275482813,3.2654789792620167,0.026377029231964444,-0.02321267915295517
7724,-576459217336,0.950031452302229,3.2650563746461496,0.026778619811094445,-0.02366265952678517
7725,-576459217318,0.950509380377858,3.2646319240558297,0.026469452789764446,-0.02362725082026517
7726,-576459217295,0.9511151085051881,3.264087674854385,0.026072345998454444,-0.02358177042662517
7727,-576459217278,0.9515804870752861,3.263664558572518,0.025763092862974443,-0.02354635185750517
7728,-576459217266,0.9387270871009572,3.2699777001419017,0.017605866816791015,-0.016376802562038606
7729,-576459217259,0.9390411680134533,3.2696832699266234,0.017295890322451015,-0.016341301147078605
7730,-576459217243,0.9393187365926283,3.269420079036121,0.017441432645461014,-0.016596674011258604
7731,-576459217225,0.9396340697215684,3.269118834600909,0.017605316889411013,-0.0168842301523586
7732,-576459217208,0.9399371093251059,3.268827143103708,0.017761387147181014,-0.0171580756422186
7733,-576459217189,0.9426338750910389,3.2701203807631716,0.01937238766929756,-0.015802321943773668
7734,-576459217171,0.9429585462191094,3.2698539198475007,0.01930426109720756,-0.015939999298823667
7735,-576459217154,0.9433056155591629,3.2695654622476327,0.01923116776567756,-0.016087714004673667
7736,-576459217136,0.9436321890035622,3.269290591418478,0.01916213630195756,-0.01622722006007367
7737,-576459217118,0.9458816717015225,3.268055203212712,0.0202864723933086,-0.017433668168112246
7738,-576459217102,0.9462250645226817,3.2677597556887297,0.0201055550323486,-0.017318731288712245
7739,-576459217083,0.9465852806094612,3.2674490792190367,0.0199140079917086,-0.017197041369112247
7740,-576459217067,0.9469030758540877,3.267174330414112,0.0197434755830686,-0.017088702054512246
7741,-576459217049,0.951891464571679,3.2699997242118584,0.022797010736138084,-0.014605982379154394
7742,-576459217032,0.9522861878953293,3.269742018685374,0.023015816985578086,-0.015304129794034395
7743,-576459217015,0.9526801976424732,3.269475370367574,0.023232172584708086,-0.015994457893044395
7744,-576459216998,0.9530975481977202,3.2691829634730696,0.02345916883129809,-0.016718737218474396
7745,-576459216980,0.9535186147964226,3.268884307276959,0.02337544533947809,-0.016500349162784395
7746,-576459216966,0.9506269931218,3.2703024566038414,0.0215300004467832,-0.01489053295205406
7747,-576459216960,0.9510352870071548,3.2700216847594463,0.021441518298123203,-0.01465973220558406
7748,-576459216943,0.9514224022035938,3.2697584774981103,0.021357287278323204,-0.01444002029148406
7749,-576459216924,0.9518044835432191,3.2695015913415135,0.021273824534823203,-0.01422231238323406
7750,-576459216906,0.9521858550151243,3.2692408862762248,0.021211717926623203,-0.01482075176074406
7751,-576459216895,0.9535903942074087,3.270185250292986,0.022068623507959028,-0.013854020021041087
7752,-576459216889,0.9539876191655285,3.2699301165169983,0.022006267822959027,-0.014454859422791087
7753,-576459216872,0.9543607210427694,3.269679912677911,0.021947537589159027,-0.015020765138381086
7754,-576459216853,0.9547558509679028,3.2694036858344986,0.021885168066559026,-0.015621737874811087
7755,-576459216836,0.9551499772005916,3.2691238959353637,0.021909068578679025,-0.015467755889841086
7756,-576459216815,0.9574592917398731,3.26788725764236,0.023144712960068054,-0.016375834455544466
7757,-576459216798,0.9578801893864853,3.267591023624991,0.023168848506948055,-0.016220338230264465
7758,-576459216778,0.958295704323629,3.2673016484518445,0.023192650755948056,-0.016066989317514463
7759,-576459216761,0.958706289573491,3.2670102564749985,0.022669985363798058,-0.016481681651014463
7760,-576459216744,0.9559981446442729,3.264612860208266,0.020246874960537703,-0.01904499655525958
7761,-576459216724,0.9563577016742771,3.2642664539312434,0.019721669948777703,-0.019461703869659577
7762,-576459216708,0.9567160124626064,3.2639140377680365,0.020079583961727702,-0.019684773576259577
7763,-576459216689,0.9571011126433743,3.2635377907978276,0.0204572771717277,-0.019920170656259575
7764,-576459216671,0.9527461139752141,3.2655189175666206,0.017789044286663093,-0.017490706366192422
7765,-576459216656,0.953033246929157,3.265237515809648,0.01810706196948309,-0.01768891070755242
7766,-576459216638,0.953358266498738,3.264915804852963,0.017904191654253093,-0.01795575791851242
7767,-576459216619,0.9536789159944143,3.2645900059296524,0.01770177088822309,-0.018222013811072423
7768,-576459216601,0.953995044708119,3.2642603358664672,0.01749991205869309,-0.018487530555632424
7769,-576459216588,0.9599884428075398,3.268295335578099,0.021153691020614377,-0.014355959796447718
7770,-576459216582,0.9603884390468017,3.2680198308333215,0.020940098956964377,-0.014636909951247718
7771,-576459216565,0.9607436103777183,3.267767079450349,0.020891516485774378,-0.015131817800047718
7772,-576459216548,0.9611245916629576,3.2674859292809493,0.020839277669364376,-0.01566397270324772
7773,-576459216531,0.9614728116015574,3.2672198084578787,0.020791416167654377,-0.016151536062447718
7774,-576459216512,0.9588180336162783,3.2684461283159485,0.018799031990413738,-0.014955696432604443
7775,-576459216496,0.9591391477367774,3.268190938032185,0.01901468921769374,-0.015094972875404443
7776,-576459216478,0.9594643091890933,3.26793307759069,0.01923060039837374,-0.015234413327204443
7777,-576459216460,0.9598128867451067,3.267657237418013,0.01945939971410374,-0.015382177235754444
7778,-576459216443,0.9650602751607963,3.2706911694898375,0.022670196638452576,-0.012145562058914296
7779,-576459216424,0.9654782524921331,3.270457088585444,0.022249452081252577,-0.013010902679814296
7780,-576459216406,0.9658779849017246,3.270213517370249,0.021839491788092576,-0.013854063425584297
7781,-576459216388,0.9662677546592032,3.2699563910699796,0.021432199300292578,-0.014691737325934298
7782,-576459216370,0.9601286372670369,3.2729545476280713,0.017646725040507953,-0.01101588710150122
7783,-576459216352,0.960449868371412,3.2727562044622713,0.018047602908277952,-0.011023466840381219
7784,-576459216334,0.9607785547086611,3.27255758146511,0.018448770315037954,-0.011031052053821218
7785,-576459216314,0.9611139390837153,3.2723591309247633,0.018849314099357955,-0.011038625475901218
7786,-576459216298,0.9614529705684627,3.272153481067898,0.018526001163277954,-0.011632508562821216
7787,-576459216285,0.9627443456023996,3.2730190267872743,0.019312285253850963,-0.010746969278615253
7788,-576459216281,0.9630864966868792,3.272821819649142,0.018993926622490963,-0.011331751963255253
7789,-576459216262,0.9634291412495167,3.2726102197869085,0.018669669160690964,-0.011927370018955252
7790,-576459216245,0.963758895052305,3.2723925515366665,0.018352201591330962,-0.01251051594059525
7791,-576459216227,0.9609394176857875,3.27372766040898,0.016302781790655713,-0.010891413265008254
7792,-576459216208,0.9612349902500281,3.2735286636725673,0.016272582097665713,-0.011040226831158255
7793,-576459216191,0.9615270423965944,3.2733290138734503,0.016242686947785714,-0.011187539714958256
7794,-576459216173,0.9618191898043027,3.273126275680201,0.016212726895275715,-0.011335172416308256
7795,-576459216154,0.9621124942564376,3.2729196538523473,0.016376656675275714,-0.011622808456308255
7796,-576459216142,0.9643326916278995,3.2744037235226995,0.017728518788495753,-0.010101638226332291
7797,-576459216136,0.9646531371948153,3.274219388423948,0.017892375710815752,-0.01038914642809229
7798,-576459216118,0.9649950794292109,3.2740189071261576,0.018065585737805753,-0.010693065863912289
7799,-576459216100,0.9653209879380298,3.2738242934115944,0.018229142122195754,-0.010980046732932288
7800,-576459216081,0.9656464086382772,3.273626165885703,0.017940770098255752,-0.011041463313912288
7801,-576459216063,0.9616382647637084,3.2756082174144874,0.014873307900576577,-0.008635962928326631
7802,-576459216045,0.9619032568280922,3.275452295424699,0.014584983954666576,-0.008697369269796631
7803,-576459216028,0.9621537450853931,3.2753009422197725,0.014689632687746576,-0.00899131242559663
7804,-576459216010,0.9624039086767443,3.275145886381547,0.014793406952946576,-0.00928279932759663
7805,-576459215993,0.9643818536209826,3.276129127957797,0.015945114175120127,-0.008409024532431426
7806,-576459215975,0.964670177437019,3.275974808539511,0.016055309358320127,-0.008718546864431426
7807,-576459215958,0.9649598400646983,3.275813837206671,0.016111556569420128,-0.009157225799631425
7808,-576459215939,0.9652499983365275,3.2756452723226888,0.01616770384100013,-0.009595125294191424
7809,-576459215921,0.9555377202030716,3.28046062591115,0.009796408351388435,-0.0044036021601418915
7810,-576459215902,0.9557147289922815,3.2803773328358705,0.009852677424258435,-0.004842451597981891
7811,-576459215886,0.9558805206921324,3.2802954645012092,0.009692468446758435,-0.00480898779618189
7812,-576459215868,0.9560537314252809,3.280209083838957,0.009522211585258436,-0.00477342523310189
7813,-576459215851,0.9562139261341711,3.2801283817966156,0.009361993164258437,-0.004739959458781889
7814,-576459215838,0.9443405744104821,3.2721297495095496,0.002137009105266036,-0.012945778669362983
7815,-576459215832,0.9443775520328428,3.2718967739264366,0.0019668277917660364,-0.012910231886442983
7816,-576459215812,0.9444162395133082,3.2716585980879294,0.0023351271137660363,-0.01357434928862298
7817,-576459215797,0.9444616080018494,3.271408178417884,0.002703856452766036,-0.01423924209753298
7818,-576459215779,0.9445104989176654,3.2711609392996825,0.003051740205766036,-0.014866546142102978
7819,-576459215760,0.9468767260755441,3.2697483579226523,0.004900295347409598,-0.01681832507752448
7820,-576459215743,0.9469641666437023,3.2694447713014454,0.004805617424069599,-0.01687982357458448
7821,-576459215723,0.9470497505522835,3.2691406187208774,0.004711107648889599,-0.01694121285020448
7822,-576459215707,0.9471337592542755,3.2688349029212964,0.0046164559986996,-0.01700269428141448
7823,-576459215689,0.9537914943983666,3.2730094305210127,0.00847575000808384,-0.012939705190671065
7824,-576459215672,0.9539428355549192,3.2727716704773355,0.00833806585154384,-0.013475142457091064
7825,-576459215656,0.9540751916884324,3.2725523866252417,0.00821576236597384,-0.013950766128201062
7826,-576459215637,0.9542222887525238,3.272295643164218,0.008077665202853839,-0.014487809527961061
7827,-576459215619,0.9521565256191639,3.27312799828792,0.0068009606382852545,-0.013123078584305255
7828,-576459215598,0.9522803493753723,3.2728927410732602,0.006943490045305254,-0.012990498356525255
7829,-576459215583,0.9524065711642479,3.2726601812812985,0.007085829602965254,-0.012858094725785255
7830,-576459215564,0.9525354554062674,3.2724298258013143,0.007228279906085254,-0.012725588080105255
7831,-576459215549,0.9526563056138226,3.2722121447183063,0.007006976299245253,-0.012915625537605255
7832,-576459215536,0.9498566648666963,3.2703252333220467,0.005306417144623571,-0.014848426112938183
7833,-576459215530,0.9499501348061543,3.2700559528174837,0.00507163642314357,-0.015050036615438182
7834,-576459215512,0.9500392498778227,3.269783437241981,0.004837194584623569,-0.015251356112938182
7835,-576459215493,0.9501261627996008,3.269500531187153,0.004597043871623568,-0.015457577925438181
7836,-576459215476,0.95021321292565,3.269208529951149,0.004777296646263568,-0.01598774148051818
7837,-576459215456,0.9374898666271926,3.2752790823228004,-0.0032544183131227016,-0.009335410455235501
7838,-576459215438,0.9374322313476516,3.2751044105793556,-0.0030777372066427013,-0.009855068938795501
7839,-576459215420,0.9373791159234934,3.274924934347999,-0.002905413923542701,-0.010361910093245502
7840,-576459215404,0.9373294804805226,3.2747478458513215,-0.002933706477712701,-0.010470805238465502
7841,-576459215385,0.9441699396026039,3.2792989766017326,0.0012172561250429125,-0.0057324374573570385
7842,-576459215366,0.9441903865393176,3.2792006288172186,0.0011889735558929127,-0.005841294171257038
7843,-576459215349,0.9442119038332571,3.2790924244512123,0.0012021025569529129,-0.006182749167597038
7844,-576459215331,0.9442336634991246,3.278978041956924,0.001215235205362913,-0.006524299023087037
7845,-576459215314,0.9397169808739749,3.281084233624844,-0.0016810601508277124,-0.004353118324281262
7846,-576459215292,0.9396817928184726,3.2809885018013327,-0.0016657208556677121,-0.0047520579655212615
7847,-576459215276,0.9396526649735745,3.2809033622757013,-0.0015773727142477123,-0.0047273748275912615
7848,-576459215257,0.939625006508747,3.280818294624921,-0.0014886360239677124,-0.004702583134971261
7849,-576459215239,0.9395990442358115,3.280733992358854,-0.0014002337808077124,-0.004677884881831262
7850,-576459215221,0.9395746354871358,3.2806500083836507,-0.0013116987424677126,-0.004653149527721262
7851,-576459215204,0.9395474746419865,3.280563513743211,-0.001707682631477713,-0.004962173738321262
7852,-576459215185,0.9395130865446074,3.2804712011388784,-0.0021047450158777135,-0.0052720396023212615
7853,-576459215167,0.9394710647130597,3.2803722488525864,-0.002505945300957714,-0.005585134667121261
7854,-576459215155,0.932529472491877,3.2843203086448307,-0.0069896041949996,-0.0011757506440556583
7855,-576459215149,0.9324020651989163,3.2842967583879483,-0.0073799094756296,-0.001480343291855658
7856,-576459215132,0.9322782902019274,3.2842737267573794,-0.007205019174439601,-0.0012335706383656579
7857,-576459215113,0.9321498058420118,3.2842538137134394,-0.007018866568459601,-9.709067157856576e-4
7858,-576459215096,0.9320255181828618,3.284238732469746,-0.006833971054139601,-7.100165670656574e-4
7859,-576459215072,0.9293701774471936,3.2824926188877033,-0.008151828600826878,-0.0028828591978164813
7860,-576459215054,0.929237955556378,3.2824426490373937,-0.008198102253086878,-0.0032961750929764813
7861,-576459215044,0.929090363460228,3.282379377122869,-0.00824944844061688,-0.0037547988329564813
7862,-576459215026,0.928942239988238,3.2823080722907196,-0.00830066016161688,-0.0042122215189564815
7863,-576459215008,0.9316890430957653,3.280697398586819,-0.006500039042727641,-0.006017627703064268
7864,-576459214990,0.9315716216560131,3.280588457533629,-0.006572933541567641,-0.006111191400664268
7865,-576459214972,0.9314525650890384,3.2804775316629233,-0.006646026873097641,-0.0062050103098642674
7866,-576459214955,0.9313378680997669,3.2803702364834324,-0.006715691355177641,-0.0062944281210642675
7867,-576459214937,0.9312168149402578,3.2802544258775153,-0.0068309916695776405,-0.006665577017384267
7868,-576459214919,0.9310929439493785,3.2801312149720316,-0.00694699519202764,-0.007038989523244267
7869,-576459214900,0.9309597653452577,3.279993703415976,-0.00706959209637764,-0.007433625964424267
7870,-576459214881,0.930831769347097,3.2798568617787676,-0.007185447235477639,-0.007806560827904267
7871,-576459214865,0.9307084091517798,3.279722161133504,-0.007315574901257639,-0.008027534066124267
7872,-576459214847,0.9370680622858059,3.275506951815859,-0.003210810289644302,-0.01271704243269773
7873,-576459214831,0.9370158436637973,3.2753023336909504,-0.0033328766788443018,-0.012924326603497729
7874,-576459214813,0.9369545052732514,3.275067183892309,-0.0034707826352143017,-0.013158508363127729
7875,-576459214795,0.9368927445866077,3.2748254702177197,-0.0033930411749343017,-0.013704536156647728
7876,-576459214777,0.9368305336705777,3.2745659736886306,-0.003312889193714302,-0.014267494574127727
7877,-576459214764,0.9318829904292947,3.2713142870926744,-0.00615185650353415,-0.017318358751436717
7878,-576459214759,0.931770272511659,3.2709897422163814,-0.00607218835447415,-0.01787791890747672
7879,-576459214740,0.9316617868448809,3.2706633743854234,-0.00599451169314415,-0.01842349157669672
7880,-576459214722,0.9315583302690419,3.270347223125937,-0.0061754184137841495,-0.01876639896399672
7881,-576459214706,0.9314518106297676,3.2700252799736242,-0.00635630385378415,-0.01910926601399672
7882,-576459214694,0.9335189153281593,3.2688949030148584,-0.005013302689100711,-0.0203564758522349
7883,-576459214689,0.9334268688692984,3.268524887613452,-0.005204998694220711,-0.0207198342506349
7884,-576459214670,0.9333319088479438,3.268151559319644,-0.005332065370860711,-0.0207058530338349
7885,-576459214652,0.9332395035065053,3.267796857711298,-0.00545287177182071,-0.0206925606386349
7886,-576459214635,0.9331410745168401,3.2674277224752166,-0.005578676523520711,-0.0206787182721349
7887,-576459214616,0.9370637522161894,3.2696938223325764,-0.0034268201267657486,-0.01822172172379056
7888,-576459214599,0.9370027405610801,3.269363378233809,-0.0033707571791557482,-0.018594511217850558
7889,-576459214582,0.9369425728756753,3.2690253127681674,-0.003314541199155748,-0.018968318297850558
7890,-576459214563,0.936883407302949,3.268680460748617,-0.003258315849825748,-0.019342187679030558
7891,-576459214545,0.9305263607863348,3.2715711955929523,-0.007271691652643028,-0.016104561054369047
7892,-576459214527,0.9304013684561209,3.2712959004826545,-0.007452343005603029,-0.016325066734309047
7893,-576459214510,0.9302645011120724,3.2709977759489264,-0.007645262647523029,-0.016560547266939046
7894,-576459214494,0.9301326497600088,3.270713631526929,-0.007826616261603029,-0.016781910137059045
7895,-576459214474,0.9299993808502609,3.270429267596574,-0.008005746048803029,-0.017000558571609044
7896,-576459214457,0.9287974872868172,3.269412975849577,-0.008685786739271596,-0.01789975659957207
7897,-576459214439,0.92864046774407,3.2690887425743185,-0.008769556793291597,-0.01814418484431207
7898,-576459214421,0.9284813479109314,3.2687588797229377,-0.008853638814051597,-0.01838952336043207
7899,-576459214403,0.9283205935338975,3.26842434429428,-0.008937781365671598,-0.01863503849637207
7900,-576459214385,0.912198386732717,3.2759107652549875,-0.019197908418653473,-0.00983371480047373
7901,-576459214367,0.9118542083757464,3.2757346325352428,-0.019227720360033472,-0.00983053882741373
7902,-576459214349,0.9115091878469279,3.275558399472096,-0.01925755892813347,-0.00982736001771373
7903,-576459214331,0.9111615067791001,3.2753776067405402,-0.01936294291333347,-0.010255142793263729
7904,-576459214312,0.9123405499033023,3.2762063933874592,-0.018598738144062436,-0.009740668849122716
7905,-576459214294,0.9120053107286652,3.2760274767409783,-0.018703940685022437,-0.010167715092262716
7906,-576459214277,0.9116808002610224,3.2758479881015163,-0.018805215836142437,-0.010578818972592715
7907,-576459214259,0.9113472739777944,3.2756591957540575,-0.018866471431942436,-0.010745216432482715
7908,-576459214240,0.9110021386907915,3.275461388696935,-0.018929650454142435,-0.010916838774492715
7909,-576459214229,0.9103710703613538,3.2757570376212595,-0.019331398918468457,-0.010580435515789948
7910,-576459214223,0.9100274318525443,3.2755677760216195,-0.019392796349668458,-0.010747218263749947
7911,-576459214206,0.9096978379779278,3.2753840426105474,-0.019451502367668457,-0.010906689935649945
7912,-576459214187,0.9093476930040498,3.275184692829237,-0.019406002224268457,-0.011216246620849945
7913,-576459214171,0.9089983486732554,3.2749797526915336,-0.019360499556168455,-0.011525820482649945
7914,-576459214158,0.9081738025275378,3.274432543200712,-0.019830425176226997,-0.012048843598404399
7915,-576459214151,0.9077975592873831,3.274200564296701,-0.019782465975026996,-0.012375130292004398
7916,-576459214134,0.9074564899883131,3.27398441102802,-0.019738889653026996,-0.012671598408004397
7917,-576459214115,0.9071079082284215,3.273757076671767,-0.019619972187616994,-0.012997046796464396
7918,-576459214099,0.906775475353152,3.273533565082351,-0.019505888492606992,-0.013309266322524396
7919,-576459214081,0.9109802635856299,3.2711616134245713,-0.016498606413691188,-0.01608003912828108
7920,-576459214063,0.9106992500441073,3.2708840896228155,-0.01638385807525119,-0.01639407762292108
7921,-576459214044,0.9104047520348832,3.270588253505167,-0.01635997216981119,-0.01649853052120108
7922,-576459214028,0.9101114514828473,3.2702913188225917,-0.01633614867473119,-0.016602710499411078
7923,-576459214010,0.9077599874808463,3.268610138187924,-0.017496659024714985,-0.018051670269626684
7924,-576459213993,0.9074596956853863,3.268299262454221,-0.017473854013594983,-0.018151396424566684
7925,-576459213976,0.9071639660543265,3.2679921343013896,-0.017663035555684985,-0.018339799777066686
7926,-576459213958,0.9068405302430654,3.267656384982376,-0.017867647874064984,-0.018543570432066687
7927,-576459213940,0.910793687744133,3.265353800149456,-0.01536671630838695,-0.021013388216681306
7928,-576459213922,0.9105173663919215,3.264971274863639,-0.015169403949266951,-0.021259270178401308
7929,-576459213904,0.9102458886659556,3.2645861274949306,-0.014973018297546952,-0.021503997318221307
7930,-576459213885,0.9099636792944368,3.264175556249432,-0.014766100888786953,-0.021761848669281308
7931,-576459213867,0.9096944549295333,3.2637737848684245,-0.014565964797706953,-0.02201124944126131
7932,-576459213854,0.9151972289032609,3.267479121444851,-0.011370076561805782,-0.018356580993063698
7933,-576459213848,0.914985511978885,3.267133888075585,-0.011334151253305782,-0.018665764236563697
7934,-576459213831,0.9147933583878451,3.2668145913781523,-0.011301446701685782,-0.018947228746383698
7935,-576459213813,0.9145903007400863,3.266470951821911,-0.011266783113135783,-0.0192455532754337
7936,-576459213797,0.9144098967537855,3.266160237584255,-0.011235896979275782,-0.0195113679738937
7937,-576459213786,0.9072542974732438,3.2694857907898673,-0.015760628242803963,-0.01566496171597028
7938,-576459213779,0.9069712275792399,3.269202316946844,-0.015682847903153965,-0.01582338519027028
7939,-576459213762,0.906705555583817,3.2689323674208954,-0.015609495491753965,-0.01597278983307028
7940,-576459213744,0.9064233430602809,3.2686414153236747,-0.015531196760503964,-0.01613226917057028
7941,-576459213726,0.9061437550404362,3.26834884339308,-0.015453234983793964,-0.01629106219699028
7942,-576459213708,0.9175888718124712,3.2761213142728223,-0.008512259126848658,-0.008381582384409208
7943,-576459213690,0.9174363425423497,3.2759691087878084,-0.008434496066918658,-0.008529198684859208
7944,-576459213672,0.9172851796581726,3.2758142113544446,-0.008356715727268657,-0.008676847787109207
7945,-576459213652,0.9171354089300776,3.275656646674494,-0.008278931067688658,-0.008824505089809209
7946,-576459213636,0.9195859756793502,3.27426431629087,-0.00684600833512812,-0.010148842704215379
7947,-576459213618,0.919461705147164,3.274083784407646,-0.0070576090497681205,-0.010049398873735379
7948,-576459213600,0.9193313761981102,3.2739019161189074,-0.0072729147892281205,-0.009948213830515378
7949,-576459213582,0.9192023481221638,3.2737222143014444,-0.007217295323238121,-0.010232797732535376
7950,-576459213565,0.9190687612124068,3.2735292885595757,-0.007159255446998121,-0.010529765964055375
7951,-576459213550,0.9203543552948957,3.2744052114977156,-0.006399908961634299,-0.009649240085492712
7952,-576459213545,0.9202360474797561,3.27422326983651,-0.006341912808934299,-0.009945984600092711
7953,-576459213528,0.920128881206318,3.2740521957592867,-0.006288916755344299,-0.01021714548691271
7954,-576459213510,0.9200169138664415,3.2738679446404086,-0.006243805415744298,-0.01040644068703271
7955,-576459213492,0.9199049591638215,3.2736789548539145,-0.006198370914544298,-0.01059709193067271
7956,-576459213480,0.9191662996154555,3.274029387418937,-0.0066663787326671714,-0.010192212321498003
7957,-576459213474,0.9190466608322753,3.2738441282909836,-0.006620913935067171,-0.010382990694218002
7958,-576459213456,0.9189268281899409,3.2736538051400332,-0.006575060333667171,-0.010575400556798002
7959,-576459213437,0.9188034518993198,3.273451882634905,-0.006504853858867171,-0.010831703087898003
7960,-576459213420,0.9186870961741744,3.2732549325469975,-0.00643794092926717,-0.011075981885098004
7961,-576459213407,0.925844433774586,3.2781457036213038,-0.00217911315324179,-0.006124898843246035
7962,-576459213401,0.9258058231847431,3.278033286334522,-0.0021121444008417893,-0.006369381432546035
7963,-576459213383,0.9257682581852199,3.2779159536608233,-0.0020448853698817886,-0.006614923740766035
7964,-576459213365,0.9257310436388281,3.2777953770996375,-0.002106902033681788,-0.006837027080406035
7965,-576459213343,0.9256918581566554,3.277668022504814,-0.0021702886198817876,-0.007064036590766034
7966,-576459213329,0.9256529423171701,3.277541179430015,-0.0022314577306817873,-0.007283104547006034
7967,-576459213311,0.9256138721188655,3.2774092692947505,-0.0021106403249617866,-0.007376834913406034
7968,-576459213289,0.9255689685021846,3.2772453588997092,-0.001962619533601786,-0.0074916697166060335
7969,-576459213271,0.9255348173618669,3.2771100291782145,-0.0018420975249617856,-0.0075851709134060336
7970,-576459213253,0.9255517582254175,3.277011514528804,-0.0016920190436166761,-0.0076393647588480235
7971,-576459213235,0.9255218870360231,3.276870862582741,-0.0016028397027366764,-0.007874858279208023
7972,-576459213216,0.9254939841480038,3.2767278219202582,-0.0015148014167366765,-0.008107338646208023
7973,-576459213199,0.9254675487255101,3.2765799859954527,-0.0014263893368966767,-0.008340806080688023
7974,-576459213179,0.926208267229209,3.2760530523193605,-8.552770326439414e-4,-0.008995272800889735
7975,-576459213163,0.9261952159319427,3.275891200203192,-5.943033823439412e-4,-0.008981304770989735
7976,-576459213143,0.9261868679881975,3.275729707217435,-3.3350364684394117e-4,-0.008967346049489735
7977,-576459213126,0.9261832130629961,3.2755684564654843,-7.268941844394109e-5,-0.008953386552289735
7978,-576459213108,0.9254665738592485,3.274873805682427,-2.4575090508435543e-4,-0.009480760423242657
7979,-576459213092,0.9254636976537457,3.2747084106634916,-8.947118148435533e-5,-0.009796048310442658
7980,-576459213074,0.9254635516934838,3.274530593736519,7.311983864564475e-5,-0.010124068977702657
7981,-576459213056,0.9254663826943154,3.274343648252502,2.3856141550564485e-4,-0.010457840525422656
7982,-576459213037,0.9254721864064422,3.2741554046473547,4.117873212656453e-4,-0.010636243422062656
7983,-576459213024,0.919676261821137,3.276877775892415,-0.0031679518608539216,-0.007645598877723092
7984,-576459213018,0.9196178584034306,3.2767307993189805,-0.002983661548293921,-0.007835396849563091
7985,-576459213001,0.9195682539834362,3.2765953446081304,-0.0028176857406739205,-0.00800633297324309
7986,-576459212982,0.919519353790082,3.2764503725929606,-0.00264388720333392,-0.008185325615003089
7987,-576459212966,0.9194721041596798,3.2762996128062163,-0.00258747134429392,-0.008506413395643089
7988,-576459212953,0.9211511924851965,3.2775070067535,-0.0015680884751125706,-0.007279083879293456
7989,-576459212947,0.9211232279541017,3.277371872415291,-0.0015113665512925705,-0.007601913610913456
7990,-576459212928,0.92109527757297,3.2772253311054564,-0.0014524615735825703,-0.007937168074523457
7991,-576459212909,0.9210698123669296,3.277080606274504,-0.0013966328592225701,-0.008254914153283456
7992,-576459212893,0.9210454803235385,3.2769383790554762,-0.00146562374484257,-0.008475731538743455
7993,-576459212875,0.9166457448692201,3.2788495237711945,-0.004232172926668292,-0.006450298314399779
7994,-576459212857,0.9165688352021041,3.2787312007580818,-0.004305282489438292,-0.006684298245809779
7995,-576459212840,0.9164951552790924,3.2786158428697476,-0.004374175987618292,-0.006904803925749778
7996,-576459212822,0.916416525202322,3.2784918553394373,-0.004361043339208292,-0.006869292648189778
7997,-576459212804,0.9211995739070358,3.2818125952552637,-0.0013942684158153654,-0.0033240505652642606
7998,-576459212787,0.9211757363184926,3.28175579890457,-0.0013817404980353651,-0.00329017450678426
7999,-576459212769,0.9211512267878109,3.281673145817886,-0.001368739883695365,-0.00598522518846426
8000,-576459212750,0.9211266995104009,3.2815619123391473,-0.0013556050468753649,-0.00636993184128426
8001,-576459212730,0.9211024006840547,3.281443711304202,-0.0013424658332353648,-0.006754766686924259
8002,-576459212714,0.9277420200857304,3.278145288823361,0.0027811987704491,-0.010611715763326396
8003,-576459212697,0.9277927427542866,3.2779543674130975,0.0028905745222091,-0.010736982689506396
8004,-576459212679,0.927846279953415,3.2777580985887673,0.0030016992097291004,-0.010864252653866395
8005,-576459212661,0.9279007131794049,3.2775634844979504,0.0031106163244891006,-0.010988994307796394
8006,-576459212648,0.9265241205697802,3.276623386903601,0.002275093699636133,-0.011947785353011981
8007,-576459212644,0.9265660581419727,3.276407216326874,0.0023851543493161333,-0.01207383668575198
8008,-576459212625,0.9266072356293583,3.276186600964742,0.002159822183316133,-0.01227664478575198
8009,-576459212605,0.9266443320323798,3.2759622982403798,0.0019344775817661329,-0.01247946407825198
8010,-576459212588,0.926676716876607,3.275738973871862,0.0017136968270661326,-0.01267817572325198
8011,-576459212569,0.9269870410350933,3.2753748083350964,0.0016641244275254587,-0.013027187580212263
8012,-576459212553,0.927018091821705,3.275137231441172,0.0017534955836654585,-0.013121829416612264
8013,-576459212535,0.9270501292341049,3.2749025073977274,0.0018411649941654585,-0.013214669146612264
8014,-576459212517,0.9270841036401748,3.274663546731362,0.0019297885626254584,-0.013308519306212263
8015,-576459212498,0.9324395229258686,3.278046385704226,0.005239517298075827,-0.009691914449426943
8016,-576459212482,0.9325271995516237,3.2778787671104506,0.005089354205145827,-0.010054636033616943
8017,-576459212463,0.9326177201110468,3.2776935916583456,0.004929523428845828,-0.010440710076516943
8018,-576459212445,0.9327047228518537,3.2775028687976535,0.004770860204425828,-0.010823963877376943
8019,-576459212426,0.93155931367257,3.2779026154719495,0.0038561505178679695,-0.010153310896286636
8020,-576459212410,0.9316287607153547,3.27771768817575,0.00376032708518797,-0.010128252626326635
8021,-576459212392,0.9316946934208722,3.277538087741461,0.0036670363841679703,-0.010103856677386636
8022,-576459212374,0.9317598559706227,3.2773564207688453,0.0035724425349079707,-0.010079119949166637
8023,-576459212357,0.9337848961370308,3.2785063854397745,0.004769473322543553,-0.009088055192291639
8024,-576459212340,0.9338658721901654,3.278349217026209,0.004781842215863553,-0.009450328101611638
8025,-576459212321,0.9339473120644685,3.2781853858153314,0.004794249771093553,-0.009813733380841638
8026,-576459212306,0.9340337267344881,3.278005277408336,0.004807380231093553,-0.010198311840841637
8027,-576459212287,0.9341203529564722,3.277818476259535,0.004809741276993553,-0.010540089358291637
8028,-576459212274,0.9354549183820469,3.277183994386417,0.005648669678438755,-0.011250771978301051
8029,-576459212268,0.935562244157629,3.2769668517483095,0.005651159294198755,-0.011611160860981051
8030,-576459212252,0.9356525607636638,3.276778894985023,0.005653253501938755,-0.01191431173255105
8031,-576459212236,0.9357430804935343,3.276585727641545,0.005655351641478755,-0.01221803175902105
8032,-576459212219,0.9358387215881394,3.2763746743804916,0.005596541841478756,-0.01261176365902105
8033,-576459212201,0.9426449004419236,3.2806874161966584,0.009566387059449899,-0.008377722419883967
8034,-576459212183,0.9428180270900623,3.280531484119698,0.0095035747336499,-0.008798251249783966
8035,-576459212165,0.942987539656317,3.2803703310262327,0.0094416687706499,-0.009212711976283965
8036,-576459212147,0.9431571380136596,3.2802029646308735,0.0094225053400899,-0.009403204308573965
8037,-576459212129,0.9505714222536829,3.276516486411907,0.013991549327491762,-0.013553052785093595
8038,-576459212111,0.9508234328249263,3.2762704853662306,0.013972340069251762,-0.013744000663253595
8039,-576459212093,0.9510766041004113,3.2760195376397707,0.013953015708931761,-0.013936092703133595
8040,-576459212075,0.9513267818536416,3.2757663147289446,0.013815201531801762,-0.014170118610003595
8041,-576459212057,0.9538880450172034,3.2770548686002465,0.015069854778572622,-0.012823514170903461
8042,-576459212039,0.9541578991289699,3.276822084962351,0.014932270049542623,-0.01305715044587346
8043,-576459212021,0.9544250563079056,3.2765840411884817,0.014794800044562623,-0.01343041758231346
8044,-576459212003,0.954690276254508,3.2763391502732166,0.014700300778642624,-0.013803892389353459
8045,-576459211984,0.9449261496701161,3.280991189384937,0.00821470382679078,-0.008634829342668281
8046,-576459211967,0.9450773604889776,3.280827737952615,0.008117403843080781,-0.009019372992688282
8047,-576459211950,0.9452169500359321,3.2806727725056044,0.008211723717830782,-0.009108421007488281
8048,-576459211932,0.9453642502918732,3.2805095322593942,0.008310092887080782,-0.009201291987888282
8049,-576459211914,0.9454978843286671,3.280361682050852,0.008398338820080783,-0.009284605554288282
8050,-576459211903,0.9423527097012001,3.2782556224741137,0.006507909423923006,-0.011442367517852195
8051,-576459211896,0.9424784006334622,3.2780354537803786,0.006613599320423006,-0.011542150045052196
8052,-576459211880,0.9425834391298094,3.2778488353148156,0.006539230174583006,-0.011826052504772195
8053,-576459211861,0.9426995129853739,3.2776347385100917,0.006456051460503006,-0.012143585283412195
8054,-576459211845,0.9428086057901945,3.2774257041797723,0.006376886408063006,-0.012445796003432194
8055,-576459211827,0.9393644418739575,3.278942993537897,0.004020194730625161,-0.010788277250279962
8056,-576459211808,0.9394378612172607,3.2787464625598712,0.00415158369924516,-0.011086170746389961
8057,-576459211791,0.9395137656982231,3.2785442485887795,0.00428318471528516,-0.011384545010009961
8058,-576459211773,0.9395920519786622,3.2783366294288587,0.0044148076672651596,-0.011682969008199961
8059,-576459211756,0.9408926205749969,3.2789808131652625,0.005271013441603664,-0.011094542015924138
8060,-576459211739,0.9409868810977497,3.2787789383595207,0.005208782295003664,-0.011349707885874138
8061,-576459211722,0.9410800272909559,3.2785724617700636,0.0051465476890036645,-0.01160488794037414
8062,-576459211703,0.9411722725058644,3.2783608844953886,0.005084164328803665,-0.011860677930524139
8063,-576459211684,0.9412680263918909,3.278133505017816,0.005018587942403666,-0.012129560260324138
8064,-576459211672,0.9431503657969584,3.277216513660807,0.006223640953355537,-0.01317030142758028
8065,-576459211666,0.9432613529004192,3.276978378984663,0.006096623625735537,-0.013264141170380281
8066,-576459211649,0.9433637616287822,3.2767526166642145,0.005977029800695537,-0.013352496467980281
8067,-576459211633,0.943458573822071,3.2765381219433842,0.005864133342655537,-0.013435903785580282
8068,-576459211616,0.9435572051739534,3.276309053636228,0.005744335071675538,-0.013524410126780283
8069,-576459211597,0.942795095075621,3.2754712037765974,0.005280155087717319,-0.01441727165273788
8070,-576459211578,0.942896510368871,3.2751929338187367,0.0053398033656073185,-0.014722469470957879
8071,-576459211562,0.9429872907158513,3.2749415872169134,0.005392637017477319,-0.014992799409217878
8072,-576459211544,0.9430780153286094,3.274683744597114,0.005303497474157319,-0.015406000378497877
8073,-576459211527,0.9431727937156461,3.2744019836376466,0.005208745985997319,-0.015845215179137877
8074,-576459211509,0.9432655976090303,3.274113149514321,0.005114267738597319,-0.01628316338873788
8075,-576459211491,0.9433568684337182,3.273815889272242,0.00501961608840732,-0.016721915396497877
8076,-576459211473,0.9434475184194303,3.2735121632791104,0.00505428352953732,-0.017031042666697877
8077,-576459211455,0.9435389551624976,3.2732023190282646,0.00508901261194732,-0.017340719588097877
8078,-576459211436,0.9457311734757206,3.2745238574075834,0.006382011956820092,-0.015981465108500598
8079,-576459211418,0.9458463104165035,3.274233538751032,0.0064166697665000915,-0.0162905064957006
8080,-576459211400,0.9459616634091162,3.2739379455535826,0.006397481823460092,-0.0165458851339006
8081,-576459211382,0.9460765242409614,3.2736381409444455,0.006378318392900092,-0.0168009375274506
8082,-576459211364,0.938667325295418,3.276983846211489,0.0016356916275599431,-0.01306632733761077
8083,-576459211347,0.9386966355039598,3.2767460213766486,0.0016164813035599431,-0.01332200385136077
8084,-576459211328,0.9387270380449476,3.2765051595777326,0.0017692908427599434,-0.01350151626848077
8085,-576459211311,0.9387602771630704,3.2762604172144254,0.0019225088043599435,-0.01368150847824077
8086,-576459211287,0.9382998850498303,3.2755818253307156,0.001805282710147952,-0.01428074230938622
8087,-576459211267,0.9383322307558334,3.275323456043943,0.0017968895714979523,-0.014492495262076221
8088,-576459211253,0.9383627121354183,3.275075365145046,0.0017889441541479526,-0.01469295252298622
8089,-576459211235,0.9383948427610865,3.2748089371565925,0.001780530452097953,-0.01490522427571622
8090,-576459211219,0.9384232661083595,3.2745689896132846,0.0017730542541479534,-0.01509384346298622
8091,-576459211206,0.9266824729106298,3.2801244455348564,-0.0055207964644826,-0.009095928807404547
8092,-576459211197,0.926576841114833,3.2799470970876383,-0.005563918976702599,-0.009514538396324546
8093,-576459211183,0.926481860320662,3.279782057497567,-0.005602409987662599,-0.009888187922884544
8094,-576459211166,0.9263866139341955,3.279611369396249,-0.005640744880602599,-0.010260321941724543
8095,-576459211148,0.9262848162545019,3.2794233172512723,-0.005681430594162599,-0.010655276431884542
8096,-576459211129,0.932469698257095,3.283801672008299,-0.0018523395416124972,-0.006265030214387802
8097,-576459211112,0.9324366954695376,3.2836868949328593,-0.0018176952159624973,-0.006498614538437802
8098,-576459211092,0.9324042408737385,3.283567634079544,-0.0017829699861324974,-0.0067327443471478015
8099,-576459211077,0.9323742227347254,3.2834513563265277,-0.0017502384664524974,-0.0069534318553078015
8100,-576459211057,0.9341680843336876,3.2824651752144844,-6.187479241734511e-4,-0.008037807928815218
8101,-576459211041,0.9341569650208299,3.2823190282753987,-6.163881888734508e-4,-0.008196231403115218
8102,-576459211024,0.9341465084305914,3.2821784626352257,-6.141608241734505e-4,-0.00834576802881522
8103,-576459211007,0.9341360743961206,3.282035143234733,-6.119301829734502e-4,-0.00849552462601522
8104,-576459210988,0.9324887227467998,3.280737880469977,-0.0016849560875934373,-0.00977851784214947
8105,-576459210970,0.9324567896845237,3.2805559775540125,-0.001771003033193437,-0.00990794492454947
8106,-576459210953,0.9324263261182434,3.280388244981498,-0.0018493625595734369,-0.01002580901381947
8107,-576459210936,0.9323920860765084,3.2802056103035726,-0.0019336494540134366,-0.010152588724079469
8108,-576459210917,0.9323593485898218,3.2800212214796596,-0.0017166250273934365,-0.010407016997429469
8109,-576459210904,0.9290876827546994,3.2815473316473405,-0.0037413248825673333,-0.008752554167665147
8110,-576459210898,0.9290183461729509,3.2813773539623123,-0.0035099386343273335,-0.009023819501865147
8111,-576459210880,0.9289576839041168,3.2812141952865135,-0.0032941967292673333,-0.009276744212915147
8112,-576459210864,0.9289014854972188,3.2810552698617457,-0.003312328504147333,-0.009406077719435147
8113,-576459210845,0.9288413677693285,3.280883803233851,-0.003331615562867333,-0.009543651837315148
8114,-576459210833,0.9346592530433196,3.2848707765240532,1.7147471785257384e-4,-0.005483455438868477
8115,-576459210825,0.9346621591668921,3.284771129420687,1.5234539161257388e-4,-0.005619904454828478
8116,-576459210810,0.93466458751782,3.284674814490047,1.342871541725739e-4,-0.005748713420588479
8117,-576459210791,0.9346677051514122,3.2845679550171014,2.120588539625739e-4,-0.006122582801768479
8118,-576459210775,0.9346719343818145,3.2844608702693012,2.854976639625739e-4,-0.006475622821768479
8119,-576459210763,0.9443521882079119,3.2799409487817073,0.006302324200905178,-0.01143147358115354
8120,-576459210757,0.9444666297408577,3.2797312631223985,0.0063802859776151775,-0.011806256712973539
8121,-576459210740,0.9445754413261901,3.2795280787486685,0.006453539030625177,-0.012158403749393538
8122,-576459210721,0.9446905535564252,3.279306941997798,0.0063374193820751774,-0.01241371146484354
8123,-576459210705,0.9447981981381455,3.279092150701574,0.006226873786325178,-0.01265676372909354
8124,-576459210685,0.9515351405490173,3.2833445047336323,0.010089121515987766,-0.008329809793222518
8125,-576459210670,0.9517038770721935,3.283202433682161,0.009980640384237766,-0.008568323001472518
8126,-576459210652,0.9518829359131209,3.2830460749635137,0.009875074954797766,-0.008770190931472518
8127,-576459210634,0.9520597781486614,3.282886362455034,0.009769696822637767,-0.008971700701472518
8128,-576459210614,0.9476831832108736,3.284909938481163,0.006817650231287045,-0.006754013360691445
8129,-576459210598,0.9478048923116601,3.2847866156545225,0.006712348188647045,-0.0069553776281914455
