1,-576460701038,0.9003204818729051,3.1512418672575073,0.0,0.0
2,-576460701029,0.9003212134129556,3.151240775249023,1.227828214799999e-4,-1.832844049199994e-4
3,-576460701022,0.9003226244643046,3.1512386688981207,2.1013008378999984e-4,-3.1367227840999897e-4
4,-576460701004,0.9003282095783348,3.151232905765985,4.1547776053999994e-4,-3.318759865599988e-4
5,-576460700986,0.9003375656361069,3.1512267587788645,6.227575800900001e-4,-3.502509757499987e-4
6,-576460700969,0.8998422601554112,3.1523339519652764,-4.035369188716885e-4,0.0023492562431833945
7,-576460700950,0.8998367384808705,3.152377537020904,-1.892990850716884e-4,0.002330264438343395
8,-576460700932,0.8998342105709577,3.152417316294991,-8.912042182168811e-5,0.002050954140513396
9,-576460700914,0.8998334999849771,3.152451718623117,1.010936042831215e-5,0.0017742894383233968
10,-576460700896,0.9005696967690598,3.155270659527195,0.0024319996269586927,0.010385507563202521
11,-576460700878,0.900615097208742,3.1554563777888145,0.002606894899358693,0.010226952106002522
12,-576460700860,0.900663830098097,3.15563989330829,0.0027824210370586936,0.010067824722902522
13,-576460700842,0.9007151903235125,3.1558186977494636,0.002956151635058694,0.009910325128902522
14,-576460700823,0.900773517423595,3.156006672267415,0.0031418201456586948,0.009742002937102522
15,-576460700811,0.8996799502493127,3.158369378959727,-1.5035106516956848e-4,0.016910012762285837
16,-576460700806,0.8996787176968692,3.158669795146341,1.2458528000431593e-5,0.016699226664215836
17,-576460700789,0.8996802715216609,3.1589545353825845,1.6869271555043167e-4,0.016496953603165835
18,-576460700770,0.8996847325739142,3.1592470787202798,3.312290924204317e-4,0.016286521232395837
19,-576460700752,0.8996921537303139,3.1595377955172226,4.948583344904318e-4,0.016074673952425837
20,-576460700741,0.901037149727657,3.1644113665600164,0.004075261601251193,0.029180458811932812
21,-576460700732,0.9011134475796964,3.1649402275173806,0.004327585539651193,0.029064140016732812
22,-576460700717,0.9011890105963624,3.1654333054775923,0.004563750186181192,0.028955270492392812
23,-576460700699,0.9012731827714427,3.165952107214844,0.004813197965151192,0.028840277577732814
24,-576460700681,0.9013616206636327,3.166467638016693,0.005062062175541191,0.028725553682312815
25,-576460700662,0.8991615750698754,3.171727686195565,1.2017105513843253e-4,0.03919324141613256
26,-576460700644,0.8991662549077324,3.172468583871398,3.7267691041843233e-4,0.03883294739260256
27,-576460700627,0.8991751237899541,3.173164926892856,6.121526072984322e-4,0.038491245762472565
28,-576460700609,0.8991882650061109,3.17385328432628,8.50990092338432e-4,0.038150454780182565
29,-576460700592,0.9013604196937679,3.1815453855033002,0.005183236442110651,0.05202165197985111
30,-576460700575,0.901449040993977,3.1824273932361398,0.005246479952990652,0.051780599737151115
31,-576460700556,0.901544080519371,3.183357146134308,0.005313467312990652,0.051525277837151114
32,-576460700539,0.9016350821759069,3.1842328727359703,0.005386945002360652,0.05144686651724111
33,-576460700522,0.8998494809342115,3.1886782634927533,0.0021312234761392056,0.057716534466842745
34,-576460700504,0.8998876021509997,3.1896918619821957,0.0022071419259592057,0.05763551850258274
35,-576460700486,0.899928030534327,3.190728554496862,0.0022849006659592056,0.05755253868258274
36,-576460700467,0.8999680168970033,3.191705935629931,0.0024193772959592054,0.05743347697258274
37,-576460700453,0.9000103123473954,3.1926818085433837,0.0025539251194692052,0.05731435222991274
38,-576460700440,0.9033632935247351,3.2020062623147374,0.007873406920489358,0.07232173989326521
39,-576460700434,0.9035064726818649,3.2033085073479013,0.008015967969069358,0.0721955204734052
40,-576460700416,0.9036520742219714,3.204607180406127,0.008158386630629358,0.0720694271188852
41,-576460700398,0.9038009093648542,3.205915425136145,0.008204315973029359,0.0717569504116852
42,-576460700381,0.9039475111377658,3.2071914067572047,0.008249306127029359,0.0714508633996852
43,-576460700367,0.9012461933166154,3.211669946624869,0.00435517897133663,0.0779845725362856
44,-576460700362,0.9013249427321984,3.2130699542153605,0.004400593274936631,0.0776755998554856
45,-576460700344,0.9014051448651721,3.214475467257334,0.0044463686106366316,0.0773641709208856
46,-576460700324,0.9014846848384656,3.215869988397806,0.004384047519636632,0.0774536076494356
47,-576460700308,0.9015623587091876,3.217252783410746,0.0043223214454366325,0.07754219047194559
48,-576460700290,0.9051299651371224,3.2266285804485806,0.008725210536448518,0.08801672032320407
49,-576460700271,0.9052948945679153,3.2282995033540587,0.008659571880848519,0.08811091807438406
50,-576460700253,0.9054509321236989,3.2298790024810375,0.00870494578924852,0.08766241010042407
51,-576460700235,0.9056005319918734,3.2313781321224764,0.00874822672134852,0.08723459059243407
52,-576460700217,0.9023638453828889,3.2377496692072145,0.004776747043072913,0.09248834623056149
53,-576460700201,0.9024483113259933,3.2393552377365955,0.004945391896192914,0.09231466129488149
54,-576460700182,0.902538936531454,3.241015927282672,0.005120160995532914,0.09213466908512148
55,-576460700163,0.902637860060996,3.2427627509330708,0.005304363957512915,0.09194496107440148
56,-576460700146,0.9062765761939695,3.2508278849965415,0.009333022811547586,0.09900345605735028
57,-576460700128,0.9064466456234852,3.2526297708611427,0.009335410724747585,0.09878862567715029
58,-576460700110,0.9066136023923261,3.254394423899886,0.009337754339667586,0.09857778062453029
59,-576460700093,0.9067724472141171,3.2560694277795466,0.009339983539207586,0.09837722903634029
60,-576460700075,0.9069396912852553,3.257828883881153,0.009342330037447586,0.09816612458370029
61,-576460700063,0.9066442436840364,3.2581732471406673,0.009041093947656799,0.0985241216747619
62,-576460700057,0.9068080690381151,3.2599466414128826,0.009140511299406798,0.0982900697924319
63,-576460700040,0.9069640055765975,3.2616130479971184,0.009234147097156798,0.0980696290511419
64,-576460700022,0.9071324673458878,3.263390383369482,0.009334248525906799,0.0978339666902919
65,-576460700004,0.9073013586657651,3.265149095557246,0.009433538992406799,0.0976002135257519
66,-576460699992,0.9124822428025633,3.2728118364740775,0.014350306251211274,0.10504787790944158
67,-576460699986,0.9127416483028133,3.27470094915113,0.014438939656351273,0.10460893104152158
68,-576460699969,0.913000094288974,3.2765638172722116,0.014526707433651273,0.10417427109712159
69,-576460699951,0.9132625179464812,3.278436045590859,0.014615286737051272,0.10373559216192159
70,-576460699932,0.9135261399146523,3.2802975842763487,0.014703733245271272,0.10329757087976159
71,-576460699912,0.9123193246542041,3.28360773814023,0.013589809268427861,0.10422391442361105
72,-576460699896,0.9125639437402275,3.2854678383211215,0.01377403502079786,0.10385262015787106
73,-576460699878,0.9128157234320208,3.28734996366239,0.013961114989477861,0.10347557341651106
74,-576460699860,0.9130737364944739,3.2892429573332755,0.01420471247115786,0.10317184439752106
75,-576460699842,0.9143273912818447,3.2922635399147584,0.015267305221388382,0.10391809949824539
76,-576460699824,0.914604108636337,3.2941297221217516,0.015506421924108381,0.10361995732928539
77,-576460699808,0.9148702212025536,3.295892689347286,0.01573294723906838,0.10333751470625539
78,-576460699789,0.9151525219885803,3.2977487269185777,0.01565996752621838,0.10306088076680539
79,-576460699771,0.9160474641976186,3.299142476368773,0.016064005432115284,0.10237452714067592
80,-576460699753,0.9163296101973567,3.3009421920912394,0.015992575802685285,0.10210376888456592
81,-576460699735,0.9166192070812181,3.302792842011815,0.015918926551185285,0.10182459701906592
82,-576460699718,0.9168892266290976,3.3045212766098357,0.015849947838995286,0.10153261199566592
83,-576460699698,0.9171726219366436,3.3063380843117356,0.015777227825985285,0.10122479014706592
84,-576460699688,0.9122804426329918,3.3013325232862747,0.012138602321383602,0.09737117484686772
85,-576460699682,0.9124978095495628,3.3030786363934097,0.012065719995973603,0.09706266593426773
86,-576460699664,0.9127142871735202,3.3048225947569407,0.011992695647213603,0.09675355584066772
87,-576460699646,0.9129329673907859,3.3065744261691323,0.012146858085613603,0.09662666407232773
88,-576460699628,0.9131516363115918,3.308301956426142,0.012299080517613603,0.09650136913162773
89,-576460699607,0.9236432081063985,3.3029032076414344,0.01967005078687352,0.09114924321259125
90,-576460699593,0.9239986672693757,3.3045428504543755,0.01982321769567352,0.09102317086896125
91,-576460699575,0.9243546283504812,3.3061761563998373,0.01976100038667352,0.09060662567946125
92,-576460699556,0.9247099826204751,3.30780431571433,0.01969869313327352,0.09018947831176125
93,-576460699537,0.912776267834915,3.2986784600064576,0.011428695257604867,0.08221493615732632
94,-576460699519,0.9129824722791517,3.300155114528602,0.011495645402404867,0.08194899070692632
95,-576460699501,0.913193419484965,3.301651979011833,0.011563734332324868,0.08167852167076632
96,-576460699484,0.913386983040436,3.303013460323734,0.011625861387204868,0.08143173493652632
97,-576460699467,0.920318808388195,3.300362536001783,0.01601220711255364,0.07845256930140321
98,-576460699451,0.9205927966879917,3.3016944229258596,0.01621791873107364,0.07822157774912321
99,-576460699432,0.9208871066377012,3.3031022377687798,0.01643601999183364,0.07797667398948321
100,-576460699414,0.9211847318865328,3.3045027618917304,0.01665367357997364,0.07773227291702321
101,-576460699395,0.9177625271221191,3.3030351365751476,0.014595282712712132,0.07558749020987192
102,-576460699377,0.9180282984913308,3.304398988043443,0.014813964737952132,0.07533111865317192
103,-576460699359,0.9182968197464433,3.3057521998270643,0.015031678822392132,0.07507588186047193
104,-576460699341,0.9185693195464595,3.3071011181623042,0.015249441303872131,0.07482058832957193
105,-576460699324,0.9188306329520664,3.308372584661775,0.01545538280833213,0.07457915310402194
106,-576460699312,0.9297021553994467,3.302574439806336,0.021883190936909984,0.07092259908012101
107,-576460699307,0.9300987328486886,3.30384835213937,0.022144280530409986,0.07050535906962101
108,-576460699289,0.9305017166769423,3.305120074523775,0.022406471584309987,0.070086358845921
109,-576460699269,0.9309328002138283,3.3064559618689207,0.022683590325209987,0.069643503101221
110,-576460699251,0.9313385658477285,3.307691047097917,0.022941375537509988,0.069231543730321
111,-576460699239,0.9283281886345047,3.305559790282525,0.021241487978817745,0.06795184415701874
112,-576460699232,0.9287335501964118,3.306846870351313,0.021425904464437744,0.06752313808472875
113,-576460699215,0.9291019567491062,3.30800009712915,0.021592142323797744,0.06713669118160875
114,-576460699195,0.9294920134869373,3.3092043686341572,0.021766765838837743,0.06673075045992875
115,-576460699179,0.9298823158722117,3.3103933449045817,0.021940108212037745,0.06641328878132875
116,-576460699161,0.9302636130086391,3.3115925546086182,0.022106582124394092,0.06609782404416772
117,-576460699144,0.9306410500831057,3.312714307084024,0.022271674720594093,0.06579547112406772
118,-576460699126,0.9310436247705172,3.3138960733900196,0.022446424408694092,0.06547543206901772
119,-576460699109,0.9314294628288187,3.3150152399777135,0.022622850010354092,0.06525305615595772
120,-576460699091,0.9318519161577246,3.3162263751470946,0.022814453448204094,0.06501154931660773
121,-576460699079,0.9201516854087919,3.308542005765625,0.016725068387286594,0.06069900327143996
122,-576460699073,0.9204425203285234,3.3095899735503598,0.016903297194196594,0.06047435450562996
123,-576460699056,0.9207309383547372,3.3106146545068347,0.017078208103446593,0.06025388778887996
124,-576460699038,0.9210399948506864,3.311700879277826,0.017145422476166593,0.06003012428035996
125,-576460699022,0.9213309378608984,3.312715892300678,0.017208457581926594,0.05982027397819996
126,-576460699009,0.9250518287078904,3.311063090643796,0.019097363930392974,0.05889302536791936
127,-576460699003,0.9253964907749744,3.3121220967492744,0.019164410834712976,0.058669819378799365
128,-576460698986,0.9257234964897676,3.3131197394864182,0.019227806927912976,0.058458767312599365
129,-576460698967,0.9260693700265943,3.3141670000879255,0.019316076375892974,0.05824715585082937
130,-576460698951,0.926398415225748,3.3151553818574504,0.019399678319212976,0.058046733962649366
131,-576460698933,0.9194986191223471,3.311693802352322,0.015981183409273417,0.05544661514360012
132,-576460698916,0.9197710741996549,3.3126349120078524,0.016064814862633416,0.055246122509960124
133,-576460698899,0.9200612147858577,3.3136276287683537,0.016131887817593418,0.054914978361300125
134,-576460698878,0.9203682951732387,3.3146673695592774,0.01620257436847342,0.05456599362182012
135,-576460698862,0.9279461610878295,3.3126157947085284,0.01971741196966354,0.05261791299097888
136,-576460698843,0.9283032601533786,3.3135641235648454,0.019784697051263542,0.05228572155737888
137,-576460698826,0.9286391122282258,3.314451537471059,0.019715693992213543,0.05208521713282888
138,-576460698808,0.9289740266660529,3.3153361644152364,0.019646642239443544,0.051884571217358885
139,-576460698787,0.9293271654498263,3.31626858994803,0.019573569196963545,0.05167224051007888
140,-576460698772,0.9210936341268587,3.3121581072193726,0.015871200344714315,0.048814294412350995
141,-576460698754,0.9213803745796247,3.3130327195312277,0.016045590924874314,0.04853792195619099
142,-576460698736,0.9216712703604307,3.3139054064298845,0.016220592959094313,0.04826058047372099
143,-576460698718,0.9219648953207263,3.3147718450148584,0.016395342647194312,0.04798363890687099
144,-576460698700,0.9222600070119922,3.3156356486081844,0.016322139754794313,0.04778172620687099
145,-576460698681,0.9225690053504668,3.3165403394989927,0.016245138752234312,0.04756933732687099
146,-576460698663,0.9228598871835694,3.317392216504452,0.016172317293974312,0.04736847672187099
147,-576460698645,0.9231503798274528,3.3182431774014307,0.016099264540544313,0.04716697814437099
148,-576460698628,0.9234255999011234,3.319042909010443,0.016264337725504313,0.04687483853157099
149,-576460698616,0.9143100759871761,3.313526139497837,0.0123763732765447,0.04419556918284787
150,-576460698609,0.9145472929663748,3.314363851660988,0.0125610226970447,0.04386878436784787
151,-576460698592,0.9147636581892308,3.3151120194684127,0.0127271052664847,0.04357485838864787
152,-576460698575,0.9149818597778883,3.3158517816495023,0.0128924307975647,0.04328227218424787
153,-576460698557,0.9152136943747637,3.3166209983454484,0.0131081969011447,0.04298663332197787
154,-576460698539,0.9326418845904841,3.3109438949677643,0.02049920834917611,0.039486762631685504
155,-576460698521,0.9330121881998571,3.3116507561813773,0.02071661995211611,0.0391888691355755
156,-576460698502,0.9333869427672332,3.3123532757065215,0.02093434613581611,0.0388905446065255
157,-576460698487,0.9337466804667357,3.3130179237417097,0.02104939658490611,0.0386782288296855
158,-576460698466,0.9306123898191391,3.311727848229635,0.0197545858781546,0.037494069932648436
159,-576460698450,0.9309463268643532,3.3123580882162824,0.0198677498140746,0.03728523555472844
160,-576460698432,0.9313046603712681,3.313026010216359,0.0199670016633246,0.03696544534981844
161,-576460698414,0.9316652811762648,3.313689095006683,0.0200663914313246,0.03664521076965844
162,-576460698395,0.9388621746998038,3.31188010042418,0.022876357151151626,0.03509740530214913
163,-576460698377,0.9392749117690253,3.312509078500284,0.022975675201401626,0.034777401797119134
164,-576460698359,0.9396898247600528,3.313130453033287,0.023118085952571626,0.034252707962719134
165,-576460698340,0.9401072317903791,3.313742280319016,0.023260472972571625,0.03372810156271913
166,-576460698323,0.9313557681653721,3.3092942431952856,0.019887642655980954,0.030899102702866738
167,-576460698306,0.9317177914357778,3.30984989698931,0.020031121309800955,0.030370474320466738
168,-576460698287,0.9320785220490689,3.3103945414417586,0.020001129638060954,0.03007170218028674
169,-576460698268,0.9324557069882645,3.3109591321831897,0.019969721757650955,0.02975882200041674
170,-576460698251,0.9274176538288169,3.313374513834061,0.017905275240935974,0.030394282720177426
171,-576460698232,0.9277440049663673,3.3139262079726244,0.017874917451795973,0.030091863378197425
172,-576460698215,0.9280671859903655,3.314465265226945,0.018028101378195972,0.029793406223627424
173,-576460698196,0.9283957066128897,3.3150031374727384,0.01818249355419597,0.029492594966077423
174,-576460698180,0.9287247183013883,3.3155318732019188,0.018335813621395972,0.029193872560467425
175,-576460698167,0.9260948886063706,3.3141012984000486,0.017372426019905914,0.028553898287611505
176,-576460698161,0.9264089438172244,3.314612598938766,0.017514844681465913,0.028244650781211505
177,-576460698143,0.9267226321369353,3.3151136942717754,0.017655950218285914,0.027938254590411504
178,-576460698126,0.9270418809094,3.3156140489061894,0.017798408431795913,0.027628921201011503
179,-576460698108,0.9273634440404739,3.316108450279681,0.017940755899845912,0.027319828284011503
180,-576460698095,0.9344279008033404,3.3136390522509456,0.020508188052845783,0.026159543400963145
181,-576460698090,0.9347977333752631,3.31410908754898,0.020575190298925784,0.026054997593723143
182,-576460698071,0.9351710429193193,3.314580095118866,0.020642601912205783,0.025949813037383144
183,-576460698053,0.9355407068069205,3.3150431237276647,0.020709138968285783,0.025845993081393143
184,-576460698035,0.9359137210009798,3.3155069732940725,0.020776063062445786,0.025741569217163144
185,-576460698016,0.9315405147042264,3.313437289327082,0.019205000510530083,0.024523072308327475
186,-576460697999,0.9318871365393308,3.3138779348551175,0.019293565058910084,0.024418509080657475
187,-576460697981,0.9322377953436302,3.314319761024196,0.019382749318130083,0.024313214194927477
188,-576460697963,0.9325899544945891,3.3147595326334907,0.019471904067310083,0.024207954150057477
189,-576460697945,0.9449641528501436,3.3109987698514565,0.02367085929064964,0.02225655034008838
190,-576460697927,0.9453904649114732,3.311399527777268,0.02368399339799964,0.02225974244653838
191,-576460697909,0.9458168001782876,3.3118001428105526,0.02369712094011964,0.02226293295737838
192,-576460697891,0.9462433005576079,3.3122007484619003,0.023710246293829642,0.02226612293634838
193,-576460697874,0.9362378678978338,3.307145542091291,0.020375720930433446,0.019787792743169188
194,-576460697854,0.9366261416604582,3.307519871697693,0.020559836541833448,0.019677637557469187
195,-576460697836,0.936997894701461,3.3078732263360093,0.020734586229933447,0.019573085943419187
196,-576460697819,0.9373515524335764,3.308203092613194,0.020889345049463447,0.019250697636229188
197,-576460697801,0.9412432139446392,3.307327023502073,0.022234041208486256,0.018340756730825705
198,-576460697783,0.9416445436880418,3.307653795696119,0.022397825273126254,0.017999567340105705
199,-576460697764,0.9420492701580712,3.3079747851039265,0.022561791481966253,0.017657998512785704
200,-576460697747,0.9424561663213363,3.3082912466298975,0.022628808614126254,0.017488772474625703
201,-576460697730,0.94284121229094,3.308587059223999,0.022692044681966256,0.017329094062785703
202,-576460697718,0.935179779397903,3.3045897004174147,0.020204904206272422,0.015600686348147694
203,-576460697712,0.9355443949105973,3.3048692373173063,0.020271951110592424,0.015431385131827695
204,-576460697694,0.9359098522389585,3.3051454493674517,0.020338931027552423,0.015262253066367696
205,-576460697676,0.936277173723381,3.305419763086887,0.020438320795552422,0.015189980441087696
206,-576460697658,0.9366538235251635,3.305698322671316,0.02053973521080242,0.015116235565947697
207,-576460697639,0.9400634419451726,3.3049250211634744,0.021623435928234336,0.014550007864861426
208,-576460697621,0.9404530796064925,3.3051859529165237,0.021722616059734336,0.014477887679621427
209,-576460697603,0.9408229889827053,3.30542852708954,0.021785896785814336,0.014053537045901428
210,-576460697586,0.9412158909813702,3.305677543125407,0.021852910196454335,0.013604155614391428
211,-576460697569,0.938555590332615,3.3043178616288005,0.02096723425351832,0.012496140087382904
212,-576460697551,0.9389344448072602,3.3045392311470825,0.02103437047431832,0.012045935110182905
213,-576460697533,0.9393156748247864,3.3047512385621536,0.021423588933878322,0.011565537778902905
214,-576460697516,0.9396827462006863,3.304943853830632,0.021791783788038324,0.011111089072822905
215,-576460697498,0.9469674925951512,3.302713327281182,0.024339320879545455,0.009522791157657678
216,-576460697482,0.9473835528652431,3.3028739691001876,0.024707038909665455,0.009414120195137678
217,-576460697464,0.9478291887855503,3.30304268317722,0.024720192712705456,0.009298621268097678
218,-576460697447,0.9482740972952747,3.3032089564309577,0.024733318066415457,0.009183372144637677
219,-576460697428,0.9411580619771149,3.299433564267192,0.022448525312436875,0.007372681676145455
220,-576460697410,0.941578698744993,3.299570697769959,0.022585120410816874,0.007308920247375455
221,-576460697392,0.9419703792597729,3.299696587827118,0.022711573792936875,0.007249892885395456
222,-576460697374,0.9423807833074,3.299826662357167,0.022843321048576875,0.0071883943883354565
223,-576460697354,0.9427928949031732,3.29995542212588,0.022974856256796874,0.007126994873205457
224,-576460697337,0.9377928083987075,3.3020009877315086,0.02164174184537706,0.007648657255791371
225,-576460697320,0.9381856627019769,3.302135325842225,0.02196754974249706,0.007263715582801371
226,-576460697301,0.9385839635155976,3.3022625977582583,0.02229301405577706,0.006879179853741371
227,-576460697284,0.9389936641058558,3.302384539346819,0.02262290879225706,0.006489409584531371
228,-576460697265,0.9394553314424932,3.30252428318659,0.022759484213898132,0.006377484623694666
229,-576460697247,0.9398665931255344,3.3026381780308216,0.022880476172438134,0.006262049748854666
230,-576460697228,0.9402815304352635,3.3027503920241736,0.023001904513028134,0.006146198534714666
231,-576460697209,0.9407174886365239,3.3028654171972986,0.023128797699598136,0.0060251334714946665
232,-576460697192,0.9489174250683611,3.300188800232093,0.02556716258498947,0.004553855117572966
233,-576460697174,0.9493825533394119,3.300270115211121,0.025678171084469473,0.004404992348722965
234,-576460697157,0.94984206341849,3.300347467710705,0.025787369496589472,0.004258556913072965
235,-576460697138,0.9503067673700752,3.300424187583343,0.02588659376208947,0.004272508653272965
236,-576460697119,0.9476397405689188,3.2988429408942435,0.025085162615608326,0.003569934108782794
237,-576460697103,0.9480658524567133,3.2989035806230826,0.025178699111858327,0.003583086102282794
238,-576460697085,0.9485208727658236,3.2989683313305798,0.025278199214858327,0.003597076627482794
239,-576460697063,0.9489794460211981,3.2990346257038174,0.025258857802378326,0.0037088935332027935
240,-576460697047,0.9494301468454127,3.299101811032128,0.025239833986378326,0.0038188743447027935
241,-576460697031,0.9562825905151561,3.2968239559679993,0.02709207563428305,0.0028033888775450145
242,-576460697011,0.9567960376367578,3.2968782127540797,0.02707186989044305,0.002920202670555014
243,-576460696995,0.9572590506420549,3.2969265424599463,0.02734902871052305,0.002760298724235015
244,-576460696978,0.9577539994781274,3.2969747080703855,0.02764223133865305,0.0025911384669650155
245,-576460696965,0.9564214960000021,3.2962682136014094,0.02726757921181308,0.0022847369853597837
246,-576460696959,0.9569157779331711,3.296307879972761,0.02756125419571308,0.0021153042072597846
247,-576460696942,0.9573856150512517,3.296342407921061,0.027837533456773082,0.001955907713519785
248,-576460696923,0.9578913018031999,3.296378170800266,0.027980861813183083,0.0019916478033997855
249,-576460696906,0.9583654204693396,3.2964121194338114,0.028114579045743084,0.002024991281479786
250,-576460696889,0.9609562211169445,3.295667895738393,0.02885579203853924,0.0016827536256921191
251,-576460696872,0.9614812856720384,3.2956987643314903,0.028999373527429238,0.0017185568362121197
252,-576460696854,0.9619712923039677,3.2957265389029065,0.029203100867309238,0.0015804776591121193
253,-576460696836,0.9625006146315279,3.2957537421205116,0.029421589304389238,0.0014323939330121189
254,-576460696817,0.9609587168349222,3.2946669356732916,0.029068931370538953,8.004963482032407e-4
255,-576460696800,0.9614855190577191,3.2946791464324385,0.029448394127588953,5.558778975032403e-4
256,-576460696782,0.9620184674723228,3.2946869456738197,0.02982737215020895,3.1157192802323987e-4
257,-576460696764,0.9625631847945797,3.2946903626541686,0.03020980654006895,6.503783158323944e-5
258,-576460696747,0.9631220315298383,3.2946892630000337,0.03059719365127895,-1.8468900775676103e-4
259,-576460696732,0.9608346467300475,3.295562568439744,0.029949729179642483,2.4128211755548753e-4
260,-576460696726,0.961418947165021,3.295562305981743,0.03003389005590248,-2.682257579445125e-4
261,-576460696710,0.9619035644385686,3.2955545862982514,0.03010351436771248,-6.897296296945125e-4
262,-576460696693,0.9624161596514827,3.2955390738812462,0.03017698341722248,-0.0011345094489445125
263,-576460696675,0.9629563238810456,3.2955146132146838,0.03025421080583248,-0.0016020421606945125
264,-576460696657,0.9600598663478072,3.293605715841959,0.029500346404167262,-0.002658916699987231
265,-576460696637,0.9605946408736159,3.2935555372340466,0.029675765780047263,-0.0028936569320072306
266,-576460696620,0.9611283471587843,3.293501560032636,0.029849806957887262,-0.0031265529063672303
267,-576460696603,0.9616711793140931,3.293442734391082,0.03002578925972726,-0.00336204642672723
268,-576460696585,0.9605710557501015,3.294022003414607,0.029882164717215918,-0.003151360545533132
269,-576460696567,0.9611076908555777,3.293964777712875,0.030194533348965918,-0.0032550992061831318
270,-576460696549,0.9616539639992691,3.2939052519431753,0.03050922747906592,-0.0033596101725631316
271,-576460696531,0.9622064866655806,3.293843779365753,0.03082425382321592,-0.0034642314683331317
272,-576460696511,0.9597128555613821,3.292070959463168,0.030156238770681743,-0.004530421903431672
273,-576460696494,0.9602551314391257,3.291987015902045,0.030298151167281743,-0.004827834632031672
274,-576460696476,0.9608022058116266,3.291897357442875,0.030440648932741742,-0.0051264741466916725
275,-576460696458,0.9613520862236659,3.291802949775727,0.030701332725041743,-0.0053708480468716725
276,-576460696441,0.958620609082797,3.293005534420386,0.030055762948792728,-0.004970527107397952
277,-576460696421,0.9591934352813699,3.2929087885043353,0.03033072224759273,-0.005228283355477953
278,-576460696404,0.9597104485141268,3.2928180700491665,0.030576768210892728,-0.005458935254257953
279,-576460696386,0.9602630589719601,3.2927177062605195,0.030708632458212728,-0.0056715725251979526
280,-576460696367,0.9608475651733115,3.2926078711832063,0.03084749427039273,-0.005895493697007952
281,-576460696348,0.9592946976607991,3.2913072301493655,0.030427090377096688,-0.006636793679636087
282,-576460696328,0.959848367635308,3.291184782292676,0.030559853997956687,-0.006850881232506087
283,-576460696312,0.9603932149883139,3.2910626552927855,0.030838315148516687,-0.006911458173666086
284,-576460696295,0.9609508775163652,3.2909376891392226,0.031120745798236687,-0.0069728986468360855
285,-576460696276,0.9639105929495281,3.2898404056709403,0.032058088682379,-0.007518992593635419
286,-576460696259,0.9644878518048564,3.289705056652803,0.032339373982539,-0.007580183905395418
287,-576460696242,0.9650373378752067,3.289572273693834,0.032321260325579,-0.008045017197115418
288,-576460696224,0.9656205630104472,3.2894226058542864,0.032302023357579,-0.008538676935615417
289,-576460696207,0.9636997552341932,3.2878682393016687,0.031644301540975014,-0.009629194573410991
290,-576460696189,0.9642733017351576,3.2876921474228116,0.031776553323235014,-0.00984245676258099
291,-576460696172,0.9648099979749754,3.2875245578858157,0.03189981137009502,-0.01004121613245099
292,-576460696155,0.9653532552770647,3.287352184150001,0.03202409309415502,-0.010241626229720989
293,-576460696137,0.968211967985444,3.286225096884784,0.03277402486027019,-0.010926022594359562
294,-576460696119,0.9688056565858969,3.2860250235583695,0.03283055002816019,-0.011182748764809562
295,-576460696101,0.9693939553150782,3.2858225341729246,0.03288646618960019,-0.011436708948009562
296,-576460696083,0.9700186370870753,3.2856029339249435,0.03294573657118019,-0.011705903337909562
297,-576460696064,0.9706137503864968,3.285389355612609,0.03300210246046019,-0.011961906096309562
298,-576460696052,0.9639556894040374,3.2815683174116064,0.03129329909879626,-0.013669671750290801
299,-576460696047,0.964487091100961,3.2813353317180964,0.03126502651466626,-0.0137581572578908
300,-576460696030,0.9650481864027846,3.2810874644572614,0.031235146342316264,-0.0138516740798908
301,-576460696013,0.9655788185906039,3.280851289144929,0.031206862108996265,-0.0139401960462908
302,-576460695995,0.966145447856667,3.2805971921482913,0.031176630796776267,-0.0140348118406908
303,-576460695977,0.9624492625729059,3.2821364117528344,0.029937581816851154,-0.013650553274684256
304,-576460695960,0.9629570541420229,3.2819003248192953,0.029848321417041156,-0.014145635992284255
305,-576460695942,0.9634960612327962,3.2816397054924473,0.029753280924231157,-0.014672777989884254
306,-576460695921,0.9640280700761353,3.2813722568723347,0.029659175755561158,-0.015194732213084254
307,-576460695904,0.9594915437546646,3.2780821269352742,0.02840880266908146,-0.017037697132874424
308,-576460695887,0.9599749720260995,3.2777886370822555,0.028451732667881462,-0.017482398493874424
309,-576460695870,0.9604595292047587,3.2774873345453335,0.028494698012481463,-0.017927465993374424
310,-576460695853,0.9609439043637176,3.2771790457573866,0.028537582566681464,-0.018371696604874425
311,-576460695835,0.9618581589859364,3.2766753848434123,0.028744065540283345,-0.018788462805636962
312,-576460695816,0.9623476052704962,3.2763533260165265,0.028837850290283344,-0.01910081094563696
313,-576460695799,0.9628684773435776,3.2760059325391286,0.028937322809533345,-0.01943210208165696
314,-576460695782,0.963360250978169,3.2756735834014035,0.029030925506783344,-0.019743843898796958
315,-576460695765,0.9622038848820551,3.27431151380739,0.02849851698223381,-0.020636826003427113
316,-576460695746,0.9627395878570235,3.2739185197821015,0.02838828082687381,-0.021095575535107113
317,-576460695729,0.9632216823317287,3.2735561172187704,0.02828870891039381,-0.021509945665347113
318,-576460695712,0.9637032844981355,3.2731869649547805,0.028270559017593812,-0.021843226852547113
319,-576460695694,0.964210851851466,3.272791504296545,0.02825141796799381,-0.022194708362947114
320,-576460695675,0.9663652200462173,3.271671095369511,0.028672047484178242,-0.02291143045321673
321,-576460695658,0.9668808004133701,3.2712557984054014,0.02865287659329824,-0.02326345993033673
322,-576460695641,0.9673680629218825,3.2708578453600388,0.028685615818138242,-0.023565564000296732
323,-576460695623,0.9678856351158245,3.2704300213108586,0.028720350679418243,-0.023886082980616733
324,-576460695603,0.9697935470400653,3.27079094690916,0.029099990626343646,-0.023854134016804526
325,-576460695585,0.9703158234503199,3.2703602158772673,0.029134542490073648,-0.024172964371174527
326,-576460695568,0.9708420790112892,3.269923216776361,0.029341546289223648,-0.024385188960264526
327,-576460695550,0.9713725036631846,3.269482028882546,0.029548722601123647,-0.024597590413004525
328,-576460695530,0.9681239989477755,3.270708758234193,0.028749843737485216,-0.023959244091018954
329,-576460695511,0.9686474423041987,3.270272173417181,0.028958480657335216,-0.024173142989328954
330,-576460695495,0.9691631127313042,3.2698368055286435,0.028832668855775217,-0.024618506516108953
331,-576460695477,0.9696517612781027,3.269415110509253,0.028712941083395217,-0.02504233307529895
332,-576460695459,0.9740451396437078,3.271317430493626,0.029560443796128606,-0.02442296481652884
333,-576460695441,0.9746101564844432,3.2708492929901856,0.029734009004308608,-0.02470469846820884
334,-576460695424,0.9751138123522496,3.2704297972779375,0.02988787531725861,-0.02495445657740884
335,-576460695407,0.9756287802794442,3.269998772058552,0.03004438272110861,-0.02520850174500884
336,-576460695389,0.9684008664397309,3.2730600181550997,0.02813543120550112,-0.023682655445401234
337,-576460695371,0.9689091150589374,3.2726319917439093,0.028320955265651118,-0.023862627663801234
338,-576460695353,0.969421131637196,3.2722003642928033,0.028506633886251118,-0.024042749817401232
339,-576460695335,0.9699354899195713,3.2717663388348863,0.02869195186580112,-0.02422252212220123
340,-576460695317,0.9704691518515659,3.271315584174865,0.028882967973941118,-0.02440782203804123
341,-576460695304,0.9703332090368745,3.271231907029986,0.028848822170060903,-0.02444589103535698
342,-576460695299,0.9708659358326095,3.2707768023360577,0.028818074965140904,-0.02481852701275698
343,-576460695280,0.9714018368815329,3.270311537798197,0.028787111418120903,-0.02519378491465698
344,-576460695262,0.9719011578212694,3.2698712878462,0.028758231411940904,-0.02554379166675698
345,-576460695245,0.9724185076628672,3.2694082581817154,0.028728278016110904,-0.02590680719810698
346,-576460695232,0.9706507402988463,3.2702157710355864,0.02825653837419199,-0.025494616047003073
347,-576460695227,0.9711327508274511,3.269775020532735,0.02836066120351199,-0.026276160114563074
348,-576460695210,0.9716436924421905,3.2692951287419656,0.028470617895471992,-0.027101493049243076
349,-576460695191,0.972128376565154,3.2688279659411283,0.02857453280935199,-0.027881476507283075
350,-576460695173,0.9726498474572848,3.2683125190237616,0.02868591433359199,-0.028717504207203075
351,-576460695156,0.9733710503571711,3.26793132463601,0.0288048723321606,-0.028761102402467785
352,-576460695139,0.9738641577788827,3.2674386608002717,0.0288685103241606,-0.028860398853467785
353,-576460695120,0.9743812109687275,3.266921419023916,0.0289350883169606,-0.028964282684367786
354,-576460695102,0.9748735582347101,3.266428274323206,0.028998342992400603,-0.029062981033937785
355,-576460695086,0.9730539099271875,3.266992651221376,0.02851457841215209,-0.028804655373013754
356,-576460695069,0.9735663045716269,3.266473664440965,0.02865637215290209,-0.029101819428763755
357,-576460695050,0.9740881238564424,3.26594232416432,0.02880005647686209,-0.029402945671923756
358,-576460695033,0.9745790131830221,3.265441306761313,0.02889393501161209,-0.029481393871753758
359,-576460695015,0.9751004326258994,3.2649094513871173,0.02899331926286209,-0.02956444284160376
360,-576460695004,0.9732321610279656,3.2637350839074264,0.028523678293695277,-0.030101080015433553
361,-576460694997,0.9737414720137635,3.2631977997886494,0.028622014362445276,-0.030183253087183552
362,-576460694980,0.9742286424178415,3.2626842301738597,0.028715760495195277,-0.03026159064725355
363,-576460694961,0.9747502877783703,3.262133144590887,0.028848282820715276,-0.03055120817997355
364,-576460694944,0.9752666553169049,3.261584982237476,0.028978867471535278,-0.030836591070993548
365,-576460694932,0.9705600125004362,3.2637952408406803,0.027718824379142176,-0.029706853214699278
366,-576460694926,0.971060943545856,3.263257058911548,0.027850652066562176,-0.029994952668319277
367,-576460694909,0.9715349296892587,3.2627454107006617,0.027974816798942176,-0.030266305312499277
368,-576460694891,0.9720129868780631,3.262227443626767,0.028201116080542175,-0.030599390797299276
369,-576460694875,0.9724932753395642,3.2617055705572775,0.028426657485582176,-0.030931360778419275
370,-576460694855,0.9723005726680763,3.26064274747801,0.028494384951436788,-0.03151929625593653
371,-576460694838,0.97281556809476,3.260072293509605,0.028733687799276788,-0.03187152143545653
372,-576460694820,0.9733341217645475,3.2594924286271962,0.028854592481406788,-0.03252571132693653
373,-576460694802,0.9738544761258595,3.258901213774678,0.02897540988712679,-0.033179428984056535
374,-576460694783,0.9693219976388198,3.260707469903071,0.027739308708793854,-0.032602013523317826
375,-576460694765,0.9698497825679108,3.2600820408158566,0.027866752408103854,-0.033291584666077824
376,-576460694748,0.9703203761232461,3.2595134385815765,0.027523261167143855,-0.033634290366877824
377,-576460694730,0.9708130903564971,3.258904040085378,0.027158968814663856,-0.033997749608527826
378,-576460694712,0.9712830251984288,3.258308876530425,0.026806906464583856,-0.034349006816927825
379,-576460694700,0.9720963307911253,3.258832944618942,0.027012198365767365,-0.034108814246452034
380,-576460694695,0.9725685879453219,3.258229540231465,0.026656436692647365,-0.03446376231780204
381,-576460694665,0.9730213317998788,3.257645353723536,0.026689133539107367,-0.034369336295282035
382,-576460694639,0.9734748177035674,3.2570625300786773,0.026721843869597365,-0.03427487133190203
383,-576460694638,0.9739567918657293,3.256445629230759,0.026756565246847365,-0.03417459861740203
384,-576460694625,0.9744417298882033,3.2558287344545,0.027071609075947366,-0.034300790022742035
385,-576460694606,0.9749321526642482,3.255209806950198,0.027386530510397366,-0.034426932402672035
386,-576460694595,0.9769629088874267,3.2542193671470616,0.027933337849812025,-0.034931791564206525
387,-576460694588,0.9774680048205072,3.253590126408863,0.028247734735762024,-0.035057723835236525
388,-576460694571,0.9779791823579355,3.2529580935268694,0.028562393895962025,-0.035183761160716524
389,-576460694553,0.9784929614654837,3.252322195159046,0.028489308680052026,-0.035428461128256525
390,-576460694535,0.979004941158823,3.251682495941883,0.028416292446912027,-0.03567293013141652
391,-576460694522,0.9774505341648388,3.250670181606047,0.028022508760239543,-0.03613693241100467
392,-576460694516,0.9779822573419867,3.249981091196892,0.027945406312429543,-0.036395082657144674
393,-576460694499,0.9784563247489434,3.2493609609836676,0.027876484409579544,-0.03662584324504468
394,-576460694481,0.978960685176423,3.2486979094110846,0.028030008687979543,-0.036870977969064675
395,-576460694463,0.9794657582672229,3.248033144312702,0.028182911823979542,-0.03711512090486468
396,-576460694450,0.9772703602724415,3.24911094198101,0.02759024575628921,-0.03656679109407891
397,-576460694444,0.9777683353782548,3.2484505755979716,0.027743395647489212,-0.03681132802793891
398,-576460694427,0.9782689554428458,3.2477859560180113,0.02789651150348921,-0.037055810617238914
399,-576460694408,0.9787730601204527,3.2471173275241543,0.02804984858828921,-0.03714967119363891
400,-576460694392,0.9792789973851707,3.246448236602563,0.02820290488268921,-0.03724335989283891
401,-576460694370,0.9818698795790978,3.2470827306477124,0.028886697152976364,-0.036725354182224085
402,-576460694354,0.9823858104722047,3.2464264358218493,0.028953089069776363,-0.03685029894142408
403,-576460694335,0.9829079462230088,3.245761515159516,0.029020124809536363,-0.03697645532861408
404,-576460694318,0.9834314640116235,3.245094099426384,0.029087182878416364,-0.037102653737584076
405,-576460694299,0.9786534387711046,3.2470461550405485,0.027713568497412175,-0.03588717850182897
406,-576460694280,0.979171208007678,3.2463483503537955,0.029816346677412175,-0.041646675581828975
407,-576460694262,0.9797579078261633,3.245500644767534,0.032032674879132174,-0.047717185504148975
408,-576460694244,0.9803196160878482,3.24464279138737,0.03401956661721217,-0.053159270300628975
409,-576460694226,0.982046149491656,3.244354934567127,0.03640327365592227,-0.058592894248844896
410,-576460694209,0.9826749952583392,3.2433268760473823,0.03651906259771227,-0.0606230296504049
411,-576460694194,0.9832875580818261,3.2422950530568384,0.036631501468072265,-0.0625944280214449
412,-576460694175,0.9839859079431685,3.241082502548579,0.03675926741874227,-0.06483455713532489
413,-576460694157,0.9763351801376454,3.2440931507272817,0.03462436443048003,-0.06474012253312239
414,-576460694139,0.976967070330715,3.2428934017869575,0.03460490898168003,-0.06670320152317238
415,-576460694120,0.9776160017128702,3.2416232640967197,0.03458491745560003,-0.06872037137775239
416,-576460694102,0.9782372860356919,3.2403710667825143,0.03456576681416003,-0.07065269492594238
417,-576460694085,0.9788247846168611,3.239154359462209,0.03454764782840003,-0.07248092313245239
418,-576460694072,0.9793563706866539,3.23950584320132,0.03468381693291492,-0.07232000757566237
419,-576460694067,0.9799856792043766,3.238186021558616,0.035053385828914915,-0.07393682339774237
420,-576460694049,0.980619709469996,3.236841174938616,0.03542182848991492,-0.07554871208827237
421,-576460694031,0.9812653441699227,3.235456599416471,0.03579311745391492,-0.07717305298399237
422,-576460694013,0.981908416919798,3.2340819789926294,0.03565544094564492,-0.07555406482520237
423,-576460693995,0.9789868406394118,3.2345297321037885,0.03454771756441855,-0.07303933336939435
424,-576460693975,0.9796059464862849,3.233232736773327,0.034410385228298555,-0.07142439245615434
425,-576460693958,0.9802239573097277,3.2319619470157925,0.03427274696137855,-0.06980585399131434
426,-576460693941,0.9808445094432146,3.2307144250429833,0.03462007940407855,-0.06869228342851434
427,-576460693922,0.9842030805513744,3.2312937214321575,0.035671470718203833,-0.06674337268090878
428,-576460693905,0.9848788770803991,3.230046656302571,0.03603488283102383,-0.06557824964242878
429,-576460693887,0.9854947651534685,3.2289398547344703,0.03636291581354383,-0.06452655441314878
430,-576460693868,0.9861556359500047,3.2277620176346784,0.03659295950093383,-0.06549906790751878
431,-576460693850,0.976306506109366,3.231826622126244,0.03394709866804177,-0.06382914344954063
432,-576460693833,0.9768843142293027,3.2307359064307235,0.03416254003493177,-0.06473992539241064
433,-576460693816,0.977475747891455,3.2296106965356235,0.034381663726121774,-0.06566627442218063
434,-576460693798,0.9780898486085249,3.2284278293919955,0.034808885208581775,-0.06760702213892063
435,-576460693779,0.978741633345636,3.2271510783714974,0.03525666030188177,-0.06964113916162062
436,-576460693763,0.9793241843705381,3.225992046244747,0.03565211273714177,-0.07143756898156063
437,-576460693745,0.9799683418501477,3.224691467796458,0.03608434025128177,-0.07340105770022064
438,-576460693728,0.9806225485867417,3.223435113290905,0.040849479539861774,-0.07434451830410063
439,-576460693710,0.9813571118594552,3.2221638426643047,0.04561041602434177,-0.07528714678538063
440,-576460693692,0.9744636558662769,3.2249796458086055,0.04851974184600132,-0.07418558278708048
441,-576460693676,0.9753289784904889,3.2237104747868455,0.05328291982600132,-0.07512865506708048
442,-576460693657,0.9763093763173615,3.2223597041252314,0.05568649518706132,-0.07500701922588049
443,-576460693641,0.9772747110161771,3.221086385403029,0.05795582617567132,-0.07489217698368049
444,-576460693623,0.9832942296988884,3.223081357881893,0.0616054025864569,-0.07326345777200963
445,-576460693605,0.9844093059810821,3.221734180091748,0.0601278159936569,-0.07380835337920963
446,-576460693587,0.9854197067945218,3.2204752888183727,0.0587568543722369,-0.07431392846278963
447,-576460693571,0.9864064596855124,3.219208252696213,0.0573863766765569,-0.07481932508710963
448,-576460693553,0.9874265162741459,3.2178564603803825,0.055934357493686894,-0.07535479209673963
449,-576460693535,0.9816480047755148,3.220158214365061,0.05391994205495167,-0.07297205365325317
450,-576460693517,0.982617324712764,3.2188496901837023,0.053782273194951664,-0.07241952205325317
451,-576460693499,0.983532181398219,3.2176207650961604,0.05365201550858167,-0.07189673507105317
452,-576460693482,0.9844964646001857,3.2163318820263407,0.053514377241661665,-0.07134432625585317
453,-576460693461,0.9907621299723408,3.218567777895527,0.05622249466433694,-0.06949264935884833
454,-576460693446,0.991786407210713,3.217318988622464,0.057560802199936936,-0.06923088686232833
455,-576460693427,0.9928338958596726,3.2160759466598896,0.05889799472703694,-0.06896934245275832
456,-576460693409,0.9939674003149377,3.2147669856856704,0.06031160250333694,-0.06869285181754832
457,-576460693391,0.9794461242071515,3.2218814287726736,0.056367220703047435,-0.06536047780098025
458,-576460693373,0.9804722483403693,3.2206879746140773,0.056760405471667434,-0.06621486629208026
459,-576460693356,0.9814338516775276,3.219563088808891,0.057126411270007435,-0.06701019501978026
460,-576460693339,0.9824059477468402,3.218419686740738,0.05749404260484744,-0.06780905602998026
461,-576460693320,0.9902421335003421,3.221715270371984,0.059808441746291394,-0.06594363155833162
462,-576460693303,0.9913245561524815,3.2205257709534005,0.06036060095584139,-0.06611292337738162
463,-576460693285,0.9924161340894888,3.2193340834107005,0.06091236171578139,-0.06628209303192162
464,-576460693267,0.9935205781014236,3.2181097222180526,0.06067557376446139,-0.06850749167084162
465,-576460693248,0.9946006539914292,3.216868408776873,0.060443113087861385,-0.07069222138544162
466,-576460693237,0.9870515628086787,3.220869371680807,0.05833977960487472,-0.06869197248714631
467,-576460693231,0.9880993349192689,3.2196133552875947,0.05810522046071472,-0.07089642418010632
468,-576460693213,0.9891514506186277,3.2183068473105028,0.05786873229047472,-0.07311900539354632
469,-576460693195,0.9901998763668691,3.216977737045965,0.05797941668647472,-0.07374400726254632
470,-576460693176,0.9912583219948561,3.2156270509955394,0.05809094497455472,-0.07437377433916632
471,-576460693156,0.9979608477661258,3.217978474272726,0.059667013385452085,-0.07333565172502488
472,-576460693141,0.9989861122437413,3.216714359041732,0.05977199845233209,-0.07392847117734487
473,-576460693123,1.0000614523424811,3.215403495995058,0.06064008359680209,-0.07285648449965487
474,-576460693105,1.0011609704449098,3.2141016586848536,0.06151502166134209,-0.07177603524307487
475,-576460693085,0.9962682304721688,3.215981445231487,0.0607399152947625,-0.06902165070703281
476,-576460693069,0.9973064160515107,3.214818313859062,0.0615650360325525,-0.06800272019770282
477,-576460693051,0.9984046593362318,3.2135832144763867,0.0604687752593125,-0.06923816903784281
478,-576460693033,0.9994829929054778,3.2123260896705825,0.0593726972063525,-0.07047341195840282
479,-576460693013,1.003086837621502,3.2129358066516542,0.05909100295959202,-0.07078915264620769
480,-576460692999,1.0041548156486042,3.211632834142468,0.05797975912339202,-0.07204148689190769
481,-576460692980,1.0052538572383294,3.210270853021179,0.05898310893654202,-0.0729040908539477
482,-576460692962,1.0063205458142475,3.2089556410031,0.05994086407399202,-0.0737274959768677
483,-576460692944,1.0073790254772927,3.2076567416555024,0.06087635576909202,-0.0745317606830277
484,-576460692933,0.9952751512795162,3.2140614017969673,0.05748037011627289,-0.07133131967939164
485,-576460692927,0.9962888241298921,3.2128065801631003,0.05841431351442289,-0.07213425327743164
486,-576460692909,0.9973348330813665,3.2114940815433908,0.05777017515318289,-0.07365033182855164
487,-576460692892,0.998318501652332,3.2102209989885884,0.05715780369546289,-0.07509164209391164
488,-576460692874,0.9993429031281871,3.208853870673238,0.05651302141050289,-0.07660923621839164
489,-576460692856,1.0070339538740445,3.211910614310322,0.05972891975434248,-0.07109286588961539
490,-576460692838,1.0081175416794432,3.210668298335086,0.061200470949172484,-0.06755073382422538
491,-576460692821,1.009169439470417,3.2095488818067257,0.06259590317979248,-0.06419182570976538
492,-576460692803,1.0103110699451066,3.2084239328733193,0.06407599415054248,-0.06062913777501538
493,-576460692784,1.000257884311242,3.2132518165381057,0.060445291969096974,-0.05970612751194096
494,-576460692767,1.0013340384594323,3.212166652754173,0.05997703759955698,-0.06172438599254096
495,-576460692747,1.00242074596567,3.2110251407659014,0.059500451954376976,-0.06377855373274095
496,-576460692731,1.0034755854997737,3.2098721249514464,0.05903416250833698,-0.06578834304834096
497,-576460692713,1.0096739043668694,3.212066258252725,0.061126857262193954,-0.06308844497982573
498,-576460692694,1.010841676765704,3.2108806042593883,0.06191311732789395,-0.06183558761284573
499,-576460692678,1.0119004356148058,3.209838693761665,0.06261744596329395,-0.06071328297328573
500,-576460692660,1.012971550799417,3.2088155093873505,0.06332202312679396,-0.05959058231938573
501,-576460692642,1.0141149799580071,3.2077302053225747,0.06366922060823396,-0.06094518675834573
502,-576460692629,1.0017082370713128,3.2142786094177707,0.06016901073323709,-0.05767119216688332
503,-576460692623,1.002795189364002,3.2132275746009378,0.06051630461557709,-0.05902617271769332
504,-576460692605,1.0039465309899622,3.2120944342157305,0.06088201106981709,-0.060452990631853325
505,-576460692587,1.0050451632044,3.21097295832887,0.06122893862873709,-0.06419699123551333
506,-576460692570,1.0060748187080908,3.209849104886031,0.059651021889097086,-0.06774166136355332
507,-576460692557,1.0109490040090727,3.2130433649251327,0.06093616932402976,-0.06630561746133116
508,-576460692552,1.0120301389792823,3.2118169971650654,0.05927007597390976,-0.07004836964865116
509,-576460692533,1.0130876977337804,3.2105151126823173,0.05759370152739976,-0.07381421753826116
510,-576460692515,1.0141347747593037,3.209223157106425,0.05938507464545976,-0.07052223379594116
511,-576460692498,1.0152204062120176,3.207983009250071,0.061187054709699755,-0.06721075780266117
512,-576460692479,1.0065686949036676,3.211976234106597,0.06022892223699739,-0.061304070264701485
513,-576460692462,1.0076659247397866,3.210905450818883,0.062025098500497394,-0.058003259842701486
514,-576460692445,1.0087799302600582,3.209864292398751,0.061725792442817395,-0.057655307157061485
515,-576460692426,1.0098882399414277,3.2088296850557856,0.0614265695072374,-0.057307451103471484
516,-576460692406,1.0130993177323941,3.209082578834053,0.06165124436223828,-0.056335087740985786
517,-576460692389,1.0142013160545893,3.2080762691495246,0.061353368004678284,-0.05598879712660579
518,-576460692371,1.015314117841247,3.20705403154179,0.06234625256643828,-0.05764366260380579
519,-576460692353,1.016445480340787,3.206001367305016,0.06333974416077828,-0.05929953983735579
520,-576460692335,1.0127374798951632,3.207529245246333,0.06288392047047654,-0.05952735041175368
521,-576460692318,1.0138966654404977,3.2064252892320186,0.06389308454233654,-0.06120934935470368
522,-576460692299,1.0150935833121835,3.205264954824264,0.06383946672874653,-0.06261909179087367
523,-576460692283,1.0161754426613518,3.204192563748259,0.06379096436527654,-0.06389433662948367
524,-576460692265,1.0173235352368437,3.2030299534223516,0.06373945224032654,-0.06524871540133367
525,-576460692251,1.0179575224172013,3.203442757593087,0.06390807311048244,-0.06506237381457128
526,-576460692247,1.019109319948781,3.2023120224463546,0.06385648946078244,-0.06036581772537128
527,-576460692230,1.020182714708333,3.201322660619665,0.06232133580688244,-0.05593391504641128
528,-576460692212,1.0212422673315635,3.200398305093085,0.06076795592528244,-0.05144939426817128
529,-576460692194,1.022305383003211,3.1995271432033703,0.05916837887248244,-0.04683150484225128
530,-576460692176,1.0164473974912847,3.2023695381040844,0.058614245490363176,-0.04337306134814365
531,-576460692159,1.0175144542726406,3.201603894140231,0.06002671307712318,-0.04175524239362365
532,-576460692141,1.0185461322121736,3.2009071316274404,0.061361443121583176,-0.04022646284120365
533,-576460692123,1.0196651793808573,3.2001965057987243,0.06277713014191318,-0.03860495639629365
534,-576460692105,1.021154243135378,3.199701497207806,0.0622775893587556,-0.041449050877523444
535,-576460692088,1.022261724412022,3.1989349752014986,0.0616918824769256,-0.044354050516933446
536,-576460692069,1.0233822643118944,3.1980983427823553,0.0610935547214456,-0.047321647394893446
537,-576460692052,1.024460663632325,3.197233473389728,0.0605121422148056,-0.05020534771417345
538,-576460692030,1.015963443022018,3.2013691810570646,0.0575342377172568,-0.0473714718441462
539,-576460692015,1.0170050680756546,3.2005123531342403,0.057308656840256794,-0.0470968768685462
540,-576460691998,1.0179681541883223,3.1997215754899195,0.05709929192045679,-0.046842021245106204
541,-576460691979,1.0189952918910576,3.1988797537242544,0.05687515356725679,-0.0465691822241462
542,-576460691961,1.0200246002648101,3.1980595594391596,0.05758782933545679,-0.0446395233743462
543,-576460691945,1.0210087367251004,3.1973166194948983,0.058261077114256786,-0.0428166207411462
544,-576460691925,1.022063619647525,3.196563465277986,0.05897418876977679,-0.0408857816718662
545,-576460691909,1.0231322907291813,3.1958444351756166,0.05968793444321679,-0.0389532259197062
546,-576460691892,1.0241360485270565,3.1951868196616893,0.05842901047033679,-0.0384315133045062
547,-576460691880,1.0175834883484567,3.1988543300198593,0.05655956923384998,-0.03660211496672533
548,-576460691874,1.0185912177212895,3.1981993832611706,0.05522405504044998,-0.03604866248072533
549,-576460691856,1.01958057954241,3.197550652930996,0.05388068923836998,-0.03549195619752533
550,-576460691837,1.0205261114751327,3.1969242089486825,0.05109093804141998,-0.034054974950225324
551,-576460691820,1.0214148156465128,3.196328088968357,0.04832224741414998,-0.032628841854445326
552,-576460691801,1.0300648953237383,3.2008482011895296,0.04763375965203419,-0.02889812843922621
553,-576460691784,1.0308969470616398,3.2003411217159616,0.044847260454814186,-0.02746282227414621
554,-576460691766,1.0317081730548645,3.1998206876022994,0.04518392463198419,-0.03029580528948621
555,-576460691748,1.0325303824057694,3.199245621475764,0.04552260644031419,-0.033145766395146214
556,-576460691730,1.0193367161336837,3.2064848036994644,0.04184992805745189,-0.032067293445063594
557,-576460691711,1.0200857011694768,3.20588819497589,0.042182949289471895,-0.03486962157510359
558,-576460691694,1.0208407352419029,3.2052665581549067,0.041733035420271895,-0.03422032796455359
559,-576460691676,1.0215885813368761,3.2046558668184217,0.04128257150355189,-0.033570240552423594
560,-576460691657,1.0307747199944601,3.209557832769799,0.04309701619551015,-0.030446887124902944
561,-576460691639,1.0315471409310608,3.209015127516922,0.04264655227879015,-0.029796799712772947
562,-576460691620,1.0323100480802474,3.2084942934061047,0.04222936129818015,-0.028147697235232947
563,-576460691605,1.0330662916259405,3.208002575256978,0.04181170617897015,-0.026496760077292947
564,-576460691586,1.0338157223279678,3.207540146658149,0.041393656541950145,-0.024844263441012947
565,-576460691573,1.0190640004414675,3.215719186242116,0.03716849065515498,-0.020772478954022275
566,-576460691568,1.0197347376365038,3.2152955788750397,0.03675823645123498,-0.025916308335322276
567,-576460691550,1.0203939955934465,3.214782077508986,0.03635049179303498,-0.031028672652072275
570,-576460691484,1.022303872536434,3.2128517411232083,0.033624983315234974,-0.029632532043322276
571,-576460691477,1.0228913486310705,3.212422517276142,0.031711845315874974,-0.018104091108122278
572,-576460691460,1.0234460595330583,3.2122002486912793,0.029792856090914973,-0.006540391080922281
573,-576460691442,1.0239645946040488,3.2121862858274106,0.027879824477474974,0.004987408779877718
574,-576460691423,1.0244855203290169,3.2124282656046317,0.030004027399644972,0.021900726918887718
575,-576460691406,1.0250445831982211,3.21297455175713,0.03212787626832497,0.038811226014927716
576,-576460691388,1.0256420381117672,3.2138254378717326,0.034252315226154975,0.055726423515917715
577,-576460691370,1.0262784626096804,3.214982267476907,0.03637911454058498,0.07266041463670772
578,-576460691352,1.0269435962254656,3.2164046981939127,0.03763976101974498,0.08563367806370772
579,-576460691331,1.027632319809756,3.2180626511757198,0.03890209097962498,0.09862426612470773
580,-576460691316,1.0283442422621059,3.219955722210497,0.04016526267986498,0.11162351650270773
581,-576460691302,1.03033681243689,3.2213396216930357,0.04069641259552881,0.11223975985988131
582,-576460691297,1.0311233358995338,3.2236043622228845,0.04203022034097881,0.12596592300613133
583,-576460691279,1.0318911360231657,3.2259701461970725,0.04527435907023881,0.14304129448072134
584,-576460691260,1.0327168706657466,3.2286391511373838,0.04852181774361881,0.16013414032489134
585,-576460691244,1.033607861564593,3.2316367690369896,0.05179804926603881,0.17737843070542134
586,-576460691225,1.0265999502595546,3.239660447738163,0.0509674646083939,0.19212109864451077
587,-576460691208,1.027477479784207,3.2430242800935924,0.0523320674283939,0.20385681253021076
588,-576460691191,1.0284338667636426,3.24681122677085,0.053779879696393904,0.21630813557339076
589,-576460691171,1.0294722282509543,3.2510542498211175,0.055308893462393906,0.22945779921330076
590,-576460691153,1.0217129294795173,3.249268481121391,0.05178056794607155,0.23639218953873015
591,-576460691137,1.0225759197631281,3.253326490640699,0.05066367274847155,0.24532783886913015
592,-576460691119,1.023486574134545,3.2578770021439296,0.04945774679052155,0.2549757731621802
593,-576460691103,1.0243106712307564,3.2622494274438676,0.04834052013067155,0.26391407433533015
594,-576460691084,1.0251690043205088,3.267078475715476,0.047290151113551546,0.27411146982471013
595,-576460691072,1.0280317654970668,3.2654336066084464,0.04810622406903306,0.2733128969184672
596,-576460691066,1.0288975607908741,3.2705017011660007,0.04704134379815306,0.2836511733660872
597,-576460691047,1.029736665331296,3.2757112048747734,0.04598576711335306,0.29389912694128717
598,-576460691030,1.0305456277263747,3.281030474665797,0.04494464316919306,0.30400676762662715
599,-576460691014,1.0313294462247586,3.2862259326130108,0.04740510627219306,0.30812377107312716
600,-576460691000,1.0149654204059564,3.2751144951343396,0.04304900959096121,0.303242902398035
601,-576460690995,1.0157646970657954,3.2806183099971413,0.04566094155656121,0.30761335318483496
602,-576460690979,1.016514017176028,3.2855724138931057,0.04798066182168121,0.31149485675819494
603,-576460690960,1.017400695084795,3.291215768981544,0.05058839034516121,0.31585827407813494
604,-576460690943,1.0182938591702533,3.2969580990665626,0.04857493656262121,0.32168253695979493
605,-576460690924,1.0342586411361778,3.294248627847964,0.050855021204213154,0.32336745583750487
606,-576460690907,1.035156608309931,3.3001262283331956,0.04884156742167316,0.32919171871916486
607,-576460690889,1.036017181220328,3.306100706799535,0.04683079615777316,0.3350082219522649
608,-576460690871,1.036834079271908,3.312136215348756,0.043935654017773156,0.3356038390722649
609,-576460690852,1.0083040412043918,3.2984873140069735,0.03324081216581903,0.32756794111725956
610,-576460690834,1.0089061923771618,3.3047128110506927,0.030186919731809026,0.32819621790933956
611,-576460690816,1.0094357372582328,3.3105908892016815,0.028671019700309025,0.32514135583623954
612,-576460690799,1.0098844825800202,3.3157807704419784,0.027320660602559027,0.3224200940728895
613,-576460690782,1.0344103124277253,3.308316114773164,0.032612762654987706,0.31297383472044343
614,-576460690763,1.0349863995702633,3.313949103091333,0.031089027861737707,0.30990318393039346
615,-576460690746,1.0354969726085843,3.319517636395239,0.025913655885157705,0.31179306524969347
616,-576460690728,1.0359372058697103,3.3254610607222777,0.020424248554187705,0.3137976222971435
617,-576460690708,1.0362575835356074,3.331117037660708,0.015232698123287706,0.3156934114736435
618,-576460690696,1.0010377115545066,3.307695481118178,0.005849105225689204,0.3054263246187611
619,-576460690692,1.0010954503725524,3.312919563040226,9.221880833092033e-4,0.3072254781310611
620,-576460690659,1.0011195838326166,3.318246685516088,0.0019127067908892034,0.3185377634832011
621,-576460690654,1.001163191730855,3.3240605710880544,0.0029550610539992037,0.3304420402748311
622,-576460690640,1.0012224344909757,3.329826045070111,0.003952910042159204,0.3418380415881111
623,-576460690621,1.0402687602712473,3.3150193180960095,0.016001038287535147,0.3436327490316233
624,-576460690605,1.0405239395507258,3.3209392236370467,0.014299891413645146,0.35931868967137326
625,-576460690587,1.040765000522484,3.3275585833437904,0.012481685273185146,0.37608401077787323
626,-576460690569,1.0409733301473016,3.3344797523610934,0.010663479132725145,0.3928493318843732
627,-576460690550,0.991771924401135,3.3091944415474166,-0.00432437118071018,0.3953403828531507
628,-576460690533,0.9917361760971677,3.316317092665204,3.4990856828982005e-4,0.39654922944184073
629,-576460690515,0.991779666800253,3.323067742159978,0.00476694572728982,0.39769154881263075
630,-576460690499,0.9919078778615906,3.330250240084657,0.009452658480289821,0.39890335216656075
631,-576460690480,0.9921138995931122,3.337512906682495,0.01339422053513982,0.40649355360976075
632,-576460690467,1.0423094968026096,3.3110680787854685,0.027532064028985403,0.3937033724869372
633,-576460690462,1.0428436268605858,3.3182630487211555,0.031487831879985405,0.4013209297989372
634,-576460690443,1.0434462027018592,3.3255595025856515,0.0354241487177954,0.4089010306136572
635,-576460690423,1.0441132233684172,3.3329241844000856,0.0393246232391654,0.4164121104670972
636,-576460690408,1.0447973412256681,3.34037880459821,0.0366209648215654,0.4111434177438972
637,-576460690389,0.9825490552144733,3.3065876228675095,0.017132705197911654,0.38775086279492504
638,-576460690361,0.9828326995813673,3.3135082875383417,0.014435949993411653,0.38249562255092506
639,-576460690353,0.98306974789225,3.320394493066123,0.011715333682761654,0.37719388352012506
640,-576460690336,0.9832741880529536,3.3271706220817934,0.010962443433561654,0.3744565896546251
641,-576460690317,1.0416710900807284,3.303651421892601,0.026582418978381782,0.35711710924636286
642,-576460690300,1.0421439712275453,3.310070882348267,0.025828902364581782,0.35437753809811284
643,-576460690281,1.0426018007244564,3.31642051198512,0.025077807693901784,0.35164677244316284
644,-576460690264,1.0430089912931744,3.322713352594222,0.02024112037710178,0.34872502601006283
645,-576460690245,1.0433403488584583,3.329204008381387,0.015209565969741781,0.34568556425044283
646,-576460690233,0.9750267956514198,3.284979615844836,-0.0030504142101238224,0.32613656095530813
647,-576460690224,0.974925856813236,3.290922628953288,-0.007977537082763823,0.32316018420492815
648,-576460690209,0.9747483002681718,3.296470388903941,-0.012618280695243823,0.32035680345926815
649,-576460690193,0.9744951221429775,3.3021032993599317,-0.015899192293523823,0.31412286042798815
650,-576460690174,0.9741792526174856,3.307696632896138,-0.019222787524333824,0.30780781574992816
651,-576460690161,1.0361859681922267,3.276410925382983,-0.001815304440714153,0.29258665797271616
652,-576460690155,1.03611724372725,3.281953871605529,-0.005356567719664154,0.28585803000501614
653,-576460690138,1.0360140717946953,3.286729572865068,-0.006797034890144153,0.2767172155526361
654,-576460690119,1.035878097105403,3.2916195248689264,-0.008323023965904152,0.26703370225657613
655,-576460690102,1.0357156014089826,3.296311115906265,-0.009841037784624153,0.25740079778125613
656,-576460690090,0.9671113475312325,3.2521869459660957,-0.02820770273738748,0.2378076200448889
657,-576460690082,0.9665901021663615,3.256378438720101,-0.02973420087210748,0.2281208763985689
658,-576460690066,0.9660973646224656,3.2605452374641377,-0.02463383883834748,0.2316384465669489
659,-576460690047,0.965702360535969,3.2647123106340925,-0.01960945041978748,0.2351036199602289
660,-576460690029,0.9653943494423343,3.268985873697594,-0.01453244323810748,0.2386050829718189
661,-576460690010,1.0338396756191943,3.239499557835164,0.010066245565251927,0.22565726066311764
662,-576460689994,1.0339947173031414,3.2432954389269555,0.008187911607521928,0.22125874472823764
663,-576460689976,1.0341181607647083,3.247027228268921,0.006304159485081928,0.21684754101559764
664,-576460689959,1.0342136275888087,3.2508838684897166,0.004316245910461928,0.21219242124887763
665,-576460689940,0.9603682158080606,3.207385752871167,-0.017500072338617903,0.18642969739818854
666,-576460689923,0.9600652916085581,3.2106948529444344,-0.016229378669337904,0.18202593930896854
667,-576460689905,0.9597992840270951,3.2137577795480925,-0.015025183833657904,0.17785264178114854
668,-576460689889,0.9595400573849592,3.2169223578661486,-0.013750599275177904,0.17343539929737853
669,-576460689870,0.9593038947431949,3.2200059985732743,-0.012476580664217904,0.16902011818008852
670,-576460689856,1.0366036882692349,3.182699309806946,0.009193224899795367,0.1507248222167836
671,-576460689851,1.03675557790221,3.1854795439882135,0.006810318770515367,0.1422089235705636
672,-576460689833,1.036857717710932,3.1879634071833434,0.004553700891475367,0.13414434691560362
673,-576460689815,1.036917007746968,3.1901799196280054,0.0024187264661953674,0.1265144929341336
674,-576460689796,1.0369089447850994,3.1925161265776114,-0.0032669682071446333,0.11925973773294361
675,-576460689785,0.9625624951823921,3.145708490415654,-0.023253174338630375,0.09828546917061415
676,-576460689777,0.9620934541203275,3.147422297928818,-0.028657739508370375,0.09138942576202415
677,-576460689761,0.9615319211764896,3.1489986396390885,-0.03401684543923038,0.08455138681351415
678,-576460689743,0.9608714831721439,3.1504581225870396,-0.03939778376771038,0.07768549045983415
679,-576460689726,0.9602074378208912,3.151782709311566,-0.03873439075313038,0.07816657737471415
680,-576460689707,1.0382883299091583,3.115655613589247,-0.015940412914496913,0.060195585704051605
681,-576460689690,1.0380074811640867,3.116744690430771,-0.015237289691136913,0.0607054846250116
682,-576460689671,1.037754392802229,3.1177794884763657,-0.014574638203046913,0.0611860337912516
683,-576460689655,1.0376043235747099,3.119137644526924,-0.0020969418135269105,0.08969504720170161
684,-576460689635,0.9617631695955825,3.073581702060204,-0.010089420081623801,0.09683403960426305
685,-576460689620,0.9616938764591214,3.075583133390067,0.0023965933859761996,0.12536205585651305
686,-576460689602,0.9618491321417654,3.078094496326086,0.014864586517736202,0.15384889928486306
687,-576460689585,0.9619501742831983,3.0806064459723213,-0.0022366865698637984,0.16008594371146306
688,-576460689567,0.9617308943132856,3.08359676437488,-0.021763747941463796,0.16720770293206305
689,-576460689554,1.0411829707655298,3.046372917704536,5.380644660883498e-4,0.14881958821483035
690,-576460689549,1.0410239392344913,3.0490778865918857,-0.01844399601351165,0.15574257891343035
691,-576460689531,1.0405192814507662,3.0519424381815266,-0.03766649806311165,0.16275326160703035
692,-576460689511,1.0398899360160652,3.0550170421184837,-0.031488541187581646,0.17509673970685036
693,-576460689495,1.039383237855934,3.0582410135307394,-0.025447034983111648,0.18716759112703035
694,-576460689482,0.9568637795734303,3.0071532331531734,-0.04774263930691805,0.16409413892190927
695,-576460689476,0.956056070103319,3.010230898411065,-0.04160575340451805,0.17635555774750927
696,-576460689459,0.9553215024620269,3.0133892444614165,-0.03977776546231805,0.17356091138070928
697,-576460689441,0.9546206547231182,3.0164938969685755,-0.03795170150476805,0.1707692064210093
698,-576460689422,0.9539599274024729,3.0195147760720724,-0.03614578875486805,0.1680083088304093
699,-576460689403,1.0316285778365424,2.9863323743398795,-0.01219293066367096,0.1470551528883867
700,-576460689385,1.0314112962780009,2.9888552968865763,-0.01194276037122096,0.1331917281664867
701,-576460689366,1.0311985307281717,2.9911284891424663,-0.01169260397326096,0.11932907342096669
702,-576460689350,1.0309884955816648,2.9931684362078714,-0.011440293929350961,0.10534707233654668
703,-576460689331,0.9522743334061267,2.9458578973009173,-0.032466551987882286,0.06924828690241608
704,-576460689314,0.9517090999603209,2.9470347572428546,-0.030498073812022287,0.061848955153616075
705,-576460689295,0.9511802071746863,2.9480768635933265,-0.028533433039312286,0.05446404785681608
706,-576460689278,0.9506826674647707,2.9489934619328415,-0.026552894453552287,0.04701938211601608
707,-576460689260,0.9502232636552532,2.94977177875856,-0.024582881316432287,0.03961428058641608
708,-576460689247,1.0365868630870154,2.91032261673344,-2.427534535550703e-4,0.020011773307853118
709,-576460689242,1.0366390722706564,2.9106664017620996,0.0060261025137449305,0.01807020161980312
710,-576460689224,1.0368026253111144,2.9109727112096557,0.012242877152044931,0.01614476040825312
711,-576460689205,1.0370793558972409,2.911245981235068,0.01849471988520493,0.01420845800919312
712,-576460689187,1.0374534641325686,2.911505566684793,0.02308441157660493,0.01464238386074312
713,-576460689169,0.9519294198199623,2.858369775053811,0.004548578843554484,-0.009179391641079358
714,-576460689150,0.9520522840834121,2.8582087672701055,0.009130363869634485,-0.008746213313919358
715,-576460689132,0.9522580179455479,2.8580552002877018,0.013722606098234485,-0.00831204632546936
716,-576460689115,0.9525189851805299,2.8578625042802854,0.015265701036684485,-0.013092675409219361
717,-576460689096,1.0320132381865141,2.821653040265222,0.039208500438085284,-0.03575945755552698
718,-576460689079,1.0327335679744003,2.8209656671184513,0.040752623820815286,-0.04054327284027698
719,-576460689059,1.0334802378996146,2.8201936902571507,0.04229374757439529,-0.045317795038776976
720,-576460689043,1.0342769952199689,2.8192991070809574,0.04616604151789529,-0.05400308607515698
721,-576460689024,0.9568185208394959,2.7698437925511166,0.028650437050852393,-0.08470486784772022
722,-576460689007,0.9573699303777462,2.7682384765325367,0.032525525477602395,-0.09339642671931021
723,-576460688988,0.9579901770021406,2.766479336056776,0.03639459501735239,-0.10207448563814021
724,-576460688970,0.9587128959994582,2.764607526487614,0.03966107426100239,-0.09490626355019022
725,-576460688952,1.0345379837156248,2.7291890041238784,0.0640709591710719,-0.10496031328868186
726,-576460688936,1.0355993557900773,2.7275368550104995,0.06685756416856191,-0.09884516544801186
727,-576460688917,1.0368841286129793,2.725748523768268,0.0700826216022819,-0.09176784267725187
728,-576460688899,1.0382155515990794,2.7241671954628246,0.0778614848592019,-0.08394506420020187
729,-576460688881,0.9654956558003417,2.6773638605692573,0.06499500477021194,-0.09714765733574067
730,-576460688864,0.966714783770729,2.675711176221375,0.07265069584933194,-0.08944874639944067
731,-576460688846,0.9680557350657713,2.674118779306814,0.07625289584933194,-0.08737618442733067
732,-576460688828,0.9694607670440551,2.6725645643479115,0.07985309584933194,-0.08530477317532066
733,-576460688810,0.9709334437501979,2.6710448069951624,0.08346009584933194,-0.08322944947497066
734,-576460688798,1.039569113535966,2.640191029883881,0.10304114259402691,-0.09863713775640864
735,-576460688792,1.0414539080459215,2.6384363275462475,0.10663674259402692,-0.09656837316062865
736,-576460688774,1.0433198197055982,2.636711961985413,0.10085968884067692,-0.09518759690717865
737,-576460688757,1.0449883050281452,2.6351045850007733,0.09539806832534692,-0.09388221249586864
738,-576460688738,1.0466528957072214,2.6334276975296778,0.08961812363600692,-0.09250074527848864
739,-576460688720,0.9781666116217888,2.5889242200236633,0.06451169483151147,-0.11067970778371922
740,-576460688704,0.9792488268163007,2.587058944393419,0.061974419534071463,-0.10732819663939921
741,-576460688685,0.9803352450601862,2.585167693508228,0.05931822799139146,-0.10381960789235921
742,-576460688668,0.9813790093248019,2.5833305691644077,0.056649136556771465,-0.1002939795549992
743,-576460688648,1.0429040364640882,2.55405974517176,0.07136012253410196,-0.1104991361884689
744,-576460688632,1.0441243683065757,2.5520743824988745,0.06434539233800195,-0.1102806995508189
745,-576460688614,1.0452251306735443,2.550080291328994,0.05728580843200194,-0.1100608661818189
746,-576460688595,1.0461956530185788,2.548095561368281,0.050245336106741936,-0.1098416279418289
747,-576460688577,0.9857759905834703,2.5085316742696344,0.02628378626157461,-0.12680518746422054
748,-576460688559,0.9862341505565408,2.506200898664436,0.02454945162487461,-0.13179634423426054
749,-576460688541,0.9866605226403112,2.5037832985065873,0.02281732988602461,-0.13678113261388053
750,-576460688524,0.9870549311178578,2.501281202353088,0.02108876802632461,-0.14175567619152052
751,-576460688505,1.050486277682679,2.4699617976857717,0.03650051829779653,-0.15796708707524976
752,-576460688487,1.051113450814348,2.467123798451883,0.03372377144231653,-0.15980239382150976
753,-576460688470,1.0517015695908056,2.464197892539107,0.03089401424769653,-0.16167273805519977
754,-576460688453,1.0522271370390515,2.461302205246827,0.02812535108029653,-0.16350270184149976
755,-576460688433,0.9912394722184819,2.4205930443009533,0.00810758729197552,-0.1793250516247102
756,-576460688415,0.9913582148359624,2.4174508643965917,0.0053943306658955185,-0.1779641523506902
757,-576460688398,0.9914303202575577,2.414260220518931,0.002617827964615517,-0.17657153048287022
758,-576460688379,0.991452532928401,2.4112689837565378,-5.187310264484057e-6,-0.17525589393415023
759,-576460688362,0.9914309718198995,2.408111475419006,-0.0023814751317844836,-0.17425798004547022
760,-576460688343,1.0500031386625561,2.3781182719437917,0.012346441348447985,-0.18667501023476032
761,-576460688327,1.0502040884640786,2.3747666978215927,0.009978833790167986,-0.1856807415927403
762,-576460688307,1.0503623328628917,2.371435054078031,0.007612672942427986,-0.1846870804918303
763,-576460688292,1.0504991102977344,2.3682257533986344,0.008489208844907987,-0.1931221701287203
764,-576460688273,0.9970271887211201,2.3313949545341277,-0.0057038139913333785,-0.21728042673286824
765,-576460688257,0.9969376696091895,2.327628991151775,-0.004826607362693379,-0.22572197090888824
766,-576460688239,0.9968590593182268,2.323480164898893,-0.003896722933333379,-0.23467044465811823
767,-576460688219,0.9967860186119508,2.3191874423237477,-0.004217558717053379,-0.24221924874247824
768,-576460688202,1.048010868436295,2.2911827502350812,0.010532953888805435,-0.26151243028939947
769,-576460688185,1.048197594989721,2.286407060453641,0.010212135926325435,-0.26906081506563945
770,-576460688167,1.0483785956345535,2.281553088441485,0.009891228857645436,-0.27005975050951947
771,-576460688148,1.0485537315721822,2.276683568124718,0.009570482180125435,-0.2710581866798395
772,-576460688131,0.9960811550998753,2.238839904128858,-0.005728687860130579,-0.2871118172747053
773,-576460688113,0.9959707853774075,2.2334551625020564,-0.006062319294170579,-0.28815036175434533
774,-576460688094,0.9958841393009603,2.228308603632439,-0.0035741236182605797,-0.28423009418935535
775,-576460688078,0.9958433422589654,2.22350117978395,-0.0012184804340105797,-0.28051866921610535
776,-576460688060,0.9958426545919402,2.218755835718398,0.0011377162053194199,-0.27680637224873533
777,-576460688047,1.043252647338797,2.197038405441676,0.015193207542538372,-0.28761516091649075
778,-576460688043,1.0435483985396872,2.191898917843514,0.017682648492378373,-0.2836929313647307
779,-576460688024,1.043891916065839,2.186722399821625,0.020515675331918372,-0.2919234393556907
780,-576460688005,1.0442868787702042,2.1813915445492147,0.023352009942148373,-0.3001635570802107
781,-576460687987,1.044732679663174,2.1759150850914786,0.026186926936368374,-0.3083995563474907
782,-576460687968,1.002360322740835,2.142815751912195,0.016845837049023163,-0.3295097019783771
783,-576460687951,1.002691251941113,2.136787139497093,0.019938379065913163,-0.3405967188633071
784,-576460687932,1.0030782859026977,2.130552004589228,0.023034358577403165,-0.3516960594484371
785,-576460687915,1.0035204867909073,2.124125281390623,0.026126384970103163,-0.3627812277783371
786,-576460687896,1.0403201626446226,2.100643109608811,0.03663678583930161,-0.383298052231132
787,-576460687879,1.0409802886119741,2.0935893372273786,0.036248934305501614,-0.395521908178792
788,-576460687860,1.0416299462740313,2.0863532824030533,0.03586313829490161,-0.40768098052421203
789,-576460687842,1.0423014532066661,2.0785570128179893,0.035459955983901614,-0.420388014171912
790,-576460687823,1.0206507656274122,2.0567450203992883,0.029284888027904105,-0.4276915566430344
791,-576460687807,1.0211504573931098,2.0494763733077552,0.029571621477104106,-0.4284506213938344
792,-576460687789,1.0216855419503699,2.0417561616514894,0.029875612970184106,-0.4292553730807544
793,-576460687771,1.022230414818583,2.0339599638004433,0.030182019238484105,-0.4300665173624544
794,-576460687752,1.0505147785307312,2.013031271052202,0.04155585566637749,-0.4452577933810056
795,-576460687735,1.0512824321712633,2.0050100493285363,0.04449432262439749,-0.45388150979858555
796,-576460687716,1.0521099629169934,1.9967623439791338,0.04745864651058749,-0.46258111028059556
797,-576460687699,1.052991453615854,1.988352399117326,0.05042494672249749,-0.47128651081848555
798,-576460687680,1.0425111879596904,1.9723615496283124,0.04891335226358975,-0.4867562654655154
799,-576460687663,1.0433936278396672,1.9636336844250644,0.05070731605618975,-0.49855251792215544
800,-576460687644,1.0443243399760973,1.9545365544741724,0.05253307622668975,-0.5105578482333555
801,-576460687623,1.0452866116291362,1.945236032289154,0.05435630483843975,-0.5225465322185555
802,-576460687609,1.0462330645931828,1.9358126155751882,0.05078177159419975,-0.5242671440717955
803,-576460687596,1.066075615858359,1.9261897147480345,0.05687508174106885,-0.5290094080376128
804,-576460687590,1.0670748770128478,1.9165756372784681,0.05327275274842885,-0.5307433994542528
805,-576460687572,1.0680015235121751,1.9070078389491385,0.04969941075054885,-0.5324634378976327
806,-576460687555,1.0689088461859584,1.8974532834206284,0.05195569807061885,-0.5380150258870428
807,-576460687536,1.0698650671480727,1.887713195472169,0.05423208228631885,-0.5436160622261428
808,-576460687522,1.071070922234,1.8884786165491014,0.054591740907749826,-0.5432673742780167
809,-576460687519,1.0720752438846344,1.8786378962347887,0.05686951547471983,-0.5488718315721267
810,-576460687500,1.0731232159138528,1.8686717807378248,0.05915285144676983,-0.5544899726862768
811,-576460687483,1.0741257708110403,1.859148996808255,0.05898241010833983,-0.5676197226615968
812,-576460687466,1.0751820052747345,1.8488443226932822,0.05880230845248983,-0.5814936439369968
813,-576460687447,1.0857188896841419,1.8334984756104677,0.06157628501637841,-0.5977429224839271
814,-576460687430,1.08682766207206,1.822593599741325,0.06139519925334841,-0.6116926533096472
815,-576460687411,1.087918971122404,1.8115066816680967,0.060009745717608406,-0.6216946059214272
816,-576460687393,1.0889864863367238,1.8002279461557817,0.05862282796909841,-0.6317071290693972
817,-576460687374,1.1101171091721493,1.8007628865084422,0.06323195054593281,-0.6365310147922897
818,-576460687357,1.1112427380966758,1.7892158470574897,0.06184487866976281,-0.6465446506282797
819,-576460687339,1.1123556060191075,1.7775350844797406,0.06179337512778281,-0.6511736670862998
820,-576460687319,1.1134671763234956,1.7657749251591872,0.06174188875174281,-0.6558011407102597
821,-576460687302,1.1107774875603855,1.7559297464713512,0.060489146803412316,-0.6594547974097578
822,-576460687283,1.1119282029738733,1.7434392009695237,0.060696195041452315,-0.6559625583721977
823,-576460687267,1.112961248403135,1.7323183264827822,0.060881471106812315,-0.6528375459871577
824,-576460687251,1.1139990301529632,1.721233665992793,0.061067030635612314,-0.6497077524839577
825,-576460687231,1.1330576377220205,1.7208131472555641,0.06679296284927275,-0.6412931224588583
826,-576460687213,1.1342675321008961,1.7092300255347679,0.06762481060653275,-0.6455774164586383
827,-576460687196,1.1354902792688921,1.6975899235520575,0.06845522589626275,-0.6498543327718284
828,-576460687177,1.1367359872753289,1.685797080280193,0.06929100138707275,-0.6541588559122583
829,-576460687160,1.1379858026185965,1.6740297569156923,0.07011952212297276,-0.6584260146399583
830,-576460687141,1.1315093965964749,1.6664108840140475,0.06662689581786875,-0.6535231090255877
831,-576460687125,1.1326328281137101,1.6553350817266606,0.06567381868902875,-0.6508167940995377
832,-576460687107,1.1337442155345936,1.6442637620413532,0.06471714991346875,-0.6481002804950877
833,-576460687089,1.1349004151182613,1.6326199010085969,0.06370666255658874,-0.6452309460689877
834,-576460687070,1.1698999401758343,1.641506922954223,0.07460184941240597,-0.6320690489990082
835,-576460687054,1.1711681178621098,1.6308087661310253,0.07486808827108597,-0.6288369352307782
836,-576460687035,1.1725190366914462,1.6195143036324833,0.07515066012828597,-0.6254065404540782
837,-576460687019,1.1737988650781672,1.6089099156010789,0.07541738536828597,-0.6221685220640781
838,-576460687000,1.1576125571085187,1.6078554505892197,0.07056926227318946,-0.6128890128838336
839,-576460686983,1.1588183294577736,1.597479729105853,0.07139486903367946,-0.6087182730839036
840,-576460686966,1.1601118888273543,1.586557740920851,0.07227009871183947,-0.6042968518607836
841,-576460686948,1.1613472842446773,1.576321973227938,0.07309619149502947,-0.6001236568069537
842,-576460686931,1.1625900183030557,1.5661387054268447,0.07315943500590946,-0.5983308331416537
843,-576460686914,1.200888870502098,1.5784613369794238,0.08504164560418395,-0.5860087399156458
844,-576460686895,1.2024204783351289,1.5679285179189595,0.08510864412874396,-0.5841094693232959
845,-576460686877,1.2039534626938904,1.5574020530285784,0.08517565009634395,-0.5851729400497959
846,-576460686859,1.205568074289301,1.5462766236510035,0.08483715346378395,-0.5862948263579959
847,-576460686840,1.1785519837890495,1.5531652754057403,0.07504928615621856,-0.5790513439062531
848,-576460686824,1.1798256202159276,1.5433099673454758,0.07474623597001856,-0.5800557493327532
849,-576460686805,1.1811007086744283,1.5334615113908538,0.07517598137281856,-0.5779049743147532
850,-576460686788,1.182457137215905,1.523086037351679,0.07563046050573856,-0.5756304127745532
851,-576460686770,1.1838638202171459,1.5124344339478386,0.07609891078549856,-0.5732859289189531
852,-576460686759,1.2181338434334632,1.5341312703217793,0.08724219192794572,-0.5635179680154596
853,-576460686752,1.2196631351231673,1.5242974868749062,0.08768393786374572,-0.5613071331424596
854,-576460686736,1.2211569363393073,1.5148001488896483,0.08830583783606571,-0.5576063900971796
855,-576460686719,1.2226636070629426,1.5053512332451873,0.08892869029420572,-0.5538999790901196
856,-576460686700,1.2242737521714773,1.4953949004849965,0.08958953228293572,-0.5499675036074496
857,-576460686683,1.2258890495336094,1.4855504588902677,0.09024762671641572,-0.5460513780145296
858,-576460686664,1.227509304868733,1.4757486371984752,0.08998099788021571,-0.5442513685697297
859,-576460686647,1.22903827467527,1.4665021493034256,0.08972866438317571,-0.5425478668615696
860,-576460686630,1.2305611612454377,1.4572954651007677,0.08947662746993572,-0.5408463673886096
861,-576460686613,1.271890588263192,1.4715057839560177,0.10238690468487163,-0.5283045787560433
862,-576460686594,1.2737472599886754,1.4619632749049278,0.10354385457463164,-0.5300926096966833
863,-576460686577,1.2756183025080117,1.4524215004890528,0.10469682648673163,-0.5318744927935832
864,-576460686558,1.2776197587555844,1.4422947844151484,0.10591626912231164,-0.5337591043762032
865,-576460686539,1.2390229017357142,1.4606684464056496,0.093290981037735,-0.5225310833161245
866,-576460686522,1.240603300055823,1.4518223706035052,0.093120710411775,-0.5208843215133645
867,-576460686507,1.2421853658266924,1.4429787747706546,0.092949947732225,-0.5192328008448145
868,-576460686487,1.2438591573231481,1.433635380662666,0.092768942304475,-0.5174822180720645
869,-576460686469,1.2455275566715645,1.4243354026624564,0.09258816784065499,-0.5157338690526445
870,-576460686457,1.2924160972951835,1.453504656239997,0.10841918346135222,-0.5026679800435111
871,-576460686451,1.2943683695891899,1.4444938751732093,0.10857229080855223,-0.4988637601796311
872,-576460686433,1.2963213311157726,1.4355609534080789,0.10872523648855223,-0.49506355722013107
873,-576460686416,1.298280852582541,1.4266791462032387,0.10887847997655223,-0.49125595469993105
874,-576460686394,1.3001350866284713,1.4183414535938268,0.10931804225579222,-0.48987991367049105
875,-576460686380,1.2603956817357242,1.440201728150091,0.09544809150665635,-0.474372849811136
876,-576460686361,1.2621194717598532,1.4316685661631772,0.09591403372969635,-0.47291422688889595
877,-576460686345,1.263848668432245,1.4231762978894558,0.09637917420934636,-0.47145811380849595
878,-576460686326,1.265674053008148,1.4142454926879948,0.09584750817302636,-0.46902263613473594
879,-576460686307,1.2911230468862558,1.420949986872599,0.10351708216848388,-0.4599568453444266
880,-576460686289,1.292989442202413,1.4126576724115407,0.10301111481694387,-0.4576390892642066
881,-576460686272,1.2948391072070982,1.404440943203645,0.10250721903694388,-0.4553308227242066
882,-576460686254,1.2965696830063185,1.3967354491903718,0.10218564266040388,-0.4560765950146566
883,-576460686237,1.2581320713224247,1.4194405184036611,0.08791256376998093,-0.44302707829064264
884,-576460686220,1.2597122046759424,1.4114548915858207,0.08757006752744093,-0.44382136613609263
885,-576460686202,1.2611959665392831,1.403914669446799,0.08724723595894092,-0.4445700493598426
886,-576460686184,1.2627866680097428,1.395883789891466,0.08909570184491092,-0.44572201375562265
887,-576460686168,1.2643125577062897,1.3883147144040475,0.09083351182728092,-0.44680501736500267
888,-576460686155,1.3020228098639375,1.4132806607249466,0.10404660618795283,-0.43566567606070683
889,-576460686149,1.3039173300407134,1.4054073672432557,0.10589578928811283,-0.4368180874245468
890,-576460686133,1.3056184330483889,1.398435937147081,0.10752909091708283,-0.43783596140232683
891,-576460686115,1.3075363777979796,1.3905841015413698,0.10509157862348284,-0.4326075401453968
892,-576460686098,1.309507705257308,1.3824211396002954,0.10252584731948285,-0.42710409135269684
893,-576460686078,1.2612910681282399,1.4146065422145155,0.0825109264984198,-0.4040615435984871
894,-576460686061,1.26273436509705,1.407616904975768,0.08487637055116981,-0.4065661442817871
895,-576460686043,1.2642643623184329,1.4003688845946805,0.0873139644196198,-0.40914713927992713
896,-576460686026,1.2658566186526559,1.3929881194821148,0.0897805005145198,-0.4117587791458071
897,-576460686007,1.317087281386602,1.4202018717452505,0.10985107956066957,-0.3989917468537012
898,-576460685992,1.3189546840187942,1.4134608686807615,0.10964967062356958,-0.3933682959895512
899,-576460685973,1.3209252566699994,1.4064380419220979,0.10943673231210957,-0.3874229385052612
900,-576460685955,1.3228946201415666,1.3995130108324585,0.10922350990928957,-0.3814696490303312
901,-576460685937,1.3248564364813744,1.3927079840933847,0.10901068996922957,-0.3755275965421412
902,-576460685925,1.2817931029201048,1.4290549559822023,0.09371203023214955,-0.35938682594855803
903,-576460685920,1.2834700990160575,1.4226167708347672,0.09191959429214955,-0.35327480206063805
904,-576460685901,1.2850126218743574,1.4166822227392066,0.09023945841214955,-0.34754570993279804
905,-576460685883,1.2865325346506125,1.4108221433879198,0.08855277500214954,-0.341794291394918
906,-576460685867,1.2881103266235165,1.404724983036531,0.08676718420714954,-0.335705608753858
907,-576460685849,1.3355977314435927,1.4309857320492396,0.10652172649007503,-0.3294435379921798
908,-576460685831,1.3375556942064841,1.424943381078009,0.10962473957951503,-0.3375930542946898
909,-576460685813,1.3395412469333705,1.4188411894223372,0.11268424848367503,-0.34562831453157977
910,-576460685795,1.3415996255486167,1.4125399331879218,0.11577064777007504,-0.3537341976121798
911,-576460685777,1.305258381599108,1.4404610032162888,0.09848197850656844,-0.33333102712303664
912,-576460685759,1.3069936865409697,1.4345298990955384,0.09502846942896843,-0.32806893058538666
913,-576460685742,1.3085903371059924,1.428963462769127,0.09173613052688843,-0.32305240833276666
914,-576460685724,1.3102148947529038,1.423179843974195,0.08826028484192844,-0.3177562776050767
915,-576460685706,1.3579731919885334,1.4506732519842633,0.10238022034970082,-0.30448120469101264
916,-576460685688,1.3597903850136719,1.4451776813205848,0.09945162561448082,-0.30590038732082264
917,-576460685671,1.3615539741195486,1.439659321308229,0.09652449460740081,-0.3073188606351626
918,-576460685652,1.3633273049496017,1.434119952086596,0.10051226428740082,-0.30816660843516264
919,-576460685633,1.3304203738953664,1.4612028047956143,0.09195691126944842,-0.29468206257132223
920,-576460685615,1.3321661166122494,1.455722733852927,0.09607073877988842,-0.29555660862122224
921,-576460685598,1.3338318312879252,1.450689984188531,0.09983807341368842,-0.29635749480672224
922,-576460685578,1.335483955922872,1.4453830033113177,0.08369054633156842,-0.29317603965376227
923,-576460685562,1.3368435364917979,1.44014113127087,0.06756723515875841,-0.2899993556232823
924,-576460685551,1.3690379474197334,1.4634709904748076,0.07958233920722425,-0.279692475545043
925,-576460685545,1.3703267197493185,1.4584582399119175,0.06341597752897425,-0.276507309519043
926,-576460685526,1.3713222972766994,1.453513288335682,0.04728369750086425,-0.273328858406163
927,-576460685508,1.3720997675445885,1.4485798907293126,0.03911148728512425,-0.274887344101843
928,-576460685490,1.3727301853120648,1.4436181670515191,0.03093882300725425,-0.276445916389683
929,-576460685472,1.3339148695336323,1.4769450869193312,0.008811202695785544,-0.2613426875479544
930,-576460685456,1.3339990469093022,1.472490011478607,0.001092600547915542,-0.2628146676757944
931,-576460685433,1.3339106987198912,1.4678630045693397,-0.01091179359163446,-0.2514400596670444
932,-576460685420,1.3336062397878514,1.4634397234744403,-0.02291885611554446,-0.2400629232652944
933,-576460685402,1.336288817471175,1.4616042779648069,-0.033722275518269916,-0.2276266926500663
934,-576460685386,1.3356184223104262,1.457822492371431,-0.04507358258570992,-0.2168709088280663
935,-576460685367,1.3347086297822262,1.4539785499469442,-0.05590788455451992,-0.20978344762752632
936,-576460685351,1.3336743534072033,1.4504784107752429,-0.06610183291897992,-0.2031148857098863
937,-576460685332,1.2971612625308604,1.4800262545978422,-0.08998295927470094,-0.18163293331037364
938,-576460685314,1.2953448821214857,1.476594162422615,-0.10139628520688095,-0.17998251029169365
939,-576460685297,1.2935423760414746,1.4735562894778318,-0.11070068249461094,-0.17747738790014367
940,-576460685279,1.2914505923924608,1.4703703638836758,-0.12060176114044094,-0.17481161460509367
941,-576460685260,1.2891685026654212,1.4672178501337887,-0.13054991739801095,-0.17213316610114368
942,-576460685248,1.291710013581765,1.4692070833800952,-0.12957953314324563,-0.17125706453066994
943,-576460685243,1.2893636980749124,1.4661482381152109,-0.13471959463514563,-0.17330449726986993
944,-576460685225,1.286893665545042,1.4630123559309,-0.13992681998320564,-0.17537868328394993
945,-576460685206,1.2843250359279645,1.4598331318985454,-0.14514388831018563,-0.17745679003658993
946,-576460685187,1.281666449162873,1.456621305704582,-0.15035314015390563,-0.17953178326154992
947,-576460685176,1.2506012565093445,1.4847937675091627,-0.1619492474502935,-0.16733786523312924
948,-576460685169,1.247619119917465,1.481774174842649,-0.1678236809893135,-0.16657705973798925
949,-576460685152,1.2445649505464713,1.4788010087226757,-0.17363412783104348,-0.16582454124287926
950,-576460685132,1.2413870972236383,1.4758231467380583,-0.17948030328547349,-0.16506739548886926
951,-576460685116,1.2381047598921175,1.4728595698612028,-0.18532517951762348,-0.16431041799881926
952,-576460685098,1.241512369270628,1.475557717482133,-0.18828685571571105,-0.15868385391197018
953,-576460685081,1.2380766942873362,1.4727326992238843,-0.19385818441463104,-0.15553874307916019
954,-576460685062,1.2345087290753476,1.4699397000956886,-0.19947939821007105,-0.1523654712517402
955,-576460685045,1.2311002399422442,1.467394782106034,-0.20470524937719103,-0.14941538842508018
956,-576460685027,1.203447199608024,1.4855623709169945,-0.21799099334487043,-0.13937218401574625
957,-576460685008,1.1994800069341498,1.4830599634432693,-0.22227009575449044,-0.13833367257344625
958,-576460684991,1.1954449845942074,1.4805819011727972,-0.22653946321800045,-0.13729752374179624
959,-576460684973,1.1913314140472213,1.478124223920269,-0.23044776635331043,-0.13573222158157625
960,-576460684955,1.2089436530134288,1.4946725149068372,-0.22589646705597016,-0.12583090452491033
961,-576460684938,1.2048407391055302,1.4924207741383564,-0.22980563855836017,-0.12426525457773033
962,-576460684920,1.2006657967373988,1.4901963671333722,-0.23371632970314016,-0.12269899600337032
963,-576460684901,1.196419974386352,1.487969471513325,-0.23856646796614014,-0.12500908186617032
964,-576460684883,1.1920823215851277,1.4856986214620869,-0.24342173151429014,-0.12732160886531033
965,-576460684865,1.1874125951951695,1.4832583962858936,-0.24854270063469014,-0.12976068951155031
966,-576460684845,1.1828981675434302,1.480903474846255,-0.2533949969124901,-0.13207180322123033
967,-576460684829,1.1785656597608498,1.47863542595193,-0.25559322942449014,-0.13438130936395032
968,-576460684812,1.1928725988714781,1.49308015180921,-0.250505328519052,-0.12934424397359176
969,-576460684794,1.188381266042676,1.490750139903342,-0.25280983131755197,-0.13176539976125176
970,-576460684775,1.183789359607533,1.4883456484802178,-0.25514442035755197,-0.13421816474365175
971,-576460684756,1.1792329341981194,1.4859212249006946,-0.253555524871192,-0.13645545136925175
972,-576460684740,1.1746845632564342,1.4834454880470795,-0.251959445029892,-0.13870285411725175
973,-576460684723,1.150370014799983,1.497916401359152,-0.258030004530816,-0.13361907181321153
974,-576460684706,1.1459981169148008,1.4956277806679277,-0.25652279782099596,-0.13574133438041153
975,-576460684687,1.1413437539491134,1.4931440235544449,-0.25951057051288595,-0.13963502944049153
976,-576460684671,1.1366459943530622,1.4905957690520744,-0.26249171806437593,-0.14352009055177153
977,-576460684650,1.1316253024472118,1.4878280075435804,-0.2656408129250059,-0.14762402226513152
978,-576460684639,1.1492758522229862,1.5044673285060892,-0.2587156986961362,-0.1403285572086921
979,-576460684633,1.1445997269715333,1.5019925715898859,-0.2616922086493462,-0.13508816041453212
980,-576460684616,1.1401544749419386,1.4997402916224456,-0.26177128988982623,-0.1301355757418921
981,-576460684598,1.1354413137060688,1.4974448411657497,-0.26185511116226623,-0.12488613925597211
982,-576460684581,1.130727691275345,1.4952443696138176,-0.26193891380982626,-0.1196378691818921
983,-576460684569,1.1210324526819568,1.5031828444547206,-0.26560429968749405,-0.11625956305643823
984,-576460684562,1.1162488893359033,1.5010331005649684,-0.26522445757306407,-0.12229604807956823
985,-576460684545,1.1117383513661596,1.4989033661564093,-0.26486579624568407,-0.12799592613114824
986,-576460684528,1.107199002336685,1.4966589804590862,-0.26450435296418406,-0.13374001524764825
987,-576460684512,1.102755397716874,1.4943633494994164,-0.26415005424667404,-0.13937056231105827
988,-576460684494,1.1167692679304069,1.5101385373480427,-0.2569426947933947,-0.1298661095983523
989,-576460684476,1.112150643456805,1.5078184304692783,-0.2571231378741847,-0.1283682806030323
990,-576460684458,1.10751359567273,1.5055177528681678,-0.2573041734276647,-0.1268655335871923
991,-576460684439,1.1028766314865652,1.5032457965135277,-0.2574850784363147,-0.1253638702029923
992,-576460684421,1.0982363994956814,1.5010196657384538,-0.2586984680216447,-0.12227290326315231
993,-576460684408,1.0921308365973355,1.5058913412170576,-0.2610075400853548,-0.12020735341932137
994,-576460684402,1.0871608229708163,1.5036390179417953,-0.2622894987690048,-0.11694171478412137
995,-576460684384,1.082432367784899,1.5015635121479745,-0.2635033607792248,-0.11384954439756137
996,-576460684367,1.077943587753359,1.499653134326056,-0.26465054339068483,-0.11092723191948137
997,-576460684348,1.073465148585703,1.4977577191864466,-0.2624416907828948,-0.11215464174724137
998,-576460684332,1.0932396099475683,1.520171875213212,-0.2504635755942144,-0.10276895427810864
999,-576460684315,1.0889982778647485,1.5184134297344916,-0.2482526432099444,-0.10399751979098865
1000,-576460684298,1.0845205417210644,1.5165168209071649,-0.2458969063882544,-0.10530654988034864
1001,-576460684280,1.080408799427831,1.5147334894511069,-0.2417674823010044,-0.10620165815594865
1002,-576460684263,1.0760909588673473,1.5128106886637382,-0.2373537516630044,-0.10715839370474865
1003,-576460684245,1.0720938954708346,1.5109825144026612,-0.2331934726012544,-0.10806019021154865
1004,-576460684228,1.0679363124312535,1.5090289408400785,-0.2287858639820044,-0.10901559873034866
1005,-576460684210,1.0640960280800287,1.507160752869101,-0.2231186254537244,-0.11082294810158866
1006,-576460684192,1.06007638678858,1.5051188337180716,-0.2170282446747744,-0.11276524253943866
1007,-576460684181,1.089086967612593,1.5349983987398086,-0.20560128262055732,-0.09972342869071234
1008,-576460684175,1.0854665126930236,1.5331995652228552,-0.19964327967731732,-0.10162350627163233
1009,-576460684158,1.0823413302257103,1.5315876581279604,-0.19435350137579732,-0.10159221421435233
1010,-576460684141,1.0788855173466327,1.529752818195015,-0.18826528505883733,-0.10155658261307232
1011,-576460684122,1.075558265821377,1.5279289770585796,-0.18221144640265732,-0.10152115220883232
1012,-576460684104,1.0762639876272995,1.5230246933341343,-0.17466941882689377,-0.1027773533986863
1013,-576460684085,1.0730304785578508,1.5210941813484025,-0.16602271787615377,-0.10062713356072629
1014,-576460684068,1.0702742317072016,1.5194000859756633,-0.15827977072829377,-0.0987016548542863
1015,-576460684051,1.0674989902474323,1.5176418070266462,-0.15008039146829377,-0.0966626728142863
1016,-576460684032,1.0942079278394765,1.5456902458864714,-0.13033645474971908,-0.08163973567005452
1017,-576460684015,1.0919957598893042,1.5443224979965797,-0.12659362076391908,-0.07721600067045452
1018,-576460683998,1.0897687272847367,1.5429839566229921,-0.12271037616517909,-0.07262631138457451
1019,-576460683980,1.0877256040394985,1.5417930530235804,-0.11903644336250908,-0.0682840121570345
1020,-576460683963,1.0857030648611543,1.5406525449381647,-0.11528426315943908,-0.0638492306646945
1021,-576460683951,1.0970779060018971,1.5316763952632497,-0.1110313173191426,-0.0676017983485953
1022,-576460683946,1.0951253717393055,1.5305007949518457,-0.10886104853384261,-0.0647930787733253
1023,-576460683928,1.09318748361133,1.5293611941627745,-0.10666340544774261,-0.0619489319113353
1024,-576460683910,1.0912854594721408,1.5282706710961174,-0.10446148512714261,-0.0590992495357953
1025,-576460683893,1.0895294231834716,1.5272900222739696,-0.1023865375678426,-0.0564138928339253
1026,-576460683881,1.1189997460117707,1.5560912972409753,-0.0908316187134363,-0.043851678370653464
1027,-576460683874,1.1173861853502254,1.5553336076793696,-0.0883832045825263,-0.04030332375139346
1028,-576460683859,1.1159902341281942,1.5547143117964797,-0.0862089062336963,-0.037152230359013466
1029,-576460683842,1.1145296504405948,1.5541052858226514,-0.0838736192509463,-0.03376782481751347
1030,-576460683824,1.1130543308017153,1.553533983598602,-0.0814468243707063,-0.030250801812873467
1031,-576460683805,1.125449950125002,1.541902353062177,-0.07189252976334799,-0.03192678839383669
1032,-576460683786,1.124129672369636,1.5413261132277891,-0.06724518288984799,-0.02880035191471669
1033,-576460683769,1.1229587412482325,1.540834317275452,-0.06283659474759799,-0.02583453697459669
1034,-576460683751,1.1219213872629534,1.5404171619564009,-0.058654766179847995,-0.02302127131151669
1035,-576460683733,1.1546063951710956,1.571714658522051,-0.0415402233095162,-0.0064942729045457635
1036,-576460683715,1.1538937284677058,1.5716220585129885,-0.0375702505085362,-0.0037849088751457645
1037,-576460683697,1.1532484911702052,1.5715781430182874,-0.0335733955028762,-0.0010571987053457654
1038,-576460683680,1.1526733030765517,1.5715850086924483,-0.030180549703676198,0.0018181911860542352
1039,-576460683661,1.166228859240999,1.559947294263498,-0.02160819924417407,-2.3387749835348734e-4
1040,-576460683643,1.1658704457022155,1.5599688893364994,-0.01822437897137407,0.0026338633842465137
1041,-576460683625,1.1655723932547928,1.5600422904354392,-0.014833789553774072,0.0055073410234465145
1042,-576460683608,1.1653675911086163,1.5601281457204412,-0.007959994105274072,0.004048060757546515
1043,-576460683589,1.165286101477219,1.560188293871034,-0.0010096956467740724,0.002572539197646516
1044,-576460683571,1.1960192030213264,1.5878344385125414,0.017791490837158915,0.013174414310427334
1045,-576460683553,1.1963980894173292,1.5880568405677853,0.024625122205408915,0.011723660723877333
1046,-576460683535,1.1968891625599285,1.5882674723608057,0.029947655768608916,0.011683773072927332
1047,-576460683517,1.1974762722376358,1.5884774678029159,0.03527225955100892,0.011643869907527332
1048,-576460683498,1.2090418764917124,1.5793110358695508,0.04490795338474832,0.007664948966358264
1049,-576460683481,1.2098987834726926,1.5794487450277688,0.05023521887754832,0.007625025853808263
1050,-576460683462,1.2108876685076593,1.5796127393239177,0.05972030844403832,0.010609732154628264
1051,-576460683444,1.212049169026943,1.579830813840791,0.06922069058835832,0.013599250624388264
1052,-576460683427,1.2423801968725365,1.6050012522038615,0.0899269937668731,0.027475513730483136
1053,-576460683408,1.2440937066105489,1.6055006560282228,0.0989623561766131,0.027576442876623135
1054,-576460683389,1.2459563539148726,1.6059980992623213,0.1079294914656931,0.027676609894503136
1055,-576460683372,1.2479611822929333,1.606492763011279,0.1168144554050731,0.027775859020683136
1056,-576460683354,1.2590775685002071,1.598897376873346,0.12908736062137827,0.024466490590816858
1057,-576460683337,1.261440266430777,1.5993513170480762,0.13330343626570826,0.025946100305956857
1058,-576460683318,1.2638828798319137,1.5998326988943048,0.13752630108176825,0.027428092645436858
1059,-576460683300,1.266410737694676,1.6003426633320545,0.14176414889750824,0.02891534319035686
1060,-576460683282,1.2944057382047909,1.6215940699274864,0.15579460985477728,0.03948837225701387
1061,-576460683263,1.2974216500510851,1.6223479371578546,0.16754088693367727,0.04133363046271387
1062,-576460683246,1.3003636827667342,1.623065590340163,0.1782551539277573,0.04301676708175387
1063,-576460683230,1.3036812954191712,1.6238575739333538,0.1896123021278173,0.04480089585453387
1064,-576460683210,1.3071921017846593,1.624679036092166,0.2009329301418373,0.04657928756079387
1065,-576460683198,1.3200827893345835,1.6123734711864373,0.2057018288539657,0.041369843214555044
1066,-576460683192,1.3238403486417947,1.6131133916331506,0.2117583763689257,0.04083440594813505
1067,-576460683174,1.3277071557324625,1.6138437134371477,0.2178152603213657,0.04029893893850505
1068,-576460683156,1.3319023369619072,1.6146033094140329,0.22420151656672568,0.039734353326285055
1069,-576460683139,1.3357746887925113,1.6152951106536466,0.23123533501857568,0.041630097084035055
1070,-576460683119,1.3601028440475464,1.6314308655290637,0.2464697991028248,0.05041855337048981
1071,-576460683102,1.3645806655517112,1.6323511651220959,0.2538734048934548,0.05241396163393981
1072,-576460683082,1.3691745445651027,1.633303752958567,0.26125095184477476,0.054402346559739814
1073,-576460683067,1.3736326463162702,1.6342417406332026,0.2628616452828548,0.055871304349699814
1074,-576460683048,1.3869782738537744,1.6268219284810905,0.2677407077239867,0.05389375297229055
1075,-576460683030,1.3918102502821716,1.62780544998814,0.2694439980455867,0.05544715942899055
1076,-576460683012,1.3967214057848907,1.6288271217619827,0.2711642360585467,0.05701602223676055
1077,-576460682995,1.4013336521163813,1.6298026927808826,0.2724763027781467,0.05797348965620055
1078,-576460682977,1.4213216980541188,1.6417606863875154,0.27963065017690936,0.06379661813457699
1079,-576460682959,1.4263670145163232,1.6429180371978727,0.28102236262500935,0.06481220621891699
1080,-576460682942,1.4311470982084067,1.6440260254060417,0.28233458399650935,0.06576978649401699
1081,-576460682927,1.43594503010229,1.6451475502951551,0.28219440692986936,0.06618984276981699
1082,-576460682907,1.4410361675706103,1.6463460360457434,0.28204558734258933,0.06663579732641699
1083,-576460682896,1.4445842459324938,1.6425127436648745,0.2833554992718944,0.06499471048135544
1084,-576460682889,1.4496861410274058,1.6436873062102573,0.2832069765650944,0.06543977540235543
1085,-576460682872,1.454485880768668,1.6448001920447228,0.2830671788457344,0.06585869492155544
1086,-576460682855,1.4593052920121652,1.6459241650987186,0.2838223398859344,0.06635009811446543
1087,-576460682837,1.4644204352357686,1.6471229482111023,0.2846216478457344,0.06687022887155543
1088,-576460682825,1.4774976955975667,1.6561061444587577,0.2896051699644121,0.07084872269240652
1089,-576460682820,1.4827296902541132,1.6573890295751985,0.2904064321138121,0.07137012509217652
1090,-576460682803,1.4876590416374362,1.6586030485760286,0.2911593280706121,0.07186005433561653
1091,-576460682785,1.4926163459378112,1.6598341984725482,0.29181289517571213,0.07292149402912652
1092,-576460682767,1.4978810536977114,1.6611583770083902,0.29250539116171215,0.07404615700772653
1093,-576460682749,1.5058135760146953,1.6594350683767696,0.2941782339382015,0.0738495402270289
1094,-576460682733,1.51081367274109,1.660697881067671,0.2948306865936015,0.0749091699745689
1095,-576460682715,1.5161220157043165,1.662064924785276,0.2948869119429315,0.07695926502013889
1096,-576460682699,1.521138198956911,1.6633903973164743,0.29494003292092147,0.0788961681268489
1097,-576460682680,1.5261499758679562,1.6647473596557805,0.29499309768293147,0.08083102148013889
1098,-576460682668,1.5319507338682736,1.6685340670172821,0.2971976291981719,0.08251587472877434
1099,-576460682662,1.53731179553207,1.6700409295493692,0.2972539607332419,0.08456984153080434
1100,-576460682645,1.5423613517889454,1.6714863600229288,0.2979669100011619,0.08581154275157434
1101,-576460682625,1.5477823469324377,1.6730576364493726,0.29873040904036186,0.08714128349427433
1102,-576460682609,1.5528141341171326,1.674534058560175,0.29943734948260187,0.08837251950171433
1103,-576460682591,1.5619618190762492,1.672012365555087,0.3001317796203649,0.08744306063864278
1104,-576460682572,1.5673586691080583,1.673593754303577,0.2995848590960649,0.08828632579210278
1105,-576460682556,1.5724469216000856,1.6751013030567499,0.29906829603391494,0.08908278452883278
1106,-576460682538,1.5778335866818964,1.6767149013583902,0.29852046387411496,0.08992745528039278
1107,-576460682523,1.5805959247126262,1.6784307846347741,0.2995679214407192,0.09069455962150832
1108,-576460682519,1.5863008006519326,1.6801661688649874,0.3002192771406092,0.09175660267816832
1109,-576460682502,1.5914359467581085,1.6817422567797258,0.3008043776084492,0.09271061580712832
1110,-576460682484,1.5968170895186282,1.6834080033894703,0.3014162883329792,0.09370834337194832
1111,-576460682466,1.6022460154308082,1.6851031349446626,0.30203237638996916,0.09471288212600831
1112,-576460682449,1.608982839483242,1.6846880591753621,0.30145931431182743,0.09470911646265656
1113,-576460682431,1.614386067532782,1.686397363536248,0.30023645957902745,0.09563658074065656
1114,-576460682413,1.619780489644025,1.6881275740235355,0.29901060898830745,0.09656631720285656
1115,-576460682396,1.624900593427513,1.6897919628523317,0.29784242866254745,0.09745231411920656
1116,-576460682378,1.6302103507766368,1.6915327951828814,0.29642252367364746,0.09738062718460656
1117,-576460682365,1.6249818475583477,1.6884300438887694,0.2944443564885574,0.0959851919944681
1118,-576460682360,1.6302698529070103,1.6901574152076424,0.2930138836561474,0.09591297151972811
1119,-576460682342,1.6355306475352236,1.6918830071375033,0.2915838081110874,0.0958407711028881
1120,-576460682325,1.6407642528941209,1.6936068207613582,0.2901541298533774,0.09576859074394811
1121,-576460682307,1.6459885953880196,1.6954147818242675,0.2901349397788174,0.10504903259374812
1122,-576460682293,1.647412897638741,1.693548833464301,0.2906548198165952,0.10423654304725709
1123,-576460682289,1.6526453836492234,1.6955089279277484,0.2906356329393152,0.11351543867215709
1124,-576460682270,1.6578746180738402,1.6976348424315584,0.2906164567196352,0.12278918021405709
1125,-576460682252,1.6630856819089503,1.6999095384032425,0.2885837027902152,0.13003909273073708
1126,-576460682234,1.6682630338736946,1.7023160622109499,0.28654981917649525,0.13729303431961706
1127,-576460682215,1.6645281635285032,1.699769869290953,0.2809459873851882,0.14258377302962288
1128,-576460682197,1.6692948969787156,1.7022557494815493,0.27902269986443823,0.14944326845012287
1129,-576460682180,1.674300393829345,1.7049499480856403,0.2779171444336882,0.15032848165737286
1130,-576460682163,1.6793294769825595,1.707683799554169,0.2768019326912482,0.15122142662949287
1131,-576460682144,1.682545887053297,1.7128128453168472,0.2750522679077026,0.15315541079174186
1132,-576460682126,1.6874370049976248,1.7155495859085048,0.2739563687886426,0.15403289223412187
1133,-576460682108,1.6923716752039109,1.7183782465872777,0.2733976555345826,0.15972238243428186
1134,-576460682090,1.6972910873060165,1.7213063516952245,0.2728395310194626,0.16540587738660187
1135,-576460682072,1.6893705183369923,1.7172226370602008,0.2674526695822728,0.167842017490794
1136,-576460682054,1.694180180405125,1.7202952577954382,0.2668948549297528,0.173522357049514
1137,-576460682036,1.6990107228181652,1.7234071942858555,0.2696234338512828,0.172113949988574
1138,-576460682018,1.703889581696489,1.726493257473346,0.2723515581864428,0.170705777570894
1139,-576460682001,1.709534333157883,1.728430524705795,0.2753256870716339,0.16884346703799288
1140,-576460681982,1.7145910507338311,1.7315087486862175,0.2751851807034639,0.1662742707468429
1141,-576460681964,1.7195522215304797,1.7344844336578606,0.2750472594505539,0.1637523439753929
1142,-576460681946,1.7244539987963075,1.7373812630314427,0.27491092138953394,0.1612593662884929
1143,-576460681929,1.7294030797741595,1.7402623870102913,0.27477319899164393,0.1587410756339429
1144,-576460681916,1.7122373704741185,1.7310317310709717,0.2683140944310854,0.15450897238806371
1145,-576460681910,1.7170673108836003,1.733853568146651,0.2687039631052454,0.15923764487670372
1146,-576460681890,1.7219427448903415,1.7367839144542483,0.2690969311356654,0.16400390910238372
1147,-576460681875,1.7267557761278052,1.739757143942951,0.2694843073205254,0.16870235047382373
1148,-576460681856,1.731613243313208,1.7428384539238972,0.2698746961663654,0.17343733206518375
1149,-576460681838,1.7389527727081615,1.7424957108709078,0.272484975023203,0.17325061992490778
1150,-576460681821,1.7438957941004032,1.7456407627921864,0.274218712665983,0.17459563581569779
1151,-576460681801,1.7488254636315828,1.7487816352262577,0.275936918289843,0.1759286021254278
1152,-576460681783,1.7540933480938987,1.7521426698803515,0.277761259376323,0.1773439072390678
1153,-576460681765,1.7376864401597496,1.744115936311176,0.2724658623585043,0.16709211709881217
1154,-576460681747,1.742659702247145,1.7471035871523226,0.2752502265617043,0.16194431915081217
1156,-576460681711,1.7526203357023407,1.7527240948975544,0.2807438261983043,0.15178762308931218
1157,-576460681694,1.7606111390408428,1.7512485854300226,0.283027210083415,0.14234613066450524
1158,-576460681675,1.7657213467336355,1.7537443647863538,0.284269381034775,0.13471640889266523
1159,-576460681658,1.770561034816013,1.7559720732316986,0.285440811122675,0.12752119503256523
1160,-576460681640,1.7757472086735118,1.7581753817203927,0.285377950365275,0.11498703111832523
1161,-576460681623,1.7582273456151576,1.7487611544279484,0.27689315306042145,0.09780279450206195
1162,-576460681603,1.7633705927915653,1.7504590120735553,0.27682888778662146,0.08498857607518195
1163,-576460681585,1.7683565503146736,1.7518780039361013,0.2767665736144215,0.07256339889246195
1164,-576460681568,1.7733948556735706,1.7530846660134014,0.2829207579671015,0.06148037774606195
1165,-576460681551,1.7785387576739666,1.7540908821258376,0.28906878950272147,0.05040843715846195
1166,-576460681532,1.7840045626935976,1.754601333812332,0.2952945221708407,0.039197812505471094
1167,-576460681514,1.7893677033695516,1.755206466284517,0.30143879365159065,0.028132643370471094
1168,-576460681495,1.7948245704050068,1.7557113623484295,0.30096414673093064,0.027604627028871093
1169,-576460681476,1.8005180289716713,1.7562287771514822,0.30046812144259066,0.02705282853047109
1170,-576460681459,1.7791775733907214,1.7437811701167687,0.2899782293186488,0.020442865523060752
1171,-576460681441,1.784386278623871,1.7441439621109152,0.2895072502551888,0.019918929453460753
1172,-576460681424,1.7893383959966611,1.7444881477635208,0.2932319086987088,0.020583030137700756
1173,-576460681406,1.7946511809818855,1.744864908425372,0.2971759354113488,0.021286243835880757
1174,-576460681388,1.7984729702611548,1.747608866567849,0.3006054076970471,0.023033692664906798
1175,-576460681370,1.8038084740061928,1.7479802200871082,0.2963072448775271,0.018511703012126797
1176,-576460681353,1.808778242528305,1.7482560764050723,0.2939615979411971,0.014252275604666798
1177,-576460681335,1.814051065284612,1.7484717752069103,0.2914522753026171,0.009695631782706797
1178,-576460681318,1.7961959709746977,1.737920310319097,0.28045967507130165,2.2372527690587164e-4
1179,-576460681300,1.8011303987826375,1.7379265894455624,0.28046198094094166,4.900551556658718e-4
1180,-576460681283,1.806179577064315,1.7379378650075052,0.28046434041412166,7.625762882858719e-4
1181,-576460681264,1.8112268345566924,1.7379540395220876,0.28046669896988163,0.001034991458125872
1182,-576460681247,1.8159942264394966,1.7379738191667766,0.28046892672776164,0.001292299363045872
1183,-576460681229,1.8163281997979956,1.7446492426624909,0.27819643492840845,-0.008742139901229025
1184,-576460681212,1.8210438508164026,1.7443970196799834,0.2775995481474385,-0.020985361130959026
1186,-576460681175,1.8310154700650425,1.7431738704472204,0.2763331379420485,-0.04696171176646903
1187,-576460681158,1.8087055218496233,1.7299253930692524,0.2659793706397005,-0.06153586277713956
1188,-576460681140,1.8134676239101661,1.7287465080076783,0.2658316808475805,-0.07011694436721956
1189,-576460681123,1.8179879620623667,1.7274845785238755,0.2656914130674605,-0.07826679174929957
1190,-576460681106,1.822502993336798,1.7260849788399928,0.26555123600082053,-0.08641136849105957
1191,-576460681088,1.8274145381322098,1.7245962959882588,0.26436674375985053,-0.07420608327932957
1192,-576460681077,1.8187989835936234,1.736765282928685,0.2613967337343255,-0.06885738773950838
1193,-576460681070,1.8233594774644408,1.7356620179177114,0.2602795269402855,-0.05734542751714838
1194,-576460681052,1.8280284564810185,1.734737466626525,0.2591307541341055,-0.04550820371952838
1195,-576460681034,1.832681426525399,1.734025118973799,0.2579808311493455,-0.03365912821268838
1196,-576460681017,1.8371063738631033,1.7334334330923564,0.2626318328549155,-0.03595507043931838
1197,-576460681004,1.8105429155112969,1.721722673108318,0.25271467417710974,-0.041619904966884516
1198,-576460680998,1.8154018753596526,1.7209061461413853,0.25792164008443974,-0.044190295961354514
1199,-576460680981,1.819818989712236,1.7201366495359243,0.26256552807482975,-0.04648272654036451
1200,-576460680963,1.8245863228473742,1.7192327960387763,0.26570009718286974,-0.05367279422509451
1201,-576460680944,1.82965924718024,1.718142639206172,0.26899548467386974,-0.06123174676084451
1202,-576460680926,1.8205832482367714,1.7365709190629002,0.2673552059602806,-0.05979553429537047
1203,-576460680909,1.8252171794761634,1.7354811103399406,0.2703485813908406,-0.06666173223509048
1204,-576460680892,1.8299917999952438,1.7342634134973762,0.2677277716919706,-0.07056673934482048
1205,-576460680874,1.8347967838137915,1.7329548084345832,0.26506413589220057,-0.07453555735565048
1206,-576460680855,1.8218865496945456,1.7238904354273057,0.2558206695782406,-0.0822446920893311
1207,-576460680837,1.8264681576877628,1.7223741262630214,0.2531620547696106,-0.0862060288221011
1208,-576460680819,1.8309791336845216,1.7208546996816418,0.24811319767607062,-0.0826379073241011
1209,-576460680801,1.8353977819602179,1.7193999665732667,0.24306602372191063,-0.07907097533210111
1210,-576460680783,1.8238053531965688,1.7403071719818477,0.23252590607400508,-0.06566762206861548
1211,-576460680764,1.8281122669179977,1.739111744108684,0.22727058388318508,-0.061953587834615485
1212,-576460680747,1.8319636452102972,1.7380636746099898,0.22572615715414507,-0.06131970064977549
1213,-576460680728,1.836013346568916,1.7369655952578817,0.22409072151058507,-0.06064846019751549
1214,-576460680713,1.8398066486334115,1.735940798417882,0.22254792967222506,-0.06001524402945549
1215,-576460680701,1.8299627592535181,1.73169130955972,0.21887809826382293,-0.062102492971508556
1216,-576460680694,1.833893282057953,1.7305779680619975,0.21724093690232293,-0.06143054422375856
1217,-576460680678,1.8374027379566202,1.7296004733226542,0.22182523333002294,-0.060863305312478556
1218,-576460680660,1.841445907629317,1.7285096583376716,0.22699195851067294,-0.06022399945331856
1219,-576460680642,1.8455772909204688,1.727431613012743,0.23215266153287295,-0.05958543874723856
1220,-576460680625,1.832515938786361,1.7506700134237498,0.23150110611835134,-0.048301512648906406
1221,-576460680607,1.836676996412517,1.749771805051763,0.23068456822975134,-0.05146616168040641
1222,-576460680589,1.8408219722484525,1.7488169417910158,0.22986830242975134,-0.05462975618040641
1223,-576460680571,1.8449520262479286,1.7478051916225312,0.22905208197785135,-0.057793174925156406
1224,-576460680552,1.8391974985403146,1.7424419051986215,0.22835927851694662,-0.0685729769520214
1225,-576460680534,1.8433599242058374,1.7411211387681524,0.23137406205326663,-0.0773035892583814
1226,-576460680516,1.847555144128978,1.7396502775057658,0.23437336210886664,-0.0859893624359314
1227,-576460680498,1.8517740141057413,1.7380350565072438,0.23735135156734663,-0.0946134215437214
1228,-576460680480,1.8364126426536682,1.7637997485789063,0.23264323702058726,-0.09640278815812355
1229,-576460680463,1.8406204337336947,1.7619379139883167,0.23449981932428726,-0.11029547335612355
1230,-576460680444,1.8448576530999865,1.759827913761146,0.23635464964912725,-0.12417504860972356
1231,-576460680426,1.8491616060396254,1.7574487737337225,0.23822390803516724,-0.13816258811132356
1232,-576460680408,1.8522488331810307,1.7543583042293132,0.23888417792950495,-0.14761842012246035
1233,-576460680390,1.8565198761450101,1.7516439049291115,0.23998598284852496,-0.15672055287918035
1234,-576460680372,1.860850594528934,1.748739608188529,0.24109804113768496,-0.16590738986494036
1235,-576460680353,1.865199881150811,1.7456709621910311,0.24220972882310496,-0.17509116525206037
1236,-576460680336,1.8696232645637774,1.742433244107266,0.24006059531190496,-0.17790906193558037
1237,-576460680324,1.8480820600507915,1.7729264080314933,0.23291960498702963,-0.16458322339989737
1238,-576460680317,1.8521771510232465,1.769995914064567,0.23085060706902963,-0.16729604805269738
1239,-576460680300,1.8563180572799711,1.7669562984659057,0.22873943252302964,-0.1700641737742974
1240,-576460680282,1.8603766549913272,1.763928478691902,0.22279282662543964,-0.16679067119468738
1241,-576460680264,1.8643316032245594,1.7609570539367283,0.21684125888279965,-0.16351443720612738
1242,-576460680251,1.8649596459304703,1.7612192409805132,0.21707496016860808,-0.16338299275519214
1243,-576460680246,1.8688142517673032,1.7583072059078286,0.21111942294992808,-0.16010457363947214
1244,-576460680228,1.8725634805736258,1.7554527840648875,0.20516090862421807,-0.15682451567838213
1245,-576460680208,1.8762505279157158,1.7526557528614908,0.20462484765141806,-0.15404308125373212
1246,-576460680192,1.8799271124852153,1.7499093786183895,0.20408890583637807,-0.15126226509736213
1247,-576460680174,1.8569577745609418,1.785354362983948,0.19479805920486512,-0.13182998687130343
1248,-576460680157,1.8604628104458107,1.7830041402506114,0.19426131307494512,-0.12904499740404343
1249,-576460680138,1.8638942439064095,1.780705001237763,0.18686085725867513,-0.12631558601890344
1250,-576460680120,1.8671904432698447,1.778456370192818,0.17946492218511512,-0.12358784195898344
1251,-576460680102,1.8741059556163235,1.7778217674174088,0.1734667594865592,-0.12007182038645468
1252,-576460680084,1.877163605812383,1.7756837390346927,0.1660646597638492,-0.11734180270123468
1253,-576460680065,1.8803555015973759,1.7733800285319876,0.1701012996877492,-0.1252817362882347
1254,-576460680042,1.8834482822751153,1.771059879319371,0.1739232473355492,-0.1327993774622347
1255,-576460680030,1.8864349832091463,1.7687424324453964,0.1775360294391092,-0.13990559711703468
1256,-576460680017,1.8563434593108723,1.811697460853038,0.1677028797595067,-0.12117730599835269
1257,-576460680012,1.859401006765258,1.8096429398144436,0.1715346054713667,-0.10677354705771269
1258,-576460679994,1.8625361067883033,1.807850739994371,0.1768679086193367,-0.09239296070163269
1259,-576460679975,1.865803089657228,1.8063019946544585,0.18225959153727672,-0.07785496058147269
1260,-576460679958,1.8690965076401715,1.8050419990682531,0.18753807104339673,-0.06362219933379269
1261,-576460679944,1.882301869120922,1.810606664505519,0.19245016011336166,-0.06080600819952367
1262,-576460679940,1.8857252444499093,1.8095522525771157,0.18720774484256167,-0.05612999361964367
1263,-576460679922,1.8890629940140715,1.8085796469619493,0.18195108545796168,-0.05144127388758367
1264,-576460679904,1.8922993262188723,1.8076935107256664,0.17670489113656168,-0.04676188855304367
1265,-576460679886,1.8954058252136536,1.806900455717982,0.1715182895361617,-0.04213565742660367
1266,-576460679868,1.8650520241047952,1.8546503370695628,0.15887716272481187,-0.01811966633691172
1267,-576460679851,1.8678973356992128,1.8543501066913743,0.15705794658205185,-0.01521704010195172
1268,-576460679831,1.8708642921128777,1.8540899853461887,0.15513823521044184,-0.012154070034891721
1269,-576460679814,1.8735049971709865,1.8539055518732144,0.15340941427353183,-0.009395672674031722
1270,-576460679797,1.8849587638313081,1.857518129625323,0.15512990026901383,-0.003192939806885468
1271,-576460679779,1.88765618106035,1.8574988127394205,0.15365806024176382,9.816312495945327e-4
1272,-576460679761,1.890312055949778,1.8575518948316094,0.1521949816685138,0.005131352246554533
1273,-576460679745,1.8928868957459573,1.8576736366796762,0.1507629894080138,0.009192903320794534
1274,-576460679726,1.895590198964894,1.8578712483230204,0.14932062261805382,0.012743228481854534
1275,-576460679714,1.8640056038994486,1.9033123554783518,0.13914070838911496,0.032507641029403005
1276,-576460679708,1.8664996461795693,1.9039300648090565,0.13769826154327497,0.036058163244643004
1277,-576460679690,1.8689704235527047,1.9046125396621556,0.13625421357983497,0.03961262654348301
1278,-576460679672,1.8714011324985091,1.9053546416125646,0.13481849142791497,0.04314659620760301
1279,-576460679654,1.8737973497136315,1.9061431360405217,0.13142786580791496,0.04446389578760301
1280,-576460679642,1.87992291382233,1.9088377571123325,0.13370625754615112,0.04583325218236118
1281,-576460679636,1.8823026292809824,1.909675884439408,0.13031054598772113,0.04715252771173118
1282,-576460679619,1.884490435156815,1.9104879556056609,0.12710866519390113,0.04839649761511118
1283,-576460679600,1.886932676529134,1.911303005902122,0.14278208210624113,0.04167426119375118
1284,-576460679582,1.8897857760784096,1.9120242745790361,0.15914918931291114,0.03465450508107118
1285,-576460679564,1.8618941955381623,1.956802564320425,0.16482737582131318,0.04717825313815449
1286,-576460679547,1.8648659573150492,1.9575610450331238,0.17976466695315318,0.040771736738794494
1287,-576460679529,1.8679871951232723,1.9582860231404826,0.17044434378715317,0.040572230426294494
1288,-576460679511,1.8711209842575336,1.9590522922367426,0.16054310174107317,0.04036028924629449
1289,-576460679493,1.8860817901963138,1.9652433674590795,0.15564678659408837,0.04294153488077125
1290,-576460679476,1.888650908670727,1.965971371473988,0.14676254474760836,0.042751363113271254
1291,-576460679458,1.891256690070084,1.9667250261741267,0.14276872184760836,0.04098804801327125
1292,-576460679440,1.8937965497727685,1.9674486277754148,0.13876535814845836,0.03922052054942125
1293,-576460679420,1.8676773188174158,2.0090980382158463,0.1254122794870486,0.055112522490020646
1294,-576460679401,1.8700170729753691,2.0101261626994322,0.1212021245132986,0.053253694488770646
1295,-576460679384,1.8720652159557143,2.0110468377603126,0.11977004800804861,0.05506739038450065
1296,-576460679365,1.8742094394701083,2.0120563040684742,0.1182522103472986,0.05698970104709065
1297,-576460679348,1.8905246216583929,2.0195545341378085,0.12201122536869903,0.06220405365642548
1298,-576460679330,1.8927040311500314,2.020622711101423,0.12022613059869904,0.05652185093556548
1299,-576460679313,1.8947630535440587,2.021550679337576,0.11851494355369903,0.05107490669125548
1300,-576460679295,1.896853517717757,2.022408468005922,0.11675197149869902,0.04546312362176548
1301,-576460679277,1.8683260534656916,2.066362860207648,0.10532254055846792,0.058630193023120225
1302,-576460679261,1.8700973098982216,2.0673546615645786,0.11102733516278791,0.06251324864422023
1303,-576460679243,1.8721565839393794,2.068520789052337,0.11731152841294791,0.06679068080727023
1304,-576460679224,1.874327352077561,2.069763002589005,0.12359049557790791,0.07106455575557023
1305,-576460679208,1.8766225797237894,2.0710887952409474,0.1298997740370279,0.07535906254942024
1306,-576460679195,1.8920069879065677,2.0781712647701247,0.13560653007204446,0.07898520277427822
1307,-576460679189,1.894402611439543,2.0795553107240163,0.13234532194685444,0.07582112281060821
1308,-576460679170,1.8968726523053305,2.0809574501791137,0.12889644069595443,0.07247495916690821
1309,-576460679152,1.8991680152138937,2.082235966094251,0.12560659828433443,0.06928309772824821
1310,-576460679135,1.9012781979497577,2.083388871921794,0.12250424661443443,0.06627314301754822
1311,-576460679116,1.8730123594103942,2.1278849242946865,0.11595086798221604,0.08868462965706009
1312,-576460679098,1.8751272159323535,2.1295138840206955,0.11886360178509604,0.0921802708047501
1313,-576460679080,1.8772913733982342,2.1312033232225804,0.12177213134221604,0.0956708663370601
1314,-576460679062,1.8795297928860135,2.1329730031892282,0.12470912040909604,0.0991956168042501
1315,-576460679044,1.8956688780162656,2.1412835992836374,0.12851569115173272,0.10703667765597794
1316,-576460679025,1.8979738116175568,2.1432546571722186,0.12714773309442273,0.11159322513158794
1317,-576460679008,1.9002503061397253,2.145304389788872,0.12578205104741272,0.11614219141789794
1318,-576460678990,1.9025586008841964,2.147396121761329,0.1307806636876127,0.11634996957541795
1319,-576460678972,1.876999594247697,2.188433028595179,0.12703576797333294,0.1334212792363705
1320,-576460678954,1.8793309765142778,2.190836214990163,0.13203549178673293,0.1336291035822105
1321,-576460678936,1.8817537141760978,2.193244480177581,0.13703799353313292,0.1338370433988505
1322,-576460678918,1.8842381768516352,2.195626235936929,0.13861524906505293,0.1304207796731705
1323,-576460678899,1.9037091077165096,2.2059706516259325,0.14649149520949173,0.13088935874866045
1324,-576460678882,1.9062026362536904,2.2081602141646295,0.14797337691861173,0.12767967038418046
1325,-576460678865,1.9088809300573952,2.2104282432772053,0.14954870747429172,0.12426757606946046
1326,-576460678848,1.9114683641183923,2.2124951829499766,0.15489111615167173,0.11893040872538045
1327,-576460678829,1.9143106917980892,2.2145874430394135,0.16055504995418174,0.11327203169822045
1328,-576460678817,1.8888414233779052,2.249881213665005,0.15264013938942425,0.12856037973477097
1329,-576460678811,1.891639703591819,2.2521443115419575,0.15829715867311425,0.12290891044273097
1330,-576460678794,1.8943733892681418,2.254186393004936,0.16363485290584426,0.11757645291805097
1331,-576460678777,1.8971872483504792,2.256135424204258,0.16630113611183425,0.11095508244245096
1332,-576460678760,1.9000263112606186,2.257958991846968,0.16894866138942424,0.10438029486285096
1333,-576460678742,1.9173352882608303,2.266434900275183,0.17700680621823228,0.10083075187147938
1334,-576460678724,1.9205675942052687,2.2681978501123488,0.17983862814235227,0.09379828733867938
1335,-576460678706,1.9238534163418357,2.2698775611386677,0.18345642814235227,0.09191800724022939
1336,-576460678688,1.9271500637143852,2.2714969643305323,0.18701582814235226,0.0900680793883794
1337,-576460678670,1.9039478201976274,2.3100646160782317,0.18242048064596134,0.1042195274683019
1338,-576460678652,1.9072307314840347,2.3118839819203614,0.18234744006596135,0.0979322327683019
1339,-576460678634,1.910512692588793,2.313590359747068,0.18227439137034135,0.0916442394800019
1340,-576460678613,1.9138206688266834,2.315196340625969,0.18220073400322134,0.08530385206920191
1341,-576460678598,1.9326890574230529,2.323871296096577,0.1878425375061199,0.08277362388623805
1342,-576460678579,1.9360466996510357,2.325243981637599,0.1880480001913699,0.07089954051593805
1343,-576460678562,1.9394321090073536,2.326412086492862,0.18825493498541992,0.058940381149478055
1344,-576460678545,1.9428240686707614,2.3273657148371973,0.1884620422922199,0.04697125193971806
1345,-576460678526,1.9462173052245773,2.3281033480189643,0.1886690000879699,0.03501076326081806
1346,-576460678511,1.9190679507068207,2.365685336545321,0.1803697695268251,0.051306732945435654
1347,-576460678508,1.9223573945090593,2.366558603637561,0.1843337952204951,0.04551316751911565
1348,-576460678490,1.9257046002153764,2.3673244602163686,0.1882817793444751,0.039743047421035654
1349,-576460678471,1.9291283101600092,2.367987635897335,0.1922361361468251,0.033963613425435656
1350,-576460678454,1.9326231787553003,2.3685468106635508,0.19619049294917512,0.028184179429835657
1351,-576460678436,1.9494132981410965,2.374966041754106,0.2078923335341829,0.024118909948135384
1352,-576460678418,1.9531928193718202,2.375334433733504,0.2146602105682029,0.017067515162035383
1353,-576460678400,1.9570867684824242,2.3755763826505834,0.2214167378168229,0.010027945622935384
1354,-576460678382,1.9611319610272926,2.375693008798757,0.22822396077356288,0.002935556647235385
1355,-576460678364,1.9354445406027645,2.417067578736127,0.22037834900676173,0.021413997417579992
1356,-576460678346,1.939419723295769,2.417457783810288,0.22155413492926174,0.021966222055579993
1357,-576460678327,1.9434483549031163,2.417861188903151,0.22273939772551174,0.022522897642579993
1358,-576460678308,1.9474422473280601,2.4183127967701035,0.22014066713851174,0.027555597251179995
1359,-576460678291,1.9655946090892686,2.425119325510354,0.22251692991755775,0.03610803670953019
1360,-576460678274,1.9695761320892238,2.425814391799001,0.21992367458905776,0.04113013293683019
1361,-576460678255,1.9735138069630516,2.4266004457781056,0.21732854614580777,0.04615585663668019
1362,-576460678236,1.9774117325089235,2.4274200247082462,0.21603912808534775,0.04496415338510019
1363,-576460678219,1.9472974205171742,2.4749047322981323,0.2045899316338803,0.06405857699790045
1364,-576460678201,1.9510418139580867,2.4760697451581763,0.20327384930534032,0.06284223015248044
1365,-576460678183,1.9547180143149478,2.477198988657088,0.20197339281132032,0.061640324983020446
1366,-576460678165,1.9583245964498224,2.4782276997455823,0.2024879882444803,0.053724830169400446
1367,-576460678147,1.961974257713491,2.4791228898694073,0.2030074024192203,0.045735213586470445
1368,-576460678135,1.9824146850461097,2.4881213460914715,0.21038513672700931,0.05052408409871348
1369,-576460678130,1.9862406697954904,2.4889658043449083,0.2109092253696293,0.04246256496112348
1370,-576460678112,1.9900379046097059,2.4896576073665857,0.2114280913043093,0.03448138139386348
1371,-576460678093,1.9937550110263933,2.4900857170569553,0.2051944615635893,0.013502219858023481
1372,-576460678076,1.9973952995501887,2.4901381634842306,0.1989003959371293,-0.0076803374940965195
1373,-576460678063,1.962355370307726,2.5380888576761342,0.18847301148191262,0.013138938359190038
1374,-576460678057,1.9656892873179743,2.538134983621103,0.18218872738609262,-0.008010699438849966
1375,-576460678039,1.9690148286831923,2.5379343977684656,0.18521351149344262,-0.014149810160389967
1376,-576460678020,1.9721627808430169,2.5376474737936743,0.1880319426000426,-0.01987010622462997
1377,-576460678004,1.97557537917639,2.5372347443747945,0.19104035213729262,-0.025975983070529972
1378,-576460677986,2.002909673954737,2.5470856384329714,0.20261269742101676,-0.026516700046202414
1379,-576460677968,2.0064798484009754,2.5466294030582595,0.19407335216101676,-0.02417611936620241
1380,-576460677951,2.009709799384143,2.5462372865539282,0.18601031260329676,-0.02196609107524241
1381,-576460677933,2.0129809534324576,2.5458629817662697,0.17747144175136675,-0.019625640427502408
1382,-576460677915,1.9776775799191642,2.597775017549107,0.15815388553594606,0.005270103135967069
1383,-576460677896,1.9805924559460781,2.5979233361027645,0.16225018447384607,0.01103311793106707
1384,-576460677880,1.9835204976069705,2.5981703365012003,0.16626340925356606,0.01667925707574707
1385,-576460677862,1.9865529465961482,2.598522299676553,0.17032008474474605,0.02238652630316707
1386,-576460677844,1.9896534359896234,2.5989762875492315,0.17437023137254606,0.02808461018136707
1387,-576460677832,2.01449917099438,2.609648080820482,0.183237850528419,0.033845344289731176
1388,-576460677827,2.0178008992896252,2.610397621689918,0.18313235533545902,0.04932607930509117
1389,-576460677809,2.020936731723368,2.6113684651892215,0.18303210446633902,0.06403724382701116
1390,-576460677791,2.0242082272317155,2.6126506637781266,0.18292745796417903,0.07939343897457116
1391,-576460677773,2.027492843216113,2.6142151881376794,0.18282233151273902,0.09482006356461116
1392,-576460677756,1.990414892820723,2.6705842791101237,0.1738246080980687,0.13404292677499335
1393,-576460677738,1.9935672466973846,2.673142671231211,0.1766900832525087,0.15042831590996336
1394,-576460677721,1.9966187566212874,2.675854490820556,0.1794203058130687,0.16604030228874336
1395,-576460677703,1.9998989226625126,2.679015611275113,0.1823095178773887,0.18256142406290338
1396,-576460677685,2.034842381260633,2.6960954058347526,0.1948047600168597,0.20868686142886256
1397,-576460677667,2.0383617989770055,2.700024334964422,0.1960679317170997,0.22766688464726256
1398,-576460677649,2.0419065291996277,2.7042982628510717,0.1973320153027297,0.24666060957056257
1399,-576460677631,2.045491916684599,2.7087910920813663,0.2014875047163297,0.25309792550116256
1400,-576460677613,2.0125242558257543,2.762920582966155,0.19509283361150698,0.2810471535623168
1401,-576460677596,2.0160677888447287,2.7680293823931224,0.19924647408654697,0.2874816052811568
1402,-576460677577,2.019733166136729,2.7733220199468134,0.20345373377982698,0.29399911914103677
1403,-576460677560,2.0232977327000192,2.7788129729827418,0.19627338293337698,0.32175115121818676
1404,-576460677541,2.02675711501562,2.7848411847869596,0.18904431762365698,0.34969146453342675
1405,-576460677523,2.050235738648387,2.8001422080032072,0.18890282391868912,0.3824656977943239
1406,-576460677505,2.05357204004443,2.8072815429359474,0.18165322606659912,0.4104853693173539
1407,-576460677486,2.056892152185584,2.8147652116666437,0.1873096167576691,0.4211719880973239
1408,-576460677468,2.060350152528712,2.822521975417305,0.1930247808587091,0.43196964747916394
1409,-576460677451,2.0306495758764305,2.874911853379618,0.18917171352469822,0.461906127363722
1410,-576460677433,2.03410441375347,2.883319523717308,0.19482716132683822,0.472590964743662
1411,-576460677414,2.037625612961059,2.8918865673370617,0.19602634156909823,0.47835182799180204
1412,-576460677397,2.0411599383623455,2.9005365936406857,0.19722265996484822,0.48409894292605204
1413,-576460677379,2.055039618907844,2.9138636122513644,0.20204195104102488,0.49234435595752835
1414,-576460677361,2.05868248136606,2.922701848362455,0.20323840254591488,0.49093829532918837
1415,-576460677342,2.062359663053141,2.931524598350681,0.20540544777150488,0.48953067041244835
1416,-576460677325,2.0660781283578555,2.9403273846620492,0.20757381752326487,0.4881221851370883
1417,-576460677303,2.045757500093317,2.981511821426809,0.20299935723821175,0.500473831863748
1418,-576460677289,2.0494305426508364,2.9905448297388113,0.20543415299413176,0.503974996336188
1419,-576460677270,2.053146961707195,2.9996397950430826,0.20786867800661177,0.5074757714875481
1420,-576460677252,2.056910317824653,3.0088053829577746,0.21030523359489176,0.5109794665470081
1421,-576460677234,2.0666824517757694,3.0204462774368914,0.2147906222729521,0.5158519455239361
1422,-576460677218,2.0702302065654314,3.029148213034405,0.2139410743629521,0.5357414801574361
1423,-576460677198,2.074130342832092,3.039136783455279,0.2130032350689521,0.557698084251336
1424,-576460677178,2.0779053968388026,3.049231612476355,0.2120915238647521,0.579042979999106
1425,-576460677164,2.0817831440419856,3.0600437570290797,0.2111509126319521,0.601064480459786
1426,-576460677152,2.0594599859191893,3.088883905981082,0.204900138419361,0.6135536297013268
1427,-576460677145,2.0630688469712117,3.099800195804386,0.203665586931301,0.6222994013530868
1428,-576460677128,2.0667235065045553,3.111081785131062,0.20240769455130098,0.6312105238330868
1429,-576460677110,2.0703561274241506,3.122525695029544,0.20114959252257097,0.6401231315001669
1430,-576460677092,2.073963100352704,3.1341203231234642,0.19989253873749097,0.6490283132318468
1431,-576460677077,2.070181062068574,3.132435014212425,0.1985799266431713,0.6481006772049801
1432,-576460677072,2.0741754905681575,3.1454784763754127,0.2001651194844713,0.6539669207972801
1433,-576460677055,2.077579856706091,3.156605935667347,0.2015063026066513,0.6589301698680602
1434,-576460677039,2.0808185460672974,3.167200896357193,0.2027739821526113,0.6636214079432202
1435,-576460677021,2.0844810911790805,3.17921019713803,0.2041980842714313,0.6708194810880502
1436,-576460677003,2.077037784835875,3.20544692132712,0.19822045390457024,0.6841189852919539
1437,-576460676985,2.0806055751904955,3.217917798078926,0.19529306891245024,0.691370647069564
1438,-576460676967,2.084070455146152,3.2303392394491084,0.19240749678709024,0.698518730818144
1439,-576460676949,2.0875427155735644,3.2428780541511886,0.19303518816737023,0.693368342732414
1440,-576460676930,2.07310453826179,3.2472326463259336,0.18748422664583572,0.6837723098685139
1441,-576460676913,2.076484898233495,3.259494238147787,0.18811132576583572,0.6786267814485138
1442,-576460676895,2.079901648508002,3.27175278093642,0.18874305845155573,0.6734432332907438
1443,-576460676874,2.083304829401895,3.283888658095447,0.18850789974523574,0.6718485480003639
1444,-576460676859,2.0849630196211484,3.2980292951634405,0.18780178780583398,0.6711778744355567
1445,-576460676841,2.0883186445763586,3.3100151574839893,0.18756875363499398,0.6695975962897467
1446,-576460676824,2.0915234152497995,3.321449681356794,0.18734592505483397,0.6680865254703067
1447,-576460676806,2.09486591476825,3.3334567830940554,0.18551363414538397,0.6713191008626067
1448,-576460676788,2.0982126646892945,3.345658104792583,0.18366069943183397,0.6745880965923067
1449,-576460676769,2.0707460991920557,3.34393867340393,0.1712938412919295,0.6701206474345921
1450,-576460676753,2.0737892772790154,3.3559364573115875,0.1694684997818795,0.6733409625152921
1451,-576460676731,2.0768465411146724,3.368050327978052,0.1702463550052995,0.6727194482257821
1452,-576460676716,2.0799195158107593,3.3801597329864324,0.1710246423945195,0.6720975886313721
1453,-576460676697,2.0896691115653847,3.3851413665586767,0.1736156496094757,0.6680911673480047
1454,-576460676679,2.09279631257436,3.3971867574816774,0.1735425441045157,0.6690969901787247
1455,-576460676662,2.0957440412611716,3.40856210316229,0.1734736059704257,0.6700454761951047
1456,-576460676644,2.0988607067846314,3.4206118346127923,0.1734006871247257,0.6710487308725047
1457,-576460676625,2.0636096705977764,3.4155756005697757,0.1602986525859672,0.6624892070571498
1458,-576460676608,2.0665128078954527,3.4275687701893096,0.16002985868802722,0.6608220165480497
1459,-576460676591,2.0692346877823797,3.4388039573336906,0.15977743621584722,0.6592563695853497
1460,-576460676573,2.072081800356376,3.4505465085797207,0.15951297244138724,0.6576160366084497
1461,-576460676555,2.074955249660669,3.4623877196409203,0.15924561697487724,0.6559577679507997
1462,-576460676537,2.0914246436652486,3.4583536626347446,0.16346048412936912,0.6464440969475228
1463,-576460676519,2.094370488721961,3.469960105742917,0.1640011717968891,0.6437341053837629
1464,-576460676502,2.0971825927550976,3.4809587603903323,0.16451565450408911,0.6411554562301629
1465,-576460676483,2.1001677245946047,3.4925485779274914,0.1650600385134891,0.6384269381567129
1466,-576460676463,2.0558073845303397,3.4835394184133137,0.14846278124615656,0.6277016237441598
1467,-576460676447,2.0584746027727903,3.494848543347895,0.14786187628635655,0.6287282101166398
1468,-576460676428,2.0611342432574453,3.5061900035096762,0.14726023696875656,0.6297560510663999
1469,-576460676411,2.0637765867844315,3.5175222350406887,0.14666006636675658,0.6307813828615999
1470,-576460676392,2.086943825665419,3.5059267752041743,0.15283446606231232,0.6224629128789809
1471,-576460676375,2.0896983248765006,3.51713482149112,0.15349329317719232,0.6239835158293809
1472,-576460676357,2.092471609316921,3.528398362072481,0.15415376882522233,0.625507923669281
1473,-576460676340,2.095097846804141,3.5390050160514623,0.15561710723282232,0.625571809638281
1474,-576460676323,2.097755494112236,3.549639029983473,0.15708407032862232,0.625635853852781
1475,-576460676310,2.0469313890326117,3.527655969932833,0.14013249026512314,0.6131976238586745
1476,-576460676306,2.0494717220374,3.53871130897168,0.14168834452392315,0.6132655488556745
1477,-576460676286,2.0521795214405323,3.5503646478159507,0.14332817072602314,0.6133371398734245
1478,-576460676268,2.0548046190380025,3.5613851854102245,0.14883628085662315,0.6132112846423246
1479,-576460676249,2.0818323215026107,3.54649788161051,0.16096861074711039,0.601876151763008
1480,-576460676233,2.0845345110213707,3.5564441322788936,0.16603441687557038,0.601760402769998
1481,-576460676216,2.0874049840287685,3.5666856815680665,0.17125164239215038,0.601641193983768
1482,-576460676198,2.0906224531920596,3.5775233717025636,0.1852941425470304,0.599343971629848
1483,-576460676179,2.0942776805470285,3.5888706214991166,0.2000547958292904,0.596929266107008
1484,-576460676162,2.037918042103373,3.5739581950383292,0.1941942169171502,0.580052826177858
1485,-576460676143,2.0415387515943464,3.584376214847179,0.2081962577409102,0.577762222594018
1486,-576460676126,2.0451145428269433,3.5941745003200114,0.21241083895931018,0.574773856078268
1487,-576460676108,2.0489798283101375,3.6044965302553886,0.21687453234171017,0.5716088555362681
1488,-576460676091,2.081059583974979,3.584230626465941,0.22859903939693307,0.5558316275363171
1489,-576460676072,2.0852128906585476,3.5942032547305574,0.23305901468733306,0.5526692633230671
1490,-576460676053,2.0894682169632173,3.6041488448361347,0.23928267747267307,0.5512923423576471
1491,-576460676037,2.093828561685332,3.6140536780004027,0.24549632326274307,0.5499176375487371
1492,-576460676019,2.0983087385774257,3.6239513349345844,0.2517210222889731,0.5485404873257471
1493,-576460676006,2.034763249122987,3.5978521972334505,0.2309471145665299,0.5335307422161597
1494,-576460676001,2.038947976755406,3.6074291467525144,0.23443629651212988,0.5315214729822397
1495,-576460675983,2.043200688243413,3.6169816108151203,0.23792974680752987,0.5295097457899597
1496,-576460675965,2.047516302797439,3.626497851717902,0.24142319710292987,0.5274980185976796
1497,-576460675946,2.0521415498522284,3.6365069775088,0.24511202140962987,0.5253737839477396
1498,-576460675934,2.084398695912244,3.6031813495020546,0.25358867372189464,0.5111740482995849
1499,-576460675928,2.089011484364826,3.6124179098311653,0.25928529254249466,0.5157950787974249
1500,-576460675910,2.0937219739736523,3.6217282258085204,0.26497621094399465,0.520411485182025
1501,-576460675893,2.098271790538228,3.6306112928532324,0.27035930671409464,0.524778189451665
1502,-576460675875,2.1031909421335695,3.6401015642972467,0.27606130926384465,0.529403587167565
1503,-576460675858,2.0441869803996116,3.623631619282757,0.26265398363843795,0.5197229819733761
1504,-576460675841,2.0491072494989977,3.6332729215227713,0.27065070955323794,0.5252913514337361
1505,-576460675823,2.0537703789214836,3.642245420276549,0.2780173010934379,0.530420938691876
1506,-576460675805,2.0588554734527675,3.6518617116377294,0.2858341743497379,0.535864071141286
1507,-576460675786,2.0956473754819114,3.6298061873695455,0.2931710890930904,0.5227340890136405
1508,-576460675767,2.100915157278422,3.6392163811767446,0.29239825244877043,0.5233079082294805
1509,-576460675748,2.1061687425725903,3.648636375257564,0.29162545875891044,0.5238816955523005
1510,-576460675732,2.1114124964685863,3.6580740347259932,0.29085206370661043,0.5244559293774005
1511,-576460675714,2.04926688214138,3.6418071873364743,0.27339834959047415,0.5035694772968561
1512,-576460675696,2.0542276033178144,3.6508234034552545,0.27751743434359416,0.4977316631084861
1513,-576460675679,2.0589885810281574,3.65925572021704,0.2814139709560742,0.4922092575050061
1514,-576460675662,2.0637948277849154,3.6675579415623716,0.28529358201623417,0.48671083981034613
1515,-576460675644,2.068890387100728,3.6762631204508582,0.28087967529623414,0.48053125891034615
1516,-576460675632,2.1014480984834982,3.6433803612762405,0.28927630834138907,0.4665359833729816
1517,-576460675626,2.106621328929527,3.6517320601576064,0.28485725206354906,0.46034919296193155
1518,-576460675607,2.111742405328027,3.6600167731558497,0.28041416451578904,0.4541287581659815
1519,-576460675590,2.1165531108197304,3.6677476061026444,0.28478650419163903,0.45415214964051154
1520,-576460675573,2.1216809413204256,3.675859891005138,0.289374340136539,0.45417669399333155
1521,-576460675560,2.0484121601142116,3.6491189073010855,0.2661640795656037,0.4383035460162268
1522,-576460675555,2.053247160172941,3.657012538689773,0.2707896723061537,0.4383282923632168
1523,-576460675537,2.0581687675330085,3.6649118759719874,0.2754183472341037,0.4383530551995268
1524,-576460675519,2.0632178972911697,3.672860986393194,0.2823116602950237,0.4397106166447668
1525,-576460675500,2.068320704471987,3.680726176318818,0.2891113162802237,0.4410497333691668
1526,-576460675489,2.0999790942606604,3.6493670433100944,0.29721927043200447,0.4277174096937709
1527,-576460675483,2.1053907177392763,3.6570781032080624,0.30407222719200444,0.4290670234137709
1528,-576460675465,2.110606575053771,3.664371457807674,0.31053418469686445,0.4303396341731909
1529,-576460675449,2.1162968996968545,3.672157364155119,0.32074212361062443,0.4334174489691109
1530,-576460675430,2.122162979488058,3.6799878450194616,0.3309359068513844,0.4364909956615309
1531,-576460675412,2.051895123140342,3.6607229302834807,0.31719396849280646,0.4233148120775363
1532,-576460675394,2.0576976528829944,3.6683719597643085,0.32738831796048645,0.4263885294940963
1533,-576460675376,2.0635931105247596,3.676088483656618,0.32773532264012645,0.4310982904091763
1534,-576460675358,2.069494485474431,3.6838893380179565,0.32808230803958643,0.4358077896417963
1535,-576460675338,2.1080807175022906,3.659565226667217,0.3367151376712822,0.42682128630076344
1536,-576460675321,2.1144794256207797,3.6677190422446015,0.3370813261300222,0.4317914212635434
1537,-576460675303,2.120507590266772,3.6754794255116146,0.3329380854507622,0.4307609036239634
1538,-576460675286,2.126139858983248,3.682801391724143,0.3290198056553322,0.4297863388427734
1539,-576460675267,2.047553122347857,3.661833146594613,0.2983048757729421,0.41110413722457895
1540,-576460675250,2.0527396596408813,3.668829711810053,0.3114097298844321,0.41139221444058893
1541,-576460675232,2.0585348912817603,3.676319854518239,0.3254289119704321,0.4117003908545889
1542,-576460675214,2.0644465021931357,3.6836470959494125,0.33913304760186214,0.4120016417656589
1543,-576460675197,2.101548270497903,3.6603754240016695,0.3599597056635056,0.399470632837335
1544,-576460675172,2.1078447366254482,3.667260460705961,0.3722300876437256,0.40116157883680503
1545,-576460675156,2.1146735476574383,3.6745109961231077,0.38509618850024563,0.40293461913882506
1546,-576460675145,2.1217160804417796,3.6817748901007454,0.39792947131088563,0.40470313688046505
1547,-576460675126,2.1290104081456023,3.689091326357766,0.41079913934630563,0.40647666876513505
1548,-576460675114,2.043898344226787,3.6606649597010485,0.3845717655037089,0.38915064888594486
1549,-576460675108,2.050772814163388,3.6676953892167155,0.3807037478660689,0.39348650080426484
1550,-576460675090,2.0575951255109177,3.674822016731506,0.3768258265875889,0.3978334542025048
1551,-576460675072,2.064367353676977,3.6820482574714664,0.3729364945924889,0.4021931984363048
1552,-576460675054,2.071022081260023,3.689301220191377,0.3690747205545089,0.4065220515955448
1553,-576460675041,2.101064782113385,3.6606983439631056,0.3765950603407613,0.3943911551127655
1554,-576460675035,2.1083006506484248,3.668161910463869,0.3860788300455113,0.39228252085701554
1555,-576460675017,2.115328667298912,3.6752026515747427,0.3950722926050513,0.39028290215883554
1556,-576460674999,2.1221163107290413,3.6818206262765685,0.4035679509682313,0.38839396592277553
1557,-576460674982,2.129471816265387,3.6888033749013225,0.4125769074334813,0.3863909022885255
1558,-576460674963,2.046032514100836,3.6660250251348745,0.3813069836324898,0.37171718922833474
1559,-576460674946,2.0529176269040508,3.672801165392684,0.3777595290420798,0.37533537213095475
1560,-576460674926,2.059696098120645,3.6796001226281856,0.3742341714897998,0.37893101742991475
1561,-576460674909,2.0663032717173704,3.686340320461483,0.3668957888831998,0.37712033795961475
1562,-576460674889,2.1012389981489523,3.6669041888736778,0.36603024926956373,0.363917055739929
1563,-576460674873,2.1077515431740808,3.6734288300353306,0.3586325998600837,0.362091752722589
1564,-576460674856,2.113793396012253,3.6795744002494915,0.3516304740448237,0.36036404157125895
1565,-576460674839,2.119799067473379,3.6858064743925762,0.3488210609593837,0.36649321794413897
1566,-576460674821,2.032210107159812,3.662035773645827,0.31752842555522015,0.35410685041137685
1567,-576460674804,2.0376826084082538,3.6682196329899877,0.31469214381186017,0.36029464498609687
1568,-576460674786,2.0433195907753356,3.6747617397620154,0.31174363627170015,0.3667272777819169
1569,-576460674768,2.048856220114118,3.6814388952929678,0.30326656520365014,0.3749728645066169
1570,-576460674750,2.054238745834964,3.6882625965263665,0.2947918482236501,0.38321616142661685
1571,-576460674732,2.083613945825264,3.6727480855287307,0.29226659835206703,0.3819473634980546
1572,-576460674714,2.088793363812644,3.679690304386278,0.283800356089047,0.3901824171211346
1573,-576460674697,2.0936932129994656,3.6863907955473767,0.284298100354047,0.3866861232961346
1574,-576460674680,2.098463810465761,3.6928454880225936,0.284781878924887,0.3832879283819346
1575,-576460674661,2.009135259355053,3.668705994493132,0.25681299339195407,0.3605666588093246
1576,-576460674644,2.0137602517137485,3.675160147318921,0.2573321190192941,0.3569201763626246
1577,-576460674627,2.0183720176441287,3.681492519936521,0.2548017988463941,0.34628611098882456
1578,-576460674608,2.0229351852403354,3.6876293451696784,0.2522731646169741,0.33565913105558454
1579,-576460674590,2.027501290272736,3.6936379511441637,0.2497172743012941,0.32491760316662455
1580,-576460674577,2.0520712178680873,3.671592673073785,0.2557661762261545,0.31563565400931576
1581,-576460674572,2.0566712064193293,3.677167296812899,0.2609993746632645,0.31062101499185574
1582,-576460674554,2.0614176139959746,3.6827137605753038,0.2662913631743745,0.30555004121039575
1583,-576460674535,2.0665304798146398,3.6884686694318893,0.2718767141547445,0.30019795695657575
1584,-576460674517,2.0711851693783143,3.6935209933280655,0.2768635821817945,0.29541936060027574
1585,-576460674499,1.976510329622606,3.665544516397266,0.24744392189122347,0.28926306358519827
1586,-576460674482,1.9807198698028154,3.6705758518184823,0.24788351003315345,0.30276322590311827
1587,-576460674465,1.9851944066214482,3.67616504169745,0.24834991778461346,0.31708704347335825
1588,-576460674447,1.9896676508204434,3.6819996228829392,0.24881531689116346,0.33137988461655826
1589,-576460674428,2.0178291791626304,3.6675007367774657,0.25848058673026547,0.33790186635485114
1590,-576460674409,2.0225173433601196,3.6737203592879935,0.2623397429357855,0.35305214248010114
1591,-576460674393,2.027269127622871,3.6802046319700477,0.2661941831808255,0.36818390468685114
1592,-576460674375,2.0320942693291357,3.6869667386980187,0.2700518388534655,0.38332829001985114
1593,-576460674357,1.9405112792297947,3.660820034202267,0.23806541950117613,0.3608843458091513
1594,-576460674339,1.9447722862938837,3.667302212777655,0.23485434343877612,0.3585583373637513
1595,-576460674322,1.948966627194511,3.6737289397591626,0.23165003879093612,0.3562372339306113
1596,-576460674302,1.953104262070472,3.680115344322225,0.22844502136261613,0.3539156141803913
1597,-576460674284,1.9572423173342735,3.686754269019666,0.21617249919197612,0.3594103445002713
1598,-576460674272,1.98072977530617,3.6669666488294235,0.2219307418494021,0.3511496295140519
1599,-576460674266,1.9847268629856012,3.6735205642226254,0.2097201954542021,0.3566166116524519
1600,-576460674248,1.9883649359931759,3.6799324746023157,0.1979527099217221,0.3618852238126119
1601,-576460674231,1.991732566873603,3.6860344099319473,0.1984023633940221,0.3562852380989519
1602,-576460674212,1.9953148580027384,3.6924060694903744,0.19887956287142208,0.3503421943538719
1603,-576460674195,1.9989075491591821,3.6986736517769114,0.19935700049872207,0.3443961846892119
1604,-576460674177,2.0024946665443233,3.7048099194180204,0.19983255938792208,0.3384735728345719
1605,-576460674159,2.0059937211703236,3.710838521608941,0.18877857188712208,0.33107353855153193
1606,-576460674140,2.0092889168018875,3.716725124648093,0.17774115800152207,0.32368459938875194
1607,-576460674123,2.0123874823984225,3.7224823463995604,0.16669699190232207,0.3162911399917919
1608,-576460674105,2.0152934113518834,3.7281185917265884,0.15562888613672207,0.3088816543100119
1609,-576460674087,2.0180415911260017,3.733628962282882,0.15020015616444207,0.3043356343939319
1610,-576460674068,2.0207013257654585,3.739076518012977,0.14475239603479206,0.2997736786190319
1611,-576460674051,2.023264620985719,3.7444456366016934,0.13930070904727207,0.29520843449231193
1612,-576460674038,1.911931108498979,3.7014577947199387,0.10635686675080874,0.26992181345607136
1613,-576460674033,1.913788623812881,3.7062544445219734,0.10094354214401874,0.26538869399713133
1614,-576460674015,1.9155821728303735,3.7110985966305523,0.09830647368584874,0.27276073760632136
1615,-576460673996,1.9173274813444843,3.716073226591081,0.09567057706279875,0.28012950529767133
1616,-576460673978,1.9190502849328532,3.721257521768972,0.09299542396322874,0.2876080162366613
1617,-576460673959,1.9437630715203849,3.706751090441474,0.09438911572390708,0.2771008194474375
1618,-576460673943,1.9453335407113261,3.7114380368445206,0.09062227509205709,0.2750516695726275
1619,-576460673924,1.9469287972568832,3.7163694132489677,0.08662845219205709,0.2728790420326275
1620,-576460673908,1.9483770412811985,3.7210158311763024,0.08283609546945708,0.27081601148186746
1621,-576460673889,1.844438759960846,3.6835495327949563,0.05358181954208279,0.23489307148005106
1622,-576460673873,1.8453589284119907,3.687431121347722,0.05522372038280279,0.22408630096479107
1623,-576460673855,1.8463694788867568,3.6913641451181105,0.05697240205152279,0.21257671340053108
1624,-576460673839,1.8473515678613894,3.694884010902256,0.05862187462368279,0.20172010676725108
1625,-576460673821,1.8483151002966165,3.69832020099153,0.05467490181550279,0.20232364527857108
1626,-576460673808,1.8715869164599344,3.6796096529459916,0.06031634871050471,0.19466952402773793
1627,-576460673800,1.872635691965724,3.683121796403526,0.05613662772626471,0.19530865246949794
1628,-576460673786,1.8736087666744659,3.6866438842614415,0.051958763158184706,0.19594749704341793
1629,-576460673766,1.8745539075839057,3.6903725049869576,0.04755070298626471,0.19662154122949793
1630,-576460673748,1.8753956828728011,3.693929083393226,0.04596949353584471,0.19850993374757794
1631,-576460673735,1.7777443446753445,3.653765058337942,0.017416587578017506,0.17553624154587458
1632,-576460673730,1.778043613947729,3.6569417043302477,0.015835553798017505,0.17742442426587457
1633,-576460673712,1.7783145814064794,3.660154310056537,0.014253553830707505,0.17931376087531456
1634,-576460673695,1.7785571441625436,3.6634022130487507,0.012670939016927504,0.18120383177803456
1635,-576460673676,1.7787526849937825,3.666657243912441,0.009066688823537504,0.18064718969830457
1636,-576460673657,1.7978208440350545,3.65546455516768,0.010063640172159827,0.17424607393485347
1637,-576460673641,1.7979695867334582,3.6585973617258847,0.006455984261839827,0.17368890587461347
1638,-576460673621,1.7979788827698124,3.6617307511681227,-0.005423148713330174,0.17444613576060347
1639,-576460673604,1.7977732877023527,3.665048965270379,-0.016243525062590174,0.17524446411882347
1640,-576460673584,1.7118064414268894,3.6314279389640154,-0.05197008557666062,0.15520528363075672
1641,-576460673566,1.7107778059167202,3.6342304762754325,-0.06224026363437062,0.15596301830862672
1642,-576460673549,1.7096804059146538,3.636893952513421,-0.06672906320387062,0.15705569575750672
1643,-576460673531,1.7084369812580324,3.6397304073295844,-0.07147530009737062,0.15821103939454673
1644,-576460673512,1.7263306596156531,3.628744853490169,-0.07154067733878695,0.15380895272642817
1645,-576460673492,1.725001799048328,3.631520561955009,-0.07628295771603695,0.15496333325606818
1646,-576460673477,1.7236257368635208,3.6343141329387576,-0.07636690470641695,0.15493416341580818
1647,-576460673459,1.7222488492559007,3.6371057838744485,-0.07645080979081695,0.15490500813700817
1648,-576460673441,1.6435901588669324,3.6051800834056227,-0.0989368213941534,0.13550047388885542
1649,-576460673422,1.6417114993175939,3.6077515909763567,-0.0990251964497534,0.13546976538765543
1650,-576460673405,1.6399701750421716,3.6100823787655822,-0.10563182598926339,0.13846662636476542
1651,-576460673387,1.6380039931778314,3.612605715680312,-0.11262669255877339,0.1416395971718754
1652,-576460673370,1.652073051452506,3.604073952709421,-0.11529663164095742,0.14025301072930352
1653,-576460673352,1.6499367741927853,3.606624741949748,-0.12227868638847743,0.14342016991202353
1654,-576460673333,1.6476927734087534,3.609225043729019,-0.12702703342397742,0.14547015108240352
1655,-576460673317,1.645494936377973,3.611714786074661,-0.13151161270947742,0.1474062570627835
1656,-576460673300,1.6432218044970621,3.61423640070043,-0.13599434562072743,0.1493415659168335
1657,-576460673283,1.5728810886672366,3.5844649709671184,-0.16012939296614803,0.13345002679689458
1658,-576460673266,1.5700593684678186,3.586715227221234,-0.17262063055014804,0.1319103805280946
1659,-576460673247,1.5668332539848233,3.589074646991054,-0.18587636722684803,0.13027650355015458
1660,-576460673230,1.56336816448744,3.591404917528097,-0.19913357692684802,0.12864244501015457
1661,-576460673211,1.577353710558808,3.582286605051321,-0.1887949997552011,0.12294396936507065
1662,-576460673196,1.574361430787715,3.5842542324482642,-0.18372660262175108,0.12201431223387066
1663,-576460673177,1.5711168575281953,3.586433373004705,-0.17806791784207107,0.12097638317659065
1664,-576460673158,1.5679492995085909,3.5886109279426295,-0.17236443303793106,0.11993023679515065
1665,-576460673141,1.5026255508837996,3.5598067895881074,-0.1897931954862106,0.10180876220034213
1666,-576460673124,1.4994039233259864,3.561527289714238,-0.18933331911376058,0.10066256773554212
1667,-576460673106,1.4959959637660136,3.5633305774607984,-0.1888456255650306,0.09944704182562213
1668,-576460673085,1.4926007494294085,3.5651098949071787,-0.1883585002660106,0.09823293221954213
1669,-576460673069,1.5074851897168662,3.5555625408890954,-0.18371998257192457,0.10072826809240082
1670,-576460673051,1.5040837443602213,3.5574934305885075,-0.18360672980872456,0.10779113789160082
1671,-576460673033,1.500962946588561,3.5593812156465647,-0.18350275985840456,0.11427509644052082
1672,-576460673015,1.49765593596671,3.561503219334753,-0.18339252186908456,0.12114995356094083
1673,-576460672998,1.4943676795489658,3.563701160641377,-0.18215207462297456,0.12318791610992083
1674,-576460672982,1.4418819296306358,3.5365206368415705,-0.19720000911587637,0.1084429761078801
1675,-576460672979,1.4383438909945905,3.5384907402861825,-0.19595907923229638,0.1104817315943201
1676,-576460672962,1.4348320809913666,3.540495286864953,-0.1947195283129164,0.11251822154516011
1677,-576460672943,1.4313330751984512,3.5425420587769123,-0.19347659893124639,0.11456026205822012
1678,-576460672926,1.4277851531630834,3.544653380440165,-0.19565661032214637,0.11700778436377011
1679,-576460672907,1.438486379363275,3.538212592643858,-0.19426698882710197,0.11598540448350983
1680,-576460672890,1.4349727597477797,3.54032053454096,-0.19641735158488197,0.11839963994881983
1681,-576460672871,1.431456946784584,3.54247058409664,-0.19412005060293197,0.12042841400066982
1682,-576460672854,1.4279847986077503,3.54465569225098,-0.19182428072966198,0.12245583591207983
1683,-576460672835,1.3760375370222901,3.5203965037902876,-0.2033639617798559,0.11025636304981734
1684,-576460672818,1.3724175619652763,3.5223882566005074,-0.2010799304064659,0.11227341855118735
1685,-576460672800,1.3687873068938208,3.5243822315417086,-0.2017893484144659,0.10900889653050734
1686,-576460672781,1.3651471016698973,3.526315892828058,-0.20249821532646592,0.10574691048298734
1687,-576460672762,1.380347414608867,3.517258320054772,-0.19850238139450932,0.09788987450620364
1688,-576460672745,1.3767703853041324,3.5189898573985103,-0.19921046102650933,0.09463151127748363
1689,-576460672728,1.373375508629588,3.5205960791159066,-0.20002240479868932,0.09425797157032363
1690,-576460672710,1.3697709870452077,3.5222874749248634,-0.2008808967673693,0.09386301708016363
1691,-576460672693,1.3239400527603038,3.499945347787809,-0.2137393835384117,0.08073250764372344
1692,-576460672674,1.319943364131575,3.5014479925172535,-0.21463024440681172,0.08032266164292344
1693,-576460672658,1.3163490952366397,3.5028041420382205,-0.21287720667081172,0.08097968994402344
1694,-576460672639,1.3127475696440438,3.5041855448705466,-0.21110602866921171,0.08164351711068343
1695,-576460672623,1.308958901183663,3.505663681535958,-0.20922663460041172,0.08234790302706343
1696,-576460672610,1.3222901573709045,3.4981938495570986,-0.2058874522619228,0.07933865976894389
1697,-576460672604,1.3183983371387167,3.499707856453194,-0.2039072441883228,0.08008083018530389
1698,-576460672587,1.3149278804242095,3.5010781889166966,-0.2049108397446628,0.0813436560324439
1699,-576460672567,1.3112150788987238,3.502560377639017,-0.20597910331482278,0.0826878537418039
1700,-576460672551,1.3075115436877685,3.504055262987488,-0.20703920949384277,0.08402178699322391
1701,-576460672532,1.2694612037674908,3.485529975745577,-0.21646441778950376,0.07108786246347541
1702,-576460672515,1.2657813701143823,3.486721597826439,-0.21627899999242375,0.06904526870163541
1703,-576460672498,1.262105986423438,3.4878780794969826,-0.21609364760998376,0.06700339555851541
1704,-576460672481,1.2584354811750582,3.4889993275861975,-0.21590838244706376,0.0649624832403554
1705,-576460672462,1.2694651302975306,3.4820370743727027,-0.21102213075391923,0.061871870184901666
1706,-576460672446,1.2658928548400905,3.483088850922296,-0.20996372245921924,0.062077991295691665
1707,-576460672428,1.2621165105165166,3.484210340426763,-0.20883901942541924,0.062297023062351665
1708,-576460672409,1.2583670959775102,3.4853337794425734,-0.20771631209401925,0.06251566617333167
1709,-576460672391,1.2245885683707867,3.468390658112366,-0.21844929419868134,0.05111635294718419
1710,-576460672374,1.2204194713304135,3.469341966790108,-0.22088860983979133,0.04913220364084419
1711,-576460672354,1.216424663778389,3.4702089849952586,-0.22320094071598134,0.047251344260984186
1712,-576460672338,1.2126112248496528,3.4709972421211934,-0.22538615830016134,0.045473879352064185
1713,-576460672320,1.2085630864949968,3.471819142556098,-0.22438200509697134,0.045843318015294184
1714,-576460672308,1.2220093456699133,3.4646824683125095,-0.2209652681003039,0.04291288113931847
1715,-576460672301,1.2180361685886323,3.465459177151828,-0.2199599434501239,0.04328275079037847
1716,-576460672283,1.2142683360567241,3.4662052362930176,-0.2190023134273939,0.04363507307978847
1717,-576460672262,1.2103246494461943,3.466996148616422,-0.2179954826310839,0.04400549685805847
1718,-576460672249,1.2064513417670089,3.4678815498422524,-0.2178442472198839,0.055623312169798475
1719,-576460672230,1.178764026159313,3.454181441177011,-0.2243086473806212,0.059642293016565054
1720,-576460672213,1.1747334528219455,3.4553591073034124,-0.2241557017006212,0.07139149017131506
1721,-576460672195,1.1706910685220093,3.456753370774163,-0.22400220294862122,0.08318317399171507
1722,-576460672178,1.166856436211,3.458200857897925,-0.22462398143387122,0.08616308207871506
1723,-576460672159,1.1737116396929501,3.4541060880699237,-0.22248124730874816,0.08696423494966123
1724,-576460672141,1.1695439882687768,3.455763158196786,-0.22316154826154816,0.09022461522806123
1725,-576460672124,1.1657525727193088,3.457289816412879,-0.22296606831409815,0.08941393464459123
1726,-576460672106,1.161740601109272,3.458891717674597,-0.22275903001239816,0.08855532007357123
1727,-576460672087,1.1355333650654809,3.4463312535931774,-0.22868849391680202,0.08033525564604284
1728,-576460672071,1.1316518924036096,3.4476884704397865,-0.22849320948380203,0.07952538588624283
1729,-576460672054,1.1277485763036994,3.449030550379515,-0.22956183949937203,0.07796800609032284
1730,-576460672036,1.1236083816820692,3.450418484107574,-0.23068991100146202,0.07632399858528284
1731,-576460672018,1.119444878286974,3.4517778113287725,-0.23181879762942204,0.07467880314752284
1732,-576460672005,1.134815540467232,3.443986452334527,-0.22784889893063753,0.07140320224088384
1733,-576460672000,1.130670671175749,3.4452670902540197,-0.22898668924117754,0.06974503092264384
1734,-576460671982,1.1265560947163458,3.4465066508350226,-0.22803613197433753,0.06793802816910384
1735,-576460671964,1.1224958767352764,3.4477028276866952,-0.22709423245445753,0.06614748373232383
1736,-576460671946,1.0987637530215846,3.4361352573826047,-0.23153853790920417,0.05774822982957798
1737,-576460671928,1.094603919739244,3.437158635738993,-0.23058813901578418,0.05594152814280798
1738,-576460671910,1.0904580558860322,3.4381291478347817,-0.23016578999198417,0.05191711775500798
1739,-576460671891,1.0862867098136801,3.4390341308725167,-0.22974006142498418,0.04786050492800798
1740,-576460671874,1.0821503750293162,3.4398603127070118,-0.22931712567493417,0.04383050383895798
1741,-576460671855,1.0903251970321304,3.4344947936262713,-0.22570396120174985,0.03723777560553924
1742,-576460671838,1.0862582965370713,3.4351735777776318,-0.22557217007422986,0.03808225894401924
1743,-576460671820,1.0822016618630363,3.435866220489403,-0.22544063486600985,0.03892510241804924
1744,-576460671802,1.0781428871953311,3.436574820480717,-0.22530895341818985,0.03976888295747924
1745,-576460671783,1.0519329561570891,3.422529799654012,-0.23083331081651243,0.03524325165738009
1746,-576460671766,1.0478080045527949,3.4231873919375384,-0.23033853828563242,0.03827592588486009
1747,-576460671748,1.0436066338006427,3.423914572887917,-0.2298335046664324,0.04137149474806009
1748,-576460671730,1.0395346568783062,3.4246750014584717,-0.2293429637973124,0.044378231295580085
1749,-576460671711,1.052414915428678,3.4171612445136264,-0.22497959125789807,0.04158952971405853
1750,-576460671693,1.0483309795219646,3.4179230508507974,-0.22514009426103807,0.04237457666431853
1751,-576460671676,1.0445376902973547,3.418642902386352,-0.22528907211190807,0.04310325217314853
1752,-576460671659,1.0404772214726588,3.419426515500647,-0.22544843409843807,0.043882718220918535
1753,-576460671637,1.0132716391262837,3.4048411121582207,-0.23118422130621327,0.03301880193925795
1754,-576460671621,1.0093506126772813,3.4053800168723964,-0.23084682199814327,0.03048260784992795
1755,-576460671604,1.005428167124183,3.405876741031322,-0.23050880645378327,0.02794178157908795
1756,-576460671586,1.0012810781848842,3.4063556124744974,-0.23015089244083328,0.02525138067303795
1757,-576460671566,1.008020195458807,3.4016465671318232,-0.22721876578524314,0.021429342702470267
1758,-576460671547,1.0038790983972115,3.4020226763818306,-0.22717274807834315,0.019840120183080266
1759,-576460671531,0.9996198260402557,3.4023793703731338,-0.22712540742864315,0.018205209805010267
1760,-576460671513,0.9955295957193067,3.4027480370346415,-0.22752143533787314,0.02277368882310027
1761,-576460671497,0.9918846124703395,3.4031451303536873,-0.22787377317875315,0.02683817012814027
1762,-576460671484,0.9734214155397745,3.390294313251203,-0.23282561232915502,0.020320060983933082
1763,-576460671479,0.9692101968537892,3.390702999416938,-0.23322337903707502,0.024908598349293085
1764,-576460671461,0.9650214594358675,3.391190865541306,-0.23361835046102503,0.029464890017143086
1765,-576460671443,0.9607805594905675,3.3917214724208273,-0.23323545241214502,0.028946259203623086
1766,-576460671425,0.956585735563569,3.3922378805713125,-0.23285609503214502,0.028432424183623087
1767,-576460671407,0.9737612306557164,3.3828657703683143,-0.2267703937546323,0.023541695342910632
1768,-576460671389,0.9696447443878582,3.383288764646994,-0.22638749570575228,0.02302306452939063
1769,-576460671370,0.9656090010928597,3.3836960826543327,-0.22627845628779228,0.02266343733124063
1770,-576460671352,0.961537205703986,3.384100734904583,-0.2261683895229523,0.02230042179989063
1771,-576460671333,0.9429260057751018,3.3743656751828746,-0.22985079648537587,0.01680039445083776
1772,-576460671317,0.9390548069611538,3.374645832820234,-0.22974778050001587,0.01646063337293776
1773,-576460671298,0.9348552830000723,3.374929241846896,-0.22924166822193587,0.014514723385627759
1774,-576460671281,0.9307782478762006,3.3751708080761276,-0.22874924661425586,0.012621451544867759
1775,-576460671261,0.9412178187722614,3.3687636414350064,-0.22432925384833902,0.007741745074351099
1776,-576460671242,0.9371895209158064,3.3688856317529328,-0.223832047420499,0.005830076467221099
1777,-576460671227,0.9331592114027988,3.3690648382794985,-0.223160634108659,0.014045321588121098
1778,-576460671209,0.9291401195294583,3.3693922793672413,-0.222489071866899,0.022262388978221095
1779,-576460671191,0.9250756911380754,3.3698758411586534,-0.221807866412819,0.030597448299021092
1780,-576460671178,0.9171165995112053,3.364139043834177,-0.22390939774876734,0.027727696337028183
1781,-576460671173,0.9131537705785054,3.364644281929757,-0.22467888985592735,0.029464752789068183
1782,-576460671154,0.9088679900875901,3.365223111755742,-0.22550813650072735,0.031336699520268185
1783,-576460671137,0.9048063138986897,3.365802437516689,-0.22629121710332734,0.033104430729668184
1784,-576460671119,0.9009594266863904,3.36637844589349,-0.22703039641296732,0.03477305887682818
1785,-576460671100,0.9105372369046008,3.360842632417345,-0.22261708899559535,0.031363594855711247
1786,-576460671083,0.9067585213893358,3.361370966017638,-0.22196382932489533,0.030796955799381246
1787,-576460671065,0.9027437307028168,3.3619234137893876,-0.22126764412609534,0.030193083033661246
1788,-576460671049,0.8990036181190458,3.3624297462976775,-0.22061711293569533,0.029628810667901247
1789,-576460671030,0.88256150664478,3.3537786134806664,-0.2242591393873187,0.023231275612057373
1790,-576460671014,0.8787499121721933,3.3541583326503313,-0.2246126114913887,0.021486285438967374
1791,-576460670997,0.8749275903905185,3.354508831196431,-0.2249665206745487,0.019739137532047375
1792,-576460670979,0.8708655822603474,3.3548482236860937,-0.2253420132394387,0.017885438673617377
1793,-576460670959,0.8761665899622627,3.351125651897602,-0.221337780589076,0.032247274807919286
1794,-576460670943,0.8724198321683118,3.3517968812613117,-0.220106436665826,0.04683718630666928
1795,-576460670925,0.868468354769729,3.352779562514878,-0.218800305373806,0.06231323617096928
1796,-576460670907,0.864542570516558,3.354040127672415,-0.217494899468486,0.07778069109476929
1797,-576460670890,0.8608748652033854,3.3552724364619926,-0.213695473582606,0.06709454868624928
1798,-576460670878,0.8550384850373527,3.350905790332244,-0.2152140721670037,0.06494142455076331
1799,-576460670871,0.8511982781809467,3.3519736187249123,-0.2111913082911237,0.053627128932243306
1800,-576460670855,0.8476432018253142,3.3527939104370157,-0.2073976891929837,0.042957318507183304
1801,-576460670838,0.843947241065039,3.3534652230894695,-0.2033787220629337,0.0316537014932333
1802,-576460670819,0.8402561933526833,3.354075244916652,-0.2063734662536537,0.0360663059649133
1803,-576460670801,0.8532474127371766,3.3474642777059556,-0.2047266671453554,0.03705309500877848
1804,-576460670783,0.8497461528749368,3.348128954044464,-0.2075500313815554,0.041213179764078484
1805,-576460670766,0.8460010313244058,3.34886449080808,-0.2075368680954054,0.040309321052328484
1806,-576460670748,0.8420616979141933,3.3496206183710946,-0.2075230212958654,0.03935852880702848
1807,-576460670728,0.8383255716654502,3.3503211112746167,-0.2075098879179854,0.03845672375042848
1808,-576460670718,0.8295165845709342,3.3436413579724533,-0.20978543137063752,0.03518854835953569
1809,-576460670712,0.8259499180999892,3.344232394086356,-0.20977302892169752,0.03433693263123569
1810,-576460670696,0.8225982651482351,3.344788655375738,-0.2094456016916975,0.03523921363293569
1811,-576460670678,0.8188321888229237,3.345431993765101,-0.20907707712269752,0.03625474528944569
1812,-576460670661,0.8152545377509008,3.346061167670699,-0.2087263880206975,0.03722112830602569
1813,-576460670649,0.8278041596171097,3.340675628937016,-0.20522303773753872,0.034669776647172336
1814,-576460670643,0.8241382497503962,3.341304508695417,-0.20485692945453873,0.035678649819742336
1815,-576460670625,0.8208211984550353,3.341899585389879,-0.20500978194553873,0.03785115302992234
1816,-576460670608,0.817166014381572,3.3425954845440686,-0.20517808400253873,0.04024324200878234
1817,-576460670591,0.8136811398152105,3.3432980790939575,-0.20533841574553874,0.04252204835392234
1818,-576460670573,0.807403773196553,3.342093186918655,-0.20616999516199264,0.043970914463436976
1819,-576460670557,0.803902857087984,3.3428382994564108,-0.20555717272803264,0.04365845608291698
1820,-576460670539,0.8002045675923896,3.3436220417228792,-0.20490781013483264,0.04332736705451698
1821,-576460670522,0.7966409497258784,3.3443739306763836,-0.20428014100895264,0.04300733882495698
1822,-576460670503,0.8081085550672559,3.3387197299972895,-0.19941296892641228,0.039612215256401455
1823,-576460670487,0.8047221510014685,3.339372681868135,-0.19903438556087227,0.03721469036134145
1824,-576460670469,0.8011383729653971,3.340020528783939,-0.19863295088735228,0.03467245076206145
1825,-576460670452,0.7977689944832408,3.3405889012888585,-0.19825479069418228,0.03227760576893145
1826,-576460670434,0.7914730398590665,3.338860084089312,-0.19862203165421902,0.028788098415502554
1827,-576460670417,0.7878998632871631,3.3393777777790734,-0.197605133116619,0.028618609253782554
1828,-576460670399,0.7843552501617099,3.3398909351953643,-0.19659116642221902,0.028449608750102554
1829,-576460670381,0.7808286766361173,3.3404010815872005,-0.19557714334621903,0.028280598849152554
1830,-576460670362,0.7771254163727117,3.340936351430646,-0.19450662590701903,0.028102172883662555
1831,-576460670349,0.787717813700768,3.3364766287198395,-0.1915064756050042,0.025940223733314224
1832,-576460670344,0.7843011148715374,3.3369986422122215,-0.18793700590207418,0.03203228916377422
1833,-576460670327,0.7809551516073543,3.3376290335657255,-0.1843744733660942,0.038112514831334224
1834,-576460670307,0.7776663505923254,3.3383703904637545,-0.1808044090488542,0.04420559509861423
1835,-576460670290,0.7743929884332361,3.3393860455340705,-0.1830844419421142,0.06870142177825422
1836,-576460670277,0.7730680329884798,3.3383547329019847,-0.1834207856526811,0.06820732701975557
1837,-576460670271,0.7695568180233804,3.339898127308573,-0.1858309721661611,0.09410147586047557
1838,-576460670255,0.7665716215068056,3.3415753655795535,-0.1878557670933811,0.11585512061955558
1839,-576460670236,0.763130706402034,3.3439101335432406,-0.1901629206046811,0.14064232114775557
1840,-576460670217,0.7597873258272962,3.3463883987655922,-0.18516044880908109,0.13756437197655558
1841,-576460670200,0.7699871532882608,3.3431685663803847,-0.17625642846941508,0.1316736917502526
1842,-576460670179,0.7666949453277366,3.345634688968539,-0.17093133430666507,0.12839723766225258
1843,-576460670165,0.7638268614824547,3.3477946105259084,-0.16615321000571506,0.12545732628785258
1844,-576460670147,0.7608499431987177,3.3500559821832354,-0.16404681037440505,0.1253742035581626
1845,-576460670129,0.7560826293413717,3.350869767589897,-0.16240467250656387,0.12460429598566387
1846,-576460670110,0.7531795526587665,3.3531109019285816,-0.16030282889464387,0.12452135304558387
1847,-576460670092,0.7503169817800573,3.355348428504251,-0.15820297123989388,0.12443848847533387
1848,-576460670075,0.7474521437297785,3.3576009252709698,-0.15760346102366388,0.12386628655841386
1849,-576460670056,0.7600076364076511,3.353384014052569,-0.15258779699133396,0.12010405771114649
1850,-576460670037,0.7572933124073647,3.3555196194333106,-0.15199886073030397,0.1195419480950265
1851,-576460670021,0.7545658654719161,3.3576637668054072,-0.15140476966611396,0.11897491848226649
1852,-576460670003,0.7518274313464599,3.3598048383758155,-0.15203964558748395,0.11827607275362649
1853,-576460669984,0.743923516678132,3.35788662992673,-0.15397095205027433,0.11565899597280825
1854,-576460669967,0.741169685988916,3.3599448596073294,-0.15459879294564433,0.11496789411616826
1855,-576460669948,0.7383728567882009,3.3620124213169054,-0.15572899631539433,0.11444255909616825
1856,-576460669930,0.7355633416972569,3.3640649318837776,-0.15685612728763432,0.11391865217136825
1857,-576460669911,0.7328224999370626,3.366044178839197,-0.15794795703950432,0.11341115376896825
1858,-576460669903,0.7618655341948575,3.3539552398989922,-0.14956647653238475,0.10736925344915618
1859,-576460669893,0.7587844359433724,3.356151466802922,-0.15085261975126474,0.10677143531155618
1860,-576460669874,0.7562214980393933,3.3579656910248517,-0.14969711979481473,0.10597840015360618
1861,-576460669856,0.7535382225635917,3.359865559156896,-0.14847773027759473,0.10514151673098618
1862,-576460669839,0.750877482694226,3.361749947842195,-0.14725861176593472,0.10430481930312618
1863,-576460669827,0.7466400284292183,3.358448512190868,-0.14832258948017818,0.10275334647657756
1864,-576460669822,0.7439784025977595,3.360292476042304,-0.14710177718376818,0.10191548658146757
1865,-576460669805,0.7414215599569479,3.362059177451158,-0.14780510180256817,0.10185630221366757
1866,-576460669787,0.7387849461346727,3.3638711699383883,-0.14852688159446817,0.10179556485351757
1867,-576460669768,0.7361229512103457,3.3656906273177625,-0.14925206849524816,0.10173454078708757
1868,-576460669750,0.7501841272743973,3.3604570917332084,-0.14511614433240175,0.098111674187516
1869,-576460669734,0.7477191998038966,3.3621270454528696,-0.14506308581661176,0.098480676116966
1870,-576460669716,0.7451068301208044,3.3639044027322833,-0.14500683235929177,0.098871897657566
1871,-576460669699,0.7426133195277722,3.3656081129563176,-0.14495311799040175,0.099245460797516
1872,-576460669680,0.7400101754322962,3.3673942637304304,-0.14489702068858176,0.099635596335616
1873,-576460669668,0.7374085411855217,3.3653520641628925,-0.14554812470485595,0.0986816820488392
1874,-576460669663,0.7347908466103004,3.367124126035559,-0.14482287642895594,0.0978864679973392
1875,-576460669645,0.7322169219687634,3.3688611687612853,-0.14410619597794594,0.09710064832148921
1876,-576460669627,0.7296285231409249,3.3706025095591934,-0.14338187286623594,0.0963064486861392
1877,-576460669608,0.7270371338720608,3.3723372965757723,-0.14416686979511595,0.0961910010008592
1878,-576460669595,0.7477768150086544,3.3636383710852984,-0.1381180715030649,0.0917706207580296
1879,-576460669591,0.7452866899906291,3.3652871881945634,-0.1389010649999249,0.0916554677128696
1880,-576460669572,0.7427637702606609,3.366946201427042,-0.1396898945813649,0.0915394563682296
1881,-576460669554,0.7402576079837708,3.3685829087242776,-0.1404690989785349,0.09142486057720961
1882,-576460669536,0.7377382628475307,3.370222804966005,-0.1395514785739949,0.09084659009830962
1883,-576460669518,0.7296351148053901,3.367446815159495,-0.14002949085302346,0.08822155721050165
1884,-576460669499,0.7271279924702478,3.369026354203112,-0.13911345132169348,0.08764428297395165
1885,-576460669482,0.7246117593046932,3.370611630516292,-0.13818797754701348,0.08706106342015164
1886,-576460669463,0.7221215974300866,3.37217895956021,-0.1380669453070535,0.08681613248823164
1887,-576460669446,0.744269289419741,3.363394227699459,-0.13073805432464347,0.08128568927916899
1888,-576460669429,0.7419157858684724,3.3648559795625124,-0.13061714292894347,0.08104100289776899
1889,-576460669411,0.7395664173756687,3.3663121126775604,-0.13049633223679347,0.08079652030846898
1890,-576460669392,0.7372100663215955,3.367769714050817,-0.13100084388941347,0.08096148360414898
1891,-576460669374,0.7348335764098896,3.3692371030464217,-0.13150770705567347,0.08112721578878898
1892,-576460669361,0.728460393829354,3.3642602962906056,-0.1330975916950265,0.07883031696663195
1893,-576460669357,0.7260774700736442,3.3656704555703763,-0.1335978482277265,0.07899388893943195
1894,-576460669338,0.723655555793154,3.367107828666556,-0.13229821374627648,0.07881179763687195
1895,-576460669321,0.7213135219094297,3.368508151541653,-0.13102918491847648,0.07863399448103195
1896,-576460669304,0.7189678514144804,3.3699211596009295,-0.12974574503697647,0.07845417219783195
1897,-576460669283,0.7404327741743331,3.3613311791886806,-0.12136089814228382,0.07307601244211606
1898,-576460669265,0.7382296938979377,3.362649276995019,-0.12207338654228382,0.07257015400411607
1899,-576460669248,0.7360377828568874,3.363944093624874,-0.12277815959828382,0.07206977337019607
1900,-576460669229,0.7338038635062035,3.3652469841637878,-0.12349230128628383,0.07156274111703607
1901,-576460669211,0.7276021794306461,3.363400879019392,-0.1251895123271204,0.06963211648583585
1902,-576460669192,0.7253527120164895,3.364646382849361,-0.12491804984284038,0.06884951904551585
1903,-576460669175,0.7231031418180789,3.3658805319586325,-0.12464598370616038,0.06806518133959585
1904,-576460669157,0.7208607151609413,3.3670993299655083,-0.12437418921306038,0.06728162675319585
1905,-576460669138,0.7448933834000926,3.357274463850338,-0.11631323878333073,0.06071615074908899
1906,-576460669121,0.7429244569662424,3.3583030654417847,-0.11584410514429073,0.060566904485768985
1907,-576460669104,0.740842013465858,3.3593927504340937,-0.11534584771549074,0.06040839302286898
1908,-576460669086,0.7387667085151489,3.360480543839377,-0.11484714775997074,0.06024974077820898
1909,-576460669068,0.7316585137685222,3.357519314000559,-0.1156643503708553,0.05828162296313075
1910,-576460669051,0.7295785592853928,3.358563397213128,-0.1159951120259053,0.05800541970204075
1911,-576460669033,0.7276028176581456,3.3595478441786923,-0.1163084302724053,0.057743782598340745
1912,-576460669016,0.7255025494410243,3.360586579417021,-0.1166405734012053,0.057466425734500746
1913,-576460668997,0.7420501954588872,3.353806124223554,-0.1100565949051877,0.05284516892725979
1914,-576460668979,0.7400795345121122,3.3547521292417546,-0.1090639862673277,0.05234246861099979
1915,-576460668961,0.7382107157356504,3.3556488042528985,-0.1081142562035277,0.05186148387519979
1916,-576460668943,0.7362967384666128,3.356566689319151,-0.1071328500760077,0.05136445699887979
1917,-576460668925,0.7343628982356556,3.3574854415181528,-0.1075832139840877,0.050645446848539784
1918,-576460668913,0.7307517007935124,3.3547091349282656,-0.10848425720045528,0.0493830193495484
1919,-576460668906,0.7286864228538167,3.35564001292665,-0.10895919823181528,0.048624771594268396
1920,-576460668890,0.726835425937014,3.3564587085364836,-0.10938310985461529,0.04794799276236839
1921,-576460668871,0.7248579764295986,3.3573172423610593,-0.10983417382317529,0.04722786495898839
1922,-576460668852,0.7227729002699443,3.358210045586744,-0.10978623481957528,0.04681081480554839
1923,-576460668834,0.743897589993245,3.349330513377277,-0.10291020451041022,0.04133986719269943
1924,-576460668816,0.7420448952602,3.350071359449269,-0.10286474223751021,0.04094436360553943
1925,-576460668800,0.7402979989670725,3.350763671854063,-0.10282185768331022,0.04057128513985943
1926,-576460668781,0.7384506213752355,3.3514945197753603,-0.10223726006971022,0.04055291524831943
1927,-576460668763,0.7301786450552308,3.3473999864162622,-0.10320210652247241,0.03833040051127865
1928,-576460668745,0.7283272894427777,3.3480893853410647,-0.10261841737447241,0.03831205916657865
1929,-576460668728,0.7265869543449723,3.348737100611507,-0.10206668674847241,0.03786733165282865
1930,-576460668710,0.7247464671343186,3.3494139148840834,-0.10260244982687242,0.03739697444407865
1931,-576460668693,0.7229975084774621,3.350046032186559,-0.10310898946463241,0.03695227308307865
1932,-576460668674,0.7490159793749944,3.3389670070087814,-0.09539314401271917,0.03032606721176984
1933,-576460668658,0.7474050245515541,3.339477247090001,-0.09470123600265917,0.029882804252019838
1934,-576460668639,0.7457073914858052,3.340010783172609,-0.09396658637441917,0.029412159363019837
1935,-576460668622,0.7440227927109743,3.340535907412771,-0.09323185510029916,0.028941462168519838
1936,-576460668606,0.7416152861144222,3.340294725594586,-0.09280813603059232,0.028206499501684208
1937,-576460668589,0.7400127056177699,3.3407758508836185,-0.09283686792564232,0.027527678202634208
1938,-576460668571,0.7383648676525227,3.3412581929047196,-0.09286640195063231,0.026829905738444206
1939,-576460668552,0.7366958826081391,3.341733951922617,-0.0928963054213623,0.026123404729314206
1940,-576460668537,0.735207934863468,3.3421472761341087,-0.09292295710391231,0.025493730642764206
1941,-576460668525,0.7533154322896808,3.3344998329491244,-0.08755968127348261,0.021476260007171424
1942,-576460668519,0.7517348350446044,3.334885215031664,-0.08764369345094261,0.021241922394781423
1943,-576460668500,0.7501582488040244,3.335265045457047,-0.08772741228654261,0.021008403009381425
1944,-576460668483,0.7485656683987624,3.3356441048828835,-0.08781189939844261,0.020772740648531424
1945,-576460668464,0.7469835967361106,3.3360160745135734,-0.08789574860820261,0.020538857606691423
1946,-576460668446,0.7422245229512383,3.3339450959249257,-0.0881803399171981,0.018883630889987516
1947,-576460668429,0.7406403734081004,3.3342802217354577,-0.08766043521187811,0.018315371278067517
1948,-576460668410,0.7390684671611611,3.3346045229724446,-0.08714148271297811,0.017748152434667517
1949,-576460668392,0.7375046815623194,3.3349188633085123,-0.08662212624771812,0.017180492053107517
1950,-576460668373,0.7526534569141445,3.328160234952225,-0.08187207262582448,0.013698295704212163
1951,-576460668357,0.7511872132646495,3.3284073907686316,-0.08207309978933448,0.013936949603182163
1952,-576460668338,0.7496861911409946,3.3286641888993076,-0.08227838643151449,0.014180660237642162
1953,-576460668320,0.7482259587963864,3.328917651433471,-0.08247760415949448,0.014417166024702163
1954,-576460668303,0.7470767058356029,3.329422882715679,-0.0822084929895516,0.01377936856556522
1955,-576460668285,0.7455836941955846,3.3296665246091144,-0.0820211451160916,0.01302097170894522
1956,-576460668266,0.7441220766758586,3.329892181090937,-0.0818373212208916,0.012276840154545218
1957,-576460668249,0.7426518882034204,3.3301073414880924,-0.0815441837452816,0.011633855756475218
1958,-576460668231,0.7411877878374079,3.3303108201845357,-0.0812512091509716,0.010991228631505218
1959,-576460668218,0.7562780391714727,3.3239372836634873,-0.07678143984538426,0.00762756625065053
1960,-576460668212,0.7548232789031885,3.324075654407565,-0.07647220969733426,0.006949283270300532
1961,-576460668195,0.7535264431225306,3.324188559863595,-0.07619549065676426,0.0063423120007105325
1962,-576460668177,0.752153541533653,3.3243031901172446,-0.07640847631678425,0.006399337935330533
1963,-576460668159,0.7507742791791042,3.3244190595002694,-0.07662185260242425,0.0064564684581705336
1964,-576460668141,0.7480075512389173,3.3234853544417993,-0.07718284292506007,0.006044606326448737
1965,-576460668123,0.7466165746372673,3.323594652483806,-0.07739587593364007,0.006101644938428737
1966,-576460668108,0.7453812434753404,3.3236887950498932,-0.07699157166080008,0.005663969769718737
1967,-576460668089,0.7439955846541165,3.323786579595393,-0.07653552614252007,0.0051702826816487375
1968,-576460668072,0.7426237878612829,3.3238751064523093,-0.07608135018096007,0.004678619461758737
1969,-576460668053,0.7412585676246225,3.3239548825995717,-0.07562664366952007,0.004186381900898738
1970,-576460668035,0.739896133903561,3.3240267914746906,-0.07572124802804008,0.003801717979018738
1971,-576460668016,0.7385323001889963,3.324091761192173,-0.07581583136804007,0.003417139519018738
1972,-576460667998,0.7371562123759048,3.3241502298169614,-0.07591114510161007,0.0030295912586887383
1973,-576460667984,0.7382265138424635,3.3250154829146807,-0.07564393604059967,0.0034163613454161156
1974,-576460667980,0.7368752809869924,3.3250730672748965,-0.07573774169535967,0.003034944974976116
1975,-576460667962,0.7354990894932963,3.3251224684549694,-0.07555028047756968,0.0023958448972761165
1976,-576460667944,0.7341569066353926,3.3251595263536786,-0.07536700269595968,0.0017710071529761172
1977,-576460667926,0.7328767805628542,3.3251845632178694,-0.07519178266580968,0.001173640208476118
1978,-576460667908,0.7476874068336989,3.318406771733501,-0.06976446035618922,-0.0027478489658396507
1979,-576460667892,0.7465087801538076,3.3183575104375365,-0.06918357146123921,-0.0030595540361396502
1980,-576460667873,0.7452673772131773,3.31829938059894,-0.0685664219509192,-0.0033907165582196495
1981,-576460667855,0.7440272454907696,3.318234742021428,-0.06794430757824921,-0.003724543226199649
1982,-576460667837,0.7417996970685923,3.3173575001982347,-0.06819731430686057,-0.0042522160819070285
1983,-576460667819,0.7405708709386631,3.3172793539433525,-0.06819495273672058,-0.004421545490037028
1984,-576460667801,0.7393432466359351,3.3171982345853803,-0.06819259339460057,-0.004590715144577027
1985,-576460667784,0.7381162103279606,3.317114107914065,-0.06819023510096058,-0.0047598096209570265
1986,-576460667766,0.7548715648998168,3.3095577432828103,-0.062258138555066206,-0.008560891753197743
1987,-576460667747,0.7537567037160678,3.309404611576535,-0.061587804985146204,-0.008449962087637743
1988,-576460667729,0.7526545203944874,3.309253560438591,-0.060917843740026206,-0.008339094035977743
1989,-576460667712,0.7515637296310969,3.3091044137502554,-0.06024747293762621,-0.008228158209027744
1990,-576460667693,0.7513493301570043,3.3096518798826917,-0.05996237800524408,-0.00812409286803064
1991,-576460667676,0.750302323909063,3.309508252319371,-0.05990782039665408,-0.00831961465053064
1992,-576460667656,0.7492255664151287,3.3093568394482817,-0.05985166063263408,-0.008520878185530639
1993,-576460667641,0.7482678013879952,3.309218994457236,-0.059801662764644076,-0.008700058918030638
1994,-576460667624,0.7471906824937405,3.309057681755911,-0.05974538432244408,-0.009203681517630636
1995,-576460667611,0.7651546316398162,3.301599385053884,-0.05450479187751463,-0.013100305712896745
1996,-576460667606,0.7641739424326954,3.301359024771497,-0.054448569651294625,-0.013603425248856743
1997,-576460667587,0.7631941021610629,3.3011095650114637,-0.05439233805574462,-0.014106628628756742
1998,-576460667569,0.7622091011801531,3.300849549365032,-0.053998416377244625,-0.01450582214775674
1999,-576460667551,0.7612487895542964,3.300587151142228,-0.053611582037884624,-0.014897833477996739
2000,-576460667533,0.763058129849123,3.3024421334787486,-0.05252093101535277,-0.014351198253308937
2001,-576460667515,0.7621169940830423,3.3021804602111495,-0.052131105688832766,-0.014746240598988936
2002,-576460667499,0.7612268579738646,3.30192604089909,-0.05236336037652277,-0.015120439222548935
2003,-576460667480,0.7602827403470821,3.3016505010324115,-0.05260857944808277,-0.015515525495988934
2004,-576460667462,0.7780812677558364,3.2935066785243277,-0.04739932374878443,-0.020007900106747127
2005,-576460667444,0.7772255379711395,3.2931428353505585,-0.04764480183537443,-0.020403403693907127
2006,-576460667427,0.7763726558337724,3.292772576855894,-0.04711461568222443,-0.020734143627327128
2007,-576460667409,0.7755224699844337,3.2923932679752888,-0.04658009991602443,-0.021067584453487127
2008,-576460667391,0.7792376752742418,3.295415755207542,-0.04491759642925287,-0.019888943357488954
2009,-576460667372,0.7784140917057585,3.295045737707262,-0.04437427417120287,-0.020227877836228952
2010,-576460667355,0.7776164065834942,3.294675300595237,-0.04424263659526287,-0.02092494247430895
2011,-576460667337,0.7768208707776059,3.294292206118013,-0.04411096245942287,-0.021622200709188952
2012,-576460667318,0.7760275742217235,3.293896488455944,-0.04397926638764287,-0.02231957510214895
2013,-576460667306,0.7891448772931341,3.288351734730571,-0.040170208924634423,-0.025206673094698647
2014,-576460667301,0.7884239590015953,3.287892363754313,-0.040038768772154426,-0.025902692310058647
2015,-576460667282,0.7877033331981379,3.2874240484755277,-0.04000408399441443,-0.026114999435518645
2016,-576460667265,0.7869835717452184,3.2869520683582687,-0.039969410774414425,-0.026327235815518647
2017,-576460667247,0.7862647938229749,3.2864765068409416,-0.039934754891024424,-0.026539366077328645
2018,-576460667228,0.790006201894824,3.28930536869337,-0.03818018481127515,-0.025519971851153952
2019,-576460667209,0.7893294814568648,3.288845567444825,-0.03757917012397515,-0.02595511894595395
2020,-576460667192,0.7886640898010874,3.2883784145345705,-0.036978693708995154,-0.02638987632043395
2021,-576460667175,0.7880033413556741,3.287899021586458,-0.03637259907667515,-0.02682870140075395
2022,-576460667156,0.7969391895784503,3.2833133161710606,-0.03379385954861151,-0.02912081279190748
2023,-576460667139,0.796329045436153,3.2827876868462895,-0.03399616792734151,-0.02927920107076748
2024,-576460667121,0.7957100954426809,3.2822547611978075,-0.03420017335430151,-0.029438917977487482
2025,-576460667103,0.7950929124650616,3.2817236424397596,-0.03440239182319151,-0.029597235865467482
2026,-576460667084,0.7964948100826317,3.2826676404864825,-0.03371406708264637,-0.0293805183424209
2027,-576460667067,0.7958894956462229,3.282134815419113,-0.03353935621702637,-0.0298189780599409
2028,-576460667050,0.7952864587026075,3.281593310936753,-0.03336439300528637,-0.030258071072980897
2029,-576460667031,0.7946883348742207,3.281045517840134,-0.03318994419140637,-0.030695873137460895
2030,-576460667012,0.7940835128595638,3.280473988516004,-0.03204459333293637,-0.030947800931480897
2031,-576460667000,0.8023047897464415,3.276959939879058,-0.029664761367792253,-0.03277764311399279
2032,-576460666993,0.8017678166193554,3.276352681815505,-0.028524784263552254,-0.03302838891383279
2033,-576460666975,0.8012594434690736,3.2757499805111827,-0.027401854931352256,-0.033275384939032794
2034,-576460666959,0.8008271028079268,3.275222503055419,-0.027352534778232254,-0.033527737624792796
2035,-576460666939,0.8003321513656896,3.274612559997378,-0.027295962763692255,-0.033817195359712796
2036,-576460666929,0.8052025701797447,3.27814670264303,-0.02604614309556872,-0.032257269138597375
2037,-576460666923,0.8047328420963337,3.277561725625997,-0.02598975846762872,-0.03254576808671737
2038,-576460666905,0.8042651693184476,3.276972853406852,-0.02593349876408872,-0.03283362784363737
2039,-576460666887,0.8038058556542337,3.2763839123804863,-0.02553598400304872,-0.03316155664379737
2040,-576460666870,0.803349690368298,3.275783860405237,-0.02513497250189872,-0.03349237007089737
2041,-576460666850,0.8073040048016776,3.2732291624108223,-0.023431235066013176,-0.034838852487037476
2042,-576460666832,0.8068852749203363,3.2725982073269226,-0.023029778120263175,-0.03517003338253748
2043,-576460666814,0.806468013808483,3.2719570074877415,-0.023038244165513175,-0.035622110054487476
2044,-576460666796,0.806052788769581,3.2713110452147736,-0.023046665812513176,-0.036071815913087474
2045,-576460666777,0.8119922516865377,3.275245931098407,-0.02141562411182751,-0.03450135871672117
2046,-576460666761,0.8116300680874111,3.274658979995474,-0.02142352653297751,-0.03492333853709117
2047,-576460666743,0.811247450973353,3.2740244960818177,-0.02103287760129751,-0.03548100163781117
2048,-576460666724,0.8108518002867611,3.2733448805817313,-0.02062114004275751,-0.03606876938772117
2049,-576460666706,0.8185912258133206,3.2691937862166047,-0.017900676468189894,-0.03844330596850978
2050,-576460666688,0.8182626811276472,3.2684825532311916,-0.017721646601669895,-0.03867183936522978
2051,-576460666670,0.8179421932324222,3.267777646264819,-0.017545246958169895,-0.03889701525622978
2052,-576460666651,0.8176308347419416,3.2670819866734875,-0.017372156931089892,-0.03911796638910978
2053,-576460666632,0.8173201553647526,3.266376879069784,-0.017197708117209894,-0.03934065202678978
2054,-576460666621,0.8193760962847811,3.2678482302546437,-0.01666730828050637,-0.038690130951726895
2055,-576460666617,0.8190719572456948,3.267140576391955,-0.01681711746938637,-0.0392195753885269
2056,-576460666598,0.8187664371343556,3.266426444723247,-0.016966275170546368,-0.039746717386126895
2057,-576460666580,0.8184636957239644,3.265715664780018,-0.017112793934106366,-0.0402645330477269
2058,-576460666562,0.8181542776872508,3.2649860593600093,-0.017261258914146364,-0.0407892268821269
2059,-576460666543,0.8263985859380077,3.2605018888303023,-0.014283092992892377,-0.043117193721716074
2060,-576460666526,0.8261456683415849,3.2597211538318356,-0.013773659619322377,-0.04349160304645607
2061,-576460666507,0.8259026516288692,3.2589360373420426,-0.013265752087572377,-0.04386489094995607
2062,-576460666489,0.8256686242194561,3.2581437243809606,-0.012757533736192376,-0.04423840729111607
2063,-576460666471,0.831223956566036,3.2614716187728803,-0.011172915485632652,-0.042495411266080564
2064,-576460666454,0.8310234635088383,3.260705273296863,-0.011084306672192653,-0.042578464845920566
2065,-576460666436,0.8308248087345667,3.2599383700798414,-0.010995806062232653,-0.04266141700598056
2066,-576460666417,0.8306168415939884,3.2591272275474905,-0.010902387112272654,-0.04274897915604056
2067,-576460666399,0.8355609022895994,3.256134871110268,-0.009266989200411968,-0.044262462254521615
2068,-576460666382,0.8353958358445648,3.2553362702296478,-0.009103323529501968,-0.044614159037561614
2069,-576460666363,0.8352333888135206,3.254529730222649,-0.008939329999031968,-0.04496656034924162
2070,-576460666346,0.8350939342559256,3.2538071263488444,-0.008477250192671967,-0.045279958172601616
2071,-576460666331,0.8349458829408042,3.252988140972247,-0.007957374342091967,-0.04563255518668161
2072,-576460666311,0.8415715403452979,3.256930745907103,-0.005653715660432713,-0.043871959630958184
2073,-576460666292,0.8414743503842219,3.2561370399910783,-0.005133782100372713,-0.044224595785518184
2074,-576460666274,0.8413800550926523,3.255335447656548,-0.005315028533962712,-0.044599420451458184
2075,-576460666257,0.8412831919251355,3.254532846644873,-0.005494989603072712,-0.04497158693371819
2076,-576460666238,0.8445025373165177,3.252233851287139,-0.0047174072160134145,-0.046120556628867916
2077,-576460666220,0.8444155514229257,3.251396085931016,-0.004899075409823414,-0.04649625351132792
2078,-576460666201,0.8443307870459046,3.250561378841542,-0.004575509849343414,-0.046803594415127915
2079,-576460666185,0.8442512383797627,3.2497148123684867,-0.0042495030352634145,-0.04711325415992791
2080,-576460666165,0.8504955144726488,3.2532718530621056,-0.0022635264282493484,-0.045464990652809324
2081,-576460666148,0.8504593348228662,3.252489144863591,-0.0019532159706493486,-0.04575974110880932
2082,-576460666131,0.8504283022506075,3.251719624643857,-0.001739818928629348,-0.045817102843829324
2083,-576460666114,0.8503989715171959,3.2508922075639832,-0.0015106640781393477,-0.04587870032281932
2084,-576460666094,0.8514847285704294,3.249567507309012,-9.615677059784361e-4,-0.046200484809443686
2085,-576460666077,0.8514694678462094,3.2487347442436296,-7.328445762684356e-4,-0.046261966240653686
2086,-576460666059,0.8514567913840922,3.247900045270417,-6.766691966984354e-4,-0.046549394543513686
2087,-576460666042,0.851445022389584,3.2470524011915596,-6.199753808684351e-4,-0.046839475489853684
2088,-576460666023,0.8601279474856945,3.252296672806638,0.0017011433506008355,-0.044425516419333566
2089,-576460666005,0.8601609119918032,3.251492478874556,0.0019619865648008356,-0.04493929434655357
2090,-576460665975,0.8601986178367022,3.250678083446527,0.0022231341299008356,-0.04545367174796357
2091,-576460665969,0.8602409597453704,3.2498557065462883,0.002483875893800836,-0.04596724985045357
2092,-576460665951,0.8602880008930311,3.2490239504197955,0.0027446611364008357,-0.04648091359211357
2093,-576460665923,0.8612990150021251,3.247746103234918,0.0029924230056294627,-0.046954377455228284
2094,-576460665915,0.8613525349584679,3.246899903454998,0.002962509549879463,-0.04719858832172828
2095,-576460665897,0.86140566678068,3.246046894384325,0.0029325112214594632,-0.047443492081368284
2096,-576460665878,0.8614611392278502,3.2451421094031105,0.0029008603722294633,-0.04770188687802829
2097,-576460665860,0.8644551295655177,3.2463337190615666,0.003993422137927358,-0.04729143998563356
2098,-576460665842,0.8645299622631595,3.2454777065961977,0.004319013034727358,-0.04779464336553356
2099,-576460665825,0.8646063687025489,3.2446572975057184,0.004627876823527358,-0.048271994863933555
2100,-576460665807,0.8646924117744111,3.2437857274574524,0.004952690135847358,-0.048773996480693554
2101,-576460665789,0.8642499624876603,3.2431501750287093,0.004962608664968525,-0.04880544910113126
2102,-576460665773,0.8643362416285986,3.242313483160019,0.0051184967785385255,-0.048956059187751255
2103,-576460665756,0.8644238444343275,3.241486735213068,0.0052720625535585255,-0.049104425565071254
2104,-576460665737,0.8645201516970593,3.2406020212906035,0.005435883047038526,-0.04926269945875125
2105,-576460665720,0.8679861913015693,3.242054013888862,0.0063635488742174035,-0.048594259525384
2106,-576460665702,0.868101035230181,3.2411767854078164,0.006408950554317404,-0.048967713565364
2107,-576460665685,0.8682103715643772,3.2403411854746813,0.006451878028417404,-0.049320815886544
2108,-576460665667,0.8683233622273796,3.2394915907960913,0.006721035175017404,-0.049728403418594004
2109,-576460665650,0.8684459932835326,3.238599000187691,0.007001457540577405,-0.050153049991624
2110,-576460665637,0.8665949921844434,3.239441312847954,0.006467208646598624,-0.04971312009765872
2111,-576460665631,0.8667138694298117,3.2385431792575634,0.006749451019678624,-0.05014052272744872
2112,-576460665613,0.8668388858978023,3.2376297210936706,0.007034062540478624,-0.05057151298284872
2113,-576460665596,0.866966118412207,3.2367139919755776,0.007090328490238625,-0.05108580474508872
2114,-576460665577,0.8670932140527349,3.235797304622658,0.007146091619288625,-0.051595500538538716
2115,-576460665559,0.873944184316635,3.239560928667999,0.008967016807235106,-0.050014993685834945
2116,-576460665542,0.8741060965629852,3.238656034266474,0.009023232787235106,-0.050528828705834944
2117,-576460665522,0.8742706573541543,3.237740287916903,0.009198535695675107,-0.050871497899294946
2118,-576460665506,0.8744386188154538,3.2368170719162537,0.009374081244615107,-0.05121464138850494
2119,-576460665487,0.8708705644440636,3.2375658968915064,0.008476343487148772,-0.05067467715217969
2120,-576460665470,0.871014535380461,3.2367107121573926,0.008639621132408772,-0.05099384024826969
2121,-576460665454,0.8711629843422919,3.2358430642593716,0.008824962612408772,-0.05108238304826969
2122,-576460665435,0.8713238614841692,3.2349212534936194,0.009021522703168772,-0.05117628529186969
2123,-576460665415,0.8776076856890515,3.23820320042804,0.010837071663071246,-0.049375522928911834
2124,-576460665397,0.8778042874770434,3.2373146361081275,0.011033086631831245,-0.049469164752511834
2125,-576460665379,0.8780024339113389,3.236420171300202,0.010959968953441245,-0.04981101815728183
2126,-576460665361,0.8781990559872809,3.2355204995369107,0.010886928373441246,-0.05015251109728183
2127,-576460665343,0.8731013715101553,3.2370538539274962,0.009285722031985202,-0.04922105531140465
2128,-576460665325,0.8732717513976221,3.2361585573109206,0.009515854603065203,-0.04957574634116465
2129,-576460665308,0.873445483589682,3.235261026361817,0.009744920569865203,-0.04992879347076465
2130,-576460665290,0.8736212439032801,3.234367735475219,0.009971307328295202,-0.05027771127972465
2131,-576460665271,0.8738029374571388,3.2334588068414685,0.010200055853345203,-0.05063026915332465
2132,-576460665259,0.8775991458260664,3.2361002936316354,0.011201800032355429,-0.04944903560194346
2133,-576460665252,0.8778112331079861,3.235156698675531,0.011136109485755429,-0.04993428696420346
2134,-576460665235,0.8780010994138037,3.234299338052175,0.011076971042755429,-0.05037113840650346
2135,-576460665219,0.8781878392603152,3.2334442641164465,0.01101849680455543,-0.05080308341552346
2136,-576460665201,0.8783743140707333,3.232578507446697,0.01095979424595543,-0.05123671501098346
2137,-576460665183,0.8747330565080697,3.233432733630278,0.010154891146891429,-0.05048876319078417
2138,-576460665164,0.8749188102669553,3.232521201879185,0.01045922037077143,-0.05066890533574417
2139,-576460665147,0.87512043255522,3.231557400480112,0.010779828219211429,-0.05085868331622417
2140,-576460665127,0.8753282751105439,3.2305893833740464,0.011100638706131429,-0.051048581244864166
2141,-576460665109,0.884253093444924,3.235768020060476,0.013658199934936124,-0.04850651252146172
2142,-576460665091,0.8845038904229457,3.234883739135159,0.013910996285996124,-0.04869926139492172
2143,-576460665074,0.8847395418065624,3.23406414538298,0.014144409823506125,-0.04887723151283172
2144,-576460665057,0.8849963920907656,3.233182638973169,0.014394510643506124,-0.04906792513283172
2145,-576460665038,0.8823870573337509,3.233630632056105,0.01354696839038834,-0.048767498402967076
2146,-576460665021,0.8826304325001363,3.2327503405136375,0.013527808157108339,-0.04916236503760708
2147,-576460665004,0.8828603593139749,3.231911010240627,0.01350968171102834,-0.04953592670864707
2148,-576460664985,0.883108911307162,3.2310043233659194,0.01377374234902834,-0.049990623753247074
2149,-576460664967,0.8929084023223284,3.236744754600965,0.016565154662263784,-0.04745950238362009
2150,-576460664950,0.8932085696126807,3.235887446774789,0.016825722511363782,-0.047908185049090085
2151,-576460664933,0.8934967181915329,3.2350693531646213,0.017072116304263783,-0.04833246081502009
2152,-576460664916,0.8937871189526757,3.234243625195146,0.017094688936383783,-0.04881772089863009
2153,-576460664898,0.8940956205029446,3.23335860441439,0.017118635924303783,-0.04933252649589009
2154,-576460664885,0.8909228720574303,3.234844695353638,0.016202063342092038,-0.04855830927490544
2155,-576460664878,0.891234731938598,3.233905493618213,0.016227602458132036,-0.04910734199377544
2156,-576460664862,0.891509005547674,3.2330719988676266,0.016250030351332035,-0.04958949052087544
2157,-576460664844,0.8917833828533125,3.232233532731922,0.016322808212042034,-0.04994943459396544
2158,-576460664827,0.8920783196459902,3.2313296730115297,0.016400679270222034,-0.05033456855618544
2159,-576460664808,0.8971484715845858,3.2337307179192405,0.017747779775762706,-0.049232366385068976
2160,-576460664790,0.8974680432087907,3.232842711465716,0.017825395958072705,-0.04961623978455898
2161,-576460664772,0.8978116193909217,3.2318856533327303,0.018068480152552704,-0.05036893917343898
2162,-576460664752,0.8981391103243962,3.2309720811032405,0.018297177886922703,-0.05107709152890898
2163,-576460664735,0.8946592708210929,3.2318535015062126,0.01742316817892361,-0.05084262304175034
2164,-576460664717,0.8949749448708535,3.2309319648127213,0.017651726238923613,-0.05155034290175034
2165,-576460664699,0.895292732483045,3.23000185105996,0.017654085581043612,-0.05178414801721034
2166,-576460664681,0.895611039292174,3.229066123858041,0.017656448461783613,-0.05201830380138034
2167,-576460664663,0.9042297779968841,3.2338661103907156,0.019870555673160307,-0.04967166690001462
2168,-576460664646,0.9045899914886439,3.23297013270035,0.020249006810530306,-0.05011980053502462
2169,-576460664627,0.9049617457002501,3.232054476589357,0.020632305292200306,-0.05057367403393462
2170,-576460664610,0.9053311000981774,3.231153321685172,0.021006204141010305,-0.051016417188064614
2171,-576460664593,0.905714187191282,3.2302272262580853,0.021387100025940305,-0.051467445710954615
2172,-576460664579,0.9015803289850416,3.232190069960644,0.020192185194414288,-0.050447059303819645
2173,-576460664574,0.9019425934076807,3.2312833116679065,0.02024813883317429,-0.050776237496539645
2174,-576460664556,0.9023078907205746,3.2303655451852324,0.02030440478293429,-0.051107253031259646
2175,-576460664537,0.9026738148686392,3.2294427924504707,0.02036061139360429,-0.05143791947099965
2176,-576460664520,0.9030406893166361,3.228514244017468,0.02041680863494429,-0.05176853079047965
2177,-576460664507,0.9105022619475656,3.233649816811778,0.022410226712949358,-0.04945729508469526
2178,-576460664501,0.9109050256791633,3.2327576683766095,0.02232638681562936,-0.04963727729877526
2179,-576460664482,0.9113061240916275,3.231862627902266,0.02224257951184936,-0.04981718954309526
2180,-576460664465,0.9117057362152008,3.2309642991903305,0.02215876755184936,-0.04999711178309526
2181,-576460664447,0.9121037072736766,3.2300630329400986,0.02207498352916936,-0.050176974049015256
2182,-576460664428,0.9072900423699902,3.2316202951500865,0.0208139872423516,-0.04954979285394087
2183,-576460664408,0.9076660059832822,3.230724618741291,0.0210527848391516,-0.05019145534154087
2184,-576460664390,0.9080259735611609,3.229865845811577,0.0212789112717116,-0.050799069702710864
2185,-576460664375,0.9084116720543317,3.2289464727397483,0.0214648681011216,-0.05108745679237086
2186,-576460664357,0.9150540712137658,3.2323379785956616,0.02332504565479372,-0.04943130037758027
2187,-576460664339,0.9154810930317734,3.231433991795889,0.02351292933781372,-0.04972267568610027
2188,-576460664322,0.9159000470384248,3.2305489469940514,0.02369581556628372,-0.050006300801320264
2189,-576460664305,0.9163041879405813,3.2296949325687603,0.02379988335916372,-0.05035971462840026
2190,-576460664287,0.9142680146467043,3.2299703091349543,0.023197147956553477,-0.050119028377844356
2191,-576460664269,0.9146864840442073,3.2290649538388463,0.023307202491073476,-0.05049277315666435
2192,-576460664251,0.9150833091936933,3.228204186003276,0.023411086829153476,-0.050845563971944355
2193,-576460664233,0.915506571894318,3.2272865710122614,0.023618102129153475,-0.05111165725194435
2194,-576460664215,0.9159466187615696,3.226336009115224,0.023831419894953475,-0.051385851594024354
2195,-576460664203,0.9204821673635449,3.2294417110635334,0.025048747767099797,-0.04998517503013634
2196,-576460664195,0.9209214987722596,3.2285662644128346,0.025249656115749797,-0.050243418558376336
2197,-576460664180,0.9213772956760552,3.2276605992449467,0.025456418397049797,-0.05050918661325634
2198,-576460664160,0.9218363686104502,3.226751336087843,0.0255772022349198,-0.05057059295472634
2199,-576460664145,0.922272356690187,3.225890737775504,0.0256913866334798,-0.05062864415008634
2200,-576460664132,0.912642783966132,3.230525918561414,0.02290713050502761,-0.04822712369323854
2201,-576460664126,0.9130570749814507,3.229655442433623,0.02302822988068761,-0.04828869045369854
2202,-576460664109,0.9134487150217795,3.2288357336257563,0.02314212559573761,-0.04834659488274854
2203,-576460664091,0.9138483312298007,3.2280039816570816,0.023411486708697613,-0.04854902122562854
2204,-576460664072,0.9142689153493441,3.227135113127304,0.023691673728457614,-0.04875958329640854
2205,-576460664056,0.9243436639317634,3.232907544229199,0.026567279854832367,-0.045966916555085655
2206,-576460664038,0.9248241750571724,3.2320786452156867,0.026849553607352368,-0.04617904681689566
2207,-576460664021,0.9253074119832999,3.231244267857428,0.026819585233992367,-0.046488363029695653
2208,-576460664003,0.9257898145530737,3.2304048351062415,0.026789635166502367,-0.046797490299895654
2209,-576460663984,0.919233382404775,3.2329788259537584,0.024724086084192794,-0.045338297505843096
2210,-576460663966,0.9196813606641221,3.232159526826328,0.024996031490392794,-0.045593903096843094
2211,-576460663948,0.9201373979947017,3.2313298903867453,0.025269863310342793,-0.045851281756593094
2212,-576460663930,0.9205943938295118,3.2305028226962493,0.025541325794622795,-0.0461064334419931
2213,-576460663913,0.9210528139533495,3.2296773776622945,0.025810766043362795,-0.0463596843976931
2214,-576460663895,0.9215198077352356,3.22883818508086,0.026071667229162796,-0.0468735765104731
2215,-576460663877,0.9219914982602684,3.2279897414136114,0.026332568414962797,-0.047387468623253104
2216,-576460663858,0.9224782314846627,3.227113410871388,0.026599107338862796,-0.0479124652817431
2217,-576460663839,0.916491046804727,3.2295671671192,0.024989119679841847,-0.046721974350492405
2218,-576460663823,0.916915133503642,3.22876959565211,0.024971026272321846,-0.0472370840332324
2219,-576460663805,0.9173648385527688,3.227913648261457,0.024951825540161846,-0.0477837186591524
2220,-576460663786,0.9177887159823668,3.2270972304767724,0.024933714014721848,-0.0482993441494324
2221,-576460663767,0.9182372256088467,3.2262231711667297,0.024914535663521847,-0.048845341601332394
2222,-576460663751,0.9287230855974675,3.232244235447838,0.02794682548109885,-0.046345328179730874
2223,-576460663733,0.9292264680929214,3.2314090791423973,0.02828132257294885,-0.046942167541080874
2224,-576460663716,0.9297099214935233,3.230606293087707,0.02859889398117885,-0.04750880659741087
2225,-576460663699,0.930228972261327,3.229743665804652,0.02893596915728885,-0.04811024600522087
2226,-576460663680,0.9206370462044441,3.2340980871057896,0.02604818932318145,-0.04576537621878972
2227,-576460663663,0.9211058790222495,3.2332721174708188,0.02609359100328145,-0.04609578543064972
2228,-576460663644,0.9215761817740742,3.232439045426383,0.026139055800881453,-0.04642665397800972
2229,-576460663628,0.9219950719502779,3.231692352135068,0.026169907261521453,-0.046816764018329717
2230,-576460663610,0.9296606029154182,3.2357673590430913,0.028133879032627446,-0.04505548195673164
2231,-576460663593,0.9301670712800931,3.2349528238938996,0.028168534916017448,-0.04549369809905164
2232,-576460663575,0.9306747554061978,3.2341294402225214,0.028203231251497447,-0.04593242574929164
2233,-576460663555,0.9312132150550774,3.2332506880817204,0.028399275726277446,-0.04644139331945164
2234,-576460663537,0.9317347043348712,3.232396237374056,0.028587860083337444,-0.04693099304977164
2235,-576460663525,0.9254899143374491,3.235581055767285,0.026776737115385727,-0.045301287886009185
2236,-576460663519,0.9259647487667285,3.234776268445646,0.026958840237575728,-0.045774061136689186
2237,-576460663501,0.9264508085311317,3.233949481822193,0.027143983048615726,-0.046254725979569186
2238,-576460663484,0.9268852199849644,3.233207632344488,0.027126921296775727,-0.046424326766379184
2239,-576460663467,0.9273739553928697,3.2323692060718425,0.027107713104295727,-0.04661526405044918
2240,-576460663455,0.9359427453003165,3.238193065506099,0.02940417692778303,-0.04401975155307726
2241,-576460663448,0.9365017024349678,3.2373540704553614,0.02938391043562303,-0.04422120876851726
2242,-576460663431,0.9369995478874017,3.236603087914,0.02936584793514303,-0.04440075740583726
2243,-576460663413,0.9375371591479875,3.235792009736627,0.02967338560162303,-0.04466998467335726
2244,-576460663396,0.9380686500343729,3.2349935984941096,0.02997432063096303,-0.04493343180351726
2245,-576460663376,0.9333815187893753,3.2368546408993857,0.028761766749709577,-0.04383433038841843
2246,-576460663357,0.9339304878115287,3.2360199584839835,0.029082290165449578,-0.04411492575217843
2247,-576460663341,0.9344576871410161,3.235220734503393,0.029300802801049578,-0.04439271329437843
2248,-576460663323,0.9349552476622727,3.234467318749967,0.029505546478769577,-0.04465299683751843
2249,-576460663305,0.9430231253629956,3.2387660396704607,0.03174195711495955,-0.04265888868151947
2250,-576460663287,0.9435955253410041,3.2379930803306993,0.03178745220895955,-0.04313016123651947
2251,-576460663269,0.9441720557807796,3.237207093968948,0.031833209871759555,-0.04360415367751947
2252,-576460663251,0.9447584373813482,3.2364000418055707,0.03187968202465955,-0.04408554734676947
2253,-576460663232,0.9411243634566357,3.237731145280093,0.03070223468282417,-0.04347107774336785
2254,-576460663215,0.941647839437112,3.236988005300033,0.030846969370824172,-0.04390575706676785
2255,-576460663197,0.9422044633113869,3.2361935618697513,0.03100012777082417,-0.044365735186767855
2256,-576460663179,0.9427640621100734,3.23539052505269,0.031153345732424172,-0.04482589218714785
2257,-576460663162,0.944409537817784,3.2353470111759313,0.0315967484827278,-0.044941528620783655
2258,-576460663144,0.9449964900971485,3.2345099375579998,0.0315435569566478,-0.045105117025903654
2259,-576460663126,0.9455692587254055,3.2336887893196473,0.0314915641853778,-0.04526501870868366
2260,-576460663110,0.9460994225454938,3.232924915483783,0.0314433622258578,-0.04541326190196366
2261,-576460663091,0.9396304491219547,3.2356444653770517,0.02935385858884432,-0.04376484254905589
2262,-576460663074,0.9401597588014636,3.2348538453061493,0.02947466928099432,-0.04410624062990589
2263,-576460663056,0.9406618870565356,3.234101164499635,0.02958882011170432,-0.044428818655395885
2264,-576460663037,0.9411954248686484,3.233298596178699,0.02970963080385432,-0.044770216736245885
2265,-576460663019,0.9417313454824213,3.2324895686175292,0.02983048849099432,-0.045111747619905884
2266,-576460663008,0.947840711997969,3.2365908771764054,0.03146849491291487,-0.043287576748307494
2267,-576460663001,0.9484096371658981,3.2358074929962513,0.03165423535769487,-0.04362956295588749
2268,-576460662984,0.9489483250509345,3.235064323599026,0.03182910505082487,-0.043951533882817494
2269,-576460662967,0.9494910687906302,3.234314184723071,0.032004325080974866,-0.044274149851967495
2270,-576460662951,0.9500365025314498,3.2335589611326845,0.03217945237485487,-0.04459659507464749
2271,-576460662931,0.9463942937668524,3.2348509143667634,0.031040606108726602,-0.043942375583963696
2272,-576460662913,0.9469532299951888,3.2340570423947668,0.031129042780266604,-0.0443588281306637
2273,-576460662895,0.9475146304946689,3.2332544284725904,0.031217617165326603,-0.0447759291769637
2274,-576460662878,0.9480471119883925,3.2324878722739006,0.031291215812736604,-0.0452112984675437
2275,-576460662861,0.9569233843562359,3.237307129938451,0.03360410608308596,-0.04315562746365303
2276,-576460662843,0.9574955141324535,3.236569486538454,0.03367757513259596,-0.04359023012403303
2277,-576460662825,0.9581364378847065,3.235736307000809,0.03375968836203597,-0.04407596701875303
2278,-576460662806,0.9587456068233937,3.234939543503207,0.03395584506251596,-0.04449267433315303
2279,-576460662790,0.950743781861436,3.238502359926927,0.031657425911238476,-0.042680134811781116
2280,-576460662773,0.951315349869454,3.2377304085639307,0.031853658928798476,-0.043097004251081115
2281,-576460662756,0.9518580209677395,3.236994978148125,0.03203885867707847,-0.043490435061981116
2282,-576460662738,0.9524061808160262,3.236250489004391,0.03223502867552847,-0.043803830486921116
2283,-576460662721,0.9529873985388905,3.2354602351877944,0.032441733452578475,-0.044134055964581115
2284,-576460662707,0.9571432364773436,3.2382302895269937,0.03355836121917365,-0.04289890782763396
2285,-576460662702,0.9577826172525022,3.23741228310724,0.033776773861523654,-0.04324783744685396
2286,-576460662685,0.9583581445586651,3.2366748505123906,0.033972173303023656,-0.04356000185265396
2287,-576460662665,0.9589712960490897,3.2358866394727404,0.03418985108968366,-0.04406281396083396
2288,-576460662649,0.9595541686741232,3.235133666765959,0.034395502211903656,-0.04453784577689396
2289,-576460662631,0.9544630586640201,3.2372057875741347,0.03296119983609055,-0.043572142307011535
2290,-576460662615,0.955025180571197,3.236460978624534,0.03316689935535055,-0.04404728591499153
2291,-576460662596,0.9556233832586107,3.2356667187051795,0.03324472289430055,-0.044130334884841534
2292,-576460662579,0.9561886013695742,3.234916588415896,0.03331808826549055,-0.044208626345011534
2293,-576460662561,0.96098101213247,3.2369163770257994,0.03452362960860936,-0.043042131672354135
2294,-576460662545,0.961572482159572,3.2361790788766873,0.034597560890629354,-0.043121027041214136
2295,-576460662526,0.9621976307411362,3.235396907624213,0.034794001054549356,-0.04370006880451414
2296,-576460662509,0.962786052005513,3.234655247166046,0.034977892510029356,-0.04424212105346414
2297,-576460662491,0.9634368732304515,3.233828892120367,0.03518016547934936,-0.04483835603151414
2298,-576460662479,0.9528013968536716,3.2391599577417054,0.03210692539329981,-0.04211796119911193
2299,-576460662473,0.953364130044634,3.238419039464424,0.03229744553229981,-0.042679552652861934
2300,-576460662457,0.9538846253479676,3.2377292761488468,0.03242467624505981,-0.04309056865742193
2301,-576460662439,0.9544667502653705,3.236953251362456,0.032566382971519814,-0.043548349104181934
2302,-576460662422,0.9550543574771811,3.2361650652419875,0.03270880163307981,-0.04400842944154194
2303,-576460662409,0.9618789209362943,3.2407175839625277,0.03454714038806912,-0.04197018066626777
2304,-576460662403,0.9625017530576959,3.2399574298270566,0.03466796450735912,-0.042505469216637774
2305,-576460662385,0.9631272119055917,3.23918708257118,0.034788875903059124,-0.04304114442873777
2306,-576460662367,0.9637543596313598,3.2384076978772933,0.034909693308779126,-0.04357640323589777
2307,-576460662349,0.9643860987083822,3.2376156368904283,0.035030973950829124,-0.044113714324547776
2308,-576460662329,0.9563928837362298,3.2411334487935064,0.03274899545640173,-0.04248814006331595
2309,-576460662312,0.9569834378511991,3.2403645863759714,0.03295573473600173,-0.04305507506075595
2310,-576460662294,0.9575914053940713,3.2395675141550284,0.03316722386665173,-0.04363503543391595
2311,-576460662278,0.9581469017686726,3.238834411185516,0.03335928806165173,-0.04416172738191595
2312,-576460662259,0.961794949131889,3.2400783853445,0.0343877354626217,-0.04364023520280845
2313,-576460662240,0.9624160336714532,3.239288994712656,0.0345948312685717,-0.04403573878996845
