3274,-576459455036,0.8999999612598838,3.1499999213711005,-1.4888591960000041e-5,-3.0218639239999978e-5
3275,-576459455034,0.8999991960305552,3.149998368222953,-6.782548993000018e-5,-1.376620446699999e-4
3276,-576459455034,0.8999976301664473,3.1499951900659653,-1.1644801498000032e-4,-2.3634878061999981e-4
3277,-576459455033,0.899996448038394,3.149991114693923,-2.274049948000006e-5,-2.4350192493999975e-4
3278,-576459455011,0.8999970148652165,3.1499864025877633,8.228738702000022e-5,-2.515192074999997e-4
3279,-576459454995,0.8999995703579355,3.1499815529009862,1.869953020200005e-4,-2.595120650999996e-4
3280,-576459454977,0.90000384918114,3.1499767955662503,2.8666642427000073e-4,-2.6712044013999956e-4
3281,-576459454960,0.9000104099549169,3.1499706129449723,4.8279041932000084e-4,-4.5798614263999944e-4
3282,-576459454942,0.9000208881996621,3.14996062782309,6.885521266700009e-4,-6.582311601399994e-4
3283,-576459454925,0.9000351390069519,3.1499469724948064,8.95486920720001e-4,-8.596178126399993e-4
3284,-576459454809,0.9000531528866254,3.1499296554130707,0.001102835745370001,-0.0010614073951399992
3285,-576459454808,0.900072128480411,3.1499081870961967,0.0010083785164900015,-0.0013271458840999994
3286,-576459454808,0.9000894280436478,3.149881903630763,9.137951764900018e-4,-0.0015932391640999996
3287,-576459454807,0.900105029202758,3.149850821189442,8.191855633400021e-4,-0.0018594063588999999
3288,-576459454807,0.900120368567595,3.1498162371412883,8.861357081400027e-4,-0.0019854016625999995
3289,-576459454807,0.9001370734901913,3.1497790295115187,9.537147898200033e-4,-0.002112580579769999
3290,-576459454799,0.9001546891590506,3.1497402064287114,0.001020140200300004,-0.0022375883716399987
3291,-576459454780,0.9001736480461976,3.149698809431758,0.0010871052311800045,-0.0023636116898599984
3292,-576459454762,0.9001936917665931,3.1496562514567943,0.001132698788480005,-0.0023496033235599987
3293,-576459454743,0.9002155731260914,3.1496119381341083,0.0011804635877800053,-0.0023349278552599988
3294,-576459454725,0.9002372145354782,3.1495700652687275,0.0012258753666800056,-0.0023209753393599987
3295,-576459454705,0.9002596931074497,3.1495284064549844,0.001271327540780006,-0.002307010412259999
3296,-576459454689,0.9002827401338006,3.149484784639499,0.001284483532230006,-0.0025304517984599986
3297,-576459454672,0.9003046571215892,3.1494400287802833,0.0012968706623000062,-0.0027408348413799984
3298,-576459454654,0.9003281281376764,3.1493886659360966,0.0013100062285900064,-0.002963929326619998
3299,-576459454636,0.9003518303933443,3.14933329857751,0.0013231388770000064,-0.0031869742545799977
3300,-576459454619,0.9003773282152113,3.1492750630341573,0.0015086938492400062,-0.0032807671217799975
3301,-576459454600,0.9004061895371239,3.149215094599132,0.001694382773870006,-0.0033746276981799976
3302,-576459454582,0.9004383088071581,3.1491535977158556,0.0018795874090900058,-0.0034682434797799976
3303,-576459454564,0.9004741329081132,3.1490897698378735,0.0020666673777700057,-0.0035628071901799975
3304,-576459454545,0.9005111432929622,3.1490249552420115,0.002079689876210006,-0.003698518808259998
3305,-576459454528,0.9005486770495206,3.1489571848908744,0.002092813770980006,-0.0038352871098999985
3306,-576459454510,0.9005864911429216,3.1488868705263826,0.0021059529846200065,-0.003972215054379999
3307,-576459454491,0.9006276512800238,3.148810253335426,0.002233316121090007,-0.004105080919109999
3308,-576459454472,0.9006689291519555,3.148735244215351,0.0023541335268100075,-0.004231118244589998
3309,-576459454456,0.9007099392791048,3.148662268378994,0.002468317925370008,-0.004350235983629998
3310,-576459454439,0.9007529560191609,3.1485871548521,0.002582670163180008,-0.0044695288134199975
3311,-576459454422,0.9007971888239169,3.148510376493756,0.0026356162470100083,-0.004588261352809997
3312,-576459454404,0.9008452220004134,3.1484265023393054,0.0026919321665300087,-0.0047145508089699965
3313,-576459454385,0.9008969709510362,3.1483355938513564,0.002751314980070009,-0.004847717829789996
3314,-576459454368,0.9009444498091379,3.1482517186177783,0.0028046920530800093,-0.004967416870119996
3315,-576459454351,0.9009923796834165,3.1481666662310395,0.0028775692721800094,-0.005115853638319996
3316,-576459454332,0.90104496442076,3.148072997219277,0.0029554576100800094,-0.005274497084119996
3317,-576459454315,0.9010988412539929,3.147976668886363,0.0030331861105700095,-0.005432814972099996
3318,-576459454296,0.9011541135452226,3.1478774975308195,0.0031109102911300096,-0.005591124061219996
3319,-576459454279,0.9012120692928411,3.147774098082595,0.0033182591157800098,-0.0058792235148399955
3320,-576459454261,0.9012735800163556,3.1476658251685112,0.00352500989623001,-0.006166492019899995
3321,-576459454243,0.9013388746722055,3.147552271858234,0.00373196769198001,-0.006454048160999994
3322,-576459454225,0.901408460858101,3.1474325730184995,0.00394058161013001,-0.006743905390419993
3323,-576459454208,0.9014787167262975,3.147310258452193,0.0039215343474100104,-0.0069439377504199925
3324,-576459454189,0.9015492214452144,3.147183290040462,0.0039023261549300105,-0.007145660177919993
3325,-576459454171,0.9016191974671568,3.1470530313000404,0.0038831680531700103,-0.007346856557919993
3326,-576459454093,0.9016882793941804,3.146920256710564,0.0037994305926900103,-0.007419000812639992
3327,-576459454091,0.9017596503934222,3.1467785266335366,0.0037109344753700107,-0.007495244902119991
3328,-576459454090,0.9018220017148022,3.146650656374821,0.003631857891110011,-0.007563373565259991
3329,-576459454089,0.9018867627673145,3.146513560348197,0.003547859682310011,-0.00763574246845999
3330,-576459453990,0.9019512769375817,3.1463757609157126,0.003625562263220011,-0.00768637155657999
3331,-576459453989,0.9020172702170437,3.146236880603125,0.003703359882590011,-0.007737062569419991
3332,-576459453989,0.902084585150478,3.1460972509382916,0.003781066783430011,-0.007787694472299991
3333,-576459453988,0.9021533596165764,3.1459565850932067,0.003858842803150011,-0.007838371411339992
3334,-576459453988,0.9022238848534548,3.1458154714075754,0.003969031871190011,-0.007824394073039993
3335,-576459453987,0.9022962038705205,3.1456749766700463,0.004078933526710011,-0.007810453192639993
3336,-576459453973,0.9023713233593315,3.145533196580146,0.004190039868750012,-0.007796359499339993
3337,-576459453955,0.9024470725880392,3.1453941862708783,0.004299171014110012,-0.0077825163571399935
3338,-576459453937,0.9025253994077848,3.145253806891514,0.004419793726300012,-0.007843840782529993
3339,-576459453919,0.9026062340059149,3.1451117327992084,0.0045409199562400126,-0.007905421195669993
3340,-576459453902,0.9026889043289036,3.14496914518861,0.004661542668430013,-0.007966745621059992
3341,-576459453882,0.9027759080289174,3.144817995621074,0.004481823419930014,-0.007917818252229992
3342,-576459453865,0.9028505875121946,3.14468403193148,0.004321604998930014,-0.007874199853849993
3343,-576459453847,0.9029268174935899,3.1445427676202957,0.004151688103430014,-0.007827941110359992
3344,-576459453828,0.9030001175721282,3.1444020866301634,0.003981469015930015,-0.0077816000971099916
3345,-576459453812,0.90306795244038,3.14427067697688,0.004014154304650015,-0.007707515094229993
3346,-576459453794,0.9031405881071899,3.144132519332023,0.004048860271580015,-0.007628849989509993
3347,-576459453775,0.9032143840351119,3.143994789959602,0.004083818582500015,-0.007549612917829994
3348,-576459453758,0.9032876570862042,3.1438605979295486,0.004118235605930015,-0.007471602737109995
3349,-576459453740,0.9033617859558591,3.143725593811897,0.004120594030630015,-0.007533022731259995
3350,-576459453722,0.9034359861260369,3.1435894312802675,0.004122953372750015,-0.007594466617599994
3351,-576459453704,0.9035102411450303,3.14345213966805,0.004125313108050015,-0.0076559207434499935
3352,-576459453683,0.9035848069500695,3.143313239937719,0.004127681362250016,-0.007717596725349993
3353,-576459453668,0.9036590463295507,3.1431753422328534,0.004151495562170016,-0.007660757781789993
3354,-576459453650,0.9037339800154377,3.143037977233287,0.004175394746410016,-0.007603716000469992
3355,-576459453631,0.9038099737478708,3.1429005069062224,0.004199493112650016,-0.007546198818149992
3356,-576459453614,0.9038851462461542,3.1427663121688356,0.004223195770650017,-0.007489626099149991
3357,-576459453596,0.903960586703492,3.142632332760486,0.004160940408250017,-0.007400283697429991
3358,-576459453578,0.9040349641945796,3.1424998588053064,0.004098636614250018,-0.007310871791729991
3359,-576459453560,0.9041080541017841,3.1423692912425762,0.004036474655650019,-0.007221663433399991
3360,-576459453542,0.9041801899646674,3.1422393548872054,0.0039741708616500195,-0.007207693076399991
3361,-576459453524,0.9042512193836614,3.1421096413630796,0.00391185323005002,-0.007193719616599991
3362,-576459453506,0.9043210569206386,3.141980308792415,0.00384959786765002,-0.007179760119399991
3363,-576459453487,0.9043898309198622,3.1418511199499397,0.0037872906142500207,-0.007165788986699991
3364,-576459453469,0.9044605113284162,3.1417218343448745,0.004069580056490021,-0.007205665555899992
3365,-576459453450,0.9045390416508305,3.1415872226675323,0.004361848160650021,-0.007246951723699992
3366,-576459453434,0.9046170441237709,3.1414612127526893,0.004633939284890021,-0.007285387665399993
3367,-576459453416,0.9047029967655389,3.141329716726012,0.004916354244890022,-0.007325281965399994
3368,-576459453399,0.9047868101436185,3.141204195023904,0.004918588031530022,-0.007403854634959994
3369,-576459453381,0.9048759417116151,3.14106930283091,0.004920962445550022,-0.007487373823789994
3370,-576459453364,0.9049637623841899,3.1409349793420356,0.0049233008180700226,-0.007569625265369994
3371,-576459453347,0.9050474725107382,3.140805637216962,0.004925528707010023,-0.007647990485379994
3372,-576459453329,0.9051380105628481,3.1406658457305983,0.005132578509560023,-0.007881808588569994
3373,-576459453312,0.9052268676620089,3.1405300673854217,0.005327966450210023,-0.008102457133539994
3374,-576459453293,0.9053246452657991,3.14038210247226,0.005535004751910023,-0.008336262248999993
3375,-576459453274,0.9054204366027289,3.140238457944486,0.005730588207010023,-0.008557131585379992
3376,-576459453258,0.905525531195605,3.1400845907421204,0.005927159200210023,-0.008510777717479991
3377,-576459453240,0.9056339556396095,3.139931855556403,0.006123348608010022,-0.00846451383212999
3378,-576459453222,0.9057459421098337,3.139779910798085,0.006319592528010022,-0.00841823709212999
3379,-576459453204,0.9058614544547869,3.139603992890925,0.006515825545570022,-0.011129283010099989
3380,-576459453186,0.9059798439980392,3.139401365760538,0.006550731846660021,-0.011234508214109989
3381,-576459453168,0.9060973185065986,3.1391994965212424,0.0065851854696000215,-0.011338368817769989
3382,-576459453150,0.9062160315072428,3.1389946940359694,0.0066198201638000215,-0.011442775261569988
3383,-576459453132,0.9063353022124335,3.1387888839279157,0.006622181078640022,-0.011407242286289988
3384,-576459453114,0.9064544034618675,3.1385840778065868,0.006624537799560022,-0.011371772431649987
3385,-576459453096,0.9065737591505487,3.1383795467435114,0.006626898714400023,-0.011336239456369987
3386,-576459453079,0.9066930711883858,3.1381758026808035,0.006629257925460023,-0.011300732123849987
3387,-576459453060,0.9068135367537217,3.137969740189318,0.006739465338980024,-0.011567150628969987
3388,-576459453041,0.9069368378834987,3.137757408827309,0.006850431032340024,-0.011835402221129988
3389,-576459453024,0.9070599948575958,3.1375439611942695,0.006959501026100024,-0.012099071095689988
3390,-576459453006,0.9071863130887725,3.137323684153239,0.007069622827380024,-0.01236528263936999
3391,-576459452988,0.907314876630948,3.1370997305412014,0.007212041488940024,-0.01251292354116999
3392,-576459452967,0.9074533553316853,3.136860466806461,0.007362362630110023,-0.01266875669251999
3393,-576459452951,0.9075868291408798,3.1366316646252086,0.007504401592950023,-0.01281600397271999
3394,-576459452934,0.907715547019315,3.1364126075926473,0.007638878222950023,-0.012955411622719992
3395,-576459452917,0.9078453149128335,3.1361930665591213,0.007620751776870023,-0.012860796458879992
3396,-576459452900,0.9079746984854504,3.135975262402393,0.007602635988390023,-0.012766236924839991
3397,-576459452882,0.9081115780329453,3.135746029357745,0.007583423532870023,-0.012665953084379991
3398,-576459452862,0.9082478691822043,3.1354942027600843,0.007564245181670023,-0.015322554574479992
3399,-576459452846,0.9083842027713158,3.1352171456555546,0.007588140382270023,-0.015470121672229992
3400,-576459452828,0.9085211414317318,3.13493707387209,0.007612066124110023,-0.015617877380329992
3401,-576459452810,0.9086583431946645,3.1346546866682203,0.007635962652590023,-0.015765452678529992
3402,-576459452792,0.908797116333282,3.134366090440356,0.007660057035190023,-0.016044547637179992
3403,-576459452775,0.9089340983163978,3.1340771632440334,0.007683766332590023,-0.01631918199852999
3404,-576459452756,0.9090728139190637,3.1337805112801465,0.0077077013695900235,-0.016596431192779988
3405,-576459452738,0.9092115125180934,3.1334798405471247,0.007731559389550023,-0.016872788267569987
3406,-576459452720,0.9093509807106969,3.1331759112952677,0.007776968643750023,-0.016923414540929986
3407,-576459452700,0.909499065799698,3.132854146961618,0.007824895023850025,-0.016976847130009985
3408,-576459452684,0.9096325010411884,3.1325650316793485,0.007867830072050025,-0.017024714938569985
3409,-576459452667,0.9097666664361086,3.1322751023571267,0.007910765120250025,-0.017072582747129986
3410,-576459452649,0.9099097218684047,3.131965125196803,0.007945523097010024,-0.017285337927169984
3411,-576459452631,0.910052853838825,3.1316525164223665,0.007980148159760024,-0.017497279534419985
3412,-576459452613,0.9101972894574307,3.1313345926711484,0.008014936957160023,-0.017710223369019985
3413,-576459452595,0.9103424419088174,3.131012625998725,0.008049746943750023,-0.017923296903629985
3414,-576459452575,0.9104872754438489,3.1306934937652406,0.008159030968110022,-0.017791798332719985
3415,-576459452557,0.910638453331059,3.1303673349609076,0.008271562142430022,-0.017656392552299983
3416,-576459452541,0.9107849380448781,3.1300578097260843,0.008379158382630023,-0.017526924847349985
3417,-576459452523,0.9109365257961308,3.1297423269954088,0.008467668829270022,-0.017534503322869984
3418,-576459452505,0.9110897406061377,3.129426637714157,0.008556198949270021,-0.017542083482869984
3419,-576459452492,0.8542685100736103,3.255408003109157,-0.01481411345209101,0.034273476272488196
3420,-576459452486,0.8539878707957699,3.256059260208071,-0.014720645318731011,0.03426547330800819
3421,-576459452469,0.8537236666868921,3.2566760390219605,-0.014632105362051012,0.034257892305768194
3422,-576459452450,0.8534602900127393,3.2572921106356265,-0.014618969066291012,0.03416409943856819
3423,-576459452433,0.8531975442547513,3.2579055733271645,-0.014605852466221012,0.034070447198168194
3424,-576459452420,0.9636205294920523,3.316492453019123,0.029551627169347002,0.05774052940561682
3425,-576459452414,0.9641527839085619,3.3175313423149437,0.029564762735637,0.05764674174681682
3426,-576459452398,0.9646279838366771,3.3184570529334465,0.029576485318537002,0.05756304275881682
3427,-576459452382,0.9651281176196934,3.3194285313642613,0.029558457988137003,0.05730286688526682
3428,-576459452361,0.9656896541046137,3.320514737540157,0.029538204285097003,0.05701055932978682
3429,-576459452344,0.9727440709489654,3.3192523812334294,0.03215655096379916,0.05558054842772999
3430,-576459452327,0.9732968774254355,3.3202058701900574,0.032138224154839155,0.05531605038920999
3431,-576459452309,0.973869176862578,3.3211897736429328,0.03218315119133915,0.055265961735009986
3432,-576459452290,0.9744801777421309,3.322237717688577,0.03223104727503915,0.05521256292304998
3433,-576459452271,0.9498795469508258,3.311852403511066,0.02251206676757889,0.04990587802791255
3434,-576459452255,0.950262098140999,3.312699249969352,0.022554928599478892,0.049858091847392545
3435,-576459452237,0.9506686444982052,3.313594492361694,0.02262190851643889,0.04962433868285254
3436,-576459452218,0.9510536185916455,3.3144359329708,0.02268515202731889,0.04940362519923254
3437,-576459452202,0.9388494812125796,3.319199445192316,0.017601372031227955,0.0518239812104494
3438,-576459452184,0.939179790018262,3.3201677786480475,0.017671072379307956,0.0515807340152794
3439,-576459452167,0.9394799048477933,3.321043830475639,0.017642786481817958,0.0515023780152494
3440,-576459452151,0.9397801730228675,3.321920401748103,0.01761444067420796,0.0514238560555794
3441,-576459452132,0.9400970161129126,3.3228454383613317,0.01758448062169796,0.0513408624056094
3442,-576459452114,0.9144996397624701,3.311712667801806,0.007630459123802164,0.04391949547670269
3443,-576459452096,0.9146374277317335,3.3125004165812952,0.007675913822602164,0.04358870042302269
3444,-576459452077,0.9147759877392286,3.313281950178875,0.007721353373202164,0.043258015609862685
3445,-576459452059,0.9149153112002667,3.314057231619422,0.0077667752509021646,0.04292745941064269
3446,-576459452041,0.9255268844391648,3.311671646254585,0.0122232349424727,0.03958381443297478
3447,-576459452023,0.9257435784176121,3.3123691765278473,0.0122467530251527,0.03918421371478478
3448,-576459452006,0.9259519405590484,3.313031970308739,0.0122693243293927,0.038800699909364786
3449,-576459451989,0.9261631693575235,3.3136960049332433,0.0122921638653927,0.03841262852136479
3450,-576459451970,0.9131454139190804,3.307924320868677,0.007142204429241504,0.03346815834469841
3451,-576459451952,0.913274551526987,3.308525267200255,0.0071984516403415045,0.033266581419698404
3452,-576459451934,0.9134046005816876,3.3091221202202545,0.007254655127901505,0.033065161189698405
3453,-576459451917,0.9135357049395583,3.309715545664039,0.007310877354121505,0.03286367380469841
3454,-576459451899,0.9212007077341989,3.307821440644803,0.010626009165700908,0.0302783988899611
3455,-576459451880,0.921405257295684,3.3084061005122964,0.010593925632270908,0.0303741108349911
3456,-576459451862,0.9215950867765634,3.3089519328209573,0.010564063765790908,0.0304631950790711
3457,-576459451845,0.9217640568444245,3.3094404375471638,0.010537412083240908,0.0305427026676211
3458,-576459451827,0.921955130720773,3.309988083754208,0.010701278112770909,0.0303305488239911
3459,-576459451815,0.911012816097329,3.30424207554223,0.006233109074781414,0.025378667252247418
3460,-576459451809,0.9111268392796067,3.3046983655612148,0.0063975397513314144,0.02516578237219742
3461,-576459451791,0.911244119993264,3.305151909859766,0.006562371145121415,0.02495237869210742
3462,-576459451773,0.9113635842392489,3.3056007641308502,0.006683470520781416,0.02481525309458742
3463,-576459451756,0.9114769838715568,3.306017204769049,0.006796426336031417,0.02468734877158742
3464,-576459451736,0.9091687645253633,3.3073560551037913,0.0057707428490512275,0.025628460750966444
3465,-576459451721,0.909267890228796,3.307790869934504,0.005884933961181228,0.025499157652606443
3466,-576459451704,0.9093748563768371,3.308249134734179,0.005984367863181228,0.025351352741806443
3467,-576459451685,0.9094842657198974,3.3087074322308156,0.006084392057431228,0.025202670382856444
3468,-576459451667,0.9231412144361005,3.3170237712610597,0.012035961171547678,0.03268798565584262
3469,-576459451650,0.9233570929714743,3.3176063684212824,0.01213450687679768,0.03254150101749262
3470,-576459451631,0.9235754990150237,3.318192112891472,0.01212609224004768,0.03252314437984262
3471,-576459451613,0.9237944200245998,3.3187793146121845,0.01211765189904768,0.032504731668042616
3472,-576459451594,0.9196146341888177,3.321197006843591,0.009911783428155215,0.034745656925296305
3473,-576459451575,0.9197931884538763,3.321823027504858,0.009903360846455215,0.034727282955636304
3474,-576459451558,0.9199705780814869,3.3224456548361307,0.009808788015715214,0.034461219241556304
3475,-576459451540,0.9201461393020485,3.323063049014406,0.009714283495165215,0.0341953477059563
3476,-576459451522,0.9198923048321991,3.3234122306092915,0.00942358266807279,0.033657621773437486
3477,-576459451504,0.9200622483526164,3.324020410898579,0.009317431934632789,0.03341122353839748
3478,-576459451486,0.9202291797514015,3.324620208965504,0.00921197185991279,0.033166428467877485
3479,-576459451468,0.9203928995721788,3.3252108554587774,0.00910735462295279,0.03292358980151749
3480,-576459451448,0.9284136616231049,3.3223856591955965,0.013116436686270267,0.028267763605305262
3481,-576459451431,0.9286304178144923,3.3228532025223316,0.013049206890190266,0.028171556377225262
3482,-576459451414,0.9288650743845744,3.3233602760428553,0.012976032402460267,0.028066842172495263
3483,-576459451397,0.9291004887066525,3.323869963079469,0.012902204607320267,0.027961193071355264
3484,-576459451378,0.929331622001138,3.3243713488645095,0.012829306050670267,0.027856873729705266
3485,-576459451366,0.9256157613708476,3.321959330275737,0.011021058606776468,0.025306940062078714
3486,-576459451360,0.9258148846497335,3.322413627361217,0.011098834626496468,0.025159299160278713
3487,-576459451342,0.9260135417743398,3.32286108925862,0.011175889217906469,0.025013027733628714
3488,-576459451323,0.9262166905528603,3.323312829889477,0.011254140429926469,0.02486448478232871
3489,-576459451306,0.9264186164438449,3.3237561207762707,0.011331385098256468,0.02471785253587871
3490,-576459451294,0.9260038257695714,3.3239506047746428,0.011102784717195042,0.024963332115717236
3491,-576459451288,0.9262038270652664,3.3243982936932794,0.011072766418735043,0.024675088844077236
3492,-576459451270,0.926403861111546,3.324842051374147,0.011042661583435042,0.02438601462387724
3493,-576459451252,0.9266010819393546,3.3252756153935894,0.011012899567155043,0.02410023223835724
3494,-576459451234,0.9267989127405695,3.3257065450972148,0.010982964477195043,0.02381278795571724
3495,-576459451216,0.9280076906402503,3.326833451025673,0.011572047491554589,0.024401472043080526
3496,-576459451193,0.9282283360619079,3.3272957089085486,0.01164278986523459,0.024234214513340527
3497,-576459451177,0.9284388487508265,3.327731197549985,0.01170988514931459,0.024075579866400527
3498,-576459451162,0.9286378255520749,3.3281381844432176,0.01179316248219459,0.02399752351572053
3499,-576459451144,0.9386029762582266,3.32372523340826,0.0175093937738158,0.017927694137978855
3500,-576459451127,0.9389012938735171,3.324029284517057,0.0175929907987958,0.017849338137948857
3501,-576459451109,0.9392192418818329,3.3243503054751544,0.0176816537139758,0.017766233848218856
3502,-576459451091,0.9395382354293935,3.324666666093798,0.0177916348665758,0.017414263081818857
3503,-576459451073,0.939864309196901,3.324981558476721,0.017903358839775802,0.017056714797018858
3504,-576459451062,0.9308171298552453,3.3186708246541943,0.012997321322350326,0.010353112075273278
3505,-576459451056,0.9310356142312921,3.3188414337915093,0.013099713561390326,0.010025427976713278
3506,-576459451038,0.9312720166500817,3.319018440586235,0.013209609101750326,0.009673731193673277
3507,-576459451021,0.9314836885297457,3.319170413866107,0.013221293022740326,0.009302766261773277
3508,-576459451004,0.9317220281980358,3.3193342715673926,0.013234436613200326,0.008885456769173277
3509,-576459450985,0.9454326728695791,3.3125932563950298,0.02128450529290775,1.2414107519311164e-4
3510,-576459450967,0.9458179993107981,3.312591710100116,0.02129770724096775,-2.9502127340688797e-4
3511,-576459450949,0.9461987380656394,3.3125854129014,0.02130005006952775,-4.0952098612688774e-4
3512,-576459450933,0.9465603892049052,3.31257753689381,0.021302275206207748,-5.182688112868876e-4
3513,-576459450914,0.9452523777314129,3.3113733793093743,0.020346463049296812,-0.0018894066967905807
3514,-576459450896,0.9456179027405085,3.311338404508265,0.020348817411136814,-0.0020044700688705806
3515,-576459450879,0.945966190098861,3.3113010796108293,0.020196858764936813,-0.002340686792070581
3516,-576459450861,0.9463279399729684,3.3112558253396416,0.020037806356556814,-0.002692598847750581
3517,-576459450844,0.9474020458657977,3.3108358620743545,0.02031371744848052,-0.003481834256412766
3518,-576459450826,0.9477604953248769,3.3107711144306684,0.020157035524220518,-0.0038285014877727664
3519,-576459450809,0.9481042165478824,3.3107061859067226,0.02020004126402052,-0.0037949015820927657
3520,-576459450791,0.9484675177015759,3.3106383288065606,0.02024539749952052,-0.0037594652602927652
3521,-576459450773,0.9488147120694603,3.3105742148460537,0.02028864813522052,-0.0037256740201727645
3522,-576459450755,0.9491831422881227,3.3105041224285463,0.02039939368282052,-0.004015067835972764
3523,-576459450737,0.9495469946690152,3.3104301699979386,0.02050817626406052,-0.004299332142392763
3524,-576459450719,0.9499174417721133,3.310350124488695,0.02061834087146052,-0.0045872078790927615
3525,-576459450701,0.9502893552798879,3.3102650147701516,0.02072835259986052,-0.00487468412129276
3526,-576459450683,0.9483732442302674,3.3115978469731755,0.0193940110788491,-0.0035184481260289516
3527,-576459450665,0.9487234051019914,3.3115321049291033,0.0195041084194891,-0.0037846005378689516
3528,-576459450646,0.9490756462373415,3.3114615508230587,0.0196142363359291,-0.004050826864508952
3529,-576459450629,0.949430541298258,3.3113860554587444,0.0197245721678091,-0.004317555811788952
3530,-576459450609,0.9497848135755389,3.3113079835718158,0.0197376698016591,-0.004378839279138951
3531,-576459450599,0.9407322848688907,3.305046450841369,0.01444899934528852,-0.010643560901821097
3532,-576459450593,0.9409923693342308,3.3048543994514707,0.01446212396952852,-0.010704970656461097
3533,-576459450575,0.9412530083934558,3.304661006316072,0.01447526464210852,-0.010766455500841095
3534,-576459450557,0.9415136088891874,3.3044667113229367,0.01448839145475852,-0.010827875494991096
3535,-576459450538,0.9417874722823042,3.3042591797463894,0.01435451461335852,-0.011029057264091096
3536,-576459450526,0.9400929058355858,3.3052087322364354,0.013270419287678335,-0.00995860443536
3537,-576459450520,0.9403305655877469,3.3050278118603766,0.013143557056978335,-0.010149245084909999
3538,-576459450503,0.940553325967008,3.3048534752813876,0.013023526140618335,-0.01032962006125
3539,-576459450484,0.9407860914894328,3.3046662466817773,0.012896910655018336,-0.010519889917649999
3540,-576459450467,0.94101863820013,3.3044769046615667,0.012953101650138335,-0.010527466708689998
3541,-576459450447,0.9461445918250746,3.3076614635102524,0.01587675863113755,-0.007230090151427278
3542,-576459450431,0.9464306722958491,3.307531347755765,0.01593293401070755,-0.007237664836867277
3543,-576459450414,0.9467024924118467,3.3074071667508007,0.01605719379882755,-0.007377023284167277
3544,-576459450396,0.9469933539992127,3.30727275086697,0.01618910191802755,-0.007524959402167278
3545,-576459450376,0.9494238489966247,3.305994482081418,0.017701580537414156,-0.008951083473335031
3546,-576459450360,0.949743305324597,3.3058322160781892,0.017833049937814156,-0.009098527564335032
3547,-576459450342,0.9500647016210976,3.3056674558634875,0.017867732789264155,-0.009203079178385032
3548,-576459450324,0.9503865612606757,3.3055008969654174,0.017902398304104155,-0.009307578531145031
3549,-576459450304,0.9400534763252562,3.29818948025735,0.011647675587462472,-0.01635568136936208
3550,-576459450288,0.9402634932742211,3.2978940714486193,0.011682356512622472,-0.01646022717660208
3551,-576459450270,0.940473994014252,3.297597076030301,0.011717014322302472,-0.01655393670940208
3552,-576459450252,0.9406853651031343,3.2972980449883487,0.011751712584072472,-0.01664775561860208
3553,-576459450235,0.9500335042893122,3.2923969923317133,0.017704966316222256,-0.021912736498895722
3554,-576459450217,0.9503615354680407,3.291990517336996,0.017740620017832255,-0.022009138774495722
3555,-576459450198,0.9506860305268768,3.2915874681620885,0.017906425883092256,-0.022267382691795724
3556,-576459450180,0.95100212441565,3.2911939507616146,0.018066475991632257,-0.022516661973495725
3557,-576459450162,0.9513106616059595,3.290809004051416,0.01822134409768226,-0.022757870246245725
3558,-576459450144,0.9540706926573433,3.2920170791220538,0.019829121313437597,-0.021464949535869665
3559,-576459450127,0.9544247426779646,3.2916312970132298,0.0198314612586776,-0.021750252527989664
3560,-576459450109,0.9547824838976083,3.291236366292063,0.0198338253189576,-0.022038495799629663
3561,-576459450090,0.9551586162914163,3.290815577168772,0.0198363106097376,-0.022341520367769662
3562,-576459450071,0.9500729337140996,3.2931345231604743,0.016319430799137565,-0.019557187306367504
3563,-576459450053,0.950371031800457,3.2927748644716615,0.016332750191867564,-0.019838035741197503
3564,-576459450036,0.9506607751539182,3.2924206581765256,0.016345685883377564,-0.0201107935754075
3565,-576459450019,0.9509391988909621,3.2920760020206967,0.016358106569067565,-0.0203726921623975
3566,-576459450002,0.9507601959510429,3.2914257488981513,0.016137463334692313,-0.020899912815169803
3567,-576459449984,0.9510510142982503,3.2910475609567524,0.016193648083592315,-0.021144327473769802
3568,-576459449967,0.9513271312809344,3.2906856525571624,0.016246812785122314,-0.021375604334989803
3569,-576459449950,0.9516204711284765,3.290298171836823,0.016303103719762315,-0.0216204809223498
3570,-576459449930,0.9519294352631341,3.289885739900579,0.016282893712882315,-0.021878114895169803
3571,-576459449912,0.9442017030775066,3.2934513411445345,0.011076470513278308,-0.017663785704937648
3572,-576459449892,0.9444008516071781,3.2931312815886766,0.011057292162078309,-0.01790826829423765
3573,-576459449877,0.9445777091461454,3.29284288339019,0.011040232541758309,-0.01812574163721765
3574,-576459449860,0.9447768672149569,3.2925129552197663,0.011074926950948309,-0.01851055511738765
3575,-576459449842,0.9448251580137591,3.2920755830356594,0.011018449660569857,-0.018994838806563854
3576,-576459449824,0.9450237579541532,3.2917302922484994,0.011053115175409857,-0.019379331804683854
3577,-576459449807,0.9452231480520794,3.2913777856655693,0.011087809584599857,-0.019764145284853853
3578,-576459449788,0.9454231243224713,3.2910191354503384,0.011100958281349858,-0.020030608138853854
3579,-576459449769,0.938634335312053,3.2940159655568895,0.006607144229244219,-0.016502890255720548
3580,-576459449751,0.9387597445031362,3.2937003968734015,0.006620975709914219,-0.01678318996028055
3581,-576459449732,0.9388795316401195,3.2933965662376474,0.006687966791434219,-0.01697389417437055
3582,-576459449716,0.939000659783463,3.293088959441249,0.0067550323033542204,-0.01716481027026055
3583,-576459449699,0.9391159035452671,3.2927959563720237,0.006818227434474221,-0.017344708512550547
3584,-576459449687,0.9548544851355154,3.303244948386665,0.016334014399816053,-0.006911757571008436
3585,-576459449680,0.9551662249548987,3.3031113997753234,0.016404887026696055,-0.007113511420968436
3586,-576459449664,0.9554274539319405,3.3029956042935513,0.016330573755496056,-0.007397200580568436
3587,-576459449645,0.9557207149389094,3.3028595442627355,0.016246743170616057,-0.007717221860608435
3588,-576459449628,0.955997546308327,3.3027251333726895,0.016167210276796056,-0.008020836806418435
3589,-576459449616,0.9600011163730332,3.3007984288447796,0.01874649066714245,-0.01020594031079789
3590,-576459449610,0.9603364178464288,3.3006126212347935,0.01866302326742245,-0.010524575140057888
3591,-576459449592,0.9606738732909702,3.300423441183701,0.01885912545570245,-0.01051062262415789
3592,-576459449574,0.9610151227998277,3.300234365143207,0.01905538027814245,-0.01049665924845789
3593,-576459449556,0.9613602516229419,3.3000453517690387,0.01925183134450245,-0.01048268191015789
3594,-576459449538,0.9621879995758537,3.3001731444435203,0.01973881138514921,-0.01015072252148642
3595,-576459449521,0.9625260676509872,3.299999062141918,0.01972054958754921,-0.01016819216803642
3596,-576459449505,0.9628387409343149,3.299837646019323,0.019703644502429212,-0.01018436395289642
3597,-576459449489,0.9631737457437487,3.299664262493028,0.019685515924829214,-0.010201706158196419
3598,-576459449469,0.9635275780494734,3.299480640359154,0.019666350362749215,-0.01022004036618642
3599,-576459449457,0.9543922790076786,3.3039146533215416,0.01379010458923612,-0.005185436356790517
3600,-576459449445,0.9546558624290521,3.303811708188597,0.01372382248523612,-0.0055604021551905174
3601,-576459449432,0.954914023833185,3.303703382158511,0.01365859203883612,-0.005929418600630518
3602,-576459449414,0.9551591957000384,3.3035935387791735,0.013596353973436122,-0.006281506788470518
3603,-576459449398,0.9553898473718293,3.3034848699344797,0.013537540714036123,-0.006502311186200518
3604,-576459449382,0.9505920258827213,3.3003227921979907,0.010622339867177942,-0.009700752824272369
3605,-576459449378,0.950788257534727,3.300141294622592,0.010613702771827943,-0.009940779062402368
3606,-576459449362,0.9509635215261975,3.2999753108645167,0.010605982617177942,-0.010155323374272367
3607,-576459449343,0.9511542687220292,3.2997904941439242,0.010597574055977943,-0.010388998612432367
3608,-576459449325,0.9513553539442648,3.2995904028363165,0.010565949833467944,-0.010669919201312368
3609,-576459449308,0.9447983607556236,3.3026763415327776,0.00622046827525121,-0.007212683038117838
3610,-576459449290,0.9449038187062656,3.3025516494948834,0.00619219069861121,-0.007463875094437838
3611,-576459449273,0.9450153289773039,3.3024145029253216,0.00616214910177121,-0.007730737088357838
3612,-576459449257,0.9451134097065776,3.302290755724093,0.00613560392610121,-0.007785180563027838
3613,-576459449239,0.944997835715758,3.301998866721115,0.005968128024867506,-0.008000128695355213
3614,-576459449222,0.9450988277046031,3.301862677537563,0.005939900373327507,-0.008058022884895212
3615,-576459449204,0.9452054881356703,3.3017170639531677,0.005909941984987507,-0.008119466771235212
3616,-576459449187,0.9453057872565434,3.301576796429947,0.005881631124947506,-0.008370954486755212
3617,-576459449169,0.9454074952887004,3.3014294647777334,0.005852782737997507,-0.008627217098355212
3618,-576459449157,0.9463736867734299,3.300968453289928,0.006470502561878558,-0.009150208232084588
3619,-576459449150,0.946494271850964,3.300794938773021,0.006439414202108558,-0.009426368707844588
3620,-576459449135,0.9465969612083552,3.30064241790978,0.006412820765508558,-0.009662600408644587
3621,-576459449117,0.9467074241895804,3.300474664511893,0.006445916353998558,-0.009865180033354588
3622,-576459449100,0.9468225379459074,3.300297085564983,0.006480225505188559,-0.010075187931364587
3623,-576459449081,0.9483002376572223,3.301027838427441,0.007341663650189089,-0.009357327058817278
3624,-576459449064,0.9484329873405086,3.3008571231910215,0.007376411995499089,-0.009570023284307278
3625,-576459449047,0.9485587647315927,3.300692103944251,0.0074497082478090886,-0.009881765101447277
3626,-576459449029,0.9486938754661369,3.30051082673774,0.007527648424869088,-0.010213258345087276
3627,-576459449010,0.9452658215506043,3.302036662959739,0.005329646625300322,-0.008611859522619192
3628,-576459448993,0.9453569309062853,3.3018878027167866,0.005402990396840323,-0.008923803447379192
3629,-576459448973,0.9454548991296937,3.3017255008568642,0.005427014401800323,-0.009018033820179192
3630,-576459448957,0.9455532202299732,3.301561630864414,0.0054510184885603235,-0.009112186066979193
3631,-576459448938,0.9456550579002875,3.3013908748878773,0.0054757701717603234,-0.009209270642979193
3632,-576459448926,0.9562139618817563,3.3084483322539717,0.011886800433031629,-0.0020240133711961162
3633,-576459448920,0.9564328557931436,3.3084092425681364,0.011933201894331629,-0.002229720328696116
3634,-576459448903,0.9566337497487482,3.308370191692103,0.01197562947783163,-0.002417810291196116
3635,-576459448885,0.9568499364604914,3.3083248107730934,0.01202111952243163,-0.002619476756196116
3636,-576459448866,0.9570715162382095,3.3082747262105854,0.01206756642833163,-0.0028253851786961158
3637,-576459448855,0.9508772519546053,3.3112763776078546,0.008117432299210789,5.719137683589301e-4
3638,-576459448849,0.9510195376473409,3.3112848136513393,0.00802479842694079,3.851505557489302e-4
3639,-576459448833,0.9511478811900465,3.311289636804803,0.00794031448580079,2.1481877672893017e-4
3640,-576459448814,0.9512817068351619,3.311291756093543,0.007851253761930792,3.525954531893017e-5
3641,-576459448799,0.9514142636155278,3.3112908275544894,0.007762030144530792,-1.4462810288106982e-4
3642,-576459448782,0.9522546765709688,3.3117577480632407,0.008028952268431706,1.5610007880267673e-4
3643,-576459448763,0.9523980559815701,3.311758937676237,0.007869413380101706,-2.4192001357322405e-5
3644,-576459448745,0.9525390126564428,3.311756863279025,0.007709352631461706,-2.0507382663732153e-4
3645,-576459448728,0.952668937154812,3.311751925521401,0.007558818044751706,-3.7519030455732073e-4
3646,-576459448709,0.9530261688720176,3.311637792666136,0.007734632053341584,-4.618262171622947e-4
3647,-576459448693,0.9531578116880123,3.3116302335025307,0.007767348162701583,-4.283249374822941e-4
3648,-576459448675,0.9532982012837613,3.3116228298471704,0.0078020868765615835,-3.927525118022935e-4
3649,-576459448656,0.9534389665800435,3.3116160791357077,0.007836763949141583,-3.5724320676229287e-4
3650,-576459448638,0.9535812925976265,3.311607655360879,0.007850000911761584,-5.712010596222927e-4
3651,-576459448626,0.9552512439828972,3.3127182740389154,0.008861471473656755,5.612031075812283e-4
3652,-576459448621,0.9554095463359724,3.3127264134405046,0.008874493242626756,3.507235731712286e-4
3653,-576459448602,0.9555712629177655,3.312730845023706,0.008887776161856757,1.360228929812288e-4
3654,-576459448586,0.9557295007892669,3.3127313989794587,0.008900754162626758,-7.3749186828771e-5
3655,-576459448568,0.9558903333864129,3.3127270986395483,0.008978474023256758,-4.043053860487705e-4
3656,-576459448555,0.9585786418349339,3.3114243256219194,0.010689994274533628,-0.0018784905415470568
3657,-576459448549,0.9587841150149127,3.3113849902457324,0.010772707974243628,-0.002230286414287056
3658,-576459448532,0.95896764751223,3.311344473808774,0.010846056065713629,-0.002542248712467056
3659,-576459448512,0.9591608617240307,3.311298010485842,0.010773526769773629,-0.0026567356147470557
3660,-576459448495,0.959354010135073,3.3112491820910743,0.010700530825683629,-0.0027719591173270557
3661,-576459448477,0.9597576670396416,3.3113391981962477,0.010754568302019362,-0.0027437010018168903
3662,-576459448459,0.9599500791858527,3.3112889111569546,0.010681722496899361,-0.00285868751125689
3663,-576459448440,0.9601433374922285,3.3112348875503974,0.010651571064839362,-0.0031048411957768905
3664,-576459448423,0.9603347112028743,3.3111768262488925,0.010621629318199361,-0.003349283026656891
3665,-576459448405,0.9597838866058201,3.311478414309186,0.010120647649523416,-0.003181187869390329
3666,-576459448387,0.9599658189400418,3.3114189416955813,0.010090687597013415,-0.0034257791478103294
3667,-576459448369,0.9601476175805607,3.311355085825521,0.010082264080613416,-0.003659869993330329
3668,-576459448351,0.9603290729925648,3.311287084684973,0.010073849443863416,-0.0038937140719803288
3669,-576459448333,0.9535487299179026,3.306582231147894,0.005858473275504727,-0.008856828672461054
3670,-576459448315,0.9536533286639185,3.3064219131554986,0.0058501231330547274,-0.009088880444371054
3671,-576459448297,0.9537596241948704,3.3062538105658446,0.005841625308004728,-0.009401202562171054
3672,-576459448279,0.9538638052526541,3.3060832917978304,0.005833284512554729,-0.009707753342371053
3673,-576459448260,0.9474852635862122,3.3090498559580657,0.0017012213549924358,-0.006460343718510727
3674,-576459448242,0.9475174770501039,3.3089241108496683,0.0016923487152424362,-0.006786441469510727
3675,-576459448225,0.9475459001886719,3.3088064306142866,0.0016539120062024366,-0.0070680717612307264
3676,-576459448207,0.9475753234248875,3.3086764312568606,0.0016131584152424367,-0.007366678119510727
3677,-576459448189,0.9433755877599351,3.3057118947181934,-9.806974219573636e-4,-0.010557035617813544
3678,-576459448172,0.9433580142648735,3.30552571231505,-0.0010306903612173637,-0.010752613362813544
3679,-576459448152,0.9433389875359668,3.305330242548176,-0.0010822167911173639,-0.010954190287813545
3680,-576459448136,0.943320187745856,3.3051425154411014,-0.001130825011217364,-0.011144350862813545
3681,-576459448120,0.9433005644609465,3.304951580174858,-0.0011794275093373642,-0.011334489052813545
3682,-576459448109,0.9275638790720009,3.312475673607278,-0.011194099669975255,-0.0027957808624567634
3683,-576459448103,0.9273707675295262,3.3124247083689307,-0.011119326001605255,-0.0030930906318567633
3684,-576459448086,0.9271857213667055,3.3123706720840134,-0.011047200450325255,-0.003379871145456763
3685,-576459448067,0.9269874618930586,3.312307014902837,-0.010969398511025255,-0.0036892217114567628
3686,-576459448048,0.9267908105734529,3.3122378622877395,-0.010891678650395255,-0.003998245922056763
3687,-576459448031,0.9251347199377754,3.311158205506061,-0.011641278027138912,-0.005082257447049787
3688,-576459448015,0.92493792086038,3.311071420917052,-0.011517003615058913,-0.005130097108009787
3689,-576459447997,0.9247315602445337,3.3109785143813486,-0.011385234423478913,-0.0051808218979697875
3690,-576459447978,0.9245208009801648,3.310881543833059,-0.011249063419938914,-0.005233241173449788
3691,-576459447962,0.9363661472212499,3.3050697904427637,-0.0035341232645978906,-0.011897776734436954
3692,-576459447943,0.9363008762921168,3.3048464968990374,-0.0034759647101778902,-0.012083916287396954
3693,-576459447927,0.9362457908048969,3.3046523400503744,-0.00342611362835789,-0.012243467331556953
3694,-576459447909,0.9361844683216665,3.304429754427896,-0.00336975086218789,-0.012423859368516952
3695,-576459447891,0.9361248751764626,3.3042027521223956,-0.00325981251570789,-0.012829484218136952
3696,-576459447877,0.9336635460881995,3.3025363396343996,-0.004744420401346641,-0.014537250841677313
3697,-576459447873,0.9335791001023107,3.302270894480571,-0.004634298600066641,-0.014943552559997313
3698,-576459447855,0.9334966779076583,3.301998270793174,-0.0045242318352266405,-0.015349651217707313
3699,-576459447836,0.9334162897751274,3.3017185268034104,-0.00441423845230664,-0.015755479127937313
3700,-576459447818,0.9333368152231286,3.301433690366285,-0.00440108537873664,-0.015838601857627314
3701,-576459447800,0.9263740669015804,3.3044765566012124,-0.008766854457083053,-0.012140365552748531
3702,-576459447782,0.9262165567701187,3.3042575276688684,-0.008753738586483054,-0.012223253172948532
3703,-576459447764,0.9260597187557532,3.3040336140585893,-0.008654332268233053,-0.012629803076458532
3704,-576459447744,0.9259048173783745,3.303802596440339,-0.008555019734733053,-0.013035969421038532
3705,-576459447726,0.9275581520964867,3.304807225363177,-0.00736756123955619,-0.012169600327256141
3706,-576459447710,0.9274255284858798,3.304582957903375,-0.00726757566255619,-0.012578519271216141
3707,-576459447692,0.9272953191109006,3.304354609658184,-0.007168053492556189,-0.012737250705616142
3708,-576459447674,0.9271682694451603,3.304125886658595,-0.0070695960553061885,-0.012894283960036142
3709,-576459447656,0.9318490493246718,3.3015838517398706,-0.003909253018543401,-0.015666095884918553
3710,-576459447637,0.9317780872144974,3.301294248556165,-0.0038077944692934008,-0.015827915719178555
3711,-576459447621,0.9317109556724233,3.301014045863377,-0.0038160249701434004,-0.015993411041148556
3712,-576459447602,0.9316416599109654,3.3007223954200096,-0.0038245022317934,-0.016163868121678554
3713,-576459447582,0.9372753405836796,3.304306441346591,-4.0019525426664756e-4,-0.012369084408150594
3714,-576459447564,0.9372682108774655,3.304086863834202,-4.0843650416664716e-4,-0.012534795867330592
3715,-576459447548,0.9372600007446747,3.3038558436668777,-4.932309265866469e-4,-0.012836701285420592
3716,-576459447531,0.9372503665492066,3.3036220579715594,-5.770568552466468e-4,-0.013135158439990592
3717,-576459447511,0.9372392318266274,3.303383073787689,-6.608222530466466e-4,-0.013433400078090591
3718,-576459447500,0.9319310976399636,3.305946663621945,-0.00404681292309703,-0.01052555375849055
3719,-576459447494,0.9318574346091139,3.305753956342657,-0.00413069938261703,-0.010867350247770548
3720,-576459447476,0.931783963639558,3.305555236975122,-0.004031381332367029,-0.011208900103260548
3721,-576459447458,0.9317122059846541,3.3053501492235653,-0.003931958463867029,-0.011550810423520548
3722,-576459447435,0.936191916859514,3.3081959941782344,-0.001064601783727684,-0.008790683924023213
3723,-576459447417,0.9361726861587845,3.3080239358949695,-9.597890504776837e-4,-0.009321667596043212
3724,-576459447399,0.9361562933439225,3.3078515004066937,-8.604213494776834e-4,-0.009825066611803211
3725,-576459447382,0.9361424602848541,3.30768039459023,-7.666145324776832e-4,-0.010300294063723209
3726,-576459447365,0.9361295816337043,3.3074908938362726,-6.67533702477683e-4,-0.010802239784523207
3727,-576459447352,0.9395343515835841,3.3058458750154425,0.0015091460627801368,-0.012675014619970185
3728,-576459447348,0.9395593499724733,3.3056284677674497,0.001429939104360137,-0.012885769342490184
3729,-576459447328,0.9395847664356343,3.305390308293691,0.0013446324977401372,-0.013112754074210184
3730,-576459447312,0.9396065345034447,3.3051699972560207,0.0012670133103401375,-0.013319284038610183
3731,-576459447294,0.939628608915376,3.3049279857677054,0.0011831128821601377,-0.013542527195690183
3732,-576459447275,0.9462132796169659,3.3091594666103545,0.00531351560521905,-0.009191180306885979
3733,-576459447258,0.9463104326843965,3.308992194670933,0.0054986893283490495,-0.009424582802715978
3734,-576459447240,0.9464110158200096,3.30882055440942,0.005684048524019049,-0.009658219077685977
3735,-576459447221,0.9465208784992112,3.308635450227312,0.005879835398049049,-0.009825406216545977
3736,-576459447201,0.9466643239868066,3.3084390300854953,0.005981227584610958,-0.010004433663132545
3737,-576459447186,0.9467665443207237,3.30826782543329,0.006054605915590958,-0.010153891099092547
3738,-576459447167,0.9468824659047471,3.308073137848725,0.006136758024400959,-0.010321219019712547
3739,-576459447150,0.946986945750353,3.307895493634584,0.006169466428600959,-0.010602716685912547
3740,-576459447130,0.9470920802197063,3.30771289544052,0.006202205653440959,-0.010884479603152548
3741,-576459447120,0.9489306132036883,3.308951506400454,0.007308293172494092,-0.00961729073713489
3742,-576459447114,0.9490700241270609,3.308765507402917,0.007344946618614092,-0.00993274053645489
3743,-576459447096,0.9492023533557112,3.3085842984107243,0.007379569755074092,-0.01023071692351489
3744,-576459447078,0.9493274097618926,3.308407360402988,0.007310481482014092,-0.01055373130109489
3745,-576459447062,0.9494581673635984,3.308214581283026,0.007237538289454092,-0.01089476891717489
3746,-576459447049,0.9554290517835398,3.3052908804755434,0.011062158690223369,-0.014223913005697664
3747,-576459447043,0.9556278099794536,3.3050313833321048,0.010989008549353368,-0.014565918185107664
3748,-576459447024,0.9558246709515832,3.3047665109545896,0.010916073472413369,-0.014906917857527664
3749,-576459447008,0.956010004951894,3.3045116004915447,0.010846960852493369,-0.015026203683687664
3750,-576459446990,0.9562045390123669,3.3042400699984356,0.010773940561543368,-0.015152234005537663
3751,-576459446977,0.9559571585005189,3.3040752459807115,0.010624906584955558,-0.015321029869582736
3752,-576459446971,0.9561583309343343,3.303782835895646,0.010547796021525557,-0.015454119850472734
3753,-576459446953,0.9563472301278877,3.303503978972703,0.010474873118015557,-0.015579982085202735
3754,-576459446936,0.9565280506637,3.3032329957453754,0.010508072726165557,-0.015865707189852734
3755,-576459446918,0.9567155471143259,3.3029477335877258,0.010542387656225557,-0.016161031066512732
3756,-576459446900,0.9569708431894133,3.302622017213036,0.010619007850071138,-0.0164960356348914
3757,-576459446882,0.9571515807612755,3.3023392897256785,0.010651743222331138,-0.0167777653957514
3758,-576459446865,0.9573447951161307,3.30203484705074,0.010621513574281137,-0.0167419345699514
3759,-576459446847,0.9575341028288091,3.3017363511767477,0.010591811468121137,-0.016706729032991398
3760,-576459446828,0.9604349155219872,3.303251477915817,0.012194850342964839,-0.014809177129023451
3761,-576459446810,0.9606666331215494,3.3029708951760477,0.012411457351864838,-0.01498616531220345
3762,-576459446793,0.9608814331207497,3.302712197518221,0.012608926946364838,-0.015147516438103449
3763,-576459446776,0.9610952061505252,3.302456010461617,0.01280242874761484,-0.01530562550585345
3764,-576459446758,0.9495652657097547,3.308011867703473,0.005475867740901063,-0.008859815251459608
3765,-576459446742,0.9496584189757479,3.3078596421770414,0.0055085395455910634,-0.009090249771999608
3766,-576459446724,0.9497581064766002,3.3076934433235845,0.005543289817191064,-0.00933534373759961
3767,-576459446706,0.949858153128647,3.307523282820347,0.0055779476268710635,-0.00957978556847961
3768,-576459446688,0.9499588514070567,3.3073486751983814,0.005612615068001064,-0.00982429533005961
3769,-576459446676,0.944705648190198,3.3038171713410356,0.0024437213508818685,-0.013441481918306549
3770,-576459446670,0.9447502455928968,3.30357443727472,0.002510719875441869,-0.013524475568276548
3771,-576459446651,0.9447985900280131,3.3033168034801808,0.0025813840972018698,-0.013612010058396549
3772,-576459446633,0.9448456631247532,3.3030710130907606,0.0026483789002418705,-0.01369499909837655
3773,-576459446616,0.9448911907862284,3.3028376972426288,0.002711600082001871,-0.013773313608496549
3774,-576459446604,0.9437158449749451,3.3034079273371537,0.001959300510073189,-0.01312471968859351
3775,-576459446598,0.9437530210169944,3.3031694921766617,0.0021665573279231894,-0.01333720367770351
3776,-576459446582,0.9437891180849972,3.3029548176192245,0.0023503754134731897,-0.01352565779223351
3777,-576459446564,0.9438307210647191,3.302723260006669,0.0025458208583731897,-0.01372603251677351
3778,-576459446547,0.9438784833086381,3.302473904956389,0.00275314668132319,-0.01393858725134351
3779,-576459446530,0.9449404129339226,3.3029094377875485,0.003590910938908224,-0.0135415648216542
3780,-576459446511,0.9450074004901182,3.30266184045338,0.0038204467194982244,-0.0138520662198542
3781,-576459446493,0.9450778611946047,3.3024109950947094,0.004047861989198225,-0.0141596991258542
3782,-576459446475,0.9451530448953983,3.302152440797799,0.004277207304738225,-0.014469942875054199
3783,-576459446456,0.9348799911839535,3.3069459618048227,-0.002178983338017494,-0.008927686855394839
3784,-576459446439,0.9348442543383623,3.3067925282220947,-0.0020241152319674938,-0.009118015317894839
3785,-576459446421,0.9348093030730216,3.3066266280392047,-0.0018602218808074938,-0.00931943554789484
3786,-576459446402,0.9347747528299352,3.3064478306180627,-0.0017781777702474938,-0.009509273502454839
3787,-576459446385,0.9353400591814615,3.3066901497735963,-0.0013452346327791982,-0.00926407166636141
3788,-576459446367,0.9353163990555693,3.3065206910580462,-0.0012669791008291982,-0.009445143409561409
3789,-576459446348,0.9352934381414804,3.3063421265383663,-0.0011861100112291981,-0.009632262539161407
3790,-576459446329,0.9352724914593827,3.306166495473746,-0.0011406527877291979,-0.009876880989861407
3791,-576459446310,0.9352534706698373,3.305996675838746,-0.0010977455112291977,-0.010107777439161409
3792,-576459446294,0.9383866221043216,3.3042528589570686,9.656167345633954e-4,-0.012119475414205178
3793,-576459446277,0.9384033802207641,3.3040451363841847,0.0010084810911633957,-0.012350140899125178
3794,-576459446259,0.9384206334482154,3.3038193676104934,9.028103070033957e-4,-0.012660247235525177
3795,-576459446240,0.9384367010770278,3.3035762030292584,7.918191094833956e-4,-0.012985967101325177
3796,-576459446228,0.9348227376741033,3.30113773065117,-0.0013909592937963555,-0.015482336273889495
3797,-576459446222,0.9347967432363455,3.3008561712396403,-0.0014963491320363555,-0.015791618133489494
3798,-576459446204,0.9347688191132104,3.3005687208775116,-0.0016018560310763555,-0.016101243525089494
3799,-576459446186,0.9347416608862803,3.3002942808252507,-0.0015996324671163553,-0.016250524983849494
3800,-576459446169,0.9347128759554093,3.300000214688704,-0.001597272338636355,-0.016408974854729495
3801,-576459446145,0.9286719310763321,3.3026369596393974,-0.005433433973482798,-0.013247380022108325
3802,-576459446133,0.9285720955039455,3.302394914127413,-0.005582905048482798,-0.013461090265858325
3803,-576459446115,0.9284767269619264,3.3021661203863815,-0.005722043033442798,-0.013660026499378326
3804,-576459446099,0.9283778795222981,3.301931295193811,-0.005862772627642798,-0.013861238378528325
3805,-576459446080,0.9326957008519511,3.304708245579314,-0.00334059250183856,-0.010971281000649421
3806,-576459446062,0.9326369135512577,3.3045103794104813,-0.00318734050503856,-0.011000421717989421
3807,-576459446041,0.9325805285090729,3.304310686888557,-0.0030330844698385597,-0.011029753352249422
3808,-576459446027,0.9325272509376445,3.3041116569851776,-0.0028797473850385594,-0.011058910248989423
3809,-576459446008,0.9277972269101793,3.306176728594692,-0.005718071773049298,-0.008522603645603878
3810,-576459445983,0.927693657545575,3.30602302862956,-0.005801795264869298,-0.008573215845163878
3811,-576459445969,0.9275884179525137,3.30586817713818,-0.005885649130849297,-0.008623906858003879
3812,-576459445955,0.9274817935937163,3.3057125949182837,-0.005969405216209297,-0.00867453876088388
3813,-576459445936,0.9273728696263722,3.3055549589102093,-0.006053771266389296,-0.00872553939732388
3814,-576459445924,0.9332161463235545,3.309539761315395,-0.002530143095124339,-0.0046441880915929394
3815,-576459445918,0.9331685323970577,3.309450878570677,-0.0025163779962243385,-0.004776346589692939
3816,-576459445899,0.9331278853356471,3.3093726267475603,-0.0025045671474543383,-0.004889742363022939
3817,-576459445884,0.9330834395357438,3.309284519933466,-0.002491588417214338,-0.0050143509479829386
3818,-576459445866,0.9330387066399164,3.3091931218879225,-0.002478457227744338,-0.0051404232916129385
3819,-576459445855,0.934652074751133,3.3084149988899307,-0.0014458166793767237,-0.006025352320600156
3820,-576459445849,0.9346269738101175,3.3083119738006723,-0.0014744254258467235,-0.005960580930350157
3821,-576459445831,0.9346002217221692,3.308205517647081,-0.0015043172473867233,-0.005892904604850158
3822,-576459445814,0.9345746484553661,3.3081067978850074,-0.0015323468626967233,-0.005829444391600158
3823,-576459445796,0.9345467481841384,3.3080022996528973,-0.0015623535119667232,-0.005761508091350159
3825,-576459445760,0.9347246651511896,3.3079447417596697,-0.0012903578295912054,-0.006154617818653492
3826,-576459445739,0.9347018728068084,3.3078305791659504,-0.0012228568998312048,-0.006433605107713491
3827,-576459445723,0.9346783784758628,3.3077098837769814,-0.0013199572076012045,-0.006629373296823491
3828,-576459445704,0.933179466112952,3.3083046391799384,-0.0023607953189486797,-0.006007265498470651
3829,-576459445687,0.9331360886267843,3.3081947115840222,-0.0024554469691386795,-0.006198096841640651
3830,-576459445668,0.9330909985301223,3.3080813273762892,-0.002550114383218679,-0.006388959967080651
3831,-576459445651,0.9330462350857173,3.307964651308338,-0.0024294111081886783,-0.006590189924580651
3832,-576459445633,0.9368289085482302,3.3104519951734166,-6.88468360443735e-6,-0.004125806398565477
3833,-576459445616,0.9368296639761671,3.310384282706571,1.0094867773556313e-4,-0.004305580333565476
3834,-576459445598,0.9368325648811965,3.31030504569372,2.2167880704556365e-4,-0.004506855061065476
3835,-576459445581,0.9368362793681714,3.3102207142094566,1.9177700048556378e-4,-0.004879997595145476
3836,-576459445563,0.934525080712905,3.311252312677437,-0.0013211977162319638,-0.003972431832032435
3837,-576459445546,0.9345020708026378,3.3111807894185454,-0.0013498697011619636,-0.0043302275087724355
3838,-576459445528,0.9344775159708324,3.311099523395138,-0.0013798097836319634,-0.004703847685232436
3839,-576459445511,0.9344544026337457,3.3110162163321903,-0.001336849488431963,-0.0050877676118724355
3840,-576459445490,0.93443075738425,3.3109210198808654,-0.0012914225613319627,-0.0054937308958424354
3841,-576459445474,0.9304237314254838,3.3080827559154637,-0.0036397258608783407,-0.008695007444072388
3842,-576459445457,0.930358733190962,3.307922863714197,-0.00359435700187834,-0.009100451795372387
3843,-576459445436,0.9302877995930786,3.307734008321461,-0.00348378478162834,-0.009744570679922387
3844,-576459445419,0.9302261781050184,3.3075539882402527,-0.0033847977363783395,-0.010321202179472386
3845,-576459445407,0.9355173833971673,3.30502767248189,9.014171875464279e-6,-0.013202213319063632
3846,-576459445402,0.9355184404491936,3.304784688664074,1.0837083937546455e-4,-0.013780997987563633
3847,-576459445384,0.935521515311921,3.3045488865030745,2.5312254497546476e-4,-0.013940864344803633
3848,-576459445364,0.9355270320127068,3.3043110979208974,3.974317929754649e-4,-0.014100242044003631
3849,-576459445349,0.9355355713689719,3.3040555857034635,5.507008073754651e-4,-0.01426951506851363
3850,-576459445329,0.9366987925677703,3.304570576739786,0.0014036362334849662,-0.013643709942148974
3851,-576459445312,0.9367227389792382,3.3043354208012907,0.0013956403423349664,-0.013845440621338974
3852,-576459445295,0.9367476321967881,3.304085839015822,0.0013872794508349667,-0.014056380001238974
3853,-576459445278,0.9367712325539124,3.303844307081015,0.0013793059924849672,-0.014257544716748975
3854,-576459445260,0.9367949094267924,3.3035971018333967,0.0013712600948849675,-0.014460537023308975
3855,-576459445247,0.9328337541880058,3.305514161991236,-0.0011706706734040829,-0.012274827102569413
3856,-576459445243,0.9328133938944432,3.3052948517025844,-0.0011259052177040826,-0.012462670912359414
3857,-576459445225,0.9327935614531865,3.305069098408164,-0.0010805186858040823,-0.012653120868289415
3858,-576459445209,0.9327765692734563,3.3048649590388863,-0.001040057843604082,-0.012822901754629414
3859,-576459445190,0.9327582462930785,3.304632287414533,-9.945854719040817e-4,-0.013013711909619414
3860,-576459445178,0.9269661478800254,3.3006927426803823,-0.004477108507084944,-0.017038797229460657
3861,-576459445172,0.9268795985357733,3.300365422297945,-0.004474574199864943,-0.016815511343500657
3862,-576459445154,0.9268007321604611,3.3000707593467635,-0.004472263612064943,-0.016611936323100658
3863,-576459445135,0.9267202571170685,3.2997736315240025,-0.004469904663124942,-0.01640410043018066
3864,-576459445118,0.9266398066622161,3.299480179754512,-0.0044675451899449424,-0.01619621834894066
3865,-576459445099,0.9263794434754715,3.29927659891503,-0.004591156478816006,-0.01601831638466142
3866,-576459445082,0.9263007375944452,3.299002877638645,-0.004599161249616006,-0.01594353279618142
3867,-576459445064,0.9262175498423522,3.2987154749663627,-0.004607606731466005,-0.01586463191882142
3868,-576459445048,0.9261400991741168,3.2984496442590823,-0.004615455874716005,-0.01579130226162142
3869,-576459445031,0.9302870150680305,3.3010860840835723,-0.002091367523605132,-0.012739075556256108
3870,-576459445013,0.9302491682516643,3.3008574078884,-0.002110566124245132,-0.012649643792276108
3871,-576459444994,0.9302110011488062,3.300630493439926,-0.002129751935765132,-0.012560271603136108
3872,-576459444976,0.9301717483717443,3.300400238270176,-0.0021818448416851322,-0.012731377095296108
3873,-576459444959,0.926016578091888,3.3021623788374446,-0.004866284821746024,-0.010638826820112567
3874,-576459444941,0.9259269476477885,3.3019658985629445,-0.004918698158546024,-0.010810984806512566
3875,-576459444923,0.925837922749539,3.3017697235778916,-0.0049702102834960245,-0.010980182652862566
3876,-576459444904,0.9257477248728478,3.301570021133623,-0.005054003618616024,-0.011213909841942565
3877,-576459444887,0.9256560293268824,3.3013661354301083,-0.0051377876412960245,-0.011447611055562565
3878,-576459444874,0.9245117191711761,3.3005831632996583,-0.005826271545423178,-0.012247409537569115
3879,-576459444869,0.9244059264915551,3.300360256437348,-0.005910213879583178,-0.012481552334009114
3880,-576459444851,0.9242989381832736,3.300133802362304,-0.005993909434083178,-0.012715006780759113
3881,-576459444832,0.9241925793896799,3.299901961443496,-0.005819140334743177,-0.013035081385829112
3882,-576459444815,0.9240895200648191,3.2996647175240077,-0.005644633287143177,-0.013354676065629113
3883,-576459444796,0.9202781055900667,3.3012217569677964,-0.007839714043262697,-0.01163256633920986
3884,-576459444778,0.9201317067484196,3.300998786600672,-0.0076563263533626965,-0.01196842515315986
3885,-576459444760,0.9199951814794356,3.300781331961191,-0.007664655465062696,-0.012434519463659859
3886,-576459444743,0.9198648915304353,3.3005662948477883,-0.007672595741562696,-0.012878854686159858
3887,-576459444725,0.9191803690939534,3.299952195883494,-0.008009406255888559,-0.01373579045093333
3888,-576459444707,0.9190366755893614,3.2997033039322123,-0.007942359351568559,-0.01389431071269333
3889,-576459444689,0.9188930953693193,3.2994496026513875,-0.007874795155968558,-0.01405405401599333
3890,-576459444669,0.9187519831740129,3.2991952611134434,-0.007807822682048557,-0.01421239830055333
3891,-576459444652,0.9186133380233695,3.2989404123259067,-0.007741456815888556,-0.01436930837093333
3892,-576459444640,0.9217752693580205,3.2974244513922044,-0.005720063032191915,-0.016090026197206533
3893,-576459444634,0.921667913553938,3.297118032970512,-0.005581142724171915,-0.01616624220562653
3894,-576459444615,0.9215687574170282,3.296826747979794,-0.0054496879477319154,-0.01623836239086653
3895,-576459444598,0.92147630668672,3.2965474744306005,-0.005324199746971916,-0.016307209126826528
3896,-576459444582,0.9213876787480364,3.296272275840978,-0.005201058691791916,-0.016374768145606528
3897,-576459444568,0.9240345289275511,3.29808540439969,-0.0036099760912434494,-0.01452531198650042
3898,-576459444564,0.9239697872647057,3.2978217210811507,-0.003564410305643449,-0.01469491391546042
3899,-576459444546,0.923906177641252,3.2975562848280053,-0.0035190666936434486,-0.01486368888466042
3900,-576459444529,0.9238466140433425,3.2973017935039484,-0.0034760710526434485,-0.015023724392760418
3901,-576459444510,0.9237845086561413,3.29703008719194,-0.003430666847843448,-0.015192724896440418
3902,-576459444498,0.9246274554711268,3.2966267154673585,-0.0028911834823024734,-0.01565173266435627
3903,-576459444493,0.9245757939548047,3.2963456348754603,-0.0028239021222224727,-0.01544297300503627
3904,-576459444475,0.9245256134709334,3.296069790987133,-0.0027569780280624723,-0.015235321865396272
3905,-576459444454,0.9244741067899632,3.2957835453634567,-0.0026865519835824717,-0.015016804923476271
3906,-576459444436,0.9244288918458,3.2955294688027243,-0.002623170776462471,-0.01482014660399627
3907,-576459444420,0.9224272711912171,3.293912216012866,-0.003793852765673708,-0.016354348537503744
3908,-576459444404,0.9223622410565546,3.2936305109850235,-0.0037916056109137076,-0.016505213791063744
3909,-576459444387,0.9222983635286579,3.2933511157285134,-0.0037893969877937075,-0.016653492179783742
3910,-576459444369,0.9222300279202189,3.293049271784271,-0.0037870327964537073,-0.01681221481532374
3911,-576459444351,0.922162914495005,3.2927438700914253,-0.0036770638741737073,-0.017153385234213742
3912,-576459444333,0.9220977180011898,3.2924320357207493,-0.0035669909941737073,-0.017494878174213743
3913,-576459444315,0.9220344786209377,3.292113929622091,-0.003456875308053707,-0.017836503917023742
3914,-576459444296,0.9219715253424495,3.291790507562848,-0.003540654674513707,-0.018113260907433742
3915,-576459444279,0.9219064955282906,3.2914592183926987,-0.0036251650675137065,-0.01839243277293374
3916,-576459444266,0.9285630647123041,3.2966920767514116,3.6277765007957296e-4,-0.013053540590783487
3917,-576459444258,0.9285690752911175,3.2964433115247824,2.750172155195732e-4,-0.013343448652543485
3918,-576459444242,0.9285730738418306,3.296214522385287,1.9595459991957336e-4,-0.013604624315143485
3919,-576459444224,0.928576628007501,3.295967717346443,1.9831748065957366e-4,-0.013774047695973485
3920,-576459444207,0.9285802181511676,3.295718317902894,2.0067603641957395e-4,-0.013943160966893483
3921,-576459444188,0.9300874752837726,3.294743243476569,0.0011450305101977447,-0.014905962972320082
3922,-576459444170,0.930108087559072,3.2944736700609045,0.001147387362177745,-0.015074954078730081
3923,-576459444153,0.9301301592781984,3.294201006894321,0.0013008095349777453,-0.015168866739130081
3924,-576459444135,0.9301549086602189,3.293927581408411,0.0014537126709777454,-0.015262461687130082
3925,-576459444116,0.9350865613877504,3.297280124139002,0.0045640161582132304,-0.011683525081317033
3926,-576459444098,0.9351700779527128,3.2970690122585435,0.00471714903181323,-0.011777260656117033
3927,-576459444081,0.9352532991080911,3.2968555976946208,0.00452553814925323,-0.011924934359717034
3928,-576459444063,0.9353340662565311,3.2966367469058873,0.00433147999309323,-0.012074494166817034
3929,-576459444044,0.9303952311552721,3.2987954123008256,0.0010345431533341116,-0.009646293553581889
3930,-576459444026,0.9304143566943401,3.2986210516570185,0.001090752887114112,-0.00972926415360189
3931,-576459444009,0.9304346751552734,3.2984436473177197,0.001147456072274112,-0.00981296313204189
3932,-576459443990,0.9304568535262678,3.2982579034453443,0.0012063110802241124,-0.009899838393591891
3933,-576459443972,0.9286901891660053,3.296810588359015,1.8331568988645317e-4,-0.011266199158568656
3934,-576459443953,0.9286929446147945,3.29660434843052,1.2058293028645364e-4,-0.011480015520508655
3935,-576459443937,0.9286944844639939,3.2964093998172146,6.23404718864541e-5,-0.011678527281268655
3936,-576459443918,0.9286950461701562,3.2961968837971107,-4.288831354542686e-8,-0.011891152761298655
3937,-576459443900,0.9286944867809624,3.295981283913314,-6.221176571354496e-5,-0.012103047204908655
3938,-576459443882,0.9315760539224074,3.294400078307798,0.0016856894620549266,-0.013389868229787423
3939,-576459443866,0.9316059164454946,3.2941624143578223,0.0016559457516449267,-0.013204878032807423
3940,-576459443849,0.9316325667473626,3.293949514531007,0.0016289429292249268,-0.013036934714047424
3941,-576459443831,0.9316612854990725,3.2937191996032182,0.001599334016584927,-0.012852782888127424
3942,-576459443812,0.9285488357715311,3.2913091778862174,-3.649150330645322e-4,-0.015217908995558551
3943,-576459443793,0.9285416151908911,3.2910340146238055,-4.379069193445321e-4,-0.015376182889238551
3944,-576459443777,0.9285330744792197,3.290755786847337,-5.10955614964532e-4,-0.015534579966958551
3945,-576459443759,0.9285231912922455,3.290473970027036,-5.841950276545319e-4,-0.01569339059109855
3946,-576459443740,0.9285140899391284,3.290185126433088,-4.057280870945314e-4,-0.01572314127181855
3947,-576459443730,0.9091696339061403,3.299222226342105,-0.012341602147139676,-0.0059002720921609055
3948,-576459443722,0.9089664659698545,3.2991242367187708,-0.012180780023739676,-0.005927081357960906
3949,-576459443706,0.9087610835531638,3.2990233854529616,-0.012016017418619676,-0.005954547507400907
3950,-576459443688,0.908558225570164,3.2989219303350574,-0.011851031584239675,-0.005982050869460908
3951,-576459443673,0.9083577046703085,3.298821200527122,-0.011736887467099675,-0.005867120749860908
3952,-576459443660,0.9088501633806108,3.29916228560522,-0.011441176691290534,-0.005520122493078808
3953,-576459443654,0.9086449928318312,3.299063867334104,-0.011320144451330534,-0.0053982568186788085
3954,-576459443637,0.9084422730329003,3.2989677726927003,-0.011199273337050534,-0.005276553379478808
3955,-576459443618,0.9082389710834814,3.2988701933703948,-0.011076730543840533,-0.0054153134155988086
3956,-576459443599,0.9080326158180844,3.298767397756937,-0.010950945096320533,-0.005557745237038809
3957,-576459443581,0.9150992828999526,3.2952872659412584,-0.006334825354962847,-0.009400604502087316
3958,-576459443565,0.9149908629803175,3.29512375524056,-0.006218861860352846,-0.009531914539007317
3959,-576459443543,0.9148740355411679,3.294943171570149,-0.006250046741982846,-0.009741650796507316
3960,-576459443528,0.9147613593041121,3.29476615781629,-0.006279976839432846,-0.009942947909007316
3961,-576459443510,0.9099526146751568,3.2913665614717003,-0.009121319634780077,-0.013424653115707794
3962,-576459443494,0.9097975222094025,3.291137038192812,-0.009149572248870077,-0.013614668188207793
3963,-576459443476,0.9096409266764487,3.2909032299952297,-0.009188214852690077,-0.013764943918147794
3964,-576459443458,0.9094733633551872,3.290651306448989,-0.009229384758370077,-0.013925047974707795
3965,-576459443439,0.9093180830698049,3.290416264676139,-0.009267373476570077,-0.014072780834107795
3966,-576459443423,0.9139123302183704,3.287905603211537,-0.006343319402578038,-0.016716573936943886
3967,-576459443406,0.9138035809129547,3.287620978575322,-0.006452974698228037,-0.016774587587433883
3968,-576459443387,0.9136863625261551,3.287318432557119,-0.0065691201525780365,-0.016836034886943883
3969,-576459443370,0.9135671267102722,3.2870149661752803,-0.006685194640978036,-0.01689744464158388
3970,-576459443352,0.927283203859797,3.296200482586623,0.0014432428213253332,-0.007296428367988252
3971,-576459443334,0.9273115127404585,3.2960700996563945,0.001693996682355333,-0.007152835246848251
3972,-576459443317,0.9273422489595587,3.2959499038265614,0.0019297028107153327,-0.00701785914516825
3973,-576459443300,0.9273770508317739,3.295831784365766,0.0021658396682653325,-0.00688263638826825
3974,-576459443281,0.9288529753780596,3.295027641606302,0.0033134621220291573,-0.007497508353215942
3975,-576459443265,0.9289108036324073,3.2949006196030526,0.003488661544119157,-0.007443620065195941
3976,-576459443247,0.9289753606496336,3.294766963211651,0.003674391684869157,-0.007386492711695941
3977,-576459443229,0.9290432229919302,3.294634417164007,0.003860008481289157,-0.00732940022093594
3978,-576459443210,0.9270274393916292,3.2930979768834487,0.002838094676058437,-0.008937336229029948
3979,-576459443192,0.9270831177081909,3.2929276409924806,0.0030662867196584367,-0.009125854753829947
3980,-576459443173,0.9271401921349877,3.292761979642521,0.0032837830174184367,-0.009305537097509947
3981,-576459443157,0.9271977961950777,3.2926022558565258,0.0034895793307584367,-0.009475553618629947
3982,-576459443139,0.9272573003859067,3.292440015324831,0.0035121493071184366,-0.009614936667279948
3983,-576459443127,0.9240429363275712,3.293960828221865,0.0014887791084151002,-0.007907213732948398
3984,-576459443122,0.9240699766965549,3.2938170249136505,0.0015127048502551002,-0.008054969441048398
3985,-576459443103,0.9240976371751626,3.293669550345862,0.0015367939213351003,-0.008203733804498398
3986,-576459443085,0.9241255489179346,3.293520370932975,0.0015607249746951003,-0.008351522314398398
3987,-576459443067,0.9241546336289223,3.293371215399935,0.0016915070489751003,-0.008326944982938398
3988,-576459443056,0.9261850668483549,3.294738898002195,0.0028974893358562955,-0.006931414272061256
3989,-576459443050,0.9262382729236194,3.2946146590463807,0.0030287832487362956,-0.006906740752901256
3990,-576459443032,0.9262939818836691,3.2944905465546377,0.0031604135126962955,-0.006882004024681256
3991,-576459443013,0.9263524423780036,3.294366083939715,0.0032928919663362953,-0.0068571078997012565
3992,-576459442995,0.926411383074006,3.2942420769822887,0.0032952370229162955,-0.007003838551551257
3993,-576459442977,0.930156075220456,3.2923368083532814,0.0056310850569614,-0.009160046462002355
3994,-576459442931,0.9302570616424327,3.2921712505597935,0.005633434962761401,-0.009307080530502354
3995,-576459442930,0.9303585072466597,3.292002356818524,0.005635794567001401,-0.009454721432302355
3996,-576459442924,0.9304618012659571,3.2918300593005854,0.005821586531931401,-0.009656533399802355
3997,-576459442906,0.930568006788999,3.2916548425404497,0.006006626302671401,-0.009857528314802355
3998,-576459442893,0.9397704259211843,3.297888258627017,0.011472842923714373,-0.0034948425520287974
3999,-576459442887,0.9399801686534528,3.297823042870382,0.011659696203734372,-0.003697807347028797
4000,-576459442869,0.9401893665476208,3.2977549021866004,0.011629799389684373,-0.0038881301738787973
4001,-576459442851,0.9403974125483504,3.297683558496364,0.011599990776644373,-0.0040778915139587976
4002,-576459442834,0.9406059774968897,3.2976084274007293,0.011570030724134373,-0.004268616916228798
4003,-576459442815,0.9387252437749927,3.2985672337545466,0.01020343919853086,-0.0032928881383810418
4004,-576459442796,0.9389292325627558,3.2985058597645107,0.01242803445357086,-0.0035162304100210414
4005,-576459442778,0.9391760076267486,3.2984397750340904,0.01467521255277086,-0.003741839927221041
4006,-576459442761,0.9394589197090055,3.2983707042464303,0.01688746745581086,-0.00396394326686104
4007,-576459442742,0.9396530115646075,3.298211860958033,0.019014651735970726,-0.004272753099667235
4008,-576459442724,0.939988704443015,3.298113943618079,0.018284556975970725,-0.006606951339667235
4009,-576459442707,0.9403113784959842,3.297973948118581,0.017554178290230725,-0.008942057323427236
4010,-576459442689,0.9406212539108074,3.2977916675166097,0.016822947827270725,-0.011279886538467235
4011,-576459442670,0.9362995889559985,3.299831890878512,0.013145567882441672,-0.01106395700155326
4012,-576459442653,0.9365450122420353,3.2996362039941824,0.014334365611781672,-0.010847014259173261
4013,-576459442635,0.9368166251085494,3.299441001766272,0.015544394248951671,-0.010626197105483261
4014,-576459442617,0.9371046452407525,3.299253290289388,0.01673219365974167,-0.010409436545453262
4015,-576459442598,0.9349492524542801,3.2973437512302732,0.022799145339017834,-0.012063706861309701
4016,-576459442580,0.9354056950445633,3.2971353488487156,0.029856168761837835,-0.011977636111219702
4017,-576459442562,0.9360084532826389,3.296920745872071,0.03717655344407783,-0.011888353284339702
4018,-576459442546,0.9366997584809965,3.2967192314033906,0.04410087861253783,-0.011803900984069702
4019,-576459442528,0.9375527391309608,3.296551743980602,0.050653692589897825,-0.006801678085949702
4020,-576459442516,0.9317931906363963,3.2993429984775116,0.046975719217847905,-0.003631504579475135
4021,-576459442509,0.9326991076324284,3.299322677102632,0.05353654041068791,0.0013768307883048653
4022,-576459442491,0.9337204658172857,3.2993923361851563,0.060080255279547905,0.006372107698174865
4023,-576459442472,0.9348644046220956,3.299552647298429,0.0666509035095679,0.011387944733264866
4024,-576459442456,0.9360512454800177,3.2997660682536947,0.0733397614965679,0.013785557893064865
4025,-576459442438,0.9394071421402309,3.3013850703786027,0.08161940906158978,0.017704940635088363
4026,-576459442419,0.9409372702410862,3.3017259982632687,0.08870708961433978,0.020245511267438364
4027,-576459442403,0.9426116086877386,3.302116585120936,0.09586419921908977,0.022810968660588363
4028,-576459442386,0.9442282379216785,3.30248648927315,0.09590676566108977,0.021068527450188362
4029,-576459442367,0.9408629743803796,3.3053573824842903,0.09269192199665975,0.022053909145623385
4030,-576459442350,0.9425330435636985,3.30573787303997,0.09273739941775976,0.020192308106303385
4031,-576459442332,0.9442022618404297,3.3060845006066586,0.09278283139425976,0.018332567324503383
4032,-576459442313,0.9458279925462985,3.306395191613154,0.08787398668205976,0.01619249173710338
4033,-576459442294,0.9471609661334537,3.3064884746811107,0.08252852173577631,0.013740390034436726
4034,-576459442276,0.9486102883366758,3.3067177330582855,0.07759103891407632,0.011587829285536724
4035,-576459442260,0.9498896326849127,3.30689750592915,0.07295548358967631,0.009566897810736722
4036,-576459442241,0.9511726884561292,3.307066927434354,0.0702666820872263,0.009344918364296722
4037,-576459442224,0.9515568427514473,3.3076548896391462,0.06701527479664193,0.009600993064598237
4038,-576459442206,0.9527390636369563,3.3078257379563114,0.06431341721724193,0.009377935747318237
4039,-576459442186,0.9539113214302055,3.3080033083921307,0.06599536371308193,0.010360885486518237
4040,-576459442170,0.9551226396450665,3.308200039219883,0.06768946300152193,0.011350937463718238
4041,-576459442151,0.9562673029812097,3.3083524542527503,0.06932111483887649,0.01227413851116228
4042,-576459442134,0.9575197907476345,3.3085802909612085,0.07099006719493649,0.013249494318962279
4043,-576459442116,0.9587917555782106,3.308813899887975,0.07037862750648649,0.01271426525501228
4044,-576459442098,0.9600524384825699,3.3090378286513533,0.06976732373127649,0.01217915516390228
4045,-576459442079,0.9613026766677818,3.3092522234004913,0.06915574812958648,0.01164380712711228
4046,-576459442067,0.960051362037917,3.309870439558876,0.06835366959731587,0.012347589762004587
4047,-576459442062,0.9612762913464916,3.3100878895867694,0.06774202603900586,0.011812182238794587
4048,-576459442044,0.9624889200942432,3.310298428011588,0.06697953242690587,0.011578377123334588
4049,-576459442025,0.9636874251289945,3.310504689409052,0.06621729295110587,0.011344649934254589
4050,-576459442008,0.9648727365412118,3.3107068335389878,0.06545471462690587,0.01111081884333459
4051,-576459441989,0.9587798888486511,3.3060128164383995,0.060316059440177136,0.0058757484691599774
4052,-576459441971,0.9599262956167,3.3061229891966195,0.06117681551201714,0.0058000419313999785
4053,-576459441952,0.9610238322658073,3.306225720457512,0.06198968085285714,0.005728547552639979
4054,-576459441936,0.9620847496389923,3.306322571375274,0.06276541947461714,0.00566031859999998
4055,-576459441917,0.9635686958406106,3.3062435348512964,0.06275931241681061,0.005095402552367076
4056,-576459441900,0.9646991280850555,3.3063322024434756,0.06252410157465062,0.004731439094467076
4057,-576459441881,0.9658279941248944,3.3064144897339003,0.06228833027221062,0.004366608384617076
4058,-576459441865,0.9668909086150167,3.3064861898709297,0.062065514726010615,0.004021825312867076
4059,-576459441845,0.9680201502817894,3.306558005697484,0.06206789923165062,0.003872626325567075
4060,-576459441835,0.9723203057991572,3.3094259081760886,0.06465304302150894,0.006802408607975885
4061,-576459441829,0.9734598360386914,3.3095445269313473,0.06465535295400894,0.006657875676725885
4062,-576459441812,0.974555633783046,3.3096561868814023,0.06465757415888894,0.006518894450125884
4063,-576459441793,0.975728091121906,3.30977304581716,0.06465995066986895,0.006370195690275884
4064,-576459441777,0.9768296191302208,3.309880955556032,0.06500785489986895,0.006332539903775883
4065,-576459441757,0.9714820588366304,3.31335447938429,0.06118384024901452,0.010085454468931963
4066,-576459441740,0.9725862543686307,3.3135355881970554,0.06155228291001452,0.010045575683381963
4067,-576459441721,0.9736975127350109,3.3137160495106563,0.06192086891001452,0.010005681383381962
4068,-576459441702,0.9748143591489403,3.313894096622646,0.06213871608631452,0.009771837304731962
4069,-576459441685,0.9759338184161184,3.314067733071278,0.062356309178154525,0.009538265968411962
4070,-576459441669,0.9769966875709075,3.3142281652609467,0.06256220228557452,0.009317253767001963
4071,-576459441651,0.9781286596747385,3.314394334966957,0.06278073911969452,0.009082669387741963
4072,-576459441633,0.9792027335429027,3.314545839492805,0.06268052336881452,0.008614390050201964
4073,-576459441614,0.9803812818711892,3.314703110708946,0.06257037500905452,0.008099698492371963
4074,-576459441600,0.9775175061538922,3.316400982178054,0.06072801719082144,0.009990942021859113
4075,-576459441596,0.9786219079292524,3.316578306673373,0.06062148015674144,0.009493125148719113
4076,-576459441579,0.9796378281644121,3.3167330894870335,0.06052331296986144,0.008964162433039113
4077,-576459441560,0.9807308564829483,3.3168897381778004,0.06060127906650144,0.008394956667919113
4078,-576459441544,0.9818204982867091,3.3170354955101815,0.060678903888671434,0.007828242439559112
4079,-576459441525,0.9663340485836628,3.306239008426816,0.05094303355979709,-0.003545554321377465
4080,-576459441508,0.9672436814893522,3.3061712502324383,0.050816996162717086,-0.004034509933837464
4081,-576459441490,0.9681501993511391,3.306094827384584,0.050691078613257085,-0.004523000603607464
4082,-576459441472,0.9690594235515058,3.306009188347399,0.050564470177517085,-0.005014171531237463
4083,-576459441454,0.9682958104341416,3.3068301020964963,0.04936154069911739,-0.004491481250275808
4084,-576459441433,0.9693316781495708,3.306730509774033,0.04913774284855739,-0.004978620253375808
4085,-576459441414,0.9702174194884509,3.3066368134066977,0.04894556802903739,-0.005396925656075808
4086,-576459441395,0.9710500047259885,3.306541475721349,0.048764235695597395,-0.005791630305475808
4087,-576459441379,0.9725793903711512,3.306864785267695,0.04896067575418381,-0.005786110157238235
4088,-576459441362,0.9734119954319057,3.3067670053651272,0.04920651881688381,-0.005742499471648235
4089,-576459441346,0.9742501059475862,3.3066698113615596,0.04945275318788381,-0.005698819370948235
4090,-576459441327,0.9751462324880377,3.306567236474781,0.04971468336958381,-0.005652354953058234
4091,-576459441310,0.9759968237530987,3.3064711421662416,0.04996203369388381,-0.005608476890748233
4092,-576459441298,0.97137351786158,3.3088821283155037,0.046999300630427274,-0.002924600088640658
4093,-576459441291,0.972214305741193,3.308826378267566,0.04698023098674727,-0.003306892443350658
4094,-576459441274,0.9730609512716841,3.3087633007039967,0.04696102066274727,-0.003692005040100658
4095,-576459441256,0.9739051850953986,3.3086934608583647,0.04694185723218727,-0.0040761775561706575
4096,-576459441238,0.9747509172313424,3.3086162837104443,0.04696577500674727,-0.004493348084570657
4097,-576459441226,0.969347693708466,3.305135215959757,0.04380422426089969,-0.007883711482663263
4098,-576459441221,0.9701355959556675,3.3049897065267904,0.04382810219905969,-0.008300187190063263
4099,-576459441203,0.9709234013522869,3.3048368126259406,0.043851964202659695,-0.008716384969063263
4100,-576459441184,0.9716712264763563,3.3046848409367855,0.043874603228779695,-0.009111251743363262
4101,-576459441169,0.9724019226582423,3.304530562661226,0.0440657243540797,-0.009456358746443263
4102,-576459441150,0.9682342054639846,3.3068949796393516,0.04109903686893626,-0.006995666151321151
4103,-576459441132,0.9689760164896262,3.3067656639068486,0.04130609817233626,-0.007369556299561151
4104,-576459441115,0.9697216799865043,3.3066295934256837,0.04151319397828626,-0.007743508748981151
4105,-576459441097,0.9704780066039431,3.3064868835798173,0.04147195167004626,-0.007914802186541151
4106,-576459441077,0.970662457620088,3.305951133539216,0.04108193035219202,-0.00846902823875295
4107,-576459441059,0.9714015658284675,3.3057971686731786,0.04104120391219202,-0.00863817909875295
4108,-576459441042,0.972144820001726,3.3056391109528587,0.04100020822517202,-0.00880844823388295
4109,-576459441023,0.972919517228866,3.3054711069222393,0.041104314814422026,-0.008997076711162948
4110,-576459441005,0.9561939850323298,3.3140059625085687,0.030114278717047346,5.965005799592887e-4
4111,-576459440986,0.9567115583016637,3.3140147267665663,0.030208946147047347,4.2497471115928955e-4
4112,-576459440970,0.95728124954034,3.314020956014642,0.030312804482547348,2.3679603947929047e-4
4113,-576459440951,0.9578274770719213,3.3140207869464007,0.030369029831877347,-2.5557826923070946e-4
4114,-576459440933,0.9583748385295122,3.314011750671451,0.03042526767364735,-7.480619762207093e-4
4115,-576459440921,0.9554970256734526,3.312127604965962,0.028735250811935113,-0.0026118537056379104
4116,-576459440915,0.956014535800253,3.312076185801213,0.028791441807055115,-0.0031039271690779103
4117,-576459440898,0.9565346649550536,3.3120162913655076,0.028576798947435113,-0.0035021982051179094
4118,-576459440879,0.9570548442162242,3.3119486327036993,0.028360510725355115,-0.003903522220477908
4119,-576459440862,0.957551339450635,3.3118766533501574,0.028152520338415116,-0.004289449555957907
4120,-576459440843,0.9538549283385782,3.313869221582727,0.02527664847918715,-0.002345896922975771
4121,-576459440825,0.9543106400453032,3.3138252179150833,0.025397398749207153,-0.002547205227975771
4122,-576459440808,0.9547725044793224,3.3137771646119645,0.025519196336147153,-0.0027502595629757707
4123,-576459440791,0.9552078392292498,3.3137287311295025,0.025633468011117152,-0.002940767105475771
4124,-576459440772,0.9506267387955337,3.310340787568876,0.022780469369606173,-0.006469420554526678
4125,-576459440756,0.9510130070141694,3.3102288191342306,0.022721735676406174,-0.006720405649406678
4126,-576459440738,0.9514214831524707,3.310105443019994,0.022659459557606173,-0.006986528495326679
4127,-576459440719,0.9518287930017076,3.3099772906675584,0.022597190357606173,-0.007252621775326679
4128,-576459440701,0.9468883083116849,3.31243208491765,0.01915163881290166,-0.00459027618187209
4129,-576459440685,0.9472117228105472,3.312351170934738,0.01922445123305166,-0.00501090838202209
4130,-576459440667,0.9475623232897953,3.3122558392010584,0.01930307395905166,-0.0054651063080220896
4131,-576459440648,0.9478873408147994,3.312160468327597,0.01937567470263166,-0.005884515667602089
4132,-576459440633,0.9482174098619891,3.312056806502951,0.01944912647242166,-0.006308841345392088
4133,-576459440613,0.9485869229915717,3.311932731269034,0.01940609220082166,-0.006737976101192087
4134,-576459440595,0.9489355175362761,3.311807921198329,0.01936540648726166,-0.007143691199972087
4135,-576459440576,0.9492838056137889,3.3116756494663195,0.01932467099694166,-0.007549902669132087
4136,-576459440560,0.9496118052157424,3.311544120203527,0.01928622976274166,-0.007933235976232087
4137,-576459440544,0.9499379224849586,3.311411544368187,0.01908502205702166,-0.007665756298132088
4138,-576459440525,0.9502796107530245,3.31127608044881,0.018871906188461657,-0.007382446254332089
4139,-576459440508,0.9505990774321831,3.3111527175263347,0.018670449902801655,-0.00711463612128209
4140,-576459440491,0.9509183066941924,3.311029801987411,0.018936814279241654,-0.00736560643320209
4141,-576459440470,0.9512440360348482,3.310901841139681,0.019204794696841655,-0.00761809939000209
4142,-576459440456,0.9430170832463337,3.3042634271866635,0.01451074168926341,-0.014238935437188065
4143,-576459440440,0.9432660034646887,3.3040192581269734,0.014777435549823411,-0.014490216191268064
4144,-576459440422,0.9435167102720576,3.3037690647702918,0.014688017511113411,-0.014914891252078063
4145,-576459440405,0.9437798784997014,3.303496937961745,0.014593565536863412,-0.015363474093828062
4146,-576459440386,0.9291291551400322,3.310954949343913,0.005222863630463684,-0.007464377311566071
4147,-576459440370,0.9292171691270867,3.310824472463503,0.005133550684353685,-0.007888553253776071
4148,-576459440352,0.9293091095590251,3.310678047874595,0.005082052864353684,-0.00838084551377607
4149,-576459440335,0.9293950910446641,3.310531621487996,0.005033416034353684,-0.00884578820377607
4150,-576459440317,0.9320032927482883,3.3121818752441126,0.006446509799710517,-0.007578120949211115
4151,-576459440300,0.9321177984374074,3.312042385814317,0.006395489765040517,-0.008065845831021115
4152,-576459440283,0.932228097165993,3.3119029573569794,0.006580831245040517,-0.008337502091021114
4153,-576459440264,0.9323487114123812,3.3117497933100912,0.006777707506560517,-0.008626064958261114
4154,-576459440246,0.9324722880500647,3.311592176080585,0.0069736570606805165,-0.008913269544201113
4155,-576459440229,0.9277930255022623,3.3137932817288265,0.004223109436371485,-0.006682412456701297
4156,-576459440211,0.9278684666675492,3.3136727501750887,0.004246764290691485,-0.006849815424481296
4157,-576459440192,0.9279459819720577,3.3135465201376553,0.004270933034571485,-0.007020855135751295
4158,-576459440175,0.9280223695481779,3.3134198014220804,0.004294617102251485,-0.007188464843471294
4159,-576459440154,0.9247954462256641,3.3109937023880573,0.0024032832140662933,-0.009562781243535542
4160,-576459440137,0.9248394422924937,3.310817092956983,0.0024916952939062933,-0.010086688168335542
4161,-576459440120,0.9248825066620158,3.3106414289987627,0.002575297237226293,-0.01058209147873554
4162,-576459440102,0.9249296134990115,3.310446418704198,0.002663743745446293,-0.01110620241713554
4163,-576459440085,0.930930372931528,3.307457847072758,0.006379318498468421,-0.014594853840609788
4164,-576459440068,0.9310443523870097,3.307190702111125,0.006338764014548422,-0.015213778343369788
4165,-576459440048,0.9311580584091431,3.3069113235025966,0.006298046624868422,-0.01583518904140979
4166,-576459440032,0.9312710441957858,3.306620729073878,0.006257324710028422,-0.01645666880042979
4167,-576459440014,0.9259594914159357,3.3027177891378234,0.002946724261215462,-0.020492516516422966
4168,-576459439996,0.9260115526252424,3.302338885661014,0.002763620074275462,-0.021067588431382966
4169,-576459439979,0.92605641899711,3.301981708877578,0.0025954783332354622,-0.021595668070742965
4170,-576459439958,0.9261015929124984,3.301587124052556,0.0024143825282954626,-0.022164432297702964
4171,-576459439943,0.926147372895985,3.3011826045204296,0.0026751097992954624,-0.02280716660460296
4172,-576459439931,0.9293051462065871,3.2997314792476127,0.004601204816762929,-0.02438036086790947
4173,-576459439926,0.9293903935381762,3.299286444547958,0.004862308903162929,-0.025024024084869468
4174,-576459439907,0.9294802731946243,3.2988301729559075,0.0051232100889629295,-0.025667187119489468
4175,-576459439887,0.9295802247561966,3.2983360739671705,0.00539856069606293,-0.026345970282179467
4176,-576459439870,0.9296784753222549,3.2978560918058193,0.005540655031632929,-0.02709523234000947
4177,-576459439853,0.9330236389713054,3.299561173393209,0.007560504620340854,-0.025676235934584558
4178,-576459439837,0.9331529489458243,3.299119890148011,0.007694609462010854,-0.026383369468314558
4179,-576459439820,0.9332849316744412,3.2986652371981173,0.007829117733570853,-0.027092630283954557
4180,-576459439801,0.933426761202554,3.298169894215804,0.007906988791750853,-0.027866094037934556
4181,-576459439782,0.9294605545183515,3.2995458793941577,0.005467830479586733,-0.026578930736836464
4182,-576459439766,0.9295542981064122,3.2990870180619685,0.005541398887486733,-0.027309657893736464
4183,-576459439747,0.9296544621625655,3.2985898971332874,0.005618941630986733,-0.028079860622236465
4184,-576459439730,0.9297495986087255,3.29811026170895,0.005570290496036733,-0.028331244857036465
4185,-576459439712,0.93175181346932,3.298855228369602,0.006625454927685537,-0.027351039099067876
4186,-576459439694,0.9318704109576377,3.298361343333618,0.006574042937385537,-0.027616688890267877
4187,-576459439678,0.9319817040711778,3.297889946428284,0.0065254289953055366,-0.02786788094658788
4188,-576459439657,0.9320992685586775,3.297382905356828,0.006517003609505537,-0.02838251526550788
4189,-576459439642,0.9322165574902516,3.2968671354985606,0.006508587103355537,-0.02889660720301788
4190,-576459439629,0.9241823610885149,3.300577920040913,0.001566463028742299,-0.02476580722073151
4191,-576459439624,0.9242104863864824,3.3001274351567043,0.0015580493266922995,-0.02527972787990151
4192,-576459439605,0.9242390791901364,3.2996655493345517,0.0016143465075522997,-0.02596689612460151
4193,-576459439587,0.9242685982670436,3.299192689229491,0.0016704781635822998,-0.02665204395895151
4194,-576459439569,0.924299169364426,3.2987068315206955,0.0017266878973623,-0.027338144817051508
4195,-576459439550,0.9288278229681224,3.301237159223275,0.004406335652755365,-0.024987863482692867
4196,-576459439534,0.9289074490688519,3.3007821715108867,0.004441008872755365,-0.025566326782692866
4197,-576459439515,0.9289879812593361,3.3003151242735473,0.004475803449025365,-0.026146814704242866
4198,-576459439497,0.9290685646034844,3.2998410125143525,0.004510351460175365,-0.026723189108992865
4199,-576459439478,0.9340232917794923,3.2970729399643224,0.007562182406963022,-0.02986625172643629
4200,-576459439461,0.9341664620061182,3.2965044108352264,0.007530609773723022,-0.030067242801916288
4201,-576459439438,0.9343203548855915,3.2958863513924994,0.0074965242437830225,-0.030284230953296288
4202,-576459439424,0.934443955443381,3.2953846711969508,0.007469035483723022,-0.030459224131916287
4203,-576459439404,0.9344538210494049,3.294716071676503,0.007360216960574744,-0.030749253328234305
4204,-576459439388,0.934580696214967,3.294191366520752,0.007575937676204745,-0.031020733810654302
4205,-576459439369,0.9347211887528957,3.2936221073086998,0.007807860618754745,-0.031312604492354304
4206,-576459439352,0.9348617303594687,3.293063980841428,0.008033168075234746,-0.031596149708674304
4207,-576459439333,0.9361106367935234,3.291973100611788,0.00869107819946172,-0.03231175923871537
4208,-576459439316,0.9362666680273903,3.2913908733617276,0.008661149766181719,-0.03243771252063537
4209,-576459439299,0.9364138742889841,3.290837638859743,0.00863281893610172,-0.03255694231775537
4210,-576459439281,0.9365601422063197,3.290284106416978,0.008604576307031719,-0.03267580092248537
4211,-576459439263,0.9367180842946855,3.289684014682521,0.00872693783385172,-0.03317427418530537
4212,-576459439250,0.9447995696169645,3.2950585782310298,0.013486056212222569,-0.027712052301006825
4213,-576459439243,0.9450544300188937,3.294532476168151,0.01361233846392257,-0.028226497712706824
4214,-576459439228,0.9452866314401137,3.294049046680584,0.01372638187751257,-0.028691084858296825
4215,-576459439210,0.9455352785692758,3.293527155087844,0.01384746111246257,-0.029184334353246823
4216,-576459439192,0.9457845256397,3.292997605520141,0.01388209002779257,-0.029729785655986822
4217,-576459439177,0.9395112767930166,3.2959932155180938,0.009949871127045016,-0.026317256871499717
4218,-576459439171,0.9397013211644362,3.2954859628174313,0.009986595845895016,-0.026895719856799716
4219,-576459439155,0.9398806002743971,3.2949990923305403,0.010021116888985016,-0.027439472028819717
4220,-576459439137,0.9400515191193569,3.2945274541822385,0.010053917755105016,-0.027956129134179716
4221,-576459439118,0.940241241297031,3.2939946759254437,0.009919991564685015,-0.028134649072369716
4222,-576459439100,0.9354849154082073,3.290149955025109,0.0068756267617187065,-0.0317132061240126
4223,-576459439082,0.9356022211794212,3.2896026834618946,0.006754277521538707,-0.0318749613325226
4224,-576459439066,0.9357211581295601,3.289034653529537,0.006628973309898707,-0.0320419884095026
4225,-576459439047,0.9358433813357078,3.2884555352315155,0.0069544014564587074,-0.0323187915440226
4226,-576459439029,0.9267577651021105,3.292296708361608,0.0014697892561358053,-0.02754308209516828
4227,-576459439012,0.9267853627877876,3.2918262811625825,0.0017771882927758052,-0.02780455000379828
4228,-576459438995,0.9268120799738994,3.291348134550271,0.0013617632565258051,-0.02837198906820828
4229,-576459438977,0.9268327028199306,3.290830010571177,9.207874940258051e-4,-0.02897432848510828
4230,-576459438958,0.9317627204260128,3.293628189340223,0.003378481921958467,-0.02617414284913188
4231,-576459438941,0.931816471170773,3.2931798294128636,0.0029649115707084672,-0.02673904855462188
4232,-576459438924,0.9318638710742343,3.2926928804314985,0.002299112357468467,-0.02733935461765188
4233,-576459438906,0.9318992609972447,3.2921954558117728,0.0016337567885484669,-0.027939260676641882
4234,-576459438874,0.9319226784528097,3.2916871776043033,9.683272789084667e-4,-0.028539233402971882
4235,-576459438870,0.9319341188426308,3.2911681004877327,3.028977692684665e-4,-0.029139206129301883
4236,-576459438857,0.9317312307631093,3.291266806624722,1.7452215487652733e-4,-0.02902676277798477
4237,-576459438851,0.9317222546772927,3.2907646838589293,-0.0011616645519434724,-0.02619404067444477
4238,-576459438833,0.9316923078295654,3.290345992421013,-0.0023979274755634725,-0.02357315746130477
4239,-576459438816,0.9316372945281387,3.2899472001238586,-0.0037194195083834723,-0.020771588135764768
4240,-576459438798,0.9305269548370332,3.288891979646408,-0.005661284566788738,-0.01868035729219522
4241,-576459438781,0.93042483469903,3.288582208733783,-0.005723346202788738,-0.015853746679395223
4242,-576459438762,0.930320507671409,3.28832068790092,-0.0057860616653887375,-0.012997357392915222
4243,-576459438746,0.9302211011517909,3.2881215411461757,-0.005845193189588737,-0.010304199354755222
4244,-576459438727,0.9241852328980945,3.2908209794612455,-0.009670449587699149,-0.00424280474130087
4245,-576459438710,0.9240040888547906,3.2907393783993233,-0.01049587863984915,-0.004841644122850869
4246,-576459438692,0.9238076970587298,3.2906468178672053,-0.011323007712869149,-0.005441716850190869
4247,-576459438675,0.9236206718982558,3.2905554956378866,-0.01205805997984915,-0.005974988902850869
4248,-576459438658,0.9261538428455547,3.2923274888541716,-0.011198744998344293,-0.004620874171274759
4249,-576459438642,0.9259612860238317,3.2922791827462636,-0.011511105423044293,-0.0010762726512347585
4250,-576459438623,0.9257503560188384,3.2922938411051086,-0.011843819560994293,0.0026992985987052413
4251,-576459438585,0.9255345850607286,3.2923760769831105,-0.012174765412544293,0.006454803700165242
4252,-576459438582,0.9253121804741216,3.292473833403401,-0.012549217312934293,0.004412454405655243
4253,-576459438569,0.9250829357333549,3.292534864874743,-0.012923835719644294,0.002369196946265243
4254,-576459438550,0.9244475667761746,3.2927503939423506,-0.013564773540472523,4.276745086135069e-4
4255,-576459438532,0.9242003915171629,3.292739743714424,-0.013938871614932524,-0.0016127449355264926
4256,-576459438514,0.9239734352858867,3.2927326536633115,-0.011275685798272523,8.250490003735066e-4
4257,-576459438496,0.9237944389509778,3.2927694422532183,-0.008612795858272524,0.0032625721003735056
4258,-576459438479,0.9211347757523752,3.291082636305128,-0.0076145728732085905,0.003771056360774472
4259,-576459438460,0.921020529723706,3.291173903302389,-0.0049172133023185904,0.006240131843124471
4260,-576459438443,0.9209349996618864,3.2913049777054812,-0.00471292370376859,0.008518006207014471
4261,-576459438424,0.9208563746954773,3.291468709976935,-0.00451698372231859,0.010702780487124471
4262,-576459438408,0.920777048499515,3.291681783173036,-0.00431027894526859,0.013007584627314472
4263,-576459438390,0.9166697516252734,3.29392338568145,-0.006665787640197855,0.017549200389191992
4264,-576459438373,0.916559398479579,3.294209366363914,-0.006317699117197855,0.01609756500453199
4265,-576459438356,0.9164489614751593,3.2944853758500714,-0.005948990255197855,0.014559936512491989
4266,-576459438338,0.9163452080854152,3.2947335946164045,-0.005580445209197855,0.013022991183171987
4267,-576459438320,0.9243685788936633,3.300597286294105,-3.765447644657558e-4,0.017297719145861475
4268,-576459438303,0.9243525425934824,3.3008796140945234,-0.0014071491547657557,0.014105183964981475
4269,-576459438287,0.9243226615010336,3.301082716998412,-0.0023249550666657555,0.011262068128741476
4270,-576459438269,0.9242714028340073,3.301256969373337,-0.0033587691697657554,0.008059590120981475
4271,-576459438251,0.9242017387673925,3.301373191242725,-0.004389430876365756,0.004866877389621474
4272,-576459438238,0.9222550569684957,3.3023186147590518,-0.005627562306349564,0.005929319088138499
4273,-576459438232,0.9221484440279559,3.3024432165433977,-0.006217661907839563,0.007914554512868498
4274,-576459438214,0.9220309840305104,3.302603881303742,-0.006808843298499563,0.009903429333688499
4275,-576459438196,0.9219033066103404,3.302799700092868,-0.007398057799759563,0.011885687070708499
4276,-576459438178,0.9218312118443398,3.3030308113832514,-5.942670159995609e-4,0.013734986992108497
4277,-576459438165,0.9228507657151426,3.30372960880639,1.5501425469124572e-5,0.014441148629382405
4278,-576459438158,0.9229187806774463,3.3040216899292956,0.007162479926829126,0.016383728464782404
4279,-576459438141,0.9231096240265388,3.3043342785955865,0.013973059039069126,0.018234873483382402
4280,-576459438125,0.9234000927528447,3.3046575455141545,0.02035521919834913,0.0199695723675824
4281,-576459438106,0.9237538885481463,3.305008865843566,0.01896853264132913,0.0190790359920224
4282,-576459438088,0.9115405848511053,3.311479860061707,0.009593320089692799,0.02508417852241917
4283,-576459438071,0.9116942320130623,3.311904108426102,0.008267436894542799,0.02423269034071917
4284,-576459438053,0.9118295630848171,3.3123288942628157,0.0068914622098927986,0.023349033178019167
4285,-576459438034,0.9119546493793885,3.312789238320465,0.006327697057892798,0.025300272782269165
4286,-576459438014,0.9206045768843842,3.3191830521587695,0.010895366034424666,0.03313825252740424
4287,-576459437998,0.9207962922840865,3.3197976783671073,0.010357934747384666,0.034998348363614235
4288,-576459437980,0.9209784297298361,3.3204463048731796,0.009820145987064665,0.03685968144554423
4289,-576459437963,0.9211609073199916,3.321139838849815,0.011755684950614666,0.04514256231859423
4290,-576459437946,0.9083426939668036,3.3282640938537496,0.005395648790561598,0.060556764416478955
4291,-576459437928,0.9084584348946525,3.3294342063438007,0.007456600151631599,0.06937633091984896
4292,-576459437911,0.908601553237406,3.3306828860207878,0.0093996913216016,0.07769153045311897
4293,-576459437894,0.9087863989152128,3.3321428958685524,0.011136435531741599,0.08451376315475896
4294,-576459437877,0.9089897228506321,3.333634845911746,0.012776994097091599,0.09095816194885896
4295,-576459437864,0.9092311637542928,3.3338010895809083,0.012921196552148696,0.09112635603465359
4296,-576459437858,0.9094943015631153,3.335602369523235,0.014755670008198695,0.09833248617695359
4297,-576459437840,0.9097587115242247,3.337326373347198,0.016393527271588694,0.10476627378809358
4298,-576459437823,0.9100458940392826,3.3392452466506723,0.015501465515828693,0.10834715396337358
4299,-576459437805,0.9103027592497132,3.3411196808609236,0.014657652768848693,0.11173435481331358
4300,-576459437787,0.9077609197904141,3.3445111573436033,0.011984371511699687,0.11683538423834638
4301,-576459437770,0.9079783993723531,3.3464953267314352,0.013613507718419687,0.11670621037466639
4302,-576459437752,0.9082392046303047,3.3485965555274486,0.015340725748319687,0.11656925962406639
4303,-576459437735,0.908530972113454,3.3506942692646025,0.017067080888279688,0.11643237729182639
4304,-576459437716,0.8892804401374255,3.339243079256514,0.007113384142704326,0.10257583075222375
4305,-576459437699,0.889381677037736,3.3411237299362107,0.004056967872144327,0.10493279549698376
4306,-576459437681,0.8894273695583664,3.3430318691239016,0.0010244957211043276,0.10727129566082376
4307,-576459437663,0.8894187300362644,3.344970884375793,-0.0019907771328156717,0.10959653253414375
4308,-576459437644,0.8987868627139541,3.342541136896343,9.88310502270797e-4,0.10691494410780082
4309,-576459437626,0.8987817562951008,3.3445147748488404,-0.0015549034402292015,0.11207401039955082
4310,-576459437606,0.8987299447291675,3.346606030228443,-0.0041277470597292,0.11729318231800083
4311,-576459437590,0.8986336802720635,3.3487472696350795,-0.006648527103929199,0.12240674006382082
4312,-576459437572,0.8790470011199557,3.3375241482446394,-0.020784846373190904,0.11389942192787682
4313,-576459437554,0.8786862496172138,3.3396095017061116,-0.019628697876170904,0.11971436415536682
4314,-576459437536,0.8783434979211597,3.3418166233522295,-0.018463288793530902,0.12557588324604682
4315,-576459437519,0.8780213729823145,3.3441318577090926,-0.017296584524090903,0.13144391658332683
4316,-576459437499,0.8776968558559546,3.3466634459422404,-0.018403869420890902,0.14705863931852683
4317,-576459437488,0.8947311091436203,3.338795918843351,-0.007532175799145611,0.1380755935192564
4318,-576459437481,0.8945786974090933,3.3415442951639074,-0.00867752742094561,0.1542271260294564
4319,-576459437465,0.8944226212206424,3.3442860462859954,-0.009711419671945611,0.1688068795184564
4320,-576459437448,0.8942485541022498,3.347282808297414,-0.010747809100105612,0.1834218477286964
4321,-576459437426,0.8644486196873842,3.331049317584832,-0.026841412736233555,0.18827479922553061
4322,-576459437408,0.8639768943492653,3.3346265591278024,-0.025589990855953555,0.20932901793249062
4323,-576459437388,0.8635028251316753,3.338818944588755,-0.024267422783413553,0.23158021706277063
4324,-576459437371,0.8630781527164042,3.3431673401174193,-0.023018226394973553,0.2525969935668506
4325,-576459437353,0.8626870613384194,3.347686773624073,-0.020453276743453555,0.24975764508750062
4326,-576459437334,0.9024337568295795,3.3334746324601863,0.007733848460009681,0.22552505809899256
4327,-576459437316,0.9025973998075869,3.337537467093283,0.010318327823209681,0.22266409061549255
4328,-576459437296,0.9027918695321709,3.3412733351979784,0.012724473833769682,0.22000053462244257
4329,-576459437283,0.9030012718509476,3.34490315108882,0.011902401242869683,0.20688596318324257
4330,-576459437264,0.8673829460614056,3.323636883290354,-0.010317324090042594,0.16767427302923263
4331,-576459437247,0.8671894143109075,3.326529936352939,-0.011187398449892593,0.15379392660243263
4332,-576459437228,0.8670013046452851,3.3293051749994054,-0.009709031856972593,0.15449741381819262
4333,-576459437211,0.8668398444151196,3.332092458426413,-0.008230993716972593,0.15520074473819262
4334,-576459437192,0.8667033974606472,3.3349291962599668,-0.0067335768546925925,0.15591329710803262
4335,-576459437180,0.9104800983201845,3.3146845249389387,0.021276514567924426,0.13267732641217445
4336,-576459437174,0.9108706691195452,3.317045569478496,0.022733942287194428,0.13337084977323443
4337,-576459437156,0.9113112215919601,3.3194432185276783,0.026205457003514426,0.13297541207771443
4338,-576459437138,0.9118146016736822,3.32183520649498,0.029679092729714425,0.13257973277951443
4339,-576459437119,0.88417709745316,3.304940897139585,0.016404899867536783,0.11252429248341632
4340,-576459437101,0.8845149228260977,3.307026349835632,0.019984971725896784,0.11211648912345631
4341,-576459437083,0.8848547662818287,3.3090649893546824,0.017756541487606785,0.11428581184275631
4342,-576459437066,0.8851387314315464,3.3110251379601268,0.015653088457416788,0.1163334722850563
4343,-576459437048,0.8854010049478404,3.3131436317867586,0.013420574805396789,0.11850677010845631
4344,-576459437032,0.9235774227383065,3.2953167620604398,0.03790983649905624,0.09799464186267257
4345,-576459437030,0.9242387904729285,3.2970974754075026,0.035685860893926245,0.10015962810477257
4346,-576459437011,0.9249518504949652,3.2990579090318533,0.039404705874886245,0.10628873166253257
4347,-576459436992,0.9256506234912439,3.3009130154318727,0.042736236440706246,0.11177949450645257
4348,-576459436977,0.9264540492496027,3.3029835596599653,0.046271214770596245,0.11760556372129256
4349,-576459436964,0.8860022080033064,3.2756396745904874,0.02211713981710526,0.08978573565472925
4350,-576459436958,0.8864313713040144,3.277305613164494,0.02563664906772526,0.09558630996744925
4351,-576459436941,0.8868681049730922,3.2789371599760893,0.02592272394186526,0.09702886169835925
4352,-576459436923,0.887343744513457,3.280721131264974,0.02623073443146526,0.09858202524075925
4353,-576459436906,0.8877857698305688,3.2823854254446143,0.026513769728405263,0.10000924969986925
4354,-576459436888,0.9347406516096359,3.2622423266719287,0.05548024119541052,0.07640205809337765
4355,-576459436871,0.9357297004006014,3.263630413875795,0.05457915801067052,0.07806154885776764
4356,-576459436852,0.9367041106665757,3.265050639056145,0.05367662089991052,0.07972371726262764
4357,-576459436835,0.937610108195023,3.266420422401953,0.05282361754459052,0.08129466122664764
4358,-576459436817,0.8969828564787876,3.239764916629852,0.02784919194965436,0.0459677275380835
4359,-576459436802,0.8974514526912268,3.2404863526542993,0.02776063567026436,0.0396474180677435
4360,-576459436782,0.8979571262378673,3.2411473661108294,0.02766475443665436,0.0328043226600835
4361,-576459436766,0.8984199392089582,3.24164438855928,0.027576707856374363,0.026520390690403496
4362,-576459436747,0.9485940736023889,3.2188243390444353,0.05823023415494276,0.002536290993947938
4363,-576459436730,0.9495727162574672,3.2188901555051377,0.056992307209422756,0.005212747765387937
4364,-576459436712,0.9505869947653655,3.219009541738863,0.05568026642958276,0.008049442161867936
4365,-576459436695,0.951522266676317,3.2191689993726347,0.05444241235902276,0.010725741374187936
4366,-576459436677,0.9524891656242687,3.2193781751352923,0.05271695237018276,0.012456765847127935
4367,-576459436666,0.9173023725633247,3.1960117752888286,0.0316042435531845,-0.011264076337244085
4368,-576459436659,0.9178552214790395,3.1958247331128353,0.029884902894904503,-0.009539190929264085
4369,-576459436642,0.9183487702727487,3.195676617556312,0.0282617504638645,-0.007910803948624087
4370,-576459436625,0.9188154836380841,3.1955559759068777,0.0266360164402445,-0.006279827049954088
4371,-576459436608,0.9192499636831148,3.1954863810864773,0.024407221932724498,-0.0018962561737940874
4372,-576459436590,0.9720432016770405,3.170331371426938,0.05580270457801019,-0.026095812788668488
4373,-576459436572,0.9730257463904132,3.1699036397721465,0.05344783340750019,-0.021464275585338487
4374,-576459436556,0.9738706746596023,3.169590969882834,0.05133647479479019,-0.01731167645940849
4375,-576459436538,0.9748017553650506,3.169329053262827,0.05274140419563019,-0.011965835278448488
4376,-576459436520,0.93387524956239,3.141619377530337,0.028919236527012396,-0.03450593680322555
4377,-576459436503,0.9343803411046482,3.1410738917446035,0.030259620210912396,-0.02940569597162555
4378,-576459436487,0.9349043004291427,3.140618556272211,0.0315900315030224,-0.02434340069278555
4379,-576459436468,0.9354730301214546,3.140117403367329,0.0315600564729824,-0.03130315769962555
4380,-576459436449,0.9722405035737036,3.1221456536260868,0.054900362052019154,-0.05791635757865746
4382,-576459436415,0.974186717710825,3.1198483658732448,0.05484133560628915,-0.07162142205098745
4383,-576459436397,0.9751796854696537,3.11849790439684,0.05550067559814915,-0.07844652732168746
4384,-576459436381,0.9761282099611213,3.117109941376588,0.05612327161779915,-0.08489128029843745
4385,-576459436368,0.932258046312751,3.0882811017420706,0.029585916726629056,-0.11410756086611533
4386,-576459436362,0.9328019117822649,3.0861442007160895,0.030251850851089057,-0.12100092477381533
4387,-576459436347,0.9332899521297965,3.0841624418566402,0.030837190021549058,-0.12706001645151532
4388,-576459436329,0.9338519926406628,3.0818081610454247,0.031995734614149056,-0.13613515528861533
4389,-576459436311,0.9344378099820393,3.0792781645065688,0.03316023706602905,-0.14525696336959534
4390,-576459436293,0.9882814626452375,3.0509857555294086,0.06873234316167859,-0.1835306101317386
4391,-576459436272,0.9894866766453466,3.0476522993405006,0.06515800845849859,-0.1867916904745586
4392,-576459436255,0.9906362232221964,3.044233334680864,0.06155567946585859,-0.1900783116899186
4393,-576459436238,0.9917146707871564,3.0407738798065727,0.05797300603815859,-0.1933469999522186
4394,-576459436220,0.9509003772082051,3.0099165990646903,0.028990080331811833,-0.224303099323008
4395,-576459436203,0.9514301679942623,3.005910160605038,0.029918107365651835,-0.22117846621347798
4396,-576459436186,0.9519772064413546,3.0019559999802725,0.030847063097251836,-0.21805070621252798
4397,-576459436166,0.9525414791592998,2.9980547159294204,0.03177684433797184,-0.21492016675253797
4398,-576459436148,0.9962648580817252,2.973418064906401,0.060667604776700954,-0.23533690922406322
4399,-576459436130,0.9974077630005708,2.9692355749450807,0.06766216378894095,-0.23428918120042322
4400,-576459436111,0.998705448367038,2.964977522368536,0.07481536876126095,-0.2332176893029032
4401,-576459436094,1.0000996169845306,2.960834869484485,0.08180639358132095,-0.2321704906724932
4402,-576459436076,0.9636721995110271,2.9319492212109894,0.06562709907805582,-0.2561461137239125
4403,-576459436057,0.9649630489432341,2.927057761942226,0.07034482194232582,-0.2590968702928825
4404,-576459436039,0.9662759432811827,2.9223463184895735,0.07483867224638582,-0.2619076030735425
4405,-576459436022,0.9675770692045158,2.9178949768874896,0.07904056887869582,-0.2645357299149525
4406,-576459436004,0.9690360783844247,2.9130666228207636,0.07833287302713582,-0.2562661325298725
4407,-576459435992,1.004086878072957,2.896088792923891,0.10115317376179947,-0.2754998806521796
4408,-576459435986,1.0058493050377477,2.8913409239364385,0.10048597328821947,-0.2677034815642396
4409,-576459435966,1.007650871482227,2.8865971088705846,0.09979934572001947,-0.25968007217163963
4410,-576459435952,1.0093398630329644,2.8822522877550454,0.09915130517079947,-0.2521075614391796
4411,-576459435934,1.0110212791565603,2.877926530484759,0.09868563136239947,-0.25686493771199964
4412,-576459435923,0.9656876629888862,2.8485139493139107,0.07068152367884935,-0.2867392449219019
4413,-576459435916,0.9669569662458496,2.8433011751937727,0.07018782396704935,-0.2917829369922919
4414,-576459435900,0.9680752790216138,2.838601860138839,0.06974995689564935,-0.2962562364962619
4415,-576459435882,0.9693281407945207,2.833216073810398,0.06925612020484935,-0.3013013279596019
4416,-576459435864,0.9705730400006017,2.827758301861344,0.06880523125140935,-0.3039744787448619
4417,-576459435846,1.0075624549757327,2.8048062778656657,0.09176388258540208,-0.3263535993890347
4418,-576459435828,1.0092126199770168,2.798899016437273,0.09131316864708208,-0.3290257125755647
4419,-576459435810,1.0108493898937079,2.7929628230490406,0.09086390483404208,-0.33168922851547467
4420,-576459435792,1.0124883549362518,2.7869269864854878,0.09022719980591208,-0.3352171925168447
4421,-576459435773,0.9799573979930822,2.758047233783519,0.06820815905666626,-0.3617887173013624
4422,-576459435755,0.9811161808703601,2.7518452949749053,0.06760793063834626,-0.36511456547104243
4423,-576459435738,0.9823255499432093,2.74525197965172,0.06697576320198627,-0.36861738680868245
4424,-576459435717,0.9836322625848396,2.7383887698236866,0.07093586124448627,-0.3557319354111824
4425,-576459435701,0.9983225465202943,2.7255106298277547,0.08351637362316042,-0.35088136157157024
4426,-576459435684,0.9997917692708314,2.7195689289733234,0.08711515190231042,-0.33917158011952026
4427,-576459435666,1.0013733449983038,2.713647245691059,0.09082991194471042,-0.3270844147347203
4428,-576459435647,1.0029480876266474,2.707464596056673,0.07461029694785042,-0.3224559156099703
4429,-576459435630,1.004089859230469,2.7020364411533255,0.06017563196509042,-0.31833677750147027
4430,-576459435613,1.0049901414726157,2.6966570206516827,0.045683882662070414,-0.31420134956572027
4431,-576459435595,1.005935036404597,2.691003087440507,0.059129753719670414,-0.3129681691448203
4432,-576459435576,1.007120328566587,2.685380117078816,0.07255474377951042,-0.31173690381276026
4433,-576459435556,1.0085494471260272,2.6797715493360443,0.08599837758735042,-0.31050392857995024
4434,-576459435540,1.0375631551237632,2.6582975597242458,0.11834199243274633,-0.3264521290036336
4435,-576459435522,1.0396100888331903,2.6524293694307755,0.10936073957983633,-0.3263305945594336
4436,-576459435505,1.0413968359515682,2.6468833785457346,0.10086953673241633,-0.32621569147903356
4437,-576459435487,1.0431349610601957,2.6410005257127813,0.09185931048468633,-0.32609376496643355
4438,-576459435467,0.9893076218646193,2.597934850443807,0.04725785663322502,-0.36186791511974564
4439,-576459435444,0.9901348125189906,2.5912678621492677,0.04402842647346502,-0.37388094484151563
4440,-576459435427,0.991018062616454,2.583289978449557,0.04029541690458502,-0.3877672197210256
4441,-576459435410,0.9917107657240332,2.5762431512037476,0.03710590245170502,-0.3996317685810356
4442,-576459435394,1.0191817116170814,2.555553768020232,0.0523579819876112,-0.42591938252980444
4443,-576459435376,1.0201563539523817,2.5476976422473117,0.0543176963684612,-0.43394224642225443
4444,-576459435358,1.02113699418363,2.539929094525585,0.0562205701308112,-0.4417324108202044
4445,-576459435339,1.022223785652118,2.531462780106162,0.0582568584769612,-0.4500687604467544
4446,-576459435320,0.9957841366706373,2.5050113216839076,0.03535256421136604,-0.4599643907763238
4447,-576459435304,0.9963332830630539,2.4973408118522302,0.02998311602856604,-0.4526483197147238
4448,-576459435287,0.9967968153097417,2.4897091251533743,0.02455329748844604,-0.4452499918160838
4449,-576459435270,0.9971871602623255,2.4817620692596165,0.018801503709286037,-0.43741296078656383
4450,-576459435248,0.9975251705057222,2.473921068487622,0.018782333884166037,-0.43443901808641383
4451,-576459435233,0.9978632112045425,2.466124930754536,0.018763142743846037,-0.4314617686172638
4452,-576459435218,0.9981635100241744,2.459237559993923,0.01874607779472604,-0.4288143693558638
4453,-576459435200,0.9985010476746513,2.4515392986188593,0.01872687812832604,-0.4258357971791138
4454,-576459435182,0.9988279209635721,2.4439398118904045,0.01759843041429604,-0.4186923717884738
4455,-576459435164,0.9794451321054644,2.4218141307640138,0.0041177522424765845,-0.42576192708861393
4456,-576459435144,0.9795121043541785,2.413788770869811,0.002925285796656585,-0.41821324319245395
4457,-576459435127,0.979552673278741,2.406758720844801,0.0018627378741165853,-0.411486984000934
4458,-576459435109,0.9795994246123572,2.399435962139048,0.003330412208216585,-0.401926923886134
4459,-576459435091,0.9978875328247124,2.383108238901058,0.016984610700621253,-0.40214900817568827
4460,-576459435074,0.9981880868390014,2.3763476442437135,0.01837052567026125,-0.39312150792176825
4461,-576459435057,0.9985326957560229,2.369343282240291,0.01984080847860125,-0.38354445686424826
4462,-576459435038,0.9988900896583779,2.3624893654772605,0.01984316913132125,-0.3774944908406483
4463,-576459435021,0.984781696479344,2.3456343457156295,0.010622843444746372,-0.38199256183954083
4464,-576459435004,0.9849623356312897,2.3391878787441835,0.010625071857926372,-0.37628150408364086
4465,-576459434986,0.9851540119989226,2.332455156380177,0.010627435918206373,-0.37022280504224087
4466,-576459434968,0.9853740913184763,2.325795791884762,0.013828539140546374,-0.36978880684962084
4467,-576459434949,0.9856728133508182,2.3186910582905256,0.017247875147296372,-0.36932522115937083
4468,-576459434936,0.997950501023532,2.3124950803524946,0.02545181117620765,-0.3758314535892884
4469,-576459434930,0.9984589003713544,2.30545360547034,0.02878613066221765,-0.3753793942428584
4470,-576459434913,0.9990094529152701,2.29906779334324,0.03607250677852765,-0.3769104245825984
4471,-576459434895,0.9996852674644126,2.292642364963247,0.04337433377191765,-0.3784447014966584
4472,-576459434879,1.0004840412262965,2.286200333376393,0.05066543098955765,-0.37997672384521836
4473,-576459434861,0.9884260459791585,2.2697931713098014,0.04994001543093564,-0.3909098125723066
4474,-576459434845,0.9892403168853191,2.2631107044520524,0.045682191857015636,-0.3938317595900866
4475,-576459434825,0.9900183882361192,2.256029661126926,0.04120461448581564,-0.3969045134558866
4476,-576459434808,0.9907201945380226,2.2488507862303275,0.03670028665237564,-0.3999956249243466
4477,-576459434790,0.9914289916012119,2.2415880297885318,0.032267326925304034,-0.40312714668665756
4478,-576459434772,0.9920435467804146,2.2343929958267923,0.035997619389904034,-0.39609906400360756
4479,-576459434754,0.9927249877851353,2.227327226000194,0.03972646158806403,-0.3890737137048276
4480,-576459434736,0.9934738012272905,2.220385606145119,0.04345654687174403,-0.3820460213623876
4481,-576459434718,0.9758300539646624,2.1999453405455154,0.03495958360339818,-0.3884248082665319
4482,-576459434700,0.97641958122531,2.19303215112706,0.03071858714611818,-0.3817611786380519
4483,-576459434684,0.976907473474957,2.186598476426075,0.026704145702348178,-0.37545352164848195
4484,-576459434665,0.9773504607406215,2.1798908581092995,0.022445667419208178,-0.36876242384974195
4485,-576459434647,0.9777163026936911,2.1733114571011387,0.01819215019475818,-0.36207912107229195
4486,-576459434634,0.9918097416503909,2.166103480226434,0.02782635421404623,-0.36962653738229595
4487,-576459434629,0.9922618230775563,2.159530069081889,0.02239933483888623,-0.360671334470296
4488,-576459434610,0.9926327621114499,2.1527720216590907,0.01667567136500623,-0.351226634854296
4489,-576459434592,0.9928839064213933,2.146536006526217,0.01125407840628623,-0.342280386150296
4490,-576459434575,0.9930638054621654,2.1410813196994076,0.01121785223790623,-0.339087027104276
4491,-576459434558,0.9766777326580068,2.1223909951514766,-3.473265558408961e-5,-0.34780355761596293
4492,-576459434539,0.9766766974762559,2.1159663282686076,-7.675102876408936e-5,-0.3440996121507429
4493,-576459434521,0.9766749481273891,2.1098011002037356,-1.1750235714408911e-4,-0.34050735746472294
4494,-576459434503,0.9766522320774363,2.1036733214369145,-0.00240804658417409,-0.34077328813216295
4495,-576459434485,0.9773768291469294,2.097123571879801,-0.00415041667824116,-0.3414723921421013
4496,-576459434468,0.9772877149238118,2.091307861978484,-0.006318214524991161,-0.3417240720361013
4497,-576459434451,0.9771621435221738,2.0855059919210617,-0.00847926386743116,-0.3419749684332213
4498,-576459434430,0.9770281327455591,2.079349852493184,-0.00639594721201116,-0.3413571913933413
4499,-576459434415,0.9779644565253138,2.0740120450255803,-0.0036047221369871797,-0.3399410852126096
4500,-576459434398,0.977919844639078,2.068229856412123,-0.0016363359264271794,-0.3393573891127696
4501,-576459434380,0.9779091128363172,2.062133752658455,4.4258700977282094e-4,-0.3387409149659696
4502,-576459434362,0.9779648767562296,2.0559704367235367,0.005748588732692821,-0.34553974839784957
4503,-576459434344,0.9781159356713843,2.049693807278737,0.011046932187332822,-0.3523287689248096
4504,-576459434325,0.978362660855946,2.043287156249995,0.016351755715132824,-0.3591260926790096
4505,-576459434307,0.9787258519563944,2.036406625025795,0.021939346071732823,-0.3662857390764096
4506,-576459434289,0.9791081525306556,2.0297304556724973,0.020552659514712822,-0.3757582037153496
4507,-576459434272,0.9794465851990193,2.0232630356241907,0.019241880830242822,-0.38471214119693964
4508,-576459434255,0.9797625255859528,2.0166476483482763,0.017931949847902823,-0.39366028801991965
4509,-576459434236,0.9801080882615837,2.009482919804797,0.020455372483902824,-0.40224379368183966
4510,-576459434219,0.9805001168260445,2.0021451661141954,0.022985102274902823,-0.41084875334035964
4511,-576459434201,0.9809360953043416,1.9946802038354101,0.025505441412902823,-0.4194217703817196
4512,-576459434184,0.981417590704916,1.9870580855889945,0.028026761663902822,-0.4279981247114396
4513,-576459434171,1.001565539007161,1.975534003478119,0.042273592999398715,-0.439739064128142
4514,-576459434165,1.0023576088838229,1.967504951117348,0.04574395080123871,-0.452476999964662
4515,-576459434147,1.0032127780625073,1.9592405935334216,0.04921681525111871,-0.465224136443802
4516,-576459434128,1.0041294432477683,1.9507562065582795,0.052685823319398715,-0.477957118088142
4517,-576459434110,1.005165446783802,1.9415457997147165,0.056349964296638716,-0.491406334373362
4518,-576459434092,1.0057432606133854,1.9322970126287715,0.05397649028292712,-0.5008040011254538
4519,-576459434075,1.006644104658835,1.923710389341264,0.05200516212292712,-0.5093869738754537
4520,-576459434057,1.0075620609018443,1.9144528929145874,0.04991636599668712,-0.5184813908252037
4521,-576459434040,1.008392875963064,1.9055768222424927,0.04794747300676712,-0.5270537610794537
4522,-576459434020,1.0211910481504027,1.8896950918385564,0.05513279997691076,-0.537437972427768
4523,-576459434004,1.0222240684069475,1.8794483779049618,0.053623346419320754,-0.541333826655748
4524,-576459433987,1.0231247064133824,1.8702106209645157,0.052271774854620756,-0.5448221922091481
4525,-576459433969,1.0240585216699158,1.8603080670944652,0.05083248224304076,-0.548536963145908
4526,-576459433951,1.02905874989142,1.8539094853773208,0.05344140503916704,-0.5524987766069936
4527,-576459433935,1.029936333372954,1.8447613014693018,0.05319733140095704,-0.5591342397389436
4528,-576459433918,1.0308392334756196,1.83519040619145,0.05294504239148704,-0.5659930485525936
4529,-576459433900,1.0317898419098863,1.824937220847403,0.05267811697148704,-0.5732497674525936
4530,-576459433881,1.0327391442476852,1.8145880332520774,0.05278820208180704,-0.5765322118081136
4531,-576459433868,1.0315810137842607,1.8152604183921965,0.051952166639604905,-0.5758604053053008
4532,-576459433864,1.03251834087282,1.804852072054198,0.052062380168284905,-0.5791466787537808
4533,-576459433847,1.0334014158369662,1.795012253986415,0.052166001554484906,-0.5822363920969807
4534,-576459433830,1.0343413945208668,1.7844969344936095,0.052276074434484905,-0.5861324404369808
4535,-576459433812,1.0352738838977447,1.7738943752134932,0.05116719772455491,-0.5900347657437508
4536,-576459433793,1.0461505575531573,1.7708730004235256,0.05706865810258788,-0.5866121786990715
4537,-576459433776,1.0471079154782337,1.7609106366696545,0.05602737557448788,-0.5902766286099714
4538,-576459433757,1.048158534397245,1.7501882025696902,0.060320234504287876,-0.5971468597581714
4539,-576459433741,1.0492013429538705,1.7401410772974608,0.06429837885916788,-0.6035134261200914
4540,-576459433724,1.0331746073182648,1.739439928148406,0.05587729429694166,-0.6001116238544382
4541,-576459433706,1.0342214929111464,1.7285501926708924,0.06016611232963166,-0.6069753880076482
4542,-576459433689,1.0352504482762082,1.7181639016025003,0.060024912674671665,-0.6062346421748281
4543,-576459433672,1.0362686022201375,1.7078750631537212,0.05988486755491167,-0.6054999531354082
4544,-576459433654,1.0643712645782413,1.719136904947557,0.0792223982903425,-0.5843444641557475
4545,-576459433636,1.0657952991933792,1.7086303816952266,0.0790740240237825,-0.5835660796782275
4546,-576459433619,1.0671420767744921,1.698678555144702,0.0792493264861725,-0.5863424080105475
4547,-576459433599,1.068651818876683,1.6874926788227105,0.0794453812649825,-0.5894473982638275
4548,-576459433582,1.0700934589295386,1.6767821397201472,0.0796321418087325,-0.5924051923638275
4549,-576459433569,1.0534158446594204,1.6870608335138821,0.06705889189187302,-0.5820555566504805
4550,-576459433564,1.0546153615851053,1.676637539437497,0.06724295277976301,-0.5849705953268005
4551,-576459433546,1.055852760412461,1.6659500947248842,0.06870506165176302,-0.5892158156392405
4552,-576459433527,1.0570892761098698,1.6554179888303737,0.07013568586776302,-0.5933696205285606
4553,-576459433507,1.0583632983593558,1.6447115081367494,0.07157980350776302,-0.5975626034563606
4554,-576459433492,1.1143115843081715,1.677389758472173,0.11332198834535069,-0.5600951712932971
4555,-576459433474,1.116348861523121,1.6672472861647971,0.11226512437191069,-0.5629778336204571
4556,-576459433455,1.1183575967474697,1.6571008447760749,0.11121323401367068,-0.565846930102317
4557,-576459433435,1.1206370541153872,1.6454059813918067,0.11000739563671068,-0.569135929395757
4558,-576459433420,1.091232930416585,1.656952446292598,0.0854410512008213,-0.5495682115496151
4559,-576459433401,1.0927667950423268,1.6470443125891592,0.0849694171628613,-0.5512132242284951
4560,-576459433384,1.0942090108098623,1.6376505336332465,0.0845235629212213,-0.5527683195384151
4561,-576459433366,1.0957256023431734,1.6276897813020825,0.0840521646740813,-0.5544125098023351
4562,-576459433348,1.1725229086479327,1.6774798665263455,0.14448593409835286,-0.4959851509230392
4563,-576459433331,1.175003436217694,1.6690681294673386,0.14783951163391287,-0.49532202708729917
4564,-576459433313,1.1777000418274919,1.6601472867383704,0.15140097106019287,-0.49461779746667917
4565,-576459433294,1.1806138797904149,1.650751662680701,0.15515746796379287,-0.4938750018672792
4566,-576459433274,1.1520723835986886,1.6649331669613872,0.13599531940146029,-0.47650577436497876
4567,-576459433258,1.1545733847179738,1.6562942776225085,0.1416469007678603,-0.48251835295281875
4568,-576459433240,1.157169282044975,1.647570026252963,0.1472837383329603,-0.48851524597262874
4569,-576459433222,1.159873961190997,1.6387137852172842,0.15293594709516029,-0.4945284920314487
4570,-576459433202,1.2009344077367576,1.6594233215754624,0.18548537755827896,-0.47667518832810873
4571,-576459433186,1.204293963629185,1.6507565156853365,0.18835937762196897,-0.4877498815128387
4572,-576459433168,1.207518415232468,1.6423777218608506,0.19107714900584896,-0.49822256194279874
4573,-576459433150,1.210985066464617,1.633306328561919,0.19395658589155895,-0.5093182054178688
4574,-576459433133,1.214289713237637,1.624613045075805,0.19507711509379896,-0.5140832291708688
4575,-576459433121,1.18525104054269,1.6469991718402637,0.1717022797919837,-0.49139453552497464
4576,-576459433116,1.188358071865971,1.638092250151084,0.1728916672252637,-0.49645237726597463
4577,-576459433097,1.1915208466604503,1.6289953174461285,0.17409404802206369,-0.5015654729759746
4578,-576459433080,1.1945697291430253,1.6200630975842147,0.1689588332803137,-0.5034662977034746
4579,-576459433062,1.1975622210607402,1.6109894449398547,0.1637620826319537,-0.5053899002462746
4580,-576459433044,1.178288876379435,1.5849298879591547,0.14096317558763144,-0.5239477131620363
4581,-576459433026,1.1807790042926978,1.5754830827673536,0.13576382483054145,-0.5258722781477363
4582,-576459433009,1.1832820200835326,1.566023243089108,0.14014179585230144,-0.5168790091368562
4583,-576459432990,1.1858449618108158,1.5567951463754213,0.14448719268491145,-0.5079526543299262
4584,-576459432972,1.1416678207180444,1.5827728870076887,0.11058564057971952,-0.46368645379985934
4585,-576459432954,1.1436980259228045,1.5745045540674274,0.11493007225116952,-0.45476208163600934
4586,-576459432936,1.1455465146059247,1.566085387431952,0.09059457563856953,-0.48132493587292935
4587,-576459432917,1.1469598394511988,1.5571685994276194,0.06620631694191953,-0.5079453813548593
4588,-576459432899,1.1267852455446334,1.5307126589714728,0.024618619927849472,-0.5514887947563044
4589,-576459432881,1.1270089611459189,1.5200599569342061,-8.708781641005268e-4,-0.5793112728904944
4590,-576459432864,1.12697494122676,1.5103441529199761,-0.0031286420756205264,-0.5629182138518144
4591,-576459432847,1.1269026629952812,1.500922530708185,-0.005382689940260525,-0.5465521361000544
4592,-576459432829,1.0817244383899296,1.523205645272627,-0.04496778974177852,-0.4968658705893861
4593,-576459432806,1.0808944652960548,1.514427756227073,-0.04735402270257852,-0.4795400299171861
4594,-576459432792,1.0800428146073457,1.5055842805725215,-0.04547399939224852,-0.48437905608766607
4595,-576459432775,1.0792555463781761,1.4969870661407496,-0.043664160613368516,-0.4890374330169461
4596,-576459432757,1.078485646222691,1.488135250240455,-0.041818563584158516,-0.49378784875670606
4597,-576459432746,1.0840177252940968,1.492914292240281,-0.037272359774491184,-0.4890481177241836
4598,-576459432740,1.0834228411499105,1.4842062327409207,-0.03270166177304119,-0.5352487121717436
4599,-576459432723,1.0829067136135075,1.4747341362985884,-0.028140910006141186,-0.5813487701260637
4600,-576459432705,1.0824669736620327,1.4644535510256511,-0.023568867918941187,-0.6275629505862237
4601,-576459432688,1.0820834198498017,1.4526136989961824,-0.01868903019499119,-0.6768883279317837
4602,-576459432670,1.0245656937996546,1.479972266981567,-0.06799951437603124,-0.634057295119508
4603,-576459432653,1.0234078342603605,1.4693172258003866,-0.06948900183769124,-0.631161630390228
4604,-576459432636,1.0222128196627032,1.4586041535703371,-0.07099352301475124,-0.628236739097748
4605,-576459432618,1.0209191582777475,1.4473112406532456,-0.07258709684715124,-0.625138723398548
4606,-576459432600,1.0242937700955566,1.4404283461436518,-0.06870357055646607,-0.6177929086788018
4607,-576459432584,1.0231239373512317,1.4299349906732235,-0.06872171512046607,-0.6149067060558018
4608,-576459432566,1.0219579888251626,1.4195281063685667,-0.06873979467310606,-0.6120308445993218
4609,-576459432549,1.0207895333450416,1.4091505153049952,-0.06875790833006606,-0.6091495582686017
4610,-576459432530,1.019551377141572,1.3981474714086988,-0.06859371444097606,-0.6114443622257617
4611,-576459432518,0.9749066811883342,1.4277102878122259,-0.10622562031797424,-0.5818460310809451
4612,-576459432513,0.9729814589640553,1.4171358271004457,-0.10606043374299423,-0.5841547089984651
4613,-576459432495,0.9710715168038182,1.4065875204851128,-0.10589630360437423,-0.5864486219673452
4614,-576459432476,0.9690704345694653,1.3954738417033175,-0.10572406804885423,-0.5888558177318252
4615,-576459432458,0.9671620832015095,1.3849218229958609,-0.10688192214229424,-0.5867255890703852
4616,-576459432439,0.9944565176574083,1.4031812603809872,-0.08343978482250837,-0.556229280495566
4617,-576459432422,0.9929429685643555,1.3931805993568516,-0.08460163774358836,-0.554091694760986
4618,-576459432403,0.9913992270196428,1.383158834450403,-0.08577045636442837,-0.5519412934796459
4619,-576459432384,0.9898684008894864,1.3732207175324223,-0.08408542492892837,-0.5507623867401459
4620,-576459432367,0.9452705354599913,1.3911685009020696,-0.11898627033777044,-0.5213478333513551
4621,-576459432349,0.9431452171881429,1.381800557226641,-0.11730460429099045,-0.5201712811551351
4622,-576459432331,0.9410385418126688,1.3724605095529676,-0.11666645029299044,-0.5171507616784151
4623,-576459432313,0.9389440544848062,1.3631779401785036,-0.11602850891849044,-0.5141312485942351
4624,-576459432295,0.9672748141271857,1.385491674489272,-0.08957912308994784,-0.4801346481741689
4625,-576459432277,0.9656780034434153,1.376929384271262,-0.08894518612469783,-0.4771340888161589
4626,-576459432259,0.9640584526302594,1.3682636754713409,-0.08930165661753783,-0.47660890038931886
4627,-576459432241,0.962464610038845,1.3597784263105,-0.08965108479764783,-0.47609408741070885
4628,-576459432222,0.9607991075263869,1.3509566090182352,-0.09001477415144783,-0.4755582634269089
4629,-576459432211,0.9220050561493233,1.376522416803398,-0.12337480951066225,-0.45022077273126926
4630,-576459432205,0.9197062727368198,1.3681510613046748,-0.12373977393501225,-0.4496830701844193
4631,-576459432187,0.9176133491298826,1.3605196776126411,-0.12276203478499224,-0.44913133321158927
4632,-576459432170,0.9154276894297058,1.3524948515893302,-0.12173259021381225,-0.4485504189346193
4633,-576459432151,0.9132060039060863,1.3442783807901713,-0.12067717777521225,-0.44795485102271926
4634,-576459432133,0.945976727431367,1.3743867389010067,-0.08987977851702028,-0.41039593249058165
4635,-576459432115,0.9443547278257282,1.3670199547713815,-0.09022233181374029,-0.40759031330390166
4636,-576459432097,0.9427169581654437,1.359660799152052,-0.09056690102482029,-0.40476818314488167
4637,-576459432077,0.9410743092701068,1.3523588040952617,-0.0909111849650003,-0.4019483894442117
4638,-576459432060,0.8936717055358452,1.3750720031925145,-0.13280737992390473,-0.3735170841608608
4639,-576459432042,0.8912601646954977,1.3683325668387223,-0.13499282444560473,-0.3748933937727608
4640,-576459432024,0.8888107729529318,1.3615724821109336,-0.13717693415943474,-0.3762688627735708
4641,-576459432006,0.8863220694196265,1.3547876403165993,-0.13936104387326476,-0.3776443317743808
4642,-576459431989,0.9193281366480188,1.3888423632338074,-0.10857914743231756,-0.33769103827873637
4643,-576459431969,0.9172782451593932,1.3824604021235147,-0.10822587516161755,-0.3372916280663364
4644,-576459431952,0.9154447736899011,1.3767409522426217,-0.10790892025179755,-0.3369332783220964
4645,-576459431934,0.9135041487016731,1.3706755363029592,-0.10757242421055754,-0.3365528353424164
4646,-576459431917,0.9116240829862128,1.3648708353751582,-0.10982647905727755,-0.33466605085105644
4647,-576459431905,0.8837873574664414,1.383364602128515,-0.1341336634642209,-0.3164566411555166
4648,-576459431899,0.8813897755636627,1.3777734881148505,-0.1364432356192609,-0.3145233852144966
4649,-576459431881,0.8789167099339595,1.372138803702563,-0.13878525803198088,-0.3125629663838866
4650,-576459431864,0.8765307737345024,1.3668239076760722,-0.1410079051995809,-0.3107024720788366
4651,-576459431846,0.8741492633163088,1.3615872091483563,-0.1400626032618409,-0.3073429106328366
4652,-576459431829,0.8985624639714278,1.3878829200230969,-0.1159294195399726,-0.27313463186963455
4653,-576459431812,0.8966023690903802,1.3832744831836425,-0.1149823883233426,-0.2697689246426345
4654,-576459431794,0.8945411530865828,1.3784494282025201,-0.11397801198739259,-0.26619941538763453
4655,-576459431776,0.8925061836497332,1.3736723203432766,-0.1120794682225126,-0.26447241967607454
4656,-576459431756,0.8624213794928808,1.3877460590388226,-0.13502540246262817,-0.2445903026751595
4657,-576459431741,0.8600106679128938,1.3833638303918476,-0.13312938952702819,-0.24286560911295949
4658,-576459431723,0.8576299784614839,1.3790051364128297,-0.13123010760360818,-0.2411379419411695
4659,-576459431706,0.8553936468424164,1.3749376369101214,-0.13192964987668818,-0.23750403295980949
4660,-576459431689,0.8531455584320471,1.3709321331946909,-0.13262915099053818,-0.23387033778810948
4661,-576459431676,0.8872778997851624,1.412388512352889,-0.10330251241320922,-0.19404911617129336
4662,-576459431671,0.8854086654465864,1.4089245595066715,-0.10404461333010921,-0.19019412800149335
4663,-576459431652,0.8835421072817494,1.4054856743285247,-0.1033853099723192,-0.19196791880041336
4664,-576459431634,0.8816863873412082,1.4020129288153456,-0.1027256402738292,-0.19374269520293336
4665,-576459431617,0.8798431584694105,1.398509398006542,-0.1020661903797592,-0.19551688024329336
4666,-576459431603,0.851259835915968,1.4174431252350443,-0.1272230441355907,-0.1768854314764793
4667,-576459431597,0.8488180859942863,1.414020534422506,-0.1265179848243707,-0.1787823241650393
4668,-576459431581,0.8466978979637236,1.411039067793527,-0.12692628396562072,-0.17761796619168932
4669,-576459431559,0.8445382802272913,1.4080319121945144,-0.12734083046687072,-0.17643579244873933
4670,-576459431545,0.8421137605487321,1.4046913180806417,-0.12780462373562074,-0.17511318033448933
4671,-576459431529,0.8694722633492141,1.4385194657395837,-0.1029803503387955,-0.1388920079808234
4672,-576459431511,0.8676947627241731,1.4361496610924118,-0.1033698499213555,-0.1362188170913834
4673,-576459431494,0.8658544146837001,1.4337536847011019,-0.1037715807132355,-0.13346168167726338
4674,-576459431476,0.8638722132979942,1.4312378285772733,-0.10420254432147551,-0.13050391729750338
4675,-576459431458,0.8620996994330764,1.4290443686174765,-0.1045864143825555,-0.1278693626125834
4676,-576459431445,0.8431790059497675,1.441498678602005,-0.12125812707948799,-0.11558886808202773
4677,-576459431433,0.8408972333001539,1.4392996802144369,-0.11937173314868799,-0.11631183189877772
4678,-576459431419,0.8385329788071122,1.4369690974505431,-0.11738517582804799,-0.11707318351217773
4679,-576459431402,0.8365351448783409,1.4349563925998117,-0.11567991152276799,-0.11772672907897773
4680,-576459431383,0.8575906711455809,1.4617636378605028,-0.09412180338805054,-0.0906964095813322
4681,-576459431366,0.8559062229433423,1.4601649202204252,-0.09480240054181054,-0.0886124329576522
4682,-576459431348,0.8541920688149879,1.4585874447938643,-0.09549002045669054,-0.0865069527618122
4683,-576459431329,0.8524683156617684,1.4570503493903586,-0.09617653352335054,-0.0844048617159322
4684,-576459431310,0.8490041047768421,1.456527193106483,-0.09761638489933772,-0.08188000996222991
4685,-576459431293,0.8472468358523226,1.455065726245856,-0.09761402555721771,-0.08048715597786991
4686,-576459431275,0.8454890237306851,1.4536288589782362,-0.09761166542873771,-0.07909383776042991
4687,-576459431254,0.8437313517195466,1.4522171602856344,-0.09760930543131771,-0.07770059691516991
4688,-576459431239,0.8419854506398039,1.4508256276299263,-0.0965522915151577,-0.07705170020540991
4689,-576459431220,0.8628165651601221,1.4772581461555778,-0.07632373653819494,-0.04976435274263258
4690,-576459431203,0.8614539906198516,1.4763693627241448,-0.07526713404871493,-0.04911570860610258
4691,-576459431185,0.8601078132899298,1.4754905436431978,-0.07420847442583493,-0.04846580160342258
4692,-576459431169,0.8588301113981425,1.474667835944411,-0.07469915237765493,-0.047415289100712577
4693,-576459431151,0.8555822733547548,1.4751430508269998,-0.07691546846931555,-0.04509564952758732
4694,-576459431134,0.8542929466090741,1.4743980048176775,-0.07739327974213554,-0.04407268382437732
4695,-576459431116,0.8528939890384653,1.4736139258315049,-0.07790840438405554,-0.042969832402617314
4696,-576459431098,0.8514936564565403,1.4728481750366804,-0.07752866764667554,-0.042028590821337315
4697,-576459431080,0.8709326123004854,1.4972734717990042,-0.05953257252458948,-0.016962402963995486
4698,-576459431063,0.8698642035987707,1.4969765471691834,-0.05915313084294948,-0.016021892728155483
4699,-576459431044,0.8688024500441197,1.4966965102417362,-0.05877362593507948,-0.015081225775435482
4700,-576459431026,0.8677493550155264,1.496435436414033,-0.05827594932259948,-0.01393664992793548
4701,-576459431007,0.8531415099573761,1.5050493327102636,-0.06967507609686802,-0.003952231249185156
4702,-576459430990,0.8518775200758876,1.5049879174223977,-0.06917150834742801,-0.002794106737935155
4703,-576459430971,0.8505597018336801,1.5049486430332968,-0.06930568833280801,-0.0013328715735251545
4704,-576459430954,0.8493216804694839,1.5049370820887003,-0.06943150718422801,3.7309899664845787e-5
4705,-576459430934,0.8643441906981956,1.5246157587114104,-0.05585762156900374,0.02033009018930677
4706,-576459430917,0.8633371635562554,1.524994311384159,-0.055984575447883746,0.021712632239466772
4707,-576459430899,0.8623340462453698,1.525394930106604,-0.05545433038843375,0.02279314151433677
4708,-576459430881,0.8613333899743469,1.5258180814378584,-0.05492028587263375,0.02388139314861677
4709,-576459430863,0.8603484540527213,1.5262581936869173,-0.05438951065648375,0.024962982752706767
4710,-576459430844,0.8531888362965727,1.5307466030935564,-0.05927133376005197,0.03008418239360143
4711,-576459430826,0.8520669385412581,1.5313244539271433,-0.05898499124411197,0.03082557133116143
4712,-576459430808,0.8510661981991543,1.5318542292937638,-0.058728393700181965,0.03148994553298143
4713,-576459430791,0.8500114734480285,1.5324274104849336,-0.05845673502887196,0.03219331552692143
4714,-576459430773,0.8630545569965716,1.5499605813876325,-0.04638383166871468,0.04923370320112366
4715,-576459430754,0.8622254559347919,1.5508586071637094,-0.046424257185574684,0.05128969480379367
4716,-576459430738,0.8614244867219888,1.5517602618587352,-0.04646327764025469,0.05327422668825367
4717,-576459430720,0.8605988955788589,1.5527246153112924,-0.04650346332363468,0.05531802065786367
4718,-576459430703,0.8596051183995691,1.553801305964035,-0.04628372008085886,0.05574061001812694
4719,-576459430686,0.8588213652432709,1.5547517353192928,-0.045884581947508864,0.05602858563751694
4720,-576459430668,0.8579978354392821,1.5557647393122847,-0.045461411506958864,0.05633390041338694
4721,-576459430650,0.8571842778417725,1.5567803032197036,-0.045039461457008864,0.056638334685216944
4722,-576459430632,0.8563776971930248,1.55781040906249,-0.04459554979461886,0.05783694928281694
4723,-576459430620,0.8634328954174251,1.5661305273217558,-0.03872486113828677,0.06587289423153395
4724,-576459430613,0.8627399203496763,1.5673268946042394,-0.03828092481002677,0.06707157542993394
4725,-576459430596,0.8620547082264765,1.5685452453736703,-0.03783684048654677,0.06827065623313394
4726,-576459430576,0.8613400736061305,1.5698547569676897,-0.03736806562719677,0.06953640443713394
4727,-576459430560,0.8607081863233983,1.5710476169612093,-0.03714255081431677,0.07112275404638393
4728,-576459430541,0.8626498376807622,1.5706633103357353,-0.034645811470415656,0.0711035836573894
4729,-576459430524,0.8620284702587607,1.5719581082191587,-0.034406521918655654,0.0727868295696394
4730,-576459430506,0.8614415500014397,1.573217553252014,-0.03417895950945565,0.07438758268338941
4731,-576459430489,0.8608367533505336,1.5745597692306261,-0.033362126079475654,0.07550531793775941
4732,-576459430470,0.86298740828486,1.5792432765837736,-0.030200807788467766,0.0798224089707557
4733,-576459430453,0.8624513882601917,1.5806896240586703,-0.029380143100007767,0.0809453868272457
4734,-576459430434,0.8619288778823636,1.5821597883425997,-0.028557471561867765,0.0820711108086557
4735,-576459430416,0.861419183573895,1.5836437594198836,-0.028157150499847766,0.0830530771610557
4736,-576459430396,0.8663106967223664,1.5817794767751219,-0.02306106411901777,0.08057694788376875
4737,-576459430378,0.8658993869515086,1.5832380598373004,-0.02266034215685777,0.08155989762296875
4738,-576459430361,0.8654915800906271,1.5847162597928761,-0.02263643234957777,0.08262981198224875
4739,-576459430343,0.8650847238381052,1.5862117995484157,-0.02261255308353777,0.08369835968428875
4740,-576459430325,0.8715451851826852,1.5956083369173646,-0.016946018222333544,0.09240060960021937
4741,-576459430306,0.8712361245618602,1.5973046367945118,-0.016921783084453544,0.09348508183009938
4742,-576459430288,0.8709409433433662,1.5989687397686805,-0.016356821029853544,0.09412517455869937
4743,-576459430271,0.8706514903441561,1.6006699754752978,-0.015783196648373545,0.09477508156137937
4744,-576459430253,0.8721322045678054,1.6012594247449885,-0.013697132604279625,0.0942757500774934
4745,-576459430233,0.8718907103708043,1.602962992915511,-0.013123635609959626,0.0949255127526134
4746,-576459430216,0.8716549753865036,1.604686814232672,-0.012959013681999625,0.09580488303861341
4747,-576459430200,0.8714242249399199,1.6064113522189194,-0.012795821586009625,0.09667661551011342
4748,-576459430180,0.8711828870323722,1.6082559153604978,-0.012622884775319625,0.09760040187661342
4749,-576459430168,0.8692138174334549,1.6060232698242698,-0.014234007268550994,0.09543135375577828
4750,-576459430162,0.868959080670641,1.6077489152488738,-0.014070077488550993,0.09630702675577829
4751,-576459430145,0.8687188138888088,1.6093950236345744,-0.014189953307990994,0.0973072270316583
4752,-576459430126,0.8684763513299959,1.6110592208110253,-0.014309906675890993,0.0983080743437083
4753,-576459430110,0.8682181217797763,1.6128349167880836,-0.014436564460650994,0.0993648608737283
4754,-576459430092,0.8878942597794501,1.6019658191274164,0.002513546067639651,0.08740063472994192
4755,-576459430074,0.8879462187456032,1.6035529651540177,0.003220806228259651,0.08776171231798192
4756,-576459430057,0.8880061150877995,1.6050365167075524,0.003879281751379651,0.08809788388102192
4757,-576459430040,0.888082397536391,1.6066280716860177,0.004582912334969651,0.08845710846080193
4758,-576459430021,0.8881651426782986,1.6082535447812876,0.004487036355989651,0.08971598101304193
4759,-576459430008,0.8832531332388933,1.602825992778043,4.8442283428521294e-4,0.08443742550567115
4760,-576459430003,0.88326095946654,1.6043477905716548,3.9040699432521325e-4,0.08567187402615116
4761,-576459429985,0.8832670982268862,1.605890110815566,2.9648573770521357e-4,0.08690508064671117
4762,-576459429966,0.8832717826018815,1.6075535844124615,1.966582769652139e-4,0.08821583701783117
4763,-576459429947,0.883276604150595,1.6091740323118089,3.304309510652138e-4,0.08893069475013117
4764,-576459429935,0.89707499442192,1.6004227884198645,0.01211135863724075,0.07991393982405223
4765,-576459429929,0.8973026818031552,1.6019235271105818,0.01224804879136075,0.08064438805841223
4766,-576459429911,0.897524071250819,1.6033797477804306,0.01237951087978075,0.08134689842567223
4767,-576459429894,0.8977480744762921,1.6048502398801627,0.01251111920780075,0.08205019027173223
4768,-576459429875,0.8979790154565326,1.606334442707534,0.01314898970780075,0.08286123499173223
4769,-576459429863,0.8933810081858032,1.6013395302266262,0.009413816013453473,0.07799894061200074
4770,-576459429857,0.8935566098574774,1.6027540418073922,0.010053139440703473,0.07881183271164074
4771,-576459429841,0.8937215606607607,1.6040175377545545,0.010618682513453473,0.07953091397200075
4772,-576459429821,0.8939072662734469,1.6053765559610735,0.011221328386953474,0.08029717100024075
4773,-576459429806,0.8941092258133342,1.6068455270159374,0.011006223878873473,0.08137694905960076
4774,-576459429787,0.8956114762216706,1.607486210888472,0.011904292809329819,0.08158638075175435
4775,-576459429770,0.8958218365031402,1.6089502584658126,0.011693248440269819,0.08264577779227436
4776,-576459429751,0.8960305006795248,1.6104482619270608,0.011480073386009818,0.08371587041119437
4777,-576459429735,0.8962413808733919,1.6119592988088034,0.011956267341609818,0.08421443429459437
4778,-576459429713,0.8908447178533524,1.6074271231853112,0.007902658326607715,0.07876473318566532
4779,-576459429697,0.8909909675321496,1.608846681515098,0.008378058449207715,0.07926246594456532
4780,-576459429679,0.8911437842396439,1.6102805066970418,0.008595917724767714,0.07999835621958531
4781,-576459429661,0.8913003738887932,1.6117262098429928,0.008813571312907715,0.08073355171871531
4782,-576459429641,0.8919608106651021,1.61295584105561,0.009460043250091935,0.08118847031565371
4783,-576459429624,0.8921342516676541,1.6144340132313404,0.009679330238331934,0.08192918315273372
4784,-576459429606,0.8923096750126098,1.6159187922336884,0.009800248347601934,0.08294550479886371
4785,-576459429588,0.8924862146872525,1.6174128926127966,0.009920448104881935,0.08395578866718371
4786,-576459429569,0.8865888401724977,1.6122957163288285,0.005131153038721311,0.07850659063656168
4787,-576459429551,0.8866823620541548,1.6137190895863587,0.0052520912887013115,0.07952308156618168
4788,-576459429533,0.8867803544350746,1.6151548707538252,0.005642003310501312,0.08009683699598168
4789,-576459429514,0.8868862422239048,1.6166127520278841,0.006035079710021312,0.08067524880670168
4790,-576459429498,0.8869986225650743,1.6180730794224327,0.0064260104013613125,0.08125050320844168
4791,-576459429479,0.8902439446334632,1.6175354196561667,0.00909957816569717,0.07977736504662498
4792,-576459429462,0.8904079430335264,1.6189765954764714,0.00912347867781717,0.08036217829519499
4793,-576459429444,0.8905723899136684,1.6204284592444853,0.00914738184569717,0.08094705652662498
4794,-576459429421,0.8907831584541547,1.622299080611057,0.00917792706933717,0.08169445689091498
4795,-576459429409,0.8946605524876393,1.6265236939353893,0.012309889534647454,0.0858155063264691
4796,-576459429403,0.8948829148719258,1.628077330594898,0.012398414736307454,0.0868203800570491
4797,-576459429384,0.8951083690895216,1.6296595934091094,0.012487530138767454,0.08783195331802911
4798,-576459429366,0.8953324826132001,1.6312393082320804,0.012575489731327454,0.08883040666530911
4799,-576459429350,0.8955594102478834,1.6328456828910884,0.012663931321207455,0.08983433129574911
4800,-576459429337,0.9062809056183542,1.6260048090273433,0.021742049377898157,0.08276425181646899
4801,-576459429332,0.9066760306687821,1.6275018425652903,0.022121743964458155,0.08342508410126899
4802,-576459429312,0.9070805390939938,1.6290202836004173,0.022503820072348156,0.08409006125996898
4803,-576459429296,0.9074858643939078,1.6305281517186476,0.022880269045768155,0.08474524477856898
4804,-576459429277,0.907901425830076,1.6320606186077338,0.023259900406098155,0.08540596702246898
4805,-576459429257,0.8994097859737169,1.6240675986828543,0.016256062203545613,0.07666052393112541
4806,-576459429240,0.8997035196570132,1.625450028748941,0.016451880928385614,0.07727634663138541
4807,-576459429223,0.9000016860803973,1.6268478037277188,0.016648299287425613,0.0778940550979454
4808,-576459429204,0.9003036546457485,1.628259883074713,0.016812675320715613,0.07857769923682541
4809,-576459429186,0.9173296384961868,1.6189881022164538,0.03114478783059898,0.06818659524421672
4810,-576459429166,0.9178924401480715,1.6202231810071266,0.03130892707642898,0.06886925457797671
4811,-576459429150,0.9184565634944479,1.621466946718658,0.03147259274733898,0.06954994430149672
4812,-576459429131,0.9190579273124757,1.6227957775241764,0.03183885832679898,0.07034907191352673
4813,-576459429113,0.9120852917007325,1.6160967760154497,0.02609332669526034,0.06332078038075464
4814,-576459429096,0.9125316906616613,1.6171793718534009,0.02642110903544034,0.06403594427674464
4815,-576459429079,0.9129837959948534,1.6182744499488144,0.02674898777652034,0.06475131850268465
4816,-576459429061,0.9134675556813062,1.619445399582895,0.02699910249101034,0.06534696871252464
4817,-576459429043,0.9139558721811969,1.6206272034017069,0.02724924499448034,0.06594268510204464
4818,-576459429032,0.9203154984019752,1.6165516137245215,0.032636986861838725,0.061718547157327386
4819,-576459429026,0.92087309101955,1.6176070429815406,0.03287351276510873,0.06228183550364739
4820,-576459429008,0.9214669989095026,1.6187333508198471,0.03312358579612873,0.06287738644396738
4821,-576459428990,0.9220303782124424,1.619807294975603,0.03325785675598873,0.06366251643760738
4822,-576459428973,0.9226001773153067,1.6209025577916358,0.03339310860420873,0.06445338203388738
4823,-576459428962,0.9194172091468304,1.6175621603559547,0.03082039710854932,0.06118475191966678
4824,-576459428956,0.9199709665535974,1.618666390021359,0.03096219875968932,0.06201391654002678
4825,-576459428940,0.9204665970470195,1.6196629644726765,0.031088567239939323,0.06275283792852679
4826,-576459428922,0.9210345641249931,1.6208147235489578,0.03129797471673932,0.06375848415860678
4827,-576459428902,0.9215942461074766,1.6219599280777992,0.03150296586713932,0.06474292168084679
4828,-576459428885,0.9258347011059718,1.6207498850812978,0.034816994474144866,0.06326986503520443
4829,-576459428868,0.9264644609671862,1.6219001670112427,0.035024400803044864,0.06429827624736444
4830,-576459428850,0.9270951087756615,1.6230644225805797,0.035188002723484865,0.06532269562272444
4831,-576459428832,0.9277299681927041,1.6242494693526688,0.03535193250348487,0.06634916794272444
4832,-576459428814,0.9174295627870248,1.6139738528935965,0.026669177039916274,0.05614184142327652
4833,-576459428796,0.9179181824949688,1.6150083970259745,0.026813715685996272,0.05709635170039652
4834,-576459428776,0.9184247567775554,1.6160933632865104,0.026962747433596272,0.05808053370679653
4835,-576459428760,0.9188849439683552,1.6170897551204713,0.027097421823346273,0.05896990200079653
4836,-576459428743,0.9193420049601236,1.6180893774892064,0.027230522045486275,0.05984887474175653
4837,-576459428731,0.9245534051305121,1.6147324483074543,0.03163658240688242,0.056379116503009336
4838,-576459428725,0.9251279159197711,1.615754562909488,0.03205994059983242,0.05694363997279933
4839,-576459428707,0.925708212157567,1.616783583035915,0.03248196105693242,0.057506379649819334
4840,-576459428689,0.9262687949464802,1.6177745357576012,0.03288450220253242,0.058043144800539334
4841,-576459428672,0.9268598552299081,1.6188161774948289,0.033303659435532415,0.05860206653513933
4842,-576459428654,0.9223068365719315,1.6144506942465602,0.029347718190466106,0.0542404250270136
4843,-576459428636,0.9228372541849698,1.6154360364184415,0.029554848498966106,0.0551812486966136
4844,-576459428618,0.923371551024902,1.616438603435627,0.029762036311716106,0.05612233356101361
4845,-576459428599,0.9239084415310678,1.6174559557244612,0.02996878709216611,0.05706143334493361
4846,-576459428581,0.9231498411309653,1.6194080805927435,0.029143272968296816,0.05835335070027176
4847,-576459428564,0.923676255567043,1.6204604530121463,0.029425311375016815,0.058733033300911765
4848,-576459428545,0.9242089579400482,1.6215220742450827,0.029707993060256815,0.05911358188879177
4849,-576459428527,0.9247460036270108,1.6225920670195768,0.029990282502496815,0.05982736680999177
4850,-576459428509,0.9165503688353838,1.614432128788522,0.023416865021818934,0.05154284140643251
4851,-576459428489,0.9169792681571564,1.615372911544364,0.023907345700078932,0.052261942422532515
4852,-576459428474,0.9173920156342374,1.6162723381154014,0.02437003626156893,0.05294029993518252
4853,-576459428457,0.917826764642283,1.617219394598449,0.02450013100972893,0.05351838745774252
4854,-576459428439,0.9182690254364909,1.618188151494194,0.024631768585668932,0.05410333067203252
4855,-576459428425,0.9177581856682661,1.6185170348604918,0.02420084869346998,0.054441861238439734
4856,-576459428421,0.9181989761079906,1.6195112767913329,0.02433366349818998,0.055032035572959735
4857,-576459428404,0.9186370167316746,1.6205045030857712,0.02446493547512998,0.055615354215749736
4858,-576459428385,0.9190786665643097,1.621508348112086,0.02483184236112998,0.056433426486849736
4859,-576459428366,0.9195280497986581,1.6225294849746017,0.02519969118912998,0.05725359895464974
4860,-576459428348,0.9091909896785828,1.6120832515082724,0.01685900928752123,0.04688190568864171
4861,-576459428330,0.9094977691197582,1.612934522155568,0.01722759528752123,0.047703721788641705
4862,-576459428313,0.9098094281606929,1.6138021860689051,0.01739157060357123,0.04867660737959171
4863,-576459428295,0.9101240220216515,1.614687317137841,0.01755553681241123,0.04964943893635171
4864,-576459428276,0.9166384956518207,1.6116211285660873,0.022941267327920588,0.04654412047307487
4865,-576459428257,0.9170531910947642,1.6124682464781037,0.023105306394440587,0.04751738430335487
4866,-576459428241,0.9174702206605189,1.6133304706351723,0.023226164081580587,0.04827465625533487
4867,-576459428223,0.917889495947453,1.6142064742978945,0.02334704190943059,0.049032054405284874
4868,-576459428205,0.9147173864122977,1.6112926056153227,0.020567435473909153,0.04608401250193446
4869,-576459428184,0.9151107110354181,1.6121767365400663,0.020876600469439153,0.04707556020169446
4870,-576459428168,0.9154895519199218,1.6130335196628944,0.021170112572039154,0.048016906260894464
4871,-576459428151,0.915851025386598,1.6138555950540316,0.021446424409359153,0.04890308797833447
4872,-576459428134,0.9162181420234443,1.6146948944102575,0.02172345292439915,0.049791568210014465
4873,-576459428121,0.9184145372759485,1.6132859890256048,0.023573741819651627,0.048344623572167136
4874,-576459428116,0.9188396460890925,1.6141642825969778,0.023597675528771626,0.049113606717767135
4875,-576459428098,0.9192683752127571,1.6150631708589778,0.023621788501691627,0.04988834955736714
4876,-576459428080,0.9196936406482293,1.615967768846726,0.023645682374411628,0.05065605277096714
4877,-576459428061,0.920138958565043,1.6169288258401733,0.02367067705965163,0.05145912477216714
4878,-576459428042,0.9072969993932094,1.6037695587696066,0.013224273168286303,0.03854660385051826
4879,-576459428025,0.9075372627943172,1.6044703428243836,0.013485014932186304,0.03935724304815826
4880,-576459428007,0.9077823271670167,1.6051860324334652,0.013745872639286304,0.04016824271011826
4881,-576459427989,0.9080339777582496,1.6059218518337741,0.014008686887886304,0.04098532520747827
4882,-576459427970,0.9103960426198138,1.605374193132998,0.01608012273343798,0.040235884073886445
4883,-576459427952,0.9106693049711672,1.60605678030366,0.016354577723937978,0.040783364669386445
4884,-576459427936,0.910949686427259,1.6067547925146746,0.01663147593393798,0.04133571897938645
4885,-576459427918,0.911252013242653,1.607504895564558,0.01692497174840798,0.04192118205655645
4886,-576459427900,0.9095585909941846,1.6061380487879733,0.015432027546231897,0.04069087018464745
4887,-576459427882,0.909837579511546,1.6068784069563686,0.015552925514791899,0.04153460387080745
4888,-576459427863,0.9101183376423839,1.6076328572600442,0.0156736489305319,0.04237711937194745
4889,-576459427846,0.9104025329104403,1.6084029237661688,0.0158808137415819,0.04312407489048745
4890,-576459427829,0.9207062627049594,1.6027443753862458,0.024522968067749396,0.03726709795905251
4891,-576459427812,0.9211276577364751,1.6033882751764483,0.024719805115499396,0.03797681559075251
4892,-576459427793,0.9215757486490521,1.604080550543804,0.024927406958849395,0.03872534687733251
4893,-576459427773,0.9220235805259649,1.6047775638193307,0.025207703806649395,0.03930580627428251
4894,-576459427755,0.9224851377198536,1.6054985900050074,0.025493366538689395,0.03989737774029251
4895,-576459427745,0.9128094025237741,1.5953349509940007,0.01766521951169423,0.029982799377823943
4896,-576459427739,0.9131437784588478,1.5959035128986787,0.017959746935534232,0.030592728501783944
4897,-576459427722,0.9134530382231308,1.5964311497799666,0.018227915629774234,0.031148072023343944
4898,-576459427704,0.9137817759582821,1.596995343748142,0.018508714548614233,0.03190092704637394
4899,-576459427688,0.9140985222918259,1.597543444500749,0.018775298581134234,0.03261567028246394
4900,-576459427669,0.90522545482411,1.60403909668775,0.011299301979785986,0.03942337510107467
4901,-576459427651,0.9054311292004104,1.604754648167745,0.011581371765945987,0.04017963746929468
4902,-576459427632,0.9056420386844174,1.6054852779870925,0.011853015345945987,0.041001453569294674
4903,-576459427613,0.9058578135035767,1.6062306168497917,0.012124628743325986,0.04182317835639467
4904,-576459427596,0.9095532386819598,1.6107556105585445,0.01521445736667737,0.04632433669111127
4905,-576459427579,0.9098158289446502,1.611555091392577,0.01547273004601737,0.047105701176411274
4906,-576459427559,0.9100936955144865,1.612406326609802,0.01570969278377737,0.04842063899025127
4907,-576459427543,0.9103789429326582,1.6132908457392219,0.01594928814537737,0.049750185584651274
4908,-576459427524,0.9254114067300611,1.6047213634751563,0.028612551863972505,0.04136494720453371
4909,-576459427508,0.9259005781136537,1.6054303297568377,0.028899808795912505,0.04198891578783371
4910,-576459427490,0.92642415277841,1.6061930107400415,0.029204138019792505,0.042649968154433705
4911,-576459427471,0.9269567532020914,1.606972802795557,0.029510493628472505,0.043315422157033705
4912,-576459427453,0.9242809442012224,1.604391083020286,0.027214235025638866,0.04068982302309329
4913,-576459427431,0.9248554873952447,1.6052609090668009,0.027242254621518865,0.041754236169823294
4914,-576459427416,0.9253162347144505,1.605974014916253,0.027264703760798866,0.04260703786920329
4915,-576459427399,0.92577910793931,1.6067043197642759,0.027287237884398866,0.043463067967303294
4916,-576459427382,0.9307562649473831,1.60452746429355,0.031120531096773794,0.041319378533038166
4917,-576459427364,0.9313193187912694,1.60527890815341,0.031392385955113795,0.04210949455011817
4918,-576459427346,0.9318863832357469,1.6060433839912995,0.03166381825677379,0.042898382453038175
4919,-576459427328,0.932462832681946,1.6068282091081336,0.031937378433143794,0.043693454787978175
4920,-576459427306,0.9331180435730473,1.6077294402346065,0.032245497709413797,0.04458896931671818
4921,-576459427296,0.9302747507778534,1.6047609233970719,0.02993667774842451,0.041685890614902105
4922,-576459427290,0.9308022004014873,1.6054987265389122,0.030274466502024512,0.042538212334902105
4923,-576459427273,0.9313172960035115,1.6062255668778378,0.03060074498816451,0.0433614909004021
4924,-576459427255,0.9318720993480867,1.6070151934307044,0.03094832807320451,0.0442385260584021
4925,-576459427237,0.932431478969427,1.6078181950040233,0.03129487002852451,0.0451129341974021
4926,-576459427220,0.9269191632141672,1.6125620197761856,0.026337404758283754,0.04987595573653005
4927,-576459427203,0.9273950298845065,1.6134669180554155,0.026501443824803753,0.05060131266565005
4928,-576459427183,0.9278731312617935,1.6143834956582526,0.02666523699665375,0.05132558228425005
4929,-576459427165,0.9283547911386195,1.6153147898624964,0.02686144820933375,0.052168800584440046
4930,-576459427147,0.9242191946715321,1.6114062171784267,0.023291869319845334,0.048256959642664
4931,-576459427129,0.9246400266100122,1.612282039880686,0.023488026020325334,0.049099943676504
4932,-576459427111,0.9250646483265169,1.6131735789267216,0.023684302647645334,0.049943443096313996
4933,-576459427093,0.9254949334603496,1.6140811248603928,0.024064144762075333,0.050766309294664
4934,-576459427074,0.9238659804125025,1.6163509869871258,0.02269636337279354,0.05297322106724786
4935,-576459427056,0.92427882913877,1.6173139993524075,0.02307654269378354,0.05379681776879786
4936,-576459427039,0.9246964718098756,1.618287062158897,0.02345486737869354,0.054616396702747864
4937,-576459427020,0.9251430902655393,1.6193317045537052,0.02358235807299354,0.055403866046947865
4938,-576459427002,0.9238494534263356,1.618516266789693,0.022306036412928654,0.054369855174911164
4939,-576459426984,0.9242521393876848,1.6195018623962198,0.022426907527208655,0.055116437485231165
4940,-576459426967,0.9246574750174072,1.6205020726032209,0.022547919626458655,0.05586389061473117
4941,-576459426947,0.9250658024985805,1.621518560123443,0.022733752807508657,0.05685998188008117
4942,-576459426928,0.9159074778025081,1.628794570799021,0.014814857265188717,0.06427702473546716
4943,-576459426913,0.9161459093333286,1.6298303985683633,0.014979773265338716,0.06516099705051716
4944,-576459426895,0.9164180188211534,1.6310118841718142,0.015219381923018716,0.06596220404274716
4945,-576459426878,0.9166947400198191,1.6322090768393067,0.015459243206218715,0.06676425576794716
4946,-576459426859,0.9124187495590829,1.6285500900905363,0.011992133617546297,0.06279210552470488
4947,-576459426841,0.9126487796367457,1.6297500196028303,0.012244519808106298,0.06363603822136488
4948,-576459426823,0.9128711784603856,1.6309035428831673,0.012462342785886298,0.06451185716686487
4949,-576459426806,0.9130848246349607,1.632007470180118,0.012668066503666298,0.06533902761236487
4950,-576459426789,0.9133017498772238,1.6331243370378161,0.012873584534026298,0.06616537103336488
4951,-576459426777,0.9196503606995096,1.6290234677551494,0.018258141352006835,0.061934513112628375
4952,-576459426771,0.9199816139888576,1.6301483684344877,0.018476351506106835,0.06281188881012838
4953,-576459426752,0.9203002846461261,1.6312312036589425,0.018745006581666834,0.06366539022448837
4954,-576459426734,0.9206402555266655,1.632385320187454,0.019027437231386835,0.06456265582980837
4955,-576459426719,0.9209631723436392,1.6334805386527167,0.019291871772266836,0.06540274885308837
4956,-576459426701,0.9185548544396523,1.6317318247140669,0.017332241735357,0.06342203393314491
4957,-576459426684,0.9188511324761481,1.6328182972537717,0.017497363448417,0.06430059461029491
4958,-576459426666,0.919167834049791,1.6339847260296843,0.017672161664617,0.06523064091579492
4959,-576459426648,0.9194906286198057,1.6351788221559072,0.017848561308117,0.06616920791204492
4960,-576459426629,0.9190043734860782,1.6369027138945074,0.017337195765252264,0.0676402535468414
4961,-576459426612,0.9193157348724117,1.6381162759752568,0.017553143357732264,0.0683483256496414
4962,-576459426594,0.9196337226167878,1.6393532490076794,0.017770978434772263,0.0690625866390414
4963,-576459426576,0.9199555603087337,1.6406028024878823,0.01798876511477226,0.0697766889390414
4964,-576459426558,0.9077548881896184,1.6285780778817078,0.008034231413004286,0.05746070471997688
4965,-576459426540,0.9078999213384938,1.6296153438144152,0.008165159726884287,0.05839609553773688
4966,-576459426522,0.9080478215578148,1.630673096842414,0.008296548695504287,0.05933477740997688
4967,-576459426504,0.9081983776878098,1.6317498266480461,0.008428193583424287,0.060275287645816876
4968,-576459426485,0.921347866119829,1.6245436686333339,0.01969658865128989,0.05258093464724913
4969,-576459426468,0.9217076864686858,1.625505865160931,0.01995959130758989,0.05346375897674913
4970,-576459426450,0.9220693069620225,1.6264760938795124,0.02022046350758989,0.054339431976749134
4971,-576459426432,0.9224321415373112,1.6274526988472187,0.020478871914589893,0.05520683473174914
4972,-576459426414,0.916074074870098,1.6214016133521099,0.015371739394521048,0.04923624383950741
4973,-576459426396,0.916351737387804,1.6222892491491374,0.01572671137615105,0.05017976075559741
4974,-576459426377,0.916638891031952,1.6232037545050593,0.016085579561421048,0.05113363379620741
4975,-576459426360,0.91693268776892,1.6241360010086936,0.016444646532591048,0.052088035210517414
4976,-576459426340,0.9172312064528958,1.625083168121443,0.016641381062391047,0.052890309233867415
4977,-576459426324,0.9175297057759558,1.62603343044039,0.016835804274911048,0.05368315781565742
4978,-576459426306,0.9178344653520887,1.6270067662910384,0.01703201548759105,0.05448329777676742
4979,-576459426288,0.918143152393514,1.6279957737913944,0.01722847745639105,0.05528446030936742
4980,-576459426270,0.9184548238069741,1.6289969032947451,0.017445985853411047,0.056094468694447425
4981,-576459426253,0.9187708292962341,1.6300139600392611,0.017663784632671046,0.056905558472487426
4982,-576459426234,0.9190914170081877,1.631047752757699,0.017882031084551046,0.057718315398007425
4983,-576459426216,0.919414982385677,1.6320925538840088,0.018131701175361045,0.05857097463592743
4984,-576459426198,0.919744320815058,1.6331568362147926,0.018382343880471046,0.05942695549144743
4985,-576459426179,0.920076671361864,1.6342316768220502,0.018631861131891046,0.06027909276088743
4986,-576459426167,0.924568036320955,1.631171144606435,0.02233249359206446,0.05723118605492005
4987,-576459426162,0.9249720914526814,1.6322085284465717,0.022582483256144457,0.05808493668148005
4988,-576459426143,0.9253805746892207,1.6332616422352881,0.022746622501974456,0.058778381158670054
4989,-576459426125,0.9257907332190098,1.634323923611911,0.022910251744044458,0.05946967100618005
4990,-576459426107,0.9262052853479666,1.6354024156101126,0.023074454740344457,0.06016338481208005
4991,-576459426089,0.9094599606731549,1.6179580603654287,0.009697841000757277,0.04334970348699131
4992,-576459426071,0.9096386918721296,1.6187572272889548,0.009885920460347277,0.04421583900203131
4993,-576459426052,0.909825823819633,1.6195944349640155,0.010079079806727276,0.045105368195311316
4994,-576459426033,0.9100089678319045,1.6204142485617765,0.010264603866877275,0.04595973569371132
4995,-576459426017,0.918382766198065,1.6159212039645618,0.01708958685732457,0.04160772218351413
4996,-576459425999,0.9186917266370127,1.6166768909261828,0.017264161844264568,0.04241818114899413
4997,-576459425980,0.9190042980056827,1.6174483228029226,0.01743899888294457,0.04322985668155413
4998,-576459425963,0.9193195433187352,1.6182331870977598,0.017613573869884568,0.04404031564703413
4999,-576459425946,0.9196382133237019,1.6190333467361702,0.01778830414674457,0.044851495541154134
5000,-576459425931,0.9137260575625294,1.6127874645238907,0.013186458791675536,0.039039732658008405
5001,-576459425927,0.9139671434747713,1.613499551415557,0.013523702103715536,0.039853120396088404
5002,-576459425909,0.9142129451612359,1.6142222958191728,0.013859095920525536,0.0406620473882084
5003,-576459425891,0.9144511784244532,1.6149198543719452,0.014176592601675536,0.041427808778008404
5004,-576459425873,0.914708399708679,1.6156729090252473,0.014405137964005537,0.042249579221558406
5005,-576459425854,0.9168593210008565,1.6152786801884536,0.01615626541523784,0.04194525956849398
5006,-576459425839,0.917122505984334,1.6159636295330675,0.01636180259952784,0.04268430052464398
5007,-576459425821,0.9174175989618559,1.6167354714238538,0.016589230566897838,0.043502053200593985
5008,-576459425802,0.9177154715956148,1.6175219010058537,0.016666617792917837,0.04429850301241398
5009,-576459425784,0.9116375696390493,1.611635767430632,0.01180988262430577,0.038895435409093605
5010,-576459425767,0.9118510851086381,1.6123438816511226,0.011887727762905769,0.039696597941693605
5011,-576459425748,0.9120656922441891,1.6130653798937056,0.011965460583325769,0.040496604523913605
5012,-576459425731,0.9122837693459901,1.6138016880750883,0.012269367643705769,0.041329053239333606
5013,-576459425712,0.9125098308558284,1.6145614110614905,0.012576652012085769,0.04217075292675361
5014,-576459425699,0.9186067409130293,1.610702062309877,0.017489784430123972,0.03839920376075264
5015,-576459425694,0.918938817967848,1.6114327698060809,0.017807521566763972,0.03926953520651264
5016,-576459425677,0.919243406921191,1.6121057539677737,0.01809405237748397,0.04005438767099264
5017,-576459425658,0.9195708111884259,1.6128346850331055,0.01829026359016397,0.040951453895032644
5018,-576459425642,0.9198832102186044,1.6135378116060122,0.01847553965552397,0.041798525263112646
5019,-576459425624,0.9109095136579421,1.6045792666704386,0.011479271339784661,0.03365561487813714
5020,-576459425607,0.9111178600353644,1.6051930044691611,0.01167547165002466,0.03455263125685714
5021,-576459425587,0.911329936860025,1.6058237712314027,0.01186116057465466,0.035450893768577144
5022,-576459425571,0.9115329090507217,1.6064331672009857,0.012036195132264659,0.03629761621941714
5023,-576459425552,0.9145186209647969,1.6053540117400653,0.014463468464377075,0.0354774000998858
5024,-576459425537,0.914766898676512,1.6059678027873039,0.014578257084237076,0.0363194237670658
5025,-576459425517,0.9150318060470334,1.6066331024048028,0.014699745846957078,0.037210595850425805
5026,-576459425500,0.9152944658099328,1.6073031003580531,0.014819220538677078,0.0380869938607858
5027,-576459425482,0.9191279631902778,1.61170358752616,0.017708957629524166,0.04243952497258516
5029,-576459425446,0.9197794868546193,1.6132890463133742,0.017867183705634164,0.04413370172980516
5030,-576459425425,0.9201760532213685,1.6142773224332914,0.017962809676114164,0.045157599310765156
5031,-576459425405,0.920499758894667,1.6150968246923363,0.018040490657374165,0.045989354203285156
5032,-576459425393,0.9273155381545483,1.6107522514150439,0.02360022680549846,0.04165824284114837
5033,-576459425387,0.9277662455309976,1.611550914809061,0.023830173241798463,0.04238947028879837
5034,-576459425370,0.928169693848949,1.6122709837212554,0.024034142566878462,0.04303809077353837
5035,-576459425353,0.9285790045534681,1.6130063559410852,0.024239321817958463,0.043690558811278375
5036,-576459425334,0.9290174925407778,1.6137994184851716,0.024457217391298462,0.04438346463104838
5037,-576459425316,0.9179413895082547,1.6026396985005493,0.015631559162978214,0.033715807198389014
5038,-576459425299,0.9182209791745445,1.6032452383398492,0.015804202731538215,0.034368276374789015
5039,-576459425281,0.9184939117250501,1.6038410634688314,0.015970935577518216,0.034998407248489016
5040,-576459425264,0.9187815665321534,1.6044742763054725,0.016198020707798216,0.03581492720028902
5041,-576459425251,0.9190080336267796,1.6043312350737695,0.0163844351420205,0.03567062147177702
5042,-576459425245,0.9193044124223488,1.6049793889069943,0.0166125360859005,0.03649079393957702
5043,-576459425229,0.9196079371865705,1.605649030351226,0.016842935308050498,0.03731923022482702
5044,-576459425209,0.9199139011306092,1.6063298129473742,0.0170720393678605,0.03814300955217702
5045,-576459425192,0.9202209597045312,1.6070164538525686,0.0174153615331205,0.03897732573106702
5046,-576459425174,0.9153640777548747,1.6022998987024282,0.013693073152490045,0.034638468432793314
5047,-576459425156,0.915613802822608,1.6029313007023016,0.014040289914110044,0.03548224897222332
5048,-576459425138,0.9158698816300204,1.603578152629264,0.014387641636990044,0.03632635748454332
5049,-576459425120,0.9161324989638691,1.6042431066402374,0.014606819731890043,0.03708838289339332
5050,-576459425101,0.9164053740195637,1.6049379170958398,0.014831127913030043,0.03786824428200332
5051,-576459425089,0.9150234179337441,1.605817366388185,0.01368397640758269,0.03876349880993549
5052,-576459425083,0.915278419459697,1.606541056996578,0.01390761912942269,0.03954104656909549
5053,-576459425067,0.915499923851709,1.607171779918462,0.01409900522410269,0.04020644639891549
5054,-576459425049,0.9157559101974933,1.6079022883487282,0.014359732495102692,0.04100627514261549
5055,-576459425030,0.9160167186116076,1.608647561954829,0.014620590202202691,0.04180650402298549
5056,-576459425011,0.9070768857289329,1.5996365026019657,0.0075851103903413035,0.033201692460878604
5057,-576459424994,0.907214769242848,1.6002370176352094,0.007844141992041304,0.033996319427868606
5058,-576459424976,0.9073615958819329,1.6008699037912872,0.008164868429891304,0.03500942184429861
5059,-576459424959,0.9075084547079008,1.6014965308909914,0.008473530252241304,0.03598441486382861
5060,-576459424940,0.9111473582558474,1.5999427698576447,0.011693673499900544,0.03471980282325421
5061,-576459424923,0.911349623274309,1.6005456232258153,0.011850153582120545,0.035452862544054206
5062,-576459424906,0.9115623471317043,1.6011844932476649,0.012012526029210545,0.036213526131654204
5063,-576459424888,0.9117677543930153,1.601805918811627,0.012167257527110545,0.036938394287654205
5064,-576459424870,0.9100246878088372,1.6003957693265192,0.010764027290530854,0.03569263484244813
5065,-576459424853,0.910218570156591,1.601038245169026,0.010969225456230854,0.03632573109260813
5066,-576459424836,0.9104066195446208,1.6016606145299939,0.011164647899430854,0.036928666384768126
5067,-576459424818,0.9106097078958061,1.6023319429075527,0.011371927718980854,0.03756818514480813
5068,-576459424800,0.9108166131059137,1.6030150647865202,0.011579288044480855,0.038207952289208126
5069,-576459424787,0.9218951687446695,1.5959625722547457,0.02085681113594068,0.03098287182412845
5070,-576459424782,0.922273434183203,1.5965271912385668,0.021256909475660682,0.031878293152608456
5071,-576459424764,0.9226594717356403,1.5971087804795923,0.02165760916559068,0.03277506030472846
5072,-576459424746,0.923052784451226,1.5977066044741581,0.02205837567221068,0.03367197699280846
5073,-576459424728,0.923454341703436,1.598322157809455,0.02246016670141068,0.03457118656560846
5074,-576459424714,0.9212100962386016,1.595966787207063,0.02065624475031718,0.032279746023015136
5075,-576459424710,0.9215832235892624,1.596556204410707,0.02084154212180718,0.03327296527584514
5076,-576459424692,0.9219598303306835,1.597163722540819,0.02102691162150718,0.03426657114574514
5077,-576459424673,0.9223429962551668,1.5977944758254659,0.02121384733376718,0.03526857212916514
5078,-576459424656,0.9227270497462515,1.5984391641329283,0.021399577474517182,0.03626411108441514
5079,-576459424637,0.9218640592556203,1.5999020744324577,0.02058872789005506,0.03782325874334227
5080,-576459424620,0.9222360605211533,1.6005881258013241,0.02082757867117506,0.03855743251322227
5081,-576459424599,0.9226132583708769,1.6012890554446464,0.02106700118373506,0.039293363657412275
5082,-576459424583,0.9229944670419041,1.6020045882775424,0.02128481206225506,0.040201451684872276
5083,-576459424565,0.9204404640214575,1.5996285070212632,0.01912670027564673,0.03807757639491441
5084,-576459424548,0.9207842673972266,1.6003171635000486,0.01934296244888673,0.03897920762493441
5085,-576459424529,0.9211375893642672,1.6010334634044239,0.019562721308266733,0.039895417092924414
5086,-576459424513,0.9214885616553172,1.6017511186808888,0.019810432275986733,0.04061336420220441
5087,-576459424493,0.9193492119570598,1.6041093707561107,0.017955437606356754,0.04300059187354681
5088,-576459424475,0.9196930372024845,1.6049340447671459,0.018219557966766754,0.04376609875038681
5089,-576459424458,0.9200039284912672,1.605681842881052,0.018455125150226754,0.044448849215426814
5090,-576459424440,0.9203195996907053,1.6064431082035204,0.018741740393646754,0.04525424658006681
5091,-576459424422,0.9206600485085832,1.6072662478818462,0.019046018957906752,0.046109278401986815
5092,-576459424405,0.9210070637650497,1.6081074244543478,0.01935124316840675,0.04696696751798682
5093,-576459424386,0.9213631343868113,1.6089727129645326,0.01965950695610675,0.047833197936386816
5094,-576459424368,0.9217133536873957,1.6098243237645853,0.019958060983306748,0.04850286541798682
5095,-576459424350,0.9220753141425649,1.6107034622509144,0.020262001816766746,0.04918461570086682
5096,-576459424332,0.933974812958151,1.603576864355172,0.03032272087054149,0.04168362872927443
5097,-576459424316,0.9345244907519674,1.6043348733120908,0.03062730339252149,0.042366818342714434
5098,-576459424294,0.9350780073542478,1.605105649172293,0.030973787507301488,0.043413144953974435
5099,-576459424279,0.9356405695250857,1.6058992301562707,0.031322006838281485,0.04446471164063444
5100,-576459424259,0.9295425981408747,1.5997604240430694,0.026396019283621383,0.038957066845124906
5101,-576459424243,0.9299928981578373,1.6004277740293535,0.026652224453491382,0.03966106195078491
5102,-576459424225,0.9304752176097488,1.601148592930338,0.02692394349004138,0.04040768572868491
5103,-576459424208,0.9309355402332383,1.6018421734604968,0.02718073722100138,0.04111329806996491
5104,-576459424187,0.9313991075327691,1.6025460461497816,0.02743691220825138,0.041817210240464905
5105,-576459424173,0.9318969341819878,1.6033109578838567,0.02752600793735138,0.04263343663506491
5106,-576459424155,0.9323910451769333,1.6040822706132887,0.027614154426831378,0.04344096682794491
5107,-576459424137,0.9328889244303833,1.6048715516707057,0.027702689465171376,0.04425205660598491
5108,-576459424119,0.9333882028646074,1.6056751177142965,0.027791190075131377,0.04506283097774491
5109,-576459424100,0.9339183269373078,1.6065372131659723,0.02804366933825138,0.04573662677946491
5110,-576459424083,0.9343976973463406,1.6073210216913203,0.02827003510025138,0.04634073302646491
5111,-576459424065,0.9349083128133047,1.6081602455009347,0.02850917839513138,0.04697893889774491
5112,-576459424046,0.9354247819403273,1.6090135194589024,0.028749039678331378,0.04761906087694491
5113,-576459424027,0.9359434233776487,1.6098736589904963,0.02897720411056138,0.04811687674829491
5114,-576459424011,0.9364679462527579,1.6107457093232758,0.02920614310066138,0.04861638257279491
5115,-576459423993,0.9369945364732215,1.6116233277017584,0.02943419325386138,0.04911394910679491
5116,-576459423974,0.9375291676651143,1.6125164809518013,0.02966393219717138,0.04961520029274491
5117,-576459423957,0.9380617770023814,1.6134092487282194,0.02980562310285138,0.05006856214786491
5118,-576459423938,0.9386078855539001,1.6143286298416188,0.02995020921127138,0.05053118764964491
5119,-576459423921,0.9391398451860254,1.6152280162165922,0.03009038132207138,0.05097968988684491
5120,-576459423903,0.9396840917763781,1.6161539436414871,0.03040498802742138,0.05194115987638491
5121,-576459423884,0.9402346134805718,1.6170982288591882,0.030719944431771378,0.05290369858152491
5122,-576459423868,0.9407904671116257,1.6180592597612076,0.03103470850167138,0.05386564949308491
5123,-576459423850,0.9413518303783217,1.619037333566203,0.03134938514682138,0.05482733322574491
5124,-576459423832,0.941924627155268,1.6200424752544325,0.031526221543221385,0.05550655132194491
5125,-576459423813,0.9424861903060102,1.621034375461313,0.03169863217690139,0.056168770326384905
5126,-576459423795,0.9430905987789476,1.6221089934321433,0.031883155424341385,0.056877513160904905
5127,-576459423777,0.9436363544241324,1.6230854963501427,0.032048859474601385,0.057513972576734906
5128,-576459423757,0.9442132432645036,1.6241233606014276,0.03242600393655139,0.058480914406784906
5129,-576459423742,0.9447690716128854,1.6251281359227736,0.03278527645082139,0.05940203524371491
5130,-576459423724,0.9453287375561094,1.6261444514218857,0.03314309476180139,0.06031942772153491
5131,-576459423706,0.9459288950907659,1.6272392611205444,0.033522557518851394,0.061292313312484914
5132,-576459423688,0.9465352983265775,1.6283500433334193,0.03384809416557139,0.06211422072538492
5133,-576459423671,0.9471472543111583,1.6294750551002368,0.03417346806205139,0.06293571723023492
5134,-576459423653,0.9477654442366141,1.6306155493857797,0.03449904087549139,0.06375771595603491
5135,-576459423635,0.948390470871275,1.6317726511862902,0.03482512002301139,0.06458099306243491
5136,-576459423617,0.9490183369577384,1.632942479279704,0.03504258002299139,0.0655951704510249
5137,-576459423598,0.9496579394798165,1.634145323849038,0.03526272605869139,0.0666218748178749
5138,-576459423577,0.9503241880938759,1.6354100205821513,0.03549059142227139,0.0676845801402649
5139,-576459423562,0.9509633468517833,1.6366302038014109,0.03583613080823139,0.06848138562912491
5140,-576459423544,0.9516125337319226,1.6378720111066745,0.036183713893271394,0.06928290383876491
5141,-576459423527,0.9522302237856035,1.6390558246569633,0.036511361272191394,0.07003845079098492
5142,-576459423510,0.9528539976268524,1.6402534690924837,0.036839278573631395,0.07079462017802492
5143,-576459423491,0.9535202403249226,1.6415354404358644,0.0371219445691514,0.07152013819018492
5144,-576459423473,0.9541934457837085,1.642834095044901,0.0374053950506714,0.07224766974034492
5145,-576459423456,0.9548670610757779,1.6441367716533766,0.0376868843171914,0.07297016744550493
5146,-576459423438,0.9555486501780561,1.6454580850477798,0.0379695816921514,0.07369576599918493
5148,-576459423399,0.9570399207663371,1.6483540893975959,0.0386040043556514,0.07500792333668492
5149,-576459423380,0.9577406989432818,1.6497160412352025,0.038898558898571405,0.07561714164968492
5150,-576459423361,0.9584800454612088,1.6511536622427074,0.039206925775731406,0.07625492759868492
5151,-576459423345,0.9591477203546295,1.6524540568242532,0.039412431706831404,0.07686777850033492
5152,-576459423327,0.9598205101119025,1.6537680374144959,0.039618433707591404,0.07748210875947492
5153,-576459423309,0.9605753645721616,1.6552465539268137,0.039848295449071404,0.07816759250569492
5154,-576459423290,0.9613330700423831,1.6567373494780058,0.0399984267408814,0.07893189125973492
5155,-576459423270,0.9620538816584262,1.6581637711618231,0.0401407267465914,0.07965632196137491
5156,-576459423254,0.962778582453462,1.6596058772162976,0.0402832877951714,0.08038208159809491
5157,-576459423237,0.9634639755494082,1.6609770567986484,0.0404176536797114,0.08106612072745492
5158,-576459423219,0.964152656308475,1.6623615280736703,0.0406131451280114,0.08183201729137492
5159,-576459423202,0.9648866990274796,1.663844117810794,0.040820482451811406,0.08264432363649492
5160,-576459423184,0.9656259976609616,1.6653444397328594,0.04102824530706141,0.08345829712909492
5161,-576459423166,0.9663634003052352,1.6668479212078404,0.041234432545861406,0.08426609767021492
5162,-576459423148,0.9671093110979833,1.6683763969125776,0.0415387786562814,0.08534780731088493
5163,-576459423131,0.9678271125357882,1.6698549847182234,0.0418295648750814,0.08638132226468492
5164,-576459423114,0.968529452815916,1.6713088931285252,0.0421121442354414,0.08738566832954492
5165,-576459423095,0.9692912674394599,1.6728937697901314,0.0424165241189414,0.08846749800679492
5166,-576459423078,0.9700579425828755,1.6744934884304157,0.0426561726648614,0.08904233779927492
5167,-576459423059,0.9708284224027856,1.676102492579285,0.0428956616578214,0.08961679487551492
5168,-576459423042,0.9716011022920169,1.6777174245159532,0.0431344991428614,0.09018968919377493
5169,-576459423023,0.972389393312723,1.6793663374738492,0.0433768069047814,0.09077090759025493
5170,-576459423005,0.9731616590959056,1.6809880727188782,0.0435704778489414,0.09181581218333493
5171,-576459422987,0.9739524645299052,1.6826604100969993,0.0437679101349014,0.09288101018356493
5172,-576459422969,0.9747375688206144,1.684332215805175,0.0439630420060214,0.09393379685362492
5173,-576459422952,0.9755313496466903,1.6860318510517105,0.0441809617778814,0.09479922702461492
5174,-576459422934,0.9763283450452211,1.687745542932691,0.044398687961581404,0.09566388839416493
5175,-576459422915,0.9771298830574114,1.6894761457994223,0.04461658353492141,0.09652922246497493
5176,-576459422897,0.977935300316509,1.6912222350729023,0.04483446700900141,0.09739450848569493
5177,-576459422880,0.9787446566444716,1.6929821363135917,0.04514900377455141,0.09826964635219493
5178,-576459422861,0.9795599894195219,1.6947584744240431,0.04546366293475141,0.09914512475819492
5179,-576459422843,0.9803807101312013,1.6965499675211455,0.04577821718525141,0.10002031127319493
5180,-576459422825,0.9812079654396605,1.6983591222468917,0.04609310364980141,0.10089642210969493
5181,-576459422808,0.9820410370288909,1.7001830837317198,0.04631126540686141,0.10141753549976493
5182,-576459422790,0.9828833467260805,1.7020280626058562,0.04653080647956141,0.10194194360041493
5183,-576459422773,0.9837216458635,1.7038650355413845,0.046748278578801414,0.10246140963519493
5184,-576459422754,0.9845593451881195,1.7057014593285333,0.046964589149081415,0.10297810117685492
5185,-576459422736,0.9854049553949124,1.7075597769415927,0.047117543337881415,0.10377730748573492
5186,-576459422718,0.9862552059329112,1.70943664418338,0.047270837878681415,0.10457829217981493
5187,-576459422698,0.9871067955052134,1.7113247806071163,0.047423877155481416,0.10537794308499493
5188,-576459422682,0.9879673006426223,1.7132401634295096,0.047675325741011416,0.10630165269257492
5189,-576459422664,0.9888230587123308,1.7151514618648962,0.04792407879548142,0.10721546012499493
5190,-576459422645,0.9897356904727856,1.7171967950482612,0.04818794905507142,0.10818480140573493
5191,-576459422628,0.9905578134219871,1.7190453842684397,0.04842441938038142,0.10905348758639492
5192,-576459422611,0.991381568921194,1.720902296184547,0.04871083198532142,0.10990906369092493
5193,-576459422593,0.9922654618995727,1.7228986941325501,0.04901629260738142,0.11082154032289493
5194,-576459422574,0.9931477781977583,1.724895508694908,0.049319321567681415,0.11172675305774493
5195,-576459422557,0.9940380134892712,1.726914198961137,0.049623194854981414,0.11263448797909494
5196,-576459422538,0.9949821326290369,1.7290605713652754,0.04984152699138141,0.11348986981045493
5197,-576459422520,0.9958305000170461,1.7309950389717994,0.05003690343118141,0.11425531579397494
5198,-576459422504,0.9966825883186217,1.7329434301422275,0.05023237187778141,0.11502112224181493
5199,-576459422487,0.9975387047928073,1.7349064579804605,0.050428001336281406,0.11578755950221493
5200,-576459422468,0.998448438840841,1.7369978896588654,0.05072099221872141,0.11674876231285493
5201,-576459422449,0.999312947347596,1.7389901047741596,0.05099785785246141,0.11765706370129493
5202,-576459422434,1.000182828589175,1.740999300550716,0.05127493523189141,0.11856605975487493
5203,-576459422415,1.001110066288639,1.7431459711429442,0.05156864279205141,0.11952961373983492
5204,-576459422399,1.0020412741334048,1.74530961154063,0.05164659160897141,0.12028865246339493
5205,-576459422381,1.0029692332954807,1.7474760539112038,0.051724151632191406,0.12104390524785492
5206,-576459422363,1.0039006570421356,1.7496609280902438,0.051801884452611406,0.12180084067191492
5207,-576459422344,1.0048554768591949,1.7519113908435968,0.051881448923351406,0.12257561207573492
5208,-576459422326,1.0057774564760191,1.7540902400956078,0.052138364561651405,0.12324705978197492
5209,-576459422309,1.006710697150955,1.756296853980355,0.052397135291151406,0.12392335575957492
5210,-576459422291,1.0076562987520397,1.7585338596878308,0.05265803647695141,0.12460521967381491
5211,-576459422273,1.0086062873260497,1.7607839714758917,0.052972538272601406,0.1255878962500149
5212,-576459422254,1.0095633716003132,1.7630551760929087,0.053287512161901404,0.1265720479064149
5213,-576459422237,1.0105244681455525,1.7653401550019285,0.0536019440177514,0.1275545059522149
5214,-576459422218,1.0114927827011082,1.7676465290489152,0.053916882937151404,0.1285385483434149
5215,-576459422199,1.0124691338284961,1.7699766746013659,0.054146329834051404,0.12936356039491492
5216,-576459422183,1.0134418554550657,1.7723031116225418,0.054373960964141405,0.13018204357406493
5217,-576459422165,1.0144228075825745,1.7746541777635596,0.0546025571171514,0.13100399664341494
5218,-576459422144,1.015434798753465,1.7770847735704451,0.0548373878261314,0.13184836702971495
5219,-576459422128,1.0164517860535063,1.7795329267761022,0.055083418490451404,0.13275963185235495
5220,-576459422111,1.0173885767919641,1.781793216004171,0.0553090795602114,0.13359545040887497
5221,-576459422094,1.0183306968929415,1.7840713204069936,0.055535099624131404,0.13443259863196497
5222,-576459422076,1.0193342116648256,1.7865032800957854,0.0557748412426114,0.13532056966617498
5223,-576459422060,1.0202274661323496,1.7886704105326068,0.0560637048352514,0.13601164979311497
5224,-576459422040,1.0212408392802095,1.7911287749942943,0.056389621232531405,0.13679137541774497
5225,-576459422024,1.0222588953969944,1.7935983034673322,0.0567151578792514,0.13757019252336497
5226,-576459422006,1.0232862342987155,1.7960901532243563,0.057041779527571404,0.13835160539758498
5227,-576459421987,1.024313242664163,1.7985829369827366,0.0572162574583114,0.138978734300975
5228,-576459421970,1.0253425841500272,1.8010850401587473,0.057390599510371405,0.13960537481338497
5229,-576459421953,1.0263764964687447,1.8036019054895671,0.057565184202931406,0.14023288745254497
5230,-576459421934,1.02741547812666,1.8061338712861394,0.057793907332641406,0.14089360969644496
5231,-576459421916,1.0284575933914275,1.8086753322541487,0.058022414601961406,0.14155370837524495
5232,-576459421897,1.0295053354012742,1.8112323699293627,0.05825125201070141,0.14221476074184494
5233,-576459421878,1.0305548623254825,1.8137956060871474,0.05847958151264141,0.14287434589644493
5234,-576459421861,1.0316097633313228,1.81637518176088,0.05875117981871141,0.14379295129002492
5235,-576459421843,1.0326699654516938,1.818972302558028,0.059022883763951414,0.14471191397858493
5236,-576459421825,1.0337340513240847,1.821583492641893,0.05929433115692141,0.14563000895076494
5237,-576459421806,1.0348084402690665,1.8242245325888198,0.059567151859101414,0.14655274875768495
5238,-576459421789,1.0358967285012746,1.8269006886608132,0.06000525183348141,0.14748186883210496
5239,-576459421771,1.0369645253181894,1.829523861591366,0.06043201603420141,0.14838694805858496
5240,-576459421754,1.0380582699670666,1.8322081719066268,0.06086604860784141,0.14930744201134497
5241,-576459421734,1.0391554284159148,1.8348982661307431,0.06129834832436141,0.15022426093002497
