1,-576460739150,0.900332109859929,3.1512869257072245,0.0,0.0
2,-576460739145,0.8999706710618582,3.1520774021667832,-6.0022613371735146e-5,9.941280537234518e-5
3,-576460739128,0.8999704940759663,3.152076357507813,4.061945687826512e-5,-2.1393990842765454e-4
4,-576460739113,0.8999716840764931,3.1520713688669404,1.2157224637826533e-4,-4.659893368276543e-4
5,-576460739093,0.8999745140175112,3.152061084577779,2.1448534987826556e-4,-7.552776340276541e-4
6,-576460739078,0.8999807430573824,3.152044368965232,4.759807445782656e-4,-0.0010975863627176534
7,-576460739060,0.9005085029044697,3.1539948863081277,0.0021611327546733096,0.004079076854480428
8,-576460739042,0.9005476639410189,3.154061999901349,0.0024094830890733095,0.003753975575600429
9,-576460739024,0.9005930781600942,3.1541261088789505,0.0026687030984733095,0.0034146454242204296
10,-576460739007,0.9006439315832235,3.1541855825626874,0.0029318941624733095,0.0031353197450204305
11,-576460738989,0.8999816308140928,3.155795117965437,9.176060663468014e-4,0.00784569680731675
12,-576460738971,0.9000004696500724,3.155933682207999,0.0011781594225468014,0.00756917053745675
13,-576460738953,0.9000240373213498,3.156067501125863,0.0014391620586468015,0.007292167445126751
14,-576460738934,0.9000510017577193,3.156197593309475,0.001559885474386802,0.007176988779086751
15,-576460738917,0.9009470737334321,3.159540332679508,0.004223529928780094,0.016595340946151713
16,-576460738899,0.9010242891374042,3.1598384066901817,0.004344535314460094,0.016479893260871712
17,-576460738880,0.9011041690859607,3.16013200360918,0.0045300284625200945,0.016138362377211713
18,-576460738862,0.9011877702732214,3.1604207317703246,0.004716356237010094,0.015795294775321714
19,-576460738844,0.899594900118042,3.164236860655569,5.617806210445929e-4,0.024679205146075845
20,-576460738827,0.899606684411176,3.164678110262435,7.472943771645928e-4,0.024337636318755844
21,-576460738809,0.8996210260371256,3.165113696590362,8.465738101645931e-4,0.024071602170595844
22,-576460738792,0.8996371599709702,3.165544638200901,9.458863436645934e-4,0.023805479324675843
23,-576460738773,0.8996550702321889,3.1659705301341523,0.0010451381929145937,0.023539519091315842
24,-576460738760,0.9018522696278835,3.1735265732690454,0.005991608708181823,0.04075283425435972
25,-576460738754,0.9019610366618157,3.1742578913929496,0.006090932275181823,0.040486681842519724
26,-576460738737,0.9020709119946217,3.1749833869256414,0.006125582379701823,0.04017770916171973
27,-576460738720,0.9021816570243483,3.1757049193934694,0.006160309535821823,0.03986804941691973
28,-576460738701,0.9022927679254032,3.176419207847902,0.006194955787761823,0.03955911108931973
29,-576460738684,0.899552048474091,3.181817785188624,7.525726501687304e-4,0.05038465013702638
30,-576460738683,0.8995659170751331,3.1827225772615666,7.872709119387304e-4,0.05007524804122638
31,-576460738665,0.8995812587098324,3.1836191444722215,9.187768722387304e-4,0.04962641564017638
32,-576460738647,0.8996000373982186,3.184557640128476,0.0010577191161987303,0.04915220305831638
33,-576460738628,0.8996202311519863,3.185437119340159,0.0011891519566987303,0.04870362021656638
34,-576460738610,0.9031222324585265,3.196806873138571,0.0072527267893214495,0.06640421128338561
35,-576460738593,0.9032552855998617,3.197997485639965,0.00753506330072145,0.06592282415918561
36,-576460738576,0.9033800979439777,3.1990676880726205,0.00779061746008145,0.06548710126510561
37,-576460738558,0.9035208610942157,3.200225934988657,0.008069125679801451,0.06501224142394561
38,-576460738540,0.9001841790968121,3.207496165410351,0.0027290450271274663,0.07416978685984872
39,-576460738522,0.9002336498947804,3.2088288166560903,0.002763743288897466,0.07379570980806872
40,-576460738504,0.9002836729537087,3.2101528206824255,0.002798391467127466,0.07342217269984873
41,-576460738486,0.9003343957221914,3.211472078202386,0.0028330916551874657,0.07304807488100873
42,-576460738467,0.9058168794788907,3.2264133727252062,0.010455286102436465,0.09193145589698076
43,-576460738449,0.9060034153121937,3.228046224978006,0.010521473335636465,0.09168982639708076
44,-576460738431,0.9061952259887636,3.2297101692849584,0.010589100797076466,0.09144293906100076
45,-576460738413,0.9063847171073903,3.231339258116738,0.010655488992356467,0.09120057590954075
46,-576460738395,0.9064259093658286,3.233205510191409,0.010571948160839765,0.09118745921980846
47,-576460738375,0.9066169921313476,3.2348423751577373,0.010681904852799764,0.09087860677520847
48,-576460738360,0.9068103757867431,3.2364764037331595,0.010792044999559764,0.09056923903260847
49,-576460738342,0.9069945498570948,3.238012154340026,0.010895904876999764,0.09027751165820846
50,-576460738324,0.9099042253862665,3.245080628254702,0.014289982708768755,0.09618658815875077
51,-576460738307,0.9101452219254708,3.246687030626659,0.014492596916728755,0.09566846641637076
52,-576460738289,0.9104080487500918,3.2484040507372938,0.014710383596728755,0.09511154587637076
53,-576460738272,0.9106615293727266,3.2500269749900066,0.014917414034588756,0.09458213102304076
54,-576460738253,0.9109167200229492,3.2516334823807655,0.015052127976288755,0.09408579507904076
55,-576460738237,0.90844734800682,3.2567779526868947,0.012253464857175593,0.09735331218731734
56,-576460738219,0.908669204253285,3.258525687677358,0.012395859787565593,0.09682867664251733
57,-576460738201,0.9088938354258715,3.260265534517226,0.012581198375175592,0.09662735714501733
58,-576460738183,0.9091219407161635,3.2620028209090295,0.012766650307115593,0.09642591453001732
59,-576460738164,0.912553217963441,3.2688929692753956,0.016135476939135165,0.10145124478646879
60,-576460738146,0.9128582878831076,3.270797667293625,0.016329130878955166,0.10124089294146879
61,-576460738129,0.9131396109046569,3.2725365584063537,0.016382848370955168,0.10095574807346878
62,-576460738111,0.9134317696840794,3.274331246387096,0.01643844909828517,0.10066060655689879
63,-576460738093,0.9150984215921033,3.2747022159572103,0.01777691003591906,0.09898577077723128
64,-576460738076,0.9154009733721477,3.2763819862880204,0.01782998416725906,0.09870404101637129
65,-576460738058,0.9157245910678039,3.2781578545655217,0.01806969919357906,0.09829726548996129
66,-576460738040,0.9160522376367441,3.27992482283633,0.01830920148261906,0.09789085096019129
67,-576460738022,0.9182230163212726,3.2840831807182593,0.02015949721727191,0.09964486489040192
68,-576460738004,0.9185880208373234,3.285873033956552,0.02039881336119191,0.09923876623269191
69,-576460737986,0.9189608435732224,3.2876714869492774,0.020683581779191912,0.09893787208419191
70,-576460737966,0.9193374300116605,3.2894578699984764,0.020967298985951913,0.09863808867442192
71,-576460737950,0.9197123686324837,3.2912074613013904,0.02124601117203191,0.09834359370726192
72,-576460737938,0.9170108668953488,3.2935812482134037,0.01900362011901172,0.10037112614468706
73,-576460737932,0.9173555316503069,3.2953855430353096,0.01928608214817172,0.10007266899011706
74,-576460737914,0.9177039998955189,3.297181692230533,0.01947136921563172,0.09969923571719706
75,-576460737896,0.9180588468782789,3.2989865215985574,0.01965825340774172,0.09932258354997706
76,-576460737878,0.9184121025746758,3.300759683543275,0.01984255128832172,0.09895114391481706
77,-576460737863,0.9193287518160008,3.3017626133262516,0.020558981934702392,0.09976032073440837
78,-576460737860,0.9197005214869725,3.303558986345953,0.020680027601802393,0.09950457329790836
79,-576460737842,0.9200731215557417,3.3053442970357287,0.020800636886852394,0.09924974785715836
80,-576460737824,0.9204487043040234,3.307128890577648,0.020921508001132395,0.09899436921895836
81,-576460737806,0.9208264211311017,3.308908688804556,0.021042365688272394,0.09873901894985837
82,-576460737788,0.9276028739057188,3.3059053593978107,0.025849974421506237,0.09474802527696022
83,-576460737770,0.9280691190573688,3.3076079392293627,0.02594928695500624,0.09440649439330022
84,-576460737752,0.9285370217903184,3.3093039004968925,0.026048571904756238,0.09406505836879021
85,-576460737734,0.9290066067631253,3.310993342045648,0.02614783478750624,0.09372369823160022
86,-576460737715,0.9220705379193058,3.3058530060797104,0.021242583030042377,0.0882386017050025
87,-576460737697,0.9224550372298189,3.307436380154543,0.021503310301042376,0.0877896445243025
88,-576460737680,0.9228224484832779,3.30892423695873,0.021749530179142378,0.08736566822953251
89,-576460737660,0.923216838140891,3.3104949490299407,0.022010764701642378,0.08691583759128252
90,-576460737643,0.9290433655194305,3.3086753603004055,0.025888906088682093,0.08409275861114623
91,-576460737625,0.9295111200977835,3.3101840750278586,0.026138742913372093,0.08371934610528624
92,-576460737609,0.9299341764549509,3.311530599142627,0.026362666514212093,0.08338466416632624
93,-576460737591,0.9304084538208431,3.3130180533402886,0.026611461252152094,0.08275564608292624
94,-576460737573,0.9247682076820898,3.309490800803265,0.022803988675858915,0.07878838198314282
95,-576460737555,0.9251819028839589,3.3109115851423563,0.022893040139898915,0.07815233811974283
96,-576460737536,0.9256170458282037,3.3123877367517425,0.022986336131358916,0.07748597801564283
97,-576460737519,0.9260082409332431,3.313703510460561,0.022998747333938918,0.07718355399550283
98,-576460737501,0.9264221754762673,3.315089396835198,0.02301187268764892,0.07686372824057283
99,-576460737489,0.9333058270693713,3.3112055848282207,0.027237380151057533,0.07433638446916596
100,-576460737482,0.9338239867352696,3.312616173715148,0.027251253940987534,0.07399832155397597
101,-576460737465,0.9342889174901974,3.313875777344089,0.027263696510777535,0.07369513320840597
102,-576460737448,0.9347801651179908,3.315196868979178,0.027416582629177535,0.07335424736696597
103,-576460737430,0.9352463741018047,3.3164382284707536,0.027560891877177536,0.07303248513016597
104,-576460737412,0.9349966291141354,3.3171998613011944,0.027280405931471404,0.07235315430089748
105,-576460737394,0.9354887256443425,3.3184982805008483,0.027433462225871404,0.07201188902285748
106,-576460737377,0.9359577806624653,3.3197201684940323,0.027710555893431403,0.07163823949629748
107,-576460737359,0.9364604975349826,3.321009375806092,0.028004491487411402,0.07124187931781749
108,-576460737340,0.9429313148611358,3.3193229953370986,0.03165105518531885,0.06898848431895782
109,-576460737324,0.9434710978782609,3.320491253483501,0.03192762763271885,0.06861553763655782
110,-576460737305,0.9440479735564647,3.3217254734873887,0.03205946994409885,0.06828424650053783
111,-576460737287,0.944626164174062,3.322951477523272,0.032191070960138846,0.06795356168737783
112,-576460737269,0.9367939858880181,3.318529715469857,0.027792851321445263,0.06436588558168203
113,-576460737250,0.9373217219132844,3.3197454665277455,0.027931347534625263,0.06400654014965203
114,-576460737233,0.93782671776023,3.320895784111129,0.028117026155225263,0.06366466777305203
115,-576460737216,0.9382775131490945,3.32191110334374,0.02828174637880526,0.06336138409867204
116,-576460737199,0.9387628082607354,3.322992187456875,0.02845800711598526,0.06303685197469204
117,-576460737187,0.942956434353534,3.3210358266059012,0.030655488656156804,0.06191424334443116
118,-576460737181,0.943506289934704,3.3221431624607733,0.030732875882176804,0.06171374089943116
119,-576460737163,0.9440634166696922,3.323258655339234,0.030811088214826803,0.06151110068693116
120,-576460737144,0.9446198280875088,3.324366249106231,0.030889002472306804,0.061309232756931155
121,-576460737128,0.9451404566154165,3.325396803966049,0.030961728493856804,0.06112080701943116
122,-576460737110,0.9374501672726179,3.3213154496608266,0.026958371188715018,0.05816216033420602
123,-576460737093,0.9379365168837599,3.3223612721320857,0.027068468529355016,0.05801451943240602
124,-576460737073,0.93842471279467,3.3234041471420537,0.027178535294195016,0.05786691953285602
125,-576460737056,0.9389186011037134,3.324452215253062,0.027289433720795016,0.05771820437210602
126,-576460737038,0.9479037863355061,3.3217415695863597,0.031613800141519946,0.05518713835037749
127,-576460737022,0.9484357483332081,3.3226633928251714,0.031786712068949945,0.054677975625157485
128,-576460737005,0.9489779629520251,3.3235891298287226,0.03196199392327995,0.05416183432733748
129,-576460736987,0.9495558160808544,3.3245605751166147,0.032147744672089945,0.05361486594359748
130,-576460736968,0.9463135159253139,3.3232901376087143,0.030549698796500338,0.05171748470270675
131,-576460736950,0.9468632704714369,3.3242118090008677,0.03074526676522034,0.05104440538018675
132,-576460736932,0.947418482410007,3.325124580015212,0.03094152158766034,0.05036896213764675
133,-576460736914,0.9479773205450142,3.3260253414561354,0.03113780911742034,0.04969340632748675
134,-576460736896,0.9565785005136254,3.3236063190798326,0.03505376565424769,0.04757158919323626
135,-576460736878,0.957216323831395,3.3244655637150426,0.035284050597367694,0.047184105029316255
136,-576460736859,0.9578545591486614,3.325312820375613,0.035512989587467694,0.04679888560521626
137,-576460736840,0.9584896553004146,3.3261445120528945,0.03571807274466769,0.04648192162689626
138,-576460736824,0.9591344437475187,3.3269783070905588,0.035925088044667694,0.04616197144689626
139,-576460736812,0.9518466976770878,3.322867593218405,0.03270901440484968,0.0441204244495429
140,-576460736806,0.952437421822216,3.3236590127082195,0.03291606420739968,0.043800420944512905
141,-576460736788,0.9530353183509931,3.3244491930422195,0.03312431009834968,0.04347856883844291
142,-576460736770,0.9536445850980707,3.325242608771495,0.03332423904306968,0.04305384792184291
143,-576460736751,0.9542640555621769,3.3260365482080245,0.03352629396358968,0.04262461066874291
144,-576460736738,0.9607083025317278,3.3234938785540944,0.036320935728875306,0.04132985452494291
145,-576460736733,0.9613658175137244,3.324236273168319,0.03651776838063531,0.04091171124714291
146,-576460736717,0.9619495159568296,3.3248857067233426,0.036691618688875306,0.04054239072494291
147,-576460736699,0.9626126225692122,3.3256135174718957,0.0368235268080753,0.04014616232974291
148,-576460736681,0.9632804000550842,3.326336644713889,0.036955888270035306,0.039748572173982914
149,-576460736662,0.9536486571755703,3.3214491831949884,0.03280749849366695,0.0366413793108295
150,-576460736646,0.9542065191434788,3.322067897350189,0.03293159741822695,0.0362686083394695
151,-576460736626,0.9548346397802245,3.3227522699329977,0.03308213213992695,0.035657044083969504
152,-576460736609,0.9554304693584876,3.3233879083439497,0.033224297669006954,0.0350794806157695
153,-576460736588,0.967599670403477,3.3196014633250757,0.03810453451959216,0.03231284452448195
154,-576460736573,0.9682484758246672,3.320146042607468,0.03823898741842216,0.03176661448503195
155,-576460736556,0.9688991047764303,3.3206842064633726,0.03829208965775216,0.031535609346611954
156,-576460736539,0.9695513651847785,3.3212190373239365,0.03834525123617216,0.03130434607153195
157,-576460736521,0.9702521853447386,3.3217884828549042,0.03840228859410216,0.03105622239671195
158,-576460736509,0.9616268346923101,3.3172264428820206,0.03499683758186035,0.02893566407860894
159,-576460736503,0.9622489471874754,3.317737660483557,0.03514776667626035,0.02870528772386894
160,-576460736484,0.9629203738641327,3.318282395695171,0.03530993589546035,0.02845775457779894
161,-576460736467,0.9635570828943993,3.3187923336971648,0.03546303473386035,0.02822406635190894
162,-576460736430,0.964159937742735,3.3192692859755843,0.03560738652586035,0.028003729512458938
163,-576460736429,0.9648031503723462,3.319769712542826,0.03590040998456035,0.02763013010305894
164,-576460736413,0.9699925856381093,3.318554788620854,0.03794881807269189,0.02642750004001212
165,-576460736395,0.9706784177665643,3.31902719751884,0.03824205327708189,0.026053630658832122
166,-576460736377,0.9713689895159614,3.3194925161276636,0.03853506044765189,0.025680052016492122
167,-576460736365,0.9703317139867147,3.3189548031085216,0.03814428992985502,0.025435680437782167
168,-576460736359,0.9710219264334937,3.319410691912403,0.03840564039555502,0.025125934809982167
169,-576460736341,0.971714338489431,3.319859381984796,0.03866604882275502,0.024817305661182166
170,-576460736322,0.9724138041048446,3.3203040216059536,0.03892734131685502,0.024507628739782166
171,-576460736306,0.9731157860218657,3.3207417229496605,0.03918782220855502,0.024198913707982165
172,-576460736287,0.9777456591787579,3.319720406378031,0.04079016638712502,0.023017902810887232
173,-576460736269,0.9784794854288651,3.3201294709265636,0.04093222908113502,0.022537478728447233
174,-576460736250,0.979216930917154,3.3205304810133787,0.041074497445285026,0.022056359115847232
175,-576460736234,0.9799575533543492,3.320923161789544,0.04121688446528503,0.021574838235847233
176,-576460736213,0.9736683561925878,3.317722852107718,0.03866938211320195,0.01963873598043509
177,-576460736195,0.9743638462262424,3.318073470362709,0.03867173922730195,0.019351339637135093
178,-576460736179,0.9749835390016655,3.3183815046763767,0.038673839332741954,0.019095279642415093
179,-576460736144,0.975681978214899,3.318722315056792,0.03889173490608196,0.018753615955945095
180,-576460736141,0.976383559319323,3.319056604173038,0.03910938849422196,0.018412331706075095
181,-576460736131,0.9805557129475301,3.3175277270611234,0.04060192435997995,0.017683648765619342
182,-576460736123,0.981288915863845,3.3178431327230546,0.04081983203257995,0.01734196610731934
183,-576460736107,0.9820254277326091,3.3181521296739236,0.041037558216279954,0.01700056802646934
184,-576460736089,0.9827669832924137,3.318454349448468,0.04123409650215995,0.01652911240221934
185,-576460736071,0.9734672795522601,3.313674522154336,0.03796929883081835,0.013827134091281869
186,-576460736054,0.9741533327710737,3.313919467656611,0.03816578260449835,0.013355809230781869
187,-576460736035,0.974842543398338,3.314155790096099,0.03836215735377835,0.01288474589778187
188,-576460736017,0.9755362995701894,3.3143857420888954,0.03864485472873835,0.012639950827261869
189,-576460735999,0.9761029894943158,3.3146586713502875,0.038881916395899656,0.01241812712760569
190,-576460735981,0.9768045441125891,3.314879728861931,0.03916398618205966,0.012173875502685689
191,-576460735962,0.9775569772267086,3.3151102363546627,0.039464271733139655,0.011913850369225688
192,-576460735944,0.9782686374463602,3.3153211620681518,0.039595909309079656,0.01151843463758569
193,-576460735926,0.9691788618944004,3.3105670811171013,0.03647259279218489,0.008955672845122465
194,-576460735908,0.9698628368118246,3.3107308657302177,0.03660945843382489,0.008544552939282466
195,-576460735890,0.9704865847904646,3.310872416956357,0.03673382790164489,0.008099720814532467
196,-576460735872,0.9711495680814868,3.3110140972457116,0.03686556053332489,0.007628552870532467
197,-576460735855,0.9718193273972604,3.3111481405170196,0.03699816329062489,0.0071542727492824665
198,-576460735842,0.9782081431187599,3.308844878732026,0.039128842827323485,0.006058664306405831
199,-576460735836,0.9789081896973222,3.3089489209712344,0.039259442102103484,0.005591550038655831
200,-576460735816,0.9796247556347334,3.3090475240822506,0.03950137757378348,0.005246338619975832
201,-576460735800,0.9803301852109455,3.309137927935341,0.03973811427818348,0.004908545186825832
202,-576460735782,0.9810475852554756,3.309223203745182,0.03997743042210348,0.004567071218655833
203,-576460735764,0.977940770963129,3.3073631192139796,0.03899361308153366,0.0033838418234584853
204,-576460735746,0.97864551415793,3.307422256551755,0.03925467368923366,0.0031822313209584853
205,-576460735728,0.9793546437120468,3.307477738434224,0.03951561835373366,0.0029807103584584852
206,-576460735710,0.9800754326952986,3.307530078118522,0.03977909927573366,0.0027772307084584853
207,-576460735692,0.9883777592159845,3.304799792303735,0.04248458561705517,0.0012533865858620522
208,-576460735670,0.9891430727825209,3.30481976646939,0.04254080784327517,9.657185863020533e-4
209,-576460735655,0.9899540418641487,3.3048352638574032,0.042600303088775174,6.613037773020543e-4
210,-576460735638,0.990675541963303,3.3048441680657383,0.042653164848635176,3.908300210220553e-4
211,-576460735620,0.9888003824379014,3.3035158571872816,0.041890542894306014,-4.742109105790279e-4
212,-576460735601,0.9895568097083076,3.303504527028913,0.04208695035090601,-7.836473595790276e-4
213,-576460735584,0.9903157181785064,3.3034876496946435,0.04228308524650601,-0.0010926543935790274
214,-576460735566,0.9910793870174456,3.303465172668428,0.04247953631286601,-0.0014021595489790272
215,-576460735547,0.9905870851790617,3.3039185632974224,0.042278546819678325,-0.0015422935128765448
216,-576460735530,0.9913064616746721,3.3038895576530143,0.04246364844599833,-0.001874557047596545
217,-576460735510,0.9920724882222172,3.303852649700881,0.04265987056111833,-0.0022267822271165453
218,-576460735495,0.9927994956505326,3.303811953705714,0.04284526655331833,-0.0025595741583165454
219,-576460735477,0.9935280577748209,3.303764667880937,0.04287800963073833,-0.0030041186028165454
220,-576460735466,0.9824349190948757,3.2981495302261736,0.03953687498985928,-0.005437192793838844
221,-576460735459,0.9831922451628353,3.298040636335103,0.039573755738199275,-0.005937913345338844
222,-576460735443,0.9838200083850398,3.2979431908612793,0.039604300918729275,-0.006352617502088844
223,-576460735425,0.9845409671364883,3.2978232691184672,0.03963935169156928,-0.006828492941088844
224,-576460735406,0.9852494055108798,3.29769891040845,0.03984436584366928,-0.007124015756028845
225,-576460735388,0.980116533993922,3.2997560595078097,0.03826502522974489,-0.006369609935237544
226,-576460735371,0.9808048208126824,3.2996391275804102,0.03847133897789489,-0.006667006085647543
227,-576460735355,0.9814603407808099,3.299523420723708,0.03866680742449489,-0.006948769002887543
228,-576460735336,0.9821596644695,3.2993950507288003,0.038906535746894885,-0.007290831097787542
229,-576460735318,0.9785501176365552,3.2970320156390582,0.037883976209645565,-0.00860075443813899
230,-576460735299,0.9792352125073878,3.296873887175117,0.038123664643805566,-0.008942759617548991
231,-576460735283,0.9799226333652392,3.2967100761659265,0.03836266168180556,-0.00928377826179899
232,-576460735264,0.9806195041150797,3.2965402774137607,0.038495257127125565,-0.00944333678903899
233,-576460735246,0.9788349534422663,3.297300535396896,0.03788665798306743,-0.009150572973338081
234,-576460735228,0.9795129654264129,3.2971356562964576,0.03801728650576743,-0.009307764607238082
235,-576460735210,0.9801990682832491,3.2969674824037485,0.03826722059188743,-0.009390689107358083
236,-576460735192,0.9808903987828733,3.2967976368656404,0.038517418673317434,-0.009473701197288083
237,-576460735174,0.9808136291198781,3.2962230628273472,0.03854666134815865,-0.009732506751231636
238,-576460735156,0.9815097975250772,3.2960471112564624,0.03879678995713865,-0.009815495791211637
239,-576460735138,0.9822123813463818,3.295866149158261,0.03896136634904865,-0.010212405066691636
240,-576460735120,0.9829119139404757,3.295679648086503,0.03912454023061865,-0.010605931904651634
241,-576460735101,0.9832249679981977,3.2956350068377955,0.03917346179725304,-0.010928356688318566
242,-576460735084,0.9839365222622,3.295433311307474,0.03933853908571304,-0.011326473977198565
243,-576460735066,0.9846488002924815,3.2952249326446976,0.03963236066278304,-0.011776653998468565
244,-576460735049,0.9853578347401581,3.2950110491555566,0.03992269658003304,-0.012221493450718563
245,-576460735031,0.9860794036832433,3.2947869180463836,0.040216013225073045,-0.012670899838158563
246,-576460735018,0.9803505877626382,3.291771505351826,0.03861135031688573,-0.013991254166189432
247,-576460735012,0.981048308554508,3.2915155910352025,0.038904569233145725,-0.01444051081804943
248,-576460734995,0.9817611804403271,3.2912483797770173,0.038983645551795724,-0.01475492848104943
249,-576460734976,0.9824517895418208,3.29098455703227,0.03906009967293572,-0.01505891994784943
250,-576460734957,0.9831949068939173,3.2906952602503696,0.03914219994258572,-0.01538536123084943
251,-576460734938,0.9804685842067765,3.2917532514371985,0.03823429807368146,-0.014930794449653617
252,-576460734921,0.9811552105032622,3.29148309251903,0.03817212227748146,-0.015131957252153617
253,-576460734904,0.9818036748119902,3.291224216607258,0.03811330901808146,-0.015322240944653617
254,-576460734886,0.9824893061556472,3.290946540990341,0.038051025980481455,-0.015523750714653617
255,-576460734868,0.9768438365033265,3.2872657412312853,0.03664964333917556,-0.01714708818632093
256,-576460734850,0.9775121046276214,3.2869533680040517,0.03698871746467556,-0.017274204070820927
257,-576460734833,0.9781376808735316,3.2866614599510426,0.03730333715324556,-0.017392152203650927
258,-576460734815,0.9788131460251788,3.2863468111472938,0.037640094739265564,-0.017518399638030927
259,-576460734797,0.9787178510778086,3.286332481863955,0.03773531843939174,-0.017784844849041095
260,-576460734779,0.9794006423256769,3.28600825678608,0.03805037975344174,-0.018202177502341096
261,-576460734762,0.9800873458715731,3.2856773682640887,0.038364636759791744,-0.018618444763441096
262,-576460734744,0.9807862732232422,3.2853357619348973,0.038681866207641746,-0.019038649343541096
263,-576460734726,0.9814783541570878,3.2849940612361808,0.03882313786265175,-0.019227849196851096
264,-576460734713,0.9803345540281723,3.284371721300108,0.038514274431805884,-0.019503239189942966
265,-576460734707,0.9810292084211447,3.2840188876702627,0.03865668518297588,-0.019693964592212967
266,-576460734690,0.9817321689877033,3.283659677360855,0.03880026667186588,-0.019886257919802967
267,-576460734672,0.9824319331563002,3.2832999683217943,0.03894266951264588,-0.020076972727982968
268,-576460734652,0.9831677769323607,3.282916469697418,0.03911437684998589,-0.020603903942902967
269,-576460734640,0.979579739444972,3.2843540018071016,0.03811175122818753,-0.01988994676055915
270,-576460734635,0.9802665756498382,3.28399180186979,0.03827552618561753,-0.02039253528489915
271,-576460734616,0.9809571258076082,3.2836201459749796,0.038439483287247535,-0.020895682768839147
272,-576460734599,0.9816564186012755,3.283238393747017,0.03872385946224754,-0.021228701006339147
273,-576460734580,0.9823515041884258,3.282855779846964,0.03900447010444754,-0.021557309623039148
274,-576460734562,0.9877071487962514,3.2850437048265584,0.040523101640974196,-0.020740347646369943
275,-576460734544,0.9884391471659535,3.284667381003805,0.040805532290694196,-0.021071087579789944
276,-576460734526,0.9891755166776869,3.284286032970932,0.0409587927962942,-0.021272686889789946
277,-576460734508,0.9899136189189736,3.2839015905849447,0.041111840581894196,-0.021474006387289947
278,-576460734486,0.9861089293504198,3.285388261058614,0.04000675900607484,-0.020740082934594704
279,-576460734472,0.9868294656025619,3.2850136289747183,0.04015971319487484,-0.020941279314594705
280,-576460734453,0.9875528641112632,3.2846338136758684,0.04028046346489484,-0.021293269651234705
281,-576460734436,0.9882389656526507,3.2842688055576508,0.04039465457702484,-0.021626139863394706
282,-576460734417,0.9877731697000229,3.283163087417112,0.04019781661079265,-0.0223070904207867
283,-576460734400,0.988498301821771,3.2827581174969915,0.04031874143363265,-0.0226595895836667
284,-576460734381,0.9892316602312805,3.2823442874681223,0.040429817199872646,-0.022906368230626698
285,-576460734362,0.9899929836448911,3.281911154155466,0.040544806668512644,-0.023161842007186698
286,-576460734344,0.9887408846880423,3.282324669514921,0.040112153336273056,-0.022989036398699078
287,-576460734329,0.9893822555847775,3.2819554205453847,0.04020981244147306,-0.023253790092999077
288,-576460734310,0.9901166619217981,3.2815284194272376,0.04029954263643306,-0.023556242591359078
289,-576460734293,0.9907931364693011,3.281131073907006,0.04038201827989306,-0.023834242259469077
290,-576460734275,0.9914820005751556,3.2807225074672752,0.04046583171183306,-0.024116751195259075
291,-576460734264,0.989944955078011,3.2798541908065664,0.04006580486029634,-0.024506558349155425
292,-576460734257,0.9907063026043258,3.2793881521945902,0.04014781009148634,-0.024594069789325424
293,-576460734240,0.9913884742970366,3.2789699790018396,0.04022114522316634,-0.024672328979565426
295,-576460734206,0.9927991025711068,3.278103474866525,0.04037236869274634,-0.024833706289505424
296,-576460734194,0.9868741225130553,3.2806291245356656,0.038762031681485475,-0.02356250424740273
297,-576460734188,0.9875738401530525,3.280201640671208,0.038915326222285475,-0.02389351978212273
298,-576460734170,0.988237606722486,3.279792190723282,0.039060188542285476,-0.02420632725762273
299,-576460734153,0.9889010560357525,3.2793791560403416,0.03920444673748548,-0.02451783022030273
300,-576460734136,0.9895689185483432,3.278959598646546,0.03934913037268548,-0.02483025185398273
301,-576460734118,0.9891053658529543,3.277830663764974,0.03924265138803863,-0.025649994671864348
302,-576460734099,0.9898583093930665,3.2773345988156692,0.039451280479878635,-0.026196258390904347
303,-576460734082,0.99052417520897,3.2768894328287637,0.03963486666703864,-0.02667695105211435
304,-576460734062,0.9912395681599458,3.2764044872403586,0.03983116509923864,-0.02719092880406435
305,-576460734046,0.9919583584512252,3.2759108971004838,0.04001667885535864,-0.027640235367784347
306,-576460734029,0.9856945614072065,3.2784846099785185,0.038316983109938245,-0.026527045793948597
307,-576460734012,0.9863462458006613,3.27803087954634,0.03849183219500824,-0.026950522970118598
308,-576460733995,0.9870416962913127,3.2775410696715177,0.03867755203172824,-0.027400328652438598
309,-576460733974,0.987778706034221,3.277019633308033,0.03891875697104824,-0.027499267418838597
310,-576460733956,0.9870481230177867,3.275631130155308,0.03878289711820218,-0.027990084162496202
311,-576460733939,0.9877199922205564,3.275146824291388,0.03900224936745218,-0.028080059272496204
312,-576460733922,0.9884129486944728,3.2746485406158126,0.03922720128917218,-0.028172331286896203
313,-576460733904,0.9891211774951758,3.274136904387108,0.03943429709512218,-0.028654039425016202
314,-576460733886,0.9801898539483849,3.2779008246086767,0.03704911356855538,-0.026957807140828752
315,-576460733869,0.9808220956467358,3.277438128087775,0.03724485803555538,-0.02741311188402875
316,-576460733852,0.9814563812952971,3.276969545621648,0.037460477169825375,-0.02777591893009875
317,-576460733834,0.9821337822048579,3.2764653293724644,0.03768939076458538,-0.02816109562325875
318,-576460733816,0.9829180809796323,3.275991381917936,0.03794593116528123,-0.028533338110667026
319,-576460733799,0.9835829340672457,3.275489644120806,0.03816775946018123,-0.028906592871567025
320,-576460733780,0.984270714726565,3.274966427500831,0.03827779564922123,-0.029247971980587026
321,-576460733761,0.9849628170461893,3.2744352631194547,0.038388204863021226,-0.029590508371237025
322,-576460733744,0.9856531014713424,3.2739008775220055,0.03849800867598123,-0.029931166550717026
323,-576460733726,0.9829552187209264,3.2748884514213166,0.03769977140803726,-0.029498662930496872
324,-576460733709,0.9836390021925795,3.274352169236957,0.037810523070797256,-0.02972304590501687
325,-576460733692,0.9842784941695127,3.273848379827954,0.03791380812319726,-0.02993230151981687
326,-576460733674,0.9849623896586626,3.273307229466154,0.038023954385117256,-0.03015545795165687
327,-576460733653,0.9836529606955161,3.2714439596943334,0.037620172892393,-0.03097580584860476
328,-576460733636,0.9843282938212917,3.2708844931827032,0.037676195239573,-0.03140199676378476
329,-576460733618,0.9849741829932998,3.270343059269345,0.037729697236983,-0.03180901407719476
330,-576460733600,0.985654654778232,3.2697659388274687,0.037785981925403,-0.03223720075761476
331,-576460733582,0.9798292768762874,3.27214913609359,0.03610448932925841,-0.031160732129871936
332,-576460733563,0.9804806437616298,3.271584143526579,0.03622540743852841,-0.03157787949757194
333,-576460733548,0.981097591157156,3.2710438449673394,0.03633956498280841,-0.03197170404037194
334,-576460733529,0.9817534472136406,3.2704640192627212,0.036460530087068406,-0.03238901353297194
335,-576460733511,0.9838790438525713,3.2707715198988496,0.03707219132797394,-0.03217204107223193
336,-576460733495,0.9844681218078437,3.2702604240106217,0.03728286771557394,-0.032339904428281926
337,-576460733477,0.9851487219977176,3.2696702132876236,0.03752480318725394,-0.03253267448992193
338,-576460733459,0.985820431377145,3.2690880136207414,0.037762058438773935,-0.032721715431881924
339,-576460733440,0.9826022173035298,3.2702836898252374,0.03676369147137918,-0.03237623446222855
340,-576460733422,0.9832864218768539,3.2696761728095542,0.03681064836667918,-0.03295168808019855
341,-576460733404,0.9839493856927624,3.269078063647844,0.036856090441979183,-0.03350857768016855
342,-576460733387,0.9846133888298247,3.2684697266368627,0.036901547665479185,-0.03406565292031855
343,-576460733369,0.9852430676305228,3.267887186470064,0.037026107244779186,-0.03432767455826855
344,-576460733351,0.9875688750704537,3.268297668391782,0.03757745496278714,-0.03413324680766435
345,-576460733334,0.9882117645500192,3.267712428960458,0.03770234358118714,-0.03439596060726435
346,-576460733317,0.9888544418528443,3.2671248511856876,0.03782677885682714,-0.03465772076192435
347,-576460733299,0.9895344083158552,3.2664980096057894,0.03801155072278714,-0.03525546013236435
348,-576460733281,0.9813441969788664,3.270030262122319,0.035825535689129336,-0.033739343644070684
349,-576460733264,0.9819909419403656,3.2694173478454878,0.036011070053309335,-0.03433954970609068
350,-576460733245,0.9826407018646038,3.2687939407147555,0.03619651168121934,-0.03493945576508068
351,-576460733228,0.9832993593047656,3.2681580372936043,0.03642683471734934,-0.03517504019955068
352,-576460733210,0.986217515277409,3.2689376306460582,0.03722771067150026,-0.03476094029148064
353,-576460733191,0.9868829666233561,3.26831609355526,0.03745399584857026,-0.03499239462781064
354,-576460733173,0.9875597231281694,3.267683633271994,0.03768273167595026,-0.03522635559603064
355,-576460733154,0.9882390924629697,3.2670464638030197,0.03785730666289026,-0.03562141990559064
356,-576460733137,0.9889422926577989,3.2663825920949456,0.038037161507110256,-0.036028432565870634
357,-576460733124,0.9903966171490806,3.265693071469586,0.03842606902269785,-0.03637815749129889
358,-576460733119,0.9911081179519398,3.2650173101602364,0.03860536094095785,-0.03678389624653889
359,-576460733102,0.9917289866814621,3.2644228218367792,0.038645942968757854,-0.037185037865358886
360,-576460733085,0.9924222755741459,3.263752120263008,0.03869120831505785,-0.03763247273432888
361,-576460733067,0.9931188551687083,3.263070959464275,0.038736635242157855,-0.03808150478281888
362,-576460733052,0.992064031948725,3.2624103001164015,0.03846926105814033,-0.03838433227036673
363,-576460733040,0.9927584282394175,3.26171378591335,0.03851480664614033,-0.038834537247566726
364,-576460733030,0.9934511210306057,3.261012699999565,0.03863536222263033,-0.039250433937466724
365,-576460733012,0.9941478001738328,3.2603022814857994,0.038756233336910334,-0.03966741918026672
366,-576460732994,0.9948463444639805,3.259584676244216,0.038877050742630336,-0.04008421913746672
367,-576460732976,0.993849992672253,3.2596805666580257,0.03854308769245992,-0.04008492520913905
368,-576460732957,0.9945830977611002,3.258915757785932,0.03867057167318992,-0.040467907703989045
369,-576460732939,0.9952805659810999,3.258183741477767,0.03879146964174992,-0.040831104753189046
370,-576460732921,0.9959789661393913,3.257446502924472,0.03891215277606992,-0.041193656405589044
371,-576460732902,0.9963199233145926,3.2564065711293058,0.03893818760979023,-0.04169328420843692
372,-576460732884,0.9970221527820808,3.2556526402633312,0.03904831552623023,-0.042034947894906916
373,-576460732866,0.9977253082674723,3.254893700537625,0.039158278333350234,-0.042376099341966914
374,-576460732847,0.998431658422475,3.2541273019827064,0.039268430710430235,-0.042717838915756916
375,-576460732830,0.9929085280075447,3.2564013825964744,0.03778055414397424,-0.04150527189285819
376,-576460732812,0.9935893360533233,3.2556523152669143,0.03796577938725424,-0.041835552490778194
377,-576460732794,0.9942745419402441,3.254896130162797,0.03815129314337424,-0.042166347544458194
378,-576460732776,0.9949640079031632,3.2541329694878196,0.03833705419621424,-0.04249758356021819
379,-576460732756,1.0009699312356257,3.2566875374349467,0.039830806014205224,-0.04134554813520083
380,-576460732739,1.001690405738275,3.255937616988338,0.03997363601604522,-0.041720518170560834
381,-576460732721,1.0024093272253982,3.2551852618078976,0.04011565124771522,-0.04209334919874083
382,-576460732703,1.0031324086249631,3.254424514528185,0.040257982894985216,-0.04246701090932083
384,-576460732667,0.9994270079055437,3.2554482821065336,0.03905268951290999,-0.041670373284683475
385,-576460732649,1.0001369766039478,3.2546893497881086,0.039142001648969985,-0.041917084000943475
386,-576460732632,1.0008357387447797,3.2539397242842836,0.039229705487849986,-0.042159352049423476
387,-576460732613,1.00603737210388,3.2560276621291115,0.040541477806550444,-0.04134216499376158
388,-576460732594,1.0067628954046064,3.2552849290848735,0.04070413257715044,-0.04183062831396158
389,-576460732577,1.0074917323878645,3.254533048893453,0.04086687841985044,-0.04231936512986158
390,-576460732560,1.0082317696607075,3.2537679566115036,0.04126822400445044,-0.042596537417261576
391,-576460732539,1.008977164072904,3.2529997989862984,0.04166856733870044,-0.04287301754301157
392,-576460732529,1.0005783621925874,3.257197863041436,0.0393991884837157,-0.0407466572217968
393,-576460732523,1.001296170674518,3.2564567623436496,0.0398028949246957,-0.0410254599344168
394,-576460732506,1.002011205584041,3.2557209749532974,0.0402010110359457,-0.0413004019231668
395,-576460732488,1.0027352982375963,3.254973665141555,0.0402895018092257,-0.041770942201166804
396,-576460732469,1.0034860183178502,3.254191694623435,0.0403810419533057,-0.042257697184166804
397,-576460732456,1.0025910715558424,3.253617467926805,0.04015154785507777,-0.04252224066251875
398,-576460732451,1.0033304511607877,3.2528308895813316,0.04024201580103777,-0.04300329434601875
399,-576460732432,1.0040159213402062,3.252095359335469,0.04032570627447777,-0.04344830954001875
400,-576460732414,1.0047410607707492,3.251311485343993,0.04042478710447777,-0.043842780824818746
401,-576460732397,1.0054696411762212,3.250518712902444,0.04052409412122777,-0.04423815262869874
402,-576460732379,0.9987271009284064,3.2534907995727105,0.038596218030366725,-0.04272370106892068
403,-576460732363,0.9993823314505156,3.2527632191244473,0.038689760043366724,-0.04309612061820068
404,-576460732344,1.000079598669401,3.2519817942475058,0.038659756722436725,-0.04358920601573068
405,-576460732326,1.0007751274352583,3.2511928460718247,0.03862980499077673,-0.044081443576590676
406,-576460732307,0.9994155451597085,3.2489908833325924,0.03805915546301157,-0.04522821754301591
407,-576460732290,1.0000615116814917,3.2482190111718303,0.03803089952058157,-0.04569258589204591
408,-576460732272,1.000747945828418,3.2473914534297026,0.03820567832554157,-0.04621742545044591
409,-576460732256,1.0013994203832421,3.2466008450768604,0.038370819449841574,-0.04671332422244591
410,-576460732238,1.0020523945972464,3.245803404103149,0.03853563058306157,-0.04720823207124591
411,-576460732219,0.9948786044866702,3.2489176928731154,0.03656728536862005,-0.04573104621566133
412,-576460732201,0.9955373224202172,3.248091153985304,0.03674170506564005,-0.04625480741646133
413,-576460732184,0.9961635922155652,3.2473002835830274,0.03690676854498005,-0.04675047303006133
414,-576460732166,0.9968295234412893,3.2464540063357923,0.03708147941060005,-0.04727510857486133
415,-576460732148,1.0046274662528358,3.250284533723535,0.03915373496306042,-0.045411544703707875
416,-576460732129,1.0053390558551198,3.2494589092265205,0.03938382944113042,-0.04571195808469788
417,-576460732113,1.0060112473652203,3.2486784445174366,0.03959995648220042,-0.04599413545668788
418,-576460732096,1.0066805480927525,3.24790081223325,0.039813988407720415,-0.04627357742732788
419,-576460732078,0.9978326619325361,3.2519529688125157,0.03737551378702985,-0.044178383976007596
420,-576460732060,0.9985071061418311,3.251154259980561,0.03755024406388985,-0.0445522533571876
421,-576460732042,0.9991846582953311,3.2503488653042494,0.03772496463512985,-0.0449261019713076
422,-576460732016,0.999871685151324,3.249529175223852,0.03790130604490985,-0.0453034186844476
423,-576460732006,1.003213957598434,3.2504568011326915,0.038637628733721105,-0.045085436451440385
424,-576460731988,1.0039039254363713,3.249646948005979,0.03868268705462111,-0.045669662636660384
425,-576460731970,1.0045999256987939,3.2488204236212472,0.038728086210021107,-0.046258308081980386
426,-576460731952,1.0052985646854293,3.2479811123711464,0.03877360402632111,-0.04684849208452038
427,-576460731935,1.0059975755510404,3.2471358189844834,0.03893744273422111,-0.047125202930820384
428,-576460731921,1.0007197842810784,3.2498353025983704,0.03749047359018954,-0.04576252978949618
429,-576460731917,1.0013959752105526,3.2490092233983336,0.03765437604855954,-0.04603934830538618
430,-576460731898,1.0020753049840765,3.24817793071444,0.037818324042979544,-0.046316243728126184
431,-576460731879,1.0027572403786238,3.247340870522795,0.03796069524219954,-0.04670077945718618
432,-576460731862,1.0034422335105468,3.246496277346196,0.03810316927648954,-0.04708559293735618
433,-576460731844,1.0059151443116086,3.246806279242302,0.03871089615307535,-0.04693399572833467
434,-576460731824,1.006608171065574,3.2459641573471583,0.03885225482237535,-0.04731579667723467
435,-576460731808,1.0073025884885958,3.2451168343750276,0.03901469101993535,-0.04769687120015467
436,-576460731791,1.007970091966913,3.244299295687805,0.03917019663068535,-0.04806168660040467
437,-576460731774,1.0057790200807888,3.24495597252779,0.038538141741796386,-0.04768053193906255
438,-576460731756,1.0064744916170247,3.24409387722518,0.03870214437947639,-0.04806528132282255
439,-576460731738,1.0071777177201255,3.2432187940717316,0.03887809756445639,-0.04847431307823255
440,-576460731720,1.007880462640626,3.242340890516324,0.039053138421156396,-0.04888122397838255
441,-576460731702,1.0085783620763586,3.241465702632871,0.039226199331376395,-0.04928353217137255
442,-576460731684,1.0109186122689422,3.241656004444722,0.03982867331273565,-0.04919079290204814
443,-576460731666,1.0116367921458518,3.240767235649459,0.03988494863182565,-0.04945716705828814
444,-576460731648,1.0123549475769689,3.23987495986535,0.03994114275005565,-0.04972315685756814
445,-576460731630,1.0130794337822813,3.238971249439529,0.03999775224191565,-0.04999111279052814
446,-576460731610,1.002306841096443,3.244062417310579,0.03687677671800542,-0.04724148575301513
447,-576460731595,1.0029660547017225,3.24321613571395,0.03709243392824542,-0.04771829842885513
448,-576460731576,1.003635492041599,3.2423531136530728,0.03731016011194542,-0.04819968555305513
449,-576460731559,1.004308397030387,3.2414820132018414,0.03752774110452542,-0.04868075166333513
450,-576460731540,1.0056137269666827,3.2410364580183346,0.03771907849906203,-0.0488335135147439
451,-576460731523,1.0063016419034003,3.240142872769057,0.037743288407222034,-0.049190318130423905
452,-576460731504,1.0069810473753558,3.239254524376497,0.03776718360782203,-0.049542484599223904
453,-576460731487,1.0076609962146883,3.23835968906429,0.03779108279206203,-0.049894709778743905
454,-576460731469,1.0083437733502274,3.237455393328998,0.03780425993814203,-0.050226607237623906
455,-576460731456,1.000038621373613,3.2417602319504413,0.03550168030812876,-0.048062761474046874
456,-576460731449,1.0007170141045485,3.240838639733913,0.03551561683247876,-0.04841378566314687
457,-576460731433,1.001319534934965,3.240014801998268,0.035527990102618756,-0.048725435613186874
458,-576460731413,1.0019542522632607,3.239141537237929,0.03554101989575876,-0.049053621641226876
459,-576460731398,1.002559119372353,3.2383056125431975,0.03564494092479876,-0.049325182022546876
460,-576460731379,1.0065051832064336,3.2396238775126833,0.036627531591948204,-0.048593776112167045
461,-576460731362,1.0071649551051454,3.2387472851565082,0.036737518859708204,-0.048881188435247046
462,-576460731343,1.0078312006761114,3.2378595247140765,0.03684825217698821,-0.04917055029148704
463,-576460731326,1.0084599232824498,3.2370191883260997,0.03699314853218821,-0.049524192556227045
464,-576460731307,1.0000163849458832,3.240865936802889,0.034610811338216196,-0.047517358702746454
465,-576460731292,1.0005919577484,3.240074478811098,0.034752023383016195,-0.04786200883050645
466,-576460731275,1.0011841810477022,3.239257534530142,0.034896724035816194,-0.04821517345286645
467,-576460731257,1.0018156165206098,3.238383379874207,0.03511497048769619,-0.04870850499652645
468,-576460731238,1.0024539567559256,3.237496193453129,0.035334233277416194,-0.04920413390406645
469,-576460731226,1.0046281400722537,3.2389481302723793,0.03591073306546954,-0.04853457339149699
470,-576460731221,1.0052717606152832,3.2380764996057194,0.03612693474240954,-0.04902328285782699
471,-576460731202,1.0059319653049044,3.2371788053171313,0.03634737116034954,-0.04952156467365699
472,-576460731184,1.006580466402266,3.236296895756863,0.036636827518579544,-0.04973110093526699
473,-576460731165,1.0072432327175487,3.2353989268306265,0.03693030704491954,-0.04994354955164699
474,-576460731147,1.0010411515764324,3.2380624043287014,0.03531211403580927,-0.04835698749045392
475,-576460731129,1.0016778324439495,3.2371876895405736,0.035379149775569274,-0.04876340202022392
476,-576460731113,1.0022787879212862,3.236356876707705,0.035442307691489275,-0.04914630664381392
477,-576460731094,1.002922288173937,3.2354617000917005,0.03550981234276927,-0.04955556402212392
478,-576460731076,1.0082832505624473,3.237739384228374,0.03683465892484837,-0.048498683208367234
479,-576460731059,1.008911155943368,3.2369097399383246,0.03686748098015837,-0.04888312206767723
480,-576460731040,1.0095773705972535,3.236023132673678,0.03690227363013837,-0.049290642149657234
481,-576460731024,1.0102384145803176,3.235136967114712,0.03693676385258837,-0.049694619952107236
482,-576460731004,1.0009320264458412,3.239451025370563,0.03418111759405763,-0.047492499086159726
483,-576460730988,1.0015146808475202,3.2386417761591133,0.03436645907405763,-0.04771329049615972
484,-576460730972,1.0021003823990067,3.2378289172958805,0.03455176784673763,-0.04793404294296972
485,-576460730954,1.0027248796226822,3.2369628926473037,0.03474826252285763,-0.04816812080075972
486,-576460730934,1.0033866100816424,3.2360459834592663,0.03495526715113763,-0.048414718830269717
487,-576460730922,1.0056911801683268,3.237585839877485,0.03557095368606482,-0.047704872384913714
488,-576460730917,1.0063322322669686,3.2367229687212515,0.03560565194783482,-0.04810050775535371
489,-576460730898,1.0069774734300518,3.235848121260959,0.03564054283860482,-0.04849833951379371
490,-576460730881,1.0075429390374875,3.235076224050151,0.03567109187171482,-0.04884666468671371
491,-576460730864,1.0081861162774566,3.2341923426075954,0.03570580747009482,-0.04924249773207371
492,-576460730851,1.0036964135110942,3.2365248993451896,0.034446181087970706,-0.0480754749881625
493,-576460730845,1.004352604041625,3.2356067556399783,0.03461923629239071,-0.04856105855684251
494,-576460730827,1.0049764604354585,3.234729595239498,0.03478296571377071,-0.04902047448136251
495,-576460730808,1.0055756902490824,3.233883207139,0.03493950954646071,-0.049459728031622505
496,-576460730792,1.0062009111459151,3.2329978307451785,0.03507010882124071,-0.049681013676142506
497,-576460730774,1.0106107540648182,3.234629553094425,0.036214438357164265,-0.04873882625726184
498,-576460730754,1.0112997483194108,3.233701817838984,0.036353285545384265,-0.04897408705474184
499,-576460730739,1.011918774277207,3.2328675172870125,0.03647758189340426,-0.04918469310542184
500,-576460730720,1.0125768496956287,3.231979977905507,0.036576971661404264,-0.04934321336718184
501,-576460730701,1.0016432904789399,3.2371369056251416,0.0334085540733228,-0.046463484082547475
502,-576460730681,1.0022448345020092,3.2363001165535303,0.033507739721572796,-0.04662167878648747
503,-576460730665,1.0028535725703327,3.235452951625667,0.033607813566572796,-0.046781290106887474
504,-576460730647,1.0034618980311745,3.2346053047118852,0.033815346404822796,-0.047166830013037474
505,-576460730629,1.0077200799700448,3.2362032942525434,0.0350028791713945,-0.04642157677788398
506,-576460730613,1.0083149252900745,3.2354135197007543,0.0351977840763445,-0.04678365739797398
507,-576460730594,1.0089154096060502,3.234614497303453,0.035393448037394505,-0.04714714813908398
508,-576460730577,1.0095538047257675,3.233759357511094,0.035417391041674504,-0.04770502782001398
509,-576460730559,1.0101964946750943,3.232888897749491,0.035441478784874504,-0.048266279964213975
510,-576460730541,1.0011675467030723,3.237091462885482,0.03273776452575857,-0.046288360441062944
511,-576460730523,1.0017519307773004,3.2362605676000373,0.03276145921647857,-0.046840454336382946
512,-576460730505,1.0023429531563148,3.235417377779422,0.03289310410439857,-0.04682648863358295
513,-576460730486,1.0029370061663339,3.2345735031470157,0.03302489523191857,-0.04681250741678295
514,-576460730469,1.004462448531052,3.2343138541044545,0.03340632812906701,-0.04651640128317826
515,-576460730451,1.0050782639750153,3.2334582390032454,0.03371617925152701,-0.04674373291585826
516,-576460730433,1.0056538451240793,3.232661852241281,0.034003233544987015,-0.04695433896653826
517,-576460730416,1.0062685703330203,3.2318147614247117,0.03430715749190701,-0.047177321947898254
518,-576460730396,0.9996721350473993,3.234722879595202,0.03257103096944422,-0.045523632854047424
519,-576460730380,1.000261122606461,3.2339016233467826,0.03283206259134422,-0.04567133115899742
520,-576460730361,1.0008536533566443,3.233079310565201,0.03309258696174422,-0.04581874244819742
521,-576460730344,1.001452068014309,3.2322526931314366,0.033353633076544216,-0.045966448953597416
522,-576460730325,1.0082520045057346,3.235573630239379,0.03529038615151946,-0.044200286429285904
523,-576460730309,1.0088535983525515,3.234820657167711,0.03550618305316946,-0.044410842922685906
524,-576460730291,1.0094669331594548,3.234054020935771,0.035724849628239456,-0.044624199402405904
525,-576460730274,1.0101047032443478,3.2332579268491517,0.035950817363559456,-0.0448446797411259
526,-576460730255,0.9988752898926533,3.2386378423658964,0.03281398414047629,-0.041978146740472434
527,-576460730237,0.9994677174368192,3.2378793043238425,0.03295648981632629,-0.04223368140872243
528,-576460730219,1.0000618516495265,3.237117267539564,0.03309878982203629,-0.042488847278672436
529,-576460730201,1.000658944590684,3.2363501276472717,0.03324118475242629,-0.042744183363222436
530,-576460730184,1.0012632077923025,3.2355724573813722,0.033384671316636284,-0.04300147691567244
531,-576460730171,1.008083487525305,3.240131642738932,0.03523363314452049,-0.04089753208186399
532,-576460730165,1.0087137708617644,3.2393988139230534,0.035342856017280495,-0.04116157053042399
533,-576460730147,1.0093581299965615,3.238647100693637,0.03545417027476049,-0.04143066475130399
534,-576460730130,1.0099910009421798,3.2379063339831973,0.03556316077144049,-0.04169414144738399
535,-576460730112,1.0106309822839015,3.237153678166367,0.03564081583312049,-0.04204593608162399
536,-576460730099,1.003460928514818,3.2408849599348657,0.033604964795948676,-0.040182281977693225
537,-576460730093,1.0040713680667832,3.240152671302816,0.03368334560586868,-0.040537364412253224
538,-576460730075,1.0046797185639786,3.23941819276371,0.03376127714306868,-0.040890411541853224
539,-576460730057,1.0052818273952657,3.238686665776261,0.033838232376088684,-0.041239035797213226
540,-576460730038,1.0058929786175537,3.2379394586253922,0.03398080133505869,-0.041678031380173224
541,-576460730020,1.0075154987526933,3.2377975700298744,0.034396219208586605,-0.041838477913877084
542,-576460730003,1.0081354631804154,3.237041081106999,0.034538503393516606,-0.04227659662611708
543,-576460729985,1.0087629809891978,3.236270560571299,0.03468192667460661,-0.04271822282123708
544,-576460729966,1.009392865004098,3.235493202438018,0.03486856356999661,-0.04311605457967708
545,-576460729948,1.0013578732549038,3.2392420737864356,0.03258809560654339,-0.04124928078048419
546,-576460729932,1.0019129666541224,3.2385381617029267,0.03276314046818339,-0.04162240317392419
547,-576460729915,1.0024708031484058,3.237828204984339,0.03293811320161339,-0.041995371820204186
548,-576460729897,1.0030663653073977,3.2370666656801856,0.03304849795477339,-0.042381039919174184
549,-576460729877,1.0075814406599803,3.2389092815810137,0.03422541055540329,-0.04156057222802741
550,-576460729861,1.0081943684919146,3.2381627633390204,0.03433474961620329,-0.04194258683162742
551,-576460729842,1.0088193436867283,3.2373982972432995,0.03444588041888329,-0.04218948775384742
552,-576460729825,1.0094347783974054,3.236644705299629,0.03466138033874329,-0.04243147049338742
553,-576460729807,1.0100606084444617,3.235878780552082,0.03487915491948329,-0.04267600742724742
554,-576460729794,1.0056947899731805,3.2381494396077017,0.03363462314437115,-0.041541351688138585
555,-576460729789,1.0063071835590645,3.2373933098603134,0.03385420051485115,-0.04178791295685859
556,-576460729770,1.0069194045029075,3.236636213456423,0.033996951412791146,-0.04211947969417859
557,-576460729753,1.0075259058153436,3.2358834486610077,0.03413778008596115,-0.04244658169043859
558,-576460729735,1.008141873021216,3.2351161770323897,0.034280214568301146,-0.04277741349095859
559,-576460729722,1.0109414787266764,3.23697327062568,0.03504418346719768,-0.04191897821949373
560,-576460729716,1.0115734499525901,3.2362158792727054,0.035186546756027684,-0.04224964465923373
561,-576460729698,1.0122142935922696,3.235448281791506,0.035546746806827685,-0.04247413913763373
562,-576460729680,1.0128529033535822,3.234687034568155,0.035902096481667686,-0.04269561062195373
563,-576460729662,1.013502470201655,3.2339163777512088,0.03625997073743768,-0.04291865554991373
564,-576460729644,1.003353186588566,3.2388056889028096,0.03353212786697202,-0.040311709119984086
565,-576460729626,1.0039575991584127,3.2380763571616784,0.033609903886692015,-0.04070714681550409
566,-576460729608,1.0045630077558703,3.2373403991897094,0.033687628067252014,-0.04110232094446409
567,-576460729590,1.0051702537167289,3.2365967917755207,0.033765408406902016,-0.04149778060386409
568,-576460729570,1.0091782219695746,3.238051248889831,0.03476763799875746,-0.04087568868644762
569,-576460729553,1.0098105513281561,3.237305171538994,0.03492204719235746,-0.04135028264069762
570,-576460729537,1.010400090547008,3.2366048319721696,0.03506539494595746,-0.04179087801994762
571,-576460729519,1.0110323643334809,3.235848697514494,0.03521848527555746,-0.04226141829794763
572,-576460729500,1.002999629030075,3.239603526007666,0.03292539757694608,-0.04033397212821166
573,-576460729483,1.0035934587774273,3.2388751479836566,0.033110715556496084,-0.04066441808691166
574,-576460729466,1.0041750400533622,3.2381600104733437,0.033291211250006086,-0.04098626528505166
575,-576460729448,1.0047298634840285,3.2374761572758715,0.03346249514069609,-0.04129168664571166
576,-576460729430,1.0053302753242779,3.236735004000663,0.03367889040579609,-0.04158818757386166
577,-576460729418,1.0052785411802656,3.236700591990694,0.033664725328908386,-0.04160411202757609
578,-576460729411,1.0059202870887465,3.2359072053370372,0.033894587070388386,-0.041919064481196096
579,-576460729394,1.006501789905993,3.235187796709801,0.034101532813428384,-0.0422026178429561
580,-576460729376,1.007119705397818,3.2344228288264185,0.034320069647548385,-0.0425020531107361
581,-576460729358,1.0077341458678313,3.2336607756639557,0.03444005457058839,-0.0427769489553761
582,-576460729344,0.9990918275204411,3.2381308489375384,0.03196596498109789,-0.04054130568283458
583,-576460729341,0.9996671794542294,3.237400042279848,0.03208657426614789,-0.04081763199488458
584,-576460729321,1.0002459220116457,3.2366627098384413,0.032207438666857886,-0.04109454279899458
585,-576460729305,1.0008299763678496,3.235916379068467,0.03232895428385789,-0.041372945595994574
586,-576460729286,1.0014102828932656,3.2351748186816245,0.032513386116827886,-0.04148759262877457
587,-576460729273,1.004953085355503,3.237533415896231,0.033484798243905926,-0.04039519480405318
588,-576460729268,1.0055934130211923,3.2367620364064704,0.033681265183915926,-0.04051732313379318
589,-576460729249,1.0061991098651153,3.2360343686832,0.033866057657935926,-0.040632194349273176
590,-576460729232,1.006775300545487,3.235343918054583,0.03404091704703593,-0.04074089093267318
591,-576460729214,1.007388627242575,3.2346070132312814,0.033989330536345924,-0.04099665255372318
592,-576460729195,0.9981528591646296,3.238967383557919,0.031102583973927077,-0.03869437837552302
593,-576460729178,0.9987125527064987,3.2382681973523475,0.031051057544027077,-0.038949842121023016
594,-576460729160,0.9992735880170464,3.23756399500994,0.031172123351837076,-0.039151676473523016
595,-576460729141,0.999834897635258,3.2368585535319903,0.03129277963187708,-0.039352828083523014
596,-576460729123,1.0027785121407,3.2377402711345646,0.032066845750051934,-0.03881655337092846
597,-576460729106,1.003355772959898,3.2370410085597454,0.032187475175811935,-0.03901766021092846
598,-576460729088,1.0039365582793005,3.236334414442026,0.03234064208461193,-0.03948843586367846
599,-576460729070,1.004487578716339,3.2356593319599685,0.03248529168461193,-0.039933032613678456
600,-576460729053,1.005048465412474,3.234967524937483,0.032631872782211926,-0.040383566037928455
601,-576460729040,0.9978256996124985,3.238701235992592,0.0305594414376401,-0.03851533323520022
602,-576460729034,0.998401812944921,3.2379724089926576,0.0307194324040401,-0.03900708339345022
603,-576460729018,0.9988946939664748,3.2373459756822505,0.0309987020254401,-0.03943435292097022
604,-576460729000,0.9994564738895991,3.236630586236811,0.031313973158890104,-0.039916703086930225
605,-576460728983,1.0000230212257988,3.2359076710968244,0.0316287372287901,-0.040398277469250225
606,-576460728964,1.0006268356187675,3.2351356433983907,0.0319607939142401,-0.040906308748810224
607,-576460728946,1.0012024144819067,3.2343975237986187,0.0320599905959901,-0.04119364117299022
608,-576460728929,1.0017480385698607,3.2336951716119646,0.0321537422454901,-0.04146520155431022
609,-576460728910,1.002295352615853,3.232988079317833,0.0322475104452401,-0.04173680987497022
610,-576460728893,1.0028775748833005,3.232233093349859,0.032346960897490104,-0.04202487736903022
611,-576460728876,1.0034599059935043,3.231473517555468,0.0323600906280201,-0.04237712211879022
612,-576460728854,0.9934806409685498,3.2366375436607644,0.029333870858459846,-0.03978113667800251
613,-576460728840,0.9940093851053307,3.235917470015944,0.029347016637329845,-0.04013381197304251
614,-576460728821,0.9945389114976465,3.2351923387219452,0.029564525034349844,-0.04053941426037251
615,-576460728803,0.9951028511841462,3.2344179763895444,0.029794423073609844,-0.04096812033266251
616,-576460728784,1.0031873267268132,3.2387737273636885,0.03207545611656113,-0.03903535500677666
617,-576460728767,1.0037396843772495,3.2381003616497397,0.032283139914461134,-0.03942263671462666
618,-576460728751,1.004284268359452,3.2374355942695248,0.03248660107062113,-0.03964103838230666
619,-576460728733,1.0048712161898539,3.2367196724423426,0.032704472445441134,-0.03987490843641666
620,-576460728714,0.995472894559959,3.2415144280485384,0.030046452159134512,-0.037374200278832044
621,-576460728698,0.9959845552827743,3.240878280166111,0.03025178870059451,-0.03759461504466204
622,-576460728679,0.9965324491727735,3.2401952969997585,0.030470131946554513,-0.03809896429174204
623,-576460728661,0.9970867997806329,3.239500046781222,0.030689467331834513,-0.03860560527318204
624,-576460728642,0.9976377705479851,3.23880492009804,0.030905923093234512,-0.03910559463538204
625,-576460728632,1.0000415001603262,3.2404121383666853,0.03156126316364176,-0.038372811410411295
626,-576460728625,1.0006103871608294,3.2397183385767843,0.03177860217102176,-0.038874840975151294
627,-576460728608,1.0011879209093382,3.239010244526049,0.03188954340374176,-0.039186458852351294
628,-576460728589,1.0017650033345022,3.2382995384047737,0.032000013769141765,-0.03949675413135129
629,-576460728571,1.0023349622759352,3.2375945313086176,0.03210874742910177,-0.03980217125595129
630,-576460728553,0.9924492476997709,3.2425834835311815,0.029205349737473456,-0.03728639169276774
631,-576460728535,0.9929767830866517,3.2419069857560716,0.029347887054883455,-0.03780076909417774
632,-576460728516,0.9935059726541003,3.2412224071703903,0.029490179150203456,-0.03831426155749774
633,-576460728500,0.9940425223359015,3.240522301411542,0.029633752728703455,-0.03883237853599774
634,-576460728481,0.996347359886289,3.241003923581682,0.03034330148404961,-0.03872269733502099
635,-576460728462,0.9969218622475748,3.240269427127764,0.03058276684257961,-0.03917077039051099
636,-576460728441,0.9974446512578788,3.2395987452870387,0.03079905895335961,-0.039575483070250994
637,-576460728428,0.9980000674371318,3.2388838577068704,0.03102719799024961,-0.040002362999621
638,-576460728409,0.9908129243998093,3.2423024299538206,0.028992975895757347,-0.03835932474684877
639,-576460728392,0.9913357468673318,3.24160939244104,0.02918891454743735,-0.03876481422272877
640,-576460728373,0.9918625902883822,3.240908401572976,0.029385038540597347,-0.03917068725753877
641,-576460728354,0.9923935238280015,3.2401993574961705,0.029581369680117348,-0.03957698897585877
642,-576460728336,0.9929424195152463,3.2394639667275227,0.029794008895767346,-0.03997201515068877
643,-576460728324,0.9929804889476924,3.2394893010594954,0.02980433954941156,-0.039960557981793765
644,-576460728318,0.993538460082902,3.2387401595212735,0.030018876405311562,-0.040359109459173766
645,-576460728300,0.9940798771266006,3.238011293673533,0.030225592683211563,-0.040743132416953765
646,-576460728282,0.9946212361707855,3.2372806250001576,0.030430882855711563,-0.04112450605645376
647,-576460728265,0.9951705082334,3.2365357737901688,0.03061630387556156,-0.04165973512040376
648,-576460728253,0.9867794377994034,3.2409482628684034,0.028200773699004273,-0.03947503521192181
649,-576460728244,0.9872898848236018,3.240231253382637,0.028386668704234272,-0.04001163246353181
650,-576460728228,0.9878051427937392,3.2395024951474576,0.028573089214994272,-0.04054974661885181
651,-576460728210,0.9882887520440492,3.2388140243030206,0.028746959417214273,-0.041051633544391807
652,-576460728193,0.9888077780401923,3.238072022763914,0.028900177378814274,-0.04136093258059181
653,-576460728175,0.9957306026369512,3.241597675303917,0.030787196201066503,-0.03974085892776119
654,-576460728157,0.9962864290577065,3.240879196782982,0.030940431180266504,-0.04005019231716119
655,-576460728141,0.9968129032162626,3.2401942784394366,0.031034160762766504,-0.04057586342686119
656,-576460728123,0.9973726297578633,3.2394586126826472,0.031133500880016506,-0.04113300054707119
657,-576460728104,0.9884316746737555,3.2436987572612677,0.028497050527373086,-0.03922045647567464
658,-576460728089,0.9888924499692591,3.2430615502814693,0.028586112939373087,-0.03971995231999464
659,-576460728071,0.9894058755602944,3.2423469805060283,0.028866535304933088,-0.04024085733039464
660,-576460728053,0.989927956632554,3.2416180051473504,0.029148918885493088,-0.04076540544079464
661,-576460728031,0.9904550023194122,3.2408797541313623,0.02943123970717309,-0.04128983697199464
662,-576460728022,0.9969012101812054,3.2451513683081465,0.03117599047922877,-0.03936303548666292
663,-576460728015,0.9974965433654426,3.244398010413202,0.03147417360782877,-0.03991693241066292
664,-576460727999,0.9980311097895816,3.243715044852123,0.03152717278452877,-0.040573999949862924
665,-576460727980,0.998599168010307,3.242978357774731,0.03158339501074877,-0.041271025868582924
666,-576460727961,0.9991682383435487,3.2422291228367506,0.03163961723696877,-0.041968051787302924
667,-576460727951,0.991258436187385,3.246343039014837,0.029363099328370095,-0.039927590437434796
668,-576460727945,0.9917879486285603,3.2456174198530645,0.029419365278130095,-0.040625158427194795
669,-576460727927,0.9922886507084119,3.2449214769525074,0.029452131471030096,-0.041202343107994796
670,-576460727910,0.9928193075415505,3.2441740450869285,0.029486818175060096,-0.0418133580725548
671,-576460727893,0.9933195924599129,3.2434601375615126,0.029519482274590097,-0.04238874435311479
672,-576460727874,0.9975953034357962,3.245168171966607,0.030566691902182887,-0.04188247641753751
673,-576460727856,0.9981452845311165,3.2444099058761675,0.030515171194262888,-0.04233188280497751
674,-576460727839,0.998663537628748,3.2436867860048864,0.03046654294723289,-0.042756058747187506
675,-576460727822,0.9991881123230203,3.242946308370868,0.030417242367552888,-0.04318609933294751
676,-576460727805,0.992341452386602,3.24600376143428,0.028241158485265486,-0.04172817216797045
677,-576460727787,0.9928227992329224,3.245289415545219,0.028314692333725487,-0.04220390268353045
678,-576460727769,0.9933377347642007,3.244518341540358,0.028393146582455488,-0.04271146594831045
679,-576460727752,0.9938476606316248,3.2437478164659117,0.028470624527005488,-0.04321271296961045
680,-576460727733,0.9951311481307652,3.2434156617735432,0.02883260541331433,-0.04354246598443879
681,-576460727714,0.9956557164790066,3.2426207858963427,0.02898699758931433,-0.044071298380438786
682,-576460727697,0.9961453553082706,3.241874047086393,0.02913037086931433,-0.04456238826043878
683,-576460727680,0.9966722224736307,3.241065444225149,0.029283861112514332,-0.04508813130763878
684,-576460727661,0.9873101311833237,3.245317344276709,0.026410493568264536,-0.043037729794655255
685,-576460727643,0.9877852504720124,3.244538428394905,0.026380538508264537,-0.043508479294655254
686,-576460727625,0.988259909621364,3.243750907084297,0.026350578455754538,-0.043979307252905254
687,-576460727608,0.9887385828419706,3.2429472191932023,0.02632033050183454,-0.04445465963690525
688,-576460727589,0.9925127828167135,3.244309396656218,0.027257800896830428,-0.04394659313970772
689,-576460727571,0.9929953683494642,3.243527889353782,0.027302462839830427,-0.044409235287207714
690,-576460727553,0.9934879600764023,3.2427230746039903,0.027347975606730426,-0.044880690911457716
691,-576460727535,0.9939807148189954,3.2419108493676454,0.027393427780830426,-0.045351518869707716
692,-576460727516,0.994474796556964,3.241093540206298,0.027449699976810425,-0.045369888761247715
693,-576460727505,0.9842253168764371,3.246301445958103,0.02450350154817736,-0.04277335616566682
694,-576460727500,0.9846668367286955,3.2455314459666744,0.02455971128195736,-0.04279170566660682
695,-576460727482,0.9851087774625376,3.2447621431619584,0.024615846061097364,-0.042810030698826815
696,-576460727463,0.985577535763381,3.2439477119652764,0.024675247613297365,-0.04282942215942682
697,-576460727445,0.9860211497546737,3.2431757510467873,0.024763512142937365,-0.04320210781818682
698,-576460727426,0.9938602497557859,3.2472948762674245,0.026851481777088754,-0.041355560112534995
699,-576460727409,0.9943444540189114,3.246546986733484,0.026940026652108755,-0.041729429493715
700,-576460727391,0.994803777558696,3.24583359222484,0.027094858329318756,-0.042194399533285
701,-576460727374,0.9952654881449837,3.245112676693772,0.027249608041638756,-0.042659123426725
702,-576460727356,0.9857835595643235,3.2494244255643623,0.024546937429016952,-0.04061301395000632
703,-576460727340,0.986202222896,3.2487299701583794,0.024701778213436953,-0.04107801133914632
704,-576460727322,0.9866225158471422,3.2480285643487528,0.024805607515076954,-0.04154237968817632
705,-576460727304,0.9870703313426954,3.247275824430979,0.024915759892156955,-0.04203502749258632
706,-576460727288,0.9874945076849583,3.2465577444487574,0.025019650345396955,-0.042499669337316325
707,-576460727275,0.9874491406510306,3.246527815709316,0.025007371791087668,-0.04251325157413858
708,-576460727268,0.987926138210988,3.245713836332913,0.025123743285887668,-0.04303371389123858
709,-576460727251,0.9883531416117795,3.244980954424201,0.025227462514647667,-0.043385943995898575
710,-576460727234,0.9888083279431535,3.2441964681293842,0.025337559855287666,-0.043759834144138574
711,-576460727215,0.9892654455717464,3.2434053385837456,0.025447644965607665,-0.044133682758258574
712,-576460727199,0.9864011202253314,3.2443240900707817,0.024604505530504434,-0.043650748215914054
713,-576460727181,0.9868263683739291,3.243569527845015,0.024751129172104435,-0.04392611178487405
714,-576460727163,0.9872924210376562,3.242742264011541,0.024910830839304437,-0.04422603627569405
715,-576460727145,0.9877418936511054,3.2419441407971354,0.025063887133704436,-0.04451348055833405
716,-576460727127,0.988733482489719,3.241556870615487,0.02536138531415475,-0.04461602999862329
717,-576460727111,0.9891721119966325,3.2407880785938694,0.02560056506501475,-0.04470568739622329
718,-576460727092,0.9896301066115546,3.239991313049859,0.02584794256497475,-0.044798417749823294
719,-576460727075,0.9900975943870677,3.239184142661729,0.02609802949048475,-0.0448921637414233
720,-576460727055,0.9819267015507034,3.242702906393845,0.023873796201044895,-0.042802820147412046
721,-576460727038,0.9823322656434555,3.2419737677431963,0.023926792254634895,-0.04313490754997205
722,-576460727021,0.9827639574917205,3.241193255793492,0.023983073819944894,-0.04348758284501205
723,-576460727003,0.9831728421224607,3.2404498243683326,0.024036260383244894,-0.043820864032212054
724,-576460726987,0.983582579184082,3.239703843376318,0.024261854972604895,-0.04411229940441205
725,-576460726968,0.9838447346581581,3.238784473076145,0.02445387326990542,-0.044477046917752096
726,-576460726950,0.9842878979185536,3.2379795808808227,0.02469365477662542,-0.0447868097221521
727,-576460726933,0.9847067207389485,3.2372209521234647,0.02491814579134542,-0.0450768194365521
728,-576460726916,0.985158483653329,3.2364059634713978,0.02523315465054542,-0.045397054016712096
729,-576460726897,0.9786406315315812,3.2390581854338487,0.023557246836832062,-0.043972669622847835
730,-576460726878,0.9790678764903973,3.238263089144825,0.023872255696032064,-0.044292904203007834
731,-576460726860,0.9795033847862207,3.237457449802003,0.024189135444882062,-0.04461504070923784
732,-576460726843,0.9799403385770774,3.236650437074521,0.02432086076458206,-0.04497837893898784
733,-576460726824,0.9863288107975542,3.239801239273216,0.026064973381022986,-0.04353396472363997
734,-576460726806,0.9867991648591726,3.23901436058689,0.026196589021022985,-0.04389700042363997
735,-576460726789,0.9872720459716706,3.238220681697385,0.026328248532902984,-0.04426015713553997
736,-576460726770,0.9877483209512721,3.237418919132304,0.026567684341542983,-0.04478499669393997
737,-576460726753,0.9770242683134089,3.2422620292435242,0.023589215880071485,-0.04246968454353989
738,-576460726736,0.9774481450075604,3.24149805555999,0.023826936494391486,-0.042990764422739886
739,-576460726718,0.9778834678353923,3.240711754145062,0.024068632636631487,-0.04352055859713989
740,-576460726701,0.9783148330777446,3.2399296304955536,0.024241955598591488,-0.04407308565287989
741,-576460726682,0.9787516130168115,3.239133400245059,0.024416200594451487,-0.04462855201146989
742,-576460726669,0.9781547846180525,3.2387368270184553,0.024254309418726996,-0.04480970059025312
743,-576460726664,0.9785964768065939,3.23791866163765,0.024430417893626995,-0.04537110743460312
744,-576460726646,0.9790381475276637,3.237097657935678,0.024540723149706994,-0.045659350706243114
745,-576460726627,0.9794764341560588,3.2362814710973473,0.024649695300906993,-0.04594411038584311
746,-576460726610,0.9799215154844687,3.235451148676054,0.024759866023466994,-0.04623200210232311
747,-576460726591,0.9686022143459719,3.240507637825478,0.021497742560022983,-0.04356392416696792
748,-576460726573,0.968990443883254,3.239719470618014,0.021650858416022982,-0.04403454290321792
749,-576460726552,0.9693843723544278,3.238916826191253,0.02180512296002298,-0.04450869226071792
750,-576460726538,0.9697809439262803,3.2381059003158907,0.02195932794242298,-0.04498265854896792
751,-576460726518,0.9762490389141733,3.2413288019154853,0.02376203263338975,-0.043609712125650846
752,-576460726499,0.9766540441716433,3.2405850801855807,0.02386603315950975,-0.04385094876750085
753,-576460726484,0.9770848871619708,3.2397929800408303,0.023976173306269753,-0.04410642669755085
754,-576460726466,0.9775192313363648,3.2389934836549408,0.02408669870810975,-0.044362798254250844
755,-576460726447,0.9753009786749071,3.239517439070913,0.02343672306632238,-0.043953454718314064
756,-576460726430,0.9757250453545901,3.2387247286303,0.02369750830892238,-0.04415485256331406
757,-576460726412,0.9761538764788745,3.237928261168063,0.02395833703022238,-0.044356283985814066
758,-576460726393,0.9765969209890033,3.2371106564980243,0.02422486146122238,-0.04456211406081407
759,-576460726376,0.9770250336152414,3.2363251550910763,0.02447964664322238,-0.04480095840201407
760,-576460726363,0.9818545528421371,3.239542145244061,0.02579151789074412,-0.043327301227678
761,-576460726358,0.9823211580226752,3.2387585714164704,0.02595575731588412,-0.043572313676438
762,-576460726339,0.9828158567479777,3.2379284204800407,0.02612875787704412,-0.043830395991878
763,-576460726320,0.9832868083964423,3.237138682788839,0.026292396226324122,-0.044074511755398
764,-576460726303,0.9837341815307538,3.2363862329310447,0.026314980809364123,-0.044407362397318
765,-576460726284,0.9724335289327265,3.2414874381489174,0.02295880526374144,-0.04179245754745775
766,-576460726267,0.9728236527989725,3.2407748124708515,0.022981357977661442,-0.04212483850361775
767,-576460726250,0.9732380384751678,3.2400124604979084,0.023005289031021444,-0.04247753336889775
768,-576460726232,0.9736548029999276,3.2392455755287024,0.023319895736371443,-0.042765057550437746
769,-576460726214,0.9759571919206428,3.2397338273319773,0.024145556032117595,-0.04247443704126117
770,-576460726195,0.9763941797488594,3.238967511217379,0.024459952918067594,-0.04276176946544117
771,-576460726178,0.9768371180409389,3.2381955119880876,0.024774559623417593,-0.043049293646981165
772,-576460726160,0.9772866484129905,3.2374155894233083,0.025079091485777593,-0.043445390258901165
773,-576460726142,0.968827146453334,3.2411122814127666,0.022819909870201768,-0.04158848347123805
774,-576460726126,0.9692175250261574,3.2404021034130954,0.02310698105020177,-0.04196186943123805
775,-576460726107,0.9696361628936108,3.239643273971981,0.023410921883661766,-0.04235719730735805
776,-576460726089,0.9700596888949432,3.2388728272486356,0.023553593677701767,-0.04307712552983805
777,-576460726071,0.9704939164091344,3.2380743711623827,0.02369897873551177,-0.043810745002058046
778,-576460726059,0.973622399680513,3.2401729288704573,0.02454968743672077,-0.042847274785192416
779,-576460726054,0.974055798096307,3.239412460416762,0.02468894194228077,-0.043549959217912416
780,-576460726035,0.9745015227257624,3.2386261202974245,0.02486354604608077,-0.04386973164781242
781,-576460726016,0.9749510645166368,3.237832834348984,0.02503841220162077,-0.044189984002982415
782,-576460725998,0.9754279408680173,3.236991084923524,0.025222586046740773,-0.04452728259274241
783,-576460725979,0.9675939869010279,3.240339652981953,0.023022856149320387,-0.042759863996526586
784,-576460725963,0.9680143551338344,3.2395582605537547,0.023199391671500386,-0.04315936500984659
786,-576460725927,0.9688498413951785,3.238001453427081,0.023546328764020387,-0.04394448586432659
787,-576460725909,0.9730903174181801,3.239834178583144,0.02475584680523928,-0.04313110399406908
788,-576460725892,0.9735373590029073,3.239056060528923,0.02504825131499928,-0.04355762753678908
789,-576460725874,0.9739908155207945,3.2382682622279764,0.02534140507873928,-0.04398524399856908
790,-576460725857,0.9744242548442397,3.2375165916065307,0.02561848245816928,-0.04438941021877908
791,-576460725838,0.9748876375323472,3.2367144055002126,0.025911424476219278,-0.044816717812129085
792,-576460725826,0.9685825419503934,3.2398603625151265,0.02410531996589031,-0.04323495087070705
793,-576460725821,0.9690164312515038,3.2390774548296632,0.024053767787080307,-0.04366306627379705
794,-576460725802,0.9694483835383253,3.2382886847414265,0.024002335769850308,-0.044090183794267046
795,-576460725783,0.96985636913852,3.237535051011526,0.023953656025000308,-0.04449444505091705
796,-576460725767,0.9702879558444852,3.2367286398904924,0.02390205234837031,-0.04492298811798705
797,-576460725756,0.9752557713445645,3.240061517682897,0.025254226099712684,-0.043390952215353065
798,-576460725750,0.9757122614745651,3.2392765439299205,0.025461264401412685,-0.04381866371357306
799,-576460725732,0.9761720166804875,3.238484666945458,0.025668095687812684,-0.04424594754781306
800,-576460725714,0.9766405114925204,3.2376764386345336,0.025877158139112684,-0.04467784064939306
801,-576460725696,0.9771020767970253,3.2368779376748926,0.025975372839362684,-0.045026249632113054
802,-576460725677,0.9698261353101154,3.239957047119041,0.023855732282450602,-0.04342142780880565
803,-576460725659,0.970256695710405,3.2391718095278055,0.0239550944667006,-0.043773907401445655
804,-576460725639,0.970711948065653,3.2383382062379145,0.024059708596950603,-0.04414501786256565
805,-576460725623,0.971122123327335,3.237584925967986,0.024224607080750603,-0.04452835116966565
806,-576460725604,0.9765472925227067,3.2400688657897336,0.025760634618121878,-0.04342400576400152
807,-576460725587,0.9770108704799504,3.239286427505593,0.025934704912821877,-0.043828660435151524
808,-576460725569,0.977479293588232,3.2384938122919875,0.026109415778441877,-0.044234804217441526
809,-576460725552,0.9779242894329861,3.2377397977997577,0.026304700211441878,-0.044577267894441525
810,-576460725533,0.9707626911874941,3.2407652682994113,0.024323305286032312,-0.04301379289113873
811,-576460725516,0.9712079670323664,3.2399778622649285,0.024532942779832312,-0.04338142704333873
812,-576460725498,0.9716207049825668,3.239248044323859,0.02472567402413231,-0.04371941328003873
813,-576460725481,0.9720691778108035,3.2384595542825814,0.02511571608885231,-0.043910064523678724
814,-576460725462,0.9784466807098586,3.241636061879769,0.027119019061040018,-0.042275350418061665
815,-576460725446,0.9789106160017879,3.2409161897199175,0.027487300610480016,-0.04245536519534167
816,-576460725428,0.9794098464167427,3.2401488269316983,0.027878166280360016,-0.042646419014401665
817,-576460725410,0.9799130811899243,3.2393744614829227,0.027934485322990015,-0.043236733957981666
818,-576460725392,0.9804150923100463,3.2385929569439287,0.027990554516820015,-0.043824430080761666
819,-576460725380,0.9723298883620609,3.242646864911879,0.02567273060087634,-0.04178465032700541
820,-576460725372,0.9727925549145962,3.241889353346038,0.02572895282709634,-0.04237395047752541
821,-576460725356,0.973256278951724,3.2411227732616226,0.025795940187096338,-0.04280161445752541
822,-576460725337,0.9737215967056635,3.2403478467837177,0.02586298336989634,-0.043229634824175404
823,-576460725320,0.9741877073625927,3.2395659080383497,0.02592996700837634,-0.043657275045065405
824,-576460725307,0.9787030565235979,3.242582845464829,0.027160459916462154,-0.04226889666198995
825,-576460725302,0.9791921937318342,3.2418187114023738,0.027227398896702153,-0.04269625177355995
826,-576460725283,0.9796831998693304,3.241046579200799,0.027380412647102153,-0.04317731788383995
827,-576460725264,0.9801809500893763,3.2402594652404626,0.027534660173502153,-0.04366226291231995
828,-576460725248,0.9806749621633167,3.2394739781927573,0.027686899623102154,-0.04414089466703995
829,-576460725228,0.9718342107428377,3.243361055050277,0.025161629996246524,-0.04226844295146767
830,-576460725212,0.9722664371990694,3.24263332142768,0.025338014381786525,-0.04275710005548767
831,-576460725194,0.9727203367817474,3.2418656026972545,0.025521931013256526,-0.04326662457059767
832,-576460725175,0.9731816835749085,3.2410816973530214,0.025707516897586526,-0.04378077360088767
833,-576460725157,0.9753239566800466,3.241414786601024,0.026350416469422416,-0.04377631710634995
834,-576460725141,0.9757519824708735,3.2407021228155313,0.026401098298502415,-0.04405505897114995
835,-576460725123,0.9762482135405414,3.2398719617022302,0.026459734688752415,-0.044377549636149954
836,-576460725105,0.9767269038653021,3.2390671657106105,0.026516175532672416,-0.044687965151349957
837,-576460725088,0.9771494637161724,3.2383535116702586,0.026565898566982417,-0.044961433799949956
838,-576460725076,0.9673760179640848,3.2432473493910647,0.023762269566343502,-0.042496917254275166
839,-576460725070,0.9678278176995067,3.2424350443231083,0.0237306070679235,-0.04289203133783517
840,-576460725051,0.9682540591129786,3.241660791665375,0.0237006969405135,-0.043265277707215166
841,-576460725035,0.9686595238207303,3.24091713399811,0.0236722096784535,-0.04362076824029516
842,-576460725017,0.969067338118238,3.2401621137433243,0.0236435227159935,-0.04397875082057516
843,-576460725005,0.9730982272787754,3.2428702531372426,0.024742628588565487,-0.04273125162291981
844,-576460724998,0.9735650410935858,3.242064364046451,0.024857734245245486,-0.04289687256469981
845,-576460724983,0.9739605280019623,3.241382095323097,0.024954836870885486,-0.04303658966263981
846,-576460724964,0.9744097783240833,3.2406076095016854,0.025064683489965486,-0.04319464358481981
847,-576460724948,0.9748645095079472,3.239826480242361,0.025444167322425486,-0.04356857526717981
848,-576460724928,0.9699154633813047,3.241724377204006,0.024286168168535616,-0.04258837405455024
849,-576460724910,0.9703531922286814,3.240959362720812,0.024663101876385617,-0.04295979292265024
850,-576460724893,0.9707789134604334,3.240220154663623,0.025024250102145616,-0.04331565726281024
851,-576460724876,0.9712027260884212,3.2394892739358836,0.025348677691005617,-0.04355434068566024
852,-576460724855,0.9735937368265537,3.239976181872632,0.026227696197794175,-0.043220611343950784
853,-576460724839,0.9740843221672689,3.23917078151251,0.026585883381834173,-0.04348413191385078
854,-576460724822,0.9745390950844262,3.2384294578772232,0.026913665722014174,-0.043725283448400785
855,-576460724804,0.9750254313258092,3.2376378309740312,0.027120692522864174,-0.04422837503638079
856,-576460724787,0.9754903029877622,3.236878378452326,0.027317115540014175,-0.044705698586800784
857,-576460724775,0.9668274677626123,3.241214339017558,0.024830586015470744,-0.042521391061218904
858,-576460724769,0.9672772829618441,3.2404427054051497,0.025038061349470744,-0.0430255726204189
859,-576460724751,0.967702573228349,3.2397107121531215,0.025232655731470745,-0.0434984524420189
860,-576460724733,0.9681570681662374,3.2389261045047024,0.025396166579810746,-0.0439035357966789
861,-576460724717,0.9685905278069312,3.2381757755488505,0.025551134865170747,-0.044287455723318894
862,-576460724698,0.9734391001286317,3.240340952709347,0.026911398940419815,-0.04332733946952366
863,-576460724681,0.9738978287038402,3.2396012588200542,0.027066194188789815,-0.043710830712653664
864,-576460724665,0.9743866622004369,3.2388107559615382,0.027251656424759817,-0.044127700151953664
865,-576460724647,0.9748797392623451,3.2380112798865768,0.027437458693719816,-0.04454533389435366
866,-576460724630,0.966102624323306,3.241892043917863,0.02495780269393387,-0.04260159298391438
867,-576460724611,0.9665536597411617,3.2411212481180356,0.02514332675408387,-0.04301860138741438
868,-576460724593,0.9670079551388957,3.2403409220295214,0.02533954886920387,-0.04369393206233438
869,-576460724576,0.9674658842854287,3.2395482638621687,0.02553581459408387,-0.04436941282741438
870,-576460724554,0.9710527232225075,3.2408511476780464,0.026584424585410698,-0.04407460197816551
871,-576460724539,0.9715322699972442,3.2400531513772863,0.026683753669160697,-0.04456703098601551
872,-576460724521,0.9720133373615821,3.2392467394854725,0.026783027585410697,-0.04505918649816551
873,-576460724502,0.9724966750423638,3.2384306513266305,0.0268824008031607,-0.04555183430257551
874,-576460724485,0.9729886832646555,3.2375939468707475,0.026983180792160697,-0.04605145624733551
875,-576460724473,0.9669363320598692,3.2406186659669554,0.025244914340573056,-0.04452783932031744
876,-576460724466,0.9673905363122413,3.2398169449572913,0.025461672583473056,-0.04497492480626744
877,-576460724449,0.967845747880169,3.2390123015197756,0.025677075709253056,-0.04541921522805744
878,-576460724431,0.9683091961661812,3.2381919512233073,0.025894535709233057,-0.04586774815794744
879,-576460724413,0.9687770489908754,3.237362659430645,0.026112225595153058,-0.04631675525050744
880,-576460724394,0.9748539085888522,3.2403131939053513,0.027729265591434626,-0.045247926683174386
881,-576460724377,0.975353832140578,3.239492652573574,0.027817795711434626,-0.04592333240317439
882,-576460724360,0.9758301239255853,3.23870206386609,0.027901879652074624,-0.04656481774701439
883,-576460724342,0.9763312791839872,3.237860983505917,0.027990080243294625,-0.04723770945683439
884,-576460724324,0.9747251540354168,3.238071551528998,0.027665193684332578,-0.047140072471981674
885,-576460724307,0.9752045453478596,3.237255046697584,0.02793574721601258,-0.04756009354686167
886,-576460724289,0.9757033843410048,3.2364061540986975,0.02821452216097258,-0.047992877962221674
887,-576460724270,0.9762428339992653,3.2354889722229125,0.028512924945652583,-0.04845613363510167
888,-576460724252,0.9829198261495127,3.2387382060278243,0.030400484947848812,-0.047211479531194964
889,-576460724234,0.9834688061938249,3.237882658225487,0.030607465745298813,-0.04786523351403496
890,-576460724215,0.9839907025754312,3.237063845637357,0.03080294569274881,-0.04848266177687496
891,-576460724199,0.984548031534699,3.2361859916424827,0.031064064272048813,-0.04896463742659496
892,-576460724180,0.977644483363918,3.2390727169946167,0.029179403275902092,-0.047547430854363255
893,-576460724163,0.9781711478311083,3.238214018435968,0.029439826196002092,-0.04802812244840326
894,-576460724143,0.9787035313553458,3.2373449845051896,0.029700756367602093,-0.04850975033304326
895,-576460724129,0.97920934181108,3.2365162384735386,0.029753896084252093,-0.048903829643543256
896,-576460724111,0.9797155795269199,3.235681575945998,0.029806985831142094,-0.04929753838284326
897,-576460724097,0.985639687103229,3.239626835094983,0.031423383264898345,-0.04748314460366081
898,-576460724092,0.9862086156425192,3.238764123263678,0.03147987720168834,-0.047902098505960805
899,-576460724076,0.9867409454323453,3.2379514635090363,0.031532645268248345,-0.0482934216931608
900,-576460724057,0.987317878386266,3.237065645644743,0.031720611383508346,-0.0488250811347608
901,-576460724040,0.9878837228818952,3.236192583549027,0.03190388916511835,-0.049343479692360796
902,-576460724021,0.9790190849441903,3.2401050488634295,0.02937534768360124,-0.047450338924661314
903,-576460724005,0.9795237964413208,3.2392879484777684,0.02955185571750124,-0.047949589348661316
904,-576460723987,0.9800231230321079,3.238477049779447,0.02971539541450124,-0.04829951430966132
905,-576460723969,0.9805788834875513,3.237572846959322,0.029896366405021243,-0.048686736910421316
906,-576460723950,0.9829921146526976,3.23792004458568,0.030582882868867928,-0.04849561817261233
907,-576460723934,0.9835147482913028,3.237090517725074,0.03074829575052793,-0.04884955117619233
908,-576460723916,0.984068957090395,3.2362076232138612,0.03084756966677793,-0.04927709636064233
909,-576460723895,0.9846549733572406,3.235268810347282,0.03095219483052793,-0.049727687881792326
910,-576460723879,0.9764304723648594,3.238808705788626,0.028526827620448197,-0.04792170944182071
911,-576460723862,0.9769230374667714,3.2379791013676082,0.028621925356948196,-0.04833126898000071
912,-576460723844,0.9774327442549504,3.237118664457324,0.028826007940198198,-0.04864668653245071
913,-576460723826,0.9779538239326809,3.2362395569472,0.029033161250398197,-0.04896685001257071
914,-576460723809,0.9844311069565521,3.2393963807267374,0.030861577859172536,-0.04743281931271218
915,-576460723790,0.9849880354072634,3.2385377331203995,0.030960973143922536,-0.04788245030352217
916,-576460723773,0.9855460713360498,3.2376720478122496,0.031060247060172536,-0.04833153226387217
917,-576460723755,0.9861062364540235,3.236797744685957,0.031159581660672536,-0.04878088873945217
918,-576460723734,0.9780651891946017,3.240226580773459,0.028781835449597712,-0.047060209655008435
919,-576460723719,0.9785552736900217,3.239425353694083,0.02896688256371771,-0.047351748086808435
920,-576460723700,0.9791085167492876,3.2385210920746728,0.02917436689935771,-0.047678635961408436
921,-576460723683,0.9796053517592954,3.2377092245349974,0.02935944672079771,-0.04797022592300844
922,-576460723665,0.9801059786665745,3.236891345200028,0.029544766395917712,-0.04826219376980844
923,-576460723646,0.9798161710884844,3.235394734797252,0.029587427926783677,-0.04896705940184279
924,-576460723626,0.9803845019625305,3.234454300551866,0.029864517681883678,-0.04940986882514279
925,-576460723611,0.9808887528274637,3.233620149531158,0.030108230288283678,-0.04979933915634279
926,-576460723594,0.9814025048390178,3.2327705152023594,0.030354522630883677,-0.05019293209214279
927,-576460723576,0.9717864908522946,3.236987482045616,0.027616934113537286,-0.04769680094369909
928,-576460723558,0.9722852649191983,3.2361281928102494,0.027802406653537285,-0.04777978076369909
929,-576460723540,0.9727940109085744,3.2352560663343954,0.027990321248647285,-0.04786385315132909
930,-576460723522,0.9732969419893391,3.234398133302004,0.028174856121917287,-0.047946413462239094
931,-576460723503,0.9773360183852398,3.23591436137893,0.029281070837732934,-0.047000458008412724
932,-576460723485,0.9778640943326986,3.2350674489941413,0.029423386664222933,-0.04714799230436272
933,-576460723467,0.9783970072667341,3.234214240539976,0.02956631159074293,-0.047296158034962725
934,-576460723450,0.9789292564067793,3.233360916240404,0.029740517764122933,-0.04778705546689273
935,-576460723431,0.9713213299198153,3.236579762912993,0.027572789940426678,-0.046223035911557825
936,-576460723414,0.9718161880303092,3.2357484094445454,0.027746433187846677,-0.04671234706842783
937,-576460723396,0.9723220545624307,3.2348949425457127,0.02792282312572668,-0.04720939815360783
938,-576460723378,0.9728218309937503,3.234048613397587,0.028127917783776678,-0.04770779448094783
939,-576460723360,0.9741433732376348,3.233730596341755,0.028557077894285354,-0.04795985583964748
940,-576460723342,0.9746578831142075,3.2328651175518206,0.028763541153485353,-0.04846157797660748
941,-576460723325,0.9751782722018866,3.231986959519971,0.028970866976435354,-0.04896539621206748
942,-576460723306,0.9757010875171662,3.2311002771306705,0.029113269817215355,-0.04954392378576748
943,-576460723288,0.9762284557724152,3.2301997716869955,0.029256210564515356,-0.05012463666526748
944,-576460723269,0.9689188597688033,3.233201786571926,0.027143701969182598,-0.048740378962741644
945,-576460723252,0.9693807638016415,3.232369788512327,0.027277980839432597,-0.049285901991491646
946,-576460723232,0.9698724695294101,3.2314784632257947,0.027377243722182597,-0.04978876999563164
947,-576460723217,0.9703399709874936,3.2306256532192648,0.027471287759432597,-0.05026519921069164
948,-576460723199,0.9726833590534671,3.2309645662747735,0.02807547170197456,-0.05019322406933887
949,-576460723181,0.9731613547350312,3.230107394987378,0.02816923990172456,-0.05066825588539887
950,-576460723164,0.9736686002966051,3.2291914310910927,0.02820390541656456,-0.05112813178803887
951,-576460723147,0.974148655640884,3.228317993058909,0.02823667353575456,-0.05156283666577887
952,-576460723130,0.9630835806072362,3.233203514399756,0.024948357815413953,-0.04909264726494195
953,-576460723112,0.963532666386439,3.2323165876474333,0.024972249032373953,-0.049498587986621954
954,-576460723094,0.9639821570202777,3.2314224071141635,0.024996138921453952,-0.049904506146011954
955,-576460723075,0.9644324777777417,3.230520118737611,0.02502005005661395,-0.05031078530204195
956,-576460723057,0.9702116590729151,3.2332103868229063,0.026499672100266894,-0.0490587338982754
957,-576460723040,0.9706910333749521,3.232323119966042,0.026696166776386893,-0.0494006631903654
958,-576460723022,0.9711728465105808,3.2314317299478925,0.02689221445246689,-0.0497418146374254
959,-576460723005,0.9716582662403561,3.230534055095438,0.027088294835866892,-0.0500830229999754
960,-576460722985,0.9721478673039721,3.2296290334235667,0.027284636877826892,-0.0504246866864454
961,-576460722973,0.9676077068705783,3.231889723432839,0.02597834917902183,-0.04928515858368615
962,-576460722968,0.9680792918651815,3.2309960498074317,0.02624011993882183,-0.049671061702826154
963,-576460722950,0.9685528223446169,3.2301006618634154,0.02650036894412183,-0.050054721447616156
964,-576460722932,0.9690314810480399,3.2291975270857947,0.02676086432872183,-0.050438744405396155
965,-576460722914,0.9695158216957356,3.2282856094225134,0.02702189595062183,-0.050823557885566154
966,-576460722901,0.9732128605217022,3.230768151273108,0.028032381204546323,-0.04967961728637699
967,-576460722895,0.9737474618454449,3.2298209485425993,0.028262182449726322,-0.050062680455826986
968,-576460722877,0.9742574576938855,3.2289177631844734,0.028479678747486324,-0.05042523210822698
969,-576460722860,0.9747437908575164,3.228056858344952,0.028685547656386323,-0.050768401687976986
970,-576460722841,0.9752622642156752,3.2271394530042814,0.028903406931946322,-0.051131558399876986
971,-576460722829,0.9673284258989088,3.231094316531966,0.02661945945760161,-0.04913653036231664
972,-576460722822,0.967834817262631,3.230156696749201,0.02672420047310161,-0.04963306647381664
973,-576460722805,0.9683174439975628,3.2292577620991176,0.02682364540860161,-0.05010449594531664
974,-576460722789,0.9687736509577556,3.2284033186693826,0.02691730879010161,-0.05054851733481664
975,-576460722770,0.9692619482099132,3.2274878122006374,0.02723264986335161,-0.05097701288366664
976,-576460722758,0.9741383340988669,3.2307593309189713,0.028566061104265343,-0.0494683537890055
977,-576460722752,0.9746546626267144,3.229866249072533,0.028880370565465344,-0.0498954475503655
978,-576460722736,0.9751186658689923,3.2290654337757365,0.029159937431015345,-0.050275331960155496
979,-576460722717,0.9756538054757985,3.2281438509152576,0.029479072738415345,-0.0507089832358755
980,-576460722700,0.9761800989604832,3.2272394643964635,0.029704900799365344,-0.050993183623175495
981,-576460722681,0.9649866748355235,3.2322094742719085,0.026554569258397845,-0.048308772212771724
982,-576460722664,0.9654688300113958,3.2313334884816016,0.026784130434327844,-0.04859767065539172
983,-576460722646,0.9659516237511538,3.2304586348153044,0.027012040913157846,-0.048884491726611724
984,-576460722628,0.966439476678914,3.2295765758180495,0.027251117727637844,-0.049225624201841726
985,-576460722608,0.9745364214619586,3.2338068741265618,0.029571509602793228,-0.0472039933387195
986,-576460722590,0.9750928666197975,3.2329190350746844,0.029820651549833228,-0.0475594874892595
987,-576460722574,0.9756018291198193,3.232107638711821,0.030046724798073226,-0.047882065514749494
988,-576460722557,0.9761436645309972,3.2312426436832236,0.030113760537833226,-0.04815913013255949
989,-576460722539,0.9720183019788151,3.2327477159060076,0.028840599114716946,-0.04724645596282851
990,-576460722520,0.9725484426214054,3.2318776785246,0.028908926221916948,-0.04752885791602851
991,-576460722503,0.9730701885306631,3.2310183765400553,0.02897601406295695,-0.04780613787301851
992,-576460722484,0.9736113069490534,3.2301245758764874,0.029189998878056952,-0.04827046790659851
993,-576460722467,0.9741108150234334,3.229297693542915,0.02938614587480695,-0.04869609129274851
994,-576460722449,0.9804322343834401,3.2323237969558427,0.031176667759903676,-0.04734308694807638
995,-576460722432,0.9809635925422959,3.231514994254406,0.031321351395103676,-0.04778778830907638
996,-576460722413,0.9815294162595897,3.230649563884282,0.03147468847990367,-0.04825908701682638
997,-576460722396,0.9820976237287945,3.2297762250028916,0.031627923459103674,-0.04873007189157638
998,-576460722377,0.976970764297491,3.2317492295497114,0.030137786916463075,-0.04776226429399257
999,-576460722359,0.9775147492098645,3.2308863826628507,0.030355392107563075,-0.048189571887342575
1000,-576460722343,0.9780018619930412,3.2301125026252535,0.030548931870523075,-0.04856962261090257
1001,-576460722325,0.9785546873880191,3.2292328325171016,0.030767105726843075,-0.04899804688242257
1002,-576460722305,0.9859215841934426,3.232835940915264,0.03285189933821178,-0.04735738758642566
1003,-576460722288,0.9865146184805457,3.23198062682085,0.03304812145333178,-0.04768807239958566
1004,-576460722270,0.9871117162841694,3.231118592758701,0.03324451800749178,-0.04801905118746566
1005,-576460722252,0.9877113487527889,3.2302520469372986,0.03344058748845178,-0.04834947877274566
1006,-576460722234,0.9883150118860351,3.2293788285055403,0.03363682050601178,-0.04868018195932566
1007,-576460722216,0.9889232717326649,3.228497350391145,0.03369324885749178,-0.04889322012120566
1008,-576460722197,0.9895615432517136,3.227569836477231,0.03375235996046178,-0.04911638667477566
1009,-576460722180,0.9901687802698989,3.2266850152732225,0.033808500985821784,-0.049328340072935656
1010,-576460722160,0.9907778730961821,3.2257951454839073,0.033864720088931786,-0.049540588243845655
1011,-576460722143,0.9969502270726575,3.228813906294204,0.03553824419373899,-0.048216538891548574
1012,-576460722125,0.9975549287721047,3.2279912843404626,0.03568273212653899,-0.048670800339508574
1013,-576460722107,0.9981992055873509,3.227110040653105,0.03583603517613899,-0.04915277598922858
1014,-576460722088,0.9988831031563641,3.2261690698948278,0.036032141475098985,-0.049730237701068575
1015,-576460722070,0.9912106105088295,3.2295358192985666,0.03382848194381451,-0.04814310847292339
1016,-576460722052,0.9918205461734029,3.2286652530940323,0.03401375870724451,-0.04868868114214339
1017,-576460722036,0.9924009527843662,3.227832177054684,0.03418913329784451,-0.04920509551454339
1018,-576460722018,0.9930171359925414,3.226945019963512,0.03430991713571451,-0.04941722577635339
1019,-576460721999,0.9979034629228558,3.229012818450695,0.0355993340713404,-0.048267237835076277
1020,-576460721982,0.9985445884122153,3.2281431161086025,0.0357200373463704,-0.04847922660596628
1021,-576460721964,0.9991888158872819,3.2272683364448125,0.0358409151742204,-0.04869152194051628
1022,-576460721947,0.9997631213716447,3.226486715913234,0.0360056457018304,-0.04909049239342628
1023,-576460721929,0.9896405629318361,3.231083299028716,0.03310953487793437,-0.0468118245547599
1024,-576460721911,0.9902703049873968,3.230191072096179,0.03330494050285437,-0.0472850888112799
1025,-576460721892,0.9908708938337754,3.229336709116334,0.03349023787434437,-0.047733871300469896
1026,-576460721875,0.991474831435668,3.228475150815903,0.03363258534239437,-0.0480214274415699
1027,-576460721856,0.9920818034300827,3.227607741615376,0.03377504355590437,-0.048309207299589894
1028,-576460721844,0.9951260357732096,3.2297011991097158,0.03460970503204236,-0.04734650003380198
1029,-576460721839,0.9957515082750333,3.228844706180197,0.03475236891569236,-0.04763469536610198
1030,-576460721822,0.996347034985007,3.2280276728417814,0.03488766031586236,-0.04790799754344198
1031,-576460721804,0.9969784772890713,3.2271602726760875,0.03515974154385236,-0.04831477306985198
1032,-576460721786,0.9975726717618987,3.2263435014220287,0.03541386411294236,-0.04869469947116198
1033,-576460721774,0.9897068568063709,3.230319105376605,0.033169626304013385,-0.04672349414356275
1034,-576460721768,0.9903406735580941,3.2294260605302876,0.033456753568073386,-0.04715276427310275
1035,-576460721750,0.9909442238295534,3.22857330592157,0.033652855756353385,-0.04766622819003275
1036,-576460721733,0.9914872110195386,3.2278025167729107,0.03382830872327339,-0.04812562524430275
1037,-576460721716,0.9920947905826886,3.226936057076021,0.034023560521233384,-0.04863686254281275
1038,-576460721697,0.9992464259639791,3.2305271220436436,0.03601373932126467,-0.047095524074489976
1039,-576460721680,0.999894471845209,3.2296780877596545,0.03612361040098467,-0.047414887679159974
1040,-576460721663,1.0005434410117366,3.2288246997555934,0.03623330414106467,-0.04773373580853997
1041,-576460721645,1.0011982302567042,3.2279604985800296,0.03634364608810467,-0.04805446808897997
1042,-576460721625,0.9926669123530578,3.231736986745615,0.03383398966989758,-0.04607316429746077
1043,-576460721609,0.9932459017246936,3.2309463779574337,0.03390783455331758,-0.04642815642110077
1044,-576460721590,0.9938585399029695,3.2301051071629123,0.03398579633002758,-0.04680293955292077
1045,-576460721572,0.9944658745809087,3.229266366265605,0.03406290708052758,-0.04717363157392077
1046,-576460721553,1.0007221019239372,3.2322369857942537,0.035689845965987975,-0.04579007138309353
1047,-576460721536,1.0013639541208552,3.2314102953429287,0.03567067400934797,-0.046120590835473534
1048,-576460721518,1.0020060675088263,3.230576869505645,0.035651483934787974,-0.046451422635993535
1049,-576460721501,1.0026527882388656,3.2297309838000983,0.035632145719587976,-0.04678480834189353
1050,-576460721481,1.0032937093049676,3.228886257679555,0.03561297056566798,-0.04711538291453353
1051,-576460721470,0.9962206914662269,3.232474041141539,0.03360200233854634,-0.04534461449520089
1052,-576460721464,0.9968285144805373,3.231654345952972,0.03378787673571634,-0.045535721284710895
1053,-576460721447,0.9973980803692029,3.2308872108045414,0.03396112869613634,-0.0457138503139709
1054,-576460721429,0.9979782398127994,3.230106754631098,0.034136699063306346,-0.0458943630134809
1055,-576460721412,0.9985919290069072,3.2292780271078,0.034214272046316344,-0.0464069705387109
1056,-576460721400,1.002918764425314,3.2321787250344856,0.0354030199363307,-0.04507295599420423
1057,-576460721394,1.003562608481608,3.2313552195107893,0.0354814957847107,-0.045591529714944234
1058,-576460721377,1.0041650670554374,3.230577789450767,0.0355547704373707,-0.04607573358212424
1059,-576460721358,1.0047664170723583,3.2297952192184467,0.0356277599746507,-0.04655805338756424
1060,-576460721342,1.0054092142272688,3.2289541185437707,0.0358775690103607,-0.04700673605303424
1061,-576460721324,0.9987813079781815,3.23181170456399,0.0340612251815511,-0.0456277102868175
1062,-576460721306,0.9993964550711236,3.23098663937922,0.0343112426346111,-0.046076767291237504
1063,-576460721289,0.9999864179819408,3.2301934503385294,0.034549324720761096,-0.0465043871517875
1064,-576460721271,1.0006122543657174,3.2293489257099037,0.0347570300717611,-0.0470199349551875
1065,-576460721254,1.0038937075053596,3.230353794591625,0.03569118168237271,-0.046671809140995696
1066,-576460721237,1.0045017606003985,3.229556720452423,0.03588658112387271,-0.047156812307095695
1067,-576460721219,1.0051507011053435,3.228701795511932,0.03609395295022271,-0.047671532265185695
1068,-576460721201,1.0058023160699063,3.2278410666111568,0.036343928719812714,-0.0480128544587157
1069,-576460721183,1.0064641737627873,3.2269666051432453,0.036596085924332715,-0.0483571552295557
1070,-576460721170,0.9953998633897425,3.232579484018481,0.03345564307136768,-0.0455896948343593
1071,-576460721164,0.9960330382092356,3.2317166558171553,0.033717581996847684,-0.045947351773519295
1072,-576460721147,0.9966143907202729,3.2309244342498107,0.03395630322953768,-0.046273306784749293
1073,-576460721129,0.9972213106026672,3.2300958317065707,0.03417187574495768,-0.04673927033149929
1074,-576460721112,0.9978031557753702,3.2292986174438383,0.03437727278271768,-0.04718323941549929
1075,-576460721093,1.005704146739828,3.233321880310672,0.03659510169923997,-0.04540833350275294
1076,-576460721076,1.0063653340321572,3.232499651252397,0.03681305776887997,-0.045879449141252936
1077,-576460721058,1.007030160089351,3.231668568540226,0.03705240050495997,-0.046457944578102935
1078,-576460721041,1.0076666320896042,3.2308682639226256,0.03728009587495997,-0.047008288134352934
1079,-576460721022,1.0000428074095273,3.234245131804671,0.03516521370307697,-0.04550357798710829
1080,-576460721006,1.0006329821739748,3.2334816206314643,0.03538765712147697,-0.04577091970650829
1081,-576460720989,1.0012354604015758,3.232700975705164,0.03547129349317697,-0.04604265586540829
1082,-576460720969,1.001874704895712,3.2318696655055104,0.03555981869483697,-0.046330275925628286
1083,-576460720953,1.0025156497000065,3.231033038578633,0.03564835865151697,-0.04661794392518828
1084,-576460720941,1.0076786145772008,3.2344576556367604,0.037066644875581534,-0.045040794790007034
1085,-576460720935,1.0083469840410813,3.233644565501509,0.037209008164411535,-0.045317613305897037
1086,-576460720917,1.0090184385370464,3.232825855139875,0.03735148219870153,-0.04559464716096703
1087,-576460720898,1.0096915592801716,3.2320032560373915,0.037493766383631534,-0.04587131186315703
1088,-576460720880,1.010406460348032,3.2311275860250595,0.03764429319494153,-0.04616400395288703
1089,-576460720867,0.9997867688355703,3.236538477011926,0.03463071375525174,-0.0434949319113084
1090,-576460720862,1.0004116044604194,3.2357511026201236,0.034783897681651736,-0.0439765330447884
1091,-576460720844,1.0010373462021211,3.234957414206655,0.034936630641651735,-0.0444567163667884
1092,-576460720827,1.001632708932464,3.2341975150164015,0.035081331294451734,-0.0449116465937484
1093,-576460720810,1.0022307790245402,3.2334295617160156,0.03522609150885173,-0.0453667640788284
1094,-576460720791,1.0061735871107016,3.234808759142593,0.03621213502567431,-0.04464125661199436
1095,-576460720774,1.006836738494128,3.233989462947746,0.03629115950516431,-0.04493357472753436
1096,-576460720755,1.007516429470711,3.2331460492560224,0.03637197675560431,-0.045232524451774364
1097,-576460720737,1.0081720435794628,3.23232900197028,0.03644976141518431,-0.045520256370454364
1098,-576460720719,0.9995314821889514,3.236255168777681,0.033888499042131676,-0.04344281876276279
1099,-576460720700,1.0001420391353733,3.2354709780359614,0.033966240502411676,-0.043708852910922795
1100,-576460720680,1.0007545398213786,3.234681296143626,0.03404405108157168,-0.043975123586442795
1101,-576460720656,1.0013691155829203,3.2338859595959866,0.034272507560211676,-0.0444348972717228
1102,-576460720647,1.0019887332640827,3.2330811386347706,0.034501306875941676,-0.044895360924182795
1103,-576460720629,1.0093852141959043,3.2367829388432137,0.03658823268703912,-0.04327463712016799
1104,-576460720611,1.0100465957451656,3.235998980874555,0.03681704470043912,-0.043735126326967994
1105,-576460720593,1.0107101405203425,3.2352090104558617,0.036959336795759114,-0.04409792000316799
1106,-576460720575,1.0113766529641264,3.23441202503545,0.03710171590536911,-0.04446093553451799
1107,-576460720558,1.0120679269750814,3.233581787041541,0.037248809607419116,-0.044835971581267994
1108,-576460720544,1.0010247728571051,3.23926137750821,0.03411330691268527,-0.042032343851526814
1109,-576460720538,1.001653693998579,3.23848469544252,0.03425883435751527,-0.04240338650557682
1110,-576460720521,1.002237274059487,3.2377621218588093,0.03449470721975527,-0.042725452291656814
1111,-576460720503,1.0028604296968227,3.2369899902810997,0.03474480803975527,-0.043066945231656814
1112,-576460720486,1.0034530991873034,3.2362551107827264,0.03498101436975527,-0.043389466341656815
1113,-576460720474,1.0085830170484806,3.239653996209508,0.036388010587075865,-0.04182294547578149
1114,-576460720468,1.009247140356916,3.2388901825047918,0.03664072357119587,-0.04216800511982149
1115,-576460720449,1.0098677282963475,3.2381757680090253,0.036975876598595865,-0.042578672907021484
1116,-576460720434,1.0105347970779377,3.2374073847396687,0.03733277680345586,-0.043015987821101484
1117,-576460720416,1.0111722513984656,3.2366726801451526,0.03767067307627586,-0.04343001694606148
1118,-576460720404,1.003074722026306,3.240816643306608,0.03537103414404091,-0.0413825343306534
1119,-576460720398,1.003715657117452,3.240066598952053,0.035729425243150904,-0.041821676058733395
1120,-576460720381,1.0043232320754734,3.2393533373496846,0.035863688292620904,-0.0422249394327634
1121,-576460720364,1.0049385216610685,3.2386267940285793,0.035999145810980904,-0.042631790432403394
1122,-576460720346,1.0055887997348663,3.237854367150939,0.03614175432190091,-0.043060119667483396
1123,-576460720328,1.0089357148465397,3.238869311227781,0.03702318932035563,-0.04266023408330501
1124,-576460720311,1.009564473185227,3.2381424270816024,0.036944028924135626,-0.04285051777580501
1125,-576460720292,1.0102295223218678,3.2373683574303085,0.03686011452729562,-0.04305222901080501
1126,-576460720275,1.010892507509723,3.2365913013469814,0.036776269973755625,-0.04325377235830501
1127,-576460720254,1.000889044858269,3.2412795987908067,0.0339200208524686,-0.04086888373554142
1128,-576460720238,1.0015293430953915,3.2405070512914014,0.0341027388545886,-0.04120351607380142
1129,-576460720221,1.0021165919284882,3.239796634734569,0.034269461994948604,-0.041508855195581416
1130,-576460720205,1.0026943083339657,3.239096025020436,0.0344326911121086,-0.041807795313761414
1131,-576460720186,1.0048340380899792,3.2393403834850036,0.035012670828079094,-0.04178490551779783
1132,-576460720168,1.0055003245314007,3.2385427919551586,0.035185552995509094,-0.04224728431995783
1133,-576460720149,1.0061353519504004,3.2377781388044027,0.035349537418769096,-0.04268586582507783
1134,-576460720132,1.006773047965042,3.237005933549865,0.0355134489843491,-0.04312425247003783
1135,-576460720115,1.000631925110297,3.239707831099782,0.03378113484616459,-0.04206669529751035
1136,-576460720096,1.0012472901903804,3.2389374857659083,0.033979155863884586,-0.04275908611236035
1137,-576460720078,1.0018658076238303,3.2381551294036433,0.034177035149884585,-0.04345098135486035
1138,-576460720060,1.0024850978599915,3.237363834730445,0.034374020435804585,-0.04413975067946035
1139,-576460720041,1.0030987002689267,3.2365758234263367,0.034546838705524587,-0.04437101019984035
1140,-576460720029,1.004820956603572,3.2377095525428166,0.035018662185952294,-0.04384788947992438
1141,-576460720024,1.0054520553885693,3.2369192003948606,0.03519314011669229,-0.044081369902134376
1142,-576460720006,1.0060872456925525,3.2361234544636623,0.03536788009917229,-0.044315200993054374
1143,-576460719988,1.0067298827432603,3.235318108109544,0.035543794461672294,-0.04455060359930437
1144,-576460719969,1.0073886133998153,3.2344930808879147,0.035701139191272296,-0.04468011472526437
1145,-576460719951,0.9985103173180613,3.238556830136071,0.03314553054811723,-0.04238812037477743
1146,-576460719933,0.9991085150858142,3.237792454296025,0.03329874000091723,-0.042514227736557435
1147,-576460719915,0.9996762025524967,3.237065717432454,0.033484092383357235,-0.04297919777612744
1148,-576460719898,1.0002812886584969,3.2362868787508927,0.03368053254727724,-0.043471982328387435
1149,-576460719879,1.0073531197458072,3.239711257294178,0.03564861710875074,-0.04202661176340675
1150,-576460719861,1.0079961309114975,3.238950857876976,0.03584473019947074,-0.04251857582856675
1151,-576460719843,1.0086436002656278,3.2381824705985673,0.03611629832292074,-0.04288151068531675
1152,-576460719825,1.0092962839795487,3.237407163106585,0.03638800226816074,-0.04324462705991675
1153,-576460719806,0.99833990900749,3.2425737485499337,0.03335475065003129,-0.04065745930832813
1154,-576460719790,0.9989146665332478,3.2418728920433724,0.033613792986181286,-0.04100365418557813
1155,-576460719771,0.9995208193315527,3.2411305226933536,0.033852710247701284,-0.04162413256038813
1156,-576460719755,1.0000984070832077,3.2404177117278357,0.034078810088101284,-0.04221132354283813
1157,-576460719737,1.0006845738668242,3.2396890090558577,0.03430674478754128,-0.04280327973290813
1158,-576460719726,1.0026748472751748,3.2410017763089574,0.034851741704879126,-0.04219681079389559
1159,-576460719720,1.00329563041406,3.24024725766659,0.035087773717039125,-0.04280979605237559
1160,-576460719702,1.0039307110753541,3.239467363198835,0.03513344049063913,-0.043423559515415586
1161,-576460719684,1.0045594412719014,3.2386853498853894,0.03517859222543913,-0.044030400834135584
1162,-576460719666,1.0051935228460513,3.23788672533523,0.035224069646539125,-0.044641619391175585
1163,-576460719654,1.0006099027775244,3.2402171743558887,0.033918834549335586,-0.04348381599966066
1164,-576460719648,1.0012210885508284,3.2394286600079494,0.03396429682223558,-0.04409483096422066
1165,-576460719630,1.0018333067862029,3.2386312296149233,0.033988223891955584,-0.044415118869410665
1166,-576460719612,1.0024441875333918,3.237830354171254,0.034012081911915584,-0.04473448247408066
1167,-576460719594,1.0030565180164208,3.2370223890983185,0.03403597976827558,-0.04505437932905066
1168,-576460719576,1.0105059303734898,3.24071877953191,0.03609239399986102,-0.043525551889437235
1169,-576460719558,1.0111633938249394,3.2399228569333602,0.03627960792093102,-0.04408770129450723
1170,-576460719537,1.0118128086920304,3.239130739170108,0.036463586376581016,-0.04464013553015723
1171,-576460719522,1.0124699429252222,3.23832328916614,0.03664881161986101,-0.04519631350943723
1172,-576460719502,1.0063483526716606,3.2409712755645064,0.03491170934404448,-0.04395871075912436
1173,-576460719485,1.0069779328015032,3.2401764405629945,0.03510776792256448,-0.04443977686940436
1174,-576460719468,1.007579057860511,3.2394136418542034,0.03529394889044448,-0.04489660642872436
1175,-576460719449,1.008249125729893,3.2385589560236303,0.03550033207964448,-0.04540300588752436
1176,-576460719430,1.0119996912783356,3.2397506174706043,0.03633962216178118,-0.0449889457031752
1177,-576460719413,1.0126478794357028,3.238943517510488,0.03633128510513118,-0.045498184754385204
1178,-576460719395,1.013293085676947,3.2381309217271563,0.03632298450178118,-0.046005197187175204
1179,-576460719378,1.0139105451964416,3.2373446619311195,0.036315039084431185,-0.0464905143635652
1180,-576460719361,1.0145287252551165,3.236551769009494,0.03642914292015118,-0.0468129595862452
1181,-576460719349,1.006396792955626,3.240728549565067,0.03410922746661832,-0.044733909300510584
1182,-576460719343,1.007017700088786,3.239912557590037,0.03423121974708832,-0.04507864642344058
1183,-576460719326,1.0075983685017555,3.2391464302072155,0.034344914055038325,-0.04539993436449058
1184,-576460719307,1.0082187674607896,3.238324694216807,0.03446597314927832,-0.04574203440305058
1185,-576460719291,1.0088060394967409,3.2375441778199976,0.034580177688548326,-0.04602404599314058
1186,-576460719273,1.0126294802927263,3.2388267286608508,0.03557704846628262,-0.04534568549813816
1187,-576460719256,1.0132349390071775,3.2380538671058887,0.035691118734152615,-0.04562736552442816
1188,-576460719239,1.0138422284740134,3.2372754937705377,0.03580516886131262,-0.04601065370694816
1189,-576460719221,1.0144904506986323,3.2364417438060973,0.036055839355402616,-0.04641769998083816
1190,-576460719202,1.0044476252118184,3.241108991262578,0.033253194161463974,-0.044081022467875805
1191,-576460719185,1.0050419677369513,3.2403204633656966,0.03350061334489397,-0.044482789165905805
1192,-576460719167,1.005653280281712,3.239507543876299,0.03370982530724397,-0.0448932197832958
1193,-576460719150,1.0062220420230878,3.2387490672526864,0.03390331560764397,-0.0452728077502558
1194,-576460719131,1.009395820021507,3.239613086505482,0.03481129754019188,-0.04490076059661442
1195,-576460719113,1.010058399806927,3.2387570781187223,0.035029514668091885,-0.04532885748707442
1196,-576460719095,1.010691402456048,3.2379370919772525,0.035268963772811884,-0.04573518176768442
1197,-576460719079,1.0112927541438637,3.237156518111079,0.03549494394849188,-0.04611865044852442
1198,-576460719061,1.0118981609165292,3.236369147798085,0.03572100390065188,-0.046502254503104426
1199,-576460719049,1.0074440905204212,3.238651016867596,0.034448691590678954,-0.045364569737378284
1200,-576460719043,1.0080673615806277,3.2378294263904617,0.03468841991307895,-0.04577136782607828
1201,-576460719024,1.008692930129858,3.2370029943120637,0.03483078320190895,-0.04606972551150828
1202,-576460719008,1.0093209208986746,3.236171378162601,0.03497311484917895,-0.04636801688417828
1203,-576460718989,1.0099521749513325,3.235333461526989,0.035115604704248946,-0.046666639820648274
1204,-576460718976,1.0132690393286232,3.237500849150329,0.03602348159857608,-0.045663829917395336
1205,-576460718969,1.0139773425677534,3.236601733966648,0.03617868345037608,-0.04598909400519534
1206,-576460718953,1.0145697613863252,3.235847356465379,0.03628845031987608,-0.04628949942219534
1207,-576460718934,1.0152244415930696,3.235010656158197,0.03640936842914608,-0.04662042308981534
1208,-576460718916,1.0158822859760637,3.234166727891778,0.03653046780480608,-0.04695184283977533
1209,-576460718899,1.013290589652619,3.2349985286874974,0.035722278900386775,-0.04661621995513883
1210,-576460718880,1.0139366058541062,3.23415505051327,0.036069264299846776,-0.047119199751198826
1211,-576460718863,1.01458868467082,3.233302758322201,0.03641615329840678,-0.047622039807358824
1212,-576460718845,1.0152478870329638,3.232440264027676,0.03676350502128678,-0.04812555061503882
1213,-576460718827,1.0159109042723018,3.231572046325526,0.03702395692718678,-0.048498755450298824
1214,-576460718808,1.0166170500210412,3.2306467237309398,0.03729935101298678,-0.04889337112441882
1215,-576460718790,1.0172914622754405,3.2297623919744085,0.03756048408518678,-0.04926755201149882
1216,-576460718772,1.0179311773683914,3.228923033638271,0.03780651555558678,-0.049620093622058825
1217,-576460718754,1.0186149730894787,3.228024088278346,0.038056991526816776,-0.05011312432044882
1218,-576460718743,1.0089935303252637,3.2333231043988726,0.035300524995345306,-0.04747871124142334
1219,-576460718736,1.009630977379055,3.232464344791716,0.0355505424484053,-0.04797083940400334
1220,-576460718718,1.010277935461449,3.2315899447469163,0.035802505130065304,-0.04846679650638334
1221,-576460718702,1.0109251001462216,3.2307124753089966,0.0360527865784353,-0.04895944431079334
1222,-576460718683,1.0115692713858675,3.2298328078684393,0.036119219431955306,-0.04959721252160334
1223,-576460718669,1.0196523613782724,3.235101008195767,0.038323861647799544,-0.047175134693538845
1224,-576460718665,1.0203814552460253,3.2341978968785843,0.03839459657843954,-0.04785420367470884
1225,-576460718648,1.0210370086259428,3.2333763050614333,0.038458085709639545,-0.04846371158330884
1226,-576460718630,1.0217310898592,3.23249659899272,0.03852519215827954,-0.049107946437228836
1227,-576460718612,1.0224230569511623,3.231613352047424,0.03872052027331954,-0.049490730197748835
1228,-576460718595,1.0230814416889666,3.2307707669049206,0.03890545836303954,-0.049853152665358835
1229,-576460718576,1.023784444578776,3.229868743239104,0.03910196394159954,-0.050238243896638834
1230,-576460718558,1.0244910088297772,3.2289622745478685,0.03944881437979954,-0.050536485534738836
1231,-576460718540,1.0252052455765885,3.228048610428643,0.03979635890447954,-0.050835323987678836
1232,-576460718521,1.0311846377000786,3.230705297675369,0.041573921461892094,-0.049496883832991084
1233,-576460718503,1.0319740380440827,3.2297665965720355,0.04193841326479209,-0.04981029451494108
1234,-576460718486,1.0326816978186522,3.228924086388762,0.04208174400079209,-0.05022059693934108
1235,-576460718468,1.0334019907167102,3.2280624112702667,0.04222713386639209,-0.05063679388358108
1236,-576460718450,1.01938482350891,3.2352098967070964,0.03815665877988775,-0.0471025668836196
1237,-576460718433,1.0200724471462477,3.234358817697245,0.03830968954788775,-0.0475406368808196
1238,-576460718415,1.0207689987468103,3.2334936579026174,0.03847492165891775,-0.0478305580293596
1239,-576460718397,1.0214634477326077,3.2326295898326274,0.03863895161822775,-0.048118369846939596
1240,-576460718380,1.0238689009375352,3.2329984577836024,0.03926813756281246,-0.04784938311937282
1241,-576460718362,1.0245766507336356,3.232135254079796,0.03943193984187246,-0.04813679544245282
1242,-576460718344,1.0252883636918928,3.231265088479283,0.03966045980886246,-0.04856438814512282
1243,-576460718327,1.026004747770957,3.2303865416028397,0.03988915754323246,-0.04899231347533282
1244,-576460718307,1.026729744204346,3.229494752147511,0.04011927741664246,-0.049422899825862815
1245,-576460718289,1.016385967277024,3.234552644425059,0.03719642379649305,-0.046935109801263905
1246,-576460718272,1.0170460898573321,3.2337202830030183,0.03743164474777305,-0.04716487573269391
1247,-576460718253,1.0177229552062617,3.2328680262571394,0.03767130658977305,-0.047398979565943904
1248,-576460718236,1.018440920354413,3.231965339588691,0.037923865629373055,-0.0476456814972939
1249,-576460718217,1.0240374662298928,3.2344125602202287,0.03952715779080957,-0.04645483836558629
1250,-576460718197,1.024723226093342,3.2336066951395956,0.03978811672332957,-0.04675185613278629
1251,-576460718182,1.0254307209563762,3.2327754614239788,0.04005556491914957,-0.04705625983798629
1252,-576460718163,1.0261955092335062,3.2318771075400083,0.04034267709189957,-0.04738304465298629
1253,-576460718145,1.0175550720014908,3.2359966698775033,0.03771741576175344,-0.045252625726058114
1254,-576460718127,1.018234071031683,3.2351797102535547,0.037752077424013444,-0.045550933676918114
1255,-576460718108,1.018913807124052,3.234357245328539,0.03778674486514345,-0.04584929136234811
1256,-576460718091,1.0195941671263589,3.2335294108602586,0.03782141230627345,-0.04614764904777811
1257,-576460718073,1.0219706547867131,3.233816062826029,0.038379718651653724,-0.04605724293813982
1258,-576460718056,1.022620906257683,3.233033366080513,0.03847307309515372,-0.04644916830353982
1259,-576460718038,1.0233147010109176,3.2321930603558817,0.03857242976265372,-0.046866292510539816
1260,-576460718019,1.0240120640857464,3.23134306716261,0.03867204020065372,-0.04728448210973982
1261,-576460717999,1.0247071358390654,3.2304909185743957,0.03876033915867372,-0.04764656988318982
1262,-576460717984,1.0153180978628495,3.234953302974692,0.035990700034550564,-0.04541645357847347
1263,-576460717966,1.0159744843827099,3.2341226964326366,0.036080287597650564,-0.04578382553822347
1264,-576460717948,1.0166168416451549,3.233305379788151,0.036167745519530566,-0.04614246447252347
1265,-576460717930,1.017271800117519,3.232471065945779,0.03650448442378056,-0.04643050000702347
1266,-576460717912,1.0215886920441497,3.2340619789594425,0.03783117937021349,-0.045619443540466965
1267,-576460717894,1.0222748171261156,3.2332356694298414,0.03816849740933349,-0.04590797444814696
1268,-576460717876,1.022968442377173,3.2324007316521546,0.038420168306703494,-0.046284128205926964
1269,-576460717858,1.0236619469523653,3.2315646263435456,0.03867015797078349,-0.04665776914944696
1270,-576460717840,1.0139219275675952,3.2361728821433764,0.03596711623024457,-0.04437781689749619
1271,-576460717822,1.0145710795274427,3.235371343696202,0.03621702252738457,-0.04475133323865619
1272,-576460717804,1.0152258196635777,3.2345627736326703,0.03649956300514457,-0.04504987328417619
1273,-576460717786,1.015884801804406,3.2337498704691208,0.03678174261934457,-0.04534803203132619
1274,-576460717768,1.0183282020060849,3.234092160969818,0.037546943033149434,-0.04512033676017057
1275,-576460717749,1.0190023140980393,3.2332824414536034,0.037827585054789434,-0.04541687084470057
1276,-576460717732,1.0196891112462663,3.232454835137505,0.037873395736289436,-0.04580454729785057
1277,-576460717713,1.0203648710413715,3.2316346515516217,0.03791841618668944,-0.04618553635889057
1278,-576460717694,1.0210476217148594,3.230800083541329,0.037963848163189436,-0.04657000799154057
1279,-576460717684,1.0096071883475484,3.236704866217175,0.03473086035652039,-0.04369265660452799
1280,-576460717677,1.0102726081387103,3.2358644106509624,0.03477919826272039,-0.044101719893147984
1281,-576460717660,1.010865663731219,3.235110950447015,0.03485278395034039,-0.044363726149727986
1282,-576460717642,1.0114888583672839,3.234316116487911,0.03492994222007039,-0.044638452799297984
1283,-576460717624,1.0121166517987314,3.2335122435585157,0.035007497923360394,-0.04491459453490798
1284,-576460717606,1.0187504415972624,3.236665393748807,0.03679730954040178,-0.04344849499076144
1285,-576460717587,1.0194222154139538,3.235870931388719,0.03696319737055178,-0.04378316683606144
1286,-576460717569,1.0200868007234078,3.2350825046918614,0.03712658071795178,-0.04411278599086144
1287,-576460717553,1.0207210208234716,3.234327844369229,0.03728183132682178,-0.044425997681601444
1288,-576460717535,1.0121565720646546,3.238299782536953,0.03478379625961689,-0.04236453096940841
1289,-576460717517,1.0127836012655216,3.2375349114012026,0.03489385690929689,-0.04263059468348841
1290,-576460717499,1.0134126813458089,3.23676516585738,0.03500392978929689,-0.04289668796348841
1291,-576460717481,1.0140441289923354,3.235990155843029,0.03511406993605689,-0.04316294385604841
1292,-576460717462,1.0203197667736854,3.2388401406804905,0.03693097148872827,-0.04181105490047245
1293,-576460717444,1.0209858751747893,3.2380862035198086,0.03721288437768827,-0.042108931818392446
1294,-576460717427,1.021621211130195,3.2373674474401146,0.03747979789432827,-0.042390959986672444
1295,-576460717409,1.0222993332871575,3.2366006572542085,0.037762605097328275,-0.04268978186142244
1296,-576460717391,1.0146386506684304,3.2401318052319983,0.03559269481744171,-0.04106463632329494
1297,-576460717373,1.0153023140458277,3.239363541829346,0.035784308559321715,-0.04156210089465494
1298,-576460717355,1.0159484605510816,3.2386106698877666,0.03596988413962172,-0.04204388928625494
1299,-576460717337,1.0165976238738166,3.2378495036672703,0.03615536698365172,-0.042525436917414935
1300,-576460717319,1.0172509622141623,3.237080778481457,0.036437781943651715,-0.042888472617414936
1301,-576460717307,1.0190503229391112,3.2382508732837105,0.036925583431361084,-0.04235633362291413
1302,-576460717301,1.0197170786806646,3.2374857045881775,0.03720781011472108,-0.04271912729911413
1303,-576460717283,1.0203896984100307,3.23671310523521,0.03749036628220108,-0.04308234451696413
1304,-576460717266,1.0210655690753256,3.235933115090309,0.03758968984920108,-0.04356397240160413
1305,-576460717248,1.0217430395171228,3.23514467394464,0.03768898583245108,-0.04404546653044413
1306,-576460717235,1.0110015679122941,3.2406370017517583,0.03465549997922687,-0.04135445894652758
1307,-576460717229,1.0116608443837523,3.239846647760715,0.03476029064547687,-0.041862597230727584
1308,-576460717212,1.0122515208753209,3.2391323875741427,0.034853909892976875,-0.042316564415927585
1309,-576460717194,1.012879901084422,3.2383672486030908,0.03488862163877687,-0.04260452005152758
1310,-576460717175,1.0135092909559662,3.237596448853286,0.03492335457376687,-0.04289265146470758
1311,-576460717159,1.0154668909752322,3.2377590585617235,0.035326219912078245,-0.042756653776176975
1312,-576460717142,1.0160675382678324,3.237030101510669,0.03535895721062825,-0.043028230137276975
1313,-576460717124,1.0167061948760079,3.2362524360511946,0.03563049515145825,-0.04341265903898697
1314,-576460717107,1.0173145605207694,3.235510764448975,0.035887243608488245,-0.04377614978009697
1315,-576460717089,1.0060856159534766,3.240781611012801,0.03280322496033691,-0.04118295750055543
1316,-576460717071,1.0066792133705496,3.240035983648685,0.03307518545784691,-0.04156798463542543
1317,-576460717054,1.007242227739049,3.2393267629687275,0.033290626824736914,-0.04203202478961543
1318,-576460717037,1.0078105058071212,3.23860762907685,0.03350667767978691,-0.042497377723165426
1319,-576460717018,1.0155213532911491,3.2424808611884166,0.035663250194318305,-0.040867520107759354
1320,-576460717002,1.0161287816569584,3.2417829466455763,0.0358788693285883,-0.041331943155929356
1321,-576460716984,1.0167767833219337,3.2410346619666957,0.036021454108338305,-0.04169548307217936
1322,-576460716965,1.0174629804932978,3.2402383865591164,0.036171830622238305,-0.04207888910867936
1323,-576460716946,1.0181150281000397,3.239478081210367,0.0363141464487283,-0.04244174329082936
1324,-576460716928,1.018770146502063,3.238710648485685,0.036456573020678305,-0.04280487983407936
1325,-576460716909,1.0194654328561321,3.2378946221244367,0.036754583562358306,-0.043119765974939356
1326,-576460716892,1.0200916394343396,3.237160232187918,0.037020932249078306,-0.043401197328379354
1327,-576460716874,1.0207602595231873,3.236376674565535,0.037303221691318306,-0.04369947212285935
1328,-576460716856,1.023766034851479,3.2371880059916345,0.03805723450020791,-0.04330698418246548
1329,-576460716839,1.0244139779488475,3.2364490458310975,0.03817136519020791,-0.04362950529246548
1330,-576460716821,1.025102839381469,3.2356598498183313,0.03829233029446791,-0.043971339725405484
1331,-576460716803,1.0257933425778611,3.2348651150153316,0.03841320140874791,-0.04431290855272548
1332,-576460716785,1.0169654732374867,3.2389429424681024,0.035822092342734285,-0.04210662791162081
1333,-576460716767,1.0176490997778365,3.23813861680394,0.035915830984794284,-0.04229713557674081
1334,-576460716746,1.0182940412335608,3.2373784100510408,0.03600404141269428,-0.04247640809754081
1335,-576460716732,1.018906784550056,3.2366549093839523,0.03608764827435428,-0.04264632466186081
1336,-576460716714,1.0252558177533924,3.2397501966052684,0.037790214887886954,-0.04091426027122772
1337,-576460716696,1.025937723594233,3.239013053238379,0.03794344135828696,-0.04095417230202772
1338,-576460716677,1.02662170299871,3.2382759290287972,0.038096514670286956,-0.04099404443852772
1339,-576460716658,1.0273488707597913,3.2374947134315533,0.038258581783886955,-0.04103625925697772
1340,-576460716641,1.028038234406864,3.2367567407607414,0.03846525205838695,-0.04109759392187772
1341,-576460716629,1.0229553269064782,3.23935331797745,0.037038613774665684,-0.03983124945870066
1342,-576460716623,1.0236230284456955,3.2386367200845405,0.037245364555115686,-0.039892608015790657
1343,-576460716605,1.0242951957882998,3.237918220068836,0.03745234535256568,-0.039954034836280655
1344,-576460716588,1.024933246349608,3.2372373597589483,0.03764776779576568,-0.040184890527160656
1345,-576460716567,1.0256132283270638,3.2365115477683593,0.03787641473945568,-0.04042953615014066
1346,-576460716552,1.0295999534384093,3.237996639551339,0.039004602860990736,-0.039657437844195814
1347,-576460716534,1.0303088798525755,3.237275736571775,0.039234710036730736,-0.039903645873275814
1348,-576460716517,1.0309716853935353,3.2365990512003755,0.03934796124906074,-0.040324627456445813
1349,-576460716499,1.0316813125761615,3.235868879628049,0.03946885250405074,-0.040774008887955814
1350,-576460716481,1.0236411490102537,3.2396211441630935,0.03713841663126316,-0.039039066082494585
1351,-576460716462,1.024348549716005,3.2388743046609223,0.03726607516481316,-0.03951360309144458
1352,-576460716444,1.0250257108312224,3.238156705404039,0.037550090476253156,-0.03977037181554458
1353,-576460716425,1.0257044568549805,3.2374382206082557,0.03783263095401316,-0.04002580719194458
1354,-576460716407,1.0278768203377742,3.237712939723621,0.03852033957258389,-0.03982346270200995
1355,-576460716389,1.0285731162130505,3.2369934187093294,0.03880291142978389,-0.04007892644750995
1356,-576460716371,1.029272458106028,3.2362701199098556,0.03898817788918389,-0.04037700230370995
1357,-576460716353,1.0299761887766987,3.2355403634733344,0.03917372255739389,-0.04067552577103995
1358,-576460716335,1.0307037681269025,3.234783881795084,0.03936463562523389,-0.04098268647535995
1359,-576460716322,1.0234053602137207,3.238510306082056,0.0373232131690898,-0.03917132470318767
1360,-576460716316,1.0240964400104642,3.2377840234429756,0.0375135182991598,-0.03947750729429767
1361,-576460716300,1.024704861367192,3.2371425143902477,0.037651267262359796,-0.03977495459067767
1362,-576460716282,1.0253766287050547,3.2364313688689976,0.037802774955159796,-0.040102111707197664
1363,-576460716264,1.026058570947686,3.2357064330656455,0.037955958881559795,-0.04043288838745766
1364,-576460716246,1.0284388096160106,3.2360967378959193,0.03873314743867426,-0.040290695188726834
1365,-576460716228,1.0291391512153787,3.2353678158021197,0.03904801641827426,-0.040664668405206834
1366,-576460716208,1.0298452810640661,3.234632036082619,0.03936293785272426,-0.041038703922866834
1367,-576460716192,1.0305614873128064,3.2338849226673965,0.03967980011662426,-0.041415044584186836
1368,-576460716173,1.0224850968693795,3.2376414102564413,0.037215941512913145,-0.0394186689861725
1369,-576460716157,1.0231553918037524,3.236929643049501,0.03720752313736315,-0.039609500329342504
1370,-576460716137,1.0238249399121904,3.236215075201527,0.03719911223941315,-0.0398001621670725
1371,-576460716120,1.0244948573194708,3.235496516139885,0.03719069479856315,-0.0399909723220625
1372,-576460716102,1.0269282985882777,3.235935019827471,0.03778236301624273,-0.03972233917044919
1373,-576460716085,1.0276091444239848,3.2352178628132116,0.03789239920528273,-0.03998834375268919
1374,-576460716066,1.0282918942460189,3.234495999821166,0.03800242316400273,-0.040254318769009194
1375,-576460716048,1.0289783386854303,3.2337675279784395,0.03811272230492273,-0.040520959018529194
1376,-576460716029,1.0229945552972244,3.2364158633601847,0.03652379918989446,-0.039386895226261
1377,-576460716010,1.023654023725905,3.2357028104612087,0.036795276765484455,-0.039889651438481
1378,-576460715993,1.0243185981654908,3.234980471125782,0.037066844888934455,-0.040392575338581
1379,-576460715976,1.0249519229601218,3.2342886554240726,0.03732380462430446,-0.04086844559404099
1380,-576460715957,1.0315039698174746,3.2373249289529986,0.03913882200924143,-0.0395694235228386
1381,-576460715940,1.032171109667518,3.2366486091408566,0.03933437096179143,-0.0399835744353986
1382,-576460715922,1.0328500341026097,3.235956601849786,0.03953238109624143,-0.0404029378572386
1383,-576460715906,1.0335532766435465,3.2352353906735623,0.03963039719349143,-0.0407825381627286
1384,-576460715888,1.0342274330487966,3.234539370525276,0.03972413229274143,-0.041145558863498605
1385,-576460715876,1.0250957520302861,3.2392033754062095,0.03717060099274543,-0.03887381295498558
1386,-576460715870,1.025767468253166,3.238498340398885,0.03727016177999543,-0.03925939559207558
1387,-576460715851,1.0264376553661139,3.2377898751001535,0.03736923157649543,-0.03964307670233558
1388,-576460715833,1.027111009853381,3.237072809377277,0.03741469637409543,-0.03999549758425558
1389,-576460715816,1.0277842465674831,3.236350405951005,0.03746009805419543,-0.04034742921017558
1390,-576460715804,1.0281582016771023,3.2365930458236947,0.03756238651198289,-0.04023521257480868
1391,-576460715798,1.0288361251271971,3.2358641398684274,0.03760792452588289,-0.04058820099368868
1392,-576460715781,1.0294745445360358,3.2351727038509757,0.03765075858608289,-0.04092022968552868
1393,-576460715763,1.030115009944829,3.2344741043132896,0.03769368101078289,-0.04126311690417868
1394,-576460715746,1.0307940939000828,3.2337278927566993,0.03773913823428289,-0.04162625344742868
1395,-576460715728,1.0204257819450313,3.238633515490351,0.034692370841575865,-0.03922776830400963
1396,-576460715711,1.0210205021488612,3.2379585055596816,0.034735624001975864,-0.03957329761580963
1397,-576460715693,1.021642453941933,3.237247921704867,0.03491963336971586,-0.04000827420796963
1398,-576460715676,1.0222379626849973,3.2365638167343453,0.03509491522404586,-0.040422619980689634
1399,-576460715659,1.027920641050565,3.239187795582631,0.03666167851339407,-0.03930053856616552
1400,-576460715639,1.0286217265832085,3.238433825794515,0.036858196973554073,-0.03976508518760552
1401,-576460715622,1.0292884632397292,3.237711923072688,0.036871390167974076,-0.04006491833194552
1402,-576460715604,1.0299532623192156,3.2369869790600947,0.036884540323664075,-0.04036377336307552
1403,-576460715586,1.020754415495186,3.2413043006968323,0.034135947554331,-0.03819516434060914
1404,-576460715568,1.0213703839828798,3.2406149968305247,0.034278389947061,-0.03836438098149914
1405,-576460715550,1.0220021356135751,3.239907848285836,0.034423869929551,-0.03853720617406914
1406,-576460715532,1.0226092554486352,3.2392280993053917,0.034563100703941,-0.038702607523339136
1407,-576460715514,1.0251628462010485,3.239811593545011,0.035234683733240665,-0.03828070144600433
1408,-576460715496,1.0258154283277077,3.2391008246093587,0.03550209223114067,-0.03876324583625433
1409,-576460715478,1.026463215640485,3.2383918261346607,0.03576555866024067,-0.03923867667850433
1410,-576460715460,1.0271034714304699,3.2376877654979888,0.03602406851754067,-0.03970516328025433
1411,-576460715440,1.0277654289627538,3.2369564603918306,0.03628940453074067,-0.04018396782725433
1412,-576460715429,1.0212599047681552,3.240273880002156,0.03446402027015748,-0.03855785560382537
1413,-576460715423,1.0219111554952625,3.239544052516586,0.03474802363304748,-0.039004978294915366
1414,-576460715405,1.0225409207764353,3.238836023968047,0.03502046705247748,-0.03943390150774537
1415,-576460715387,1.0231672757720505,3.2381296590337376,0.03528934892274748,-0.03985721757061537
1416,-576460715370,1.0238037553403447,3.237409709529801,0.03556049448951748,-0.04028409749998537
1417,-576460715357,1.0292239679069914,3.240921747889744,0.037045255688223304,-0.038651154659748374
1418,-576460715351,1.0298953501757055,3.2402182301588045,0.037177536718403306,-0.03912428405999838
1419,-576460715334,1.0305260002768504,3.239551910179414,0.037301365099703304,-0.03956718088124837
1420,-576460715314,1.031159907596144,3.238876849417381,0.0374254201523833,-0.040010888437748374
1421,-576460715299,1.0318348623707871,3.2381522952349706,0.0375570577283233,-0.040481716395998374
1422,-576460715281,1.0173053168723534,3.2452611014922303,0.03330644645478421,-0.03722897159743068
1423,-576460715264,1.0179050813554484,3.2445855421199425,0.03333034962266421,-0.037829010991100684
1424,-576460715246,1.01847175576601,3.2439377858002456,0.03335291827114421,-0.03839555004642068
1425,-576460715228,1.0190735917315734,3.2432397839896714,0.03337687057058421,-0.03899682278588068
1426,-576460715211,1.017886234460002,3.2414310323150244,0.03286812182269179,-0.0398414571006144
1427,-576460715193,1.0184770656463893,3.24071155234568,0.03283819338941179,-0.0401718846858944
1428,-576460715175,1.0190680147647986,3.239985319916722,0.03280823167273179,-0.0405026797395744
1429,-576460715159,1.0195955048908938,3.2393338219906096,0.03307861895121179,-0.0408735288679744
1430,-576460715141,1.008802728314998,3.244391781805986,0.03017590822666778,-0.038436021967916845
1431,-576460715123,1.0093486607624325,3.243696142524237,0.03047988283320778,-0.038852937728616845
1432,-576460715105,1.009900126624508,3.242992919802127,0.03078389121282778,-0.039269899810716845
1433,-576460715086,1.0104874959744807,3.2422434684885864,0.03107050537234778,-0.03965294281151684
1434,-576460715068,1.011055071109121,3.2415189648560587,0.03134497102731778,-0.04001975004906684
1435,-576460715056,1.0152638959022748,3.244278383079128,0.03249832560912644,-0.03873357449831905
1436,-576460715051,1.0158123249775262,3.243624422102582,0.03275201053022644,-0.039072609504819056
1437,-576460715035,1.016370596674344,3.2429581010916353,0.03300824588271644,-0.039415053013169055
1438,-576460715016,1.016966079605956,3.2422447352429744,0.03305376117431644,-0.03972471275796905
1439,-576460714999,1.0175323299849761,3.2415621309779223,0.033096984038316436,-0.04001877614996905
1440,-576460714981,1.0113645978865107,3.244300835237993,0.03123463261779419,-0.03862032920058784
1441,-576460714963,1.0119222254949922,3.2436091152046016,0.031279673265794186,-0.03892675974458784
1442,-576460714946,1.0124540591332318,3.2429449746426964,0.031241179992254186,-0.039147719995077844
1443,-576460714928,1.013016720244563,3.242237345274401,0.031200403775494188,-0.039381784865137846
1444,-576460714908,1.0166515449416567,3.2434820089929985,0.03199129226465131,-0.03869819882335068
1445,-576460714892,1.0172269577633242,3.242783415265848,0.03195057034981131,-0.038931951987890685
1446,-576460714873,1.017802860983382,3.2420805514866955,0.03199604524621131,-0.039111994176050685
1447,-576460714855,1.0183791347162392,3.2413749948751795,0.032041484796811306,-0.039291896424690685
1448,-576460714837,1.0103801072588081,3.245055378240642,0.029664057953044998,-0.037303589780347444
1449,-576460714819,1.010921399310125,3.244375547130342,0.029884022499845,-0.03748531124274744
1450,-576460714801,1.0114606697614785,3.243699945530483,0.030101567194644997,-0.03766503356914744
1451,-576460714782,1.0119997586965939,3.243026221474156,0.030317478489344997,-0.03784340647874744
1452,-576460714764,1.0127364240375694,3.2424669445805963,0.030587076174442052,-0.03796568428812222
1453,-576460714746,1.0132886867663364,3.2417800446415583,0.030761816156922053,-0.03833957443636222
1454,-576460714729,1.0138429818040162,3.2410878068555595,0.030936206737082052,-0.03871271697044222
1455,-576460714711,1.0144050458783778,3.2403830404209177,0.031112043454622054,-0.03908895379646222
1456,-576460714693,1.004077041253846,3.2452265401239746,0.028204688459286715,-0.03671523173587633
1457,-576460714676,1.0045567085226483,3.2446013235691535,0.028440005541926716,-0.03711761602283633
1458,-576460714659,1.0050436015217281,3.2439650523223236,0.028676892701936716,-0.03752268508922633
1459,-576460714641,1.0055611976207735,3.2432868955650296,0.028926590581726717,-0.037949660055036326
1460,-576460714621,1.006084185512035,3.2425998759535233,0.029176719190706718,-0.03837737155325632
1461,-576460714610,1.0070049742273668,3.243204774128662,0.02942909351452859,-0.038095066999270705
1462,-576460714605,1.0075372551321047,3.2425183514168885,0.02973294991528859,-0.038199554738410704
1463,-576460714587,1.008075394108827,3.241829550599694,0.030037025841068588,-0.03830411796608071
1464,-576460714569,1.0086188568754473,3.2411390589557914,0.03034101733414859,-0.038408652159700706
1465,-576460714551,1.0091676695170255,3.2404468395400343,0.030644941281068587,-0.038513163126080704
1466,-576460714533,1.0038914497195435,3.242721183582659,0.029177854934859006,-0.0374360634196726
1467,-576460714515,1.0044154134423058,3.2420475214948232,0.029362307375889005,-0.0378292388355526
1468,-576460714498,1.004910774556923,3.2414080885719248,0.029535631464519003,-0.0381986932610326
1469,-576460714480,1.0054448362224613,3.240717271024825,0.029732115238199002,-0.038465111766152596
1470,-576460714461,1.0105796579126625,3.2429972452405518,0.031191205899831903,-0.037339555781433685
1471,-576460714443,1.011143211076747,3.242322324733932,0.0313875697466719,-0.03760581167399368
1472,-576460714425,1.0117141542711114,3.241637988190173,0.031585263691191905,-0.037873871087673684
1473,-576460714407,1.0122852141313061,3.240949898756402,0.031760256019791905,-0.038453298493173686
1474,-576460714389,1.0033809760661914,3.245107012779634,0.029242881095553386,-0.036619946439703586
1475,-576460714370,1.003908684896004,3.244442945160269,0.029417504610593385,-0.03719815264490359
1476,-576460714353,1.0044397426972336,3.2437682100195606,0.029592196064973385,-0.037776583808053585
1477,-576460714335,1.0049752275344206,3.2430864983412926,0.029896204444593386,-0.03795653603509359
1478,-576460714315,1.0081460018849822,3.2441257212215193,0.03092213929157404,-0.03733082273867777
1479,-576460714298,1.0087313532092133,3.2434208971935496,0.03124016349939404,-0.03751907138011777
1480,-576460714281,1.0092648445665067,3.2427816662933204,0.03152721779285404,-0.03768898794443777
1481,-576460714263,1.0098351834317663,3.242099223457212,0.031745343252134045,-0.03802022396019777
1482,-576460714245,1.0030261493343693,3.245181185713605,0.029862568930724913,-0.03647668814495855
1483,-576460714227,1.0035659966203807,3.244521187142716,0.030080500801844913,-0.03680763018599855
1484,-576460714209,1.0041279808384238,3.243832904043627,0.030305704328224912,-0.03714961465245855
1485,-576460714189,1.0046870756069926,3.2431454650724145,0.030495205743954912,-0.03760857916108855
1486,-576460714172,1.0052364620246268,3.242465952021526,0.030680276426784912,-0.038056812619818546
1487,-576460714161,1.0078587644931516,3.2441909891573757,0.03139906634868026,-0.037251689995241734
1488,-576460714155,1.008395016359646,3.243552936329415,0.03157455428361026,-0.03767671443907173
1489,-576460714138,1.0089331912381792,3.2429114062933038,0.03184085590117026,-0.03791746880622173
1490,-576460714121,1.0094768171682327,3.2422646833388824,0.03210761252061026,-0.038158634525321734
1491,-576460714102,1.0100633531377095,3.2415683463624654,0.032392961458250255,-0.038416608936171735
1492,-576460714085,1.0037581720616184,3.2444159208710017,0.030711028761713804,-0.0369089125493131
1493,-576460714067,1.0043068644726612,3.243754090797235,0.030777446729153807,-0.037258182622593096
1494,-576460714049,1.004861553933345,3.2430801602997192,0.03084444525371381,-0.037610505653313094
1495,-576460714031,1.005417325922721,3.2424000387818395,0.03091142889219381,-0.03796275040307309
1496,-576460714013,1.0086758166249,3.2434950411662653,0.031718907167925844,-0.03748378398512565
1497,-576460713995,1.009248653160679,3.24281665682244,0.03193666964940584,-0.03790063026372565
1498,-576460713977,1.009825441140038,3.2421307317618044,0.032154444230145844,-0.03831749970302565
1499,-576460713959,1.0104063430776065,3.2414370710614993,0.03237229140644585,-0.03873450810652565
1500,-576460713941,1.0064958216854336,3.2430436491358017,0.03130683187912344,-0.03800149803548025
1501,-576460713923,1.0070629533836493,3.242349828404533,0.03127667046204344,-0.03856225513920025
1502,-576460713904,1.0076265075171353,3.241649639298146,0.03124667046945344,-0.03912001106001025
1503,-576460713887,1.0081836208603119,3.2409468940711306,0.03121698500499344,-0.039671919315150246
1504,-576460713870,1.0087560787940621,3.2402166460196824,0.03118645247800344,-0.039932163254000244
1505,-576460713857,1.010979222944433,3.241676222812308,0.031795890763604576,-0.03925147985062613
1506,-576460713851,1.0115429452035463,3.240980434750126,0.032009684687804574,-0.03950212084912613
1507,-576460713833,1.0121246891607265,3.2402626457551884,0.032228826484924575,-0.03975903141872613
1508,-576460713815,1.0127031017275354,3.239549206823915,0.032445245948544574,-0.04001275046457613
1509,-576460713796,1.01328982748768,3.2388242953942363,0.03266331091152457,-0.040430175760676125
1510,-576460713784,1.0055251533318625,3.242811984667377,0.030443420157837697,-0.03844078232088523
1511,-576460713779,1.006074205804913,3.2421174254150347,0.030660855959297698,-0.03885700326058523
1512,-576460713761,1.006628246564374,3.241414011679152,0.030878715234857697,-0.039274034824785226
1513,-576460713744,1.0071861168082816,3.2407032079460194,0.031096538212637696,-0.039690996906885226
1514,-576460713725,1.0077469173070064,3.2399866548614447,0.031238869859907696,-0.03995698670616522
1515,-576460713713,1.0111358202374618,3.2422104230016084,0.032168032246674735,-0.03891998138623323
1516,-576460713707,1.0117161909219363,3.2415073901249576,0.032310435087454736,-0.039186104232153234
1517,-576460713689,1.012298184013377,3.240800710613203,0.032452608526924734,-0.039451798372233234
1518,-576460713672,1.012851412455281,3.2401274174647865,0.03258718008160473,-0.03970328608775323
1519,-576460713654,1.0134397541243263,3.239408307372463,0.03272968575745473,-0.04013130645440323
1520,-576460713635,1.0085814995344362,3.2414778109123876,0.03131049539305156,-0.03916678060344807
1521,-576460713617,1.0091463699346912,3.2407689598857057,0.03145288241305156,-0.03959444458344807
1522,-576460713595,1.0097139928730652,3.240052170774305,0.03159531689539156,-0.04002225111810807
1523,-576460713581,1.010284513650076,3.2393260677828586,0.03184522319253156,-0.04071865752706807
1524,-576460713563,1.014902674666119,3.241243438066047,0.0332039574122193,-0.04017749088330719
1525,-576460713545,1.01553585700493,3.2404733223730395,0.033467869355279296,-0.040912926407147186
1526,-576460713526,1.0161386313294465,3.239734503353922,0.033577826047239294,-0.041264818892587186
1527,-576460713509,1.016710708512861,3.239029715959241,0.033681851033999295,-0.041597728245227186
1528,-576460713490,1.0093120240762312,3.242422760121943,0.031496920201395,-0.03987972589935009
1529,-576460713473,1.0098789162683344,3.241703082321896,0.031606791281115,-0.04023134440143009
1530,-576460713455,1.010450664377777,3.240974847675284,0.031867880874615,-0.040616243343480095
1531,-576460713436,1.0110582236497574,3.2401999799585193,0.032142999595315,-0.0410218240604901
1532,-576460713418,1.0082609879867832,3.2372418502537763,0.031477383426821055,-0.04243894880603035
1533,-576460713401,1.0087975632567332,3.2365181568526213,0.03172347286882105,-0.04280173448663035
1534,-576460713383,1.0093703162359045,3.2357448892206366,0.031887475506501055,-0.04307872219759035
1535,-576460713365,1.0099456700088665,3.2349671105058313,0.03205137796487106,-0.04335554071348035
1536,-576460713349,1.0104918594261143,3.2342278437057375,0.032206200534871054,-0.043617024003480345
1537,-576460713330,1.0021063047925156,3.238073308213684,0.029797516696959996,-0.041578641288698766
1538,-576460713312,1.0026423456764775,3.237323183134428,0.029832149464869995,-0.041865941753318765
1539,-576460713291,1.0031795468253657,3.23656713391917,0.029866816905999995,-0.042153529853978765
1540,-576460713276,1.0037175512931327,3.2358056543338685,0.029901495904869995,-0.04244121383331877
1541,-576460713257,1.0072628721751984,3.2369682100377983,0.03075444850514629,-0.0418266496425161
1542,-576460713240,1.0077871930202515,3.2362548946222094,0.03091947316200629,-0.042078004311396106
1543,-576460713223,1.0083132629122293,3.235538744612846,0.03108416782778629,-0.042328856359636104
1544,-576460713205,1.0088757256432002,3.2347725561667584,0.03125929603506629,-0.042595600089876104
1545,-576460713187,1.0018341349695532,3.237917433275694,0.029379148860245872,-0.04103430221391245
1546,-576460713168,1.0023657546347646,3.2371751748279354,0.029683140353325872,-0.041429695981672454
1547,-576460713150,1.0029329623461594,3.23638379504149,0.03000408593256587,-0.04184714148495245
1548,-576460713133,1.0034443814413294,3.2356707397803413,0.03029054919712587,-0.04221973674527245
1549,-576460713115,1.0080709571136424,3.237639626957059,0.03161449716964881,-0.041342305689329326
1550,-576460713098,1.0086298216731668,3.2369077243000794,0.031817153647498805,-0.041729331218809326
1551,-576460713080,1.0091733995692669,3.2361938045905045,0.03201303612469881,-0.04210342002296932
1552,-576460713063,1.0097511107174224,3.235432894865188,0.032219913414498806,-0.04249850629640932
1553,-576460713044,1.0103323506420634,3.2346634911215126,0.03236230043449881,-0.04299079855640932
1554,-576460713033,1.002222182958821,3.238830618916673,0.03003195986738359,-0.04090708275925806
1555,-576460713028,1.0027642207658376,3.238089612399924,0.030174394349723587,-0.041399539116678055
1556,-576460713009,1.003307822797099,3.2373411211349623,0.030316567789193588,-0.041891092938288056
1557,-576460712992,1.0038548025004845,3.2365826508317332,0.030458954809193587,-0.042383385198288055
1558,-576460712974,1.0043743112212096,3.2358591724005135,0.030684895096633587,-0.04276678619225806
1559,-576460712956,1.0084380215469928,3.2374104704264672,0.03188657896148524,-0.042091771816331294
1560,-576460712939,1.008981757772425,3.2366919898566087,0.03211250595284524,-0.042475150248011295
1561,-576460712921,1.0095629721100763,3.235922409848926,0.03235226086740524,-0.0428819934612913
1562,-576460712903,1.0101461736123236,3.235147827222635,0.03246230928676524,-0.043201872541251296
1563,-576460712885,1.0007353964995827,3.23952640733218,0.029697660428779644,-0.040942252052439516
1564,-576460712867,1.001274343164554,3.2387818632370595,0.029808430437019643,-0.04126422858357952
1565,-576460712848,1.00181307406312,3.2380358120141874,0.029994078145529644,-0.041552136279839516
1566,-576460712831,1.002353339011446,3.237287083932227,0.030179107612239645,-0.04183908518929951
1567,-576460712813,1.0029032728636007,3.2365243984185663,0.030366290621219646,-0.04212937387277951
1568,-576460712801,1.0040712281122552,3.2372977416488253,0.030686596495765047,-0.041769997500558056
1569,-576460712795,1.0046174766678155,3.236553890985718,0.030869472420205046,-0.04205360663599805
1570,-576460712778,1.0051793760917085,3.235788709250179,0.031153754456885046,-0.042408199814558054
1571,-576460712759,1.0057366813844022,3.235030358166316,0.031433172680365044,-0.04275672621871805
1572,-576460712741,1.0063105072587395,3.234250108567277,0.031718301961925044,-0.043112376190238055
1573,-576460712729,0.9988924920047686,3.2380540476404707,0.029584185041238865,-0.041209665927486004
1574,-576460712723,0.9994244430286008,3.2373134256098055,0.029864968270358866,-0.041559894942526
1575,-576460712705,0.9999636840369345,3.2365609526847465,0.030007458125428866,-0.041987867790956
1576,-576460712686,1.000505220365816,3.2358011524263723,0.030149876786988866,-0.042415626807396
1577,-576460712669,1.0010496843083954,3.2350331366723255,0.030292390373228867,-0.042843670933156004
1578,-576460712650,1.0025462928113469,3.234827401381068,0.030694837830584937,-0.0430105809545436
1579,-576460712631,1.0031040351491547,3.2340434296189082,0.030740678808484936,-0.043344187141483595
1580,-576460712614,1.0036519270512307,3.2332685556573346,0.030785643715484937,-0.043671417751683594
1581,-576460712596,1.0042073100798143,3.232478305579306,0.030831156482384936,-0.0440026353940236
1582,-576460712577,0.9874653466770035,3.240552565239149,0.02589146041813429,-0.03989473361730287
1583,-576460712559,0.9879330949021876,3.239832134837799,0.02614126945384429,-0.04024658696226287
1584,-576460712540,0.9884057567030591,3.23910472888761,0.02639130080139429,-0.04059875343106287
1585,-576460712523,0.9888835838556755,3.2383699619227015,0.02664167951119429,-0.040951409155862865
1586,-576460712506,0.9908015079059056,3.238647371331825,0.02714688983638176,-0.0409022224858434
1587,-576460712489,0.9912673495806994,3.2379433542883915,0.02725162418170176,-0.0413091447628134
1588,-576460712471,0.9917521660396411,3.237206165511912,0.02736019884750176,-0.041730987760863404
1589,-576460712454,0.9922499531828436,3.236444539555254,0.02747123180762176,-0.042162381921133404
1590,-576460712437,0.992714083087013,3.2357294151490312,0.02763472297652176,-0.042744048025183404
1591,-576460712424,0.9866614785203233,3.2387997886626763,0.02589252190226716,-0.041207894552361006
1592,-576460712418,0.9871297939760842,3.2380513650441545,0.02606747540838716,-0.04183034116510101
1593,-576460712399,0.9876265391031367,3.237250823157109,0.02625177542656716,-0.04248604063971101
1594,-576460712382,0.9880737462471733,3.2365243461198965,0.026416596265407162,-0.04307243742089101
1595,-576460712364,0.988551340508128,3.2357437440335612,0.026505367384067162,-0.04342566068265101
1596,-576460712346,0.9908174016435587,3.236164770684545,0.02708408648421269,-0.04321855451210372
1597,-576460712328,0.9913091357600884,3.2353781762459257,0.027173236315052692,-0.04357328468234372
1598,-576460712310,0.9917680845917182,3.234640573538772,0.02725617920081269,-0.04390331720970372
1599,-576460712293,0.9922619994917751,3.2338471266736084,0.02763545227917269,-0.04427704122146372
1600,-576460712275,0.9833410929567586,3.2378414767877834,0.025302058439174102,-0.04225274276807288
1601,-576460712258,0.9838001239955109,3.2370772647678803,0.025681563347044103,-0.04262669521749288
1602,-576460712239,0.9842688295607773,3.236301631792258,0.026063365474604104,-0.04300291127645288
1603,-576460712222,0.9847136946945508,3.2355680141982766,0.026218351974384106,-0.04321375272421288
1604,-576460712203,0.9851838290651885,3.234793545642452,0.026381152460344105,-0.04343522420853288
1605,-576460712189,0.9881980531979223,3.2368200347956515,0.0272072707028315,-0.04249584799464453
1606,-576460712186,0.9887170732787699,3.236009693709986,0.0273804534081915,-0.04273144330376453
1607,-576460712168,0.9891842894089015,3.2352803008459525,0.0276671024246915,-0.043205860264264526
1608,-576460712150,0.9896893685891979,3.2344912925695053,0.0279736775583915,-0.043713255841164526
1609,-576460712133,0.9901914737747937,3.233706425888604,0.0282751529570115,-0.04421221112810453
1610,-576460712118,0.9864300961993472,3.235611033786299,0.027192001552289704,-0.043259406623287394
1611,-576460712114,0.9869222878467685,3.23482783689432,0.027495959272289705,-0.04376247026328739
1612,-576460712096,0.9874188290036867,3.2340355764669546,0.027681411204229706,-0.04427624819050739
1613,-576460712078,0.9879188751258403,3.2332338003237844,0.027866924960349704,-0.04479019739606739
1614,-576460712061,0.9884225978676655,3.232422227387303,0.028052562364829704,-0.04530448915830739
1615,-576460712041,0.991112697985573,3.23307172289505,0.02883625391514158,-0.04513734507312097
1616,-576460712025,0.9916333282980873,3.2322547548448015,0.02892491683032158,-0.04550092532667097
1617,-576460712006,0.9921546285049399,3.2314327001871743,0.02901342235862158,-0.04586386018342097
1618,-576460711988,0.99267769598043,3.230603837155667,0.02910195739696158,-0.04622691605207097
1619,-576460711969,0.988216256606149,3.232289037786793,0.027752049478123927,-0.04532762396466285
1620,-576460711948,0.9887013900478872,3.2314965198432053,0.028045689522183927,-0.04582401714037285
1621,-576460711934,0.9892084377878517,3.2306678970962133,0.028349343284463927,-0.04633733832535285
1622,-576460711915,0.9897216621599728,3.229828872532264,0.028653419210243926,-0.046851373170082845
1623,-576460711898,0.9954626818744996,3.232473596044211,0.03038847793168987,-0.045555781715791464
1624,-576460711880,0.9960117497656125,3.2316495196466692,0.030531070621829873,-0.04587619404605146
1625,-576460711861,0.9965919179602861,3.2307766969657297,0.030681019974669873,-0.04621313713561146
1626,-576460711843,0.9971450262760875,3.229942632407149,0.03082329624920987,-0.04653283846547146
1627,-576460711825,0.9918419744599983,3.2320868030627987,0.029256068636993954,-0.04552151897509301
1628,-576460711808,0.9923379775128951,3.2313127037409317,0.029369668954963953,-0.04597417535345301
1629,-576460711791,0.9928379666420696,3.230527695076725,0.029483739222833955,-0.046428704313013006
1630,-576460711774,0.9933706200821647,3.2296862843033916,0.029604778176363956,-0.046911000976653
1631,-576460711754,0.9939035913915568,3.2288377604594607,0.029574803146323957,-0.047306614383213
1632,-576460711743,0.9984644799865855,3.2318665405919793,0.03082493676320867,-0.045905431284860715
1633,-576460711737,0.999021430461441,3.2310331194550335,0.03079485356211867,-0.04630247234362071
1634,-576460711719,0.999572699382414,3.230200319519331,0.03076504827741867,-0.046695845434420714
1635,-576460711701,1.0001299810597446,3.229350443769787,0.03073488852450867,-0.047093896831660716
1636,-576460711683,1.0006829876209182,3.228504749623251,0.031133049180218673,-0.04751863844113072
1637,-576460711664,0.993847187890453,3.23141748149523,0.02941496431456428,-0.04606058359192103
1638,-576460711643,0.99439777109897,3.230557249320104,0.02982893825357428,-0.04650219416949103
1639,-576460711628,0.9949222814025804,3.229741230337085,0.03021803411167428,-0.04691726582119103
1640,-576460711610,0.9954669030671589,3.228895092349289,0.03046742631268428,-0.047365199808761034
1641,-576460711592,0.9995126564365588,3.2303648788755246,0.031675445182056464,-0.04673842993920962
1642,-576460711574,1.000085065357216,3.2295195442759588,0.031925546002056465,-0.04718763667920962
1643,-576460711557,1.000629817377609,3.228714729994718,0.03215161925029646,-0.047479690409009616
1644,-576460711539,1.0012115102669465,3.227856118231058,0.03239128109229646,-0.047789298624009616
1645,-576460711520,0.9919401198621433,3.2320111960759244,0.02979485896908407,-0.0455828023733147
1646,-576460711504,0.9924472928824271,3.2312357331435204,0.03002033389372407,-0.045874083156114694
1647,-576460711485,0.9929967969347716,3.2303917604479913,0.03007744620629407,-0.046428940361054695
1648,-576460711467,0.9935328510386114,3.2295602367754506,0.03013305630295407,-0.04696920324677469
1649,-576460711446,1.0014542552010532,3.233616511488016,0.032212163801271655,-0.04524611540397242
1650,-576460711431,1.0020340637996192,3.2327978987406536,0.032268329811511655,-0.04579177909805242
1651,-576460711413,1.0026171147052154,3.2319689148814836,0.03245397752002165,-0.04623062853589242
1652,-576460711395,1.0032029881928912,3.2311327709805213,0.03263946036405165,-0.046669088253412414
1653,-576460711377,1.003804773266235,3.230270690388821,0.03282888965157165,-0.04711687690109241
1654,-576460711365,0.9942740124215259,3.2351533185766614,0.030082569584695126,-0.044674738830419204
1655,-576460711359,0.9948054549662203,3.2343626843338846,0.030264054465085125,-0.0451037478301792
1656,-576460711341,0.9953595390499856,3.2335360027911557,0.030560807905555126,-0.0456456393731692
1657,-576460711323,0.9959053922336251,3.232719860509694,0.030850361992565127,-0.0461743844173392
1658,-576460711305,0.9964634308572695,3.2318837630607415,0.031143597196955128,-0.04670985142696919
1659,-576460711293,0.9994769284136098,3.23387854901271,0.031969853794448486,-0.04578736847835877
1660,-576460711287,1.0000596705056244,3.233042887196241,0.03226538562516849,-0.04632702928059877
1661,-576460711269,1.0006430896762837,3.2322033924895655,0.032483426389628485,-0.046841463774788775
1662,-576460711252,1.0012242904975526,3.2313635295632728,0.03269919249320848,-0.047350531547658774
1663,-576460711233,1.001815165212947,3.2305061168351417,0.03291710016580848,-0.04786465203155878
1664,-576460711220,0.997769316269144,3.2325700654764056,0.03175102127309748,-0.04683123656161344
1665,-576460711214,0.9983742659406858,3.231676840648159,0.03195806951113748,-0.047236988202383444
1666,-576460711196,0.998922117909325,3.2308662976271973,0.032144424918057475,-0.04760218818109344
1667,-576460711180,0.9994696959198508,3.230054644631226,0.03232961376389747,-0.047965102054513445
1668,-576460711162,1.0000509232291832,3.2291914861021205,0.032525029098457475,-0.04834805673879344
1669,-576460711141,1.0045562902767642,3.2308420234285373,0.03370680800338039,-0.04767704816701023
1670,-576460711125,1.005163530041012,3.229980080299277,0.03381679527114039,-0.04816895753303023
1671,-576460711107,1.0057732908655612,3.229108511110788,0.03392688038146039,-0.04866130449217023
1672,-576460711089,1.0063853397752032,3.22822763630837,0.03403702052822039,-0.04915389759744023
1673,-576460711070,0.9951855685073051,3.2333886526368456,0.030884558768176758,-0.04640388387857597
1674,-576460711053,0.9957159437615736,3.2325924831584287,0.031122251808606758,-0.046677249975035966
1675,-576460711037,0.9962423261837171,3.231803702986806,0.03135637396510676,-0.046946509268035966
1676,-576460711017,0.9968096555615032,3.2309550851750464,0.03160676656939676,-0.04723448088341597
1677,-576460711000,0.9989224386421865,3.231095246876984,0.03234767113914179,-0.04708228210330415
1678,-576460710982,0.9994932574852283,3.23026569161824,0.03265475931599179,-0.04738395472910415
1679,-576460710963,1.0001177775878154,3.2293609602066704,0.03298746294459179,-0.04771079107390415
1680,-576460710946,1.000685052037095,3.228542033025957,0.03328678780364179,-0.04796386056614415
1681,-576460710928,1.001282488867688,3.2276815939017327,0.03350324356504179,-0.04822832772054415
1682,-576460710915,0.9927464463378793,3.2320367716760465,0.03104224077262034,-0.0460458653477297
1683,-576460710910,0.9933076043934765,3.231204902891398,0.03126019684226034,-0.046312165589169695
1684,-576460710893,0.9938432619254775,3.230411781377935,0.03146684010380034,-0.04656464376300969
1685,-576460710876,0.9944120969018384,3.2295676286295683,0.03153404331196034,-0.04692884924470969
1686,-576460710857,0.9949751932495585,3.2287273030425716,0.031600427785720336,-0.04728861762340969
1687,-576460710839,1.0013128865833159,3.2317169411640534,0.03324910370747952,-0.04587320716174996
1688,-576460710821,1.0019125063942238,3.2308872163313747,0.033316150611799523,-0.04623656556014996
1689,-576460710802,1.002513929788127,3.230051543566285,0.03351238362935952,-0.046621122654679964
1690,-576460710785,1.0031228291628826,3.2292034493472843,0.03370989223239952,-0.047008179509199964
1691,-576460710767,0.9915282382547825,3.234620165123946,0.030387282299731058,-0.04425319752191016
1692,-576460710749,0.992072112888601,3.2338272434987227,0.030581792731771057,-0.044634378872180164
1693,-576460710730,0.9926239280893282,3.23302085521871,0.030724195572551058,-0.04495436460220016
1694,-576460710713,0.9931774116979675,3.2322100195042704,0.03086636901202106,-0.04527383485693016
1695,-576460710695,0.9974500035114455,3.2338655116849635,0.03202772210235682,-0.04444966054851196
1696,-576460710677,0.9980278161625811,3.2330624934738506,0.03217011703274682,-0.04476962850352196
1697,-576460710657,0.9986085798776252,3.2322534246600045,0.03235559987677682,-0.04512191239376196
1698,-576460710641,0.9991923896000177,3.231438423650824,0.03254098998453682,-0.04547402015184196
1699,-576460710624,0.9898350975793839,3.2357100460444146,0.029858836911211207,-0.043275498292196284
1700,-576460710605,0.990396250621102,3.234895818102534,0.030074201828311206,-0.04368679390907628
1701,-576460710587,0.9909403881149688,3.234104531106601,0.030281573654661206,-0.04408282462935628
1702,-576460710570,0.9914825330117291,3.23331446491741,0.030486783321211207,-0.044474726140196284
1703,-576460710551,0.9920328513117997,3.2325108103979883,0.030693683612711208,-0.044869856341396286
1704,-576460710539,0.9967695570232988,3.23566364677498,0.03199297933889162,-0.043411093331136213
1705,-576460710533,0.9973476170726463,3.234879648847208,0.03224305236991162,-0.04370946759475621
1706,-576460710515,0.9979337197696151,3.234085483826194,0.032494639900341626,-0.04400964888108621
1707,-576460710497,0.998517665277332,3.233294966589464,0.032743379060321626,-0.04430643163846621
1708,-576460710479,0.9991089340803597,3.2324952558054183,0.03299332704093162,-0.04460465669837621
1709,-576460710460,0.9928683991008342,3.23516990874552,0.030992992689585767,-0.043266399087553115
1710,-576460710442,0.9934248923367649,3.2343891616820972,0.03097385057422577,-0.043671640378243115
1711,-576460710423,0.9939823728126399,3.233599240753082,0.030954662631185768,-0.044077851847403114
1712,-576460710406,0.9945390437965483,3.2328026736511872,0.030935490674545766,-0.04448372488221312
1713,-576460710387,0.9987532629461666,3.234368944514142,0.03200088915187676,-0.04380614527176584
1714,-576460710370,0.9993041325321361,3.233612185498147,0.03206488813131676,-0.044204439829665834
1715,-576460710354,0.9998423840130293,3.23286762026679,0.032127298021716766,-0.04459284476866583
1716,-576460710335,1.0004222118995012,3.2320598917354313,0.032194393305796765,-0.04501040902896583
1717,-576460710317,1.0010116024672464,3.231236470827511,0.03237158881013676,-0.04519290015872583
1718,-576460710305,0.9940686872130401,3.2347929959082493,0.03037039706756597,-0.043410788711316144
1719,-576460710299,0.9946094434129205,3.234020661835473,0.03054272035066597,-0.04358826200971614
1720,-576460710281,0.9951640100724333,3.233229858104691,0.03071844060076597,-0.043769233796116136
1721,-576460710263,0.9957160089659413,3.2324433633288354,0.03098843922797597,-0.04415148341988614
1722,-576460710245,0.9962889385016804,3.231627092019115,0.03126620987983597,-0.04454473626070614
1723,-576460710230,1.0010217133494375,3.2347679722669596,0.03256494855692709,-0.04309175006158182
1724,-576460710227,1.0015973907697375,3.2340059875748035,0.03283064616078709,-0.04346791052640182
1725,-576460710209,1.00219386577106,3.2332160256053175,0.03310369323261709,-0.04385447597511182
1726,-576460710192,1.002787102640988,3.2324277184459542,0.03321309956017709,-0.04426884405881182
1727,-576460710172,1.0033860290585361,3.2316269931621813,0.03332319078565709,-0.04468580614091182
1728,-576460710161,0.9934460032084206,3.2367167189770765,0.03045802216404212,-0.042134486716456275
1729,-576460710154,0.9939951771271155,3.2359546312854928,0.03056808281372212,-0.04255133299505628
1730,-576460710137,0.9945464239518412,3.2351849122899443,0.03067816180888212,-0.04296824875575628
1731,-576460710120,0.9950997138850527,3.234408474396044,0.03078825303436212,-0.043288252260786274
1732,-576460710101,0.9956539970467111,3.2336276709341263,0.030898148574722117,-0.04360768696549627
1733,-576460710082,0.9980295418599971,3.2340509751429365,0.0315070849946627,-0.04336723152590583
1734,-576460710065,0.9986030666692243,3.233260014655899,0.0316182035670227,-0.04369022123261583
1735,-576460710047,0.9991677595434849,3.2324785219293135,0.031727230754662696,-0.04397512473023583
1736,-576460710029,0.9997396811665471,3.2316846022734134,0.0318372730588627,-0.04426268087133583
1737,-576460710008,0.9939635527962996,3.234112167662998,0.030113679639890926,-0.04292626801584722
1738,-576460709992,0.994506276084321,3.2333383732539263,0.030437841951250925,-0.043405809310007225
1739,-576460709974,0.9950575174323297,3.2325521205731818,0.030763595598290925,-0.04388770470624723
1740,-576460709956,0.995614129479263,3.231757896938947,0.031089059911570925,-0.044369172083927225
1741,-576460709939,0.9998411195187645,3.233454090749556,0.03241096883006456,-0.04368887059133237
1742,-576460709921,1.000434011368597,3.232654380937567,0.03260979662834455,-0.04401303344870237
1743,-576460709903,1.0010152416057692,3.2318694185710517,0.032803543889584556,-0.044328913151412366
1744,-576460709885,1.0016066465997735,3.2310697347987345,0.032999515248584556,-0.04464841895616237
1745,-576460709867,0.9938937573700132,3.2345416456952747,0.030799793073639614,-0.042828133019818145
1746,-576460709850,0.9944491257071133,3.2337699374197553,0.030942100989739613,-0.04296489371941815
1747,-576460709832,0.9950063703085424,3.2329967170538074,0.031084234877259614,-0.04310148717413815
1748,-576460709817,0.995504886650603,3.2323059040822075,0.031210840669209615,-0.04322315782433815
1749,-576460709798,0.9960686530387522,3.23152570178917,0.031353401717789615,-0.04336016178921815
1750,-576460709786,1.0013605788234992,3.235031648887461,0.03280604700801597,-0.04173817963791538
1751,-576460709780,1.001953192866146,3.234277305550582,0.03294863178776597,-0.04196149713091538
1752,-576460709762,1.0025471526298495,3.2335204977455523,0.03309092388308597,-0.04218435621907538
1753,-576460709745,1.0031501858060383,3.2327513690990703,0.03323476641484597,-0.04240964361395538
1754,-576460709726,1.0037433849439699,3.2319940457940097,0.03337565837113597,-0.04263030979247538
1755,-576460709713,0.9944497866713389,3.2367446931784136,0.030697012860522576,-0.040247473721972966
1756,-576460709706,0.995032853494612,3.235977552417298,0.030688134612572575,-0.040516937618322965
1757,-576460709689,0.9955885082938941,3.235241505382517,0.030679671371422575,-0.040773805634272964
1758,-576460709671,0.9961412494217178,3.2345044994280165,0.030671250191772574,-0.04102939704072296
1759,-576460709654,0.9966610297791585,3.2338097240195807,0.030935998527052574,-0.04131923498912296
1760,-576460709635,0.9990126375000961,3.2341918032921346,0.031717679778654306,-0.04110393517788519
1761,-576460709618,0.9995521861848136,3.2334930381007356,0.031983463635454304,-0.041394906781885184
1762,-576460709601,1.0001321726452115,3.232742895123797,0.032266725840334305,-0.041705013118285186
1763,-576460709584,1.0006856419447747,3.2320280713755225,0.03253473763737431,-0.04198820175986519
1764,-576460709565,0.9895424706344452,3.2372747131801685,0.029435951979393596,-0.03927406193023852
1765,-576460709547,0.9900698967562207,3.236571702769851,0.029715746756153596,-0.039569700792508516
1766,-576460709529,0.9906074419252439,3.23585660301624,0.029998224475033596,-0.039868174525268515
1767,-576460709511,0.9911489584839489,3.2351357725788255,0.030183655798913595,-0.04024189853702852
1768,-576460709492,0.9962629859618494,3.2373955272880783,0.03162525119777722,-0.03923503241695956
1769,-576460709475,0.9968016271594101,3.2367261247155703,0.03180026514732722,-0.03958776093105956
1770,-576460709457,0.9973766607616894,3.2360089818987054,0.03198604680822722,-0.03996219102285956
1771,-576460709440,0.997954110557747,3.2352858458958846,0.03216078679070722,-0.04036840249201956
1772,-576460709421,0.9985341243345395,3.2345561304011694,0.03233535207202722,-0.04077420783995956
1773,-576460709409,0.9885447285193735,3.2396499164014863,0.029456318915025374,-0.0382183827445671
1774,-576460709403,0.9890810185974547,3.238952459235862,0.029632495329265374,-0.038627933432647095
1775,-576460709385,0.9896152902608693,3.238254399120384,0.029806973260005375,-0.03903353571997709
1776,-576460709366,0.990150943504324,3.237553660648044,0.030119551711155376,-0.03936199734931709
1777,-576460709349,0.990695562786914,3.23684264451302,0.030434070991755376,-0.039692498428277094
1778,-576460709338,0.9938579441097382,3.2389496157021185,0.03130234274105569,-0.038717069358092084
1779,-576460709331,0.9944242188409772,3.2382497319596326,0.031617071841055694,-0.03904779091809208
1780,-576460709313,0.9949987319596796,3.237540976783484,0.031868548215565694,-0.03927202522077208
1781,-576460709295,0.995570826831087,3.2368367335873076,0.032117009485745696,-0.03949357104101208
1782,-576460709277,0.9961512162763276,3.2361238025221444,0.03236712420023569,-0.03971659119033208
1783,-576460709259,0.9886733809084163,3.2395346325041854,0.030293863096387083,-0.03786863955761505
1784,-576460709241,0.989219933888033,3.238849660399358,0.030522091016967085,-0.03834946490745505
1785,-576460709224,0.9897408286765734,3.238193621127422,0.030738027592987084,-0.03880439513441505
1786,-576460709206,0.9903276697799265,3.23745084071628,0.030979499183377085,-0.03931312194413505
1787,-576460709186,0.9908884188690528,3.2367375178000475,0.031208488964157087,-0.03979555236357505
1788,-576460709170,0.9914192269014036,3.2360597024175823,0.03126156309549709,-0.03997558832903505
1789,-576460709152,0.9919809690487754,3.23534031338863,0.03131763228932709,-0.04016578402680505
1790,-576460709136,0.9924845525598317,3.2346936023125084,0.03136781129769709,-0.040335999270835046
1791,-576460709118,0.9840822367178801,3.2388303492607764,0.028835944623499463,-0.03809556221992928
1792,-576460709099,0.9846291642034718,3.2381039476214584,0.028792998592519464,-0.03844430810494928
1793,-576460709081,0.9851469566310704,3.237409128681501,0.028752281202839465,-0.03877495617126928
1794,-576460709063,0.9856645905393482,3.236707577283183,0.028711518561559464,-0.039105971705989284
1795,-576460709045,0.9887480737428826,3.2376893001640616,0.029368877127657747,-0.03866026805695528
1796,-576460709029,0.9892140810381426,3.2370738129253214,0.029522478269777747,-0.03912151366175528
1797,-576460709011,0.98974052481284,3.236373625662919,0.029695044193377748,-0.03963970820575528
1798,-576460708990,0.99030651239638,3.235615170377136,0.029879460678997747,-0.040193488550555274
1799,-576460708975,0.9908447729478995,3.2348902509959045,0.030053793025437748,-0.04052351192059527
1800,-576460708962,0.9838174346161835,3.2386414131450856,0.02802426418576399,-0.03864965602454082
1801,-576460708956,0.9843245306517264,3.23794110565054,0.02818857646858399,-0.03898114926818082
1802,-576460708939,0.9848043722045834,3.2372767141924372,0.02834318046554399,-0.039293056446100816
1803,-576460708922,0.985320671600938,3.2365600037624707,0.02850859472077399,-0.03962677287356082
1804,-576460708903,0.9858345494018971,3.235842529335625,0.028554067092473993,-0.04004392024126082
1805,-576460708885,0.9944698102870771,3.2405464535552304,0.030813246436824523,-0.03797800831642442
1806,-576460708867,0.9950243331269573,3.2398597500821036,0.030858648116924525,-0.038394507184524425
1807,-576460708850,0.9955499129959603,3.2392029209694027,0.030901618510924524,-0.03878870229852442
1808,-576460708831,0.9961397053524462,3.238463129460045,0.031188323218304524,-0.03909228615896442
1809,-576460708813,0.9867619750068656,3.243069045587564,0.0285866187967444,-0.03672938685189973
1810,-576460708797,0.9872500993775417,3.2424423739339066,0.028843155975434402,-0.037001027132119724
1811,-576460708777,0.987773089389567,3.2417720141363495,0.029115508847004402,-0.03728941422177972
1812,-576460708761,0.9882973137061686,3.2410977690626064,0.029193185508334402,-0.03770586676847972
1813,-576460708741,0.9961083733478662,3.2452466486943568,0.03125148743882035,-0.03592259258924291
1814,-576460708726,0.9966400535898332,3.2446328721128936,0.03132489600931035,-0.03631616236434291
1815,-576460708708,0.997173420840326,3.2440118936617224,0.03139836505882035,-0.03671005638924291
1816,-576460708690,0.9977413319319184,3.2433479337277635,0.03157342532676035,-0.036911935511742905
1817,-576460708672,0.992985831860619,3.2454918512042537,0.03020925376482456,-0.03570839266131967
1818,-576460708653,0.9935490077924946,3.244826205936609,0.03038965212376456,-0.03591642765881967
1819,-576460708635,0.9940981745656265,3.244177210811769,0.030564537690544562,-0.036118105316319676
1820,-576460708617,0.9946494474670055,3.2435245583714547,0.030739093266244563,-0.036459313678869676
1821,-576460708599,0.9952217912992269,3.2428444218048944,0.030919278101544562,-0.036811525702819675
1822,-576460708588,0.9983443307715693,3.2448967440208634,0.03176685835294128,-0.03587937106095631
1823,-576460708580,0.9989003636963928,3.244267507037546,0.03193628936128128,-0.03621056229726631
1824,-576460708564,0.9994754080267529,3.2436144786142354,0.03208913293568128,-0.03649760708540631
1825,-576460708547,1.000023087591531,3.242990643900217,0.03223402929088128,-0.03676972675902631
1826,-576460708529,1.0005793543652604,3.2423551740658936,0.032380533809281284,-0.03704486661106631
1827,-576460708511,0.9949439794410231,3.244977620169902,0.030736540351664173,-0.03569015747629672
1828,-576460708494,0.9954983467318811,3.2443323567660225,0.030835880468914174,-0.035977905374756716
1829,-576460708474,0.996057472646828,3.2436784303093864,0.030935750194164176,-0.03626718733209672
1830,-576460708456,0.9966425538853086,3.2429908212122167,0.031039911950914177,-0.03656890155827672
1831,-576460708438,1.0021069180503197,3.245554591209911,0.032468635805190264,-0.03539427634432025
1832,-576460708420,1.0026991628794104,3.244905929395334,0.032666896676590264,-0.035946038704020244
1833,-576460708403,1.0032497352465808,3.2442974989445035,0.032850133985670264,-0.036455990311360244
1834,-576460708387,1.0038099281044308,3.2436731778857517,0.033035529977870265,-0.036971949559460246
1835,-576460708367,0.996460893602033,3.2471729796224467,0.030936652855957977,-0.03543609058563932
1836,-576460708350,0.9970196404614304,3.2465320971653986,0.031122197524167977,-0.03574538962183932
1837,-576460708331,0.9975811022708853,3.245886366250944,0.03130753611177798,-0.03605434512603932
1838,-576460708314,0.9981508737683328,3.245229332537937,0.03149450273612798,-0.036366014533039316
1839,-576460708296,1.0044220414641625,3.248312088874099,0.03322428900543576,-0.034980269118964444
1840,-576460708278,1.0050206511710966,3.2476799786976835,0.03328051123165576,-0.035246391964884445
1841,-576460708260,1.005621639799244,3.2470416217522633,0.03333686150538576,-0.03551312091216444
1842,-576460708242,1.0062207399577747,3.2464015650074387,0.03339294006854576,-0.035778563741924445
1843,-576460708224,1.0068224492251778,3.2457545382567496,0.033459931150065764,-0.03610930367534444
1844,-576460708211,0.9996846255313797,3.24948186545504,0.03139883990051669,-0.034246202473544235
1845,-576460708207,1.000250439001658,3.248862422739543,0.03146583098203669,-0.03457694240696423
1846,-576460708189,1.0008174899112188,3.248236991466813,0.03153282578507669,-0.03490770071380423
1847,-576460708171,1.001387232056902,3.2476039496551756,0.03159999549955669,-0.03523932257138423
1848,-576460708152,1.0019864880490128,3.2469322552213153,0.03174965216796669,-0.035768070405004224
1849,-576460708133,1.005570379296733,3.2482571369509117,0.03270703318028144,-0.035376833176350334
1850,-576460708115,1.0061609786680032,3.247615180538307,0.032849562587301435,-0.03588039987999033
1851,-576460708099,1.0066871225342917,3.247038025381994,0.03297601808184143,-0.03632717628827033
1852,-576460708081,1.0072811443863061,3.246380754652942,0.03295681415240143,-0.036625898693880325
1853,-576460708062,1.0041824458338229,3.247626203610489,0.03186119698561492,-0.03596835867342256
1854,-576460708045,1.004722244495571,3.2470142672012607,0.031843135550894915,-0.03624930925935256
1855,-576460708029,1.005265492421511,3.2463932588363735,0.031824948356494916,-0.03653221607170256
1856,-576460708010,1.0058403948705805,3.2457295420883185,0.03201054454485491,-0.037164957818502556
1857,-576460707991,1.0070854155456102,3.245491790581935,0.03237654661878671,-0.03759835425878074
1858,-576460707974,1.0076688532199654,3.2448105144575057,0.03256169973385671,-0.03822958546288074
1859,-576460707956,1.0082568950457427,3.2441163801410045,0.03274725470609671,-0.03886218669408074
1860,-576460707938,1.0088479508628532,3.2434136511871703,0.03292196557171671,-0.03921447058432074
1861,-576460707919,1.0094425157142837,3.2427041455355448,0.03309678319915672,-0.03956696974720074
1862,-576460707908,1.0029419026966366,3.246073672180561,0.03122204457977157,-0.03787999318536478
1863,-576460707903,1.0035055346030233,3.24538858545979,0.03139676515101157,-0.03823229664584478
1864,-576460707886,1.0040408501821387,3.2447362257092682,0.03166314521717157,-0.03861535920546478
1865,-576460707864,1.0046145424733026,3.2440360113200435,0.03194615638653157,-0.039022337792484776
1866,-576460707848,1.0052234808497769,3.2432915795779924,0.032243837444091566,-0.039450412120654775
1867,-576460707830,1.0079519819941996,3.2439797401563593,0.033107133750784896,-0.039220273293031474
1868,-576460707812,1.008548164260357,3.2432716162405306,0.0332385446553449,-0.03958274427083147
1869,-576460707796,1.0091145430036284,3.2425954758124655,0.033362906811184895,-0.03992577267003147
1870,-576460707777,1.009716226372471,3.241873584871903,0.03349451513920489,-0.04028878820138147
1871,-576460707759,1.0017675473543404,3.2455806935983977,0.031161354884376748,-0.038430246083332543
1872,-576460707741,1.0023287856995444,3.244884465458656,0.031271299346016745,-0.039018793322872544
1873,-576460707724,1.0028617834339424,3.244215782518223,0.03137535490857674,-0.03957581650703254
1874,-576460707708,1.0033962055046477,3.243538062730545,0.031479343204376745,-0.04013247960333254
1875,-576460707689,1.0095910002590252,3.246481369111196,0.03311334442923899,-0.039054169662613714
1876,-576460707670,1.0102214485402432,3.245736209431957,0.033218212329988984,-0.039346554124943714
1877,-576460707652,1.010820636568669,3.2450250438172312,0.03331757451423899,-0.03962358798001371
1878,-576460707634,1.0114214805416926,3.244309048148106,0.033416914631488985,-0.03990056030960371
1879,-576460707618,1.0119549475333485,3.2436709587025523,0.033504868176738985,-0.04014578549151371
1880,-576460707606,1.0018838736553342,3.24887103974572,0.030605067826487132,-0.03753946443625861
1881,-576460707600,1.0024386300131223,3.248191000597979,0.030877405606747132,-0.037827835546138604
1882,-576460707583,1.0029683419084356,3.2475424179017964,0.031135225546787132,-0.038100834107658604
1883,-576460707564,1.0035321001587492,3.2468529392800702,0.031407291683467134,-0.0383889175814986
1884,-576460707547,1.0040950611774462,3.2461652286907956,0.031676641384347136,-0.0386741246949386
1885,-576460707530,1.005867852225798,3.2463085305998636,0.03218588178626611,-0.038965843028196744
1886,-576460707513,1.0064158862904038,3.245641269171246,0.03236085451969611,-0.03962333648035674
1887,-576460707495,1.0070001485636457,3.244921655617251,0.03254635797178611,-0.040320401118436745
1888,-576460707478,1.0075583260670082,3.2442271869565786,0.03266129429018611,-0.040809115315236746
1889,-576460707458,1.0017446512488564,3.2467587161442504,0.03093749438617197,-0.039691313064055475
1890,-576460707442,1.002298017185555,3.246045598043194,0.03105734503781197,-0.040200923218335474
1891,-576460707423,1.0028577628567874,3.2453178454851277,0.031178108734971968,-0.04071441568165547
1892,-576460707405,1.003420412840003,3.2445822444172436,0.03134202940776197,-0.04102357730505547
1893,-576460707387,1.005424636183592,3.2447810398352472,0.03189607479710908,-0.04090441653989636
1894,-576460707370,1.006000369138051,3.24404181287381,0.03206004100594908,-0.04121366404629636
1895,-576460707351,1.0065786996766057,3.243297474971256,0.03222390703547908,-0.04152272261009636
1896,-576460707334,1.0071594285123464,3.2425458406287455,0.03237688675067908,-0.04208975222285636
1897,-576460707316,1.0017263810931354,3.2448787168090245,0.030801263716955237,-0.041098722690963777
1898,-576460707297,1.0023049360642298,3.2441031972396415,0.030960676084955237,-0.04168959536436378
1899,-576460707279,1.002864166709758,3.2433469146595226,0.031113987643355236,-0.04225785497628378
1900,-576460707261,1.0034211943447968,3.2425884783934267,0.03130856349003524,-0.04273528292880378
1901,-576460707244,1.0039872392963516,3.241813915619225,0.03150505816615524,-0.04321741908548379
1902,-576460707231,1.0079312567673997,3.244387903446368,0.03257570654330915,-0.04204244097657639
1903,-576460707225,1.0085186974719036,3.24362769881817,0.03277172151206915,-0.04252340008221639
1904,-576460707207,1.0091131966334428,3.2428529860385025,0.03287164640481915,-0.04301878284362639
1905,-576460707189,1.0097020872706652,3.242079090385852,0.03297033002881915,-0.04350801195178639
1906,-576460707172,1.0102962154373984,3.241291823541839,0.03306959291156915,-0.044000112764796394
1907,-576460707158,1.0029601335627267,3.2450451954144137,0.030962582762481237,-0.042115906104482785
1908,-576460707153,1.0035182916421939,3.244282763690535,0.031061873228981237,-0.04260814366534278
1909,-576460707135,1.0040793341607817,3.243511429574641,0.031279647809721235,-0.04310040857577278
1910,-576460707118,1.0046447058715615,3.242730668475558,0.031497579680841235,-0.04359302903061278
1911,-576460707099,1.0052134320939563,3.2419418278341023,0.03171529376528123,-0.04408515719319278
1912,-576460707081,1.0052016462024458,3.2407610249385987,0.03177421763771743,-0.04475255378480206
1913,-576460707063,1.0057809083993536,3.239943237290621,0.03196151399102743,-0.045227932321552054
1914,-576460707043,1.006352355774786,3.239132757549755,0.03214521423786743,-0.04569418354855206
1915,-576460707027,1.0069322832469965,3.2383065333130627,0.03233057343353743,-0.04616464536830206
1916,-576460707008,1.000395246239461,3.2410861912965725,0.030473193774594516,-0.04482304427366357
1917,-576460706991,1.000913968935427,3.2403207175614757,0.030617690216194517,-0.04532814346588357
1918,-576460706973,1.001467419685314,3.23949857079562,0.030771112388994517,-0.04586444328539357
1919,-576460706954,1.0020531736010245,3.2386224277347773,0.030932660465794518,-0.04642914787045357
1920,-576460706937,1.0036387431576332,3.238497149680584,0.03136523423920552,-0.046631740251655056
1921,-576460706919,1.0041928385363417,3.237671815408008,0.03155724801248552,-0.047092342484655055
1922,-576460706902,1.004762158894694,3.2368206299412217,0.03175332839588552,-0.047562699693405056
1923,-576460706883,1.00533567669873,3.235959976400075,0.031949637730525525,-0.04803360610990506
1924,-576460706866,1.005880613121131,3.235139906365992,0.032175617906205524,-0.048467927672545055
1925,-576460706854,0.9979692035962634,3.239165574806877,0.029906385870216285,-0.04644554665128602
1926,-576460706848,0.998510727615067,3.238323773455055,0.030146180673016283,-0.046906419173186026
1927,-576460706831,0.9990550266656815,3.2374760759659433,0.030385297375736284,-0.04736598842374603
1928,-576460706812,0.9995781510804971,3.236659895602751,0.030613351739896284,-0.04780429646342603
1929,-576460706795,1.0000960046250424,3.2358520826006805,0.030907710873146282,-0.04816398415087603
1930,-576460706778,1.0049194809878659,3.237791589506985,0.03238351313317832,-0.04725892090955701
1931,-576460706761,1.0055053148809685,3.2369373247938786,0.03269829468802832,-0.04764356346596701
1932,-576460706742,1.0060959244397176,3.2360774321146044,0.03301260414922832,-0.04802762915468701
1933,-576460706724,1.0066928505671107,3.2352091827356433,0.03332726330942832,-0.04846596708460701
1934,-576460706706,0.9985820909685531,3.238790857126274,0.03114308553661083,-0.04666565364369934
1935,-576460706689,0.9991171312342225,3.2379894074220408,0.03144204321171083,-0.047082118520659334
1936,-576460706672,0.9996583622823572,3.2371792220354276,0.031741595375110836,-0.047499411553299335
1937,-576460706654,1.000233301023449,3.2363161844742026,0.03195999911737084,-0.048122721428289335
1938,-576460706634,1.0008052640935219,3.2354523751450683,0.03217580151873084,-0.04873860724792933
1939,-576460706617,1.0017528999484173,3.234741118149801,0.03249671130261867,-0.0492931786935673
1940,-576460706599,1.0023398335464884,3.233848197079192,0.03271451008187867,-0.0499147620440573
1941,-576460706580,1.002930360336717,3.2329422124508054,0.03292145637677867,-0.0507837628405373
1942,-576460706563,1.0035293152677067,3.232013255842751,0.03313003579237867,-0.0516596213736573
1943,-576460706545,0.9951091791981861,3.2356838806933648,0.030753379723649815,-0.05021710194707501
1944,-576460706527,0.9956584659607138,3.234782251725246,0.030691529111049814,-0.05064189107476501
1945,-576460706509,0.996209219776928,3.233868738267354,0.030629387908849816,-0.05106867596769501
1946,-576460706491,0.9967602328733263,3.2329452411526356,0.030567091033649817,-0.051496530020575006
1947,-576460706473,1.000310282411561,3.2340016165368612,0.03132299449423628,-0.051010866569454465
1948,-576460706456,1.0008777876079102,3.2330787832546632,0.03165965867140628,-0.051406677650934464
1949,-576460706437,1.0014502399695389,3.2321506301346186,0.03199566898662628,-0.05180171999661446
1950,-576460706420,1.0020291237941938,3.2312147454202154,0.03233190348308628,-0.05219702590885446
1951,-576460706401,0.9905801397188304,3.236393349536915,0.029222847540420448,-0.04952153331819619
1952,-576460706382,0.9911391749190193,3.2354404099663774,0.029213905732870447,-0.05009061015512619
1953,-576460706365,0.9916354517247719,3.234585077660855,0.02920596545637045,-0.05059594729302619
1954,-576460706348,0.9921272139161921,3.233728824535414,0.02919809528237045,-0.05109682294942619
1955,-576460706328,0.9956877237604705,3.2348139074541806,0.030017499791683857,-0.050707771262402515
1956,-576460706312,0.9962323037753169,3.2338941720275094,0.030246984781593857,-0.051072279273852515
1957,-576460706294,0.9967760942509019,3.232976181342435,0.030474412748963856,-0.051433519964002514
1958,-576460706277,0.9973309585385315,3.2320399107457063,0.030704735785093855,-0.05179935910635251
1959,-576460706258,0.9978862576065494,3.231103316034118,0.030933522403153856,-0.052162757842052515
1960,-576460706246,0.9892244282307006,3.235481667335794,0.028454444316574873,-0.04996563950647
1961,-576460706240,0.9897404624344861,3.234577328190431,0.028812696265554872,-0.05039382618689
1962,-576460706222,0.9902683500204883,3.2336558697857556,0.02917462575368487,-0.05082640830266
1963,-576460706205,0.9907852860498083,3.232756979007272,0.02952474735935487,-0.051244877507089996
1964,-576460706186,0.9913193626584743,3.2318306641933296,0.02980720938851487,-0.051661839589189996
1965,-576460706168,0.995155704931413,3.23308512574064,0.03099101317284091,-0.05107060258653923
1966,-576460706150,0.9957113627943868,3.232169877208412,0.03127105898512091,-0.05148399792083923
1967,-576460706133,0.9962500634263006,3.231283364958861,0.03154018475228091,-0.05188127340793923
1968,-576460706115,0.9968166374255482,3.2303528532548538,0.03188464444816091,-0.05228437128107923
1969,-576460706097,0.9897107208189342,3.2333056554832735,0.030032830170779845,-0.05073531809853226
1970,-576460706078,0.9902534933843566,3.2323903500402973,0.030379275725199845,-0.05114073988754226
1971,-576460706061,0.9908032593790035,3.231466470912102,0.030726203284119846,-0.05154672573380226
1972,-576460706044,0.9913271858756182,3.2305843872834554,0.030850631247779845,-0.05212414793916226
1973,-576460706026,0.9947591320022188,3.2315453931478992,0.03176794802417221,-0.05185776525220212
1974,-576460706008,0.9953306722352214,3.230608869893463,0.03189922731309221,-0.05246698181652212
1975,-576460705990,0.9959066194239747,3.229658011818642,0.032030974568732204,-0.05307837003396212
1976,-576460705973,0.996482494991036,3.228699251552312,0.032065588073742206,-0.05363433143303212
1977,-576460705954,0.9970600197356057,3.2277287671103903,0.032100263220032205,-0.05419128291306212
1978,-576460705942,0.9886405347230078,3.231986546843147,0.029690989479135045,-0.05205521570219626
1979,-576460705936,0.9891834592226924,3.2310300711682607,0.029726192428885044,-0.05262064475044626
1980,-576460705918,0.9897107181008524,3.230092403600252,0.029760339771715043,-0.05316911866225626
1981,-576460705902,0.9902482762744118,3.2291303749465463,0.029892123587255043,-0.053586543958356256
1982,-576460705883,0.9907866483543795,3.228163631211817,0.030023527179835044,-0.054002764898056256
1983,-576460705870,0.9971809987093618,3.2324064904751277,0.03177235555628356,-0.05204547072648981
1984,-576460705864,0.9977537985146903,3.231466392128983,0.03190390538846356,-0.05246215488018981
1985,-576460705846,0.9983299626904405,3.230518727296514,0.03208945005667356,-0.05279300505412981
1986,-576460705828,0.9989414575484997,3.229512450082339,0.03228520601861356,-0.053142063287289806
1987,-576460705810,0.9995251696927336,3.2285514192039497,0.03247096707145356,-0.0534732993030498
1988,-576460705791,0.992700588157443,3.2313713743189845,0.03053556089432575,-0.05190640652672007
1989,-576460705774,0.9932526852107002,3.2304322384332638,0.03076428402403575,-0.05236671685314007
1990,-576460705756,0.9937775128524238,3.2295383116446303,0.030980144414035748,-0.05280114063314007
1991,-576460705739,0.9943372124744164,3.228583751310154,0.03120870247403575,-0.053261118753140074
1992,-576460705720,1.0007230768778583,3.231483631224447,0.033030937123447464,-0.05193799258342703
1993,-576460705702,1.0013193823456603,3.23054748568684,0.03329154845124747,-0.052182298552907035
1994,-576460705684,1.0019208103056607,3.2296062654922832,0.03355234818674747,-0.052426781142207037
1995,-576460705668,1.0024598408109193,3.228765171525815,0.03378437951574747,-0.05264429524360704
1996,-576460705650,0.9920192190493495,3.2334507008405344,0.030882610222369888,-0.05006291141771965
1997,-576460705631,0.9926076486591523,3.2324954471806704,0.031044311457569886,-0.050468940809599655
1998,-576460705615,0.9931349784725455,3.2316370819506357,0.031188510091169887,-0.050831021429689656
1999,-576460705596,0.993697405321948,3.2307192257290676,0.03134157489436989,-0.05121536486951966
2000,-576460705578,0.9987045613109843,3.232735904460235,0.03271114547417644,-0.05024117126568382
2001,-576460705560,0.9992954518917693,3.231827566779594,0.03293971623184644,-0.05067963098320382
2002,-576460705543,0.9998566650827035,3.2309634130740523,0.033155348063786436,-0.05109327038784382
2003,-576460705526,1.0004564865090086,3.230038293859122,0.03338427435621644,-0.05153241211592382
2004,-576460705508,1.001058945911867,3.2291063696891595,0.03354822235063644,-0.05200321392142382
2005,-576460705495,0.9920896108830916,3.233664892969306,0.03098052620123305,-0.0497166190158448
2006,-576460705490,0.9926487045782824,3.2327658072688767,0.031144446874023048,-0.0501873423630948
2007,-576460705471,0.9932111869997008,3.231857539803437,0.03130849504775305,-0.0506584318488448
2008,-576460705453,0.9937759005547875,3.230941962575163,0.03147233375565305,-0.0511289198213448
2009,-576460705435,0.9943516290883055,3.230005459764561,0.031638494802103054,-0.0515296508119448
2010,-576460705423,0.9976355283017834,3.2321778595013435,0.032538427983474526,-0.050525583771755485
2011,-576460705418,0.9982147816696044,3.2312771630676798,0.03270015381865453,-0.05091561835279548
2012,-576460705399,0.9988056485469895,3.2303558923192073,0.03286430217169453,-0.05131149532591548
2013,-576460705381,0.9994306569494664,3.2293786647383187,0.03303704773097453,-0.051728106201755476
2014,-576460705363,1.0000021241920072,3.228483562493281,0.03323539139007453,-0.05207593473965547
2015,-576460705351,0.9922159025826364,3.2324321980171145,0.03100534467540493,-0.05009373331889646
2016,-576460705346,0.99276834007973,3.2315394029917,0.03120958827055493,-0.05045190837424646
2017,-576460705327,0.9933316302243566,3.2306285602828284,0.03141647706120493,-0.050814722219096456
2018,-576460705310,0.9939307140969758,3.2296592865254703,0.031635027713754926,-0.051197987075046456
2019,-576460705290,0.9945020409703388,3.2287342677961894,0.031852790195234924,-0.05159329298728645
2020,-576460705272,0.9997337195818043,3.230897598697233,0.03334706802396104,-0.05055667781719648
2021,-576460705255,1.0003352555916813,3.2299850393841236,0.033564612718761044,-0.05095158837959648
2022,-576460705236,1.000907804972989,3.229115380650769,0.03377037273432104,-0.051325106122876475
2023,-576460705220,1.0015174668651536,3.2281872986658375,0.03397736503262104,-0.05180657350055647
2024,-576460705201,0.9880809862153215,3.2344261752889656,0.03015753355815805,-0.04868604242339574
2025,-576460705184,0.9886255938634735,3.233545640339994,0.030364514355608052,-0.04916748304991574
2026,-576460705165,0.9891739381191295,3.2326575288636628,0.030474746229768052,-0.04936923905491574
2027,-576460705146,0.9897227401732879,3.2317682590693484,0.030584672345928054,-0.04957043543491574
2028,-576460705130,0.9929799398117114,3.23278995767249,0.031440507955038555,-0.04890450308896109
2029,-576460705112,0.9935670532349413,3.231876433320088,0.031554494537438554,-0.04911313128896109
2030,-576460705093,0.9941367530792032,3.230987991678411,0.031664708066118555,-0.04947663086791109
2031,-576460705078,0.9947064374939676,3.2300961385720166,0.03177453633971856,-0.049838859821911094
2032,-576460705059,0.995280103151632,3.2291946171249903,0.03188474986839856,-0.050202359400861096
2033,-576460705046,0.982992064146954,3.23542204572696,0.02836201904681145,-0.04707460805636224
2034,-576460705041,0.9835040266999701,3.2345706764557636,0.02847218976937145,-0.04743796645476224
2035,-576460705022,0.9840176222174933,3.233713127574718,0.02865745622877145,-0.047951230546962244
2036,-576460705004,0.9845368274332027,3.2328425214211394,0.02884353670654145,-0.048466749803972246
2037,-576460704986,0.9850562289091981,3.231967944403046,0.029028494045041448,-0.048979157504472244
2038,-576460704974,0.9900361353602376,3.235295810214185,0.030394824467884933,-0.04743799514757098
2039,-576460704968,0.9905866851280773,3.234434520532184,0.030580894641624935,-0.04795348585819098
2040,-576460704950,0.9911369437168273,3.2335686248971514,0.030712181242524936,-0.04849826964529098
2041,-576460704932,0.9916903923327934,3.232691623495719,0.030843665266884937,-0.04904387265613098
2042,-576460704915,0.9922463601703234,3.2318045631131884,0.030975185851144938,-0.04958962737507098
2043,-576460704895,0.9867818444519998,3.233975755195766,0.029486746751024032,-0.048433811112440044
2044,-576460704879,0.9873152354773992,3.233099704292634,0.02972628892830403,-0.04881873141996004
2045,-576460704859,0.98785291212884,3.2322167678688833,0.029965817809504032,-0.049203630362010045
2046,-576460704842,0.9883941789685843,3.2313280876092416,0.030205027584784033,-0.04958801653278005
2047,-576460704824,0.9940241454125077,3.2338298500287435,0.03180762752903635,-0.04859170119790711
2048,-576460704806,0.9945988980074973,3.2329494523637274,0.032014769338386345,-0.049170518003257106
2049,-576460704789,0.9951805714591786,3.2320537042875976,0.03222304973188635,-0.04975251635675711
2050,-576460704770,0.9957596281199197,3.231157331497084,0.03242906445793635,-0.05032818375080711
2051,-576460704752,0.9907109029556586,3.2331176433572315,0.03106244118145252,-0.049496935241835065
2052,-576460704735,0.9912713697464294,3.2322226546353177,0.03131213906124252,-0.05010672865151506
2053,-576460704717,0.9918374285306012,3.231314932216983,0.03156232324818252,-0.05071770968399506
2054,-576460704698,0.9924077376316282,3.2303966191026174,0.03181239627920252,-0.05132841925983506
2055,-576460704680,1.0002805441411684,3.2343199347598066,0.0338299254164704,-0.04928389589559424
2056,-576460704662,1.0008888225827126,3.233432149609026,0.0338430390986604,-0.04948510346809424
2057,-576460704645,1.0014982508853125,3.232539405815237,0.0338561724765404,-0.049686613238094236
2058,-576460704626,1.0021416837017345,3.231593290018187,0.0338700331360104,-0.04989928193059424
2059,-576460704608,1.0027170801927172,3.230743767441486,0.033943342348110396,-0.05022123388569424
2060,-576460704596,0.9939264682075326,3.235242445991799,0.031419605506368325,-0.04796203936307251
2061,-576460704588,0.9944947997707563,3.234372867772351,0.03149764936174833,-0.04830478444385251
2062,-576460704572,0.9950602154448409,3.233503762053777,0.031575101386718325,-0.04864493038392251
2063,-576460704555,0.9956312696834698,3.232622945654279,0.03186832030297832,-0.04921268538080251
2064,-576460704537,0.9962078597418643,3.2317315102847943,0.03216166952427832,-0.04978069268520251
2065,-576460704524,1.0009096886212614,3.234843371185692,0.033453323013231825,-0.048339111566166465
2066,-576460704518,1.001515297033475,3.2339669841778544,0.03374690026835182,-0.048907560408726465
2067,-576460704500,1.0021251075951936,3.2330819346642268,0.03403995630331182,-0.049475000021206465
2068,-576460704482,1.0027437311690712,3.2321808612673903,0.03424832870361182,-0.049992203515226465
2069,-576460704464,1.0033626844214916,3.231275467975618,0.034455551018911824,-0.05050655237024647
2070,-576460704447,0.9944190456859944,3.235326809392113,0.03191300960184396,-0.0485238556463369
2071,-576460704430,0.9949635498078663,3.2344972887999,0.03210863906034396,-0.0490094297402369
2072,-576460704412,0.9955425925819876,3.233612314926194,0.03232609906032396,-0.0494687178930569
2073,-576460704395,0.9961265200769052,3.232717588414836,0.03254392203810396,-0.0499287726760769
2074,-576460704376,0.9980669789356348,3.2327114479979775,0.033133472229582156,-0.04997332094451554
2075,-576460704359,0.998634230057461,3.2318548315635374,0.03333997030000216,-0.050409456865295535
2076,-576460704342,0.9992328385246009,3.230947905462769,0.03351377854296216,-0.05087780031229554
2077,-576460704325,0.999804143615913,3.2300789471727733,0.03367882261106216,-0.05132252782604554
2078,-576460704307,1.0003780522185777,3.229202736894467,0.033843808445442165,-0.051767098423295535
2079,-576460704295,0.9891177562522173,3.2349563685300966,0.030608512605030693,-0.04887728906461414
2080,-576460704289,0.9897017165095701,3.23402194260271,0.030793123203050693,-0.04937474052236414
2081,-576460704272,0.9901948169433624,3.233228452043323,0.030909990579390693,-0.04991707695700414
2082,-576460704254,0.990758217265738,3.2323149478248627,0.031042980871630693,-0.05053423362804414
2083,-576460704236,0.9913130005799109,3.231408324226919,0.031173382722950692,-0.05113937834276414
2084,-576460704224,0.9934255126759165,3.2328131750721036,0.03175392013112031,-0.0504884298938736
2085,-576460704218,0.9939982677790367,3.231898886337054,0.031885535771120306,-0.0510992073338736
2086,-576460704200,0.994579387179906,3.230967901677055,0.03220262533937031,-0.0515734874551236
2087,-576460704183,0.9951623872778238,3.2300345094462237,0.03251763419857031,-0.0520446553991236
2088,-576460704165,0.9957457767464303,3.2291010833623193,0.03282982798082031,-0.052511612750373596
2089,-576460704152,0.9864853886447592,3.2338028603567954,0.03016813432159516,-0.05014874987293426
2090,-576460704146,0.9870279899740401,3.232897050757599,0.03018125165113516,-0.05059750740619426
2091,-576460704128,0.9875717330105384,3.2319816402012607,0.03019439086477516,-0.05104701361735426
2092,-576460704109,0.9881194282422705,3.231051798878329,0.030207619803225158,-0.05149958940790426
2093,-576460704092,0.9886594153228107,3.2301274126497947,0.030220656891065158,-0.05194560178886426
2094,-576460704075,0.9933077495091784,3.231936470924345,0.03142599654966582,-0.05111056593865422
2095,-576460704056,0.9938744638173019,3.2310119677787212,0.031503802808895816,-0.05154926923137422
2096,-576460704039,0.9944422005149627,3.230080187002009,0.031581557228965815,-0.05198768023385422
2097,-576460704021,0.9950118749233525,3.2291396240185923,0.03165938508784581,-0.05242650531417422
2098,-576460704002,0.9897644609970394,3.2311244003629755,0.030308293279729916,-0.05167206610657514
2099,-576460703986,0.9902814940302072,3.230241549981312,0.030605117790929916,-0.05233952457009514
2100,-576460703966,0.9908387127666752,3.2292870744706654,0.030921822690279918,-0.05305168733810514
2101,-576460703948,0.9914261643582302,3.228277536613867,0.03125223579042992,-0.053794675237795145
2102,-576460703930,0.9950815657313532,3.22943468105754,0.032326260113085044,-0.05347085182084314
2103,-576460703913,0.9956391952877707,3.22850986500082,0.03254455845572504,-0.05411593932852314
2104,-576460703895,0.9962201067471543,3.2275413143633704,0.032770424609685045,-0.05478339027004314
2105,-576460703877,0.9968455319208069,3.226492716497151,0.03301187080473505,-0.05550826013429314
2106,-576460703859,0.9974416483243361,3.225488797069852,0.03331540636123505,-0.05619348421054314
2107,-576460703845,0.9900272283739616,3.2292666878728267,0.031182411741535125,-0.05429551231092855
2108,-576460703841,0.9905924438990208,3.228281103725609,0.03148701115005512,-0.05498313800702855
2109,-576460703823,0.9911287969236732,3.2273432740083208,0.031773356208835125,-0.05562955495617855
2110,-576460703806,0.9916751055455233,3.226386054019729,0.03198071332671513,-0.056077760785678554
2111,-576460703789,0.9922544572021653,3.2253693639224004,0.03219915336675513,-0.05654992253417855
2112,-576460703769,0.9946065182450499,3.225538931406819,0.03290304328491442,-0.05646889090371112
2113,-576460703753,0.9951991764386536,3.2245209307592657,0.03312026129969442,-0.05693841122446112
2114,-576460703734,0.9957967584461258,3.2234927589966405,0.03325192812355442,-0.057258485829531115
2115,-576460703717,0.9963967781452998,3.222458708493445,0.033383609571374415,-0.05757859598462112
2116,-576460703698,0.9878923609790035,3.226065331409956,0.030894205818967534,-0.055564185044666724
2117,-576460703680,0.9884459492035238,3.2250689466137676,0.031024951333347532,-0.05588201999847672
2118,-576460703661,0.9890229501097044,3.2240274588373725,0.031138473163587532,-0.05632308411651672
2119,-576460703644,0.9895651853384232,3.2230447483005142,0.031244779105027532,-0.05673611248475672
2120,-576460703626,0.9901292718264573,3.2220183916911367,0.03135498651854753,-0.05716429916517672
2121,-576460703614,0.9955825818945169,3.225657717560286,0.03285339785868644,-0.05547995147184627
2122,-576460703608,0.9961803068388605,3.2246461162010265,0.03296446750976644,-0.05591148818677627
2123,-576460703591,0.996776114970773,3.223634186964809,0.03306402829701644,-0.05623227379224627
2124,-576460703573,0.997365793935983,3.2226299841843025,0.033162270581016444,-0.056548811170326264
2125,-576460703552,0.9979633756890719,3.2216096241125105,0.033261533463766445,-0.05686863692525626
2126,-576460703542,0.9852882663008767,3.2280739448293017,0.029613143419069062,-0.05362299267005967
2127,-576460703536,0.9858226515417224,3.2271057114892567,0.029766293310269063,-0.053964466638229666
2128,-576460703519,0.9863626057927126,3.226126227117024,0.029920243028669063,-0.054307723958419665
2129,-576460703502,0.9868690220394122,3.2252065367330274,0.030063914116669064,-0.05462806330796967
2130,-576460703483,0.9874124876524487,3.2242184540916643,0.030217336289469064,-0.054970144374699666
2131,-576460703465,0.9927989711678572,3.2264763992524443,0.03167879984281849,-0.05389344284914419
2132,-576460703447,0.9933705649684125,3.2255021423782715,0.03181045935469849,-0.05432124938380419
2133,-576460703428,0.993943826705293,3.2245213868931155,0.031941958003018495,-0.05474853321804419
2134,-576460703410,0.9945532627986734,3.223474778627124,0.03208116347825849,-0.05520085915422419
2135,-576460703392,0.9801916215873522,3.2301147520504974,0.02792222211543777,-0.051807048696564315
2136,-576460703375,0.9806715107191457,3.2292229402416095,0.02805784575198777,-0.052224658376964314
2137,-576460703358,0.9811743366578128,3.228285480508947,0.02819925188362777,-0.052660073404484316
2138,-576460703339,0.9816829779420401,3.227334078056717,0.02834157562050777,-0.05309831390432432
2139,-576460703320,0.9863007169851595,3.2290686133665107,0.0295436594770463,-0.05196142805931558
2140,-576460703303,0.9868327879849748,3.228132902297604,0.0296213577380263,-0.052087395348495574
2141,-576460703285,0.9873690778955254,3.22718996527998,0.0296994663923563,-0.05221402798252557
2142,-576460703266,0.987906214315509,3.2262457330889878,0.0297774929680163,-0.05234052754758557
2143,-576460703248,0.981976958671714,3.2285842111579455,0.028196825405786878,-0.05108841999840196
2144,-576460703230,0.9824878691682263,3.227659568410853,0.02847969536766688,-0.05148440679092196
2145,-576460703212,0.9830026427514773,3.226730017254497,0.028761890671586878,-0.05187944913660196
2146,-576460703195,0.9835211555548923,3.2257940232809945,0.028882667795886878,-0.05217769077470196
2147,-576460703177,0.9840423922054387,3.2248516668947147,0.029003572478016878,-0.05247624739841196
2148,-576460703163,0.9871298507719588,3.226921192219726,0.029851649282036652,-0.051519278251620414
2149,-576460703159,0.9876685378100893,3.225990693184574,0.029972553964166652,-0.05181783487533041
2150,-576460703140,0.988209372127185,3.2250548695595693,0.030093451932726653,-0.05211637492085041
2151,-576460703121,0.9887520386909604,3.2241152226447243,0.030300133708076653,-0.05245731767778041
2152,-576460703105,0.9892994262640938,3.22316770629467,0.030507195011476654,-0.05279888650510041
2153,-576460703092,0.984966217717972,3.225359750857395,0.02925938727840354,-0.05169838759373832
2154,-576460703087,0.9854948971588399,3.224425846244608,0.02946646008265354,-0.05203997539288832
2155,-576460703069,0.9860269191905926,3.2234864723022154,0.02967338337585354,-0.05238131655824832
2156,-576460703050,0.9865915603571697,3.22248644723851,0.02977817404210354,-0.05291218843834832
2157,-576460703032,0.9870978396890147,3.221584236225817,0.02987182087335354,-0.05338660539884832
2158,-576460703014,0.9922330425668517,3.2237008570454666,0.031233550728198434,-0.05246462293601992
2159,-576460702997,0.9927649980637183,3.2228046023335093,0.03132736857869844,-0.05293990628389991
2160,-576460702980,0.9933313964893199,3.221847568206431,0.03158831324319844,-0.05336768905944991
2161,-576460702962,0.9939019517883156,3.2208837463700672,0.03184901152839844,-0.05379506793012991
2162,-576460702944,0.9944470518998977,3.21996314124567,0.03209610098049844,-0.05420013699651991
2163,-576460702932,0.9918777160196734,3.2212729067317607,0.03135586163152707,-0.053542787414801694
2164,-576460702926,0.9924437738142039,3.2203064749266552,0.03161641498772707,-0.05396992869438169
2165,-576460702909,0.993014078219765,3.219331625053606,0.03170500904614707,-0.05426855163085169
2166,-576460702890,0.9935858830893132,3.2183515597870516,0.03179358834954707,-0.05456712483275169
2167,-576460702872,0.9941582311632612,3.217367927776139,0.03188200534772707,-0.054865150954381686
2168,-576460702854,0.9973883483385472,3.2181500243557206,0.03290382347356047,-0.054377035384704384
2169,-576460702837,0.997983355429234,3.2171680971014025,0.03319705867795047,-0.05470781206496438
2170,-576460702818,0.9985836751236075,3.2161801598359117,0.033490310170470466,-0.05503860711864438
2171,-576460702800,0.999189679921765,3.2151856025021255,0.03378375712055046,-0.055369622653364384
2172,-576460702782,0.9872517855733441,3.2206280411699924,0.030224910875325663,-0.052395747718383436
2173,-576460702765,0.9877996708557688,3.219676828110487,0.030281470397425663,-0.052652629918883434
2174,-576460702745,0.9883456983323895,3.2187259892539744,0.030337733224075663,-0.05290816458713343
2175,-576460702729,0.988888514648552,3.21777793655758,0.030393561938435662,-0.05316172760293343
2176,-576460702710,0.994981064207052,3.220528301782727,0.03207949058198368,-0.051596993707322514
2177,-576460702693,0.9955596157284747,3.219598796613219,0.03224332018267368,-0.05174451160237251
2178,-576460702674,0.9961412440092563,3.218666430176113,0.03240718621220368,-0.05189206229922251
2179,-576460702657,0.9967302830511309,3.2177242793553815,0.03257229992950368,-0.05204073645772251
2180,-576460702638,0.9973307432882218,3.216764217563127,0.032673841230003685,-0.05227978861610251
2181,-576460702625,0.9894369963146847,3.220797811079401,0.030399682389602976,-0.05025791123145533
2182,-576460702620,0.9900037507224708,3.219860161318229,0.030502360140602976,-0.050499638862215326
2183,-576460702602,0.9905178561551174,3.219008463734276,0.030595201526352978,-0.05071820937038533
2184,-576460702585,0.9910387717514405,3.218145155680199,0.030688986276352977,-0.050847444050385326
2185,-576460702567,0.9915943430267657,3.2172279563761363,0.030993180407912976,-0.050984387198945325
2186,-576460702548,0.9965929407303025,3.219272531202786,0.032516225441483186,-0.04975177441432896
2187,-576460702530,0.9971450076291752,3.218430441084805,0.032801675513643186,-0.04988027929848896
2188,-576460702515,0.9977430771017638,3.2175215287271803,0.03303237947987318,-0.05017061592130896
2189,-576460702499,0.9982993142881394,3.2166771638974945,0.033245509870823184,-0.05043883652860896
2190,-576460702479,0.9896058379530847,3.2204991801837,0.030799580669491206,-0.04834640479248381
2191,-576460702460,0.9901627838795204,3.2196255780263767,0.031028341892211205,-0.04863429650896381
2192,-576460702443,0.9906912262865877,3.2187989957451997,0.03128430560112121,-0.04883428213347381
2193,-576460702426,0.9912579246035776,3.21791630285707,0.031556492468281204,-0.049046942986233806
2194,-576460702408,0.9918304869500748,3.217028296624379,0.0318291320747412,-0.049259957566293804
2195,-576460702395,0.9950434175073256,3.219172777750024,0.032710934310574195,-0.04827106634631963
2196,-576460702388,0.9956655044240639,3.218256651386367,0.03299668826542419,-0.04849432722716963
2197,-576460702370,0.9962614790700938,3.21737888107241,0.03318227414975419,-0.04897614236992963
2198,-576460702352,0.9968587275159685,3.216495499127867,0.033367221184224194,-0.04945629894076963
2199,-576460702335,0.9973942237599444,3.215700325236394,0.033532178400494196,-0.04988455826120963
2200,-576460702318,0.990383961465133,3.2187088034791165,0.03152445353472771,-0.04840913867317573
2201,-576460702300,0.9909813516202535,3.2177900400041586,0.03174164708697771,-0.04889173238407573
2202,-576460702283,0.9915227492422952,3.2169549906466703,0.03193720754037771,-0.04932625838143573
2203,-576460702265,0.9920996106927054,3.216062779047574,0.03214426884377771,-0.04978633871879573
2204,-576460702246,1.0017335669924352,3.221213229393876,0.03483588223684575,-0.04745741942639783
2205,-576460702229,1.002363165483278,3.220354681275011,0.03501085515420575,-0.047788655442157824
2206,-576460702212,1.0029583806321936,3.219541495098471,0.03517547217502575,-0.048100287018777825
2207,-576460702193,1.0035926872404028,3.218673294608873,0.03535005686758575,-0.04843078809773783
2208,-576460702175,0.9961432541663264,3.2219634616999278,0.03314227888600736,-0.04675373037405111
2209,-576460702159,0.9967081086086454,3.221164728108403,0.03325650356598736,-0.04713760517611111
2210,-576460702141,0.9972740054624543,3.220360746342731,0.033370546979577365,-0.04752087079634111
2211,-576460702124,0.9978774709761109,3.2194992712714816,0.03349173363164736,-0.04792814269313111
2212,-576460702105,0.9984900405809038,3.218621655680172,0.033679668834817364,-0.04830691310047111
2213,-576460702093,1.0029932775530337,3.221606352691208,0.03491567884427267,-0.04693194375628516
2214,-576460702087,1.0036532336161934,3.2207180433729565,0.03510989950574267,-0.04732338207022516
2215,-576460702069,1.0042464746135848,3.219917457900482,0.03528357393139267,-0.047673410866525164
2216,-576460702051,1.0048855182372867,3.219052897176685,0.03546970592931267,-0.04804854703836516
2217,-576460702035,1.0054878825603595,3.2182366836183065,0.03566448432491267,-0.04833944993596516
2218,-576460702020,0.9956672443355423,3.2232792374615613,0.032836944708217575,-0.045817262171442406
2219,-576460702015,0.9962981806369368,3.2223986873681314,0.03305718598571757,-0.04614619406144241
2220,-576460701997,0.9968901834090517,3.2215721020200516,0.033262510660767575,-0.046452847901242406
2221,-576460701980,0.9974911399041269,3.220732653765296,0.03346965247011757,-0.046762215643842406
2222,-576460701961,0.9980947159023813,3.2198892835466224,0.033676414751417576,-0.047060258343662405
2223,-576460701943,1.0048667632099921,3.223140817444697,0.03557482761663279,-0.045469028762061166
2224,-576460701925,1.005472696368638,3.222366088917674,0.03577018105473279,-0.04575062589740116
2225,-576460701909,1.0061184947197388,3.2215397998866413,0.03597721935643279,-0.04604906647378117
2226,-576460701892,1.006732380103257,3.2207564497068755,0.03627434111178279,-0.046147741596111166
2227,-576460701873,0.9976347080161998,3.224959748979408,0.033780646398589256,-0.04373461237290823
2228,-576460701856,0.9982117441259131,3.2242151146515843,0.034078012943239255,-0.04383336879057823
2229,-576460701840,0.9987930125443791,3.223469855142698,0.034374959849089254,-0.04393198584480823
2230,-576460701822,0.9994135417211262,3.2226728103673996,0.034431291384159256,-0.044446877081238234
2231,-576460701803,1.0046653305540698,3.2249361827487046,0.03575855874586918,-0.04354755191720331
2232,-576460701786,1.0053093831110054,3.2241478344830474,0.03581476535653918,-0.04406130129803331
2233,-576460701768,1.0059567076110132,3.2233528807545255,0.036054280941659175,-0.04419824444659331
2234,-576460701750,1.0066076571650373,3.2225563024993176,0.036293543901259176,-0.04433504315639331
2235,-576460701731,0.998951909601149,3.2260341736813762,0.03413991922719736,-0.04233440013815069
2236,-576460701712,0.9995726733369329,3.225265868817397,0.03438083090071736,-0.042472141500910686
2237,-576460701695,1.0002255817653178,3.2244570389017673,0.03445143185663736,-0.04279799877951069
2238,-576460701679,1.0008107584272645,3.223728283596116,0.03451458605103736,-0.04308948568151069
2239,-576460701660,1.0014335229845897,3.2229487618735666,0.03458167017055736,-0.04339911107311069
2240,-576460701648,1.0047714648858246,3.225152655093414,0.035497928230671154,-0.04238362520036039
2241,-576460701641,1.0054113861295586,3.2243865403017087,0.03556495280587115,-0.042692975766360386
2242,-576460701624,1.0060217055300493,3.2236534585349927,0.03579239555035115,-0.04301750789034039
2243,-576460701606,1.0066689873801447,3.222875029335023,0.03603204409627115,-0.04335945615426039
2244,-576460701588,1.0073142413130154,3.222098084314811,0.03626936582819115,-0.043698084347930384
2245,-576460701570,0.9971528912015933,3.226897345754021,0.03339537008424168,-0.04124490218034588
2246,-576460701553,0.9977212769102906,3.2261971253271065,0.03374208664824168,-0.04146481042470588
2247,-576460701533,0.9983671648623801,3.2254056148666486,0.03413180491224168,-0.04171199290206588
2248,-576460701515,0.9989839231217096,3.2246538275132623,0.03449983803324168,-0.04194542137335588
2249,-576460701498,1.0006577175452505,3.224593382489553,0.035156517620198925,-0.041858037679101096
2250,-576460701481,1.0012917970842488,3.2238350443463695,0.03519124285002893,-0.042275555618001094
2251,-576460701462,1.0019250231260048,3.223070972695963,0.03522588717567893,-0.04269210080750109
2252,-576460701444,1.0025591543302714,3.222299064610415,0.03526054691164893,-0.04310883128260109
2253,-576460701427,0.9938076682668504,3.226357156064763,0.032866314673695864,-0.04104384435204558
2254,-576460701410,0.9944085651288455,3.225607123874276,0.03318445333894586,-0.04139992486884558
2255,-576460701392,0.9949677949049042,3.224909761410982,0.03347781583004586,-0.04172827435556559
2256,-576460701376,0.9955398158760075,3.2241970901754207,0.03377525231449586,-0.042061183708205586
2257,-576460701358,1.0029001007724543,3.227944542980511,0.0357300183708393,-0.04040774477479265
2258,-576460701338,1.0035970607395537,3.2271530147844203,0.0358374681105893,-0.04087050096026265
2259,-576460701320,1.004243136689378,3.226413372896714,0.0359367861608393,-0.04129823621759265
2260,-576460701304,1.0048197320400296,3.2257485179841785,0.0360251920795893,-0.041678975955342645
2261,-576460701286,1.005469444940572,3.2249958573094633,0.0362534707908493,-0.04205232616002265
2262,-576460701268,0.9969322595406164,3.22898170440178,0.033837216064906854,-0.040053072363460014
2263,-576460701251,0.9975441359024283,3.2282564954391444,0.03406605347364686,-0.04042733631878002
2264,-576460701232,0.9981588674697494,3.227526051136501,0.034294421068596856,-0.040800831892880016
2265,-576460701215,0.9987758347647177,3.22678706728576,0.03425369236601686,-0.04130392348086001
2266,-576460701195,1.000801818552738,3.226911168196492,0.034588454258685765,-0.04141333364549413
2267,-576460701178,1.0014239405482408,3.2261613263671793,0.03454773460642577,-0.04191631344155412
2268,-576460701159,1.0020461923868285,3.225401371919412,0.03450695838966577,-0.04241999193711412
2269,-576460701141,1.0027035456627897,3.224593326421804,0.034702693743545766,-0.04265533945983412
2270,-576460701121,0.9936524508602875,3.2287711364804212,0.03210460065737738,-0.04039565525873607
2271,-576460701105,0.9941722193803356,3.2281172121327457,0.03227099013381738,-0.04059571799809607
2272,-576460701088,0.9947507187635295,3.2273907952675036,0.03257229666703738,-0.040827458064486066
2273,-576460701071,0.9953082023001223,3.226693209813053,0.03286004330863738,-0.04104876898368606
2274,-576460701051,0.9990999320890255,3.2280141154156086,0.03404981929633653,-0.04032511132967737
2275,-576460701034,0.9997145682034069,3.2272873356017766,0.03435328730667653,-0.040558513825507375
2276,-576460701016,1.0003337712031808,3.226553728580277,0.034420300717316527,-0.040921690706057376
2277,-576460700999,1.0009276957537108,3.225845282663019,0.034484456000596526,-0.04126937806340738
2278,-576460700982,1.0015440089277967,3.22510520302455,0.03455090374019653,-0.04162948930915738
2279,-576460700968,0.9938914033090379,3.2290161148516585,0.032349619390326975,-0.03967263337907584
2280,-576460700961,0.9945042538776133,3.2282617385615517,0.03242004543480698,-0.04005430491167584
2281,-576460700944,0.9950554212725855,3.227579848096959,0.032533981431276976,-0.04030518652583584
2282,-576460700928,0.9956096649565758,3.2268922804490527,0.03264815240269698,-0.04055658554359584
2283,-576460700910,0.9961666692922884,3.226199417305217,0.03276249121336698,-0.04080835413535584
2284,-576460700891,0.9977634772168218,3.226054621173033,0.033156675911579385,-0.04079590261065039
2285,-576460700874,0.9983589937261683,3.2253199423035843,0.03343728655377939,-0.0413599676100504
2286,-576460700856,0.9989245382319584,3.2246186752870187,0.033701611266619386,-0.041891295708730396
2287,-576460700838,0.9995334370976898,3.2238598624078736,0.033983900708859385,-0.042458735321210396
2288,-576460700820,0.9910881375548335,3.227726636261334,0.03166015843856634,-0.040706705900320994
2289,-576460700804,0.9916267031155309,3.2270347355419657,0.031834956003486334,-0.040866121188600994
2290,-576460700786,0.9922062367786348,3.226291426569618,0.03202198445201633,-0.041036691036371
2291,-576460700768,0.9927845916191614,3.225550872920266,0.03220754972828633,-0.041205926471801
2292,-576460700749,0.9967277012465339,3.2270541891964037,0.03331594302207081,-0.04033908204011244
2293,-576460700733,0.9972937769685322,3.2263665714700775,0.03345007950530081,-0.04076225974512244
2294,-576460700716,0.9978635377869252,3.2256700481090235,0.03358454822491081,-0.04118648559919244
2295,-576460700694,0.9984695434999075,3.2249243986929748,0.03372698270725081,-0.04163584207477244
2296,-576460700680,0.9990816369441914,3.224166017604312,0.03375107310621081,-0.04196917266041244
2297,-576460700667,0.99024337903613,3.2286700224550393,0.031208541302185804,-0.03971428085533834
2298,-576460700662,0.9908014126188341,3.2279572344300593,0.031232275829305805,-0.040042687364418336
2299,-576460700642,0.9913634961386114,3.2272338932966305,0.031256164390505804,-0.04037322519021833
2300,-576460700624,0.9919262596540708,3.226504280157023,0.0312800635747458,-0.040703910003378335
2301,-576460700607,0.9924908731088562,3.2257691179950223,0.0314547647347458,-0.040980774663378336
2302,-576460700591,0.9975314191759523,3.228018116512136,0.03285740113797756,-0.03987723092166357
2303,-576460700572,0.9980900435472817,3.2273396266528573,0.03302199874755756,-0.04013808357549357
2304,-576460700555,0.9986858790484557,3.2266148110262285,0.03319666108507756,-0.040414886710013566
2305,-576460700538,0.9992519706299721,3.2259251029929685,0.03340234850507756,-0.04072723485001357
2306,-576460700519,0.9904652062356687,3.229996137487487,0.030918485523102408,-0.03865170903274056
2307,-576460700502,0.9909926622052047,3.229336286582486,0.031124209240882408,-0.038964112293000557
2308,-576460700486,0.9915245559985475,3.2286699455811165,0.03133029593646241,-0.039277066755860554
2309,-576460700467,0.9921055590814721,3.2279450996119166,0.03172967941760241,-0.03939509574480055
2310,-576460700450,0.997981922823604,3.2307956192979765,0.03356965048107698,-0.03787174989687928
2311,-576460700432,0.9985889745405184,3.2301136878807015,0.03395932409085698,-0.03798690934725928
2312,-576460700413,0.9992068107201367,3.2294254947453487,0.03435138182083698,-0.03810277337183928
2313,-576460700395,0.999824829540519,3.2287405112853973,0.034643183669786984,-0.03836761010023928
2314,-576460700378,1.0004161172976904,3.228086125775973,0.034920081879786985,-0.03861892042023928
2315,-576460700367,0.9937686214251364,3.2314815370569163,0.033007613896346245,-0.036918935178060136
2316,-576460700361,0.9943665959916939,3.2308132627135877,0.03330138660902625,-0.037185560644620134
2317,-576460700342,0.9949336965028449,3.2301805069441936,0.033577617005696246,-0.037436264863260134
2318,-576460700327,0.9955088815358567,3.2295386595224116,0.03384531500833625,-0.03780080251240013
2319,-576460700309,0.9961186254318866,3.2288570367713394,0.03412680427485625,-0.03818412040967013
2320,-576460700291,1.0040956331303132,3.233070031903535,0.03642986402545971,-0.036304701487543424
2321,-576460700273,1.004751205052791,3.2324136668992454,0.03652900553970971,-0.03674243047946343
2322,-576460700255,1.0054095476094027,3.231748431594058,0.03662829600620971,-0.03718081712442343
2323,-576460700237,1.006070044471971,3.231074930012779,0.03672764164020971,-0.037619447344583425
2324,-576460700218,0.9929165424579394,3.23752264391309,0.032851591599837845,-0.03449068388434471
2325,-576460700202,0.993475944192724,3.236935169412774,0.03297586601191785,-0.03464022930890471
2326,-576460700184,0.9940717537648551,3.2363091063099074,0.03310771563527785,-0.034798890352424706
2327,-576460700165,0.9946721346766272,3.235677875013548,0.03324004784931785,-0.034958132120704706
2328,-576460700146,0.9946193582576274,3.234618158305307,0.03319277912570818,-0.03531528829689325
2329,-576460700130,0.9952181400156321,3.2339810317270823,0.03334592050810818,-0.035484420362353254
2330,-576460700111,0.9958198790067618,3.23334064718846,0.03349911294330818,-0.03565360881143325
2331,-576460700094,0.9964238039865329,3.232697825567196,0.03365216072890818,-0.03582263750692325
2332,-576460700075,0.990393200393228,3.2354376651257604,0.03189610351590665,-0.03429732516678265
2333,-576460700057,0.9909721469298169,3.234813759176985,0.032104176894106655,-0.034673042816302645
2334,-576460700040,0.9915523376094287,3.2341857894846378,0.03231135320600666,-0.035047140635142644
2335,-576460700021,0.9921360002152549,3.233551364163425,0.032518437511106654,-0.03542107231750265
2336,-576460700002,0.9927228679742018,3.2329107785457456,0.032725337802606655,-0.03579467172690265
2337,-576460699992,0.9962673813720297,3.235270527064576,0.03369846364652579,-0.03470484557056979
2338,-576460699985,0.996875442729437,3.234642742108191,0.03383014509434579,-0.03501417895996979
2339,-576460699967,0.9974876415629039,3.234007549520931,0.033962206765125784,-0.03532440553256979
2340,-576460699949,0.9980978615557469,3.233371315023742,0.03409333250246578,-0.03563243350036979
2341,-576460699932,0.9987209681267026,3.2327190998192274,0.034248490470465784,-0.03590200077596979
2342,-576460699912,0.9866009197637153,3.2386028680615926,0.030736691922879825,-0.032896075620024084
2343,-576460699895,0.9871560528826215,3.2380078132643173,0.030889986463679825,-0.033162405427384085
2344,-576460699876,0.9877437842780478,3.237375828428485,0.031051457961279824,-0.03344294165930409
2345,-576460699859,0.9882733136350779,3.2368063870817205,0.03125710908349982,-0.03356198235841409
2346,-576460699840,0.9899321635951829,3.236934073676913,0.03177537033442995,-0.033349194073579606
2347,-576460699824,0.9904734855960248,3.2363667612487235,0.03198082786848995,-0.033468122714609604
2348,-576460699807,0.9910187470804339,3.2357969590738747,0.03218645479218995,-0.033587149406459606
2349,-576460699789,0.9916001929733906,3.2351873021834128,0.03232903957193995,-0.034058552725209607
2350,-576460699771,0.9921855403002495,3.2345677324979514,0.03247194867767995,-0.03453102830670961
2351,-576460699758,0.9842698746627531,3.2385953542920705,0.03019568183933772,-0.032514391583546895
2352,-576460699753,0.9848152851820003,3.2380051987900145,0.030338227067137718,-0.032985664138546894
2353,-576460699735,0.9853599115291581,3.2374102310613293,0.03047990215203772,-0.0334540598910469
2354,-576460699717,0.9859099231179779,3.2368043982864023,0.03062231290320772,-0.0338494756226869
2355,-576460699699,0.9864622524100148,3.2361917208004867,0.030764660371257718,-0.0342447156432869
2356,-576460699687,0.9898259724082196,3.2384451525689784,0.03168802669028502,-0.03320344799220719
2357,-576460699680,0.9903984977958783,3.2378430251810113,0.03183062729081502,-0.033599390856967185
2358,-576460699662,0.9909714487647694,3.237236402969603,0.03192977432181502,-0.03390808871216718
2359,-576460699644,0.9915471104451405,3.2366232405463076,0.03202908133856502,-0.03421728468876718
2360,-576460699626,0.9921579119902276,3.2359686645458945,0.03213411474181502,-0.034544309976167184
2361,-576460699607,0.9866414989837775,3.238465727357877,0.03048072178990406,-0.033290922910893736
2362,-576460699590,0.9871922606159605,3.237864118535189,0.03068782909670406,-0.03352480595273374
2363,-576460699569,0.9877464119929198,3.2372586692914767,0.030894809894154062,-0.03375854612954374
2364,-576460699553,0.9883044128105455,3.236648877456553,0.031101836695004062,-0.033992338257273734
2365,-576460699536,0.9910987178607286,3.2375323038629036,0.03192166105462923,-0.03353422998968592
2366,-576460699519,0.9916758165223594,3.2369268028557587,0.03218260571912923,-0.03372497658013592
2367,-576460699501,0.9922570619544121,3.236318444022016,0.03244330400432923,-0.033915543071055924
2368,-576460699483,0.9928435200931108,3.2357061115791255,0.03270423417592923,-0.03410627906741592
2369,-576460699462,0.9873290528587149,3.238190763931945,0.031214758180451913,-0.032738356465656614
2370,-576460699444,0.9878918457716175,3.237597952768559,0.03145356907333191,-0.03327257426046661
2371,-576460699427,0.9884608295336981,3.2369935180582994,0.031693177731011914,-0.03380857664787661
2372,-576460699409,0.9890338758215331,3.236379698804697,0.031932680020051916,-0.034344341089606614
2373,-576460699390,0.9912918391866228,3.236879341112706,0.03270881137798113,-0.03424323506721789
2374,-576460699373,0.991882472678005,3.2362602159820595,0.03302303341443113,-0.03465945600691789
2375,-576460699355,0.9924793197894735,3.2356330146550505,0.03333755269503113,-0.03507607067851789
2376,-576460699336,0.9931156536362151,3.2349626374181093,0.03366964435038113,-0.03551596185361789
2377,-576460699319,0.9936979452903948,3.234347911785326,0.03382678015172113,-0.03574005214703789
2378,-576460699306,0.9833147201771208,3.239635740216556,0.030841028930567137,-0.033091544773900854
2379,-576460699301,0.9838644821924186,3.239045352977784,0.031002946017157137,-0.033322453625570854
2380,-576460699283,0.9844229509202342,3.238444585704671,0.031166566152017138,-0.03355579118275085
2381,-576460699263,0.9850166968493396,3.2378047489920236,0.03133958492759714,-0.03380253207729085
2382,-576460699245,0.9855931722272301,3.2371818571102273,0.03153949206743714,-0.03413942710641085
2383,-576460699233,0.9877826053355822,3.238647594696734,0.032140347004132,-0.03346193246311141
2384,-576460699228,0.9883520656307401,3.238053622926477,0.032332938606732,-0.03378649892741141
2385,-576460699211,0.9889036586913751,3.2374762223970914,0.032518400013571994,-0.03409904917503141
2386,-576460699194,0.9894617097816132,3.2368900294101883,0.03270496256685199,-0.03441345513807141
2387,-576460699176,0.9900538661820785,3.2362648799428118,0.032977073977461996,-0.03492817509616141
2388,-576460699160,0.9824791474761374,3.240100963805612,0.03079837681802987,-0.033004618724185655
2389,-576460699158,0.9830372369346024,3.2395008818728,0.031070639141739867,-0.03351962414617565
2390,-576460699139,0.983594972883172,3.238897226142091,0.03134036612536987,-0.034029833774645656
2391,-576460699123,0.9841270645445098,3.2383177347725094,0.03159554508615987,-0.03451252468315565
2392,-576460699105,0.9846980179807635,3.237691612136041,0.03173816941785987,-0.03494090143645565
2393,-576460699092,0.9884906551282703,3.2402243802516333,0.0327791387120692,-0.03376947815998591
2394,-576460699087,0.9890821915591415,3.2396124412883562,0.0329215811047992,-0.03419730845375591
2395,-576460699068,0.9896799631055186,3.2389889548482103,0.0330649015508192,-0.03462777600873591
2396,-576460699049,0.990274628527752,3.238365072970574,0.033281792885579205,-0.034978592130975907
2397,-576460699033,0.9908739524169897,3.237734089781564,0.033498962503319206,-0.03532985836873591
2398,-576460699013,0.9839044826592382,3.2409582045784893,0.03153736814838045,-0.03374410526052307
2399,-576460698996,0.9844744646734642,3.2403472652436704,0.03175528792024045,-0.034096584853163074
2400,-576460698978,0.9850525996102444,3.239725543233628,0.032007250601900454,-0.034473174719203074
2401,-576460698960,0.9856320132708181,3.239100546710912,0.032257796045580454,-0.03484764634512307
2402,-576460698941,0.9904894845061781,3.241286715146884,0.033685154988281944,-0.03392176197222881
2403,-576460698924,0.9910982039444817,3.2406726219852215,0.033935311386241944,-0.03429565212046881
2404,-576460698906,0.9917103551103165,3.2400508348287547,0.03407770631663194,-0.03478797173003881
2405,-576460698887,0.9923250695272932,3.239420185426996,0.03422010124702194,-0.035280291339608805
2406,-576460698869,0.987308525630689,3.2416505802299773,0.03274085932827454,-0.03433359468341072
2407,-576460698852,0.987894571886954,3.2410329854294107,0.03288214680406454,-0.034822085353180716
2408,-576460698832,0.9884938385400184,3.2403989331401215,0.03311274918893454,-0.03500361689766072
2409,-576460698816,0.9890869573341295,3.239772490972178,0.03333941529610454,-0.035182049781340714
2410,-576460698797,0.9897025520371555,3.239123449187491,0.03357305242410454,-0.035365970293340716
2411,-576460698785,0.994320541545799,3.242200700284585,0.03484058547181826,-0.033942096258852875
2412,-576460698780,0.9949406466245431,3.241594982892522,0.035065854835288256,-0.034342373845742874
2413,-576460698762,0.9955744977669485,3.240972470097905,0.03528388350048826,-0.03474894631154287
2414,-576460698742,0.9962059941369763,3.240348853040851,0.035499770596668256,-0.03515152525201287
2415,-576460698726,0.9968465571954382,3.239712861628081,0.03571742418480826,-0.035557398286822875
2416,-576460698708,0.9958379768545209,3.2399204827480164,0.03535178472606173,-0.035439841449186125
2417,-576460698690,0.9964755478686631,3.2392795327491686,0.03546190041218173,-0.035749140485386126
2418,-576460698671,0.9971197617225454,3.238628289399615,0.03557281718426173,-0.036060689656186126
2419,-576460698653,0.9977615269658696,3.2379759415668623,0.03568296956134173,-0.036370091751986126
2420,-576460698637,0.9994893663376646,3.2391156056734403,0.036157452496454995,-0.03584278932128686
2421,-576460698635,1.0001782577619094,3.2384311302605657,0.036307852741524996,-0.03615799044775686
2422,-576460698616,1.0008267383724658,3.2377839439279947,0.036448863353665,-0.03645351326269686
2423,-576460698599,1.0014464511873,3.237162903972035,0.036583110582355,-0.036734861725186856
2424,-576460698581,1.002106155209983,3.236499064860707,0.036725481781574996,-0.037033235988806854
2425,-576460698563,0.9886315725180305,3.243113882239869,0.032656942774440624,-0.03369729994370183
2426,-576460698545,0.9891826444288863,3.2425427434446474,0.03265915428088063,-0.03399723546244183
2427,-576460698529,0.989781668021338,3.2419162104609516,0.032661558052340625,-0.03432324692085183
2428,-576460698511,0.9903595694816166,3.2413061470886277,0.03266387689692062,-0.034637740172781824
2429,-576460698493,0.9936885868415886,3.242507299427404,0.033537034168407094,-0.03415439293053843
2430,-576460698475,0.9943005103353592,3.2418819003635404,0.0336593084188171,-0.03452172455298843
2431,-576460698457,0.9949003042437373,3.24126463711623,0.0337787294019771,-0.03488048449918843
2432,-576460698438,0.9955107901000728,3.24063180093946,0.0339213932856271,-0.03529818772368843
2433,-576460698419,0.9857754010267207,3.245266693448736,0.031082977271455696,-0.03307160744604207
2434,-576460698401,0.9863349270925436,3.2446689920027807,0.031225047875855696,-0.03348757361804207
2435,-576460698385,0.9868668645982676,3.2440963904114177,0.031359516595465695,-0.03388128235734207
2436,-576460698366,0.9874655019544282,3.2434490612053057,0.0315556022863657,-0.03415121434384207
2437,-576460698348,0.9872892601666472,3.2423306824884075,0.03153640953402316,-0.03463858724248492
2438,-576460698330,0.9878325445986061,3.2417335331398642,0.03171342246539316,-0.03488226362693492
2439,-576460698312,0.9883964112336658,3.2411128762622936,0.03189610261326316,-0.03513374151388492
2440,-576460698295,0.9889725640151057,3.240477596819152,0.03209243375278316,-0.035421505392124915
2441,-576460698278,0.9895197107914829,3.2398731221492763,0.032277775232783155,-0.03569316165212491
2442,-576460698260,0.9888201122187908,3.2398824234800325,0.032104829584177125,-0.035652036566538016
2443,-576460698243,0.989366597893657,3.2392749997140733,0.032289876698297124,-0.03592326137247801
2444,-576460698224,0.9899487743374019,3.2386250292526153,0.032378431409997126,-0.03627562354367801
2445,-576460698207,0.9905323179399487,3.2379689709056856,0.03246695169331713,-0.03662784872319801
2446,-576460698189,0.9914603289152852,3.237533381578619,0.03264947204110616,-0.03687514618044159
2447,-576460698171,0.992049503682235,3.2368656767885553,0.03273810544624616,-0.03722782147548159
2448,-576460698154,0.9926057355163319,3.2362336330874877,0.03288235513264616,-0.03733640917014159
2449,-576460698135,0.9931661962644285,3.2355977264600626,0.03302706429424616,-0.03744534274668159
2450,-576460698118,0.9937618627661419,3.234922898008687,0.033180171641446154,-0.03756059827536159
2451,-576460698107,0.9876316547829052,3.2380463050978525,0.03141499989852553,-0.03599147878016094
2452,-576460698101,0.9881997659398175,3.237395976558136,0.03156849865052553,-0.036107028948960944
2453,-576460698082,0.9887684602199183,3.236744445418817,0.03174286011382553,-0.036426357003610944
2454,-576460698067,0.9893094274882513,3.236122702317839,0.03190783624258553,-0.03672849662359094
2455,-576460698048,0.9898854050161522,3.235458635730065,0.03208255681382553,-0.03704848235361094
2456,-576460698028,0.9967320952502391,3.238981293505822,0.033869123549017985,-0.03525654544280799
2457,-576460698012,0.9973405437517101,3.2383472236235717,0.03393591366845799,-0.035403718918957994
2458,-576460697993,0.9979521290956163,3.237708486004757,0.03400291591453799,-0.035551359820757994
2459,-576460697976,0.9985645800489653,3.237067447248743,0.03406988094541799,-0.03569891871805799
2460,-576460697957,0.9923576799086594,3.2399304039374153,0.03222589888786473,-0.03413944794588861
2461,-576460697940,0.9929466617954095,3.2393057698607177,0.03234836783180473,-0.03434362153088861
2462,-576460697920,0.9935543738119824,3.238659859525373,0.032474247269304736,-0.03455348090588861
2463,-576460697903,0.9941386288732471,3.238037543381923,0.03259480955936474,-0.034754475820888614
2464,-576460697884,0.9977409586332802,3.239412672553169,0.03354257563954859,-0.03423405401375259
2465,-576460697868,0.9983123544703764,3.2388272256779462,0.033656746610968596,-0.03461774831749259
2466,-576460697850,0.9989202092828899,3.2381994704400596,0.0337777788509286,-0.035024501281612594
2467,-576460697830,0.9995289240160986,3.237565764061493,0.0338985492616586,-0.0354303743164226
2468,-576460697812,0.9951685609800927,3.239459247208228,0.032686485919911405,-0.034478178085318625
2469,-576460697795,0.9957582526277756,3.238836421612301,0.032904042713971404,-0.034797790540128624
2470,-576460697777,0.9963527173298493,3.2382069360063386,0.03312191408879141,-0.03511786514519862
2471,-576460697761,0.9968847497101346,3.2376422085242154,0.03331569583695141,-0.035402549705358624
2472,-576460697743,1.0038022594705183,3.2412000770483296,0.03528630377091379,-0.033760774974828385
2473,-576460697725,1.0044523214624834,3.2405774691172162,0.03553040650363379,-0.03406513396503839
2474,-576460697706,1.0050940227445089,3.2399616110390657,0.035769735943633786,-0.03436354138503839
2475,-576460697689,1.005738857918124,3.2393407763434525,0.035890560062923786,-0.034629590316158386
2476,-576460697671,1.006386479757915,3.2387145603372227,0.03601149831290379,-0.03489589055759838
2477,-576460697658,0.9966312723933198,3.2437365406604832,0.033201450331546575,-0.032374785696012605
2478,-576460697653,0.9972292863309216,3.243152085133634,0.033322153606576574,-0.0326405685338526
2479,-576460697634,0.9978340521271014,3.2425583427882745,0.033443776640696574,-0.032908376637212605
2480,-576460697616,0.9984664494600017,3.2419345030205755,0.03360428664389657,-0.03323239601961261
2481,-576460697599,0.9990385131190958,3.2413675060852674,0.03374882562949657,-0.03352417492381261
2482,-576460697587,0.9986598119660293,3.241117490929084,0.033644912218096366,-0.033639764442507755
2483,-576460697580,0.9992707194449939,3.240505254366939,0.03379905763889637,-0.033950935728107756
2484,-576460697564,0.9998466008338867,3.2399255379549508,0.03394372425649637,-0.03424297228130776
2485,-576460697546,1.0004562621515831,3.2393098074827225,0.03422436627813637,-0.03460372892385776
2486,-576460697529,1.0010406194720856,3.238718350147679,0.03449121703589637,-0.03494675732305776
2487,-576460697511,0.995530484571063,3.241242066757385,0.03300703130889968,-0.03372517076672319
2488,-576460697493,0.9961262207709181,3.2406327008241593,0.03328900695673968,-0.03408764174452319
2489,-576460697476,0.9966610158061882,3.2400850025281334,0.03350193038185968,-0.034314793128223185
2490,-576460697459,0.9972669130874097,3.239464312379182,0.033741539039539685,-0.03457041290377318
2491,-576460697441,0.9978767205834361,3.2388394336176263,0.033980988144259684,-0.03482586246472318
2492,-576460697429,0.9961420777738385,3.237690209840623,0.03350498789304454,-0.03535729743568329
2493,-576460697420,0.9967465116610866,3.2370523352884595,0.03374399822712454,-0.03561227890648329
2494,-576460697405,0.9973554223172454,3.236406921958637,0.03388644061985454,-0.036072435906863286
2495,-576460697387,0.9979670340491653,3.2357530764511333,0.03402891465414454,-0.03653269512460328
2496,-576460697369,0.9985806309684523,3.23509157009139,0.03417125421180454,-0.03699251991856328
2497,-576460697356,0.9898796336294066,3.2395355208464696,0.031665541255838765,-0.03476074203160506
2498,-576460697350,0.9904841307039478,3.2388713937890863,0.03195233651107877,-0.03513265487256506
2499,-576460697332,0.9910605252764338,3.2382371485511143,0.032223421712608766,-0.03548419509368506
2500,-576460697314,0.991610601579833,3.2376309818840863,0.03248001925653877,-0.035816947884405065
2501,-576460697298,0.9921650080746623,3.237019193571048,0.03273660170915877,-0.03614968110488506
2502,-576460697278,0.9943134469936988,3.237347585025734,0.03330515357486171,-0.035971167976833064
2503,-576460697262,0.9948846232656076,3.2367296857055576,0.03344053989971171,-0.03623442012438306
2504,-576460697244,0.9954891442071481,3.2360735504095746,0.03358323542492171,-0.03651188465781306
2505,-576460697226,0.9960897302759216,3.2354195099887963,0.033724404244861714,-0.03678638058683306
2506,-576460697208,0.9867840696439365,3.239827792354448,0.03106550952024704,-0.03457042280315901
2507,-576460697190,0.9873452025812979,3.239202338842754,0.03126181885488704,-0.03490125460367901
2508,-576460697171,0.9879097129740341,3.2385711045338623,0.03145807367732704,-0.03523199453709901
2509,-576460697154,0.9884820612393307,3.237929079873624,0.03165581123160704,-0.035565233255639005
2510,-576460697136,0.9966976342198285,3.242396009559585,0.033830141473837366,-0.03358772737237666
2511,-576460697118,0.9973022921803608,3.2417929629588564,0.033907265184127365,-0.03396916510828666
2512,-576460697100,0.9979134927075087,3.2411778850117825,0.03398504552377737,-0.03435385039563666
2513,-576460697082,0.9985250717868401,3.2405569229525657,0.03406269626552737,-0.034737894718886664
2514,-576460697064,0.9945351354981569,3.242286597238493,0.03286848960772502,-0.033885345237659875
2515,-576460697037,0.9951281508526191,3.2416734792334436,0.03300014911960502,-0.034216177038179876
2516,-576460697028,0.9957230398919452,3.2410549224740595,0.03313169895178502,-0.034546733237399874
2517,-576460697009,0.99632144907407,3.2404290339359108,0.03330653599046502,-0.03494239057171987
2518,-576460696992,0.9969220702959695,3.239797007483273,0.033481101271785024,-0.035337432917399866
2519,-576460696979,0.9984688064135319,3.240821869087375,0.033905405595286195,-0.0348638531330159
2520,-576460696973,0.9991200450217592,3.240150022552804,0.03409131674638619,-0.0352845712544159
2521,-576460696956,0.9997003147442332,3.23954772421557,0.034256118173986196,-0.035657517936815895
2522,-576460696938,1.0003132051323562,3.2389080758152082,0.034461270336286196,-0.036059984065835896
2523,-576460696900,1.0009018869382282,3.238290556741681,0.034657175815186195,-0.036444310113695894
2524,-576460696899,1.0015062793665848,3.237653415470711,0.034857164095836196,-0.03683664577450589
2525,-576460696891,0.992323658949399,3.242383476300983,0.03221341182996279,-0.03446401107792123
2526,-576460696884,0.9929290010474277,3.241734042688892,0.03242881124961279,-0.03488658020733123
2527,-576460696867,0.9934773859281992,3.2411426820377467,0.03267297313591279,-0.03531709417331123
2528,-576460696851,0.994035974122258,3.240537454773012,0.03291981620871279,-0.035752335692191224
2529,-576460696833,1.0018369326832628,3.2446882390207445,0.03515728698125443,-0.03399464444014802
2530,-576460696816,1.0024361343291888,3.2441071883249526,0.035403434394854424,-0.03442865935070802
2531,-576460696799,1.0030408021605715,3.2435163097516426,0.03555863946767442,-0.034915146929088016
2532,-576460696781,1.0036826545425017,3.2428828937297456,0.035722651212564425,-0.03542923886659802
2533,-576460696763,0.9979819793848377,3.2455067513175644,0.03406013792103462,-0.034305013615286636
2534,-576460696745,0.9986033480052361,3.244877707041198,0.03422588003582462,-0.03482452936689664
2535,-576460696727,0.9992140458220748,3.244257728872611,0.03438799748103462,-0.03483202572401664
2536,-576460696710,0.9998347470084674,3.2436304403108873,0.03455199101150462,-0.03483960883185664
2537,-576460696690,1.0004588178188334,3.243002597033807,0.034716093828494624,-0.03484719699313664
2538,-576460696678,1.0020749811000271,3.2440704293522367,0.03515949468588848,-0.03435388437033906
2539,-576460696672,1.0027434893818776,3.2434187634790375,0.03533223113795848,-0.034361871753379056
2540,-576460696655,1.0033440134070495,3.2428338926949474,0.03542587245245848,-0.034551853248379054
2541,-576460696636,1.0039826438750528,3.2422100766448176,0.035525184985958476,-0.03475334063337905
2542,-576460696619,1.0045907530172085,3.2416143328440463,0.03561949382720848,-0.03494467642087905
2543,-576460696600,0.9968794997743387,3.2453031426356196,0.03330452887426444,-0.03308841601233793
2544,-576460696584,0.9974796444929588,3.2447049021284395,0.03339303932090444,-0.03339752610593793
2545,-576460696567,0.9980482377215393,3.2441344600284596,0.03347668061094444,-0.03368963136553793
2546,-576460696549,0.998651581178408,3.2435252980534814,0.03356520581260444,-0.03399879298893793
2547,-576460696531,1.0014915622548202,3.2443915219224078,0.034331326664931376,-0.033709694785382216
2548,-576460696514,1.0020758037635298,3.2438158968222917,0.03447582310653138,-0.03408268539554221
2549,-576460696496,1.0026984742155354,3.243198126293029,0.03462916019133137,-0.03447849647702221
2550,-576460696478,1.003323142742265,3.2425739900817176,0.034782310082531374,-0.03487382435314221
2551,-576460696460,0.9940158770441342,3.24705375937325,0.032066663512568386,-0.03248275984611655
2552,-576460696442,0.9945943584705405,3.24646754733828,0.03220905053256839,-0.03265191070611655
2553,-576460696424,0.9951752411062178,3.2458784546930204,0.03235139800061839,-0.03282101457976655
2554,-576460696406,0.9957591077039423,3.2452858901512207,0.03249384830373839,-0.03299024061792655
2555,-576460696388,0.997349799557576,3.245353103774723,0.032965511214581626,-0.03323952119423285
2556,-576460696370,0.9979454092203588,3.2447493069551503,0.03316190776874162,-0.03379687489465285
2557,-576460696351,0.99854288886908,3.2441371876387732,0.03335775920090162,-0.03435268159357285
2558,-576460696334,0.9991456651496047,3.243513233617522,0.033554188462381625,-0.034910128114082846
2559,-576460696316,0.9997606885183612,3.242871583325962,0.033753430553381626,-0.035311518021082844
2560,-576460696304,0.9942867579658747,3.2456686785284257,0.03217898988336697,-0.03390927969153555
2561,-576460696298,0.9948628574430443,3.2450599330940784,0.032373587534926966,-0.03430131298565555
2562,-576460696280,0.9954437004612101,3.2444428372002556,0.03256861038164697,-0.03469420287109555
2563,-576460696263,0.9960321815241271,3.2438139370590786,0.032850884134166966,-0.03521854696789555
2564,-576460696244,0.9966260060398908,3.2431753174991953,0.03313328340444697,-0.03574312422309555
2565,-576460696231,0.9977910186652199,3.2439462667775536,0.033452905220472694,-0.035386884155485035
2566,-576460696226,0.9983995923593975,3.243300451391021,0.033737124498272694,-0.03591484220748503
2567,-576460696208,0.9990053881385822,3.242653562425716,0.034017688071312696,-0.03643600952108503
2568,-576460696187,0.9996188049394026,3.241995196208993,0.0341170226718127,-0.03669141652838503
2569,-576460696172,1.0002335655468613,3.241332711441203,0.0342162855545627,-0.03694663913653503
2570,-576460696153,0.990878359680128,3.245771408547681,0.03144327673870705,-0.03463821831127441
2571,-576460696136,0.9914125887612879,3.2451817299376744,0.031536868402457056,-0.03487885920202441
2572,-576460696116,0.9919805960230547,3.2445518683003245,0.031571543548747055,-0.03510187935134441
2573,-576460696100,0.9925492274721298,3.2439179920772667,0.031606218695037054,-0.035324899500664406
2574,-576460696083,0.9930676703171825,3.243337175249969,0.03163780021958706,-0.0355280224020644
2575,-576460696071,0.9909801891301241,3.2419469048098373,0.031065122359998316,-0.036170698576782775
2576,-576460696065,0.9915589867360673,3.2412712222850653,0.031100991806088316,-0.036401400104502775
2577,-576460696048,0.9920908217949289,3.2406449733594966,0.031174776210488316,-0.03692985581690277
2578,-576460696031,0.9926239795885475,3.2400096234936755,0.031248569254748317,-0.03745837340936277
2579,-576460696013,0.9931816716225429,3.2393370126901186,0.031325572006998315,-0.03800987944411277
2580,-576460696001,0.985788000903621,3.243090964946634,0.0291999157686818,-0.03612744725903287
2581,-576460695995,0.9863146505485224,3.24243521839647,0.029277726347841797,-0.03668473907939287
2582,-576460695978,0.9868134595747825,3.2418095534829097,0.029391883892121797,-0.03690558244031287
2583,-576460695960,0.9873429813173698,3.2411439289104536,0.0295125871671518,-0.03713908883798287
2584,-576460695941,0.9878755029189029,3.240473059688716,0.0296334784221418,-0.03737295889209287
2585,-576460695924,0.9907772904887846,3.2413839149936883,0.030403438994444087,-0.037066873334340375
2586,-576460695907,0.9912961260658567,3.240750382426376,0.030639631429954087,-0.037470754445230375
2587,-576460695887,0.9918812505744351,3.240033580737226,0.030903835157304087,-0.03792253392188037
2588,-576460695870,0.9924392097460498,3.2393478164505254,0.031153685876484087,-0.03834977023790037
2589,-576460695851,0.9818791566083769,3.2443205588167396,0.027991133944750654,-0.03589421285864362
2590,-576460695834,0.9823834492074223,3.2436708203849203,0.028025816796200653,-0.036278898145993624
2591,-576460695817,0.9828599700319638,3.243051248300278,0.028058550242170653,-0.03664196157770362
2592,-576460695800,0.9833375808306904,3.2424248035794085,0.028091320287650653,-0.03700543095334362
2593,-576460695781,0.985017212038296,3.2425405823705566,0.028555204840515082,-0.03708086884815363
2594,-576460695764,0.9855325159062011,3.241869143293733,0.02869759977090508,-0.037519328565673624
2595,-576460695746,0.9860503830252482,3.241189811503535,0.02883999470129508,-0.03795778828319362
2596,-576460695728,0.9865709872899173,3.2405023566220352,0.02898243709402508,-0.03839639414583362
2597,-576460695710,0.9818084498131678,3.2424828263450083,0.02766947194846028,-0.03749225483485943
2598,-576460695692,0.9823148311004927,3.2417952192641057,0.02787915544566028,-0.037936341139499424
2599,-576460695673,0.9828191931076247,3.2411074982037036,0.02808644676606028,-0.03837536107997942
2600,-576460695656,0.9833258200746843,3.240413882562776,0.02829314004226028,-0.03881311442941942
2601,-576460695638,0.9838351838263079,3.239712958579197,0.02838154720376028,-0.03917564591316942
2602,-576460695626,0.98468365349563,3.2402803670682823,0.02861415395358307,-0.03891346250625724
2603,-576460695620,0.9852002800121372,3.2395755969490665,0.02870281686876307,-0.03927704275980724
2604,-576460695602,0.9857177562782045,3.2388653032180015,0.02879135190710307,-0.03964009862845724
2605,-576460695584,0.9862376698653924,3.2381490957759094,0.028976824447103068,-0.039938506048457244
2606,-576460695566,0.9867673087484362,3.2374187047186544,0.02916455356967307,-0.040240544092067246
2607,-576460695547,0.9822230684813482,3.239246930870244,0.027894152111376802,-0.03925531453403762
2608,-576460695529,0.9827265235969652,3.2385380846317897,0.028079511307046803,-0.03955353959394762
2609,-576460695510,0.9832326169265975,3.237822882505351,0.028124978629346802,-0.03987364974903762
2610,-576460695494,0.9837108247035873,3.237142863728033,0.0281678732823468,-0.04017564716893762
2611,-576460695474,0.9882173808097083,3.2390980168628976,0.029309565797348107,-0.03925677686568146
2612,-576460695458,0.9887456555456908,3.238388119559536,0.029355035644348108,-0.03957690479578146
2613,-576460695440,0.9892741525183543,3.237672360062861,0.029389695380318107,-0.03998286807975146
2614,-576460695423,0.9897740262662833,3.236989431421016,0.029422440384028106,-0.04036640444746146
2615,-576460695405,0.986258097880897,3.238310555245806,0.028294252240486394,-0.039744410826084375
2616,-576460695387,0.9867677914669908,3.237591380308259,0.028328931239356394,-0.04015059973295437
2617,-576460695369,0.9872847882599187,3.236856916252212,0.028462060459216395,-0.040528705594374374
2618,-576460695351,0.9877930001839925,3.2361316018972617,0.028592323382916396,-0.04089867076827437
2619,-576460695333,0.9889577526592781,3.2358246857959867,0.02890181525872403,-0.04107263495236208
2620,-576460695315,0.9894787343740543,3.2350826357974185,0.02903332121902403,-0.04144613052646208
2621,-576460695297,0.9900029168871625,3.2343345007294992,0.02918653918062403,-0.04164767387396208
2622,-576460695279,0.9905298290563523,3.2335827783197333,0.02933974863342403,-0.04184920602896208
2623,-576460695260,0.991067227362007,3.232816409444431,0.02949518739182403,-0.042053670618962084
2624,-576460695248,0.985394840951246,3.2356864744990688,0.027864890467726798,-0.040614375416987133
2625,-576460695243,0.9858935620993562,3.2349570949828994,0.027995453182606798,-0.04108135892098713
2626,-576460695225,0.9863948958358278,3.234218961524551,0.028126089017286797,-0.041548603952487134
2627,-576460695208,0.9869022934635043,3.233466933946561,0.028257690033326798,-0.04201930114698713
2628,-576460695189,0.9874122299821454,3.2327061798200036,0.0283893349212468,-0.04249015525798713
2629,-576460695171,0.9934687019770437,3.235642494474963,0.030072313111808687,-0.04123879487693034
2630,-576460695150,0.9940401167868087,3.234856556167389,0.030244867419678686,-0.04172297295691035
2631,-576460695134,0.9945552307291641,3.2341440789119127,0.030399580703158686,-0.042157090084830345
2632,-576460695117,0.9951039291133559,3.2333810688702247,0.030563519590368685,-0.042617093759170346
2633,-576460695098,0.984934645862109,3.2380823158869214,0.027623507558665408,-0.04026901739569578
2634,-576460695081,0.9854112456527143,3.2373859927744997,0.027759653280955407,-0.04064703773437578
2635,-576460695064,0.9859060347372207,3.236659857778006,0.02790029210476541,-0.04103753355689578
2636,-576460695047,0.9863815668586985,3.235958921694021,0.028034792465935408,-0.04141098540853578
2637,-576460695028,0.9868992240048265,3.2351924897663284,0.028125462063835406,-0.04173866771788578
2638,-576460695015,0.9915118686301513,3.238271403590332,0.02938917086529833,-0.04031686071638626
2639,-576460695011,0.9920304103538822,3.237558342510679,0.02947582217941833,-0.040630020842566256
2640,-576460694993,0.9925597024315806,3.2368269890383154,0.02956400801561833,-0.040948726771866256
2641,-576460694976,0.9930636238690764,3.2361274259213886,0.029647723080758328,-0.04125127521707626
2642,-576460694958,0.9936022358852267,3.2353782736941246,0.03003889218411833,-0.04176648046379626
2643,-576460694945,0.986925407013426,3.2387695531489564,0.02811921344584003,-0.04006550715832095
2644,-576460694940,0.9874360333444536,3.238042369790793,0.028510079115720028,-0.040580312755580945
2645,-576460694922,0.9879509630550203,3.2373098063359165,0.028898885772700028,-0.041092406445790944
2646,-576460694903,0.9884766920636401,3.2365601631479275,0.028933907651190027,-0.041372055133760945
2647,-576460694886,0.9889927449881853,3.2358202626990167,0.02896824377044003,-0.04164622805401094
2648,-576460694868,0.9890427713413307,3.234752380397441,0.028873690924381103,-0.04206885855468625
2649,-576460694849,0.9895906494848115,3.233951863097958,0.028910219161651103,-0.04236053547399625
2650,-576460694830,0.9901121663235042,3.233184454771195,0.028955726879151104,-0.04278879343174625
2651,-576460694812,0.9906035895572038,3.232455382972121,0.028998543266451102,-0.043191724178236246
2652,-576460694796,0.9792646588127666,3.2377034408555345,0.025633234009169285,-0.040595447551273395
2653,-576460694779,0.9797035102965707,3.2370055389909327,0.025676421527369285,-0.0410018708869334
2654,-576460694758,0.9801688609827641,3.2362634303358178,0.025851724435809284,-0.0411716043776734
2655,-576460694743,0.980635660227424,3.2355209844622252,0.026026386773329285,-0.0413407176485934
2656,-576460694726,0.9820240072184506,3.235442980009754,0.026450332784431454,-0.0412101090078968
2657,-576460694708,0.9824939114228686,3.234711758033129,0.026622199903391455,-0.0413765158650568
2658,-576460694691,0.9829486208933708,3.2340039213350877,0.026797615710111456,-0.0417809909536968
2659,-576460694674,0.9834321075693085,3.233248858690448,0.026982882169511457,-0.0422081797514968
2660,-576460694655,0.9839228919957066,3.2324798901741914,0.027169653017291455,-0.0426388373793568
2661,-576460694643,0.9737236896044539,3.237612152214955,0.02423743117294135,-0.0400634402079049
2662,-576460694638,0.974135506009996,3.236930473195971,0.024411878400841348,-0.0404656819402049
2663,-576460694620,0.9745804732197468,3.2361901715996164,0.024544795573281347,-0.0409845982176249
2664,-576460694602,0.9749931916284662,3.2354987214053925,0.024667439413821348,-0.0414634068170949
2665,-576460694585,0.9754389604588753,3.234746790083392,0.024799223229361348,-0.0419778984040649
2666,-576460694566,0.9792965896645677,3.2362926271733023,0.02586411084196514,-0.04142705750297642
2667,-576460694550,0.9797649573750006,3.235541877365515,0.02609303713439514,-0.04185541049716642
2668,-576460694530,0.9802363732077316,3.234785138395929,0.02632144282235514,-0.04228278936784642
2669,-576460694513,0.9807151367779919,3.234015500917877,0.02655139762605514,-0.04271306684994642
2670,-576460694495,0.9747779645293363,3.236479347679415,0.024731594440401804,-0.04160182645421415
2671,-576460694476,0.9752233978568188,3.2357258060566796,0.024755498936161805,-0.04211571856699415
2672,-576460694459,0.975669831439664,3.234962032859533,0.024779433973161805,-0.04263026724674415
2673,-576460694441,0.9761157787278067,3.2341905812610836,0.024803319878601803,-0.04314375971006415
2674,-576460694422,0.9800120936168484,3.23573311073684,0.025953874772807837,-0.042499448909498916
2675,-576460694404,0.9804807079276899,3.234964958511414,0.026160706059207835,-0.04292673274373891
2676,-576460694387,0.9809541757071244,3.234187257768835,0.026368031882157836,-0.04335503821970891
2677,-576460694369,0.9814307962940829,3.2334027991912526,0.026575104686407836,-0.04378282099525891
2678,-576460694348,0.9736437915451699,3.2367437507116668,0.02454480444071348,-0.04192343532551652
2679,-576460694332,0.9740882512578,3.23598775400122,0.02488079607416348,-0.042146257245716516
2680,-576460694314,0.9745388798641297,3.2352275379929876,0.02521688111646348,-0.042369141112516516
2681,-576460694296,0.9749959379369645,3.234462673422223,0.02555324638531348,-0.042592210819116516
2682,-576460694279,0.9754313645711474,3.2337357785793612,0.02566739050245348,-0.042914769872776516
2683,-576460694266,0.9821841190304311,3.2382761929532706,0.027515460370152085,-0.040819391724908276
2684,-576460694261,0.98268156273642,3.237536765176832,0.027636566459382086,-0.041161624566278275
2685,-576460694243,0.9831795256268842,3.2367936540594635,0.027757269734412088,-0.04150271909784827
2686,-576460694224,0.9836861093101569,3.2360369048456605,0.027966378189112087,-0.04173886200470827
2687,-576460694207,0.9841863244020758,3.235291014212011,0.028171334836962086,-0.04197031634103827
2688,-576460694194,0.975562284306635,3.2396339118406745,0.025691060788069823,-0.03978989029262863
2689,-576460694189,0.9760269232144813,3.238915069494347,0.025898225599119824,-0.04002383827311863
2690,-576460694171,0.9764991052916449,3.238186135267831,0.026107069534269823,-0.04025968246218863
2691,-576460694152,0.9769718963748478,3.2374554961339297,0.02623915314098982,-0.04063481863402863
2692,-576460694136,0.9774391360052979,3.236730423595859,0.02636903584172982,-0.04100370392080863
2693,-576460694116,0.9821883715720156,3.2388117306106925,0.027669903160872648,-0.04007629000548448
2694,-576460694097,0.9826635687914117,3.238121974691636,0.027795193938172646,-0.04043213357858448
2695,-576460694082,0.9831337501420316,3.237436675523728,0.028029246622222646,-0.04093315795103448
2696,-576460694064,0.9836409799599493,3.23669439678021,0.028279569754062647,-0.041469011622394476
2697,-576460694044,0.9767834376825623,3.2396445230309356,0.026415238702209454,-0.040154489368590424
2698,-576460694027,0.9772609762295458,3.2389172086506224,0.026665242260779452,-0.04068965894612042
2699,-576460694009,0.9777424106453703,3.238182336818276,0.026872085048029452,-0.04103086730867042
2700,-576460693991,0.9782292169647187,3.237438804621616,0.02707962938712945,-0.04137323295285042
2701,-576460693973,0.9822870927857562,3.239089906756653,0.028262907734151885,-0.04060778530685907
2702,-576460693955,0.9827756559871841,3.238387582243249,0.028461021376251887,-0.040934594050439074
2703,-576460693937,0.9832813990244794,3.23765772746379,0.028495230360361886,-0.04126088761621907
2704,-576460693920,0.9837946252299459,3.236912054992658,0.028529903580361886,-0.04159160917621907
2705,-576460693904,0.9842513216916284,3.2362442793336537,0.028560722294071885,-0.04188556552279907
2706,-576460693891,0.9781165948045712,3.2393373000479158,0.026795496202124805,-0.040331670068911696
2707,-576460693886,0.9785999233802455,3.238607296264243,0.026830219505664804,-0.0406628693378317
2708,-576460693868,0.979084310650309,3.2378713661037732,0.026972653988004802,-0.041079900902031695
2709,-576460693849,0.9795749503208487,3.237122283075953,0.027116164283384803,-0.041500082321431694
2710,-576460693832,0.9800654131095101,3.236369852863242,0.027258867718984805,-0.04191790134943169
2711,-576460693813,0.9847663221405393,3.2384557399894587,0.028499265363028034,-0.04091563615878961
2712,-576460693796,0.9852801628637545,3.237716393479736,0.028587805319708035,-0.04122484931198961
2713,-576460693778,0.9857954254252869,3.2369717297188956,0.028676315766348034,-0.041533959405589606
2714,-576460693760,0.986312741058666,3.2362208337214997,0.028764904906428034,-0.0418433443247896
2715,-576460693742,0.9774612790650717,3.240217615441158,0.026220935488529655,-0.03981886115595307
2716,-576460693723,0.9779566596641363,3.2394640497041323,0.026381198736529655,-0.040198737678703064
2717,-576460693706,0.978410985190674,3.238770702249133,0.026527328867729655,-0.04054511407380306
2718,-576460693687,0.9788853199760098,3.2380445769685293,0.026679040771729653,-0.04090472110330306
2719,-576460693670,0.9861904120614878,3.2418881975702245,0.028634043647951163,-0.039121427997384293
2720,-576460693652,0.9867061620576802,3.2411816666042723,0.028722495074511162,-0.03945185558266429
2721,-576460693632,0.9871949823375243,3.2405085686850685,0.028806077344471163,-0.03976409348214429
2722,-576460693616,0.9877442548532607,3.239748250306048,0.028899707783051162,-0.04011386827868429
2723,-576460693597,0.9840716819566669,3.241140141055603,0.02779080478725926,-0.039522770823635596
2724,-576460693578,0.9845891825991787,3.240401013733134,0.02789334461950926,-0.040008871987885594
2725,-576460693562,0.9850677210380052,3.2397119460355266,0.02798782999675926,-0.040456790137135594
2726,-576460693544,0.9855738882254914,3.238978878193963,0.02818431377043926,-0.04089576136257559
2727,-576460693527,0.9860507387898806,3.238285748502032,0.02836817251859926,-0.04130652657985559
2728,-576460693515,0.9875557471070977,3.2392881772294375,0.028779961331358777,-0.040844143628461234
2729,-576460693508,0.9880758133926311,3.2385486651816877,0.028976303373318777,-0.04128279820614123
2730,-576460693492,0.9885694027218409,3.2378441718831925,0.029161426804518775,-0.04169638889574123
2731,-576460693473,0.9890990184878624,3.23708643053872,0.029304739340148774,-0.04195337038809123
2732,-576460693457,0.9895948683355876,3.2363761524278076,0.029438282544128773,-0.04219283396119123
2733,-576460693439,0.9794287984393811,3.2410660657439685,0.02650137981953366,-0.039709469617569375
2734,-576460693420,0.979908463601709,3.240346959170938,0.026644170269423662,-0.039965514929619375
2735,-576460693403,0.9803881132180672,3.2396268354552706,0.026807617367293663,-0.04028452303408937
2736,-576460693385,0.9808722335849599,3.238898672071002,0.026971583576133662,-0.040604544314129375
2737,-576460693365,0.9836185276093159,3.2396226892486832,0.027755276687494633,-0.04025079271692453
2738,-576460693349,0.9840910692848687,3.2389367494445427,0.027909898898874633,-0.040552576836704525
2739,-576460693331,0.9845960799688115,3.2382024516693746,0.028149454372234633,-0.040959081615634524
2740,-576460693314,0.9851043563394546,3.2374623604088577,0.028388517890634634,-0.04136475158983453
2741,-576460693295,0.9856194217220603,3.2367113410901416,0.028628738167994633,-0.04177238448326453
2742,-576460693283,0.9794615491827883,3.2398280102931825,0.026856415861325922,-0.04020639858601452
2743,-576460693276,0.9799457096724727,3.23910275184818,0.027095053905165922,-0.04061134656693452
2744,-576460693261,0.9804076827486263,3.2384076988865513,0.027280308165645924,-0.04119808865301452
2745,-576460693243,0.9809004120612808,3.237660664810174,0.027476519378325924,-0.04181953388154452
2746,-576460693226,0.981341404232701,3.236987174737354,0.027650947515885923,-0.04237198719105452
2747,-576460693208,0.9865192798752257,3.239363146707872,0.029126787249153973,-0.04154368002482851
2748,-576460693190,0.9870443306366861,3.2386121041424136,0.029183031337143974,-0.04186379017991851
2749,-576460693172,0.9875697510346235,3.237856224754678,0.029239206716713973,-0.042183509284788506
2750,-576460693152,0.9881255081012713,3.237052039942496,0.029298508329393975,-0.04252102117466851
2751,-576460693135,0.979287069128505,3.241054507508927,0.02678761799018675,-0.040316688079968965
2752,-576460693118,0.9797708076129088,3.2403272529103497,0.02697304931406675,-0.04050733932360896
2753,-576460693100,0.9802311098662764,3.239636690420925,0.027148320864366752,-0.040687544794508965
2754,-576460693082,0.9806939563125548,3.2389437165190884,0.02732342755018675,-0.04086758075996896
2755,-576460693064,0.9811929541831039,3.238196628777582,0.02747838130698675,-0.041180383822568965
2756,-576460693052,0.9811890145501246,3.238193986192718,0.027477303872781907,-0.04118160210599362
2757,-576460693046,0.9817072849991626,3.2374164460922974,0.027637328874381906,-0.04150464242219362
2758,-576460693029,0.9821779046010607,3.2367090538965355,0.027781842333581906,-0.041796369796593624
2759,-576460693011,0.9826521794607151,3.2359948971989887,0.027926721671181907,-0.04208883576479362
2760,-576460692994,0.9831560641889451,3.235234589685982,0.028122747542381907,-0.04248374632719362
2761,-576460692975,0.9754840718479446,3.238595173335732,0.025968242147758776,-0.04080726651637106
2762,-576460692956,0.9759527431143434,3.237857908437812,0.026164268018958776,-0.04120217707877106
2763,-576460692939,0.9764254134129626,3.237112794296844,0.026360490134078776,-0.041597482991011056
2764,-576460692921,0.9769019346182224,3.236360474118872,0.026524611165488775,-0.04189623855300106
2765,-576460692904,0.9811101817349578,3.2381793542101307,0.02770639282867477,-0.041010452449181105
2766,-576460692887,0.981588663955896,3.237470654970941,0.02786322809208477,-0.041295945459171104
2767,-576460692867,0.9820850632739333,3.236734458091506,0.02802500857052477,-0.0415904404263311
2768,-576460692852,0.9825924994931232,3.2359793331464166,0.02827547064726477,-0.0421913131617511
2769,-576460692834,0.9708250351750058,3.2414512351882414,0.024988037622908202,-0.03964969763947275
2770,-576460692816,0.9712776512404575,3.240731214824189,0.025238458016178203,-0.04025047037388275
2771,-576460692798,0.9717324616592568,3.2400044667273318,0.0253269340344382,-0.04054869543379275
2772,-576460692779,0.972189117827495,3.239271945389838,0.0254154592360982,-0.04084708627560275
2773,-576460692762,0.9726730268579508,3.23849265257674,0.0255089322877982,-0.041162154776552745
2774,-576460692748,0.9762207618969171,3.2408880564530462,0.02647873582297451,-0.04005845937861175
2775,-576460692743,0.9766980696437862,3.2401644799447857,0.02656724626961451,-0.04035680048585175
2776,-576460692726,0.9771516043208461,3.239475292809032,0.02683375185353451,-0.040790866505091755
2777,-576460692707,0.9776098013632378,3.238778526502893,0.02710033588605451,-0.041225060296031756
2778,-576460692691,0.9781007515681424,3.2380314185374552,0.027383096019894512,-0.041685600611511754
2779,-576460692672,0.9691505950581061,3.242056020157825,0.024949121053585648,-0.03974812624001748
2780,-576460692655,0.9695817907952705,3.2413662215758694,0.02506488314109565,-0.04026098841004748
2781,-576460692638,0.9700037527180562,3.2406857618906746,0.02517765097638565,-0.04076058510841748
2782,-576460692621,0.9704616557874328,3.2399413473319005,0.02529945527689565,-0.04130021616744748
2783,-576460692604,0.9708998835361927,3.2392231553306514,0.02541547919363565,-0.04181423832266748
2784,-576460692592,0.9755424547416319,3.2423663202198445,0.026684290082352954,-0.04036644561956945
2785,-576460692586,0.9760153879144673,3.241650176769389,0.026845214483052954,-0.04069110395096945
2786,-576460692569,0.9764695086269752,3.2409611853386395,0.026998834901332956,-0.041001026799529446
2787,-576460692552,0.97692918028043,3.2402624631266215,0.027153448005502956,-0.041312952350869445
2788,-576460692534,0.9773928149064817,3.2395564057134436,0.027308507362962958,-0.041625778199789444
2789,-576460692514,0.9728859355451513,3.241336221950512,0.025949164486013986,-0.04065510382047137
2790,-576460692499,0.9733544490901034,3.2406005977101504,0.026027044184053987,-0.04095397542979137
2791,-576460692481,0.9738259068482795,3.239857151465586,0.026105178757963986,-0.04125382515232137
2792,-576460692462,0.9743193854319014,3.2390755739629555,0.026186713116783986,-0.04156672191038137
2793,-576460692444,0.9766622501926273,3.2395818759849573,0.026883161141438777,-0.04166285337118766
2794,-576460692427,0.9771234858082173,3.2388639129048413,0.027059370358468775,-0.04230452632772766
2795,-576460692410,0.9775804087795268,3.2381465277455193,0.027232807791428774,-0.04293610572100766
2796,-576460692392,0.9780720766449227,3.2373679044707218,0.027418208203218775,-0.04361124878322766
2797,-576460692374,0.9726915305175394,3.2395423877751317,0.02595818688510621,-0.042457520526292696
2798,-576460692356,0.9731348115524134,3.238817698347452,0.02617412346112621,-0.042769978906812695
2799,-576460692339,0.9736079763945785,3.2380449053337803,0.02640266882345621,-0.04310068209339269
2800,-576460692321,0.974090048648976,3.2372561666846096,0.02663349976638621,-0.04367401939415269
2801,-576460692304,0.9738204473290709,3.2360338090897964,0.026479810490807585,-0.04442687125593332
2802,-576460692286,0.9743002780850074,3.2352242915769205,0.026525520184307587,-0.044997874712133325
2803,-576460692268,0.9747761802052436,3.2344125923704006,0.02657077795650759,-0.04556323278757333
2804,-576460692250,0.9752558023870566,3.2335881889613893,0.02675612684814759,-0.04609825364905333
2805,-576460692232,0.9695630155542735,3.235843935795318,0.025167046148402598,-0.04508420295059068
2806,-576460692213,0.9700175648753401,3.2350278298397193,0.025352467168252596,-0.045619432014540676
2807,-576460692197,0.9704757062270559,3.234201630889017,0.025537991228402595,-0.04615495851059068
2808,-576460692178,0.9709370710528467,3.233367493255758,0.025701993866082594,-0.04648582705795068
2809,-576460692159,0.9751483004827807,3.2349819868436978,0.026891254819360194,-0.04568474140987952
2810,-576460692142,0.9756056859707449,3.2342045311494227,0.027045713100960194,-0.04599635461307952
2811,-576460692124,0.9760944467398271,3.233372832709397,0.027209797703530193,-0.04632738852121952
2812,-576460692107,0.9765589852425514,3.232579177665092,0.027425721581880193,-0.047016339124169526
2813,-576460692091,0.9770279418598827,3.2317725189581936,0.027641988297320196,-0.04770638362104953
2814,-576460692078,0.9653274969639288,3.237614667718334,0.0242793383185814,-0.04477473097289283
2815,-576460692072,0.965766287982361,3.236802705242248,0.024507744006541397,-0.04550350741781283
2816,-576460692054,0.9662094596607229,3.235977124977897,0.024736289368871397,-0.04623272952322283
2817,-576460692036,0.9666597808813653,3.2351341948790857,0.024782208612471397,-0.04645806647538283
2818,-576460692018,0.9671019248371371,3.2343041116109688,0.024827211389971397,-0.04667890610438283
2819,-576460691999,0.9707372197889219,3.235620575005645,0.025742859052653607,-0.04590889263065838
2820,-576460691981,0.9712274861725582,3.2347425491487076,0.02579089651955361,-0.04638372911076838
2821,-576460691962,0.9716907103163671,3.23390617493778,0.02583620226105361,-0.046831563274618376
2822,-576460691945,0.972156248603418,3.2330590220957545,0.025881654435153608,-0.04728084488240838
2823,-576460691927,0.9641098027617201,3.2364602281663752,0.023479790974391634,-0.04559311838889936
2824,-576460691909,0.9645344980878439,3.235635693343816,0.023719067230071632,-0.04604222530517936
2825,-576460691890,0.9649428283302908,3.234843189119697,0.02394686896871163,-0.04646979525386936
2826,-576460691874,0.9653763161720258,3.2340021269146466,0.02418635796167163,-0.04691930146502936
2827,-576460691856,0.9673825578717292,3.23428555979057,0.024846352240645027,-0.046844133886566414
2828,-576460691840,0.9678047880048118,3.2334864234997003,0.024889219121945028,-0.04728818142881641
2829,-576460691822,0.9682539260567165,3.2326296144684874,0.02493473693824503,-0.047759689358566414
2830,-576460691804,0.9687033102041396,3.2317654139314294,0.02498019668644503,-0.048230595775066415
2831,-576460691786,0.969156465944825,3.2308869872941015,0.02502595434924503,-0.048704588216066415
2832,-576460691774,0.9594817534901132,3.23569083696092,0.022244466981227343,-0.04629055410884104
2833,-576460691767,0.9598810359759189,3.234859555334572,0.022418003466827343,-0.046693967854041035
2834,-576460691750,0.960290357354225,3.234006600711072,0.022594519577767345,-0.04710430822227103
2835,-576460691733,0.9606939862979889,3.233164759730221,0.022767240791287346,-0.047505826735111036
2836,-576460691715,0.9611054836525031,3.232305760197987,0.022941990479387345,-0.047912060766561036
2837,-576460691701,0.9629363964763876,3.233544622871952,0.023441668782473248,-0.04734184316314428
2838,-576460691696,0.9633623346857814,3.232681446164723,0.02350919204135325,-0.047805501108104276
2839,-576460691678,0.963788507818424,3.231811884129882,0.02357655899639325,-0.04826808577078428
2840,-576460691660,0.9642079326359657,3.230950369172323,0.02364267179919325,-0.04872205862088428
2841,-576460691641,0.9646336985868941,3.230069194061287,0.02369884717876325,-0.04925704973915428
2842,-576460691623,0.9571480484107256,3.233075983844502,0.021475803308293004,-0.047837416110160055
2843,-576460691605,0.9575343436634244,3.232211833355805,0.021531906856333004,-0.04837172313460005
2844,-576460691587,0.9579222944019776,3.231336617381433,0.021588104097673005,-0.04890692245534005
2845,-576460691568,0.9583112360635001,3.2304526776070595,0.021601242581843004,-0.049248624085470045
2846,-576460691550,0.9659080142312525,3.234443426794521,0.023579149411107402,-0.04734157980758655
2847,-576460691533,0.966322341705992,3.233608849913519,0.0235919640105974,-0.04767485794519655
2848,-576460691514,0.9667472568629026,3.2327473409355987,0.0236050988474174,-0.04801646471617654
2849,-576460691498,0.9671496569522301,3.231927757770304,0.0236887942391974,-0.04830875891837654
2850,-576460691480,0.9628082226811564,3.2334289976220765,0.022405690822794217,-0.047424065083183385
2851,-576460691462,0.9632120294625901,3.2325732023720986,0.022494157004374217,-0.047733020587383386
2852,-576460691444,0.9636178791386791,3.231710889096509,0.022582721552754217,-0.048042319623583386
2853,-576460691426,0.9640253814753462,3.2308436841953445,0.022692800547914217,-0.048308427686543386
2854,-576460691409,0.9697168233799142,3.2336205144859798,0.024244514655984473,-0.04690487028742821
2855,-576460691391,0.9701374607907043,3.232806282105508,0.024350380305904473,-0.04716079289094821
2856,-576460691374,0.9705777122544553,3.2319531433341475,0.024460691677144472,-0.04742746270638821
2857,-576460691356,0.9710195718306883,3.23109539978377,0.024667568966944473,-0.047940955169708206
2858,-576460691339,0.9714401597051951,3.2302771018345497,0.02486288790249447,-0.04842575851107821
2859,-576460691321,0.9600713313887469,3.2353650633387723,0.021664984500510524,-0.045935453583987755
2860,-576460691304,0.9604629673999237,3.2345340187015217,0.021871896292860522,-0.04644903168647776
2861,-576460691287,0.9608348970164231,3.233743173696641,0.021863947604060522,-0.04654779391095776
2862,-576460691269,0.9612291591615643,3.2329026932158675,0.02185551847946052,-0.046652525536117755
2863,-576460691251,0.9623715861768464,3.2325711935244215,0.022051596136198996,-0.046522881370645516
2864,-576460691234,0.9627459328623088,3.231780444509335,0.022043661000548997,-0.046621475197635515
2865,-576460691216,0.9631446721789032,3.2309386071852626,0.022282870775828998,-0.04696279739116552
2866,-576460691199,0.9635256498644023,3.2301369780605267,0.022509050392708996,-0.047285527191295515
2867,-576460691180,0.9585372402336683,3.2319482253818643,0.02119784799468899,-0.0462836610744245
2868,-576460691162,0.9589352323413014,3.2310776250972166,0.02136815282168899,-0.0468286688344245
2869,-576460691145,0.9592997423622299,3.2302774682756916,0.02152294807005899,-0.0473240430000245
2870,-576460691127,0.9596669918268255,3.2294686524820237,0.02167778885447899,-0.047819562889624495
2871,-576460691110,0.9600593008078961,3.2286017768992457,0.02184198274356899,-0.04834501448882449
2872,-576460691092,0.962853049261665,3.229361054619112,0.02268159671202275,-0.048031762212239995
2873,-576460691072,0.9632629186541801,3.228492682391535,0.02286703833993275,-0.048470124499679995
2874,-576460691056,0.9636761023871979,3.227616469866345,0.02305246966381275,-0.048908462429599994
2875,-576460691038,0.9640926231423202,3.2267323690117684,0.02323790098769275,-0.04934680035951999
2876,-576460691019,0.9556411823482899,3.2302200853813745,0.020816664028428397,-0.047693059342009965
2877,-576460691001,0.9560173391698151,3.2293560678585043,0.020948374724168398,-0.04823960294306996
2878,-576460690984,0.9563740123790606,3.2285327803654953,0.021072502896648398,-0.048754682284189964
2879,-576460690965,0.9567649989064448,3.2276258731131473,0.021207737966748397,-0.049315850546089966
2880,-576460690953,0.9619883154937141,3.2311598708006204,0.02263241048617295,-0.047690133010544325
2881,-576460690946,0.9624089149192105,3.230272463112796,0.022756833078982953,-0.04807500893352432
2882,-576460690931,0.9627737692642673,3.2295008468223294,0.022864216631132955,-0.04840717805822432
2883,-576460690913,0.963186734553478,3.228625470417734,0.022985154881112954,-0.04878127587706432
2884,-576460690895,0.9636013469859578,3.2277444855831328,0.023105938718982956,-0.04915489605352432
2885,-576460690877,0.9559344041689306,3.230873932563384,0.021017910442709356,-0.04761255192435516
2886,-576460690859,0.9563151356096953,3.2300119958100257,0.021257399435669354,-0.048094393818275155
2887,-576460690841,0.9567001592293193,3.2291414286966966,0.021496875132549356,-0.04857620896103516
2888,-576460690824,0.9570890471019864,3.22826549538041,0.021768171612419354,-0.048874235082665154
2889,-576460690805,0.9574834071426115,3.227382876791439,0.022039875557659353,-0.049172708815425153
2890,-576460690793,0.959994987124696,3.229087599459831,0.022724896490237796,-0.04838816708848616
2891,-576460690787,0.9604063190783295,3.2282142675910737,0.022996434431067796,-0.04868645846115616
2892,-576460690768,0.9608460218803436,3.2272861345140953,0.023283199503687797,-0.04900147722753616
2893,-576460690749,0.9612660994801552,3.22640119599954,0.023436213254087797,-0.04941797609563616
2894,-576460690732,0.9616890466724815,3.225508518413175,0.023589269548487796,-0.04983459076723616
2895,-576460690720,0.9529737169173179,3.229823072972632,0.02107954783452957,-0.04765973389489198
2896,-576460690714,0.9533548032298395,3.2289608207310225,0.02123281684892957,-0.048076927583991985
2897,-576460690698,0.9536953609989433,3.2281892066883966,0.02136885554332957,-0.048447220855591985
2898,-576460690680,0.9540825757628466,3.227312523537519,0.02159771834740957,-0.048832312086871985
2899,-576460690662,0.9544767094563374,3.2264225994996383,0.021828206453249573,-0.04922013809831199
2900,-576460690644,0.9615521113226224,3.2301059696051047,0.02387690682700819,-0.04750041549214039
2901,-576460690626,0.9619845312028629,3.229246351674098,0.02410576963108819,-0.04788550672342039
2902,-576460690608,0.9624192077444357,3.228383130468507,0.02420504354733819,-0.048054610597070384
2903,-576460690590,0.9628557193287774,3.227516769791262,0.02430432849708819,-0.04822373326526038
2904,-576460690571,0.9576114739241126,3.2294781265716552,0.022766237378695906,-0.0469658368888167
2905,-576460690553,0.9580234227559666,3.2286280868388886,0.022962666640175905,-0.0473939047736867
2906,-576460690536,0.958438030616052,3.2277721518248472,0.023158681608935906,-0.0478210698123767
2907,-576460690518,0.9588566530802929,3.2269075235924047,0.023354925528935904,-0.0482487337923767
2908,-576460690498,0.9658061445231481,3.23040109531151,0.025335173737699432,-0.04666968100875907
2909,-576460690482,0.966238821384046,3.2296048660019774,0.025621940959979432,-0.04710364481063907
2910,-576460690463,0.9667287381683598,3.2287051890137994,0.025942818993059433,-0.04758922837931907
2911,-576460690445,0.9671981558161926,3.227844971639617,0.02624659096111943,-0.048048925401579075
2912,-576460690428,0.9676467879675617,3.22702444730566,0.02653366214111943,-0.04848334918157907
2913,-576460690415,0.9588524899128016,3.231413290702747,0.023998632556665504,-0.04627006133205415
2914,-576460690410,0.9592868857306494,3.2305755888422234,0.024227381081715505,-0.046730422767154146
2915,-576460690392,0.9597251578925147,3.2297300654770105,0.024456002630065504,-0.04719052865885415
2916,-576460690374,0.9601731994972341,3.2288653452398584,0.024687531944845506,-0.047656486494414146
2917,-576460690354,0.9606140013827132,3.228014262348275,0.024913220331425505,-0.048110689333574146
2918,-576460690343,0.9707042346107326,3.2348420212202664,0.027664419014346082,-0.04497021663293736
2919,-576460690338,0.9712040026554374,3.234031973221591,0.02784994307449608,-0.04501012201468736
2920,-576460690320,0.9717070269544901,3.2332213418765896,0.02803543622255608,-0.04505002074738736
2921,-576460690301,0.9722133058384524,3.232410127544351,0.028220898458526083,-0.04508991283103737
2922,-576460690284,0.9727225819816135,3.2315987367519976,0.028406237046136082,-0.04512977831848737
2923,-576460690271,0.9672427970894933,3.234345334287556,0.026825712073501515,-0.04374379799526667
2924,-576460690265,0.9677549670174106,3.233508739498296,0.027067056687191515,-0.04428637922999667
2925,-576460690248,0.9682171600581508,3.232751387923775,0.027283018658551515,-0.044771896231116666
2926,-576460690230,0.9686825861980352,3.2319865027910564,0.027498777467191517,-0.04525695648999667
2927,-576460690213,0.9691791085298129,3.231168433539679,0.027651986919991517,-0.04560933823143667
2928,-576460690194,0.9715343727899993,3.2315331807552465,0.02831216695369831,-0.04541322724754692
2929,-576460690176,0.9720457118052828,3.2307120230986026,0.028465427459298313,-0.04576572641042692
2930,-576460690157,0.9725593534508747,3.2298852541161414,0.028618551824098313,-0.04611791244946692
2931,-576460690140,0.9730763609548674,3.2290462861171,0.028836302206318314,-0.04711629314494692
2932,-576460690122,0.9628586392647762,3.2335947382642343,0.02595507036101718,-0.04538646484432375
2933,-576460690104,0.9633278167842576,3.2327687485879166,0.02617286914027718,-0.04638506743916375
2934,-576460690086,0.9638044249654096,3.231918480547528,0.02639227712111718,-0.04739104818772375
2935,-576460690068,0.9642801406566163,3.231059764640656,0.02639463934655718,-0.04789478257924375
2936,-576460690048,0.9647618382532454,3.2301810790513596,0.02639703106049718,-0.04840480526626374
2937,-576460690037,0.9678559190033199,3.23227437151253,0.027240678861329755,-0.047441996642360026
2938,-576460690031,0.9683629179751897,3.231386588351591,0.027243118018989754,-0.047962136498140025
2939,-576460690014,0.9688248166339034,3.230569421632043,0.027245340010229754,-0.04843596655106002
2940,-576460689996,0.9693196204487055,3.2296880080509127,0.027377811151889753,-0.04886641034693002
2941,-576460689978,0.9605339912560191,3.233450485213306,0.024831262952848106,-0.04694760156769348
2942,-576460689960,0.9609823382331931,3.2326012004063824,0.024962937088688106,-0.04737545562057348
2943,-576460689941,0.9614437296239273,3.231726637986458,0.025185575571948105,-0.04768051089476348
2944,-576460689924,0.9618886664995893,3.230885277142409,0.025398425753868106,-0.047972154413243484
2945,-576460689906,0.9623479519407713,3.230018803072521,0.025616285029428105,-0.048270661302383486
2946,-576460689887,0.9677606592081842,3.2325099471727583,0.027183876081690327,-0.04702161164573913
2947,-576460689869,0.9682520395502773,3.231658876973194,0.02730496203021033,-0.04735299464885913
2948,-576460689852,0.9687408866175927,3.2308100313909613,0.02742489324469033,-0.047681217423739125
2949,-576460689834,0.9692360079353202,3.2299481208143477,0.02754583149467033,-0.048012196211619125
2950,-576460689816,0.9658369182149794,3.231039137739108,0.026541907969330234,-0.047354149737761704
2951,-576460689798,0.9663163179351164,3.230180883446064,0.026695151457330233,-0.0479544891344617
2952,-576460689780,0.9668019679337146,3.2293055046311068,0.026849501089330232,-0.0485591619082617
2953,-576460689762,0.9672869344086917,3.228425498909354,0.027002753086130232,-0.0491595346386317
2954,-576460689741,0.9710852721833155,3.2297829946304937,0.028058639326981303,-0.04872439084169653
2955,-576460689726,0.971591040020795,3.2289018664351463,0.0281471546919613,-0.04919506188344653
2956,-576460689708,0.9720987961691608,3.228011572250237,0.028235738913701302,-0.04966609906369653
2957,-576460689691,0.9726075246740256,3.2271138972253426,0.0283242149319613,-0.050136560883446535
2958,-576460689672,0.973121936252473,3.2262004713803516,0.0284133991911813,-0.05061078869919654
2959,-576460689660,0.9645614049377532,3.2304989168647533,0.025941799811486494,-0.04843989989798009
2960,-576460689654,0.965027802949514,3.229627733366783,0.026254273352936494,-0.04905699428477009
2961,-576460689636,0.9655088985986622,3.2287284815313737,0.026572744232236493,-0.049685932629630086
2962,-576460689617,0.9660112871168536,3.227788787119076,0.026901286442736493,-0.05033476053673009
2963,-576460689599,0.9664965819628483,3.226877499494636,0.027011377668216492,-0.05090254707205009
2964,-576460689580,0.9705557446668184,3.228313533355831,0.028094103732789092,-0.05039419073934815
2965,-576460689563,0.971033410329685,3.227453751775403,0.028197884113149094,-0.05092942960458815
2966,-576460689545,0.9715428970655523,3.2265302133930573,0.028308158793429093,-0.05149816229310815
2967,-576460689527,0.9720565270856183,3.2255916353660554,0.028321391379229094,-0.05198342833550815
2968,-576460689509,0.9655792637974954,3.228176504367861,0.026317981080634358,-0.05068540052060111
2969,-576460689491,0.9660536322534635,3.2272588101267923,0.026331126130034358,-0.05116745642380111
2970,-576460689473,0.9665276316651776,3.2263336171700554,0.02634425440162436,-0.051648897050321114
2971,-576460689456,0.9670016292662157,3.2254025634151016,0.02632507178738436,-0.05180726773146112
2972,-576460689434,0.9674769388682829,3.2244653852935765,0.02630582203026436,-0.05196619274078112
2973,-576460689424,0.9700399393171104,3.2261996996066906,0.027004832589701797,-0.05116915609020402
2974,-576460689418,0.9705511387357812,3.2252291316183546,0.026984650292581798,-0.05133578010202402
2975,-576460689400,0.9710357999269492,3.2243053614636734,0.0269655017826618,-0.051493869219644016
2976,-576460689382,0.9715202257764984,3.2233735479698202,0.0268925058385718,-0.05210427340676402
2977,-576460689365,0.971976919316269,3.2224826614115987,0.026823506837331798,-0.05268125449508402
2978,-576460689353,0.9611881556826022,3.227892392346874,0.02370859534789038,-0.04994980453832944
2979,-576460689347,0.9616149620984612,3.226986282035495,0.023635433033590378,-0.05056159994072944
2980,-576460689330,0.9619945534969284,3.2261742805764753,0.02381942363189038,-0.05095127154568944
2981,-576460689312,0.962426463704473,3.2252504366907266,0.02402705997779038,-0.05139102221176944
2982,-576460689295,0.9628595052984765,3.2243242511278702,0.02423345423189038,-0.051828142265689436
2983,-576460689277,0.9677936950621951,3.226451311449436,0.025666508903454538,-0.050858340041749626
2984,-576460689258,0.9682838870081448,3.225482279588443,0.025987015432654536,-0.05125249884054962
2985,-576460689241,0.968728684409522,3.2246068509411034,0.026274458116534536,-0.051605995735869624
2986,-576460689222,0.9692046792173055,3.223673954995009,0.026578618475014536,-0.051980052020589626
2987,-576460689205,0.960184000380404,3.227505684644256,0.024139017943726252,-0.04994627376106573
2988,-576460689187,0.9606195903557232,3.2266022133027543,0.02424911528436625,-0.05041712787206573
2989,-576460689169,0.9610574548345551,3.2256896540461715,0.024359286006926252,-0.05088829581606573
2990,-576460689151,0.9614969371079617,3.2247693766169236,0.02446936500208625,-0.05135907146881573
2991,-576460689134,0.964176270660047,3.225362901658822,0.025189836137838515,-0.051130389813112555
2992,-576460689116,0.9646318218911588,3.224438756430949,0.025472000062318517,-0.05164376809087255
2993,-576460689099,0.965066881408866,3.2235571565804038,0.025738584094838517,-0.052128799803362554
2994,-576460689081,0.9655075106751465,3.2226652109799336,0.026005795716158516,-0.05261497337145255
2995,-576460689062,0.9659849921977657,3.2216997024890177,0.026292290003358518,-0.053136230452852554
2996,-576460689050,0.9577754358281811,3.225789051730554,0.023922742100892437,-0.051071812945345074
2997,-576460689044,0.9582277200310971,3.2248217801197425,0.02402681558964244,-0.051474872536895075
2998,-576460689027,0.958633451517644,3.223951188108974,0.02411979489414244,-0.05183496616827508
2999,-576460689005,0.9590685499774424,3.2230145930726732,0.024219107427642442,-0.05221958735921508
3000,-576460688992,0.9594808288454414,3.222124298604087,0.024312837010142443,-0.05258258669451508
3001,-576460688972,0.9653139337166502,3.224846589750654,0.02591572976065038,-0.05137684324414727
3002,-576460688956,0.9657514955474499,3.223977403278998,0.026038892751770383,-0.05182743978318727
3003,-576460688939,0.9662222176177541,3.2230385017745427,0.026170742375130382,-0.052309816700307266
3004,-576460688918,0.9667210075684772,3.2220419257328317,0.02637771429609038,-0.05268133813646727
3005,-576460688902,0.960022441207852,3.224681104099009,0.024502911033117476,-0.05122205840451024
3006,-576460688885,0.9604465162834629,3.223795075942774,0.024690880001157475,-0.05155946891235024
3007,-576460688866,0.9609115112046559,3.2228246361871182,0.024895355263357476,-0.05192650876355024
3008,-576460688848,0.9613606619784625,3.2218874898339904,0.025026927031477474,-0.05223558450395024
3009,-576460688830,0.9617876541938105,3.2209960048514756,0.025151369619097474,-0.052527913059350236
3010,-576460688817,0.9643552450774572,3.2227403129512195,0.025851843477086134,-0.05172685041849499
3011,-576460688812,0.9648488155436725,3.221752268221093,0.025991070888266132,-0.052053910059094995
3012,-576460688795,0.9652900489608869,3.2208682198345953,0.02611490658154613,-0.05234481295669499
3013,-576460688778,0.9657386537943055,3.2199668193300504,0.02624021198280613,-0.05285452234646499
3014,-576460688760,0.9662128478207456,3.219009231380338,0.02637201773428613,-0.053390673449924986
3015,-576460688743,0.9666587842433434,3.218104298306556,0.02649537083688613,-0.05389244140262499
3016,-576460688725,0.9671361399064123,3.217130939928567,0.02662678174144613,-0.054426986372744984
3017,-576460688707,0.9676162854182763,3.2161468048804465,0.026758309637686127,-0.054994299831464984
3018,-576460688691,0.9680461874437736,3.215261138681308,0.026875527989066127,-0.05549989256310498
3019,-576460688672,0.9748316008124717,3.2187690921018715,0.028724513198603627,-0.05399352468081754
3020,-576460688655,0.9753520196777152,3.217787952686792,0.028856684549083626,-0.05456361352225754
3021,-576460688638,0.9758713202569661,3.2168014692030256,0.028955792962833626,-0.05525920682465754
3022,-576460688618,0.9763931276931284,3.2158010905034784,0.029055039295333627,-0.05595576811105754
3023,-576460688602,0.9769169829596064,3.2147876707938567,0.02915433527858363,-0.05665267787169754
3024,-576460688587,0.9670012325722834,3.219759907111671,0.026306301877835992,-0.05416502339556617
3025,-576460688584,0.9674761131265579,3.2187826037791383,0.026534529798415994,-0.05458131381736617
3026,-576460688566,0.9679559255010675,3.2177961131057042,0.026763151346765993,-0.05499832222086617
3027,-576460688547,0.9684400971330253,3.2168016154570513,0.026991887174145995,-0.05541553907066617
3028,-576460688529,0.9689275725992015,3.2158012770363213,0.027220242071425996,-0.05583206109946617
3029,-576460688505,0.9762812017496437,3.2196001639724536,0.029202139168690643,-0.05382682315666362
3030,-576460688492,0.9768073912281073,3.21863018161278,0.029312120321290644,-0.05403888267301362
3031,-576460688472,0.9773358823610867,3.2176557886016273,0.029422168740650644,-0.05425107188937362
3032,-576460688455,0.977866058603555,3.2166781216653586,0.029532156008410644,-0.05446314319663362
3033,-576460688438,0.9783755670940948,3.2157389762111475,0.029678592456410646,-0.05467636339383362
3034,-576460688426,0.9698862886675403,3.2200031357553476,0.0272502431055012,-0.052557376137812375
3035,-576460688419,0.9704010288650684,3.2190110727661234,0.0274104978447012,-0.05279071659069238
3036,-576460688403,0.9708685950676641,3.2181111513089395,0.0275552580591012,-0.053001496091852375
3037,-576460688385,0.9713373498839492,3.2172100916116713,0.0276996268687012,-0.05321170568429238
3038,-576460688368,0.9718387966111341,3.2162485639223406,0.0279178007250212,-0.05343510990253238
3039,-576460688355,0.9762510201039666,3.219337856496633,0.029123525645995574,-0.052020979624768884
3040,-576460688348,0.9767771743044082,3.2183995240375283,0.029341300226735575,-0.05224397499544888
3041,-576460688332,0.9773068639625785,3.217457859954315,0.029558917517095575,-0.05246680930496888
3042,-576460688314,0.9778482993324344,3.216498330168461,0.029779716912835576,-0.05269290200564888
3043,-576460688296,0.9783789109381946,3.2155594826084526,0.029983937506285575,-0.053051036723698874
3044,-576460688278,0.9670310453423546,3.220578396237323,0.026801768416595383,-0.050458748849604745
3045,-576460688259,0.9675416793421748,3.2196173106103827,0.027019997045345384,-0.05084144898335474
3046,-576460688241,0.9680306375602165,3.2186962506438945,0.027227322868295385,-0.051345267218814744
3047,-576460688223,0.9685222084299385,3.217768234135089,0.027434177156395387,-0.051847939587094743
3048,-576460688204,0.9712682675933515,3.218401713899773,0.028256557773116708,-0.05163245901254673
3049,-576460688184,0.9717781795018063,3.217468844769651,0.028463343056116707,-0.052134963692946734
3050,-576460688170,0.9722643218907947,3.216580045389889,0.028689535969076706,-0.052355910955706735
3051,-576460688152,0.9727867351598948,3.2156285404367737,0.028930633787716705,-0.05259141746379673
3052,-576460688134,0.9605539365640507,3.2210201599302883,0.025542821780208225,-0.04969761114744127
3053,-576460688115,0.9610117105670318,3.2201315377028834,0.025780010551328225,-0.04992929926291127
3054,-576460688099,0.9614785100154766,3.2192295463629708,0.026008911448418225,-0.05014185399748127
3055,-576460688080,0.961948123985648,3.218326241004556,0.026237177462008227,-0.05035381918655127
3056,-576460688061,0.9624222649426666,3.2174183160938785,0.026465646638318227,-0.05056597303018127
3057,-576460688048,0.9669936538557664,3.2205979222488472,0.027715834587273235,-0.04911219038256113
3058,-576460688045,0.9674945120677565,3.2197121406677685,0.027944354554263237,-0.04932439138983113
3059,-576460688027,0.9679984193523913,3.2188216114356645,0.028032904347623237,-0.049601317575311124
3060,-576460688008,0.9685040896163191,3.2179257971547774,0.028121483651023238,-0.049878336049011124
3061,-576460687990,0.9690112141432479,3.2170252445477594,0.028210038362723237,-0.050155277615861124
3062,-576460687972,0.9617251371184348,3.21998375652077,0.02608532988416405,-0.048625494826098764
3063,-576460687952,0.9621942904901317,3.2191100331765354,0.02633404125516405,-0.04899722520009876
3064,-576460687935,0.962665556566938,3.218234000246287,0.02658152991104405,-0.04936712807281876
3065,-576460687919,0.9631196112358983,3.2173914599074966,0.026817819607984048,-0.04972029269517876
3066,-576460687902,0.9710537025228578,3.2216462653286806,0.02898701300030108,-0.047641296143104535
3067,-576460687883,0.9715762747560688,3.220786853150955,0.029118533584561082,-0.04791796084529453
3068,-576460687865,0.9721047519601106,3.219916632942941,0.02925093891840108,-0.048196486693254534
3069,-576460687848,0.9726040732653074,3.219093422481321,0.02937549118572108,-0.048458492949834536
3070,-576460687831,0.9578842614687528,3.2257862463528584,0.025140166455216533,-0.045077016360661464
3071,-576460687813,0.958311774853023,3.225018239829636,0.025223665113396534,-0.04539910111857146
3072,-576460687793,0.9587413637819336,3.2242435765162334,0.025307291648416535,-0.04572167914406146
3073,-576460687777,0.9592006631474956,3.2234121233341937,0.025396397214196533,-0.046065391788171456
3074,-576460687759,0.9596598948061216,3.2225784809951388,0.02548517816953653,-0.04629983330240146
3075,-576460687746,0.9648348460262791,3.2261426688465398,0.02690017050926223,-0.04466974925916857
3076,-576460687741,0.9653158515926984,3.225343154927576,0.02698797271494223,-0.04490160621512857
3077,-576460687724,0.9658080368141072,3.2245234787004193,0.02707752093132223,-0.04513807381523857
3078,-576460687706,0.9662909588406005,3.223717691254555,0.027165096893362228,-0.04536933333561857
3079,-576460687687,0.9667858643730035,3.222890716075009,0.02746023780896223,-0.045908280300818574
3080,-576460687670,0.9611218275435598,3.2251152566565193,0.026006308367766982,-0.044938856564635185
3081,-576460687652,0.9615925271722827,3.224301629786745,0.02629946213150698,-0.045474174858215186
3082,-576460687634,0.9620682104646561,3.223478874360948,0.02659243672581698,-0.04600916597648518
3083,-576460687616,0.9625541288099522,3.222642331467678,0.02693164162370698,-0.04613633088639518
3084,-576460687598,0.9710420772427497,3.2273032612184354,0.02945287204346092,-0.04375151845118416
3085,-576460687580,0.9715755532786451,3.2265141605220657,0.029789330721160922,-0.04387765382748416
3086,-576460687562,0.9721140813980259,3.2257200791835463,0.030007262592280922,-0.04429482435588416
3087,-576460687542,0.9726555677062414,3.2249199145414473,0.03022480728708092,-0.04471125374188416
3088,-576460687526,0.9732017569733105,3.2241110891713984,0.03044266656264092,-0.045128285306084155
3089,-576460687514,0.965830795252605,3.2277688414261374,0.02835365903641865,-0.043326758970234615
3090,-576460687508,0.9663432069097722,3.226985076500214,0.028571482014198648,-0.043743721052334615
3091,-576460687488,0.9668591447104912,3.2261948893248555,0.02876768232443865,-0.044074369118654616
3092,-576460687472,0.9673791926118265,3.2253978637028773,0.028964100683478648,-0.04440538465337462
3093,-576460687453,0.9679019335358505,3.224596171852905,0.029160202871758648,-0.04473586735891462
3094,-576460687434,0.9755933042345328,3.228612377058453,0.03131587200714371,-0.042856673732729555
3095,-576460687416,0.9761586119541481,3.2278383146306684,0.03143683039783371,-0.04306911055819956
3096,-576460687398,0.9767253100384667,3.227061506763599,0.03155762094927371,-0.04328125261091956
3097,-576460687379,0.9772958920303962,3.226278533376214,0.03167877403349371,-0.04349403137277956
3098,-576460687360,0.9723517263115882,3.2282269564389163,0.030233487165165444,-0.042349565289766945
3100,-576460687324,0.9734466147390969,3.2266885717948393,0.030625767858805445,-0.04316137904625694
3101,-576460687307,0.9740001379094194,3.2259073147981345,0.030822186217845444,-0.04356786126289694
3102,-576460687290,0.9813537877126736,3.2297064813678786,0.032905941932418865,-0.04170328304860738
3103,-576460687270,0.9819811930972886,3.2289119005547815,0.03314715956940886,-0.04195001095541738
3104,-576460687253,0.9825465629863098,3.2281968314707457,0.033363032657078864,-0.04217081535314738
3105,-576460687236,0.9831491210050928,3.227435695186717,0.03359157801940887,-0.04240458150541738
3107,-576460687205,0.9787538220807148,3.2291754164154196,0.032358035807514715,-0.041616048937980626
3108,-576460687198,0.9793703544233054,3.2283803753008797,0.03255377116139471,-0.04209011178426063
3109,-576460687178,0.9799578606001782,3.2276188805851773,0.03273920248527471,-0.04253921870054063
3110,-576460687163,0.9805483087042917,3.22684981959952,0.03292451016079471,-0.04298802614566063
3111,-576460687145,0.9811091023104225,3.2261171463957674,0.03305897097001471,-0.04321896335338063
3112,-576460687127,0.9831907368407012,3.2263335005815255,0.03360645797846306,-0.043007202452017924
3113,-576460687109,0.9837964620844388,3.2255577755059193,0.03374873425300306,-0.043251562766057926
3114,-576460687093,0.9843716385673132,3.2248201443983717,0.03388328207651306,-0.04348264942131792
3115,-576460687076,0.9849909379273142,3.2240220819329233,0.03408196814307306,-0.044101027647237924
3116,-576460687056,0.9751488876967777,3.2284875908562882,0.031308521246447826,-0.04210570326711196
3117,-576460687040,0.9756822985412531,3.2277674455854526,0.031493720994727824,-0.04268210751007196
3118,-576460687022,0.9762516488963047,3.2269927182016307,0.03169020476840782,-0.04329363145583196
3119,-576460687004,0.9768239635421205,3.2262067203913705,0.03186500298460782,-0.043990967129431964
3120,-576460686986,0.9773984010351411,3.225409593571494,0.03203949062096782,-0.04468706378351196
3121,-576460686966,0.9791363857413395,3.225310644880609,0.03253114726958709,-0.04507691099959757
3122,-576460686950,0.97968948498722,3.2245436939935592,0.032796821298347094,-0.04550962263881757
3123,-576460686934,0.9802492650502932,3.2237663837506028,0.03306353084862709,-0.04594402086447757
3124,-576460686915,0.9808530195621988,3.222926805620916,0.03334880133766709,-0.04640864987435757
3125,-576460686897,0.9697934620249664,3.2279413676079356,0.030316991380215295,-0.043969684988080904
3126,-576460686880,0.9703453082413661,3.2271398788796164,0.030438950092835294,-0.044270844387620904
3127,-576460686859,0.9709171575456876,3.226306975575725,0.030564816103195294,-0.044581652293740906
3128,-576460686842,0.9714678901786291,3.2255025831262776,0.030685546232505294,-0.044879777884510905
3129,-576460686822,0.9750064269524377,3.2267042753228425,0.03161920996578171,-0.04425642099640506
3130,-576460686805,0.975576247710024,3.2259043916601846,0.03173996694937171,-0.04468377610797506
3131,-576460686789,0.9761169883837351,3.2251410637484406,0.03185413792079171,-0.04508782353263506
3132,-576460686770,0.9766932730495399,3.224323039527648,0.031975364854281714,-0.04551684178190506
3133,-576460686749,0.9773089511690701,3.223444001314972,0.03210437281540172,-0.04597339683966506
3134,-576460686739,0.9697735305117207,3.2272002207619748,0.029962039173626675,-0.044110184274197085
3135,-576460686732,0.9703080024242069,3.226413837366216,0.030219462063426676,-0.044436532960237085
3136,-576460686715,0.9708529594704701,3.225612973020305,0.030479696575826675,-0.044766446089757085
3137,-576460686698,0.9714042800057683,3.224803704426694,0.030740728197726674,-0.04509736975737708
3138,-576460686679,0.971959526942142,3.223989611268499,0.031001397497126673,-0.045427834089497084
3139,-576460686661,0.9728410933737442,3.223383360504251,0.031123697277397857,-0.04572469941818112
3140,-576460686644,0.9734042181351038,3.222552929726421,0.031158530379467857,-0.046121872260221124
3141,-576460686626,0.9739308228537444,3.221770705477132,0.031191069270147857,-0.046492886121181125
3142,-576460686609,0.9744924303598151,3.2209315562721934,0.031268754571337855,-0.046834056540071126
3143,-576460686591,0.9659748572413166,3.224610690670225,0.028762140597284633,-0.044927225171660735
3144,-576460686572,0.9664922373671508,3.223800556842234,0.028839743819804635,-0.04526803512578074
3145,-576460686556,0.9670159854048662,3.2229764557022413,0.028918090070284636,-0.04561210823466074
3146,-576460686536,0.9675686996301481,3.2221034315423354,0.029137077755134636,-0.04608729409779074
