1,-576460703664,0.9003553658339765,3.1513770426066587,0.0,0.0
2,-576460703658,0.9003551519065192,3.1513767140121067,-6.151760095e-5,-9.449160370000017e-5
3,-576460703645,0.9003532815739571,3.151373841164003,-1.9201805881e-4,-2.9494151326000053e-4
4,-576460703628,0.9003491014383119,3.1513674204370123,-3.3289380724e-4,-5.113279650400009e-4
5,-576460703611,0.9003423400377167,3.151357156325462,-4.168733911599998e-4,-6.268525129600008e-4
6,-576460703590,0.8998730231997074,3.1523556853373678,-0.0016138609404276118,0.0017246343702675985
7,-576460703575,0.8998429731836207,3.152385924397417,-0.0016983480523276116,0.0016084116533675987
8,-576460703556,0.8998116094023917,3.152413871008577,-0.0017822624491676113,0.0014929767785275988
9,-576460703539,0.89978049616729,3.1524396810871833,-0.0017051819381776112,0.0014000432973275986
10,-576460703520,0.9001394331812647,3.1539400276443703,-3.985850908739077e-4,0.0060059014286025815
11,-576460703503,0.9001329238542369,3.1540479285911345,-3.2035979843390773e-4,0.005911587721402581
12,-576460703484,0.900126047484796,3.1541521128272727,-4.4674968851390754e-4,0.005710928581402581
13,-576460703466,0.9001168082361413,3.1542536307220503,-5.743310049339074e-4,0.005508377908902581
14,-576460703449,0.8990082303469289,3.1567182083262337,-0.004011546984999954,0.01251287726765967
15,-576460703430,0.8989345865765527,3.156942501014112,-0.004138945005059954,0.012310617600159671
16,-576460703413,0.8988587538916828,3.1571614913835653,-0.004287376998379953,0.012022997539939672
17,-576460703394,0.8987802229643627,3.157375375291532,-0.004435858471779953,0.011735281601039673
18,-576460703376,0.8986943704605058,3.157595667059057,-0.004592693832019952,0.011431378144999674
19,-576460703363,0.8997109470719286,3.1612838324650356,-0.001888922980283724,0.021341543110236543
20,-576460703358,0.8996756960581052,3.1616645072384686,-0.0020370168597237236,0.021054578220996545
21,-576460703339,0.8996382040833942,3.16204065171763,-0.0021315371441637232,0.020767133938356545
22,-576460703322,0.8995989584509151,3.1624121171569843,-0.002226183539723723,0.020479306140996547
23,-576460703305,0.8995603401435367,3.1627580775287827,-0.0023155437775037226,0.02020755400231655
24,-576460703285,0.8982420043424197,3.1657564707777106,-0.005289127156028143,0.025903316210286957
25,-576460703269,0.8981473494493134,3.1662161622279914,-0.005297484308728143,0.025510558108126958
26,-576460703248,0.8980527626527096,3.1666678005296287,-0.005305822300078142,0.025118700525046958
27,-576460703234,0.8979624642589213,3.1670917931293863,-0.005313770054178142,0.024745182781766958
28,-576460703215,0.8998637962037622,3.174055056609533,-0.0013657804136943544,0.0374233611931321
29,-576460703197,0.899837683112614,3.1747631910243355,-0.0013860074727343543,0.037199581512242105
30,-576460703178,0.899812174451634,3.1754410814223,-0.0014054853024943544,0.036984090841082104
31,-576460703161,0.8997871247183991,3.176093999944563,-0.0014243535175343543,0.036775344570442105
32,-576460703142,0.8961315890305379,3.1835853613478475,-0.007885708732876251,0.04868413352798957
33,-576460703126,0.8959976040951466,3.1844075397571996,-0.00794426945607625,0.048454147350069574
34,-576460703108,0.8958540468221373,3.185277513454821,-0.00800653865607625,0.048209596830069576
35,-576460703090,0.8957093202906186,3.1861433730331155,-0.008068828612476249,0.04796496479322958
36,-576460703072,0.8988548877476857,3.1961729809537447,-0.002847157869035442,0.06247870996555413
37,-576460703054,0.898803962214977,3.1972960199357514,-0.0028124923541954423,0.06233113466735413
38,-576460703035,0.8987508808832795,3.198478644787191,-0.0027758986230654423,0.06217535071870413
39,-576460703017,0.8987012678856421,3.1995955422101656,-0.0027412542974154424,0.06202786562545413
40,-576460702999,0.8986536621632375,3.2006487807765436,-0.002861066668115442,0.06191900891155413
41,-576460702987,0.8962630178879047,3.2045846233987896,-0.0062875008274477055,0.06762794402768818
42,-576460702982,0.8961485147751753,3.2058028466098065,-0.006414602753387706,0.06751246431630818
43,-576460702964,0.8960319229312806,3.2070168985275065,-0.006541486133667705,0.06739718316674818
44,-576460702946,0.8959115268688186,3.208244215722252,-0.006669976882027705,0.06728044162702819
45,-576460702927,0.8957914898655283,3.209440775114306,-0.006837816207527705,0.06736867692963819
46,-576460702916,0.8994830692742408,3.217870722925743,-0.002035108271668709,0.07852468979429642
47,-576460702910,0.8994448810165755,3.2192859149713624,-0.0022052045936687085,0.07861411162913641
48,-576460702892,0.8994033462562847,3.220712083438705,-0.002376424692168708,0.07870412424780641
49,-576460702872,0.8993601508959932,3.2221292546231712,-0.002417200908928708,0.07856712028292641
50,-576460702856,0.8993166040836238,3.2235317215315353,-0.0024576241632087077,0.0784313022362864
51,-576460702837,0.8970642323418379,3.2281025077644587,-0.005093777913197915,0.081970321479894
52,-576460702819,0.8969721880704444,3.229576578353632,-0.005134499828037914,0.081833499963974
53,-576460702800,0.8968793798346566,3.2310478037395027,-0.005175235318357914,0.081599668873054
54,-576460702783,0.8967852331292645,3.232524257580214,-0.0052162332679579135,0.081364331205454
55,-576460702764,0.9004491014008221,3.240877761973423,-0.0011865475822811248,0.08873210388999556
56,-576460702747,0.9004277487665472,3.242446020242588,-0.0012265884605411246,0.08850226003218556
57,-576460702729,0.9004054539184598,3.244038781142581,-0.0012458094421411246,0.08812772610508555
58,-576460702711,0.9003828655503071,3.2456211016708103,-0.0012649856618211245,0.08775406439450556
59,-576460702693,0.9013195342751796,3.2460558923533056,-3.1149731974972885e-4,0.0862375754818387
60,-576460702675,0.9013135570638241,3.247656061417211,-3.3131725846972883e-4,0.0858513704670187
61,-576460702656,0.9013063138051584,3.249262551463383,-4.410910236697289e-4,0.0854618842567187
62,-576460702638,0.9012974434575194,3.2507947782871813,-5.46258446389729e-4,0.08508874172263871
63,-576460702620,0.9037804830039248,3.256001167886868,0.0016974971091007268,0.08826214585018353
64,-576460702603,0.9038088924150278,3.2574985888219854,0.0016489203598907267,0.08812291040963353
65,-576460702586,0.9038365490540717,3.2589976049356286,0.0016002148661307266,0.08798330594883354
66,-576460702566,0.9038649095743619,3.2605811178331865,0.0015486798532607265,0.08783559124298354
67,-576460702548,0.9038937777351679,3.2622461465284562,0.0014943982899907264,0.08768000410513355
68,-576460702536,0.90239957798496,3.263685026709612,1.646964173607113e-4,0.08899269970849603
69,-576460702530,0.9024038360262056,3.2653814420553933,2.8142870660071144e-4,0.08874477693052603
70,-576460702513,0.902409465061999,3.2668792855474456,3.847687954407116e-4,0.08852529728125604
71,-576460702493,0.9024173845253971,3.2684711666351234,4.948783664007118e-4,0.08829144021487603
72,-576460702477,0.9024266787029505,3.269969892109092,5.988116257607119e-4,0.08807070075579604
73,-576460702458,0.9043417422206846,3.2738817732924432,0.002115033648508625,0.08993471896647501
74,-576460702442,0.9043795474322339,3.2755082812027148,0.0020632611734686247,0.089829638932715
75,-576460702424,0.9044159771965558,3.2771133274928745,0.0020121123942486246,0.08972582478353501
76,-576460702406,0.9044517748721005,3.2787294233030013,0.0019605516324686244,0.08962117445371501
77,-576460702388,0.9044988185180404,3.2803297574742736,0.0018439496180917615,0.08957289701481835
78,-576460702370,0.9045308761190186,3.2819421582368262,0.0017170168887917616,0.08953299163306835
79,-576460702352,0.9045608565367393,3.283565564078262,0.0015891606278317617,0.08949279590946835
80,-576460702333,0.9045883091147056,3.285175449185567,0.0014623124968517619,0.08945291712391834
81,-576460702315,0.9046134455664742,3.2867752729007096,0.0013468573476517623,0.08933828930679834
82,-576460702298,0.9046366081699129,3.2883797369930337,0.001230918339701763,0.08922318109817834
83,-576460702280,0.9046577151059069,3.289984360175561,0.0011148180455017634,0.08910791275905834
84,-576460702259,0.9046784876223238,3.2915893588594325,0.0011925983851517634,0.08917575109780834
85,-576460702244,0.9047006529515617,3.293195043511124,0.0012703528052217634,0.08924356683005834
86,-576460702225,0.9082886177898337,3.2919750783095973,0.003843389383327645,0.08719442339165306
87,-576460702206,0.90835911430089,3.2935588885247165,0.003921826352337645,0.08726283442840306
88,-576460702188,0.9084287002249871,3.295112679694809,0.003881473238037645,0.08697783505210306
89,-576460702171,0.9084982117275421,3.296675952071912,0.003840740010297645,0.08669015107276307
90,-576460702151,0.9055851617291619,3.295672593287299,0.0018205516757277395,0.08455746659623765
91,-576460702133,0.9056174351880941,3.2971858872214623,0.0017799904040677397,0.08427099708017766
92,-576460702117,0.9056468458996941,3.2986171409436054,0.0016805004301477396,0.08413160583107765
93,-576460702100,0.9056761640412055,3.3001311051991435,0.0015750813267077395,0.08398390752612765
94,-576460702082,0.9138427017247467,3.29618986835877,0.006666872015498995,0.08017891778148269
95,-576460702064,0.913963312143765,3.2976507275960256,0.006560130125018995,0.08002936617483268
96,-576460702045,0.9140844025190787,3.2991466340255147,0.006349291550218995,0.07944893121203268
97,-576460702026,0.9141966785304958,3.300569256835274,0.006147342810848996,0.07889296981296269
98,-576460702008,0.9143007325317403,3.301921404184276,0.005954070371038995,0.07836089411705269
99,-576460701996,0.9147347844254694,3.302262298719796,0.006217638668125557,0.07857793376646559
100,-576460701991,0.914843870511258,3.3036585812758843,0.006017229634765557,0.07802621115150558
101,-576460701973,0.914951196980849,3.305059804164908,0.005911910033005557,0.07771713541110559
102,-576460701954,0.9150516906132486,3.3063896624892926,0.005811565515245557,0.07742265978070559
103,-576460701938,0.9151554133680078,3.3077813360033965,0.005706146411805556,0.07711329203810559
104,-576460701926,0.9215754922169163,3.304076106758052,0.009483261917750199,0.07479515755994243
105,-576460701920,0.921744231928644,3.305419404851081,0.009259347404450198,0.07441045090712242
106,-576460701903,0.9218891767923196,3.3065940527355604,0.009062592132350198,0.07407240644078242
107,-576460701887,0.9220506689464513,3.307927063402205,0.008838217503700199,0.07368690926557242
108,-576460701867,0.9222076044707844,3.309248793722818,0.008614576572500199,0.07330267265309243
109,-576460701855,0.9227251091388357,3.309616316930395,0.008905258066269744,0.07352103386011594
110,-576460701849,0.9228849491574074,3.310935531844648,0.008853757385279744,0.07305025820736594
111,-576460701832,0.923044935966247,3.312255126828619,0.008801907663509745,0.07257629191911594
112,-576460701813,0.923201742993997,3.3135476730692135,0.008750790355179745,0.07210902073486594
113,-576460701796,0.9233590460182908,3.3148434761958097,0.008699209566469744,0.07163751280511595
114,-576460701777,0.93290429795524,3.3112969489131565,0.013558988739853846,0.06831773517390083
115,-576460701760,0.9331470919422934,3.312526035697866,0.013334452449053846,0.06782391133798082
116,-576460701742,0.9333866707112463,3.3137505150689823,0.013109120283053846,0.06732833712958082
117,-576460701723,0.9336213805271397,3.31496193778602,0.012884546685603846,0.06683443124495082
118,-576460701706,0.933848818173002,3.3161506662917253,0.012684609678903846,0.06680564809235082
119,-576460701688,0.9340750208942247,3.3173513032140374,0.012482582268423846,0.06677656400291082
120,-576460701670,0.934297911261344,3.3185531527546885,0.012280262650963847,0.06674743784703083
121,-576460701652,0.9345172440160359,3.3197529071673038,0.012077864362393846,0.06649198828608083
122,-576460701632,0.9464401882617851,3.314817914491301,0.0180482296632345,0.06278327731526384
123,-576460701615,0.9467651459381197,3.3159442774391494,0.018104373811704502,0.06252828165991384
124,-576460701597,0.947091839341028,3.317068547250194,0.0181606428845745,0.06227271862256384
125,-576460701578,0.9474176360767578,3.318187169283969,0.018022912838414503,0.06196340240976384
126,-576460701560,0.9477406842912139,3.319299296338159,0.017885297516304504,0.06165434384596384
127,-576460701548,0.9377574394013227,3.3132280993667256,0.013059651335884555,0.058479040269733364
128,-576460701542,0.9380043214069291,3.3143366822815405,0.012914257723184556,0.058152513103733365
129,-576460701525,0.9382223750826525,3.3153210571625475,0.012784466581284556,0.05786102620173336
130,-576460701506,0.9384521083984967,3.3163604093569314,0.012732951595344556,0.057584069253513365
131,-576460701489,0.9386807492765863,3.3173940296707456,0.012681473802274556,0.057307312263103365
132,-576460701472,0.9467144852905806,3.3146778465197557,0.016316684176049208,0.05509126829649259
133,-576460701454,0.9470010694248552,3.31564457718956,0.016266356500959207,0.054820694616822596
134,-576460701437,0.9472824891707488,3.316595384346575,0.01602877155659921,0.0542919008634626
135,-576460701420,0.9475522975299862,3.317511542342243,0.01579763472324921,0.0537774586963626
136,-576460701401,0.9404914906633114,3.314223461567385,0.01223821934943201,0.05112338397726388
137,-576460701385,0.9406971382730668,3.3150863528384953,0.012006959824752009,0.05060866873558388
138,-576460701367,0.9409001480119894,3.3159443973216045,0.011866708537992009,0.05029619198164388
139,-576460701349,0.9411126823215028,3.316847901484194,0.01171807862435201,0.04996504783298388
140,-576460701332,0.9413226304294084,3.3177458345064337,0.01156938273727201,0.049633756696963884
141,-576460701319,0.942502040156261,3.3172366483706592,0.012094662549082702,0.04937271636134983
142,-576460701313,0.9427180019436594,3.3181207133326804,0.011946502696202703,0.04904261949762983
143,-576460701296,0.942933055393315,3.318998757036693,0.011916507696122703,0.04838788472034983
144,-576460701277,0.9431470452049197,3.319862899507319,0.011886585919522703,0.04773474827474983
145,-576460701258,0.9433724476949855,3.3207627383947487,0.011854986659562703,0.04704499550338983
146,-576460701248,0.9371463507422991,3.317282629067909,0.009201727366760655,0.04539035399173007
147,-576460701241,0.9373023190044227,3.318053851484308,0.009071163749590655,0.044964331310700066
148,-576460701224,0.9374636015574803,3.3188553827114986,0.008934144992540655,0.044517245824750064
149,-576460701204,0.937623282704769,3.319653179090356,0.008796384353300655,0.04406773961359006
150,-576460701188,0.9377803093334198,3.3204420065936793,0.008658776679460656,0.04361873252103006
151,-576460701169,0.9511933154149417,3.315871762934554,0.014232542441528185,0.0404309273119453
152,-576460701153,0.9514355734741422,3.316555436368921,0.014244953644108185,0.039935057684745305
153,-576460701132,0.9516923432014114,3.317270215923107,0.014258096505098185,0.039409955823145305
154,-576460701116,0.9519491641975568,3.3179750292114885,0.014271229882978185,0.03888523284394531
155,-576460701098,0.9399005119143382,3.3120375537029556,0.00908122506373811,0.035588593201816454
156,-576460701081,0.9400602632313492,3.3126698436224,0.00883815990663811,0.035335682675316456
157,-576460701063,0.9402173736657453,3.3133045351780264,0.00859240917264811,0.03507997779246646
158,-576460701046,0.9403698452809387,3.3139337465304743,0.00834699924790811,0.03482462752336646
159,-576460701026,0.9405214244360258,3.3145591971776516,0.00846803820143811,0.03455810553752646
160,-576460701014,0.951336800188442,3.3104068629638848,0.012788425467746223,0.03252920261287478
161,-576460701008,0.9515805787636861,3.3110212175352367,0.012915768463506224,0.03224879942759478
162,-576460700990,0.9518137851718447,3.311598405563846,0.013036424743546224,0.03198312007047478
163,-576460700972,0.9520519494667125,3.312177542568278,0.013158504300426225,0.031714306725834786
164,-576460700954,0.9522740639274683,3.3127094452024037,0.013241265207606226,0.03150583163819479
165,-576460700943,0.941650960375394,3.307106617237105,0.009178772938637277,0.029010139747499976
166,-576460700937,0.9418172067434829,3.307627512357148,0.009267426017137276,0.028786822254499977
167,-576460700920,0.9419860241421362,3.3081473527168734,0.009356590602997277,0.028562216272219977
168,-576460700900,0.9421534808020093,3.3086589442772154,0.009240406439947278,0.028252882882819977
169,-576460700883,0.9423175585218184,3.309161024841325,0.009125131931347279,0.027945971394019976
170,-576460700869,0.9482635609592874,3.3069582913258295,0.011395197521251422,0.02688327483571896
171,-576460700865,0.948467505309594,3.307439115347577,0.011279142387201423,0.02657428497831896
172,-576460700847,0.9486695517156453,3.3079148274583146,0.011162977578501423,0.02626500311871896
173,-576460700827,0.948870305830859,3.3083861670981283,0.011013671437101424,0.02580234179301896
174,-576460700810,0.9490659772646234,3.308843580251812,0.010866171318621424,0.02534527686777896
175,-576460700792,0.9368875259803787,3.3028420969680843,0.0062225676747784545,0.022076588409466025
176,-576460700772,0.9370040781941935,3.3032562702544808,0.006066136401858455,0.021591848134006025
177,-576460700757,0.9371055726414564,3.3036185803923237,0.0058750892305884555,0.021035381449266026
178,-576460700739,0.9372094979005493,3.3039918937001276,0.005672803329318455,0.020446179504526027
179,-576460700722,0.9372988736327761,3.3043150217593324,0.005492882500748455,0.019922120727186028
180,-576460700710,0.9463659424320869,3.301053316850773,0.008798108182786509,0.01836177775055513
181,-576460700705,0.9465226854057984,3.3013789344979956,0.008595552551996509,0.01777179015957513
182,-576460700657,0.9466774170818899,3.3016993781339448,0.00851132153219651,0.017655919729775132
183,-576460700656,0.9468302626496365,3.3020169714457777,0.008427290729856509,0.017540324724435133
184,-576460700651,0.9469812412924696,3.302331746770251,0.008343455488756509,0.017424998738335133
185,-576460700638,0.9393106839662708,3.298369500149149,0.005669888619357067,0.015726533629092536
186,-576460700632,0.9394176104721577,3.298667257379576,0.005581387845817068,0.015604789612552536
187,-576460700613,0.9395166689154075,3.2989421348249253,0.005508899127977068,0.015169666875272537
188,-576460700595,0.9396095325673554,3.2991959535266977,0.005440066496947068,0.014756490263512537
189,-576460700579,0.9397067534627432,3.2994575098879824,0.005367058379427068,0.014318249763672538
190,-576460700560,0.9468703496096053,3.2971973867387763,0.007826647333556109,0.012656872226848342
191,-576460700543,0.947002420290823,3.2974074307631276,0.00781875706350611,0.012225438304628342
192,-576460700525,0.9471448551434865,3.297626018950598,0.00781023867505611,0.011759659349448342
193,-576460700506,0.9472839281849732,3.297831473441878,0.00780191236745611,0.011304383228008343
194,-576460700489,0.9398290399172916,3.294122845489279,0.0053441970720190645,0.00925387490343026
195,-576460700471,0.9399313702615851,3.294294722305182,0.005426284381879065,0.008836517255670261
196,-576460700454,0.9400241643302607,3.2944416508318777,0.005499662712859065,0.008463438789990263
197,-576460700435,0.9401240756104741,3.294590749220303,0.005577589930129065,0.008067232358670264
198,-576460700415,0.9409807198610483,3.294467778133305,0.005845571955737109,0.007474566889937307
199,-576460700398,0.9410845116583744,3.294596327792291,0.005858509835657109,0.007021335115697307
200,-576460700381,0.9411900184215571,3.2947184998448202,0.00587163227148711,0.006561638093437306
201,-576460700362,0.941296838166564,3.294833518634938,0.0058848882003271095,0.006097264626957306
202,-576460700346,0.9414036487826716,3.2949411486074287,0.00595205047176711,0.005830476547837306
203,-576460700333,0.9340787137434949,3.291162596182068,0.0035929491406813206,0.004238703615092649
204,-576460700327,0.9341438433197844,3.29123633909138,0.003659787639881321,0.003973201653492648
205,-576460700310,0.9342098267553822,3.291304968705461,0.0037262800377213215,0.0037090745071726478
206,-576460700289,0.9342765895408457,3.2913675565019034,0.003696343283591322,0.0032493774849126477
207,-576460700273,0.9343427954619857,3.291421860859891,0.003666414850311322,0.0027898082343526475
208,-576460700255,0.9358863855617303,3.290950743004906,0.0041171948375860945,0.0020781135778784325
209,-576460700238,0.9359594366049954,3.290983696470148,0.004087560962396095,0.0016230674454984324
210,-576460700221,0.9360327537850599,3.291008902584974,0.003970157475296095,0.0011471397009984324
211,-576460700201,0.9361024660889473,3.2910251901367706,0.003855211990646096,6.811761542484323e-4
212,-576460700183,0.9366601728939138,3.291287838706285,0.0038909625552551604,3.172870049336905e-4
213,-576460700164,0.9367328764007528,3.2912891494585,0.003768488228455161,-1.791968010663096e-4
214,-576460700146,0.9368003461294757,3.291280349984551,0.0037385747727051613,-7.998823588163101e-4
215,-576460700129,0.9368637541846236,3.291261727645338,0.0037102422784551616,-0.0013877639510663105
216,-576460700108,0.9347682751290918,3.2919915554627894,0.002996033583461121,-0.0016447395643991894
217,-576460700093,0.9348219104093727,3.2919563743404523,0.002966091836821121,-0.00226601214047919
218,-576460700074,0.9348748450305134,3.2919100855431744,0.0028707833578811215,-0.0028380563651991897
219,-576460700059,0.9349229113050314,3.291857254285698,0.0027814126108411216,-0.0033744621527191897
220,-576460700040,0.9349690294608063,3.2917959212679286,0.002692877349971122,-0.00390585332827919
221,-576460700028,0.9297180999384691,3.289050813334986,0.0011099338019004241,-0.005059832688417259
222,-576460700023,0.9297382604208559,3.2889488706379177,0.0010099907393004244,-0.0056596938172172595
223,-576460700006,0.9297537934027792,3.288855549953377,9.356448745604245e-4,-0.006029500714117259
224,-576460699988,0.9297700109788185,3.2887422803378614,8.511205129004247e-4,-0.006449936901217259
225,-576460699971,0.9297844778188653,3.2886233150685364,7.679092052804249e-4,-0.006863841770917259
226,-576460699952,0.9293773386928759,3.2886441043254386,5.548217047767325e-4,-0.007209250221039711
227,-576460699935,0.9293874482013424,3.288509845577905,5.679580005367327e-4,-0.007701761277599711
228,-576460699916,0.9293977814843252,3.288366897958637,5.810782479567329e-4,-0.008193670643619711
229,-576460699898,0.9294083828358602,3.2882146337963163,5.942378867567331e-4,-0.00868705688641971
230,-576460699879,0.9290687524205381,3.28786090627802,3.470860254485598e-4,-0.009147524332467643
231,-576460699862,0.9290737582261868,3.2876931071543116,2.0951659295856008e-4,-0.009510297840017643
232,-576460699845,0.9290762151511749,3.2875284783082854,7.946540987856034e-5,-0.009853245564617643
233,-576460699827,0.929076407381004,3.2873480058087723,-5.8088726071439385e-5,-0.010215978734867643
234,-576460699810,0.9317555676729065,3.2862206119971105,8.007086929124842e-4,-0.010951121081401958
235,-576460699791,0.9317705840829056,3.286019621771137,8.572807074524845e-4,-0.011240578816321957
236,-576460699774,0.9317856464722689,3.2858257508379802,9.105016249624847e-4,-0.011512890247301956
237,-576460699756,0.931802407101762,3.28561757020795,9.662834926724849e-4,-0.011798305097881955
238,-576460699738,0.9318010860576597,3.285391219849028,0.001070689862379955,-0.012197949989070648
239,-576460699721,0.9318213644815349,3.285167934885911,0.0011808422394599552,-0.012593585359510646
240,-576460699701,0.9318436955114819,3.284936834883319,0.0012913187200199554,-0.012990384815590644
241,-576460699685,0.9318679859649184,3.284698914361121,0.0014016362064199555,-0.013386613210790644
242,-576460699666,0.9318930994389446,3.2844539331353935,0.0013714947593799556,-0.013665200584230644
243,-576460699654,0.9331031959342952,3.28401864103935,0.0017279975394230266,-0.013878773376293129
244,-576460699649,0.9331336278116599,3.2837696857908734,0.0016984368877130268,-0.014151992651603128
245,-576460699630,0.9331639584440493,3.2835122128484073,0.0016684535368230269,-0.014429118794893126
246,-576460699611,0.9331954978034682,3.283234031882444,0.0016366928523730271,-0.014722672241343125
247,-576460699593,0.9332222705711981,3.2829804649843934,0.0014957241044530275,-0.014944684497963125
248,-576460699582,0.9298231451230897,3.2811504107772276,5.462408017814027e-4,-0.015723893076317476
249,-576460699576,0.9298315677611365,3.2808682286367015,3.9932619758140304e-4,-0.015955269486267475
250,-576460699559,0.9298374108844735,3.2805794963824355,2.5117459138140343e-4,-0.016188594055717476
251,-576460699541,0.9298405006846306,3.280282319098254,9.181260485140345e-5,-0.016799948341077474
252,-576460699523,0.9298407843191387,3.279992094815252,-5.841240370859654e-5,-0.017376250787797472
253,-576460699506,0.9241990419956336,3.2817363736214014,-0.0018464424876160949,-0.01696738801704275
254,-576460699489,0.9241663743578392,3.2814430248395516,-0.0019968090176160948,-0.017544233377042747
255,-576460699470,0.9241296662881323,3.2811250815037307,-0.0020911769177860947,-0.017863454781632745
256,-576460699452,0.9240920040630658,3.2808075681765714,-0.0021837634983860946,-0.018176650457832746
257,-576460699434,0.9185819714687066,3.27745501754228,-0.003775193707626967,-0.01979737263988338
258,-576460699417,0.9185132983012917,3.277096469261844,-0.0038695983902069667,-0.02011671846954338
259,-576460699401,0.9184503458680673,3.2767713298847805,-0.003992085434256967,-0.020487637080043378
260,-576460699382,0.9183772575700039,3.2763988421929526,-0.004129738997716966,-0.020904483358643377
261,-576460699364,0.9213572014488393,3.2749018766379074,-0.003398041633157078,-0.021877540264546996
262,-576460699347,0.9212945041893871,3.274502478362041,-0.003536345299567078,-0.022296355202646997
263,-576460699328,0.9212301492958521,3.2740976047329506,-0.003609434573287078,-0.022659632926446998
264,-576460699312,0.9211682393385319,3.2737097066272676,-0.003678376765187078,-0.023002298289946998
265,-576460699291,0.9211013749429539,3.2732924213020724,-0.0037514132873770777,-0.023365313821296998
266,-576460699281,0.9176391049312063,3.2713583188468016,-0.004681925054783029,-0.02420040628805745
267,-576460699275,0.9175492921844793,3.2708942315053102,-0.0047591289478430285,-0.024584135022957452
268,-576460699257,0.9174687645957181,3.270472012654211,-0.004726422469933028,-0.02515010740588745
269,-576460699241,0.9173886984563108,3.270039669829759,-0.004693677466223028,-0.02571674646221745
270,-576460699221,0.917299833680299,3.269544850468122,-0.004657064472193028,-0.02635031952790745
271,-576460699210,0.9216453685940825,3.2679310719037735,-0.0034378789037801823,-0.027161717708115523
272,-576460699204,0.9215837477849259,3.267436344500881,-0.003403176789430182,-0.027762223773165524
273,-576460699186,0.921525694484433,3.266961291497175,-0.0034314477093901822,-0.028165843533845523
274,-576460699169,0.9214636830599026,3.2664506574917165,-0.003461391120200182,-0.028593341200075523
275,-576460699150,0.9214011363549152,3.2659323605415764,-0.003491332866840182,-0.02902081510719552
276,-576460699132,0.9238523881722772,3.266836669623211,-0.0028245031926181453,-0.028740535254315698
277,-576460699114,0.9238015627022421,3.266316208388079,-0.002822143850498145,-0.029082066137975697
278,-576460699096,0.9237507684259468,3.2657894812194397,-0.002819783984138145,-0.029423672908955697
279,-576460699079,0.9236999490232642,3.2652558887071055,-0.0028174209723381446,-0.029765735003855695
280,-576460699060,0.9236491300004246,3.264708179695636,-0.0027383921729181447,-0.030112805661875696
281,-576460699047,0.9231730758577769,3.264890329655425,-0.0028703101740370197,-0.03002064868979844
282,-576460699042,0.9231200475873967,3.2643244417394266,-0.0027893590057670196,-0.03037616181216844
283,-576460699024,0.9230707803034857,3.2637773311864824,-0.0027119847395370195,-0.030715966259298438
284,-576460699006,0.9230253139855822,3.263252573522839,-0.0026385675291870194,-0.031038392510148435
285,-576460698990,0.9229809935219261,3.2627244830311017,-0.002575297967667019,-0.031086246244908435
286,-576460698971,0.9224296011787751,3.261871303275676,-0.0026399998423561307,-0.03126513008922175
287,-576460698953,0.9223823598978214,3.2613041291303397,-0.00257254357083613,-0.031316150428981754
288,-576460698934,0.9223369276215609,3.2607433700312223,-0.0025059581349961297,-0.031366512114901754
289,-576460698918,0.9222932975984179,3.260209609502027,-0.0026357569251661294,-0.031536148800181754
290,-576460698900,0.9247517804247772,3.2586595265679787,-0.0020860836949695674,-0.03221469727610953
291,-576460698879,0.9247130208066647,3.258078463846058,-0.002223653127459567,-0.03239448957226953
292,-576460698863,0.9246714253705992,3.257486229529657,-0.002362392745259567,-0.03290146592946953
293,-576460698845,0.9246277976799743,3.2568886738534077,-0.002478673680059566,-0.03340520032098952
294,-576460698827,0.9307902703449564,3.259891624170937,-9.99187908174594e-4,-0.03233153003061014
295,-576460698810,0.9307723785268358,3.259338737028754,-0.0011087077233745935,-0.032805974939090134
296,-576460698794,0.9307532058470671,3.2587773228835055,-0.0011471670582145932,-0.03325051938359013
297,-576460698775,0.9307316709765593,3.2581598380974164,-0.001188882245674593,-0.033732697635340134
298,-576460698756,0.9281383555447054,3.2585537736589365,-0.001931059064233698,-0.03369646905555981
299,-576460698739,0.9281053266426368,3.257979339587268,-0.0019693781191136976,-0.03413939202955981
300,-576460698721,0.9280710467768212,3.2573625989514396,-0.001848829256193697,-0.03455526555875981
301,-576460698702,0.9280388865533672,3.2567374816330767,-0.0017281058404536966,-0.03497174126615981
302,-576460698686,0.9313955309934622,3.258090308959518,-7.377705604043425e-4,-0.0345143746407079
303,-576460698666,0.9313830630124526,3.257449646650639,-6.13918621044342e-4,-0.034941643234307894
304,-576460698650,0.9313732651182363,3.2568779371189525,-5.92347210444342e-4,-0.035444264021657894
305,-576460698631,0.9313623750015604,3.2562068377457876,-5.674096240443419e-4,-0.036025317785057895
306,-576460698613,0.9313523887023801,3.255554174542552,-5.435369974043418e-4,-0.0365815576443979
307,-576460698595,0.9325735451840558,3.254384316953677,-1.8671879633893983e-4,-0.03739814075170493
308,-576460698578,0.9325688583346218,3.253707276773202,-3.3491163593893944e-4,-0.03795413309080493
309,-576460698559,0.9325614968629777,3.2530193211584724,-4.8330239585893907e-4,-0.03851086799062493
310,-576460698541,0.9325514507168758,3.252320449092905,-6.318828294189386e-4,-0.039068314511134926
311,-576460698523,0.9344152320283547,3.2527404629160044,-3.0424604729383366e-4,-0.03904857102428115
312,-576460698506,0.9344092689897282,3.2520306854371617,-3.559298316438338e-4,-0.03953183072968115
313,-576460698487,0.9344024309502353,3.2513179397674072,-4.0720163343383397e-4,-0.04001123826804115
314,-576460698469,0.9343946360056329,3.250593241819412,-4.5871089739383413e-4,-0.04049286615268115
315,-576460698451,0.9361107489682171,3.249140337516131,-1.3172023604570072e-4,-0.04117240514551993
316,-576460698434,0.9361074087360636,3.2484385880382765,-2.616184537257005e-4,-0.041464132519919934
317,-576460698416,0.9361014438073436,3.2476876965494927,-3.996085410657002e-4,-0.04177403273711994
318,-576460698399,0.9360930155946188,3.2469332759330847,-5.372238631757e-4,-0.04208309130091994
319,-576460698380,0.9347241128853419,3.245348189766732,-8.242389064493847e-4,-0.042803289329076434
320,-576460698362,0.9347097671690119,3.2445736970649413,-7.679604642493844e-4,-0.04315594505387643
321,-576460698344,0.9346964540949986,3.2437939807239955,-7.117632229093842e-4,-0.043508091952436434
322,-576460698326,0.9346841528897134,3.243007971711986,-6.55569104679384e-4,-0.04386021928075643
323,-576460698308,0.9346731080197176,3.2422031121544133,-5.548939339293838e-4,-0.04434840119959643
324,-576460698296,0.9279806653726662,3.245036714491453,-0.002351918865072524,-0.04288934209871028
325,-576460698289,0.927939810413576,3.2442716481659413,-0.002254051720072524,-0.04336390767711028
326,-576460698272,0.927900098875482,3.2434861064553955,-0.002154667468822524,-0.043845829824510275
327,-576460698254,0.927862214740666,3.2426926808125662,-0.002055382519072524,-0.04432727045103028
328,-576460698236,0.9278246137978349,3.241879981524385,-0.0020639144606725236,-0.044706393898390276
329,-576460698224,0.9353016871582914,3.246502654160007,-1.8362507265748135e-4,-0.04263367577139469
330,-576460698218,0.9352983572616909,3.2457433229881434,-1.9191305755748096e-4,-0.04300195881343469
331,-576460698199,0.9352948275166045,3.2449660102172717,-2.0032442285748055e-4,-0.04337572435931469
332,-576460698182,0.9352888885753916,3.244137437824949,-4.2512354859748104e-4,-0.043883755638874686
333,-576460698161,0.935279952887347,3.243387681451924,-6.263194171774814e-4,-0.04433844510539468
334,-576460698145,0.9293198573039203,3.245166965353546,-0.0024333610238317753,-0.04348871784959771
335,-576460698129,0.9292764239219448,3.244417858992891,-0.002636190417731776,-0.04394709897619771
336,-576460698112,0.9292308824089612,3.2436740816407714,-0.002765163194741776,-0.044267020945487706
337,-576460698094,0.9291797717510053,3.2428726851268546,-0.0029030920959217756,-0.044609158927707705
338,-576460698075,0.9328259343996821,3.2443497048949324,-0.00211970220043059,-0.04392155812887057
339,-576460698058,0.932788411723868,3.243592775209693,-0.0022510229963305897,-0.044247304449970576
340,-576460698042,0.9327484274353208,3.2428458241579157,-0.00251014496593059,-0.044696616933330574
341,-576460698023,0.932700695371083,3.2420361381543814,-0.0027881194627305903,-0.04517861933421057
342,-576460698005,0.926762591336944,3.243795150808363,-0.004642788890977783,-0.04432990122682641
343,-576460697985,0.9266766842333339,3.2429943576607236,-0.004919976580177783,-0.04481053931854641
344,-576460697970,0.9265826699987434,3.2421390523720075,-0.004985642910977782,-0.04530697081904641
345,-576460697950,0.926492302380396,3.241318695039191,-0.005047957083177782,-0.045778060304796406
346,-576460697933,0.9264060382941779,3.240537151166897,-0.005106732289177782,-0.04622239552729641
347,-576460697921,0.9308884583431879,3.2433913778675088,-0.003983482629274732,-0.04493363404441507
348,-576460697916,0.9308160576754992,3.2425767919450523,-0.004045869448874731,-0.045405272737915066
349,-576460697898,0.9307436483761525,3.24175480979438,-0.004011246312414732,-0.046058191229195064
350,-576460697879,0.930675114915282,3.2409592896212907,-0.003978198881174732,-0.04668139528151506
351,-576460697861,0.9306044819338958,3.240121091550339,-0.003943849277894732,-0.04732915552055506
352,-576460697844,0.9303892567541486,3.2393278973087027,-0.00394791931632848,-0.04794962186767225
353,-576460697826,0.9303184014749825,3.23845998570897,-0.00392401482056848,-0.04847428655727225
354,-576460697809,0.930247668419977,3.2375787580874,-0.0039000054222884805,-0.04900125368607225
355,-576460697791,0.9301818626501516,3.2367453860062705,-0.0038775350369284803,-0.04949444199167225
356,-576460697773,0.9326656478226906,3.2374963590356147,-0.0031383249799297455,-0.049005324184730414
357,-576460697753,0.9326099574794748,3.236610438216345,-0.003038852460679745,-0.04926108580578042
358,-576460697737,0.9325558549821737,3.2357164395452145,-0.002938993768929745,-0.04951784034533042
359,-576460697719,0.9325038439681435,3.2348227707487296,-0.002839686752179745,-0.04977317642988042
360,-576460697701,0.9289774918682269,3.235499120498753,-0.003716516378415762,-0.04930188761242249
361,-576460697683,0.9289110968569365,3.2346085634418795,-0.0036602972753057616,-0.049643399524252486
362,-576460697665,0.9288456345567573,3.233710759156438,-0.0036040094637757613,-0.04998532881634249
363,-576460697648,0.9287812434957514,3.232807597513067,-0.003547771622005761,-0.05032695455915249
364,-576460697630,0.9287179704280636,3.231894325134462,-0.003447979131255761,-0.05064848671504249
365,-576460697617,0.9352520019196957,3.236146968420609,-0.001808668834092229,-0.04871974448580518
366,-576460697612,0.9352205379179095,3.2352728219532354,-0.0017100072770922287,-0.049037632764645185
367,-576460697593,0.9351903471755619,3.234377936111205,-0.0016096631113422283,-0.04936094242153519
368,-576460697576,0.935162522282952,3.233494955413011,-0.001511293942092228,-0.049677888624845186
369,-576460697558,0.9351343129133174,3.2325972368116505,-0.0016272652072922274,-0.050201795549645184
370,-576460697544,0.933927976599066,3.2331487300003796,-0.0019516003492299995,-0.0499169177060058
371,-576460697538,0.9338894371074004,3.232187880798743,-0.002075094005129999,-0.0504748074676058
372,-576460697521,0.933853271968871,3.231326617047746,-0.0021846396261299985,-0.0509696861716058
373,-576460697503,0.9338130507325724,3.2304127735091117,-0.0023211841904399984,-0.0514045409761658
374,-576460697487,0.9337725025845659,3.229535739380612,-0.0024511512425499983,-0.0518184483135258
375,-576460697468,0.9404868070661928,3.23304514262829,-8.896011850137041e-4,-0.05023689131070307
376,-576460697448,0.9404695131006224,3.2321348549575912,-0.0010275836240837039,-0.050676325329023074
377,-576460697432,0.9404476997640567,3.231210239496141,-0.0013731798104037044,-0.051086327262903075
378,-576460697414,0.9404216533958222,3.23033990136047,-0.001695973342783705,-0.051469277011073074
379,-576460697397,0.9372717950211935,3.2308724025899274,-0.0028758928722399883,-0.051121358427065076
380,-576460697381,0.9372202463028373,3.230001521374604,-0.003198667386559989,-0.051504285612945074
381,-576460697363,0.9371606806462007,3.229121390575366,-0.003806996434259989,-0.05201006889899507
382,-576460697343,0.9370860611049601,3.2281768703234777,-0.004453316981439989,-0.05254743947406507
383,-576460697326,0.9369996165858624,3.2272211019254113,-0.005100674961279989,-0.053085672602225076
384,-576460697309,0.9397530785663314,3.2281546350479444,-0.005026385880713186,-0.05275998412082316
385,-576460697291,0.9396628713256887,3.227209623710852,-0.005077471718153186,-0.05308805990834316
386,-576460697273,0.9395710082254111,3.226251008719671,-0.005128972399143186,-0.053418799841763155
387,-576460697255,0.9394780419236364,3.2252846125839767,-0.005180570353793186,-0.053750164471463156
388,-576460697236,0.9344350109099221,3.226596438127185,-0.006572640599752683,-0.05289575559283568
389,-576460697218,0.9343173048735846,3.225643033743395,-0.006548817104672683,-0.05338643422820568
390,-576460697201,0.9342061472827417,3.2247313507943964,-0.006526239161032683,-0.05385145896691568
391,-576460697184,0.934088916103763,3.223757811277438,-0.006502342632552683,-0.05434364182863568
392,-576460697166,0.939571151607063,3.22660286660013,-0.005067884380427966,-0.053090843743455796
393,-576460697149,0.9394782675285535,3.2256084866115504,-0.004909459033227966,-0.0537226251409758
394,-576460697130,0.9393912471539048,3.2246356563610266,-0.004756249580427966,-0.0543336061734558
395,-576460697113,0.9393116019863056,3.22370686222844,-0.004611565945227966,-0.0549105872617758
396,-576460697095,0.9392135682301618,3.222652984432027,-0.005701263440827966,-0.0559538979489358
397,-576460697077,0.9320077165344957,3.225031625163366,-0.0086583339907421,-0.05519637506378293
398,-576460697059,0.9318402249131712,3.2240155460617133,-0.0097039552516421,-0.056197485776272926
399,-576460697043,0.9316802998188828,3.223123743391998,-0.0106065723440421,-0.05706167979591292
400,-576460697024,0.9314823382169548,3.22203929436214,-0.0102172431430421,-0.05701279870382292
401,-576460697005,0.9365906193131645,3.224597841469993,-0.008506164591129567,-0.05533435622886334
402,-576460696987,0.9364411674208857,3.2236045616501396,-0.008138438625129567,-0.05528818746792334
403,-576460696970,0.9363057651004391,3.2226649787180897,-0.007790309148129567,-0.05524447908699334
404,-576460696953,0.9361645647509165,3.221671588410097,-0.007874251482289566,-0.054960791380393344
405,-576460696934,0.9308812923635906,3.2231447700502387,-0.009357923916965862,-0.0534142150199522
406,-576460696916,0.9307105374756428,3.2221770970082786,-0.009442504153265861,-0.0531283714882022
407,-576460696898,0.930541427974174,3.22123226659613,-0.00952552921208586,-0.0528477837637522
408,-576460696881,0.930366034970401,3.2202732903073947,-0.00996474790458586,-0.053716977735912205
409,-576460696861,0.9301827265046216,3.2192986156793526,-0.01040399100083586,-0.0545862200019922
410,-576460696850,0.9362051967046457,3.223397892510866,-0.008870056502100173,-0.05271994816254185
411,-576460696844,0.9360322420867265,3.222387389168056,-0.009333776559600174,-0.05363762923038185
412,-576460696826,0.9358698953109883,3.221467754114878,-0.009749006365850174,-0.054459350279181855
413,-576460696808,0.9356925512812511,3.2204827855155473,-0.009983291796850174,-0.05513381793568185
414,-576460696789,0.9355109244475317,3.2194853027011723,-0.010217668465570175,-0.055808548249961856
415,-576460696778,0.9303004805817683,3.2219876135684538,-0.011641730227671444,-0.05452468157405528
416,-576460696771,0.9300883903794099,3.2209981034211834,-0.011876810730231445,-0.05520143810549528
417,-576460696754,0.9298761356940879,3.2200009263181926,-0.011734589828421444,-0.055725432464695274
418,-576460696736,0.9296663568519709,3.2189939345739162,-0.011592313553881444,-0.056249630837495276
419,-576460696719,0.9294704420307508,3.218033536171157,-0.011457844834271444,-0.056745063292695276
420,-576460696701,0.9366768379335746,3.222105216726519,-0.009419814495905668,-0.05494738748664187
421,-576460696684,0.9365150770906593,3.2211665538346663,-0.009610872905905668,-0.055483540966641876
422,-576460696667,0.9363499996409793,3.22021838419502,-0.009802009987015668,-0.056019915215721874
423,-576460696649,0.936171832825262,3.219205425781044,-0.010004205978445667,-0.056587323289761876
424,-576460696629,0.9359843109541268,3.218150247533617,-0.010212695658675667,-0.05717239289020187
425,-576460696620,0.9287731151189462,3.2216484623662756,-0.012192374333744824,-0.0553803202682617
426,-576460696613,0.9285601038605176,3.2206760531875447,-0.012179623198144824,-0.0558793111654617
427,-576460696598,0.9283655666206867,3.219779456986336,-0.012167966267544824,-0.0563354824776617
428,-576460696578,0.92814671002136,3.2187610211835995,-0.012154838725424824,-0.0568492033121017
429,-576460696562,0.9279384710949733,3.2177823753268098,-0.012142334880154823,-0.0573385169830917
430,-576460696544,0.9318327480753161,3.2195955558995,-0.010975864580718185,-0.05659732719132074
431,-576460696526,0.9316489120764995,3.2186387552541724,-0.010872958668238186,-0.05711798601616074
432,-576460696509,0.9314541894763911,3.2176056192210214,-0.010762885788238185,-0.05767490655616074
433,-576460696493,0.9312721360354228,3.2166208495777533,-0.010658946413718184,-0.05820079424607074
434,-576460696474,0.9268518091802284,3.21762279301816,-0.011886517187628023,-0.05754585292935086
435,-576460696456,0.9266374945769198,3.216584394514145,-0.011948727577828023,-0.05794082938339086
436,-576460696438,0.926421821024713,3.2155377264280474,-0.012011007156028023,-0.05833624511503086
437,-576460696422,0.9262172667875378,3.214543482285045,-0.012069778902628022,-0.05870938947235086
438,-576460696404,0.926011049090215,3.213542454257498,-0.012118561643118022,-0.05870636650056086
439,-576460696385,0.9309962211206982,3.2161212616390906,-0.010828002537616949,-0.05704876046407585
440,-576460696367,0.9307902011927459,3.215038565144388,-0.01088230126682695,-0.05704539567716585
441,-576460696350,0.9306048651746515,3.214069218332958,-0.01093091806989695,-0.05704238298819585
442,-576460696332,0.9304069665720732,3.21304073919659,-0.011057815549896951,-0.05723307660819585
443,-576460696315,0.9274523407812748,3.2134140781297975,-0.011943141890601285,-0.056724386219040274
444,-576460696298,0.9272487953037061,3.2124506226971263,-0.012062693416481285,-0.056904040797260275
445,-576460696281,0.9270313522332255,3.2114198809520067,-0.012038733149761284,-0.05734354788814027
446,-576460696262,0.9268150383608583,3.2103845601171583,-0.012014849900081285,-0.05778164224286027
447,-576460696244,0.9265928829586685,3.209310907463762,-0.011990272169161285,-0.05823247558054027
448,-576460696231,0.9343000278880452,3.214681926381337,-0.009994223285840795,-0.05578944611080417
449,-576460696226,0.9341154018693628,3.213645878407723,-0.009969662817360796,-0.05623996280072417
450,-576460696207,0.933936068326942,3.212632499257613,-0.009999552974730796,-0.056602211923374175
451,-576460696189,0.9337658655373307,3.211667518120137,-0.010027838872220796,-0.056945018467424176
452,-576460696172,0.9335824898176451,3.210624397003927,-0.010058224952250797,-0.05731327784777417
453,-576460696160,0.9232372090901375,3.215690149957676,-0.012931134244610103,-0.05473111841251715
454,-576460696154,0.9230070175168447,3.214713787641047,-0.012960724851380103,-0.05508973717816715
455,-576460696136,0.9227740239100528,3.2137189070539494,-0.012947604603960104,-0.055538594535147146
456,-576460696113,0.922528215760645,3.2126594492758906,-0.012933748321310104,-0.056012632425497144
457,-576460696098,0.9222956685918421,3.2116478001102924,-0.012920625885480104,-0.056461564650267144
458,-576460696081,0.9286412724541399,3.2152626916903424,-0.01119693483926087,-0.05480224504476239
459,-576460696065,0.9284510747084287,3.214329051171407,-0.01118453676714087,-0.05506366680928239
460,-576460696047,0.928249960592034,3.2133358561106595,-0.01117141214290087,-0.055340408418322384
461,-576460696029,0.9280600292449412,3.2123922349378438,-0.01115900312873087,-0.055602060903392383
462,-576460696012,0.9178715069130673,3.216344696004766,-0.013934373251860635,-0.05336879304860888
463,-576460695995,0.9176205836288824,3.2153800278115883,-0.013921231120340634,-0.05372137049244888
464,-576460695978,0.9173701474590591,3.214409980911075,-0.013908102119280634,-0.05407359567196888
465,-576460695959,0.91712016990466,3.213434465472409,-0.013894984789740635,-0.05442550772764888
466,-576460695941,0.9168627018816453,3.2124218272865837,-0.013870357927260634,-0.05477735928682888
467,-576460695929,0.9222212640484563,3.2162069747552526,-0.012471602051636938,-0.05305589371294534
468,-576460695922,0.9219912894206606,3.2152244372390695,-0.012447092042596938,-0.053406075751085344
469,-576460695905,0.9217795079996515,3.2143121806554227,-0.012424478246196939,-0.05372916601598535
470,-576460695887,0.9215690294332001,3.213398421659585,-0.012401962712916938,-0.05405085236546535
471,-576460695870,0.9213428927410423,3.2124075198087563,-0.012344884754556938,-0.05438664498938535
472,-576460695857,0.9124388711670627,3.2167412166899405,-0.014835548440680624,-0.052180769946762254
473,-576460695852,0.9121760765100165,3.215812271156178,-0.014780122607510625,-0.05250684303150226
474,-576460695833,0.9119103930079911,3.2148636431110065,-0.014723875396410624,-0.052837748325702254
475,-576460695814,0.9116315257173688,3.2138575795966142,-0.014664605014830624,-0.05318643909046225
476,-576460695796,0.9113689798966278,3.212897135769619,-0.014533106366510624,-0.05362448473014225
477,-576460695778,0.918312184927286,3.217067707788445,-0.012514024762580076,-0.05172460824344615
478,-576460695760,0.9180879684339365,3.2161320929635457,-0.012382321378820076,-0.05216333589368615
479,-576460695743,0.9178774836465149,3.215237327423554,-0.012257396200520077,-0.05257948412288615
480,-576460695725,0.9176535312984238,3.2142714641425827,-0.012178211883620076,-0.05280658035848615
481,-576460695705,0.9167052532403239,3.2136411343073044,-0.012300927702503428,-0.05285729417071199
482,-576460695689,0.9164846341558288,3.2126881205844104,-0.012223203521943428,-0.05308020281615199
483,-576460695671,0.916277427476566,3.211783807007276,-0.012149751752153428,-0.05329085842411199
484,-576460695653,0.9160564141527544,3.21082367441023,-0.012405920022933429,-0.053384614832511994
485,-576460695635,0.9220393539322012,3.2142548557865047,-0.011029430312888836,-0.0514798194293084
486,-576460695617,0.9218390717767584,3.2133299023746855,-0.011284887044668837,-0.0515733154177084
487,-576460695600,0.9216461843122653,3.212448358357325,-0.011343862895868837,-0.0518457387071484
488,-576460695583,0.9214419476297814,3.2115148923219206,-0.011405976422868837,-0.052132655657048395
489,-576460695564,0.9212293586454626,3.210543194761103,-0.011470272831268837,-0.05242965584812839
490,-576460695552,0.9115502157160528,3.2152710733708734,-0.014197403923707995,-0.05002596341983381
491,-576460695546,0.9113004187183679,3.214390304661509,-0.014258140609507993,-0.05030652041729381
492,-576460695528,0.9110446403355834,3.2134889862745113,-0.014405319107467993,-0.05069850978365381
493,-576460695512,0.9107838776453209,3.2125723951042193,-0.014553833567587993,-0.05109405729857381
494,-576460695492,0.9105205285720858,3.211648989455965,-0.014702298547627992,-0.05148947303021381
495,-576460695481,0.9182300367303161,3.2171206106961914,-0.012667218696266651,-0.0489999399410173
496,-576460695474,0.9179988837417371,3.216228088674502,-0.01281682171814665,-0.0493983866880973
497,-576460695458,0.9177951006813616,3.2154384813052093,-0.012890641430026651,-0.0502114744564773
498,-576460695440,0.9175617179981989,3.214524014190984,-0.01297466757614665,-0.0511369810710973
499,-576460695422,0.9173279550679356,3.2135973746267283,-0.01305828863112665,-0.0520580258063273
500,-576460695404,0.9120722906093304,3.2151099021538103,-0.014561447068664364,-0.05173178536355922
501,-576460695386,0.9118069814795791,3.2141674807240315,-0.014829173264924365,-0.05266850596007922
502,-576460695368,0.9115386352471183,3.213214526395196,-0.015095134787574365,-0.053599052315379224
503,-576460695351,0.9112797830541216,3.2122955183254702,-0.015347319992714365,-0.05448139808165922
504,-576460695333,0.9187717038684354,3.2168320577629608,-0.01355574921406251,-0.052900799478403274
505,-576460695316,0.918540111005457,3.21593076800554,-0.013716137618062509,-0.05323318043456327
506,-576460695295,0.9182917184535542,3.214969507549688,-0.013886101731062509,-0.05358540561408327
507,-576460695281,0.9180541075312422,3.214055026817619,-0.014046763996562508,-0.053918354107203276
508,-576460695263,0.9178140758228996,3.2131360751567577,-0.014207218505062508,-0.054250872055043274
509,-576460695251,0.9134584612206332,3.215261774492743,-0.015442356118903214,-0.053170141501997954
510,-576460695246,0.9131641682663648,3.214245925542902,-0.015462653518103215,-0.05350866656744795
511,-576460695227,0.9128865038675738,3.2132827967124564,-0.015481779647063215,-0.05382765689690795
512,-576460695210,0.9126075351730659,3.212310586155267,-0.015500971853143215,-0.05414774927698795
513,-576460695192,0.9123443034006338,3.2113866228987886,-0.015478405860423214,-0.05459218911048795
514,-576460695174,0.9188663067093403,3.2152449422948823,-0.01364741738119634,-0.052857564633881374
515,-576460695156,0.9186209500541559,3.2142895893553862,-0.013623523508476341,-0.05332815721738137
516,-576460695138,0.9183759689468094,3.2133255533777345,-0.01359962432423634,-0.05379885441188137
517,-576460695120,0.9181329821144434,3.212351743319995,-0.01340341311155634,-0.05442029964041137
518,-576460695103,0.917905298439784,3.211415777600606,-0.01321691597291634,-0.05501097820235137
519,-576460695085,0.9176696288988101,3.2104219888021803,-0.013021064540756341,-0.05563128392471137
520,-576460695067,0.9174375802350174,3.209417506843371,-0.012825300328116341,-0.056251313403151364
521,-576460695048,0.9171934169081922,3.2083350335164833,-0.01289099087471634,-0.05775925343951136
522,-576460695031,0.9169739644266429,3.2073425379135654,-0.01294974878371634,-0.05910805335091136
523,-576460695013,0.9167399051515164,3.206263851633086,-0.01301212522511634,-0.060539917419351365
524,-576460694996,0.9165048780605457,3.205160091067249,-0.01307446015371634,-0.06197082855291137
525,-576460694977,0.9162551179305101,3.204035824607402,-0.01470753428851634,-0.06308661970591137
526,-576460694959,0.9159755538979967,3.202889762734911,-0.01634306075933634,-0.06420408640736137
527,-576460694941,0.8997826713123241,3.2100221266457503,-0.022494933128501596,-0.06115929171819833
528,-576460694923,0.8993626624110843,3.208910209674995,-0.024131277044661597,-0.062277316935798334
529,-576460694905,0.8989221057575978,3.2077786740437926,-0.024765132887261596,-0.06330932359719833
530,-576460694886,0.8984460584068138,3.20656758473264,-0.025432299577971596,-0.06439556501488833
531,-576460694867,0.9068344366470221,3.2120239150633165,-0.023739740487741887,-0.062461425791518456
532,-576460694850,0.9064232110789125,3.210945518010882,-0.024107786199041886,-0.06301382610616846
533,-576460694833,0.9060125849760812,3.2098756137046114,-0.024469772399241887,-0.06355713169226845
534,-576460694815,0.9055700522341692,3.2087299707073798,-0.024853983944041886,-0.06413379532866845
535,-576460694797,0.8939173321142806,3.213265962951308,-0.028421801316708663,-0.06187168764569403
536,-576460694779,0.8934031118055598,3.212143518152031,-0.028602907163558663,-0.06260236827634402
537,-576460694761,0.8928871220079909,3.2110111887913475,-0.02878349083108866,-0.06333094214831403
538,-576460694744,0.8923632503938725,3.2098555074455746,-0.028965681204218663,-0.06406599835468403
539,-576460694725,0.8918245882589801,3.208660955214891,-0.029151828089888664,-0.06481701730951403
540,-576460694712,0.9043655942440645,3.218007287320123,-0.02581726793790777,-0.060621052134868784
541,-576460694706,0.9038937613907172,3.2168960479378925,-0.02574916412190777,-0.060825874884868784
542,-576460694690,0.9034538406759745,3.2158539229740972,-0.025685503800787768,-0.06101733378986878
543,-576460694671,0.9029911822296199,3.2147515938968705,-0.025618382466067766,-0.061219201719868784
544,-576460694654,0.9025600663523745,3.2137185228543896,-0.025555678575587767,-0.061407784152368784
545,-576460694641,0.8930488993662378,3.218471209701254,-0.02825741553170355,-0.05904482154245868
546,-576460694635,0.8925105765257286,3.2173408457431196,-0.02828910132850355,-0.05969088834565868
547,-576460694617,0.8920026889708239,3.2162642895960163,-0.028318963194983553,-0.060299765589178676
548,-576460694599,0.8915173693143205,3.215226437030296,-0.028347468762913552,-0.06088098818749867
549,-576460694580,0.8910102505599248,3.214132461013525,-0.02837722412251355,-0.06148769377789867
550,-576460694563,0.8974146718561107,3.218140860844184,-0.02641831210426027,-0.059563031569181094
551,-576460694546,0.8969405191091264,3.2170661181401585,-0.02629754169353027,-0.05992584541403109
552,-576460694528,0.8964681462502468,3.21598394444572,-0.02617667057925027,-0.06028896178863109
553,-576460694510,0.896025345504357,3.21493384920188,-0.023017946228870267,-0.056375324828391096
554,-576460694492,0.8871582707613024,3.2181321878982145,-0.02226741078194738,-0.05038608535039258
555,-576460694474,0.8867836672602031,3.2172550677895657,-0.01908868339990738,-0.04644766477647258
556,-576460694457,0.8864866741115589,3.2165026025071306,-0.01612928750536738,-0.04278099435255258
557,-576460694439,0.8862678871431803,3.215716638114252,-0.008176324712447378,-0.04453383016317258
558,-576460694421,0.8861922762526749,3.2148988859837284,-2.2115313132737777e-4,-0.046287152791492585
559,-576460694403,0.8862601698067727,3.21404802267425,0.007748154694272622,-0.04804359105309258
560,-576460694386,0.8864552191409515,3.213218852601254,0.015243456572152623,-0.049695558236272586
561,-576460694369,0.8867351912209112,3.2123528821248875,0.017640273749632625,-0.05201579675159259
562,-576460694351,0.887075337289361,3.2113950138433816,0.020172640312942625,-0.05446725382988259
563,-576460694332,0.8898571435924921,3.2091392431466037,0.02338872580437679,-0.05753786233915046
564,-576460694315,0.8903012025880207,3.208080887561448,0.02592376675847679,-0.059991908361050464
565,-576460694298,0.8907675392288291,3.2070286585517773,0.029072004313916787,-0.06409901795189046
566,-576460694280,0.8913219460151646,3.2058334524819876,0.032419431615036784,-0.06846598535221046
567,-576460694262,0.891935676449746,3.204561613309829,0.03576147540951678,-0.07282592956849046
568,-576460694249,0.9038438637555218,3.21315313871184,0.038915683975793404,-0.06903320148106101
569,-576460694243,0.9046169816553075,3.211797426441503,0.042443737206593404,-0.07363580881486101
570,-576460694226,0.9053204788942366,3.2105555535502353,0.040486504326973406,-0.07275967524356101
571,-576460694208,0.9060305473167821,3.2092542451649515,0.038409987066973406,-0.07183014534356101
572,-576460694190,0.9067040014060762,3.20796817941633,0.03633104720350341,-0.07089953099201102
573,-576460694171,0.9020172205982658,3.209470856721418,0.03386418505163119,-0.07076175995789247
574,-576460694154,0.902618430820612,3.2081856653976106,0.03291840004653119,-0.07199762063719246
575,-576460694134,0.9032093572363928,3.2068627686097573,0.03196153141821119,-0.07324796432695246
576,-576460694118,0.9037379656739618,3.2056247483545524,0.03108061975281119,-0.07439905477915246
577,-576460694100,0.9107638544577267,3.208865581427348,0.03438400907571176,-0.07139867311294949
578,-576460694083,0.9113970273897715,3.207589563948728,0.035980266308491764,-0.07040468062597949
579,-576460694065,0.9120703931283753,3.206310267661946,0.03760357574197176,-0.0693938426809595
580,-576460694047,0.9127499876840707,3.2050904430595417,0.039173756427191765,-0.06841608811092949
581,-576460694028,0.9074855415635853,3.2068942788187864,0.035280095724321794,-0.06879386309843843
582,-576460694011,0.9081001334508153,3.2056405372463734,0.0330876541205018,-0.07067346794477844
583,-576460693993,0.908676574031669,3.204350027494574,0.0308902127889018,-0.07255735911397844
584,-576460693976,0.9092175758896462,3.203014774943591,0.0286750894932018,-0.07445640922987844
585,-576460693958,0.9097464949280062,3.2016955772763454,0.0306307397785318,-0.07346057986533844
586,-576460693945,0.9181314517309435,3.2075519266057513,0.03284162399354287,-0.07090434718160096
587,-576460693939,0.918740153768507,3.206285112120033,0.034814487773002875,-0.06989975259812096
588,-576460693921,0.9193896172292054,3.205026522872482,0.03680303008533287,-0.06888717440758096
589,-576460693903,0.9200708416927241,3.20379383317969,0.038779402347672874,-0.06788079328266096
590,-576460693885,0.9100701345477128,3.207977321900556,0.03503493318979395,-0.0673648697867256
591,-576460693867,0.9106974018374768,3.206739191613079,0.034333857494643946,-0.0695585792016256
592,-576460693849,0.9113089967021828,3.205467773564112,0.03363623193700395,-0.0717414929218656
593,-576460693830,0.9119061036711944,3.2041510421818824,0.03267951317756395,-0.0744969991072256
594,-576460693813,0.9124896615354972,3.202775727324163,0.03171663163624395,-0.0772702551103056
595,-576460693795,0.9206872727761886,3.2066650284730795,0.032768286147325895,-0.07771658813626689
596,-576460693777,0.9212630228346255,3.205255180074353,0.03182113032528589,-0.08044455150102689
597,-576460693759,0.9218482075763937,3.203813937511812,0.03317051136376589,-0.07962237014942689
598,-576460693741,0.9224575884125629,3.202387737191823,0.03451966760531589,-0.07880032576717688
599,-576460693722,0.9169466540013997,3.2040018113318176,0.0341725443840028,-0.07639663132882053
600,-576460693705,0.9175732594628034,3.2026354286668695,0.0355199771824228,-0.07557563704492053
601,-576460693686,0.9181938494113195,3.201258231476974,0.0333770473544728,-0.07731886086187052
602,-576460693669,0.9187754596610102,3.199850578848065,0.0312355449568828,-0.07906092349726052
603,-576460693649,0.9288667815753893,3.204968261855932,0.03160736482841748,-0.07794702972541094
604,-576460693632,0.9294206857347185,3.203538063179056,0.02944909012409748,-0.07970273624413093
605,-576460693614,0.9299497264008787,3.202128169845259,0.02930056741729748,-0.07686509649293094
606,-576460693596,0.9304713111268557,3.2007815250251412,0.029153397166017482,-0.07405329643741095
607,-576460693578,0.9310094697677168,3.1994379322428794,0.029000767612577482,-0.07113719224445095
608,-576460693566,0.9243004404904109,3.202781412888991,0.02707719398895582,-0.06947525539325777
609,-576460693557,0.9248071448410187,3.2014676959022816,0.02771053922266582,-0.07257123719572778
610,-576460693542,0.9252859445917617,3.2002024071838355,0.02829598209480582,-0.07543305786170777
611,-576460693523,0.9257971476319112,3.198827458259225,0.02890796130019582,-0.07842459609793777
612,-576460693507,0.926323126457996,3.197388456059915,0.02952439176148582,-0.08143789341046777
613,-576460693494,0.938075175584312,3.2053710527685917,0.032619339886782436,-0.07795656388577603
614,-576460693489,0.9386423453032507,3.2039705782013788,0.030347045785032438,-0.07752215576042602
615,-576460693471,0.9391392854832327,3.2026581909076057,0.028206056604732438,-0.07711284998636603
616,-576460693450,0.9396273907595817,3.2012716123162632,0.02593161823433244,-0.07667803192828603
617,-576460693435,0.9400896924310268,3.1998437787348193,0.02357594992213244,-0.07622768465384602
618,-576460693416,0.9295902243016998,3.2039159181623496,0.02176242529379135,-0.07456611405137344
619,-576460693399,0.9299746696989867,3.2026266974238937,0.02300820441237135,-0.07557022442023344
620,-576460693381,0.9303963391223575,3.2012702932004267,0.02430127874379135,-0.07661245520137344
621,-576460693364,0.9308198916300898,3.199959588209066,0.02553429105645135,-0.07760627539759345
622,-576460693345,0.9312797558301691,3.1985733816804918,0.025428661243571352,-0.07601554857027344
623,-576460693333,0.9366499415053112,3.2022111521566283,0.026844182775845857,-0.07442478745877815
624,-576460693327,0.9371578017142193,3.2008160466877467,0.02673322084352586,-0.07275376184829814
625,-576460693310,0.9376115006054103,3.1995917557151783,0.026633701604405858,-0.07125505689761814
626,-576460693292,0.9380895080590668,3.198324628324516,0.02652844638608586,-0.06966997125813815
627,-576460693276,0.9385317821486125,3.1971489981728425,0.02543044571280586,-0.06844447325237815
628,-576460693263,0.9293821103345934,3.2016607101819248,0.02280303430602401,-0.06618463514959377
629,-576460693258,0.9297822029702831,3.2004807890056743,0.02164182635714401,-0.06488859038363377
630,-576460693239,0.9301606723569125,3.199326427602579,0.020482875810964012,-0.06359506514482377
631,-576460693223,0.9304996195563878,3.198255526429361,0.019386229579304012,-0.06237107885535377
632,-576460693205,0.9308426769057194,3.1972242704018727,0.02091656052074401,-0.05878211986271377
633,-576460693187,0.9416256479018638,3.203255214946711,0.02527496857463174,-0.05189555667972134
634,-576460693169,0.9420948910050752,3.202355728398234,0.02689213572903174,-0.04810294787582134
635,-576460693151,0.9425675882068618,3.2015159043719157,0.02561227411065174,-0.04517973859742134
636,-576460693133,0.9430172402203479,3.2007287156518642,0.02433241249227174,-0.04225652931902134
637,-576460693113,0.9337613200939279,3.2047833189376864,0.020268665516754998,-0.03692498885377475
638,-576460693096,0.9341139954820525,3.2041461254425787,0.018991647087574996,-0.034008273431374754
639,-576460693080,0.9344449540335306,3.2035573040592986,0.019940072883954996,-0.03525668166565475
640,-576460693063,0.9347924137224117,3.2029466001357063,0.020889502777754997,-0.03650641158845475
641,-576460693045,0.935155093685552,3.2023162492550292,0.021836533994384996,-0.03775298414423475
642,-576460693033,0.9439459578589645,3.208249321173735,0.024159561285813737,-0.03514269959518054
643,-576460693028,0.9443906217737528,3.207603763419656,0.02516533220151374,-0.036466590929380545
644,-576460693008,0.9448453684095415,3.2069433682298976,0.025350845957633737,-0.03689434994582055
645,-576460692993,0.9453037103991077,3.2062748984445295,0.025536462754053735,-0.037322346553360544
646,-576460692974,0.9457645472666298,3.2055999644766606,0.025721739517483737,-0.037749559110270545
647,-576460692963,0.9451003028672743,3.2059270654005103,0.025530755306457154,-0.037584693594655126
648,-576460692956,0.9455615514318835,3.2052466539276168,0.025716238150487153,-0.038012381333765125
649,-576460692938,0.9460051030518293,3.204583129202684,0.02329228291970715,-0.03530121735497512
650,-576460692921,0.9463790724152815,3.204008780001333,0.021032638669987152,-0.03277383317851512
651,-576460692903,0.9467360591503505,3.2034429649429867,0.018621539066087153,-0.030077048059565122
652,-576460692885,0.9583766993424728,3.210528306855166,0.019195633229536577,-0.024006801680802454
653,-576460692867,0.9587045632748072,3.2101491883350186,0.019632402338256576,-0.020891175598642453
654,-576460692849,0.9590825489945903,3.2097852952371078,0.020124181388606575,-0.01738314445509245
655,-576460692832,0.959449529946957,3.209501906006561,0.020590408101236576,-0.014057387030702447
656,-576460692813,0.9559312655333729,3.2112561247366607,0.022679626686953586,-0.00771198001291061
657,-576460692795,0.9563592584651778,3.2111655729873263,0.024827636250653585,-0.0023392742144506106
658,-576460692777,0.956824848332023,3.2111717025309985,0.026970758013703584,0.0030212059797393893
659,-576460692760,0.9573006067326476,3.211266158923577,0.028997526278353586,0.008090657155209388
660,-576460692742,0.963008393411036,3.2149129934779563,0.032173634268157066,0.016349508985287475
661,-576460692724,0.9636037634185867,3.2152678285049796,0.03397491387368706,0.02307441491041748
662,-576460692706,0.9642312362786278,3.215743450384804,0.035775292889447065,0.02979595856937748
663,-576460692688,0.9648913645900755,3.2163402619098087,0.03757637236391707,0.03652011732424748
664,-576460692669,0.9656070653399076,3.2170414691294154,0.040792174017917064,0.04026140138439748
665,-576460692656,0.9617464991484515,3.2189758206459755,0.03968079547292736,0.04123998568240895
666,-576460692652,0.9624781407366428,3.2197396493231474,0.04280416373692736,0.04487373214980895
667,-576460692633,0.9632767242344613,3.2205801224921418,0.04597172396452736,0.04855889182821895
668,-576460692616,0.9641332289865135,3.2214878880428617,0.04914262940052736,0.052247943343318955
669,-576460692598,0.9650481131103409,3.2225184545069556,0.05122864035562736,0.06081475156551895
670,-576460692586,0.9709326135830729,3.2264200525679305,0.05279470484987478,0.06254920561745379
671,-576460692580,0.9718878551325987,3.2276044712743115,0.05482601952211478,0.07089138771073379
672,-576460692562,0.9728944553431238,3.228958311229761,0.05688811515688478,0.0793599807426738
673,-576460692544,0.9739959246092116,3.2305508847852424,0.05906212075951478,0.0882881644735338
674,-576460692526,0.9750244096860067,3.2321295248606545,0.06189343337375478,0.0973686713975938
675,-576460692508,0.9708123442300689,3.2366969977462547,0.06334325832468214,0.10834500156382601
676,-576460692490,0.9719129725949124,3.2386155501648375,0.06617290604852215,0.117420168897786
677,-576460692473,0.9731162070399099,3.240875645397967,0.06729735961952214,0.13328368391748602
678,-576460692455,0.9743390995889996,3.243420417517745,0.06842125189922214,0.14913928037727603
679,-576460692437,0.969609560958775,3.2423977764329157,0.06799270759015491,0.16403945028734154
680,-576460692418,0.9708420815314555,3.2454892434025004,0.0691139805104549,0.17985809346755155
681,-576460692401,0.9720274503731211,3.2486922106738048,0.06997300589795491,0.19596675502815156
682,-576460692383,0.9732945618346098,3.2523710092730713,0.0708797577179549,0.21297039473471158
683,-576460692365,0.977762963592181,3.2546029925904016,0.07268960126937278,0.2286893462962532
684,-576460692347,0.9791150203008259,3.2589910390701604,0.07362104786437278,0.2461560686760132
685,-576460692328,0.9804348897281356,3.263473779057261,0.07299852859749277,0.2518154917661732
686,-576460692311,0.9817432618142504,3.2680573814005323,0.07237614763749277,0.2574736574861732
687,-576460692292,0.9830590141089343,3.2728109924121798,0.07174481130701277,0.26321323792403317
688,-576460692279,0.9696852063365157,3.2639429322332214,0.06816631040559641,0.2592396040475854
689,-576460692275,0.9708974797496209,3.2686244102630857,0.06754859730279641,0.2648553335246854
690,-576460692257,0.9721304874000005,3.273399635241938,0.07044890134069641,0.26958506701838536
691,-576460692239,0.9734250069926065,3.2782955924178347,0.07337062900103641,0.2743497375474054
692,-576460692221,0.974773725701831,3.2832831846535253,0.07629576496494642,0.2791199662411354
693,-576460692202,0.9883066592970186,3.2820592317328203,0.08270713920962772,0.28159981462774225
694,-576460692184,0.9898366371169207,3.2874901669211933,0.07765108528488772,0.28762093669526223
695,-576460692165,0.9911919425572782,3.292720514270275,0.07287986827289772,0.2933028539507822
696,-576460692148,0.9924532258873191,3.2980175989497793,0.06814018204473772,0.2989472220224622
697,-576460692131,0.9746073949425474,3.290698793949592,0.06565900944636592,0.29248441135902753
698,-576460692113,0.9758132341389323,3.295957631306265,0.06830079685089592,0.29173348084479755
699,-576460692094,0.9770657821335151,3.301199457867283,0.07094082335730592,0.29098305086748755
700,-576460692076,0.9783753935954229,3.3064655133308336,0.07359992626001592,0.29022719840687755
701,-576460692058,0.9977067732227818,3.302263821865333,0.07299333798716373,0.28145726031041873
702,-576460692041,0.9988904177682444,3.3069723855537654,0.06757367649684373,0.27772137378879874
703,-576460692025,0.9999924819050626,3.311660772214039,0.06210381209740373,0.27395088134725876
704,-576460692006,1.0010581041095947,3.316555411245225,0.05631181236444373,0.2699583342528988
705,-576460691987,0.9813057430000315,3.3076639581072924,0.05207131706692233,0.2612215692583626
706,-576460691971,0.9822091988109686,3.3121203185656354,0.053355581928012326,0.2588041566700326
707,-576460691954,0.9831190417057598,3.3164619146122605,0.054618416148442324,0.2564270836581226
708,-576460691936,0.9841142002964062,3.321054244651226,0.055967047863822325,0.2538885112930626
709,-576460691918,0.9850511173601728,3.3253279632365293,0.054342843672842325,0.2492866915447826
710,-576460691901,1.0128183593348705,3.315667008634103,0.06033510349024104,0.2372569022709196
711,-576460691884,1.0138300049537845,3.3196602999617184,0.05871003876840104,0.23265264440067962
712,-576460691866,1.0148739174879198,3.3238146387934577,0.05698457877956104,0.22776393896843963
713,-576460691849,1.0158286244258763,3.327711504752469,0.05567850098872104,0.23209751477371965
714,-576460691831,0.9866484372135672,3.3121479795335222,0.04614930915079489,0.2277531012187278
715,-576460691813,0.9874663718634731,3.3162875643603518,0.04476262259377489,0.2323541375085678
716,-576460691795,0.9882607424659685,3.32051752293066,0.04337346999419489,0.23696335614592778
717,-576460691777,0.9890769477732083,3.3248503287344064,0.04746235519525489,0.2452363883031078
718,-576460691760,1.0222132120927327,3.3121844868406236,0.060617469454127874,0.24449407580509122
719,-576460691743,1.0232765222194107,3.316407155046247,0.06448519854726788,0.2523196433105112
720,-576460691726,1.024312981617781,3.3207259420851285,0.05747989893098788,0.2558925288337112
721,-576460691707,1.0252833502265215,3.325379047201031,0.05004016851948788,0.2596869853937112
722,-576460691690,1.0261274758225134,3.3301504440049907,0.04252253732971788,0.2635211733825112
723,-576460691675,0.9855718596656173,3.303831012764069,0.031551341464410444,0.25158837850044297
724,-576460691673,0.986070185425488,3.308363781964403,0.024180444015720445,0.25534772845404297
725,-576460691654,0.9864829222606766,3.3126565302900652,0.022023164535560445,0.22520173148798298
726,-576460691635,0.9868594604744633,3.3164336950633517,0.019851636819720443,0.19485662853054297
727,-576460691619,0.9871974232527416,3.319669574701207,0.017676848914360443,0.16446596742253297
728,-576460691605,1.0181297948185395,3.3036790444458384,0.02656156244960703,0.1563514485262576
729,-576460691600,1.0185913162554454,3.306235378539189,0.02437337154288703,0.1257734927992376
730,-576460691582,1.0189721501677986,3.3082433829169635,0.01822311773099703,0.09882293668173761
731,-576460691563,1.0192443373258466,3.3097773812439972,0.012035028903207031,0.07170658663923761
732,-576460691546,1.01940526471631,3.310824064291736,0.005842812619137032,0.04457214998673761
733,-576460691528,0.9785080893685572,3.284601756340724,-0.011445194707217055,0.0052716074760304765
734,-576460691509,0.9782699411137067,3.284679746354327,-0.014999561813857054,0.0033886572069704766
735,-576460691491,0.9779667358234432,3.2847239067062963,-0.018564980197937054,0.0014998524481504765
736,-576460691474,0.9776022767484855,3.2847339965739537,-0.022102178355697055,-3.7400245288952364e-4
737,-576460691456,1.013065614091512,3.2665081007293426,-0.015354615684305113,-0.011496375270904843
738,-576460691438,1.0127555991398323,3.266322980801564,-0.017187761020655112,-0.007935727576774843
739,-576460691419,1.0124312761541494,3.2662105680126565,-0.01891632288035511,-0.004578219757914843
740,-576460691401,1.0120745763564276,3.2661583984663913,-0.02065104236885511,-0.0012087515416148438
741,-576460691382,0.9754306070715416,3.2424836146672993,-0.019077552028542576,-0.006290349241925654
742,-576460691365,0.9751901951444638,3.2424219700863963,-0.007580088053272574,-5.449981997556535e-4
743,-576460691347,0.9751569019416501,3.242463606693544,0.003874667595427426,0.005179011237944346
744,-576460691329,0.9753299876180876,3.242608485551112,0.015351733563977427,0.010914169274994346
745,-576460691311,1.005763766072483,3.2279070468234927,0.02515559133385315,0.016732559724526055
746,-576460691293,1.0062269787660854,3.2283292521378444,0.02632106517583315,0.030186961790386053
747,-576460691275,1.006711881164325,3.2289947312543217,0.02748822276065315,0.043660801232126054
748,-576460691257,1.007216701733132,3.2299008216966145,0.02865285473121315,0.05710548461004605
749,-576460691238,0.9733945075430531,3.2088209861341475,0.011397840069536596,0.059892914440752856
750,-576460691220,0.9735320898755637,3.210009121148134,0.003895882975216595,0.07218078653595286
751,-576460691201,0.9735380914004755,3.2113342961658136,-0.0031895303698134068,0.08378637849425287
752,-576460691185,0.9734129503465545,3.2129547244547414,-0.010701911481883406,0.09609132466695287
753,-576460691168,1.006935112420929,3.1981545567102536,-0.001036384414876232,0.106917744477458
754,-576460691150,1.006916208374439,3.2003084953955176,-0.0010229920751462318,0.127728879550428
755,-576460691130,1.0068982742684305,3.2027382938959637,-0.0010101227654062317,0.147727247923288
756,-576460691113,1.0068802261847634,3.2055594618850827,-9.970039769262315e-4,0.16601474374920802
757,-576460691097,1.0068797216504328,3.2085279178950796,9.376330272337688e-4,0.18329756620568802
758,-576460691085,0.9669053291145094,3.182612178126247,-0.009970028042193425,0.17142871022917516
759,-576460691079,0.9667441267459221,3.1858669929188452,-0.007918488696113425,0.18975586421441518
760,-576460691063,0.96663209250485,3.1890301565851398,-0.006098932770513425,0.20601062515621518
761,-576460691046,0.96649160541977,3.1926076690374776,-0.010275807608303426,0.21097316787809517
762,-576460691028,0.966266796046974,3.1964580910926914,-0.014664215998983427,0.21618703349905516
763,-576460691009,1.0090845893402318,3.179375155559991,-0.0068968142205669426,0.21086350408972573
764,-576460690992,1.0089319372585779,3.18300615732134,-0.011040096848576944,0.21578613592544574
765,-576460690975,1.0087728925097605,3.186653671777927,-0.007695295873476944,0.21388926242380574
766,-576460690957,1.0086662344031059,3.190488545273924,-0.004146394662176944,0.21187664142848575
767,-576460690939,1.008623327231154,3.194353474867544,-5.352389386769438e-4,0.20982871521308574
768,-576460690927,0.9649797634532356,3.165942612708954,-0.012470559374754463,0.19678930888437043
769,-576460690920,0.9647814318274126,3.1695936924301926,-0.008795967091354462,0.19470540709661044
770,-576460690905,0.9646240196676429,3.172687010678799,-0.010671279973914462,0.18784693628781043
771,-576460690885,0.9644150380285081,3.1759728758760617,-0.012741406462874461,0.18027598520701044
772,-576460690868,0.9641672036651263,3.1791456872248087,-0.014826375893274462,0.17265074991501045
773,-576460690848,1.0144275687835864,3.157292891327807,-0.0024418597855964414,0.15239592574728456
774,-576460690832,1.0143138330764503,3.1600646476990946,-0.010188424182896446,0.15540600332408455
775,-576460690813,1.0140605996792922,3.162890457151543,-0.017934558454466447,0.15841591376720454
776,-576460690796,1.0136649614856215,3.1657887142663625,-0.02572929693352645,0.16144471031616453
777,-576460690776,0.9644269719302839,3.1371758012446285,-0.04718218087917327,0.15004106317955007
778,-576460690758,0.9635142250372865,3.14002343721761,-0.054194716216123276,0.16623993565219009
779,-576460690741,0.9624744076932992,3.143165138067727,-0.06121231419312328,0.1824505027625901
780,-576460690721,0.9613111349729299,3.1465902131208994,-0.06821277708072328,0.1986214880221101
781,-576460690705,1.0120722156009205,3.124926362006986,-0.04966946855536082,0.19446375774057795
782,-576460690687,1.0112119749415505,3.128501023862454,-0.04600850490364082,0.20311847509983796
783,-576460690658,1.010416295395944,3.132237668257835,-0.04234143353812082,0.21178763142699797
784,-576460690646,1.009687363311274,3.136126493352771,-0.038678026800880824,0.220448124373418
785,-576460690632,1.0089995669132603,3.140255451914284,-0.033839912786200826,0.214889380135328
786,-576460690612,0.9517893256666177,3.107055800383827,-0.04452726050112655,0.19220545666056832
787,-576460690596,0.951027915777691,3.1104738202489117,-0.03992838687580655,0.18692158732865832
788,-576460690578,0.9503867003638257,3.113605503576326,-0.035597574710206546,0.1819457068308583
789,-576460690560,0.9497748842143346,3.1165984105614073,-0.03641892219885655,0.17034750546753832
790,-576460690544,0.949149038069028,3.119394570004367,-0.037240366367806546,0.1587479388871783
791,-576460690531,1.0074523860215632,3.0912429303474473,-0.02053882178511241,0.14450339439334803
792,-576460690526,1.0070743422965416,3.0937365818642815,-0.02141010464871241,0.13220005842886803
793,-576460690509,1.006681285268972,3.096004760927302,-0.02227988896766241,0.11991788332850803
794,-576460690491,1.0062956913427619,3.0981023826698,-0.02054246943203241,0.11303472286820802
795,-576460690472,1.0059415370484555,3.1000751963508395,-0.018805821696962412,0.10615462006150803
796,-576460690459,0.945659053843623,3.060628825472618,-0.035376195047137765,0.08802690459288878
797,-576460690453,0.9450042863447419,3.062232429115319,-0.03354307224206776,0.08076459508618879
798,-576460690435,0.9444163626537352,3.063623757137985,-0.03180719630755776,0.07388754993308878
799,-576460690418,0.9439042750933839,3.0649310899972777,-0.02850225609513776,0.08007933963144878
800,-576460690400,0.9434221370827455,3.0664337509368758,-0.02499433315738776,0.08665141649594878
801,-576460690380,1.0024854614139758,3.0396098687146598,-0.004447675896702929,0.07883758434007787
802,-576460690364,1.002403674876788,3.0411410337309266,-0.004639212297022929,0.09128241080091787
803,-576460690345,1.0023233430417675,3.042791188015622,-0.004819938132222929,0.10302483496831788
804,-576460690329,1.0022347752271237,3.044759595333522,-0.005011644777662929,0.11548072288259789
805,-576460690310,0.9305135994118419,3.000077076726943,-0.024939063658652436,0.10702611084388979
806,-576460690292,0.9300805455891624,3.002018047571946,-0.023236909495132435,0.10890122757002979
807,-576460690274,0.9296746272255245,3.0040105656086715,-0.021519511877372437,0.11079313669759978
808,-576460690257,0.929325225235765,3.005893587224574,-0.019923020415292435,0.11255185392065978
809,-576460690239,0.9958558631750297,2.976800641818758,9.637992344251368e-4,0.09870454417479153
810,-576460690220,0.9958821648693728,2.9786997068486882,0.0018069876334251371,0.10135497965249153
811,-576460690203,0.9959193039574786,2.980443018416636,0.002562059846825137,0.10372843519931153
812,-576460690187,0.9959692402258976,2.982225407889698,0.0033165990994251373,0.10610021546429153
813,-576460690167,0.9960362327782456,2.9841604348284196,0.004117106221025138,0.10861648878797153
814,-576460690155,0.9357860531018201,2.944710261775853,-0.01250677225027751,0.09049709434530875
815,-576460690150,0.9355426157753947,2.946380436848606,-0.01454031695870751,0.09506760458843876
816,-576460690132,0.9352624234413425,2.9481337824295624,-0.01657487838300751,0.09964039995973875
817,-576460690113,0.9349459236076543,2.9499676082587722,-0.018607406375567508,0.10420862507469875
818,-576460690096,0.9345926274842113,2.9518848221549634,-0.020641177020857507,0.10877964312408875
819,-576460690075,0.9974105932003252,2.9243679541004566,-0.0045104923737557985,0.10139332587320136
820,-576460690060,0.997311070730905,2.926261176079955,-0.006544488955905798,0.10890625529850137
821,-576460690041,0.9971749175744811,2.928289784773149,-0.008578598506485798,0.11641960199286137
822,-576460690024,0.9970633598775381,2.930419843271269,-0.003831869503625797,0.12054318564982137
823,-576460690005,0.9319442138316602,2.8899018326003354,-0.017076719817975632,0.10506189550042981
824,-576460689989,0.9316786206241996,2.8918388403631825,-0.012303059768375632,0.1092088747260298
825,-576460689971,0.9315074100276877,2.8937315889590463,-0.0078074231718856316,0.1131143291106698
826,-576460689953,0.9313738953696152,2.8956835221377535,-0.007108749107465631,0.1049543982614098
827,-576460689935,0.9984642468590301,2.8664469264541887,0.012947918681249329,0.08109767035257275
828,-576460689917,0.9987033315845733,2.8678312393596284,0.013649558851629329,0.07290309785743275
829,-576460689899,0.9989553461329226,2.869069653718002,0.014352057631629328,0.06469849751743276
830,-576460689881,0.9992026838892152,2.870240780334761,0.012910301838479328,0.06438682811043275
831,-576460689863,0.9994251908033924,2.871413684312975,0.011459328978809328,0.06407316621783275
832,-576460689850,0.9339454460841667,2.8286812445110154,-0.0066926253646173006,0.04447477589858771
833,-576460689844,0.9338139647689488,2.8294688934958754,-0.008104664063987299,0.04416953053998771
834,-576460689827,0.93365688561716,2.8302534427484574,-0.009520914009267299,0.04386337482158771
835,-576460689809,0.9334620097960002,2.8310015969102853,-0.0121355644215573,0.03927872239769771
836,-576460689790,0.9332200338600722,2.831667345163504,-0.0147506506815573,0.03469330573769771
837,-576460689779,0.9997174972815812,2.801184139034901,0.004452570011957185,0.019340638203815458
838,-576460689774,0.999774113277254,2.8014910460371483,0.0018370479042471833,0.014754457307705457
839,-576460689755,0.999765874680166,2.8017785338035672,-0.0027447322636328163,0.016919400062345456
840,-576460689736,0.9996767873430217,2.802099239938506,-0.007245997482272816,0.019046298596265457
841,-576460689720,0.9995055887978085,2.8024611816518177,-0.011786636782672815,0.021191801827465457
842,-576460689707,0.9393312057827488,2.763322425545981,-0.028517138841258977,0.0032496057389392284
843,-576460689701,0.9387765790088309,2.76340030887384,-0.03306358329473898,0.00539785197037923
844,-576460689682,0.9381266486220748,2.7635815472084078,-0.035346541094088975,0.01367886342014923
845,-576460689662,0.9374716218343462,2.7638979821981664,-0.037507066705788975,0.02151577452428923
846,-576460689645,0.9367767130770572,2.764356103840533,-0.03967071620058897,0.02936401694244923
847,-576460689628,0.9996539610176651,2.735709850689517,-0.023390007827007852,0.022492197197196126
848,-576460689610,0.9992420896838083,2.7360652133121106,-0.022386189322957852,0.017003509676246125
849,-576460689593,0.9988695208228988,2.736310234223616,-0.02143770774338785,0.011817393870816125
850,-576460689575,0.998491820797865,2.7364738008726643,-0.020431267429407853,0.006314370794796125
851,-576460689557,0.9350433448694776,2.6952377262504235,-0.037032139859042454,-0.018096564102863415
852,-576460689539,0.9344000474059697,2.694889852297436,-0.03443344515543245,-0.020549656303433417
853,-576460689520,0.933772373810398,2.694475184063533,-0.031693145191352454,-0.02313641975039342
854,-576460689503,0.9332547702496384,2.6940624553033503,-0.029240819227922453,-0.02545134411830342
855,-576460689486,0.9954678045597827,2.6651640951894726,-0.008594836412885266,-0.04203470035379654
856,-576460689469,0.9953575011960818,2.6644366214311637,-0.003434539638245266,-0.03730155116579654
857,-576460689450,0.9953412750711835,2.6638067758292365,0.0016323377280747335,-0.032654088521796534
858,-576460689433,0.9954166235195051,2.6632592170784606,0.006713284282394733,-0.027993721277796535
859,-576460689415,0.9955162926207903,2.6627372346780693,0.0049815354635947325,-0.033253846969946536
860,-576460689403,0.9352004950274024,2.6232331942322324,-0.011911035673757226,-0.05134168077288574
861,-576460689397,0.9349706126761101,2.6222630892857843,-0.013732597690317226,-0.05687461087171574
862,-576460689380,0.9347230339979434,2.6212538640235565,-0.015456117019277226,-0.06210973977999574
863,-576460689362,0.9344281747719517,2.620085150810719,-0.017286010124317228,-0.06766797526496574
864,-576460689344,0.934073207695144,2.6188251075801485,-0.02215258515457723,-0.07232905051920574
865,-576460689324,0.9976200426056279,2.5884510885606824,-0.008296690298081836,-0.0915768559919222
866,-576460689308,0.9974269317635917,2.586760950280775,-0.013162454277561835,-0.09623715444344219
867,-576460689292,0.9971816751964787,2.5851877110854877,-0.017488869488341836,-0.1003808790861622
868,-576460689274,0.996814510624097,2.5834275877729205,-0.02322802237544184,-0.09480884229641219
869,-576460689254,0.934705537527515,2.541288319548462,-0.04629574541979924,-0.10776851303581919
870,-576460689238,0.9338203498259475,2.5393979240853404,-0.05202566983815925,-0.1022054359947192
871,-576460689220,0.9328321046158552,2.5376078906727564,-0.05775495781039925,-0.0966429768673192
872,-576460689202,0.9318584421555718,2.535906481164531,-0.05038169926239925,-0.0923185411497192
873,-576460689184,0.9907672112887407,2.507519714892083,-0.025446740071785576,-0.10144180241145022
874,-576460689166,0.9903725947631524,2.50571703198707,-0.018010836668285575,-0.09708062531975022
875,-576460689148,0.9901162767781799,2.504021935813238,-0.010700222975785576,-0.09279293097625022
876,-576460689130,0.989916084626916,2.502404900028293,-0.011569330532635575,-0.08708757238264021
877,-576460689109,0.9353949254206751,2.464893105482538,-0.02783782750001154,-0.09747132654466206
878,-576460689093,0.9348865588637033,2.463191773292367,-0.02870703173716154,-0.09176533328187206
879,-576460689075,0.9343612617441671,2.4616390267517234,-0.02957836294091154,-0.08052277108912206
880,-576460689058,0.9338321165975086,2.4602939530964743,-0.02930714191759154,-0.06916270134012206
881,-576460689040,0.9333360177780554,2.4592094085380194,-0.02905055946497154,-0.05841576689362206
882,-576460689028,0.9963233015490345,2.4310330069040478,-0.010415671344959684,-0.07256129915887005
883,-576460689022,0.9961379700865859,2.429827529379096,-0.010143590116969683,-0.06116519980962005
884,-576460689005,0.9959840392402419,2.4288181259081725,-0.007788707919369683,-0.056426071267220046
885,-576460688988,0.9958671088400486,2.4278572667298994,-0.005346587541569683,-0.05151137855002005
886,-576460688969,0.9957930999435649,2.4269749207215847,-0.0028779939424196832,-0.04654340928292005
887,-576460688949,0.95417632939731,2.398541877928525,-0.012238124222458572,-0.05418466072705174
888,-576460688933,0.9539206160287551,2.3975890994373086,-0.01618710571917857,-0.051726687785211736
889,-576460688914,0.9535930872553284,2.3966786726827336,-0.02014442766147857,-0.049263523482111736
890,-576460688897,0.9531953645984159,2.3958149033551646,-0.02409121430409857,-0.04680691668797173
891,-576460688879,1.0073509538702696,2.3698812957478177,-0.011747775538796114,-0.05692316328068771
892,-576460688861,1.0071462041692714,2.3688729938563053,-0.011002191238796113,-0.05511038022068771
893,-576460688842,1.006965111111505,2.367950456419695,-0.010297862603396112,-0.05339790449000771
894,-576460688827,1.0067960424260427,2.3670572963488117,-0.009593741074746111,-0.051685932310177714
895,-576460688808,0.9591076241737908,2.3345911266757082,-0.022450353674810058,-0.06424146438115741
896,-576460688791,0.9587453668186121,2.333441134320105,-0.01781836077369006,-0.06359227901627741
897,-576460688773,0.9584664350934712,2.3323027591645107,-0.013186110425210059,-0.06294305756950741
898,-576460688755,0.9582704753282161,2.3311733245565462,-0.00854253239289006,-0.06229224851957741
899,-576460688736,0.9581584357630817,2.330058217563697,-0.003909767149690059,-0.06164295490902741
900,-576460688724,1.0060542259122554,2.307874883925144,0.010481799223962028,-0.07273115708429974
901,-576460688718,1.0063569494922695,2.3064667685571805,0.02142918796986203,-0.07570244518878974
902,-576460688701,1.0068035913970335,2.305159783354644,0.03121911812596203,-0.07835958139649975
903,-576460688683,1.0074595085504952,2.303722966543271,0.04161201150556203,-0.08118037101005975
904,-576460688665,0.9609843390283956,2.270696663775801,0.023209795032701295,-0.09422095878011383
905,-576460688649,0.9613396602161833,2.2691094736002753,0.018696230181081294,-0.09296976837235382
906,-576460688630,0.9616364038268534,2.2674259785257473,0.013841446427481294,-0.09162398979955383
907,-576460688612,0.9618403248288262,2.26580964998678,0.009112290849961294,-0.09031303619859384
908,-576460688594,0.9620225845631545,2.2641685732286825,0.011129794259801293,-0.09194782098683384
909,-576460688582,1.0157940214780172,2.239094489610554,0.027421059317768656,-0.10446261386859845
910,-576460688576,1.0163061327091278,2.237198076769647,0.029439122896258656,-0.10609785256198845
911,-576460688560,1.0167905308652003,2.2354922251740152,0.031228189530628656,-0.10754753483005845
912,-576460688542,1.0173380296965913,2.233649381034838,0.03313421937911865,-0.10909199249344845
913,-576460688525,1.0179157391394746,2.231662250550812,0.030416679128478653,-0.10950219748793845
914,-576460688505,0.9764936841602528,2.201536319345468,0.01552806219035869,-0.12270276252545606
915,-576460688489,0.9767470990271973,2.1993419881855876,0.01285939910059869,-0.12310558965111607
916,-576460688471,0.9769544758539243,2.1971209503387326,0.01016711952331869,-0.12351198161859607
917,-576460688453,0.9770937523312712,2.1949009263883856,0.00531320473441869,-0.12323959672383607
918,-576460688435,0.9771456970515151,2.1926832214237244,4.536251566686911e-4,-0.12296689394073607
919,-576460688423,1.0251670792041119,2.169804455496986,0.01514757016766094,-0.13435178778089688
920,-576460688417,1.0253958400700391,2.1673911231080716,0.01029716215281094,-0.13407959967415686
921,-576460688399,1.0255375055127625,2.164979741174113,0.00544081959726094,-0.13380707854153687
922,-576460688380,1.0256642032623318,2.162550391652526,0.00865001614418094,-0.13637581881563687
923,-576460688363,1.0258490509064278,2.1600697074281276,0.01186581560898094,-0.13894984426963689
924,-576460688350,0.9938173801141197,2.1385236343070275,0.0024662726399230644,-0.1487277239697965
925,-576460688345,0.9938908762667672,2.1358182505132604,0.005684570506083065,-0.1513037492215965
926,-576460688327,0.9939804689943963,2.132994683048489,0.004276817933883065,-0.1626352617603165
927,-576460688309,0.9940446673176662,2.12997163330867,0.0028710218779330653,-0.17395102558803652
928,-576460688291,0.9940836777205628,2.126737166154689,0.0014617823533830657,-0.1852945071471165
929,-576460688273,1.034754015427401,2.1034291254723136,0.012621104956372494,-0.20648414647342753
930,-576460688255,1.0349450232999786,2.0995822311940713,0.008566679023372492,-0.22023734861722752
931,-576460688237,1.0350626315745108,2.0955028083961578,0.004527094582972491,-0.23394020626066753
932,-576460688219,1.0351076877589196,2.0911695501620335,4.8053913847248986e-4,-0.24766671056336753
933,-576460688198,1.0010062525979744,2.0635647560247685,-0.013672895419889593,-0.27182687811882833
934,-576460688183,1.0007498939477202,2.0585100143359387,-0.014801907451829592,-0.2896239370350083
935,-576460688165,1.0004722184692978,2.0531157568028178,-0.015934807007149592,-0.30748227650504834
936,-576460688147,1.0001724178991918,2.0473672721024934,-0.01707378865549959,-0.32543649038999833
937,-576460688127,1.0351465637690314,2.024150493146649,-0.0071781051677466835,-0.35152996748335485
938,-576460688111,1.0350223473434847,2.0176907040329493,-0.006615290595566683,-0.3657860187138949
939,-576460688093,1.034907287680123,2.010912571978891,-0.006047413785826683,-0.3801702960451149
940,-576460688074,1.0347991294346142,2.003626283250951,-0.005460006738586683,-0.3950492728388349
941,-576460688056,0.9962098383832031,1.9705456032146358,-0.016452513608790794,-0.42063559878115836
942,-576460688038,0.9959416609089211,1.9626204032561663,-0.012179042925880793,-0.42548621389907837
943,-576460688021,0.9957685707046241,1.9554008764722397,-0.008328060243010794,-0.42985728280451835
944,-576460688004,0.9956601047539337,1.9480702170783344,-0.004457458786920793,-0.43425062005459836
945,-576460687986,0.9955931013565822,1.9402474923476256,-0.0029774499294007934,-0.43378363768051836
946,-576460687973,1.020488788806437,1.928246440876174,0.00486526460357272,-0.43970111876585305
947,-576460687967,1.0205959860218656,1.919901188269471,0.00642459484127272,-0.43920910837505306
948,-576460687950,1.0207178284726197,1.9123958168282202,0.007828484734582721,-0.4387661435698131
949,-576460687933,1.0208709924282693,1.9045517515298993,0.009297244079592721,-0.4383027107177731
950,-576460687914,1.0210380454242876,1.896734390735762,0.00926729401210272,-0.4304377231475431
951,-576460687896,0.9961505905612777,1.8718423937272701,0.0016381288077043374,-0.4303459738960234
952,-576460687878,0.9961798072842765,1.8641669628847217,0.0016081737477043375,-0.4224796752760234
953,-576460687860,0.9962086757684738,1.856582960397938,0.0015780173231343376,-0.41456049764863345
954,-576460687842,0.9962455558713719,1.8494135297297312,0.002752412184064337,-0.42726779662797343
955,-576460687826,1.0091578393287766,1.8359120055656575,0.008012755799794699,-0.4428885218923037
956,-576460687808,1.009313247797051,1.8278186973772215,0.009253892528004699,-0.4563179875722837
957,-576460687788,1.0094910399482384,1.8194817663812988,0.010495305049054698,-0.4697504374121837
958,-576460687772,1.0096496764473455,1.8110087236724097,0.0071250991614346965,-0.4713850406383637
959,-576460687753,0.992064070529497,1.7899457829421654,-0.001748006600518299,-0.4786349810737668
960,-576460687736,0.9920045482711669,1.7815298377187458,-0.0050336110740983,-0.4802285512743868
961,-576460687719,0.9918818275063985,1.772768378473734,-0.0084425614146083,-0.4818819461737768
962,-576460687699,0.9917428464279108,1.7642265090004732,-0.007161017622968301,-0.4771243941496768
963,-576460687682,0.9916255848348623,1.7556801179957784,-0.005865877122188301,-0.47231636624522677
964,-576460687668,0.9959133209115189,1.7536209008671124,-0.0044837518570121715,-0.4733242865322467
965,-576460687662,0.9958380887470727,1.744216252502356,-0.0030462415816921717,-0.4679877307589467
966,-576460687644,0.9957897389596558,1.7359250401784656,-0.0024430621668121715,-0.4733397356227867
967,-576460687629,0.9957543187948533,1.7281319344915056,-0.0018822724042721712,-0.4783156175290067
968,-576460687609,0.995724680624765,1.7189673148805416,-0.001230163414922171,-0.4841017740135567
969,-576460687591,0.9818383495500198,1.70029300081479,-0.004931449039447443,-0.4940294604186469
970,-576460687574,0.9817472373086079,1.6917726021058175,-0.005640869527727442,-0.4946452563338069
971,-576460687555,0.9816339794469336,1.6824719107240298,-0.0064142514594274416,-0.4953165724887069
972,-576460687537,0.9815120554525624,1.673564311451602,-0.0071539651409874404,-0.4959586637040269
973,-576460687518,0.9797734883626287,1.6653995315639114,-0.008418514223176582,-0.4962279015051071
974,-576460687501,0.9796386701254687,1.6565070324045925,-0.006563786955916581,-0.4919922640023671
975,-576460687484,0.9795419535097759,1.64817473238782,-0.004811292808016582,-0.4879900961002671
976,-576460687466,0.9794720633065849,1.6394319402768067,-0.0029568747134965812,-0.48375516465478713
977,-576460687448,0.9693562349147,1.623324638402638,-0.004277223799938577,-0.4828515693548406
978,-576460687430,0.9692880961755365,1.6146553060166229,-0.0032824077708785773,-0.4789648600028106
979,-576460687411,0.9692380764608935,1.6060945213775912,-0.0022920617089985775,-0.47509561464687056
980,-576460687394,0.9692057501946939,1.5975744298083234,-0.0012983493755385777,-0.47121321739264055
981,-576460687376,0.9625408932328582,1.592710147769373,-0.0025527650815371614,-0.46597470249570855
982,-576460687359,0.9624784554705654,1.5844089759138298,-0.004441495285077162,-0.46392020682916857
983,-576460687340,0.9623810726154599,1.5760553470848213,-0.006350642478047163,-0.46184350226469856
984,-576460687322,0.9622496730012369,1.5677635643449845,-0.008254182932987164,-0.45977289651675857
985,-576460687305,0.962115319971276,1.5594427757215965,-0.006655708306707164,-0.46363056851353857
986,-576460687292,0.9568791062891358,1.5554521453639387,-0.008330386668976663,-0.4654223360321252
987,-576460687287,0.9567437637785176,1.5470562911543326,-0.006736967699876663,-0.46926780697997517
988,-576460687269,0.9566363021575272,1.5385227493836116,-0.005130687848476662,-0.47314431568387516
989,-576460687250,0.9565587680403165,1.5300320519640576,-0.003545428887456662,-0.47697009371064514
990,-576460687233,0.9564900387100788,1.5214544817435036,-0.0040822643856966625,-0.4749826525913151
991,-576460687215,0.9507328806848554,1.5156353727088816,-0.006526765373651075,-0.471681881216674
992,-576460687197,0.9506107848947033,1.507177055925552,-0.007062081610451075,-0.469700064618574
993,-576460687179,0.9504777470735979,1.4986729710808246,-0.0076025812098110745,-0.467699058477454
994,-576460687161,0.9503354079910223,1.4902696370678015,-0.008172558164631074,-0.463624671215894
995,-576460687141,0.9517056168497126,1.4827588583195197,-0.008270985044396353,-0.458824371492052
996,-576460687125,0.9515524355035447,1.4745784345555157,-0.008836603314756353,-0.454781141575172
997,-576460687103,0.951388081224218,1.4664203864355738,-0.009405727483486353,-0.450712850315832
998,-576460687088,0.9512355050747219,1.4583166973059942,-0.007563204229376353,-0.45054824400431204
999,-576460687069,0.9334727851827433,1.4587338563070438,-0.011716496527939605,-0.4462689767539461
1000,-576460687053,0.9332897476202573,1.4512083856478348,-0.009988420166719605,-0.4461145948349061
1001,-576460687035,0.9331037312727875,1.443191289135766,-0.010665146420729604,-0.4440310235594461
1002,-576460687018,0.9329172098620835,1.435667875359726,-0.011303101704099604,-0.4420668241574261
1003,-576460686998,0.9327076079935023,1.4277272112105952,-0.011979527407949605,-0.4399841782453261
1004,-576460686988,0.9416066604229811,1.4350184939302904,-0.00903976733583159,-0.4367251881157963
1005,-576460686982,0.9414376738593162,1.427167920953834,-0.00971671900246159,-0.4346409228178163
1006,-576460686965,0.9412706872979753,1.4197714007089155,-0.00990797970960159,-0.4346175382138363
1007,-576460686947,0.9410909476106576,1.4119667605258763,-0.01010980482294159,-0.4345928619464563
1008,-576460686928,0.9218017850388417,1.4137741746158083,-0.016918526981129216,-0.43005596003540625
1009,-576460686911,0.9214898317685607,1.4058927698035368,-0.017124499185839217,-0.43003077672143625
1010,-576460686895,0.9212150090621168,1.399000722831795,-0.017112788274459216,-0.42857729251263627
1011,-576460686876,0.9209074561402915,1.3913099645130123,-0.017099673133329215,-0.42694952419383625
1012,-576460686859,0.9205996776787886,1.3836369881864252,-0.017086538296509215,-0.4253193113706363
1013,-576460686840,0.9385380277712544,1.3915484072245434,-0.010938205673440051,-0.41676349130662005
1014,-576460686823,0.938345481905431,1.3840483235681558,-0.010451026255400052,-0.41639399107370006
1015,-576460686805,0.9381616175443244,1.3765511481743753,-0.009963603301770053,-0.41602430613171004
1016,-576460686787,0.9379867889996141,1.3690718545977076,-0.009476910954910054,-0.41565517531693
1017,-576460686768,0.913530982712235,1.3740099879865542,-0.017538524840188318,-0.4094267238994715
1018,-576460686751,0.9132140502453716,1.3666480910709438,-0.017676193700188317,-0.40856182227947146
1019,-576460686733,0.912894782249684,1.3593050239613962,-0.017813801374028316,-0.4076973050601915
1020,-576460686714,0.9125549574699572,1.351567854990875,-0.017959110855758315,-0.4067844014002815
1021,-576460686694,0.9270112931610792,1.3573755649095398,-0.013045613516534934,-0.4000912821595891
1022,-576460686677,0.926782879759028,1.3501016187226733,-0.012006583034184934,-0.39770923189213914
1023,-576460686658,0.9265787170521097,1.3430620674885074,-0.010995073896664934,-0.39539027623829914
1024,-576460686642,0.9263892789711855,1.3359363341037818,-0.009965103235904934,-0.39302899624737914
1025,-576460686623,0.9008550736663435,1.3421481785244862,-0.019688509554494166,-0.3849328999897185
1026,-576460686606,0.9004945488173046,1.3352337956765348,-0.020354234827014164,-0.3830332074075685
1027,-576460686588,0.9001427439627235,1.3287294695206275,-0.020983507324574165,-0.38123753531111854
1028,-576460686571,0.8997596144933842,1.321894147310697,-0.021648012575214166,-0.3793413241448185
1029,-576460686553,0.9220233977912154,1.3360597760745425,-0.013046391730969163,-0.37061668540390263
1030,-576460686536,0.9218077427496207,1.3297617007392757,-0.012353177386829162,-0.37116240125375266
1031,-576460686518,0.921592033728215,1.3230766865694572,-0.011618486935649163,-0.37174076814320267
1032,-576460686501,0.9214011394708503,1.316777020614447,-0.010927191269689163,-0.3722849735611027
1033,-576460686482,0.9212085488843773,1.3098513303824517,-0.009778134373819162,-0.37229280765646267
1034,-576460686470,0.892912570618697,1.3251201794029779,-0.02004852942358607,-0.3651894777843333
1035,-576460686464,0.8925522616577274,1.318364467197076,-0.01890589632587607,-0.3651972680832133
1036,-576460686447,0.8922401974945351,1.312164452489534,-0.01785727304354607,-0.3652044174374533
1037,-576460686429,0.8919259103098282,1.3055282534964736,-0.01673489961695607,-0.3652120696089733
1038,-576460686412,0.8916410780329931,1.2994168100874077,-0.01712533300727607,-0.3613028387440933
1039,-576460686393,0.9150809369933567,1.315874071770839,-0.009146649520405689,-0.34697967309763594
1040,-576460686375,0.9149033740461403,1.309338129531107,-0.009586583292415688,-0.34257481756354596
1041,-576460686356,0.9147273061246655,1.3032178850757885,-0.010003727859165689,-0.33839813991279594
1042,-576460686340,0.914557191678734,1.2974818126732977,-0.010001498921745688,-0.33615614979036595
1043,-576460686321,0.8882041873899056,1.3060003214605294,-0.019656607892648167,-0.3270716126596373
1044,-576460686304,0.8878695722888214,1.3004513572224987,-0.019654376727208166,-0.3248273814698773
1045,-576460686284,0.8875306627327221,1.2946050803592373,-0.018037838820728166,-0.32537301482233727
1046,-576460686269,0.8872185416853751,1.288703688386187,-0.016408805848408165,-0.32592286565997725
1047,-576460686250,0.8869479876369984,1.2830577443073345,-0.014852855527368165,-0.3264480487605572
1048,-576460686239,0.905588189326602,1.3017555708334578,-0.008162176459175984,-0.31822477515992514
1049,-576460686234,0.9054575044158354,1.2961038951373587,-0.006567032981975984,-0.3187631872068251
1050,-576460686216,0.9053402676013521,1.290417155042223,-0.006575370973325983,-0.31872799547750513
1051,-576460686197,0.9052218417969153,1.284680689364359,-0.006583782805975983,-0.31869249209002515
1052,-576460686179,0.9051019725087767,1.2788824059800687,-0.006592286239225982,-0.3186566020886252
1053,-576460686161,0.8815502430794927,1.2864646230130643,-0.015375485315194677,-0.31253239729772336
1054,-576460686144,0.8812734926235797,1.2808772537666528,-0.015491172716594677,-0.3106406170243234
1055,-576460686125,0.8809918895378799,1.275268852302453,-0.015608008476094677,-0.3087300582048234
1056,-576460686107,0.8807129191653357,1.2697877153581831,-0.015722895897694676,-0.3068513596152234
1057,-576460686090,0.9028214826812738,1.2874852012312732,-0.0076701823743091195,-0.2947899490127299
1058,-576460686071,0.9026832349700216,1.2819136028487095,-0.0068952405042891195,-0.29221931006787993
1059,-576460686053,0.9025653274579161,1.276656467672388,-0.006157733270249119,-0.28977284938317993
1060,-576460686036,0.9024669274691983,1.2717700204105191,-0.005466600896049119,-0.28748022348967994
1061,-576460686018,0.8792559830590738,1.2803067117134281,-0.013522613675749294,-0.2789819421621731
1062,-576460685999,0.879009388666201,1.2751224635396954,-0.012951635384619294,-0.2775963147204031
1063,-576460685979,0.8787794020649946,1.2700971704109882,-0.012395430379029293,-0.2762465385012931
1064,-576460685965,0.8785612377695965,1.265136507391366,-0.011843700269059293,-0.2749076217811631
1065,-576460685945,0.8783498480820059,1.260246302016269,-0.011852038727759293,-0.2732602265651031
1066,-576460685927,0.8994206552050752,1.2777964119969665,-0.003977889546897713,-0.2615994625011434
1067,-576460685910,0.8993530472531244,1.2733680238169764,-0.003985824682547713,-0.2600317501721734
1068,-576460685891,0.8992811188535696,1.2686954342174988,-0.003994249600997713,-0.2583672734565634
1069,-576460685873,0.8992025380898533,1.2640209257386565,-0.004675296263557713,-0.2573551977308034
1070,-576460685855,0.8718482446355769,1.2754799175483937,-0.015857337839697422,-0.24892410075346633
1071,-576460685837,0.8715761274309779,1.2712996716667702,-0.01648943239494742,-0.24798477076196632
1072,-576460685821,0.8712903955210815,1.2670922449507054,-0.01712806391617742,-0.24703572645138633
1073,-576460685803,0.8709887962661307,1.26264475627225,-0.01633834253641742,-0.24647167240074633
1074,-576460685785,0.8917769314912173,1.2815442382130942,-0.0076576369851606724,-0.235771554641292
1075,-576460685766,0.8916393654698479,1.2770709328830265,-0.006825283620130672,-0.235177050935122
1076,-576460685748,0.8915239465121403,1.2728559541119697,-0.006039067439570672,-0.234615500453282
1077,-576460685732,0.891427550104326,1.2688748321793992,-0.005293686829690672,-0.233421406738162
1078,-576460685713,0.891339433855652,1.2646883323786415,-0.004505718049530672,-0.232159087118322
1079,-576460685701,0.8675996523276399,1.2792640579273724,-0.013712988338767879,-0.2256297210263531
1080,-576460685695,0.8673573196629846,1.275168997728969,-0.012915511705777878,-0.2243521699030931
1081,-576460685678,0.8671444645414577,1.2713720714378862,-0.012172015140467878,-0.2231610944121531
1082,-576460685661,0.8669257301452538,1.267412457264466,-0.012351152772957877,-0.2207667236740831
1083,-576460685641,0.8667007674884987,1.2634427140914948,-0.012532720547667877,-0.2183398714225531
1084,-576460685623,0.8884977126864348,1.284633859994159,-0.004369114364407713,-0.20508240620211604
1085,-576460685606,0.8884226275361032,1.2809323774504515,-0.0039792456902477125,-0.20646779879091604
1086,-576460685588,0.8883576754793415,1.2773861542351417,-0.0036081682180277123,-0.20778641712051604
1087,-576460685569,0.8882960240502602,1.2736195071297336,-0.0032165873120877124,-0.20917789409971604
1088,-576460685552,0.8623159318432516,1.28616593966521,-0.012984689137013096,-0.20330164142561305
1089,-576460685535,0.862085626785716,1.282518054972499,-0.012583454913563096,-0.20168139412376304
1090,-576460685517,0.8618629885370931,1.2789065612944968,-0.012183022490393096,-0.20006438461835305
1091,-576460685499,0.8616473729266609,1.2753211631298835,-0.011782255983773096,-0.19844602603109304
1092,-576460685480,0.8837193660318352,1.2978860188667758,-0.002859718074365308,-0.1855393568804204
1093,-576460685463,0.8836569814867075,1.2945823408072379,-0.004110622163365309,-0.1835866832914204
1094,-576460685445,0.8835703626440549,1.2912513215566568,-0.005385496090495309,-0.1815965925492904
1095,-576460685426,0.8834570000422131,1.287862867799896,-0.00669684889664531,-0.1795495579181404
1096,-576460685408,0.8644523729111044,1.2967792265449047,-0.015399826979685501,-0.17222676161461875
1097,-576460685390,0.8641658874720751,1.2936619776665486,-0.0160942024854255,-0.17045986273058875
1098,-576460685373,0.8638727100245995,1.2906365973741178,-0.0167750668094455,-0.16872734422389873
1099,-576460685353,0.8635645932009264,1.2876154055503457,-0.017462037882265496,-0.16697928656360872
1100,-576460685335,0.8849712232428584,1.3104050941091296,-0.00975801817645176,-0.15451917920372146
1101,-576460685318,0.8848007895630376,1.307797352798916,-0.01036402194405176,-0.15336055045552147
1102,-576460685299,0.884608012517478,1.3050420100521372,-0.011009340832111759,-0.15212675447035146
1103,-576460685281,0.8843926000029645,1.3021668129303292,-0.011688358394851758,-0.15082852942492145
1104,-576460685262,0.8841942181126211,1.299627124882746,-0.011665799041531758,-0.14815175753524146
1105,-576460685251,0.8637273119690435,1.3130489429422378,-0.01979986352885027,-0.1422335420700184
1106,-576460685245,0.8633503061906085,1.3103675655696634,-0.01977456343121027,-0.1392315681566584
1107,-576460685228,0.863015377348245,1.3080306337374772,-0.01975205984885027,-0.1365614137500184
1108,-576460685206,0.8626797250210229,1.3057314553485497,-0.01972948190521027,-0.1338824360326584
1109,-576460685194,0.8622446425743192,1.3034783941693247,-0.03145668829521027,-0.1311835850526584
1110,-576460685175,0.883906766748348,1.3283372453836706,-0.03520764871788043,-0.11665744139047281
1111,-576460685158,0.883209634785035,1.326379630202933,-0.046918988887470425,-0.1139622417970928
1112,-576460685140,0.8822483529461806,1.3243446960836265,-0.05939397714375042,-0.1110912993781328
1113,-576460685123,0.8811117329423932,1.3223480899616655,-0.06749633865725042,-0.1118063977428328
1114,-576460685105,0.8798511090392768,1.3203701773066967,-0.07547206543875043,-0.1125103195771328
1115,-576460685093,0.8634846498478904,1.331291312816906,-0.08201584986116059,-0.10771267084911604
1116,-576460685088,0.8619898289648631,1.3294119370892246,-0.0898816757859606,-0.10840689305167604
1117,-576460685071,0.8603985367842016,1.327565542805365,-0.0975607154810606,-0.10908462987189604
1118,-576460685053,0.8586347046537353,1.3255929589346425,-0.0964375390797006,-0.10787356092469605
1119,-576460685035,0.8569076913469935,1.3236607440754349,-0.0953249866522206,-0.10667394731509605
1120,-576460685021,0.8827115386210315,1.355730549122114,-0.0852499244087767,-0.0929433359473791
1121,-576460685017,0.8812005933194119,1.35408313013581,-0.0841480577224667,-0.0917552442761791
1122,-576460684998,0.8796806569576278,1.35242566381276,-0.08302488132110669,-0.0905441753289791
1123,-576460684981,0.8781532730885994,1.3508302347353058,-0.08856236453952669,-0.08868731121308909
1124,-576460684964,0.8765079142375032,1.3492499785506555,-0.0941639224387867,-0.0868089611674191
1125,-576460684944,0.8600495490836194,1.357528081288413,-0.10594482286394312,-0.0804868172298246
1126,-576460684927,0.8580309312692819,1.3560969169453052,-0.11859553468194312,-0.0787083266086246
1127,-576460684908,0.8557827536264521,1.3546964989988521,-0.13125750408554313,-0.0769282533483846
1128,-576460684890,0.853287131626956,1.3533178960130636,-0.14401516296674313,-0.0751347276563046
1129,-576460684872,0.8832864288304557,1.3935210409071426,-0.1437726574883431,-0.055616780967168565
1130,-576460684852,0.8806596225431695,1.3925033509406892,-0.14811092352017308,-0.05746616435793857
1131,-576460684834,0.8779530548499092,1.391451721445344,-0.15245184086187308,-0.05931667799023857
1132,-576460684817,0.8751714430422832,1.3903679875227632,-0.15678793764017307,-0.06116513663793857
1133,-576460684799,0.8618171087929246,1.3965234412899952,-0.1653496585834029,-0.05983680065510983
1134,-576460684782,0.8587507728520177,1.3954796691455338,-0.1752597211341029,-0.05610567581935983
1135,-576460684764,0.8555060062348855,1.3945030759037402,-0.1851697836848029,-0.05237455098360983
1136,-576460684745,0.852078907234522,1.3935926887375367,-0.19509085435830292,-0.04863928160485983
1137,-576460684726,0.8670452867082709,1.4169627322338112,-0.1981545062745659,-0.03435363558752158
1138,-576460684710,0.8636633733300583,1.4163757211801902,-0.1999518360694659,-0.03474713588052158
1139,-576460684692,0.8600481119829217,1.4157466965207937,-0.2018554823119159,-0.035163912677021576
1140,-576460684673,0.8563930929866218,1.4151092112758863,-0.20376198481713592,-0.03558131481242158
1141,-576460684657,0.8473358980884547,1.4183040961939444,-0.21218807872584033,-0.03423295598645928
1142,-576460684637,0.8430267382964772,1.4176169387940245,-0.21946170510442034,-0.034599799690179275
1143,-576460684620,0.8392391860229658,1.417025458818464,-0.22566137322576035,-0.034912478551739276
1144,-576460684601,0.8351182646028421,1.416394057710493,-0.23221878456576034,-0.03524320011173927
1145,-576460684584,0.8310882174577053,1.4157956166376673,-0.24154212122826035,-0.03510783413567927
1146,-576460684573,0.8688246301045242,1.4655307425032542,-0.22670195136446966,-0.013873126399759197
1147,-576460684567,0.8646542706858742,1.4652822602809332,-0.23656836841446965,-0.013729875413279196
1148,-576460684550,0.8605536665008852,1.4650500157251143,-0.24588403290196964,-0.013594620829899196
1149,-576460684531,0.8560423005646954,1.4648067763915102,-0.25574113373946966,-0.013451505105959195
1150,-576460684514,0.8516029085017963,1.4645847408248667,-0.2658039864319497,-0.012633500373799195
1151,-576460684496,0.8468030907402817,1.4642864017111419,-0.2764645151590169,-0.011797084612535973
1152,-576460684479,0.8419922783044913,1.464091817460292,-0.28656578922279685,-0.010975956624525973
1153,-576460684461,0.8368054895788893,1.4639043206811648,-0.29707196543027686,-0.010121914324865974
1154,-576460684443,0.8317454923116621,1.4637474328743527,-0.29724295907375686,-0.008305124295305973
1155,-576460684427,0.8535175049818929,1.499857404955053,-0.28676654041287636,0.009088975568529525
1156,-576460684409,0.8483540804650412,1.5000382909870267,-0.28694729479287634,0.011009472428529525
1157,-576460684392,0.843420259914841,1.5002432948449183,-0.2871199051838663,0.012843440235559526
1158,-576460684374,0.8382472524297844,1.5004593899955354,-0.2879142750136263,0.011177808165639527
1159,-576460684355,0.8361650008138936,1.4985267084826743,-0.2874663596844451,0.008599620450804894
1160,-576460684337,0.8309831655711087,1.4986665112298703,-0.28826112687572514,0.006933155194544895
1161,-576460684320,0.8257870237241137,1.4987763159359884,-0.28905589406700516,0.005266689938284896
1162,-576460684303,0.8205671721428235,1.498876620837083,-0.29066995903052517,0.005873347944284895
1163,-576460684283,0.8152823028667094,1.4989886477311163,-0.2922950485381652,0.006484149605034895
1164,-576460684270,0.8392124481934942,1.5312655792280059,-0.282908656532877,0.020277205700923888
1165,-576460684265,0.8341439818984661,1.5316332074488896,-0.284509904343477,0.020879046287173887
1166,-576460684248,0.8289530931958811,1.5319892772347534,-0.286042821814477,0.018258103181253888
1167,-576460684230,0.8238496226251272,1.5322913742578221,-0.287541957140727,0.01569491992285389
1168,-576460684211,0.8186561729217611,1.5325507318309974,-0.289059542067227,0.013100192009573889
1169,-576460684199,0.8289916541866208,1.5255055016135366,-0.2848926122436163,0.010009530452835643
1170,-576460684194,0.8238064043728434,1.5256634644520053,-0.2864218229456163,0.007394925085795643
1171,-576460684175,0.8186549043731822,1.5257952446306497,-0.2859670659056163,0.007247316985795643
1172,-576460684158,0.81355955642466,1.5259231749966764,-0.2855165532646563,0.007101086561395643
1173,-576460684139,0.808420360416585,1.5260497634297763,-0.2850614425247363,0.006953363655095642
1174,-576460684121,0.8263206171143725,1.5573584191983934,-0.27561000413955045,0.02014700670090269
1175,-576460684104,0.8213370250577132,1.5577053660026026,-0.2779994222833904,0.018394073526742688
1176,-576460684085,0.8162635871297831,1.5580235307106973,-0.2804110039925504,0.016624880641402686
1177,-576460684067,0.8112071321391441,1.5583063511916901,-0.2827940517703104,0.014876620917162686
1178,-576460684049,0.8207051527169665,1.548799005848548,-0.27930241421450896,0.008839805567243859
1179,-576460684031,0.8156845786767236,1.5489509205633958,-0.27838423285495895,0.008034919769943858
1180,-576460684014,0.8106791491622394,1.5490883794590744,-0.27746579651585895,0.007229810455343858
1181,-576460683996,0.805695791643625,1.5492112098330337,-0.27654838009495897,0.0064255952099438575
1182,-576460683977,0.833243217892825,1.592881857090439,-0.2629573635499775,0.024271882560064673
1183,-576460683959,0.8285882413689442,1.593307745965611,-0.2583166032899775,0.02342004075146467
1184,-576460683942,0.8239286461212492,1.593726204136238,-0.2535861978849775,0.02255174399191467
1185,-576460683924,0.8194482581430995,1.5941207420193635,-0.2489529730139775,0.02170128535310467
1186,-576460683905,0.837659950906798,1.5792005767812858,-0.24179716351827757,0.013999196684177522
1187,-576460683887,0.8331178613968323,1.5794534729038263,-0.24383199396763758,0.013039841329357522
1188,-576460683870,0.8289560161271062,1.5796677880552694,-0.24568168160587758,0.012167774695477522
1189,-576460683851,0.8245166188486902,1.5798784771832908,-0.2476394961267576,0.011244729807417522
1190,-576460683835,0.8203294230283533,1.580126886685279,-0.2443062032607676,0.01794043167859752
1191,-576460683815,0.8413724089938094,1.6139153070806223,-0.23066407755551915,0.03972462258090054
1192,-576460683799,0.8374816877463245,1.6146469981407563,-0.22733724645681916,0.04640734447430054
1193,-576460683781,0.833644129225005,1.6154930250411046,-0.22400747819116915,0.05309596635760054
1194,-576460683764,0.8296438422995758,1.6164420400485215,-0.21985237483841916,0.05220389576910054
1195,-576460683744,0.8502703034010569,1.6008179457438172,-0.20555610846710654,0.04388456457768818
1196,-576460683725,0.8466160967996463,1.601598044625972,-0.20141644988132654,0.042995809868768185
1197,-576460683708,0.8429802128747578,1.6023741396588669,-0.19721132392510654,0.04209299978968818
1198,-576460683691,0.8394914852086055,1.6031226428219039,-0.19548652233246655,0.04215994517168818
1199,-576460683673,0.8589998274996629,1.6327206267870205,-0.1848826983040143,0.05461037340150405
1200,-576460683655,0.8556869322932246,1.6337044425965495,-0.1831349873700943,0.05467820797250405
1201,-576460683636,0.8522412690132082,1.634764348597205,-0.17970008660625428,0.05693196426521405
1202,-576460683618,0.8490301427178936,1.6358102965790584,-0.1764388026872143,0.05907180458672405
1203,-576460683599,0.8458627613957883,1.636900158163615,-0.17316178474161428,0.06122196854312405
1204,-576460683587,0.8709489598952023,1.6200179172188718,-0.1631620915159664,0.053689167896216874
1205,-576460683582,0.8680654880753924,1.6209951173250094,-0.15993408415884638,0.055807174323246875
1206,-576460683564,0.8651929259590045,1.621988735227019,-0.15550676758308637,0.053303669800116874
1207,-576460683546,0.8624638686447339,1.6229156120385133,-0.15118057458364637,0.05085734739314687
1208,-576460683528,0.8597834662189748,1.623808292417885,-0.14680746607884637,0.04838449578324688
1209,-576460683514,0.884476438844878,1.6535478236301813,-0.13735228974455116,0.06117610995690366
1210,-576460683507,0.8817601261408923,1.6547517408156596,-0.13245776279935115,0.05840841306055366
1211,-576460683492,0.8796563677972226,1.6556639319455884,-0.13051203015935114,0.05561547818055366
1212,-576460683473,0.8773439198426637,1.6566297515775799,-0.12833925484192116,0.05249664271174366
1213,-576460683456,0.8750533876482443,1.657546462035235,-0.12615018401363115,0.04935441641331366
1214,-576460683438,0.9018459423661076,1.6385780146617013,-0.11243319691370546,0.03732141700396234
1215,-576460683417,0.8998510694354496,1.6392918144515791,-0.10933023265196545,0.04202934614182234
1216,-576460683402,0.8978963021880286,1.6400972345772638,-0.10620174236550545,0.04677600428376234
1217,-576460683383,0.8960104464704172,1.6409826764826523,-0.10309360390956544,0.05149178389542235
1218,-576460683365,0.9219984408885354,1.6738439530688483,-0.08943534038847281,0.06667244464176258
1219,-576460683347,0.9204332569974732,1.6750571834602872,-0.0844450007838028,0.06810846869922259
1220,-576460683330,0.918957516920473,1.6762966143162934,-0.0794532752046828,0.06954489158578259
1221,-576460683312,0.9175705509456415,1.6775629770043317,-0.0744573917022128,0.07098251095964259
1222,-576460683293,0.947966414469746,1.6565957670023195,-0.06030696143447843,0.06234066480972525
1223,-576460683276,0.9469017165586073,1.6577232315377335,-0.05872019464587843,0.06370344200012525
1224,-576460683257,0.9458500973318923,1.6588925166394364,-0.05710965739895843,0.06508663418700525
1225,-576460683239,0.9448461528365968,1.660064853960689,-0.05552856713771843,0.06644453615436526
1226,-576460683222,0.9439155897427545,1.6612656483364723,-0.04783287836291843,0.06693260210880525
1227,-576460683209,0.9699136034981852,1.6893936528336526,-0.03798567098677767,0.07906721327054402
1228,-576460683204,0.9692945302380144,1.6908332669340267,-0.03022800982097767,0.07955920955728402
1229,-576460683186,0.9688195515117521,1.692270124071841,-0.02253274844197767,0.08004724840598401
1230,-576460683166,0.9684855948781306,1.6937023998649048,-0.014908434765777672,0.080530787701844
1231,-576460683150,0.9682658229270222,1.6951434344644374,-0.009509314371307672,0.079575273020644
1232,-576460683131,0.9994866945406782,1.6737904247909328,0.008527513189515949,0.06824316975384512
1233,-576460683106,0.9996889323700456,1.6750109428536804,0.013929632928685948,0.06728712426064512
1234,-576460683094,0.9999922043924298,1.6762270424906411,0.019389640020565948,0.06632083409584512
1235,-576460683076,1.0003746760519967,1.6774453653623302,0.023265984756875947,0.06955413068294512
1236,-576460683057,1.0253889875082505,1.7037769373803642,0.03658298631698982,0.08374720168072997
1237,-576460683041,1.0260409655911096,1.7052241754907944,0.04025138795195982,0.08680705091842997
1238,-576460683023,1.0267661415804124,1.7067130904640468,0.04498822289760982,0.08820499413032996
1239,-576460683004,1.0276407002628052,1.7083493422943492,0.05010868161963982,0.08971615307810997
1240,-576460682986,1.0575029830739313,1.6880554265307273,0.06664522449448636,0.08129878383808158
1241,-576460682970,1.0586659753014989,1.6894375532822479,0.07133807354995636,0.08268374585530158
1242,-576460682952,1.060012257795365,1.6909590956261882,0.07672708937180636,0.08465662741280158
1243,-576460682934,1.0614268329289236,1.6924851620474535,0.08200882866203636,0.08659023577130158
1244,-576460682916,1.062988846883106,1.6940997108998828,0.08747133779836636,0.08859002272480158
1245,-576460682903,1.0848660448905252,1.7150093965750628,0.09567766154075967,0.09763223041130557
1246,-576460682897,1.0867106755163998,1.716857675996109,0.10122996291211966,0.09966488968330557
1247,-576460682881,1.0884000553834594,1.7184636074168822,0.11010101870655967,0.10122720698586557
1248,-576460682862,1.0904573539565632,1.7202891698456608,0.12002186419095967,0.10297440697146557
1249,-576460682845,1.0927098446052104,1.7221603199873707,0.13001872510216966,0.10473499433950556
1250,-576460682830,1.1189644205630824,1.7011543631407917,0.14027326119021924,0.09520202350746483
1251,-576460682827,1.1215765215170417,1.7028820846181025,0.15025070210187924,0.09695919074130482
1252,-576460682808,1.124454326939427,1.7046353965516758,0.16758080956472923,0.09668064951197483
1253,-576460682791,1.1276023509516584,1.706360913056232,0.18468506770617923,0.09640573828596483
1254,-576460682772,1.1310823200685662,1.708094012949991,0.20191373437212923,0.09612882748185482
1255,-576460682754,1.1574575835181624,1.730059388041974,0.22759854150575254,0.10461465351357785
1256,-576460682737,1.1616617199299297,1.731941420960735,0.24075063821545253,0.10504756659014784
1257,-576460682718,1.1661192430136376,1.733838398696328,0.25395255069835254,0.10548211939763784
1258,-576460682700,1.1708090676800078,1.7357409832632653,0.26713907889835253,0.10591616581763784
1259,-576460682681,1.1992089218162516,1.7177393254863962,0.28466159854508416,0.10075292406351916
1260,-576460682665,1.2041600455556944,1.7194990530412735,0.2923252024621242,0.10431962632423916
1261,-576460682647,1.209447688574465,1.7213937271769417,0.30029379655952415,0.10802827344243916
1262,-576460682629,1.2149299422138895,1.723373580400009,0.3083383032933241,0.11177225090583916
1263,-576460682610,1.2390132285948117,1.7407934397201312,0.31545723517376706,0.11760933948367011
1264,-576460682593,1.2447028891641598,1.742906280927194,0.31567538483156704,0.1167601787706701
1265,-576460682574,1.2503838472401378,1.7449991752882015,0.31589305051896704,0.1159129019416701
1266,-576460682557,1.2561449041558066,1.747104556586984,0.31611363212802707,0.1150542747115701
1267,-576460682539,1.261764211455167,1.7491426906887504,0.31697641962506706,0.11456876514493011
1268,-576460682526,1.2796934289836415,1.7324522959855244,0.3239226168095899,0.10698220959513499
1269,-576460682521,1.2855315848565205,1.7343734386379657,0.3247974090673199,0.10648994468470499
1270,-576460682503,1.2913864631320695,1.7362860390072006,0.3256723471318599,0.105997597725565
1271,-576460682484,1.2972619902574019,1.7381913587221616,0.3265480142304499,0.105504840522875
1272,-576460682467,1.3031334521057834,1.7400879335451376,0.3267439855894499,0.105518783730375
1273,-576460682448,1.3190562932682812,1.7497317627072795,0.330635293939506,0.10888439908196858
1274,-576460682431,1.3249605318062727,1.7516756906051214,0.33082992429838604,0.10889824687836858
1275,-576460682414,1.3305342119813137,1.7535259499540112,0.33085229509274605,0.11075621372467857
1276,-576460682393,1.336497047686197,1.7555399082634595,0.33087622614610607,0.11274376512873857
1277,-576460682377,1.359708376612037,1.7402932200362233,0.3375496785457608,0.1068687250765557
1278,-576460682359,1.3657838107952627,1.7422345055063815,0.3375735777300008,0.1088536296470957
1279,-576460682342,1.3719114129426804,1.7442293984211927,0.3377931309019608,0.1110177375755757
1280,-576460682324,1.377996691477784,1.746248056444844,0.3380110264753008,0.11316550676349571
1281,-576460682305,1.3840311011676623,1.7482867144580374,0.3382269619685208,0.11529395568885571
1282,-576460682291,1.3851109467233067,1.749070662608745,0.33862682709549896,0.1156352492723038
1283,-576460682288,1.3912173385001279,1.7511745975141952,0.33884494045551894,0.1177851651560638
1284,-576460682270,1.3973193179347887,1.753316464740782,0.33994469574903896,0.1204780560004738
1285,-576460682252,1.403490863011662,1.7555247320064526,0.341053381699039,0.1231928146942238
1286,-576460682234,1.4095979908565959,1.7577511096717782,0.342146958935679,0.1258705777798438
1287,-576460682221,1.421272129186509,1.745390503147687,0.34662154608511375,0.12025340072547674
1288,-576460682215,1.4275149673779637,1.747577115621125,0.34772148488527377,0.12294674090925675
1289,-576460682199,1.4337807400186242,1.7497836693219537,0.34835946169702375,0.12218503721979675
1290,-576460682179,1.4400576491584058,1.7519763886479063,0.34899740307152377,0.12142337584015675
1291,-576460682161,1.446348140331516,1.7541561205152278,0.34963555706952376,0.12066146060159676
1292,-576460682143,1.4571789221130917,1.7594163477629459,0.3519352039914394,0.12123997054702443
1293,-576460682126,1.4634530052546268,1.7615698846732633,0.3517134408282894,0.12028270206189443
1294,-576460682107,1.4697923773128678,1.763729856683474,0.35148922786178943,0.11931485869359443
1295,-576460682088,1.4761196277126911,1.7658696564822036,0.35126530091293945,0.11834824995632443
1296,-576460682072,1.4933593245935084,1.7555830826444765,0.35498509087966923,0.11307934853459851
1297,-576460682052,1.4998287749565644,1.7576486101618254,0.3545400640946692,0.11345361015687852
1298,-576460682035,1.50612722351209,1.7596686040644576,0.3541062630346692,0.11381843109335853
1299,-576460682017,1.5124943535024689,1.7617197470852608,0.3536671907646692,0.11418768504751853
1300,-576460681999,1.5151697240489186,1.7614181106194142,0.3527264439205434,0.11710536012635425
1301,-576460681981,1.5216130089096485,1.763592712394351,0.3531548948973434,0.12112883958187426
1302,-576460681963,1.527882376831846,1.7657764676316072,0.35357128278244343,0.12503903746201425
1303,-576460681946,1.5342479839525252,1.7680619708001875,0.35399356139909344,0.12900455377682427
1304,-576460681928,1.5406241178529108,1.7703967207089202,0.3543083604388934,0.13035446741098428
1305,-576460681914,1.5499439475646923,1.7592865577195733,0.3578300028454747,0.12531501724958413
1307,-576460681893,1.5628371579147293,1.7638464844344786,0.3584594610454747,0.12801424468958414
1308,-576460681873,1.5692926195496468,1.766163016726267,0.3587742076304247,0.12936393338812413
1309,-576460681856,1.5757469026783306,1.76847703242643,0.3586473594994447,0.12784894941776412
1310,-576460681837,1.5779953908371158,1.7681811888243282,0.35696861274058983,0.12519117523153472
1311,-576460681820,1.5844061237988565,1.7704162900845934,0.3568419831552698,0.12367880141529472
1312,-576460681800,1.5908506699466316,1.772670603122976,0.35810655775610983,0.12641139587585473
1313,-576460681784,1.5973126232862167,1.7749722422314906,0.35937008018149985,0.12914171671111474
1314,-576460681764,1.6093349813060531,1.7708999405087915,0.36264180583871447,0.12905498891642742
1315,-576460681744,1.6162400206435348,1.7733801362015278,0.36397498227889447,0.13193582374654741
1316,-576460681728,1.6224097042112202,1.7756248095468734,0.36448402565373444,0.1330943840987174
1317,-576460681710,1.628978570251508,1.778032797549894,0.36502522419777444,0.1343261282029874
1318,-576460681692,1.6228861769584155,1.773062296375934,0.3609021374118826,0.13227244985910439
1319,-576460681675,1.6290218802035024,1.7753193434670058,0.3614126833647226,0.13343443001277439
1320,-576460681657,1.6355241924675101,1.7777177756018243,0.3613073637629626,0.1331468898514544
1321,-576460681640,1.641696996949051,1.7799905237359361,0.3612073528684826,0.1328738433505944
1322,-576460681622,1.6556607134324817,1.7726343012133523,0.36386923825204254,0.12817789460605333
1323,-576460681605,1.662183220513753,1.7749297064518648,0.36376430495092255,0.12789140911021332
1324,-576460681586,1.6687316332219966,1.7772529545801719,0.36460594233716254,0.13052003945294333
1325,-576460681569,1.6749542371927069,1.779499304029854,0.36540390875508255,0.13301227515078332
1326,-576460681552,1.6815229754929266,1.7819112394734833,0.36624437596532256,0.1356372507602633
1327,-576460681539,1.665239032030294,1.7728665721010126,0.3602506614191769,0.1315921624517803
1328,-576460681534,1.67174015402065,1.7752622693315485,0.3610943583151769,0.1342272251250303
1329,-576460681517,1.6775073613703637,1.777400921577303,0.3611155658866569,0.1335897238142503
1330,-576460681498,1.6840195742760415,1.77980345491374,0.3611395115466969,0.1328699153403103
1331,-576460681482,1.690519578273618,1.7821883826657776,0.3611634107309369,0.1321515039326703
1332,-576460681462,1.7028044100249677,1.7773140141903896,0.3631760046161081,0.12806144058980093
1333,-576460681445,1.7089750414378018,1.779507880194074,0.3640211449724981,0.13048148601257092
1334,-576460681427,1.7155526406787336,1.7818859013852273,0.3649198691497281,0.1330549678194609
1335,-576460681409,1.722483399240161,1.7844353404837594,0.3658644582888481,0.1357597831856209
1336,-576460681390,1.7073637201127034,1.7754036723533084,0.35831245988930854,0.13382911125221264
1337,-576460681371,1.713520298379999,1.7777284571031062,0.35873602220894857,0.13693547642513265
1338,-576460681354,1.7202706905490848,1.7803355138811496,0.3591998638942986,0.14033724657868266
1339,-576460681337,1.726720863238209,1.7828831358718278,0.3596425175973186,0.14358362611474265
1340,-576460681319,1.7384038172211167,1.7776143293509281,0.3612962269787509,0.14146972915483821
1341,-576460681302,1.7449018760569848,1.7801730889005531,0.3609109234372509,0.14291588347368822
1342,-576460681283,1.7513940829323866,1.782758305083621,0.3605255556606509,0.14436227888522823
1343,-576460681265,1.7578764728363572,1.7853683870244832,0.3601403591776509,0.14580803138292822
1344,-576460681247,1.7451360418933173,1.7782237666016518,0.35318277230034095,0.13893045274171745
1345,-576460681230,1.7515202105749608,1.7807125985749683,0.35330410665095097,0.13648945245570746
1346,-576460681212,1.7574930689614539,1.7830003852169538,0.35341758612466095,0.13420647631259747
1347,-576460681193,1.7638652186501051,1.7853977794094724,0.35353861165105094,0.13177168894160746
1348,-576460681176,1.770432654920645,1.7877733338683828,0.3553815384504109,0.12465690118256746
1349,-576460681164,1.7732048148326518,1.78382930040119,0.35637491235466146,0.12288182135021143
1350,-576460681159,1.7790981828321435,1.785804461644766,0.35801602036754143,0.11654617350714143
1351,-576460681142,1.7853013487008413,1.7877615978903227,0.35973530953674143,0.10990870014709143
1352,-576460681124,1.7916780992911086,1.7896450769433914,0.36149418661970145,0.10311839401890144
1353,-576460681108,1.7978049766625075,1.7913282911242614,0.35995148560860146,0.09508168615420144
1354,-576460681089,1.7817385902009033,1.7820126350330574,0.3500253966642484,0.08152399632717691
1355,-576460681073,1.7876797306942962,1.7833309788787037,0.34848033414438845,0.07347498617195691
1356,-576460681055,1.79359285345167,1.784512073876805,0.34693572576082843,0.0654283418418369
1357,-576460681038,1.7998604184267941,1.7854862814058328,0.34880329573265845,0.04271480396797691
1358,-576460681019,1.8061560206895173,1.7860509389413635,0.35066920720864847,0.02002143685539691
1359,-576460681001,1.8124841536198302,1.7862071011856184,0.35253480771666845,-0.0026681482394430925
1360,-576460680983,1.8188557816992368,1.7860561926978773,0.35554188055431846,-0.014102256577053093
1361,-576460680965,1.8252865477702245,1.7856991469910126,0.35855129261626845,-0.025545259592483095
1362,-576460680947,1.831764285181184,1.7851367409950223,0.3615573629292185,-0.0369755559253131
1363,-576460680934,1.8047106276516844,1.7719455767632115,0.35159107379607435,-0.04310390706061898
1364,-576460680928,1.8114213721043537,1.7710118695430215,0.35476590243352435,-0.05517589086474898
1365,-576460680911,1.817818702913412,1.7700123269367682,0.3565228243908444,-0.05595848830506898
1366,-576460680893,1.8238922717839567,1.7690549727181588,0.35818285583328435,-0.05669792715850898
1367,-576460680876,1.8303546661534316,1.7680274769156321,0.35994075450950436,-0.05748095966522898
1368,-576460680864,1.8302244368601008,1.768216548773952,0.35989542618291953,-0.057396754110028
1369,-576460680857,1.8367238021913646,1.7671754864212925,0.36165498528126955,-0.058180526229628
1370,-576460680841,1.8428629838215647,1.7661904556817247,0.36170799695040956,-0.057882951980308
1371,-576460680822,1.8490215150873381,1.7652075391359998,0.36176116789815954,-0.057584483640808
1372,-576460680806,1.855534445688099,1.7641737439438157,0.3618173901243795,-0.057268887338448
1373,-576460680787,1.8353911440700625,1.7509405770055522,0.35203248868410136,-0.06268228632959273
1374,-576460680769,1.8416727691280452,1.7498346179009243,0.35143635705000137,-0.061172252516692734
1375,-576460680751,1.8480030393925881,1.7487455447826605,0.3508345842128014,-0.05964792922989273
1376,-576460680734,1.8543081013230998,1.7476863353035217,0.3502341799515014,-0.05812707262019273
1377,-576460680715,1.8568257710084142,1.7522043612880502,0.34834039616018747,-0.05415297390837918
1378,-576460680697,1.8630621616206824,1.7511637677284313,0.34474591327170745,-0.06149423209505918
1379,-576460680679,1.8692345482213508,1.7499909232146884,0.34115103090746746,-0.06883630615839918
1380,-576460680662,1.8753432467967743,1.7486857075149773,0.3375555493295875,-0.07617960403672919
1381,-576460680642,1.8546305539588845,1.735361841865859,0.331701830401626,-0.09283167397394279
1382,-576460680626,1.8602702081965063,1.733709298505877,0.335397085806306,-0.1026430551462228
1383,-576460680608,1.8663563343708238,1.7317631940984997,0.339339740614706,-0.1131113137426228
1384,-576460680590,1.8728346506088527,1.7295124417580856,0.34348674033695603,-0.1241221345223728
1385,-576460680573,1.869136443673135,1.7410666517707065,0.3391788585511324,-0.1242084530878306
1386,-576460680555,1.8751892618602235,1.7387866582266076,0.3379080240584624,-0.1308386462017206
1387,-576460680537,1.8815071576139664,1.7362704520566845,0.3365764163966424,-0.13778590487366058
1388,-576460680517,1.8875523417070512,1.7337309524897495,0.3352973366552924,-0.14445911506911058
1389,-576460680500,1.8932529022624562,1.731258391138789,0.33523851647709235,-0.14637913123571059
1391,-576460680482,1.8739084158563004,1.7180655092129433,0.32587802581617925,-0.1534432074218599
1392,-576460680466,1.8794374161951917,1.71544562898337,0.3258193267169793,-0.1553592713114599
1393,-576460680444,1.8849784509501049,1.712786945877972,0.32576048924177925,-0.1572798520890599
1394,-576460680430,1.890754760189292,1.709944577440401,0.31626565716113925,-0.1586441712043799
1395,-576460680412,1.874474859392927,1.7392369999884736,0.2994858709110405,-0.1459632868582695
1396,-576460680394,1.879525600800306,1.7367265554100921,0.2904506364041605,-0.1472615660742095
1397,-576460680377,1.884350135353674,1.734231612151573,0.2815494292035205,-0.1485405868120295
1398,-576460680361,1.8895533527058854,1.7316008904290154,0.2953998807938505,-0.1431622154896395
1399,-576460680343,1.894994021254449,1.7290726899823148,0.3092196167405805,-0.1377957715860495
1400,-576460680330,1.87302644607115,1.7201352374257233,0.301111788561416,-0.1421507233624289
1401,-576460680325,1.8786181053348374,1.7176043162981909,0.315049011844916,-0.1367386570819289
1402,-576460680306,1.8842922686791412,1.7152224847814594,0.32081845543853604,-0.1301780814995189
1403,-576460680287,1.8901167579270217,1.712939819183195,0.32663477353885606,-0.1235642037677589
1404,-576460680269,1.8960498838065387,1.7107747470956352,0.3324549709086961,-0.11694591482363889
1405,-576460680253,1.882013727885462,1.738097840482322,0.3316881683879491,-0.09757212632753293
1406,-576460680234,1.887973028261598,1.736275001931191,0.3296847161507491,-0.10472947193348292
1407,-576460680216,1.8938824617138283,1.7343278797509307,0.32768593318794914,-0.11187013652753292
1408,-576460680199,1.8997657296116492,1.7322488050591751,0.3256838150291491,-0.11902271613008292
1409,-576460680180,1.8935739597071253,1.7252462226229188,0.3192410712080064,-0.12853185984202864
1410,-576460680163,1.8993317907631422,1.722863762165825,0.32105151216890637,-0.13640675089957865
1411,-576460680142,1.9053327099896034,1.720245507094735,0.3229275860186864,-0.14456712591428866
1412,-576460680126,1.911279601180322,1.7175169980134055,0.3247760779489064,-0.15260752760957866
1413,-576460680108,1.8972444369877564,1.7437240195432264,0.3201408090250426,-0.14756075040806835
1414,-576460680091,1.902639466715725,1.7411507952186664,0.31520391546044263,-0.15547455837836835
1415,-576460680073,1.908278133072509,1.73827037276066,0.30996004670864263,-0.16388044555826836
1416,-576460680055,1.9138087974876552,1.7352458966513833,0.30472896858964266,-0.17226582943776836
1417,-576460680037,1.9052219536447987,1.7268001011348333,0.29455683221863144,-0.18305553163345087
1418,-576460680018,1.9110455539412416,1.7231030106964735,0.30041663492919146,-0.19466110489697086
1419,-576460680000,1.9165018516165206,1.7195028642584405,0.30580498334525147,-0.20533294410399086
1420,-576460679984,1.9214370841177026,1.7161388600436676,0.3105982516740315,-0.21482620343525086
1421,-576460679966,1.9270331896734323,1.712343218044924,0.31105310977115147,-0.20681809769157086
1422,-576460679948,1.9053381173946378,1.7493574780852825,0.3027625016525236,-0.1812662694861233
1424,-576460679912,1.9162542423795967,1.7431199548865484,0.3036720409968036,-0.1652531715702033
1425,-576460679895,1.9217144615294732,1.7401615878907981,0.3024128907244236,-0.1631258933371233
1426,-576460679876,1.9220935123586753,1.735315403062527,0.2992926197837137,-0.16197775689935248
1427,-576460679859,1.9274712466904687,1.7324179707025609,0.2980343081062537,-0.15985189543499248
1428,-576460679840,1.932825136757653,1.7295594475092024,0.2967762759604337,-0.15772650622687248
1429,-576460679821,1.9384545407410825,1.7265333491683807,0.2958237538758137,-0.1608269271982325
1430,-576460679803,1.9438662084442544,1.7235592873471919,0.29490517344345374,-0.1638168694603125
1431,-576460679792,1.9158256656763857,1.7656122413709285,0.2860103054314863,-0.1457207961964807
1432,-576460679785,1.9208702152933927,1.7630126218170143,0.2851246639437863,-0.1486035235220807
1433,-576460679769,1.9254198218043435,1.760617252764135,0.28432355070676635,-0.1512111148006407
1434,-576460679752,1.9303187145328424,1.758091654806017,0.29137334435158635,-0.1455863419380507
1435,-576460679732,1.9356326319341683,1.7555236641346066,0.29883239800704636,-0.1396350354607807
1436,-576460679716,1.9402030614704338,1.7527402118545907,0.3059541225639955,-0.1338648870452639
1437,-576460679699,1.9454666418833535,1.7505112400078928,0.3129993596702355,-0.1282437496783839
1438,-576460679682,1.9511068573702357,1.7482138594364136,0.3129262298184155,-0.1267091491651639
1439,-576460679663,1.9567401235544717,1.745946388591054,0.3128531730071755,-0.1251760813791239
1440,-576460679644,1.9301792754201208,1.7929551461696238,0.3026850758264503,-0.10248676037660172
1441,-576460679626,1.9360439449516913,1.79098514521614,0.3026064435842703,-0.10083669441582171
1442,-576460679609,1.9411259900957187,1.7892745861003323,0.3099464575219203,-0.10534170801987172
1443,-576460679591,1.946777641739803,1.787334121530883,0.31791019349007027,-0.11022953782242172
1444,-576460679573,1.952002465441711,1.7850889792856928,0.3256631463515553,-0.11522827231694624
1445,-576460679555,1.9577767009563876,1.7830362091428724,0.3163108949710853,-0.11299676996670624
1446,-576460679538,1.963387917042798,1.781021698504206,0.3069498055077053,-0.11076315879774624
1447,-576460679519,1.9688894897272782,1.7790259198494094,0.2974857783727853,-0.10850498609310624
1448,-576460679502,1.9738133068136579,1.7772207546015863,0.28875271268324526,-0.10642122510142624
1449,-576460679490,1.9429162421494752,1.8248569169558306,0.2791479601553273,-0.08598466466682801
1450,-576460679484,1.947888211844036,1.8233905043896854,0.27191545847152726,-0.07654374388347801
1451,-576460679468,1.9524724749476192,1.8221598567216801,0.26507213712216726,-0.06761083828885801
1452,-576460679450,1.9571919934461448,1.8210246508424377,0.25783723061652725,-0.058166778379728015
1453,-576460679431,1.96173128753061,1.8200695770423962,0.2506816832316072,-0.048826309621338014
1454,-576460679419,1.9603571344840451,1.8195462486297125,0.25017338302063197,-0.04909601651908705
1455,-576460679413,1.9653443516044578,1.8186309069493307,0.24854832902063198,-0.04243815151908705
1456,-576460679394,1.969556943513876,1.8179577085666594,0.24716735813143198,-0.03678029784208705
1457,-576460679378,1.9737664644323276,1.8173780890488676,0.24577964326813198,-0.031094814025337047
1458,-576460679359,1.9781597440323309,1.8168741193627287,0.24432294486253198,-0.025126703839337045
1459,-576460679341,1.9469768875011115,1.8717391118904483,0.23219807432997355,0.007215208375548961
1460,-576460679321,1.951145907346991,1.871947053010288,0.23102635298997357,0.01588936049554896
1461,-576460679303,1.9555284838584883,1.8723364593894407,0.22978816901174356,0.02505552979968896
1462,-576460679287,1.9596440662219297,1.8728640426553873,0.22861931187946358,0.03370847843672896
1463,-576460679269,1.9685703243118458,1.8753703381265132,0.23468764559111815,0.03169196121067279
1464,-576460679252,1.9728377271362045,1.875912275118673,0.23915233046471815,0.02848314340399279
1465,-576460679233,1.977178970295442,1.8763957324127725,0.24361032277271816,0.02527913561734279
1466,-576460679216,1.98156330632769,1.876853253027985,0.24256577306315816,0.025455019983942787
1467,-576460679197,1.952253408371156,1.9294142686152242,0.2312257794029004,0.04793347165516193
1468,-576460679181,1.9561733452883836,1.9302300176844929,0.2302418663947104,0.04809914583481193
1469,-576460679161,1.9605475693140906,1.9311477861886825,0.2291389386574704,0.04828486006621193
1470,-576460679144,1.9645808765727604,1.9320569199085809,0.2289831943127504,0.05497885187133193
1471,-576460679127,1.9762718970949942,1.9361512389079816,0.2316877046078432,0.06318736180456687
1472,-576460679107,1.9804341285433393,1.937348167857004,0.23152874949545318,0.07001935446300687
1473,-576460679091,1.9843720784657517,1.9385945018949724,0.2313782591341932,0.07648752668996688
1474,-576460679074,1.9882359505674456,1.9399844055144664,0.2227141255988932,0.08685759253602687
1475,-576460679057,1.992157202712933,1.9416442106349838,0.2135622590792932,0.09781142398794687
1476,-576460679045,1.9631363819847436,1.98646004855938,0.20473623545346573,0.11698987884403758
1477,-576460679038,1.9667430687963858,1.9886671417716826,0.19556196783646573,0.1279705220774376
1478,-576460679021,1.9701771657980787,1.991066687543021,0.18640755573761572,0.1389274003227076
1479,-576460679001,1.973640243690605,1.9936940463555766,0.19829338766677573,0.1529364979838676
1480,-576460678984,1.9773187853718954,1.9965747936006573,0.21018384083696573,0.1669510424170576
1481,-576460678966,1.9846549933424449,2.001108809122289,0.22333288048865912,0.1816747184450606
1482,-576460678949,1.9887842861059466,2.0045069647672222,0.23522267348155912,0.1956884847679606
1483,-576460678931,1.9927845384602845,2.0078545390076425,0.23567224757055913,0.1983755812026606
1484,-576460678912,1.9970313979119023,2.0114513234343003,0.23614860029275914,0.2012227330577206
1485,-576460678895,1.9725720277788676,2.059605001361447,0.22796270148755934,0.2231165711448054
1486,-576460678878,1.9766577990907683,2.0635997901234,0.22611279438939935,0.2208475055336854
1487,-576460678860,1.9804884332058008,2.067337509039253,0.22436455200117936,0.2187031401831454
1488,-576460678843,1.9845107873055639,2.071254172299798,0.22251402813025936,0.21643331804870541
1489,-576460678824,1.9909926906417303,2.076169875276545,0.2215832405656553,0.21470177305060648
1490,-576460678808,1.994567037959886,2.07966087129482,0.2222696488116753,0.21880077485384647
1491,-576460678790,1.9985495928984585,2.0836152739728435,0.2230319600184653,0.22335304389982646
1492,-576460678772,2.0025712961214395,2.0876770859467193,0.2237991296966353,0.22793432612136647
1493,-576460678753,2.0066115250674814,2.0918262484657575,0.2245671943563753,0.23252095287524646
1494,-576460678741,1.981000416963268,2.131150567294136,0.2168820186981191,0.24934577481192946
1495,-576460678735,1.9851472044471814,2.1357788073704302,0.2203352815194191,0.23863356793617946
1496,-576460678718,1.989140495129632,2.139980441955781,0.22361031964241912,0.22847422365367945
1497,-576460678700,1.9931961070487623,2.144002584597149,0.22688808848091913,0.21830640854492944
1498,-576460678680,1.9973079732186494,2.1478391580237024,0.23016367274701913,0.20814537009717946
1499,-576460678664,2.0052979162836797,2.15312135095017,0.22314724900614516,0.20733865539748583
1500,-576460678647,2.009013867420043,2.1566267046597396,0.21461574049296517,0.20561460013291583
1501,-576460678629,2.0127982127171973,2.1603139651896686,0.20556360743954516,0.20378533657158582
1502,-576460678613,2.016216828554232,2.163760206571391,0.19702908372632516,0.2020606719925558
1503,-576460678593,1.9954292155709974,2.2053925131282988,0.19412565937324808,0.21655930910567045
1504,-576460678575,1.998961610278646,2.2092769068396314,0.19829723766043808,0.21496807092350045
1505,-576460678529,2.002569105910199,2.2131326534899705,0.20246881594762808,0.21337683274133046
1506,-576460678527,2.006248602885811,2.2169317921045835,0.2066369184988681,0.20903128540553045
1507,-576460678522,2.0099345322625064,2.2206609750427995,0.2024335411532281,0.20483952511733045
1508,-576460678501,2.0135385673289017,2.224308398076386,0.19823739452162809,0.20065497555933046
1509,-576460678487,2.0107792595129057,2.223129767942378,0.19721802727805704,0.20003335619498475
1510,-576460678485,2.0144889274195767,2.226893111318026,0.19278070134589703,0.19560829389418474
1511,-576460678468,2.017803103635715,2.23023141012395,0.19848028869457704,0.19850053154992475
1512,-576460678448,2.021483647101836,2.2338846935182226,0.20462397351685704,0.20161812507046475
1513,-576460678432,2.0249585047879544,2.237285950986757,0.21025963774433704,0.20447792513960475
1514,-576460678414,2.005971249721987,2.275970821005343,0.20959068551090868,0.22251350582661392
1515,-576460678397,2.0095888828422366,2.2798082675069815,0.2113825058837087,0.22403871406500392
1516,-576460678378,2.0133658750518855,2.283807958941452,0.2132371916597087,0.2256174337113039
1517,-576460678362,2.0170081221712777,2.287658549794118,0.2150105590037087,0.22712693462100392
1518,-576460678345,2.0207028635666227,2.29155836728085,0.21679466455090868,0.22864557595361393
1519,-576460678333,2.013361267943854,2.2884142993857717,0.2140913151521363,0.22697993877214823
1520,-576460678328,2.017255963037047,2.292495616803983,0.2210458384362863,0.2290077064109282
1521,-576460678309,2.0213419718336656,2.2966809315469416,0.2281141919713863,0.23106866414624821
1522,-576460678289,2.0254726468426703,2.300820523298431,0.2350438513099363,0.2330891820711082
1523,-576460678273,2.0297595961494324,2.3050278958698804,0.2420259580337363,0.23512499236126821
1524,-576460678255,2.0142109029826005,2.339233316739855,0.2387767100593911,0.241793767027488
1525,-576460678236,2.01876853561601,2.3437607056339975,0.2415049310607311,0.235300800035318
1526,-576460678219,2.022895135189756,2.347711613357567,0.24394881563019108,0.22948453301208802
1527,-576460678202,2.0273477161378257,2.351821524105594,0.2465585870764911,0.22327346732143802
1528,-576460678183,2.0228034072865646,2.351981753879137,0.24184306752472554,0.219132128502155
1529,-576460678165,2.027139910628602,2.355903711261889,0.24039250011907554,0.217004361100505
1530,-576460678148,2.0312189919374792,2.3595793447765554,0.23902000606614554,0.214991115736375
1531,-576460678131,2.0354556348072754,2.3633838842768786,0.23205831380887554,0.208041018618785
1532,-576460678114,2.0393558534932863,2.366864747433533,0.22679094336887554,0.201472293928785
1533,-576460678101,2.0185885579973246,2.3974415935687707,0.2207347258718577,0.21450899368943793
1534,-576460678093,2.0225152457540774,2.4012436877328547,0.2151522427414177,0.20754730470474794
1535,-576460678077,2.026336114571452,2.40491533838536,0.2095775057439777,0.20059527560930795
1536,-576460678058,2.030151052732471,2.4084432855890325,0.2142338769165177,0.19133353666337796
1537,-576460678041,2.0340476306541597,2.4118026729627617,0.2188876616472577,0.18207694227054796
1538,-576460678023,2.0334633445918247,2.4130601096125974,0.22188036137291442,0.17177219590646262
1539,-576460678007,2.037269969510047,2.415903941796204,0.22627420870275441,0.16303262910018262
1540,-576460677988,2.041293242022419,2.418832441934524,0.2209796974026944,0.16251905099769262
1541,-576460677972,2.0450097481831566,2.421592923217789,0.21597358702943442,0.16203344835740263
1542,-576460677954,2.0237937793937952,2.460883545401208,0.20342528383983777,0.17701818257269625
1543,-576460677937,2.027209286374145,2.4638885530186805,0.19842270490649777,0.17653292248908625
1544,-576460677920,2.0307820557174163,2.4670897075836837,0.19866196786609777,0.17924974658603626
1545,-576460677902,2.034161628230729,2.4701591330287913,0.19888802781825776,0.18181665090925625
1546,-576460677883,2.037755714361786,2.473467363281529,0.19912815502305775,0.18454328848585624
1547,-576460677870,2.0349719496998477,2.472294716231444,0.19811805860931544,0.1839116232621714
1548,-576460677864,2.0387336334929165,2.475811618894239,0.19837035172731546,0.1867764044369214
1549,-576460677847,2.042281688089247,2.4791282833221837,0.19627450632622545,0.1821312678776914
1550,-576460677828,2.045793610714978,2.482362843430441,0.19417772845401546,0.1774840646318214
1551,-576460677810,2.049269158967364,2.485515014851208,0.19208013466957546,0.1728350530351414
1552,-576460677792,2.025583294088979,2.52723152411283,0.18218827118842706,0.184632792058847
1553,-576460677773,2.028847334386183,2.530532498770594,0.17808107728882705,0.179713196656847
1554,-576460677757,2.031820004919671,2.5335263267778037,0.17425630963640704,0.17513189131394702
1555,-576460677741,2.03475284651455,2.5364675768194704,0.17039867536613704,0.170511218347797
1556,-576460677722,2.0355292207986797,2.5385916680606755,0.17135716140667237,0.17317728012104228
1557,-576460677704,2.0386498491647242,2.5417580427538526,0.17315910775259238,0.17638936739244226
1558,-576460677679,2.0417976978458885,2.54497704006014,0.1749579706177924,0.17959595815769228
1559,-576460677668,2.044927353847264,2.5482015715311612,0.1767282864195524,0.18275166191439227
1560,-576460677651,2.0481160944917183,2.5515653965058442,0.1776352902270524,0.19106897204496226
1561,-576460677637,2.0198347777616257,2.5905219438129348,0.16953370267700732,0.20761848092322052
1562,-576460677631,2.02306620830126,2.594551627797795,0.17049160795950732,0.2164025623618905
1563,-576460677614,2.025990696700427,2.5983219233035033,0.17135390918450732,0.22430994561099052
1564,-576460677598,2.028885336765415,2.6021673853491643,0.17220315745700732,0.2320976320593005
1565,-576460677580,2.0320055587439594,2.6063620553675904,0.17410338844140733,0.2334595286983005
1566,-576460677560,2.0404860597535417,2.613018780955049,0.17795707277942754,0.2360934104862378
1567,-576460677543,2.04352279297072,2.6170383048766634,0.17974752904380756,0.23737663152028782
1568,-576460677525,2.0467727885623686,2.6213199853991025,0.18164417468672756,0.23873595854298782
1569,-576460677507,2.0500614751760824,2.625572269885881,0.18352200493952756,0.23342532135690783
1570,-576460677490,2.0252462797185813,2.6673741246973206,0.1773492142701333,0.24449723990312658
1571,-576460677474,2.028313898943988,2.6715382589078183,0.1791434324941333,0.23942306346672657
1572,-576460677456,2.0315215210223316,2.675756325317697,0.1810005161213333,0.23417109920980655
1573,-576460677438,2.0347998336855926,2.679913394474082,0.1832969239565533,0.22777680126630656
1574,-576460677417,2.038943663852842,2.684595126310951,0.18601195331604106,0.22076509647877207
1575,-576460677400,2.042119223318431,2.688290997529578,0.18817757895151105,0.21473495874152207
1576,-576460677383,2.0454712585168533,2.692181219886147,0.18472654813961104,0.21804091806000206
1577,-576460677364,2.0488121819250886,2.6961930825119227,0.18122157697516103,0.22139855023244207
1578,-576460677346,2.0224816883149783,2.7390592296898615,0.16946572020793207,0.24116901061509935
1579,-576460677329,2.0254998119156538,2.74342835057625,0.16601181001778206,0.24447772827097936
1580,-576460677311,2.0283194518986436,2.747620836271287,0.16574957167298207,0.24881391722107934
1581,-576460677294,2.0313064018950553,2.7521499357442587,0.16547131947938207,0.25341489991927935
1582,-576460677273,2.0475894362483307,2.7624560690575723,0.16991674564244064,0.2611330745176613
1583,-576460677257,2.0506678306187363,2.7672328684965386,0.16963701239924064,0.2657585468110613
1584,-576460677239,2.0537238342009085,2.771966941505135,0.16946680275524065,0.2595491549861813
1585,-576460677221,2.056747142876059,2.7765447567016657,0.16929824572374064,0.2534000518635513
1586,-576460677203,2.0598816033652745,2.781179632463989,0.16912331432974065,0.2470184066036713
1587,-576460677190,2.031648823950434,2.817800769818907,0.16119242143345083,0.26256349955036834
1588,-576460677184,2.0346287846748226,2.8225984722505424,0.16101774501395083,0.25619115597597836
1589,-576460677166,2.037532876957841,2.827294349735928,0.15975237516258084,0.26248973930047836
1590,-576460677150,2.0402131980620983,2.831764000067503,0.15857554695818085,0.2683475922404784
1591,-576460677131,2.0430614283204758,2.8366596712797607,0.15731534844215087,0.2746204344059784
1592,-576460677118,2.0373834277175495,2.8342349094767987,0.1553123259077354,0.2732817345260412
1593,-576460677114,2.040168190715455,2.839211171596125,0.1540542238790054,0.2795441410865412
1594,-576460677095,2.0429673421457046,2.8443174735027728,0.1571354848758054,0.2881381164618412
1595,-576460677078,2.0458236878558536,2.8495816451083336,0.1602186299121254,0.29673734663031115
1596,-576460677060,2.048735043355247,2.8549996954485763,0.1633012611194854,0.30533514367337117
1597,-576460677041,2.0228925598379917,2.8970263353613794,0.15874167340914266,0.3371367040792443
1598,-576460677023,2.0258075262872537,2.903299260789241,0.16225452186252268,0.3536380374537843
1599,-576460677005,2.028731931796976,2.909750526593676,0.16570392937918269,0.3698413619445643
1600,-576460676987,2.031748643151046,2.916561037667642,0.1691885388790227,0.3862100450232843
1601,-576460676966,2.0142251095461208,2.9149624980673914,0.16131974383223147,0.39697664525696696
1602,-576460676950,2.017123908969765,2.922243365272459,0.16075118818756146,0.41196365862256695
1603,-576460676933,2.019853076469063,2.9293696099168716,0.16021405928954147,0.42612226921616697
1604,-576460676915,2.0227329303377073,2.9371777741695104,0.15964531413685146,0.44111427797536695
1605,-576460676898,1.9974875474990337,2.9784001164456777,0.1507728899490694,0.46625342849330836
1606,-576460676880,2.0001876136315007,2.986884968685483,0.1496350019586694,0.47776662488954835
1607,-576460676862,2.002871234488456,2.995589992932335,0.1484954048574694,0.48929711413751836
1608,-576460676844,2.005535812733711,3.004507608885176,0.1473551747522694,0.5008340081453884
1609,-576460676827,2.008042580194417,3.0131762358803056,0.14778433907662938,0.5197849351794983
1610,-576460676815,1.9849635329512763,3.002706686893815,0.13972398403400146,0.5140004949560574
1611,-576460676809,1.9874843396239603,3.01214583425367,0.14017904424536146,0.5340949258584173
1612,-576460676793,1.9898689249393786,3.0213783583685165,0.14060815804116145,0.5530436216654674
1613,-576460676775,1.9922890067122716,3.031047146857411,0.14104232469296143,0.5722154401785173
1614,-576460676758,1.9948093173920396,3.0413789760248955,0.14107674171639142,0.5843110239715174
1615,-576460676745,1.9730505067580646,3.0663402193690907,0.13501478987518864,0.5948641170388311
1616,-576460676739,1.9754779788976564,3.077143482108853,0.13504941879051863,0.6070341685218311
1617,-576460676721,1.977928632624087,3.088268942408999,0.13508436939627863,0.6193172754978311
1618,-576460676703,1.9803748946445163,3.0993971509449683,0.13661686017323862,0.6166696780168411
1619,-576460676685,1.9828267875553385,3.1103800528237397,0.13813581921067863,0.6140454585554811
1620,-576460676668,1.9512483168495989,3.1051679312896967,0.12782445001254322,0.6024522971429216
1621,-576460676648,1.9535620385128545,3.115984054880225,0.12935574931558322,0.5998067581039116
1622,-576460676631,1.9558978398327438,3.126751886430211,0.1300048236235032,0.5958218839109916
1623,-576460676613,1.9582590511369968,3.1375100840927,0.13065768167572323,0.5918137801050215
1624,-576460676595,1.9468344573813794,3.163323653952726,0.12748001297238684,0.5942390516739949
1625,-576460676577,1.9491172539805641,3.1739026593589874,0.12812368193130685,0.590287362642575
1626,-576460676558,1.9514120811036506,3.1844376014788676,0.12721174205605684,0.581889785605575
1627,-576460676542,1.9536968310341714,3.19485027117796,0.12629726549130685,0.573468849522575
1628,-576460676523,1.926776838579884,3.1907754584676726,0.11530012657938732,0.5571860953037172
1629,-576460676505,1.9288442507580683,3.200730222426843,0.11438681689180732,0.5487759043818772
1630,-576460676486,1.9309067246209608,3.2107048690194366,0.11477694565180732,0.5595181614618772
1631,-576460676469,1.9329776028079868,3.2208797194074616,0.11516733449764732,0.5702675800465972
1632,-576460676451,1.9350571304891548,3.2312563226195015,0.11555802677696732,0.5810253537201572
1633,-576460676438,1.92835446607488,3.238367765967586,0.11370247208918995,0.5840248519294852
1634,-576460676433,1.9304180848091188,3.2490470802897664,0.11409515835994995,0.5948375304725652
1635,-576460676415,1.932444771956138,3.2598491881308527,0.11109230241994994,0.6053966740925651
1636,-576460676398,1.9344005437126557,3.270745278587517,0.10811547123142994,0.6158643051345252
1637,-576460676378,1.9363198067162584,3.281927121220589,0.10511228164076994,0.6264246219927052
1638,-576460676366,1.8923067543607142,3.2600689149200037,0.09000972634246157,0.6143723057126377
1639,-576460676362,1.89393806450855,3.271122115726186,0.09118655798896157,0.6133518758026777
1640,-576460676343,1.8956019258783365,3.282232259010562,0.09237142863871156,0.6123244752785377
1641,-576460676326,1.8972626647217847,3.293163003460214,0.09353911020021156,0.6113119794009777
1642,-576460676308,1.8989563883687668,3.3041537765281546,0.09471515755371157,0.6102922295509376
1643,-576460676289,1.9029653135417088,3.3127622092618343,0.09596521110894275,0.6062876584424617
1644,-576460676271,1.9046985240361005,3.323650081781015,0.09658164157023275,0.6032743611299317
1645,-576460676251,1.9064405965814866,3.3344698998599394,0.09719728450163274,0.6002649135001317
1646,-576460676234,1.9082972436277559,3.3458674106751913,0.09784915380797274,0.5970783804647517
1647,-576460676216,1.8628542414601923,3.332563429350822,0.08174079141286975,0.5809556459416952
1648,-576460676198,1.864339670043722,3.343096797667133,0.08169966449620975,0.5780219979281253
1649,-576460676181,1.8657139466525905,3.3527991741085867,0.08166159658770974,0.5753065538048753
1650,-576460676163,1.8671839785783895,3.363131980750584,0.08162085657222974,0.5724005040644152
1651,-576460676144,1.8686386084637305,3.3734590291022966,0.08009452812382974,0.5756871392610152
1652,-576460676133,1.8780436272467946,3.3642185996674296,0.08268242800505858,0.5717972577996783
1653,-576460676127,1.8795205198255718,3.3745572240296036,0.08115279067341859,0.5750910179975383
1654,-576460676110,1.8808945528094572,3.384408739553404,0.07970333012797859,0.5782121339340982
1655,-576460676093,1.8822285620917352,3.3942002197115775,0.07827041399873859,0.5812976248643582
1656,-576460676075,1.8836406901375005,3.4047066200302862,0.07842377660993859,0.5845257571494782
1657,-576460676062,1.8314039813391303,3.3781585103048215,0.06079582599607461,0.56986015044146
1658,-576460676057,1.8324996236836797,3.388444434433433,0.06094897588727461,0.57308380517958
1659,-576460676039,1.833607493504828,3.3988777109314245,0.06110344464247461,0.5763352207091
1660,-576460676020,1.8346844232872583,3.409099736402081,0.059567717039454605,0.56905392945693
1661,-576460676004,1.8357427037172087,3.419276621122846,0.058018997399454604,0.56171103951693
1662,-576460675990,1.8456921454301085,3.4098824830375647,0.06075164590548134,0.5577595021539096
1663,-576460675985,1.8467714405639404,3.4198533159787146,0.05920335646538134,0.5504186519055596
1664,-576460675967,1.8478233931214163,3.429696938003339,0.05765429266546134,0.5430741302122396
1665,-576460675949,1.8488637310335174,3.4394888044930516,0.057925966428081344,0.5447901615011996
1666,-576460675931,1.8499128588924583,3.449348179106901,0.05819865130847134,0.5465125795303196
1667,-576460675912,1.7944050354281609,3.4303299336687565,0.039557583904958366,0.532105973269592
1668,-576460675896,1.795078540445237,3.43937403157359,0.039813698526968366,0.533723725019672
1669,-576460675877,1.795799885511247,3.449123301894081,0.04032239723595837,0.549348020855042
1670,-576460675859,1.79653051117353,3.459155551333352,0.04083118071393837,0.564974920305782
1671,-576460675839,1.8138944113359992,3.454308130983946,0.04589096164157017,0.5742074556875838
1672,-576460675825,1.814680495598966,3.4642186243496322,0.04637244950477017,0.5889959909891838
1673,-576460675805,1.8155030267032162,3.474839231930098,0.045050369684990176,0.5914650049501038
1674,-576460675788,1.8163019869437202,3.4855072366195863,0.043727922498360175,0.5939347049769238
1675,-576460675770,1.7650185438024941,3.469121943370843,0.025165046959015648,0.5814464876569527
1676,-576460675753,1.7654596834890646,3.4795469873597424,0.023842305878905647,0.5766987091323927
1677,-576460675734,1.7658951761578612,3.4899122946167234,0.02441707674482565,0.5719390631394328
1678,-576460675716,1.766338868121028,3.5001423541754777,0.024989076940015648,0.5672023609187128
1679,-576460675698,1.7895722926164288,3.490245520103122,0.03178374180645789,0.5540218273000612
1680,-576460675680,1.790145612513154,3.500183012047426,0.03188309847395789,0.5495308594632612
1681,-576460675661,1.7907203060520103,3.5100325361213267,0.03198238342370789,0.5450431333023011
1682,-576460675645,1.7913163893512425,3.5201315273956695,0.032085039107707894,0.5404030483768612
1683,-576460675625,1.7919064648614498,3.5300123707355855,0.0321863376712079,0.5358243059327011
1684,-576460675613,1.7422982440754773,3.5043122084128213,0.015925954318914266,0.5216147016251603
1685,-576460675607,1.7425728921150732,3.5137228579062434,0.014536339336354266,0.5221574249744403
1686,-576460675591,1.7428085831641138,3.5225923845488247,0.013227949630614267,0.5226684252530602
1687,-576460675574,1.7430225013436975,3.531489944613483,0.011916708563164267,0.5231805391499103
1688,-576460675557,1.7432137269097512,3.54037736538009,0.010608241793594268,0.5236915695263202
1689,-576460675544,1.767874287803337,3.5192744467231964,0.017326154780862493,0.5148027844488091
1690,-576460675538,1.768195226786658,3.529170605911876,0.01606325255590249,0.5147601773364091
1691,-576460675519,1.7684704177506683,3.5383216620977818,0.01489534391278249,0.5147207750661091
1692,-576460675500,1.7687141458084057,3.5470715950113303,0.013778545232782491,0.5146830971161092
1693,-576460675484,1.7689518824460142,3.55635045636267,0.01259414738562249,0.5146431385419592
1694,-576460675465,1.7218610822677194,3.541014521732502,-0.001259109694479765,0.4988889283378293
1695,-576460675448,1.72185184765805,3.5500385474924383,2.4028691544023505e-4,0.4967008510019893
1696,-576460675429,1.7218696603996926,3.558984829945038,0.0017333147290802351,0.4945220676839593
1697,-576460675413,1.7219106461307072,3.5673063016957096,0.0031279984027602348,0.4924867984850993
1698,-576460675395,1.754504394373293,3.5488332312023942,0.01242868373167176,0.4791279698380575
1699,-576460675379,1.7547192866946237,3.5569556165248812,0.012878072592971761,0.4774033052590275
1700,-576460675360,1.7549559529619734,3.5655528741757996,0.01335551022027176,0.4755709951253975
1701,-576460675342,1.755180169123504,3.5741472723109595,0.01137194073432176,0.47225344768244754
1702,-576460675325,1.755367605448,3.5826411775593234,0.00939777775379176,0.46895163275011753
1703,-576460675312,1.7076709869620668,3.558448304797656,-0.0058821441611881815,0.45553659020890186
1704,-576460675306,1.7075476795462181,3.5666015946183074,-0.007846900636298181,0.45225050778719184
1705,-576460675288,1.7073903146103608,3.5746392855706746,-0.009797875487188181,0.44898747532290184
1706,-576460675270,1.7072486675913754,3.582805084945911,-0.005938933643508181,0.45822276523222183
1707,-576460675251,1.7071764934038722,3.5911362030950116,-0.002080420523508181,0.4674570291122218
1708,-576460675235,1.7435538960302783,3.569612498383665,0.011634660605691655,0.4640214031860945
1709,-576460675215,1.7438107760042798,3.5784348131117487,0.015668307348971657,0.4736748000433145
1710,-576460675197,1.7440837538505365,3.5865090419832586,0.015990474472621658,0.4627391021323645
1711,-576460675180,1.7443709684378643,3.594634954417301,0.016322580297911657,0.4514660431724945
1712,-576460675161,1.7013498518991885,3.5814199859780174,0.0029676940764007762,0.42738042251538844
1713,-576460675143,1.7014069976998991,3.589098273870339,0.0033079264716407764,0.4158315138256684
1714,-576460675124,1.7014588803375768,3.59650870864547,0.0025343839475707765,0.4186299213559884
1715,-576460675107,1.7014974664356326,3.604075050878443,0.0017498661002607766,0.42146803378454845
1716,-576460675089,1.7367003017854201,3.5830042823900716,0.0104295145966098,0.4121200154023741
1717,-576460675071,1.736877866024869,3.5904573423852946,0.0093009414785998,0.4160437709438441
1718,-576460675053,1.7370352151406725,3.5979860656825218,0.0081716159367098,0.4199701424676741
1719,-576460675035,1.7371720338094456,3.6055740617308474,0.0070439833485498,0.4238906280311941
1720,-576460675017,1.7372888866122784,3.613255238086747,0.005913027554919801,0.4278226675168041
1721,-576460674998,1.7374184501894872,3.620979085899612,0.0085069587788198,0.4318153750948041
1722,-576460674981,1.7375951152896782,3.628793858438369,0.0111072413089998,0.43581785891840413
1723,-576460674963,1.737818292940368,3.6366701760964886,0.0137040594902998,0.4398150102444041
1724,-576460674945,1.7380881710493339,3.644617958694912,0.0163007333237298,0.4438119393830041
1725,-576460674928,1.7383691221862998,3.6525659077995902,0.014902191705809802,0.4389011997416441
1726,-576460674909,1.7386248343705886,3.660423688340785,0.013503960736849802,0.4339915508909641
1727,-576460674892,1.7388552396367862,3.6681883556466515,0.012106584052529802,0.4290849017146541
1728,-576460674873,1.7390634012477035,3.6759796799067317,0.010688160901169802,0.4241043514697741
1729,-576460674855,1.6814062834514563,3.6522413241462406,-0.008080855079782243,0.4116047118456639
1730,-576460674837,1.6812483196157533,3.659898941794873,-0.008997239487812243,0.41629059586094386
1731,-576460674816,1.6810786014106178,3.6674222658685256,-0.009887616986592244,0.42084349489822387
1732,-576460674802,1.6808925023001708,3.674982051319298,-0.010779728279322245,0.41871288810721385
1733,-576460674782,1.6807053513095658,3.682500550593504,-0.010012515982982244,0.41658310947143384
1734,-576460674770,1.7300122828532076,3.6412460220208374,0.0030717556061898767,0.3990236414927408
1735,-576460674764,1.7300784397228368,3.648816432765648,0.003882608908609877,0.3967727155776008
1737,-576460674724,1.7302288768320515,3.662652185347187,0.0041219884651198775,0.3974763760277808
1738,-576460674711,1.7303002105593894,3.6699940083948226,0.0036287289073898775,0.40024438755518077
1739,-576460674694,1.6704092932157917,3.6457881088313315,-0.015095698212474874,0.38606957367155625
1740,-576460674676,1.6701336968002654,3.6527500592020514,-0.015577247310774874,0.38877186992555623
1741,-576460674658,1.6698514361028858,3.659735089133374,-0.015790280319354873,0.38747194085651626
1742,-576460674641,1.6695799795269708,3.6663433466139406,-0.015992482344834875,0.38623810253027624
1743,-576460674623,1.6692910885154775,3.6732627594507745,-0.016204899822134876,0.38494192943787625
1744,-576460674610,1.715349381620216,3.6358036832724543,-0.004031659380904254,0.3690845103264213
1745,-576460674606,1.7152748729108924,3.64243734206741,-0.004244787086604255,0.3677840034148213
1746,-576460674587,1.715184225787496,3.649065490721543,-0.005825996537024256,0.3685951382509013
1747,-576460674570,1.7150651433596946,3.655706763800264,-0.007406854646604257,0.3694060928548213
1748,-576460674551,1.7149175906720358,3.6623633728741303,-0.008987888426604258,0.3702171375748213
1749,-576460674533,1.6446149429805001,3.633971873832483,-0.03165104854001048,0.3521825567764446
1750,-576460674516,1.6440560838307896,3.640334609727893,-0.030420273691410482,0.3545132721133946
1751,-576460674496,1.6435195623820011,3.64673717375278,-0.02918990894161048,0.35684321084724463
1752,-576460674478,1.6429779885539384,3.653531575047901,-0.02789297148661048,0.35929921815099464
1753,-576460674460,1.6903824550702038,3.6224929188349275,-0.014044912283235582,0.3458169176213364
1754,-576460674444,1.6901362920811,3.6283750272515554,-0.014927369138965583,0.3464809010837564
1755,-576460674425,1.6898588059719397,3.634626345882164,-0.015863366453605584,0.34718516977831637
1756,-576460674405,1.6895653229438863,3.640872268053751,-0.016796663376525585,0.3478874066279964
1757,-576460674388,1.6317649972520882,3.6195152481583746,-0.03530441967286532,0.3321080729289032
1758,-576460674369,1.631117580797714,3.625484213587815,-0.03665872759266532,0.3313683267199032
1759,-576460674352,1.6304358342822656,3.6315264920407304,-0.03803275588566532,0.33061780890490317
1760,-576460674335,1.6297887769495796,3.637053953944501,-0.03929245117526532,0.32992974173690315
1761,-576460674317,1.6764670910608896,3.606918405241787,-0.02537199125510921,0.30845504451565686
1762,-576460674299,1.6760227179784961,3.6124260094367315,-0.02389058647267921,0.3021102450962669
1763,-576460674282,1.6756270938383055,3.6175288319778347,-0.02248973476887921,0.2961104513988669
1764,-576460674264,1.675258849011654,3.6224814249925896,-0.02110243174802921,0.2901686861868169
1765,-576460674247,1.6748817707701664,3.627745498053953,-0.020711522730509208,0.2935608615358969
1766,-576460674234,1.6231401438462008,3.603367009281949,-0.03592421711874501,0.28047823622256846
1767,-576460674228,1.6224969124947357,3.608446937766584,-0.03553402333728501,0.28386420499665843
1768,-576460674192,1.6218608112335045,3.613586962097384,-0.03514389457728501,0.28724960953665846
1769,-576460674190,1.621230863452581,3.6187951896440302,-0.03475322397178501,0.29063971602740846
1770,-576460674175,1.6205728037132867,3.6240054527791536,-0.03848251575269501,0.28921261663336845
1771,-576460674156,1.6665768161147252,3.5945121372863382,-0.03019145064317803,0.2729797323480601
1772,-576460674138,1.6660003628631979,3.5994080199289185,-0.03392302511339803,0.2715517594303801
1773,-576460674122,1.6653939473500647,3.604011033500731,-0.03744936506292803,0.2702023242290601
1774,-576460674100,1.6648031007506707,3.6087880910881487,-0.02821849816507803,0.2607293331666101
1775,-576460674086,1.6643974517282032,3.6131451768928176,-0.01949649594978803,0.25177855422608014
1776,-576460674074,1.609155354050046,3.5876389222464415,-0.03556947615426877,0.2380972734655508
1777,-576460674068,1.608597572447598,3.5918448793281983,-0.02632373317194877,0.2286090161213108
1778,-576460674051,1.6081862891324405,3.595718590243841,-0.02213665508742877,0.2278197473572508
1779,-576460674032,1.6078277554571452,3.5998122668739403,-0.01769599409546877,0.2269826779398708
1780,-576460674016,1.6075625007272036,3.603665384298633,-0.013501269055568772,0.2261919677164208
1781,-576460673996,1.6472553126869427,3.5784844406858825,0.0013417674573654847,0.21302118859463165
1782,-576460673981,1.647438344598295,3.5824164016380267,0.018968031849365484,0.22328162455943165
1783,-576460673962,1.6479375727548555,3.5865237219419868,0.03655420098836548,0.23351872065103166
1784,-576460673943,1.6488081233053888,3.5910611310131766,0.05512612659136548,0.24432963606423166
1785,-576460673925,1.5982245596068883,3.571961965143765,0.057804049666462784,0.24193112787339494
1786,-576460673907,1.599223280912993,3.5763616475305966,0.053152655822342784,0.24686815963153494
1787,-576460673889,1.6001432136117342,3.580875891919304,0.04847490700810279,0.25183316479481493
1788,-576460673872,1.600924967861007,3.585167702482289,0.04411160916088279,0.25646440883990496
1789,-576460673854,1.6422791727635608,3.560577397676508,0.05000077757683989,0.24904844256800202
1790,-576460673836,1.643123011565558,3.5650467755842343,0.04384772400765989,0.24801855489919203
1791,-576460673818,1.6438565015516347,3.5694996089295175,0.03769193316279989,0.24698820906982202
1792,-576460673801,1.6444798418295659,3.5739385785120485,0.031529641288199885,0.24595677510912203
1793,-576460673782,1.5921729805838072,3.55486532831447,0.010273402702282254,0.23231950342987348
1794,-576460673763,1.5924611579592522,3.559276590448874,0.020064251308142256,0.2320727625353335
1795,-576460673745,1.5929050404523484,3.5634457683442915,0.02932736915432226,0.2318393210763135
1796,-576460673729,1.5934782279053072,3.5673860865496185,0.03809058579260226,0.2316184777153935
1797,-576460673710,1.5942728066497764,3.5715109571717143,0.05000018410420226,0.22568425200699352
1798,-576460673691,1.6319656430357288,3.5492771468457502,0.07136580185834385,0.2086400713843642
1799,-576460673674,1.6333599237663972,3.5529860680686554,0.08327077892891385,0.2027081483134342
1800,-576460673656,1.634964224129078,3.556578376492883,0.09514340731227386,0.1967923437047942
1801,-576460673638,1.6367316203405053,3.560138722724277,0.10117941539557386,0.1986918252920442
1802,-576460673619,1.5924422141226662,3.5435476776563224,0.09441603331916487,0.1897570150526051
1803,-576460673602,1.5940949280541934,3.5467872588933442,0.10011244261388487,0.1915496277230051
1804,-576460673584,1.5959560379524467,3.5502609480722565,0.10616186032358486,0.1934533292082551
1805,-576460673566,1.597959521718865,3.553724399511111,0.11700536511983486,0.19233908948900508
1806,-576460673550,1.63544977680461,3.5315366227381606,0.13585921658892489,0.18058149861569778
1807,-576460673532,1.637994692902127,3.534779010527918,0.1467365412831749,0.17946378368484778
1808,-576460673513,1.6407367814249658,3.53800269392062,0.1576186973914249,0.1783455722951978
1809,-576460673496,1.6437484414193528,3.5411499072508597,0.17723342562246489,0.17157808016639778
1810,-576460673478,1.6471164745885793,3.544178353462323,0.19686778166694488,0.16480381603079777
1811,-576460673459,1.6510509572654537,3.5472396682331913,0.21757185354390488,0.15766047752459778
1812,-576460673441,1.6551377341274291,3.550012685540032,0.23717131569782487,0.15089825251219777
1813,-576460673424,1.6594010635575451,3.5528294761067567,0.23495818929842488,0.16103868732439777
1814,-576460673406,1.663363672595478,3.5556380344733345,0.2328823110478249,0.17055025796219778
1815,-576460673389,1.6673259666301465,3.5586349145838545,0.2307879288057349,0.18014661296636778
1816,-576460673371,1.671482376967801,3.561960976442938,0.2329677574039849,0.19096210213361778
1817,-576460673353,1.7061078846798274,3.540405851369297,0.2429285679643345,0.19094049417986594
1818,-576460673335,1.7105010347992642,3.543941132351299,0.2451178820092045,0.20180304656357595
1819,-576460673318,1.7146838808977445,3.547457487360128,0.24718437168117452,0.21205619063158596
1820,-576460673301,1.718913298416806,3.551012320460018,0.24969268647925452,0.20556987843446595
1821,-576460673284,1.723181130091259,3.5544533461053827,0.2521984964986945,0.19909004340530595
1822,-576460673272,1.6659485123009634,3.531438644962638,0.23628258642011252,0.18675304269239879
1823,-576460673265,1.6704635199715048,3.5349174624319857,0.23908145554043253,0.17951537901191877
1824,-576460673249,1.6743026125856209,3.5377372973438845,0.24143580012211252,0.17342722213939876
1825,-576460673231,1.6787563725113932,3.5408479240574895,0.2526578237709925,0.17166116410479876
1826,-576460673214,1.6834042631033381,3.543921445481488,0.2638605506186125,0.16989814289064875
1827,-576460673200,1.7112676961110518,3.521445328938806,0.27098424491129003,0.16016523085908446
1828,-576460673194,1.7165358244233369,3.524474743761386,0.28282687858779004,0.15830150476033447
1829,-576460673176,1.7217149068085842,3.5273015697784507,0.29400470633701004,0.15654240202418448
1830,-576460673157,1.7271041414576849,3.5301642470154833,0.29672582628391003,0.1572444265445645
1831,-576460673140,1.732417570482024,3.53297355720632,0.29938445860296004,0.1579303298178745
1832,-576460673128,1.679120787650218,3.512147680921214,0.2846800258815931,0.14680232055785866
1833,-576460673122,1.6842525211226342,3.514787801088786,0.28735580874289307,0.14749264851711866
1834,-576460673106,1.6888629290744461,3.5171493499605573,0.2897386901695931,0.14810741053545864
1835,-576460673087,1.694109991834698,3.519865095681605,0.29223366567023307,0.15310662241129863
1836,-576460673070,1.6993999808960791,3.522669880457151,0.2947276726244831,0.15810389359929863
1837,-576460673051,1.728140084002983,3.5069686919298713,0.3032525095569946,0.15522414851364294
1838,-576460673033,1.7336195153921914,3.509735334830491,0.3057423655981446,0.15226603216094295
1839,-576460673015,1.7391083925109763,3.512452180465927,0.3035236038529446,0.14930413494266295
1840,-576460672997,1.7445732609643159,3.5151234145450045,0.3012983156135446,0.14633352529500296
1841,-576460672980,1.7499449783790875,3.5177155889260536,0.2990948234019446,0.14339201187376296
1842,-576460672961,1.755387115822043,3.520376271100882,0.3045140322941046,0.15171470671856296
1843,-576460672943,1.7609198440546858,3.5231833473709964,0.30992632893002464,0.16002678588116295
1844,-576460672925,1.7665396363264414,3.526134560943518,0.3153287079809046,0.16832363384756296
1845,-576460672907,1.7895766999903964,3.5131307670730902,0.32512173406233297,0.16957104093071831
1846,-576460672889,1.7953844323353882,3.516320204831786,0.320397032747913,0.1849290989710183
1847,-576460672870,1.8011084110921534,3.519786796642315,0.315671281149773,0.2002905710511183
1848,-576460672852,1.8070618781923404,3.523748541153538,0.310679807770473,0.2165157952006183
1849,-576460672834,1.8127749199902812,3.527908039143067,0.305813318153853,0.2323347486139183
1850,-576460672822,1.7318280019121328,3.498761861005696,0.2838362255688537,0.21684378395577938
1851,-576460672817,1.7368652484432647,3.5024128897555196,0.29333324233510366,0.20149236612422938
1852,-576460672799,1.7419287184674297,3.5057100550753706,0.3025794355706037,0.18654639106668938
1853,-576460672782,1.747459541762626,3.508923364826984,0.3123664500416037,0.17072620751160938
1854,-576460672763,1.753184777505471,3.51186092933145,0.32218447740035366,0.15485589328815938
1855,-576460672752,1.7694506936741432,3.497694659693552,0.32631432168827523,0.14866481659198383
1856,-576460672746,1.7749714740394045,3.5002174023358306,0.32372457684713524,0.14837305486438382
1857,-576460672728,1.7807654717996557,3.502881485047606,0.32098419807787526,0.14806432265598382
1858,-576460672710,1.7862584354340805,3.5054231385610874,0.3183644179292053,0.14776917713818383
1859,-576460672692,1.7919055879001422,3.5080527732835627,0.3156484333183453,0.14746319318578383
1860,-576460672675,1.723373620389761,3.4837252977092463,0.29031152270881944,0.1171493859762704
1861,-576460672658,1.7285723503932704,3.485695975217007,0.2849601386289594,0.10091828114339041
1862,-576460672641,1.7333766881695185,3.487282676248874,0.27992378568005943,0.0856426867421904
1863,-576460672623,1.7380683401739152,3.488783727204599,0.27441567251059945,0.0917131300859504
1864,-576460672605,1.7500633674992694,3.4845510050690063,0.27035408887996615,0.09558223777766202
1865,-576460672587,1.754874909669398,3.4863287662911553,0.26449942047180613,0.10203461661862202
1866,-576460672569,1.7596212006731815,3.4882394385056883,0.25859431444674613,0.10854258231598202
1867,-576460672551,1.7642825815510796,3.4902658249338385,0.25879076551310615,0.11637405325203201
1868,-576460672533,1.701374664219726,3.4677420419435556,0.24082660526538877,0.11119668120637279
1869,-576460672515,1.7056869660576233,3.4698019723306395,0.24102174803894877,0.11897599738842278
1870,-576460672497,1.7100358075723796,3.4720185142547444,0.24121838444678878,0.12681485691462277
1871,-576460672478,1.7143942919980009,3.474294239681949,0.24286940648131877,0.12594522829718277
1872,-576460672459,1.7188101377712008,3.4765684389410705,0.24453078923611876,0.12507014246678277
1873,-576460672443,1.7307607302785657,3.472747054097615,0.24809254056353935,0.12155439141681067
1874,-576460672425,1.7352037890240595,3.474909106219642,0.24972916761503935,0.12069234494481067
1875,-576460672407,1.7396850525101222,3.47703166556315,0.24805072531053934,0.11508208921321067
1876,-576460672389,1.7441346174071162,3.479052555415601,0.24637284233143936,0.10947370304753067
1877,-576460672369,1.6862467562834362,3.4578312169478247,0.2278159748727904,0.09137838147075343
1878,-576460672352,1.6903205945376025,3.459442178251012,0.2242049132455404,0.08736905855000343
1879,-576460672334,1.6943209606949337,3.460977703678003,0.2206014643973104,0.08336818801599342
1880,-576460672316,1.6982543416276592,3.462440471762403,0.2170000189119804,0.07936954179428342
1881,-576460672297,1.7080195137076806,3.459273573920736,0.21488624282249463,0.07337879988334098
1882,-576460672280,1.7118827040383247,3.460574989065841,0.21106781535535463,0.07011479349066098
1883,-576460672261,1.7156534186613848,3.461809709982225,0.20727296492533462,0.06687094083942098
1884,-576460672244,1.7193215362218008,3.4629752620766787,0.20351348005099462,0.06365731880034098
1885,-576460672226,1.655777851346099,3.4387967262669457,0.18174100134005367,0.04720401765237099
1886,-576460672208,1.6590105524216079,3.439707359546995,0.17548327353797366,0.05342400379074099
1887,-576460672190,1.662115778715979,3.4407255594734574,0.16925458872917365,0.059615122100190994
1888,-576460672171,1.6651264000347297,3.441862401474481,0.16298856292901365,0.065843356189681
1889,-576460672151,1.6680137447060706,3.4431076499838347,0.15674397362389364,0.072050283072111
1890,-576460672134,1.6725263962628296,3.4433405353039137,0.15113445918960738,0.08083547582488076
1891,-576460672117,1.6751955550592224,3.4448761329614355,0.1453728498964474,0.08974857855432077
1892,-576460672099,1.6777598649417356,3.4465714128428897,0.1396138007496074,0.09865772078488076
1893,-576460672081,1.6802105648521826,3.4483054043364016,0.13270131791776738,0.09401870496230076
1894,-576460672063,1.6235493976060522,3.4268562788129313,0.10987935596542822,0.07726147820667605
1895,-576460672045,1.6255562930343814,3.4282696188576898,0.10262545431934822,0.07239333381771605
1896,-576460672026,1.6272549424835867,3.4294697943803287,0.09605861483150822,0.06798628167313606
1897,-576460672010,1.6288312911273242,3.430609038121201,0.09111172994850822,0.06728369468309606
1898,-576460671992,1.6279307792121782,3.433594138117389,0.08518960543579616,0.06730618986325086
1899,-576460671974,1.6294171739288457,3.434799358173177,0.07990116111804617,0.06655509250338086
1900,-576460671958,1.6307306584946113,3.43592266035368,0.07491785889204616,0.06584733329850086
1901,-576460671939,1.6320828633746982,3.437179946192783,0.07531878130427616,0.07384333267601086
1902,-576460671921,1.5822671031174942,3.4177040056649224,0.06194060838126727,0.07097888219340978
1903,-576460671904,1.5833193234117016,3.4189698081767705,0.06231781086854727,0.07850181122276978
1904,-576460671886,1.5844442757967303,3.4204542817991976,0.06271857737516727,0.08649470121770977
1905,-576460671868,1.5855329423278546,3.4219989903453234,0.05818391927921727,0.08505380743085977
1906,-576460671851,1.5865394613477806,3.423516997315779,0.053651527379217266,0.08361363373085977
1907,-576460671831,1.5839649940554161,3.427539024725983,0.04797117979652693,0.08315812804887925
1908,-576460671811,1.584786467379887,3.429020621333477,0.04344583828392693,0.08172019461907924
1909,-576460671795,1.5855420895927101,3.430441804732414,0.04045159277396693,0.07607510865492924
1910,-576460671777,1.5862430272809716,3.4317598945347476,0.03746067180240693,0.07043629048177924
1911,-576460671759,1.5381228835085692,3.4120381755035205,0.021292699372407797,0.053887567759953785
1912,-576460671741,1.5384625932078257,3.4129135911461086,0.018451050175007797,0.04853017340270378
1913,-576460671723,1.5387991278233688,3.413845587436812,0.017129075166537798,0.05000514305373378
1914,-576460671705,1.5390961142737287,3.4147582598387847,0.015871252669447798,0.051408535703143785
1915,-576460671687,1.5352472024090391,3.418427441569914,0.013570788380324848,0.053998529633879425
1916,-576460671670,1.5354610567227522,3.419374036843563,0.011600387904164847,0.057418051539479424
1917,-576460671652,1.5356510210265844,3.420439796906437,0.009513795027044848,0.06103921898117942
1918,-576460671634,1.5358038994418428,3.421574725587005,0.007420012600164847,0.06467286349197943
1919,-576460671616,1.5359130053329726,3.4226997713550475,0.005454598424644847,0.06808373194642943
1920,-576460671605,1.4899923823427468,3.4020843031850103,-0.006996398693618646,0.05735601535368871
1921,-576460671599,1.4898026467235845,3.4030671046000323,-0.014050259006018646,0.0516624444379887
1922,-576460671581,1.4894861731032294,3.4039462855154703,-0.02109590350773865,0.0459755049692787
1923,-576460671562,1.4890428988939264,3.4047229294708985,-0.02814037432221865,0.0402895128501387
1924,-576460671545,1.4884735207386197,3.4053964647086636,-0.03517662932601865,0.0346101521779887
1925,-576460671532,1.4825427022918733,3.409174704866016,-0.0366788564328362,0.03625147337033995
1926,-576460671526,1.4818113861480764,3.4097875068828007,-0.0402815375473862,0.02823703142153995
1927,-576460671508,1.481057007058336,3.4102267968625655,-0.0436876398502662,0.02065989419785995
1928,-576460671490,1.480286971961535,3.4105170656684343,-0.0469100537553562,0.01349138597961995
1929,-576460671473,1.4794117808336953,3.410691606731613,-0.0503226012651762,0.005899910896099948
1930,-576460671455,1.4377198744573767,3.391411105207485,-0.06797839282429453,0.0015857529382694614
1931,-576460671435,1.4364259636506136,3.391492746589457,-0.07460131040029454,0.007410542595769463
1932,-576460671418,1.435045199227989,3.3916746952876458,-0.08107425447085453,0.013103432057719466
1933,-576460671402,1.4336031218006309,3.3919461869035064,-0.08732388032893454,0.01859991538906947
1934,-576460671383,1.4260286980498555,3.3959723713422374,-0.09314803559524218,0.022516680944991086
1935,-576460671366,1.4243165909783542,3.396397698600553,-0.09744609459528218,0.024831338460031084
1936,-576460671348,1.422523195021328,3.396865696938691,-0.10175372291292219,0.027151149392671083
1937,-576460671330,1.4206345830329028,3.3973237857793475,-0.10603723191436219,0.023249207154471083
1938,-576460671312,1.38215306403669,3.3793259537679354,-0.12026656829661275,0.009871863144291509
1939,-576460671295,1.3800967230379688,3.3794616409252365,-0.12423031045269275,0.006261203534391508
1940,-576460671277,1.3778193199751931,3.3795396264584996,-0.12847753051221275,0.002392317688791508
1941,-576460671258,1.375489350578808,3.3795971042772064,-0.13026421256221274,0.003990560568491508
1942,-576460671242,1.3648215541547173,3.3845987872738394,-0.1341656859356827,0.007724666134255998
1943,-576460671223,1.3623906365492013,3.3847521981414186,-0.1359512767306827,0.009321932852285999
1944,-576460671205,1.3599278555685028,3.384934336374434,-0.1377366691156827,0.010919022086375999
1945,-576460671187,1.3574136205425205,3.3851210193661285,-0.1416227782156827,0.009823532546376
1946,-576460671169,1.3239297857179249,3.368820593043641,-0.15398736489016462,2.3297799687334482e-4
1947,-576460671151,1.321087827015182,3.3688147333883838,-0.15792161856401463,-8.760834413166546e-4
1948,-576460671131,1.3182215889111237,3.36878924234158,-0.16179261501751463,-0.001967312744216654
1949,-576460671115,1.315178371333568,3.3688264474730483,-0.17908865942166463,0.006134787565633345
1950,-576460671096,1.3091291056040828,3.370530261067628,-0.19720530058655936,0.014963178911593072
1951,-576460671079,1.3054214084261275,3.3708732250244298,-0.21464664920020937,0.023133345031943073
1952,-576460671061,1.3015857803644,3.3712811311673248,-0.21162897446364937,0.022199633729463073
1953,-576460671044,1.2977737943279337,3.3716753597716327,-0.20858664990566936,0.021258295423123075
1954,-576460671024,1.293960281338946,3.3720581151790405,-0.20549804405032937,0.020302637027903074
1955,-576460671012,1.2696114673779815,3.3583601611034792,-0.21220257382501462,0.013256904546532208
1956,-576460671006,1.265691624059139,3.358597875192587,-0.2090821076562746,0.012291388119112208
1957,-576460670989,1.2621807520980846,3.358747140046335,-0.20887884008827462,0.005478237327112208
1958,-576460670970,1.2584212237685755,3.3587800354929294,-0.20866095661419462,-0.0018248114504077926
1959,-576460670953,1.254668745732126,3.3586815545094173,-0.2084432546290146,-0.009121777057577793
1960,-576460670935,1.2514261714472525,3.3581535300705987,-0.2080861343632179,-0.01660521461338716
1961,-576460670917,1.2476731877217175,3.357830170897602,-0.2111479726000179,-0.01951623009130716
1962,-576460670898,1.2438506039603439,3.357453145036499,-0.21422161081661792,-0.02243846429509716
1963,-576460670882,1.2401847764103484,3.35704827246201,-0.21712833917401791,-0.02520201043440716
1964,-576460670864,1.2151653678412744,3.3440463985756566,-0.22602994220972364,-0.0345461990083681
1965,-576460670847,1.2113485180678762,3.3435016961813218,-0.22348716689380363,-0.029604359740268097
1966,-576460670831,1.2075123284380822,3.343033948261276,-0.22090201698040363,-0.024580166184518096
1967,-576460670811,1.2033967359720434,3.3426242232888708,-0.21809451273040362,-0.019123830872018098
1968,-576460670793,1.2036167999043403,3.3401198421464136,-0.21433179377736583,-0.014851073948014508
1969,-576460670775,1.1997600180194938,3.339867270153394,-0.21486716959304583,-0.013256203263174508
1970,-576460670757,1.1961018946940094,3.3396546791757453,-0.21537373902024584,-0.011747146063324507
1971,-576460670740,1.1924325665895692,3.3394676268651033,-0.21588066592072583,-0.010237023959834507
1972,-576460670721,1.1885412394629546,3.33929771071436,-0.21641696520904583,-0.008639402273924505
1973,-576460670705,1.1690831063546154,3.3294562627568203,-0.22179130870024613,-0.015890634356059957
1974,-576460670687,1.1650791839905241,3.3291491565648927,-0.22286662500970614,-0.018215222929489957
1975,-576460670670,1.1612827188053274,3.328820927457826,-0.22388145514994615,-0.020409054202409956
1976,-576460670652,1.1574987267895667,3.3284576144858224,-0.22134645587024615,-0.022338677531189954
1977,-576460670633,1.155552655340044,3.326836677755975,-0.21792147821242547,-0.02501836414082692
1978,-576460670615,1.1516561657659699,3.3263682004136386,-0.21523838772877546,-0.02706071343533692
1979,-576460670598,1.1478102857900796,3.325863299291967,-0.21255693773177545,-0.029101814003136918
1980,-576460670579,1.1437704487175466,3.325298255579908,-0.21257719250057544,-0.030360823414236918
1981,-576460670561,1.125596246219669,3.3155541799703885,-0.21656284871246737,-0.03621968736402076
1982,-576460670544,1.1218586458643751,3.3149192352663426,-0.21658124159854736,-0.03736296462878076
1983,-576460670527,1.1180167601373252,3.3142460692555877,-0.21660014604942734,-0.03853804007914076
1984,-576460670507,1.1138979406038527,3.313486118750621,-0.21725665423206733,-0.04151152066945076
1985,-576460670490,1.116015505842016,3.309844658470692,-0.21632705459471657,-0.045414759024541576
1986,-576460670473,1.1122552918426578,3.309032756357218,-0.21692723730047658,-0.04813312822908158
1987,-576460670455,1.1083410842438792,3.3081400726939703,-0.21755024064143658,-0.05095485747942158
1988,-576460670436,1.1044381558944467,3.3072513223598055,-0.21596396011745658,-0.04776227393952158
1989,-576460670418,1.100352456543986,3.3063761981585342,-0.2142908156260966,-0.04439486604272158
1990,-576460670405,1.0908045375201312,3.300122162564068,-0.21692738183550647,-0.047560232661404384
1991,-576460670399,1.086697957819896,3.2992503452296194,-0.21525318017618647,-0.04419069708480438
1992,-576460670381,1.0830565139790715,3.298525712476784,-0.21375763990210647,-0.04118073939440438
1993,-576460670364,1.0794165832826133,3.2978180429262327,-0.21477199236282649,-0.04213331176540438
1994,-576460670347,1.0755330280383935,3.2970489631322533,-0.21584898055060647,-0.043144704975654376
1995,-576460670329,1.0700831732476144,3.2970424449071474,-0.21733483240933335,-0.043807017212420044
1996,-576460670310,1.0661459873583716,3.2962405547488363,-0.21713723658677336,-0.04468229621850004
1997,-576460670292,1.0622679196011038,3.295434462190581,-0.21694243178885336,-0.04554521198106004
1998,-576460670275,1.0583675397255479,3.2946074281443343,-0.21674632960057336,-0.04641387472010004
1999,-576460670256,1.04797215281712,3.289442252245444,-0.2182703887986846,-0.049482749228871255
2000,-576460670239,1.044052871872499,3.288556984082993,-0.2177624247542746,-0.049006226957461256
2001,-576460670220,1.040107962245472,3.28767251794796,-0.2172499396970646,-0.04852546351325126
2002,-576460670203,1.0364101255496285,3.2868494924050693,-0.2167684518338646,-0.04807377861005126
2003,-576460670186,1.0360526155211771,3.2844301920516865,-0.21541569766844818,-0.04835088221707939
2004,-576460670168,1.0321637097135208,3.2835634086817533,-0.21615746931150817,-0.04784081348075939
2005,-576460670150,1.0282670750636662,3.2827070483795158,-0.21689817081458818,-0.047331480610999385
2006,-576460670131,1.0241398866576104,3.281813139622888,-0.21767994922920816,-0.046793901786359386
2007,-576460670113,1.0172102273277233,3.278908014176458,-0.21924452479571904,-0.047313512853034485
2008,-576460670095,1.013083084972543,3.2780159611787925,-0.21848601083350905,-0.04729888547813448
2009,-576460670077,1.0091614261616244,3.2771656998871372,-0.21776281400863906,-0.04728493916783448
2010,-576460670060,1.0054646195312524,3.2763618261946807,-0.21707887632504905,-0.04727174994073448
2011,-576460670041,0.9965997652154288,3.2777445451456506,-0.2178260643478586,-0.04637224080956081
2012,-576460670023,0.9929046311012706,3.276956041869664,-0.2173563775504186,-0.04649117645422081
2013,-576460670002,0.9889431336739514,3.2761065514330627,-0.2168517034841786,-0.04661897169083081
2014,-576460669988,0.98509945472804,3.275278195111305,-0.2163609136937786,-0.04674325110518081
2015,-576460669969,0.9811996527455803,3.2744346216564373,-0.2168541476769786,-0.04696630842246081
2016,-576460669957,0.9766047744479086,3.271170712386617,-0.21811374281789642,-0.04859377430796033
2017,-576460669951,0.9726690423848833,3.270292845772896,-0.2186075247170964,-0.04881707941164033
2018,-576460669934,0.9689483176250312,3.2694610671107376,-0.2190733081086964,-0.04902772263028033
2019,-576460669915,0.9650014382249855,3.268576758036375,-0.2195663229254964,-0.04925068083300033
2020,-576460669898,0.9609947325877767,3.2676780168250925,-0.21935635190704642,-0.04920374336399033
2021,-576460669879,0.9536001217018324,3.268433938593234,-0.22009117761935984,-0.04841086481120266
2022,-576460669862,0.9496733263961163,3.2675702142344263,-0.21988588744685983,-0.048364973710702655
2023,-576460669844,0.9457132893419374,3.266699191462165,-0.21967866513155984,-0.048318650693962656
2024,-576460669825,0.9417640423541024,3.2658368839018257,-0.21959022846001985,-0.047594542158402656
2025,-576460669800,0.9370623174499009,3.26454969405539,-0.21964151605485213,-0.04702266897730188
2026,-576460669790,0.9331117624620988,3.263710272856885,-0.21955303511825214,-0.04629819800490188
2027,-576460669770,0.9291581904917928,3.262882927851786,-0.21946445089651215,-0.04557288134654188
2028,-576460669753,0.9252051890634495,3.262049554608441,-0.21980673794039216,-0.04703443539360188
2029,-576460669735,0.9163356796490045,3.2634528085482115,-0.22149078766140415,-0.04745442667568854
2030,-576460669717,0.9123167042444257,3.262579064708366,-0.22183560410726416,-0.04892678118325854
2031,-576460669697,0.9083197260702915,3.2616974783965653,-0.22150954304310416,-0.04885884488300855
2032,-576460669681,0.9043715370390019,3.260826582551361,-0.22118699015078416,-0.04879163952625855
2033,-576460669660,0.9027149623928393,3.2616957360517542,-0.22023027088787944,-0.04786280814186548
2034,-576460669644,0.898753966925957,3.260834863675691,-0.21990478849123946,-0.047794992409615475
2035,-576460669627,0.8947765035487131,3.2599684289243007,-0.21964249598703944,-0.047954234177895474
2036,-576460669609,0.8908173887416815,3.259102095233985,-0.21938110204263944,-0.04811293041685547
2037,-576460669591,0.8868047031062067,3.258220058734327,-0.21911585298683944,-0.048273967152575474
2038,-576460669578,0.8862641134135654,3.2584639606328243,-0.21926482457896343,-0.04816062381172735
2039,-576460669573,0.8823788260163525,3.2576086897990635,-0.21900786546196344,-0.04831662759952735
2040,-576460669555,0.8784732419491955,3.2567477549801462,-0.21905887977465344,-0.04824944484927735
2041,-576460669538,0.8745294995224928,3.2558798271667357,-0.21911038045564343,-0.048181621581527355
2042,-576460669517,0.8693567781074278,3.254076067623625,-0.2194940610418244,-0.04857334438305663
2043,-576460669502,0.8654038847093128,3.253202018261648,-0.2195455788887544,-0.04850549850880663
2044,-576460669483,0.8614582174734752,3.25232895078453,-0.2193495530175544,-0.04860990495260663
2045,-576460669465,0.8574748741123661,3.2514448476863924,-0.21915147748763442,-0.04871540307668663
2046,-576460669447,0.8535647571205562,3.250574352651314,-0.21895686893363442,-0.048819054635186626
2047,-576460669435,0.8471986555576001,3.2533819693703334,-0.22072586089982876,-0.04750108627966933
2048,-576460669429,0.8432301498679713,3.2525240199084915,-0.22029271882220877,-0.047842522304179326
2049,-576460669411,0.8392307445235633,3.251651444952015,-0.21985534087162878,-0.04818729737076932
2050,-576460669394,0.8352746142526077,3.2507804178160313,-0.21942183778210878,-0.04852901797272932
2051,-576460669375,0.8313687764291324,3.249912716174837,-0.21899300377982878,-0.04886705803966932
2052,-576460669356,0.8355628105964675,3.2555949860032745,-0.21699518427398895,-0.045630892278744055
2053,-576460669339,0.8318754845231069,3.2548201028065713,-0.21721655305062895,-0.04561771778994406
2054,-576460669320,0.8279595609436061,3.2539982886822845,-0.21745139894190896,-0.045603741227344056
2055,-576460669304,0.8242298763855025,3.2532166177287323,-0.21767484011818897,-0.04559044340224406
2056,-576460669286,0.8270243452405011,3.249474107007806,-0.2157995445851296,-0.04693110889206922
2057,-576460669268,0.8231789389598095,3.248638249735141,-0.2158078722947796,-0.04688529749039922
2058,-576460669251,0.8195107850461729,3.247841711701976,-0.2158158158427296,-0.04684159939318922
2059,-576460669233,0.8156214923414098,3.24699799670235,-0.2158242379570796,-0.04679526866365922
2060,-576460669215,0.811630475215218,3.2461339074551456,-0.2151013276847496,-0.04650379166180922
2061,-576460669202,0.8126198896011486,3.2469148261142755,-0.21483675198930893,-0.046125260383672005
2062,-576460669196,0.8086563706088128,3.2460651182976745,-0.21411551990850894,-0.045834460027672004
2063,-576460669178,0.8048054125485534,3.245241963974653,-0.21341243571285895,-0.045550976888422
2064,-576460669161,0.8011883593818421,3.244471003303886,-0.21274994033560896,-0.045283859137172006
2065,-576460669144,0.7974330960226098,3.243660029149689,-0.21330671489836894,-0.046725915561812006
2066,-576460669131,0.7969418841620148,3.2438698993825237,-0.21344550701687057,-0.0466252671236557
2067,-576460669125,0.7930119225239421,3.24299877222665,-0.21402625434416056,-0.0481294134522157
2068,-576460669109,0.7895907536731279,3.242219911441403,-0.21453053518538057,-0.0494355101662957
2069,-576460669092,0.7857159135361956,3.241314885304863,-0.21510025946284056,-0.0509111065917357
2070,-576460669073,0.7818320682482396,3.2403984484214976,-0.21448112400758057,-0.0504534419499157
2071,-576460669061,0.793413317370354,3.2496690395796217,-0.21140132611549778,-0.045983216273189215
2072,-576460669055,0.7896328220265598,3.248849585108188,-0.2107881142546278,-0.045529930349599214
2073,-576460669037,0.7858439727478672,3.2480341015901866,-0.2101717522741978,-0.04507431585908921
2074,-576460669018,0.782058056740188,3.2472186479409144,-0.2102987061530778,-0.04549139374468921
2075,-576460669001,0.7782728005056075,3.246396326269411,-0.2104255613339178,-0.04590814738048921
2076,-576460668980,0.7756468464909635,3.245073673267717,-0.2102216468559688,-0.04656389182654255
2077,-576460668965,0.7718594009358218,3.244231254391409,-0.21034862188442882,-0.046981039194242555
2078,-576460668947,0.7680571157186054,3.243377543482957,-0.21058409340578882,-0.04752919090116255
2079,-576460668929,0.7642282295257768,3.2425088332969927,-0.21082094652690883,-0.048080558819802555
2080,-576460668910,0.7672800886122287,3.2471638847807136,-0.20925600081971732,-0.045977586645671205
2081,-576460668893,0.7635107406240589,3.2463312333073073,-0.20949065120159732,-0.046523826830531204
2082,-576460668874,0.7597224297956762,3.245480675854367,-0.20878370326265733,-0.0473877832986712
2083,-576460668856,0.755791086079814,3.2445783147622627,-0.20804752356892733,-0.0482874637038012
2084,-576460668838,0.7523436671904256,3.243578454837444,-0.20726053748640344,-0.04920642803050438
2085,-576460668822,0.7489996394918867,3.2427771012013467,-0.20662988872051344,-0.04997713977659438
2086,-576460668802,0.7452739929202312,3.241868321594512,-0.21006249151161344,-0.05166469076077438
2087,-576460668787,0.7414683897457939,3.240924723198798,-0.21351179469656342,-0.05336045206458438
2088,-576460668768,0.7375691276762413,3.2399426144552526,-0.21698912382981342,-0.055069991605934385
2089,-576460668750,0.7336050083316321,3.2389199097830295,-0.22283328209597342,-0.05839995982233438
2090,-576460668732,0.7295359995443496,3.2378373025632246,-0.22867679194781343,-0.06172955857593438
2091,-576460668714,0.7254005932386699,3.236705479930372,-0.23446648341109344,-0.06502849191713438
2092,-576460668696,0.7211329615475626,3.235506544324815,-0.24029507973357345,-0.06834959302633438
2093,-576460668673,0.7167944871749583,3.234278994759081,-0.24175762833357345,-0.06804480316633438
2094,-576460668660,0.7124289572666576,3.233056728190863,-0.24322042069167346,-0.06773996250802437
2095,-576460668641,0.7189850586951863,3.2270159214479066,-0.24151099970908663,-0.06981114370335019
2096,-576460668625,0.7146368463388723,3.2257655393088447,-0.24296948567408663,-0.06950720048185019
2097,-576460668606,0.7102691984620781,3.2245031766001517,-0.24294561437532664,-0.07093477634333019
2098,-576460668588,0.7058954208330427,3.223213196547742,-0.24292170722380663,-0.07236449630829019
2099,-576460668570,0.7125918922513645,3.231220791545516,-0.24002563838275634,-0.06942625129665941
2100,-576460668551,0.7080328448064921,3.229887713716391,-0.24000041530215635,-0.07093466780045941
2101,-576460668533,0.7037082745494075,3.228605806223473,-0.24109539703343635,-0.07167379731445941
2102,-576460668515,0.6993584483159365,3.2273089451519605,-0.24219177962019636,-0.07241387242745942
2103,-576460668498,0.7012880707767223,3.2232998424840145,-0.24145336752044308,-0.0744920719452206
2104,-576460668479,0.6971779573390401,3.2220285891023175,-0.24248792974580308,-0.0751904173632206
2105,-576460668463,0.6930177608240766,3.220735433753673,-0.24162174791330307,-0.0752902190066906
2106,-576460668444,0.6887169337964216,3.219391859949204,-0.24072300929580306,-0.0753937718494206
2107,-576460668426,0.6841501354814813,3.217957650617714,-0.23976500321830307,-0.0755041535007106
2108,-576460668414,0.6964317729877324,3.22826994684779,-0.23660136435079968,-0.0707270098090186
2109,-576460668405,0.6921774468675657,3.227024856253918,-0.23623288073579968,-0.06765482890971859
2110,-576460668391,0.6881609085522847,3.2258984225321115,-0.23588446458079967,-0.0647499576676186
2111,-576460668372,0.6839286681823097,3.224763294554654,-0.23551677956879968,-0.0616844350097786
2112,-576460668356,0.6796877453165215,3.223679401233392,-0.23514776355179967,-0.05860781528283859
2113,-576460668337,0.6792529660522506,3.220996098505202,-0.23523692992889794,-0.06358662830427965
2114,-576460668320,0.6752468726249624,3.2198822574529538,-0.23637333874943794,-0.06753834105807965
2115,-576460668299,0.6707391901353825,3.218555676674169,-0.23764553601577795,-0.07196224033787965
2116,-576460668284,0.6666881175965564,3.2172982517782676,-0.23878308198093795,-0.07591790736307966
2117,-576460668264,0.6773682222978653,3.2286081361144885,-0.23310659312257112,-0.06846316635891525
2118,-576460668247,0.672959185814576,3.2273242942672504,-0.2311491174480511,-0.06672077038303525
2119,-576460668230,0.669045460227648,3.226203557382531,-0.2293975508183711,-0.06516165897911526
2120,-576460668212,0.6651596831025823,3.2251088103377876,-0.2276451597280511,-0.06360181370303526
2121,-576460668194,0.6692333044924759,3.220613510519669,-0.22646632077630904,-0.06654020430306089
2122,-576460668177,0.6651474743559673,3.2194049478791946,-0.22769142240254905,-0.06779677568630088
2123,-576460668159,0.6610022866679703,3.218162519126504,-0.22892762232062905,-0.06906473044838088
2124,-576460668141,0.6568905823328101,3.216914158167766,-0.23014727693246906,-0.07031571489722088
2125,-576460668122,0.6652407033440176,3.2261734039587115,-0.22635086048507294,-0.06513072804065102
2126,-576460668105,0.66123662815034,3.225023150709778,-0.22575495938481294,-0.06474600079500102
2127,-576460668086,0.6571735356099282,3.223859825537947,-0.22514866290037294,-0.06435456205390103
2128,-576460668070,0.6531216641869201,3.222701183040794,-0.22490925368389295,-0.06434059479970103
2129,-576460668050,0.6490085005385179,3.2215240086958463,-0.22466596201205294,-0.06432640104110103
2130,-576460668038,0.6543231252901447,3.2194041766391432,-0.2230981530045165,-0.06540312600575028
2131,-576460668032,0.6501267727358426,3.2181734271812372,-0.2228479207789165,-0.06538852733175028
2132,-576460668015,0.6463730049272691,3.217071544488672,-0.22262384194267648,-0.06537545445965028
2133,-576460667996,0.6423535168838775,3.2158801730410853,-0.22319337671211648,-0.06676423582285028
2134,-576460667979,0.6383318144338699,3.2146662125466685,-0.22376177443343648,-0.06815024455245028
2135,-576460667967,0.6526697696400325,3.2267194193501263,-0.2201384798214128,-0.06270558794158329
2136,-576460667962,0.6486763373510717,3.225570742635976,-0.2207106992878028,-0.0641009158007833
2137,-576460667943,0.6447238749491826,3.224411979822832,-0.2212755911107528,-0.0654783755767833
2138,-576460667924,0.6407531222510563,3.223238797437352,-0.2201643975636528,-0.0649476817305833
2139,-576460667907,0.6368008265539276,3.222074711315973,-0.2190527716455228,-0.0644167813887233
2140,-576460667895,0.6507794350275724,3.216606816199982,-0.2149139111757384,-0.06722212480996591
2141,-576460667889,0.6469188529094779,3.215400929943078,-0.2138014822828384,-0.06669084097616591
2142,-576460667871,0.6430802198397266,3.2142052075452296,-0.2126896092955484,-0.06615982263678591
2143,-576460667851,0.639038732563629,3.212942313219476,-0.2134702764109584,-0.06700771316260591
2144,-576460667834,0.6351831734401736,3.2117268980306495,-0.2142123773278584,-0.06781371654640592
2145,-576460667816,0.6437641682259201,3.220967671005408,-0.2118265427577458,-0.06391818858436941
2146,-576460667798,0.6401582321210373,3.2198892711580287,-0.2125260438715958,-0.06298970754736942
2147,-576460667780,0.6363361911855593,3.2187636868429,-0.2119093737272958,-0.06200577442136942
2148,-576460667763,0.6327291698811099,3.217714734677842,-0.21132574559794579,-0.06107456175436942
2149,-576460667744,0.6399824788118507,3.2122001626518166,-0.20732755379602996,-0.062298457527305326
2150,-576460667728,0.6366716900557183,3.2111912085801735,-0.20768827273262996,-0.06417651228070533
2151,-576460667711,0.632929014280511,3.2100167635369825,-0.20809529391818996,-0.06629563604914533
2152,-576460667693,0.6291792194052038,3.208804236323289,-0.20850229249522995,-0.06841464210810533
2153,-576460667674,0.6397860539991282,3.2195671611598677,-0.2053101697596022,-0.06516816925743911
2154,-576460667659,0.6362999806655413,3.2184728625328636,-0.2052266415913822,-0.0637017155690491
2155,-576460667639,0.6325470029057831,3.217322138831434,-0.2051366802344422,-0.06212231826501911
2156,-576460667622,0.6288926582774216,3.21622895034702,-0.2050490452523222,-0.060583763721079105
2157,-576460667604,0.6390015704426976,3.209875325038638,-0.20085111233765218,-0.06179637455250644
2158,-576460667586,0.6353929073850114,3.2087542581738533,-0.2005797856751622,-0.06291210364815644
2159,-576460667568,0.6317841148026309,3.2076115309004463,-0.20030808172992218,-0.06402938417755644
2160,-576460667547,0.6281804140144657,3.206448753255022,-0.20003639287599218,-0.06514660264960644
2161,-576460667531,0.6244979043544753,3.2052380923369697,-0.19975838076317218,-0.06628982315130644
2162,-576460667519,0.6376052232554353,3.2161152918902127,-0.19648150250806132,-0.06145081601059804
2163,-576460667513,0.6339541468549053,3.2149737285680327,-0.19665690607706132,-0.06146975276081804
2164,-576460667496,0.6305747780300504,3.2139177122190388,-0.19681911707656133,-0.06148726522762804
2165,-576460667479,0.6272680660628814,3.2128849513134825,-0.19697771121556132,-0.06150438721444804
2166,-576460667462,0.6239167004184806,3.2118387987566925,-0.1971383168200613,-0.06152172636115804
2167,-576460667450,0.6346953956853806,3.2077439964076655,-0.1939160217376239,-0.06368212126633964
2168,-576460667443,0.6311689162516589,3.2065845793534153,-0.1936304845233439,-0.06373334708357964
2169,-576460667426,0.6278891333868784,3.205503894776556,-0.1933645437693439,-0.06378105726557964
2170,-576460667408,0.6244279115382543,3.2043609331038994,-0.19308349381498388,-0.06383147806145964
2171,-576460667391,0.6209573546054616,3.203200150775686,-0.19300583011344388,-0.06530216619409963
2172,-576460667373,0.6336821770556057,3.215514334649881,-0.18889363790602115,-0.060785618944851884
2173,-576460667354,0.6302827914019573,3.2144069411183134,-0.18881587916602116,-0.062258106784851885
2174,-576460667336,0.6268534749371582,3.2132624623998107,-0.18873740331764116,-0.06374417423493188
2175,-576460667319,0.623457588418704,3.212126692174552,-0.18896101937774115,-0.06257884047519188
2176,-576460667301,0.6290979595371922,3.2075931363122967,-0.18647891237130715,-0.06324262214228427
2177,-576460667283,0.6257421250952937,3.2064661987651943,-0.18670256573805716,-0.06207709396583427
2178,-576460667264,0.6223822682475942,3.2053602232423453,-0.18692621910480717,-0.06091156578938427
2179,-576460667248,0.6190208104654169,3.204252434989473,-0.18632025904056718,-0.06209401414310427
2180,-576460667229,0.6301740750348219,3.2151790453255695,-0.18209181851609288,-0.05795306902237207
2181,-576460667210,0.6267572384426908,3.2140781039084136,-0.1814594494661529,-0.059187050906942075
2182,-576460667193,0.6236449107438305,3.213051642634342,-0.18088151320457288,-0.060314814634932074
2183,-576460667176,0.6205942246410434,3.212037477899346,-0.18078844563207289,-0.05991811186133207
2184,-576460667157,0.626472114172389,3.207523743281156,-0.17794843909511188,-0.061339679032348125
2185,-576460667140,0.623233832720915,3.2064110729884434,-0.1778480176948619,-0.06091163039050813
2186,-576460667122,0.6200450157941143,3.2053224049095483,-0.17774907478361188,-0.060489883843708125
2187,-576460667103,0.6168604304816714,3.204227904482398,-0.17838884877297187,-0.061910074459868125
2188,-576460667086,0.613646142345587,3.2031015452661324,-0.17903227166341187,-0.06333836502250813
2189,-576460667073,0.62506939943867,3.212552946408973,-0.1761916746553973,-0.05916924737380791
2190,-576460667068,0.6218930381589375,3.21147533832762,-0.17683541950769732,-0.06059825263760791
2191,-576460667049,0.6186946270395569,3.210381185045449,-0.17597591129374732,-0.06009594869395791
2192,-576460667032,0.6155566310161737,3.209311395916946,-0.17512853887499732,-0.05960073701270791
2193,-576460667013,0.6122434950056518,3.2081859319816837,-0.17422939970484733,-0.05907527239965791
2194,-576460666995,0.6091146987417562,3.20712694799765,-0.17337600679394732,-0.05857654229135791
2195,-576460666977,0.6059868160735532,3.2060655064192978,-0.1742244453039573,-0.05938107046097791
2196,-576460666959,0.603016788083637,3.2050490874418265,-0.17502625906059732,-0.06014138690865791
2197,-576460666942,0.5998073207382836,3.2039415023647897,-0.17588860485295732,-0.06095910259897791
2198,-576460666924,0.6103136866779929,3.215022771163204,-0.17337145747386346,-0.05637210043248297
2199,-576460666905,0.607201498243927,3.214007448212825,-0.17283116047662345,-0.05657333038998297
2200,-576460666888,0.6040943719672144,3.2129869744318316,-0.17229005208726345,-0.05677486254498297
2201,-576460666870,0.6009983628806718,3.2119633276736543,-0.17174918411038345,-0.05697630515998297
2202,-576460666851,0.6073422424930861,3.2074541735218545,-0.1683849623921499,-0.05905647579707164
2203,-576460666834,0.6043120057775949,3.206387624264126,-0.16810237484522988,-0.05937662150218164
2204,-576460666816,0.60129424283224,3.2053179355026535,-0.1678204776459899,-0.05969598510685164
2205,-576460666796,0.5982771887360754,3.2042409483302214,-0.1675381725140299,-0.060015810861781635
2206,-576460666782,0.5955972479634171,3.203277937752896,-0.1672870114762699,-0.060300353221861634
2207,-576460666763,0.6059938524410501,3.2140790356238336,-0.16441841360488318,-0.056287963370076154
2208,-576460666745,0.6028744013026838,3.2130003920994223,-0.1648807670523832,-0.057577076681776154
2209,-576460666725,0.600069058989736,3.2120121609411094,-0.16529545997613318,-0.05873330504162615
2210,-576460666710,0.5971018591345457,3.2109592553461392,-0.16430185801223318,-0.05822371744882616
2211,-576460666692,0.6085895870402189,3.204599512816274,-0.15899409298657588,-0.060575988047577634
2212,-576460666675,0.6059060418317204,3.203578137641551,-0.15805992503073588,-0.06009688231189764
2213,-576460666657,0.6032258974557735,3.2025601630526905,-0.15712139747727588,-0.05961554067397764
2214,-576460666639,0.6002240036438623,3.201409229677853,-0.15727887607855587,-0.06092628744053764
2215,-576460666621,0.5975646555527482,3.2003697112185656,-0.15741825321723588,-0.062086369714397634
2216,-576460666610,0.6127433187232343,3.2135488950237976,-0.15366003504964776,-0.05630454998313383
2217,-576460666604,0.6099699497845718,3.212521991809171,-0.15380880515684775,-0.05754281305753382
2218,-576460666586,0.6072049819572188,3.2114769823882487,-0.15395698150308776,-0.058776134062013825
2219,-576460666569,0.6047446751452416,3.2105401504629154,-0.15361981709390776,-0.058342496433493825
2220,-576460666552,0.6019398729168594,3.2094781205864757,-0.15323453752369776,-0.05784697640055383
2221,-576460666539,0.6154423494523104,3.20451674593081,-0.14921455224155514,-0.0605219660714222
2222,-576460666534,0.6127960693029747,3.2034463307489367,-0.14884031618618515,-0.0600406494462422
2223,-576460666516,0.61011946706267,3.2023696328727955,-0.14846083235372515,-0.059552583491802195
2224,-576460666495,0.6073055858618084,3.2012308404000818,-0.14829947147052513,-0.060547867121362196
2225,-576460666478,0.6046371293620381,3.2001322921020092,-0.14814628754412512,-0.0614927147897322
2226,-576460666460,0.6164568652148842,3.211466069907307,-0.14439876499540383,-0.05699078655769673
2227,-576460666443,0.6138609410641717,3.210432486694052,-0.14424571720980384,-0.05793479450142673
2228,-576460666428,0.6115521574434529,3.2095094782912152,-0.14440635764407384,-0.05746289291956673
2229,-576460666409,0.608935456161575,3.2084737197159194,-0.14458820659226385,-0.05692868864714673
2230,-576460666390,0.6212337555420387,3.2019585056375677,-0.14034232939895022,-0.05936691483598834
2231,-576460666373,0.6186876987376922,3.2008870316489704,-0.14052438922725022,-0.05883209107658834
2232,-576460666355,0.6161885176195747,3.199830405724305,-0.1390886246592502,-0.05938517505286834
2233,-576460666336,0.6136977962488477,3.1987564003463826,-0.1376428203412502,-0.05994212653289834
2234,-576460666318,0.6112347351716242,3.1976730952715764,-0.1361979798392502,-0.06049870673256834
2235,-576460666300,0.6252030735356402,3.21052736145631,-0.13132616851901074,-0.054390446365203925
2236,-576460666283,0.622849955597817,3.209550078268042,-0.13053872551873075,-0.054365750860283925
2237,-576460666264,0.6205047615745088,3.208570630538314,-0.12974917939893074,-0.054340989398083926
2238,-576460666246,0.6180496273617634,3.207539323119786,-0.12891743944376075,-0.054314904667953925
2239,-576460666228,0.6256501612518748,3.202854809617553,-0.12591620063255546,-0.05625712528579062
2240,-576460666209,0.6233326991118043,3.2018197092290133,-0.12585870730056545,-0.05619878090573062
2241,-576460666192,0.6211203340384273,3.2008321121269745,-0.12580379678054546,-0.05614305756985062
2242,-576460666174,0.618853479446665,3.199820760546418,-0.12574750896901546,-0.05608593655503062
2243,-576460666155,0.6296196562229472,3.2096906399911282,-0.12215242766619223,-0.05230223391602269
2244,-576460666137,0.6274230614716573,3.208740174562977,-0.12180523018475223,-0.053258120165622695
2245,-576460666121,0.6253572236642536,3.2078280370076007,-0.12147779488781223,-0.054159598185222695
2246,-576460666103,0.6231728988306438,3.2068441792791478,-0.12113061668655223,-0.05511543135362269
2247,-576460666085,0.620994968616732,3.2058569227831066,-0.12084818603683223,-0.0545736410358327
2248,-576460666074,0.6329811026643143,3.201382426518199,-0.11729416434490064,-0.056991632755588995
2249,-576460666068,0.6309870284893468,3.200416788298622,-0.11702712531050065,-0.05647936836978899
2250,-576460666050,0.6288855336107748,3.199406210206354,-0.11674503983462065,-0.055938240203378994
2251,-576460666034,0.627015893457476,3.198513276282012,-0.11649350224358064,-0.055455712434099
2252,-576460666017,0.6250391037611159,3.19756635912796,-0.11648112313768064,-0.056143245026398995
2253,-576460665997,0.6361343021277884,3.2075257109956805,-0.11314249748984119,-0.05211797569038418
2254,-576460665980,0.6341969569525183,3.2066273027054715,-0.11313000604556119,-0.05281174752954418
2255,-576460665963,0.6321736303463951,3.2056848459516565,-0.11311695874514119,-0.05257310697288418
2256,-576460665945,0.6302515856361862,3.2047929787506315,-0.11299264777316119,-0.05234627436057418
2257,-576460665928,0.6354017532977443,3.2011508422408834,-0.11073228989312638,-0.05356805636401518
2258,-576460665908,0.6334109732282872,3.200189365288201,-0.11060075468490638,-0.053328041549425186
2259,-576460665892,0.6314019030853029,3.199217333322601,-0.11086980067907638,-0.05382424479793518
2260,-576460665872,0.6294009547844086,3.1982426540466906,-0.11113711165801639,-0.05431724814675518
2261,-576460665856,0.6437961719862315,3.210671837191501,-0.10731014028705718,-0.0489853098354169
2262,-576460665838,0.6418911248264322,3.209798979469566,-0.10757307665494718,-0.0494702450610869
2263,-576460665822,0.6400661691323518,3.2089565892117324,-0.10705184326512718,-0.0495995253533269
2264,-576460665804,0.6381391957758136,3.2080602286074784,-0.10649870325653718,-0.0497367193692069
2265,-576460665786,0.6362151066530666,3.20715805049356,-0.10594350969995718,-0.0498744227217669
2266,-576460665767,0.6452994027693001,3.2020782881632193,-0.10213666681492853,-0.05227518163380454
2267,-576460665749,0.6434756937358921,3.201143875087875,-0.10232647948340853,-0.05248551967729454
2268,-576460665731,0.6416317858192871,3.200197067512943,-0.10251803716436854,-0.05269779143002454
2269,-576460665715,0.639782683225102,3.1992455389368684,-0.10270977573076855,-0.052910263628224534
2270,-576460665695,0.6540617820052831,3.2114348298906013,-0.09883970443055998,-0.04741226252648273
2271,-576460665678,0.6522844175883902,3.2105815460963827,-0.09853557784515998,-0.04734440534898273
2272,-576460665660,0.6505130216487678,3.2097297207927187,-0.09823153569245999,-0.04727656701023273
2273,-576460665642,0.6487415181484052,3.2088764260269307,-0.09792653100697998,-0.04720851390973273
2274,-576460665623,0.6526554180125264,3.205852469513218,-0.09614903224419433,-0.04848189750497083
2275,-576460665605,0.6509128545802347,3.204972490989985,-0.09604899701644433,-0.048576341422170835
2276,-576460665587,0.6491828514050493,3.2040962510104922,-0.09594957966469433,-0.04867020199857083
2277,-576460665567,0.6474721805020383,3.2032272433057916,-0.09585117187819434,-0.04876310943777083
2278,-576460665550,0.6619188033080916,3.215358369455244,-0.09186791409863954,-0.043476708244641483
2279,-576460665532,0.6602648863052482,3.214572837472579,-0.09195170277753953,-0.04382887471344148
2280,-576460665515,0.6586090013476125,3.213780747348857,-0.09203551473753953,-0.04418113903344149
2281,-576460665496,0.6569391716231627,3.2129763042795885,-0.09211995528723953,-0.04453604533584149
2282,-576460665478,0.6552748324182579,3.212171115023024,-0.09167323171566953,-0.04438110518751149
2283,-576460665465,0.6653205967059403,3.208288577395638,-0.08869870810181134,-0.04649002234627622
2284,-576460665460,0.6636617434902816,3.2074183469609014,-0.08823619837344134,-0.04632960697874622
2285,-576460665443,0.6621673121308796,3.2066330420823044,-0.08781744589845134,-0.04618436823443622
2286,-576460665425,0.660589196003441,3.2058023728839964,-0.08737306558453134,-0.046030240813956215
2287,-576460665407,0.6590115466201752,3.2049666606320173,-0.08753263100813134,-0.04662078490435621
2288,-576460665388,0.6739225887078768,3.217300524620259,-0.08353839940597942,-0.04149885140453063
2289,-576460665372,0.6725009904249206,3.216590229790545,-0.08368878362615942,-0.04205541629505063
2290,-576460665355,0.6710759969173322,3.2158700461231136,-0.08383925629723941,-0.04261230853817063
2291,-576460665337,0.6695680410707769,3.215106910208396,-0.08359976730427941,-0.04212407994929063
2292,-576460665318,0.6768021634929438,3.210842538765807,-0.08073461597249738,-0.043494432566345775
2293,-576460665300,0.6753501284279178,3.2100635140330938,-0.08049512697953738,-0.043006203977465775
2294,-576460665281,0.6738235996854148,3.20923962893115,-0.08027672583803738,-0.043764212235665775
2295,-576460665263,0.6723821632244873,3.2084463408177197,-0.08006995205588738,-0.04448186523588578
2296,-576460665246,0.6710227157868056,3.20768442638112,-0.07987444910673738,-0.04516040037970578
2297,-576460665229,0.6696661933091694,3.206910748330434,-0.07967888865333739,-0.04583913510442578
2298,-576460665211,0.6682310141847769,3.2060856374323863,-0.07974117515033739,-0.045814394253875776
2299,-576460665191,0.6668727597230666,3.205305754931538,-0.0798000783541374,-0.045790997282905775
2300,-576460665175,0.6654358777522379,3.2044817853525296,-0.0798623440947374,-0.04576626467701578
2301,-576460665163,0.6730099307244544,3.2013016801595118,-0.07761112207275137,-0.0474811957196542
2302,-576460665158,0.6716131468380846,3.200447715807064,-0.07767335667875136,-0.0474564754807542
2303,-576460665139,0.6702112684047299,3.1995851707398004,-0.07753045548340136,-0.0480370276760042
2304,-576460665121,0.668821180656439,3.1987179232615897,-0.07738849562446136,-0.0486137555861042
2305,-576460665104,0.6674283105276395,3.197836931604441,-0.07724598994861136,-0.0491927009388542
2306,-576460665085,0.6820545995703134,3.209622130082539,-0.07306967573526733,-0.04431600930784134
2307,-576460665067,0.6806692565780496,3.2087781211483213,-0.07305584425459734,-0.044709773532501336
2308,-576460665050,0.679425951765417,3.2080141528976744,-0.07304342867519734,-0.04506322889370134
2309,-576460665032,0.6781099006478689,3.207198787206436,-0.07303028435526733,-0.045437430547841336
2310,-576460665014,0.6882538611465762,3.201543177407511,-0.06960919058167774,-0.04841632441077376
2311,-576460664996,0.687003140485267,3.2006722459042245,-0.06955305267942774,-0.04848843256127376
2312,-576460664978,0.6857432128900222,3.1997928798141055,-0.06949645568000774,-0.04856113041403376
2313,-576460664960,0.6844895883838801,3.1989158924528613,-0.06944009603694774,-0.048633523386713756
2314,-576460664941,0.6832538190597726,3.198044062519399,-0.06910683194191775,-0.04911073732995375
2315,-576460664929,0.699842151633757,3.21095122801873,-0.06492558837101613,-0.043587995594620024
2316,-576460664924,0.6986754840631457,3.210161605294419,-0.06458901760269613,-0.044069944493180024
2317,-576460664905,0.6975167434803105,3.209364591772411,-0.06425298860570612,-0.04455111760810002
2318,-576460664888,0.6963560575770443,3.2085532941442514,-0.06391462438746612,-0.04503563461802002
2319,-576460664870,0.6952129030470126,3.2077500372532577,-0.06397646808126611,-0.04482920746886002
2320,-576460664857,0.7007047367035141,3.2054218723065837,-0.06234286090275045,-0.04608369054748479
2321,-576460664850,0.6995816927587709,3.2045940071246175,-0.06240514739975045,-0.04587578537208479
2322,-576460664834,0.6984562155287745,3.2037689262523967,-0.062467506544150446,-0.04566763770800479
2323,-576460664815,0.6973336161171604,3.20295050688098,-0.06252964428695044,-0.04546022905704479
2324,-576460664796,0.6962089689266481,3.2021253454293963,-0.062354836365130444,-0.04616838141251479
2325,-576460664785,0.7142215382029836,3.215974409898874,-0.05781057199598959,-0.0402624378765598
2326,-576460664780,0.7131820591308397,3.215242988775836,-0.057635793191029586,-0.040970472278719805
2327,-576460664762,0.7121463020860446,3.2144992341523846,-0.057461111442269584,-0.041678113503179806
2328,-576460664742,0.7110573810921919,3.213701059209114,-0.05727688906904958,-0.04242440409554981
2329,-576460664726,0.7100856741664495,3.2129820599976866,-0.057142531094899585,-0.04223844093559981
2330,-576460664714,0.7146512324515656,3.2110374535235553,-0.05578417319179269,-0.04328705744864567
2331,-576460664706,0.7136475641913906,3.2102594138255305,-0.05564166751594269,-0.043089817158595674
2332,-576460664691,0.7127038535330292,3.209529284188731,-0.05550734118335269,-0.04290389779332567
2333,-576460664673,0.7117578833094985,3.208798808811252,-0.05537236619878269,-0.04271708063711567
2334,-576460664656,0.7108193182457402,3.2080701418910422,-0.05545123325314269,-0.04332222981389567
2335,-576460664638,0.7098171096284497,3.207281915946579,-0.05553532458634269,-0.04396746503249567
2336,-576460664627,0.7191030981154216,3.2143764932028738,-0.05319055938663923,-0.040946903210497224
2337,-576460664620,0.7181464054193947,3.213634825626714,-0.05327424097247923,-0.041588994425817226
2338,-576460664602,0.7171863630031895,3.2128822217230937,-0.05278435560343923,-0.04155328392373722
2339,-576460664587,0.7162921541950111,3.212175478129486,-0.05232393804078923,-0.041519721495937224
2340,-576460664569,0.7153631048784033,3.2114351631596967,-0.051841250501409225,-0.041484535684177225
2341,-576460664550,0.7191684653204744,3.2086615338187157,-0.049945798570681765,-0.04254202264324072
2342,-576460664534,0.7183178855722617,3.2079362269831386,-0.050116521082591764,-0.04278317417779073
2343,-576460664514,0.7174130548608647,3.207162885100492,-0.05029749638461176,-0.043038808137890724
2344,-576460664497,0.7164990060830039,3.206379827339696,-0.05047965663201176,-0.043296115874890725
2345,-576460664479,0.7284407926544424,3.215403171267262,-0.04741169158431099,-0.03937998382502398
2346,-576460664460,0.7275951460180107,3.2146967011616927,-0.04720611389056099,-0.039665622392523976
2347,-576460664443,0.7267475811004791,3.21398037095353,-0.04699916759566099,-0.03995316255384398
2348,-576460664425,0.7259035528057848,3.213258705784766,-0.04679217529736099,-0.04024076663428398
2349,-576460664406,0.7262871027669872,3.2119936719573356,-0.046215286757671496,-0.04081729231888999
2350,-576460664388,0.7254231289452481,3.2112262480162506,-0.0460896087272715,-0.04117244497648999
2351,-576460664371,0.7246405297322748,3.21052353352724,-0.0459754713237015,-0.041494985058319986
2352,-576460664352,0.7238141047014185,3.2097735921961985,-0.0458546337772715,-0.04183645902648998
2353,-576460664336,0.7230348599312788,3.209058998576477,-0.045740402383721505,-0.042159264713939985
2354,-576460664317,0.7344995923013817,3.2176657742498986,-0.04278905514095397,-0.03857860685286202
2355,-576460664300,0.7337284717828289,3.216968172050679,-0.04294816061987397,-0.03898445732538202
2356,-576460664282,0.7329538426649346,3.216262678556005,-0.04310739877514397,-0.03939064623225202
2357,-576460664265,0.7322181382268813,3.215588305658117,-0.04325809257347397,-0.03977503996698202
2358,-576460664246,0.7325878366997585,3.2143840187685506,-0.04265772224573757,-0.03988583583900406
2359,-576460664229,0.7318215400116003,3.2136667047347918,-0.04239657468063757,-0.03973168275343406
2360,-576460664211,0.7310612130107529,3.212953355715222,-0.042135861902537576,-0.03957778631876406
2361,-576460664193,0.7303017770628076,3.2122350305631766,-0.04224122247557758,-0.040231685604484056
2362,-576460664175,0.7434333141578173,3.22201838453059,-0.03882156361041012,-0.03641051507549977
2363,-576460664157,0.742734200650294,3.22135770351799,-0.03892682468177012,-0.03706379682397977
2364,-576460664139,0.742032023162457,3.220684142357721,-0.03903226134433012,-0.03771816834405977
2365,-576460664121,0.7413303543352363,3.2200061504728703,-0.03887900083873012,-0.03756407514369977
2366,-576460664102,0.7478404651375863,3.216219415239588,-0.036581610849825835,-0.03907783047582842
2367,-576460664084,0.7471941941935434,3.2155289609636597,-0.036430979563425836,-0.038926380779738416
2368,-576460664068,0.7465819755596718,3.2148747313176322,-0.036287708389025834,-0.038782331184598416
2369,-576460664050,0.7459285963403219,3.2141672973687365,-0.03614499704303584,-0.03964280588050842
2370,-576460664032,0.7452795198951913,3.2134462836983744,-0.03600266539576584,-0.040500991191938424
2371,-576460664019,0.7602445319592237,3.2246202099857326,-0.03219192599839448,-0.035740799550901634
2372,-576460664014,0.7596621283042028,3.2239643173956005,-0.03204849480691448,-0.036605614538221636
2373,-576460663996,0.7590906847417134,3.223302559595649,-0.031907136137614485,-0.03745793330192164
2374,-576460663978,0.7585170546979394,3.222628264061204,-0.031840159942174484,-0.037476281783331636
2375,-576460663959,0.7579443758394039,3.2219533383520647,-0.03177315397457448,-0.037494638420981635
2376,-576460663947,0.760800014716199,3.2207177209887825,-0.030927654074673325,-0.03816140938889803
2377,-576460663941,0.7602131844509508,3.2199926229083418,-0.030856960080753323,-0.038180776380778034
2378,-576460663923,0.7596611619459908,3.2193026785078973,-0.030564180944003323,-0.038586333543528036
2379,-576460663903,0.75911385726342,3.2186047423597643,-0.030271108620913322,-0.03899229682749804
2380,-576460663887,0.7586015120690915,3.217938494935123,-0.02999416154652332,-0.039375923444368036
2381,-576460663870,0.7722842000885596,3.2278083188309084,-0.02606852804094298,-0.03526187950278019
2382,-576460663852,0.7718156025892419,3.227172647351435,-0.026012327676492978,-0.035387909824630186
2383,-576460663835,0.77137423369701,3.226570573463666,-0.025959281653142978,-0.035506866480180185
2384,-576460663816,0.7709066695775382,3.2259292106547113,-0.025902968856732978,-0.03563314893271018
2385,-576460663798,0.7699343171612939,3.225462503134679,-0.025986037984661085,-0.03565237719868588
2386,-576460663780,0.7694924097442022,3.2248534047223965,-0.026024486006601084,-0.03603577819265588
2387,-576460663761,0.7689971972370203,3.2241641784034827,-0.026067504440141085,-0.03646475501242588
2388,-576460663744,0.7685268323711931,3.223503051585839,-0.026108298757541084,-0.03687155310112588
2389,-576460663724,0.7760641165438674,3.228751531886684,-0.02409677744688506,-0.03474490137697071
2390,-576460663708,0.7756317997594885,3.2281231638656607,-0.02395443788922506,-0.035097048275530715
2391,-576460663691,0.7752255744471015,3.22752347356649,-0.02381991379688506,-0.03542985977697072
2392,-576460663673,0.7747980027718937,3.2268824225829715,-0.02367749513532506,-0.03578220237793072
2393,-576460663654,0.7828640235836134,3.2225776989933568,-0.021042243721990813,-0.038108060996846264
2394,-576460663638,0.7824858693617733,3.2218919289178705,-0.021007597470050814,-0.03814792426794626
2395,-576460663619,0.7821081285580048,3.2212050599836037,-0.020972931955210813,-0.03818780970254626
2396,-576460663603,0.781730927841791,3.220517320360258,-0.020938258735210814,-0.03822770400254626
2397,-576460663585,0.7813752557921975,3.2198671291296397,-0.020905511805210813,-0.038265381952546265
2398,-576460663573,0.7922192622295413,3.227786764353948,-0.01811463497820185,-0.03486663680362462
2399,-576460663566,0.7918930295885342,3.227150197702041,-0.01806910958780185,-0.03573747276906462
2400,-576460663548,0.7915676539085402,3.2264980013525255,-0.01802358924680185,-0.03660821214666462
2401,-576460663531,0.7912441416925377,3.22583227926999,-0.01797821533840185,-0.03747615047690462
2402,-576460663513,0.7909168983427766,3.2251476060301423,-0.01794311833460185,-0.03768007782690462
2403,-576460663500,0.7869069019247082,3.2269138663967967,-0.019126304624097614,-0.036727516888627514
2404,-576460663495,0.7865672743504131,3.226259340498321,-0.019092068671927614,-0.036926441191127514
2405,-576460663477,0.7862237195420649,3.2255924429642353,-0.019057374262737615,-0.03712802930862751
2406,-576460663459,0.7858626048130336,3.2248862223976915,-0.019020838320307615,-0.037340317456127516
2407,-576460663439,0.7855198766122573,3.2242114276954443,-0.019104552499687615,-0.037724447241257515
2408,-576460663428,0.7984662931357431,3.2336588008231266,-0.015760973275820017,-0.03365342678948462
2409,-576460663422,0.7981811441340808,3.2330480802418635,-0.015844990109500016,-0.03403894533016462
2410,-576460663405,0.7978945428486621,3.2324305410617367,-0.015928988318300016,-0.03442437840896462
2411,-576460663385,0.7976081075734744,3.2318097035812974,-0.016012497624000015,-0.034807568113414615
2412,-576460663368,0.7973395288965478,3.231217916744599,-0.015603591478600016,-0.034855390885814616
2413,-576460663348,0.8005367482651524,3.2290428010508148,-0.01414639647816057,-0.03573955097825926
2414,-576460663333,0.8002842295467498,3.228394380390136,-0.01371005342836057,-0.03579058257705926
2415,-576460663314,0.8000562326685164,3.227789834345259,-0.013303794703560572,-0.03583809572585926
2416,-576460663298,0.7998172704003017,3.227139227178094,-0.013215156380080572,-0.03636334331145926
2417,-576460663279,0.8079852140547319,3.232575130630735,-0.010943410965576265,-0.03425647466191063
2418,-576460663261,0.8077826584607289,3.2319333711134397,-0.010851993779996266,-0.03479818905951063
2419,-576460663242,0.8075872819666531,3.2312938410892147,-0.010465681514696266,-0.03498140987391063
2420,-576460663225,0.8074042004269147,3.2306691314056604,-0.010090265236366266,-0.03515946292175063
2421,-576460663207,0.8072275244555847,3.230040225270998,-0.009714237771146265,-0.03533780584431063
2422,-576460663195,0.8076841413517302,3.2298361368639874,-0.009579861574543987,-0.03544767394619808
2423,-576460663189,0.8075148604539525,3.2291954618561842,-0.009199914083063988,-0.035627876065238075
2424,-576460663173,0.8073688066712128,3.2286256468968273,-0.009083090578603988,-0.035701529875468076
2425,-576460663153,0.8072052782485875,3.227977405804737,-0.008950480509323988,-0.035785136654108075
2426,-576460663136,0.8070452571331084,3.227332131977023,-0.008818784437543989,-0.03586816718399807
2427,-576460663117,0.8127973415028049,3.2309872087957388,-0.007150236892507142,-0.034084603459177146
2428,-576460663100,0.8126691289945243,3.2303711254285665,-0.007094014666287142,-0.03436149888191715
2429,-576460663083,0.8125419426743511,3.2297501266667523,-0.007037798686287141,-0.03463836354191715
2430,-576460663065,0.8124157891865801,3.229124249086673,-0.006981592075617141,-0.03491518205780715
2431,-576460663046,0.8098655396870952,3.229545607561392,-0.007632878936780353,-0.034622999486354875
2432,-576460663028,0.8097276843858532,3.228920871212898,-0.007684376756780353,-0.034792150346354876
2433,-576460663011,0.8095966520339544,3.228328116655284,-0.007733007864800354,-0.034951885141814874
2434,-576460662994,0.8094645985086131,3.227731769132182,-0.007781710497570354,-0.03511185486902487
2435,-576460662975,0.8189999406530024,3.234128994092354,-0.005306251611995669,-0.03222035082329403
2436,-576460662957,0.8189015998163895,3.2335337326610856,-0.005402758146575669,-0.03260175864725403
2437,-576460662937,0.8188033230020733,3.2329424815129792,-0.005497509634735669,-0.03297623027317403
2438,-576460662922,0.8187045007055679,3.2323514143892758,-0.005591168159855668,-0.033346382350614025
2439,-576460662902,0.818604810521031,3.2317497913768727,-0.0054701560606056675,-0.033407904739864026
2440,-576460662892,0.8216391856398675,3.230384430356173,-0.004579950278516561,-0.03414095374856732
2441,-576460662885,0.8215579366944084,3.2297701269092447,-0.00445926043062656,-0.03420231230565732
2442,-576460662867,0.8214782413810082,3.229149854943861,-0.0043376172557965595,-0.034264155532887315
2443,-576460662849,0.8214017494946972,3.228536597606893,-0.004217565197056559,-0.03432518983882731
2444,-576460662832,0.8213263407450843,3.2279135127501317,-0.0041504922420965585,-0.03481811113893731
2445,-576460662812,0.8295312839477152,3.2332481916745888,-0.0019090119503270158,-0.03271536835420252
2446,-576460662795,0.8294975135667688,3.232654685167417,-0.0018420022612070151,-0.03320782471162252
2447,-576460662777,0.8294649479872939,3.232052277790779,-0.0017749888505670145,-0.033700308418612525
2448,-576460662758,0.8294304125661396,3.231409308147783,-0.0018633825310470143,-0.034037749208452525
2449,-576460662740,0.8275309092578078,3.23164443269657,-0.002493711210748811,-0.03390237894211504
2450,-576460662722,0.8274848814675162,3.2310261767746544,-0.002578221603748811,-0.03422499537361504
2451,-576460662704,0.8274408252501477,3.2304475836781683,-0.0026565950987888108,-0.03452418434193504
2452,-576460662687,0.8273948837059967,3.2298212083166105,-0.002438397043948811,-0.03494186440573504
2453,-576460662668,0.8380041070761988,3.23686811816158,5.802922244378052e-4,-0.03199505048180826
2454,-576460662650,0.8380165195995588,3.2362881635110816,7.981877977778052e-4,-0.03241215152810826
2455,-576460662632,0.8380313980502176,3.2357028329237343,8.544225164378055e-4,-0.03260290871264826
2456,-576460662614,0.8380474849267092,3.2351070166794984,9.113287037478057e-4,-0.03279594362653826
2457,-576460662595,0.8391685150603291,3.2339842162403882,0.0012927829425879458,-0.03326479874693839
2458,-576460662578,0.8391922641177618,3.233384402728092,0.0013489364603879459,-0.03345528048513839
2459,-576460662559,0.8392176546198549,3.232779015705396,0.0014698814239379465,-0.03375393657798839
2460,-576460662544,0.8392436222191203,3.232202599020222,0.001584052395357947,-0.03403586527712839
2461,-576460662525,0.8392732466297879,3.231586787097011,0.0017049906453379476,-0.03433450479178839
2462,-576460662512,0.847616869716925,3.2375477438093396,0.003907417299712077,-0.03171724745286287
2463,-576460662507,0.8476887984409086,3.2369701135842965,0.004029107469532078,-0.03201774372480287
2464,-576460662489,0.8477614417483116,3.2364147894068283,0.004372848047812078,-0.032211284434802874
2465,-576460662470,0.8478412843336335,3.2358474984439463,0.0047218763310320775,-0.032407802349802874
2466,-576460662454,0.8479296914817805,3.23526110565641,0.005080446337452077,-0.032609692664802875
2467,-576460662437,0.8474286899253863,3.234949490354185,0.0052636506925822875,-0.03266370264369273
2468,-576460662418,0.8475246093880948,3.2343606685398174,0.005395251708622288,-0.032768213610072726
2469,-576460662399,0.8476237596838871,3.2337648375213854,0.0055279933935422874,-0.03287363043881272
2470,-576460662382,0.8477246971356064,3.233170720425913,0.005659930760662287,-0.032978408518452726
2471,-576460662363,0.8536008758354814,3.2367026386386444,0.007319755564937074,-0.03126680128793702
2472,-576460662346,0.8537340443909962,3.236138248347876,0.007515487070257074,-0.03160740255192702
2473,-576460662328,0.8538710662183969,3.2355663375120822,0.007711698282937073,-0.031948838576437016
2474,-576460662309,0.8540115164570901,3.2349887016241223,0.007907767763897074,-0.03229002796715701
2475,-576460662291,0.8496033468803992,3.236514910673668,0.0066362145134166535,-0.031066013671304255
2476,-576460662274,0.849722254012364,3.23596148534207,0.006691940165146654,-0.030966753419164255
2477,-576460662255,0.8498450302461553,3.235396682063836,0.006748996261736654,-0.030865123337544254
2478,-576460662238,0.8499652624818715,3.234849948599009,0.006804406479356654,-0.030766424946384253
2479,-576460662220,0.8500886976455951,3.234289888359885,0.006903757630106654,-0.03143139160355425
2480,-576460662207,0.8549893118415478,3.2377831813739757,0.008205386585181686,-0.029888808666164935
2481,-576460662201,0.8551379108182718,3.2372391705554633,0.008304693601931687,-0.030553479930294933
2482,-576460662183,0.855288398269009,3.2366828203690523,0.008404066819681687,-0.03121859428398493
2483,-576460662164,0.8554403270931129,3.236115796678808,0.008503213850681687,-0.03188219474834493
2484,-576460662147,0.8555942550129302,3.235542198617026,0.008613201118441688,-0.03190053201492493
2485,-576460662135,0.8547019808177876,3.23595485692178,0.008353196976550516,-0.03168131805066139
2486,-576460662129,0.8548619647356455,3.235352093839666,0.008469507319750515,-0.031700709511261395
2487,-576460662111,0.8550069586033647,3.234812558685152,0.008573556767150516,-0.031718056814211394
2488,-576460662092,0.8551620822427211,3.2342421666993735,0.008683495113630516,-0.03173638592455139
2489,-576460662077,0.8553084083063474,3.2337007844937538,0.008553642785570517,-0.03203817004433139
2490,-576460662058,0.860929090443573,3.237025474283241,0.009871982391933851,-0.030628942986848897
2491,-576460662041,0.861095672581006,3.2365026467974323,0.00974206887771385,-0.030930869306708898
2492,-576460662026,0.8612601152923868,3.2359744721611494,0.00961210182560385,-0.0312329200516389
2493,-576460662006,0.8614463764363145,3.235378642080406,0.009967541181623851,-0.0314003271619989
2494,-576460661987,0.8603271210277933,3.2354184214106803,0.009925043172538409,-0.031237331851554462
2495,-576460661972,0.8605008820834519,3.2348789588891904,0.01024689270609841,-0.03138891861163446
2496,-576460661954,0.8606856333425642,3.234320640303893,0.01057836335120841,-0.03154503678461446
2497,-576460661936,0.8608773364565843,3.233751173572158,0.01073145368080841,-0.03175717883733446
2498,-576460661915,0.8610720007796865,3.233177282561385,0.01088470567760841,-0.03196954491734446
2499,-576460661906,0.8680203711473722,3.238110767975228,0.012740085294260243,-0.029780647564837642
2500,-576460661899,0.8682513031880338,3.23757226631782,0.012893396852660242,-0.029993096181217642
2501,-576460661880,0.8684842330302089,3.237030844565265,0.012981946646020242,-0.030151510856657644
2502,-576460661862,0.8687071132628246,3.2365135733659187,0.013066114198440242,-0.030302085747837645
2503,-576460661845,0.8689432711002683,3.235966314420346,0.013154708256860242,-0.030460579613017645
2504,-576460661827,0.8657313527464585,3.237044458781069,0.01224015545946415,-0.029760360639368762
2505,-576460661809,0.8659413682851538,3.2365378727205085,0.01247627842252415,-0.029859041568508764
2506,-576460661790,0.866170457719761,3.2359941356626454,0.012728852461744149,-0.029964597760688765
2507,-576460661775,0.8663998164006013,3.235458492843631,0.012976799635794149,-0.030068220285138763
2508,-576460661756,0.8710132652851721,3.2380206894903516,0.014400107660350913,-0.02879135949002457
2509,-576460661739,0.8712706396166995,3.237504641257582,0.014413139641900913,-0.028980622907874568
2510,-576460661721,0.8715330362937588,3.2369755268477314,0.014426413807490913,-0.02917340356360457
2511,-576460661703,0.8717903896438696,3.2364536517221416,0.014439420987060914,-0.02936230678239457
2512,-576460661684,0.8720498103892593,3.235924655174151,0.014452520809320914,-0.02955255545061457
2513,-576460661672,0.8763475031950675,3.233906489091628,0.01570042874459966,-0.0306163233938343
2514,-576460661666,0.876633943191511,3.233348620276547,0.01584408933738966,-0.0308195903863343
2515,-576460661648,0.8769206420942083,3.2327916201687206,0.01598658710284966,-0.0310212120813343
2516,-576460661630,0.877207295143704,3.2322360459998842,0.01612780338512966,-0.0312210205913343
2517,-576460661612,0.8774974394045771,3.2316706636114843,0.01613016102346966,-0.0316376584236343
2518,-576460661599,0.8830766612160584,3.2355932485372145,0.017627319756903407,-0.029891463900311607
2519,-576460661593,0.883411850765121,3.2350207055732483,0.017629811731743408,-0.030331841450111606
2520,-576460661575,0.8837304781246504,3.2344687664248624,0.017632180248063407,-0.030750401620511604
2521,-576460661558,0.8840458506296796,3.2339150912479786,0.01763452425616341,-0.031164630740011603
2522,-576460661541,0.8843454351594224,3.233384251465505,0.01758585309428341,-0.031243055889891604
2523,-576460661522,0.8819160360680499,3.2341298726450383,0.016737899932261824,-0.030638748054795634
2524,-576460661503,0.8822167713544042,3.233577781970254,0.016686416417211823,-0.030721704824845635
2525,-576460661485,0.8825164637503049,3.2330244141209104,0.016634952929091822,-0.030804629324965634
2526,-576460661468,0.8828172954097978,3.232464607887937,0.016766663624831823,-0.031351172926025635
2527,-576460661450,0.8879770084479932,3.2353033968592193,0.018204817032498252,-0.030380733633178954
