1,-576460742031,0.9003091012898606,3.1511977674982097,0.0,0.0
2,-576460742017,0.9003094756044011,3.1511973101581012,9.517277916e-5,-1.1628276336000008e-4
3,-576460742007,0.9003122610437696,3.1511939068889125,2.7651648804e-4,-3.378497678400003e-4
4,-576460741993,0.9003173891944256,3.151185909452989,3.7306874928000013e-4,-6.751891736700003e-4
5,-576460741977,0.9003246207285412,3.151171331464257,4.770998512000003e-4,-0.0010386585493100003
6,-576460741957,0.8999174719945462,3.152062653837813,-4.231317336059623e-4,8.072486390362647e-4
7,-576460741939,0.8999108572400667,3.1520737083006334,-3.1327288420596216e-4,4.2341797048626474e-4
8,-576460741921,0.8999071644088238,3.152078169761629,-9.369551372596214e-5,6.825725496626442e-5
9,-576460741903,0.8999074397081587,3.152076224035322,1.2426055591403785e-4,-2.8428104839373585e-4
10,-576460741887,0.9005124847675978,3.154350963159047,0.002215906497439055,0.006665911243893179
11,-576460741869,0.9005543579360287,3.154467751570548,0.002433826269299055,0.006302653688743179
12,-576460741851,0.900600126888996,3.1545779320156453,0.002651612949299055,0.005939617988743179
13,-576460741833,0.9006498102634284,3.1546815666649377,0.002869375430779055,0.005576622626043179
14,-576460741813,0.8997769282113178,3.156774344295745,2.841991692673785e-4,0.01131215846353207
15,-576460741797,0.8997835266487562,3.156979533473671,4.303040725673783e-4,0.010906485599932072
16,-576460741779,0.8997926505030014,3.157174068134198,5.740279484773781e-4,0.010507423864212072
17,-576460741762,0.899804136377703,3.1573578332020715,7.149990086673779e-4,0.010116005558732074
18,-576460741743,0.8998182895578268,3.157536382594836,8.574018494473777e-4,0.009720611790972075
19,-576460741730,0.9010740576183717,3.1620869742362108,0.00420981187833058,0.021994214918191507
20,-576460741724,0.9011559945005444,3.1625049056024177,0.00434979973543058,0.02166536891119151
21,-576460741707,0.9012312213914665,3.162871803502073,0.00447446899443058,0.021372507881191508
22,-576460741688,0.9013165644034767,3.1632702554557377,0.00461182453873058,0.021049845450191507
23,-576460741670,0.9014034857251574,3.1636582723776594,0.00474763725525058,0.020730807281791507
24,-576460741659,0.8990847534688416,3.168451691659098,-6.603119591042841e-4,0.03200131319030777
25,-576460741652,0.8990743464141804,3.169006735140641,-5.327471560242842e-4,0.03162857120068777
26,-576460741636,0.8990663646809987,3.1695399265778854,-4.0877253512428425e-4,0.03126631965683777
27,-576460741616,0.8990601857744509,3.1700998767561197,-2.7701065552428433e-4,0.030881313887437773
28,-576460741600,0.8990565250912159,3.170623389211131,-1.523194605842844e-4,0.030516968527527773
29,-576460741582,0.9020888319736896,3.1811683049340056,0.005859538533605583,0.05025693962116672
30,-576460741566,0.9021878382480985,3.1820153374313387,0.005851636579805584,0.049936163919526724
31,-576460741548,0.9022931036822825,3.182911214134734,0.0058432233451055846,0.049594633035866725
32,-576460741531,0.902393112089025,3.1837519343810308,0.005906574780065585,0.049179994972906725
33,-576460741513,0.8987779332116286,3.1916123329103616,-6.359276091431531e-4,0.06137911442489537
34,-576460741496,0.8987670979354264,3.1927122969388435,-5.689960719431525e-4,0.060941044427695365
35,-576460741479,0.8987579617503904,3.1937448960863586,-5.057227889031519e-4,0.060526917872655364
36,-576460741461,0.8987503361402661,3.1947700935769987,-3.916189531831514e-4,0.06011293746273536
37,-576460741445,0.8987446512265933,3.195787956561502,-2.7754868531315087e-4,0.059699078840415365
38,-576460741432,0.9019539632113135,3.204811164144572,0.004832896232051115,0.07427775115899596
39,-576460741426,0.9020422212808386,3.206146875946779,0.004953982180571115,0.07383843892827596
40,-576460741408,0.902133521038918,3.207487068418167,0.005076202722421116,0.07339501027667596
41,-576460741391,0.9022257412292033,3.2088023233702354,0.0051967381582011165,0.07311885315969596
42,-576460741373,0.9023195247036493,3.21010438887457,0.005316514960571117,0.07284443413752596
43,-576460741354,0.8983704250559275,3.2181406585579224,-2.770629731656321e-4,0.08218548082736854
44,-576460741335,0.8983665275521611,3.219616440617565,-1.5630598957563154e-4,0.08190881612517854
45,-576460741318,0.8983656743704883,3.2210857244882516,6.152908746436846e-5,0.08130867673049855
46,-576460741300,0.8983687882259854,3.2225571970917666,2.8131214536436847e-4,0.08070317061494854
47,-576460741282,0.9023778450889022,3.233174960903582,0.005634988835271048,0.0920774616094212
48,-576460741264,0.9024803922938279,3.234813782058809,0.005851033221831049,0.0914822555979012
49,-576460741247,0.9025858613841756,3.2364580326810817,0.005874920455151048,0.09132397290536119
50,-576460741229,0.9026917896760185,3.2380998917843393,0.0058988143278710485,0.09116564621852119
51,-576460741211,0.9024829306582404,3.240188239668116,0.005548415702320642,0.0915405728135896
52,-576460741191,0.9025828445162364,3.241831711711219,0.005572276378040642,0.0913824660982496
53,-576460741174,0.9026838347076854,3.243470632028152,0.005660713049580642,0.09091221350049959
54,-576460741156,0.902786535812154,3.2451029960085362,0.005749253006260642,0.09044141169499958
55,-576460741139,0.9058926745321313,3.2522008354510668,0.009118207849626216,0.09611799970587857
56,-576460741120,0.9060621098234993,3.2539745362764605,0.009198130874556216,0.09562307649471857
57,-576460741103,0.9062284780429485,3.255692464520939,0.009275937133786216,0.09514126135195858
58,-576460741084,0.9063948539711204,3.2573876102384443,0.009353099723446216,0.09466343213203858
59,-576460741066,0.906409485695932,3.2592683065718515,0.009273154931431004,0.09436980227935833
60,-576460741048,0.90657793447539,3.2609640657176984,0.009437139354691005,0.09398509562653833
61,-576460741031,0.906749326357254,3.262652804235155,0.009601114670741005,0.09360041033918833
62,-576460741012,0.9069246471692182,3.2643439379596906,0.009766000707791005,0.09321358850483832
63,-576460740993,0.9071021190805268,3.2660202707511377,0.009930121739201004,0.09282856136996832
64,-576460740981,0.9099439925578823,3.2702254867519387,0.012628565419269426,0.09691761810968706
65,-576460740977,0.9101732011793476,3.271965858148318,0.012824918363669426,0.09634961080528706
66,-576460740959,0.9104036285037652,3.27367895010809,0.013019330673749425,0.09578721734320707
67,-576460740939,0.9106399144545637,3.2753992486441534,0.013215716325469425,0.09521911542348707
68,-576460740922,0.9108790807201981,3.2771046760228133,0.013411567757629424,0.09465255888732707
69,-576460740903,0.910018815109574,3.280002861940006,0.012554386976929283,0.09506959722296975
70,-576460740886,0.9102457802718638,3.281708540015292,0.012675177528369283,0.09453445738864974
71,-576460740867,0.9104760191758365,3.2834126736859983,0.012796545446829283,0.09399675963826974
72,-576460740849,0.9107062929719693,3.285082516023338,0.013065291495309283,0.09354168795154974
73,-576460740831,0.9102585575008001,3.285929206429023,0.012770043423883376,0.09237311915565782
74,-576460740814,0.9104906022439282,3.2875859445028133,0.013041385177683376,0.09191365212245782
75,-576460740796,0.9107280316063089,3.28923789659993,0.013313300401263375,0.09145321402433781
76,-576460740777,0.9109681735262084,3.290880551601313,0.013358762674163376,0.09099305702395781
77,-576460740759,0.9138929356573268,3.2903360023331936,0.015514606499555165,0.08875762254999627
78,-576460740741,0.9141715183783273,3.2919233188382955,0.015559874370555166,0.08829943323379627
79,-576460740724,0.9144518490653339,3.293507690437595,0.015605293723555166,0.08783971065719627
80,-576460740706,0.9147344271229999,3.295084112869834,0.015780062822895166,0.08725024683037627
81,-576460740686,0.91341544255278,3.2950082713984297,0.014763327089905574,0.08539938746429523
82,-576460740669,0.9136862803957873,3.2965601715451127,0.014940318776225574,0.08480242726293523
83,-576460740651,0.9139532266825107,3.2980615211195663,0.015112739115525575,0.08422088536903523
84,-576460740633,0.9142254044124707,3.299571973351469,0.015125871034465575,0.08358849491123523
85,-576460740615,0.9144974400683896,3.3010689673767613,0.015138984716655576,0.08295698267593522
86,-576460740603,0.9154481541473246,3.3004091922737078,0.01581426548480366,0.08246906375845349
87,-576460740598,0.9157332139934362,3.301889417595253,0.01582740907526366,0.08183611123825349
88,-576460740579,0.9160022427978696,3.3032748242085512,0.01583980350003366,0.08123923609835348
89,-576460740562,0.9163046027241925,3.304811575244891,0.01601270388188366,0.08065183962880348
90,-576460740544,0.9165781185145075,3.306178105558371,0.01616751734467366,0.08012589005883348
91,-576460740526,0.9111292904736723,3.302513190619562,0.012505269445560959,0.07602078642279751
92,-576460740509,0.9113561261159675,3.303877467692182,0.012701491560680959,0.07558239977783751
93,-576460740491,0.911573626875079,3.3051588488267654,0.012886833040680959,0.07516832193783751
94,-576460740473,0.9118079448145933,3.3065112955236406,0.013083567570480958,0.07472879048943751
95,-576460740455,0.9169352216258557,3.3049154416357718,0.016416911648688765,0.0723087633917656
96,-576460740438,0.9172167688426751,3.3061401919363913,0.016714085858888766,0.07181341837096561
97,-576460740421,0.9175211361166214,3.3074309635386316,0.017029514356888764,0.07128764617896562
98,-576460740404,0.9178123500976259,3.3086353148352083,0.017325936714238765,0.07079355438456561
99,-576460740386,0.9138956800337535,3.306522110540574,0.015044843954790211,0.0681534699991403
100,-576460740368,0.9141795705854366,3.3078039657674685,0.01505860248846021,0.0677730690914903
101,-576460740351,0.9144360037984085,3.3089546770316627,0.01507101952680021,0.0674297583311903
102,-576460740331,0.9147074154081813,3.310165212427037,0.01508415071627021,0.0670667024625403
103,-576460740315,0.9149789275169882,3.3113686121200834,0.01509727534051021,0.0667038281117403
104,-576460740302,0.9284520609080934,3.304194633546332,0.023066420096808097,0.062177416285621824
105,-576460740297,0.9288696976289211,3.305306636598591,0.023327350268408098,0.06135102764450182
106,-576460740277,0.9292920321365583,3.306403761349755,0.0235882804400081,0.06052463900338182
107,-576460740260,0.9297194698696797,3.3074870226634485,0.0238494569909081,0.05969747005750182
108,-576460740243,0.9301507945122612,3.3085533759488,0.0241101407832081,0.05887186172114182
109,-576460740224,0.9323295070523312,3.310848793929119,0.025142547111224385,0.05932165263549997
110,-576460740206,0.9327818984786882,3.3119124010279255,0.025198678767254384,0.05903444804955997
111,-576460740188,0.9332363089542144,3.3129731960756637,0.025254935347684384,0.05874660427241997
112,-576460740170,0.9336993670326504,3.3140425891826433,0.025399561008054385,0.05823563135407997
113,-576460740152,0.9455106332759756,3.30950659326619,0.03171218605080926,0.05446075458238592
114,-576460740134,0.9461157078281023,3.3105381905167506,0.03186276032445926,0.05392876478308592
115,-576460740117,0.946624477222514,3.311394050532388,0.03198882029949926,0.05348338577380592
116,-576460740100,0.9472020049199855,3.3123542199661338,0.03209903382817926,0.053065960477705926
117,-576460740080,0.9478133125016254,3.313358818966774,0.03221528301977926,0.052625675570705924
118,-576460740069,0.9401646135353892,3.3084030565730322,0.028234097978683117,0.04984579071922236
119,-576460740062,0.9406735345135226,3.309296034482439,0.028344109707083117,0.04942912972622236
120,-576460740045,0.9411556706110954,3.3101319532181734,0.028447939008723118,0.049035884200922364
121,-576460740028,0.9416708386219769,3.3110089084361314,0.028805674114363116,0.04842524248924236
122,-576460740010,0.9421946025805293,3.311878412733398,0.029164880235663115,0.04781208980364236
123,-576460739991,0.9495325693905617,3.309639863308868,0.03294903581819493,0.04548198441658929
124,-576460739974,0.9501285392993588,3.31045259331764,0.03330665165229493,0.044871546297389285
125,-576460739955,0.9507278615898592,3.3112563025824207,0.03325513094437493,0.044389811408109284
126,-576460739938,0.9513261232809875,3.312051161132795,0.033203621680414935,0.043908183523469285
127,-576460739919,0.9494150200538477,3.3113119991696633,0.03194046318009793,0.04261961700481781
128,-576460739900,0.9500222014833212,3.312118038194302,0.03188602998435793,0.04211064943465781
129,-576460739882,0.9505976300918437,3.312872186462173,0.03215722082505793,0.04182349278805781
130,-576460739867,0.951114271705087,3.3135395663415523,0.03239877233291793,0.041567720429377814
131,-576460739848,0.9590279973695197,3.31115934814191,0.03613434153540153,0.03960894555135918
132,-576460739829,0.9597155351815622,3.311907746917832,0.036352512659901526,0.03929445728705918
133,-576460739813,0.9603351166735743,3.312573279117968,0.036548004108201526,0.03901266121343918
134,-576460739795,0.9609639002357245,3.313240218074666,0.036745335692501525,0.03872821262941918
135,-576460739777,0.9584148020572872,3.3120849781796857,0.03549276053780646,0.03749870440225589
136,-576460739760,0.9590571120757828,3.312757245764011,0.03573256863668646,0.03704859924877589
137,-576460739742,0.9597015889544787,3.313419199297221,0.03597157897076646,0.03659999145109589
138,-576460739724,0.9603515572396266,3.3140742816387325,0.03621102807548646,0.03615056010772589
139,-576460739705,0.9629708669297957,3.3139198395439524,0.03732731439669841,0.03528793153410963
140,-576460739688,0.9636450688505569,3.3145515262020626,0.03758817210379841,0.03490337443957963
141,-576460739669,0.9643280915795326,3.3151800536411975,0.03785060953699841,0.03451648850881963
142,-576460739652,0.9650078249952572,3.3157943735281483,0.03810998896829841,0.03413411069222963
143,-576460739633,0.9657063598082871,3.3164143029341746,0.03837471627969841,0.03374384901720963
144,-576460739614,0.9623311269570465,3.3147648723015037,0.03675343984702162,0.03239235390964874
145,-576460739597,0.962993863847853,3.315345700463476,0.03686354330282162,0.03212618671484874
146,-576460739580,0.9636583613096107,3.315921545124722,0.03697361006766162,0.031860108217808734
147,-576460739560,0.9643247286120658,3.3164925058569446,0.03708365848702162,0.03159407406964873
148,-576460739542,0.9709087961156865,3.314781081806797,0.03972556307319525,0.030100674262883605
149,-576460739526,0.9715848484750157,3.315289777800835,0.039880249035045244,0.029798765718033606
150,-576460739508,0.9723039681048863,3.3158231286378395,0.040044133278995246,0.029478904413083606
151,-576460739490,0.9730257224951789,3.3163509266622566,0.04018645701587525,0.029191396211323606
152,-576460739473,0.9693340388810592,3.3144986805264858,0.03855745536846894,0.027844909746958052
153,-576460739456,0.970039145874164,3.315004271656394,0.03870184371713894,0.02755323082261805
154,-576460739437,0.9707661570919429,3.315518058534997,0.03885015561924894,0.027253625927398054
155,-576460739419,0.9714659269305393,3.3160067835645233,0.038906368476138944,0.027052172119898056
156,-576460739401,0.972645370824303,3.316283506682772,0.039161747457415644,0.026763298322174042
157,-576460739384,0.9733348267699075,3.3167526212743956,0.039216692331645646,0.02656638866967404
158,-576460739368,0.9740020010987271,3.3172026589416403,0.039269788324755646,0.02637610497717404
159,-576460739350,0.9746732702063815,3.317648780175807,0.039526914064535644,0.02599168868015404
160,-576460739332,0.9753854881277363,3.3181118752808105,0.03979790871820564,0.02558653763862404
161,-576460739314,0.9632217693153663,3.3118214972977547,0.035128868948753965,0.022093500825965503
162,-576460739295,0.9638608527235019,3.3122181709140452,0.035402353668573965,0.021684627006585504
163,-576460739279,0.9644602596877087,3.3125815253694824,0.035646892370273964,0.021384709262855506
164,-576460739260,0.9651063342748957,3.312964792310723,0.035908605158473966,0.021063728132275507
165,-576460739244,0.9657538796016931,3.3133403960554886,0.03616901358567397,0.020744346752595507
166,-576460739225,0.9664073789857578,3.313710976018525,0.03642992926437397,0.020424343247565507
167,-576460739206,0.9670668162864468,3.3140690060610765,0.03678800230604397,0.01932806252067551
168,-576460739189,0.9677317377655953,3.3144068147519974,0.03714555850437397,0.018233364167565512
169,-576460739170,0.9684045157407942,3.3147255843290004,0.03750387008912397,0.017136353114315512
170,-576460739158,0.9572289822426407,3.308696241758078,0.03340674785099641,0.01442970424700905
171,-576460739150,0.9578663525807474,3.308959049135332,0.033783884460476414,0.013275058271849051
172,-576460739133,0.9584667446209583,3.309191631730812,0.033011692133056415,0.012600515570269052
173,-576460739116,0.9590217687491951,3.3094004304510904,0.03228142335859641,0.011962594867729052
174,-576460739099,0.959596537410763,3.309609915529928,0.031507341034936416,0.011286401174389052
175,-576460739086,0.967027801948039,3.306922450205187,0.03421654949756422,0.010010657734863244
176,-576460739079,0.9676796338519512,3.3071114866709777,0.034400946571944216,0.009888964960083244
177,-576460739063,0.9682650919573865,3.307278458357782,0.034565728588304215,0.009780217134923243
178,-576460739045,0.9688541465362066,3.307443806166111,0.034730733833924214,0.009671321989703243
179,-576460739027,0.9695163409869534,3.3076265579348503,0.034915295903844214,0.009549520326183242
180,-576460739008,0.9669820717753396,3.3061218665604555,0.03384320176628498,0.00859865889872011
181,-576460738991,0.9675974562455205,3.3062761913522403,0.033878210160744986,0.008384370900380111
182,-576460738972,0.9682012004993598,3.306423663331368,0.03391252123822498,0.008174351211460111
183,-576460738954,0.9687778219829978,3.306560883645792,0.033945258536774985,0.007973964696010112
184,-576460738938,0.972191204337335,3.3056732230705514,0.035241509566512466,0.00741632556308981
185,-576460738921,0.9728283387459566,3.305805940778887,0.03556693771307247,0.00733336418304981
186,-576460738903,0.9734709706367495,3.305937093009969,0.03589218502603247,0.00725044890290981
187,-576460738885,0.9741196697306327,3.3060667969319413,0.03621754083915247,0.00716750596282981
188,-576460738867,0.9747373348075556,3.306186290298616,0.036423300854712466,0.00688557726368981
189,-576460738856,0.9700298357897618,3.303738653043282,0.03483650155380895,0.005817615762052203
190,-576460738849,0.9706597292588371,3.303840822435247,0.03505459071530895,0.005518793887302203
191,-576460738832,0.97129175489411,3.3039373393227867,0.03527206281454895,0.0052208175002422036
192,-576460738813,0.9719287895542905,3.304028652982854,0.03548990999084895,0.004922327189292204
193,-576460738798,0.9724997999923451,3.304104336544099,0.03554012335342895,0.004492222038812204
194,-576460738779,0.9751064108017724,3.3034703400457768,0.03625620723393986,0.0036821391653980295
195,-576460738762,0.9757596737255212,3.303532297665093,0.03631243570637986,0.0032005112807580297
196,-576460738744,0.9764153765204178,3.303584287137416,0.03658392837327986,0.0025793077656580295
197,-576460738725,0.9770768848586339,3.3036251501003173,0.03685579832292986,0.001957240988308029
198,-576460738707,0.970094307075895,3.299707634410575,0.034648449628734625,-3.7283032410893955e-4
199,-576460738688,0.9707545830298886,3.2996943405086276,0.03493485250991463,-0.00102814996332894
200,-576460738671,0.9713496133551972,3.2996723202961284,0.03510991797961463,-0.00156398805892894
201,-576460738654,0.9719845317724259,3.299638982522872,0.03529576146469463,-0.00213281536276894
202,-576460738636,0.9727880425187242,3.299535653192549,0.03553526653021819,-0.0027282372471082636
203,-576460738617,0.9734641077258054,3.2994782138265637,0.03573076489140819,-0.003326616069228264
204,-576460738599,0.9740825117497233,3.2994163269851096,0.03598072393770819,-0.003849917989368263
205,-576460738581,0.9747234164463051,3.299343215575939,0.03623795841980819,-0.0043884514027482625
206,-576460738564,0.9753784490356753,3.2992592538258076,0.03649899004170819,-0.004934934320568261
207,-576460738552,0.971970339207376,3.2975028195615965,0.035429604068837384,-0.005692631385514167
208,-576460738546,0.9726111694336124,3.2973953058331356,0.035690780619737385,-0.0062394177195341655
209,-576460738527,0.9732229588008432,3.2972844382635045,0.03591797073869738,-0.006737414917134165
210,-576460738508,0.9738684906043032,3.2971590750229525,0.03615614341973738,-0.0072594857195341644
211,-576460738493,0.974488850144289,3.297030645669984,0.036383559572057377,-0.007757978378734164
212,-576460738474,0.978266524589211,3.2957609048173273,0.037604383701329416,-0.008831606169384656
213,-576460738457,0.9789027796636677,3.2956096784628364,0.037969327482489414,-0.009130901787764656
214,-576460738440,0.979590429190916,3.295442272560822,0.038359846371249416,-0.009451171917944656
215,-576460738422,0.9802844563344244,3.295269262143548,0.038749996805069416,-0.009771139872954655
216,-576460738402,0.9772915471864689,3.2931597853788923,0.037505863275918594,-0.010857847487146244
217,-576460738385,0.9779630864830167,3.292962920304018,0.037400918268718594,-0.011101446977346245
218,-576460738367,0.9786352429326566,3.292760927341677,0.037295581107838593,-0.011345956738926246
219,-576460738349,0.9793058011511765,3.29255444121299,0.037190197122638595,-0.011590575189626246
220,-576460738331,0.9818328394792704,3.2916610871541283,0.03792154315926922,-0.012647205094138267
221,-576460738312,0.9825215491196316,3.2914251436073014,0.038086584018889216,-0.013392254880138267
222,-576460738294,0.9832091950093781,3.2911771965915744,0.03825065951424922,-0.014132946688138269
223,-576460738276,0.9838934585759443,3.2909183588629354,0.03841323231995922,-0.01486685485113827
224,-576460738259,0.984585426037105,3.2906423285335316,0.03854472365629922,-0.01583217527776827
225,-576460738247,0.9814959623345205,3.28905161680423,0.03763177759325094,-0.0165184832071709
226,-576460738241,0.982175765067917,3.2887450109848184,0.03776363452859094,-0.0174864876143009
227,-576460738221,0.9828616593707042,3.2884191403439456,0.03789620803797094,-0.018459752623210902
228,-576460738204,0.9835393476183242,3.2880810431578777,0.03802674150493094,-0.019418041020930903
229,-576460738187,0.9816318133651505,3.2886834127986755,0.037363190278846665,-0.01971553622646758
230,-576460738169,0.982309800807704,3.28831934010819,0.037473990862886664,-0.02047130526425758
231,-576460738151,0.9829857743083611,3.287943844696682,0.03758413712480666,-0.021222611181177582
232,-576460738133,0.9836622239970446,3.2875590781232717,0.037694038780326664,-0.021595836783497583
233,-576460738113,0.9843813135314103,3.2871454045940878,0.03807137417570666,-0.021990037116417584
234,-576460738095,0.9795853040105946,3.2838904023849276,0.036852678919391556,-0.023600429496804316
235,-576460738078,0.9802517609313325,3.2834623023128815,0.037210433903621554,-0.023974174275624316
236,-576460738060,0.980885720301443,3.2830506960426162,0.03729413421374155,-0.024398874292364314
237,-576460738043,0.9815568769232991,3.2826080946389204,0.03738254137524155,-0.024847457134114313
238,-576460738023,0.9797514588886662,3.283082040554472,0.03674650625578409,-0.02486256261327199
239,-576460738007,0.980410745985179,3.2826324964284623,0.036834642908584084,-0.02530977287887199
240,-576460737990,0.9810314713236592,3.2822035355233523,0.03697775241578408,-0.02569931269217199
241,-576460737972,0.9816983007691681,3.281737300326129,0.037130876780584084,-0.026116112649371987
242,-576460737941,0.9823679231247513,3.2812635378639516,0.03728400965418408,-0.026532935767271986
243,-576460737935,0.983050110236042,3.2807752122043725,0.03743937183338408,-0.026955826988571987
244,-576460737922,0.9861394863063808,3.282406690974013,0.03830607384534577,-0.02624633688324724
245,-576460737918,0.9868240574714287,3.2819317066648526,0.03854295680662577,-0.02707475754428724
246,-576460737901,0.9874800847255775,3.281465524798165,0.03876860458030577,-0.027863886812277243
247,-576460737883,0.9812531161144354,3.283593754426167,0.0370237047983838,-0.027443630439995613
248,-576460737866,0.981883732636943,3.2831210300876443,0.0372494855328638,-0.028233224694885616
249,-576460737847,0.9825706715542276,3.2825966920666008,0.0376579805032938,-0.028943376476645615
250,-576460737829,0.9832782750114499,3.282049066713287,0.038074181665303804,-0.029666925156965614
251,-576460737810,0.9839685265483401,3.281507757130058,0.038475839061123805,-0.030365190095205614
252,-576460737799,0.9831966803433412,3.2810986354044935,0.03826289613093892,-0.030543868496343433
253,-576460737793,0.9838876673557304,3.2805436666401175,0.03866301674288892,-0.031239461798743432
254,-576460737776,0.9845459181214504,3.2800094275135385,0.03887859778414892,-0.031693642993223435
255,-576460737757,0.9852475161543253,3.2794348334772323,0.039107066960458924,-0.032174976615103434
256,-576460737740,0.9859536577247552,3.2788512195840367,0.03933567581113893,-0.03265660449974343
257,-576460737722,0.984183207312836,3.279235683434284,0.03895595287729125,-0.033053335149309034
258,-576460737705,0.9848869511553179,3.2786329485061905,0.03928127252369125,-0.03395443895780904
259,-576460737688,0.9855572270677532,3.2780485895793707,0.03958863539361125,-0.034805804240359034
260,-576460737670,0.986273749868206,3.277413077959868,0.03991458795761125,-0.035708661169109035
261,-576460737651,0.9896474892609218,3.2781868814568234,0.04074322824151366,-0.035941483066791714
262,-576460737634,0.9903813677860159,3.277532649685594,0.04085322773959366,-0.03679942990067171
263,-576460737615,0.9911179623211624,3.2768623073262093,0.04096333731055366,-0.037658235253731714
264,-576460737597,0.9918562930486724,3.2761767324190223,0.04107341019055366,-0.03851675443373172
265,-576460737580,0.9939543782377323,3.2749462067194344,0.04157124385826997,-0.03876290101611774
266,-576460737561,0.9947040400703023,3.274248328921994,0.04169213511325997,-0.03874893298621774
267,-576460737544,0.9954550843454119,3.2735514386113427,0.04181289881041997,-0.03873497969461774
268,-576460737526,0.9962089718573655,3.2728541797561777,0.04193376992469997,-0.038721013991817745
269,-576460737507,0.9969795725672951,3.272141728989625,0.04227568367923997,-0.03913394902339774
270,-576460737495,0.9977590160621846,3.272561594018099,0.04248362652479186,-0.03894837181695279
271,-576460737490,0.9985187836084286,3.2718641877798365,0.04281642357557186,-0.03935029645101279
272,-576460737471,0.999287543243087,3.2711567991915773,0.04315054703202186,-0.03975382300766279
273,-576460737454,1.0000666272362215,3.2704381776830846,0.04348653866547186,-0.040159605793312785
274,-576460737435,1.0008508016655682,3.2697123616379917,0.04368269536595186,-0.040522480144112784
275,-576460737424,0.9964923604172603,3.271476909086623,0.042485887706030345,-0.0396615033158406
276,-576460737418,0.99726561650413,3.2707534105767286,0.04268385421155035,-0.0400277256625406
277,-576460737399,0.9980723585440985,3.2699951027206446,0.04288941971775034,-0.0404080055582906
278,-576460737380,0.9988482483359585,3.2692615535612686,0.04321531803167034,-0.0409979604140106
279,-576460737362,0.999628226292561,3.268519077312494,0.04354047492783034,-0.041586573124070596
280,-576460737344,1.0002869218415509,3.2676951137921137,0.043832326122912664,-0.04220699596407953
281,-576460737326,1.0010793189532698,3.266929613992123,0.04415802551987266,-0.042796590731939525
282,-576460737307,1.0018912193912182,3.266164531495622,0.04609826239613266,-0.04225510139204953
283,-576460737290,1.0027393237095972,3.26540806467728,0.048041411083612665,-0.04171279941182953
284,-576460737272,0.9962970146972405,3.267704780207764,0.04799048162544345,-0.03967628296402045
285,-576460737255,0.9971791131546484,3.26699485680788,0.04993341462320345,-0.03913404117938045
286,-576460737236,0.9980813402741401,3.2662910227980686,0.05041997167251345,-0.03915237334831045
287,-576460737219,0.9989946579048855,3.2655850573039955,0.05090777345928345,-0.039170752415620444
288,-576460737201,0.9999165635563565,3.264878917246994,0.051395467008013444,-0.039189127404810446
289,-576460737188,0.9961807710146747,3.2628041746420173,0.050423464592457154,-0.04011713127580096
290,-576460737182,0.9971415617283511,3.262043450854811,0.05093645878303715,-0.04013645952554096
291,-576460737165,0.9980083522918543,3.261356406344132,0.051243261068797154,-0.04085428793166096
292,-576460737147,0.9988824100799385,3.260655520238213,0.051550786688957156,-0.04157380873058096
293,-576460737130,0.9998194271508721,3.2598952992797745,0.051878439088797156,-0.04234042035916096
294,-576460737117,0.9935996803701539,3.2625079676018442,0.05020085372820635,-0.04104798080705316
295,-576460737111,0.9945501267200694,3.2617246948724112,0.050237310692746354,-0.04172415587611316
296,-576460737093,0.9954522470466196,3.260969948194656,0.05027188952453635,-0.04236549681792316
297,-576460737076,0.9963576040367381,3.260201452401787,0.05030656852340635,-0.04300869557985316
298,-576460737057,0.997213094050541,3.2594651419806344,0.05033931545340635,-0.04361605984985316
299,-576460737039,0.9999810294707734,3.25973035633511,0.050670749638314805,-0.04380559471381776
300,-576460737022,1.0008983853538735,3.258930048004368,0.0505212290832348,-0.04447506611484776
301,-576460737000,1.0018072878514304,3.258122747724997,0.0503726486496748,-0.04514032816505775
302,-576460736986,1.0027044729094408,3.2573117058273358,0.0502255526185148,-0.04579894387186775
303,-576460736967,0.9940335682145593,3.260616549650893,0.048037987312390854,-0.04402098462297206
304,-576460736950,0.9948525334539466,3.2598666345396254,0.04839595315124085,-0.04428223719242206
305,-576460736933,0.9957273674793315,3.259066795133334,0.04877543698370085,-0.04455919414064206
306,-576460736915,0.9966157197547401,3.2582558709814378,0.049157787071920846,-0.04483824295518206
307,-576460736897,0.9975022087940362,3.25744513748053,0.04909536219892085,-0.04501861500078206
308,-576460736884,0.9930413843777901,3.2548812500875854,0.04795393985572049,-0.046177066160116374
309,-576460736879,0.9939027975795456,3.25404960251813,0.04789175714072049,-0.04635673850811638
310,-576460736861,0.9947578317728828,3.253219844282939,0.04782995495972049,-0.04653531133131637
311,-576460736842,0.9956169685783587,3.2523818039715096,0.04776777570412049,-0.04671497368363637
312,-576460736825,0.996479867676494,3.2515433091185235,0.04818986656837049,-0.04652882425753637
313,-576460736812,0.989504472537437,3.254574656029327,0.04632848644522118,-0.045014395481758625
314,-576460736807,0.9903428417948618,3.2537654460605183,0.04675125791192118,-0.04482794589811863
315,-576460736788,0.9911949596796203,3.2529537914874482,0.04717708035512118,-0.04464015078067863
316,-576460736769,0.992033098560883,3.2521532235495134,0.04655874487136118,-0.04489381308832863
317,-576460736752,0.9928646358057339,3.251343739996686,0.045937055445761175,-0.045148851297328624
318,-576460736740,0.9964183347025409,3.253419881894662,0.046841636998884835,-0.04420655690005645
319,-576460736735,0.9972558365206076,3.2526219104352325,0.046219290615604834,-0.04446186461550645
320,-576460736717,0.99808209112916,3.251819388409398,0.045596978809044834,-0.04471715814640645
321,-576460736699,0.9989071468881403,3.2510383894295622,0.04612684097754483,-0.04210874289150645
322,-576460736679,0.9997888264738526,3.2502645338166363,0.04668642137439483,-0.03935403019401645
323,-576460736661,0.9838458488586693,3.257084118324544,0.04275018817796392,-0.032983836413038495
324,-576460736645,0.9846201236561727,3.2565138980557293,0.04328034487796392,-0.030373971233038494
325,-576460736625,0.985330140324258,3.2560318083801927,0.04025102783796392,-0.02634246118303849
326,-576460736609,0.9860260134737879,3.2555959295596457,0.03704244650724392,-0.02207238059713849
327,-576460736590,0.9892602063566263,3.2567923160589993,0.03449089453410069,-0.017091969483391
328,-576460736573,0.9898520184296609,3.2565231426471217,0.031284273349700686,-0.012824497521640998
329,-576460736555,0.990422654790069,3.256321780432405,0.03214795879882069,-0.009559030125801
330,-576460736538,0.9909759088641364,3.2561855418678114,0.032963736395660685,-0.006474695258921
331,-576460736519,0.9843331905886148,3.259358635797204,0.03190387127962721,-0.0015688405339922531
332,-576460736502,0.9849150402901876,3.259359788756626,0.03276765273646721,0.0016969898528877462
333,-576460736465,0.9854650541030456,3.259372747298125,0.03182207339329721,-1.7523053176225398e-4
334,-576460736463,0.9859974198600063,3.259353922289386,0.030879270103627208,-0.0020419544089122542
335,-576460736449,0.9865446407424211,3.259299306147374,0.029879169069717208,-0.004022126200862255
336,-576460736432,0.983581946215823,3.2571206402502,0.027061871436983707,-0.0029219149751179246
337,-576460736414,0.9840538421148746,3.2570866130373726,0.025115914835863708,-8.404924582379237e-4
338,-576460736396,0.9844862048877048,3.257090004553086,0.023190076207123708,0.0012194115927720772
339,-576460736376,0.9848863041221426,3.2571306120823533,0.021253048973423706,0.0032912831328220783
340,-576460736359,0.9752643058053374,3.2617503522711697,0.019245112555043156,0.002953153290781088
341,-576460736340,0.9756209531338227,3.2617807512800767,0.019880259447083156,3.8171686521108793e-4
342,-576460736325,0.9759431492209552,3.2617688365291038,0.020437088626803157,-0.0018726448477989124
343,-576460736306,0.9763171873238985,3.2617121689001434,0.02106505871780316,-0.004415025494548913
344,-576460736289,0.976694468868808,3.2616048596652716,0.020841144204503156,-0.007504249732828913
345,-576460736270,0.9761340616061039,3.260857333787969,0.020381644378412302,-0.010862235017666007
346,-576460736253,0.9764984933291793,3.2606343127252875,0.020158065624962303,-0.013946826963686007
347,-576460736233,0.9768791523501722,3.260338441312184,0.019921852352712304,-0.017205730351786006
348,-576460736216,0.9772164626927925,3.2600746923369095,0.019822502851752303,-0.013871090111806005
349,-576460736198,0.9729499451999859,3.261995509080958,0.018489283277416533,-0.009250116881739047
350,-576460736179,0.9732822085515113,3.2618607071532826,0.01838379979053653,-0.005709590994799046
351,-576460736163,0.9736117300708936,3.2617898125679865,0.018278585543496532,-0.002178102073279044
352,-576460736144,0.9739475518117966,3.2617825295078275,0.019034941223496533,0.001368873166720956
353,-576460736126,0.9775729325319332,3.2639109378809454,0.020617458326337948,0.005866896533586742
354,-576460736109,0.9779508753567623,3.2640484742096803,0.021373856026097947,0.009414068827766742
355,-576460736091,0.9783265682074945,3.2642253035588813,0.020330406696027946,0.010215097981476743
356,-576460736071,0.9786833647961362,3.264416509970265,0.019287246939507945,0.011015904837036744
357,-576460736054,0.9790205509486815,3.2646216088077202,0.018246693344937944,0.011814711009246744
358,-576460736041,0.9795073824880659,3.2643933519987356,0.018376144346008445,0.011699527213123371
359,-576460736036,0.9798460583496913,3.264623655434762,0.017275822770718444,0.012544215723493372
360,-576460736019,0.9801465989885485,3.264821337005283,0.01812146111800844,0.010738461447603372
361,-576460736001,0.9804812711458883,3.2649975963914604,0.019018940317988443,0.008822007554423372
362,-576460735983,0.9808311617426019,3.265138985856496,0.01991402916164844,0.006910657966363372
363,-576460735972,0.9840532582151365,3.267181532407436,0.020727336126976387,0.007848904442439159
364,-576460735966,0.984413336686238,3.2672997426542394,0.021575115835136386,0.0060385775598791585
365,-576460735948,0.9848123965610235,3.267414852703372,0.022804318638336388,0.006762806907719159
366,-576460735930,0.9852104258629499,3.2675357885018737,0.023967632234336386,0.00744821524291916
367,-576460735913,0.9856522103955594,3.2676761514086627,0.025196014839936387,0.00817196134163916
368,-576460735895,0.9758287447683613,3.2727507865544228,0.023623149921185718,0.011344552107102567
369,-576460735878,0.9762457238934513,3.272982818826362,0.022676997212945717,0.014419635316782569
370,-576460735860,0.9766456826467788,3.273270256991878,0.021730791975685716,0.01749488925060257
371,-576460735842,0.9770284519117733,3.2736129457196843,0.020784954441565716,0.020568948115442572
372,-576460735823,0.9778985950029412,3.2743469960710376,0.019910638434069216,0.02395305344246884
373,-576460735804,0.9782752925796065,3.274806240782942,0.021907476204629215,0.027028819548708845
374,-576460735785,0.9787112045133265,3.2753501802622735,0.024011825777889215,0.030270188070748848
375,-576460735770,0.9791349812681562,3.2758888791899023,0.025894169020419217,0.03316959614036885
376,-576460735750,0.9789850353409075,3.2767358213720117,0.024342477785797595,0.028538000962303828
377,-576460735733,0.97940975140881,3.2772055900668198,0.022958565526657596,0.02378059741258383
378,-576460735716,0.9797889545961349,3.277571618076145,0.021648326288997596,0.019276455795903827
379,-576460735698,0.9801663427367971,3.2778758225754023,0.020260406710697596,0.014505276492503827
380,-576460735679,0.983304110844947,3.279927248236602,0.019707150943891003,0.01410877554067115
381,-576460735662,0.983648108871011,3.280170595735539,0.018447022310771003,0.01288185211427115
382,-576460735644,0.9839683529181527,3.2803911199330553,0.017191086652251004,0.011659011174871151
383,-576460735625,0.9842665670443809,3.280590022023669,0.015932774974791005,0.01043385682617115
384,-576460735608,0.9805562681693354,3.2827455720698495,0.015497592757822573,0.012771355842435748
385,-576460735589,0.9808409334026206,3.2829875747567043,0.016135392383322573,0.014120819605355748
386,-576460735571,0.9811541544160174,3.283269637145289,0.016809231692072574,0.015546536543455747
387,-576460735553,0.9814617461195698,3.28356092864741,0.017445649264822574,0.016893076143315748
388,-576460735535,0.9817423198516019,3.28384232140058,0.015555260172022575,0.016204166054955747
389,-576460735523,0.980927556485148,3.283312550681479,0.01534824148042581,0.015960095657522454
390,-576460735518,0.9811861617610399,3.2835936650276993,0.01334423337722581,0.015229779658182452
391,-576460735500,0.9814082684988957,3.2838611361933547,0.01134389398962581,0.01450080064031245
392,-576460735481,0.9816468946475833,3.2841100722486805,0.01489461815370581,0.01287135344462245
393,-576460735463,0.981927093380568,3.284325170826052,0.016560111638025808,0.01127532115926245
394,-576460735451,0.9815613586856451,3.2845046922090213,0.016461699931141355,0.011366079925620923
395,-576460735446,0.9818727591008835,3.284694739744567,0.018144113842081356,0.009753832898250924
396,-576460735428,0.982217333588671,3.2848569593871098,0.019840176273941357,0.008128506576220924
397,-576460735409,0.9825743055366795,3.2849839606550906,0.019626042411341357,0.005912540187820924
398,-576460735392,0.982920783654081,3.285069607437417,0.019415945013481355,0.003738345194580923
399,-576460735380,0.979676725925794,3.2829520334352913,0.018588869620084495,0.0027616290047594045
400,-576460735374,0.9800096652223309,3.2829819060638745,0.018375635380124496,5.549723701194038e-4
401,-576460735356,0.9803206495202205,3.2829736138276124,0.018174202768744496,-0.0015295549948005967
402,-576460735338,0.9806445092726485,3.282946547519856,0.017613382449004494,-0.0014613624875505975
403,-576460735321,0.9809550634838632,3.28292097322921,0.017058294587364492,-0.0013938670140505982
404,-576460735302,0.9783211032300884,3.284355447582103,0.015707579126691597,-5.883019013220297e-4
405,-576460735284,0.9785986532302833,3.2843454742489135,0.015150167295551598,-5.205238465720304e-4
406,-576460735267,0.9788825094604227,3.284343403931657,0.016391166127341598,2.90475815387971e-4
407,-576460735248,0.9791887729577468,3.2843559352035783,0.0176324407519716,0.0011016557095079723
408,-576460735230,0.9795177983605619,3.284383112240421,0.0188752322372216,0.0019138268805079738
409,-576460735212,0.9798682393795085,3.2844247951428085,0.0201146452601816,0.002723790207547975
410,-576460735195,0.9802207666842612,3.284507180983923,0.0190615846395416,0.0064317180565579765
411,-576460735177,0.9805572766691217,3.284657953901829,0.0179989863803416,0.010173228849357977
412,-576460735157,0.9808691180945983,3.284872272035156,0.0169549367801816,0.01384942802754798
413,-576460735137,0.9750482611369744,3.2884420566865327,0.016129007361407703,0.017850602727675156
414,-576460735123,0.9753455550650638,3.288783705963409,0.016969849027967703,0.020186502246315158
415,-576460735105,0.9756406817579851,3.289145509386998,0.0177652410586877,0.02239614044049516
416,-576460735087,0.97597023487999,3.2895726249794235,0.0186132910094077,0.02475206492717516
417,-576460735068,0.9717250921534126,3.286958921260515,0.018388643334651313,0.02230601636056559
418,-576460735052,0.972044250240007,3.287329381676441,0.019243485729651313,0.02137520235490559
419,-576460735034,0.9723808028450766,3.2876869970481666,0.02010558536465131,0.02043648614332559
420,-576460735017,0.9727494180175263,3.2880446217254353,0.021009262937151312,0.01945249687699559
421,-576460734999,0.9718969608583905,3.289060246274561,0.01980581350721094,0.022029645718860635
422,-576460734981,0.9722502532667877,3.2894829986220606,0.01892389581061094,0.024314615133980633
423,-576460734963,0.9725787179893358,3.289934578422342,0.01806537474661094,0.026538965978780634
424,-576460734940,0.9728965278846601,3.2904333469635136,0.017193946862560937,0.028796757233240634
425,-576460734926,0.9732147959960652,3.2909535472392846,0.018071217836060936,0.028843162519740635
426,-576460734914,0.971129485740577,3.289562281059326,0.017537608478747704,0.028208928945176664
427,-576460734907,0.9714710853400412,3.2900981213494074,0.018460030961077706,0.028257722625646665
428,-576460734890,0.9718102341174562,3.290605705042838,0.019332344503037707,0.028303865677286665
429,-576460734870,0.972165584721805,3.2911148823629324,0.020205970306287707,0.028350078144036665
430,-576460734847,0.9725288891703427,3.29162481267663,0.020154463903317706,0.028299404019756665
431,-576460734818,0.9715152456207469,3.2928616384161047,0.0197251667773096,0.028613779902556636
432,-576460734817,0.9718693432997405,3.2933755163844953,0.0196737404820596,0.028563184591556635
433,-576460734801,0.9721964720189059,3.293867121313949,0.0187487071530596,0.029177587014476633
434,-576460734784,0.9725084196002935,3.2943701416499964,0.0178219354480596,0.02979314405787663
435,-576460734765,0.9696676666804721,3.29279746877921,0.016039353376402693,0.029481406189144965
436,-576460734745,0.9699475895742371,3.2933340094876926,0.015061462552152693,0.030130916291034964
437,-576460734730,0.9702092167747358,3.2937418386229513,0.014008226392152693,0.015183432071034966
438,-576460734711,0.970451820948672,3.2938806118521304,0.012955282797752692,2.4009992998496633e-4
439,-576460734693,0.9706801505032874,3.2937446373207284,0.011879343547192691,-0.015029585616535035
440,-576460734681,0.9696022249451663,3.2943077649654997,0.011582384906585308,-0.014747052436112943
441,-576460734673,0.9698074832339955,3.293889975420384,0.010494333440185308,-0.03018863405116294
442,-576460734658,0.9699625599746549,3.2933795443363505,0.007761801783715307,-0.02990096322163294
443,-576460734641,0.9700715653898504,3.292871927603058,0.005018011241145305,-0.02961210709820294
444,-576460734622,0.9701362588510066,3.2923357330514103,0.0020903791726853043,-0.029303896818662942
445,-576460734603,0.9645047148117019,3.2879832524626007,-0.0023755902639833416,-0.03070846185185051
446,-576460734587,0.9644334825728704,3.2876445157375023,-0.006012074008183342,-0.009178111606900505
448,-576460734552,0.964092058949021,3.288099340935248,-0.013503423210983342,0.03517555074639951
449,-576460734533,0.9672770465445198,3.287149296664377,-0.016403726910139707,0.057119899719696936
450,-576460734517,0.967063997560217,3.2884332284407716,-0.008674135994079707,0.09401090793076694
451,-576460734500,0.9669822679381717,3.2903459391106837,-9.377212381197061e-4,0.13093448427338694
452,-576460734482,0.9670391807267729,3.2930567060429596,0.007256800636460296,0.17004446784739694
453,-576460734464,0.9682959358651457,3.2971783216044375,0.015715622964910803,0.20944442856860962
454,-576460734445,0.96863092879469,3.3010677933212906,0.021512018257990803,0.22279113478676962
455,-576460734428,0.9690706491127606,3.3052010078609984,0.027313244685670805,0.23614896511412964
456,-576460734411,0.9696167160366436,3.309588797183947,0.03313250734919081,0.24954832544916963
457,-576460734391,0.970236401800909,3.314233774877667,0.03600955839869081,0.26871975753216965
458,-576460734380,0.9727464181742405,3.312926925071763,0.03670628856598686,0.2680643075666632
459,-576460734374,0.973432935193827,3.3179239108670777,0.039594574961286856,0.28731060716686324
460,-576460734356,0.974171384444316,3.323266927267326,0.042482700851646855,0.30655583723110325
461,-576460734337,0.974962982327822,3.3289647135266027,0.04537499987044685,0.32582887523030324
462,-576460734320,0.9757482577549019,3.334826535822134,0.041921473597396855,0.32581053286607325
463,-576460734307,0.966122632047288,3.328349511001273,0.03943894467332596,0.32288688124479636
464,-576460734302,0.9668014717499026,3.3341616325683487,0.03598349881477596,0.3228685286852664
465,-576460734285,0.9674178822705438,3.339971163819742,0.03252939666607596,0.3228501832624464
466,-576460734265,0.9679719070686226,3.345777782308862,0.029076830185775962,0.3228318459958664
467,-576460734246,0.9684961019504253,3.351996098238168,0.026052252403775962,0.3311425904878964
468,-576460734228,0.988296001572292,3.347796055779894,0.028581147495625698,0.3338843809939041
469,-576460734211,0.9887867537318257,3.3539041127781863,0.025705595815625697,0.3417856409411041
470,-576460734194,0.9891980974332272,3.359737111580623,0.023020263151625697,0.3491642290466641
471,-576460734176,0.9896538893704501,3.366034792440554,0.027572692473065697,0.3498790454489641
472,-576460734157,0.9691733565600481,3.358536797592463,0.02692519782160116,0.3442452587747201
473,-576460734139,0.9696984689860322,3.364734464785155,0.03146928936040116,0.3449587659894701
474,-576460734120,0.9703099614162579,3.3710585844950574,0.03551421707248116,0.3477917773233101
475,-576460734104,0.9709351183906657,3.376898855787765,0.03922062744728116,0.3503876958037101
476,-576460734086,0.9889569383650018,3.3740332257586125,0.048011698236422956,0.3485710438920355
477,-576460734068,0.9898650494054906,3.380386753255851,0.052033585501462955,0.35138791801595554
478,-576460734049,0.9907852486040729,3.386800871735491,0.05019373201031296,0.3611731528766655
479,-576460734030,0.9916721798581585,3.393390040925611,0.048354185110312954,0.37095675713666554
480,-576460734013,0.9701615704313271,3.385304060939434,0.040649138094086795,0.37422548579347337
481,-576460733995,0.9708939203800521,3.3922987257330575,0.038764215703886794,0.3842504189585534
482,-576460733978,0.9715292574461131,3.399011221693142,0.035069260886586795,0.3958188384597534
483,-576460733960,0.9721059588002653,3.405987185729897,0.03134038376474679,0.40749346425271343
484,-576460733942,0.9726471267470111,3.4136118701250453,0.027383282530716792,0.41988262984403346
485,-576460733923,0.999885912207142,3.4069693664996645,0.0309967303772533,0.4248682037895293
486,-576460733906,1.0004207493572113,3.414334050190572,0.0321146213330933,0.4441722931020093
487,-576460733889,1.0010067669106302,3.4224755622213254,0.0332964238079733,0.4645800264373693
488,-576460733872,1.0015873280372365,3.430608184757959,0.034427242171173295,0.4841073502477693
489,-576460733854,0.9628901082916342,3.4129939982224524,0.025359558048052726,0.49250389190605065
490,-576460733836,0.9633144592592643,3.4213409061797533,0.024599350314332726,0.49017893800925066
491,-576460733818,0.9637512591266537,3.430167804699112,0.023791484160762724,0.4877082297034507
492,-576460733801,0.9641480734012738,3.4384143138950773,0.023033021664952726,0.4853886132920507
493,-576460733784,0.9645561295994229,3.4471445913761345,0.022226095254872725,0.4829207790168507
494,-576460733771,1.0033292702825085,3.4265920256921674,0.033112667732099144,0.47260394940936906
495,-576460733766,1.0038800851853278,3.435056514910542,0.028119604272719145,0.4683653372756191
496,-576460733748,1.0043412548868949,3.4434484602642805,0.023124320563899146,0.4641248403718691
497,-576460733730,1.004712605118702,3.451766380333021,0.018127649199179148,0.4598831654868691
498,-576460733710,1.0050675313713016,3.460503328374077,0.01923300896917915,0.4597955756768691
499,-576460733699,0.9618735932952293,3.4315451231756353,0.007941371117433168,0.44668780631732924
500,-576460733693,0.9620268078029097,3.439626737704291,0.008994022679453168,0.4466043931582692
501,-576460733676,0.9621785062054728,3.446787446485446,0.009926888148503168,0.4465304719686192
502,-576460733659,0.9623651667680587,3.454765317053375,0.010966391746943168,0.44644810066729923
503,-576460733641,0.9625467897404697,3.462942717425923,0.009189303781963167,0.46104278519973924
504,-576460733628,1.0083660920353568,3.4388200753348896,0.02207537706217134,0.44891711226969067
505,-576460733622,1.008747230942295,3.447026213301524,0.020301641721251342,0.4634842627174507
506,-576460733605,1.009098593955118,3.4555493664379013,0.018516566622481342,0.4781445431575107
507,-576460733585,1.0094139584390136,3.4642295171676833,0.016753184973511342,0.4926266618731707
508,-576460733569,1.0097306183510986,3.4730304213761576,0.018425386607341342,0.4850886309640407
509,-576460733550,0.9551405370129135,3.444799001119414,0.0056909500775034275,0.4608069177104678
510,-576460733533,0.9552578520996162,3.4530152693411464,0.007360736711473428,0.45327977325379776
511,-576460733515,0.9554056094778262,3.46111717199807,0.009034888922113427,0.44573294944075775
512,-576460733496,0.9556007088260726,3.469619232677967,0.011524608232263428,0.45021106024332774
513,-576460733477,1.0177132697042528,3.4452688378117626,0.03131514787305294,0.43811057238589585
514,-576460733461,1.0183033480182908,3.453260735637016,0.03369651014910294,0.44239378780288585
515,-576460733443,1.0188888594631331,3.460759090650444,0.03590366160035294,0.4489411320696359
516,-576460733426,1.0194998381556215,3.4684417693903367,0.035946599173252936,0.45453140746029586
517,-576460733406,0.955651704028144,3.4340018819065175,0.01901581650193312,0.4410793120483114
518,-576460733390,0.9559937687063372,3.4419798089442275,0.01906117778683312,0.4469851436437714
519,-576460733373,0.9563613983400043,3.4495557052398182,0.02419954634439312,0.4445065362327714
520,-576460733357,0.9568206756256704,3.4571544516537167,0.02938235713412312,0.4420064911135214
521,-576460733339,1.028928589970763,3.427930188751351,0.054926135608315135,0.42073840254480993
522,-576460733321,1.0299719738937392,3.4355195748803973,0.060396762758765134,0.41809952274355994
523,-576460733303,1.0310780208912966,3.4430936019742826,0.06243593173371513,0.4230384742451899
524,-576460733283,1.032220275485742,3.450753150835131,0.06447419486426513,0.42797523175425994
525,-576460733266,1.0333981566699655,3.4584946397111755,0.06651064630601514,0.43290760127820993
526,-576460733253,0.9610179976548772,3.4114477604840547,0.04738903204062625,0.41152063889911206
527,-576460733248,0.9618931992453471,3.418932044823373,0.04943601392352625,0.41647851358657206
528,-576460733230,0.9628643886229332,3.4263872865515985,0.05890124722724625,0.41516203839351207
529,-576460733211,0.9640089727280904,3.433841272749444,0.06839498867968626,0.4138415981348921
530,-576460733194,0.965326931307754,3.4412855391470454,0.07790667970724625,0.41251866135351206
531,-576460733174,1.0390394647746326,3.4115083229624115,0.1082850705581703,0.3921796748671819
532,-576460733157,1.0410169026636262,3.418565691148471,0.1112838711466503,0.39144992607210194
533,-576460733138,1.043045269377368,3.425599365639679,0.1142781765310503,0.39072127117095196
534,-576460733121,1.045133235224932,3.432639044862049,0.1172806398784103,0.38999063105489196
535,-576460733102,0.9684920308308763,3.3889430918337067,0.0966357342237867,0.36197775971691315
536,-576460733085,0.9702343897216738,3.3954018237654093,0.0973368670339367,0.3570572452040631
537,-576460733067,0.9719905209222137,3.4017763842749362,0.09803846817660669,0.35213344395733315
538,-576460733049,0.9737664729355451,3.408087775183577,0.09874291834210669,0.3471896484128332
539,-576460733030,1.0498820193509464,3.3760341470082595,0.11310968695485021,0.33882953938403565
540,-576460733013,1.05185350658462,3.3822163439038344,0.10649345798235021,0.34980280765853566
541,-576460732994,1.053810270439193,3.3889725491138702,0.09949252597185021,0.3614141206046357
542,-576460732976,1.0554513797618408,3.395216798935191,0.09321641280785022,0.3718232938294357
543,-576460732959,0.9756206539232846,3.3503700523985973,0.07060904071323483,0.35555731410635205
544,-576460732942,0.9768135203760906,3.3564725573453043,0.06973644464543483,0.36242667868231204
545,-576460732924,0.9780602541256823,3.36306059331623,0.06881261904203483,0.36969933909019204
546,-576460732904,0.97929287363611,3.369793463597107,0.06788689414723482,0.37698695134755206
547,-576460732888,0.9805091393597002,3.376578384960563,0.06725374180723483,0.37689320014755207
548,-576460732876,1.0618748989057571,3.3350565180759166,0.09023296807029318,0.3559358655106621
549,-576460732870,1.063492318759641,3.341458249788562,0.08960023783185318,0.3558421768114621
550,-576460732852,1.0650973784172844,3.3478543829952017,0.08896789451984319,0.35574854540466205
551,-576460732833,1.0666925721384952,3.3542548791228266,0.0883349532306232,0.35565482545506205
552,-576460732817,1.06824248615497,3.360298758713975,0.0923814248344232,0.34904751129631206
553,-576460732799,0.9786961715840647,3.3094285502246548,0.07235882048451671,0.3157952406486797
554,-576460732780,0.9800680447137035,3.3151761371518385,0.0767011164567167,0.30870488725742967
555,-576460732763,0.9814070204630886,3.32042118273644,0.0807143255119167,0.3079240316940697
556,-576460732746,0.9827947931931177,3.3256455729567507,0.08266838346255671,0.3071442777374297
557,-576460732728,1.0691469366112223,3.288130109504811,0.10871674152075136,0.2845917596365389
558,-576460732709,1.0711243555340715,3.2932501493407043,0.11078916099901137,0.2837647742917789
559,-576460732691,1.0730754928061093,3.2984526313759095,0.10566715939569138,0.2933909873240589
560,-576460732674,1.0749282574123702,3.303810474708765,0.10056220461377138,0.3029851628157389
561,-576460732654,0.9822227923754009,3.2510152232165606,0.07013767573521772,0.2859276847075369
562,-576460732637,0.9834516584516783,3.256304880579451,0.06496936360042772,0.29564093305844685
563,-576460732620,0.9845781106191441,3.2616398780176974,0.061584076177787724,0.30372963634340683
564,-576460732602,0.9856561664958999,3.2671824909476475,0.05815999543786772,0.3119110312062868
565,-576460732583,0.9866722399559416,3.2728704975271206,0.05473705567786772,0.3200896998462868
566,-576460732571,1.0742591504984438,3.2291202335616953,0.07949609645640768,0.2979965039320356
567,-576460732565,1.0757358589097172,3.2348666340589283,0.07588147206984767,0.3066331780158756
568,-576460732548,1.0770542081843792,3.2400391541437448,0.07953842473674767,0.3031540409427756
569,-576460732529,1.0785205700780889,3.2454618059627656,0.08341783394076767,0.2994632640547956
570,-576460732513,1.0799695602354284,3.250522159844296,0.08708168448478767,0.2959775645068156
571,-576460732501,0.9840926699803716,3.1919098789632994,0.061304337255197225,0.2691366509923571
572,-576460732494,0.9852334153317199,3.1967306720485107,0.06519215324695722,0.26543787608811714
573,-576460732477,0.9863953282692053,3.2015500183973056,0.06392363044959722,0.27010455627047714
574,-576460732459,0.9875348489174105,3.206455279061031,0.06265461428299722,0.27477305147457715
575,-576460732439,0.9887119515523113,3.2117199716886313,0.06131617401619722,0.27969694616637714
576,-576460732422,1.0784428542987645,3.172573636718137,0.08448838251024368,0.2543281137021124
577,-576460732404,1.0799448559020248,3.177118724178525,0.08258632308044368,0.2512433501897124
578,-576460732385,1.081417983407733,3.1816247256840087,0.08067728167498368,0.24814726329623238
579,-576460732369,1.08277081901077,3.1858078927422233,0.07888344286791368,0.24523801219057237
580,-576460732350,0.9831073756934491,3.1286808024375916,0.05186937725349951,0.22479889134540512
581,-576460732332,0.9840413836474717,3.1327881903511856,0.052140417181099505,0.2325939720838051
582,-576460732316,0.9849294798617315,3.1368028446887153,0.052396833629309504,0.2399684830429451
583,-576460732298,0.9858775957635704,3.141204483343353,0.052669201592189505,0.2478017579408651
584,-576460732278,1.0846124412847735,3.097890388667644,0.07692569552982628,0.21915693925044763
585,-576460732262,1.0859663473876378,3.1017945678946757,0.07349160286636629,0.21459255825334764
586,-576460732244,1.0872575221906222,3.1056138487472684,0.07005999010539629,0.21003147338739764
587,-576460732226,1.0884888978543772,3.1093570387788576,0.0666228452542563,0.20546303561349763
588,-576460732207,0.9913959574636229,3.0539233846972014,0.032418985629131376,0.17740597306528647
589,-576460732188,0.9919112256847673,3.057108833814749,0.024826678313151378,0.17649349561016647
590,-576460732171,0.9922896448248121,3.0602761007004338,0.017238588477071378,0.17558152503064647
591,-576460732154,0.9925318091011629,3.0634318501391067,0.009638689697271378,0.17466813519944646
592,-576460732135,0.9926861484577711,3.0666157601845256,0.00727057972022138,0.17415794482454647
593,-576460732124,1.077185799982358,3.0258047712897898,0.031221829352496032,0.15357366594307664
594,-576460732118,1.0777237438082876,3.0285484971367,0.028900419983046034,0.15307353684097663
595,-576460732100,1.0782187371437915,3.031275186743465,0.026585885980826035,0.15257488898181662
596,-576460732082,1.0787013172123898,3.034080098045505,0.025928404089166034,0.1526551346364566
597,-576460732064,1.0791525212945414,3.036769948358191,0.025298217408526034,0.1527320489110166
598,-576460732045,0.9776008047171454,2.9774787876087006,-0.0030953676234752106,0.12427577390696594
599,-576460732027,0.9775356224253596,2.9798379551551557,-0.0037742420920552104,0.12435863052528594
600,-576460732009,0.9774579791715635,2.9820286974086367,-0.005359183833855211,0.13334543411192593
601,-576460731992,0.9773464331878147,2.9845141155236083,-0.00703688037115521,0.14285816815196592
602,-576460731973,1.0637826094261245,2.946196230120564,0.015871987438369838,0.13171595330599736
603,-576460731956,1.0640430166070416,2.9485517607705387,0.014260757402769837,0.14085181456887735
604,-576460731939,1.0643342200391501,2.9510880721697017,0.018610157159649837,0.14544589388163737
605,-576460731922,1.0646858594097002,2.9535967709264463,0.022781093567209837,0.14985147022225737
606,-576460731902,0.9702211656252927,2.8984069747336663,0.0015161459016932825,0.12803957648570463
607,-576460731886,0.9702823947774712,2.900620717427121,0.005688555184213283,0.13244670855924462
608,-576460731869,0.9703769673032553,2.903018238901065,0.004818335803913284,0.1339149705813446
609,-576460731851,0.9704558583469027,2.9054416504956535,0.003948309784213284,0.1353829063592446
610,-576460731832,1.058326923287339,2.8670539161086563,0.02806949769720659,0.11627850468384374
611,-576460731815,1.0588245879340057,2.869161201805801,0.027198939935856592,0.11774733763329373
612,-576460731797,1.0592597362123433,2.8711998752393004,0.02398594253635659,0.12205427778745373
613,-576460731778,1.059661529213704,2.8734419393742145,0.02057849860835659,0.12662186849849372
614,-576460731760,0.9648545688055299,2.8175598036290754,-0.009013038009538968,0.10444164167575815
615,-576460731742,0.9647142051181585,2.8194321904022943,-0.006125409722498967,0.09749826052647814
616,-576460731724,0.9646316890356698,2.821058873853824,-0.0034383457815389666,0.09103714182975814
617,-576460731707,0.9645958685681617,2.8225386787527293,-8.163718224589666e-4,0.08473253377369813
618,-576460731690,0.9646062792466806,2.823998448866786,0.0019770472802810336,0.07801568118326813
619,-576460731675,1.051671865607201,2.784121493493714,0.026833842576569216,0.05793592777836214
620,-576460731672,1.0521666760050783,2.7850580368810145,0.027768938032249217,0.04541249280212213
621,-576460731653,1.0526710588402644,2.7857591302254687,0.02869077374768922,0.03306664129470213
622,-576460731636,1.0531963545860337,2.7862427405859123,0.029620348611129218,0.02061714184828213
623,-576460731618,1.0537372070743398,2.786501729251281,0.03054791129608922,0.00819459086600213
624,-576460731599,0.9673631228720739,2.733105932868589,0.0033729617105931406,-0.004247974670351193
625,-576460731581,0.9673966183352795,2.733134426801287,3.4772289984314093e-4,0.007413087994198807
626,-576460731563,0.9673783030685795,2.7333536489751267,-0.0025051251850068588,0.01840965466908881
627,-576460731546,0.9673059359233094,2.7337902438857635,-0.0055312041065068585,0.030073955618188812
628,-576460731527,1.0560306811748137,2.6936625665514864,0.02371766322700811,0.009752653544643063
629,-576460731511,1.0564649610705728,2.693829595011954,0.02729606821422811,0.009867745899443062
630,-576460731493,1.0569904626379771,2.694008349483487,0.03108002236610811,0.009989449338643062
631,-576460731474,1.0575837767486551,2.6941892041036386,0.03486208496125811,0.010111091939643062
632,-576460731456,0.9756370233911248,2.643678231535848,0.015780992597356852,-0.017801847109579765
633,-576460731439,0.9759556336091868,2.6433167010569276,0.019618176122376853,-0.022365974558129765
634,-576460731420,0.9763666185691652,2.642846253848341,0.023666179852176852,-0.027180861522629766
635,-576460731402,0.976807125033646,2.6422397005587595,0.025336152255366853,-0.04029266754812977
636,-576460731384,1.0604562029409035,2.60328626854224,0.050979422285690634,-0.07254604433511871
637,-576460731368,1.0613355916937655,2.6019487083871193,0.05255725315576063,-0.08493440013661871
638,-576460731349,1.0622974830054808,2.600300274090799,0.05423056940491063,-0.09807246040411871
639,-576460731330,1.0632806531361336,2.5984584382483153,0.05490142422955063,-0.10637152255549871
640,-576460731314,1.064217746960137,2.5965868775501155,0.05553329664763063,-0.11418833817160871
641,-576460731302,0.9857055995603772,2.5488009309206503,0.03361109876287669,-0.13620929570471635
642,-576460731296,0.9863205393081135,2.5462580706549294,0.03428552790559669,-0.14455257530345636
643,-576460731280,0.9868699670458355,2.5439032852455057,0.03487707754783669,-0.15187056284153636
644,-576460731262,0.9874896102859165,2.541213179674926,0.033777649623076694,-0.14618556375308636
645,-576460731244,0.9880912376374411,2.538617826485098,0.03267481091975669,-0.14048292797143636
646,-576460731225,1.0621829975259616,2.502302560798943,0.05289385971079696,-0.151748519932514
647,-576460731208,1.0631185895218198,2.499640808640657,0.05180533409607696,-0.146119895274114
648,-576460731189,1.064050440058681,2.49697462200573,0.05179692693692696,-0.150304212227914
649,-576460731172,1.0649823465132318,2.4942325457371433,0.05178851790837696,-0.154489459598514
650,-576460731152,0.9939903067804797,2.4473475756827927,0.03152897661889315,-0.17912914076203568
651,-576460731135,0.9945583200190019,2.4440822695426996,0.03152055590659315,-0.18332020323763568
652,-576460731103,0.995127422690258,2.440759769295705,0.03170604905465315,-0.18580547690847568
653,-576460731100,0.9956998327176285,2.4373927174427688,0.03189153189868315,-0.18829061252389567
654,-576460731080,0.9962765118594348,2.433975398108871,0.03207731355958315,-0.19077975174649567
655,-576460731068,1.0596905698136332,2.404819915819696,0.050583733164038795,-0.20534195675540007
656,-576460731060,1.0606557101629088,2.4008070980728577,0.050483374985668794,-0.21487038387375007
657,-576460731045,1.0615137225778213,2.3970797540829993,0.0503939884747388,-0.22335711478690007
658,-576460731026,1.0624132732529492,2.3930094012018905,0.0503001040005288,-0.23227090123245006
659,-576460731009,1.0633175226416802,2.3887491512196717,0.0502055521883088,-0.24124804755255005
660,-576460730990,1.0030798839744206,2.3467814143146284,0.03217410082972451,-0.26402519279793263
661,-576460730973,1.0036501581655315,2.3420025526676618,0.031490335800024506,-0.26947875885893263
662,-576460730954,1.004215605981297,2.3370597228540895,0.030797372479944508,-0.2750056885493326
663,-576460730937,1.00476380571312,2.3320600250041195,0.03011032507276451,-0.2804854341627326
664,-576460730919,1.0637269887059881,2.3000336907275334,0.046454632593803585,-0.3109739204995115
665,-576460730901,1.0645828402315367,2.2940762789707243,0.04553284865604359,-0.3293325881859115
666,-576460730883,1.0653934244001873,2.287996098825877,0.04464227300938359,-0.3470696973683115
667,-576460730864,1.0661889603252162,2.281589014943647,0.043750607549383584,-0.3648285117683115
668,-576460730847,1.0669775171040763,2.2749152469958167,0.04316664556278359,-0.3707755607398615
669,-576460730834,1.0098760005001213,2.239937981007154,0.02683508793324427,-0.3868368477532609
670,-576460730829,1.0103500635165774,2.232977979972628,0.02626039467368427,-0.3926895043244909
671,-576460730811,1.010818769617432,2.225837340518629,0.02567955444584427,-0.39860476141121093
672,-576460730792,1.01127458308899,2.218628774916226,0.025101803793684273,-0.40448855436449094
673,-576460730775,1.0117579541718966,2.2113333298569327,0.028615047115524275,-0.40625157557864094
674,-576460730754,1.0630091834980253,2.1805722668613137,0.0471804134233687,-0.41963956092262833
675,-576460730739,1.0638906130487624,2.1729982494912434,0.0506963897232887,-0.42140395360407834
676,-576460730721,1.0648269528205538,2.165479755831182,0.0532431975322287,-0.4131959975599783
677,-576460730703,1.0658070027259317,2.158124939795245,0.0557844924641887,-0.40500580864057834
678,-576460730685,1.0355221248142927,2.1316803730904903,0.049278514111354615,-0.40562787486691715
679,-576460730667,1.0364332296756598,2.1244437325297234,0.051826170055214615,-0.39741718541901716
680,-576460730649,1.0373616966171946,2.1172261609779985,0.051365487798064616,-0.4047580356673672
681,-576460730630,1.0382948534745864,2.109771392347051,0.050898277395564615,-0.41220291018986716
682,-576460730588,1.071179382497396,2.087263429019949,0.06002842369052467,-0.4269146555388063
683,-576460730585,1.072255508560827,2.079514616237709,0.05956771583280467,-0.43425591372548633
684,-576460730576,1.0733297296379143,2.0716098214550382,0.05900627578786467,-0.4382861451818563
685,-576460730559,1.07438033485102,2.06373372979193,0.05845196258272467,-0.4422652174553263
686,-576460730539,1.0538049715300712,2.0419678829375414,0.05153299956421157,-0.4525847217760878
687,-576460730521,1.0547350897452845,2.0337177465546254,0.05097066091773157,-0.45662140373812776
688,-576460730504,1.0555942332503951,2.025941640544668,0.05111388103933157,-0.4673455651256478
689,-576460730487,1.0565168406788608,2.017415192528013,0.05126723514173157,-0.4788285475809278
690,-576460730469,1.0825096781944863,1.9966432141628998,0.05901375618451146,-0.4961801717518757
691,-576460730451,1.0835600674125725,1.9876428343029193,0.056801803447891465,-0.4961986650065457
692,-576460730433,1.0845614342543304,1.978723002377045,0.054609727677811463,-0.4962169920778257
693,-576460730415,1.0855328295438864,1.969713518629774,0.052395701883331466,-0.4962355026645057
694,-576460730397,1.0864481634830248,1.9608605150215757,0.05022021057613146,-0.49625369107970574
695,-576460730384,1.0738284642673244,1.9531075716500312,0.046491502593295514,-0.4997938148366266
696,-576460730379,1.074662627187457,1.9440801712924183,0.046213867503695515,-0.5034736176609066
697,-576460730361,1.0754993730548574,1.9349028661053302,0.04593368686009552,-0.5071871595086366
698,-576460730343,1.0763225843989346,1.9257526324153509,0.045656360322495516,-0.5108628727543165
699,-576460730326,1.0771359094955493,1.9165918930788342,0.04538069996569551,-0.5145165022755566
700,-576460730307,1.0870880022347118,1.9028165292535408,0.04836892091852595,-0.5158549664161716
701,-576460730289,1.0879604091729127,1.8935379909565602,0.04855441406658595,-0.5149791961191715
702,-576460730271,1.0888374713400155,1.8842613375017014,0.04874018542345595,-0.5141021123126716
703,-576460730253,1.0897215522546502,1.8749620052504758,0.04892672958257595,-0.5132213798686716
704,-576460730233,1.0860862450162143,1.8623661080233898,0.04768529920344266,-0.5139878418004509
705,-576460730217,1.086889739407467,1.8537196162308947,0.04779828858654266,-0.5135215809559509
706,-576460730199,1.0877508607665993,1.84448430700701,0.04791908585155266,-0.5130231001850009
707,-576460730181,1.088615068389912,1.835248228984869,0.04804001067439266,-0.5125240930352009
708,-576460730163,1.090153555629284,1.8256523410132464,0.04937941904468891,-0.5166263986033123
709,-576460730144,1.0910520297212145,1.816323339841264,0.05051208041947891,-0.5205631252148423
710,-576460730127,1.0919717055825442,1.8069151288686258,0.05164574922002891,-0.5245033532786922
712,-576460730077,1.0937399357967408,1.788755194319861,0.049323856158778906,-0.5124664996129422
713,-576460730074,1.1066748831141273,1.7871814377194546,0.05179915970510987,-0.5028215282449308
714,-576460730055,1.1076452313506056,1.7777082231840646,0.05054205597575987,-0.49630461586624075
715,-576460730036,1.1085015556085644,1.7692961196323798,0.05024940564839987,-0.49382056677088076
716,-576460730020,1.1054561693826332,1.76277142338794,0.04871402797654282,-0.4902688309632309
717,-576460730003,1.1063090291762407,1.754183866316119,0.04841156063608282,-0.4877014539497709
718,-576460729985,1.1071775509660964,1.7454298929568675,0.048101584141742815,-0.4850703383884309
719,-576460729967,1.1079965938883511,1.737160981148234,0.04825640671174281,-0.4877428155684309
720,-576460729949,1.1089182089703278,1.727834085210092,0.048430026563182814,-0.4907397629189909
721,-576460729938,1.1171688471773844,1.7330854233630204,0.05097410212931799,-0.4883558054463157
722,-576460729932,1.1180346777557255,1.7247802996199444,0.05112856041091799,-0.49102199444471567
723,-576460729916,1.1188526698651846,1.716915670376844,0.05127405719787799,-0.49353349417575565
724,-576460729896,1.119826951974563,1.707533890930855,0.05117411413527799,-0.49298379772635564
725,-576460729880,1.1206957439423761,1.6991612825004467,0.05108482746231799,-0.49249271244411563
726,-576460729861,1.1070828345890495,1.6982165563494087,0.046337580984824454,-0.4881602016738861
727,-576460729843,1.1079611904597007,1.6889584318170112,0.04623786912594446,-0.48761177686716606
728,-576460729825,1.1087459603928191,1.6806700154581529,0.04590372217596446,-0.4855497070894261
729,-576460729808,1.1095674552399315,1.671966649868909,0.04555131229241446,-0.4833749340732761
730,-576460729791,1.1264266937741958,1.6742281219407045,0.05026613577366598,-0.4765630663574926
731,-576460729774,1.1273264096403248,1.6656876245176344,0.049913784739525985,-0.4743886565096726
732,-576460729756,1.1281850445635988,1.6576607064541893,0.05109614682614599,-0.4698990987335726
733,-576460729738,1.129117926331471,1.6492285579300647,0.05235048966446599,-0.4651362221939726
734,-576460729720,1.1300711264832737,1.6409021089452098,0.05360184199812599,-0.4603847009266726
735,-576460729707,1.1117904592335213,1.6512255942577627,0.04766141346899298,-0.4554484571828053
736,-576460729702,1.1126390328056144,1.6430137572423271,0.04662977738529298,-0.4570285710338253
737,-576460729684,1.1134692203519436,1.6347716453222452,0.04559791203639298,-0.4586090360407653
738,-576460729666,1.114280207296126,1.6265075229350545,0.04456684911569298,-0.4601882720019853
739,-576460729647,1.1150838767746651,1.6180958527333102,0.043520998589592984,-0.4617901575200453
740,-576460729635,1.1348080516299157,1.6312445620873202,0.04981612668556297,-0.45583873266839486
741,-576460729627,1.1357466020696492,1.6227201244402847,0.05018924781986297,-0.4524657582250949
742,-576460729612,1.1366007211937894,1.6150717004023036,0.050526408584852966,-0.4494178616064049
743,-576460729592,1.1375648200844086,1.6065607369075512,0.050904300580752966,-0.4460017590935049
744,-576460729576,1.1384323995031402,1.5990104320191554,0.051241978189082965,-0.4429491902672749
745,-576460729557,1.1226221019387725,1.6008327914804,0.04559448605374969,-0.4405060829486674
746,-576460729541,1.123397867931609,1.5933109097882823,0.045484585602999686,-0.44260300916961737
747,-576460729525,1.1241691300276766,1.5857790993471974,0.045375059336349687,-0.44469279587070737
748,-576460729506,1.1249859674321459,1.5777435148527943,0.04525877195009969,-0.44691158630995736
749,-576460729488,1.1454655482818699,1.5830832435750344,0.0520875853553592,-0.43637952943386726
750,-576460729470,1.1464068136637802,1.5752706901953728,0.0525207033655192,-0.43187490262454725
751,-576460729452,1.1473562970687428,1.5675357831255752,0.0529540139153592,-0.42736827331386723
752,-576460729434,1.1483139021212245,1.5598794762445287,0.0533874688699592,-0.4228601421271672
753,-576460729416,1.1492777579958589,1.5522836920381373,0.053594702686109205,-0.4202259565898972
754,-576460729404,1.1294715308821137,1.5643472818294193,0.04694641142275638,-0.41453741269429656
755,-576460729398,1.1303169205216568,1.556922472139383,0.04715305869555638,-0.41191068281285653
756,-576460729380,1.1311680123171919,1.5495276697347722,0.047360189004056384,-0.4092778129795565
757,-576460729362,1.1320219783196985,1.5422043610829015,0.04756711229725638,-0.4047849540136365
758,-576460729344,1.1328912289394772,1.534865024574677,0.04777681879615638,-0.4002316641967965
759,-576460729325,1.1658474036919815,1.5500565659925158,0.05862388492185884,-0.38577520655094755
760,-576460729308,1.166906026365568,1.5431431527800257,0.05883119924395884,-0.38127385730018754
761,-576460729290,1.167982595112891,1.536250935282374,0.06013324600969884,-0.38033921498573753
762,-576460729271,1.1691316548889263,1.529073644196265,0.06149255722239884,-0.37936346679348754
763,-576460729253,1.1423382376789202,1.5402351556008607,0.053252178682700435,-0.37003225598526296
764,-576460729235,1.143318141741405,1.5335172412950722,0.054559908728980436,-0.36909353406736295
765,-576460729217,1.1442373734389124,1.5273065677829019,0.054612501901380436,-0.36851614671296296
766,-576460729200,1.1452206857421108,1.5206803031772103,0.05466870538894043,-0.36789912397960295
767,-576460729182,1.146219840048259,1.5139656103222137,0.054725755239310434,-0.367272809561383
768,-576460729170,1.1773222937192305,1.5360752961646642,0.06520910723168627,-0.3573418587704037
769,-576460729164,1.1784804431536564,1.5297368091922403,0.06526455180351627,-0.3567331676954237
770,-576460729146,1.1796616224757357,1.523281955369414,0.06526692372739627,-0.3565891687866637
771,-576460729127,1.1808295297913076,1.5169024226190548,0.06526926891503627,-0.35644679302838367
772,-576460729110,1.1819419329755227,1.510828655480707,0.06527150257061627,-0.35631118835372366
773,-576460729093,1.1550372040758505,1.5234014767907242,0.05552963913121191,-0.3473636972743914
774,-576460729075,1.1560385127581263,1.5171845915789715,0.055801101615491906,-0.3438621434808714
775,-576460729056,1.1569961513259683,1.5113255175809457,0.056059495025311906,-0.3405291657149914
776,-576460729040,1.1580107652640927,1.5052089915098001,0.05633196862736191,-0.3370145696652914
777,-576460729021,1.201080882231883,1.52978510045537,0.07053625757466307,-0.32250510068067456
778,-576460729003,1.2023487748747754,1.5239857965721655,0.07030158112486307,-0.3216830562984246
779,-576460728985,1.2036123020343537,1.5182019353201788,0.07006693074298306,-0.3208611032290746
780,-576460728968,1.2048717444476418,1.5124322316110905,0.06983225429318306,-0.3200390588468246
781,-576460728946,1.1752066206082874,1.5285950621563256,0.059700380685011364,-0.3100987272063366
782,-576460728931,1.1762173407041172,1.5233727367874095,0.06038755323403137,-0.31038786091413656
783,-576460728914,1.177324744675897,1.5177127547121236,0.061131592138471365,-0.31070092162573654
784,-576460728896,1.1784204057821035,1.5121742700744247,0.06185893446045136,-0.3110069571079365
785,-576460728878,1.192939796908214,1.5165127356924544,0.06665242837425091,-0.3062441043091095
786,-576460728861,1.1941470384823996,1.5109739107859295,0.06677391713697091,-0.3059160312484695
787,-576460728844,1.1952907235768602,1.50574142441162,0.06688880646038091,-0.3056057795747995
788,-576460728826,1.19648173781287,1.5003075664564716,0.06700824087068091,-0.3052832541686995
789,-576460728808,1.1976805655677258,1.4948281772968992,0.06606177298832092,-0.3029295507566395
790,-576460728795,1.1686818154781815,1.516009055340763,0.055722898829686895,-0.29322519537893027
791,-576460728789,1.1696750580623232,1.5107588541254304,0.054778584637146896,-0.29087684782434026
792,-576460728771,1.170660314300899,1.5055026867161212,0.053825498098266894,-0.28850668494786025
793,-576460728753,1.1716132598540399,1.5003707915823845,0.05288732980106689,-0.28617362118166023
794,-576460728735,1.1725638769289866,1.4952279758195273,0.05269572955882689,-0.2850282184204102
795,-576460728722,1.1784149890876436,1.4996868150099543,0.05476600280650135,-0.28304004622208423
796,-576460728717,1.17939834393722,1.494606063436985,0.054574615370661356,-0.2818959156358342
797,-576460728698,1.1803809754490842,1.4895318538311293,0.054382695918821354,-0.28074860461208423
798,-576460728680,1.1813666046534748,1.4845044674076073,0.055235188126171356,-0.27837795085941425
799,-576460728663,1.18236756422523,1.4795197124505197,0.05608768033352136,-0.27600729710674426
800,-576460728645,1.1535124035417712,1.4965036134732894,0.046145299372792464,-0.2636462814371661
801,-576460728627,1.1543586420533278,1.4917351831410246,0.047006608993842465,-0.26125110777135613
802,-576460728609,1.1552003564044597,1.487080606234413,0.047371857242842465,-0.26065021045610615
803,-576460728591,1.1560573219217911,1.4823891590730016,0.047740852782842465,-0.26004314819110613
804,-576460728572,1.159484700842012,1.4794426258189166,0.04903433877267442,-0.25852163265840006
805,-576460728554,1.1603692035377122,1.474802173483812,0.04940233093967442,-0.25791622111765006
806,-576460728538,1.161214995530106,1.4704354867463716,0.05016703657976442,-0.25614425771458005
807,-576460728519,1.1621255489885705,1.465840515476641,0.05097747421881442,-0.25426632487143
808,-576460728501,1.1629472085766301,1.4617843417730678,0.05169788823786442,-0.25259699328828
809,-576460728490,1.13310312103937,1.4836652028316508,0.04079340082139645,-0.24268124715216274
810,-576460728483,1.1338876530657345,1.479065383067751,0.04165006558931645,-0.24069619756200275
811,-576460728467,1.1345926258960486,1.474998743175323,0.041449224834936446,-0.23866254498857276
812,-576460728450,1.135295428507479,1.4709595094532728,0.041248028966356445,-0.23662529663644274
813,-576460728433,1.1359950576735167,1.4669534953153314,0.041046762074936446,-0.23458732912857275
814,-576460728421,1.1408731400436498,1.4709367186964308,0.042821571229650086,-0.23281830392205707
815,-576460728415,1.1416428628767903,1.4667607932380518,0.042608265966850085,-0.23065843951625709
816,-576460728399,1.1423716327142002,1.4628572976952727,0.04321013222085009,-0.22900895836161708
817,-576460728379,1.1431607249108047,1.4587220084989505,0.04385250325160009,-0.2272484693784471
818,-576460728363,1.1439121383433046,1.4548687575795278,0.04445557437210009,-0.2255956861536671
819,-576460728345,1.1188509327062457,1.4698234975838793,0.0355338717803755,-0.2176083709492458
820,-576460728327,1.1194958685506773,1.4658991588671435,0.0360858777400755,-0.2181871556177458
821,-576460728309,1.1201503430075768,1.461966802661927,0.0366375465501055,-0.2187655867808958
822,-576460728291,1.1208165692597358,1.4580132873787452,0.03719071720866551,-0.2193455926496958
823,-576460728272,1.1321426028856714,1.4627950101504594,0.04088908148194861,-0.21112662083206343
824,-576460728255,1.1328289709482489,1.4592744226272663,0.04069998984969861,-0.20736818133056342
825,-576460728238,1.133527510367367,1.4557399188000992,0.04050663873877861,-0.20352507920968343
826,-576460728220,1.1342482797395914,1.452144978223659,0.04030616227303861,-0.19954035149332344
827,-576460728201,1.108535578770383,1.4681879713807304,0.030857865850459236,-0.1887201286133677
828,-576460728183,1.10912559957269,1.464624945057249,0.03129211069213923,-0.1865920664128477
829,-576460728165,1.1096603316897447,1.461472215172667,0.03168052277125923,-0.1846886124521677
830,-576460728146,1.110235345198172,1.4581599490143609,0.03209294902237923,-0.1826674745334877
831,-576460728130,1.1108355357681161,1.4548067463355603,0.032880319713129234,-0.1803314622784877
832,-576460728117,1.1186586752362258,1.4615754391986333,0.03579212967318722,-0.17733856956740524
833,-576460728111,1.1193299517510846,1.4583075632029003,0.03658269672668722,-0.17499307417740523
834,-576460728092,1.1199561133089417,1.4553597669681644,0.037305032090017225,-0.17285001210920523
835,-576460728072,1.1206729064179193,1.4520970759060923,0.038115118265377224,-0.17044660637480522
836,-576460728057,1.121357844903158,1.449028597432917,0.03793423334054723,-0.1702493879820952
837,-576460728039,1.0928659213218688,1.4677421171916825,0.026774060833590532,-0.16032292330437403
838,-576460728022,1.0933188045914204,1.4650231738242572,0.02660365966280053,-0.16013713532314403
839,-576460728005,1.0937699858099696,1.4623052088316035,0.02643280660606053,-0.15936033648284403
840,-576460727989,1.0942252162291097,1.459600301710904,0.02707649919941053,-0.15858349198609403
841,-576460727970,1.1031293048941218,1.4642742561097717,0.030918992712556624,-0.15444213493908174
842,-576460727951,1.103725587486497,1.4613384214220289,0.03164016296862662,-0.15357178603273175
843,-576460727934,1.1042602767785308,1.4587222425608772,0.031591777905746625,-0.15581549650649176
844,-576460727917,1.1048285599212817,1.4558955965162486,0.03154027150277663,-0.15820394965568177
845,-576460727899,1.1053651184137467,1.453182947071281,0.031491563148026626,-0.16046265180893177
846,-576460727885,1.0809155371421515,1.471484169204627,0.022224784331441108,-0.1523128152967874
847,-576460727882,1.0813162284404867,1.4687133108236659,0.02217314346194111,-0.1547075039232874
848,-576460727862,1.0817161407909124,1.4659451308128484,0.02239030098042111,-0.1537591788065274
849,-576460727845,1.0821210584644714,1.463186483672827,0.022608051362641112,-0.1528082646586374
850,-576460727826,1.0825354648474557,1.4604078985140634,0.02282875396430111,-0.1518444581924674
851,-576460727815,1.0927827980425848,1.4698051705387558,0.026709111382726736,-0.14770635249964081
852,-576460727808,1.093286205553523,1.46704232337516,0.026936190294406737,-0.1467147007394808
853,-576460727791,1.0937475799178256,1.464539549369332,0.02736550620444674,-0.1478505915370708
854,-576460727771,1.0942717505937387,1.461720112117274,0.02784522435308674,-0.1491198373715108
855,-576460727755,1.0947483459782867,1.4591776696683445,0.02827433814888674,-0.1502551934120608
856,-576460727737,1.0720839969211742,1.4738994719949474,0.019882808841633383,-0.14371910130857085
857,-576460727720,1.072422578455839,1.4714645812449834,0.019752138148683384,-0.14131347111917086
858,-576460727701,1.0727749360528354,1.4689574887660808,0.019615226467413385,-0.13879294515953086
859,-576460727683,1.0731075430347965,1.466616581645564,0.019485106449903384,-0.13639745283221086
860,-576460727665,1.0871647819529637,1.4768632337939644,0.024558711599641965,-0.12808905835988435
861,-576460727648,1.0876079559473952,1.4745628872056027,0.024647305658061964,-0.12732054452268435
862,-576460727631,1.0880523052770166,1.472278535247677,0.024735816104701963,-0.12655275598028434
863,-576460727612,1.0884981481433689,1.4700085035525714,0.024824306877981962,-0.12578513809548433
864,-576460727599,1.0641771456543339,1.4884473237907436,0.015494479323914389,-0.11761587671760748
865,-576460727593,1.0644716419026672,1.48624113686414,0.015496970119214389,-0.11455322894970749
866,-576460727576,1.064735233326453,1.4843161235819728,0.01549919918769439,-0.11181239689306749
867,-576460727558,1.0650136200813256,1.4823339632669554,0.01550155302529439,-0.10891815043626749
868,-576460727541,1.0652775685192772,1.4805028802345204,0.015503784452854389,-0.10617441768718748
869,-576460727524,1.0774865001976066,1.490107396563159,0.020328007101970975,-0.09896266554541293
870,-576460727504,1.0778730202124651,1.4882610542447046,0.020601734504270976,-0.09655195492947292
871,-576460727488,1.0782219250273242,1.4866535951721136,0.020845736968670977,-0.09440303112315292
872,-576460727469,1.078600741457726,1.4849695840638701,0.021107464249770978,-0.09209800528457292
873,-576460727452,1.0789852713065982,1.4833130832041568,0.021679878453230977,-0.09222388853019292
874,-576460727433,1.0611248636436743,1.4955849863505322,0.015209381115697966,-0.0861899259534398
875,-576460727415,1.0614192106923566,1.493948185352063,0.015813705802737967,-0.0863228268363198
876,-576460727398,1.0616927927493591,1.49247890729403,0.016355387853847967,-0.08644195157898979
877,-576460727380,1.0619910640143395,1.4909489828182427,0.016809816458207966,-0.08367251729156978
878,-576460727362,1.0736276193879406,1.5004387596911712,0.02162345100698934,-0.07609385078879037
879,-576460727345,1.0740215745980835,1.4990918870146046,0.02207894071110934,-0.07331794981765037
880,-576460727326,1.0744226151421614,1.4977985883515497,0.02253316720122934,-0.07054974727951037
881,-576460727308,1.0748295163105217,1.4965453270239113,0.022675562131619337,-0.06869377559570038
882,-576460727290,1.057548383899309,1.5089001693311517,0.01596993652840993,-0.06084407073994472
883,-576460727272,1.0578530954369585,1.5077632721948586,0.01612016274489993,-0.05888602628423472
884,-576460727254,1.0581312145612602,1.5068043461979463,0.016630558439939932,-0.05403507556599472
885,-576460727236,1.0584183622127097,1.50592677594439,0.01714158521773993,-0.04917812685169472
886,-576460727219,1.0587322388548523,1.505086695051247,0.017683294638299932,-0.044029561281334714
887,-576460727200,1.0719233836496307,1.5169011954150713,0.023209044285331965,-0.033095808854566616
888,-576460727183,1.0723385449298126,1.5163124471484524,0.022909738227651966,-0.032306131449686616
889,-576460727163,1.072748950589316,1.515737033790311,0.022609966686211964,-0.031515225930646616
890,-576460727145,1.0731639663702544,1.5151620912418575,0.022302730780191963,-0.030704626723826615
891,-576460727133,1.0590221394726371,1.5261051939043713,0.016812465122953046,-0.025877074789842552
892,-576460727127,1.0593299456061351,1.5256345502934041,0.016505295714613046,-0.02506665102790255
893,-576460727109,1.0596284229917503,1.525159685351533,0.016701288878493044,-0.02776362564464255
894,-576460727091,1.0599140385119443,1.5246658131006183,0.016886706675573043,-0.030315077349982553
895,-576460727074,1.060220124171751,1.5240951445232456,0.017083179546813043,-0.033018653006002555
896,-576460727056,1.0738094420229198,1.536573874128476,0.022405969401621758,-0.029996681944710318
897,-576460727038,1.074218489579104,1.536021159089379,0.022658209973081756,-0.030895136838670317
898,-576460727019,1.0746255873965074,1.5354611926638384,0.022906490614891757,-0.031779486871730316
899,-576460727002,1.075039761474909,1.534881699788559,0.023156355228561756,-0.032669478849150314
900,-576460726983,1.0603470264397914,1.5461698173963812,0.016371758254692573,-0.01890855178019812
901,-576460726965,1.0606332580742523,1.5459025807079168,0.015525676911182574,-0.01087210108260812
902,-576460726945,1.0609068879655053,1.5457790820609942,0.014671298341592575,-0.002756839702298121
903,-576460726929,1.0611643706874834,1.5458023996076784,0.013819182651842576,0.0053369278554518795
904,-576460726910,1.0741563671066738,1.558510657475238,0.01953270832671899,0.009637032568149063
905,-576460726892,1.074522332540074,1.5586765540911032,0.020326294385258993,0.008431541833119062
906,-576460726874,1.0748951647166693,1.5588176723989855,0.021104106392098993,0.007250012548739061
907,-576460726856,1.0752829150324537,1.5589377803612032,0.021883733495298992,0.006065726056339061
908,-576460726838,1.0756835803180813,1.559034529644031,0.022405802306118994,0.00462893849101906
909,-576460726826,1.0607391459293811,1.5708155652368108,0.016584971632015943,0.009825742529566237
910,-576460726820,1.0610404856831412,1.5709786483086376,0.017101211785355945,0.008404996034726235
911,-576460726805,1.0613207494507462,1.5711041610677425,0.017567735221675946,0.007121075106406235
912,-576460726786,1.0616386953352888,1.571218547001175,0.018082417219055947,0.005704616818526234
913,-576460726768,1.0619589920728665,1.5713443949357426,0.01751401949773595,0.008281595069406235
914,-576460726755,1.069589262664893,1.5789429673037378,0.02046221319883085,0.011599088560587785
915,-576460726749,1.0699754020722931,1.579191404048342,0.01985724042965085,0.014341889261707786
916,-576460726732,1.0703078508727708,1.5794554217219179,0.01932121699508085,0.016772090300587787
917,-576460726713,1.0706494283528267,1.5797793952683485,0.01875452484594085,0.019341335898347786
918,-576460726696,1.0709880476654088,1.5801852333209738,0.01903570031806085,0.025950562168197785
919,-576460726678,1.0563940590920384,1.5925026478910838,0.013498170678499248,0.03779685059587173
920,-576460726658,1.0566395678988916,1.5932427364535093,0.013780585638499248,0.044435211895871726
921,-576460726642,1.0568871288572845,1.594041458917672,0.013533471667509248,0.043689956544871726
922,-576460726624,1.0571290278408993,1.5948228498968526,0.013287570977449247,0.042948360250871724
923,-576460726606,1.069809978833567,1.6080784996167559,0.01784915916246846,0.04767280603497516
924,-576460726588,1.0701291256695487,1.6089301375501448,0.01760372197298846,0.046932607582975155
925,-576460726570,1.0704537413067543,1.6097315985407612,0.01848874380482846,0.04217802068213516
926,-576460726552,1.0707970864299106,1.6104529576414401,0.01938089973526846,0.037385107391445155
927,-576460726533,1.0621296101769415,1.6182463790533694,0.016752020517581234,0.03579428112343365
928,-576460726516,1.0624539323469975,1.6188738028970362,0.017678912128101236,0.03081475796216365
929,-576460726498,1.0627581867479452,1.6194157469508594,0.018088371825081235,0.03289464706025365
930,-576460726480,1.0630874726333255,1.6200272695328024,0.018521321363021235,0.03509385501802365
931,-576460726462,1.063424869074027,1.6206789876664338,0.018954680047781235,0.037295141275603655
932,-576460726451,1.0718176491299445,1.629055151651741,0.022189677704366754,0.04095589593793852
933,-576460726444,1.0722215504604695,1.629813284862271,0.022623517738326753,0.04315962725411852
934,-576460726427,1.0726185527503422,1.6305190409516677,0.024110124389126752,0.03991937090911852
935,-576460726408,1.0730427836948928,1.6311725688122083,0.02560346845676675,0.03666442947061852
936,-576460726392,1.0735155926135065,1.6317989070033552,0.02717127410532675,0.03324718914161852
937,-576460726375,1.0636975493538703,1.6405279473708172,0.024656940772011575,0.03362649885843566
938,-576460726358,1.0641048628337884,1.6411223021296804,0.023307435101531576,0.03636346332515566
939,-576460726339,1.0645115026782355,1.641802911437418,0.021877280099001577,0.039263994615575656
940,-576460726322,1.0648922580309697,1.6425354322601187,0.020447681298761577,0.04216339785893566
941,-576460726304,1.0684257024540982,1.6464401547822285,0.02197854111848679,0.04348845224467435
942,-576460726286,1.0688242156360201,1.6472226212448597,0.02229332267333679,0.043437778120394344
943,-576460726269,1.069205457611199,1.6479601360607572,0.02259035700393679,0.043389960977514345
944,-576460726252,1.0695918142678384,1.6486969685854502,0.02288744378938679,0.04334213539035434
945,-576460726234,1.070012906619839,1.6494854319851735,0.02380720602214679,0.044090044663234344
946,-576460726222,1.0599365740877442,1.657431726491388,0.01989476083341076,0.047612598955385
947,-576460726216,1.0603028994948933,1.658295374302597,0.02081258522159076,0.048358932460225
948,-576460726199,1.0606857439053807,1.6591724546242261,0.02173040960977076,0.049105265965064995
949,-576460726180,1.0610893434306021,1.6600722904304162,0.02265777023312076,0.049859353907365
950,-576460726162,1.0614899569978824,1.6609623066811958,0.02232971626662076,0.050086322766364995
951,-576460726144,1.0618890178979643,1.6618661765815146,0.02199807046837076,0.050315776685864996
952,-576460726126,1.0622818691836629,1.6627736218028883,0.02166662728627076,0.050545090422464994
953,-576460726108,1.0626718712213052,1.66369260649447,0.021332494835270763,0.050776264768464995
954,-576460726090,1.0630504538912542,1.6646427400716703,0.02068789141801076,0.05468281478095499
955,-576460726072,1.0634135724815534,1.6656520206115948,0.02005015652043076,0.05854773886512499
956,-576460726054,1.0637690875084418,1.6667423132895542,0.01940548155609076,0.06245472248103499
957,-576460726034,1.0613916097564233,1.67011280464636,0.01770895623481125,0.06733583323254157
958,-576460726018,1.061710923009753,1.671308477019492,0.017732883304531252,0.06537656735927157
959,-576460726000,1.0620323898218051,1.6724749963475616,0.017756939178611254,0.06340675435299156
960,-576460725982,1.0623527099267718,1.6736003622247912,0.017780876871371254,0.061446618613081566
961,-576460725963,1.0560451897537728,1.6681776256104377,0.016026483790229196,0.058238002711697025
962,-576460725945,1.0563496748028565,1.669254701974632,0.016795015518129196,0.05786379357959703
963,-576460725927,1.0566578709784413,1.670290280379868,0.017538653014679197,0.057501705806147024
964,-576460725910,1.0569818313012118,1.6713269004771785,0.018287758129429198,0.05713695577089702
965,-576460725892,1.0572678142584264,1.672351150296614,0.015282256803609198,0.06309427083263702
966,-576460725880,1.0534747404501625,1.6753498781823082,0.013819300133234094,0.06442381071696393
967,-576460725874,1.0536937924672545,1.6765587264606872,0.010662624101684094,0.07068077474031394
968,-576460725857,1.0538585027089167,1.6779016386413974,0.007455321301704094,0.07703808794917394
969,-576460725839,1.0539588585543087,1.679245220947721,0.004491803149704094,0.08291218661317394
970,-576460725822,1.0540376809047003,1.6807188479395851,0.004245847930164094,0.08044298375197394
971,-576460725804,1.041447593690009,1.6697010976413171,-7.438519592403671e-4,0.07261716640572718
972,-576460725786,1.0414319978892446,1.6709858952357233,-9.892073545003672e-4,0.07015398532292719
973,-576460725767,1.0414119849475068,1.672226428187737,-0.0012345763821303673,0.06769066738152718
974,-576460725749,1.0413673079183106,1.673531733508611,-0.0036655639190803675,0.07547416079222719
975,-576460725730,1.0348695479861292,1.6799284453607883,-0.00863181365619921,0.08567380601297549
976,-576460725712,1.034693063668111,1.6815356152410348,-0.01102560648391921,0.09333821005369548
977,-576460725693,1.0344730595234546,1.6832844476062752,-0.01342473188643921,0.10101968783921549
978,-576460725677,1.0342313272496484,1.684984562663001,-0.015019378698509212,0.09902915098242548
979,-576460725659,1.0340994946818545,1.6869010131318858,-0.0166517814879917,0.0969854445667368
980,-576460725642,1.033800959341074,1.6885427219404319,-0.0182564669662317,0.0949823768254568
981,-576460725624,1.0334407579907148,1.6902333254548907,-0.0215866114430517,0.09202094317440679
982,-576460725606,1.0330264433755918,1.691848558792013,-0.024871632010971704,0.08909963735060679
983,-576460725588,1.0290347319411106,1.6960748979427436,-0.02953144699108556,0.08732949489807167
984,-576460725570,1.028473197473466,1.6976206328728105,-0.03284740966796556,0.08438067284987166
985,-576460725552,1.0278435081582744,1.6991868650363375,-0.037141399400785556,0.08970315103889166
986,-576460725532,1.0271314129689557,1.7008606553244698,-0.041464979815325556,0.09506230741483167
987,-576460725516,1.0263445997012854,1.7026236104352004,-0.04576970810199556,0.10039809623620166
988,-576460725504,1.0143320776761962,1.6907502882081833,-0.0502050545757547,0.09530130441986977
989,-576460725498,1.0133891828832795,1.692514636234564,-0.0545028624610547,0.10062851527816977
990,-576460725480,1.0124248717122624,1.6942979738274246,-0.0536037710610547,0.09929722383176977
991,-576460725462,1.0114690113804712,1.6960716675014438,-0.0526974224210547,0.09795518653512977
992,-576460725444,1.0105278971130873,1.6978241243376164,-0.0517895618560547,0.09661091051968977
993,-576460725426,1.0083603294419647,1.7004787487866444,-0.051332850294746525,0.09564204014457875
994,-576460725407,1.0073621526570395,1.7022789179992237,-0.055361263854686524,0.09677623921827876
995,-576460725389,1.0063808089875184,1.7039479361332375,-0.05905446070184652,0.09781605809007876
996,-576460725371,1.0052322224089054,1.705798084987573,-0.06310311213654653,0.09895595513357876
997,-576460725353,1.0128383196948052,1.716397366228245,-0.06375469403492624,0.10710589452776954
998,-576460725336,1.0116926569649787,1.7182705207268054,-0.06981913478942624,0.11128684169240954
999,-576460725318,1.0103889983727659,1.7202974387553034,-0.07613458131142624,0.11564083727064954
1000,-576460725300,1.0089606441744847,1.7224194183437356,-0.08250093604542624,0.12002992999192955
1001,-576460725280,1.011046222856504,1.722027573377292,-0.0844998609985179,0.1200957692403468
1002,-576460725264,1.009587653581243,1.7240736125282883,-0.08753166288672791,0.1212251190059468
1003,-576460725246,1.007980941047215,1.7262693921935781,-0.09075423747144791,0.1224255318251468
1004,-576460725225,1.006224526605364,1.728607251360895,-0.09415095695438791,0.1236908138235468
1005,-576460725209,1.025233167319745,1.7514584098341324,-0.08466122059751795,0.13083586526553312
1006,-576460725191,1.023790711006665,1.7536981384038886,-0.08280337719429795,0.12918950998916312
1007,-576460725174,1.022337373775794,1.7559770896607274,-0.08088837601527794,0.12749250350849312
1008,-576460725155,1.0208212220717165,1.7583801863079112,-0.07884104919303794,0.12567823471145312
1009,-576460725138,1.0256214286470278,1.7559679402259276,-0.07665242259453249,0.12579801944306007
1010,-576460725122,1.0242902811792107,1.758170055079762,-0.07678512772730249,0.12803344316250007
1011,-576460725103,1.022906448323462,1.7604963105151725,-0.07692284247692249,0.13035325409514006
1012,-576460725085,1.0215207522601448,1.7628632750858386,-0.0770604960403825,0.13267203434426006
1013,-576460725066,1.0200571041923638,1.7653499688967629,-0.0770807358885425,0.12920925794410007
1014,-576460725054,1.0293154510024156,1.7744649608006133,-0.07371647086584347,0.13313193082123242
1015,-576460725048,1.0279878657241024,1.7768327057827662,-0.07373566200616347,0.12984857477691242
1016,-576460725030,1.026661704987094,1.779138289754866,-0.07375482756824346,0.12656959483883243
1017,-576460725013,1.0253833675289796,1.7813135383936824,-0.07638169931112346,0.12890619808105241
1018,-576460724995,1.0240518920235522,1.7835195216224553,-0.08063192161192345,0.13123333361385242
1019,-576460724978,1.0305040772356366,1.7800118456290204,-0.08214775537294429,0.1310537171042298
1020,-576460724960,1.0289758061465348,1.7824069282637571,-0.0866846671968643,0.1335378245149498
1021,-576460724941,1.0273469902221808,1.7847978459209555,-0.0955400824092043,0.1339475093999398
1022,-576460724925,1.025651126435213,1.7870783994055772,-0.1039615689016243,0.1343371191068098
1023,-576460724907,1.0338421661965178,1.7994483881504055,-0.10924058555158188,0.13903984506586917
1024,-576460724889,1.031799841893009,1.801949797624827,-0.11813909642446188,0.13945152371854916
1025,-576460724872,1.0297147427467204,1.804255094686437,-0.12578920800798188,0.13023694862702917
1026,-576460724854,1.02736867513893,1.8065204795006107,-0.1338751647413819,0.12049739715862917
1027,-576460724836,1.0367612349819588,1.7998175369420986,-0.13720830251702892,0.10720957346795687
1028,-576460724819,1.034149943462471,1.8017062482421302,-0.14547548849652892,0.09725173100095687
1029,-576460724800,1.0314961328577645,1.8035304629554263,-0.1492449962284889,0.10533749808406687
1030,-576460724783,1.028777038404635,1.8054983661174926,-0.15301094564896892,0.11341563242574687
1031,-576460724764,1.025968079366657,1.8076287461568818,-0.15680640812348892,0.12155707362281687
1032,-576460724751,1.0312053475689695,1.8127098696334867,-0.15491787230997733,0.12375577129879642
1033,-576460724745,1.02824907100495,1.8151215075985492,-0.15886194661689734,0.13221599169676643
1034,-576460724727,1.025327069717557,1.817555594135106,-0.16253730404505734,0.13551612473692642
1035,-576460724709,1.0225645995067996,1.8198606490197573,-0.16593715621145735,0.13856887938332643
1036,-576460724693,1.019716153570379,1.8222411295379564,-0.16937137073625735,0.14165248826812643
1037,-576460724673,1.0292876231652353,1.8155773955666508,-0.16840994733067627,0.1386153791839301
1038,-576460724656,1.026274107732912,1.8180777456785595,-0.16709611282555628,0.1397580467689301
1039,-576460724637,1.023259990590499,1.8206191948532027,-0.16577160030675628,0.1409100012314301
1040,-576460724621,1.0204397732333732,1.8230347898610286,-0.16452263839159628,0.1419962478551801
1041,-576460724601,1.018352468764875,1.8263899373081116,-0.16306428500570547,0.14244040033760078
1042,-576460724583,1.0154337929410049,1.8289493951767106,-0.16190101298128548,0.14252957890851078
1043,-576460724568,1.0126887430490705,1.8313749693806356,-0.16079926232986547,0.14261404113792078
1044,-576460724550,1.0098072418514115,1.8339406858309657,-0.15963456559996547,0.1427033289293708
1045,-576460724533,1.0250698043114612,1.8235153693652444,-0.1560243843981189,0.14238603632068417
1046,-576460724515,1.0222290138099048,1.8261337008197525,-0.1593211782989189,0.14826517692326416
1047,-576460724497,1.0193317520664944,1.8288551822056442,-0.1626146785165189,0.15413844393252416
1048,-576460724479,1.0163557981033322,1.8317011001280497,-0.1659295876749189,0.16004988929836417
1049,-576460724461,1.0134109988229547,1.8346111593936993,-0.1631534184576689,0.16515090029201418
1050,-576460724448,1.0157621321826187,1.836887433017003,-0.1623114776114931,0.16614254901751058
1051,-576460724442,1.0127081255143364,1.8400935289648315,-0.15936607329249308,0.17155451732211058
1052,-576460724424,1.0098677970231313,1.843224149948825,-0.15657702917749308,0.17667918501311058
1053,-576460724406,1.0072177807678673,1.8462814074203178,-0.15392929869924307,0.18154419907416058
1054,-576460724389,1.0044488029295309,1.8495137552327054,-0.15484994170624308,0.17890718786621057
1055,-576460724370,1.0252232459071613,1.8359447223610874,-0.14700658410788733,0.16860378476685284
1056,-576460724354,1.0227195261705604,1.8387865846330063,-0.14787825619608733,0.16610704167668283
1057,-576460724336,1.0200498481491072,1.8417522018867647,-0.14880208179948734,0.16346091451139283
1058,-576460724319,1.0174888524335781,1.8445771821753891,-0.15226130684790734,0.16863575140580284
1059,-576460724303,1.0124214959798885,1.8451348813842283,-0.1565939064821818,0.17278050729830347
1060,-576460724283,1.00941207827965,1.8484697567135486,-0.1604538916887418,0.17855486241518345
1061,-576460724265,1.0065053052363182,1.8516524064439617,-0.16219823877322181,0.17471961093512345
1062,-576460724248,1.0037367312702064,1.8545889732924778,-0.16384238610010182,0.17110466610851344
1063,-576460724230,1.0007236955487844,1.8576830420040333,-0.16561316268586182,0.16721130475754342
1064,-576460724218,1.0256465479784587,1.8401793482984583,-0.15637414376501194,0.15919201444669276
1065,-576460724212,1.0228615054699874,1.8429657245209743,-0.15808896338469194,0.15542168425098277
1066,-576460724195,1.0201207670199257,1.8456771134803653,-0.16104685986421194,0.16029663891986276
1067,-576460724176,1.0171935329163804,1.8486089286266527,-0.16414717485727193,0.16540631573075276
1068,-576460724159,1.0142382445526066,1.8516044315403266,-0.16721890282101193,0.17046887781906275
1069,-576460724147,1.0177227982231887,1.854925648326838,-0.16597840179304282,0.17192506515708017
1070,-576460724141,1.01470509077452,1.858068580392285,-0.16908043889630284,0.17703758020427018
1071,-576460724123,1.0116400706206816,1.8612794942598725,-0.17170454596454285,0.17996863144655018
1072,-576460724105,1.008505358418856,1.8645667272920552,-0.17434747167920284,0.18292070256932016
1073,-576460724087,1.0053627604361601,1.8678654399111991,-0.17695742829238284,0.18583594816503016
1074,-576460724069,1.029667166401453,1.851919868198656,-0.1694199070375576,0.17989060339507001
1075,-576460724051,1.026649440963357,1.8551297370314175,-0.1654921886392576,0.17634587990347
1076,-576460724033,1.0237115448905996,1.8582660492289529,-0.1615766755697576,0.17281217158947001
1077,-576460724015,1.0208357929243572,1.8613476805707796,-0.1576498289806576,0.16926823489627002
1078,-576460723995,1.01980740345742,1.8663495047498646,-0.1528297636132622,0.1663370698077073
1079,-576460723978,1.0171115342099015,1.8693391153491734,-0.14641202210308218,0.1655100385626673
1080,-576460723960,1.0145336797831523,1.8723110248817518,-0.1400003357380722,0.1646837876223873
1081,-576460723941,1.0119297050481477,1.8754418880821195,-0.13321073707745218,0.1638088364850273
1082,-576460723922,1.037997681632077,1.8585730569143457,-0.1161007775429372,0.15775742399356063
1083,-576460723905,1.0359505719125843,1.8614600240237065,-0.1097747294075972,0.16078688907724062
1084,-576460723886,1.0341291218402355,1.8642265517564593,-0.10382246465264719,0.16363735398964063
1085,-576460723869,1.0323355903269895,1.8671671068790767,-0.0976073998179272,0.16661367056308063
1086,-576460723851,1.0362207307486242,1.8753903632683497,-0.09246742310508861,0.16895077827376156
1087,-576460723834,1.0346762007284176,1.8782587559052448,-0.08949888464780861,0.16898426377328157
1088,-576460723816,1.0330911314557518,1.8813055247557129,-0.08634638633796861,0.16901982436384158
1089,-576460723798,1.0315539115025318,1.8843711926855864,-0.08317500241588861,0.16905559798656158
1090,-576460723780,1.030003465058852,1.8875597031577336,-0.08401607362658861,0.1747747219732416
1091,-576460723767,1.0604772894031254,1.86594359891363,-0.0728226282174543,0.16479047773771552
1092,-576460723761,1.0591233418449988,1.8690426036885175,-0.0736609331940543,0.1704907918595555
1093,-576460723744,1.0578794386434667,1.8719503645348108,-0.0744227812740543,0.17567121365155552
1094,-576460723726,1.0565321059925314,1.875163306560001,-0.0752392738145543,0.18122320736375552
1095,-576460723708,1.0551895324429226,1.8784646556383289,-0.0739770139997043,0.18569527869655553
1096,-576460723696,1.05532396203282,1.878586162748348,-0.07392948514111468,0.18574898009626717
1097,-576460723688,1.054002996140874,1.8819740891659704,-0.07266533141045468,0.19022776139994718
1098,-576460723674,1.0528423900600836,1.8850683825417627,-0.07153620686254468,0.19422814663162719
1099,-576460723656,1.0515743946041334,1.8885813039642452,-0.07028187343608468,0.19867213549370719
1100,-576460723639,1.0504234611555596,1.8919673365713925,-0.06509020943544468,0.1995909328604672
1101,-576460723621,1.0802076552639701,1.873336962659543,-0.04823799207638496,0.19026746836466554
1102,-576460723603,1.079393066249427,1.876751598125387,-0.04277245589222496,0.19123473439985555
1103,-576460723584,1.078699960059012,1.8800078944535878,-0.03821208467155496,0.18924038719863556
1104,-576460723568,1.0780517291073057,1.8834153700233136,-0.03338795417598496,0.18713069246401556
1105,-576460723550,1.078604247000303,1.887701869060789,-0.028259639654259486,0.18549109732582636
1106,-576460723532,1.0781386871676462,1.8910222005492396,-0.023463483627239486,0.18339363642050635
1107,-576460723514,1.077746191401118,1.8943350200036362,-0.020166548223399486,0.18486108283210634
1108,-576460723496,1.0774126936068076,1.8976777820106476,-0.016866131173679487,0.18633007890365633
1109,-576460723477,1.077132513157194,1.9011320834553984,-0.013482704356399486,0.18783602213085632
1110,-576460723465,1.1074001399865692,1.8789371151309822,-0.0024214564363122595,0.1775467215652225
1111,-576460723459,1.1073858466674702,1.8820618620756095,7.906367547677409e-4,0.17897640521067248
1112,-576460723442,1.107429606471287,1.8853133153682733,0.004069133784067741,0.1821156368420725
1113,-576460723425,1.107532357299149,1.8886200063035785,0.007346356479467742,0.1852536482712725
1114,-576460723406,1.1074665736348646,1.8917881362629945,0.010543376087757055,0.18830507564341734
1115,-576460723388,1.1076857217571048,1.8952041436121898,0.013818596258457055,0.19144116961201735
1116,-576460723370,1.1079434556722478,1.898630124264425,0.014812143037577054,0.18913877398221735
1117,-576460723352,1.1082189983758428,1.902013718402251,0.015805413892797056,0.18683701776466735
1118,-576460723334,1.1085124021629036,1.9053556986945919,0.016798629563237057,0.18453538942956735
1119,-576460723319,1.1400996356435091,1.8816681641202497,0.028318341836690346,0.17353902428423873
1120,-576460723316,1.1406177781298477,1.8847680673112257,0.029310674550650347,0.17123944206833874
1121,-576460723298,1.141188343492496,1.887892734746456,0.03400457403708035,0.17550276902085873
1122,-576460723279,1.1418425009333053,1.8910895662848097,0.038691702098850346,0.17975994569313875
1123,-576460723261,1.1425906056993684,1.8944036877924282,0.043436387270230345,0.18406939974745876
1124,-576460723249,1.1396199099195747,1.8919436825285292,0.04238995726055754,0.18297505323903016
1125,-576460723243,1.140465242395386,1.895373095647103,0.04768276259145754,0.18243923749873014
1126,-576460723226,1.1413163858794237,1.8984697099152028,0.05247533155277754,0.18195406305429015
1127,-576460723208,1.1423065654080442,1.901740077094758,0.05755072863060754,0.18144025658068016
1128,-576460723191,1.1433266094164354,1.9048231508245823,0.06234865525315754,0.18095453975483017
1129,-576460723174,1.1728115518195146,1.8859584451352762,0.07614018080105003,0.17195919142160354
1130,-576460723157,1.1741336025370617,1.8888881709363419,0.07959673963093003,0.17316105843886354
1131,-576460723139,1.1756013238364023,1.8920207243817087,0.08326625408197003,0.17443697145094353
1132,-576460723121,1.1771350105930787,1.895175923457578,0.08693536135209003,0.17571274288368352
1133,-576460723102,1.1787188737130536,1.8983574119521693,0.08930399771933002,0.17829732661574352
1134,-576460723090,1.1744882606346079,1.8949608083332714,0.08781469375116886,0.17678302446356461
1135,-576460723086,1.1760904540600254,1.898166556418377,0.09018701999368886,0.1793716344749446
1136,-576460723067,1.1777493320661148,1.9014463822971674,0.09257924520646886,0.1819819576355146
1137,-576460723048,1.1794312203161457,1.9047339093553985,0.09494313744834885,0.1845613647227346
1138,-576460723031,1.1811331731313794,1.9080609541059306,0.09479519200914885,0.1863466342217346
1139,-576460723013,1.2080354772176247,1.8912731590311043,0.10378917439973494,0.17877621019090675
1140,-576460722995,1.2099022427539217,1.8945070714098398,0.10364074240641494,0.18056735097755675
1141,-576460722977,1.2117811359788417,1.8977993008133907,0.10349113113785494,0.18237272217325676
1142,-576460722959,1.213658332330715,1.9010892460794648,0.10482006587412493,0.18271025691725676
1143,-576460722940,1.2106914942480584,1.9005737869154606,0.10443064988392176,0.18135597731694808
1144,-576460722923,1.2125810759523221,1.903837594585285,0.10575641399412175,0.18169270675694807
1145,-576460722905,1.2144899002677367,1.9071156128540427,0.10639410730787176,0.18263274684214806
1146,-576460722887,1.2164131967786411,1.9104156872026454,0.10703279286462176,0.18357424961822805
1147,-576460722868,1.2351902380055746,1.8999234821226698,0.11376459863484711,0.17810433660955197
1148,-576460722850,1.2373397377596183,1.9032880597304016,0.11443220098759711,0.17908846637699197
1149,-576460722832,1.2394150692618549,1.9065240458903396,0.11621144229275711,0.18054547004643196
1150,-576460722815,1.2414051860940452,1.9096053818264407,0.1178924081001771,0.18192199685171195
1151,-576460722798,1.2435432661708683,1.9128930937174515,0.1196720448801771,0.18337932437171195
1152,-576460722786,1.2374100603727158,1.9082232207339769,0.11751529809101248,0.181290406841715
1153,-576460722780,1.2394242525140657,1.911320144766773,0.11919784579779248,0.182668229049235
1154,-576460722763,1.2415851336190795,1.9146407392898832,0.12052714921151247,0.185713679438715
1155,-576460722742,1.2437599874248193,1.9180007595119082,0.12185040631505248,0.188745277657575
1156,-576460722727,1.2458424684225409,1.9212344143115496,0.12310413085152248,0.191617575914305
1157,-576460722709,1.2740658069134354,1.9027293664121048,0.13380634571132244,0.18447044144442348
1158,-576460722691,1.2765274600740695,1.9060551554031968,0.13933131427582243,0.1845491414784235
1159,-576460722674,1.2789348917417622,1.9091861060336868,0.14453045529058242,0.18462320028434348
1160,-576460722655,1.2815877462316672,1.9125120626766918,0.15005113261736241,0.18470183919210348
1161,-576460722638,1.270692422611606,1.9057937300773886,0.15077219316843754,0.18027892697710154
1162,-576460722621,1.273270273214817,1.9088747905516694,0.15243300598599754,0.18211350707146154
1163,-576460722603,1.2760379082379976,1.9121798830698324,0.15419617894427753,0.18406115702814155
1164,-576460722586,1.2786629146951078,1.915312058258505,0.15585005705764754,0.18588807685511155
1165,-576460722568,1.2813258492120576,1.9184869949395085,0.15751008850008755,0.18772179382075155
1166,-576460722551,1.304754521925501,1.9039660150811415,0.16443569441083034,0.1796233033380044
1167,-576460722534,1.3075595900953578,1.9070358504243914,0.16398816343447034,0.17980010647932437
1168,-576460722515,1.3104870200646754,1.9102517908328613,0.16351980426901033,0.17998513807734437
1169,-576460722500,1.3132638863564192,1.9133396313701851,0.16307429061411033,0.18318340497749436
1170,-576460722481,1.316193761444563,1.9166705729975793,0.16216021991968033,0.18657200684400435
1171,-576460722470,1.3044137926557655,1.9082350896245057,0.1580182542838325,0.18278569256080524
1172,-576460722464,1.3072692258957845,1.9115786011991198,0.1570988058076625,0.18619423069849525
1173,-576460722446,1.309909919760471,1.9147436205977044,0.1562436877772125,0.18936428589414525
1174,-576460722429,1.3125653406702824,1.917978808139915,0.1560118284282525,0.19106698670822525
1175,-576460722409,1.315469942567052,1.9215563381386032,0.15575781647804252,0.19293236913230524
1176,-576460722393,1.3394430996550095,1.9058755694386242,0.16313179297629124,0.1858819596758957
1177,-576460722375,1.342377589257436,1.9092380381860532,0.16288638305155123,0.18768417157941572
1178,-576460722357,1.345340947363184,1.912612740978031,0.16622935503683123,0.18711622735189573
1179,-576460722340,1.3481928241892318,1.9157882266376696,0.16938427556603122,0.18658023156409573
1180,-576460722322,1.3329966354121936,1.9064289435239545,0.16630162511652677,0.1802963055744658
1181,-576460722304,1.335849740468246,1.9094885246129856,0.16945654564572676,0.1797603097866658
1182,-576460722288,1.3387335593182896,1.9125466086198812,0.16989610792496676,0.1800989520273858
1183,-576460722270,1.3417962197400435,1.9157919784924518,0.17036168807034677,0.1804576386370258
1184,-576460722253,1.3446952515894985,1.9188617335042173,0.17080122448689677,0.1807962609529258
1185,-576460722241,1.3653767777280146,1.9000976598491377,0.17817220603698702,0.17215606736491393
1186,-576460722235,1.3685932476976348,1.9032046998176342,0.17863848447499703,0.17251529194469392
1187,-576460722217,1.3717876366975699,1.9063418082007542,0.17619506175494704,0.1759555087350939
1188,-576460722198,1.3749373368637885,1.9095401401058114,0.17375218186693703,0.1793949612451739
1189,-576460722180,1.3780452897586017,1.912802762459027,0.17130753777479704,0.1828368976662939
1190,-576460722163,1.3605470593230555,1.9021894111540179,0.16164043215296453,0.17999855101080406
1191,-576460722145,1.3634596795424525,1.9054465243514047,0.16191213609820454,0.18182251068512406
1192,-576460722127,1.3663768671520298,1.9087361088260297,0.16218380986082453,0.18364626774228407
1193,-576460722110,1.369297808244666,1.9120572262875064,0.16245537798427453,0.18546931563938407
1194,-576460722091,1.3870220720970245,1.9016818127992454,0.1686968022529872,0.17713064507559192
1195,-576460722073,1.390081808637407,1.9048664810023093,0.16969476381450718,0.17507773836435192
1196,-576460722054,1.393152252578495,1.9080065842676963,0.1706903524304872,0.17302971303934192
1197,-576460722037,1.396207351899708,1.9110765665245473,0.17167523519914718,0.17100371071267192
1198,-576460722019,1.3829262571851761,1.9032976927424576,0.1662207222571155,0.16860623470875907
1199,-576460722002,1.3859232971524589,1.9063576169539413,0.1665249163886755,0.17112111196423907
1200,-576460721983,1.3889211456643522,1.9094579824113331,0.1668286376971155,0.17363208022875906
1201,-576460721965,1.391951198301288,1.9126316948186566,0.1671350608519555,0.17616538558447906
1202,-576460721946,1.4135565376372226,1.8982523064089547,0.17406459246266043,0.17158993587528198
1203,-576460721929,1.4167195088966378,1.9013993504933553,0.17441458557020043,0.175134471594632
1204,-576460721910,1.419969402100426,1.9046931303053547,0.17477346684072043,0.178769021689932
1205,-576460721892,1.4231820179081434,1.9080087864870645,0.17512750878606043,0.182354561788782
1206,-576460721876,1.4259992262243297,1.9109216087818015,0.17717766425046041,0.18190758974464202
1207,-576460721858,1.4112501094088983,1.9025416413709693,0.17316426418364025,0.1761309561413331
1208,-576460721840,1.4143934482337923,1.905713091087004,0.17547580068924026,0.1756269981659731
1209,-576460721822,1.417389553171332,1.908689281850929,0.17765107037444025,0.1751527488933531
1210,-576460721805,1.4206049569860981,1.9118561988165195,0.17937800077436025,0.1764924837949131
1211,-576460721787,1.4460823889240317,1.893627657161584,0.18892486702132616,0.16804205927328916
1212,-576460721770,1.4494970433472285,1.8966631087647303,0.19064987988804616,0.16938030657224917
1213,-576460721751,1.4529494673818941,1.899728613308223,0.19237824843786616,0.17072115717575917
1214,-576460721733,1.456401975590279,1.9028345554763983,0.19174594030098616,0.17484428209607916
1215,-576460721715,1.441593934273732,1.8945629636962227,0.18468142478291494,0.1737725675342593
1216,-576460721697,1.4449121334521493,1.8977276717777434,0.18404834279317495,0.1779007385576193
1217,-576460721681,1.4480264844943542,1.900738966326914,0.18225970733677493,0.1762858703780193
1218,-576460721663,1.4512884952912244,1.9038951556783625,0.18036725023867495,0.1745772669071193
1219,-576460721641,1.4545646432524477,1.907067276622241,0.17844639208357496,0.17284302156321932
1220,-576460721632,1.4735354133416063,1.8884181324144664,0.18509237260885208,0.16433733626466815
1221,-576460721625,1.4770139563619002,1.8915063332576663,0.1831048245643521,0.16254288000416814
1222,-576460721609,1.4799114587438977,1.8941009226584269,0.18239531822940208,0.16474685834471814
1223,-576460721591,1.4831909568097732,1.8970922304790478,0.18158892881560207,0.16725178989291814
1224,-576460721575,1.4862651732555812,1.8999496611849649,0.18082975032475207,0.16961006756856814
1225,-576460721563,1.4642460396957266,1.8865148273950605,0.17306068659510293,0.16348659321717243
1226,-576460721556,1.4673957392951447,1.8895204448044804,0.17224431800043294,0.16602252364080244
1227,-576460721539,1.4700990701825065,1.892153859905156,0.17055696114767294,0.16791294436268245
1228,-576460721522,1.4731507522323197,1.895194689688352,0.16863188511365293,0.17006969242694245
1229,-576460721504,1.4761686279966848,1.8982751891299172,0.16670627415798292,0.17222703978765244
1230,-576460721486,1.497557763300918,1.8829522252787942,0.17119851467556219,0.16599269226241192
1231,-576460721468,1.5004734723838287,1.885785234458742,0.1706597433747022,0.16616924699749192
1232,-576460721451,1.5035320666331207,1.8887699725922598,0.1700927353788622,0.16635505486501193
1233,-576460721434,1.5065855677124798,1.891763042579155,0.1695247798429222,0.16654117324033194
1234,-576460721417,1.509297301734392,1.8944323603218982,0.1690187934295222,0.16670698440553194
1235,-576460721404,1.4881153309970407,1.8817854859636185,0.1615312561030554,0.16091657191425307
1236,-576460721398,1.4911886559842589,1.8848703923994983,0.1617044388084154,0.16353719710969308
1237,-576460721381,1.493938138139654,1.8876696091268699,0.1618592158423654,0.1658793050817431
1238,-576460721364,1.4968538895086785,1.8906786038972125,0.1620231911584154,0.16836060275969308
1239,-576460721345,1.4997829732505743,1.8937432085961126,0.1621877493359054,0.17085072037940308
1240,-576460721332,1.5151522616879256,1.8781726361474478,0.16752469270947737,0.1637808987141675
1241,-576460721326,1.5181753816151093,1.88113056229526,0.16918187600287737,0.16566457077544752
1242,-576460721309,1.5212304804982617,1.8841244916782978,0.17084025901687738,0.16754960652424752
1243,-576460721290,1.5243241780749375,1.8871609364569186,0.1725033486270774,0.16943999212408753
1244,-576460721272,1.5276042054985801,1.8903939108160404,0.17292632054700738,0.17103437564187754
1245,-576460721260,1.507129053013814,1.8783994288419128,0.16567568185899242,0.16551840488219385
1246,-576460721254,1.5101129965474813,1.8813905234691692,0.16607633700446242,0.16702866580060385
1247,-576460721238,1.512935850609954,1.8842384362310998,0.1664544749254024,0.16845404852742385
1248,-576460721220,1.5159359729706658,1.8872845496950073,0.16685541960986242,0.16996540085680384
1249,-576460721202,1.5189490174000533,1.8903398486405592,0.16753717007855243,0.16911666401770384
1250,-576460721183,1.53382476757003,1.8811052362362908,0.17231501070668737,0.16271332844630274
1251,-576460721165,1.5369344693248532,1.884028226936662,0.17299638286647737,0.16186506257820274
1252,-576460721148,1.5398798325608214,1.8867721610822223,0.17363928101113738,0.16106469446080274
1253,-576460721128,1.5429893897281377,1.889687561216095,0.17205912558323738,0.16304871675350274
1254,-576460721112,1.5229586026737687,1.8792770604079927,0.16227437863846184,0.1588594523908615
1255,-576460721094,1.5258645087174187,1.882153592455779,0.16069378403451184,0.1608440261072115
1256,-576460721077,1.5285532019441785,1.8848727997512307,0.15921736198962183,0.1626978021337815
1257,-576460721059,1.5314404339462935,1.887836371563642,0.15804344808840182,0.1629515371785015
1258,-576460721043,1.5482282750195964,1.8756277997068003,0.16192388941793748,0.15647730745901278
1259,-576460721026,1.5511314919006816,1.878445709268511,0.1607633264412575,0.1567281567746928
1260,-576460721008,1.5538569049336015,1.8811138289852032,0.1596661642318375,0.1569653023626128
1261,-576460720990,1.5567276141123285,1.8839398980036655,0.15924836987104748,0.1569900404649428
1262,-576460720972,1.559431165291001,1.8866086132236666,0.1588538984749075,0.1570133975867228
1263,-576460720961,1.5376315611353555,1.874230132894572,0.15110377495323254,0.15126845147241746
1264,-576460720955,1.5403484229918147,1.87695394409284,0.15068593417858253,0.15129319232296745
1265,-576460720937,1.5429046263893622,1.8795240084896294,0.15029174126560252,0.15131653295542746
1266,-576460720921,1.5454641428011269,1.8821135537694673,0.15038566393435251,0.15288849257617745
1267,-576460720903,1.5482056872361067,1.8849151261126293,0.1504862011863525,0.15457115878049746
1268,-576460720889,1.5618838606374283,1.8706167557949123,0.1551784006154355,0.14811942997039879
1269,-576460720883,1.5649525051615412,1.8735628212349422,0.1552874557294355,0.1499446574466388
1270,-576460720866,1.567581749761005,1.8761283576490575,0.1544362572477955,0.1522742628166788
1271,-576460720847,1.5703540945947858,1.8788921418924156,0.1535336198662755,0.1547446489093988
1272,-576460720830,1.5731107988686788,1.8817010318282248,0.1526307819432355,0.1572155838548388
1273,-576460720811,1.5519743945171869,1.871234769026834,0.14311441812046521,0.15353880358628474
1274,-576460720795,1.5544132832326993,1.8738398944742058,0.14445647157562522,0.15363316285304474
1275,-576460720776,1.5568791640494146,1.8764510785439412,0.1458008195450052,0.15372768344622473
1276,-576460720760,1.5595218438115723,1.8792247696817734,0.1472279282686652,0.15382802291648473
1277,-576460720741,1.57566064253457,1.8677409630869888,0.15325666650516256,0.14750929337705676
1278,-576460720723,1.5784256586776126,1.8704182179846314,0.15429198407518258,0.15027780385251677
1279,-576460720706,1.581212708080452,1.8731486205253087,0.15532856837044257,0.15304970163849677
1280,-576460720687,1.5840193573023111,1.8759298604741952,0.15636549813622255,0.15582252323643678
1281,-576460720669,1.565296632281793,1.8668521510710265,0.14971142678936594,0.15301558870763338
1282,-576460720651,1.5679965909467455,1.8696251631971104,0.14995102215096595,0.1547549025336334
1283,-576460720633,1.5706917055171832,1.8724199717907186,0.15018980645168595,0.1564883285603334
1284,-576460720616,1.5734002845836506,1.8752555626889482,0.15042940181328596,0.1582276423863334
1285,-576460720597,1.5903455552448675,1.8630112586609762,0.15550537171620693,0.15318143594666553
1286,-576460720579,1.5931517809872862,1.8657429206808986,0.15805692141956693,0.15204924955783553
1287,-576460720561,1.595993880066326,1.8684451116381098,0.1605997754118869,0.15092092167337554
1288,-576460720545,1.5987412516496649,1.8709984803074282,0.16302017668644692,0.14984692912094555
1289,-576460720526,1.6016963868539038,1.8737039071700723,0.16545592004440693,0.15087300225726555
1290,-576460720509,1.5795862959177869,1.8616947021827954,0.15754759588087172,0.14522053903574061
1291,-576460720507,1.582476242438514,1.8643473069375598,0.16001149655659172,0.14625847362998062
1292,-576460720491,1.5851880832916174,1.8668166189222914,0.1622895318607517,0.1472181111967006
1293,-576460720473,1.5879611351224139,1.869322676945976,0.1645863838339917,0.14818567541078062
1294,-576460720456,1.5909275120003181,1.8720131515740759,0.16490121784369172,0.1506563359298606
1295,-576460720438,1.6084107934541823,1.8590012200422212,0.1701364195491171,0.14606373272841042
1296,-576460720420,1.6114759111168264,1.8616524472329912,0.1704511311641671,0.14853343275523043
1297,-576460720401,1.614719688043822,1.8645011631300081,0.1707835550335671,0.15114212973339042
1298,-576460720384,1.6176277934514565,1.8670801740208907,0.1714874280341171,0.1523959025013504
1299,-576460720364,1.598396443404225,1.8579041823792635,0.16423048655674702,0.14808043169739962
1300,-576460720348,1.601359467397038,1.8605817321969962,0.16497611227809703,0.14940857643911962
1301,-576460720331,1.604173525985754,1.8631355033914494,0.16568114507644702,0.15066441509523962
1302,-576460720314,1.6071757373985902,1.8658274837758606,0.16836184939769702,0.14886052336498962
1303,-576460720295,1.625166073994897,1.8521179498932818,0.17609596058098473,0.13971971107977932
1304,-576460720278,1.628358530941281,1.8546155437774428,0.17877920019978472,0.13791411330449932
1305,-576460720260,1.631416788985499,1.8569436753980737,0.1813124098576847,0.1362094732527593
1306,-576460720243,1.634509503650764,1.8592703531940187,0.18270767786184472,0.1376461995279593
1307,-576460720226,1.637833462877144,1.8617782439968842,0.18419548747621473,0.13917821714685932
1308,-576460720213,1.6113163017657357,1.8479087602835529,0.17467384991151164,0.13258752873350405
1309,-576460720207,1.6144591130835335,1.8502979026069828,0.17614507265342164,0.13410246662620404
1310,-576460720189,1.617643381980941,1.8527257158574686,0.17762327501988165,0.13562459153240403
1311,-576460720170,1.620833707051147,1.855181809224419,0.17638527693372166,0.13691129028632404
1312,-576460720152,1.6241679022820936,1.8577922760873973,0.17508209574815167,0.13826573632816405
1313,-576460720134,1.6366000029011813,1.8499334833613148,0.1769775392342839,0.13492200551685224
1314,-576460720116,1.6397879428102784,1.852368932170443,0.17711997371662389,0.13559324596911224
1315,-576460720100,1.6428068610896405,1.8546845807778216,0.17725475094144388,0.13622840063009223
1316,-576460720082,1.6458133523997684,1.8569996916036313,0.17738887160389388,0.13686046115814224
1317,-576460720064,1.6248529891937347,1.8469427414987452,0.16883906151854186,0.1315531381003918
1318,-576460720047,1.6277302487651546,1.8491897435953488,0.16950284481022185,0.1326757067495118
1319,-576460720030,1.6306162454677684,1.8514538313728308,0.17016604268625185,0.1337972853627818
1320,-576460720012,1.6336899993204104,1.8538763845373876,0.17086955618671185,0.1349870444449218
1321,-576460719994,1.6510630334813132,1.8403380959302105,0.17636984722069787,0.1290498069374707
1322,-576460719976,1.6542284466312052,1.842679542610848,0.17528411599564786,0.1310675824573507
1323,-576460719958,1.6573730939716815,1.84505638370941,0.17419880692904785,0.1330845734175107
1324,-576460719939,1.660679946017973,1.8476114410039657,0.17305017409494786,0.1352192483356707
1325,-576460719921,1.6409650766021573,1.8384677529025355,0.16372532722751976,0.13168554155593257
1326,-576460719901,1.6440416831073708,1.8409429196648772,0.16366030780451976,0.13170012083743257
1327,-576460719884,1.6469914253708335,1.8433172037838865,0.16359794520071977,0.13171410438133258
1328,-576460719868,1.6497696374685258,1.8455544797377372,0.16353918729171976,0.13172727964583258
1329,-576460719851,1.6525901737554518,1.8478268907212434,0.16347951264171975,0.13174066047083258
1330,-576460719840,1.6630792945510147,1.8359664243271938,0.16699110504574882,0.12645900972183693
1331,-576460719833,1.666063172382448,1.8382383487187703,0.1666080711444488,0.12754338186813693
1332,-576460719817,1.668864153799573,1.8403934886424094,0.1662477122334488,0.12856356092913693
1333,-576460719796,1.671859612537855,1.8427225092224326,0.16586146657714881,0.12965702558043693
1334,-576460719780,1.674673019023266,1.8449329547187112,0.1654978744994488,0.13068635776313692
1335,-576460719762,1.6522869313494923,1.834501136260228,0.16012373584975237,0.12424813499896695
1336,-576460719745,1.6550396550303028,1.8366111694534712,0.16370706008113237,0.12397646275918695
1337,-576460719727,1.6580242121471183,1.8388428782090973,0.16750558189149237,0.12368847516402695
1338,-576460719708,1.6612531811624907,1.8412041400006676,0.17247536208034236,0.12493082376412695
1339,-576460719691,1.6722836381782784,1.834213133985868,0.1796706293226228,0.12198926783183704
1340,-576460719673,1.6755523508426873,1.8364143633146297,0.18436909274096278,0.12316379250467704
1341,-576460719655,1.6788640389925313,1.8386094562344244,0.18901025782493278,0.12432399370589704
1342,-576460719638,1.6821068916077602,1.8407501414027598,0.1925018145549328,0.12752132021589704
1343,-576460719621,1.661028938664205,1.8308177050861763,0.18718641756341353,0.12486848493116805
1344,-576460719602,1.6644233588675263,1.833090291712428,0.19087452839874353,0.12824580211587805
1345,-576460719586,1.667705484516026,1.8353027740487826,0.19437409517065352,0.13145046366904806
1346,-576460719568,1.6712045861482194,1.8376443864016192,0.1951290641985735,0.12920655785224805
1347,-576460719550,1.6747223453080042,1.8399489834853853,0.19588512574025352,0.12695940488504806
1348,-576460719538,1.6858149649531255,1.827182142951034,0.19957931696455422,0.12129305598577303
1349,-576460719533,1.6894398431699318,1.8293604224545603,0.20034105117383422,0.11902904281457302
1350,-576460719515,1.6928561361238916,1.831368441419317,0.20105631152855422,0.11690315842577302
1351,-576460719499,1.69644596549846,1.8334793104031222,0.20116546713455422,0.11960877253277302
1352,-576460719479,1.7000685383894496,1.8356571904740029,0.20127555836003422,0.12233757761783302
1353,-576460719461,1.677553603028107,1.825077042036182,0.1919219774060848,0.11885993777833989
1354,-576460719443,1.6810020840956619,1.8272365774065242,0.1920318240251648,0.1215826798625999
1355,-576460719425,1.6844609336059182,1.8294762359887728,0.1892766877438048,0.1253204821094599
1356,-576460719408,1.6876772283226713,1.8316506273435513,0.1866782762250048,0.1288456610557599
1357,-576460719389,1.6982380334214038,1.8254653051257295,0.1863948745120845,0.12873553059608747
1358,-576460719373,1.7015749670722515,1.8278205572587916,0.1836559877942845,0.13245128759763747
1359,-576460719355,1.7046879762268121,1.8300814069479658,0.1832926954803845,0.13404835160485748
1360,-576460719337,1.7079885316322287,1.8325130552984752,0.18290672817618447,0.13574509680401747
1361,-576460719318,1.6871002467670702,1.8232562459957826,0.1737459020485275,0.1317463347870301
1362,-576460719302,1.6902020917785914,1.825633534947439,0.1737802882513175,0.1346016515057901
1363,-576460719284,1.693362431011614,1.8281075761967618,0.1738153159086775,0.1375102324936301
1364,-576460719266,1.696455258000881,1.8305794751973732,0.1738495884603575,0.1403561119995501
1365,-576460719247,1.7109057175851792,1.819816463022698,0.17763309965010413,0.13734766004356103
1366,-576460719229,1.7141092101907645,1.822284382712763,0.1786470099629041,0.13712486290200102
1367,-576460719212,1.7173420750309274,1.8247567837460963,0.17966441593490412,0.136901297622601
1368,-576460719194,1.7203947636884558,1.827074934234201,0.18061985852850412,0.136691348205881
1369,-576460719174,1.7236628653065689,1.829539239559252,0.18163715173730413,0.13646780770512099
1370,-576460719159,1.7267426567528985,1.8318626927896537,0.18158863506888412,0.137556632724401
1371,-576460719141,1.7300550836800812,1.8343829614661633,0.18153643916732412,0.138728028151441
1372,-576460719124,1.7330979585318462,1.8367176202536293,0.18148847753096412,0.139804396981681
1373,-576460719107,1.7361828492368176,1.8391035729369378,0.1814398407009641,0.140895918701681
1374,-576460719089,1.7394525392427813,1.8416542121559747,0.18149611289694412,0.142225317732641
1375,-576460719071,1.742725603342442,1.844230670704304,0.1815524256933541,0.143555675925961
1376,-576460719053,1.7459878782567309,1.846821699504863,0.1816085354876141,0.144881238307481
1377,-576460719035,1.7492960325022366,1.849472658689613,0.1816654166900441,0.146225024773841
1378,-576460719017,1.7525311858147263,1.8520930796992654,0.18228478158756412,0.148568653891061
1379,-576460718997,1.7560014339158256,1.8549401322058625,0.1829468240640841,0.151073771683531
1380,-576460718979,1.7591273930039084,1.8575364812017352,0.1835411398356441,0.15332261683544102
1381,-576460718962,1.7267888434163219,1.8425501208645012,0.17070426847675724,0.14464320261794356
1382,-576460718944,1.7298620492955386,1.845153000996317,0.17078202289682723,0.14458176897111355
1383,-576460718926,1.732937850695109,1.8477557870261871,0.17085980755640723,0.14452031143209354
1384,-576460718908,1.7360230867568653,1.8503642560139728,0.17093779525269723,0.14445869347408355
1385,-576460718889,1.747378015248431,1.8427282696481972,0.174831424413522,0.14132479794334274
1386,-576460718871,1.750545698955152,1.8452921999832035,0.17602239479464202,0.14265707446138273
1387,-576460718853,1.7537180530419803,1.8478665085798927,0.17720709934056203,0.14398234171602273
1388,-576460718836,1.7569143626763406,1.8504668012494447,0.17839279322888202,0.14530871569646273
1389,-576460718817,1.7247352245023035,1.8358122095825626,0.16682759586183254,0.1376685703833623
1390,-576460718799,1.7277917571756194,1.8383316766306246,0.16798812035199254,0.13831642776120232
1391,-576460718780,1.7309489855886329,1.8409282893918566,0.16917851922655253,0.1389809623746423
1392,-576460718762,1.7340024521957924,1.8434340196049348,0.17032188183631253,0.1396192392128823
1393,-576460718745,1.7468561580886335,1.833366019407447,0.1736808751220961,0.13495031266881818
1394,-576460718727,1.7499851626943042,1.8358031610950738,0.1738125565699161,0.1357078790827282
1395,-576460718709,1.7531165387511687,1.8382539457962488,0.1739442380177361,0.1364654454966382
1396,-576460718691,1.7562629856291518,1.8407279470779323,0.17527295154753608,0.1381184925370382
1397,-576460718671,1.7210150001408873,1.824950350090978,0.1628615928074875,0.13104870055751613
1398,-576460718655,1.7239548418243502,1.8273211682363688,0.1641872094467075,0.13269789476907615
1399,-576460718637,1.7269224877728149,1.8297248599518499,0.1655145957376875,0.13434929059711614
1400,-576460718619,1.729739682092361,1.8320120681359948,0.1660760727588075,0.13486071224479615
1401,-576460718601,1.7327437380866852,1.8344520193840326,0.16667270818096752,0.13540415794103614
1402,-576460718588,1.742301595438919,1.822762997927525,0.16976851555936437,0.13038080943046787
1403,-576460718582,1.7455253234092811,1.8252396421669401,0.17039482414330437,0.13095128294212788
1404,-576460718566,1.748432622763689,1.8274746328651506,0.17095768899604438,0.13146396869698787
1405,-576460718546,1.7515387213951747,1.8298774237331938,0.17091657565486437,0.13300038307708786
1406,-576460718529,1.7545844372819983,1.8322611845939514,0.17087625195410439,0.13450728842528786
1407,-576460718511,1.7249306949622847,1.8192656665877205,0.15914406586909444,0.12864821573831306
1408,-576460718493,1.7279457505590525,1.821718471389933,0.15910119450325444,0.13025032787711305
1409,-576460718474,1.7308164132669999,1.8240895319626347,0.15987904972667444,0.13321548385707305
1410,-576460718456,1.7337026831623237,1.8265153241924552,0.16065733711589444,0.13618228723743306
1411,-576460718440,1.736438811554335,1.8288531161536,0.16139167324325446,0.13898154999711307
1412,-576460718428,1.7454536405624816,1.8178792511474822,0.16429937032160402,0.13428815954770873
1413,-576460718421,1.7484281001080295,1.820331498674616,0.16507990497298403,0.13726352941014874
1414,-576460718405,1.7512297856108383,1.822653795405468,0.16561951698274402,0.13685081559126874
1415,-576460718386,1.7542175918326304,1.8251143918783064,0.16619304582385402,0.13641216101358875
1416,-576460718370,1.7570446409918914,1.8274275669829638,0.16673389985842402,0.13599849725142873
1417,-576460718351,1.7294883454478052,1.8156431724755533,0.15680223105564917,0.1301175417761325
1418,-576460718333,1.732317638372042,1.8179921782486883,0.15777336648012916,0.1310572161886125
1419,-576460718315,1.73518408481359,1.8203744549012026,0.15875119641164917,0.1320033682321325
1420,-576460718297,1.7380321443296487,1.8227438230020254,0.15971682506420917,0.13293771427069248
1421,-576460718279,1.7518555183710314,1.8118791588426157,0.16371004416934534,0.13177500195150185
1422,-576460718262,1.7548100337833377,1.814294521478707,0.16418689965244535,0.13628588657757185
1423,-576460718243,1.757766226753928,1.8167852615230298,0.16466264376934533,0.14078625807150186
1424,-576460718225,1.7607357621523714,1.8193611271639558,0.16513915525814535,0.14529388863286186
1425,-576460718206,1.7288969520231374,1.8060901906124918,0.1525154976720362,0.13549371102632093
1426,-576460718188,1.7316386095122849,1.8085090724279402,0.1523671811322362,0.13349509247087094
1427,-576460718170,1.7343779039661766,1.8108922720813947,0.1522188480990762,0.13149625166148093
1428,-576460718152,1.7371254794095103,1.8132488421107509,0.1520699213049562,0.12948940971025094
1429,-576460718135,1.73971038975413,1.8154620031825925,0.15277238597960618,0.13151195497417095
1430,-576460718117,1.7476537339616773,1.811570922696561,0.15517948081071087,0.13098999552418616
1431,-576460718100,1.75029901759101,1.8138160499608924,0.15588397513151087,0.13301838457122617
1432,-576460718082,1.7531155551540072,1.8162330803100137,0.15663059496526086,0.13516806193322617
1433,-576460718063,1.7560938570632811,1.8187996544921283,0.15715562526062085,0.13523958513147616
1434,-576460718045,1.7280911485586108,1.8071075051796652,0.14665457410156021,0.1285026063038337
1435,-576460718028,1.7307360000853667,1.8094216767503677,0.14715252729324022,0.12857044087483369
1436,-576460718010,1.7332459841001804,1.8116229270676298,0.1479487618506802,0.13023272381415368
1437,-576460717993,1.735765942994617,1.8138492890279536,0.1487438730391602,0.1318926615185937
1438,-576460717975,1.7455408032787203,1.8077637104018855,0.1518547157621587,0.1300553140337555
1439,-576460717955,1.7482829924823569,1.8101215909069817,0.1526976169384787,0.1318150219387155
1440,-576460717938,1.7511939389970503,1.812642385312551,0.15304196027959868,0.1329464952936755
1441,-576460717921,1.7539476362385356,1.8150415638510995,0.15336699059223868,0.1340145082167955
1442,-576460717901,1.7280146340927864,1.8044230385897364,0.1434348521164379,0.12877557804020706
1443,-576460717883,1.7306833500648378,1.8068264647071275,0.1437709132786779,0.12987983709012707
1444,-576460717865,1.7332947114090969,1.809168535477236,0.1463158834619579,0.13029243241760707
1445,-576460717849,1.735808010041197,1.8113916535664476,0.1487241625672979,0.13068286713179708
1446,-576460717832,1.7383575023586555,1.8136172291579593,0.1511279182863979,0.13107256850614707
1447,-576460717820,1.7420599941084987,1.8092096867961538,0.1523114603642494,0.12920203796564436
1448,-576460717814,1.7446663111656844,1.8114065819190859,0.15471139947620938,0.12959112058450437
1449,-576460717797,1.7473257662051223,1.813622433740515,0.15588188980120937,0.12919449359700436
1450,-576460717778,1.750143812676122,1.8159450840345006,0.15711266464980939,0.12877743887210436
1451,-576460717762,1.7528003893057476,1.8181113107959253,0.1582641537304094,0.12838725055920436
1452,-576460717744,1.7247007912591696,1.8062788753375532,0.14842531204491138,0.12110318797514467
1453,-576460717728,1.7272583038906302,1.8083351610462852,0.1529371614672114,0.12119760843468468
1454,-576460717710,1.7300537632983963,1.8105172553076683,0.1577212157919114,0.12129772538574468
1455,-576460717692,1.7327946914464873,1.812596022928351,0.1622750655800114,0.12139302479612468
1456,-576460717676,1.7356401607530043,1.8146957398371006,0.1668711815590114,0.12148920872032468
1457,-576460717661,1.7445631494816107,1.8041103284220894,0.16972228485068097,0.11699450496224996
1458,-576460717658,1.7475837003300412,1.8061780515552466,0.17087092126426098,0.11615914369954995
1459,-576460717639,1.7506476757446774,1.808246410849696,0.172028235429401,0.11531747142544996
1460,-576460717621,1.7537574461062326,1.8103163271147038,0.17319493969884098,0.11446897007184996
1461,-576460717602,1.7568938384765191,1.8123736549472267,0.17566133862679098,0.11436455782123996
1462,-576460717590,1.7296204457022557,1.8000514373489016,0.16589750623035202,0.10835317629996548
1463,-576460717585,1.7326289902268819,1.8020009620677317,0.168366648497302,0.10824864791315549
1464,-576460717567,1.7357038498863449,1.803962447570801,0.170853348133852,0.10814337625466548
1465,-576460717549,1.7387809801159289,1.805895339015004,0.173306167533752,0.10803953887824548
1466,-576460717531,1.7419325147131772,1.8078535201552677,0.176767100697102,0.10947572246734548
1467,-576460717513,1.7487369715556178,1.8055280537330112,0.18137211414701188,0.10907948634228623
1468,-576460717495,1.7522151472338874,1.8076134133813246,0.18502161578763188,0.11059392020080623
1469,-576460717476,1.7555729064732921,1.8096147854296332,0.18847774343423188,0.11202810964440624
1470,-576460717459,1.7587928362212493,1.81146641686049,0.19038209277677187,0.10583651335320624
1471,-576460717441,1.735494906528524,1.8012543898160431,0.18280739837643234,0.09335630985428459
1472,-576460717424,1.7387967507520425,1.802872582341254,0.18481986026842234,0.08681320806708459
1473,-576460717405,1.74214352607141,1.8043770134217374,0.18683758774572234,0.08025298632308459
1474,-576460717388,1.745347159758352,1.8057487601392643,0.18999399338020234,0.08110050629904458
1475,-576460717370,1.7488793093656725,1.8072514977280179,0.19341437647820234,0.08201890632004459
1476,-576460717359,1.7563301520592083,1.7983081584752512,0.19579159387622033,0.07821274581463458
1477,-576460717354,1.759619592435076,1.7996188116349112,0.19888599636526033,0.07904361745371458
1478,-576460717335,1.7632162671419962,1.801044395704489,0.20221523112670034,0.07993754342259457
1479,-576460717319,1.766483935894308,1.8022927861329279,0.20706191720894035,0.07642398318547457
1480,-576460717302,1.770269572852643,1.803635959913179,0.21253872104586036,0.07245362491151457
1481,-576460717289,1.740061931151924,1.790251060941092,0.20168855863622026,0.06585789418932755
1482,-576460717283,1.7437363175407032,1.791399309447719,0.20714441925297025,0.06190271850907755
1483,-576460717265,1.7475149385598168,1.7924892004058848,0.21260908209269025,0.05916937193367755
1484,-576460717248,1.7513869254760923,1.793539133658806,0.21363342300149024,0.05641112706687755
1485,-576460717229,1.7552073325436144,1.7945214025095888,0.21463932712709025,0.05370252696402755
1486,-576460717212,1.7590877378386907,1.7954652881552187,0.21565622566469025,0.050964322185427555
1487,-576460717193,1.7629705253830974,1.79639906492258,0.21699044483579025,0.05308345399836756
1488,-576460717175,1.7669189621941188,1.7973814238342893,0.21833886178179024,0.055225136046767556
1489,-576460717157,1.770865277671976,1.7983956923376552,0.21967828432589023,0.05735253234390756
1490,-576460717136,1.7485860554189392,1.787377907226781,0.21155632495914625,0.05351867662894198
1491,-576460717121,1.7523998906302287,1.7883556696830787,0.21131042426908625,0.05489272777262198
1492,-576460717103,1.7561953599966234,1.7893545038324077,0.21106542331544625,0.05626175134254199
1493,-576460717086,1.7599900101510895,1.7903789218075161,0.21082019061151624,0.05763206989358199
1494,-576460717067,1.763813730060432,1.7914373727856963,0.21057279036075624,0.059014500326861986
1495,-576460717055,1.7602083559538615,1.7958112754790312,0.2094280295403123,0.06086887466137936
1496,-576460717050,1.7639886135780236,1.7968781115877537,0.21353785847781231,0.05849740323762936
1497,-576460717032,1.767911775705199,1.797920455066723,0.2177210320548123,0.05608361017000936
1498,-576460717013,1.7718203069029963,1.7988969199428626,0.2218101681473123,0.05372407902195936
1499,-576460716996,1.7758521705985941,1.7998429228878399,0.2259508064318123,0.051334829854389356
1500,-576460716982,1.7508117846490117,1.7884279764207784,0.21690610805152125,0.04569460042390802
1501,-576460716977,1.7547245096654265,1.7892522330092704,0.21450962781207125,0.04518765201468802
1502,-576460716959,1.7585757348319597,1.790063496099799,0.21212437756437125,0.04468307918376802
1503,-576460716941,1.7623318773240675,1.7908546925034061,0.20977189246907124,0.04418543745188802
1504,-576460716923,1.7661255071960313,1.7916769068683707,0.21164888868667125,0.04715141713204802
1505,-576460716904,1.7644934333963551,1.799538985939893,0.2118362654424596,0.05320965840348513
1506,-576460716885,1.7683220931119281,1.8005231106307262,0.2137122191160596,0.05617399068324513
1507,-576460716869,1.7721870958034835,1.8015612851883385,0.21558942384245958,0.05914029984348513
1508,-576460716851,1.776072133370456,1.8026267333051953,0.21603345883419958,0.05922967203262513
1509,-576460716829,1.7537745670336657,1.7917636630849905,0.2069408119562939,0.05338102888832926
1510,-576460716814,1.7577013538411466,1.7927763388776432,0.20740832885627392,0.05347512734810926
1511,-576460716795,1.7612308596499182,1.793686133422926,0.20782764864627393,0.05355952503810926
1512,-576460716779,1.7647810557007895,1.7946487869743282,0.2101375092147139,0.05977383396850926
1513,-576460716759,1.7629194657009493,1.8027014807039525,0.21079886775884762,0.06928481814634015
1514,-576460716742,1.7669474797427815,1.804083310326312,0.2133812124678076,0.07623220189994015
1515,-576460716724,1.7708034622802848,1.8055121005528019,0.2158243237636476,0.08280500051434014
1516,-576460716708,1.7742660942354038,1.8068498481281732,0.2165452779244176,0.08423596538080014
1517,-576460716689,1.7781748962011061,1.808382028009065,0.2173562557051876,0.08584561100726014
1518,-576460716677,1.7507552887198303,1.7959625231966172,0.20741108038491016,0.07967221772493964
1519,-576460716671,1.754499103404437,1.7974123154724455,0.20822196814206015,0.08128168467063963
1520,-576460716654,1.7583308463994591,1.7989330508973587,0.21459105199831016,0.08652360359563963
1521,-576460716635,1.7622510229659327,1.800546043267256,0.21869732230106015,0.09175684624103962
1522,-576460716617,1.7661788943631611,1.802224744054046,0.22273574099726015,0.09690361529975962
1523,-576460716605,1.7572077801045243,1.8131229738942516,0.21990473436634927,0.10148975849534529
1524,-576460716599,1.7611961081507423,1.8149934407213644,0.22398263861284928,0.10668684997574529
1525,-576460716581,1.7652735401827175,1.8168354152568842,0.22696096147288927,0.09702632581718529
1526,-576460716564,1.7693928755851744,1.818498145129592,0.22993072025480926,0.08739358020630529
1527,-576460716546,1.773530595583244,1.819975429357241,0.23287561027141926,0.07784149922426528
1528,-576460716527,1.7514271423241288,1.8092523826386002,0.22627175763321972,0.062229623153439634
1529,-576460716510,1.7554781462063267,1.810426347619442,0.22383978483321973,0.06821093027343963
1530,-576460716490,1.759488917085823,1.811709163246776,0.22140565027961973,0.07419755411087964
1531,-576460716473,1.7634492653909306,1.8130974285133594,0.21897556901401974,0.08017420910311963
1532,-576460716454,1.7576945548888272,1.8267852893773382,0.21327960007231178,0.09159718815433915
1533,-576460716437,1.7615285277575143,1.8284481595119098,0.21454753474743177,0.09395993225760915
1534,-576460716418,1.7654065918975346,1.8301629137000246,0.21582247302311178,0.09633572728238915
1535,-576460716399,1.7692980807575416,1.8319161412867035,0.2170942985874318,0.09870572189760915
1536,-576460716382,1.752887033064659,1.8243606943320307,0.21096439786394636,0.09641265663021546
1537,-576460716365,1.7565353633417542,1.8260024707330833,0.21516773752062635,0.09535004862616546
1538,-576460716348,1.7602313187264982,1.827615585809069,0.21934382899054636,0.09429432898796546
1539,-576460716331,1.7642114437367185,1.8292995691967582,0.22375386209994635,0.09317946869521546
1540,-576460716312,1.7683024568487336,1.8309811698162812,0.22541314624602635,0.09144949699681545
1541,-576460716300,1.7563795234727206,1.8455709803288245,0.22165146354125573,0.0975967337144527
1542,-576460716293,1.7605401090087989,1.847379338416275,0.22335474385787574,0.0958208915543527
1543,-576460716276,1.764369868998429,1.8490027660198187,0.22491118809393573,0.0941981408730527
1544,-576460716260,1.7681802528982091,1.8505796709214546,0.22644914118585574,0.0925946690814527
1545,-576460716242,1.7722465136343877,1.8522873137256233,0.22493130352510574,0.0969643922682327
1546,-576460716223,1.754563921565276,1.8439936816910836,0.2154944829246097,0.09629203490442294
1547,-576460716205,1.7584266068654242,1.8457650208462852,0.2139790883616097,0.10065472462434294
1548,-576460716187,1.7620505901706394,1.8475104637939312,0.21254751732485969,0.10477609367096294
1549,-576460716171,1.765886646454545,1.849417357597828,0.2133260640135597,0.10692457842416293
1550,-576460716153,1.7587014382535162,1.8649356637747396,0.21062184768454437,0.11480077180167245
1551,-576460716135,1.7623197470625913,1.866921918819191,0.21136296881496436,0.11684597663279245
1552,-576460716117,1.7661041279102423,1.86902923657605,0.21213533553272435,0.11897740708015245
1553,-576460716100,1.7699476087543582,1.8712283285069629,0.21501301344660434,0.12542045143427244
1554,-576460716082,1.7509770907176965,1.86287131305337,0.209543760700738,0.12652755069583912
1555,-576460716064,1.7547713845353858,1.865204681747428,0.212419519736258,0.13296629873231913
1556,-576460716045,1.7586201948557063,1.867655657182035,0.215297357556668,0.13940970111290912
1557,-576460716028,1.7625524972118456,1.870206794292516,0.21604168222168801,0.14042763892776913
1558,-576460716009,1.7663960523917006,1.8727097353699034,0.21676673845902802,0.14141922525638914
1559,-576460715997,1.7560824937960695,1.8853490658266114,0.2135067436555265,0.1467623905248731
1560,-576460715991,1.7600187854184839,1.8880595357755408,0.2142580490432865,0.14778987517055311
1561,-576460715973,1.7638123330647382,1.8906570454850042,0.2167044782221865,0.1472978509826531
1562,-576460715955,1.7677364023701991,1.8933044664088576,0.2192063533109065,0.1467946755507331
1563,-576460715936,1.7719332830690442,1.8960930547940844,0.22185094255848647,0.1462627975433531
1564,-576460715924,1.7397697902248566,1.8809611779996671,0.21009331420966132,0.1386723735871931
1565,-576460715918,1.7435633521958207,1.8834458446510443,0.21258768534066133,0.13817070734619308
1566,-576460715899,1.7473932250651025,1.8859951164342432,0.21236353455191134,0.14468885250944308
1567,-576460715882,1.7512048442497934,1.8886517477268148,0.21214021694501134,0.15118276933838307
1568,-576460715865,1.7550213535957035,1.8914316195175656,0.21191637704501134,0.15769187407838306
1569,-576460715846,1.7461155832942723,1.9098401124842321,0.20766573359789992,0.17077256426482315
1570,-576460715829,1.749641475703089,1.9127326888694745,0.20122820225001992,0.16467639610190316
1571,-576460715811,1.753165954435414,1.9156093553853288,0.1945805160749999,0.15838121699872315
1572,-576460715793,1.7565979757008328,1.918394895563899,0.1878813177043399,0.15203725723878314
1573,-576460715775,1.7323641867204462,1.9078317061752526,0.17107360588340725,0.1390274671410311
1574,-576460715758,1.735266846170499,1.9101635279722857,0.17049611052664726,0.1353690728722711
1575,-576460715740,1.7383285728270501,1.912563985777331,0.16988484072974727,0.1314967197953711
1576,-576460715724,1.7412132290171698,1.9147694768725205,0.16930690365495726,0.12783552727258107
1577,-576460715702,1.73132748503696,1.9325286275119,0.16458791460045788,0.1305271179309467
1578,-576460715688,1.7342410546161817,1.9348726239911986,0.15961032499247788,0.13029367647192672
1579,-576460715671,1.7369144133557888,1.9370857397642365,0.15490246790247789,0.1300728850619267
1580,-576460715653,1.7396628917102797,1.9394293622051857,0.14990826232829788,0.1298386643391067
1581,-576460715633,1.7215017235953565,1.9316991173648925,0.13697271885502524,0.13026564543884833
1582,-576460715616,1.7238060929849466,1.9339461988286097,0.13460882381912523,0.13456422653724834
1583,-576460715599,1.7262414874550436,1.936446266948629,0.13206453726457523,0.13919083724804834
1584,-576460715581,1.7284366220886287,1.9388161160997734,0.12972850192267524,0.14343875740244835
1585,-576460715564,1.73077012327881,1.9414194452306528,0.12992446237923524,0.14623845756130835
1586,-576460715552,1.720038816104448,1.9540735964045866,0.12650677381226771,0.1516172153343546
1587,-576460715546,1.7223204916973773,1.9568313373297175,0.12670325758594772,0.1544243921599346
1588,-576460715528,1.724473357820742,1.9594757613929432,0.12688837011470772,0.15706910724824458
1589,-576460715512,1.726635212361469,1.962172437074279,0.12707398415570773,0.15972098747549457
1590,-576460715494,1.7289400448920664,1.9650904733435,0.12891896642989772,0.16437922568836458
1591,-576460715476,1.7105306645732843,1.957743711958581,0.1231610076555054,0.16383521040798962
1592,-576460715459,1.7127634110668313,1.9607336426471744,0.1250046579604854,0.1684900856455296
1593,-576460715442,1.7149034223487396,1.9636355277553454,0.12674656630965542,0.1728880813059396
1594,-576460715422,1.7171522829227202,1.9667404869014868,0.12314071342594542,0.1721265468557596
1595,-576460715403,1.7084421938940362,1.9828782151158015,0.11581681892811814,0.17680846880605317
1596,-576460715385,1.7104934322507572,1.9860523289397285,0.11221256873472814,0.17604727283443317
1597,-576460715368,1.7123725325511472,1.989039720120609,0.10880605045956813,0.17532783665515317
1598,-576460715351,1.7141917109062563,1.992031466941594,0.10412522537692813,0.17485028952089318
1599,-576460715333,1.6923736293683695,1.983169321678853,0.09055230090029277,0.16832700137696116
1600,-576460715314,1.6940428844291395,1.986358966372678,0.08535317997541278,0.16779657666454117
1601,-576460715297,1.6955345415808774,1.989374108005604,0.08042334277829277,0.16729362481646118
1602,-576460715279,1.6969849135747235,1.9924098753152897,0.08073805439334278,0.17003259438303117
1603,-576460715260,1.682813070215683,2.013338396787277,0.07604956555369662,0.1803902123107696
1604,-576460715242,1.684182580400357,2.0166047620178325,0.07636378759014661,0.1831249210212996
1605,-576460715225,1.6855771064244514,2.019893989492912,0.07853191651896661,0.1822230157863996
1606,-576460715207,1.6870199530794854,2.023187828858831,0.08071389276683662,0.1813153502992496
1607,-576460715190,1.688481867719552,2.026420658192364,0.08286612738161661,0.18042005683214962
1608,-576460715177,1.6665165939107334,2.0149167777836694,0.07481841935243036,0.17465020511652465
1609,-576460715172,1.6678098267898662,2.0178874570565024,0.07687155532740036,0.17379613501987465
1610,-576460715155,1.6691127172776543,2.020867774758282,0.07676213228395036,0.17763570293534464
1611,-576460715136,1.6704940036917084,2.0241033440579086,0.07664595457235036,0.18171228680550464
1612,-576460715120,1.6718050073855073,2.0272468764540066,0.07653552510270037,0.18558716941909464
1613,-576460715101,1.6623311589748517,2.0427835258959095,0.07293285337133108,0.1948823329607464
1614,-576460715084,1.663554983227311,2.046138521144114,0.07155643263333109,0.2012210021283464
1615,-576460715066,1.6648163064444017,2.0497809883178566,0.07010956580443109,0.2078840884251264
1616,-576460715050,1.6659970465990654,2.0533710155646454,0.06872753863013109,0.2142485762569864
1617,-576460715030,1.6511277329949368,2.0488119798878914,0.06126770568414268,0.21699802423350886
1618,-576460715014,1.6521498574024678,2.052505230624635,0.05907425081564268,0.21783458149367887
1619,-576460714996,1.6531357454255562,2.0562166280480327,0.05687847168814268,0.21867202519822887
1620,-576460714976,1.654141585324163,2.06017255873018,0.05454723991114268,0.21956112891136886
1621,-576460714960,1.6397788872574621,2.08092266078325,0.04729865845391531,0.22764430493006366
1622,-576460714942,1.640664716916999,2.0850123020631015,0.05038339034541531,0.22332788229513365
1623,-576460714925,1.6416004535469118,2.0889989065712355,0.05344890325341531,0.21903835251777365
1624,-576460714907,1.6425812166581402,2.092869323159353,0.05648363177191531,0.21479189891050365
1625,-576460714888,1.6236252977555083,2.0856629381856417,0.05226817637552885,0.20489736832017116
1626,-576460714869,1.6246309913309018,2.0895073086354916,0.05528113122722885,0.20622127672851118
1627,-576460714851,1.6256534304564925,2.0932353244610735,0.058184535800928854,0.20749704816125117
1628,-576460714835,1.626673098011713,2.09679783924459,0.06094246404957886,0.20870889652198116
1629,-576460714817,1.6277197312311265,2.100398837409638,0.06202448882753886,0.21436555158330114
1630,-576460714799,1.6164076139104682,2.117631144925388,0.05915543354139296,0.22604039452483657
1631,-576460714780,1.6174830103410425,2.121754863903577,0.06029987671399296,0.23202336311903657
1632,-576460714763,1.6185776607112838,2.125981070172422,0.06144292151115296,0.23799902122675656
1633,-576460714746,1.619704790418245,2.130274542830245,0.06381458884737296,0.23913301831573655
1634,-576460714728,1.6064054883949956,2.126243945361208,0.060854834803565794,0.23612389656917177
1635,-576460714710,1.6075507527185648,2.1306113929780093,0.06328633083182579,0.23728650035251175
1636,-576460714692,1.6087126340929792,2.1348977645077443,0.06566116091828579,0.23842200968965174
1637,-576460714673,1.6098994521404357,2.1391654173824195,0.06612697382787579,0.23547204113210174
1638,-576460714654,1.6111575350584741,2.143599366231647,0.06661720111682579,0.23236745759935173
1639,-576460714643,1.5983190380386005,2.1571426364907893,0.06247486818057285,0.23819653989240763
1640,-576460714637,1.5994482160050407,2.161405287441351,0.06294057763940285,0.23524722648305763
1641,-576460714619,1.6005850825341126,2.1656122748183972,0.06340600260864285,0.23229971473125763
1642,-576460714602,1.6016862991929668,2.169519648666082,0.06619463983624285,0.22755362735233764
1643,-576460714584,1.602902657507173,2.173564807317386,0.06914425465124285,0.22253356611683764
1644,-576460714564,1.5910404255226602,2.17002093686833,0.06745948224362812,0.21336409572306164
1645,-576460714547,1.5922105270144316,2.173606518806589,0.07024811947122812,0.20861800834414165
1646,-576460714527,1.5934408340434987,2.17711600995501,0.07450239868478813,0.20428759179951164
1647,-576460714512,1.5948243956411783,2.1807569103322315,0.07901345126578813,0.19969580650526164
1648,-576460714493,1.5834886333542901,2.1979192481029974,0.07960393267986318,0.2006533580170981
1649,-576460714473,1.5848900106166575,2.201268803388802,0.08539015248731319,0.1937135444147181
1650,-576460714459,1.5864825809185612,2.204690209672651,0.09152278929271318,0.1863582489477581
1651,-576460714441,1.5880889539475795,2.2078015986819284,0.09731786538526319,0.1794078133901381
1652,-576460714423,1.5898952363045074,2.210963724038805,0.10344709592716318,0.1720566032905781
1653,-576460714405,1.5917199752530846,2.2141617203232875,0.09933547323184318,0.1833355492328981
1654,-576460714387,1.5933752837942714,2.2173682086715294,0.09545254055808318,0.1939871559026581
1655,-576460714371,1.595056418751597,2.220961504912497,0.09134023247808318,0.2052679819826581
1656,-576460714352,1.5816197766167157,2.241185203219116,0.08238887237012758,0.22367394844142877
1657,-576460714336,1.5829916192500642,2.245050232296574,0.07901387289118758,0.23106210396847876
1658,-576460714318,1.5843072248280357,2.2490444294326237,0.07563589529634758,0.23845677883977875
1659,-576460714300,1.5856354984020058,2.2534036124923458,0.07206493579118758,0.24627390721847875
1660,-576460714283,1.5868512071050995,2.2577243682522266,0.06863394773332758,0.25378462641742877
1661,-576460714269,1.5698650410904202,2.24771120616289,0.06252716473164359,0.2488233352471976
1662,-576460714266,1.5709613108226834,2.2521982558459173,0.05844052986289359,0.2462993883971976
1663,-576460714247,1.5719551068463464,2.256512289239797,0.05447159007836359,0.24384813121647758
1664,-576460714231,1.5728485435334836,2.260637585521797,0.05063860840836359,0.24148084313647758
1665,-576460714212,1.5737230000288438,2.2649590531096178,0.04658263739297359,0.23897583459111757
1666,-576460714201,1.561514270081013,2.27780321022479,0.042642880000322535,0.24455013724117378
1667,-576460714195,1.5622410521556638,2.2823154401173738,0.038007630419802534,0.25616893201295377
1668,-576460714178,1.562849850424999,2.286762130400749,0.03363676726600254,0.26712501130865374
1669,-576460714158,1.5634145183341621,2.2916831784710876,0.028999717388802537,0.2787483187344537
1670,-576460714143,1.563869340316127,2.2965031764912087,0.024638112903642536,0.2896811900951937
1671,-576460714124,1.5484757124693207,2.2922262211241744,0.016373433802815866,0.28637259578614777
1672,-576460714107,1.5487465540790077,2.297388088881445,0.013750202020455864,0.28774238110966777
1673,-576460714088,1.5489706363328277,2.3025852853207027,0.011121572641835864,0.2891149849215078
1674,-576460714070,1.5491709650839285,2.3078268083129263,0.011134704560775864,0.29321175568768776
1675,-576460714051,1.5332817603735789,2.3298874893756096,0.005945155871804336,0.30468880324064307
1676,-576460714034,1.5333887841043756,2.3354031965792483,0.005958273201344336,0.30878102254502304
1677,-576460714015,1.5334961213391305,2.3409965574417924,0.005971400013994336,0.312876200299573
1678,-576460713998,1.5335966687093978,2.346751811028719,0.005198047916154336,0.32645434701513304
1679,-576460713979,1.5204813406552087,2.344603791138077,-2.469756119118779e-4,0.33603338340993905
1680,-576460713961,1.5204699221852822,2.350779462802733,-0.0010207572543518778,0.34961907186439906
1681,-576460713944,1.5204453342694817,2.3570433958555586,-0.0017760255245318779,0.36287971137226904
1682,-576460713926,1.5204061671959728,2.363756960088918,-0.0024787214755118774,0.36641953726816906
1683,-576460713907,1.5203551612731288,2.3704077016259046,-0.003168211582211877,0.36989283881666907
1684,-576460713895,1.5054390268161986,2.3851194328756296,-0.007992112928084133,0.3762995667262344
1685,-576460713890,1.5052895844689058,2.3918977693065995,-0.008676488632664132,0.3797471045101344
1686,-576460713871,1.5051269717620035,2.3987747111091986,-0.009364528386524133,0.3832130999164344
1687,-576460713854,1.5050109672268923,2.4057957105837704,-0.003523432407964132,0.3968112834378544
1688,-576460713834,1.5050006055798446,2.4131472966343632,0.0023854776501158687,0.4105673394376644
1689,-576460713817,1.490068635134793,2.4109892960306243,0.0028981653806936652,0.41936423267467426
1690,-576460713800,1.4901728511216115,2.418634678895089,0.008719468733173665,0.4329163385827843
1691,-576460713781,1.4903019583227735,2.426814300662152,0.0048979979013536665,0.42982195559110425
1692,-576460713764,1.4903560836005165,2.434092141514198,0.0014745549617836673,0.42704987016342427
1693,-576460713745,1.4821990456335024,2.4495739622542168,-0.004786315229288058,0.427529091949126
1694,-576460713728,1.4821378374735168,2.4573325829768677,-0.002016481101438058,0.434779407373026
1695,-576460713710,1.4821264830406886,2.465227861581176,7.555079404319418e-4,0.442035363498006
1696,-576460713693,1.4821615414942224,2.472797091788535,0.0033709578709919417,0.448881562980246
1697,-576460713675,1.469208292098284,2.472008609918068,0.0014416079018067214,0.451606848615102
1698,-576460713655,1.4692313812677593,2.4802254402154524,0.0011079912010067213,0.455728652421182
1699,-576460713640,1.469248268837734,2.4884226600617256,7.781505284567211e-4,0.45980380374381197
1700,-576460713622,1.469259302723111,2.496747592943795,4.4613633720672096e-4,0.46390580869106196
1701,-576460713604,1.4585281328523605,2.514939138175214,-0.0033410384240404934,0.4722832337980142
1702,-576460713586,1.4585274120049432,2.5235032217661395,0.003263020412529507,0.4546157965527042
1703,-576460713567,1.4586441586052805,2.5315366696449404,0.009700181934489507,0.43739484955002417
1704,-576460713550,1.4588768190849792,2.539259093476612,0.016136628692789506,0.42017581471112414
1705,-576460713531,1.459231213053542,2.546774930809136,0.022664922581399505,0.40271106682649416
1706,-576460713519,1.4450691527304833,2.5373612609148175,0.017753752404616897,0.39813226977764304
1707,-576460713514,1.4453669191606993,2.5444922101686167,0.015631877174476897,0.40139113573856305
1708,-576460713495,1.445627443410208,2.5516995005084793,0.013504649080486897,0.40465822285478303
1709,-576460713476,1.445851165871962,2.5590096811113114,0.011364455160726896,0.40794522343606304
1710,-576460713459,1.446036446531626,2.566381880058646,0.009223428573256896,0.41123350286372307
1711,-576460713441,1.4390312661235334,2.58032642423486,0.00769079704635685,0.41030284958791446
1712,-576460713423,1.4391849450328267,2.588072083843509,0.00851065878553685,0.40627609813745447
1713,-576460713404,1.4393452865993737,2.5953571070318855,0.00928924869081685,0.4024520533252945
1714,-576460713386,1.4395512504761268,2.602621482480978,0.01359944128563685,0.4048353222475945
1715,-576460713368,1.420579716491945,2.5969002162462638,0.011280985189866817,0.4008834243922887
1716,-576460713352,1.420810161656186,2.603840802169739,0.015415627905706816,0.4031696251298887
1717,-576460713332,1.4211411043708055,2.6114194541116724,0.019903765330106817,0.40565128649588866
1718,-576460713314,1.4215404470077821,2.618663551715295,0.024482434178246817,0.39951683661434867
1719,-576460713296,1.41436275712444,2.63260027702283,0.026603268822271965,0.3963762035704935
1720,-576460713280,1.4148514412830082,2.6392851136547875,0.030926210083861965,0.39058437468100354
1721,-576460713262,1.4154507908012397,2.6462761660171363,0.035516838331571966,0.38443390172819353
1722,-576460713243,1.4160675232353703,2.6531093177806993,0.03303183724147197,0.37505834719511355
1723,-576460713225,1.3975453257941246,2.646742986587973,0.024014007424733343,0.3593231388711317
1724,-576460713207,1.3979757446864234,2.653461053211242,0.021396014445683342,0.34944582491739173
1725,-576460713190,1.3983192545540315,2.6593215739842386,0.019050219818783343,0.3405954765068717
1726,-576460713170,1.39861322446465,2.6655981730992604,0.013535260491433342,0.3551423847159517
1727,-576460713154,1.3988072704952175,2.6721180193258967,0.008036195299483342,0.36964736867591175
1728,-576460713141,1.3905618868127476,2.6792123127786516,0.005394443599574803,0.3727850766983878
1729,-576460713135,1.390609472028841,2.6860472449508923,-1.0278765367519819e-4,0.38728522324498776
1730,-576460713118,1.3906111370348146,2.6929727586638927,2.8764453980480197e-4,0.38161826437580776
1731,-576460713099,1.3906198244398678,2.699790172518669,6.777299521648022e-4,0.37595633888854774
1732,-576460713082,1.3906355560993557,2.70651382943949,0.0010682921885648024,0.37028749250114773
1733,-576460713069,1.3752346491298626,2.6958778978292752,-0.00416235126357435,0.3651064315747786
1734,-576460713062,1.375159544093752,2.702751672811218,-0.0037509388123343496,0.3591349530994386
1735,-576460713046,1.3750804581066354,2.708950438919204,-0.00556699781408435,0.3712056781801886
1736,-576460713027,1.374962845752015,2.7157511775306302,-0.0074937855973843505,0.38401237972388863
1737,-576460713010,1.374820057346188,2.722379367566649,-0.009311770317074352,0.3960959043952986
1738,-576460712992,1.3621474592474152,2.7401266178889507,-0.015223815834037202,0.4135621111156331
1739,-576460712974,1.3618671160813764,2.747507269263756,-0.0159427395899372,0.4069661128760331
1740,-576460712957,1.3615902318291002,2.7543747162017667,-0.0166223003719872,0.4007312629558331
1741,-576460712938,1.3613019300593356,2.761132983533847,-0.0173015414547572,0.3944993462199531
1742,-576460712921,1.3460925801575285,2.7576493007096445,-0.023042330800518616,0.38276112539030077
1743,-576460712904,1.3456934764192559,2.7646132292600494,-0.021339513878118617,0.39165405953105076
1744,-576460712887,1.3453247818453942,2.7717415032778216,-0.019635655477478618,0.40055243277525077
1745,-576460712869,1.3449864271503011,2.779037282615108,-0.01793009283971862,0.4094597063705508
1746,-576460712850,1.3313291376042644,2.7973476993345034,-0.02047461490949326,0.42319996265249166
1747,-576460712835,1.330979503414707,2.8044898280402637,-0.02067576342951326,0.41739660131623163
1748,-576460712816,1.3306056518327312,2.8119431176997742,-0.02088870174097326,0.41125309121925163
1749,-576460712798,1.330248453815691,2.818892369355793,-0.021090146189493262,0.4054411920124916
1750,-576460712781,1.329866764444807,2.826137780460287,-0.021303297569473263,0.3992915346487516
1751,-576460712769,1.3167992633090932,2.8167275902151188,-0.025678738210951128,0.3947023817784077
1752,-576460712762,1.3162998564981863,2.82395336668183,-0.02979241706031113,0.40789413790518775
1753,-576460712746,1.3157947708691977,2.830562959496001,-0.03344209048131113,0.41959792020693776
1754,-576460712728,1.3151535863606616,2.8382599439094824,-0.03756787779335113,0.43282850578360776
1755,-576460712711,1.3144755044768999,2.8461704654058737,-0.037866751616111125,0.44719391010152776
1756,-576460712692,1.307327196584044,2.85946995640361,-0.04021458898246209,0.4638584209801343
1757,-576460712675,1.306601045963774,2.8679440724588403,-0.040513662298262094,0.4782334139537343
1758,-576460712657,1.3058682089985014,2.876692558515803,-0.04081326759550209,0.4926339766758143
1759,-576460712639,1.3051434048570838,2.88554815152383,-0.03973395043168209,0.49148482179355435
1760,-576460712620,1.2877587574528297,2.882135147117193,-0.044193248857831574,0.48435839476432274
1761,-576460712602,1.2869733393590421,2.890839388430561,-0.04311423155431157,0.4832095591449627
1762,-576460712585,1.2862068725608509,2.8995282625575616,-0.04203455455813157,0.48206002114722274
1763,-576460712566,1.2854598582742711,2.9081383326356396,-0.04094398324578157,0.47434876286587274
1764,-576460712548,1.2818963281673956,2.9189644590045694,-0.040720551764991675,0.46744729798475126
1765,-576460712527,1.281150195275402,2.9275757044241932,-0.03959515243239167,0.45948977624815124
1766,-576460712511,1.280446640373484,2.9357848185542426,-0.03850385427440167,0.4517733785555612
1767,-576460712495,1.2798307668314848,2.943430487051136,-0.034062840906381675,0.4490948312822612
1768,-576460712477,1.2792593163584507,2.9514993399959457,-0.029347109496861673,0.4462505909114612
1769,-576460712464,1.2639676404725266,2.940158865242414,-0.03438534816467705,0.44071504438788395
1770,-576460712459,1.2633904661386968,2.948075367295117,-0.029670401663847053,0.43787127742593396
1771,-576460712442,1.2628990585642812,2.9559267008622694,-0.024963827522377052,0.435032560158384
1772,-576460712422,1.2623666710707622,2.9641535029202424,-0.030924005095617053,0.428583024344344
1773,-576460712403,1.2617624288479423,2.9717776663477755,-0.036528799416537056,0.422518050397024
1774,-576460712385,1.2538453362546722,2.984780603737968,-0.0444261833884682,0.4188847089230157
1775,-576460712368,1.2530540467873474,2.9919622239554102,-0.0486174367332082,0.4255647257812657
1776,-576460712350,1.2521394382960342,2.9996825509090024,-0.0530509149023282,0.4326308004072657
1777,-576460712333,1.2511447177547084,3.0075326488655847,-0.0574858715546082,0.4396992314387657
1778,-576460712315,1.2356121085063858,3.004105163606279,-0.06642171006032298,0.44103133148126894
1779,-576460712298,1.2344059311722424,3.0120883521797737,-0.06773214759104297,0.44687752999070895
1780,-576460712281,1.2332440232024602,3.019731796746752,-0.06897094903608297,0.4524041415167889
1781,-576460712262,1.2319892644235573,3.0279373632008153,-0.07028422869024298,0.4582630194691089
1782,-576460712245,1.2307123425636128,3.0362387660062993,-0.07159597797024297,0.4641150700291089
1783,-576460712232,1.229740554423726,3.0369500922881962,-0.07190026017723028,0.4644372385841874
1784,-576460712227,1.2284304026778317,3.045329433655742,-0.07369642214700028,0.4667558899978674
1785,-576460712209,1.2270871704741357,3.0537551945446353,-0.07549358215087029,0.46907582976594736
1786,-576460712191,1.2257118086820276,3.0622213164022036,-0.07729044274451029,0.47139538302770734
1787,-576460712173,1.2243048870798345,3.070724462353776,-0.0790863053040503,0.4737136479350673
1788,-576460712158,1.2107050096417762,3.0603772259921547,-0.08348884618339568,0.4686628041508573
1789,-576460712154,1.2090805192231446,3.0694248826886157,-0.08741120311768567,0.4831710495612973
1790,-576460712136,1.2074769740290756,3.0782277037027104,-0.09111754260364567,0.4968802768798573
1791,-576460712118,1.2058978786325625,3.086786473155365,-0.09462560819481566,0.5098561170099773
1792,-576460712100,1.204163160528116,3.0960770418643,-0.09833524880701566,0.5235775547291773
1793,-576460712082,1.200412587473873,3.107035160795127,-0.09179906133426828,0.5306314047676884
1794,-576460712065,1.1988039689930974,3.1167755231090486,-0.08453620649531828,0.5370980897701384
1795,-576460712046,1.1973658504985258,3.1263670225103204,-0.07746880584797827,0.5433907466916784
1796,-576460712030,1.1959426105567807,3.1357407368330947,-0.08992195472187828,0.5590749190271784
1797,-576460712012,1.1811339906608946,3.135835747756174,-0.10734097036474435,0.5707847428528428
1798,-576460711993,1.1790915312325227,3.14621876263581,-0.12047225013292436,0.5873229900829428
1799,-576460711975,1.1768047953986551,3.1569381816770195,-0.13365186320458436,0.6039221109016427
1800,-576460711959,1.1744924204989966,3.167300488979717,-0.13844025889443437,0.6153880382655628
1801,-576460711941,1.171858193860425,3.178576375945258,-0.14355118054363045,0.627587806875843
1802,-576460711924,1.1693833452931794,3.189316006499816,-0.14832858915153044,0.639027425410723
1803,-576460711904,1.1664985746752172,3.2016457818931126,-0.15371000554663045,0.651913354957443
1804,-576460711888,1.1640837987422128,3.211988338775625,-0.15005449951713046,0.6491190222376929
1805,-576460711870,1.1614202107879499,3.2236433628698884,-0.14591616043763045,0.6459556034929429
1806,-576460711857,1.1466962459067376,3.211997212738831,-0.15059373760466788,0.6402787551789431
1807,-576460711853,1.1440195837927851,3.2235077744725547,-0.14645011035366787,0.637111294063443
1808,-576460711836,1.1415660063042439,3.234300587333761,-0.14254606026366787,0.634126969918443
1809,-576460711817,1.1389442058420587,3.245968039789273,-0.14524762384006787,0.646603266691043
1810,-576460711800,1.1363324985943122,3.2575985745219453,-0.14788972929384786,0.658804975373313
1811,-576460711787,1.1426842391712302,3.2532949025644147,-0.14592620096427814,0.6568303098630544
1812,-576460711782,1.1400336956605033,3.2652281098357925,-0.14859499584965813,0.6691552750447244
1813,-576460711763,1.137316207378397,3.2774683445351775,-0.15128232506253814,0.6815658350176443
1814,-576460711745,1.13459851163893,3.2896634996119474,-0.15029851491602814,0.6717221943637244
1815,-576460711728,1.13192512599194,3.30156341971821,-0.14932442114337813,0.6619757721549244
1816,-576460711709,1.1090335875932973,3.296984539854063,-0.15469467790373378,0.6441673146546374
1817,-576460711692,1.1062553132847628,3.308476214282794,-0.15371119527544377,0.6314806210428774
1818,-576460711673,1.1035167641485617,3.3197263177249803,-0.15063967560708377,0.6188087146079974
1819,-576460711655,1.1007951281286819,3.3309059493087765,-0.14752377968212377,0.6059537288403174
1820,-576460711637,1.1113278027070046,3.332971745947665,-0.14041218113340662,0.5892985700727171
1821,-576460711620,1.1088115397711917,3.343532385282502,-0.14285506369524661,0.5995609745447571
1822,-576460711603,1.10635863343294,3.3538272823401907,-0.14519688137568662,0.6093988114558971
1823,-576460711584,1.1035783251264508,3.365496476219711,-0.14780641786440663,0.6203613191712172
1824,-576460711566,1.0783424228855627,3.357639455199496,-0.1572061343135311,0.621187011945534
1825,-576460711548,1.0754643538995843,3.3689623450858774,-0.15807775526071108,0.6192018675397241
1826,-576460711530,1.072493752584865,3.3805464780207113,-0.15897238772657107,0.617164313668854
1827,-576460711511,1.0696238761165686,3.3916402816948756,-0.15983193001353108,0.615206678795534
1828,-576460711493,1.0667407741248713,3.40269025461351,-0.16069080391613108,0.613250566188834
1829,-576460711482,1.0904374362235463,3.3874874114371583,-0.15343053573958434,0.6062055861359222
1830,-576460711476,1.087626178297847,3.3985686082863498,-0.15868869660186435,0.6240816181709022
1831,-576460711457,1.0847259378236012,3.409949356066671,-0.16393664120844437,0.6419229182684323
1832,-576460711441,1.0818716672169493,3.4211036100920835,-0.16894231460842438,0.6589405752778623
1833,-576460711423,1.0787846382523292,3.433120562105736,-0.17419434571728437,0.6767957681503723
1834,-576460711410,1.0545676624284357,3.4134638404161017,-0.18164882972660107,0.6672367020314424
1835,-576460711402,1.0513080134097585,3.4255418165946576,-0.17955112801920106,0.6711173539889623
1836,-576460711387,1.0481313027285901,3.4375183921025636,-0.17748294685220106,0.6749433943005623
1837,-576460711369,1.0451280786980768,3.449034355845625,-0.17550530309060106,0.6786019445642423
1838,-576460711351,1.041984169650051,3.461298353858236,-0.17341085561600106,0.6824765763403223
1839,-576460711333,1.067879995853227,3.455457324334813,-0.16496643124298027,0.6845939969450529
1840,-576460711315,1.0649295934521343,3.4677800090419866,-0.16537028723574027,0.6950941525453829
1841,-576460711299,1.062082874813917,3.479818346978238,-0.16575901812862026,0.7052010593019229
1842,-576460711281,1.0591053029045248,3.492552201431263,-0.16868688880076027,0.7250869843940229
1843,-576460711263,1.029839181020013,3.4835354661805296,-0.1795081296002006,0.7336426484010867
1844,-576460711246,1.0265819441563895,3.4969196958977706,-0.1824674067251306,0.7537418842700367
1845,-576460711229,1.0234569789125236,3.5098915961242296,-0.1852620877283706,0.7727231929786368
1846,-576460711212,1.020289991230496,3.5230846816473007,-0.1863410430463706,0.7753067891945368
1847,-576460711194,1.0168609132683613,3.537333190149797,-0.18750228888437062,0.7780874329364368
1848,-576460711181,1.0434017184528168,3.520993571045992,-0.17944468259542845,0.7704348081466819
1849,-576460711175,1.0400480402105752,3.535371529098796,-0.18062384244662846,0.7732583476192418
1850,-576460711157,1.0367901916340687,3.549299214805538,-0.18176198363862847,0.7759836664788419
1851,-576460711140,1.0337134297457442,3.5626084280406434,-0.18029519314702847,0.7901746337218819
1852,-576460711121,1.0304769137346828,3.5769901861087186,-0.17873925258612847,0.8052281138598419
1853,-576460711111,0.9954247760814349,3.548304512323643,-0.18928738979951545,0.7913150495645767
1854,-576460711105,0.9922187976479192,3.561879936308248,-0.18781999519321546,0.8055118615222967
1855,-576460711087,0.9890360921549843,3.5757041260984472,-0.18635182386801546,0.8197161881131767
1856,-576460711070,0.985661310111919,3.590414140419781,-0.18868646507628548,0.8150023006720467
1857,-576460711052,0.9824427215542276,3.6041980984304485,-0.19088645286597547,0.8105602927199367
1858,-576460711034,1.0164958117024472,3.596183919847886,-0.18188962203648418,0.7952182019332976
1859,-576460711017,1.0133827338743497,3.6096742700984485,-0.18409648519340419,0.7907623118878176
1860,-576460710999,1.0100936641932527,3.624010679939589,-0.18164016343296419,0.8034120282812577
1861,-576460710982,1.0068430401023287,3.6386007219157057,-0.17917947147924418,0.8160842505639777
1862,-576460710963,0.9666973216322765,3.6238412703302703,-0.18751411117524663,0.8147336287070295
1863,-576460710947,0.9637169859153215,3.6369562941806786,-0.18533078992626664,0.8259774303295094
1864,-576460710929,0.9605654487960643,3.651098039989325,-0.18307614434892663,0.8271578562034695
1865,-576460710911,0.9571962140106028,3.6664346347526227,-0.18063463294490664,0.8284361161933494
1866,-576460710894,0.9540786490986308,3.680834148850663,-0.17834572423996664,0.8296344806217094
1867,-576460710880,0.997411008768561,3.6554298319588754,-0.16531224246576334,0.8176088322882904
1868,-576460710875,0.9942558001187416,3.6711443565273725,-0.16618688023012335,0.8334233770516104
1869,-576460710857,0.9912601661961168,3.6862644430965648,-0.16701304442643333,0.8483614590745804
1870,-576460710837,0.988249341336569,3.701654857919356,-0.16783930051576335,0.8633012026382904
1871,-576460710820,0.9852191039269911,3.7173376469590167,-0.16866679716086336,0.8782633770019903
1872,-576460710802,0.9409497931808352,3.6989758945305313,-0.18158767249075433,0.865970886027482
1873,-576460710785,0.9376779672675511,3.7145813861722,-0.18241365290102432,0.8701910588652519
1874,-576460710767,0.9345697463131013,3.729411178674042,-0.18319488141055432,0.874182581297282
1875,-576460710750,0.9312620347791435,3.745197671435725,-0.1840226077882043,0.878411674787432
1876,-576460710731,0.9790618723349609,3.731484725595963,-0.16719550397560418,0.8652435130623932
1877,-576460710714,0.9762162664771945,3.7462824807300295,-0.16574071431928417,0.8660955689624732
1878,-576460710697,0.9732626493306553,3.7617961778475735,-0.16421707449144415,0.8669879497264332
1879,-576460710678,0.9703141843878932,3.777443883443851,-0.16268186034552415,0.8678871094539132
1880,-576460710660,0.9673175766767862,3.7932889966693644,-0.16492366180458415,0.8643872127843732
1881,-576460710648,0.9208758950534573,3.755255508222203,-0.1783952064228562,0.8460674766233399
1882,-576460710643,0.9176810471186547,3.7702852013564763,-0.18057647164485618,0.8426620890253399
1883,-576460710625,0.9144318378125802,3.785325614720005,-0.18276815302100619,0.8392404397449899
1884,-576460710607,0.9111249336889387,3.800388412808631,-0.1849720886961562,0.8357996590736398
1885,-576460710588,0.9682969490125196,3.781298842459163,-0.1690071587437444,0.8247307097148535
1886,-576460710571,0.9652357152229819,3.7961941127524987,-0.1710732489147244,0.8300235305046535
1887,-576460710551,0.9621376318905447,3.811182999066399,-0.17313910955838438,0.8353157633012535
1888,-576460710534,0.9590521232116889,3.8262851954313164,-0.16980950429688438,0.8432655821380335
1889,-576460710517,0.9560231978889356,3.841547465232763,-0.16647619824038437,0.8512242370522135
1890,-576460710503,0.9031798236850554,3.799000577328547,-0.18163486698458142,0.830771693321289
1891,-576460710499,0.899940729127506,3.814024362587828,-0.17830452156408141,0.838723279373549
1892,-576460710480,0.8967608742316105,3.829194647195874,-0.17497343598458143,0.846676632641289
1893,-576460710463,0.8936016524381944,3.844405971058339,-0.17618777041969141,0.844127998322449
1894,-576460710444,0.8904188071008645,3.859579853130063,-0.1774027797475014,0.841577947544809
1895,-576460710426,0.9578377758166758,3.835347672290624,-0.15768529815629273,0.8200787735700277
1896,-576460710408,0.9549750004353912,3.850155633048186,-0.15890584160424273,0.8175171078302277
1897,-576460710390,0.9521309214409993,3.864796776272206,-0.15849597686480274,0.8164478744833177
1898,-576460710372,0.9492772725495285,3.8795060029384736,-0.15808366496688275,0.8153722571194377
1899,-576460710354,0.8873615882865565,3.847061119779654,-0.17441181469276443,0.791736210237921
1900,-576460710336,0.8842241406654785,3.861310612662568,-0.17399991446636442,0.790661666820821
1901,-576460710318,0.8809258334788805,3.8764369181402873,-0.17309897388911444,0.801162114049421
1902,-576460710301,0.8779910347696314,3.890131648414937,-0.17229336567181444,0.8105514642311009
1903,-576460710284,0.9482138770444567,3.8641886953187834,-0.14991017866330986,0.8006727337514135
1904,-576460710266,0.945521086719735,3.878701659805817,-0.14905621688700985,0.8106256438474935
1905,-576460710248,0.9428269040984231,3.8932983431127477,-0.15031403938409985,0.8113181649119635
1906,-576460710228,0.93995847512665,3.9087195210300596,-0.15164174479118986,0.8120491615064335
1907,-576460710210,0.9371646952314762,3.9236238499115856,-0.15292381665804985,0.8127550335798135
1908,-576460710199,0.8733584747029,3.8737510497089462,-0.17080831890491985,0.7889068471200497
1909,-576460710193,0.8703500192066599,3.887681099922352,-0.16982296463675986,0.7883180411731696
1910,-576460710174,0.8674763246197564,3.9010532695985316,-0.16887637968564986,0.7877524021269396
1911,-576460710158,0.8644425649701509,3.9152415815200055,-0.16787127816822986,0.7871517960608796
1912,-576460710140,0.8614078928580271,3.9295087383404383,-0.16685981736714986,0.7865473899564396
1913,-576460710121,0.9385724221299862,3.9007171805356573,-0.14352419793884977,0.7663278738215754
1914,-576460710104,0.9360127003516663,3.9143817433768198,-0.14371384036220977,0.7670349541156254
1915,-576460710087,0.9335693225913699,3.9274201608685106,-0.14389463003932979,0.7677090270144754
1916,-576460710070,0.9311220085809598,3.9404746418321395,-0.1440754835583698,0.7683833379474254
1917,-576460710050,0.8599834552944484,3.902341798231958,-0.16364724572420591,0.7480113824322715
1918,-576460710033,0.8570329869818227,3.9158445869486997,-0.16423721419973591,0.7525485683085715
1919,-576460710014,0.8540714065248475,3.929431302658054,-0.16482728101973593,0.7570865105085716
1920,-576460709997,0.851098212360435,3.9431042710782624,-0.16541754452867594,0.7616259653559716
1921,-576460709978,0.9302851144083033,3.9138900091398825,-0.14048748628224605,0.7414631023490408
1922,-576460709961,0.927742746942244,3.927361318869366,-0.13953977069090606,0.7423247299544807
1923,-576460709941,0.9251668668994906,3.9411202834179946,-0.13857295256038607,0.7432037248748007
1924,-576460709923,0.9226285027167875,3.9547252877621206,-0.13904111018397608,0.7447390042908307
1925,-576460709904,0.8505676232342055,3.9162649883548837,-0.15856479686093874,0.7213173031585022
1926,-576460709889,0.8480287403800876,3.927810307463936,-0.15897417557580876,0.7226598226062921
1927,-576460709871,0.8451628984923844,3.9408325091016785,-0.15943501143637875,0.7241710909809821
1928,-576460709853,0.8423076614623989,3.954063706484855,-0.15562562635512875,0.7358231030247321
1929,-576460709834,0.8395386261141242,3.9674216360027237,-0.15183999081948873,0.7474024708002921
1930,-576460709823,0.9239239338273632,3.924316557726482,-0.1273138518868254,0.7261783987523476
1931,-576460709817,0.921660897365497,3.937524375408674,-0.1235214908161454,0.7377783383560675
1932,-576460709800,0.9196107164563367,3.9500389683075214,-0.1199823881743154,0.7486036200556375
1933,-576460709782,0.9174969875106144,3.9632426192763917,-0.1145766692215054,0.7165965096530675
1934,-576460709762,0.9154855988340241,3.9758385977734076,-0.1091844473198454,0.6846693149120475
1935,-576460709751,0.8427008259942439,3.9218182695096977,-0.12896470061861134,0.6590568623375223
1936,-576460709745,0.8404268151234441,3.933399867467375,-0.12356288081391134,0.6270728386816222
1937,-576460709728,0.8382386308154507,3.9444631484193287,-0.11813196736562134,0.5949165523774922
1938,-576460709710,0.8361251220142827,3.955295619255445,-0.11800107561164135,0.6153477720866521
1939,-576460709692,0.834001579977405,3.966560592441379,-0.11786941609976134,0.6358988330376122
1940,-576460709674,0.9209039208701059,3.9332599392658922,-0.09199561687983016,0.6341697084993169
1941,-576460709655,0.9191543845514665,3.945536164481657,-0.09185645527647016,0.6558917895844368
1942,-576460709636,0.9174936843550882,3.9572345974394114,-0.09331388495637015,0.6484994639980368
1943,-576460709619,0.915800113274405,3.968845951821183,-0.09477708357797014,0.6410778773804369
1944,-576460709601,0.8331390671268797,3.920466092704438,-0.11796019547144805,0.6060562251657203
1945,-576460709585,0.8311268957215684,3.9306851929138578,-0.11933816001074805,0.5990974052864904
1946,-576460709567,0.8291142311577142,3.940815884913301,-0.11732061638458806,0.5921180688087604
1947,-576460709549,0.827017874835964,3.9514268323083734,-0.11518160972866806,0.5847185523937504
1948,-576460709531,0.9114751315630517,3.9199403307138736,-0.0880033068298397,0.5557633254101914
1949,-576460709513,0.9099715887820755,3.9294770622802706,-0.0889569451534797,0.5666672714705213
1950,-576460709495,0.9082712772580194,3.9403595623804155,-0.0900232152734797,0.5788590548605214
1951,-576460709477,0.9067332282190409,3.9502899392046475,-0.0909769658360797,0.5897642842664713
1952,-576460709460,0.9051792459811476,3.9604038483969797,-0.0919305480402397,0.6006675886539913
1953,-576460709447,0.8301139348618745,3.9064422694003986,-0.11195707284633573,0.5752351453357939
1954,-576460709442,0.8280870962998098,3.916778407283328,-0.11271050594485572,0.5704876150620639
1955,-576460709425,0.8260531309210386,3.926996637865252,-0.11346155885789572,0.5657550828056039
1956,-576460709406,0.823983384851361,3.93723914351674,-0.11422075451073571,0.560971241542694
1957,-576460709388,0.821941225921683,3.947194429635749,-0.11496491741317572,0.556282124599384
1958,-576460709370,0.9116283721678495,3.9127062434259736,-0.08638010449528258,0.5310648549556173
1959,-576460709354,0.9100970841856534,3.9222218808971556,-0.08406601997000258,0.5281111770103373
1960,-576460709335,0.9086020620704708,3.931718581573192,-0.08174356414607259,0.5251468140101573
1961,-576460709317,0.9071516211932842,3.941144071592897,-0.0794254871552826,0.5221880401156173
1962,-576460709299,0.829082369841688,3.896258595618914,-0.10144764069851689,0.5017247337670011
1963,-576460709281,0.8272399189237899,3.9053376694447017,-0.10321227797941689,0.5067811063649011
1964,-576460709263,0.825366535523835,3.9145036885682694,-0.10497613119487689,0.5118352323101611
1965,-576460709244,0.823417433248585,3.923734439270585,-0.10954095831095689,0.5040959477818011
1966,-576460709227,0.8214203092909915,3.932718321616471,-0.1128806874840569,0.4964478038482611
1967,-576460709208,0.8193718102785421,3.941528686252677,-0.1162066545478569,0.4888311758213411
1968,-576460709191,0.8172513972727263,3.950252879123003,-0.1195519629544569,0.4811702551689011
1969,-576460709172,0.8151099315195554,3.9589033039934267,-0.1183754580967069,0.4799346690490411
1970,-576460709153,0.8129891752350386,3.9675334018738893,-0.11719869180795689,0.4786988083697411
1971,-576460709136,0.7472421086852016,3.9235877386752946,-0.1324686357763505,0.4524965084340741
1972,-576460709118,0.744867473444726,3.9317242637344982,-0.1312918041298505,0.4512605791149141
1973,-576460709100,0.7424972623478687,3.9398347681346264,-0.1320649844098505,0.44990657645491405
1974,-576460709082,0.7401118056221767,3.9479253860088517,-0.13283859423445052,0.44855182157121404
1975,-576460709063,0.8489020580656031,3.906656995188087,-0.10225556415364137,0.4224335538927233
1976,-576460709046,0.8470575901313211,3.914235980713829,-0.10302745579984138,0.4210818079038233
1977,-576460709028,0.8452092084159853,3.9218482620215465,-0.10231406676148137,0.4245862816054433
1978,-576460709010,0.8433735682428493,3.929524062460167,-0.10160063809700137,0.42809094996760333
1979,-576460708992,0.771616397575988,3.882673314151282,-0.11909479794883907,0.40613699016595883
1980,-576460708975,0.769463011123032,3.890071027941634,-0.11837613863651907,0.40966735371939883
1981,-576460708957,0.7673349888860176,3.897447095653786,-0.11801824450215907,0.40971364074311883
1982,-576460708939,0.7652119982522251,3.904828913836831,-0.11766011182471907,0.40975995861799885
1983,-576460708919,0.763101442163538,3.912190666365952,-0.11730299295536907,0.40980614537544885
1984,-576460708901,0.8585477220894544,3.876502792854744,-0.09002684846756207,0.3854748700858259
1985,-576460708883,0.8569301017782119,3.883405001024655,-0.09008898621036207,0.3830596104743059
1986,-576460708866,0.8553074888473052,3.8902801938841973,-0.09015127270736208,0.3806385688695059
1987,-576460708848,0.8536829425258471,3.897115199841945,-0.09021359033896208,0.3782163170800659
1988,-576460708830,0.7863828670079926,3.8550515122575497,-0.10703083925593135,0.3546939676874766
1989,-576460708811,0.7844541922028971,3.861438892045297,-0.10690979358883135,0.3538340176421766
1990,-576460708794,0.7825332528751481,3.8677924122177276,-0.10678909702737134,0.3529765477633966
1991,-576460708776,0.7806128834049293,3.87413579857748,-0.10666829976236133,0.3521183624519666
1992,-576460708758,0.8683581646885663,3.8408390511108608,-0.08145607110065363,0.33294677834854985
1993,-576460708739,0.8668561849254055,3.8469950935581583,-0.08116625059281363,0.33358012153206984
1994,-576460708722,0.8653974914979387,3.853006092776654,-0.08088378856365362,0.3341973842720498
1995,-576460708703,0.8638657879149884,3.8593526560661306,-0.08058612319581362,0.3348478707855698
1996,-576460708686,0.8625023749074595,3.865142889029319,-0.07987203939437362,0.34659651702052985
1997,-576460708674,0.798406344519289,3.8192888082670984,-0.09632787720641266,0.32542253768127566
1998,-576460708668,0.7966763828039568,3.825268547472729,-0.09557026093361266,0.3378874130264757
1999,-576460708650,0.7949655801140906,3.831452709110943,-0.09481508180689266,0.3503121906029557
2000,-576460708633,0.7933575371728938,3.8375166048613165,-0.09409973741265266,0.3620815770631157
2001,-576460708615,0.7916784588195778,3.8440480385659748,-0.09280718676123266,0.36496619993450574
2002,-576460708597,0.8779474397300515,3.8119610461179314,-0.06717451797532878,0.34846047434920263
2003,-576460708579,0.8768161320987508,3.8179066690678405,-0.06595182131636879,0.35118920203452264
2004,-576460708562,0.8756311992443798,3.8242327954821276,-0.06556125907996879,0.3509335964435226
2005,-576460708544,0.8744559763382962,3.830539938074118,-0.0651715854701888,0.35067857241907263
2006,-576460708525,0.7983652903677795,3.78428819949708,-0.0839518032048848,0.32642319145864984
2007,-576460708508,0.7968589224964865,3.7901566265265965,-0.0835619995521848,0.32616808232689987
2008,-576460708492,0.7954299356347934,3.795678430113995,-0.0844453911588948,0.3230357960340099
2009,-576460708475,0.7939880546018193,3.8011389527339805,-0.0853274845003548,0.3199081130658699
2010,-576460708457,0.8696329649195713,3.773663037890855,-0.0649940262735986,0.29988352830698334
2011,-576460708439,0.8684561760359677,3.7790242907172042,-0.0659275828495686,0.29657336954575336
2012,-576460708420,0.8672574799163155,3.7843367564638677,-0.0672608748895686,0.29370060230575334
2013,-576460708403,0.8660347845399433,3.7895975124002113,-0.0685941669295686,0.2908278350657533
2014,-576460708384,0.8026351118727412,3.7522072440964385,-0.08574282335612407,0.2683072551761375
2015,-576460708366,0.8010291376990537,3.757165110284879,-0.08711915110030408,0.26534176139355753
2016,-576460708349,0.7995542703905046,3.761675594042127,-0.08640485720006408,0.2653346027746775
2017,-576460708328,0.7980893174235226,3.7661928546234185,-0.08568947078606408,0.2653274332066775
2018,-576460708314,0.7965545634837455,3.770966027001147,-0.08493353530366408,0.2653198572578775
2019,-576460708302,0.8756651427395663,3.7373893497799133,-0.06320933756541663,0.2483763549943516
2020,-576460708295,0.8745344316767726,3.741859062473269,-0.06245314996445663,0.2483687765188316
2021,-576460708279,0.8734540319018822,3.746115307275927,-0.06359979308657664,0.2482179464607116
2022,-576460708261,0.8723587674237248,3.7503506095590233,-0.06474148628505663,0.2480677675182316
2023,-576460708245,0.8712627905156034,3.7545126917178413,-0.06586411558843663,0.2479200962508516
2024,-576460708227,0.8173285423378287,3.723260378772318,-0.0804043568949878,0.23142510535980723
2025,-576460708208,0.8159062393544961,3.727413773692314,-0.0774801947320978,0.22962778024774724
2026,-576460708191,0.8145390814382995,3.731527267746429,-0.0745613884748178,0.22783374712262724
2027,-576460708173,0.8132134559183969,3.7356430808174546,-0.0716177502915278,0.22602445114896724
2028,-576460708154,0.8922343605320965,3.7053718940873663,-0.051073328180468634,0.20596205083398147
2029,-576460708136,0.8912635572285668,3.7092037662694666,-0.05258406368645863,0.20318558486089147
2030,-576460708118,0.8903512285725532,3.712661584264491,-0.053965268402708634,0.20064717368214147
2031,-576460708101,0.8893732709886241,3.7162260558267093,-0.055407609070778636,0.19799640538377147
2032,-576460708083,0.8305900075411697,3.6815715133606384,-0.06929734717977284,0.18145193037721075
2033,-576460708066,0.8293326776703003,3.684889355169121,-0.06855265510829285,0.18230662772855075
2034,-576460708048,0.828121010205353,3.6881361583011416,-0.06782727228743285,0.18313916348318074
2035,-576460708028,0.826840264038943,3.691622603160074,-0.06705200383389284,0.18402895393375074
2036,-576460708011,0.8917597131725291,3.6667505016920012,-0.04836018415085253,0.16558800329899517
2037,-576460707994,0.8909433977953898,3.6695293221452423,-0.04777871316859253,0.16167856756907517
2038,-576460707975,0.8900879375054711,3.6724055504303315,-0.04716166637956253,0.15752994306731516
2039,-576460707957,0.8892440159187006,3.6752056359120835,-0.04654492775440253,0.15338339046059515
2040,-576460707937,0.8883539502582701,3.6781461139837592,-0.047077209663342535,0.15591271469093515
2041,-576460707920,0.8369413936332702,3.647777918863438,-0.06027326728744944,0.14319323209909837
2042,-576460707903,0.8358530337444764,3.6503743264229374,-0.06077665917166944,0.14558527524151837
2043,-576460707886,0.8348168266647005,3.6528659847403557,-0.06125208484009944,0.14784442709824838
2044,-576460707867,0.8337130144168896,3.6555530891896915,-0.06103365689931944,0.14984620042466837
2045,-576460707849,0.8888704962489222,3.634288435713735,-0.04546105285033132,0.13962094680412138
2046,-576460707831,0.888052573870831,3.636824532482321,-0.04524284269623132,0.1416207242340214
2047,-576460707810,0.8872412390025932,3.6393771143989766,-0.04496060032315132,0.1421729181758214
2048,-576460707796,0.8864354281767687,3.6419382024828644,-0.04467851484727132,0.1427248051556214
2049,-576460707776,0.8390794368641578,3.614329053834062,-0.05602480690734061,0.1295248311152258
2050,-576460707759,0.8380740894991696,3.616664172806444,-0.05574254884454061,0.1300770557532258
2051,-576460707740,0.8370130643925053,3.619141348170416,-0.055956062237080606,0.1307056965335458
2052,-576460707723,0.8360604680734527,3.621367470152661,-0.05614706445343061,0.1312680583643458
2053,-576460707703,0.8930859609811468,3.599298612010824,-0.04052290422795322,0.11932837085853555
2054,-576460707686,0.8923548909314992,3.6014514035446705,-0.04072515641303322,0.11992385561917555
2055,-576460707668,0.891625325244656,3.603591123475307,-0.04032418945634322,0.11778318550027556
2056,-576460707648,0.890903177782325,3.60569172670773,-0.03992333386080322,0.11564310991287556
2057,-576460707629,0.8491470552634915,3.5813891410854723,-0.049745107842368685,0.1013511410985819
2058,-576460707613,0.8482601859557203,3.583184277127345,-0.049346434925368686,0.0992227183285819
2059,-576460707589,0.8474204014366206,3.5848878082664153,-0.04940527240056868,0.1010984410164219
2060,-576460707578,0.8465767472855511,3.586629214383954,-0.04946431052096868,0.1029805602186019
2061,-576460707562,0.8457378302750864,3.5883905774189797,-0.04952294735096868,0.1048498863921019
2062,-576460707543,0.8924391231244,3.5699728492124505,-0.0363356687716468,0.0936977337446975
2063,-576460707526,0.8917865355174668,3.5716540495176226,-0.036117712702006796,0.0929571241626975
2064,-576460707508,0.8911239818714024,3.5733575931942005,-0.0358950742187468,0.0922006038496975
2065,-576460707490,0.8904943522737284,3.5749733159004022,-0.0356822119375668,0.0914773028406975
2066,-576460707471,0.8471748200423161,3.5489984941472565,-0.04596102760923615,0.07832478678972093
2067,-576460707453,0.8463512491521538,3.5504020470395514,-0.04559262590223615,0.07770354874413093
2068,-576460707436,0.8455315023145586,3.5517992022750637,-0.04522295462123615,0.07708016980816093
2069,-576460707417,0.8446781143256425,3.5532538243518506,-0.044834874517236147,0.07642574796168093
2070,-576460707399,0.8438669204322327,3.554629832984929,-0.04532783454243615,0.07651508043426093
2071,-576460707386,0.8900937649283345,3.5351084945766673,-0.03273627496973182,0.06646835922938661
2072,-576460707381,0.8895002732351823,3.5363053299568965,-0.03322923499493182,0.06655769170196661
2073,-576460707363,0.8888984844926934,3.537502639786944,-0.03372172929153182,0.06664693977685661
2074,-576460707343,0.8882492311070384,3.53877683560795,-0.034245126050531816,0.06674178788670661
2075,-576460707327,0.8876780528223123,3.5399040629485197,-0.03339396267303182,0.06674478213751661
2076,-576460707314,0.8571138508612394,3.520157685364216,-0.04101293569279728,0.05779061600857456
2077,-576460707306,0.8563826995760602,3.52119950560621,-0.040104419960297275,0.05779381201540456
2078,-576460707291,0.8556686708352679,3.5222402853194987,-0.03919686178029728,0.05779700465372456
2079,-576460707272,0.8549542273739134,3.523286336838935,-0.03972536537844728,0.05775687763697456
2080,-576460707254,0.854232630534509,3.5243281988497066,-0.04025211751479728,0.05771688360122456
2081,-576460707243,0.887466909719247,3.510236109126021,-0.031194571367606998,0.050445394470194534
2082,-576460707236,0.8869006467677456,3.511143817583284,-0.031720039098637,0.05040549795384453
2083,-576460707219,0.8863299225745193,3.5120430011685086,-0.032240982220017,0.05036594497174453
2084,-576460707200,0.8857437777895985,3.5129548310475824,-0.032205943004917,0.049890226449244526
2085,-576460707183,0.8851708171669727,3.5138387339597243,-0.032171655042917,0.049424707499244526
2086,-576460707164,0.853002073363625,3.4942034099893533,-0.039993131798588814,0.03959439548546276
2087,-576460707145,0.8522871842030686,3.4949072947170086,-0.03995868395451881,0.03912670585721276
2088,-576460707128,0.8515665173765081,3.4956220986281745,-0.03898389755061881,0.039173645897152755
2089,-576460707110,0.8508831919358923,3.496317600529032,-0.03803655337541881,0.03921926447907276
2090,-576460707091,0.8876685155596771,3.48115292015242,-0.026794698041825882,0.031038069197899386
2091,-576460707073,0.8871903658488465,3.481717430603754,-0.02582439636012588,0.031084793279719386
2092,-576460707053,0.886721876261086,3.482262803797249,-0.02674990369154588,0.030117450407279388
2093,-576460707037,0.8862315222746964,3.4827965911055294,-0.027685485561305883,0.02913957759895939
2094,-576460707019,0.859998485207672,3.466583174611651,-0.03502994987344045,0.020582769486376423
2095,-576460706999,0.8593778659361538,3.466959709890253,-0.03387415488042045,0.02122196889509642
2096,-576460706983,0.8587789505747436,3.467347169468393,-0.03272009223251045,0.02186021024985642
2097,-576460706965,0.8582010774350463,3.4677459066091534,-0.03156660703297045,0.022498132253296423
2098,-576460706947,0.8576426339473441,3.4681571071948296,-0.030410362913440448,0.02313758004637642
2099,-576460706934,0.8899390328378568,3.4544215138198946,-0.021591850774573755,0.01601903305015589
2100,-576460706929,0.8895499585756929,3.454698549186902,-0.021621817483763756,0.014750708384525888
2101,-576460706910,0.88913765271928,3.454966836690222,-0.021653528243113757,0.013408567744575887
2102,-576460706892,0.88874824843568,3.455196428314079,-0.021683435042183757,0.012142778742185886
2103,-576460706876,0.8884022293822068,3.4553811241647057,-0.021709975225343757,0.011019479926865885
2104,-576460706858,0.8631909356849451,3.439372365171068,-0.028283584559656443,0.003594464977677205
2105,-576460706840,0.8626783051294381,3.4394363257452474,-0.028669037983056443,0.003511475937697205
2106,-576460706821,0.8621551036626983,3.4394992208755757,-0.029057167868956443,0.003427910648967205
2107,-576460706803,0.8616031006437865,3.4395630714303302,-0.029461121001156443,0.0033409385776272046
2108,-576460706784,0.8868949335180387,3.428564224920272,-0.02119419502836838,-0.0025757227797811315
2109,-576460706768,0.8865444962310702,3.4285190152221303,-0.02005313159220838,-0.002745569374341131
2110,-576460706749,0.8861941736739316,3.4284679376409963,-0.018843504963468382,-0.00292562155818113
2111,-576460706732,0.8858655872199236,3.4284136074628084,-0.01763367687578838,-0.003105703729061129
2112,-576460706714,0.868017181661786,3.416886744128161,-0.02264210638308574,-0.008865556951534775
2113,-576460706697,0.8676039375438938,3.416721887097996,-0.02330709224840574,-0.009465129673824775
2114,-576460706679,0.8671783247945718,3.4165460744485174,-0.02397270660984574,-0.010065269068504775
2115,-576460706662,0.8667650529412085,3.416376042359946,-0.02460179425560574,-0.009919696678024774
2116,-576460706644,0.8663254652201772,3.4161988835003116,-0.02424399951419574,-0.009765714693054773
2117,-576460706631,0.8918255642495525,3.4052620274551244,-0.017259516661176172,-0.015446926179229985
2118,-576460706626,0.8915180118713769,3.4049852769412987,-0.016901582769636173,-0.015292884309049985
2119,-576460706608,0.8912168051893169,3.4047112092724867,-0.016543529606556175,-0.015138791108689984
2120,-576460706589,0.8909226459002995,3.4044340052383135,-0.016142651738786176,-0.015663368363889985
2121,-576460706571,0.8906203014887135,3.404131497372577,-0.015719969357846177,-0.016216478378289986
2122,-576460706553,0.8750495658832036,3.3938008676922,-0.019144438596125107,-0.021282455898237344
2123,-576460706535,0.874722262807242,3.3934289734182776,-0.018759797184025106,-0.021785786594237345
2124,-576460706518,0.8743844553970695,3.3930405000463435,-0.019320172399165107,-0.022005597909677346
2125,-576460706499,0.8740316750204321,3.392642503357003,-0.01988853853581511,-0.022228543723077344
2126,-576460706483,0.8956664828426898,3.3827182593163956,-0.014393075168965912,-0.027397148156430642
2127,-576460706466,0.8954179681127984,3.382252070306686,-0.014928466910135912,-0.02760715951975064
2128,-576460706448,0.8951546770699021,3.381749781930357,-0.014322843266095913,-0.02819645967027064
2129,-576460706430,0.8949022198781683,3.3812367410435096,-0.013717051411955913,-0.02878592349709064
2130,-576460706411,0.8827785463352639,3.372933457961054,-0.016066927707448938,-0.03290661387030766
2131,-576460706395,0.8825204728378149,3.372391326922139,-0.015517149816608938,-0.03344157348922766
2132,-576460706377,0.8822406665696738,3.3717901102412577,-0.015493186894128938,-0.03318999925610766
2133,-576460706359,0.8819779383901192,3.3712288832844277,-0.015470652770528939,-0.03295342523770766
2134,-576460706342,0.8816991256746366,3.370636802746101,-0.015446703126848938,-0.03270199041178766
2135,-576460706329,0.8995785118159673,3.3628383796882138,-0.010528583343919984,-0.036754215104022415
2136,-576460706324,0.8993894540403625,3.362179901792158,-0.010504712045159985,-0.036503602780582414
2137,-576460706306,0.8991983006792187,3.3615144845228797,-0.010739271189319985,-0.03744808306942241
2138,-576460706288,0.8990008628812777,3.360824851656936,-0.010976280717959986,-0.03840243012278241
2139,-576460706270,0.8988032409103232,3.36013234468446,-0.011208493749319986,-0.03933746350942241
2140,-576460706251,0.8892428591787258,3.3532735133022493,-0.012859558762824946,-0.04230862912553541
2141,-576460706233,0.889006129534663,3.352469692560585,-0.012119827547484946,-0.04250942950739541
2142,-576460706216,0.8888056059528907,3.351745031827494,-0.011455927172674947,-0.042689645572385415
2143,-576460706198,0.8886057432597374,3.3509749877252686,-0.010753506448094946,-0.042880318004205414
2144,-576460706179,0.9020250265518333,3.3441794849977797,-0.007341608234153146,-0.046283146076397316
2145,-576460706163,0.9018980995612947,3.3433942655144118,-0.007663355773233146,-0.04654336809405731
2146,-576460706145,0.9017555487997146,3.3425450501617586,-0.008009313302693147,-0.04682317059572731
2147,-576460706128,0.9016095193710555,3.341706617750308,-0.008348861745933148,-0.04709778957570731
2148,-576460706109,0.8961576086898465,3.3373734162083952,-0.009361338494231843,-0.049517138475082
2149,-576460706091,0.8959897937695424,3.3364619860455176,-0.009031353340951844,-0.050376566355881995
2150,-576460706074,0.8958321268982846,3.3355591536131453,-0.008709939700311843,-0.051213670211281995
2151,-576460706055,0.8956784703348841,3.3346308752192995,-0.008384855137591843,-0.052060334777982
2152,-576460706036,0.9071824349765806,3.328513086197802,-0.004935240295103474,-0.05472488579333258
2153,-576460706019,0.9070956529671328,3.327528206159191,-0.004706669537433474,-0.05470015043922258
2154,-576460706000,0.9070130033723905,3.3265439900833607,-0.0044781495704434736,-0.05467542058155258
2155,-576460705983,0.9069344367043981,3.3255598365159775,-0.004249540719763473,-0.05465068110511258
2156,-576460705965,0.9068557026634143,3.324570723374465,-0.004505495528843473,-0.05533632451181258
2157,-576460705952,0.901631885143604,3.3211521561772317,-0.005827564602872134,-0.0568815911938601
2158,-576460705947,0.9015246531756212,3.3201218241025243,-0.0060837897967721336,-0.0575679588986101
2159,-576460705928,0.9014063908450771,3.3190202193709855,-0.006354402309252134,-0.0582928668838101
2160,-576460705909,0.9012947672532957,3.317965820331644,-0.006017289769602133,-0.058570423705460097
2161,-576460705892,0.9011896813312523,3.3169111205686774,-0.005681671771552133,-0.058846750017510094
2162,-576460705879,0.9116292913391386,3.31224291620151,-0.0027887780448525665,-0.061270118357975016
2163,-576460705872,0.9115821761936549,3.3111389778656677,-0.0024529358655625663,-0.061546629246465014
2164,-576460705856,0.9115410497948148,3.3100286467572912,-0.002116664005562566,-0.061823493906465014
2165,-576460705837,0.9115011732266879,3.308910932687815,-0.002318747609692566,-0.06249818669820501
2166,-576460705820,0.9114575419804297,3.307778054625809,-0.002521370672862566,-0.06317468057186501
2167,-576460705806,0.9064093175197213,3.304476348990914,-0.003804016110617793,-0.06466801983216647
2168,-576460705801,0.9063350648500806,3.3032417337447875,-0.004017405877127793,-0.06538046029914647
2169,-576460705784,0.9062652080793845,3.302125834183603,-0.004208295706177793,-0.06601778064104648
2170,-576460705766,0.9061968904253859,3.300990335422551,-0.0037323858767377926,-0.06596324580766648
2171,-576460705748,0.9061316028537469,3.299750654679814,-0.003212361664897792,-0.06590365587698647
2172,-576460705730,0.9095447873946905,3.2969953716207634,-0.0017512454286975094,-0.06666098544540874
2173,-576460705713,0.9095187303528285,3.295847872744645,-0.001274948388377509,-0.06660640624126875
2174,-576460705693,0.9094973767357821,3.2945850093740012,-9.90447012257509e-4,-0.06737018729194875
2175,-576460705676,0.9094820503143451,3.2933711623692834,-7.19995645747509e-4,-0.06809624925933876
2176,-576460705658,0.9099145094443831,3.2924316998327314,-3.3533869552374544e-4,-0.06869293738457877
2177,-576460705641,0.909908138349652,3.2912646168827964,-4.1446649820374524e-4,-0.06865941637969877
2178,-576460705622,0.9098999261363784,3.2900294100557814,-4.98255177103745e-4,-0.06862392088229877
2179,-576460705605,0.9098902014893281,3.288794293262902,-5.820811057637449e-4,-0.06858840960473876
2180,-576460705587,0.9123862121544111,3.2864186611372843,3.253860936700383e-5,-0.06914383039320017
2181,-576460705569,0.9123909295914511,3.2852416010964576,5.227806419670042e-4,-0.06941532685540017
2182,-576460705552,0.9124050224491375,3.283988978864486,0.0010423967998870044,-0.06970309073364017
2183,-576460705536,0.9124268774549679,3.282803326658758,0.0015322637208670048,-0.06997437945870016
2184,-576460705516,0.9094292526498385,3.279537152080422,0.0012763950858295681,-0.07116923636607357
2185,-576460705500,0.9094497335862213,3.278324884391793,0.0011363911994695685,-0.07164370922253357
2186,-576460705482,0.9094678685606695,3.277102325900407,9.961316660295689e-4,-0.07211904846637357
2187,-576460705463,0.9094844807681995,3.2757981303847354,8.475182457495693e-4,-0.07262269901395357
2188,-576460705447,0.9094984043287826,3.274485955474645,6.990285256695697e-4,-0.07312593034183357
2189,-576460705428,0.9090048588020939,3.273401340837677,0.0010112598863283458,-0.07319574061437899
2190,-576460705411,0.9090272613799601,3.272076744026111,0.0014678612187683459,-0.07338720760294899
2191,-576460705393,0.9090576296492335,3.270759649936575,0.0019206981734883458,-0.073577096072109
2192,-576460705374,0.9090986399082117,3.269361100887152,0.002400264736448346,-0.073778193088489
2193,-576460705356,0.9061002679503678,3.2659909082910343,0.0017388469704717256,-0.07540885102964388
2194,-576460705339,0.9061307187878981,3.2647065476913,0.001852688976961726,-0.07607556245553389
2195,-576460705321,0.9061651607084533,3.2633305877383365,0.0019735533776717266,-0.0767834002688439
2196,-576460705303,0.906197611466414,3.2620964787711197,0.002081017492661727,-0.0774127598132339
2197,-576460705287,0.9062346184779684,3.2607026133580534,0.002029502506721727,-0.07740956752949389
2198,-576460705274,0.9087632604601761,3.259551419710591,0.0027373820354021352,-0.0780057292137668
2199,-576460705269,0.9088120832858186,3.258146955293035,0.002685869910452135,-0.0780025371073168
2200,-576460705250,0.9088600629336357,3.2567400523704064,0.002634266233822135,-0.0779993393275868
2201,-576460705233,0.9089115676613936,3.255318837005932,0.003038685386162135,-0.0785394165347668
2202,-576460705215,0.9089691914982506,3.253915965334534,0.003435175624622135,-0.0790689051591868
2203,-576460705197,0.9119261660320216,3.2544341190056802,0.004582570711848076,-0.07872201659836352
2204,-576460705179,0.9120121657241688,3.2530138101920145,0.004983047679478076,-0.07925682925737351
2205,-576460705161,0.9120967163380505,3.2516627759255265,0.004954730162758076,-0.07953892373841351
2206,-576460705144,0.9121856811331079,3.250227591257315,0.004924758461058077,-0.0798374969403135
2207,-576460705126,0.9123861001399294,3.2487371016466224,0.004926300415806958,-0.08016242301027722
2208,-576460705107,0.9124745920858207,3.2472900440680244,0.004896315400746958,-0.08046112883769722
2209,-576460705090,0.9125642689533477,3.245824428596616,0.004996334078246958,-0.08121735670099722
2210,-576460705072,0.9126553769485571,3.244351250615575,0.005095938999496959,-0.08197045620854722
2211,-576460705053,0.9201030355264859,3.2478257943315434,0.007100867137776336,-0.08047424193314161
2212,-576460705036,0.9202318024499915,3.2463698509266137,0.007200212771776336,-0.08122538100442162
2213,-576460705018,0.9203637392075424,3.244907306787745,0.007461055985976336,-0.08129758142126162
2214,-576460705000,0.9205003937870254,3.2434432190764104,0.007721942678876336,-0.08136979387284161
2215,-576460704982,0.9132840888800798,3.2454391491959393,0.00590545852986777,-0.07967467218429108
2216,-576460704963,0.9133957952662021,3.243964800274416,0.00617351920826777,-0.07974887036797108
2217,-576460704946,0.913506043653665,3.2425048474010203,0.00592506926501777,-0.08046543672622108
2218,-576460704928,0.913609265008797,3.241067551381142,0.005682617564567769,-0.08116470326567109
2219,-576460704910,0.9137093545554618,3.239600053498695,0.005437207639827769,-0.0818725017612111
2220,-576460704891,0.917093533282709,3.240343721388152,0.00646684381624443,-0.0814110843467524
2221,-576460704874,0.917211282974922,3.238876193055872,0.00664121498516443,-0.0819562018916724
2222,-576460704855,0.917332397155095,3.237396066079382,0.006815916145164431,-0.08250235105167239
2223,-576460704838,0.9174576976658636,3.235893733854673,0.006992063442544431,-0.08305302111305239
2224,-576460704820,0.915034429075167,3.2356019180849205,0.006669520217959085,-0.08256363332214851
2225,-576460704801,0.9151582158115248,3.2341131496813516,0.007070821258099085,-0.08268982472748851
2226,-576460704784,0.9152890688087232,3.2326239295117007,0.007471632309179086,-0.08281586205296851
2227,-576460704766,0.9154271111843669,3.2311326900000075,0.007872376543569086,-0.08294187836755851
2228,-576460704746,0.9203504930201925,3.232872912046143,0.008780201312418601,-0.08202052189029459
2229,-576460704730,0.9205055400959075,3.23139080164145,0.008437686051818601,-0.08256697446649458
2230,-576460704712,0.9206545156124593,3.22989785226255,0.0080949425744986,-0.08311379114213457
2231,-576460704694,0.9207969653378476,3.2283988128501533,0.0077530549098786,-0.08365924244487458
2232,-576460704676,0.917945543952299,3.2283430938431392,0.007388445068958013,-0.08295600643000137
2233,-576460704658,0.918087713783517,3.2268003506400778,0.007902744091358015,-0.08297496459035136
2234,-576460704640,0.9182347377976747,3.2253037313469024,0.008401554678558016,-0.08299335181390137
2235,-576460704623,0.9183857557808509,3.2238066593805623,0.008393149856158017,-0.08349596828622137
2236,-576460704603,0.9235259098303151,3.22554781090471,0.009689547309784635,-0.08251220861161535
2237,-576460704585,0.9236962476225744,3.2240923465008517,0.009681328025334635,-0.08300372973587535
2238,-576460704568,0.9238631036119493,3.222657041913273,0.009673269976634636,-0.08348560880703534
2239,-576460704551,0.9240260571563889,3.221254989870149,0.009775741712754636,-0.08385365754419534
2240,-576460704533,0.9202000333842204,3.221665652188156,0.008749042487029813,-0.08327103620873566
2241,-576460704515,0.920363734747317,3.220113848397257,0.008862723311429812,-0.08367934473793566
2242,-576460704496,0.92052437106971,3.2186029690705285,0.008972875688509812,-0.08407498010837566
2243,-576460704479,0.9206907052620641,3.21708665086608,0.009524115398959813,-0.08454533731712566
2244,-576460704461,0.9208685558695039,3.215548355461218,0.010080228454639814,-0.08501985281312566
2245,-576460704442,0.9269270175824249,3.2180014064401,0.012177935324187511,-0.0836813340160811
2246,-576460704424,0.9271493784142739,3.2165028550144976,0.01272528248844751,-0.0841483698255811
2247,-576460704406,0.9273784595233125,3.2149852112305495,0.01271686644964751,-0.08440380520198111
2248,-576460704389,0.9276071603241414,3.2134644914303756,0.01270845882314751,-0.0846589852564811
2249,-576460704369,0.9202304958602538,3.2154659913008867,0.010533811650966531,-0.08307152693691865
2250,-576460704352,0.9204202076909928,3.213966989360442,0.010525391406016531,-0.08332708997426864
2251,-576460704334,0.920612290422737,3.212464534837267,0.010850385551936532,-0.08387238956890865
2252,-576460704316,0.9208102474754921,3.2109520269365732,0.011175433947936532,-0.08441778018840865
2253,-576460704297,0.9296361720421883,3.215287269709829,0.013779271404312751,-0.08230425207951172
2254,-576460704280,0.929888161132241,3.2137906924362696,0.014009556347432752,-0.08273514729847173
2255,-576460704261,0.930144041875736,3.2122879637631176,0.014239587337152752,-0.08316556733523173
2256,-576460704243,0.9303990407371391,3.210806611153231,0.014465186840042752,-0.08358769544260172
2257,-576460704225,0.930661353573247,3.2092988557815594,0.014693643318682753,-0.08401516934972172
2258,-576460704214,0.9275423883632542,3.2107822260477854,0.01380511683683721,-0.08325328769697785
2259,-576460704208,0.9277925906562414,3.2092808309124115,0.014001317147077209,-0.08360547373601784
2260,-576460704189,0.9280481553404775,3.2077622671361334,0.01419892387207721,-0.08396018433601785
2261,-576460704172,0.9283039907329363,3.206256666138433,0.01439402303587721,-0.08431039378081785
2262,-576460704154,0.9285647618014566,3.2047364166470946,0.01459020154123721,-0.08466254067937785
2263,-576460704141,0.9369287147940188,3.2103899996799625,0.016808755985863035,-0.08209537051576188
2264,-576460704136,0.9372341449234944,3.2089101025364672,0.017112848798183034,-0.08226459655392188
2265,-576460704118,0.9375446679877054,3.207428971512299,0.017416570106623033,-0.08243361585214187
2266,-576460704101,0.9378608309871284,3.2059439744802125,0.01772046028046303,-0.08260272912306187
2267,-576460704082,0.9381829494577372,3.2044536992425323,0.01802480639088303,-0.08277209612027187
2268,-576460704064,0.9329994044298974,3.205620986229682,0.016432898745499087,-0.08162144207723696
2269,-576460704046,0.9332977322026745,3.2041363874274222,0.01641353921509909,-0.08183562395738696
2270,-576460704028,0.933590412933949,3.2026743994835285,0.01639452392517909,-0.08204599737360696
2271,-576460704009,0.93388928187589,3.2011840566670533,0.016635143084939092,-0.08266006622536697
2272,-576460703990,0.9413532209634812,3.2044590146415497,0.018789366030408733,-0.08110076751825959
2273,-576460703973,0.9416933932306987,3.202994520943014,0.019028562509608733,-0.0817112056374596
2274,-576460703956,0.9420187423131943,3.201600774125618,0.019254555981368732,-0.0822879492012196
2275,-576460703938,0.942367420482622,3.200114410685073,0.019397275237748732,-0.0824790877729996
2276,-576460703922,0.9365040598669372,3.201820618461042,0.017756001491122494,-0.08111686665025984
2277,-576460703903,0.936840559779206,3.2002878943984134,0.017905286371202495,-0.08131679831673984
2278,-576460703884,0.9371768980991555,3.19876484734161,0.018053266036932494,-0.08151498195836984
2279,-576460703867,0.9375018550784613,3.197296067385471,0.018077151942372492,-0.08179166204192984
2280,-576460703849,0.9463795261539119,3.2016516165159628,0.020387815438767977,-0.07943154548906535
2281,-576460703832,0.9467393534049573,3.2002481306490256,0.020411237914087978,-0.07970285747449535
2282,-576460703814,0.9471067051472662,3.1988120271676324,0.02043512249164798,-0.07997952217668534
2283,-576460703797,0.9474844928771439,3.1973493139313534,0.02100487420418798,-0.08046727607696534
2284,-576460703776,0.9478628341094097,3.195914620190615,0.02156037665544798,-0.08094283144828535
2285,-576460703760,0.9482559831267678,3.194453315536626,0.02212284749544798,-0.08142435232828535
2286,-576460703742,0.9486594381027925,3.1929826882589554,0.02268556832248798,-0.08190608721756534
2287,-576460703723,0.949066742819753,3.1915067422985204,0.02262337176988798,-0.08227945818930535
2288,-576460703707,0.9494735610164442,3.190021769214027,0.02256107835408798,-0.08265341063872535
2289,-576460703693,0.9547934650578241,3.1937730774426445,0.023985307105948508,-0.08094422059435738
2290,-576460703687,0.9552480591592257,3.192233096907132,0.023919651153348508,-0.08133835862609738
2291,-576460703669,0.9556591063475844,3.1908375711159516,0.024085859895848508,-0.08164275567234738
2292,-576460703653,0.9560923318419119,3.1893715149992143,0.024259804017488507,-0.08196131940156738
2293,-576460703633,0.9565540911096513,3.1878141688921406,0.024443841983928506,-0.08229836914118738
2294,-576460703615,0.9430914828827245,3.1931398451723134,0.020645648011100144,-0.07916174030932835
2295,-576460703598,0.9434459006872407,3.1917879653357204,0.020994227982100145,-0.07966805897315835
2296,-576460703579,0.9438255546340587,3.190354976645816,0.021361319161100144,-0.08020126549882835
2297,-576460703562,0.9442139189069866,3.1889045170414403,0.021730417086100143,-0.08073738685907834
2298,-576460703544,0.9536564543823336,3.1939372978293594,0.024518251866623472,-0.07832426014500807
2299,-576460703528,0.9540737051059043,3.19260437332922,0.024622099513743473,-0.07865660196068806
2300,-576460703510,0.9545190559719284,3.191181670676717,0.024732459806263474,-0.07900978608196807
2301,-576460703493,0.9549392241243854,3.189839405488596,0.024836130113743474,-0.07934156036068807
2302,-576460703475,0.9453515308469455,3.193289416903076,0.022084745799676366,-0.07722826763708511
2303,-576460703458,0.9457280237333552,3.191983040511152,0.022431114254676365,-0.07723539088188511
2304,-576460703441,0.9461124027192416,3.1906696690441168,0.022779305162676365,-0.0772425516063651
2305,-576460703422,0.9465262104480885,3.1892776898910427,0.023148300702676365,-0.07725014018876511
2306,-576460703405,0.9469694888873261,3.18781063379669,0.023537158932676366,-0.07725813725756511
2307,-576460703391,0.9531644990600344,3.1921401426889116,0.025210023464291548,-0.07528766625552948
2308,-576460703386,0.9536183549813503,3.1907794973433745,0.025201608360191547,-0.07584477243570947
2309,-576460703368,0.9540719838007199,3.189409049949454,0.025193194658141547,-0.07640178579579947
2310,-576460703350,0.9545254863329922,3.1880284976851962,0.025184780488741548,-0.07695883009591947
2311,-576460703332,0.9549793912565044,3.1866362110386355,0.025176356037641547,-0.07751655507669947
2312,-576460703312,0.9443830026882558,3.1906423129563173,0.02217297082125159,-0.07482355526192162
2313,-576460703296,0.9447833753308644,3.1892953986396493,0.02231534993086159,-0.07484190578239162
2314,-576460703278,0.945186108535826,3.1879488277742283,0.02245765784696159,-0.07486024712709162
2315,-576460703260,0.945592698321491,3.186595253532788,0.02268638097667159,-0.07542834904681162
2316,-576460703241,0.9553307144455602,3.1917420515241965,0.02544285210055,-0.07303267877355307
2317,-576460703223,0.9558163948808042,3.1903488115709724,0.025684095132880003,-0.07363187759511307
2318,-576460703206,0.9562564910337746,3.18908783969873,0.025900755476090002,-0.07417001799683307
2319,-576460703189,0.9566920917104665,3.1878370285551956,0.02584250955829,-0.07440884326518307
2320,-576460703170,0.9424962671033318,3.193586026686247,0.021599380434120498,-0.07109099746200774
2321,-576460703152,0.9428842801570606,3.192304804297315,0.0215371458281205,-0.07134617751650774
2322,-576460703134,0.9432713239345214,3.1910184900093523,0.0214748870063205,-0.07160145686285774
2323,-576460703116,0.943661699754791,3.1897158218041186,0.021574938784320503,-0.07205405760933774
2324,-576460703098,0.9535679813288487,3.1950346068250832,0.024259574230286227,-0.06948872897659339
2325,-576460703081,0.9539792673629941,3.1938552153481243,0.024352923157036226,-0.0699110082681234
2326,-576460703063,0.9544169732141153,3.1925972069826587,0.024451877101786226,-0.0703586427845334
2327,-576460703045,0.9548576139926545,3.191325843407218,0.024497331800586226,-0.0708725919900934
2328,-576460703027,0.9438946075057012,3.195591545734536,0.021299561485090126,-0.06861414243158462
2329,-576460703006,0.9442787714793011,3.1943506914758455,0.021345049004990128,-0.06912846274021461
2330,-576460702991,0.9446642962924069,3.193104677041146,0.02149818187859013,-0.06934066374748461
2331,-576460702974,0.9450518408980555,3.1918572084155055,0.02165102545299013,-0.06955246386381461
2332,-576460702954,0.9454435919111539,3.1906012609922234,0.021804439116990128,-0.06976505397111461
2333,-576460702942,0.9541126284458953,3.196591953442148,0.024164863846764688,-0.06703483198525942
2334,-576460702936,0.9545731750648349,3.195316499669322,0.024326488502764688,-0.06725880032070942
2335,-576460702917,0.9549881561312838,3.1941721833231984,0.024572476494464687,-0.06758080919129943
2336,-576460702900,0.955432585058433,3.1929532666212457,0.024833218258364688,-0.06792213138482943
2337,-576460702884,0.9558821566842847,3.191726980446471,0.025094220894464687,-0.06826379507129943
2338,-576460702866,0.9462132790145443,3.1955056873372834,0.02246789725275737,-0.06611911840484026
2339,-576460702849,0.9466011548309851,3.1943657951534834,0.022542351246307372,-0.06615731719709027
2340,-576460702830,0.9470024370901624,3.1931897634985544,0.022619120722337373,-0.06619670395294026
2341,-576460702814,0.9473877679129417,3.192063569393653,0.022692594091777374,-0.06623439963374027
2342,-576460702796,0.9569701883895079,3.197193425425295,0.025273110768737405,-0.06338905782837304
2343,-576460702779,0.9574002162181785,3.1961134668656346,0.025437718083937404,-0.06396454590517303
2344,-576460702761,0.9578596162293103,3.1949567371929604,0.025612399832697405,-0.06457525548101303
2345,-576460702743,0.9583228048426288,3.19378738630961,0.025787324221957404,-0.06518681335885303
2346,-576460702726,0.9445783691590623,3.199608353792195,0.021914793831861425,-0.06230268212394474
2347,-576460702709,0.9449559003278509,3.1985358062199136,0.022071128198721427,-0.06265916947590475
2348,-576460702691,0.9453516321197863,3.197413149198385,0.022233819398161426,-0.06303015223574475
2349,-576460702673,0.9457298707852866,3.196341614757306,0.022388213929291426,-0.06338221620392474
2350,-576460702655,0.9542846708967462,3.2007545670658293,0.0247805662643508,-0.06121394231969589
2351,-576460702638,0.9547161417157046,3.1996846461365056,0.0246575109580508,-0.06137797166754589
2352,-576460702619,0.9551588348356295,3.19857832028875,0.0245306134780508,-0.06154712252754589
2353,-576460702603,0.9555997562773958,3.197467653681701,0.0244035679509908,-0.06171647073021589
2354,-576460702585,0.9560132096873649,3.196418105792158,0.024283833128750803,-0.06187607396389589
2355,-576460702573,0.9481246504642549,3.200258777072928,0.022036262449615547,-0.05995750591719693
2356,-576460702567,0.9485231724372403,3.199177478468387,0.022221827725885546,-0.06012674135262693
2357,-576460702550,0.9489022084714682,3.1981545688243567,0.022396893195585545,-0.060286400969926934
2358,-576460702533,0.949307315373474,3.19706710532619,0.022582499687975544,-0.06045567399443694
2359,-576460702515,0.9496922288917445,3.196039273884677,0.02275745181334554,-0.06061523024176694
2360,-576460702504,0.9581527097353199,3.2018086287689704,0.025072162864799012,-0.057977899346332795
2361,-576460702499,0.9585800887924942,3.200816958321411,0.025145692393329012,-0.058545271743402794
2362,-576460702480,0.9590328057226511,3.199759162852557,0.025223347455009013,-0.059144477795322795
2363,-576460702463,0.9594657684516837,3.1987405301270253,0.025297391055209013,-0.059715816899122795
2364,-576460702445,0.9599236074341275,3.197661208744759,0.025536893344249013,-0.060122231428892794
2365,-576460702427,0.9480175871422007,3.202660121706162,0.022246774032194223,-0.057488346092247004
2366,-576460702408,0.9484219594834049,3.2016171026521985,0.022487153862514223,-0.057896249733157004
2367,-576460702390,0.9488049813148683,3.2006326366753757,0.022712495826354224,-0.058278635424077005
2368,-576460702374,0.9492139645840243,3.199581512670048,0.022800888232834222,-0.058694879524477
2369,-576460702355,0.9589566917585867,3.204890103823679,0.025444767130682215,-0.05619613582291487
2370,-576460702338,0.9594120729203442,3.2038824072833383,0.025532638193122216,-0.05660992488911487
2371,-576460702321,0.9598526278678559,3.2029038084211607,0.025617361517962216,-0.05700889110731487
2372,-576460702303,0.9602823948110081,3.2019452320958988,0.025679719307082217,-0.05740699875447487
2373,-576460702284,0.9607460050476503,3.2009063220919245,0.025746818312682218,-0.05783537550777487
2374,-576460702273,0.9532673426769627,3.20457755489959,0.023610546080818827,-0.05599874863904831
2375,-576460702268,0.953696155571622,3.203558054236426,0.023678039567538826,-0.056429643858008305
2376,-576460702250,0.954125408927592,3.2025326152424247,0.023745410244098826,-0.056859755026338304
2377,-576460702231,0.9545507043036562,3.2015206534024365,0.024045956883018825,-0.056856599618918306
2378,-576460702214,0.9549853175132033,3.200499480613338,0.024349256027958826,-0.05685341531322831
2379,-576460702196,0.9628915513078006,3.2045701242284896,0.026698529102456386,-0.054517624000414586
2380,-576460702178,0.9633752384875952,3.2035880725154207,0.027002723234016385,-0.05451443029835459
2381,-576460702159,0.9638649323075886,3.20259845607404,0.027059301494776384,-0.054738875219474584
2382,-576460702141,0.9643538614580922,3.201608401140614,0.027115673630276383,-0.054962502445474584
2383,-576460702124,0.957115872854629,3.204451798226995,0.024962048406150635,-0.053268868039144684
2384,-576460702106,0.9575670025255353,3.2034923184875965,0.025169040704450633,-0.053351838639164685
2385,-576460702088,0.9580220606524584,3.202530917964718,0.025376125009550634,-0.053434846119104686
2386,-576460702069,0.9585063853097215,3.2015146096954794,0.025594687162950634,-0.053522454369064686
2387,-576460702051,0.9589683593802399,3.2005516916222234,0.025801437943400635,-0.05360532815929468
2388,-576460702039,0.9667436349702531,3.2058265877863854,0.027932767536021832,-0.051189319790333566
2389,-576460702033,0.9672478641280507,3.204900505179558,0.028042938258581833,-0.05161736391609357
2390,-576460702015,0.967753430601697,3.203967907967862,0.028152968332461833,-0.05204486158232357
2391,-576460701997,0.9682608355315472,3.203027881152156,0.028262967830541833,-0.05247224045300357
2392,-576460701981,0.9687419910569574,3.2021327900054954,0.028366882744421833,-0.05287597900923357
2393,-576460701962,0.9607672327180378,3.205423868352383,0.025948985580203733,-0.050802007463591606
2394,-576460701944,0.961236873074752,3.204504196063207,0.025962184610383732,-0.050852937731031604
2395,-576460701925,0.9617035053374623,3.2035899652032813,0.025975292456813733,-0.050903516153471606
2396,-576460701908,0.9621713347063756,3.202672940196257,0.025988427293633733,-0.05095419872203161
2397,-576460701890,0.9702187524908936,3.206900191570743,0.028155226654830494,-0.04860646958096328
2398,-576460701871,0.9707271341688782,3.2060238457032875,0.028243894488350494,-0.048614061532323276
2399,-576460701855,0.97123938097129,3.2051434732345068,0.028332955789070493,-0.04862168717328327
2400,-576460701836,0.9717506256909774,3.20426277506336,0.028421564602510493,-0.049146759890083276
2401,-576460701817,0.9663758912862105,3.2063240442383374,0.026801018207715813,-0.04819302495336453
2402,-576460701800,0.9668591811804311,3.205451361153806,0.026868042782915814,-0.04871792280136453
2403,-576460701782,0.9673433819017353,3.204569766328296,0.026935026421395815,-0.049242500056564525
2404,-576460701764,0.9678288129710758,3.203681607394147,0.027055749837135816,-0.04954060906914452
2405,-576460701746,0.978975934159874,3.2099527635999205,0.03010012208315338,-0.046555231695259554
2406,-576460701727,0.9795443630690992,3.209072486518952,0.03022663930980338,-0.04686764768580955
2407,-576460701710,0.9800649509157108,3.2082643822599883,0.030342045578103383,-0.04715262677190955
2408,-576460701692,0.9805757801527285,3.207467459695629,0.030434782145603384,-0.04766266940410955
2409,-576460701672,0.9811252022302324,3.206603507493063,0.030534210530853385,-0.04820951642136955
2410,-576460701656,0.9738359259974791,3.2096775641943394,0.02837918912279265,-0.04678504170257409
2411,-576460701639,0.9743228709161617,3.2088716847545173,0.02847369105029265,-0.04730479365317409
2412,-576460701622,0.9748031273396052,3.208070687627837,0.02845570954757265,-0.04764507911597409
2413,-576460701603,0.9753431669193076,3.2071625111052917,0.02843547609397265,-0.04802798093622409
2414,-576460701582,0.9797872632069466,3.2088302056634284,0.029481318339415398,-0.047226142626046505
