1,-576460573333,0.9003437378469528,3.1513319841569416,0.0,0.0
2,-576460573323,0.9003442032230249,3.1513314632791913,1.275701952e-4,-1.4278447104000013e-4
3,-576460573308,0.9003487369844199,3.151325268636047,4.245532164799999e-4,-6.116018340100006e-4
4,-576460573298,0.8998230896436232,3.152475372331321,-6.11233786133611e-5,4.6455273145149054e-4
5,-576460573293,0.8998244220069123,3.1524791510835524,2.2786679754663877e-4,8.352872861490054e-6
6,-576460573275,0.8998313527002403,3.152474768445049,5.500761060266387e-4,-5.002867041585105e-4
7,-576460573257,0.8998425341684183,3.1524622069270434,6.924473052466385e-4,-8.955926163985095e-4
8,-576460573239,0.8998562780334399,3.152442530693229,8.348185044666384e-4,-0.0012908985286385084
9,-576460573220,0.9002744982405531,3.1539488229513566,0.002176711862614961,0.0029379290383983424
10,-576460573203,0.9003146498490294,3.1539978066226837,0.0023180388903549605,0.0025455223583183435
11,-576460573185,0.9003584456016183,3.154040893906456,0.002494681174354961,0.0021893439903183432
12,-576460573167,0.9004044098306825,3.1540767786393866,0.0026675188553149615,0.001840837156398343
13,-576460573149,0.8994246307168011,3.156329457211256,-3.9102475620571503e-4,0.008557639871961235
14,-576460573132,0.8994191719422415,3.1564800453559907,-2.1665358728571458e-4,0.008206040940121234
15,-576460573114,0.8994163555668987,3.1566245395935,-9.551393020571404e-5,0.0078097246894012345
16,-576460573097,0.8994157012567255,3.1567538559729926,1.836835770428645e-5,0.007437151392961236
17,-576460573078,0.8994171275711282,3.1568845749370524,1.39602004764287e-4,0.007040527647921237
18,-576460573067,0.9006213272522597,3.1613247058804155,0.0035663866250358876,0.019810348123784842
19,-576460573061,0.9006864475781902,3.1616768797168984,0.003686935487955888,0.019415964694504843
20,-576460573044,0.9007502112125486,3.1620040959189173,0.0038212934621058878,0.019114056149654845
21,-576460573025,0.9008202165237292,3.162344987464402,0.0039635618262558875,0.018794372594804844
22,-576460573009,0.9008889532348251,3.162662884879803,0.004098449796535887,0.018491273124284845
23,-576460572990,0.8983153321219417,3.168541793747774,-0.002178693067769753,0.031740867688894045
24,-576460572972,0.8982779551251167,3.1691116946532003,-0.001971539757569753,0.03153926837889404
25,-576460572954,0.8982443234891746,3.1696777136501444,-0.001764478454169753,0.03133775860889405
26,-576460572938,0.8982159813836025,3.1702089939675364,-0.0015689064999197528,0.031147430146394046
27,-576460572919,0.9004599252418564,3.1784416206817143,0.0034508200926918055,0.04739291017787772
28,-576460572902,0.9005244848066069,3.1792853356897126,0.0037637482428418056,0.046892725179817726
29,-576460572885,0.9005909991630113,3.1800785199522554,0.004061009877791805,0.04641758157183773
30,-576460572867,0.9006669561574602,3.180909784334393,0.004375843887491806,0.04591435024395773
31,-576460572849,0.8980767918559384,3.1869063549494134,-5.684609607538816e-4,0.05551381419728368
32,-576460572831,0.898067264294543,3.187903043626441,-4.907454200538817e-4,0.05529093033048368
33,-576460572813,0.8980595487735391,3.1888408136228326,-4.173368495638817e-4,0.055080398615723676
34,-576460572796,0.8980527270324133,3.189831789730163,-3.394571515238817e-4,0.05485704395476368
35,-576460572778,0.8980482342867859,3.1908006559100195,-1.6739592016388124e-4,0.05444645106516368
36,-576460572767,0.9012524861805576,3.20015861933303,0.005198181061998835,0.07033350500189026
37,-576460572761,0.9013444145019291,3.201379056114268,0.005367078261238836,0.06993046250049026
38,-576460572744,0.9014362054701841,3.2025538183244744,0.005530579135758836,0.06954029734829026
39,-576460572727,0.9015316676468426,3.203733140683636,0.005695642615098837,0.06914640332339025
40,-576460572708,0.901635920027174,3.204976074065335,0.005870605826838838,0.06875046045863026
41,-576460572697,0.8964415035932379,3.2138986816133377,-0.002023132868001586,0.08246765206025262
42,-576460572691,0.8964064451592753,3.215389061441147,-0.0018473058560815854,0.08206975441017263
43,-576460572673,0.896374968420524,3.2168528761082307,-0.001673779076101585,0.08167706219965262
44,-576460572656,0.8963464112085211,3.2183195863609657,-0.0014990682104815845,0.08128169039577263
45,-576460572636,0.8963221767474494,3.2197795644240492,-0.001195296242421585,0.08103728932331263
46,-576460572624,0.9004819158492905,3.2298799519756,0.004518610706049736,0.09513997863381864
47,-576460572619,0.9005660636247357,3.2315917889614396,0.004822838610689736,0.09489521073557863
48,-576460572601,0.9006557487688641,3.2333002573628735,0.0051272522672697355,0.09465029338979863
49,-576460572580,0.900755985777252,3.2350921961564443,0.005447387292589735,0.09439272734767863
50,-576460572563,0.9008564487018568,3.2367851583753042,0.0057294413890297356,0.09395485221063864
51,-576460572547,0.8975955738006843,3.243337508630722,0.0018423186183295923,0.09975987461439097
52,-576460572529,0.8976312666469826,3.2451287438480403,0.0021246551297295926,0.09932156104199097
53,-576460572511,0.8976720473598488,3.246912388262256,0.002407038710289593,0.09888317439703097
54,-576460572492,0.8977169008458453,3.248690697004941,0.002571150634489593,0.09848738527943098
55,-576460572475,0.899404199873154,3.2536615753642346,0.0045959580081935455,0.10179721632180551
56,-576460572458,0.8994835521373482,3.255386925780045,0.004750598433993546,0.10142426963940551
57,-576460572440,0.8995707534295856,3.257212206781588,0.004925532528873546,0.10111467860100551
58,-576460572423,0.8996567503825112,3.258945713086126,0.0050921683186535465,0.10081977355560551
59,-576460572401,0.8997491075560776,3.2607410014055382,0.005265258345733547,0.1005134460712055
60,-576460572393,0.8966889681216175,3.264491846322299,0.0020209314762121506,0.10456402541780582
61,-576460572387,0.8967269347640009,3.266372050208843,0.002195710281172151,0.10425470920500582
62,-576460572369,0.8967673558525966,3.2682460602563594,0.002295022814672151,0.10394549605180582
63,-576460572351,0.8968099646963519,3.270131810868417,0.0023952566454221516,0.10363341440640582
64,-576460572333,0.8968534642544003,3.2719733512170577,0.002493432728422152,0.10332773963280582
65,-576460572321,0.8954061185550601,3.269690268876687,0.001069527968538563,0.10102962759291731
66,-576460572315,0.8954263046844042,3.2715095447693465,0.0011690225547885632,0.10071984761191731
67,-576460572296,0.8954512568622562,3.2733706035254024,0.0015260336478485628,0.10029098093001731
68,-576460572279,0.8954812243248069,3.275138729911383,0.0018666373077285625,0.09988182400381732
69,-576460572261,0.8955174650612823,3.276911166804661,0.0022094774684885622,0.09946998043641732
70,-576460572243,0.8946441245132174,3.2796280083036824,0.0017216595387335037,0.09991987820759038
71,-576460572225,0.8946763707063209,3.2814406896370865,0.0018326191169335039,0.09987966253684037
72,-576460572208,0.8947081107116095,3.28312294794573,0.001935635102293504,0.09984232590474038
73,-576460572191,0.8947419878571132,3.284824238821349,0.002039855774173504,0.09980455265169037
74,-576460572172,0.8940593218461909,3.285785389307123,0.001538704338638175,0.09894381131075458
75,-576460572153,0.894088746553343,3.287561522041039,0.0017347084049581746,0.09864576861093458
76,-576460572138,0.8941198158389289,3.2892363012868158,0.0019200716898381744,0.09836390622455457
77,-576460572120,0.8941561412083158,3.2910040678665706,0.002116304707398174,0.09806551538274456
78,-576460572103,0.893715199432856,3.2930739397854034,0.0018221843018011948,0.09830344643866477
79,-576460572085,0.8937493383969612,3.2948652431121417,0.0019227656878011952,0.09819757667874478
80,-576460572067,0.893784346651952,3.2966078258166083,0.0020207155840511956,0.09809447676719478
81,-576460572049,0.8938195065598266,3.298275082816338,0.002114527917801196,0.09799573196314477
82,-576460572031,0.8938602770795065,3.3000354393012636,0.0024182998858611957,0.09771903649821477
83,-576460572019,0.8925748917855669,3.298642510393179,0.0014337703944704496,0.09661651440094376
84,-576460572013,0.8926034839351541,3.300381813374619,0.0017382009375904491,0.09633921906258376
85,-576460571994,0.8926354289042231,3.3020152437768084,0.002024900613710449,0.09607807416272376
86,-576460571976,0.8926749132979794,3.3037545155578427,0.0023310366973704486,0.09579922530599376
87,-576460571961,0.8927156564332192,3.305383432825164,0.0024555158448904485,0.09556793485863375
88,-576460571943,0.898323444922972,3.3031160678296603,0.00661033046816792,0.09233817187767032
89,-576460571924,0.8984436221541088,3.304776046062393,0.00674195342014792,0.09209360777153032
90,-576460571907,0.898566154982866,3.3064314381985365,0.00687356174816792,0.09184907083767031
91,-576460571889,0.8986907594108695,3.308085367063154,0.00696215088824792,0.09179837138055032
92,-576460571871,0.8914942681964698,3.302948002997803,0.0020307360494323324,0.08689507768413987
93,-576460571853,0.8915313152116648,3.3044992396253017,0.002118562846812332,0.08684481451481987
94,-576460571835,0.891570815707665,3.3060843830921667,0.002208361898532332,0.08679342262673988
95,-576460571817,0.8916090343137001,3.3075429500184073,0.0023314737057923323,0.08646391849585988
96,-576460571800,0.8930802747008639,3.308215568312078,0.003403879065705274,0.08550685413351294
97,-576460571783,0.8931392007542772,3.309666442106818,0.003528190037685274,0.08517414048327294
98,-576460571765,0.8932037353508313,3.311192758897869,0.0036594912625452737,0.08482271768359294
99,-576460571747,0.8932667363661285,3.312634860415133,0.0037532649790452738,0.08485624657855294
100,-576460571731,0.8933313544293904,3.3140780411952417,0.003847071796045274,0.08488978730863293
101,-576460571719,0.8887875402345423,3.3103341715762933,9.927437840190146e-4,0.08242216228045027
102,-576460571713,0.8888063219017216,3.311819491826216,0.0010921390687690148,0.08245770117329027
103,-576460571695,0.8888268467167855,3.313302152652347,0.001191313683519015,0.08249316116533027
104,-576460571677,0.8888489964425261,3.314791279455984,0.0012586062081590156,0.08221503523299027
105,-576460571659,0.8888721402532282,3.3162616115686885,0.0013252735174390162,0.08193949337081027
106,-576460571641,0.8939296245618641,3.3150158999818813,0.004412378646819787,0.07992696727088192
107,-576460571625,0.8940060012304694,3.316374264540937,0.004567301396129787,0.07977728986342192
108,-576460571607,0.8940854666654472,3.3177377271478647,0.004723098437599787,0.07962676776540192
109,-576460571589,0.8941715375545957,3.3191627492383913,0.004886244997539787,0.07946914498736192
110,-576460571571,0.8865961486868225,3.3148711834216273,6.519752279067603e-4,0.07584332117258442
111,-576460571553,0.8866100420687293,3.316251322818952,8.725084399267603e-4,0.07559568659880442
112,-576460571535,0.886627773831281,3.3176144406170742,0.0010910331747867603,0.07535030732426441
113,-576460571517,0.8866492979254708,3.3189642641440225,0.0013081301969667604,0.07510653121424442
114,-576460571498,0.8897652952105235,3.3188873057547816,0.003253582459708717,0.07395395876898773
115,-576460571481,0.8898267064608502,3.3202244824937095,0.003526946449048717,0.07368618023154773
116,-576460571463,0.8898887166145453,3.3214725146258046,0.003782985614508717,0.07343537253218772
117,-576460571444,0.8899634353509164,3.3228672398538124,0.004070158152498717,0.07315406758634772
118,-576460571427,0.8900347135498267,3.324107119000823,0.004326378413678717,0.07290308249146772
119,-576460571409,0.8839582720941849,3.3211746632593995,0.0014148216946500377,0.07034973495950136
120,-576460571392,0.8839850391712216,3.3223700556813,0.001732579920580038,0.07021025350545136
121,-576460571374,0.8840178310519695,3.3235842366623505,0.002055980041050038,0.07006829551550137
122,-576460571357,0.88405720797658,3.3248249090096107,0.0023871144143000384,0.06992294253925137
123,-576460571337,0.891448140745229,3.3228443687555176,0.006500690588218096,0.06764969999477996
124,-576460571321,0.8915677352594631,3.324053748653527,0.006835748133168096,0.06721284787357996
125,-576460571303,0.8916938338608296,3.3252599010944666,0.007172094720248097,0.06677431508349997
126,-576460571285,0.8918252794155941,3.32645934698403,0.0074329669202480965,0.06649745042349997
127,-576460571267,0.8834655895271352,3.3221856854661604,0.003504633911708626,0.06328295198491861
128,-576460571249,0.8835310810372988,3.3233232949153773,0.003765737998108626,0.06300584122299861
129,-576460571231,0.8836012161976823,3.3244549710044202,0.0040266246910086265,0.06272896118162861
130,-576460571213,0.8836757226786922,3.3255803884224173,0.004255093867318627,0.062366066662178615
131,-576460571195,0.9028523231472007,3.3189036260994174,0.013690884391112356,0.057762743706865474
132,-576460571174,0.9030988674912747,3.3199320520080673,0.013917664777312357,0.057402531617865474
133,-576460571159,0.9033492924006186,3.320953360019521,0.014144292791472357,0.057042561552665474
134,-576460571142,0.9035913616533493,3.321922833513287,0.014299306612882357,0.056872425083385476
135,-576460571125,0.9038500799084926,3.3229443509391,0.014463145320782357,0.056692602800185475
136,-576460571112,0.8955440360437638,3.317923273165408,0.010616737444559939,0.05411859572147753
137,-576460571106,0.8957391032628996,3.318908248155119,0.010782770990069938,0.05393636447939753
138,-576460571090,0.8959102472315118,3.319757420359393,0.010926364370139939,0.05377876259283753
139,-576460571070,0.8961105121649973,3.3207205072998374,0.011316644846879938,0.05318929876601753
140,-576460571054,0.8963178634139249,3.3216732427639175,0.011707033692719939,0.05259967126289753
141,-576460571036,0.906149059446287,3.3188562706747997,0.016438952596894648,0.05005224734953686
142,-576460571018,0.9064482866332875,3.3197513639198517,0.016828842944874647,0.04946337275739686
143,-576460571000,0.9067516478181068,3.320638303843827,0.01683120530137465,0.048948824077646856
144,-576460570983,0.907054310907552,3.3215138378921,0.01683356189123465,0.04843553143905686
145,-576460570964,0.907357252073711,3.3223808133339845,0.01683592031593465,0.047921839151006854
146,-576460570951,0.8997760347329224,3.3179850034964176,0.013546039234100265,0.045766834772168516
147,-576460570946,0.9000352418721744,3.318850842148463,0.013741795196040265,0.04538367075946852
148,-576460570928,0.9002700769023916,3.319618594402538,0.013916767929470265,0.04504118691381852
149,-576460570911,0.9005081790734211,3.320381469606747,0.014091957047530265,0.04469827952651852
150,-576460570893,0.9007697152098972,3.3212020552397825,0.014281911840580265,0.044326470463768516
151,-576460570880,0.9010937235761148,3.3210808887485492,0.014420462668166923,0.044265062881233726
152,-576460570874,0.9013625444612403,3.321900805434341,0.014489671775606923,0.043912243758723726
153,-576460570857,0.9016234082890809,3.322686496683309,0.014556517717846924,0.04357147174826373
154,-576460570838,0.9018872568817983,3.323471340989605,0.014623817685526924,0.04322838517454373
155,-576460570820,0.9021505449291385,3.324244791658288,0.014690667349286925,0.04288759419225373
156,-576460570802,0.9000028338970684,3.3236468535791013,0.013836687516326336,0.04194499420989348
157,-576460570785,0.9002390024782604,3.3243571896263644,0.013960932680486336,0.04166329760541348
158,-576460570765,0.9004914838072692,3.325104443316482,0.014092548320486335,0.04136489018541348
159,-576460570748,0.9007463199936376,3.325846284606548,0.014224156648506335,0.04106649934360348
160,-576460570731,0.9099213411170526,3.32335500518685,0.018003600412653684,0.038955455371282574
161,-576460570714,0.9102284232477827,3.3240123150950107,0.018168392134633685,0.038470766215472574
162,-576460570698,0.9105387617097899,3.3246623451090005,0.018333426497113683,0.037985363399912576
163,-576460570679,0.9108710945385694,3.3253429934436896,0.018508525587533683,0.03747035797792258
164,-576460570659,0.9112045682957055,3.3260149835085944,0.018564710336433685,0.03723670871522258
165,-576460570649,0.8993518199623881,3.3195135836108123,0.013955013364725303,0.034249071811399634
166,-576460570643,0.8996033760346359,3.3201276227375813,0.014011198113625303,0.03401542254869964
167,-576460570626,0.8998579404703702,3.3207422553949786,0.014067826344145303,0.033779929028339636
168,-576460570608,0.9001111731416738,3.3213428207436766,0.014262729264025303,0.03340867629671963
169,-576460570591,0.9003696250868357,3.3219407135485963,0.014458940476705304,0.033034931517899636
170,-576460570577,0.9064528136723758,3.319805136525738,0.016808516495852993,0.03199327594960344
171,-576460570572,0.9067572521981712,3.320377872564884,0.017004836732932994,0.03161932350018344
172,-576460570553,0.907067651333984,3.3209482802331567,0.017202694214052995,0.03124244289530344
173,-576460570535,0.9073772443344363,3.321503192960445,0.017493372182032996,0.030946588516563442
174,-576460570518,0.9076947637107728,3.322057545886963,0.017786558522032998,0.03064818109656344
175,-576460570499,0.9014445285738424,3.3190428506908094,0.015653353521310098,0.028751635009624188
176,-576460570482,0.9017289435608339,3.319557722907422,0.015946556149440096,0.02845321101143419
177,-576460570463,0.9020181997623608,3.3200649358182583,0.016207312406240095,0.02792883776983419
178,-576460570445,0.9023123780448415,3.320563097865379,0.016468271563640096,0.027404056501034193
179,-576460570427,0.9110783184022647,3.318121526626827,0.019847553204284614,0.025465610497247115
180,-576460570410,0.9114378015594503,3.3185750365116284,0.020108338446884613,0.024941178966047115
181,-576460570391,0.9118020283076658,3.319018454845298,0.020390549440524614,0.024363133445097114
182,-576460570373,0.9121717859895503,3.3194519991383395,0.020673105608004616,0.023784380913447114
183,-576460570353,0.9081166682408682,3.3175106463668906,0.0193887632740881,0.02216349237632991
184,-576460570337,0.9084692109649363,3.317905483854654,0.0196719784098081,0.02158339009697991
185,-576460570320,0.9088245477317463,3.318290867309,0.0199640245807081,0.02140416755457991
186,-576460570303,0.9091661278575421,3.3186531239074197,0.0202407924856681,0.021234320960019912
187,-576460570286,0.9095126159999976,3.3190127051167493,0.0205177232719281,0.021064374408659912
188,-576460570274,0.9186600894279047,3.3158687407117506,0.023760377710572662,0.01955522062950903
189,-576460570267,0.9190911124639616,3.316219677262372,0.024054036406342662,0.01937500851478903
190,-576460570250,0.9194807852696687,3.316528918853308,0.024316470756902662,0.01901148489830903
191,-576460570234,0.9199213911275664,3.316867675148133,0.02460983626633266,0.01860511549311903
192,-576460570216,0.920338503573609,3.3171780594977234,0.02488437269748266,0.01822482809516903
193,-576460570197,0.9173346684442465,3.3156860015033867,0.023777367323083234,0.01715662882644441
194,-576460570181,0.9177391830422333,3.3159754453703374,0.023840595947883236,0.016915633321944408
195,-576460570162,0.9181706380111796,3.3162788283786884,0.023907851257323236,0.016659290134344407
196,-576460570145,0.9186043873016416,3.3165783168712037,0.023975274035163238,0.016402308641994406
197,-576460570126,0.926048445960939,3.3144473253522597,0.02651847205867754,0.015061803691245965
198,-576460570109,0.9265235296205422,3.3147147944902247,0.02667047326187754,0.014883240863725966
199,-576460570091,0.9270053789202881,3.3149812940742667,0.02682375929387754,0.014703168688525968
200,-576460570073,0.9274890724532775,3.3152440558670135,0.02697675602667754,0.014523436366445968
201,-576460570054,0.9237780997513909,3.313306264404482,0.025737279899737595,0.013267418679104076
202,-576460570037,0.9242426588059869,3.313542347164328,0.025868924787657597,0.012958171172704076
203,-576460570018,0.9247095359940202,3.313772836934187,0.026000555051617597,0.012648958019504076
204,-576460570001,0.9251794099646187,3.313998056397792,0.026132360803097596,0.012339332627904076
205,-576460569982,0.9256603699646107,3.314221160815981,0.026222725463917594,0.011946784847594075
206,-576460569970,0.9324182763646643,3.31187568592787,0.028453229608014687,0.010821906132318239
207,-576460569964,0.9329241530635248,3.312064429917818,0.028540539979694687,0.010442626308878239
208,-576460569945,0.9334388226996513,3.3122489862752102,0.028629094691394685,0.010057941021528238
209,-576460569927,0.933952832522805,3.312424895770896,0.029005016779564685,0.00966617129396824
210,-576460569911,0.934478983502589,3.312595532658384,0.029384837818584687,0.009270338248608241
211,-576460569899,0.9289560762165501,3.30971889179966,0.027640440314007936,0.008036441744721923
212,-576460569892,0.9294565700445567,3.3098598673422233,0.028019460487447936,0.007641443326801924
213,-576460569874,0.9299678561651941,3.3099947535202796,0.028401431218287934,0.007243369965681925
214,-576460569856,0.9304770152603957,3.3101211091532257,0.028564231704247933,0.006893532355441925
215,-576460569838,0.930994945081154,3.3102425455955617,0.028728890061047934,0.006539702416241924
216,-576460569820,0.9337370942735144,3.3095746792493594,0.0296030769478868,0.00581189022077789
217,-576460569801,0.9342703534202556,3.3096759263352395,0.0297666788683268,0.0054603304294178895
218,-576460569784,0.9348069052819872,3.3097715821765425,0.0298767028270468,0.0051728222276578905
219,-576460569766,0.9353759063654037,3.309867020401718,0.0299929397883268,0.004869078569417892
220,-576460569747,0.9308628103065275,3.307302536520088,0.02856147501208408,0.0034478836671337637
221,-576460569729,0.9313826957464358,3.3073625372402597,0.02867256912380408,0.003157579003873765
222,-576460569713,0.9318667991368581,3.3074129076704186,0.02885605718900408,0.0028282118646737646
223,-576460569695,0.9323879743615402,3.307460645105103,0.02905230110900408,0.0024759475446737645
224,-576460569677,0.9328984684714545,3.3075010073607736,0.02924324644316408,0.002133194361313764
225,-576460569664,0.9361556978679155,3.3063494975506456,0.030256696933427262,0.001575981207381239
226,-576460569659,0.9367176779427188,3.3063753188114346,0.03045852290270726,0.0012136969245012388
227,-576460569638,0.9372404226746942,3.3063939923783754,0.030706250042407263,9.712404113512385e-4
228,-576460569622,0.9377928199063394,3.3064091151872335,0.030965875853007262,7.171383826512381e-4
229,-576460569606,0.9383523661612662,3.3064197230098666,0.03122666109560726,4.6190158995123784e-4
230,-576460569593,0.9346860592227958,3.304490993885054,0.03013873817793596,-3.6368805297607343e-4
231,-576460569587,0.9352311895081687,3.3044804022006438,0.03042120020709596,-8.129696607660727e-4
232,-576460569569,0.9357848745714563,3.3044615793057237,0.03070543517461596,-0.0012650712886460719
233,-576460569551,0.9363366126123452,3.3044349587159543,0.03098607719625596,-0.0017114580085560711
234,-576460569533,0.9368967473942532,3.304400120414152,0.03126841370765596,-0.0021605399689060703
235,-576460569515,0.9438765551837016,3.3020472221774133,0.033311952405346554,-0.0036166234283394024
236,-576460569498,0.9444770974517545,3.301979142514309,0.03341125942209655,-0.003947363361759402
237,-576460569479,0.9450793938348522,3.3019051134797572,0.033510560922096554,-0.004278084921759401
238,-576460569462,0.9456833432055444,3.3018251498922044,0.03360984035509655,-0.0046087329880794
239,-576460569443,0.9384839008320308,3.2976098700464895,0.03153313485766174,-0.006560393013934971
240,-576460569425,0.9390526890765754,3.297490244555142,0.03170771955022174,-0.00674019530577497
241,-576460569407,0.9396252235161021,3.2973672532984106,0.03188248864956174,-0.006920187515534968
242,-576460569390,0.9402006485650493,3.2972410777230756,0.03205718010394174,-0.0071000997598549675
243,-576460569371,0.9407783476500391,3.2971104851981496,0.03222088220369174,-0.007430361984354967
244,-576460569358,0.9425716098583414,3.2964568963786185,0.03275298304795287,-0.007750725487568261
245,-576460569353,0.9431960542789827,3.296306194692671,0.03292615664610287,-0.008100096068868261
246,-576460569337,0.9437259897644998,3.2961737460756533,0.03307240933149287,-0.008395154820648261
247,-576460569318,0.9443211066949152,3.2960200930656938,0.03323588375099287,-0.00872495770964826
248,-576460569300,0.9449526527795478,3.2958511385756237,0.033295175994342875,-0.00907377708834826
249,-576460569286,0.9398293665172677,3.293111733673211,0.031850754776367535,-0.010252658469982894
250,-576460569283,0.940371727292034,3.2929346356081384,0.03190389136990753,-0.010565263837862894
251,-576460569265,0.9409457681988694,3.292741734967821,0.03196003551837753,-0.010895562809202893
252,-576460569245,0.9415221698093664,3.292542888251549,0.032102382986427536,-0.011204655726202894
253,-576460569227,0.9420692145558877,3.292349869601999,0.032236899168377534,-0.011496743809202894
254,-576460569211,0.942767243514252,3.2920968472397982,0.032413145939167706,-0.011827295578015712
255,-576460569194,0.9433518639577738,3.2918812097195396,0.03255550922799771,-0.01213642284821571
256,-576460569176,0.9439062334765667,3.2916735818102354,0.03267978364007771,-0.01229613884913571
257,-576460569159,0.9444958181799358,3.291450666626645,0.03281143583997771,-0.01246533669548571
258,-576460569139,0.9429417690105687,3.2900583138329993,0.03235137960220352,-0.013139057883365793
259,-576460569124,0.9434906881409507,3.289834456346361,0.03247520798350352,-0.013298200650815791
260,-576460569107,0.944079947953898,3.2895913995050927,0.03270479455477352,-0.01358713105299579
261,-576460569090,0.9446021844656499,3.2893730812113935,0.03290692876350352,-0.01384151317081579
262,-576460569072,0.9452154886388897,3.2891132749007275,0.03314273719307352,-0.014138273665195789
263,-576460569058,0.9417070802015579,3.2904362097032287,0.03213893425600799,-0.013481153816201684
264,-576460569053,0.9423022046978873,3.290184762636789,0.03237320626750799,-0.013775980757201682
265,-576460569036,0.9428531085410384,3.2899482035310483,0.03244663643764799,-0.014057776830821682
266,-576460569018,0.9434121874224045,3.289703799750552,0.03252098675287799,-0.014343104058911682
267,-576460569001,0.9439923321124832,3.2894456026912327,0.03259795926561799,-0.014638494248331682
268,-576460568982,0.9406634994517318,3.287018074047674,0.031617309439855225,-0.015875776802334464
269,-576460568965,0.9412341310405775,3.2867288372489023,0.031888515371865225,-0.016313505794254463
270,-576460568946,0.9418109228721526,3.2864310639535397,0.03216032495627522,-0.016752209086974463
271,-576460568930,0.9423599911752791,3.286142670905682,0.032416952682825226,-0.017166408714574463
272,-576460568911,0.9458548264580406,3.284707473863189,0.033513903052329784,-0.018181654333686462
273,-576460568894,0.9463920177364421,3.284415499041388,0.033735881424569784,-0.01837002591184646
274,-576460568877,0.9470015145094643,3.284082928447555,0.033985982244569786,-0.018582262291846462
275,-576460568857,0.947585767187352,3.28376286556621,0.034224008752759785,-0.01878425237105646
276,-576460568841,0.9464606548991892,3.2824514423125737,0.03401013143619261,-0.019420492867499722
277,-576460568825,0.9470355579145703,3.28212051795467,0.03428435839287261,-0.01989102505877972
278,-576460568807,0.947655245887645,3.2817579927189735,0.03457751215661261,-0.02039403280281972
279,-576460568790,0.9482453823746902,3.28140727654735,0.034854394078482606,-0.020869120514839717
280,-576460568771,0.9488751823341868,3.2810275000808176,0.03501856975315261,-0.021265063379599717
281,-576460568759,0.9441359640171453,3.282880997916163,0.033699011341752384,-0.02033374504190687
282,-576460568754,0.9447439200005344,3.2825114945440346,0.033862913800122386,-0.02072902899026687
283,-576460568736,0.9453556083556497,3.2821343913816805,0.03402702572432239,-0.02112481810786687
284,-576460568715,0.9459690573233995,3.281750909307227,0.03419081889617239,-0.021519838489666866
285,-576460568700,0.9465868054616468,3.281361663819062,0.03445167660327239,-0.021732063078756865
286,-576460568681,0.9438469915191091,3.2790490600462894,0.033832288723475906,-0.022787197721906453
287,-576460568662,0.9444882940532877,3.278616759302229,0.03410590018257591,-0.023009798311796455
288,-576460568643,0.9450985341431296,3.2782047364807196,0.03436423612507591,-0.023219971282546454
289,-576460568627,0.9457200547254944,3.277783932761424,0.034636106074725906,-0.023497066663096453
290,-576460568607,0.9484471464443938,3.276519447750177,0.03548634509153376,-0.024197818117364125
291,-576460568590,0.9490874872608797,3.2760819826300813,0.035757626480093764,-0.024474313624484125
292,-576460568573,0.9497019774634807,3.2756606540711273,0.036016034981223764,-0.024737688822994125
293,-576460568556,0.950354198692868,3.275214974586338,0.03628829730493376,-0.024669714845244127
294,-576460568537,0.949091991206254,3.273680408685894,0.03606167030748667,-0.025085188581114304
295,-576460568520,0.9497437277307668,3.2732293605801357,0.036333389344036675,-0.025017350242364303
296,-576460568502,0.9504001003211437,3.2727548968054623,0.036605002741416676,-0.027706705171944304
297,-576460568484,0.9510611613801422,3.272254250058701,0.036801366588256675,-0.027886737364424305
298,-576460568465,0.9442970883138596,3.274772268662166,0.03496943950032391,-0.02653409568462971
299,-576460568448,0.9449243307675256,3.2742960542598905,0.03516445144460391,-0.02671288841278971
300,-576460568429,0.9455653868279412,3.2738069102734646,0.03536264690136391,-0.02710129129191971
301,-576460568408,0.9462344431867453,3.273291842553645,0.03556832143196391,-0.02750435088346971
302,-576460568393,0.9499523697398244,3.2746374481843104,0.03655299627839654,-0.027062151367455642
303,-576460568375,0.9506117223762587,3.274147142719786,0.03674913117399654,-0.02744651617275564
304,-576460568359,0.9512410864696823,3.2736750974958775,0.036843489665996536,-0.02775053994379564
305,-576460568341,0.9518642707075974,3.273203771366652,0.03693668412374654,-0.028050813187725638
306,-576460568323,0.9508298650106148,3.2733990406674565,0.03657459579090772,-0.028012958147828265
307,-576460568306,0.9514891747961568,3.2728918712033233,0.03667390832440772,-0.028332943877848266
308,-576460568288,0.9521544744790287,3.2723752287612387,0.03669798942820772,-0.028644441518848266
309,-576460568269,0.9528162816187724,3.2718560354965973,0.03672192844884772,-0.028954101263648266
310,-576460568252,0.9534712814210556,3.271337024313692,0.03674560587712772,-0.029260377218248267
311,-576460568240,0.9552115063954202,3.2723583337607236,0.03718955247214745,-0.028805712964785797
312,-576460568234,0.9558813567372286,3.2718368736284975,0.03721346227942745,-0.029114994824385797
313,-576460568216,0.9565526965923908,3.271310855327799,0.03738814402818745,-0.029337977805745798
314,-576460568197,0.9572322138754584,3.2707768624994253,0.03756412633002745,-0.0295626209559858
315,-576460568179,0.9579050344942778,3.270246600279421,0.03773756575942745,-0.029784018104385798
316,-576460568161,0.9541391027128203,3.27160286205416,0.036712353604731636,-0.02915797993986817
317,-576460568144,0.9548025825729247,3.271074620483433,0.036962607264121636,-0.02949968156999817
318,-576460568125,0.9554693417348435,3.270541209279961,0.037212402405341634,-0.02984075712973817
319,-576460568108,0.9561420152873499,3.2700005192967363,0.037462725537181635,-0.03018255361901817
320,-576460568087,0.956839389892025,3.269361430262449,0.03742842079342821,-0.03070709277509213
321,-576460568071,0.9574762298387556,3.2688351253897157,0.03741028262398821,-0.03114200208755213
322,-576460568053,0.9581490683618247,3.268270745567584,0.03739110960158821,-0.031601724664152134
323,-576460568035,0.9588218609376792,3.2676978388439037,0.03737192805310821,-0.03206165167547213
324,-576460568015,0.9594178685995652,3.267136644434451,0.03754788203230716,-0.03227135461645294
325,-576460568000,0.9600619464516688,3.2665826355738976,0.03773443368314716,-0.03248334827097294
326,-576460567981,0.9607449048632208,3.265994227487916,0.037931244530027164,-0.03270700027561294
327,-576460567963,0.96142234193578,3.2654096191802995,0.03812546059618716,-0.03292770362209294
328,-576460567945,0.9606009565808117,3.263907549905192,0.03781153802493627,-0.0334615306239217
329,-576460567928,0.9612437981147398,3.263338128407159,0.03787475548517627,-0.0335805012867317
330,-576460567909,0.9619269813189563,3.2627318032497774,0.03794182471861627,-0.0337067207065917
331,-576460567892,0.9626167705453593,3.262118399017902,0.03800942240789627,-0.0338339346419117
332,-576460567873,0.9632974931261135,3.261511422994383,0.037634824814476275,-0.0336153401128917
333,-576460567854,0.9614907435220956,3.2620112403687864,0.0365997053789952,-0.032836289212697656
334,-576460567838,0.9621478690210588,3.261420621715244,0.0362240879343652,-0.032617099554667656
335,-576460567819,0.9628072555823131,3.260831801776047,0.037257447838105195,-0.033000545644757656
336,-576460567802,0.9634869875853189,3.260234531058661,0.0382935139275852,-0.03338499591193766
337,-576460567782,0.9645731692491726,3.259801392427216,0.039481640226865074,-0.03369933411171035
338,-576460567765,0.9652863197487928,3.25919710308318,0.040508321033885075,-0.03408030180728035
339,-576460567747,0.9659843429295766,3.258604606905757,0.040685488525705076,-0.034838644036980344
340,-576460567731,0.9666713153251073,3.2580113501274965,0.04085910112717508,-0.035581770024430345
341,-576460567712,0.9643408068003693,3.258743978943069,0.04022300239770274,-0.035667884677824134
342,-576460567691,0.965106014512697,3.258059131291366,0.04041855227904274,-0.036504910316724135
343,-576460567676,0.9658326165557113,3.2573974924279185,0.04032397944830274,-0.03701868824394414
344,-576460567660,0.9664770873943361,3.2568015769535115,0.04023991062293274,-0.03747540193755414
345,-576460567642,0.9709052498351777,3.2584188908655753,0.04108062179332647,-0.03694825502330962
346,-576460567625,0.9716551617238723,3.257738857135849,0.04098458817544647,-0.03746996884694962
347,-576460567607,0.9724007750573176,3.257056628090272,0.041258223808366475,-0.03778141495814962
348,-576460567588,0.9731632702172466,3.25635781854527,0.04153619064725647,-0.03809779075354962
349,-576460567571,0.9738891204356238,3.255691548855743,0.04179908126745647,-0.038397007125549616
350,-576460567557,0.9677986263516573,3.258480493598058,0.04016808744497118,-0.036966226525205
351,-576460567552,0.9685008463673296,3.2578337494299596,0.04043105352172118,-0.037265528780205004
352,-576460567534,0.9692129469433299,3.257175812839416,0.04066455927868118,-0.037661767717185005
353,-576460567519,0.9698717814482508,3.2565642906780896,0.04087941063540118,-0.038026351761295006
354,-576460567500,0.9706057763494121,3.255879889099141,0.04111745035564118,-0.038430284439165005
355,-576460567483,0.9756177609640739,3.257851107644829,0.04243002308570553,-0.03762714676754624
356,-576460567465,0.9763806501529297,3.257171546602669,0.04241085645786553,-0.037946812547386244
357,-576460567447,0.9771457381486219,3.25648394067043,0.04239162588442553,-0.038267544827826246
358,-576460567428,0.9779075130775641,3.2557932485807712,0.04237246991418553,-0.03858703285756625
359,-576460567410,0.9761223811475608,3.2562690134605603,0.041896200866203374,-0.03855196581228407
360,-576460567392,0.9768776180448246,3.255570769746021,0.04210300915090338,-0.03910832943174407
361,-576460567374,0.977637250727215,3.254861886861828,0.042310001449203376,-0.03966518809168407
362,-576460567357,0.9783622632071987,3.2541792493351767,0.04250661998080338,-0.04019413884456407
363,-576460567338,0.9821071301066981,3.255316653594144,0.04350607761368182,-0.03966750572482885
364,-576460567322,0.9828503159111613,3.2546382985878464,0.04374278414532182,-0.03997032079518885
365,-576460567303,0.9836451281903165,3.2539111988861884,0.04399452451514182,-0.04029236842636885
366,-576460567282,0.9844284410227703,3.2531930061874794,0.04424122118509182,-0.04060796372891885
367,-576460567267,0.9852715891865185,3.2524181204979983,0.044459863844441824,-0.04091175532649885
368,-576460567255,0.9820684165255388,3.2539405207955845,0.043600248097486256,-0.040131429502129806
369,-576460567249,0.9828558726615979,3.2532148387944178,0.04380747041278626,-0.0404193531781698
370,-576460567232,0.9836058698148649,3.252522063995681,0.04400392793248626,-0.040692319780129806
371,-576460567213,0.984396134186676,3.2517904147965697,0.04420998866193626,-0.040978629498389804
372,-576460567196,0.9851954110000373,3.251049764716891,0.044707222747696264,-0.04141652899294981
373,-576460567177,0.985558798285562,3.250003329400562,0.04509614097848379,-0.04199128251224815
374,-576460567159,0.9864104898958559,3.2492105227049883,0.045615501400243785,-0.04244866802280815
375,-576460567139,0.9871905030193239,3.248484688147529,0.04608601793528379,-0.04288339845488815
376,-576460567124,0.9880198145033309,3.247709253977029,0.046131427189483785,-0.04334301881412815
377,-576460567106,0.9817206307139298,3.250373047381878,0.044259243068745666,-0.04203780612640445
378,-576460567087,0.9825238201615056,3.2496063621309683,0.044305036077345664,-0.042501310745324455
379,-576460567070,0.9833164141786856,3.2488466063420054,0.044446323553135665,-0.042572961575704456
380,-576460567054,0.984028166729768,3.248165309208713,0.04457281859962566,-0.04263711075148446
381,-576460567034,0.9877048009298882,3.2492255956176566,0.045441486787411806,-0.04187548891044383
382,-576460567018,0.9885247585182351,3.2484705157776377,0.0455840003736518,-0.041947761535723826
383,-576460567000,0.9893466757530791,3.2477160010714226,0.045790900665151804,-0.04193380669272383
384,-576460566982,0.9901791689241749,3.246955491363518,0.0459995145833018,-0.04191973627042383
385,-576460566963,0.9910112412510578,3.246199050297808,0.0462070819241018,-0.041905736436823826
386,-576460566951,0.9825476779406421,3.2503261049693988,0.043926054087368674,-0.039794719276457446
387,-576460566944,0.9833759616109724,3.249577703527383,0.04414238507586867,-0.03978012835945745
388,-576460566928,0.9841306804511556,3.248898022043924,0.04417530729825867,-0.03975664344544745
389,-576460566909,0.9849276069719102,3.248181313915462,0.044210044085828674,-0.03973186411981745
390,-576460566893,0.9856768015062807,3.247508453297048,0.04424267543842868,-0.039708586696417456
391,-576460566880,0.9878876280883329,3.2489259700786866,0.04480351843898978,-0.03906127355155023
392,-576460566872,0.988691264810518,3.2482258223217153,0.044838056818689784,-0.03903663575925023
393,-576460566858,0.9894557224050323,3.2475593016027617,0.045135178574039786,-0.03940986797209023
394,-576460566840,0.9902601715984474,3.2468558388504825,0.045445746255939785,-0.039799990408650225
395,-576460566823,0.9910462089341593,3.2461664631686236,0.04574716930898978,-0.040178625735970225
396,-576460566804,0.9832958240542091,3.249681646168127,0.04374377353931007,-0.03840745618078997
397,-576460566787,0.9840853219597804,3.248986404884512,0.043983089683230066,-0.038845867183269975
398,-576460566770,0.9848792599839034,3.2482831547883193,0.044222445715390066,-0.03928435125830997
399,-576460566751,0.9856785739823885,3.2475710577467445,0.044462120853470066,-0.03972341991382997
400,-576460566732,0.9876364145931968,3.24753572778363,0.044986284045772575,-0.03977581956790014
401,-576460566714,0.9884474108634599,3.246817218206235,0.04521461354771258,-0.04013849223220014
402,-576460566696,0.9892632854866934,3.246091498526273,0.04544315891004258,-0.04050150776355014
403,-576460566678,0.9900834107130735,3.245359122336102,0.04567174236538258,-0.04086458380085014
404,-576460566660,0.9871836119866695,3.246474311527476,0.044987725525939694,-0.039809751414055905
405,-576460566643,0.9879501104668942,3.24579923017568,0.04529478097873969,-0.0397051310118559
406,-576460566625,0.9887226435846928,3.245125212470121,0.04560216193201969,-0.0396003997046359
407,-576460566607,0.9895481113396765,3.2444119423135316,0.045928331496339694,-0.0394892667132059
408,-576460566589,0.9904200257059098,3.2436578298873138,0.04598758313925969,-0.0400081427552459
409,-576460566577,0.9957675937084869,3.2471317391471253,0.047355670449746874,-0.0384175374802992
410,-576460566567,0.9966231093788797,3.2464336527601376,0.04741205820079687,-0.0389113339666492
411,-576460566553,0.9974742792156646,3.245731103482717,0.047468093040416874,-0.039402039951589196
412,-576460566535,0.9983293058828364,3.2450173563445293,0.04752431526663688,-0.0398943869107292
413,-576460566518,0.9991379223262475,3.2443303851705867,0.04744502449625688,-0.040788116341639195
414,-576460566499,0.993917648788872,3.246665769017947,0.045709131340454935,-0.04016609477748399
415,-576460566482,0.994746183218424,3.245928397721107,0.04562465354099494,-0.041118290036453994
416,-576460566462,0.9955606157014096,3.245185360200661,0.04554146085825494,-0.042056000045384
417,-576460566446,0.9963826850082549,3.244427209868082,0.04584526659939494,-0.042225066329954
418,-576460566428,0.996611386098381,3.2432743037676577,0.04599515031597691,-0.04257355968844224
419,-576460566409,0.9974901946281467,3.2424619998345117,0.04631667003757691,-0.042752483709242235
420,-576460566391,0.9983311283202239,3.241691048823708,0.046568257568006914,-0.042402540403372234
421,-576460566373,0.9991714205905056,3.240931102193682,0.04681830281004691,-0.04205474232901223
422,-576460566355,0.990583178131243,3.2449691554625204,0.04449409509100492,-0.0392771546750212
423,-576460566337,0.9913889179369945,3.244263039691098,0.044745001791424925,-0.0389281583632412
424,-576460566318,0.9921933268043006,3.2435635572336516,0.04489770922502492,-0.0390216335180412
425,-576460566301,0.9930037199639717,3.242859580876277,0.045051029292224924,-0.0391154836776412
426,-576460566283,0.9991773328768612,3.245672639741766,0.04658868643365955,-0.03759411664547837
427,-576460566260,1.0000572750456727,3.2449628768506042,0.04674911985765955,-0.03769232102747837
428,-576460566246,1.0008997530615358,3.2442832591999298,0.04686995069051955,-0.03782914254339837
429,-576460566228,1.0017446407447201,3.2436009892056967,0.04699081509122955,-0.03796600206951837
430,-576460566210,0.9993514636110735,3.244578704725028,0.046227738861544916,-0.037265327990536716
431,-576460566193,1.000162960107237,3.2439242006712883,0.046345441170784915,-0.03739860695581672
432,-576460566176,1.0009644518813783,3.2432745489943873,0.04655421390208492,-0.03790150047981672
433,-576460566157,1.0018412479046759,3.2425573117072846,0.046781534798964915,-0.03844907298221672
434,-576460566139,1.00268546360856,3.241860351041054,0.046999369876004914,-0.038973795961416716
435,-576460566120,1.0070104929210777,3.2434492730966302,0.04848520295731677,-0.03761887936111132
436,-576460566104,1.007838350901634,3.242813020219344,0.04903605756291678,-0.037331394792051324
437,-576460566087,1.008676850562367,3.242180685119129,0.04958775574371678,-0.03704346997097133
438,-576460566069,1.0095756897300299,3.2415159109981753,0.05017241824771678,-0.036738341455571324
439,-576460566050,1.0049202333347151,3.2437342538584466,0.04889343306595224,-0.03448856423127605
440,-576460566033,1.005752348601937,3.2431545973348137,0.049129333717172236,-0.03379468746301605
441,-576460566015,1.0066388781367985,3.242552946825082,0.049379420642682234,-0.033059083272186054
442,-576460565998,1.0074805345041482,3.2419967185476173,0.049615682550642234,-0.03236414390550605
443,-576460565980,1.0076274044546119,3.2409871953783975,0.049982996635046684,-0.03300711797137706
444,-576460565963,1.0085353380265174,3.240386952848686,0.050568924501846683,-0.03346860379743706
445,-576460565945,1.009452932087683,3.2397789870839153,0.05115426835504668,-0.03392962964537706
446,-576460565926,1.0103781372321157,3.239164664177672,0.05173776283184668,-0.03438919889593706
447,-576460565908,1.011313009544834,3.238541530670424,0.052235135207206684,-0.03491330983433706
448,-576460565891,1.0038520804242184,3.2422996814646305,0.05041394595317189,-0.033218348164885315
449,-576460565873,1.0047627392483456,3.241697873304819,0.05091109706517189,-0.033742225944885317
450,-576460565850,1.0056831054905453,3.2410861344470776,0.05140866304597189,-0.034266540896885314
451,-576460565837,1.0066114778718056,3.2404576182704767,0.05127035937956189,-0.035248050332545314
452,-576460565818,1.0121321378839931,3.242862263516282,0.05234027628364811,-0.03482145517742542
453,-576460565802,1.0130206607749985,3.242262562836676,0.05221027863845811,-0.03574401868336542
454,-576460565785,1.0139068699354514,3.2416472546782154,0.05208029628980811,-0.036666473633265424
455,-576460565767,1.014849928449986,3.2409854377683978,0.052610924240208114,-0.036803431985905424
456,-576460565745,1.0104806826071193,3.243113674027078,0.05165681337485496,-0.035539789104537256
457,-576460565732,1.0114031700737525,3.2424810030653215,0.05218013694405496,-0.03567486215125726
458,-576460565715,1.0122946991055741,3.2418732886975223,0.052680958306654965,-0.03580412723941726
459,-576460565697,1.013244778292943,3.241225962554577,0.05244536947965497,-0.03582255524416726
460,-576460565680,1.0141302359969544,3.2406197348208643,0.052224847910414963,-0.03583980467223726
461,-576460565668,1.0150304285935494,3.241211307314481,0.05246200257614561,-0.03556788273779051
462,-576460565662,1.0159736776836192,3.240570208536451,0.05222713061694561,-0.035586254668390514
463,-576460565644,1.0168581663852225,3.239962169560531,0.05196520082414561,-0.036040435862870514
464,-576460565627,1.0177915059157685,3.2393087793283857,0.05168736517574561,-0.03652219750331051
465,-576460565609,1.018719070759444,3.238647268107235,0.05140976094134561,-0.03700355787635051
466,-576460565592,1.0115154522834284,3.2422750481513187,0.048904904753141375,-0.03531215307938401
467,-576460565575,1.0123449307505574,3.2416476134389365,0.047255362709061374,-0.037425467182904015
468,-576460565555,1.0132144343318124,3.24092411495977,0.045462016396821375,-0.03972301641346401
469,-576460565538,1.014019404263469,3.2401872015722035,0.04373626956436137,-0.041933960434704015
470,-576460565521,1.0180040251605305,3.2416088948844957,0.04297578981723745,-0.043023323845056465
471,-576460565504,1.0187265706774478,3.2409011129479066,0.04213470160360745,-0.04034812754657646
472,-576460565486,1.0194762691784,3.240201008957353,0.04124387827209745,-0.037514741891616465
473,-576460565469,1.0201707014331114,3.2395856424489624,0.040401204875427456,-0.03483450370129647
474,-576460565450,1.0082457173200436,3.245641511672723,0.035971740050848265,-0.028601602875253193
475,-576460565433,1.0088726041418552,3.2451281511021897,0.03459183737052827,-0.02918324297493319
476,-576460565416,1.009448278630631,3.2446283465974792,0.033274297468928266,-0.029738596660833193
477,-576460565395,1.0100353359636944,3.244087081525253,0.03187466857964827,-0.03032855151655319
478,-576460565380,1.0105964987152483,3.243535864485835,0.03047674825964827,-0.03091778619655319
479,-576460565368,1.0123698181378469,3.2447110623114983,0.03094810282032242,-0.03037693277804111
480,-576460565362,1.0129438997450175,3.244198659776598,0.03285646591217242,-0.02657250149814111
481,-576460565344,1.0135523918758962,3.2437546724468627,0.03476504110328242,-0.02276764738620111
482,-576460565325,1.014232437420217,3.2433600602412755,0.03678104456958242,-0.018748628846001113
483,-576460565307,1.0149102448074179,3.2430573873582,0.03868601407327242,-0.014950962878741115
484,-576460565294,1.0012518990550001,3.2502095922945364,0.03487192155459316,-0.011355212730928944
485,-576460565289,1.0018819835835724,3.249999222801667,0.034982239040993166,-0.011967347454128942
486,-576460565272,1.0024764074467258,3.249791288649274,0.035085994960713164,-0.012543073055488942
487,-576460565254,1.0031090516001697,3.2495599768756107,0.035196086186193166,-0.01315395229172894
488,-576460565234,1.0037551790625008,3.2493199226368223,0.03661979269911317,-0.01352763476936894
489,-576460565218,1.0052105666496682,3.249598703387701,0.038253816110196,-0.013659409469676627
490,-576460565200,1.0059113974866027,3.2493496662165233,0.039676889653676,-0.014032925810836627
491,-576460565182,1.0066382758286723,3.2490937525083137,0.041100833530136,-0.014406670589656627
492,-576460565165,1.0073452849469828,3.248802726200658,0.041978968856536,-0.019791485421656627
493,-576460565146,0.9988151824983648,3.253260901154743,0.04030460286503718,-0.02304583518333844
494,-576460565129,0.9995505905324502,3.252793729927064,0.04123526120919718,-0.028752726484138437
495,-576460565111,1.0003007618770459,3.2522252714912834,0.042163443025997185,-0.034444431468138435
496,-576460565092,1.001054984171195,3.2515884941341593,0.041746252045387185,-0.03639913054154843
497,-576460565075,0.9975039055739531,3.2480442302052706,0.04018519321690135,-0.0396581424118042
498,-576460565057,0.9982331423388642,3.247302653103909,0.03976182919291135,-0.0416417645509942
499,-576460565039,0.9989441514764861,3.246536532886364,0.039344661419231354,-0.0435963548910742
500,-576460565022,0.9996589963513625,3.245779117514968,0.039897648177971354,-0.0403649987721142
501,-576460565003,1.0003813912304136,3.2450822306116134,0.040448795938511355,-0.037144388765954196
502,-576460564990,0.9910423891318947,3.2499199119438305,0.03782651068465205,-0.034715570980820266
503,-576460564984,0.991766202658881,3.2492929884343584,0.03840852296498205,-0.031314605381500264
504,-576460564967,0.992425289400808,3.248773629593191,0.038930921053662054,-0.029628699144140264
505,-576460564950,0.9931259460508516,3.248258008300737,0.039180188204262056,-0.027854165120540265
506,-576460564926,0.9938339529408398,3.247772318599155,0.039430469652632055,-0.026072410306320265
507,-576460564913,0.9945460713437412,3.247318966558542,0.03968061215610205,-0.024291644641500267
508,-576460564876,0.9952192771691081,3.246910928458533,0.03963204398986205,-0.023780704558460267
509,-576460564872,0.995932032158338,3.246487844574479,0.03958055761382205,-0.023239064729620267
510,-576460564862,0.9966057532447182,3.246096402343267,0.03953182923214205,-0.022726439170340267
511,-576460564843,0.9973158756813374,3.2456927569065597,0.039480402936892055,-0.022185431395090268
512,-576460564824,0.9980333301353215,3.245246721615988,0.040236758616892056,-0.027374045335090268
513,-576460564807,0.9987646449509876,3.244707095893352,0.04099336641545206,-0.03256438881307027
514,-576460564790,0.9994790335231479,3.2441015720827586,0.041719215749692055,-0.03754372865749027
515,-576460564772,1.0002247252400491,3.2433912118019603,0.042463637817852055,-0.04265047779977027
516,-576460564756,1.0009954901522105,3.2426157765289445,0.04317690797785206,-0.04350899697977027
517,-576460564738,1.0016918747457983,3.241913040555726,0.04381136178517206,-0.04427264979038027
518,-576460564720,1.0074178389447503,3.2446746489035623,0.04584728149454557,-0.04350237471497935
519,-576460564702,1.0082481592037569,3.2438851659319394,0.04655940249706557,-0.04435951072518935
520,-576460564682,1.009077501911419,3.243056325797171,0.04563588488686557,-0.04777990729137935
521,-576460564666,1.0098911685621503,3.2421648740594793,0.04471128930046557,-0.05120429631645935
522,-576460564647,0.9980461339972898,3.248287067065486,0.04022955837582962,-0.05114407656232132
523,-576460564630,0.9987618323146874,3.247335838416481,0.03930573277242962,-0.05456561383105132
524,-576460564612,0.9994878585056469,3.2463309843600556,0.04135488171034962,-0.057072432655531316
525,-576460564594,1.0002507734757868,3.2452810025511516,0.04340403064826962,-0.059579251480011315
526,-576460564576,0.999037138630979,3.242757087198791,0.04491271146365234,-0.06273291446140399
527,-576460564558,0.9998336924471879,3.241671805244499,0.04352448363003234,-0.05776025244120399
528,-576460564540,1.0006043538488374,3.240677209424106,0.04213787413684234,-0.05279338735130399
529,-576460564517,1.0013909414147917,3.2397241037074602,0.04067389255833234,-0.04754937378420399
530,-576460564503,1.0021096442363406,3.2389139561692786,0.03928859315025234,-0.042587201447403994
531,-576460564491,0.9955124482474842,3.242499379884919,0.03743620273600003,-0.04083472406677291
532,-576460564485,0.9961902813489248,3.2419914801157836,0.03781587624715003,-0.015551595015672905
533,-576460564466,0.9968737702167532,3.2419387549133063,0.03819489642059003,0.0096880271244871
534,-576460564450,0.9975262059590472,3.242306316813471,0.03855322054141003,0.0335494626019671
535,-576460564433,0.9981843448136505,3.2430789968008154,0.03891133390813003,0.057396863592047105
536,-576460564416,1.000511558211403,3.2453993975780926,0.042183294195709084,0.07753315930472973
537,-576460564397,1.0013143703491385,3.2470131825964534,0.04514534038880908,0.09801182256852974
538,-576460564378,1.002153037173717,3.248957715907292,0.04804503958545908,0.11805943815022975
539,-576460564361,1.0030460355052582,3.2512688877296303,0.05095150512280908,0.13815383410052975
540,-576460564344,0.9978974513071275,3.2569187245548097,0.051363061702767575,0.14552364293407816
541,-576460564325,0.9988428250739396,3.259595559392738,0.053596832469787574,0.15167129854793815
542,-576460564309,0.999773504998047,3.2622278519838686,0.055708461335757575,0.15748280223664815
543,-576460564292,1.0007363279942356,3.264948331990411,0.05781190607434757,0.16327178204001816
544,-576460564275,1.0016362243707144,3.267703830336411,0.048058255864347574,0.16090449396001816
545,-576460564263,0.99563449266675,3.263548365033104,0.04644798356476558,0.15903876121318494
546,-576460564257,0.9963783321188914,3.266391634488629,0.03610911434216558,0.15652943584838494
547,-576460564239,0.9969352980634029,3.2691862974249504,0.025782867490425576,0.15402317403286495
548,-576460564220,0.9973068138952879,3.2719397920537667,0.015441703291305574,0.15151329165910493
549,-576460564203,0.9975818231382867,3.274769448531648,0.015131864579605575,0.16306775090690492
550,-576460564190,0.9983840332893731,3.274342789163069,0.015356610657833348,0.16286093691031867
551,-576460564184,0.9986725348468691,3.2775511512534417,0.015029566338963348,0.17505702510689866
552,-576460564166,0.9989399825479579,3.2808024934133186,0.014719899855563347,0.18660506164249865
553,-576460564149,0.9991904311713459,3.283952116246833,0.014722129579343348,0.18365566057156865
554,-576460564131,0.9994555538069179,3.2872310972981147,0.01472448957676335,0.18053393806029866
555,-576460564110,0.9910974978947772,3.284481432854703,0.01241282815142013,0.1747457464450898
556,-576460564095,0.9913241655711116,3.2876432168317633,0.01241522117596013,0.1715803368080998
557,-576460564077,0.9915295056227396,3.290794360848953,0.01071777624734013,0.1834181442586898
558,-576460564060,0.9916979733450035,3.2940105755843123,0.00909146853648013,0.1947598480229598
559,-576460564043,0.9951098762473296,3.2956423582114063,0.0084041079450684,0.20510906414716693
560,-576460564026,0.9952473084306047,3.2994959908419537,0.006659429433688399,0.21727627377657693
561,-576460564005,0.9953716372717596,3.3035279628387517,0.0071571890199284,0.23079529335105695
562,-576460563989,0.9955049013274666,3.3078025036912733,0.0076548656324084,0.24431205938001696
563,-576460563971,0.9956472754794335,3.312325164114991,0.0081530677453684,0.25784309786393694
564,-576460563958,0.9784017859630485,3.300469542455197,0.0035226480781396204,0.25252906158837396
565,-576460563952,0.9784736518597239,3.3053994477998803,0.004047761347259621,0.26679100000261396
566,-576460563934,0.9785235259675408,3.310242825841415,0.0015002789015696222,0.27199069436689394
567,-576460563918,0.9785293869329936,3.3146341853183494,-7.680700874203765e-4,0.27662064637077394
568,-576460563900,0.9784924514222819,3.3196734550237594,-0.0033251875965903755,0.28184000696881395
569,-576460563882,0.9983943741752155,3.314322211600839,-2.757093392049912e-4,0.2819718251113874
570,-576460563865,0.9983818578216688,3.319453996122039,-0.0011005459301049907,0.2823015842238974
571,-576460563845,0.9983550611619405,3.3244852279036685,-0.0019082862873049905,0.2826245084809774
572,-576460563827,0.9983106128505406,3.3298589318937797,-0.00276999088350499,0.2829690069501574
573,-576460563809,0.9730804888046428,3.3177120779077094,-0.008941790560018203,0.27587222192086747
574,-576460563791,0.9729248729454374,3.3226840792479653,-0.008346939492798203,0.2765109955278275
575,-576460563773,0.9727801128907886,3.3276623139514845,-0.007752716254168203,0.27714909494866746
576,-576460563756,0.9726530987071041,3.3323786981761754,-0.0071910079277782025,0.2777522786251875
577,-576460563738,0.9998472924896401,3.323321822389419,0.0016243209692627303,0.27537305741641077
578,-576460563721,0.9998842391463025,3.328036386007533,0.0027246469152027303,0.27957528207083077
579,-576460563700,0.999944054074395,3.3331292576141354,0.00389497770768273,0.28404486031547077
580,-576460563686,1.0000241792716122,3.3382550134495577,0.00505455844972273,0.28847338333719075
581,-576460563668,0.9717698707209829,3.324077871872647,-0.0025822618795251035,0.28401730391381996
582,-576460563650,0.9717229415948146,3.3292599456070073,-0.0026015585300851033,0.28839777775639996
583,-576460563631,0.9716739121144469,3.3347169620514157,-0.0026215671083251032,0.29293986413221995
584,-576460563614,0.9716266700860834,3.3400156950482356,-0.002640702829125103,0.29728380580036995
585,-576460563594,0.9715873351467246,3.345083387924951,-0.0019874815877251027,0.29898550549684993
586,-576460563578,1.0041679594335071,3.333648086269427,0.00783985774817201,0.29260912536737443
587,-576460563560,1.0043152341681227,3.338928913345267,0.00853127771377201,0.2944103361532944
588,-576460563542,1.004475834486819,3.344270584575389,0.009226386892172011,0.2962211576681744
589,-576460563524,1.0046168555329453,3.349593114874804,0.006529274369912011,0.29844174378033445
590,-576460563506,0.9643569274522962,3.327851407004688,-0.007039283421849267,0.2884578330132894
591,-576460563488,0.96420541216215,3.3330756622238056,-0.009757489500509267,0.29069578586784944
592,-576460563470,0.9640442870554798,3.337969709682419,-0.009237512759459266,0.28626235838364944
593,-576460563454,0.9638918525946295,3.3427927714483268,-0.008717076268859265,0.28182501098124946
594,-576460563435,1.0087622831206746,3.3250076363137846,0.004452369327446512,0.2659947698753182
595,-576460563418,1.0088473510321392,3.3297511167196734,0.005003823587686512,0.2612929586583582
596,-576460563401,1.008944781870752,3.3341416418359615,0.006442468542566512,0.2545112138378782
597,-576460563382,1.0090741657041682,3.3386498989414055,0.007960718968986513,0.24735421034605823
598,-576460563365,0.9621249426610452,3.3118509521314063,-0.003194724249095277,0.2261046047585983
599,-576460563347,0.9620811294111443,3.3158560811520648,-0.0016736850959652768,0.21893445526236832
600,-576460563330,0.9620206500714018,3.3198916607405446,-0.0050510983301252765,0.22978735365295833
601,-576460563312,0.9619076981367471,3.3238837931205425,-0.008242056272045276,0.24004110109553833
602,-576460563291,0.9617285155538134,3.328311061554687,-0.011628482450845277,0.2509229614654883
603,-576460563275,1.013142712671903,3.3069222787941195,-5.205978935994993e-4,0.24906536019414285
604,-576460563258,1.0131153986545476,3.3115391313558664,-0.002512271011079499,0.26357649653994286
605,-576460563240,1.0130523186838134,3.3164106846343087,-0.0045012903335994985,0.27806829759414287
606,-576460563223,1.0129533628664213,3.3215473049222277,-0.006491968277969499,0.29257218320559286
607,-576460563204,0.9641843763418834,3.2949709257075006,-0.021586320512056535,0.2926527664049067
608,-576460563187,0.9638073993668479,3.3002394632292793,-0.020468228242456536,0.2950912677069867
609,-576460563167,0.9634488423586263,3.3055767111828644,-0.019344897254056536,0.2975411943833067
610,-576460563150,0.963092437361078,3.311256345584607,-0.018159574759856537,0.30012632132146666
611,-576460563131,1.020207444816378,3.2881249582452687,-9.158693494632913e-4,0.29954398910337515
612,-576460563115,1.0202110109089588,3.293357338944194,0.0013320799681367087,0.31114470124737514
613,-576460563096,1.0202556396932672,3.2990149203152845,0.0036719884635867087,0.32321997567037514
614,-576460563078,1.0203372674227467,3.3046215425662604,0.005907606593286709,0.3347570517883751
615,-576460563061,0.9582929542588823,3.270368716370201,-0.01464301700378045,0.3178536468200826
616,-576460563044,0.958012537328107,3.2757987871104413,-0.01825239396170045,0.3191421582406326
617,-576460563026,0.9576515944958399,3.281528026485429,-0.022044896678820453,0.32049604372293256
618,-576460563010,0.9572423394053053,3.287036291660544,-0.025676079362980452,0.32179233956933256
619,-576460562992,0.9567612662962967,3.2928673909106743,-0.02816534302188045,0.3308208949164326
620,-576460562979,1.0246088761332623,3.2595954732233827,-0.009100026777774932,0.31443054863277187
621,-576460562973,1.0244225441206933,3.2653361006501527,-0.011606981342364932,0.32352326886678184
622,-576460562955,1.024189639972518,3.271274631889872,-0.014128283649364932,0.3326680283397818
623,-576460562937,1.0239285220328118,3.277019717077787,-0.01650318326439493,0.34128178548095184
624,-576460562921,1.0236210169376834,3.2828294523698234,-0.01961864160679493,0.3411727302052318
625,-576460562903,0.9563191317491936,3.2456166845474845,-0.04092887687671756,0.32137855535038273
626,-576460562885,0.9555525034779585,3.2514023884776044,-0.04422365797111756,0.32126322295906273
627,-576460562866,0.9546797026473939,3.257502022156059,-0.047698493747117564,0.32114158783126273
628,-576460562849,0.9538181872400509,3.263318604045693,-0.048137248768367565,0.3259001708465527
629,-576460562830,1.0161076076525493,3.238392436972749,-0.03079956998089162,0.3154225311626829
630,-576460562813,1.0155500117104643,3.244105235400387,-0.03123825179089162,0.32018032015444287
631,-576460562796,1.0150154983943263,3.2495858969506632,-0.03165306673339162,0.32467925747542287
632,-576460562776,1.0144357417983045,3.2555000980295374,-0.03271784272328162,0.33197994186660285
633,-576460562759,0.9425247245042002,3.2153083694396676,-0.0530290303803934,0.3182111500287407
634,-576460562742,0.9416162563306575,3.2207670971981806,-0.054032212156023406,0.3250895109238007
635,-576460562725,0.9406321720400939,3.2265389267220907,-0.05509828859957341,0.3149803004330007
636,-576460562707,0.9396930607964219,3.2321189853616747,-0.049224222361533405,0.30488846646148066
637,-576460562688,1.0168764180556458,3.2003539247795136,-0.021237673897492305,0.27608912930407287
638,-576460562669,1.016537197739389,3.2054033789677416,-0.015155450902072305,0.26563967535511285
639,-576460562652,1.0162659532975236,3.21021214234401,-0.015034814762742304,0.26958914942855283
640,-576460562634,1.0160116001308228,3.214821998256642,-0.014920804917002303,0.27332168706087284
641,-576460562618,1.0157588129115436,3.219502166547649,-0.014806627232012303,0.27705971953719283
642,-576460562606,0.9354328133371032,3.16789914958971,-0.03651557244240117,0.2534954622281804
643,-576460562600,0.9348125454982719,3.1722436766799116,-0.03640135447599117,0.2572348134670604
644,-576460562583,0.9341880539639824,3.176678956569076,-0.03642989332732117,0.2600291540137504
645,-576460562565,0.9335310254121435,3.181393241404914,-0.03645989498408117,0.2629667230484304
646,-576460562547,0.9328818121331318,3.1860995969249175,-0.03648951554591117,0.2658669777216204
647,-576460562529,1.0177887109404264,3.1504623096191127,-0.012362094948866524,0.24865839000897094
648,-576460562511,1.0176442125637943,3.154857937532775,-0.0036834746066565244,0.23944642523311094
649,-576460562493,1.0176558253977972,3.159078438961271,0.004975871691153476,0.23025491898765094
650,-576460562472,1.017825297999802,3.1631700073525613,0.013714241571003476,0.22097953276755095
651,-576460562458,0.933822479225966,3.1129019275578287,-8.842131265086317e-4,0.18755985080762858
652,-576460562441,0.9338671334100909,3.1159841653016045,0.006193866411291369,0.17893690826202857
653,-576460562424,0.934046560754686,3.1191190935898256,0.01376135180536137,0.16971774204338858
654,-576460562406,0.9343633760311149,3.122098023071258,0.021354506810121368,0.16046730355986857
655,-576460562388,0.9348142806289645,3.1248947621224987,0.028905159672591368,0.15126864374442858
656,-576460562376,1.023570579221625,3.0835306658791883,0.05401080179051665,0.1306130826120004
657,-576460562367,1.0244855196617129,3.0858998843017043,0.04747446692311665,0.1321808192809404
658,-576460562352,1.0252393359397958,3.088156715215391,0.041319487736516655,0.13365708797940037
659,-576460562334,1.0259241520713847,3.0905758168396895,0.03479656556891666,0.13522160761896038
660,-576460562317,1.0264641132649197,3.0928909755988867,0.02862382361771666,0.1367021367076804
661,-576460562299,0.9395114150641403,3.039962824796768,0.007651958873556103,0.10944362720487538
662,-576460562281,0.9396725235162615,3.041904878539424,0.010353008954036104,0.10759411783943539
663,-576460562263,0.9398862467073448,3.0438484064240177,0.013103413268776105,0.10571081379571538
664,-576460562244,0.940110129344989,3.045771283823493,0.010968694429116105,0.10103908131480538
665,-576460562227,1.0250538928882664,3.0081710353574564,0.03305136426569869,0.0770892215610115
666,-576460562209,1.0256275295490065,3.009511639845952,0.030995602824118694,0.0725902836581815
667,-576460562193,1.0261379004927096,3.0107094511041708,0.029044505840458694,0.0683203990332715
668,-576460562175,1.0266463086170492,3.0119726152237307,0.027095967253578695,0.0711632714127915
669,-576460562155,0.9440316215229658,2.961174636744261,0.002563503736391262,0.0501397829440753
670,-576460562137,0.9440607756431264,2.9621422953415495,5.46434944131262e-4,0.0530826392958653
671,-576460562121,0.9440545283059123,2.96306699077922,-0.0012817185566887383,0.0557498726408953
672,-576460562103,0.9439728752092639,2.964148072442559,-0.007793872934748737,0.0644103655873153
673,-576460562085,0.9437739136378336,2.965385648673195,-0.014309284475718737,0.0730751902241053
674,-576460562072,1.031759322513276,2.925148376360765,0.010709155884822276,0.052901274043125654
675,-576460562062,1.031893650966108,2.9261814022035355,0.004178182343282277,0.061586794533905656
676,-576460562049,1.0319103271147314,2.92736498484895,-0.0023209433831377227,0.07022996071884566
677,-576460562029,1.0317937530845704,2.9286110820340547,-0.010633165980217723,0.06824066769596565
678,-576460562012,1.0315273672448917,2.9298221046817683,-0.01895046883335772,0.06625015885892566
679,-576460562001,0.9496970095497183,2.87900261542004,-0.041253060937833444,0.04296063339532674
680,-576460561994,0.9488786447198047,2.879758820594717,-0.04957544404703344,0.040968908744126745
681,-576460561977,0.9479702171049013,2.8804385779379555,-0.05741797387929344,0.039092023266766744
682,-576460561957,0.9469431496948163,2.8810708420566833,-0.05581988831309344,0.030617361377966744
683,-576460561942,0.9460062354760848,2.8815241242964067,-0.054321088437803436,0.02266921238600674
684,-576460561924,1.0278981505201779,2.8441478595656116,-0.02910850148444562,-0.004594493259040986
685,-576460561908,1.0274369399381025,2.8441490436003534,-0.02517072436882562,0.004733840645399015
686,-576460561890,1.0270402713035587,2.8443103317478386,-0.02120699509144562,0.014123653506959016
687,-576460561873,1.0266972593834967,2.844651827447973,-0.01705210033681562,0.02396632475801902
688,-576460561853,1.0264261098230623,2.8451767544646582,-0.012849703857535621,0.03392152445737902
689,-576460561841,0.9465168276690608,2.795284285151728,-0.03470298926778787,0.01104251624070382
690,-576460561834,0.9457541388101927,2.7956837417182254,-0.042115146288247876,0.029190808682223818
691,-576460561818,0.9450240960003555,2.796275461619798,-0.04815289820474788,0.04397393958022382
692,-576460561800,0.944107730309627,2.7972031060882414,-0.05479797144230788,0.06024406608694381
693,-576460561783,0.9431222874438878,2.7983592451134913,-0.06114330342552788,0.07578029125758382
694,-576460561766,0.942036300013723,2.7997152233679814,-0.05936129379648788,0.07468334106486381
695,-576460561746,0.9409739108738654,2.8010623203115026,-0.05756465159836788,0.07357738351370381
696,-576460561730,0.9399541543736407,2.8023763464341402,-0.05578570689933788,0.07248231999741381
697,-576460561711,0.9389734281399124,2.8036613882213155,-0.054019615132607876,0.07139516835002381
698,-576460561693,0.8652048749890701,2.7529142824649435,-0.07452208582166966,0.0459249755047281
699,-576460561676,0.8638570621591004,2.753727905288607,-0.07510189619094966,0.0443972740138481
700,-576460561658,0.8625009982214751,2.75451276178895,-0.07568077325090966,0.042872031633938094
701,-576460561640,0.861123006448072,2.7552764261530562,-0.07626450995594966,0.04133398491759809
702,-576460561621,0.960823838743994,2.713065637594702,-0.04310190398039516,0.01037421686827266
703,-576460561603,0.9600927091343359,2.7131665595885694,-0.038872488850435157,9.411765465726588e-4
704,-576460561585,0.9594321069057541,2.7130980038329873,-0.034609405318835156,-0.008566955810427343
705,-576460561568,0.9588021163099825,2.7129269520334187,-0.03535068305113515,-0.010428246806827343
706,-576460561548,0.9581593166770335,2.7127225627144456,-0.036091343394985154,-0.012287987588627343
707,-576460561537,0.8917240067608111,2.6670070325643875,-0.05437901508420209,-0.0332722536344101
708,-576460561532,0.8907378001321016,2.6663909329499105,-0.05512041629419209,-0.035133854673730106
709,-576460561513,0.8897393000104998,2.6657420032109163,-0.05586103547881209,-0.0369934921078901
710,-576460561494,0.8887430321335011,2.665173673148474,-0.05483539529881209,-0.026154292607890102
711,-576460561477,0.8877661943645654,2.664800724446261,-0.05381078075899209,-0.0153259323073901
712,-576460561465,0.9780672581130538,2.6260953961714897,-0.027960406836742308,-0.034544087527316025
713,-576460561459,0.9775458921145713,2.6255474051194363,-0.026876931946592308,-0.023093677611066024
714,-576460561441,0.9770704850395501,2.6252288676480453,-0.02584941142626231,-0.012234606245316023
715,-576460561423,0.9766340477040558,2.624985962597654,-0.022797674957762307,-0.014840581893936024
716,-576460561403,0.9762515384966094,2.6246955656426847,-0.019738795150262306,-0.017452657468836025
717,-576460561386,0.9056161383803601,2.5769439852025,-0.036140601310667556,-0.0417781772391209
718,-576460561369,0.9050183165158181,2.5762021017465693,-0.033208260651167554,-0.0442821969770609
719,-576460561351,0.904397301146813,2.5754679783551055,-0.03635770428722755,-0.0379540964545209
720,-576460561333,0.9036787933986686,2.5748140749995403,-0.03969095660866755,-0.0312566736095609
721,-576460561314,0.9928566258639182,2.535371814732995,-0.017035337109981633,-0.04410975688445566
722,-576460561298,0.9925414351760623,2.534672974452111,-0.020035017239431633,-0.03808257253440566
723,-576460561280,0.9921636581457166,2.534104820486173,-0.021949538255751633,-0.02505967751432566
724,-576460561261,0.991750615955655,2.533770617706683,-0.023867676393351633,-0.01201217822492566
725,-576460561241,0.9272284062165015,2.491357740820141,-0.04361741789642107,-0.01835452837046674
726,-576460561226,0.9265450985862226,2.4909997421337167,-0.03663481421103107,-0.023691239017416738
727,-576460561210,0.9259817061262643,2.4905518513708347,-0.02966615195058107,-0.029017294419666738
728,-576460561192,0.9255130952197793,2.489977141677645,-0.02226612560081107,-0.03467303562851674
729,-576460561174,0.9251790146444505,2.4893030238395677,-0.014893162017101069,-0.040308093127066735
730,-576460561161,1.0079328176269318,2.453018835368916,0.008987882241885362,-0.05816890869315672
731,-576460561156,1.00811960834516,2.4519514897595043,0.011768948320205362,-0.06043822647871672
732,-576460561137,1.0083566273019642,2.4508425484689784,0.014551868648605363,-0.06270905731091672
733,-576460561120,1.008643489317038,2.449693749177236,0.01733231664356536,-0.06497787074759673
734,-576460561102,1.0089807447681287,2.4485029143957724,0.02011554601364536,-0.06724895375423673
735,-576460561089,0.950703583709233,2.410671596207916,0.003786752957812143,-0.0845018895758345
736,-576460561084,0.9508114455550447,2.4092191193249826,0.008211227666412142,-0.0770639483478345
737,-576460561066,0.9509991627838444,2.4078987057202967,0.012641608236692144,-0.0696160788334345
738,-576460561047,0.9512666104409461,2.406712507895594,0.017071496651832142,-0.062169036676234496
739,-576460561029,0.9516137404462492,2.4056605358916507,0.021500646834262144,-0.05472323555483449
740,-576460561011,1.019541064228369,2.3741802527269384,0.03381737515156508,-0.07284359798420087
741,-576460560994,1.0200832678701177,2.3728422470368264,0.02650455194958508,-0.07601390773002087
742,-576460560975,1.0204944310087543,2.3714455065929516,0.019182779417325078,-0.07918809725636088
743,-576460560957,1.020773928153312,2.3698169156992197,0.011856939007665077,-0.10167601443578088
744,-576460560936,0.956986188913358,2.3262841538069674,-0.007179375238801793,-0.14527750044804547
745,-576460560921,0.9568474253565811,2.323429260026634,-0.008151920394481793,-0.17014552245918546
746,-576460560903,0.956692871492242,2.3201629858058306,-0.009113774108001793,-0.19474016382839546
747,-576460560885,0.9565521688227615,2.3165199372169227,-0.006514646360781792,-0.20990812995233546
748,-576460560867,1.026678222787402,2.2810078718489915,0.016635953058943522,-0.24053597153161105
749,-576460560849,1.0270011697052897,2.2765402239465793,0.019235080806163523,-0.25570393765555105
750,-576460560832,1.0273713969049139,2.2717935022603997,0.021837384206523522,-0.27089043622727105
751,-576460560814,1.027781564852827,2.266904310145192,0.02380783590400352,-0.27319949424319107
752,-576460560795,0.9856638966608291,2.2346118748532784,0.013666405644958976,-0.28794979679981014
753,-576460560777,0.9859276380171459,2.22940825487395,0.015639817624868976,-0.2902623237989501
754,-576460560760,0.9862270573391959,2.224160378542303,0.017614216365588978,-0.2925760071258301
755,-576460560741,0.9865824698037834,2.218621415278059,0.019799591159808977,-0.2905034459237401
756,-576460560722,1.0445008105764675,2.186969247373148,0.03886574012538875,-0.30146531138124616
757,-576460560705,1.045227709135227,2.181497052094581,0.04096058963074875,-0.29947860236432616
758,-576460560687,1.0459736968204878,2.1761928383735794,0.043004482715568754,-0.2975402192915362
759,-576460560669,1.0467151663893324,2.1709714527774526,0.044237495028228754,-0.31681271589221616
760,-576460560652,1.0474779129967962,2.165420120659842,0.04547101511157876,-0.33609314916051614
761,-576460560640,1.0220749410492362,2.1493266019242054,0.03817268397069454,-0.3434014350910224
762,-576460560634,1.0228136712358207,2.1425940374735593,0.03955157154872454,-0.3649540229179624
763,-576460560616,1.0234985565296317,2.1358606018147763,0.03662720536146454,-0.3839960531381724
764,-576460560598,1.02410228799233,2.1291253626544937,0.033840429619364544,-0.40214216224352245
765,-576460560581,1.024686305007783,2.1216983953519386,0.030906467880964544,-0.42124667395992244
766,-576460560562,1.066580649386324,2.094307096549647,0.04036161915938978,-0.4497557449122708
767,-576460560545,1.0672956357739332,2.086217421645729,0.03916968090838978,-0.4500968584156708
768,-576460560525,1.0679909759924744,2.078100442915385,0.03797462691223978,-0.45043886359508084
769,-576460560508,1.0687004179710726,2.069540032489663,0.03671526923958978,-0.45079927144959087
770,-576460560490,1.02751343792148,2.0352358366187406,0.023360448510409172,-0.4630146754413714
771,-576460560473,1.0279190401502605,2.027306060483412,0.024419293365009174,-0.47110902998081144
772,-576460560454,1.0283947246194989,2.0182602914594883,0.025605364247609175,-0.4801759656994514
773,-576460560437,1.0288385476850008,2.0100371978530625,0.026664458565009173,-0.48827222726081143
774,-576460560418,1.0293296115564659,2.001153176327938,0.027789286330209172,-0.4968709890980914
775,-576460560406,1.0534707160399337,1.9897182906362503,0.03507901880571629,-0.5024376828426055
776,-576460560400,1.0541259764219892,1.9801990854945712,0.03396843978811629,-0.5006397820340055
777,-576460560382,1.0546943912161666,1.9717108796623528,0.032974769984276286,-0.4990311439132655
778,-576460560366,1.055252294590082,1.9631510065196718,0.031969456069556285,-0.49740365530459546
779,-576460560349,1.055782084631946,1.9547926227190917,0.030984621746836284,-0.49580932082042545
780,-576460560336,1.01713821298244,1.9302441070396315,0.0196263676264006,-0.5069321735318881
781,-576460560331,1.0174853376426685,1.9210488178674179,0.0189173432584006,-0.5140859446352881
782,-576460560312,1.0178218396635574,1.9116631659185563,0.0182036739384006,-0.5212865814387881
783,-576460560295,1.0181436711563143,1.9021992847127367,0.017493901654400602,-0.5284478987142381
784,-576460560277,1.0184655311331532,1.892650215463733,0.0185749028324906,-0.5416556760045982
785,-576460560265,1.044440591942847,1.8805281107002827,0.02651175016162554,-0.547551646876045
786,-576460560259,1.0449273398447387,1.8705579006934783,0.02760141291692554,-0.5608652521572449
787,-576460560240,1.045434178536637,1.8603384177801505,0.02869210537021554,-0.5741914383884049
788,-576460560219,1.0459629507825354,1.849833729180367,0.029787461749695543,-0.5875746089223249
789,-576460560205,1.046493702307252,1.8393603100618332,0.029425069595935542,-0.5808773482968149
790,-576460560187,1.0316155841283248,1.8190913011401526,0.024469600926345793,-0.5786421113505879
791,-576460560169,1.032053557612624,1.8087173908502117,0.024105065995305795,-0.5719052507012978
792,-576460560151,1.032484055283736,1.7984864430369099,0.023741299229705793,-0.5651825862869478
793,-576460560128,1.0329078166161076,1.7883366724646326,0.023366847329315793,-0.5631338577436579
794,-576460560113,1.033347846144695,1.7776621714047751,0.022971561325635794,-0.5609711401351779
795,-576460560102,1.0443105986978714,1.7724701402132055,0.026372494393633872,-0.5634886804053386
796,-576460560096,1.044782139826152,1.7623413002389177,0.025997688667313872,-0.5614380159838186
797,-576460560079,1.0452205544873845,1.75282505850215,0.02564429981640387,-0.5595045291328086
798,-576460560062,1.0457080966179033,1.7427345774751872,0.02853306772652387,-0.5617846171015486
799,-576460560043,1.0462479135962897,1.7325979828374864,0.03142328018110387,-0.5640658452409586
800,-576460560031,1.034070664835939,1.7246763050490814,0.02774164528043786,-0.5676454264323494
801,-576460560025,1.0345965982641878,1.7144273356887847,0.03063378379429786,-0.5699281747993193
802,-576460560007,1.0351749133488326,1.7041326557942242,0.03352720634767786,-0.5722119366513293
803,-576460559989,1.0357679784608784,1.6938936762158925,0.03251935660635786,-0.5680497236116893
804,-576460559969,1.0363129823439827,1.6842652435391676,0.03156482037103786,-0.5641076844340492
805,-576460559953,1.0365839332688944,1.6742868294887188,0.0304638702571431,-0.5598693494065664
806,-576460559936,1.0371399282868905,1.664229810115991,0.0313064905912231,-0.5574531006243064
807,-576460559918,1.0377113815000347,1.6542112927276105,0.0321495321886631,-0.5550356438518764
808,-576460559899,1.0383300765903352,1.6436997871680965,0.0330380234219431,-0.5524878583622165
809,-576460559887,1.0558710426246565,1.6553910097161881,0.0384239642445067,-0.547209913958423
810,-576460559881,1.056570610121852,1.6455580719480298,0.0392669122278667,-0.544792725628253
811,-576460559865,1.057246806008935,1.6363054976056566,0.0404167888189467,-0.545541276536853
812,-576460559847,1.0579439724763091,1.6270210986862879,0.0415690367086767,-0.546291371122203
813,-576460559829,1.058703789908749,1.6171730497899977,0.042789510248136695,-0.5470858794929031
814,-576460559808,1.0484474572287663,1.6128626421834826,0.04047425249814898,-0.5452227504424233
815,-576460559793,1.049172091712624,1.6029836700520654,0.039445730280888984,-0.5443297069764833
816,-576460559775,1.0498298167124265,1.5938029441661226,0.03848838901557899,-0.5434984683825933
817,-576460559758,1.0505145059492198,1.5840122140066681,0.037465822176768984,-0.5426105958422033
818,-576460559740,1.049578917520712,1.5731720069094626,0.035944481616752066,-0.5422127526826347
819,-576460559722,1.05023722003117,1.5634324809190878,0.03714339564073207,-0.5391157685091947
820,-576460559703,1.05093633762863,1.5534802201668274,0.03837565350428207,-0.5359326519347948
821,-576460559686,1.0516215034504341,1.5440818933237106,0.03954608217230207,-0.5329092499322348
822,-576460559668,1.0522974251078674,1.5351251885403636,0.04066772634051207,-0.5300118659933548
823,-576460559657,1.0351724135008948,1.5438322961084776,0.03509421465621641,-0.525850537304329
824,-576460559651,1.0358044597713194,1.5343703570957163,0.035031855511816416,-0.5239596272092889
825,-576460559634,1.0363983822924863,1.5254949110411395,0.03497315641261642,-0.5221797002985689
826,-576460559617,1.036996476109133,1.5165726487687767,0.03491394532221642,-0.5203842483299289
827,-576460559598,1.0376218573724854,1.5072600579319402,0.03485192519901642,-0.5185036183408089
828,-576460559580,1.0399657742364496,1.4991584462635734,0.034897973169035854,-0.5170971695093496
829,-576460559563,1.040554478282755,1.4903824818300948,0.034422491512185856,-0.5162810387306996
830,-576460559546,1.0411713117970842,1.4810704056733561,0.033917140033265854,-0.5154136385060196
831,-576460559528,1.0417936066964335,1.47178090642268,0.035265172290165854,-0.5173266895291196
832,-576460559508,1.018970012507453,1.4740787905542654,0.02888858988122757,-0.5135801189132498
833,-576460559491,1.019501692607393,1.4648248537855837,0.03023624747657757,-0.5154926382378998
834,-576460559474,1.0200266625742764,1.456044043647832,0.03151039647581757,-0.5173008383266599
835,-576460559456,1.0205912757372624,1.446731874783091,0.03110265181761757,-0.5153766071672099
836,-576460559438,1.0394396815738476,1.4508727759107205,0.036633175332579405,-0.5074463996892459
837,-576460559420,1.0401000529207975,1.4416913187465314,0.036223328082019404,-0.5055122459626858
838,-576460559398,1.0407488400409028,1.4326033396976356,0.03581610341977941,-0.5035904687714459
839,-576460559384,1.041389538047485,1.4236225134609153,0.03594666613465941,-0.5023264484239258
840,-576460559366,1.0184968201867548,1.4271653178692283,0.02812648640317736,-0.495119601350545
841,-576460559348,1.0190044792896653,1.4182611760554817,0.02825815322703736,-0.493844891762855
842,-576460559329,1.0195423632489253,1.4088968106511757,0.028396993103277358,-0.492500737508895
843,-576460559310,1.020068730282743,1.3999645501989721,0.029636858475277358,-0.492312983792495
844,-576460559293,1.0418587196358031,1.4072940406314411,0.037885957134091486,-0.4849346056958865
845,-576460559275,1.0425545169580934,1.398532477367751,0.03912110636989149,-0.4847475661474265
846,-576460559256,1.0432518532938164,1.3898334274144244,0.038347797226511486,-0.48165247310454645
847,-576460559239,1.0439354556169347,1.3811877056363975,0.037574273310831484,-0.4785565204568665
848,-576460559221,1.0446046499080075,1.3726039167755588,0.03680130780313148,-0.47546280278166647
849,-576460559208,1.0180691605913166,1.3873088179492399,0.02766639595642266,-0.46856844174300366
850,-576460559203,1.0185628593138658,1.3788563561233027,0.02688896318488266,-0.46545684428796363
851,-576460559185,1.0190537474461638,1.3705223005562077,0.02798339678584266,-0.46613890432536365
852,-576460559166,1.0195692776529122,1.3620948141460496,0.029088473771922658,-0.4668275974080636
853,-576460559148,1.043348584817143,1.371788911136206,0.03804802768058427,-0.4594026435072245
854,-576460559130,1.0440713266999884,1.3631849748243086,0.03919274210090427,-0.4601160389655245
855,-576460559113,1.0447423781173486,1.3553625954290744,0.03975448347090427,-0.4601638898855245
856,-576460559093,1.0454634329325991,1.3470778087763355,0.04034936758173427,-0.4602145640098045
857,-576460559077,1.046196180118054,1.3387810634708115,0.04094504473920427,-0.46026530568832447
858,-576460559059,1.0124839099873109,1.3502826667943315,0.02942971000497365,-0.45111201082227836
859,-576460559041,1.0130039552362575,1.3421956853430344,0.028365938911093652,-0.44764120670351837
860,-576460559023,1.013504993370699,1.3341689436330564,0.027301872259563653,-0.44416943825820837
861,-576460559005,1.0139892646369053,1.3261645945374683,0.02623242645880365,-0.44068011906968835
862,-576460558987,1.0144544894411962,1.3182181279289267,0.02516227131968365,-0.4371884854974483
863,-576460558969,1.0149150519326564,1.3104532048307478,0.026612501482303652,-0.43571614023227834
864,-576460558948,1.015435374724588,1.3021899701056516,0.028161201547483652,-0.43414382346014835
865,-576460558932,1.0159255394848123,1.2948266764682788,0.029545975309643653,-0.43273793276458833
866,-576460558915,1.016470576311975,1.2870318399860143,0.031023767109953655,-0.4334993825951283
867,-576460558896,0.9814510110195251,1.2988948767497757,0.01976333154943558,-0.4251643609205432
868,-576460558879,0.981819883402345,1.2912384714685134,0.02124071278359558,-0.4259255992019832
869,-576460558860,0.9821936332140148,1.28397668991686,0.02263951165664558,-0.4266463469856832
870,-576460558845,0.9825715481288779,1.2767345809320239,0.02194169807122558,-0.42767817641130323
871,-576460558826,1.0172839631928994,1.2985336957736864,0.03318071341669224,-0.41580046742303195
872,-576460558809,1.0178750997105959,1.291032340714149,0.03243914756978224,-0.41689699159204197
873,-576460558791,1.0184521780796703,1.2835204254212773,0.031698487225932236,-0.417992176829392
874,-576460558772,1.0190629760390353,1.2756070292657495,0.03253180452074224,-0.414164735261442
875,-576460558754,0.987001627874328,1.2873379562217209,0.021437057809856663,-0.401769634946491
876,-576460558737,0.987376005356971,1.280472023915764,0.022189054483226663,-0.398315700479341
877,-576460558720,0.9877555607122918,1.273798451329699,0.022926285504966663,-0.394929584920041
878,-576460558703,0.988143328909454,1.2671108128592203,0.022714980639366663,-0.392221835804841
879,-576460558681,0.9885508137489286,1.26006573338509,0.022490792543966662,-0.389348995583041
880,-576460558667,1.0293760759582116,1.2889643194817615,0.03655563830195468,-0.37083357892114766
881,-576460558649,1.0300278119830184,1.2823581834850541,0.03633325336130468,-0.3679838450800976
882,-576460558630,1.0306902152716737,1.2756601565253542,0.03646631677334468,-0.3681439667343776
883,-576460558613,1.03134073024958,1.2691032218977605,0.03659652120120468,-0.3683006480343976
884,-576460558594,0.9949319014559264,1.2856482459527332,0.022997179258324348,-0.35791563082097005
885,-576460558576,0.9953737255180386,1.2788567130976614,0.023623487842264347,-0.35871757114925007
886,-576460558558,0.9957793982552497,1.2727628242696474,0.024184270947574346,-0.3594356111044701
887,-576460558542,0.9961960233112556,1.266635860602627,0.024746970582264344,-0.3601561050292501
888,-576460558524,1.0600534698267208,1.3186601814876515,0.04802951029190697,-0.33566266271415207
889,-576460558507,1.0608697779820577,1.3129898521408139,0.04810287566309697,-0.33210267283758205
890,-576460558489,1.0617368595598933,1.3070423509859148,0.04818068192232697,-0.32832719278889205
891,-576460558471,1.0626135465116777,1.3011076792400271,0.048259222569656965,-0.32451607720590203
892,-576460558453,1.0313891044757664,1.3175094041006203,0.03625872436948446,-0.31073908045947013
893,-576460558434,1.0320056797025248,1.3122602923044924,0.036726032585804466,-0.31060464540795013
894,-576460558418,1.0326689954893848,1.306689325359486,0.037222215670604464,-0.31046190364515014
895,-576460558399,1.0333437777158467,1.301099817517092,0.03772027949396446,-0.31031862083219014
896,-576460558382,1.0340277583861972,1.295511028859709,0.038218509264844464,-0.31017529027951013
897,-576460558368,1.0829316609358064,1.3413923210521204,0.055948345673358685,-0.2904937058079733
898,-576460558364,1.0839364427319782,1.3361788463558504,0.055843131426318686,-0.2895546582630133
899,-576460558346,1.0849408381184757,1.3309744593758002,0.05573775914719869,-0.28861420026613327
900,-576460558327,1.0859437815467399,1.3257847020728013,0.055632340043758687,-0.28767332435757326
901,-576460558309,1.0869435491508022,1.320618485745923,0.05552705556023869,-0.28673364994509326
902,-576460558292,1.0560806042858324,1.3391310915535033,0.04343026633262522,-0.26736645150511495
903,-576460558273,1.0569003126965821,1.3341757089401431,0.04352299671498522,-0.25829204147889495
904,-576460558255,1.0576335448942675,1.3298965673867604,0.04360577729552522,-0.25019129918806493
905,-576460558239,1.0583761654603505,1.3257094749140723,0.04368945793228522,-0.24200247919304493
906,-576460558221,1.080134423240864,1.3412958061712676,0.052769782075333414,-0.23567186513636817
907,-576460558203,1.08109661223728,1.337034062008533,0.054140106415333414,-0.23785526405636817
908,-576460558185,1.0820900733521082,1.33270445120548,0.05551949012180341,-0.24005309766922817
909,-576460558167,1.0830873727952166,1.3283998181167562,0.05510104596697341,-0.23741715785999817
910,-576460558149,1.0536638153508826,1.3472837672195654,0.042930125313867945,-0.22456162781020864
911,-576460558131,1.054432968133289,1.3432644528707318,0.04251230774614795,-0.22192963511288863
912,-576460558113,1.055194514339179,1.3392929635139978,0.04209453659228795,-0.21929793479422863
913,-576460558094,1.0559528814427073,1.3353721278748927,0.04221531371658795,-0.21659263097622863
914,-576460558076,1.0768351915379024,1.3510858378049648,0.049821833200887754,-0.20552292885498047
915,-576460558058,1.0777746267651531,1.3472420953887905,0.049948263151127756,-0.20269100659258046
916,-576460558041,1.0786331279264945,1.3437844574397855,0.05006352172088776,-0.20010931365498047
917,-576460558022,1.0795288911968715,1.3402253785750269,0.05047107652568776,-0.19933837038078048
918,-576460558006,1.0803907637653232,1.3368406931252874,0.05086012898272776,-0.19860242671987047
919,-576460557986,1.052272377455851,1.3556084270673494,0.03992216123853396,-0.1878433420277504
920,-576460557967,1.052957019577698,1.3524089927034482,0.04031247158077396,-0.18710501891229042
921,-576460557952,1.0536801007521461,1.3490638729487445,0.04032555389575396,-0.1859427958199104
922,-576460557934,1.0544114842866625,1.3457026416845455,0.040338782104733954,-0.18476761161353042
923,-576460557916,1.0767519838027542,1.363931009907718,0.04849325024195762,-0.17449416723598368
924,-576460557899,1.0775762319370354,1.3609748404327442,0.048505647584607625,-0.1733927965738337
925,-576460557882,1.078409369758222,1.3580331703782713,0.049383886099647625,-0.1722387454861937
926,-576460557862,1.0793066379878558,1.3549438561739597,0.050312583859647625,-0.1710183883261937
927,-576460557846,1.0521807812051704,1.3740586184816064,0.04019090339050436,-0.1600629102709712
928,-576460557828,1.0529092894784526,1.3711733196491624,0.040731981728304355,-0.1604368211862712
929,-576460557810,1.0536470033199654,1.3682833790884512,0.04127266939582436,-0.1608104621297912
930,-576460557792,1.0543954905573099,1.3653826863708174,0.04181410835234436,-0.1611846222498112
931,-576460557772,1.0552028007731478,1.362288153416377,0.04239034701534436,-0.1615828306253112
932,-576460557760,1.0723993547712234,1.3797073835643496,0.0489266998150068,-0.15421483396496283
933,-576460557755,1.0732718224021782,1.3769929222993682,0.0489823598814268,-0.15040431820444283
934,-576460557737,1.074152049283328,1.374326144137429,0.0490384509370268,-0.14656429671084284
935,-576460557720,1.074986056055571,1.3718657324487074,0.0490915375608068,-0.14292996011016285
936,-576460557702,1.0758727653628921,1.369320398388631,0.0491479159425268,-0.13907026812784284
937,-576460557690,1.0513447783530645,1.3889503720409966,0.03941449493532337,-0.13048617235899826
938,-576460557684,1.0520712424507725,1.3865825076505602,0.04140701006639337,-0.13294647941119825
939,-576460557666,1.052833482593522,1.3841705497269643,0.04339941436055337,-0.13540664960479826
940,-576460557649,1.0536457058379376,1.3816713466750097,0.04542639977063337,-0.13790951968159826
941,-576460557630,1.0544692477434556,1.3792025948864184,0.04739320073858337,-0.14033807553859826
942,-576460557612,1.0782721373544872,1.4002113324593681,0.05566168519009529,-0.1277713181889403
943,-576460557594,1.0792786478193637,1.3979137346161357,0.055120381275855286,-0.12511491187351031
944,-576460557576,1.080255944801244,1.3957078883132892,0.05458965261281529,-0.12251040277023031
945,-576460557555,1.0812460304244897,1.3935045255328835,0.055432085718735286,-0.12233488897393031
946,-576460557538,1.0563388487844787,1.4123298591425302,0.045978761923791536,-0.11287078702026321
947,-576460557521,1.0571254271852772,1.4104168604081442,0.04677265612923154,-0.1127053858924132
948,-576460557503,1.0579766795298884,1.4083855796639098,0.047616914709711536,-0.11252949177396321
949,-576460557484,1.0589907898967479,1.4063345644545593,0.05918775794531154,-0.1034805355404632
950,-576460557467,1.07846630226867,1.4236531500903347,0.07664646117053464,-0.08734773216347362
951,-576460557449,1.0799674474419036,1.4221376215689454,0.08777250632493463,-0.07864662943447362
952,-576460557431,1.0816181421137852,1.4208190258538806,0.09856769482441463,-0.07020427253142361
953,-576460557413,1.083377452740006,1.4195653348985662,0.09692212419008463,-0.0691024617665336
954,-576460557396,1.085012108577515,1.4183993025084427,0.09536770494874462,-0.0680616824663136
955,-576460557384,1.0657844069160243,1.4343498857781032,0.08766374878924832,-0.061125221166940726
956,-576460557378,1.0673494358114737,1.4332582281460502,0.08601607536450832,-0.060022002454520725
957,-576460557361,1.0688115041224318,1.432237617286387,0.08444775942132832,-0.05897191845758072
958,-576460557342,1.0703726588251028,1.4311150514811284,0.08947767536820832,-0.06609111688766073
959,-576460557327,1.0719378476739145,1.429931430407967,0.09425150045192832,-0.07284785167218073
960,-576460557314,1.0976682652118401,1.4564541666619675,0.10424836594052854,-0.06163284761467781
961,-576460557308,1.0995934049610596,1.4552784679905273,0.10930013646872853,-0.06878297839087781
962,-576460557289,1.1016970747618462,1.4539157238280533,0.11456596981908854,-0.07623608753163781
963,-576460557271,1.1036688111724289,1.4526912382621657,0.11459911741740854,-0.06607976159523782
964,-576460557250,1.1057125342618128,1.4516067969912974,0.11463346509439853,-0.05555573510918782
965,-576460557235,1.085903807079781,1.4695103945121764,0.10583747651198401,-0.03616234067714755
966,-576460557217,1.0879610939517093,1.4689456817100488,0.12261034669920401,-0.026545204948037547
967,-576460557199,1.0903181076084592,1.4685544709938718,0.139367385517084,-0.016937146522097546
968,-576460557181,1.092978052579233,1.4683360817408437,0.156132805648144,-0.007324282465067545
969,-576460557163,1.1236804718176647,1.4966075651616586,0.1837291622115681,0.014277714448256783
970,-576460557145,1.126919897001607,1.4969047418422496,0.1767075759183181,0.01878784111125678
971,-576460557128,1.1298671395259132,1.4972603456860438,0.17006763578965808,0.02305282764909678
972,-576460557110,1.1329006074292742,1.4977219602323422,0.1629511262435981,0.027623925704536784
973,-576460557091,1.1162096734099085,1.5158873212532198,0.14768494719593628,0.039976727858170746
974,-576460557073,1.1186100086505602,1.516599442495187,0.13520665453083627,0.04395034839017075
975,-576460557056,1.1209275345215868,1.5174296380044274,0.12195334003491627,0.04817076892457075
976,-576460557038,1.1230077043804356,1.5183366358729795,0.10868973113137627,0.052394467637370754
977,-576460557020,1.1411962335020565,1.5357940425159415,0.10188688376249298,0.06359164992412139
978,-576460557002,1.142946062709304,1.5369746861805558,0.09229046820417298,0.06742357113944139
979,-576460556984,1.1445201238133957,1.538221969997384,0.08271215607641298,0.07124826351820139
980,-576460556965,1.1459222463231853,1.5395384315728509,0.07313118167945298,0.07507401896116139
981,-576460556944,1.1472143704593096,1.541001632319997,0.06302520779625298,0.07910941066436139
982,-576460556934,1.130122578586702,1.5565585713002457,0.056151274735153994,0.08585921078232232
983,-576460556929,1.1310706630666945,1.5581306298015651,0.049057012452593994,0.08859104736778232
984,-576460556911,1.1318883691840371,1.5597464450934626,0.041986367533233995,0.09131378945204233
985,-576460556894,1.132580391819957,1.561414742499055,0.034900764950513995,0.09404229138706233
986,-576460556877,1.1331085938560856,1.5629405785242771,0.031141000006793994,0.09673490606506233
987,-576460556865,1.1443320924533118,1.574220086944768,0.03554579258346897,0.1015346424394453
988,-576460556859,1.144935091992412,1.576079162768,0.03130559756066897,0.1045713246594453
989,-576460556839,1.1454621126135236,1.577995064920995,0.027060936700538968,0.1076112051589453
990,-576460556823,1.1459156480958606,1.579981246402994,0.022783604714678968,0.11067448359794531
991,-576460556805,1.1462642230468845,1.5819489881086464,0.016536750730778968,0.11129299588904532
992,-576460556787,1.1351627917846576,1.5943225895140987,0.005640429964779837,0.11642424472640805
993,-576460556769,1.1352070997084696,1.5964464690201965,-7.695539342101624e-4,0.11705890880491805
994,-576460556751,1.1351374653957578,1.598537644652426,-0.007047060839520162,0.11768045609710805
995,-576460556733,1.1349496363639284,1.6006314150174836,-0.013796198532320163,0.11466381123437805
996,-576460556714,1.1367222406444448,1.6048861526216691,-0.02007363838732162,0.11239038993549341
997,-576460556696,1.1363008402512405,1.606879658136298,-0.02680592476812162,0.1093812770607134
998,-576460556679,1.1357909617502815,1.6087151668675193,-0.03317272491532162,0.10653552463569341
999,-576460556661,1.135156543908542,1.6106748364208492,-0.037337732627271615,0.1112660372792934
1000,-576460556643,1.1281232753887387,1.6183929190137825,-0.04404795238430095,0.11848001845114191
1001,-576460556625,1.127284234470327,1.6205903281800957,-0.04825577901410095,0.1232591637615419
1002,-576460556607,1.1263907095639478,1.6228208693042945,-0.05236639512770095,0.1279278997743419
1003,-576460556590,1.125471661092002,1.625005824672602,-0.05571245145851095,0.1290198709444619
1004,-576460556573,1.130430122364673,1.6331576038656979,-0.05673047405556646,0.1326617857367794
1005,-576460556555,1.129375594148255,1.63555926302681,-0.060276817641316455,0.1338191197957794
1006,-576460556534,1.128246371582299,1.6379633554330768,-0.06529001944931645,0.1335101814681794
1007,-576460556519,1.1270255051395184,1.6403646884969019,-0.07030907454531644,0.1332008824319794
1008,-576460556501,1.1256905183823942,1.6428023120095776,-0.07541592896131645,0.1328861727667794
1009,-576460556488,1.1243708627408269,1.6439668061869732,-0.07594240673293157,0.13339455256525182
1010,-576460556482,1.1229024924604658,1.6464574826369063,-0.08115294796493157,0.1330734532048518
1011,-576460556464,1.1214179586186115,1.648840875920375,-0.08418103598141156,0.1323673846911918
1012,-576460556448,1.1200498261257397,1.650953194447358,-0.08687829045917156,0.1317384576422718
1013,-576460556429,1.118455463372909,1.6533228342872612,-0.08991953087933156,0.1310293223425518
1014,-576460556411,1.1218476442958314,1.6608496665781407,-0.09105771331517176,0.13249558823677088
1015,-576460556393,1.120150963448906,1.663278338782388,-0.09221864066002176,0.12985085564627089
1016,-576460556376,1.1185851932633892,1.6654501257052436,-0.09327717565520176,0.12743938518487088
1017,-576460556359,1.1168930253611449,1.6677248898309667,-0.09440781793888176,0.12486364561847088
1018,-576460556346,1.116136068719359,1.6683798823445741,-0.09470868152307572,0.12515057536845547
1019,-576460556340,1.114415883582273,1.670616193835129,-0.09584076595252572,0.12257155041995547
1020,-576460556321,1.1126554955587042,1.6728357921865127,-0.09839823035872572,0.12233613482597548
1021,-576460556305,1.1108803431563656,1.675012905233523,-0.10091153243682571,0.12210478439148548
1022,-576460556286,1.1090412852952587,1.6772084435982733,-0.10345093684942572,0.12187103122694548
1023,-576460556273,1.1136523266810914,1.681795721052764,-0.10165019501104658,0.12385396395509705
1024,-576460556267,1.1116958185553225,1.6841529259526922,-0.10433055202994658,0.12431205172402705
1025,-576460556249,1.1099147769981608,1.686267470268392,-0.10542584381998658,0.12472155040760706
1026,-576460556230,1.1080054908011272,1.6885177413065329,-0.10658750324940658,0.12515586207819707
1027,-576460556214,1.1060773291785597,1.690773448523224,-0.10774793723164658,0.12558971558867707
1028,-576460556196,1.112205066148,1.6862209907719534,-0.10407283892014181,0.12586805889655822
1029,-576460556179,1.1104242999746665,1.6884063659447741,-0.1036087953831518,0.12900104983521823
1030,-576460556163,1.1086782070822665,1.6906112521902337,-0.10315176025925181,0.13208672345781824
1031,-576460556144,1.1068280150026573,1.693015566532941,-0.10266525732896181,0.13537134903867826
1032,-576460556123,1.1131513724442192,1.7037447649116193,-0.09812921154869417,0.1400512966060604
1033,-576460556109,1.1114949703902903,1.7061317703176146,-0.09694817084785416,0.14107052720684038
1034,-576460556090,1.1097584903974438,1.708684743017825,-0.09569438438249417,0.14215253693896038
1035,-576460556071,1.1079542658618895,1.7113943251344956,-0.09437404180179416,0.14329198417461037
1036,-576460556054,1.1062729642671374,1.7140255849400456,-0.09253069887432416,0.14921647066950036
1037,-576460556041,1.1149069064934094,1.7067730235744865,-0.08913385340831248,0.1460146164920559
1038,-576460556036,1.113317698897301,1.7094570648385417,-0.08728794900159248,0.1519473355566959
1039,-576460556017,1.111850662251282,1.712083972799408,-0.08554860213167248,0.1575375797197359
1040,-576460556000,1.1103270509819232,1.7149736501490973,-0.08370392723499248,0.1634663471508959
1041,-576460555984,1.109009792478715,1.7176003057894973,-0.08096367739131248,0.1648861299289259
1042,-576460555971,1.123029798393927,1.7312155669899372,-0.07552783398114996,0.17082764509249174
1043,-576460555966,1.121696522841808,1.7343084617453213,-0.07244126341842995,0.17242686413386174
1044,-576460555948,1.1204206042986453,1.7374258254027022,-0.06935897476370995,0.17402386462598174
1045,-576460555930,1.1191904800514039,1.7405975702730585,-0.06625167976626994,0.17563382144572173
1046,-576460555892,1.1180081836733753,1.743730073864881,-0.06460569466966995,0.17107382568462173
1047,-576460555890,1.11687345149148,1.7467330448141336,-0.06298548786760995,0.16658524546311174
1048,-576460555875,1.132191295501396,1.7358659286651354,-0.054810044170837895,0.15559363670159976
1049,-576460555839,1.1312806631151069,1.7385198064224887,-0.0523673095970579,0.15675589043938976
1050,-576460555837,1.1303576058727263,1.741364341826045,-0.049769038107557895,0.15799214868163974
1051,-576460555822,1.1294874098563885,1.7442113195808084,-0.047188735300557894,0.15921985742013975
1052,-576460555804,1.1393169810414838,1.757198787511541,-0.04049808450128424,0.16488180804297395
1053,-576460555787,1.1386545342870773,1.760001260511944,-0.03742307698864424,0.16476272532208394
1054,-576460555769,1.1380104217536637,1.7629648671595954,-0.034168846253924245,0.16463670200386393
1055,-576460555752,1.137425144086955,1.7659247255472672,-0.030916243177124245,0.16451074171831392
1056,-576460555733,1.1560783669138284,1.7525492948208843,-0.02020666188336874,0.15712512841171883
1057,-576460555712,1.1557473929032727,1.755366702207838,-0.01659889947951874,0.15618122543356883
1058,-576460555697,1.1554811096550612,1.7581694620536623,-0.012988128099518742,0.15523653521356884
1059,-576460555681,1.1552893075256698,1.760800745044784,-0.009578155727928743,0.15434438026635883
1060,-576460555663,1.1551493558982113,1.7635715154741431,-0.005965980159058743,0.15339932266682882
1061,-576460555650,1.1618468406801241,1.7696916052816485,-0.003398429659867015,0.15608894827055994
1062,-576460555645,1.1618229271952027,1.7724976531060717,7.435881476329847e-4,0.15543454042475993
1063,-576460555629,1.161868642952109,1.7751298370640518,0.004644879191632985,0.15481816560779993
1064,-576460555598,1.161980846518132,1.7777568052140285,0.008553987532632985,0.15420055571635993
1065,-576460555591,1.1621726495155758,1.7805335935597173,0.012703132875632985,0.15354502177323992
1066,-576460555575,1.1624524304425017,1.7833089691205173,0.018409564030232986,0.15508723408443992
1067,-576460555555,1.1852447703178544,1.7669209326286615,0.033059007804503424,0.14809725687101927
1068,-576460555536,1.1858907679531208,1.7695987790564887,0.03876639082418343,0.14963972643197926
1069,-576460555519,1.18663938552053,1.772304220244625,0.04447345655550343,0.15118211024301925
1070,-576460555502,1.1874546829705857,1.7748979142581827,0.051072945654223434,0.15277828042351926
1071,-576460555484,1.1983374248350924,1.7862995409585498,0.06159161768109986,0.15825306424701602
1072,-576460555467,1.1994746289009075,1.7890836110291182,0.06835970968893985,0.15989001318051602
1073,-576460555450,1.2006765906683965,1.791809178674835,0.07297273401604985,0.160595335248736
1074,-576460555431,1.2020511705881785,1.794742108646159,0.07791419460984986,0.161350874556336
1075,-576460555414,1.203494912906353,1.7976479550440527,0.08278731008456985,0.16209596403377602
1076,-576460555395,1.2325777792357084,1.7763195876257987,0.09839812691040493,0.15199943576327232
1077,-576460555376,1.2344745265314174,1.7792180748185065,0.10151200122080493,0.15349036110727232
1078,-576460555357,1.2363302064177069,1.7819964177920216,0.10446867213800494,0.1549060173492723
1079,-576460555341,1.2381377159220426,1.784652579160202,0.10727027290220494,0.1562474258862723
1080,-576460555323,1.241024091659161,1.788244129011837,0.11056677315201008,0.15799932992502713
1081,-576460555303,1.2430638902345055,1.79109814558548,0.11636748454886008,0.15951934100372714
1082,-576460555288,1.2451061921421478,1.7938452099843563,0.12189908578801008,0.16096883479702714
1083,-576460555270,1.2473613337193252,1.7967673961821502,0.12772916052341007,0.16249654020782714
1084,-576460555252,1.273213745486458,1.7783564928162967,0.14241589075198746,0.154481726796326
1085,-576460555235,1.2757976186490465,1.7811501819181477,0.14496851171584746,0.156238894030166
1086,-576460555216,1.278429458351576,1.7839776803556318,0.14752312003892745,0.157997429317686
1087,-576460555198,1.28113383676705,1.7868651037305905,0.15010285426071746,0.15977326071244602
1088,-576460555180,1.2877828349275398,1.792847171158889,0.15412946277839612,0.16289789631484455
1089,-576460555161,1.2907510353581357,1.7959309236559824,0.16073215073553612,0.16422128233088457
1090,-576460555144,1.2935751011978005,1.7987735221918273,0.16677171562939613,0.16543180080084458
1091,-576460555124,1.2965901207624626,1.8017206606177183,0.17298708138007612,0.16667755528332456
1092,-576460555108,1.299759961310493,1.8047267192516718,0.17937402889455611,0.16747747294628457
1093,-576460555096,1.3192424755489955,1.7864665608575938,0.18672497774437757,0.15930802263922722
1094,-576460555091,1.3226679855967527,1.789347071652625,0.19312754473921756,0.1601098965259072
1095,-576460555072,1.325998267319826,1.7920719861399887,0.19915488921722757,0.1608647765836772
1096,-576460555056,1.3296378913617164,1.7949726529366627,0.20554006179075757,0.1616644719484872
1097,-576460555039,1.3331716454829317,1.797725633227428,0.21017126356836757,0.1621965116130972
1098,-576460555020,1.339450086431869,1.8024882763709356,0.2159925615752962,0.16357440564554993
1099,-576460555002,1.3433860587433484,1.8054406398832004,0.2209008018922762,0.16413827192852992
1100,-576460554984,1.3473987260269593,1.8083945986692753,0.2257948770135362,0.16470051089178991
1101,-576460554967,1.3515194394317935,1.8113506918955038,0.2322148378730162,0.16386381346392992
1102,-576460554949,1.3749278184720635,1.7950998539426533,0.24555975028034957,0.15454330001308075
1103,-576460554931,1.3794024171572241,1.797872102368973,0.25197721365588954,0.15370692807605074
1104,-576460554914,1.3837393913000282,1.8004794714995742,0.25804502927982953,0.15291612485522074
1105,-576460554892,1.3884069538843182,1.803232316813715,0.2608036350476695,0.15309158014042074
1106,-576460554879,1.3901596852329805,1.8039057514151486,0.26242840120235134,0.1523743455900343
1107,-576460554861,1.394795808916822,1.806585389163394,0.2651232241778713,0.1525457441056343
1108,-576460554843,1.3995928654432637,1.8093327923569955,0.2678830565378713,0.1527212774056343
1109,-576460554826,1.4044702680759766,1.812088196077676,0.2719512138232713,0.1522486972131343
1110,-576460554808,1.4091074938085102,1.8146624739244934,0.2757633946375313,0.1518058526973843
1111,-576460554794,1.4232672013518481,1.8002257900591063,0.28103517260521926,0.14532935919716108
1112,-576460554790,1.42836800783682,1.8028403789461185,0.28509207322961927,0.14485808664216107
1113,-576460554773,1.4335407630769492,1.8054458979542243,0.2891480733211393,0.14438691869816106
1114,-576460554755,1.4384330602943436,1.8079021054011004,0.28763773396421927,0.14519188899768107
1115,-576460554738,1.4436553236869596,1.8105534791178295,0.2860167277940093,0.14605584173544106
1116,-576460554719,1.4426903102924535,1.8090772359660017,0.282166912113039,0.14507523573979986
1117,-576460554701,1.4477973275908531,1.8116784085028481,0.290336568454149,0.14651969020003985
1118,-576460554684,1.452813826414703,1.8141881893416234,0.298143556344939,0.14790002224939985
1119,-576460554667,1.4582475458545645,1.8168600704921627,0.306375489086609,0.14935548762867987
1120,-576460554649,1.4794420919485458,1.802887780869571,0.3203830184988007,0.1433260884766406
1121,-576460554631,1.4852332105272412,1.8054719413642124,0.3230031140081807,0.1437709557008406
1122,-576460554612,1.4910780085585957,1.808066994680025,0.3256261204113607,0.14421631716704061
1123,-576460554595,1.4969533378951616,1.8106626965867092,0.3282417040353507,0.14466041831614063
1124,-576460554576,1.491066007114276,1.8057167781674448,0.3265036717225073,0.1417205839814831
1125,-576460554558,1.4970107319331694,1.8082886848135653,0.32852633421582733,0.1416694932727231
1126,-576460554540,1.5029386226237662,1.8108367218940804,0.33053094418730733,0.1416188585550831
1127,-576460554523,1.508867326100443,1.8133688418591198,0.33252374201486734,0.1415685222020031
1128,-576460554504,1.514861104667654,1.8159125152486133,0.33452634615058735,0.1415179381500431
1129,-576460554492,1.5270464408834907,1.8023924823522028,0.3389978626618283,0.13544398920637563
1130,-576460554484,1.5331516710627366,1.804847588875175,0.3392480051652983,0.13730016709780563
1131,-576460554468,1.5393058789340388,1.8073543425346021,0.3394999678469583,0.13916985158834563
1132,-576460554451,1.5453729233818216,1.8098569241359734,0.3397481790163183,0.14101169805018562
1133,-576460554432,1.5514981214770143,1.8124108019095013,0.3399985855150983,0.14240609947814561
1134,-576460554420,1.5352274119781597,1.8025134849023547,0.334015629995867,0.13794987120865085
1135,-576460554414,1.5412384346084866,1.8050068874060468,0.334469982807387,0.13934133249377084
1136,-576460554396,1.5472636569619098,1.8075278471523128,0.33492479037594697,0.14073418647813085
1137,-576460554363,1.5534295436732999,1.8101300272729852,0.335389577335107,0.14215760247359085
1138,-576460554359,1.559676481254133,1.8127718232250456,0.336504757790807,0.14198286023794085
1139,-576460554342,1.5657638751192127,1.815334642970377,0.337587913166467,0.14181313614447086
1140,-576460554329,1.5754526708913161,1.8040957517020069,0.3411131560203972,0.136762872792104
1141,-576460554324,1.5815836026681904,1.8065484483856051,0.3421893546370972,0.136594238781954
1142,-576460554305,1.587744488090209,1.8090023481211237,0.34326741238765723,0.13642531345643402
1143,-576460554287,1.5935751667264018,1.8113170410545827,0.3433814289469672,0.136164091649724
1144,-576460554270,1.5997633030877925,1.8137679488899316,0.34350239405122723,0.13588695012506402
1145,-576460554252,1.5842938997457523,1.8036146084787803,0.33568499774929567,0.12990271862059846
1146,-576460554235,1.5903309369937932,1.8059479027380094,0.3358057144514657,0.12962614620662846
1147,-576460554217,1.5960396044767449,1.8081529094945037,0.3363162003011857,0.12998493950530846
1148,-576460554200,1.6021028804376285,1.8104978852251556,0.3368575491030257,0.13036542472826845
1149,-576460554179,1.61637648214662,1.8030095103065191,0.340357962730361,0.12632820999925862
1150,-576460554164,1.622508816525294,1.8052872199174794,0.340898980965041,0.1267084628841786
1151,-576460554145,1.628649866535385,1.8075818637364347,0.341439909045041,0.1282519614441786
1152,-576460554130,1.6341205128096778,1.8096462969780511,0.341921064572201,0.1296249034132986
1153,-576460554112,1.620683633636195,1.8010616076993544,0.33529396388305804,0.1261915571602193
1154,-576460554094,1.6267237933388101,1.8033469472152783,0.33583489196305805,0.1277350557202193
1155,-576460554074,1.632772930903918,1.80566161910276,0.33651562099771803,0.1295364667296593
1156,-576460554057,1.6391698466023215,1.8081394363248684,0.337233991767928,0.1314374889402993
1157,-576460554038,1.6531845275656567,1.8007632693198683,0.34075412004328276,0.12886195013353183
1158,-576460554021,1.6589827321529882,1.8029558942673154,0.34142772445716274,0.12910910080440183
1159,-576460554005,1.664786229524251,1.8051503921188452,0.34210061560088273,0.12935598977093182
1160,-576460553987,1.6709504600365068,1.807481155273782,0.34281388576088273,0.12961769411093182
1161,-576460553969,1.677145392877325,1.809823382855215,0.3435292164791227,0.12988015448569182
1162,-576460553939,1.6543618451053566,1.7976345791123038,0.335209023059685,0.12429460583941246
1163,-576460553937,1.6603892381528988,1.799866809979112,0.33498534482183495,0.12391030513052245
1164,-576460553934,1.6660775052415098,1.801968468194532,0.33477411456953493,0.12354739125710246
1165,-576460553916,1.6720937300850547,1.8041860272806742,0.3345505606871849,0.12316330420291245
1166,-576460553898,1.6777819673926144,1.8062776985417548,0.3343390568527849,0.12279992028915246
1167,-576460553880,1.6932298801088035,1.7965337367860486,0.3379184846398076,0.11840076415663386
1168,-576460553862,1.69932809312048,1.7986783816843044,0.33815834592300764,0.11936474562783386
1169,-576460553844,1.7054025462243056,1.8008304297080109,0.33839710363156766,0.12032429192929386
1170,-576460553827,1.7114961866910736,1.8030050448452608,0.33863644636764767,0.12128618940507387
1171,-576460553808,1.6895371540560968,1.7908108590870662,0.329500388697008,0.11496047619887452
1172,-576460553790,1.6954754256017321,1.7928820655020674,0.330600939185968,0.11527589718943453
1173,-576460553775,1.700770880768601,1.7947280305100775,0.331579274252688,0.11555629088235453
1174,-576460553757,1.7067585321364822,1.7968141282158514,0.332682026821328,0.11587234299539453
1175,-576460553738,1.7127515421549573,1.7989193737334128,0.33298608586056805,0.11796587954837454
1176,-576460553725,1.7181173054756913,1.7920137072909805,0.3348709521219178,0.11487521970961467
1177,-576460553720,1.7244845775456707,1.794217908412369,0.3351918808146178,0.11708490882376467
1178,-576460553701,1.7305086891805692,1.7963399819980794,0.3354952306191778,0.11917356208588467
1179,-576460553685,1.7362201874842742,1.798387678093458,0.3365248074682378,0.12176020604902467
1180,-576460553663,1.7422928482838103,1.8006060059067233,0.3376160450557578,0.12450176256390467
1181,-576460553647,1.7169620643759924,1.7872541623831686,0.32719646112012535,0.12006546253041601
1182,-576460553630,1.7228781557942752,1.7894462560360755,0.32828981867409535,0.12281234511534601
1183,-576460553613,1.7284438656111103,1.791512509103096,0.3285861186367953,0.12105087535204602
1184,-576460553595,1.734355985897147,1.7936726787084845,0.3289005679775953,0.11918150958884602
1185,-576460553577,1.7438345183156585,1.7911397522799897,0.33045079651227227,0.11522603239648098
1186,-576460553559,1.7498727879228566,1.7932269037016375,0.33077014163907226,0.11332756173928098
1187,-576460553541,1.75575437208696,1.7952387410722885,0.3312722001105123,0.11312869339928097
1188,-576460553522,1.7613758171946645,1.7971554551813802,0.3317513426983223,0.11293890217678097
1189,-576460553505,1.7330008234661465,1.7826464904930106,0.31974278727997507,0.10497825704382166
1190,-576460553489,1.738418438559858,1.784422273148928,0.3202211952032051,0.10478875682632166
1191,-576460553470,1.7442050349490896,1.7863490936525408,0.3219490843697251,0.10904106268458166
1192,-576460553453,1.750021800326391,1.7883522093332873,0.3236766859062651,0.11329266069035167
1193,-576460553433,1.7616851582354653,1.7833065590619377,0.32739453464483553,0.11454237774933
1194,-576460553416,1.767585234782221,1.7854034574488271,0.32911782173167553,0.11878335796775
1195,-576460553398,1.773523843654074,1.7875644411118203,0.3306176525618255,0.12128592637298
1196,-576460553380,1.779159038323903,1.789647377772409,0.3320345898922255,0.12365018141025999
1197,-576460553360,1.784811996699868,1.7917681314334701,0.3334499443316755,0.12601179528775
1198,-576460553348,1.7563063813203679,1.7784485966000696,0.3230666803622637,0.11971479634877213
1199,-576460553346,1.7621483850817226,1.7806309933084608,0.3245696769743137,0.12222264707358213
1200,-576460553328,1.7679753757515737,1.7827812363109374,0.3231616113595137,0.11679947414438213
1201,-576460553309,1.7738417033866738,1.7848562861337545,0.3217378153540637,0.11131571552383213
1202,-576460553291,1.7863069714072184,1.7779319061216012,0.32260120836747996,0.10190884236116267
1203,-576460553273,1.791995049564815,1.7796818332054845,0.31990168981353995,0.09575602648364268
1204,-576460553256,1.7977352411667473,1.781351026302491,0.31715414526024993,0.08949374844632267
1205,-576460553238,1.8034183734659583,1.7829053692316175,0.3144102598307199,0.08323981038308267
1206,-576460553220,1.809052747391538,1.7843473140084696,0.3116660694742099,0.07698517732200268
1207,-576460553202,1.781629751437914,1.7707991583456568,0.3003407944472584,0.06999850310485796
1208,-576460553183,1.7870444125488278,1.7720609113662351,0.3010543419900984,0.07014177796119796
1209,-576460553165,1.7924695083684972,1.7733246820569837,0.3017675725239784,0.07028498916457795
1210,-576460553148,1.7979077441053688,1.774591100834386,0.3024808426839784,0.07042820832457795
1211,-576460553129,1.806257736499971,1.7719001227817508,0.30639227548303166,0.05912758867864627
1212,-576460553112,1.811780318540253,1.7728755313011653,0.30931451310965163,0.049619668070816275
1213,-576460553094,1.817370622397665,1.7736823420721397,0.3122447327666916,0.040085776778456275
1214,-576460553076,1.8230215144709838,1.774318420838055,0.31517902488823163,0.030538635136846272
1215,-576460553058,1.7960316255215663,1.7605184662291988,0.3033074673675753,0.022656511175230355
1216,-576460553039,1.8015688243016408,1.7609230169006367,0.3033426317915253,0.021665665920130354
1217,-576460553022,1.80694951556827,1.7612987628527905,0.30337679839725534,0.020702936679390355
1218,-576460553003,1.81244653609133,1.7616722886869969,0.30665766204665534,0.020749269979850354
1219,-576460552985,1.8179936961983856,1.7620460464685301,0.3099332463127553,0.020795528723340354
1220,-576460552973,1.81998165846116,1.759344052679629,0.310601372667025,0.01959702846461183
1221,-576460552967,1.8256214356968006,1.7596984335725159,0.31388951822442496,0.019643464602271832
1222,-576460552949,1.831279054705604,1.7600510738399842,0.31715381553312494,0.019689563948101833
1223,-576460552931,1.8373261026259675,1.7603072997445302,0.3196792022504049,0.007294365760281833
1224,-576460552913,1.8431076680475158,1.760332782590905,0.32207520129584494,-0.004465766984078167
1225,-576460552901,1.812645646454708,1.747357585106478,0.3109597824094875,-0.010773755489502592
1226,-576460552895,1.8182622715165817,1.7470580796874149,0.3133524570029275,-0.02251757103336259
1227,-576460552879,1.8232847295850518,1.7466151112387758,0.31547664885284754,-0.032943609464842594
1228,-576460552861,1.8289862853145453,1.7458865957973644,0.31715089394809753,-0.0478902813990926
1229,-576460552843,1.8350206261948192,1.744828660927908,0.31891328653823753,-0.0636238821358726
1230,-576460552830,1.8339103155291563,1.7463475450367345,0.3185429318279797,-0.06295131545050463
1231,-576460552824,1.839666820792146,1.7450782185925044,0.3202170840386197,-0.07789715816578463
1232,-576460552807,1.8448588045752934,1.7437096662102918,0.3217195854899797,-0.09131060422450463
1233,-576460552789,1.850609714871275,1.7419856712590531,0.3234714501280797,-0.10210331300651462
1234,-576460552772,1.8564461693220562,1.7400504126105285,0.3252397259062797,-0.11299712586473462
1235,-576460552736,1.8302895225303786,1.7244867560597767,0.3152896069964168,-0.1310540691974552
1236,-576460552732,1.8359733629260415,1.722032970530865,0.3170562121795168,-0.1419375900239652
1237,-576460552718,1.841355497226407,1.7195316128963478,0.3170685949327668,-0.15277317692946518
1238,-576460552700,1.847119924831725,1.7166487091809028,0.31708185669736677,-0.1643779468818652
1239,-576460552681,1.8466243272286496,1.722102697926707,0.3150580754099798,-0.17202061316072081
1240,-576460552663,1.8523349661527313,1.7189982515189146,0.3190698379853598,-0.1727072095911708
1241,-576460552643,1.8581120454998319,1.7158845599051462,0.3230775912482998,-0.1733931198445208
1242,-576460552628,1.863961890522527,1.7127581785500532,0.32708578999039983,-0.1740791063397708
1243,-576460552610,1.8419836075073295,1.698530341286816,0.32089487215186235,-0.18026433549185894
1244,-576460552592,1.8477859125610538,1.6952712037981434,0.32369825718484235,-0.18180170779787894
1245,-576460552573,1.8536367279484764,1.691985489028789,0.32650070791186236,-0.18333856773185894
1246,-576460552556,1.8595435772178315,1.6886689724965929,0.32930580583910235,-0.18487687938661895
1247,-576460552538,1.8654830237594806,1.6853348111140578,0.33210249501270234,-0.18641057969301894
1248,-576460552525,1.8549101049052603,1.6999493827920227,0.3286260482413511,-0.17996838960010178
1249,-576460552519,1.8611880959050482,1.6965127046372446,0.33148551264272114,-0.18138781194326178
1250,-576460552501,1.8671735076781824,1.6932387413576975,0.33418893245923115,-0.18272977461594178
1251,-576460552483,1.8728771159891069,1.6901211840300934,0.33674487661317115,-0.18399853118386178
1252,-576460552466,1.8786231625607508,1.686982611104849,0.33930036977120115,-0.18526706387990177
1253,-576460552455,1.856286700837106,1.6783486697379821,0.33112332685554446,-0.18958878778737648
1254,-576460552449,1.8622633110548268,1.6749588023415163,0.33235471685234447,-0.18672864077233647
1255,-576460552431,1.8679352244315917,1.6718007307121578,0.33351912404514444,-0.18402407457849648
1256,-576460552415,1.873320767830291,1.6688547078798706,0.33462099117094446,-0.18146477006975648
1257,-576460552398,1.879307999828536,1.6656390670395442,0.33584171859894446,-0.17862938898135647
1258,-576460552379,1.8680824378322394,1.6867948148703957,0.32807589275984017,-0.16164535868683153
1259,-576460552362,1.8739642964302912,1.6839438611096982,0.3259362936027302,-0.15535622698032153
1260,-576460552343,1.8798196504545754,1.681200514717815,0.3237922932020102,-0.14905415827080154
1261,-576460552326,1.8856296063752593,1.6785371952075447,0.3216507908044202,-0.14682091924632154
1262,-576460552308,1.8914382072830433,1.6759155265824368,0.32400039663334024,-0.14458892070344154
1263,-576460552296,1.870395084575881,1.6679161483190235,0.3162826569828914,-0.14862594519697434
1264,-576460552289,1.8761055034921323,1.6652627338332693,0.31863160988961137,-0.14639456689489433
1265,-576460552272,1.8818645950106425,1.6626465741414505,0.32098317448513136,-0.14416070762961433
1266,-576460552255,1.8876630909261627,1.660066730413653,0.32336574378579136,-0.14252044892083432
1267,-576460552232,1.8935060970671762,1.657515703662284,0.3257489749848014,-0.14087973453400432
1268,-576460552223,1.8733065085751055,1.6861870575759437,0.31919746213311384,-0.12829883335852102
1269,-576460552218,1.8790731868198116,1.6838925692027482,0.32158016381344384,-0.12665848351413103
1270,-576460552200,1.8848833992380576,1.681627355450317,0.32396313025311385,-0.12501795139852104
1271,-576460552182,1.8907332678196973,1.679307063798214,0.3256252970013139,-0.13263477772290103
1272,-576460552163,1.8969476096703206,1.676706027492446,0.32738178024591386,-0.14068380639604103
1273,-576460552151,1.88052978048066,1.6704847005061711,0.32134846512953347,-0.1438416094266764
1274,-576460552145,1.8863102688148468,1.6678358255746797,0.3230042641299335,-0.1514292557490364
1275,-576460552129,1.8915141615096118,1.6653471188297146,0.3244876725087335,-0.1582269275239564
1276,-576460552106,1.8973279879256373,1.6624178209387415,0.3235451443028735,-0.1682845689897964
1277,-576460552093,1.9031478072114085,1.6592953950771814,0.3225988865365935,-0.1783820082901164
1278,-576460552074,1.8859766979976476,1.6893062149089122,0.31426094799852616,-0.17387985118205154
1279,-576460552057,1.8916167391415597,1.6860903542771337,0.3133167913930462,-0.18395486916717155
1280,-576460552039,1.8972807026959306,1.6827344524365322,0.3145822778792762,-0.18807571013570154
1281,-576460552021,1.902950757059007,1.6793143926004164,0.3158440466789162,-0.19218444509174154
1282,-576460552003,1.8895197085117967,1.668624463233161,0.31006271003034225,-0.19997179002417056
1283,-576460551985,1.8951203803320666,1.6650183286755489,0.3127878037897022,-0.20106630579569057
1284,-576460551967,1.9007710067778794,1.6613919038635632,0.31551335213543225,-0.20216100414880056
1285,-576460551948,1.906480204896989,1.6577396910138378,0.31824344634486224,-0.20325752831781055
1286,-576460551931,1.9122296039237339,1.6540734439777716,0.32096929774817223,-0.20435234839198055
1287,-576460551917,1.8871689203075186,1.6904094419095317,0.31293251278728623,-0.188487605107855
1288,-576460551912,1.8931060750409046,1.6868046677500137,0.3116038290194562,-0.190702860312435
1289,-576460551894,1.8986983470408139,1.6833564187981331,0.3103471246489262,-0.19279810747721499
1290,-576460551876,1.9042754378759883,1.6798658135424211,0.3090887430885562,-0.19489615094583498
1291,-576460551857,1.9098951275006404,1.6762956634304813,0.30781554635126623,-0.19701889509837497
1292,-576460551839,1.9042199637094042,1.6685358201648786,0.30659367687106187,-0.20570762794420738
1293,-576460551822,1.9097415159687947,1.6647898201747657,0.30951347101898186,-0.21227942741316738
1294,-576460551804,1.9153466467595022,1.6609041402950429,0.31244955502490185,-0.21888789168612738
1295,-576460551786,1.9209917668540484,1.6569085944976907,0.3153789601890418,-0.22548132338944737
1296,-576460551767,1.9014349727119741,1.690166633059444,0.30660876670338116,-0.20779563722197156
1297,-576460551750,1.9069400185599867,1.68644418631172,0.3058796454030612,-0.20636176684165156
1298,-576460551732,1.9124411122209755,1.6827413670169538,0.30514930727814116,-0.20492550348673155
1299,-576460551714,1.9179369702931754,1.6790591183868733,0.30441791457190115,-0.20348716622049154
1300,-576460551697,1.9231013005706816,1.6756540799937087,0.30451148968540115,-0.19800303460071153
1301,-576460551685,1.9216420763598134,1.6751127576895861,0.3039725890128055,-0.1982819614595938
1302,-576460551677,1.9271229906906409,1.6715906711955333,0.3040720449818055,-0.19245317211627377
1303,-576460551660,1.9328977051967084,1.667994655693552,0.3041767970308055,-0.18631399683055377
1304,-576460551642,1.9383388384295785,1.664780407465763,0.3008641495798855,-0.17110268589923378
1305,-576460551625,1.9434269150751466,1.661993869880066,0.2977331028398855,-0.15672526535923378
1306,-576460551606,1.9191148425041271,1.7048846257545252,0.284765868050853,-0.12076756285162109
1307,-576460551589,1.9239238972688524,1.7029558068259958,0.281638320716033,-0.10640621119340109
1308,-576460551571,1.9290119640732497,1.7011302217009825,0.282730466860603,-0.09608784071865109
1309,-576460551552,1.934389382179559,1.699409464348352,0.283880154951673,-0.0852258258564011
1310,-576460551533,1.9390021984527497,1.697596391280758,0.28473750624853256,-0.07449911895969996
1311,-576460551515,1.943841486676841,1.6964148647576753,0.2857650842720826,-0.06479077471344996
1312,-576460551499,1.9486875459337958,1.6953878176991952,0.28368958752048257,-0.05589630618904996
1313,-576460551481,1.9537711070393908,1.6944668550597515,0.2814959264708626,-0.04649544871046996
1314,-576460551462,1.9284405783607976,1.7407640544305256,0.26974420631322693,-0.016670117276046323
1315,-576460551445,1.9330664229996553,1.7405545069723685,0.26764480842394694,-0.007673221264526324
1316,-576460551428,1.9379095206597323,1.7404184805410212,0.27750350990978695,-0.0076381735291663234
1317,-576460551411,1.942768674209962,1.7402872892722248,0.28705482054560694,-0.007604218569886323
1318,-576460551394,1.949456913910909,1.7408388631399034,0.29703716963594917,-0.0072200251517690476
1319,-576460551376,1.9548891715294205,1.740709322818882,0.30701682997612917,-0.007184547407049047
1320,-576460551359,1.9600899956972757,1.7405886696189699,0.30434136537534917,-0.006998266735669047
1321,-576460551342,1.9655649770217516,1.7404639712441352,0.3014992149583692,-0.006800380474089047
1322,-576460551322,1.970950957281202,1.7403436814667739,0.29867687813840915,-0.006603873744929047
1323,-576460551310,1.940718252800272,1.787908223397343,0.2892223315884812,0.013999759273280519
1324,-576460551305,1.945922641433392,1.7881240952320194,0.2893323494320412,0.009997999014350518
1325,-576460551287,1.9511240888781756,1.7882678694296772,0.2894422633178812,0.006000020086330517
1326,-576460551269,1.956053887838181,1.7883377927068635,0.2895463983775212,0.0022122386706605176
1327,-576460551254,1.9609761913001782,1.7883432641578056,0.28965033775204124,-0.0015684249456494829
1328,-576460551236,1.9712981984197746,1.7902828962515038,0.2928708399216647,-6.211719161411861e-4
1329,-576460551219,1.976326776666554,1.7902716649340917,0.2941341500718347,-6.899023162811854e-4
1330,-576460551201,1.9815920680964927,1.79025870271108,0.2954511396587247,-7.615531466611847e-4
1331,-576460551183,1.9866342934214667,1.7902451517399713,0.2967068550534247,-8.29870354061184e-4
1332,-576460551165,1.9660343283104886,1.8321667374825226,0.28608032222250634,0.020342606972084676
1333,-576460551147,1.9711655349576689,1.832560691818699,0.28348418517900636,0.023386368072464678
1334,-576460551129,1.9762808612211753,1.8330123969786107,0.2808721987030064,0.02644871135294468
1335,-576460551112,1.98104516975104,1.833487520273342,0.2784174097802564,0.02932675319261468
1336,-576460551093,1.9874610620197266,1.8346211333377294,0.2820013739196439,0.0366611062471641
1337,-576460551077,1.9922781253292554,1.8353012078614663,0.2849120437017239,0.0433759096098241
1338,-576460551060,1.9971440769159765,1.8360952935729125,0.2878223709311639,0.0500899227167041
1339,-576460551041,2.0023613535939924,1.8370626391445428,0.29091048298076394,0.057214078573404104
1340,-576460551024,2.0076650888516063,1.8380304756506856,0.29426469852901393,0.049569890769884106
1341,-576460551002,1.9873260267411863,1.8813122846662733,0.28970512847131447,0.060328164109100524
1342,-576460550988,1.9925299652984345,1.8823225413442597,0.2930101234460645,0.05279614897374053
1343,-576460550969,1.997834420300895,1.8832046015459734,0.29634102398581447,0.04520509559198053
1344,-576460550952,2.00317769255184,1.883988851491929,0.2973558927858145,0.04193378729198053
1345,-576460550933,2.0032914278975316,1.882612735877428,0.2963644872941372,0.03736140788428233
1346,-576460550915,2.0086306618040273,1.8832552880727056,0.29737851037013724,0.034092825674532326
1347,-576460550897,2.0139769193643207,1.883825521079737,0.29592495875575725,0.029189052810812327
1348,-576460550879,2.019286085520148,1.8843064795506086,0.2944743913501072,0.024295347619712325
1349,-576460550860,1.9964924633664916,1.931107738562395,0.2844360121808928,0.039422630672841644
1350,-576460550843,2.0018168366195517,1.9317997349849714,0.2829222118118828,0.03431559966190165
1351,-576460550825,2.0067639372139237,1.93238209389304,0.2867905300977428,0.03274939810036165
1352,-576460550807,2.011912527051133,1.9329516495909207,0.2907617540695628,0.03114153216838165
1353,-576460550789,2.0130198637039545,1.9318849404108596,0.2932253984047996,0.02867194174079252
1354,-576460550772,2.0180359903112346,1.9323592506149456,0.2970113030460596,0.02713910774865252
1355,-576460550754,2.023290587002563,1.9328801222510084,0.2860553515620596,0.030658455063452522
1356,-576460550736,2.02837632067468,1.9334679821504808,0.2750361833140596,0.034198109309052524
1357,-576460550718,2.0054345488430947,1.9797311087044336,0.2556176867517365,0.05737127597426213
1358,-576460550696,2.0099012209504816,1.9807864754987958,0.24476567821623652,0.06085723400861213
1359,-576460550682,2.014307305009356,1.981871807257626,0.24490803359467653,0.05976198791073213
1360,-576460550664,2.018718156349442,1.9829379569658903,0.24505046016662652,0.05866619406808213
1361,-576460550646,2.0232105245995764,1.9840029114197586,0.24519543388415652,0.05755080313477213
1362,-576460550634,2.018833707514782,1.9823011895889784,0.24356788623097816,0.05665564251097119
1363,-576460550627,2.023140005529081,1.9832930714844035,0.24370770237422817,0.05557993264322119
1364,-576460550610,2.027539834813544,1.9842868115592571,0.24532522909886817,0.05487244868984119
1365,-576460550592,2.032037423433638,1.985282877508733,0.24696774595518817,0.054154034396401186
1366,-576460550574,2.036430042001389,1.9862367952541207,0.24856145115142816,0.05345696965207119
1367,-576460550562,2.0114842846582186,2.0265210841237358,0.24099421659671078,0.07079484493319843
1368,-576460550555,2.0159709379798074,2.0278126023503393,0.23113598666425078,0.06511152427693843
1369,-576460550538,2.019816405843915,2.0288738873976015,0.2223389973106508,0.06004001431533843
1370,-576460550520,2.023522285633769,2.029851632915846,0.2135186668886008,0.05495504810678843
1371,-576460550503,2.0272909856255867,2.030794661313646,0.2041583797497408,0.04955879405212843
1372,-576460550483,2.0269820864907757,2.03008943643645,0.21288065673221507,0.048306259961666945
1373,-576460550467,2.030903087054075,2.0309547192214903,0.22307671076825508,0.04790040948914694
1374,-576460550449,2.034994898334506,2.0318101368291486,0.2332421562364751,0.047495777380286944
1375,-576460550431,2.0392843525177367,2.032661264461944,0.2434433117004851,0.04708972384715694
1376,-576460550412,2.016420750086168,2.0775661704694657,0.23985304878582303,0.056066386921513105
1377,-576460550390,2.0207716639497644,2.0784889233347417,0.24430806662022303,0.0466157323992131
1378,-576460550376,2.0252086182343128,2.0792427113967196,0.24876903340182302,0.0371524580745131
1379,-576460550359,2.0294770512062295,2.0797987163935447,0.25298634122102304,0.028206069823113102
1380,-576460550341,2.028894348232412,2.078249497975569,0.24801072180012046,0.017757089427729418
1381,-576460550323,2.033414278108767,2.078485756504978,0.24478581945100045,0.00800158146292942
1382,-576460550305,2.0377856608034914,2.078543672546747,0.24162596364948044,-0.0015571570978705797
1383,-576460550286,2.041866944320912,2.078440396834083,0.23863804169540043,-0.01059578626107058
1384,-576460550270,2.046175246702589,2.078344220261864,0.24006222293540042,-9.049954107057806e-5
1385,-576460550252,2.0234817051174434,2.1212552285557535,0.2333952570905872,0.02880155920905369
1386,-576460550235,2.0274587448388433,2.1218288406842545,0.2347396050599672,0.03871796624569369
1387,-576460550217,2.031657540110871,2.122667709470436,0.2309652831418872,0.05432426824649369
1388,-576460550198,2.0360035597863493,2.1238546741792277,0.2269925330306872,0.0707510435334937
1389,-576460550180,2.038742574716564,2.1247564746500345,0.22272413462090743,0.0860957944398782
1390,-576460550163,2.0424949135083006,2.126343451121558,0.21916938145238743,0.10079420986132821
1391,-576460550146,2.0462227547096195,2.128134768702276,0.22046045536805742,0.11045852682331822
1392,-576460550129,2.050203375825305,2.1302153400899155,0.22183077970805742,0.12071607180331823
1393,-576460550111,2.053988400370734,2.1323515538991615,0.2231259645967474,0.13041116140024822
1394,-576460550099,2.025839682636682,2.176081755846391,0.21473524403346717,0.1491618036187834
1395,-576460550093,2.0297245975816716,2.1788644068035827,0.21610815676388717,0.1594387239615234
1396,-576460550076,2.0333880413390415,2.1815876613645044,0.21501202650998716,0.1610384235432234
1397,-576460550060,2.0370255831849944,2.1843325731780365,0.21391808916156715,0.1626349227844834
1398,-576460550041,2.040870766393028,2.187279194397482,0.21275559126828716,0.1643314797283234
1399,-576460550022,2.0457354535202823,2.190748758093714,0.2118381724846103,0.1662972612979431
1400,-576460550005,2.049335748547961,2.19350793399455,0.2124497336704703,0.1588663590940131
1401,-576460549987,2.053179106800122,2.196306106507561,0.2131006457970503,0.15095731504772308
1402,-576460549970,2.057009427539754,2.1989448214126135,0.2137473777870703,0.1430990626257131
1403,-576460549952,2.033031147923241,2.2442597804387767,0.20616273283181283,0.15355628478350028
1404,-576460549934,2.0366069525248722,2.2468575561762973,0.20885637135005283,0.14794972003550028
1405,-576460549916,2.040341528998207,2.2494342579364397,0.21163301370146284,0.14217039032225026
1406,-576460549898,2.04417581755508,2.251940344378188,0.21444639032932283,0.13631460153775027
1407,-576460549879,2.047343250204822,2.2540117408043447,0.2169198087526814,0.13067268851140654
1408,-576460549863,2.05129802499803,2.256331028778102,0.2220119108042814,0.12673996118420652
1409,-576460549847,2.055105575608616,2.2584500119936255,0.2268064555051414,0.12303704306208653
1410,-576460549828,2.059243145803971,2.2606340876790525,0.2319042091683414,0.11909995088768653
1411,-576460549809,2.0382761611071296,2.3010649976776305,0.22584272476586617,0.13058714517642914
1412,-576460549792,2.042120778144482,2.3032449657583927,0.22710461705226617,0.12624227055898912
1413,-576460549773,2.046219332688797,2.305475134177201,0.22844218124886617,0.12163684679212912
1414,-576460549756,2.050345172286987,2.307624071015588,0.22978078612006617,0.11702783983460911
1415,-576460549739,2.054510389706057,2.309662465050192,0.23278986400711615,0.1093471987132491
1416,-576460549726,2.052550552124426,2.3088865622959833,0.2320695587056936,0.1089259593933202
1417,-576460549720,2.056760984409957,2.310780770674503,0.23508147707939359,0.10123806795828019
1418,-576460549705,2.060537255916071,2.312343439824691,0.23775036491824358,0.0944257585223602
1419,-576460549685,2.064847923560607,2.313975486924235,0.24076077950489358,0.0867417054886802
1420,-576460549668,2.0692286589680355,2.3154168112880846,0.24127436655897358,0.07185472539268019
1421,-576460549650,2.0459707271744167,2.3577648794214383,0.2337291511697725,0.0747333217513607
1422,-576460549632,2.0501484652420365,2.3589686865291477,0.2342336679419225,0.0601092554213607
1423,-576460549614,2.0543671361110585,2.359917559343714,0.2347420275749525,0.0453737988353607
1424,-576460549596,2.058571322899675,2.3606496387119305,0.2324936679814725,0.035986433240280696
1425,-576460549577,2.0617588088912444,2.3607639291406635,0.2296769814241833,0.02581271499834251
1426,-576460549559,2.0658697982466756,2.3611438393948783,0.2274297462603733,0.016430044129332508
1427,-576460549541,2.0699525262566567,2.361355363345783,0.2251757645185433,0.007019204903902506
1428,-576460549523,2.0739950090050057,2.361430049476425,0.2243386075874233,0.0012857134372625065
1429,-576460549505,2.047208783054043,2.4064092812830626,0.2145609115989482,0.01477278551368285
1430,-576460549487,2.051094542262752,2.4066248655212767,0.2137163074806282,0.00898829000864285
1431,-576460549467,2.054950371780424,2.4067062219224566,0.2143762336176082,4.4284786502849297e-5
1432,-576460549450,2.0587836838908826,2.4066278786135964,0.21503029830338818,-0.00882027995403715
1433,-576460549433,2.0665034433424574,2.4078867696293917,0.217089725184661,-0.016936304828955622
1434,-576460549415,2.0704122026429412,2.407502051748595,0.217748332495121,-0.025862435942735622
1435,-576460549397,2.074300457981228,2.40707070242227,0.214304041335261,-0.02206792978034562
1436,-576460549379,2.0781568705106417,2.4067050394682896,0.21083238567538098,-0.018243276699725624
1437,-576460549360,2.0819890733737503,2.4064060707739214,0.20732494566932097,-0.014379200726035626
1438,-576460549348,2.0495342674709986,2.452834424058241,0.19796128260340878,0.00543217052362743
1439,-576460549342,2.0532197900416804,2.4529736918208043,0.19436600829308878,0.00939301178030743
1440,-576460549325,2.0564671017642815,2.453200056619781,0.1941381159637988,0.017688976492367427
1441,-576460549307,2.059959573300416,2.4535988788056935,0.1938927196714288,0.026622137991547425
1442,-576460549289,2.0634474338105617,2.4541584712767013,0.1936473370114288,0.03555480323154742
1443,-576460549278,2.066788568318924,2.455452653138034,0.19485941644399898,0.036273304968573325
1444,-576460549271,2.0703014193079268,2.4561877300248716,0.19461350212156897,0.045225324316593325
1445,-576460549254,2.073626061587551,2.457010003109744,0.19282878661220898,0.050599531163233326
1446,-576460549235,2.0770425124649545,2.4579604518313958,0.19097741205136898,0.05617446441639332
1447,-576460549219,2.0802765613006433,2.458961466782717,0.18920819139172898,0.06150201255075332
1448,-576460549201,2.048509024751414,2.509542274109797,0.17727307901058098,0.08821579365662913
1449,-576460549171,2.051681782354839,2.51117684634878,0.17490336714606097,0.09322190630816912
1450,-576460549166,2.054656163630576,2.512813130078093,0.17265228554582096,0.09797740770364913
1451,-576460549148,2.057743109523952,2.5146220423574266,0.17028454646840097,0.10297935276223913
1452,-576460549131,2.067684049251567,2.5190935888642842,0.17578034441774193,0.10098539396613151
1453,-576460549113,2.0708752393332714,2.520878785869577,0.17852076379854193,0.09721567245919152
1454,-576460549096,2.0741112638476618,2.522593738897475,0.18125737999934194,0.09345118260750152
1455,-576460549076,2.0773987252897954,2.524242048742676,0.18399582172654194,0.08968418156129151
1456,-576460549057,2.080747224477927,2.525846852816957,0.18547335935386194,0.08738787783191151
1457,-576460549041,2.0519930139846565,2.5717523635055723,0.1778210880063616,0.10400043262711094
1458,-576460549023,2.0551836921722915,2.5735906235384394,0.1792777578397616,0.10173656041901094
1459,-576460549006,2.0584179326728202,2.5753980764297117,0.1807423346107016,0.09946039970480094
1460,-576460548987,2.0616696545615847,2.5771471897493137,0.1805400262319716,0.09487472829943094
1461,-576460548974,2.0716283506576993,2.5810534340384947,0.18411943354889676,0.09706331383189977
1462,-576460548969,2.0751245913043634,2.582851655462016,0.18390589767889676,0.09222315180189977
1463,-576460548950,2.0784496100668552,2.5844782898089544,0.18370258905319675,0.08761480805859977
1464,-576460548932,2.081553496438149,2.585923017697454,0.18351259832254674,0.08330833757874977
1465,-576460548915,2.084689573173327,2.587232286936354,0.18587217613894674,0.07090476476514977
1466,-576460548896,2.0520873744760513,2.6371608284855723,0.17822395082214262,0.07849409534811354
1467,-576460548880,2.0553444855801257,2.6384649821139563,0.18074569750260264,0.06523805083407354
1468,-576460548862,2.0586226189825387,2.6395215540751797,0.18324868428876265,0.052080621298233536
1469,-576460548844,2.0618805454563165,2.640361117232719,0.18244067184296264,0.04215702125867354
1470,-576460548825,2.0736703216154235,2.644349334400245,0.18455536779007045,0.03341927517051836
1471,-576460548784,2.076799923575143,2.6448368162260305,0.18378476752677045,0.02395515262745836
1472,-576460548778,2.080127377523087,2.64527943804658,0.18572705345537044,0.025197742491858362
1473,-576460548772,2.0835116695149765,2.645747241973428,0.18789758685033045,0.026447645766898363
1474,-576460548752,2.0867283697513135,2.6462075674280774,0.18993764382295045,0.027622414096778364
1475,-576460548743,2.050907364098814,2.6935571380293393,0.17987530711273503,0.047754284940912314
1476,-576460548718,2.054350992867918,2.6944781005238103,0.18215463076617502,0.04906683516747232
1477,-576460548715,2.057264075358346,2.6952802097850124,0.18621695375937503,0.05236326867699232
1478,-576460548701,2.0606604526883334,2.696257355051288,0.19084408759362503,0.05611802649654232
1479,-576460548684,2.0641362784612856,2.697300944865681,0.19546608444887503,0.05986861583669233
1480,-576460548666,2.083492845970856,2.7046535614010527,0.20572076625672367,0.06717072060229083
1481,-576460548647,2.0869527287671397,2.705891947727506,0.20458255971817366,0.07968801956414083
1482,-576460548630,2.0906779683152155,2.7074711598644283,0.20334993569089366,0.09324366428630083
1483,-576460548613,2.094279425974976,2.709244538989928,0.20215112378788366,0.10642746395777083
1484,-576460548595,2.0572501462064037,2.764677794681035,0.18962520214257483,0.14249495270351245
1485,-576460548578,2.0605039140557238,2.7672662971502597,0.18995574154849484,0.15947687058447246
1486,-576460548560,2.0638956022942865,2.770268815706821,0.19029968067951483,0.17714721782423246
1487,-576460548543,2.0671470174489497,2.773437227821678,0.19062881263229484,0.19405682585887246
1488,-576460548525,2.0705690460755886,2.777076948573432,0.19097460266059482,0.21182226549927247
1489,-576460548507,2.0834509427765284,2.7849727129614483,0.19929968131823791,0.24909946912151434
1490,-576460548490,2.0868792649610337,2.7894896684345993,0.20403234038823792,0.2823070571315143
1491,-576460548471,2.0908075943913658,2.7952083249670623,0.20932373162020793,0.3194350939142243
1492,-576460548454,2.094404612988787,2.800918164982742,0.21405416355652793,0.3526270548239843
1493,-576460548441,2.0552408371936446,2.850980550665663,0.20320185964314325,0.37388231736477184
1494,-576460548435,2.059044889659501,2.8582600554837683,0.19676160012514324,0.39149512119109187
1495,-576460548417,2.062525839432969,2.8654443137440757,0.19067785376414323,0.4081329338267319
1496,-576460548399,2.0659138979027327,2.872965345123165,0.18456397476214323,0.4248531531252119
1497,-576460548382,2.0690474798418057,2.88032604965486,0.18524565987205324,0.4438203031437419
1498,-576460548364,2.078246424280314,2.8909331321341964,0.18802564096998634,0.4653647984518681
1499,-576460548343,2.081636080944842,2.8994876110068386,0.18874940093827633,0.4855026358439381
1500,-576460548328,2.0850391391688814,2.9084054412708613,0.18947324135562632,0.5056427116439881
1501,-576460548309,2.088579328161178,2.918084159005021,0.1833155747657463,0.5135451716983082
1502,-576460548291,2.0629270822643053,2.9637254464100806,0.169536754710941,0.536450868629968
1503,-576460548273,2.0659308057908166,2.973464196236131,0.163691948030461,0.5439518189726881
1504,-576460548256,2.0686603934962964,2.982749458928322,0.158193394596861,0.551008404163088
1505,-576460548238,2.0715117648555132,2.9926292278210878,0.15823889474026098,0.5454036358730681
1506,-576460548220,2.074362531658863,3.0024031293773277,0.158284372161361,0.5398016665462381
1507,-576460548202,2.0772115843697283,3.01206757542512,0.158329809187261,0.534204673153968
1508,-576460548184,2.080060979685022,3.0216297065583926,0.158375238639061,0.528608612749428
1509,-576460548165,2.083127421402831,3.031666556807359,0.164493065420861,0.5281800420508781
1510,-576460548149,2.085966774180606,3.040631273540198,0.169961587712421,0.5277969569289681
1511,-576460548130,2.067412744049208,3.0790373892583167,0.1699472236668285,0.5396989095823318
1512,-576460548112,2.0703452292285283,3.0881993027903447,0.1754167121853085,0.5393157567735518
1513,-576460548094,2.0735184224240317,3.098039092086451,0.1771211386649885,0.5538726996319518
1514,-576460548077,2.076721762228753,3.1081392301826054,0.1788252811051485,0.5684272166027519
1515,-576460548059,2.0517179882534395,3.106296220032384,0.17077859915828858,0.5761407603876942
1516,-576460548041,2.0547927536877815,3.1167407546651775,0.1708240488076886,0.5842341571540942
1517,-576460548024,2.057872438175402,3.127345202617334,0.1708695590498886,0.5923383439172942
1518,-576460548005,2.060945764599965,3.1380705184503275,0.1709149632546886,0.6004236481860943
1519,-576460547987,2.050108949482638,3.1663621135386983,0.1671986259103731,0.6158952645542382
1520,-576460547969,2.053119748135339,3.1774509317549473,0.1677066747237731,0.6175661610574381
1521,-576460547951,2.0561450643913255,3.1885896083237464,0.1682156277397331,0.6192400313475181
1522,-576460547931,2.059180054082905,3.1997602973863333,0.1687246655246831,0.6209141804301181
1523,-576460547915,2.0233411635491003,3.193997474937733,0.15592903745334902,0.6130704539285319
1524,-576460547897,2.026101721205791,3.2049746389579354,0.15272007443062902,0.6142511046808519
1525,-576460547879,2.0287977001919235,3.215943381810569,0.14951972222102902,0.6154285873184518
1526,-576460547863,2.0313127345107667,3.226411505837758,0.14647113559266903,0.6165502319341118
1527,-576460547844,2.033919437244509,3.237517013709202,0.14324297763236904,0.6177379449421618
1528,-576460547828,2.0266178489592432,3.246106024340145,0.14126238456421833,0.621360813451125
1529,-576460547826,2.0291903745049247,3.2573901162972176,0.14163479976321833,0.619535646335795
1530,-576460547808,2.0317167058991217,3.2684106009500278,0.14199957704121832,0.617747911855535
1531,-576460547791,2.0341335152876465,3.2788971980269,0.14234766556421832,0.616041967181125
1532,-576460547774,2.0365570980078673,3.2893584817645802,0.14269587694921831,0.614335420373175
1533,-576460547756,1.9949579934085873,3.280488999905882,0.12988782610750288,0.6035928637919734
1534,-576460547739,1.9973157801281651,3.2913584202053885,0.13204482062668288,0.6039192508007434
1535,-576460547720,1.9997199147095868,3.302267554234358,0.13420852467722288,0.6042466530665533
1536,-576460547701,2.0022292686882857,3.3137337430148928,0.1308687455598529,0.6069917962583833
1537,-576460547683,2.0036307642696323,3.325723819164986,0.12744147745470627,0.6100385956370794
1538,-576460547666,2.0057890754305725,3.336200566091306,0.12441815973999627,0.6125236222659695
1539,-576460547648,2.007983171047922,3.3471639779246587,0.12126748130470627,0.6151133334870794
1540,-576460547631,2.0101580309252807,3.358236922250613,0.12034334770810627,0.6150087934866494
1541,-576460547612,1.9721290034798948,3.3509788000110876,0.10593281611611272,0.604741283929365
1542,-576460547594,1.9740265332719773,3.3618577606875086,0.10500929850591272,0.604636813610655
1543,-576460547576,1.9759094256793062,3.3727463279519,0.10408480558391271,0.604532232962555
1544,-576460547558,1.9777963598734731,3.383699430186696,0.10416309135537272,0.6042860249334749
1545,-576460547540,1.9796913842193737,3.3946867291600467,0.10424165360235271,0.6040389473914349
1546,-576460547528,1.9849883006820643,3.3890286559414973,0.10567528791996547,0.6016658714127514
1547,-576460547522,1.9868577379462247,3.399666390856516,0.10575168156208548,0.6014256141129914
1548,-576460547504,1.9887735034776577,3.410555379611093,0.10582991117445548,0.6011795827037314
1549,-576460547486,1.9906704972079607,3.4214113790830347,0.10436329993945548,0.6017012452122315
1550,-576460547468,1.9925202318166362,3.4321551461255324,0.10291310174985548,0.6022170697247915
1551,-576460547456,1.9470521259362492,3.411387177562266,0.0877975644796016,0.5906833050749045
1552,-576460547451,1.9486188011479244,3.4220206117901393,0.08633550339580161,0.5912033491290846
1553,-576460547432,1.950161289843124,3.4326533271054207,0.08487141099450161,0.5889637317612746
1554,-576460547414,1.9517955344582492,3.4433120016911696,0.09543913295930162,0.5870361122006446
1555,-576460547397,1.9535927395683095,3.4537777511480483,0.10584944967610162,0.5851372043563146
1556,-576460547384,1.9663108654843104,3.4407787201431757,0.10928479599778833,0.5796932654919251
1557,-576460547377,1.9683720756282566,3.4511942385543186,0.11977673025058833,0.5777794700909952
1558,-576460547360,1.970469961487043,3.4615485862043847,0.11312761155193833,0.5717456645263451
1559,-576460547343,1.9724531740149407,3.4718213886305915,0.10646077663360833,0.5656957822108151
1560,-576460547324,1.9743016891963039,3.481904879244332,0.09984672128640833,0.559693795215615
1561,-576460547305,1.9214939975668561,3.467360039423698,0.07485762332649368,0.5393605606894107
1562,-576460547287,1.922807209448581,3.4771428789797074,0.07104670218041367,0.5475612276567108
1563,-576460547269,1.9240535689975058,3.487087788705037,0.06723027667625367,0.5557737393738108
1564,-576460547251,1.9252280857351252,3.4971536745638523,0.06342401306393367,0.5639643838605108
1565,-576460547233,1.944708380287202,3.4892767232471424,0.06455258848236237,0.5645877071317541
1566,-576460547215,1.9459213040951133,3.4993208853831135,0.07050935772456236,0.5538535974694541
1567,-576460547197,1.9472430527179463,3.5091852868710287,0.07647408657156236,0.5431051445839541
1568,-576460547181,1.9485925137158095,3.5183413090922957,0.08211810967516237,0.5329346040665541
1569,-576460547162,1.9024894585832013,3.506059619776232,0.07256559062467043,0.5100249211252309
1570,-576460547145,1.9036963391234738,3.514763696062872,0.06940365302577042,0.5138635963009509
1571,-576460547127,1.9049247890802812,3.5241228468452412,0.06602989052832042,0.5179594324592109
1572,-576460547110,1.906076930083976,3.533430491428322,0.06270094787332042,0.5220008561532109
1573,-576460547091,1.9072501993974635,3.543539751749902,0.059355677717070426,0.5296777208642109
1574,-576460547078,1.9289241241754218,3.522891468806996,0.06516333257492934,0.521034916930163
1575,-576460547072,1.930053920572004,3.532207496572132,0.062073155581179346,0.528126383271003
1576,-576460547055,1.931141456888377,3.541764007451387,0.058945741249929344,0.535303303398483
1577,-576460547037,1.9321186145356488,3.5509240332509293,0.055986938974929346,0.5420932855855229
1578,-576460547019,1.9332164250721224,3.5609317532680445,0.062477562640869344,0.5378376539974229
1579,-576460547007,1.8743518024248864,3.534364676933035,0.043482086578920776,0.5229462516949617
1580,-576460547001,1.8751657185461206,3.543474330893318,0.049606049892090776,0.5189310240279117
1581,-576460546983,1.8761148009124455,3.5527727441659867,0.055906164262990776,0.5148003014494117
1582,-576460546965,1.8771761648801704,3.561988164323448,0.062200325218420775,0.5106734822774617
1583,-576460546949,1.8781534397826671,3.5701680057980987,0.05991324500484078,0.5114234157170817
1584,-576460546930,1.9033493110882205,3.5576940487171127,0.06361699335503232,0.5030123983906789
1585,-576460546910,1.9044695596461454,3.5667417541750486,0.06104899350507232,0.5038544453591189
1586,-576460546894,1.9055450596134627,3.5758167056304107,0.05847756432079232,0.504697616806039
1587,-576460546877,1.906572739021576,3.5848880347848175,0.055556990507592316,0.501885733660759
1588,-576460546859,1.8736343445173695,3.578029254972772,0.04198364177950662,0.490612056367158
1589,-576460546842,1.8743272014717611,3.586378833881041,0.03921846245625662,0.487949784625358
1590,-576460546824,1.875005467739319,3.5951177361108324,0.03630809704020662,0.485147729966438
1591,-576460546805,1.8757042534347637,3.6038486667240512,0.04139087393266662,0.48565680811315803
1592,-576460546788,1.9080434988625554,3.584034041916278,0.05486837651357039,0.474168862999125
1593,-576460546770,1.909072351943004,3.59253759099523,0.05993335082949039,0.474676158084565
1594,-576460546754,1.9101971253725702,3.601075262671361,0.06502064901123039,0.473795949467575
1595,-576460546735,1.911345114463902,3.6095904671265964,0.0626116920118104,0.472916425343205
1596,-576460546717,1.9124671618259252,3.618226266445043,0.060164034218970396,0.472022771335465
1597,-576460546699,1.913514844776858,3.6266040358848737,0.05778507368227039,0.471154199093015
1598,-576460546680,1.9146061466629352,3.63512284214013,0.0632890802065904,0.473962154738045
1599,-576460546662,1.9157902728379173,3.643647928465134,0.0687646919560304,0.476755624341305
1600,-576460546644,1.9170774991590458,3.652254763453458,0.0742604548360304,0.47955937436130497
1601,-576460546626,1.9184635694559493,3.6609115835790953,0.0797559123958704,0.48236296861741496
1602,-576460546608,1.920074072638676,3.669676990014421,0.0970087877168304,0.47970556780291496
1603,-576460546590,1.9220609118326848,3.6786520350089154,0.1147738903206704,0.47696927038866493
1604,-576460546572,1.9242798305531599,3.6872124336130208,0.1318137321136304,0.47434468239291494
1605,-576460546554,1.869128504696299,3.667736711666459,0.13036581969665206,0.45644577526210617
1606,-576460546536,1.8715787431264845,3.675677204783865,0.14937369739267206,0.45010669846842616
1607,-576460546519,1.8744326086842011,3.683692556823162,0.16883621036410207,0.44361600201630613
1608,-576460546497,1.8774605501764738,3.6911839272949414,0.18728745823605208,0.43746255979250614
1609,-576460546484,1.8810308796626003,3.699048326862257,0.20694093972412209,0.43090817584662616
1610,-576460546472,1.9222180165609721,3.6602785319817346,0.21764284407652368,0.41460078546483115
1611,-576460546465,1.9262967611332966,3.6677083508524158,0.23808280646252367,0.41554657438783116
1612,-576460546449,1.9305029934561861,3.6747702829567586,0.25746765570636365,0.41644354158095115
1613,-576460546431,1.935046885956174,3.681860379557332,0.27688790376774364,0.41734214673254116
1614,-576460546414,1.9399361718157226,3.6889870890827803,0.29636638859346365,0.4182434465900012
1615,-576460546395,1.8770056687914716,3.6658155737538887,0.2884340759799881,0.4006023790249291
1616,-576460546378,1.8824222773930912,3.673159009609453,0.3020285175360681,0.39990297395527913
1617,-576460546361,1.8876238799081106,3.67990114600743,0.31453078016078806,0.39925975916592915
1618,-576460546344,1.8930542132826276,3.686724702167737,0.32451992587238804,0.40374773248542917
1619,-576460546327,1.8989900179647923,3.6940459713066924,0.334026108649678,0.4085082323401292
1620,-576460546314,1.9395684894876861,3.6562353969568018,0.34449118041817034,0.39266618191474034
1621,-576460546309,1.9458997183485183,3.6633966429721765,0.35405009622246036,0.39745308937944035
1622,-576460546290,1.9523220595063775,3.670553761763853,0.3634898353857304,0.40218031564554035
1623,-576460546273,1.9588472547502949,3.67791151982491,0.36245946026063036,0.41639431427684037
1624,-576460546255,1.9653629626498055,3.6855355683942714,0.36142765222803036,0.4306280798306404
1625,-576460546241,1.8877209595781224,3.653452677340881,0.3378193173373328,0.4126664352523096
1626,-576460546235,1.894464199299196,3.6618619990359442,0.3366732779188328,0.4284760198678096
1627,-576460546218,1.9001713060283394,3.6692497383928098,0.3357002764100328,0.4418985509222096
1628,-576460546200,1.9059167032324411,3.676763692004313,0.3401890482299028,0.44204399498723956
1629,-576460546183,1.9120849485937872,3.6847245230170107,0.34494317006912284,0.44219803685741954
1630,-576460546164,1.9613467748095226,3.6527443150552203,0.3606909984738114,0.42564424451229244
1631,-576460546148,1.9675166740997923,3.6599815034137646,0.3651795062638114,0.42578968002229245
1632,-576460546129,1.9740843587298122,3.667636852203832,0.3639960938272514,0.42414357079013243
1633,-576460546113,1.9802551790564118,3.6748252141655082,0.3628806747220914,0.4225920392783724
1634,-576460546095,1.9022935379165293,3.649336656539653,0.336512323287747,0.4026021882713303
1635,-576460546078,1.9083404526310266,3.6565690934165693,0.33532976487370697,0.4009572669718903
1636,-576460546060,1.9144925113858369,3.663758307708991,0.344793915941107,0.3938262488559903
1637,-576460546041,1.921111773957191,3.6711412678560476,0.354694890077507,0.38636609469859035
1638,-576460546023,1.9275679232127119,3.6780183472173227,0.364092602187107,0.3792851367949903
1639,-576460546010,1.9660822922558052,3.6428922554222503,0.3738849209253892,0.364617416521307
1640,-576460546004,1.9729038692504015,3.6493979479228074,0.3833108826705892,0.35751517317310705
1641,-576460545987,1.9793843138917049,3.6555218564469634,0.38008228982362924,0.36387822112020707
1642,-576460545971,1.9854446829733117,3.661395208962256,0.3770379652337492,0.36987810535775706
1643,-576460545953,1.9922035488037977,3.6681167425400325,0.3736135041671892,0.37662717871335705
1644,-576460545935,1.9098130181999973,3.641700948578802,0.3543647074033943,0.34426314772980976
1645,-576460545917,1.9163032032453957,3.64781802314137,0.36163562856643433,0.3305754603090398
1646,-576460545900,1.9224651197772593,3.6532908897078014,0.36840601966099434,0.31783003301850976
1647,-576460545882,1.9292402909204787,3.658953391386931,0.37570942715059436,0.30408118929120975
1648,-576460545865,1.967401446207992,3.6353944839430135,0.3851989335648412,0.29713436663096815
1649,-576460545847,1.9743435934276177,3.6407872639688996,0.3867511631354412,0.30252981950116814
1650,-576460545831,1.9809836323411336,3.646015458496622,0.3882300359210412,0.30767028877636815
1651,-576460545812,1.988004073846498,3.6516168351865694,0.3897875299197412,0.31308404046926813
1652,-576460545794,1.9952018553810678,3.6573142501620604,0.3943272404457512,0.3075832045321881
1653,-576460545781,1.9069579312551255,3.6258410177038853,0.3683769271502792,0.28956847880947006
1654,-576460545776,1.9138081332034635,3.631141364505477,0.3729468051518692,0.28403108848575004
1655,-576460545757,1.9205582149733367,3.6362031555546457,0.3773957659767492,0.27864021533471006
1656,-576460545719,1.9270531780861746,3.640927925603153,0.38162761988720917,0.2735124139170301
1657,-576460545717,1.9335065332135533,3.6455753820592864,0.38276149795450914,0.27697102773338006
1658,-576460545706,1.9404121105784395,3.6505976921588177,0.38397112458324917,0.28066069374901004
1659,-576460545687,1.9473394769477892,3.6556864642122884,0.3851807512119892,0.28435035976464
1660,-576460545671,1.9542770406404861,3.6608330571111005,0.3863883632513292,0.28803388077497
1661,-576460545651,1.96128032973589,3.66602273669187,0.3917548695713292,0.28859718375497
1662,-576460545633,1.9684977769332015,3.6713081486013075,0.3972096251063692,0.28916974993953
1663,-576460545617,1.975603264117551,3.6764516360526103,0.4025075594011692,0.28972585515923
1664,-576460545598,1.9828714111246009,3.68165377330464,0.40785558108828923,0.29028721787341
1665,-576460545577,1.9901724576492656,3.686887012338867,0.4037776271452592,0.2914746668719
1666,-576460545562,1.9974129279780308,3.6921509799895262,0.39969241987966925,0.29266422794686997
1667,-576460545544,2.0045702759778656,3.697429334627512,0.39561265260599926,0.29385220496447995
1668,-576460545525,2.0118269023472757,3.702790666779921,0.39959050003329927,0.29365885222788995
1669,-576460545507,2.049013918276721,3.6776460876681463,0.4108773625109563,0.28060105447105804
1670,-576460545489,2.0564396266863842,3.6826915450704587,0.4147976705310563,0.28041049857422806
1671,-576460545471,2.063567462246411,3.6874869772922674,0.41852618052715634,0.28022926547659804
1672,-576460545454,2.071079648365638,3.6925199482852205,0.42054297162599635,0.28192543048601804
1673,-576460545434,1.956501821231421,3.6543109660987465,0.3873669467136771,0.25917496985046345
1674,-576460545417,1.9635436843019927,3.659025637277315,0.3894090800440171,0.26089244822563346
1675,-576460545400,1.9701885231584093,3.663480271898601,0.3913263043310971,0.26250487538917344
1676,-576460545383,1.977194546575483,3.668182305048094,0.3938382610699571,0.26445165823103345
1677,-576460545365,2.0060190051644513,3.6518780313837516,0.40163582983071844,0.25768505455504886
1678,-576460545348,2.0131067674884595,3.6564283666470816,0.4041121749448484,0.25960423815567885
1679,-576460545329,2.020405622568688,3.6611202230157702,0.4066465121118984,0.26156836597522887
1680,-576460545313,2.027367588278533,3.665657876088822,0.4063822990342984,0.26834557458902886
1681,-576460545295,2.034691341312765,3.670559917369293,0.4061041702614984,0.27547972832542883
1682,-576460545281,1.9178453084411664,3.6297901717072363,0.37272012449916136,0.25251575356528255
1683,-576460545277,1.9245674139793074,3.6344104681117746,0.37244177973996134,0.25965544746988256
1684,-576460545259,1.931203737792677,3.6391016936452396,0.37216678276996135,0.26670926876738255
1685,-576460545241,1.9379356820744156,3.6438888256201265,0.37537019815709133,0.2648694303483625
1686,-576460545222,1.944720780200135,3.6486396639027907,0.37857147923826134,0.2630308177391825
1687,-576460545204,1.9719625800969887,3.6350438621987795,0.386744242973443,0.2536503102601668
1688,-576460545187,1.9788459991888028,3.639567585188255,0.385199133926183,0.2536641440939668
1689,-576460545166,1.985850714046076,3.6441899820041472,0.383620409183603,0.25367827889936684
1690,-576460545151,1.9926581725734909,3.648700758105449,0.382079891971013,0.25369207162106683
1691,-576460545133,1.888098578641303,3.6143561322879,0.3491088346278657,0.23198148571214386
1692,-576460545115,1.894339650190506,3.6185660215446394,0.3388399692966657,0.23207156287022385
1693,-576460545100,1.8996286160464293,3.622237550616476,0.3298875380902657,0.23215009243848383
1694,-576460545082,1.90548769298855,3.6264263461228685,0.31967753309826574,0.23223965328128385
1695,-576460545062,1.92607424286281,3.618435896800934,0.3124650250668517,0.2272809008691884
1696,-576460545046,1.9312531350552804,3.6222465805003963,0.2989022506350117,0.2225696125840684
1697,-576460545028,1.9365088085758417,3.6262117001315577,0.2844780935276517,0.2175591066035884
1698,-576460545009,1.941499456464353,3.6300825019923573,0.2700691467091717,0.2125538842069484
1699,-576460544992,1.9462338255838383,3.633865705419159,0.2556505933924517,0.2075453248099884
1700,-576460544973,1.8395597068948804,3.598068180665665,0.20882349073366846,0.18164005656439344
1701,-576460544955,1.8433644845677113,3.601473962147614,0.19254553430255847,0.17763854272343343
1702,-576460544937,1.846512269163572,3.6044619265850923,0.17795641907087847,0.17405218673495343
1703,-576460544920,1.8495778560477258,3.607562206262221,0.16249412056526846,0.17025118126199343
1704,-576460544901,1.866662322025258,3.5992077045726636,0.15624698559242006,0.16390683942536724
1705,-576460544884,1.8693908635848246,3.6021463408661076,0.14652060867818006,0.16217353046408725
1706,-576460544867,1.8718014017356548,3.604886665621225,0.13735599154910005,0.16054033105832724
1707,-576460544849,1.8741853675946234,3.6077347468892804,0.12764688294718005,0.15605385169576724
1708,-576460544832,1.7785225722095,3.5742491475148146,0.08477979014326426,0.13169754870591968
1709,-576460544813,1.7799030573080703,3.576580257916159,0.06853078774228426,0.1271852766974197
1710,-576460544796,1.7809890837072733,3.5788258131022723,0.052313364834004256,0.12268177416641969
1711,-576460544778,1.7818274712294042,3.581061857426507,0.040820107964364256,0.1257123964884197
1712,-576460544756,1.7824669749004485,3.583387875770197,0.02915129868197426,0.12878930969791968
1713,-576460544741,1.7828834368151578,3.585697372500887,0.017834870969904264,0.1317733044714197
1714,-576460544723,1.783100946573803,3.5880944046918635,0.006354381548464266,0.13480056018341968
1715,-576460544704,1.7830964473057054,3.5905203318548944,-0.006854105888735732,0.13464211911139967
1716,-576460544688,1.7828542231666826,3.5929425990673147,-0.02005819220833573,0.13448373083253967
1717,-576460544669,1.7059954930625547,3.5611068100029524,-0.05487492089334447,0.11587252179696456
1718,-576460544652,1.7048870078320713,3.563194329972513,-0.06809881224214447,0.11571389594888455
1719,-576460544633,1.703547391535026,3.565323184701201,-0.08077225482961446,0.12086494815707455
1720,-576460544615,1.701982027214108,3.5675415926059126,-0.09342809247933447,0.12600884493351455
1721,-576460544598,1.7085962154921734,3.5638938419288477,-0.104062460973646,0.12878958593672746
1722,-576460544580,1.7066080772713643,3.566259493214582,-0.116743649733726,0.13394378653488745
1723,-576460544562,1.7044326487989974,3.56866508131767,-0.124970624973726,0.13334378047488746
1724,-576460544544,1.7021027407609737,3.5710662409744494,-0.13321953881436602,0.13274217439872746
1725,-576460544525,1.628541816823064,3.540280721727203,-0.16195821357770848,0.11429079244760858
1726,-576460544508,1.6257500327769656,3.5420774178662446,-0.1671839753044685,0.09753379362192857
1727,-576460544490,1.6226833894804051,3.5436764314215483,-0.1727421230783385,0.07971096116426857
1728,-576460544472,1.6195262665725318,3.544950462269696,-0.1782833280972585,0.06194245757570857
1729,-576460544450,1.6218575520248888,3.542163429192662,-0.1824772362306784,0.04266823680263164
1730,-576460544435,1.6185999301852652,3.542977787656389,-0.1799035235027284,0.04792172523386164
1731,-576460544418,1.6153871624928722,3.5438870239996807,-0.17732866556637839,0.053177551276051636
1732,-576460544399,1.6120252488835232,3.5449563667767925,-0.17459362160507838,0.05876035065127164
1733,-576460544381,1.5481378187693224,3.5158368533235427,-0.18926992330201853,0.04789631250592774
1734,-576460544363,1.5448543400090071,3.5167042541621125,-0.18870622039721852,0.05195413512498774
1735,-576460544346,1.541507281908595,3.5176640180364105,-0.18812986386441852,0.05610304504814774
1736,-576460544328,1.5381340774357632,3.5187091764209266,-0.1875472129628185,0.06029726506616774
1737,-576460544309,1.534764792468023,3.5198319119535584,-0.18696342647921851,0.06449965958583774
1738,-576460544299,1.5373602199186303,3.518184483197113,-0.18633295014996468,0.06385376891625294
1739,-576460544293,1.5341700103795353,3.5192705963025657,-0.18836866355628468,0.06371413165365294
1740,-576460544274,1.5307645796427427,3.5204145966005047,-0.1905177112537247,0.06356672036445295
1741,-576460544257,1.527481737824942,3.5215028621989224,-0.19256669481438468,0.06342617285190294
1742,-576460544240,1.5239825394702817,3.5226476343167983,-0.19472698030018468,0.06327799072040294
1743,-576460544221,1.4727218721603752,3.498349189126606,-0.20524062246508118,0.05040186899107531
1744,-576460544204,1.469031636447246,3.499267357427815,-0.20213760937564118,0.0509579920464753
1745,-576460544186,1.465443798657985,3.500183650561811,-0.19907433239244118,0.051506993583475304
1746,-576460544168,1.4618586169299443,3.5011150724594797,-0.1995671006470412,0.052059126132875305
1747,-576460544150,1.4655959974563222,3.4975927577172925,-0.19827456425473822,0.05086287675534102
1748,-576460544131,1.4620224184124346,3.4985133136987128,-0.19876771605053822,0.05141543905154102
1749,-576460544115,1.4586180904110706,3.4993973692275757,-0.19923637600113822,0.05194055894494102
1750,-576460544097,1.4550392262770238,3.5003060716509573,-0.20088259476825823,0.04965286979689102
1751,-576460544079,1.4516093051074255,3.501132071250332,-0.20244774032089824,0.04747784508729102
1752,-576460544068,1.4092869749921866,3.4778381013122015,-0.21443575183870942,0.03521633300113722
1753,-576460544062,1.405408333883887,3.4784518707886853,-0.2160938417121494,0.032912147017037215
1754,-576460544043,1.4017266648667432,3.4789921605216314,-0.2176560424942294,0.030741214545837215
1755,-576460544027,1.3978311740901672,3.4795643379339163,-0.2151762660142294,0.03283405348583721
1756,-576460544009,1.3939590503301045,3.480177679717708,-0.2126827129982294,0.034938519308837214
1757,-576460543997,1.395655152566569,3.479185571088741,-0.21226826611436164,0.03454933192570877
1758,-576460543992,1.3920828738041167,3.479786861910744,-0.20993700069244164,0.03651683306696877
1759,-576460543974,1.3883248735827785,3.480463270726962,-0.20745625985492164,0.03861048588877877
1760,-576460543957,1.3850027485208665,3.481077956214467,-0.20866762840359163,0.038384001178928775
1761,-576460543938,1.3812251992182207,3.4817682479867456,-0.21003657273203163,0.038128055158728774
1762,-576460543921,1.3420317878789714,3.461895098652755,-0.22141830805461102,0.02710748805779642
1763,-576460543904,1.3380319628200676,3.462380977209616,-0.222784597037701,0.02685203849684642
1764,-576460543886,1.3340253091976262,3.462847465302479,-0.22269612593778101,0.02501454954668642
1765,-576460543868,1.3300177983094243,3.463281155585594,-0.22260760073612101,0.02317593693750642
1766,-576460543849,1.3389606921210113,3.456373691464433,-0.21934073212570349,0.018459733856965546
1767,-576460543830,1.3347800741549112,3.4567070451830704,-0.21924696889194348,0.016512330624485545
1768,-576460543813,1.3308537405354124,3.4570114622387185,-0.21810570384534347,0.017396558893535547
1769,-576460543792,1.3269377010714063,3.457332614864327,-0.21696145136030348,0.01828310176735555
1770,-576460543778,1.3232581094207714,3.457650582013564,-0.2158807613952635,0.01912039773117555
1771,-576460543760,1.2862587674019943,3.438161749074378,-0.2266848449294741,0.00886808345386489
1772,-576460543742,1.2821624424095717,3.4383223833983134,-0.22815914712279411,0.00896828384962489
1773,-576460543723,1.2780404808191852,3.4384847862578845,-0.22963312191167412,0.00906846199346489
1774,-576460543706,1.2739005267973516,3.438648653889593,-0.23110406820948412,0.00916843430704489
1775,-576460543687,1.274356794992936,3.4362972554359397,-0.22788590155679458,0.008954689915528377
1776,-576460543670,1.2702729024702155,3.436465574604832,-0.2258043192642246,0.00974432345918838
1777,-576460543651,1.2662258135058175,3.4366481411484795,-0.2237223900990846,0.01053408858650838
1778,-576460543631,1.2622144386379797,3.4368450187952426,-0.2216395359404246,0.011324204603588382
1779,-576460543615,1.2343706023298178,3.4224371537299856,-0.22841080304022682,0.0037250424449316796
1780,-576460543597,1.2304596333075049,3.4225009449818407,-0.2285314825437068,0.00372807729515168
1781,-576460543580,1.226370762896331,3.4225676574619235,-0.2286575833895268,0.0037312484813816797
1782,-576460543562,1.222252640395507,3.422634867327769,-0.2287845161188268,0.0037344405878316795
1783,-576460543543,1.2224361035806734,3.4202869749769125,-0.2287430010404227,0.0027224931849881636
1784,-576460543525,1.2183034701599176,3.4203356905523643,-0.2297761846642227,0.0026825412598881627
1785,-576460543507,1.2141660610300868,3.4203835273950647,-0.2308059293100227,0.0026427223157881622
1786,-576460543489,1.2099911888098511,3.4204440719487392,-0.2290324031314027,0.004025914502668164
1787,-576460543471,1.1800240040173327,3.404120013145721,-0.23452755185893065,-0.003120595183919054
1788,-576460543453,1.1758173998530017,3.4040761758435854,-0.23276906715137066,-0.0017491340024790526
1789,-576460543435,1.1716406073658119,3.404057027309615,-0.23100980106869065,-3.770634181590512e-4
1790,-576460543415,1.1674781224326027,3.4040645121692705,-0.23164274235791066,0.00120899180048095
1791,-576460543398,1.1633044806295014,3.4041005337115275,-0.23227564847200066,0.002794958875560951
1792,-576460543386,1.1744789211668223,3.3983399983342446,-0.2294696414142301,4.6119229079771623e-4
1793,-576460543381,1.1703427692503063,3.398362579052199,-0.2301027937542301,0.0020477763707977175
1794,-576460543363,1.1661938361753603,3.398413740091343,-0.23073615714501008,0.0036348893121577186
1795,-576460543345,1.1620444496568647,3.3984708407883724,-0.2304861535864401,0.0027121008539477184
1796,-576460543322,1.1576695624718782,3.3985130996840316,-0.2302222694323601,0.0017380777117077181
1797,-576460543307,1.1313610669713177,3.3841696653115996,-0.23605309046445166,-0.006648503921259064
1798,-576460543291,1.1275888259889502,3.38405681426996,-0.23583094535833166,-0.007468464009619064
1799,-576460543273,1.123576837372358,3.3839217751607347,-0.23511501268745166,-0.008383057204799066
1800,-576460543255,1.1191212200868814,3.383752967746968,-0.23431735158337166,-0.009402057241429066
1801,-576460543237,1.1179655064574263,3.3820340177663377,-0.23278442576107686,-0.011002587326652881
1802,-576460543218,1.1137200119810788,3.3818240655260534,-0.23201680878539685,-0.011983206442132882
1803,-576460543200,1.109371588296091,3.381614051876319,-0.23260801063845685,-0.010456546708232883
1804,-576460543182,1.105183025032526,3.381439181761564,-0.23317606092840684,-0.008989671223982884
1805,-576460543164,1.0865891141336839,3.371619944041831,-0.2377166681172714,-0.012483680178131212
1806,-576460543146,1.0823280460068376,3.3713879023345705,-0.2370806049170214,-0.013371989470391213
1807,-576460543129,1.0783025599277194,3.371153412888287,-0.2364781362297714,-0.014213381541131213
1808,-576460543111,1.0740524018310402,3.3708895998330886,-0.2358403720415214,-0.015104066388911213
1809,-576460543093,1.0698101935413258,3.3706095171958483,-0.2352020762945214,-0.015995493597791215
1810,-576460543080,1.0755424768498119,3.3677976940523866,-0.2337340593355537,-0.017166611629607448
1811,-576460543075,1.0713316287980084,3.3674941005382966,-0.23390412732705368,-0.01654914316966745
1812,-576460543057,1.067120058733227,3.367201786332163,-0.23407410088355368,-0.01593201757632745
1813,-576460543040,1.063143182185494,3.3669361420464337,-0.2342344892875537,-0.015349692942887452
1814,-576460543023,1.0591605344668993,3.366680195989388,-0.2343950004570537,-0.014766922582867454
1815,-576460543005,1.0424398605305993,3.357764889988712,-0.2381086942761157,-0.020137945709459266
1816,-576460542986,1.0378904917340295,3.3573706998592,-0.23841469491105569,-0.021151478142259268
1817,-576460542969,1.0338566079395284,3.3570054391296713,-0.2386856947401557,-0.02204908123425927
1818,-576460542951,1.0295638825434046,3.3566005546132267,-0.2389737462438957,-0.02300316272305927
1819,-576460542940,1.0375424779318876,3.352784698739737,-0.23690927355076466,-0.024614965384633862
1820,-576460542933,1.0332804586062971,3.3523457571483952,-0.23604409998198467,-0.02409408320232386
1821,-576460542914,1.0292527694647704,3.3519381389917986,-0.23522357000300467,-0.02360007892211386
1822,-576460542899,1.0252883313390646,3.351543817763305,-0.23441312083462468,-0.02311214384560386
1823,-576460542882,1.0213074416814398,3.3511548160602476,-0.23359647916830467,-0.02262048054396386
1824,-576460542863,1.007282225159905,3.343880900001715,-0.23676983380721933,-0.025379430896604827
1825,-576460542846,1.003022002196862,3.3434313318033615,-0.23727300173775934,-0.024644848435024826
1826,-576460542828,0.9987441753331876,3.342994106247081,-0.23777717745985932,-0.023908794683324824
1827,-576460542810,0.9944583831366486,3.3425663104487127,-0.2378934325888593,-0.023571316123324824
1828,-576460542791,0.994419259322022,3.3400194716481093,-0.23684437909426848,-0.024119981667865862
1829,-576460542772,0.9901213669066441,3.339584968934275,-0.23696142130016848,-0.023780218291865864
1830,-576460542756,0.9861335778530197,3.339187517528487,-0.23706996694641846,-0.023465119691865863
1831,-576460542738,0.9818525893219132,3.3386976753176376,-0.23848974546265847,-0.030949700442505862
1832,-576460542719,0.9701211247380941,3.3327788120236277,-0.241915724092748,-0.041131225628267556
1833,-576460542702,0.9657648165402826,3.3319732909169426,-0.243331638515048,-0.04859543621356756
1834,-576460542685,0.9616128687853823,3.331086206644047,-0.244673504280008,-0.05566928791612756
1835,-576460542667,0.957174906806129,3.3300646786337,-0.244627706222008,-0.05695783560612756
1836,-576460542649,0.9530535329510224,3.3290949132539995,-0.244585167551708,-0.05815467904762756
1837,-576460542632,0.9549178232461047,3.325147747138208,-0.24288032841031734,-0.06069615945510681
1838,-576460542615,0.9507906795067759,3.3241060195078163,-0.24283742365851735,-0.06190330275410681
1839,-576460542596,0.9464361571797386,3.3230079180621215,-0.24097151218252735,-0.06010119096234681
1840,-576460542580,0.9423553373917382,3.322000839163405,-0.23920967132049736,-0.05839959137762681
1841,-576460542562,0.9343422419315205,3.318246847691639,-0.23834019698219602,-0.057963647567087134
1842,-576460542545,0.930308039238146,3.317276550717599,-0.23657918536808603,-0.056262848876447134
1843,-576460542527,0.9260184864042177,3.316246401928496,-0.23737836768736603,-0.05755945807935713
1844,-576460542507,0.9220002488422143,3.3152633589219738,-0.23812456847064603,-0.058770108990267134
1845,-576460542490,0.9251389706336085,3.31083769678178,-0.23693146304640023,-0.061548103642144046
1846,-576460542474,0.9208627727129112,3.309717095460593,-0.2377269808094402,-0.06283876739652405
1847,-576460542456,0.9165860327889951,3.3085643512224774,-0.2377569175635702,-0.06532224634690405
1848,-576460542438,0.9123080409722386,3.3073667282637267,-0.2377868593102102,-0.06780613946354405
1849,-576460542419,0.9024581489088526,3.302121051186994,-0.23923644831282992,-0.07239503135109222
1850,-576460542401,0.8980933705111774,3.300810646551958,-0.23799713988694993,-0.07088122439305222
1851,-576460542383,0.8938942756318264,3.2995698454896267,-0.23679875330062994,-0.06941740318849222
1852,-576460542366,0.8898789581956655,3.2984018441688416,-0.23564711517340994,-0.06801068491423222
1853,-576460542348,0.8855460818580514,3.2971620633064367,-0.23439805054736995,-0.06648496082291222
1854,-576460542336,0.8903792522251118,3.2950280161944505,-0.23309197843561014,-0.0674454147876208
1855,-576460542330,0.8862439198578106,3.2938975700277693,-0.23283471496771013,-0.059921625568550796
1856,-576460542312,0.8820629177828946,3.292889370598474,-0.23257432103341014,-0.052306284410360795
1857,-576460542295,0.8781386633474008,3.2920667351615283,-0.23232965189561014,-0.04515082220562079
1858,-576460542278,0.8741974197428681,3.2913614424147206,-0.23208366390391014,-0.03795678950801079
1859,-576460542260,0.8705078295960117,3.2911037906743363,-0.23273678980616236,-0.03238578353135685
1860,-576460542243,0.8663103442103091,3.2905691145246982,-0.23352095923051236,-0.027006179771956847
1861,-576460542225,0.8620631249714427,3.290128014352746,-0.23431174869110236,-0.021581160862796846
1862,-576460542207,0.8578422194556937,3.289788215732836,-0.23509500350518237,-0.016207831564876846
1863,-576460542187,0.857703338220764,3.287563601495879,-0.2339407657018652,-0.021905088327718588
1864,-576460542169,0.8534971449437124,3.2871283072514146,-0.2339599270009052,-0.02651743177511859
1865,-576460542151,0.8492859275836864,3.286609465037297,-0.2339791096151452,-0.03113490603451859
1866,-576460542133,0.8450710889795908,3.2860070123455194,-0.2339983071500252,-0.03575597186231859
1867,-576460542114,0.8411134845290457,3.2855447885216837,-0.23389000515515257,-0.03893088252725305
1868,-576460542096,0.8369323068600645,3.284819833809035,-0.23385556694253257,-0.04216932025257305
1869,-576460542079,0.8326778574969457,3.284022624411207,-0.23382052002227258,-0.04546499851493305
1870,-576460542061,0.828518426538146,3.2832098380895167,-0.23324263856507257,-0.04580290577906305
1871,-576460542043,0.8321454713886605,3.2790358615071558,-0.23050107211974605,-0.04769827028574163
1872,-576460542025,0.8280065364782881,3.278175228036397,-0.22991773986894604,-0.04803936481731163
1873,-576460542007,0.8238673106171306,3.277306188124511,-0.22933288269374605,-0.048381351024891626
1874,-576460541988,0.8197353152613581,3.2764325879899,-0.22903922399797605,-0.048529196937941624
1875,-576460541971,0.815622110294914,3.275559194272578,-0.22874652630187606,-0.048676559024441624
1876,-576460541950,0.8144823675816664,3.2770083277992224,-0.2276815819695867,-0.04768552969153654
1877,-576460541935,0.8103901486110408,3.276149377288019,-0.22738863995153671,-0.04783301478478654
1878,-576460541916,0.8062875601234096,3.275277637810572,-0.22749421708705672,-0.04882287582912654
1879,-576460541899,0.8021944472178029,3.274390533787855,-0.22759950157057673,-0.04980999305196654
1880,-576460541880,0.804043423277735,3.270816751524739,-0.22598842655957624,-0.052087215766600664
1881,-576460541863,0.7999746834071827,3.26987029165928,-0.22609378127957624,-0.053074991506600666
1882,-576460541843,0.7957114954749576,3.268855682370763,-0.22551510984597625,-0.054404806005800666
1883,-576460541826,0.7918616931956548,3.267915562706092,-0.22499127120870624,-0.05560861212899067
1884,-576460541808,0.7940226876673059,3.2717999613478135,-0.22283718195437338,-0.05449705899966437
1885,-576460541789,0.7900090125839127,3.2708136166223447,-0.2229533532145234,-0.055054196119874374
1886,-576460541772,0.7859932456046379,3.269817239528752,-0.2230695244746734,-0.055611333240084375
1887,-576460541754,0.7819756099151742,3.268810886235491,-0.2231856892833734,-0.05616843942026437
1888,-576460541735,0.7872113384508714,3.2639020042650797,-0.22069054969841356,-0.058586335430435975
1889,-576460541718,0.783278470462275,3.2628670850666905,-0.22056020634293355,-0.057527116649555975
1890,-576460541700,0.7792615180298361,3.2618289166516736,-0.22042699669129356,-0.05644460527571597
1891,-576460541681,0.775329823391627,3.2608312897764447,-0.22029653634413357,-0.055384435776755975
1892,-576460541664,0.7713678719277653,3.2598445391047735,-0.22016499382393356,-0.05431547213555597
1893,-576460541651,0.7767294154136527,3.2640806748081443,-0.21879008503767067,-0.05226934173394282
1894,-576460541646,0.7727690883873762,3.2631311463078303,-0.21811509740775067,-0.05248309914133282
1895,-576460541628,0.7688490482957968,3.2621845403958667,-0.2174449127677507,-0.05269533552133282
1896,-576460541610,0.7649727210348677,3.2612418386088926,-0.2167801640698307,-0.05290585042847282
1897,-576460541592,0.7610780064039174,3.2602879418820687,-0.2161102028247107,-0.053118016063012814
1898,-576460541579,0.770987976433584,3.2561860323449476,-0.21329791175544247,-0.05510431039774802
1899,-576460541573,0.7669309046446048,3.2551286658190266,-0.21382971776281245,-0.05621500590707802
1900,-576460541556,0.7632705378857924,3.2541588982811236,-0.21430839075960245,-0.05721473125918802
1901,-576460541539,0.759551510564435,3.253158354427704,-0.21479364239574245,-0.058228196330448026
1902,-576460541520,0.7555573198542616,3.252066797875387,-0.21531357885807245,-0.05931410187841803
1903,-576460541501,0.7577337636829956,3.2559497645449973,-0.21322759412322306,-0.05747440642521859
1904,-576460541481,0.7539034737034117,3.254911392991357,-0.21276250536895305,-0.05800927857064859
1905,-576460541466,0.75029109756241,3.2539211714212257,-0.21232294308971306,-0.05851479416780859
1906,-576460541447,0.7462525480565211,3.2528069262564787,-0.21220659605555306,-0.058613889186208586
1907,-576460541428,0.7515384873290771,3.2478577246357534,-0.20942275490987414,-0.06059508426398625
1908,-576460541412,0.7481554327311774,3.2468779493571693,-0.20932394615459413,-0.06067924159118625
1909,-576460541394,0.7444139072797469,3.2457922327417275,-0.20921461320895413,-0.06077236257478625
1910,-576460541377,0.7406459327404658,3.2447025274604213,-0.20944922448895412,-0.06030600201478625
1911,-576460541357,0.7368796063404367,3.2436228921893124,-0.20968347081807412,-0.059840366904546256
1912,-576460541345,0.746655000765886,3.2514623789937667,-0.20720402497379123,-0.056105944773587366
1913,-576460541340,0.7429219721827856,3.2504563353958433,-0.20743871445755124,-0.05563942876006737
1914,-576460541322,0.7391622889772009,3.2494527333617835,-0.20767481160899123,-0.055170114583187366
1915,-576460541304,0.735447679860981,3.2484691337469367,-0.20731894509081122,-0.05471700583316737
1916,-576460541286,0.7317224705615585,3.247489196130466,-0.2069614485282512,-0.054261821621327366
1917,-576460541274,0.7377249466796181,3.2450359978999566,-0.2052301603308036,-0.05547912328426533
1918,-576460541267,0.7338297762763186,3.243986628099395,-0.2048525267565736,-0.05499829952579533
1919,-576460541249,0.7301217253810194,3.242994377686678,-0.2044923863415436,-0.054539749016125336
1920,-576460541230,0.7264650520389446,3.2420161381190806,-0.20487490636204359,-0.054974896110925334
1921,-576460541213,0.7227701403398539,3.2410216466269315,-0.20526070237264357,-0.05541376990628533
1922,-576460541195,0.7266851721921719,3.246209571319838,-0.20372601727172435,-0.05292484528694501
1923,-576460541174,0.7230187842692882,3.2452529684237867,-0.20360515958458433,-0.053352556785165005
1924,-576460541159,0.7193557929324207,3.2442889885465265,-0.20348434217886432,-0.053780125728725
1925,-576460541141,0.7156907051930466,3.243316175771731,-0.2033633837881743,-0.054208193613595
1926,-576460541122,0.7191114308643317,3.239327707575045,-0.20111974443774094,-0.05614230690683824
1927,-576460541105,0.7156708722785868,3.238365113226292,-0.20053313739098094,-0.05623153721563824
1928,-576460541087,0.7120998094948994,3.2373613953972997,-0.19992245932193095,-0.05632442902963824
1929,-576460541070,0.708645876197646,3.2363860905349897,-0.19933003140207095,-0.056414544766438236
1930,-576460541052,0.7150655818811691,3.2434237819484166,-0.19627281131987812,-0.05274175771817292
1931,-576460541035,0.7116111380887634,3.2424957241697303,-0.1967018536486281,-0.05283332659857292
1932,-576460541017,0.7080610313546297,3.241542398569936,-0.1971418044536281,-0.05292722363377292
1933,-576460540999,0.7044786904468845,3.24058085855715,-0.19758475691987812,-0.05302176130217292
1934,-576460540981,0.7009479147439475,3.2396335903611915,-0.19802036385737812,-0.05311473124217292
1935,-576460540963,0.7077645182582554,3.2344842858639296,-0.19441376889239623,-0.05547206909284159
1936,-576460540945,0.7042758509868373,3.233485300072136,-0.19384145022930624,-0.05570547158867159
1937,-576460540927,0.7007870323674417,3.232479099085953,-0.19326741183955623,-0.055939575421921586
1938,-576460540909,0.6973126073578859,3.2314698580225762,-0.19269404223239622,-0.056173406512841584
1939,-576460540891,0.7000285268293127,3.2355250695982414,-0.1909696651824689,-0.05418115555237488
1940,-576460540868,0.6965943623215375,3.2345469355284013,-0.19079505137304892,-0.054554775728834874
1941,-576460540855,0.6931433241983657,3.233556312061918,-0.19061941847352892,-0.054930576446594874
1942,-576460540837,0.6897287755809222,3.2325691747325704,-0.19068137632752893,-0.055302514491194874
1943,-576460540819,0.6937784226759742,3.2285856401350403,-0.18854647189722246,-0.05720135286986879
1944,-576460540801,0.6903832713240322,3.227552421218857,-0.18860875493482246,-0.05757524301810879
1945,-576460540783,0.6869851119177286,3.2265118912920743,-0.18867107256642246,-0.05794934083694879
1946,-576460540764,0.6835960840002473,3.2254697797285323,-0.18805501874986247,-0.05789231807166879
1947,-576460540746,0.6902447351069563,3.2326870877911,-0.18492335532461232,-0.054000383745521234
1948,-576460540729,0.6869478336039023,3.2317232543023726,-0.1843118897256723,-0.053943785671801234
1949,-576460540711,0.6836304393816007,3.2307512168793036,-0.1836945690132023,-0.053886645640941234
1950,-576460540692,0.6803253259299401,3.229779680844225,-0.18351985814758232,-0.05405580589821123
1951,-576460540675,0.6814519089705372,3.2270813114703487,-0.18205297726222602,-0.05511723244565719
1952,-576460540656,0.6780835891583394,3.2260594263598055,-0.18187331653040603,-0.05529118531062718
1953,-576460540639,0.6748637713749703,3.225078634853568,-0.18170141058896602,-0.05545762975686718
1954,-576460540621,0.6715956592533557,3.224076501608787,-0.18116009183868603,-0.05581014848998718
1955,-576460540602,0.6683405490491738,3.223069029368907,-0.18061931401648604,-0.05616231495878718
1956,-576460540591,0.6802073702367358,3.232860496422563,-0.17765912427452446,-0.05164337112661628
1957,-576460540585,0.677013842998061,3.2319275893764097,-0.17711810603984446,-0.05199569415733628
1958,-576460540567,0.6738277197447989,3.2309881928695168,-0.17707268416214444,-0.05243391029965628
1959,-576460540548,0.6704653876766042,3.2299880281108053,-0.17702473758444445,-0.05289648396197628
1960,-576460540530,0.6672793514014842,3.2290319454812497,-0.17697929298444445,-0.053334919321976273
1961,-576460540513,0.676597601507771,3.223252320356355,-0.17328229689736496,-0.0562778290512407
1962,-576460540496,0.6736518210794535,3.2222958260473287,-0.17325972160948497,-0.0562442942387207
1963,-576460540478,0.670533707678685,3.2212838607168535,-0.17323582242524496,-0.056208792823760706
1964,-576460540457,0.6674149851439188,3.220272197301132,-0.17321191527372495,-0.05617327957368071
1965,-576460540442,0.6762975484766953,3.229176257299756,-0.17019823204379056,-0.05158849320839971
1966,-576460540424,0.6734076439999911,3.2282996577346528,-0.16987054610451055,-0.051565138834839715
1967,-576460540407,0.6703527585123028,3.2273716047606387,-0.16952346430415055,-0.05154040210661971
1968,-576460540390,0.6673049670733381,3.2264442546755503,-0.16917647890469056,-0.051515672248949713
1969,-576460540372,0.6691627128602197,3.223700312214177,-0.16743899503191684,-0.05246791326482102
1970,-576460540354,0.6661467525876074,3.2227531977225503,-0.16742585508880684,-0.052691082085981014
1971,-576460540335,0.6629686390142782,3.221750730639012,-0.16741200755979682,-0.05292626854754101
1972,-576460540318,0.6601264230856977,3.220850362825479,-0.16739962261813682,-0.05313661442250101
1973,-576460540300,0.6571135154392037,3.2198919500556498,-0.16738649288760682,-0.05335960979318101
1974,-576460540289,0.6686672854696064,3.229430254085203,-0.16451003700942146,-0.04900469584840031
1975,-576460540282,0.6656911286951098,3.2285379643612004,-0.16458343061889147,-0.04966171914604031
1976,-576460540265,0.6628860379212619,3.2276864548698616,-0.16465257570129146,-0.05028070941484031
1977,-576460540247,0.6601008532622286,3.226830912648322,-0.16472120138401147,-0.050895049991480305
1978,-576460540231,0.6573061037191915,3.2259623536727893,-0.16479003401504147,-0.05151124317984031
1979,-576460540213,0.6641957057620023,3.2211538318452066,-0.16188687795906373,-0.053774441316493886
1980,-576460540195,0.661280403855112,3.220183560846752,-0.16192761797454372,-0.053997523412413886
1981,-576460540177,0.6583434744464964,3.219202278470883,-0.1619686498628437,-0.054222203730613885
1982,-576460540159,0.6554256345870768,3.2182237204992545,-0.1621817538942637,-0.05448834135949389
1983,-576460540141,0.6640447738315468,3.226779667714473,-0.15952781326431487,-0.05042320537686126
1984,-576460540124,0.6611705568715522,3.2258694017314915,-0.15974094097001487,-0.05068937257166126
1985,-576460540106,0.6582936222254073,3.2249547000965837,-0.15995398581573486,-0.050955436285741264
1986,-576460540088,0.6554170104569477,3.224034742325539,-0.15981166207885486,-0.05130754404382126
1987,-576460540069,0.6525207654155507,3.223101268551052,-0.15966823879776487,-0.05166237206526126
1988,-576460540057,0.6660179551277361,3.2178119355745376,-0.15562808944156478,-0.054459405850671716
1989,-576460540048,0.6632372112888832,3.2168352923869903,-0.1554866833099248,-0.05480924346091172
1990,-576460540033,0.6604391110953627,3.215845334979626,-0.1553442646483648,-0.05516158606187172
1991,-576460540015,0.6576438466461031,3.2148515421587724,-0.1551371803432648,-0.05522304360089172
1992,-576460539998,0.6548580433782668,3.2138586882576767,-0.1549305215696148,-0.05528437485262172
1993,-576460539985,0.6682930124165715,3.2248838885140376,-0.15158435316863697,-0.05030091008760235
1994,-576460539979,0.6655643892928155,3.2239772644881195,-0.15137718835758698,-0.050362391518812354
1995,-576460539961,0.662839497828801,3.2230695329971812,-0.151170023546537,-0.050423872950022354
1996,-576460539943,0.6600600156226225,3.2221405479890555,-0.150980450002597,-0.05056373528194236
1997,-576460539924,0.6574094827660675,3.2212511725558044,-0.150799449411617,-0.05069727271658236
1998,-576460539907,0.6632291955649319,3.216961577162357,-0.14805193817588483,-0.05262646703621925
1999,-576460539890,0.6607143930554379,3.2160660397507073,-0.14787681088200483,-0.052755671308059256
2000,-576460539872,0.6580511134327072,3.2151092423956396,-0.14755076790120483,-0.05337825604275925
2001,-576460539854,0.6553607344802136,3.21412912278317,-0.14722067424776483,-0.05400857560721926
2002,-576460539834,0.6666680000025272,3.224755533436948,-0.14332330377685226,-0.0494266126098099
2003,-576460539816,0.6640920247734367,3.2238654282137724,-0.14331019228307226,-0.0496170307834699
2004,-576460539798,0.6614949339533951,3.2229644789868495,-0.14329697209826225,-0.0498090274765399
2005,-576460539780,0.6589327574120863,3.2220721501414906,-0.14328392844519225,-0.0499984603998299
2006,-576460539761,0.6684824406083086,3.2162662233008317,-0.1395796720615786,-0.0527872355312592
2007,-576460539742,0.666087195201986,3.2153596113909937,-0.13931016974113858,-0.052773911332359195
2008,-576460539726,0.6636081523457564,3.214419672774387,-0.13903068875877858,-0.052760093788259195
2009,-576460539709,0.6612492567910442,3.2135237599661655,-0.13876423024401857,-0.052746920075159194
2010,-576460539691,0.6587545963086785,3.2125746520000487,-0.13848187804289858,-0.0527329605779592
2011,-576460539679,0.669373418965665,3.2212189312711437,-0.1358315825297863,-0.048860483818209316
2012,-576460539673,0.666925448820567,3.2203315346097474,-0.1356673522118563,-0.04955871003708932
2013,-576460539656,0.6646075461755908,3.2194786708076557,-0.1355116644569063,-0.05022061749628932
2014,-576460539639,0.6621836170996992,3.218573620546714,-0.13534866361232628,-0.05091361660156932
2015,-576460539621,0.659748140599142,3.2176506448582565,-0.13518468829627628,-0.05161075867836932
2016,-576460539602,0.667726292598608,3.212579276441683,-0.13191722611758283,-0.054487822382077986
2017,-576460539585,0.6653511220714214,3.2115917417917332,-0.13178550810986284,-0.055152973659897984
2018,-576460539566,0.6629642373987424,3.210586252355924,-0.13165300772028285,-0.05582207581962798
2019,-576460539548,0.6605940895443588,3.2095788724511554,-0.13152130433652284,-0.056034453690547985
2020,-576460539531,0.6582481822179785,3.208576497803414,-0.13125184899647285,-0.05624498038859799
2021,-576460539513,0.6558884866689462,3.2075623474005965,-0.13098025069040287,-0.056457181395867986
2022,-576460539494,0.6535309341962557,3.206543187956621,-0.13070833546682287,-0.056669630012247986
2023,-576460539476,0.6511800116380454,3.205522982407416,-0.13078129894843288,-0.05680632229348798
2024,-576460539458,0.6593145301548688,3.2000742923764167,-0.1276801488889094,-0.059298094302356115
2025,-576460539440,0.657015502356457,3.1990056357135592,-0.1277531935267194,-0.05943493862439612
2026,-576460539421,0.6547113248925489,3.1979327285591514,-0.1278263598988294,-0.059572011007636115
2027,-576460539404,0.6524112736401121,3.196856435786347,-0.1277916943839894,-0.06004265589663611
2028,-576460539385,0.6501175952965298,3.1957743963601755,-0.1277571155521994,-0.060512123911886116
2029,-576460539373,0.6715983089190949,3.2132626110966895,-0.12240358466068073,-0.05278097745516381
2030,-576460539367,0.6692709082674178,3.2122541462259324,-0.12236695240375073,-0.05327832430191381
2031,-576460539350,0.6671905814228513,3.211344474471544,-0.12233419969488073,-0.05372299951016381
2032,-576460539330,0.6649927240058578,3.210374876458531,-0.12211663080156072,-0.054117954000323806
2033,-576460539315,0.6629206840242423,3.2094526783004267,-0.12191116116824073,-0.0544909446104838
2034,-576460539297,0.6659731741915436,3.2062374650497096,-0.12010311062514574,-0.056073212326966076
2035,-576460539280,0.6638136379364372,3.2052247584848517,-0.11988536024292575,-0.056468496275326074
2036,-576460539261,0.6616452344373422,3.204201357186058,-0.12008846657148574,-0.05678972625604607
2037,-576460539243,0.6594901214007378,3.2031802030871894,-0.12028998823911574,-0.05710844996035607
2038,-576460539225,0.6715672685046088,3.2136791445605057,-0.11694484710796035,-0.05237629138960293
2039,-576460539208,0.669580744772641,3.2127882909963987,-0.11713560207225035,-0.05259673213089293
2040,-576460539191,0.6675926623867553,3.2118924282757004,-0.11679772567802035,-0.052817484577702925
2041,-576460539173,0.6654943387359954,3.2109399808995693,-0.11644005020815035,-0.05305117280359292
2042,-576460539156,0.6674687622928891,3.208337601513662,-0.11488152212769825,-0.05417164396641969
2043,-576460539138,0.6654516139491369,3.2073831809417417,-0.11462676593149826,-0.054420979986319694
2044,-576460539121,0.6633857622921382,3.206398954310793,-0.11436527053679826,-0.054676911821969695
2045,-576460539105,0.6614476410871328,3.2054693192653776,-0.11411939848829826,-0.0549175527127197
2046,-576460539085,0.6593920824406673,3.204476684706863,-0.11385804802259826,-0.0551733427028697
2047,-576460539073,0.6737007049298949,3.215965181524204,-0.11029445382348309,-0.05017069843667947
2048,-576460539066,0.6717184921356559,3.215060125726847,-0.11009834073276309,-0.05045814271931947
2049,-576460539050,0.6697378287853616,3.214148985958579,-0.10990203139812309,-0.05074587463799947
2050,-576460539031,0.6677409533275949,3.2132234789813308,-0.10970375962428308,-0.05103648291707947
2051,-576460539014,0.6657879823980621,3.2123115742894566,-0.10950949994836308,-0.05132121063711947
2052,-576460538996,0.6686109290262913,3.2093885260211836,-0.10775459525176996,-0.05274084133353429
2053,-576460538978,0.6666773054579643,3.208437613282663,-0.10745114412796997,-0.05309251854633429
2054,-576460538959,0.6647423846351841,3.207477013881458,-0.10714662915214997,-0.05344542868425429
2055,-576460538942,0.6628146646069512,3.206510911222652,-0.10684238436096996,-0.053798025698334286
2056,-576460538921,0.67897540096399,3.2200533259651,-0.10235911353780269,-0.04814007893441763
2057,-576460538905,0.6771329690237818,3.2191812112072085,-0.1023782950862827,-0.04877232887661763
2058,-576460538887,0.6752887582892868,3.2182970255473116,-0.1023974915554027,-0.049405070623417625
2059,-576460538869,0.6734319117777535,3.2173954381526584,-0.1024168159157227,-0.05004202783821762
2060,-576460538851,0.6770873821930505,3.2142058212925924,-0.10070602475404505,-0.051715319060290456
2061,-576460538833,0.6752886719502048,3.213277944672419,-0.10066092098854505,-0.05216115674974046
2062,-576460538816,0.6734744677568687,3.2123335805013533,-0.10061540822164505,-0.052611037299850456
2063,-576460538797,0.671667597238661,3.2113857824530037,-0.10050553102676506,-0.05288740975601046
2064,-576460538777,0.6836180472917401,3.2213851152437214,-0.09693250962370763,-0.048428719402644635
2065,-576460538761,0.6818730909056328,3.220510322044418,-0.09682236336178762,-0.048705768639084636
2066,-576460538743,0.6801304086106739,3.2196306855826515,-0.09671223544534763,-0.04898277173141463
2067,-576460538724,0.6783886403157762,3.218745582071177,-0.09680682403997763,-0.04935659957847463
2068,-576460538705,0.6825063522304068,3.2153454842761855,-0.0951041990946467,-0.05107256553438805
2069,-576460538687,0.6807835342961845,3.21441736040068,-0.09519933942542669,-0.05144857392274805
2070,-576460538669,0.6790662361164194,3.2134863671255753,-0.09529408040432669,-0.05182300401454805
2071,-576460538651,0.6773663132125958,3.2125567397841435,-0.09497094884448669,-0.05222616957455805
2072,-576460538633,0.688596454787016,3.2218106270073505,-0.09141218717606243,-0.04823972140125038
2073,-576460538615,0.6869536916621882,3.220938510993519,-0.09108663244598243,-0.04864591030812038
2074,-576460538597,0.6853164264549998,3.2200588861522195,-0.09076100538246243,-0.049052189464150374
2075,-576460538579,0.6836707167054485,3.2191669938274394,-0.09083455318871243,-0.04936351533915037
2076,-576460538561,0.6870851938650124,3.216199401755843,-0.08938031422850953,-0.05079224941031378
2077,-576460538544,0.6854874091983412,3.215289052796969,-0.08945282323539953,-0.05109917807571378
2078,-576460538526,0.6838798424380299,3.21436760987322,-0.08936439148219953,-0.05139725393191378
2079,-576460538508,0.6822688662346084,3.213437912581114,-0.08927568430195953,-0.05169625816675378
2080,-576460538490,0.6806659114289907,3.212506566064551,-0.08918733124219953,-0.05199406877191378
2081,-576460538469,0.6935939652924878,3.2230355149430783,-0.08546183892955941,-0.04735566652852801
2082,-576460538453,0.6920579006059467,3.2221778143876283,-0.08513619378267942,-0.04790205842148801
2083,-576460538435,0.6905285482436012,3.221310758889956,-0.08481072946939942,-0.04844814689824801
2084,-576460538418,0.6890058984415219,3.2204343648327156,-0.08448544598971942,-0.04899393195880801
2085,-576460538397,0.6941425558663188,3.2166914567315943,-0.08209289909669748,-0.05108795557891954
2086,-576460538381,0.6926773826778948,3.215775282782563,-0.08209055993781748,-0.05157609070427954
2087,-576460538362,0.6912139750914437,3.2148514899405263,-0.08208822353119748,-0.052063651488669545
2088,-576460538345,0.6898176733696347,3.2139619305650444,-0.08208599420059748,-0.052528867674369546
2089,-576460538327,0.7013443333974956,3.2231706814394854,-0.07881857628200323,-0.04865165450203566
2090,-576460538308,0.6999302371794294,3.222291361247141,-0.07850424933585323,-0.04917559057163566
2091,-576460538291,0.6985088905176938,3.2213944214374437,-0.07818703737295324,-0.04970433553323566
2092,-576460538274,0.6971785766566593,3.220542876887123,-0.07788897143030324,-0.05020116693883566
2093,-576460538257,0.695793759266856,3.219643918193951,-0.07757747704605324,-0.05072038155083566
2094,-576460538245,0.7014206669347889,3.217325593720212,-0.07587966052337147,-0.05197601111299782
2095,-576460538238,0.7000529456005263,3.216385921143331,-0.07584493144096147,-0.05226411056661782
2096,-576460538220,0.6986894892888229,3.215443576909073,-0.07581029482047147,-0.052551442990797816
2097,-576460538203,0.6973615127847661,3.2145203702965257,-0.07577654429338147,-0.05283142471617781
2098,-576460538186,0.6961141456538584,3.21364850332692,-0.07568567790413147,-0.05303548920589781
2099,-576460538168,0.7104526805675675,3.2249357872154634,-0.07163464658346178,-0.04798897686398983
2100,-576460538151,0.709164007571886,3.2240698821380778,-0.07153533404996178,-0.048212009402629825
2101,-576460538133,0.7078769795284006,3.223199865158823,-0.07143601048296178,-0.048435066719909825
2102,-576460538114,0.7065936102171168,3.2223227219328425,-0.07100231485376178,-0.04891712262310983
2103,-576460538095,0.7129934103592829,3.21816972899677,-0.0682124332584698,-0.05116953806104843
2104,-576460538078,0.7117692821516017,3.217244188670454,-0.0677791467760898,-0.051651139194528434
2105,-576460538061,0.7106214575867362,3.21636298324163,-0.0673703369005298,-0.05210553439828843
2106,-576460538043,0.7094095749311996,3.2154232491180426,-0.0673356771645598,-0.05234998981530843
2107,-576460538025,0.7245729836402305,3.2270847329810466,-0.06318444051657537,-0.04718065722090107
2108,-576460538007,0.72336417572962,3.226179348953319,-0.06314757710484538,-0.04744065518208107
2109,-576460537988,0.7222298510146233,3.2253247421249878,-0.06311296552612537,-0.04768477094560107
2110,-576460537971,0.7210944694129435,3.2244612126951364,-0.06297049940222538,-0.04820966879360107
2111,-576460537953,0.7199617164541924,3.2235882785895944,-0.06282804118871538,-0.04873453749680107
2112,-576460537941,0.7239908024753253,3.2218991714061116,-0.061615259794215615,-0.04965017892391966
2113,-576460537936,0.722944117225622,3.2210506060664374,-0.061480735701875615,-0.05014581539271966
2114,-576460537919,0.7218866531290035,3.220182824642593,-0.06134452669646562,-0.050647659703919656
2115,-576460537898,0.720796374483359,3.2192766507718855,-0.061193112600465616,-0.051198237537769656
2116,-576460537883,0.7196959716824859,3.2183498114351683,-0.06103991165646561,-0.05175531277791966
2117,-576460537864,0.730474170954857,3.2265276449009543,-0.0578762020764053,-0.048385684137457634
2118,-576460537846,0.7294351020841795,3.2256561103203105,-0.0578523573352453,-0.04868337869528763
2119,-576460537828,0.7283870931919032,3.224771294887086,-0.0578282974775253,-0.04898375891989763
2120,-576460537811,0.7273517747684045,3.223891484729525,-0.0578045191303653,-0.049280624568227634
2121,-576460537793,0.7323694208491607,3.2204487749165804,-0.05596046201693619,-0.05096330544701337
2122,-576460537775,0.7313540340344977,3.2195197130538866,-0.05571868609821619,-0.05122123730421337
2123,-576460537756,0.7303636820037099,3.218605110227772,-0.05548185632125619,-0.051473892508813374
2124,-576460537739,0.7293673282825278,3.217676437453093,-0.05524256676949619,-0.051729171855163375
2125,-576460537719,0.7377802877494228,3.223888745124203,-0.05258271565919817,-0.04889530218092054
2126,-576460537703,0.736889206942066,3.223056518509913,-0.05247898420011817,-0.049227272162040536
2127,-576460537685,0.735944057186527,3.222165819417329,-0.05236873398047817,-0.04958010401900054
2128,-576460537667,0.7350037693580539,3.221271505401069,-0.05225882009463817,-0.04993185951276054
2129,-576460537650,0.7341162009022056,3.220419785625109,-0.05215485625947817,-0.05026457316300054
2130,-576460537637,0.7381901752811008,3.2187048815495793,-0.05093336453237423,-0.051195268067336736
2131,-576460537632,0.7372742613377556,3.2177776438964725,-0.05069370269037423,-0.05168824406658674
2132,-576460537614,0.7363651900177752,3.2168441293777956,-0.050454705652374233,-0.05217985258733674
2133,-576460537593,0.7354591592809925,3.2159004614008837,-0.050215376212374235,-0.05267214484733674
2134,-576460537578,0.7346074191689421,3.215001082925614,-0.04998934285237423,-0.05313708753733674
2135,-576460537561,0.747268492099285,3.224362014159325,-0.04625675942474698,-0.04884767482450748
2136,-576460537544,0.7464850898890617,3.2235310789067184,-0.046000463707016985,-0.04900726866091747
2137,-576460537525,0.7456581544767427,3.2226459504162674,-0.04572836738771698,-0.04917670143901747
2138,-576460537507,0.7447897930332231,3.2217084717036704,-0.045759958326826985,-0.04959364177305747
2139,-576460537488,0.7481476209531309,3.2190339936560957,-0.04453863737257769,-0.050952993728994644
2140,-576460537471,0.7473454330419016,3.2181130248784213,-0.04456860075342769,-0.051348453388394645
2141,-576460537453,0.7465877939378482,3.217237237720799,-0.04459688165840769,-0.05172170756511464
2142,-576460537437,0.745832523582736,3.2163546575734987,-0.04427936629548769,-0.05213568797503464
2143,-576460537418,0.7570167348056347,3.224433101265005,-0.040872716125819636,-0.04867303932098306
2144,-576460537401,0.7562838091437807,3.223552745969701,-0.040536332175199634,-0.04911162082610306
2145,-576460537383,0.7555559354184739,3.2226632548131455,-0.040199481180329635,-0.04955081126922306
2146,-576460537365,0.7548306829692806,3.2217653775118573,-0.04014309655238964,-0.04991493607632306
2147,-576460537346,0.7491798942285118,3.2229742298053967,-0.0415603436271211,-0.049134944197397654
2148,-576460537328,0.7483920149513963,3.222038461442148,-0.0415010951073111,-0.04951756365654766
2149,-576460537310,0.7476454182935327,3.221143778213791,-0.0414448728810911,-0.04988063969384766
2150,-576460537293,0.7469424016650927,3.2202921086966767,-0.041228923607401095,-0.050274533718747655
2151,-576460537275,0.7462013950576505,3.219382249147408,-0.041000073500991094,-0.05069195901484765
2152,-576460537263,0.7559211970136178,3.2267013431669307,-0.03850141805250316,-0.04751868961831601
2153,-576460537257,0.7552298075105212,3.2258417274275955,-0.038272720318133155,-0.047935836986016014
2154,-576460537240,0.7545774287896929,3.2250189283958837,-0.038055666347153155,-0.048331745991816014
2155,-576460537221,0.7538936251006143,3.2241440852862144,-0.03785925889055316,-0.04879210742691601
2156,-576460537205,0.7532562270763679,3.2233169815278595,-0.03767525841067316,-0.04922338802309601
2157,-576460537183,0.755849149706773,3.2210260106824626,-0.036503837981217875,-0.050442186099907284
2158,-576460537169,0.755196715152343,3.2201179327208154,-0.03630845535397788,-0.05090014542704729
2159,-576460537151,0.7545438278266967,3.2191982925305416,-0.036198327437537876,-0.051231032347827284
2160,-576460537134,0.7539229512932295,3.2183155865552817,-0.03609328733421788,-0.05154663258316728
2161,-576460537115,0.7636517723434989,3.225190207526319,-0.03330623040123455,-0.04848496309156688
2162,-576460537099,0.7630917331112116,3.224370737851926,-0.03318305278615455,-0.048804562539746875
2163,-576460537079,0.7624949947258348,3.223488248511272,-0.03305129821853455,-0.04914641594451687
2164,-576460537064,0.7619345414346123,3.22265056216794,-0.03292707499031455,-0.04946872836438687
2165,-576460537045,0.7640142515229255,3.2206127822463277,-0.03200109379304838,-0.05042963274631722
2166,-576460537028,0.7634394540553588,3.219701513997845,-0.03182628587122838,-0.050760556413937216
2167,-576460537010,0.7628681848717063,3.2187848985796226,-0.03165159441684837,-0.05109125960051721
2168,-576460536992,0.7622998081446279,3.217861919458455,-0.031476825317508374,-0.051422109774457214
2169,-576460536974,0.7617338585399955,3.2169317923952665,-0.031301832988908374,-0.05175338253705721
2170,-576460536961,0.7774528378905163,3.2286637324357383,-0.02723140838949975,-0.04664588171974885
2171,-576460536956,0.7769616001026157,3.2278153147356923,-0.027034019713299752,-0.04707604040629885
2172,-576460536936,0.7764763245400391,3.2269633369702477,-0.026837601354259753,-0.04750408453205885
2173,-576460536919,0.7759993565970377,3.22611222703223,-0.026643134531979754,-0.04792787577712885
2174,-576460536902,0.7755212554556049,3.2252451443800467,-0.026446770685139755,-0.04835580110733885
2175,-576460536886,0.7765688861351857,3.2247913764638674,-0.02613573221394627,-0.04860108096575586
2176,-576460536884,0.7761009329833715,3.223911252477631,-0.02585328587450627,-0.04917960853945586
2177,-576460536865,0.7756344590981491,3.2230136976213646,-0.02556862728454627,-0.04976266740900586
2178,-576460536848,0.7751807356703703,3.222120666599753,-0.02528867561058627,-0.05033608522355586
2179,-576460536830,0.7747279312067382,3.2212129856905216,-0.025006166512266267,-0.050483742526255856
2180,-576460536812,0.7866400881537249,3.229502330827619,-0.021813121047033483,-0.04661718343133059
2181,-576460536793,0.7862470173340248,3.2286613318748665,-0.02183231751615348,-0.046764889936730586
2182,-576460536771,0.785853862965614,3.227818235383105,-0.02185150119615348,-0.04691249803673059
2183,-576460536756,0.7854396355554351,3.2269213921353748,-0.021723862803313482,-0.04743246806157059
2184,-576460536738,0.7856653003006667,3.225790595659418,-0.021420002953134336,-0.04807181598073423
2185,-576460536721,0.7852788257545937,3.22491630719442,-0.021298527617554335,-0.048566679100314224
2186,-576460536704,0.784921385897094,3.2240952036981465,-0.021185558375164334,-0.049026890314704225
2187,-576460536686,0.7845415849561952,3.2232078703910325,-0.020934985142504334,-0.04937982002286422
2188,-576460536667,0.7841671302405662,3.222316161643895,-0.020684967689444334,-0.049731966921424224
2189,-576460536655,0.7910201648515275,3.227374817095916,-0.018897926124229997,-0.04752125750227161
2190,-576460536649,0.7906637426484683,3.2264687160262175,-0.018634028075659996,-0.04789295507059161
2191,-576460536631,0.7903471138158595,3.2256468369999554,-0.018396418402169996,-0.04822762574483161
2192,-576460536614,0.7900192815916959,3.224780056129655,-0.018265650951849996,-0.04870604349027161
2193,-576460536596,0.7897035819157913,3.223931274945144,-0.018138831970729997,-0.04917001560931161
2194,-576460536584,0.7910242582427744,3.223352755688153,-0.017748154247784774,-0.049481846781285276
2195,-576460536578,0.7907116489115738,3.2224738355757236,-0.017618893065344775,-0.049954753787765274
2196,-576460536560,0.7903932627162329,3.2215633054190156,-0.017486261060124776,-0.05043999307900528
2197,-576460536543,0.7900830879327766,3.220659931384759,-0.017238035996274777,-0.05069340006475528
2198,-576460536525,0.7897748333502405,3.219744489951909,-0.016987754547904778,-0.050948906363905276
2199,-576460536507,0.799414105043008,3.226178633770297,-0.014138457954472015,-0.04798290255507581
2200,-576460536489,0.7991595315110019,3.2253116306213645,-0.014114528228992016,-0.04823852233062581
2201,-576460536466,0.7989055864850878,3.224440699865056,-0.014090617093832017,-0.04849394352247581
2202,-576460536452,0.798638118508033,3.223516803390297,-0.014065388701712016,-0.04876343578792581
2203,-576460536434,0.797860962038231,3.222870094698995,-0.01419639807671582,-0.04889355472757953
2204,-576460536417,0.797617948980409,3.2220280214474926,-0.01411195509725582,-0.04919873387426953
2205,-576460536399,0.797366693887435,3.2211464971277084,-0.01402411354485582,-0.049516195552869534
2206,-576460536382,0.797129496518553,3.2203039467641923,-0.01394067882509582,-0.04981773082250953
2207,-576460536362,0.808746714075147,3.2281193391681176,-0.01073876546420727,-0.046314073251853397
2208,-576460536345,0.808555397418893,3.227281445752799,-0.010521002982727271,-0.046795540629533394
2209,-576460536328,0.8083679279293936,3.2264345559479057,-0.01030315580642727,-0.047277195265333395
2210,-576460536307,0.8081830294555743,3.2255725940252358,-0.01008368732928727,-0.0477624345565734
2211,-576460536292,0.8080008987130679,3.22469589568082,-0.00986273064316727,-0.048250964240493396
2212,-576460536279,0.8077968665203794,3.224786766083549,-0.009922885795973817,-0.04820219856103333
2213,-576460536274,0.8076224293924247,3.2239338934422506,-0.009899515107973817,-0.04871514704103333
2214,-576460536257,0.8074427645265866,3.223043878913962,-0.009875386200493816,-0.04924473720183333
2215,-576460536239,0.8072653803154575,3.2221535484924964,-0.009851505606573815,-0.04976887728503333
2216,-576460536220,0.8070898211090688,3.2212609332504027,-0.009827813571613815,-0.05028887880663333
2217,-576460536208,0.8145859488968179,3.226722875719337,-0.00785492061738505,-0.04788845621572488
2218,-576460536203,0.8144475135329073,3.2258579043566704,-0.007540471276585051,-0.04830497824452488
2219,-576460536184,0.8143145092276632,3.224983931884201,-0.007225479902335051,-0.04872221825502488
2220,-576460536165,0.8141865438010779,3.2240979219047654,-0.006908879912685051,-0.04914158904992488
2221,-576460536148,0.8140631426645857,3.223215356579815,-0.0068851214837250515,-0.049513153287444885
2222,-576460536129,0.8125211334214487,3.2229584571583203,-0.0072786690812463835,-0.0495455968581477
2223,-576460536112,0.8123902889659668,3.2220629726343564,-0.007254759273966384,-0.049919528540507706
2224,-576460536094,0.8122598967230291,3.221160905976807,-0.007230853450326384,-0.05029339792168771
2225,-576460536076,0.8121295904579099,3.2202513465408242,-0.0072500339330463836,-0.05078560813297771
2226,-576460536055,0.818505778861176,3.224038736087972,-0.005551181615319073,-0.04920928530638817
2227,-576460536039,0.8184056125241413,3.223147892199298,-0.005570379150199073,-0.04970193311079817
2228,-576460536021,0.8183051450984903,3.222248575801495,-0.005589568158999073,-0.050194362118648174
2229,-576460536003,0.8182062721004234,3.221341266185965,-0.005393269726799073,-0.050589821778048175
2230,-576460535984,0.815030870019278,3.221808736266131,-0.006101759000004466,-0.050246420033549746
2231,-576460535967,0.8149221491075486,3.220895121185203,-0.005904304909164466,-0.05064420786422975
2232,-576460535949,0.8148169186853225,3.2199735361364668,-0.005706687281724466,-0.05104232515310975
2233,-576460535931,0.8147147087599401,3.2190645033303165,-0.005810572888684466,-0.05138967734286975
2234,-576460535912,0.8244681408971981,3.2253186803966774,-0.003307540705568465,-0.048571870614076404
2235,-576460535895,0.8244076535591195,3.2244411674225995,-0.003412901278608465,-0.048924154504316406
2236,-576460535877,0.8243480780620556,3.2235586212052607,-0.003205862976908465,-0.0491256418893164
2237,-576460535859,0.8242918309265362,3.222665887204831,-0.002997295062158465,-0.0493286178768164
2238,-576460535841,0.8242395753570332,3.2217731870729294,-0.002789589711158465,-0.049530754426816405
2239,-576460535828,0.8252150823390987,3.221334172947344,-0.002503364827100058,-0.04976515648135274
2240,-576460535823,0.8251719446188859,3.220437886074055,-0.002296648549200058,-0.04996633047635274
2241,-576460535805,0.8251309817931624,3.219543216173751,-0.002294309783500058,-0.05030488278270274
2242,-576460535787,0.8250897444119603,3.2186355158328483,-0.0022919529315200576,-0.05064605320159274
2243,-576460535768,0.8250484898845736,3.217720354550076,-0.002289592671980057,-0.05098771688806274
2244,-576460535756,0.8346887716066633,3.2246829902930223,2.682753857865313e-4,-0.04790951157343072
2245,-576460535748,0.8346936163826644,3.2238185106645365,2.706318445865316e-4,-0.04825062507683072
2246,-576460535733,0.8346995279550742,3.2229403137977717,3.8149969538653176e-4,-0.04862713187463072
2247,-576460535713,0.8347073394247059,3.222066267156821,4.909977503465319e-4,-0.04899898685099072
2248,-576460535697,0.8347171554189973,3.2211819579538767,6.009422119865321e-4,-0.049372357822730716
2249,-576460535684,0.8320670121283255,3.2223828053345724,-1.7593938921960084e-4,-0.04873209652450346
2250,-576460535678,0.8320647728870838,3.2214529996661714,-5.973300373960069e-5,-0.049126732965683456
2251,-576460535661,0.8320648190007471,3.2206099872974487,6.513367872039923e-5,-0.04960400062014345
2252,-576460535643,0.8320671635670276,3.219715744403112,1.9628866398039917e-4,-0.05010530353740345
2253,-576460535626,0.8320715423159145,3.21886224242958,3.202559729003991e-4,-0.05057913359032345
2254,-576460535609,0.8320780419149177,3.2179985118380565,4.4453769696039906e-4,-0.051054165406383446
2255,-576460535591,0.832086863824288,3.217076345169629,5.332842239203989e-4,-0.05115894348602345
2256,-576460535573,0.8320972578459777,3.2161546972740322,6.217995889003987e-4,-0.05126344864559345
2257,-576460535555,0.8321094382662976,3.2152171963008382,7.116527423603986e-4,-0.05136953325748345
2258,-576460535537,0.8412018455584699,3.2210332766036545,0.0034605361691847896,-0.048787399863695416
2259,-576460535519,0.8412676470720705,3.2201464304586085,0.003809545987544789,-0.04919582243727542
2260,-576460535501,0.8413393589155175,3.2192570521558026,0.004156666348264788,-0.04960203390643542
2261,-576460535483,0.8414172797806393,3.2183608104950006,0.004503613187364788,-0.050008042314985415
2262,-576460535465,0.8347615599962933,3.2206177280493766,0.0026421653545480863,-0.04862664244833446
2263,-576460535447,0.8348099665204747,3.2197424032818236,0.0027519202462280867,-0.04891344753977445
2264,-576460535429,0.8348604659831363,3.2188598153108527,0.0028619380897880868,-0.04920093976175445
2265,-576460535411,0.8349130101613318,3.2179709663179454,0.002972090466868087,-0.04948878353889445
2266,-576460535395,0.8349610449636462,3.217175834118449,0.003022144550838087,-0.04973530075588445
2267,-576460535382,0.8458070988560892,3.2251451259675643,0.005904985359543012,-0.04621172228860546
2268,-576460535376,0.8459198334420027,3.224264512922546,0.005964311957103012,-0.04650390679312546
2269,-576460535358,0.846027871597674,3.22342359416949,0.0060206185072930124,-0.04678121751285546
2270,-576460535337,0.8461367000600493,3.222579416936484,0.006076809502413013,-0.047057959121895455
2271,-576460535322,0.8462471807167522,3.22173133673365,0.0062295850064130135,-0.04740934278109545
2272,-576460535303,0.8460262907506692,3.221031777224815,0.006285249524046017,-0.04767912083922705
2273,-576460535286,0.8461407199691179,3.220171007077182,0.006438297309646017,-0.04803113074610705
2274,-576460535268,0.8462579811548401,3.219303324728257,0.006591447200846017,-0.04838337549586705
2275,-576460535251,0.8463694236992204,3.2184767466751194,0.006491734811406017,-0.048655607027947044
2276,-576460535233,0.8530281868607064,3.222358381750105,0.008127686032690403,-0.04684163312017734
2277,-576460535216,0.8531645884790783,3.2215651828314646,0.008028857452290403,-0.04711145170547734
2278,-576460535199,0.8533002808675165,3.220761694775326,0.007929320654050402,-0.04738320384415734
2279,-576460535180,0.8534461493234764,3.2198971456085386,0.008138141587500402,-0.04784719399553734
2280,-576460535164,0.8535849346801123,3.2190871478301952,0.008331965412550402,-0.048277861287557344
2281,-576460535151,0.8495480951667758,3.2209758141125766,0.007157234736061953,-0.047289222379924015
2282,-576460535146,0.8496788769015534,3.220119895314412,0.007364388046261953,-0.04774950715200402
2283,-576460535129,0.8498049294321791,3.219306651247989,0.0074784180327119535,-0.048010759721454015
2284,-576460535113,0.8499329719094252,3.218488631902211,0.007592495014151954,-0.04827211996049401
2285,-576460535093,0.8500710098161686,3.2176154456380224,0.007713587676241955,-0.04854955373118401
2286,-576460535075,0.8613515962897496,3.224771092572115,0.010807492902592518,-0.04527704976203334
2287,-576460535058,0.8615361603487133,3.2240014612484953,0.011002144788842518,-0.04566904460953334
2288,-576460535039,0.8617361966033615,3.22317511337921,0.011209298099042518,-0.04608621513793334
2289,-576460535023,0.8619396672795838,3.2223424605145654,0.011416152387142518,-0.04650278348813334
2290,-576460535005,0.8554540491656506,3.2246499046037806,0.009680074895358106,-0.045278474236505696
2291,-576460534987,0.8556215493127703,3.223868758649737,0.009836400155008106,-0.045737657897905695
2292,-576460534969,0.8557976400741798,3.2230524238029483,0.009998107775768105,-0.0462126514948657
2293,-576460534951,0.8559791525166496,3.2222159355282587,0.010162101306238106,-0.046694359632985696
2294,-576460534931,0.8664560498907163,3.2288746148411325,0.013059349255812066,-0.04385596222890397
2295,-576460534917,0.8666938404335024,3.2280822752136467,0.013363290089272065,-0.04418666541548397
2296,-576460534899,0.8669370742729219,3.227284072294206,0.013667197149652064,-0.04451733185522397
2297,-576460534881,0.8671859870961699,3.2264792456488083,0.013971357508132064,-0.04484827389626397
2298,-576460534861,0.861027105526954,3.228641990423735,0.012429008454679046,-0.0436272247649207
2299,-576460534844,0.8612485311080991,3.2278674054352225,0.012600729989339046,-0.043931130348720704
2300,-576460534825,0.8614805451722017,3.2270612975392496,0.012778187545419047,-0.0442451873031207
2301,-576460534808,0.8616992285953738,3.226306469187501,0.012943221907899047,-0.0445372582095207
2302,-576460534792,0.8619206527216855,3.2255468986084908,0.013108207742279047,-0.0448292432329207
2303,-576460534779,0.8669998595951579,3.2291670207601912,0.014465109067915103,-0.043232099053350306
2304,-576460534774,0.867260808900628,3.2283842913474765,0.014489044104915102,-0.0436172116501003
2305,-576460534756,0.8675217542463632,3.227595940340318,0.014512939305515102,-0.0440016832827503
2306,-576460534738,0.8677858479975034,3.2267923701815966,0.014537082819675102,-0.0443901502582903
2307,-576460534720,0.868046411663437,3.225997433737336,0.014646281231795103,-0.0446434437676403
2308,-576460534701,0.8642261062968434,3.227111364885153,0.013574293631605956,-0.04390207634555825
2309,-576460534682,0.8644847109505256,3.2262759902644134,0.013690298216805957,-0.04417115725905825
2310,-576460534666,0.8647182331011896,3.225523341809249,0.013794213130685956,-0.04441219531720825
2311,-576460534648,0.8649700358315696,3.2247210787825833,0.014131120170865957,-0.04456008223250825
2312,-576460534630,0.8749646583006351,3.230856207765833,0.017071403485978617,-0.04164170932736956
2313,-576460534611,0.8752751963114808,3.230104785263221,0.017407918208988616,-0.041789424033219565
2314,-576460534594,0.8755914233330598,3.229351582653718,0.017744040614828618,-0.04193696652961956
2315,-576460534576,0.8759139223944618,3.228588204579552,0.017844026191828618,-0.04230250314221956
2316,-576460534557,0.8739159855936929,3.2289144234359206,0.0172728221283915,-0.042099770036358
2317,-576460534540,0.8742255665188727,3.2281587953278787,0.0173714174843915,-0.042460224149158
2318,-576460534519,0.8745390059815165,3.2273915865573275,0.0174706748503915,-0.042823098499958
2319,-576460534504,0.8748543183450905,3.226617934202191,0.0175484681498315,-0.043100086210918
2320,-576460534486,0.8826811394935448,3.2311328491651863,0.019637538938888754,-0.04103555712522974
2321,-576460534467,0.8830352164466704,3.2303919239169088,0.019715276079238755,-0.04131234487837974
2322,-576460534449,0.8833915294470385,3.229645976083671,0.019868460005638754,-0.041556936156799736
