1,-576460734749,0.8996555315408042,3.150762751588219,0.0,0.0
2,-576460734740,0.8996558754719491,3.150762008175378,9.12284204e-5,-1.97191735e-4
3,-576460734729,0.8996585816560586,3.150756158713802,2.7167678404e-4,-5.872338485e-4
4,-576460734713,0.8996644121713638,3.150743555958828,4.6357104764e-4,-0.0010020164635
5,-576460734700,0.9000430551362257,3.152184373718302,0.0010054838192582191,0.0010992806667853162
6,-576460734695,0.90006345373072,3.1522013115990557,0.0012561265243682188,7.786372613953166e-4
7,-576460734677,0.9000883691487267,3.1522124640193576,0.0015067275460082185,4.58047181035317e-4
8,-576460734658,0.9001178553751308,3.1522178382557517,0.0017577315078582182,1.3694162538531733e-4
9,-576460734641,0.9001515246721579,3.152217443676791,0.0020063039339582177,-1.8105330351468233e-4
10,-576460734619,0.899510236664147,3.1536982325794685,7.87278948815172e-5,0.00400977961698364
11,-576460734605,0.8995133264545913,3.153766217872256,2.6433438727151707e-4,0.00353869013123364
12,-576460734587,0.8995197492288681,3.153825646868404,4.4970388697151693e-4,0.00306820215873364
13,-576460734568,0.8995293217214612,3.153875484325239,6.13670095811517e-4,0.0024680627640536403
14,-576460734549,0.9003607562903962,3.156972825584283,0.003295747553051982,0.01133158990113504
15,-576460734531,0.9004216762086561,3.157171769732981,0.0034599960854019823,0.01073041716268504
16,-576460734514,0.9004852249572337,3.157358939699786,0.003623406754431982,0.01013231112187504
17,-576460734497,0.9005472335119522,3.157528774867573,0.003646060387231982,0.009778025078275038
18,-576460734479,0.8991771643643571,3.1607504659577064,-2.956688911159699e-4,0.017950188362751168
19,-576460734463,0.8991720479298436,3.161070820245141,-2.717205753159698e-4,0.017575654435651168
20,-576460734444,0.8991673767848436,3.1613834909224146,-2.4784396503596973e-4,0.017202241929791168
21,-576460734426,0.8991648758541545,3.1616884066310154,-3.012988059596973e-5,0.016688578188131166
22,-576460734407,0.9006299258088795,3.1671334914914993,0.003707862275138997,0.028692652894197347
23,-576460734389,0.9007016222671371,3.16766679869999,0.003934868591258997,0.028157065525017348
24,-576460734371,0.9007744224399201,3.1681690842938233,0.0041526915690389965,0.027643144865847347
25,-576460734354,0.900845173586172,3.168637470096864,0.0041651013126789965,0.027422197603087346
26,-576460734337,0.9009161107819295,3.169101933937335,0.004177506679498996,0.027201328266707347
27,-576460734319,0.8994474835069977,3.1726995012146695,0.0010183609069311676,0.033410235783952386
28,-576460734301,0.8994660487406442,3.173302530303201,0.0010315737970411677,0.033174989030462385
29,-576460734283,0.8994860434912112,3.1738889035822955,0.0012051005770211682,0.03241853175868238
30,-576460734265,0.899509318650762,3.174465836217398,0.0013798793819811686,0.03165661652012238
31,-576460734235,0.9015200708228063,3.1812002020767376,0.005147078684584859,0.04209833828765208
32,-576460734228,0.9016140342809931,3.181952873059174,0.005310735248284858,0.04167138708095208
33,-576460734210,0.9017118037152121,3.1827043880527337,0.005475830751164859,0.041240681934872084
34,-576460734193,0.9018063890153961,3.183403353218933,0.005630944751884859,0.040836016773352087
35,-576460734174,0.8998827316047239,3.187783656222528,0.00249724179565069,0.04642216681000406
36,-576460734158,0.899926597826367,3.1885677672099857,0.0026622761581306907,0.04580448426712406
37,-576460734141,0.8999735134769058,3.1893452610541004,0.002828145203930691,0.04518367771232406
38,-576460734122,0.9000288073167406,3.1901943464804816,0.0030119308242506915,0.04449581387840406
39,-576460734105,0.9041269841309278,3.201450212109212,0.009103213979875659,0.05939354756789636
40,-576460734087,0.9042929118651734,3.2025142383771867,0.00934242375515566,0.05889073545971636
41,-576460734068,0.9044631815491264,3.2035694521039932,0.00958168671475566,0.058387811559616365
42,-576460734051,0.9046284132510927,3.2045604966374825,0.009808291806195659,0.057911494136476366
43,-576460734033,0.9048069758031698,3.2055975722384136,0.010047435101075659,0.057408821768196366
44,-576460734020,0.901291908490052,3.211083995701943,0.005334205867582764,0.0648616039357007
45,-576460734015,0.9013892751845536,3.2122469458726868,0.005487321723582765,0.0643909851994507
46,-576460733996,0.9014902095101146,3.2134106315208903,0.005641662846782765,0.0639166004672007
47,-576460733979,0.9015934392091655,3.2145601927326917,0.005795263704382765,0.0634444910242007
48,-576460733960,0.9016980618033081,3.2156866211284787,0.005946890520382765,0.0629784490192007
49,-576460733942,0.9070839352155947,3.227937172331268,0.012306265244213476,0.07625255821908845
50,-576460733924,0.9073178921221573,3.229381687633006,0.012342832007283476,0.07593785443831845
51,-576460733906,0.9075283327565196,3.2306722783166406,0.012375630947113475,0.07565557759718845
52,-576460733889,0.9077399045002938,3.231953863303514,0.012560634451473474,0.07539457112965846
53,-576460733871,0.9037442687425343,3.2388414223704567,0.008050115734052416,0.08138606551970035
54,-576460733851,0.9038909947458119,3.2403044475319005,0.008246435971132416,0.08110909319011035
55,-576460733835,0.9040412136739538,3.241762081091809,0.008442701696012415,0.08083219776737036
56,-576460733818,0.904194630348995,3.2432231985407602,0.008477633038872414,0.08031453753111036
57,-576460733799,0.9086092795790925,3.251867686251851,0.012902712552530372,0.08738035131590448
58,-576460733781,0.9088398481294511,3.253422530278345,0.012937089123870373,0.08687091243996448
59,-576460733764,0.9090731056232695,3.254982100329035,0.012971773901610372,0.08635690614162447
60,-576460733746,0.9093092762239801,3.25653521273496,0.013233008424110373,0.08597179354487447
61,-576460733727,0.9095496158188351,3.2580779600019976,0.013493663230610372,0.08558753556692447
62,-576460733715,0.9123916410652584,3.254985498086375,0.01624198610866642,0.08253279547206628
63,-576460733710,0.9126860311133226,3.2564660663787524,0.01650258294356642,0.08214862295599629
64,-576460733692,0.9129854589830461,3.2579414439138663,0.016763484129366422,0.08176400176505629
65,-576460733673,0.9132882303133362,3.259411841203353,0.01686282976336642,0.08154089489049629
66,-576460733656,0.9135926210383253,3.2608774076057427,0.01696212022986642,0.08131791190913629
67,-576460733643,0.9160601944178133,3.2642443000408603,0.019189034732640293,0.0844343451860085
68,-576460733637,0.9164260133777414,3.2658473267136197,0.019293919183640294,0.0841987994341685
69,-576460733619,0.9167559272586211,3.2672778101480975,0.019469314382300294,0.0838758609439085
70,-576460733599,0.9171067862851021,3.268779155970221,0.019654127464380295,0.08353558220102851
71,-576460733584,0.9174621306344497,3.270279307042696,0.019839548484230293,0.08319418412017851
72,-576460733565,0.9205524781116423,3.2692832368438838,0.02232385436652236,0.08069761851849265
73,-576460733548,0.9209393422099311,3.2706709433905328,0.022532554502262363,0.08020522183738266
74,-576460733530,0.9213411555692896,3.2720899297325428,0.022747292168742363,0.07969858050766265
75,-576460733513,0.921752704699138,3.27352035477446,0.022965151444302362,0.07918457420932265
76,-576460733494,0.9195367200797714,3.2719306226392435,0.021102443436159617,0.07629627068295926
77,-576460733479,0.9198954171636583,3.2732192830689875,0.021256683144719617,0.07588375172423927
78,-576460733461,0.9202580111230135,3.274505485307769,0.021411469285879618,0.07546977131431927
79,-576460733440,0.920645432326002,3.275861871048974,0.021575626746129617,0.07503072701631927
80,-576460733424,0.9210567086051837,3.2772820143764596,0.021748536235189617,0.07456827514159928
81,-576460733412,0.9247043145469502,3.2744865792241895,0.024507038172585895,0.07237952999840021
82,-576460733407,0.9251472430438104,3.275786384066923,0.024628077126115897,0.07181092346364021
83,-576460733390,0.9255657275894671,3.2769992625122013,0.0247418922783259,0.07127625229032021
84,-576460733373,0.9259896463648832,3.278213050926508,0.0248566540439059,0.0707371341969602
85,-576460733355,0.9264360306729105,3.279475245598247,0.0249769276504559,0.0701721230443602
86,-576460733341,0.9294949265018808,3.282405540363038,0.027168278662974773,0.07234977600082206
87,-576460733338,0.9299899575183428,3.2837146514732543,0.027344552133414773,0.07180957982080205
88,-576460733319,0.930451760947335,3.2849195648069416,0.027507975362974772,0.07130876365082205
89,-576460733302,0.9309259186563,3.2861406139650597,0.027674766442674772,0.07079762658697204
90,-576460733286,0.9313927533099795,3.28732715238543,0.027838005265454772,0.07029737553798204
91,-576460733267,0.940175428149301,3.283081675961873,0.03362016091022607,0.06574031122962806
92,-576460733248,0.9408149362835712,3.284322731609675,0.03378162389902607,0.06506234979506806
93,-576460733232,0.9413923532961124,3.285427238383065,0.03392674999182607,0.06445298479570806
94,-576460733213,0.9420027092367816,3.286578413745848,0.03407948295182607,0.06381167958120806
95,-576460733196,0.9371688423476559,3.283169965496419,0.030752831542080025,0.060104798215021744
96,-576460733180,0.9376917685941782,3.28418345040882,0.030927546674760026,0.059438126106901745
97,-576460733162,0.9382551119021498,3.2852563635617367,0.031114667859560026,0.058724115403701746
98,-576460733144,0.9388184239979145,3.286311082446032,0.03134370843102002,0.05821998974046175
99,-576460733126,0.9393792691002891,3.2873446446856236,0.031570095189450025,0.057721705205041746
100,-576460733113,0.9482808979619318,3.2821504290039765,0.03711775410096622,0.054299658779184336
101,-576460733108,0.9489511865972828,3.2831234566789016,0.037346350253976215,0.053796511295244334
102,-576460733090,0.949625252475173,3.2840869465482667,0.03757483212795622,0.05329361534312434
103,-576460733072,0.9503063118377665,3.285049353456451,0.037609730723886216,0.05294990269901434
104,-576460733054,0.954931308910572,3.2889076431567585,0.040001418553149114,0.054457851167357005
105,-576460733033,0.9556659395110235,3.2899041293722275,0.04003677945867912,0.054109585284047
106,-576460733017,0.9563867933859104,3.290874867166518,0.04007144689980912,0.053768149259537004
107,-576460732999,0.957109580062113,3.2918387521940473,0.04027835869215912,0.053383763088767
108,-576460732981,0.9578367370541715,3.292796569717274,0.04048545449810912,0.052999035070477
109,-576460732967,0.9640076094258775,3.2895232718519583,0.04403444647371535,0.05098182471524204
110,-576460732963,0.9648020483586484,3.2904374328934356,0.04424145027286535,0.05059726762071204
111,-576460732945,0.96559941308249,3.2913437684595177,0.04444824705671535,0.05021309510464204
112,-576460732927,0.9664021087977991,3.2922432042932748,0.044601643703115354,0.04956900315996204
113,-576460732909,0.9672112846455071,3.2931350890820212,0.04475574657991535,0.048921945848552036
114,-576460732892,0.9647217779435889,3.2917953637703845,0.0431138454627232,0.046996373395663205
115,-576460732873,0.9655022775662386,3.2926388016602446,0.043267607987523195,0.046350745176653205
116,-576460732854,0.9662799921148136,3.2934656577256245,0.0434631323464832,0.04586025798827321
117,-576460732838,0.9670637890769636,3.294286394162643,0.0436592999494032,0.045368157175263206
118,-576460732818,0.9630184213967042,3.297519462059676,0.041284523762140105,0.046220952301802155
119,-576460732800,0.9637634059621227,3.298347881052549,0.041491539062140106,0.04582560246180216
120,-576460732783,0.9645126588851198,3.2991697743397292,0.04169870387319011,0.04542996709136216
121,-576460732765,0.9652650986925373,3.299983955598814,0.04190571917319011,0.045034617251362166
122,-576460732745,0.9580002030016782,3.2957746844667266,0.03803234382197748,0.04183602324065975
123,-576460732729,0.9586473414931074,3.2964821357165968,0.03814640737627748,0.04144252294765975
124,-576460732710,0.9593738708688125,3.2972659371785578,0.03827405919625748,0.04100214539785975
125,-576460732693,0.9600250009401127,3.2979590990178385,0.038388102609847485,0.04060871458695975
126,-576460732676,0.9606790693249453,3.298646623237485,0.038502320576257486,0.04021468159785975
127,-576460732663,0.9737081401273076,3.292816572771514,0.04495639735493841,0.037003033316092275
128,-576460732658,0.9745214041987481,3.293477057302833,0.04533604979067841,0.03632710228053228
129,-576460732640,0.9753401358675833,3.2941242960604544,0.04571506996411841,0.03565229692117228
130,-576460732622,0.976177254115728,3.294768177286897,0.046099380065468404,0.03496807340427228
131,-576460732603,0.9770006971031756,3.295384321669108,0.0464743116093684,0.03430054741767228
132,-576460732586,0.9707692901164557,3.29183758066323,0.043192913070685485,0.0317728418423668
133,-576460732567,0.9715547073919418,3.2924116266834145,0.043249666225605485,0.031406337134566795
134,-576460732549,0.9723262587622804,3.2929683336843554,0.043305345030685484,0.031046770442366794
135,-576460732531,0.9731069856829101,3.293524215067357,0.04339392433408548,0.030683533055866793
136,-576460732512,0.9757974596629029,3.2933088243736077,0.04434949302208059,0.029882414540609935
137,-576460732496,0.9765515341144614,3.2938135270350517,0.04443304086366059,0.029539809683059935
138,-576460732478,0.9773527489235629,3.294342384760906,0.04452163984042059,0.029176491621959934
139,-576460732459,0.9781984730771425,3.2948926442628883,0.044558216234940586,0.028782166686679933
140,-576460732442,0.9789557951925061,3.295378655964087,0.04459094390204058,0.028429334337279934
141,-576460732423,0.9797591904979904,3.2958873002726725,0.04462563638494058,0.028055319586679933
142,-576460732406,0.9805623174088997,3.2963886549453494,0.04466029034204058,0.027681720177279934
143,-576460732387,0.9813689521963578,3.296883936909698,0.044985718488600585,0.027361841097319935
144,-576460732369,0.9821822589923104,3.2973739490825604,0.04531147213564059,0.027041642067179936
145,-576460732357,0.9848595508040094,3.2961988654225,0.04648181605383199,0.026443719797788073
146,-576460732352,0.9856995274564093,3.2966721818168283,0.04680746120071199,0.026123627417708073
147,-576460732335,0.9864969721629173,3.297113224383183,0.047114534736871994,0.025821789972898072
148,-576460732315,0.9873499132689234,3.2975757885828685,0.04746229134353199,0.025468801554018074
149,-576460732299,0.9882046328015164,3.2980296249575463,0.04780823561327199,0.025117652737698073
150,-576460732280,0.9839192668411335,3.2956937491412233,0.04600430260722593,0.023436511351153665
151,-576460732264,0.9847114003433948,3.2960929689926313,0.04633509265548593,0.023100744743473664
152,-576460732246,0.9854932005229785,3.296480804280152,0.04643815756212593,0.022922191950613666
153,-576460732228,0.9863371999658493,3.2968951652879293,0.04654916606160593,0.022729877434843667
154,-576460732210,0.9904523160017469,3.2959743929314693,0.0479997727387778,0.02186375528790052
155,-576460732193,0.9912669349103487,3.2963432688035077,0.0481034430462578,0.021653719145940522
156,-576460732176,0.9920862024671154,3.2967096775445524,0.048258302045097796,0.021443051148660523
157,-576460732158,0.9929570051840853,3.2970939424747816,0.0484223593260378,0.02121986993818052
158,-576460732140,0.993830617469705,3.297474124028563,0.0485863892853478,0.020996725895660522
159,-576460732127,0.9837236287508601,3.2921757421563003,0.04457345088585696,0.01855182066115739
160,-576460732122,0.9845275827530501,3.29250538393937,0.04476966209853696,0.018081149619407388
161,-576460732103,0.9853799043626877,3.292844099704809,0.044976743043896955,0.017584404285907386
162,-576460732083,0.986189896748055,3.293155868815043,0.04517265989069696,0.017114439368407387
163,-576460732066,0.9870062226318715,3.29346022456286,0.04536925268877696,0.016642852980407387
164,-576460732048,0.9912977658828152,3.292367450045766,0.047096100835395255,0.015469193839776832
165,-576460732031,0.9921012636351382,3.29262635786972,0.04744416888139526,0.014994134075736833
166,-576460732013,0.99295871938736,3.292891768183409,0.04781281631239526,0.014490986591796835
167,-576460731994,0.9938221855419839,3.293147938488674,0.048181197542395256,0.013988202431596836
168,-576460731977,0.987607701163905,3.2897528301830965,0.04583084981097239,0.011949981154026646
169,-576460731961,0.9883889831617743,3.28995262707971,0.046127954081372394,0.011566602722346647
170,-576460731944,0.9891754064055579,3.290145931976416,0.04642509332167239,0.011183179166086648
171,-576460731926,0.9899680472948693,3.2903329909600463,0.04672266968572239,0.010799191552576647
172,-576460731907,0.9969953639595844,3.2881123061107,0.04893011167914615,0.00943401384979959
173,-576460731890,0.9979037565618384,3.2882855436273877,0.04879905478174615,0.00920369639099959
174,-576460731872,0.9987839177873381,3.2884497419116028,0.048671734310146146,0.00897994527179959
175,-576460731854,0.9996559542247012,3.2886088484181037,0.048545259821746144,0.00875768087099959
176,-576460731837,1.0005323629022396,3.2887598335112185,0.04876320379212614,0.00800633324266959
177,-576460731818,0.9892337883058016,3.282742015736919,0.04461801372711029,0.004561713397333321
178,-576460731801,0.9900435804587494,3.282817769245059,0.04483707082941028,0.00380652831928332
179,-576460731782,0.9908531559041887,3.282882069341632,0.04566378942874028,0.0033814540822733204
180,-576460731764,0.9916822179490865,3.282939062908212,0.04649517509970028,0.002953980175153321
181,-576460731745,0.9874844136123814,3.2849253422885,0.04555013450466606,0.003417119053044304
182,-576460731727,0.9883239554726373,3.284983783877404,0.04639399650572606,0.0029832301862243045
183,-576460731708,0.9891954777243459,3.285035436431017,0.04677708022172606,0.0025387447563443052
184,-576460731691,0.9900414424836708,3.2850773144136136,0.04714595289972606,0.0021107481488043056
185,-576460731672,0.9879317915623388,3.283616123972958,0.046496557485510896,0.0010376060015221953
186,-576460731656,0.9887240676999941,3.283630314867919,0.0468441750375109,6.342713501621957e-4
187,-576460731638,0.9895708285039729,3.2836429199487385,0.047266500592260896,7.666823391121953e-4
188,-576460731602,0.9904250936787042,3.2836579059671323,0.047688779208910896,8.990786116421949e-4
189,-576460731597,0.9908783700156156,3.2838314470810905,0.04797119765237438,0.0011062342312075446
190,-576460731583,0.991741395009962,3.2838524423517463,0.048391575275974374,0.0012380344887275442
191,-576460731554,0.9926122622058728,3.2838735367772713,0.04864098137147437,0.0011123193302275444
192,-576460731547,0.9934896107587624,3.2838924150605857,0.048890957141064374,9.863170228975448e-4
193,-576460731530,0.9943717023305608,3.283909030737875,0.04914100238310437,8.602796974175451e-4
194,-576460731518,0.9862195926673676,3.2798263456672836,0.046441039522820714,-8.837352000622718e-4
195,-576460731512,0.987058949569009,3.2798086953270715,0.046691487705070714,-0.0010746936723122719
196,-576460731494,0.9879090246962277,3.279787414260628,0.046857002139610714,-0.001267230663972272
197,-576460731477,0.9887451333477267,3.279763160312705,0.04701922887134071,-0.001455943189142272
198,-576460731459,0.9895014838110903,3.279738410006082,0.04716549977115071,-0.001626094868632272
199,-576460731446,0.9894079303138624,3.2797730219631815,0.04713426076475644,-0.0016097886229658799
200,-576460731442,0.990256218118062,3.2797414326006686,0.047319341751616444,-0.0019075660717458797
201,-576460731424,0.9911088754467413,3.279704446038051,0.04750464942713644,-0.0022057082407058795
202,-576460731405,0.9919652945586885,3.2796620751513417,0.04769004983892644,-0.0025039996133758794
203,-576460731387,0.9928271082341319,3.279614216594125,0.04787589332400644,-0.002803003848215879
204,-576460731369,0.9883080908722711,3.2768583860313885,0.0464423772289646,-0.004259298940486545
205,-576460731352,0.9891467822963268,3.2767789177672113,0.0467248549478446,-0.004568546446886545
206,-576460731334,0.9899908885009462,3.27669384766595,0.0470074424947646,-0.004877914189486544
207,-576460731316,0.9908391385924102,3.2766033092844804,0.0472897162472846,-0.005186938400086544
208,-576460731297,0.9909157258373126,3.2767944275482077,0.047461035153717246,-0.005564251259538227
209,-576460731279,0.991773682805851,3.2766896647444863,0.04788340764656725,-0.006078000640368227
210,-576460731261,0.9926393378237504,3.2765756428096013,0.048305827077517245,-0.006591807113978228
211,-576460731240,0.9935132294381752,3.276452280496609,0.04872855160611724,-0.007105984690658229
212,-576460731225,0.9943939514683453,3.276324110665897,0.04912945174611724,-0.00713510761065823
213,-576460731213,0.9947326272971697,3.276494417078529,0.04923406674376848,-0.007062936351517188
214,-576460731207,0.9956220515207952,3.2763670788543444,0.049634788705928475,-0.007092046327997189
215,-576460731188,0.9965232388576528,3.27623856885154,0.05003753744101847,-0.007121303537017189
216,-576460731172,0.9974215244136335,3.2761067331529277,0.05020076596584847,-0.007590039275267189
217,-576460731152,0.9983776376785977,3.2759576967028727,0.05037392134957847,-0.008087281511017189
218,-576460731134,1.0020442591950887,3.274767243364657,0.05140047146280597,-0.009050885095279022
219,-576460731118,1.0029181458773673,3.274609827129695,0.05155507545976597,-0.009494854179279023
220,-576460731100,1.0038456945616057,3.27443540559632,0.051643487539605966,-0.009911190922479022
221,-576460731083,1.0047275516395198,3.274262929679758,0.05172740425668597,-0.010306358785879021
222,-576460731065,1.0009143852947118,3.2716902575123705,0.050396391430566366,-0.011733129849378347
223,-576460731048,1.0017713803293318,3.271487556724599,0.050479958945506366,-0.012126653303078347
224,-576460731029,1.0026841349661209,3.2712668870498574,0.05076286028682637,-0.012350045131998347
225,-576460731010,1.0036003571406564,3.271042591740688,0.05104525955710637,-0.012573040502678346
226,-576460730992,1.0004958605386702,3.272352347256062,0.05009942366088264,-0.012069573197427703
227,-576460730974,1.0014007461003802,3.2721329526495277,0.05038201120780264,-0.012292717239947702
228,-576460730957,1.0023101936873189,3.2719105694740622,0.05058918751970264,-0.012397321115287702
229,-576460730938,1.00322921500623,3.2716848642046146,0.050797686429352645,-0.012502592773777702
230,-576460730920,1.0016299386730425,3.27018950142468,0.05027158853808831,-0.01314689340513769
231,-576460730902,1.00253603418355,3.2699520889080844,0.05047845432703831,-0.013251340496607691
232,-576460730883,1.0034479710632545,3.2697078184305246,0.05070732982878831,-0.013852179898357691
233,-576460730865,1.0043628618945137,3.2694530502333756,0.05093591328412831,-0.01445225262569769
234,-576460730848,0.9971057562531653,3.2723245647986845,0.048724999742820095,-0.013547318459776116
235,-576460730830,0.9979841349498085,3.2720785534872743,0.0488889022011901,-0.013791828221356116
236,-576460730812,0.9988654143461949,3.271828155770016,0.0490527955523501,-0.014036324396796116
237,-576460730795,0.999748855701472,3.271573586590975,0.0492165431881501,-0.014280603193996117
238,-576460730776,1.0006882809240598,3.271299017720258,0.0493900719674901,-0.014539473505556118
239,-576460730763,0.9999786055460842,3.2709347192300187,0.04918787544588036,-0.014695227670504036
240,-576460730757,1.0008681832708477,3.2706663195235177,0.04928754656813036,-0.015016368776174035
241,-576460730741,1.001658724557026,3.270423399897041,0.049375952486880356,-0.015301213311424035
242,-576460730723,1.0025428442214446,3.2701468479646416,0.049474636110880356,-0.015619172690304035
243,-576460730703,1.0034339839414141,3.2698629189390136,0.04957390451038036,-0.015939016220244035
244,-576460730693,1.000240427536786,3.2710993553307084,0.04863956950177437,-0.015341476892548929
245,-576460730687,1.001116492329356,3.2708195670212614,0.04873883238452437,-0.01575820736764893
246,-576460730669,1.0020006921579767,3.2705301775427484,0.04883881244477437,-0.016177948733748927
247,-576460730652,1.0028751055863407,3.2702371140935544,0.04893748503527437,-0.016592201013948926
248,-576460730634,1.0037567269201408,3.2699347534690797,0.04903676998502437,-0.017009024131848925
249,-576460730615,1.0100458055939487,3.2724354094302144,0.05063078300901675,-0.016258849052378763
250,-576460730597,1.0109585650913027,3.2721384097164257,0.050719372149096754,-0.016719133824458762
251,-576460730576,1.0118718024822895,3.271833497294347,0.050807853085696755,-0.017178856401058762
252,-576460730560,1.0128381412539007,3.2715030993500025,0.05090131138237675,-0.01759621404881876
253,-576460730542,1.0117092914496766,3.2719990965028654,0.05039226615690778,-0.017593982123898833
254,-576460730524,1.012625379682074,3.2716758781373176,0.050470737685357786,-0.017992956004098833
255,-576460730507,1.0134753129181533,3.271369982790516,0.050543433467397786,-0.018362564176738833
256,-576460730490,1.0143850990110226,3.2710380825310144,0.05058885786979778,-0.018531639858578832
257,-576460730471,1.0148232010101583,3.270454358872834,0.050504448915456336,-0.01880853246192646
258,-576460730455,1.0156813832506228,3.2701335404387,0.05054733094495634,-0.018968145092876462
259,-576460730436,1.016592757250705,3.269790170446503,0.050592831088356334,-0.01913750269281646
260,-576460730419,1.017513184362082,3.269439086926959,0.05090993814155633,-0.01957925067553646
261,-576460730400,1.0184248147512733,3.2690856768473293,0.05122207946895633,-0.02001408112257646
262,-576460730387,1.0151291798131628,3.270423123986096,0.05029039118155231,-0.019358847476893083
263,-576460730382,1.0160372900214598,3.270070699015977,0.050605137766502314,-0.019797307194413083
264,-576460730364,1.0169595189247425,3.2697070218595776,0.05092278685315232,-0.020239810260253083
265,-576460730347,1.0178768541395329,3.2693382675413645,0.05105433668533232,-0.020753388362743083
266,-576460730328,1.0187887758970715,3.2689635056886446,0.05118477509655232,-0.021262627413953083
267,-576460730310,1.018651180385122,3.268014523407567,0.05103139616446959,-0.02202160070088957
268,-576460730292,1.0195715951766138,3.2676132171166947,0.05116310686020959,-0.022535806823959573
269,-576460730274,1.020492643842643,3.2672061925668983,0.05118700604444959,-0.022694168706239574
270,-576460730256,1.0214217018747067,3.2667929355490526,0.05121110175492959,-0.022853832819799576
271,-576460730238,1.0199270539319614,3.2673851358711827,0.05056184081788422,-0.022516775598837382
272,-576460730220,1.0208308876244059,3.266981451052134,0.05071371438908422,-0.022716550531337382
273,-576460730202,1.0217458250460623,3.2665704191042555,0.05086699191228422,-0.022918172226337383
274,-576460730184,1.022662044024786,3.2661564256124804,0.05102002268028422,-0.023119469338837382
275,-576460730164,1.023599540464734,3.265730368941327,0.05117613363388422,-0.023324818136337383
276,-576460730154,1.0193106248210602,3.2634349945877985,0.050038268499570965,-0.024333367129045925
277,-576460730148,1.0201951829260083,3.2630025748180485,0.05017791061424096,-0.024657713112305923
278,-576460730130,1.021100069362879,3.2625555595799214,0.05032036091736096,-0.024988581659665922
279,-576460730113,1.0220074201192013,3.2621026366998573,0.05046279539970096,-0.025319413460185923
280,-576460730094,1.0229167282886238,3.2616440646640132,0.05060513495736096,-0.025650024779665923
281,-576460730081,1.0156282588175773,3.26471753493653,0.04859683077530029,-0.02412650215356773
282,-576460730076,1.016507547922102,3.264278060852409,0.04886912328163029,-0.02458757911018773
283,-576460730059,1.0173889981046973,3.2638316702414305,0.04914057067460029,-0.02504722502376773
284,-576460730041,1.0182753802235756,3.26337698647252,0.049412033158880285,-0.02550689649168773
285,-576460730022,1.019215193387411,3.2628886526001692,0.049698239853030284,-0.02599153454978773
286,-576460730010,1.0169915214150236,3.261676955981551,0.049114879386271924,-0.02652786006029529
287,-576460730003,1.0178771719565496,3.2611956165180924,0.049214258120771924,-0.02691273763687529
288,-576460729985,1.018763527807923,3.2607079444123337,0.049313515486771924,-0.02729714517311529
289,-576460729966,1.019651175370373,3.260213632860642,0.049412717685271924,-0.02768133905465529
290,-576460729949,1.0205416960503286,3.2597117952876773,0.049512041252271925,-0.02806600297653529
291,-576460729931,1.0139558529167971,3.2624264874559388,0.04753981592576958,-0.026673280380056875
292,-576460729913,1.0148113631745828,3.2619449153337587,0.04760674001992958,-0.026885316314586877
293,-576460729895,1.0156230269774713,3.261485131902455,0.04767014727768958,-0.027086209839166875
294,-576460729878,1.0164814735136949,3.2609949692497957,0.047951856200289585,-0.027512804659216874
295,-576460729859,1.0168933403125489,3.260242617848908,0.04811646810666702,-0.028053555860761796
296,-576460729841,1.0177623656646755,3.2597335770170752,0.04839900858442702,-0.028481409913641797
297,-576460729825,1.018587415975151,3.259245959857148,0.04866573382442702,-0.028885314783641796
298,-576460729807,1.019464389209188,3.2587225246037677,0.04878656465728702,-0.029280620695881793
299,-576460729789,1.0136201692324784,3.261125596736112,0.047087529011818084,-0.02820906685078251
300,-576460729772,1.0144210137155356,3.2606432403890193,0.04720157242540809,-0.028582167280342508
301,-576460729754,1.0152358611543733,3.260147161877563,0.04731732779934809,-0.028960868499302506
302,-576460729737,1.016077414429767,3.2596282029300294,0.04750023463587809,-0.029510084971832506
303,-576460729720,1.0172998539227578,3.259353946501348,0.04778197513466428,-0.029932419348990734
304,-576460729702,1.0181608312501977,3.2588106384936837,0.047967282810184274,-0.03048884484851073
305,-576460729685,1.0189783417004636,3.258287485116792,0.04814257496854427,-0.03101519663887073
306,-576460729667,1.0198469168692041,3.2577250692895126,0.048381864520304275,-0.03148586768062073
307,-576460729650,1.0206972397478147,3.257169007814171,0.048614984690944274,-0.03194440384637073
308,-576460729638,1.0105933142902825,3.2616375417969805,0.045895710970885316,-0.029702114075748708
309,-576460729632,1.011397556501215,3.261114383510576,0.046128113153205315,-0.030159237992998706
310,-576460729615,1.0121916751746953,3.2605926025375465,0.04635644673504531,-0.030608359168748708
311,-576460729597,1.0130197165605923,3.26004446525632,0.04658270651677531,-0.030914429004148706
312,-576460729579,1.013859419699729,3.259485784947203,0.046811036018715314,-0.031223298625348707
313,-576460729561,1.014704357608399,3.258920793767573,0.047039670264735316,-0.031532580484948704
314,-576460729544,1.0155143730174345,3.2583765291774847,0.047257816235335315,-0.0318276744729487
315,-576460729527,1.016317955449026,3.257833735805184,0.047442841544575315,-0.0321394897837687
316,-576460729510,1.0171704533595034,3.2572544564269283,0.04763834409865531,-0.0324689619512087
317,-576460729491,1.0180266483572542,3.2566691377598826,0.047833890262495314,-0.0327985076123287
318,-576460729479,1.0135136396579463,3.258813596019416,0.046623401755345,-0.03172366261894246
319,-576460729473,1.0143552357411374,3.258238788559694,0.046819787407064994,-0.03209773967072246
320,-576460729455,1.0152034579757676,3.2576540929861175,0.046854672518964996,-0.03247383112732246
321,-576460729437,1.0160414336542443,3.2570702070194186,0.046889110731585,-0.03284510462600246
322,-576460729419,1.0168905359423763,3.2564722424354065,0.046923980433165,-0.03322102994612246
323,-576460729407,1.0198192387513447,3.2581716131085185,0.04766896569638707,-0.032456445499545114
324,-576460729401,1.0206736365739337,3.25758967989369,0.04778914531295707,-0.032560393205355115
325,-576460729383,1.0215350246078996,3.25700258678293,0.04791000300009707,-0.03266492739897511
326,-576460729365,1.022398540291092,3.256413644617076,0.04803085397366707,-0.032769455785785113
327,-576460729344,1.0232642314126597,3.2558228208357307,0.04815170494723707,-0.032873984172595114
328,-576460729329,1.0185208798005925,3.257948929848106,0.04685792134368601,-0.03145499334469235
329,-576460729311,1.0193735277925375,3.257378355360091,0.04706673077628601,-0.03139745080765235
330,-576460729294,1.0202150757039612,3.2568186978427223,0.047271917441136006,-0.03134090661271235
331,-576460729275,1.0210686879782542,3.256254511847834,0.04747913975643601,-0.03128380144459235
332,-576460729256,1.0185730897438834,3.2536591591731527,0.047246280902989886,-0.032507196889810366
333,-576460729237,1.0194295456431177,3.2530707875889933,0.047841528493529885,-0.03281661616221036
334,-576460729221,1.0202452547085983,3.2525120453972147,0.048401650726639885,-0.03310777670881036
335,-576460729203,1.0211224254461053,3.2519129218025533,0.04899683222995988,-0.03341716162801036
336,-576460729186,1.02302269161641,3.2508286185285633,0.0492469462299959,-0.033916892025343356
337,-576460729168,1.0239198906584808,3.250208093292415,0.049205708446915894,-0.03417541963364336
338,-576460729149,1.0248543415605615,3.2495562344530198,0.0491627216894959,-0.03444491189909336
339,-576460729132,1.025690468625861,3.2489656239081492,0.049124226153375895,-0.03498150691725336
340,-576460729115,1.026525873373322,3.2483668071956298,0.049228110491455895,-0.03551728193597336
341,-576460729103,1.0280452154578141,3.249261773946955,0.04961088284938521,-0.03511575673945284
342,-576460729097,1.028940693636447,3.248623510580713,0.04972113918418521,-0.035684394812652835
343,-576460729081,1.0297853917179591,3.248013368946957,0.04982491956454521,-0.03621963367789283
344,-576460729062,1.0306441306014689,3.2473881154477193,0.050197080727765214,-0.03660705075948283
345,-576460729046,1.0314931293789238,3.246768009697035,0.050562327942405214,-0.036987270470562834
346,-576460729027,1.025406367562864,3.249543505029892,0.0490932986262161,-0.035669156468637934
347,-576460729008,1.0262922715351896,3.2488987430720706,0.0494828638668961,-0.036074691069097935
348,-576460728991,1.0271850010518389,3.2482457308863446,0.0495607392450061,-0.03637354610022794
349,-576460728973,1.0280783402106481,3.2475879179972686,0.049638545504236097,-0.03667213588031794
350,-576460728954,1.0306163859694315,3.2478400421882414,0.05012137924056588,-0.03655990985643025
351,-576460728935,1.0315205256042213,3.247178356680933,0.05019924597881588,-0.03685873173118025
352,-576460728918,1.0324334975931118,3.246509719652814,0.05057028921881588,-0.03694226474998025
353,-576460728899,1.0333480988546502,3.2458432715631207,0.05093928475881588,-0.037025336769780245
354,-576460728882,1.024607297812981,3.2499743874165508,0.04873013179972795,-0.03470267196532256
355,-576460728864,1.0254882975465107,3.2493486098603466,0.049098943046727954,-0.03478570249521256
356,-576460728846,1.0263712261834403,3.248716944090486,0.049015140399167954,-0.03540718225423256
357,-576460728829,1.0272536251661428,3.248073372347777,0.04893124462720796,-0.03602935262305256
358,-576460728809,1.0322269103677792,3.249877197329993,0.04987383755142878,-0.03554842622874606
359,-576460728792,1.033122808183481,3.249235609860403,0.050400135888778785,-0.03626168844916606
360,-576460728774,1.0340440009051948,3.248569738980787,0.05093562360892879,-0.036987404517746056
361,-576460728756,1.034957430853689,3.247903494011173,0.05146109725807879,-0.03769954908512606
362,-576460728738,1.0359143453054482,3.247199337010611,0.05200589217362879,-0.03843787866658606
363,-576460728725,1.0277735772252024,3.251266682849422,0.04983312056744588,-0.03639518743129779
364,-576460728716,1.0287416318950757,3.2505697236001247,0.04880202843386588,-0.03461803273249779
365,-576460728702,1.0295145895427904,3.2500282199305803,0.047962824810345875,-0.033171610425297794
366,-576460728684,1.0303638152572134,3.249449552101332,0.047023553403725875,-0.031552714752097796
367,-576460728666,1.0312021442173924,3.248896000958455,0.04607755828254587,-0.029922230317297797
368,-576460728654,1.0342707636118547,3.250754822329432,0.04684906563612563,-0.029085401121897076
369,-576460728648,1.0351173848905815,3.2502416089218666,0.047314128527705626,-0.027995391622497076
370,-576460728628,1.035979058270478,3.2497442299056662,0.04778281219588563,-0.026896895785097075
371,-576460728612,1.0368381279758285,3.249272693066331,0.048245547445365626,-0.025812341788697075
372,-576460728594,1.037710591452514,3.2488179649835307,0.04871099827729562,-0.024721423038797076
373,-576460728576,1.0249516468650617,3.255238662679237,0.04584222576982522,-0.02724589121440033
374,-576460728558,1.0257831087178773,3.2546947670283197,0.046619475961125215,-0.03323736159820033
375,-576460728540,1.0266285968121311,3.254043075553551,0.047396769369005214,-0.039229165119080325
376,-576460728520,1.0275389612120935,3.253235676411197,0.04821969948536521,-0.04557276139644033
377,-576460728503,1.0267469249115115,3.2513872705345253,0.04602389646901504,-0.047972342134908655
378,-576460728485,1.027565830006018,3.2504988613567005,0.044223524129015035,-0.04993477466306866
379,-576460728468,1.0282958492927872,3.2496434033226254,0.04255440000401504,-0.051754144692068654
380,-576460728450,1.0290869634001765,3.248734913964331,0.04521064408177504,-0.049032338366988656
381,-576460728431,1.0228385306926215,3.2514286275632087,0.04610060841744642,-0.044354363342527105
382,-576460728413,1.0236927470000863,3.2506542492383694,0.04875434771656642,-0.0416351236198171
383,-576460728395,1.0245969190756758,3.2499272128062136,0.05141427529232642,-0.038909542879487106
384,-576460728377,1.0255028366526155,3.2491863252750672,0.04961366905244642,-0.04371424781374711
385,-576460728357,1.0296364212279183,3.250300442996853,0.04851644442330184,-0.04790300042287348
386,-576460728340,1.0305003173020209,3.2493870339794695,0.04669445259576183,-0.05276477027020348
387,-576460728321,1.0313166506481901,3.2484039978217125,0.04490489055608183,-0.05754000506156348
388,-576460728305,1.0320863242230476,3.247404598114604,0.04563961563266183,-0.06002951521472348
389,-576460728287,1.0273555669770285,3.249118947877849,0.04492654101579682,-0.06125069470058454
390,-576460728269,1.02817001179716,3.247994438083216,0.04570327260813682,-0.06388253788526455
391,-576460728252,1.0289533515413662,3.246887076231183,0.046438084117876824,-0.06637234090474455
392,-576460728234,1.0297607886302378,3.2457481720849564,0.04727559843451683,-0.06581244858298455
393,-576460728217,1.0306096087297902,3.2445823796663684,0.04814033002235683,-0.06523436106042454
394,-576460728204,1.0263064008717477,3.241907477292862,0.04704913904879949,-0.06644816654679327
395,-576460728198,1.0272094910056226,3.2406503001859925,0.04797297099695949,-0.06583056944535326
396,-576460728180,1.0280205420073611,3.2395420601858333,0.04694230129545949,-0.06386398879445326
397,-576460728164,1.0288573384273254,3.2384089873793935,0.045854640203209486,-0.06178866509410326
398,-576460728146,1.0296217863716242,3.2373837053450063,0.04483796203890949,-0.05984878114952326
399,-576460728134,1.0147248845361219,3.244912975455183,0.040830131987102336,-0.05605669545864006
400,-576460728129,1.0154501364482325,3.2439224886319793,0.03974446107040234,-0.05398516913462006
401,-576460728111,1.0161824229637926,3.242941303996201,0.04146280430915234,-0.05482377300877006
402,-576460728092,1.0169486795256544,3.241941154324858,0.04318772174715234,-0.05566558529253006
403,-576460728075,1.0177358814966835,3.2409387034587556,0.044890820465902335,-0.05649674937628006
404,-576460728057,1.023542508291076,3.2430815722307464,0.0478759488271271,-0.05589120884436962
405,-576460728038,1.0244052651669602,3.2420741020355326,0.047662158241587094,-0.05567184914947962
406,-576460728020,1.025261883235795,3.241073255429254,0.047448935838767095,-0.05545307243810962
407,-576460728002,1.0261095117664047,3.2400823702582615,0.04723700368420709,-0.055235619585149616
408,-576460727983,1.016026088504071,3.244638942301859,0.04404799215657816,-0.0521830052725437
409,-576460727965,1.0168191397203972,3.2437243172629917,0.044147205388578165,-0.0495324127509437
410,-576460727948,1.0175707490694441,3.242903234360574,0.044241028755828166,-0.047025816497893703
411,-576460727930,1.0183687794273872,3.2420798475322044,0.04434042955732816,-0.0443702128471937
412,-576460727911,1.0186810300029245,3.24099400140706,0.044315179950345056,-0.04185879349386829
413,-576460727894,1.019493720937085,3.2402505600061087,0.045262217036195054,-0.04008569820646829
414,-576460727875,1.0203476317277687,3.2395193820771193,0.04623639434164505,-0.03826178949666829
415,-576460727857,1.0211487327364488,3.238877197081775,0.04713202158844505,-0.03658494655746829
416,-576460727841,1.0219446016920553,3.238263417597108,0.04655473010154505,-0.03566690566936829
417,-576460727823,1.0154434174873697,3.2413938226233516,0.043951053258669937,-0.03279158632671618
418,-576460727806,1.0162271683323145,3.240813695873954,0.043340904745999935,-0.03182129437688618
419,-576460727787,1.0170062437944651,3.2402464581435555,0.042725761421759934,-0.03084305940112618
420,-576460727768,1.0177845779240002,3.2396595875514644,0.043698192557279934,-0.03432134123080618
421,-576460727750,1.0160650403623008,3.23739779111691,0.044016860108199,-0.0385096572073694
422,-576460727734,1.0168659549280812,3.236673459562493,0.044988481424319,-0.0419850423999494
423,-576460727715,1.0176845855638763,3.235886354196214,0.045960372680239,-0.0454613931382294
424,-576460727696,1.018545001848685,3.2350259521512656,0.044447979196259,-0.0449454624830694
425,-576460727679,1.0135554046002273,3.237210582632994,0.041575094415606695,-0.04302242320635679
426,-576460727660,1.0143040474294576,3.236426620280709,0.040118797905446694,-0.04252562920363679
427,-576460727644,1.0149745853894352,3.235707601363677,0.0387680209154467,-0.04206483162363679
428,-576460727625,1.0156775864141183,3.234993591559607,0.039126829464946694,-0.03704982810713679
429,-576460727605,1.016423004094443,3.2343410659180893,0.03950372753134669,-0.031781990618336795
430,-576460727588,1.0176063898632262,3.234119496747402,0.039982888088039396,-0.02663904532212099
431,-576460727572,1.0182971569538621,3.2337023376117733,0.040324859471809395,-0.02185937188753099
432,-576460727554,1.0190264883398363,3.233394450490122,0.0416685509806094,-0.01275413251393099
433,-576460727536,1.0197897479004958,3.233247709277865,0.0430298411471694,-0.0035296395836109887
434,-576460727519,1.0146340769075515,3.236309105419012,0.04270324520603279,0.006689510848838549
435,-576460727502,1.0153713421535602,3.2364304438334366,0.043987947222512785,0.007578043319478551
436,-576460727484,1.016155531174766,3.2365704469524155,0.043095786392812786,0.00796922141997855
437,-576460727466,1.016924032210053,3.2367175704334596,0.04220317973038279,0.00836059500092855
438,-576460727447,1.0189424067299422,3.237680651374923,0.04158189745135097,0.009140233093162593
439,-576460727430,1.01965754328231,3.2378086296132937,0.04264099176875097,0.005931989068022593
440,-576460727412,1.0204356657806386,3.2378848281670147,0.04376426039145097,0.002529346085052593
441,-576460727395,1.0211905079069306,3.2379004999384193,0.04482703428515097,-6.900442360174069e-4
442,-576460727376,1.022006303098504,3.2378575803504126,0.04594799537695097,-0.004085697168997407
443,-576460727358,1.0186200555834284,3.2399838774848355,0.04403672941622561,-0.005102251085606819
444,-576460727341,1.0193678054400994,3.239880129431892,0.043363172012225615,-0.0070242234562968185
445,-576460727322,1.0201379558601282,3.23973634678831,0.04265832022822562,-0.009035493240036819
446,-576460727305,1.0208993028067543,3.239555544627468,0.041949886320225616,-0.011056984488666818
447,-576460727286,1.0224893211278872,3.239897302043255,0.04091083144102247,-0.008205582920273841
448,-576460727268,1.0232146366436452,3.2397718931873536,0.03972906135546247,-0.005737255025253841
449,-576460727250,1.0239244746519667,3.2396903982865344,0.03853743716390247,-0.003248345153233841
450,-576460727232,1.0246079543410402,3.239654147276721,0.03735415611542247,-7.768613550738412e-4
451,-576460727214,1.0158141293705691,3.2445858222668504,0.03601488109666712,-5.815217659895667e-4
452,-576460727195,1.0164748271863389,3.244554465683708,0.03729010234610712,-0.0028975177483495673
453,-576460727178,1.0171565454008495,3.244481626679098,0.03856171568010712,-0.005206961206849568
454,-576460727160,1.0178425127060249,3.2443660058349604,0.03764840599252712,-0.007638371993589569
455,-576460727142,1.0182782315633032,3.244064371251698,0.03669424655235638,-0.010090882052001525
456,-576460727124,1.0189431009096988,3.243856438989382,0.03576318003827638,-0.012569565018241526
457,-576460727106,1.0195848566085826,3.2436056192630143,0.03484089046986638,-0.015024882021471526
458,-576460727086,1.0202108792585063,3.243342474617284,0.03534495514073638,-0.014477292509671526
459,-576460727070,1.0208507696461024,3.243087204265125,0.03585286267248638,-0.013925528314671528
460,-576460727057,1.011437951698927,3.2480046996051946,0.03325862843046539,-0.011462297946740651
461,-576460727051,1.0120458109135115,3.2478018566766322,0.03377111348767539,-0.010905560967340652
462,-576460727034,1.0126611137964552,3.2476096701679156,0.034282072703065394,-0.010350481582740653
463,-576460727017,1.0132781146309315,3.247433043951678,0.0350828328029654,-0.009506316195540652
464,-576460726998,1.0139156771970788,3.2472699116340675,0.0358915149814254,-0.008653799312660651
465,-576460726979,1.0119305733539605,3.2453322770289676,0.03604155875027491,-0.008572464917422378
466,-576460726961,1.012586723880202,3.2451856366778236,0.036851906365704915,-0.0077181923223823765
467,-576460726942,1.0132403284772196,3.245043014127648,0.03579907979754492,-0.008134922797482376
468,-576460726925,1.0138752327881355,3.244892833483893,0.03474584363754492,-0.008551815397482376
469,-576460726906,1.009688357897521,3.247247302951621,0.03236387472384485,-0.007711307923860511
470,-576460726887,1.0103044100916334,3.2471387698176586,0.036082566486354856,-0.004347259262650512
471,-576460726871,1.0109878004790744,3.2470907831008846,0.039803324073964856,-9.813417893405124e-4
472,-576460726853,1.01173768315732,3.2471033913222698,0.043521602671454857,0.002382333109449487
473,-576460726834,1.0144103717724409,3.248412820298602,0.0477297461032735,0.006314289143356583
474,-576460726817,1.0152672409201453,3.248555286739943,0.0474303569234935,0.009507404603206584
475,-576460726798,1.0161648516187693,3.2487677767757237,0.0471146924365335,0.012874103273406585
476,-576460726780,1.0170115805677298,3.2490287002895686,0.046814970768353496,0.016070764866256585
477,-576460726763,1.011066296420209,3.2528612749705266,0.0446627912941107,0.020846812627514286
478,-576460726745,1.0118649762604972,3.25321819306235,0.0439858396274807,0.018768936506554285
479,-576460726727,1.0126502887550357,3.253537219203687,0.043309902317640696,0.016694173913274282
480,-576460726708,1.0134232266152008,3.2538188431179473,0.042634152851650696,0.01461998789919428
481,-576460726690,1.0119089247460327,3.25253747828812,0.041314228854516584,0.011745526114251649
482,-576460726672,1.0126548563900002,3.2527443377581293,0.04057529183575658,0.010963823980111649
483,-576460726655,1.0133388949698092,3.2529245532295152,0.039885636213296584,0.010234255345421649
484,-576460726637,1.014051009516775,3.253101998460965,0.039154770797716586,0.00946109194905165
485,-576460726618,1.0147491476888606,3.2532653296052145,0.03842475715935659,0.00868882962551165
486,-576460726607,1.0074588317079929,3.25707834290408,0.036394368495704765,0.010596615030254162
487,-576460726601,1.0081236083408,3.257297307205634,0.037473805603644765,0.013734103515654161
488,-576460726582,1.0088083920675004,3.2575729962559272,0.038554142292484765,0.016874206720054158
489,-576460726563,1.009511527237411,3.257904690792998,0.03963279976364476,0.020009429115654155
490,-576460726547,1.0102281317890545,3.258244539463709,0.04001205176659476,0.017762026367654154
491,-576460726533,1.007048609587867,3.2561235388520817,0.039162201973446345,0.016781300477931627
492,-576460726526,1.0078361478767985,3.2564342153483756,0.03958375232426634,0.014283242697131627
493,-576460726510,1.0085134351616634,3.2566593850269188,0.039942729782796345,0.012155984513931625
494,-576460726491,1.009193451640525,3.2568474782632024,0.040299936906886345,0.010039217124331624
495,-576460726476,1.0099151499914336,3.2570405282655366,0.03969766337118635,0.011359663586661625
496,-576460726457,1.0128549124623336,3.256083923178722,0.039722487575734246,0.012086850217664723
497,-576460726439,1.0135741717240556,3.2563166552362803,0.03911340454043424,0.013422226075234724
498,-576460726421,1.014263445922838,3.256566531457821,0.03852067765613424,0.014721742110904724
499,-576460726404,1.0149187580347527,3.25682371323462,0.038583936053094244,0.015538497540724724
500,-576460726387,1.0161985525484576,3.2575099494789277,0.038814452354077725,0.016548121890986194
501,-576460726369,1.0168986709696453,3.257815982885691,0.038881521587517724,0.017414080612966194
502,-576460726352,1.0175622197302507,3.2581199135675516,0.038944980946557725,0.018233430747646193
503,-576460726335,1.0182724948385335,3.258421868028053,0.040362199522717725,0.015481895346686193
504,-576460726316,1.013927735476673,3.261336184668204,0.040321547254964,0.014141232823853805
505,-576460726299,1.0146489398687912,3.2615610841553706,0.041712734962904,0.011440236455213805
506,-576460726281,1.0154127161403883,3.2617421489554626,0.043137153566444,0.008674722172973805
507,-576460726262,1.0161819777864411,3.2618731235236327,0.042331614396754,0.005877199183663804
508,-576460726246,1.0168956893185053,3.2619506213094596,0.041570287920784,0.0032332205926338038
509,-576460726227,1.0176375286010302,3.261984166431886,0.040764959644222845,4.359398378769388e-4
510,-576460726211,1.018328306780154,3.2619688860527916,0.039999471447082845,-0.002222491818983061
511,-576460726193,1.0190534944162144,3.26196343655068,0.04107237160048285,0.0016132685533169389
512,-576460726172,1.019802512578743,3.26202720949198,0.042151868680482846,0.005472613813316939
513,-576460726157,1.019955298981434,3.2624870472928023,0.043058362484318755,0.009495791307342093
514,-576460726140,1.020690891160184,3.262628031553585,0.043588928728338756,0.007111106717602092
515,-576460726123,1.021436815422102,3.2627286679841805,0.04412043242375876,0.004722208656062092
516,-576460726106,1.0222376093640435,3.2627909917006397,0.044683996957058755,0.002189209858962092
517,-576460726087,1.0230463500993439,3.2628076494608425,0.045246030319738756,-3.3690693419790793e-4
518,-576460726072,1.0261154721083323,3.26484032513891,0.046075514884873256,6.04412523385554e-4
519,-576460726068,1.0269755291398424,3.2649005605786456,0.044452039613303254,0.005735826383585555
520,-576460726050,1.0277604081070042,3.265047205654968,0.04291691092511325,0.010587997996985555
521,-576460726032,1.0285630085334667,3.2652981143248785,0.04128813827620325,0.015736155589585556
522,-576460726015,1.029210486436672,3.2655833577868445,0.03992577244255325,0.020042265478585557
523,-576460726003,1.0233696665821355,3.2686959891684744,0.03827893543239373,0.021596885659678995
524,-576460725997,1.0240709274408732,3.269065826010263,0.039191331772393735,0.019260034555598996
525,-576460725979,1.0248211667310962,3.269407005115111,0.04014449968989373,0.016818758322088997
526,-576460725961,1.0255529173747413,3.269689179773949,0.04105286422989373,0.014492233559608998
527,-576460725943,1.02629890042373,3.269928800531452,0.04195865849739373,0.012172291839898998
528,-576460725931,1.0290020706496439,3.2717131043941197,0.04269144351771564,0.012999097789964217
529,-576460725925,1.0297596655400594,3.2719108441259315,0.041443698957215634,0.008961003471824217
530,-576460725906,1.03045314987624,3.272030646507699,0.04026766385421564,0.0051549835397842175
531,-576460725888,1.0311734542451303,3.2720873006601856,0.03900862592021564,0.0010803403086642174
532,-576460725871,1.031866953044843,3.272070220590764,0.03775679357421564,-0.002970983370615783
533,-576460725852,1.031971895603315,3.2723349174825174,0.037846234194786256,-0.0034227012673110377
534,-576460725833,1.0326559501727897,3.2722679455648636,0.038096543432136254,-0.004012426976211038
535,-576460725816,1.033344859185412,3.2721903083178643,0.03834697771989625,-0.004602447302451037
536,-576460725798,1.034053954099699,3.2721309949292356,0.04053337316580625,-0.001995626965161036
537,-576460725779,1.0353251627899442,3.272458081334676,0.04287930455903762,7.914380223087312e-4
538,-576460725760,1.0361104275025086,3.2724953446252525,0.04505135022672762,0.003381149243418732
539,-576460725744,1.0369499356749274,3.2725808229712734,0.04726316180524762,0.006018273015298734
540,-576460725726,1.0377898423033325,3.272664617830666,0.046870391392297615,0.0033731373957487333
541,-576460725707,1.0360893936209388,3.2740686045338854,0.045755679102553376,0.0013916753588449201
542,-576460725689,1.036953237211752,3.2740683394942103,0.045338235356293374,-0.0014196242858950806
543,-576460725672,1.037721346319091,3.2740227395942396,0.04496379936497338,-0.003941285656575082
544,-576460725655,1.038507790818865,3.2739754316835867,0.047401518595423374,-0.0016148727382450808
545,-576460725637,1.0393842586019917,3.2739684964112996,0.04997838064647337,8.4432973652492e-4
546,-576460725624,1.037290396567905,3.2726009115387917,0.04940763258222641,2.1025896015494042e-4
547,-576460725619,1.0382024565711194,3.272626803774424,0.05198306312277641,0.0026680952872249414
548,-576460725601,1.0391615058574197,3.2726969764644323,0.05456021147592641,0.005127570991534942
549,-576460725582,1.0401836540763367,3.2727957889747827,0.053085327876086406,0.0052786751619549425
550,-576460725564,1.0315245366257904,3.2780207308054616,0.049043011393605764,0.007975897929199612
551,-576460725546,1.0324361513859546,3.278172652583678,0.04757752492480576,0.008126039348599613
552,-576460725528,1.033222240842125,3.2783151697636606,0.04505070298661576,0.008667359577059613
553,-576460725509,1.033971819456874,3.278468256432648,0.042501550093925755,0.009213463758519613
554,-576460725494,1.0347095437044669,3.2786384825485495,0.039833745396325754,0.009784986676919613
555,-576460725475,1.027848713059722,3.2738437478684568,0.035083683789689166,0.008051301077295807
556,-576460725455,1.0285172233290842,3.2741081710147304,0.03939384176312916,0.021407605593135808
557,-576460725439,1.0292651201923924,3.2746139664666907,0.043715044036189164,0.03479813415129581
558,-576460725421,1.0300910782760107,3.275361053797009,0.048037686870069166,0.04819312671497582
559,-576460725402,1.0274923162642264,3.278307516326483,0.0515844695807059,0.06326084178191388
560,-576460725385,1.0284323934896697,3.27950179902235,0.0529324269052959,0.06951837839341388
561,-576460725366,1.0294534830349233,3.28088802430786,0.0543586884938359,0.07613942191241388
562,-576460725350,1.030393081855647,3.282239552984587,0.0556388320778759,0.08208215110641388
563,-576460725331,1.0245407667673092,3.2791906292803854,0.05504341339317376,0.08587775099290697
564,-576460725315,1.0254941678520217,3.280205644399089,0.05718083293873376,0.033599044805276965
565,-576460725298,1.0264835892425432,3.2803324853808045,0.05931762349849376,-0.018664277147703044
566,-576460725280,1.027572917270043,3.2794965976236785,0.06158448832169376,-0.07410905882630306
567,-576460725261,1.021929603652805,3.2811918228505603,0.06199130144310466,-0.1296873166722071
568,-576460725244,1.0229398262699867,3.2789916024333214,0.054266551964074664,-0.1235171734870271
569,-576460725225,1.0238897900662145,3.276711078572832,0.045829733397904665,-0.11677826516100709
570,-576460725208,1.0246041694877734,3.2747785902236255,0.03827922304631466,-0.1107472954684671
571,-576460725190,1.0252562064295387,3.2727496694516196,0.034121059183914663,-0.11453815556482709
572,-576460725178,1.0166051034272723,3.26705452437565,0.03174976370461149,-0.11718336715759348
573,-576460725171,1.01713933860052,3.264910523894814,0.027593215828611486,-0.12097275401274347
574,-576460725154,1.017599227248384,3.2626956754522856,0.023431819993411485,-0.12476656059152347
575,-576460725133,1.0179865288158378,3.2603962395754493,0.019241336403011483,-0.12858688551208347
576,-576460725118,1.0183416125464355,3.2580302220803614,0.020608697893351482,-0.13694450948123346
577,-576460725100,1.0132103873876988,3.258377006879472,0.020417680104310876,-0.14393900376341923
578,-576460725081,1.0136119320047556,3.2555591969295756,0.021874659361370875,-0.15284439187576923
579,-576460725064,1.0139949115224949,3.2528929143967917,0.023179104268910875,-0.16081745540191922
580,-576460725046,1.0143813212793495,3.250236218863576,0.022286215986950873,-0.15177173546947922
581,-576460725028,1.0081916029742282,3.2432276364244155,0.01953230004680694,-0.1442066894592559
582,-576460725010,1.0085347304339272,3.2407177226656794,0.018586620099746938,-0.13462614492791591
583,-576460724993,1.0088608328175392,3.2383802874501413,0.017640940152686937,-0.12504560039657592
584,-576460724975,1.0091636666239665,3.2362358009137795,0.015754936162606935,-0.11144387207385592
585,-576460724956,1.0108329961289915,3.2336304869996484,0.014282066433812132,-0.09829750153040363
586,-576460724939,1.0110718732452861,3.231991876957685,0.01242154055233213,-0.08487951953758363
587,-576460724921,1.0112782660298205,3.2305878991206582,0.010553111257572129,-0.07140453868324363
588,-576460724903,1.0114681041429572,3.2293908194514467,0.01054470082697213,-0.06163387754388363
589,-576460724885,1.0116578857285794,3.2283691058531403,0.01053628619022213,-0.051858329988083623
590,-576460724872,1.0051413216510474,3.2240718423004773,0.008745073681773886,-0.05385573686211536
591,-576460724865,1.0053074723200535,3.2231461912587465,0.008736189825623887,-0.04353508240567536
592,-576460724849,1.0054513499011983,3.222390882695954,0.008220508011123888,-0.045481837192775355
593,-576460724831,1.005594235062937,3.2215546238592982,0.007674164855973888,-0.04754434186674535
594,-576460724812,1.005720412181316,3.2207290509479503,0.007157115588223888,-0.04949625893819535
595,-576460724802,1.008095447549459,3.219520946725653,0.00783492479748418,-0.05009953129468423
596,-576460724796,1.0082318812908035,3.218598223422511,0.00728657604423418,-0.05216960731903423
597,-576460724779,1.0083749306252283,3.2176948359874755,0.00959140571786418,-0.05441849191226423
598,-576460724762,1.0085576679155228,3.216750380826753,0.01190330583825418,-0.05667427533145423
599,-576460724743,1.0088085326972622,3.2156489715561616,0.01448823397968418,-0.059196459568484225
600,-576460724723,1.0003056408162836,3.208670867354994,0.0146515626956122,-0.06442854580758321
601,-576460724706,1.0005203248902053,3.2075687082621442,0.0102725766114822,-0.0635286252436632
602,-576460724687,1.0006626255146172,3.206449241831379,0.0057603932957922006,-0.0626013314647032
603,-576460724671,1.0007251321121184,3.205330942237591,0.0011851700689822003,-0.0616610824236632
604,-576460724654,1.000709940644594,3.20431772710751,-0.0030212188391378,-0.0607966321135832
605,-576460724642,1.0050292473981979,3.202130149091761,-0.0017869692476234747,-0.06188907648274416
606,-576460724634,1.0049852626902598,3.2009877716761226,-0.002968905536193475,-0.061631214984904155
607,-576460724619,1.0049257646494498,3.1999451865789093,-0.004051926466883475,-0.061394933721624155
608,-576460724601,1.0048417025428653,3.1988332258671957,-0.005211625969573476,-0.06114192359434416
609,-576460724583,1.004737446233936,3.1977340162758465,-0.006362763031723477,-0.06089078152354416
610,-576460724571,0.9935840225706878,3.190368256409569,-0.009433681098674217,-0.06431424906206423
611,-576460724565,0.9934271349736571,3.1892429631350363,-0.007963479805154217,-0.06046877095706423
612,-576460724547,0.9932982855860407,3.188200282591431,-0.006512352979514217,-0.056673184284564235
613,-576460724530,0.9931978864995278,3.187252431319016,-0.005103206286174217,-0.05298740140581423
614,-576460724512,0.9931201969158799,3.186346181240308,-0.003657459438654217,-0.049205886675814235
615,-576460724493,1.0010632120712737,3.1813932257075597,-0.0013535887746398312,-0.054266270684939395
616,-576460724475,1.0010378171425738,3.1803400616607984,-0.001339833158849831,-0.05743379260837939
617,-576460724458,1.0010149529172923,3.1793306709395983,-0.0013273263956998307,-0.060313739756779394
618,-576460724441,1.0009888063994907,3.178344371712964,-0.001778514051129831,-0.05684480709056939
619,-576460724422,0.9910677309328202,3.170805032584953,-0.00498491614471775,-0.056175214085039636
620,-576460724403,0.9909682794860323,3.16977583271676,-0.00549358420169775,-0.05226434636097964
621,-576460724387,0.9908710163317483,3.168917110211308,-0.00594913983169775,-0.04876183075097964
622,-576460724369,0.9907676479334401,3.168031091379626,-0.00553751405297775,-0.049695645822219636
623,-576460724352,0.9990255248858604,3.1630102491349885,-0.002758559179530373,-0.05265897343960177
624,-576460724335,0.9989819484062499,3.1621078705387187,-0.0023698955233703734,-0.05354069659332177
625,-576460724317,0.9989429679176145,3.161134970080778,-0.0019579038144103738,-0.054475341814641774
626,-576460724299,0.9988893808658875,3.1601602294064466,-0.003952215489330375,-0.053028868434761775
627,-576460724280,0.9988003002216729,3.1592175484002922,-0.0059340998333103755,-0.05159140859254177
628,-576460724268,0.9849514611430394,3.1500727605780465,-0.009752331915627254,-0.05583770417095201
629,-576460724263,0.9847579974033832,3.1490801143517655,-0.011732896543047254,-0.05440120151857201
630,-576460724244,0.9845310447255216,3.1481217604971508,-0.013695974926047256,-0.05297738163157201
631,-576460724224,0.9842643093322113,3.147201740000204,-0.015944584392787255,-0.04925847756905201
632,-576460724209,0.9839571944301263,3.1463488800390254,-0.018192569176377255,-0.04554060665023201
633,-576460724190,0.9934992951149738,3.140640094201246,-0.01762447963634314,-0.04424559422639207
634,-576460724173,0.9931645560785918,3.1398827419547826,-0.019856097721403138,-0.040554791672512074
635,-576460724154,0.9928116680121547,3.1392042639669526,-0.01890577249356314,-0.03397047061107207
636,-576460724137,0.9924836113813744,3.138657179836586,-0.01797731601959314,-0.02753766704330207
637,-576460724119,0.9786477591843566,3.1292244214809077,-0.020765672692092008,-0.02519286953172499
638,-576460724101,0.9782422809565106,3.1287643433223367,-0.02439534839673201,-0.02604933780479499
639,-576460724083,0.9777705875777856,3.128287890015514,-0.02803250296761201,-0.02690757081173499
640,-576460724066,0.9772640717147509,3.1278229040553156,-0.03147358996409201,-0.027719539173974992
641,-576460724047,0.9884017957961643,3.121546700446905,-0.0317431993892392,-0.03145775874611589
642,-576460724029,0.9878522572447975,3.1210007611278656,-0.0291711221057192,-0.029057601120785884
643,-576460724012,0.9873485415393689,3.120497541421295,-0.026595908664119202,-0.026654516960635883
644,-576460723994,0.9868915632567933,3.1200379516983605,-0.0240219781962792,-0.02425263001927588
645,-576460723975,0.9709037696799249,3.10924778038733,-0.02577320402171915,-0.026687733330824366
646,-576460723958,0.9704294114788254,3.1088328494319293,-0.027018315771219152,-0.019490103784644365
647,-576460723939,0.9699319707671363,3.108546959890407,-0.028265159633219152,-0.012282461398964363
648,-576460723922,0.9694116491654597,3.1083907030040305,-0.02951304276271915,-0.005068811309584362
649,-576460723904,0.9688654985882309,3.1083646073360915,-0.030768477902719152,0.00218849476001564
650,-576460723891,0.9849021865006781,3.1005590953145212,-0.026161773599263707,-0.0017108162840881315
651,-576460723886,0.9844157546326959,3.100639611545048,-0.02799753920841371,0.010675491508341867
652,-576460723866,0.9838622106321182,3.100969409237532,-0.02995001384866371,0.023849260387391866
653,-576460723850,0.9833450716786893,3.101466889485326,-0.03166549352996371,0.03542397299685186
654,-576460723833,0.9827923916417173,3.1021681706615847,-0.033401617015363705,0.04713797381953186
655,-576460723820,0.9594200811888155,3.0865895839686273,-0.03985496914882971,0.03991485330375799
656,-576460723814,0.9587396098771286,3.087284843450691,-0.03500024362130971,0.03656713141256799
657,-576460723796,0.9581526215007372,3.0879134882877457,-0.030191712885949712,0.03325126452864799
658,-576460723779,0.9576565695739699,3.088477299348841,-0.02542884289890971,0.029966884386017988
659,-576460723760,0.9572188776789446,3.089050741806272,-0.02317388821265971,0.033710030547177985
660,-576460723743,0.982650406646904,3.0771833625403255,-0.013489693243095279,0.031196314942096532
661,-576460723724,0.9824277620111308,3.077778913332145,-0.011234863755595279,0.034939253277696536
662,-576460723707,0.9822444350275535,3.0784474468337164,-0.008962005648095277,0.038712118493936534
663,-576460723689,0.9821020233523511,3.0791586651198317,-0.006858877005065277,0.040298967004616534
664,-576460723671,0.9819982796918447,3.0798913739955966,-0.004775491112725277,0.04187091925365653
665,-576460723658,0.9537467094150758,3.0609793936795393,-0.012581040460924314,0.03310774416600143
666,-576460723653,0.9535391652121953,3.06158964702562,-0.010478145459914314,0.03469441638956143
667,-576460723635,0.9533694417221606,3.062228607183456,-0.008374783174864314,0.03628144118736143
668,-576460723616,0.9532512772344336,3.062978927363676,-0.0046777394946443136,0.046599391710021434
669,-576460723599,0.95320027827141,3.0639032155898915,-0.0010268424990443133,0.056788553056821435
670,-576460723586,0.97913939962171,3.051432285259015,0.006449993345463605,0.05055115677022419
671,-576460723581,0.9792887401312926,3.0524354969978695,0.010128660027383605,0.06081781956798419
672,-576460723561,0.9795040931974653,3.0536223224313837,0.013803447120773606,0.07107365495715419
673,-576460723546,0.979765091400799,3.0549004281585024,0.015185079933553607,0.07088288717852419
674,-576460723527,0.9800506539124995,3.0561737555780506,0.016565254923073605,0.07069232068760418
675,-576460723514,0.948524004164509,3.035080110446957,0.00784914153214558,0.06092580077525157
676,-576460723508,0.9486869685608137,3.036235666979395,0.00930681133706558,0.06072453425343157
677,-576460723490,0.948857110005684,3.037329449136221,0.01061724099272558,0.06736050079845157
678,-576460723472,0.9490575254231383,3.0385998273068706,0.01173558272512558,0.07432789655261157
679,-576460723455,0.9492789077303672,3.0400009177632663,0.01285835242222558,0.08132287902875157
680,-576460723437,0.9874657517956715,3.0232302492302976,0.024941490984436238,0.07915641234459912
681,-576460723419,0.987891140530574,3.024583187862028,0.022326550007006236,0.07117845422911911
682,-576460723401,0.9882729299358766,3.0258036476479826,0.019686039297256236,0.06312248507811911
683,-576460723383,0.9886036233666564,3.0268676607477034,0.017071970015246234,0.05514718642975912
684,-576460723363,0.9502230400460874,3.0020521305549153,0.003630437104578124,0.034874231954049234
685,-576460723347,0.9502252302271086,3.002586100659466,-0.0033722371610218774,0.028075382493399234
686,-576460723330,0.9501082358849487,3.00300551524032,-0.010390183984701878,0.021261705008579233
687,-576460723310,0.9498539157344154,3.0033236402683556,-0.01782998362886188,0.014038453450739233
688,-576460723293,0.9494630981430517,3.0035122190460743,-0.025308996597821883,0.006777129938949233
689,-576460723281,0.9882948448250058,2.9849317277592626,-0.014068637248464768,-0.0025226027889202725
690,-576460723276,0.9880389217591201,2.984987105804221,-0.014484644675644767,0.008701119463979733
691,-576460723256,0.9877715471359239,2.9852490426368767,-0.014906871560064767,0.020092640309079736
692,-576460723239,0.9875031105218355,2.985704694066133,-0.015319073050724767,0.03121367984137974
693,-576460723221,0.9872234031039302,2.9863685231370334,-0.015737099480814767,0.042491874025329744
694,-576460723200,0.9506101449832675,2.9627278420963705,-0.017959748132104797,0.019466716301125384
695,-576460723185,0.9503538674466709,2.9629776537677155,-0.010513951839734796,0.008288594108835382
696,-576460723167,0.9502316155536495,2.963026242281179,-0.0030673282826247953,-0.0028907700280346206
697,-576460723149,0.9501553917499006,2.9629971654475207,-0.005334303433974796,-3.141716813346196e-4
698,-576460723130,0.9822901438634338,2.9475710846258405,0.001786694654285565,-0.0054985766126981
699,-576460723112,0.9823020944099269,2.9474953058882494,-4.540438047644347e-4,-0.0029517983625980994
700,-576460723096,0.9822735872092474,2.947465163826565,-0.0027072759268144345,-3.9082006649809875e-4
701,-576460723077,0.9821881044490878,2.947391178239881,-0.0068109024675344345,-0.007847192034998098
702,-576460723058,0.9410238632195523,2.9197477387172786,-0.02228811404480901,-0.027964953316019555
703,-576460723041,0.9405857191944131,2.9191771911124595,-0.02639996520168901,-0.03543626957751955
704,-576460723023,0.9400733564838405,2.9184718743942946,-0.03051341558948901,-0.04291049167376955
705,-576460723004,0.9394854985434699,2.9177828255274414,-0.03481865157772901,-0.03366751086604955
706,-576460722985,0.9845889456070767,2.8956941426815024,-0.026046200364487265,-0.034688302868713695
707,-576460722969,0.9841100248332695,2.8951773095579587,-0.030125600457367264,-0.02593017279907369
708,-576460722951,0.9835317964792167,2.8947951249459636,-0.034412415509227266,-0.016726740197743686
709,-576460722932,0.9829035360714937,2.894512024072383,-0.035347789656547265,-0.014707955958223686
710,-576460722915,0.9822586091197991,2.8942653489877843,-0.036282904150817266,-0.012689732118503685
711,-576460722902,0.9433582838798895,2.868372592545407,-0.047083140125226124,-0.02461208245765386
712,-576460722895,0.942502518652255,2.867947799799123,-0.04801773531339613,-0.02259497941753386
713,-576460722878,0.941615304356848,2.867556830909394,-0.05058902160874613,-0.02085807862403386
714,-576460722859,0.9406718762886367,2.8671935435768163,-0.05318702813400613,-0.019103128347433863
715,-576460722843,0.9397016190180536,2.8668685206481452,-0.05573273731088613,-0.017383504866633863
716,-576460722830,0.9823295462351431,2.8469631999699665,-0.043299845940911824,-0.027364527972282927
717,-576460722824,0.9815270010015467,2.8464862749170656,-0.04587184668091182,-0.025627144572282927
718,-576460722806,0.9807011100115204,2.846029599555055,-0.04518559433631182,-0.024722950467482928
719,-576460722789,0.9798884241333056,2.8455897312001666,-0.04449998511684182,-0.02381960373312293
720,-576460722771,0.9791047719164738,2.8451749230394627,-0.04382871380468182,-0.02293514837504293
721,-576460722752,0.933787844719807,2.8148975991306444,-0.055533879217823476,-0.03578035914977389
722,-576460722735,0.932763119605943,2.8142175705762846,-0.05722816907532348,-0.03905084353077389
723,-576460722716,0.9317281001449157,2.8134928178944376,-0.05889001805962348,-0.04225870735801389
724,-576460722698,0.9306526146243989,2.812702737225105,-0.060568553585023485,-0.045498781182733886
725,-576460722679,0.9704446010434544,2.792866833305748,-0.05035032605942795,-0.05841710565792142
726,-576460722661,0.9695560609344768,2.7917829009811674,-0.04826677815562795,-0.06188614901252142
727,-576460722644,0.9687059438609706,2.790637698209244,-0.04618542711143795,-0.06535153466325143
728,-576460722626,0.9678926316394776,2.789429082754759,-0.04410234170439795,-0.06881980797493142
729,-576460722606,0.9298459595335623,2.763033799318461,-0.05227350291036016,-0.07237556388495697
730,-576460722588,0.9289383351574287,2.7618467290478637,-0.05361512523331016,-0.06611481359818697
731,-576460722572,0.9279734031029284,2.760729708985423,-0.055005582201860165,-0.059626173900056964
732,-576460722553,0.9269670701434309,2.7597122598733805,-0.05641920432281017,-0.053029432814486965
733,-576460722535,0.9701509063242756,2.7385098052705654,-0.041626317212574544,-0.06389083956926755
734,-576460722519,0.9694596073437162,2.7374208416245254,-0.03990921154362454,-0.06454740375678755
735,-576460722501,0.968756122658071,2.736250106015518,-0.03808243874962454,-0.06524590101118755
736,-576460722482,0.9680872608213991,2.735069802917397,-0.03626032402372454,-0.06594261717502754
737,-576460722463,0.9297464169453072,2.7084652256213197,-0.04400282530100174,-0.07010062142771899
738,-576460722446,0.9289780968531044,2.707267459118871,-0.04136133137949174,-0.06297715230141898
739,-576460722427,0.9282577909415977,2.7061985924568543,-0.03872159835610174,-0.05585843189071898
740,-576460722411,0.9276204018807477,2.705305739401326,-0.03622567201251174,-0.04912752325401898
741,-576460722394,0.9269871353234643,2.7044845793613983,-0.03833768101743174,-0.04755916459803898
742,-576460722380,0.9769357725638403,2.6816966912612283,-0.023612742270119693,-0.05901252293000051
743,-576460722375,0.9764693349751902,2.680602370027395,-0.025952911908739693,-0.05727473426497051
744,-576460722358,0.9760052269417511,2.67963223891647,-0.028088545175459695,-0.05568883244729051
745,-576460722340,0.9755040745722291,2.678688698026646,-0.030225670500819694,-0.05410182264045051
746,-576460722322,0.9749426906542757,2.67782782409853,-0.03274151226551969,-0.042457420039850514
747,-576460722304,0.9397082791619618,2.653817498437436,-0.04498750967673505,-0.04141817999984475
748,-576460722286,0.9388755992811136,2.653177734435552,-0.047527337370435054,-0.02966276015724475
749,-576460722268,0.9379973000959992,2.652749615562241,-0.05006688287673505,-0.017908646399844748
750,-576460722252,0.9371343520683393,2.652502719186785,-0.051468359817695056,-0.011141403659724746
751,-576460722233,0.9772981016022317,2.633370615601226,-0.040774101064171946,-0.013506936222207725
752,-576460722215,0.9765501770786746,2.6331918911126357,-0.042259429166971944,-0.006334805503107723
753,-576460722197,0.9757980796080278,2.633120168684164,-0.040771865892291946,-0.0015833252621877238
754,-576460722178,0.9750770168452056,2.6331341960020334,-0.039292842393531945,0.0031408777682522754
755,-576460722160,0.9366579618487336,2.607674568924043,-0.04844348697897842,-0.0038828609198922268
756,-576460722144,0.9357992344609642,2.6076471677667508,-0.04696536672574842,8.384570209777724e-4
757,-576460722125,0.9349618220263035,2.6076323883312154,-0.04599266565042842,-0.002479067059852227
758,-576460722108,0.9341434654569173,2.6075580340419857,-0.04502180016574842,-0.005790330619022227
759,-576460722089,0.9796749723373155,2.586024714213293,-0.030246693481276968,-0.01987991251138915
760,-576460722073,0.9791422642258584,2.585639411105094,-0.029280416973196968,-0.02317552476640915
761,-576460722053,0.9786103561174746,2.5851859118805325,-0.029299771174796967,-0.026769323753609152
762,-576460722036,0.9781006133107735,2.584690409782599,-0.029318306872716967,-0.03021113829024915
763,-576460722017,0.9365065034224268,2.5562454726703074,-0.04093878386801798,-0.04660174162956783
764,-576460721998,0.9357244601688725,2.5553193828714234,-0.04095913775249798,-0.05038116745872783
765,-576460721981,0.9350379434059634,2.5544752470401013,-0.03969367743889798,-0.04878892550672783
766,-576460721963,0.9343411383900879,2.553619123623671,-0.038366594322197974,-0.04711914780647783
767,-576460721947,0.9337210311470433,2.5528578533936868,-0.03714573434859798,-0.045583023404477827
768,-576460721935,0.9770634053253973,2.5328739115741,-0.024174948813225947,-0.055625956908744896
769,-576460721929,0.9766494847942094,2.5319094885026177,-0.022866820841025946,-0.0539800291672449
770,-576460721912,0.9762417079661396,2.531056406662469,-0.024829164663365946,-0.04580145982612489
771,-576460721895,0.9758054385664191,2.530350289448586,-0.026769818153965945,-0.03771329048532489
772,-576460721878,0.9753051054680657,2.529749052353303,-0.028835104979325944,-0.029105679872844886
773,-576460721858,0.9356469421524762,2.5021771873977543,-0.036310081978213345,-0.05709604198504051
774,-576460721841,0.9350178374262081,2.501015153033739,-0.03357103174221335,-0.07198303205169052
775,-576460721822,0.9344383884604395,2.4995860339337934,-0.030833654905413347,-0.08686092703971052
776,-576460721803,0.9338799520906647,2.497786229205104,-0.027942933851013346,-0.10257226196037052
777,-576460721785,0.9809257315224432,2.4739011552315593,-0.009635208083765518,-0.11616802613706381
778,-576460721767,0.9807932492981697,2.4718900283398506,-0.005829041276985518,-0.11858473348804381
779,-576460721750,0.9807246147472938,2.469752394718016,-0.001866709227695518,-0.12110059721043381
780,-576460721734,0.980724989640718,2.4676726857122397,0.0019108013681544823,-0.12349910943778382
781,-576460721715,0.9363017086802727,2.4350910182398144,-0.010595443929090393,-0.13167077369684127
782,-576460721698,0.936123439781764,2.432902803678031,-0.010420636060140393,-0.12629734440314128
783,-576460721681,0.93593749664497,2.430680280358096,-0.010235122304020393,-0.12059482621842128
784,-576460721664,0.9357635399716224,2.428659349689507,-0.010058470013700393,-0.11516470114850129
785,-576460721645,0.9355900402545997,2.4266225598364395,-0.009338893396530393,-0.11254952022413128
786,-576460721627,0.9821940494807214,2.402944382376674,0.005551673300532077,-0.12079645941947714
787,-576460721609,0.9823006277728722,2.400791247344737,0.006276559555662076,-0.11816198150354715
788,-576460721592,0.982413051248407,2.3988051218276323,0.006959853646772076,-0.11567866335483715
789,-576460721576,0.9825496283407653,2.396814889889764,0.009099537541212076,-0.11834237702000715
790,-576460721558,0.9493042634845827,2.371690706521674,0.0017654790828287026,-0.1316338689198888
791,-576460721540,0.9493562802810657,2.369300632439409,0.004025425062228702,-0.13444729804533878
792,-576460721521,0.9494496458569294,2.366843679967522,0.006300340903668702,-0.13727936330025878
793,-576460721504,0.9495576129275721,2.3643719316473146,0.005744850220648702,-0.13847768698226878
794,-576460721485,0.992519226896246,2.341786669327938,0.01825170702755695,-0.14973406293442798
795,-576460721468,0.9928424901302245,2.3390827404802352,0.017694388155196947,-0.15093633044960797
796,-576460721450,0.9931363261370154,2.3364649502313464,0.014984920835616948,-0.14020421883462797
797,-576460721431,0.9933819164211023,2.3340351065873084,0.012269577453896948,-0.12944883232930796
798,-576460721413,0.993579124678916,2.3317922133028155,0.009545495313096949,-0.11865883188450796
799,-576460721400,0.9566751761881652,2.306555667958033,-0.00112497948697797,-0.13014055692336055
800,-576460721394,0.956626960263463,2.304201294041107,-0.00397426695183797,-0.11885462227670054
801,-576460721377,0.9565695976821034,2.302155497829732,-0.0027834147775279705,-0.12215335455962055
802,-576460721357,0.9565308779656692,2.299926767678491,-0.0015216459778879705,-0.12564853016810054
803,-576460721341,0.9565148484713938,2.29763193765504,-2.581235524979704e-4,-0.12914856342558054
804,-576460721323,0.9963317789605962,2.2764131049592105,0.013228050191283319,-0.14206620255500252
805,-576460721306,0.9965299756196044,2.2740651836696704,0.010086460926023319,-0.1341273381508225
806,-576460721288,0.9966815438505914,2.271727541186242,0.006761941807063318,-0.1257262060275425
807,-576460721271,0.9967698109751866,2.2696571969439123,0.0036199829865433174,-0.1177864077491825
808,-576460721253,0.9568337543481433,2.240057425941276,-0.01135461154630914,-0.1218875835543382
809,-576460721236,0.9566504290771698,2.2378005625276978,-0.00901486300630914,-0.1288750179543382
810,-576460721219,0.9565161363639457,2.2355571158514658,-0.006808480133089141,-0.1354641685935382
811,-576460721201,0.9564144628131352,2.23305017553251,-0.004463532151889141,-0.14246713062553817
812,-576460721182,0.9563551812190885,2.2304231791800038,-0.002124043583949141,-0.14945378864393818
813,-576460721164,0.9984543275203377,2.207675431320441,0.011048504732869769,-0.16143275230432336
814,-576460721146,0.9986546275709706,2.204749514570942,0.011190994587939769,-0.16343448241493336
815,-576460721127,0.9988570749578531,2.2017936617207576,0.01133319175857977,-0.16543210082765336
816,-576460721110,0.9990822626798223,2.198701921723466,0.01336521481877977,-0.17366743273875337
817,-576460721092,0.9660328781375522,2.1724222995185696,0.005565949796382573,-0.19217617055195854
818,-576460721075,0.966151117755727,2.168889965642514,0.007571785556382573,-0.20030537123195855
819,-576460721056,0.9663064015595834,2.1651908773974813,0.009588541977742573,-0.20847883089343855
820,-576460721036,0.9664831539164508,2.161280608783928,0.009139192379902574,-0.20583231697195856
821,-576460721019,1.0028670679130738,2.140234959134865,0.01999245201292775,-0.2119255119294605
822,-576460721000,1.0032061438565039,2.1366241981923118,0.01958454751202775,-0.20952309531341048
823,-576460720986,1.0035331285270848,2.1331097017191887,0.01918297523156775,-0.2071579732885405
824,-576460720968,1.0038806297843499,2.129360457260064,0.01950780662724775,-0.2102828171278005
825,-576460720948,1.0042458092954112,2.1254276458569996,0.019843433788847748,-0.21351151509900052
826,-576460720937,0.9835589426209594,2.1110508880287178,0.013719284744034612,-0.22001480599588655
827,-576460720931,0.9838013920895213,2.1071804599366613,0.014035219126594611,-0.22305406150530654
828,-576460720914,0.9840439378035658,2.1033423838573793,0.014344317999074612,-0.22602756012716654
829,-576460720897,0.9843003476054519,2.0994697969460328,0.01601440824839461,-0.23248379570356653
830,-576460720879,0.9846049261979951,2.0952191019029622,0.01779572579646461,-0.23937001381746653
831,-576460720861,1.0152925141324687,2.075969062951735,0.029110537970136303,-0.2536066600778917
832,-576460720844,1.0158388241998602,2.071289078410318,0.030910343966976304,-0.26056435084469165
833,-576460720824,1.0163898137341938,2.0662588473744004,0.027395426861976303,-0.27173522967569164
834,-576460720807,1.01682922001244,2.061547460318393,0.0242295837996263,-0.28179670429686166
835,-576460720789,0.9944220581725469,2.040582033402133,0.014090511614489081,-0.2994973343502773
836,-576460720772,0.9946347782043734,2.035403624001061,0.010928016092239081,-0.3095481700392273
837,-576460720756,0.9948160145906039,2.030133456107158,0.010370107913929082,-0.3097793925558873
838,-576460720737,0.9949976299808353,2.0245468554350565,0.009779155993699083,-0.31002430990166735
839,-576460720720,0.995171668489714,2.0188518986844826,0.009177222274319082,-0.31027377860434735
840,-576460720706,1.0227024821932567,2.005250783856979,0.01789593220849358,-0.31697656739770413
841,-576460720702,1.023012000550099,1.9996901647367369,0.01724466234673358,-0.31433804661706416
842,-576460720683,1.0233198960899559,1.9939909027040708,0.01657143209113358,-0.31161055664116416
843,-576460720664,1.0236091062162394,1.9884661092460276,0.01591313786097358,-0.30894357770042413
844,-576460720647,1.0238892485385953,1.9829355141541856,0.01524841078817358,-0.3062505370762241
845,-576460720635,1.0109452755057209,1.973951562123995,0.011341923365892945,-0.31029763295374585
846,-576460720628,1.0111593258509812,1.9679706408356121,0.011023715342672945,-0.31463536828784583
847,-576460720610,1.0113554563653337,1.9622586991574962,0.010723860679132946,-0.3187229150315458
848,-576460720593,1.0115332398528067,1.9568731411458327,0.010444620296392947,-0.3225294528512458
849,-576460720576,1.011718722331172,1.9510253461591147,0.010145098121252947,-0.3266124671929458
850,-576460720557,1.0345219001293697,1.933713693069762,0.018551361592782627,-0.3359805023259462
851,-576460720538,1.0348664717772371,1.9276310266843142,0.01972799716603263,-0.33975869507980616
852,-576460720520,1.035231829219105,1.921486868657707,0.02090339094203263,-0.3435329004058862
853,-576460720504,1.0356191639836478,1.9152616375009752,0.02208126831253263,-0.3473150805875262
854,-576460720486,1.0361529282325195,1.9094712502334337,0.020740710455229853,-0.347248819705638
855,-576460720469,1.0365125965076456,1.9032281890743026,0.019269109348539853,-0.347234873395338
856,-576460720450,1.0368465364955164,1.8969711425985256,0.017794152346339853,-0.347220895281338
857,-576460720433,1.0371541588548563,1.8907087926977877,0.016317885726379853,-0.34720690475613797
858,-576460720414,1.0374450611391708,1.8844347758443671,0.016051345865319852,-0.35091447650797797
859,-576460720401,1.0498452873619166,1.8779808098036594,0.020054972779934482,-0.35406490730323026
860,-576460720396,1.0502240901831514,1.8712084683785402,0.01977289192775448,-0.35798865437475025
861,-576460720379,1.0505570128617756,1.86511273656839,0.01952161130320448,-0.36148397001595023
862,-576460720359,1.0509284063679782,1.858543805157476,0.02171226303926448,-0.36783005362275023
863,-576460720342,1.0513387364398583,1.8518687871862352,0.02390023939294448,-0.37416838693315024
864,-576460720325,1.0533423098934815,1.8465471193939391,0.02645791239390547,-0.3796717285835385
865,-576460720308,1.0538156597867439,1.8399607981594717,0.028550791064805472,-0.38573457408553846
866,-576460720289,1.0543599455554917,1.8326663548129265,0.02940744221684547,-0.39101373243615845
867,-576460720272,1.0548965172294742,1.8255845537745912,0.03022819812574547,-0.39607168443910845
868,-576460720255,1.0599443700897526,1.8167647557389375,0.032446599225441776,-0.40175905914546284
869,-576460720238,1.0605355315922447,1.8094908129962368,0.033267218303681775,-0.40681616792218284
870,-576460720219,1.0611295798330567,1.802135406883664,0.03274180895471178,-0.41049658418325286
871,-576460720201,1.0617147189055716,1.7947067159202532,0.03221590335823178,-0.41418047658613283
872,-576460720181,1.062320950518992,1.786808321627292,0.03166182841780178,-0.41806169115646286
873,-576460720164,1.0804915356894733,1.7915296808521624,0.03664571706473105,-0.4162479497532748
874,-576460720146,1.081165185507204,1.7839347640150565,0.03826252464889105,-0.4282885605442748
875,-576460720128,1.0818286776918984,1.776556684230619,0.03979078806145105,-0.43966976948777475
876,-576460720111,1.082559391654196,1.768535081971005,0.041408674356331054,-0.45171841360077475
877,-576460720094,1.0812966740601642,1.7618480292432799,0.04228569547471135,-0.46258678401376163
878,-576460720076,1.0820718319647173,1.7534596227102381,0.04363769914404135,-0.46723714028282165
879,-576460720059,1.0828218509180243,1.745507173321557,0.04490712740775135,-0.47160346991504165
880,-576460720042,1.0836435209245447,1.7369641750026006,0.04625785722781135,-0.47624944464796165
881,-576460720023,1.0845272687178016,1.7278547228199905,0.046602055902051354,-0.4809274159814417
882,-576460720008,1.1020276898153079,1.7399932765150383,0.05214441629102672,-0.47550813225800065
883,-576460720002,1.103019545778511,1.7309339477390024,0.052487258713266725,-0.48016767089998064
884,-576460719985,1.103967298752438,1.7222506304575231,0.05281277727662673,-0.4845917626292006
885,-576460719968,1.1049194235208293,1.7135013674484065,0.053137789505906724,-0.4890089728202606
886,-576460719950,1.1058810376056514,1.704677314494236,0.05338864062836672,-0.4885088020961606
887,-576460719938,1.104210305208856,1.7056369477803575,0.05283155939060304,-0.4880488273611214
888,-576460719933,1.1051084859744804,1.6973621613645589,0.053067251624473046,-0.48757888186467135
889,-576460719914,1.1060651476523773,1.6885975357695189,0.053317144027123044,-0.4870806227269214
890,-576460719897,1.1070268393161948,1.679837005542821,0.053567175374673044,-0.4865820865476714
891,-576460719878,1.1079895178302577,1.6710830101912948,0.053278386674473044,-0.4850045229446714
892,-576460719860,1.126124239370286,1.674175154280595,0.05851066312263881,-0.47817348534279724
893,-576460719842,1.1271748933150603,1.6655817372610957,0.058222178916628814,-0.47659758509764727
894,-576460719823,1.1282202383882207,1.6570176380654542,0.05793372676263881,-0.4750218599427973
895,-576460719806,1.129260770821988,1.6484482921998176,0.05759113542979881,-0.4763876954737173
896,-576460719788,1.1172753847515928,1.6475972135107408,0.052857624137957394,-0.4740713615572694
897,-576460719772,1.1181712162522681,1.6395270442615573,0.05253431711795739,-0.4753603148172694
898,-576460719753,1.1191150056370032,1.6309468342045175,0.05219153560451739,-0.4767269085559894
899,-576460719735,1.1200620105358048,1.6223630067339687,0.05293778264611739,-0.4761846667713494
900,-576460719717,1.1765047769424732,1.6515989608286485,0.07177522846876908,-0.45858333053765693
901,-576460719699,1.1777258677556002,1.6438394584306706,0.07247649192426908,-0.4580737749529569
902,-576460719682,1.178974305815607,1.635937150816401,0.07212744159130909,-0.45723376130345694
903,-576460719664,1.180253464710234,1.6278156804954744,0.07176804123978908,-0.45636883962195696
904,-576460719645,1.1596563156331674,1.6337005294163938,0.06393662616248065,-0.4488377448188678
905,-576460719628,1.1608043451023449,1.6256261953333433,0.06357261681832065,-0.4479617312793678
906,-576460719610,1.1619500683874502,1.6175728089083048,0.06355340649432065,-0.44561789979286776
907,-576460719592,1.1630920145583183,1.609585607035086,0.06353425372136065,-0.44328109004840777
908,-576460719574,1.1642444776013838,1.6015650003989896,0.06351491870344066,-0.44092204478748775
909,-576460719561,1.1957871762449934,1.6232039772001712,0.0739332808324107,-0.4313062567836844
910,-576460719555,1.1971827727265287,1.6150845192090175,0.0739131603493707,-0.4288513777471444
911,-576460719539,1.1983765036997371,1.6081557059291978,0.0739539241555707,-0.4294185689665444
912,-576460719521,1.199695725476561,1.6004922988146357,0.0739989471306707,-0.4300450226402444
913,-576460719504,1.2010281895707062,1.592745366847951,0.07404439425537071,-0.4306773779691444
914,-576460719490,1.1851677210590836,1.603396257456429,0.06857222247515092,-0.4256766076070547
915,-576460719484,1.1864806558460521,1.5952423726332428,0.06862054523315092,-0.4263489747530547
916,-576460719466,1.1877161316935096,1.5875693686046468,0.06878432019058092,-0.4270129813828447
917,-576460719450,1.188875957795423,1.580371951517862,0.06893771292861092,-0.4276348945044347
918,-576460719431,1.1901207996611969,1.572653122900757,0.06910197056817093,-0.4283008581131147
919,-576460719419,1.1869451370962167,1.5704798019257,0.06803750939552163,-0.42926633734868586
920,-576460719411,1.188170878424885,1.5627496057295291,0.06820138453226163,-0.42993075014390586
921,-576460719395,1.189408528081453,1.554974006970783,0.06844224302146162,-0.42853999330035586
922,-576460719377,1.1906345380878163,1.5473231296283376,0.06868000352402162,-0.42716712474521584
923,-576460719359,1.191873621310203,1.5396423008855336,0.06891946592482162,-0.42578442914751585
924,-576460719341,1.1653869681531164,1.5505680455278286,0.06088855194501313,-0.4154636285520184
925,-576460719324,1.1664984409040127,1.543100423005557,0.06253984904291313,-0.4138114988518184
926,-576460719306,1.1676415792912858,1.5356501905993918,0.06419389677451312,-0.41215661713101837
927,-576460719286,1.1688747140870208,1.527855062408358,0.06593165545838311,-0.41041798224995835
928,-576460719268,1.1661989676027231,1.5177526842234308,0.06571319907374032,-0.410668958765071
929,-576460719250,1.1674011359603464,1.5103115313900217,0.06682286372582032,-0.40969958028009096
930,-576460719233,1.1685354455577601,1.5034177232690304,0.06785325350942031,-0.408799454565991
931,-576460719216,1.1696975141985717,1.4964774855762313,0.06889287979390031,-0.40789126004911097
932,-576460719198,1.1709469670827122,1.4891042223687867,0.06975805336268032,-0.41031472202319097
933,-576460719186,1.1415612751753406,1.5086203443488388,0.05940061661148219,-0.4012519967800823
934,-576460719180,1.1426388052837861,1.501372392026537,0.060265118126222185,-0.4036735762447223
935,-576460719162,1.1437394235063518,1.494030878758344,0.06113552411574218,-0.40611169489944227
936,-576460719143,1.1448429897312464,1.486729724453265,0.061995993306242184,-0.4085219793074423
937,-576460719125,1.1459673572171,1.4794256457995545,0.06339348877848218,-0.4060290024825023
938,-576460719106,1.1573540232520496,1.4795899556229717,0.06833563897717444,-0.40021432290849523
939,-576460719089,1.1586651392458267,1.4720185284209055,0.06981472125433444,-0.39757580427828526
940,-576460719071,1.159933644588482,1.46489677504259,0.07121650256637443,-0.39421399819159525
941,-576460719054,1.1612239531429822,1.4578351063418695,0.07223080755037443,-0.39085200522369523
942,-576460719036,1.1364488375605242,1.468692027986093,0.06391534597798587,-0.3796119158147063
943,-576460719019,1.1375437402051032,1.4622645004481232,0.06487400232278587,-0.3764343746010763
944,-576460718995,1.1387143715928585,1.4555107721805565,0.06516725381530587,-0.3738131556773963
945,-576460718983,1.1398953231876798,1.4487756549909658,0.06546175949383587,-0.3711807262528763
946,-576460718964,1.1456594210948667,1.4455627284138013,0.06736178284458656,-0.36704609366743507
947,-576460718948,1.1468039489518103,1.4393600239764401,0.06763796437686656,-0.3645774540279151
948,-576460718930,1.1480233632932793,1.4327994269208717,0.06784499117771656,-0.3643372791056051
949,-576460718913,1.149178117854195,1.4266090775818177,0.06804045962431655,-0.3641105132048451
950,-576460718897,1.1503394016981512,1.420405479834626,0.06823646861086656,-0.3638831202155151
951,-576460718882,1.123037445154673,1.4388855323635623,0.05840490793977248,-0.3554061865222019
952,-576460718879,1.1240897174577342,1.432495709952258,0.05861175072702248,-0.3551662250768519
953,-576460718860,1.1251582484577864,1.4261505182777658,0.06010072567030248,-0.3497767450922719
954,-576460718842,1.126265225915455,1.419837264175968,0.06160533311354248,-0.3443306818548819
955,-576460718824,1.1273757871173948,1.413750860187193,0.06307875826850248,-0.3389974857408219
956,-576460718806,1.1375130878241975,1.4146204586236917,0.06776430985817174,-0.3305438066774113
957,-576460718787,1.1387920852227356,1.408346490279671,0.06705148001619174,-0.3307788816350913
958,-576460718769,1.1399929920975105,1.4023901323385037,0.06637520458742174,-0.3310019017844113
959,-576460718751,1.1411819224349105,1.3964287661368069,0.06569881645234174,-0.3312249591016913
960,-576460718740,1.1072106070700107,1.419755910140183,0.05333491695194335,-0.32058416254966793
961,-576460718734,1.1081661291778724,1.4139737639237646,0.05265755202884335,-0.3208075419892679
962,-576460718718,1.1090076447366077,1.4088516501905253,0.052736093000303345,-0.3206995947430679
963,-576460718699,1.109959011798808,1.403072138126904,0.052824746078803345,-0.32057774934806793
964,-576460718681,1.110910918565749,1.3973012314459585,0.05291330079050335,-0.32045603914906795
965,-576460718663,1.1236914430744496,1.4010531241724045,0.05782053159092623,-0.3123717788659476
966,-576460718645,1.124739512160604,1.3954577451519943,0.05847007436242623,-0.3084747143834476
967,-576460718627,1.1257969836175519,1.38994448941165,0.05911821174318623,-0.3045860818296476
968,-576460718609,1.1268666503720317,1.384498468348131,0.05976667344488623,-0.3006955034461476
969,-576460718591,1.0945907711117195,1.402325110315405,0.04765371317857106,-0.2889679010689263
970,-576460718573,1.0954491047833816,1.3971399450504325,0.04781746992158106,-0.28777035208412627
971,-576460718555,1.0963135977276672,1.3919571126854335,0.047981836847661066,-0.28656834084572624
972,-576460718537,1.0972254518370608,1.3865328947715045,0.048154600621361066,-0.28530492366972626
973,-576460718518,1.0980940982662049,1.38138584563033,0.048436795925281065,-0.28703457829564627
974,-576460718507,1.1119897893211124,1.3929733182259372,0.05350635762156242,-0.28191452426398206
975,-576460718501,1.1129029013502747,1.3881603535617277,0.05377344372512242,-0.28355157033854206
976,-576460718484,1.1138738515753304,1.3830382787399575,0.054055999892602416,-0.28528343679902207
977,-576460718466,1.1148481515286455,1.3778941991755673,0.054338053989042415,-0.28701222592446207
978,-576460718449,1.115773933304759,1.3730360850806478,0.05463514077449241,-0.28483335054773207
979,-576460718431,1.0844194941147876,1.3908094229006176,0.042920524519062864,-0.2722143476548463
980,-576460718411,1.0851941178862983,1.3859351973719247,0.04323493888996286,-0.26990838938138634
981,-576460718393,1.0859765729465456,1.3810890576236463,0.04355022750836286,-0.26759601925642634
982,-576460718374,1.0868245508617183,1.3758814758036575,0.04308421417252286,-0.2644413550783463
983,-576460718356,1.1218913017603573,1.4006266759732688,0.05531709455785755,-0.24843447364034582
984,-576460718339,1.1228277033709828,1.3964290329930582,0.05491264183125755,-0.24569654227614582
985,-576460718322,1.1237717726259302,1.3922376278099078,0.056095560290837544,-0.24714903161420582
986,-576460718305,1.124736305813081,1.3880200256249435,0.05727889603013754,-0.2486020333243058
987,-576460718285,1.125808510779787,1.3834035227254016,0.05856627351295754,-0.2501827864630458
988,-576460718275,1.0955445341077066,1.4058117793835985,0.04720798832059532,-0.24014580130644322
989,-576460718269,1.0963880065492029,1.4015628045358375,0.04843465160415532,-0.24165200431336323
990,-576460718252,1.0972048154706384,1.3975195336408317,0.04860810964517532,-0.23871759233696324
991,-576460718236,1.0980335691510863,1.3934820437316284,0.04878347393174532,-0.23575093215956325
992,-576460718218,1.09886320213581,1.3895050532968334,0.04895839514502532,-0.23279176750996325
993,-576460718205,1.1068920781846037,1.3965938487663254,0.05195697584650155,-0.2296722775320158
994,-576460718199,1.1078824244251326,1.392255880325487,0.052153010017251554,-0.2263559422670158
995,-576460718182,1.1087609111450483,1.3884216318414355,0.05133229095055156,-0.2253166321294358
996,-576460718164,1.1096781209727324,1.3843711408144603,0.050461153107401555,-0.22421347463212582
997,-576460718144,1.1106288510776243,1.3801190114243784,0.04954201349530155,-0.22304953053058582
998,-576460718127,1.0797453126729633,1.3997494799637713,0.036645155841136035,-0.21142234352786812
999,-576460718109,1.0803951702422514,1.3958883984762709,0.03458382089892603,-0.21177944169714813
1000,-576460718091,1.0809913998969631,1.3921251698274646,0.032578066424276034,-0.21212691130834813
1001,-576460718074,1.0815302825658004,1.3885066237334853,0.030652519534926034,-0.21246048604914813
1002,-576460718056,1.0920703057823944,1.393826208989326,0.03240202199831511,-0.20880017473520465
1003,-576460718039,1.09258506259151,1.3901098086204848,0.024850431467995107,-0.20454654630152466
1004,-576460718020,1.0929644244619734,1.3864652903235943,0.017289182024195104,-0.20028747723532467
1005,-576460718002,1.0932077724638387,1.382894908215923,0.009722473194515104,-0.19602533302900466
1006,-576460717984,1.068373246387969,1.3980254477909573,-0.0073471956513973865,-0.1835091899196749
1007,-576460717967,1.0682106580304853,1.39491047128687,-0.011788725902627386,-0.1831095947666349
1008,-576460717949,1.067956283279948,1.3916201349208037,-0.016490846141527384,-0.18268655487943491
1009,-576460717931,1.067637751600252,1.388514215714614,-0.020939433493727382,-0.18228632481383492
1010,-576460717914,1.0826280971911408,1.3997057761737504,-0.017430256302481913,-0.17550051552077878
1011,-576460717895,1.0822733195160696,1.3963750267891608,-0.01990690167176191,-0.17503088677237877
1012,-576460717875,1.081916933286163,1.3934098824517356,-0.022117298541281912,-0.17461174484427877
1013,-576460717859,1.081494577352141,1.3902485812405183,-0.02447978155824191,-0.17416376389547877
1014,-576460717842,1.0810056627138025,1.3870444192121836,-0.02867177992879191,-0.1741715112401188
1015,-576460717829,1.0559129856233085,1.4059302874938644,-0.03830909500734536,-0.16582234447091826
1016,-576460717823,1.0551587653589223,1.402837130041379,-0.04255942634429536,-0.16583019962227827
1017,-576460717805,1.0543625919264639,1.3998763305380981,-0.04662769502439536,-0.16583771829875826
1018,-576460717787,1.05348795208242,1.3968963245913304,-0.050722167966745356,-0.16584528540403826
1019,-576460717769,1.0525623901071257,1.393896533318426,-0.05190709136622536,-0.16678112396609826
1020,-576460717756,1.0705098707589162,1.4113134946397534,-0.04502336592103536,-0.15916336937226833
1021,-576460717751,1.0696889001494434,1.408440468915965,-0.04620572725295536,-0.16009718444350832
1022,-576460717734,1.0688902186404992,1.4056987629506088,-0.047327650068075364,-0.16098326588514833
1023,-576460717715,1.0680320926557814,1.402807393144099,-0.048504164630435366,-0.16191246324656833
1024,-576460717698,1.0671605442156595,1.3998873006536747,-0.04826466234139536,-0.16230809861700832
1025,-576460717679,1.0436280704458296,1.4139179490824199,-0.05675865988140791,-0.15518346845512515
1026,-576460717661,1.0426098119614118,1.4111245112303548,-0.05651962295516791,-0.15557833508976515
1027,-576460717644,1.0415964244545988,1.4085203179588552,-0.06177694003007791,-0.14841901172625516
1028,-576460717626,1.0404319697341526,1.4059106938358523,-0.06731287987414791,-0.14088026469998516
1029,-576460717608,1.0391765992066135,1.4034534804155827,-0.07281107676600791,-0.13339291537252515
1030,-576460717590,1.0378213806851735,1.4011282849863218,-0.07831449016345791,-0.12589846229807516
1031,-576460717570,1.0363950000587654,1.3988755325791447,-0.08020747320705791,-0.12446299660135517
1032,-576460717554,1.034935045910349,1.396649350979267,-0.08209982511605791,-0.12302800949955517
1033,-576460717536,1.013317938675354,1.4095258544452909,-0.09178199586993374,-0.11502514467341601
1034,-576460717518,1.0116054391308067,1.407415740580029,-0.09372410222323374,-0.113552428338756
1035,-576460717500,1.0098913790371267,1.4053767210137256,-0.09675876644155373,-0.113043067166436
1036,-576460717483,1.0081220055333637,1.4033460806851918,-0.09979461100379373,-0.112533507876196
1037,-576460717465,1.0062767880324646,1.4013015381292344,-0.10286519140139373,-0.11201811825859599
1038,-576460717450,1.05326298113406,1.4497632834401801,-0.08475534695559635,-0.09103746892602732
1039,-576460717445,1.0516380234439378,1.4480549705508186,-0.08792878589479634,-0.09050481474682733
1040,-576460717427,1.05004045463373,1.44641579277202,-0.09005347905703634,-0.09211303048474732
1041,-576460717409,1.0484934560327501,1.444837956325597,-0.09206419720171634,-0.09363497662843732
1042,-576460717392,1.0468168445314325,1.4431377283613849,-0.09419492642407634,-0.09524776116106733
1043,-576460717380,1.0280622097706509,1.4578402343706813,-0.10152284457678387,-0.08879924447751396
1044,-576460717374,1.0262053629521795,1.4562183841247933,-0.10366493579466388,-0.09042062909430396
1045,-576460717357,1.0244428146670264,1.4546639666795071,-0.10434217875693387,-0.09302392690806395
1046,-576460717338,1.022563959861156,1.4529699186757798,-0.10505930420438388,-0.09578053157366395
1047,-576460717322,1.0207711197327867,1.4513184684770775,-0.10573906479848388,-0.09839350707446395
1048,-576460717303,1.0484613435902557,1.4805866401347278,-0.09660117645140708,-0.08132241329250146
1049,-576460717286,1.0468031553340031,1.4792334577764463,-0.09865207715500708,-0.07801610402060147
1050,-576460717268,1.0449806295118917,1.4778405917090711,-0.10085813873020708,-0.07445965595480147
1051,-576460717249,1.0430681079739528,1.476478549213813,-0.10312240072572708,-0.07080938150872147
1052,-576460717232,1.0343742408173036,1.4807651394813994,-0.11015558858887133,-0.06658594668621626
1053,-576460717214,1.0323546205229046,1.4795864308104538,-0.11472140666765132,-0.06465875556805625
1054,-576460717197,1.0303677447361634,1.4785027985928905,-0.11904243670446132,-0.06283488730073625
1055,-576460717178,1.0283075391231662,1.477450231323076,-0.12336321254808133,-0.061011126326096246
1056,-576460717160,1.0260272466209897,1.4763431173199688,-0.12768737670400132,-0.06087745708323625
1057,-576460717143,1.04582488038107,1.4985668215009758,-0.12366113755978739,-0.0507457260405908
1058,-576460717125,1.0435744906500843,1.497660157967391,-0.1279196037465874,-0.0506140876636908
1059,-576460717105,1.0412335081353408,1.496750346901108,-0.1322040158704674,-0.0504816472419008
1060,-576460717090,1.0387901799376977,1.4958502527961608,-0.1394882111553274,-0.0496066553209008
1061,-576460717069,1.0246341378773633,1.5039749696507494,-0.15167932577732954,-0.04471968424024274
1062,-576460717053,1.0218327370570102,1.5031763618808287,-0.15898336569517954,-0.043842308542742736
1063,-576460717034,1.0189107482239088,1.5023964563413046,-0.16626027111485955,-0.04296819229474273
1064,-576460717016,1.0158714707861478,1.5016601098466067,-0.17158737647973954,-0.038884463852182735
1065,-576460716998,1.0371034562296026,1.5269479948346099,-0.16758037685464564,-0.02374396854705961
1066,-576460716980,1.0340144879961173,1.52655458409103,-0.17295189450302564,-0.01962619390249961
1067,-576460716962,1.0308615790563371,1.5261860836927525,-0.17698250502862564,-0.02127285141129961
1068,-576460716944,1.027667893358956,1.5257919429444518,-0.18097374888094564,-0.022903426138659613
1069,-576460716927,1.019444814223164,1.529297221699109,-0.18690424136190495,-0.022808299096602404
1070,-576460716907,1.0159990458638282,1.5288660708881674,-0.19098338920626495,-0.024474785943882405
1071,-576460716890,1.0125266616772546,1.5284694879707128,-0.19485851162972495,-0.019592430840902404
1072,-576460716872,1.008940404990084,1.5281575236102585,-0.19878142988506495,-0.014649856679482404
1073,-576460716851,1.005325637293045,1.527937681933181,-0.20265870527392496,-0.009764789006302402
1074,-576460716841,1.0299440107453075,1.5543846244962674,-0.19324184951310927,0.0014846989150509825
1075,-576460716836,1.0264790666638761,1.5544537408603873,-0.19706443958080927,0.0063008673051509825
1076,-576460716818,1.022915457522501,1.554689030391848,-0.19847461823315926,0.019814847380530985
1077,-576460716799,1.0191327132619583,1.5552004760674338,-0.19996063145535925,0.03405556294029099
1078,-576460716781,1.0155223546225427,1.5559345933552522,-0.20136869707015925,0.04754929342013099
1079,-576460716762,1.0103432448714234,1.5581221297335044,-0.20338463699341375,0.061586821389475
1080,-576460716746,1.0067210730503395,1.559230162647315,-0.19836467767869376,0.061309464525635
1081,-576460716728,1.0033987830808169,1.5602671485179973,-0.19364593819419376,0.061048750304135
1082,-576460716710,0.9999539171215654,1.5613649319908331,-0.18862848440486377,0.060771531872625004
1083,-576460716692,1.016037501152916,1.5836678123686818,-0.18135136295483462,0.07031862209170252
1084,-576460716675,1.0127726512679112,1.5849379722182066,-0.1815105303493846,0.07084946343480251
1085,-576460716656,1.0095053005050192,1.58621754179715,-0.1816696800537546,0.07138024577914251
1086,-576460716638,1.0062339951883588,1.5875070932095148,-0.1818288828286646,0.07191120511976251
1087,-576460716620,1.0078091314276434,1.585081598797728,-0.17792149222717885,0.07578783909395452
1088,-576460716602,1.0046253007529116,1.5864952148193234,-0.17591610220845885,0.08131551960747452
1089,-576460716584,1.001474080885,1.588010043904875,-0.17390848348333884,0.08684934335339452
1090,-576460716567,0.9983636716400067,1.5896220761254818,-0.17190387351185885,0.09237487373557451
1091,-576460716546,0.9952499688500706,1.5913059777436365,-0.16913695780645885,0.09206122901957452
1092,-576460716536,1.0136444250185677,1.6112964138585066,-0.1621309005332718,0.10056606340325486
1093,-576460716530,1.0107737315563305,1.6130892829617287,-0.15942535398782182,0.10025937521025485
1094,-576460716512,1.0079466441016272,1.6148796747201457,-0.15671526157867183,0.09995217171925486
1095,-576460716494,1.005149085160093,1.616676828345286,-0.15398653112835184,0.09964285550645485
1096,-576460716476,1.0023902421733628,1.6184414426818021,-0.15255157850835183,0.09642540410645485
1097,-576460716463,1.0119851994655458,1.610972278758414,-0.14877839472814636,0.09314249768252618
1098,-576460716458,1.0093040429724034,1.6126296874222958,-0.14733475267283636,0.08990556282682619
1099,-576460716441,1.0066246666894176,1.6142429496012052,-0.14587779744599635,0.08663877717202619
1100,-576460716422,1.0039259959231137,1.615823011260969,-0.14439549138953636,0.08331514987582618
1101,-576460716403,1.0014623170484882,1.6172873540457668,-0.14565382278817637,0.08908216408670618
1102,-576460716386,1.0218379290754924,1.6437918048064395,-0.13824803336128594,0.1057852434837984
1103,-576460716367,1.0193356502831399,1.6457523889364467,-0.13958228833442593,0.1119002203486784
1104,-576460716350,1.0167948118206533,1.6477517655862464,-0.14287432469282593,0.1103638727867384
1105,-576460716332,1.014193576995299,1.6497243724245283,-0.14616782491042593,0.10882684206207839
1106,-576460716313,1.0269695228429074,1.6395569428260177,-0.14340201558778257,0.10195026390375607
1107,-576460716296,1.0243574698420816,1.6413790168336548,-0.14669716264698257,0.10041246462103606
1108,-576460716277,1.0216845054579982,1.6431683864687832,-0.14887030394043257,0.09745004824768606
1109,-576460716258,1.018999421341063,1.6448871644518792,-0.15102181835088258,0.09451711354333607
1110,-576460716239,1.037676141311143,1.669408320147751,-0.14513268176312372,0.10111760699959742
1111,-576460716223,1.035048854943447,1.671198860240301,-0.14729164543327372,0.09817451749814742
1112,-576460716206,1.0325196939859613,1.6728624601078554,-0.15016921401812372,0.09748556689519741
1113,-576460716188,1.0297844849093656,1.6746136363743542,-0.1532204012661937,0.0967550483229074
1114,-576460716170,1.0423039768570952,1.6642706844548762,-0.15027173407748784,0.0906858578984148
1115,-576460716152,1.0395739719166561,1.6658951171799807,-0.15331513725293783,0.0899572029972648
1116,-576460716133,1.03663611577111,1.667654967897802,-0.15260001300957782,0.0932937698585948
1117,-576460716113,1.033924670349009,1.6693437918257872,-0.15193701423821782,0.09638713405392481
1118,-576460716096,1.0311342732385962,1.6711474188578623,-0.1512516759788578,0.09958472796325481
1119,-576460716086,1.0507777399617693,1.6914182230248564,-0.1438270838232221,0.10826056543275998
1120,-576460716079,1.0483438200480546,1.693366537232151,-0.1329749079560021,0.11331502961949998
1121,-576460716062,1.0461580899285519,1.6953482555639836,-0.12241214812891209,0.11823469659802997
1122,-576460716045,1.0441623362935128,1.6974040861439608,-0.11189998982696209,0.12313079562117997
1123,-576460716025,1.0422617179322418,1.6996496830931354,-0.10087564535591209,0.12826544833902997
1124,-576460716009,1.0552657527772527,1.69022797742009,-0.08465863807271246,0.11973672897475732
1125,-576460715992,1.0539104231544174,1.6922372180622929,-0.07474502236071245,0.11657501959365732
1126,-576460715974,1.0526580425123448,1.6943079390212,-0.06423851354791245,0.11322422121281732
1127,-576460715956,1.0515889421776126,1.696330686401409,-0.05366612772391245,0.10985241294311732
1128,-576460715938,1.0666282736602948,1.714332631322412,-0.036921933521102276,0.11500718557440172
1129,-576460715919,1.066064338012287,1.7163699625631321,-0.026271213947262277,0.11329080195584172
1130,-576460715902,1.0656880358177037,1.7183942873467724,-0.015526208532282275,0.11155922399552172
1131,-576460715883,1.0655051413122598,1.720388970915279,-0.004772848675682274,0.10982629970112172
1132,-576460715864,1.0896320419095342,1.7031286202641136,0.013454048234886214,0.1060976147903926
1133,-576460715847,1.0899484259586136,1.7050744299332,0.021801584602126216,0.1107298500063926
1134,-576460715827,1.0904160491127959,1.7071088012630111,0.03017098046397622,0.1153742155463926
1135,-576460715812,1.0909963905732274,1.7091081757966227,0.03808039674775622,0.1197633280983926
1136,-576460715795,1.0916679989907858,1.711136069063357,0.04071451350723622,0.1181545773083626
1137,-576460715783,1.106417491492426,1.7252742356370165,0.046259209836631406,0.12424290461294701
1138,-576460715777,1.107274699247442,1.7274940942917731,0.04903903974823141,0.12254516150784701
1139,-576460715759,1.1081810870604316,1.729681476977295,0.05181639732639141,0.12084892834658702
1140,-576460715741,1.1091460228405352,1.7318571965158707,0.05461816919727141,0.11913778448990701
1141,-576460715724,1.1100566091055917,1.733897741028083,0.05239002929340141,0.12065826841712701
1142,-576460715706,1.132555520259275,1.7181947955879289,0.058419024188778736,0.11427320361545236
1143,-576460715689,1.13358551715935,1.7202654911081923,0.05606323657315874,0.11588079441317237
1144,-576460715671,1.134562119655149,1.7223277340023064,0.05805250259475874,0.12509173352725236
1145,-576460715653,1.1356212619803732,1.724656188821253,0.06013556025455874,0.13473695798049237
1146,-576460715633,1.1503907129949642,1.7397596248084366,0.06745384052215686,0.1503953625490942
1147,-576460715616,1.1516151569255082,1.7425342352727,0.06953155194235686,0.16001583219985419
1148,-576460715597,1.1528919888126394,1.745340700641919,0.07098037577101686,0.14882816133145418
1149,-576460715580,1.1541694442815056,1.7478949401170107,0.07240089914522686,0.13785902370605418
1150,-576460715561,1.1766327540670445,1.732247562409906,0.08199974720154556,0.11870367578966674
1151,-576460715544,1.1781199954122,1.734282350959463,0.08343310542974555,0.10763542872166675
1152,-576460715526,1.179696050124667,1.7362543021000534,0.09183013754684555,0.11165299391836675
1153,-576460715508,1.1814247291542368,1.7383003599082456,0.10023463991770555,0.11567413326258674
1154,-576460715491,1.1963843934924712,1.751772176481703,0.1131123128281352,0.12444919343940838
1155,-576460715471,1.1984981172880846,1.754050634231391,0.1215242854527552,0.12847390693114838
1156,-576460715455,1.200731704032218,1.756493459427883,0.12418131315385521,0.14024895721185837
1157,-576460715437,1.2029826539922044,1.7591132922351511,0.1268026819385552,0.15186597920652836
1158,-576460715418,1.226458580979234,1.7433735176718772,0.13761392582878476,0.1554250987302031
1159,-576460715399,1.229015535073676,1.7462065262898696,0.13983335004382477,0.1519760099929231
1160,-576460715382,1.2315523260343586,1.7489120774284066,0.14200099732676477,0.1486073850228431
1161,-576460715364,1.2341278506443805,1.7515566961023379,0.14416840378676476,0.1452391343028431
1162,-576460715345,1.236740193547075,1.7541385581790037,0.14633400407471475,0.1418736904584431
1163,-576460715334,1.2476864155992693,1.7631780563017068,0.15041655087666506,0.1458070207992797
1164,-576460715328,1.2504173455169967,1.7658091735764283,0.15256563337221507,0.1461014803069997
1165,-576460715312,1.252875817760784,1.768150937140642,0.15447473677731507,0.1463630587480397
1166,-576460715293,1.2556761456584133,1.770788558335732,0.15662095812126509,0.1466571262311197
1167,-576460715276,1.2585135243130643,1.7734300041165991,0.15876598731871508,0.1469510303705997
1168,-576460715258,1.2826461554225714,1.7565037908405556,0.17219843903968213,0.1406825371496546
1169,-576460715239,1.2859649018345407,1.7591974433724784,0.17775109562253213,0.14335315978953458
1170,-576460715222,1.2890169139439218,1.7616451742313206,0.18270858423823214,0.1457375286292946
1171,-576460715205,1.2923342981842638,1.764276433440931,0.18794887278323213,0.1482579137852946
1172,-576460715186,1.3000014054660252,1.7701641733660518,0.19824682800383742,0.14158113836654027
1173,-576460715168,1.3036506697054009,1.7726411331164036,0.20697933815859743,0.13346852576670026
1174,-576460715149,1.3074843987267466,1.7749877678708015,0.2157729385515174,0.12529915956142026
1175,-576460715133,1.311454489496758,1.777174168072337,0.2245166000989574,0.11717618717646026
1176,-576460715110,1.315474150304978,1.7792660039659332,0.2265984673181674,0.11758458871673026
1177,-576460715102,1.3333039004592133,1.762127300428294,0.233388517679103,0.10986068899545008
1178,-576460715096,1.337525231730935,1.7641091670027205,0.23549199678516303,0.11027333015667008
1179,-576460715078,1.3417822998928886,1.7660974674210823,0.23759442450213303,0.11068576506606008
1180,-576460715060,1.3461026911295015,1.7681071889856195,0.23919101241372304,0.11110108750107008
1181,-576460715042,1.3503959162093184,1.770098454737198,0.24076707364742303,0.11151107030537008
1182,-576460715030,1.3559737406288408,1.774233649962993,0.24283804754372876,0.11332532567612669
1183,-576460715024,1.3603561641728372,1.7762758535058012,0.24442274231576877,0.11373755433368668
1184,-576460715007,1.3647990749176369,1.778340311883138,0.24601888974070876,0.11415276218434668
1185,-576460714988,1.3692952239274958,1.7803920851657682,0.25693418480024877,0.11536491583232668
1186,-576460714970,1.3740178700654984,1.7824791705246406,0.2679209094432088,0.11658500180184668
1187,-576460714952,1.3938737890391701,1.7694349710818984,0.2845647171039749,0.11096777219167304
1188,-576460714934,1.3990981075768192,1.7714446082693132,0.2955605993858349,0.11218887512549304
1189,-576460714915,1.4044590598779354,1.7735013206934853,0.3000015070537749,0.11629664663999303
1190,-576460714898,1.4098911331134978,1.7756284936960525,0.3044352611182949,0.12039780118099304
1191,-576460714878,1.4172465211348184,1.7790254557608371,0.30968953082679396,0.1252063771508697
1192,-576460714861,1.4228605800688856,1.7813160050192027,0.314129451790814,0.12931323597936972
1193,-576460714843,1.428251808161878,1.7835799743933618,0.32102937160601397,0.13741265635792974
1194,-576460714826,1.4341057041760326,1.786134928256635,0.328357284798064,0.14601447362966974
1195,-576460714808,1.4544236499837464,1.7735349275581669,0.3410706131206368,0.14769105008101963
1196,-576460714789,1.4606277209964293,1.7761461445154512,0.3483855198662868,0.14249253132523962
1197,-576460714771,1.4670152995200096,1.778676886163446,0.3606364052730468,0.1384200725148196
1198,-576460714754,1.4736098181325024,1.781129279232176,0.3728621334614668,0.1343559765069296
1199,-576460714734,1.4791243243432854,1.7825204477774008,0.38516595165938916,0.1295592804336388
1200,-576460714718,1.4856582074945328,1.784716767426364,0.38506664898274917,0.1293490832305188
1201,-576460714700,1.492588074022445,1.7870429147285916,0.38496130011578916,0.1291260878598388
1202,-576460714683,1.499128876327401,1.7892353655568793,0.38486183940706914,0.12891555614507882
1203,-576460714665,1.5157985325153291,1.7805711175048493,0.38839414493710234,0.12372762493697094
1204,-576460714647,1.52279925276139,1.7828323097935128,0.3907622541793023,0.12793540106897094
1205,-576460714630,1.5294545724504454,1.785038804556934,0.39300029531788233,0.13191206562377095
1206,-576460714612,1.5365566476794155,1.7874534691359267,0.3953745982793023,0.13613084706897094
1207,-576460714594,1.5437110467364243,1.7899475119587387,0.3977520639909623,0.14035524824857093
1208,-576460714581,1.5331176487077505,1.7833357470655127,0.39383828119243486,0.137411131481531
1209,-576460714576,1.540197328057338,1.78572463526857,0.39428142821285483,0.128523211506051
1210,-576460714558,1.5472991790869866,1.7879581496512724,0.39472546320459484,0.119617482050491
1211,-576460714539,1.5544094188040667,1.7900314538038211,0.39516952286220486,0.110711257887151
1212,-576460714521,1.561921300651684,1.7920454703247775,0.39563812506046486,0.10131279948271099
1213,-576460714502,1.5788474661142964,1.7821417581343881,0.39923766099832614,0.09877315202253406
1214,-576460714486,1.5856226026307896,1.783840209926927,0.39919926275314616,0.10138615415139406
1215,-576460714468,1.5928122135661487,1.7856912493673776,0.39915851142476616,0.10415928368665406
1216,-576460714452,1.599240767090869,1.787388808774758,0.39912207031128616,0.10663910292461407
1217,-576460714433,1.6063942530075177,1.7893262731172392,0.39912441929966613,0.10955956275424407
1218,-576460714415,1.6135797111669674,1.7913250797844769,0.39912677877284614,0.11249305816867407
1219,-576460714395,1.6207672074497057,1.7933772753044652,0.3991291389013261,0.11542736830715407
1220,-576460714379,1.6279568895764394,1.7954350703842763,0.4003906972658761,0.11340722494400407
1221,-576460714362,1.635180507121014,1.7974596519799544,0.40165421969126613,0.11138393651473408
1222,-576460714342,1.649950084001149,1.7891427807729616,0.40568853564439183,0.10471570489203015
1223,-576460714326,1.6572646550400407,1.791009672394567,0.40695128647445183,0.10269365202445015
1224,-576460714306,1.6650220676308034,1.7929847672261159,0.40709064550127183,0.10456746676972015
1225,-576460714290,1.6723325587962383,1.7948781238329823,0.40722193210217184,0.10633274006587015
1226,-576460714272,1.656604295037274,1.7841295230454985,0.39905702876038013,0.10237938453640716
1227,-576460714255,1.6633973047354214,1.7858862603561767,0.3991814786599801,0.10405273187700716
1228,-576460714238,1.6701940951055643,1.7876636351880455,0.4019961449791901,0.10545688465729716
1229,-576460714220,1.6770989605714977,1.7894807574933693,0.4048355290022701,0.10687336836021716
1230,-576460714202,1.6909796244149073,1.7822170079692694,0.41021914639175205,0.10421709143242762
1231,-576460714187,1.6979831036658788,1.784002135779599,0.41304160957057207,0.10562513383260762
1232,-576460714168,1.705406425674898,1.785925756689656,0.41351690384877204,0.10856269715024762
1233,-576460714150,1.7124450042720927,1.787796290663458,0.41396706008197204,0.11134489440888762
1234,-576460714134,1.719485024671859,1.7897124434890475,0.41441681939867203,0.11412463851922762
1235,-576460714115,1.6983693487752958,1.7766906134099987,0.4044773144829252,0.11032266352231085
1236,-576460714098,1.7056577041215892,1.7786968636666145,0.4040373392741752,0.11223546578225085
1237,-576460714079,1.7128771836746552,1.7807203646562464,0.40360104903167515,0.11413224756733086
1238,-576460714062,1.7201408712815982,1.782792744938189,0.40316161070542517,0.11604271571835086
1239,-576460714044,1.7323436405683013,1.777819375095557,0.40451609723168547,0.11477132241873025
1240,-576460714025,1.7400858615214077,1.7799912611466635,0.40589065977950545,0.11256798266385025
1241,-576460714008,1.7470025048179856,1.7818899128142967,0.4071147233034054,0.11060588364625025
1242,-576460713990,1.7543434493888346,1.7838624631439257,0.4084098638041854,0.10852985257873025
1243,-576460713968,1.7368058053220212,1.7732995179087887,0.39987001683632994,0.10546458122495533
1244,-576460713954,1.7440152617608833,1.775223131156558,0.40033603664743994,0.10804485301327534
1245,-576460713937,1.7508199022360282,1.7770792599245726,0.40077539202515994,0.11047748840591534
1246,-576460713918,1.758452544717977,1.779207914933108,0.40126763660392994,0.11320296223615534
1247,-576460713900,1.7688541351636566,1.776372176096731,0.4044195173572232,0.1126984781100947
1248,-576460713881,1.7754971323592679,1.778231913133519,0.4062458308167032,0.1142509436713247
1249,-576460713865,1.783247351430581,1.7804230285767337,0.4083662220856632,0.1160533913312847
1250,-576460713848,1.790185576973052,1.7824038587372075,0.4102551621949832,0.1176590929438547
1251,-576460713829,1.7975828957012645,1.7845368664469166,0.4100740563481332,0.1188818230205547
1252,-576460713817,1.7694842378809652,1.7709880029423404,0.3999104179270073,0.11276573106537054
1253,-576460713811,1.7766837967216302,1.7730295672202356,0.3997295932536373,0.11398656280871054
1254,-576460713794,1.7838773026107757,1.7750923085652324,0.39954883887363735,0.11520691996871055
1255,-576460713775,1.7911382429147351,1.7771976250291768,0.39936630707556736,0.11643927730745054
1256,-576460713758,1.7982616655015045,1.779289486056811,0.39980602554005734,0.11824530536311055
1257,-576460713739,1.8059923100073176,1.7806369278461975,0.4004381155197728,0.11971194996184477
1258,-576460713722,1.8131957734389277,1.7828056027122168,0.4008815831965028,0.12153337692166477
1259,-576460713703,1.820423664323715,1.7850120826456557,0.4013260621739028,0.12335895753326477
1260,-576460713685,1.827659790652336,1.7872431948656802,0.4029113736272528,0.12461128086901477
1261,-576460713668,1.798432958849845,1.7725885443085263,0.39131480842075866,0.11816569681535763
1262,-576460713649,1.8054897184675942,1.7747264426381115,0.39290029606876864,0.11941815933680763
1263,-576460713631,1.8125559254958064,1.7768931082216937,0.39232106499492864,0.12134921299144763
1264,-576460713613,1.8196622419519481,1.779110432956078,0.39173768230376865,0.12329410740180763
1265,-576460713594,1.8308337033202382,1.7759158835863103,0.3924258185619296,0.12285453089837695
1266,-576460713574,1.8378231889088719,1.7781226859177417,0.3918521873440096,0.12476691562669695
1267,-576460713559,1.8448807369099312,1.7803737125753327,0.39297383445850964,0.12555575966839697
1268,-576460713541,1.8519742216035,1.7826439804122511,0.3940979762010096,0.12634635815889697
1269,-576460713521,1.8273172014342123,1.7707347158309472,0.3836734679556408,0.12059784774029496
1270,-576460713504,1.8342338118968955,1.7729127039952841,0.3847961129213408,0.12138739356151496
1271,-576460713486,1.8411661908341348,1.7751116243378968,0.3858535382641808,0.12305931230395496
1272,-576460713468,1.8481334573096255,1.7773457382291862,0.38691337339186077,0.12473504121083497
1273,-576460713449,1.857344234307248,1.7762054008143993,0.3887468460104601,0.12489151597046491
1274,-576460713432,1.86440187424501,1.7784849570384549,0.38981244111166014,0.12657635209966492
1275,-576460713414,1.8714287548733441,1.7807656012303172,0.3896529641389601,0.12640691932156492
1276,-576460713396,1.8783799246951087,1.7830195839749001,0.3894951411980901,0.12623924383295493
1277,-576460713378,1.8501008821459874,1.7701631588426283,0.376590108195962,0.11903599504044834
1278,-576460713360,1.8568852990575584,1.7723373469943813,0.377066513840362,0.12248679453440835
1279,-576460713342,1.8636786707192838,1.7745737892779134,0.377542945945862,0.12593778569685835
1280,-576460713323,1.8705290072382288,1.7768889299909116,0.37802276507216204,0.12941331042602836
1281,-576460713304,1.877567457514888,1.7793301032333422,0.37851512675986204,0.13297968601945837
1282,-576460713293,1.8782781339696475,1.7782497416486656,0.378758020274091,0.13249899760327852
1283,-576460713287,1.8852653892186462,1.780701522939543,0.380478668740211,0.13391209561389852
1284,-576460713269,1.8913027531602038,1.7828319166342494,0.38195915932795105,0.13512796180938852
1285,-576460713251,1.8982372817086774,1.7852923564425371,0.38365260423525105,0.13651871865293852
1286,-576460713235,1.9051311995922837,1.7877524778718699,0.38532875478385104,0.13789527234903853
1287,-576460713216,1.9121022710984337,1.7902483768679962,0.38457256568109105,0.13775760700667852
1288,-576460713198,1.9190231860319154,1.7927287089536754,0.383820343554131,0.13762066385811852
1289,-576460713181,1.9258650451767203,1.7951830643180895,0.383075261983611,0.13748502065839852
1290,-576460713162,1.9328289520984785,1.7976836206041826,0.382315398208531,0.1373466863365185
1291,-576460713145,1.9396553526910123,1.8001558499542942,0.383491264629011,0.13999562352567851
1292,-576460713126,1.9469685968888384,1.8028481560696628,0.384747003959251,0.1428244946915085
1293,-576460713107,1.9547440645971261,1.8038450119777485,0.3862179425886666,0.14478363131899497
1294,-576460713091,1.961704926209018,1.806442127095576,0.3871251983836666,0.14375265551885497
1295,-576460713072,1.9686863885997767,1.8090222525220614,0.3880330085511666,0.14272104974794497
1296,-576460713053,1.9756775913884468,1.8115813869049724,0.38893996196116665,0.14169041756822498
1297,-576460713035,1.930835116592539,1.7936973501708573,0.371229111206404,0.13099205355261215
1298,-576460713015,1.9378713267716967,1.796236675777815,0.370595894503404,0.13672809478241216
1299,-576460713000,1.94416922378094,1.7986057395678643,0.370028202544104,0.14187057518279217
1300,-576460712982,1.9508339289831245,1.801212224812583,0.369426496466704,0.14732117503563216
1301,-576460712962,1.9582632490029175,1.8025531769978875,0.3690840039361576,0.15216435205530948
1302,-576460712944,1.9649472929520257,1.8052314223074766,0.3744550081455076,0.14576604558516948
1303,-576460712928,1.971738917265791,1.807798673979827,0.3798346757467076,0.13935741869188947
1304,-576460712910,1.978627033419525,1.8102503861501138,0.3852140446102576,0.13294914767526947
1305,-576460712891,1.9856127970558093,1.8125869576652458,0.3905940109491076,0.12654016490532946
1306,-576460712879,1.9325530369740505,1.7923202303851957,0.3716160424295724,0.11688925075294918
1307,-576460712873,1.9396428171906284,1.7946060860220492,0.3726787679822624,0.12308299604286917
1308,-576460712856,1.9461052331499349,1.7967863903132213,0.3736448212666824,0.12871331890942916
1309,-576460712837,1.9526877739460673,1.7991012917638656,0.3746262707115424,0.13443337321790916
1310,-576460712821,1.9590626033468912,1.8014329382725247,0.37557430602559244,0.13995868428830915
1311,-576460712802,1.9674175594005243,1.8012909110918915,0.3783525765207084,0.13684591161478207
1312,-576460712786,1.973860121093591,1.8035989659194165,0.3804886122975084,0.13500978067318206
1313,-576460712769,1.980348135701931,1.8058790393800037,0.38262766720614844,0.13317105449350206
1314,-576460712751,1.9872781368000856,1.8082662113502679,0.38489931232142843,0.13121835410814206
1315,-576460712731,1.9371351315366843,1.789436382691843,0.3679268742655053,0.11963049232164462
1316,-576460712715,1.9434182839566367,1.791460310411684,0.3710936409017853,0.11842263868764462
1317,-576460712696,1.9501191531692652,1.7935775990037475,0.3744414294841053,0.11714574049164461
1318,-576460712680,1.9564930316036375,1.7955590399345664,0.3756031026849053,0.11601981973652462
1319,-576460712661,1.9627860057035744,1.7984276444141745,0.37667696016847685,0.11517100990717394
1320,-576460712643,1.9699468896388759,1.8006014300723712,0.37797410267287684,0.11391378914401394
1321,-576460712625,1.9767690802562392,1.802643400803218,0.37920576606887685,0.11272003225961394
1322,-576460712608,1.9832347134383608,1.8045982245728382,0.3827118844285968,0.11763864905317394
1323,-576460712589,1.9903309083074985,1.806817983285775,0.38652333173809683,0.12298560167167394
1324,-576460712579,1.941795233761121,1.7892093843492345,0.36922554564505383,0.1144345129141441
1325,-576460712573,1.9479472509580678,1.7911471383254336,0.37265171657340385,0.1192409741161941
1326,-576460712556,1.9543490463392057,1.793228281929192,0.37618386432938383,0.1241961066837341
1327,-576460712537,1.9611573189958504,1.7954691903348912,0.37786117461676383,0.1239939925187341
1328,-576460712520,1.9679139023757375,1.7976797096561756,0.37951842182838386,0.12379429593373409
1329,-576460712507,1.968261113459679,1.7971326856711014,0.37962973288319973,0.12355527329740076
1330,-576460712502,1.9751125463746158,1.7993558542355628,0.3813023989400797,0.12335371875740077
1331,-576460712484,1.9819872071237823,1.8015731764650986,0.3829733930739797,0.12315236568240077
1332,-576460712465,1.988937653889423,1.8037795643871566,0.3843958330525297,0.12044552800325077
1333,-576460712448,1.995822817229542,1.805909127452547,0.3857997416573597,0.11777395467366077
1334,-576460712429,1.9405524033760833,1.7859344339997456,0.36503696903770616,0.10422439958559519
1335,-576460712412,1.9471332243567736,1.7877855555613849,0.36644982923831615,0.10153579178206519
1336,-576460712394,1.953757579706854,1.7896304450022544,0.36922181828018613,0.10334948123359519
1337,-576460712375,1.960429995840477,1.7915074713618622,0.3719930377099061,0.10516266713427519
1338,-576460712356,1.96791871220094,1.7928962777888242,0.3750411222386941,0.10680119051070038
1339,-576460712339,1.9746901982547265,1.7947931222520117,0.37621932639794414,0.10364363815602037
1340,-576460712322,1.9810825418022662,1.7965263311929995,0.3773281859844441,0.10067192720858037
1341,-576460712304,1.9878971492869648,1.7983131709963245,0.37850671693244414,0.09751349906970037
1342,-576460712285,1.9452618212681936,1.7827763238056502,0.36204313573333435,0.08576539465182395
1343,-576460712268,1.9518418997009723,1.784336505941769,0.36291454980391435,0.08612708990928396
1344,-576460712249,1.958385048453253,1.785890713267507,0.36377900331479435,0.08648589606784396
1345,-576460712231,1.9648861512173634,1.7874376607602982,0.36463587221579435,0.08684155410484395
1346,-576460712213,1.9712073088020325,1.7893816643003122,0.3654215362169462,0.08736425806895197
1347,-576460712195,1.9777978993778393,1.7909422709793812,0.36666294873799615,0.08598833055300197
1348,-576460712177,1.9844093699691943,1.7924777656333022,0.3679040854662062,0.08461270871381196
1349,-576460712160,1.9910908025701404,1.7939992346668567,0.36915411651350616,0.08322722879911196
1350,-576460712140,1.9509634408453627,1.7794571664666439,0.35366115353750976,0.07372181424735022
1351,-576460712123,1.9571554255813284,1.780781271147098,0.35359010128440976,0.07751801218945022
1352,-576460712104,1.9635271674135812,1.7822135085457393,0.35351697143258975,0.08142521260707021
1353,-576460712086,1.9699159703739206,1.7837205990889002,0.3534436305746498,0.08534368671361021
1354,-576460712070,1.9762883724012046,1.7852608533546717,0.3574049418257998,0.08647339909947022
1355,-576460712051,1.9809678886229616,1.78955370638937,0.36082567059121334,0.08878876010777681
1356,-576460712034,1.987514595209609,1.7911660684170179,0.3648123904426133,0.08992571868273681
1357,-576460712013,1.9944722578521055,1.7928826589336302,0.3690021581516633,0.09112058376015682
1358,-576460711996,2.001124037717002,1.7945389343100642,0.36992028851530334,0.09286912701899681
1359,-576460711978,1.9576359028714605,1.7793014018843483,0.3528589533119016,0.08596410302434077
1360,-576460711960,1.9639535262808878,1.7808540520607838,0.3537708111786116,0.08770070055885076
1361,-576460711942,1.9702941936007465,1.7824394536639279,0.3546836379676116,0.08943914336785076
1362,-576460711925,1.9766992247617903,1.7840222502709253,0.3589291035001216,0.08690720023388077
1363,-576460711907,1.9774735478643373,1.7941749690265465,0.36142124742981585,0.08808959625194968
1364,-576460711889,1.9840086675945683,1.7957356788105168,0.36567262553757585,0.08555412693122967
1365,-576460711871,1.9903439428523453,1.7971887567078642,0.36974733589686587,0.08312402007059967
1366,-576460711854,1.9969794825766387,1.798711421687659,0.36958856653136585,0.08653224508759967
1367,-576460711834,1.9594495566243944,1.7854440072172135,0.3535938182937048,0.082237598222045
1368,-576460711817,1.9658145796220239,1.7869554717322882,0.3534345624482548,0.08565626626834501
1369,-576460711799,1.9721732024646477,1.788527598625687,0.35327539505370475,0.089073035582045
1370,-576460711780,1.9788388213017194,1.7902180549158684,0.3483317663664148,0.088860366889545
1371,-576460711763,1.9850608023119618,1.7918142211319308,0.3436529981603448,0.088659092162045
1372,-576460711750,1.9774726129455629,1.8031408454907765,0.3413294015672341,0.0935457078772629
1373,-576460711745,1.9835831461663223,1.8048252819940989,0.3366394457376941,0.09334395187226291
1374,-576460711729,1.989326382934374,1.8063993355501318,0.3391944878998141,0.09188240209726291
1375,-576460711711,1.995103476271101,1.8079460167886143,0.3417453207667741,0.0904232601472629
1376,-576460711694,2.0009400342251777,1.8094721205250646,0.3443032192363241,0.0889600764910129
1377,-576460711675,2.00717017421454,1.8110615687821723,0.3470128026636041,0.0874101251410129
1378,-576460711658,2.0134304377728474,1.812635060184404,0.34930704142819413,0.0876069931762829
1379,-576460711640,2.019743205344674,1.8142149011999422,0.3516053631492641,0.0878042115689929
1380,-576460711623,2.026094895262995,1.815797678700647,0.3539027917236041,0.0880013533210129
1381,-576460711603,2.0324875964800686,1.8173839177372488,0.35620009270555414,0.0881984841243629
1382,-576460711590,2.0247384359701512,1.8304691556051327,0.35388926696488604,0.09385770174303038
1383,-576460711585,2.031169681241318,1.8321400554826255,0.36105101108149606,0.09189071440869037
1384,-576460711568,2.0377312463050914,1.8337759269850198,0.36821434749294607,0.08992328974739038
1385,-576460711549,2.0444239678808573,1.8353769224138565,0.37538007234665605,0.08795520909565037
1386,-576460711532,2.0512464447621057,1.8369426623969196,0.38254659334778607,0.08598690978043037
1387,-576460711519,1.9935649079468474,1.8181370395871654,0.3618780138278455,0.07609625952823042
1388,-576460711513,2.0004456207945394,1.8197095811862796,0.3623694308005355,0.08942572343204042
1389,-576460711495,2.0066226994210874,1.8213348363372455,0.3628100275873755,0.10137671269920041
1390,-576460711477,2.0131433019464247,1.8232688167820623,0.3632745473624655,0.11397660224061042
1391,-576460711460,2.0196871610349323,1.825434294068718,0.3637401275078455,0.1266052538482304
1392,-576460711440,2.0201132401304047,1.838471242224616,0.3607796590070637,0.13635133470733968
1393,-576460711424,2.0262292882012227,1.8408250052332606,0.35985755918756374,0.1409861235988397
1394,-576460711406,2.03236952605103,1.8432736047519742,0.3589294293763137,0.1456512212900897
1395,-576460711389,2.0388679809281913,1.8457477945963474,0.3653745025409537,0.1301167060809697
1396,-576460711369,1.9886489155537042,1.8293694018915694,0.35176306734202945,0.1037502210386891
1397,-576460711352,1.994645361505177,1.830999240318856,0.35783351883308945,0.0891186538547091
1398,-576460711334,2.0011514732681364,1.8324645261487238,0.36430553027722945,0.0735192094970891
1399,-576460711318,2.0073785563876823,1.8336752315760365,0.36730266094002945,0.0687242760592291
1400,-576460711299,2.01400296692725,1.83486396366364,0.37046441106882944,0.06366597759966909
1401,-576460711288,2.005393024804462,1.8483325112410305,0.36789501855617573,0.06944692459799127
1402,-576460711281,2.012052934100777,1.849538534056827,0.37106856494617574,0.06436975399249127
1403,-576460711265,2.0183805559312598,1.8505911646708704,0.37405882912857574,0.05958580583361127
1404,-576460711246,2.025099978354571,1.851646449065429,0.3731248051771157,0.05775928418735127
1405,-576460711230,2.0314385740036536,1.852614130833265,0.37224156936223574,0.05603208079807127
1406,-576460711211,1.983286600722866,1.8356562781186578,0.351735872319535,0.04471052064107514
1407,-576460711193,1.9896504770415553,1.8364496325662414,0.35079504545816503,0.04287069562910514
1408,-576460711175,1.995977692071059,1.8372559567434694,0.350592276291505,0.04651231925042514
1409,-576460711157,2.002233973746738,1.838118357257384,0.35039166496100504,0.05011518931142514
1410,-576460711139,1.9980887721979133,1.8550230597824318,0.34707945803105056,0.06058011863867726
1411,-576460711121,2.0043406255552876,1.8561473561059147,0.34687695859391054,0.06421689806495726
1412,-576460711103,2.0105875151218653,1.8573203522681683,0.34795531620477055,0.06625372784613726
1413,-576460711085,2.016909989835396,1.8585409689146193,0.34904332931729054,0.06830879518889725
1414,-576460711067,1.9730274921634263,1.8432712335198644,0.3322164192840241,0.06160292115949678
1415,-576460711048,1.979211790109258,1.8443967305558286,0.3327976079036441,0.05942477236856678
1416,-576460711032,1.9848778647827443,1.8453907183346574,0.3333292053442041,0.05743247884572678
1417,-576460711015,1.9905559877403798,1.8463513121730006,0.3338610840201841,0.055439131323256785
1418,-576460710996,1.9965999788841244,1.8473349372296468,0.33442630471762413,0.05332082628909678
1419,-576460710978,1.9902951024719928,1.866730804984692,0.3326283055896262,0.05747895691400352
1420,-576460710960,1.9963032181798102,1.8677323637574779,0.3344953572815062,0.053731211061323524
1421,-576460710942,2.002340590520144,1.8686657683293357,0.3363610614455162,0.049986170110713525
1422,-576460710925,2.008414925942565,1.8695322283100115,0.3382278021694262,0.046239048466203525
1423,-576460710906,1.9679822797863311,1.8549147315123424,0.3177370203385989,0.0476021792196164
1424,-576460710887,1.9736231420326555,1.8558444046394993,0.3142569571779989,0.05655704179398641
1425,-576460710869,1.979207164850528,1.856935044793333,0.3107735798571989,0.0655204323311464
1426,-576460710853,1.9844523065451567,1.858119010534876,0.3074656580763989,0.07403234248530641
1427,-576460710835,1.973351993164164,1.8832018160644872,0.30353324149378186,0.08691212466670498
1428,-576460710817,1.9788273826135192,1.8847933357268403,0.30450556465338185,0.08982520596660498
1429,-576460710799,1.9843569413382298,1.886448449742462,0.3054843663681819,0.09275769702530498
1430,-576460710782,1.989870841573424,1.8881463005513406,0.3064572833953419,0.09567255755309498
1431,-576460710763,1.9457619133688728,1.8731029540005293,0.28830556131597873,0.10316716503774895
1432,-576460710746,1.9508658928684237,1.8750738063188372,0.28789442734409876,0.11932688760482894
1433,-576460710729,1.9557564572319672,1.8772340348468526,0.28749993274102875,0.13483259566069894
1434,-576460710709,1.9609693803522057,1.8796696287696184,0.29078207072432877,0.13535365124882895
1435,-576460710692,1.9662732371343876,1.8821292914404715,0.29408386985922874,0.13587782814171895
1436,-576460710680,1.9486253365794117,1.9068956674076005,0.2888340598560766,0.14639054134300214
1437,-576460710675,1.953826383762173,1.9095215696252716,0.2920938059722766,0.14690804211182215
1438,-576460710656,1.95916437044423,1.9121959544285738,0.29540197677667657,0.14743323053866214
1439,-576460710638,1.9644164230610694,1.9147102330643435,0.2951807980843766,0.13529235540194215
1440,-576460710620,1.969729727565891,1.9170357739024289,0.2949568711355266,0.12300062378230214
1441,-576460710606,1.9333177002543642,1.9041189432958052,0.28192306942210166,0.11612207049419258
1442,-576460710602,1.938461007059746,1.9061245990963518,0.28169610819905166,0.10366378239567259
1443,-576460710584,1.94350053073863,1.9078705491649464,0.28147354916070166,0.09144713771323258
1444,-576460710565,1.9484711886757768,1.9095896980672036,0.27577509850150167,0.10128255984923258
1445,-576460710548,1.9533860946676795,1.9115032089237758,0.2700223464627017,0.11121170517823259
1446,-576460710530,1.9385121533146363,1.9409772487923413,0.25843639562685544,0.1327442494058065
1447,-576460710512,1.9431122624153596,1.9434559579714459,0.25268683778685547,0.1426678816058065
1448,-576460710494,1.9476675408922681,1.9460586519591132,0.24883011442151548,0.1438777517386065
1449,-576460710476,1.9521071894093425,1.9486563393020055,0.2450128796913155,0.1450752341226065
1450,-576460710458,1.9130372964972504,1.9352696946225134,0.22564268667440052,0.13775234897460528
1451,-576460710441,1.9170644715300096,1.9377600262336563,0.22182120585440052,0.13895116337460528
1452,-576460710422,1.9210276770870123,1.9402075318897127,0.21875525537651053,0.1331299500772853
1453,-576460710401,1.9249443505648305,1.9425554001879584,0.21568248826702052,0.1272957942791653
1454,-576460710386,1.9102271005696563,1.9696867576577228,0.20706242321086496,0.13196480857730827
1455,-576460710367,1.9141660851297744,1.9722793231935805,0.21095567719432495,0.14316684120062828
1456,-576460710350,1.917821433841009,1.9748271087240097,0.21450538446365494,0.15338038925148828
1457,-576460710333,1.9214592907257753,1.9774915383501857,0.21798072202938495,0.1633799538711483
1458,-576460710315,1.886469812896875,1.9655478108397633,0.20769009387380102,0.16612915468197773
1459,-576460710297,1.8903948587984252,1.968643861630949,0.20612602647940104,0.16028632145777771
1460,-576460710279,1.8940893147436566,1.971477261862669,0.20464292451364105,0.15474594802409772
1461,-576460710261,1.8975577531917072,1.9740644829829395,0.20324070552700105,0.1495077263770777
1462,-576460710245,1.901006179017814,1.9765653587326542,0.20183691999948106,0.1442636526567177
1463,-576460710233,1.8819103159714863,2.0012616446515814,0.1961341017635719,0.15469775365437943
1464,-576460710226,1.885441535580795,2.0041372422377277,0.1961364613678119,0.16474210261601943
1465,-576460710208,1.888968678757207,2.007190007890112,0.1961388182197919,0.17477473577404942
1466,-576460710192,1.8923101186828633,2.0102484279690107,0.1961410509579519,0.18427904197880943
1467,-576460710174,1.8956423779112577,2.0134596562072447,0.1961432775362919,0.19375712709929943
1468,-576460710156,1.864595244016739,2.0029869119740704,0.18095263688253588,0.18832656918649568
1469,-576460710139,1.8676491375975173,2.0062039329412267,0.17837123425269588,0.19019101725385568
1470,-576460710121,1.8708613859970866,2.00967377429349,0.17561503491577587,0.19218171427553568
1471,-576460710105,1.8738027475764611,2.012931876071105,0.17305276728601587,0.19403234186657567
1472,-576460710087,1.858514987597814,2.0393295322670633,0.16850424274705977,0.19796670272744907
1473,-576460710068,1.8616794199114859,2.042977129564168,0.16950390868125978,0.19165061163964905
1474,-576460710052,1.8645727910411631,2.046190908250809,0.17041281238045977,0.18590797466684905
1475,-576460710033,1.8676514413844818,2.0494853024945763,0.17137462512370977,0.17983104767759905
1476,-576460710015,1.837833598878128,2.038855072033249,0.15946567814945373,0.16745609827256835
1477,-576460709998,1.8406157481109315,2.041735193728511,0.15947840448307374,0.16271949444346837
1478,-576460709979,1.8434915812952586,2.0446252119911175,0.15949155828611375,0.15782379111626837
1479,-576460709961,1.846383682056268,2.0475180469154863,0.16169237874641376,0.16344167885636837
1480,-576460709944,1.8493145979284786,2.0505112090862325,0.16389258817321375,0.16905800685196837
1481,-576460709925,1.8319703837539556,2.078705285992355,0.16000332027833694,0.18526071224312282
1482,-576460709906,1.8350279600895667,2.0822761931669507,0.16232182579073695,0.19117900677392283
1483,-576460709888,1.8377929031377136,2.085479235882207,0.16281258720865696,0.18547230028816283
1484,-576460709871,1.8407329408146862,2.088768584719336,0.16333280931611696,0.17942301693728283
1485,-576460709853,1.8117829928490938,2.0778530835343973,0.15230715749747165,0.16597780404972498
1486,-576460709835,1.8145290433254,2.0807861680922337,0.15282651396273164,0.15993858662044497
1487,-576460709818,1.817127020263317,2.083503386332533,0.15288976491665165,0.15980938234860498
1488,-576460709801,1.8197491681622704,2.08624252023725,0.15295357782009167,0.15967903016872498
1489,-576460709784,1.8225811294439624,2.0891970363181334,0.15302246687681167,0.15953830880628497
1490,-576460709769,1.8045936540424257,2.1107182928515233,0.1476111736942009,0.16861009045752767
1491,-576460709764,1.8073090005006083,2.113817915410386,0.1476796161685209,0.16847028133988767
1492,-576460709747,1.809860157762769,2.1166807085606383,0.15115571968256092,0.16686919977196768
1493,-576460709729,1.812618122595179,2.1196736227780706,0.1548258449049809,0.16517875245880767
1494,-576460709712,1.8152553652699013,2.1224430818168982,0.15825573338460092,0.16359895738004768
1495,-576460709700,1.7854686633392016,2.108857026670887,0.14746662441728306,0.15646332168709468
1496,-576460709695,1.788164961331491,2.111667306808051,0.15114326453442306,0.15476987363537467
1497,-576460709677,1.7907495664882453,2.1141634361902373,0.15333987815916306,0.13929025267502468
1498,-576460709659,1.793543877409665,2.1165333905355777,0.15567985326686307,0.12280035781327468
1499,-576460709641,1.7963498533690192,2.1185844837442867,0.15799472717628307,0.10648735206422469
1500,-576460709623,1.7791078718507634,2.1438986051631304,0.15426174598499173,0.10000116788200906
1501,-576460709605,1.7818670429344698,2.1457777492512613,0.15246618283568172,0.10889706880645907
1502,-576460709586,1.7845942113825968,2.1478171750798527,0.15067042007955173,0.11779395865880907
1503,-576460709570,1.7872910040335646,2.1500183296703703,0.14887335987909173,0.12669727654250906
1504,-576460709551,1.764573377375053,2.140464586324955,0.14115969559012959,0.1358124199313059
1505,-576460709535,1.7669897487482862,2.1429018643577957,0.1425685229542496,0.15037064034471592
1506,-576460709516,1.769564195436771,2.145741031741551,0.1440543548552096,0.16572459276099594
1507,-576460709498,1.7721695543097205,2.1488612691637266,0.1455425853937296,0.18110333167360593
1508,-576460709480,1.75751710373233,2.171457535690114,0.14381597318414457,0.18396841281335816
1509,-576460709463,1.7601377405449423,2.174716465378995,0.14747917633092458,0.17827575868455817
1510,-576460709445,1.7628267076759059,2.1778757284313124,0.15114563692506458,0.17257804245015818
1511,-576460709428,1.7654266845768132,2.1807650084009005,0.15460809987828458,0.1671973405789582
1512,-576460709411,1.7681129720013458,2.183618472609682,0.15767827823524458,0.1645236788097182
1513,-576460709398,1.7449155218299484,2.172436821241574,0.1492852644168702,0.15867436336664678
1514,-576460709392,1.7477543849679718,2.175393214101003,0.1526411528150702,0.1557518912920968
1515,-576460709376,1.7502168425255529,2.17786274643672,0.15549343488199022,0.15326798429036678
1516,-576460709358,1.7530747917238503,2.1806249804577633,0.1587395720775902,0.1504410889414668
1517,-576460709340,1.7559000949884704,2.1833366407405346,0.1580694954958702,0.1536248768323868
1518,-576460709326,1.7331451682413874,2.2087520586318647,0.15116777344202384,0.16435452936540051
1519,-576460709322,1.7358614564449026,2.2117408658381374,0.15049119746309383,0.1675691983566305
1520,-576460709304,1.7385907285178521,2.2148162602270287,0.14980830993080382,0.17081385593082052
1521,-576460709286,1.7412758231769276,2.2179135623425315,0.1491334245465238,0.17402049226590052
1522,-576460709269,1.743936951653491,2.2211106523071003,0.14866519637596382,0.18375591379598052
1523,-576460709256,1.7249390680072128,2.211680303641067,0.14179807839752342,0.17883333182664657
1524,-576460709250,1.727483656013002,2.2149828341453834,0.14132715173202343,0.18862486058689656
1525,-576460709232,1.7300194973994762,2.2184609705474765,0.14085627746448343,0.19841529988636655
1526,-576460709215,1.7324255729956612,2.2219353840759712,0.14040803911566344,0.20773509212887656
1527,-576460709197,1.7349360834786987,2.225636258382393,0.14037828042772343,0.20618665112375656
1528,-576460709179,1.713398819421754,2.255886524710994,0.1330385579784188,0.21586463222755586
1529,-576460709162,1.7158056136627002,2.2597779902422235,0.1330084481506088,0.21429792027667585
1530,-576460709143,1.7181891312664093,2.2637239223920886,0.1330536832005088,0.22617003193239585
1531,-576460709126,1.7204499446374866,2.2676619493748875,0.1330965753288088,0.23742723486363584
1532,-576460709107,1.7089475669172463,2.2650636117772867,0.1280795961278202,0.24626389063629162
1533,-576460709089,1.7112536648990335,2.269604222171984,0.1281250457772202,0.2581923247506116
1534,-576460709070,1.7134288009717804,2.2740610666164907,0.12792393276862019,0.2664509294585116
1535,-576460709054,1.7157307912529862,2.2789386813418804,0.12771074587722017,0.27520534210061165
1536,-576460709037,1.692601183403485,2.310893983962091,0.11983176988497228,0.2948270377472773
1537,-576460709019,1.6948280067348684,2.3164618500567964,0.11961159908097228,0.3038682412532773
1538,-576460709002,1.6968497590913227,2.3216116225963943,0.11804590138385228,0.30148882229417734
1539,-576460708984,1.698827749082942,2.326676941108516,0.11649373122649227,0.29912996138062736
1540,-576460708965,1.7009123695775676,2.3320454466620193,0.11483518123265227,0.29660943311567733
1541,-576460708949,1.687230240176377,2.328907001449576,0.10751507660537114,0.289719163757686
1542,-576460708931,1.6891547402867624,2.3341922067122116,0.10623514390726115,0.297297581134326
1543,-576460708913,1.6910698362258865,2.3396535139726176,0.10494597084425114,0.30493071024856605
1544,-576460708894,1.6929498367612088,2.345217946268898,0.10366482979073115,0.31251628223704603
1545,-576460708882,1.6708826076245984,2.3685897587008746,0.09692651219991558,0.3224465732249062
1546,-576460708876,1.672712241646229,2.3747951827386897,0.09557535761234558,0.3304466918405862
1547,-576460708860,1.6743118503288221,2.3804836586674387,0.09436808270032558,0.3450239403210362
1548,-576460708841,1.6759953269477015,2.3868205947816055,0.09308059994964558,0.36056965885133624
1549,-576460708823,1.6776588905166123,2.3934499276603276,0.09179060846406559,0.37614566911688624
1550,-576460708804,1.6613849701971841,2.3903497632129684,0.08485361402840844,0.37685273601573543
1551,-576460708789,1.6628117083701284,2.3967493685110464,0.08439172084040844,0.38229379993653545
1552,-576460708770,1.664341254741818,2.4037520249999647,0.08389371998800844,0.38816020918637545
1553,-576460708752,1.6658318910309842,2.4107202802273875,0.08340552683200844,0.39391108457597546
1554,-576460708735,1.6484641751004854,2.4374335063913737,0.07861517008261222,0.3959419616510557
1555,-576460708718,1.6498051799586881,2.4440973220862907,0.07954084574507223,0.3899780401082357
1556,-576460708701,1.6511650206606228,2.45067497788285,0.08046865027596223,0.38400040274160574
1557,-576460708683,1.65263003746832,2.4575658887753673,0.08145639064111222,0.37763661218155575
1558,-576460708664,1.6541194697864379,2.464361116931801,0.08456181346276222,0.37978724742202574
1559,-576460708652,1.637724082250662,2.4549517673063357,0.07869279829888481,0.3749466470951438
1560,-576460708645,1.6391744808419497,2.4617473759659343,0.08182054735048482,0.3771127441840238
1561,-576460708627,1.6407526515557118,2.4689000080863432,0.08509333036098482,0.3793792833579238
1562,-576460708610,1.6423109577775705,2.4757421478190986,0.08820584911618481,0.3815348328292838
1563,-576460708593,1.643763872312459,2.4819115894618498,0.09241505278442481,0.3854270819831238
1564,-576460708575,1.6250002105351828,2.5098353519729057,0.09084186990401155,0.3987314758385219
1565,-576460708556,1.6266778448141679,2.5170521150830845,0.09555158368024155,0.40308654651345194
1566,-576460708539,1.62845209130545,2.5243953536156623,0.10029217053161155,0.40747016551012194
1567,-576460708521,1.630254237726023,2.531613338270162,0.10127892958279154,0.3998655153243019
1568,-576460708502,1.611216784246318,2.5266680866655484,0.09485281249326699,0.3853859945663486
1569,-576460708485,1.6128337120318987,2.5331442017832813,0.095788911916407,0.37817176263848856
1570,-576460708467,1.6145693687375935,2.5399631964568554,0.096783672760687,0.37840148417988856
1571,-576460708449,1.6163253812644793,2.546783681672807,0.098123095304787,0.37863111651398856
1572,-576460708430,1.6018043355468272,2.570331053906838,0.0945064276615777,0.38587963047700363
1573,-576460708412,1.6035170141152755,2.57727702122228,0.09584406619207769,0.38610895695750364
1574,-576460708394,1.6052143271715853,2.584297002711948,0.09255787146025769,0.39310976761434363
1575,-576460708376,1.6068494835065772,2.5914299213705108,0.08927769540010769,0.40009775627364363
1576,-576460708358,1.5935689126300925,2.589681158134914,0.08072755889493055,0.40247713374094923
1577,-576460708340,1.595002296483164,2.597040696837959,0.07742148430820055,0.40952029584420924
1578,-576460708322,1.5963954431750922,2.6043511720352535,0.07708932275975054,0.4012682803543292
1579,-576460708303,1.5977690904521606,2.611443660687195,0.07676040306970054,0.3930968035838092
1580,-576460708286,1.5841215534805575,2.6331206034211947,0.07181870312980021,0.39117792021474984
1581,-576460708268,1.5854125929192997,2.6400945666187114,0.07148681787610021,0.38293276882026983
1582,-576460708249,1.5866288110178914,2.6470649984398427,0.06371612788474021,0.3919470956821298
1583,-576460708232,1.5877133900633673,2.65425615272339,0.05588237743322021,0.4010345753271498
1584,-576460708214,1.5886504561244557,2.6615657860319786,0.04809743405018021,0.4100654367221898
1585,-576460708200,1.5682060332940202,2.648970804218475,0.04088901722840436,0.4036241866513428
1586,-576460708196,1.5688721306366273,2.6563180343917674,0.033113576106484355,0.4126440250242628
1587,-576460708178,1.569423159509273,2.6638160447319748,0.028664424077994355,0.4279872144182028
1588,-576460708159,1.5698988362577277,2.671661366925167,0.024173870668444356,0.44347317916050283
1589,-576460708142,1.5702940542085078,2.679794693268441,0.019678329140694353,0.45897634575200286
1590,-576460708123,1.555717845878782,2.7023458531695335,0.01648146366297634,0.4608882184455666
1591,-576460708107,1.556023942258998,2.7105271446892267,0.01784966915625634,0.4567084078098066
1592,-576460708088,1.5563622837586142,2.718818513983776,0.01924917948585634,0.4524329622066066
1593,-576460708072,1.556695881652884,2.7263728543442523,0.02053590033165634,0.4485020837655066
1594,-576460708053,1.5370588310984439,2.721730555047648,0.012175615578552297,0.44633116693277874
1595,-576460708035,1.5372673993168713,2.729870216601853,0.010809641025752298,0.45070008215305873
1596,-576460708017,1.5374488240227986,2.737975860512131,0.009462408354352298,0.4550090535839487
1597,-576460708000,1.5375985058354413,2.7457288144854846,0.008185627092552298,0.4590926941438787
1598,-576460707982,1.5250406094182263,2.765802840617264,0.0053483636702335215,0.4719894319326202
1599,-576460707965,1.5251400983777326,2.7738885052212185,0.006357596972933522,0.4793771528367202
1600,-576460707947,1.5252651864869762,2.7826554279397198,0.007434575610283522,0.48726077852677024
1601,-576460707928,1.5254087549354605,2.791503957179871,0.008504191915033522,0.49509051097102025
1602,-576460707911,1.5030743097530026,2.7856423790729155,5.93498432141534e-4,0.48895597286666426
1603,-576460707892,1.5030838245570814,2.7940591004244615,5.134533541215342e-4,0.49024492894780425
1604,-576460707876,1.5030922642607758,2.8028405975504884,4.3016289076153435e-4,0.49158614507132425
1605,-576460707859,1.5030992535778622,2.81170228055692,3.4634161832153455e-4,0.49293590874840426
1606,-576460707840,1.5031297504057188,2.8201673872632083,0.003216788169801535,0.49609396697166425
1607,-576460707828,1.4918572355090693,2.8302281865301007,-2.4759963385217543e-4,0.5004556230092637
1608,-576460707823,1.4918797116739246,2.8392239581639407,0.002756660233907825,0.5037609023133838
1609,-576460707805,1.4919576201740758,2.848419918709252,0.005807536770747825,0.5071174691619638
1610,-576460707788,1.4920615008179439,2.857451634487372,0.005863134374967826,0.5075680468609838
1611,-576460707769,1.492167596454793,2.8665965318472395,0.005919378462957826,0.5080238638355737
1612,-576460707756,1.471163978812729,2.8525691559100617,-0.0013426017840928268,0.5008929582050242
1613,-576460707750,1.4711388714338782,2.8621538639700215,-0.0012828691822328266,0.5013770470192842
1614,-576460707732,1.4711173442677823,2.870750180789996,-0.0012293453230528264,0.5018108185396642
1615,-576460707715,1.471076481976366,2.8796954910101484,-0.003380570224812827,0.5073622658638243
1616,-576460707697,1.4709959513726034,2.8888807934003977,-0.0055652866694928275,0.5130001414067042
1617,-576460707679,1.4635097866312745,2.904585919407524,-0.01000971544108785,0.5214322451039434
1618,-576460707661,1.4633099902550883,2.91402084822084,-0.012193582462577849,0.5270679286267834
1619,-576460707642,1.4630968678011358,2.92351752475261,-0.011480114171977848,0.5278253267767334
1620,-576460707625,1.4628967420806813,2.9330204380840437,-0.010767200647057848,0.5285821360028234
1621,-576460707607,1.4413384772132487,2.9278914907422626,-0.017379742617435766,0.5219048826039262
1622,-576460707588,1.441031994612002,2.9372946839681315,-0.016666313952955765,0.5226622386878862
1623,-576460707571,1.4407393422807042,2.9466129477544243,-0.015845193162295764,0.5125278725483262
1624,-576460707553,1.4404614725870006,2.955748762547106,-0.015024072371635763,0.5023935064087662
1625,-576460707532,1.4381594060016065,2.9663124392638998,-0.014840209082038857,0.4931478838293537
1626,-576460707516,1.4378827831126493,2.9756804963813277,-0.013964173586498856,0.4823357541597137
1627,-576460707498,1.4376344652936266,2.984353204412856,-0.013649706760748856,0.4821021698356637
1628,-576460707481,1.4374049335015149,2.9925475464544493,-0.013352445125798855,0.4818813654379337
1629,-576460707464,1.4371801160255981,3.000750657770674,-0.013054728882148856,0.4816602233592237
1630,-576460707452,1.4141206071345869,2.9848249437591483,-0.020889785830989487,0.4735857693809268
1631,-576460707446,1.4137613851376991,2.993402419337952,-0.019012685358989485,0.4792024093254268
1632,-576460707429,1.4134514418137059,3.001644327175779,-0.017229518101389486,0.4845379833110268
1633,-576460707411,1.4131579080136596,3.0104258595616913,-0.015350958067789485,0.49015899054012685
1634,-576460707394,1.4129137589984473,3.018739726998777,-0.013592082085389486,0.49542188043202684
1635,-576460707381,1.4059296287855785,3.024469975509209,-0.015732041538524588,0.4979350749502318
1636,-576460707376,1.4056684741536698,3.0334687561423057,-0.013260978934274588,0.5010969131815318
1637,-576460707359,1.4054632298061311,3.0419956264273784,-0.010933804460574587,0.5040746399332519
1638,-576460707341,1.4052874924275478,3.0511663882223337,-0.008446144655374587,0.5072577150463718
1639,-576460707323,1.40515817345625,3.060283606345788,-0.005988387245274587,0.5104025286699319
1640,-576460707305,1.3856968199123914,3.055767920883979,-0.012572034696868666,0.5027967476265498
1641,-576460707287,1.3854697141814323,3.0648181120714586,-0.012645123970588666,0.5021101130751499
1642,-576460707269,1.3852415844843062,3.073844402847309,-0.012718119914678666,0.5014243553055998
1643,-576460707251,1.3850116300152613,3.082878387040048,-0.012791278171168666,0.5007370726980498
1644,-576460707233,1.3770614260913017,3.098635869654506,-0.01369626053672339,0.5095240257536323
1645,-576460707215,1.3768273971554905,3.107855909544481,-0.012315625181963389,0.5152664477347123
1646,-576460707197,1.3766183535336043,3.1171725054872432,-0.01093598728522339,0.5210047210281323
1647,-576460707180,1.376443451828788,3.1260799114533473,-0.009631005284903389,0.5264324810066924
1648,-576460707161,1.356344620460052,3.1213052439492115,-0.014891063466922767,0.5179009831013932
1649,-576460707143,1.3560874040362347,3.13067694063606,-0.013500837169662768,0.5165597141609433
1650,-576460707125,1.355868611074338,3.139463218089904,-0.012194167163462768,0.5152990590444433
1651,-576460707108,1.355663028037713,3.1486561948948286,-0.010823583116442768,0.5139767406447933
1652,-576460707090,1.3554582516347224,3.1579495531664117,-0.011930614671272767,0.5186759924607433
1653,-576460707078,1.3526771122600174,3.1601185406983645,-0.012779114215488888,0.5196357193831377
1654,-576460707072,1.35243715213889,3.169513230593419,-0.013886084265148889,0.5243347101150377
1655,-576460707054,1.352175064127292,3.179070263698573,-0.015002095574798889,0.5290720802022877
1656,-576460707036,1.3519284181716484,3.1885752190681105,-0.01261628588690889,0.5352530269627577
1657,-576460707019,1.35172273978739,3.198277747682594,-0.01020897038412889,0.5414896891046976
1658,-576460707005,1.3329300865477205,3.1847854497857186,-0.016406324724271205,0.5346784912818262
1659,-576460707000,1.332656692159737,3.1944549059869405,-0.014004619434071205,0.5409006189764262
1660,-576460706981,1.3324263412075188,3.2042428015419873,-0.011601311225991204,0.5471268993702662
1661,-576460706964,1.3321671046919388,3.214146430853628,-0.017164391789991205,0.5518111068037862
1662,-576460706947,1.3318087806235428,3.2241055509150773,-0.022711422631991204,0.5564818001013462
1663,-576460706933,1.3319551656807915,3.223994055669317,-0.022666870073870683,0.5564322264898391
1664,-576460706928,1.3314969916216477,3.234055304143252,-0.028224394964870683,0.5611117559532192
1665,-576460706910,1.3309396269949096,3.2441861017391256,-0.033773894994870685,0.5657845283486191
1666,-576460706891,1.3303239372466844,3.254413254250489,-0.034537405152170686,0.5689267233282191
1667,-576460706873,1.3296732609647388,3.2650408928697616,-0.03532637129552069,0.5721736813824191
1668,-576460706854,1.3080409672356084,3.260289796852769,-0.04294005201721932,0.5676726577780138
1669,-576460706838,1.307302071568634,3.270001941556074,-0.043662815654419325,0.5706471621124138
1670,-576460706817,1.3064744791643301,3.2803562665180928,-0.04851722492297932,0.5826525663369738
1671,-576460706801,1.3055572122217913,3.290954110181454,-0.05338434065375932,0.5946893948207538
1672,-576460706784,1.305479935957817,3.3010856695279567,-0.05797462202136944,0.6064280189473328
1673,-576460706765,1.3043718095297057,3.312664392740543,-0.05901507689240944,0.6159878607598128
1674,-576460706748,1.3033601373063102,3.3232141029580555,-0.05994920149368944,0.6245707254951728
1675,-576460706730,1.3022725807718238,3.3345336916310417,-0.06093742491506944,0.6336506575967328
1676,-576460706713,1.2791062321045206,3.32920342094164,-0.06900775952490326,0.6341076118683109
1677,-576460706695,1.2778667090683167,3.3405987754414923,-0.06931642708416326,0.6375534192501109
1678,-576460706678,1.2766866068092761,3.3514579171059045,-0.06960902574303326,0.6408198416142109
1679,-576460706660,1.2754299452985094,3.3630321971574024,-0.06991926057982327,0.644283145283911
1680,-576460706642,1.2795569146431391,3.3707549940219983,-0.06859946348419936,0.6459892967674202
1681,-576460706625,1.2783834049416911,3.3818775149777407,-0.06966382976444936,0.6644697260004202
1682,-576460706608,1.2771168205088506,3.394038280007538,-0.07079466015409937,0.6841041614182202
1683,-576460706590,1.27590655035558,3.4058028827252658,-0.07185858752041936,0.7025769698556602
1684,-576460706573,1.2746761127034596,3.417901842957922,-0.07292433324444936,0.7210813501604202
1685,-576460706561,1.2515249481480548,3.4008039759393727,-0.0803104088036867,0.7124901584780476
1686,-576460706555,1.2500294604544138,3.4136880886422514,-0.08561522013684669,0.7170130816061276
1687,-576460706537,1.248440257487452,3.426638579356663,-0.09091385145014669,0.7215307356015277
1688,-576460706519,1.2467387147088158,3.4397981988339423,-0.09626427721560668,0.7260925499470077
1689,-576460706501,1.2449760520252422,3.4527806596038815,-0.10150993693010668,0.7305650399480077
1690,-576460706483,1.2597564125202505,3.4541700214515725,-0.09648344956992773,0.7339696227509427
1691,-576460706465,1.2580235910083242,3.4674319976494314,-0.09645959818936772,0.7427007032549627
1692,-576460706447,1.2562848331584984,3.4809003970717276,-0.09643565916872772,0.7514638654488427
1693,-576460706429,1.2545493028217793,3.494504732402653,-0.09641175865660771,0.7602129311426327
1694,-576460706411,1.2216896635962815,3.4850087429675267,-0.10663487845034257,0.7589975540419459
1695,-576460706392,1.2197679749956858,3.49875398957979,-0.10705227829332258,0.7694408549720859
1696,-576460706374,1.217822013489343,3.51280873839607,-0.10747329841738258,0.7799747349606659
1697,-576460706357,1.2158737375908784,3.526812920587048,-0.10908601892430259,0.7766508628804659
1698,-576460706339,1.2312399025351568,3.5279476799306044,-0.1054298314526104,0.7681176338611867
1699,-576460706322,1.2293270031770402,3.5417484596047926,-0.10704371715525039,0.7647913602727867
1700,-576460706303,1.2273835229777381,3.555500006889858,-0.1086588576840504,0.7614625004447867
1701,-576460706286,1.2254034217088414,3.569320749425326,-0.1115726258991504,0.7757127342864467
1702,-576460706267,1.187855406013312,3.5569305410172434,-0.12559496539867968,0.7768652976250197
1703,-576460706249,1.1854870661339645,3.571543440787832,-0.12861422038432968,0.7916314308233097
1704,-576460706231,1.1831227396133142,3.586062230950045,-0.13155926194307968,0.8060346117860596
1705,-576460706213,1.1809112638186967,3.5995997433734908,-0.13079031924409967,0.7999340012332197
1706,-576460706197,1.1785652067447756,3.61393517342301,-0.12996960894541967,0.7934226787177797
1707,-576460706177,1.2046588510762424,3.6088749753887464,-0.12065718794145205,0.7781404486995328
1708,-576460706161,1.2026154683784502,3.6220433542305677,-0.11988227030365206,0.7719924343871328
1709,-576460706142,1.2004048774883282,3.6362156748519032,-0.12444941138985206,0.7944425610630328
1710,-576460706124,1.1980020181628483,3.6514882195494613,-0.12923083834409207,0.8179460260947128
1711,-576460706106,1.1545950576115167,3.6350405205140444,-0.14638598096749098,0.8246023965871547
1712,-576460706088,1.1518989947132239,3.650197854393334,-0.15096296557413097,0.8471009098306347
1713,-576460706071,1.1493394596306812,3.6644437006535564,-0.15251522775557097,0.8419963465390747
1714,-576460706052,1.1465808193421316,3.6795422452403943,-0.15417074095477096,0.8365522456607747
1715,-576460706035,1.1798553933830669,3.6708666152873892,-0.14509345494572012,0.8202707744358424
1716,-576460706017,1.1771839308405843,3.6858888221960764,-0.15006316227698013,0.8394581956986424
1717,-576460705998,1.1746080390239528,3.7002304629857634,-0.15470397173050013,0.8573757832042425
1718,-576460705982,1.1717605311256059,3.715935740174401,-0.15967724807045014,0.8765769839652424
1719,-576460705965,1.1689685405275088,3.731196498515475,-0.16440755728035014,0.8948401188872425
1720,-576460705953,1.1223433073969473,3.6956162620914825,-0.17857465683658427,0.8771245201230051
1721,-576460705947,1.1191935457973627,3.7110696770059164,-0.17787434441782426,0.8716917436051551
1722,-576460705930,1.11615538449045,3.7259419252382067,-0.17719622262626428,0.8664311141393051
1723,-576460705913,1.1129680363351704,3.7415085470688663,-0.17648200143938428,0.8608904383085051
1724,-576460705894,1.1100011706855246,3.755964921310299,-0.17581457870022427,0.8557128083141551
1725,-576460705882,1.1571883041137652,3.7259970413217136,-0.16182553185546036,0.8419388064340297
1726,-576460705876,1.1541248810140152,3.742037674470546,-0.16011478654610037,0.8437984799757497
1727,-576460705859,1.1514214697041667,3.7563667778692453,-0.15858975926570038,0.8454562678815497
1728,-576460705840,1.1485586566815875,3.771723668256951,-0.15695865876450038,0.8472293631689497
1729,-576460705823,1.1457658281811198,3.7868919941223202,-0.15535093032890038,0.8489770517451497
1730,-576460705803,1.0916067758741452,3.7635381533484322,-0.17172885082752515,0.8170828950025862
1731,-576460705786,1.088680571469153,3.777330018074171,-0.17265203713202515,0.8060623004474863
1732,-576460705769,1.085566812343301,3.791721372307866,-0.17362900444402515,0.7943996917338862
1733,-576460705751,1.0824335627683344,3.805911596255135,-0.17460656932277516,0.7827299495296363
1734,-576460705733,1.13347112707276,3.7870467821258806,-0.16046161864796932,0.7724364486162136
1735,-576460705714,1.1305645404212028,3.801006143246586,-0.16225937747229932,0.7774842887074236
1736,-576460705698,1.127796300141298,3.814241967006456,-0.16395324094681932,0.7822404060686636
1737,-576460705680,1.1248286703517527,3.8284202868579817,-0.1657284553865893,0.7928659485973136
1738,-576460705661,1.0663690459694994,3.800684861785825,-0.18392747343698804,0.7826345517899643
1739,-576460705642,1.0630176778897842,3.814973406242303,-0.18571550673345805,0.7933368215601143
1740,-576460705625,1.0596546996877814,3.829366770253372,-0.18749259469843804,0.8039735780702143
1741,-576460705607,1.0563063242171595,3.8436131594524676,-0.18792790879093804,0.7933343263019743
1742,-576460705587,1.1114652457294993,3.8221531624300153,-0.17118937477710022,0.7666119283611261
1743,-576460705571,1.108277416927714,3.8363067059849842,-0.17164321131585022,0.7555199805455661
1744,-576460705553,1.1051819928077853,3.8498176353521245,-0.17208274725710024,0.7447775450932861
1745,-576460705535,1.1020605814606341,3.8634218031892327,-0.17232984759572023,0.7562891918710861
1746,-576460705517,1.098953329403618,3.8771517123491077,-0.17257547563838024,0.7677322488964862
1747,-576460705505,1.0356514802869698,3.8295178110168266,-0.19109579068864316,0.7441792322405903
1748,-576460705499,1.0322122263857252,3.843005343335989,-0.19134098249546316,0.7556019663763903
1749,-576460705482,1.0287875294290936,3.8566223926182275,-0.19158482469765317,0.7669618265724903
1750,-576460705463,1.0253398554084148,3.8703886094601714,-0.19193750921178318,0.7644044164825804
1751,-576460705445,1.0218841098603184,3.884115703243405,-0.19229037027414317,0.7618457261940604
1752,-576460705426,1.0843958841281158,3.859254482326183,-0.17336072827183457,0.7412061975336478
1753,-576460705409,1.081301223086271,3.8724497944746306,-0.17371054878134456,0.7386695551100778
1754,-576460705390,1.0781824270094384,3.8858085898253387,-0.17203481753233457,0.7422677932306978
1755,-576460705373,1.075147360132188,3.898998108888515,-0.17038825205086458,0.7458034047358378
1756,-576460705354,1.0079299079107302,3.865160632676642,-0.1870605746411312,0.7258685131454503
1757,-576460705337,1.0047552947917455,3.8774810344059527,-0.1871497299483412,0.7264096420157903
1758,-576460705319,1.0013333197889132,3.8907651313222686,-0.1872457845847412,0.7269926464213903
1759,-576460705299,0.9978235984495996,3.904393846142475,-0.1873442510963112,0.7275902897231703
1760,-576460705279,1.0674526970014688,3.8760660999919043,-0.16620714265449305,0.7087153610504149
1761,-576460705264,1.0644618509218355,3.8888129145183448,-0.16592457079729306,0.7068109605976148
1762,-576460705246,1.061481725798383,3.901501463908467,-0.16564253239057306,0.7049101553483348
1763,-576460705228,1.0585036941109798,3.9141684985745995,-0.16536021156889305,0.7030074467560148
1764,-576460705211,0.9864137718714876,3.8747312191555903,-0.18487125215446307,0.6759998162104368
1765,-576460705193,0.9830662959329033,3.887028004499347,-0.18458693873834306,0.6811863593601069
1766,-576460705176,0.979931691060455,3.8986454146968184,-0.18432030763666307,0.6860503356464869
1767,-576460705158,0.9766135226533604,3.911051747208775,-0.18403764164114308,0.6912068259828069
1768,-576460705140,0.9734897227043682,3.922833876658773,-0.1837711360572231,0.6960685125310269
1769,-576460705123,1.0489030974221782,3.8917577256019444,-0.16144124957155834,0.6737151479553057
1770,-576460705105,1.0459979613073729,3.9038485698301715,-0.16189053838675835,0.6719547717138057
1771,-576460705087,1.0430782578594684,3.915934587794788,-0.16234082728835836,0.6701904769943057
1772,-576460705069,1.0401447470040657,3.928012225667884,-0.16279199126555835,0.6684227536065557
1773,-576460705052,0.9665326570502941,3.887338743848985,-0.18259508859940535,0.6428633913272901
1774,-576460705035,0.9633854303524046,3.898423594766009,-0.18242772488812534,0.6427838966597301
1775,-576460705016,0.959963153909374,3.9104871937294696,-0.18224556010634532,0.6426973717574201
1776,-576460704998,0.9566734679913109,3.9220451395107174,-0.1836206377542053,0.6427328435845802
1777,-576460704982,1.0292904592635417,3.891569448487546,-0.16306961795217956,0.6235246912265234
1778,-576460704964,1.0262799947930068,3.9030314126168784,-0.16447520530261955,0.6235609500891635
1779,-576460704946,1.023312360911021,3.914235874181159,-0.16584913596917955,0.6235963923285235
1780,-576460704928,1.0203287502850562,3.9254945936006096,-0.16553428447452956,0.6268861332949035
1781,-576460704909,1.0171884069350938,3.93743210253684,-0.16520224527402955,0.6303554608315035
1782,-576460704897,0.9548914844889734,3.8922823700719515,-0.18256639463274862,0.6083014558823777
1783,-576460704891,0.9516070284378055,3.9032650619797105,-0.18225156062304862,0.6115910141564177
1784,-576460704871,0.9483185986658633,3.914339574600682,-0.18193579991099862,0.6148902551244777
1785,-576460704853,0.9450688707690326,3.9253578065968533,-0.18047391312911862,0.6138631736890977
1786,-576460704837,0.9418369468745429,3.9363864221476437,-0.17900819515069863,0.6128334005604277
1787,-576460704825,1.0188177893664156,3.8959221365037595,-0.15692845225105015,0.5935236624774942
1788,-576460704819,1.0160027070410311,3.9066099119962945,-0.15545931065019014,0.5924914840058843
1789,-576460704801,1.0132202627266926,3.9172554261181984,-0.15399342964213014,0.5914615963370743
1790,-576460704784,1.0105561548838171,3.9274621056830648,-0.15589465258139015,0.5957757614465943
1791,-576460704766,1.0077324537911485,3.9382255164002435,-0.15788477765181017,0.6002916590644343
1792,-576460704747,0.9351673329022624,3.8987949800573136,-0.17905722320009734,0.5803489575753521
1793,-576460704731,0.9321057536132757,3.9087024305273297,-0.18093798980320736,0.584616704135072
1794,-576460704713,0.9288161524757008,3.9192477701062627,-0.18392460309552736,0.585008360076672
1795,-576460704695,0.9254807337564198,3.9297749998445264,-0.18690409436191735,0.585399082056122
1796,-576460704677,1.0061338861173659,3.8970714522286785,-0.16589041246187497,0.5650304030170167
1797,-576460704659,1.0031588005666616,3.907136486205436,-0.16421616736662498,0.5517556138215167
1798,-576460704641,1.0002212077643469,3.9169380097241646,-0.16254610207882497,0.5385139655699167
1799,-576460704623,0.9972877428978146,3.926586007705458,-0.16086108236881497,0.5251537463856967
1800,-576460704605,0.9943421901247211,3.936128772167874,-0.15915116958332498,0.5115961544689167
1801,-576460704592,0.9223537336811487,3.885333367125494,-0.17877986331114168,0.4869634572449361
1802,-576460704586,0.9190276039229767,3.894415884020899,-0.17881082186565167,0.4894937695900161
1803,-576460704568,0.9158416462086382,3.9031582914865353,-0.17884047071837167,0.49191703705977613
1804,-576460704551,0.9127970037519036,3.911551902790797,-0.17886879988428167,0.4942324435560561
1805,-576460704533,0.9095794214421202,3.9204636645870248,-0.17889873331007167,0.4966789698233761
1806,-576460704520,0.990047029862674,3.880169226672886,-0.1560221747273281,0.4772289974364188
1807,-576460704514,0.9872226199799011,3.888737307509107,-0.1575398438985781,0.47398730411461876
1808,-576460704498,0.9845174845065016,3.8968128853031763,-0.15897983941032812,0.47091151927145875
1809,-576460704481,0.9816611377180031,3.9052049550918886,-0.1604863040298281,0.46769375851761874
1810,-576460704460,0.9789202114273476,3.913131140964664,-0.1619187175140781,0.46463416864525875
1811,-576460704444,0.9073852517048339,3.873250827345736,-0.18008960397402335,0.4472337063282181
1812,-576460704427,0.9041448677476543,3.881358912739654,-0.17975314529632336,0.45316444957611807
1813,-576460704410,0.9010686167622018,3.889169475750581,-0.17943314525799337,0.4588050770660281
1814,-576460704393,0.8980139673161369,3.8970348582900485,-0.17911482657896335,0.4644160673048381
1815,-576460704374,0.9797516616110384,3.863470876292012,-0.1552197021771245,0.42240321515478635
1816,-576460704357,0.976957924690702,3.870872202290565,-0.1553680599503245,0.40042346617408636
1817,-576460704340,0.9743145429766169,3.8775051324912995,-0.1555083029904045,0.3796459447085064
1818,-576460704321,0.9715106331102829,3.884148699887238,-0.1556569246573645,0.3576270988980464
1819,-576460704303,0.9055510169520613,3.8471960613274465,-0.16775664603284046,0.33598904861820744
1820,-576460704286,0.9026390000107468,3.853103229092252,-0.16317317285625046,0.33531815801915743
1821,-576460704269,0.8998753891584589,3.858855691994939,-0.15870090730773045,0.3346635450657574
1822,-576460704251,0.8970227309607386,3.864932417366202,-0.16049548943841047,0.3452878224248374
1823,-576460704233,0.8940664167173293,3.871356056106586,-0.16233434877171046,0.3561742294871374
1824,-576460704220,0.9705485804913925,3.8345680730031444,-0.14076615895955913,0.3382237376760476
1825,-576460704214,0.9678800113799708,3.8410425529971124,-0.14265682563197912,0.34941685432306757
1826,-576460704196,0.9653022797451355,3.8474125043892067,-0.14445964071189912,0.36008987235258755
1827,-576460704176,0.9627441459118978,3.8537637449257693,-0.14214994230727912,0.35149385254382753
1828,-576460704161,0.9603444740601114,3.8596740204486375,-0.13994867072821912,0.34330136556794755
1829,-576460704142,0.8952033004529002,3.8232489337321196,-0.15403860924368445,0.31360906520992243
1830,-576460704124,0.8924515662809539,3.8288158869787785,-0.15170963208368446,0.30494129552992244
1831,-576460704105,0.8896969403346666,3.83435929427016,-0.15144625261198447,0.3051293908049024
1832,-576460704085,0.8869759769766461,3.839847804365926,-0.15118564128418446,0.30531550918022243
1833,-576460704069,0.9610552212656902,3.8089243954957563,-0.1293602395697457,0.287654374978541
1834,-576460704051,0.9587293430019985,3.8141032753061515,-0.1290993963555457,0.287840658958021
1835,-576460704034,0.9563834985244191,3.819330221003018,-0.13127515024298572,0.29231869470938104
1836,-576460704014,0.9538652050025938,3.82493418332527,-0.13357141039490572,0.2970447508658611
1837,-576460703997,0.8877699650144936,3.787382919648491,-0.152484939840974,0.28103994658199855
1838,-576460703979,0.8850723168193131,3.7924017442675906,-0.149316055312634,0.28044404056340855
1839,-576460703960,0.8823863138520605,3.7974961075191525,-0.146092574574934,0.27983786777445857
1840,-576460703943,0.8798083731989448,3.8024828313567958,-0.14293042594255398,0.27924322843532856
1841,-576460703924,0.95070835332986,3.773454202952249,-0.11920908692823816,0.26187636557562183
1842,-576460703907,0.9485349086941841,3.7781415561007794,-0.12095054132323815,0.25606320884762185
1843,-576460703889,0.9463427031811937,3.7826976633702314,-0.12268198957143815,0.25028345368314187
1844,-576460703871,0.9441095095637085,3.787169072955719,-0.12442103864268815,0.24447832617714185
1845,-576460703852,0.9418548489809574,3.791516698676633,-0.12615248689088815,0.23869857101266184
1846,-576460703840,0.8822772231815691,3.751728902290317,-0.14170108554264804,0.21978054349222015
1847,-576460703834,0.8795978805141453,3.7559325450978442,-0.14110899123840803,0.22392251831134014
1848,-576460703817,0.8772104314021862,3.759759661134744,-0.14057929994902804,0.22762795504128014
1849,-576460703799,0.8746838060904673,3.76389446110292,-0.14001654787360804,0.23156466733374015
1850,-576460703782,0.8723077611969375,3.7678631182674915,-0.13948526291684804,0.23528125250762014
1851,-576460703762,0.9373495311846147,3.7412050063629874,-0.1197105186182654,0.2205712064830424
1852,-576460703745,0.9353247597641676,3.7449542773812645,-0.1188346534419454,0.2211430982150424
1853,-576460703727,0.9331923256985217,3.748943636891726,-0.1179051817671454,0.22174999203879242
1854,-576460703711,0.931079911405205,3.752937703614824,-0.1169771547333054,0.22235594259154243
1855,-576460703694,0.8722233741812601,3.7184190037436435,-0.13413024707248888,0.19960575922114773
1856,-576460703677,0.8697824893866157,3.721967349426542,-0.1368232740069689,0.19428286628789773
1857,-576460703659,0.8672965721865066,3.725415068455804,-0.13951256415544888,0.18896735928589772
1858,-576460703641,0.8647602784374375,3.7288293813213818,-0.14220394690408888,0.19027432299529773
1859,-576460703622,0.9265010174719797,3.703518295825805,-0.1223720891114643,0.17726752624829098
1860,-576460703604,0.9243155264178706,3.706721405774564,-0.1204197849216543,0.178574272202991
1861,-576460703587,0.9221645903600425,3.709948940476744,-0.1184669385154943,0.17988138108219098
1862,-576460703569,0.9200297831379836,3.7132029264989233,-0.11873386393549429,0.18167262138219098
1863,-576460703551,0.8712868088396277,3.685529890878757,-0.1310048842790748,0.16885148266622124
1864,-576460703532,0.8689050523660645,3.6886129841563835,-0.1312742120278548,0.17065884412892124
1865,-576460703515,0.8665656275371073,3.6916669937777784,-0.1315382160974248,0.17243048029897123
1866,-576460703498,0.864201690774091,3.6947457348178334,-0.1312236093920748,0.16978494125996124
1867,-576460703478,0.8618419747315523,3.6977787131984887,-0.1309088103522748,0.16713778487368125
1868,-576460703466,0.9195921914455094,3.67224610669906,-0.11487808796588685,0.1543643204163849
1869,-576460703460,0.9175087739498596,3.6750252700047095,-0.11456054378893685,0.1516940800736149
1870,-576460703443,0.9154677962777164,3.6777080948478003,-0.11424861228093684,0.1490710368648149
1871,-576460703425,0.9134574390621882,3.6804497207337104,-0.10917406114961684,0.15562177108253492
1872,-576460703407,0.9115391321722981,3.683308098433984,-0.10410148389348683,0.16216995722626493
1873,-576460703395,0.8681874872955034,3.6546709507596016,-0.11521261862353263,0.1486947256898945
1874,-576460703389,0.8661580196488478,3.65740828852356,-0.11013355577749263,0.1552512840767345
1875,-576460703370,0.8642140484341579,3.6602729466555375,-0.10503841994776263,0.1618285910660645
1876,-576460703354,0.8623680090630688,3.6632076557420965,-0.10100425777858263,0.16572418381634452
1877,-576460703333,0.8604882105593763,3.6663980339445774,-0.09672357473350263,0.16985782969802452
1878,-576460703316,0.9167200716665853,3.6439023821498675,-0.07662264199811075,0.16090824166637596
1879,-576460703295,0.9153624710134409,3.646794438733911,-0.07430572411021075,0.16061000002827597
1880,-576460703281,0.9141174510488853,3.6495233751546627,-0.07211553480495074,0.16032807132913596
1881,-576460703263,0.9128398164927602,3.6524075549494923,-0.06979655628969074,0.16002956443999597
1882,-576460703244,0.8696023535767521,3.6278048705784007,-0.07804179793600825,0.1467548588979208
1883,-576460703229,0.8683671121524225,3.6301896262750906,-0.07620912917808825,0.15104180652288082
1884,-576460703210,0.8670149973155777,3.6329494029082663,-0.07415115292863825,0.15585578960448082
1885,-576460703192,0.8656972999013678,3.6358015433124287,-0.07208905729386825,0.16067940868224082
1886,-576460703173,0.9169451419948612,3.6156466734869244,-0.05549263080376612,0.15385095518017539
1887,-576460703155,0.9158874415133066,3.6186078295845383,-0.056102693268246115,0.15857319523277538
1888,-576460703137,0.9148724927394312,3.6215021777523657,-0.05668192434208612,0.1630567823010754
1889,-576460703119,0.9138470617035174,3.624477389060742,-0.05726118759900612,0.1675406184852254
1890,-576460703102,0.8717752519691228,3.60041483563162,-0.06824239061235096,0.15908523059112992
1891,-576460703082,0.8705046491814429,3.6033727647936726,-0.06813959700960096,0.15840837345036993
1892,-576460703066,0.8692801187942043,3.6062157066723217,-0.06804038377760095,0.15775509170188992
1893,-576460703048,0.8680473174249088,3.6090701506020397,-0.06794035406660096,0.15709643374684992
1894,-576460703028,0.8668343076739943,3.6118711944596456,-0.06784178629435096,0.15644740210760993
1895,-576460703017,0.9141876353996646,3.591131444545266,-0.05474757211299953,0.1459448353619316
1896,-576460703010,0.9131933083713971,3.5937348684121067,-0.05571479841051953,0.1432762796567616
1897,-576460702994,0.9121721584117592,3.5963135891104723,-0.05669094319747953,0.1405831180388516
1898,-576460702974,0.9111446899077741,3.598816072638458,-0.05765645026811953,0.1379193056421616
1899,-576460702958,0.9101199856510659,3.6012971730870422,-0.05716278405403953,0.14009071716964158
1900,-576460702945,0.8698304916624261,3.5750633717141636,-0.06737173923334334,0.12786332277910412
1901,-576460702940,0.868622280939266,3.5773846195564274,-0.06687389667334334,0.13005310413910412
1902,-576460702922,0.8674210401130085,3.579749250804481,-0.06637522437574334,0.1322465351347041
1903,-576460702904,0.8662193702841179,3.582172655772398,-0.06587259699558333,0.13445736272666411
1904,-576460702886,0.8650513144253951,3.5845651717142046,-0.06536963432158333,0.1343646532066641
1905,-576460702867,0.9071091192968576,3.568112054141889,-0.05286708365373363,0.1246075601834807
1906,-576460702848,0.9061104252701633,3.5704770390569274,-0.05233058071602363,0.12450866829268069
1907,-576460702829,0.9051735705638154,3.5727161071759643,-0.05182224933932363,0.12441496917668068
1908,-576460702812,0.9042346196403225,3.574927780810581,-0.05255201961276363,0.12143581279492069
1909,-576460702793,0.8664684655018557,3.5529023126328827,-0.06258055172345633,0.10720933128086199
1910,-576460702777,0.8653995575917531,3.554699587483583,-0.06326955837279634,0.104396585090502
1911,-576460702759,0.8643183059380201,3.5564500980448575,-0.06395897063033634,0.101582183077342
1912,-576460702742,0.8631767765270317,3.558304968065993,-0.06259639644153635,0.104057508844542
1913,-576460702721,0.9024545850027206,3.542683116019094,-0.04998723795351837,0.09767923368660011
1914,-576460702703,0.9015677801199694,3.5444620685399855,-0.04862881795431837,0.10014701272890011
1915,-576460702687,0.900685654853137,3.546244281563522,-0.04942323193535837,0.09795369571735012
1916,-576460702670,0.8998389797025802,3.5478920718417455,-0.05017389199791837,0.09588117997065011
1917,-576460702651,0.8668330621273574,3.5285439861820858,-0.05906096918823261,0.08392381692541266
1918,-576460702635,0.8658236027702013,3.5299517671179204,-0.059810834527752606,0.08185349534901266
1919,-576460702617,0.8648082901659435,3.5313534741048795,-0.059574503147342604,0.08296595164483267
1920,-576460702599,0.8637369542072862,3.532859223701357,-0.0593241105430526,0.08414459676841267
1921,-576460702582,0.8626714301989079,3.534384336566113,-0.059074023617542604,0.08532180300443266
1922,-576460702564,0.9023066447743107,3.518148604131951,-0.04757968762731745,0.07741256832480295
1923,-576460702546,0.9014562917787775,3.5195302521758545,-0.04708278543659745,0.07639440528124294
1924,-576460702527,0.9006126766220385,3.5208971505233086,-0.04658458332363745,0.07537357866966295
1925,-576460702508,0.8997315945588082,3.5223205795040657,-0.04605850202731745,0.07429562702480294
1926,-576460702491,0.8691313942305999,3.5040556370860054,-0.053058324014400055,0.06422312249329268
1927,-576460702473,0.8681726760643301,3.5052066619057847,-0.05340085829306006,0.06359041587539267
1928,-576460702456,0.867262381984267,3.5062823078830543,-0.05372407022276006,0.06299340021989268
1929,-576460702438,0.8662925921925668,3.5074101240381,-0.05406628119440006,0.06236129079329268
1930,-576460702420,0.902031935771267,3.492501416854755,-0.044260912347005764,0.053557934204732816
1931,-576460702403,0.9012573607151595,3.493444132387166,-0.044080220876925764,0.05395980443705282
1932,-576460702385,0.9004618110819821,3.4944237975032157,-0.043893862190345766,0.05437427894787282
1933,-576460702367,0.8996744835283772,3.495404877394814,-0.043708647251095765,0.05478620968612282
1934,-576460702350,0.8989352762803188,3.496336574987596,-0.04353403515871577,0.05517455896514282
1935,-576460702338,0.8731186165330563,3.4794271692051155,-0.05002983660695227,0.0473771362418164
1936,-576460702332,0.8722208872827844,3.4802802513094138,-0.04959609284283227,0.0472940550020364
1937,-576460702315,0.8713828546347497,3.4810820259807724,-0.04918774024901227,0.0472158373017064
1938,-576460702296,0.8705014229933256,3.4819311171009635,-0.04875455003647227,0.0471328620916964
1939,-576460702279,0.8696702338744017,3.4827297491542644,-0.04898640938543227,0.0467796559352164
1940,-576460702261,0.9007695917200693,3.4695327388700306,-0.04038777393884387,0.03920673116003915
1941,-576460702245,0.9000819639310954,3.470195358819192,-0.04061921068433387,0.03885416878241915
1942,-576460702226,0.8993485279656235,3.4708914465542375,-0.04086462060907387,0.03848032016829915
1943,-576460702207,0.8986563559905442,3.4715361258885538,-0.04056737645907387,0.03736430739829915
1944,-576460702191,0.8791161984504124,3.4598278760491734,-0.04498389015605393,0.030491096339412216
1945,-576460702173,0.8783083829409767,3.4603666963217385,-0.04466879387210393,0.029308057155402214
1946,-576460702156,0.8775086852614874,3.4608826500698875,-0.04435465926040393,0.028128628600942212
1947,-576460702139,0.8767589950362058,3.461373232076763,-0.04381307274966393,0.029566538619542213
1948,-576460702121,0.9025424270887114,3.4502328974146543,-0.03591346913604229,0.025048330528222362
1949,-576460702104,0.9018791330432053,3.4507140346635,-0.03532038636587229,0.026622962909522364
1950,-576460702082,0.9012447727627624,3.451209985742406,-0.034743704692552294,0.028154050444322364
1951,-576460702066,0.9006122727434247,3.4516995144937193,-0.035421032046882295,0.026150542302192364
1952,-576460702049,0.8999744913817533,3.452148283717887,-0.0360911461973723,0.024168370538302366
1953,-576460702037,0.8789010966964629,3.438331492661842,-0.041393823042341085,0.01782713832202833
1954,-576460702031,0.8781497955306089,3.4386344260625568,-0.04207017360865108,0.01582651948111833
1955,-576460702011,0.8773424403178349,3.4389154692059885,-0.04278506973298108,0.01371188436898833
1956,-576460701993,0.8765774165041499,3.4391716201242426,-0.04187423571548108,0.01463436896520833
1957,-576460701976,0.8758379902853504,3.4394409751973973,-0.04097464034048108,0.015545471164208331
1958,-576460701958,0.8990115747786367,3.4291593613480007,-0.03344428963169009,0.011032709787311948
1959,-576460701940,0.8984428183588868,3.429339536990582,-0.03352338018461009,0.010181895485411948
1960,-576460701923,0.8978375677753913,3.429514993610679,-0.03360734114365009,0.009278687932611948
1961,-576460701905,0.8972320834740003,3.429673845287765,-0.03369112516633009,0.008377383767511948
1962,-576460701885,0.8829930321219829,3.42082977271139,-0.03720272546935883,0.003306500612399955
1963,-576460701867,0.8822865988916602,3.420888310558736,-0.037154753644658825,0.0028550537632899553
1964,-576460701850,0.8816928542530413,3.4209309230274436,-0.037114386216358826,0.0024751693534999556
1965,-576460701833,0.8810249818889426,3.4209716393845913,-0.037068926468158826,0.002047362818839956
1966,-576460701815,0.9026871166386705,3.4111337294061683,-0.030844335762863634,-0.0034335290146733886
1967,-576460701797,0.9021307256822382,3.4110777536776657,-0.030472719166863633,-0.002735275096233388
1968,-576460701779,0.9015852630748654,3.4110347333789117,-0.030103948873863633,-0.0020423692764633874
1969,-576460701761,0.9010510805887221,3.4110044026055353,-0.029738372992863634,-0.0013554656393733868
1970,-576460701743,0.9005184610184921,3.4109862226852634,-0.029369336498863634,-6.620596377133862e-4
1971,-576460701731,0.884444546598134,3.400403872147559,-0.0334214755076379,-0.0054997932184750785
1972,-576460701726,0.8838411728594096,3.4002994288325104,-0.033709559063397905,-0.006120513306715079
1973,-576460701707,0.8832276907040335,3.4001828496113116,-0.03399996639060791,-0.0067462403160050794
1974,-576460701690,0.8826160781285398,3.400056464213218,-0.03428704030773791,-0.00736478498337508
1975,-576460701672,0.8819973178723878,3.3999185357332973,-0.03457504373344791,-0.00798533241916508
1976,-576460701659,0.9046476229763806,3.389903999119995,-0.028286140688577866,-0.013143856226431718
1977,-576460701654,0.9041405512652169,3.3896666898257983,-0.027992628585977865,-0.013194578201631718
1978,-576460701636,0.9036398766198318,3.3894289963313637,-0.027699768008577867,-0.01324518758643172
1979,-576460701618,0.9031440016925557,3.3891901668512348,-0.02740663053296787,-0.01329584482215172
1980,-576460701600,0.9026484188417299,3.3889436038691167,-0.027469114215767868,-0.01400600238389172
1981,-576460701585,0.8915664812104273,3.381661194012938,-0.030267906270298833,-0.017331045014783802
1982,-576460701579,0.8909620694030681,3.3813076878409394,-0.03033690746269883,-0.0181152772552038
1983,-576460701563,0.8904469059408875,3.380994704114531,-0.03039559618369883,-0.0187823032232538
1984,-576460701544,0.8898992552446445,3.3806502726677756,-0.03045786192429883,-0.0194899837654838
1985,-576460701528,0.8893854612983927,3.380321620641747,-0.02996715821585883,-0.0191613188370238
1986,-576460701509,0.9066968786816575,3.3719826897974063,-0.024482720045714335,-0.022933774161075247
1987,-576460701490,0.906260984005749,3.3715731256706625,-0.023963478999414336,-0.022585995413125247
1988,-576460701474,0.9058328858156093,3.371168352142281,-0.023442333540274335,-0.022236941122115248
1989,-576460701456,0.9054098951529136,3.370758807808249,-0.023719073829074334,-0.02342526581647525
1990,-576460701437,0.896045666120915,3.36442554457781,-0.026257973216840175,-0.027308722644562574
1991,-576460701421,0.8955968656459538,3.363951524668081,-0.026520350410040174,-0.028435372108102576
1992,-576460701404,0.8951432815282258,3.3634579890818967,-0.026782912734440174,-0.029562816526282575
1993,-576460701387,0.8946633070263209,3.362929853435389,-0.026467711540790174,-0.029031031203022577
1994,-576460701366,0.9087458762991147,3.355835259913508,-0.0220730073168826,-0.031847120648944155
1995,-576460701350,0.9083736408210237,3.355298811133911,-0.0217761478357826,-0.03134628017530416
1996,-576460701332,0.9079837945045819,3.354738340101764,-0.0214608417324326,-0.030814317855764158
1997,-576460701313,0.9075996229965827,3.354174213556915,-0.0212106575454926,-0.031845522736184156
1998,-576460701293,0.9072032342713469,3.3535652652734456,-0.0209493855555326,-0.032922429132464154
1999,-576460701283,0.8996949586801657,3.34861416510569,-0.022854216867291874,-0.03517808007554231
2000,-576460701276,0.8992790530743723,3.3479608166534365,-0.022599947700291875,-0.03622612235654231
2001,-576460701259,0.8988974870601405,3.34734915737364,-0.022708609472641875,-0.03640455861441231
2002,-576460701241,0.8984867739601489,3.346690695257436,-0.022824993630641874,-0.036595675998012306
2003,-576460701224,0.8980741218794335,3.3460290428909256,-0.022941332628491875,-0.03678671922298231
2004,-576460701205,0.9105937499053751,3.3395008501394194,-0.019446628833836643,-0.04000003039915474
2005,-576460701185,0.9102310873525414,3.3387445804604994,-0.018762563900056643,-0.03967859562624474
2006,-576460701168,0.9098977318697917,3.3380299196252476,-0.018111003131596644,-0.03937243421187474
2007,-576460701151,0.9095789162989871,3.337326967176986,-0.017465135997416645,-0.039068948175164736
2008,-576460701133,0.9092704488942184,3.336626624275342,-0.016816638260056645,-0.038764226046244736
2009,-576460701114,0.9089671595990002,3.3359216876218456,-0.016889662608816646,-0.03957947849876474
2010,-576460701096,0.9086625222322198,3.335201998895662,-0.016962695073196647,-0.04039482155502474
2011,-576460701078,0.9083558038152977,3.3344657811218754,-0.017035910139026646,-0.04121220319543474
2012,-576460701060,0.917312471610701,3.329177935669456,-0.014509805515105226,-0.044351625197030696
2013,-576460701043,0.9170668476922362,3.3284266114217145,-0.014365045300705226,-0.043971921237050696
2014,-576460701027,0.9168237576808309,3.3276819650388094,-0.014220327630305226,-0.0435923288693707
2015,-576460701008,0.9165691842762589,3.3269009619002885,-0.014067177739105225,-0.0431906189078307
2016,-576460700990,0.916315503013239,3.3261214556259415,-0.013912887668705225,-0.0427859182726507
2017,-576460700978,0.9068298930203628,3.319878176975586,-0.01632417926159573,-0.04560539334313215
2018,-576460700973,0.9065397121853856,3.3190577540969777,-0.016139974117285728,-0.04617990381058215
2019,-576460700954,0.9062481338350149,3.3182133135080547,-0.01595273958815573,-0.04676386251193215
2020,-576460700937,0.9059656970497358,3.317375494283489,-0.01576925572594573,-0.047336123399882156
2021,-576460700919,0.905681714009429,3.3165218348519936,-0.01576689533534573,-0.047462258776182153
2022,-576460700906,0.9099728656464657,3.3144584378651585,-0.014560926619214883,-0.04851925803116106
2023,-576460700900,0.909694164400372,3.313528399106307,-0.014558417868694882,-0.048653321516621065
2024,-576460700883,0.9094458023074372,3.3126973054875823,-0.014556181854034882,-0.04877281044805106
2025,-576460700864,0.9091722129106589,3.31177928568307,-0.014553718319214882,-0.04890445768116106
2026,-576460700845,0.9089104522228848,3.310891025992404,-0.014572874289454881,-0.04993382991934106
2027,-576460700827,0.9048820786161009,3.307475441445113,-0.01554836924819713,-0.05209055169494377
2028,-576460700810,0.9046021287218118,3.306528852490711,-0.01556754653363713,-0.05312106933452377
2029,-576460700791,0.9043216155372105,3.305562962274072,-0.01558673873971713,-0.05415238875508377
2030,-576460700773,0.9040624832291442,3.304644493930097,-0.01490300217877713,-0.05391542439652377
2031,-576460700756,0.9048154724361227,3.3031901929064245,-0.013892213999795289,-0.05391249714381756
2032,-576460700739,0.904571784110523,3.302221436078113,-0.013167729989965288,-0.05366141083589756
2033,-576460700721,0.9043413311196392,3.3012580027217298,-0.012443849348085288,-0.05341053363877756
2034,-576460700703,0.9041152512659143,3.300288657835495,-0.012667763861385288,-0.05425856402137756
2035,-576460700683,0.9067322034346765,3.30115735135921,-0.012177656651019081,-0.05430067879782433
2036,-576460700665,0.9065111274715679,3.3001729160404927,-0.012401359759969081,-0.055147908529724336
2037,-576460700648,0.906299125429186,3.299237613479013,-0.012612154768019081,-0.055205765174394336
2038,-576460700632,0.9061012944091362,3.2983537185693197,-0.012112086942879081,-0.055260386133904334
2039,-576460700614,0.9115696202413855,3.2946637713392786,-0.009946234713150032,-0.056701507710011735
2040,-576460700597,0.9114051908708712,3.293700203897733,-0.009415480978850031,-0.05675948040246173
2041,-576460700579,0.9112388963143255,3.2926793048014167,-0.009057586844490031,-0.05664855073690173
2042,-576460700562,0.9110789756868692,3.2916599505820274,-0.008699533681410031,-0.056537571780221736
2043,-576460700545,0.9109340396875106,3.290700266511208,-0.008361796437310031,-0.05643288976412174
2044,-576460700532,0.9084623701178195,3.2890628226920704,-0.008990953423890134,-0.057163017133996234
2045,-576460700527,0.9083036410586448,3.2880341448519013,-0.008632880382220135,-0.057052032015926235
2046,-576460700511,0.9081672155870293,3.2871154073129394,-0.008439510008900135,-0.05791950333156624
2047,-576460700492,0.9080169602915078,3.286061884005793,-0.008221275656280135,-0.05889851597830624
2048,-576460700475,0.9078700090864973,3.2849859717534016,-0.008002085462120135,-0.05988181658862624
2049,-576460700455,0.9110764343953126,3.28224654940958,-0.0068233275890937995,-0.06172888852945675
2050,-576460700437,0.9109609080735186,3.281144857362944,-0.006115723964253799,-0.06166160781770675
2051,-576460700419,0.9108573147088499,3.280036359517292,-0.005402968943813799,-0.06159383729845675
2052,-576460700402,0.9107664900787781,3.2789284038734627,-0.004689778036053799,-0.06152602533395675
2053,-576460700382,0.9110877799264617,3.2780280507536075,-0.00383350412011159,-0.06133472323073981
2054,-576460700364,0.9110156031707506,3.276917330572542,-0.00418658096364159,-0.062085486899329814
2055,-576460700347,0.9109370986225264,3.275793474412958,-0.00453954010835159,-0.06283600029945982
2056,-576460700329,0.9108518762877961,3.2746513451599246,-0.00489397048831159,-0.06358964205533982
2057,-576460700310,0.9126981685108356,3.2725900665053684,-0.0046976900971797,-0.06480617967939102
2058,-576460700292,0.9126154265348516,3.271413101755687,-0.0044239035511597,-0.06494409588907102
2059,-576460700274,0.9125382784341017,3.270243462227289,-0.0041523957929497,-0.06508086419071102
2060,-576460700257,0.9124664148409491,3.2690780794761984,-0.0038824424396697007,-0.06521684948223101
2061,-576460700238,0.9139718103661554,3.2689489919654986,-0.003391508721049034,-0.06537079407723928
2062,-576460700221,0.913911503830331,3.2677656018579095,-0.003302894989269034,-0.06599292991556928
2063,-576460700202,0.9138528549203438,3.2665722684089378,-0.0032143747059490343,-0.06661440967458927
2064,-576460700184,0.9137953710025161,3.265358537926359,-0.0031251806100490347,-0.06724062011073928
2065,-576460700166,0.9137409196102997,3.264146531993125,-0.0029179237921990345,-0.06726977700747928
2066,-576460700148,0.9154451315436519,3.262115422884495,-0.0022154204266655974,-0.06772434252161996
2067,-576460700130,0.9154070970301957,3.260895445078091,-0.0020082901181655973,-0.06775348162101996
2068,-576460700112,0.9153728199522867,3.259675959215635,-0.0018013323224155971,-0.06778259645131997
2069,-576460700094,0.915341573832435,3.25844884109715,-0.0016696874344955973,-0.06853356867695996
2070,-576460700074,0.9175398368076921,3.2586197214621433,-9.580536270791328e-4,-0.06866856248345425
2071,-576460700056,0.9175247374660032,3.2574572203791705,-8.348979479391328e-4,-0.06937110776208426
2072,-576460700040,0.9175107554389709,3.2561879683647548,-7.018418478791329e-4,-0.07013013028985426
2073,-576460700023,0.9175015072695206,3.255009464455652,-3.9762548259913305e-4,-0.06997614196873427
2074,-576460700005,0.916093109103358,3.254415832262155,-4.7110187900467284e-4,-0.06947192438440693
2075,-576460699989,0.9160877124351519,3.2532357163219694,-1.6357625884467298e-4,-0.06931626098376693
2076,-576460699972,0.9160875452597795,3.2520583859147885,1.4391319459532685e-4,-0.06916061589000694
2077,-576460699953,0.9160922091208488,3.250807850365855,3.7302995207532725e-4,-0.06944895504032694
2078,-576460699934,0.9186166701461755,3.2511603027851135,0.0012622284707736989,-0.06900608527438745
2079,-576460699918,0.9186398136212832,3.2499918872276288,0.0014768063961036993,-0.06927612757660745
2080,-576460699900,0.9186669112784236,3.2487376425134222,0.0015330411147636996,-0.07003795819552745
2081,-576460699882,0.918693657462209,3.2475304816858768,0.0015865930819336997,-0.07076344467906745
2082,-576460699864,0.9187227171530906,3.2462501000656876,0.0016427996926037,-0.07152489450960745
2083,-576460699852,0.9114431347631563,3.2496694191366227,-4.255954629774888e-4,-0.069770104286891
2084,-576460699847,0.9114359552472272,3.2484019773510244,-3.6917023460748854e-4,-0.070534515804831
2085,-576460699830,0.9114295183396154,3.2472196403808633,-3.971282906074884e-4,-0.070219885404831
2086,-576460699812,0.9114225322164188,3.246029517246186,-4.253975463974883e-4,-0.069901752868831
2087,-576460699794,0.911414606831094,3.244774528324578,-4.5534761388748814e-4,-0.06956470505283101
2088,-576460699776,0.9200488741742683,3.249344350246667,0.0017458780365390246,-0.0666255648002457
2089,-576460699759,0.9200822935206425,3.248145972899734,0.0019941864673290242,-0.0674886254445657
2090,-576460699741,0.9201208282540592,3.246911527384529,0.002246691034099024,-0.0683662708527257
2091,-576460699723,0.9201631153020962,3.2456843264213755,0.0024945409467190234,-0.0692277377976857
2092,-576460699705,0.917552126679047,3.2457544789542476,0.00197507084189774,-0.06940517661412221
2093,-576460699689,0.9175871595632631,3.244575571284955,0.00215008479144774,-0.0694123293373222
2094,-576460699671,0.9176276074213716,3.243323790278201,0.0023358973644377395,-0.06941992339428221
2095,-576460699652,0.9176712850074021,3.2420752048481694,0.0025212153439877396,-0.06942749723748222
2096,-576460699633,0.9177183604970622,3.240824816760741,0.0027067806202577395,-0.06943508118756223
2097,-576460699622,0.9252548785147948,3.245881442857918,0.00466020065324859,-0.0671776101225568
2098,-576460699616,0.9253386445497391,3.244668908500895,0.004651792559398591,-0.06761582626487679
2099,-576460699598,0.9254269628233406,3.2433795389548306,0.004642911039998592,-0.06807871657495679
2100,-576460699579,0.9255103668212923,3.2421515464764084,0.004634508086998592,-0.06851666478455679
2101,-576460699563,0.9255890905532592,3.2409831745826763,0.0046265626696485925,-0.06893076698207679
2102,-576460699551,0.9216464809356874,3.242849926085109,0.003503144055649011,-0.0679723781201295
2103,-576460699544,0.9217140661255598,3.241624471509061,0.004001318510689012,-0.0680985275036895
2104,-576460699528,0.9217815874420039,3.2405346124993484,0.0044435963094090125,-0.0682105225510195
2105,-576460699510,0.9218660428757909,3.2393058251785316,0.004941383553569013,-0.06833657388375951
2106,-576460699493,0.9219481754180291,3.2381380130996895,0.004709346983799013,-0.0688835752076095
2107,-576460699475,0.9275652205107049,3.2406201992510004,0.005904429890829387,-0.06779495702331276
2108,-576460699448,0.9276692465319857,3.239395230841215,0.005659156289789387,-0.06837316322851275
2109,-576460699421,0.9277657823062044,3.2381990185391647,0.005421625874909387,-0.06893311570291275
2110,-576460699420,0.9278634816424213,3.236982719978133,0.005676787872309387,-0.06923552692251274
2111,-576460699404,0.9279679938610079,3.2357339065183677,0.005937616593609387,-0.06954465419271273
2112,-576460699385,0.9237848293307567,3.2364717501016,0.004986374863604759,-0.06881383101803
2113,-576460699367,0.923876968659186,3.2352298346725856,0.005247348513904759,-0.06912313005423
2114,-576460699349,0.9239717875915722,3.233982810042722,0.005292772916304759,-0.06949677099775001
2115,-576460699332,0.9240675679320542,3.2327271763563106,0.0053382654856047596,-0.06987097265189
2116,-576460699313,0.9291290542428875,3.2348221927129073,0.006680664733611441,-0.06874192583010522
2117,-576460699293,0.9292563012804181,3.2335137995297254,0.006728581014911441,-0.06913606386184522
2118,-576460699278,0.929370213625003,3.232335592732723,0.006679969933821441,-0.06954992248416522
2119,-576460699260,0.9294899896034319,3.2310797482097677,0.006628472113821441,-0.06998835784416522
2120,-576460699240,0.9296088057361934,3.229816363983994,0.006576988598771441,-0.07042667141656522
2121,-576460699229,0.9247002954074426,3.2321639999210188,0.005175800920949773,-0.06922372709637382
2122,-576460699224,0.9247933140449331,3.2309097078141567,0.005124125719569773,-0.06966367262261382
2123,-576460699207,0.924882700506786,3.229728138986408,0.005430421671249773,-0.06985325118761382
2124,-576460699189,0.9249835387740974,3.22846700574359,0.005756428485329773,-0.07005502957761382
2125,-576460699170,0.9250900900730914,3.2272041317696925,0.006081947048689773,-0.07025650577011382
2126,-576460699152,0.9325205654617568,3.23090000224106,0.007906034981690162,-0.06877044826636194
2127,-576460699134,0.9326626789847667,3.2296496348407087,0.007811010252770163,-0.06951393575836194
2128,-576460699117,0.932801137202689,3.2284034555307075,0.007717304435980163,-0.07024710388736194
2129,-576460699099,0.9329391593188054,3.2271327022899103,0.007622747369130163,-0.07098693232236195
2130,-576460699080,0.9274986968390792,3.2285407815485603,0.00620343525827203,-0.06956648548314463
2131,-576460699063,0.927612071305518,3.227287471856554,0.00637834994191203,-0.06952015218268463
2132,-576460699044,0.9277291354847151,3.226029300338783,0.00655406048639203,-0.06947360806596463
2133,-576460699026,0.9278489971464274,3.224775928802523,0.006729217810532031,-0.06942721049225463
2134,-576460699008,0.9319790177401467,3.226246303025819,0.007935401846154565,-0.06901643449644454
2135,-576460698991,0.9321232819304921,3.2249962493099185,0.008088611298954565,-0.06983213996766455
2136,-576460698973,0.9322703130520696,3.223731437353435,0.008241829260554565,-0.07064789074075455
2137,-576460698955,0.9324205733054679,3.222447934137823,0.008395523714954565,-0.07146617841856455
2138,-576460698937,0.9325744624021993,3.221155722431877,0.008646458204354564,-0.07163589311476455
2139,-576460698923,0.9301548862879444,3.2223150775686125,0.007954907696608305,-0.07104274361439684
2140,-576460698914,0.9303075102352998,3.2209724718207555,0.008217166195358304,-0.07122011708564685
2141,-576460698899,0.9304592114069136,3.21967599435307,0.008469795812538303,-0.07139097824878685
2142,-576460698882,0.9306033603293145,3.2184761583613004,0.008703056510658303,-0.07154873961754685
2143,-576460698865,0.9307622440079463,3.217175366685078,0.008857031755458303,-0.07221691867402684
2144,-576460698846,0.9363359144921238,3.2195533942569527,0.010438561439118612,-0.07122579715345566
2145,-576460698828,0.9365145783917838,3.2183373638755,0.010583194021518612,-0.07185343351519566
2146,-576460698812,0.9367063338736746,3.2170404847231575,0.010693419780518612,-0.07204439198744565
2147,-576460698793,0.9369016427677603,3.2157296893071656,0.010804532237718613,-0.07223688660274566
2148,-576460698775,0.9280887946221743,3.218784189944543,0.008337136800441142,-0.07020569958501803
2149,-576460698757,0.9282398875293898,3.2175184895237754,0.008447234141081143,-0.07039643558137804
2150,-576460698739,0.9283934561678827,3.216248702527246,0.008611209457131144,-0.07065182840412804
2151,-576460698722,0.9285501614628295,3.214972828128169,0.008775376024591143,-0.07090751910242804
2152,-576460698703,0.9287130180213792,3.213666938478763,0.008942793866021143,-0.07116827368507804
2153,-576460698690,0.9366661003246434,3.219073710545606,0.011049072680992119,-0.06873574885781122
2154,-576460698685,0.9368729192011156,3.2177944279592627,0.011218248213952118,-0.06899924105861123
2155,-576460698668,0.9370659372048289,3.2166181184464233,0.011515160149902118,-0.06954495690846123
2156,-576460698649,0.9372760308195467,3.215361173175775,0.011829871764952118,-0.07012338807161123
2157,-576460698633,0.9374796894690928,3.2141642904642396,0.012127150884852118,-0.07066977879531122
2158,-576460698621,0.9315272755872053,3.217028933551331,0.010423527993401144,-0.06920610394595025
2159,-576460698614,0.9317289304091425,3.2157052845450163,0.010756476411301145,-0.06981805384365025
2160,-576460698597,0.9319133475736255,3.214518856162491,0.010992113067211144,-0.07009920336786025
2161,-576460698578,0.9321021875646774,3.2133249852998054,0.011228277713741144,-0.07038098286329025
2162,-576460698562,0.9322951562913449,3.2121256184025837,0.011464581305171143,-0.07066292814062025
2163,-576460698544,0.9395494298531831,3.215648445737611,0.013586802279132395,-0.0687995851920839
2164,-576460698528,0.9397818525869429,3.2144619052565955,0.013568558599452395,-0.0698311521622439
2165,-576460698509,0.9400242474074361,3.213203904250432,0.013549506007932395,-0.07090845808148391
2166,-576460698492,0.9402545838524553,3.2119889613210053,0.013531376364572396,-0.0719335770048039
2167,-576460698474,0.932138219487508,3.214737873176999,0.011117541972002732,-0.06989787072002523
2168,-576460698456,0.9323399592838885,3.21347972910572,0.011302973295882732,-0.06992698716826523
2169,-576460698438,0.9325466330901577,3.212211337140806,0.011489836879932732,-0.06995632851016523
2170,-576460698418,0.9327554813463996,3.210949691571571,0.011675628844862732,-0.06998550158630523
2171,-576460698402,0.9329642700930089,3.2096955670368184,0.011720689690462733,-0.07054839966342523
2172,-576460698390,0.9411895611126083,3.2152858348839666,0.013912941696419852,-0.06802650821109106
2173,-576460698385,0.9414403472310189,3.214056522885435,0.013958376197619853,-0.06859407397733105
2174,-576460698366,0.9416920350116227,3.2128165820029686,0.014003825847019853,-0.06916182897421105
2175,-576460698348,0.9419460302142014,3.211559028881964,0.014049543114619853,-0.06973292704573106
2176,-576460698330,0.9421979939530122,3.210310363657146,0.014137473197139852,-0.06995442330869106
2177,-576460698313,0.9331552443045873,3.21357817801717,0.011561307274489327,-0.06786772254339686
2178,-576460698294,0.9333636087192916,3.212357684102035,0.011649611150849327,-0.06809016039467686
2179,-576460698275,0.9335744036844223,3.2111282779985313,0.011738269147689327,-0.06831349027699686
2180,-576460698258,0.9337859692692423,3.2098963491626007,0.011772936588819326,-0.06859030879288686
2181,-576460698239,0.9417839170286049,3.2139000283525876,0.01388787768968966,-0.06648401044123053
2182,-576460698221,0.9420342387311049,3.2127006908609244,0.013922554762269659,-0.06676090586397053
2183,-576460698203,0.9422853382199323,3.2114956312811165,0.013957253024039658,-0.06703797048178053
2184,-576460698185,0.9425390873568897,3.2102871633084,0.014271597455139659,-0.06740056247148053
2185,-576460698167,0.9378031627265746,3.2115591727357855,0.013140970894901705,-0.06650988529581311
2186,-576460698150,0.938044255237419,3.2103501675800517,0.013457938068501705,-0.06687550258301311
2187,-576460698133,0.9382750062819599,3.209207496050932,0.013633467219551705,-0.06728023902186311
2188,-576460698116,0.938505889224099,3.20807194011747,0.013806863436391705,-0.06768005732494312
2189,-576460698097,0.9505110150919202,3.2148224246262,0.01714409237383684,-0.06450225017231284
2190,-576460698080,0.9508214859630301,3.213656755986598,0.01732968856219684,-0.06493019926163283
2191,-576460698062,0.9511343586938128,3.2124852316885284,0.01743974309671684,-0.06526086570137284
2192,-576460698044,0.95145137074742,3.211299688489104,0.01755054979591684,-0.06559379207177284
2193,-576460698026,0.9446961778499612,3.2135735138489885,0.01563154848716994,-0.06416322635210997
2194,-576460698008,0.9449922181565835,3.2123595471024298,0.01574693544120994,-0.06450991441408997
2195,-576460697990,0.9452770500822053,3.2111980262617488,0.01599628595874994,-0.06493629540214997
2196,-576460697971,0.9455675590673572,3.2100240166847507,0.01624666466854994,-0.06536443456434997
2197,-576460697953,0.945862431404032,3.2088428841722507,0.01649691832793994,-0.06579235989455996
2198,-576460697936,0.9530997373237579,3.2124418263170207,0.018602456116591604,-0.06405856372565916
2199,-576460697919,0.9534160658712981,3.2113456577615636,0.018614856377121604,-0.06491002918650916
2200,-576460697902,0.9537521456044349,3.2101660037777773,0.018628021851681605,-0.06581403816570916
2201,-576460697884,0.9540679394429423,3.2090434604507823,0.018640384179771607,-0.06666289899075917
2202,-576460697866,0.9457045070151683,3.212099149750062,0.01615407164747977,-0.0653991268222916
2203,-576460697849,0.9459793869877645,3.210996150252253,0.01640885823420977,-0.0652647952068316
2204,-576460697832,0.9462578686625326,3.2098981541615967,0.016663010985919772,-0.0651307977694116
2205,-576460697814,0.9465607387638274,3.2087252041377536,0.01693509221390977,-0.0649873478674316
2206,-576460697796,0.946867825942717,3.2075574341344772,0.01720656978949977,-0.0648442162302516
2207,-576460697783,0.9548756759667535,3.212973697839697,0.019364412992572858,-0.062389080578746425
2208,-576460697777,0.9552469362776991,3.21177410786903,0.01949270260170286,-0.06316327387905643
2209,-576460697760,0.9555768511370788,3.210702395194071,0.019606000809022858,-0.06384699809989643
2210,-576460697742,0.9559308467499813,3.2095465858646928,0.019726845069022857,-0.06457626071989643
2211,-576460697725,0.9562668756131386,3.208446848847177,0.019840875055472856,-0.06491882524014643
2212,-576460697707,0.9465148754973887,3.2122791665278108,0.017229192529942563,-0.06273780996491596
2213,-576460697689,0.9468274819392375,3.2111471865339367,0.017522232276772562,-0.06310066414706596
2214,-576460697671,0.9471455386127061,3.2100080437942795,0.01781543490490256,-0.06346372001571596
2215,-576460697650,0.9474682744886458,3.2088609978833373,0.01799039811664256,-0.06379493765805595
2216,-576460697635,0.9557725262376674,3.2131306581480303,0.020319927818558077,-0.06166559068453515
2217,-576460697617,0.956119285533057,3.212079936058812,0.020484884536078076,-0.06197786533085515
2218,-576460697599,0.9564902055570849,3.210959488722942,0.020659876864678076,-0.062309138093455146
2219,-576460697582,0.9568637877710932,3.2098346469474177,0.020823906823988075,-0.06259694991103515
2220,-576460697564,0.947926747934219,3.2133039082184314,0.018311361101311714,-0.06054806635929042
2221,-576460697546,0.9482569225237426,3.212214435229838,0.018474844628021715,-0.06083491939007042
2222,-576460697528,0.948591541540511,3.211114862026501,0.018639065838741715,-0.06112306678303042
2223,-576460697511,0.9489288804297374,3.210011198348641,0.018813902877421716,-0.06141092653995042
2224,-576460697491,0.9492691979351126,3.208902904453549,0.018988652565521714,-0.06169864247885042
2225,-576460697479,0.9575785686034252,3.2145312728278452,0.021237442930703523,-0.05914175799094885
2226,-576460697473,0.957984753032029,3.21340213890988,0.021422267052363525,-0.05944606094148885
2227,-576460697456,0.9583484775653176,3.2123943824602508,0.021586427909043526,-0.05971634294040885
2228,-576460697440,0.9587150768010287,3.2113759781292175,0.021547968574203526,-0.060110028519008846
2229,-576460697420,0.9591287033265589,3.2102166882781136,0.021504493099503526,-0.06055506136950885
2230,-576460697408,0.9505501007089661,3.2144529854892805,0.01903778722921081,-0.05840286759688494
2231,-576460697402,0.950888595886208,3.2134098041430783,0.01899751556779081,-0.05881510489618494
2232,-576460697385,0.9512314284632163,3.2123488063638863,0.019118285978520812,-0.05914562434856494
2233,-576460697366,0.9515958876961931,3.2112217230989533,0.01924584380852081,-0.05949471932856494
2234,-576460697348,0.9519239597119586,3.2102078971393007,0.019359947644240812,-0.05980699397488494
2235,-576460697337,0.961087182624695,3.216397199066647,0.021844929911131936,-0.056991472704153036
2236,-576460697331,0.9614601972781537,3.2154239126442117,0.021959268721801938,-0.05730439042017303
2237,-576460697314,0.9618340049433528,3.214447606232442,0.02210363753140194,-0.05777858379683303
2238,-576460697294,0.9622333823854468,3.213402714460951,0.02225684698420194,-0.05828181512471303
2239,-576460697278,0.9626382974293617,3.2123414719455465,0.022411111528201938,-0.05878851200211303
2240,-576460697260,0.9549692638190314,3.2153015392625734,0.020241073909987067,-0.05724913779715872
2241,-576460697242,0.9553317102832519,3.214277780531269,0.020339619615237066,-0.05737424363984872
2242,-576460697224,0.9556986967109079,3.213243967057997,0.020438915598487067,-0.05750030197621872
2243,-576460697207,0.9560470170445831,3.2122652770417437,0.020532716898737067,-0.05761938469710872
2244,-576460697189,0.9631187419027247,3.2157549390983116,0.022452929911157233,-0.055682976242807276
2245,-576460697171,0.9635237206979562,3.214746348309004,0.022552214860907232,-0.056401347734267276
2246,-576460697153,0.9639310979169341,3.213723286740996,0.022651648762907234,-0.057120796962587275
2247,-576460697135,0.9643391525361339,3.212690091944241,0.022750812344157233,-0.05783829029808728
2248,-576460697118,0.9602566376852618,3.213923395747012,0.021557815684270766,-0.0573888406786996
